/*******************************************************************************
 * Size: 24 px
 * Bpp: 8
 * Opts: --size 24 --bpp 8 --format lvgl --font /Users/garrett/Documents/GWatch-Paris/components/fonts/files/ProductSans-Bold.ttf --output /Users/garrett/Documents/GWatch-Paris/components/fonts/generated/ProductSansBold_24.c --no-compress --range 0x20-0x7F,0xA0-0x17F --symbols ’—
 ******************************************************************************/

#ifdef LV_LVGL_H_INCLUDE_SIMPLE
#include "lvgl.h"
#else
#include "lvgl/lvgl.h"
#endif

#ifndef PRODUCTSANSBOLD_24
#define PRODUCTSANSBOLD_24 1
#endif

#if PRODUCTSANSBOLD_24

/*-----------------
 *    BITMAPS
 *----------------*/

/*Store the image of the glyphs*/
static LV_ATTRIBUTE_LARGE_CONST const uint8_t glyph_bitmap[] = {
    /* U+0020 " " */

    /* U+0021 "!" */
    0x64, 0xff, 0xff, 0xd8, 0x0, 0x64, 0xff, 0xff,
    0xd8, 0x0, 0x64, 0xff, 0xff, 0xd8, 0x0, 0x64,
    0xff, 0xff, 0xd8, 0x0, 0x63, 0xff, 0xff, 0xd7,
    0x0, 0x5c, 0xff, 0xff, 0xcf, 0x0, 0x4f, 0xff,
    0xff, 0xc2, 0x0, 0x41, 0xff, 0xff, 0xb4, 0x0,
    0x34, 0xff, 0xff, 0xa7, 0x0, 0x26, 0xff, 0xff,
    0x99, 0x0, 0x19, 0xff, 0xff, 0x8c, 0x0, 0x2,
    0x28, 0x28, 0x14, 0x0, 0x0, 0x2, 0xd, 0x0,
    0x0, 0x3b, 0xea, 0xff, 0x9d, 0x0, 0xc1, 0xff,
    0xff, 0xff, 0x35, 0xb8, 0xff, 0xff, 0xff, 0x2d,
    0x2b, 0xd1, 0xf0, 0x81, 0x0,

    /* U+0022 "\"" */
    0xf0, 0xff, 0xe8, 0x0, 0xd0, 0xff, 0xff, 0xc,
    0xf0, 0xff, 0xe8, 0x0, 0xd0, 0xff, 0xff, 0xc,
    0xf0, 0xff, 0xe8, 0x0, 0xd0, 0xff, 0xff, 0xc,
    0xf0, 0xff, 0xe8, 0x0, 0xd0, 0xff, 0xff, 0xc,
    0xf0, 0xff, 0xe8, 0x0, 0xd0, 0xff, 0xff, 0xc,
    0x56, 0x5c, 0x53, 0x0, 0x4a, 0x5c, 0x5c, 0x4,

    /* U+0023 "#" */
    0x0, 0x0, 0x0, 0x0, 0x4, 0xf9, 0xff, 0xa9,
    0x0, 0x0, 0xa6, 0xff, 0xfa, 0x4, 0x0, 0x0,
    0x0, 0x0, 0x0, 0x0, 0x29, 0xff, 0xff, 0x7e,
    0x0, 0x0, 0xd1, 0xff, 0xd5, 0x0, 0x0, 0x0,
    0x0, 0x0, 0x0, 0x0, 0x54, 0xff, 0xff, 0x53,
    0x0, 0x3, 0xf8, 0xff, 0xac, 0x0, 0x0, 0x0,
    0x0, 0x0, 0x0, 0x0, 0x7f, 0xff, 0xff, 0x29,
    0x0, 0x27, 0xff, 0xff, 0x84, 0x0, 0x0, 0x0,
    0x0, 0x6d, 0xff, 0xff, 0xff, 0xff, 0xff, 0xff,
    0xff, 0xff, 0xff, 0xff, 0xff, 0xff, 0xff, 0x1b,
    0x0, 0x96, 0xff, 0xff, 0xff, 0xff, 0xff, 0xff,
    0xff, 0xff, 0xff, 0xff, 0xff, 0xff, 0xf3, 0x0,
    0x0, 0x4b, 0x6c, 0x6c, 0xfc, 0xff, 0xcc, 0x6c,
    0x6c, 0xbf, 0xff, 0xff, 0x71, 0x6c, 0x5b, 0x0,
    0x0, 0x0, 0x0, 0x17, 0xff, 0xff, 0x86, 0x0,
    0x0, 0xb0, 0xff, 0xe9, 0x0, 0x0, 0x0, 0x0,
    0x0, 0x0, 0x0, 0x3a, 0xff, 0xff, 0x5c, 0x0,
    0x0, 0xd8, 0xff, 0xc3, 0x0, 0x0, 0x0, 0x0,
    0x22, 0xff, 0xff, 0xff, 0xff, 0xff, 0xff, 0xff,
    0xff, 0xff, 0xff, 0xff, 0xff, 0xff, 0x6a, 0x0,
    0x4c, 0xff, 0xff, 0xff, 0xff, 0xff, 0xff, 0xff,
    0xff, 0xff, 0xff, 0xff, 0xff, 0xff, 0x41, 0x0,
    0x2d, 0x6c, 0x6c, 0xd3, 0xff, 0xf5, 0x6c, 0x6c,
    0xa5, 0xff, 0xff, 0x95, 0x6c, 0x6c, 0xf, 0x0,
    0x0, 0x0, 0x0, 0xd3, 0xff, 0xcf, 0x0, 0x0,
    0x81, 0xff, 0xff, 0x29, 0x0, 0x0, 0x0, 0x0,
    0x0, 0x0, 0x2, 0xf7, 0xff, 0xa9, 0x0, 0x0,
    0xa6, 0xff, 0xfc, 0x5, 0x0, 0x0, 0x0, 0x0,
    0x0, 0x0, 0x21, 0xff, 0xff, 0x84, 0x0, 0x0,
    0xcc, 0xff, 0xda, 0x0, 0x0, 0x0, 0x0, 0x0,
    0x0, 0x0, 0x48, 0xff, 0xff, 0x5e, 0x0, 0x0,
    0xf1, 0xff, 0xb3, 0x0, 0x0, 0x0, 0x0, 0x0,

    /* U+0024 "$" */
    0x0, 0x0, 0x0, 0x0, 0x0, 0x36, 0xf8, 0xe4,
    0x0, 0x0, 0x0, 0x0, 0x0, 0x0, 0x0, 0x0,
    0x0, 0x0, 0x38, 0xff, 0xec, 0x0, 0x0, 0x0,
    0x0, 0x0, 0x0, 0x0, 0x0, 0x2a, 0x9f, 0xe1,
    0xff, 0xfd, 0xb2, 0x5d, 0x1, 0x0, 0x0, 0x0,
    0x0, 0x67, 0xf8, 0xff, 0xff, 0xff, 0xff, 0xff,
    0xff, 0xc0, 0xc, 0x0, 0x0, 0x35, 0xfd, 0xff,
    0xff, 0xfc, 0xff, 0xff, 0xff, 0xff, 0xff, 0xa5,
    0x0, 0x0, 0x99, 0xff, 0xff, 0xaf, 0x45, 0xff,
    0xed, 0x65, 0xfe, 0xfe, 0xb5, 0x5, 0x0, 0xb9,
    0xff, 0xff, 0x3f, 0x38, 0xff, 0xec, 0x0, 0x65,
    0x29, 0x0, 0x0, 0x0, 0x9d, 0xff, 0xff, 0x9d,
    0x3a, 0xff, 0xec, 0x0, 0x0, 0x0, 0x0, 0x0,
    0x0, 0x35, 0xfb, 0xff, 0xff, 0xe3, 0xff, 0xec,
    0x0, 0x0, 0x0, 0x0, 0x0, 0x0, 0x0, 0x71,
    0xfe, 0xff, 0xff, 0xff, 0xf9, 0x72, 0xc, 0x0,
    0x0, 0x0, 0x0, 0x0, 0x0, 0x47, 0xd9, 0xff,
    0xff, 0xff, 0xff, 0xec, 0x53, 0x0, 0x0, 0x0,
    0x0, 0x0, 0x0, 0x2, 0x70, 0xff, 0xff, 0xff,
    0xff, 0xff, 0x7b, 0x0, 0x0, 0x0, 0x0, 0x0,
    0x0, 0x38, 0xff, 0xf3, 0xb3, 0xff, 0xff, 0xfc,
    0x22, 0x0, 0xe, 0x69, 0x56, 0x0, 0x38, 0xff,
    0xec, 0x1, 0xc8, 0xff, 0xff, 0x63, 0x37, 0xf4,
    0xff, 0xde, 0xc, 0x38, 0xff, 0xec, 0x0, 0xae,
    0xff, 0xff, 0x6a, 0x6, 0xe7, 0xff, 0xff, 0xc5,
    0x62, 0xff, 0xed, 0x66, 0xfb, 0xff, 0xff, 0x3e,
    0x0, 0x5b, 0xff, 0xff, 0xff, 0xff, 0xff, 0xff,
    0xff, 0xff, 0xff, 0xd0, 0x2, 0x0, 0x0, 0x6e,
    0xf8, 0xff, 0xff, 0xff, 0xff, 0xff, 0xff, 0xd4,
    0x23, 0x0, 0x0, 0x0, 0x0, 0x24, 0x93, 0xdd,
    0xff, 0xfd, 0xbf, 0x70, 0x6, 0x0, 0x0, 0x0,
    0x0, 0x0, 0x0, 0x0, 0x38, 0xff, 0xec, 0x0,
    0x0, 0x0, 0x0, 0x0, 0x0, 0x0, 0x0, 0x0,
    0x0, 0x38, 0xff, 0xec, 0x0, 0x0, 0x0, 0x0,
    0x0,

    /* U+0025 "%" */
    0x0, 0x0, 0x2d, 0xb9, 0xf4, 0xf3, 0xb8, 0x2d,
    0x0, 0x0, 0x0, 0x0, 0x0, 0x8, 0xbe, 0x50,
    0x0, 0x0, 0x0, 0x0, 0x0, 0x3e, 0xf9, 0xff,
    0xff, 0xff, 0xff, 0xfa, 0x40, 0x0, 0x0, 0x0,
    0x0, 0x8c, 0xff, 0xfd, 0x26, 0x0, 0x0, 0x0,
    0x2, 0xdd, 0xff, 0xef, 0x72, 0x74, 0xf2, 0xff,
    0xde, 0x2, 0x0, 0x0, 0x3b, 0xfd, 0xff, 0x89,
    0x0, 0x0, 0x0, 0x0, 0x2d, 0xff, 0xff, 0x74,
    0x0, 0x0, 0x79, 0xff, 0xff, 0x2d, 0x0, 0xa,
    0xdb, 0xff, 0xd4, 0x7, 0x0, 0x0, 0x0, 0x0,
    0x2e, 0xff, 0xff, 0x73, 0x0, 0x0, 0x78, 0xff,
    0xff, 0x2d, 0x0, 0x94, 0xff, 0xfb, 0x33, 0x0,
    0x0, 0x0, 0x0, 0x0, 0x3, 0xe1, 0xff, 0xed,
    0x6d, 0x6f, 0xef, 0xff, 0xe1, 0x3, 0x42, 0xfe,
    0xff, 0x81, 0x0, 0x0, 0x0, 0x0, 0x0, 0x0,
    0x0, 0x43, 0xfb, 0xff, 0xff, 0xff, 0xff, 0xfc,
    0x44, 0xd, 0xe0, 0xff, 0xce, 0x5, 0x0, 0x0,
    0x0, 0x0, 0x0, 0x0, 0x0, 0x0, 0x30, 0xba,
    0xf4, 0xf4, 0xb9, 0x31, 0x0, 0x9b, 0xff, 0xf9,
    0x2d, 0x0, 0x0, 0x0, 0x0, 0x0, 0x0, 0x0,
    0x0, 0x0, 0x0, 0x0, 0x0, 0x0, 0x0, 0x0,
    0x48, 0xff, 0xff, 0x79, 0x0, 0x0, 0x0, 0x0,
    0x0, 0x0, 0x0, 0x0, 0x0, 0x0, 0x0, 0x0,
    0x0, 0x0, 0x0, 0x10, 0xe4, 0xff, 0xc8, 0x3,
    0x1b, 0xa6, 0xee, 0xf7, 0xc9, 0x46, 0x0, 0x0,
    0x0, 0x0, 0x0, 0x0, 0x0, 0x0, 0x0, 0xa3,
    0xff, 0xf7, 0x27, 0x20, 0xee, 0xff, 0xff, 0xff,
    0xff, 0xff, 0x6b, 0x0, 0x0, 0x0, 0x0, 0x0,
    0x0, 0x0, 0x50, 0xff, 0xff, 0x71, 0x0, 0xb6,
    0xff, 0xfb, 0x83, 0x67, 0xe0, 0xff, 0xf6, 0x1b,
    0x0, 0x0, 0x0, 0x0, 0x0, 0x14, 0xe8, 0xff,
    0xc1, 0x2, 0x4, 0xfc, 0xff, 0xa0, 0x0, 0x0,
    0x49, 0xff, 0xff, 0x5d, 0x0, 0x0, 0x0, 0x0,
    0x0, 0xaa, 0xff, 0xf4, 0x22, 0x0, 0x5, 0xfc,
    0xff, 0x9f, 0x0, 0x0, 0x48, 0xff, 0xff, 0x5d,
    0x0, 0x0, 0x0, 0x0, 0x58, 0xff, 0xff, 0x69,
    0x0, 0x0, 0x0, 0xb8, 0xff, 0xfa, 0x7d, 0x62,
    0xdd, 0xff, 0xf7, 0x1c, 0x0, 0x0, 0x0, 0x9,
    0xe9, 0xff, 0xba, 0x0, 0x0, 0x0, 0x0, 0x21,
    0xee, 0xff, 0xff, 0xff, 0xff, 0xff, 0x6c, 0x0,
    0x0, 0x0, 0x0, 0x0, 0x36, 0xc5, 0x1d, 0x0,
    0x0, 0x0, 0x0, 0x0, 0x1b, 0xa6, 0xef, 0xf8,
    0xc9, 0x47, 0x0, 0x0,

    /* U+0026 "&" */
    0x0, 0x0, 0x0, 0x0, 0x44, 0xc3, 0xf5, 0xef,
    0xc5, 0x53, 0x0, 0x0, 0x0, 0x0, 0x0, 0x0,
    0x0, 0x0, 0x7d, 0xff, 0xff, 0xff, 0xff, 0xff,
    0xff, 0x73, 0x0, 0x0, 0x0, 0x0, 0x0, 0x0,
    0x25, 0xfc, 0xff, 0xff, 0xd6, 0xd2, 0xff, 0xff,
    0xf6, 0x12, 0x0, 0x0, 0x0, 0x0, 0x0, 0x6c,
    0xff, 0xff, 0xb3, 0x0, 0x0, 0xa0, 0xa6, 0x29,
    0x0, 0x0, 0x0, 0x0, 0x0, 0x0, 0x6e, 0xff,
    0xff, 0xa6, 0x0, 0x0, 0x0, 0x0, 0x0, 0x0,
    0x0, 0x0, 0x0, 0x0, 0x0, 0x24, 0xfa, 0xff,
    0xfd, 0x4b, 0x0, 0x0, 0x0, 0x0, 0x0, 0x0,
    0x0, 0x0, 0x0, 0x0, 0x0, 0xa7, 0xff, 0xff,
    0xf4, 0x34, 0x0, 0x0, 0x0, 0x0, 0x0, 0x0,
    0x0, 0x0, 0x0, 0x70, 0xfe, 0xff, 0xff, 0xff,
    0xe8, 0x21, 0x0, 0x0, 0x0, 0x0, 0x0, 0x0,
    0x0, 0x42, 0xfd, 0xff, 0xf9, 0xd7, 0xff, 0xff,
    0xd9, 0x13, 0x0, 0x0, 0x0, 0x0, 0x0, 0x0,
    0xc2, 0xff, 0xff, 0x62, 0x14, 0xda, 0xff, 0xff,
    0xc5, 0x8, 0x0, 0x8c, 0x7d, 0x8, 0x9, 0xfe,
    0xff, 0xf1, 0x3, 0x0, 0x22, 0xe9, 0xff, 0xff,
    0xad, 0x43, 0xfe, 0xff, 0xbe, 0x1c, 0xff, 0xff,
    0xe7, 0x0, 0x0, 0x0, 0x34, 0xf4, 0xff, 0xff,
    0xf9, 0xff, 0xfe, 0x41, 0x6, 0xf8, 0xff, 0xff,
    0x40, 0x0, 0x0, 0x0, 0x48, 0xfb, 0xff, 0xff,
    0xff, 0x92, 0x0, 0x0, 0xab, 0xff, 0xff, 0xe8,
    0x4c, 0x0, 0x0, 0x8, 0xb8, 0xff, 0xff, 0xff,
    0x5a, 0x0, 0x0, 0x24, 0xf1, 0xff, 0xff, 0xff,
    0xee, 0xd5, 0xf5, 0xff, 0xff, 0xff, 0xff, 0xf7,
    0x3a, 0x0, 0x0, 0x3a, 0xe6, 0xff, 0xff, 0xff,
    0xff, 0xff, 0xff, 0xf5, 0xc3, 0xff, 0xff, 0x7e,
    0x0, 0x0, 0x0, 0x10, 0x7a, 0xc9, 0xf2, 0xf9,
    0xdd, 0x96, 0x23, 0x8, 0xb9, 0x50, 0x0,

    /* U+0027 "'" */
    0xf0, 0xff, 0xe8, 0xf0, 0xff, 0xe8, 0xf0, 0xff,
    0xe8, 0xf0, 0xff, 0xe8, 0xf0, 0xff, 0xe8, 0x56,
    0x5c, 0x53,

    /* U+0028 "(" */
    0x0, 0x0, 0x0, 0x0, 0x34, 0x15, 0x0, 0x0,
    0x0, 0x0, 0x0, 0x1e, 0xed, 0xea, 0x52, 0x0,
    0x0, 0x0, 0x0, 0xc0, 0xff, 0xff, 0xd5, 0x5,
    0x0, 0x0, 0x5a, 0xff, 0xff, 0xfa, 0x31, 0x0,
    0x0, 0x3, 0xda, 0xff, 0xff, 0x8b, 0x0, 0x0,
    0x0, 0x45, 0xff, 0xff, 0xf5, 0x16, 0x0, 0x0,
    0x0, 0x9a, 0xff, 0xff, 0x96, 0x0, 0x0, 0x0,
    0x3, 0xeb, 0xff, 0xff, 0x48, 0x0, 0x0, 0x0,
    0x2f, 0xff, 0xff, 0xf7, 0x8, 0x0, 0x0, 0x0,
    0x58, 0xff, 0xff, 0xda, 0x0, 0x0, 0x0, 0x0,
    0x6c, 0xff, 0xff, 0xc3, 0x0, 0x0, 0x0, 0x0,
    0x74, 0xff, 0xff, 0xb5, 0x0, 0x0, 0x0, 0x0,
    0x69, 0xff, 0xff, 0xc9, 0x0, 0x0, 0x0, 0x0,
    0x4d, 0xff, 0xff, 0xe0, 0x0, 0x0, 0x0, 0x0,
    0x20, 0xff, 0xff, 0xfd, 0x14, 0x0, 0x0, 0x0,
    0x0, 0xd7, 0xff, 0xff, 0x5c, 0x0, 0x0, 0x0,
    0x0, 0x83, 0xff, 0xff, 0xb1, 0x0, 0x0, 0x0,
    0x0, 0x2d, 0xff, 0xff, 0xfe, 0x2f, 0x0, 0x0,
    0x0, 0x0, 0xbc, 0xff, 0xff, 0xb2, 0x0, 0x0,
    0x0, 0x0, 0x35, 0xfe, 0xff, 0xff, 0x5c, 0x0,
    0x0, 0x0, 0x0, 0x93, 0xff, 0xff, 0xe0, 0x5,
    0x0, 0x0, 0x0, 0x8, 0xcc, 0xb7, 0x1b, 0x0,
    0x0, 0x0, 0x0, 0x0, 0xd, 0x0, 0x0, 0x0,

    /* U+0029 ")" */
    0x0, 0x0, 0x3e, 0xb, 0x0, 0x0, 0x0, 0x0,
    0xa, 0x93, 0xfe, 0xa9, 0x0, 0x0, 0x0, 0x0,
    0x3d, 0xfe, 0xff, 0xff, 0x59, 0x0, 0x0, 0x0,
    0x0, 0x8c, 0xff, 0xff, 0xe5, 0xb, 0x0, 0x0,
    0x0, 0x8, 0xe5, 0xff, 0xff, 0x71, 0x0, 0x0,
    0x0, 0x0, 0x6f, 0xff, 0xff, 0xd8, 0x0, 0x0,
    0x0, 0x0, 0x9, 0xf2, 0xff, 0xff, 0x2d, 0x0,
    0x0, 0x0, 0x0, 0xac, 0xff, 0xff, 0x82, 0x0,
    0x0, 0x0, 0x0, 0x61, 0xff, 0xff, 0xc3, 0x0,
    0x0, 0x0, 0x0, 0x3c, 0xff, 0xff, 0xf0, 0x0,
    0x0, 0x0, 0x0, 0x24, 0xff, 0xff, 0xff, 0x6,
    0x0, 0x0, 0x0, 0x16, 0xff, 0xff, 0xff, 0xf,
    0x0, 0x0, 0x0, 0x2b, 0xff, 0xff, 0xff, 0x3,
    0x0, 0x0, 0x0, 0x42, 0xff, 0xff, 0xe5, 0x0,
    0x0, 0x0, 0x0, 0x75, 0xff, 0xff, 0xb5, 0x0,
    0x0, 0x0, 0x0, 0xc1, 0xff, 0xff, 0x6b, 0x0,
    0x0, 0x0, 0x1a, 0xfb, 0xff, 0xfd, 0x19, 0x0,
    0x0, 0x0, 0x91, 0xff, 0xff, 0xc1, 0x0, 0x0,
    0x0, 0x1d, 0xf7, 0xff, 0xff, 0x51, 0x0, 0x0,
    0x1, 0xbc, 0xff, 0xff, 0xc9, 0x1, 0x0, 0x0,
    0x46, 0xff, 0xff, 0xfa, 0x32, 0x0, 0x0, 0x0,
    0x0, 0x4c, 0xe7, 0x73, 0x0, 0x0, 0x0, 0x0,
    0x0, 0x0, 0xd, 0x0, 0x0, 0x0, 0x0, 0x0,

    /* U+002A "*" */
    0x0, 0x0, 0x0, 0x0, 0x90, 0xff, 0xb4, 0x0,
    0x0, 0x0, 0x0, 0x0, 0x4, 0x0, 0x0, 0x90,
    0xff, 0xb4, 0x0, 0x0, 0x4, 0x0, 0x0, 0x83,
    0xd3, 0x78, 0xac, 0xff, 0xc6, 0x6e, 0xc7, 0xa4,
    0x0, 0x0, 0xdc, 0xff, 0xff, 0xff, 0xff, 0xff,
    0xff, 0xff, 0xf4, 0xa, 0x0, 0x35, 0x8d, 0xe6,
    0xff, 0xff, 0xff, 0xef, 0x99, 0x40, 0x2, 0x0,
    0x0, 0x0, 0xb0, 0xff, 0xff, 0xff, 0xcb, 0x5,
    0x0, 0x0, 0x0, 0x0, 0x6c, 0xff, 0xff, 0x9a,
    0xfd, 0xff, 0x8d, 0x0, 0x0, 0x0, 0x4, 0xd2,
    0xff, 0xa1, 0x0, 0x81, 0xff, 0xe7, 0x12, 0x0,
    0x0, 0x0, 0xb, 0x84, 0xb, 0x0, 0x2, 0x82,
    0x16, 0x0, 0x0,

    /* U+002B "+" */
    0x0, 0x0, 0x0, 0x0, 0x94, 0xff, 0xff, 0x34,
    0x0, 0x0, 0x0, 0x0, 0x0, 0x0, 0x0, 0x0,
    0x94, 0xff, 0xff, 0x34, 0x0, 0x0, 0x0, 0x0,
    0x0, 0x0, 0x0, 0x0, 0x94, 0xff, 0xff, 0x34,
    0x0, 0x0, 0x0, 0x0, 0x0, 0x0, 0x0, 0x0,
    0x94, 0xff, 0xff, 0x34, 0x0, 0x0, 0x0, 0x0,
    0xa8, 0xff, 0xff, 0xff, 0xff, 0xff, 0xff, 0xff,
    0xff, 0xff, 0xff, 0x50, 0xa8, 0xff, 0xff, 0xff,
    0xff, 0xff, 0xff, 0xff, 0xff, 0xff, 0xff, 0x50,
    0x7e, 0xc0, 0xc0, 0xc0, 0xe5, 0xff, 0xff, 0xcd,
    0xc0, 0xc0, 0xc0, 0x3c, 0x0, 0x0, 0x0, 0x0,
    0x94, 0xff, 0xff, 0x34, 0x0, 0x0, 0x0, 0x0,
    0x0, 0x0, 0x0, 0x0, 0x94, 0xff, 0xff, 0x34,
    0x0, 0x0, 0x0, 0x0, 0x0, 0x0, 0x0, 0x0,
    0x94, 0xff, 0xff, 0x34, 0x0, 0x0, 0x0, 0x0,
    0x0, 0x0, 0x0, 0x0, 0x7a, 0xd4, 0xd4, 0x2b,
    0x0, 0x0, 0x0, 0x0,

    /* U+002C "," */
    0x25, 0xcc, 0xf1, 0x8c, 0x0, 0xad, 0xff, 0xff,
    0xff, 0x3c, 0xb7, 0xff, 0xff, 0xff, 0x43, 0x36,
    0xe8, 0xff, 0xcf, 0x2, 0xa, 0xdd, 0xfa, 0x30,
    0x0, 0x90, 0xff, 0x7c, 0x0, 0x0, 0x5c, 0xb8,
    0x4, 0x0, 0x0,

    /* U+002D "-" */
    0x7e, 0xc0, 0xc0, 0xc0, 0xc0, 0xc0, 0xc0, 0xc0,
    0x5d, 0xa8, 0xff, 0xff, 0xff, 0xff, 0xff, 0xff,
    0xff, 0x7c, 0xa8, 0xff, 0xff, 0xff, 0xff, 0xff,
    0xff, 0xff, 0x7c,

    /* U+002E "." */
    0x0, 0x2, 0xd, 0x0, 0x0, 0x3b, 0xea, 0xff,
    0x9d, 0x0, 0xc1, 0xff, 0xff, 0xff, 0x35, 0xb8,
    0xff, 0xff, 0xff, 0x2d, 0x2b, 0xd1, 0xf0, 0x81,
    0x0,

    /* U+002F "/" */
    0x0, 0x0, 0x0, 0x0, 0x0, 0x0, 0x0, 0x6e,
    0xff, 0xff, 0xa9, 0x0, 0x0, 0x0, 0x0, 0x0,
    0x0, 0x1, 0xd8, 0xff, 0xff, 0x3e, 0x0, 0x0,
    0x0, 0x0, 0x0, 0x0, 0x45, 0xff, 0xff, 0xd3,
    0x0, 0x0, 0x0, 0x0, 0x0, 0x0, 0x0, 0xb1,
    0xff, 0xff, 0x68, 0x0, 0x0, 0x0, 0x0, 0x0,
    0x0, 0x1f, 0xfc, 0xff, 0xf1, 0xb, 0x0, 0x0,
    0x0, 0x0, 0x0, 0x0, 0x88, 0xff, 0xff, 0x91,
    0x0, 0x0, 0x0, 0x0, 0x0, 0x0, 0x7, 0xeb,
    0xff, 0xfe, 0x27, 0x0, 0x0, 0x0, 0x0, 0x0,
    0x0, 0x5f, 0xff, 0xff, 0xba, 0x0, 0x0, 0x0,
    0x0, 0x0, 0x0, 0x0, 0xca, 0xff, 0xff, 0x4f,
    0x0, 0x0, 0x0, 0x0, 0x0, 0x0, 0x35, 0xff,
    0xff, 0xe1, 0x3, 0x0, 0x0, 0x0, 0x0, 0x0,
    0x0, 0xa1, 0xff, 0xff, 0x79, 0x0, 0x0, 0x0,
    0x0, 0x0, 0x0, 0x14, 0xf8, 0xff, 0xf8, 0x15,
    0x0, 0x0, 0x0, 0x0, 0x0, 0x0, 0x78, 0xff,
    0xff, 0xa2, 0x0, 0x0, 0x0, 0x0, 0x0, 0x0,
    0x3, 0xe0, 0xff, 0xff, 0x37, 0x0, 0x0, 0x0,
    0x0, 0x0, 0x0, 0x4f, 0xff, 0xff, 0xcc, 0x0,
    0x0, 0x0, 0x0, 0x0, 0x0, 0x0, 0xbb, 0xff,
    0xff, 0x60, 0x0, 0x0, 0x0, 0x0, 0x0, 0x0,
    0x27, 0xfe, 0xff, 0xed, 0x8, 0x0, 0x0, 0x0,
    0x0, 0x0, 0x0,

    /* U+0030 "0" */
    0x0, 0x0, 0x0, 0x10, 0x7e, 0xd1, 0xf3, 0xf0,
    0xca, 0x71, 0x8, 0x0, 0x0, 0x0, 0x0, 0x0,
    0x37, 0xe5, 0xff, 0xff, 0xff, 0xff, 0xff, 0xff,
    0xd8, 0x24, 0x0, 0x0, 0x0, 0x26, 0xf0, 0xff,
    0xff, 0xff, 0xfd, 0xfe, 0xff, 0xff, 0xff, 0xe2,
    0x14, 0x0, 0x0, 0xbf, 0xff, 0xff, 0xec, 0x56,
    0x5, 0xa, 0x6a, 0xf7, 0xff, 0xff, 0xa0, 0x0,
    0x36, 0xff, 0xff, 0xfe, 0x3b, 0x0, 0x0, 0x0,
    0x0, 0x5e, 0xff, 0xff, 0xfb, 0x1a, 0x8b, 0xff,
    0xff, 0xb7, 0x0, 0x0, 0x0, 0x0, 0x0, 0x0,
    0xd4, 0xff, 0xff, 0x6c, 0xc2, 0xff, 0xff, 0x6f,
    0x0, 0x0, 0x0, 0x0, 0x0, 0x0, 0x8c, 0xff,
    0xff, 0xa4, 0xdf, 0xff, 0xff, 0x50, 0x0, 0x0,
    0x0, 0x0, 0x0, 0x0, 0x6d, 0xff, 0xff, 0xc1,
    0xec, 0xff, 0xff, 0x3b, 0x0, 0x0, 0x0, 0x0,
    0x0, 0x0, 0x57, 0xff, 0xff, 0xcf, 0xdf, 0xff,
    0xff, 0x50, 0x0, 0x0, 0x0, 0x0, 0x0, 0x0,
    0x6d, 0xff, 0xff, 0xc2, 0xc3, 0xff, 0xff, 0x6f,
    0x0, 0x0, 0x0, 0x0, 0x0, 0x0, 0x8c, 0xff,
    0xff, 0xa5, 0x8c, 0xff, 0xff, 0xb6, 0x0, 0x0,
    0x0, 0x0, 0x0, 0x0, 0xd4, 0xff, 0xff, 0x6d,
    0x38, 0xff, 0xff, 0xfe, 0x39, 0x0, 0x0, 0x0,
    0x0, 0x5b, 0xff, 0xff, 0xfc, 0x1b, 0x0, 0xc1,
    0xff, 0xff, 0xe9, 0x4f, 0x3, 0x6, 0x63, 0xf5,
    0xff, 0xff, 0xa3, 0x0, 0x0, 0x28, 0xf1, 0xff,
    0xff, 0xff, 0xfa, 0xfc, 0xff, 0xff, 0xff, 0xe4,
    0x15, 0x0, 0x0, 0x0, 0x39, 0xe8, 0xff, 0xff,
    0xff, 0xff, 0xff, 0xff, 0xdb, 0x27, 0x0, 0x0,
    0x0, 0x0, 0x0, 0x12, 0x82, 0xd3, 0xf4, 0xf1,
    0xcc, 0x75, 0x9, 0x0, 0x0, 0x0,

    /* U+0031 "1" */
    0x0, 0x0, 0x0, 0x0, 0x0, 0x19, 0x38, 0x38,
    0x8, 0x0, 0x0, 0x0, 0x2a, 0x9f, 0xfa, 0xff,
    0xff, 0x28, 0x0, 0x3c, 0xb3, 0xfe, 0xff, 0xff,
    0xff, 0xff, 0x28, 0x0, 0xd5, 0xff, 0xff, 0xff,
    0xff, 0xff, 0xff, 0x28, 0x0, 0x65, 0xff, 0xf9,
    0xa7, 0xfd, 0xff, 0xff, 0x28, 0x0, 0x8, 0x76,
    0x16, 0x0, 0xfc, 0xff, 0xff, 0x28, 0x0, 0x0,
    0x0, 0x0, 0x0, 0xfc, 0xff, 0xff, 0x28, 0x0,
    0x0, 0x0, 0x0, 0x0, 0xfc, 0xff, 0xff, 0x28,
    0x0, 0x0, 0x0, 0x0, 0x0, 0xfc, 0xff, 0xff,
    0x28, 0x0, 0x0, 0x0, 0x0, 0x0, 0xfc, 0xff,
    0xff, 0x28, 0x0, 0x0, 0x0, 0x0, 0x0, 0xfc,
    0xff, 0xff, 0x28, 0x0, 0x0, 0x0, 0x0, 0x0,
    0xfc, 0xff, 0xff, 0x28, 0x0, 0x0, 0x0, 0x0,
    0x0, 0xfc, 0xff, 0xff, 0x28, 0x0, 0x0, 0x0,
    0x0, 0x0, 0xfc, 0xff, 0xff, 0x28, 0x0, 0x0,
    0x0, 0x0, 0x0, 0xfc, 0xff, 0xff, 0x28, 0x0,
    0x0, 0x0, 0x0, 0x0, 0xfc, 0xff, 0xff, 0x28,
    0x0, 0x0, 0x0, 0x0, 0x0, 0xfc, 0xff, 0xff,
    0x28,

    /* U+0032 "2" */
    0x0, 0x0, 0x0, 0x38, 0xb3, 0xec, 0xfa, 0xe3,
    0xa2, 0x2f, 0x0, 0x0, 0x0, 0x0, 0x0, 0x87,
    0xff, 0xff, 0xff, 0xff, 0xff, 0xff, 0xfa, 0x5c,
    0x0, 0x0, 0x0, 0x64, 0xff, 0xff, 0xff, 0xff,
    0xfc, 0xff, 0xff, 0xff, 0xfa, 0x26, 0x0, 0x0,
    0xd7, 0xff, 0xff, 0xba, 0x1d, 0x3, 0x43, 0xec,
    0xff, 0xff, 0x8e, 0x0, 0x0, 0xf, 0x6f, 0xcd,
    0x11, 0x0, 0x0, 0x0, 0x77, 0xff, 0xff, 0xbd,
    0x0, 0x0, 0x0, 0x0, 0x0, 0x0, 0x0, 0x0,
    0x0, 0x6f, 0xff, 0xff, 0xb3, 0x0, 0x0, 0x0,
    0x0, 0x0, 0x0, 0x0, 0x0, 0x2, 0xc9, 0xff,
    0xff, 0x84, 0x0, 0x0, 0x0, 0x0, 0x0, 0x0,
    0x0, 0x0, 0x7c, 0xff, 0xff, 0xfb, 0x21, 0x0,
    0x0, 0x0, 0x0, 0x0, 0x0, 0x0, 0x5c, 0xfe,
    0xff, 0xff, 0x84, 0x0, 0x0, 0x0, 0x0, 0x0,
    0x0, 0x0, 0x51, 0xfb, 0xff, 0xff, 0xbd, 0x5,
    0x0, 0x0, 0x0, 0x0, 0x0, 0x0, 0x4d, 0xfa,
    0xff, 0xff, 0xcd, 0x10, 0x0, 0x0, 0x0, 0x0,
    0x0, 0x0, 0x4a, 0xf9, 0xff, 0xff, 0xd0, 0x12,
    0x0, 0x0, 0x0, 0x0, 0x0, 0x0, 0x47, 0xf8,
    0xff, 0xff, 0xd2, 0x14, 0x0, 0x0, 0x0, 0x0,
    0x0, 0x0, 0x43, 0xf7, 0xff, 0xff, 0xd2, 0x15,
    0x0, 0x0, 0x0, 0x0, 0x0, 0x0, 0x0, 0xe0,
    0xff, 0xff, 0xff, 0xd2, 0xbc, 0xbc, 0xbc, 0xbc,
    0xbc, 0xbc, 0x5, 0x0, 0xe4, 0xff, 0xff, 0xff,
    0xff, 0xff, 0xff, 0xff, 0xff, 0xff, 0xff, 0x8,
    0x0, 0xe4, 0xff, 0xff, 0xff, 0xff, 0xff, 0xff,
    0xff, 0xff, 0xff, 0xff, 0x8,

    /* U+0033 "3" */
    0x0, 0x0, 0x0, 0x1f, 0x9b, 0xe4, 0xfa, 0xec,
    0xb6, 0x4b, 0x0, 0x0, 0x0, 0x0, 0x0, 0x4f,
    0xf8, 0xff, 0xff, 0xff, 0xff, 0xff, 0xff, 0x93,
    0x0, 0x0, 0x0, 0x2d, 0xf8, 0xff, 0xff, 0xfe,
    0xea, 0xfd, 0xff, 0xff, 0xff, 0x57, 0x0, 0x0,
    0x72, 0xfb, 0xff, 0xdb, 0x24, 0x0, 0x1b, 0xd1,
    0xff, 0xff, 0xba, 0x0, 0x0, 0x0, 0x1b, 0x84,
    0x42, 0x0, 0x0, 0x0, 0x61, 0xff, 0xff, 0xd7,
    0x0, 0x0, 0x0, 0x0, 0x0, 0x0, 0x0, 0x0,
    0x0, 0x77, 0xff, 0xff, 0xba, 0x0, 0x0, 0x0,
    0x0, 0x0, 0x0, 0x0, 0xa, 0x50, 0xf0, 0xff,
    0xff, 0x62, 0x0, 0x0, 0x0, 0x0, 0x0, 0x1c,
    0xff, 0xff, 0xff, 0xff, 0xff, 0xa9, 0x2, 0x0,
    0x0, 0x0, 0x0, 0x0, 0x1c, 0xff, 0xff, 0xff,
    0xff, 0xf1, 0x41, 0x0, 0x0, 0x0, 0x0, 0x0,
    0x0, 0x17, 0xd4, 0xdb, 0xf7, 0xff, 0xff, 0xff,
    0x6c, 0x0, 0x0, 0x0, 0x0, 0x0, 0x0, 0x0,
    0x0, 0x9, 0x83, 0xff, 0xff, 0xf9, 0x1e, 0x0,
    0x0, 0x0, 0x22, 0x0, 0x0, 0x0, 0x0, 0x0,
    0xdd, 0xff, 0xff, 0x61, 0x5, 0x6d, 0xcd, 0xfe,
    0x2c, 0x0, 0x0, 0x0, 0x3, 0xe6, 0xff, 0xff,
    0x72, 0x1, 0xdd, 0xff, 0xff, 0xdd, 0x4a, 0x12,
    0x28, 0xab, 0xff, 0xff, 0xff, 0x46, 0x0, 0x51,
    0xff, 0xff, 0xff, 0xff, 0xff, 0xff, 0xff, 0xff,
    0xff, 0xd3, 0x3, 0x0, 0x0, 0x71, 0xfd, 0xff,
    0xff, 0xff, 0xff, 0xff, 0xff, 0xde, 0x23, 0x0,
    0x0, 0x0, 0x0, 0x33, 0xa2, 0xd7, 0xf6, 0xf2,
    0xc9, 0x76, 0xc, 0x0, 0x0,

    /* U+0034 "4" */
    0x0, 0x0, 0x0, 0x0, 0x0, 0x0, 0x0, 0x24,
    0xf4, 0xff, 0xff, 0xa8, 0x0, 0x0, 0x0, 0x0,
    0x0, 0x0, 0x0, 0x0, 0x3, 0xc7, 0xff, 0xff,
    0xff, 0xa8, 0x0, 0x0, 0x0, 0x0, 0x0, 0x0,
    0x0, 0x0, 0x7e, 0xff, 0xff, 0xff, 0xff, 0xa8,
    0x0, 0x0, 0x0, 0x0, 0x0, 0x0, 0x0, 0x35,
    0xfb, 0xff, 0xff, 0xff, 0xff, 0xa8, 0x0, 0x0,
    0x0, 0x0, 0x0, 0x0, 0xa, 0xd8, 0xff, 0xff,
    0xd3, 0xff, 0xff, 0xa8, 0x0, 0x0, 0x0, 0x0,
    0x0, 0x0, 0x96, 0xff, 0xff, 0xaa, 0x74, 0xff,
    0xff, 0xa8, 0x0, 0x0, 0x0, 0x0, 0x0, 0x49,
    0xff, 0xff, 0xe4, 0x11, 0x74, 0xff, 0xff, 0xa8,
    0x0, 0x0, 0x0, 0x0, 0x13, 0xe6, 0xff, 0xfe,
    0x44, 0x0, 0x74, 0xff, 0xff, 0xa8, 0x0, 0x0,
    0x0, 0x0, 0xac, 0xff, 0xff, 0x8e, 0x0, 0x0,
    0x74, 0xff, 0xff, 0xa8, 0x0, 0x0, 0x0, 0x5f,
    0xff, 0xff, 0xd3, 0x7, 0x0, 0x0, 0x74, 0xff,
    0xff, 0xa8, 0x0, 0x0, 0x6, 0xf1, 0xff, 0xff,
    0xf3, 0xe8, 0xe8, 0xe8, 0xf2, 0xff, 0xff, 0xf7,
    0xe8, 0xaa, 0xc, 0xff, 0xff, 0xff, 0xff, 0xff,
    0xff, 0xff, 0xff, 0xff, 0xff, 0xff, 0xff, 0xbc,
    0xc, 0xff, 0xff, 0xff, 0xff, 0xff, 0xff, 0xff,
    0xff, 0xff, 0xff, 0xff, 0xff, 0xbc, 0x0, 0x0,
    0x0, 0x0, 0x0, 0x0, 0x0, 0x0, 0x74, 0xff,
    0xff, 0xa8, 0x0, 0x0, 0x0, 0x0, 0x0, 0x0,
    0x0, 0x0, 0x0, 0x0, 0x74, 0xff, 0xff, 0xa8,
    0x0, 0x0, 0x0, 0x0, 0x0, 0x0, 0x0, 0x0,
    0x0, 0x0, 0x74, 0xff, 0xff, 0xa8, 0x0, 0x0,

    /* U+0035 "5" */
    0x0, 0x0, 0x7a, 0xb8, 0xb8, 0xb8, 0xb8, 0xb8,
    0xb8, 0xb8, 0xb8, 0x70, 0x0, 0x0, 0x0, 0xc5,
    0xff, 0xff, 0xff, 0xff, 0xff, 0xff, 0xff, 0xff,
    0x9c, 0x0, 0x0, 0x0, 0xe2, 0xff, 0xff, 0xff,
    0xff, 0xff, 0xff, 0xff, 0xff, 0x9c, 0x0, 0x0,
    0x3, 0xfc, 0xff, 0xe7, 0x0, 0x0, 0x0, 0x0,
    0x0, 0x0, 0x0, 0x0, 0x0, 0x1e, 0xff, 0xff,
    0xc0, 0x0, 0x0, 0x0, 0x0, 0x0, 0x0, 0x0,
    0x0, 0x0, 0x3b, 0xff, 0xff, 0x98, 0x0, 0x0,
    0x0, 0x0, 0x0, 0x0, 0x0, 0x0, 0x0, 0x59,
    0xff, 0xff, 0x84, 0x91, 0xe7, 0xf9, 0xdb, 0x86,
    0x10, 0x0, 0x0, 0x0, 0x77, 0xff, 0xff, 0xff,
    0xff, 0xff, 0xff, 0xff, 0xff, 0xdc, 0x1e, 0x0,
    0x0, 0x5a, 0xf0, 0xff, 0xff, 0xfb, 0xce, 0xe7,
    0xff, 0xff, 0xff, 0xc9, 0x1, 0x0, 0x0, 0xd,
    0x73, 0xba, 0x22, 0x0, 0x0, 0x6f, 0xff, 0xff,
    0xff, 0x44, 0x0, 0x0, 0x0, 0x0, 0x0, 0x0,
    0x0, 0x0, 0x0, 0xbd, 0xff, 0xff, 0x86, 0x0,
    0x0, 0x8, 0x4b, 0x0, 0x0, 0x0, 0x0, 0x0,
    0x90, 0xff, 0xff, 0x99, 0x0, 0x92, 0xef, 0xff,
    0x32, 0x0, 0x0, 0x0, 0x0, 0xc4, 0xff, 0xff,
    0x82, 0x0, 0xbb, 0xff, 0xff, 0xd9, 0x2e, 0x0,
    0x7, 0x87, 0xff, 0xff, 0xff, 0x3b, 0x0, 0x36,
    0xfa, 0xff, 0xff, 0xff, 0xe9, 0xf9, 0xff, 0xff,
    0xff, 0xb9, 0x0, 0x0, 0x0, 0x54, 0xf6, 0xff,
    0xff, 0xff, 0xff, 0xff, 0xff, 0xc8, 0x13, 0x0,
    0x0, 0x0, 0x0, 0x21, 0x95, 0xd4, 0xf4, 0xf1,
    0xc3, 0x68, 0x5, 0x0, 0x0,

    /* U+0036 "6" */
    0x0, 0x0, 0x0, 0x0, 0x0, 0x0, 0x0, 0x13,
    0x0, 0x0, 0x0, 0x0, 0x0, 0x0, 0x0, 0x0,
    0x0, 0x0, 0x0, 0x46, 0xf4, 0x6d, 0x1, 0x0,
    0x0, 0x0, 0x0, 0x0, 0x0, 0x0, 0x0, 0x12,
    0xe5, 0xff, 0xff, 0x74, 0x0, 0x0, 0x0, 0x0,
    0x0, 0x0, 0x0, 0x0, 0xac, 0xff, 0xff, 0xdc,
    0xc, 0x0, 0x0, 0x0, 0x0, 0x0, 0x0, 0x0,
    0x60, 0xff, 0xff, 0xfb, 0x36, 0x0, 0x0, 0x0,
    0x0, 0x0, 0x0, 0x0, 0x20, 0xf2, 0xff, 0xff,
    0x7a, 0x0, 0x0, 0x0, 0x0, 0x0, 0x0, 0x0,
    0x1, 0xc2, 0xff, 0xff, 0xc1, 0x2, 0x0, 0x0,
    0x0, 0x0, 0x0, 0x0, 0x0, 0x69, 0xff, 0xff,
    0xff, 0xe2, 0xf2, 0xe6, 0x96, 0x19, 0x0, 0x0,
    0x0, 0xf, 0xed, 0xff, 0xff, 0xff, 0xff, 0xff,
    0xff, 0xff, 0xe8, 0x2b, 0x0, 0x0, 0x78, 0xff,
    0xff, 0xff, 0xec, 0xad, 0xc0, 0xfe, 0xff, 0xff,
    0xd9, 0x5, 0x0, 0xce, 0xff, 0xff, 0xc7, 0x11,
    0x0, 0x0, 0x43, 0xfb, 0xff, 0xff, 0x57, 0x0,
    0xf7, 0xff, 0xff, 0x38, 0x0, 0x0, 0x0, 0x0,
    0x9f, 0xff, 0xff, 0x95, 0x5, 0xff, 0xff, 0xff,
    0x14, 0x0, 0x0, 0x0, 0x0, 0x7a, 0xff, 0xff,
    0xa4, 0x0, 0xe5, 0xff, 0xff, 0x4f, 0x0, 0x0,
    0x0, 0x0, 0xb6, 0xff, 0xff, 0x87, 0x0, 0x95,
    0xff, 0xff, 0xe5, 0x3d, 0x0, 0x7, 0x80, 0xff,
    0xff, 0xff, 0x36, 0x0, 0x1b, 0xed, 0xff, 0xff,
    0xff, 0xed, 0xf8, 0xff, 0xff, 0xff, 0xa7, 0x0,
    0x0, 0x0, 0x39, 0xea, 0xff, 0xff, 0xff, 0xff,
    0xff, 0xff, 0xb6, 0xa, 0x0, 0x0, 0x0, 0x0,
    0x14, 0x87, 0xd6, 0xf7, 0xf0, 0xbf, 0x5a, 0x1,
    0x0, 0x0,

    /* U+0037 "7" */
    0x0, 0xee, 0xf0, 0xf0, 0xf0, 0xf0, 0xf0, 0xf0,
    0xf0, 0xf0, 0xf0, 0xf0, 0x21, 0x4, 0xff, 0xff,
    0xff, 0xff, 0xff, 0xff, 0xff, 0xff, 0xff, 0xff,
    0xff, 0x24, 0x9, 0xff, 0xff, 0xff, 0xff, 0xff,
    0xff, 0xff, 0xff, 0xff, 0xff, 0xff, 0x24, 0x0,
    0x0, 0x0, 0x0, 0x0, 0x0, 0x0, 0x0, 0x9f,
    0xff, 0xff, 0xe4, 0x9, 0x0, 0x0, 0x0, 0x0,
    0x0, 0x0, 0x0, 0x2f, 0xfd, 0xff, 0xff, 0x5c,
    0x0, 0x0, 0x0, 0x0, 0x0, 0x0, 0x0, 0x0,
    0xbd, 0xff, 0xff, 0xc8, 0x1, 0x0, 0x0, 0x0,
    0x0, 0x0, 0x0, 0x0, 0x4f, 0xff, 0xff, 0xfe,
    0x38, 0x0, 0x0, 0x0, 0x0, 0x0, 0x0, 0x0,
    0x5, 0xda, 0xff, 0xff, 0xa3, 0x0, 0x0, 0x0,
    0x0, 0x0, 0x0, 0x0, 0x0, 0x71, 0xff, 0xff,
    0xf5, 0x1b, 0x0, 0x0, 0x0, 0x0, 0x0, 0x0,
    0x0, 0x13, 0xef, 0xff, 0xff, 0x7e, 0x0, 0x0,
    0x0, 0x0, 0x0, 0x0, 0x0, 0x0, 0x94, 0xff,
    0xff, 0xe2, 0x9, 0x0, 0x0, 0x0, 0x0, 0x0,
    0x0, 0x0, 0x29, 0xfb, 0xff, 0xff, 0x58, 0x0,
    0x0, 0x0, 0x0, 0x0, 0x0, 0x0, 0x0, 0xb6,
    0xff, 0xff, 0xc5, 0x0, 0x0, 0x0, 0x0, 0x0,
    0x0, 0x0, 0x0, 0x46, 0xff, 0xff, 0xfe, 0x34,
    0x0, 0x0, 0x0, 0x0, 0x0, 0x0, 0x0, 0x3,
    0xd4, 0xff, 0xff, 0xa0, 0x0, 0x0, 0x0, 0x0,
    0x0, 0x0, 0x0, 0x0, 0xe, 0xa1, 0xfd, 0xf3,
    0x19, 0x0, 0x0, 0x0, 0x0, 0x0, 0x0, 0x0,
    0x0, 0x0, 0x0, 0x2e, 0x56, 0x0, 0x0, 0x0,
    0x0, 0x0, 0x0, 0x0, 0x0,

    /* U+0038 "8" */
    0x0, 0x0, 0x0, 0x14, 0x85, 0xd4, 0xf7, 0xf3,
    0xca, 0x72, 0x8, 0x0, 0x0, 0x0, 0x0, 0x2b,
    0xe6, 0xff, 0xff, 0xff, 0xff, 0xff, 0xff, 0xd1,
    0x14, 0x0, 0x0, 0x5, 0xd9, 0xff, 0xff, 0xfe,
    0xd8, 0xe0, 0xff, 0xff, 0xff, 0xb2, 0x0, 0x0,
    0x4b, 0xff, 0xff, 0xf4, 0x38, 0x0, 0x0, 0x5b,
    0xfe, 0xff, 0xff, 0x1f, 0x0, 0x74, 0xff, 0xff,
    0xa3, 0x0, 0x0, 0x0, 0x0, 0xcf, 0xff, 0xff,
    0x47, 0x0, 0x5f, 0xff, 0xff, 0xb3, 0x0, 0x0,
    0x0, 0x1, 0xde, 0xff, 0xff, 0x32, 0x0, 0x11,
    0xf1, 0xff, 0xfe, 0x72, 0x10, 0x18, 0x95, 0xff,
    0xff, 0xd1, 0x1, 0x0, 0x0, 0x4a, 0xf7, 0xff,
    0xff, 0xff, 0xff, 0xff, 0xff, 0xe9, 0x2a, 0x0,
    0x0, 0x0, 0x13, 0xc3, 0xff, 0xff, 0xff, 0xff,
    0xff, 0xff, 0xa3, 0x8, 0x0, 0x0, 0x17, 0xdc,
    0xff, 0xff, 0xf6, 0xcb, 0xd1, 0xfc, 0xff, 0xff,
    0xbf, 0x7, 0x0, 0x9e, 0xff, 0xff, 0xc1, 0x15,
    0x0, 0x0, 0x26, 0xe0, 0xff, 0xff, 0x6f, 0x0,
    0xee, 0xff, 0xff, 0x35, 0x0, 0x0, 0x0, 0x0,
    0x63, 0xff, 0xff, 0xbe, 0x4, 0xfe, 0xff, 0xff,
    0x3d, 0x0, 0x0, 0x0, 0x0, 0x6a, 0xff, 0xff,
    0xd2, 0x0, 0xd4, 0xff, 0xff, 0xd0, 0x29, 0x0,
    0x0, 0x3e, 0xe9, 0xff, 0xff, 0xa3, 0x0, 0x5c,
    0xff, 0xff, 0xff, 0xff, 0xe9, 0xf0, 0xff, 0xff,
    0xff, 0xfb, 0x31, 0x0, 0x0, 0x7d, 0xfd, 0xff,
    0xff, 0xff, 0xff, 0xff, 0xff, 0xf5, 0x56, 0x0,
    0x0, 0x0, 0x0, 0x31, 0x9e, 0xdd, 0xf8, 0xf6,
    0xd5, 0x8e, 0x1f, 0x0, 0x0,

    /* U+0039 "9" */
    0x0, 0x0, 0x0, 0x13, 0x85, 0xd6, 0xf8, 0xee,
    0xbc, 0x59, 0x1, 0x0, 0x0, 0x0, 0x0, 0x37,
    0xe8, 0xff, 0xff, 0xff, 0xff, 0xff, 0xff, 0xb7,
    0xb, 0x0, 0x0, 0x19, 0xec, 0xff, 0xff, 0xff,
    0xed, 0xf9, 0xff, 0xff, 0xff, 0xa7, 0x0, 0x0,
    0x94, 0xff, 0xff, 0xe8, 0x3f, 0x0, 0x7, 0x7e,
    0xff, 0xff, 0xff, 0x33, 0x0, 0xe6, 0xff, 0xff,
    0x57, 0x0, 0x0, 0x0, 0x0, 0xb3, 0xff, 0xff,
    0x84, 0x5, 0xff, 0xff, 0xff, 0x1c, 0x0, 0x0,
    0x0, 0x0, 0x76, 0xff, 0xff, 0xa4, 0x0, 0xf6,
    0xff, 0xff, 0x3e, 0x0, 0x0, 0x0, 0x0, 0x99,
    0xff, 0xff, 0x97, 0x0, 0xb9, 0xff, 0xff, 0xc8,
    0x10, 0x0, 0x0, 0x3d, 0xf8, 0xff, 0xff, 0x6e,
    0x0, 0x42, 0xff, 0xff, 0xff, 0xea, 0xab, 0xbd,
    0xfd, 0xff, 0xff, 0xfd, 0x1c, 0x0, 0x0, 0x7c,
    0xff, 0xff, 0xff, 0xff, 0xff, 0xff, 0xff, 0xff,
    0x9e, 0x0, 0x0, 0x0, 0x0, 0x48, 0xbe, 0xf4,
    0xe4, 0xf2, 0xff, 0xff, 0xf0, 0x1a, 0x0, 0x0,
    0x0, 0x0, 0x0, 0x0, 0x0, 0x29, 0xf6, 0xff,
    0xff, 0x63, 0x0, 0x0, 0x0, 0x0, 0x0, 0x0,
    0x0, 0x6, 0xcf, 0xff, 0xff, 0xb1, 0x0, 0x0,
    0x0, 0x0, 0x0, 0x0, 0x0, 0x0, 0x8d, 0xff,
    0xff, 0xe9, 0x16, 0x0, 0x0, 0x0, 0x0, 0x0,
    0x0, 0x0, 0x44, 0xfe, 0xff, 0xff, 0x4c, 0x0,
    0x0, 0x0, 0x0, 0x0, 0x0, 0x0, 0x1, 0xd1,
    0xff, 0xff, 0x98, 0x0, 0x0, 0x0, 0x0, 0x0,
    0x0, 0x0, 0x0, 0x0, 0x16, 0xaf, 0xda, 0xa,
    0x0, 0x0, 0x0, 0x0, 0x0, 0x0, 0x0, 0x0,
    0x0, 0x0, 0x0, 0x13, 0x0, 0x0, 0x0, 0x0,
    0x0, 0x0,

    /* U+003A ":" */
    0x29, 0xcf, 0xef, 0x7e, 0x0, 0xb7, 0xff, 0xff,
    0xff, 0x2b, 0xc1, 0xff, 0xff, 0xff, 0x35, 0x3d,
    0xed, 0xff, 0xa2, 0x0, 0x0, 0x6, 0x14, 0x0,
    0x0, 0x0, 0x0, 0x0, 0x0, 0x0, 0x0, 0x0,
    0x0, 0x0, 0x0, 0x0, 0x2, 0xd, 0x0, 0x0,
    0x3b, 0xea, 0xff, 0x9d, 0x0, 0xc1, 0xff, 0xff,
    0xff, 0x35, 0xb8, 0xff, 0xff, 0xff, 0x2d, 0x2b,
    0xd1, 0xf0, 0x81, 0x0,

    /* U+003B ";" */
    0x23, 0xca, 0xf1, 0x89, 0x0, 0xab, 0xff, 0xff,
    0xff, 0x3a, 0xb5, 0xff, 0xff, 0xff, 0x45, 0x35,
    0xea, 0xff, 0xad, 0x2, 0x0, 0x5, 0x15, 0x0,
    0x0, 0x0, 0x0, 0x0, 0x0, 0x0, 0x0, 0x0,
    0x0, 0x0, 0x0, 0x0, 0x2a, 0x4d, 0xd, 0x0,
    0x5a, 0xfd, 0xff, 0xda, 0xd, 0xbe, 0xff, 0xff,
    0xff, 0x4d, 0x99, 0xff, 0xff, 0xfe, 0x28, 0xc,
    0xcc, 0xff, 0x98, 0x0, 0x2b, 0xf9, 0xdf, 0xc,
    0x0, 0xb5, 0xfe, 0x40, 0x0, 0x0, 0x16, 0x5e,
    0x0, 0x0, 0x0,

    /* U+003C "<" */
    0x0, 0x0, 0x0, 0x0, 0x0, 0x0, 0x0, 0x0,
    0x0, 0x0, 0x9, 0x0, 0x0, 0x0, 0x0, 0x0,
    0x0, 0x0, 0x5, 0x5e, 0xd2, 0x4c, 0x0, 0x0,
    0x0, 0x0, 0x0, 0xf, 0x75, 0xe4, 0xff, 0xff,
    0x4c, 0x0, 0x0, 0x0, 0x1c, 0x8c, 0xf1, 0xff,
    0xff, 0xff, 0xff, 0x46, 0x0, 0x2f, 0xa3, 0xfa,
    0xff, 0xff, 0xff, 0xf6, 0x9e, 0x32, 0x0, 0x87,
    0xff, 0xff, 0xff, 0xff, 0xdf, 0x76, 0x12, 0x0,
    0x0, 0x0, 0xa8, 0xff, 0xff, 0xff, 0x7c, 0x2,
    0x0, 0x0, 0x0, 0x0, 0x0, 0x9e, 0xff, 0xff,
    0xff, 0xff, 0xbd, 0x51, 0x3, 0x0, 0x0, 0x0,
    0x3, 0x57, 0xca, 0xff, 0xff, 0xff, 0xff, 0xe1,
    0x79, 0x15, 0x0, 0x0, 0x0, 0x0, 0x3f, 0xb3,
    0xfe, 0xff, 0xff, 0xff, 0xf8, 0x3b, 0x0, 0x0,
    0x0, 0x0, 0x0, 0x28, 0x9b, 0xf8, 0xff, 0xff,
    0x4c, 0x0, 0x0, 0x0, 0x0, 0x0, 0x0, 0x0,
    0x17, 0x84, 0xed, 0x4c, 0x0, 0x0, 0x0, 0x0,
    0x0, 0x0, 0x0, 0x0, 0x0, 0xa, 0x13,

    /* U+003D "=" */
    0xa8, 0xff, 0xff, 0xff, 0xff, 0xff, 0xff, 0xff,
    0xff, 0xff, 0xff, 0x98, 0xa8, 0xff, 0xff, 0xff,
    0xff, 0xff, 0xff, 0xff, 0xff, 0xff, 0xff, 0x98,
    0x7e, 0xc0, 0xc0, 0xc0, 0xc0, 0xc0, 0xc0, 0xc0,
    0xc0, 0xc0, 0xc0, 0x72, 0x0, 0x0, 0x0, 0x0,
    0x0, 0x0, 0x0, 0x0, 0x0, 0x0, 0x0, 0x0,
    0x0, 0x0, 0x0, 0x0, 0x0, 0x0, 0x0, 0x0,
    0x0, 0x0, 0x0, 0x0, 0xa8, 0xff, 0xff, 0xff,
    0xff, 0xff, 0xff, 0xff, 0xff, 0xff, 0xff, 0x98,
    0xa8, 0xff, 0xff, 0xff, 0xff, 0xff, 0xff, 0xff,
    0xff, 0xff, 0xff, 0x98, 0x80, 0xc4, 0xc4, 0xc4,
    0xc4, 0xc4, 0xc4, 0xc4, 0xc4, 0xc4, 0xc4, 0x74,

    /* U+003E ">" */
    0x9, 0x0, 0x0, 0x0, 0x0, 0x0, 0x0, 0x0,
    0x0, 0x0, 0x0, 0x8e, 0xb4, 0x3f, 0x0, 0x0,
    0x0, 0x0, 0x0, 0x0, 0x0, 0x0, 0x90, 0xff,
    0xff, 0xcb, 0x57, 0x3, 0x0, 0x0, 0x0, 0x0,
    0x0, 0x8a, 0xff, 0xff, 0xff, 0xff, 0xde, 0x6e,
    0xb, 0x0, 0x0, 0x0, 0x2, 0x4f, 0xbb, 0xfe,
    0xff, 0xff, 0xff, 0xee, 0x85, 0x18, 0x0, 0x0,
    0x0, 0x0, 0x27, 0x93, 0xf1, 0xff, 0xff, 0xff,
    0xf8, 0x4d, 0x0, 0x0, 0x0, 0x0, 0x0, 0xe,
    0xb5, 0xff, 0xff, 0xff, 0x68, 0x0, 0x0, 0x0,
    0xe, 0x6e, 0xd9, 0xff, 0xff, 0xff, 0xff, 0x5e,
    0x0, 0x2b, 0x96, 0xf3, 0xff, 0xff, 0xff, 0xfd,
    0xae, 0x39, 0x0, 0x78, 0xff, 0xff, 0xff, 0xff,
    0xf5, 0x95, 0x23, 0x0, 0x0, 0x0, 0x90, 0xff,
    0xff, 0xe8, 0x7d, 0x13, 0x0, 0x0, 0x0, 0x0,
    0x0, 0x90, 0xd7, 0x65, 0x7, 0x0, 0x0, 0x0,
    0x0, 0x0, 0x0, 0x0, 0x1c, 0x1, 0x0, 0x0,
    0x0, 0x0, 0x0, 0x0, 0x0, 0x0, 0x0,

    /* U+003F "?" */
    0x0, 0x0, 0x1, 0x5d, 0xcc, 0xf6, 0xf5, 0xcf,
    0x7c, 0xc, 0x0, 0x0, 0x0, 0x5, 0xb6, 0xff,
    0xff, 0xff, 0xff, 0xff, 0xff, 0xda, 0x1b, 0x0,
    0x0, 0x8f, 0xff, 0xff, 0xff, 0xf5, 0xed, 0xff,
    0xff, 0xff, 0xb3, 0x0, 0x6, 0xe0, 0xff, 0xff,
    0x79, 0x3, 0x0, 0x6f, 0xff, 0xff, 0xfe, 0x13,
    0x0, 0x5, 0x52, 0x86, 0x0, 0x0, 0x0, 0x0,
    0xf4, 0xff, 0xff, 0x26, 0x0, 0x0, 0x0, 0x0,
    0x0, 0x0, 0x0, 0x2f, 0xff, 0xff, 0xf4, 0x7,
    0x0, 0x0, 0x0, 0x0, 0x0, 0x0, 0x2d, 0xe4,
    0xff, 0xff, 0x86, 0x0, 0x0, 0x0, 0x0, 0x0,
    0x0, 0x3b, 0xf0, 0xff, 0xff, 0xb9, 0x5, 0x0,
    0x0, 0x0, 0x0, 0x0, 0xe, 0xe8, 0xff, 0xff,
    0xb3, 0x7, 0x0, 0x0, 0x0, 0x0, 0x0, 0x0,
    0x5e, 0xff, 0xff, 0xe6, 0xa, 0x0, 0x0, 0x0,
    0x0, 0x0, 0x0, 0x0, 0x7a, 0xff, 0xff, 0xae,
    0x0, 0x0, 0x0, 0x0, 0x0, 0x0, 0x0, 0x0,
    0xf, 0x20, 0x20, 0x15, 0x0, 0x0, 0x0, 0x0,
    0x0, 0x0, 0x0, 0x0, 0x0, 0x6, 0x9, 0x0,
    0x0, 0x0, 0x0, 0x0, 0x0, 0x0, 0x0, 0x0,
    0x5d, 0xf7, 0xfb, 0x72, 0x0, 0x0, 0x0, 0x0,
    0x0, 0x0, 0x0, 0x0, 0xed, 0xff, 0xff, 0xfd,
    0xe, 0x0, 0x0, 0x0, 0x0, 0x0, 0x0, 0x0,
    0xe4, 0xff, 0xff, 0xf8, 0xa, 0x0, 0x0, 0x0,
    0x0, 0x0, 0x0, 0x0, 0x49, 0xe2, 0xe8, 0x5a,
    0x0, 0x0, 0x0, 0x0,

    /* U+0040 "@" */
    0x0, 0x0, 0x0, 0x0, 0x0, 0x0, 0x0, 0x1,
    0x13, 0x25, 0x15, 0x2, 0x0, 0x0, 0x0, 0x0,
    0x0, 0x0, 0x0, 0x0, 0x0, 0x0, 0x0, 0x1,
    0x54, 0xae, 0xf3, 0xff, 0xff, 0xff, 0xf6, 0xb3,
    0x5a, 0x2, 0x0, 0x0, 0x0, 0x0, 0x0, 0x0,
    0x0, 0x2d, 0xcf, 0xff, 0xff, 0xff, 0xff, 0xff,
    0xff, 0xff, 0xff, 0xff, 0xd4, 0x34, 0x0, 0x0,
    0x0, 0x0, 0x0, 0x49, 0xf4, 0xff, 0xfc, 0xa5,
    0x4d, 0x18, 0x6, 0x17, 0x47, 0xa0, 0xfc, 0xff,
    0xf7, 0x52, 0x0, 0x0, 0x0, 0x2b, 0xf3, 0xff,
    0xdc, 0x31, 0x0, 0x0, 0x0, 0x0, 0x0, 0x0,
    0x0, 0x2d, 0xdb, 0xff, 0xf6, 0x34, 0x0, 0x0,
    0xc3, 0xff, 0xe6, 0x1c, 0x0, 0x3d, 0xba, 0xf4,
    0xf0, 0xa7, 0x63, 0xff, 0xff, 0x21, 0xdf, 0xff,
    0xcd, 0x1, 0x42, 0xff, 0xff, 0x54, 0x0, 0x59,
    0xfc, 0xff, 0xff, 0xff, 0xff, 0xfd, 0xff, 0xff,
    0xc, 0x3c, 0xff, 0xff, 0x4b, 0x95, 0xff, 0xdf,
    0x0, 0x15, 0xf4, 0xff, 0xea, 0x72, 0x5e, 0xc6,
    0xff, 0xff, 0xff, 0xc, 0x0, 0xc0, 0xff, 0x9e,
    0xcd, 0xff, 0x9a, 0x0, 0x6d, 0xff, 0xfd, 0x32,
    0x0, 0x0, 0x6, 0xd9, 0xff, 0xff, 0xc, 0x0,
    0x72, 0xff, 0xd8, 0xe5, 0xff, 0x7d, 0x0, 0x99,
    0xff, 0xd7, 0x0, 0x0, 0x0, 0x0, 0x84, 0xff,
    0xff, 0xc, 0x0, 0x4f, 0xff, 0xf1, 0xe2, 0xff,
    0x81, 0x0, 0x99, 0xff, 0xce, 0x0, 0x0, 0x0,
    0x0, 0x79, 0xff, 0xff, 0xc, 0x0, 0x50, 0xff,
    0xf2, 0xc8, 0xff, 0xa5, 0x0, 0x6e, 0xff, 0xf7,
    0x18, 0x0, 0x0, 0x0, 0xbe, 0xff, 0xff, 0x12,
    0x0, 0x78, 0xff, 0xcf, 0x8b, 0xff, 0xee, 0x7,
    0x16, 0xf5, 0xff, 0xc7, 0x36, 0x21, 0x8e, 0xff,
    0xff, 0xff, 0x78, 0x2e, 0xe2, 0xff, 0x76, 0x35,
    0xff, 0xff, 0x77, 0x0, 0x5c, 0xfd, 0xff, 0xff,
    0xff, 0xff, 0xf3, 0xae, 0xff, 0xff, 0xff, 0xff,
    0xe6, 0xe, 0x0, 0xb1, 0xff, 0xf8, 0x3d, 0x0,
    0x3e, 0xbb, 0xf3, 0xf3, 0xbb, 0x32, 0x6, 0x8a,
    0xe9, 0xf5, 0xb6, 0x26, 0x0, 0x0, 0x1c, 0xe7,
    0xff, 0xf5, 0x63, 0x1, 0x0, 0x0, 0x0, 0x0,
    0x0, 0x0, 0x0, 0x0, 0x0, 0x0, 0x0, 0x0,
    0x0, 0x0, 0x32, 0xe5, 0xff, 0xff, 0xd4, 0x78,
    0x40, 0x2d, 0x40, 0x6b, 0xae, 0x3, 0x0, 0x0,
    0x0, 0x0, 0x0, 0x0, 0x0, 0x0, 0x18, 0xab,
    0xfe, 0xff, 0xff, 0xff, 0xff, 0xff, 0xff, 0xff,
    0x4e, 0x0, 0x0, 0x0, 0x0, 0x0, 0x0, 0x0,
    0x0, 0x0, 0x0, 0x2e, 0x86, 0xca, 0xe8, 0xfa,
    0xe6, 0xc6, 0x7c, 0x1e, 0x0, 0x0, 0x0, 0x0,
    0x0,

    /* U+0041 "A" */
    0x0, 0x0, 0x0, 0x0, 0x0, 0x0, 0x71, 0xff,
    0xff, 0xff, 0xa0, 0x0, 0x0, 0x0, 0x0, 0x0,
    0x0, 0x0, 0x0, 0x0, 0x0, 0x0, 0x0, 0xd2,
    0xff, 0xff, 0xff, 0xf4, 0xc, 0x0, 0x0, 0x0,
    0x0, 0x0, 0x0, 0x0, 0x0, 0x0, 0x0, 0x34,
    0xff, 0xff, 0xff, 0xff, 0xff, 0x62, 0x0, 0x0,
    0x0, 0x0, 0x0, 0x0, 0x0, 0x0, 0x0, 0x0,
    0x95, 0xff, 0xff, 0xe9, 0xff, 0xff, 0xc3, 0x0,
    0x0, 0x0, 0x0, 0x0, 0x0, 0x0, 0x0, 0x0,
    0x7, 0xee, 0xff, 0xff, 0x54, 0xfd, 0xff, 0xff,
    0x25, 0x0, 0x0, 0x0, 0x0, 0x0, 0x0, 0x0,
    0x0, 0x58, 0xff, 0xff, 0xee, 0x4, 0xc3, 0xff,
    0xff, 0x86, 0x0, 0x0, 0x0, 0x0, 0x0, 0x0,
    0x0, 0x0, 0xb9, 0xff, 0xff, 0x9a, 0x0, 0x6b,
    0xff, 0xff, 0xe4, 0x2, 0x0, 0x0, 0x0, 0x0,
    0x0, 0x0, 0x1d, 0xfd, 0xff, 0xff, 0x3e, 0x0,
    0x14, 0xfa, 0xff, 0xff, 0x48, 0x0, 0x0, 0x0,
    0x0, 0x0, 0x0, 0x7c, 0xff, 0xff, 0xe0, 0x1,
    0x0, 0x0, 0xb3, 0xff, 0xff, 0xa9, 0x0, 0x0,
    0x0, 0x0, 0x0, 0x1, 0xdc, 0xff, 0xff, 0x86,
    0x0, 0x0, 0x0, 0x56, 0xff, 0xff, 0xf8, 0x12,
    0x0, 0x0, 0x0, 0x0, 0x3f, 0xff, 0xff, 0xff,
    0xff, 0xff, 0xff, 0xff, 0xff, 0xff, 0xff, 0xff,
    0x6b, 0x0, 0x0, 0x0, 0x0, 0xa0, 0xff, 0xff,
    0xff, 0xff, 0xff, 0xff, 0xff, 0xff, 0xff, 0xff,
    0xff, 0xcd, 0x0, 0x0, 0x0, 0xd, 0xf4, 0xff,
    0xff, 0xf4, 0xf0, 0xf0, 0xf0, 0xf0, 0xf0, 0xf1,
    0xff, 0xff, 0xff, 0x2e, 0x0, 0x0, 0x63, 0xff,
    0xff, 0xfc, 0x18, 0x0, 0x0, 0x0, 0x0, 0x0,
    0x2, 0xe4, 0xff, 0xff, 0x8f, 0x0, 0x0, 0xc5,
    0xff, 0xff, 0xbb, 0x0, 0x0, 0x0, 0x0, 0x0,
    0x0, 0x0, 0x8e, 0xff, 0xff, 0xeb, 0x5, 0x26,
    0xff, 0xff, 0xff, 0x62, 0x0, 0x0, 0x0, 0x0,
    0x0, 0x0, 0x0, 0x35, 0xff, 0xff, 0xff, 0x51,
    0x87, 0xff, 0xff, 0xf8, 0xf, 0x0, 0x0, 0x0,
    0x0, 0x0, 0x0, 0x0, 0x0, 0xdb, 0xff, 0xff,
    0xb3,

    /* U+0042 "B" */
    0x44, 0xff, 0xff, 0xff, 0xff, 0xff, 0xff, 0xfc,
    0xe4, 0xa1, 0x2d, 0x0, 0x0, 0x0, 0x44, 0xff,
    0xff, 0xff, 0xff, 0xff, 0xff, 0xff, 0xff, 0xff,
    0xfa, 0x5e, 0x0, 0x0, 0x44, 0xff, 0xff, 0xff,
    0xe0, 0xe0, 0xe0, 0xea, 0xff, 0xff, 0xff, 0xfa,
    0x29, 0x0, 0x44, 0xff, 0xff, 0xf8, 0x0, 0x0,
    0x0, 0x0, 0x35, 0xee, 0xff, 0xff, 0x8d, 0x0,
    0x44, 0xff, 0xff, 0xf8, 0x0, 0x0, 0x0, 0x0,
    0x0, 0x86, 0xff, 0xff, 0xab, 0x0, 0x44, 0xff,
    0xff, 0xf8, 0x0, 0x0, 0x0, 0x0, 0x0, 0x91,
    0xff, 0xff, 0x8d, 0x0, 0x44, 0xff, 0xff, 0xf8,
    0x0, 0x0, 0x0, 0xb, 0x57, 0xf6, 0xff, 0xfb,
    0x2b, 0x0, 0x44, 0xff, 0xff, 0xff, 0xff, 0xff,
    0xff, 0xff, 0xff, 0xff, 0xf5, 0x59, 0x0, 0x0,
    0x44, 0xff, 0xff, 0xff, 0xff, 0xff, 0xff, 0xff,
    0xff, 0xff, 0xb9, 0x1f, 0x0, 0x0, 0x44, 0xff,
    0xff, 0xfe, 0xc0, 0xc0, 0xc0, 0xc5, 0xe9, 0xff,
    0xff, 0xf0, 0x3a, 0x0, 0x44, 0xff, 0xff, 0xf8,
    0x0, 0x0, 0x0, 0x0, 0x3, 0x8b, 0xff, 0xff,
    0xdd, 0x5, 0x44, 0xff, 0xff, 0xf8, 0x0, 0x0,
    0x0, 0x0, 0x0, 0x5, 0xf8, 0xff, 0xff, 0x35,
    0x44, 0xff, 0xff, 0xf8, 0x0, 0x0, 0x0, 0x0,
    0x0, 0xb, 0xfb, 0xff, 0xff, 0x4b, 0x44, 0xff,
    0xff, 0xf8, 0x0, 0x0, 0x0, 0x0, 0x17, 0xa9,
    0xff, 0xff, 0xff, 0x24, 0x44, 0xff, 0xff, 0xff,
    0xf0, 0xf0, 0xf0, 0xf3, 0xff, 0xff, 0xff, 0xff,
    0xb6, 0x0, 0x44, 0xff, 0xff, 0xff, 0xff, 0xff,
    0xff, 0xff, 0xff, 0xff, 0xff, 0xce, 0x15, 0x0,
    0x44, 0xff, 0xff, 0xff, 0xff, 0xff, 0xff, 0xff,
    0xf0, 0xc2, 0x68, 0x5, 0x0, 0x0,

    /* U+0043 "C" */
    0x0, 0x0, 0x0, 0x0, 0x0, 0x7, 0x61, 0xae,
    0xe0, 0xf6, 0xf1, 0xd8, 0x9a, 0x41, 0x0, 0x0,
    0x0, 0x0, 0x0, 0x0, 0x0, 0x55, 0xe4, 0xff,
    0xff, 0xff, 0xff, 0xff, 0xff, 0xff, 0xff, 0xb5,
    0x19, 0x0, 0x0, 0x0, 0x0, 0x83, 0xff, 0xff,
    0xff, 0xff, 0xff, 0xff, 0xff, 0xff, 0xff, 0xff,
    0xff, 0xde, 0x16, 0x0, 0x0, 0x68, 0xff, 0xff,
    0xff, 0xee, 0x82, 0x33, 0x11, 0x17, 0x45, 0xae,
    0xff, 0xff, 0x81, 0x0, 0x0, 0x19, 0xf3, 0xff,
    0xff, 0xcd, 0x1a, 0x0, 0x0, 0x0, 0x0, 0x0,
    0x0, 0x5b, 0x69, 0x0, 0x0, 0x0, 0x87, 0xff,
    0xff, 0xef, 0x17, 0x0, 0x0, 0x0, 0x0, 0x0,
    0x0, 0x0, 0x0, 0x0, 0x0, 0x0, 0x0, 0xd8,
    0xff, 0xff, 0x81, 0x0, 0x0, 0x0, 0x0, 0x0,
    0x0, 0x0, 0x0, 0x0, 0x0, 0x0, 0x0, 0x4,
    0xfe, 0xff, 0xff, 0x3b, 0x0, 0x0, 0x0, 0x0,
    0x0, 0x0, 0x0, 0x0, 0x0, 0x0, 0x0, 0x0,
    0x16, 0xff, 0xff, 0xff, 0x26, 0x0, 0x0, 0x0,
    0x0, 0x0, 0x0, 0x0, 0x0, 0x0, 0x0, 0x0,
    0x0, 0x4, 0xfe, 0xff, 0xff, 0x3a, 0x0, 0x0,
    0x0, 0x0, 0x0, 0x0, 0x0, 0x0, 0x0, 0x0,
    0x0, 0x0, 0x0, 0xd9, 0xff, 0xff, 0x7f, 0x0,
    0x0, 0x0, 0x0, 0x0, 0x0, 0x0, 0x0, 0x0,
    0x0, 0x0, 0x0, 0x0, 0x88, 0xff, 0xff, 0xee,
    0x17, 0x0, 0x0, 0x0, 0x0, 0x0, 0x0, 0x0,
    0x0, 0x4, 0x0, 0x0, 0x0, 0x1a, 0xf4, 0xff,
    0xff, 0xca, 0x18, 0x0, 0x0, 0x0, 0x0, 0x0,
    0x0, 0x42, 0xdf, 0x36, 0x0, 0x0, 0x0, 0x69,
    0xff, 0xff, 0xff, 0xed, 0x81, 0x33, 0x10, 0x16,
    0x3f, 0x9c, 0xfd, 0xff, 0xf4, 0x47, 0x0, 0x0,
    0x0, 0x84, 0xff, 0xff, 0xff, 0xff, 0xff, 0xff,
    0xff, 0xff, 0xff, 0xff, 0xff, 0xf2, 0x3e, 0x0,
    0x0, 0x0, 0x0, 0x55, 0xe4, 0xff, 0xff, 0xff,
    0xff, 0xff, 0xff, 0xff, 0xff, 0xc9, 0x2f, 0x0,
    0x0, 0x0, 0x0, 0x0, 0x0, 0x8, 0x61, 0xaf,
    0xe0, 0xf6, 0xf2, 0xd9, 0xa1, 0x4e, 0x1, 0x0,
    0x0,

    /* U+0044 "D" */
    0x44, 0xff, 0xff, 0xff, 0xff, 0xff, 0xfd, 0xeb,
    0xd0, 0x90, 0x39, 0x0, 0x0, 0x0, 0x0, 0x0,
    0x44, 0xff, 0xff, 0xff, 0xff, 0xff, 0xff, 0xff,
    0xff, 0xff, 0xff, 0xba, 0x1b, 0x0, 0x0, 0x0,
    0x44, 0xff, 0xff, 0xff, 0xff, 0xff, 0xff, 0xff,
    0xff, 0xff, 0xff, 0xff, 0xe9, 0x28, 0x0, 0x0,
    0x44, 0xff, 0xff, 0xf8, 0x8, 0x8, 0xb, 0x1e,
    0x53, 0xb7, 0xff, 0xff, 0xff, 0xda, 0xa, 0x0,
    0x44, 0xff, 0xff, 0xf8, 0x0, 0x0, 0x0, 0x0,
    0x0, 0x0, 0x68, 0xff, 0xff, 0xff, 0x76, 0x0,
    0x44, 0xff, 0xff, 0xf8, 0x0, 0x0, 0x0, 0x0,
    0x0, 0x0, 0x0, 0x9c, 0xff, 0xff, 0xdf, 0x0,
    0x44, 0xff, 0xff, 0xf8, 0x0, 0x0, 0x0, 0x0,
    0x0, 0x0, 0x0, 0x2d, 0xff, 0xff, 0xff, 0x26,
    0x44, 0xff, 0xff, 0xf8, 0x0, 0x0, 0x0, 0x0,
    0x0, 0x0, 0x0, 0x1, 0xf4, 0xff, 0xff, 0x49,
    0x44, 0xff, 0xff, 0xf8, 0x0, 0x0, 0x0, 0x0,
    0x0, 0x0, 0x0, 0x0, 0xe5, 0xff, 0xff, 0x5a,
    0x44, 0xff, 0xff, 0xf8, 0x0, 0x0, 0x0, 0x0,
    0x0, 0x0, 0x0, 0x1, 0xf4, 0xff, 0xff, 0x4a,
    0x44, 0xff, 0xff, 0xf8, 0x0, 0x0, 0x0, 0x0,
    0x0, 0x0, 0x0, 0x2d, 0xff, 0xff, 0xff, 0x28,
    0x44, 0xff, 0xff, 0xf8, 0x0, 0x0, 0x0, 0x0,
    0x0, 0x0, 0x0, 0x9d, 0xff, 0xff, 0xe1, 0x0,
    0x44, 0xff, 0xff, 0xf8, 0x0, 0x0, 0x0, 0x0,
    0x0, 0x0, 0x68, 0xff, 0xff, 0xff, 0x79, 0x0,
    0x44, 0xff, 0xff, 0xf8, 0x8, 0x8, 0xb, 0x1e,
    0x52, 0xb6, 0xff, 0xff, 0xff, 0xdd, 0xc, 0x0,
    0x44, 0xff, 0xff, 0xff, 0xff, 0xff, 0xff, 0xff,
    0xff, 0xff, 0xff, 0xff, 0xeb, 0x2a, 0x0, 0x0,
    0x44, 0xff, 0xff, 0xff, 0xff, 0xff, 0xff, 0xff,
    0xff, 0xff, 0xff, 0xbd, 0x1d, 0x0, 0x0, 0x0,
    0x44, 0xff, 0xff, 0xff, 0xff, 0xff, 0xfd, 0xed,
    0xd2, 0x94, 0x3d, 0x0, 0x0, 0x0, 0x0, 0x0,

    /* U+0045 "E" */
    0x44, 0xff, 0xff, 0xff, 0xff, 0xff, 0xff, 0xff,
    0xff, 0xff, 0xff, 0xa0, 0x44, 0xff, 0xff, 0xff,
    0xff, 0xff, 0xff, 0xff, 0xff, 0xff, 0xff, 0xa0,
    0x44, 0xff, 0xff, 0xff, 0xff, 0xff, 0xff, 0xff,
    0xff, 0xff, 0xff, 0xa0, 0x44, 0xff, 0xff, 0xf8,
    0x8, 0x8, 0x8, 0x8, 0x8, 0x8, 0x8, 0x5,
    0x44, 0xff, 0xff, 0xf8, 0x0, 0x0, 0x0, 0x0,
    0x0, 0x0, 0x0, 0x0, 0x44, 0xff, 0xff, 0xf8,
    0x0, 0x0, 0x0, 0x0, 0x0, 0x0, 0x0, 0x0,
    0x44, 0xff, 0xff, 0xf8, 0x0, 0x0, 0x0, 0x0,
    0x0, 0x0, 0x0, 0x0, 0x44, 0xff, 0xff, 0xff,
    0xff, 0xff, 0xff, 0xff, 0xff, 0xff, 0xdc, 0x0,
    0x44, 0xff, 0xff, 0xff, 0xff, 0xff, 0xff, 0xff,
    0xff, 0xff, 0xdc, 0x0, 0x44, 0xff, 0xff, 0xff,
    0xff, 0xff, 0xff, 0xff, 0xff, 0xff, 0xdc, 0x0,
    0x44, 0xff, 0xff, 0xf8, 0xc, 0xc, 0xc, 0xc,
    0xc, 0xc, 0xa, 0x0, 0x44, 0xff, 0xff, 0xf8,
    0x0, 0x0, 0x0, 0x0, 0x0, 0x0, 0x0, 0x0,
    0x44, 0xff, 0xff, 0xf8, 0x0, 0x0, 0x0, 0x0,
    0x0, 0x0, 0x0, 0x0, 0x44, 0xff, 0xff, 0xf8,
    0x8, 0x8, 0x8, 0x8, 0x8, 0x8, 0x8, 0x5,
    0x44, 0xff, 0xff, 0xff, 0xff, 0xff, 0xff, 0xff,
    0xff, 0xff, 0xff, 0xa0, 0x44, 0xff, 0xff, 0xff,
    0xff, 0xff, 0xff, 0xff, 0xff, 0xff, 0xff, 0xa0,
    0x44, 0xff, 0xff, 0xff, 0xff, 0xff, 0xff, 0xff,
    0xff, 0xff, 0xff, 0xa0,

    /* U+0046 "F" */
    0x44, 0xff, 0xff, 0xff, 0xff, 0xff, 0xff, 0xff,
    0xff, 0xff, 0xff, 0xa0, 0x44, 0xff, 0xff, 0xff,
    0xff, 0xff, 0xff, 0xff, 0xff, 0xff, 0xff, 0xa0,
    0x44, 0xff, 0xff, 0xff, 0xff, 0xff, 0xff, 0xff,
    0xff, 0xff, 0xff, 0xa0, 0x44, 0xff, 0xff, 0xf8,
    0x8, 0x8, 0x8, 0x8, 0x8, 0x8, 0x8, 0x5,
    0x44, 0xff, 0xff, 0xf8, 0x0, 0x0, 0x0, 0x0,
    0x0, 0x0, 0x0, 0x0, 0x44, 0xff, 0xff, 0xf8,
    0x0, 0x0, 0x0, 0x0, 0x0, 0x0, 0x0, 0x0,
    0x44, 0xff, 0xff, 0xf8, 0x0, 0x0, 0x0, 0x0,
    0x0, 0x0, 0x0, 0x0, 0x44, 0xff, 0xff, 0xff,
    0xff, 0xff, 0xff, 0xff, 0xff, 0xff, 0xdc, 0x0,
    0x44, 0xff, 0xff, 0xff, 0xff, 0xff, 0xff, 0xff,
    0xff, 0xff, 0xdc, 0x0, 0x44, 0xff, 0xff, 0xff,
    0xff, 0xff, 0xff, 0xff, 0xff, 0xff, 0xdc, 0x0,
    0x44, 0xff, 0xff, 0xf8, 0xc, 0xc, 0xc, 0xc,
    0xc, 0xc, 0xa, 0x0, 0x44, 0xff, 0xff, 0xf8,
    0x0, 0x0, 0x0, 0x0, 0x0, 0x0, 0x0, 0x0,
    0x44, 0xff, 0xff, 0xf8, 0x0, 0x0, 0x0, 0x0,
    0x0, 0x0, 0x0, 0x0, 0x44, 0xff, 0xff, 0xf8,
    0x0, 0x0, 0x0, 0x0, 0x0, 0x0, 0x0, 0x0,
    0x44, 0xff, 0xff, 0xf8, 0x0, 0x0, 0x0, 0x0,
    0x0, 0x0, 0x0, 0x0, 0x44, 0xff, 0xff, 0xf8,
    0x0, 0x0, 0x0, 0x0, 0x0, 0x0, 0x0, 0x0,
    0x44, 0xff, 0xff, 0xf8, 0x0, 0x0, 0x0, 0x0,
    0x0, 0x0, 0x0, 0x0,

    /* U+0047 "G" */
    0x0, 0x0, 0x0, 0x0, 0x0, 0x5, 0x5b, 0xa8,
    0xde, 0xf5, 0xf2, 0xdb, 0xa5, 0x53, 0x2, 0x0,
    0x0, 0x0, 0x0, 0x0, 0x0, 0x0, 0x0, 0x50,
    0xe1, 0xff, 0xff, 0xff, 0xff, 0xff, 0xff, 0xff,
    0xff, 0xd3, 0x39, 0x0, 0x0, 0x0, 0x0, 0x0,
    0x0, 0x80, 0xff, 0xff, 0xff, 0xff, 0xff, 0xff,
    0xff, 0xff, 0xff, 0xff, 0xff, 0xf8, 0x38, 0x0,
    0x0, 0x0, 0x0, 0x65, 0xff, 0xff, 0xff, 0xf1,
    0x87, 0x36, 0x11, 0x13, 0x32, 0x7c, 0xeb, 0xff,
    0x88, 0x1, 0x0, 0x0, 0x0, 0x17, 0xf2, 0xff,
    0xff, 0xd1, 0x1e, 0x0, 0x0, 0x0, 0x0, 0x0,
    0x0, 0x15, 0x50, 0x0, 0x0, 0x0, 0x0, 0x0,
    0x84, 0xff, 0xff, 0xf1, 0x1a, 0x0, 0x0, 0x0,
    0x0, 0x0, 0x0, 0x0, 0x0, 0x0, 0x0, 0x0,
    0x0, 0x0, 0x0, 0xd8, 0xff, 0xff, 0x84, 0x0,
    0x0, 0x0, 0x0, 0x0, 0x0, 0x0, 0x0, 0x0,
    0x0, 0x0, 0x0, 0x0, 0x0, 0x4, 0xfd, 0xff,
    0xff, 0x3b, 0x0, 0x0, 0x0, 0x0, 0x14, 0xbc,
    0xbc, 0xbc, 0xbc, 0xbc, 0xbc, 0xbc, 0xbc, 0x47,
    0x15, 0xff, 0xff, 0xff, 0x26, 0x0, 0x0, 0x0,
    0x0, 0x1c, 0xff, 0xff, 0xff, 0xff, 0xff, 0xff,
    0xff, 0xff, 0x76, 0x4, 0xfd, 0xff, 0xff, 0x3b,
    0x0, 0x0, 0x0, 0x0, 0x1c, 0xff, 0xff, 0xff,
    0xff, 0xff, 0xff, 0xff, 0xff, 0x6c, 0x0, 0xd8,
    0xff, 0xff, 0x83, 0x0, 0x0, 0x0, 0x0, 0x0,
    0x0, 0x0, 0x0, 0x0, 0x2, 0xe4, 0xff, 0xff,
    0x4f, 0x0, 0x84, 0xff, 0xff, 0xf0, 0x1a, 0x0,
    0x0, 0x0, 0x0, 0x0, 0x0, 0x0, 0x0, 0x51,
    0xff, 0xff, 0xfd, 0x12, 0x0, 0x17, 0xf2, 0xff,
    0xff, 0xd1, 0x1e, 0x0, 0x0, 0x0, 0x0, 0x0,
    0x0, 0x2b, 0xec, 0xff, 0xff, 0xab, 0x0, 0x0,
    0x0, 0x65, 0xff, 0xff, 0xff, 0xf1, 0x88, 0x37,
    0x12, 0x12, 0x34, 0x89, 0xf5, 0xff, 0xff, 0xf4,
    0x28, 0x0, 0x0, 0x0, 0x0, 0x80, 0xff, 0xff,
    0xff, 0xff, 0xff, 0xff, 0xff, 0xff, 0xff, 0xff,
    0xff, 0xf9, 0x52, 0x0, 0x0, 0x0, 0x0, 0x0,
    0x0, 0x51, 0xe3, 0xff, 0xff, 0xff, 0xff, 0xff,
    0xff, 0xff, 0xff, 0xda, 0x3c, 0x0, 0x0, 0x0,
    0x0, 0x0, 0x0, 0x0, 0x0, 0x6, 0x5f, 0xab,
    0xdf, 0xf5, 0xf4, 0xde, 0xab, 0x5c, 0x4, 0x0,
    0x0, 0x0, 0x0,

    /* U+0048 "H" */
    0x44, 0xff, 0xff, 0xf8, 0x0, 0x0, 0x0, 0x0,
    0x0, 0x0, 0x0, 0xd0, 0xff, 0xff, 0x70, 0x44,
    0xff, 0xff, 0xf8, 0x0, 0x0, 0x0, 0x0, 0x0,
    0x0, 0x0, 0xd0, 0xff, 0xff, 0x70, 0x44, 0xff,
    0xff, 0xf8, 0x0, 0x0, 0x0, 0x0, 0x0, 0x0,
    0x0, 0xd0, 0xff, 0xff, 0x70, 0x44, 0xff, 0xff,
    0xf8, 0x0, 0x0, 0x0, 0x0, 0x0, 0x0, 0x0,
    0xd0, 0xff, 0xff, 0x70, 0x44, 0xff, 0xff, 0xf8,
    0x0, 0x0, 0x0, 0x0, 0x0, 0x0, 0x0, 0xd0,
    0xff, 0xff, 0x70, 0x44, 0xff, 0xff, 0xf8, 0x0,
    0x0, 0x0, 0x0, 0x0, 0x0, 0x0, 0xd0, 0xff,
    0xff, 0x70, 0x44, 0xff, 0xff, 0xf8, 0xc, 0xc,
    0xc, 0xc, 0xc, 0xc, 0xc, 0xd2, 0xff, 0xff,
    0x70, 0x44, 0xff, 0xff, 0xff, 0xff, 0xff, 0xff,
    0xff, 0xff, 0xff, 0xff, 0xff, 0xff, 0xff, 0x70,
    0x44, 0xff, 0xff, 0xff, 0xff, 0xff, 0xff, 0xff,
    0xff, 0xff, 0xff, 0xff, 0xff, 0xff, 0x70, 0x44,
    0xff, 0xff, 0xff, 0xff, 0xff, 0xff, 0xff, 0xff,
    0xff, 0xff, 0xff, 0xff, 0xff, 0x70, 0x44, 0xff,
    0xff, 0xf8, 0x0, 0x0, 0x0, 0x0, 0x0, 0x0,
    0x0, 0xd0, 0xff, 0xff, 0x70, 0x44, 0xff, 0xff,
    0xf8, 0x0, 0x0, 0x0, 0x0, 0x0, 0x0, 0x0,
    0xd0, 0xff, 0xff, 0x70, 0x44, 0xff, 0xff, 0xf8,
    0x0, 0x0, 0x0, 0x0, 0x0, 0x0, 0x0, 0xd0,
    0xff, 0xff, 0x70, 0x44, 0xff, 0xff, 0xf8, 0x0,
    0x0, 0x0, 0x0, 0x0, 0x0, 0x0, 0xd0, 0xff,
    0xff, 0x70, 0x44, 0xff, 0xff, 0xf8, 0x0, 0x0,
    0x0, 0x0, 0x0, 0x0, 0x0, 0xd0, 0xff, 0xff,
    0x70, 0x44, 0xff, 0xff, 0xf8, 0x0, 0x0, 0x0,
    0x0, 0x0, 0x0, 0x0, 0xd0, 0xff, 0xff, 0x70,
    0x44, 0xff, 0xff, 0xf8, 0x0, 0x0, 0x0, 0x0,
    0x0, 0x0, 0x0, 0xd0, 0xff, 0xff, 0x70,

    /* U+0049 "I" */
    0x44, 0xff, 0xff, 0xf8, 0x44, 0xff, 0xff, 0xf8,
    0x44, 0xff, 0xff, 0xf8, 0x44, 0xff, 0xff, 0xf8,
    0x44, 0xff, 0xff, 0xf8, 0x44, 0xff, 0xff, 0xf8,
    0x44, 0xff, 0xff, 0xf8, 0x44, 0xff, 0xff, 0xf8,
    0x44, 0xff, 0xff, 0xf8, 0x44, 0xff, 0xff, 0xf8,
    0x44, 0xff, 0xff, 0xf8, 0x44, 0xff, 0xff, 0xf8,
    0x44, 0xff, 0xff, 0xf8, 0x44, 0xff, 0xff, 0xf8,
    0x44, 0xff, 0xff, 0xf8, 0x44, 0xff, 0xff, 0xf8,
    0x44, 0xff, 0xff, 0xf8,

    /* U+004A "J" */
    0x0, 0x0, 0x0, 0x0, 0x0, 0x0, 0x0, 0x0,
    0x5c, 0xff, 0xff, 0xe0, 0x0, 0x0, 0x0, 0x0,
    0x0, 0x0, 0x0, 0x0, 0x5c, 0xff, 0xff, 0xe0,
    0x0, 0x0, 0x0, 0x0, 0x0, 0x0, 0x0, 0x0,
    0x5c, 0xff, 0xff, 0xe0, 0x0, 0x0, 0x0, 0x0,
    0x0, 0x0, 0x0, 0x0, 0x5c, 0xff, 0xff, 0xe0,
    0x0, 0x0, 0x0, 0x0, 0x0, 0x0, 0x0, 0x0,
    0x5c, 0xff, 0xff, 0xe0, 0x0, 0x0, 0x0, 0x0,
    0x0, 0x0, 0x0, 0x0, 0x5c, 0xff, 0xff, 0xe0,
    0x0, 0x0, 0x0, 0x0, 0x0, 0x0, 0x0, 0x0,
    0x5c, 0xff, 0xff, 0xe0, 0x0, 0x0, 0x0, 0x0,
    0x0, 0x0, 0x0, 0x0, 0x5c, 0xff, 0xff, 0xe0,
    0x0, 0x0, 0x0, 0x0, 0x0, 0x0, 0x0, 0x0,
    0x5c, 0xff, 0xff, 0xe0, 0x0, 0x0, 0x0, 0x0,
    0x0, 0x0, 0x0, 0x0, 0x5c, 0xff, 0xff, 0xe0,
    0x0, 0x0, 0x0, 0x0, 0x0, 0x0, 0x0, 0x0,
    0x5c, 0xff, 0xff, 0xe0, 0x0, 0x0, 0x0, 0x16,
    0x0, 0x0, 0x0, 0x0, 0x64, 0xff, 0xff, 0xdb,
    0x10, 0x70, 0xd5, 0xda, 0x5, 0x0, 0x0, 0x0,
    0x97, 0xff, 0xff, 0xc3, 0x27, 0xfd, 0xff, 0xff,
    0xad, 0x29, 0x14, 0x61, 0xf9, 0xff, 0xff, 0x82,
    0x0, 0xa0, 0xff, 0xff, 0xff, 0xff, 0xff, 0xff,
    0xff, 0xff, 0xf3, 0x18, 0x0, 0x7, 0xb4, 0xff,
    0xff, 0xff, 0xff, 0xff, 0xff, 0xf5, 0x4c, 0x0,
    0x0, 0x0, 0x2, 0x60, 0xc1, 0xf1, 0xfa, 0xdf,
    0x99, 0x25, 0x0, 0x0,

    /* U+004B "K" */
    0x44, 0xff, 0xff, 0xf8, 0x0, 0x0, 0x0, 0x0,
    0x0, 0x18, 0xe1, 0xff, 0xff, 0xed, 0x24, 0x0,
    0x44, 0xff, 0xff, 0xf8, 0x0, 0x0, 0x0, 0x0,
    0xa, 0xcb, 0xff, 0xff, 0xf8, 0x3c, 0x0, 0x0,
    0x44, 0xff, 0xff, 0xf8, 0x0, 0x0, 0x0, 0x2,
    0xaf, 0xff, 0xff, 0xfe, 0x55, 0x0, 0x0, 0x0,
    0x44, 0xff, 0xff, 0xf8, 0x0, 0x0, 0x0, 0x8e,
    0xff, 0xff, 0xff, 0x72, 0x0, 0x0, 0x0, 0x0,
    0x44, 0xff, 0xff, 0xf8, 0x0, 0x0, 0x69, 0xff,
    0xff, 0xff, 0x91, 0x0, 0x0, 0x0, 0x0, 0x0,
    0x44, 0xff, 0xff, 0xf8, 0x0, 0x49, 0xfc, 0xff,
    0xff, 0xae, 0x2, 0x0, 0x0, 0x0, 0x0, 0x0,
    0x44, 0xff, 0xff, 0xf8, 0x2e, 0xf2, 0xff, 0xff,
    0xc6, 0x9, 0x0, 0x0, 0x0, 0x0, 0x0, 0x0,
    0x44, 0xff, 0xff, 0xfd, 0xe7, 0xff, 0xff, 0xff,
    0x5c, 0x0, 0x0, 0x0, 0x0, 0x0, 0x0, 0x0,
    0x44, 0xff, 0xff, 0xff, 0xff, 0xff, 0xff, 0xff,
    0xea, 0x17, 0x0, 0x0, 0x0, 0x0, 0x0, 0x0,
    0x44, 0xff, 0xff, 0xff, 0xff, 0xf9, 0xff, 0xff,
    0xff, 0xb6, 0x0, 0x0, 0x0, 0x0, 0x0, 0x0,
    0x44, 0xff, 0xff, 0xff, 0xfe, 0x58, 0x93, 0xff,
    0xff, 0xff, 0x6c, 0x0, 0x0, 0x0, 0x0, 0x0,
    0x44, 0xff, 0xff, 0xff, 0x78, 0x0, 0x8, 0xd4,
    0xff, 0xff, 0xf6, 0x2a, 0x0, 0x0, 0x0, 0x0,
    0x44, 0xff, 0xff, 0xf8, 0x0, 0x0, 0x0, 0x2e,
    0xf8, 0xff, 0xff, 0xcf, 0x6, 0x0, 0x0, 0x0,
    0x44, 0xff, 0xff, 0xf8, 0x0, 0x0, 0x0, 0x0,
    0x71, 0xff, 0xff, 0xff, 0x8a, 0x0, 0x0, 0x0,
    0x44, 0xff, 0xff, 0xf8, 0x0, 0x0, 0x0, 0x0,
    0x1, 0xb9, 0xff, 0xff, 0xfd, 0x41, 0x0, 0x0,
    0x44, 0xff, 0xff, 0xf8, 0x0, 0x0, 0x0, 0x0,
    0x0, 0x19, 0xeb, 0xff, 0xff, 0xe3, 0x11, 0x0,
    0x44, 0xff, 0xff, 0xf8, 0x0, 0x0, 0x0, 0x0,
    0x0, 0x0, 0x4f, 0xff, 0xff, 0xff, 0xa9, 0x0,

    /* U+004C "L" */
    0x44, 0xff, 0xff, 0xf8, 0x0, 0x0, 0x0, 0x0,
    0x0, 0x0, 0x0, 0x0, 0x44, 0xff, 0xff, 0xf8,
    0x0, 0x0, 0x0, 0x0, 0x0, 0x0, 0x0, 0x0,
    0x44, 0xff, 0xff, 0xf8, 0x0, 0x0, 0x0, 0x0,
    0x0, 0x0, 0x0, 0x0, 0x44, 0xff, 0xff, 0xf8,
    0x0, 0x0, 0x0, 0x0, 0x0, 0x0, 0x0, 0x0,
    0x44, 0xff, 0xff, 0xf8, 0x0, 0x0, 0x0, 0x0,
    0x0, 0x0, 0x0, 0x0, 0x44, 0xff, 0xff, 0xf8,
    0x0, 0x0, 0x0, 0x0, 0x0, 0x0, 0x0, 0x0,
    0x44, 0xff, 0xff, 0xf8, 0x0, 0x0, 0x0, 0x0,
    0x0, 0x0, 0x0, 0x0, 0x44, 0xff, 0xff, 0xf8,
    0x0, 0x0, 0x0, 0x0, 0x0, 0x0, 0x0, 0x0,
    0x44, 0xff, 0xff, 0xf8, 0x0, 0x0, 0x0, 0x0,
    0x0, 0x0, 0x0, 0x0, 0x44, 0xff, 0xff, 0xf8,
    0x0, 0x0, 0x0, 0x0, 0x0, 0x0, 0x0, 0x0,
    0x44, 0xff, 0xff, 0xf8, 0x0, 0x0, 0x0, 0x0,
    0x0, 0x0, 0x0, 0x0, 0x44, 0xff, 0xff, 0xf8,
    0x0, 0x0, 0x0, 0x0, 0x0, 0x0, 0x0, 0x0,
    0x44, 0xff, 0xff, 0xf8, 0x0, 0x0, 0x0, 0x0,
    0x0, 0x0, 0x0, 0x0, 0x44, 0xff, 0xff, 0xf8,
    0x8, 0x8, 0x8, 0x8, 0x8, 0x8, 0x8, 0x1,
    0x44, 0xff, 0xff, 0xff, 0xff, 0xff, 0xff, 0xff,
    0xff, 0xff, 0xff, 0x3c, 0x44, 0xff, 0xff, 0xff,
    0xff, 0xff, 0xff, 0xff, 0xff, 0xff, 0xff, 0x3c,
    0x44, 0xff, 0xff, 0xff, 0xff, 0xff, 0xff, 0xff,
    0xff, 0xff, 0xff, 0x3c,

    /* U+004D "M" */
    0x44, 0xff, 0xff, 0xfe, 0x37, 0x0, 0x0, 0x0,
    0x0, 0x0, 0x0, 0x0, 0x0, 0x0, 0xab, 0xff,
    0xff, 0xd8, 0x44, 0xff, 0xff, 0xff, 0xc9, 0x1,
    0x0, 0x0, 0x0, 0x0, 0x0, 0x0, 0x0, 0x40,
    0xff, 0xff, 0xff, 0xd8, 0x44, 0xff, 0xff, 0xff,
    0xff, 0x60, 0x0, 0x0, 0x0, 0x0, 0x0, 0x0,
    0x3, 0xd1, 0xff, 0xff, 0xff, 0xd8, 0x44, 0xff,
    0xff, 0xff, 0xff, 0xe7, 0xe, 0x0, 0x0, 0x0,
    0x0, 0x0, 0x6b, 0xff, 0xff, 0xff, 0xff, 0xd8,
    0x44, 0xff, 0xff, 0xff, 0xff, 0xff, 0x8b, 0x0,
    0x0, 0x0, 0x0, 0x12, 0xed, 0xff, 0xff, 0xff,
    0xff, 0xd8, 0x44, 0xff, 0xff, 0xf1, 0xff, 0xff,
    0xfa, 0x26, 0x0, 0x0, 0x0, 0x96, 0xff, 0xff,
    0xf1, 0xff, 0xff, 0xd8, 0x44, 0xff, 0xff, 0xc7,
    0xa8, 0xff, 0xff, 0xb6, 0x0, 0x0, 0x2e, 0xfc,
    0xff, 0xfe, 0x71, 0xff, 0xff, 0xd8, 0x44, 0xff,
    0xff, 0xd8, 0x1e, 0xf6, 0xff, 0xff, 0x4b, 0x0,
    0xbf, 0xff, 0xff, 0xa0, 0x4d, 0xff, 0xff, 0xd8,
    0x44, 0xff, 0xff, 0xe8, 0x0, 0x81, 0xff, 0xff,
    0xda, 0x5b, 0xff, 0xff, 0xf4, 0x1a, 0x5c, 0xff,
    0xff, 0xd8, 0x44, 0xff, 0xff, 0xec, 0x0, 0xa,
    0xe3, 0xff, 0xff, 0xff, 0xff, 0xff, 0x7b, 0x0,
    0x60, 0xff, 0xff, 0xd8, 0x44, 0xff, 0xff, 0xec,
    0x0, 0x0, 0x5a, 0xff, 0xff, 0xff, 0xff, 0xe0,
    0x8, 0x0, 0x60, 0xff, 0xff, 0xd8, 0x44, 0xff,
    0xff, 0xec, 0x0, 0x0, 0x0, 0xc5, 0xff, 0xff,
    0xff, 0x55, 0x0, 0x0, 0x60, 0xff, 0xff, 0xd8,
    0x44, 0xff, 0xff, 0xec, 0x0, 0x0, 0x0, 0x35,
    0xfe, 0xff, 0xc2, 0x0, 0x0, 0x0, 0x60, 0xff,
    0xff, 0xd8, 0x44, 0xff, 0xff, 0xec, 0x0, 0x0,
    0x0, 0x0, 0x50, 0x64, 0x24, 0x0, 0x0, 0x0,
    0x60, 0xff, 0xff, 0xd8, 0x44, 0xff, 0xff, 0xec,
    0x0, 0x0, 0x0, 0x0, 0x0, 0x0, 0x0, 0x0,
    0x0, 0x0, 0x60, 0xff, 0xff, 0xd8, 0x44, 0xff,
    0xff, 0xec, 0x0, 0x0, 0x0, 0x0, 0x0, 0x0,
    0x0, 0x0, 0x0, 0x0, 0x60, 0xff, 0xff, 0xd8,
    0x44, 0xff, 0xff, 0xec, 0x0, 0x0, 0x0, 0x0,
    0x0, 0x0, 0x0, 0x0, 0x0, 0x0, 0x60, 0xff,
    0xff, 0xd8,

    /* U+004E "N" */
    0x44, 0xff, 0xff, 0xff, 0xca, 0x2, 0x0, 0x0,
    0x0, 0x0, 0x0, 0x98, 0xff, 0xff, 0xa0, 0x44,
    0xff, 0xff, 0xff, 0xff, 0x68, 0x0, 0x0, 0x0,
    0x0, 0x0, 0x98, 0xff, 0xff, 0xa0, 0x44, 0xff,
    0xff, 0xff, 0xff, 0xee, 0x15, 0x0, 0x0, 0x0,
    0x0, 0x98, 0xff, 0xff, 0xa0, 0x44, 0xff, 0xff,
    0xff, 0xff, 0xff, 0x9e, 0x0, 0x0, 0x0, 0x0,
    0x98, 0xff, 0xff, 0xa0, 0x44, 0xff, 0xff, 0xfe,
    0xff, 0xff, 0xfe, 0x3b, 0x0, 0x0, 0x0, 0x98,
    0xff, 0xff, 0xa0, 0x44, 0xff, 0xff, 0xc4, 0xc0,
    0xff, 0xff, 0xd1, 0x3, 0x0, 0x0, 0x98, 0xff,
    0xff, 0xa0, 0x44, 0xff, 0xff, 0xd2, 0x2b, 0xfb,
    0xff, 0xff, 0x70, 0x0, 0x0, 0x98, 0xff, 0xff,
    0xa0, 0x44, 0xff, 0xff, 0xe0, 0x0, 0x8b, 0xff,
    0xff, 0xf1, 0x19, 0x0, 0x98, 0xff, 0xff, 0xa0,
    0x44, 0xff, 0xff, 0xeb, 0x0, 0xc, 0xe4, 0xff,
    0xff, 0xa6, 0x0, 0x92, 0xff, 0xff, 0xa0, 0x44,
    0xff, 0xff, 0xec, 0x0, 0x0, 0x55, 0xff, 0xff,
    0xff, 0x42, 0x84, 0xff, 0xff, 0xa0, 0x44, 0xff,
    0xff, 0xec, 0x0, 0x0, 0x0, 0xb9, 0xff, 0xff,
    0xd7, 0x7b, 0xff, 0xff, 0xa0, 0x44, 0xff, 0xff,
    0xec, 0x0, 0x0, 0x0, 0x25, 0xf8, 0xff, 0xff,
    0xe2, 0xff, 0xff, 0xa0, 0x44, 0xff, 0xff, 0xec,
    0x0, 0x0, 0x0, 0x0, 0x83, 0xff, 0xff, 0xff,
    0xff, 0xff, 0xa0, 0x44, 0xff, 0xff, 0xec, 0x0,
    0x0, 0x0, 0x0, 0x9, 0xde, 0xff, 0xff, 0xff,
    0xff, 0xa0, 0x44, 0xff, 0xff, 0xec, 0x0, 0x0,
    0x0, 0x0, 0x0, 0x4c, 0xff, 0xff, 0xff, 0xff,
    0xa0, 0x44, 0xff, 0xff, 0xec, 0x0, 0x0, 0x0,
    0x0, 0x0, 0x0, 0xb1, 0xff, 0xff, 0xff, 0xa0,
    0x44, 0xff, 0xff, 0xec, 0x0, 0x0, 0x0, 0x0,
    0x0, 0x0, 0x20, 0xf5, 0xff, 0xff, 0xa0,

    /* U+004F "O" */
    0x0, 0x0, 0x0, 0x0, 0x0, 0x9, 0x64, 0xb0,
    0xe0, 0xf7, 0xf1, 0xd8, 0x9b, 0x48, 0x0, 0x0,
    0x0, 0x0, 0x0, 0x0, 0x0, 0x0, 0x0, 0x59,
    0xe6, 0xff, 0xff, 0xff, 0xff, 0xff, 0xff, 0xff,
    0xff, 0xcb, 0x2d, 0x0, 0x0, 0x0, 0x0, 0x0,
    0x0, 0x87, 0xff, 0xff, 0xff, 0xff, 0xff, 0xff,
    0xff, 0xff, 0xff, 0xff, 0xff, 0xf5, 0x4a, 0x0,
    0x0, 0x0, 0x0, 0x6c, 0xff, 0xff, 0xff, 0xef,
    0x82, 0x32, 0x10, 0x17, 0x44, 0xa1, 0xfc, 0xff,
    0xff, 0xf4, 0x2f, 0x0, 0x0, 0x1a, 0xf4, 0xff,
    0xff, 0xcd, 0x1a, 0x0, 0x0, 0x0, 0x0, 0x0,
    0x0, 0x3c, 0xef, 0xff, 0xff, 0xc6, 0x0, 0x0,
    0x89, 0xff, 0xff, 0xed, 0x16, 0x0, 0x0, 0x0,
    0x0, 0x0, 0x0, 0x0, 0x0, 0x4a, 0xff, 0xff,
    0xff, 0x42, 0x0, 0xd9, 0xff, 0xff, 0x7f, 0x0,
    0x0, 0x0, 0x0, 0x0, 0x0, 0x0, 0x0, 0x0,
    0x0, 0xc8, 0xff, 0xff, 0x93, 0x4, 0xfe, 0xff,
    0xff, 0x3a, 0x0, 0x0, 0x0, 0x0, 0x0, 0x0,
    0x0, 0x0, 0x0, 0x0, 0x83, 0xff, 0xff, 0xbe,
    0x16, 0xff, 0xff, 0xff, 0x25, 0x0, 0x0, 0x0,
    0x0, 0x0, 0x0, 0x0, 0x0, 0x0, 0x0, 0x6e,
    0xff, 0xff, 0xd1, 0x5, 0xfe, 0xff, 0xff, 0x3a,
    0x0, 0x0, 0x0, 0x0, 0x0, 0x0, 0x0, 0x0,
    0x0, 0x0, 0x83, 0xff, 0xff, 0xbe, 0x0, 0xda,
    0xff, 0xff, 0x7f, 0x0, 0x0, 0x0, 0x0, 0x0,
    0x0, 0x0, 0x0, 0x0, 0x0, 0xc8, 0xff, 0xff,
    0x93, 0x0, 0x8a, 0xff, 0xff, 0xed, 0x16, 0x0,
    0x0, 0x0, 0x0, 0x0, 0x0, 0x0, 0x0, 0x49,
    0xff, 0xff, 0xff, 0x42, 0x0, 0x1b, 0xf5, 0xff,
    0xff, 0xcc, 0x1a, 0x0, 0x0, 0x0, 0x0, 0x0,
    0x0, 0x3c, 0xef, 0xff, 0xff, 0xc8, 0x1, 0x0,
    0x0, 0x6e, 0xff, 0xff, 0xff, 0xee, 0x81, 0x31,
    0x10, 0x16, 0x44, 0xa0, 0xfc, 0xff, 0xff, 0xf5,
    0x30, 0x0, 0x0, 0x0, 0x0, 0x8b, 0xff, 0xff,
    0xff, 0xff, 0xff, 0xff, 0xff, 0xff, 0xff, 0xff,
    0xff, 0xf6, 0x4c, 0x0, 0x0, 0x0, 0x0, 0x0,
    0x0, 0x5a, 0xe7, 0xff, 0xff, 0xff, 0xff, 0xff,
    0xff, 0xff, 0xff, 0xcb, 0x2f, 0x0, 0x0, 0x0,
    0x0, 0x0, 0x0, 0x0, 0x0, 0x9, 0x64, 0xb1,
    0xe1, 0xf7, 0xf2, 0xd9, 0x9c, 0x49, 0x0, 0x0,
    0x0, 0x0, 0x0,

    /* U+0050 "P" */
    0x44, 0xff, 0xff, 0xff, 0xff, 0xff, 0xff, 0xf0,
    0xbf, 0x62, 0x4, 0x0, 0x0, 0x44, 0xff, 0xff,
    0xff, 0xff, 0xff, 0xff, 0xff, 0xff, 0xff, 0xc4,
    0x10, 0x0, 0x44, 0xff, 0xff, 0xff, 0xff, 0xff,
    0xff, 0xff, 0xff, 0xff, 0xff, 0xb7, 0x0, 0x44,
    0xff, 0xff, 0xf8, 0x8, 0x8, 0x8, 0x27, 0xa1,
    0xff, 0xff, 0xff, 0x3c, 0x44, 0xff, 0xff, 0xf8,
    0x0, 0x0, 0x0, 0x0, 0x2, 0xd6, 0xff, 0xff,
    0x84, 0x44, 0xff, 0xff, 0xf8, 0x0, 0x0, 0x0,
    0x0, 0x0, 0xa7, 0xff, 0xff, 0x99, 0x44, 0xff,
    0xff, 0xf8, 0x0, 0x0, 0x0, 0x0, 0x4, 0xda,
    0xff, 0xff, 0x84, 0x44, 0xff, 0xff, 0xf8, 0xc,
    0xc, 0xc, 0x29, 0xa5, 0xff, 0xff, 0xff, 0x3d,
    0x44, 0xff, 0xff, 0xff, 0xff, 0xff, 0xff, 0xff,
    0xff, 0xff, 0xff, 0xb9, 0x0, 0x44, 0xff, 0xff,
    0xff, 0xff, 0xff, 0xff, 0xff, 0xff, 0xff, 0xc7,
    0x11, 0x0, 0x44, 0xff, 0xff, 0xff, 0xff, 0xff,
    0xff, 0xf1, 0xc3, 0x66, 0x5, 0x0, 0x0, 0x44,
    0xff, 0xff, 0xf8, 0x0, 0x0, 0x0, 0x0, 0x0,
    0x0, 0x0, 0x0, 0x0, 0x44, 0xff, 0xff, 0xf8,
    0x0, 0x0, 0x0, 0x0, 0x0, 0x0, 0x0, 0x0,
    0x0, 0x44, 0xff, 0xff, 0xf8, 0x0, 0x0, 0x0,
    0x0, 0x0, 0x0, 0x0, 0x0, 0x0, 0x44, 0xff,
    0xff, 0xf8, 0x0, 0x0, 0x0, 0x0, 0x0, 0x0,
    0x0, 0x0, 0x0, 0x44, 0xff, 0xff, 0xf8, 0x0,
    0x0, 0x0, 0x0, 0x0, 0x0, 0x0, 0x0, 0x0,
    0x44, 0xff, 0xff, 0xf8, 0x0, 0x0, 0x0, 0x0,
    0x0, 0x0, 0x0, 0x0, 0x0,

    /* U+0051 "Q" */
    0x0, 0x0, 0x0, 0x0, 0x0, 0x9, 0x64, 0xb0,
    0xe0, 0xf7, 0xf1, 0xd8, 0x9b, 0x48, 0x0, 0x0,
    0x0, 0x0, 0x0, 0x0, 0x0, 0x0, 0x0, 0x59,
    0xe6, 0xff, 0xff, 0xff, 0xff, 0xff, 0xff, 0xff,
    0xff, 0xcb, 0x2e, 0x0, 0x0, 0x0, 0x0, 0x0,
    0x0, 0x87, 0xff, 0xff, 0xff, 0xff, 0xff, 0xff,
    0xff, 0xff, 0xff, 0xff, 0xff, 0xf6, 0x4d, 0x0,
    0x0, 0x0, 0x0, 0x6c, 0xff, 0xff, 0xff, 0xef,
    0x82, 0x32, 0x10, 0x17, 0x44, 0xa1, 0xfc, 0xff,
    0xff, 0xf6, 0x33, 0x0, 0x0, 0x1a, 0xf4, 0xff,
    0xff, 0xcd, 0x1a, 0x0, 0x0, 0x0, 0x0, 0x0,
    0x0, 0x3c, 0xef, 0xff, 0xff, 0xcb, 0x1, 0x0,
    0x89, 0xff, 0xff, 0xed, 0x16, 0x0, 0x0, 0x0,
    0x0, 0x0, 0x0, 0x0, 0x0, 0x4a, 0xff, 0xff,
    0xff, 0x46, 0x0, 0xd9, 0xff, 0xff, 0x7f, 0x0,
    0x0, 0x0, 0x0, 0x0, 0x0, 0x0, 0x0, 0x0,
    0x0, 0xc8, 0xff, 0xff, 0x97, 0x4, 0xfe, 0xff,
    0xff, 0x3a, 0x0, 0x0, 0x0, 0x0, 0x0, 0x0,
    0x0, 0x0, 0x0, 0x0, 0x83, 0xff, 0xff, 0xc0,
    0x16, 0xff, 0xff, 0xff, 0x25, 0x0, 0x0, 0x0,
    0x0, 0x0, 0x0, 0x0, 0x0, 0x0, 0x0, 0x6e,
    0xff, 0xff, 0xd1, 0x5, 0xfe, 0xff, 0xff, 0x3a,
    0x0, 0x0, 0x0, 0x0, 0x0, 0x0, 0xe, 0x35,
    0x0, 0x0, 0x83, 0xff, 0xff, 0xbb, 0x0, 0xda,
    0xff, 0xff, 0x7f, 0x0, 0x0, 0x0, 0x0, 0x0,
    0x4f, 0xe4, 0xed, 0x1c, 0x0, 0xcb, 0xff, 0xff,
    0x8e, 0x0, 0x8a, 0xff, 0xff, 0xed, 0x16, 0x0,
    0x0, 0x0, 0x1, 0xba, 0xff, 0xff, 0xbd, 0x53,
    0xff, 0xff, 0xff, 0x3a, 0x0, 0x1b, 0xf5, 0xff,
    0xff, 0xcc, 0x1a, 0x0, 0x0, 0x0, 0x18, 0xea,
    0xff, 0xff, 0xfc, 0xff, 0xff, 0xbd, 0x0, 0x0,
    0x0, 0x6e, 0xff, 0xff, 0xff, 0xee, 0x81, 0x31,
    0x10, 0x14, 0x8a, 0xff, 0xff, 0xff, 0xff, 0xee,
    0x27, 0x0, 0x0, 0x0, 0x0, 0x8b, 0xff, 0xff,
    0xff, 0xff, 0xff, 0xff, 0xff, 0xff, 0xff, 0xff,
    0xff, 0xff, 0x43, 0x0, 0x0, 0x0, 0x0, 0x0,
    0x0, 0x5a, 0xe7, 0xff, 0xff, 0xff, 0xff, 0xff,
    0xff, 0xff, 0xff, 0xff, 0xff, 0x92, 0x0, 0x0,
    0x0, 0x0, 0x0, 0x0, 0x0, 0x9, 0x64, 0xb1,
    0xe1, 0xf7, 0xef, 0xd3, 0x96, 0x6e, 0xfe, 0xff,
    0xf9, 0x1d, 0x0, 0x0, 0x0, 0x0, 0x0, 0x0,
    0x0, 0x0, 0x0, 0x0, 0x0, 0x0, 0x0, 0x0,
    0x0, 0x92, 0xd0, 0x31, 0x0, 0x0, 0x0, 0x0,
    0x0, 0x0, 0x0, 0x0, 0x0, 0x0, 0x0, 0x0,
    0x0, 0x0, 0x0, 0x0, 0x8, 0x5, 0x0, 0x0,
    0x0,

    /* U+0052 "R" */
    0x44, 0xff, 0xff, 0xff, 0xff, 0xff, 0xff, 0xf4,
    0xcf, 0x7b, 0xe, 0x0, 0x0, 0x0, 0x44, 0xff,
    0xff, 0xff, 0xff, 0xff, 0xff, 0xff, 0xff, 0xff,
    0xde, 0x26, 0x0, 0x0, 0x44, 0xff, 0xff, 0xff,
    0xf0, 0xf0, 0xf0, 0xfd, 0xff, 0xff, 0xff, 0xd6,
    0x4, 0x0, 0x44, 0xff, 0xff, 0xf8, 0x0, 0x0,
    0x0, 0xc, 0x7a, 0xff, 0xff, 0xff, 0x59, 0x0,
    0x44, 0xff, 0xff, 0xf8, 0x0, 0x0, 0x0, 0x0,
    0x0, 0xbd, 0xff, 0xff, 0x9f, 0x0, 0x44, 0xff,
    0xff, 0xf8, 0x0, 0x0, 0x0, 0x0, 0x0, 0x8f,
    0xff, 0xff, 0xb5, 0x0, 0x44, 0xff, 0xff, 0xf8,
    0x0, 0x0, 0x0, 0x0, 0x0, 0xc1, 0xff, 0xff,
    0x9d, 0x0, 0x44, 0xff, 0xff, 0xf8, 0x0, 0x0,
    0x0, 0x17, 0x89, 0xff, 0xff, 0xff, 0x43, 0x0,
    0x44, 0xff, 0xff, 0xff, 0xff, 0xff, 0xff, 0xff,
    0xff, 0xff, 0xff, 0xa7, 0x0, 0x0, 0x44, 0xff,
    0xff, 0xff, 0xff, 0xff, 0xff, 0xff, 0xff, 0xff,
    0xa1, 0x5, 0x0, 0x0, 0x44, 0xff, 0xff, 0xff,
    0xf4, 0xfa, 0xff, 0xff, 0xff, 0x4b, 0x0, 0x0,
    0x0, 0x0, 0x44, 0xff, 0xff, 0xf8, 0x0, 0x28,
    0xf5, 0xff, 0xff, 0xac, 0x0, 0x0, 0x0, 0x0,
    0x44, 0xff, 0xff, 0xf8, 0x0, 0x0, 0x62, 0xff,
    0xff, 0xff, 0x64, 0x0, 0x0, 0x0, 0x44, 0xff,
    0xff, 0xf8, 0x0, 0x0, 0x0, 0xa5, 0xff, 0xff,
    0xf5, 0x28, 0x0, 0x0, 0x44, 0xff, 0xff, 0xf8,
    0x0, 0x0, 0x0, 0xd, 0xdc, 0xff, 0xff, 0xcf,
    0x6, 0x0, 0x44, 0xff, 0xff, 0xf8, 0x0, 0x0,
    0x0, 0x0, 0x34, 0xf9, 0xff, 0xff, 0x8e, 0x0,
    0x44, 0xff, 0xff, 0xf8, 0x0, 0x0, 0x0, 0x0,
    0x0, 0x72, 0xff, 0xff, 0xfe, 0x48,

    /* U+0053 "S" */
    0x0, 0x0, 0x0, 0x2e, 0x9d, 0xe0, 0xf9, 0xf2,
    0xc7, 0x6e, 0x6, 0x0, 0x0, 0x0, 0x0, 0x69,
    0xfb, 0xff, 0xff, 0xff, 0xff, 0xff, 0xff, 0xcf,
    0x17, 0x0, 0x0, 0x38, 0xfe, 0xff, 0xff, 0xff,
    0xf9, 0xfe, 0xff, 0xff, 0xff, 0xba, 0x0, 0x0,
    0xa0, 0xff, 0xff, 0xdd, 0x37, 0x1, 0xb, 0x82,
    0xff, 0xff, 0xdc, 0x18, 0x0, 0xc1, 0xff, 0xff,
    0x70, 0x0, 0x0, 0x0, 0x0, 0x71, 0x42, 0x1,
    0x0, 0x0, 0xa2, 0xff, 0xff, 0xbf, 0x7, 0x0,
    0x0, 0x0, 0x0, 0x0, 0x0, 0x0, 0x0, 0x31,
    0xf9, 0xff, 0xff, 0xde, 0x70, 0x17, 0x0, 0x0,
    0x0, 0x0, 0x0, 0x0, 0x0, 0x5e, 0xf8, 0xff,
    0xff, 0xff, 0xfd, 0xbc, 0x52, 0x3, 0x0, 0x0,
    0x0, 0x0, 0x0, 0x2d, 0xad, 0xfc, 0xff, 0xff,
    0xff, 0xff, 0xc7, 0x22, 0x0, 0x0, 0x0, 0x0,
    0x0, 0x0, 0x18, 0x6f, 0xce, 0xff, 0xff, 0xff,
    0xe8, 0x18, 0x0, 0x0, 0x0, 0x0, 0x0, 0x0,
    0x0, 0x0, 0x56, 0xf6, 0xff, 0xff, 0x8d, 0x0,
    0x11, 0x66, 0x92, 0x0, 0x0, 0x0, 0x0, 0x0,
    0x83, 0xff, 0xff, 0xcc, 0x3b, 0xf8, 0xff, 0xff,
    0x44, 0x0, 0x0, 0x0, 0x0, 0x7f, 0xff, 0xff,
    0xd0, 0x7, 0xe2, 0xff, 0xff, 0xef, 0x66, 0x1c,
    0x18, 0x63, 0xf4, 0xff, 0xff, 0xa3, 0x0, 0x4a,
    0xfd, 0xff, 0xff, 0xff, 0xff, 0xff, 0xff, 0xff,
    0xff, 0xfa, 0x32, 0x0, 0x0, 0x5d, 0xf7, 0xff,
    0xff, 0xff, 0xff, 0xff, 0xff, 0xf7, 0x59, 0x0,
    0x0, 0x0, 0x0, 0x21, 0x90, 0xd7, 0xf7, 0xf7,
    0xd4, 0x8d, 0x20, 0x0, 0x0,

    /* U+0054 "T" */
    0x6c, 0xff, 0xff, 0xff, 0xff, 0xff, 0xff, 0xff,
    0xff, 0xff, 0xff, 0xff, 0xff, 0x6c, 0x6c, 0xff,
    0xff, 0xff, 0xff, 0xff, 0xff, 0xff, 0xff, 0xff,
    0xff, 0xff, 0xff, 0x6c, 0x6c, 0xff, 0xff, 0xff,
    0xff, 0xff, 0xff, 0xff, 0xff, 0xff, 0xff, 0xff,
    0xff, 0x6c, 0x3, 0x8, 0x8, 0x8, 0x8, 0xa3,
    0xff, 0xff, 0x9f, 0x8, 0x8, 0x8, 0x8, 0x3,
    0x0, 0x0, 0x0, 0x0, 0x0, 0xa0, 0xff, 0xff,
    0x9c, 0x0, 0x0, 0x0, 0x0, 0x0, 0x0, 0x0,
    0x0, 0x0, 0x0, 0xa0, 0xff, 0xff, 0x9c, 0x0,
    0x0, 0x0, 0x0, 0x0, 0x0, 0x0, 0x0, 0x0,
    0x0, 0xa0, 0xff, 0xff, 0x9c, 0x0, 0x0, 0x0,
    0x0, 0x0, 0x0, 0x0, 0x0, 0x0, 0x0, 0xa0,
    0xff, 0xff, 0x9c, 0x0, 0x0, 0x0, 0x0, 0x0,
    0x0, 0x0, 0x0, 0x0, 0x0, 0xa0, 0xff, 0xff,
    0x9c, 0x0, 0x0, 0x0, 0x0, 0x0, 0x0, 0x0,
    0x0, 0x0, 0x0, 0xa0, 0xff, 0xff, 0x9c, 0x0,
    0x0, 0x0, 0x0, 0x0, 0x0, 0x0, 0x0, 0x0,
    0x0, 0xa0, 0xff, 0xff, 0x9c, 0x0, 0x0, 0x0,
    0x0, 0x0, 0x0, 0x0, 0x0, 0x0, 0x0, 0xa0,
    0xff, 0xff, 0x9c, 0x0, 0x0, 0x0, 0x0, 0x0,
    0x0, 0x0, 0x0, 0x0, 0x0, 0xa0, 0xff, 0xff,
    0x9c, 0x0, 0x0, 0x0, 0x0, 0x0, 0x0, 0x0,
    0x0, 0x0, 0x0, 0xa0, 0xff, 0xff, 0x9c, 0x0,
    0x0, 0x0, 0x0, 0x0, 0x0, 0x0, 0x0, 0x0,
    0x0, 0xa0, 0xff, 0xff, 0x9c, 0x0, 0x0, 0x0,
    0x0, 0x0, 0x0, 0x0, 0x0, 0x0, 0x0, 0xa0,
    0xff, 0xff, 0x9c, 0x0, 0x0, 0x0, 0x0, 0x0,
    0x0, 0x0, 0x0, 0x0, 0x0, 0xa0, 0xff, 0xff,
    0x9c, 0x0, 0x0, 0x0, 0x0, 0x0,

    /* U+0055 "U" */
    0xa8, 0xff, 0xff, 0x94, 0x0, 0x0, 0x0, 0x0,
    0x0, 0x0, 0x88, 0xff, 0xff, 0xb8, 0xa8, 0xff,
    0xff, 0x94, 0x0, 0x0, 0x0, 0x0, 0x0, 0x0,
    0x88, 0xff, 0xff, 0xb8, 0xa8, 0xff, 0xff, 0x94,
    0x0, 0x0, 0x0, 0x0, 0x0, 0x0, 0x88, 0xff,
    0xff, 0xb8, 0xa8, 0xff, 0xff, 0x94, 0x0, 0x0,
    0x0, 0x0, 0x0, 0x0, 0x88, 0xff, 0xff, 0xb8,
    0xa8, 0xff, 0xff, 0x94, 0x0, 0x0, 0x0, 0x0,
    0x0, 0x0, 0x88, 0xff, 0xff, 0xb8, 0xa8, 0xff,
    0xff, 0x94, 0x0, 0x0, 0x0, 0x0, 0x0, 0x0,
    0x88, 0xff, 0xff, 0xb8, 0xa8, 0xff, 0xff, 0x94,
    0x0, 0x0, 0x0, 0x0, 0x0, 0x0, 0x88, 0xff,
    0xff, 0xb8, 0xa8, 0xff, 0xff, 0x94, 0x0, 0x0,
    0x0, 0x0, 0x0, 0x0, 0x88, 0xff, 0xff, 0xb8,
    0xa8, 0xff, 0xff, 0x94, 0x0, 0x0, 0x0, 0x0,
    0x0, 0x0, 0x88, 0xff, 0xff, 0xb8, 0xa8, 0xff,
    0xff, 0x94, 0x0, 0x0, 0x0, 0x0, 0x0, 0x0,
    0x88, 0xff, 0xff, 0xb8, 0x9f, 0xff, 0xff, 0xa1,
    0x0, 0x0, 0x0, 0x0, 0x0, 0x0, 0x95, 0xff,
    0xff, 0xad, 0x87, 0xff, 0xff, 0xc9, 0x0, 0x0,
    0x0, 0x0, 0x0, 0x0, 0xbe, 0xff, 0xff, 0x93,
    0x4d, 0xff, 0xff, 0xff, 0x3c, 0x0, 0x0, 0x0,
    0x0, 0x31, 0xfe, 0xff, 0xff, 0x56, 0x7, 0xe5,
    0xff, 0xff, 0xef, 0x5f, 0x14, 0x13, 0x5b, 0xec,
    0xff, 0xff, 0xe9, 0x8, 0x0, 0x57, 0xff, 0xff,
    0xff, 0xff, 0xff, 0xff, 0xff, 0xff, 0xff, 0xff,
    0x57, 0x0, 0x0, 0x0, 0x6e, 0xfc, 0xff, 0xff,
    0xff, 0xff, 0xff, 0xff, 0xf9, 0x66, 0x0, 0x0,
    0x0, 0x0, 0x0, 0x27, 0x96, 0xd8, 0xf5, 0xf5,
    0xd7, 0x90, 0x20, 0x0, 0x0, 0x0,

    /* U+0056 "V" */
    0x8b, 0xff, 0xff, 0xf0, 0x7, 0x0, 0x0, 0x0,
    0x0, 0x0, 0x0, 0x0, 0xa7, 0xff, 0xff, 0xd8,
    0x0, 0x2f, 0xff, 0xff, 0xff, 0x50, 0x0, 0x0,
    0x0, 0x0, 0x0, 0x0, 0xd, 0xf5, 0xff, 0xff,
    0x7a, 0x0, 0x0, 0xd3, 0xff, 0xff, 0xa9, 0x0,
    0x0, 0x0, 0x0, 0x0, 0x0, 0x60, 0xff, 0xff,
    0xfe, 0x1e, 0x0, 0x0, 0x78, 0xff, 0xff, 0xf6,
    0xc, 0x0, 0x0, 0x0, 0x0, 0x0, 0xbc, 0xff,
    0xff, 0xbd, 0x0, 0x0, 0x0, 0x1d, 0xfe, 0xff,
    0xff, 0x5a, 0x0, 0x0, 0x0, 0x0, 0x1b, 0xfd,
    0xff, 0xff, 0x5f, 0x0, 0x0, 0x0, 0x0, 0xc1,
    0xff, 0xff, 0xb3, 0x0, 0x0, 0x0, 0x0, 0x76,
    0xff, 0xff, 0xf4, 0xc, 0x0, 0x0, 0x0, 0x0,
    0x65, 0xff, 0xff, 0xfa, 0x12, 0x0, 0x0, 0x0,
    0xd2, 0xff, 0xff, 0xa2, 0x0, 0x0, 0x0, 0x0,
    0x0, 0x10, 0xf8, 0xff, 0xff, 0x65, 0x0, 0x0,
    0x2f, 0xff, 0xff, 0xff, 0x44, 0x0, 0x0, 0x0,
    0x0, 0x0, 0x0, 0xae, 0xff, 0xff, 0xbd, 0x0,
    0x0, 0x8c, 0xff, 0xff, 0xe3, 0x2, 0x0, 0x0,
    0x0, 0x0, 0x0, 0x0, 0x53, 0xff, 0xff, 0xfd,
    0x19, 0x2, 0xe5, 0xff, 0xff, 0x87, 0x0, 0x0,
    0x0, 0x0, 0x0, 0x0, 0x0, 0x7, 0xef, 0xff,
    0xff, 0x6a, 0x40, 0xff, 0xff, 0xff, 0x29, 0x0,
    0x0, 0x0, 0x0, 0x0, 0x0, 0x0, 0x0, 0x9c,
    0xff, 0xff, 0xb4, 0x90, 0xff, 0xff, 0xca, 0x0,
    0x0, 0x0, 0x0, 0x0, 0x0, 0x0, 0x0, 0x0,
    0x40, 0xff, 0xff, 0xf6, 0xe8, 0xff, 0xff, 0x6c,
    0x0, 0x0, 0x0, 0x0, 0x0, 0x0, 0x0, 0x0,
    0x0, 0x1, 0xe2, 0xff, 0xff, 0xff, 0xff, 0xfa,
    0x13, 0x0, 0x0, 0x0, 0x0, 0x0, 0x0, 0x0,
    0x0, 0x0, 0x0, 0x89, 0xff, 0xff, 0xff, 0xff,
    0xaf, 0x0, 0x0, 0x0, 0x0, 0x0, 0x0, 0x0,
    0x0, 0x0, 0x0, 0x0, 0x2d, 0xff, 0xff, 0xff,
    0xff, 0x51, 0x0, 0x0, 0x0, 0x0, 0x0, 0x0,
    0x0, 0x0, 0x0, 0x0, 0x0, 0x0, 0xd2, 0xff,
    0xff, 0xed, 0x6, 0x0, 0x0, 0x0, 0x0, 0x0,
    0x0,

    /* U+0057 "W" */
    0x79, 0xff, 0xff, 0xee, 0x3, 0x0, 0x0, 0x0,
    0x0, 0x0, 0x0, 0x0, 0x0, 0x0, 0x0, 0x0,
    0x0, 0x0, 0xf, 0xfd, 0xff, 0xff, 0x61, 0x31,
    0xff, 0xff, 0xff, 0x36, 0x0, 0x0, 0x0, 0x0,
    0x0, 0x0, 0x0, 0x0, 0x0, 0x0, 0x0, 0x0,
    0x0, 0x4d, 0xff, 0xff, 0xff, 0x1d, 0x1, 0xe8,
    0xff, 0xff, 0x7b, 0x0, 0x0, 0x0, 0x0, 0x10,
    0xb7, 0xb8, 0xb8, 0x20, 0x0, 0x0, 0x0, 0x0,
    0x8d, 0xff, 0xff, 0xd7, 0x0, 0x0, 0xa2, 0xff,
    0xff, 0xc0, 0x0, 0x0, 0x0, 0x0, 0x5d, 0xff,
    0xff, 0xff, 0x74, 0x0, 0x0, 0x0, 0x0, 0xce,
    0xff, 0xff, 0x93, 0x0, 0x0, 0x5a, 0xff, 0xff,
    0xf9, 0xb, 0x0, 0x0, 0x0, 0xaf, 0xff, 0xff,
    0xff, 0xc7, 0x0, 0x0, 0x0, 0x10, 0xfd, 0xff,
    0xff, 0x4e, 0x0, 0x0, 0x14, 0xfd, 0xff, 0xff,
    0x4a, 0x0, 0x0, 0xb, 0xf6, 0xff, 0xff, 0xff,
    0xfe, 0x1c, 0x0, 0x0, 0x4f, 0xff, 0xff, 0xfb,
    0xe, 0x0, 0x0, 0x0, 0xcb, 0xff, 0xff, 0x8e,
    0x0, 0x0, 0x54, 0xff, 0xff, 0xfc, 0xff, 0xff,
    0x6d, 0x0, 0x0, 0x8f, 0xff, 0xff, 0xc5, 0x0,
    0x0, 0x0, 0x0, 0x84, 0xff, 0xff, 0xd3, 0x0,
    0x0, 0xa7, 0xff, 0xff, 0x82, 0xff, 0xff, 0xc1,
    0x0, 0x0, 0xcf, 0xff, 0xff, 0x80, 0x0, 0x0,
    0x0, 0x0, 0x3c, 0xff, 0xff, 0xff, 0x19, 0x7,
    0xf2, 0xff, 0xf9, 0xe, 0xee, 0xff, 0xfd, 0x17,
    0x11, 0xfd, 0xff, 0xff, 0x3b, 0x0, 0x0, 0x0,
    0x0, 0x4, 0xf0, 0xff, 0xff, 0x5d, 0x4c, 0xff,
    0xff, 0xb6, 0x0, 0xa3, 0xff, 0xff, 0x67, 0x50,
    0xff, 0xff, 0xf2, 0x4, 0x0, 0x0, 0x0, 0x0,
    0x0, 0xad, 0xff, 0xff, 0x99, 0x98, 0xff, 0xff,
    0x62, 0x0, 0x4f, 0xff, 0xff, 0xb2, 0x89, 0xff,
    0xff, 0xb2, 0x0, 0x0, 0x0, 0x0, 0x0, 0x0,
    0x66, 0xff, 0xff, 0xd6, 0xe0, 0xff, 0xfb, 0x12,
    0x0, 0x8, 0xf2, 0xff, 0xf2, 0xc9, 0xff, 0xff,
    0x6d, 0x0, 0x0, 0x0, 0x0, 0x0, 0x0, 0x1e,
    0xff, 0xff, 0xff, 0xff, 0xff, 0xba, 0x0, 0x0,
    0x0, 0xa7, 0xff, 0xff, 0xff, 0xff, 0xff, 0x28,
    0x0, 0x0, 0x0, 0x0, 0x0, 0x0, 0x0, 0xd7,
    0xff, 0xff, 0xff, 0xff, 0x66, 0x0, 0x0, 0x0,
    0x53, 0xff, 0xff, 0xff, 0xff, 0xe4, 0x0, 0x0,
    0x0, 0x0, 0x0, 0x0, 0x0, 0x0, 0x8f, 0xff,
    0xff, 0xff, 0xfc, 0x15, 0x0, 0x0, 0x0, 0x9,
    0xf4, 0xff, 0xff, 0xff, 0x9f, 0x0, 0x0, 0x0,
    0x0, 0x0, 0x0, 0x0, 0x0, 0x48, 0xff, 0xff,
    0xff, 0xbe, 0x0, 0x0, 0x0, 0x0, 0x0, 0xab,
    0xff, 0xff, 0xff, 0x5a, 0x0, 0x0, 0x0, 0x0,
    0x0, 0x0, 0x0, 0x0, 0x9, 0xf7, 0xff, 0xff,
    0x6a, 0x0, 0x0, 0x0, 0x0, 0x0, 0x56, 0xff,
    0xff, 0xfe, 0x17, 0x0, 0x0, 0x0, 0x0,

    /* U+0058 "X" */
    0x7, 0xd6, 0xff, 0xff, 0xf9, 0x26, 0x0, 0x0,
    0x0, 0x0, 0x0, 0x9d, 0xff, 0xff, 0xff, 0x61,
    0x0, 0x0, 0x3b, 0xfe, 0xff, 0xff, 0xb9, 0x0,
    0x0, 0x0, 0x0, 0x37, 0xfe, 0xff, 0xff, 0xbc,
    0x0, 0x0, 0x0, 0x0, 0x94, 0xff, 0xff, 0xff,
    0x52, 0x0, 0x0, 0x2, 0xcc, 0xff, 0xff, 0xf5,
    0x22, 0x0, 0x0, 0x0, 0x0, 0xd, 0xe2, 0xff,
    0xff, 0xe1, 0xa, 0x0, 0x68, 0xff, 0xff, 0xff,
    0x74, 0x0, 0x0, 0x0, 0x0, 0x0, 0x0, 0x4b,
    0xff, 0xff, 0xff, 0x84, 0x13, 0xed, 0xff, 0xff,
    0xcc, 0x3, 0x0, 0x0, 0x0, 0x0, 0x0, 0x0,
    0x0, 0xa6, 0xff, 0xff, 0xf8, 0xb9, 0xff, 0xff,
    0xfb, 0x2f, 0x0, 0x0, 0x0, 0x0, 0x0, 0x0,
    0x0, 0x0, 0x15, 0xec, 0xff, 0xff, 0xff, 0xff,
    0xff, 0x86, 0x0, 0x0, 0x0, 0x0, 0x0, 0x0,
    0x0, 0x0, 0x0, 0x0, 0x5d, 0xff, 0xff, 0xff,
    0xff, 0xda, 0x8, 0x0, 0x0, 0x0, 0x0, 0x0,
    0x0, 0x0, 0x0, 0x0, 0x0, 0x39, 0xff, 0xff,
    0xff, 0xff, 0xbb, 0x0, 0x0, 0x0, 0x0, 0x0,
    0x0, 0x0, 0x0, 0x0, 0x0, 0x5, 0xd4, 0xff,
    0xff, 0xff, 0xff, 0xff, 0x5b, 0x0, 0x0, 0x0,
    0x0, 0x0, 0x0, 0x0, 0x0, 0x0, 0x7d, 0xff,
    0xff, 0xff, 0xf7, 0xff, 0xff, 0xea, 0x13, 0x0,
    0x0, 0x0, 0x0, 0x0, 0x0, 0x0, 0x26, 0xf8,
    0xff, 0xff, 0xc5, 0x44, 0xff, 0xff, 0xff, 0xa0,
    0x0, 0x0, 0x0, 0x0, 0x0, 0x0, 0x1, 0xbf,
    0xff, 0xff, 0xfb, 0x2e, 0x0, 0xa7, 0xff, 0xff,
    0xff, 0x44, 0x0, 0x0, 0x0, 0x0, 0x0, 0x64,
    0xff, 0xff, 0xff, 0x8e, 0x0, 0x0, 0x19, 0xf1,
    0xff, 0xff, 0xdc, 0x9, 0x0, 0x0, 0x0, 0x17,
    0xee, 0xff, 0xff, 0xe5, 0xd, 0x0, 0x0, 0x0,
    0x6f, 0xff, 0xff, 0xff, 0x88, 0x0, 0x0, 0x0,
    0xa9, 0xff, 0xff, 0xff, 0x56, 0x0, 0x0, 0x0,
    0x0, 0x3, 0xcf, 0xff, 0xff, 0xfb, 0x30, 0x0,
    0x4a, 0xff, 0xff, 0xff, 0xba, 0x0, 0x0, 0x0,
    0x0, 0x0, 0x0, 0x38, 0xfe, 0xff, 0xff, 0xcb,
    0x3,

    /* U+0059 "Y" */
    0x67, 0xff, 0xff, 0xff, 0x75, 0x0, 0x0, 0x0,
    0x0, 0x0, 0x35, 0xfe, 0xff, 0xff, 0xaf, 0x1,
    0xc2, 0xff, 0xff, 0xf4, 0x1c, 0x0, 0x0, 0x0,
    0x1, 0xc8, 0xff, 0xff, 0xf3, 0x1c, 0x0, 0x27,
    0xf8, 0xff, 0xff, 0xad, 0x0, 0x0, 0x0, 0x61,
    0xff, 0xff, 0xff, 0x6f, 0x0, 0x0, 0x0, 0x7d,
    0xff, 0xff, 0xff, 0x48, 0x0, 0xf, 0xe8, 0xff,
    0xff, 0xcc, 0x3, 0x0, 0x0, 0x0, 0x5, 0xd4,
    0xff, 0xff, 0xdc, 0x8, 0x8f, 0xff, 0xff, 0xfc,
    0x32, 0x0, 0x0, 0x0, 0x0, 0x0, 0x39, 0xfd,
    0xff, 0xff, 0xa8, 0xfb, 0xff, 0xff, 0x8f, 0x0,
    0x0, 0x0, 0x0, 0x0, 0x0, 0x0, 0x93, 0xff,
    0xff, 0xff, 0xff, 0xff, 0xe2, 0xc, 0x0, 0x0,
    0x0, 0x0, 0x0, 0x0, 0x0, 0xd, 0xe3, 0xff,
    0xff, 0xff, 0xff, 0x4f, 0x0, 0x0, 0x0, 0x0,
    0x0, 0x0, 0x0, 0x0, 0x0, 0x4d, 0xff, 0xff,
    0xff, 0xaf, 0x0, 0x0, 0x0, 0x0, 0x0, 0x0,
    0x0, 0x0, 0x0, 0x0, 0x0, 0xec, 0xff, 0xff,
    0x50, 0x0, 0x0, 0x0, 0x0, 0x0, 0x0, 0x0,
    0x0, 0x0, 0x0, 0x0, 0xec, 0xff, 0xff, 0x50,
    0x0, 0x0, 0x0, 0x0, 0x0, 0x0, 0x0, 0x0,
    0x0, 0x0, 0x0, 0xec, 0xff, 0xff, 0x50, 0x0,
    0x0, 0x0, 0x0, 0x0, 0x0, 0x0, 0x0, 0x0,
    0x0, 0x0, 0xec, 0xff, 0xff, 0x50, 0x0, 0x0,
    0x0, 0x0, 0x0, 0x0, 0x0, 0x0, 0x0, 0x0,
    0x0, 0xec, 0xff, 0xff, 0x50, 0x0, 0x0, 0x0,
    0x0, 0x0, 0x0, 0x0, 0x0, 0x0, 0x0, 0x0,
    0xec, 0xff, 0xff, 0x50, 0x0, 0x0, 0x0, 0x0,
    0x0, 0x0, 0x0, 0x0, 0x0, 0x0, 0x0, 0xec,
    0xff, 0xff, 0x50, 0x0, 0x0, 0x0, 0x0, 0x0,
    0x0, 0x0, 0x0, 0x0, 0x0, 0x0, 0xec, 0xff,
    0xff, 0x50, 0x0, 0x0, 0x0, 0x0, 0x0,

    /* U+005A "Z" */
    0x0, 0xd8, 0xff, 0xff, 0xff, 0xff, 0xff, 0xff,
    0xff, 0xff, 0xff, 0xff, 0xff, 0x40, 0x0, 0xd8,
    0xff, 0xff, 0xff, 0xff, 0xff, 0xff, 0xff, 0xff,
    0xff, 0xff, 0xff, 0x40, 0x0, 0xd8, 0xff, 0xff,
    0xff, 0xff, 0xff, 0xff, 0xff, 0xff, 0xff, 0xff,
    0xff, 0x40, 0x0, 0x6, 0x8, 0x8, 0x8, 0x8,
    0x8, 0x8, 0x16, 0xda, 0xff, 0xff, 0xe9, 0x18,
    0x0, 0x0, 0x0, 0x0, 0x0, 0x0, 0x0, 0x1,
    0xb3, 0xff, 0xff, 0xfa, 0x3d, 0x0, 0x0, 0x0,
    0x0, 0x0, 0x0, 0x0, 0x0, 0x85, 0xff, 0xff,
    0xff, 0x6b, 0x0, 0x0, 0x0, 0x0, 0x0, 0x0,
    0x0, 0x0, 0x55, 0xff, 0xff, 0xff, 0x9d, 0x0,
    0x0, 0x0, 0x0, 0x0, 0x0, 0x0, 0x0, 0x2f,
    0xf5, 0xff, 0xff, 0xc8, 0x7, 0x0, 0x0, 0x0,
    0x0, 0x0, 0x0, 0x0, 0x14, 0xdf, 0xff, 0xff,
    0xe7, 0x1b, 0x0, 0x0, 0x0, 0x0, 0x0, 0x0,
    0x0, 0x4, 0xbe, 0xff, 0xff, 0xfa, 0x3b, 0x0,
    0x0, 0x0, 0x0, 0x0, 0x0, 0x0, 0x0, 0x93,
    0xff, 0xff, 0xff, 0x68, 0x0, 0x0, 0x0, 0x0,
    0x0, 0x0, 0x0, 0x0, 0x62, 0xff, 0xff, 0xff,
    0x9b, 0x0, 0x0, 0x0, 0x0, 0x0, 0x0, 0x0,
    0x0, 0x38, 0xf9, 0xff, 0xff, 0xc6, 0x6, 0x0,
    0x0, 0x0, 0x0, 0x0, 0x0, 0x0, 0x15, 0xe6,
    0xff, 0xff, 0xe9, 0x21, 0x8, 0x8, 0x8, 0x8,
    0x8, 0x8, 0x8, 0x2, 0x3c, 0xff, 0xff, 0xff,
    0xff, 0xff, 0xff, 0xff, 0xff, 0xff, 0xff, 0xff,
    0xff, 0x58, 0x3c, 0xff, 0xff, 0xff, 0xff, 0xff,
    0xff, 0xff, 0xff, 0xff, 0xff, 0xff, 0xff, 0x58,
    0x3c, 0xff, 0xff, 0xff, 0xff, 0xff, 0xff, 0xff,
    0xff, 0xff, 0xff, 0xff, 0xff, 0x58,

    /* U+005B "[" */
    0x26, 0x90, 0x90, 0x90, 0x90, 0x90, 0x63, 0x44,
    0xff, 0xff, 0xff, 0xff, 0xff, 0xb0, 0x44, 0xff,
    0xff, 0xff, 0xff, 0xff, 0xb0, 0x44, 0xff, 0xff,
    0xcc, 0x0, 0x0, 0x0, 0x44, 0xff, 0xff, 0xcc,
    0x0, 0x0, 0x0, 0x44, 0xff, 0xff, 0xcc, 0x0,
    0x0, 0x0, 0x44, 0xff, 0xff, 0xcc, 0x0, 0x0,
    0x0, 0x44, 0xff, 0xff, 0xcc, 0x0, 0x0, 0x0,
    0x44, 0xff, 0xff, 0xcc, 0x0, 0x0, 0x0, 0x44,
    0xff, 0xff, 0xcc, 0x0, 0x0, 0x0, 0x44, 0xff,
    0xff, 0xcc, 0x0, 0x0, 0x0, 0x44, 0xff, 0xff,
    0xcc, 0x0, 0x0, 0x0, 0x44, 0xff, 0xff, 0xcc,
    0x0, 0x0, 0x0, 0x44, 0xff, 0xff, 0xcc, 0x0,
    0x0, 0x0, 0x44, 0xff, 0xff, 0xcc, 0x0, 0x0,
    0x0, 0x44, 0xff, 0xff, 0xcc, 0x0, 0x0, 0x0,
    0x44, 0xff, 0xff, 0xcc, 0x0, 0x0, 0x0, 0x44,
    0xff, 0xff, 0xcc, 0x0, 0x0, 0x0, 0x44, 0xff,
    0xff, 0xcc, 0x0, 0x0, 0x0, 0x44, 0xff, 0xff,
    0xe9, 0x90, 0x90, 0x63, 0x44, 0xff, 0xff, 0xff,
    0xff, 0xff, 0xb0, 0x44, 0xff, 0xff, 0xff, 0xff,
    0xff, 0xb0,

    /* U+005C "\\" */
    0x27, 0xfe, 0xff, 0xec, 0x8, 0x0, 0x0, 0x0,
    0x0, 0x0, 0x0, 0x0, 0xbb, 0xff, 0xff, 0x60,
    0x0, 0x0, 0x0, 0x0, 0x0, 0x0, 0x0, 0x4f,
    0xff, 0xff, 0xcb, 0x0, 0x0, 0x0, 0x0, 0x0,
    0x0, 0x0, 0x3, 0xe0, 0xff, 0xff, 0x37, 0x0,
    0x0, 0x0, 0x0, 0x0, 0x0, 0x0, 0x78, 0xff,
    0xff, 0xa2, 0x0, 0x0, 0x0, 0x0, 0x0, 0x0,
    0x0, 0x14, 0xf8, 0xff, 0xf8, 0x15, 0x0, 0x0,
    0x0, 0x0, 0x0, 0x0, 0x0, 0xa1, 0xff, 0xff,
    0x79, 0x0, 0x0, 0x0, 0x0, 0x0, 0x0, 0x0,
    0x36, 0xff, 0xff, 0xe1, 0x3, 0x0, 0x0, 0x0,
    0x0, 0x0, 0x0, 0x0, 0xca, 0xff, 0xff, 0x4f,
    0x0, 0x0, 0x0, 0x0, 0x0, 0x0, 0x0, 0x5f,
    0xff, 0xff, 0xba, 0x0, 0x0, 0x0, 0x0, 0x0,
    0x0, 0x0, 0x7, 0xeb, 0xff, 0xfe, 0x27, 0x0,
    0x0, 0x0, 0x0, 0x0, 0x0, 0x0, 0x88, 0xff,
    0xff, 0x91, 0x0, 0x0, 0x0, 0x0, 0x0, 0x0,
    0x0, 0x1f, 0xfd, 0xff, 0xf0, 0xb, 0x0, 0x0,
    0x0, 0x0, 0x0, 0x0, 0x0, 0xb1, 0xff, 0xff,
    0x68, 0x0, 0x0, 0x0, 0x0, 0x0, 0x0, 0x0,
    0x45, 0xff, 0xff, 0xd3, 0x0, 0x0, 0x0, 0x0,
    0x0, 0x0, 0x0, 0x1, 0xd8, 0xff, 0xff, 0x3e,
    0x0, 0x0, 0x0, 0x0, 0x0, 0x0, 0x0, 0x6e,
    0xff, 0xff, 0xaa,

    /* U+005D "]" */
    0x21, 0x90, 0x90, 0x90, 0x90, 0x90, 0x67, 0x3c,
    0xff, 0xff, 0xff, 0xff, 0xff, 0xb8, 0x3c, 0xff,
    0xff, 0xff, 0xff, 0xff, 0xb8, 0x0, 0x0, 0x0,
    0x5c, 0xff, 0xff, 0xb8, 0x0, 0x0, 0x0, 0x5c,
    0xff, 0xff, 0xb8, 0x0, 0x0, 0x0, 0x5c, 0xff,
    0xff, 0xb8, 0x0, 0x0, 0x0, 0x5c, 0xff, 0xff,
    0xb8, 0x0, 0x0, 0x0, 0x5c, 0xff, 0xff, 0xb8,
    0x0, 0x0, 0x0, 0x5c, 0xff, 0xff, 0xb8, 0x0,
    0x0, 0x0, 0x5c, 0xff, 0xff, 0xb8, 0x0, 0x0,
    0x0, 0x5c, 0xff, 0xff, 0xb8, 0x0, 0x0, 0x0,
    0x5c, 0xff, 0xff, 0xb8, 0x0, 0x0, 0x0, 0x5c,
    0xff, 0xff, 0xb8, 0x0, 0x0, 0x0, 0x5c, 0xff,
    0xff, 0xb8, 0x0, 0x0, 0x0, 0x5c, 0xff, 0xff,
    0xb8, 0x0, 0x0, 0x0, 0x5c, 0xff, 0xff, 0xb8,
    0x0, 0x0, 0x0, 0x5c, 0xff, 0xff, 0xb8, 0x0,
    0x0, 0x0, 0x5c, 0xff, 0xff, 0xb8, 0x0, 0x0,
    0x0, 0x5c, 0xff, 0xff, 0xb8, 0x21, 0x90, 0x90,
    0xb8, 0xff, 0xff, 0xb8, 0x3c, 0xff, 0xff, 0xff,
    0xff, 0xff, 0xb8, 0x3c, 0xff, 0xff, 0xff, 0xff,
    0xff, 0xb8,

    /* U+005E "^" */
    0x0, 0x0, 0x0, 0x0, 0x23, 0x80, 0x80, 0x51,
    0x0, 0x0, 0x0, 0x0, 0x0, 0x0, 0x0, 0x0,
    0x0, 0xbc, 0xff, 0xff, 0xf6, 0x21, 0x0, 0x0,
    0x0, 0x0, 0x0, 0x0, 0x0, 0x5a, 0xff, 0xff,
    0xff, 0xff, 0xb5, 0x0, 0x0, 0x0, 0x0, 0x0,
    0x0, 0xf, 0xe7, 0xff, 0xf9, 0xd2, 0xff, 0xff,
    0x51, 0x0, 0x0, 0x0, 0x0, 0x0, 0x93, 0xff,
    0xff, 0x8b, 0x2f, 0xfd, 0xff, 0xe2, 0xb, 0x0,
    0x0, 0x0, 0x33, 0xfd, 0xff, 0xe9, 0xe, 0x0,
    0x9a, 0xff, 0xff, 0x8b, 0x0, 0x0, 0x2, 0xca,
    0xff, 0xff, 0x64, 0x0, 0x0, 0x16, 0xf1, 0xff,
    0xfb, 0x2d, 0x0, 0x6a, 0xff, 0xff, 0xcf, 0x2,
    0x0, 0x0, 0x0, 0x75, 0xff, 0xff, 0xc4, 0x1,

    /* U+005F "_" */
    0xc0, 0xc0, 0xc0, 0xc0, 0xc0, 0xc0, 0xc0, 0xc0,
    0xc0, 0xc0, 0xc0, 0xba, 0xff, 0xff, 0xff, 0xff,
    0xff, 0xff, 0xff, 0xff, 0xff, 0xff, 0xff, 0xf8,
    0xff, 0xff, 0xff, 0xff, 0xff, 0xff, 0xff, 0xff,
    0xff, 0xff, 0xff, 0xf8,

    /* U+0060 "`" */
    0x23, 0x38, 0x38, 0x37, 0x0, 0x3c, 0xfd, 0xff,
    0xff, 0x31, 0x0, 0x90, 0xff, 0xff, 0x82, 0x0,
    0xa, 0xdb, 0xff, 0xd3,

    /* U+0061 "a" */
    0x0, 0x0, 0x14, 0x84, 0xd0, 0xf1, 0xf8, 0xe1,
    0xa7, 0x3a, 0x0, 0x0, 0x0, 0x41, 0xed, 0xff,
    0xff, 0xff, 0xff, 0xff, 0xff, 0xfe, 0x71, 0x0,
    0x0, 0x95, 0xfd, 0xff, 0xcc, 0x90, 0x94, 0xda,
    0xff, 0xff, 0xfd, 0x28, 0x0, 0x0, 0x2a, 0x50,
    0x0, 0x0, 0x0, 0x3, 0xb7, 0xff, 0xff, 0x7f,
    0x0, 0x0, 0x3a, 0xac, 0xe9, 0xfc, 0xf0, 0xc4,
    0xbe, 0xff, 0xff, 0xa5, 0x0, 0x5d, 0xfe, 0xff,
    0xff, 0xff, 0xff, 0xff, 0xff, 0xff, 0xff, 0xaf,
    0xe, 0xf3, 0xff, 0xff, 0xc1, 0x57, 0x4b, 0x73,
    0xd6, 0xff, 0xff, 0xb0, 0x46, 0xff, 0xff, 0xec,
    0x8, 0x0, 0x0, 0x0, 0x8a, 0xff, 0xff, 0xb0,
    0x46, 0xff, 0xff, 0xec, 0xa, 0x0, 0x0, 0x1e,
    0xed, 0xff, 0xff, 0xb0, 0xf, 0xf1, 0xff, 0xff,
    0xcd, 0x78, 0x90, 0xef, 0xff, 0xff, 0xff, 0xb0,
    0x0, 0x58, 0xfe, 0xff, 0xff, 0xff, 0xff, 0xfc,
    0xc9, 0xff, 0xff, 0xb0, 0x0, 0x0, 0x38, 0xba,
    0xf3, 0xf5, 0xc6, 0x40, 0x68, 0xff, 0xff, 0xb0,

    /* U+0062 "b" */
    0xa8, 0xff, 0xff, 0x7c, 0x0, 0x0, 0x0, 0x0,
    0x0, 0x0, 0x0, 0x0, 0x0, 0xa8, 0xff, 0xff,
    0x7c, 0x0, 0x0, 0x0, 0x0, 0x0, 0x0, 0x0,
    0x0, 0x0, 0xa8, 0xff, 0xff, 0x7c, 0x0, 0x0,
    0x0, 0x0, 0x0, 0x0, 0x0, 0x0, 0x0, 0xa8,
    0xff, 0xff, 0x7c, 0x0, 0x0, 0x0, 0x0, 0x0,
    0x0, 0x0, 0x0, 0x0, 0xa8, 0xff, 0xff, 0x7c,
    0x0, 0x0, 0x0, 0x0, 0x0, 0x0, 0x0, 0x0,
    0x0, 0xa8, 0xff, 0xff, 0x70, 0x40, 0xbb, 0xef,
    0xf4, 0xc7, 0x64, 0x3, 0x0, 0x0, 0xa8, 0xff,
    0xff, 0xa8, 0xfd, 0xff, 0xff, 0xff, 0xff, 0xff,
    0xbc, 0xc, 0x0, 0xa8, 0xff, 0xff, 0xff, 0xff,
    0xfd, 0xe8, 0xff, 0xff, 0xff, 0xff, 0xa7, 0x0,
    0xa8, 0xff, 0xff, 0xff, 0x8f, 0xe, 0x0, 0x1a,
    0xad, 0xff, 0xff, 0xff, 0x33, 0xa8, 0xff, 0xff,
    0xb5, 0x0, 0x0, 0x0, 0x0, 0x5, 0xd2, 0xff,
    0xff, 0x88, 0xa8, 0xff, 0xff, 0x5a, 0x0, 0x0,
    0x0, 0x0, 0x0, 0x7b, 0xff, 0xff, 0xaf, 0xa8,
    0xff, 0xff, 0x5a, 0x0, 0x0, 0x0, 0x0, 0x0,
    0x7b, 0xff, 0xff, 0xaf, 0xa8, 0xff, 0xff, 0xb3,
    0x0, 0x0, 0x0, 0x0, 0x5, 0xd1, 0xff, 0xff,
    0x89, 0xa8, 0xff, 0xff, 0xff, 0x8d, 0xb, 0x0,
    0x16, 0xa9, 0xff, 0xff, 0xff, 0x34, 0xa8, 0xff,
    0xff, 0xff, 0xff, 0xfc, 0xe7, 0xff, 0xff, 0xff,
    0xff, 0xa7, 0x0, 0xa8, 0xff, 0xff, 0xb7, 0xff,
    0xff, 0xff, 0xff, 0xff, 0xff, 0xbd, 0xc, 0x0,
    0xa8, 0xff, 0xff, 0x4c, 0x4e, 0xc2, 0xf2, 0xf5,
    0xca, 0x68, 0x3, 0x0, 0x0,

    /* U+0063 "c" */
    0x0, 0x0, 0x0, 0x1e, 0x8e, 0xd7, 0xf6, 0xed,
    0xcb, 0x73, 0xe, 0x0, 0x0, 0x0, 0x0, 0x57,
    0xf5, 0xff, 0xff, 0xff, 0xff, 0xff, 0xff, 0xdc,
    0x26, 0x0, 0x0, 0x3c, 0xfb, 0xff, 0xff, 0xff,
    0xee, 0xf0, 0xff, 0xff, 0xff, 0xdb, 0x8, 0x0,
    0xca, 0xff, 0xff, 0xde, 0x3c, 0x0, 0x1, 0x58,
    0xf7, 0xf5, 0xa1, 0x1d, 0x21, 0xff, 0xff, 0xff,
    0x34, 0x0, 0x0, 0x0, 0x0, 0x36, 0xe, 0x0,
    0x0, 0x48, 0xff, 0xff, 0xe7, 0x0, 0x0, 0x0,
    0x0, 0x0, 0x0, 0x0, 0x0, 0x0, 0x49, 0xff,
    0xff, 0xe6, 0x0, 0x0, 0x0, 0x0, 0x0, 0x0,
    0x0, 0x0, 0x0, 0x21, 0xff, 0xff, 0xff, 0x33,
    0x0, 0x0, 0x0, 0x0, 0x38, 0x1d, 0x0, 0x0,
    0x0, 0xca, 0xff, 0xff, 0xdc, 0x38, 0x0, 0x0,
    0x4c, 0xf0, 0xfc, 0xae, 0x28, 0x0, 0x3c, 0xfb,
    0xff, 0xff, 0xff, 0xed, 0xef, 0xff, 0xff, 0xff,
    0xe3, 0x11, 0x0, 0x0, 0x57, 0xf6, 0xff, 0xff,
    0xff, 0xff, 0xff, 0xff, 0xdf, 0x2a, 0x0, 0x0,
    0x0, 0x0, 0x20, 0x91, 0xd9, 0xf7, 0xee, 0xcd,
    0x77, 0x10, 0x0, 0x0,

    /* U+0064 "d" */
    0x0, 0x0, 0x0, 0x0, 0x0, 0x0, 0x0, 0x0,
    0x0, 0x18, 0xff, 0xff, 0xff, 0x10, 0x0, 0x0,
    0x0, 0x0, 0x0, 0x0, 0x0, 0x0, 0x0, 0x18,
    0xff, 0xff, 0xff, 0x10, 0x0, 0x0, 0x0, 0x0,
    0x0, 0x0, 0x0, 0x0, 0x0, 0x18, 0xff, 0xff,
    0xff, 0x10, 0x0, 0x0, 0x0, 0x0, 0x0, 0x0,
    0x0, 0x0, 0x0, 0x18, 0xff, 0xff, 0xff, 0x10,
    0x0, 0x0, 0x0, 0x0, 0x0, 0x0, 0x0, 0x0,
    0x0, 0x18, 0xff, 0xff, 0xff, 0x10, 0x0, 0x0,
    0x0, 0x30, 0xa7, 0xe8, 0xf8, 0xd8, 0x79, 0x10,
    0xff, 0xff, 0xff, 0x10, 0x0, 0x0, 0x69, 0xfc,
    0xff, 0xff, 0xff, 0xff, 0xff, 0xb0, 0xf3, 0xff,
    0xff, 0x10, 0x0, 0x45, 0xfe, 0xff, 0xff, 0xff,
    0xf1, 0xf4, 0xff, 0xff, 0xff, 0xff, 0xff, 0x10,
    0x0, 0xcf, 0xff, 0xff, 0xe3, 0x45, 0x1, 0x1,
    0x4d, 0xea, 0xff, 0xff, 0xff, 0x10, 0x22, 0xff,
    0xff, 0xff, 0x3c, 0x0, 0x0, 0x0, 0x0, 0x4e,
    0xff, 0xff, 0xff, 0x10, 0x48, 0xff, 0xff, 0xdf,
    0x0, 0x0, 0x0, 0x0, 0x0, 0x1, 0xf1, 0xff,
    0xff, 0x10, 0x49, 0xff, 0xff, 0xde, 0x0, 0x0,
    0x0, 0x0, 0x0, 0x1, 0xf1, 0xff, 0xff, 0x10,
    0x23, 0xff, 0xff, 0xff, 0x3a, 0x0, 0x0, 0x0,
    0x0, 0x4d, 0xff, 0xff, 0xff, 0x10, 0x0, 0xd0,
    0xff, 0xff, 0xe1, 0x41, 0x0, 0x1, 0x4a, 0xea,
    0xff, 0xff, 0xff, 0x10, 0x0, 0x46, 0xfe, 0xff,
    0xff, 0xff, 0xf0, 0xf2, 0xff, 0xff, 0xff, 0xff,
    0xff, 0x10, 0x0, 0x0, 0x69, 0xfc, 0xff, 0xff,
    0xff, 0xff, 0xff, 0xc6, 0xee, 0xff, 0xff, 0x10,
    0x0, 0x0, 0x0, 0x33, 0xaa, 0xea, 0xf9, 0xdc,
    0x85, 0xb, 0xe4, 0xff, 0xff, 0x10,

    /* U+0065 "e" */
    0x0, 0x0, 0x0, 0x1a, 0x8d, 0xd9, 0xf7, 0xf1,
    0xca, 0x7a, 0xf, 0x0, 0x0, 0x0, 0x0, 0x4d,
    0xf2, 0xff, 0xff, 0xff, 0xff, 0xff, 0xff, 0xe0,
    0x28, 0x0, 0x0, 0x35, 0xf8, 0xff, 0xff, 0xc0,
    0x91, 0x9f, 0xe0, 0xff, 0xff, 0xd8, 0x4, 0x0,
    0xc3, 0xff, 0xff, 0x56, 0x0, 0x0, 0x0, 0x4,
    0xb0, 0xff, 0xff, 0x55, 0x1e, 0xff, 0xff, 0xff,
    0xff, 0xff, 0xff, 0xff, 0xff, 0xff, 0xff, 0xff,
    0x94, 0x48, 0xff, 0xff, 0xff, 0xff, 0xff, 0xff,
    0xff, 0xff, 0xff, 0xff, 0xff, 0xa8, 0x49, 0xff,
    0xff, 0xe7, 0x38, 0x38, 0x38, 0x38, 0x38, 0x38,
    0x38, 0x38, 0x23, 0x21, 0xff, 0xff, 0xff, 0x2d,
    0x0, 0x0, 0x0, 0x0, 0x37, 0x50, 0x1, 0x0,
    0x0, 0xca, 0xff, 0xff, 0xd5, 0x26, 0x0, 0x0,
    0x2e, 0xe2, 0xff, 0xce, 0x2c, 0x0, 0x3c, 0xfb,
    0xff, 0xff, 0xfb, 0xd2, 0xd2, 0xfd, 0xff, 0xff,
    0xda, 0xb, 0x0, 0x0, 0x56, 0xf5, 0xff, 0xff,
    0xff, 0xff, 0xff, 0xff, 0xd7, 0x22, 0x0, 0x0,
    0x0, 0x0, 0x1f, 0x90, 0xd8, 0xf7, 0xee, 0xcb,
    0x71, 0xc, 0x0, 0x0,

    /* U+0066 "f" */
    0x0, 0x0, 0x0, 0x0, 0x46, 0xc0, 0xf3, 0xf6,
    0xd4, 0x39, 0x0, 0x0, 0x0, 0x78, 0xff, 0xff,
    0xff, 0xff, 0xfd, 0x17, 0x0, 0x0, 0x12, 0xf9,
    0xff, 0xff, 0xff, 0xf7, 0xc1, 0x0, 0x0, 0x0,
    0x44, 0xff, 0xff, 0xf7, 0x2d, 0x0, 0xa, 0x0,
    0x0, 0x0, 0x50, 0xff, 0xff, 0xd5, 0x0, 0x0,
    0x0, 0x0, 0x6c, 0xff, 0xff, 0xff, 0xff, 0xff,
    0xff, 0xff, 0xc4, 0x0, 0x6c, 0xff, 0xff, 0xff,
    0xff, 0xff, 0xff, 0xff, 0xc4, 0x0, 0x46, 0xa8,
    0xc3, 0xff, 0xff, 0xf0, 0xa8, 0xa8, 0x80, 0x0,
    0x0, 0x0, 0x50, 0xff, 0xff, 0xd4, 0x0, 0x0,
    0x0, 0x0, 0x0, 0x0, 0x50, 0xff, 0xff, 0xd4,
    0x0, 0x0, 0x0, 0x0, 0x0, 0x0, 0x50, 0xff,
    0xff, 0xd4, 0x0, 0x0, 0x0, 0x0, 0x0, 0x0,
    0x50, 0xff, 0xff, 0xd4, 0x0, 0x0, 0x0, 0x0,
    0x0, 0x0, 0x50, 0xff, 0xff, 0xd4, 0x0, 0x0,
    0x0, 0x0, 0x0, 0x0, 0x50, 0xff, 0xff, 0xd4,
    0x0, 0x0, 0x0, 0x0, 0x0, 0x0, 0x50, 0xff,
    0xff, 0xd4, 0x0, 0x0, 0x0, 0x0, 0x0, 0x0,
    0x50, 0xff, 0xff, 0xd4, 0x0, 0x0, 0x0, 0x0,
    0x0, 0x0, 0x50, 0xff, 0xff, 0xd4, 0x0, 0x0,
    0x0, 0x0,

    /* U+0067 "g" */
    0x0, 0x0, 0x0, 0x39, 0xae, 0xec, 0xf8, 0xd8,
    0x7f, 0xe, 0xff, 0xff, 0xfc, 0x0, 0x0, 0x70,
    0xfe, 0xff, 0xff, 0xff, 0xff, 0xff, 0xcd, 0xff,
    0xff, 0xfc, 0x0, 0x48, 0xfe, 0xff, 0xff, 0xfe,
    0xde, 0xe8, 0xff, 0xff, 0xff, 0xff, 0xfc, 0x0,
    0xd1, 0xff, 0xff, 0xd8, 0x2d, 0x0, 0x0, 0x4a,
    0xf0, 0xff, 0xff, 0xfc, 0x23, 0xff, 0xff, 0xff,
    0x32, 0x0, 0x0, 0x0, 0x0, 0x65, 0xff, 0xff,
    0xfc, 0x48, 0xff, 0xff, 0xdd, 0x0, 0x0, 0x0,
    0x0, 0x0, 0x11, 0xff, 0xff, 0xfc, 0x49, 0xff,
    0xff, 0xdd, 0x0, 0x0, 0x0, 0x0, 0x0, 0x12,
    0xff, 0xff, 0xfc, 0x25, 0xff, 0xff, 0xff, 0x31,
    0x0, 0x0, 0x0, 0x0, 0x65, 0xff, 0xff, 0xfc,
    0x0, 0xd2, 0xff, 0xff, 0xd8, 0x2f, 0x0, 0x0,
    0x4e, 0xf1, 0xff, 0xff, 0xfc, 0x0, 0x48, 0xfe,
    0xff, 0xff, 0xff, 0xe2, 0xeb, 0xff, 0xff, 0xff,
    0xff, 0xfc, 0x0, 0x0, 0x70, 0xfd, 0xff, 0xff,
    0xff, 0xff, 0xff, 0xae, 0xff, 0xff, 0xfb, 0x0,
    0x0, 0x0, 0x38, 0xaf, 0xec, 0xf8, 0xd3, 0x6f,
    0x19, 0xff, 0xff, 0xeb, 0x0, 0x0, 0x2, 0x40,
    0x9, 0x0, 0x0, 0x0, 0x0, 0x54, 0xff, 0xff,
    0xc2, 0x0, 0x90, 0xe8, 0xff, 0xa8, 0xe, 0x0,
    0x0, 0x36, 0xe4, 0xff, 0xff, 0x6f, 0x0, 0x89,
    0xff, 0xff, 0xff, 0xf4, 0xc9, 0xdd, 0xfe, 0xff,
    0xff, 0xd9, 0x9, 0x0, 0x1, 0x8f, 0xff, 0xff,
    0xff, 0xff, 0xff, 0xff, 0xff, 0xda, 0x24, 0x0,
    0x0, 0x0, 0x0, 0x32, 0xa4, 0xe3, 0xfa, 0xf1,
    0xc7, 0x73, 0xb, 0x0, 0x0,

    /* U+0068 "h" */
    0xa8, 0xff, 0xff, 0x7c, 0x0, 0x0, 0x0, 0x0,
    0x0, 0x0, 0x0, 0x0, 0xa8, 0xff, 0xff, 0x7c,
    0x0, 0x0, 0x0, 0x0, 0x0, 0x0, 0x0, 0x0,
    0xa8, 0xff, 0xff, 0x7c, 0x0, 0x0, 0x0, 0x0,
    0x0, 0x0, 0x0, 0x0, 0xa8, 0xff, 0xff, 0x7c,
    0x0, 0x0, 0x0, 0x0, 0x0, 0x0, 0x0, 0x0,
    0xa8, 0xff, 0xff, 0x7b, 0x0, 0x0, 0x0, 0x0,
    0x0, 0x0, 0x0, 0x0, 0xa8, 0xff, 0xff, 0x6b,
    0x2e, 0xb0, 0xee, 0xf6, 0xcf, 0x6a, 0x0, 0x0,
    0xa8, 0xff, 0xff, 0x92, 0xf7, 0xff, 0xff, 0xff,
    0xff, 0xff, 0x86, 0x0, 0xa8, 0xff, 0xff, 0xff,
    0xff, 0xf4, 0xea, 0xff, 0xff, 0xff, 0xfc, 0x1b,
    0xa8, 0xff, 0xff, 0xff, 0x9e, 0x8, 0x0, 0x4e,
    0xfe, 0xff, 0xff, 0x61, 0xa8, 0xff, 0xff, 0xe0,
    0x4, 0x0, 0x0, 0x0, 0xbd, 0xff, 0xff, 0x80,
    0xa8, 0xff, 0xff, 0x96, 0x0, 0x0, 0x0, 0x0,
    0x9d, 0xff, 0xff, 0x88, 0xa8, 0xff, 0xff, 0x7d,
    0x0, 0x0, 0x0, 0x0, 0x9c, 0xff, 0xff, 0x88,
    0xa8, 0xff, 0xff, 0x7c, 0x0, 0x0, 0x0, 0x0,
    0x9c, 0xff, 0xff, 0x88, 0xa8, 0xff, 0xff, 0x7c,
    0x0, 0x0, 0x0, 0x0, 0x9c, 0xff, 0xff, 0x88,
    0xa8, 0xff, 0xff, 0x7c, 0x0, 0x0, 0x0, 0x0,
    0x9c, 0xff, 0xff, 0x88, 0xa8, 0xff, 0xff, 0x7c,
    0x0, 0x0, 0x0, 0x0, 0x9c, 0xff, 0xff, 0x88,
    0xa8, 0xff, 0xff, 0x7c, 0x0, 0x0, 0x0, 0x0,
    0x9c, 0xff, 0xff, 0x88,

    /* U+0069 "i" */
    0x3c, 0xdb, 0xea, 0x5e, 0x0, 0xcf, 0xff, 0xff,
    0xfa, 0xc, 0xd0, 0xff, 0xff, 0xfa, 0xc, 0x3e,
    0xdb, 0xe7, 0x5e, 0x0, 0x0, 0x0, 0x0, 0x0,
    0x0, 0x78, 0xff, 0xff, 0xb0, 0x0, 0x78, 0xff,
    0xff, 0xb0, 0x0, 0x78, 0xff, 0xff, 0xb0, 0x0,
    0x78, 0xff, 0xff, 0xb0, 0x0, 0x78, 0xff, 0xff,
    0xb0, 0x0, 0x78, 0xff, 0xff, 0xb0, 0x0, 0x78,
    0xff, 0xff, 0xb0, 0x0, 0x78, 0xff, 0xff, 0xb0,
    0x0, 0x78, 0xff, 0xff, 0xb0, 0x0, 0x78, 0xff,
    0xff, 0xb0, 0x0, 0x78, 0xff, 0xff, 0xb0, 0x0,
    0x78, 0xff, 0xff, 0xb0, 0x0,

    /* U+006A "j" */
    0x0, 0x0, 0x0, 0x3c, 0xdb, 0xea, 0x5e, 0x0,
    0x0, 0x0, 0x0, 0xcf, 0xff, 0xff, 0xfa, 0xc,
    0x0, 0x0, 0x0, 0xd0, 0xff, 0xff, 0xfa, 0xc,
    0x0, 0x0, 0x0, 0x3e, 0xdb, 0xe7, 0x5e, 0x0,
    0x0, 0x0, 0x0, 0x0, 0x0, 0x0, 0x0, 0x0,
    0x0, 0x0, 0x0, 0x78, 0xff, 0xff, 0xb0, 0x0,
    0x0, 0x0, 0x0, 0x78, 0xff, 0xff, 0xb0, 0x0,
    0x0, 0x0, 0x0, 0x78, 0xff, 0xff, 0xb0, 0x0,
    0x0, 0x0, 0x0, 0x78, 0xff, 0xff, 0xb0, 0x0,
    0x0, 0x0, 0x0, 0x78, 0xff, 0xff, 0xb0, 0x0,
    0x0, 0x0, 0x0, 0x78, 0xff, 0xff, 0xb0, 0x0,
    0x0, 0x0, 0x0, 0x78, 0xff, 0xff, 0xb0, 0x0,
    0x0, 0x0, 0x0, 0x78, 0xff, 0xff, 0xb0, 0x0,
    0x0, 0x0, 0x0, 0x78, 0xff, 0xff, 0xb0, 0x0,
    0x0, 0x0, 0x0, 0x78, 0xff, 0xff, 0xb0, 0x0,
    0x0, 0x0, 0x0, 0x78, 0xff, 0xff, 0xb0, 0x0,
    0x0, 0x0, 0x0, 0x78, 0xff, 0xff, 0xb0, 0x0,
    0x0, 0x0, 0x0, 0x79, 0xff, 0xff, 0xaf, 0x0,
    0x0, 0x1, 0x0, 0xa6, 0xff, 0xff, 0xa2, 0x0,
    0x0, 0x85, 0xea, 0xff, 0xff, 0xff, 0x70, 0x0,
    0x0, 0xd1, 0xff, 0xff, 0xff, 0xe5, 0x10, 0x0,
    0xb, 0xd8, 0xf9, 0xe6, 0xa5, 0x1e, 0x0, 0x0,

    /* U+006B "k" */
    0xa8, 0xff, 0xff, 0x7c, 0x0, 0x0, 0x0, 0x0,
    0x0, 0x0, 0x0, 0x0, 0xa8, 0xff, 0xff, 0x7c,
    0x0, 0x0, 0x0, 0x0, 0x0, 0x0, 0x0, 0x0,
    0xa8, 0xff, 0xff, 0x7c, 0x0, 0x0, 0x0, 0x0,
    0x0, 0x0, 0x0, 0x0, 0xa8, 0xff, 0xff, 0x7c,
    0x0, 0x0, 0x0, 0x0, 0x0, 0x0, 0x0, 0x0,
    0xa8, 0xff, 0xff, 0x7c, 0x0, 0x0, 0x0, 0x0,
    0x0, 0x0, 0x0, 0x0, 0xa8, 0xff, 0xff, 0x7c,
    0x0, 0x0, 0x16, 0xd6, 0xff, 0xff, 0xef, 0x30,
    0xa8, 0xff, 0xff, 0x7c, 0x0, 0x13, 0xd2, 0xff,
    0xff, 0xf0, 0x35, 0x0, 0xa8, 0xff, 0xff, 0x7c,
    0x10, 0xce, 0xff, 0xff, 0xf0, 0x35, 0x0, 0x0,
    0xa8, 0xff, 0xff, 0x8a, 0xc9, 0xff, 0xff, 0xf0,
    0x36, 0x0, 0x0, 0x0, 0xa8, 0xff, 0xff, 0xfe,
    0xff, 0xff, 0xff, 0x4f, 0x0, 0x0, 0x0, 0x0,
    0xa8, 0xff, 0xff, 0xff, 0xff, 0xff, 0xff, 0xb0,
    0x0, 0x0, 0x0, 0x0, 0xa8, 0xff, 0xff, 0xff,
    0xf7, 0xff, 0xff, 0xff, 0x52, 0x0, 0x0, 0x0,
    0xa8, 0xff, 0xff, 0xf3, 0x3a, 0xb1, 0xff, 0xff,
    0xe5, 0xf, 0x0, 0x0, 0xa8, 0xff, 0xff, 0x81,
    0x0, 0x1e, 0xf4, 0xff, 0xff, 0x97, 0x0, 0x0,
    0xa8, 0xff, 0xff, 0x7c, 0x0, 0x0, 0x74, 0xff,
    0xff, 0xfe, 0x3b, 0x0, 0xa8, 0xff, 0xff, 0x7c,
    0x0, 0x0, 0x4, 0xd1, 0xff, 0xff, 0xd5, 0x6,
    0xa8, 0xff, 0xff, 0x7c, 0x0, 0x0, 0x0, 0x39,
    0xfe, 0xff, 0xff, 0x7e,

    /* U+006C "l" */
    0xa8, 0xff, 0xff, 0x7c, 0xa8, 0xff, 0xff, 0x7c,
    0xa8, 0xff, 0xff, 0x7c, 0xa8, 0xff, 0xff, 0x7c,
    0xa8, 0xff, 0xff, 0x7c, 0xa8, 0xff, 0xff, 0x7c,
    0xa8, 0xff, 0xff, 0x7c, 0xa8, 0xff, 0xff, 0x7c,
    0xa8, 0xff, 0xff, 0x7c, 0xa8, 0xff, 0xff, 0x7c,
    0xa8, 0xff, 0xff, 0x7c, 0xa8, 0xff, 0xff, 0x7c,
    0xa8, 0xff, 0xff, 0x7c, 0xa8, 0xff, 0xff, 0x7c,
    0xa8, 0xff, 0xff, 0x7c, 0xa8, 0xff, 0xff, 0x7c,
    0xa8, 0xff, 0xff, 0x7c,

    /* U+006D "m" */
    0xa8, 0xff, 0xff, 0x4c, 0x35, 0xb3, 0xef, 0xf3,
    0xc2, 0x43, 0x0, 0xc, 0x85, 0xdb, 0xf8, 0xe9,
    0xa0, 0x1b, 0x0, 0xa8, 0xff, 0xff, 0x9d, 0xfb,
    0xff, 0xff, 0xff, 0xff, 0xfc, 0x5c, 0xd5, 0xff,
    0xff, 0xff, 0xff, 0xff, 0xdf, 0xf, 0xa8, 0xff,
    0xff, 0xff, 0xff, 0xed, 0xf2, 0xff, 0xff, 0xff,
    0xff, 0xff, 0xff, 0xe7, 0xf8, 0xff, 0xff, 0xff,
    0x7c, 0xa8, 0xff, 0xff, 0xff, 0x89, 0x2, 0x2,
    0x8d, 0xff, 0xff, 0xff, 0xf7, 0x4f, 0x0, 0xd,
    0xc5, 0xff, 0xff, 0xc1, 0xa8, 0xff, 0xff, 0xdc,
    0x2, 0x0, 0x0, 0x12, 0xff, 0xff, 0xff, 0x8f,
    0x0, 0x0, 0x0, 0x5c, 0xff, 0xff, 0xdb, 0xa8,
    0xff, 0xff, 0x97, 0x0, 0x0, 0x0, 0x0, 0xf8,
    0xff, 0xff, 0x47, 0x0, 0x0, 0x0, 0x44, 0xff,
    0xff, 0xe0, 0xa8, 0xff, 0xff, 0x7d, 0x0, 0x0,
    0x0, 0x0, 0xf8, 0xff, 0xff, 0x2d, 0x0, 0x0,
    0x0, 0x44, 0xff, 0xff, 0xe0, 0xa8, 0xff, 0xff,
    0x7c, 0x0, 0x0, 0x0, 0x0, 0xf8, 0xff, 0xff,
    0x2c, 0x0, 0x0, 0x0, 0x44, 0xff, 0xff, 0xe0,
    0xa8, 0xff, 0xff, 0x7c, 0x0, 0x0, 0x0, 0x0,
    0xf8, 0xff, 0xff, 0x2c, 0x0, 0x0, 0x0, 0x44,
    0xff, 0xff, 0xe0, 0xa8, 0xff, 0xff, 0x7c, 0x0,
    0x0, 0x0, 0x0, 0xf8, 0xff, 0xff, 0x2c, 0x0,
    0x0, 0x0, 0x44, 0xff, 0xff, 0xe0, 0xa8, 0xff,
    0xff, 0x7c, 0x0, 0x0, 0x0, 0x0, 0xf8, 0xff,
    0xff, 0x2c, 0x0, 0x0, 0x0, 0x44, 0xff, 0xff,
    0xe0, 0xa8, 0xff, 0xff, 0x7c, 0x0, 0x0, 0x0,
    0x0, 0xf8, 0xff, 0xff, 0x2c, 0x0, 0x0, 0x0,
    0x44, 0xff, 0xff, 0xe0,

    /* U+006E "n" */
    0xa8, 0xff, 0xff, 0x4c, 0x3a, 0xb7, 0xef, 0xf6,
    0xcd, 0x62, 0x0, 0x0, 0xa8, 0xff, 0xff, 0x9e,
    0xfc, 0xff, 0xff, 0xff, 0xff, 0xff, 0x7d, 0x0,
    0xa8, 0xff, 0xff, 0xff, 0xff, 0xf3, 0xeb, 0xff,
    0xff, 0xff, 0xfa, 0x17, 0xa8, 0xff, 0xff, 0xff,
    0x9b, 0x7, 0x0, 0x49, 0xfd, 0xff, 0xff, 0x5f,
    0xa8, 0xff, 0xff, 0xde, 0x4, 0x0, 0x0, 0x0,
    0xbb, 0xff, 0xff, 0x7f, 0xa8, 0xff, 0xff, 0x96,
    0x0, 0x0, 0x0, 0x0, 0x9d, 0xff, 0xff, 0x88,
    0xa8, 0xff, 0xff, 0x7d, 0x0, 0x0, 0x0, 0x0,
    0x9c, 0xff, 0xff, 0x88, 0xa8, 0xff, 0xff, 0x7c,
    0x0, 0x0, 0x0, 0x0, 0x9c, 0xff, 0xff, 0x88,
    0xa8, 0xff, 0xff, 0x7c, 0x0, 0x0, 0x0, 0x0,
    0x9c, 0xff, 0xff, 0x88, 0xa8, 0xff, 0xff, 0x7c,
    0x0, 0x0, 0x0, 0x0, 0x9c, 0xff, 0xff, 0x88,
    0xa8, 0xff, 0xff, 0x7c, 0x0, 0x0, 0x0, 0x0,
    0x9c, 0xff, 0xff, 0x88, 0xa8, 0xff, 0xff, 0x7c,
    0x0, 0x0, 0x0, 0x0, 0x9c, 0xff, 0xff, 0x88,

    /* U+006F "o" */
    0x0, 0x0, 0x0, 0x1e, 0x8e, 0xd7, 0xf6, 0xf2,
    0xcd, 0x7c, 0x11, 0x0, 0x0, 0x0, 0x0, 0x0,
    0x57, 0xf5, 0xff, 0xff, 0xff, 0xff, 0xff, 0xff,
    0xe7, 0x38, 0x0, 0x0, 0x0, 0x3c, 0xfb, 0xff,
    0xff, 0xff, 0xef, 0xf5, 0xff, 0xff, 0xff, 0xed,
    0x1e, 0x0, 0x0, 0xca, 0xff, 0xff, 0xde, 0x3d,
    0x0, 0x2, 0x57, 0xf2, 0xff, 0xff, 0x9d, 0x0,
    0x21, 0xff, 0xff, 0xff, 0x36, 0x0, 0x0, 0x0,
    0x0, 0x66, 0xff, 0xff, 0xf0, 0x3, 0x48, 0xff,
    0xff, 0xe8, 0x0, 0x0, 0x0, 0x0, 0x0, 0xb,
    0xff, 0xff, 0xff, 0x1b, 0x49, 0xff, 0xff, 0xe7,
    0x0, 0x0, 0x0, 0x0, 0x0, 0xb, 0xff, 0xff,
    0xff, 0x1b, 0x21, 0xff, 0xff, 0xff, 0x35, 0x0,
    0x0, 0x0, 0x0, 0x64, 0xff, 0xff, 0xf1, 0x4,
    0x0, 0xcb, 0xff, 0xff, 0xde, 0x3a, 0x0, 0x1,
    0x54, 0xf2, 0xff, 0xff, 0x9f, 0x0, 0x0, 0x3d,
    0xfb, 0xff, 0xff, 0xff, 0xee, 0xf4, 0xff, 0xff,
    0xff, 0xed, 0x1e, 0x0, 0x0, 0x0, 0x57, 0xf6,
    0xff, 0xff, 0xff, 0xff, 0xff, 0xff, 0xe8, 0x39,
    0x0, 0x0, 0x0, 0x0, 0x0, 0x20, 0x91, 0xd9,
    0xf7, 0xf4, 0xcf, 0x80, 0x12, 0x0, 0x0, 0x0,

    /* U+0070 "p" */
    0xc0, 0xff, 0xff, 0x34, 0x5a, 0xc7, 0xf3, 0xf2,
    0xc0, 0x58, 0x1, 0x0, 0x0, 0xc0, 0xff, 0xff,
    0xb7, 0xff, 0xff, 0xff, 0xff, 0xff, 0xff, 0xac,
    0x5, 0x0, 0xc0, 0xff, 0xff, 0xff, 0xff, 0xfb,
    0xea, 0xff, 0xff, 0xff, 0xff, 0x8f, 0x0, 0xc0,
    0xff, 0xff, 0xff, 0x7d, 0x9, 0x0, 0x23, 0xbe,
    0xff, 0xff, 0xfb, 0x1f, 0xc0, 0xff, 0xff, 0x9d,
    0x0, 0x0, 0x0, 0x0, 0xe, 0xe3, 0xff, 0xff,
    0x6e, 0xc0, 0xff, 0xff, 0x42, 0x0, 0x0, 0x0,
    0x0, 0x0, 0x93, 0xff, 0xff, 0x94, 0xc0, 0xff,
    0xff, 0x42, 0x0, 0x0, 0x0, 0x0, 0x0, 0x93,
    0xff, 0xff, 0x94, 0xc0, 0xff, 0xff, 0x9b, 0x0,
    0x0, 0x0, 0x0, 0xd, 0xe1, 0xff, 0xff, 0x6f,
    0xc0, 0xff, 0xff, 0xff, 0x7b, 0x7, 0x0, 0x1f,
    0xbb, 0xff, 0xff, 0xfb, 0x20, 0xc0, 0xff, 0xff,
    0xff, 0xff, 0xfa, 0xe8, 0xff, 0xff, 0xff, 0xff,
    0x8f, 0x0, 0xc0, 0xff, 0xff, 0xa5, 0xff, 0xff,
    0xff, 0xff, 0xff, 0xff, 0xac, 0x5, 0x0, 0xc0,
    0xff, 0xff, 0x56, 0x4e, 0xc4, 0xf3, 0xf3, 0xc3,
    0x5b, 0x1, 0x0, 0x0, 0xc0, 0xff, 0xff, 0x64,
    0x0, 0x0, 0x0, 0x0, 0x0, 0x0, 0x0, 0x0,
    0x0, 0xc0, 0xff, 0xff, 0x64, 0x0, 0x0, 0x0,
    0x0, 0x0, 0x0, 0x0, 0x0, 0x0, 0xc0, 0xff,
    0xff, 0x64, 0x0, 0x0, 0x0, 0x0, 0x0, 0x0,
    0x0, 0x0, 0x0, 0xc0, 0xff, 0xff, 0x64, 0x0,
    0x0, 0x0, 0x0, 0x0, 0x0, 0x0, 0x0, 0x0,
    0xc0, 0xff, 0xff, 0x64, 0x0, 0x0, 0x0, 0x0,
    0x0, 0x0, 0x0, 0x0, 0x0,

    /* U+0071 "q" */
    0x0, 0x0, 0x0, 0x30, 0xa7, 0xe8, 0xf8, 0xdb,
    0x82, 0xa, 0xe4, 0xff, 0xff, 0x10, 0x0, 0x0,
    0x69, 0xfc, 0xff, 0xff, 0xff, 0xff, 0xff, 0xc6,
    0xee, 0xff, 0xff, 0x10, 0x0, 0x45, 0xfe, 0xff,
    0xff, 0xff, 0xf1, 0xf4, 0xff, 0xff, 0xff, 0xff,
    0xff, 0x10, 0x0, 0xcf, 0xff, 0xff, 0xe3, 0x45,
    0x1, 0x1, 0x4d, 0xea, 0xff, 0xff, 0xff, 0x10,
    0x22, 0xff, 0xff, 0xff, 0x3c, 0x0, 0x0, 0x0,
    0x0, 0x4e, 0xff, 0xff, 0xff, 0x10, 0x48, 0xff,
    0xff, 0xdf, 0x0, 0x0, 0x0, 0x0, 0x0, 0x1,
    0xf1, 0xff, 0xff, 0x10, 0x49, 0xff, 0xff, 0xde,
    0x0, 0x0, 0x0, 0x0, 0x0, 0x1, 0xf1, 0xff,
    0xff, 0x10, 0x23, 0xff, 0xff, 0xff, 0x3a, 0x0,
    0x0, 0x0, 0x0, 0x4d, 0xff, 0xff, 0xff, 0x10,
    0x0, 0xd0, 0xff, 0xff, 0xe1, 0x41, 0x0, 0x1,
    0x4a, 0xea, 0xff, 0xff, 0xff, 0x10, 0x0, 0x46,
    0xfe, 0xff, 0xff, 0xff, 0xf0, 0xf2, 0xff, 0xff,
    0xff, 0xff, 0xff, 0x10, 0x0, 0x0, 0x69, 0xfc,
    0xff, 0xff, 0xff, 0xff, 0xff, 0xb0, 0xf4, 0xff,
    0xff, 0x10, 0x0, 0x0, 0x0, 0x33, 0xaa, 0xea,
    0xf8, 0xd9, 0x79, 0x11, 0xff, 0xff, 0xff, 0x10,
    0x0, 0x0, 0x0, 0x0, 0x0, 0x0, 0x0, 0x0,
    0x0, 0x18, 0xff, 0xff, 0xff, 0x10, 0x0, 0x0,
    0x0, 0x0, 0x0, 0x0, 0x0, 0x0, 0x0, 0x18,
    0xff, 0xff, 0xff, 0x10, 0x0, 0x0, 0x0, 0x0,
    0x0, 0x0, 0x0, 0x0, 0x0, 0x18, 0xff, 0xff,
    0xff, 0x10, 0x0, 0x0, 0x0, 0x0, 0x0, 0x0,
    0x0, 0x0, 0x0, 0x18, 0xff, 0xff, 0xff, 0x10,
    0x0, 0x0, 0x0, 0x0, 0x0, 0x0, 0x0, 0x0,
    0x0, 0x18, 0xff, 0xff, 0xff, 0x10,

    /* U+0072 "r" */
    0xa8, 0xff, 0xff, 0x4c, 0x3b, 0xba, 0xf3, 0xfa,
    0x83, 0xa8, 0xff, 0xff, 0x98, 0xfc, 0xff, 0xff,
    0xff, 0x4b, 0xa8, 0xff, 0xff, 0xff, 0xff, 0xff,
    0xf9, 0xfa, 0xc, 0xa8, 0xff, 0xff, 0xff, 0xb5,
    0x20, 0x0, 0x1a, 0x0, 0xa8, 0xff, 0xff, 0xe5,
    0x9, 0x0, 0x0, 0x0, 0x0, 0xa8, 0xff, 0xff,
    0x9a, 0x0, 0x0, 0x0, 0x0, 0x0, 0xa8, 0xff,
    0xff, 0x7d, 0x0, 0x0, 0x0, 0x0, 0x0, 0xa8,
    0xff, 0xff, 0x7c, 0x0, 0x0, 0x0, 0x0, 0x0,
    0xa8, 0xff, 0xff, 0x7c, 0x0, 0x0, 0x0, 0x0,
    0x0, 0xa8, 0xff, 0xff, 0x7c, 0x0, 0x0, 0x0,
    0x0, 0x0, 0xa8, 0xff, 0xff, 0x7c, 0x0, 0x0,
    0x0, 0x0, 0x0, 0xa8, 0xff, 0xff, 0x7c, 0x0,
    0x0, 0x0, 0x0, 0x0,

    /* U+0073 "s" */
    0x0, 0x0, 0x1f, 0x8c, 0xd2, 0xf3, 0xee, 0xc9,
    0x73, 0x8, 0x0, 0x0, 0x0, 0x3a, 0xf4, 0xff,
    0xff, 0xff, 0xff, 0xff, 0xff, 0xd2, 0x12, 0x0,
    0x0, 0xc9, 0xff, 0xff, 0xdb, 0x8d, 0xa2, 0xf5,
    0xff, 0xff, 0x81, 0x0, 0x0, 0xf0, 0xff, 0xff,
    0x34, 0x0, 0x0, 0x2d, 0x94, 0x34, 0x0, 0x0,
    0x0, 0xbb, 0xff, 0xff, 0xe8, 0x94, 0x55, 0x17,
    0x0, 0x0, 0x0, 0x0, 0x0, 0x1d, 0xdb, 0xff,
    0xff, 0xff, 0xff, 0xfd, 0xc2, 0x41, 0x0, 0x0,
    0x0, 0x0, 0x8, 0x68, 0xb6, 0xea, 0xff, 0xff,
    0xff, 0xfd, 0x55, 0x0, 0x0, 0x0, 0x13, 0x2d,
    0x0, 0x0, 0x28, 0xa6, 0xff, 0xff, 0xd9, 0x0,
    0x21, 0xa6, 0xf8, 0xe8, 0x2c, 0x0, 0x0, 0x45,
    0xff, 0xff, 0xf9, 0x0, 0xf, 0xeb, 0xff, 0xff,
    0xfc, 0xc9, 0xc6, 0xfb, 0xff, 0xff, 0xba, 0x0,
    0x0, 0x35, 0xec, 0xff, 0xff, 0xff, 0xff, 0xff,
    0xff, 0xe2, 0x23, 0x0, 0x0, 0x0, 0x14, 0x83,
    0xd7, 0xf8, 0xf7, 0xd4, 0x84, 0x10, 0x0, 0x0,

    /* U+0074 "t" */
    0x0, 0x0, 0x2e, 0x80, 0x80, 0x64, 0x0, 0x0,
    0x0, 0x0, 0x0, 0x0, 0x5c, 0xff, 0xff, 0xc8,
    0x0, 0x0, 0x0, 0x0, 0x0, 0x0, 0x5c, 0xff,
    0xff, 0xc8, 0x0, 0x0, 0x0, 0x0, 0x0, 0x0,
    0x5c, 0xff, 0xff, 0xc8, 0x0, 0x0, 0x0, 0x0,
    0x6c, 0xff, 0xff, 0xff, 0xff, 0xff, 0xff, 0xff,
    0xa8, 0x0, 0x6c, 0xff, 0xff, 0xff, 0xff, 0xff,
    0xff, 0xff, 0xa8, 0x0, 0x46, 0xa8, 0xc7, 0xff,
    0xff, 0xec, 0xa8, 0xa8, 0x6e, 0x0, 0x0, 0x0,
    0x5c, 0xff, 0xff, 0xc8, 0x0, 0x0, 0x0, 0x0,
    0x0, 0x0, 0x5c, 0xff, 0xff, 0xc8, 0x0, 0x0,
    0x0, 0x0, 0x0, 0x0, 0x5c, 0xff, 0xff, 0xc8,
    0x0, 0x0, 0x0, 0x0, 0x0, 0x0, 0x5c, 0xff,
    0xff, 0xc8, 0x0, 0x0, 0x0, 0x0, 0x0, 0x0,
    0x5b, 0xff, 0xff, 0xce, 0x0, 0x0, 0x0, 0x0,
    0x0, 0x0, 0x4f, 0xff, 0xff, 0xf8, 0x2c, 0x3,
    0xe, 0x0, 0x0, 0x0, 0x1c, 0xfd, 0xff, 0xff,
    0xff, 0xf9, 0x7e, 0x0, 0x0, 0x0, 0x0, 0x98,
    0xff, 0xff, 0xff, 0xff, 0xd1, 0x0, 0x0, 0x0,
    0x0, 0x2, 0x6e, 0xdd, 0xfa, 0xea, 0xb2, 0x8,

    /* U+0075 "u" */
    0xc0, 0xff, 0xff, 0x64, 0x0, 0x0, 0x0, 0x0,
    0xb8, 0xff, 0xff, 0x70, 0xc0, 0xff, 0xff, 0x64,
    0x0, 0x0, 0x0, 0x0, 0xb8, 0xff, 0xff, 0x70,
    0xc0, 0xff, 0xff, 0x64, 0x0, 0x0, 0x0, 0x0,
    0xb8, 0xff, 0xff, 0x70, 0xc0, 0xff, 0xff, 0x64,
    0x0, 0x0, 0x0, 0x0, 0xb8, 0xff, 0xff, 0x70,
    0xc0, 0xff, 0xff, 0x64, 0x0, 0x0, 0x0, 0x0,
    0xb8, 0xff, 0xff, 0x70, 0xc0, 0xff, 0xff, 0x64,
    0x0, 0x0, 0x0, 0x0, 0xb9, 0xff, 0xff, 0x70,
    0xc0, 0xff, 0xff, 0x65, 0x0, 0x0, 0x0, 0x0,
    0xd5, 0xff, 0xff, 0x70, 0xb8, 0xff, 0xff, 0x82,
    0x0, 0x0, 0x0, 0x23, 0xfc, 0xff, 0xff, 0x70,
    0x99, 0xff, 0xff, 0xe5, 0x25, 0x0, 0x15, 0xc6,
    0xff, 0xff, 0xff, 0x70, 0x4e, 0xff, 0xff, 0xff,
    0xfe, 0xe5, 0xf9, 0xff, 0xff, 0xff, 0xff, 0x70,
    0x1, 0xba, 0xff, 0xff, 0xff, 0xff, 0xff, 0xea,
    0xae, 0xff, 0xff, 0x70, 0x0, 0xa, 0x88, 0xde,
    0xfa, 0xe8, 0xa1, 0x1e, 0x84, 0xff, 0xff, 0x70,

    /* U+0076 "v" */
    0xb3, 0xff, 0xff, 0xdb, 0x0, 0x0, 0x0, 0x0,
    0x0, 0x7a, 0xff, 0xff, 0xf8, 0x15, 0x48, 0xff,
    0xff, 0xff, 0x3e, 0x0, 0x0, 0x0, 0x0, 0xdb,
    0xff, 0xff, 0xa1, 0x0, 0x1, 0xdb, 0xff, 0xff,
    0xa0, 0x0, 0x0, 0x0, 0x3f, 0xff, 0xff, 0xff,
    0x35, 0x0, 0x0, 0x72, 0xff, 0xff, 0xf4, 0xd,
    0x0, 0x0, 0xa2, 0xff, 0xff, 0xc9, 0x0, 0x0,
    0x0, 0x11, 0xf5, 0xff, 0xff, 0x64, 0x0, 0xf,
    0xf6, 0xff, 0xff, 0x5d, 0x0, 0x0, 0x0, 0x0,
    0x9c, 0xff, 0xff, 0xc6, 0x0, 0x68, 0xff, 0xff,
    0xea, 0x7, 0x0, 0x0, 0x0, 0x0, 0x31, 0xff,
    0xff, 0xff, 0x28, 0xcb, 0xff, 0xff, 0x85, 0x0,
    0x0, 0x0, 0x0, 0x0, 0x0, 0xc6, 0xff, 0xff,
    0xbb, 0xff, 0xff, 0xfc, 0x1d, 0x0, 0x0, 0x0,
    0x0, 0x0, 0x0, 0x5b, 0xff, 0xff, 0xff, 0xff,
    0xff, 0xad, 0x0, 0x0, 0x0, 0x0, 0x0, 0x0,
    0x0, 0x6, 0xe9, 0xff, 0xff, 0xff, 0xff, 0x41,
    0x0, 0x0, 0x0, 0x0, 0x0, 0x0, 0x0, 0x0,
    0x85, 0xff, 0xff, 0xff, 0xd4, 0x0, 0x0, 0x0,
    0x0, 0x0, 0x0, 0x0, 0x0, 0x0, 0x1d, 0xfc,
    0xff, 0xff, 0x69, 0x0, 0x0, 0x0, 0x0, 0x0,

    /* U+0077 "w" */
    0xc0, 0xff, 0xff, 0xc0, 0x0, 0x0, 0x0, 0x19,
    0xfe, 0xff, 0xff, 0x73, 0x0, 0x0, 0x0, 0x61,
    0xff, 0xff, 0xfc, 0x13, 0x70, 0xff, 0xff, 0xf8,
    0x9, 0x0, 0x0, 0x67, 0xff, 0xff, 0xff, 0xc4,
    0x0, 0x0, 0x0, 0xa2, 0xff, 0xff, 0xbf, 0x0,
    0x20, 0xff, 0xff, 0xff, 0x44, 0x0, 0x0, 0xb6,
    0xff, 0xff, 0xff, 0xfd, 0x17, 0x0, 0x0, 0xe3,
    0xff, 0xff, 0x6e, 0x0, 0x0, 0xcf, 0xff, 0xff,
    0x86, 0x0, 0xd, 0xf8, 0xff, 0xff, 0xff, 0xff,
    0x65, 0x0, 0x25, 0xff, 0xff, 0xff, 0x1f, 0x0,
    0x0, 0x7f, 0xff, 0xff, 0xc8, 0x0, 0x55, 0xff,
    0xff, 0xce, 0xff, 0xff, 0xb5, 0x0, 0x67, 0xff,
    0xff, 0xce, 0x0, 0x0, 0x0, 0x2f, 0xff, 0xff,
    0xfc, 0xe, 0xa4, 0xff, 0xff, 0x3c, 0xee, 0xff,
    0xf8, 0xd, 0xa8, 0xff, 0xff, 0x7d, 0x0, 0x0,
    0x0, 0x0, 0xdd, 0xff, 0xff, 0x50, 0xee, 0xff,
    0xe6, 0x1, 0xa4, 0xff, 0xff, 0x56, 0xe8, 0xff,
    0xff, 0x2d, 0x0, 0x0, 0x0, 0x0, 0x8e, 0xff,
    0xff, 0xd5, 0xff, 0xff, 0x98, 0x0, 0x54, 0xff,
    0xff, 0xd5, 0xff, 0xff, 0xdd, 0x0, 0x0, 0x0,
    0x0, 0x0, 0x3e, 0xff, 0xff, 0xff, 0xff, 0xff,
    0x49, 0x0, 0xc, 0xf7, 0xff, 0xff, 0xff, 0xff,
    0x8c, 0x0, 0x0, 0x0, 0x0, 0x0, 0x2, 0xea,
    0xff, 0xff, 0xff, 0xf2, 0x7, 0x0, 0x0, 0xb4,
    0xff, 0xff, 0xff, 0xff, 0x3c, 0x0, 0x0, 0x0,
    0x0, 0x0, 0x0, 0x9d, 0xff, 0xff, 0xff, 0xaa,
    0x0, 0x0, 0x0, 0x64, 0xff, 0xff, 0xff, 0xe9,
    0x2, 0x0, 0x0, 0x0, 0x0, 0x0, 0x0, 0x4c,
    0xff, 0xff, 0xff, 0x5b, 0x0, 0x0, 0x0, 0x16,
    0xfd, 0xff, 0xff, 0x9c, 0x0, 0x0, 0x0, 0x0,

    /* U+0078 "x" */
    0x6d, 0xff, 0xff, 0xff, 0x46, 0x0, 0x0, 0x16,
    0xef, 0xff, 0xff, 0xc3, 0x2, 0x1, 0xbd, 0xff,
    0xff, 0xdf, 0xb, 0x0, 0xa1, 0xff, 0xff, 0xf1,
    0x20, 0x0, 0x0, 0x1e, 0xf1, 0xff, 0xff, 0x8f,
    0x3c, 0xff, 0xff, 0xff, 0x5f, 0x0, 0x0, 0x0,
    0x0, 0x61, 0xff, 0xff, 0xfd, 0xe3, 0xff, 0xff,
    0xab, 0x0, 0x0, 0x0, 0x0, 0x0, 0x0, 0xb2,
    0xff, 0xff, 0xff, 0xff, 0xe5, 0x12, 0x0, 0x0,
    0x0, 0x0, 0x0, 0x0, 0x17, 0xed, 0xff, 0xff,
    0xff, 0x46, 0x0, 0x0, 0x0, 0x0, 0x0, 0x0,
    0x0, 0x29, 0xf8, 0xff, 0xff, 0xff, 0x63, 0x0,
    0x0, 0x0, 0x0, 0x0, 0x0, 0x3, 0xc9, 0xff,
    0xff, 0xff, 0xff, 0xf1, 0x1f, 0x0, 0x0, 0x0,
    0x0, 0x0, 0x79, 0xff, 0xff, 0xf6, 0xda, 0xff,
    0xff, 0xbd, 0x1, 0x0, 0x0, 0x0, 0x2b, 0xf8,
    0xff, 0xff, 0x78, 0x33, 0xfc, 0xff, 0xff, 0x6d,
    0x0, 0x0, 0x3, 0xcb, 0xff, 0xff, 0xd3, 0x5,
    0x0, 0x8b, 0xff, 0xff, 0xf5, 0x25, 0x0, 0x7a,
    0xff, 0xff, 0xfe, 0x39, 0x0, 0x0, 0x9, 0xdc,
    0xff, 0xff, 0xc6, 0x2,

    /* U+0079 "y" */
    0xb0, 0xff, 0xff, 0xde, 0x2, 0x0, 0x0, 0x0,
    0x0, 0x88, 0xff, 0xff, 0xeb, 0x8, 0x3f, 0xff,
    0xff, 0xff, 0x4b, 0x0, 0x0, 0x0, 0x5, 0xe8,
    0xff, 0xff, 0x85, 0x0, 0x0, 0xce, 0xff, 0xff,
    0xb5, 0x0, 0x0, 0x0, 0x54, 0xff, 0xff, 0xfb,
    0x1b, 0x0, 0x0, 0x5d, 0xff, 0xff, 0xfd, 0x21,
    0x0, 0x0, 0xba, 0xff, 0xff, 0xa7, 0x0, 0x0,
    0x0, 0x5, 0xe6, 0xff, 0xff, 0x89, 0x0, 0x22,
    0xfe, 0xff, 0xff, 0x38, 0x0, 0x0, 0x0, 0x0,
    0x7b, 0xff, 0xff, 0xec, 0x7, 0x87, 0xff, 0xff,
    0xca, 0x0, 0x0, 0x0, 0x0, 0x0, 0x13, 0xf6,
    0xff, 0xff, 0x63, 0xe7, 0xff, 0xff, 0x5b, 0x0,
    0x0, 0x0, 0x0, 0x0, 0x0, 0x9a, 0xff, 0xff,
    0xf6, 0xff, 0xff, 0xe6, 0x5, 0x0, 0x0, 0x0,
    0x0, 0x0, 0x0, 0x2a, 0xfe, 0xff, 0xff, 0xff,
    0xff, 0x7d, 0x0, 0x0, 0x0, 0x0, 0x0, 0x0,
    0x0, 0x0, 0xb8, 0xff, 0xff, 0xff, 0xf8, 0x16,
    0x0, 0x0, 0x0, 0x0, 0x0, 0x0, 0x0, 0x0,
    0x47, 0xff, 0xff, 0xff, 0x9f, 0x0, 0x0, 0x0,
    0x0, 0x0, 0x0, 0x0, 0x0, 0x0, 0x1a, 0xfe,
    0xff, 0xff, 0x31, 0x0, 0x0, 0x0, 0x0, 0x0,
    0x0, 0x0, 0x0, 0x0, 0x88, 0xff, 0xff, 0xc2,
    0x0, 0x0, 0x0, 0x0, 0x0, 0x0, 0x0, 0x0,
    0x0, 0xc, 0xef, 0xff, 0xff, 0x53, 0x0, 0x0,
    0x0, 0x0, 0x0, 0x0, 0x0, 0x0, 0x0, 0x71,
    0xff, 0xff, 0xe1, 0x3, 0x0, 0x0, 0x0, 0x0,
    0x0, 0x0, 0x0, 0x0, 0x4, 0xe0, 0xff, 0xff,
    0x75, 0x0, 0x0, 0x0, 0x0, 0x0, 0x0, 0x0,
    0x0, 0x0, 0x5a, 0xff, 0xff, 0xf5, 0x11, 0x0,
    0x0, 0x0, 0x0, 0x0, 0x0, 0x0,

    /* U+007A "z" */
    0xc, 0xff, 0xff, 0xff, 0xff, 0xff, 0xff, 0xff,
    0xff, 0xff, 0xa0, 0xc, 0xff, 0xff, 0xff, 0xff,
    0xff, 0xff, 0xff, 0xff, 0xff, 0xa0, 0x7, 0xa8,
    0xa8, 0xa8, 0xa8, 0xa8, 0xca, 0xff, 0xff, 0xff,
    0x8a, 0x0, 0x0, 0x0, 0x0, 0x0, 0x19, 0xe1,
    0xff, 0xff, 0xc3, 0x8, 0x0, 0x0, 0x0, 0x0,
    0xd, 0xd0, 0xff, 0xff, 0xd7, 0x12, 0x0, 0x0,
    0x0, 0x0, 0x5, 0xba, 0xff, 0xff, 0xe6, 0x1f,
    0x0, 0x0, 0x0, 0x0, 0x0, 0xa1, 0xff, 0xff,
    0xf2, 0x31, 0x0, 0x0, 0x0, 0x0, 0x0, 0x85,
    0xff, 0xff, 0xfb, 0x46, 0x0, 0x0, 0x0, 0x0,
    0x0, 0x67, 0xff, 0xff, 0xff, 0x5f, 0x0, 0x0,
    0x0, 0x0, 0x0, 0x29, 0xfc, 0xff, 0xff, 0xec,
    0xa8, 0xa8, 0xa8, 0xa8, 0xa8, 0x7b, 0x3c, 0xff,
    0xff, 0xff, 0xff, 0xff, 0xff, 0xff, 0xff, 0xff,
    0xbc, 0x3c, 0xff, 0xff, 0xff, 0xff, 0xff, 0xff,
    0xff, 0xff, 0xff, 0xbc,

    /* U+007B "{" */
    0x0, 0x0, 0x0, 0x0, 0x30, 0x76, 0x8d, 0x2d,
    0x0, 0x0, 0x0, 0x93, 0xff, 0xff, 0xff, 0x50,
    0x0, 0x0, 0x5e, 0xff, 0xff, 0xff, 0xff, 0x50,
    0x0, 0x0, 0xbc, 0xff, 0xff, 0xc0, 0x1a, 0x0,
    0x0, 0x0, 0xde, 0xff, 0xff, 0x41, 0x0, 0x0,
    0x0, 0x0, 0xe4, 0xff, 0xff, 0x30, 0x0, 0x0,
    0x0, 0x0, 0xe4, 0xff, 0xff, 0x30, 0x0, 0x0,
    0x0, 0x0, 0xe4, 0xff, 0xff, 0x30, 0x0, 0x0,
    0x0, 0x0, 0xeb, 0xff, 0xff, 0x2b, 0x0, 0x0,
    0x3, 0x5a, 0xff, 0xff, 0xfc, 0xf, 0x0, 0x0,
    0x6c, 0xff, 0xff, 0xff, 0x8e, 0x0, 0x0, 0x0,
    0x6c, 0xff, 0xff, 0xca, 0x1f, 0x0, 0x0, 0x0,
    0x45, 0xe0, 0xff, 0xff, 0xd7, 0x0, 0x0, 0x0,
    0x0, 0x15, 0xfa, 0xff, 0xff, 0x20, 0x0, 0x0,
    0x0, 0x0, 0xe4, 0xff, 0xff, 0x2f, 0x0, 0x0,
    0x0, 0x0, 0xe4, 0xff, 0xff, 0x30, 0x0, 0x0,
    0x0, 0x0, 0xe4, 0xff, 0xff, 0x30, 0x0, 0x0,
    0x0, 0x0, 0xe3, 0xff, 0xff, 0x33, 0x0, 0x0,
    0x0, 0x0, 0xd2, 0xff, 0xff, 0x72, 0x0, 0x0,
    0x0, 0x0, 0x93, 0xff, 0xff, 0xfc, 0xa9, 0x2d,
    0x0, 0x0, 0x1b, 0xe8, 0xff, 0xff, 0xff, 0x50,
    0x0, 0x0, 0x0, 0x1f, 0xa1, 0xe7, 0xfd, 0x50,

    /* U+007C "|" */
    0x2a, 0xa0, 0xa0, 0x61, 0x44, 0xff, 0xff, 0x9c,
    0x44, 0xff, 0xff, 0x9c, 0x44, 0xff, 0xff, 0x9c,
    0x44, 0xff, 0xff, 0x9c, 0x44, 0xff, 0xff, 0x9c,
    0x44, 0xff, 0xff, 0x9c, 0x44, 0xff, 0xff, 0x9c,
    0x44, 0xff, 0xff, 0x9c, 0x44, 0xff, 0xff, 0x9c,
    0x44, 0xff, 0xff, 0x9c, 0x44, 0xff, 0xff, 0x9c,
    0x44, 0xff, 0xff, 0x9c, 0x44, 0xff, 0xff, 0x9c,
    0x44, 0xff, 0xff, 0x9c, 0x44, 0xff, 0xff, 0x9c,
    0x44, 0xff, 0xff, 0x9c, 0x44, 0xff, 0xff, 0x9c,
    0x44, 0xff, 0xff, 0x9c, 0x44, 0xff, 0xff, 0x9c,
    0x44, 0xff, 0xff, 0x9c, 0x44, 0xff, 0xff, 0x9c,

    /* U+007D "}" */
    0x21, 0x8e, 0x7a, 0x3a, 0x0, 0x0, 0x0, 0x0,
    0x3c, 0xff, 0xff, 0xff, 0xa8, 0x3, 0x0, 0x0,
    0x3c, 0xff, 0xff, 0xff, 0xff, 0x73, 0x0, 0x0,
    0x0, 0x12, 0xae, 0xff, 0xff, 0xd0, 0x0, 0x0,
    0x0, 0x0, 0x29, 0xff, 0xff, 0xf1, 0x0, 0x0,
    0x0, 0x0, 0x18, 0xff, 0xff, 0xf8, 0x0, 0x0,
    0x0, 0x0, 0x18, 0xff, 0xff, 0xf8, 0x0, 0x0,
    0x0, 0x0, 0x18, 0xff, 0xff, 0xf8, 0x0, 0x0,
    0x0, 0x0, 0x13, 0xff, 0xff, 0xfb, 0x2, 0x0,
    0x0, 0x0, 0x2, 0xf2, 0xff, 0xff, 0x6c, 0x5,
    0x0, 0x0, 0x0, 0x7a, 0xfe, 0xff, 0xff, 0x84,
    0x0, 0x0, 0x0, 0x13, 0xb7, 0xff, 0xff, 0x84,
    0x0, 0x0, 0x0, 0xbd, 0xff, 0xff, 0xe7, 0x56,
    0x0, 0x0, 0x8, 0xff, 0xff, 0xff, 0x24, 0x0,
    0x0, 0x0, 0x17, 0xff, 0xff, 0xf8, 0x0, 0x0,
    0x0, 0x0, 0x18, 0xff, 0xff, 0xf8, 0x0, 0x0,
    0x0, 0x0, 0x18, 0xff, 0xff, 0xf8, 0x0, 0x0,
    0x0, 0x0, 0x1b, 0xff, 0xff, 0xf7, 0x0, 0x0,
    0x0, 0x0, 0x5a, 0xff, 0xff, 0xe5, 0x0, 0x0,
    0x21, 0xa2, 0xf8, 0xff, 0xff, 0xa7, 0x0, 0x0,
    0x3c, 0xff, 0xff, 0xff, 0xf1, 0x28, 0x0, 0x0,
    0x3c, 0xfe, 0xec, 0xac, 0x29, 0x0, 0x0, 0x0,

    /* U+007E "~" */
    0x0, 0xe, 0x9d, 0xe8, 0xeb, 0xbc, 0x69, 0x10,
    0x0, 0x12, 0xa3, 0xa4, 0x4f, 0x0, 0xaa, 0xff,
    0xff, 0xff, 0xff, 0xff, 0xf6, 0xbd, 0xd3, 0xff,
    0xff, 0x5c, 0x12, 0xff, 0xff, 0xec, 0xb5, 0xea,
    0xff, 0xff, 0xff, 0xff, 0xff, 0xe8, 0xc, 0x1f,
    0xa8, 0xa8, 0x44, 0x0, 0x3, 0x4a, 0xa7, 0xe2,
    0xf3, 0xc0, 0x2d, 0x0,

    /* U+00A0 " " */

    /* U+00A1 "¡" */
    0x29, 0xcf, 0xef, 0x7e, 0x0, 0xb7, 0xff, 0xff,
    0xff, 0x2c, 0xc1, 0xff, 0xff, 0xff, 0x35, 0x3b,
    0xe8, 0xfe, 0x9c, 0x0, 0x0, 0x1, 0xa, 0x0,
    0x0, 0x2, 0x28, 0x28, 0x14, 0x0, 0x19, 0xff,
    0xff, 0x8c, 0x0, 0x26, 0xff, 0xff, 0x99, 0x0,
    0x34, 0xff, 0xff, 0xa7, 0x0, 0x41, 0xff, 0xff,
    0xb4, 0x0, 0x4f, 0xff, 0xff, 0xc2, 0x0, 0x5c,
    0xff, 0xff, 0xcf, 0x0, 0x63, 0xff, 0xff, 0xd7,
    0x0, 0x64, 0xff, 0xff, 0xd8, 0x0, 0x64, 0xff,
    0xff, 0xd8, 0x0, 0x64, 0xff, 0xff, 0xd8, 0x0,
    0x64, 0xff, 0xff, 0xd8, 0x0,

    /* U+00A2 "¢" */
    0x0, 0x0, 0x0, 0x0, 0x0, 0x11, 0x38, 0x2f,
    0x0, 0x0, 0x0, 0x0, 0x0, 0x0, 0x0, 0x0,
    0x0, 0x0, 0x50, 0xff, 0xd8, 0x0, 0x0, 0x0,
    0x0, 0x0, 0x0, 0x0, 0x0, 0x0, 0x0, 0x5c,
    0xff, 0xde, 0x8, 0x0, 0x0, 0x0, 0x0, 0x0,
    0x0, 0x0, 0x53, 0xd0, 0xff, 0xff, 0xff, 0xf8,
    0xae, 0x23, 0x0, 0x0, 0x0, 0x0, 0x92, 0xff,
    0xff, 0xff, 0xff, 0xff, 0xff, 0xff, 0xef, 0x32,
    0x0, 0x0, 0x62, 0xff, 0xff, 0xfe, 0xd1, 0xff,
    0xec, 0xd1, 0xff, 0xff, 0xdb, 0x8, 0x1, 0xe0,
    0xff, 0xff, 0x63, 0x50, 0xff, 0xd8, 0x4, 0xc5,
    0xc1, 0x5b, 0x6, 0x2c, 0xff, 0xff, 0xce, 0x0,
    0x50, 0xff, 0xd8, 0x0, 0x3, 0x0, 0x0, 0x0,
    0x4c, 0xff, 0xff, 0x98, 0x0, 0x50, 0xff, 0xd8,
    0x0, 0x0, 0x0, 0x0, 0x0, 0x48, 0xff, 0xff,
    0x9f, 0x0, 0x50, 0xff, 0xd8, 0x0, 0x0, 0x0,
    0x0, 0x0, 0x1f, 0xff, 0xff, 0xe0, 0x3, 0x50,
    0xff, 0xd8, 0x0, 0x1d, 0x23, 0x0, 0x0, 0x0,
    0xcb, 0xff, 0xff, 0x93, 0x53, 0xff, 0xd8, 0x14,
    0xcd, 0xfd, 0xb2, 0x1c, 0x0, 0x40, 0xfd, 0xff,
    0xff, 0xf1, 0xff, 0xf4, 0xf1, 0xff, 0xff, 0xcc,
    0x4, 0x0, 0x0, 0x4d, 0xf2, 0xff, 0xff, 0xff,
    0xff, 0xff, 0xff, 0xd7, 0x19, 0x0, 0x0, 0x0,
    0x0, 0x25, 0x9a, 0xe5, 0xff, 0xfe, 0xd0, 0x7b,
    0x9, 0x0, 0x0, 0x0, 0x0, 0x0, 0x0, 0x0,
    0x50, 0xff, 0xd8, 0x0, 0x0, 0x0, 0x0, 0x0,
    0x0, 0x0, 0x0, 0x0, 0x0, 0x50, 0xff, 0xd8,
    0x0, 0x0, 0x0, 0x0, 0x0,

    /* U+00A3 "£" */
    0x0, 0x0, 0x3, 0x65, 0xc9, 0xf5, 0xf4, 0xc7,
    0x57, 0x0, 0x0, 0x0, 0x0, 0x0, 0x4, 0xb3,
    0xff, 0xff, 0xff, 0xff, 0xff, 0xff, 0xa8, 0x1,
    0x0, 0x0, 0x0, 0x81, 0xff, 0xff, 0xff, 0xd4,
    0xe0, 0xff, 0xff, 0xff, 0x6f, 0x0, 0x0, 0x4,
    0xef, 0xff, 0xff, 0x5d, 0x0, 0x0, 0x83, 0xff,
    0xff, 0xa4, 0x0, 0x0, 0x27, 0xff, 0xff, 0xdd,
    0x0, 0x0, 0x0, 0x2, 0x82, 0x29, 0x0, 0x0,
    0x0, 0x29, 0xff, 0xff, 0xd1, 0x0, 0x0, 0x0,
    0x0, 0x0, 0x0, 0x0, 0x0, 0x0, 0xa, 0xf8,
    0xff, 0xf7, 0xf, 0x0, 0x0, 0x0, 0x0, 0x0,
    0x0, 0x0, 0x0, 0x0, 0xa6, 0xff, 0xff, 0x77,
    0x0, 0x0, 0x0, 0x0, 0x0, 0x0, 0x0, 0x0,
    0x0, 0x25, 0xfb, 0xff, 0xf0, 0x12, 0x0, 0x0,
    0x0, 0x0, 0x0, 0x0, 0x0, 0x28, 0xff, 0xff,
    0xff, 0xff, 0xff, 0xff, 0xff, 0x74, 0x0, 0x0,
    0x0, 0x0, 0x28, 0xff, 0xff, 0xff, 0xff, 0xff,
    0xff, 0xff, 0x74, 0x0, 0x0, 0x0, 0x0, 0xf,
    0x60, 0x60, 0xfb, 0xff, 0xe4, 0x60, 0x60, 0x2b,
    0x0, 0x0, 0x0, 0x0, 0x0, 0x0, 0x2b, 0xff,
    0xff, 0xa7, 0x0, 0x0, 0x0, 0x0, 0x3, 0x0,
    0x0, 0x0, 0x9, 0xc0, 0xff, 0xf1, 0x24, 0x0,
    0x0, 0x0, 0x3c, 0xe6, 0x83, 0x1a, 0x22, 0xe0,
    0xff, 0xff, 0xed, 0xc0, 0xc0, 0xc0, 0xc7, 0xfa,
    0xff, 0xff, 0x43, 0x3c, 0xff, 0xff, 0xff, 0xff,
    0xff, 0xff, 0xff, 0xff, 0xff, 0xff, 0xad, 0x0,
    0x3c, 0xff, 0xff, 0xff, 0xff, 0xff, 0xff, 0xff,
    0xfa, 0xda, 0x7f, 0x8, 0x0,

    /* U+00A4 "¤" */
    0x0, 0x79, 0x6c, 0x0, 0x1a, 0x51, 0x64, 0x41,
    0x5, 0xc, 0xab, 0x2b, 0x0, 0x4d, 0xff, 0xff,
    0xbc, 0xfa, 0xff, 0xff, 0xff, 0xe5, 0xd1, 0xff,
    0xe2, 0x7, 0x2, 0x9f, 0xff, 0xff, 0xff, 0xff,
    0xff, 0xff, 0xff, 0xff, 0xf7, 0x46, 0x0, 0x0,
    0x6c, 0xff, 0xff, 0xbc, 0x2c, 0xf, 0x59, 0xee,
    0xff, 0xf4, 0x12, 0x0, 0x0, 0xc9, 0xff, 0xe8,
    0xd, 0x0, 0x0, 0x0, 0x5e, 0xff, 0xff, 0x64,
    0x0, 0x0, 0xef, 0xff, 0xab, 0x0, 0x0, 0x0,
    0x0, 0x14, 0xff, 0xff, 0x88, 0x0, 0x0, 0xe2,
    0xff, 0xbe, 0x0, 0x0, 0x0, 0x0, 0x26, 0xff,
    0xff, 0x7b, 0x0, 0x0, 0xa8, 0xff, 0xfd, 0x3f,
    0x0, 0x0, 0x1, 0xa3, 0xff, 0xff, 0x43, 0x0,
    0x0, 0x55, 0xff, 0xff, 0xf9, 0x9c, 0x7f, 0xc7,
    0xff, 0xff, 0xec, 0x4, 0x0, 0x2d, 0xe9, 0xff,
    0xff, 0xff, 0xff, 0xff, 0xff, 0xff, 0xff, 0xff,
    0xad, 0x5, 0x22, 0xe3, 0xdf, 0x4d, 0xa9, 0xe4,
    0xf6, 0xd5, 0x7e, 0x6e, 0xfd, 0x9f, 0x2, 0x0,
    0x23, 0x1d, 0x0, 0x0, 0x0, 0x0, 0x0, 0x0,
    0x0, 0x3e, 0x2, 0x0,

    /* U+00A5 "¥" */
    0x65, 0xff, 0xff, 0xff, 0x6e, 0x0, 0x0, 0x0,
    0x0, 0x0, 0x40, 0xff, 0xff, 0xff, 0x8c, 0x0,
    0xbb, 0xff, 0xff, 0xf1, 0x19, 0x0, 0x0, 0x0,
    0x4, 0xd3, 0xff, 0xff, 0xdc, 0xa, 0x0, 0x20,
    0xf4, 0xff, 0xff, 0xa9, 0x0, 0x0, 0x0, 0x70,
    0xff, 0xff, 0xfe, 0x41, 0x0, 0x0, 0x0, 0x6d,
    0xff, 0xff, 0xff, 0x46, 0x0, 0x17, 0xf0, 0xff,
    0xff, 0x9a, 0x0, 0x0, 0x0, 0x0, 0x1, 0xc2,
    0xff, 0xff, 0xd9, 0x2, 0x99, 0xff, 0xff, 0xe5,
    0xf, 0x0, 0x0, 0x0, 0x0, 0x0, 0x25, 0xf6,
    0xff, 0xff, 0x64, 0xf7, 0xff, 0xff, 0x4e, 0x0,
    0x0, 0x0, 0x0, 0x0, 0xf4, 0xff, 0xff, 0xff,
    0xff, 0xff, 0xff, 0xff, 0xff, 0xff, 0xff, 0x20,
    0x0, 0x0, 0x0, 0xf4, 0xff, 0xff, 0xff, 0xff,
    0xff, 0xff, 0xff, 0xff, 0xff, 0xff, 0x20, 0x0,
    0x0, 0x0, 0xb7, 0xc0, 0xc0, 0xc0, 0xff, 0xff,
    0xff, 0xcf, 0xc0, 0xc0, 0xc0, 0x18, 0x0, 0x0,
    0x0, 0x0, 0x0, 0x0, 0x0, 0xff, 0xff, 0xff,
    0x3c, 0x0, 0x0, 0x0, 0x0, 0x0, 0x0, 0x0,
    0xf4, 0xff, 0xff, 0xff, 0xff, 0xff, 0xff, 0xff,
    0xff, 0xff, 0xff, 0x20, 0x0, 0x0, 0x0, 0xf4,
    0xff, 0xff, 0xff, 0xff, 0xff, 0xff, 0xff, 0xff,
    0xff, 0xff, 0x20, 0x0, 0x0, 0x0, 0xb7, 0xc0,
    0xc0, 0xc0, 0xff, 0xff, 0xff, 0xcf, 0xc0, 0xc0,
    0xc0, 0x18, 0x0, 0x0, 0x0, 0x0, 0x0, 0x0,
    0x0, 0xff, 0xff, 0xff, 0x3c, 0x0, 0x0, 0x0,
    0x0, 0x0, 0x0, 0x0, 0x0, 0x0, 0x0, 0x0,
    0xff, 0xff, 0xff, 0x3c, 0x0, 0x0, 0x0, 0x0,
    0x0, 0x0, 0x0, 0x0, 0x0, 0x0, 0x0, 0xff,
    0xff, 0xff, 0x3c, 0x0, 0x0, 0x0, 0x0, 0x0,

    /* U+00A6 "¦" */
    0x44, 0xff, 0xff, 0x9c, 0x44, 0xff, 0xff, 0x9c,
    0x44, 0xff, 0xff, 0x9c, 0x44, 0xff, 0xff, 0x9c,
    0x44, 0xff, 0xff, 0x9c, 0x44, 0xff, 0xff, 0x9c,
    0x44, 0xff, 0xff, 0x9c, 0x44, 0xff, 0xff, 0x9c,
    0x44, 0xff, 0xff, 0x9c, 0x1, 0x4, 0x4, 0x2,
    0x0, 0x0, 0x0, 0x0, 0x34, 0xc4, 0xc4, 0x77,
    0x44, 0xff, 0xff, 0x9c, 0x44, 0xff, 0xff, 0x9c,
    0x44, 0xff, 0xff, 0x9c, 0x44, 0xff, 0xff, 0x9c,
    0x44, 0xff, 0xff, 0x9c, 0x44, 0xff, 0xff, 0x9c,
    0x44, 0xff, 0xff, 0x9c, 0x44, 0xff, 0xff, 0x9c,
    0x44, 0xff, 0xff, 0x9c,

    /* U+00A7 "§" */
    0x0, 0x0, 0x0, 0x17, 0x91, 0xdd, 0xf9, 0xef,
    0xb7, 0x40, 0x0, 0x0, 0x0, 0x0, 0x0, 0x51,
    0xf3, 0xff, 0xff, 0xff, 0xff, 0xff, 0xff, 0x95,
    0x0, 0x0, 0x0, 0x1a, 0xf4, 0xff, 0xff, 0xfe,
    0xe6, 0xf7, 0xff, 0xff, 0xff, 0x75, 0x0, 0x0,
    0x6c, 0xff, 0xff, 0xe8, 0x2c, 0x0, 0x8, 0x9b,
    0xff, 0xfd, 0xa6, 0x0, 0x0, 0x7f, 0xff, 0xff,
    0xae, 0x0, 0x0, 0x0, 0x9, 0x76, 0x1c, 0x0,
    0x0, 0x0, 0x4f, 0xff, 0xff, 0xfb, 0x75, 0xd,
    0x0, 0x0, 0x0, 0x0, 0x0, 0x0, 0x0, 0x3,
    0xc2, 0xff, 0xff, 0xff, 0xf6, 0xac, 0x4f, 0x3,
    0x0, 0x0, 0x0, 0x0, 0x0, 0x1d, 0xf5, 0xff,
    0xff, 0xff, 0xff, 0xff, 0xe1, 0x4e, 0x0, 0x0,
    0x0, 0x6, 0xc9, 0xff, 0xff, 0xc4, 0xde, 0xff,
    0xff, 0xff, 0xff, 0x7f, 0x0, 0x0, 0x5a, 0xff,
    0xff, 0xb4, 0x2, 0x1, 0x49, 0xd9, 0xff, 0xff,
    0xfd, 0x27, 0x0, 0x86, 0xff, 0xff, 0x78, 0x0,
    0x0, 0x0, 0x19, 0xee, 0xff, 0xff, 0x6a, 0x0,
    0x65, 0xff, 0xff, 0xd6, 0x15, 0x0, 0x0, 0x0,
    0xb6, 0xff, 0xff, 0x72, 0x0, 0xf, 0xe5, 0xff,
    0xff, 0xed, 0x87, 0x2a, 0x8, 0xe3, 0xff, 0xff,
    0x41, 0x0, 0x0, 0x30, 0xdd, 0xff, 0xff, 0xff,
    0xff, 0xe9, 0xff, 0xff, 0xbd, 0x1, 0x0, 0x0,
    0x0, 0xb, 0x68, 0xcb, 0xff, 0xff, 0xff, 0xff,
    0xff, 0x3d, 0x0, 0x0, 0x0, 0x0, 0x0, 0x0,
    0x0, 0x22, 0x83, 0xf0, 0xff, 0xff, 0xda, 0x4,
    0x0, 0x0, 0x1d, 0x6e, 0x1, 0x0, 0x0, 0x0,
    0x23, 0xf2, 0xff, 0xff, 0x45, 0x0, 0xb8, 0xfe,
    0xff, 0x52, 0x0, 0x0, 0x0, 0x0, 0xcc, 0xff,
    0xff, 0x60, 0x0, 0xad, 0xff, 0xff, 0xeb, 0x45,
    0x0, 0x0, 0x56, 0xfb, 0xff, 0xff, 0x3d, 0x0,
    0x24, 0xed, 0xff, 0xff, 0xff, 0xef, 0xee, 0xff,
    0xff, 0xff, 0xd0, 0x1, 0x0, 0x0, 0x3b, 0xeb,
    0xff, 0xff, 0xff, 0xff, 0xff, 0xff, 0xe0, 0x25,
    0x0, 0x0, 0x0, 0x0, 0xe, 0x84, 0xd7, 0xf8,
    0xf4, 0xcd, 0x7a, 0xd, 0x0, 0x0,

    /* U+00A8 "¨" */
    0x0, 0x3f, 0x56, 0x4, 0x0, 0xc, 0x5d, 0x31,
    0x0, 0x54, 0xff, 0xff, 0x97, 0x0, 0xc0, 0xff,
    0xfc, 0x32, 0x85, 0xff, 0xff, 0xc9, 0x0, 0xf1,
    0xff, 0xff, 0x61, 0x20, 0xd3, 0xeb, 0x4b, 0x0,
    0x6b, 0xf1, 0xc2, 0xe,

    /* U+00A9 "©" */
    0x0, 0x0, 0x0, 0x26, 0x9b, 0xdf, 0xf1, 0xd3,
    0x82, 0x11, 0x0, 0x0, 0x0, 0x0, 0x56, 0xf5,
    0x9e, 0x46, 0x2e, 0x53, 0xba, 0xe4, 0x2d, 0x0,
    0x0, 0x30, 0xf8, 0x52, 0x0, 0x0, 0x0, 0x0,
    0x0, 0x84, 0xe1, 0xc, 0x0, 0xb2, 0x9a, 0x0,
    0x33, 0xb8, 0xe2, 0xb4, 0x1f, 0x0, 0xc8, 0x75,
    0x7, 0xf9, 0x2b, 0x18, 0xed, 0x6b, 0x23, 0x60,
    0x1d, 0x0, 0x67, 0xc5, 0x1d, 0xff, 0xa, 0x51,
    0xca, 0x0, 0x0, 0x0, 0x0, 0x0, 0x46, 0xe1,
    0xc, 0xfe, 0x22, 0x24, 0xf1, 0x3b, 0x0, 0x3f,
    0x2c, 0x0, 0x5f, 0xce, 0x0, 0xc7, 0x82, 0x0,
    0x5b, 0xe8, 0xf7, 0xe3, 0x3a, 0x0, 0xb6, 0x8b,
    0x0, 0x4a, 0xfa, 0x3a, 0x0, 0x0, 0x13, 0x2,
    0x0, 0x64, 0xf3, 0x1b, 0x0, 0x0, 0x7f, 0xf9,
    0x7c, 0x19, 0x3, 0x26, 0x9f, 0xf7, 0x4c, 0x0,
    0x0, 0x0, 0x0, 0x4e, 0xcb, 0xff, 0xff, 0xfa,
    0xb2, 0x2d, 0x0, 0x0, 0x0, 0x0, 0x0, 0x0,
    0x0, 0x10, 0x21, 0x9, 0x0, 0x0, 0x0, 0x0,

    /* U+00AA "ª" */
    0x0, 0x0, 0x15, 0x8b, 0xd9, 0xf7, 0xf3, 0xcb,
    0x75, 0x8, 0x0, 0x0, 0x28, 0xe9, 0xff, 0xff,
    0xff, 0xff, 0xff, 0xff, 0xce, 0xe, 0x0, 0x59,
    0xea, 0xfe, 0x98, 0x4a, 0x5f, 0xd6, 0xff, 0xff,
    0x85, 0x0, 0x0, 0xb, 0x46, 0x0, 0x0, 0x0,
    0x1a, 0xfd, 0xff, 0xd1, 0x0, 0x0, 0x36, 0xb3,
    0xe8, 0xfa, 0xe1, 0xa1, 0xf1, 0xff, 0xe9, 0x0,
    0x46, 0xfb, 0xff, 0xff, 0xff, 0xff, 0xff, 0xff,
    0xff, 0xec, 0x0, 0xdf, 0xff, 0xfd, 0x5e, 0xc,
    0x17, 0x4c, 0xf8, 0xff, 0xec, 0x5, 0xff, 0xff,
    0xdd, 0x0, 0x0, 0x0, 0x37, 0xff, 0xff, 0xec,
    0x0, 0xdf, 0xff, 0xfe, 0x78, 0x39, 0x6a, 0xe9,
    0xff, 0xff, 0xec, 0x0, 0x4d, 0xfe, 0xff, 0xff,
    0xff, 0xff, 0xdf, 0xf3, 0xff, 0xec, 0x0, 0x0,
    0x42, 0xbf, 0xef, 0xef, 0xa7, 0x1b, 0x99, 0xac,
    0x9e,

    /* U+00AB "«" */
    0x0, 0x0, 0x0, 0x0, 0x0, 0x54, 0x79, 0x0,
    0x0, 0x0, 0x18, 0xa3, 0x10, 0x0, 0x0, 0x0,
    0x0, 0x0, 0x46, 0xf9, 0xff, 0x81, 0x0, 0x11,
    0xd2, 0xff, 0xd2, 0xa, 0x0, 0x0, 0x0, 0x39,
    0xf4, 0xff, 0xf1, 0x32, 0xb, 0xc6, 0xff, 0xff,
    0x7e, 0x0, 0x0, 0x0, 0x2d, 0xee, 0xff, 0xf6,
    0x3d, 0x6, 0xb9, 0xff, 0xff, 0x8d, 0x0, 0x0,
    0x0, 0x23, 0xe7, 0xff, 0xfa, 0x49, 0x3, 0xab,
    0xff, 0xff, 0x9b, 0x0, 0x0, 0x0, 0x0, 0xce,
    0xff, 0xff, 0x7d, 0x0, 0x73, 0xff, 0xff, 0xd3,
    0x2, 0x0, 0x0, 0x0, 0x0, 0x3a, 0xf5, 0xff,
    0xee, 0x2f, 0xc, 0xc7, 0xff, 0xff, 0x77, 0x0,
    0x0, 0x0, 0x0, 0x0, 0x46, 0xf9, 0xff, 0xe9,
    0x26, 0x11, 0xd2, 0xff, 0xff, 0x69, 0x0, 0x0,
    0x0, 0x0, 0x0, 0x54, 0xfd, 0xff, 0xe2, 0x1e,
    0x18, 0xdc, 0xff, 0xfe, 0x5d, 0x0, 0x0, 0x0,
    0x0, 0x0, 0x63, 0xff, 0xff, 0x91, 0x0, 0x21,
    0xe5, 0xff, 0xe3, 0xa, 0x0, 0x0, 0x0, 0x0,
    0x0, 0x73, 0x9d, 0x3, 0x0, 0x0, 0x2a, 0xc8,
    0x21, 0x0, 0x0, 0x0, 0x0, 0x0, 0x0, 0x0,
    0x0, 0x0, 0x0, 0x0, 0x0, 0x0, 0x0, 0x0,

    /* U+00AC "¬" */
    0x97, 0xb4, 0xb4, 0xb4, 0xb4, 0xb4, 0xb4, 0xb4,
    0xb4, 0xb4, 0xb4, 0x3d, 0xd8, 0xff, 0xff, 0xff,
    0xff, 0xff, 0xff, 0xff, 0xff, 0xff, 0xff, 0x58,
    0xd8, 0xff, 0xff, 0xff, 0xff, 0xff, 0xff, 0xff,
    0xff, 0xff, 0xff, 0x58, 0x0, 0x0, 0x0, 0x0,
    0x0, 0x0, 0x0, 0x0, 0x6c, 0xff, 0xff, 0x58,
    0x0, 0x0, 0x0, 0x0, 0x0, 0x0, 0x0, 0x0,
    0x6c, 0xff, 0xff, 0x58, 0x0, 0x0, 0x0, 0x0,
    0x0, 0x0, 0x0, 0x0, 0x6c, 0xff, 0xff, 0x58,
    0x0, 0x0, 0x0, 0x0, 0x0, 0x0, 0x0, 0x0,
    0x6c, 0xff, 0xff, 0x58, 0x0, 0x0, 0x0, 0x0,
    0x0, 0x0, 0x0, 0x0, 0x36, 0x80, 0x80, 0x2c,

    /* U+00AD "­" */
    0x7e, 0xc0, 0xc0, 0xc0, 0xc0, 0xc0, 0xc0, 0xc0,
    0x5d, 0xa8, 0xff, 0xff, 0xff, 0xff, 0xff, 0xff,
    0xff, 0x7c, 0xa8, 0xff, 0xff, 0xff, 0xff, 0xff,
    0xff, 0xff, 0x7c,

    /* U+00AE "®" */
    0x0, 0x0, 0x0, 0x26, 0x9b, 0xdf, 0xf1, 0xd3,
    0x82, 0x11, 0x0, 0x0, 0x0, 0x0, 0x56, 0xf5,
    0x9e, 0x46, 0x2e, 0x53, 0xba, 0xe4, 0x2d, 0x0,
    0x0, 0x30, 0xf8, 0x52, 0x0, 0x0, 0x0, 0x0,
    0x0, 0x84, 0xe1, 0xc, 0x0, 0xb2, 0x9a, 0x0,
    0x6e, 0xec, 0xeb, 0xc3, 0x22, 0x0, 0xc8, 0x75,
    0x7, 0xf9, 0x2b, 0x0, 0x78, 0xae, 0x1f, 0xbd,
    0x89, 0x0, 0x67, 0xc5, 0x1d, 0xff, 0xa, 0x0,
    0x78, 0xff, 0xff, 0xd4, 0x2a, 0x0, 0x46, 0xe1,
    0xc, 0xfe, 0x22, 0x0, 0x78, 0xa4, 0x7c, 0xb1,
    0x0, 0x0, 0x5f, 0xce, 0x0, 0xc7, 0x82, 0x0,
    0x78, 0xa4, 0x7, 0xda, 0x56, 0x0, 0xb6, 0x8b,
    0x0, 0x4a, 0xfa, 0x3a, 0x16, 0x1e, 0x0, 0x19,
    0x22, 0x64, 0xf3, 0x1b, 0x0, 0x0, 0x7f, 0xf9,
    0x7c, 0x19, 0x3, 0x26, 0x9f, 0xf7, 0x4c, 0x0,
    0x0, 0x0, 0x0, 0x4e, 0xcb, 0xff, 0xff, 0xfa,
    0xb2, 0x2d, 0x0, 0x0, 0x0, 0x0, 0x0, 0x0,
    0x0, 0x10, 0x21, 0x9, 0x0, 0x0, 0x0, 0x0,

    /* U+00AF "¯" */
    0x33, 0x5c, 0x5c, 0x5c, 0x5c, 0x5c, 0x5c, 0x32,
    0x90, 0xff, 0xff, 0xff, 0xff, 0xff, 0xff, 0x8c,
    0x90, 0xff, 0xff, 0xff, 0xff, 0xff, 0xff, 0x8c,

    /* U+00B0 "°" */
    0x0, 0x13, 0x9f, 0xeb, 0xe2, 0x84, 0x5, 0x0,
    0x0, 0xbe, 0xff, 0xea, 0xf2, 0xff, 0x8a, 0x0,
    0x21, 0xff, 0xd6, 0x6, 0x1a, 0xf8, 0xeb, 0x0,
    0x21, 0xff, 0xd6, 0x6, 0x1a, 0xf8, 0xeb, 0x0,
    0x0, 0xbf, 0xff, 0xea, 0xf2, 0xff, 0x8b, 0x0,
    0x0, 0x15, 0xa3, 0xed, 0xe5, 0x88, 0x6, 0x0,

    /* U+00B1 "±" */
    0x0, 0x0, 0x0, 0x0, 0x25, 0x40, 0x40, 0xd,
    0x0, 0x0, 0x0, 0x0, 0x0, 0x0, 0x0, 0x0,
    0x94, 0xff, 0xff, 0x34, 0x0, 0x0, 0x0, 0x0,
    0x0, 0x0, 0x0, 0x0, 0x94, 0xff, 0xff, 0x34,
    0x0, 0x0, 0x0, 0x0, 0x0, 0x0, 0x0, 0x0,
    0x94, 0xff, 0xff, 0x34, 0x0, 0x0, 0x0, 0x0,
    0xa8, 0xff, 0xff, 0xff, 0xff, 0xff, 0xff, 0xff,
    0xff, 0xff, 0xff, 0x50, 0xa8, 0xff, 0xff, 0xff,
    0xff, 0xff, 0xff, 0xff, 0xff, 0xff, 0xff, 0x50,
    0x5e, 0x90, 0x90, 0x90, 0xd0, 0xff, 0xff, 0xa6,
    0x90, 0x90, 0x90, 0x2d, 0x0, 0x0, 0x0, 0x0,
    0x94, 0xff, 0xff, 0x34, 0x0, 0x0, 0x0, 0x0,
    0x0, 0x0, 0x0, 0x0, 0x94, 0xff, 0xff, 0x34,
    0x0, 0x0, 0x0, 0x0, 0x0, 0x0, 0x0, 0x0,
    0x94, 0xff, 0xff, 0x34, 0x0, 0x0, 0x0, 0x0,
    0x0, 0x0, 0x0, 0x0, 0x0, 0x0, 0x0, 0x0,
    0x0, 0x0, 0x0, 0x0, 0x7e, 0xc0, 0xc0, 0xc0,
    0xc0, 0xc0, 0xc0, 0xc0, 0xc0, 0xc0, 0xc0, 0x3c,
    0xa8, 0xff, 0xff, 0xff, 0xff, 0xff, 0xff, 0xff,
    0xff, 0xff, 0xff, 0x50, 0xa8, 0xff, 0xff, 0xff,
    0xff, 0xff, 0xff, 0xff, 0xff, 0xff, 0xff, 0x50,

    /* U+00B2 "²" */
    0x0, 0x30, 0xbd, 0xf4, 0xe0, 0x85, 0x6, 0x16,
    0xef, 0xff, 0xf1, 0xfd, 0xff, 0x8a, 0x27, 0xb5,
    0xbb, 0x4, 0x65, 0xff, 0xd5, 0x0, 0x0, 0x3,
    0x0, 0x86, 0xff, 0xab, 0x0, 0x0, 0x0, 0x62,
    0xfe, 0xf2, 0x26, 0x0, 0x0, 0x61, 0xfe, 0xf6,
    0x41, 0x0, 0x0, 0x5e, 0xfd, 0xf5, 0x44, 0x0,
    0x0, 0x38, 0xfc, 0xff, 0xf6, 0xe4, 0xe4, 0xd5,
    0x54, 0xff, 0xff, 0xff, 0xff, 0xff, 0xf0,

    /* U+00B3 "³" */
    0x0, 0x25, 0xb4, 0xf0, 0xeb, 0xa1, 0x13, 0x0,
    0x9, 0xe2, 0xff, 0xf3, 0xf7, 0xff, 0xb1, 0x0,
    0x0, 0x34, 0x77, 0x7, 0x36, 0xff, 0xe8, 0x0,
    0x0, 0x0, 0x18, 0xae, 0xe1, 0xff, 0x84, 0x0,
    0x0, 0x0, 0x24, 0xff, 0xff, 0xfe, 0x65, 0x0,
    0x0, 0x0, 0xf, 0x0, 0x32, 0xf7, 0xfd, 0x21,
    0x2e, 0xcc, 0xd6, 0xa, 0x14, 0xf2, 0xff, 0x37,
    0xe, 0xe9, 0xff, 0xf1, 0xf4, 0xff, 0xd2, 0x4,
    0x0, 0x28, 0xb2, 0xf0, 0xeb, 0xa6, 0x1c, 0x0,

    /* U+00B4 "´" */
    0x0, 0x15, 0x38, 0x38, 0x38, 0xe, 0x0, 0x92,
    0xff, 0xff, 0xd2, 0x6, 0x0, 0xe2, 0xff, 0xfb,
    0x31, 0x0, 0x34, 0xff, 0xff, 0x81, 0x0, 0x0,

    /* U+00B5 "µ" */
    0xc0, 0xff, 0xff, 0x64, 0x0, 0x0, 0x0, 0x0,
    0xb8, 0xff, 0xff, 0x70, 0xc0, 0xff, 0xff, 0x64,
    0x0, 0x0, 0x0, 0x0, 0xb8, 0xff, 0xff, 0x70,
    0xc0, 0xff, 0xff, 0x64, 0x0, 0x0, 0x0, 0x0,
    0xb8, 0xff, 0xff, 0x70, 0xc0, 0xff, 0xff, 0x64,
    0x0, 0x0, 0x0, 0x0, 0xb8, 0xff, 0xff, 0x70,
    0xc0, 0xff, 0xff, 0x64, 0x0, 0x0, 0x0, 0x0,
    0xb8, 0xff, 0xff, 0x70, 0xc0, 0xff, 0xff, 0x64,
    0x0, 0x0, 0x0, 0x0, 0xb9, 0xff, 0xff, 0x70,
    0xc0, 0xff, 0xff, 0x66, 0x0, 0x0, 0x0, 0x0,
    0xd5, 0xff, 0xff, 0x70, 0xc0, 0xff, 0xff, 0x87,
    0x0, 0x0, 0x0, 0x23, 0xfc, 0xff, 0xff, 0x70,
    0xc0, 0xff, 0xff, 0xeb, 0x2d, 0x0, 0x15, 0xc6,
    0xff, 0xff, 0xff, 0x70, 0xc0, 0xff, 0xff, 0xff,
    0xff, 0xe5, 0xf9, 0xff, 0xff, 0xff, 0xff, 0x70,
    0xc0, 0xff, 0xff, 0xff, 0xff, 0xff, 0xff, 0xfd,
    0xd1, 0xff, 0xff, 0x70, 0xc0, 0xff, 0xff, 0xde,
    0xf6, 0xf8, 0xcc, 0x4b, 0x84, 0xff, 0xff, 0x70,
    0xc0, 0xff, 0xff, 0x4a, 0x0, 0x0, 0x0, 0x0,
    0x0, 0x0, 0x0, 0x0, 0xc0, 0xff, 0xff, 0x62,
    0x0, 0x0, 0x0, 0x0, 0x0, 0x0, 0x0, 0x0,
    0xc0, 0xff, 0xff, 0x64, 0x0, 0x0, 0x0, 0x0,
    0x0, 0x0, 0x0, 0x0, 0xc0, 0xff, 0xff, 0x64,
    0x0, 0x0, 0x0, 0x0, 0x0, 0x0, 0x0, 0x0,
    0xc0, 0xff, 0xff, 0x64, 0x0, 0x0, 0x0, 0x0,
    0x0, 0x0, 0x0, 0x0,

    /* U+00B6 "¶" */
    0x0, 0x0, 0xb, 0x79, 0xcf, 0xf6, 0xff, 0xff,
    0xff, 0xff, 0xff, 0xff, 0xff, 0x84, 0x0, 0x1a,
    0xd8, 0xff, 0xff, 0xff, 0xff, 0xff, 0xff, 0xff,
    0xff, 0xff, 0xff, 0x84, 0x0, 0xc0, 0xff, 0xff,
    0xff, 0xff, 0xff, 0xff, 0xff, 0x9e, 0x97, 0xff,
    0xff, 0x84, 0x31, 0xff, 0xff, 0xff, 0xff, 0xff,
    0xff, 0xff, 0xff, 0x30, 0x20, 0xff, 0xff, 0x84,
    0x60, 0xff, 0xff, 0xff, 0xff, 0xff, 0xff, 0xff,
    0xff, 0x30, 0x20, 0xff, 0xff, 0x84, 0x5e, 0xff,
    0xff, 0xff, 0xff, 0xff, 0xff, 0xff, 0xff, 0x30,
    0x20, 0xff, 0xff, 0x84, 0x2a, 0xff, 0xff, 0xff,
    0xff, 0xff, 0xff, 0xff, 0xff, 0x30, 0x20, 0xff,
    0xff, 0x84, 0x0, 0xb4, 0xff, 0xff, 0xff, 0xff,
    0xff, 0xff, 0xff, 0x30, 0x20, 0xff, 0xff, 0x84,
    0x0, 0x13, 0xcc, 0xff, 0xff, 0xff, 0xff, 0xff,
    0xff, 0x30, 0x20, 0xff, 0xff, 0x84, 0x0, 0x0,
    0x5, 0x66, 0xbc, 0xe2, 0xf5, 0xff, 0xff, 0x30,
    0x20, 0xff, 0xff, 0x84, 0x0, 0x0, 0x0, 0x0,
    0x0, 0x0, 0x74, 0xff, 0xff, 0x30, 0x20, 0xff,
    0xff, 0x84, 0x0, 0x0, 0x0, 0x0, 0x0, 0x0,
    0x74, 0xff, 0xff, 0x30, 0x20, 0xff, 0xff, 0x84,
    0x0, 0x0, 0x0, 0x0, 0x0, 0x0, 0x74, 0xff,
    0xff, 0x30, 0x20, 0xff, 0xff, 0x84, 0x0, 0x0,
    0x0, 0x0, 0x0, 0x0, 0x74, 0xff, 0xff, 0x30,
    0x20, 0xff, 0xff, 0x84, 0x0, 0x0, 0x0, 0x0,
    0x0, 0x0, 0x74, 0xff, 0xff, 0x30, 0x20, 0xff,
    0xff, 0x84, 0x0, 0x0, 0x0, 0x0, 0x0, 0x0,
    0x74, 0xff, 0xff, 0x30, 0x20, 0xff, 0xff, 0x84,
    0x0, 0x0, 0x0, 0x0, 0x0, 0x0, 0x74, 0xff,
    0xff, 0x30, 0x20, 0xff, 0xff, 0x84, 0x0, 0x0,
    0x0, 0x0, 0x0, 0x0, 0x74, 0xff, 0xff, 0x30,
    0x20, 0xff, 0xff, 0x84, 0x0, 0x0, 0x0, 0x0,
    0x0, 0x0, 0x74, 0xff, 0xff, 0x30, 0x20, 0xff,
    0xff, 0x84, 0x0, 0x0, 0x0, 0x0, 0x0, 0x0,
    0x74, 0xff, 0xff, 0x30, 0x20, 0xff, 0xff, 0x84,
    0x0, 0x0, 0x0, 0x0, 0x0, 0x0, 0x74, 0xff,
    0xff, 0x30, 0x20, 0xff, 0xff, 0x84, 0x0, 0x0,
    0x0, 0x0, 0x0, 0x0, 0x74, 0xff, 0xff, 0x30,
    0x20, 0xff, 0xff, 0x84,

    /* U+00B7 "·" */
    0x0, 0x0, 0x13, 0x1, 0x0, 0xc, 0xc6, 0xff,
    0xd7, 0x1b, 0x6d, 0xff, 0xff, 0xff, 0x89, 0x64,
    0xff, 0xff, 0xff, 0x80, 0x6, 0xa8, 0xf4, 0xbb,
    0x11,

    /* U+00B8 "¸" */
    0x0, 0x24, 0x84, 0x2e, 0x0, 0x0, 0x0, 0x92,
    0xff, 0x72, 0x23, 0x0, 0x0, 0xd1, 0xff, 0xff,
    0xfa, 0x3b, 0x0, 0x5, 0x34, 0x4f, 0xff, 0x94,
    0x17, 0xdd, 0xcf, 0xbe, 0xff, 0x77, 0x0, 0x6b,
    0xe7, 0xef, 0x9f, 0x8,

    /* U+00B9 "¹" */
    0x0, 0x13, 0x82, 0xee, 0xff, 0x18, 0x37, 0xf4,
    0xff, 0xff, 0xff, 0x18, 0x8, 0xea, 0xc3, 0xff,
    0xff, 0x18, 0x0, 0x15, 0xc, 0xff, 0xff, 0x18,
    0x0, 0x0, 0xc, 0xff, 0xff, 0x18, 0x0, 0x0,
    0xc, 0xff, 0xff, 0x18, 0x0, 0x0, 0xc, 0xff,
    0xff, 0x18, 0x0, 0x0, 0xc, 0xff, 0xff, 0x18,
    0x0, 0x0, 0xc, 0xff, 0xff, 0x18,

    /* U+00BA "º" */
    0x0, 0x0, 0x0, 0x3c, 0xad, 0xe9, 0xf9, 0xe2,
    0x9c, 0x26, 0x0, 0x0, 0x0, 0x0, 0x77, 0xfe,
    0xff, 0xff, 0xff, 0xff, 0xff, 0xf6, 0x52, 0x0,
    0x0, 0x48, 0xff, 0xff, 0xff, 0xd1, 0xa9, 0xe0,
    0xff, 0xff, 0xf7, 0x25, 0x0, 0xc5, 0xff, 0xff,
    0x7f, 0x0, 0x0, 0x8, 0xad, 0xff, 0xff, 0x99,
    0xb, 0xfe, 0xff, 0xdf, 0x1, 0x0, 0x0, 0x0,
    0x15, 0xfe, 0xff, 0xdd, 0x1e, 0xff, 0xff, 0xb7,
    0x0, 0x0, 0x0, 0x0, 0x0, 0xe9, 0xff, 0xf2,
    0xb, 0xfe, 0xff, 0xdf, 0x1, 0x0, 0x0, 0x0,
    0x15, 0xfe, 0xff, 0xdd, 0x0, 0xc6, 0xff, 0xff,
    0x7d, 0x0, 0x0, 0x7, 0xaa, 0xff, 0xff, 0x9a,
    0x0, 0x49, 0xff, 0xff, 0xff, 0xd1, 0xa8, 0xe0,
    0xff, 0xff, 0xf7, 0x26, 0x0, 0x0, 0x77, 0xfe,
    0xff, 0xff, 0xff, 0xff, 0xff, 0xf7, 0x52, 0x0,
    0x0, 0x0, 0x0, 0x3c, 0xae, 0xea, 0xfa, 0xe2,
    0x9d, 0x27, 0x0, 0x0,

    /* U+00BB "»" */
    0x0, 0x40, 0x8c, 0x0, 0x0, 0x0, 0x11, 0xa3,
    0x18, 0x0, 0x0, 0x0, 0x0, 0x41, 0xf8, 0xff,
    0x87, 0x0, 0xa, 0xd3, 0xff, 0xd2, 0x11, 0x0,
    0x0, 0x0, 0xe, 0xcc, 0xff, 0xff, 0x75, 0x0,
    0x80, 0xff, 0xff, 0xc6, 0xb, 0x0, 0x0, 0x0,
    0x14, 0xd5, 0xff, 0xff, 0x64, 0x0, 0x90, 0xff,
    0xff, 0xb9, 0x6, 0x0, 0x0, 0x0, 0x1a, 0xde,
    0xff, 0xfd, 0x55, 0x1, 0x9e, 0xff, 0xff, 0xab,
    0x2, 0x0, 0x0, 0x0, 0x32, 0xff, 0xff, 0xf9,
    0x1d, 0x3, 0xd6, 0xff, 0xff, 0x72, 0x0, 0x0,
    0xc, 0xc7, 0xff, 0xff, 0x77, 0x0, 0x7b, 0xff,
    0xff, 0xc7, 0xb, 0x0, 0x8, 0xbd, 0xff, 0xff,
    0x87, 0x0, 0x6c, 0xff, 0xff, 0xd2, 0x11, 0x0,
    0x5, 0xb3, 0xff, 0xff, 0x98, 0x0, 0x5e, 0xfe,
    0xff, 0xdc, 0x18, 0x0, 0x0, 0x4b, 0xfe, 0xff,
    0xa7, 0x2, 0xa, 0xe3, 0xff, 0xe5, 0x20, 0x0,
    0x0, 0x0, 0x0, 0x5e, 0xb1, 0x5, 0x0, 0x0,
    0x21, 0xc8, 0x2a, 0x0, 0x0, 0x0, 0x0, 0x0,
    0x0, 0x0, 0x0, 0x0, 0x0, 0x0, 0x0, 0x0,
    0x0, 0x0, 0x0, 0x0,

    /* U+00BC "¼" */
    0x0, 0x0, 0x0, 0x0, 0x0, 0x0, 0x0, 0x0,
    0x0, 0x0, 0x0, 0x0, 0x9, 0x1a, 0x0, 0x0,
    0x0, 0x0, 0x42, 0xb8, 0xff, 0xa8, 0x0, 0x0,
    0x0, 0x0, 0x0, 0x0, 0x0, 0x91, 0xee, 0x5b,
    0x0, 0x0, 0x9d, 0xff, 0xff, 0xff, 0xa8, 0x0,
    0x0, 0x0, 0x0, 0x0, 0x0, 0x3f, 0xfe, 0xff,
    0x80, 0x0, 0x0, 0x58, 0xe2, 0xc5, 0xff, 0xa8,
    0x0, 0x0, 0x0, 0x0, 0x0, 0xc, 0xde, 0xff,
    0xce, 0x5, 0x0, 0x0, 0x3, 0x3, 0x78, 0xff,
    0xa8, 0x0, 0x0, 0x0, 0x0, 0x0, 0x99, 0xff,
    0xf9, 0x2c, 0x0, 0x0, 0x0, 0x0, 0x0, 0x78,
    0xff, 0xa8, 0x0, 0x0, 0x0, 0x0, 0x46, 0xff,
    0xff, 0x78, 0x0, 0x0, 0x0, 0x0, 0x0, 0x0,
    0x78, 0xff, 0xa8, 0x0, 0x0, 0x0, 0xf, 0xe3,
    0xff, 0xc7, 0x3, 0x0, 0x0, 0x0, 0x0, 0x0,
    0x0, 0x78, 0xff, 0xa8, 0x0, 0x0, 0x0, 0xa1,
    0xff, 0xf6, 0x27, 0x0, 0x0, 0x0, 0x0, 0x0,
    0x0, 0x0, 0x78, 0xff, 0xa8, 0x0, 0x0, 0x4d,
    0xff, 0xff, 0x70, 0x0, 0x0, 0x0, 0x0, 0x0,
    0x0, 0x0, 0x0, 0x52, 0xb0, 0x73, 0x0, 0x13,
    0xe7, 0xff, 0xc1, 0x1, 0x0, 0x38, 0xb0, 0xb0,
    0x2, 0x0, 0x0, 0x0, 0x0, 0x0, 0x0, 0x0,
    0xa8, 0xff, 0xf3, 0x21, 0x0, 0xb, 0xdb, 0xff,
    0xff, 0x4, 0x0, 0x0, 0x0, 0x0, 0x0, 0x0,
    0x55, 0xff, 0xff, 0x67, 0x0, 0x0, 0x99, 0xff,
    0xff, 0xff, 0x4, 0x0, 0x0, 0x0, 0x0, 0x0,
    0x17, 0xeb, 0xff, 0xb9, 0x0, 0x0, 0x4a, 0xff,
    0xb5, 0xff, 0xff, 0x4, 0x0, 0x0, 0x0, 0x0,
    0x0, 0xaf, 0xff, 0xf0, 0x1c, 0x0, 0x14, 0xe7,
    0xe2, 0x1f, 0xff, 0xff, 0x4, 0x0, 0x0, 0x0,
    0x0, 0x5d, 0xff, 0xff, 0x5f, 0x0, 0x0, 0xad,
    0xfe, 0x44, 0x10, 0xff, 0xff, 0x4, 0x0, 0x0,
    0x0, 0x1b, 0xef, 0xff, 0xb2, 0x0, 0x0, 0x2b,
    0xff, 0xff, 0xff, 0xff, 0xff, 0xff, 0xff, 0x28,
    0x0, 0x0, 0xb7, 0xff, 0xec, 0x18, 0x0, 0x0,
    0x24, 0xc0, 0xc0, 0xc0, 0xc4, 0xff, 0xff, 0xc1,
    0x1e, 0x0, 0x4, 0x8d, 0xfd, 0x57, 0x0, 0x0,
    0x0, 0x0, 0x0, 0x0, 0x0, 0x10, 0xff, 0xff,
    0x4, 0x0, 0x0, 0x0, 0x0, 0x27, 0x0, 0x0,
    0x0, 0x0, 0x0, 0x0, 0x0, 0x0, 0x0, 0x0,
    0x0, 0x0, 0x0,

    /* U+00BD "½" */
    0x0, 0x0, 0x0, 0x0, 0x0, 0x0, 0x0, 0x0,
    0x0, 0x0, 0x0, 0x0, 0x18, 0xb, 0x0, 0x0,
    0x0, 0x0, 0x0, 0x42, 0xb8, 0xff, 0xa8, 0x0,
    0x0, 0x0, 0x0, 0x0, 0x0, 0x1, 0xbf, 0xdd,
    0x3c, 0x0, 0x0, 0x0, 0x9d, 0xff, 0xff, 0xff,
    0xa8, 0x0, 0x0, 0x0, 0x0, 0x0, 0x0, 0x6f,
    0xff, 0xff, 0x50, 0x0, 0x0, 0x0, 0x58, 0xe2,
    0xc5, 0xff, 0xa8, 0x0, 0x0, 0x0, 0x0, 0x0,
    0x25, 0xf6, 0xff, 0xa3, 0x0, 0x0, 0x0, 0x0,
    0x3, 0x3, 0x78, 0xff, 0xa8, 0x0, 0x0, 0x0,
    0x0, 0x3, 0xc6, 0xff, 0xe5, 0x10, 0x0, 0x0,
    0x0, 0x0, 0x0, 0x0, 0x78, 0xff, 0xa8, 0x0,
    0x0, 0x0, 0x0, 0x77, 0xff, 0xff, 0x49, 0x0,
    0x0, 0x0, 0x0, 0x0, 0x0, 0x0, 0x78, 0xff,
    0xa8, 0x0, 0x0, 0x0, 0x2b, 0xf8, 0xff, 0x9b,
    0x0, 0x0, 0x0, 0x0, 0x0, 0x0, 0x0, 0x0,
    0x78, 0xff, 0xa8, 0x0, 0x0, 0x4, 0xcd, 0xff,
    0xe0, 0xd, 0x0, 0x0, 0x0, 0x0, 0x0, 0x0,
    0x0, 0x0, 0x78, 0xff, 0xa8, 0x0, 0x0, 0x80,
    0xff, 0xfe, 0x42, 0x0, 0x0, 0x0, 0x0, 0x0,
    0x0, 0x0, 0x0, 0x0, 0x52, 0xb0, 0x73, 0x0,
    0x32, 0xfb, 0xff, 0x92, 0x0, 0x14, 0x92, 0xd1,
    0xc7, 0x79, 0x6, 0x0, 0x0, 0x0, 0x0, 0x0,
    0x0, 0x7, 0xd3, 0xff, 0xdb, 0xa, 0x3, 0xd1,
    0xff, 0xff, 0xff, 0xff, 0x96, 0x0, 0x0, 0x0,
    0x0, 0x0, 0x0, 0x88, 0xff, 0xfd, 0x3a, 0x0,
    0x1d, 0xc4, 0xdf, 0x1a, 0x5b, 0xff, 0xee, 0x0,
    0x0, 0x0, 0x0, 0x0, 0x39, 0xfc, 0xff, 0x8a,
    0x0, 0x0, 0x0, 0x0, 0xd, 0x0, 0x5f, 0xff,
    0xce, 0x0, 0x0, 0x0, 0x0, 0x9, 0xd9, 0xff,
    0xd5, 0x7, 0x0, 0x0, 0x0, 0x0, 0x0, 0x3f,
    0xf5, 0xfd, 0x44, 0x0, 0x0, 0x0, 0x0, 0x91,
    0xff, 0xfb, 0x34, 0x0, 0x0, 0x0, 0x0, 0x0,
    0x42, 0xf5, 0xfe, 0x63, 0x0, 0x0, 0x0, 0x0,
    0x3f, 0xfe, 0xff, 0x82, 0x0, 0x0, 0x0, 0x0,
    0x0, 0x42, 0xf5, 0xfd, 0x61, 0x0, 0x0, 0x0,
    0x0, 0xc, 0xde, 0xff, 0xcf, 0x5, 0x0, 0x0,
    0x0, 0x0, 0x22, 0xf5, 0xff, 0xf9, 0xe0, 0xe0,
    0xe0, 0xa, 0x0, 0x13, 0xad, 0xf9, 0x2e, 0x0,
    0x0, 0x0, 0x0, 0x0, 0x38, 0xff, 0xff, 0xff,
    0xff, 0xff, 0xff, 0xc, 0x0, 0x0, 0x0, 0x27,
    0x0, 0x0, 0x0, 0x0, 0x0, 0x0, 0x0, 0x0,
    0x0, 0x0, 0x0, 0x0, 0x0, 0x0,

    /* U+00BE "¾" */
    0x0, 0x0, 0x0, 0x0, 0x0, 0x0, 0x0, 0x0,
    0x0, 0x0, 0x0, 0x0, 0x0, 0x0, 0x8, 0x0,
    0x0, 0x0, 0x0, 0x67, 0xd9, 0xf7, 0xd7, 0x63,
    0x0, 0x0, 0x0, 0x0, 0x0, 0x0, 0x0, 0x16,
    0xe4, 0x7a, 0x3, 0x0, 0x59, 0xff, 0xfd, 0xe1,
    0xff, 0xff, 0x46, 0x0, 0x0, 0x0, 0x0, 0x0,
    0x0, 0xb0, 0xff, 0xf3, 0x1f, 0x0, 0xa, 0x58,
    0x4b, 0x0, 0xa1, 0xff, 0x7c, 0x0, 0x0, 0x0,
    0x0, 0x0, 0x60, 0xff, 0xff, 0x64, 0x0, 0x0,
    0x0, 0x0, 0x5e, 0xb8, 0xf8, 0xf0, 0x26, 0x0,
    0x0, 0x0, 0x0, 0x1d, 0xf0, 0xff, 0xb4, 0x0,
    0x0, 0x0, 0x0, 0x0, 0x90, 0xff, 0xff, 0xd9,
    0x21, 0x0, 0x0, 0x0, 0x1, 0xbc, 0xff, 0xec,
    0x18, 0x0, 0x0, 0x0, 0x0, 0xe, 0xa, 0x7,
    0x8b, 0xff, 0xb7, 0x0, 0x0, 0x0, 0x6d, 0xff,
    0xff, 0x55, 0x0, 0x0, 0x0, 0x0, 0x86, 0xf8,
    0x8b, 0xa, 0x89, 0xff, 0xc7, 0x0, 0x0, 0x26,
    0xf5, 0xff, 0xa6, 0x0, 0x0, 0x0, 0x0, 0x0,
    0x4f, 0xfd, 0xff, 0xff, 0xff, 0xff, 0x55, 0x0,
    0x3, 0xc7, 0xff, 0xe5, 0x11, 0x0, 0x0, 0x0,
    0x0, 0x0, 0x0, 0x41, 0xab, 0xcb, 0xad, 0x44,
    0x0, 0x0, 0x7a, 0xff, 0xff, 0x47, 0x0, 0x0,
    0x71, 0xb0, 0x79, 0x0, 0x0, 0x0, 0x0, 0x0,
    0x0, 0x0, 0x0, 0x2f, 0xf9, 0xff, 0x97, 0x0,
    0x0, 0x3c, 0xfd, 0xff, 0xb0, 0x0, 0x0, 0x0,
    0x0, 0x0, 0x0, 0x0, 0x6, 0xd1, 0xff, 0xdc,
    0xb, 0x0, 0xc, 0xde, 0xff, 0xff, 0xb0, 0x0,
    0x0, 0x0, 0x0, 0x0, 0x0, 0x0, 0x88, 0xff,
    0xfd, 0x3a, 0x0, 0x0, 0x9c, 0xff, 0xb1, 0xff,
    0xb0, 0x0, 0x0, 0x0, 0x0, 0x0, 0x0, 0x39,
    0xfc, 0xff, 0x88, 0x0, 0x0, 0x4d, 0xff, 0x9e,
    0x60, 0xff, 0xb0, 0x0, 0x0, 0x0, 0x0, 0x0,
    0xa, 0xdb, 0xff, 0xd1, 0x6, 0x0, 0x15, 0xe8,
    0xe3, 0xf, 0x60, 0xff, 0xb0, 0x0, 0x0, 0x0,
    0x0, 0x0, 0x95, 0xff, 0xf9, 0x2f, 0x0, 0x0,
    0x7b, 0xff, 0xff, 0xff, 0xff, 0xff, 0xff, 0xd8,
    0x0, 0x0, 0x0, 0x45, 0xfe, 0xff, 0x79, 0x0,
    0x0, 0x0, 0x60, 0xc0, 0xc0, 0xc0, 0xd8, 0xff,
    0xec, 0xa2, 0x0, 0x0, 0x0, 0x41, 0xe0, 0xc6,
    0x3, 0x0, 0x0, 0x0, 0x0, 0x0, 0x0, 0x0,
    0x60, 0xff, 0xb0, 0x0, 0x0, 0x0, 0x0, 0x0,
    0xc, 0x1b, 0x0, 0x0, 0x0, 0x0, 0x0, 0x0,
    0x0, 0x0, 0x0, 0x0, 0x0, 0x0,

    /* U+00BF "¿" */
    0x0, 0x0, 0x0, 0x0, 0x4f, 0xe4, 0xe4, 0x4f,
    0x0, 0x0, 0x0, 0x0, 0x0, 0x0, 0x0, 0x1,
    0xee, 0xff, 0xff, 0xf2, 0x4, 0x0, 0x0, 0x0,
    0x0, 0x0, 0x0, 0x3, 0xf6, 0xff, 0xff, 0xf9,
    0x7, 0x0, 0x0, 0x0, 0x0, 0x0, 0x0, 0x0,
    0x67, 0xf8, 0xf8, 0x68, 0x0, 0x0, 0x0, 0x0,
    0x0, 0x0, 0x0, 0x0, 0x0, 0x6, 0x6, 0x0,
    0x0, 0x0, 0x0, 0x0, 0x0, 0x0, 0x0, 0x0,
    0x12, 0x20, 0x20, 0x12, 0x0, 0x0, 0x0, 0x0,
    0x0, 0x0, 0x0, 0x0, 0x9b, 0xff, 0xff, 0x8d,
    0x0, 0x0, 0x0, 0x0, 0x0, 0x0, 0x0, 0x6,
    0xdc, 0xff, 0xff, 0x6f, 0x0, 0x0, 0x0, 0x0,
    0x0, 0x0, 0x3, 0xa6, 0xff, 0xff, 0xef, 0x16,
    0x0, 0x0, 0x0, 0x0, 0x0, 0x2, 0xab, 0xff,
    0xff, 0xf5, 0x45, 0x0, 0x0, 0x0, 0x0, 0x0,
    0x0, 0x78, 0xff, 0xff, 0xec, 0x39, 0x0, 0x0,
    0x0, 0x0, 0x0, 0x0, 0x0, 0xea, 0xff, 0xff,
    0x42, 0x0, 0x0, 0x0, 0x0, 0x0, 0x0, 0x0,
    0x13, 0xff, 0xff, 0xff, 0x8, 0x0, 0x0, 0x0,
    0x7f, 0x59, 0x7, 0x0, 0x6, 0xf8, 0xff, 0xff,
    0x7d, 0x1, 0x1, 0x6b, 0xff, 0xff, 0xe8, 0xd,
    0x0, 0xa3, 0xff, 0xff, 0xff, 0xef, 0xf1, 0xff,
    0xff, 0xff, 0x9f, 0x0, 0x0, 0x13, 0xd1, 0xff,
    0xff, 0xff, 0xff, 0xff, 0xff, 0xc5, 0xa, 0x0,
    0x0, 0x0, 0x8, 0x75, 0xcc, 0xf5, 0xf8, 0xd3,
    0x6b, 0x3, 0x0, 0x0,

    /* U+00C0 "À" */
    0x0, 0x0, 0x0, 0x0, 0x0, 0x25, 0x3c, 0x3c,
    0x3b, 0x0, 0x0, 0x0, 0x0, 0x0, 0x0, 0x0,
    0x0, 0x0, 0x0, 0x0, 0x0, 0x0, 0x3a, 0xfd,
    0xff, 0xff, 0x32, 0x0, 0x0, 0x0, 0x0, 0x0,
    0x0, 0x0, 0x0, 0x0, 0x0, 0x0, 0x0, 0x0,
    0x8e, 0xff, 0xff, 0x83, 0x0, 0x0, 0x0, 0x0,
    0x0, 0x0, 0x0, 0x0, 0x0, 0x0, 0x0, 0x0,
    0x0, 0x9, 0xdb, 0xff, 0xd3, 0x0, 0x0, 0x0,
    0x0, 0x0, 0x0, 0x0, 0x0, 0x0, 0x0, 0x0,
    0x0, 0x0, 0x0, 0x0, 0x0, 0x0, 0x0, 0x0,
    0x0, 0x0, 0x0, 0x0, 0x0, 0x0, 0x0, 0x0,
    0x0, 0x0, 0x0, 0x71, 0xff, 0xff, 0xff, 0xa0,
    0x0, 0x0, 0x0, 0x0, 0x0, 0x0, 0x0, 0x0,
    0x0, 0x0, 0x0, 0x0, 0xd2, 0xff, 0xff, 0xff,
    0xf4, 0xc, 0x0, 0x0, 0x0, 0x0, 0x0, 0x0,
    0x0, 0x0, 0x0, 0x0, 0x34, 0xff, 0xff, 0xff,
    0xff, 0xff, 0x62, 0x0, 0x0, 0x0, 0x0, 0x0,
    0x0, 0x0, 0x0, 0x0, 0x0, 0x95, 0xff, 0xff,
    0xe9, 0xff, 0xff, 0xc3, 0x0, 0x0, 0x0, 0x0,
    0x0, 0x0, 0x0, 0x0, 0x0, 0x7, 0xee, 0xff,
    0xff, 0x54, 0xfd, 0xff, 0xff, 0x25, 0x0, 0x0,
    0x0, 0x0, 0x0, 0x0, 0x0, 0x0, 0x58, 0xff,
    0xff, 0xee, 0x4, 0xc3, 0xff, 0xff, 0x86, 0x0,
    0x0, 0x0, 0x0, 0x0, 0x0, 0x0, 0x0, 0xb9,
    0xff, 0xff, 0x9a, 0x0, 0x6b, 0xff, 0xff, 0xe4,
    0x2, 0x0, 0x0, 0x0, 0x0, 0x0, 0x0, 0x1d,
    0xfd, 0xff, 0xff, 0x3e, 0x0, 0x14, 0xfa, 0xff,
    0xff, 0x48, 0x0, 0x0, 0x0, 0x0, 0x0, 0x0,
    0x7c, 0xff, 0xff, 0xe0, 0x1, 0x0, 0x0, 0xb3,
    0xff, 0xff, 0xa9, 0x0, 0x0, 0x0, 0x0, 0x0,
    0x1, 0xdc, 0xff, 0xff, 0x86, 0x0, 0x0, 0x0,
    0x56, 0xff, 0xff, 0xf8, 0x12, 0x0, 0x0, 0x0,
    0x0, 0x3f, 0xff, 0xff, 0xff, 0xff, 0xff, 0xff,
    0xff, 0xff, 0xff, 0xff, 0xff, 0x6b, 0x0, 0x0,
    0x0, 0x0, 0xa0, 0xff, 0xff, 0xff, 0xff, 0xff,
    0xff, 0xff, 0xff, 0xff, 0xff, 0xff, 0xcd, 0x0,
    0x0, 0x0, 0xd, 0xf4, 0xff, 0xff, 0xf4, 0xf0,
    0xf0, 0xf0, 0xf0, 0xf0, 0xf1, 0xff, 0xff, 0xff,
    0x2e, 0x0, 0x0, 0x63, 0xff, 0xff, 0xfc, 0x18,
    0x0, 0x0, 0x0, 0x0, 0x0, 0x2, 0xe4, 0xff,
    0xff, 0x8f, 0x0, 0x0, 0xc5, 0xff, 0xff, 0xbb,
    0x0, 0x0, 0x0, 0x0, 0x0, 0x0, 0x0, 0x8e,
    0xff, 0xff, 0xeb, 0x5, 0x26, 0xff, 0xff, 0xff,
    0x62, 0x0, 0x0, 0x0, 0x0, 0x0, 0x0, 0x0,
    0x35, 0xff, 0xff, 0xff, 0x51, 0x87, 0xff, 0xff,
    0xf8, 0xf, 0x0, 0x0, 0x0, 0x0, 0x0, 0x0,
    0x0, 0x0, 0xdb, 0xff, 0xff, 0xb3,

    /* U+00C1 "Á" */
    0x0, 0x0, 0x0, 0x0, 0x0, 0x0, 0x0, 0x0,
    0x32, 0x3c, 0x3c, 0x2f, 0x0, 0x0, 0x0, 0x0,
    0x0, 0x0, 0x0, 0x0, 0x0, 0x0, 0x0, 0x0,
    0xd, 0xf8, 0xff, 0xff, 0x62, 0x0, 0x0, 0x0,
    0x0, 0x0, 0x0, 0x0, 0x0, 0x0, 0x0, 0x0,
    0x0, 0x55, 0xff, 0xff, 0xb7, 0x0, 0x0, 0x0,
    0x0, 0x0, 0x0, 0x0, 0x0, 0x0, 0x0, 0x0,
    0x0, 0x0, 0xa4, 0xff, 0xf0, 0x1c, 0x0, 0x0,
    0x0, 0x0, 0x0, 0x0, 0x0, 0x0, 0x0, 0x0,
    0x0, 0x0, 0x0, 0x0, 0x0, 0x0, 0x0, 0x0,
    0x0, 0x0, 0x0, 0x0, 0x0, 0x0, 0x0, 0x0,
    0x0, 0x0, 0x0, 0x71, 0xff, 0xff, 0xff, 0xa0,
    0x0, 0x0, 0x0, 0x0, 0x0, 0x0, 0x0, 0x0,
    0x0, 0x0, 0x0, 0x0, 0xd2, 0xff, 0xff, 0xff,
    0xf4, 0xc, 0x0, 0x0, 0x0, 0x0, 0x0, 0x0,
    0x0, 0x0, 0x0, 0x0, 0x34, 0xff, 0xff, 0xff,
    0xff, 0xff, 0x62, 0x0, 0x0, 0x0, 0x0, 0x0,
    0x0, 0x0, 0x0, 0x0, 0x0, 0x95, 0xff, 0xff,
    0xe9, 0xff, 0xff, 0xc3, 0x0, 0x0, 0x0, 0x0,
    0x0, 0x0, 0x0, 0x0, 0x0, 0x7, 0xee, 0xff,
    0xff, 0x54, 0xfd, 0xff, 0xff, 0x25, 0x0, 0x0,
    0x0, 0x0, 0x0, 0x0, 0x0, 0x0, 0x58, 0xff,
    0xff, 0xee, 0x4, 0xc3, 0xff, 0xff, 0x86, 0x0,
    0x0, 0x0, 0x0, 0x0, 0x0, 0x0, 0x0, 0xb9,
    0xff, 0xff, 0x9a, 0x0, 0x6b, 0xff, 0xff, 0xe4,
    0x2, 0x0, 0x0, 0x0, 0x0, 0x0, 0x0, 0x1d,
    0xfd, 0xff, 0xff, 0x3e, 0x0, 0x14, 0xfa, 0xff,
    0xff, 0x48, 0x0, 0x0, 0x0, 0x0, 0x0, 0x0,
    0x7c, 0xff, 0xff, 0xe0, 0x1, 0x0, 0x0, 0xb3,
    0xff, 0xff, 0xa9, 0x0, 0x0, 0x0, 0x0, 0x0,
    0x1, 0xdc, 0xff, 0xff, 0x86, 0x0, 0x0, 0x0,
    0x56, 0xff, 0xff, 0xf8, 0x12, 0x0, 0x0, 0x0,
    0x0, 0x3f, 0xff, 0xff, 0xff, 0xff, 0xff, 0xff,
    0xff, 0xff, 0xff, 0xff, 0xff, 0x6b, 0x0, 0x0,
    0x0, 0x0, 0xa0, 0xff, 0xff, 0xff, 0xff, 0xff,
    0xff, 0xff, 0xff, 0xff, 0xff, 0xff, 0xcd, 0x0,
    0x0, 0x0, 0xd, 0xf4, 0xff, 0xff, 0xf4, 0xf0,
    0xf0, 0xf0, 0xf0, 0xf0, 0xf1, 0xff, 0xff, 0xff,
    0x2e, 0x0, 0x0, 0x63, 0xff, 0xff, 0xfc, 0x18,
    0x0, 0x0, 0x0, 0x0, 0x0, 0x2, 0xe4, 0xff,
    0xff, 0x8f, 0x0, 0x0, 0xc5, 0xff, 0xff, 0xbb,
    0x0, 0x0, 0x0, 0x0, 0x0, 0x0, 0x0, 0x8e,
    0xff, 0xff, 0xeb, 0x5, 0x26, 0xff, 0xff, 0xff,
    0x62, 0x0, 0x0, 0x0, 0x0, 0x0, 0x0, 0x0,
    0x35, 0xff, 0xff, 0xff, 0x51, 0x87, 0xff, 0xff,
    0xf8, 0xf, 0x0, 0x0, 0x0, 0x0, 0x0, 0x0,
    0x0, 0x0, 0xdb, 0xff, 0xff, 0xb3,

    /* U+00C2 "Â" */
    0x0, 0x0, 0x0, 0x0, 0x0, 0x0, 0x4e, 0xf9,
    0xff, 0xff, 0x6d, 0x0, 0x0, 0x0, 0x0, 0x0,
    0x0, 0x0, 0x0, 0x0, 0x0, 0x0, 0x4f, 0xfa,
    0xff, 0xe3, 0xff, 0xfe, 0x62, 0x0, 0x0, 0x0,
    0x0, 0x0, 0x0, 0x0, 0x0, 0x0, 0x38, 0xde,
    0xe4, 0xbc, 0xa, 0x9a, 0xe4, 0xe1, 0x42, 0x0,
    0x0, 0x0, 0x0, 0x0, 0x0, 0x0, 0x0, 0x0,
    0x0, 0x0, 0x0, 0x0, 0x0, 0x0, 0x0, 0x0,
    0x0, 0x0, 0x0, 0x0, 0x0, 0x0, 0x0, 0x0,
    0x0, 0x0, 0x71, 0xff, 0xff, 0xff, 0xa0, 0x0,
    0x0, 0x0, 0x0, 0x0, 0x0, 0x0, 0x0, 0x0,
    0x0, 0x0, 0x0, 0xd2, 0xff, 0xff, 0xff, 0xf4,
    0xc, 0x0, 0x0, 0x0, 0x0, 0x0, 0x0, 0x0,
    0x0, 0x0, 0x0, 0x34, 0xff, 0xff, 0xff, 0xff,
    0xff, 0x62, 0x0, 0x0, 0x0, 0x0, 0x0, 0x0,
    0x0, 0x0, 0x0, 0x0, 0x95, 0xff, 0xff, 0xe9,
    0xff, 0xff, 0xc3, 0x0, 0x0, 0x0, 0x0, 0x0,
    0x0, 0x0, 0x0, 0x0, 0x7, 0xee, 0xff, 0xff,
    0x54, 0xfd, 0xff, 0xff, 0x25, 0x0, 0x0, 0x0,
    0x0, 0x0, 0x0, 0x0, 0x0, 0x58, 0xff, 0xff,
    0xee, 0x4, 0xc3, 0xff, 0xff, 0x86, 0x0, 0x0,
    0x0, 0x0, 0x0, 0x0, 0x0, 0x0, 0xb9, 0xff,
    0xff, 0x9a, 0x0, 0x6b, 0xff, 0xff, 0xe4, 0x2,
    0x0, 0x0, 0x0, 0x0, 0x0, 0x0, 0x1d, 0xfd,
    0xff, 0xff, 0x3e, 0x0, 0x14, 0xfa, 0xff, 0xff,
    0x48, 0x0, 0x0, 0x0, 0x0, 0x0, 0x0, 0x7c,
    0xff, 0xff, 0xe0, 0x1, 0x0, 0x0, 0xb3, 0xff,
    0xff, 0xa9, 0x0, 0x0, 0x0, 0x0, 0x0, 0x1,
    0xdc, 0xff, 0xff, 0x86, 0x0, 0x0, 0x0, 0x56,
    0xff, 0xff, 0xf8, 0x12, 0x0, 0x0, 0x0, 0x0,
    0x3f, 0xff, 0xff, 0xff, 0xff, 0xff, 0xff, 0xff,
    0xff, 0xff, 0xff, 0xff, 0x6b, 0x0, 0x0, 0x0,
    0x0, 0xa0, 0xff, 0xff, 0xff, 0xff, 0xff, 0xff,
    0xff, 0xff, 0xff, 0xff, 0xff, 0xcd, 0x0, 0x0,
    0x0, 0xd, 0xf4, 0xff, 0xff, 0xf4, 0xf0, 0xf0,
    0xf0, 0xf0, 0xf0, 0xf1, 0xff, 0xff, 0xff, 0x2e,
    0x0, 0x0, 0x63, 0xff, 0xff, 0xfc, 0x18, 0x0,
    0x0, 0x0, 0x0, 0x0, 0x2, 0xe4, 0xff, 0xff,
    0x8f, 0x0, 0x0, 0xc5, 0xff, 0xff, 0xbb, 0x0,
    0x0, 0x0, 0x0, 0x0, 0x0, 0x0, 0x8e, 0xff,
    0xff, 0xeb, 0x5, 0x26, 0xff, 0xff, 0xff, 0x62,
    0x0, 0x0, 0x0, 0x0, 0x0, 0x0, 0x0, 0x35,
    0xff, 0xff, 0xff, 0x51, 0x87, 0xff, 0xff, 0xf8,
    0xf, 0x0, 0x0, 0x0, 0x0, 0x0, 0x0, 0x0,
    0x0, 0xdb, 0xff, 0xff, 0xb3,

    /* U+00C3 "Ã" */
    0x0, 0x0, 0x0, 0x0, 0x0, 0x1, 0x39, 0x47,
    0xf, 0x0, 0x1, 0x4, 0x3, 0x0, 0x0, 0x0,
    0x0, 0x0, 0x0, 0x0, 0x0, 0x6, 0xbf, 0xff,
    0xff, 0xf4, 0x8b, 0xac, 0xff, 0xcb, 0x0, 0x0,
    0x0, 0x0, 0x0, 0x0, 0x0, 0x0, 0x68, 0xff,
    0xff, 0xff, 0xff, 0xff, 0xff, 0xff, 0x7f, 0x0,
    0x0, 0x0, 0x0, 0x0, 0x0, 0x0, 0x0, 0x62,
    0xac, 0x7d, 0x1d, 0x8f, 0xe9, 0xec, 0x94, 0x7,
    0x0, 0x0, 0x0, 0x0, 0x0, 0x0, 0x0, 0x0,
    0x0, 0x0, 0x0, 0x0, 0x0, 0x0, 0x0, 0x0,
    0x0, 0x0, 0x0, 0x0, 0x0, 0x0, 0x0, 0x0,
    0x0, 0x0, 0x0, 0x71, 0xff, 0xff, 0xff, 0xa0,
    0x0, 0x0, 0x0, 0x0, 0x0, 0x0, 0x0, 0x0,
    0x0, 0x0, 0x0, 0x0, 0xd2, 0xff, 0xff, 0xff,
    0xf4, 0xc, 0x0, 0x0, 0x0, 0x0, 0x0, 0x0,
    0x0, 0x0, 0x0, 0x0, 0x34, 0xff, 0xff, 0xff,
    0xff, 0xff, 0x62, 0x0, 0x0, 0x0, 0x0, 0x0,
    0x0, 0x0, 0x0, 0x0, 0x0, 0x95, 0xff, 0xff,
    0xe9, 0xff, 0xff, 0xc3, 0x0, 0x0, 0x0, 0x0,
    0x0, 0x0, 0x0, 0x0, 0x0, 0x7, 0xee, 0xff,
    0xff, 0x54, 0xfd, 0xff, 0xff, 0x25, 0x0, 0x0,
    0x0, 0x0, 0x0, 0x0, 0x0, 0x0, 0x58, 0xff,
    0xff, 0xee, 0x4, 0xc3, 0xff, 0xff, 0x86, 0x0,
    0x0, 0x0, 0x0, 0x0, 0x0, 0x0, 0x0, 0xb9,
    0xff, 0xff, 0x9a, 0x0, 0x6b, 0xff, 0xff, 0xe4,
    0x2, 0x0, 0x0, 0x0, 0x0, 0x0, 0x0, 0x1d,
    0xfd, 0xff, 0xff, 0x3e, 0x0, 0x14, 0xfa, 0xff,
    0xff, 0x48, 0x0, 0x0, 0x0, 0x0, 0x0, 0x0,
    0x7c, 0xff, 0xff, 0xe0, 0x1, 0x0, 0x0, 0xb3,
    0xff, 0xff, 0xa9, 0x0, 0x0, 0x0, 0x0, 0x0,
    0x1, 0xdc, 0xff, 0xff, 0x86, 0x0, 0x0, 0x0,
    0x56, 0xff, 0xff, 0xf8, 0x12, 0x0, 0x0, 0x0,
    0x0, 0x3f, 0xff, 0xff, 0xff, 0xff, 0xff, 0xff,
    0xff, 0xff, 0xff, 0xff, 0xff, 0x6b, 0x0, 0x0,
    0x0, 0x0, 0xa0, 0xff, 0xff, 0xff, 0xff, 0xff,
    0xff, 0xff, 0xff, 0xff, 0xff, 0xff, 0xcd, 0x0,
    0x0, 0x0, 0xd, 0xf4, 0xff, 0xff, 0xf4, 0xf0,
    0xf0, 0xf0, 0xf0, 0xf0, 0xf1, 0xff, 0xff, 0xff,
    0x2e, 0x0, 0x0, 0x63, 0xff, 0xff, 0xfc, 0x18,
    0x0, 0x0, 0x0, 0x0, 0x0, 0x2, 0xe4, 0xff,
    0xff, 0x8f, 0x0, 0x0, 0xc5, 0xff, 0xff, 0xbb,
    0x0, 0x0, 0x0, 0x0, 0x0, 0x0, 0x0, 0x8e,
    0xff, 0xff, 0xeb, 0x5, 0x26, 0xff, 0xff, 0xff,
    0x62, 0x0, 0x0, 0x0, 0x0, 0x0, 0x0, 0x0,
    0x35, 0xff, 0xff, 0xff, 0x51, 0x87, 0xff, 0xff,
    0xf8, 0xf, 0x0, 0x0, 0x0, 0x0, 0x0, 0x0,
    0x0, 0x0, 0xdb, 0xff, 0xff, 0xb3,

    /* U+00C4 "Ä" */
    0x0, 0x0, 0x0, 0x0, 0xd, 0xbf, 0xf2, 0x6f,
    0x0, 0x49, 0xe9, 0xd4, 0x22, 0x0, 0x0, 0x0,
    0x0, 0x0, 0x0, 0x0, 0x0, 0x5d, 0xff, 0xff,
    0xf5, 0x0, 0xc5, 0xff, 0xff, 0x89, 0x0, 0x0,
    0x0, 0x0, 0x0, 0x0, 0x0, 0x0, 0x2e, 0xfb,
    0xff, 0xc1, 0x0, 0x91, 0xff, 0xff, 0x55, 0x0,
    0x0, 0x0, 0x0, 0x0, 0x0, 0x0, 0x0, 0x0,
    0x2c, 0x5a, 0xc, 0x0, 0x3, 0x51, 0x3d, 0x0,
    0x0, 0x0, 0x0, 0x0, 0x0, 0x0, 0x0, 0x0,
    0x0, 0x0, 0x0, 0x0, 0x0, 0x0, 0x0, 0x0,
    0x0, 0x0, 0x0, 0x0, 0x0, 0x0, 0x0, 0x0,
    0x0, 0x0, 0x0, 0x71, 0xff, 0xff, 0xff, 0xa0,
    0x0, 0x0, 0x0, 0x0, 0x0, 0x0, 0x0, 0x0,
    0x0, 0x0, 0x0, 0x0, 0xd2, 0xff, 0xff, 0xff,
    0xf4, 0xc, 0x0, 0x0, 0x0, 0x0, 0x0, 0x0,
    0x0, 0x0, 0x0, 0x0, 0x34, 0xff, 0xff, 0xff,
    0xff, 0xff, 0x62, 0x0, 0x0, 0x0, 0x0, 0x0,
    0x0, 0x0, 0x0, 0x0, 0x0, 0x95, 0xff, 0xff,
    0xe9, 0xff, 0xff, 0xc3, 0x0, 0x0, 0x0, 0x0,
    0x0, 0x0, 0x0, 0x0, 0x0, 0x7, 0xee, 0xff,
    0xff, 0x54, 0xfd, 0xff, 0xff, 0x25, 0x0, 0x0,
    0x0, 0x0, 0x0, 0x0, 0x0, 0x0, 0x58, 0xff,
    0xff, 0xee, 0x4, 0xc3, 0xff, 0xff, 0x86, 0x0,
    0x0, 0x0, 0x0, 0x0, 0x0, 0x0, 0x0, 0xb9,
    0xff, 0xff, 0x9a, 0x0, 0x6b, 0xff, 0xff, 0xe4,
    0x2, 0x0, 0x0, 0x0, 0x0, 0x0, 0x0, 0x1d,
    0xfd, 0xff, 0xff, 0x3e, 0x0, 0x14, 0xfa, 0xff,
    0xff, 0x48, 0x0, 0x0, 0x0, 0x0, 0x0, 0x0,
    0x7c, 0xff, 0xff, 0xe0, 0x1, 0x0, 0x0, 0xb3,
    0xff, 0xff, 0xa9, 0x0, 0x0, 0x0, 0x0, 0x0,
    0x1, 0xdc, 0xff, 0xff, 0x86, 0x0, 0x0, 0x0,
    0x56, 0xff, 0xff, 0xf8, 0x12, 0x0, 0x0, 0x0,
    0x0, 0x3f, 0xff, 0xff, 0xff, 0xff, 0xff, 0xff,
    0xff, 0xff, 0xff, 0xff, 0xff, 0x6b, 0x0, 0x0,
    0x0, 0x0, 0xa0, 0xff, 0xff, 0xff, 0xff, 0xff,
    0xff, 0xff, 0xff, 0xff, 0xff, 0xff, 0xcd, 0x0,
    0x0, 0x0, 0xd, 0xf4, 0xff, 0xff, 0xf4, 0xf0,
    0xf0, 0xf0, 0xf0, 0xf0, 0xf1, 0xff, 0xff, 0xff,
    0x2e, 0x0, 0x0, 0x63, 0xff, 0xff, 0xfc, 0x18,
    0x0, 0x0, 0x0, 0x0, 0x0, 0x2, 0xe4, 0xff,
    0xff, 0x8f, 0x0, 0x0, 0xc5, 0xff, 0xff, 0xbb,
    0x0, 0x0, 0x0, 0x0, 0x0, 0x0, 0x0, 0x8e,
    0xff, 0xff, 0xeb, 0x5, 0x26, 0xff, 0xff, 0xff,
    0x62, 0x0, 0x0, 0x0, 0x0, 0x0, 0x0, 0x0,
    0x35, 0xff, 0xff, 0xff, 0x51, 0x87, 0xff, 0xff,
    0xf8, 0xf, 0x0, 0x0, 0x0, 0x0, 0x0, 0x0,
    0x0, 0x0, 0xdb, 0xff, 0xff, 0xb3,

    /* U+00C5 "Å" */
    0x0, 0x0, 0x0, 0x0, 0x0, 0x0, 0x31, 0xc2,
    0xf3, 0xcf, 0x48, 0x0, 0x0, 0x0, 0x0, 0x0,
    0x0, 0x0, 0x0, 0x0, 0x0, 0x0, 0x19, 0xed,
    0xff, 0xff, 0xff, 0xfb, 0x33, 0x0, 0x0, 0x0,
    0x0, 0x0, 0x0, 0x0, 0x0, 0x0, 0x0, 0x6b,
    0xff, 0xd6, 0x32, 0xb7, 0xff, 0xa1, 0x0, 0x0,
    0x0, 0x0, 0x0, 0x0, 0x0, 0x0, 0x0, 0x0,
    0x73, 0xff, 0xc9, 0xe, 0xa4, 0xff, 0xa1, 0x0,
    0x0, 0x0, 0x0, 0x0, 0x0, 0x0, 0x0, 0x0,
    0x0, 0x27, 0xf8, 0xff, 0xff, 0xff, 0xff, 0x4c,
    0x0, 0x0, 0x0, 0x0, 0x0, 0x0, 0x0, 0x0,
    0x0, 0x0, 0x0, 0xd4, 0xff, 0xff, 0xff, 0xf7,
    0xb, 0x0, 0x0, 0x0, 0x0, 0x0, 0x0, 0x0,
    0x0, 0x0, 0x0, 0x32, 0xff, 0xff, 0xff, 0xff,
    0xff, 0x60, 0x0, 0x0, 0x0, 0x0, 0x0, 0x0,
    0x0, 0x0, 0x0, 0x0, 0x93, 0xff, 0xff, 0xe9,
    0xff, 0xff, 0xc2, 0x0, 0x0, 0x0, 0x0, 0x0,
    0x0, 0x0, 0x0, 0x0, 0x7, 0xed, 0xff, 0xff,
    0x54, 0xfd, 0xff, 0xff, 0x24, 0x0, 0x0, 0x0,
    0x0, 0x0, 0x0, 0x0, 0x0, 0x56, 0xff, 0xff,
    0xee, 0x4, 0xc3, 0xff, 0xff, 0x84, 0x0, 0x0,
    0x0, 0x0, 0x0, 0x0, 0x0, 0x0, 0xb8, 0xff,
    0xff, 0x9a, 0x0, 0x6b, 0xff, 0xff, 0xe3, 0x2,
    0x0, 0x0, 0x0, 0x0, 0x0, 0x0, 0x1c, 0xfd,
    0xff, 0xff, 0x3e, 0x0, 0x14, 0xfa, 0xff, 0xff,
    0x47, 0x0, 0x0, 0x0, 0x0, 0x0, 0x0, 0x7b,
    0xff, 0xff, 0xe0, 0x1, 0x0, 0x0, 0xb3, 0xff,
    0xff, 0xa8, 0x0, 0x0, 0x0, 0x0, 0x0, 0x0,
    0xdb, 0xff, 0xff, 0x86, 0x0, 0x0, 0x0, 0x56,
    0xff, 0xff, 0xf8, 0x11, 0x0, 0x0, 0x0, 0x0,
    0x3e, 0xff, 0xff, 0xff, 0xff, 0xff, 0xff, 0xff,
    0xff, 0xff, 0xff, 0xff, 0x6b, 0x0, 0x0, 0x0,
    0x0, 0xa0, 0xff, 0xff, 0xff, 0xff, 0xff, 0xff,
    0xff, 0xff, 0xff, 0xff, 0xff, 0xcc, 0x0, 0x0,
    0x0, 0xc, 0xf4, 0xff, 0xff, 0xf4, 0xf0, 0xf0,
    0xf0, 0xf0, 0xf0, 0xf1, 0xff, 0xff, 0xff, 0x2d,
    0x0, 0x0, 0x63, 0xff, 0xff, 0xfd, 0x1b, 0x0,
    0x0, 0x0, 0x0, 0x0, 0x2, 0xe4, 0xff, 0xff,
    0x8f, 0x0, 0x0, 0xc4, 0xff, 0xff, 0xbe, 0x0,
    0x0, 0x0, 0x0, 0x0, 0x0, 0x0, 0x8e, 0xff,
    0xff, 0xea, 0x5, 0x26, 0xff, 0xff, 0xff, 0x63,
    0x0, 0x0, 0x0, 0x0, 0x0, 0x0, 0x0, 0x35,
    0xff, 0xff, 0xff, 0x51, 0x87, 0xff, 0xff, 0xf8,
    0x10, 0x0, 0x0, 0x0, 0x0, 0x0, 0x0, 0x0,
    0x0, 0xdb, 0xff, 0xff, 0xb3,

    /* U+00C6 "Æ" */
    0x0, 0x0, 0x0, 0x0, 0x0, 0x0, 0x0, 0x0,
    0x0, 0x2f, 0xfc, 0xff, 0xff, 0xff, 0xff, 0xff,
    0xff, 0xff, 0xff, 0xff, 0xff, 0xff, 0xe0, 0x0,
    0x0, 0x0, 0x0, 0x0, 0x0, 0x0, 0x0, 0x0,
    0xc2, 0xff, 0xff, 0xff, 0xff, 0xff, 0xff, 0xff,
    0xff, 0xff, 0xff, 0xff, 0xff, 0xe0, 0x0, 0x0,
    0x0, 0x0, 0x0, 0x0, 0x0, 0x0, 0x5a, 0xff,
    0xff, 0xff, 0xff, 0xff, 0xff, 0xff, 0xff, 0xff,
    0xff, 0xff, 0xff, 0xff, 0xe0, 0x0, 0x0, 0x0,
    0x0, 0x0, 0x0, 0x0, 0xc, 0xe4, 0xff, 0xff,
    0x8c, 0xff, 0xff, 0xff, 0x3e, 0x8, 0x8, 0x8,
    0x8, 0x8, 0x8, 0x7, 0x0, 0x0, 0x0, 0x0,
    0x0, 0x0, 0x0, 0x88, 0xff, 0xff, 0xf3, 0x1b,
    0xff, 0xff, 0xff, 0x38, 0x0, 0x0, 0x0, 0x0,
    0x0, 0x0, 0x0, 0x0, 0x0, 0x0, 0x0, 0x0,
    0x0, 0x25, 0xf9, 0xff, 0xff, 0x7c, 0x8, 0xff,
    0xff, 0xff, 0x38, 0x0, 0x0, 0x0, 0x0, 0x0,
    0x0, 0x0, 0x0, 0x0, 0x0, 0x0, 0x0, 0x0,
    0xb6, 0xff, 0xff, 0xe1, 0x8, 0x8, 0xff, 0xff,
    0xff, 0x38, 0x0, 0x0, 0x0, 0x0, 0x0, 0x0,
    0x0, 0x0, 0x0, 0x0, 0x0, 0x0, 0x4d, 0xff,
    0xff, 0xff, 0x58, 0x0, 0x8, 0xff, 0xff, 0xff,
    0xff, 0xff, 0xff, 0xff, 0xff, 0xff, 0xff, 0x1c,
    0x0, 0x0, 0x0, 0x0, 0x7, 0xdc, 0xff, 0xff,
    0xc5, 0x0, 0x0, 0x8, 0xff, 0xff, 0xff, 0xff,
    0xff, 0xff, 0xff, 0xff, 0xff, 0xff, 0x1c, 0x0,
    0x0, 0x0, 0x0, 0x7b, 0xff, 0xff, 0xff, 0x3d,
    0x8, 0x8, 0xf, 0xff, 0xff, 0xff, 0xff, 0xff,
    0xff, 0xff, 0xff, 0xff, 0xff, 0x1c, 0x0, 0x0,
    0x0, 0x1d, 0xf5, 0xff, 0xff, 0xff, 0xff, 0xff,
    0xff, 0xff, 0xff, 0xff, 0xff, 0x41, 0xc, 0xc,
    0xc, 0xc, 0xc, 0xc, 0x1, 0x0, 0x0, 0x0,
    0xa9, 0xff, 0xff, 0xff, 0xff, 0xff, 0xff, 0xff,
    0xff, 0xff, 0xff, 0xff, 0x38, 0x0, 0x0, 0x0,
    0x0, 0x0, 0x0, 0x0, 0x0, 0x0, 0x40, 0xff,
    0xff, 0xff, 0xff, 0xff, 0xff, 0xff, 0xff, 0xff,
    0xff, 0xff, 0xff, 0x38, 0x0, 0x0, 0x0, 0x0,
    0x0, 0x0, 0x0, 0x0, 0x4, 0xd3, 0xff, 0xff,
    0xe4, 0xb, 0x0, 0x0, 0x0, 0x0, 0x8, 0xff,
    0xff, 0xff, 0x3e, 0x8, 0x8, 0x8, 0x8, 0x8,
    0x8, 0x7, 0x0, 0x6e, 0xff, 0xff, 0xff, 0x5a,
    0x0, 0x0, 0x0, 0x0, 0x0, 0x8, 0xff, 0xff,
    0xff, 0xff, 0xff, 0xff, 0xff, 0xff, 0xff, 0xff,
    0xe0, 0x15, 0xef, 0xff, 0xff, 0xc3, 0x0, 0x0,
    0x0, 0x0, 0x0, 0x0, 0x8, 0xff, 0xff, 0xff,
    0xff, 0xff, 0xff, 0xff, 0xff, 0xff, 0xff, 0xe0,
    0x9c, 0xff, 0xff, 0xfd, 0x31, 0x0, 0x0, 0x0,
    0x0, 0x0, 0x0, 0x8, 0xff, 0xff, 0xff, 0xff,
    0xff, 0xff, 0xff, 0xff, 0xff, 0xff, 0xe0,

    /* U+00C7 "Ç" */
    0x0, 0x0, 0x0, 0x0, 0x0, 0x6, 0x5d, 0xac,
    0xdf, 0xf6, 0xf1, 0xd8, 0x9a, 0x41, 0x0, 0x0,
    0x0, 0x0, 0x0, 0x0, 0x0, 0x51, 0xe1, 0xff,
    0xff, 0xff, 0xff, 0xff, 0xff, 0xff, 0xff, 0xb5,
    0x19, 0x0, 0x0, 0x0, 0x0, 0x7f, 0xff, 0xff,
    0xff, 0xff, 0xff, 0xff, 0xff, 0xff, 0xff, 0xff,
    0xff, 0xde, 0x16, 0x0, 0x0, 0x65, 0xff, 0xff,
    0xff, 0xee, 0x82, 0x33, 0x11, 0x17, 0x45, 0xae,
    0xff, 0xff, 0x83, 0x0, 0x0, 0x17, 0xf2, 0xff,
    0xff, 0xcd, 0x1a, 0x0, 0x0, 0x0, 0x0, 0x0,
    0x0, 0x5d, 0x6d, 0x0, 0x0, 0x0, 0x86, 0xff,
    0xff, 0xef, 0x17, 0x0, 0x0, 0x0, 0x0, 0x0,
    0x0, 0x0, 0x0, 0x0, 0x0, 0x0, 0x0, 0xd7,
    0xff, 0xff, 0x81, 0x0, 0x0, 0x0, 0x0, 0x0,
    0x0, 0x0, 0x0, 0x0, 0x0, 0x0, 0x0, 0x4,
    0xfd, 0xff, 0xff, 0x3b, 0x0, 0x0, 0x0, 0x0,
    0x0, 0x0, 0x0, 0x0, 0x0, 0x0, 0x0, 0x0,
    0x15, 0xff, 0xff, 0xff, 0x25, 0x0, 0x0, 0x0,
    0x0, 0x0, 0x0, 0x0, 0x0, 0x0, 0x0, 0x0,
    0x0, 0x6, 0xff, 0xff, 0xff, 0x39, 0x0, 0x0,
    0x0, 0x0, 0x0, 0x0, 0x0, 0x0, 0x0, 0x0,
    0x0, 0x0, 0x0, 0xdb, 0xff, 0xff, 0x7d, 0x0,
    0x0, 0x0, 0x0, 0x0, 0x0, 0x0, 0x0, 0x0,
    0x0, 0x0, 0x0, 0x0, 0x8d, 0xff, 0xff, 0xeb,
    0x12, 0x0, 0x0, 0x0, 0x0, 0x0, 0x0, 0x0,
    0x0, 0x1, 0x0, 0x0, 0x0, 0x1d, 0xf9, 0xff,
    0xff, 0xc3, 0x12, 0x0, 0x0, 0x0, 0x0, 0x0,
    0x0, 0x39, 0xd6, 0x33, 0x0, 0x0, 0x0, 0x73,
    0xff, 0xff, 0xff, 0xe7, 0x75, 0x27, 0x5, 0xa,
    0x33, 0x90, 0xfb, 0xff, 0xf3, 0x48, 0x0, 0x0,
    0x0, 0x92, 0xff, 0xff, 0xff, 0xff, 0xff, 0xff,
    0xff, 0xff, 0xff, 0xff, 0xff, 0xf3, 0x3e, 0x0,
    0x0, 0x0, 0x0, 0x65, 0xf0, 0xff, 0xff, 0xff,
    0xff, 0xff, 0xff, 0xff, 0xff, 0xd2, 0x34, 0x0,
    0x0, 0x0, 0x0, 0x0, 0x0, 0x12, 0x71, 0xbd,
    0xf1, 0xff, 0xf7, 0xdf, 0xae, 0x59, 0x4, 0x0,
    0x0, 0x0, 0x0, 0x0, 0x0, 0x0, 0x0, 0x0,
    0x0, 0xab, 0xf6, 0x46, 0x9, 0x0, 0x0, 0x0,
    0x0, 0x0, 0x0, 0x0, 0x0, 0x0, 0x0, 0x0,
    0x0, 0xa, 0xed, 0xff, 0xff, 0xdd, 0x15, 0x0,
    0x0, 0x0, 0x0, 0x0, 0x0, 0x0, 0x0, 0x0,
    0x0, 0x0, 0x0, 0x12, 0x2f, 0x77, 0xff, 0x6a,
    0x0, 0x0, 0x0, 0x0, 0x0, 0x0, 0x0, 0x0,
    0x0, 0x0, 0x0, 0x31, 0xe8, 0xbe, 0xcf, 0xff,
    0x52, 0x0, 0x0, 0x0, 0x0, 0x0, 0x0, 0x0,
    0x0, 0x0, 0x0, 0x0, 0x2, 0x89, 0xef, 0xeb,
    0x88, 0x1, 0x0, 0x0, 0x0, 0x0,

    /* U+00C8 "È" */
    0x0, 0x0, 0x0, 0x3a, 0x3c, 0x3c, 0x26, 0x0,
    0x0, 0x0, 0x0, 0x0, 0x0, 0x0, 0x0, 0x94,
    0xff, 0xff, 0xd5, 0x0, 0x0, 0x0, 0x0, 0x0,
    0x0, 0x0, 0x0, 0xb, 0xde, 0xff, 0xff, 0x24,
    0x0, 0x0, 0x0, 0x0, 0x0, 0x0, 0x0, 0x0,
    0x42, 0xfe, 0xff, 0x74, 0x0, 0x0, 0x0, 0x0,
    0x0, 0x0, 0x0, 0x0, 0x0, 0x0, 0x0, 0x0,
    0x0, 0x0, 0x0, 0x0, 0x44, 0xff, 0xff, 0xff,
    0xff, 0xff, 0xff, 0xff, 0xff, 0xff, 0xff, 0xa0,
    0x44, 0xff, 0xff, 0xff, 0xff, 0xff, 0xff, 0xff,
    0xff, 0xff, 0xff, 0xa0, 0x44, 0xff, 0xff, 0xff,
    0xff, 0xff, 0xff, 0xff, 0xff, 0xff, 0xff, 0xa0,
    0x44, 0xff, 0xff, 0xf8, 0x8, 0x8, 0x8, 0x8,
    0x8, 0x8, 0x8, 0x5, 0x44, 0xff, 0xff, 0xf8,
    0x0, 0x0, 0x0, 0x0, 0x0, 0x0, 0x0, 0x0,
    0x44, 0xff, 0xff, 0xf8, 0x0, 0x0, 0x0, 0x0,
    0x0, 0x0, 0x0, 0x0, 0x44, 0xff, 0xff, 0xf8,
    0x0, 0x0, 0x0, 0x0, 0x0, 0x0, 0x0, 0x0,
    0x44, 0xff, 0xff, 0xff, 0xff, 0xff, 0xff, 0xff,
    0xff, 0xff, 0xdc, 0x0, 0x44, 0xff, 0xff, 0xff,
    0xff, 0xff, 0xff, 0xff, 0xff, 0xff, 0xdc, 0x0,
    0x44, 0xff, 0xff, 0xff, 0xff, 0xff, 0xff, 0xff,
    0xff, 0xff, 0xdc, 0x0, 0x44, 0xff, 0xff, 0xf8,
    0xc, 0xc, 0xc, 0xc, 0xc, 0xc, 0xa, 0x0,
    0x44, 0xff, 0xff, 0xf8, 0x0, 0x0, 0x0, 0x0,
    0x0, 0x0, 0x0, 0x0, 0x44, 0xff, 0xff, 0xf8,
    0x0, 0x0, 0x0, 0x0, 0x0, 0x0, 0x0, 0x0,
    0x44, 0xff, 0xff, 0xf8, 0x8, 0x8, 0x8, 0x8,
    0x8, 0x8, 0x8, 0x5, 0x44, 0xff, 0xff, 0xff,
    0xff, 0xff, 0xff, 0xff, 0xff, 0xff, 0xff, 0xa0,
    0x44, 0xff, 0xff, 0xff, 0xff, 0xff, 0xff, 0xff,
    0xff, 0xff, 0xff, 0xa0, 0x44, 0xff, 0xff, 0xff,
    0xff, 0xff, 0xff, 0xff, 0xff, 0xff, 0xff, 0xa0,

    /* U+00C9 "É" */
    0x0, 0x0, 0x0, 0x0, 0x0, 0xd, 0x3c, 0x3c,
    0x3c, 0x18, 0x0, 0x0, 0x0, 0x0, 0x0, 0x0,
    0x0, 0x6a, 0xff, 0xff, 0xea, 0x14, 0x0, 0x0,
    0x0, 0x0, 0x0, 0x0, 0x0, 0xb9, 0xff, 0xff,
    0x54, 0x0, 0x0, 0x0, 0x0, 0x0, 0x0, 0x0,
    0xe, 0xf9, 0xff, 0xa9, 0x0, 0x0, 0x0, 0x0,
    0x0, 0x0, 0x0, 0x0, 0x0, 0x0, 0x0, 0x0,
    0x0, 0x0, 0x0, 0x0, 0x44, 0xff, 0xff, 0xff,
    0xff, 0xff, 0xff, 0xff, 0xff, 0xff, 0xff, 0xa0,
    0x44, 0xff, 0xff, 0xff, 0xff, 0xff, 0xff, 0xff,
    0xff, 0xff, 0xff, 0xa0, 0x44, 0xff, 0xff, 0xff,
    0xff, 0xff, 0xff, 0xff, 0xff, 0xff, 0xff, 0xa0,
    0x44, 0xff, 0xff, 0xf8, 0x8, 0x8, 0x8, 0x8,
    0x8, 0x8, 0x8, 0x5, 0x44, 0xff, 0xff, 0xf8,
    0x0, 0x0, 0x0, 0x0, 0x0, 0x0, 0x0, 0x0,
    0x44, 0xff, 0xff, 0xf8, 0x0, 0x0, 0x0, 0x0,
    0x0, 0x0, 0x0, 0x0, 0x44, 0xff, 0xff, 0xf8,
    0x0, 0x0, 0x0, 0x0, 0x0, 0x0, 0x0, 0x0,
    0x44, 0xff, 0xff, 0xff, 0xff, 0xff, 0xff, 0xff,
    0xff, 0xff, 0xdc, 0x0, 0x44, 0xff, 0xff, 0xff,
    0xff, 0xff, 0xff, 0xff, 0xff, 0xff, 0xdc, 0x0,
    0x44, 0xff, 0xff, 0xff, 0xff, 0xff, 0xff, 0xff,
    0xff, 0xff, 0xdc, 0x0, 0x44, 0xff, 0xff, 0xf8,
    0xc, 0xc, 0xc, 0xc, 0xc, 0xc, 0xa, 0x0,
    0x44, 0xff, 0xff, 0xf8, 0x0, 0x0, 0x0, 0x0,
    0x0, 0x0, 0x0, 0x0, 0x44, 0xff, 0xff, 0xf8,
    0x0, 0x0, 0x0, 0x0, 0x0, 0x0, 0x0, 0x0,
    0x44, 0xff, 0xff, 0xf8, 0x8, 0x8, 0x8, 0x8,
    0x8, 0x8, 0x8, 0x5, 0x44, 0xff, 0xff, 0xff,
    0xff, 0xff, 0xff, 0xff, 0xff, 0xff, 0xff, 0xa0,
    0x44, 0xff, 0xff, 0xff, 0xff, 0xff, 0xff, 0xff,
    0xff, 0xff, 0xff, 0xa0, 0x44, 0xff, 0xff, 0xff,
    0xff, 0xff, 0xff, 0xff, 0xff, 0xff, 0xff, 0xa0,

    /* U+00CA "Ê" */
    0x0, 0x0, 0x0, 0x4, 0xac, 0xff, 0xff, 0xe3,
    0x20, 0x0, 0x0, 0x0, 0x0, 0x0, 0x4, 0xad,
    0xff, 0xfb, 0xe7, 0xff, 0xdc, 0x19, 0x0, 0x0,
    0x0, 0x0, 0x8f, 0xe4, 0xe4, 0x67, 0x23, 0xd8,
    0xe4, 0xb9, 0xa, 0x0, 0x0, 0x0, 0x0, 0x0,
    0x0, 0x0, 0x0, 0x0, 0x0, 0x0, 0x0, 0x0,
    0x44, 0xff, 0xff, 0xff, 0xff, 0xff, 0xff, 0xff,
    0xff, 0xff, 0xff, 0xa0, 0x44, 0xff, 0xff, 0xff,
    0xff, 0xff, 0xff, 0xff, 0xff, 0xff, 0xff, 0xa0,
    0x44, 0xff, 0xff, 0xff, 0xff, 0xff, 0xff, 0xff,
    0xff, 0xff, 0xff, 0xa0, 0x44, 0xff, 0xff, 0xf8,
    0x8, 0x8, 0x8, 0x8, 0x8, 0x8, 0x8, 0x5,
    0x44, 0xff, 0xff, 0xf8, 0x0, 0x0, 0x0, 0x0,
    0x0, 0x0, 0x0, 0x0, 0x44, 0xff, 0xff, 0xf8,
    0x0, 0x0, 0x0, 0x0, 0x0, 0x0, 0x0, 0x0,
    0x44, 0xff, 0xff, 0xf8, 0x0, 0x0, 0x0, 0x0,
    0x0, 0x0, 0x0, 0x0, 0x44, 0xff, 0xff, 0xff,
    0xff, 0xff, 0xff, 0xff, 0xff, 0xff, 0xdc, 0x0,
    0x44, 0xff, 0xff, 0xff, 0xff, 0xff, 0xff, 0xff,
    0xff, 0xff, 0xdc, 0x0, 0x44, 0xff, 0xff, 0xff,
    0xff, 0xff, 0xff, 0xff, 0xff, 0xff, 0xdc, 0x0,
    0x44, 0xff, 0xff, 0xf8, 0xc, 0xc, 0xc, 0xc,
    0xc, 0xc, 0xa, 0x0, 0x44, 0xff, 0xff, 0xf8,
    0x0, 0x0, 0x0, 0x0, 0x0, 0x0, 0x0, 0x0,
    0x44, 0xff, 0xff, 0xf8, 0x0, 0x0, 0x0, 0x0,
    0x0, 0x0, 0x0, 0x0, 0x44, 0xff, 0xff, 0xf8,
    0x8, 0x8, 0x8, 0x8, 0x8, 0x8, 0x8, 0x5,
    0x44, 0xff, 0xff, 0xff, 0xff, 0xff, 0xff, 0xff,
    0xff, 0xff, 0xff, 0xa0, 0x44, 0xff, 0xff, 0xff,
    0xff, 0xff, 0xff, 0xff, 0xff, 0xff, 0xff, 0xa0,
    0x44, 0xff, 0xff, 0xff, 0xff, 0xff, 0xff, 0xff,
    0xff, 0xff, 0xff, 0xa0,

    /* U+00CB "Ë" */
    0x0, 0x0, 0x5b, 0xee, 0xca, 0x15, 0x6, 0xb4,
    0xf3, 0x80, 0x0, 0x0, 0x0, 0x0, 0xdd, 0xff,
    0xff, 0x71, 0x49, 0xff, 0xff, 0xfe, 0xa, 0x0,
    0x0, 0x0, 0xa9, 0xff, 0xfe, 0x3f, 0x1f, 0xf6,
    0xff, 0xd4, 0x0, 0x0, 0x0, 0x0, 0x7, 0x56,
    0x34, 0x0, 0x0, 0x26, 0x5b, 0x11, 0x0, 0x0,
    0x0, 0x0, 0x0, 0x0, 0x0, 0x0, 0x0, 0x0,
    0x0, 0x0, 0x0, 0x0, 0x44, 0xff, 0xff, 0xff,
    0xff, 0xff, 0xff, 0xff, 0xff, 0xff, 0xff, 0xa0,
    0x44, 0xff, 0xff, 0xff, 0xff, 0xff, 0xff, 0xff,
    0xff, 0xff, 0xff, 0xa0, 0x44, 0xff, 0xff, 0xff,
    0xff, 0xff, 0xff, 0xff, 0xff, 0xff, 0xff, 0xa0,
    0x44, 0xff, 0xff, 0xf8, 0x8, 0x8, 0x8, 0x8,
    0x8, 0x8, 0x8, 0x5, 0x44, 0xff, 0xff, 0xf8,
    0x0, 0x0, 0x0, 0x0, 0x0, 0x0, 0x0, 0x0,
    0x44, 0xff, 0xff, 0xf8, 0x0, 0x0, 0x0, 0x0,
    0x0, 0x0, 0x0, 0x0, 0x44, 0xff, 0xff, 0xf8,
    0x0, 0x0, 0x0, 0x0, 0x0, 0x0, 0x0, 0x0,
    0x44, 0xff, 0xff, 0xff, 0xff, 0xff, 0xff, 0xff,
    0xff, 0xff, 0xdc, 0x0, 0x44, 0xff, 0xff, 0xff,
    0xff, 0xff, 0xff, 0xff, 0xff, 0xff, 0xdc, 0x0,
    0x44, 0xff, 0xff, 0xff, 0xff, 0xff, 0xff, 0xff,
    0xff, 0xff, 0xdc, 0x0, 0x44, 0xff, 0xff, 0xf8,
    0xc, 0xc, 0xc, 0xc, 0xc, 0xc, 0xa, 0x0,
    0x44, 0xff, 0xff, 0xf8, 0x0, 0x0, 0x0, 0x0,
    0x0, 0x0, 0x0, 0x0, 0x44, 0xff, 0xff, 0xf8,
    0x0, 0x0, 0x0, 0x0, 0x0, 0x0, 0x0, 0x0,
    0x44, 0xff, 0xff, 0xf8, 0x8, 0x8, 0x8, 0x8,
    0x8, 0x8, 0x8, 0x5, 0x44, 0xff, 0xff, 0xff,
    0xff, 0xff, 0xff, 0xff, 0xff, 0xff, 0xff, 0xa0,
    0x44, 0xff, 0xff, 0xff, 0xff, 0xff, 0xff, 0xff,
    0xff, 0xff, 0xff, 0xa0, 0x44, 0xff, 0xff, 0xff,
    0xff, 0xff, 0xff, 0xff, 0xff, 0xff, 0xff, 0xa0,

    /* U+00CC "Ì" */
    0x2e, 0x3c, 0x3c, 0x32, 0x0, 0x60, 0xff, 0xff,
    0xfa, 0x10, 0x0, 0xb6, 0xff, 0xff, 0x5b, 0x0,
    0x1c, 0xf0, 0xff, 0xab, 0x0, 0x0, 0x0, 0x0,
    0x0, 0x0, 0x44, 0xff, 0xff, 0xf8, 0x0, 0x44,
    0xff, 0xff, 0xf8, 0x0, 0x44, 0xff, 0xff, 0xf8,
    0x0, 0x44, 0xff, 0xff, 0xf8, 0x0, 0x44, 0xff,
    0xff, 0xf8, 0x0, 0x44, 0xff, 0xff, 0xf8, 0x0,
    0x44, 0xff, 0xff, 0xf8, 0x0, 0x44, 0xff, 0xff,
    0xf8, 0x0, 0x44, 0xff, 0xff, 0xf8, 0x0, 0x44,
    0xff, 0xff, 0xf8, 0x0, 0x44, 0xff, 0xff, 0xf8,
    0x0, 0x44, 0xff, 0xff, 0xf8, 0x0, 0x44, 0xff,
    0xff, 0xf8, 0x0, 0x44, 0xff, 0xff, 0xf8, 0x0,
    0x44, 0xff, 0xff, 0xf8, 0x0, 0x44, 0xff, 0xff,
    0xf8, 0x0, 0x44, 0xff, 0xff, 0xf8,

    /* U+00CD "Í" */
    0x0, 0x6, 0x3c, 0x3c, 0x3c, 0x1e, 0x0, 0x4e,
    0xff, 0xff, 0xf5, 0x24, 0x0, 0x9d, 0xff, 0xff,
    0x6f, 0x0, 0x2, 0xe9, 0xff, 0xc3, 0x2, 0x0,
    0x0, 0x0, 0x0, 0x0, 0x0, 0x0, 0x44, 0xff,
    0xff, 0xf8, 0x0, 0x0, 0x44, 0xff, 0xff, 0xf8,
    0x0, 0x0, 0x44, 0xff, 0xff, 0xf8, 0x0, 0x0,
    0x44, 0xff, 0xff, 0xf8, 0x0, 0x0, 0x44, 0xff,
    0xff, 0xf8, 0x0, 0x0, 0x44, 0xff, 0xff, 0xf8,
    0x0, 0x0, 0x44, 0xff, 0xff, 0xf8, 0x0, 0x0,
    0x44, 0xff, 0xff, 0xf8, 0x0, 0x0, 0x44, 0xff,
    0xff, 0xf8, 0x0, 0x0, 0x44, 0xff, 0xff, 0xf8,
    0x0, 0x0, 0x44, 0xff, 0xff, 0xf8, 0x0, 0x0,
    0x44, 0xff, 0xff, 0xf8, 0x0, 0x0, 0x44, 0xff,
    0xff, 0xf8, 0x0, 0x0, 0x44, 0xff, 0xff, 0xf8,
    0x0, 0x0, 0x44, 0xff, 0xff, 0xf8, 0x0, 0x0,
    0x44, 0xff, 0xff, 0xf8, 0x0, 0x0, 0x44, 0xff,
    0xff, 0xf8, 0x0, 0x0,

    /* U+00CE "Î" */
    0x0, 0x0, 0x84, 0xff, 0xff, 0xf6, 0x3e, 0x0,
    0x0, 0x0, 0x85, 0xff, 0xff, 0xe3, 0xff, 0xf2,
    0x34, 0x0, 0x68, 0xe4, 0xe4, 0x90, 0xd, 0xc3,
    0xe4, 0xd0, 0x1d, 0x0, 0x0, 0x0, 0x0, 0x0,
    0x0, 0x0, 0x0, 0x0, 0x0, 0x0, 0x44, 0xff,
    0xff, 0xf8, 0x0, 0x0, 0x0, 0x0, 0x0, 0x44,
    0xff, 0xff, 0xf8, 0x0, 0x0, 0x0, 0x0, 0x0,
    0x44, 0xff, 0xff, 0xf8, 0x0, 0x0, 0x0, 0x0,
    0x0, 0x44, 0xff, 0xff, 0xf8, 0x0, 0x0, 0x0,
    0x0, 0x0, 0x44, 0xff, 0xff, 0xf8, 0x0, 0x0,
    0x0, 0x0, 0x0, 0x44, 0xff, 0xff, 0xf8, 0x0,
    0x0, 0x0, 0x0, 0x0, 0x44, 0xff, 0xff, 0xf8,
    0x0, 0x0, 0x0, 0x0, 0x0, 0x44, 0xff, 0xff,
    0xf8, 0x0, 0x0, 0x0, 0x0, 0x0, 0x44, 0xff,
    0xff, 0xf8, 0x0, 0x0, 0x0, 0x0, 0x0, 0x44,
    0xff, 0xff, 0xf8, 0x0, 0x0, 0x0, 0x0, 0x0,
    0x44, 0xff, 0xff, 0xf8, 0x0, 0x0, 0x0, 0x0,
    0x0, 0x44, 0xff, 0xff, 0xf8, 0x0, 0x0, 0x0,
    0x0, 0x0, 0x44, 0xff, 0xff, 0xf8, 0x0, 0x0,
    0x0, 0x0, 0x0, 0x44, 0xff, 0xff, 0xf8, 0x0,
    0x0, 0x0, 0x0, 0x0, 0x44, 0xff, 0xff, 0xf8,
    0x0, 0x0, 0x0, 0x0, 0x0, 0x44, 0xff, 0xff,
    0xf8, 0x0, 0x0, 0x0, 0x0, 0x0, 0x44, 0xff,
    0xff, 0xf8, 0x0, 0x0, 0x0,

    /* U+00CF "Ï" */
    0xc, 0xc1, 0xf0, 0x62, 0x2, 0xa5, 0xf3, 0x84,
    0x0, 0x56, 0xff, 0xff, 0xde, 0x2e, 0xff, 0xff,
    0xfe, 0x8, 0x21, 0xf1, 0xff, 0x9b, 0xb, 0xdf,
    0xff, 0xc3, 0x0, 0x0, 0x17, 0x38, 0x1, 0x0,
    0xe, 0x3b, 0x7, 0x0, 0x0, 0x0, 0x0, 0x0,
    0x0, 0x0, 0x0, 0x0, 0x0, 0x0, 0x0, 0x44,
    0xff, 0xff, 0xf8, 0x0, 0x0, 0x0, 0x0, 0x0,
    0x44, 0xff, 0xff, 0xf8, 0x0, 0x0, 0x0, 0x0,
    0x0, 0x44, 0xff, 0xff, 0xf8, 0x0, 0x0, 0x0,
    0x0, 0x0, 0x44, 0xff, 0xff, 0xf8, 0x0, 0x0,
    0x0, 0x0, 0x0, 0x44, 0xff, 0xff, 0xf8, 0x0,
    0x0, 0x0, 0x0, 0x0, 0x44, 0xff, 0xff, 0xf8,
    0x0, 0x0, 0x0, 0x0, 0x0, 0x44, 0xff, 0xff,
    0xf8, 0x0, 0x0, 0x0, 0x0, 0x0, 0x44, 0xff,
    0xff, 0xf8, 0x0, 0x0, 0x0, 0x0, 0x0, 0x44,
    0xff, 0xff, 0xf8, 0x0, 0x0, 0x0, 0x0, 0x0,
    0x44, 0xff, 0xff, 0xf8, 0x0, 0x0, 0x0, 0x0,
    0x0, 0x44, 0xff, 0xff, 0xf8, 0x0, 0x0, 0x0,
    0x0, 0x0, 0x44, 0xff, 0xff, 0xf8, 0x0, 0x0,
    0x0, 0x0, 0x0, 0x44, 0xff, 0xff, 0xf8, 0x0,
    0x0, 0x0, 0x0, 0x0, 0x44, 0xff, 0xff, 0xf8,
    0x0, 0x0, 0x0, 0x0, 0x0, 0x44, 0xff, 0xff,
    0xf8, 0x0, 0x0, 0x0, 0x0, 0x0, 0x44, 0xff,
    0xff, 0xf8, 0x0, 0x0, 0x0, 0x0, 0x0, 0x44,
    0xff, 0xff, 0xf8, 0x0, 0x0, 0x0,

    /* U+00D0 "Ð" */
    0x0, 0x0, 0xd4, 0xff, 0xff, 0xff, 0xff, 0xff,
    0xf4, 0xdf, 0xae, 0x66, 0xa, 0x0, 0x0, 0x0,
    0x0, 0x0, 0x0, 0xd4, 0xff, 0xff, 0xff, 0xff,
    0xff, 0xff, 0xff, 0xff, 0xff, 0xea, 0x5c, 0x0,
    0x0, 0x0, 0x0, 0x0, 0xd4, 0xff, 0xff, 0xff,
    0xff, 0xff, 0xff, 0xff, 0xff, 0xff, 0xff, 0xff,
    0x82, 0x0, 0x0, 0x0, 0x0, 0xd4, 0xff, 0xff,
    0x6c, 0x8, 0x8, 0x15, 0x37, 0x84, 0xef, 0xff,
    0xff, 0xff, 0x56, 0x0, 0x0, 0x0, 0xd4, 0xff,
    0xff, 0x68, 0x0, 0x0, 0x0, 0x0, 0x0, 0x1e,
    0xd8, 0xff, 0xff, 0xe0, 0x5, 0x0, 0x0, 0xd4,
    0xff, 0xff, 0x68, 0x0, 0x0, 0x0, 0x0, 0x0,
    0x0, 0x2e, 0xfe, 0xff, 0xff, 0x4f, 0x0, 0x0,
    0xd4, 0xff, 0xff, 0x68, 0x0, 0x0, 0x0, 0x0,
    0x0, 0x0, 0x0, 0xbd, 0xff, 0xff, 0x96, 0x66,
    0x9c, 0xee, 0xff, 0xff, 0xc4, 0x9c, 0x9c, 0x9c,
    0x81, 0x0, 0x0, 0x0, 0x85, 0xff, 0xff, 0xb9,
    0xa8, 0xff, 0xff, 0xff, 0xff, 0xff, 0xff, 0xff,
    0xff, 0xd4, 0x0, 0x0, 0x0, 0x75, 0xff, 0xff,
    0xca, 0xa8, 0xff, 0xff, 0xff, 0xff, 0xff, 0xff,
    0xff, 0xff, 0xd4, 0x0, 0x0, 0x0, 0x86, 0xff,
    0xff, 0xba, 0x0, 0x0, 0xd4, 0xff, 0xff, 0x68,
    0x0, 0x0, 0x0, 0x0, 0x0, 0x0, 0x0, 0xbd,
    0xff, 0xff, 0x98, 0x0, 0x0, 0xd4, 0xff, 0xff,
    0x68, 0x0, 0x0, 0x0, 0x0, 0x0, 0x0, 0x2e,
    0xfe, 0xff, 0xff, 0x51, 0x0, 0x0, 0xd4, 0xff,
    0xff, 0x68, 0x0, 0x0, 0x0, 0x0, 0x0, 0x1e,
    0xd9, 0xff, 0xff, 0xe2, 0x7, 0x0, 0x0, 0xd4,
    0xff, 0xff, 0x6c, 0x8, 0x8, 0x14, 0x36, 0x83,
    0xef, 0xff, 0xff, 0xff, 0x59, 0x0, 0x0, 0x0,
    0xd4, 0xff, 0xff, 0xff, 0xff, 0xff, 0xff, 0xff,
    0xff, 0xff, 0xff, 0xff, 0x86, 0x0, 0x0, 0x0,
    0x0, 0xd4, 0xff, 0xff, 0xff, 0xff, 0xff, 0xff,
    0xff, 0xff, 0xff, 0xeb, 0x5f, 0x0, 0x0, 0x0,
    0x0, 0x0, 0xd4, 0xff, 0xff, 0xff, 0xff, 0xff,
    0xf6, 0xe1, 0xb1, 0x6a, 0xb, 0x0, 0x0, 0x0,
    0x0,

    /* U+00D1 "Ñ" */
    0x0, 0x0, 0x0, 0x0, 0x0, 0x29, 0x4c, 0x1c,
    0x0, 0x0, 0x4, 0x4, 0x0, 0x0, 0x0, 0x0,
    0x0, 0x0, 0x0, 0x8a, 0xff, 0xff, 0xfd, 0xa7,
    0x87, 0xff, 0xfd, 0xa, 0x0, 0x0, 0x0, 0x0,
    0x0, 0x2c, 0xff, 0xff, 0xff, 0xff, 0xff, 0xff,
    0xff, 0xbb, 0x0, 0x0, 0x0, 0x0, 0x0, 0x0,
    0x3a, 0xac, 0x9e, 0x15, 0x72, 0xdb, 0xf3, 0xb3,
    0x1b, 0x0, 0x0, 0x0, 0x0, 0x0, 0x0, 0x0,
    0x0, 0x0, 0x0, 0x0, 0x0, 0x0, 0x0, 0x0,
    0x0, 0x0, 0x0, 0x44, 0xff, 0xff, 0xff, 0xca,
    0x2, 0x0, 0x0, 0x0, 0x0, 0x0, 0x98, 0xff,
    0xff, 0xa0, 0x44, 0xff, 0xff, 0xff, 0xff, 0x68,
    0x0, 0x0, 0x0, 0x0, 0x0, 0x98, 0xff, 0xff,
    0xa0, 0x44, 0xff, 0xff, 0xff, 0xff, 0xee, 0x15,
    0x0, 0x0, 0x0, 0x0, 0x98, 0xff, 0xff, 0xa0,
    0x44, 0xff, 0xff, 0xff, 0xff, 0xff, 0x9e, 0x0,
    0x0, 0x0, 0x0, 0x98, 0xff, 0xff, 0xa0, 0x44,
    0xff, 0xff, 0xfe, 0xff, 0xff, 0xfe, 0x3b, 0x0,
    0x0, 0x0, 0x98, 0xff, 0xff, 0xa0, 0x44, 0xff,
    0xff, 0xc4, 0xc0, 0xff, 0xff, 0xd1, 0x3, 0x0,
    0x0, 0x98, 0xff, 0xff, 0xa0, 0x44, 0xff, 0xff,
    0xd2, 0x2b, 0xfb, 0xff, 0xff, 0x70, 0x0, 0x0,
    0x98, 0xff, 0xff, 0xa0, 0x44, 0xff, 0xff, 0xe0,
    0x0, 0x8b, 0xff, 0xff, 0xf1, 0x19, 0x0, 0x98,
    0xff, 0xff, 0xa0, 0x44, 0xff, 0xff, 0xeb, 0x0,
    0xc, 0xe4, 0xff, 0xff, 0xa6, 0x0, 0x92, 0xff,
    0xff, 0xa0, 0x44, 0xff, 0xff, 0xec, 0x0, 0x0,
    0x55, 0xff, 0xff, 0xff, 0x42, 0x84, 0xff, 0xff,
    0xa0, 0x44, 0xff, 0xff, 0xec, 0x0, 0x0, 0x0,
    0xb9, 0xff, 0xff, 0xd7, 0x7b, 0xff, 0xff, 0xa0,
    0x44, 0xff, 0xff, 0xec, 0x0, 0x0, 0x0, 0x25,
    0xf8, 0xff, 0xff, 0xe2, 0xff, 0xff, 0xa0, 0x44,
    0xff, 0xff, 0xec, 0x0, 0x0, 0x0, 0x0, 0x83,
    0xff, 0xff, 0xff, 0xff, 0xff, 0xa0, 0x44, 0xff,
    0xff, 0xec, 0x0, 0x0, 0x0, 0x0, 0x9, 0xde,
    0xff, 0xff, 0xff, 0xff, 0xa0, 0x44, 0xff, 0xff,
    0xec, 0x0, 0x0, 0x0, 0x0, 0x0, 0x4c, 0xff,
    0xff, 0xff, 0xff, 0xa0, 0x44, 0xff, 0xff, 0xec,
    0x0, 0x0, 0x0, 0x0, 0x0, 0x0, 0xb1, 0xff,
    0xff, 0xff, 0xa0, 0x44, 0xff, 0xff, 0xec, 0x0,
    0x0, 0x0, 0x0, 0x0, 0x0, 0x20, 0xf5, 0xff,
    0xff, 0xa0,

    /* U+00D2 "Ò" */
    0x0, 0x0, 0x0, 0x0, 0x0, 0x0, 0x3e, 0xfe,
    0xff, 0xff, 0x43, 0x0, 0x0, 0x0, 0x0, 0x0,
    0x0, 0x0, 0x0, 0x0, 0x0, 0x0, 0x0, 0x0,
    0x0, 0x0, 0x94, 0xff, 0xff, 0x92, 0x0, 0x0,
    0x0, 0x0, 0x0, 0x0, 0x0, 0x0, 0x0, 0x0,
    0x0, 0x0, 0x0, 0x0, 0x0, 0xc, 0xdf, 0xff,
    0xe1, 0x0, 0x0, 0x0, 0x0, 0x0, 0x0, 0x0,
    0x0, 0x0, 0x0, 0x0, 0x0, 0x0, 0x0, 0x0,
    0x0, 0x1e, 0x3c, 0x3c, 0x4, 0x0, 0x0, 0x0,
    0x0, 0x0, 0x0, 0x0, 0x0, 0x0, 0x0, 0x0,
    0x0, 0x0, 0x0, 0x0, 0x0, 0x0, 0x0, 0x0,
    0x0, 0x0, 0x0, 0x0, 0x0, 0x0, 0x0, 0x0,
    0x0, 0x0, 0x0, 0x0, 0x9, 0x64, 0xb0, 0xe0,
    0xf7, 0xf1, 0xd8, 0x9b, 0x48, 0x0, 0x0, 0x0,
    0x0, 0x0, 0x0, 0x0, 0x0, 0x0, 0x59, 0xe6,
    0xff, 0xff, 0xff, 0xff, 0xff, 0xff, 0xff, 0xff,
    0xcb, 0x2d, 0x0, 0x0, 0x0, 0x0, 0x0, 0x0,
    0x87, 0xff, 0xff, 0xff, 0xff, 0xff, 0xff, 0xff,
    0xff, 0xff, 0xff, 0xff, 0xf5, 0x4a, 0x0, 0x0,
    0x0, 0x0, 0x6c, 0xff, 0xff, 0xff, 0xef, 0x82,
    0x32, 0x10, 0x17, 0x44, 0xa1, 0xfc, 0xff, 0xff,
    0xf4, 0x2f, 0x0, 0x0, 0x1a, 0xf4, 0xff, 0xff,
    0xcd, 0x1a, 0x0, 0x0, 0x0, 0x0, 0x0, 0x0,
    0x3c, 0xef, 0xff, 0xff, 0xc6, 0x0, 0x0, 0x89,
    0xff, 0xff, 0xed, 0x16, 0x0, 0x0, 0x0, 0x0,
    0x0, 0x0, 0x0, 0x0, 0x4a, 0xff, 0xff, 0xff,
    0x42, 0x0, 0xd9, 0xff, 0xff, 0x7f, 0x0, 0x0,
    0x0, 0x0, 0x0, 0x0, 0x0, 0x0, 0x0, 0x0,
    0xc8, 0xff, 0xff, 0x93, 0x4, 0xfe, 0xff, 0xff,
    0x3a, 0x0, 0x0, 0x0, 0x0, 0x0, 0x0, 0x0,
    0x0, 0x0, 0x0, 0x83, 0xff, 0xff, 0xbe, 0x16,
    0xff, 0xff, 0xff, 0x25, 0x0, 0x0, 0x0, 0x0,
    0x0, 0x0, 0x0, 0x0, 0x0, 0x0, 0x6e, 0xff,
    0xff, 0xd1, 0x5, 0xfe, 0xff, 0xff, 0x3a, 0x0,
    0x0, 0x0, 0x0, 0x0, 0x0, 0x0, 0x0, 0x0,
    0x0, 0x83, 0xff, 0xff, 0xbe, 0x0, 0xda, 0xff,
    0xff, 0x7f, 0x0, 0x0, 0x0, 0x0, 0x0, 0x0,
    0x0, 0x0, 0x0, 0x0, 0xc8, 0xff, 0xff, 0x93,
    0x0, 0x8a, 0xff, 0xff, 0xed, 0x16, 0x0, 0x0,
    0x0, 0x0, 0x0, 0x0, 0x0, 0x0, 0x49, 0xff,
    0xff, 0xff, 0x42, 0x0, 0x1b, 0xf5, 0xff, 0xff,
    0xcc, 0x1a, 0x0, 0x0, 0x0, 0x0, 0x0, 0x0,
    0x3c, 0xef, 0xff, 0xff, 0xc8, 0x1, 0x0, 0x0,
    0x6e, 0xff, 0xff, 0xff, 0xee, 0x81, 0x31, 0x10,
    0x16, 0x44, 0xa0, 0xfc, 0xff, 0xff, 0xf5, 0x30,
    0x0, 0x0, 0x0, 0x0, 0x8b, 0xff, 0xff, 0xff,
    0xff, 0xff, 0xff, 0xff, 0xff, 0xff, 0xff, 0xff,
    0xf6, 0x4c, 0x0, 0x0, 0x0, 0x0, 0x0, 0x0,
    0x5a, 0xe7, 0xff, 0xff, 0xff, 0xff, 0xff, 0xff,
    0xff, 0xff, 0xcb, 0x2f, 0x0, 0x0, 0x0, 0x0,
    0x0, 0x0, 0x0, 0x0, 0x9, 0x64, 0xb1, 0xe1,
    0xf7, 0xf2, 0xd9, 0x9c, 0x49, 0x0, 0x0, 0x0,
    0x0, 0x0,

    /* U+00D3 "Ó" */
    0x0, 0x0, 0x0, 0x0, 0x0, 0x0, 0x0, 0x0,
    0x0, 0x90, 0xff, 0xff, 0xe1, 0xd, 0x0, 0x0,
    0x0, 0x0, 0x0, 0x0, 0x0, 0x0, 0x0, 0x0,
    0x0, 0x0, 0x0, 0x0, 0xde, 0xff, 0xff, 0x45,
    0x0, 0x0, 0x0, 0x0, 0x0, 0x0, 0x0, 0x0,
    0x0, 0x0, 0x0, 0x0, 0x0, 0x0, 0x2e, 0xff,
    0xff, 0x98, 0x0, 0x0, 0x0, 0x0, 0x0, 0x0,
    0x0, 0x0, 0x0, 0x0, 0x0, 0x0, 0x0, 0x0,
    0x0, 0x16, 0x3c, 0x3c, 0xb, 0x0, 0x0, 0x0,
    0x0, 0x0, 0x0, 0x0, 0x0, 0x0, 0x0, 0x0,
    0x0, 0x0, 0x0, 0x0, 0x0, 0x0, 0x0, 0x0,
    0x0, 0x0, 0x0, 0x0, 0x0, 0x0, 0x0, 0x0,
    0x0, 0x0, 0x0, 0x0, 0x9, 0x64, 0xb0, 0xe0,
    0xf7, 0xf1, 0xd8, 0x9b, 0x48, 0x0, 0x0, 0x0,
    0x0, 0x0, 0x0, 0x0, 0x0, 0x0, 0x59, 0xe6,
    0xff, 0xff, 0xff, 0xff, 0xff, 0xff, 0xff, 0xff,
    0xcb, 0x2d, 0x0, 0x0, 0x0, 0x0, 0x0, 0x0,
    0x87, 0xff, 0xff, 0xff, 0xff, 0xff, 0xff, 0xff,
    0xff, 0xff, 0xff, 0xff, 0xf5, 0x4a, 0x0, 0x0,
    0x0, 0x0, 0x6c, 0xff, 0xff, 0xff, 0xef, 0x82,
    0x32, 0x10, 0x17, 0x44, 0xa1, 0xfc, 0xff, 0xff,
    0xf4, 0x2f, 0x0, 0x0, 0x1a, 0xf4, 0xff, 0xff,
    0xcd, 0x1a, 0x0, 0x0, 0x0, 0x0, 0x0, 0x0,
    0x3c, 0xef, 0xff, 0xff, 0xc6, 0x0, 0x0, 0x89,
    0xff, 0xff, 0xed, 0x16, 0x0, 0x0, 0x0, 0x0,
    0x0, 0x0, 0x0, 0x0, 0x4a, 0xff, 0xff, 0xff,
    0x42, 0x0, 0xd9, 0xff, 0xff, 0x7f, 0x0, 0x0,
    0x0, 0x0, 0x0, 0x0, 0x0, 0x0, 0x0, 0x0,
    0xc8, 0xff, 0xff, 0x93, 0x4, 0xfe, 0xff, 0xff,
    0x3a, 0x0, 0x0, 0x0, 0x0, 0x0, 0x0, 0x0,
    0x0, 0x0, 0x0, 0x83, 0xff, 0xff, 0xbe, 0x16,
    0xff, 0xff, 0xff, 0x25, 0x0, 0x0, 0x0, 0x0,
    0x0, 0x0, 0x0, 0x0, 0x0, 0x0, 0x6e, 0xff,
    0xff, 0xd1, 0x5, 0xfe, 0xff, 0xff, 0x3a, 0x0,
    0x0, 0x0, 0x0, 0x0, 0x0, 0x0, 0x0, 0x0,
    0x0, 0x83, 0xff, 0xff, 0xbe, 0x0, 0xda, 0xff,
    0xff, 0x7f, 0x0, 0x0, 0x0, 0x0, 0x0, 0x0,
    0x0, 0x0, 0x0, 0x0, 0xc8, 0xff, 0xff, 0x93,
    0x0, 0x8a, 0xff, 0xff, 0xed, 0x16, 0x0, 0x0,
    0x0, 0x0, 0x0, 0x0, 0x0, 0x0, 0x49, 0xff,
    0xff, 0xff, 0x42, 0x0, 0x1b, 0xf5, 0xff, 0xff,
    0xcc, 0x1a, 0x0, 0x0, 0x0, 0x0, 0x0, 0x0,
    0x3c, 0xef, 0xff, 0xff, 0xc8, 0x1, 0x0, 0x0,
    0x6e, 0xff, 0xff, 0xff, 0xee, 0x81, 0x31, 0x10,
    0x16, 0x44, 0xa0, 0xfc, 0xff, 0xff, 0xf5, 0x30,
    0x0, 0x0, 0x0, 0x0, 0x8b, 0xff, 0xff, 0xff,
    0xff, 0xff, 0xff, 0xff, 0xff, 0xff, 0xff, 0xff,
    0xf6, 0x4c, 0x0, 0x0, 0x0, 0x0, 0x0, 0x0,
    0x5a, 0xe7, 0xff, 0xff, 0xff, 0xff, 0xff, 0xff,
    0xff, 0xff, 0xcb, 0x2f, 0x0, 0x0, 0x0, 0x0,
    0x0, 0x0, 0x0, 0x0, 0x9, 0x64, 0xb1, 0xe1,
    0xf7, 0xf2, 0xd9, 0x9c, 0x49, 0x0, 0x0, 0x0,
    0x0, 0x0,

    /* U+00D4 "Ô" */
    0x0, 0x0, 0x0, 0x0, 0x0, 0x0, 0x0, 0x3,
    0xa1, 0xc8, 0xc8, 0x6b, 0x0, 0x0, 0x0, 0x0,
    0x0, 0x0, 0x0, 0x0, 0x0, 0x0, 0x0, 0x0,
    0x0, 0x0, 0x90, 0xff, 0xff, 0xff, 0xfb, 0x3e,
    0x0, 0x0, 0x0, 0x0, 0x0, 0x0, 0x0, 0x0,
    0x0, 0x0, 0x0, 0x0, 0x64, 0xff, 0xff, 0x71,
    0xb6, 0xff, 0xe7, 0x19, 0x0, 0x0, 0x0, 0x0,
    0x0, 0x0, 0x0, 0x0, 0x0, 0x0, 0x15, 0xb6,
    0xbc, 0xaf, 0x6, 0x2c, 0xbc, 0xbc, 0x80, 0x0,
    0x0, 0x0, 0x0, 0x0, 0x0, 0x0, 0x0, 0x0,
    0x0, 0x0, 0x0, 0x0, 0x0, 0x0, 0x0, 0x0,
    0x0, 0x0, 0x0, 0x0, 0x0, 0x0, 0x0, 0x0,
    0x0, 0x0, 0x0, 0x0, 0x9, 0x64, 0xb0, 0xe0,
    0xf7, 0xf1, 0xd8, 0x9b, 0x48, 0x0, 0x0, 0x0,
    0x0, 0x0, 0x0, 0x0, 0x0, 0x0, 0x59, 0xe6,
    0xff, 0xff, 0xff, 0xff, 0xff, 0xff, 0xff, 0xff,
    0xcb, 0x2d, 0x0, 0x0, 0x0, 0x0, 0x0, 0x0,
    0x87, 0xff, 0xff, 0xff, 0xff, 0xff, 0xff, 0xff,
    0xff, 0xff, 0xff, 0xff, 0xf5, 0x4a, 0x0, 0x0,
    0x0, 0x0, 0x6c, 0xff, 0xff, 0xff, 0xef, 0x82,
    0x32, 0x10, 0x17, 0x44, 0xa1, 0xfc, 0xff, 0xff,
    0xf4, 0x2f, 0x0, 0x0, 0x1a, 0xf4, 0xff, 0xff,
    0xcd, 0x1a, 0x0, 0x0, 0x0, 0x0, 0x0, 0x0,
    0x3c, 0xef, 0xff, 0xff, 0xc6, 0x0, 0x0, 0x89,
    0xff, 0xff, 0xed, 0x16, 0x0, 0x0, 0x0, 0x0,
    0x0, 0x0, 0x0, 0x0, 0x4a, 0xff, 0xff, 0xff,
    0x42, 0x0, 0xd9, 0xff, 0xff, 0x7f, 0x0, 0x0,
    0x0, 0x0, 0x0, 0x0, 0x0, 0x0, 0x0, 0x0,
    0xc8, 0xff, 0xff, 0x93, 0x4, 0xfe, 0xff, 0xff,
    0x3a, 0x0, 0x0, 0x0, 0x0, 0x0, 0x0, 0x0,
    0x0, 0x0, 0x0, 0x83, 0xff, 0xff, 0xbe, 0x16,
    0xff, 0xff, 0xff, 0x25, 0x0, 0x0, 0x0, 0x0,
    0x0, 0x0, 0x0, 0x0, 0x0, 0x0, 0x6e, 0xff,
    0xff, 0xd1, 0x5, 0xfe, 0xff, 0xff, 0x3a, 0x0,
    0x0, 0x0, 0x0, 0x0, 0x0, 0x0, 0x0, 0x0,
    0x0, 0x83, 0xff, 0xff, 0xbe, 0x0, 0xda, 0xff,
    0xff, 0x7f, 0x0, 0x0, 0x0, 0x0, 0x0, 0x0,
    0x0, 0x0, 0x0, 0x0, 0xc8, 0xff, 0xff, 0x93,
    0x0, 0x8a, 0xff, 0xff, 0xed, 0x16, 0x0, 0x0,
    0x0, 0x0, 0x0, 0x0, 0x0, 0x0, 0x49, 0xff,
    0xff, 0xff, 0x42, 0x0, 0x1b, 0xf5, 0xff, 0xff,
    0xcc, 0x1a, 0x0, 0x0, 0x0, 0x0, 0x0, 0x0,
    0x3c, 0xef, 0xff, 0xff, 0xc8, 0x1, 0x0, 0x0,
    0x6e, 0xff, 0xff, 0xff, 0xee, 0x81, 0x31, 0x10,
    0x16, 0x44, 0xa0, 0xfc, 0xff, 0xff, 0xf5, 0x30,
    0x0, 0x0, 0x0, 0x0, 0x8b, 0xff, 0xff, 0xff,
    0xff, 0xff, 0xff, 0xff, 0xff, 0xff, 0xff, 0xff,
    0xf6, 0x4c, 0x0, 0x0, 0x0, 0x0, 0x0, 0x0,
    0x5a, 0xe7, 0xff, 0xff, 0xff, 0xff, 0xff, 0xff,
    0xff, 0xff, 0xcb, 0x2f, 0x0, 0x0, 0x0, 0x0,
    0x0, 0x0, 0x0, 0x0, 0x9, 0x64, 0xb1, 0xe1,
    0xf7, 0xf2, 0xd9, 0x9c, 0x49, 0x0, 0x0, 0x0,
    0x0, 0x0,

    /* U+00D5 "Õ" */
    0x0, 0x0, 0x0, 0x0, 0x0, 0x0, 0x3e, 0xcf,
    0xf4, 0xc2, 0x51, 0x2e, 0xac, 0xac, 0xd, 0x0,
    0x0, 0x0, 0x0, 0x0, 0x0, 0x0, 0x0, 0x0,
    0x14, 0xef, 0xff, 0xff, 0xff, 0xff, 0xff, 0xff,
    0xe5, 0x0, 0x0, 0x0, 0x0, 0x0, 0x0, 0x0,
    0x0, 0x0, 0x0, 0x4d, 0xff, 0xf5, 0x6e, 0xc9,
    0xff, 0xff, 0xf5, 0x4e, 0x0, 0x0, 0x0, 0x0,
    0x0, 0x0, 0x0, 0x0, 0x0, 0x0, 0x1, 0x4,
    0x3, 0x0, 0x0, 0x32, 0x4b, 0x17, 0x0, 0x0,
    0x0, 0x0, 0x0, 0x0, 0x0, 0x0, 0x0, 0x0,
    0x0, 0x0, 0x0, 0x0, 0x0, 0x0, 0x0, 0x0,
    0x0, 0x0, 0x0, 0x0, 0x0, 0x0, 0x0, 0x0,
    0x0, 0x0, 0x0, 0x0, 0x9, 0x64, 0xb0, 0xe0,
    0xf7, 0xf1, 0xd8, 0x9b, 0x48, 0x0, 0x0, 0x0,
    0x0, 0x0, 0x0, 0x0, 0x0, 0x0, 0x59, 0xe6,
    0xff, 0xff, 0xff, 0xff, 0xff, 0xff, 0xff, 0xff,
    0xcb, 0x2d, 0x0, 0x0, 0x0, 0x0, 0x0, 0x0,
    0x87, 0xff, 0xff, 0xff, 0xff, 0xff, 0xff, 0xff,
    0xff, 0xff, 0xff, 0xff, 0xf5, 0x4a, 0x0, 0x0,
    0x0, 0x0, 0x6c, 0xff, 0xff, 0xff, 0xef, 0x82,
    0x32, 0x10, 0x17, 0x44, 0xa1, 0xfc, 0xff, 0xff,
    0xf4, 0x2f, 0x0, 0x0, 0x1a, 0xf4, 0xff, 0xff,
    0xcd, 0x1a, 0x0, 0x0, 0x0, 0x0, 0x0, 0x0,
    0x3c, 0xef, 0xff, 0xff, 0xc6, 0x0, 0x0, 0x89,
    0xff, 0xff, 0xed, 0x16, 0x0, 0x0, 0x0, 0x0,
    0x0, 0x0, 0x0, 0x0, 0x4a, 0xff, 0xff, 0xff,
    0x42, 0x0, 0xd9, 0xff, 0xff, 0x7f, 0x0, 0x0,
    0x0, 0x0, 0x0, 0x0, 0x0, 0x0, 0x0, 0x0,
    0xc8, 0xff, 0xff, 0x93, 0x4, 0xfe, 0xff, 0xff,
    0x3a, 0x0, 0x0, 0x0, 0x0, 0x0, 0x0, 0x0,
    0x0, 0x0, 0x0, 0x83, 0xff, 0xff, 0xbe, 0x16,
    0xff, 0xff, 0xff, 0x25, 0x0, 0x0, 0x0, 0x0,
    0x0, 0x0, 0x0, 0x0, 0x0, 0x0, 0x6e, 0xff,
    0xff, 0xd1, 0x5, 0xfe, 0xff, 0xff, 0x3a, 0x0,
    0x0, 0x0, 0x0, 0x0, 0x0, 0x0, 0x0, 0x0,
    0x0, 0x83, 0xff, 0xff, 0xbe, 0x0, 0xda, 0xff,
    0xff, 0x7f, 0x0, 0x0, 0x0, 0x0, 0x0, 0x0,
    0x0, 0x0, 0x0, 0x0, 0xc8, 0xff, 0xff, 0x93,
    0x0, 0x8a, 0xff, 0xff, 0xed, 0x16, 0x0, 0x0,
    0x0, 0x0, 0x0, 0x0, 0x0, 0x0, 0x49, 0xff,
    0xff, 0xff, 0x42, 0x0, 0x1b, 0xf5, 0xff, 0xff,
    0xcc, 0x1a, 0x0, 0x0, 0x0, 0x0, 0x0, 0x0,
    0x3c, 0xef, 0xff, 0xff, 0xc8, 0x1, 0x0, 0x0,
    0x6e, 0xff, 0xff, 0xff, 0xee, 0x81, 0x31, 0x10,
    0x16, 0x44, 0xa0, 0xfc, 0xff, 0xff, 0xf5, 0x30,
    0x0, 0x0, 0x0, 0x0, 0x8b, 0xff, 0xff, 0xff,
    0xff, 0xff, 0xff, 0xff, 0xff, 0xff, 0xff, 0xff,
    0xf6, 0x4c, 0x0, 0x0, 0x0, 0x0, 0x0, 0x0,
    0x5a, 0xe7, 0xff, 0xff, 0xff, 0xff, 0xff, 0xff,
    0xff, 0xff, 0xcb, 0x2f, 0x0, 0x0, 0x0, 0x0,
    0x0, 0x0, 0x0, 0x0, 0x9, 0x64, 0xb1, 0xe1,
    0xf7, 0xf2, 0xd9, 0x9c, 0x49, 0x0, 0x0, 0x0,
    0x0, 0x0,

    /* U+00D6 "Ö" */
    0x0, 0x0, 0x0, 0x0, 0x0, 0x0, 0x8b, 0xf3,
    0xa9, 0x2, 0x1e, 0xd0, 0xec, 0x51, 0x0, 0x0,
    0x0, 0x0, 0x0, 0x0, 0x0, 0x0, 0x0, 0x0,
    0x15, 0xff, 0xff, 0xff, 0x39, 0x81, 0xff, 0xff,
    0xd1, 0x0, 0x0, 0x0, 0x0, 0x0, 0x0, 0x0,
    0x0, 0x0, 0x0, 0x4, 0xdd, 0xff, 0xf0, 0x15,
    0x4e, 0xff, 0xff, 0x9d, 0x0, 0x0, 0x0, 0x0,
    0x0, 0x0, 0x0, 0x0, 0x0, 0x0, 0x0, 0x15,
    0x5b, 0x21, 0x0, 0x0, 0x3a, 0x54, 0x4, 0x0,
    0x0, 0x0, 0x0, 0x0, 0x0, 0x0, 0x0, 0x0,
    0x0, 0x0, 0x0, 0x0, 0x0, 0x0, 0x0, 0x0,
    0x0, 0x0, 0x0, 0x0, 0x0, 0x0, 0x0, 0x0,
    0x0, 0x0, 0x0, 0x0, 0x9, 0x64, 0xb0, 0xe0,
    0xf7, 0xf1, 0xd8, 0x9b, 0x48, 0x0, 0x0, 0x0,
    0x0, 0x0, 0x0, 0x0, 0x0, 0x0, 0x59, 0xe6,
    0xff, 0xff, 0xff, 0xff, 0xff, 0xff, 0xff, 0xff,
    0xcb, 0x2d, 0x0, 0x0, 0x0, 0x0, 0x0, 0x0,
    0x87, 0xff, 0xff, 0xff, 0xff, 0xff, 0xff, 0xff,
    0xff, 0xff, 0xff, 0xff, 0xf5, 0x4a, 0x0, 0x0,
    0x0, 0x0, 0x6c, 0xff, 0xff, 0xff, 0xef, 0x82,
    0x32, 0x10, 0x17, 0x44, 0xa1, 0xfc, 0xff, 0xff,
    0xf4, 0x2f, 0x0, 0x0, 0x1a, 0xf4, 0xff, 0xff,
    0xcd, 0x1a, 0x0, 0x0, 0x0, 0x0, 0x0, 0x0,
    0x3c, 0xef, 0xff, 0xff, 0xc6, 0x0, 0x0, 0x89,
    0xff, 0xff, 0xed, 0x16, 0x0, 0x0, 0x0, 0x0,
    0x0, 0x0, 0x0, 0x0, 0x4a, 0xff, 0xff, 0xff,
    0x42, 0x0, 0xd9, 0xff, 0xff, 0x7f, 0x0, 0x0,
    0x0, 0x0, 0x0, 0x0, 0x0, 0x0, 0x0, 0x0,
    0xc8, 0xff, 0xff, 0x93, 0x4, 0xfe, 0xff, 0xff,
    0x3a, 0x0, 0x0, 0x0, 0x0, 0x0, 0x0, 0x0,
    0x0, 0x0, 0x0, 0x83, 0xff, 0xff, 0xbe, 0x16,
    0xff, 0xff, 0xff, 0x25, 0x0, 0x0, 0x0, 0x0,
    0x0, 0x0, 0x0, 0x0, 0x0, 0x0, 0x6e, 0xff,
    0xff, 0xd1, 0x5, 0xfe, 0xff, 0xff, 0x3a, 0x0,
    0x0, 0x0, 0x0, 0x0, 0x0, 0x0, 0x0, 0x0,
    0x0, 0x83, 0xff, 0xff, 0xbe, 0x0, 0xda, 0xff,
    0xff, 0x7f, 0x0, 0x0, 0x0, 0x0, 0x0, 0x0,
    0x0, 0x0, 0x0, 0x0, 0xc8, 0xff, 0xff, 0x93,
    0x0, 0x8a, 0xff, 0xff, 0xed, 0x16, 0x0, 0x0,
    0x0, 0x0, 0x0, 0x0, 0x0, 0x0, 0x49, 0xff,
    0xff, 0xff, 0x42, 0x0, 0x1b, 0xf5, 0xff, 0xff,
    0xcc, 0x1a, 0x0, 0x0, 0x0, 0x0, 0x0, 0x0,
    0x3c, 0xef, 0xff, 0xff, 0xc8, 0x1, 0x0, 0x0,
    0x6e, 0xff, 0xff, 0xff, 0xee, 0x81, 0x31, 0x10,
    0x16, 0x44, 0xa0, 0xfc, 0xff, 0xff, 0xf5, 0x30,
    0x0, 0x0, 0x0, 0x0, 0x8b, 0xff, 0xff, 0xff,
    0xff, 0xff, 0xff, 0xff, 0xff, 0xff, 0xff, 0xff,
    0xf6, 0x4c, 0x0, 0x0, 0x0, 0x0, 0x0, 0x0,
    0x5a, 0xe7, 0xff, 0xff, 0xff, 0xff, 0xff, 0xff,
    0xff, 0xff, 0xcb, 0x2f, 0x0, 0x0, 0x0, 0x0,
    0x0, 0x0, 0x0, 0x0, 0x9, 0x64, 0xb1, 0xe1,
    0xf7, 0xf2, 0xd9, 0x9c, 0x49, 0x0, 0x0, 0x0,
    0x0, 0x0,

    /* U+00D7 "×" */
    0x0, 0x0, 0x0, 0x0, 0x0, 0x0, 0x0, 0x0,
    0x0, 0x0, 0x0, 0x0, 0x0, 0x0, 0x39, 0xca,
    0x1d, 0x0, 0x0, 0x0, 0x0, 0x0, 0x51, 0xbf,
    0xe, 0x0, 0x37, 0xf2, 0xff, 0xe0, 0x24, 0x0,
    0x0, 0x0, 0x5b, 0xfb, 0xff, 0xc7, 0xa, 0x16,
    0xd0, 0xff, 0xff, 0xe7, 0x2b, 0x0, 0x66, 0xfd,
    0xff, 0xff, 0x8e, 0x0, 0x0, 0x10, 0xc6, 0xff,
    0xff, 0xec, 0x8e, 0xff, 0xff, 0xff, 0x81, 0x0,
    0x0, 0x0, 0x0, 0xb, 0xbc, 0xff, 0xff, 0xff,
    0xff, 0xff, 0x74, 0x0, 0x0, 0x0, 0x0, 0x0,
    0x0, 0x8, 0xe0, 0xff, 0xff, 0xff, 0x95, 0x0,
    0x0, 0x0, 0x0, 0x0, 0x0, 0x2, 0x9b, 0xff,
    0xff, 0xff, 0xff, 0xf8, 0x50, 0x0, 0x0, 0x0,
    0x0, 0x5, 0xa9, 0xff, 0xff, 0xf9, 0xb6, 0xff,
    0xff, 0xfb, 0x5c, 0x0, 0x0, 0x9, 0xb6, 0xff,
    0xff, 0xf5, 0x46, 0x0, 0x8d, 0xff, 0xff, 0xfe,
    0x69, 0x0, 0x44, 0xfb, 0xff, 0xf0, 0x3c, 0x0,
    0x0, 0x0, 0x80, 0xff, 0xff, 0xdc, 0xb, 0x0,
    0x54, 0xe6, 0x32, 0x0, 0x0, 0x0, 0x0, 0x0,
    0x72, 0xdb, 0x1d, 0x0, 0x0, 0x0, 0x9, 0x0,
    0x0, 0x0, 0x0, 0x0, 0x0, 0x0, 0x9, 0x0,
    0x0,

    /* U+00D8 "Ø" */
    0x0, 0x0, 0x0, 0x0, 0x0, 0x0, 0x0, 0x0,
    0x0, 0x0, 0x0, 0x0, 0x0, 0x0, 0x7d, 0x18,
    0x0, 0x0, 0x0, 0x0, 0x0, 0x0, 0x0, 0x0,
    0x9, 0x64, 0xb0, 0xe0, 0xf7, 0xef, 0xd3, 0x95,
    0x89, 0xff, 0xef, 0x44, 0x0, 0x0, 0x0, 0x0,
    0x0, 0x0, 0x5a, 0xe7, 0xff, 0xff, 0xff, 0xff,
    0xff, 0xff, 0xff, 0xff, 0xff, 0xf2, 0x1b, 0x0,
    0x0, 0x0, 0x0, 0x0, 0x8a, 0xff, 0xff, 0xff,
    0xff, 0xff, 0xff, 0xff, 0xff, 0xff, 0xff, 0xff,
    0xf0, 0x36, 0x0, 0x0, 0x0, 0x0, 0x70, 0xff,
    0xff, 0xff, 0xef, 0x82, 0x32, 0x10, 0x13, 0x86,
    0xff, 0xff, 0xff, 0xff, 0xf1, 0x24, 0x0, 0x0,
    0x1d, 0xf6, 0xff, 0xff, 0xcd, 0x1a, 0x0, 0x0,
    0x0, 0x13, 0xe8, 0xff, 0xf5, 0xef, 0xff, 0xff,
    0xbe, 0x0, 0x0, 0x8c, 0xff, 0xff, 0xed, 0x16,
    0x0, 0x0, 0x0, 0x0, 0xa8, 0xff, 0xff, 0x6c,
    0x4c, 0xff, 0xff, 0xff, 0x38, 0x0, 0xdc, 0xff,
    0xff, 0x7f, 0x0, 0x0, 0x0, 0x0, 0x53, 0xff,
    0xff, 0xbe, 0x1, 0x0, 0xc9, 0xff, 0xff, 0x90,
    0x5, 0xfe, 0xff, 0xff, 0x3a, 0x0, 0x0, 0x0,
    0x15, 0xea, 0xff, 0xf2, 0x1f, 0x0, 0x0, 0x83,
    0xff, 0xff, 0xba, 0x15, 0xff, 0xff, 0xff, 0x25,
    0x0, 0x0, 0x0, 0xab, 0xff, 0xff, 0x65, 0x0,
    0x0, 0x0, 0x6e, 0xff, 0xff, 0xd0, 0x2, 0xfb,
    0xff, 0xff, 0x3a, 0x0, 0x0, 0x58, 0xff, 0xff,
    0xb8, 0x0, 0x0, 0x0, 0x0, 0x83, 0xff, 0xff,
    0xbf, 0x0, 0xd6, 0xff, 0xff, 0x7e, 0x0, 0x17,
    0xec, 0xff, 0xef, 0x1b, 0x0, 0x0, 0x0, 0x0,
    0xc8, 0xff, 0xff, 0x95, 0x0, 0x81, 0xff, 0xff,
    0xec, 0x15, 0xaf, 0xff, 0xff, 0x5d, 0x0, 0x0,
    0x0, 0x0, 0x49, 0xff, 0xff, 0xff, 0x44, 0x0,
    0x19, 0xf0, 0xff, 0xff, 0xe1, 0xff, 0xff, 0xb0,
    0x0, 0x0, 0x0, 0x0, 0x3c, 0xef, 0xff, 0xff,
    0xca, 0x1, 0x0, 0x0, 0x63, 0xff, 0xff, 0xff,
    0xff, 0xfd, 0x47, 0xf, 0x16, 0x44, 0xa0, 0xfc,
    0xff, 0xff, 0xf5, 0x32, 0x0, 0x0, 0x0, 0x0,
    0x76, 0xff, 0xff, 0xff, 0xff, 0xff, 0xff, 0xff,
    0xff, 0xff, 0xff, 0xff, 0xf6, 0x4d, 0x0, 0x0,
    0x0, 0x0, 0x0, 0x53, 0xff, 0xff, 0xff, 0xff,
    0xff, 0xff, 0xff, 0xff, 0xff, 0xff, 0xcb, 0x2f,
    0x0, 0x0, 0x0, 0x0, 0x0, 0x0, 0x7e, 0xfd,
    0xf7, 0x6d, 0xad, 0xde, 0xf6, 0xf2, 0xd9, 0x9c,
    0x49, 0x0, 0x0, 0x0, 0x0, 0x0, 0x0, 0x0,
    0x0, 0x0, 0x37, 0x60, 0x0, 0x0, 0x0, 0x0,
    0x0, 0x0, 0x0, 0x0, 0x0, 0x0, 0x0, 0x0,
    0x0,

    /* U+00D9 "Ù" */
    0x0, 0x0, 0x0, 0xc, 0xdf, 0xff, 0xff, 0x93,
    0x0, 0x0, 0x0, 0x0, 0x0, 0x0, 0x0, 0x0,
    0x0, 0x0, 0x43, 0xff, 0xff, 0xe3, 0x0, 0x0,
    0x0, 0x0, 0x0, 0x0, 0x0, 0x0, 0x0, 0x0,
    0x0, 0x99, 0xff, 0xff, 0x34, 0x0, 0x0, 0x0,
    0x0, 0x0, 0x0, 0x0, 0x0, 0x0, 0x0, 0xb,
    0x3c, 0x3c, 0x18, 0x0, 0x0, 0x0, 0x0, 0x0,
    0x0, 0x0, 0x0, 0x0, 0x0, 0x0, 0x0, 0x0,
    0x0, 0x0, 0x0, 0x0, 0x0, 0x0, 0xa8, 0xff,
    0xff, 0x94, 0x0, 0x0, 0x0, 0x0, 0x0, 0x0,
    0x88, 0xff, 0xff, 0xb8, 0xa8, 0xff, 0xff, 0x94,
    0x0, 0x0, 0x0, 0x0, 0x0, 0x0, 0x88, 0xff,
    0xff, 0xb8, 0xa8, 0xff, 0xff, 0x94, 0x0, 0x0,
    0x0, 0x0, 0x0, 0x0, 0x88, 0xff, 0xff, 0xb8,
    0xa8, 0xff, 0xff, 0x94, 0x0, 0x0, 0x0, 0x0,
    0x0, 0x0, 0x88, 0xff, 0xff, 0xb8, 0xa8, 0xff,
    0xff, 0x94, 0x0, 0x0, 0x0, 0x0, 0x0, 0x0,
    0x88, 0xff, 0xff, 0xb8, 0xa8, 0xff, 0xff, 0x94,
    0x0, 0x0, 0x0, 0x0, 0x0, 0x0, 0x88, 0xff,
    0xff, 0xb8, 0xa8, 0xff, 0xff, 0x94, 0x0, 0x0,
    0x0, 0x0, 0x0, 0x0, 0x88, 0xff, 0xff, 0xb8,
    0xa8, 0xff, 0xff, 0x94, 0x0, 0x0, 0x0, 0x0,
    0x0, 0x0, 0x88, 0xff, 0xff, 0xb8, 0xa8, 0xff,
    0xff, 0x94, 0x0, 0x0, 0x0, 0x0, 0x0, 0x0,
    0x88, 0xff, 0xff, 0xb8, 0xa8, 0xff, 0xff, 0x94,
    0x0, 0x0, 0x0, 0x0, 0x0, 0x0, 0x88, 0xff,
    0xff, 0xb8, 0x9f, 0xff, 0xff, 0xa1, 0x0, 0x0,
    0x0, 0x0, 0x0, 0x0, 0x95, 0xff, 0xff, 0xad,
    0x87, 0xff, 0xff, 0xc9, 0x0, 0x0, 0x0, 0x0,
    0x0, 0x0, 0xbe, 0xff, 0xff, 0x93, 0x4d, 0xff,
    0xff, 0xff, 0x3c, 0x0, 0x0, 0x0, 0x0, 0x31,
    0xfe, 0xff, 0xff, 0x56, 0x7, 0xe5, 0xff, 0xff,
    0xef, 0x5f, 0x14, 0x13, 0x5b, 0xec, 0xff, 0xff,
    0xe9, 0x8, 0x0, 0x57, 0xff, 0xff, 0xff, 0xff,
    0xff, 0xff, 0xff, 0xff, 0xff, 0xff, 0x57, 0x0,
    0x0, 0x0, 0x6e, 0xfc, 0xff, 0xff, 0xff, 0xff,
    0xff, 0xff, 0xf9, 0x66, 0x0, 0x0, 0x0, 0x0,
    0x0, 0x27, 0x96, 0xd8, 0xf5, 0xf5, 0xd7, 0x90,
    0x20, 0x0, 0x0, 0x0,

    /* U+00DA "Ú" */
    0x0, 0x0, 0x0, 0x0, 0x0, 0x0, 0x81, 0xff,
    0xff, 0xea, 0x14, 0x0, 0x0, 0x0, 0x0, 0x0,
    0x0, 0x0, 0x0, 0x0, 0xd1, 0xff, 0xff, 0x54,
    0x0, 0x0, 0x0, 0x0, 0x0, 0x0, 0x0, 0x0,
    0x0, 0x21, 0xff, 0xff, 0xa8, 0x0, 0x0, 0x0,
    0x0, 0x0, 0x0, 0x0, 0x0, 0x0, 0x0, 0x13,
    0x3c, 0x3c, 0xe, 0x0, 0x0, 0x0, 0x0, 0x0,
    0x0, 0x0, 0x0, 0x0, 0x0, 0x0, 0x0, 0x0,
    0x0, 0x0, 0x0, 0x0, 0x0, 0x0, 0xa8, 0xff,
    0xff, 0x94, 0x0, 0x0, 0x0, 0x0, 0x0, 0x0,
    0x88, 0xff, 0xff, 0xb8, 0xa8, 0xff, 0xff, 0x94,
    0x0, 0x0, 0x0, 0x0, 0x0, 0x0, 0x88, 0xff,
    0xff, 0xb8, 0xa8, 0xff, 0xff, 0x94, 0x0, 0x0,
    0x0, 0x0, 0x0, 0x0, 0x88, 0xff, 0xff, 0xb8,
    0xa8, 0xff, 0xff, 0x94, 0x0, 0x0, 0x0, 0x0,
    0x0, 0x0, 0x88, 0xff, 0xff, 0xb8, 0xa8, 0xff,
    0xff, 0x94, 0x0, 0x0, 0x0, 0x0, 0x0, 0x0,
    0x88, 0xff, 0xff, 0xb8, 0xa8, 0xff, 0xff, 0x94,
    0x0, 0x0, 0x0, 0x0, 0x0, 0x0, 0x88, 0xff,
    0xff, 0xb8, 0xa8, 0xff, 0xff, 0x94, 0x0, 0x0,
    0x0, 0x0, 0x0, 0x0, 0x88, 0xff, 0xff, 0xb8,
    0xa8, 0xff, 0xff, 0x94, 0x0, 0x0, 0x0, 0x0,
    0x0, 0x0, 0x88, 0xff, 0xff, 0xb8, 0xa8, 0xff,
    0xff, 0x94, 0x0, 0x0, 0x0, 0x0, 0x0, 0x0,
    0x88, 0xff, 0xff, 0xb8, 0xa8, 0xff, 0xff, 0x94,
    0x0, 0x0, 0x0, 0x0, 0x0, 0x0, 0x88, 0xff,
    0xff, 0xb8, 0x9f, 0xff, 0xff, 0xa1, 0x0, 0x0,
    0x0, 0x0, 0x0, 0x0, 0x95, 0xff, 0xff, 0xad,
    0x87, 0xff, 0xff, 0xc9, 0x0, 0x0, 0x0, 0x0,
    0x0, 0x0, 0xbe, 0xff, 0xff, 0x93, 0x4d, 0xff,
    0xff, 0xff, 0x3c, 0x0, 0x0, 0x0, 0x0, 0x31,
    0xfe, 0xff, 0xff, 0x56, 0x7, 0xe5, 0xff, 0xff,
    0xef, 0x5f, 0x14, 0x13, 0x5b, 0xec, 0xff, 0xff,
    0xe9, 0x8, 0x0, 0x57, 0xff, 0xff, 0xff, 0xff,
    0xff, 0xff, 0xff, 0xff, 0xff, 0xff, 0x57, 0x0,
    0x0, 0x0, 0x6e, 0xfc, 0xff, 0xff, 0xff, 0xff,
    0xff, 0xff, 0xf9, 0x66, 0x0, 0x0, 0x0, 0x0,
    0x0, 0x27, 0x96, 0xd8, 0xf5, 0xf5, 0xd7, 0x90,
    0x20, 0x0, 0x0, 0x0,

    /* U+00DB "Û" */
    0x0, 0x0, 0x0, 0x0, 0x0, 0x88, 0xc4, 0xc4,
    0x8a, 0x0, 0x0, 0x0, 0x0, 0x0, 0x0, 0x0,
    0x0, 0x0, 0x7b, 0xff, 0xff, 0xff, 0xff, 0x71,
    0x0, 0x0, 0x0, 0x0, 0x0, 0x0, 0x0, 0x5d,
    0xff, 0xff, 0x8d, 0x87, 0xff, 0xfc, 0x49, 0x0,
    0x0, 0x0, 0x0, 0x0, 0x5, 0x7e, 0x84, 0x82,
    0xb, 0x8, 0x80, 0x84, 0x75, 0x2, 0x0, 0x0,
    0x0, 0x0, 0x0, 0x0, 0x0, 0x0, 0x0, 0x0,
    0x0, 0x0, 0x0, 0x0, 0x0, 0x0, 0xa8, 0xff,
    0xff, 0x94, 0x0, 0x0, 0x0, 0x0, 0x0, 0x0,
    0x88, 0xff, 0xff, 0xb8, 0xa8, 0xff, 0xff, 0x94,
    0x0, 0x0, 0x0, 0x0, 0x0, 0x0, 0x88, 0xff,
    0xff, 0xb8, 0xa8, 0xff, 0xff, 0x94, 0x0, 0x0,
    0x0, 0x0, 0x0, 0x0, 0x88, 0xff, 0xff, 0xb8,
    0xa8, 0xff, 0xff, 0x94, 0x0, 0x0, 0x0, 0x0,
    0x0, 0x0, 0x88, 0xff, 0xff, 0xb8, 0xa8, 0xff,
    0xff, 0x94, 0x0, 0x0, 0x0, 0x0, 0x0, 0x0,
    0x88, 0xff, 0xff, 0xb8, 0xa8, 0xff, 0xff, 0x94,
    0x0, 0x0, 0x0, 0x0, 0x0, 0x0, 0x88, 0xff,
    0xff, 0xb8, 0xa8, 0xff, 0xff, 0x94, 0x0, 0x0,
    0x0, 0x0, 0x0, 0x0, 0x88, 0xff, 0xff, 0xb8,
    0xa8, 0xff, 0xff, 0x94, 0x0, 0x0, 0x0, 0x0,
    0x0, 0x0, 0x88, 0xff, 0xff, 0xb8, 0xa8, 0xff,
    0xff, 0x94, 0x0, 0x0, 0x0, 0x0, 0x0, 0x0,
    0x88, 0xff, 0xff, 0xb8, 0xa8, 0xff, 0xff, 0x94,
    0x0, 0x0, 0x0, 0x0, 0x0, 0x0, 0x88, 0xff,
    0xff, 0xb8, 0x9f, 0xff, 0xff, 0xa1, 0x0, 0x0,
    0x0, 0x0, 0x0, 0x0, 0x95, 0xff, 0xff, 0xad,
    0x87, 0xff, 0xff, 0xc9, 0x0, 0x0, 0x0, 0x0,
    0x0, 0x0, 0xbe, 0xff, 0xff, 0x93, 0x4d, 0xff,
    0xff, 0xff, 0x3c, 0x0, 0x0, 0x0, 0x0, 0x31,
    0xfe, 0xff, 0xff, 0x56, 0x7, 0xe5, 0xff, 0xff,
    0xef, 0x5f, 0x14, 0x13, 0x5b, 0xec, 0xff, 0xff,
    0xe9, 0x8, 0x0, 0x57, 0xff, 0xff, 0xff, 0xff,
    0xff, 0xff, 0xff, 0xff, 0xff, 0xff, 0x57, 0x0,
    0x0, 0x0, 0x6e, 0xfc, 0xff, 0xff, 0xff, 0xff,
    0xff, 0xff, 0xf9, 0x66, 0x0, 0x0, 0x0, 0x0,
    0x0, 0x27, 0x96, 0xd8, 0xf5, 0xf5, 0xd7, 0x90,
    0x20, 0x0, 0x0, 0x0,

    /* U+00DC "Ü" */
    0x0, 0x0, 0x0, 0x68, 0xf0, 0xc2, 0xe, 0xb,
    0xbd, 0xf2, 0x72, 0x0, 0x0, 0x0, 0x0, 0x0,
    0x0, 0xed, 0xff, 0xff, 0x61, 0x59, 0xff, 0xff,
    0xf8, 0x1, 0x0, 0x0, 0x0, 0x0, 0x0, 0xb9,
    0xff, 0xfc, 0x31, 0x2b, 0xfa, 0xff, 0xc5, 0x0,
    0x0, 0x0, 0x0, 0x0, 0x0, 0xa, 0x59, 0x2e,
    0x0, 0x0, 0x2b, 0x5a, 0xd, 0x0, 0x0, 0x0,
    0x0, 0x0, 0x0, 0x0, 0x0, 0x0, 0x0, 0x0,
    0x0, 0x0, 0x0, 0x0, 0x0, 0x0, 0xa8, 0xff,
    0xff, 0x94, 0x0, 0x0, 0x0, 0x0, 0x0, 0x0,
    0x88, 0xff, 0xff, 0xb8, 0xa8, 0xff, 0xff, 0x94,
    0x0, 0x0, 0x0, 0x0, 0x0, 0x0, 0x88, 0xff,
    0xff, 0xb8, 0xa8, 0xff, 0xff, 0x94, 0x0, 0x0,
    0x0, 0x0, 0x0, 0x0, 0x88, 0xff, 0xff, 0xb8,
    0xa8, 0xff, 0xff, 0x94, 0x0, 0x0, 0x0, 0x0,
    0x0, 0x0, 0x88, 0xff, 0xff, 0xb8, 0xa8, 0xff,
    0xff, 0x94, 0x0, 0x0, 0x0, 0x0, 0x0, 0x0,
    0x88, 0xff, 0xff, 0xb8, 0xa8, 0xff, 0xff, 0x94,
    0x0, 0x0, 0x0, 0x0, 0x0, 0x0, 0x88, 0xff,
    0xff, 0xb8, 0xa8, 0xff, 0xff, 0x94, 0x0, 0x0,
    0x0, 0x0, 0x0, 0x0, 0x88, 0xff, 0xff, 0xb8,
    0xa8, 0xff, 0xff, 0x94, 0x0, 0x0, 0x0, 0x0,
    0x0, 0x0, 0x88, 0xff, 0xff, 0xb8, 0xa8, 0xff,
    0xff, 0x94, 0x0, 0x0, 0x0, 0x0, 0x0, 0x0,
    0x88, 0xff, 0xff, 0xb8, 0xa8, 0xff, 0xff, 0x94,
    0x0, 0x0, 0x0, 0x0, 0x0, 0x0, 0x88, 0xff,
    0xff, 0xb8, 0x9f, 0xff, 0xff, 0xa1, 0x0, 0x0,
    0x0, 0x0, 0x0, 0x0, 0x95, 0xff, 0xff, 0xad,
    0x87, 0xff, 0xff, 0xc9, 0x0, 0x0, 0x0, 0x0,
    0x0, 0x0, 0xbe, 0xff, 0xff, 0x93, 0x4d, 0xff,
    0xff, 0xff, 0x3c, 0x0, 0x0, 0x0, 0x0, 0x31,
    0xfe, 0xff, 0xff, 0x56, 0x7, 0xe5, 0xff, 0xff,
    0xef, 0x5f, 0x14, 0x13, 0x5b, 0xec, 0xff, 0xff,
    0xe9, 0x8, 0x0, 0x57, 0xff, 0xff, 0xff, 0xff,
    0xff, 0xff, 0xff, 0xff, 0xff, 0xff, 0x57, 0x0,
    0x0, 0x0, 0x6e, 0xfc, 0xff, 0xff, 0xff, 0xff,
    0xff, 0xff, 0xf9, 0x66, 0x0, 0x0, 0x0, 0x0,
    0x0, 0x27, 0x96, 0xd8, 0xf5, 0xf5, 0xd7, 0x90,
    0x20, 0x0, 0x0, 0x0,

    /* U+00DD "Ý" */
    0x0, 0x0, 0x0, 0x0, 0x0, 0x0, 0x0, 0x2c,
    0x3c, 0x3c, 0x35, 0x0, 0x0, 0x0, 0x0, 0x0,
    0x0, 0x0, 0x0, 0x0, 0x0, 0x3, 0xeb, 0xff,
    0xff, 0x7a, 0x0, 0x0, 0x0, 0x0, 0x0, 0x0,
    0x0, 0x0, 0x0, 0x0, 0x40, 0xff, 0xff, 0xcb,
    0x4, 0x0, 0x0, 0x0, 0x0, 0x0, 0x0, 0x0,
    0x0, 0x0, 0x0, 0x90, 0xff, 0xf9, 0x2c, 0x0,
    0x0, 0x0, 0x0, 0x0, 0x0, 0x0, 0x0, 0x0,
    0x0, 0x0, 0x0, 0x0, 0x0, 0x0, 0x0, 0x0,
    0x0, 0x0, 0x0, 0x67, 0xff, 0xff, 0xff, 0x75,
    0x0, 0x0, 0x0, 0x0, 0x0, 0x35, 0xfe, 0xff,
    0xff, 0xaf, 0x1, 0xc2, 0xff, 0xff, 0xf4, 0x1c,
    0x0, 0x0, 0x0, 0x1, 0xc8, 0xff, 0xff, 0xf3,
    0x1c, 0x0, 0x27, 0xf8, 0xff, 0xff, 0xad, 0x0,
    0x0, 0x0, 0x61, 0xff, 0xff, 0xff, 0x6f, 0x0,
    0x0, 0x0, 0x7d, 0xff, 0xff, 0xff, 0x48, 0x0,
    0xf, 0xe8, 0xff, 0xff, 0xcc, 0x3, 0x0, 0x0,
    0x0, 0x5, 0xd4, 0xff, 0xff, 0xdc, 0x8, 0x8f,
    0xff, 0xff, 0xfc, 0x32, 0x0, 0x0, 0x0, 0x0,
    0x0, 0x39, 0xfd, 0xff, 0xff, 0xa8, 0xfb, 0xff,
    0xff, 0x8f, 0x0, 0x0, 0x0, 0x0, 0x0, 0x0,
    0x0, 0x93, 0xff, 0xff, 0xff, 0xff, 0xff, 0xe2,
    0xc, 0x0, 0x0, 0x0, 0x0, 0x0, 0x0, 0x0,
    0xd, 0xe3, 0xff, 0xff, 0xff, 0xff, 0x4f, 0x0,
    0x0, 0x0, 0x0, 0x0, 0x0, 0x0, 0x0, 0x0,
    0x4d, 0xff, 0xff, 0xff, 0xaf, 0x0, 0x0, 0x0,
    0x0, 0x0, 0x0, 0x0, 0x0, 0x0, 0x0, 0x0,
    0xec, 0xff, 0xff, 0x50, 0x0, 0x0, 0x0, 0x0,
    0x0, 0x0, 0x0, 0x0, 0x0, 0x0, 0x0, 0xec,
    0xff, 0xff, 0x50, 0x0, 0x0, 0x0, 0x0, 0x0,
    0x0, 0x0, 0x0, 0x0, 0x0, 0x0, 0xec, 0xff,
    0xff, 0x50, 0x0, 0x0, 0x0, 0x0, 0x0, 0x0,
    0x0, 0x0, 0x0, 0x0, 0x0, 0xec, 0xff, 0xff,
    0x50, 0x0, 0x0, 0x0, 0x0, 0x0, 0x0, 0x0,
    0x0, 0x0, 0x0, 0x0, 0xec, 0xff, 0xff, 0x50,
    0x0, 0x0, 0x0, 0x0, 0x0, 0x0, 0x0, 0x0,
    0x0, 0x0, 0x0, 0xec, 0xff, 0xff, 0x50, 0x0,
    0x0, 0x0, 0x0, 0x0, 0x0, 0x0, 0x0, 0x0,
    0x0, 0x0, 0xec, 0xff, 0xff, 0x50, 0x0, 0x0,
    0x0, 0x0, 0x0, 0x0, 0x0, 0x0, 0x0, 0x0,
    0x0, 0xec, 0xff, 0xff, 0x50, 0x0, 0x0, 0x0,
    0x0, 0x0,

    /* U+00DE "Þ" */
    0x44, 0xff, 0xff, 0xf8, 0x0, 0x0, 0x0, 0x0,
    0x0, 0x0, 0x0, 0x0, 0x0, 0x44, 0xff, 0xff,
    0xf8, 0x0, 0x0, 0x0, 0x0, 0x0, 0x0, 0x0,
    0x0, 0x0, 0x44, 0xff, 0xff, 0xf8, 0x8, 0x8,
    0x7, 0x0, 0x0, 0x0, 0x0, 0x0, 0x0, 0x44,
    0xff, 0xff, 0xff, 0xff, 0xff, 0xff, 0xf9, 0xcc,
    0x76, 0xc, 0x0, 0x0, 0x44, 0xff, 0xff, 0xff,
    0xff, 0xff, 0xff, 0xff, 0xff, 0xff, 0xdd, 0x24,
    0x0, 0x44, 0xff, 0xff, 0xff, 0xff, 0xff, 0xff,
    0xff, 0xff, 0xff, 0xff, 0xd9, 0x7, 0x44, 0xff,
    0xff, 0xf8, 0x0, 0x0, 0x0, 0x18, 0x80, 0xff,
    0xff, 0xff, 0x5a, 0x44, 0xff, 0xff, 0xf8, 0x0,
    0x0, 0x0, 0x0, 0x0, 0xbd, 0xff, 0xff, 0x91,
    0x44, 0xff, 0xff, 0xf8, 0x0, 0x0, 0x0, 0x0,
    0x0, 0xba, 0xff, 0xff, 0x92, 0x44, 0xff, 0xff,
    0xf8, 0x0, 0x0, 0x0, 0x16, 0x7a, 0xff, 0xff,
    0xff, 0x5c, 0x44, 0xff, 0xff, 0xff, 0xff, 0xff,
    0xff, 0xff, 0xff, 0xff, 0xff, 0xda, 0x8, 0x44,
    0xff, 0xff, 0xff, 0xff, 0xff, 0xff, 0xff, 0xff,
    0xff, 0xe0, 0x26, 0x0, 0x44, 0xff, 0xff, 0xff,
    0xff, 0xff, 0xff, 0xfc, 0xd3, 0x7d, 0xe, 0x0,
    0x0, 0x44, 0xff, 0xff, 0xf8, 0xc, 0xc, 0xb,
    0x1, 0x0, 0x0, 0x0, 0x0, 0x0, 0x44, 0xff,
    0xff, 0xf8, 0x0, 0x0, 0x0, 0x0, 0x0, 0x0,
    0x0, 0x0, 0x0, 0x44, 0xff, 0xff, 0xf8, 0x0,
    0x0, 0x0, 0x0, 0x0, 0x0, 0x0, 0x0, 0x0,
    0x44, 0xff, 0xff, 0xf8, 0x0, 0x0, 0x0, 0x0,
    0x0, 0x0, 0x0, 0x0, 0x0,

    /* U+00DF "ß" */
    0x0, 0x0, 0x3, 0x66, 0xc4, 0xf1, 0xf9, 0xde,
    0x9a, 0x28, 0x0, 0x0, 0x0, 0x0, 0x7, 0xbb,
    0xff, 0xff, 0xff, 0xff, 0xff, 0xff, 0xf8, 0x52,
    0x0, 0x0, 0x0, 0x8c, 0xff, 0xff, 0xff, 0xf8,
    0xe8, 0xff, 0xff, 0xff, 0xf2, 0x14, 0x0, 0x8,
    0xf5, 0xff, 0xff, 0x9f, 0x7, 0x0, 0x33, 0xea,
    0xff, 0xff, 0x5d, 0x0, 0x34, 0xff, 0xff, 0xfb,
    0xb, 0x0, 0x0, 0x0, 0x9f, 0xff, 0xff, 0x67,
    0x0, 0x43, 0xff, 0xff, 0xe1, 0x0, 0x0, 0x0,
    0x1e, 0xe4, 0xff, 0xff, 0x2d, 0x0, 0x44, 0xff,
    0xff, 0xe0, 0x0, 0x4d, 0xc6, 0xf7, 0xff, 0xff,
    0x95, 0x0, 0x0, 0x44, 0xff, 0xff, 0xe0, 0x0,
    0x6c, 0xff, 0xff, 0xff, 0xc2, 0x3, 0x0, 0x0,
    0x44, 0xff, 0xff, 0xe0, 0x0, 0x6c, 0xff, 0xff,
    0xff, 0xff, 0xc6, 0xf, 0x0, 0x44, 0xff, 0xff,
    0xe0, 0x0, 0x0, 0xd, 0x51, 0xe1, 0xff, 0xff,
    0xa9, 0x0, 0x44, 0xff, 0xff, 0xe0, 0x0, 0x0,
    0x0, 0x0, 0x33, 0xff, 0xff, 0xfd, 0x15, 0x44,
    0xff, 0xff, 0xe0, 0x0, 0x0, 0x0, 0x0, 0x0,
    0xee, 0xff, 0xff, 0x38, 0x44, 0xff, 0xff, 0xe0,
    0x0, 0x0, 0x0, 0x0, 0x13, 0xfe, 0xff, 0xff,
    0x34, 0x44, 0xff, 0xff, 0xe0, 0x0, 0x0, 0x0,
    0x16, 0xb7, 0xff, 0xff, 0xf5, 0x9, 0x44, 0xff,
    0xff, 0xe0, 0x0, 0xa5, 0xe7, 0xfe, 0xff, 0xff,
    0xff, 0x8c, 0x0, 0x44, 0xff, 0xff, 0xe0, 0x0,
    0xb0, 0xff, 0xff, 0xff, 0xff, 0xb7, 0x7, 0x0,
    0x44, 0xff, 0xff, 0xe0, 0x0, 0xa6, 0xfd, 0xf0,
    0xbf, 0x5f, 0x2, 0x0, 0x0,

    /* U+00E0 "à" */
    0x0, 0x0, 0x0, 0x7b, 0xff, 0xff, 0xf7, 0xc,
    0x0, 0x0, 0x0, 0x0, 0x0, 0x0, 0x0, 0x4,
    0xcc, 0xff, 0xff, 0x54, 0x0, 0x0, 0x0, 0x0,
    0x0, 0x0, 0x0, 0x0, 0x2d, 0xf9, 0xff, 0xa5,
    0x0, 0x0, 0x0, 0x0, 0x0, 0x0, 0x0, 0x0,
    0x0, 0x29, 0x38, 0x2f, 0x0, 0x0, 0x0, 0x0,
    0x0, 0x0, 0x0, 0x0, 0x0, 0x0, 0x0, 0x0,
    0x0, 0x0, 0x0, 0x0, 0x0, 0x0, 0x14, 0x84,
    0xd0, 0xf1, 0xf8, 0xe1, 0xa7, 0x3a, 0x0, 0x0,
    0x0, 0x41, 0xed, 0xff, 0xff, 0xff, 0xff, 0xff,
    0xff, 0xfe, 0x71, 0x0, 0x0, 0x95, 0xfd, 0xff,
    0xcc, 0x90, 0x94, 0xda, 0xff, 0xff, 0xfd, 0x28,
    0x0, 0x0, 0x2a, 0x50, 0x0, 0x0, 0x0, 0x3,
    0xb7, 0xff, 0xff, 0x7f, 0x0, 0x0, 0x3a, 0xac,
    0xe9, 0xfc, 0xf0, 0xc4, 0xbe, 0xff, 0xff, 0xa5,
    0x0, 0x5d, 0xfe, 0xff, 0xff, 0xff, 0xff, 0xff,
    0xff, 0xff, 0xff, 0xaf, 0xe, 0xf3, 0xff, 0xff,
    0xc1, 0x57, 0x4b, 0x73, 0xd6, 0xff, 0xff, 0xb0,
    0x46, 0xff, 0xff, 0xec, 0x8, 0x0, 0x0, 0x0,
    0x8a, 0xff, 0xff, 0xb0, 0x46, 0xff, 0xff, 0xec,
    0xa, 0x0, 0x0, 0x1e, 0xed, 0xff, 0xff, 0xb0,
    0xf, 0xf1, 0xff, 0xff, 0xcd, 0x78, 0x90, 0xef,
    0xff, 0xff, 0xff, 0xb0, 0x0, 0x58, 0xfe, 0xff,
    0xff, 0xff, 0xff, 0xfc, 0xc9, 0xff, 0xff, 0xb0,
    0x0, 0x0, 0x38, 0xba, 0xf3, 0xf5, 0xc6, 0x40,
    0x68, 0xff, 0xff, 0xb0,

    /* U+00E1 "á" */
    0x0, 0x0, 0x0, 0x0, 0x0, 0x30, 0xff, 0xff,
    0xff, 0x4d, 0x0, 0x0, 0x0, 0x0, 0x0, 0x0,
    0x0, 0x80, 0xff, 0xff, 0xa2, 0x0, 0x0, 0x0,
    0x0, 0x0, 0x0, 0x0, 0x0, 0xcf, 0xff, 0xe5,
    0x11, 0x0, 0x0, 0x0, 0x0, 0x0, 0x0, 0x0,
    0x0, 0x37, 0x38, 0x1f, 0x0, 0x0, 0x0, 0x0,
    0x0, 0x0, 0x0, 0x0, 0x0, 0x0, 0x0, 0x0,
    0x0, 0x0, 0x0, 0x0, 0x0, 0x0, 0x14, 0x84,
    0xd0, 0xf1, 0xf8, 0xe1, 0xa7, 0x3a, 0x0, 0x0,
    0x0, 0x41, 0xed, 0xff, 0xff, 0xff, 0xff, 0xff,
    0xff, 0xfe, 0x71, 0x0, 0x0, 0x95, 0xfd, 0xff,
    0xcc, 0x90, 0x94, 0xda, 0xff, 0xff, 0xfd, 0x28,
    0x0, 0x0, 0x2a, 0x50, 0x0, 0x0, 0x0, 0x3,
    0xb7, 0xff, 0xff, 0x7f, 0x0, 0x0, 0x3a, 0xac,
    0xe9, 0xfc, 0xf0, 0xc4, 0xbe, 0xff, 0xff, 0xa5,
    0x0, 0x5d, 0xfe, 0xff, 0xff, 0xff, 0xff, 0xff,
    0xff, 0xff, 0xff, 0xaf, 0xe, 0xf3, 0xff, 0xff,
    0xc1, 0x57, 0x4b, 0x73, 0xd6, 0xff, 0xff, 0xb0,
    0x46, 0xff, 0xff, 0xec, 0x8, 0x0, 0x0, 0x0,
    0x8a, 0xff, 0xff, 0xb0, 0x46, 0xff, 0xff, 0xec,
    0xa, 0x0, 0x0, 0x1e, 0xed, 0xff, 0xff, 0xb0,
    0xf, 0xf1, 0xff, 0xff, 0xcd, 0x78, 0x90, 0xef,
    0xff, 0xff, 0xff, 0xb0, 0x0, 0x58, 0xfe, 0xff,
    0xff, 0xff, 0xff, 0xfc, 0xc9, 0xff, 0xff, 0xb0,
    0x0, 0x0, 0x38, 0xba, 0xf3, 0xf5, 0xc6, 0x40,
    0x68, 0xff, 0xff, 0xb0,

    /* U+00E2 "â" */
    0x0, 0x0, 0x0, 0x0, 0x94, 0xff, 0xff, 0xeb,
    0x26, 0x0, 0x0, 0x0, 0x0, 0x0, 0x0, 0x87,
    0xff, 0xff, 0xe7, 0xff, 0xde, 0x17, 0x0, 0x0,
    0x0, 0x0, 0x78, 0xff, 0xff, 0x96, 0x20, 0xee,
    0xff, 0xce, 0xd, 0x0, 0x0, 0x0, 0x10, 0x14,
    0x14, 0x3, 0x0, 0xd, 0x14, 0x14, 0x6, 0x0,
    0x0, 0x0, 0x0, 0x0, 0x0, 0x0, 0x0, 0x0,
    0x0, 0x0, 0x0, 0x0, 0x0, 0x0, 0x14, 0x84,
    0xd0, 0xf1, 0xf8, 0xe1, 0xa7, 0x3a, 0x0, 0x0,
    0x0, 0x41, 0xed, 0xff, 0xff, 0xff, 0xff, 0xff,
    0xff, 0xfe, 0x71, 0x0, 0x0, 0x95, 0xfd, 0xff,
    0xcc, 0x90, 0x94, 0xda, 0xff, 0xff, 0xfd, 0x28,
    0x0, 0x0, 0x2a, 0x50, 0x0, 0x0, 0x0, 0x3,
    0xb7, 0xff, 0xff, 0x7f, 0x0, 0x0, 0x3a, 0xac,
    0xe9, 0xfc, 0xf0, 0xc4, 0xbe, 0xff, 0xff, 0xa5,
    0x0, 0x5d, 0xfe, 0xff, 0xff, 0xff, 0xff, 0xff,
    0xff, 0xff, 0xff, 0xaf, 0xe, 0xf3, 0xff, 0xff,
    0xc1, 0x57, 0x4b, 0x73, 0xd6, 0xff, 0xff, 0xb0,
    0x46, 0xff, 0xff, 0xec, 0x8, 0x0, 0x0, 0x0,
    0x8a, 0xff, 0xff, 0xb0, 0x46, 0xff, 0xff, 0xec,
    0xa, 0x0, 0x0, 0x1e, 0xed, 0xff, 0xff, 0xb0,
    0xf, 0xf1, 0xff, 0xff, 0xcd, 0x78, 0x90, 0xef,
    0xff, 0xff, 0xff, 0xb0, 0x0, 0x58, 0xfe, 0xff,
    0xff, 0xff, 0xff, 0xfc, 0xc9, 0xff, 0xff, 0xb0,
    0x0, 0x0, 0x38, 0xba, 0xf3, 0xf5, 0xc6, 0x40,
    0x68, 0xff, 0xff, 0xb0,

    /* U+00E3 "ã" */
    0x0, 0x0, 0x9, 0x9b, 0xeb, 0xff, 0xff, 0xff,
    0xff, 0xff, 0xa8, 0x0, 0x0, 0x0, 0x88, 0xff,
    0xff, 0xff, 0xff, 0xff, 0xff, 0xea, 0x30, 0x0,
    0x0, 0x0, 0x3e, 0x58, 0x58, 0x58, 0x58, 0x57,
    0x46, 0xb, 0x0, 0x0, 0x0, 0x0, 0x0, 0x0,
    0x0, 0x0, 0x0, 0x0, 0x0, 0x0, 0x0, 0x0,
    0x0, 0x0, 0x0, 0x0, 0x0, 0x0, 0x0, 0x0,
    0x0, 0x0, 0x0, 0x0, 0x0, 0x0, 0x14, 0x84,
    0xd0, 0xf1, 0xf8, 0xe1, 0xa7, 0x3a, 0x0, 0x0,
    0x0, 0x41, 0xed, 0xff, 0xff, 0xff, 0xff, 0xff,
    0xff, 0xfe, 0x71, 0x0, 0x0, 0x95, 0xfd, 0xff,
    0xcc, 0x90, 0x94, 0xda, 0xff, 0xff, 0xfd, 0x28,
    0x0, 0x0, 0x2a, 0x50, 0x0, 0x0, 0x0, 0x3,
    0xb7, 0xff, 0xff, 0x7f, 0x0, 0x0, 0x3a, 0xac,
    0xe9, 0xfc, 0xf0, 0xc4, 0xbe, 0xff, 0xff, 0xa5,
    0x0, 0x5d, 0xfe, 0xff, 0xff, 0xff, 0xff, 0xff,
    0xff, 0xff, 0xff, 0xaf, 0xe, 0xf3, 0xff, 0xff,
    0xc1, 0x57, 0x4b, 0x73, 0xd6, 0xff, 0xff, 0xb0,
    0x46, 0xff, 0xff, 0xec, 0x8, 0x0, 0x0, 0x0,
    0x8a, 0xff, 0xff, 0xb0, 0x46, 0xff, 0xff, 0xec,
    0xa, 0x0, 0x0, 0x1e, 0xed, 0xff, 0xff, 0xb0,
    0xf, 0xf1, 0xff, 0xff, 0xcd, 0x78, 0x90, 0xef,
    0xff, 0xff, 0xff, 0xb0, 0x0, 0x58, 0xfe, 0xff,
    0xff, 0xff, 0xff, 0xfc, 0xc9, 0xff, 0xff, 0xb0,
    0x0, 0x0, 0x38, 0xba, 0xf3, 0xf5, 0xc6, 0x40,
    0x68, 0xff, 0xff, 0xb0,

    /* U+00E4 "ä" */
    0x0, 0x0, 0x1b, 0xcf, 0xec, 0x51, 0x0, 0x64,
    0xf0, 0xc6, 0x11, 0x0, 0x0, 0x0, 0x7d, 0xff,
    0xff, 0xd1, 0x0, 0xe9, 0xff, 0xff, 0x69, 0x0,
    0x0, 0x0, 0x4c, 0xff, 0xff, 0x9f, 0x0, 0xb8,
    0xff, 0xfe, 0x39, 0x0, 0x0, 0x0, 0x0, 0x3c,
    0x58, 0x6, 0x0, 0xa, 0x5c, 0x34, 0x0, 0x0,
    0x0, 0x0, 0x0, 0x0, 0x0, 0x0, 0x0, 0x0,
    0x0, 0x0, 0x0, 0x0, 0x0, 0x0, 0x14, 0x84,
    0xd0, 0xf1, 0xf8, 0xe1, 0xa7, 0x3a, 0x0, 0x0,
    0x0, 0x41, 0xed, 0xff, 0xff, 0xff, 0xff, 0xff,
    0xff, 0xfe, 0x71, 0x0, 0x0, 0x95, 0xfd, 0xff,
    0xcc, 0x90, 0x94, 0xda, 0xff, 0xff, 0xfd, 0x28,
    0x0, 0x0, 0x2a, 0x50, 0x0, 0x0, 0x0, 0x3,
    0xb7, 0xff, 0xff, 0x7f, 0x0, 0x0, 0x3a, 0xac,
    0xe9, 0xfc, 0xf0, 0xc4, 0xbe, 0xff, 0xff, 0xa5,
    0x0, 0x5d, 0xfe, 0xff, 0xff, 0xff, 0xff, 0xff,
    0xff, 0xff, 0xff, 0xaf, 0xe, 0xf3, 0xff, 0xff,
    0xc1, 0x57, 0x4b, 0x73, 0xd6, 0xff, 0xff, 0xb0,
    0x46, 0xff, 0xff, 0xec, 0x8, 0x0, 0x0, 0x0,
    0x8a, 0xff, 0xff, 0xb0, 0x46, 0xff, 0xff, 0xec,
    0xa, 0x0, 0x0, 0x1e, 0xed, 0xff, 0xff, 0xb0,
    0xf, 0xf1, 0xff, 0xff, 0xcd, 0x78, 0x90, 0xef,
    0xff, 0xff, 0xff, 0xb0, 0x0, 0x58, 0xfe, 0xff,
    0xff, 0xff, 0xff, 0xfc, 0xc9, 0xff, 0xff, 0xb0,
    0x0, 0x0, 0x38, 0xba, 0xf3, 0xf5, 0xc6, 0x40,
    0x68, 0xff, 0xff, 0xb0,

    /* U+00E5 "å" */
    0x0, 0x0, 0x0, 0x0, 0xd, 0x82, 0xaf, 0x7c,
    0xa, 0x0, 0x0, 0x0, 0x0, 0x0, 0x0, 0x0,
    0xba, 0xff, 0xff, 0xff, 0xad, 0x0, 0x0, 0x0,
    0x0, 0x0, 0x0, 0xd, 0xff, 0xcc, 0x14, 0xd6,
    0xfd, 0x6, 0x0, 0x0, 0x0, 0x0, 0x0, 0x0,
    0xde, 0xfc, 0xd0, 0xfe, 0xd3, 0x0, 0x0, 0x0,
    0x0, 0x0, 0x0, 0x0, 0x30, 0xc7, 0xf4, 0xc1,
    0x29, 0x0, 0x0, 0x0, 0x0, 0x0, 0x0, 0x0,
    0x0, 0x0, 0x0, 0x0, 0x0, 0x0, 0x0, 0x0,
    0x0, 0x0, 0x0, 0x0, 0x0, 0x0, 0x0, 0x0,
    0x0, 0x0, 0x0, 0x0, 0x0, 0x0, 0x14, 0x84,
    0xd0, 0xf1, 0xf8, 0xe1, 0xa7, 0x3a, 0x0, 0x0,
    0x0, 0x41, 0xed, 0xff, 0xff, 0xff, 0xff, 0xff,
    0xff, 0xfe, 0x71, 0x0, 0x0, 0x95, 0xfd, 0xff,
    0xcc, 0x90, 0x94, 0xda, 0xff, 0xff, 0xfd, 0x28,
    0x0, 0x0, 0x2a, 0x50, 0x0, 0x0, 0x0, 0x3,
    0xb7, 0xff, 0xff, 0x7f, 0x0, 0x0, 0x3a, 0xac,
    0xe9, 0xfc, 0xf0, 0xc4, 0xbe, 0xff, 0xff, 0xa5,
    0x0, 0x5d, 0xfe, 0xff, 0xff, 0xff, 0xff, 0xff,
    0xff, 0xff, 0xff, 0xaf, 0xe, 0xf3, 0xff, 0xff,
    0xc1, 0x57, 0x4b, 0x73, 0xd6, 0xff, 0xff, 0xb0,
    0x46, 0xff, 0xff, 0xec, 0x8, 0x0, 0x0, 0x0,
    0x8a, 0xff, 0xff, 0xb0, 0x46, 0xff, 0xff, 0xec,
    0xa, 0x0, 0x0, 0x1e, 0xed, 0xff, 0xff, 0xb0,
    0xf, 0xf1, 0xff, 0xff, 0xcd, 0x78, 0x90, 0xef,
    0xff, 0xff, 0xff, 0xb0, 0x0, 0x58, 0xfe, 0xff,
    0xff, 0xff, 0xff, 0xfc, 0xc9, 0xff, 0xff, 0xb0,
    0x0, 0x0, 0x38, 0xba, 0xf3, 0xf5, 0xc6, 0x40,
    0x68, 0xff, 0xff, 0xb0,

    /* U+00E6 "æ" */
    0x0, 0x0, 0x4, 0x6c, 0xc8, 0xee, 0xf6, 0xd5,
    0x82, 0xe, 0x0, 0xf, 0x85, 0xd7, 0xf7, 0xf0,
    0xc6, 0x6f, 0x8, 0x0, 0x0, 0x0, 0xa, 0xc3,
    0xff, 0xff, 0xff, 0xff, 0xff, 0xff, 0xe0, 0x47,
    0xe3, 0xff, 0xff, 0xff, 0xff, 0xff, 0xff, 0xd0,
    0x18, 0x0, 0x0, 0x73, 0xff, 0xff, 0xd7, 0x91,
    0x93, 0xda, 0xff, 0xff, 0xff, 0xff, 0xfc, 0xb7,
    0x8c, 0x9d, 0xe3, 0xff, 0xff, 0xbe, 0x0, 0x0,
    0x0, 0x22, 0x66, 0x4, 0x0, 0x0, 0x4, 0xbc,
    0xff, 0xff, 0xfa, 0x3f, 0x0, 0x0, 0x0, 0x6,
    0xb7, 0xff, 0xff, 0x39, 0x0, 0x0, 0x3a, 0xac,
    0xe9, 0xfc, 0xf0, 0xc4, 0xc0, 0xff, 0xff, 0xff,
    0xff, 0xff, 0xff, 0xff, 0xff, 0xff, 0xff, 0xff,
    0x7d, 0x0, 0x5d, 0xfe, 0xff, 0xff, 0xff, 0xff,
    0xff, 0xff, 0xff, 0xff, 0xff, 0xff, 0xff, 0xff,
    0xff, 0xff, 0xff, 0xff, 0xff, 0x97, 0xe, 0xf3,
    0xff, 0xff, 0xe1, 0x8a, 0x7c, 0x97, 0xdd, 0xff,
    0xff, 0xe0, 0x74, 0x74, 0x74, 0x74, 0x74, 0x74,
    0x74, 0x74, 0x44, 0x46, 0xff, 0xff, 0xf1, 0x13,
    0x0, 0x0, 0x0, 0x8a, 0xff, 0xff, 0xf8, 0x14,
    0x0, 0x0, 0x0, 0x0, 0x2b, 0x2a, 0x0, 0x0,
    0x46, 0xff, 0xff, 0xe9, 0x7, 0x0, 0x0, 0x1e,
    0xed, 0xff, 0xff, 0xff, 0xc2, 0x1c, 0x0, 0x0,
    0x2f, 0xe0, 0xfd, 0xa7, 0x1c, 0xf, 0xf4, 0xff,
    0xff, 0xca, 0x77, 0x90, 0xef, 0xff, 0xfa, 0xe8,
    0xff, 0xff, 0xf9, 0xcf, 0xd3, 0xfe, 0xff, 0xff,
    0xdc, 0xe, 0x0, 0x65, 0xfe, 0xff, 0xff, 0xff,
    0xff, 0xff, 0xf4, 0x51, 0x27, 0xdf, 0xff, 0xff,
    0xff, 0xff, 0xff, 0xff, 0xd8, 0x25, 0x0, 0x0,
    0x0, 0x35, 0xb5, 0xf0, 0xf8, 0xdc, 0x94, 0x20,
    0x0, 0x0, 0xc, 0x7e, 0xd3, 0xf5, 0xed, 0xca,
    0x70, 0xc, 0x0, 0x0,

    /* U+00E7 "ç" */
    0x0, 0x0, 0x0, 0x1e, 0x8e, 0xd7, 0xf6, 0xed,
    0xcb, 0x73, 0xe, 0x0, 0x0, 0x0, 0x0, 0x57,
    0xf5, 0xff, 0xff, 0xff, 0xff, 0xff, 0xff, 0xdc,
    0x26, 0x0, 0x0, 0x3c, 0xfb, 0xff, 0xff, 0xff,
    0xee, 0xf0, 0xff, 0xff, 0xff, 0xdb, 0x8, 0x0,
    0xca, 0xff, 0xff, 0xe0, 0x3d, 0x0, 0x1, 0x58,
    0xf8, 0xf6, 0xa2, 0x1d, 0x20, 0xff, 0xff, 0xff,
    0x37, 0x0, 0x0, 0x0, 0x0, 0x39, 0x10, 0x0,
    0x0, 0x48, 0xff, 0xff, 0xe8, 0x0, 0x0, 0x0,
    0x0, 0x0, 0x0, 0x0, 0x0, 0x0, 0x4a, 0xff,
    0xff, 0xe5, 0x0, 0x0, 0x0, 0x0, 0x0, 0x0,
    0x0, 0x0, 0x0, 0x24, 0xff, 0xff, 0xff, 0x2e,
    0x0, 0x0, 0x0, 0x0, 0x33, 0x19, 0x0, 0x0,
    0x0, 0xd0, 0xff, 0xff, 0xd8, 0x2e, 0x0, 0x0,
    0x44, 0xee, 0xfb, 0xac, 0x29, 0x0, 0x43, 0xfe,
    0xff, 0xff, 0xff, 0xe1, 0xe4, 0xff, 0xff, 0xff,
    0xea, 0x14, 0x0, 0x0, 0x50, 0xf3, 0xff, 0xff,
    0xff, 0xff, 0xff, 0xff, 0xec, 0x36, 0x0, 0x0,
    0x0, 0x0, 0x25, 0x97, 0xe3, 0xff, 0xf7, 0xd8,
    0x8e, 0x1b, 0x0, 0x0, 0x0, 0x0, 0x0, 0x0,
    0x0, 0x8f, 0xfe, 0x56, 0xf, 0x0, 0x0, 0x0,
    0x0, 0x0, 0x0, 0x0, 0x0, 0x1, 0xd9, 0xff,
    0xff, 0xec, 0x2a, 0x0, 0x0, 0x0, 0x0, 0x0,
    0x0, 0x0, 0x0, 0x9, 0x38, 0x59, 0xff, 0x8e,
    0x0, 0x0, 0x0, 0x0, 0x0, 0x0, 0x0, 0x1a,
    0xdf, 0xcd, 0xc1, 0xff, 0x75, 0x0, 0x0, 0x0,
    0x0, 0x0, 0x0, 0x0, 0x0, 0x71, 0xe9, 0xef,
    0x9d, 0x7, 0x0, 0x0, 0x0,

    /* U+00E8 "è" */
    0x0, 0x0, 0x0, 0x54, 0xff, 0xff, 0xff, 0x2b,
    0x0, 0x0, 0x0, 0x0, 0x0, 0x0, 0x0, 0x0,
    0x0, 0xaa, 0xff, 0xff, 0x7b, 0x0, 0x0, 0x0,
    0x0, 0x0, 0x0, 0x0, 0x0, 0x0, 0x16, 0xeb,
    0xff, 0xca, 0x0, 0x0, 0x0, 0x0, 0x0, 0x0,
    0x0, 0x0, 0x0, 0x0, 0x21, 0x38, 0x36, 0x0,
    0x0, 0x0, 0x0, 0x0, 0x0, 0x0, 0x0, 0x0,
    0x0, 0x0, 0x0, 0x0, 0x0, 0x0, 0x0, 0x0,
    0x0, 0x0, 0x0, 0x0, 0x1a, 0x8d, 0xd9, 0xf7,
    0xf1, 0xca, 0x7a, 0xf, 0x0, 0x0, 0x0, 0x0,
    0x4d, 0xf2, 0xff, 0xff, 0xff, 0xff, 0xff, 0xff,
    0xe0, 0x28, 0x0, 0x0, 0x35, 0xf8, 0xff, 0xff,
    0xc0, 0x91, 0x9f, 0xe0, 0xff, 0xff, 0xd8, 0x4,
    0x0, 0xc3, 0xff, 0xff, 0x56, 0x0, 0x0, 0x0,
    0x4, 0xb0, 0xff, 0xff, 0x55, 0x1e, 0xff, 0xff,
    0xff, 0xff, 0xff, 0xff, 0xff, 0xff, 0xff, 0xff,
    0xff, 0x94, 0x48, 0xff, 0xff, 0xff, 0xff, 0xff,
    0xff, 0xff, 0xff, 0xff, 0xff, 0xff, 0xa8, 0x49,
    0xff, 0xff, 0xe7, 0x38, 0x38, 0x38, 0x38, 0x38,
    0x38, 0x38, 0x38, 0x23, 0x21, 0xff, 0xff, 0xff,
    0x2d, 0x0, 0x0, 0x0, 0x0, 0x37, 0x50, 0x1,
    0x0, 0x0, 0xca, 0xff, 0xff, 0xd5, 0x26, 0x0,
    0x0, 0x2e, 0xe2, 0xff, 0xce, 0x2c, 0x0, 0x3c,
    0xfb, 0xff, 0xff, 0xfb, 0xd2, 0xd2, 0xfd, 0xff,
    0xff, 0xda, 0xb, 0x0, 0x0, 0x56, 0xf5, 0xff,
    0xff, 0xff, 0xff, 0xff, 0xff, 0xd7, 0x22, 0x0,
    0x0, 0x0, 0x0, 0x1f, 0x90, 0xd8, 0xf7, 0xee,
    0xcb, 0x71, 0xc, 0x0, 0x0,

    /* U+00E9 "é" */
    0x0, 0x0, 0x0, 0x0, 0x0, 0x0, 0xdf, 0xff,
    0xff, 0x9d, 0x0, 0x0, 0x0, 0x0, 0x0, 0x0,
    0x0, 0x0, 0x30, 0xff, 0xff, 0xe3, 0xf, 0x0,
    0x0, 0x0, 0x0, 0x0, 0x0, 0x0, 0x0, 0x7f,
    0xff, 0xff, 0x48, 0x0, 0x0, 0x0, 0x0, 0x0,
    0x0, 0x0, 0x0, 0x0, 0x26, 0x38, 0x30, 0x0,
    0x0, 0x0, 0x0, 0x0, 0x0, 0x0, 0x0, 0x0,
    0x0, 0x0, 0x0, 0x0, 0x0, 0x0, 0x0, 0x0,
    0x0, 0x0, 0x0, 0x0, 0x1a, 0x8d, 0xd9, 0xf7,
    0xf1, 0xca, 0x7a, 0xf, 0x0, 0x0, 0x0, 0x0,
    0x4d, 0xf2, 0xff, 0xff, 0xff, 0xff, 0xff, 0xff,
    0xe0, 0x28, 0x0, 0x0, 0x35, 0xf8, 0xff, 0xff,
    0xc0, 0x91, 0x9f, 0xe0, 0xff, 0xff, 0xd8, 0x4,
    0x0, 0xc3, 0xff, 0xff, 0x56, 0x0, 0x0, 0x0,
    0x4, 0xb0, 0xff, 0xff, 0x55, 0x1e, 0xff, 0xff,
    0xff, 0xff, 0xff, 0xff, 0xff, 0xff, 0xff, 0xff,
    0xff, 0x94, 0x48, 0xff, 0xff, 0xff, 0xff, 0xff,
    0xff, 0xff, 0xff, 0xff, 0xff, 0xff, 0xa8, 0x49,
    0xff, 0xff, 0xe7, 0x38, 0x38, 0x38, 0x38, 0x38,
    0x38, 0x38, 0x38, 0x23, 0x21, 0xff, 0xff, 0xff,
    0x2d, 0x0, 0x0, 0x0, 0x0, 0x37, 0x50, 0x1,
    0x0, 0x0, 0xca, 0xff, 0xff, 0xd5, 0x26, 0x0,
    0x0, 0x2e, 0xe2, 0xff, 0xce, 0x2c, 0x0, 0x3c,
    0xfb, 0xff, 0xff, 0xfb, 0xd2, 0xd2, 0xfd, 0xff,
    0xff, 0xda, 0xb, 0x0, 0x0, 0x56, 0xf5, 0xff,
    0xff, 0xff, 0xff, 0xff, 0xff, 0xd7, 0x22, 0x0,
    0x0, 0x0, 0x0, 0x1f, 0x90, 0xd8, 0xf7, 0xee,
    0xcb, 0x71, 0xc, 0x0, 0x0,

    /* U+00EA "ê" */
    0x0, 0x0, 0x0, 0x0, 0x28, 0xec, 0xff, 0xff,
    0x89, 0x0, 0x0, 0x0, 0x0, 0x0, 0x0, 0x0,
    0x1c, 0xe1, 0xff, 0xe5, 0xff, 0xff, 0x65, 0x0,
    0x0, 0x0, 0x0, 0x0, 0x11, 0xd5, 0xff, 0xf5,
    0x24, 0x9e, 0xff, 0xfb, 0x44, 0x0, 0x0, 0x0,
    0x0, 0x11, 0x30, 0x30, 0x21, 0x0, 0xa, 0x30,
    0x30, 0x24, 0x0, 0x0, 0x0, 0x0, 0x0, 0x0,
    0x0, 0x0, 0x0, 0x0, 0x0, 0x0, 0x0, 0x0,
    0x0, 0x0, 0x0, 0x0, 0x1a, 0x8d, 0xd9, 0xf7,
    0xf1, 0xca, 0x7a, 0xf, 0x0, 0x0, 0x0, 0x0,
    0x4d, 0xf2, 0xff, 0xff, 0xff, 0xff, 0xff, 0xff,
    0xe0, 0x28, 0x0, 0x0, 0x35, 0xf8, 0xff, 0xff,
    0xc0, 0x91, 0x9f, 0xe0, 0xff, 0xff, 0xd8, 0x4,
    0x0, 0xc3, 0xff, 0xff, 0x56, 0x0, 0x0, 0x0,
    0x4, 0xb0, 0xff, 0xff, 0x55, 0x1e, 0xff, 0xff,
    0xff, 0xff, 0xff, 0xff, 0xff, 0xff, 0xff, 0xff,
    0xff, 0x94, 0x48, 0xff, 0xff, 0xff, 0xff, 0xff,
    0xff, 0xff, 0xff, 0xff, 0xff, 0xff, 0xa8, 0x49,
    0xff, 0xff, 0xe7, 0x38, 0x38, 0x38, 0x38, 0x38,
    0x38, 0x38, 0x38, 0x23, 0x21, 0xff, 0xff, 0xff,
    0x2d, 0x0, 0x0, 0x0, 0x0, 0x37, 0x50, 0x1,
    0x0, 0x0, 0xca, 0xff, 0xff, 0xd5, 0x26, 0x0,
    0x0, 0x2e, 0xe2, 0xff, 0xce, 0x2c, 0x0, 0x3c,
    0xfb, 0xff, 0xff, 0xfb, 0xd2, 0xd2, 0xfd, 0xff,
    0xff, 0xda, 0xb, 0x0, 0x0, 0x56, 0xf5, 0xff,
    0xff, 0xff, 0xff, 0xff, 0xff, 0xd7, 0x22, 0x0,
    0x0, 0x0, 0x0, 0x1f, 0x90, 0xd8, 0xf7, 0xee,
    0xcb, 0x71, 0xc, 0x0, 0x0,

    /* U+00EB "ë" */
    0x0, 0x0, 0x9, 0xba, 0xf2, 0x75, 0x0, 0x43,
    0xe7, 0xd7, 0x26, 0x0, 0x0, 0x0, 0x0, 0x55,
    0xff, 0xff, 0xfa, 0x2, 0xbd, 0xff, 0xff, 0x91,
    0x0, 0x0, 0x0, 0x0, 0x29, 0xfa, 0xff, 0xcb,
    0x0, 0x8c, 0xff, 0xff, 0x5f, 0x0, 0x0, 0x0,
    0x0, 0x0, 0x2c, 0x5f, 0x10, 0x0, 0x2, 0x53,
    0x44, 0x0, 0x0, 0x0, 0x0, 0x0, 0x0, 0x0,
    0x0, 0x0, 0x0, 0x0, 0x0, 0x0, 0x0, 0x0,
    0x0, 0x0, 0x0, 0x0, 0x1a, 0x8d, 0xd9, 0xf7,
    0xf1, 0xca, 0x7a, 0xf, 0x0, 0x0, 0x0, 0x0,
    0x4d, 0xf2, 0xff, 0xff, 0xff, 0xff, 0xff, 0xff,
    0xe0, 0x28, 0x0, 0x0, 0x35, 0xf8, 0xff, 0xff,
    0xc0, 0x91, 0x9f, 0xe0, 0xff, 0xff, 0xd8, 0x4,
    0x0, 0xc3, 0xff, 0xff, 0x56, 0x0, 0x0, 0x0,
    0x4, 0xb0, 0xff, 0xff, 0x55, 0x1e, 0xff, 0xff,
    0xff, 0xff, 0xff, 0xff, 0xff, 0xff, 0xff, 0xff,
    0xff, 0x94, 0x48, 0xff, 0xff, 0xff, 0xff, 0xff,
    0xff, 0xff, 0xff, 0xff, 0xff, 0xff, 0xa8, 0x49,
    0xff, 0xff, 0xe7, 0x38, 0x38, 0x38, 0x38, 0x38,
    0x38, 0x38, 0x38, 0x23, 0x21, 0xff, 0xff, 0xff,
    0x2d, 0x0, 0x0, 0x0, 0x0, 0x37, 0x50, 0x1,
    0x0, 0x0, 0xca, 0xff, 0xff, 0xd5, 0x26, 0x0,
    0x0, 0x2e, 0xe2, 0xff, 0xce, 0x2c, 0x0, 0x3c,
    0xfb, 0xff, 0xff, 0xfb, 0xd2, 0xd2, 0xfd, 0xff,
    0xff, 0xda, 0xb, 0x0, 0x0, 0x56, 0xf5, 0xff,
    0xff, 0xff, 0xff, 0xff, 0xff, 0xd7, 0x22, 0x0,
    0x0, 0x0, 0x0, 0x1f, 0x90, 0xd8, 0xf7, 0xee,
    0xcb, 0x71, 0xc, 0x0, 0x0,

    /* U+00EC "ì" */
    0xa, 0xdc, 0xff, 0xff, 0x97, 0x0, 0x0, 0x40,
    0xfe, 0xff, 0xe5, 0x1, 0x0, 0x0, 0x95, 0xff,
    0xff, 0x36, 0x0, 0x0, 0xa, 0x38, 0x38, 0x16,
    0x0, 0x0, 0x0, 0x0, 0x0, 0x0, 0x0, 0x0,
    0x78, 0xff, 0xff, 0xb0, 0x0, 0x0, 0x78, 0xff,
    0xff, 0xb0, 0x0, 0x0, 0x78, 0xff, 0xff, 0xb0,
    0x0, 0x0, 0x78, 0xff, 0xff, 0xb0, 0x0, 0x0,
    0x78, 0xff, 0xff, 0xb0, 0x0, 0x0, 0x78, 0xff,
    0xff, 0xb0, 0x0, 0x0, 0x78, 0xff, 0xff, 0xb0,
    0x0, 0x0, 0x78, 0xff, 0xff, 0xb0, 0x0, 0x0,
    0x78, 0xff, 0xff, 0xb0, 0x0, 0x0, 0x78, 0xff,
    0xff, 0xb0, 0x0, 0x0, 0x78, 0xff, 0xff, 0xb0,
    0x0, 0x0, 0x78, 0xff, 0xff, 0xb0,

    /* U+00ED "í" */
    0x0, 0x54, 0xff, 0xff, 0xfa, 0x2f, 0x0, 0xa4,
    0xff, 0xff, 0x7e, 0x0, 0x4, 0xee, 0xff, 0xce,
    0x4, 0x0, 0x7, 0x38, 0x38, 0x17, 0x0, 0x0,
    0x0, 0x0, 0x0, 0x0, 0x0, 0x0, 0x78, 0xff,
    0xff, 0xb0, 0x0, 0x0, 0x78, 0xff, 0xff, 0xb0,
    0x0, 0x0, 0x78, 0xff, 0xff, 0xb0, 0x0, 0x0,
    0x78, 0xff, 0xff, 0xb0, 0x0, 0x0, 0x78, 0xff,
    0xff, 0xb0, 0x0, 0x0, 0x78, 0xff, 0xff, 0xb0,
    0x0, 0x0, 0x78, 0xff, 0xff, 0xb0, 0x0, 0x0,
    0x78, 0xff, 0xff, 0xb0, 0x0, 0x0, 0x78, 0xff,
    0xff, 0xb0, 0x0, 0x0, 0x78, 0xff, 0xff, 0xb0,
    0x0, 0x0, 0x78, 0xff, 0xff, 0xb0, 0x0, 0x0,
    0x78, 0xff, 0xff, 0xb0, 0x0, 0x0,

    /* U+00EE "î" */
    0x0, 0x7, 0xb6, 0xff, 0xff, 0xda, 0x17, 0x0,
    0x0, 0x6, 0xb3, 0xff, 0xf9, 0xec, 0xff, 0xcf,
    0xf, 0x0, 0xa3, 0xf4, 0xf4, 0x62, 0x31, 0xec,
    0xf4, 0xb6, 0x6, 0x0, 0x0, 0x0, 0x0, 0x0,
    0x0, 0x0, 0x0, 0x0, 0x0, 0x0, 0x0, 0x0,
    0x0, 0x0, 0x0, 0x0, 0x0, 0x0, 0x0, 0x78,
    0xff, 0xff, 0xb0, 0x0, 0x0, 0x0, 0x0, 0x0,
    0x78, 0xff, 0xff, 0xb0, 0x0, 0x0, 0x0, 0x0,
    0x0, 0x78, 0xff, 0xff, 0xb0, 0x0, 0x0, 0x0,
    0x0, 0x0, 0x78, 0xff, 0xff, 0xb0, 0x0, 0x0,
    0x0, 0x0, 0x0, 0x78, 0xff, 0xff, 0xb0, 0x0,
    0x0, 0x0, 0x0, 0x0, 0x78, 0xff, 0xff, 0xb0,
    0x0, 0x0, 0x0, 0x0, 0x0, 0x78, 0xff, 0xff,
    0xb0, 0x0, 0x0, 0x0, 0x0, 0x0, 0x78, 0xff,
    0xff, 0xb0, 0x0, 0x0, 0x0, 0x0, 0x0, 0x78,
    0xff, 0xff, 0xb0, 0x0, 0x0, 0x0, 0x0, 0x0,
    0x78, 0xff, 0xff, 0xb0, 0x0, 0x0, 0x0, 0x0,
    0x0, 0x78, 0xff, 0xff, 0xb0, 0x0, 0x0, 0x0,
    0x0, 0x0, 0x78, 0xff, 0xff, 0xb0, 0x0, 0x0,
    0x0,

    /* U+00EF "ï" */
    0x26, 0xd8, 0xe7, 0x40, 0x21, 0xd5, 0xe9, 0x45,
    0x87, 0xff, 0xff, 0xae, 0x7f, 0xff, 0xff, 0xb6,
    0x45, 0xfb, 0xff, 0x69, 0x3e, 0xfa, 0xff, 0x70,
    0x0, 0x20, 0x2a, 0x0, 0x0, 0x1e, 0x2c, 0x0,
    0x0, 0x0, 0x0, 0x0, 0x0, 0x0, 0x0, 0x0,
    0x0, 0x0, 0x78, 0xff, 0xff, 0xb0, 0x0, 0x0,
    0x0, 0x0, 0x78, 0xff, 0xff, 0xb0, 0x0, 0x0,
    0x0, 0x0, 0x78, 0xff, 0xff, 0xb0, 0x0, 0x0,
    0x0, 0x0, 0x78, 0xff, 0xff, 0xb0, 0x0, 0x0,
    0x0, 0x0, 0x78, 0xff, 0xff, 0xb0, 0x0, 0x0,
    0x0, 0x0, 0x78, 0xff, 0xff, 0xb0, 0x0, 0x0,
    0x0, 0x0, 0x78, 0xff, 0xff, 0xb0, 0x0, 0x0,
    0x0, 0x0, 0x78, 0xff, 0xff, 0xb0, 0x0, 0x0,
    0x0, 0x0, 0x78, 0xff, 0xff, 0xb0, 0x0, 0x0,
    0x0, 0x0, 0x78, 0xff, 0xff, 0xb0, 0x0, 0x0,
    0x0, 0x0, 0x78, 0xff, 0xff, 0xb0, 0x0, 0x0,
    0x0, 0x0, 0x78, 0xff, 0xff, 0xb0, 0x0, 0x0,

    /* U+00F0 "ð" */
    0x0, 0x0, 0x0, 0x66, 0xb0, 0x60, 0xd, 0x0,
    0x0, 0x6, 0x1f, 0x0, 0x0, 0x0, 0x0, 0x0,
    0xd8, 0xff, 0xff, 0xee, 0x7e, 0x7e, 0xe7, 0xc7,
    0x0, 0x0, 0x0, 0x0, 0x11, 0x9e, 0xe9, 0xff,
    0xff, 0xff, 0xff, 0xff, 0xdd, 0x13, 0x0, 0x0,
    0x0, 0x0, 0x34, 0xc1, 0xff, 0xff, 0xff, 0xff,
    0xf7, 0x23, 0x0, 0x0, 0x0, 0x0, 0x0, 0x3b,
    0xff, 0xf8, 0xa1, 0x92, 0xff, 0xff, 0xd1, 0xa,
    0x0, 0x0, 0x0, 0x0, 0x0, 0x6a, 0x17, 0x0,
    0x0, 0x8d, 0xff, 0xff, 0x7a, 0x0, 0x0, 0x0,
    0x0, 0x17, 0x8f, 0xdf, 0xfa, 0xe1, 0x85, 0xf2,
    0xff, 0xec, 0xc, 0x0, 0x0, 0x34, 0xe9, 0xff,
    0xff, 0xff, 0xff, 0xff, 0xff, 0xff, 0xff, 0x51,
    0x0, 0x13, 0xe7, 0xff, 0xff, 0xfd, 0xd6, 0xe1,
    0xff, 0xff, 0xff, 0xff, 0x95, 0x0, 0x86, 0xff,
    0xff, 0xe6, 0x34, 0x0, 0x0, 0x56, 0xfc, 0xff,
    0xff, 0xc1, 0x0, 0xdb, 0xff, 0xff, 0x57, 0x0,
    0x0, 0x0, 0x0, 0x96, 0xff, 0xff, 0xd5, 0x3,
    0xfd, 0xff, 0xff, 0x11, 0x0, 0x0, 0x0, 0x0,
    0x52, 0xff, 0xff, 0xe2, 0x2, 0xfc, 0xff, 0xff,
    0x12, 0x0, 0x0, 0x0, 0x0, 0x53, 0xff, 0xff,
    0xd0, 0x0, 0xd8, 0xff, 0xff, 0x59, 0x0, 0x0,
    0x0, 0x0, 0x99, 0xff, 0xff, 0x9d, 0x0, 0x80,
    0xff, 0xff, 0xe8, 0x37, 0x0, 0x0, 0x5e, 0xfd,
    0xff, 0xff, 0x45, 0x0, 0xf, 0xe0, 0xff, 0xff,
    0xfe, 0xd9, 0xe5, 0xff, 0xff, 0xff, 0xb9, 0x0,
    0x0, 0x0, 0x2b, 0xe1, 0xff, 0xff, 0xff, 0xff,
    0xff, 0xff, 0xca, 0x14, 0x0, 0x0, 0x0, 0x0,
    0xf, 0x7f, 0xd3, 0xf7, 0xf1, 0xc5, 0x6a, 0x6,
    0x0, 0x0,

    /* U+00F1 "ñ" */
    0x0, 0x0, 0x31, 0xc4, 0xf6, 0xe2, 0x9a, 0x6d,
    0xfd, 0xff, 0x35, 0x0, 0x0, 0x4, 0xe4, 0xff,
    0xff, 0xff, 0xff, 0xff, 0xff, 0xe4, 0x8, 0x0,
    0x0, 0x1e, 0xc8, 0xc7, 0x6d, 0x95, 0xdf, 0xf7,
    0xc7, 0x32, 0x0, 0x0, 0x0, 0x0, 0x0, 0x0,
    0x0, 0x0, 0x0, 0x0, 0x0, 0x0, 0x0, 0x0,
    0x0, 0x0, 0x0, 0x0, 0x0, 0x0, 0x0, 0x0,
    0x0, 0x0, 0x0, 0x0, 0xa8, 0xff, 0xff, 0x4c,
    0x3a, 0xb7, 0xef, 0xf6, 0xcd, 0x62, 0x0, 0x0,
    0xa8, 0xff, 0xff, 0x9e, 0xfc, 0xff, 0xff, 0xff,
    0xff, 0xff, 0x7d, 0x0, 0xa8, 0xff, 0xff, 0xff,
    0xff, 0xf3, 0xeb, 0xff, 0xff, 0xff, 0xfa, 0x17,
    0xa8, 0xff, 0xff, 0xff, 0x9b, 0x7, 0x0, 0x49,
    0xfd, 0xff, 0xff, 0x5f, 0xa8, 0xff, 0xff, 0xde,
    0x4, 0x0, 0x0, 0x0, 0xbb, 0xff, 0xff, 0x7f,
    0xa8, 0xff, 0xff, 0x96, 0x0, 0x0, 0x0, 0x0,
    0x9d, 0xff, 0xff, 0x88, 0xa8, 0xff, 0xff, 0x7d,
    0x0, 0x0, 0x0, 0x0, 0x9c, 0xff, 0xff, 0x88,
    0xa8, 0xff, 0xff, 0x7c, 0x0, 0x0, 0x0, 0x0,
    0x9c, 0xff, 0xff, 0x88, 0xa8, 0xff, 0xff, 0x7c,
    0x0, 0x0, 0x0, 0x0, 0x9c, 0xff, 0xff, 0x88,
    0xa8, 0xff, 0xff, 0x7c, 0x0, 0x0, 0x0, 0x0,
    0x9c, 0xff, 0xff, 0x88, 0xa8, 0xff, 0xff, 0x7c,
    0x0, 0x0, 0x0, 0x0, 0x9c, 0xff, 0xff, 0x88,
    0xa8, 0xff, 0xff, 0x7c, 0x0, 0x0, 0x0, 0x0,
    0x9c, 0xff, 0xff, 0x88,

    /* U+00F2 "ò" */
    0x0, 0x0, 0x0, 0x4f, 0xff, 0xff, 0xff, 0x2f,
    0x0, 0x0, 0x0, 0x0, 0x0, 0x0, 0x0, 0x0,
    0x0, 0x0, 0xa5, 0xff, 0xff, 0x80, 0x0, 0x0,
    0x0, 0x0, 0x0, 0x0, 0x0, 0x0, 0x0, 0x0,
    0x12, 0xe8, 0xff, 0xd1, 0x0, 0x0, 0x0, 0x0,
    0x0, 0x0, 0x0, 0x0, 0x0, 0x0, 0x0, 0x20,
    0x38, 0x37, 0x0, 0x0, 0x0, 0x0, 0x0, 0x0,
    0x0, 0x0, 0x0, 0x0, 0x0, 0x0, 0x0, 0x0,
    0x0, 0x0, 0x0, 0x0, 0x0, 0x0, 0x0, 0x0,
    0x0, 0x1e, 0x8e, 0xd7, 0xf6, 0xf2, 0xcd, 0x7c,
    0x11, 0x0, 0x0, 0x0, 0x0, 0x0, 0x57, 0xf5,
    0xff, 0xff, 0xff, 0xff, 0xff, 0xff, 0xe7, 0x38,
    0x0, 0x0, 0x0, 0x3c, 0xfb, 0xff, 0xff, 0xff,
    0xef, 0xf5, 0xff, 0xff, 0xff, 0xed, 0x1e, 0x0,
    0x0, 0xca, 0xff, 0xff, 0xde, 0x3d, 0x0, 0x2,
    0x57, 0xf2, 0xff, 0xff, 0x9d, 0x0, 0x21, 0xff,
    0xff, 0xff, 0x36, 0x0, 0x0, 0x0, 0x0, 0x66,
    0xff, 0xff, 0xf0, 0x3, 0x48, 0xff, 0xff, 0xe8,
    0x0, 0x0, 0x0, 0x0, 0x0, 0xb, 0xff, 0xff,
    0xff, 0x1b, 0x49, 0xff, 0xff, 0xe7, 0x0, 0x0,
    0x0, 0x0, 0x0, 0xb, 0xff, 0xff, 0xff, 0x1b,
    0x21, 0xff, 0xff, 0xff, 0x35, 0x0, 0x0, 0x0,
    0x0, 0x64, 0xff, 0xff, 0xf1, 0x4, 0x0, 0xcb,
    0xff, 0xff, 0xde, 0x3a, 0x0, 0x1, 0x54, 0xf2,
    0xff, 0xff, 0x9f, 0x0, 0x0, 0x3d, 0xfb, 0xff,
    0xff, 0xff, 0xee, 0xf4, 0xff, 0xff, 0xff, 0xed,
    0x1e, 0x0, 0x0, 0x0, 0x57, 0xf6, 0xff, 0xff,
    0xff, 0xff, 0xff, 0xff, 0xe8, 0x39, 0x0, 0x0,
    0x0, 0x0, 0x0, 0x20, 0x91, 0xd9, 0xf7, 0xf4,
    0xcf, 0x80, 0x12, 0x0, 0x0, 0x0,

    /* U+00F3 "ó" */
    0x0, 0x0, 0x0, 0x0, 0x0, 0x0, 0x90, 0xff,
    0xff, 0xe0, 0xd, 0x0, 0x0, 0x0, 0x0, 0x0,
    0x0, 0x0, 0x0, 0x0, 0xdf, 0xff, 0xfe, 0x43,
    0x0, 0x0, 0x0, 0x0, 0x0, 0x0, 0x0, 0x0,
    0x0, 0x2f, 0xff, 0xff, 0x97, 0x0, 0x0, 0x0,
    0x0, 0x0, 0x0, 0x0, 0x0, 0x0, 0x0, 0x14,
    0x38, 0x38, 0xa, 0x0, 0x0, 0x0, 0x0, 0x0,
    0x0, 0x0, 0x0, 0x0, 0x0, 0x0, 0x0, 0x0,
    0x0, 0x0, 0x0, 0x0, 0x0, 0x0, 0x0, 0x0,
    0x0, 0x1e, 0x8e, 0xd7, 0xf6, 0xf2, 0xcd, 0x7c,
    0x11, 0x0, 0x0, 0x0, 0x0, 0x0, 0x57, 0xf5,
    0xff, 0xff, 0xff, 0xff, 0xff, 0xff, 0xe7, 0x38,
    0x0, 0x0, 0x0, 0x3c, 0xfb, 0xff, 0xff, 0xff,
    0xef, 0xf5, 0xff, 0xff, 0xff, 0xed, 0x1e, 0x0,
    0x0, 0xca, 0xff, 0xff, 0xde, 0x3d, 0x0, 0x2,
    0x57, 0xf2, 0xff, 0xff, 0x9d, 0x0, 0x21, 0xff,
    0xff, 0xff, 0x36, 0x0, 0x0, 0x0, 0x0, 0x66,
    0xff, 0xff, 0xf0, 0x3, 0x48, 0xff, 0xff, 0xe8,
    0x0, 0x0, 0x0, 0x0, 0x0, 0xb, 0xff, 0xff,
    0xff, 0x1b, 0x49, 0xff, 0xff, 0xe7, 0x0, 0x0,
    0x0, 0x0, 0x0, 0xb, 0xff, 0xff, 0xff, 0x1b,
    0x21, 0xff, 0xff, 0xff, 0x35, 0x0, 0x0, 0x0,
    0x0, 0x64, 0xff, 0xff, 0xf1, 0x4, 0x0, 0xcb,
    0xff, 0xff, 0xde, 0x3a, 0x0, 0x1, 0x54, 0xf2,
    0xff, 0xff, 0x9f, 0x0, 0x0, 0x3d, 0xfb, 0xff,
    0xff, 0xff, 0xee, 0xf4, 0xff, 0xff, 0xff, 0xed,
    0x1e, 0x0, 0x0, 0x0, 0x57, 0xf6, 0xff, 0xff,
    0xff, 0xff, 0xff, 0xff, 0xe8, 0x39, 0x0, 0x0,
    0x0, 0x0, 0x0, 0x20, 0x91, 0xd9, 0xf7, 0xf4,
    0xcf, 0x80, 0x12, 0x0, 0x0, 0x0,

    /* U+00F4 "ô" */
    0x0, 0x0, 0x0, 0x0, 0x15, 0xd7, 0xff, 0xff,
    0xb4, 0x4, 0x0, 0x0, 0x0, 0x0, 0x0, 0x0,
    0x0, 0x10, 0xcf, 0xff, 0xee, 0xf8, 0xff, 0x9c,
    0x0, 0x0, 0x0, 0x0, 0x0, 0x0, 0x9, 0xc5,
    0xff, 0xfd, 0x3f, 0x69, 0xff, 0xff, 0x80, 0x0,
    0x0, 0x0, 0x0, 0x0, 0x3, 0x14, 0x14, 0x10,
    0x0, 0x0, 0x13, 0x14, 0x13, 0x0, 0x0, 0x0,
    0x0, 0x0, 0x0, 0x0, 0x0, 0x0, 0x0, 0x0,
    0x0, 0x0, 0x0, 0x0, 0x0, 0x0, 0x0, 0x0,
    0x0, 0x1e, 0x8e, 0xd7, 0xf6, 0xf2, 0xcd, 0x7c,
    0x11, 0x0, 0x0, 0x0, 0x0, 0x0, 0x57, 0xf5,
    0xff, 0xff, 0xff, 0xff, 0xff, 0xff, 0xe7, 0x38,
    0x0, 0x0, 0x0, 0x3c, 0xfb, 0xff, 0xff, 0xff,
    0xef, 0xf5, 0xff, 0xff, 0xff, 0xed, 0x1e, 0x0,
    0x0, 0xca, 0xff, 0xff, 0xde, 0x3d, 0x0, 0x2,
    0x57, 0xf2, 0xff, 0xff, 0x9d, 0x0, 0x21, 0xff,
    0xff, 0xff, 0x36, 0x0, 0x0, 0x0, 0x0, 0x66,
    0xff, 0xff, 0xf0, 0x3, 0x48, 0xff, 0xff, 0xe8,
    0x0, 0x0, 0x0, 0x0, 0x0, 0xb, 0xff, 0xff,
    0xff, 0x1b, 0x49, 0xff, 0xff, 0xe7, 0x0, 0x0,
    0x0, 0x0, 0x0, 0xb, 0xff, 0xff, 0xff, 0x1b,
    0x21, 0xff, 0xff, 0xff, 0x35, 0x0, 0x0, 0x0,
    0x0, 0x64, 0xff, 0xff, 0xf1, 0x4, 0x0, 0xcb,
    0xff, 0xff, 0xde, 0x3a, 0x0, 0x1, 0x54, 0xf2,
    0xff, 0xff, 0x9f, 0x0, 0x0, 0x3d, 0xfb, 0xff,
    0xff, 0xff, 0xee, 0xf4, 0xff, 0xff, 0xff, 0xed,
    0x1e, 0x0, 0x0, 0x0, 0x57, 0xf6, 0xff, 0xff,
    0xff, 0xff, 0xff, 0xff, 0xe8, 0x39, 0x0, 0x0,
    0x0, 0x0, 0x0, 0x20, 0x91, 0xd9, 0xf7, 0xf4,
    0xcf, 0x80, 0x12, 0x0, 0x0, 0x0,

    /* U+00F5 "õ" */
    0x0, 0x0, 0x0, 0x56, 0xd5, 0xfb, 0xff, 0xff,
    0xff, 0xff, 0xfe, 0x12, 0x0, 0x0, 0x0, 0x0,
    0x23, 0xfc, 0xff, 0xff, 0xff, 0xff, 0xff, 0xfe,
    0x84, 0x0, 0x0, 0x0, 0x0, 0x0, 0x1a, 0x58,
    0x58, 0x58, 0x58, 0x58, 0x51, 0x23, 0x0, 0x0,
    0x0, 0x0, 0x0, 0x0, 0x0, 0x0, 0x0, 0x0,
    0x0, 0x0, 0x0, 0x0, 0x0, 0x0, 0x0, 0x0,
    0x0, 0x0, 0x0, 0x0, 0x0, 0x0, 0x0, 0x0,
    0x0, 0x0, 0x0, 0x0, 0x0, 0x0, 0x0, 0x0,
    0x0, 0x1e, 0x8e, 0xd7, 0xf6, 0xf2, 0xcd, 0x7c,
    0x11, 0x0, 0x0, 0x0, 0x0, 0x0, 0x57, 0xf5,
    0xff, 0xff, 0xff, 0xff, 0xff, 0xff, 0xe7, 0x38,
    0x0, 0x0, 0x0, 0x3c, 0xfb, 0xff, 0xff, 0xff,
    0xef, 0xf5, 0xff, 0xff, 0xff, 0xed, 0x1e, 0x0,
    0x0, 0xca, 0xff, 0xff, 0xde, 0x3d, 0x0, 0x2,
    0x57, 0xf2, 0xff, 0xff, 0x9d, 0x0, 0x21, 0xff,
    0xff, 0xff, 0x36, 0x0, 0x0, 0x0, 0x0, 0x66,
    0xff, 0xff, 0xf0, 0x3, 0x48, 0xff, 0xff, 0xe8,
    0x0, 0x0, 0x0, 0x0, 0x0, 0xb, 0xff, 0xff,
    0xff, 0x1b, 0x49, 0xff, 0xff, 0xe7, 0x0, 0x0,
    0x0, 0x0, 0x0, 0xb, 0xff, 0xff, 0xff, 0x1b,
    0x21, 0xff, 0xff, 0xff, 0x35, 0x0, 0x0, 0x0,
    0x0, 0x64, 0xff, 0xff, 0xf1, 0x4, 0x0, 0xcb,
    0xff, 0xff, 0xde, 0x3a, 0x0, 0x1, 0x54, 0xf2,
    0xff, 0xff, 0x9f, 0x0, 0x0, 0x3d, 0xfb, 0xff,
    0xff, 0xff, 0xee, 0xf4, 0xff, 0xff, 0xff, 0xed,
    0x1e, 0x0, 0x0, 0x0, 0x57, 0xf6, 0xff, 0xff,
    0xff, 0xff, 0xff, 0xff, 0xe8, 0x39, 0x0, 0x0,
    0x0, 0x0, 0x0, 0x20, 0x91, 0xd9, 0xf7, 0xf4,
    0xcf, 0x80, 0x12, 0x0, 0x0, 0x0,

    /* U+00F6 "ö" */
    0x0, 0x0, 0x0, 0x80, 0xf2, 0xb4, 0x6, 0x17,
    0xcb, 0xee, 0x5a, 0x0, 0x0, 0x0, 0x0, 0x0,
    0xa, 0xfe, 0xff, 0xff, 0x49, 0x75, 0xff, 0xff,
    0xdd, 0x0, 0x0, 0x0, 0x0, 0x0, 0x1, 0xd6,
    0xff, 0xf7, 0x20, 0x44, 0xff, 0xff, 0xab, 0x0,
    0x0, 0x0, 0x0, 0x0, 0x0, 0x13, 0x5f, 0x29,
    0x0, 0x0, 0x38, 0x5a, 0x8, 0x0, 0x0, 0x0,
    0x0, 0x0, 0x0, 0x0, 0x0, 0x0, 0x0, 0x0,
    0x0, 0x0, 0x0, 0x0, 0x0, 0x0, 0x0, 0x0,
    0x0, 0x1e, 0x8e, 0xd7, 0xf6, 0xf2, 0xcd, 0x7c,
    0x11, 0x0, 0x0, 0x0, 0x0, 0x0, 0x57, 0xf5,
    0xff, 0xff, 0xff, 0xff, 0xff, 0xff, 0xe7, 0x38,
    0x0, 0x0, 0x0, 0x3c, 0xfb, 0xff, 0xff, 0xff,
    0xef, 0xf5, 0xff, 0xff, 0xff, 0xed, 0x1e, 0x0,
    0x0, 0xca, 0xff, 0xff, 0xde, 0x3d, 0x0, 0x2,
    0x57, 0xf2, 0xff, 0xff, 0x9d, 0x0, 0x21, 0xff,
    0xff, 0xff, 0x36, 0x0, 0x0, 0x0, 0x0, 0x66,
    0xff, 0xff, 0xf0, 0x3, 0x48, 0xff, 0xff, 0xe8,
    0x0, 0x0, 0x0, 0x0, 0x0, 0xb, 0xff, 0xff,
    0xff, 0x1b, 0x49, 0xff, 0xff, 0xe7, 0x0, 0x0,
    0x0, 0x0, 0x0, 0xb, 0xff, 0xff, 0xff, 0x1b,
    0x21, 0xff, 0xff, 0xff, 0x35, 0x0, 0x0, 0x0,
    0x0, 0x64, 0xff, 0xff, 0xf1, 0x4, 0x0, 0xcb,
    0xff, 0xff, 0xde, 0x3a, 0x0, 0x1, 0x54, 0xf2,
    0xff, 0xff, 0x9f, 0x0, 0x0, 0x3d, 0xfb, 0xff,
    0xff, 0xff, 0xee, 0xf4, 0xff, 0xff, 0xff, 0xed,
    0x1e, 0x0, 0x0, 0x0, 0x57, 0xf6, 0xff, 0xff,
    0xff, 0xff, 0xff, 0xff, 0xe8, 0x39, 0x0, 0x0,
    0x0, 0x0, 0x0, 0x20, 0x91, 0xd9, 0xf7, 0xf4,
    0xcf, 0x80, 0x12, 0x0, 0x0, 0x0,

    /* U+00F7 "÷" */
    0x0, 0x0, 0x0, 0x0, 0x6b, 0xee, 0xd4, 0x2b,
    0x0, 0x0, 0x0, 0x0, 0x0, 0x0, 0x0, 0x12,
    0xfd, 0xff, 0xff, 0xaf, 0x0, 0x0, 0x0, 0x0,
    0x0, 0x0, 0x0, 0xd, 0xf8, 0xff, 0xff, 0xa7,
    0x0, 0x0, 0x0, 0x0, 0x0, 0x0, 0x0, 0x0,
    0x56, 0xd3, 0xb9, 0x1f, 0x0, 0x0, 0x0, 0x0,
    0x0, 0x0, 0x0, 0x0, 0x0, 0x0, 0x0, 0x0,
    0x0, 0x0, 0x0, 0x0, 0xa8, 0xff, 0xff, 0xff,
    0xff, 0xff, 0xff, 0xff, 0xff, 0xff, 0xff, 0x50,
    0xa8, 0xff, 0xff, 0xff, 0xff, 0xff, 0xff, 0xff,
    0xff, 0xff, 0xff, 0x50, 0x5e, 0x90, 0x90, 0x90,
    0x90, 0x90, 0x90, 0x90, 0x90, 0x90, 0x90, 0x2d,
    0x0, 0x0, 0x0, 0x0, 0x0, 0x0, 0x0, 0x0,
    0x0, 0x0, 0x0, 0x0, 0x0, 0x0, 0x0, 0x0,
    0x53, 0xd2, 0xb8, 0x1d, 0x0, 0x0, 0x0, 0x0,
    0x0, 0x0, 0x0, 0xd, 0xf8, 0xff, 0xff, 0xa6,
    0x0, 0x0, 0x0, 0x0, 0x0, 0x0, 0x0, 0x12,
    0xfd, 0xff, 0xff, 0xb0, 0x0, 0x0, 0x0, 0x0,
    0x0, 0x0, 0x0, 0x0, 0x6e, 0xef, 0xd5, 0x2c,
    0x0, 0x0, 0x0, 0x0,

    /* U+00F8 "ø" */
    0x0, 0x0, 0x0, 0x0, 0x0, 0x0, 0x0, 0x0,
    0x0, 0x3f, 0x3f, 0x0, 0x0, 0x0, 0x0, 0x0,
    0x0, 0x1e, 0x8e, 0xd7, 0xf6, 0xf4, 0xcd, 0xe6,
    0xff, 0x9c, 0x0, 0x0, 0x0, 0x0, 0x57, 0xf5,
    0xff, 0xff, 0xff, 0xff, 0xff, 0xff, 0xff, 0x77,
    0x0, 0x0, 0x0, 0x3e, 0xfb, 0xff, 0xff, 0xef,
    0xba, 0xd7, 0xff, 0xff, 0xff, 0xe9, 0x19, 0x0,
    0x0, 0xcc, 0xff, 0xff, 0xac, 0xf, 0x8, 0xd7,
    0xff, 0xff, 0xff, 0xff, 0x98, 0x0, 0x22, 0xff,
    0xff, 0xe4, 0xc, 0x0, 0x8a, 0xff, 0xff, 0x86,
    0xfb, 0xff, 0xef, 0x3, 0x48, 0xff, 0xff, 0xa0,
    0x0, 0x37, 0xfc, 0xff, 0xbc, 0x1, 0xd1, 0xff,
    0xff, 0x1a, 0x48, 0xff, 0xff, 0xa6, 0x7, 0xd6,
    0xff, 0xf3, 0x20, 0x0, 0xce, 0xff, 0xff, 0x1c,
    0x21, 0xff, 0xff, 0xe7, 0x90, 0xff, 0xff, 0x67,
    0x0, 0x24, 0xfc, 0xff, 0xf2, 0x4, 0x0, 0xcb,
    0xff, 0xff, 0xff, 0xff, 0xbc, 0x1, 0x1e, 0xcc,
    0xff, 0xff, 0xa1, 0x0, 0x0, 0x3b, 0xfa, 0xff,
    0xff, 0xff, 0xc7, 0xc2, 0xf6, 0xff, 0xff, 0xef,
    0x20, 0x0, 0x0, 0x0, 0x9f, 0xff, 0xff, 0xff,
    0xff, 0xff, 0xff, 0xff, 0xe9, 0x3b, 0x0, 0x0,
    0x0, 0x1, 0xb1, 0xff, 0xdd, 0xd6, 0xf7, 0xf4,
    0xcf, 0x80, 0x12, 0x0, 0x0, 0x0, 0x0, 0x0,
    0x0, 0x49, 0x2e, 0x0, 0x0, 0x0, 0x0, 0x0,
    0x0, 0x0, 0x0, 0x0,

    /* U+00F9 "ù" */
    0x0, 0x0, 0x1b, 0xef, 0xff, 0xff, 0x73, 0x0,
    0x0, 0x0, 0x0, 0x0, 0x0, 0x0, 0x0, 0x61,
    0xff, 0xff, 0xc3, 0x0, 0x0, 0x0, 0x0, 0x0,
    0x0, 0x0, 0x0, 0x0, 0xb6, 0xff, 0xfd, 0x15,
    0x0, 0x0, 0x0, 0x0, 0x0, 0x0, 0x0, 0x0,
    0x11, 0x38, 0x38, 0xe, 0x0, 0x0, 0x0, 0x0,
    0x0, 0x0, 0x0, 0x0, 0x0, 0x0, 0x0, 0x0,
    0x0, 0x0, 0x0, 0x0, 0xc0, 0xff, 0xff, 0x64,
    0x0, 0x0, 0x0, 0x0, 0xb8, 0xff, 0xff, 0x70,
    0xc0, 0xff, 0xff, 0x64, 0x0, 0x0, 0x0, 0x0,
    0xb8, 0xff, 0xff, 0x70, 0xc0, 0xff, 0xff, 0x64,
    0x0, 0x0, 0x0, 0x0, 0xb8, 0xff, 0xff, 0x70,
    0xc0, 0xff, 0xff, 0x64, 0x0, 0x0, 0x0, 0x0,
    0xb8, 0xff, 0xff, 0x70, 0xc0, 0xff, 0xff, 0x64,
    0x0, 0x0, 0x0, 0x0, 0xb8, 0xff, 0xff, 0x70,
    0xc0, 0xff, 0xff, 0x64, 0x0, 0x0, 0x0, 0x0,
    0xb9, 0xff, 0xff, 0x70, 0xc0, 0xff, 0xff, 0x65,
    0x0, 0x0, 0x0, 0x0, 0xd5, 0xff, 0xff, 0x70,
    0xb8, 0xff, 0xff, 0x82, 0x0, 0x0, 0x0, 0x23,
    0xfc, 0xff, 0xff, 0x70, 0x99, 0xff, 0xff, 0xe5,
    0x25, 0x0, 0x15, 0xc6, 0xff, 0xff, 0xff, 0x70,
    0x4e, 0xff, 0xff, 0xff, 0xfe, 0xe5, 0xf9, 0xff,
    0xff, 0xff, 0xff, 0x70, 0x1, 0xba, 0xff, 0xff,
    0xff, 0xff, 0xff, 0xea, 0xae, 0xff, 0xff, 0x70,
    0x0, 0xa, 0x88, 0xde, 0xfa, 0xe8, 0xa1, 0x1e,
    0x84, 0xff, 0xff, 0x70,

    /* U+00FA "ú" */
    0x0, 0x0, 0x0, 0x0, 0x0, 0xad, 0xff, 0xff,
    0xcd, 0x4, 0x0, 0x0, 0x0, 0x0, 0x0, 0x0,
    0x8, 0xf4, 0xff, 0xf8, 0x2b, 0x0, 0x0, 0x0,
    0x0, 0x0, 0x0, 0x0, 0x4e, 0xff, 0xff, 0x77,
    0x0, 0x0, 0x0, 0x0, 0x0, 0x0, 0x0, 0x0,
    0x1b, 0x38, 0x37, 0x3, 0x0, 0x0, 0x0, 0x0,
    0x0, 0x0, 0x0, 0x0, 0x0, 0x0, 0x0, 0x0,
    0x0, 0x0, 0x0, 0x0, 0xc0, 0xff, 0xff, 0x64,
    0x0, 0x0, 0x0, 0x0, 0xb8, 0xff, 0xff, 0x70,
    0xc0, 0xff, 0xff, 0x64, 0x0, 0x0, 0x0, 0x0,
    0xb8, 0xff, 0xff, 0x70, 0xc0, 0xff, 0xff, 0x64,
    0x0, 0x0, 0x0, 0x0, 0xb8, 0xff, 0xff, 0x70,
    0xc0, 0xff, 0xff, 0x64, 0x0, 0x0, 0x0, 0x0,
    0xb8, 0xff, 0xff, 0x70, 0xc0, 0xff, 0xff, 0x64,
    0x0, 0x0, 0x0, 0x0, 0xb8, 0xff, 0xff, 0x70,
    0xc0, 0xff, 0xff, 0x64, 0x0, 0x0, 0x0, 0x0,
    0xb9, 0xff, 0xff, 0x70, 0xc0, 0xff, 0xff, 0x65,
    0x0, 0x0, 0x0, 0x0, 0xd5, 0xff, 0xff, 0x70,
    0xb8, 0xff, 0xff, 0x82, 0x0, 0x0, 0x0, 0x23,
    0xfc, 0xff, 0xff, 0x70, 0x99, 0xff, 0xff, 0xe5,
    0x25, 0x0, 0x15, 0xc6, 0xff, 0xff, 0xff, 0x70,
    0x4e, 0xff, 0xff, 0xff, 0xfe, 0xe5, 0xf9, 0xff,
    0xff, 0xff, 0xff, 0x70, 0x1, 0xba, 0xff, 0xff,
    0xff, 0xff, 0xff, 0xea, 0xae, 0xff, 0xff, 0x70,
    0x0, 0xa, 0x88, 0xde, 0xfa, 0xe8, 0xa1, 0x1e,
    0x84, 0xff, 0xff, 0x70,

    /* U+00FB "û" */
    0x0, 0x0, 0x0, 0x19, 0xdc, 0xff, 0xff, 0xae,
    0x2, 0x0, 0x0, 0x0, 0x0, 0x0, 0x13, 0xd4,
    0xff, 0xed, 0xf9, 0xff, 0x94, 0x0, 0x0, 0x0,
    0x0, 0xc, 0xcb, 0xff, 0xfb, 0x3b, 0x71, 0xff,
    0xff, 0x78, 0x0, 0x0, 0x0, 0x4, 0x14, 0x14,
    0x10, 0x0, 0x0, 0x14, 0x14, 0x12, 0x0, 0x0,
    0x0, 0x0, 0x0, 0x0, 0x0, 0x0, 0x0, 0x0,
    0x0, 0x0, 0x0, 0x0, 0xc0, 0xff, 0xff, 0x64,
    0x0, 0x0, 0x0, 0x0, 0xb8, 0xff, 0xff, 0x70,
    0xc0, 0xff, 0xff, 0x64, 0x0, 0x0, 0x0, 0x0,
    0xb8, 0xff, 0xff, 0x70, 0xc0, 0xff, 0xff, 0x64,
    0x0, 0x0, 0x0, 0x0, 0xb8, 0xff, 0xff, 0x70,
    0xc0, 0xff, 0xff, 0x64, 0x0, 0x0, 0x0, 0x0,
    0xb8, 0xff, 0xff, 0x70, 0xc0, 0xff, 0xff, 0x64,
    0x0, 0x0, 0x0, 0x0, 0xb8, 0xff, 0xff, 0x70,
    0xc0, 0xff, 0xff, 0x64, 0x0, 0x0, 0x0, 0x0,
    0xb9, 0xff, 0xff, 0x70, 0xc0, 0xff, 0xff, 0x65,
    0x0, 0x0, 0x0, 0x0, 0xd5, 0xff, 0xff, 0x70,
    0xb8, 0xff, 0xff, 0x82, 0x0, 0x0, 0x0, 0x23,
    0xfc, 0xff, 0xff, 0x70, 0x99, 0xff, 0xff, 0xe5,
    0x25, 0x0, 0x15, 0xc6, 0xff, 0xff, 0xff, 0x70,
    0x4e, 0xff, 0xff, 0xff, 0xfe, 0xe5, 0xf9, 0xff,
    0xff, 0xff, 0xff, 0x70, 0x1, 0xba, 0xff, 0xff,
    0xff, 0xff, 0xff, 0xea, 0xae, 0xff, 0xff, 0x70,
    0x0, 0xa, 0x88, 0xde, 0xfa, 0xe8, 0xa1, 0x1e,
    0x84, 0xff, 0xff, 0x70,

    /* U+00FC "ü" */
    0x0, 0x0, 0x7c, 0xf2, 0xb7, 0x7, 0x13, 0xc8,
    0xef, 0x5e, 0x0, 0x0, 0x0, 0x7, 0xfd, 0xff,
    0xff, 0x4d, 0x6d, 0xff, 0xff, 0xe1, 0x0, 0x0,
    0x0, 0x0, 0xd3, 0xff, 0xf8, 0x23, 0x3d, 0xfe,
    0xff, 0xaf, 0x0, 0x0, 0x0, 0x0, 0x11, 0x5f,
    0x2a, 0x0, 0x0, 0x36, 0x5b, 0x9, 0x0, 0x0,
    0x0, 0x0, 0x0, 0x0, 0x0, 0x0, 0x0, 0x0,
    0x0, 0x0, 0x0, 0x0, 0xc0, 0xff, 0xff, 0x64,
    0x0, 0x0, 0x0, 0x0, 0xb8, 0xff, 0xff, 0x70,
    0xc0, 0xff, 0xff, 0x64, 0x0, 0x0, 0x0, 0x0,
    0xb8, 0xff, 0xff, 0x70, 0xc0, 0xff, 0xff, 0x64,
    0x0, 0x0, 0x0, 0x0, 0xb8, 0xff, 0xff, 0x70,
    0xc0, 0xff, 0xff, 0x64, 0x0, 0x0, 0x0, 0x0,
    0xb8, 0xff, 0xff, 0x70, 0xc0, 0xff, 0xff, 0x64,
    0x0, 0x0, 0x0, 0x0, 0xb8, 0xff, 0xff, 0x70,
    0xc0, 0xff, 0xff, 0x64, 0x0, 0x0, 0x0, 0x0,
    0xb9, 0xff, 0xff, 0x70, 0xc0, 0xff, 0xff, 0x65,
    0x0, 0x0, 0x0, 0x0, 0xd5, 0xff, 0xff, 0x70,
    0xb8, 0xff, 0xff, 0x82, 0x0, 0x0, 0x0, 0x23,
    0xfc, 0xff, 0xff, 0x70, 0x99, 0xff, 0xff, 0xe5,
    0x25, 0x0, 0x15, 0xc6, 0xff, 0xff, 0xff, 0x70,
    0x4e, 0xff, 0xff, 0xff, 0xfe, 0xe5, 0xf9, 0xff,
    0xff, 0xff, 0xff, 0x70, 0x1, 0xba, 0xff, 0xff,
    0xff, 0xff, 0xff, 0xea, 0xae, 0xff, 0xff, 0x70,
    0x0, 0xa, 0x88, 0xde, 0xfa, 0xe8, 0xa1, 0x1e,
    0x84, 0xff, 0xff, 0x70,

    /* U+00FD "ý" */
    0x0, 0x0, 0x0, 0x0, 0x0, 0x0, 0xb4, 0xff,
    0xff, 0xc7, 0x2, 0x0, 0x0, 0x0, 0x0, 0x0,
    0x0, 0x0, 0x0, 0xb, 0xf7, 0xff, 0xf7, 0x27,
    0x0, 0x0, 0x0, 0x0, 0x0, 0x0, 0x0, 0x0,
    0x0, 0x53, 0xff, 0xff, 0x73, 0x0, 0x0, 0x0,
    0x0, 0x0, 0x0, 0x0, 0x0, 0x0, 0x0, 0x1c,
    0x38, 0x37, 0x2, 0x0, 0x0, 0x0, 0x0, 0x0,
    0x0, 0x0, 0x0, 0x0, 0x0, 0x0, 0x0, 0x0,
    0x0, 0x0, 0x0, 0x0, 0x0, 0x0, 0xb0, 0xff,
    0xff, 0xde, 0x2, 0x0, 0x0, 0x0, 0x0, 0x88,
    0xff, 0xff, 0xeb, 0x8, 0x3f, 0xff, 0xff, 0xff,
    0x4b, 0x0, 0x0, 0x0, 0x5, 0xe8, 0xff, 0xff,
    0x85, 0x0, 0x0, 0xce, 0xff, 0xff, 0xb5, 0x0,
    0x0, 0x0, 0x54, 0xff, 0xff, 0xfb, 0x1b, 0x0,
    0x0, 0x5d, 0xff, 0xff, 0xfd, 0x21, 0x0, 0x0,
    0xba, 0xff, 0xff, 0xa7, 0x0, 0x0, 0x0, 0x5,
    0xe6, 0xff, 0xff, 0x89, 0x0, 0x22, 0xfe, 0xff,
    0xff, 0x38, 0x0, 0x0, 0x0, 0x0, 0x7b, 0xff,
    0xff, 0xec, 0x7, 0x87, 0xff, 0xff, 0xca, 0x0,
    0x0, 0x0, 0x0, 0x0, 0x13, 0xf6, 0xff, 0xff,
    0x63, 0xe7, 0xff, 0xff, 0x5b, 0x0, 0x0, 0x0,
    0x0, 0x0, 0x0, 0x9a, 0xff, 0xff, 0xf6, 0xff,
    0xff, 0xe6, 0x5, 0x0, 0x0, 0x0, 0x0, 0x0,
    0x0, 0x2a, 0xfe, 0xff, 0xff, 0xff, 0xff, 0x7d,
    0x0, 0x0, 0x0, 0x0, 0x0, 0x0, 0x0, 0x0,
    0xb8, 0xff, 0xff, 0xff, 0xf8, 0x16, 0x0, 0x0,
    0x0, 0x0, 0x0, 0x0, 0x0, 0x0, 0x47, 0xff,
    0xff, 0xff, 0x9f, 0x0, 0x0, 0x0, 0x0, 0x0,
    0x0, 0x0, 0x0, 0x0, 0x1a, 0xfe, 0xff, 0xff,
    0x31, 0x0, 0x0, 0x0, 0x0, 0x0, 0x0, 0x0,
    0x0, 0x0, 0x88, 0xff, 0xff, 0xc2, 0x0, 0x0,
    0x0, 0x0, 0x0, 0x0, 0x0, 0x0, 0x0, 0xc,
    0xef, 0xff, 0xff, 0x53, 0x0, 0x0, 0x0, 0x0,
    0x0, 0x0, 0x0, 0x0, 0x0, 0x71, 0xff, 0xff,
    0xe1, 0x3, 0x0, 0x0, 0x0, 0x0, 0x0, 0x0,
    0x0, 0x0, 0x4, 0xe0, 0xff, 0xff, 0x75, 0x0,
    0x0, 0x0, 0x0, 0x0, 0x0, 0x0, 0x0, 0x0,
    0x5a, 0xff, 0xff, 0xf5, 0x11, 0x0, 0x0, 0x0,
    0x0, 0x0, 0x0, 0x0,

    /* U+00FE "þ" */
    0xa8, 0xff, 0xff, 0x7c, 0x0, 0x0, 0x0, 0x0,
    0x0, 0x0, 0x0, 0x0, 0x0, 0xa8, 0xff, 0xff,
    0x7c, 0x0, 0x0, 0x0, 0x0, 0x0, 0x0, 0x0,
    0x0, 0x0, 0xa8, 0xff, 0xff, 0x7c, 0x0, 0x0,
    0x0, 0x0, 0x0, 0x0, 0x0, 0x0, 0x0, 0xa8,
    0xff, 0xff, 0x7c, 0x0, 0x0, 0x0, 0x0, 0x0,
    0x0, 0x0, 0x0, 0x0, 0xa8, 0xff, 0xff, 0x7c,
    0x0, 0x0, 0x0, 0x0, 0x0, 0x0, 0x0, 0x0,
    0x0, 0xa8, 0xff, 0xff, 0x70, 0x40, 0xbb, 0xef,
    0xf4, 0xc7, 0x64, 0x3, 0x0, 0x0, 0xa8, 0xff,
    0xff, 0xa8, 0xfd, 0xff, 0xff, 0xff, 0xff, 0xff,
    0xbc, 0xc, 0x0, 0xa8, 0xff, 0xff, 0xff, 0xff,
    0xfd, 0xe8, 0xff, 0xff, 0xff, 0xff, 0xa7, 0x0,
    0xa8, 0xff, 0xff, 0xff, 0x8f, 0xe, 0x0, 0x1a,
    0xad, 0xff, 0xff, 0xff, 0x33, 0xa8, 0xff, 0xff,
    0xb5, 0x0, 0x0, 0x0, 0x0, 0x5, 0xd2, 0xff,
    0xff, 0x88, 0xa8, 0xff, 0xff, 0x5a, 0x0, 0x0,
    0x0, 0x0, 0x0, 0x7b, 0xff, 0xff, 0xaf, 0xa8,
    0xff, 0xff, 0x5a, 0x0, 0x0, 0x0, 0x0, 0x0,
    0x7b, 0xff, 0xff, 0xaf, 0xa8, 0xff, 0xff, 0xb3,
    0x0, 0x0, 0x0, 0x0, 0x5, 0xd1, 0xff, 0xff,
    0x89, 0xa8, 0xff, 0xff, 0xff, 0x8d, 0xb, 0x0,
    0x16, 0xa9, 0xff, 0xff, 0xff, 0x34, 0xa8, 0xff,
    0xff, 0xff, 0xff, 0xfc, 0xe7, 0xff, 0xff, 0xff,
    0xff, 0xa7, 0x0, 0xa8, 0xff, 0xff, 0xa7, 0xfd,
    0xff, 0xff, 0xff, 0xff, 0xff, 0xbd, 0xc, 0x0,
    0xa8, 0xff, 0xff, 0x6e, 0x40, 0xbc, 0xf0, 0xf5,
    0xca, 0x68, 0x3, 0x0, 0x0, 0xa8, 0xff, 0xff,
    0x7c, 0x0, 0x0, 0x0, 0x0, 0x0, 0x0, 0x0,
    0x0, 0x0, 0xa8, 0xff, 0xff, 0x7c, 0x0, 0x0,
    0x0, 0x0, 0x0, 0x0, 0x0, 0x0, 0x0, 0xa8,
    0xff, 0xff, 0x7c, 0x0, 0x0, 0x0, 0x0, 0x0,
    0x0, 0x0, 0x0, 0x0, 0xa8, 0xff, 0xff, 0x7c,
    0x0, 0x0, 0x0, 0x0, 0x0, 0x0, 0x0, 0x0,
    0x0, 0xa8, 0xff, 0xff, 0x7c, 0x0, 0x0, 0x0,
    0x0, 0x0, 0x0, 0x0, 0x0, 0x0,

    /* U+00FF "ÿ" */
    0x0, 0x0, 0x6, 0xb2, 0xf3, 0x80, 0x0, 0x3b,
    0xe3, 0xdd, 0x30, 0x0, 0x0, 0x0, 0x0, 0x0,
    0x49, 0xff, 0xff, 0xfe, 0xa, 0xb1, 0xff, 0xff,
    0xa1, 0x0, 0x0, 0x0, 0x0, 0x0, 0x20, 0xf7,
    0xff, 0xd6, 0x1, 0x80, 0xff, 0xff, 0x6f, 0x0,
    0x0, 0x0, 0x0, 0x0, 0x0, 0x28, 0x5f, 0x14,
    0x0, 0x1, 0x50, 0x4a, 0x0, 0x0, 0x0, 0x0,
    0x0, 0x0, 0x0, 0x0, 0x0, 0x0, 0x0, 0x0,
    0x0, 0x0, 0x0, 0x0, 0x0, 0x0, 0xb0, 0xff,
    0xff, 0xde, 0x2, 0x0, 0x0, 0x0, 0x0, 0x88,
    0xff, 0xff, 0xeb, 0x8, 0x3f, 0xff, 0xff, 0xff,
    0x4b, 0x0, 0x0, 0x0, 0x5, 0xe8, 0xff, 0xff,
    0x85, 0x0, 0x0, 0xce, 0xff, 0xff, 0xb5, 0x0,
    0x0, 0x0, 0x54, 0xff, 0xff, 0xfb, 0x1b, 0x0,
    0x0, 0x5d, 0xff, 0xff, 0xfd, 0x21, 0x0, 0x0,
    0xba, 0xff, 0xff, 0xa7, 0x0, 0x0, 0x0, 0x5,
    0xe6, 0xff, 0xff, 0x89, 0x0, 0x22, 0xfe, 0xff,
    0xff, 0x38, 0x0, 0x0, 0x0, 0x0, 0x7b, 0xff,
    0xff, 0xec, 0x7, 0x87, 0xff, 0xff, 0xca, 0x0,
    0x0, 0x0, 0x0, 0x0, 0x13, 0xf6, 0xff, 0xff,
    0x63, 0xe7, 0xff, 0xff, 0x5b, 0x0, 0x0, 0x0,
    0x0, 0x0, 0x0, 0x9a, 0xff, 0xff, 0xf6, 0xff,
    0xff, 0xe6, 0x5, 0x0, 0x0, 0x0, 0x0, 0x0,
    0x0, 0x2a, 0xfe, 0xff, 0xff, 0xff, 0xff, 0x7d,
    0x0, 0x0, 0x0, 0x0, 0x0, 0x0, 0x0, 0x0,
    0xb8, 0xff, 0xff, 0xff, 0xf8, 0x16, 0x0, 0x0,
    0x0, 0x0, 0x0, 0x0, 0x0, 0x0, 0x47, 0xff,
    0xff, 0xff, 0x9f, 0x0, 0x0, 0x0, 0x0, 0x0,
    0x0, 0x0, 0x0, 0x0, 0x1a, 0xfe, 0xff, 0xff,
    0x31, 0x0, 0x0, 0x0, 0x0, 0x0, 0x0, 0x0,
    0x0, 0x0, 0x88, 0xff, 0xff, 0xc2, 0x0, 0x0,
    0x0, 0x0, 0x0, 0x0, 0x0, 0x0, 0x0, 0xc,
    0xef, 0xff, 0xff, 0x53, 0x0, 0x0, 0x0, 0x0,
    0x0, 0x0, 0x0, 0x0, 0x0, 0x71, 0xff, 0xff,
    0xe1, 0x3, 0x0, 0x0, 0x0, 0x0, 0x0, 0x0,
    0x0, 0x0, 0x4, 0xe0, 0xff, 0xff, 0x75, 0x0,
    0x0, 0x0, 0x0, 0x0, 0x0, 0x0, 0x0, 0x0,
    0x5a, 0xff, 0xff, 0xf5, 0x11, 0x0, 0x0, 0x0,
    0x0, 0x0, 0x0, 0x0,

    /* U+0100 "Ā" */
    0x0, 0x0, 0x0, 0x0, 0x0, 0xf4, 0xff, 0xff,
    0xff, 0xff, 0xff, 0xff, 0x24, 0x0, 0x0, 0x0,
    0x0, 0x0, 0x0, 0x0, 0x0, 0x0, 0xf4, 0xff,
    0xff, 0xff, 0xff, 0xff, 0xff, 0x24, 0x0, 0x0,
    0x0, 0x0, 0x0, 0x0, 0x0, 0x0, 0x0, 0x5b,
    0x60, 0x60, 0x60, 0x60, 0x60, 0x60, 0xd, 0x0,
    0x0, 0x0, 0x0, 0x0, 0x0, 0x0, 0x0, 0x0,
    0x0, 0x0, 0x0, 0x0, 0x0, 0x0, 0x0, 0x0,
    0x0, 0x0, 0x0, 0x0, 0x0, 0x0, 0x0, 0x0,
    0x0, 0x0, 0x71, 0xff, 0xff, 0xff, 0xa0, 0x0,
    0x0, 0x0, 0x0, 0x0, 0x0, 0x0, 0x0, 0x0,
    0x0, 0x0, 0x0, 0xd2, 0xff, 0xff, 0xff, 0xf4,
    0xc, 0x0, 0x0, 0x0, 0x0, 0x0, 0x0, 0x0,
    0x0, 0x0, 0x0, 0x34, 0xff, 0xff, 0xff, 0xff,
    0xff, 0x62, 0x0, 0x0, 0x0, 0x0, 0x0, 0x0,
    0x0, 0x0, 0x0, 0x0, 0x95, 0xff, 0xff, 0xe9,
    0xff, 0xff, 0xc3, 0x0, 0x0, 0x0, 0x0, 0x0,
    0x0, 0x0, 0x0, 0x0, 0x7, 0xee, 0xff, 0xff,
    0x54, 0xfd, 0xff, 0xff, 0x25, 0x0, 0x0, 0x0,
    0x0, 0x0, 0x0, 0x0, 0x0, 0x58, 0xff, 0xff,
    0xee, 0x4, 0xc3, 0xff, 0xff, 0x86, 0x0, 0x0,
    0x0, 0x0, 0x0, 0x0, 0x0, 0x0, 0xb9, 0xff,
    0xff, 0x9a, 0x0, 0x6b, 0xff, 0xff, 0xe4, 0x2,
    0x0, 0x0, 0x0, 0x0, 0x0, 0x0, 0x1d, 0xfd,
    0xff, 0xff, 0x3e, 0x0, 0x14, 0xfa, 0xff, 0xff,
    0x48, 0x0, 0x0, 0x0, 0x0, 0x0, 0x0, 0x7c,
    0xff, 0xff, 0xe0, 0x1, 0x0, 0x0, 0xb3, 0xff,
    0xff, 0xa9, 0x0, 0x0, 0x0, 0x0, 0x0, 0x1,
    0xdc, 0xff, 0xff, 0x86, 0x0, 0x0, 0x0, 0x56,
    0xff, 0xff, 0xf8, 0x12, 0x0, 0x0, 0x0, 0x0,
    0x3f, 0xff, 0xff, 0xff, 0xff, 0xff, 0xff, 0xff,
    0xff, 0xff, 0xff, 0xff, 0x6b, 0x0, 0x0, 0x0,
    0x0, 0xa0, 0xff, 0xff, 0xff, 0xff, 0xff, 0xff,
    0xff, 0xff, 0xff, 0xff, 0xff, 0xcd, 0x0, 0x0,
    0x0, 0xd, 0xf4, 0xff, 0xff, 0xf4, 0xf0, 0xf0,
    0xf0, 0xf0, 0xf0, 0xf1, 0xff, 0xff, 0xff, 0x2e,
    0x0, 0x0, 0x63, 0xff, 0xff, 0xfc, 0x18, 0x0,
    0x0, 0x0, 0x0, 0x0, 0x2, 0xe4, 0xff, 0xff,
    0x8f, 0x0, 0x0, 0xc5, 0xff, 0xff, 0xbb, 0x0,
    0x0, 0x0, 0x0, 0x0, 0x0, 0x0, 0x8e, 0xff,
    0xff, 0xeb, 0x5, 0x26, 0xff, 0xff, 0xff, 0x62,
    0x0, 0x0, 0x0, 0x0, 0x0, 0x0, 0x0, 0x35,
    0xff, 0xff, 0xff, 0x51, 0x87, 0xff, 0xff, 0xf8,
    0xf, 0x0, 0x0, 0x0, 0x0, 0x0, 0x0, 0x0,
    0x0, 0xdb, 0xff, 0xff, 0xb3,

    /* U+0101 "ā" */
    0x0, 0x0, 0x0, 0xf8, 0xff, 0xff, 0xff, 0xff,
    0xff, 0xff, 0x20, 0x0, 0x0, 0x0, 0x0, 0xf8,
    0xff, 0xff, 0xff, 0xff, 0xff, 0xff, 0x20, 0x0,
    0x0, 0x0, 0x0, 0x59, 0x5c, 0x5c, 0x5c, 0x5c,
    0x5c, 0x5c, 0xb, 0x0, 0x0, 0x0, 0x0, 0x0,
    0x0, 0x0, 0x0, 0x0, 0x0, 0x0, 0x0, 0x0,
    0x0, 0x0, 0x0, 0x0, 0x0, 0x0, 0x0, 0x0,
    0x0, 0x0, 0x0, 0x0, 0x0, 0x0, 0x14, 0x84,
    0xd0, 0xf1, 0xf8, 0xe1, 0xa7, 0x3a, 0x0, 0x0,
    0x0, 0x41, 0xed, 0xff, 0xff, 0xff, 0xff, 0xff,
    0xff, 0xfe, 0x71, 0x0, 0x0, 0x95, 0xfd, 0xff,
    0xcc, 0x90, 0x94, 0xda, 0xff, 0xff, 0xfd, 0x28,
    0x0, 0x0, 0x2a, 0x50, 0x0, 0x0, 0x0, 0x3,
    0xb7, 0xff, 0xff, 0x7f, 0x0, 0x0, 0x3a, 0xac,
    0xe9, 0xfc, 0xf0, 0xc4, 0xbe, 0xff, 0xff, 0xa5,
    0x0, 0x5d, 0xfe, 0xff, 0xff, 0xff, 0xff, 0xff,
    0xff, 0xff, 0xff, 0xaf, 0xe, 0xf3, 0xff, 0xff,
    0xc1, 0x57, 0x4b, 0x73, 0xd6, 0xff, 0xff, 0xb0,
    0x46, 0xff, 0xff, 0xec, 0x8, 0x0, 0x0, 0x0,
    0x8a, 0xff, 0xff, 0xb0, 0x46, 0xff, 0xff, 0xec,
    0xa, 0x0, 0x0, 0x1e, 0xed, 0xff, 0xff, 0xb0,
    0xf, 0xf1, 0xff, 0xff, 0xcd, 0x78, 0x90, 0xef,
    0xff, 0xff, 0xff, 0xb0, 0x0, 0x58, 0xfe, 0xff,
    0xff, 0xff, 0xff, 0xfc, 0xc9, 0xff, 0xff, 0xb0,
    0x0, 0x0, 0x38, 0xba, 0xf3, 0xf5, 0xc6, 0x40,
    0x68, 0xff, 0xff, 0xb0,

    /* U+0102 "Ă" */
    0x0, 0x0, 0x0, 0x0, 0x0, 0x53, 0x80, 0x4c,
    0x0, 0x32, 0x80, 0x6b, 0x0, 0x0, 0x0, 0x0,
    0x0, 0x0, 0x0, 0x0, 0x0, 0x0, 0x86, 0xff,
    0xdc, 0x35, 0xba, 0xff, 0xb5, 0x0, 0x0, 0x0,
    0x0, 0x0, 0x0, 0x0, 0x0, 0x0, 0x0, 0x18,
    0xee, 0xff, 0xff, 0xff, 0xfd, 0x39, 0x0, 0x0,
    0x0, 0x0, 0x0, 0x0, 0x0, 0x0, 0x0, 0x0,
    0x0, 0x2c, 0xc1, 0xf9, 0xd6, 0x48, 0x0, 0x0,
    0x0, 0x0, 0x0, 0x0, 0x0, 0x0, 0x0, 0x0,
    0x0, 0x0, 0x0, 0x0, 0x0, 0x0, 0x0, 0x0,
    0x0, 0x0, 0x0, 0x0, 0x0, 0x0, 0x0, 0x0,
    0x0, 0x0, 0x0, 0x71, 0xff, 0xff, 0xff, 0xa0,
    0x0, 0x0, 0x0, 0x0, 0x0, 0x0, 0x0, 0x0,
    0x0, 0x0, 0x0, 0x0, 0xd2, 0xff, 0xff, 0xff,
    0xf4, 0xc, 0x0, 0x0, 0x0, 0x0, 0x0, 0x0,
    0x0, 0x0, 0x0, 0x0, 0x34, 0xff, 0xff, 0xff,
    0xff, 0xff, 0x62, 0x0, 0x0, 0x0, 0x0, 0x0,
    0x0, 0x0, 0x0, 0x0, 0x0, 0x95, 0xff, 0xff,
    0xe9, 0xff, 0xff, 0xc3, 0x0, 0x0, 0x0, 0x0,
    0x0, 0x0, 0x0, 0x0, 0x0, 0x7, 0xee, 0xff,
    0xff, 0x54, 0xfd, 0xff, 0xff, 0x25, 0x0, 0x0,
    0x0, 0x0, 0x0, 0x0, 0x0, 0x0, 0x58, 0xff,
    0xff, 0xee, 0x4, 0xc3, 0xff, 0xff, 0x86, 0x0,
    0x0, 0x0, 0x0, 0x0, 0x0, 0x0, 0x0, 0xb9,
    0xff, 0xff, 0x9a, 0x0, 0x6b, 0xff, 0xff, 0xe4,
    0x2, 0x0, 0x0, 0x0, 0x0, 0x0, 0x0, 0x1d,
    0xfd, 0xff, 0xff, 0x3e, 0x0, 0x14, 0xfa, 0xff,
    0xff, 0x48, 0x0, 0x0, 0x0, 0x0, 0x0, 0x0,
    0x7c, 0xff, 0xff, 0xe0, 0x1, 0x0, 0x0, 0xb3,
    0xff, 0xff, 0xa9, 0x0, 0x0, 0x0, 0x0, 0x0,
    0x1, 0xdc, 0xff, 0xff, 0x86, 0x0, 0x0, 0x0,
    0x56, 0xff, 0xff, 0xf8, 0x12, 0x0, 0x0, 0x0,
    0x0, 0x3f, 0xff, 0xff, 0xff, 0xff, 0xff, 0xff,
    0xff, 0xff, 0xff, 0xff, 0xff, 0x6b, 0x0, 0x0,
    0x0, 0x0, 0xa0, 0xff, 0xff, 0xff, 0xff, 0xff,
    0xff, 0xff, 0xff, 0xff, 0xff, 0xff, 0xcd, 0x0,
    0x0, 0x0, 0xd, 0xf4, 0xff, 0xff, 0xf4, 0xf0,
    0xf0, 0xf0, 0xf0, 0xf0, 0xf1, 0xff, 0xff, 0xff,
    0x2e, 0x0, 0x0, 0x63, 0xff, 0xff, 0xfc, 0x18,
    0x0, 0x0, 0x0, 0x0, 0x0, 0x2, 0xe4, 0xff,
    0xff, 0x8f, 0x0, 0x0, 0xc5, 0xff, 0xff, 0xbb,
    0x0, 0x0, 0x0, 0x0, 0x0, 0x0, 0x0, 0x8e,
    0xff, 0xff, 0xeb, 0x5, 0x26, 0xff, 0xff, 0xff,
    0x62, 0x0, 0x0, 0x0, 0x0, 0x0, 0x0, 0x0,
    0x35, 0xff, 0xff, 0xff, 0x51, 0x87, 0xff, 0xff,
    0xf8, 0xf, 0x0, 0x0, 0x0, 0x0, 0x0, 0x0,
    0x0, 0x0, 0xdb, 0xff, 0xff, 0xb3,

    /* U+0103 "ă" */
    0x0, 0x0, 0x0, 0xbe, 0xff, 0xb0, 0x38, 0xbd,
    0xff, 0xa6, 0x0, 0x0, 0x0, 0x0, 0x0, 0x50,
    0xff, 0xff, 0xff, 0xff, 0xfc, 0x3e, 0x0, 0x0,
    0x0, 0x0, 0x0, 0x0, 0x58, 0xd2, 0xf4, 0xcd,
    0x4c, 0x0, 0x0, 0x0, 0x0, 0x0, 0x0, 0x0,
    0x0, 0x0, 0x0, 0x0, 0x0, 0x0, 0x0, 0x0,
    0x0, 0x0, 0x0, 0x0, 0x0, 0x0, 0x0, 0x0,
    0x0, 0x0, 0x0, 0x0, 0x0, 0x0, 0x14, 0x84,
    0xd0, 0xf1, 0xf8, 0xe1, 0xa7, 0x3a, 0x0, 0x0,
    0x0, 0x41, 0xed, 0xff, 0xff, 0xff, 0xff, 0xff,
    0xff, 0xfe, 0x71, 0x0, 0x0, 0x95, 0xfd, 0xff,
    0xcc, 0x90, 0x94, 0xda, 0xff, 0xff, 0xfd, 0x28,
    0x0, 0x0, 0x2a, 0x50, 0x0, 0x0, 0x0, 0x3,
    0xb7, 0xff, 0xff, 0x7f, 0x0, 0x0, 0x3a, 0xac,
    0xe9, 0xfc, 0xf0, 0xc4, 0xbe, 0xff, 0xff, 0xa5,
    0x0, 0x5d, 0xfe, 0xff, 0xff, 0xff, 0xff, 0xff,
    0xff, 0xff, 0xff, 0xaf, 0xe, 0xf3, 0xff, 0xff,
    0xc1, 0x57, 0x4b, 0x73, 0xd6, 0xff, 0xff, 0xb0,
    0x46, 0xff, 0xff, 0xec, 0x8, 0x0, 0x0, 0x0,
    0x8a, 0xff, 0xff, 0xb0, 0x46, 0xff, 0xff, 0xec,
    0xa, 0x0, 0x0, 0x1e, 0xed, 0xff, 0xff, 0xb0,
    0xf, 0xf1, 0xff, 0xff, 0xcd, 0x78, 0x90, 0xef,
    0xff, 0xff, 0xff, 0xb0, 0x0, 0x58, 0xfe, 0xff,
    0xff, 0xff, 0xff, 0xfc, 0xc9, 0xff, 0xff, 0xb0,
    0x0, 0x0, 0x38, 0xba, 0xf3, 0xf5, 0xc6, 0x40,
    0x68, 0xff, 0xff, 0xb0,

    /* U+0104 "Ą" */
    0x0, 0x0, 0x0, 0x0, 0x0, 0x0, 0x71, 0xff,
    0xff, 0xff, 0xa0, 0x0, 0x0, 0x0, 0x0, 0x0,
    0x0, 0x0, 0x0, 0x0, 0x0, 0x0, 0x0, 0x0,
    0xd2, 0xff, 0xff, 0xff, 0xf4, 0xc, 0x0, 0x0,
    0x0, 0x0, 0x0, 0x0, 0x0, 0x0, 0x0, 0x0,
    0x0, 0x34, 0xff, 0xff, 0xff, 0xff, 0xff, 0x62,
    0x0, 0x0, 0x0, 0x0, 0x0, 0x0, 0x0, 0x0,
    0x0, 0x0, 0x0, 0x95, 0xff, 0xff, 0xe9, 0xff,
    0xff, 0xc3, 0x0, 0x0, 0x0, 0x0, 0x0, 0x0,
    0x0, 0x0, 0x0, 0x0, 0x7, 0xee, 0xff, 0xff,
    0x54, 0xfd, 0xff, 0xff, 0x25, 0x0, 0x0, 0x0,
    0x0, 0x0, 0x0, 0x0, 0x0, 0x0, 0x58, 0xff,
    0xff, 0xee, 0x4, 0xc3, 0xff, 0xff, 0x86, 0x0,
    0x0, 0x0, 0x0, 0x0, 0x0, 0x0, 0x0, 0x0,
    0xb9, 0xff, 0xff, 0x9a, 0x0, 0x6b, 0xff, 0xff,
    0xe4, 0x2, 0x0, 0x0, 0x0, 0x0, 0x0, 0x0,
    0x0, 0x1d, 0xfd, 0xff, 0xff, 0x3e, 0x0, 0x14,
    0xfa, 0xff, 0xff, 0x48, 0x0, 0x0, 0x0, 0x0,
    0x0, 0x0, 0x0, 0x7c, 0xff, 0xff, 0xe0, 0x1,
    0x0, 0x0, 0xb3, 0xff, 0xff, 0xa9, 0x0, 0x0,
    0x0, 0x0, 0x0, 0x0, 0x1, 0xdc, 0xff, 0xff,
    0x86, 0x0, 0x0, 0x0, 0x56, 0xff, 0xff, 0xf8,
    0x12, 0x0, 0x0, 0x0, 0x0, 0x0, 0x3f, 0xff,
    0xff, 0xff, 0xff, 0xff, 0xff, 0xff, 0xff, 0xff,
    0xff, 0xff, 0x6b, 0x0, 0x0, 0x0, 0x0, 0x0,
    0xa0, 0xff, 0xff, 0xff, 0xff, 0xff, 0xff, 0xff,
    0xff, 0xff, 0xff, 0xff, 0xcd, 0x0, 0x0, 0x0,
    0x0, 0xd, 0xf4, 0xff, 0xff, 0xf4, 0xf0, 0xf0,
    0xf0, 0xf0, 0xf0, 0xf1, 0xff, 0xff, 0xff, 0x2e,
    0x0, 0x0, 0x0, 0x63, 0xff, 0xff, 0xfc, 0x18,
    0x0, 0x0, 0x0, 0x0, 0x0, 0x2, 0xe4, 0xff,
    0xff, 0x8f, 0x0, 0x0, 0x0, 0xc5, 0xff, 0xff,
    0xbb, 0x0, 0x0, 0x0, 0x0, 0x0, 0x0, 0x0,
    0x8d, 0xff, 0xff, 0xeb, 0x5, 0x0, 0x26, 0xff,
    0xff, 0xff, 0x62, 0x0, 0x0, 0x0, 0x0, 0x0,
    0x0, 0x0, 0x34, 0xff, 0xff, 0xff, 0x51, 0x0,
    0x87, 0xff, 0xff, 0xf8, 0xf, 0x0, 0x0, 0x0,
    0x0, 0x0, 0x0, 0x0, 0x0, 0xd8, 0xff, 0xff,
    0xb3, 0x0, 0x0, 0x0, 0x0, 0x0, 0x0, 0x0,
    0x0, 0x0, 0x0, 0x0, 0x0, 0x0, 0x0, 0x87,
    0xff, 0xed, 0x4b, 0x0, 0x0, 0x0, 0x0, 0x0,
    0x0, 0x0, 0x0, 0x0, 0x0, 0x0, 0x0, 0x0,
    0x38, 0xff, 0xff, 0x5a, 0x0, 0x0, 0x0, 0x0,
    0x0, 0x0, 0x0, 0x0, 0x0, 0x0, 0x0, 0x0,
    0x0, 0x0, 0x60, 0xff, 0xff, 0xa0, 0x42, 0x0,
    0x0, 0x0, 0x0, 0x0, 0x0, 0x0, 0x0, 0x0,
    0x0, 0x0, 0x0, 0x0, 0x25, 0xf9, 0xff, 0xff,
    0xfe, 0x21, 0x0, 0x0, 0x0, 0x0, 0x0, 0x0,
    0x0, 0x0, 0x0, 0x0, 0x0, 0x0, 0x0, 0x4a,
    0xcd, 0xf6, 0xe7, 0x51,

    /* U+0105 "ą" */
    0x0, 0x0, 0x14, 0x84, 0xd0, 0xf1, 0xf8, 0xe2,
    0xa9, 0x3e, 0x0, 0x0, 0x0, 0x0, 0x41, 0xed,
    0xff, 0xff, 0xff, 0xff, 0xff, 0xff, 0xff, 0x7a,
    0x0, 0x0, 0x0, 0x95, 0xfd, 0xff, 0xcc, 0x90,
    0x94, 0xda, 0xff, 0xff, 0xfe, 0x30, 0x0, 0x0,
    0x0, 0x2a, 0x50, 0x0, 0x0, 0x0, 0x3, 0xb7,
    0xff, 0xff, 0x86, 0x0, 0x0, 0x0, 0x3a, 0xac,
    0xe9, 0xfc, 0xf0, 0xc4, 0xbe, 0xff, 0xff, 0xa8,
    0x0, 0x0, 0x5d, 0xfe, 0xff, 0xff, 0xff, 0xff,
    0xff, 0xff, 0xff, 0xff, 0xb0, 0x0, 0xe, 0xf3,
    0xff, 0xff, 0xc1, 0x57, 0x4b, 0x73, 0xd6, 0xff,
    0xff, 0xb0, 0x0, 0x46, 0xff, 0xff, 0xec, 0x8,
    0x0, 0x0, 0x0, 0x8a, 0xff, 0xff, 0xb0, 0x0,
    0x46, 0xff, 0xff, 0xec, 0xa, 0x0, 0x0, 0x1e,
    0xed, 0xff, 0xff, 0xb0, 0x0, 0xf, 0xf1, 0xff,
    0xff, 0xcd, 0x78, 0x90, 0xef, 0xff, 0xff, 0xff,
    0xb0, 0x0, 0x0, 0x58, 0xfe, 0xff, 0xff, 0xff,
    0xff, 0xf5, 0xb5, 0xff, 0xff, 0xb0, 0x0, 0x0,
    0x0, 0x38, 0xba, 0xf3, 0xf4, 0xc0, 0x33, 0x64,
    0xff, 0xff, 0x9b, 0x0, 0x0, 0x0, 0x0, 0x0,
    0x0, 0x0, 0x0, 0x13, 0xdb, 0xff, 0xae, 0x7,
    0x0, 0x0, 0x0, 0x0, 0x0, 0x0, 0x0, 0x0,
    0x7e, 0xff, 0xff, 0x22, 0x0, 0x0, 0x0, 0x0,
    0x0, 0x0, 0x0, 0x0, 0x0, 0x91, 0xff, 0xff,
    0x82, 0x34, 0x0, 0x0, 0x0, 0x0, 0x0, 0x0,
    0x0, 0x0, 0x48, 0xff, 0xff, 0xff, 0xe5, 0x4,
    0x0, 0x0, 0x0, 0x0, 0x0, 0x0, 0x0, 0x0,
    0x64, 0xd9, 0xf8, 0xdc, 0x29,

    /* U+0106 "Ć" */
    0x0, 0x0, 0x0, 0x0, 0x0, 0x0, 0x0, 0x0,
    0x0, 0xb4, 0xff, 0xff, 0xc7, 0x2, 0x0, 0x0,
    0x0, 0x0, 0x0, 0x0, 0x0, 0x0, 0x0, 0x0,
    0x0, 0xb, 0xf7, 0xff, 0xf7, 0x28, 0x0, 0x0,
    0x0, 0x0, 0x0, 0x0, 0x0, 0x0, 0x0, 0x0,
    0x0, 0x0, 0x52, 0xff, 0xff, 0x74, 0x0, 0x0,
    0x0, 0x0, 0x0, 0x0, 0x0, 0x0, 0x0, 0x0,
    0x0, 0x0, 0x0, 0x1e, 0x3c, 0x3b, 0x2, 0x0,
    0x0, 0x0, 0x0, 0x0, 0x0, 0x0, 0x0, 0x0,
    0x0, 0x0, 0x0, 0x0, 0x0, 0x0, 0x0, 0x0,
    0x0, 0x0, 0x0, 0x0, 0x0, 0x0, 0x0, 0x0,
    0x0, 0x0, 0x7, 0x61, 0xae, 0xe0, 0xf6, 0xf1,
    0xd8, 0x9a, 0x41, 0x0, 0x0, 0x0, 0x0, 0x0,
    0x0, 0x0, 0x55, 0xe4, 0xff, 0xff, 0xff, 0xff,
    0xff, 0xff, 0xff, 0xff, 0xb5, 0x19, 0x0, 0x0,
    0x0, 0x0, 0x83, 0xff, 0xff, 0xff, 0xff, 0xff,
    0xff, 0xff, 0xff, 0xff, 0xff, 0xff, 0xde, 0x16,
    0x0, 0x0, 0x68, 0xff, 0xff, 0xff, 0xee, 0x82,
    0x33, 0x11, 0x17, 0x45, 0xae, 0xff, 0xff, 0x81,
    0x0, 0x0, 0x19, 0xf3, 0xff, 0xff, 0xcd, 0x1a,
    0x0, 0x0, 0x0, 0x0, 0x0, 0x0, 0x5b, 0x69,
    0x0, 0x0, 0x0, 0x87, 0xff, 0xff, 0xef, 0x17,
    0x0, 0x0, 0x0, 0x0, 0x0, 0x0, 0x0, 0x0,
    0x0, 0x0, 0x0, 0x0, 0xd8, 0xff, 0xff, 0x81,
    0x0, 0x0, 0x0, 0x0, 0x0, 0x0, 0x0, 0x0,
    0x0, 0x0, 0x0, 0x0, 0x4, 0xfe, 0xff, 0xff,
    0x3b, 0x0, 0x0, 0x0, 0x0, 0x0, 0x0, 0x0,
    0x0, 0x0, 0x0, 0x0, 0x0, 0x16, 0xff, 0xff,
    0xff, 0x26, 0x0, 0x0, 0x0, 0x0, 0x0, 0x0,
    0x0, 0x0, 0x0, 0x0, 0x0, 0x0, 0x4, 0xfe,
    0xff, 0xff, 0x3a, 0x0, 0x0, 0x0, 0x0, 0x0,
    0x0, 0x0, 0x0, 0x0, 0x0, 0x0, 0x0, 0x0,
    0xd9, 0xff, 0xff, 0x7f, 0x0, 0x0, 0x0, 0x0,
    0x0, 0x0, 0x0, 0x0, 0x0, 0x0, 0x0, 0x0,
    0x0, 0x88, 0xff, 0xff, 0xee, 0x17, 0x0, 0x0,
    0x0, 0x0, 0x0, 0x0, 0x0, 0x0, 0x4, 0x0,
    0x0, 0x0, 0x1a, 0xf4, 0xff, 0xff, 0xca, 0x18,
    0x0, 0x0, 0x0, 0x0, 0x0, 0x0, 0x42, 0xdf,
    0x36, 0x0, 0x0, 0x0, 0x69, 0xff, 0xff, 0xff,
    0xed, 0x81, 0x33, 0x10, 0x16, 0x3f, 0x9c, 0xfd,
    0xff, 0xf4, 0x47, 0x0, 0x0, 0x0, 0x84, 0xff,
    0xff, 0xff, 0xff, 0xff, 0xff, 0xff, 0xff, 0xff,
    0xff, 0xff, 0xf2, 0x3e, 0x0, 0x0, 0x0, 0x0,
    0x55, 0xe4, 0xff, 0xff, 0xff, 0xff, 0xff, 0xff,
    0xff, 0xff, 0xc9, 0x2f, 0x0, 0x0, 0x0, 0x0,
    0x0, 0x0, 0x8, 0x61, 0xaf, 0xe0, 0xf6, 0xf2,
    0xd9, 0xa1, 0x4e, 0x1, 0x0, 0x0,

    /* U+0107 "ć" */
    0x0, 0x0, 0x0, 0x0, 0x0, 0x1, 0xe3, 0xff,
    0xff, 0x99, 0x0, 0x0, 0x0, 0x0, 0x0, 0x0,
    0x0, 0x0, 0x35, 0xff, 0xff, 0xe1, 0xd, 0x0,
    0x0, 0x0, 0x0, 0x0, 0x0, 0x0, 0x0, 0x86,
    0xff, 0xfe, 0x44, 0x0, 0x0, 0x0, 0x0, 0x0,
    0x0, 0x0, 0x0, 0x0, 0x28, 0x38, 0x2f, 0x0,
    0x0, 0x0, 0x0, 0x0, 0x0, 0x0, 0x0, 0x0,
    0x0, 0x0, 0x0, 0x0, 0x0, 0x0, 0x0, 0x0,
    0x0, 0x0, 0x0, 0x0, 0x1e, 0x8e, 0xd7, 0xf6,
    0xed, 0xcb, 0x73, 0xe, 0x0, 0x0, 0x0, 0x0,
    0x57, 0xf5, 0xff, 0xff, 0xff, 0xff, 0xff, 0xff,
    0xdc, 0x26, 0x0, 0x0, 0x3c, 0xfb, 0xff, 0xff,
    0xff, 0xee, 0xf0, 0xff, 0xff, 0xff, 0xdb, 0x8,
    0x0, 0xca, 0xff, 0xff, 0xde, 0x3c, 0x0, 0x1,
    0x58, 0xf7, 0xf5, 0xa1, 0x1d, 0x21, 0xff, 0xff,
    0xff, 0x34, 0x0, 0x0, 0x0, 0x0, 0x36, 0xe,
    0x0, 0x0, 0x48, 0xff, 0xff, 0xe7, 0x0, 0x0,
    0x0, 0x0, 0x0, 0x0, 0x0, 0x0, 0x0, 0x49,
    0xff, 0xff, 0xe6, 0x0, 0x0, 0x0, 0x0, 0x0,
    0x0, 0x0, 0x0, 0x0, 0x21, 0xff, 0xff, 0xff,
    0x33, 0x0, 0x0, 0x0, 0x0, 0x38, 0x1d, 0x0,
    0x0, 0x0, 0xca, 0xff, 0xff, 0xdc, 0x38, 0x0,
    0x0, 0x4c, 0xf0, 0xfc, 0xae, 0x28, 0x0, 0x3c,
    0xfb, 0xff, 0xff, 0xff, 0xed, 0xef, 0xff, 0xff,
    0xff, 0xe3, 0x11, 0x0, 0x0, 0x57, 0xf6, 0xff,
    0xff, 0xff, 0xff, 0xff, 0xff, 0xdf, 0x2a, 0x0,
    0x0, 0x0, 0x0, 0x20, 0x91, 0xd9, 0xf7, 0xee,
    0xcd, 0x77, 0x10, 0x0, 0x0,

    /* U+0108 "Ĉ" */
    0x0, 0x0, 0x0, 0x0, 0x0, 0x0, 0x0, 0x3,
    0xa1, 0xc8, 0xc8, 0x6b, 0x0, 0x0, 0x0, 0x0,
    0x0, 0x0, 0x0, 0x0, 0x0, 0x0, 0x0, 0x0,
    0x90, 0xff, 0xff, 0xff, 0xfb, 0x3e, 0x0, 0x0,
    0x0, 0x0, 0x0, 0x0, 0x0, 0x0, 0x0, 0x0,
    0x64, 0xff, 0xff, 0x71, 0xb6, 0xff, 0xe7, 0x19,
    0x0, 0x0, 0x0, 0x0, 0x0, 0x0, 0x0, 0x0,
    0x15, 0xb6, 0xbc, 0xaf, 0x6, 0x2c, 0xbc, 0xbc,
    0x80, 0x0, 0x0, 0x0, 0x0, 0x0, 0x0, 0x0,
    0x0, 0x0, 0x0, 0x0, 0x0, 0x0, 0x0, 0x0,
    0x0, 0x0, 0x0, 0x0, 0x0, 0x0, 0x0, 0x0,
    0x0, 0x0, 0x7, 0x61, 0xae, 0xe0, 0xf6, 0xf1,
    0xd8, 0x9a, 0x41, 0x0, 0x0, 0x0, 0x0, 0x0,
    0x0, 0x0, 0x55, 0xe4, 0xff, 0xff, 0xff, 0xff,
    0xff, 0xff, 0xff, 0xff, 0xb5, 0x19, 0x0, 0x0,
    0x0, 0x0, 0x83, 0xff, 0xff, 0xff, 0xff, 0xff,
    0xff, 0xff, 0xff, 0xff, 0xff, 0xff, 0xde, 0x16,
    0x0, 0x0, 0x68, 0xff, 0xff, 0xff, 0xee, 0x82,
    0x33, 0x11, 0x17, 0x45, 0xae, 0xff, 0xff, 0x81,
    0x0, 0x0, 0x19, 0xf3, 0xff, 0xff, 0xcd, 0x1a,
    0x0, 0x0, 0x0, 0x0, 0x0, 0x0, 0x5b, 0x69,
    0x0, 0x0, 0x0, 0x87, 0xff, 0xff, 0xef, 0x17,
    0x0, 0x0, 0x0, 0x0, 0x0, 0x0, 0x0, 0x0,
    0x0, 0x0, 0x0, 0x0, 0xd8, 0xff, 0xff, 0x81,
    0x0, 0x0, 0x0, 0x0, 0x0, 0x0, 0x0, 0x0,
    0x0, 0x0, 0x0, 0x0, 0x4, 0xfe, 0xff, 0xff,
    0x3b, 0x0, 0x0, 0x0, 0x0, 0x0, 0x0, 0x0,
    0x0, 0x0, 0x0, 0x0, 0x0, 0x16, 0xff, 0xff,
    0xff, 0x26, 0x0, 0x0, 0x0, 0x0, 0x0, 0x0,
    0x0, 0x0, 0x0, 0x0, 0x0, 0x0, 0x4, 0xfe,
    0xff, 0xff, 0x3a, 0x0, 0x0, 0x0, 0x0, 0x0,
    0x0, 0x0, 0x0, 0x0, 0x0, 0x0, 0x0, 0x0,
    0xd9, 0xff, 0xff, 0x7f, 0x0, 0x0, 0x0, 0x0,
    0x0, 0x0, 0x0, 0x0, 0x0, 0x0, 0x0, 0x0,
    0x0, 0x88, 0xff, 0xff, 0xee, 0x17, 0x0, 0x0,
    0x0, 0x0, 0x0, 0x0, 0x0, 0x0, 0x4, 0x0,
    0x0, 0x0, 0x1a, 0xf4, 0xff, 0xff, 0xca, 0x18,
    0x0, 0x0, 0x0, 0x0, 0x0, 0x0, 0x42, 0xdf,
    0x36, 0x0, 0x0, 0x0, 0x69, 0xff, 0xff, 0xff,
    0xed, 0x81, 0x33, 0x10, 0x16, 0x3f, 0x9c, 0xfd,
    0xff, 0xf4, 0x47, 0x0, 0x0, 0x0, 0x84, 0xff,
    0xff, 0xff, 0xff, 0xff, 0xff, 0xff, 0xff, 0xff,
    0xff, 0xff, 0xf2, 0x3e, 0x0, 0x0, 0x0, 0x0,
    0x55, 0xe4, 0xff, 0xff, 0xff, 0xff, 0xff, 0xff,
    0xff, 0xff, 0xc9, 0x2f, 0x0, 0x0, 0x0, 0x0,
    0x0, 0x0, 0x8, 0x61, 0xaf, 0xe0, 0xf6, 0xf2,
    0xd9, 0xa1, 0x4e, 0x1, 0x0, 0x0,

    /* U+0109 "ĉ" */
    0x0, 0x0, 0x0, 0x0, 0x20, 0xe4, 0xff, 0xff,
    0xa0, 0x0, 0x0, 0x0, 0x0, 0x0, 0x0, 0x0,
    0x1a, 0xdd, 0xff, 0xe9, 0xfd, 0xff, 0x84, 0x0,
    0x0, 0x0, 0x0, 0x0, 0x12, 0xd5, 0xff, 0xf7,
    0x2d, 0x83, 0xff, 0xff, 0x68, 0x0, 0x0, 0x0,
    0x0, 0x5, 0x14, 0x14, 0xe, 0x0, 0x2, 0x14,
    0x14, 0x11, 0x0, 0x0, 0x0, 0x0, 0x0, 0x0,
    0x0, 0x0, 0x0, 0x0, 0x0, 0x0, 0x0, 0x0,
    0x0, 0x0, 0x0, 0x0, 0x1e, 0x8e, 0xd7, 0xf6,
    0xed, 0xcb, 0x73, 0xe, 0x0, 0x0, 0x0, 0x0,
    0x57, 0xf5, 0xff, 0xff, 0xff, 0xff, 0xff, 0xff,
    0xdc, 0x26, 0x0, 0x0, 0x3c, 0xfb, 0xff, 0xff,
    0xff, 0xee, 0xf0, 0xff, 0xff, 0xff, 0xdb, 0x8,
    0x0, 0xca, 0xff, 0xff, 0xde, 0x3c, 0x0, 0x1,
    0x58, 0xf7, 0xf5, 0xa1, 0x1d, 0x21, 0xff, 0xff,
    0xff, 0x34, 0x0, 0x0, 0x0, 0x0, 0x36, 0xe,
    0x0, 0x0, 0x48, 0xff, 0xff, 0xe7, 0x0, 0x0,
    0x0, 0x0, 0x0, 0x0, 0x0, 0x0, 0x0, 0x49,
    0xff, 0xff, 0xe6, 0x0, 0x0, 0x0, 0x0, 0x0,
    0x0, 0x0, 0x0, 0x0, 0x21, 0xff, 0xff, 0xff,
    0x33, 0x0, 0x0, 0x0, 0x0, 0x38, 0x1d, 0x0,
    0x0, 0x0, 0xca, 0xff, 0xff, 0xdc, 0x38, 0x0,
    0x0, 0x4c, 0xf0, 0xfc, 0xae, 0x28, 0x0, 0x3c,
    0xfb, 0xff, 0xff, 0xff, 0xed, 0xef, 0xff, 0xff,
    0xff, 0xe3, 0x11, 0x0, 0x0, 0x57, 0xf6, 0xff,
    0xff, 0xff, 0xff, 0xff, 0xff, 0xdf, 0x2a, 0x0,
    0x0, 0x0, 0x0, 0x20, 0x91, 0xd9, 0xf7, 0xee,
    0xcd, 0x77, 0x10, 0x0, 0x0,

    /* U+010A "Ċ" */
    0x0, 0x0, 0x0, 0x0, 0x0, 0x0, 0x0, 0x0,
    0x11, 0x4f, 0x14, 0x0, 0x0, 0x0, 0x0, 0x0,
    0x0, 0x0, 0x0, 0x0, 0x0, 0x0, 0x0, 0x0,
    0x7, 0xdc, 0xff, 0xe1, 0xa, 0x0, 0x0, 0x0,
    0x0, 0x0, 0x0, 0x0, 0x0, 0x0, 0x0, 0x0,
    0x0, 0x1d, 0xff, 0xff, 0xff, 0x25, 0x0, 0x0,
    0x0, 0x0, 0x0, 0x0, 0x0, 0x0, 0x0, 0x0,
    0x0, 0x0, 0x0, 0x92, 0xf3, 0x9a, 0x0, 0x0,
    0x0, 0x0, 0x0, 0x0, 0x0, 0x0, 0x0, 0x0,
    0x0, 0x0, 0x0, 0x0, 0x0, 0x0, 0x0, 0x0,
    0x0, 0x0, 0x0, 0x0, 0x0, 0x0, 0x0, 0x0,
    0x0, 0x0, 0x0, 0x0, 0x0, 0x0, 0x0, 0x0,
    0x0, 0x0, 0x0, 0x0, 0x0, 0x0, 0x0, 0x0,
    0x0, 0x0, 0x0, 0x7, 0x61, 0xae, 0xe0, 0xf6,
    0xf1, 0xd8, 0x9a, 0x41, 0x0, 0x0, 0x0, 0x0,
    0x0, 0x0, 0x0, 0x55, 0xe4, 0xff, 0xff, 0xff,
    0xff, 0xff, 0xff, 0xff, 0xff, 0xb5, 0x19, 0x0,
    0x0, 0x0, 0x0, 0x83, 0xff, 0xff, 0xff, 0xff,
    0xff, 0xff, 0xff, 0xff, 0xff, 0xff, 0xff, 0xde,
    0x16, 0x0, 0x0, 0x68, 0xff, 0xff, 0xff, 0xee,
    0x82, 0x33, 0x11, 0x17, 0x45, 0xae, 0xff, 0xff,
    0x81, 0x0, 0x0, 0x19, 0xf3, 0xff, 0xff, 0xcd,
    0x1a, 0x0, 0x0, 0x0, 0x0, 0x0, 0x0, 0x5b,
    0x69, 0x0, 0x0, 0x0, 0x87, 0xff, 0xff, 0xef,
    0x17, 0x0, 0x0, 0x0, 0x0, 0x0, 0x0, 0x0,
    0x0, 0x0, 0x0, 0x0, 0x0, 0xd8, 0xff, 0xff,
    0x81, 0x0, 0x0, 0x0, 0x0, 0x0, 0x0, 0x0,
    0x0, 0x0, 0x0, 0x0, 0x0, 0x4, 0xfe, 0xff,
    0xff, 0x3b, 0x0, 0x0, 0x0, 0x0, 0x0, 0x0,
    0x0, 0x0, 0x0, 0x0, 0x0, 0x0, 0x16, 0xff,
    0xff, 0xff, 0x26, 0x0, 0x0, 0x0, 0x0, 0x0,
    0x0, 0x0, 0x0, 0x0, 0x0, 0x0, 0x0, 0x4,
    0xfe, 0xff, 0xff, 0x3a, 0x0, 0x0, 0x0, 0x0,
    0x0, 0x0, 0x0, 0x0, 0x0, 0x0, 0x0, 0x0,
    0x0, 0xd9, 0xff, 0xff, 0x7f, 0x0, 0x0, 0x0,
    0x0, 0x0, 0x0, 0x0, 0x0, 0x0, 0x0, 0x0,
    0x0, 0x0, 0x88, 0xff, 0xff, 0xee, 0x17, 0x0,
    0x0, 0x0, 0x0, 0x0, 0x0, 0x0, 0x0, 0x4,
    0x0, 0x0, 0x0, 0x1a, 0xf4, 0xff, 0xff, 0xca,
    0x18, 0x0, 0x0, 0x0, 0x0, 0x0, 0x0, 0x42,
    0xdf, 0x36, 0x0, 0x0, 0x0, 0x69, 0xff, 0xff,
    0xff, 0xed, 0x81, 0x33, 0x10, 0x16, 0x3f, 0x9c,
    0xfd, 0xff, 0xf4, 0x47, 0x0, 0x0, 0x0, 0x84,
    0xff, 0xff, 0xff, 0xff, 0xff, 0xff, 0xff, 0xff,
    0xff, 0xff, 0xff, 0xf2, 0x3e, 0x0, 0x0, 0x0,
    0x0, 0x55, 0xe4, 0xff, 0xff, 0xff, 0xff, 0xff,
    0xff, 0xff, 0xff, 0xc9, 0x2f, 0x0, 0x0, 0x0,
    0x0, 0x0, 0x0, 0x8, 0x61, 0xaf, 0xe0, 0xf6,
    0xf2, 0xd9, 0xa1, 0x4e, 0x1, 0x0, 0x0,

    /* U+010B "ċ" */
    0x0, 0x0, 0x0, 0x0, 0x0, 0x5b, 0xed, 0xd2,
    0x23, 0x0, 0x0, 0x0, 0x0, 0x0, 0x0, 0x0,
    0x0, 0x0, 0xea, 0xff, 0xff, 0x92, 0x0, 0x0,
    0x0, 0x0, 0x0, 0x0, 0x0, 0x0, 0x0, 0xca,
    0xff, 0xff, 0x73, 0x0, 0x0, 0x0, 0x0, 0x0,
    0x0, 0x0, 0x0, 0x0, 0x1b, 0x89, 0x6f, 0x4,
    0x0, 0x0, 0x0, 0x0, 0x0, 0x0, 0x0, 0x0,
    0x0, 0x0, 0x0, 0x0, 0x0, 0x0, 0x0, 0x0,
    0x0, 0x0, 0x0, 0x0, 0x1e, 0x8e, 0xd7, 0xf6,
    0xed, 0xcb, 0x73, 0xe, 0x0, 0x0, 0x0, 0x0,
    0x57, 0xf5, 0xff, 0xff, 0xff, 0xff, 0xff, 0xff,
    0xdc, 0x26, 0x0, 0x0, 0x3c, 0xfb, 0xff, 0xff,
    0xff, 0xee, 0xf0, 0xff, 0xff, 0xff, 0xdb, 0x8,
    0x0, 0xca, 0xff, 0xff, 0xde, 0x3c, 0x0, 0x1,
    0x58, 0xf7, 0xf5, 0xa1, 0x1d, 0x21, 0xff, 0xff,
    0xff, 0x34, 0x0, 0x0, 0x0, 0x0, 0x36, 0xe,
    0x0, 0x0, 0x48, 0xff, 0xff, 0xe7, 0x0, 0x0,
    0x0, 0x0, 0x0, 0x0, 0x0, 0x0, 0x0, 0x49,
    0xff, 0xff, 0xe6, 0x0, 0x0, 0x0, 0x0, 0x0,
    0x0, 0x0, 0x0, 0x0, 0x21, 0xff, 0xff, 0xff,
    0x33, 0x0, 0x0, 0x0, 0x0, 0x38, 0x1d, 0x0,
    0x0, 0x0, 0xca, 0xff, 0xff, 0xdc, 0x38, 0x0,
    0x0, 0x4c, 0xf0, 0xfc, 0xae, 0x28, 0x0, 0x3c,
    0xfb, 0xff, 0xff, 0xff, 0xed, 0xef, 0xff, 0xff,
    0xff, 0xe3, 0x11, 0x0, 0x0, 0x57, 0xf6, 0xff,
    0xff, 0xff, 0xff, 0xff, 0xff, 0xdf, 0x2a, 0x0,
    0x0, 0x0, 0x0, 0x20, 0x91, 0xd9, 0xf7, 0xee,
    0xcd, 0x77, 0x10, 0x0, 0x0,

    /* U+010C "Č" */
    0x0, 0x0, 0x0, 0x0, 0x0, 0x28, 0xeb, 0xff,
    0xd1, 0xc, 0xb4, 0xff, 0xfe, 0x5f, 0x0, 0x0,
    0x0, 0x0, 0x0, 0x0, 0x0, 0x0, 0x0, 0x36,
    0xf4, 0xff, 0xe6, 0xff, 0xff, 0x68, 0x0, 0x0,
    0x0, 0x0, 0x0, 0x0, 0x0, 0x0, 0x0, 0x0,
    0x0, 0x46, 0xfa, 0xff, 0xff, 0x6d, 0x0, 0x0,
    0x0, 0x0, 0x0, 0x0, 0x0, 0x0, 0x0, 0x0,
    0x0, 0x0, 0x0, 0x0, 0x0, 0x0, 0x0, 0x0,
    0x0, 0x0, 0x0, 0x0, 0x0, 0x0, 0x0, 0x0,
    0x0, 0x0, 0x0, 0x0, 0x0, 0x0, 0x0, 0x0,
    0x0, 0x0, 0x0, 0x0, 0x0, 0x0, 0x0, 0x0,
    0x0, 0x0, 0x7, 0x61, 0xae, 0xe0, 0xf6, 0xf1,
    0xd8, 0x9a, 0x41, 0x0, 0x0, 0x0, 0x0, 0x0,
    0x0, 0x0, 0x55, 0xe4, 0xff, 0xff, 0xff, 0xff,
    0xff, 0xff, 0xff, 0xff, 0xb5, 0x19, 0x0, 0x0,
    0x0, 0x0, 0x83, 0xff, 0xff, 0xff, 0xff, 0xff,
    0xff, 0xff, 0xff, 0xff, 0xff, 0xff, 0xde, 0x16,
    0x0, 0x0, 0x68, 0xff, 0xff, 0xff, 0xee, 0x82,
    0x33, 0x11, 0x17, 0x45, 0xae, 0xff, 0xff, 0x81,
    0x0, 0x0, 0x19, 0xf3, 0xff, 0xff, 0xcd, 0x1a,
    0x0, 0x0, 0x0, 0x0, 0x0, 0x0, 0x5b, 0x69,
    0x0, 0x0, 0x0, 0x87, 0xff, 0xff, 0xef, 0x17,
    0x0, 0x0, 0x0, 0x0, 0x0, 0x0, 0x0, 0x0,
    0x0, 0x0, 0x0, 0x0, 0xd8, 0xff, 0xff, 0x81,
    0x0, 0x0, 0x0, 0x0, 0x0, 0x0, 0x0, 0x0,
    0x0, 0x0, 0x0, 0x0, 0x4, 0xfe, 0xff, 0xff,
    0x3b, 0x0, 0x0, 0x0, 0x0, 0x0, 0x0, 0x0,
    0x0, 0x0, 0x0, 0x0, 0x0, 0x16, 0xff, 0xff,
    0xff, 0x26, 0x0, 0x0, 0x0, 0x0, 0x0, 0x0,
    0x0, 0x0, 0x0, 0x0, 0x0, 0x0, 0x4, 0xfe,
    0xff, 0xff, 0x3a, 0x0, 0x0, 0x0, 0x0, 0x0,
    0x0, 0x0, 0x0, 0x0, 0x0, 0x0, 0x0, 0x0,
    0xd9, 0xff, 0xff, 0x7f, 0x0, 0x0, 0x0, 0x0,
    0x0, 0x0, 0x0, 0x0, 0x0, 0x0, 0x0, 0x0,
    0x0, 0x88, 0xff, 0xff, 0xee, 0x17, 0x0, 0x0,
    0x0, 0x0, 0x0, 0x0, 0x0, 0x0, 0x4, 0x0,
    0x0, 0x0, 0x1a, 0xf4, 0xff, 0xff, 0xca, 0x18,
    0x0, 0x0, 0x0, 0x0, 0x0, 0x0, 0x42, 0xdf,
    0x36, 0x0, 0x0, 0x0, 0x69, 0xff, 0xff, 0xff,
    0xed, 0x81, 0x33, 0x10, 0x16, 0x3f, 0x9c, 0xfd,
    0xff, 0xf4, 0x47, 0x0, 0x0, 0x0, 0x84, 0xff,
    0xff, 0xff, 0xff, 0xff, 0xff, 0xff, 0xff, 0xff,
    0xff, 0xff, 0xf2, 0x3e, 0x0, 0x0, 0x0, 0x0,
    0x55, 0xe4, 0xff, 0xff, 0xff, 0xff, 0xff, 0xff,
    0xff, 0xff, 0xc9, 0x2f, 0x0, 0x0, 0x0, 0x0,
    0x0, 0x0, 0x8, 0x61, 0xaf, 0xe0, 0xf6, 0xf2,
    0xd9, 0xa1, 0x4e, 0x1, 0x0, 0x0,

    /* U+010D "č" */
    0x0, 0x0, 0x3, 0xa9, 0xff, 0xfb, 0x53, 0x70,
    0xff, 0xff, 0xa9, 0x2, 0x0, 0x0, 0x0, 0x0,
    0x4, 0xac, 0xff, 0xff, 0xff, 0xff, 0x9e, 0x3,
    0x0, 0x0, 0x0, 0x0, 0x0, 0x0, 0x4, 0x9b,
    0xc4, 0xc4, 0x88, 0x1, 0x0, 0x0, 0x0, 0x0,
    0x0, 0x0, 0x0, 0x0, 0x0, 0x0, 0x0, 0x0,
    0x0, 0x0, 0x0, 0x0, 0x0, 0x0, 0x0, 0x0,
    0x0, 0x0, 0x0, 0x0, 0x0, 0x0, 0x0, 0x0,
    0x0, 0x0, 0x0, 0x0, 0x1e, 0x8e, 0xd7, 0xf6,
    0xed, 0xcb, 0x73, 0xe, 0x0, 0x0, 0x0, 0x0,
    0x57, 0xf5, 0xff, 0xff, 0xff, 0xff, 0xff, 0xff,
    0xdc, 0x26, 0x0, 0x0, 0x3c, 0xfb, 0xff, 0xff,
    0xff, 0xee, 0xf0, 0xff, 0xff, 0xff, 0xdb, 0x8,
    0x0, 0xca, 0xff, 0xff, 0xde, 0x3c, 0x0, 0x1,
    0x58, 0xf7, 0xf5, 0xa1, 0x1d, 0x21, 0xff, 0xff,
    0xff, 0x34, 0x0, 0x0, 0x0, 0x0, 0x36, 0xe,
    0x0, 0x0, 0x48, 0xff, 0xff, 0xe7, 0x0, 0x0,
    0x0, 0x0, 0x0, 0x0, 0x0, 0x0, 0x0, 0x49,
    0xff, 0xff, 0xe6, 0x0, 0x0, 0x0, 0x0, 0x0,
    0x0, 0x0, 0x0, 0x0, 0x21, 0xff, 0xff, 0xff,
    0x33, 0x0, 0x0, 0x0, 0x0, 0x38, 0x1d, 0x0,
    0x0, 0x0, 0xca, 0xff, 0xff, 0xdc, 0x38, 0x0,
    0x0, 0x4c, 0xf0, 0xfc, 0xae, 0x28, 0x0, 0x3c,
    0xfb, 0xff, 0xff, 0xff, 0xed, 0xef, 0xff, 0xff,
    0xff, 0xe3, 0x11, 0x0, 0x0, 0x57, 0xf6, 0xff,
    0xff, 0xff, 0xff, 0xff, 0xff, 0xdf, 0x2a, 0x0,
    0x0, 0x0, 0x0, 0x20, 0x91, 0xd9, 0xf7, 0xee,
    0xcd, 0x77, 0x10, 0x0, 0x0,

    /* U+010E "Ď" */
    0x0, 0x0, 0x9, 0x7b, 0x80, 0x73, 0x0, 0x1a,
    0x80, 0x80, 0x6e, 0x0, 0x0, 0x0, 0x0, 0x0,
    0x0, 0x0, 0x0, 0x6b, 0xff, 0xff, 0x62, 0xb1,
    0xff, 0xf9, 0x42, 0x0, 0x0, 0x0, 0x0, 0x0,
    0x0, 0x0, 0x0, 0x0, 0x95, 0xff, 0xff, 0xff,
    0xfe, 0x5b, 0x0, 0x0, 0x0, 0x0, 0x0, 0x0,
    0x0, 0x0, 0x0, 0x0, 0x4, 0xa4, 0xc8, 0xc8,
    0x70, 0x0, 0x0, 0x0, 0x0, 0x0, 0x0, 0x0,
    0x0, 0x0, 0x0, 0x0, 0x0, 0x0, 0x0, 0x0,
    0x0, 0x0, 0x0, 0x0, 0x0, 0x0, 0x0, 0x0,
    0x44, 0xff, 0xff, 0xff, 0xff, 0xff, 0xfd, 0xeb,
    0xd0, 0x90, 0x39, 0x0, 0x0, 0x0, 0x0, 0x0,
    0x44, 0xff, 0xff, 0xff, 0xff, 0xff, 0xff, 0xff,
    0xff, 0xff, 0xff, 0xba, 0x1b, 0x0, 0x0, 0x0,
    0x44, 0xff, 0xff, 0xff, 0xff, 0xff, 0xff, 0xff,
    0xff, 0xff, 0xff, 0xff, 0xe9, 0x28, 0x0, 0x0,
    0x44, 0xff, 0xff, 0xf8, 0x8, 0x8, 0xb, 0x1e,
    0x53, 0xb7, 0xff, 0xff, 0xff, 0xda, 0xa, 0x0,
    0x44, 0xff, 0xff, 0xf8, 0x0, 0x0, 0x0, 0x0,
    0x0, 0x0, 0x68, 0xff, 0xff, 0xff, 0x76, 0x0,
    0x44, 0xff, 0xff, 0xf8, 0x0, 0x0, 0x0, 0x0,
    0x0, 0x0, 0x0, 0x9c, 0xff, 0xff, 0xdf, 0x0,
    0x44, 0xff, 0xff, 0xf8, 0x0, 0x0, 0x0, 0x0,
    0x0, 0x0, 0x0, 0x2d, 0xff, 0xff, 0xff, 0x26,
    0x44, 0xff, 0xff, 0xf8, 0x0, 0x0, 0x0, 0x0,
    0x0, 0x0, 0x0, 0x1, 0xf4, 0xff, 0xff, 0x49,
    0x44, 0xff, 0xff, 0xf8, 0x0, 0x0, 0x0, 0x0,
    0x0, 0x0, 0x0, 0x0, 0xe5, 0xff, 0xff, 0x5a,
    0x44, 0xff, 0xff, 0xf8, 0x0, 0x0, 0x0, 0x0,
    0x0, 0x0, 0x0, 0x1, 0xf4, 0xff, 0xff, 0x4a,
    0x44, 0xff, 0xff, 0xf8, 0x0, 0x0, 0x0, 0x0,
    0x0, 0x0, 0x0, 0x2d, 0xff, 0xff, 0xff, 0x28,
    0x44, 0xff, 0xff, 0xf8, 0x0, 0x0, 0x0, 0x0,
    0x0, 0x0, 0x0, 0x9d, 0xff, 0xff, 0xe1, 0x0,
    0x44, 0xff, 0xff, 0xf8, 0x0, 0x0, 0x0, 0x0,
    0x0, 0x0, 0x68, 0xff, 0xff, 0xff, 0x79, 0x0,
    0x44, 0xff, 0xff, 0xf8, 0x8, 0x8, 0xb, 0x1e,
    0x52, 0xb6, 0xff, 0xff, 0xff, 0xdd, 0xc, 0x0,
    0x44, 0xff, 0xff, 0xff, 0xff, 0xff, 0xff, 0xff,
    0xff, 0xff, 0xff, 0xff, 0xeb, 0x2a, 0x0, 0x0,
    0x44, 0xff, 0xff, 0xff, 0xff, 0xff, 0xff, 0xff,
    0xff, 0xff, 0xff, 0xbd, 0x1d, 0x0, 0x0, 0x0,
    0x44, 0xff, 0xff, 0xff, 0xff, 0xff, 0xfd, 0xed,
    0xd2, 0x94, 0x3d, 0x0, 0x0, 0x0, 0x0, 0x0,

    /* U+010F "ď" */
    0x0, 0x0, 0x0, 0x0, 0x0, 0x0, 0x0, 0x0,
    0x0, 0x18, 0xff, 0xff, 0xff, 0x10, 0xa0, 0xff,
    0xff, 0x95, 0x0, 0x0, 0x0, 0x0, 0x0, 0x0,
    0x0, 0x0, 0x0, 0x18, 0xff, 0xff, 0xff, 0x10,
    0xa0, 0xff, 0xff, 0x60, 0x0, 0x0, 0x0, 0x0,
    0x0, 0x0, 0x0, 0x0, 0x0, 0x18, 0xff, 0xff,
    0xff, 0x10, 0xa0, 0xff, 0xff, 0x2b, 0x0, 0x0,
    0x0, 0x0, 0x0, 0x0, 0x0, 0x0, 0x0, 0x18,
    0xff, 0xff, 0xff, 0x10, 0xa0, 0xff, 0xf4, 0x2,
    0x0, 0x0, 0x0, 0x0, 0x0, 0x0, 0x0, 0x0,
    0x0, 0x18, 0xff, 0xff, 0xff, 0x10, 0xa0, 0xff,
    0xc2, 0x0, 0x0, 0x0, 0x0, 0x30, 0xa7, 0xe8,
    0xf8, 0xd8, 0x79, 0x10, 0xff, 0xff, 0xff, 0x10,
    0x25, 0x3c, 0x25, 0x0, 0x0, 0x0, 0x69, 0xfc,
    0xff, 0xff, 0xff, 0xff, 0xff, 0xb0, 0xf3, 0xff,
    0xff, 0x10, 0x0, 0x0, 0x0, 0x0, 0x0, 0x45,
    0xfe, 0xff, 0xff, 0xff, 0xf1, 0xf4, 0xff, 0xff,
    0xff, 0xff, 0xff, 0x10, 0x0, 0x0, 0x0, 0x0,
    0x0, 0xcf, 0xff, 0xff, 0xe3, 0x45, 0x1, 0x1,
    0x4d, 0xea, 0xff, 0xff, 0xff, 0x10, 0x0, 0x0,
    0x0, 0x0, 0x22, 0xff, 0xff, 0xff, 0x3c, 0x0,
    0x0, 0x0, 0x0, 0x4e, 0xff, 0xff, 0xff, 0x10,
    0x0, 0x0, 0x0, 0x0, 0x48, 0xff, 0xff, 0xdf,
    0x0, 0x0, 0x0, 0x0, 0x0, 0x1, 0xf1, 0xff,
    0xff, 0x10, 0x0, 0x0, 0x0, 0x0, 0x49, 0xff,
    0xff, 0xde, 0x0, 0x0, 0x0, 0x0, 0x0, 0x1,
    0xf1, 0xff, 0xff, 0x10, 0x0, 0x0, 0x0, 0x0,
    0x23, 0xff, 0xff, 0xff, 0x3a, 0x0, 0x0, 0x0,
    0x0, 0x4d, 0xff, 0xff, 0xff, 0x10, 0x0, 0x0,
    0x0, 0x0, 0x0, 0xd0, 0xff, 0xff, 0xe1, 0x41,
    0x0, 0x1, 0x4a, 0xea, 0xff, 0xff, 0xff, 0x10,
    0x0, 0x0, 0x0, 0x0, 0x0, 0x46, 0xfe, 0xff,
    0xff, 0xff, 0xf0, 0xf2, 0xff, 0xff, 0xff, 0xff,
    0xff, 0x10, 0x0, 0x0, 0x0, 0x0, 0x0, 0x0,
    0x69, 0xfc, 0xff, 0xff, 0xff, 0xff, 0xff, 0xc6,
    0xee, 0xff, 0xff, 0x10, 0x0, 0x0, 0x0, 0x0,
    0x0, 0x0, 0x0, 0x33, 0xaa, 0xea, 0xf9, 0xdc,
    0x85, 0xb, 0xe4, 0xff, 0xff, 0x10, 0x0, 0x0,
    0x0, 0x0,

    /* U+0110 "Đ" */
    0x0, 0x0, 0x70, 0xff, 0xff, 0xff, 0xff, 0xff,
    0xfb, 0xe8, 0xc8, 0x85, 0x29, 0x0, 0x0, 0x0,
    0x0, 0x0, 0x0, 0x0, 0x70, 0xff, 0xff, 0xff,
    0xff, 0xff, 0xff, 0xff, 0xff, 0xff, 0xfd, 0xa4,
    0xd, 0x0, 0x0, 0x0, 0x0, 0x0, 0x70, 0xff,
    0xff, 0xff, 0xff, 0xff, 0xff, 0xff, 0xff, 0xff,
    0xff, 0xff, 0xd6, 0x12, 0x0, 0x0, 0x0, 0x0,
    0x70, 0xff, 0xff, 0xcd, 0x8, 0x8, 0xd, 0x24,
    0x60, 0xcc, 0xff, 0xff, 0xff, 0xba, 0x0, 0x0,
    0x0, 0x0, 0x70, 0xff, 0xff, 0xcc, 0x0, 0x0,
    0x0, 0x0, 0x0, 0x2, 0x91, 0xff, 0xff, 0xff,
    0x4a, 0x0, 0x0, 0x0, 0x70, 0xff, 0xff, 0xcc,
    0x0, 0x0, 0x0, 0x0, 0x0, 0x0, 0x1, 0xc6,
    0xff, 0xff, 0xb3, 0x0, 0x0, 0x0, 0x70, 0xff,
    0xff, 0xcc, 0x0, 0x0, 0x0, 0x0, 0x0, 0x0,
    0x0, 0x59, 0xff, 0xff, 0xf5, 0x5, 0x30, 0xff,
    0xff, 0xff, 0xff, 0xff, 0xff, 0xff, 0xff, 0xff,
    0x38, 0x0, 0x0, 0x21, 0xff, 0xff, 0xff, 0x1d,
    0x30, 0xff, 0xff, 0xff, 0xff, 0xff, 0xff, 0xff,
    0xff, 0xff, 0x38, 0x0, 0x0, 0x11, 0xff, 0xff,
    0xff, 0x2e, 0x1d, 0x9c, 0xc7, 0xff, 0xff, 0xeb,
    0x9c, 0x9c, 0x9c, 0x9c, 0x22, 0x0, 0x0, 0x22,
    0xff, 0xff, 0xff, 0x1e, 0x0, 0x0, 0x70, 0xff,
    0xff, 0xcc, 0x0, 0x0, 0x0, 0x0, 0x0, 0x0,
    0x0, 0x59, 0xff, 0xff, 0xf6, 0x5, 0x0, 0x0,
    0x70, 0xff, 0xff, 0xcc, 0x0, 0x0, 0x0, 0x0,
    0x0, 0x0, 0x1, 0xc6, 0xff, 0xff, 0xb5, 0x0,
    0x0, 0x0, 0x70, 0xff, 0xff, 0xcc, 0x0, 0x0,
    0x0, 0x0, 0x0, 0x2, 0x91, 0xff, 0xff, 0xff,
    0x4e, 0x0, 0x0, 0x0, 0x70, 0xff, 0xff, 0xcd,
    0x8, 0x8, 0xd, 0x23, 0x5f, 0xcc, 0xff, 0xff,
    0xff, 0xbe, 0x0, 0x0, 0x0, 0x0, 0x70, 0xff,
    0xff, 0xff, 0xff, 0xff, 0xff, 0xff, 0xff, 0xff,
    0xff, 0xff, 0xd8, 0x14, 0x0, 0x0, 0x0, 0x0,
    0x70, 0xff, 0xff, 0xff, 0xff, 0xff, 0xff, 0xff,
    0xff, 0xff, 0xfe, 0xa7, 0xf, 0x0, 0x0, 0x0,
    0x0, 0x0, 0x70, 0xff, 0xff, 0xff, 0xff, 0xff,
    0xfc, 0xea, 0xca, 0x89, 0x2c, 0x0, 0x0, 0x0,
    0x0, 0x0,

    /* U+0111 "đ" */
    0x0, 0x0, 0x0, 0x0, 0x0, 0x0, 0x0, 0x0,
    0x0, 0x18, 0xff, 0xff, 0xff, 0x10, 0x0, 0x0,
    0x0, 0x0, 0x0, 0x0, 0x0, 0x48, 0xff, 0xff,
    0xff, 0xff, 0xff, 0xff, 0xff, 0x78, 0x0, 0x0,
    0x0, 0x0, 0x0, 0x0, 0x48, 0xff, 0xff, 0xff,
    0xff, 0xff, 0xff, 0xff, 0x78, 0x0, 0x0, 0x0,
    0x0, 0x0, 0x0, 0x9, 0x20, 0x20, 0x35, 0xff,
    0xff, 0xff, 0x2e, 0xf, 0x0, 0x0, 0x0, 0x0,
    0x0, 0x0, 0x0, 0x0, 0x0, 0x17, 0xff, 0xff,
    0xff, 0x10, 0x0, 0x0, 0x0, 0x0, 0x30, 0xa7,
    0xe8, 0xf8, 0xd8, 0x79, 0xc, 0xff, 0xff, 0xff,
    0x10, 0x0, 0x0, 0x0, 0x69, 0xfc, 0xff, 0xff,
    0xff, 0xff, 0xff, 0xb0, 0xf2, 0xff, 0xff, 0x10,
    0x0, 0x0, 0x45, 0xfe, 0xff, 0xff, 0xff, 0xf1,
    0xf4, 0xff, 0xff, 0xff, 0xff, 0xff, 0x10, 0x0,
    0x0, 0xcf, 0xff, 0xff, 0xe3, 0x45, 0x1, 0x1,
    0x4d, 0xea, 0xff, 0xff, 0xff, 0x10, 0x0, 0x22,
    0xff, 0xff, 0xff, 0x3c, 0x0, 0x0, 0x0, 0x0,
    0x4e, 0xff, 0xff, 0xff, 0x10, 0x0, 0x48, 0xff,
    0xff, 0xdf, 0x0, 0x0, 0x0, 0x0, 0x0, 0x1,
    0xf1, 0xff, 0xff, 0x10, 0x0, 0x49, 0xff, 0xff,
    0xde, 0x0, 0x0, 0x0, 0x0, 0x0, 0x1, 0xf1,
    0xff, 0xff, 0x10, 0x0, 0x23, 0xff, 0xff, 0xff,
    0x3a, 0x0, 0x0, 0x0, 0x0, 0x4d, 0xff, 0xff,
    0xff, 0x10, 0x0, 0x0, 0xd0, 0xff, 0xff, 0xe1,
    0x41, 0x0, 0x1, 0x4a, 0xea, 0xff, 0xff, 0xff,
    0x10, 0x0, 0x0, 0x46, 0xfe, 0xff, 0xff, 0xff,
    0xf0, 0xf2, 0xff, 0xff, 0xff, 0xff, 0xff, 0x10,
    0x0, 0x0, 0x0, 0x69, 0xfc, 0xff, 0xff, 0xff,
    0xff, 0xff, 0xc6, 0xee, 0xff, 0xff, 0x10, 0x0,
    0x0, 0x0, 0x0, 0x33, 0xaa, 0xea, 0xf9, 0xdc,
    0x85, 0xb, 0xe4, 0xff, 0xff, 0x10, 0x0,

    /* U+0112 "Ē" */
    0x0, 0x0, 0x84, 0xff, 0xff, 0xff, 0xff, 0xff,
    0xff, 0x94, 0x0, 0x0, 0x0, 0x0, 0x84, 0xff,
    0xff, 0xff, 0xff, 0xff, 0xff, 0x94, 0x0, 0x0,
    0x0, 0x0, 0x31, 0x60, 0x60, 0x60, 0x60, 0x60,
    0x60, 0x37, 0x0, 0x0, 0x0, 0x0, 0x0, 0x0,
    0x0, 0x0, 0x0, 0x0, 0x0, 0x0, 0x0, 0x0,
    0x44, 0xff, 0xff, 0xff, 0xff, 0xff, 0xff, 0xff,
    0xff, 0xff, 0xff, 0xa0, 0x44, 0xff, 0xff, 0xff,
    0xff, 0xff, 0xff, 0xff, 0xff, 0xff, 0xff, 0xa0,
    0x44, 0xff, 0xff, 0xff, 0xff, 0xff, 0xff, 0xff,
    0xff, 0xff, 0xff, 0xa0, 0x44, 0xff, 0xff, 0xf8,
    0x8, 0x8, 0x8, 0x8, 0x8, 0x8, 0x8, 0x5,
    0x44, 0xff, 0xff, 0xf8, 0x0, 0x0, 0x0, 0x0,
    0x0, 0x0, 0x0, 0x0, 0x44, 0xff, 0xff, 0xf8,
    0x0, 0x0, 0x0, 0x0, 0x0, 0x0, 0x0, 0x0,
    0x44, 0xff, 0xff, 0xf8, 0x0, 0x0, 0x0, 0x0,
    0x0, 0x0, 0x0, 0x0, 0x44, 0xff, 0xff, 0xff,
    0xff, 0xff, 0xff, 0xff, 0xff, 0xff, 0xdc, 0x0,
    0x44, 0xff, 0xff, 0xff, 0xff, 0xff, 0xff, 0xff,
    0xff, 0xff, 0xdc, 0x0, 0x44, 0xff, 0xff, 0xff,
    0xff, 0xff, 0xff, 0xff, 0xff, 0xff, 0xdc, 0x0,
    0x44, 0xff, 0xff, 0xf8, 0xc, 0xc, 0xc, 0xc,
    0xc, 0xc, 0xa, 0x0, 0x44, 0xff, 0xff, 0xf8,
    0x0, 0x0, 0x0, 0x0, 0x0, 0x0, 0x0, 0x0,
    0x44, 0xff, 0xff, 0xf8, 0x0, 0x0, 0x0, 0x0,
    0x0, 0x0, 0x0, 0x0, 0x44, 0xff, 0xff, 0xf8,
    0x8, 0x8, 0x8, 0x8, 0x8, 0x8, 0x8, 0x5,
    0x44, 0xff, 0xff, 0xff, 0xff, 0xff, 0xff, 0xff,
    0xff, 0xff, 0xff, 0xa0, 0x44, 0xff, 0xff, 0xff,
    0xff, 0xff, 0xff, 0xff, 0xff, 0xff, 0xff, 0xa0,
    0x44, 0xff, 0xff, 0xff, 0xff, 0xff, 0xff, 0xff,
    0xff, 0xff, 0xff, 0xa0,

    /* U+0113 "ē" */
    0x0, 0x0, 0x0, 0xc8, 0xff, 0xff, 0xff, 0xff,
    0xff, 0xff, 0x50, 0x0, 0x0, 0x0, 0x0, 0x0,
    0xc8, 0xff, 0xff, 0xff, 0xff, 0xff, 0xff, 0x50,
    0x0, 0x0, 0x0, 0x0, 0x0, 0x47, 0x5c, 0x5c,
    0x5c, 0x5c, 0x5c, 0x5c, 0x1c, 0x0, 0x0, 0x0,
    0x0, 0x0, 0x0, 0x0, 0x0, 0x0, 0x0, 0x0,
    0x0, 0x0, 0x0, 0x0, 0x0, 0x0, 0x0, 0x0,
    0x0, 0x0, 0x0, 0x0, 0x0, 0x0, 0x0, 0x0,
    0x0, 0x0, 0x0, 0x0, 0x1a, 0x8d, 0xd9, 0xf7,
    0xf1, 0xca, 0x7a, 0xf, 0x0, 0x0, 0x0, 0x0,
    0x4d, 0xf2, 0xff, 0xff, 0xff, 0xff, 0xff, 0xff,
    0xe0, 0x28, 0x0, 0x0, 0x35, 0xf8, 0xff, 0xff,
    0xc0, 0x91, 0x9f, 0xe0, 0xff, 0xff, 0xd8, 0x4,
    0x0, 0xc3, 0xff, 0xff, 0x56, 0x0, 0x0, 0x0,
    0x4, 0xb0, 0xff, 0xff, 0x55, 0x1e, 0xff, 0xff,
    0xff, 0xff, 0xff, 0xff, 0xff, 0xff, 0xff, 0xff,
    0xff, 0x94, 0x48, 0xff, 0xff, 0xff, 0xff, 0xff,
    0xff, 0xff, 0xff, 0xff, 0xff, 0xff, 0xa8, 0x49,
    0xff, 0xff, 0xe7, 0x38, 0x38, 0x38, 0x38, 0x38,
    0x38, 0x38, 0x38, 0x23, 0x21, 0xff, 0xff, 0xff,
    0x2d, 0x0, 0x0, 0x0, 0x0, 0x37, 0x50, 0x1,
    0x0, 0x0, 0xca, 0xff, 0xff, 0xd5, 0x26, 0x0,
    0x0, 0x2e, 0xe2, 0xff, 0xce, 0x2c, 0x0, 0x3c,
    0xfb, 0xff, 0xff, 0xfb, 0xd2, 0xd2, 0xfd, 0xff,
    0xff, 0xda, 0xb, 0x0, 0x0, 0x56, 0xf5, 0xff,
    0xff, 0xff, 0xff, 0xff, 0xff, 0xd7, 0x22, 0x0,
    0x0, 0x0, 0x0, 0x1f, 0x90, 0xd8, 0xf7, 0xee,
    0xcb, 0x71, 0xc, 0x0, 0x0,

    /* U+0114 "Ĕ" */
    0x0, 0x0, 0x5, 0x80, 0x80, 0x1a, 0x0, 0x64,
    0x80, 0x39, 0x0, 0x0, 0x0, 0x0, 0x0, 0xe9,
    0xff, 0x92, 0x43, 0xf7, 0xff, 0x51, 0x0, 0x0,
    0x0, 0x0, 0x0, 0x6b, 0xff, 0xff, 0xff, 0xff,
    0xce, 0x4, 0x0, 0x0, 0x0, 0x0, 0x0, 0x0,
    0x69, 0xe3, 0xf6, 0xaa, 0x17, 0x0, 0x0, 0x0,
    0x0, 0x0, 0x0, 0x0, 0x0, 0x0, 0x0, 0x0,
    0x0, 0x0, 0x0, 0x0, 0x44, 0xff, 0xff, 0xff,
    0xff, 0xff, 0xff, 0xff, 0xff, 0xff, 0xff, 0xa0,
    0x44, 0xff, 0xff, 0xff, 0xff, 0xff, 0xff, 0xff,
    0xff, 0xff, 0xff, 0xa0, 0x44, 0xff, 0xff, 0xff,
    0xff, 0xff, 0xff, 0xff, 0xff, 0xff, 0xff, 0xa0,
    0x44, 0xff, 0xff, 0xf8, 0x8, 0x8, 0x8, 0x8,
    0x8, 0x8, 0x8, 0x5, 0x44, 0xff, 0xff, 0xf8,
    0x0, 0x0, 0x0, 0x0, 0x0, 0x0, 0x0, 0x0,
    0x44, 0xff, 0xff, 0xf8, 0x0, 0x0, 0x0, 0x0,
    0x0, 0x0, 0x0, 0x0, 0x44, 0xff, 0xff, 0xf8,
    0x0, 0x0, 0x0, 0x0, 0x0, 0x0, 0x0, 0x0,
    0x44, 0xff, 0xff, 0xff, 0xff, 0xff, 0xff, 0xff,
    0xff, 0xff, 0xdc, 0x0, 0x44, 0xff, 0xff, 0xff,
    0xff, 0xff, 0xff, 0xff, 0xff, 0xff, 0xdc, 0x0,
    0x44, 0xff, 0xff, 0xff, 0xff, 0xff, 0xff, 0xff,
    0xff, 0xff, 0xdc, 0x0, 0x44, 0xff, 0xff, 0xf8,
    0xc, 0xc, 0xc, 0xc, 0xc, 0xc, 0xa, 0x0,
    0x44, 0xff, 0xff, 0xf8, 0x0, 0x0, 0x0, 0x0,
    0x0, 0x0, 0x0, 0x0, 0x44, 0xff, 0xff, 0xf8,
    0x0, 0x0, 0x0, 0x0, 0x0, 0x0, 0x0, 0x0,
    0x44, 0xff, 0xff, 0xf8, 0x8, 0x8, 0x8, 0x8,
    0x8, 0x8, 0x8, 0x5, 0x44, 0xff, 0xff, 0xff,
    0xff, 0xff, 0xff, 0xff, 0xff, 0xff, 0xff, 0xa0,
    0x44, 0xff, 0xff, 0xff, 0xff, 0xff, 0xff, 0xff,
    0xff, 0xff, 0xff, 0xa0, 0x44, 0xff, 0xff, 0xff,
    0xff, 0xff, 0xff, 0xff, 0xff, 0xff, 0xff, 0xa0,

    /* U+0115 "ĕ" */
    0x0, 0x0, 0x0, 0x73, 0xff, 0xe2, 0x3d, 0x87,
    0xff, 0xf2, 0x0, 0x0, 0x0, 0x0, 0x0, 0x0,
    0x1a, 0xec, 0xff, 0xff, 0xff, 0xff, 0x87, 0x0,
    0x0, 0x0, 0x0, 0x0, 0x0, 0x0, 0x2f, 0xb9,
    0xf1, 0xdf, 0x7c, 0x4, 0x0, 0x0, 0x0, 0x0,
    0x0, 0x0, 0x0, 0x0, 0x0, 0x0, 0x0, 0x0,
    0x0, 0x0, 0x0, 0x0, 0x0, 0x0, 0x0, 0x0,
    0x0, 0x0, 0x0, 0x0, 0x0, 0x0, 0x0, 0x0,
    0x0, 0x0, 0x0, 0x0, 0x1a, 0x8d, 0xd9, 0xf7,
    0xf1, 0xca, 0x7a, 0xf, 0x0, 0x0, 0x0, 0x0,
    0x4d, 0xf2, 0xff, 0xff, 0xff, 0xff, 0xff, 0xff,
    0xe0, 0x28, 0x0, 0x0, 0x35, 0xf8, 0xff, 0xff,
    0xc0, 0x91, 0x9f, 0xe0, 0xff, 0xff, 0xd8, 0x4,
    0x0, 0xc3, 0xff, 0xff, 0x56, 0x0, 0x0, 0x0,
    0x4, 0xb0, 0xff, 0xff, 0x55, 0x1e, 0xff, 0xff,
    0xff, 0xff, 0xff, 0xff, 0xff, 0xff, 0xff, 0xff,
    0xff, 0x94, 0x48, 0xff, 0xff, 0xff, 0xff, 0xff,
    0xff, 0xff, 0xff, 0xff, 0xff, 0xff, 0xa8, 0x49,
    0xff, 0xff, 0xe7, 0x38, 0x38, 0x38, 0x38, 0x38,
    0x38, 0x38, 0x38, 0x23, 0x21, 0xff, 0xff, 0xff,
    0x2d, 0x0, 0x0, 0x0, 0x0, 0x37, 0x50, 0x1,
    0x0, 0x0, 0xca, 0xff, 0xff, 0xd5, 0x26, 0x0,
    0x0, 0x2e, 0xe2, 0xff, 0xce, 0x2c, 0x0, 0x3c,
    0xfb, 0xff, 0xff, 0xfb, 0xd2, 0xd2, 0xfd, 0xff,
    0xff, 0xda, 0xb, 0x0, 0x0, 0x56, 0xf5, 0xff,
    0xff, 0xff, 0xff, 0xff, 0xff, 0xd7, 0x22, 0x0,
    0x0, 0x0, 0x0, 0x1f, 0x90, 0xd8, 0xf7, 0xee,
    0xcb, 0x71, 0xc, 0x0, 0x0,

    /* U+0116 "Ė" */
    0x0, 0x0, 0x0, 0x0, 0x14, 0xc8, 0xee, 0x58,
    0x0, 0x0, 0x0, 0x0, 0x0, 0x0, 0x0, 0x0,
    0x6d, 0xff, 0xff, 0xd9, 0x0, 0x0, 0x0, 0x0,
    0x0, 0x0, 0x0, 0x0, 0x37, 0xfb, 0xff, 0x9e,
    0x0, 0x0, 0x0, 0x0, 0x0, 0x0, 0x0, 0x0,
    0x0, 0x28, 0x4a, 0x3, 0x0, 0x0, 0x0, 0x0,
    0x0, 0x0, 0x0, 0x0, 0x0, 0x0, 0x0, 0x0,
    0x0, 0x0, 0x0, 0x0, 0x44, 0xff, 0xff, 0xff,
    0xff, 0xff, 0xff, 0xff, 0xff, 0xff, 0xff, 0xa0,
    0x44, 0xff, 0xff, 0xff, 0xff, 0xff, 0xff, 0xff,
    0xff, 0xff, 0xff, 0xa0, 0x44, 0xff, 0xff, 0xff,
    0xff, 0xff, 0xff, 0xff, 0xff, 0xff, 0xff, 0xa0,
    0x44, 0xff, 0xff, 0xf8, 0x8, 0x8, 0x8, 0x8,
    0x8, 0x8, 0x8, 0x5, 0x44, 0xff, 0xff, 0xf8,
    0x0, 0x0, 0x0, 0x0, 0x0, 0x0, 0x0, 0x0,
    0x44, 0xff, 0xff, 0xf8, 0x0, 0x0, 0x0, 0x0,
    0x0, 0x0, 0x0, 0x0, 0x44, 0xff, 0xff, 0xf8,
    0x0, 0x0, 0x0, 0x0, 0x0, 0x0, 0x0, 0x0,
    0x44, 0xff, 0xff, 0xff, 0xff, 0xff, 0xff, 0xff,
    0xff, 0xff, 0xdc, 0x0, 0x44, 0xff, 0xff, 0xff,
    0xff, 0xff, 0xff, 0xff, 0xff, 0xff, 0xdc, 0x0,
    0x44, 0xff, 0xff, 0xff, 0xff, 0xff, 0xff, 0xff,
    0xff, 0xff, 0xdc, 0x0, 0x44, 0xff, 0xff, 0xf8,
    0xc, 0xc, 0xc, 0xc, 0xc, 0xc, 0xa, 0x0,
    0x44, 0xff, 0xff, 0xf8, 0x0, 0x0, 0x0, 0x0,
    0x0, 0x0, 0x0, 0x0, 0x44, 0xff, 0xff, 0xf8,
    0x0, 0x0, 0x0, 0x0, 0x0, 0x0, 0x0, 0x0,
    0x44, 0xff, 0xff, 0xf8, 0x8, 0x8, 0x8, 0x8,
    0x8, 0x8, 0x8, 0x5, 0x44, 0xff, 0xff, 0xff,
    0xff, 0xff, 0xff, 0xff, 0xff, 0xff, 0xff, 0xa0,
    0x44, 0xff, 0xff, 0xff, 0xff, 0xff, 0xff, 0xff,
    0xff, 0xff, 0xff, 0xa0, 0x44, 0xff, 0xff, 0xff,
    0xff, 0xff, 0xff, 0xff, 0xff, 0xff, 0xff, 0xa0,

    /* U+0117 "ė" */
    0x0, 0x0, 0x0, 0x0, 0x0, 0x6b, 0xf0, 0xca,
    0x18, 0x0, 0x0, 0x0, 0x0, 0x0, 0x0, 0x0,
    0x0, 0x4, 0xf9, 0xff, 0xff, 0x7e, 0x0, 0x0,
    0x0, 0x0, 0x0, 0x0, 0x0, 0x0, 0x0, 0xdd,
    0xff, 0xff, 0x5f, 0x0, 0x0, 0x0, 0x0, 0x0,
    0x0, 0x0, 0x0, 0x0, 0x23, 0x8c, 0x66, 0x1,
    0x0, 0x0, 0x0, 0x0, 0x0, 0x0, 0x0, 0x0,
    0x0, 0x0, 0x0, 0x0, 0x0, 0x0, 0x0, 0x0,
    0x0, 0x0, 0x0, 0x0, 0x1a, 0x8d, 0xd9, 0xf7,
    0xf1, 0xca, 0x7a, 0xf, 0x0, 0x0, 0x0, 0x0,
    0x4d, 0xf2, 0xff, 0xff, 0xff, 0xff, 0xff, 0xff,
    0xe0, 0x28, 0x0, 0x0, 0x35, 0xf8, 0xff, 0xff,
    0xc0, 0x91, 0x9f, 0xe0, 0xff, 0xff, 0xd8, 0x4,
    0x0, 0xc3, 0xff, 0xff, 0x56, 0x0, 0x0, 0x0,
    0x4, 0xb0, 0xff, 0xff, 0x55, 0x1e, 0xff, 0xff,
    0xff, 0xff, 0xff, 0xff, 0xff, 0xff, 0xff, 0xff,
    0xff, 0x94, 0x48, 0xff, 0xff, 0xff, 0xff, 0xff,
    0xff, 0xff, 0xff, 0xff, 0xff, 0xff, 0xa8, 0x49,
    0xff, 0xff, 0xe7, 0x38, 0x38, 0x38, 0x38, 0x38,
    0x38, 0x38, 0x38, 0x23, 0x21, 0xff, 0xff, 0xff,
    0x2d, 0x0, 0x0, 0x0, 0x0, 0x37, 0x50, 0x1,
    0x0, 0x0, 0xca, 0xff, 0xff, 0xd5, 0x26, 0x0,
    0x0, 0x2e, 0xe2, 0xff, 0xce, 0x2c, 0x0, 0x3c,
    0xfb, 0xff, 0xff, 0xfb, 0xd2, 0xd2, 0xfd, 0xff,
    0xff, 0xda, 0xb, 0x0, 0x0, 0x56, 0xf5, 0xff,
    0xff, 0xff, 0xff, 0xff, 0xff, 0xd7, 0x22, 0x0,
    0x0, 0x0, 0x0, 0x1f, 0x90, 0xd8, 0xf7, 0xee,
    0xcb, 0x71, 0xc, 0x0, 0x0,

    /* U+0118 "Ę" */
    0x44, 0xff, 0xff, 0xff, 0xff, 0xff, 0xff, 0xff,
    0xff, 0xff, 0xff, 0xa0, 0x0, 0x44, 0xff, 0xff,
    0xff, 0xff, 0xff, 0xff, 0xff, 0xff, 0xff, 0xff,
    0xa0, 0x0, 0x44, 0xff, 0xff, 0xff, 0xff, 0xff,
    0xff, 0xff, 0xff, 0xff, 0xff, 0xa0, 0x0, 0x44,
    0xff, 0xff, 0xf8, 0x8, 0x8, 0x8, 0x8, 0x8,
    0x8, 0x8, 0x5, 0x0, 0x44, 0xff, 0xff, 0xf8,
    0x0, 0x0, 0x0, 0x0, 0x0, 0x0, 0x0, 0x0,
    0x0, 0x44, 0xff, 0xff, 0xf8, 0x0, 0x0, 0x0,
    0x0, 0x0, 0x0, 0x0, 0x0, 0x0, 0x44, 0xff,
    0xff, 0xf8, 0xc, 0xc, 0xc, 0xc, 0xc, 0xc,
    0xa, 0x0, 0x0, 0x44, 0xff, 0xff, 0xff, 0xff,
    0xff, 0xff, 0xff, 0xff, 0xff, 0xdc, 0x0, 0x0,
    0x44, 0xff, 0xff, 0xff, 0xff, 0xff, 0xff, 0xff,
    0xff, 0xff, 0xdc, 0x0, 0x0, 0x44, 0xff, 0xff,
    0xff, 0xff, 0xff, 0xff, 0xff, 0xff, 0xff, 0xdc,
    0x0, 0x0, 0x44, 0xff, 0xff, 0xf8, 0x0, 0x0,
    0x0, 0x0, 0x0, 0x0, 0x0, 0x0, 0x0, 0x44,
    0xff, 0xff, 0xf8, 0x0, 0x0, 0x0, 0x0, 0x0,
    0x0, 0x0, 0x0, 0x0, 0x44, 0xff, 0xff, 0xf8,
    0x0, 0x0, 0x0, 0x0, 0x0, 0x0, 0x0, 0x0,
    0x0, 0x44, 0xff, 0xff, 0xf8, 0x8, 0x8, 0x8,
    0x8, 0x8, 0x8, 0x8, 0x5, 0x0, 0x44, 0xff,
    0xff, 0xff, 0xff, 0xff, 0xff, 0xff, 0xff, 0xff,
    0xff, 0xa0, 0x0, 0x44, 0xff, 0xff, 0xff, 0xff,
    0xff, 0xff, 0xff, 0xff, 0xff, 0xff, 0xa0, 0x0,
    0x44, 0xff, 0xff, 0xff, 0xff, 0xff, 0xff, 0xff,
    0xff, 0xff, 0xff, 0xa0, 0x0, 0x0, 0x0, 0x0,
    0x0, 0x0, 0x0, 0x0, 0x6, 0xb7, 0xff, 0xce,
    0x24, 0x0, 0x0, 0x0, 0x0, 0x0, 0x0, 0x0,
    0x0, 0x75, 0xff, 0xfe, 0x17, 0x0, 0x0, 0x0,
    0x0, 0x0, 0x0, 0x0, 0x0, 0x0, 0xa7, 0xff,
    0xff, 0x6d, 0x2e, 0x0, 0x0, 0x0, 0x0, 0x0,
    0x0, 0x0, 0x0, 0x69, 0xff, 0xff, 0xff, 0xd8,
    0x0, 0x0, 0x0, 0x0, 0x0, 0x0, 0x0, 0x0,
    0x1, 0x7d, 0xdf, 0xf8, 0xd8, 0x1e,

    /* U+0119 "ę" */
    0x0, 0x0, 0x0, 0x1a, 0x8d, 0xd9, 0xf7, 0xf1,
    0xca, 0x7a, 0xf, 0x0, 0x0, 0x0, 0x0, 0x4d,
    0xf2, 0xff, 0xff, 0xff, 0xff, 0xff, 0xff, 0xe0,
    0x28, 0x0, 0x0, 0x34, 0xf8, 0xff, 0xff, 0xc0,
    0x91, 0x9f, 0xe0, 0xff, 0xff, 0xd8, 0x4, 0x0,
    0xc2, 0xff, 0xff, 0x56, 0x0, 0x0, 0x0, 0x4,
    0xb0, 0xff, 0xff, 0x55, 0x1d, 0xff, 0xff, 0xff,
    0xff, 0xff, 0xff, 0xff, 0xff, 0xff, 0xff, 0xff,
    0x94, 0x48, 0xff, 0xff, 0xff, 0xff, 0xff, 0xff,
    0xff, 0xff, 0xff, 0xff, 0xff, 0xa8, 0x49, 0xff,
    0xff, 0xe7, 0x38, 0x38, 0x38, 0x38, 0x38, 0x38,
    0x38, 0x38, 0x23, 0x22, 0xff, 0xff, 0xff, 0x2d,
    0x0, 0x0, 0x0, 0x0, 0x37, 0x50, 0x1, 0x0,
    0x0, 0xcc, 0xff, 0xff, 0xd5, 0x26, 0x0, 0x0,
    0x2e, 0xe2, 0xff, 0xce, 0x2c, 0x0, 0x3f, 0xfc,
    0xff, 0xff, 0xfb, 0xd2, 0xd2, 0xfd, 0xff, 0xff,
    0xdb, 0xc, 0x0, 0x0, 0x5a, 0xf7, 0xff, 0xff,
    0xff, 0xff, 0xff, 0xff, 0xda, 0x1e, 0x0, 0x0,
    0x0, 0x0, 0x21, 0x94, 0xdb, 0xf8, 0xff, 0xff,
    0xc4, 0x13, 0x0, 0x0, 0x0, 0x0, 0x0, 0x0,
    0x0, 0x0, 0x9d, 0xff, 0xcc, 0xb, 0x0, 0x0,
    0x0, 0x0, 0x0, 0x0, 0x0, 0x0, 0x4d, 0xff,
    0xff, 0x41, 0x0, 0x0, 0x0, 0x0, 0x0, 0x0,
    0x0, 0x0, 0x0, 0x7c, 0xff, 0xff, 0x93, 0x3b,
    0x0, 0x0, 0x0, 0x0, 0x0, 0x0, 0x0, 0x0,
    0x3b, 0xfe, 0xff, 0xff, 0xf5, 0x10, 0x0, 0x0,
    0x0, 0x0, 0x0, 0x0, 0x0, 0x0, 0x5a, 0xd4,
    0xf7, 0xe1, 0x3e, 0x0, 0x0,

    /* U+011A "Ě" */
    0x0, 0x0, 0x5b, 0x80, 0x80, 0x1e, 0x0, 0x70,
    0x80, 0x80, 0x18, 0x0, 0x0, 0x0, 0x27, 0xef,
    0xff, 0xb6, 0x5d, 0xff, 0xff, 0x90, 0x0, 0x0,
    0x0, 0x0, 0x0, 0x45, 0xfc, 0xff, 0xff, 0xff,
    0xab, 0x2, 0x0, 0x0, 0x0, 0x0, 0x0, 0x0,
    0x66, 0xc8, 0xc8, 0xaa, 0x8, 0x0, 0x0, 0x0,
    0x0, 0x0, 0x0, 0x0, 0x0, 0x0, 0x0, 0x0,
    0x0, 0x0, 0x0, 0x0, 0x44, 0xff, 0xff, 0xff,
    0xff, 0xff, 0xff, 0xff, 0xff, 0xff, 0xff, 0xa0,
    0x44, 0xff, 0xff, 0xff, 0xff, 0xff, 0xff, 0xff,
    0xff, 0xff, 0xff, 0xa0, 0x44, 0xff, 0xff, 0xff,
    0xff, 0xff, 0xff, 0xff, 0xff, 0xff, 0xff, 0xa0,
    0x44, 0xff, 0xff, 0xf8, 0x8, 0x8, 0x8, 0x8,
    0x8, 0x8, 0x8, 0x5, 0x44, 0xff, 0xff, 0xf8,
    0x0, 0x0, 0x0, 0x0, 0x0, 0x0, 0x0, 0x0,
    0x44, 0xff, 0xff, 0xf8, 0x0, 0x0, 0x0, 0x0,
    0x0, 0x0, 0x0, 0x0, 0x44, 0xff, 0xff, 0xf8,
    0x0, 0x0, 0x0, 0x0, 0x0, 0x0, 0x0, 0x0,
    0x44, 0xff, 0xff, 0xff, 0xff, 0xff, 0xff, 0xff,
    0xff, 0xff, 0xdc, 0x0, 0x44, 0xff, 0xff, 0xff,
    0xff, 0xff, 0xff, 0xff, 0xff, 0xff, 0xdc, 0x0,
    0x44, 0xff, 0xff, 0xff, 0xff, 0xff, 0xff, 0xff,
    0xff, 0xff, 0xdc, 0x0, 0x44, 0xff, 0xff, 0xf8,
    0xc, 0xc, 0xc, 0xc, 0xc, 0xc, 0xa, 0x0,
    0x44, 0xff, 0xff, 0xf8, 0x0, 0x0, 0x0, 0x0,
    0x0, 0x0, 0x0, 0x0, 0x44, 0xff, 0xff, 0xf8,
    0x0, 0x0, 0x0, 0x0, 0x0, 0x0, 0x0, 0x0,
    0x44, 0xff, 0xff, 0xf8, 0x8, 0x8, 0x8, 0x8,
    0x8, 0x8, 0x8, 0x5, 0x44, 0xff, 0xff, 0xff,
    0xff, 0xff, 0xff, 0xff, 0xff, 0xff, 0xff, 0xa0,
    0x44, 0xff, 0xff, 0xff, 0xff, 0xff, 0xff, 0xff,
    0xff, 0xff, 0xff, 0xa0, 0x44, 0xff, 0xff, 0xff,
    0xff, 0xff, 0xff, 0xff, 0xff, 0xff, 0xff, 0xa0,

    /* U+011B "ě" */
    0x0, 0x0, 0x19, 0xd8, 0xff, 0xe6, 0x29, 0xaf,
    0xff, 0xfe, 0x69, 0x0, 0x0, 0x0, 0x0, 0x0,
    0x1a, 0xda, 0xff, 0xff, 0xff, 0xfd, 0x62, 0x0,
    0x0, 0x0, 0x0, 0x0, 0x0, 0x0, 0x1b, 0xb8,
    0xc4, 0xc4, 0x57, 0x0, 0x0, 0x0, 0x0, 0x0,
    0x0, 0x0, 0x0, 0x0, 0x0, 0x0, 0x0, 0x0,
    0x0, 0x0, 0x0, 0x0, 0x0, 0x0, 0x0, 0x0,
    0x0, 0x0, 0x0, 0x0, 0x0, 0x0, 0x0, 0x0,
    0x0, 0x0, 0x0, 0x0, 0x1a, 0x8d, 0xd9, 0xf7,
    0xf1, 0xca, 0x7a, 0xf, 0x0, 0x0, 0x0, 0x0,
    0x4d, 0xf2, 0xff, 0xff, 0xff, 0xff, 0xff, 0xff,
    0xe0, 0x28, 0x0, 0x0, 0x35, 0xf8, 0xff, 0xff,
    0xc0, 0x91, 0x9f, 0xe0, 0xff, 0xff, 0xd8, 0x4,
    0x0, 0xc3, 0xff, 0xff, 0x56, 0x0, 0x0, 0x0,
    0x4, 0xb0, 0xff, 0xff, 0x55, 0x1e, 0xff, 0xff,
    0xff, 0xff, 0xff, 0xff, 0xff, 0xff, 0xff, 0xff,
    0xff, 0x94, 0x48, 0xff, 0xff, 0xff, 0xff, 0xff,
    0xff, 0xff, 0xff, 0xff, 0xff, 0xff, 0xa8, 0x49,
    0xff, 0xff, 0xe7, 0x38, 0x38, 0x38, 0x38, 0x38,
    0x38, 0x38, 0x38, 0x23, 0x21, 0xff, 0xff, 0xff,
    0x2d, 0x0, 0x0, 0x0, 0x0, 0x37, 0x50, 0x1,
    0x0, 0x0, 0xca, 0xff, 0xff, 0xd5, 0x26, 0x0,
    0x0, 0x2e, 0xe2, 0xff, 0xce, 0x2c, 0x0, 0x3c,
    0xfb, 0xff, 0xff, 0xfb, 0xd2, 0xd2, 0xfd, 0xff,
    0xff, 0xda, 0xb, 0x0, 0x0, 0x56, 0xf5, 0xff,
    0xff, 0xff, 0xff, 0xff, 0xff, 0xd7, 0x22, 0x0,
    0x0, 0x0, 0x0, 0x1f, 0x90, 0xd8, 0xf7, 0xee,
    0xcb, 0x71, 0xc, 0x0, 0x0,

    /* U+011C "Ĝ" */
    0x0, 0x0, 0x0, 0x0, 0x0, 0x0, 0x0, 0x1,
    0x97, 0xc8, 0xc8, 0x78, 0x0, 0x0, 0x0, 0x0,
    0x0, 0x0, 0x0, 0x0, 0x0, 0x0, 0x0, 0x0,
    0x0, 0x0, 0x80, 0xff, 0xff, 0xff, 0xfe, 0x4d,
    0x0, 0x0, 0x0, 0x0, 0x0, 0x0, 0x0, 0x0,
    0x0, 0x0, 0x0, 0x0, 0x55, 0xfe, 0xff, 0x84,
    0xa5, 0xff, 0xf0, 0x24, 0x0, 0x0, 0x0, 0x0,
    0x0, 0x0, 0x0, 0x0, 0x0, 0x0, 0xe, 0xb1,
    0xbc, 0xb5, 0xd, 0x1e, 0xbb, 0xbc, 0x8e, 0x0,
    0x0, 0x0, 0x0, 0x0, 0x0, 0x0, 0x0, 0x0,
    0x0, 0x0, 0x0, 0x0, 0x0, 0x0, 0x0, 0x0,
    0x0, 0x0, 0x0, 0x0, 0x0, 0x0, 0x0, 0x0,
    0x0, 0x0, 0x0, 0x0, 0x5, 0x5b, 0xa8, 0xde,
    0xf5, 0xf2, 0xdb, 0xa5, 0x53, 0x2, 0x0, 0x0,
    0x0, 0x0, 0x0, 0x0, 0x0, 0x0, 0x50, 0xe1,
    0xff, 0xff, 0xff, 0xff, 0xff, 0xff, 0xff, 0xff,
    0xd3, 0x39, 0x0, 0x0, 0x0, 0x0, 0x0, 0x0,
    0x80, 0xff, 0xff, 0xff, 0xff, 0xff, 0xff, 0xff,
    0xff, 0xff, 0xff, 0xff, 0xf8, 0x38, 0x0, 0x0,
    0x0, 0x0, 0x65, 0xff, 0xff, 0xff, 0xf1, 0x87,
    0x36, 0x11, 0x13, 0x32, 0x7c, 0xeb, 0xff, 0x88,
    0x1, 0x0, 0x0, 0x0, 0x17, 0xf2, 0xff, 0xff,
    0xd1, 0x1e, 0x0, 0x0, 0x0, 0x0, 0x0, 0x0,
    0x15, 0x50, 0x0, 0x0, 0x0, 0x0, 0x0, 0x84,
    0xff, 0xff, 0xf1, 0x1a, 0x0, 0x0, 0x0, 0x0,
    0x0, 0x0, 0x0, 0x0, 0x0, 0x0, 0x0, 0x0,
    0x0, 0x0, 0xd8, 0xff, 0xff, 0x84, 0x0, 0x0,
    0x0, 0x0, 0x0, 0x0, 0x0, 0x0, 0x0, 0x0,
    0x0, 0x0, 0x0, 0x0, 0x4, 0xfd, 0xff, 0xff,
    0x3b, 0x0, 0x0, 0x0, 0x0, 0x14, 0xbc, 0xbc,
    0xbc, 0xbc, 0xbc, 0xbc, 0xbc, 0xbc, 0x47, 0x15,
    0xff, 0xff, 0xff, 0x26, 0x0, 0x0, 0x0, 0x0,
    0x1c, 0xff, 0xff, 0xff, 0xff, 0xff, 0xff, 0xff,
    0xff, 0x76, 0x4, 0xfd, 0xff, 0xff, 0x3b, 0x0,
    0x0, 0x0, 0x0, 0x1c, 0xff, 0xff, 0xff, 0xff,
    0xff, 0xff, 0xff, 0xff, 0x6c, 0x0, 0xd8, 0xff,
    0xff, 0x83, 0x0, 0x0, 0x0, 0x0, 0x0, 0x0,
    0x0, 0x0, 0x0, 0x2, 0xe4, 0xff, 0xff, 0x4f,
    0x0, 0x84, 0xff, 0xff, 0xf0, 0x1a, 0x0, 0x0,
    0x0, 0x0, 0x0, 0x0, 0x0, 0x0, 0x51, 0xff,
    0xff, 0xfd, 0x12, 0x0, 0x17, 0xf2, 0xff, 0xff,
    0xd1, 0x1e, 0x0, 0x0, 0x0, 0x0, 0x0, 0x0,
    0x2b, 0xec, 0xff, 0xff, 0xab, 0x0, 0x0, 0x0,
    0x65, 0xff, 0xff, 0xff, 0xf1, 0x88, 0x37, 0x12,
    0x12, 0x34, 0x89, 0xf5, 0xff, 0xff, 0xf4, 0x28,
    0x0, 0x0, 0x0, 0x0, 0x80, 0xff, 0xff, 0xff,
    0xff, 0xff, 0xff, 0xff, 0xff, 0xff, 0xff, 0xff,
    0xf9, 0x52, 0x0, 0x0, 0x0, 0x0, 0x0, 0x0,
    0x51, 0xe3, 0xff, 0xff, 0xff, 0xff, 0xff, 0xff,
    0xff, 0xff, 0xda, 0x3c, 0x0, 0x0, 0x0, 0x0,
    0x0, 0x0, 0x0, 0x0, 0x6, 0x5f, 0xab, 0xdf,
    0xf5, 0xf4, 0xde, 0xab, 0x5c, 0x4, 0x0, 0x0,
    0x0, 0x0,

    /* U+011D "ĝ" */
    0x0, 0x0, 0x0, 0x0, 0x19, 0xdc, 0xff, 0xff,
    0xae, 0x2, 0x0, 0x0, 0x0, 0x0, 0x0, 0x0,
    0x13, 0xd4, 0xff, 0xed, 0xf9, 0xff, 0x94, 0x0,
    0x0, 0x0, 0x0, 0x0, 0xc, 0xcb, 0xff, 0xfb,
    0x3b, 0x71, 0xff, 0xff, 0x78, 0x0, 0x0, 0x0,
    0x0, 0x4, 0x14, 0x14, 0x10, 0x0, 0x0, 0x14,
    0x14, 0x12, 0x0, 0x0, 0x0, 0x0, 0x0, 0x0,
    0x0, 0x0, 0x0, 0x0, 0x0, 0x0, 0x0, 0x0,
    0x0, 0x0, 0x0, 0x0, 0x39, 0xae, 0xec, 0xf8,
    0xd8, 0x7f, 0xe, 0xff, 0xff, 0xfc, 0x0, 0x0,
    0x70, 0xfe, 0xff, 0xff, 0xff, 0xff, 0xff, 0xcd,
    0xff, 0xff, 0xfc, 0x0, 0x48, 0xfe, 0xff, 0xff,
    0xfe, 0xde, 0xe8, 0xff, 0xff, 0xff, 0xff, 0xfc,
    0x0, 0xd1, 0xff, 0xff, 0xd8, 0x2d, 0x0, 0x0,
    0x4a, 0xf0, 0xff, 0xff, 0xfc, 0x23, 0xff, 0xff,
    0xff, 0x32, 0x0, 0x0, 0x0, 0x0, 0x65, 0xff,
    0xff, 0xfc, 0x48, 0xff, 0xff, 0xdd, 0x0, 0x0,
    0x0, 0x0, 0x0, 0x11, 0xff, 0xff, 0xfc, 0x49,
    0xff, 0xff, 0xdd, 0x0, 0x0, 0x0, 0x0, 0x0,
    0x12, 0xff, 0xff, 0xfc, 0x25, 0xff, 0xff, 0xff,
    0x31, 0x0, 0x0, 0x0, 0x0, 0x65, 0xff, 0xff,
    0xfc, 0x0, 0xd2, 0xff, 0xff, 0xd8, 0x2f, 0x0,
    0x0, 0x4e, 0xf1, 0xff, 0xff, 0xfc, 0x0, 0x48,
    0xfe, 0xff, 0xff, 0xff, 0xe2, 0xeb, 0xff, 0xff,
    0xff, 0xff, 0xfc, 0x0, 0x0, 0x70, 0xfd, 0xff,
    0xff, 0xff, 0xff, 0xff, 0xae, 0xff, 0xff, 0xfb,
    0x0, 0x0, 0x0, 0x38, 0xaf, 0xec, 0xf8, 0xd3,
    0x6f, 0x19, 0xff, 0xff, 0xeb, 0x0, 0x0, 0x2,
    0x40, 0x9, 0x0, 0x0, 0x0, 0x0, 0x54, 0xff,
    0xff, 0xc2, 0x0, 0x90, 0xe8, 0xff, 0xa8, 0xe,
    0x0, 0x0, 0x36, 0xe4, 0xff, 0xff, 0x6f, 0x0,
    0x89, 0xff, 0xff, 0xff, 0xf4, 0xc9, 0xdd, 0xfe,
    0xff, 0xff, 0xd9, 0x9, 0x0, 0x1, 0x8f, 0xff,
    0xff, 0xff, 0xff, 0xff, 0xff, 0xff, 0xda, 0x24,
    0x0, 0x0, 0x0, 0x0, 0x32, 0xa4, 0xe3, 0xfa,
    0xf1, 0xc7, 0x73, 0xb, 0x0, 0x0,

    /* U+011E "Ğ" */
    0x0, 0x0, 0x0, 0x0, 0x0, 0x0, 0x30, 0x80,
    0x78, 0x15, 0x2c, 0x80, 0x80, 0xc, 0x0, 0x0,
    0x0, 0x0, 0x0, 0x0, 0x0, 0x0, 0x0, 0x0,
    0x0, 0x26, 0xf7, 0xff, 0xff, 0xff, 0xff, 0xd6,
    0x2, 0x0, 0x0, 0x0, 0x0, 0x0, 0x0, 0x0,
    0x0, 0x0, 0x0, 0x0, 0x0, 0x47, 0xdb, 0xff,
    0xff, 0xc0, 0x23, 0x0, 0x0, 0x0, 0x0, 0x0,
    0x0, 0x0, 0x0, 0x0, 0x0, 0x0, 0x0, 0x0,
    0x0, 0x0, 0x14, 0xd, 0x0, 0x0, 0x0, 0x0,
    0x0, 0x0, 0x0, 0x0, 0x0, 0x0, 0x0, 0x0,
    0x0, 0x0, 0x0, 0x0, 0x0, 0x0, 0x0, 0x0,
    0x0, 0x0, 0x0, 0x0, 0x0, 0x0, 0x0, 0x0,
    0x0, 0x0, 0x0, 0x0, 0x5, 0x5b, 0xa8, 0xde,
    0xf5, 0xf2, 0xdb, 0xa5, 0x53, 0x2, 0x0, 0x0,
    0x0, 0x0, 0x0, 0x0, 0x0, 0x0, 0x50, 0xe1,
    0xff, 0xff, 0xff, 0xff, 0xff, 0xff, 0xff, 0xff,
    0xd3, 0x39, 0x0, 0x0, 0x0, 0x0, 0x0, 0x0,
    0x80, 0xff, 0xff, 0xff, 0xff, 0xff, 0xff, 0xff,
    0xff, 0xff, 0xff, 0xff, 0xf8, 0x38, 0x0, 0x0,
    0x0, 0x0, 0x65, 0xff, 0xff, 0xff, 0xf1, 0x87,
    0x36, 0x11, 0x13, 0x32, 0x7c, 0xeb, 0xff, 0x88,
    0x1, 0x0, 0x0, 0x0, 0x17, 0xf2, 0xff, 0xff,
    0xd1, 0x1e, 0x0, 0x0, 0x0, 0x0, 0x0, 0x0,
    0x15, 0x50, 0x0, 0x0, 0x0, 0x0, 0x0, 0x84,
    0xff, 0xff, 0xf1, 0x1a, 0x0, 0x0, 0x0, 0x0,
    0x0, 0x0, 0x0, 0x0, 0x0, 0x0, 0x0, 0x0,
    0x0, 0x0, 0xd8, 0xff, 0xff, 0x84, 0x0, 0x0,
    0x0, 0x0, 0x0, 0x0, 0x0, 0x0, 0x0, 0x0,
    0x0, 0x0, 0x0, 0x0, 0x4, 0xfd, 0xff, 0xff,
    0x3b, 0x0, 0x0, 0x0, 0x0, 0x14, 0xbc, 0xbc,
    0xbc, 0xbc, 0xbc, 0xbc, 0xbc, 0xbc, 0x47, 0x15,
    0xff, 0xff, 0xff, 0x26, 0x0, 0x0, 0x0, 0x0,
    0x1c, 0xff, 0xff, 0xff, 0xff, 0xff, 0xff, 0xff,
    0xff, 0x76, 0x4, 0xfd, 0xff, 0xff, 0x3b, 0x0,
    0x0, 0x0, 0x0, 0x1c, 0xff, 0xff, 0xff, 0xff,
    0xff, 0xff, 0xff, 0xff, 0x6c, 0x0, 0xd8, 0xff,
    0xff, 0x83, 0x0, 0x0, 0x0, 0x0, 0x0, 0x0,
    0x0, 0x0, 0x0, 0x2, 0xe4, 0xff, 0xff, 0x4f,
    0x0, 0x84, 0xff, 0xff, 0xf0, 0x1a, 0x0, 0x0,
    0x0, 0x0, 0x0, 0x0, 0x0, 0x0, 0x51, 0xff,
    0xff, 0xfd, 0x12, 0x0, 0x17, 0xf2, 0xff, 0xff,
    0xd1, 0x1e, 0x0, 0x0, 0x0, 0x0, 0x0, 0x0,
    0x2b, 0xec, 0xff, 0xff, 0xab, 0x0, 0x0, 0x0,
    0x65, 0xff, 0xff, 0xff, 0xf1, 0x88, 0x37, 0x12,
    0x12, 0x34, 0x89, 0xf5, 0xff, 0xff, 0xf4, 0x28,
    0x0, 0x0, 0x0, 0x0, 0x80, 0xff, 0xff, 0xff,
    0xff, 0xff, 0xff, 0xff, 0xff, 0xff, 0xff, 0xff,
    0xf9, 0x52, 0x0, 0x0, 0x0, 0x0, 0x0, 0x0,
    0x51, 0xe3, 0xff, 0xff, 0xff, 0xff, 0xff, 0xff,
    0xff, 0xff, 0xda, 0x3c, 0x0, 0x0, 0x0, 0x0,
    0x0, 0x0, 0x0, 0x0, 0x6, 0x5f, 0xab, 0xdf,
    0xf5, 0xf4, 0xde, 0xab, 0x5c, 0x4, 0x0, 0x0,
    0x0, 0x0,

    /* U+011F "ğ" */
    0x0, 0x0, 0x0, 0x5, 0xfa, 0xff, 0x80, 0x40,
    0xe8, 0xff, 0x66, 0x0, 0x0, 0x0, 0x0, 0x0,
    0x0, 0x93, 0xff, 0xff, 0xff, 0xff, 0xe6, 0x14,
    0x0, 0x0, 0x0, 0x0, 0x0, 0x0, 0x6, 0x82,
    0xe0, 0xf1, 0xb6, 0x2a, 0x0, 0x0, 0x0, 0x0,
    0x0, 0x0, 0x0, 0x0, 0x0, 0x0, 0x0, 0x0,
    0x0, 0x0, 0x0, 0x0, 0x0, 0x0, 0x0, 0x0,
    0x0, 0x0, 0x0, 0x0, 0x0, 0x0, 0x0, 0x0,
    0x0, 0x0, 0x0, 0x0, 0x39, 0xae, 0xec, 0xf8,
    0xd8, 0x7f, 0xe, 0xff, 0xff, 0xfc, 0x0, 0x0,
    0x70, 0xfe, 0xff, 0xff, 0xff, 0xff, 0xff, 0xcd,
    0xff, 0xff, 0xfc, 0x0, 0x48, 0xfe, 0xff, 0xff,
    0xfe, 0xde, 0xe8, 0xff, 0xff, 0xff, 0xff, 0xfc,
    0x0, 0xd1, 0xff, 0xff, 0xd8, 0x2d, 0x0, 0x0,
    0x4a, 0xf0, 0xff, 0xff, 0xfc, 0x23, 0xff, 0xff,
    0xff, 0x32, 0x0, 0x0, 0x0, 0x0, 0x65, 0xff,
    0xff, 0xfc, 0x48, 0xff, 0xff, 0xdd, 0x0, 0x0,
    0x0, 0x0, 0x0, 0x11, 0xff, 0xff, 0xfc, 0x49,
    0xff, 0xff, 0xdd, 0x0, 0x0, 0x0, 0x0, 0x0,
    0x12, 0xff, 0xff, 0xfc, 0x25, 0xff, 0xff, 0xff,
    0x31, 0x0, 0x0, 0x0, 0x0, 0x65, 0xff, 0xff,
    0xfc, 0x0, 0xd2, 0xff, 0xff, 0xd8, 0x2f, 0x0,
    0x0, 0x4e, 0xf1, 0xff, 0xff, 0xfc, 0x0, 0x48,
    0xfe, 0xff, 0xff, 0xff, 0xe2, 0xeb, 0xff, 0xff,
    0xff, 0xff, 0xfc, 0x0, 0x0, 0x70, 0xfd, 0xff,
    0xff, 0xff, 0xff, 0xff, 0xae, 0xff, 0xff, 0xfb,
    0x0, 0x0, 0x0, 0x38, 0xaf, 0xec, 0xf8, 0xd3,
    0x6f, 0x19, 0xff, 0xff, 0xeb, 0x0, 0x0, 0x2,
    0x40, 0x9, 0x0, 0x0, 0x0, 0x0, 0x54, 0xff,
    0xff, 0xc2, 0x0, 0x90, 0xe8, 0xff, 0xa8, 0xe,
    0x0, 0x0, 0x36, 0xe4, 0xff, 0xff, 0x6f, 0x0,
    0x89, 0xff, 0xff, 0xff, 0xf4, 0xc9, 0xdd, 0xfe,
    0xff, 0xff, 0xd9, 0x9, 0x0, 0x1, 0x8f, 0xff,
    0xff, 0xff, 0xff, 0xff, 0xff, 0xff, 0xda, 0x24,
    0x0, 0x0, 0x0, 0x0, 0x32, 0xa4, 0xe3, 0xfa,
    0xf1, 0xc7, 0x73, 0xb, 0x0, 0x0,

    /* U+0120 "Ġ" */
    0x0, 0x0, 0x0, 0x0, 0x0, 0x0, 0x0, 0x0,
    0xc, 0x4e, 0x1b, 0x0, 0x0, 0x0, 0x0, 0x0,
    0x0, 0x0, 0x0, 0x0, 0x0, 0x0, 0x0, 0x0,
    0x0, 0x0, 0x0, 0xcb, 0xff, 0xed, 0x16, 0x0,
    0x0, 0x0, 0x0, 0x0, 0x0, 0x0, 0x0, 0x0,
    0x0, 0x0, 0x0, 0x0, 0x0, 0x7, 0xfd, 0xff,
    0xff, 0x3d, 0x0, 0x0, 0x0, 0x0, 0x0, 0x0,
    0x0, 0x0, 0x0, 0x0, 0x0, 0x0, 0x0, 0x0,
    0x0, 0x7d, 0xf3, 0xad, 0x3, 0x0, 0x0, 0x0,
    0x0, 0x0, 0x0, 0x0, 0x0, 0x0, 0x0, 0x0,
    0x0, 0x0, 0x0, 0x0, 0x0, 0x0, 0x0, 0x0,
    0x0, 0x0, 0x0, 0x0, 0x0, 0x0, 0x0, 0x0,
    0x0, 0x0, 0x0, 0x0, 0x0, 0x0, 0x0, 0x0,
    0x0, 0x0, 0x0, 0x0, 0x0, 0x0, 0x0, 0x0,
    0x0, 0x0, 0x0, 0x0, 0x0, 0x0, 0x0, 0x5,
    0x5b, 0xa8, 0xde, 0xf5, 0xf2, 0xdb, 0xa5, 0x53,
    0x2, 0x0, 0x0, 0x0, 0x0, 0x0, 0x0, 0x0,
    0x0, 0x50, 0xe1, 0xff, 0xff, 0xff, 0xff, 0xff,
    0xff, 0xff, 0xff, 0xd3, 0x39, 0x0, 0x0, 0x0,
    0x0, 0x0, 0x0, 0x80, 0xff, 0xff, 0xff, 0xff,
    0xff, 0xff, 0xff, 0xff, 0xff, 0xff, 0xff, 0xf8,
    0x38, 0x0, 0x0, 0x0, 0x0, 0x65, 0xff, 0xff,
    0xff, 0xf1, 0x87, 0x36, 0x11, 0x13, 0x32, 0x7c,
    0xeb, 0xff, 0x88, 0x1, 0x0, 0x0, 0x0, 0x17,
    0xf2, 0xff, 0xff, 0xd1, 0x1e, 0x0, 0x0, 0x0,
    0x0, 0x0, 0x0, 0x15, 0x50, 0x0, 0x0, 0x0,
    0x0, 0x0, 0x84, 0xff, 0xff, 0xf1, 0x1a, 0x0,
    0x0, 0x0, 0x0, 0x0, 0x0, 0x0, 0x0, 0x0,
    0x0, 0x0, 0x0, 0x0, 0x0, 0xd8, 0xff, 0xff,
    0x84, 0x0, 0x0, 0x0, 0x0, 0x0, 0x0, 0x0,
    0x0, 0x0, 0x0, 0x0, 0x0, 0x0, 0x0, 0x4,
    0xfd, 0xff, 0xff, 0x3b, 0x0, 0x0, 0x0, 0x0,
    0x14, 0xbc, 0xbc, 0xbc, 0xbc, 0xbc, 0xbc, 0xbc,
    0xbc, 0x47, 0x15, 0xff, 0xff, 0xff, 0x26, 0x0,
    0x0, 0x0, 0x0, 0x1c, 0xff, 0xff, 0xff, 0xff,
    0xff, 0xff, 0xff, 0xff, 0x76, 0x4, 0xfd, 0xff,
    0xff, 0x3b, 0x0, 0x0, 0x0, 0x0, 0x1c, 0xff,
    0xff, 0xff, 0xff, 0xff, 0xff, 0xff, 0xff, 0x6c,
    0x0, 0xd8, 0xff, 0xff, 0x83, 0x0, 0x0, 0x0,
    0x0, 0x0, 0x0, 0x0, 0x0, 0x0, 0x2, 0xe4,
    0xff, 0xff, 0x4f, 0x0, 0x84, 0xff, 0xff, 0xf0,
    0x1a, 0x0, 0x0, 0x0, 0x0, 0x0, 0x0, 0x0,
    0x0, 0x51, 0xff, 0xff, 0xfd, 0x12, 0x0, 0x17,
    0xf2, 0xff, 0xff, 0xd1, 0x1e, 0x0, 0x0, 0x0,
    0x0, 0x0, 0x0, 0x2b, 0xec, 0xff, 0xff, 0xab,
    0x0, 0x0, 0x0, 0x65, 0xff, 0xff, 0xff, 0xf1,
    0x88, 0x37, 0x12, 0x12, 0x34, 0x89, 0xf5, 0xff,
    0xff, 0xf4, 0x28, 0x0, 0x0, 0x0, 0x0, 0x80,
    0xff, 0xff, 0xff, 0xff, 0xff, 0xff, 0xff, 0xff,
    0xff, 0xff, 0xff, 0xf9, 0x52, 0x0, 0x0, 0x0,
    0x0, 0x0, 0x0, 0x51, 0xe3, 0xff, 0xff, 0xff,
    0xff, 0xff, 0xff, 0xff, 0xff, 0xda, 0x3c, 0x0,
    0x0, 0x0, 0x0, 0x0, 0x0, 0x0, 0x0, 0x6,
    0x5f, 0xab, 0xdf, 0xf5, 0xf4, 0xde, 0xab, 0x5c,
    0x4, 0x0, 0x0, 0x0, 0x0,

    /* U+0121 "ġ" */
    0x0, 0x0, 0x0, 0x0, 0x0, 0x31, 0xdb, 0xe8,
    0x49, 0x0, 0x0, 0x0, 0x0, 0x0, 0x0, 0x0,
    0x0, 0x0, 0xae, 0xff, 0xff, 0xce, 0x0, 0x0,
    0x0, 0x0, 0x0, 0x0, 0x0, 0x0, 0x0, 0x8e,
    0xff, 0xff, 0xaf, 0x0, 0x0, 0x0, 0x0, 0x0,
    0x0, 0x0, 0x0, 0x0, 0x9, 0x77, 0x84, 0x13,
    0x0, 0x0, 0x0, 0x0, 0x0, 0x0, 0x0, 0x0,
    0x0, 0x0, 0x0, 0x0, 0x0, 0x0, 0x0, 0x0,
    0x0, 0x0, 0x0, 0x0, 0x39, 0xae, 0xec, 0xf8,
    0xd8, 0x7f, 0xe, 0xff, 0xff, 0xfc, 0x0, 0x0,
    0x70, 0xfe, 0xff, 0xff, 0xff, 0xff, 0xff, 0xcd,
    0xff, 0xff, 0xfc, 0x0, 0x48, 0xfe, 0xff, 0xff,
    0xfe, 0xde, 0xe8, 0xff, 0xff, 0xff, 0xff, 0xfc,
    0x0, 0xd1, 0xff, 0xff, 0xd8, 0x2d, 0x0, 0x0,
    0x4a, 0xf0, 0xff, 0xff, 0xfc, 0x23, 0xff, 0xff,
    0xff, 0x32, 0x0, 0x0, 0x0, 0x0, 0x65, 0xff,
    0xff, 0xfc, 0x48, 0xff, 0xff, 0xdd, 0x0, 0x0,
    0x0, 0x0, 0x0, 0x11, 0xff, 0xff, 0xfc, 0x49,
    0xff, 0xff, 0xdd, 0x0, 0x0, 0x0, 0x0, 0x0,
    0x12, 0xff, 0xff, 0xfc, 0x25, 0xff, 0xff, 0xff,
    0x31, 0x0, 0x0, 0x0, 0x0, 0x65, 0xff, 0xff,
    0xfc, 0x0, 0xd2, 0xff, 0xff, 0xd8, 0x2f, 0x0,
    0x0, 0x4e, 0xf1, 0xff, 0xff, 0xfc, 0x0, 0x48,
    0xfe, 0xff, 0xff, 0xff, 0xe2, 0xeb, 0xff, 0xff,
    0xff, 0xff, 0xfc, 0x0, 0x0, 0x70, 0xfd, 0xff,
    0xff, 0xff, 0xff, 0xff, 0xae, 0xff, 0xff, 0xfb,
    0x0, 0x0, 0x0, 0x38, 0xaf, 0xec, 0xf8, 0xd3,
    0x6f, 0x19, 0xff, 0xff, 0xeb, 0x0, 0x0, 0x2,
    0x40, 0x9, 0x0, 0x0, 0x0, 0x0, 0x54, 0xff,
    0xff, 0xc2, 0x0, 0x90, 0xe8, 0xff, 0xa8, 0xe,
    0x0, 0x0, 0x36, 0xe4, 0xff, 0xff, 0x6f, 0x0,
    0x89, 0xff, 0xff, 0xff, 0xf4, 0xc9, 0xdd, 0xfe,
    0xff, 0xff, 0xd9, 0x9, 0x0, 0x1, 0x8f, 0xff,
    0xff, 0xff, 0xff, 0xff, 0xff, 0xff, 0xda, 0x24,
    0x0, 0x0, 0x0, 0x0, 0x32, 0xa4, 0xe3, 0xfa,
    0xf1, 0xc7, 0x73, 0xb, 0x0, 0x0,

    /* U+0122 "Ģ" */
    0x0, 0x0, 0x0, 0x0, 0x0, 0x5, 0x5b, 0xa8,
    0xde, 0xf5, 0xf2, 0xdb, 0xa5, 0x53, 0x2, 0x0,
    0x0, 0x0, 0x0, 0x0, 0x0, 0x0, 0x0, 0x50,
    0xe1, 0xff, 0xff, 0xff, 0xff, 0xff, 0xff, 0xff,
    0xff, 0xd3, 0x39, 0x0, 0x0, 0x0, 0x0, 0x0,
    0x0, 0x80, 0xff, 0xff, 0xff, 0xff, 0xff, 0xff,
    0xff, 0xff, 0xff, 0xff, 0xff, 0xf8, 0x38, 0x0,
    0x0, 0x0, 0x0, 0x65, 0xff, 0xff, 0xff, 0xf1,
    0x87, 0x36, 0x11, 0x13, 0x32, 0x7c, 0xeb, 0xff,
    0x88, 0x1, 0x0, 0x0, 0x0, 0x17, 0xf2, 0xff,
    0xff, 0xd1, 0x1e, 0x0, 0x0, 0x0, 0x0, 0x0,
    0x0, 0x15, 0x50, 0x0, 0x0, 0x0, 0x0, 0x0,
    0x84, 0xff, 0xff, 0xf1, 0x1a, 0x0, 0x0, 0x0,
    0x0, 0x0, 0x0, 0x0, 0x0, 0x0, 0x0, 0x0,
    0x0, 0x0, 0x0, 0xd8, 0xff, 0xff, 0x84, 0x0,
    0x0, 0x0, 0x0, 0x0, 0x0, 0x0, 0x0, 0x0,
    0x0, 0x0, 0x0, 0x0, 0x0, 0x4, 0xfd, 0xff,
    0xff, 0x3b, 0x0, 0x0, 0x0, 0x0, 0x14, 0xbc,
    0xbc, 0xbc, 0xbc, 0xbc, 0xbc, 0xbc, 0xbc, 0x47,
    0x15, 0xff, 0xff, 0xff, 0x26, 0x0, 0x0, 0x0,
    0x0, 0x1c, 0xff, 0xff, 0xff, 0xff, 0xff, 0xff,
    0xff, 0xff, 0x76, 0x4, 0xfd, 0xff, 0xff, 0x3b,
    0x0, 0x0, 0x0, 0x0, 0x1c, 0xff, 0xff, 0xff,
    0xff, 0xff, 0xff, 0xff, 0xff, 0x6c, 0x0, 0xd8,
    0xff, 0xff, 0x83, 0x0, 0x0, 0x0, 0x0, 0x0,
    0x0, 0x0, 0x0, 0x0, 0x2, 0xe4, 0xff, 0xff,
    0x4f, 0x0, 0x84, 0xff, 0xff, 0xf0, 0x1a, 0x0,
    0x0, 0x0, 0x0, 0x0, 0x0, 0x0, 0x0, 0x51,
    0xff, 0xff, 0xfd, 0x12, 0x0, 0x17, 0xf2, 0xff,
    0xff, 0xd1, 0x1e, 0x0, 0x0, 0x0, 0x0, 0x0,
    0x0, 0x2b, 0xec, 0xff, 0xff, 0xab, 0x0, 0x0,
    0x0, 0x65, 0xff, 0xff, 0xff, 0xf1, 0x88, 0x37,
    0x12, 0x12, 0x34, 0x89, 0xf5, 0xff, 0xff, 0xf4,
    0x28, 0x0, 0x0, 0x0, 0x0, 0x80, 0xff, 0xff,
    0xff, 0xff, 0xff, 0xff, 0xff, 0xff, 0xff, 0xff,
    0xff, 0xf9, 0x52, 0x0, 0x0, 0x0, 0x0, 0x0,
    0x0, 0x51, 0xe3, 0xff, 0xff, 0xff, 0xff, 0xff,
    0xff, 0xff, 0xff, 0xda, 0x3c, 0x0, 0x0, 0x0,
    0x0, 0x0, 0x0, 0x0, 0x0, 0x6, 0x5f, 0xab,
    0xdf, 0xf5, 0xf4, 0xde, 0xab, 0x5c, 0x4, 0x0,
    0x0, 0x0, 0x0, 0x0, 0x0, 0x0, 0x0, 0x0,
    0x0, 0x0, 0x0, 0x0, 0x0, 0x0, 0x0, 0x0,
    0x0, 0x0, 0x0, 0x0, 0x0, 0x0, 0x0, 0x0,
    0x0, 0x0, 0x0, 0x0, 0x0, 0x0, 0x15, 0xca,
    0xee, 0x5b, 0x0, 0x0, 0x0, 0x0, 0x0, 0x0,
    0x0, 0x0, 0x0, 0x0, 0x0, 0x0, 0x0, 0x0,
    0x0, 0x6e, 0xff, 0xff, 0xdd, 0x0, 0x0, 0x0,
    0x0, 0x0, 0x0, 0x0, 0x0, 0x0, 0x0, 0x0,
    0x0, 0x0, 0x0, 0x0, 0x39, 0xf7, 0xff, 0xb4,
    0x0, 0x0, 0x0, 0x0, 0x0, 0x0, 0x0, 0x0,
    0x0, 0x0, 0x0, 0x0, 0x0, 0x0, 0x0, 0x0,
    0xaf, 0xf4, 0x23, 0x0, 0x0, 0x0, 0x0, 0x0,
    0x0, 0x0, 0x0, 0x0, 0x0, 0x0, 0x0, 0x0,
    0x0, 0x0, 0x46, 0xff, 0x68, 0x0, 0x0, 0x0,
    0x0, 0x0, 0x0, 0x0, 0x0, 0x0, 0x0, 0x0,
    0x0, 0x0, 0x0, 0x0, 0x0, 0x8, 0x65, 0x0,
    0x0, 0x0, 0x0, 0x0, 0x0, 0x0, 0x0, 0x0,

    /* U+0123 "ģ" */
    0x0, 0x0, 0x0, 0x0, 0x0, 0x0, 0x0, 0x5b,
    0x15, 0x0, 0x0, 0x0, 0x0, 0x0, 0x0, 0x0,
    0x0, 0x0, 0x0, 0x40, 0xfe, 0x74, 0x0, 0x0,
    0x0, 0x0, 0x0, 0x0, 0x0, 0x0, 0x0, 0xe,
    0xe0, 0xd7, 0x4, 0x0, 0x0, 0x0, 0x0, 0x0,
    0x0, 0x0, 0x0, 0x0, 0x8a, 0xff, 0xfe, 0x5e,
    0x0, 0x0, 0x0, 0x0, 0x0, 0x0, 0x0, 0x0,
    0x0, 0xb2, 0xff, 0xff, 0x9a, 0x0, 0x0, 0x0,
    0x0, 0x0, 0x0, 0x0, 0x0, 0x0, 0x3d, 0xe4,
    0xdd, 0x2d, 0x0, 0x0, 0x0, 0x0, 0x0, 0x0,
    0x0, 0x0, 0x0, 0x0, 0x0, 0x0, 0x0, 0x0,
    0x0, 0x0, 0x0, 0x0, 0x0, 0x0, 0x0, 0x0,
    0x0, 0x0, 0x0, 0x0, 0x0, 0x0, 0x0, 0x0,
    0x0, 0x0, 0x0, 0x39, 0xae, 0xec, 0xf8, 0xd8,
    0x7f, 0xe, 0xff, 0xff, 0xfc, 0x0, 0x0, 0x70,
    0xfe, 0xff, 0xff, 0xff, 0xff, 0xff, 0xcd, 0xff,
    0xff, 0xfc, 0x0, 0x48, 0xfe, 0xff, 0xff, 0xfe,
    0xde, 0xe8, 0xff, 0xff, 0xff, 0xff, 0xfc, 0x0,
    0xd1, 0xff, 0xff, 0xd8, 0x2d, 0x0, 0x0, 0x4a,
    0xf0, 0xff, 0xff, 0xfc, 0x23, 0xff, 0xff, 0xff,
    0x32, 0x0, 0x0, 0x0, 0x0, 0x65, 0xff, 0xff,
    0xfc, 0x48, 0xff, 0xff, 0xdd, 0x0, 0x0, 0x0,
    0x0, 0x0, 0x11, 0xff, 0xff, 0xfc, 0x49, 0xff,
    0xff, 0xdd, 0x0, 0x0, 0x0, 0x0, 0x0, 0x12,
    0xff, 0xff, 0xfc, 0x25, 0xff, 0xff, 0xff, 0x31,
    0x0, 0x0, 0x0, 0x0, 0x65, 0xff, 0xff, 0xfc,
    0x0, 0xd2, 0xff, 0xff, 0xd8, 0x2f, 0x0, 0x0,
    0x4e, 0xf1, 0xff, 0xff, 0xfc, 0x0, 0x48, 0xfe,
    0xff, 0xff, 0xff, 0xe2, 0xeb, 0xff, 0xff, 0xff,
    0xff, 0xfc, 0x0, 0x0, 0x70, 0xfd, 0xff, 0xff,
    0xff, 0xff, 0xff, 0xae, 0xff, 0xff, 0xfb, 0x0,
    0x0, 0x0, 0x38, 0xaf, 0xec, 0xf8, 0xd3, 0x6f,
    0x19, 0xff, 0xff, 0xeb, 0x0, 0x0, 0x2, 0x40,
    0x9, 0x0, 0x0, 0x0, 0x0, 0x54, 0xff, 0xff,
    0xc2, 0x0, 0x90, 0xe8, 0xff, 0xa8, 0xe, 0x0,
    0x0, 0x36, 0xe4, 0xff, 0xff, 0x6f, 0x0, 0x89,
    0xff, 0xff, 0xff, 0xf4, 0xc9, 0xdd, 0xfe, 0xff,
    0xff, 0xd9, 0x9, 0x0, 0x1, 0x8f, 0xff, 0xff,
    0xff, 0xff, 0xff, 0xff, 0xff, 0xda, 0x24, 0x0,
    0x0, 0x0, 0x0, 0x32, 0xa4, 0xe3, 0xfa, 0xf1,
    0xc7, 0x73, 0xb, 0x0, 0x0,

    /* U+0124 "Ĥ" */
    0x0, 0x0, 0x0, 0x0, 0x0, 0x4e, 0xf9, 0xff,
    0xff, 0x6d, 0x0, 0x0, 0x0, 0x0, 0x0, 0x0,
    0x0, 0x0, 0x0, 0x4f, 0xfa, 0xff, 0xe3, 0xff,
    0xfe, 0x62, 0x0, 0x0, 0x0, 0x0, 0x0, 0x0,
    0x0, 0x38, 0xde, 0xe4, 0xbc, 0xa, 0x9a, 0xe4,
    0xe1, 0x42, 0x0, 0x0, 0x0, 0x0, 0x0, 0x0,
    0x0, 0x0, 0x0, 0x0, 0x0, 0x0, 0x0, 0x0,
    0x0, 0x0, 0x0, 0x0, 0x44, 0xff, 0xff, 0xf8,
    0x0, 0x0, 0x0, 0x0, 0x0, 0x0, 0x0, 0xd0,
    0xff, 0xff, 0x70, 0x44, 0xff, 0xff, 0xf8, 0x0,
    0x0, 0x0, 0x0, 0x0, 0x0, 0x0, 0xd0, 0xff,
    0xff, 0x70, 0x44, 0xff, 0xff, 0xf8, 0x0, 0x0,
    0x0, 0x0, 0x0, 0x0, 0x0, 0xd0, 0xff, 0xff,
    0x70, 0x44, 0xff, 0xff, 0xf8, 0x0, 0x0, 0x0,
    0x0, 0x0, 0x0, 0x0, 0xd0, 0xff, 0xff, 0x70,
    0x44, 0xff, 0xff, 0xf8, 0x0, 0x0, 0x0, 0x0,
    0x0, 0x0, 0x0, 0xd0, 0xff, 0xff, 0x70, 0x44,
    0xff, 0xff, 0xf8, 0x0, 0x0, 0x0, 0x0, 0x0,
    0x0, 0x0, 0xd0, 0xff, 0xff, 0x70, 0x44, 0xff,
    0xff, 0xf8, 0xc, 0xc, 0xc, 0xc, 0xc, 0xc,
    0xc, 0xd2, 0xff, 0xff, 0x70, 0x44, 0xff, 0xff,
    0xff, 0xff, 0xff, 0xff, 0xff, 0xff, 0xff, 0xff,
    0xff, 0xff, 0xff, 0x70, 0x44, 0xff, 0xff, 0xff,
    0xff, 0xff, 0xff, 0xff, 0xff, 0xff, 0xff, 0xff,
    0xff, 0xff, 0x70, 0x44, 0xff, 0xff, 0xff, 0xff,
    0xff, 0xff, 0xff, 0xff, 0xff, 0xff, 0xff, 0xff,
    0xff, 0x70, 0x44, 0xff, 0xff, 0xf8, 0x0, 0x0,
    0x0, 0x0, 0x0, 0x0, 0x0, 0xd0, 0xff, 0xff,
    0x70, 0x44, 0xff, 0xff, 0xf8, 0x0, 0x0, 0x0,
    0x0, 0x0, 0x0, 0x0, 0xd0, 0xff, 0xff, 0x70,
    0x44, 0xff, 0xff, 0xf8, 0x0, 0x0, 0x0, 0x0,
    0x0, 0x0, 0x0, 0xd0, 0xff, 0xff, 0x70, 0x44,
    0xff, 0xff, 0xf8, 0x0, 0x0, 0x0, 0x0, 0x0,
    0x0, 0x0, 0xd0, 0xff, 0xff, 0x70, 0x44, 0xff,
    0xff, 0xf8, 0x0, 0x0, 0x0, 0x0, 0x0, 0x0,
    0x0, 0xd0, 0xff, 0xff, 0x70, 0x44, 0xff, 0xff,
    0xf8, 0x0, 0x0, 0x0, 0x0, 0x0, 0x0, 0x0,
    0xd0, 0xff, 0xff, 0x70, 0x44, 0xff, 0xff, 0xf8,
    0x0, 0x0, 0x0, 0x0, 0x0, 0x0, 0x0, 0xd0,
    0xff, 0xff, 0x70,

    /* U+0125 "ĥ" */
    0x0, 0x0, 0x0, 0x6, 0xb2, 0xff, 0xff, 0xdf,
    0x1c, 0x0, 0x0, 0x0, 0x0, 0x0, 0x6, 0xb3,
    0xff, 0xfa, 0xe8, 0xff, 0xd8, 0x16, 0x0, 0x0,
    0x0, 0x0, 0x96, 0xe4, 0xe4, 0x61, 0x26, 0xda,
    0xe4, 0xb4, 0x8, 0x0, 0x0, 0x0, 0x0, 0x0,
    0x0, 0x0, 0x0, 0x0, 0x0, 0x0, 0x0, 0x0,
    0xa8, 0xff, 0xff, 0x7c, 0x0, 0x0, 0x0, 0x0,
    0x0, 0x0, 0x0, 0x0, 0xa8, 0xff, 0xff, 0x7c,
    0x0, 0x0, 0x0, 0x0, 0x0, 0x0, 0x0, 0x0,
    0xa8, 0xff, 0xff, 0x7c, 0x0, 0x0, 0x0, 0x0,
    0x0, 0x0, 0x0, 0x0, 0xa8, 0xff, 0xff, 0x7c,
    0x0, 0x0, 0x0, 0x0, 0x0, 0x0, 0x0, 0x0,
    0xa8, 0xff, 0xff, 0x7b, 0x0, 0x0, 0x0, 0x0,
    0x0, 0x0, 0x0, 0x0, 0xa8, 0xff, 0xff, 0x6b,
    0x2e, 0xb0, 0xee, 0xf6, 0xcf, 0x6a, 0x0, 0x0,
    0xa8, 0xff, 0xff, 0x92, 0xf7, 0xff, 0xff, 0xff,
    0xff, 0xff, 0x86, 0x0, 0xa8, 0xff, 0xff, 0xff,
    0xff, 0xf4, 0xea, 0xff, 0xff, 0xff, 0xfc, 0x1b,
    0xa8, 0xff, 0xff, 0xff, 0x9e, 0x8, 0x0, 0x4e,
    0xfe, 0xff, 0xff, 0x61, 0xa8, 0xff, 0xff, 0xe0,
    0x4, 0x0, 0x0, 0x0, 0xbd, 0xff, 0xff, 0x80,
    0xa8, 0xff, 0xff, 0x96, 0x0, 0x0, 0x0, 0x0,
    0x9d, 0xff, 0xff, 0x88, 0xa8, 0xff, 0xff, 0x7d,
    0x0, 0x0, 0x0, 0x0, 0x9c, 0xff, 0xff, 0x88,
    0xa8, 0xff, 0xff, 0x7c, 0x0, 0x0, 0x0, 0x0,
    0x9c, 0xff, 0xff, 0x88, 0xa8, 0xff, 0xff, 0x7c,
    0x0, 0x0, 0x0, 0x0, 0x9c, 0xff, 0xff, 0x88,
    0xa8, 0xff, 0xff, 0x7c, 0x0, 0x0, 0x0, 0x0,
    0x9c, 0xff, 0xff, 0x88, 0xa8, 0xff, 0xff, 0x7c,
    0x0, 0x0, 0x0, 0x0, 0x9c, 0xff, 0xff, 0x88,
    0xa8, 0xff, 0xff, 0x7c, 0x0, 0x0, 0x0, 0x0,
    0x9c, 0xff, 0xff, 0x88,

    /* U+0126 "Ħ" */
    0x0, 0x44, 0xff, 0xff, 0xf8, 0x0, 0x0, 0x0,
    0x0, 0x0, 0x0, 0x0, 0xd0, 0xff, 0xff, 0x70,
    0x0, 0x0, 0x44, 0xff, 0xff, 0xf8, 0x0, 0x0,
    0x0, 0x0, 0x0, 0x0, 0x0, 0xd0, 0xff, 0xff,
    0x70, 0x0, 0x0, 0x44, 0xff, 0xff, 0xf8, 0x0,
    0x0, 0x0, 0x0, 0x0, 0x0, 0x0, 0xd0, 0xff,
    0xff, 0x70, 0x0, 0xc8, 0xff, 0xff, 0xff, 0xff,
    0xff, 0xff, 0xff, 0xff, 0xff, 0xff, 0xff, 0xff,
    0xff, 0xff, 0xff, 0xf0, 0xc8, 0xff, 0xff, 0xff,
    0xff, 0xff, 0xff, 0xff, 0xff, 0xff, 0xff, 0xff,
    0xff, 0xff, 0xff, 0xff, 0xf0, 0x41, 0x81, 0xff,
    0xff, 0xfa, 0x54, 0x54, 0x54, 0x54, 0x54, 0x54,
    0x54, 0xdf, 0xff, 0xff, 0x9f, 0x4e, 0x0, 0x44,
    0xff, 0xff, 0xf8, 0xc, 0xc, 0xc, 0xc, 0xc,
    0xc, 0xc, 0xd2, 0xff, 0xff, 0x70, 0x0, 0x0,
    0x44, 0xff, 0xff, 0xff, 0xff, 0xff, 0xff, 0xff,
    0xff, 0xff, 0xff, 0xff, 0xff, 0xff, 0x70, 0x0,
    0x0, 0x44, 0xff, 0xff, 0xff, 0xff, 0xff, 0xff,
    0xff, 0xff, 0xff, 0xff, 0xff, 0xff, 0xff, 0x70,
    0x0, 0x0, 0x44, 0xff, 0xff, 0xff, 0xff, 0xff,
    0xff, 0xff, 0xff, 0xff, 0xff, 0xff, 0xff, 0xff,
    0x70, 0x0, 0x0, 0x44, 0xff, 0xff, 0xf8, 0x0,
    0x0, 0x0, 0x0, 0x0, 0x0, 0x0, 0xd0, 0xff,
    0xff, 0x70, 0x0, 0x0, 0x44, 0xff, 0xff, 0xf8,
    0x0, 0x0, 0x0, 0x0, 0x0, 0x0, 0x0, 0xd0,
    0xff, 0xff, 0x70, 0x0, 0x0, 0x44, 0xff, 0xff,
    0xf8, 0x0, 0x0, 0x0, 0x0, 0x0, 0x0, 0x0,
    0xd0, 0xff, 0xff, 0x70, 0x0, 0x0, 0x44, 0xff,
    0xff, 0xf8, 0x0, 0x0, 0x0, 0x0, 0x0, 0x0,
    0x0, 0xd0, 0xff, 0xff, 0x70, 0x0, 0x0, 0x44,
    0xff, 0xff, 0xf8, 0x0, 0x0, 0x0, 0x0, 0x0,
    0x0, 0x0, 0xd0, 0xff, 0xff, 0x70, 0x0, 0x0,
    0x44, 0xff, 0xff, 0xf8, 0x0, 0x0, 0x0, 0x0,
    0x0, 0x0, 0x0, 0xd0, 0xff, 0xff, 0x70, 0x0,
    0x0, 0x44, 0xff, 0xff, 0xf8, 0x0, 0x0, 0x0,
    0x0, 0x0, 0x0, 0x0, 0xd0, 0xff, 0xff, 0x70,
    0x0,

    /* U+0127 "ħ" */
    0x0, 0x0, 0xa8, 0xff, 0xff, 0x7c, 0x0, 0x0,
    0x0, 0x0, 0x0, 0x0, 0x0, 0x0, 0x1, 0x20,
    0xb3, 0xff, 0xff, 0x8c, 0x20, 0x20, 0x16, 0x0,
    0x0, 0x0, 0x0, 0x0, 0xc, 0xff, 0xff, 0xff,
    0xff, 0xff, 0xff, 0xff, 0xb4, 0x0, 0x0, 0x0,
    0x0, 0x0, 0xc, 0xff, 0xff, 0xff, 0xff, 0xff,
    0xff, 0xff, 0xb4, 0x0, 0x0, 0x0, 0x0, 0x0,
    0x0, 0x0, 0xa8, 0xff, 0xff, 0x7b, 0x0, 0x0,
    0x0, 0x0, 0x0, 0x0, 0x0, 0x0, 0x0, 0x0,
    0xa8, 0xff, 0xff, 0x6c, 0x2e, 0xb0, 0xee, 0xf6,
    0xcf, 0x6a, 0x0, 0x0, 0x0, 0x0, 0xa8, 0xff,
    0xff, 0x92, 0xf7, 0xff, 0xff, 0xff, 0xff, 0xff,
    0x86, 0x0, 0x0, 0x0, 0xa8, 0xff, 0xff, 0xff,
    0xff, 0xf4, 0xea, 0xff, 0xff, 0xff, 0xfc, 0x1b,
    0x0, 0x0, 0xa8, 0xff, 0xff, 0xff, 0x9e, 0x8,
    0x0, 0x4e, 0xfe, 0xff, 0xff, 0x61, 0x0, 0x0,
    0xa8, 0xff, 0xff, 0xe0, 0x4, 0x0, 0x0, 0x0,
    0xbd, 0xff, 0xff, 0x80, 0x0, 0x0, 0xa8, 0xff,
    0xff, 0x96, 0x0, 0x0, 0x0, 0x0, 0x9d, 0xff,
    0xff, 0x88, 0x0, 0x0, 0xa8, 0xff, 0xff, 0x7d,
    0x0, 0x0, 0x0, 0x0, 0x9c, 0xff, 0xff, 0x88,
    0x0, 0x0, 0xa8, 0xff, 0xff, 0x7c, 0x0, 0x0,
    0x0, 0x0, 0x9c, 0xff, 0xff, 0x88, 0x0, 0x0,
    0xa8, 0xff, 0xff, 0x7c, 0x0, 0x0, 0x0, 0x0,
    0x9c, 0xff, 0xff, 0x88, 0x0, 0x0, 0xa8, 0xff,
    0xff, 0x7c, 0x0, 0x0, 0x0, 0x0, 0x9c, 0xff,
    0xff, 0x88, 0x0, 0x0, 0xa8, 0xff, 0xff, 0x7c,
    0x0, 0x0, 0x0, 0x0, 0x9c, 0xff, 0xff, 0x88,
    0x0, 0x0, 0xa8, 0xff, 0xff, 0x7c, 0x0, 0x0,
    0x0, 0x0, 0x9c, 0xff, 0xff, 0x88,

    /* U+0128 "Ĩ" */
    0x0, 0xb, 0x45, 0x3d, 0x4, 0x0, 0x2, 0x4,
    0x2, 0x26, 0xe3, 0xff, 0xff, 0xe1, 0x75, 0xd5,
    0xff, 0x88, 0xac, 0xff, 0xff, 0xff, 0xff, 0xff,
    0xff, 0xff, 0x40, 0x90, 0xac, 0x52, 0x35, 0xaf,
    0xf2, 0xe0, 0x68, 0x0, 0x0, 0x0, 0x0, 0x0,
    0x0, 0x0, 0x0, 0x0, 0x0, 0x0, 0x0, 0x44,
    0xff, 0xff, 0xf8, 0x0, 0x0, 0x0, 0x0, 0x0,
    0x44, 0xff, 0xff, 0xf8, 0x0, 0x0, 0x0, 0x0,
    0x0, 0x44, 0xff, 0xff, 0xf8, 0x0, 0x0, 0x0,
    0x0, 0x0, 0x44, 0xff, 0xff, 0xf8, 0x0, 0x0,
    0x0, 0x0, 0x0, 0x44, 0xff, 0xff, 0xf8, 0x0,
    0x0, 0x0, 0x0, 0x0, 0x44, 0xff, 0xff, 0xf8,
    0x0, 0x0, 0x0, 0x0, 0x0, 0x44, 0xff, 0xff,
    0xf8, 0x0, 0x0, 0x0, 0x0, 0x0, 0x44, 0xff,
    0xff, 0xf8, 0x0, 0x0, 0x0, 0x0, 0x0, 0x44,
    0xff, 0xff, 0xf8, 0x0, 0x0, 0x0, 0x0, 0x0,
    0x44, 0xff, 0xff, 0xf8, 0x0, 0x0, 0x0, 0x0,
    0x0, 0x44, 0xff, 0xff, 0xf8, 0x0, 0x0, 0x0,
    0x0, 0x0, 0x44, 0xff, 0xff, 0xf8, 0x0, 0x0,
    0x0, 0x0, 0x0, 0x44, 0xff, 0xff, 0xf8, 0x0,
    0x0, 0x0, 0x0, 0x0, 0x44, 0xff, 0xff, 0xf8,
    0x0, 0x0, 0x0, 0x0, 0x0, 0x44, 0xff, 0xff,
    0xf8, 0x0, 0x0, 0x0, 0x0, 0x0, 0x44, 0xff,
    0xff, 0xf8, 0x0, 0x0, 0x0, 0x0, 0x0, 0x44,
    0xff, 0xff, 0xf8, 0x0, 0x0, 0x0,

    /* U+0129 "ĩ" */
    0x0, 0x23, 0xb7, 0xf3, 0xe3, 0xa3, 0x69, 0xf5,
    0xff, 0x4b, 0x0, 0xd0, 0xff, 0xff, 0xff, 0xff,
    0xff, 0xff, 0xee, 0x12, 0xb, 0xcb, 0xcc, 0x79,
    0x8e, 0xda, 0xf7, 0xce, 0x3e, 0x0, 0x0, 0x0,
    0x0, 0x0, 0x0, 0x0, 0x0, 0x0, 0x0, 0x0,
    0x0, 0x0, 0x0, 0x0, 0x0, 0x0, 0x0, 0x0,
    0x0, 0x0, 0x0, 0x0, 0x0, 0x78, 0xff, 0xff,
    0xb0, 0x0, 0x0, 0x0, 0x0, 0x0, 0x0, 0x78,
    0xff, 0xff, 0xb0, 0x0, 0x0, 0x0, 0x0, 0x0,
    0x0, 0x78, 0xff, 0xff, 0xb0, 0x0, 0x0, 0x0,
    0x0, 0x0, 0x0, 0x78, 0xff, 0xff, 0xb0, 0x0,
    0x0, 0x0, 0x0, 0x0, 0x0, 0x78, 0xff, 0xff,
    0xb0, 0x0, 0x0, 0x0, 0x0, 0x0, 0x0, 0x78,
    0xff, 0xff, 0xb0, 0x0, 0x0, 0x0, 0x0, 0x0,
    0x0, 0x78, 0xff, 0xff, 0xb0, 0x0, 0x0, 0x0,
    0x0, 0x0, 0x0, 0x78, 0xff, 0xff, 0xb0, 0x0,
    0x0, 0x0, 0x0, 0x0, 0x0, 0x78, 0xff, 0xff,
    0xb0, 0x0, 0x0, 0x0, 0x0, 0x0, 0x0, 0x78,
    0xff, 0xff, 0xb0, 0x0, 0x0, 0x0, 0x0, 0x0,
    0x0, 0x78, 0xff, 0xff, 0xb0, 0x0, 0x0, 0x0,
    0x0, 0x0, 0x0, 0x78, 0xff, 0xff, 0xb0, 0x0,
    0x0, 0x0,

    /* U+012A "Ī" */
    0xf4, 0xff, 0xff, 0xff, 0xff, 0xff, 0xa4, 0xf4,
    0xff, 0xff, 0xff, 0xff, 0xff, 0xa4, 0x5b, 0x60,
    0x60, 0x60, 0x60, 0x60, 0x3d, 0x0, 0x0, 0x0,
    0x0, 0x0, 0x0, 0x0, 0x0, 0x44, 0xff, 0xff,
    0xf8, 0x0, 0x0, 0x0, 0x44, 0xff, 0xff, 0xf8,
    0x0, 0x0, 0x0, 0x44, 0xff, 0xff, 0xf8, 0x0,
    0x0, 0x0, 0x44, 0xff, 0xff, 0xf8, 0x0, 0x0,
    0x0, 0x44, 0xff, 0xff, 0xf8, 0x0, 0x0, 0x0,
    0x44, 0xff, 0xff, 0xf8, 0x0, 0x0, 0x0, 0x44,
    0xff, 0xff, 0xf8, 0x0, 0x0, 0x0, 0x44, 0xff,
    0xff, 0xf8, 0x0, 0x0, 0x0, 0x44, 0xff, 0xff,
    0xf8, 0x0, 0x0, 0x0, 0x44, 0xff, 0xff, 0xf8,
    0x0, 0x0, 0x0, 0x44, 0xff, 0xff, 0xf8, 0x0,
    0x0, 0x0, 0x44, 0xff, 0xff, 0xf8, 0x0, 0x0,
    0x0, 0x44, 0xff, 0xff, 0xf8, 0x0, 0x0, 0x0,
    0x44, 0xff, 0xff, 0xf8, 0x0, 0x0, 0x0, 0x44,
    0xff, 0xff, 0xf8, 0x0, 0x0, 0x0, 0x44, 0xff,
    0xff, 0xf8, 0x0, 0x0, 0x0, 0x44, 0xff, 0xff,
    0xf8, 0x0, 0x0,

    /* U+012B "ī" */
    0x70, 0xff, 0xff, 0xff, 0xff, 0xff, 0xff, 0xac,
    0x70, 0xff, 0xff, 0xff, 0xff, 0xff, 0xff, 0xac,
    0x28, 0x5c, 0x5c, 0x5c, 0x5c, 0x5c, 0x5c, 0x3d,
    0x0, 0x0, 0x0, 0x0, 0x0, 0x0, 0x0, 0x0,
    0x0, 0x0, 0x0, 0x0, 0x0, 0x0, 0x0, 0x0,
    0x0, 0x0, 0x78, 0xff, 0xff, 0xb0, 0x0, 0x0,
    0x0, 0x0, 0x78, 0xff, 0xff, 0xb0, 0x0, 0x0,
    0x0, 0x0, 0x78, 0xff, 0xff, 0xb0, 0x0, 0x0,
    0x0, 0x0, 0x78, 0xff, 0xff, 0xb0, 0x0, 0x0,
    0x0, 0x0, 0x78, 0xff, 0xff, 0xb0, 0x0, 0x0,
    0x0, 0x0, 0x78, 0xff, 0xff, 0xb0, 0x0, 0x0,
    0x0, 0x0, 0x78, 0xff, 0xff, 0xb0, 0x0, 0x0,
    0x0, 0x0, 0x78, 0xff, 0xff, 0xb0, 0x0, 0x0,
    0x0, 0x0, 0x78, 0xff, 0xff, 0xb0, 0x0, 0x0,
    0x0, 0x0, 0x78, 0xff, 0xff, 0xb0, 0x0, 0x0,
    0x0, 0x0, 0x78, 0xff, 0xff, 0xb0, 0x0, 0x0,
    0x0, 0x0, 0x78, 0xff, 0xff, 0xb0, 0x0, 0x0,

    /* U+012C "Ĭ" */
    0x71, 0x80, 0x2e, 0x0, 0x4e, 0x80, 0x4d, 0xc2,
    0xff, 0xb2, 0x36, 0xe0, 0xff, 0x79, 0x43, 0xff,
    0xff, 0xff, 0xff, 0xe8, 0x12, 0x0, 0x4e, 0xd8,
    0xf9, 0xbe, 0x27, 0x0, 0x0, 0x0, 0x0, 0x0,
    0x0, 0x0, 0x0, 0x0, 0x44, 0xff, 0xff, 0xf8,
    0x0, 0x0, 0x0, 0x44, 0xff, 0xff, 0xf8, 0x0,
    0x0, 0x0, 0x44, 0xff, 0xff, 0xf8, 0x0, 0x0,
    0x0, 0x44, 0xff, 0xff, 0xf8, 0x0, 0x0, 0x0,
    0x44, 0xff, 0xff, 0xf8, 0x0, 0x0, 0x0, 0x44,
    0xff, 0xff, 0xf8, 0x0, 0x0, 0x0, 0x44, 0xff,
    0xff, 0xf8, 0x0, 0x0, 0x0, 0x44, 0xff, 0xff,
    0xf8, 0x0, 0x0, 0x0, 0x44, 0xff, 0xff, 0xf8,
    0x0, 0x0, 0x0, 0x44, 0xff, 0xff, 0xf8, 0x0,
    0x0, 0x0, 0x44, 0xff, 0xff, 0xf8, 0x0, 0x0,
    0x0, 0x44, 0xff, 0xff, 0xf8, 0x0, 0x0, 0x0,
    0x44, 0xff, 0xff, 0xf8, 0x0, 0x0, 0x0, 0x44,
    0xff, 0xff, 0xf8, 0x0, 0x0, 0x0, 0x44, 0xff,
    0xff, 0xf8, 0x0, 0x0, 0x0, 0x44, 0xff, 0xff,
    0xf8, 0x0, 0x0, 0x0, 0x44, 0xff, 0xff, 0xf8,
    0x0, 0x0,

    /* U+012D "ĭ" */
    0x15, 0xff, 0xff, 0x50, 0x1e, 0xf0, 0xff, 0x53,
    0x0, 0xb3, 0xff, 0xff, 0xff, 0xff, 0xe3, 0xe,
    0x0, 0x13, 0xad, 0xfd, 0xff, 0xcf, 0x2f, 0x0,
    0x0, 0x0, 0x0, 0x9, 0x12, 0x0, 0x0, 0x0,
    0x0, 0x0, 0x0, 0x0, 0x0, 0x0, 0x0, 0x0,
    0x0, 0x0, 0x78, 0xff, 0xff, 0xb0, 0x0, 0x0,
    0x0, 0x0, 0x78, 0xff, 0xff, 0xb0, 0x0, 0x0,
    0x0, 0x0, 0x78, 0xff, 0xff, 0xb0, 0x0, 0x0,
    0x0, 0x0, 0x78, 0xff, 0xff, 0xb0, 0x0, 0x0,
    0x0, 0x0, 0x78, 0xff, 0xff, 0xb0, 0x0, 0x0,
    0x0, 0x0, 0x78, 0xff, 0xff, 0xb0, 0x0, 0x0,
    0x0, 0x0, 0x78, 0xff, 0xff, 0xb0, 0x0, 0x0,
    0x0, 0x0, 0x78, 0xff, 0xff, 0xb0, 0x0, 0x0,
    0x0, 0x0, 0x78, 0xff, 0xff, 0xb0, 0x0, 0x0,
    0x0, 0x0, 0x78, 0xff, 0xff, 0xb0, 0x0, 0x0,
    0x0, 0x0, 0x78, 0xff, 0xff, 0xb0, 0x0, 0x0,
    0x0, 0x0, 0x78, 0xff, 0xff, 0xb0, 0x0, 0x0,

    /* U+012E "Į" */
    0x0, 0x44, 0xff, 0xff, 0xf8, 0x0, 0x0, 0x44,
    0xff, 0xff, 0xf8, 0x0, 0x0, 0x44, 0xff, 0xff,
    0xf8, 0x0, 0x0, 0x44, 0xff, 0xff, 0xf8, 0x0,
    0x0, 0x44, 0xff, 0xff, 0xf8, 0x0, 0x0, 0x44,
    0xff, 0xff, 0xf8, 0x0, 0x0, 0x44, 0xff, 0xff,
    0xf8, 0x0, 0x0, 0x44, 0xff, 0xff, 0xf8, 0x0,
    0x0, 0x44, 0xff, 0xff, 0xf8, 0x0, 0x0, 0x44,
    0xff, 0xff, 0xf8, 0x0, 0x0, 0x44, 0xff, 0xff,
    0xf8, 0x0, 0x0, 0x44, 0xff, 0xff, 0xf8, 0x0,
    0x0, 0x44, 0xff, 0xff, 0xf8, 0x0, 0x0, 0x44,
    0xff, 0xff, 0xf8, 0x0, 0x0, 0x44, 0xff, 0xff,
    0xf8, 0x0, 0x0, 0x44, 0xff, 0xff, 0xf8, 0x0,
    0x0, 0x36, 0xff, 0xff, 0xec, 0x0, 0x0, 0xa1,
    0xff, 0xe2, 0x2b, 0x0, 0x32, 0xff, 0xff, 0x64,
    0x0, 0x0, 0x4e, 0xff, 0xff, 0xab, 0x46, 0x0,
    0x16, 0xf1, 0xff, 0xff, 0xff, 0x31, 0x0, 0x3c,
    0xc6, 0xf5, 0xea, 0x60,

    /* U+012F "į" */
    0x0, 0x3c, 0xdb, 0xea, 0x5e, 0x0, 0x0, 0xcf,
    0xff, 0xff, 0xfa, 0xc, 0x0, 0xd0, 0xff, 0xff,
    0xfa, 0xc, 0x0, 0x3e, 0xdb, 0xe7, 0x5e, 0x0,
    0x0, 0x0, 0x0, 0x0, 0x0, 0x0, 0x0, 0x78,
    0xff, 0xff, 0xb0, 0x0, 0x0, 0x78, 0xff, 0xff,
    0xb0, 0x0, 0x0, 0x78, 0xff, 0xff, 0xb0, 0x0,
    0x0, 0x78, 0xff, 0xff, 0xb0, 0x0, 0x0, 0x78,
    0xff, 0xff, 0xb0, 0x0, 0x0, 0x78, 0xff, 0xff,
    0xb0, 0x0, 0x0, 0x78, 0xff, 0xff, 0xb0, 0x0,
    0x0, 0x78, 0xff, 0xff, 0xb0, 0x0, 0x0, 0x78,
    0xff, 0xff, 0xb0, 0x0, 0x0, 0x78, 0xff, 0xff,
    0xb0, 0x0, 0x0, 0x78, 0xff, 0xff, 0xb0, 0x0,
    0x0, 0x73, 0xff, 0xff, 0x9f, 0x0, 0x15, 0xe3,
    0xff, 0xad, 0x8, 0x0, 0x80, 0xff, 0xff, 0x1a,
    0x0, 0x0, 0x95, 0xff, 0xff, 0x7b, 0x32, 0x0,
    0x4e, 0xff, 0xff, 0xff, 0xe2, 0x3, 0x0, 0x6a,
    0xdb, 0xf8, 0xdb, 0x29,

    /* U+0130 "İ" */
    0x6, 0xb4, 0xf2, 0x76, 0x0, 0x49, 0xff, 0xff,
    0xfa, 0x2, 0x1c, 0xf2, 0xff, 0xc2, 0x0, 0x0,
    0x1e, 0x4f, 0xa, 0x0, 0x0, 0x0, 0x0, 0x0,
    0x0, 0x44, 0xff, 0xff, 0xf8, 0x0, 0x44, 0xff,
    0xff, 0xf8, 0x0, 0x44, 0xff, 0xff, 0xf8, 0x0,
    0x44, 0xff, 0xff, 0xf8, 0x0, 0x44, 0xff, 0xff,
    0xf8, 0x0, 0x44, 0xff, 0xff, 0xf8, 0x0, 0x44,
    0xff, 0xff, 0xf8, 0x0, 0x44, 0xff, 0xff, 0xf8,
    0x0, 0x44, 0xff, 0xff, 0xf8, 0x0, 0x44, 0xff,
    0xff, 0xf8, 0x0, 0x44, 0xff, 0xff, 0xf8, 0x0,
    0x44, 0xff, 0xff, 0xf8, 0x0, 0x44, 0xff, 0xff,
    0xf8, 0x0, 0x44, 0xff, 0xff, 0xf8, 0x0, 0x44,
    0xff, 0xff, 0xf8, 0x0, 0x44, 0xff, 0xff, 0xf8,
    0x0, 0x44, 0xff, 0xff, 0xf8, 0x0,

    /* U+0131 "ı" */
    0x78, 0xff, 0xff, 0xb0, 0x78, 0xff, 0xff, 0xb0,
    0x78, 0xff, 0xff, 0xb0, 0x78, 0xff, 0xff, 0xb0,
    0x78, 0xff, 0xff, 0xb0, 0x78, 0xff, 0xff, 0xb0,
    0x78, 0xff, 0xff, 0xb0, 0x78, 0xff, 0xff, 0xb0,
    0x78, 0xff, 0xff, 0xb0, 0x78, 0xff, 0xff, 0xb0,
    0x78, 0xff, 0xff, 0xb0, 0x78, 0xff, 0xff, 0xb0,

    /* U+0134 "Ĵ" */
    0x0, 0x0, 0x0, 0x0, 0x0, 0x0, 0x0, 0x0,
    0x3c, 0xc3, 0xc4, 0xbb, 0x18, 0x0, 0x0, 0x0,
    0x0, 0x0, 0x0, 0x0, 0x0, 0x0, 0x29, 0xee,
    0xff, 0xff, 0xff, 0xc9, 0x8, 0x0, 0x0, 0x0,
    0x0, 0x0, 0x0, 0x0, 0x1a, 0xe1, 0xff, 0xe1,
    0x38, 0xfa, 0xff, 0xa6, 0x0, 0x0, 0x0, 0x0,
    0x0, 0x0, 0x0, 0x52, 0x84, 0x84, 0x3a, 0x0,
    0x57, 0x84, 0x84, 0x25, 0x0, 0x0, 0x0, 0x0,
    0x0, 0x0, 0x0, 0x0, 0x0, 0x0, 0x0, 0x0,
    0x0, 0x0, 0x0, 0x0, 0x0, 0x0, 0x0, 0x0,
    0x0, 0x0, 0x0, 0x5c, 0xff, 0xff, 0xe0, 0x0,
    0x0, 0x0, 0x0, 0x0, 0x0, 0x0, 0x0, 0x0,
    0x0, 0x0, 0x5c, 0xff, 0xff, 0xe0, 0x0, 0x0,
    0x0, 0x0, 0x0, 0x0, 0x0, 0x0, 0x0, 0x0,
    0x0, 0x5c, 0xff, 0xff, 0xe0, 0x0, 0x0, 0x0,
    0x0, 0x0, 0x0, 0x0, 0x0, 0x0, 0x0, 0x0,
    0x5c, 0xff, 0xff, 0xe0, 0x0, 0x0, 0x0, 0x0,
    0x0, 0x0, 0x0, 0x0, 0x0, 0x0, 0x0, 0x5c,
    0xff, 0xff, 0xe0, 0x0, 0x0, 0x0, 0x0, 0x0,
    0x0, 0x0, 0x0, 0x0, 0x0, 0x0, 0x5c, 0xff,
    0xff, 0xe0, 0x0, 0x0, 0x0, 0x0, 0x0, 0x0,
    0x0, 0x0, 0x0, 0x0, 0x0, 0x5c, 0xff, 0xff,
    0xe0, 0x0, 0x0, 0x0, 0x0, 0x0, 0x0, 0x0,
    0x0, 0x0, 0x0, 0x0, 0x5c, 0xff, 0xff, 0xe0,
    0x0, 0x0, 0x0, 0x0, 0x0, 0x0, 0x0, 0x0,
    0x0, 0x0, 0x0, 0x5c, 0xff, 0xff, 0xe0, 0x0,
    0x0, 0x0, 0x0, 0x0, 0x0, 0x0, 0x0, 0x0,
    0x0, 0x0, 0x5c, 0xff, 0xff, 0xe0, 0x0, 0x0,
    0x0, 0x0, 0x0, 0x0, 0x0, 0x0, 0x0, 0x0,
    0x0, 0x5c, 0xff, 0xff, 0xe0, 0x0, 0x0, 0x0,
    0x0, 0x0, 0x0, 0x16, 0x0, 0x0, 0x0, 0x0,
    0x64, 0xff, 0xff, 0xdb, 0x0, 0x0, 0x0, 0x10,
    0x70, 0xd5, 0xda, 0x5, 0x0, 0x0, 0x0, 0x97,
    0xff, 0xff, 0xc3, 0x0, 0x0, 0x0, 0x27, 0xfd,
    0xff, 0xff, 0xad, 0x29, 0x14, 0x61, 0xf9, 0xff,
    0xff, 0x82, 0x0, 0x0, 0x0, 0x0, 0xa0, 0xff,
    0xff, 0xff, 0xff, 0xff, 0xff, 0xff, 0xff, 0xf3,
    0x18, 0x0, 0x0, 0x0, 0x0, 0x7, 0xb4, 0xff,
    0xff, 0xff, 0xff, 0xff, 0xff, 0xf5, 0x4c, 0x0,
    0x0, 0x0, 0x0, 0x0, 0x0, 0x2, 0x60, 0xc1,
    0xf1, 0xfa, 0xdf, 0x99, 0x25, 0x0, 0x0, 0x0,
    0x0, 0x0,

    /* U+0135 "ĵ" */
    0x0, 0x0, 0x7, 0xb6, 0xff, 0xff, 0xda, 0x17,
    0x0, 0x0, 0x0, 0x6, 0xb3, 0xff, 0xf9, 0xec,
    0xff, 0xcf, 0xf, 0x0, 0x0, 0xa3, 0xf4, 0xf4,
    0x62, 0x31, 0xec, 0xf4, 0xb6, 0x6, 0x0, 0x0,
    0x0, 0x0, 0x0, 0x0, 0x0, 0x0, 0x0, 0x0,
    0x0, 0x0, 0x0, 0x0, 0x0, 0x0, 0x0, 0x0,
    0x0, 0x0, 0x0, 0x0, 0x0, 0x78, 0xff, 0xff,
    0xb0, 0x0, 0x0, 0x0, 0x0, 0x0, 0x0, 0x78,
    0xff, 0xff, 0xb0, 0x0, 0x0, 0x0, 0x0, 0x0,
    0x0, 0x78, 0xff, 0xff, 0xb0, 0x0, 0x0, 0x0,
    0x0, 0x0, 0x0, 0x78, 0xff, 0xff, 0xb0, 0x0,
    0x0, 0x0, 0x0, 0x0, 0x0, 0x78, 0xff, 0xff,
    0xb0, 0x0, 0x0, 0x0, 0x0, 0x0, 0x0, 0x78,
    0xff, 0xff, 0xb0, 0x0, 0x0, 0x0, 0x0, 0x0,
    0x0, 0x78, 0xff, 0xff, 0xb0, 0x0, 0x0, 0x0,
    0x0, 0x0, 0x0, 0x78, 0xff, 0xff, 0xb0, 0x0,
    0x0, 0x0, 0x0, 0x0, 0x0, 0x78, 0xff, 0xff,
    0xb0, 0x0, 0x0, 0x0, 0x0, 0x0, 0x0, 0x78,
    0xff, 0xff, 0xb0, 0x0, 0x0, 0x0, 0x0, 0x0,
    0x0, 0x78, 0xff, 0xff, 0xb0, 0x0, 0x0, 0x0,
    0x0, 0x0, 0x0, 0x78, 0xff, 0xff, 0xb0, 0x0,
    0x0, 0x0, 0x0, 0x0, 0x0, 0x79, 0xff, 0xff,
    0xaf, 0x0, 0x0, 0x0, 0x0, 0x2, 0x0, 0xa6,
    0xff, 0xff, 0xa2, 0x0, 0x0, 0x0, 0x0, 0x86,
    0xea, 0xff, 0xff, 0xff, 0x70, 0x0, 0x0, 0x0,
    0x0, 0xd2, 0xff, 0xff, 0xff, 0xe5, 0x10, 0x0,
    0x0, 0x0, 0xb, 0xd8, 0xf9, 0xe6, 0xa5, 0x1e,
    0x0, 0x0, 0x0, 0x0,

    /* U+0136 "Ķ" */
    0x44, 0xff, 0xff, 0xf8, 0x0, 0x0, 0x0, 0x0,
    0x0, 0x18, 0xe1, 0xff, 0xff, 0xed, 0x24, 0x0,
    0x44, 0xff, 0xff, 0xf8, 0x0, 0x0, 0x0, 0x0,
    0xa, 0xcb, 0xff, 0xff, 0xf8, 0x3c, 0x0, 0x0,
    0x44, 0xff, 0xff, 0xf8, 0x0, 0x0, 0x0, 0x2,
    0xaf, 0xff, 0xff, 0xfe, 0x55, 0x0, 0x0, 0x0,
    0x44, 0xff, 0xff, 0xf8, 0x0, 0x0, 0x0, 0x8e,
    0xff, 0xff, 0xff, 0x72, 0x0, 0x0, 0x0, 0x0,
    0x44, 0xff, 0xff, 0xf8, 0x0, 0x0, 0x69, 0xff,
    0xff, 0xff, 0x91, 0x0, 0x0, 0x0, 0x0, 0x0,
    0x44, 0xff, 0xff, 0xf8, 0x0, 0x49, 0xfc, 0xff,
    0xff, 0xae, 0x2, 0x0, 0x0, 0x0, 0x0, 0x0,
    0x44, 0xff, 0xff, 0xf8, 0x2e, 0xf2, 0xff, 0xff,
    0xc6, 0x9, 0x0, 0x0, 0x0, 0x0, 0x0, 0x0,
    0x44, 0xff, 0xff, 0xfd, 0xe7, 0xff, 0xff, 0xff,
    0x5c, 0x0, 0x0, 0x0, 0x0, 0x0, 0x0, 0x0,
    0x44, 0xff, 0xff, 0xff, 0xff, 0xff, 0xff, 0xff,
    0xea, 0x17, 0x0, 0x0, 0x0, 0x0, 0x0, 0x0,
    0x44, 0xff, 0xff, 0xff, 0xff, 0xf9, 0xff, 0xff,
    0xff, 0xb6, 0x0, 0x0, 0x0, 0x0, 0x0, 0x0,
    0x44, 0xff, 0xff, 0xff, 0xfe, 0x58, 0x93, 0xff,
    0xff, 0xff, 0x6c, 0x0, 0x0, 0x0, 0x0, 0x0,
    0x44, 0xff, 0xff, 0xff, 0x78, 0x0, 0x8, 0xd4,
    0xff, 0xff, 0xf6, 0x2a, 0x0, 0x0, 0x0, 0x0,
    0x44, 0xff, 0xff, 0xf8, 0x0, 0x0, 0x0, 0x2e,
    0xf8, 0xff, 0xff, 0xcf, 0x6, 0x0, 0x0, 0x0,
    0x44, 0xff, 0xff, 0xf8, 0x0, 0x0, 0x0, 0x0,
    0x71, 0xff, 0xff, 0xff, 0x8a, 0x0, 0x0, 0x0,
    0x44, 0xff, 0xff, 0xf8, 0x0, 0x0, 0x0, 0x0,
    0x1, 0xb9, 0xff, 0xff, 0xfd, 0x41, 0x0, 0x0,
    0x44, 0xff, 0xff, 0xf8, 0x0, 0x0, 0x0, 0x0,
    0x0, 0x19, 0xeb, 0xff, 0xff, 0xe3, 0x11, 0x0,
    0x44, 0xff, 0xff, 0xf8, 0x0, 0x0, 0x0, 0x0,
    0x0, 0x0, 0x4f, 0xff, 0xff, 0xff, 0xa9, 0x0,
    0x0, 0x0, 0x0, 0x0, 0x0, 0x0, 0x0, 0x0,
    0x0, 0x0, 0x0, 0x0, 0x0, 0x0, 0x0, 0x0,
    0x0, 0x0, 0x0, 0x0, 0x0, 0x1d, 0xd0, 0xeb,
    0x4f, 0x0, 0x0, 0x0, 0x0, 0x0, 0x0, 0x0,
    0x0, 0x0, 0x0, 0x0, 0x0, 0x7e, 0xff, 0xff,
    0xcd, 0x0, 0x0, 0x0, 0x0, 0x0, 0x0, 0x0,
    0x0, 0x0, 0x0, 0x0, 0x0, 0x46, 0xfa, 0xff,
    0xa4, 0x0, 0x0, 0x0, 0x0, 0x0, 0x0, 0x0,
    0x0, 0x0, 0x0, 0x0, 0x0, 0x0, 0xbf, 0xee,
    0x1a, 0x0, 0x0, 0x0, 0x0, 0x0, 0x0, 0x0,
    0x0, 0x0, 0x0, 0x0, 0x0, 0x56, 0xff, 0x58,
    0x0, 0x0, 0x0, 0x0, 0x0, 0x0, 0x0, 0x0,
    0x0, 0x0, 0x0, 0x0, 0x0, 0xc, 0x63, 0x0,
    0x0, 0x0, 0x0, 0x0, 0x0, 0x0, 0x0, 0x0,

    /* U+0137 "ķ" */
    0xa8, 0xff, 0xff, 0x7c, 0x0, 0x0, 0x0, 0x0,
    0x0, 0x0, 0x0, 0x0, 0xa8, 0xff, 0xff, 0x7c,
    0x0, 0x0, 0x0, 0x0, 0x0, 0x0, 0x0, 0x0,
    0xa8, 0xff, 0xff, 0x7c, 0x0, 0x0, 0x0, 0x0,
    0x0, 0x0, 0x0, 0x0, 0xa8, 0xff, 0xff, 0x7c,
    0x0, 0x0, 0x0, 0x0, 0x0, 0x0, 0x0, 0x0,
    0xa8, 0xff, 0xff, 0x7c, 0x0, 0x0, 0x0, 0x0,
    0x0, 0x0, 0x0, 0x0, 0xa8, 0xff, 0xff, 0x7c,
    0x0, 0x0, 0x16, 0xd6, 0xff, 0xff, 0xef, 0x30,
    0xa8, 0xff, 0xff, 0x7c, 0x0, 0x13, 0xd2, 0xff,
    0xff, 0xf0, 0x35, 0x0, 0xa8, 0xff, 0xff, 0x7c,
    0x10, 0xce, 0xff, 0xff, 0xf0, 0x35, 0x0, 0x0,
    0xa8, 0xff, 0xff, 0x8a, 0xc9, 0xff, 0xff, 0xf0,
    0x36, 0x0, 0x0, 0x0, 0xa8, 0xff, 0xff, 0xfe,
    0xff, 0xff, 0xff, 0x4f, 0x0, 0x0, 0x0, 0x0,
    0xa8, 0xff, 0xff, 0xff, 0xff, 0xff, 0xff, 0xb0,
    0x0, 0x0, 0x0, 0x0, 0xa8, 0xff, 0xff, 0xff,
    0xf7, 0xff, 0xff, 0xff, 0x52, 0x0, 0x0, 0x0,
    0xa8, 0xff, 0xff, 0xf3, 0x3a, 0xb1, 0xff, 0xff,
    0xe5, 0xf, 0x0, 0x0, 0xa8, 0xff, 0xff, 0x81,
    0x0, 0x1e, 0xf4, 0xff, 0xff, 0x97, 0x0, 0x0,
    0xa8, 0xff, 0xff, 0x7c, 0x0, 0x0, 0x74, 0xff,
    0xff, 0xfe, 0x3b, 0x0, 0xa8, 0xff, 0xff, 0x7c,
    0x0, 0x0, 0x4, 0xd1, 0xff, 0xff, 0xd5, 0x6,
    0xa8, 0xff, 0xff, 0x7c, 0x0, 0x0, 0x0, 0x39,
    0xfe, 0xff, 0xff, 0x7e, 0x0, 0x0, 0x0, 0x0,
    0x0, 0x0, 0x0, 0x0, 0x0, 0x0, 0x0, 0x0,
    0x0, 0x0, 0x0, 0x1, 0xa5, 0xf3, 0x8e, 0x0,
    0x0, 0x0, 0x0, 0x0, 0x0, 0x0, 0x0, 0x32,
    0xff, 0xff, 0xff, 0x19, 0x0, 0x0, 0x0, 0x0,
    0x0, 0x0, 0x0, 0x12, 0xe5, 0xff, 0xe9, 0x6,
    0x0, 0x0, 0x0, 0x0, 0x0, 0x0, 0x0, 0x0,
    0x73, 0xff, 0x54, 0x0, 0x0, 0x0, 0x0, 0x0,
    0x0, 0x0, 0x0, 0x18, 0xf2, 0xa4, 0x0, 0x0,
    0x0, 0x0, 0x0, 0x0, 0x0, 0x0, 0x0, 0x0,
    0x5d, 0x11, 0x0, 0x0, 0x0, 0x0, 0x0, 0x0,

    /* U+0138 "ĸ" */
    0xa8, 0xff, 0xff, 0x7c, 0x0, 0x0, 0xc, 0xda,
    0xff, 0xff, 0xde, 0xd, 0xa8, 0xff, 0xff, 0x7c,
    0x0, 0x0, 0xa3, 0xff, 0xff, 0xf7, 0x32, 0x0,
    0xa8, 0xff, 0xff, 0x7c, 0x0, 0x60, 0xff, 0xff,
    0xff, 0x64, 0x0, 0x0, 0xa8, 0xff, 0xff, 0x7c,
    0x28, 0xf4, 0xff, 0xff, 0xa0, 0x0, 0x0, 0x0,
    0xa8, 0xff, 0xff, 0x84, 0xd1, 0xff, 0xff, 0xd1,
    0x9, 0x0, 0x0, 0x0, 0xa8, 0xff, 0xff, 0xf8,
    0xff, 0xff, 0xff, 0x2d, 0x0, 0x0, 0x0, 0x0,
    0xa8, 0xff, 0xff, 0xb0, 0xf8, 0xff, 0xff, 0x8f,
    0x0, 0x0, 0x0, 0x0, 0xa8, 0xff, 0xff, 0x7c,
    0x71, 0xff, 0xff, 0xfe, 0x45, 0x0, 0x0, 0x0,
    0xa8, 0xff, 0xff, 0x7c, 0x1, 0xbb, 0xff, 0xff,
    0xe5, 0x12, 0x0, 0x0, 0xa8, 0xff, 0xff, 0x7c,
    0x0, 0x1a, 0xed, 0xff, 0xff, 0xac, 0x0, 0x0,
    0xa8, 0xff, 0xff, 0x7c, 0x0, 0x0, 0x53, 0xff,
    0xff, 0xff, 0x61, 0x0, 0xa8, 0xff, 0xff, 0x7c,
    0x0, 0x0, 0x0, 0x9e, 0xff, 0xff, 0xf2, 0x22,

    /* U+0139 "Ĺ" */
    0x0, 0x6, 0x3c, 0x3c, 0x3c, 0x1e, 0x0, 0x0,
    0x0, 0x0, 0x0, 0x0, 0x0, 0x4e, 0xff, 0xff,
    0xf5, 0x24, 0x0, 0x0, 0x0, 0x0, 0x0, 0x0,
    0x0, 0x9d, 0xff, 0xff, 0x6f, 0x0, 0x0, 0x0,
    0x0, 0x0, 0x0, 0x0, 0x2, 0xe9, 0xff, 0xc3,
    0x2, 0x0, 0x0, 0x0, 0x0, 0x0, 0x0, 0x0,
    0x0, 0x0, 0x0, 0x0, 0x0, 0x0, 0x0, 0x0,
    0x0, 0x0, 0x0, 0x0, 0x44, 0xff, 0xff, 0xf8,
    0x0, 0x0, 0x0, 0x0, 0x0, 0x0, 0x0, 0x0,
    0x44, 0xff, 0xff, 0xf8, 0x0, 0x0, 0x0, 0x0,
    0x0, 0x0, 0x0, 0x0, 0x44, 0xff, 0xff, 0xf8,
    0x0, 0x0, 0x0, 0x0, 0x0, 0x0, 0x0, 0x0,
    0x44, 0xff, 0xff, 0xf8, 0x0, 0x0, 0x0, 0x0,
    0x0, 0x0, 0x0, 0x0, 0x44, 0xff, 0xff, 0xf8,
    0x0, 0x0, 0x0, 0x0, 0x0, 0x0, 0x0, 0x0,
    0x44, 0xff, 0xff, 0xf8, 0x0, 0x0, 0x0, 0x0,
    0x0, 0x0, 0x0, 0x0, 0x44, 0xff, 0xff, 0xf8,
    0x0, 0x0, 0x0, 0x0, 0x0, 0x0, 0x0, 0x0,
    0x44, 0xff, 0xff, 0xf8, 0x0, 0x0, 0x0, 0x0,
    0x0, 0x0, 0x0, 0x0, 0x44, 0xff, 0xff, 0xf8,
    0x0, 0x0, 0x0, 0x0, 0x0, 0x0, 0x0, 0x0,
    0x44, 0xff, 0xff, 0xf8, 0x0, 0x0, 0x0, 0x0,
    0x0, 0x0, 0x0, 0x0, 0x44, 0xff, 0xff, 0xf8,
    0x0, 0x0, 0x0, 0x0, 0x0, 0x0, 0x0, 0x0,
    0x44, 0xff, 0xff, 0xf8, 0x0, 0x0, 0x0, 0x0,
    0x0, 0x0, 0x0, 0x0, 0x44, 0xff, 0xff, 0xf8,
    0x0, 0x0, 0x0, 0x0, 0x0, 0x0, 0x0, 0x0,
    0x44, 0xff, 0xff, 0xf8, 0x8, 0x8, 0x8, 0x8,
    0x8, 0x8, 0x8, 0x1, 0x44, 0xff, 0xff, 0xff,
    0xff, 0xff, 0xff, 0xff, 0xff, 0xff, 0xff, 0x3c,
    0x44, 0xff, 0xff, 0xff, 0xff, 0xff, 0xff, 0xff,
    0xff, 0xff, 0xff, 0x3c, 0x44, 0xff, 0xff, 0xff,
    0xff, 0xff, 0xff, 0xff, 0xff, 0xff, 0xff, 0x3c,

    /* U+013A "ĺ" */
    0x0, 0x1f, 0x3c, 0x3c, 0x3c, 0x6, 0x0, 0xb6,
    0xff, 0xff, 0xb2, 0x0, 0xc, 0xf8, 0xff, 0xee,
    0x19, 0x0, 0x54, 0xff, 0xff, 0x5d, 0x0, 0x0,
    0x0, 0x0, 0x0, 0x0, 0x0, 0x0, 0xa8, 0xff,
    0xff, 0x7c, 0x0, 0x0, 0xa8, 0xff, 0xff, 0x7c,
    0x0, 0x0, 0xa8, 0xff, 0xff, 0x7c, 0x0, 0x0,
    0xa8, 0xff, 0xff, 0x7c, 0x0, 0x0, 0xa8, 0xff,
    0xff, 0x7c, 0x0, 0x0, 0xa8, 0xff, 0xff, 0x7c,
    0x0, 0x0, 0xa8, 0xff, 0xff, 0x7c, 0x0, 0x0,
    0xa8, 0xff, 0xff, 0x7c, 0x0, 0x0, 0xa8, 0xff,
    0xff, 0x7c, 0x0, 0x0, 0xa8, 0xff, 0xff, 0x7c,
    0x0, 0x0, 0xa8, 0xff, 0xff, 0x7c, 0x0, 0x0,
    0xa8, 0xff, 0xff, 0x7c, 0x0, 0x0, 0xa8, 0xff,
    0xff, 0x7c, 0x0, 0x0, 0xa8, 0xff, 0xff, 0x7c,
    0x0, 0x0, 0xa8, 0xff, 0xff, 0x7c, 0x0, 0x0,
    0xa8, 0xff, 0xff, 0x7c, 0x0, 0x0, 0xa8, 0xff,
    0xff, 0x7c, 0x0, 0x0,

    /* U+013B "Ļ" */
    0x44, 0xff, 0xff, 0xf8, 0x0, 0x0, 0x0, 0x0,
    0x0, 0x0, 0x0, 0x0, 0x44, 0xff, 0xff, 0xf8,
    0x0, 0x0, 0x0, 0x0, 0x0, 0x0, 0x0, 0x0,
    0x44, 0xff, 0xff, 0xf8, 0x0, 0x0, 0x0, 0x0,
    0x0, 0x0, 0x0, 0x0, 0x44, 0xff, 0xff, 0xf8,
    0x0, 0x0, 0x0, 0x0, 0x0, 0x0, 0x0, 0x0,
    0x44, 0xff, 0xff, 0xf8, 0x0, 0x0, 0x0, 0x0,
    0x0, 0x0, 0x0, 0x0, 0x44, 0xff, 0xff, 0xf8,
    0x0, 0x0, 0x0, 0x0, 0x0, 0x0, 0x0, 0x0,
    0x44, 0xff, 0xff, 0xf8, 0x0, 0x0, 0x0, 0x0,
    0x0, 0x0, 0x0, 0x0, 0x44, 0xff, 0xff, 0xf8,
    0x0, 0x0, 0x0, 0x0, 0x0, 0x0, 0x0, 0x0,
    0x44, 0xff, 0xff, 0xf8, 0x0, 0x0, 0x0, 0x0,
    0x0, 0x0, 0x0, 0x0, 0x44, 0xff, 0xff, 0xf8,
    0x0, 0x0, 0x0, 0x0, 0x0, 0x0, 0x0, 0x0,
    0x44, 0xff, 0xff, 0xf8, 0x0, 0x0, 0x0, 0x0,
    0x0, 0x0, 0x0, 0x0, 0x44, 0xff, 0xff, 0xf8,
    0x0, 0x0, 0x0, 0x0, 0x0, 0x0, 0x0, 0x0,
    0x44, 0xff, 0xff, 0xf8, 0x0, 0x0, 0x0, 0x0,
    0x0, 0x0, 0x0, 0x0, 0x44, 0xff, 0xff, 0xf8,
    0x8, 0x8, 0x8, 0x8, 0x8, 0x8, 0x8, 0x1,
    0x44, 0xff, 0xff, 0xff, 0xff, 0xff, 0xff, 0xff,
    0xff, 0xff, 0xff, 0x3c, 0x44, 0xff, 0xff, 0xff,
    0xff, 0xff, 0xff, 0xff, 0xff, 0xff, 0xff, 0x3c,
    0x44, 0xff, 0xff, 0xff, 0xff, 0xff, 0xff, 0xff,
    0xff, 0xff, 0xff, 0x3c, 0x0, 0x0, 0x0, 0x0,
    0x0, 0x0, 0x0, 0x0, 0x0, 0x0, 0x0, 0x0,
    0x0, 0x0, 0x0, 0x0, 0x38, 0xe2, 0xde, 0x30,
    0x0, 0x0, 0x0, 0x0, 0x0, 0x0, 0x0, 0x0,
    0xaa, 0xff, 0xff, 0xa1, 0x0, 0x0, 0x0, 0x0,
    0x0, 0x0, 0x0, 0x0, 0x6f, 0xff, 0xff, 0x77,
    0x0, 0x0, 0x0, 0x0, 0x0, 0x0, 0x0, 0x0,
    0x8, 0xe3, 0xd4, 0x7, 0x0, 0x0, 0x0, 0x0,
    0x0, 0x0, 0x0, 0x0, 0x82, 0xfa, 0x32, 0x0,
    0x0, 0x0, 0x0, 0x0, 0x0, 0x0, 0x0, 0x0,
    0x19, 0x55, 0x0, 0x0, 0x0, 0x0, 0x0, 0x0,

    /* U+013C "ļ" */
    0xa8, 0xff, 0xff, 0x7c, 0xa8, 0xff, 0xff, 0x7c,
    0xa8, 0xff, 0xff, 0x7c, 0xa8, 0xff, 0xff, 0x7c,
    0xa8, 0xff, 0xff, 0x7c, 0xa8, 0xff, 0xff, 0x7c,
    0xa8, 0xff, 0xff, 0x7c, 0xa8, 0xff, 0xff, 0x7c,
    0xa8, 0xff, 0xff, 0x7c, 0xa8, 0xff, 0xff, 0x7c,
    0xa8, 0xff, 0xff, 0x7c, 0xa8, 0xff, 0xff, 0x7c,
    0xa8, 0xff, 0xff, 0x7c, 0xa8, 0xff, 0xff, 0x7c,
    0xa8, 0xff, 0xff, 0x7c, 0xa8, 0xff, 0xff, 0x7c,
    0xa8, 0xff, 0xff, 0x7c, 0x0, 0x0, 0x0, 0x0,
    0x43, 0xe7, 0xd8, 0x27, 0xba, 0xff, 0xff, 0x91,
    0x7d, 0xff, 0xff, 0x68, 0xe, 0xed, 0xc9, 0x3,
    0x92, 0xf7, 0x28, 0x0, 0x1e, 0x50, 0x0, 0x0,

    /* U+013D "Ľ" */
    0x44, 0xff, 0xff, 0xf8, 0x0, 0x0, 0x0, 0xd0,
    0xff, 0xff, 0x65, 0x0, 0x44, 0xff, 0xff, 0xf8,
    0x0, 0x0, 0x0, 0xd0, 0xff, 0xff, 0x30, 0x0,
    0x44, 0xff, 0xff, 0xf8, 0x0, 0x0, 0x0, 0xd0,
    0xff, 0xf7, 0x4, 0x0, 0x44, 0xff, 0xff, 0xf8,
    0x0, 0x0, 0x0, 0xd0, 0xff, 0xc7, 0x0, 0x0,
    0x44, 0xff, 0xff, 0xf8, 0x0, 0x0, 0x0, 0xd0,
    0xff, 0x92, 0x0, 0x0, 0x44, 0xff, 0xff, 0xf8,
    0x0, 0x0, 0x0, 0x30, 0x3c, 0x1a, 0x0, 0x0,
    0x44, 0xff, 0xff, 0xf8, 0x0, 0x0, 0x0, 0x0,
    0x0, 0x0, 0x0, 0x0, 0x44, 0xff, 0xff, 0xf8,
    0x0, 0x0, 0x0, 0x0, 0x0, 0x0, 0x0, 0x0,
    0x44, 0xff, 0xff, 0xf8, 0x0, 0x0, 0x0, 0x0,
    0x0, 0x0, 0x0, 0x0, 0x44, 0xff, 0xff, 0xf8,
    0x0, 0x0, 0x0, 0x0, 0x0, 0x0, 0x0, 0x0,
    0x44, 0xff, 0xff, 0xf8, 0x0, 0x0, 0x0, 0x0,
    0x0, 0x0, 0x0, 0x0, 0x44, 0xff, 0xff, 0xf8,
    0x0, 0x0, 0x0, 0x0, 0x0, 0x0, 0x0, 0x0,
    0x44, 0xff, 0xff, 0xf8, 0x0, 0x0, 0x0, 0x0,
    0x0, 0x0, 0x0, 0x0, 0x44, 0xff, 0xff, 0xf8,
    0x8, 0x8, 0x8, 0x8, 0x8, 0x8, 0x8, 0x1,
    0x44, 0xff, 0xff, 0xff, 0xff, 0xff, 0xff, 0xff,
    0xff, 0xff, 0xff, 0x3c, 0x44, 0xff, 0xff, 0xff,
    0xff, 0xff, 0xff, 0xff, 0xff, 0xff, 0xff, 0x3c,
    0x44, 0xff, 0xff, 0xff, 0xff, 0xff, 0xff, 0xff,
    0xff, 0xff, 0xff, 0x3c,

    /* U+013E "ľ" */
    0x2c, 0xff, 0xff, 0xf8, 0x0, 0x8c, 0xff, 0xff,
    0xa9, 0x2c, 0xff, 0xff, 0xf8, 0x0, 0x8c, 0xff,
    0xff, 0x74, 0x2c, 0xff, 0xff, 0xf8, 0x0, 0x8c,
    0xff, 0xff, 0x3f, 0x2c, 0xff, 0xff, 0xf8, 0x0,
    0x8c, 0xff, 0xfd, 0xd, 0x2c, 0xff, 0xff, 0xf8,
    0x0, 0x8c, 0xff, 0xd6, 0x0, 0x2c, 0xff, 0xff,
    0xf8, 0x0, 0x20, 0x3c, 0x2a, 0x0, 0x2c, 0xff,
    0xff, 0xf8, 0x0, 0x0, 0x0, 0x0, 0x0, 0x2c,
    0xff, 0xff, 0xf8, 0x0, 0x0, 0x0, 0x0, 0x0,
    0x2c, 0xff, 0xff, 0xf8, 0x0, 0x0, 0x0, 0x0,
    0x0, 0x2c, 0xff, 0xff, 0xf8, 0x0, 0x0, 0x0,
    0x0, 0x0, 0x2c, 0xff, 0xff, 0xf8, 0x0, 0x0,
    0x0, 0x0, 0x0, 0x2c, 0xff, 0xff, 0xf8, 0x0,
    0x0, 0x0, 0x0, 0x0, 0x2c, 0xff, 0xff, 0xf8,
    0x0, 0x0, 0x0, 0x0, 0x0, 0x2c, 0xff, 0xff,
    0xf8, 0x0, 0x0, 0x0, 0x0, 0x0, 0x2c, 0xff,
    0xff, 0xf8, 0x0, 0x0, 0x0, 0x0, 0x0, 0x2c,
    0xff, 0xff, 0xf8, 0x0, 0x0, 0x0, 0x0, 0x0,
    0x2c, 0xff, 0xff, 0xf8, 0x0, 0x0, 0x0, 0x0,
    0x0,

    /* U+013F "Ŀ" */
    0x44, 0xff, 0xff, 0xf8, 0x0, 0x0, 0x0, 0x0,
    0x0, 0x0, 0x0, 0x0, 0x44, 0xff, 0xff, 0xf8,
    0x0, 0x0, 0x0, 0x0, 0x0, 0x0, 0x0, 0x0,
    0x44, 0xff, 0xff, 0xf8, 0x0, 0x0, 0x0, 0x0,
    0x0, 0x0, 0x0, 0x0, 0x44, 0xff, 0xff, 0xf8,
    0x0, 0x0, 0x0, 0x0, 0x0, 0x0, 0x0, 0x0,
    0x44, 0xff, 0xff, 0xf8, 0x0, 0x0, 0x0, 0x0,
    0x0, 0x0, 0x0, 0x0, 0x44, 0xff, 0xff, 0xf8,
    0x0, 0x0, 0x0, 0x0, 0x0, 0x0, 0x0, 0x0,
    0x44, 0xff, 0xff, 0xf8, 0x0, 0x0, 0x0, 0x8,
    0xb, 0x0, 0x0, 0x0, 0x44, 0xff, 0xff, 0xf8,
    0x0, 0x0, 0x61, 0xf8, 0xfc, 0x6f, 0x0, 0x0,
    0x44, 0xff, 0xff, 0xf8, 0x0, 0x2, 0xf2, 0xff,
    0xff, 0xfb, 0x9, 0x0, 0x44, 0xff, 0xff, 0xf8,
    0x0, 0x0, 0xea, 0xff, 0xff, 0xf4, 0x6, 0x0,
    0x44, 0xff, 0xff, 0xf8, 0x0, 0x0, 0x49, 0xe1,
    0xe8, 0x55, 0x0, 0x0, 0x44, 0xff, 0xff, 0xf8,
    0x0, 0x0, 0x0, 0x0, 0x0, 0x0, 0x0, 0x0,
    0x44, 0xff, 0xff, 0xf8, 0x0, 0x0, 0x0, 0x0,
    0x0, 0x0, 0x0, 0x0, 0x44, 0xff, 0xff, 0xf8,
    0x8, 0x8, 0x8, 0x8, 0x8, 0x8, 0x8, 0x1,
    0x44, 0xff, 0xff, 0xff, 0xff, 0xff, 0xff, 0xff,
    0xff, 0xff, 0xff, 0x3c, 0x44, 0xff, 0xff, 0xff,
    0xff, 0xff, 0xff, 0xff, 0xff, 0xff, 0xff, 0x3c,
    0x44, 0xff, 0xff, 0xff, 0xff, 0xff, 0xff, 0xff,
    0xff, 0xff, 0xff, 0x3c,

    /* U+0141 "Ł" */
    0x0, 0x0, 0x48, 0xff, 0xff, 0xf4, 0x0, 0x0,
    0x0, 0x0, 0x0, 0x0, 0x0, 0x0, 0x0, 0x0,
    0x48, 0xff, 0xff, 0xf4, 0x0, 0x0, 0x0, 0x0,
    0x0, 0x0, 0x0, 0x0, 0x0, 0x0, 0x48, 0xff,
    0xff, 0xf4, 0x0, 0x0, 0x0, 0x0, 0x0, 0x0,
    0x0, 0x0, 0x0, 0x0, 0x48, 0xff, 0xff, 0xf4,
    0x0, 0x0, 0x0, 0x0, 0x0, 0x0, 0x0, 0x0,
    0x0, 0x0, 0x48, 0xff, 0xff, 0xf4, 0x0, 0x12,
    0x6e, 0x0, 0x0, 0x0, 0x0, 0x0, 0x0, 0x0,
    0x48, 0xff, 0xff, 0xf4, 0x5e, 0xeb, 0xff, 0x54,
    0x0, 0x0, 0x0, 0x0, 0x0, 0x0, 0x48, 0xff,
    0xff, 0xff, 0xff, 0xff, 0xff, 0xb1, 0x0, 0x0,
    0x0, 0x0, 0x0, 0x0, 0x48, 0xff, 0xff, 0xff,
    0xff, 0xf1, 0x6d, 0x2, 0x0, 0x0, 0x0, 0x0,
    0x0, 0x37, 0xd0, 0xff, 0xff, 0xff, 0xaa, 0x19,
    0x0, 0x0, 0x0, 0x0, 0x0, 0x0, 0x8d, 0xfd,
    0xff, 0xff, 0xff, 0xf4, 0x0, 0x0, 0x0, 0x0,
    0x0, 0x0, 0x0, 0x0, 0x7d, 0xff, 0xff, 0xff,
    0xff, 0xf4, 0x0, 0x0, 0x0, 0x0, 0x0, 0x0,
    0x0, 0x0, 0x5, 0xae, 0x89, 0xff, 0xff, 0xf4,
    0x0, 0x0, 0x0, 0x0, 0x0, 0x0, 0x0, 0x0,
    0x0, 0x0, 0x48, 0xff, 0xff, 0xf4, 0x0, 0x0,
    0x0, 0x0, 0x0, 0x0, 0x0, 0x0, 0x0, 0x0,
    0x48, 0xff, 0xff, 0xf4, 0x8, 0x8, 0x8, 0x8,
    0x8, 0x8, 0x8, 0x1, 0x0, 0x0, 0x48, 0xff,
    0xff, 0xff, 0xff, 0xff, 0xff, 0xff, 0xff, 0xff,
    0xff, 0x3c, 0x0, 0x0, 0x48, 0xff, 0xff, 0xff,
    0xff, 0xff, 0xff, 0xff, 0xff, 0xff, 0xff, 0x3c,
    0x0, 0x0, 0x48, 0xff, 0xff, 0xff, 0xff, 0xff,
    0xff, 0xff, 0xff, 0xff, 0xff, 0x3c,

    /* U+0142 "ł" */
    0x0, 0x0, 0x0, 0x9c, 0xff, 0xff, 0x88, 0x0,
    0x0, 0x0, 0x0, 0x0, 0x0, 0x9c, 0xff, 0xff,
    0x88, 0x0, 0x0, 0x0, 0x0, 0x0, 0x0, 0x9c,
    0xff, 0xff, 0x88, 0x0, 0x0, 0x0, 0x0, 0x0,
    0x0, 0x9c, 0xff, 0xff, 0x88, 0x0, 0x0, 0x0,
    0x0, 0x0, 0x0, 0x9c, 0xff, 0xff, 0x88, 0x2b,
    0x14, 0x0, 0x0, 0x0, 0x0, 0x9c, 0xff, 0xff,
    0xd0, 0xf7, 0xba, 0x2, 0x0, 0x0, 0x0, 0x9c,
    0xff, 0xff, 0xff, 0xff, 0xff, 0x4b, 0x0, 0x0,
    0x0, 0xa8, 0xff, 0xff, 0xff, 0xee, 0x51, 0x0,
    0x0, 0xc, 0x9f, 0xff, 0xff, 0xff, 0xcf, 0x1e,
    0x0, 0x0, 0x14, 0xdb, 0xff, 0xff, 0xff, 0xff,
    0x88, 0x0, 0x0, 0x0, 0x0, 0xa3, 0xff, 0xfe,
    0xff, 0xff, 0x88, 0x0, 0x0, 0x0, 0x0, 0xb,
    0x78, 0xa3, 0xff, 0xff, 0x88, 0x0, 0x0, 0x0,
    0x0, 0x0, 0x0, 0x9c, 0xff, 0xff, 0x88, 0x0,
    0x0, 0x0, 0x0, 0x0, 0x0, 0x9c, 0xff, 0xff,
    0x88, 0x0, 0x0, 0x0, 0x0, 0x0, 0x0, 0x9c,
    0xff, 0xff, 0x88, 0x0, 0x0, 0x0, 0x0, 0x0,
    0x0, 0x9c, 0xff, 0xff, 0x88, 0x0, 0x0, 0x0,
    0x0, 0x0, 0x0, 0x9c, 0xff, 0xff, 0x88, 0x0,
    0x0, 0x0,

    /* U+0143 "Ń" */
    0x0, 0x0, 0x0, 0x0, 0x0, 0x0, 0x0, 0x13,
    0x3c, 0x3c, 0x3c, 0x12, 0x0, 0x0, 0x0, 0x0,
    0x0, 0x0, 0x0, 0x0, 0x0, 0x0, 0x83, 0xff,
    0xff, 0xdb, 0xa, 0x0, 0x0, 0x0, 0x0, 0x0,
    0x0, 0x0, 0x0, 0x0, 0x0, 0xd4, 0xff, 0xfd,
    0x3c, 0x0, 0x0, 0x0, 0x0, 0x0, 0x0, 0x0,
    0x0, 0x0, 0x0, 0x23, 0xff, 0xff, 0x8d, 0x0,
    0x0, 0x0, 0x0, 0x0, 0x0, 0x0, 0x0, 0x0,
    0x0, 0x0, 0x0, 0x0, 0x0, 0x0, 0x0, 0x0,
    0x0, 0x0, 0x0, 0x44, 0xff, 0xff, 0xff, 0xca,
    0x2, 0x0, 0x0, 0x0, 0x0, 0x0, 0x98, 0xff,
    0xff, 0xa0, 0x44, 0xff, 0xff, 0xff, 0xff, 0x68,
    0x0, 0x0, 0x0, 0x0, 0x0, 0x98, 0xff, 0xff,
    0xa0, 0x44, 0xff, 0xff, 0xff, 0xff, 0xee, 0x15,
    0x0, 0x0, 0x0, 0x0, 0x98, 0xff, 0xff, 0xa0,
    0x44, 0xff, 0xff, 0xff, 0xff, 0xff, 0x9e, 0x0,
    0x0, 0x0, 0x0, 0x98, 0xff, 0xff, 0xa0, 0x44,
    0xff, 0xff, 0xfe, 0xff, 0xff, 0xfe, 0x3b, 0x0,
    0x0, 0x0, 0x98, 0xff, 0xff, 0xa0, 0x44, 0xff,
    0xff, 0xc4, 0xc0, 0xff, 0xff, 0xd1, 0x3, 0x0,
    0x0, 0x98, 0xff, 0xff, 0xa0, 0x44, 0xff, 0xff,
    0xd2, 0x2b, 0xfb, 0xff, 0xff, 0x70, 0x0, 0x0,
    0x98, 0xff, 0xff, 0xa0, 0x44, 0xff, 0xff, 0xe0,
    0x0, 0x8b, 0xff, 0xff, 0xf1, 0x19, 0x0, 0x98,
    0xff, 0xff, 0xa0, 0x44, 0xff, 0xff, 0xeb, 0x0,
    0xc, 0xe4, 0xff, 0xff, 0xa6, 0x0, 0x92, 0xff,
    0xff, 0xa0, 0x44, 0xff, 0xff, 0xec, 0x0, 0x0,
    0x55, 0xff, 0xff, 0xff, 0x42, 0x84, 0xff, 0xff,
    0xa0, 0x44, 0xff, 0xff, 0xec, 0x0, 0x0, 0x0,
    0xb9, 0xff, 0xff, 0xd7, 0x7b, 0xff, 0xff, 0xa0,
    0x44, 0xff, 0xff, 0xec, 0x0, 0x0, 0x0, 0x25,
    0xf8, 0xff, 0xff, 0xe2, 0xff, 0xff, 0xa0, 0x44,
    0xff, 0xff, 0xec, 0x0, 0x0, 0x0, 0x0, 0x83,
    0xff, 0xff, 0xff, 0xff, 0xff, 0xa0, 0x44, 0xff,
    0xff, 0xec, 0x0, 0x0, 0x0, 0x0, 0x9, 0xde,
    0xff, 0xff, 0xff, 0xff, 0xa0, 0x44, 0xff, 0xff,
    0xec, 0x0, 0x0, 0x0, 0x0, 0x0, 0x4c, 0xff,
    0xff, 0xff, 0xff, 0xa0, 0x44, 0xff, 0xff, 0xec,
    0x0, 0x0, 0x0, 0x0, 0x0, 0x0, 0xb1, 0xff,
    0xff, 0xff, 0xa0, 0x44, 0xff, 0xff, 0xec, 0x0,
    0x0, 0x0, 0x0, 0x0, 0x0, 0x20, 0xf5, 0xff,
    0xff, 0xa0,

    /* U+0144 "ń" */
    0x0, 0x0, 0x0, 0x0, 0x0, 0x51, 0xff, 0xff,
    0xfb, 0x32, 0x0, 0x0, 0x0, 0x0, 0x0, 0x0,
    0x0, 0xa1, 0xff, 0xff, 0x82, 0x0, 0x0, 0x0,
    0x0, 0x0, 0x0, 0x0, 0x4, 0xed, 0xff, 0xd1,
    0x5, 0x0, 0x0, 0x0, 0x0, 0x0, 0x0, 0x0,
    0x7, 0x38, 0x38, 0x18, 0x0, 0x0, 0x0, 0x0,
    0x0, 0x0, 0x0, 0x0, 0x0, 0x0, 0x0, 0x0,
    0x0, 0x0, 0x0, 0x0, 0xa8, 0xff, 0xff, 0x4c,
    0x3a, 0xb7, 0xef, 0xf6, 0xcd, 0x62, 0x0, 0x0,
    0xa8, 0xff, 0xff, 0x9e, 0xfc, 0xff, 0xff, 0xff,
    0xff, 0xff, 0x7d, 0x0, 0xa8, 0xff, 0xff, 0xff,
    0xff, 0xf3, 0xeb, 0xff, 0xff, 0xff, 0xfa, 0x17,
    0xa8, 0xff, 0xff, 0xff, 0x9b, 0x7, 0x0, 0x49,
    0xfd, 0xff, 0xff, 0x5f, 0xa8, 0xff, 0xff, 0xde,
    0x4, 0x0, 0x0, 0x0, 0xbb, 0xff, 0xff, 0x7f,
    0xa8, 0xff, 0xff, 0x96, 0x0, 0x0, 0x0, 0x0,
    0x9d, 0xff, 0xff, 0x88, 0xa8, 0xff, 0xff, 0x7d,
    0x0, 0x0, 0x0, 0x0, 0x9c, 0xff, 0xff, 0x88,
    0xa8, 0xff, 0xff, 0x7c, 0x0, 0x0, 0x0, 0x0,
    0x9c, 0xff, 0xff, 0x88, 0xa8, 0xff, 0xff, 0x7c,
    0x0, 0x0, 0x0, 0x0, 0x9c, 0xff, 0xff, 0x88,
    0xa8, 0xff, 0xff, 0x7c, 0x0, 0x0, 0x0, 0x0,
    0x9c, 0xff, 0xff, 0x88, 0xa8, 0xff, 0xff, 0x7c,
    0x0, 0x0, 0x0, 0x0, 0x9c, 0xff, 0xff, 0x88,
    0xa8, 0xff, 0xff, 0x7c, 0x0, 0x0, 0x0, 0x0,
    0x9c, 0xff, 0xff, 0x88,

    /* U+0145 "Ņ" */
    0x44, 0xff, 0xff, 0xff, 0xca, 0x2, 0x0, 0x0,
    0x0, 0x0, 0x0, 0x98, 0xff, 0xff, 0xa0, 0x44,
    0xff, 0xff, 0xff, 0xff, 0x68, 0x0, 0x0, 0x0,
    0x0, 0x0, 0x98, 0xff, 0xff, 0xa0, 0x44, 0xff,
    0xff, 0xff, 0xff, 0xee, 0x15, 0x0, 0x0, 0x0,
    0x0, 0x98, 0xff, 0xff, 0xa0, 0x44, 0xff, 0xff,
    0xff, 0xff, 0xff, 0x9e, 0x0, 0x0, 0x0, 0x0,
    0x98, 0xff, 0xff, 0xa0, 0x44, 0xff, 0xff, 0xfe,
    0xff, 0xff, 0xfe, 0x3b, 0x0, 0x0, 0x0, 0x98,
    0xff, 0xff, 0xa0, 0x44, 0xff, 0xff, 0xc4, 0xc0,
    0xff, 0xff, 0xd1, 0x3, 0x0, 0x0, 0x98, 0xff,
    0xff, 0xa0, 0x44, 0xff, 0xff, 0xd2, 0x2b, 0xfb,
    0xff, 0xff, 0x70, 0x0, 0x0, 0x98, 0xff, 0xff,
    0xa0, 0x44, 0xff, 0xff, 0xe0, 0x0, 0x8b, 0xff,
    0xff, 0xf1, 0x19, 0x0, 0x98, 0xff, 0xff, 0xa0,
    0x44, 0xff, 0xff, 0xeb, 0x0, 0xc, 0xe4, 0xff,
    0xff, 0xa6, 0x0, 0x92, 0xff, 0xff, 0xa0, 0x44,
    0xff, 0xff, 0xec, 0x0, 0x0, 0x55, 0xff, 0xff,
    0xff, 0x42, 0x84, 0xff, 0xff, 0xa0, 0x44, 0xff,
    0xff, 0xec, 0x0, 0x0, 0x0, 0xb9, 0xff, 0xff,
    0xd7, 0x7b, 0xff, 0xff, 0xa0, 0x44, 0xff, 0xff,
    0xec, 0x0, 0x0, 0x0, 0x25, 0xf8, 0xff, 0xff,
    0xe2, 0xff, 0xff, 0xa0, 0x44, 0xff, 0xff, 0xec,
    0x0, 0x0, 0x0, 0x0, 0x83, 0xff, 0xff, 0xff,
    0xff, 0xff, 0xa0, 0x44, 0xff, 0xff, 0xec, 0x0,
    0x0, 0x0, 0x0, 0x9, 0xde, 0xff, 0xff, 0xff,
    0xff, 0xa0, 0x44, 0xff, 0xff, 0xec, 0x0, 0x0,
    0x0, 0x0, 0x0, 0x4c, 0xff, 0xff, 0xff, 0xff,
    0xa0, 0x44, 0xff, 0xff, 0xec, 0x0, 0x0, 0x0,
    0x0, 0x0, 0x0, 0xb1, 0xff, 0xff, 0xff, 0xa0,
    0x44, 0xff, 0xff, 0xec, 0x0, 0x0, 0x0, 0x0,
    0x0, 0x0, 0x20, 0xf5, 0xff, 0xff, 0xa0, 0x0,
    0x0, 0x0, 0x0, 0x0, 0x0, 0x0, 0x0, 0x0,
    0x0, 0x0, 0x0, 0x0, 0x0, 0x0, 0x0, 0x0,
    0x0, 0x0, 0x0, 0x0, 0x78, 0xf2, 0xb9, 0x8,
    0x0, 0x0, 0x0, 0x0, 0x0, 0x0, 0x0, 0x0,
    0x0, 0x0, 0x3, 0xfb, 0xff, 0xff, 0x51, 0x0,
    0x0, 0x0, 0x0, 0x0, 0x0, 0x0, 0x0, 0x0,
    0x0, 0x0, 0xc1, 0xff, 0xfd, 0x29, 0x0, 0x0,
    0x0, 0x0, 0x0, 0x0, 0x0, 0x0, 0x0, 0x0,
    0x0, 0x3f, 0xff, 0x8c, 0x0, 0x0, 0x0, 0x0,
    0x0, 0x0, 0x0, 0x0, 0x0, 0x0, 0x0, 0x2,
    0xd4, 0xd5, 0x7, 0x0, 0x0, 0x0, 0x0, 0x0,
    0x0, 0x0, 0x0, 0x0, 0x0, 0x0, 0x0, 0x3f,
    0x30, 0x0, 0x0, 0x0, 0x0, 0x0, 0x0, 0x0,

    /* U+0146 "ņ" */
    0xa8, 0xff, 0xff, 0x4c, 0x3a, 0xb7, 0xef, 0xf6,
    0xcd, 0x62, 0x0, 0x0, 0xa8, 0xff, 0xff, 0x9e,
    0xfc, 0xff, 0xff, 0xff, 0xff, 0xff, 0x7d, 0x0,
    0xa8, 0xff, 0xff, 0xff, 0xff, 0xf3, 0xeb, 0xff,
    0xff, 0xff, 0xfa, 0x17, 0xa8, 0xff, 0xff, 0xff,
    0x9b, 0x7, 0x0, 0x49, 0xfd, 0xff, 0xff, 0x5f,
    0xa8, 0xff, 0xff, 0xde, 0x4, 0x0, 0x0, 0x0,
    0xbb, 0xff, 0xff, 0x7f, 0xa8, 0xff, 0xff, 0x96,
    0x0, 0x0, 0x0, 0x0, 0x9d, 0xff, 0xff, 0x88,
    0xa8, 0xff, 0xff, 0x7d, 0x0, 0x0, 0x0, 0x0,
    0x9c, 0xff, 0xff, 0x88, 0xa8, 0xff, 0xff, 0x7c,
    0x0, 0x0, 0x0, 0x0, 0x9c, 0xff, 0xff, 0x88,
    0xa8, 0xff, 0xff, 0x7c, 0x0, 0x0, 0x0, 0x0,
    0x9c, 0xff, 0xff, 0x88, 0xa8, 0xff, 0xff, 0x7c,
    0x0, 0x0, 0x0, 0x0, 0x9c, 0xff, 0xff, 0x88,
    0xa8, 0xff, 0xff, 0x7c, 0x0, 0x0, 0x0, 0x0,
    0x9c, 0xff, 0xff, 0x88, 0xa8, 0xff, 0xff, 0x7c,
    0x0, 0x0, 0x0, 0x0, 0x9c, 0xff, 0xff, 0x88,
    0x0, 0x0, 0x0, 0x0, 0x0, 0x0, 0x0, 0x0,
    0x0, 0x0, 0x0, 0x0, 0x0, 0x0, 0x0, 0x0,
    0x40, 0xe5, 0xd9, 0x29, 0x0, 0x0, 0x0, 0x0,
    0x0, 0x0, 0x0, 0x0, 0xb6, 0xff, 0xff, 0x95,
    0x0, 0x0, 0x0, 0x0, 0x0, 0x0, 0x0, 0x0,
    0x7b, 0xff, 0xff, 0x6b, 0x0, 0x0, 0x0, 0x0,
    0x0, 0x0, 0x0, 0x0, 0xc, 0xeb, 0xcb, 0x4,
    0x0, 0x0, 0x0, 0x0, 0x0, 0x0, 0x0, 0x0,
    0x8e, 0xf7, 0x29, 0x0, 0x0, 0x0, 0x0, 0x0,
    0x0, 0x0, 0x0, 0x0, 0x1d, 0x50, 0x0, 0x0,
    0x0, 0x0, 0x0, 0x0,

    /* U+0147 "Ň" */
    0x0, 0x0, 0x0, 0xf, 0x7e, 0x80, 0x6c, 0x0,
    0x22, 0x80, 0x80, 0x66, 0x0, 0x0, 0x0, 0x0,
    0x0, 0x0, 0x0, 0x7b, 0xff, 0xff, 0x53, 0xbf,
    0xff, 0xf5, 0x36, 0x0, 0x0, 0x0, 0x0, 0x0,
    0x0, 0x0, 0x0, 0xa5, 0xff, 0xff, 0xff, 0xfc,
    0x4d, 0x0, 0x0, 0x0, 0x0, 0x0, 0x0, 0x0,
    0x0, 0x0, 0x8, 0xac, 0xc8, 0xc8, 0x64, 0x0,
    0x0, 0x0, 0x0, 0x0, 0x0, 0x0, 0x0, 0x0,
    0x0, 0x0, 0x0, 0x0, 0x0, 0x0, 0x0, 0x0,
    0x0, 0x0, 0x0, 0x44, 0xff, 0xff, 0xff, 0xca,
    0x2, 0x0, 0x0, 0x0, 0x0, 0x0, 0x98, 0xff,
    0xff, 0xa0, 0x44, 0xff, 0xff, 0xff, 0xff, 0x68,
    0x0, 0x0, 0x0, 0x0, 0x0, 0x98, 0xff, 0xff,
    0xa0, 0x44, 0xff, 0xff, 0xff, 0xff, 0xee, 0x15,
    0x0, 0x0, 0x0, 0x0, 0x98, 0xff, 0xff, 0xa0,
    0x44, 0xff, 0xff, 0xff, 0xff, 0xff, 0x9e, 0x0,
    0x0, 0x0, 0x0, 0x98, 0xff, 0xff, 0xa0, 0x44,
    0xff, 0xff, 0xfe, 0xff, 0xff, 0xfe, 0x3b, 0x0,
    0x0, 0x0, 0x98, 0xff, 0xff, 0xa0, 0x44, 0xff,
    0xff, 0xc4, 0xc0, 0xff, 0xff, 0xd1, 0x3, 0x0,
    0x0, 0x98, 0xff, 0xff, 0xa0, 0x44, 0xff, 0xff,
    0xd2, 0x2b, 0xfb, 0xff, 0xff, 0x70, 0x0, 0x0,
    0x98, 0xff, 0xff, 0xa0, 0x44, 0xff, 0xff, 0xe0,
    0x0, 0x8b, 0xff, 0xff, 0xf1, 0x19, 0x0, 0x98,
    0xff, 0xff, 0xa0, 0x44, 0xff, 0xff, 0xeb, 0x0,
    0xc, 0xe4, 0xff, 0xff, 0xa6, 0x0, 0x92, 0xff,
    0xff, 0xa0, 0x44, 0xff, 0xff, 0xec, 0x0, 0x0,
    0x55, 0xff, 0xff, 0xff, 0x42, 0x84, 0xff, 0xff,
    0xa0, 0x44, 0xff, 0xff, 0xec, 0x0, 0x0, 0x0,
    0xb9, 0xff, 0xff, 0xd7, 0x7b, 0xff, 0xff, 0xa0,
    0x44, 0xff, 0xff, 0xec, 0x0, 0x0, 0x0, 0x25,
    0xf8, 0xff, 0xff, 0xe2, 0xff, 0xff, 0xa0, 0x44,
    0xff, 0xff, 0xec, 0x0, 0x0, 0x0, 0x0, 0x83,
    0xff, 0xff, 0xff, 0xff, 0xff, 0xa0, 0x44, 0xff,
    0xff, 0xec, 0x0, 0x0, 0x0, 0x0, 0x9, 0xde,
    0xff, 0xff, 0xff, 0xff, 0xa0, 0x44, 0xff, 0xff,
    0xec, 0x0, 0x0, 0x0, 0x0, 0x0, 0x4c, 0xff,
    0xff, 0xff, 0xff, 0xa0, 0x44, 0xff, 0xff, 0xec,
    0x0, 0x0, 0x0, 0x0, 0x0, 0x0, 0xb1, 0xff,
    0xff, 0xff, 0xa0, 0x44, 0xff, 0xff, 0xec, 0x0,
    0x0, 0x0, 0x0, 0x0, 0x0, 0x20, 0xf5, 0xff,
    0xff, 0xa0,

    /* U+0148 "ň" */
    0x0, 0x2, 0xa9, 0xff, 0xfd, 0x46, 0x4d, 0xfe,
    0xff, 0xbd, 0x5, 0x0, 0x0, 0x0, 0x6, 0xbb,
    0xff, 0xf1, 0xf2, 0xff, 0xc3, 0xb, 0x0, 0x0,
    0x0, 0x0, 0x0, 0xc, 0xcb, 0xff, 0xff, 0xc9,
    0xe, 0x0, 0x0, 0x0, 0x0, 0x0, 0x0, 0x0,
    0x0, 0x0, 0x0, 0x0, 0x0, 0x0, 0x0, 0x0,
    0x0, 0x0, 0x0, 0x0, 0x0, 0x0, 0x0, 0x0,
    0x0, 0x0, 0x0, 0x0, 0xa8, 0xff, 0xff, 0x4c,
    0x3a, 0xb7, 0xef, 0xf6, 0xcd, 0x62, 0x0, 0x0,
    0xa8, 0xff, 0xff, 0x9e, 0xfc, 0xff, 0xff, 0xff,
    0xff, 0xff, 0x7d, 0x0, 0xa8, 0xff, 0xff, 0xff,
    0xff, 0xf3, 0xeb, 0xff, 0xff, 0xff, 0xfa, 0x17,
    0xa8, 0xff, 0xff, 0xff, 0x9b, 0x7, 0x0, 0x49,
    0xfd, 0xff, 0xff, 0x5f, 0xa8, 0xff, 0xff, 0xde,
    0x4, 0x0, 0x0, 0x0, 0xbb, 0xff, 0xff, 0x7f,
    0xa8, 0xff, 0xff, 0x96, 0x0, 0x0, 0x0, 0x0,
    0x9d, 0xff, 0xff, 0x88, 0xa8, 0xff, 0xff, 0x7d,
    0x0, 0x0, 0x0, 0x0, 0x9c, 0xff, 0xff, 0x88,
    0xa8, 0xff, 0xff, 0x7c, 0x0, 0x0, 0x0, 0x0,
    0x9c, 0xff, 0xff, 0x88, 0xa8, 0xff, 0xff, 0x7c,
    0x0, 0x0, 0x0, 0x0, 0x9c, 0xff, 0xff, 0x88,
    0xa8, 0xff, 0xff, 0x7c, 0x0, 0x0, 0x0, 0x0,
    0x9c, 0xff, 0xff, 0x88, 0xa8, 0xff, 0xff, 0x7c,
    0x0, 0x0, 0x0, 0x0, 0x9c, 0xff, 0xff, 0x88,
    0xa8, 0xff, 0xff, 0x7c, 0x0, 0x0, 0x0, 0x0,
    0x9c, 0xff, 0xff, 0x88,

    /* U+014A "Ŋ" */
    0x44, 0xff, 0xff, 0xff, 0xcb, 0x2, 0x0, 0x0,
    0x0, 0x0, 0x0, 0x98, 0xff, 0xff, 0xa0, 0x44,
    0xff, 0xff, 0xff, 0xff, 0x6d, 0x0, 0x0, 0x0,
    0x0, 0x0, 0x98, 0xff, 0xff, 0xa0, 0x44, 0xff,
    0xff, 0xff, 0xff, 0xf1, 0x1a, 0x0, 0x0, 0x0,
    0x0, 0x98, 0xff, 0xff, 0xa0, 0x44, 0xff, 0xff,
    0xff, 0xff, 0xff, 0xaa, 0x0, 0x0, 0x0, 0x0,
    0x98, 0xff, 0xff, 0xa0, 0x44, 0xff, 0xff, 0xfe,
    0xff, 0xff, 0xff, 0x49, 0x0, 0x0, 0x0, 0x98,
    0xff, 0xff, 0xa0, 0x44, 0xff, 0xff, 0xc4, 0xbf,
    0xff, 0xff, 0xdd, 0x9, 0x0, 0x0, 0x98, 0xff,
    0xff, 0xa0, 0x44, 0xff, 0xff, 0xd2, 0x27, 0xf8,
    0xff, 0xff, 0x85, 0x0, 0x0, 0x98, 0xff, 0xff,
    0xa0, 0x44, 0xff, 0xff, 0xe0, 0x0, 0x80, 0xff,
    0xff, 0xfa, 0x2a, 0x0, 0x97, 0xff, 0xff, 0xa0,
    0x44, 0xff, 0xff, 0xeb, 0x0, 0x7, 0xd9, 0xff,
    0xff, 0xc1, 0x1, 0x8f, 0xff, 0xff, 0xa0, 0x44,
    0xff, 0xff, 0xec, 0x0, 0x0, 0x41, 0xff, 0xff,
    0xff, 0x61, 0x80, 0xff, 0xff, 0xa0, 0x44, 0xff,
    0xff, 0xec, 0x0, 0x0, 0x0, 0xa1, 0xff, 0xff,
    0xeb, 0x85, 0xff, 0xff, 0xa0, 0x44, 0xff, 0xff,
    0xec, 0x0, 0x0, 0x0, 0x14, 0xec, 0xff, 0xff,
    0xf6, 0xff, 0xff, 0xa0, 0x44, 0xff, 0xff, 0xec,
    0x0, 0x0, 0x0, 0x0, 0x62, 0xff, 0xff, 0xff,
    0xff, 0xff, 0xa0, 0x44, 0xff, 0xff, 0xec, 0x0,
    0x0, 0x0, 0x0, 0x1, 0xc1, 0xff, 0xff, 0xff,
    0xff, 0xa0, 0x44, 0xff, 0xff, 0xec, 0x0, 0x0,
    0x0, 0x0, 0x0, 0x29, 0xf9, 0xff, 0xff, 0xff,
    0xa0, 0x44, 0xff, 0xff, 0xec, 0x0, 0x0, 0x0,
    0x0, 0x0, 0x0, 0x83, 0xff, 0xff, 0xff, 0xa0,
    0x44, 0xff, 0xff, 0xec, 0x0, 0x0, 0x0, 0x0,
    0x0, 0x0, 0x8, 0xdb, 0xff, 0xff, 0xa0, 0x0,
    0x0, 0x0, 0x0, 0x0, 0x0, 0x0, 0x0, 0x0,
    0x0, 0x0, 0x98, 0xff, 0xff, 0x9e, 0x0, 0x0,
    0x0, 0x0, 0x0, 0x0, 0x0, 0x0, 0x0, 0x1,
    0x0, 0xba, 0xff, 0xff, 0x8d, 0x0, 0x0, 0x0,
    0x0, 0x0, 0x0, 0x0, 0x0, 0x0, 0x9f, 0xeb,
    0xff, 0xff, 0xff, 0x55, 0x0, 0x0, 0x0, 0x0,
    0x0, 0x0, 0x0, 0x0, 0x1, 0xe8, 0xff, 0xff,
    0xff, 0xd0, 0x4, 0x0, 0x0, 0x0, 0x0, 0x0,
    0x0, 0x0, 0x0, 0x1a, 0xe0, 0xf9, 0xdf, 0x9c,
    0x14, 0x0,

    /* U+014B "ŋ" */
    0xa8, 0xff, 0xff, 0x4c, 0x3a, 0xb7, 0xef, 0xf7,
    0xcf, 0x66, 0x0, 0x0, 0xa8, 0xff, 0xff, 0x9e,
    0xfc, 0xff, 0xff, 0xff, 0xff, 0xff, 0x84, 0x0,
    0xa8, 0xff, 0xff, 0xff, 0xff, 0xf3, 0xea, 0xff,
    0xff, 0xff, 0xfc, 0x1b, 0xa8, 0xff, 0xff, 0xff,
    0x9b, 0x7, 0x0, 0x46, 0xfc, 0xff, 0xff, 0x63,
    0xa8, 0xff, 0xff, 0xde, 0x4, 0x0, 0x0, 0x0,
    0xb8, 0xff, 0xff, 0x81, 0xa8, 0xff, 0xff, 0x96,
    0x0, 0x0, 0x0, 0x0, 0x9d, 0xff, 0xff, 0x88,
    0xa8, 0xff, 0xff, 0x7d, 0x0, 0x0, 0x0, 0x0,
    0x9c, 0xff, 0xff, 0x88, 0xa8, 0xff, 0xff, 0x7c,
    0x0, 0x0, 0x0, 0x0, 0x9c, 0xff, 0xff, 0x88,
    0xa8, 0xff, 0xff, 0x7c, 0x0, 0x0, 0x0, 0x0,
    0x9c, 0xff, 0xff, 0x88, 0xa8, 0xff, 0xff, 0x7c,
    0x0, 0x0, 0x0, 0x0, 0x9c, 0xff, 0xff, 0x88,
    0xa8, 0xff, 0xff, 0x7c, 0x0, 0x0, 0x0, 0x0,
    0x9c, 0xff, 0xff, 0x88, 0xa8, 0xff, 0xff, 0x7c,
    0x0, 0x0, 0x0, 0x0, 0x9c, 0xff, 0xff, 0x88,
    0x0, 0x0, 0x0, 0x0, 0x0, 0x0, 0x0, 0x0,
    0x9c, 0xff, 0xff, 0x87, 0x0, 0x0, 0x0, 0x0,
    0x0, 0x0, 0x1, 0x2, 0xc6, 0xff, 0xff, 0x7c,
    0x0, 0x0, 0x0, 0x0, 0x0, 0x0, 0xa8, 0xed,
    0xff, 0xff, 0xff, 0x4c, 0x0, 0x0, 0x0, 0x0,
    0x0, 0x4, 0xf1, 0xff, 0xff, 0xff, 0xcf, 0x3,
    0x0, 0x0, 0x0, 0x0, 0x0, 0x25, 0xe1, 0xfa,
    0xe1, 0x9e, 0x15, 0x0,

    /* U+014C "Ō" */
    0x0, 0x0, 0x0, 0x0, 0x0, 0x0, 0x42, 0x60,
    0x60, 0x60, 0x60, 0x60, 0x60, 0x28, 0x0, 0x0,
    0x0, 0x0, 0x0, 0x0, 0x0, 0x0, 0x0, 0x0,
    0x0, 0xb0, 0xff, 0xff, 0xff, 0xff, 0xff, 0xff,
    0x6c, 0x0, 0x0, 0x0, 0x0, 0x0, 0x0, 0x0,
    0x0, 0x0, 0x0, 0x0, 0xb0, 0xff, 0xff, 0xff,
    0xff, 0xff, 0xff, 0x6c, 0x0, 0x0, 0x0, 0x0,
    0x0, 0x0, 0x0, 0x0, 0x0, 0x0, 0x0, 0x0,
    0x0, 0x0, 0x0, 0x0, 0x0, 0x0, 0x0, 0x0,
    0x0, 0x0, 0x0, 0x0, 0x0, 0x0, 0x0, 0x0,
    0x0, 0x0, 0x0, 0x0, 0x0, 0x0, 0x0, 0x0,
    0x0, 0x0, 0x0, 0x0, 0x0, 0x0, 0x0, 0x0,
    0x0, 0x0, 0x0, 0x0, 0x9, 0x64, 0xb0, 0xe0,
    0xf7, 0xf1, 0xd8, 0x9b, 0x48, 0x0, 0x0, 0x0,
    0x0, 0x0, 0x0, 0x0, 0x0, 0x0, 0x59, 0xe6,
    0xff, 0xff, 0xff, 0xff, 0xff, 0xff, 0xff, 0xff,
    0xcb, 0x2d, 0x0, 0x0, 0x0, 0x0, 0x0, 0x0,
    0x87, 0xff, 0xff, 0xff, 0xff, 0xff, 0xff, 0xff,
    0xff, 0xff, 0xff, 0xff, 0xf5, 0x4a, 0x0, 0x0,
    0x0, 0x0, 0x6c, 0xff, 0xff, 0xff, 0xef, 0x82,
    0x32, 0x10, 0x17, 0x44, 0xa1, 0xfc, 0xff, 0xff,
    0xf4, 0x2f, 0x0, 0x0, 0x1a, 0xf4, 0xff, 0xff,
    0xcd, 0x1a, 0x0, 0x0, 0x0, 0x0, 0x0, 0x0,
    0x3c, 0xef, 0xff, 0xff, 0xc6, 0x0, 0x0, 0x89,
    0xff, 0xff, 0xed, 0x16, 0x0, 0x0, 0x0, 0x0,
    0x0, 0x0, 0x0, 0x0, 0x4a, 0xff, 0xff, 0xff,
    0x42, 0x0, 0xd9, 0xff, 0xff, 0x7f, 0x0, 0x0,
    0x0, 0x0, 0x0, 0x0, 0x0, 0x0, 0x0, 0x0,
    0xc8, 0xff, 0xff, 0x93, 0x4, 0xfe, 0xff, 0xff,
    0x3a, 0x0, 0x0, 0x0, 0x0, 0x0, 0x0, 0x0,
    0x0, 0x0, 0x0, 0x83, 0xff, 0xff, 0xbe, 0x16,
    0xff, 0xff, 0xff, 0x25, 0x0, 0x0, 0x0, 0x0,
    0x0, 0x0, 0x0, 0x0, 0x0, 0x0, 0x6e, 0xff,
    0xff, 0xd1, 0x5, 0xfe, 0xff, 0xff, 0x3a, 0x0,
    0x0, 0x0, 0x0, 0x0, 0x0, 0x0, 0x0, 0x0,
    0x0, 0x83, 0xff, 0xff, 0xbe, 0x0, 0xda, 0xff,
    0xff, 0x7f, 0x0, 0x0, 0x0, 0x0, 0x0, 0x0,
    0x0, 0x0, 0x0, 0x0, 0xc8, 0xff, 0xff, 0x93,
    0x0, 0x8a, 0xff, 0xff, 0xed, 0x16, 0x0, 0x0,
    0x0, 0x0, 0x0, 0x0, 0x0, 0x0, 0x49, 0xff,
    0xff, 0xff, 0x42, 0x0, 0x1b, 0xf5, 0xff, 0xff,
    0xcc, 0x1a, 0x0, 0x0, 0x0, 0x0, 0x0, 0x0,
    0x3c, 0xef, 0xff, 0xff, 0xc8, 0x1, 0x0, 0x0,
    0x6e, 0xff, 0xff, 0xff, 0xee, 0x81, 0x31, 0x10,
    0x16, 0x44, 0xa0, 0xfc, 0xff, 0xff, 0xf5, 0x30,
    0x0, 0x0, 0x0, 0x0, 0x8b, 0xff, 0xff, 0xff,
    0xff, 0xff, 0xff, 0xff, 0xff, 0xff, 0xff, 0xff,
    0xf6, 0x4c, 0x0, 0x0, 0x0, 0x0, 0x0, 0x0,
    0x5a, 0xe7, 0xff, 0xff, 0xff, 0xff, 0xff, 0xff,
    0xff, 0xff, 0xcb, 0x2f, 0x0, 0x0, 0x0, 0x0,
    0x0, 0x0, 0x0, 0x0, 0x9, 0x64, 0xb1, 0xe1,
    0xf7, 0xf2, 0xd9, 0x9c, 0x49, 0x0, 0x0, 0x0,
    0x0, 0x0,

    /* U+014D "ō" */
    0x0, 0x0, 0x0, 0xa4, 0xff, 0xff, 0xff, 0xff,
    0xff, 0xff, 0x78, 0x0, 0x0, 0x0, 0x0, 0x0,
    0x0, 0xa4, 0xff, 0xff, 0xff, 0xff, 0xff, 0xff,
    0x78, 0x0, 0x0, 0x0, 0x0, 0x0, 0x0, 0x3a,
    0x5c, 0x5c, 0x5c, 0x5c, 0x5c, 0x5c, 0x2b, 0x0,
    0x0, 0x0, 0x0, 0x0, 0x0, 0x0, 0x0, 0x0,
    0x0, 0x0, 0x0, 0x0, 0x0, 0x0, 0x0, 0x0,
    0x0, 0x0, 0x0, 0x0, 0x0, 0x0, 0x0, 0x0,
    0x0, 0x0, 0x0, 0x0, 0x0, 0x0, 0x0, 0x0,
    0x0, 0x1e, 0x8e, 0xd7, 0xf6, 0xf2, 0xcd, 0x7c,
    0x11, 0x0, 0x0, 0x0, 0x0, 0x0, 0x57, 0xf5,
    0xff, 0xff, 0xff, 0xff, 0xff, 0xff, 0xe7, 0x38,
    0x0, 0x0, 0x0, 0x3c, 0xfb, 0xff, 0xff, 0xff,
    0xef, 0xf5, 0xff, 0xff, 0xff, 0xed, 0x1e, 0x0,
    0x0, 0xca, 0xff, 0xff, 0xde, 0x3d, 0x0, 0x2,
    0x57, 0xf2, 0xff, 0xff, 0x9d, 0x0, 0x21, 0xff,
    0xff, 0xff, 0x36, 0x0, 0x0, 0x0, 0x0, 0x66,
    0xff, 0xff, 0xf0, 0x3, 0x48, 0xff, 0xff, 0xe8,
    0x0, 0x0, 0x0, 0x0, 0x0, 0xb, 0xff, 0xff,
    0xff, 0x1b, 0x49, 0xff, 0xff, 0xe7, 0x0, 0x0,
    0x0, 0x0, 0x0, 0xb, 0xff, 0xff, 0xff, 0x1b,
    0x21, 0xff, 0xff, 0xff, 0x35, 0x0, 0x0, 0x0,
    0x0, 0x64, 0xff, 0xff, 0xf1, 0x4, 0x0, 0xcb,
    0xff, 0xff, 0xde, 0x3a, 0x0, 0x1, 0x54, 0xf2,
    0xff, 0xff, 0x9f, 0x0, 0x0, 0x3d, 0xfb, 0xff,
    0xff, 0xff, 0xee, 0xf4, 0xff, 0xff, 0xff, 0xed,
    0x1e, 0x0, 0x0, 0x0, 0x57, 0xf6, 0xff, 0xff,
    0xff, 0xff, 0xff, 0xff, 0xe8, 0x39, 0x0, 0x0,
    0x0, 0x0, 0x0, 0x20, 0x91, 0xd9, 0xf7, 0xf4,
    0xcf, 0x80, 0x12, 0x0, 0x0, 0x0,

    /* U+014E "Ŏ" */
    0x0, 0x0, 0x0, 0x0, 0x0, 0x0, 0x30, 0x80,
    0x78, 0x15, 0x2c, 0x80, 0x80, 0xc, 0x0, 0x0,
    0x0, 0x0, 0x0, 0x0, 0x0, 0x0, 0x0, 0x0,
    0x0, 0x26, 0xf7, 0xff, 0xff, 0xff, 0xff, 0xd6,
    0x2, 0x0, 0x0, 0x0, 0x0, 0x0, 0x0, 0x0,
    0x0, 0x0, 0x0, 0x0, 0x0, 0x47, 0xdb, 0xff,
    0xff, 0xc0, 0x23, 0x0, 0x0, 0x0, 0x0, 0x0,
    0x0, 0x0, 0x0, 0x0, 0x0, 0x0, 0x0, 0x0,
    0x0, 0x0, 0x14, 0xd, 0x0, 0x0, 0x0, 0x0,
    0x0, 0x0, 0x0, 0x0, 0x0, 0x0, 0x0, 0x0,
    0x0, 0x0, 0x0, 0x0, 0x0, 0x0, 0x0, 0x0,
    0x0, 0x0, 0x0, 0x0, 0x0, 0x0, 0x0, 0x0,
    0x0, 0x0, 0x0, 0x0, 0x9, 0x64, 0xb0, 0xe0,
    0xf7, 0xf1, 0xd8, 0x9b, 0x48, 0x0, 0x0, 0x0,
    0x0, 0x0, 0x0, 0x0, 0x0, 0x0, 0x59, 0xe6,
    0xff, 0xff, 0xff, 0xff, 0xff, 0xff, 0xff, 0xff,
    0xcb, 0x2d, 0x0, 0x0, 0x0, 0x0, 0x0, 0x0,
    0x87, 0xff, 0xff, 0xff, 0xff, 0xff, 0xff, 0xff,
    0xff, 0xff, 0xff, 0xff, 0xf5, 0x4a, 0x0, 0x0,
    0x0, 0x0, 0x6c, 0xff, 0xff, 0xff, 0xef, 0x82,
    0x32, 0x10, 0x17, 0x44, 0xa1, 0xfc, 0xff, 0xff,
    0xf4, 0x2f, 0x0, 0x0, 0x1a, 0xf4, 0xff, 0xff,
    0xcd, 0x1a, 0x0, 0x0, 0x0, 0x0, 0x0, 0x0,
    0x3c, 0xef, 0xff, 0xff, 0xc6, 0x0, 0x0, 0x89,
    0xff, 0xff, 0xed, 0x16, 0x0, 0x0, 0x0, 0x0,
    0x0, 0x0, 0x0, 0x0, 0x4a, 0xff, 0xff, 0xff,
    0x42, 0x0, 0xd9, 0xff, 0xff, 0x7f, 0x0, 0x0,
    0x0, 0x0, 0x0, 0x0, 0x0, 0x0, 0x0, 0x0,
    0xc8, 0xff, 0xff, 0x93, 0x4, 0xfe, 0xff, 0xff,
    0x3a, 0x0, 0x0, 0x0, 0x0, 0x0, 0x0, 0x0,
    0x0, 0x0, 0x0, 0x83, 0xff, 0xff, 0xbe, 0x16,
    0xff, 0xff, 0xff, 0x25, 0x0, 0x0, 0x0, 0x0,
    0x0, 0x0, 0x0, 0x0, 0x0, 0x0, 0x6e, 0xff,
    0xff, 0xd1, 0x5, 0xfe, 0xff, 0xff, 0x3a, 0x0,
    0x0, 0x0, 0x0, 0x0, 0x0, 0x0, 0x0, 0x0,
    0x0, 0x83, 0xff, 0xff, 0xbe, 0x0, 0xda, 0xff,
    0xff, 0x7f, 0x0, 0x0, 0x0, 0x0, 0x0, 0x0,
    0x0, 0x0, 0x0, 0x0, 0xc8, 0xff, 0xff, 0x93,
    0x0, 0x8a, 0xff, 0xff, 0xed, 0x16, 0x0, 0x0,
    0x0, 0x0, 0x0, 0x0, 0x0, 0x0, 0x49, 0xff,
    0xff, 0xff, 0x42, 0x0, 0x1b, 0xf5, 0xff, 0xff,
    0xcc, 0x1a, 0x0, 0x0, 0x0, 0x0, 0x0, 0x0,
    0x3c, 0xef, 0xff, 0xff, 0xc8, 0x1, 0x0, 0x0,
    0x6e, 0xff, 0xff, 0xff, 0xee, 0x81, 0x31, 0x10,
    0x16, 0x44, 0xa0, 0xfc, 0xff, 0xff, 0xf5, 0x30,
    0x0, 0x0, 0x0, 0x0, 0x8b, 0xff, 0xff, 0xff,
    0xff, 0xff, 0xff, 0xff, 0xff, 0xff, 0xff, 0xff,
    0xf6, 0x4c, 0x0, 0x0, 0x0, 0x0, 0x0, 0x0,
    0x5a, 0xe7, 0xff, 0xff, 0xff, 0xff, 0xff, 0xff,
    0xff, 0xff, 0xcb, 0x2f, 0x0, 0x0, 0x0, 0x0,
    0x0, 0x0, 0x0, 0x0, 0x9, 0x64, 0xb1, 0xe1,
    0xf7, 0xf2, 0xd9, 0x9c, 0x49, 0x0, 0x0, 0x0,
    0x0, 0x0,

    /* U+014F "ŏ" */
    0x0, 0x0, 0x0, 0x4a, 0xff, 0xf7, 0x4b, 0x64,
    0xff, 0xff, 0x1a, 0x0, 0x0, 0x0, 0x0, 0x0,
    0x0, 0x7, 0xd4, 0xff, 0xff, 0xff, 0xff, 0xb0,
    0x0, 0x0, 0x0, 0x0, 0x0, 0x0, 0x0, 0x0,
    0x1c, 0xa7, 0xec, 0xe7, 0x94, 0xe, 0x0, 0x0,
    0x0, 0x0, 0x0, 0x0, 0x0, 0x0, 0x0, 0x0,
    0x0, 0x0, 0x0, 0x0, 0x0, 0x0, 0x0, 0x0,
    0x0, 0x0, 0x0, 0x0, 0x0, 0x0, 0x0, 0x0,
    0x0, 0x0, 0x0, 0x0, 0x0, 0x0, 0x0, 0x0,
    0x0, 0x1e, 0x8e, 0xd7, 0xf6, 0xf2, 0xcd, 0x7c,
    0x11, 0x0, 0x0, 0x0, 0x0, 0x0, 0x57, 0xf5,
    0xff, 0xff, 0xff, 0xff, 0xff, 0xff, 0xe7, 0x38,
    0x0, 0x0, 0x0, 0x3c, 0xfb, 0xff, 0xff, 0xff,
    0xef, 0xf5, 0xff, 0xff, 0xff, 0xed, 0x1e, 0x0,
    0x0, 0xca, 0xff, 0xff, 0xde, 0x3d, 0x0, 0x2,
    0x57, 0xf2, 0xff, 0xff, 0x9d, 0x0, 0x21, 0xff,
    0xff, 0xff, 0x36, 0x0, 0x0, 0x0, 0x0, 0x66,
    0xff, 0xff, 0xf0, 0x3, 0x48, 0xff, 0xff, 0xe8,
    0x0, 0x0, 0x0, 0x0, 0x0, 0xb, 0xff, 0xff,
    0xff, 0x1b, 0x49, 0xff, 0xff, 0xe7, 0x0, 0x0,
    0x0, 0x0, 0x0, 0xb, 0xff, 0xff, 0xff, 0x1b,
    0x21, 0xff, 0xff, 0xff, 0x35, 0x0, 0x0, 0x0,
    0x0, 0x64, 0xff, 0xff, 0xf1, 0x4, 0x0, 0xcb,
    0xff, 0xff, 0xde, 0x3a, 0x0, 0x1, 0x54, 0xf2,
    0xff, 0xff, 0x9f, 0x0, 0x0, 0x3d, 0xfb, 0xff,
    0xff, 0xff, 0xee, 0xf4, 0xff, 0xff, 0xff, 0xed,
    0x1e, 0x0, 0x0, 0x0, 0x57, 0xf6, 0xff, 0xff,
    0xff, 0xff, 0xff, 0xff, 0xe8, 0x39, 0x0, 0x0,
    0x0, 0x0, 0x0, 0x20, 0x91, 0xd9, 0xf7, 0xf4,
    0xcf, 0x80, 0x12, 0x0, 0x0, 0x0,

    /* U+0150 "Ő" */
    0x0, 0x0, 0x0, 0x0, 0x0, 0x0, 0x0, 0xc9,
    0xff, 0xff, 0xb5, 0xf, 0xf9, 0xff, 0xff, 0x75,
    0x0, 0x0, 0x0, 0x0, 0x0, 0x0, 0x0, 0x0,
    0x0, 0x1a, 0xfe, 0xff, 0xef, 0x1b, 0x59, 0xff,
    0xff, 0xc7, 0x3, 0x0, 0x0, 0x0, 0x0, 0x0,
    0x0, 0x0, 0x0, 0x0, 0x69, 0xff, 0xff, 0x5e,
    0x0, 0xa9, 0xff, 0xf7, 0x27, 0x0, 0x0, 0x0,
    0x0, 0x0, 0x0, 0x0, 0x0, 0x0, 0x0, 0x24,
    0x3c, 0x39, 0x0, 0x0, 0x33, 0x3c, 0x2a, 0x0,
    0x0, 0x0, 0x0, 0x0, 0x0, 0x0, 0x0, 0x0,
    0x0, 0x0, 0x0, 0x0, 0x0, 0x0, 0x0, 0x0,
    0x0, 0x0, 0x0, 0x0, 0x0, 0x0, 0x0, 0x0,
    0x0, 0x0, 0x0, 0x0, 0x9, 0x64, 0xb0, 0xe0,
    0xf7, 0xf1, 0xd8, 0x9b, 0x48, 0x0, 0x0, 0x0,
    0x0, 0x0, 0x0, 0x0, 0x0, 0x0, 0x59, 0xe6,
    0xff, 0xff, 0xff, 0xff, 0xff, 0xff, 0xff, 0xff,
    0xcb, 0x2d, 0x0, 0x0, 0x0, 0x0, 0x0, 0x0,
    0x87, 0xff, 0xff, 0xff, 0xff, 0xff, 0xff, 0xff,
    0xff, 0xff, 0xff, 0xff, 0xf5, 0x4a, 0x0, 0x0,
    0x0, 0x0, 0x6c, 0xff, 0xff, 0xff, 0xef, 0x82,
    0x32, 0x10, 0x17, 0x44, 0xa1, 0xfc, 0xff, 0xff,
    0xf4, 0x2f, 0x0, 0x0, 0x1a, 0xf4, 0xff, 0xff,
    0xcd, 0x1a, 0x0, 0x0, 0x0, 0x0, 0x0, 0x0,
    0x3c, 0xef, 0xff, 0xff, 0xc6, 0x0, 0x0, 0x89,
    0xff, 0xff, 0xed, 0x16, 0x0, 0x0, 0x0, 0x0,
    0x0, 0x0, 0x0, 0x0, 0x4a, 0xff, 0xff, 0xff,
    0x42, 0x0, 0xd9, 0xff, 0xff, 0x7f, 0x0, 0x0,
    0x0, 0x0, 0x0, 0x0, 0x0, 0x0, 0x0, 0x0,
    0xc8, 0xff, 0xff, 0x93, 0x4, 0xfe, 0xff, 0xff,
    0x3a, 0x0, 0x0, 0x0, 0x0, 0x0, 0x0, 0x0,
    0x0, 0x0, 0x0, 0x83, 0xff, 0xff, 0xbe, 0x16,
    0xff, 0xff, 0xff, 0x25, 0x0, 0x0, 0x0, 0x0,
    0x0, 0x0, 0x0, 0x0, 0x0, 0x0, 0x6e, 0xff,
    0xff, 0xd1, 0x5, 0xfe, 0xff, 0xff, 0x3a, 0x0,
    0x0, 0x0, 0x0, 0x0, 0x0, 0x0, 0x0, 0x0,
    0x0, 0x83, 0xff, 0xff, 0xbe, 0x0, 0xda, 0xff,
    0xff, 0x7f, 0x0, 0x0, 0x0, 0x0, 0x0, 0x0,
    0x0, 0x0, 0x0, 0x0, 0xc8, 0xff, 0xff, 0x93,
    0x0, 0x8a, 0xff, 0xff, 0xed, 0x16, 0x0, 0x0,
    0x0, 0x0, 0x0, 0x0, 0x0, 0x0, 0x49, 0xff,
    0xff, 0xff, 0x42, 0x0, 0x1b, 0xf5, 0xff, 0xff,
    0xcc, 0x1a, 0x0, 0x0, 0x0, 0x0, 0x0, 0x0,
    0x3c, 0xef, 0xff, 0xff, 0xc8, 0x1, 0x0, 0x0,
    0x6e, 0xff, 0xff, 0xff, 0xee, 0x81, 0x31, 0x10,
    0x16, 0x44, 0xa0, 0xfc, 0xff, 0xff, 0xf5, 0x30,
    0x0, 0x0, 0x0, 0x0, 0x8b, 0xff, 0xff, 0xff,
    0xff, 0xff, 0xff, 0xff, 0xff, 0xff, 0xff, 0xff,
    0xf6, 0x4c, 0x0, 0x0, 0x0, 0x0, 0x0, 0x0,
    0x5a, 0xe7, 0xff, 0xff, 0xff, 0xff, 0xff, 0xff,
    0xff, 0xff, 0xcb, 0x2f, 0x0, 0x0, 0x0, 0x0,
    0x0, 0x0, 0x0, 0x0, 0x9, 0x64, 0xb1, 0xe1,
    0xf7, 0xf2, 0xd9, 0x9c, 0x49, 0x0, 0x0, 0x0,
    0x0, 0x0,

    /* U+0151 "ő" */
    0x0, 0x0, 0x0, 0x0, 0xd8, 0xff, 0xff, 0xa5,
    0x1c, 0xff, 0xff, 0xff, 0x61, 0x0, 0x0, 0x0,
    0x0, 0x27, 0xff, 0xff, 0xe8, 0x12, 0x6c, 0xff,
    0xff, 0xb6, 0x0, 0x0, 0x0, 0x0, 0x0, 0x77,
    0xff, 0xff, 0x4f, 0x0, 0xbb, 0xff, 0xef, 0x1b,
    0x0, 0x0, 0x0, 0x0, 0x0, 0x24, 0x38, 0x32,
    0x0, 0x0, 0x33, 0x38, 0x23, 0x0, 0x0, 0x0,
    0x0, 0x0, 0x0, 0x0, 0x0, 0x0, 0x0, 0x0,
    0x0, 0x0, 0x0, 0x0, 0x0, 0x0, 0x0, 0x0,
    0x0, 0x1e, 0x8e, 0xd7, 0xf6, 0xf2, 0xcd, 0x7c,
    0x11, 0x0, 0x0, 0x0, 0x0, 0x0, 0x57, 0xf5,
    0xff, 0xff, 0xff, 0xff, 0xff, 0xff, 0xe7, 0x38,
    0x0, 0x0, 0x0, 0x3c, 0xfb, 0xff, 0xff, 0xff,
    0xef, 0xf5, 0xff, 0xff, 0xff, 0xed, 0x1e, 0x0,
    0x0, 0xca, 0xff, 0xff, 0xde, 0x3d, 0x0, 0x2,
    0x57, 0xf2, 0xff, 0xff, 0x9d, 0x0, 0x21, 0xff,
    0xff, 0xff, 0x36, 0x0, 0x0, 0x0, 0x0, 0x66,
    0xff, 0xff, 0xf0, 0x3, 0x48, 0xff, 0xff, 0xe8,
    0x0, 0x0, 0x0, 0x0, 0x0, 0xb, 0xff, 0xff,
    0xff, 0x1b, 0x49, 0xff, 0xff, 0xe7, 0x0, 0x0,
    0x0, 0x0, 0x0, 0xb, 0xff, 0xff, 0xff, 0x1b,
    0x21, 0xff, 0xff, 0xff, 0x35, 0x0, 0x0, 0x0,
    0x0, 0x64, 0xff, 0xff, 0xf1, 0x4, 0x0, 0xcb,
    0xff, 0xff, 0xde, 0x3a, 0x0, 0x1, 0x54, 0xf2,
    0xff, 0xff, 0x9f, 0x0, 0x0, 0x3d, 0xfb, 0xff,
    0xff, 0xff, 0xee, 0xf4, 0xff, 0xff, 0xff, 0xed,
    0x1e, 0x0, 0x0, 0x0, 0x57, 0xf6, 0xff, 0xff,
    0xff, 0xff, 0xff, 0xff, 0xe8, 0x39, 0x0, 0x0,
    0x0, 0x0, 0x0, 0x20, 0x91, 0xd9, 0xf7, 0xf4,
    0xcf, 0x80, 0x12, 0x0, 0x0, 0x0,

    /* U+0152 "Œ" */
    0x0, 0x0, 0x0, 0x0, 0x0, 0x10, 0x71, 0xbd,
    0xe6, 0xfa, 0xed, 0xd0, 0x8e, 0x28, 0x0, 0xa4,
    0xff, 0xff, 0xff, 0xff, 0xff, 0xff, 0xff, 0xff,
    0xff, 0xff, 0x40, 0x0, 0x0, 0x0, 0x0, 0x66,
    0xee, 0xff, 0xff, 0xff, 0xff, 0xff, 0xff, 0xff,
    0xfc, 0x85, 0xa5, 0xff, 0xff, 0xff, 0xff, 0xff,
    0xff, 0xff, 0xff, 0xff, 0xff, 0x40, 0x0, 0x0,
    0x0, 0x93, 0xff, 0xff, 0xff, 0xff, 0xff, 0xff,
    0xff, 0xff, 0xff, 0xff, 0xff, 0xfc, 0xff, 0xff,
    0xff, 0xff, 0xff, 0xff, 0xff, 0xff, 0xff, 0xff,
    0x40, 0x0, 0x0, 0x73, 0xff, 0xff, 0xff, 0xef,
    0x82, 0x32, 0x10, 0x17, 0x44, 0xa1, 0xfc, 0xff,
    0xff, 0xff, 0xff, 0x97, 0x8, 0x8, 0x8, 0x8,
    0x8, 0x8, 0x8, 0x2, 0x0, 0x1b, 0xf6, 0xff,
    0xff, 0xcd, 0x1a, 0x0, 0x0, 0x0, 0x0, 0x0,
    0x0, 0x3c, 0xef, 0xff, 0xff, 0xff, 0x94, 0x0,
    0x0, 0x0, 0x0, 0x0, 0x0, 0x0, 0x0, 0x0,
    0x89, 0xff, 0xff, 0xed, 0x16, 0x0, 0x0, 0x0,
    0x0, 0x0, 0x0, 0x0, 0x0, 0x4a, 0xff, 0xff,
    0xff, 0x94, 0x0, 0x0, 0x0, 0x0, 0x0, 0x0,
    0x0, 0x0, 0x0, 0xd9, 0xff, 0xff, 0x7f, 0x0,
    0x0, 0x0, 0x0, 0x0, 0x0, 0x0, 0x0, 0x0,
    0x0, 0xc8, 0xff, 0xff, 0x99, 0xc, 0xc, 0xc,
    0xc, 0xc, 0xc, 0x5, 0x0, 0x4, 0xfe, 0xff,
    0xff, 0x3a, 0x0, 0x0, 0x0, 0x0, 0x0, 0x0,
    0x0, 0x0, 0x0, 0x0, 0x83, 0xff, 0xff, 0xff,
    0xff, 0xff, 0xff, 0xff, 0xff, 0xff, 0x7c, 0x0,
    0x16, 0xff, 0xff, 0xff, 0x25, 0x0, 0x0, 0x0,
    0x0, 0x0, 0x0, 0x0, 0x0, 0x0, 0x0, 0x6e,
    0xff, 0xff, 0xff, 0xff, 0xff, 0xff, 0xff, 0xff,
    0xff, 0x7c, 0x0, 0x5, 0xfe, 0xff, 0xff, 0x3a,
    0x0, 0x0, 0x0, 0x0, 0x0, 0x0, 0x0, 0x0,
    0x0, 0x0, 0x83, 0xff, 0xff, 0xff, 0xff, 0xff,
    0xff, 0xff, 0xff, 0xff, 0x7c, 0x0, 0x0, 0xda,
    0xff, 0xff, 0x7f, 0x0, 0x0, 0x0, 0x0, 0x0,
    0x0, 0x0, 0x0, 0x0, 0x0, 0xc8, 0xff, 0xff,
    0x94, 0x0, 0x0, 0x0, 0x0, 0x0, 0x0, 0x0,
    0x0, 0x0, 0x8b, 0xff, 0xff, 0xed, 0x16, 0x0,
    0x0, 0x0, 0x0, 0x0, 0x0, 0x0, 0x0, 0x49,
    0xff, 0xff, 0xff, 0x94, 0x0, 0x0, 0x0, 0x0,
    0x0, 0x0, 0x0, 0x0, 0x0, 0x1d, 0xf7, 0xff,
    0xff, 0xcc, 0x1a, 0x0, 0x0, 0x0, 0x0, 0x0,
    0x0, 0x3c, 0xef, 0xff, 0xff, 0xff, 0x94, 0x0,
    0x0, 0x0, 0x0, 0x0, 0x0, 0x0, 0x0, 0x0,
    0x0, 0x74, 0xff, 0xff, 0xff, 0xee, 0x81, 0x31,
    0x10, 0x16, 0x44, 0xa0, 0xfc, 0xff, 0xff, 0xff,
    0xff, 0x97, 0x8, 0x8, 0x8, 0x8, 0x8, 0x8,
    0x8, 0x2, 0x0, 0x0, 0x0, 0x97, 0xff, 0xff,
    0xff, 0xff, 0xff, 0xff, 0xff, 0xff, 0xff, 0xff,
    0xff, 0xfe, 0xff, 0xff, 0xff, 0xff, 0xff, 0xff,
    0xff, 0xff, 0xff, 0xff, 0x40, 0x0, 0x0, 0x0,
    0x0, 0x68, 0xef, 0xff, 0xff, 0xff, 0xff, 0xff,
    0xff, 0xff, 0xfe, 0x8d, 0xa6, 0xff, 0xff, 0xff,
    0xff, 0xff, 0xff, 0xff, 0xff, 0xff, 0xff, 0x40,
    0x0, 0x0, 0x0, 0x0, 0x0, 0x10, 0x71, 0xbd,
    0xe7, 0xfa, 0xee, 0xd1, 0x91, 0x2c, 0x0, 0xa4,
    0xff, 0xff, 0xff, 0xff, 0xff, 0xff, 0xff, 0xff,
    0xff, 0xff, 0x40,

    /* U+0153 "œ" */
    0x0, 0x0, 0x0, 0x1e, 0x8e, 0xd7, 0xf6, 0xef,
    0xc5, 0x66, 0x2, 0x0, 0x0, 0x47, 0xb5, 0xea,
    0xf8, 0xe0, 0xa0, 0x33, 0x0, 0x0, 0x0, 0x0,
    0x0, 0x57, 0xf5, 0xff, 0xff, 0xff, 0xff, 0xff,
    0xff, 0xc0, 0xc, 0x8c, 0xff, 0xff, 0xff, 0xff,
    0xff, 0xff, 0xfd, 0x73, 0x0, 0x0, 0x0, 0x3c,
    0xfb, 0xff, 0xff, 0xff, 0xef, 0xf5, 0xff, 0xff,
    0xff, 0xe1, 0xff, 0xff, 0xe3, 0x9c, 0x92, 0xbe,
    0xfe, 0xff, 0xff, 0x46, 0x0, 0x0, 0xca, 0xff,
    0xff, 0xe1, 0x3f, 0x0, 0x2, 0x5a, 0xf4, 0xff,
    0xff, 0xff, 0xaf, 0x7, 0x0, 0x0, 0x0, 0x4b,
    0xff, 0xff, 0xbd, 0x0, 0x21, 0xff, 0xff, 0xff,
    0x3b, 0x0, 0x0, 0x0, 0x0, 0x6a, 0xff, 0xff,
    0xff, 0xff, 0xff, 0xff, 0xff, 0xff, 0xff, 0xff,
    0xff, 0xfa, 0x2, 0x48, 0xff, 0xff, 0xea, 0x0,
    0x0, 0x0, 0x0, 0x0, 0xc, 0xff, 0xff, 0xff,
    0xff, 0xff, 0xff, 0xff, 0xff, 0xff, 0xff, 0xff,
    0xff, 0x11, 0x49, 0xff, 0xff, 0xe5, 0x0, 0x0,
    0x0, 0x0, 0x0, 0x8, 0xff, 0xff, 0xff, 0x6e,
    0x38, 0x38, 0x38, 0x38, 0x38, 0x38, 0x38, 0x38,
    0x2, 0x21, 0xff, 0xff, 0xff, 0x2b, 0x0, 0x0,
    0x0, 0x0, 0x58, 0xff, 0xff, 0xff, 0x94, 0x0,
    0x0, 0x0, 0x0, 0x4, 0x70, 0xd, 0x0, 0x0,
    0x0, 0xca, 0xff, 0xff, 0xd2, 0x25, 0x0, 0x0,
    0x3d, 0xea, 0xff, 0xff, 0xff, 0xfe, 0x65, 0x1,
    0x0, 0xa, 0x9e, 0xff, 0xea, 0x64, 0x0, 0x0,
    0x3c, 0xfb, 0xff, 0xff, 0xfb, 0xd3, 0xdc, 0xff,
    0xff, 0xff, 0xe3, 0xff, 0xff, 0xff, 0xe5, 0xc9,
    0xef, 0xff, 0xff, 0xff, 0x5c, 0x0, 0x0, 0x0,
    0x57, 0xf6, 0xff, 0xff, 0xff, 0xff, 0xff, 0xff,
    0xbe, 0xc, 0x91, 0xff, 0xff, 0xff, 0xff, 0xff,
    0xff, 0xfc, 0x70, 0x0, 0x0, 0x0, 0x0, 0x0,
    0x20, 0x91, 0xd9, 0xf7, 0xf0, 0xc6, 0x66, 0x2,
    0x0, 0x0, 0x47, 0xb4, 0xe9, 0xf7, 0xdb, 0x9f,
    0x2f, 0x0, 0x0, 0x0,

    /* U+0154 "Ŕ" */
    0x0, 0x0, 0x0, 0x0, 0x0, 0x8, 0x3c, 0x3c,
    0x3c, 0x1c, 0x0, 0x0, 0x0, 0x0, 0x0, 0x0,
    0x0, 0x0, 0x0, 0x57, 0xff, 0xff, 0xf3, 0x1f,
    0x0, 0x0, 0x0, 0x0, 0x0, 0x0, 0x0, 0x0,
    0x0, 0xa8, 0xff, 0xff, 0x67, 0x0, 0x0, 0x0,
    0x0, 0x0, 0x0, 0x0, 0x0, 0x0, 0x6, 0xf1,
    0xff, 0xbc, 0x1, 0x0, 0x0, 0x0, 0x0, 0x0,
    0x0, 0x0, 0x0, 0x0, 0x0, 0x0, 0x0, 0x0,
    0x0, 0x0, 0x0, 0x0, 0x0, 0x0, 0x44, 0xff,
    0xff, 0xff, 0xff, 0xff, 0xff, 0xf4, 0xcf, 0x7b,
    0xe, 0x0, 0x0, 0x0, 0x44, 0xff, 0xff, 0xff,
    0xff, 0xff, 0xff, 0xff, 0xff, 0xff, 0xde, 0x26,
    0x0, 0x0, 0x44, 0xff, 0xff, 0xff, 0xf0, 0xf0,
    0xf0, 0xfd, 0xff, 0xff, 0xff, 0xd6, 0x4, 0x0,
    0x44, 0xff, 0xff, 0xf8, 0x0, 0x0, 0x0, 0xc,
    0x7a, 0xff, 0xff, 0xff, 0x59, 0x0, 0x44, 0xff,
    0xff, 0xf8, 0x0, 0x0, 0x0, 0x0, 0x0, 0xbd,
    0xff, 0xff, 0x9f, 0x0, 0x44, 0xff, 0xff, 0xf8,
    0x0, 0x0, 0x0, 0x0, 0x0, 0x8f, 0xff, 0xff,
    0xb5, 0x0, 0x44, 0xff, 0xff, 0xf8, 0x0, 0x0,
    0x0, 0x0, 0x0, 0xc1, 0xff, 0xff, 0x9d, 0x0,
    0x44, 0xff, 0xff, 0xf8, 0x0, 0x0, 0x0, 0x17,
    0x89, 0xff, 0xff, 0xff, 0x43, 0x0, 0x44, 0xff,
    0xff, 0xff, 0xff, 0xff, 0xff, 0xff, 0xff, 0xff,
    0xff, 0xa7, 0x0, 0x0, 0x44, 0xff, 0xff, 0xff,
    0xff, 0xff, 0xff, 0xff, 0xff, 0xff, 0xa1, 0x5,
    0x0, 0x0, 0x44, 0xff, 0xff, 0xff, 0xf4, 0xfa,
    0xff, 0xff, 0xff, 0x4b, 0x0, 0x0, 0x0, 0x0,
    0x44, 0xff, 0xff, 0xf8, 0x0, 0x28, 0xf5, 0xff,
    0xff, 0xac, 0x0, 0x0, 0x0, 0x0, 0x44, 0xff,
    0xff, 0xf8, 0x0, 0x0, 0x62, 0xff, 0xff, 0xff,
    0x64, 0x0, 0x0, 0x0, 0x44, 0xff, 0xff, 0xf8,
    0x0, 0x0, 0x0, 0xa5, 0xff, 0xff, 0xf5, 0x28,
    0x0, 0x0, 0x44, 0xff, 0xff, 0xf8, 0x0, 0x0,
    0x0, 0xd, 0xdc, 0xff, 0xff, 0xcf, 0x6, 0x0,
    0x44, 0xff, 0xff, 0xf8, 0x0, 0x0, 0x0, 0x0,
    0x34, 0xf9, 0xff, 0xff, 0x8e, 0x0, 0x44, 0xff,
    0xff, 0xf8, 0x0, 0x0, 0x0, 0x0, 0x0, 0x72,
    0xff, 0xff, 0xfe, 0x48,

    /* U+0155 "ŕ" */
    0x0, 0x0, 0x0, 0x13, 0xfc, 0xff, 0xff, 0x6d,
    0x0, 0x0, 0x0, 0x0, 0x61, 0xff, 0xff, 0xbf,
    0x1, 0x0, 0x0, 0x0, 0x0, 0xb2, 0xff, 0xf3,
    0x20, 0x0, 0x0, 0x0, 0x0, 0x0, 0x31, 0x38,
    0x25, 0x0, 0x0, 0x0, 0x0, 0x0, 0x0, 0x0,
    0x0, 0x0, 0x0, 0x0, 0x0, 0xa8, 0xff, 0xff,
    0x4c, 0x3b, 0xba, 0xf3, 0xfa, 0x83, 0xa8, 0xff,
    0xff, 0x98, 0xfc, 0xff, 0xff, 0xff, 0x4b, 0xa8,
    0xff, 0xff, 0xff, 0xff, 0xff, 0xf9, 0xfa, 0xc,
    0xa8, 0xff, 0xff, 0xff, 0xb5, 0x20, 0x0, 0x1a,
    0x0, 0xa8, 0xff, 0xff, 0xe5, 0x9, 0x0, 0x0,
    0x0, 0x0, 0xa8, 0xff, 0xff, 0x9a, 0x0, 0x0,
    0x0, 0x0, 0x0, 0xa8, 0xff, 0xff, 0x7d, 0x0,
    0x0, 0x0, 0x0, 0x0, 0xa8, 0xff, 0xff, 0x7c,
    0x0, 0x0, 0x0, 0x0, 0x0, 0xa8, 0xff, 0xff,
    0x7c, 0x0, 0x0, 0x0, 0x0, 0x0, 0xa8, 0xff,
    0xff, 0x7c, 0x0, 0x0, 0x0, 0x0, 0x0, 0xa8,
    0xff, 0xff, 0x7c, 0x0, 0x0, 0x0, 0x0, 0x0,
    0xa8, 0xff, 0xff, 0x7c, 0x0, 0x0, 0x0, 0x0,
    0x0,

    /* U+0156 "Ŗ" */
    0x44, 0xff, 0xff, 0xff, 0xff, 0xff, 0xff, 0xf4,
    0xcf, 0x7b, 0xe, 0x0, 0x0, 0x0, 0x44, 0xff,
    0xff, 0xff, 0xff, 0xff, 0xff, 0xff, 0xff, 0xff,
    0xde, 0x26, 0x0, 0x0, 0x44, 0xff, 0xff, 0xff,
    0xf0, 0xf0, 0xf0, 0xfd, 0xff, 0xff, 0xff, 0xd6,
    0x4, 0x0, 0x44, 0xff, 0xff, 0xf8, 0x0, 0x0,
    0x0, 0xc, 0x7a, 0xff, 0xff, 0xff, 0x59, 0x0,
    0x44, 0xff, 0xff, 0xf8, 0x0, 0x0, 0x0, 0x0,
    0x0, 0xbd, 0xff, 0xff, 0x9f, 0x0, 0x44, 0xff,
    0xff, 0xf8, 0x0, 0x0, 0x0, 0x0, 0x0, 0x8f,
    0xff, 0xff, 0xb5, 0x0, 0x44, 0xff, 0xff, 0xf8,
    0x0, 0x0, 0x0, 0x0, 0x0, 0xc1, 0xff, 0xff,
    0x9d, 0x0, 0x44, 0xff, 0xff, 0xf8, 0x0, 0x0,
    0x0, 0x17, 0x89, 0xff, 0xff, 0xff, 0x43, 0x0,
    0x44, 0xff, 0xff, 0xff, 0xff, 0xff, 0xff, 0xff,
    0xff, 0xff, 0xff, 0xa7, 0x0, 0x0, 0x44, 0xff,
    0xff, 0xff, 0xff, 0xff, 0xff, 0xff, 0xff, 0xff,
    0xa1, 0x5, 0x0, 0x0, 0x44, 0xff, 0xff, 0xff,
    0xf4, 0xfa, 0xff, 0xff, 0xff, 0x4b, 0x0, 0x0,
    0x0, 0x0, 0x44, 0xff, 0xff, 0xf8, 0x0, 0x28,
    0xf5, 0xff, 0xff, 0xac, 0x0, 0x0, 0x0, 0x0,
    0x44, 0xff, 0xff, 0xf8, 0x0, 0x0, 0x62, 0xff,
    0xff, 0xff, 0x64, 0x0, 0x0, 0x0, 0x44, 0xff,
    0xff, 0xf8, 0x0, 0x0, 0x0, 0xa5, 0xff, 0xff,
    0xf5, 0x28, 0x0, 0x0, 0x44, 0xff, 0xff, 0xf8,
    0x0, 0x0, 0x0, 0xd, 0xdc, 0xff, 0xff, 0xcf,
    0x6, 0x0, 0x44, 0xff, 0xff, 0xf8, 0x0, 0x0,
    0x0, 0x0, 0x34, 0xf9, 0xff, 0xff, 0x8e, 0x0,
    0x44, 0xff, 0xff, 0xf8, 0x0, 0x0, 0x0, 0x0,
    0x0, 0x72, 0xff, 0xff, 0xfe, 0x48, 0x0, 0x0,
    0x0, 0x0, 0x0, 0x0, 0x0, 0x0, 0x0, 0x0,
    0x0, 0x0, 0x0, 0x0, 0x0, 0x0, 0x0, 0x0,
    0x0, 0x5a, 0xee, 0xca, 0x15, 0x0, 0x0, 0x0,
    0x0, 0x0, 0x0, 0x0, 0x0, 0x0, 0x0, 0xda,
    0xff, 0xff, 0x71, 0x0, 0x0, 0x0, 0x0, 0x0,
    0x0, 0x0, 0x0, 0x0, 0x0, 0x9f, 0xff, 0xff,
    0x48, 0x0, 0x0, 0x0, 0x0, 0x0, 0x0, 0x0,
    0x0, 0x0, 0x0, 0x20, 0xfb, 0xac, 0x0, 0x0,
    0x0, 0x0, 0x0, 0x0, 0x0, 0x0, 0x0, 0x0,
    0x0, 0xb2, 0xe8, 0x14, 0x0, 0x0, 0x0, 0x0,
    0x0, 0x0, 0x0, 0x0, 0x0, 0x0, 0x0, 0x2d,
    0x41, 0x0, 0x0, 0x0, 0x0, 0x0, 0x0, 0x0,

    /* U+0157 "ŗ" */
    0xa8, 0xff, 0xff, 0x4c, 0x3b, 0xba, 0xf3, 0xfa,
    0x83, 0xa8, 0xff, 0xff, 0x98, 0xfc, 0xff, 0xff,
    0xff, 0x4b, 0xa8, 0xff, 0xff, 0xff, 0xff, 0xff,
    0xf9, 0xfa, 0xc, 0xa8, 0xff, 0xff, 0xff, 0xb5,
    0x20, 0x0, 0x1a, 0x0, 0xa8, 0xff, 0xff, 0xe5,
    0x9, 0x0, 0x0, 0x0, 0x0, 0xa8, 0xff, 0xff,
    0x9a, 0x0, 0x0, 0x0, 0x0, 0x0, 0xa8, 0xff,
    0xff, 0x7d, 0x0, 0x0, 0x0, 0x0, 0x0, 0xa8,
    0xff, 0xff, 0x7c, 0x0, 0x0, 0x0, 0x0, 0x0,
    0xa8, 0xff, 0xff, 0x7c, 0x0, 0x0, 0x0, 0x0,
    0x0, 0xa8, 0xff, 0xff, 0x7c, 0x0, 0x0, 0x0,
    0x0, 0x0, 0xa8, 0xff, 0xff, 0x7c, 0x0, 0x0,
    0x0, 0x0, 0x0, 0xa8, 0xff, 0xff, 0x7c, 0x0,
    0x0, 0x0, 0x0, 0x0, 0x0, 0x0, 0x0, 0x0,
    0x0, 0x0, 0x0, 0x0, 0x0, 0x3a, 0xe3, 0xde,
    0x30, 0x0, 0x0, 0x0, 0x0, 0x0, 0xae, 0xff,
    0xff, 0xa1, 0x0, 0x0, 0x0, 0x0, 0x0, 0x71,
    0xff, 0xff, 0x77, 0x0, 0x0, 0x0, 0x0, 0x0,
    0x9, 0xe5, 0xd4, 0x7, 0x0, 0x0, 0x0, 0x0,
    0x0, 0x86, 0xfa, 0x32, 0x0, 0x0, 0x0, 0x0,
    0x0, 0x0, 0x1a, 0x55, 0x0, 0x0, 0x0, 0x0,
    0x0, 0x0, 0x0,

    /* U+0158 "Ř" */
    0x0, 0x0, 0x6c, 0xff, 0xff, 0x83, 0x21, 0xee,
    0xff, 0xe2, 0x1c, 0x0, 0x0, 0x0, 0x0, 0x0,
    0x0, 0x82, 0xff, 0xfe, 0xe7, 0xff, 0xe6, 0x24,
    0x0, 0x0, 0x0, 0x0, 0x0, 0x0, 0x0, 0x0,
    0x98, 0xff, 0xff, 0xea, 0x29, 0x0, 0x0, 0x0,
    0x0, 0x0, 0x0, 0x0, 0x0, 0x0, 0x0, 0x0,
    0x0, 0x0, 0x0, 0x0, 0x0, 0x0, 0x0, 0x0,
    0x44, 0xff, 0xff, 0xff, 0xff, 0xff, 0xff, 0xf4,
    0xcf, 0x7b, 0xe, 0x0, 0x0, 0x0, 0x44, 0xff,
    0xff, 0xff, 0xff, 0xff, 0xff, 0xff, 0xff, 0xff,
    0xde, 0x26, 0x0, 0x0, 0x44, 0xff, 0xff, 0xff,
    0xf0, 0xf0, 0xf0, 0xfd, 0xff, 0xff, 0xff, 0xd6,
    0x4, 0x0, 0x44, 0xff, 0xff, 0xf8, 0x0, 0x0,
    0x0, 0xc, 0x7a, 0xff, 0xff, 0xff, 0x59, 0x0,
    0x44, 0xff, 0xff, 0xf8, 0x0, 0x0, 0x0, 0x0,
    0x0, 0xbd, 0xff, 0xff, 0x9f, 0x0, 0x44, 0xff,
    0xff, 0xf8, 0x0, 0x0, 0x0, 0x0, 0x0, 0x8f,
    0xff, 0xff, 0xb5, 0x0, 0x44, 0xff, 0xff, 0xf8,
    0x0, 0x0, 0x0, 0x0, 0x0, 0xc1, 0xff, 0xff,
    0x9d, 0x0, 0x44, 0xff, 0xff, 0xf8, 0x0, 0x0,
    0x0, 0x17, 0x89, 0xff, 0xff, 0xff, 0x43, 0x0,
    0x44, 0xff, 0xff, 0xff, 0xff, 0xff, 0xff, 0xff,
    0xff, 0xff, 0xff, 0xa7, 0x0, 0x0, 0x44, 0xff,
    0xff, 0xff, 0xff, 0xff, 0xff, 0xff, 0xff, 0xff,
    0xa1, 0x5, 0x0, 0x0, 0x44, 0xff, 0xff, 0xff,
    0xf4, 0xfa, 0xff, 0xff, 0xff, 0x4b, 0x0, 0x0,
    0x0, 0x0, 0x44, 0xff, 0xff, 0xf8, 0x0, 0x28,
    0xf5, 0xff, 0xff, 0xac, 0x0, 0x0, 0x0, 0x0,
    0x44, 0xff, 0xff, 0xf8, 0x0, 0x0, 0x62, 0xff,
    0xff, 0xff, 0x64, 0x0, 0x0, 0x0, 0x44, 0xff,
    0xff, 0xf8, 0x0, 0x0, 0x0, 0xa5, 0xff, 0xff,
    0xf5, 0x28, 0x0, 0x0, 0x44, 0xff, 0xff, 0xf8,
    0x0, 0x0, 0x0, 0xd, 0xdc, 0xff, 0xff, 0xcf,
    0x6, 0x0, 0x44, 0xff, 0xff, 0xf8, 0x0, 0x0,
    0x0, 0x0, 0x34, 0xf9, 0xff, 0xff, 0x8e, 0x0,
    0x44, 0xff, 0xff, 0xf8, 0x0, 0x0, 0x0, 0x0,
    0x0, 0x72, 0xff, 0xff, 0xfe, 0x48,

    /* U+0159 "ř" */
    0x78, 0xff, 0xff, 0x77, 0x27, 0xf2, 0xff, 0xdc,
    0x16, 0x0, 0x8e, 0xff, 0xfc, 0xe7, 0xff, 0xe0,
    0x1e, 0x0, 0x0, 0x1, 0xa3, 0xff, 0xff, 0xe5,
    0x23, 0x0, 0x0, 0x0, 0x0, 0x0, 0x0, 0x0,
    0x0, 0x0, 0x0, 0x0, 0x0, 0x0, 0x0, 0x0,
    0x0, 0x0, 0x0, 0x0, 0x0, 0xa8, 0xff, 0xff,
    0x4c, 0x3b, 0xba, 0xf3, 0xfa, 0x83, 0xa8, 0xff,
    0xff, 0x98, 0xfc, 0xff, 0xff, 0xff, 0x4b, 0xa8,
    0xff, 0xff, 0xff, 0xff, 0xff, 0xf9, 0xfa, 0xc,
    0xa8, 0xff, 0xff, 0xff, 0xb5, 0x20, 0x0, 0x1a,
    0x0, 0xa8, 0xff, 0xff, 0xe5, 0x9, 0x0, 0x0,
    0x0, 0x0, 0xa8, 0xff, 0xff, 0x9a, 0x0, 0x0,
    0x0, 0x0, 0x0, 0xa8, 0xff, 0xff, 0x7d, 0x0,
    0x0, 0x0, 0x0, 0x0, 0xa8, 0xff, 0xff, 0x7c,
    0x0, 0x0, 0x0, 0x0, 0x0, 0xa8, 0xff, 0xff,
    0x7c, 0x0, 0x0, 0x0, 0x0, 0x0, 0xa8, 0xff,
    0xff, 0x7c, 0x0, 0x0, 0x0, 0x0, 0x0, 0xa8,
    0xff, 0xff, 0x7c, 0x0, 0x0, 0x0, 0x0, 0x0,
    0xa8, 0xff, 0xff, 0x7c, 0x0, 0x0, 0x0, 0x0,
    0x0,

    /* U+015A "Ś" */
    0x0, 0x0, 0x0, 0x0, 0x0, 0x0, 0xa8, 0xff,
    0xff, 0xd1, 0x5, 0x0, 0x0, 0x0, 0x0, 0x0,
    0x0, 0x0, 0x5, 0xf1, 0xff, 0xfa, 0x31, 0x0,
    0x0, 0x0, 0x0, 0x0, 0x0, 0x0, 0x0, 0x46,
    0xff, 0xff, 0x80, 0x0, 0x0, 0x0, 0x0, 0x0,
    0x0, 0x0, 0x0, 0x0, 0x1b, 0x3c, 0x3c, 0x5,
    0x0, 0x0, 0x0, 0x0, 0x0, 0x0, 0x0, 0x0,
    0x0, 0x0, 0x0, 0x0, 0x0, 0x0, 0x0, 0x0,
    0x0, 0x0, 0x0, 0x0, 0x2e, 0x9d, 0xe0, 0xf9,
    0xf2, 0xc7, 0x6e, 0x6, 0x0, 0x0, 0x0, 0x0,
    0x69, 0xfb, 0xff, 0xff, 0xff, 0xff, 0xff, 0xff,
    0xcf, 0x17, 0x0, 0x0, 0x38, 0xfe, 0xff, 0xff,
    0xff, 0xf9, 0xfe, 0xff, 0xff, 0xff, 0xba, 0x0,
    0x0, 0xa0, 0xff, 0xff, 0xdd, 0x37, 0x1, 0xb,
    0x82, 0xff, 0xff, 0xdc, 0x18, 0x0, 0xc1, 0xff,
    0xff, 0x70, 0x0, 0x0, 0x0, 0x0, 0x71, 0x42,
    0x1, 0x0, 0x0, 0xa2, 0xff, 0xff, 0xbf, 0x7,
    0x0, 0x0, 0x0, 0x0, 0x0, 0x0, 0x0, 0x0,
    0x31, 0xf9, 0xff, 0xff, 0xde, 0x70, 0x17, 0x0,
    0x0, 0x0, 0x0, 0x0, 0x0, 0x0, 0x5e, 0xf8,
    0xff, 0xff, 0xff, 0xfd, 0xbc, 0x52, 0x3, 0x0,
    0x0, 0x0, 0x0, 0x0, 0x2d, 0xad, 0xfc, 0xff,
    0xff, 0xff, 0xff, 0xc7, 0x22, 0x0, 0x0, 0x0,
    0x0, 0x0, 0x0, 0x18, 0x6f, 0xce, 0xff, 0xff,
    0xff, 0xe8, 0x18, 0x0, 0x0, 0x0, 0x0, 0x0,
    0x0, 0x0, 0x0, 0x56, 0xf6, 0xff, 0xff, 0x8d,
    0x0, 0x11, 0x66, 0x92, 0x0, 0x0, 0x0, 0x0,
    0x0, 0x83, 0xff, 0xff, 0xcc, 0x3b, 0xf8, 0xff,
    0xff, 0x44, 0x0, 0x0, 0x0, 0x0, 0x7f, 0xff,
    0xff, 0xd0, 0x7, 0xe2, 0xff, 0xff, 0xef, 0x66,
    0x1c, 0x18, 0x63, 0xf4, 0xff, 0xff, 0xa3, 0x0,
    0x4a, 0xfd, 0xff, 0xff, 0xff, 0xff, 0xff, 0xff,
    0xff, 0xff, 0xfa, 0x32, 0x0, 0x0, 0x5d, 0xf7,
    0xff, 0xff, 0xff, 0xff, 0xff, 0xff, 0xf7, 0x59,
    0x0, 0x0, 0x0, 0x0, 0x21, 0x90, 0xd7, 0xf7,
    0xf7, 0xd4, 0x8d, 0x20, 0x0, 0x0,

    /* U+015B "ś" */
    0x0, 0x0, 0x0, 0x0, 0x0, 0xb5, 0xff, 0xff,
    0xc6, 0x2, 0x0, 0x0, 0x0, 0x0, 0x0, 0x0,
    0xc, 0xf8, 0xff, 0xf6, 0x26, 0x0, 0x0, 0x0,
    0x0, 0x0, 0x0, 0x0, 0x56, 0xff, 0xff, 0x6f,
    0x0, 0x0, 0x0, 0x0, 0x0, 0x0, 0x0, 0x0,
    0x1d, 0x38, 0x37, 0x1, 0x0, 0x0, 0x0, 0x0,
    0x0, 0x0, 0x0, 0x0, 0x0, 0x0, 0x0, 0x0,
    0x0, 0x0, 0x0, 0x0, 0x0, 0x0, 0x1f, 0x8c,
    0xd2, 0xf3, 0xee, 0xc9, 0x73, 0x8, 0x0, 0x0,
    0x0, 0x3a, 0xf4, 0xff, 0xff, 0xff, 0xff, 0xff,
    0xff, 0xd2, 0x12, 0x0, 0x0, 0xc9, 0xff, 0xff,
    0xdb, 0x8d, 0xa2, 0xf5, 0xff, 0xff, 0x81, 0x0,
    0x0, 0xf0, 0xff, 0xff, 0x34, 0x0, 0x0, 0x2d,
    0x94, 0x34, 0x0, 0x0, 0x0, 0xbb, 0xff, 0xff,
    0xe8, 0x94, 0x55, 0x17, 0x0, 0x0, 0x0, 0x0,
    0x0, 0x1d, 0xdb, 0xff, 0xff, 0xff, 0xff, 0xfd,
    0xc2, 0x41, 0x0, 0x0, 0x0, 0x0, 0x8, 0x68,
    0xb6, 0xea, 0xff, 0xff, 0xff, 0xfd, 0x55, 0x0,
    0x0, 0x0, 0x13, 0x2d, 0x0, 0x0, 0x28, 0xa6,
    0xff, 0xff, 0xd9, 0x0, 0x21, 0xa6, 0xf8, 0xe8,
    0x2c, 0x0, 0x0, 0x45, 0xff, 0xff, 0xf9, 0x0,
    0xf, 0xeb, 0xff, 0xff, 0xfc, 0xc9, 0xc6, 0xfb,
    0xff, 0xff, 0xba, 0x0, 0x0, 0x35, 0xec, 0xff,
    0xff, 0xff, 0xff, 0xff, 0xff, 0xe2, 0x23, 0x0,
    0x0, 0x0, 0x14, 0x83, 0xd7, 0xf8, 0xf7, 0xd4,
    0x84, 0x10, 0x0, 0x0,

    /* U+015C "Ŝ" */
    0x0, 0x0, 0x0, 0x0, 0xf, 0xb7, 0xc8, 0xc8,
    0x49, 0x0, 0x0, 0x0, 0x0, 0x0, 0x0, 0x0,
    0x3, 0xb8, 0xff, 0xff, 0xff, 0xed, 0x20, 0x0,
    0x0, 0x0, 0x0, 0x0, 0x0, 0x91, 0xff, 0xff,
    0x4b, 0xdc, 0xff, 0xcd, 0x8, 0x0, 0x0, 0x0,
    0x0, 0x30, 0xbb, 0xbc, 0x95, 0x0, 0x4c, 0xbc,
    0xbc, 0x5f, 0x0, 0x0, 0x0, 0x0, 0x0, 0x0,
    0x0, 0x0, 0x0, 0x0, 0x0, 0x0, 0x0, 0x0,
    0x0, 0x0, 0x0, 0x0, 0x2e, 0x9d, 0xe0, 0xf9,
    0xf2, 0xc7, 0x6e, 0x6, 0x0, 0x0, 0x0, 0x0,
    0x69, 0xfb, 0xff, 0xff, 0xff, 0xff, 0xff, 0xff,
    0xcf, 0x17, 0x0, 0x0, 0x38, 0xfe, 0xff, 0xff,
    0xff, 0xf9, 0xfe, 0xff, 0xff, 0xff, 0xba, 0x0,
    0x0, 0xa0, 0xff, 0xff, 0xdd, 0x37, 0x1, 0xb,
    0x82, 0xff, 0xff, 0xdc, 0x18, 0x0, 0xc1, 0xff,
    0xff, 0x70, 0x0, 0x0, 0x0, 0x0, 0x71, 0x42,
    0x1, 0x0, 0x0, 0xa2, 0xff, 0xff, 0xbf, 0x7,
    0x0, 0x0, 0x0, 0x0, 0x0, 0x0, 0x0, 0x0,
    0x31, 0xf9, 0xff, 0xff, 0xde, 0x70, 0x17, 0x0,
    0x0, 0x0, 0x0, 0x0, 0x0, 0x0, 0x5e, 0xf8,
    0xff, 0xff, 0xff, 0xfd, 0xbc, 0x52, 0x3, 0x0,
    0x0, 0x0, 0x0, 0x0, 0x2d, 0xad, 0xfc, 0xff,
    0xff, 0xff, 0xff, 0xc7, 0x22, 0x0, 0x0, 0x0,
    0x0, 0x0, 0x0, 0x18, 0x6f, 0xce, 0xff, 0xff,
    0xff, 0xe8, 0x18, 0x0, 0x0, 0x0, 0x0, 0x0,
    0x0, 0x0, 0x0, 0x56, 0xf6, 0xff, 0xff, 0x8d,
    0x0, 0x11, 0x66, 0x92, 0x0, 0x0, 0x0, 0x0,
    0x0, 0x83, 0xff, 0xff, 0xcc, 0x3b, 0xf8, 0xff,
    0xff, 0x44, 0x0, 0x0, 0x0, 0x0, 0x7f, 0xff,
    0xff, 0xd0, 0x7, 0xe2, 0xff, 0xff, 0xef, 0x66,
    0x1c, 0x18, 0x63, 0xf4, 0xff, 0xff, 0xa3, 0x0,
    0x4a, 0xfd, 0xff, 0xff, 0xff, 0xff, 0xff, 0xff,
    0xff, 0xff, 0xfa, 0x32, 0x0, 0x0, 0x5d, 0xf7,
    0xff, 0xff, 0xff, 0xff, 0xff, 0xff, 0xf7, 0x59,
    0x0, 0x0, 0x0, 0x0, 0x21, 0x90, 0xd7, 0xf7,
    0xf7, 0xd4, 0x8d, 0x20, 0x0, 0x0,

    /* U+015D "ŝ" */
    0x0, 0x0, 0x0, 0x19, 0xdc, 0xff, 0xff, 0xae,
    0x2, 0x0, 0x0, 0x0, 0x0, 0x0, 0x13, 0xd4,
    0xff, 0xec, 0xf9, 0xff, 0x94, 0x0, 0x0, 0x0,
    0x0, 0xc, 0xcb, 0xff, 0xfb, 0x39, 0x71, 0xff,
    0xff, 0x78, 0x0, 0x0, 0x0, 0x4, 0x14, 0x14,
    0x10, 0x0, 0x0, 0x14, 0x14, 0x12, 0x0, 0x0,
    0x0, 0x0, 0x0, 0x0, 0x0, 0x0, 0x0, 0x0,
    0x0, 0x0, 0x0, 0x0, 0x0, 0x0, 0x1f, 0x8c,
    0xd2, 0xf3, 0xee, 0xc9, 0x73, 0x8, 0x0, 0x0,
    0x0, 0x3a, 0xf4, 0xff, 0xff, 0xff, 0xff, 0xff,
    0xff, 0xd2, 0x12, 0x0, 0x0, 0xc9, 0xff, 0xff,
    0xdb, 0x8d, 0xa2, 0xf5, 0xff, 0xff, 0x81, 0x0,
    0x0, 0xf0, 0xff, 0xff, 0x34, 0x0, 0x0, 0x2d,
    0x94, 0x34, 0x0, 0x0, 0x0, 0xbb, 0xff, 0xff,
    0xe8, 0x94, 0x55, 0x17, 0x0, 0x0, 0x0, 0x0,
    0x0, 0x1d, 0xdb, 0xff, 0xff, 0xff, 0xff, 0xfd,
    0xc2, 0x41, 0x0, 0x0, 0x0, 0x0, 0x8, 0x68,
    0xb6, 0xea, 0xff, 0xff, 0xff, 0xfd, 0x55, 0x0,
    0x0, 0x0, 0x13, 0x2d, 0x0, 0x0, 0x28, 0xa6,
    0xff, 0xff, 0xd9, 0x0, 0x21, 0xa6, 0xf8, 0xe8,
    0x2c, 0x0, 0x0, 0x45, 0xff, 0xff, 0xf9, 0x0,
    0xf, 0xeb, 0xff, 0xff, 0xfc, 0xc9, 0xc6, 0xfb,
    0xff, 0xff, 0xba, 0x0, 0x0, 0x35, 0xec, 0xff,
    0xff, 0xff, 0xff, 0xff, 0xff, 0xe2, 0x23, 0x0,
    0x0, 0x0, 0x14, 0x83, 0xd7, 0xf8, 0xf7, 0xd4,
    0x84, 0x10, 0x0, 0x0,

    /* U+015E "Ş" */
    0x0, 0x0, 0x0, 0x2e, 0x9d, 0xe0, 0xf9, 0xf2,
    0xc7, 0x6e, 0x6, 0x0, 0x0, 0x0, 0x0, 0x68,
    0xfb, 0xff, 0xff, 0xff, 0xff, 0xff, 0xff, 0xcf,
    0x17, 0x0, 0x0, 0x35, 0xfd, 0xff, 0xff, 0xff,
    0xf9, 0xfe, 0xff, 0xff, 0xff, 0xba, 0x0, 0x0,
    0x9e, 0xff, 0xff, 0xdd, 0x37, 0x1, 0xb, 0x83,
    0xff, 0xff, 0xde, 0x18, 0x0, 0xc1, 0xff, 0xff,
    0x70, 0x0, 0x0, 0x0, 0x0, 0x77, 0x47, 0x1,
    0x0, 0x0, 0xa6, 0xff, 0xff, 0xbe, 0x7, 0x0,
    0x0, 0x0, 0x0, 0x0, 0x0, 0x0, 0x0, 0x3b,
    0xfc, 0xff, 0xff, 0xde, 0x6e, 0x14, 0x0, 0x0,
    0x0, 0x0, 0x0, 0x0, 0x0, 0x6f, 0xfd, 0xff,
    0xff, 0xff, 0xfc, 0xb8, 0x4e, 0x2, 0x0, 0x0,
    0x0, 0x0, 0x0, 0x40, 0xc5, 0xff, 0xff, 0xff,
    0xff, 0xff, 0xc3, 0x20, 0x0, 0x0, 0x0, 0x0,
    0x0, 0x0, 0x2c, 0x88, 0xe5, 0xff, 0xff, 0xff,
    0xe6, 0x17, 0x0, 0x0, 0x0, 0x0, 0x0, 0x0,
    0x0, 0x5, 0x74, 0xfc, 0xff, 0xff, 0x8b, 0x0,
    0x2, 0x45, 0x74, 0x0, 0x0, 0x0, 0x0, 0x0,
    0x90, 0xff, 0xff, 0xcb, 0x32, 0xe4, 0xff, 0xfd,
    0x2f, 0x0, 0x0, 0x0, 0x0, 0x76, 0xff, 0xff,
    0xd1, 0x7, 0xe9, 0xff, 0xff, 0xe0, 0x40, 0x1,
    0x0, 0x3b, 0xe6, 0xff, 0xff, 0xa5, 0x0, 0x59,
    0xfe, 0xff, 0xff, 0xff, 0xf3, 0xf0, 0xff, 0xff,
    0xff, 0xfc, 0x36, 0x0, 0x0, 0x6a, 0xf7, 0xff,
    0xff, 0xff, 0xff, 0xff, 0xff, 0xfa, 0x64, 0x0,
    0x0, 0x0, 0x0, 0x24, 0x93, 0xdd, 0xff, 0xfc,
    0xe0, 0x9b, 0x2a, 0x0, 0x0, 0x0, 0x0, 0x0,
    0x0, 0x0, 0x75, 0xff, 0x6d, 0x17, 0x0, 0x0,
    0x0, 0x0, 0x0, 0x0, 0x0, 0x0, 0x0, 0xbe,
    0xff, 0xff, 0xf5, 0x40, 0x0, 0x0, 0x0, 0x0,
    0x0, 0x0, 0x0, 0x0, 0x3, 0x37, 0x3f, 0xff,
    0xa6, 0x0, 0x0, 0x0, 0x0, 0x0, 0x0, 0x0,
    0xc, 0xd4, 0xd7, 0xb7, 0xff, 0x8d, 0x0, 0x0,
    0x0, 0x0, 0x0, 0x0, 0x0, 0x0, 0x5f, 0xe3,
    0xf2, 0xaa, 0xf, 0x0, 0x0, 0x0,

    /* U+015F "ş" */
    0x0, 0x0, 0x1c, 0x8b, 0xd2, 0xf3, 0xee, 0xc9,
    0x73, 0x8, 0x0, 0x0, 0x0, 0x38, 0xf2, 0xff,
    0xff, 0xff, 0xff, 0xff, 0xff, 0xd2, 0x12, 0x0,
    0x0, 0xc7, 0xff, 0xff, 0xdb, 0x8d, 0xa2, 0xf5,
    0xff, 0xff, 0x82, 0x0, 0x0, 0xf1, 0xff, 0xff,
    0x35, 0x0, 0x0, 0x2e, 0x98, 0x37, 0x0, 0x0,
    0x0, 0xbe, 0xff, 0xff, 0xeb, 0x98, 0x59, 0x1b,
    0x0, 0x0, 0x0, 0x0, 0x0, 0x21, 0xe1, 0xff,
    0xff, 0xff, 0xff, 0xfe, 0xc7, 0x46, 0x0, 0x0,
    0x0, 0x0, 0xa, 0x70, 0xbe, 0xf1, 0xff, 0xff,
    0xff, 0xfe, 0x5a, 0x0, 0x0, 0x0, 0xe, 0x28,
    0x0, 0x1, 0x31, 0xad, 0xff, 0xff, 0xdc, 0x0,
    0x1e, 0x9b, 0xf4, 0xe5, 0x26, 0x0, 0x0, 0x41,
    0xff, 0xff, 0xf9, 0x0, 0x13, 0xed, 0xff, 0xff,
    0xfa, 0xbd, 0xba, 0xf6, 0xff, 0xff, 0xb1, 0x0,
    0x0, 0x37, 0xeb, 0xff, 0xff, 0xff, 0xff, 0xff,
    0xff, 0xd4, 0x1c, 0x0, 0x0, 0x0, 0x10, 0x7a,
    0xc0, 0xff, 0xee, 0xb3, 0x69, 0x4, 0x0, 0x0,
    0x0, 0x0, 0x0, 0x0, 0x4d, 0xff, 0x99, 0x32,
    0x0, 0x0, 0x0, 0x0, 0x0, 0x0, 0x0, 0x0,
    0x8d, 0xff, 0xff, 0xff, 0x71, 0x0, 0x0, 0x0,
    0x0, 0x0, 0x0, 0x0, 0x0, 0x31, 0x15, 0xf6,
    0xd7, 0x0, 0x0, 0x0, 0x0, 0x0, 0x0, 0x0,
    0xb5, 0xe9, 0xa7, 0xff, 0xbb, 0x0, 0x0, 0x0,
    0x0, 0x0, 0x0, 0x0, 0x3f, 0xd5, 0xf6, 0xc0,
    0x24, 0x0, 0x0, 0x0,

    /* U+0160 "Š" */
    0x0, 0x0, 0x8, 0x7b, 0x80, 0x74, 0x1, 0x18,
    0x80, 0x80, 0x70, 0x0, 0x0, 0x0, 0x0, 0x0,
    0x67, 0xff, 0xff, 0x66, 0xab, 0xff, 0xfa, 0x45,
    0x0, 0x0, 0x0, 0x0, 0x0, 0x0, 0x92, 0xff,
    0xff, 0xff, 0xff, 0x5f, 0x0, 0x0, 0x0, 0x0,
    0x0, 0x0, 0x0, 0x3, 0xa1, 0xc8, 0xc8, 0x73,
    0x0, 0x0, 0x0, 0x0, 0x0, 0x0, 0x0, 0x0,
    0x0, 0x0, 0x0, 0x0, 0x0, 0x0, 0x0, 0x0,
    0x0, 0x0, 0x0, 0x0, 0x2e, 0x9d, 0xe0, 0xf9,
    0xf2, 0xc7, 0x6e, 0x6, 0x0, 0x0, 0x0, 0x0,
    0x69, 0xfb, 0xff, 0xff, 0xff, 0xff, 0xff, 0xff,
    0xcf, 0x17, 0x0, 0x0, 0x38, 0xfe, 0xff, 0xff,
    0xff, 0xf9, 0xfe, 0xff, 0xff, 0xff, 0xba, 0x0,
    0x0, 0xa0, 0xff, 0xff, 0xdd, 0x37, 0x1, 0xb,
    0x82, 0xff, 0xff, 0xdc, 0x18, 0x0, 0xc1, 0xff,
    0xff, 0x70, 0x0, 0x0, 0x0, 0x0, 0x71, 0x42,
    0x1, 0x0, 0x0, 0xa2, 0xff, 0xff, 0xbf, 0x7,
    0x0, 0x0, 0x0, 0x0, 0x0, 0x0, 0x0, 0x0,
    0x31, 0xf9, 0xff, 0xff, 0xde, 0x70, 0x17, 0x0,
    0x0, 0x0, 0x0, 0x0, 0x0, 0x0, 0x5e, 0xf8,
    0xff, 0xff, 0xff, 0xfd, 0xbc, 0x52, 0x3, 0x0,
    0x0, 0x0, 0x0, 0x0, 0x2d, 0xad, 0xfc, 0xff,
    0xff, 0xff, 0xff, 0xc7, 0x22, 0x0, 0x0, 0x0,
    0x0, 0x0, 0x0, 0x18, 0x6f, 0xce, 0xff, 0xff,
    0xff, 0xe8, 0x18, 0x0, 0x0, 0x0, 0x0, 0x0,
    0x0, 0x0, 0x0, 0x56, 0xf6, 0xff, 0xff, 0x8d,
    0x0, 0x11, 0x66, 0x92, 0x0, 0x0, 0x0, 0x0,
    0x0, 0x83, 0xff, 0xff, 0xcc, 0x3b, 0xf8, 0xff,
    0xff, 0x44, 0x0, 0x0, 0x0, 0x0, 0x7f, 0xff,
    0xff, 0xd0, 0x7, 0xe2, 0xff, 0xff, 0xef, 0x66,
    0x1c, 0x18, 0x63, 0xf4, 0xff, 0xff, 0xa3, 0x0,
    0x4a, 0xfd, 0xff, 0xff, 0xff, 0xff, 0xff, 0xff,
    0xff, 0xff, 0xfa, 0x32, 0x0, 0x0, 0x5d, 0xf7,
    0xff, 0xff, 0xff, 0xff, 0xff, 0xff, 0xf7, 0x59,
    0x0, 0x0, 0x0, 0x0, 0x21, 0x90, 0xd7, 0xf7,
    0xf7, 0xd4, 0x8d, 0x20, 0x0, 0x0,

    /* U+0161 "š" */
    0x0, 0xc, 0xc4, 0xff, 0xf2, 0x37, 0x97, 0xff,
    0xff, 0x84, 0x0, 0x0, 0x0, 0x0, 0xd, 0xc6,
    0xff, 0xff, 0xff, 0xff, 0x7c, 0x0, 0x0, 0x0,
    0x0, 0x0, 0x0, 0xe, 0xad, 0xc4, 0xc4, 0x6d,
    0x0, 0x0, 0x0, 0x0, 0x0, 0x0, 0x0, 0x0,
    0x0, 0x0, 0x0, 0x0, 0x0, 0x0, 0x0, 0x0,
    0x0, 0x0, 0x0, 0x0, 0x0, 0x0, 0x0, 0x0,
    0x0, 0x0, 0x0, 0x0, 0x0, 0x0, 0x1f, 0x8c,
    0xd2, 0xf3, 0xee, 0xc9, 0x73, 0x8, 0x0, 0x0,
    0x0, 0x3a, 0xf4, 0xff, 0xff, 0xff, 0xff, 0xff,
    0xff, 0xd2, 0x12, 0x0, 0x0, 0xc9, 0xff, 0xff,
    0xdb, 0x8d, 0xa2, 0xf5, 0xff, 0xff, 0x81, 0x0,
    0x0, 0xf0, 0xff, 0xff, 0x34, 0x0, 0x0, 0x2d,
    0x94, 0x34, 0x0, 0x0, 0x0, 0xbb, 0xff, 0xff,
    0xe8, 0x94, 0x55, 0x17, 0x0, 0x0, 0x0, 0x0,
    0x0, 0x1d, 0xdb, 0xff, 0xff, 0xff, 0xff, 0xfd,
    0xc2, 0x41, 0x0, 0x0, 0x0, 0x0, 0x8, 0x68,
    0xb6, 0xea, 0xff, 0xff, 0xff, 0xfd, 0x55, 0x0,
    0x0, 0x0, 0x13, 0x2d, 0x0, 0x0, 0x28, 0xa6,
    0xff, 0xff, 0xd9, 0x0, 0x21, 0xa6, 0xf8, 0xe8,
    0x2c, 0x0, 0x0, 0x45, 0xff, 0xff, 0xf9, 0x0,
    0xf, 0xeb, 0xff, 0xff, 0xfc, 0xc9, 0xc6, 0xfb,
    0xff, 0xff, 0xba, 0x0, 0x0, 0x35, 0xec, 0xff,
    0xff, 0xff, 0xff, 0xff, 0xff, 0xe2, 0x23, 0x0,
    0x0, 0x0, 0x14, 0x83, 0xd7, 0xf8, 0xf7, 0xd4,
    0x84, 0x10, 0x0, 0x0,

    /* U+0162 "Ţ" */
    0x6c, 0xff, 0xff, 0xff, 0xff, 0xff, 0xff, 0xff,
    0xff, 0xff, 0xff, 0xff, 0xff, 0x6c, 0x6c, 0xff,
    0xff, 0xff, 0xff, 0xff, 0xff, 0xff, 0xff, 0xff,
    0xff, 0xff, 0xff, 0x6c, 0x6c, 0xff, 0xff, 0xff,
    0xff, 0xff, 0xff, 0xff, 0xff, 0xff, 0xff, 0xff,
    0xff, 0x6c, 0x3, 0x8, 0x8, 0x8, 0x8, 0xa3,
    0xff, 0xff, 0x9f, 0x8, 0x8, 0x8, 0x8, 0x3,
    0x0, 0x0, 0x0, 0x0, 0x0, 0xa0, 0xff, 0xff,
    0x9c, 0x0, 0x0, 0x0, 0x0, 0x0, 0x0, 0x0,
    0x0, 0x0, 0x0, 0xa0, 0xff, 0xff, 0x9c, 0x0,
    0x0, 0x0, 0x0, 0x0, 0x0, 0x0, 0x0, 0x0,
    0x0, 0xa0, 0xff, 0xff, 0x9c, 0x0, 0x0, 0x0,
    0x0, 0x0, 0x0, 0x0, 0x0, 0x0, 0x0, 0xa0,
    0xff, 0xff, 0x9c, 0x0, 0x0, 0x0, 0x0, 0x0,
    0x0, 0x0, 0x0, 0x0, 0x0, 0xa0, 0xff, 0xff,
    0x9c, 0x0, 0x0, 0x0, 0x0, 0x0, 0x0, 0x0,
    0x0, 0x0, 0x0, 0xa0, 0xff, 0xff, 0x9c, 0x0,
    0x0, 0x0, 0x0, 0x0, 0x0, 0x0, 0x0, 0x0,
    0x0, 0xa0, 0xff, 0xff, 0x9c, 0x0, 0x0, 0x0,
    0x0, 0x0, 0x0, 0x0, 0x0, 0x0, 0x0, 0xa0,
    0xff, 0xff, 0x9c, 0x0, 0x0, 0x0, 0x0, 0x0,
    0x0, 0x0, 0x0, 0x0, 0x0, 0xa0, 0xff, 0xff,
    0x9c, 0x0, 0x0, 0x0, 0x0, 0x0, 0x0, 0x0,
    0x0, 0x0, 0x0, 0xa0, 0xff, 0xff, 0x9c, 0x0,
    0x0, 0x0, 0x0, 0x0, 0x0, 0x0, 0x0, 0x0,
    0x0, 0xa0, 0xff, 0xff, 0x9c, 0x0, 0x0, 0x0,
    0x0, 0x0, 0x0, 0x0, 0x0, 0x0, 0x0, 0xa0,
    0xff, 0xff, 0x9c, 0x0, 0x0, 0x0, 0x0, 0x0,
    0x0, 0x0, 0x0, 0x0, 0x0, 0xa0, 0xff, 0xff,
    0x9c, 0x0, 0x0, 0x0, 0x0, 0x0, 0x0, 0x0,
    0x0, 0x0, 0x0, 0x26, 0xfd, 0x82, 0x0, 0x0,
    0x0, 0x0, 0x0, 0x0, 0x0, 0x0, 0x0, 0x0,
    0x0, 0x91, 0xff, 0xff, 0xe6, 0x44, 0x0, 0x0,
    0x0, 0x0, 0x0, 0x0, 0x0, 0x0, 0x0, 0x6,
    0x4d, 0x39, 0xf5, 0xd1, 0x0, 0x0, 0x0, 0x0,
    0x0, 0x0, 0x0, 0x0, 0x0, 0xac, 0xe5, 0xa2,
    0xff, 0xc5, 0x0, 0x0, 0x0, 0x0, 0x0, 0x0,
    0x0, 0x0, 0x0, 0x3d, 0xd4, 0xf6, 0xc4, 0x2a,
    0x0, 0x0, 0x0, 0x0,

    /* U+0163 "ţ" */
    0x0, 0x0, 0x5c, 0xff, 0xff, 0xc8, 0x0, 0x0,
    0x0, 0x0, 0x0, 0x0, 0x5c, 0xff, 0xff, 0xc8,
    0x0, 0x0, 0x0, 0x0, 0x0, 0x0, 0x5c, 0xff,
    0xff, 0xc8, 0x0, 0x0, 0x0, 0x0, 0x0, 0x0,
    0x5c, 0xff, 0xff, 0xc8, 0x0, 0x0, 0x0, 0x0,
    0x6c, 0xff, 0xff, 0xff, 0xff, 0xff, 0xff, 0xff,
    0xa8, 0x0, 0x6c, 0xff, 0xff, 0xff, 0xff, 0xff,
    0xff, 0xff, 0xa8, 0x0, 0x46, 0xa8, 0xc7, 0xff,
    0xff, 0xec, 0xa8, 0xa8, 0x6e, 0x0, 0x0, 0x0,
    0x5c, 0xff, 0xff, 0xc8, 0x0, 0x0, 0x0, 0x0,
    0x0, 0x0, 0x5c, 0xff, 0xff, 0xc8, 0x0, 0x0,
    0x0, 0x0, 0x0, 0x0, 0x5c, 0xff, 0xff, 0xc8,
    0x0, 0x0, 0x0, 0x0, 0x0, 0x0, 0x5c, 0xff,
    0xff, 0xc8, 0x0, 0x0, 0x0, 0x0, 0x0, 0x0,
    0x5b, 0xff, 0xff, 0xcd, 0x0, 0x0, 0x0, 0x0,
    0x0, 0x0, 0x4f, 0xff, 0xff, 0xf7, 0x28, 0x2,
    0xc, 0x0, 0x0, 0x0, 0x1c, 0xfd, 0xff, 0xff,
    0xfe, 0xf7, 0x7d, 0x0, 0x0, 0x0, 0x0, 0x98,
    0xff, 0xff, 0xff, 0xff, 0xd1, 0x0, 0x0, 0x0,
    0x0, 0x3, 0x86, 0xff, 0xfd, 0xea, 0xb2, 0x8,
    0x0, 0x0, 0x0, 0x0, 0x8e, 0xfb, 0x3b, 0x3,
    0x0, 0x0, 0x0, 0x0, 0x0, 0x6, 0xe9, 0xff,
    0xff, 0xd5, 0x14, 0x0, 0x0, 0x0, 0x0, 0x0,
    0x13, 0x3b, 0x77, 0xff, 0x70, 0x0, 0x0, 0x0,
    0x0, 0x2a, 0xe2, 0xbd, 0xc8, 0xff, 0x5d, 0x0,
    0x0, 0x0, 0x0, 0x1, 0x83, 0xee, 0xed, 0x91,
    0x2, 0x0,

    /* U+0164 "Ť" */
    0x0, 0x0, 0x1, 0x70, 0x80, 0x7e, 0xa, 0x8,
    0x7d, 0x80, 0x7c, 0x7, 0x0, 0x0, 0x0, 0x0,
    0x0, 0x47, 0xfc, 0xff, 0x8a, 0x87, 0xff, 0xff,
    0x66, 0x0, 0x0, 0x0, 0x0, 0x0, 0x0, 0x0,
    0x6e, 0xff, 0xff, 0xff, 0xff, 0x83, 0x0, 0x0,
    0x0, 0x0, 0x0, 0x0, 0x0, 0x0, 0x0, 0x89,
    0xc8, 0xc8, 0x8f, 0x0, 0x0, 0x0, 0x0, 0x0,
    0x0, 0x0, 0x0, 0x0, 0x0, 0x0, 0x0, 0x0,
    0x0, 0x0, 0x0, 0x0, 0x0, 0x0, 0x6c, 0xff,
    0xff, 0xff, 0xff, 0xff, 0xff, 0xff, 0xff, 0xff,
    0xff, 0xff, 0xff, 0x6c, 0x6c, 0xff, 0xff, 0xff,
    0xff, 0xff, 0xff, 0xff, 0xff, 0xff, 0xff, 0xff,
    0xff, 0x6c, 0x6c, 0xff, 0xff, 0xff, 0xff, 0xff,
    0xff, 0xff, 0xff, 0xff, 0xff, 0xff, 0xff, 0x6c,
    0x3, 0x8, 0x8, 0x8, 0x8, 0xa3, 0xff, 0xff,
    0x9f, 0x8, 0x8, 0x8, 0x8, 0x3, 0x0, 0x0,
    0x0, 0x0, 0x0, 0xa0, 0xff, 0xff, 0x9c, 0x0,
    0x0, 0x0, 0x0, 0x0, 0x0, 0x0, 0x0, 0x0,
    0x0, 0xa0, 0xff, 0xff, 0x9c, 0x0, 0x0, 0x0,
    0x0, 0x0, 0x0, 0x0, 0x0, 0x0, 0x0, 0xa0,
    0xff, 0xff, 0x9c, 0x0, 0x0, 0x0, 0x0, 0x0,
    0x0, 0x0, 0x0, 0x0, 0x0, 0xa0, 0xff, 0xff,
    0x9c, 0x0, 0x0, 0x0, 0x0, 0x0, 0x0, 0x0,
    0x0, 0x0, 0x0, 0xa0, 0xff, 0xff, 0x9c, 0x0,
    0x0, 0x0, 0x0, 0x0, 0x0, 0x0, 0x0, 0x0,
    0x0, 0xa0, 0xff, 0xff, 0x9c, 0x0, 0x0, 0x0,
    0x0, 0x0, 0x0, 0x0, 0x0, 0x0, 0x0, 0xa0,
    0xff, 0xff, 0x9c, 0x0, 0x0, 0x0, 0x0, 0x0,
    0x0, 0x0, 0x0, 0x0, 0x0, 0xa0, 0xff, 0xff,
    0x9c, 0x0, 0x0, 0x0, 0x0, 0x0, 0x0, 0x0,
    0x0, 0x0, 0x0, 0xa0, 0xff, 0xff, 0x9c, 0x0,
    0x0, 0x0, 0x0, 0x0, 0x0, 0x0, 0x0, 0x0,
    0x0, 0xa0, 0xff, 0xff, 0x9c, 0x0, 0x0, 0x0,
    0x0, 0x0, 0x0, 0x0, 0x0, 0x0, 0x0, 0xa0,
    0xff, 0xff, 0x9c, 0x0, 0x0, 0x0, 0x0, 0x0,
    0x0, 0x0, 0x0, 0x0, 0x0, 0xa0, 0xff, 0xff,
    0x9c, 0x0, 0x0, 0x0, 0x0, 0x0, 0x0, 0x0,
    0x0, 0x0, 0x0, 0xa0, 0xff, 0xff, 0x9c, 0x0,
    0x0, 0x0, 0x0, 0x0,

    /* U+0165 "ť" */
    0x0, 0x0, 0x0, 0x0, 0x0, 0x0, 0x0, 0xec,
    0xff, 0xd0, 0x0, 0x0, 0x12, 0x34, 0x34, 0x28,
    0x0, 0xec, 0xff, 0xa3, 0x0, 0x0, 0x5c, 0xff,
    0xff, 0xc8, 0x0, 0xec, 0xff, 0x76, 0x0, 0x0,
    0x5c, 0xff, 0xff, 0xc8, 0x0, 0xec, 0xff, 0x49,
    0x0, 0x0, 0x5c, 0xff, 0xff, 0xc8, 0x0, 0xe,
    0x10, 0x3, 0x6c, 0xff, 0xff, 0xff, 0xff, 0xff,
    0xff, 0xff, 0xa8, 0x0, 0x6c, 0xff, 0xff, 0xff,
    0xff, 0xff, 0xff, 0xff, 0xa8, 0x0, 0x46, 0xa8,
    0xc7, 0xff, 0xff, 0xec, 0xa8, 0xa8, 0x6e, 0x0,
    0x0, 0x0, 0x5c, 0xff, 0xff, 0xc8, 0x0, 0x0,
    0x0, 0x0, 0x0, 0x0, 0x5c, 0xff, 0xff, 0xc8,
    0x0, 0x0, 0x0, 0x0, 0x0, 0x0, 0x5c, 0xff,
    0xff, 0xc8, 0x0, 0x0, 0x0, 0x0, 0x0, 0x0,
    0x5c, 0xff, 0xff, 0xc8, 0x0, 0x0, 0x0, 0x0,
    0x0, 0x0, 0x5b, 0xff, 0xff, 0xce, 0x0, 0x0,
    0x0, 0x0, 0x0, 0x0, 0x4f, 0xff, 0xff, 0xf8,
    0x2c, 0x3, 0xe, 0x0, 0x0, 0x0, 0x1c, 0xfd,
    0xff, 0xff, 0xff, 0xf9, 0x7e, 0x0, 0x0, 0x0,
    0x0, 0x98, 0xff, 0xff, 0xff, 0xff, 0xd1, 0x0,
    0x0, 0x0, 0x0, 0x2, 0x6e, 0xdd, 0xfa, 0xea,
    0xb2, 0x8,

    /* U+0166 "Ŧ" */
    0x6c, 0xff, 0xff, 0xff, 0xff, 0xff, 0xff, 0xff,
    0xff, 0xff, 0xff, 0xff, 0xff, 0x6c, 0x6c, 0xff,
    0xff, 0xff, 0xff, 0xff, 0xff, 0xff, 0xff, 0xff,
    0xff, 0xff, 0xff, 0x6c, 0x6c, 0xff, 0xff, 0xff,
    0xff, 0xff, 0xff, 0xff, 0xff, 0xff, 0xff, 0xff,
    0xff, 0x6c, 0x3, 0x8, 0x8, 0x8, 0x8, 0xa3,
    0xff, 0xff, 0x9f, 0x8, 0x8, 0x8, 0x8, 0x3,
    0x0, 0x0, 0x0, 0x0, 0x0, 0xa0, 0xff, 0xff,
    0x9c, 0x0, 0x0, 0x0, 0x0, 0x0, 0x0, 0x0,
    0x0, 0x0, 0x0, 0xa0, 0xff, 0xff, 0x9c, 0x0,
    0x0, 0x0, 0x0, 0x0, 0x0, 0x0, 0x0, 0x0,
    0x0, 0xa0, 0xff, 0xff, 0x9c, 0x0, 0x0, 0x0,
    0x0, 0x0, 0x0, 0x0, 0xac, 0xff, 0xff, 0xff,
    0xff, 0xff, 0xff, 0xff, 0xff, 0xa4, 0x0, 0x0,
    0x0, 0x0, 0xac, 0xff, 0xff, 0xff, 0xff, 0xff,
    0xff, 0xff, 0xff, 0xa4, 0x0, 0x0, 0x0, 0x0,
    0x58, 0x84, 0x84, 0xd1, 0xff, 0xff, 0xcf, 0x84,
    0x84, 0x54, 0x0, 0x0, 0x0, 0x0, 0x0, 0x0,
    0x0, 0xa0, 0xff, 0xff, 0x9c, 0x0, 0x0, 0x0,
    0x0, 0x0, 0x0, 0x0, 0x0, 0x0, 0x0, 0xa0,
    0xff, 0xff, 0x9c, 0x0, 0x0, 0x0, 0x0, 0x0,
    0x0, 0x0, 0x0, 0x0, 0x0, 0xa0, 0xff, 0xff,
    0x9c, 0x0, 0x0, 0x0, 0x0, 0x0, 0x0, 0x0,
    0x0, 0x0, 0x0, 0xa0, 0xff, 0xff, 0x9c, 0x0,
    0x0, 0x0, 0x0, 0x0, 0x0, 0x0, 0x0, 0x0,
    0x0, 0xa0, 0xff, 0xff, 0x9c, 0x0, 0x0, 0x0,
    0x0, 0x0, 0x0, 0x0, 0x0, 0x0, 0x0, 0xa0,
    0xff, 0xff, 0x9c, 0x0, 0x0, 0x0, 0x0, 0x0,
    0x0, 0x0, 0x0, 0x0, 0x0, 0xa0, 0xff, 0xff,
    0x9c, 0x0, 0x0, 0x0, 0x0, 0x0,

    /* U+0167 "ŧ" */
    0x0, 0x0, 0x2e, 0x80, 0x80, 0x64, 0x0, 0x0,
    0x0, 0x0, 0x0, 0x0, 0x5c, 0xff, 0xff, 0xc8,
    0x0, 0x0, 0x0, 0x0, 0x0, 0x0, 0x5c, 0xff,
    0xff, 0xc8, 0x0, 0x0, 0x0, 0x0, 0x0, 0x0,
    0x5c, 0xff, 0xff, 0xc8, 0x0, 0x0, 0x0, 0x0,
    0x6c, 0xff, 0xff, 0xff, 0xff, 0xff, 0xff, 0xff,
    0xa8, 0x0, 0x6c, 0xff, 0xff, 0xff, 0xff, 0xff,
    0xff, 0xff, 0xa8, 0x0, 0x46, 0xa8, 0xc7, 0xff,
    0xff, 0xec, 0xa8, 0xa8, 0x6e, 0x0, 0x0, 0x0,
    0x5c, 0xff, 0xff, 0xc8, 0x0, 0x0, 0x0, 0x0,
    0x28, 0x60, 0x99, 0xff, 0xff, 0xdd, 0x60, 0x60,
    0x1f, 0x0, 0x6c, 0xff, 0xff, 0xff, 0xff, 0xff,
    0xff, 0xff, 0x54, 0x0, 0x6c, 0xff, 0xff, 0xff,
    0xff, 0xff, 0xff, 0xff, 0x54, 0x0, 0x0, 0x0,
    0x5c, 0xff, 0xff, 0xca, 0x0, 0x0, 0x0, 0x0,
    0x0, 0x0, 0x54, 0xff, 0xff, 0xf3, 0x23, 0x3,
    0xc, 0x0, 0x0, 0x0, 0x28, 0xff, 0xff, 0xff,
    0xfe, 0xf9, 0x7c, 0x0, 0x0, 0x0, 0x0, 0xaa,
    0xff, 0xff, 0xff, 0xff, 0xd0, 0x0, 0x0, 0x0,
    0x0, 0x6, 0x79, 0xd6, 0xf7, 0xea, 0xb2, 0x8,

    /* U+0168 "Ũ" */
    0x0, 0x0, 0x0, 0x2a, 0xc1, 0xf4, 0xcf, 0x62,
    0x1a, 0xa9, 0xac, 0x25, 0x0, 0x0, 0x0, 0x0,
    0x3, 0xdb, 0xff, 0xff, 0xff, 0xff, 0xff, 0xff,
    0xfa, 0x12, 0x0, 0x0, 0x0, 0x0, 0x27, 0xff,
    0xff, 0x75, 0xb6, 0xff, 0xff, 0xfc, 0x6f, 0x0,
    0x0, 0x0, 0x0, 0x0, 0x0, 0x4, 0x3, 0x0,
    0x0, 0x28, 0x4d, 0x20, 0x0, 0x0, 0x0, 0x0,
    0x0, 0x0, 0x0, 0x0, 0x0, 0x0, 0x0, 0x0,
    0x0, 0x0, 0x0, 0x0, 0x0, 0x0, 0xa8, 0xff,
    0xff, 0x94, 0x0, 0x0, 0x0, 0x0, 0x0, 0x0,
    0x88, 0xff, 0xff, 0xb8, 0xa8, 0xff, 0xff, 0x94,
    0x0, 0x0, 0x0, 0x0, 0x0, 0x0, 0x88, 0xff,
    0xff, 0xb8, 0xa8, 0xff, 0xff, 0x94, 0x0, 0x0,
    0x0, 0x0, 0x0, 0x0, 0x88, 0xff, 0xff, 0xb8,
    0xa8, 0xff, 0xff, 0x94, 0x0, 0x0, 0x0, 0x0,
    0x0, 0x0, 0x88, 0xff, 0xff, 0xb8, 0xa8, 0xff,
    0xff, 0x94, 0x0, 0x0, 0x0, 0x0, 0x0, 0x0,
    0x88, 0xff, 0xff, 0xb8, 0xa8, 0xff, 0xff, 0x94,
    0x0, 0x0, 0x0, 0x0, 0x0, 0x0, 0x88, 0xff,
    0xff, 0xb8, 0xa8, 0xff, 0xff, 0x94, 0x0, 0x0,
    0x0, 0x0, 0x0, 0x0, 0x88, 0xff, 0xff, 0xb8,
    0xa8, 0xff, 0xff, 0x94, 0x0, 0x0, 0x0, 0x0,
    0x0, 0x0, 0x88, 0xff, 0xff, 0xb8, 0xa8, 0xff,
    0xff, 0x94, 0x0, 0x0, 0x0, 0x0, 0x0, 0x0,
    0x88, 0xff, 0xff, 0xb8, 0xa8, 0xff, 0xff, 0x94,
    0x0, 0x0, 0x0, 0x0, 0x0, 0x0, 0x88, 0xff,
    0xff, 0xb8, 0x9f, 0xff, 0xff, 0xa1, 0x0, 0x0,
    0x0, 0x0, 0x0, 0x0, 0x95, 0xff, 0xff, 0xad,
    0x87, 0xff, 0xff, 0xc9, 0x0, 0x0, 0x0, 0x0,
    0x0, 0x0, 0xbe, 0xff, 0xff, 0x93, 0x4d, 0xff,
    0xff, 0xff, 0x3c, 0x0, 0x0, 0x0, 0x0, 0x31,
    0xfe, 0xff, 0xff, 0x56, 0x7, 0xe5, 0xff, 0xff,
    0xef, 0x5f, 0x14, 0x13, 0x5b, 0xec, 0xff, 0xff,
    0xe9, 0x8, 0x0, 0x57, 0xff, 0xff, 0xff, 0xff,
    0xff, 0xff, 0xff, 0xff, 0xff, 0xff, 0x57, 0x0,
    0x0, 0x0, 0x6e, 0xfc, 0xff, 0xff, 0xff, 0xff,
    0xff, 0xff, 0xf9, 0x66, 0x0, 0x0, 0x0, 0x0,
    0x0, 0x27, 0x96, 0xd8, 0xf5, 0xf5, 0xd7, 0x90,
    0x20, 0x0, 0x0, 0x0,

    /* U+0169 "ũ" */
    0x0, 0x0, 0x3c, 0xca, 0xf6, 0xda, 0x93, 0x79,
    0xff, 0xff, 0x1d, 0x0, 0x0, 0x11, 0xef, 0xff,
    0xff, 0xff, 0xff, 0xff, 0xff, 0xd4, 0x0, 0x0,
    0x0, 0x31, 0xcc, 0xc9, 0x6a, 0x9d, 0xe4, 0xf5,
    0xbc, 0x26, 0x0, 0x0, 0x0, 0x0, 0x0, 0x0,
    0x0, 0x0, 0x0, 0x0, 0x0, 0x0, 0x0, 0x0,
    0x0, 0x0, 0x0, 0x0, 0x0, 0x0, 0x0, 0x0,
    0x0, 0x0, 0x0, 0x0, 0xc0, 0xff, 0xff, 0x64,
    0x0, 0x0, 0x0, 0x0, 0xb8, 0xff, 0xff, 0x70,
    0xc0, 0xff, 0xff, 0x64, 0x0, 0x0, 0x0, 0x0,
    0xb8, 0xff, 0xff, 0x70, 0xc0, 0xff, 0xff, 0x64,
    0x0, 0x0, 0x0, 0x0, 0xb8, 0xff, 0xff, 0x70,
    0xc0, 0xff, 0xff, 0x64, 0x0, 0x0, 0x0, 0x0,
    0xb8, 0xff, 0xff, 0x70, 0xc0, 0xff, 0xff, 0x64,
    0x0, 0x0, 0x0, 0x0, 0xb8, 0xff, 0xff, 0x70,
    0xc0, 0xff, 0xff, 0x64, 0x0, 0x0, 0x0, 0x0,
    0xb9, 0xff, 0xff, 0x70, 0xc0, 0xff, 0xff, 0x65,
    0x0, 0x0, 0x0, 0x0, 0xd5, 0xff, 0xff, 0x70,
    0xb8, 0xff, 0xff, 0x82, 0x0, 0x0, 0x0, 0x23,
    0xfc, 0xff, 0xff, 0x70, 0x99, 0xff, 0xff, 0xe5,
    0x25, 0x0, 0x15, 0xc6, 0xff, 0xff, 0xff, 0x70,
    0x4e, 0xff, 0xff, 0xff, 0xfe, 0xe5, 0xf9, 0xff,
    0xff, 0xff, 0xff, 0x70, 0x1, 0xba, 0xff, 0xff,
    0xff, 0xff, 0xff, 0xea, 0xae, 0xff, 0xff, 0x70,
    0x0, 0xa, 0x88, 0xde, 0xfa, 0xe8, 0xa1, 0x1e,
    0x84, 0xff, 0xff, 0x70,

    /* U+016A "Ū" */
    0x0, 0x0, 0x0, 0x33, 0x60, 0x60, 0x60, 0x60,
    0x60, 0x60, 0x36, 0x0, 0x0, 0x0, 0x0, 0x0,
    0x0, 0x88, 0xff, 0xff, 0xff, 0xff, 0xff, 0xff,
    0x90, 0x0, 0x0, 0x0, 0x0, 0x0, 0x0, 0x88,
    0xff, 0xff, 0xff, 0xff, 0xff, 0xff, 0x90, 0x0,
    0x0, 0x0, 0x0, 0x0, 0x0, 0x0, 0x0, 0x0,
    0x0, 0x0, 0x0, 0x0, 0x0, 0x0, 0x0, 0x0,
    0x0, 0x0, 0x0, 0x0, 0x0, 0x0, 0x0, 0x0,
    0x0, 0x0, 0x0, 0x0, 0x0, 0x0, 0xa8, 0xff,
    0xff, 0x94, 0x0, 0x0, 0x0, 0x0, 0x0, 0x0,
    0x88, 0xff, 0xff, 0xb8, 0xa8, 0xff, 0xff, 0x94,
    0x0, 0x0, 0x0, 0x0, 0x0, 0x0, 0x88, 0xff,
    0xff, 0xb8, 0xa8, 0xff, 0xff, 0x94, 0x0, 0x0,
    0x0, 0x0, 0x0, 0x0, 0x88, 0xff, 0xff, 0xb8,
    0xa8, 0xff, 0xff, 0x94, 0x0, 0x0, 0x0, 0x0,
    0x0, 0x0, 0x88, 0xff, 0xff, 0xb8, 0xa8, 0xff,
    0xff, 0x94, 0x0, 0x0, 0x0, 0x0, 0x0, 0x0,
    0x88, 0xff, 0xff, 0xb8, 0xa8, 0xff, 0xff, 0x94,
    0x0, 0x0, 0x0, 0x0, 0x0, 0x0, 0x88, 0xff,
    0xff, 0xb8, 0xa8, 0xff, 0xff, 0x94, 0x0, 0x0,
    0x0, 0x0, 0x0, 0x0, 0x88, 0xff, 0xff, 0xb8,
    0xa8, 0xff, 0xff, 0x94, 0x0, 0x0, 0x0, 0x0,
    0x0, 0x0, 0x88, 0xff, 0xff, 0xb8, 0xa8, 0xff,
    0xff, 0x94, 0x0, 0x0, 0x0, 0x0, 0x0, 0x0,
    0x88, 0xff, 0xff, 0xb8, 0xa8, 0xff, 0xff, 0x94,
    0x0, 0x0, 0x0, 0x0, 0x0, 0x0, 0x88, 0xff,
    0xff, 0xb8, 0x9f, 0xff, 0xff, 0xa1, 0x0, 0x0,
    0x0, 0x0, 0x0, 0x0, 0x95, 0xff, 0xff, 0xad,
    0x87, 0xff, 0xff, 0xc9, 0x0, 0x0, 0x0, 0x0,
    0x0, 0x0, 0xbe, 0xff, 0xff, 0x93, 0x4d, 0xff,
    0xff, 0xff, 0x3c, 0x0, 0x0, 0x0, 0x0, 0x31,
    0xfe, 0xff, 0xff, 0x56, 0x7, 0xe5, 0xff, 0xff,
    0xef, 0x5f, 0x14, 0x13, 0x5b, 0xec, 0xff, 0xff,
    0xe9, 0x8, 0x0, 0x57, 0xff, 0xff, 0xff, 0xff,
    0xff, 0xff, 0xff, 0xff, 0xff, 0xff, 0x57, 0x0,
    0x0, 0x0, 0x6e, 0xfc, 0xff, 0xff, 0xff, 0xff,
    0xff, 0xff, 0xf9, 0x66, 0x0, 0x0, 0x0, 0x0,
    0x0, 0x27, 0x96, 0xd8, 0xf5, 0xf5, 0xd7, 0x90,
    0x20, 0x0, 0x0, 0x0,

    /* U+016B "ū" */
    0x0, 0x0, 0xa8, 0xff, 0xff, 0xff, 0xff, 0xff,
    0xff, 0x70, 0x0, 0x0, 0x0, 0x0, 0xa8, 0xff,
    0xff, 0xff, 0xff, 0xff, 0xff, 0x70, 0x0, 0x0,
    0x0, 0x0, 0x3c, 0x5c, 0x5c, 0x5c, 0x5c, 0x5c,
    0x5c, 0x28, 0x0, 0x0, 0x0, 0x0, 0x0, 0x0,
    0x0, 0x0, 0x0, 0x0, 0x0, 0x0, 0x0, 0x0,
    0x0, 0x0, 0x0, 0x0, 0x0, 0x0, 0x0, 0x0,
    0x0, 0x0, 0x0, 0x0, 0xc0, 0xff, 0xff, 0x64,
    0x0, 0x0, 0x0, 0x0, 0xb8, 0xff, 0xff, 0x70,
    0xc0, 0xff, 0xff, 0x64, 0x0, 0x0, 0x0, 0x0,
    0xb8, 0xff, 0xff, 0x70, 0xc0, 0xff, 0xff, 0x64,
    0x0, 0x0, 0x0, 0x0, 0xb8, 0xff, 0xff, 0x70,
    0xc0, 0xff, 0xff, 0x64, 0x0, 0x0, 0x0, 0x0,
    0xb8, 0xff, 0xff, 0x70, 0xc0, 0xff, 0xff, 0x64,
    0x0, 0x0, 0x0, 0x0, 0xb8, 0xff, 0xff, 0x70,
    0xc0, 0xff, 0xff, 0x64, 0x0, 0x0, 0x0, 0x0,
    0xb9, 0xff, 0xff, 0x70, 0xc0, 0xff, 0xff, 0x65,
    0x0, 0x0, 0x0, 0x0, 0xd5, 0xff, 0xff, 0x70,
    0xb8, 0xff, 0xff, 0x82, 0x0, 0x0, 0x0, 0x23,
    0xfc, 0xff, 0xff, 0x70, 0x99, 0xff, 0xff, 0xe5,
    0x25, 0x0, 0x15, 0xc6, 0xff, 0xff, 0xff, 0x70,
    0x4e, 0xff, 0xff, 0xff, 0xfe, 0xe5, 0xf9, 0xff,
    0xff, 0xff, 0xff, 0x70, 0x1, 0xba, 0xff, 0xff,
    0xff, 0xff, 0xff, 0xea, 0xae, 0xff, 0xff, 0x70,
    0x0, 0xa, 0x88, 0xde, 0xfa, 0xe8, 0xa1, 0x1e,
    0x84, 0xff, 0xff, 0x70,

    /* U+016C "Ŭ" */
    0x0, 0x0, 0x0, 0x1c, 0x80, 0x7f, 0x20, 0x1b,
    0x7e, 0x80, 0x20, 0x0, 0x0, 0x0, 0x0, 0x0,
    0x0, 0xe, 0xea, 0xff, 0xff, 0xff, 0xff, 0xed,
    0x12, 0x0, 0x0, 0x0, 0x0, 0x0, 0x0, 0x0,
    0x32, 0xcc, 0xff, 0xff, 0xd1, 0x37, 0x0, 0x0,
    0x0, 0x0, 0x0, 0x0, 0x0, 0x0, 0x0, 0x0,
    0xf, 0x12, 0x0, 0x0, 0x0, 0x0, 0x0, 0x0,
    0x0, 0x0, 0x0, 0x0, 0x0, 0x0, 0x0, 0x0,
    0x0, 0x0, 0x0, 0x0, 0x0, 0x0, 0xa8, 0xff,
    0xff, 0x94, 0x0, 0x0, 0x0, 0x0, 0x0, 0x0,
    0x88, 0xff, 0xff, 0xb8, 0xa8, 0xff, 0xff, 0x94,
    0x0, 0x0, 0x0, 0x0, 0x0, 0x0, 0x88, 0xff,
    0xff, 0xb8, 0xa8, 0xff, 0xff, 0x94, 0x0, 0x0,
    0x0, 0x0, 0x0, 0x0, 0x88, 0xff, 0xff, 0xb8,
    0xa8, 0xff, 0xff, 0x94, 0x0, 0x0, 0x0, 0x0,
    0x0, 0x0, 0x88, 0xff, 0xff, 0xb8, 0xa8, 0xff,
    0xff, 0x94, 0x0, 0x0, 0x0, 0x0, 0x0, 0x0,
    0x88, 0xff, 0xff, 0xb8, 0xa8, 0xff, 0xff, 0x94,
    0x0, 0x0, 0x0, 0x0, 0x0, 0x0, 0x88, 0xff,
    0xff, 0xb8, 0xa8, 0xff, 0xff, 0x94, 0x0, 0x0,
    0x0, 0x0, 0x0, 0x0, 0x88, 0xff, 0xff, 0xb8,
    0xa8, 0xff, 0xff, 0x94, 0x0, 0x0, 0x0, 0x0,
    0x0, 0x0, 0x88, 0xff, 0xff, 0xb8, 0xa8, 0xff,
    0xff, 0x94, 0x0, 0x0, 0x0, 0x0, 0x0, 0x0,
    0x88, 0xff, 0xff, 0xb8, 0xa8, 0xff, 0xff, 0x94,
    0x0, 0x0, 0x0, 0x0, 0x0, 0x0, 0x88, 0xff,
    0xff, 0xb8, 0x9f, 0xff, 0xff, 0xa1, 0x0, 0x0,
    0x0, 0x0, 0x0, 0x0, 0x95, 0xff, 0xff, 0xad,
    0x87, 0xff, 0xff, 0xc9, 0x0, 0x0, 0x0, 0x0,
    0x0, 0x0, 0xbe, 0xff, 0xff, 0x93, 0x4d, 0xff,
    0xff, 0xff, 0x3c, 0x0, 0x0, 0x0, 0x0, 0x31,
    0xfe, 0xff, 0xff, 0x56, 0x7, 0xe5, 0xff, 0xff,
    0xef, 0x5f, 0x14, 0x13, 0x5b, 0xec, 0xff, 0xff,
    0xe9, 0x8, 0x0, 0x57, 0xff, 0xff, 0xff, 0xff,
    0xff, 0xff, 0xff, 0xff, 0xff, 0xff, 0x57, 0x0,
    0x0, 0x0, 0x6e, 0xfc, 0xff, 0xff, 0xff, 0xff,
    0xff, 0xff, 0xf9, 0x66, 0x0, 0x0, 0x0, 0x0,
    0x0, 0x27, 0x96, 0xd8, 0xf5, 0xf5, 0xd7, 0x90,
    0x20, 0x0, 0x0, 0x0,

    /* U+016D "ŭ" */
    0x0, 0x0, 0x4b, 0xff, 0xf6, 0x24, 0x42, 0xff,
    0xff, 0x1b, 0x0, 0x0, 0x0, 0x0, 0xa, 0xdd,
    0xff, 0xff, 0xff, 0xff, 0xbb, 0x0, 0x0, 0x0,
    0x0, 0x0, 0x0, 0x29, 0xc5, 0xff, 0xfd, 0xb2,
    0x17, 0x0, 0x0, 0x0, 0x0, 0x0, 0x0, 0x0,
    0x0, 0xf, 0xb, 0x0, 0x0, 0x0, 0x0, 0x0,
    0x0, 0x0, 0x0, 0x0, 0x0, 0x0, 0x0, 0x0,
    0x0, 0x0, 0x0, 0x0, 0xc0, 0xff, 0xff, 0x64,
    0x0, 0x0, 0x0, 0x0, 0xb8, 0xff, 0xff, 0x70,
    0xc0, 0xff, 0xff, 0x64, 0x0, 0x0, 0x0, 0x0,
    0xb8, 0xff, 0xff, 0x70, 0xc0, 0xff, 0xff, 0x64,
    0x0, 0x0, 0x0, 0x0, 0xb8, 0xff, 0xff, 0x70,
    0xc0, 0xff, 0xff, 0x64, 0x0, 0x0, 0x0, 0x0,
    0xb8, 0xff, 0xff, 0x70, 0xc0, 0xff, 0xff, 0x64,
    0x0, 0x0, 0x0, 0x0, 0xb8, 0xff, 0xff, 0x70,
    0xc0, 0xff, 0xff, 0x64, 0x0, 0x0, 0x0, 0x0,
    0xb9, 0xff, 0xff, 0x70, 0xc0, 0xff, 0xff, 0x65,
    0x0, 0x0, 0x0, 0x0, 0xd5, 0xff, 0xff, 0x70,
    0xb8, 0xff, 0xff, 0x82, 0x0, 0x0, 0x0, 0x23,
    0xfc, 0xff, 0xff, 0x70, 0x99, 0xff, 0xff, 0xe5,
    0x25, 0x0, 0x15, 0xc6, 0xff, 0xff, 0xff, 0x70,
    0x4e, 0xff, 0xff, 0xff, 0xfe, 0xe5, 0xf9, 0xff,
    0xff, 0xff, 0xff, 0x70, 0x1, 0xba, 0xff, 0xff,
    0xff, 0xff, 0xff, 0xea, 0xae, 0xff, 0xff, 0x70,
    0x0, 0xa, 0x88, 0xde, 0xfa, 0xe8, 0xa1, 0x1e,
    0x84, 0xff, 0xff, 0x70,

    /* U+016E "Ů" */
    0x0, 0x0, 0x0, 0x0, 0x0, 0x76, 0xe5, 0xe6,
    0x79, 0x0, 0x0, 0x0, 0x0, 0x0, 0x0, 0x0,
    0x0, 0x0, 0x4d, 0xff, 0xea, 0xe8, 0xff, 0x54,
    0x0, 0x0, 0x0, 0x0, 0x0, 0x0, 0x0, 0x0,
    0x87, 0xff, 0x49, 0x42, 0xff, 0x8e, 0x0, 0x0,
    0x0, 0x0, 0x0, 0x0, 0x0, 0x0, 0x51, 0xff,
    0xe7, 0xe5, 0xff, 0x57, 0x0, 0x0, 0x0, 0x0,
    0x0, 0x0, 0x0, 0x0, 0x0, 0x7d, 0xe8, 0xe8,
    0x80, 0x0, 0x0, 0x0, 0x0, 0x0, 0x0, 0x0,
    0x0, 0x0, 0x0, 0x0, 0x0, 0x0, 0x0, 0x0,
    0x0, 0x0, 0x0, 0x0, 0xa8, 0xff, 0xff, 0x94,
    0x0, 0x0, 0x0, 0x0, 0x0, 0x0, 0x88, 0xff,
    0xff, 0xb8, 0xa8, 0xff, 0xff, 0x94, 0x0, 0x0,
    0x0, 0x0, 0x0, 0x0, 0x88, 0xff, 0xff, 0xb8,
    0xa8, 0xff, 0xff, 0x94, 0x0, 0x0, 0x0, 0x0,
    0x0, 0x0, 0x88, 0xff, 0xff, 0xb8, 0xa8, 0xff,
    0xff, 0x94, 0x0, 0x0, 0x0, 0x0, 0x0, 0x0,
    0x88, 0xff, 0xff, 0xb8, 0xa8, 0xff, 0xff, 0x94,
    0x0, 0x0, 0x0, 0x0, 0x0, 0x0, 0x88, 0xff,
    0xff, 0xb8, 0xa8, 0xff, 0xff, 0x94, 0x0, 0x0,
    0x0, 0x0, 0x0, 0x0, 0x88, 0xff, 0xff, 0xb8,
    0xa8, 0xff, 0xff, 0x94, 0x0, 0x0, 0x0, 0x0,
    0x0, 0x0, 0x88, 0xff, 0xff, 0xb8, 0xa8, 0xff,
    0xff, 0x94, 0x0, 0x0, 0x0, 0x0, 0x0, 0x0,
    0x88, 0xff, 0xff, 0xb8, 0xa8, 0xff, 0xff, 0x94,
    0x0, 0x0, 0x0, 0x0, 0x0, 0x0, 0x88, 0xff,
    0xff, 0xb8, 0xa8, 0xff, 0xff, 0x94, 0x0, 0x0,
    0x0, 0x0, 0x0, 0x0, 0x88, 0xff, 0xff, 0xb8,
    0x9f, 0xff, 0xff, 0xa1, 0x0, 0x0, 0x0, 0x0,
    0x0, 0x0, 0x95, 0xff, 0xff, 0xad, 0x87, 0xff,
    0xff, 0xc9, 0x0, 0x0, 0x0, 0x0, 0x0, 0x0,
    0xbe, 0xff, 0xff, 0x93, 0x4d, 0xff, 0xff, 0xff,
    0x3c, 0x0, 0x0, 0x0, 0x0, 0x31, 0xfe, 0xff,
    0xff, 0x56, 0x7, 0xe5, 0xff, 0xff, 0xef, 0x5f,
    0x14, 0x13, 0x5b, 0xec, 0xff, 0xff, 0xe9, 0x8,
    0x0, 0x57, 0xff, 0xff, 0xff, 0xff, 0xff, 0xff,
    0xff, 0xff, 0xff, 0xff, 0x57, 0x0, 0x0, 0x0,
    0x6e, 0xfc, 0xff, 0xff, 0xff, 0xff, 0xff, 0xff,
    0xf9, 0x66, 0x0, 0x0, 0x0, 0x0, 0x0, 0x27,
    0x96, 0xd8, 0xf5, 0xf5, 0xd7, 0x90, 0x20, 0x0,
    0x0, 0x0,

    /* U+016F "ů" */
    0x0, 0x0, 0x0, 0x3, 0x8d, 0xeb, 0xdf, 0x61,
    0x0, 0x0, 0x0, 0x0, 0x0, 0x0, 0x0, 0x6d,
    0xff, 0xe2, 0xf0, 0xfe, 0x35, 0x0, 0x0, 0x0,
    0x0, 0x0, 0x0, 0xa7, 0xff, 0x2a, 0x5a, 0xff,
    0x6e, 0x0, 0x0, 0x0, 0x0, 0x0, 0x0, 0x6f,
    0xff, 0xe2, 0xf0, 0xfe, 0x37, 0x0, 0x0, 0x0,
    0x0, 0x0, 0x0, 0x4, 0x91, 0xed, 0xe2, 0x65,
    0x0, 0x0, 0x0, 0x0, 0x0, 0x0, 0x0, 0x0,
    0x0, 0x0, 0x0, 0x0, 0x0, 0x0, 0x0, 0x0,
    0x0, 0x0, 0x0, 0x0, 0x0, 0x0, 0x0, 0x0,
    0x0, 0x0, 0x0, 0x0, 0xc0, 0xff, 0xff, 0x64,
    0x0, 0x0, 0x0, 0x0, 0xb8, 0xff, 0xff, 0x70,
    0xc0, 0xff, 0xff, 0x64, 0x0, 0x0, 0x0, 0x0,
    0xb8, 0xff, 0xff, 0x70, 0xc0, 0xff, 0xff, 0x64,
    0x0, 0x0, 0x0, 0x0, 0xb8, 0xff, 0xff, 0x70,
    0xc0, 0xff, 0xff, 0x64, 0x0, 0x0, 0x0, 0x0,
    0xb8, 0xff, 0xff, 0x70, 0xc0, 0xff, 0xff, 0x64,
    0x0, 0x0, 0x0, 0x0, 0xb8, 0xff, 0xff, 0x70,
    0xc0, 0xff, 0xff, 0x64, 0x0, 0x0, 0x0, 0x0,
    0xb9, 0xff, 0xff, 0x70, 0xc0, 0xff, 0xff, 0x65,
    0x0, 0x0, 0x0, 0x0, 0xd5, 0xff, 0xff, 0x70,
    0xb8, 0xff, 0xff, 0x82, 0x0, 0x0, 0x0, 0x23,
    0xfc, 0xff, 0xff, 0x70, 0x99, 0xff, 0xff, 0xe5,
    0x25, 0x0, 0x15, 0xc6, 0xff, 0xff, 0xff, 0x70,
    0x4e, 0xff, 0xff, 0xff, 0xfe, 0xe5, 0xf9, 0xff,
    0xff, 0xff, 0xff, 0x70, 0x1, 0xba, 0xff, 0xff,
    0xff, 0xff, 0xff, 0xea, 0xae, 0xff, 0xff, 0x70,
    0x0, 0xa, 0x88, 0xde, 0xfa, 0xe8, 0xa1, 0x1e,
    0x84, 0xff, 0xff, 0x70,

    /* U+0170 "Ű" */
    0x0, 0x0, 0x0, 0x6, 0xf1, 0xff, 0xff, 0x86,
    0x39, 0xff, 0xff, 0xff, 0x47, 0x0, 0x0, 0x0,
    0x0, 0x49, 0xff, 0xff, 0xd4, 0x7, 0x89, 0xff,
    0xff, 0x9b, 0x0, 0x0, 0x0, 0x0, 0x0, 0x99,
    0xff, 0xfc, 0x35, 0x0, 0xd8, 0xff, 0xe2, 0xe,
    0x0, 0x0, 0x0, 0x0, 0x0, 0x2f, 0x3c, 0x2e,
    0x0, 0x2, 0x3c, 0x3c, 0x1f, 0x0, 0x0, 0x0,
    0x0, 0x0, 0x0, 0x0, 0x0, 0x0, 0x0, 0x0,
    0x0, 0x0, 0x0, 0x0, 0x0, 0x0, 0xa8, 0xff,
    0xff, 0x94, 0x0, 0x0, 0x0, 0x0, 0x0, 0x0,
    0x88, 0xff, 0xff, 0xb8, 0xa8, 0xff, 0xff, 0x94,
    0x0, 0x0, 0x0, 0x0, 0x0, 0x0, 0x88, 0xff,
    0xff, 0xb8, 0xa8, 0xff, 0xff, 0x94, 0x0, 0x0,
    0x0, 0x0, 0x0, 0x0, 0x88, 0xff, 0xff, 0xb8,
    0xa8, 0xff, 0xff, 0x94, 0x0, 0x0, 0x0, 0x0,
    0x0, 0x0, 0x88, 0xff, 0xff, 0xb8, 0xa8, 0xff,
    0xff, 0x94, 0x0, 0x0, 0x0, 0x0, 0x0, 0x0,
    0x88, 0xff, 0xff, 0xb8, 0xa8, 0xff, 0xff, 0x94,
    0x0, 0x0, 0x0, 0x0, 0x0, 0x0, 0x88, 0xff,
    0xff, 0xb8, 0xa8, 0xff, 0xff, 0x94, 0x0, 0x0,
    0x0, 0x0, 0x0, 0x0, 0x88, 0xff, 0xff, 0xb8,
    0xa8, 0xff, 0xff, 0x94, 0x0, 0x0, 0x0, 0x0,
    0x0, 0x0, 0x88, 0xff, 0xff, 0xb8, 0xa8, 0xff,
    0xff, 0x94, 0x0, 0x0, 0x0, 0x0, 0x0, 0x0,
    0x88, 0xff, 0xff, 0xb8, 0xa8, 0xff, 0xff, 0x94,
    0x0, 0x0, 0x0, 0x0, 0x0, 0x0, 0x88, 0xff,
    0xff, 0xb8, 0x9f, 0xff, 0xff, 0xa1, 0x0, 0x0,
    0x0, 0x0, 0x0, 0x0, 0x95, 0xff, 0xff, 0xad,
    0x87, 0xff, 0xff, 0xc9, 0x0, 0x0, 0x0, 0x0,
    0x0, 0x0, 0xbe, 0xff, 0xff, 0x93, 0x4d, 0xff,
    0xff, 0xff, 0x3c, 0x0, 0x0, 0x0, 0x0, 0x31,
    0xfe, 0xff, 0xff, 0x56, 0x7, 0xe5, 0xff, 0xff,
    0xef, 0x5f, 0x14, 0x13, 0x5b, 0xec, 0xff, 0xff,
    0xe9, 0x8, 0x0, 0x57, 0xff, 0xff, 0xff, 0xff,
    0xff, 0xff, 0xff, 0xff, 0xff, 0xff, 0x57, 0x0,
    0x0, 0x0, 0x6e, 0xfc, 0xff, 0xff, 0xff, 0xff,
    0xff, 0xff, 0xf9, 0x66, 0x0, 0x0, 0x0, 0x0,
    0x0, 0x27, 0x96, 0xd8, 0xf5, 0xf5, 0xd7, 0x90,
    0x20, 0x0, 0x0, 0x0,

    /* U+0171 "ű" */
    0x0, 0x0, 0x8, 0xf4, 0xff, 0xff, 0x81, 0x41,
    0xff, 0xff, 0xfe, 0x3f, 0x0, 0x0, 0x4c, 0xff,
    0xff, 0xd1, 0x5, 0x91, 0xff, 0xff, 0x92, 0x0,
    0x0, 0x0, 0x9b, 0xff, 0xfa, 0x30, 0x0, 0xe1,
    0xff, 0xdc, 0xa, 0x0, 0x0, 0x0, 0x2c, 0x38,
    0x2a, 0x0, 0x4, 0x38, 0x38, 0x1b, 0x0, 0x0,
    0x0, 0x0, 0x0, 0x0, 0x0, 0x0, 0x0, 0x0,
    0x0, 0x0, 0x0, 0x0, 0xc0, 0xff, 0xff, 0x64,
    0x0, 0x0, 0x0, 0x0, 0xb8, 0xff, 0xff, 0x70,
    0xc0, 0xff, 0xff, 0x64, 0x0, 0x0, 0x0, 0x0,
    0xb8, 0xff, 0xff, 0x70, 0xc0, 0xff, 0xff, 0x64,
    0x0, 0x0, 0x0, 0x0, 0xb8, 0xff, 0xff, 0x70,
    0xc0, 0xff, 0xff, 0x64, 0x0, 0x0, 0x0, 0x0,
    0xb8, 0xff, 0xff, 0x70, 0xc0, 0xff, 0xff, 0x64,
    0x0, 0x0, 0x0, 0x0, 0xb8, 0xff, 0xff, 0x70,
    0xc0, 0xff, 0xff, 0x64, 0x0, 0x0, 0x0, 0x0,
    0xb9, 0xff, 0xff, 0x70, 0xc0, 0xff, 0xff, 0x65,
    0x0, 0x0, 0x0, 0x0, 0xd5, 0xff, 0xff, 0x70,
    0xb8, 0xff, 0xff, 0x82, 0x0, 0x0, 0x0, 0x23,
    0xfc, 0xff, 0xff, 0x70, 0x99, 0xff, 0xff, 0xe5,
    0x25, 0x0, 0x15, 0xc6, 0xff, 0xff, 0xff, 0x70,
    0x4e, 0xff, 0xff, 0xff, 0xfe, 0xe5, 0xf9, 0xff,
    0xff, 0xff, 0xff, 0x70, 0x1, 0xba, 0xff, 0xff,
    0xff, 0xff, 0xff, 0xea, 0xae, 0xff, 0xff, 0x70,
    0x0, 0xa, 0x88, 0xde, 0xfa, 0xe8, 0xa1, 0x1e,
    0x84, 0xff, 0xff, 0x70,

    /* U+0172 "Ų" */
    0xa8, 0xff, 0xff, 0x94, 0x0, 0x0, 0x0, 0x0,
    0x0, 0x0, 0x88, 0xff, 0xff, 0xb8, 0xa8, 0xff,
    0xff, 0x94, 0x0, 0x0, 0x0, 0x0, 0x0, 0x0,
    0x88, 0xff, 0xff, 0xb8, 0xa8, 0xff, 0xff, 0x94,
    0x0, 0x0, 0x0, 0x0, 0x0, 0x0, 0x88, 0xff,
    0xff, 0xb8, 0xa8, 0xff, 0xff, 0x94, 0x0, 0x0,
    0x0, 0x0, 0x0, 0x0, 0x88, 0xff, 0xff, 0xb8,
    0xa8, 0xff, 0xff, 0x94, 0x0, 0x0, 0x0, 0x0,
    0x0, 0x0, 0x88, 0xff, 0xff, 0xb8, 0xa8, 0xff,
    0xff, 0x94, 0x0, 0x0, 0x0, 0x0, 0x0, 0x0,
    0x88, 0xff, 0xff, 0xb8, 0xa8, 0xff, 0xff, 0x94,
    0x0, 0x0, 0x0, 0x0, 0x0, 0x0, 0x88, 0xff,
    0xff, 0xb8, 0xa8, 0xff, 0xff, 0x94, 0x0, 0x0,
    0x0, 0x0, 0x0, 0x0, 0x88, 0xff, 0xff, 0xb8,
    0xa8, 0xff, 0xff, 0x94, 0x0, 0x0, 0x0, 0x0,
    0x0, 0x0, 0x88, 0xff, 0xff, 0xb8, 0xa8, 0xff,
    0xff, 0x94, 0x0, 0x0, 0x0, 0x0, 0x0, 0x0,
    0x88, 0xff, 0xff, 0xb8, 0xa0, 0xff, 0xff, 0x9f,
    0x0, 0x0, 0x0, 0x0, 0x0, 0x0, 0x94, 0xff,
    0xff, 0xac, 0x8a, 0xff, 0xff, 0xc6, 0x0, 0x0,
    0x0, 0x0, 0x0, 0x0, 0xbb, 0xff, 0xff, 0x92,
    0x53, 0xff, 0xff, 0xff, 0x35, 0x0, 0x0, 0x0,
    0x0, 0x2b, 0xfd, 0xff, 0xff, 0x55, 0x9, 0xeb,
    0xff, 0xff, 0xe9, 0x50, 0x6, 0x5, 0x4b, 0xe5,
    0xff, 0xff, 0xec, 0x8, 0x0, 0x65, 0xff, 0xff,
    0xff, 0xff, 0xfe, 0xfe, 0xff, 0xff, 0xff, 0xff,
    0x58, 0x0, 0x0, 0x0, 0x84, 0xff, 0xff, 0xff,
    0xff, 0xff, 0xff, 0xff, 0xfd, 0x71, 0x0, 0x0,
    0x0, 0x0, 0x0, 0x3b, 0xab, 0xe7, 0xfd, 0xff,
    0xff, 0xe2, 0x43, 0x0, 0x0, 0x0, 0x0, 0x0,
    0x0, 0x0, 0x0, 0x4, 0xc1, 0xff, 0xd5, 0x15,
    0x0, 0x0, 0x0, 0x0, 0x0, 0x0, 0x0, 0x0,
    0x0, 0x5b, 0xff, 0xff, 0x48, 0x0, 0x0, 0x0,
    0x0, 0x0, 0x0, 0x0, 0x0, 0x0, 0x0, 0x71,
    0xff, 0xff, 0x92, 0x3c, 0x0, 0x0, 0x0, 0x0,
    0x0, 0x0, 0x0, 0x0, 0x0, 0x2e, 0xfb, 0xff,
    0xff, 0xf8, 0x14, 0x0, 0x0, 0x0, 0x0, 0x0,
    0x0, 0x0, 0x0, 0x0, 0x52, 0xd2, 0xf7, 0xe2,
    0x44, 0x0, 0x0, 0x0,

    /* U+0173 "ų" */
    0xc0, 0xff, 0xff, 0x64, 0x0, 0x0, 0x0, 0x0,
    0xb8, 0xff, 0xff, 0x70, 0x0, 0xc0, 0xff, 0xff,
    0x64, 0x0, 0x0, 0x0, 0x0, 0xb8, 0xff, 0xff,
    0x70, 0x0, 0xc0, 0xff, 0xff, 0x64, 0x0, 0x0,
    0x0, 0x0, 0xb8, 0xff, 0xff, 0x70, 0x0, 0xc0,
    0xff, 0xff, 0x64, 0x0, 0x0, 0x0, 0x0, 0xb8,
    0xff, 0xff, 0x70, 0x0, 0xc0, 0xff, 0xff, 0x64,
    0x0, 0x0, 0x0, 0x0, 0xb8, 0xff, 0xff, 0x70,
    0x0, 0xc0, 0xff, 0xff, 0x64, 0x0, 0x0, 0x0,
    0x0, 0xb9, 0xff, 0xff, 0x70, 0x0, 0xc0, 0xff,
    0xff, 0x65, 0x0, 0x0, 0x0, 0x0, 0xd5, 0xff,
    0xff, 0x70, 0x0, 0xb8, 0xff, 0xff, 0x82, 0x0,
    0x0, 0x0, 0x23, 0xfc, 0xff, 0xff, 0x70, 0x0,
    0x99, 0xff, 0xff, 0xe5, 0x25, 0x0, 0x15, 0xc6,
    0xff, 0xff, 0xff, 0x70, 0x0, 0x4e, 0xff, 0xff,
    0xff, 0xfe, 0xe5, 0xf9, 0xff, 0xff, 0xff, 0xff,
    0x70, 0x0, 0x1, 0xba, 0xff, 0xff, 0xff, 0xff,
    0xff, 0xdf, 0x9d, 0xff, 0xff, 0x70, 0x0, 0x0,
    0xa, 0x88, 0xde, 0xfa, 0xe7, 0x9a, 0x16, 0x87,
    0xff, 0xff, 0x5a, 0x0, 0x0, 0x0, 0x0, 0x0,
    0x0, 0x0, 0x0, 0x3b, 0xf8, 0xff, 0x6f, 0x0,
    0x0, 0x0, 0x0, 0x0, 0x0, 0x0, 0x0, 0x0,
    0xbf, 0xff, 0xda, 0x0, 0x0, 0x0, 0x0, 0x0,
    0x0, 0x0, 0x0, 0x0, 0x0, 0xd5, 0xff, 0xf9,
    0x55, 0x22, 0x0, 0x0, 0x0, 0x0, 0x0, 0x0,
    0x0, 0x0, 0x8c, 0xff, 0xff, 0xff, 0xaa, 0x0,
    0x0, 0x0, 0x0, 0x0, 0x0, 0x0, 0x0, 0x9,
    0x8f, 0xe5, 0xf7, 0xc6, 0x4,

    /* U+0174 "Ŵ" */
    0x0, 0x0, 0x0, 0x0, 0x0, 0x0, 0x0, 0x0,
    0x0, 0x58, 0xfc, 0xff, 0xfe, 0x61, 0x0, 0x0,
    0x0, 0x0, 0x0, 0x0, 0x0, 0x0, 0x0, 0x0,
    0x0, 0x0, 0x0, 0x0, 0x0, 0x0, 0x0, 0x59,
    0xfc, 0xff, 0xe3, 0xff, 0xfc, 0x55, 0x0, 0x0,
    0x0, 0x0, 0x0, 0x0, 0x0, 0x0, 0x0, 0x0,
    0x0, 0x0, 0x0, 0x0, 0x0, 0x40, 0xe0, 0xe4,
    0xb5, 0x8, 0xa6, 0xe4, 0xde, 0x37, 0x0, 0x0,
    0x0, 0x0, 0x0, 0x0, 0x0, 0x0, 0x0, 0x0,
    0x0, 0x0, 0x0, 0x0, 0x0, 0x0, 0x0, 0x0,
    0x0, 0x0, 0x0, 0x0, 0x0, 0x0, 0x0, 0x0,
    0x0, 0x0, 0x0, 0x0, 0x79, 0xff, 0xff, 0xee,
    0x3, 0x0, 0x0, 0x0, 0x0, 0x0, 0x0, 0x0,
    0x0, 0x0, 0x0, 0x0, 0x0, 0x0, 0xf, 0xfd,
    0xff, 0xff, 0x61, 0x31, 0xff, 0xff, 0xff, 0x36,
    0x0, 0x0, 0x0, 0x0, 0x0, 0x0, 0x0, 0x0,
    0x0, 0x0, 0x0, 0x0, 0x0, 0x4d, 0xff, 0xff,
    0xff, 0x1d, 0x1, 0xe8, 0xff, 0xff, 0x7b, 0x0,
    0x0, 0x0, 0x0, 0x10, 0xb7, 0xb8, 0xb8, 0x20,
    0x0, 0x0, 0x0, 0x0, 0x8d, 0xff, 0xff, 0xd7,
    0x0, 0x0, 0xa2, 0xff, 0xff, 0xc0, 0x0, 0x0,
    0x0, 0x0, 0x5d, 0xff, 0xff, 0xff, 0x74, 0x0,
    0x0, 0x0, 0x0, 0xce, 0xff, 0xff, 0x93, 0x0,
    0x0, 0x5a, 0xff, 0xff, 0xf9, 0xb, 0x0, 0x0,
    0x0, 0xaf, 0xff, 0xff, 0xff, 0xc7, 0x0, 0x0,
    0x0, 0x10, 0xfd, 0xff, 0xff, 0x4e, 0x0, 0x0,
    0x14, 0xfd, 0xff, 0xff, 0x4a, 0x0, 0x0, 0xb,
    0xf6, 0xff, 0xff, 0xff, 0xfe, 0x1c, 0x0, 0x0,
    0x4f, 0xff, 0xff, 0xfb, 0xe, 0x0, 0x0, 0x0,
    0xcb, 0xff, 0xff, 0x8e, 0x0, 0x0, 0x54, 0xff,
    0xff, 0xfc, 0xff, 0xff, 0x6d, 0x0, 0x0, 0x8f,
    0xff, 0xff, 0xc5, 0x0, 0x0, 0x0, 0x0, 0x84,
    0xff, 0xff, 0xd3, 0x0, 0x0, 0xa7, 0xff, 0xff,
    0x82, 0xff, 0xff, 0xc1, 0x0, 0x0, 0xcf, 0xff,
    0xff, 0x80, 0x0, 0x0, 0x0, 0x0, 0x3c, 0xff,
    0xff, 0xff, 0x19, 0x7, 0xf2, 0xff, 0xf9, 0xe,
    0xee, 0xff, 0xfd, 0x17, 0x11, 0xfd, 0xff, 0xff,
    0x3b, 0x0, 0x0, 0x0, 0x0, 0x4, 0xf0, 0xff,
    0xff, 0x5d, 0x4c, 0xff, 0xff, 0xb6, 0x0, 0xa3,
    0xff, 0xff, 0x67, 0x50, 0xff, 0xff, 0xf2, 0x4,
    0x0, 0x0, 0x0, 0x0, 0x0, 0xad, 0xff, 0xff,
    0x99, 0x98, 0xff, 0xff, 0x62, 0x0, 0x4f, 0xff,
    0xff, 0xb2, 0x89, 0xff, 0xff, 0xb2, 0x0, 0x0,
    0x0, 0x0, 0x0, 0x0, 0x66, 0xff, 0xff, 0xd6,
    0xe0, 0xff, 0xfb, 0x12, 0x0, 0x8, 0xf2, 0xff,
    0xf2, 0xc9, 0xff, 0xff, 0x6d, 0x0, 0x0, 0x0,
    0x0, 0x0, 0x0, 0x1e, 0xff, 0xff, 0xff, 0xff,
    0xff, 0xba, 0x0, 0x0, 0x0, 0xa7, 0xff, 0xff,
    0xff, 0xff, 0xff, 0x28, 0x0, 0x0, 0x0, 0x0,
    0x0, 0x0, 0x0, 0xd7, 0xff, 0xff, 0xff, 0xff,
    0x66, 0x0, 0x0, 0x0, 0x53, 0xff, 0xff, 0xff,
    0xff, 0xe4, 0x0, 0x0, 0x0, 0x0, 0x0, 0x0,
    0x0, 0x0, 0x8f, 0xff, 0xff, 0xff, 0xfc, 0x15,
    0x0, 0x0, 0x0, 0x9, 0xf4, 0xff, 0xff, 0xff,
    0x9f, 0x0, 0x0, 0x0, 0x0, 0x0, 0x0, 0x0,
    0x0, 0x48, 0xff, 0xff, 0xff, 0xbe, 0x0, 0x0,
    0x0, 0x0, 0x0, 0xab, 0xff, 0xff, 0xff, 0x5a,
    0x0, 0x0, 0x0, 0x0, 0x0, 0x0, 0x0, 0x0,
    0x9, 0xf7, 0xff, 0xff, 0x6a, 0x0, 0x0, 0x0,
    0x0, 0x0, 0x56, 0xff, 0xff, 0xfe, 0x17, 0x0,
    0x0, 0x0, 0x0,

    /* U+0175 "ŵ" */
    0x0, 0x0, 0x0, 0x0, 0x0, 0x0, 0x0, 0x45,
    0xf7, 0xff, 0xff, 0x72, 0x0, 0x0, 0x0, 0x0,
    0x0, 0x0, 0x0, 0x0, 0x0, 0x0, 0x0, 0x0,
    0x0, 0x0, 0x42, 0xf6, 0xff, 0xe6, 0xff, 0xfe,
    0x61, 0x0, 0x0, 0x0, 0x0, 0x0, 0x0, 0x0,
    0x0, 0x0, 0x0, 0x0, 0x0, 0x33, 0xe9, 0xf4,
    0xcf, 0xe, 0xa0, 0xf4, 0xf0, 0x49, 0x0, 0x0,
    0x0, 0x0, 0x0, 0x0, 0x0, 0x0, 0x0, 0x0,
    0x0, 0x0, 0x0, 0x0, 0x0, 0x0, 0x0, 0x0,
    0x0, 0x0, 0x0, 0x0, 0x0, 0x0, 0x0, 0x0,
    0x0, 0x0, 0x0, 0x0, 0x0, 0x0, 0x0, 0x0,
    0x0, 0x0, 0x0, 0x0, 0x0, 0x0, 0x0, 0x0,
    0x0, 0x0, 0x0, 0x0, 0xc0, 0xff, 0xff, 0xc0,
    0x0, 0x0, 0x0, 0x19, 0xfe, 0xff, 0xff, 0x73,
    0x0, 0x0, 0x0, 0x61, 0xff, 0xff, 0xfc, 0x13,
    0x70, 0xff, 0xff, 0xf8, 0x9, 0x0, 0x0, 0x67,
    0xff, 0xff, 0xff, 0xc4, 0x0, 0x0, 0x0, 0xa2,
    0xff, 0xff, 0xbf, 0x0, 0x20, 0xff, 0xff, 0xff,
    0x44, 0x0, 0x0, 0xb6, 0xff, 0xff, 0xff, 0xfd,
    0x17, 0x0, 0x0, 0xe3, 0xff, 0xff, 0x6e, 0x0,
    0x0, 0xcf, 0xff, 0xff, 0x86, 0x0, 0xd, 0xf8,
    0xff, 0xff, 0xff, 0xff, 0x65, 0x0, 0x25, 0xff,
    0xff, 0xff, 0x1f, 0x0, 0x0, 0x7f, 0xff, 0xff,
    0xc8, 0x0, 0x55, 0xff, 0xff, 0xce, 0xff, 0xff,
    0xb5, 0x0, 0x67, 0xff, 0xff, 0xce, 0x0, 0x0,
    0x0, 0x2f, 0xff, 0xff, 0xfc, 0xe, 0xa4, 0xff,
    0xff, 0x3c, 0xee, 0xff, 0xf8, 0xd, 0xa8, 0xff,
    0xff, 0x7d, 0x0, 0x0, 0x0, 0x0, 0xdd, 0xff,
    0xff, 0x50, 0xee, 0xff, 0xe6, 0x1, 0xa4, 0xff,
    0xff, 0x56, 0xe8, 0xff, 0xff, 0x2d, 0x0, 0x0,
    0x0, 0x0, 0x8e, 0xff, 0xff, 0xd5, 0xff, 0xff,
    0x98, 0x0, 0x54, 0xff, 0xff, 0xd5, 0xff, 0xff,
    0xdd, 0x0, 0x0, 0x0, 0x0, 0x0, 0x3e, 0xff,
    0xff, 0xff, 0xff, 0xff, 0x49, 0x0, 0xc, 0xf7,
    0xff, 0xff, 0xff, 0xff, 0x8c, 0x0, 0x0, 0x0,
    0x0, 0x0, 0x2, 0xea, 0xff, 0xff, 0xff, 0xf2,
    0x7, 0x0, 0x0, 0xb4, 0xff, 0xff, 0xff, 0xff,
    0x3c, 0x0, 0x0, 0x0, 0x0, 0x0, 0x0, 0x9d,
    0xff, 0xff, 0xff, 0xaa, 0x0, 0x0, 0x0, 0x64,
    0xff, 0xff, 0xff, 0xe9, 0x2, 0x0, 0x0, 0x0,
    0x0, 0x0, 0x0, 0x4c, 0xff, 0xff, 0xff, 0x5b,
    0x0, 0x0, 0x0, 0x16, 0xfd, 0xff, 0xff, 0x9c,
    0x0, 0x0, 0x0, 0x0,

    /* U+0176 "Ŷ" */
    0x0, 0x0, 0x0, 0x0, 0x0, 0x3d, 0xf3, 0xff,
    0xff, 0x84, 0x0, 0x0, 0x0, 0x0, 0x0, 0x0,
    0x0, 0x0, 0x0, 0x3d, 0xf3, 0xff, 0xe2, 0xff,
    0xff, 0x77, 0x0, 0x0, 0x0, 0x0, 0x0, 0x0,
    0x0, 0x29, 0xd8, 0xe4, 0xc9, 0x10, 0x88, 0xe4,
    0xe3, 0x52, 0x0, 0x0, 0x0, 0x0, 0x0, 0x0,
    0x0, 0x0, 0x0, 0x0, 0x0, 0x0, 0x0, 0x0,
    0x0, 0x0, 0x0, 0x0, 0x67, 0xff, 0xff, 0xff,
    0x75, 0x0, 0x0, 0x0, 0x0, 0x0, 0x35, 0xfe,
    0xff, 0xff, 0xaf, 0x1, 0xc2, 0xff, 0xff, 0xf4,
    0x1c, 0x0, 0x0, 0x0, 0x1, 0xc8, 0xff, 0xff,
    0xf3, 0x1c, 0x0, 0x27, 0xf8, 0xff, 0xff, 0xad,
    0x0, 0x0, 0x0, 0x61, 0xff, 0xff, 0xff, 0x6f,
    0x0, 0x0, 0x0, 0x7d, 0xff, 0xff, 0xff, 0x48,
    0x0, 0xf, 0xe8, 0xff, 0xff, 0xcc, 0x3, 0x0,
    0x0, 0x0, 0x5, 0xd4, 0xff, 0xff, 0xdc, 0x8,
    0x8f, 0xff, 0xff, 0xfc, 0x32, 0x0, 0x0, 0x0,
    0x0, 0x0, 0x39, 0xfd, 0xff, 0xff, 0xa8, 0xfb,
    0xff, 0xff, 0x8f, 0x0, 0x0, 0x0, 0x0, 0x0,
    0x0, 0x0, 0x93, 0xff, 0xff, 0xff, 0xff, 0xff,
    0xe2, 0xc, 0x0, 0x0, 0x0, 0x0, 0x0, 0x0,
    0x0, 0xd, 0xe3, 0xff, 0xff, 0xff, 0xff, 0x4f,
    0x0, 0x0, 0x0, 0x0, 0x0, 0x0, 0x0, 0x0,
    0x0, 0x4d, 0xff, 0xff, 0xff, 0xaf, 0x0, 0x0,
    0x0, 0x0, 0x0, 0x0, 0x0, 0x0, 0x0, 0x0,
    0x0, 0xec, 0xff, 0xff, 0x50, 0x0, 0x0, 0x0,
    0x0, 0x0, 0x0, 0x0, 0x0, 0x0, 0x0, 0x0,
    0xec, 0xff, 0xff, 0x50, 0x0, 0x0, 0x0, 0x0,
    0x0, 0x0, 0x0, 0x0, 0x0, 0x0, 0x0, 0xec,
    0xff, 0xff, 0x50, 0x0, 0x0, 0x0, 0x0, 0x0,
    0x0, 0x0, 0x0, 0x0, 0x0, 0x0, 0xec, 0xff,
    0xff, 0x50, 0x0, 0x0, 0x0, 0x0, 0x0, 0x0,
    0x0, 0x0, 0x0, 0x0, 0x0, 0xec, 0xff, 0xff,
    0x50, 0x0, 0x0, 0x0, 0x0, 0x0, 0x0, 0x0,
    0x0, 0x0, 0x0, 0x0, 0xec, 0xff, 0xff, 0x50,
    0x0, 0x0, 0x0, 0x0, 0x0, 0x0, 0x0, 0x0,
    0x0, 0x0, 0x0, 0xec, 0xff, 0xff, 0x50, 0x0,
    0x0, 0x0, 0x0, 0x0, 0x0, 0x0, 0x0, 0x0,
    0x0, 0x0, 0xec, 0xff, 0xff, 0x50, 0x0, 0x0,
    0x0, 0x0, 0x0,

    /* U+0177 "ŷ" */
    0x0, 0x0, 0x0, 0x0, 0x3d, 0xf4, 0xff, 0xff,
    0x82, 0x0, 0x0, 0x0, 0x0, 0x0, 0x0, 0x0,
    0x0, 0x3a, 0xf3, 0xff, 0xe6, 0xff, 0xff, 0x6f,
    0x0, 0x0, 0x0, 0x0, 0x0, 0x0, 0x2b, 0xe5,
    0xf4, 0xd6, 0x12, 0x95, 0xf4, 0xf2, 0x53, 0x0,
    0x0, 0x0, 0x0, 0x0, 0x0, 0x0, 0x0, 0x0,
    0x0, 0x0, 0x0, 0x0, 0x0, 0x0, 0x0, 0x0,
    0x0, 0x0, 0x0, 0x0, 0x0, 0x0, 0x0, 0x0,
    0x0, 0x0, 0x0, 0x0, 0x0, 0x0, 0xb0, 0xff,
    0xff, 0xde, 0x2, 0x0, 0x0, 0x0, 0x0, 0x88,
    0xff, 0xff, 0xeb, 0x8, 0x3f, 0xff, 0xff, 0xff,
    0x4b, 0x0, 0x0, 0x0, 0x5, 0xe8, 0xff, 0xff,
    0x85, 0x0, 0x0, 0xce, 0xff, 0xff, 0xb5, 0x0,
    0x0, 0x0, 0x54, 0xff, 0xff, 0xfb, 0x1b, 0x0,
    0x0, 0x5d, 0xff, 0xff, 0xfd, 0x21, 0x0, 0x0,
    0xba, 0xff, 0xff, 0xa7, 0x0, 0x0, 0x0, 0x5,
    0xe6, 0xff, 0xff, 0x89, 0x0, 0x22, 0xfe, 0xff,
    0xff, 0x38, 0x0, 0x0, 0x0, 0x0, 0x7b, 0xff,
    0xff, 0xec, 0x7, 0x87, 0xff, 0xff, 0xca, 0x0,
    0x0, 0x0, 0x0, 0x0, 0x13, 0xf6, 0xff, 0xff,
    0x63, 0xe7, 0xff, 0xff, 0x5b, 0x0, 0x0, 0x0,
    0x0, 0x0, 0x0, 0x9a, 0xff, 0xff, 0xf6, 0xff,
    0xff, 0xe6, 0x5, 0x0, 0x0, 0x0, 0x0, 0x0,
    0x0, 0x2a, 0xfe, 0xff, 0xff, 0xff, 0xff, 0x7d,
    0x0, 0x0, 0x0, 0x0, 0x0, 0x0, 0x0, 0x0,
    0xb8, 0xff, 0xff, 0xff, 0xf8, 0x16, 0x0, 0x0,
    0x0, 0x0, 0x0, 0x0, 0x0, 0x0, 0x47, 0xff,
    0xff, 0xff, 0x9f, 0x0, 0x0, 0x0, 0x0, 0x0,
    0x0, 0x0, 0x0, 0x0, 0x1a, 0xfe, 0xff, 0xff,
    0x31, 0x0, 0x0, 0x0, 0x0, 0x0, 0x0, 0x0,
    0x0, 0x0, 0x88, 0xff, 0xff, 0xc2, 0x0, 0x0,
    0x0, 0x0, 0x0, 0x0, 0x0, 0x0, 0x0, 0xc,
    0xef, 0xff, 0xff, 0x53, 0x0, 0x0, 0x0, 0x0,
    0x0, 0x0, 0x0, 0x0, 0x0, 0x71, 0xff, 0xff,
    0xe1, 0x3, 0x0, 0x0, 0x0, 0x0, 0x0, 0x0,
    0x0, 0x0, 0x4, 0xe0, 0xff, 0xff, 0x75, 0x0,
    0x0, 0x0, 0x0, 0x0, 0x0, 0x0, 0x0, 0x0,
    0x5a, 0xff, 0xff, 0xf5, 0x11, 0x0, 0x0, 0x0,
    0x0, 0x0, 0x0, 0x0,

    /* U+0178 "Ÿ" */
    0x0, 0x0, 0x0, 0x5, 0xb0, 0xf3, 0x84, 0x0,
    0x3b, 0xe3, 0xdd, 0x30, 0x0, 0x0, 0x0, 0x0,
    0x0, 0x0, 0x45, 0xff, 0xff, 0xff, 0xe, 0xb1,
    0xff, 0xff, 0xa1, 0x0, 0x0, 0x0, 0x0, 0x0,
    0x0, 0x1d, 0xf4, 0xff, 0xd7, 0x1, 0x7d, 0xff,
    0xff, 0x6d, 0x0, 0x0, 0x0, 0x0, 0x0, 0x0,
    0x0, 0x23, 0x5b, 0x13, 0x0, 0x1, 0x4b, 0x46,
    0x0, 0x0, 0x0, 0x0, 0x0, 0x0, 0x0, 0x0,
    0x0, 0x0, 0x0, 0x0, 0x0, 0x0, 0x0, 0x0,
    0x0, 0x0, 0x0, 0x67, 0xff, 0xff, 0xff, 0x75,
    0x0, 0x0, 0x0, 0x0, 0x0, 0x35, 0xfe, 0xff,
    0xff, 0xaf, 0x1, 0xc2, 0xff, 0xff, 0xf4, 0x1c,
    0x0, 0x0, 0x0, 0x1, 0xc8, 0xff, 0xff, 0xf3,
    0x1c, 0x0, 0x27, 0xf8, 0xff, 0xff, 0xad, 0x0,
    0x0, 0x0, 0x61, 0xff, 0xff, 0xff, 0x6f, 0x0,
    0x0, 0x0, 0x7d, 0xff, 0xff, 0xff, 0x48, 0x0,
    0xf, 0xe8, 0xff, 0xff, 0xcc, 0x3, 0x0, 0x0,
    0x0, 0x5, 0xd4, 0xff, 0xff, 0xdc, 0x8, 0x8f,
    0xff, 0xff, 0xfc, 0x32, 0x0, 0x0, 0x0, 0x0,
    0x0, 0x39, 0xfd, 0xff, 0xff, 0xa8, 0xfb, 0xff,
    0xff, 0x8f, 0x0, 0x0, 0x0, 0x0, 0x0, 0x0,
    0x0, 0x93, 0xff, 0xff, 0xff, 0xff, 0xff, 0xe2,
    0xc, 0x0, 0x0, 0x0, 0x0, 0x0, 0x0, 0x0,
    0xd, 0xe3, 0xff, 0xff, 0xff, 0xff, 0x4f, 0x0,
    0x0, 0x0, 0x0, 0x0, 0x0, 0x0, 0x0, 0x0,
    0x4d, 0xff, 0xff, 0xff, 0xaf, 0x0, 0x0, 0x0,
    0x0, 0x0, 0x0, 0x0, 0x0, 0x0, 0x0, 0x0,
    0xec, 0xff, 0xff, 0x50, 0x0, 0x0, 0x0, 0x0,
    0x0, 0x0, 0x0, 0x0, 0x0, 0x0, 0x0, 0xec,
    0xff, 0xff, 0x50, 0x0, 0x0, 0x0, 0x0, 0x0,
    0x0, 0x0, 0x0, 0x0, 0x0, 0x0, 0xec, 0xff,
    0xff, 0x50, 0x0, 0x0, 0x0, 0x0, 0x0, 0x0,
    0x0, 0x0, 0x0, 0x0, 0x0, 0xec, 0xff, 0xff,
    0x50, 0x0, 0x0, 0x0, 0x0, 0x0, 0x0, 0x0,
    0x0, 0x0, 0x0, 0x0, 0xec, 0xff, 0xff, 0x50,
    0x0, 0x0, 0x0, 0x0, 0x0, 0x0, 0x0, 0x0,
    0x0, 0x0, 0x0, 0xec, 0xff, 0xff, 0x50, 0x0,
    0x0, 0x0, 0x0, 0x0, 0x0, 0x0, 0x0, 0x0,
    0x0, 0x0, 0xec, 0xff, 0xff, 0x50, 0x0, 0x0,
    0x0, 0x0, 0x0, 0x0, 0x0, 0x0, 0x0, 0x0,
    0x0, 0xec, 0xff, 0xff, 0x50, 0x0, 0x0, 0x0,
    0x0, 0x0,

    /* U+0179 "Ź" */
    0x0, 0x0, 0x0, 0x0, 0x0, 0x0, 0xe, 0x3c,
    0x3c, 0x3c, 0x17, 0x0, 0x0, 0x0, 0x0, 0x0,
    0x0, 0x0, 0x0, 0x0, 0x6f, 0xff, 0xff, 0xe7,
    0x12, 0x0, 0x0, 0x0, 0x0, 0x0, 0x0, 0x0,
    0x0, 0x0, 0xc0, 0xff, 0xff, 0x4d, 0x0, 0x0,
    0x0, 0x0, 0x0, 0x0, 0x0, 0x0, 0x0, 0x13,
    0xfc, 0xff, 0xa1, 0x0, 0x0, 0x0, 0x0, 0x0,
    0x0, 0x0, 0x0, 0x0, 0x0, 0x0, 0x0, 0x0,
    0x0, 0x0, 0x0, 0x0, 0x0, 0x0, 0x0, 0xd8,
    0xff, 0xff, 0xff, 0xff, 0xff, 0xff, 0xff, 0xff,
    0xff, 0xff, 0xff, 0x40, 0x0, 0xd8, 0xff, 0xff,
    0xff, 0xff, 0xff, 0xff, 0xff, 0xff, 0xff, 0xff,
    0xff, 0x40, 0x0, 0xd8, 0xff, 0xff, 0xff, 0xff,
    0xff, 0xff, 0xff, 0xff, 0xff, 0xff, 0xff, 0x40,
    0x0, 0x6, 0x8, 0x8, 0x8, 0x8, 0x8, 0x8,
    0x16, 0xda, 0xff, 0xff, 0xe9, 0x18, 0x0, 0x0,
    0x0, 0x0, 0x0, 0x0, 0x0, 0x1, 0xb3, 0xff,
    0xff, 0xfa, 0x3d, 0x0, 0x0, 0x0, 0x0, 0x0,
    0x0, 0x0, 0x0, 0x85, 0xff, 0xff, 0xff, 0x6b,
    0x0, 0x0, 0x0, 0x0, 0x0, 0x0, 0x0, 0x0,
    0x55, 0xff, 0xff, 0xff, 0x9d, 0x0, 0x0, 0x0,
    0x0, 0x0, 0x0, 0x0, 0x0, 0x2f, 0xf5, 0xff,
    0xff, 0xc8, 0x7, 0x0, 0x0, 0x0, 0x0, 0x0,
    0x0, 0x0, 0x14, 0xdf, 0xff, 0xff, 0xe7, 0x1b,
    0x0, 0x0, 0x0, 0x0, 0x0, 0x0, 0x0, 0x4,
    0xbe, 0xff, 0xff, 0xfa, 0x3b, 0x0, 0x0, 0x0,
    0x0, 0x0, 0x0, 0x0, 0x0, 0x93, 0xff, 0xff,
    0xff, 0x68, 0x0, 0x0, 0x0, 0x0, 0x0, 0x0,
    0x0, 0x0, 0x62, 0xff, 0xff, 0xff, 0x9b, 0x0,
    0x0, 0x0, 0x0, 0x0, 0x0, 0x0, 0x0, 0x38,
    0xf9, 0xff, 0xff, 0xc6, 0x6, 0x0, 0x0, 0x0,
    0x0, 0x0, 0x0, 0x0, 0x15, 0xe6, 0xff, 0xff,
    0xe9, 0x21, 0x8, 0x8, 0x8, 0x8, 0x8, 0x8,
    0x8, 0x2, 0x3c, 0xff, 0xff, 0xff, 0xff, 0xff,
    0xff, 0xff, 0xff, 0xff, 0xff, 0xff, 0xff, 0x58,
    0x3c, 0xff, 0xff, 0xff, 0xff, 0xff, 0xff, 0xff,
    0xff, 0xff, 0xff, 0xff, 0xff, 0x58, 0x3c, 0xff,
    0xff, 0xff, 0xff, 0xff, 0xff, 0xff, 0xff, 0xff,
    0xff, 0xff, 0xff, 0x58,

    /* U+017A "ź" */
    0x0, 0x0, 0x0, 0x0, 0x0, 0x78, 0xff, 0xff,
    0xed, 0x18, 0x0, 0x0, 0x0, 0x0, 0x0, 0x0,
    0xc8, 0xff, 0xff, 0x5a, 0x0, 0x0, 0x0, 0x0,
    0x0, 0x0, 0x18, 0xfe, 0xff, 0xaf, 0x0, 0x0,
    0x0, 0x0, 0x0, 0x0, 0x0, 0xf, 0x38, 0x38,
    0xf, 0x0, 0x0, 0x0, 0x0, 0x0, 0x0, 0x0,
    0x0, 0x0, 0x0, 0x0, 0x0, 0x0, 0x0, 0xc,
    0xff, 0xff, 0xff, 0xff, 0xff, 0xff, 0xff, 0xff,
    0xff, 0xa0, 0xc, 0xff, 0xff, 0xff, 0xff, 0xff,
    0xff, 0xff, 0xff, 0xff, 0xa0, 0x7, 0xa8, 0xa8,
    0xa8, 0xa8, 0xa8, 0xca, 0xff, 0xff, 0xff, 0x8a,
    0x0, 0x0, 0x0, 0x0, 0x0, 0x19, 0xe1, 0xff,
    0xff, 0xc3, 0x8, 0x0, 0x0, 0x0, 0x0, 0xd,
    0xd0, 0xff, 0xff, 0xd7, 0x12, 0x0, 0x0, 0x0,
    0x0, 0x5, 0xba, 0xff, 0xff, 0xe6, 0x1f, 0x0,
    0x0, 0x0, 0x0, 0x0, 0xa1, 0xff, 0xff, 0xf2,
    0x31, 0x0, 0x0, 0x0, 0x0, 0x0, 0x85, 0xff,
    0xff, 0xfb, 0x46, 0x0, 0x0, 0x0, 0x0, 0x0,
    0x67, 0xff, 0xff, 0xff, 0x5f, 0x0, 0x0, 0x0,
    0x0, 0x0, 0x29, 0xfc, 0xff, 0xff, 0xec, 0xa8,
    0xa8, 0xa8, 0xa8, 0xa8, 0x7b, 0x3c, 0xff, 0xff,
    0xff, 0xff, 0xff, 0xff, 0xff, 0xff, 0xff, 0xbc,
    0x3c, 0xff, 0xff, 0xff, 0xff, 0xff, 0xff, 0xff,
    0xff, 0xff, 0xbc,

    /* U+017B "Ż" */
    0x0, 0x0, 0x0, 0x0, 0x0, 0x10, 0xc4, 0xef,
    0x5c, 0x0, 0x0, 0x0, 0x0, 0x0, 0x0, 0x0,
    0x0, 0x0, 0x0, 0x65, 0xff, 0xff, 0xdd, 0x0,
    0x0, 0x0, 0x0, 0x0, 0x0, 0x0, 0x0, 0x0,
    0x0, 0x30, 0xfa, 0xff, 0xa2, 0x0, 0x0, 0x0,
    0x0, 0x0, 0x0, 0x0, 0x0, 0x0, 0x0, 0x0,
    0x26, 0x4b, 0x4, 0x0, 0x0, 0x0, 0x0, 0x0,
    0x0, 0x0, 0x0, 0x0, 0x0, 0x0, 0x0, 0x0,
    0x0, 0x0, 0x0, 0x0, 0x0, 0x0, 0x0, 0xd8,
    0xff, 0xff, 0xff, 0xff, 0xff, 0xff, 0xff, 0xff,
    0xff, 0xff, 0xff, 0x40, 0x0, 0xd8, 0xff, 0xff,
    0xff, 0xff, 0xff, 0xff, 0xff, 0xff, 0xff, 0xff,
    0xff, 0x40, 0x0, 0xd8, 0xff, 0xff, 0xff, 0xff,
    0xff, 0xff, 0xff, 0xff, 0xff, 0xff, 0xff, 0x40,
    0x0, 0x6, 0x8, 0x8, 0x8, 0x8, 0x8, 0x8,
    0x16, 0xda, 0xff, 0xff, 0xe9, 0x18, 0x0, 0x0,
    0x0, 0x0, 0x0, 0x0, 0x0, 0x1, 0xb3, 0xff,
    0xff, 0xfa, 0x3d, 0x0, 0x0, 0x0, 0x0, 0x0,
    0x0, 0x0, 0x0, 0x85, 0xff, 0xff, 0xff, 0x6b,
    0x0, 0x0, 0x0, 0x0, 0x0, 0x0, 0x0, 0x0,
    0x55, 0xff, 0xff, 0xff, 0x9d, 0x0, 0x0, 0x0,
    0x0, 0x0, 0x0, 0x0, 0x0, 0x2f, 0xf5, 0xff,
    0xff, 0xc8, 0x7, 0x0, 0x0, 0x0, 0x0, 0x0,
    0x0, 0x0, 0x14, 0xdf, 0xff, 0xff, 0xe7, 0x1b,
    0x0, 0x0, 0x0, 0x0, 0x0, 0x0, 0x0, 0x4,
    0xbe, 0xff, 0xff, 0xfa, 0x3b, 0x0, 0x0, 0x0,
    0x0, 0x0, 0x0, 0x0, 0x0, 0x93, 0xff, 0xff,
    0xff, 0x68, 0x0, 0x0, 0x0, 0x0, 0x0, 0x0,
    0x0, 0x0, 0x62, 0xff, 0xff, 0xff, 0x9b, 0x0,
    0x0, 0x0, 0x0, 0x0, 0x0, 0x0, 0x0, 0x38,
    0xf9, 0xff, 0xff, 0xc6, 0x6, 0x0, 0x0, 0x0,
    0x0, 0x0, 0x0, 0x0, 0x15, 0xe6, 0xff, 0xff,
    0xe9, 0x21, 0x8, 0x8, 0x8, 0x8, 0x8, 0x8,
    0x8, 0x2, 0x3c, 0xff, 0xff, 0xff, 0xff, 0xff,
    0xff, 0xff, 0xff, 0xff, 0xff, 0xff, 0xff, 0x58,
    0x3c, 0xff, 0xff, 0xff, 0xff, 0xff, 0xff, 0xff,
    0xff, 0xff, 0xff, 0xff, 0xff, 0x58, 0x3c, 0xff,
    0xff, 0xff, 0xff, 0xff, 0xff, 0xff, 0xff, 0xff,
    0xff, 0xff, 0xff, 0x58,

    /* U+017C "ż" */
    0x0, 0x0, 0x0, 0x0, 0x4f, 0xe9, 0xd9, 0x2c,
    0x0, 0x0, 0x0, 0x0, 0x0, 0x0, 0x0, 0xda,
    0xff, 0xff, 0xa2, 0x0, 0x0, 0x0, 0x0, 0x0,
    0x0, 0x0, 0xba, 0xff, 0xff, 0x83, 0x0, 0x0,
    0x0, 0x0, 0x0, 0x0, 0x0, 0x15, 0x85, 0x75,
    0x7, 0x0, 0x0, 0x0, 0x0, 0x0, 0x0, 0x0,
    0x0, 0x0, 0x0, 0x0, 0x0, 0x0, 0x0, 0xc,
    0xff, 0xff, 0xff, 0xff, 0xff, 0xff, 0xff, 0xff,
    0xff, 0xa0, 0xc, 0xff, 0xff, 0xff, 0xff, 0xff,
    0xff, 0xff, 0xff, 0xff, 0xa0, 0x7, 0xa8, 0xa8,
    0xa8, 0xa8, 0xa8, 0xca, 0xff, 0xff, 0xff, 0x8a,
    0x0, 0x0, 0x0, 0x0, 0x0, 0x19, 0xe1, 0xff,
    0xff, 0xc3, 0x8, 0x0, 0x0, 0x0, 0x0, 0xd,
    0xd0, 0xff, 0xff, 0xd7, 0x12, 0x0, 0x0, 0x0,
    0x0, 0x5, 0xba, 0xff, 0xff, 0xe6, 0x1f, 0x0,
    0x0, 0x0, 0x0, 0x0, 0xa1, 0xff, 0xff, 0xf2,
    0x31, 0x0, 0x0, 0x0, 0x0, 0x0, 0x85, 0xff,
    0xff, 0xfb, 0x46, 0x0, 0x0, 0x0, 0x0, 0x0,
    0x67, 0xff, 0xff, 0xff, 0x5f, 0x0, 0x0, 0x0,
    0x0, 0x0, 0x29, 0xfc, 0xff, 0xff, 0xec, 0xa8,
    0xa8, 0xa8, 0xa8, 0xa8, 0x7b, 0x3c, 0xff, 0xff,
    0xff, 0xff, 0xff, 0xff, 0xff, 0xff, 0xff, 0xbc,
    0x3c, 0xff, 0xff, 0xff, 0xff, 0xff, 0xff, 0xff,
    0xff, 0xff, 0xbc,

    /* U+017D "Ž" */
    0x0, 0x0, 0x0, 0x4d, 0x80, 0x80, 0x2c, 0x0,
    0x60, 0x80, 0x80, 0x28, 0x0, 0x0, 0x0, 0x0,
    0x0, 0x18, 0xe2, 0xff, 0xd0, 0x43, 0xfe, 0xff,
    0xac, 0x2, 0x0, 0x0, 0x0, 0x0, 0x0, 0x0,
    0x30, 0xf4, 0xff, 0xff, 0xff, 0xc3, 0x8, 0x0,
    0x0, 0x0, 0x0, 0x0, 0x0, 0x0, 0x0, 0x50,
    0xc8, 0xc8, 0xb7, 0x11, 0x0, 0x0, 0x0, 0x0,
    0x0, 0x0, 0x0, 0x0, 0x0, 0x0, 0x0, 0x0,
    0x0, 0x0, 0x0, 0x0, 0x0, 0x0, 0x0, 0xd8,
    0xff, 0xff, 0xff, 0xff, 0xff, 0xff, 0xff, 0xff,
    0xff, 0xff, 0xff, 0x40, 0x0, 0xd8, 0xff, 0xff,
    0xff, 0xff, 0xff, 0xff, 0xff, 0xff, 0xff, 0xff,
    0xff, 0x40, 0x0, 0xd8, 0xff, 0xff, 0xff, 0xff,
    0xff, 0xff, 0xff, 0xff, 0xff, 0xff, 0xff, 0x40,
    0x0, 0x6, 0x8, 0x8, 0x8, 0x8, 0x8, 0x8,
    0x16, 0xda, 0xff, 0xff, 0xe9, 0x18, 0x0, 0x0,
    0x0, 0x0, 0x0, 0x0, 0x0, 0x1, 0xb3, 0xff,
    0xff, 0xfa, 0x3d, 0x0, 0x0, 0x0, 0x0, 0x0,
    0x0, 0x0, 0x0, 0x85, 0xff, 0xff, 0xff, 0x6b,
    0x0, 0x0, 0x0, 0x0, 0x0, 0x0, 0x0, 0x0,
    0x55, 0xff, 0xff, 0xff, 0x9d, 0x0, 0x0, 0x0,
    0x0, 0x0, 0x0, 0x0, 0x0, 0x2f, 0xf5, 0xff,
    0xff, 0xc8, 0x7, 0x0, 0x0, 0x0, 0x0, 0x0,
    0x0, 0x0, 0x14, 0xdf, 0xff, 0xff, 0xe7, 0x1b,
    0x0, 0x0, 0x0, 0x0, 0x0, 0x0, 0x0, 0x4,
    0xbe, 0xff, 0xff, 0xfa, 0x3b, 0x0, 0x0, 0x0,
    0x0, 0x0, 0x0, 0x0, 0x0, 0x93, 0xff, 0xff,
    0xff, 0x68, 0x0, 0x0, 0x0, 0x0, 0x0, 0x0,
    0x0, 0x0, 0x62, 0xff, 0xff, 0xff, 0x9b, 0x0,
    0x0, 0x0, 0x0, 0x0, 0x0, 0x0, 0x0, 0x38,
    0xf9, 0xff, 0xff, 0xc6, 0x6, 0x0, 0x0, 0x0,
    0x0, 0x0, 0x0, 0x0, 0x15, 0xe6, 0xff, 0xff,
    0xe9, 0x21, 0x8, 0x8, 0x8, 0x8, 0x8, 0x8,
    0x8, 0x2, 0x3c, 0xff, 0xff, 0xff, 0xff, 0xff,
    0xff, 0xff, 0xff, 0xff, 0xff, 0xff, 0xff, 0x58,
    0x3c, 0xff, 0xff, 0xff, 0xff, 0xff, 0xff, 0xff,
    0xff, 0xff, 0xff, 0xff, 0xff, 0x58, 0x3c, 0xff,
    0xff, 0xff, 0xff, 0xff, 0xff, 0xff, 0xff, 0xff,
    0xff, 0xff, 0xff, 0x58,

    /* U+017E "ž" */
    0x0, 0x4, 0xb3, 0xff, 0xfa, 0x3b, 0x5a, 0xff,
    0xff, 0xb1, 0x1, 0x0, 0x0, 0x9, 0xc4, 0xff,
    0xed, 0xf5, 0xff, 0xb8, 0x7, 0x0, 0x0, 0x0,
    0x0, 0x11, 0xd3, 0xff, 0xff, 0xbe, 0x9, 0x0,
    0x0, 0x0, 0x0, 0x0, 0x0, 0x0, 0x0, 0x0,
    0x0, 0x0, 0x0, 0x0, 0x0, 0x0, 0x0, 0x0,
    0x0, 0x0, 0x0, 0x0, 0x0, 0x0, 0x0, 0xc,
    0xff, 0xff, 0xff, 0xff, 0xff, 0xff, 0xff, 0xff,
    0xff, 0xa0, 0xc, 0xff, 0xff, 0xff, 0xff, 0xff,
    0xff, 0xff, 0xff, 0xff, 0xa0, 0x7, 0xa8, 0xa8,
    0xa8, 0xa8, 0xa8, 0xca, 0xff, 0xff, 0xff, 0x8a,
    0x0, 0x0, 0x0, 0x0, 0x0, 0x19, 0xe1, 0xff,
    0xff, 0xc3, 0x8, 0x0, 0x0, 0x0, 0x0, 0xd,
    0xd0, 0xff, 0xff, 0xd7, 0x12, 0x0, 0x0, 0x0,
    0x0, 0x5, 0xba, 0xff, 0xff, 0xe6, 0x1f, 0x0,
    0x0, 0x0, 0x0, 0x0, 0xa1, 0xff, 0xff, 0xf2,
    0x31, 0x0, 0x0, 0x0, 0x0, 0x0, 0x85, 0xff,
    0xff, 0xfb, 0x46, 0x0, 0x0, 0x0, 0x0, 0x0,
    0x67, 0xff, 0xff, 0xff, 0x5f, 0x0, 0x0, 0x0,
    0x0, 0x0, 0x29, 0xfc, 0xff, 0xff, 0xec, 0xa8,
    0xa8, 0xa8, 0xa8, 0xa8, 0x7b, 0x3c, 0xff, 0xff,
    0xff, 0xff, 0xff, 0xff, 0xff, 0xff, 0xff, 0xbc,
    0x3c, 0xff, 0xff, 0xff, 0xff, 0xff, 0xff, 0xff,
    0xff, 0xff, 0xbc,

    /* U+2014 "—" */
    0x7e, 0xc0, 0xc0, 0xc0, 0xc0, 0xc0, 0xc0, 0xc0,
    0xc0, 0xc0, 0xc0, 0xc0, 0xc0, 0xc0, 0xc0, 0xc0,
    0xc0, 0xc0, 0xc0, 0x7e, 0xa8, 0xff, 0xff, 0xff,
    0xff, 0xff, 0xff, 0xff, 0xff, 0xff, 0xff, 0xff,
    0xff, 0xff, 0xff, 0xff, 0xff, 0xff, 0xff, 0xa8,
    0xa8, 0xff, 0xff, 0xff, 0xff, 0xff, 0xff, 0xff,
    0xff, 0xff, 0xff, 0xff, 0xff, 0xff, 0xff, 0xff,
    0xff, 0xff, 0xff, 0xa8,

    /* U+2019 "’" */
    0x29, 0xcf, 0xef, 0x7e, 0x0, 0xb7, 0xff, 0xff,
    0xff, 0x2c, 0xc3, 0xff, 0xff, 0xff, 0x35, 0x3e,
    0xea, 0xff, 0xc3, 0x0, 0x11, 0xe6, 0xf5, 0x25,
    0x0, 0x90, 0xff, 0x6b, 0x0, 0x0, 0x10, 0x74,
    0x1, 0x0, 0x0
};


/*---------------------
 *  GLYPH DESCRIPTION
 *--------------------*/

static const lv_font_fmt_txt_glyph_dsc_t glyph_dsc[] = {
    {.bitmap_index = 0, .adv_w = 0, .box_w = 0, .box_h = 0, .ofs_x = 0, .ofs_y = 0} /* id = 0 reserved */,
    {.bitmap_index = 0, .adv_w = 84, .box_w = 0, .box_h = 0, .ofs_x = 0, .ofs_y = 0},
    {.bitmap_index = 0, .adv_w = 103, .box_w = 5, .box_h = 17, .ofs_x = 1, .ofs_y = 0},
    {.bitmap_index = 85, .adv_w = 146, .box_w = 8, .box_h = 6, .ofs_x = 1, .ofs_y = 11},
    {.bitmap_index = 133, .adv_w = 252, .box_w = 16, .box_h = 16, .ofs_x = 0, .ofs_y = 0},
    {.bitmap_index = 389, .adv_w = 215, .box_w = 13, .box_h = 21, .ofs_x = 0, .ofs_y = -2},
    {.bitmap_index = 662, .adv_w = 323, .box_w = 20, .box_h = 17, .ofs_x = 0, .ofs_y = 0},
    {.bitmap_index = 1002, .adv_w = 248, .box_w = 15, .box_h = 17, .ofs_x = 0, .ofs_y = 0},
    {.bitmap_index = 1257, .adv_w = 79, .box_w = 3, .box_h = 6, .ofs_x = 1, .ofs_y = 11},
    {.bitmap_index = 1275, .adv_w = 138, .box_w = 8, .box_h = 23, .ofs_x = 1, .ofs_y = -4},
    {.bitmap_index = 1459, .adv_w = 138, .box_w = 8, .box_h = 23, .ofs_x = 0, .ofs_y = -4},
    {.bitmap_index = 1643, .adv_w = 178, .box_w = 11, .box_h = 9, .ofs_x = 0, .ofs_y = 8},
    {.bitmap_index = 1742, .adv_w = 218, .box_w = 12, .box_h = 11, .ofs_x = 1, .ofs_y = 1},
    {.bitmap_index = 1874, .adv_w = 104, .box_w = 5, .box_h = 7, .ofs_x = 1, .ofs_y = -3},
    {.bitmap_index = 1909, .adv_w = 173, .box_w = 9, .box_h = 3, .ofs_x = 1, .ofs_y = 6},
    {.bitmap_index = 1936, .adv_w = 103, .box_w = 5, .box_h = 5, .ofs_x = 1, .ofs_y = 0},
    {.bitmap_index = 1961, .adv_w = 184, .box_w = 11, .box_h = 17, .ofs_x = 0, .ofs_y = 0},
    {.bitmap_index = 2148, .adv_w = 254, .box_w = 14, .box_h = 17, .ofs_x = 1, .ofs_y = 0},
    {.bitmap_index = 2386, .adv_w = 163, .box_w = 9, .box_h = 17, .ofs_x = 0, .ofs_y = 0},
    {.bitmap_index = 2539, .adv_w = 209, .box_w = 13, .box_h = 17, .ofs_x = 0, .ofs_y = 0},
    {.bitmap_index = 2760, .adv_w = 215, .box_w = 13, .box_h = 17, .ofs_x = 0, .ofs_y = 0},
    {.bitmap_index = 2981, .adv_w = 237, .box_w = 14, .box_h = 16, .ofs_x = 0, .ofs_y = 0},
    {.bitmap_index = 3205, .adv_w = 220, .box_w = 13, .box_h = 17, .ofs_x = 0, .ofs_y = 0},
    {.bitmap_index = 3426, .adv_w = 218, .box_w = 13, .box_h = 18, .ofs_x = 0, .ofs_y = 0},
    {.bitmap_index = 3660, .adv_w = 210, .box_w = 13, .box_h = 17, .ofs_x = 0, .ofs_y = -1},
    {.bitmap_index = 3881, .adv_w = 221, .box_w = 13, .box_h = 17, .ofs_x = 0, .ofs_y = 0},
    {.bitmap_index = 4102, .adv_w = 218, .box_w = 13, .box_h = 18, .ofs_x = 0, .ofs_y = -1},
    {.bitmap_index = 4336, .adv_w = 103, .box_w = 5, .box_h = 12, .ofs_x = 1, .ofs_y = 0},
    {.bitmap_index = 4396, .adv_w = 104, .box_w = 5, .box_h = 15, .ofs_x = 1, .ofs_y = -3},
    {.bitmap_index = 4471, .adv_w = 204, .box_w = 11, .box_h = 13, .ofs_x = 1, .ofs_y = 0},
    {.bitmap_index = 4614, .adv_w = 223, .box_w = 12, .box_h = 8, .ofs_x = 1, .ofs_y = 4},
    {.bitmap_index = 4710, .adv_w = 204, .box_w = 11, .box_h = 13, .ofs_x = 1, .ofs_y = 0},
    {.bitmap_index = 4853, .adv_w = 197, .box_w = 12, .box_h = 17, .ofs_x = 0, .ofs_y = 0},
    {.bitmap_index = 5057, .adv_w = 337, .box_w = 19, .box_h = 19, .ofs_x = 1, .ofs_y = -2},
    {.bitmap_index = 5418, .adv_w = 275, .box_w = 17, .box_h = 17, .ofs_x = 0, .ofs_y = 0},
    {.bitmap_index = 5707, .adv_w = 242, .box_w = 14, .box_h = 17, .ofs_x = 1, .ofs_y = 0},
    {.bitmap_index = 5945, .adv_w = 282, .box_w = 17, .box_h = 17, .ofs_x = 0, .ofs_y = 0},
    {.bitmap_index = 6234, .adv_w = 276, .box_w = 16, .box_h = 17, .ofs_x = 1, .ofs_y = 0},
    {.bitmap_index = 6506, .adv_w = 222, .box_w = 12, .box_h = 17, .ofs_x = 1, .ofs_y = 0},
    {.bitmap_index = 6710, .adv_w = 214, .box_w = 12, .box_h = 17, .ofs_x = 1, .ofs_y = 0},
    {.bitmap_index = 6914, .adv_w = 311, .box_w = 19, .box_h = 17, .ofs_x = 0, .ofs_y = 0},
    {.bitmap_index = 7237, .adv_w = 275, .box_w = 15, .box_h = 17, .ofs_x = 1, .ofs_y = 0},
    {.bitmap_index = 7492, .adv_w = 107, .box_w = 4, .box_h = 17, .ofs_x = 1, .ofs_y = 0},
    {.bitmap_index = 7560, .adv_w = 213, .box_w = 12, .box_h = 17, .ofs_x = 0, .ofs_y = 0},
    {.bitmap_index = 7764, .adv_w = 257, .box_w = 16, .box_h = 17, .ofs_x = 1, .ofs_y = 0},
    {.bitmap_index = 8036, .adv_w = 205, .box_w = 12, .box_h = 17, .ofs_x = 1, .ofs_y = 0},
    {.bitmap_index = 8240, .adv_w = 329, .box_w = 18, .box_h = 17, .ofs_x = 1, .ofs_y = 0},
    {.bitmap_index = 8546, .adv_w = 278, .box_w = 15, .box_h = 17, .ofs_x = 1, .ofs_y = 0},
    {.bitmap_index = 8801, .adv_w = 316, .box_w = 19, .box_h = 17, .ofs_x = 0, .ofs_y = 0},
    {.bitmap_index = 9124, .adv_w = 227, .box_w = 13, .box_h = 17, .ofs_x = 1, .ofs_y = 0},
    {.bitmap_index = 9345, .adv_w = 316, .box_w = 19, .box_h = 19, .ofs_x = 0, .ofs_y = -2},
    {.bitmap_index = 9706, .adv_w = 238, .box_w = 14, .box_h = 17, .ofs_x = 1, .ofs_y = 0},
    {.bitmap_index = 9944, .adv_w = 221, .box_w = 13, .box_h = 17, .ofs_x = 0, .ofs_y = 0},
    {.bitmap_index = 10165, .adv_w = 224, .box_w = 14, .box_h = 17, .ofs_x = 0, .ofs_y = 0},
    {.bitmap_index = 10403, .adv_w = 257, .box_w = 14, .box_h = 17, .ofs_x = 1, .ofs_y = 0},
    {.bitmap_index = 10641, .adv_w = 261, .box_w = 17, .box_h = 17, .ofs_x = 0, .ofs_y = 0},
    {.bitmap_index = 10930, .adv_w = 366, .box_w = 23, .box_h = 17, .ofs_x = 0, .ofs_y = 0},
    {.bitmap_index = 11321, .adv_w = 264, .box_w = 17, .box_h = 17, .ofs_x = 0, .ofs_y = 0},
    {.bitmap_index = 11610, .adv_w = 245, .box_w = 15, .box_h = 17, .ofs_x = 0, .ofs_y = 0},
    {.bitmap_index = 11865, .adv_w = 229, .box_w = 14, .box_h = 17, .ofs_x = 0, .ofs_y = 0},
    {.bitmap_index = 12103, .adv_w = 135, .box_w = 7, .box_h = 22, .ofs_x = 1, .ofs_y = -3},
    {.bitmap_index = 12257, .adv_w = 184, .box_w = 11, .box_h = 17, .ofs_x = 0, .ofs_y = 0},
    {.bitmap_index = 12444, .adv_w = 135, .box_w = 7, .box_h = 22, .ofs_x = 0, .ofs_y = -3},
    {.bitmap_index = 12598, .adv_w = 198, .box_w = 13, .box_h = 8, .ofs_x = 0, .ofs_y = 10},
    {.bitmap_index = 12702, .adv_w = 192, .box_w = 12, .box_h = 3, .ofs_x = 0, .ofs_y = -5},
    {.bitmap_index = 12738, .adv_w = 170, .box_w = 5, .box_h = 4, .ofs_x = 2, .ofs_y = 14},
    {.bitmap_index = 12758, .adv_w = 205, .box_w = 12, .box_h = 12, .ofs_x = 0, .ofs_y = 0},
    {.bitmap_index = 12902, .adv_w = 230, .box_w = 13, .box_h = 17, .ofs_x = 1, .ofs_y = 0},
    {.bitmap_index = 13123, .adv_w = 209, .box_w = 13, .box_h = 12, .ofs_x = 0, .ofs_y = 0},
    {.bitmap_index = 13279, .adv_w = 230, .box_w = 14, .box_h = 17, .ofs_x = 0, .ofs_y = 0},
    {.bitmap_index = 13517, .adv_w = 214, .box_w = 13, .box_h = 12, .ofs_x = 0, .ofs_y = 0},
    {.bitmap_index = 13673, .adv_w = 152, .box_w = 10, .box_h = 17, .ofs_x = 0, .ofs_y = 0},
    {.bitmap_index = 13843, .adv_w = 229, .box_w = 13, .box_h = 17, .ofs_x = 0, .ofs_y = -5},
    {.bitmap_index = 14064, .adv_w = 220, .box_w = 12, .box_h = 17, .ofs_x = 1, .ofs_y = 0},
    {.bitmap_index = 14268, .adv_w = 99, .box_w = 5, .box_h = 17, .ofs_x = 1, .ofs_y = 0},
    {.bitmap_index = 14353, .adv_w = 99, .box_w = 8, .box_h = 22, .ofs_x = -2, .ofs_y = -5},
    {.bitmap_index = 14529, .adv_w = 204, .box_w = 12, .box_h = 17, .ofs_x = 1, .ofs_y = 0},
    {.bitmap_index = 14733, .adv_w = 93, .box_w = 4, .box_h = 17, .ofs_x = 1, .ofs_y = 0},
    {.bitmap_index = 14801, .adv_w = 338, .box_w = 19, .box_h = 12, .ofs_x = 1, .ofs_y = 0},
    {.bitmap_index = 15029, .adv_w = 220, .box_w = 12, .box_h = 12, .ofs_x = 1, .ofs_y = 0},
    {.bitmap_index = 15173, .adv_w = 221, .box_w = 14, .box_h = 12, .ofs_x = 0, .ofs_y = 0},
    {.bitmap_index = 15341, .adv_w = 229, .box_w = 13, .box_h = 17, .ofs_x = 1, .ofs_y = -5},
    {.bitmap_index = 15562, .adv_w = 229, .box_w = 14, .box_h = 17, .ofs_x = 0, .ofs_y = -5},
    {.bitmap_index = 15800, .adv_w = 156, .box_w = 9, .box_h = 12, .ofs_x = 1, .ofs_y = 0},
    {.bitmap_index = 15908, .adv_w = 185, .box_w = 12, .box_h = 12, .ofs_x = 0, .ofs_y = 0},
    {.bitmap_index = 16052, .adv_w = 154, .box_w = 10, .box_h = 16, .ofs_x = 0, .ofs_y = 0},
    {.bitmap_index = 16212, .adv_w = 220, .box_w = 12, .box_h = 12, .ofs_x = 1, .ofs_y = 0},
    {.bitmap_index = 16356, .adv_w = 214, .box_w = 14, .box_h = 12, .ofs_x = 0, .ofs_y = 0},
    {.bitmap_index = 16524, .adv_w = 309, .box_w = 20, .box_h = 12, .ofs_x = 0, .ofs_y = 0},
    {.bitmap_index = 16764, .adv_w = 197, .box_w = 13, .box_h = 12, .ofs_x = 0, .ofs_y = 0},
    {.bitmap_index = 16920, .adv_w = 212, .box_w = 14, .box_h = 17, .ofs_x = 0, .ofs_y = -5},
    {.bitmap_index = 17158, .adv_w = 184, .box_w = 11, .box_h = 12, .ofs_x = 0, .ofs_y = 0},
    {.bitmap_index = 17290, .adv_w = 129, .box_w = 8, .box_h = 22, .ofs_x = 0, .ofs_y = -3},
    {.bitmap_index = 17466, .adv_w = 101, .box_w = 4, .box_h = 22, .ofs_x = 1, .ofs_y = -3},
    {.bitmap_index = 17554, .adv_w = 129, .box_w = 8, .box_h = 22, .ofs_x = 0, .ofs_y = -3},
    {.bitmap_index = 17730, .adv_w = 213, .box_w = 13, .box_h = 4, .ofs_x = 0, .ofs_y = 5},
    {.bitmap_index = 17782, .adv_w = 84, .box_w = 0, .box_h = 0, .ofs_x = 0, .ofs_y = 0},
    {.bitmap_index = 17782, .adv_w = 103, .box_w = 5, .box_h = 17, .ofs_x = 1, .ofs_y = -5},
    {.bitmap_index = 17867, .adv_w = 207, .box_w = 13, .box_h = 17, .ofs_x = 0, .ofs_y = 0},
    {.bitmap_index = 18088, .adv_w = 207, .box_w = 13, .box_h = 17, .ofs_x = 0, .ofs_y = 0},
    {.bitmap_index = 18309, .adv_w = 234, .box_w = 13, .box_h = 12, .ofs_x = 1, .ofs_y = 2},
    {.bitmap_index = 18465, .adv_w = 243, .box_w = 15, .box_h = 16, .ofs_x = 0, .ofs_y = 0},
    {.bitmap_index = 18705, .adv_w = 101, .box_w = 4, .box_h = 21, .ofs_x = 1, .ofs_y = -3},
    {.bitmap_index = 18789, .adv_w = 215, .box_w = 13, .box_h = 22, .ofs_x = 0, .ofs_y = -5},
    {.bitmap_index = 19075, .adv_w = 174, .box_w = 9, .box_h = 4, .ofs_x = 1, .ofs_y = 14},
    {.bitmap_index = 19111, .adv_w = 204, .box_w = 12, .box_h = 12, .ofs_x = 0, .ofs_y = 6},
    {.bitmap_index = 19255, .adv_w = 190, .box_w = 11, .box_h = 11, .ofs_x = 0, .ofs_y = 6},
    {.bitmap_index = 19376, .adv_w = 234, .box_w = 14, .box_h = 12, .ofs_x = 0, .ofs_y = 0},
    {.bitmap_index = 19544, .adv_w = 228, .box_w = 12, .box_h = 8, .ofs_x = 1, .ofs_y = 2},
    {.bitmap_index = 19640, .adv_w = 173, .box_w = 9, .box_h = 3, .ofs_x = 1, .ofs_y = 6},
    {.bitmap_index = 19667, .adv_w = 204, .box_w = 12, .box_h = 12, .ofs_x = 0, .ofs_y = 6},
    {.bitmap_index = 19811, .adv_w = 160, .box_w = 8, .box_h = 3, .ofs_x = 1, .ofs_y = 14},
    {.bitmap_index = 19835, .adv_w = 125, .box_w = 8, .box_h = 6, .ofs_x = 0, .ofs_y = 10},
    {.bitmap_index = 19883, .adv_w = 218, .box_w = 12, .box_h = 14, .ofs_x = 1, .ofs_y = 0},
    {.bitmap_index = 20051, .adv_w = 122, .box_w = 7, .box_h = 9, .ofs_x = 0, .ofs_y = 8},
    {.bitmap_index = 20114, .adv_w = 129, .box_w = 8, .box_h = 9, .ofs_x = 0, .ofs_y = 8},
    {.bitmap_index = 20186, .adv_w = 170, .box_w = 6, .box_h = 4, .ofs_x = 3, .ofs_y = 14},
    {.bitmap_index = 20210, .adv_w = 220, .box_w = 12, .box_h = 17, .ofs_x = 1, .ofs_y = -5},
    {.bitmap_index = 20414, .adv_w = 247, .box_w = 14, .box_h = 22, .ofs_x = 0, .ofs_y = -5},
    {.bitmap_index = 20722, .adv_w = 82, .box_w = 5, .box_h = 5, .ofs_x = 0, .ofs_y = 6},
    {.bitmap_index = 20747, .adv_w = 158, .box_w = 6, .box_h = 6, .ofs_x = 1, .ofs_y = -6},
    {.bitmap_index = 20783, .adv_w = 104, .box_w = 6, .box_h = 9, .ofs_x = 0, .ofs_y = 8},
    {.bitmap_index = 20837, .adv_w = 205, .box_w = 12, .box_h = 11, .ofs_x = 0, .ofs_y = 6},
    {.bitmap_index = 20969, .adv_w = 234, .box_w = 13, .box_h = 12, .ofs_x = 1, .ofs_y = 0},
    {.bitmap_index = 21125, .adv_w = 296, .box_w = 17, .box_h = 19, .ofs_x = 1, .ofs_y = -1},
    {.bitmap_index = 21448, .adv_w = 310, .box_w = 18, .box_h = 19, .ofs_x = 1, .ofs_y = -1},
    {.bitmap_index = 21790, .adv_w = 324, .box_w = 18, .box_h = 19, .ofs_x = 1, .ofs_y = -1},
    {.bitmap_index = 22132, .adv_w = 193, .box_w = 12, .box_h = 17, .ofs_x = 0, .ofs_y = -5},
    {.bitmap_index = 22336, .adv_w = 275, .box_w = 17, .box_h = 22, .ofs_x = 0, .ofs_y = 0},
    {.bitmap_index = 22710, .adv_w = 275, .box_w = 17, .box_h = 22, .ofs_x = 0, .ofs_y = 0},
    {.bitmap_index = 23084, .adv_w = 275, .box_w = 17, .box_h = 21, .ofs_x = 0, .ofs_y = 0},
    {.bitmap_index = 23441, .adv_w = 275, .box_w = 17, .box_h = 22, .ofs_x = 0, .ofs_y = 0},
    {.bitmap_index = 23815, .adv_w = 275, .box_w = 17, .box_h = 22, .ofs_x = 0, .ofs_y = 0},
    {.bitmap_index = 24189, .adv_w = 275, .box_w = 17, .box_h = 21, .ofs_x = 0, .ofs_y = 0},
    {.bitmap_index = 24546, .adv_w = 386, .box_w = 23, .box_h = 17, .ofs_x = 0, .ofs_y = 0},
    {.bitmap_index = 24937, .adv_w = 282, .box_w = 17, .box_h = 22, .ofs_x = 0, .ofs_y = -5},
    {.bitmap_index = 25311, .adv_w = 222, .box_w = 12, .box_h = 22, .ofs_x = 1, .ofs_y = 0},
    {.bitmap_index = 25575, .adv_w = 222, .box_w = 12, .box_h = 22, .ofs_x = 1, .ofs_y = 0},
    {.bitmap_index = 25839, .adv_w = 222, .box_w = 12, .box_h = 21, .ofs_x = 1, .ofs_y = 0},
    {.bitmap_index = 26091, .adv_w = 222, .box_w = 12, .box_h = 22, .ofs_x = 1, .ofs_y = 0},
    {.bitmap_index = 26355, .adv_w = 107, .box_w = 5, .box_h = 22, .ofs_x = 0, .ofs_y = 0},
    {.bitmap_index = 26465, .adv_w = 107, .box_w = 6, .box_h = 22, .ofs_x = 1, .ofs_y = 0},
    {.bitmap_index = 26597, .adv_w = 107, .box_w = 9, .box_h = 21, .ofs_x = -1, .ofs_y = 0},
    {.bitmap_index = 26786, .adv_w = 107, .box_w = 9, .box_h = 22, .ofs_x = -1, .ofs_y = 0},
    {.bitmap_index = 26984, .adv_w = 299, .box_w = 17, .box_h = 17, .ofs_x = 1, .ofs_y = 0},
    {.bitmap_index = 27273, .adv_w = 278, .box_w = 15, .box_h = 22, .ofs_x = 1, .ofs_y = 0},
    {.bitmap_index = 27603, .adv_w = 316, .box_w = 19, .box_h = 22, .ofs_x = 0, .ofs_y = 0},
    {.bitmap_index = 28021, .adv_w = 316, .box_w = 19, .box_h = 22, .ofs_x = 0, .ofs_y = 0},
    {.bitmap_index = 28439, .adv_w = 316, .box_w = 19, .box_h = 22, .ofs_x = 0, .ofs_y = 0},
    {.bitmap_index = 28857, .adv_w = 316, .box_w = 19, .box_h = 22, .ofs_x = 0, .ofs_y = 0},
    {.bitmap_index = 29275, .adv_w = 316, .box_w = 19, .box_h = 22, .ofs_x = 0, .ofs_y = 0},
    {.bitmap_index = 29693, .adv_w = 235, .box_w = 13, .box_h = 13, .ofs_x = 1, .ofs_y = 0},
    {.bitmap_index = 29862, .adv_w = 316, .box_w = 19, .box_h = 19, .ofs_x = 0, .ofs_y = -1},
    {.bitmap_index = 30223, .adv_w = 257, .box_w = 14, .box_h = 22, .ofs_x = 1, .ofs_y = 0},
    {.bitmap_index = 30531, .adv_w = 257, .box_w = 14, .box_h = 22, .ofs_x = 1, .ofs_y = 0},
    {.bitmap_index = 30839, .adv_w = 257, .box_w = 14, .box_h = 22, .ofs_x = 1, .ofs_y = 0},
    {.bitmap_index = 31147, .adv_w = 257, .box_w = 14, .box_h = 22, .ofs_x = 1, .ofs_y = 0},
    {.bitmap_index = 31455, .adv_w = 245, .box_w = 15, .box_h = 22, .ofs_x = 0, .ofs_y = 0},
    {.bitmap_index = 31785, .adv_w = 227, .box_w = 13, .box_h = 17, .ofs_x = 1, .ofs_y = 0},
    {.bitmap_index = 32006, .adv_w = 225, .box_w = 13, .box_h = 17, .ofs_x = 1, .ofs_y = 0},
    {.bitmap_index = 32227, .adv_w = 205, .box_w = 12, .box_h = 17, .ofs_x = 0, .ofs_y = 0},
    {.bitmap_index = 32431, .adv_w = 205, .box_w = 12, .box_h = 17, .ofs_x = 0, .ofs_y = 0},
    {.bitmap_index = 32635, .adv_w = 205, .box_w = 12, .box_h = 17, .ofs_x = 0, .ofs_y = 0},
    {.bitmap_index = 32839, .adv_w = 205, .box_w = 12, .box_h = 17, .ofs_x = 0, .ofs_y = 0},
    {.bitmap_index = 33043, .adv_w = 205, .box_w = 12, .box_h = 17, .ofs_x = 0, .ofs_y = 0},
    {.bitmap_index = 33247, .adv_w = 205, .box_w = 12, .box_h = 19, .ofs_x = 0, .ofs_y = 0},
    {.bitmap_index = 33475, .adv_w = 341, .box_w = 21, .box_h = 12, .ofs_x = 0, .ofs_y = 0},
    {.bitmap_index = 33727, .adv_w = 209, .box_w = 13, .box_h = 17, .ofs_x = 0, .ofs_y = -5},
    {.bitmap_index = 33948, .adv_w = 214, .box_w = 13, .box_h = 17, .ofs_x = 0, .ofs_y = 0},
    {.bitmap_index = 34169, .adv_w = 214, .box_w = 13, .box_h = 17, .ofs_x = 0, .ofs_y = 0},
    {.bitmap_index = 34390, .adv_w = 214, .box_w = 13, .box_h = 17, .ofs_x = 0, .ofs_y = 0},
    {.bitmap_index = 34611, .adv_w = 214, .box_w = 13, .box_h = 17, .ofs_x = 0, .ofs_y = 0},
    {.bitmap_index = 34832, .adv_w = 99, .box_w = 6, .box_h = 17, .ofs_x = -1, .ofs_y = 0},
    {.bitmap_index = 34934, .adv_w = 99, .box_w = 6, .box_h = 17, .ofs_x = 1, .ofs_y = 0},
    {.bitmap_index = 35036, .adv_w = 99, .box_w = 9, .box_h = 17, .ofs_x = -1, .ofs_y = 0},
    {.bitmap_index = 35189, .adv_w = 99, .box_w = 8, .box_h = 17, .ofs_x = -1, .ofs_y = 0},
    {.bitmap_index = 35325, .adv_w = 222, .box_w = 13, .box_h = 18, .ofs_x = 0, .ofs_y = 0},
    {.bitmap_index = 35559, .adv_w = 220, .box_w = 12, .box_h = 17, .ofs_x = 1, .ofs_y = 0},
    {.bitmap_index = 35763, .adv_w = 221, .box_w = 14, .box_h = 17, .ofs_x = 0, .ofs_y = 0},
    {.bitmap_index = 36001, .adv_w = 221, .box_w = 14, .box_h = 17, .ofs_x = 0, .ofs_y = 0},
    {.bitmap_index = 36239, .adv_w = 221, .box_w = 14, .box_h = 17, .ofs_x = 0, .ofs_y = 0},
    {.bitmap_index = 36477, .adv_w = 221, .box_w = 14, .box_h = 17, .ofs_x = 0, .ofs_y = 0},
    {.bitmap_index = 36715, .adv_w = 221, .box_w = 14, .box_h = 17, .ofs_x = 0, .ofs_y = 0},
    {.bitmap_index = 36953, .adv_w = 218, .box_w = 12, .box_h = 13, .ofs_x = 1, .ofs_y = 0},
    {.bitmap_index = 37109, .adv_w = 221, .box_w = 14, .box_h = 14, .ofs_x = 0, .ofs_y = -1},
    {.bitmap_index = 37305, .adv_w = 220, .box_w = 12, .box_h = 17, .ofs_x = 1, .ofs_y = 0},
    {.bitmap_index = 37509, .adv_w = 220, .box_w = 12, .box_h = 17, .ofs_x = 1, .ofs_y = 0},
    {.bitmap_index = 37713, .adv_w = 220, .box_w = 12, .box_h = 17, .ofs_x = 1, .ofs_y = 0},
    {.bitmap_index = 37917, .adv_w = 220, .box_w = 12, .box_h = 17, .ofs_x = 1, .ofs_y = 0},
    {.bitmap_index = 38121, .adv_w = 212, .box_w = 14, .box_h = 22, .ofs_x = 0, .ofs_y = -5},
    {.bitmap_index = 38429, .adv_w = 230, .box_w = 13, .box_h = 22, .ofs_x = 1, .ofs_y = -5},
    {.bitmap_index = 38715, .adv_w = 212, .box_w = 14, .box_h = 22, .ofs_x = 0, .ofs_y = -5},
    {.bitmap_index = 39023, .adv_w = 275, .box_w = 17, .box_h = 21, .ofs_x = 0, .ofs_y = 0},
    {.bitmap_index = 39380, .adv_w = 205, .box_w = 12, .box_h = 17, .ofs_x = 0, .ofs_y = 0},
    {.bitmap_index = 39584, .adv_w = 275, .box_w = 17, .box_h = 22, .ofs_x = 0, .ofs_y = 0},
    {.bitmap_index = 39958, .adv_w = 205, .box_w = 12, .box_h = 17, .ofs_x = 0, .ofs_y = 0},
    {.bitmap_index = 40162, .adv_w = 275, .box_w = 18, .box_h = 22, .ofs_x = 0, .ofs_y = -5},
    {.bitmap_index = 40558, .adv_w = 205, .box_w = 13, .box_h = 17, .ofs_x = 0, .ofs_y = -5},
    {.bitmap_index = 40779, .adv_w = 282, .box_w = 17, .box_h = 22, .ofs_x = 0, .ofs_y = 0},
    {.bitmap_index = 41153, .adv_w = 209, .box_w = 13, .box_h = 17, .ofs_x = 0, .ofs_y = 0},
    {.bitmap_index = 41374, .adv_w = 282, .box_w = 17, .box_h = 22, .ofs_x = 0, .ofs_y = 0},
    {.bitmap_index = 41748, .adv_w = 209, .box_w = 13, .box_h = 17, .ofs_x = 0, .ofs_y = 0},
    {.bitmap_index = 41969, .adv_w = 282, .box_w = 17, .box_h = 23, .ofs_x = 0, .ofs_y = 0},
    {.bitmap_index = 42360, .adv_w = 209, .box_w = 13, .box_h = 17, .ofs_x = 0, .ofs_y = 0},
    {.bitmap_index = 42581, .adv_w = 282, .box_w = 17, .box_h = 22, .ofs_x = 0, .ofs_y = 0},
    {.bitmap_index = 42955, .adv_w = 209, .box_w = 13, .box_h = 17, .ofs_x = 0, .ofs_y = 0},
    {.bitmap_index = 43176, .adv_w = 276, .box_w = 16, .box_h = 22, .ofs_x = 1, .ofs_y = 0},
    {.bitmap_index = 43528, .adv_w = 274, .box_w = 18, .box_h = 17, .ofs_x = 0, .ofs_y = 0},
    {.bitmap_index = 43834, .adv_w = 273, .box_w = 18, .box_h = 17, .ofs_x = -1, .ofs_y = 0},
    {.bitmap_index = 44140, .adv_w = 228, .box_w = 15, .box_h = 17, .ofs_x = 0, .ofs_y = 0},
    {.bitmap_index = 44395, .adv_w = 222, .box_w = 12, .box_h = 21, .ofs_x = 1, .ofs_y = 0},
    {.bitmap_index = 44647, .adv_w = 214, .box_w = 13, .box_h = 17, .ofs_x = 0, .ofs_y = 0},
    {.bitmap_index = 44868, .adv_w = 222, .box_w = 12, .box_h = 22, .ofs_x = 1, .ofs_y = 0},
    {.bitmap_index = 45132, .adv_w = 214, .box_w = 13, .box_h = 17, .ofs_x = 0, .ofs_y = 0},
    {.bitmap_index = 45353, .adv_w = 222, .box_w = 12, .box_h = 22, .ofs_x = 1, .ofs_y = 0},
    {.bitmap_index = 45617, .adv_w = 214, .box_w = 13, .box_h = 17, .ofs_x = 0, .ofs_y = 0},
    {.bitmap_index = 45838, .adv_w = 222, .box_w = 13, .box_h = 22, .ofs_x = 1, .ofs_y = -5},
    {.bitmap_index = 46124, .adv_w = 214, .box_w = 13, .box_h = 17, .ofs_x = 0, .ofs_y = -5},
    {.bitmap_index = 46345, .adv_w = 222, .box_w = 12, .box_h = 22, .ofs_x = 1, .ofs_y = 0},
    {.bitmap_index = 46609, .adv_w = 214, .box_w = 13, .box_h = 17, .ofs_x = 0, .ofs_y = 0},
    {.bitmap_index = 46830, .adv_w = 311, .box_w = 19, .box_h = 22, .ofs_x = 0, .ofs_y = 0},
    {.bitmap_index = 47248, .adv_w = 229, .box_w = 13, .box_h = 22, .ofs_x = 0, .ofs_y = -5},
    {.bitmap_index = 47534, .adv_w = 311, .box_w = 19, .box_h = 22, .ofs_x = 0, .ofs_y = 0},
    {.bitmap_index = 47952, .adv_w = 229, .box_w = 13, .box_h = 22, .ofs_x = 0, .ofs_y = -5},
    {.bitmap_index = 48238, .adv_w = 311, .box_w = 19, .box_h = 23, .ofs_x = 0, .ofs_y = 0},
    {.bitmap_index = 48675, .adv_w = 229, .box_w = 13, .box_h = 22, .ofs_x = 0, .ofs_y = -5},
    {.bitmap_index = 48961, .adv_w = 311, .box_w = 19, .box_h = 24, .ofs_x = 0, .ofs_y = -7},
    {.bitmap_index = 49417, .adv_w = 229, .box_w = 13, .box_h = 25, .ofs_x = 0, .ofs_y = -5},
    {.bitmap_index = 49742, .adv_w = 275, .box_w = 15, .box_h = 21, .ofs_x = 1, .ofs_y = 0},
    {.bitmap_index = 50057, .adv_w = 220, .box_w = 12, .box_h = 21, .ofs_x = 1, .ofs_y = 0},
    {.bitmap_index = 50309, .adv_w = 275, .box_w = 17, .box_h = 17, .ofs_x = 0, .ofs_y = 0},
    {.bitmap_index = 50598, .adv_w = 220, .box_w = 14, .box_h = 17, .ofs_x = -1, .ofs_y = 0},
    {.bitmap_index = 50836, .adv_w = 107, .box_w = 9, .box_h = 22, .ofs_x = -1, .ofs_y = 0},
    {.bitmap_index = 51034, .adv_w = 99, .box_w = 10, .box_h = 17, .ofs_x = -2, .ofs_y = 0},
    {.bitmap_index = 51204, .adv_w = 107, .box_w = 7, .box_h = 21, .ofs_x = 0, .ofs_y = 0},
    {.bitmap_index = 51351, .adv_w = 99, .box_w = 8, .box_h = 17, .ofs_x = -1, .ofs_y = 0},
    {.bitmap_index = 51487, .adv_w = 107, .box_w = 7, .box_h = 22, .ofs_x = 0, .ofs_y = 0},
    {.bitmap_index = 51641, .adv_w = 99, .box_w = 8, .box_h = 17, .ofs_x = -1, .ofs_y = 0},
    {.bitmap_index = 51777, .adv_w = 107, .box_w = 6, .box_h = 22, .ofs_x = 0, .ofs_y = -5},
    {.bitmap_index = 51909, .adv_w = 99, .box_w = 6, .box_h = 22, .ofs_x = 0, .ofs_y = -5},
    {.bitmap_index = 52041, .adv_w = 107, .box_w = 5, .box_h = 22, .ofs_x = 1, .ofs_y = 0},
    {.bitmap_index = 52151, .adv_w = 99, .box_w = 4, .box_h = 12, .ofs_x = 1, .ofs_y = 0},
    {.bitmap_index = 52199, .adv_w = 213, .box_w = 15, .box_h = 22, .ofs_x = 0, .ofs_y = 0},
    {.bitmap_index = 52529, .adv_w = 99, .box_w = 10, .box_h = 22, .ofs_x = -2, .ofs_y = -5},
    {.bitmap_index = 52749, .adv_w = 255, .box_w = 16, .box_h = 24, .ofs_x = 1, .ofs_y = -7},
    {.bitmap_index = 53133, .adv_w = 202, .box_w = 12, .box_h = 24, .ofs_x = 1, .ofs_y = -7},
    {.bitmap_index = 53421, .adv_w = 197, .box_w = 12, .box_h = 12, .ofs_x = 1, .ofs_y = 0},
    {.bitmap_index = 53565, .adv_w = 205, .box_w = 12, .box_h = 22, .ofs_x = 1, .ofs_y = 0},
    {.bitmap_index = 53829, .adv_w = 93, .box_w = 6, .box_h = 22, .ofs_x = 1, .ofs_y = 0},
    {.bitmap_index = 53961, .adv_w = 205, .box_w = 12, .box_h = 24, .ofs_x = 1, .ofs_y = -7},
    {.bitmap_index = 54249, .adv_w = 93, .box_w = 4, .box_h = 24, .ofs_x = 1, .ofs_y = -7},
    {.bitmap_index = 54345, .adv_w = 205, .box_w = 12, .box_h = 17, .ofs_x = 1, .ofs_y = 0},
    {.bitmap_index = 54549, .adv_w = 147, .box_w = 9, .box_h = 17, .ofs_x = 1, .ofs_y = 0},
    {.bitmap_index = 54702, .adv_w = 205, .box_w = 12, .box_h = 17, .ofs_x = 1, .ofs_y = 0},
    {.bitmap_index = 54906, .adv_w = 237, .box_w = 14, .box_h = 17, .ofs_x = 1, .ofs_y = 0},
    {.bitmap_index = 55144, .adv_w = 161, .box_w = 10, .box_h = 17, .ofs_x = 0, .ofs_y = 0},
    {.bitmap_index = 55314, .adv_w = 278, .box_w = 15, .box_h = 22, .ofs_x = 1, .ofs_y = 0},
    {.bitmap_index = 55644, .adv_w = 220, .box_w = 12, .box_h = 17, .ofs_x = 1, .ofs_y = 0},
    {.bitmap_index = 55848, .adv_w = 278, .box_w = 15, .box_h = 24, .ofs_x = 1, .ofs_y = -7},
    {.bitmap_index = 56208, .adv_w = 220, .box_w = 12, .box_h = 19, .ofs_x = 1, .ofs_y = -7},
    {.bitmap_index = 56436, .adv_w = 278, .box_w = 15, .box_h = 22, .ofs_x = 1, .ofs_y = 0},
    {.bitmap_index = 56766, .adv_w = 220, .box_w = 12, .box_h = 17, .ofs_x = 1, .ofs_y = 0},
    {.bitmap_index = 56970, .adv_w = 278, .box_w = 15, .box_h = 22, .ofs_x = 1, .ofs_y = -5},
    {.bitmap_index = 57300, .adv_w = 220, .box_w = 12, .box_h = 17, .ofs_x = 1, .ofs_y = -5},
    {.bitmap_index = 57504, .adv_w = 316, .box_w = 19, .box_h = 22, .ofs_x = 0, .ofs_y = 0},
    {.bitmap_index = 57922, .adv_w = 221, .box_w = 14, .box_h = 17, .ofs_x = 0, .ofs_y = 0},
    {.bitmap_index = 58160, .adv_w = 316, .box_w = 19, .box_h = 22, .ofs_x = 0, .ofs_y = 0},
    {.bitmap_index = 58578, .adv_w = 221, .box_w = 14, .box_h = 17, .ofs_x = 0, .ofs_y = 0},
    {.bitmap_index = 58816, .adv_w = 316, .box_w = 19, .box_h = 22, .ofs_x = 0, .ofs_y = 0},
    {.bitmap_index = 59234, .adv_w = 221, .box_w = 14, .box_h = 17, .ofs_x = 0, .ofs_y = 0},
    {.bitmap_index = 59472, .adv_w = 440, .box_w = 27, .box_h = 17, .ofs_x = 0, .ofs_y = 0},
    {.bitmap_index = 59931, .adv_w = 364, .box_w = 23, .box_h = 12, .ofs_x = 0, .ofs_y = 0},
    {.bitmap_index = 60207, .adv_w = 238, .box_w = 14, .box_h = 22, .ofs_x = 1, .ofs_y = 0},
    {.bitmap_index = 60515, .adv_w = 156, .box_w = 9, .box_h = 17, .ofs_x = 1, .ofs_y = 0},
    {.bitmap_index = 60668, .adv_w = 236, .box_w = 14, .box_h = 24, .ofs_x = 1, .ofs_y = -7},
    {.bitmap_index = 61004, .adv_w = 156, .box_w = 9, .box_h = 19, .ofs_x = 1, .ofs_y = -7},
    {.bitmap_index = 61175, .adv_w = 238, .box_w = 14, .box_h = 21, .ofs_x = 1, .ofs_y = 0},
    {.bitmap_index = 61469, .adv_w = 156, .box_w = 9, .box_h = 17, .ofs_x = 1, .ofs_y = 0},
    {.bitmap_index = 61622, .adv_w = 221, .box_w = 13, .box_h = 22, .ofs_x = 0, .ofs_y = 0},
    {.bitmap_index = 61908, .adv_w = 185, .box_w = 12, .box_h = 17, .ofs_x = 0, .ofs_y = 0},
    {.bitmap_index = 62112, .adv_w = 221, .box_w = 13, .box_h = 22, .ofs_x = 0, .ofs_y = 0},
    {.bitmap_index = 62398, .adv_w = 185, .box_w = 12, .box_h = 17, .ofs_x = 0, .ofs_y = 0},
    {.bitmap_index = 62602, .adv_w = 221, .box_w = 13, .box_h = 22, .ofs_x = 0, .ofs_y = -5},
    {.bitmap_index = 62888, .adv_w = 185, .box_w = 12, .box_h = 17, .ofs_x = 0, .ofs_y = -5},
    {.bitmap_index = 63092, .adv_w = 221, .box_w = 13, .box_h = 22, .ofs_x = 0, .ofs_y = 0},
    {.bitmap_index = 63378, .adv_w = 185, .box_w = 12, .box_h = 17, .ofs_x = 0, .ofs_y = 0},
    {.bitmap_index = 63582, .adv_w = 224, .box_w = 14, .box_h = 22, .ofs_x = 0, .ofs_y = -5},
    {.bitmap_index = 63890, .adv_w = 154, .box_w = 10, .box_h = 21, .ofs_x = 0, .ofs_y = -5},
    {.bitmap_index = 64100, .adv_w = 224, .box_w = 14, .box_h = 22, .ofs_x = 0, .ofs_y = 0},
    {.bitmap_index = 64408, .adv_w = 154, .box_w = 10, .box_h = 17, .ofs_x = 0, .ofs_y = 0},
    {.bitmap_index = 64578, .adv_w = 224, .box_w = 14, .box_h = 17, .ofs_x = 0, .ofs_y = 0},
    {.bitmap_index = 64816, .adv_w = 154, .box_w = 10, .box_h = 16, .ofs_x = 0, .ofs_y = 0},
    {.bitmap_index = 64976, .adv_w = 257, .box_w = 14, .box_h = 22, .ofs_x = 1, .ofs_y = 0},
    {.bitmap_index = 65284, .adv_w = 220, .box_w = 12, .box_h = 17, .ofs_x = 1, .ofs_y = 0},
    {.bitmap_index = 65488, .adv_w = 257, .box_w = 14, .box_h = 22, .ofs_x = 1, .ofs_y = 0},
    {.bitmap_index = 65796, .adv_w = 220, .box_w = 12, .box_h = 17, .ofs_x = 1, .ofs_y = 0},
    {.bitmap_index = 66000, .adv_w = 257, .box_w = 14, .box_h = 22, .ofs_x = 1, .ofs_y = 0},
    {.bitmap_index = 66308, .adv_w = 220, .box_w = 12, .box_h = 17, .ofs_x = 1, .ofs_y = 0},
    {.bitmap_index = 66512, .adv_w = 257, .box_w = 14, .box_h = 23, .ofs_x = 1, .ofs_y = 0},
    {.bitmap_index = 66834, .adv_w = 220, .box_w = 12, .box_h = 19, .ofs_x = 1, .ofs_y = 0},
    {.bitmap_index = 67062, .adv_w = 257, .box_w = 14, .box_h = 22, .ofs_x = 1, .ofs_y = 0},
    {.bitmap_index = 67370, .adv_w = 220, .box_w = 12, .box_h = 17, .ofs_x = 1, .ofs_y = 0},
    {.bitmap_index = 67574, .adv_w = 257, .box_w = 14, .box_h = 22, .ofs_x = 1, .ofs_y = -5},
    {.bitmap_index = 67882, .adv_w = 220, .box_w = 13, .box_h = 17, .ofs_x = 1, .ofs_y = -5},
    {.bitmap_index = 68103, .adv_w = 366, .box_w = 23, .box_h = 21, .ofs_x = 0, .ofs_y = 0},
    {.bitmap_index = 68586, .adv_w = 309, .box_w = 20, .box_h = 17, .ofs_x = 0, .ofs_y = 0},
    {.bitmap_index = 68926, .adv_w = 245, .box_w = 15, .box_h = 21, .ofs_x = 0, .ofs_y = 0},
    {.bitmap_index = 69241, .adv_w = 212, .box_w = 14, .box_h = 22, .ofs_x = 0, .ofs_y = -5},
    {.bitmap_index = 69549, .adv_w = 245, .box_w = 15, .box_h = 22, .ofs_x = 0, .ofs_y = 0},
    {.bitmap_index = 69879, .adv_w = 229, .box_w = 14, .box_h = 22, .ofs_x = 0, .ofs_y = 0},
    {.bitmap_index = 70187, .adv_w = 184, .box_w = 11, .box_h = 17, .ofs_x = 0, .ofs_y = 0},
    {.bitmap_index = 70374, .adv_w = 229, .box_w = 14, .box_h = 22, .ofs_x = 0, .ofs_y = 0},
    {.bitmap_index = 70682, .adv_w = 184, .box_w = 11, .box_h = 17, .ofs_x = 0, .ofs_y = 0},
    {.bitmap_index = 70869, .adv_w = 229, .box_w = 14, .box_h = 22, .ofs_x = 0, .ofs_y = 0},
    {.bitmap_index = 71177, .adv_w = 184, .box_w = 11, .box_h = 17, .ofs_x = 0, .ofs_y = 0},
    {.bitmap_index = 71364, .adv_w = 352, .box_w = 20, .box_h = 3, .ofs_x = 1, .ofs_y = 6},
    {.bitmap_index = 71424, .adv_w = 103, .box_w = 5, .box_h = 7, .ofs_x = 1, .ofs_y = 10}
};

/*---------------------
 *  CHARACTER MAPPING
 *--------------------*/

static const uint16_t unicode_list_5[] = {
    0x0, 0x5
};

/*Collect the unicode lists and glyph_id offsets*/
static const lv_font_fmt_txt_cmap_t cmaps[] =
{
    {
        .range_start = 32, .range_length = 95, .glyph_id_start = 1,
        .unicode_list = NULL, .glyph_id_ofs_list = NULL, .list_length = 0, .type = LV_FONT_FMT_TXT_CMAP_FORMAT0_TINY
    },
    {
        .range_start = 160, .range_length = 146, .glyph_id_start = 96,
        .unicode_list = NULL, .glyph_id_ofs_list = NULL, .list_length = 0, .type = LV_FONT_FMT_TXT_CMAP_FORMAT0_TINY
    },
    {
        .range_start = 308, .range_length = 12, .glyph_id_start = 242,
        .unicode_list = NULL, .glyph_id_ofs_list = NULL, .list_length = 0, .type = LV_FONT_FMT_TXT_CMAP_FORMAT0_TINY
    },
    {
        .range_start = 321, .range_length = 8, .glyph_id_start = 254,
        .unicode_list = NULL, .glyph_id_ofs_list = NULL, .list_length = 0, .type = LV_FONT_FMT_TXT_CMAP_FORMAT0_TINY
    },
    {
        .range_start = 330, .range_length = 53, .glyph_id_start = 262,
        .unicode_list = NULL, .glyph_id_ofs_list = NULL, .list_length = 0, .type = LV_FONT_FMT_TXT_CMAP_FORMAT0_TINY
    },
    {
        .range_start = 8212, .range_length = 6, .glyph_id_start = 315,
        .unicode_list = unicode_list_5, .glyph_id_ofs_list = NULL, .list_length = 2, .type = LV_FONT_FMT_TXT_CMAP_SPARSE_TINY
    }
};

/*-----------------
 *    KERNING
 *----------------*/


/*Map glyph_ids to kern left classes*/
static const uint8_t kern_left_class_mapping[] =
{
    0, 1, 0, 2, 3, 0, 4, 5,
    2, 6, 0, 7, 8, 9, 10, 9,
    11, 12, 13, 14, 15, 16, 17, 18,
    19, 20, 21, 22, 22, 0, 0, 23,
    24, 25, 26, 27, 28, 29, 30, 31,
    32, 33, 33, 34, 35, 36, 33, 33,
    37, 38, 37, 39, 40, 41, 42, 43,
    44, 45, 46, 47, 6, 48, 0, 0,
    49, 0, 50, 51, 52, 53, 54, 55,
    56, 57, 58, 59, 60, 61, 57, 57,
    62, 63, 64, 65, 66, 67, 68, 69,
    70, 71, 72, 73, 6, 0, 0, 0,
    1, 0, 0, 0, 0, 0, 0, 0,
    0, 74, 0, 75, 0, 10, 74, 0,
    0, 0, 0, 0, 0, 68, 0, 76,
    0, 0, 0, 77, 0, 0, 0, 78,
    26, 26, 26, 26, 26, 26, 30, 28,
    30, 30, 30, 30, 33, 79, 79, 79,
    29, 33, 37, 37, 37, 37, 37, 0,
    37, 42, 42, 42, 42, 46, 80, 81,
    50, 50, 50, 50, 50, 50, 54, 52,
    54, 54, 54, 54, 58, 82, 82, 82,
    83, 57, 62, 62, 62, 62, 62, 0,
    62, 68, 68, 68, 68, 72, 51, 72,
    0, 0, 0, 0, 0, 0, 0, 0,
    0, 0, 0, 0, 0, 0, 0, 0,
    0, 0, 0, 0, 0, 0, 0, 0,
    0, 0, 0, 0, 0, 0, 0, 0,
    0, 0, 0, 0, 0, 0, 0, 0,
    0, 0, 0, 0, 0, 0, 0, 0,
    0, 84, 0, 0, 0, 0, 0, 0,
    0, 0, 0, 0, 85, 0, 0, 86,
    0, 0, 0, 0, 0, 0, 0, 0,
    0, 0, 0, 0, 0, 0, 30, 54,
    0, 0, 0, 0, 0, 0, 0, 0,
    0, 0, 0, 0, 0, 0, 0, 0,
    0, 0, 0, 0, 0, 0, 0, 0,
    0, 0, 0, 0, 0, 0, 0, 0,
    0, 0, 0, 0, 0, 0, 0, 0,
    0, 0, 0, 10, 87
};

/*Map glyph_ids to kern right classes*/
static const uint8_t kern_right_class_mapping[] =
{
    0, 0, 0, 1, 2, 0, 3, 4,
    1, 0, 5, 6, 0, 7, 8, 7,
    9, 10, 11, 12, 13, 14, 15, 16,
    17, 18, 19, 20, 20, 0, 0, 0,
    21, 22, 23, 0, 24, 0, 0, 0,
    24, 0, 0, 25, 0, 0, 0, 0,
    24, 0, 24, 0, 26, 27, 28, 29,
    30, 31, 32, 33, 0, 34, 5, 0,
    35, 0, 36, 37, 38, 38, 38, 39,
    40, 37, 41, 42, 37, 37, 43, 43,
    38, 44, 38, 45, 46, 47, 48, 49,
    50, 51, 52, 53, 0, 0, 5, 0,
    0, 0, 0, 0, 0, 0, 0, 0,
    0, 54, 55, 56, 0, 8, 54, 0,
    0, 0, 57, 58, 0, 44, 0, 59,
    0, 60, 55, 61, 62, 63, 58, 64,
    23, 23, 23, 23, 23, 23, 65, 24,
    0, 0, 0, 0, 66, 0, 66, 66,
    0, 0, 24, 24, 24, 24, 24, 0,
    24, 28, 28, 28, 28, 32, 0, 37,
    36, 36, 36, 36, 36, 36, 36, 38,
    38, 38, 38, 38, 67, 68, 67, 67,
    69, 43, 38, 38, 38, 38, 38, 0,
    38, 48, 48, 48, 48, 52, 37, 52,
    0, 0, 0, 0, 0, 0, 0, 0,
    0, 0, 0, 0, 0, 0, 0, 0,
    0, 0, 0, 0, 0, 0, 0, 0,
    0, 0, 0, 0, 0, 0, 0, 0,
    0, 0, 0, 0, 0, 0, 0, 0,
    0, 0, 0, 0, 0, 0, 0, 0,
    0, 43, 0, 0, 0, 0, 0, 0,
    0, 0, 0, 0, 0, 0, 0, 70,
    0, 0, 0, 0, 0, 0, 0, 0,
    0, 0, 0, 0, 0, 0, 24, 38,
    0, 0, 0, 0, 0, 0, 0, 0,
    0, 0, 0, 0, 0, 0, 0, 0,
    0, 0, 0, 0, 0, 0, 0, 0,
    0, 0, 0, 0, 0, 0, 0, 0,
    0, 0, 0, 0, 0, 0, 0, 0,
    0, 0, 0, 8, 71
};

/*Kern values between classes*/
static const int8_t kern_class_values[] =
{
    0, 0, 0, 0, 0, 0, 0, 0,
    0, 0, 0, 0, 0, 0, 0, 0,
    0, 0, 0, 0, 0, 0, -12, -8,
    -23, -12, -15, -8, -15, -15, -8, -15,
    0, 0, 0, 0, 0, 0, -8, 0,
    0, 0, 0, 0, 0, 0, 0, 0,
    0, 0, 0, 0, 0, 0, 0, 0,
    0, 0, 0, 0, 0, 0, 0, 0,
    -15, 0, 0, 0, 0, 0, 0, 0,
    0, 0, 0, 0, 0, 0, 0, 0,
    0, 0, 0, 0, -15, 0, -12, 0,
    0, 0, 0, 0, 0, -12, 0, 0,
    0, 0, 0, 0, 0, 0, 0, 0,
    0, 0, 0, 0, 0, 0, 0, 0,
    0, 0, 0, 0, 0, 0, 0, 0,
    0, 0, 0, 0, 0, 0, 0, 0,
    0, 0, 0, 0, 0, 0, 0, -27,
    0, 0, 0, 0, 0, 0, 0, 0,
    0, 0, 0, 0, 0, 0, 0, 0,
    0, 0, 0, 0, 0, 0, 0, 0,
    0, 0, 0, 0, 0, 0, 0, 0,
    -4, 0, 0, 0, 0, 0, 0, 0,
    0, 0, 0, 0, 0, 0, 0, 0,
    0, 0, 0, 0, 0, 0, 0, 0,
    0, 0, 0, 0, 0, 0, 0, 0,
    0, 0, 0, 0, 0, 0, -15, 0,
    0, 0, 0, 0, 0, 0, 0, 0,
    0, 0, 0, 0, 0, 0, 0, 0,
    0, 0, 0, 0, 0, 0, 0, 0,
    0, 0, 0, 0, 0, 0, 0, 0,
    0, -8, 0, 0, 0, 0, 0, 0,
    0, 0, 0, 0, 0, 0, 0, 0,
    0, 0, 0, 0, 0, 0, 0, 0,
    0, 0, 0, 0, 0, 0, 0, 0,
    0, 0, 0, 0, 0, 0, 0, 0,
    0, 0, 0, 0, 0, 0, 0, 0,
    0, 0, 0, 0, 0, 0, 0, 0,
    0, 0, 0, 0, 0, 0, 0, 0,
    0, 0, 0, 0, 0, 0, -19, 0,
    -15, -12, 0, -23, 0, 0, 0, 0,
    0, 0, 0, 0, 0, 0, 0, 0,
    0, 0, 0, 0, -4, 0, 0, -4,
    0, 0, 0, 0, 0, 0, 0, 0,
    0, 0, 0, 0, 0, 0, 0, 0,
    0, 0, 0, 0, 0, 0, 0, 0,
    0, 0, 0, 0, 0, 0, 0, 0,
    -8, 0, 0, 0, 0, 0, 0, 0,
    0, 0, 0, 0, 0, 0, 0, 0,
    0, 0, 0, 0, 0, 0, 0, 0,
    0, -4, 0, 0, 8, 0, 0, 0,
    0, 0, 0, 0, 0, 0, 0, 0,
    0, 0, 0, 0, 0, 0, 0, 0,
    0, 0, 0, 0, 0, 0, 0, 0,
    0, 0, 0, 0, 0, 0, 0, 0,
    0, 0, 0, 0, 0, 0, 0, 0,
    0, 0, 0, 0, 0, 0, 0, 0,
    -15, 0, -50, 0, 0, 0, 0, 0,
    -8, 0, 0, 0, 0, 0, 0, 0,
    0, -12, 0, 0, 0, 0, 0, 0,
    0, 0, 0, 0, 0, 0, 0, 0,
    0, 0, 0, 0, 0, 0, 0, 0,
    0, 0, -38, 0, 0, 0, 0, 0,
    0, 0, 0, 0, 0, 0, 0, 0,
    0, 0, 0, -12, 0, -4, 0, 0,
    0, 0, 0, 0, 0, 0, 0, 0,
    0, 0, 0, 0, 0, 0, 0, 0,
    0, 0, 0, 0, 0, 0, 0, 0,
    0, 0, 0, 0, 0, 0, 0, 0,
    0, 0, 0, 0, 0, 0, 0, 0,
    0, 0, 0, 0, 0, 0, 0, 0,
    0, 0, 0, 0, 0, 0, 0, 0,
    0, 0, 0, 0, 0, 0, 0, 0,
    0, 0, -15, 0, 0, 0, 0, 0,
    0, 0, 0, 0, 0, 0, 0, -8,
    0, 0, -23, -4, -31, -23, 0, -31,
    0, 0, 0, 0, 0, 0, -15, 0,
    0, -8, 0, 0, 0, 0, -23, 0,
    -19, -12, 0, -15, 0, 0, 0, 0,
    0, 0, 0, 0, 0, 0, 0, 0,
    0, 0, 0, 0, 0, 0, 0, 0,
    0, 0, 0, 0, 0, 0, -46, 0,
    0, -12, 0, -4, 0, 0, 0, 0,
    0, 0, 0, 0, 0, 0, 0, 0,
    0, -15, 0, -8, -8, 0, -15, 0,
    0, 0, 0, 0, 0, 0, 0, 0,
    0, 0, 0, 0, 0, 0, 0, 0,
    0, 0, 0, 0, 0, 0, 0, 0,
    0, 0, 0, 0, 0, 0, 0, 0,
    0, 0, 0, 0, 0, 0, 0, 0,
    0, 0, 0, 0, 0, 0, -73, -8,
    0, 0, 0, -23, -4, -15, 0, 0,
    0, 0, 0, 0, -27, -8, -42, 0,
    0, 0, 0, 0, 0, 0, 0, 0,
    0, -23, 0, -31, -12, -27, -15, 0,
    -15, -12, 0, -23, 0, -19, -12, -12,
    -12, -8, -19, 0, 0, 0, 0, 0,
    0, 0, 0, 0, 0, 0, -46, 0,
    -4, -15, -19, 0, 0, 0, 0, 0,
    0, 0, 0, 0, 0, 0, 0, -4,
    -4, 0, 0, 0, 0, -4, 0, 0,
    0, 0, 0, 0, 0, 0, 0, -4,
    0, -4, 0, 0, 0, 0, 0, 0,
    0, 0, 0, 0, 0, 0, 0, 0,
    0, 0, 0, 0, 0, 0, 0, 0,
    0, 0, 0, 0, 0, 0, 0, 0,
    0, 0, 0, 0, 0, -8, 0, 0,
    0, 0, 0, 0, 0, 0, 0, 0,
    0, 0, 0, 0, 0, 0, 0, 4,
    0, 0, 4, 2, 0, 0, 0, 0,
    0, 0, 0, 0, 0, 0, 0, 0,
    0, 0, 0, 0, 0, 0, 0, 0,
    0, 0, 0, 0, 0, 0, 0, 0,
    0, 0, 0, 0, 0, 0, 0, 0,
    0, 0, 0, 0, 0, 0, 0, 0,
    0, 0, 0, 0, 0, 0, 0, 0,
    0, 0, 0, 0, 0, 0, 0, 0,
    0, 0, 0, 0, 0, -4, 0, 0,
    0, 0, 0, 0, 0, 0, 0, 0,
    0, 0, 0, 0, 0, 0, 0, 0,
    0, 0, 0, 0, 0, 0, 0, 0,
    0, 0, 0, 0, 0, 0, 0, 0,
    0, 0, 0, 0, 0, 0, 0, 0,
    0, 0, 0, 0, 0, 0, 0, 0,
    0, 0, 0, 0, 0, 0, 0, 0,
    0, 0, 0, 0, 0, 0, 0, 0,
    -4, 0, 0, 0, -4, 0, 0, 0,
    0, 0, 0, 0, 0, 0, 0, 0,
    0, 0, 0, 0, 0, 0, 0, 0,
    0, 0, 0, 0, 0, 0, 0, 0,
    0, 0, 0, 0, 0, 0, 0, 0,
    0, 0, 0, 0, 0, 0, 0, 0,
    0, 0, 0, 0, 0, 0, 0, 0,
    0, 0, 0, 0, 0, 0, 0, 0,
    0, 0, 0, 0, 0, 0, 0, 0,
    0, 0, 0, -4, 0, 0, 0, 0,
    0, 0, 0, 0, 0, 0, 0, 0,
    0, 0, 0, 0, 0, -4, 0, 0,
    0, 0, 0, 0, 0, 0, 0, 0,
    0, 0, 0, 0, 0, 0, 0, 0,
    0, 0, 0, 0, 0, 0, 0, 0,
    0, -4, -4, 0, -8, 0, 0, 0,
    0, 0, 0, 0, 0, 0, 0, 0,
    0, 0, -4, 0, 0, 0, 0, 0,
    0, 0, -8, 0, 0, 0, 0, 0,
    -4, 0, 0, 0, 0, 0, 0, 0,
    0, 0, 0, 0, 0, 0, 0, 0,
    0, 0, 0, 0, 0, 0, 0, 0,
    0, 0, 0, 0, 0, 0, 0, 0,
    0, 0, 0, 0, 0, 0, 0, 0,
    0, -4, 0, 0, 0, -4, -4, 0,
    0, 0, 0, 0, 0, 0, 0, 0,
    0, -8, 0, 0, 0, 0, 0, 0,
    0, -12, 0, 0, 0, 0, 0, -4,
    0, 0, 0, 0, 0, 0, 0, 0,
    0, -4, 0, -8, -4, 0, -12, 0,
    0, 0, 0, 0, 0, 0, 0, 0,
    0, 0, 0, 0, 0, 0, 0, 0,
    0, 0, 0, 0, 0, 0, 0, 0,
    0, 0, -8, 0, -4, 0, 0, 0,
    0, 0, 0, 0, 0, 0, 0, 0,
    0, 0, 0, 0, -42, 0, -27, -4,
    0, 0, 0, -27, -4, -23, 0, -8,
    0, 0, 0, 0, -19, 0, -31, 0,
    0, 0, 0, 0, 0, 0, 0, 0,
    0, -4, 0, -15, 0, -15, 0, 0,
    0, -4, 0, -12, 0, 0, 0, 0,
    0, 0, 0, 0, 0, 0, 0, 0,
    0, 0, 0, 0, 0, 0, -38, 0,
    0, 0, -12, 0, 0, 0, 0, 0,
    0, 0, 0, 0, 0, 0, 0, 0,
    0, 0, 0, 0, 0, 0, 0, 0,
    0, 0, 0, 0, 0, 0, 0, 0,
    0, -4, 0, 0, 0, 0, 0, 0,
    0, 0, 0, 0, 0, 0, 0, 0,
    0, 0, 0, 0, 0, 0, 0, 0,
    0, 0, 0, 0, 0, 0, 0, 0,
    -4, 0, 0, 0, 0, 0, 0, 0,
    0, 0, 0, 0, 0, 0, 0, 0,
    0, 0, -19, 0, -8, 0, 0, 0,
    0, -12, 0, -8, 0, 0, 0, 0,
    0, 0, -12, 0, 0, 0, 0, 0,
    -4, 0, 0, 0, 0, 0, 0, 0,
    0, 0, 0, 0, 0, 0, 0, 0,
    0, 0, 0, 0, 0, 0, 0, 0,
    0, 0, 0, 0, 0, 0, 0, 0,
    0, 0, 0, 0, -19, 0, 0, 0,
    0, 0, 0, 0, 0, 0, 0, 0,
    0, 0, 0, 0, 0, 0, 0, 0,
    0, 0, 0, 0, 0, 0, 0, 0,
    0, 0, 0, 0, 0, 0, 0, 0,
    -4, 0, -8, 0, 0, 0, 0, 0,
    0, 0, 0, 0, 0, 0, 0, 0,
    0, 0, 0, 0, 0, 0, 0, 0,
    0, 0, 0, 0, 0, 0, 0, 0,
    0, 0, 0, 0, 0, 0, 0, 0,
    0, 0, 0, 0, 0, 0, 0, 0,
    0, 0, 0, 0, -8, -4, 0, 0,
    0, 0, 0, 0, 0, 0, 0, 0,
    0, 0, 0, 0, 0, 0, 0, 0,
    0, 0, 0, 0, 0, 0, 0, 0,
    0, 0, 0, 0, 0, 0, 0, 0,
    0, 0, 0, 0, 0, 0, 0, 0,
    0, 0, 0, 0, 0, 0, 0, 0,
    0, 0, 0, 0, 0, 0, 0, 0,
    0, 0, 0, 0, 0, 0, 0, 0,
    0, 0, 0, 0, 0, 0, 0, 0,
    0, 0, 0, 0, 0, 0, 0, -12,
    0, 0, 0, 0, 0, 0, 0, -4,
    0, 0, 0, 0, 0, 0, 0, 0,
    0, 0, 0, 0, 0, 0, 0, 0,
    0, 0, 0, 0, 0, 0, 0, 0,
    0, 0, 0, 0, 0, 0, 0, 0,
    0, -19, 0, 0, 0, 0, 0, 0,
    0, 0, 0, 0, 0, 0, 0, 0,
    0, 0, -12, 0, 0, 0, 0, 0,
    0, 0, 0, 0, 0, 0, -4, 0,
    0, 0, -12, 0, -12, -4, -8, -19,
    0, 0, 0, 0, 0, 0, 0, 0,
    0, 0, 0, 0, 0, 0, 0, 0,
    0, 0, 0, 0, 0, 0, 0, 0,
    0, 0, 0, 0, 0, 0, 0, 0,
    -12, 0, 0, 0, 0, 0, 0, -12,
    0, 0, -4, 0, -19, 0, 0, 0,
    0, -8, 0, 0, 0, 0, 0, 0,
    0, -8, 0, -15, 0, 0, -8, 0,
    0, -25, -4, -27, -19, 0, -29, 0,
    -35, 0, 0, 0, -6, -13, -4, 0,
    0, 0, 2, 0, 0, -13, -10, -19,
    -15, 0, -17, 0, -31, -27, 0, 0,
    0, 0, 0, 0, 0, 0, 0, 0,
    0, 0, 0, -8, 0, -19, 0, 0,
    0, 4, 0, 0, 0, 0, -8, 0,
    0, 0, 0, 0, 0, 0, 0, 0,
    0, 0, -8, 0, -4, 0, 0, 0,
    -4, 0, -4, -4, -6, -12, 0, -23,
    0, 0, 0, 0, -4, 0, 0, 0,
    0, 0, 0, 0, -4, 0, -4, 0,
    -2, -4, 0, -4, 0, 0, 0, 0,
    0, 0, 0, 0, 0, 0, -8, 0,
    0, 0, -2, 0, 0, 0, 0, 0,
    0, 0, 0, 0, 0, 0, 0, 0,
    0, 0, 0, 0, 0, 0, 0, 0,
    0, -4, 0, 0, -4, 0, 0, 0,
    0, 0, 0, 0, 0, 0, 0, 0,
    -8, -4, -8, -12, -6, -4, 0, -4,
    -4, -4, -4, -12, -6, -8, -8, -4,
    -8, -4, 0, 0, 0, 0, 0, 0,
    0, 0, 0, 0, 0, 0, 0, -4,
    -4, -8, 0, 0, 0, 0, 0, 0,
    0, 0, -8, 0, -12, 0, 0, 0,
    0, 0, 0, 0, 0, 0, 0, 0,
    -4, 0, -12, 0, -4, 0, -12, 0,
    -4, -4, -8, -12, 0, -12, 0, 0,
    0, -6, 0, -4, 0, -4, 0, -4,
    -8, -4, -4, 0, -2, 0, -4, -2,
    -4, 0, -4, 0, 0, 0, 0, 0,
    0, 0, 0, -8, -15, 0, 0, 0,
    -8, 0, -4, 0, 0, 0, 0, 0,
    0, 0, 0, 0, 0, 0, 0, 0,
    -4, 0, 0, 0, 0, 0, 0, 0,
    0, 0, -8, -4, 0, 0, 0, 0,
    0, 0, 0, 0, 0, 0, -6, 0,
    -8, -8, -4, 0, -4, -4, 0, -4,
    0, -8, -4, -8, -4, -4, -8, 0,
    0, 0, 0, 0, 0, 0, 0, 0,
    0, 0, 0, 0, 0, 0, 0, -8,
    0, 0, 0, 0, 0, 0, 0, 0,
    -19, 0, -23, 0, 0, 0, 0, -8,
    0, 0, 0, 0, 0, 0, 0, 0,
    -23, -4, -35, 0, 0, 0, 0, 0,
    -4, 0, 0, 0, -23, -8, 0, -12,
    -4, -8, -4, 0, -4, -8, -8, -8,
    -4, -8, -8, -4, -8, -8, -4, 0,
    0, -4, 0, 0, 0, 0, 0, 0,
    0, -15, -27, 0, 2, -4, -10, 0,
    0, 0, 0, 0, 0, 0, 0, -8,
    0, -8, 0, 0, 0, 0, 0, 0,
    0, 0, 0, 0, 0, -8, 0, -4,
    0, -4, 0, -10, 0, -4, -4, -8,
    -8, -4, -15, -12, -6, 0, -2, -4,
    0, 0, 0, 0, -4, -8, 0, -8,
    0, -4, -4, -4, -4, 0, 0, 0,
    0, 0, 0, 0, 0, 0, 0, 0,
    -4, -8, 0, 0, 0, -4, 0, 0,
    0, 0, 0, 0, 0, 0, 0, 0,
    0, 0, 0, 0, 0, 0, 0, 0,
    0, 0, 0, 0, 0, 0, 0, -4,
    0, 0, 0, 0, -6, 0, 0, 0,
    0, 0, 0, -6, 0, 0, -8, 0,
    0, 0, 0, 0, 0, 0, -4, -4,
    -4, -4, 0, -4, 0, 0, 0, 0,
    0, 0, 0, 0, 0, 0, 0, 0,
    0, 0, 0, 0, -4, 0, 0, 0,
    0, 0, 0, 0, 0, 0, 0, 0,
    0, 0, 0, 0, 0, 0, 0, 0,
    0, 0, 0, 0, 0, -4, -4, -8,
    0, 0, 0, 0, 0, 0, 0, 0,
    0, -8, 0, 0, -4, -4, 0, 0,
    0, 0, -4, -4, 0, -6, -4, -4,
    0, -4, -2, -4, 0, 0, 0, 0,
    0, 0, 0, 0, 0, 0, 0, -8,
    0, 0, 0, 0, 0, 0, 0, -4,
    0, 0, 0, 0, 0, 0, 0, 0,
    0, 0, 0, 0, 0, 0, 0, 0,
    0, 0, 0, -8, 0, -12, -4, 0,
    0, 0, 0, 0, 0, 0, 0, 0,
    0, -4, 0, -8, -12, -4, 0, 0,
    0, 0, 0, -4, -15, -8, -17, -12,
    0, -15, 0, -4, -8, -15, 0, 0,
    0, 0, 0, 0, 0, 0, 0, 0,
    0, 0, -8, 0, 0, 0, 0, -8,
    0, 0, 0, 0, 0, 0, 0, -15,
    0, 0, 0, 0, 0, 0, 0, -12,
    0, -23, 0, 0, -6, 0, 0, -29,
    -4, -23, -15, 0, -35, 0, -38, 0,
    0, 0, 0, -15, -4, 0, 0, 0,
    0, 0, -4, -17, -4, -19, -12, 0,
    -15, 0, -27, -23, 0, 0, 0, 0,
    0, 0, 0, 0, 0, 0, 0, 0,
    0, -8, 0, -23, 0, 0, 0, 0,
    0, 0, -8, 0, -15, 0, 0, 0,
    0, 0, 0, 0, 0, 0, 0, 0,
    -4, 0, -8, -4, -4, 0, -12, 0,
    -12, -4, -13, -15, 0, -15, -23, 0,
    0, 0, 0, 0, -2, 0, -2, 0,
    0, 0, -4, 0, -2, 0, -4, -4,
    0, 0, -4, 0, 0, 0, 0, 0,
    0, 0, 0, -8, -15, 0, -4, -2,
    -4, 0, -4, 0, 0, 0, 0, 0,
    0, -31, 0, -35, 0, 0, 0, 0,
    -15, 0, 0, 0, 0, 0, 0, 0,
    0, -27, -4, -50, 0, 0, 0, 0,
    0, -8, -12, 0, -8, -38, -8, 2,
    -13, 0, -10, 0, 0, 0, 0, 0,
    -6, 0, -4, 0, 0, 0, 0, 0,
    0, 0, -12, 0, 0, 0, 0, 0,
    0, 0, -27, -42, 0, 0, 0, -15,
    0, 0, 0, 0, 0, 0, 0, 0,
    0, 0, 0, 0, -4, 0, 0, -8,
    0, 0, 0, 0, 0, 0, 0, 0,
    0, 0, -4, 0, 0, 0, 0, 0,
    0, -8, 0, -8, 0, -2, 0, -4,
    -4, -4, 0, 0, 0, 0, 0, -4,
    -8, -4, 0, 0, 0, 0, 0, 0,
    -4, 0, 0, 0, 0, 0, 0, 0,
    0, 0, 0, 0, 0, 0, -8, 0,
    0, 0, 0, 0, 0, 0, 0, 0,
    0, -4, 0, 0, 0, 0, 0, 0,
    0, 0, 0, 0, 0, 0, 0, -4,
    0, 0, 0, -4, 0, -4, -4, -4,
    -12, 0, 0, 0, 0, 0, 0, -10,
    0, 0, 0, 0, 0, 0, 0, -10,
    -6, -6, -4, 0, -8, 0, 0, 0,
    0, 0, 0, 0, 0, 0, 0, 0,
    0, -4, 0, 0, 0, 0, 0, 0,
    0, -15, 0, -15, 0, 0, -23, -15,
    -42, -4, 0, 0, 0, -19, 0, -15,
    0, 0, 0, 0, 0, -12, -25, -12,
    -42, -4, 0, 0, 0, 0, 0, 0,
    0, 0, -31, -29, 0, -31, -12, -23,
    -12, 0, -23, -31, -23, -31, -15, -23,
    -25, -27, -15, -23, -15, 0, 0, -15,
    0, 0, 0, 0, -12, 0, 0, 0,
    -35, 0, 2, -15, -12, 0, 0, 0,
    0, 0, 0, 0, 0, -4, 0, -4,
    0, 0, 0, 0, -4, 0, 0, 0,
    0, 0, 0, 0, 0, 0, 0, 0,
    0, 0, 0, 0, 0, 0, 0, 0,
    0, -8, 0, 0, 0, 0, 0, 0,
    0, 0, 0, 0, 0, -4, 0, 0,
    0, 0, 0, 0, 0, 0, 0, 0,
    0, 0, 0, 0, 0, 0, -4, 0,
    0, 0, 0, 0, 0, 0, 0, -12,
    0, -12, 0, 0, -31, -8, -35, -4,
    0, 0, -4, -23, 0, -15, 0, -8,
    -4, 0, 0, -12, -27, -12, -38, 0,
    0, 0, 0, 0, 0, 0, 0, 0,
    -31, -19, 0, -19, -8, -19, -8, 0,
    -15, -12, -12, -17, -4, -13, -4, 0,
    -8, -4, -4, 0, 0, -23, 0, 0,
    -8, 0, 0, 0, 0, 0, -31, 0,
    0, -8, -12, 0, 0, 0, -8, 0,
    -4, 0, 0, -23, -12, -27, 0, 0,
    0, 0, -15, 0, -8, 0, 0, 0,
    -4, 0, -4, -17, -4, -27, 0, 0,
    0, 0, 0, 0, 0, 0, 0, -19,
    -15, 0, -21, -12, -19, -8, -4, -15,
    -12, -12, -15, -8, -12, -8, -8, -8,
    -4, -8, 0, 0, -12, 0, 0, 0,
    0, 0, 0, 0, -23, -23, 0, 0,
    -8, -12, 0, 0, 0, 0, 0, -4,
    0, -8, 0, 0, 0, 0, 0, 0,
    0, -8, 0, 0, 0, 0, 0, 0,
    -8, -8, 0, -13, -8, -4, 0, 0,
    0, 0, 0, 0, 0, 0, 0, 0,
    0, -10, -8, -8, 0, 0, -4, -4,
    0, -8, -12, -8, -12, -12, 0, -19,
    0, -12, 0, -15, 0, 0, 0, 0,
    0, 0, 0, 0, 0, 0, 0, 0,
    -8, 0, 0, 0, -19, 0, -19, 0,
    0, -31, -15, -38, 0, 0, 0, 0,
    -31, 0, 0, 0, -4, 0, -8, 0,
    -23, -29, -15, -46, -6, 0, 0, 0,
    0, 0, 0, -4, 0, -23, -33, -12,
    -38, -19, -35, -15, 0, -27, -27, -27,
    -33, -15, -29, -19, -19, -15, -15, -19,
    0, 0, -23, 0, 0, -4, 0, -12,
    0, 0, 0, -38, 0, -15, -19, -15,
    0, 0, 0, 0, 0, 0, 0, 0,
    0, 0, 0, 0, 0, 0, 0, -4,
    0, 0, 0, 0, 0, 0, 0, 0,
    0, -8, 0, 0, 0, 0, 0, 0,
    0, 0, 0, 0, 0, 0, 0, -4,
    -4, 0, 0, 0, 0, 0, 0, 0,
    -8, -4, -8, -12, 0, -12, 0, 0,
    0, 0, 0, 0, 0, 0, 0, 0,
    0, 0, 0, 0, 0, 0, -8, 0,
    0, 0, 0, 0, 0, 0, 0, 0,
    0, 0, 0, 0, 0, 0, 0, 0,
    0, 0, 0, 0, 0, 0, 0, 0,
    -12, 0, 0, -23, -8, -31, -19, 0,
    -23, 0, 0, 0, 0, 0, 0, 0,
    0, 0, 0, 0, 0, 0, 0, -4,
    0, -15, -8, 0, -15, 0, 0, 0,
    0, 0, 0, 0, 0, 0, 0, 0,
    0, 0, 0, 0, 0, 0, 0, 0,
    0, 0, 0, 0, 0, 0, 0, 0,
    0, 0, 0, 0, 0, 0, 0, 0,
    0, 0, 0, 0, 0, 0, 0, -23,
    0, 0, -31, -8, -31, -19, 0, -23,
    0, 0, 0, 0, 0, 0, 0, 0,
    0, 38, 0, 0, 0, 0, -19, -8,
    -19, -12, 0, 0, 0, 0, 0, 0,
    0, 0, 0, 0, 0, 0, 0, 0,
    0, 0, 0, 0, 0, 0, 0, 0,
    0, 0, 0, 0, 0, 0, 0, 0,
    0, 0, 0, 0, 0, 0, 0, 0,
    0, 0, 0, 0, 0, 0, 0, 0,
    0, 0, 0, 0, 0, 0, 0, 0,
    -15, 0, -2, 0, -2, -4, -2, 0,
    0, 0, 0, 0, -2, -4, 0, -4,
    -4, -2, -4, 4, 0, 0, 0, 0,
    0, 0, 0, 0, 0, 0, 0, 0,
    0, 0, 0, 0, 0, 0, 0, 0,
    0, 0, 0, 0, 0, 0, -8, 0,
    0, 0, 0, 0, 0, 0, 0, 0,
    0, 0, -23, 0, 0, 0, 0, 0,
    0, 0, 0, 0, 0, 0, 0, -23,
    -8, 0, -2, 0, -4, 0, -2, -2,
    -2, -2, -4, -2, -6, -2, -6, -4,
    -6, -8, -4, 0, 0, 0, 0, 0,
    0, 0, 0, 0, 0, 0, 0, 0,
    -2, -2, 0, 0, 0, 0, 0, 0,
    0, 0, 0, 0, 0, 0, 0, 0,
    0, 0, 0, 0, 0, 0, 0, 0,
    0, 0, 0, 0, 0, 0, 0, 0,
    0, 0, 0, 0, 0, 0, -19, 0,
    -2, 0, -2, 0, -2, 0, -2, 0,
    -2, -2, 0, -2, 0, 0, 0, 0,
    0, 0, 0, 0, 0, 0, 0, 0,
    0, 0, 0, 0, 0, 0, 0, 0,
    0, 0, 0, 0, 0, 0, 0, 0,
    0, 0, 0, 0, 0, 0, 0, 0,
    0, 0, 0, 0, 0, 0, 0, 0,
    0, 0, 0, 0, 0, 0, 0, 0,
    0, 0, 0, 0, 0, 0, 0, -2,
    0, -2, 2, -2, 0, 0, 0, 0,
    0, -2, 0, 0, 0, 0, 0, 0,
    6, 0, 0, 0, 0, 0, 0, 0,
    0, 0, 0, 0, 0, 0, 0, 0,
    0, 0, 0, 0, 0, 0, 0, 0,
    0, 0, 0, 0, 0, 0, 0, 0,
    0, 0, 0, 0, 0, 0, 0, 0,
    0, 0, 0, 0, 0, 0, 0, 0,
    0, 0, 0, 0, -19, 0, 2, 0,
    2, -4, 2, 0, 0, 0, 0, 0,
    2, -6, 0, -4, -4, -4, -4, -2,
    0, 0, 0, 0, 0, 0, 0, 0,
    0, 0, 0, 0, 0, 0, 0, 0,
    0, 0, 0, 0, 0, -8, 8, 0,
    -27, 0, -23, 0, 0, 0, 0, 0,
    0, 0, 0, 0, 0, 0, 0, 0,
    0, 0, 0, 0, 0, 0, 0, 0,
    0, 0, 0, 0, -19, -8, 0, -12,
    -8, -10, -4, 0, -4, -4, 0, -8,
    -4, -4, 0, 0, 0, 0, -4, 0,
    0, 0, 0, 0, 0, 0, 0, 0,
    0, -8, 0, 0, 8, -4, -8, 0,
    0, 0, 0, 0, 0, 0, 0, 0,
    0, 0, 0, 0, 0, 0, 0, -4,
    0, 0, 0, 0, 0, 0, 0, 0,
    0, 0, 0, 0, 0, 0, 0, 0,
    0, 0, -12, 0, -2, 0, -2, 0,
    -2, 0, 4, 0, 0, 0, -2, -2,
    -2, 0, 0, 0, 0, 4, 0, 0,
    0, 0, 0, 0, 0, 0, 0, 0,
    0, 0, 0, 0, 0, 0, 0, 0,
    0, 0, 0, 0, 0, 0, 0, 0,
    0, 0, 0, 0, 0, 0, 0, 0,
    0, 0, 0, 0, -8, 0, 0, 0,
    0, 0, -12, 0, -12, -4, 0, -15,
    0, -19, 0, -2, 0, 0, -4, -2,
    0, 0, 0, 0, 0, -2, -10, 0,
    -8, -4, -2, -4, 0, 0, 0, 0,
    0, 0, 0, 0, 0, 0, 0, 0,
    0, 0, 0, 0, 0, 0, -8, 0,
    0, 0, 0, 0, 0, 0, 0, 0,
    0, 0, 0, 0, 0, 0, 0, 0,
    0, 0, 0, 0, 0, 0, 0, 0,
    0, 0, 0, 0, 0, 0, 0, 0,
    0, 0, -2, 0, -2, 0, -2, 0,
    0, 0, 0, 0, 0, -2, 0, 0,
    0, 0, 0, 0, 0, 0, 0, 0,
    0, 0, 0, 0, 0, 0, 0, 0,
    0, 0, 0, 0, 0, 0, 0, 0,
    0, 0, 0, 0, 0, 0, 0, 0,
    0, 0, 0, 0, 0, 0, 0, 0,
    0, 0, 0, 0, 0, 0, 0, 0,
    0, 0, 0, 0, 0, 0, 0, 0,
    0, -2, 0, -2, 2, -2, 0, 8,
    0, 0, 0, -2, 0, 0, 0, 0,
    0, 0, 6, 0, 0, 0, 0, 0,
    0, 0, 0, 0, 0, 0, 0, 0,
    0, 0, -4, 0, 0, 0, 0, 0,
    0, 0, 0, 0, 0, 0, 0, 0,
    0, 0, 0, 0, 0, 0, 0, 0,
    0, 0, 0, 0, 0, 0, 0, 0,
    0, 0, 0, 0, 0, 0, -12, 0,
    -4, 0, -6, 0, -4, 0, 0, 0,
    0, 0, -4, 0, 0, 0, 0, 0,
    0, 0, 0, 0, -15, 0, 0, 0,
    0, 0, 0, 0, 0, 0, 0, 0,
    0, -4, 0, 0, 0, 0, 0, 0,
    0, 0, 0, 0, 0, 0, 0, 0,
    0, 0, 0, 0, 0, 0, 0, 0,
    0, 0, 0, 0, 0, 0, 0, 0,
    0, 0, 0, 0, 0, 0, 0, -2,
    0, -2, 0, -2, 0, 0, 0, 0,
    0, -2, 2, 0, 0, 0, 0, 0,
    4, 0, 0, 0, 0, 0, 0, 0,
    0, 0, 0, 0, 0, 0, 0, 0,
    0, 0, 0, 0, 0, 0, 0, 0,
    0, 0, 0, -8, 0, 0, 0, 0,
    0, 0, 0, 0, 0, 0, 0, -15,
    0, 0, 0, 0, 0, 0, 0, 0,
    0, 0, 0, 0, -23, 0, 0, -2,
    0, -6, 0, -4, -2, -4, -2, -4,
    -2, -6, -2, -4, -4, -4, -8, -4,
    0, 0, 0, 0, 0, 0, 0, -8,
    0, 0, 0, 0, 0, -4, -4, 0,
    0, 0, 0, 0, 0, 0, 0, 0,
    0, 0, -8, 0, 0, 0, 0, 0,
    0, 0, 0, 0, 0, 0, -12, 0,
    0, 0, 0, 0, 0, 0, 0, 0,
    0, 0, 0, -23, -8, 0, -4, 0,
    -6, 0, -2, -2, -2, -4, -2, -2,
    -8, -2, -4, -4, -4, -8, -4, 0,
    0, 0, 0, 0, 0, 0, 0, 0,
    0, -12, 0, 0, -2, -2, 0, 0,
    0, 0, 0, 0, 0, 0, 0, 0,
    0, 0, 0, 0, 0, 0, 0, 0,
    0, 0, 0, 0, 0, 0, 0, 0,
    0, 0, 0, 0, 0, 0, 0, 0,
    0, 0, 0, 0, -2, 0, -2, 2,
    -2, 0, 13, 0, 0, 0, -2, 2,
    0, 0, 0, 0, 0, 6, 0, 0,
    0, 0, 0, 0, 0, 0, 0, 0,
    0, 0, 0, 0, 0, 0, 0, 0,
    0, 0, 0, 0, 0, 0, -35, 0,
    -27, 0, 0, 0, 0, 0, 0, 0,
    0, 0, 0, 0, 0, 0, 0, 0,
    0, 0, 0, 0, 0, 0, 0, 0,
    0, 0, -19, -8, 2, -12, 0, -10,
    0, 0, 0, 0, 0, -8, 4, 0,
    4, 4, 4, 4, -4, 0, 0, -4,
    0, 0, 0, 0, 0, 0, 0, -15,
    0, 0, 0, 0, -12, 0, 0, 0,
    0, 0, 0, 0, 0, 0, 0, 0,
    0, 0, 0, 0, 0, 0, 0, 0,
    0, 0, 0, 0, 0, 0, 0, 0,
    0, 0, 0, 0, 0, 0, 0, 0,
    -23, 0, 2, 0, 2, 0, 2, -2,
    -2, -2, -2, -2, 0, -2, 0, 0,
    0, 0, 0, 0, 0, 0, 0, 0,
    0, 0, 0, 0, 0, 0, 0, 0,
    0, -2, -2, 0, 0, 0, 0, 0,
    0, 0, 0, 0, 0, 0, 0, 0,
    0, 0, 0, 0, 0, 0, 0, 0,
    0, 0, 0, 0, 0, 0, 0, 0,
    0, 0, 0, 0, 0, 0, 0, -12,
    0, -4, 2, -2, 4, -2, 2, 0,
    2, 2, 0, 4, -2, 0, 2, 6,
    6, 2, 4, 0, 0, -4, 0, 0,
    0, 0, 0, 0, 0, 0, 0, 0,
    0, 2, -4, 0, 0, 0, 0, 0,
    0, 0, 0, 0, 0, -4, 0, 0,
    0, 0, 0, 0, 0, 0, 0, 0,
    0, 0, 0, 0, 0, 0, 0, 0,
    0, 0, 0, 0, 0, 0, -15, 0,
    -2, 0, -2, 2, -2, 0, 0, 0,
    0, 0, -2, 2, 0, 0, 0, 0,
    0, 6, 0, 0, 0, 0, 0, 0,
    0, 0, 0, 0, 0, 0, 0, 0,
    0, 0, 0, 0, 0, 0, 0, 0,
    0, 0, -19, 0, -19, 0, 0, 0,
    0, 0, 0, 0, 0, 0, 0, 0,
    0, 0, 0, 0, 0, 0, 0, 0,
    0, 0, 0, 0, 0, 0, -19, -4,
    0, -6, 0, -6, 0, 0, 0, 0,
    0, -4, 0, 0, 0, 0, 0, 0,
    0, 0, 0, 0, 0, 0, 0, 0,
    0, 0, 0, -12, 0, 0, 0, 0,
    -8, 0, 0, 0, 0, 0, 0, 0,
    0, -12, 0, -15, 0, 0, 0, 0,
    0, 0, 0, 0, 0, 0, 0, 0,
    0, 0, 0, 0, 0, 0, 0, 0,
    0, 0, 0, 0, 0, -12, -4, 0,
    -4, 0, -4, 0, 0, 0, 0, 0,
    0, 0, 0, 0, 0, 0, 0, 0,
    0, 0, 0, 0, 0, 0, 0, 0,
    0, 0, 0, 0, 0, 0, 0, -4,
    0, 0, 0, 0, 0, 0, 0, 0,
    0, 0, 0, 0, 0, 0, 0, 0,
    0, 0, 0, 0, 0, 0, 0, 0,
    0, 0, 0, 0, 0, 0, 0, 0,
    0, 0, 0, -12, 0, -4, 0, -6,
    0, -6, 0, 0, 0, 0, 0, -6,
    0, 0, 0, 0, 0, 0, 0, 0,
    0, -12, 0, 0, 0, 0, 0, 0,
    0, 0, 0, 0, 0, 0, -4, 0,
    0, 0, 0, 0, -8, 0, 0, -27,
    0, -27, 0, 0, 0, 0, 0, 0,
    0, 0, 0, 0, 0, 0, 0, 0,
    0, 0, 0, 0, 0, 0, 0, 0,
    0, 0, -8, -23, -10, -4, -8, 0,
    -8, 0, 0, 0, 0, 0, -4, 0,
    0, 0, 0, 0, 0, 0, 0, 0,
    0, 0, 0, 0, 0, 0, 0, 0,
    -23, 0, 0, 0, 0, -12, 0, 0,
    0, 0, 0, 0, 0, 0, 0, 0,
    0, 0, 0, 0, 0, 0, 0, 0,
    0, 0, 0, 0, 0, 0, 0, 0,
    0, 0, 0, 0, 0, 0, 0, 0,
    0, -12, 0, -4, 4, -4, 0, -4,
    4, 4, 0, 4, 0, 0, 0, 0,
    0, 0, 0, 0, 0, 0, 0, 0,
    0, 0, 0, 0, 0, 0, 0, 0,
    0, 0, 2, 2, 0, 0, 0, 0,
    0, 0, 0, 0, 0, 0, 0, 0,
    0, 0, 0, 0, 0, 0, 0, 0,
    0, 0, 0, 0, 0, -8, 0, -31,
    0, 0, 0, 0, 0, 0, 0, 0,
    0, 0, 0, 0, 0, 0, 0, 0,
    0, 0, 0, 0, 0, 0, 0, 0,
    0, 0, 0, 0, 0, 0, 0, 0,
    0, 0, 0, 0, 0, 0, 0, 0,
    0, 0, 0, 0, 0, 0, 0, 0,
    0, 0, 0, 0, 0, 0, 0, 0,
    0, 0, 0, 0, 0, 0, 0, 0,
    0, 0, 0, 0, 0, 0, 0, 0,
    -12, 0, 0, 0, 0, -12, 0, 0,
    0, 0, 0, -8, 0, 0, 0, -8,
    0, 0, 0, 0, 0, 0, 0, 0,
    0, 0, 0, 0, 0, 0, 0, 0,
    0, 0, 0, 0, 0, 0, 0, 0,
    0, 0, -12, 0, 0, 0, 0, 0,
    0, 0, 0, 0, 0, 0, 0, 0,
    0, 0, 0, 0, 0, 0, 0, 0,
    0, 0, 0, 0, 0, 0, 0, 0,
    0, -8, 0, 0, -4, 0, 0, 0,
    0, 0, 0, 0, 0, 0, 0, 0,
    0, 0, 0, 0, 0, 0, 0, 0,
    0, 0, 0, 0, 0, 0, 0, 0,
    0, 0, 0, 0, 0, 0, 0, 0,
    0, 0, 0, 0, 0, 0, 0, 0,
    0, 0, 0, 0, 0, 0, 0, 0,
    0, 0, 0, 0, 0, 0, 0, 0,
    0, 0, 0, 0, 0, 0, -15, 0,
    -23, -12, -12, -27, 0, 0, 0, 0,
    0, 0, 0, 0, 0, -4, 0, 0,
    0, 0, 0, 0, 0, 0, -12, -12,
    0, 0, 0, 0, 0, 0, 0, 0,
    0, 0, 0, 0, 0, 0, 0, 0,
    0, 0, 0, 0, 0, 0, 0, 0,
    0, 0, 0, 0, -19, 0, 0, 0,
    0, 0, 0, 0, 0, 0, 0, 0,
    0, 0, -19, -12, 0, -35, -15, -38,
    -35, 0, -42, -8, 0, 0, -12, 0,
    -23, -23, 0, -15, 0, -15, 0, 0,
    -19, -23, -15, -23, -19, -15, -15, 0,
    0, 0, 0, 0, 0, 0, 0, 0,
    0, 0, 0, 0, 0, -15, -15, -19,
    0, 0, 0, 0, 0, 0, 0, 0,
    0, 0, 0, 0, 0, 0, 0, 0,
    0, 0, 0, 0, 0, 0, 0, 0,
    0, -4, 0, 0, 0, 0, -6, 0,
    0, 0, 0, 0, 0, -6, 0, 0,
    -8, 0, 0, 0, 0, 0, 0, 0,
    -4, -4, -4, -4, 0, -4, 0, 0,
    0, 0, 0, 0, 0, 0, 0, 0,
    0, 0, 0, 12, 0, 0, -4, 0,
    0, 0, 0, 0, 0, 0, 0, -15,
    0, -15, 0, 0, 0, 0, 0, 0,
    0, 0, 0, 0, 0, -8, 0, -12,
    0, -8, 0, -8, 0, -4, 0, -8,
    -15, 0, -15, -31, 0, 0, 0, 0,
    0, 0, 0, 0, 0, 0, 0, 0,
    0, 0, 0, 0, 0, 0, 0, 0,
    0, 0, 0, 0, 0, 0, 0, 0,
    -8, -19, 0, 0, 0, 0, 0, 0,
    0, 0, 0, 0, 0, 0, -8, 0,
    0, 0, 0, 0, 0, 0, 0, 0,
    0, 0, 0, 0, 0, 0, 0, 0,
    0, 0, 0, 0, 0, 0, 0, 0,
    0, 0, -8, 0, 0, 0, -4, 0,
    0, 0, 0, 0, 0, 0, -4, 0,
    -4, 0, -4, -4, 0, 0, 0, 0,
    0, 0, 0, 0, 0, 0, 0, 0,
    0, 0, 0, 0, 0, 0, 0, 0,
    0, 0, 0, 0, 0, 0, 0, 0,
    0, 0, 0, 0, 0, 0, 0, 0,
    0, 0, 0, 0, 0, 0, 0, 0,
    0, 0, 0, 0, 0, 0, 0, 0,
    0, 0, -2, 0, -2, 0, -2, 0,
    0, 0, 0, 0, 0, -2, 0, 0,
    0, 0, 0, 0, 0, 0, 0, 0,
    0, 0, 0, 0, 0, 0, 0, 0,
    0, 15, 0, 0, 0, 0, 0, 0,
    0, 0, 0, 0, 0, 0, 0, 0,
    0, 0, 0, 0, 0, 0, 0, 0,
    0, 0, -8, 0, 0, 0, 0, 0,
    0, 0, 0, 0, 0, 0, 0, 0,
    0, 0, 0, 0, 0, 0, 0, 0,
    0, 0, 0, 0, -4, 0, 0, 0,
    0, 0, 0, 0, 0, 0, 0, 0,
    0, 0, 0, 0, 0, 0, 0, 0,
    0, 0, 0, 0, 0, 0, 0, 0,
    0, 0, 0, 0, 0, 0, 0, 0,
    0, 0, 0, 0, 0, 0, 0, 0,
    0, 0, 0, 0, 0, 0, 0, 0,
    0, 0, 0, 0, 0, 0, 0, 0,
    -2, 0, -2, -2, -2, 0, 0, 0,
    0, 0, -2, -4, 0, 0, 0, 0,
    0, 0, 0, 0, 0, 0, 0, 0,
    0, 0, 0, 0, 0, 0, 0, 0,
    0, 0, 0, 0, 0, 0, 0, 0,
    0, 0, 0, 0, 0, 0, 0, 0,
    0, 0, 0, 0, 0, 0, 0, 0,
    0, 0, 0, 0, 0, 0, 0, 0,
    0, 0, 0, 0, 0, 0, 0, 0,
    0, 0, 0, 0, 0, 0, 0, 0,
    0, 0, 0, 0, 0, 0, 0, 0,
    0, 0, 0, 0, 0, 0, 0, 0,
    0, 0, 0, 0, 0, 0, 0, 0,
    0, -8, 0, 0, 0, 0, 0, 0,
    0, 0, 0, 0, 0, 0, 0, 0,
    0, 0, 0, 0, 0, 0, 0, 0,
    0, 0, 0, 0, 0, 0, 0, 0,
    0, 0, 0, 0, 0, 0, 0, 0,
    0, 0, 0, 0, 0, 0, 0, 0,
    0, 0, 0, 0, 0, 0, 0, 0,
    0, 0, 0, 0, 0, 0, 0, 0,
    0, 0, 0, 0, 0, 0, 0, 0,
    -19, 0, 0, 0, 0, 0, 0, 0,
    0, 0, 0, 0, 0, 0, 0, 0,
    0, 0, 0, 0, 0, 0, 0, 0,
    -23, -12, -19, 0, 0, 0, 0, 0,
    0, 0, 0, 0, 0, 0, 0, -19,
    -12, -15, -12, 0, -12, -15, -12, -19,
    -8, -15, -12, -8, 0, -8, 0, 0,
    0, 0, 0, 0, 0, 0, 0, 0,
    0, 0, -46, 0, -12, -12, 0, 0,
    -12
};


/*Collect the kern class' data in one place*/
static const lv_font_fmt_txt_kern_classes_t kern_classes =
{
    .class_pair_values   = kern_class_values,
    .left_class_mapping  = kern_left_class_mapping,
    .right_class_mapping = kern_right_class_mapping,
    .left_class_cnt      = 87,
    .right_class_cnt     = 71,
};

/*--------------------
 *  ALL CUSTOM DATA
 *--------------------*/

#if LVGL_VERSION_MAJOR == 8
/*Store all the custom data of the font*/
static  lv_font_fmt_txt_glyph_cache_t cache;
#endif

#if LVGL_VERSION_MAJOR >= 8
static const lv_font_fmt_txt_dsc_t font_dsc = {
#else
static lv_font_fmt_txt_dsc_t font_dsc = {
#endif
    .glyph_bitmap = glyph_bitmap,
    .glyph_dsc = glyph_dsc,
    .cmaps = cmaps,
    .kern_dsc = &kern_classes,
    .kern_scale = 16,
    .cmap_num = 6,
    .bpp = 8,
    .kern_classes = 1,
    .bitmap_format = 0,
#if LVGL_VERSION_MAJOR == 8
    .cache = &cache
#endif
};



/*-----------------
 *  PUBLIC FONT
 *----------------*/

/*Initialize a public general font descriptor*/
#if LVGL_VERSION_MAJOR >= 8
const lv_font_t ProductSansBold_24 = {
#else
lv_font_t ProductSansBold_24 = {
#endif
    .get_glyph_dsc = lv_font_get_glyph_dsc_fmt_txt,    /*Function pointer to get glyph's data*/
    .get_glyph_bitmap = lv_font_get_bitmap_fmt_txt,    /*Function pointer to get glyph's bitmap*/
    .line_height = 30,          /*The maximum line height required by the font*/
    .base_line = 7,             /*Baseline measured from the bottom of the line*/
#if !(LVGL_VERSION_MAJOR == 6 && LVGL_VERSION_MINOR == 0)
    .subpx = LV_FONT_SUBPX_NONE,
#endif
#if LV_VERSION_CHECK(7, 4, 0) || LVGL_VERSION_MAJOR >= 8
    .underline_position = -6,
    .underline_thickness = 1,
#endif
    .dsc = &font_dsc,          /*The custom font data. Will be accessed by `get_glyph_bitmap/dsc` */
#if LV_VERSION_CHECK(8, 2, 0) || LVGL_VERSION_MAJOR >= 9
    .fallback = NULL,
#endif
    .user_data = NULL,
};



#endif /*#if PRODUCTSANSBOLD_24*/

