/*******************************************************************************
 * Size: 16 px
 * Bpp: 8
 * Opts: --size 16 --bpp 8 --format lvgl --font /Users/garrett/Documents/GWatch-Paris/components/fonts/files/ProductSans-Bold.ttf --output /Users/garrett/Documents/GWatch-Paris/components/fonts/generated/ProductSansBold_16.c --no-compress --range 0x20-0x7F,0xA0-0x24F,0x2000-0x21FF
 ******************************************************************************/

#ifdef LV_LVGL_H_INCLUDE_SIMPLE
#include "lvgl.h"
#else
#include "lvgl/lvgl.h"
#endif

#ifndef PRODUCTSANSBOLD_16
#define PRODUCTSANSBOLD_16 1
#endif

#if PRODUCTSANSBOLD_16

/*-----------------
 *    BITMAPS
 *----------------*/

/*Store the image of the glyphs*/
static LV_ATTRIBUTE_LARGE_CONST const uint8_t glyph_bitmap[] = {
    /* U+0020 " " */

    /* U+0021 "!" */
    0x0, 0xec, 0xff, 0x3c, 0x0, 0xec, 0xff, 0x3c,
    0x0, 0xec, 0xff, 0x3c, 0x0, 0xe8, 0xff, 0x38,
    0x0, 0xdc, 0xff, 0x2b, 0x0, 0xce, 0xff, 0x1d,
    0x0, 0xc1, 0xff, 0x10, 0x0, 0x50, 0x70, 0x2,
    0x0, 0x81, 0xa3, 0x15, 0x2e, 0xff, 0xff, 0x79,
    0x8, 0xc5, 0xe7, 0x31,

    /* U+0022 "\"" */
    0x4c, 0xff, 0x9c, 0x8c, 0xff, 0x5c, 0x4c, 0xff,
    0x9c, 0x8c, 0xff, 0x5c, 0x4c, 0xff, 0x9c, 0x8c,
    0xff, 0x5c, 0x2b, 0x94, 0x5a, 0x50, 0x94, 0x35,

    /* U+0023 "#" */
    0x0, 0x0, 0x0, 0xb0, 0xff, 0x18, 0x1f, 0xff,
    0xa4, 0x0, 0x0, 0x0, 0x0, 0x0, 0xd6, 0xf1,
    0x0, 0x44, 0xff, 0x7f, 0x0, 0x0, 0x0, 0x0,
    0x3, 0xf9, 0xcb, 0x0, 0x69, 0xff, 0x5a, 0x0,
    0x0, 0x2, 0xf7, 0xff, 0xff, 0xff, 0xff, 0xff,
    0xff, 0xff, 0xff, 0xc, 0x10, 0x9c, 0xbc, 0xff,
    0xc7, 0x9c, 0xe3, 0xff, 0x9d, 0x8f, 0x0, 0x0,
    0x0, 0x6b, 0xff, 0x53, 0x0, 0xd3, 0xeb, 0x0,
    0x0, 0x0, 0x41, 0xa0, 0xd0, 0xff, 0xb4, 0xa0,
    0xf8, 0xee, 0xa0, 0x61, 0x0, 0x8b, 0xff, 0xff,
    0xff, 0xff, 0xff, 0xff, 0xff, 0xff, 0x7b, 0x0,
    0x0, 0x0, 0xdc, 0xe8, 0x0, 0x4c, 0xff, 0x78,
    0x0, 0x0, 0x0, 0x0, 0x6, 0xfc, 0xc1, 0x0,
    0x72, 0xff, 0x51, 0x0, 0x0, 0x0, 0x0, 0x29,
    0xff, 0x9b, 0x0, 0x99, 0xff, 0x2b, 0x0, 0x0,
    0x0,

    /* U+0024 "$" */
    0x0, 0x0, 0x0, 0x23, 0xfc, 0x46, 0x0, 0x0,
    0x0, 0x0, 0x0, 0x31, 0x93, 0xff, 0xa1, 0x2d,
    0x0, 0x0, 0x0, 0x67, 0xfc, 0xff, 0xff, 0xff,
    0xfb, 0x5e, 0x0, 0x7, 0xf7, 0xfc, 0x92, 0xff,
    0xb8, 0xff, 0xd0, 0x1, 0x1e, 0xff, 0xe2, 0x24,
    0xff, 0x48, 0x3a, 0x2, 0x0, 0x0, 0xdc, 0xff,
    0xbf, 0xff, 0x48, 0x0, 0x0, 0x0, 0x0, 0x34,
    0xe6, 0xff, 0xff, 0xbd, 0x37, 0x0, 0x0, 0x0,
    0x0, 0x10, 0x86, 0xff, 0xff, 0xfd, 0x73, 0x0,
    0x0, 0x2, 0x9, 0x24, 0xff, 0x99, 0xfb, 0xfc,
    0x1c, 0x4b, 0xde, 0x92, 0x24, 0xff, 0x48, 0xcf,
    0xff, 0x3f, 0x35, 0xfe, 0xfd, 0xa4, 0xff, 0xb4,
    0xfe, 0xfb, 0x15, 0x0, 0x74, 0xfd, 0xff, 0xff,
    0xff, 0xfe, 0x74, 0x0, 0x0, 0x0, 0x2e, 0x93,
    0xff, 0xa5, 0x34, 0x0, 0x0, 0x0, 0x0, 0x0,
    0x24, 0xff, 0x48, 0x0, 0x0, 0x0,

    /* U+0025 "%" */
    0x0, 0x57, 0xd7, 0xf2, 0xb9, 0x25, 0x0, 0x0,
    0x0, 0xa9, 0x67, 0x0, 0x0, 0x35, 0xfd, 0xd9,
    0x9e, 0xf7, 0xd9, 0x1, 0x0, 0x67, 0xff, 0x72,
    0x0, 0x0, 0x6f, 0xff, 0x47, 0x0, 0xa0, 0xff,
    0x19, 0x24, 0xf4, 0xbe, 0x1, 0x0, 0x0, 0x36,
    0xfd, 0xdd, 0xa6, 0xf6, 0xdb, 0x4, 0xc7, 0xef,
    0x1d, 0x0, 0x0, 0x0, 0x0, 0x59, 0xd7, 0xf3,
    0xba, 0x27, 0x7d, 0xff, 0x59, 0x0, 0x0, 0x0,
    0x0, 0x0, 0x0, 0x0, 0x0, 0x0, 0x33, 0xfa,
    0xa7, 0x15, 0x6d, 0x77, 0x29, 0x0, 0x0, 0x0,
    0x0, 0x0, 0x9, 0xd7, 0xe3, 0x2b, 0xe7, 0xff,
    0xff, 0xf9, 0x46, 0x0, 0x0, 0x0, 0x0, 0x93,
    0xfe, 0x43, 0x8c, 0xff, 0x4e, 0x24, 0xf1, 0xc7,
    0x0, 0x0, 0x0, 0x46, 0xfe, 0x8e, 0x0, 0xa3,
    0xff, 0x14, 0x0, 0xd9, 0xde, 0x0, 0x0, 0x11,
    0xe4, 0xd3, 0x7, 0x0, 0x55, 0xff, 0xc7, 0xae,
    0xff, 0x92, 0x0, 0x0, 0x24, 0xc4, 0x2f, 0x0,
    0x0, 0x0, 0x72, 0xe2, 0xec, 0x98, 0xb,

    /* U+0026 "&" */
    0x0, 0x0, 0x35, 0xc2, 0xf4, 0xdf, 0x67, 0x0,
    0x0, 0x0, 0x0, 0x10, 0xec, 0xff, 0xeb, 0xfe,
    0xff, 0x46, 0x0, 0x0, 0x0, 0x42, 0xff, 0xc7,
    0x1, 0x47, 0x59, 0x3, 0x0, 0x0, 0x0, 0x1b,
    0xfa, 0xf3, 0x2b, 0x0, 0x0, 0x0, 0x0, 0x0,
    0x0, 0x15, 0xda, 0xff, 0xe4, 0x1f, 0x0, 0x0,
    0x0, 0x0, 0x2, 0xca, 0xff, 0xd2, 0xff, 0xda,
    0x16, 0x0, 0x6, 0x0, 0x46, 0xff, 0xc8, 0x2,
    0x9e, 0xff, 0xce, 0x21, 0xdf, 0x88, 0x64, 0xff,
    0xa8, 0x0, 0x3, 0xad, 0xff, 0xf6, 0xff, 0x73,
    0x32, 0xff, 0xf7, 0x49, 0x0, 0x9, 0xde, 0xff,
    0xe6, 0x4, 0x0, 0x8f, 0xff, 0xff, 0xeb, 0xf0,
    0xff, 0xff, 0xff, 0x93, 0x0, 0x1, 0x5e, 0xd0,
    0xf8, 0xe3, 0x9e, 0x35, 0xc4, 0x32,

    /* U+0027 "'" */
    0x4c, 0xff, 0x9c, 0x4c, 0xff, 0x9c, 0x4c, 0xff,
    0x9c, 0x2b, 0x94, 0x5a,

    /* U+0028 "(" */
    0x0, 0x0, 0x15, 0x9, 0x0, 0x0, 0x5, 0xc5,
    0xd9, 0x25, 0x0, 0x71, 0xff, 0xd9, 0xa, 0xc,
    0xec, 0xff, 0x47, 0x0, 0x58, 0xff, 0xcc, 0x0,
    0x0, 0xa8, 0xff, 0x79, 0x0, 0x0, 0xd0, 0xff,
    0x40, 0x0, 0x0, 0xec, 0xff, 0x29, 0x0, 0x0,
    0xe8, 0xff, 0x2d, 0x0, 0x0, 0xcb, 0xff, 0x47,
    0x0, 0x0, 0x9b, 0xff, 0x86, 0x0, 0x0, 0x49,
    0xff, 0xdc, 0x3, 0x0, 0x5, 0xde, 0xff, 0x60,
    0x0, 0x0, 0x58, 0xff, 0xec, 0x18, 0x0, 0x0,
    0xa8, 0xb4, 0x17, 0x0, 0x0, 0x6, 0x0, 0x0,

    /* U+0029 ")" */
    0x0, 0x1b, 0x3, 0x0, 0x0, 0x50, 0xf1, 0x87,
    0x0, 0x0, 0x2e, 0xf8, 0xfd, 0x2d, 0x0, 0x0,
    0x8a, 0xff, 0xb0, 0x0, 0x0, 0x16, 0xfa, 0xfc,
    0x14, 0x0, 0x0, 0xbc, 0xff, 0x63, 0x0, 0x0,
    0x82, 0xff, 0x99, 0x0, 0x0, 0x6a, 0xff, 0xb1,
    0x0, 0x0, 0x6e, 0xff, 0xae, 0x0, 0x0, 0x88,
    0xff, 0x92, 0x0, 0x0, 0xca, 0xff, 0x57, 0x0,
    0x25, 0xfe, 0xf6, 0xc, 0x0, 0xa3, 0xff, 0x9b,
    0x0, 0x49, 0xff, 0xf6, 0x1c, 0x0, 0x36, 0xd9,
    0x66, 0x0, 0x0, 0x0, 0x6, 0x0, 0x0, 0x0,

    /* U+002A "*" */
    0x0, 0x0, 0xc, 0xff, 0x78, 0x0, 0x0, 0x5,
    0x92, 0x4c, 0xff, 0x93, 0x75, 0x49, 0x2f, 0xf1,
    0xff, 0xff, 0xff, 0xff, 0x8d, 0x0, 0x8, 0xd0,
    0xff, 0xff, 0x47, 0x0, 0x0, 0x66, 0xff, 0x91,
    0xed, 0xcc, 0x6, 0x0, 0x2d, 0x93, 0x1, 0x4d,
    0x74, 0x1,

    /* U+002B "+" */
    0x0, 0x0, 0x0, 0x64, 0xff, 0x78, 0x0, 0x0,
    0x0, 0x0, 0x0, 0x0, 0x64, 0xff, 0x78, 0x0,
    0x0, 0x0, 0x0, 0x0, 0x0, 0x64, 0xff, 0x78,
    0x0, 0x0, 0x0, 0x1c, 0xff, 0xff, 0xff, 0xff,
    0xff, 0xff, 0xff, 0x34, 0x17, 0xd4, 0xd4, 0xe5,
    0xff, 0xe8, 0xd4, 0xd4, 0x2b, 0x0, 0x0, 0x0,
    0x64, 0xff, 0x78, 0x0, 0x0, 0x0, 0x0, 0x0,
    0x0, 0x64, 0xff, 0x78, 0x0, 0x0, 0x0, 0x0,
    0x0, 0x0, 0x14, 0x34, 0x18, 0x0, 0x0, 0x0,

    /* U+002C "," */
    0x6, 0xbf, 0xe9, 0x37, 0x20, 0xff, 0xff, 0x82,
    0x0, 0xa4, 0xf6, 0x24, 0xe, 0xe2, 0x70, 0x0,
    0xa, 0x70, 0x1, 0x0,

    /* U+002D "-" */
    0x17, 0xd4, 0xd4, 0xd4, 0xd4, 0xd4, 0x42, 0x1c,
    0xff, 0xff, 0xff, 0xff, 0xff, 0x50,

    /* U+002E "." */
    0x0, 0x81, 0xa3, 0x15, 0x2e, 0xff, 0xff, 0x79,
    0x8, 0xc5, 0xe7, 0x31,

    /* U+002F "/" */
    0x0, 0x0, 0x0, 0x0, 0x11, 0xf5, 0xf6, 0x12,
    0x0, 0x0, 0x0, 0x0, 0x76, 0xff, 0x99, 0x0,
    0x0, 0x0, 0x0, 0x3, 0xe1, 0xff, 0x2c, 0x0,
    0x0, 0x0, 0x0, 0x53, 0xff, 0xbc, 0x0, 0x0,
    0x0, 0x0, 0x0, 0xc2, 0xff, 0x4e, 0x0, 0x0,
    0x0, 0x0, 0x30, 0xff, 0xdd, 0x2, 0x0, 0x0,
    0x0, 0x0, 0x9f, 0xff, 0x71, 0x0, 0x0, 0x0,
    0x0, 0x15, 0xf7, 0xf3, 0xf, 0x0, 0x0, 0x0,
    0x0, 0x7c, 0xff, 0x94, 0x0, 0x0, 0x0, 0x0,
    0x5, 0xe5, 0xfe, 0x27, 0x0, 0x0, 0x0, 0x0,
    0x59, 0xff, 0xb7, 0x0, 0x0, 0x0, 0x0, 0x0,

    /* U+0030 "0" */
    0x0, 0x0, 0x14, 0x97, 0xe7, 0xf8, 0xd0, 0x61,
    0x0, 0x0, 0x0, 0x14, 0xdb, 0xff, 0xff, 0xfd,
    0xff, 0xff, 0x85, 0x0, 0x0, 0x9d, 0xff, 0xd7,
    0x27, 0x4, 0x6b, 0xfd, 0xfe, 0x33, 0x9, 0xf8,
    0xff, 0x39, 0x0, 0x0, 0x0, 0xa4, 0xff, 0x96,
    0x37, 0xff, 0xeb, 0x0, 0x0, 0x0, 0x0, 0x53,
    0xff, 0xcd, 0x48, 0xff, 0xd3, 0x0, 0x0, 0x0,
    0x0, 0x3c, 0xff, 0xdf, 0x37, 0xff, 0xeb, 0x0,
    0x0, 0x0, 0x0, 0x53, 0xff, 0xce, 0xa, 0xf8,
    0xff, 0x39, 0x0, 0x0, 0x0, 0xa4, 0xff, 0x97,
    0x0, 0x9e, 0xff, 0xd6, 0x23, 0x2, 0x68, 0xfd,
    0xfe, 0x34, 0x0, 0x16, 0xde, 0xff, 0xff, 0xfb,
    0xff, 0xff, 0x88, 0x0, 0x0, 0x0, 0x16, 0x9b,
    0xe9, 0xf8, 0xd2, 0x65, 0x0, 0x0,

    /* U+0031 "1" */
    0x0, 0x0, 0x30, 0xa4, 0xd0, 0x5b, 0x1f, 0xb9,
    0xff, 0xff, 0xff, 0x70, 0xd, 0xf1, 0xef, 0xe5,
    0xff, 0x70, 0x0, 0x37, 0x9, 0xa8, 0xff, 0x70,
    0x0, 0x0, 0x0, 0xa8, 0xff, 0x70, 0x0, 0x0,
    0x0, 0xa8, 0xff, 0x70, 0x0, 0x0, 0x0, 0xa8,
    0xff, 0x70, 0x0, 0x0, 0x0, 0xa8, 0xff, 0x70,
    0x0, 0x0, 0x0, 0xa8, 0xff, 0x70, 0x0, 0x0,
    0x0, 0xa8, 0xff, 0x70, 0x0, 0x0, 0x0, 0xa8,
    0xff, 0x70,

    /* U+0032 "2" */
    0x0, 0x10, 0x91, 0xdf, 0xf2, 0xc6, 0x4c, 0x0,
    0x0, 0x4, 0xc9, 0xff, 0xff, 0xfe, 0xff, 0xff,
    0x4a, 0x0, 0x25, 0xd7, 0xed, 0x28, 0x8, 0x9a,
    0xff, 0xc2, 0x0, 0x0, 0x0, 0x1b, 0x0, 0x0,
    0x4b, 0xff, 0xce, 0x0, 0x0, 0x0, 0x0, 0x0,
    0x1, 0xb6, 0xff, 0x8f, 0x0, 0x0, 0x0, 0x0,
    0x0, 0x90, 0xff, 0xdf, 0x13, 0x0, 0x0, 0x0,
    0x1, 0x95, 0xff, 0xf1, 0x31, 0x0, 0x0, 0x0,
    0x1, 0x97, 0xff, 0xf0, 0x38, 0x0, 0x0, 0x0,
    0x2, 0x9d, 0xff, 0xed, 0x34, 0x0, 0x0, 0x0,
    0x0, 0x42, 0xff, 0xff, 0xea, 0xd0, 0xd0, 0xd0,
    0xd0, 0x3, 0x44, 0xff, 0xff, 0xff, 0xff, 0xff,
    0xff, 0xff, 0x4,

    /* U+0033 "3" */
    0x0, 0x7, 0x81, 0xda, 0xf5, 0xd3, 0x70, 0x2,
    0x0, 0x0, 0xae, 0xff, 0xff, 0xf4, 0xff, 0xff,
    0x84, 0x0, 0x7, 0x83, 0xd0, 0x2e, 0x0, 0x70,
    0xff, 0xe2, 0x0, 0x0, 0x0, 0x0, 0x0, 0x0,
    0x75, 0xff, 0xbf, 0x0, 0x0, 0x0, 0x0, 0xa4,
    0xeb, 0xff, 0xe4, 0x2f, 0x0, 0x0, 0x0, 0x0,
    0xbc, 0xff, 0xff, 0xed, 0x52, 0x0, 0x0, 0x0,
    0x0, 0x0, 0xa, 0x62, 0xfe, 0xf6, 0x15, 0x0,
    0x39, 0x5e, 0x0, 0x0, 0x0, 0xe6, 0xff, 0x46,
    0x39, 0xff, 0xf8, 0x50, 0xe, 0x60, 0xff, 0xff,
    0x31, 0x0, 0xb0, 0xff, 0xff, 0xff, 0xff, 0xff,
    0xae, 0x0, 0x0, 0x6, 0x7e, 0xdc, 0xf7, 0xda,
    0x82, 0x9, 0x0,

    /* U+0034 "4" */
    0x0, 0x0, 0x0, 0x0, 0x5, 0xcf, 0xff, 0xc8,
    0x0, 0x0, 0x0, 0x0, 0x0, 0x0, 0x7f, 0xff,
    0xff, 0xc8, 0x0, 0x0, 0x0, 0x0, 0x0, 0x2e,
    0xfa, 0xff, 0xff, 0xc8, 0x0, 0x0, 0x0, 0x0,
    0x4, 0xcd, 0xff, 0xa7, 0xff, 0xc8, 0x0, 0x0,
    0x0, 0x0, 0x7c, 0xff, 0xac, 0x4c, 0xff, 0xc8,
    0x0, 0x0, 0x0, 0x2c, 0xf9, 0xeb, 0x16, 0x4c,
    0xff, 0xc8, 0x0, 0x0, 0x3, 0xcb, 0xff, 0x56,
    0x0, 0x4c, 0xff, 0xc8, 0x0, 0x0, 0x52, 0xff,
    0xff, 0xec, 0xec, 0xf1, 0xff, 0xfb, 0xec, 0x24,
    0x5c, 0xff, 0xff, 0xff, 0xff, 0xff, 0xff, 0xff,
    0xff, 0x28, 0x0, 0x0, 0x0, 0x0, 0x0, 0x4c,
    0xff, 0xc8, 0x0, 0x0, 0x0, 0x0, 0x0, 0x0,
    0x0, 0x4c, 0xff, 0xc8, 0x0, 0x0,

    /* U+0035 "5" */
    0x0, 0x7b, 0xff, 0xff, 0xff, 0xff, 0xff, 0xc0,
    0x0, 0x0, 0x97, 0xff, 0xdf, 0xd0, 0xd0, 0xd0,
    0x9c, 0x0, 0x0, 0xb4, 0xff, 0x39, 0x0, 0x0,
    0x0, 0x0, 0x0, 0x0, 0xd1, 0xff, 0x12, 0x0,
    0x0, 0x0, 0x0, 0x0, 0x0, 0xee, 0xf8, 0x9e,
    0xec, 0xe4, 0x93, 0xe, 0x0, 0x4, 0xe3, 0xff,
    0xfe, 0xe4, 0xfc, 0xff, 0xbc, 0x1, 0x0, 0x3,
    0x52, 0x2a, 0x0, 0x2c, 0xf3, 0xff, 0x43, 0x0,
    0x20, 0x42, 0x0, 0x0, 0x0, 0xbe, 0xff, 0x65,
    0x29, 0xff, 0xf0, 0x33, 0x0, 0x35, 0xf4, 0xff,
    0x3e, 0x0, 0xa8, 0xff, 0xff, 0xf1, 0xff, 0xff,
    0xae, 0x0, 0x0, 0x4, 0x79, 0xdb, 0xf7, 0xd8,
    0x7f, 0x8, 0x0,

    /* U+0036 "6" */
    0x0, 0x0, 0x0, 0x0, 0x8, 0x1, 0x0, 0x0,
    0x0, 0x0, 0x0, 0x0, 0x0, 0xa6, 0xbb, 0x1b,
    0x0, 0x0, 0x0, 0x0, 0x0, 0x5f, 0xff, 0xef,
    0x1e, 0x0, 0x0, 0x0, 0x0, 0x24, 0xf3, 0xff,
    0x56, 0x0, 0x0, 0x0, 0x0, 0x2, 0xc9, 0xff,
    0x9e, 0x0, 0x0, 0x0, 0x0, 0x0, 0x6c, 0xff,
    0xff, 0xed, 0xec, 0xa0, 0x14, 0x0, 0x9, 0xef,
    0xff, 0xf5, 0xc7, 0xf2, 0xff, 0xc9, 0x4, 0x44,
    0xff, 0xed, 0x20, 0x0, 0x18, 0xe5, 0xff, 0x4f,
    0x54, 0xff, 0xbd, 0x0, 0x0, 0x0, 0xab, 0xff,
    0x6c, 0x23, 0xfd, 0xf6, 0x3d, 0x0, 0x33, 0xf0,
    0xff, 0x3e, 0x0, 0x8c, 0xff, 0xff, 0xf1, 0xff,
    0xff, 0xa4, 0x0, 0x0, 0x1, 0x69, 0xda, 0xfa,
    0xe0, 0x74, 0x5, 0x0,

    /* U+0037 "7" */
    0x51, 0xf4, 0xf4, 0xf4, 0xf4, 0xf4, 0xf4, 0xf4,
    0x16, 0x5a, 0xff, 0xff, 0xff, 0xff, 0xff, 0xff,
    0xff, 0x18, 0x0, 0x0, 0x0, 0x0, 0x0, 0x80,
    0xff, 0xd7, 0x4, 0x0, 0x0, 0x0, 0x0, 0x1b,
    0xf5, 0xff, 0x49, 0x0, 0x0, 0x0, 0x0, 0x0,
    0xa1, 0xff, 0xb6, 0x0, 0x0, 0x0, 0x0, 0x0,
    0x33, 0xfe, 0xfb, 0x28, 0x0, 0x0, 0x0, 0x0,
    0x0, 0xc2, 0xff, 0x90, 0x0, 0x0, 0x0, 0x0,
    0x0, 0x55, 0xff, 0xec, 0x11, 0x0, 0x0, 0x0,
    0x0, 0x7, 0xde, 0xff, 0x6a, 0x0, 0x0, 0x0,
    0x0, 0x0, 0x77, 0xff, 0xd4, 0x3, 0x0, 0x0,
    0x0, 0x0, 0x0, 0x4d, 0xdb, 0x45, 0x0, 0x0,
    0x0, 0x0, 0x0, 0x0, 0x0, 0x3, 0x0, 0x0,
    0x0, 0x0, 0x0, 0x0,

    /* U+0038 "8" */
    0x0, 0x1, 0x6b, 0xd3, 0xf5, 0xdc, 0x8a, 0xd,
    0x0, 0x0, 0x82, 0xff, 0xfe, 0xe4, 0xfa, 0xff,
    0xb8, 0x0, 0x0, 0xee, 0xff, 0x47, 0x0, 0x1f,
    0xf1, 0xff, 0x25, 0x0, 0xd9, 0xff, 0x41, 0x0,
    0x1a, 0xf0, 0xfb, 0x15, 0x0, 0x3a, 0xf1, 0xfc,
    0xd8, 0xf6, 0xfd, 0x62, 0x0, 0x0, 0x4f, 0xf1,
    0xff, 0xff, 0xff, 0xfc, 0x78, 0x0, 0x17, 0xf6,
    0xfa, 0x57, 0xb, 0x3a, 0xe8, 0xff, 0x42, 0x51,
    0xff, 0xc9, 0x0, 0x0, 0x0, 0x93, 0xff, 0x87,
    0x3c, 0xff, 0xf6, 0x3b, 0x0, 0x1e, 0xdb, 0xff,
    0x72, 0x1, 0xb4, 0xff, 0xff, 0xf1, 0xfe, 0xff,
    0xda, 0xf, 0x0, 0x9, 0x7b, 0xd4, 0xf5, 0xdd,
    0x95, 0x17, 0x0,

    /* U+0039 "9" */
    0x0, 0x1, 0x62, 0xd8, 0xf9, 0xdc, 0x6e, 0x2,
    0x0, 0x0, 0x8a, 0xff, 0xff, 0xf7, 0xff, 0xff,
    0x9c, 0x0, 0x27, 0xfe, 0xf9, 0x48, 0x0, 0x39,
    0xf0, 0xff, 0x37, 0x55, 0xff, 0xc2, 0x0, 0x0,
    0x0, 0xa7, 0xff, 0x6c, 0x38, 0xff, 0xf0, 0x22,
    0x0, 0x16, 0xe2, 0xff, 0x5b, 0x0, 0xb9, 0xff,
    0xf5, 0xc7, 0xf2, 0xff, 0xf8, 0x15, 0x0, 0xf,
    0x9a, 0xea, 0xed, 0xff, 0xff, 0x80, 0x0, 0x0,
    0x0, 0x0, 0x0, 0x8b, 0xff, 0xd8, 0x8, 0x0,
    0x0, 0x0, 0x0, 0x42, 0xfe, 0xf9, 0x31, 0x0,
    0x0, 0x0, 0x0, 0x12, 0xe4, 0xff, 0x71, 0x0,
    0x0, 0x0, 0x0, 0x0, 0x13, 0xac, 0xb7, 0x1,
    0x0, 0x0, 0x0, 0x0, 0x0, 0x0, 0x0, 0x8,
    0x0, 0x0, 0x0, 0x0,

    /* U+003A ":" */
    0x8, 0xc4, 0xe7, 0x31, 0x2e, 0xff, 0xff, 0x7a,
    0x0, 0x85, 0xa7, 0x16, 0x0, 0x0, 0x0, 0x0,
    0x0, 0x0, 0x0, 0x0, 0x0, 0x81, 0xa3, 0x15,
    0x2e, 0xff, 0xff, 0x79, 0x8, 0xc5, 0xe7, 0x31,

    /* U+003B ";" */
    0x6, 0xbf, 0xe9, 0x37, 0x26, 0xff, 0xff, 0x82,
    0x0, 0x7f, 0xa9, 0x1a, 0x0, 0x0, 0x0, 0x0,
    0x0, 0x0, 0x0, 0x0, 0x0, 0x7f, 0xa9, 0x1a,
    0x24, 0xff, 0xff, 0x82, 0x2, 0xc1, 0xff, 0x42,
    0x2, 0xc4, 0x9a, 0x0, 0x16, 0xad, 0xc, 0x0,

    /* U+003C "<" */
    0x0, 0x0, 0x0, 0x0, 0x0, 0x0, 0x0, 0x4,
    0x0, 0x0, 0x0, 0x0, 0x0, 0x33, 0xa7, 0x84,
    0x0, 0x0, 0x1, 0x4b, 0xbf, 0xff, 0xff, 0x85,
    0x3, 0x62, 0xd5, 0xff, 0xff, 0xc5, 0x58, 0x5,
    0x1c, 0xff, 0xff, 0xc7, 0x31, 0x0, 0x0, 0x0,
    0xf, 0xcf, 0xff, 0xff, 0xc2, 0x56, 0x4, 0x0,
    0x0, 0x0, 0x44, 0xb9, 0xff, 0xff, 0xe5, 0x51,
    0x0, 0x0, 0x0, 0x0, 0x2e, 0xa3, 0xfa, 0x88,
    0x0, 0x0, 0x0, 0x0, 0x0, 0x0, 0x1c, 0x3c,

    /* U+003D "=" */
    0x1c, 0xff, 0xff, 0xff, 0xff, 0xff, 0xff, 0xff,
    0x68, 0x17, 0xd8, 0xd8, 0xd8, 0xd8, 0xd8, 0xd8,
    0xd8, 0x57, 0x0, 0x0, 0x0, 0x0, 0x0, 0x0,
    0x0, 0x0, 0x0, 0x17, 0xd4, 0xd4, 0xd4, 0xd4,
    0xd4, 0xd4, 0xd4, 0x56, 0x1c, 0xff, 0xff, 0xff,
    0xff, 0xff, 0xff, 0xff, 0x68,

    /* U+003E ">" */
    0x1, 0x2, 0x0, 0x0, 0x0, 0x0, 0x0, 0x0,
    0xc, 0xdd, 0x6c, 0xa, 0x0, 0x0, 0x0, 0x0,
    0xb, 0xfe, 0xff, 0xec, 0x83, 0x16, 0x0, 0x0,
    0x0, 0x25, 0x90, 0xf0, 0xff, 0xf8, 0x9b, 0x25,
    0x0, 0x0, 0x0, 0xb, 0x71, 0xfc, 0xff, 0x98,
    0x0, 0x0, 0x23, 0x8c, 0xee, 0xff, 0xf5, 0x65,
    0x5, 0xb6, 0xfe, 0xff, 0xe9, 0x7d, 0x12, 0x0,
    0xc, 0xff, 0xd9, 0x66, 0x8, 0x0, 0x0, 0x0,
    0x6, 0x50, 0x2, 0x0, 0x0, 0x0, 0x0, 0x0,

    /* U+003F "?" */
    0x0, 0x1d, 0xa7, 0xea, 0xeb, 0xb1, 0x2d, 0x0,
    0xc, 0xdc, 0xff, 0xfc, 0xf9, 0xff, 0xeb, 0x19,
    0x2c, 0xc8, 0xc3, 0x11, 0xc, 0xce, 0xff, 0x68,
    0x0, 0x0, 0x6, 0x0, 0x3, 0xcd, 0xff, 0x51,
    0x0, 0x0, 0x0, 0xa, 0xad, 0xff, 0xc1, 0x3,
    0x0, 0x0, 0x0, 0xa3, 0xff, 0xbe, 0xa, 0x0,
    0x0, 0x0, 0x0, 0xf4, 0xff, 0x2c, 0x0, 0x0,
    0x0, 0x0, 0x0, 0x23, 0x24, 0x3, 0x0, 0x0,
    0x0, 0x0, 0x5, 0x92, 0x99, 0xb, 0x0, 0x0,
    0x0, 0x0, 0x4a, 0xff, 0xff, 0x5d, 0x0, 0x0,
    0x0, 0x0, 0x15, 0xd6, 0xdd, 0x1f, 0x0, 0x0,

    /* U+0040 "@" */
    0x0, 0x0, 0x0, 0x0, 0x0, 0x1, 0x12, 0x14,
    0x1, 0x0, 0x0, 0x0, 0x0, 0x0, 0x0, 0x0,
    0x0, 0x23, 0x9f, 0xee, 0xff, 0xff, 0xf1, 0xa6,
    0x2c, 0x0, 0x0, 0x0, 0x0, 0x0, 0x4f, 0xf5,
    0xef, 0x91, 0x5d, 0x5b, 0x8b, 0xeb, 0xfa, 0x62,
    0x0, 0x0, 0x0, 0x31, 0xf8, 0xc6, 0x15, 0x0,
    0x0, 0x0, 0x0, 0x10, 0xb9, 0xfd, 0x42, 0x0,
    0x0, 0xbc, 0xf0, 0x16, 0x2a, 0xbb, 0xf1, 0xc1,
    0xa9, 0xff, 0x13, 0xdd, 0xce, 0x0, 0x16, 0xfe,
    0x90, 0xd, 0xe3, 0xf3, 0x99, 0xbf, 0xff, 0xff,
    0x8, 0x6e, 0xff, 0x23, 0x3f, 0xff, 0x59, 0x50,
    0xff, 0x5b, 0x0, 0x1, 0xcb, 0xff, 0x8, 0x36,
    0xff, 0x49, 0x42, 0xff, 0x56, 0x5e, 0xff, 0x3a,
    0x0, 0x0, 0xa8, 0xff, 0x8, 0x3a, 0xff, 0x3f,
    0x20, 0xff, 0x84, 0x21, 0xf8, 0xb7, 0x28, 0x51,
    0xf7, 0xff, 0x4f, 0x9a, 0xf4, 0x10, 0x0, 0xd2,
    0xea, 0x16, 0x5d, 0xf4, 0xff, 0xff, 0x8d, 0xc4,
    0xff, 0xfd, 0x69, 0x0, 0x0, 0x4d, 0xff, 0xb8,
    0x9, 0xe, 0x3b, 0x24, 0x0, 0x5, 0x3b, 0x1b,
    0x0, 0x0, 0x0, 0x0, 0x7c, 0xff, 0xd9, 0x65,
    0x2d, 0x2f, 0x6f, 0x37, 0x0, 0x0, 0x0, 0x0,
    0x0, 0x0, 0x0, 0x4b, 0xd0, 0xff, 0xff, 0xff,
    0xff, 0x83, 0x0, 0x0, 0x0, 0x0, 0x0, 0x0,
    0x0, 0x0, 0x0, 0x1f, 0x43, 0x43, 0x1e, 0x0,
    0x0, 0x0, 0x0, 0x0,

    /* U+0041 "A" */
    0x0, 0x0, 0x0, 0x0, 0xb3, 0xff, 0xff, 0x26,
    0x0, 0x0, 0x0, 0x0, 0x0, 0x0, 0x0, 0x1a,
    0xfc, 0xff, 0xff, 0x8a, 0x0, 0x0, 0x0, 0x0,
    0x0, 0x0, 0x0, 0x7b, 0xff, 0xb1, 0xff, 0xe9,
    0x5, 0x0, 0x0, 0x0, 0x0, 0x0, 0x1, 0xde,
    0xff, 0x3a, 0xc7, 0xff, 0x53, 0x0, 0x0, 0x0,
    0x0, 0x0, 0x44, 0xff, 0xd5, 0x0, 0x62, 0xff,
    0xb7, 0x0, 0x0, 0x0, 0x0, 0x0, 0xa8, 0xff,
    0x6e, 0x0, 0xa, 0xf0, 0xfd, 0x1e, 0x0, 0x0,
    0x0, 0x13, 0xf8, 0xff, 0xf9, 0xf8, 0xf8, 0xfe,
    0xff, 0x80, 0x0, 0x0, 0x0, 0x71, 0xff, 0xff,
    0xff, 0xff, 0xff, 0xff, 0xff, 0xe1, 0x2, 0x0,
    0x0, 0xd4, 0xff, 0x5b, 0x0, 0x0, 0x0, 0x1,
    0xe6, 0xff, 0x48, 0x0, 0x3a, 0xff, 0xfa, 0x10,
    0x0, 0x0, 0x0, 0x0, 0x99, 0xff, 0xad, 0x0,
    0x9e, 0xff, 0xbb, 0x0, 0x0, 0x0, 0x0, 0x0,
    0x48, 0xff, 0xfa, 0x16,

    /* U+0042 "B" */
    0xd8, 0xff, 0xff, 0xff, 0xfc, 0xdb, 0x85, 0xb,
    0x0, 0xd8, 0xff, 0xf2, 0xec, 0xef, 0xff, 0xff,
    0xb2, 0x0, 0xd8, 0xff, 0x50, 0x0, 0x0, 0x3b,
    0xff, 0xff, 0x19, 0xd8, 0xff, 0x50, 0x0, 0x0,
    0x2b, 0xfe, 0xef, 0x7, 0xd8, 0xff, 0xe1, 0xd4,
    0xd8, 0xfa, 0xed, 0x4b, 0x0, 0xd8, 0xff, 0xff,
    0xff, 0xff, 0xff, 0xec, 0x5e, 0x0, 0xd8, 0xff,
    0x50, 0x0, 0x2, 0x34, 0xeb, 0xff, 0x39, 0xd8,
    0xff, 0x50, 0x0, 0x0, 0x0, 0xa7, 0xff, 0x7f,
    0xd8, 0xff, 0x50, 0x0, 0x0, 0x26, 0xe6, 0xff,
    0x70, 0xd8, 0xff, 0xfa, 0xf8, 0xf9, 0xff, 0xff,
    0xde, 0x12, 0xd8, 0xff, 0xff, 0xff, 0xff, 0xe5,
    0xa1, 0x1d, 0x0,

    /* U+0043 "C" */
    0x0, 0x0, 0x0, 0x35, 0xa3, 0xe3, 0xf9, 0xe9,
    0xae, 0x3c, 0x0, 0x0, 0x0, 0x0, 0x86, 0xfe,
    0xff, 0xff, 0xff, 0xff, 0xff, 0xff, 0x76, 0x0,
    0x0, 0x70, 0xff, 0xfd, 0x9f, 0x38, 0x12, 0x26,
    0x94, 0xe9, 0x38, 0x0, 0xb, 0xf2, 0xff, 0x7a,
    0x0, 0x0, 0x0, 0x0, 0x0, 0x9, 0x0, 0x0,
    0x4a, 0xff, 0xe8, 0x2, 0x0, 0x0, 0x0, 0x0,
    0x0, 0x0, 0x0, 0x0, 0x62, 0xff, 0xc6, 0x0,
    0x0, 0x0, 0x0, 0x0, 0x0, 0x0, 0x0, 0x0,
    0x4a, 0xff, 0xe7, 0x1, 0x0, 0x0, 0x0, 0x0,
    0x0, 0x0, 0x0, 0x0, 0xb, 0xf3, 0xff, 0x78,
    0x0, 0x0, 0x0, 0x0, 0x0, 0x21, 0x0, 0x0,
    0x0, 0x71, 0xff, 0xfd, 0x9c, 0x33, 0xd, 0x20,
    0x7b, 0xf8, 0x90, 0x2, 0x0, 0x0, 0x87, 0xfe,
    0xff, 0xff, 0xff, 0xff, 0xff, 0xff, 0xa1, 0x4,
    0x0, 0x0, 0x0, 0x38, 0xa6, 0xe5, 0xfa, 0xea,
    0xb4, 0x4c, 0x0, 0x0,

    /* U+0044 "D" */
    0xd8, 0xff, 0xff, 0xff, 0xf6, 0xd6, 0x8e, 0x1e,
    0x0, 0x0, 0xd8, 0xff, 0xff, 0xff, 0xff, 0xff,
    0xff, 0xf2, 0x49, 0x0, 0xd8, 0xff, 0x55, 0x8,
    0x1e, 0x4e, 0xce, 0xff, 0xf4, 0x1e, 0xd8, 0xff,
    0x50, 0x0, 0x0, 0x0, 0x8, 0xd9, 0xff, 0x8d,
    0xd8, 0xff, 0x50, 0x0, 0x0, 0x0, 0x0, 0x6d,
    0xff, 0xce, 0xd8, 0xff, 0x50, 0x0, 0x0, 0x0,
    0x0, 0x4b, 0xff, 0xe2, 0xd8, 0xff, 0x50, 0x0,
    0x0, 0x0, 0x0, 0x6d, 0xff, 0xce, 0xd8, 0xff,
    0x50, 0x0, 0x0, 0x0, 0x8, 0xd9, 0xff, 0x8f,
    0xd8, 0xff, 0x55, 0x8, 0x1d, 0x4d, 0xce, 0xff,
    0xf5, 0x20, 0xd8, 0xff, 0xff, 0xff, 0xff, 0xff,
    0xff, 0xf3, 0x4c, 0x0, 0xd8, 0xff, 0xff, 0xff,
    0xf7, 0xd9, 0x92, 0x20, 0x0, 0x0,

    /* U+0045 "E" */
    0xd8, 0xff, 0xff, 0xff, 0xff, 0xff, 0xff, 0x6c,
    0xd8, 0xff, 0xff, 0xff, 0xff, 0xff, 0xff, 0x6c,
    0xd8, 0xff, 0x55, 0x8, 0x8, 0x8, 0x8, 0x3,
    0xd8, 0xff, 0x50, 0x0, 0x0, 0x0, 0x0, 0x0,
    0xd8, 0xff, 0xff, 0xff, 0xff, 0xff, 0xe8, 0x0,
    0xd8, 0xff, 0xff, 0xff, 0xff, 0xff, 0xe8, 0x0,
    0xd8, 0xff, 0x52, 0x4, 0x4, 0x4, 0x3, 0x0,
    0xd8, 0xff, 0x50, 0x0, 0x0, 0x0, 0x0, 0x0,
    0xd8, 0xff, 0x55, 0x8, 0x8, 0x8, 0x8, 0x3,
    0xd8, 0xff, 0xff, 0xff, 0xff, 0xff, 0xff, 0x6c,
    0xd8, 0xff, 0xff, 0xff, 0xff, 0xff, 0xff, 0x6c,

    /* U+0046 "F" */
    0xd8, 0xff, 0xff, 0xff, 0xff, 0xff, 0xff, 0x6c,
    0xd8, 0xff, 0xff, 0xff, 0xff, 0xff, 0xff, 0x6c,
    0xd8, 0xff, 0x55, 0x8, 0x8, 0x8, 0x8, 0x3,
    0xd8, 0xff, 0x50, 0x0, 0x0, 0x0, 0x0, 0x0,
    0xd8, 0xff, 0xff, 0xff, 0xff, 0xff, 0xe8, 0x0,
    0xd8, 0xff, 0xff, 0xff, 0xff, 0xff, 0xe8, 0x0,
    0xd8, 0xff, 0x55, 0x8, 0x8, 0x8, 0x7, 0x0,
    0xd8, 0xff, 0x50, 0x0, 0x0, 0x0, 0x0, 0x0,
    0xd8, 0xff, 0x50, 0x0, 0x0, 0x0, 0x0, 0x0,
    0xd8, 0xff, 0x50, 0x0, 0x0, 0x0, 0x0, 0x0,
    0xd8, 0xff, 0x50, 0x0, 0x0, 0x0, 0x0, 0x0,

    /* U+0047 "G" */
    0x0, 0x0, 0x0, 0x34, 0xa1, 0xe1, 0xf9, 0xeb,
    0xb5, 0x4d, 0x0, 0x0, 0x0, 0x0, 0x0, 0x83,
    0xfe, 0xff, 0xff, 0xff, 0xff, 0xff, 0xff, 0x9c,
    0x0, 0x0, 0x0, 0x6e, 0xff, 0xfe, 0xa4, 0x39,
    0x11, 0x19, 0x59, 0xa8, 0x2b, 0x0, 0x0, 0xb,
    0xf2, 0xff, 0x80, 0x0, 0x0, 0x0, 0x0, 0x0,
    0x0, 0x0, 0x0, 0x0, 0x4a, 0xff, 0xe9, 0x3,
    0x0, 0x0, 0x56, 0xd4, 0xd4, 0xd4, 0xd4, 0xd4,
    0x37, 0x61, 0xff, 0xc6, 0x0, 0x0, 0x0, 0x68,
    0xff, 0xff, 0xff, 0xff, 0xff, 0x49, 0x4a, 0xff,
    0xe8, 0x2, 0x0, 0x0, 0x0, 0x0, 0x0, 0x7,
    0xf2, 0xff, 0x2d, 0xb, 0xf3, 0xff, 0x7e, 0x0,
    0x0, 0x0, 0x0, 0x0, 0x70, 0xff, 0xe5, 0x2,
    0x0, 0x70, 0xff, 0xfe, 0xa2, 0x36, 0xe, 0x1e,
    0x89, 0xfd, 0xff, 0x6b, 0x0, 0x0, 0x0, 0x88,
    0xfe, 0xff, 0xff, 0xff, 0xff, 0xff, 0xff, 0x98,
    0x1, 0x0, 0x0, 0x0, 0x0, 0x38, 0xa4, 0xe3,
    0xfa, 0xec, 0xb8, 0x4e, 0x0, 0x0, 0x0,

    /* U+0048 "H" */
    0xd8, 0xff, 0x50, 0x0, 0x0, 0x0, 0x0, 0xe0,
    0xff, 0x48, 0xd8, 0xff, 0x50, 0x0, 0x0, 0x0,
    0x0, 0xe0, 0xff, 0x48, 0xd8, 0xff, 0x50, 0x0,
    0x0, 0x0, 0x0, 0xe0, 0xff, 0x48, 0xd8, 0xff,
    0x50, 0x0, 0x0, 0x0, 0x0, 0xe0, 0xff, 0x48,
    0xd8, 0xff, 0xff, 0xff, 0xff, 0xff, 0xff, 0xff,
    0xff, 0x48, 0xd8, 0xff, 0xff, 0xff, 0xff, 0xff,
    0xff, 0xff, 0xff, 0x48, 0xd8, 0xff, 0x52, 0x4,
    0x4, 0x4, 0x4, 0xe0, 0xff, 0x48, 0xd8, 0xff,
    0x50, 0x0, 0x0, 0x0, 0x0, 0xe0, 0xff, 0x48,
    0xd8, 0xff, 0x50, 0x0, 0x0, 0x0, 0x0, 0xe0,
    0xff, 0x48, 0xd8, 0xff, 0x50, 0x0, 0x0, 0x0,
    0x0, 0xe0, 0xff, 0x48, 0xd8, 0xff, 0x50, 0x0,
    0x0, 0x0, 0x0, 0xe0, 0xff, 0x48,

    /* U+0049 "I" */
    0xd8, 0xff, 0x50, 0xd8, 0xff, 0x50, 0xd8, 0xff,
    0x50, 0xd8, 0xff, 0x50, 0xd8, 0xff, 0x50, 0xd8,
    0xff, 0x50, 0xd8, 0xff, 0x50, 0xd8, 0xff, 0x50,
    0xd8, 0xff, 0x50, 0xd8, 0xff, 0x50, 0xd8, 0xff,
    0x50,

    /* U+004A "J" */
    0x0, 0x0, 0x0, 0x0, 0x0, 0x3c, 0xff, 0xec,
    0x0, 0x0, 0x0, 0x0, 0x0, 0x3c, 0xff, 0xec,
    0x0, 0x0, 0x0, 0x0, 0x0, 0x3c, 0xff, 0xec,
    0x0, 0x0, 0x0, 0x0, 0x0, 0x3c, 0xff, 0xec,
    0x0, 0x0, 0x0, 0x0, 0x0, 0x3c, 0xff, 0xec,
    0x0, 0x0, 0x0, 0x0, 0x0, 0x3c, 0xff, 0xec,
    0x0, 0x0, 0x0, 0x0, 0x0, 0x3c, 0xff, 0xec,
    0x0, 0x1d, 0x2d, 0x0, 0x0, 0x45, 0xff, 0xe7,
    0x5f, 0xfd, 0xda, 0x2b, 0x14, 0xaf, 0xff, 0xc0,
    0x13, 0xe0, 0xff, 0xff, 0xff, 0xff, 0xfd, 0x3d,
    0x0, 0x1d, 0xa1, 0xe8, 0xf2, 0xc5, 0x45, 0x0,

    /* U+004B "K" */
    0xd8, 0xff, 0x50, 0x0, 0x0, 0x9, 0xc7, 0xff,
    0xd4, 0xf, 0xd8, 0xff, 0x50, 0x0, 0x2, 0xaf,
    0xff, 0xe1, 0x1b, 0x0, 0xd8, 0xff, 0x50, 0x0,
    0x94, 0xff, 0xed, 0x28, 0x0, 0x0, 0xd8, 0xff,
    0x50, 0x76, 0xff, 0xf5, 0x38, 0x0, 0x0, 0x0,
    0xd8, 0xff, 0xa9, 0xfe, 0xff, 0x59, 0x0, 0x0,
    0x0, 0x0, 0xd8, 0xff, 0xff, 0xff, 0xff, 0xab,
    0x0, 0x0, 0x0, 0x0, 0xd8, 0xff, 0xff, 0xa8,
    0xfe, 0xff, 0x66, 0x0, 0x0, 0x0, 0xd8, 0xff,
    0x9b, 0x0, 0x88, 0xff, 0xf5, 0x29, 0x0, 0x0,
    0xd8, 0xff, 0x50, 0x0, 0x4, 0xc7, 0xff, 0xd1,
    0x8, 0x0, 0xd8, 0xff, 0x50, 0x0, 0x0, 0x20,
    0xf0, 0xff, 0x94, 0x0, 0xd8, 0xff, 0x50, 0x0,
    0x0, 0x0, 0x56, 0xff, 0xff, 0x4f,

    /* U+004C "L" */
    0xd8, 0xff, 0x50, 0x0, 0x0, 0x0, 0x0, 0x0,
    0xd8, 0xff, 0x50, 0x0, 0x0, 0x0, 0x0, 0x0,
    0xd8, 0xff, 0x50, 0x0, 0x0, 0x0, 0x0, 0x0,
    0xd8, 0xff, 0x50, 0x0, 0x0, 0x0, 0x0, 0x0,
    0xd8, 0xff, 0x50, 0x0, 0x0, 0x0, 0x0, 0x0,
    0xd8, 0xff, 0x50, 0x0, 0x0, 0x0, 0x0, 0x0,
    0xd8, 0xff, 0x50, 0x0, 0x0, 0x0, 0x0, 0x0,
    0xd8, 0xff, 0x50, 0x0, 0x0, 0x0, 0x0, 0x0,
    0xd8, 0xff, 0x55, 0x8, 0x8, 0x8, 0x8, 0x1,
    0xd8, 0xff, 0xff, 0xff, 0xff, 0xff, 0xff, 0x28,
    0xd8, 0xff, 0xff, 0xff, 0xff, 0xff, 0xff, 0x28,

    /* U+004D "M" */
    0xd8, 0xff, 0x94, 0x0, 0x0, 0x0, 0x0, 0x0,
    0x7, 0xda, 0xff, 0x90, 0xd8, 0xff, 0xfd, 0x31,
    0x0, 0x0, 0x0, 0x0, 0x7c, 0xff, 0xff, 0x90,
    0xd8, 0xff, 0xff, 0xc7, 0x1, 0x0, 0x0, 0x20,
    0xf6, 0xff, 0xff, 0x90, 0xd8, 0xff, 0xf2, 0xff,
    0x63, 0x0, 0x0, 0xb2, 0xff, 0xf2, 0xff, 0x90,
    0xd8, 0xff, 0x78, 0xff, 0xeb, 0x11, 0x4c, 0xff,
    0xe8, 0x90, 0xff, 0x90, 0xd8, 0xff, 0x44, 0xac,
    0xff, 0xa1, 0xde, 0xff, 0x5f, 0x91, 0xff, 0x90,
    0xd8, 0xff, 0x48, 0x1e, 0xf5, 0xff, 0xff, 0xc6,
    0x1, 0x94, 0xff, 0x90, 0xd8, 0xff, 0x48, 0x0,
    0x7c, 0xff, 0xfd, 0x32, 0x0, 0x94, 0xff, 0x90,
    0xd8, 0xff, 0x48, 0x0, 0x7, 0x9f, 0x74, 0x0,
    0x0, 0x94, 0xff, 0x90, 0xd8, 0xff, 0x48, 0x0,
    0x0, 0x0, 0x0, 0x0, 0x0, 0x94, 0xff, 0x90,
    0xd8, 0xff, 0x48, 0x0, 0x0, 0x0, 0x0, 0x0,
    0x0, 0x94, 0xff, 0x90,

    /* U+004E "N" */
    0xd8, 0xff, 0xe7, 0xf, 0x0, 0x0, 0x0, 0xbc,
    0xff, 0x6c, 0xd8, 0xff, 0xff, 0x97, 0x0, 0x0,
    0x0, 0xbc, 0xff, 0x6c, 0xd8, 0xff, 0xff, 0xfe,
    0x39, 0x0, 0x0, 0xbc, 0xff, 0x6c, 0xd8, 0xff,
    0xb8, 0xff, 0xd2, 0x4, 0x0, 0xbc, 0xff, 0x6c,
    0xd8, 0xff, 0x45, 0xdf, 0xff, 0x77, 0x0, 0xbc,
    0xff, 0x6c, 0xd8, 0xff, 0x47, 0x49, 0xff, 0xf5,
    0x21, 0xb7, 0xff, 0x6c, 0xd8, 0xff, 0x48, 0x0,
    0xaa, 0xff, 0xb7, 0xa7, 0xff, 0x6c, 0xd8, 0xff,
    0x48, 0x0, 0x19, 0xf1, 0xff, 0xe8, 0xff, 0x6c,
    0xd8, 0xff, 0x48, 0x0, 0x0, 0x6b, 0xff, 0xff,
    0xff, 0x6c, 0xd8, 0xff, 0x48, 0x0, 0x0, 0x2,
    0xc9, 0xff, 0xff, 0x6c, 0xd8, 0xff, 0x48, 0x0,
    0x0, 0x0, 0x30, 0xfb, 0xff, 0x6c,

    /* U+004F "O" */
    0x0, 0x0, 0x0, 0x37, 0xa4, 0xe4, 0xf9, 0xea,
    0xb1, 0x4a, 0x0, 0x0, 0x0, 0x0, 0x0, 0x86,
    0xfe, 0xff, 0xff, 0xff, 0xff, 0xff, 0xff, 0xa5,
    0x5, 0x0, 0x0, 0x6f, 0xff, 0xfe, 0x9e, 0x36,
    0x13, 0x30, 0x89, 0xf9, 0xff, 0x93, 0x0, 0xa,
    0xf1, 0xff, 0x79, 0x0, 0x0, 0x0, 0x0, 0x0,
    0x54, 0xff, 0xfd, 0x22, 0x49, 0xff, 0xe8, 0x2,
    0x0, 0x0, 0x0, 0x0, 0x0, 0x0, 0xc2, 0xff,
    0x6f, 0x61, 0xff, 0xc6, 0x0, 0x0, 0x0, 0x0,
    0x0, 0x0, 0x0, 0x9e, 0xff, 0x89, 0x4a, 0xff,
    0xe7, 0x2, 0x0, 0x0, 0x0, 0x0, 0x0, 0x0,
    0xc2, 0xff, 0x70, 0xb, 0xf2, 0xff, 0x79, 0x0,
    0x0, 0x0, 0x0, 0x0, 0x54, 0xff, 0xfd, 0x24,
    0x0, 0x71, 0xff, 0xfd, 0x9a, 0x31, 0xe, 0x2b,
    0x86, 0xf8, 0xff, 0x95, 0x0, 0x0, 0x0, 0x8a,
    0xff, 0xff, 0xff, 0xff, 0xff, 0xff, 0xff, 0xa9,
    0x5, 0x0, 0x0, 0x0, 0x0, 0x3a, 0xa8, 0xe5,
    0xfa, 0xeb, 0xb4, 0x4d, 0x0, 0x0, 0x0,

    /* U+0050 "P" */
    0xd8, 0xff, 0xff, 0xff, 0xf8, 0xc6, 0x46, 0x0,
    0x0, 0xd8, 0xff, 0xff, 0xff, 0xff, 0xff, 0xff,
    0x57, 0x0, 0xd8, 0xff, 0x55, 0x8, 0x15, 0x92,
    0xff, 0xe9, 0x1, 0xd8, 0xff, 0x50, 0x0, 0x0,
    0x21, 0xff, 0xff, 0x11, 0xd8, 0xff, 0x55, 0x8,
    0x13, 0x92, 0xff, 0xe9, 0x1, 0xd8, 0xff, 0xff,
    0xff, 0xff, 0xff, 0xff, 0x59, 0x0, 0xd8, 0xff,
    0xff, 0xff, 0xf2, 0xc4, 0x4a, 0x0, 0x0, 0xd8,
    0xff, 0x50, 0x0, 0x0, 0x0, 0x0, 0x0, 0x0,
    0xd8, 0xff, 0x50, 0x0, 0x0, 0x0, 0x0, 0x0,
    0x0, 0xd8, 0xff, 0x50, 0x0, 0x0, 0x0, 0x0,
    0x0, 0x0, 0xd8, 0xff, 0x50, 0x0, 0x0, 0x0,
    0x0, 0x0, 0x0,

    /* U+0051 "Q" */
    0x0, 0x0, 0x0, 0x37, 0xa4, 0xe4, 0xf9, 0xea,
    0xb3, 0x4f, 0x0, 0x0, 0x0, 0x0, 0x0, 0x86,
    0xfe, 0xff, 0xff, 0xff, 0xff, 0xff, 0xff, 0xac,
    0x6, 0x0, 0x0, 0x6f, 0xff, 0xfe, 0x9e, 0x36,
    0x13, 0x30, 0x89, 0xf9, 0xff, 0x99, 0x0, 0xa,
    0xf1, 0xff, 0x79, 0x0, 0x0, 0x0, 0x0, 0x0,
    0x56, 0xff, 0xfe, 0x26, 0x49, 0xff, 0xe8, 0x2,
    0x0, 0x0, 0x0, 0x0, 0x0, 0x0, 0xc3, 0xff,
    0x72, 0x61, 0xff, 0xc6, 0x0, 0x0, 0x0, 0x0,
    0x0, 0x0, 0x0, 0xa1, 0xff, 0x88, 0x4a, 0xff,
    0xe7, 0x2, 0x0, 0x0, 0x2, 0x67, 0x6f, 0x0,
    0xcc, 0xff, 0x6e, 0xb, 0xf2, 0xff, 0x79, 0x0,
    0x0, 0x20, 0xf1, 0xfc, 0x87, 0xff, 0xfc, 0x20,
    0x0, 0x71, 0xff, 0xfd, 0x9a, 0x31, 0xc, 0x74,
    0xff, 0xff, 0xff, 0x86, 0x0, 0x0, 0x0, 0x8a,
    0xff, 0xff, 0xff, 0xff, 0xff, 0xff, 0xff, 0xdd,
    0x1, 0x0, 0x0, 0x0, 0x0, 0x3a, 0xa8, 0xe5,
    0xfa, 0xe9, 0xae, 0xe2, 0xff, 0x4f, 0x0, 0x0,
    0x0, 0x0, 0x0, 0x0, 0x0, 0x0, 0x0, 0x0,
    0x43, 0x73, 0x2, 0x0,

    /* U+0052 "R" */
    0xd8, 0xff, 0xff, 0xff, 0xfa, 0xd3, 0x58, 0x0,
    0x0, 0xd8, 0xff, 0xfa, 0xf8, 0xfc, 0xff, 0xff,
    0x6f, 0x0, 0xd8, 0xff, 0x50, 0x0, 0x5, 0x78,
    0xff, 0xf4, 0x7, 0xd8, 0xff, 0x50, 0x0, 0x0,
    0x10, 0xff, 0xff, 0x1e, 0xd8, 0xff, 0x50, 0x0,
    0x9, 0x80, 0xff, 0xeb, 0x2, 0xd8, 0xff, 0xff,
    0xff, 0xff, 0xff, 0xfc, 0x57, 0x0, 0xd8, 0xff,
    0xfa, 0xfd, 0xff, 0xe3, 0x3a, 0x0, 0x0, 0xd8,
    0xff, 0x50, 0x4d, 0xff, 0xfc, 0x3b, 0x0, 0x0,
    0xd8, 0xff, 0x50, 0x0, 0x90, 0xff, 0xe1, 0x10,
    0x0, 0xd8, 0xff, 0x50, 0x0, 0x6, 0xcc, 0xff,
    0xab, 0x0, 0xd8, 0xff, 0x50, 0x0, 0x0, 0x24,
    0xf2, 0xff, 0x66,

    /* U+0053 "S" */
    0x0, 0xb, 0x83, 0xda, 0xf6, 0xda, 0x83, 0x9,
    0x0, 0x0, 0xb0, 0xff, 0xff, 0xfd, 0xff, 0xff,
    0xad, 0x0, 0x20, 0xff, 0xfc, 0x41, 0x2, 0x3c,
    0xe6, 0x9f, 0xa, 0xf, 0xfd, 0xfa, 0x28, 0x0,
    0x0, 0x2, 0x0, 0x0, 0x0, 0x86, 0xff, 0xf8,
    0xa6, 0x50, 0x4, 0x0, 0x0, 0x0, 0x0, 0x54,
    0xc7, 0xff, 0xff, 0xe3, 0x4b, 0x0, 0x0, 0x0,
    0x0, 0x0, 0x23, 0x90, 0xfe, 0xfa, 0x31, 0x1b,
    0x75, 0x6e, 0x0, 0x0, 0x0, 0xac, 0xff, 0x80,
    0x55, 0xff, 0xf9, 0x5c, 0xe, 0x30, 0xe0, 0xff,
    0x7c, 0x2, 0xb0, 0xff, 0xff, 0xff, 0xff, 0xff,
    0xe3, 0x1b, 0x0, 0x5, 0x74, 0xd6, 0xf6, 0xe3,
    0x9a, 0x1f, 0x0,

    /* U+0054 "T" */
    0x9c, 0xff, 0xff, 0xff, 0xff, 0xff, 0xff, 0xff,
    0xf0, 0x9c, 0xff, 0xff, 0xff, 0xff, 0xff, 0xff,
    0xff, 0xf0, 0x4, 0x8, 0x8, 0x70, 0xff, 0xc2,
    0x8, 0x8, 0x7, 0x0, 0x0, 0x0, 0x6c, 0xff,
    0xc0, 0x0, 0x0, 0x0, 0x0, 0x0, 0x0, 0x6c,
    0xff, 0xc0, 0x0, 0x0, 0x0, 0x0, 0x0, 0x0,
    0x6c, 0xff, 0xc0, 0x0, 0x0, 0x0, 0x0, 0x0,
    0x0, 0x6c, 0xff, 0xc0, 0x0, 0x0, 0x0, 0x0,
    0x0, 0x0, 0x6c, 0xff, 0xc0, 0x0, 0x0, 0x0,
    0x0, 0x0, 0x0, 0x6c, 0xff, 0xc0, 0x0, 0x0,
    0x0, 0x0, 0x0, 0x0, 0x6c, 0xff, 0xc0, 0x0,
    0x0, 0x0, 0x0, 0x0, 0x0, 0x6c, 0xff, 0xc0,
    0x0, 0x0, 0x0,

    /* U+0055 "U" */
    0x1c, 0xff, 0xff, 0x10, 0x0, 0x0, 0x0, 0x5c,
    0xff, 0xd0, 0x1c, 0xff, 0xff, 0x10, 0x0, 0x0,
    0x0, 0x5c, 0xff, 0xd0, 0x1c, 0xff, 0xff, 0x10,
    0x0, 0x0, 0x0, 0x5c, 0xff, 0xd0, 0x1c, 0xff,
    0xff, 0x10, 0x0, 0x0, 0x0, 0x5c, 0xff, 0xd0,
    0x1c, 0xff, 0xff, 0x10, 0x0, 0x0, 0x0, 0x5c,
    0xff, 0xd0, 0x1c, 0xff, 0xff, 0x10, 0x0, 0x0,
    0x0, 0x5c, 0xff, 0xd0, 0x19, 0xff, 0xff, 0x13,
    0x0, 0x0, 0x0, 0x60, 0xff, 0xcd, 0x6, 0xfb,
    0xff, 0x3f, 0x0, 0x0, 0x0, 0x8c, 0xff, 0xb3,
    0x0, 0xb3, 0xff, 0xd2, 0x34, 0x10, 0x58, 0xf5,
    0xff, 0x66, 0x0, 0x21, 0xf2, 0xff, 0xff, 0xff,
    0xff, 0xff, 0xc2, 0x5, 0x0, 0x0, 0x29, 0xaa,
    0xec, 0xfa, 0xdb, 0x81, 0x8, 0x0,

    /* U+0056 "V" */
    0xa1, 0xff, 0xb5, 0x0, 0x0, 0x0, 0x0, 0x0,
    0xd4, 0xff, 0x7e, 0x43, 0xff, 0xfb, 0x15, 0x0,
    0x0, 0x0, 0x33, 0xff, 0xfe, 0x1f, 0x2, 0xe2,
    0xff, 0x6b, 0x0, 0x0, 0x0, 0x93, 0xff, 0xbc,
    0x0, 0x0, 0x87, 0xff, 0xc6, 0x0, 0x0, 0x5,
    0xec, 0xff, 0x5b, 0x0, 0x0, 0x28, 0xff, 0xff,
    0x22, 0x0, 0x51, 0xff, 0xf1, 0x9, 0x0, 0x0,
    0x0, 0xca, 0xff, 0x7d, 0x0, 0xb1, 0xff, 0x99,
    0x0, 0x0, 0x0, 0x0, 0x6c, 0xff, 0xd7, 0x14,
    0xfa, 0xff, 0x38, 0x0, 0x0, 0x0, 0x0, 0x13,
    0xfa, 0xff, 0x8b, 0xff, 0xd7, 0x0, 0x0, 0x0,
    0x0, 0x0, 0x0, 0xb0, 0xff, 0xfe, 0xff, 0x76,
    0x0, 0x0, 0x0, 0x0, 0x0, 0x0, 0x52, 0xff,
    0xff, 0xfc, 0x19, 0x0, 0x0, 0x0, 0x0, 0x0,
    0x0, 0x6, 0xec, 0xff, 0xb4, 0x0, 0x0, 0x0,
    0x0,

    /* U+0057 "W" */
    0x9c, 0xff, 0xae, 0x0, 0x0, 0x0, 0x0, 0x0,
    0x0, 0x0, 0x0, 0x0, 0x6a, 0xff, 0xe0, 0x0,
    0x52, 0xff, 0xf1, 0x4, 0x0, 0x0, 0x36, 0x88,
    0x6b, 0x0, 0x0, 0x0, 0xac, 0xff, 0x99, 0x0,
    0xd, 0xfa, 0xff, 0x3b, 0x0, 0x0, 0xa8, 0xff,
    0xfa, 0x12, 0x0, 0x1, 0xeb, 0xff, 0x52, 0x0,
    0x0, 0xbe, 0xff, 0x82, 0x0, 0x8, 0xf3, 0xff,
    0xff, 0x63, 0x0, 0x30, 0xff, 0xfc, 0xf, 0x0,
    0x0, 0x74, 0xff, 0xc8, 0x0, 0x51, 0xff, 0xdb,
    0xff, 0xb9, 0x0, 0x72, 0xff, 0xc4, 0x0, 0x0,
    0x0, 0x2a, 0xff, 0xfc, 0x11, 0xa6, 0xff, 0x5d,
    0xf0, 0xfb, 0x14, 0xb4, 0xff, 0x7d, 0x0, 0x0,
    0x0, 0x0, 0xe0, 0xff, 0x59, 0xf2, 0xf8, 0xe,
    0xa3, 0xff, 0x65, 0xf1, 0xff, 0x36, 0x0, 0x0,
    0x0, 0x0, 0x97, 0xff, 0xd4, 0xff, 0xaf, 0x0,
    0x4c, 0xff, 0xd7, 0xff, 0xed, 0x2, 0x0, 0x0,
    0x0, 0x0, 0x4d, 0xff, 0xff, 0xff, 0x58, 0x0,
    0x6, 0xef, 0xff, 0xff, 0xa8, 0x0, 0x0, 0x0,
    0x0, 0x0, 0xa, 0xf8, 0xff, 0xf6, 0xb, 0x0,
    0x0, 0x9e, 0xff, 0xff, 0x61, 0x0, 0x0, 0x0,
    0x0, 0x0, 0x0, 0xb9, 0xff, 0xab, 0x0, 0x0,
    0x0, 0x47, 0xff, 0xff, 0x1b, 0x0, 0x0, 0x0,

    /* U+0058 "X" */
    0x28, 0xf7, 0xff, 0x86, 0x0, 0x0, 0x0, 0x84,
    0xff, 0xf8, 0x2a, 0x0, 0x76, 0xff, 0xfa, 0x2a,
    0x0, 0x29, 0xf9, 0xff, 0x79, 0x0, 0x0, 0x3,
    0xca, 0xff, 0xc1, 0x2, 0xc1, 0xff, 0xcb, 0x3,
    0x0, 0x0, 0x0, 0x2b, 0xf9, 0xff, 0xb5, 0xff,
    0xf9, 0x2c, 0x0, 0x0, 0x0, 0x0, 0x0, 0x7b,
    0xff, 0xff, 0xff, 0x7b, 0x0, 0x0, 0x0, 0x0,
    0x0, 0x0, 0x30, 0xff, 0xff, 0xff, 0x30, 0x0,
    0x0, 0x0, 0x0, 0x0, 0x3, 0xca, 0xff, 0xff,
    0xff, 0xc9, 0x3, 0x0, 0x0, 0x0, 0x0, 0x76,
    0xff, 0xf9, 0x55, 0xf9, 0xff, 0x75, 0x0, 0x0,
    0x0, 0x25, 0xf7, 0xff, 0x82, 0x0, 0x83, 0xff,
    0xf6, 0x25, 0x0, 0x1, 0xc2, 0xff, 0xda, 0x7,
    0x0, 0x8, 0xda, 0xff, 0xc2, 0x1, 0x6c, 0xff,
    0xff, 0x41, 0x0, 0x0, 0x0, 0x41, 0xff, 0xff,
    0x6c,

    /* U+0059 "Y" */
    0x7d, 0xff, 0xf4, 0x1f, 0x0, 0x0, 0x9, 0xdf,
    0xff, 0xac, 0x4, 0xcf, 0xff, 0xb5, 0x0, 0x0,
    0x84, 0xff, 0xef, 0x18, 0x0, 0x31, 0xfb, 0xff,
    0x57, 0x26, 0xf9, 0xff, 0x62, 0x0, 0x0, 0x0,
    0x85, 0xff, 0xe8, 0xc2, 0xff, 0xbd, 0x0, 0x0,
    0x0, 0x0, 0x7, 0xd6, 0xff, 0xff, 0xf6, 0x23,
    0x0, 0x0, 0x0, 0x0, 0x0, 0x38, 0xfe, 0xff,
    0x75, 0x0, 0x0, 0x0, 0x0, 0x0, 0x0, 0x0,
    0xf4, 0xff, 0x34, 0x0, 0x0, 0x0, 0x0, 0x0,
    0x0, 0x0, 0xf4, 0xff, 0x34, 0x0, 0x0, 0x0,
    0x0, 0x0, 0x0, 0x0, 0xf4, 0xff, 0x34, 0x0,
    0x0, 0x0, 0x0, 0x0, 0x0, 0x0, 0xf4, 0xff,
    0x34, 0x0, 0x0, 0x0, 0x0, 0x0, 0x0, 0x0,
    0xf4, 0xff, 0x34, 0x0, 0x0, 0x0,

    /* U+005A "Z" */
    0x3c, 0xff, 0xff, 0xff, 0xff, 0xff, 0xff, 0xff,
    0xd4, 0x3c, 0xff, 0xff, 0xff, 0xff, 0xff, 0xff,
    0xff, 0xd4, 0x1, 0x8, 0x8, 0x8, 0x8, 0x2f,
    0xf1, 0xff, 0x87, 0x0, 0x0, 0x0, 0x0, 0x13,
    0xdc, 0xff, 0xb0, 0x2, 0x0, 0x0, 0x0, 0x6,
    0xc2, 0xff, 0xcf, 0xb, 0x0, 0x0, 0x0, 0x0,
    0xa2, 0xff, 0xe6, 0x1c, 0x0, 0x0, 0x0, 0x0,
    0x7e, 0xff, 0xf6, 0x35, 0x0, 0x0, 0x0, 0x0,
    0x58, 0xfe, 0xfe, 0x55, 0x0, 0x0, 0x0, 0x0,
    0x36, 0xf7, 0xff, 0x84, 0x8, 0x8, 0x8, 0x8,
    0x7, 0x7c, 0xff, 0xff, 0xff, 0xff, 0xff, 0xff,
    0xff, 0xe4, 0x7c, 0xff, 0xff, 0xff, 0xff, 0xff,
    0xff, 0xff, 0xe4,

    /* U+005B "[" */
    0x9b, 0xb8, 0xb8, 0xb8, 0x17, 0xd8, 0xff, 0xff,
    0xff, 0x20, 0xd8, 0xff, 0x34, 0x0, 0x0, 0xd8,
    0xff, 0x34, 0x0, 0x0, 0xd8, 0xff, 0x34, 0x0,
    0x0, 0xd8, 0xff, 0x34, 0x0, 0x0, 0xd8, 0xff,
    0x34, 0x0, 0x0, 0xd8, 0xff, 0x34, 0x0, 0x0,
    0xd8, 0xff, 0x34, 0x0, 0x0, 0xd8, 0xff, 0x34,
    0x0, 0x0, 0xd8, 0xff, 0x34, 0x0, 0x0, 0xd8,
    0xff, 0x34, 0x0, 0x0, 0xd8, 0xff, 0x34, 0x0,
    0x0, 0xd8, 0xff, 0xc6, 0xb8, 0x17, 0xd8, 0xff,
    0xff, 0xff, 0x20,

    /* U+005C "\\" */
    0x59, 0xff, 0xb6, 0x0, 0x0, 0x0, 0x0, 0x0,
    0x5, 0xe5, 0xfe, 0x27, 0x0, 0x0, 0x0, 0x0,
    0x0, 0x7c, 0xff, 0x94, 0x0, 0x0, 0x0, 0x0,
    0x0, 0x15, 0xf8, 0xf3, 0xf, 0x0, 0x0, 0x0,
    0x0, 0x0, 0x9f, 0xff, 0x71, 0x0, 0x0, 0x0,
    0x0, 0x0, 0x30, 0xff, 0xdd, 0x2, 0x0, 0x0,
    0x0, 0x0, 0x0, 0xc2, 0xff, 0x4e, 0x0, 0x0,
    0x0, 0x0, 0x0, 0x53, 0xff, 0xbc, 0x0, 0x0,
    0x0, 0x0, 0x0, 0x3, 0xe1, 0xff, 0x2b, 0x0,
    0x0, 0x0, 0x0, 0x0, 0x76, 0xff, 0x99, 0x0,
    0x0, 0x0, 0x0, 0x0, 0x11, 0xf5, 0xf6, 0x12,

    /* U+005D "]" */
    0x59, 0xb8, 0xb8, 0xb8, 0x59, 0x7c, 0xff, 0xff,
    0xff, 0x7c, 0x0, 0x0, 0x90, 0xff, 0x7c, 0x0,
    0x0, 0x90, 0xff, 0x7c, 0x0, 0x0, 0x90, 0xff,
    0x7c, 0x0, 0x0, 0x90, 0xff, 0x7c, 0x0, 0x0,
    0x90, 0xff, 0x7c, 0x0, 0x0, 0x90, 0xff, 0x7c,
    0x0, 0x0, 0x90, 0xff, 0x7c, 0x0, 0x0, 0x90,
    0xff, 0x7c, 0x0, 0x0, 0x90, 0xff, 0x7c, 0x0,
    0x0, 0x90, 0xff, 0x7c, 0x0, 0x0, 0x90, 0xff,
    0x7c, 0x59, 0xb8, 0xe0, 0xff, 0x7c, 0x7c, 0xff,
    0xff, 0xff, 0x7c,

    /* U+005E "^" */
    0x0, 0x0, 0x1b, 0xf3, 0xff, 0x49, 0x0, 0x0,
    0x0, 0x0, 0x0, 0xab, 0xff, 0xff, 0xdd, 0x9,
    0x0, 0x0, 0x0, 0x48, 0xff, 0xc9, 0x8d, 0xff,
    0x83, 0x0, 0x0, 0x8, 0xdc, 0xfe, 0x39, 0xe,
    0xe9, 0xf9, 0x27, 0x0, 0x82, 0xff, 0xa5, 0x0,
    0x0, 0x65, 0xff, 0xbc, 0x0,

    /* U+005F "_" */
    0xd8, 0xd8, 0xd8, 0xd8, 0xd8, 0xd8, 0xd8, 0xd4,
    0xff, 0xff, 0xff, 0xff, 0xff, 0xff, 0xff, 0xfc,

    /* U+0060 "`" */
    0x10, 0x28, 0x27, 0x0, 0x1a, 0xef, 0xff, 0x30,
    0x0, 0x60, 0xff, 0x80,

    /* U+0061 "a" */
    0x0, 0x3c, 0xbb, 0xf2, 0xf0, 0xc8, 0x52, 0x0,
    0x18, 0xe4, 0xf7, 0xbf, 0xbe, 0xfb, 0xff, 0x48,
    0x0, 0xb, 0x65, 0x77, 0x6f, 0x8e, 0xff, 0xa7,
    0x8, 0xc5, 0xff, 0xff, 0xff, 0xff, 0xff, 0xc9,
    0x64, 0xff, 0xd4, 0x1f, 0xd, 0x7f, 0xff, 0xcc,
    0x7c, 0xff, 0xa3, 0x0, 0x0, 0xa2, 0xff, 0xcc,
    0x34, 0xfd, 0xfd, 0xb1, 0xc9, 0xff, 0xff, 0xcc,
    0x0, 0x55, 0xd5, 0xf8, 0xc5, 0x6c, 0xff, 0xcc,

    /* U+0062 "b" */
    0x1c, 0xff, 0xfc, 0x0, 0x0, 0x0, 0x0, 0x0,
    0x0, 0x0, 0x1c, 0xff, 0xfc, 0x0, 0x0, 0x0,
    0x0, 0x0, 0x0, 0x0, 0x1c, 0xff, 0xfc, 0x0,
    0x0, 0x0, 0x0, 0x0, 0x0, 0x0, 0x1c, 0xff,
    0xef, 0x59, 0xdc, 0xf8, 0xcb, 0x3c, 0x0, 0x0,
    0x1c, 0xff, 0xf9, 0xfc, 0xf9, 0xfb, 0xff, 0xfd,
    0x43, 0x0, 0x1c, 0xff, 0xff, 0x8e, 0x7, 0xb,
    0xa4, 0xff, 0xd9, 0x0, 0x1c, 0xff, 0xf3, 0x3,
    0x0, 0x0, 0xf, 0xfd, 0xff, 0x1b, 0x1c, 0xff,
    0xf2, 0x3, 0x0, 0x0, 0xf, 0xfd, 0xff, 0x1a,
    0x1c, 0xff, 0xff, 0x8d, 0x5, 0xb, 0xa4, 0xff,
    0xd9, 0x0, 0x1c, 0xff, 0xfd, 0xff, 0xf8, 0xfb,
    0xff, 0xfd, 0x43, 0x0, 0x1c, 0xff, 0xdc, 0x67,
    0xe0, 0xf9, 0xcb, 0x3d, 0x0, 0x0,

    /* U+0063 "c" */
    0x0, 0x2, 0x6c, 0xda, 0xf9, 0xe3, 0x8f, 0xc,
    0x0, 0x0, 0x9f, 0xff, 0xff, 0xf2, 0xfe, 0xff,
    0xc7, 0x3, 0x3d, 0xff, 0xf8, 0x44, 0x0, 0x2b,
    0xca, 0x7c, 0xc, 0x7f, 0xff, 0xa4, 0x0, 0x0,
    0x0, 0x0, 0x0, 0x0, 0x7f, 0xff, 0xa4, 0x0,
    0x0, 0x0, 0x0, 0x0, 0x0, 0x3d, 0xff, 0xf7,
    0x44, 0x0, 0x27, 0xd1, 0x89, 0x13, 0x0, 0x9f,
    0xff, 0xff, 0xf2, 0xfe, 0xff, 0xce, 0x8, 0x0,
    0x2, 0x6d, 0xda, 0xf9, 0xe3, 0x91, 0xe, 0x0,

    /* U+0064 "d" */
    0x0, 0x0, 0x0, 0x0, 0x0, 0x0, 0x64, 0xff,
    0xb4, 0x0, 0x0, 0x0, 0x0, 0x0, 0x0, 0x64,
    0xff, 0xb4, 0x0, 0x0, 0x0, 0x0, 0x0, 0x0,
    0x64, 0xff, 0xb4, 0x0, 0x5, 0x81, 0xe7, 0xf6,
    0xb8, 0x76, 0xff, 0xb4, 0x0, 0xa9, 0xff, 0xff,
    0xf5, 0xff, 0xf6, 0xff, 0xb4, 0x41, 0xff, 0xf9,
    0x4b, 0x0, 0x24, 0xd8, 0xff, 0xb4, 0x80, 0xff,
    0xa6, 0x0, 0x0, 0x0, 0x5e, 0xff, 0xb4, 0x80,
    0xff, 0xa6, 0x0, 0x0, 0x0, 0x5e, 0xff, 0xb4,
    0x41, 0xff, 0xf9, 0x4b, 0x0, 0x22, 0xd8, 0xff,
    0xb4, 0x0, 0xa9, 0xff, 0xff, 0xf4, 0xff, 0xfc,
    0xff, 0xb4, 0x0, 0x5, 0x82, 0xe8, 0xf7, 0xbe,
    0x6a, 0xff, 0xb4,

    /* U+0065 "e" */
    0x0, 0x1, 0x6a, 0xda, 0xf9, 0xe2, 0x80, 0x6,
    0x0, 0x0, 0x99, 0xff, 0xe9, 0xb8, 0xe3, 0xff,
    0xaf, 0x0, 0x39, 0xff, 0xe1, 0x30, 0x24, 0x29,
    0xd3, 0xff, 0x3a, 0x7e, 0xff, 0xff, 0xff, 0xff,
    0xff, 0xff, 0xff, 0x6c, 0x7f, 0xff, 0xbd, 0x54,
    0x54, 0x54, 0x54, 0x54, 0x24, 0x3d, 0xff, 0xed,
    0x2d, 0x0, 0x11, 0xc1, 0x86, 0xe, 0x0, 0x9f,
    0xff, 0xfc, 0xdc, 0xf5, 0xff, 0xce, 0x8, 0x0,
    0x2, 0x6b, 0xd9, 0xf9, 0xe4, 0x92, 0xe, 0x0,

    /* U+0066 "f" */
    0x0, 0x0, 0x3b, 0xc3, 0xf4, 0xe9, 0x21, 0x0,
    0xa, 0xf1, 0xff, 0xfe, 0xe1, 0x0, 0x0, 0x30,
    0xff, 0xef, 0x13, 0x3, 0x0, 0x9c, 0xff, 0xff,
    0xff, 0xff, 0xd8, 0x0, 0x77, 0xd0, 0xff, 0xf9,
    0xc4, 0xa5, 0x0, 0x0, 0x34, 0xff, 0xe4, 0x0,
    0x0, 0x0, 0x0, 0x34, 0xff, 0xe4, 0x0, 0x0,
    0x0, 0x0, 0x34, 0xff, 0xe4, 0x0, 0x0, 0x0,
    0x0, 0x34, 0xff, 0xe4, 0x0, 0x0, 0x0, 0x0,
    0x34, 0xff, 0xe4, 0x0, 0x0, 0x0, 0x0, 0x34,
    0xff, 0xe4, 0x0, 0x0, 0x0,

    /* U+0067 "g" */
    0x0, 0x6, 0x86, 0xe9, 0xf7, 0xb4, 0x77, 0xff,
    0xa8, 0x0, 0xab, 0xff, 0xff, 0xe9, 0xfe, 0xff,
    0xff, 0xa8, 0x41, 0xff, 0xf7, 0x3f, 0x0, 0x24,
    0xe1, 0xff, 0xa8, 0x7f, 0xff, 0xa5, 0x0, 0x0,
    0x0, 0x73, 0xff, 0xa8, 0x80, 0xff, 0xa3, 0x0,
    0x0, 0x0, 0x72, 0xff, 0xa8, 0x42, 0xff, 0xf6,
    0x3b, 0x0, 0x22, 0xe0, 0xff, 0xa8, 0x0, 0xae,
    0xff, 0xff, 0xe7, 0xfd, 0xfb, 0xff, 0xa7, 0x0,
    0x7, 0x87, 0xea, 0xf6, 0xaf, 0x75, 0xff, 0x9a,
    0x11, 0x66, 0x91, 0x13, 0x0, 0x13, 0xc7, 0xff,
    0x5b, 0xe, 0xdb, 0xff, 0xfd, 0xe2, 0xf9, 0xff,
    0xc2, 0x2, 0x0, 0x13, 0x8e, 0xdc, 0xf9, 0xe3,
    0x85, 0x9, 0x0,

    /* U+0068 "h" */
    0x1c, 0xff, 0xfc, 0x0, 0x0, 0x0, 0x0, 0x0,
    0x0, 0x1c, 0xff, 0xfc, 0x0, 0x0, 0x0, 0x0,
    0x0, 0x0, 0x1c, 0xff, 0xfb, 0x0, 0x0, 0x0,
    0x0, 0x0, 0x0, 0x1c, 0xff, 0xed, 0x4c, 0xd6,
    0xf5, 0xc8, 0x35, 0x0, 0x1c, 0xff, 0xf7, 0xf9,
    0xf7, 0xfd, 0xff, 0xe7, 0xa, 0x1c, 0xff, 0xff,
    0x9e, 0x5, 0x24, 0xf4, 0xff, 0x40, 0x1c, 0xff,
    0xff, 0x1a, 0x0, 0x0, 0xc5, 0xff, 0x5a, 0x1c,
    0xff, 0xfc, 0x0, 0x0, 0x0, 0xc0, 0xff, 0x5c,
    0x1c, 0xff, 0xfc, 0x0, 0x0, 0x0, 0xc0, 0xff,
    0x5c, 0x1c, 0xff, 0xfc, 0x0, 0x0, 0x0, 0xc0,
    0xff, 0x5c, 0x1c, 0xff, 0xfc, 0x0, 0x0, 0x0,
    0xc0, 0xff, 0x5c,

    /* U+0069 "i" */
    0x10, 0xcf, 0xdf, 0x22, 0x3a, 0xff, 0xff, 0x5c,
    0x1, 0x7b, 0x89, 0x8, 0x0, 0xf8, 0xff, 0x20,
    0x0, 0xf8, 0xff, 0x20, 0x0, 0xf8, 0xff, 0x20,
    0x0, 0xf8, 0xff, 0x20, 0x0, 0xf8, 0xff, 0x20,
    0x0, 0xf8, 0xff, 0x20, 0x0, 0xf8, 0xff, 0x20,
    0x0, 0xf8, 0xff, 0x20,

    /* U+006A "j" */
    0x0, 0x10, 0xcf, 0xdf, 0x22, 0x0, 0x3a, 0xff,
    0xff, 0x5c, 0x0, 0x1, 0x7b, 0x89, 0x8, 0x0,
    0x0, 0xf8, 0xff, 0x20, 0x0, 0x0, 0xf8, 0xff,
    0x20, 0x0, 0x0, 0xf8, 0xff, 0x20, 0x0, 0x0,
    0xf8, 0xff, 0x20, 0x0, 0x0, 0xf8, 0xff, 0x20,
    0x0, 0x0, 0xf8, 0xff, 0x20, 0x0, 0x0, 0xf8,
    0xff, 0x20, 0x0, 0x0, 0xf8, 0xff, 0x20, 0x1,
    0x17, 0xfe, 0xff, 0x14, 0x65, 0xf9, 0xff, 0xdd,
    0x0, 0x98, 0xfa, 0xd1, 0x38, 0x0,

    /* U+006B "k" */
    0x1c, 0xff, 0xfc, 0x0, 0x0, 0x0, 0x0, 0x0,
    0x0, 0x1c, 0xff, 0xfc, 0x0, 0x0, 0x0, 0x0,
    0x0, 0x0, 0x1c, 0xff, 0xfc, 0x0, 0x0, 0x0,
    0x0, 0x0, 0x0, 0x1c, 0xff, 0xfc, 0x0, 0x8,
    0xbc, 0xff, 0xd5, 0x14, 0x1c, 0xff, 0xfc, 0x6,
    0xb6, 0xff, 0xd6, 0x17, 0x0, 0x1c, 0xff, 0xfd,
    0xb1, 0xff, 0xd7, 0x18, 0x0, 0x0, 0x1c, 0xff,
    0xff, 0xff, 0xff, 0xae, 0x0, 0x0, 0x0, 0x1c,
    0xff, 0xff, 0xdb, 0xf6, 0xff, 0x50, 0x0, 0x0,
    0x1c, 0xff, 0xfd, 0x1a, 0x7b, 0xff, 0xe5, 0xe,
    0x0, 0x1c, 0xff, 0xfc, 0x0, 0x6, 0xd7, 0xff,
    0x96, 0x0, 0x1c, 0xff, 0xfc, 0x0, 0x0, 0x40,
    0xff, 0xfe, 0x3b,

    /* U+006C "l" */
    0x1c, 0xff, 0xfc, 0x1c, 0xff, 0xfc, 0x1c, 0xff,
    0xfc, 0x1c, 0xff, 0xfc, 0x1c, 0xff, 0xfc, 0x1c,
    0xff, 0xfc, 0x1c, 0xff, 0xfc, 0x1c, 0xff, 0xfc,
    0x1c, 0xff, 0xfc, 0x1c, 0xff, 0xfc, 0x1c, 0xff,
    0xfc,

    /* U+006D "m" */
    0x1c, 0xff, 0xdc, 0x4a, 0xda, 0xf8, 0xc4, 0x28,
    0x60, 0xda, 0xf5, 0xc4, 0x2e, 0x0, 0x1c, 0xff,
    0xfa, 0xfc, 0xf5, 0xff, 0xff, 0xe9, 0xff, 0xf8,
    0xfd, 0xff, 0xda, 0x3, 0x1c, 0xff, 0xff, 0x90,
    0x2, 0x47, 0xff, 0xff, 0xb1, 0x7, 0x25, 0xfa,
    0xff, 0x28, 0x1c, 0xff, 0xff, 0x17, 0x0, 0x2,
    0xfd, 0xff, 0x3a, 0x0, 0x0, 0xdc, 0xff, 0x3f,
    0x1c, 0xff, 0xfc, 0x0, 0x0, 0x0, 0xfc, 0xff,
    0x1c, 0x0, 0x0, 0xd8, 0xff, 0x40, 0x1c, 0xff,
    0xfc, 0x0, 0x0, 0x0, 0xfc, 0xff, 0x1c, 0x0,
    0x0, 0xd8, 0xff, 0x40, 0x1c, 0xff, 0xfc, 0x0,
    0x0, 0x0, 0xfc, 0xff, 0x1c, 0x0, 0x0, 0xd8,
    0xff, 0x40, 0x1c, 0xff, 0xfc, 0x0, 0x0, 0x0,
    0xfc, 0xff, 0x1c, 0x0, 0x0, 0xd8, 0xff, 0x40,

    /* U+006E "n" */
    0x1c, 0xff, 0xdc, 0x4a, 0xda, 0xf5, 0xc6, 0x33,
    0x0, 0x1c, 0xff, 0xfa, 0xfc, 0xf7, 0xfd, 0xff,
    0xe5, 0x9, 0x1c, 0xff, 0xff, 0x9e, 0x5, 0x20,
    0xf2, 0xff, 0x3f, 0x1c, 0xff, 0xff, 0x19, 0x0,
    0x0, 0xc5, 0xff, 0x5a, 0x1c, 0xff, 0xfc, 0x0,
    0x0, 0x0, 0xc0, 0xff, 0x5c, 0x1c, 0xff, 0xfc,
    0x0, 0x0, 0x0, 0xc0, 0xff, 0x5c, 0x1c, 0xff,
    0xfc, 0x0, 0x0, 0x0, 0xc0, 0xff, 0x5c, 0x1c,
    0xff, 0xfc, 0x0, 0x0, 0x0, 0xc0, 0xff, 0x5c,

    /* U+006F "o" */
    0x0, 0x2, 0x6c, 0xda, 0xf9, 0xe5, 0x8c, 0xc,
    0x0, 0x0, 0x9f, 0xff, 0xff, 0xf4, 0xff, 0xff,
    0xd0, 0x6, 0x3d, 0xff, 0xf7, 0x46, 0x0, 0x29,
    0xe0, 0xff, 0x75, 0x7f, 0xff, 0xa3, 0x0, 0x0,
    0x0, 0x6e, 0xff, 0xb7, 0x7f, 0xff, 0xa3, 0x0,
    0x0, 0x0, 0x6e, 0xff, 0xb6, 0x3d, 0xff, 0xf7,
    0x43, 0x0, 0x27, 0xe0, 0xff, 0x75, 0x0, 0x9f,
    0xff, 0xff, 0xf3, 0xff, 0xff, 0xd0, 0x6, 0x0,
    0x2, 0x6d, 0xda, 0xfa, 0xe6, 0x8d, 0xc, 0x0,

    /* U+0070 "p" */
    0x2c, 0xff, 0xcc, 0x72, 0xe3, 0xf8, 0xc5, 0x33,
    0x0, 0x0, 0x2c, 0xff, 0xfc, 0xff, 0xf8, 0xfc,
    0xff, 0xfb, 0x35, 0x0, 0x2c, 0xff, 0xff, 0x81,
    0x5, 0xf, 0xb0, 0xff, 0xc9, 0x0, 0x2c, 0xff,
    0xe5, 0x0, 0x0, 0x0, 0x1e, 0xff, 0xff, 0xb,
    0x2c, 0xff, 0xe5, 0x0, 0x0, 0x0, 0x1f, 0xff,
    0xff, 0xb, 0x2c, 0xff, 0xff, 0x7f, 0x3, 0xf,
    0xb0, 0xff, 0xc9, 0x0, 0x2c, 0xff, 0xf7, 0xff,
    0xf7, 0xfc, 0xff, 0xfb, 0x35, 0x0, 0x2c, 0xff,
    0xe0, 0x65, 0xe1, 0xf8, 0xc5, 0x34, 0x0, 0x0,
    0x2c, 0xff, 0xec, 0x0, 0x0, 0x0, 0x0, 0x0,
    0x0, 0x0, 0x2c, 0xff, 0xec, 0x0, 0x0, 0x0,
    0x0, 0x0, 0x0, 0x0, 0x2c, 0xff, 0xec, 0x0,
    0x0, 0x0, 0x0, 0x0, 0x0, 0x0,

    /* U+0071 "q" */
    0x0, 0x5, 0x81, 0xe7, 0xf7, 0xbe, 0x6a, 0xff,
    0xb4, 0x0, 0xa9, 0xff, 0xff, 0xf5, 0xff, 0xfc,
    0xff, 0xb4, 0x41, 0xff, 0xf9, 0x4b, 0x0, 0x24,
    0xd8, 0xff, 0xb4, 0x80, 0xff, 0xa6, 0x0, 0x0,
    0x0, 0x5e, 0xff, 0xb4, 0x80, 0xff, 0xa6, 0x0,
    0x0, 0x0, 0x5e, 0xff, 0xb4, 0x41, 0xff, 0xf9,
    0x4b, 0x0, 0x22, 0xd8, 0xff, 0xb4, 0x0, 0xa9,
    0xff, 0xff, 0xf4, 0xff, 0xf6, 0xff, 0xb4, 0x0,
    0x5, 0x82, 0xe8, 0xf7, 0xb8, 0x75, 0xff, 0xb4,
    0x0, 0x0, 0x0, 0x0, 0x0, 0x0, 0x64, 0xff,
    0xb4, 0x0, 0x0, 0x0, 0x0, 0x0, 0x0, 0x64,
    0xff, 0xb4, 0x0, 0x0, 0x0, 0x0, 0x0, 0x0,
    0x64, 0xff, 0xb4,

    /* U+0072 "r" */
    0x1c, 0xff, 0xdc, 0x68, 0xe1, 0xfd, 0x4d, 0x1c,
    0xff, 0xfd, 0xff, 0xd5, 0xd0, 0xc, 0x1c, 0xff,
    0xff, 0x85, 0x0, 0x0, 0x0, 0x1c, 0xff, 0xff,
    0x12, 0x0, 0x0, 0x0, 0x1c, 0xff, 0xfc, 0x0,
    0x0, 0x0, 0x0, 0x1c, 0xff, 0xfc, 0x0, 0x0,
    0x0, 0x0, 0x1c, 0xff, 0xfc, 0x0, 0x0, 0x0,
    0x0, 0x1c, 0xff, 0xfc, 0x0, 0x0, 0x0, 0x0,

    /* U+0073 "s" */
    0x0, 0x3f, 0xc2, 0xf2, 0xef, 0xb2, 0x28, 0x0,
    0x19, 0xf6, 0xfe, 0xc1, 0xd7, 0xff, 0xe3, 0x8,
    0x3e, 0xff, 0xdd, 0x1e, 0x2, 0x5c, 0x17, 0x0,
    0x7, 0xc6, 0xff, 0xff, 0xda, 0x90, 0x1c, 0x0,
    0x0, 0x4, 0x53, 0x95, 0xd6, 0xff, 0xe7, 0x12,
    0x2d, 0xa2, 0x8e, 0x2, 0x2, 0xdc, 0xff, 0x49,
    0x38, 0xf8, 0xff, 0xe6, 0xeb, 0xff, 0xed, 0x14,
    0x0, 0x3a, 0xbb, 0xef, 0xee, 0xb7, 0x30, 0x0,

    /* U+0074 "t" */
    0x0, 0x1e, 0x80, 0x6e, 0x0, 0x0, 0x0, 0x0,
    0x3c, 0xff, 0xdc, 0x0, 0x0, 0x0, 0x0, 0x3c,
    0xff, 0xdc, 0x0, 0x0, 0x0, 0x9c, 0xff, 0xff,
    0xff, 0xff, 0xc8, 0x0, 0x77, 0xd2, 0xff, 0xf7,
    0xc4, 0x99, 0x0, 0x0, 0x3c, 0xff, 0xdc, 0x0,
    0x0, 0x0, 0x0, 0x3c, 0xff, 0xdc, 0x0, 0x0,
    0x0, 0x0, 0x3c, 0xff, 0xdc, 0x0, 0x0, 0x0,
    0x0, 0x30, 0xff, 0xf3, 0x14, 0x7, 0x0, 0x0,
    0x9, 0xeb, 0xff, 0xfc, 0xb6, 0x0, 0x0, 0x0,
    0x42, 0xd6, 0xf9, 0xd2, 0x3,

    /* U+0075 "u" */
    0x2c, 0xff, 0xec, 0x0, 0x0, 0x0, 0xd0, 0xff,
    0x48, 0x2c, 0xff, 0xec, 0x0, 0x0, 0x0, 0xd0,
    0xff, 0x48, 0x2c, 0xff, 0xec, 0x0, 0x0, 0x0,
    0xd0, 0xff, 0x48, 0x2c, 0xff, 0xec, 0x0, 0x0,
    0x0, 0xd0, 0xff, 0x48, 0x2a, 0xff, 0xf1, 0x0,
    0x0, 0x1, 0xeb, 0xff, 0x48, 0x10, 0xff, 0xff,
    0x40, 0x1, 0x70, 0xff, 0xff, 0x48, 0x0, 0xc3,
    0xff, 0xff, 0xf5, 0xff, 0xf8, 0xff, 0x48, 0x0,
    0x20, 0xb8, 0xf2, 0xe7, 0x7c, 0xb0, 0xff, 0x48,

    /* U+0076 "v" */
    0xbb, 0xff, 0xa4, 0x0, 0x0, 0x0, 0xb6, 0xff,
    0xa1, 0x50, 0xff, 0xf6, 0xf, 0x0, 0x1b, 0xfc,
    0xff, 0x35, 0x3, 0xe1, 0xff, 0x69, 0x0, 0x7b,
    0xff, 0xc9, 0x0, 0x0, 0x7a, 0xff, 0xcb, 0x1,
    0xdc, 0xff, 0x5d, 0x0, 0x0, 0x15, 0xf9, 0xff,
    0x6e, 0xff, 0xea, 0x7, 0x0, 0x0, 0x0, 0xa4,
    0xff, 0xfc, 0xff, 0x85, 0x0, 0x0, 0x0, 0x0,
    0x39, 0xff, 0xff, 0xfc, 0x1d, 0x0, 0x0, 0x0,
    0x0, 0x0, 0xcd, 0xff, 0xad, 0x0, 0x0, 0x0,

    /* U+0077 "w" */
    0xc8, 0xff, 0x8c, 0x0, 0x0, 0xc8, 0xff, 0xaf,
    0x0, 0x0, 0xa1, 0xff, 0xa7, 0x78, 0xff, 0xcf,
    0x0, 0x18, 0xfe, 0xff, 0xf6, 0xa, 0x0, 0xe2,
    0xff, 0x56, 0x27, 0xff, 0xfe, 0x13, 0x65, 0xff,
    0xfe, 0xff, 0x51, 0x24, 0xff, 0xf8, 0xd, 0x0,
    0xd7, 0xff, 0x53, 0xb4, 0xff, 0x8d, 0xff, 0xa1,
    0x65, 0xff, 0xb5, 0x0, 0x0, 0x86, 0xff, 0xa0,
    0xf7, 0xe3, 0x10, 0xfa, 0xed, 0xaa, 0xff, 0x65,
    0x0, 0x0, 0x36, 0xff, 0xff, 0xff, 0x94, 0x0,
    0xba, 0xff, 0xff, 0xfd, 0x17, 0x0, 0x0, 0x1,
    0xe3, 0xff, 0xff, 0x44, 0x0, 0x6b, 0xff, 0xff,
    0xc4, 0x0, 0x0, 0x0, 0x0, 0x94, 0xff, 0xef,
    0x4, 0x0, 0x1c, 0xff, 0xff, 0x74, 0x0, 0x0,

    /* U+0078 "x" */
    0x81, 0xff, 0xe5, 0xf, 0x1, 0xc8, 0xff, 0xb9,
    0x1, 0x5, 0xcd, 0xff, 0x9a, 0x65, 0xff, 0xed,
    0x1a, 0x0, 0x0, 0x2b, 0xf8, 0xfe, 0xf3, 0xff,
    0x54, 0x0, 0x0, 0x0, 0x0, 0x75, 0xff, 0xff,
    0xa2, 0x0, 0x0, 0x0, 0x0, 0x0, 0x89, 0xff,
    0xff, 0xb4, 0x0, 0x0, 0x0, 0x0, 0x37, 0xfc,
    0xfb, 0xef, 0xff, 0x62, 0x0, 0x0, 0x8, 0xd6,
    0xff, 0x8b, 0x5b, 0xff, 0xf1, 0x1e, 0x0, 0x8a,
    0xff, 0xe0, 0xb, 0x0, 0xb6, 0xff, 0xbb, 0x1,

    /* U+0079 "y" */
    0xb6, 0xff, 0xaa, 0x0, 0x0, 0x0, 0xc1, 0xff,
    0x8e, 0x42, 0xff, 0xfb, 0x1c, 0x0, 0x2b, 0xff,
    0xfc, 0x20, 0x0, 0xcd, 0xff, 0x86, 0x0, 0x94,
    0xff, 0xaa, 0x0, 0x0, 0x5a, 0xff, 0xeb, 0x14,
    0xf1, 0xff, 0x38, 0x0, 0x0, 0x4, 0xe1, 0xff,
    0xc4, 0xff, 0xc6, 0x0, 0x0, 0x0, 0x0, 0x72,
    0xff, 0xff, 0xff, 0x53, 0x0, 0x0, 0x0, 0x0,
    0xd, 0xf0, 0xff, 0xde, 0x3, 0x0, 0x0, 0x0,
    0x0, 0x0, 0xc8, 0xff, 0x6f, 0x0, 0x0, 0x0,
    0x0, 0x0, 0x38, 0xff, 0xf0, 0xc, 0x0, 0x0,
    0x0, 0x0, 0x0, 0xb1, 0xff, 0x8b, 0x0, 0x0,
    0x0, 0x0, 0x0, 0x29, 0xfe, 0xfb, 0x1d, 0x0,
    0x0, 0x0, 0x0,

    /* U+007A "z" */
    0x5c, 0xff, 0xff, 0xff, 0xff, 0xff, 0xff, 0x18,
    0x46, 0xc4, 0xc4, 0xc4, 0xe7, 0xff, 0xfb, 0x12,
    0x0, 0x0, 0x0, 0x2f, 0xf2, 0xff, 0x64, 0x0,
    0x0, 0x0, 0x1e, 0xe5, 0xff, 0x81, 0x0, 0x0,
    0x0, 0x10, 0xd5, 0xff, 0x9f, 0x0, 0x0, 0x0,
    0x7, 0xc0, 0xff, 0xb8, 0x4, 0x0, 0x0, 0x0,
    0x72, 0xff, 0xff, 0xcf, 0xc4, 0xc4, 0xc4, 0x1e,
    0x7c, 0xff, 0xff, 0xff, 0xff, 0xff, 0xff, 0x28,

    /* U+007B "{" */
    0x0, 0x0, 0x26, 0x93, 0x9e, 0x0, 0x1b, 0xf2,
    0xff, 0xe0, 0x0, 0x77, 0xff, 0xbd, 0xc, 0x0,
    0x95, 0xff, 0x76, 0x0, 0x0, 0x98, 0xff, 0x74,
    0x0, 0x0, 0x98, 0xff, 0x73, 0x0, 0xb, 0xc8,
    0xff, 0x5e, 0x0, 0x9c, 0xff, 0xc4, 0xe, 0x0,
    0x86, 0xff, 0xee, 0x25, 0x0, 0x0, 0xac, 0xff,
    0x6c, 0x0, 0x0, 0x98, 0xff, 0x74, 0x0, 0x0,
    0x98, 0xff, 0x74, 0x0, 0x0, 0x89, 0xff, 0x93,
    0x0, 0x0, 0x45, 0xff, 0xfe, 0xab, 0x0, 0x0,
    0x6c, 0xde, 0xdd,

    /* U+007C "|" */
    0x5b, 0x6c, 0x8, 0xd8, 0xff, 0x14, 0xd8, 0xff,
    0x14, 0xd8, 0xff, 0x14, 0xd8, 0xff, 0x14, 0xd8,
    0xff, 0x14, 0xd8, 0xff, 0x14, 0xd8, 0xff, 0x14,
    0xd8, 0xff, 0x14, 0xd8, 0xff, 0x14, 0xd8, 0xff,
    0x14, 0xd8, 0xff, 0x14, 0xd8, 0xff, 0x14, 0xd8,
    0xff, 0x14, 0xd8, 0xff, 0x14,

    /* U+007D "}" */
    0x59, 0xa5, 0x5b, 0x0, 0x0, 0x0, 0x7c, 0xff,
    0xff, 0x71, 0x0, 0x0, 0x1, 0x63, 0xff, 0xda,
    0x0, 0x0, 0x0, 0x12, 0xff, 0xf9, 0x0, 0x0,
    0x0, 0x10, 0xff, 0xfc, 0x0, 0x0, 0x0, 0xf,
    0xff, 0xfc, 0x0, 0x0, 0x0, 0x3, 0xf7, 0xff,
    0x38, 0x0, 0x0, 0x0, 0x6e, 0xfc, 0xff, 0x4,
    0x0, 0x0, 0xae, 0xff, 0xea, 0x3, 0x0, 0x9,
    0xff, 0xfe, 0x10, 0x0, 0x0, 0x10, 0xff, 0xfc,
    0x0, 0x0, 0x0, 0x10, 0xff, 0xfc, 0x0, 0x0,
    0x0, 0x2f, 0xff, 0xec, 0x0, 0x0, 0x5a, 0xeb,
    0xff, 0xa8, 0x0, 0x0, 0x7c, 0xef, 0xaa, 0x15,
    0x0, 0x0,

    /* U+007E "~" */
    0x0, 0x67, 0xba, 0x9f, 0x42, 0x0, 0x2e, 0x70,
    0x24, 0x3b, 0xff, 0xff, 0xff, 0xff, 0xdf, 0xf0,
    0xff, 0x2f, 0x49, 0xa8, 0x40, 0x26, 0x89, 0xe0,
    0xf0, 0x85, 0x0,

    /* U+00A0 " " */

    /* U+00A1 "¡" */
    0x9, 0xc4, 0xe7, 0x32, 0x2e, 0xff, 0xff, 0x7a,
    0x0, 0x83, 0xa4, 0x16, 0x0, 0x50, 0x70, 0x2,
    0x0, 0xc1, 0xff, 0x10, 0x0, 0xce, 0xff, 0x1d,
    0x0, 0xdc, 0xff, 0x2b, 0x0, 0xe8, 0xff, 0x38,
    0x0, 0xec, 0xff, 0x3c, 0x0, 0xec, 0xff, 0x3c,
    0x0, 0xec, 0xff, 0x3c,

    /* U+00A2 "¢" */
    0x0, 0x0, 0x0, 0x2a, 0xd0, 0x30, 0x0, 0x0,
    0x0, 0x0, 0x0, 0xa, 0x71, 0xff, 0x81, 0x16,
    0x0, 0x0, 0x0, 0x3b, 0xe9, 0xff, 0xff, 0xff,
    0xf2, 0x48, 0x0, 0xe, 0xea, 0xfe, 0xac, 0xff,
    0xa2, 0xfc, 0xdf, 0x6, 0x5f, 0xff, 0x9f, 0x34,
    0xff, 0x3c, 0x36, 0x9, 0x0, 0x81, 0xff, 0x67,
    0x34, 0xff, 0x3c, 0x0, 0x0, 0x0, 0x68, 0xff,
    0x8c, 0x34, 0xff, 0x3c, 0x1a, 0x2, 0x0, 0x1c,
    0xf6, 0xf6, 0x85, 0xff, 0x7a, 0xe9, 0xda, 0xd,
    0x0, 0x5f, 0xfa, 0xff, 0xff, 0xff, 0xff, 0x73,
    0x0, 0x0, 0x0, 0x29, 0x98, 0xff, 0xa9, 0x3b,
    0x0, 0x0, 0x0, 0x0, 0x0, 0x34, 0xff, 0x3c,
    0x0, 0x0, 0x0,

    /* U+00A3 "£" */
    0x0, 0x1f, 0xab, 0xf4, 0xea, 0xa6, 0x1b, 0x0,
    0x0, 0xe, 0xe0, 0xff, 0xec, 0xf2, 0xff, 0xd8,
    0x6, 0x0, 0x5b, 0xff, 0xbf, 0x5, 0xb, 0xc7,
    0xa3, 0x16, 0x0, 0x6a, 0xff, 0x92, 0x0, 0x0,
    0x1, 0x0, 0x0, 0x0, 0x20, 0xf9, 0xe6, 0xe,
    0x0, 0x0, 0x0, 0x0, 0x0, 0x40, 0xdf, 0xff,
    0xbd, 0x94, 0x5c, 0x0, 0x0, 0x0, 0x70, 0xff,
    0xff, 0xff, 0xff, 0xa0, 0x0, 0x0, 0x0, 0x0,
    0x9, 0xfd, 0xd0, 0x0, 0x0, 0x0, 0x0, 0x0,
    0x0, 0x7a, 0xff, 0x74, 0x0, 0x0, 0x63, 0x7c,
    0xf, 0x65, 0xff, 0xff, 0xda, 0xd4, 0xd7, 0xfe,
    0xf8, 0x1c, 0x7c, 0xff, 0xff, 0xff, 0xff, 0xfd,
    0xd9, 0x4d, 0x0,

    /* U+00A4 "¤" */
    0x0, 0xf, 0xc, 0x0, 0x0, 0x0, 0x0, 0x1a,
    0x1, 0x0, 0xc1, 0xc6, 0xb1, 0xf1, 0xe7, 0x98,
    0xe9, 0x7e, 0x0, 0x55, 0xff, 0xfd, 0xb9, 0xce,
    0xff, 0xf7, 0x1c, 0x0, 0x7b, 0xff, 0x66, 0x0,
    0x1, 0xad, 0xff, 0x37, 0x0, 0x9f, 0xff, 0x1e,
    0x0, 0x0, 0x64, 0xff, 0x5b, 0x0, 0x7b, 0xff,
    0x65, 0x0, 0x0, 0xac, 0xff, 0x37, 0x0, 0x56,
    0xff, 0xfd, 0xb8, 0xce, 0xff, 0xf7, 0x1c, 0x0,
    0xc1, 0xc7, 0xb1, 0xf1, 0xe7, 0x98, 0xe9, 0x7d,
    0x0, 0xf, 0xc, 0x0, 0x0, 0x0, 0x0, 0x1a,
    0x1,

    /* U+00A5 "¥" */
    0x80, 0xff, 0xf2, 0x18, 0x0, 0x0, 0x9, 0xe3,
    0xff, 0x9b, 0x6, 0xd7, 0xff, 0xa1, 0x0, 0x0,
    0x7f, 0xff, 0xea, 0x12, 0x0, 0x3e, 0xfe, 0xfe,
    0x39, 0x1a, 0xf4, 0xff, 0x5d, 0x0, 0x0, 0x0,
    0x9c, 0xff, 0xbe, 0x90, 0xff, 0xbe, 0x0, 0x0,
    0x0, 0x87, 0xde, 0xff, 0xff, 0xf7, 0xff, 0xe4,
    0x9f, 0x0, 0x0, 0xa4, 0xff, 0xff, 0xff, 0xff,
    0xff, 0xff, 0xc0, 0x0, 0x0, 0x0, 0x0, 0x0,
    0xff, 0xff, 0x28, 0x0, 0x0, 0x0, 0x0, 0xa4,
    0xff, 0xff, 0xff, 0xff, 0xff, 0xff, 0xc0, 0x0,
    0x0, 0x87, 0xd4, 0xd4, 0xff, 0xff, 0xda, 0xd4,
    0x9f, 0x0, 0x0, 0x0, 0x0, 0x0, 0xff, 0xff,
    0x28, 0x0, 0x0, 0x0, 0x0, 0x0, 0x0, 0x0,
    0xff, 0xff, 0x28, 0x0, 0x0, 0x0,

    /* U+00A6 "¦" */
    0xd8, 0xff, 0x14, 0xd8, 0xff, 0x14, 0xd8, 0xff,
    0x14, 0xd8, 0xff, 0x14, 0xd8, 0xff, 0x14, 0xd8,
    0xff, 0x14, 0x0, 0x0, 0x0, 0x6f, 0x84, 0xa,
    0xd8, 0xff, 0x14, 0xd8, 0xff, 0x14, 0xd8, 0xff,
    0x14, 0xd8, 0xff, 0x14, 0xd8, 0xff, 0x14, 0xd8,
    0xff, 0x14,

    /* U+00A7 "§" */
    0x0, 0x6, 0x79, 0xd7, 0xf5, 0xd4, 0x69, 0x0,
    0x0, 0x0, 0x99, 0xff, 0xff, 0xf4, 0xff, 0xff,
    0x7d, 0x0, 0x2, 0xfb, 0xff, 0x4a, 0x0, 0x50,
    0xdc, 0x7a, 0x0, 0x0, 0xe1, 0xff, 0x91, 0x19,
    0x0, 0x0, 0x0, 0x0, 0x0, 0x39, 0xfb, 0xff,
    0xfd, 0xc0, 0x58, 0x0, 0x0, 0x0, 0x8c, 0xff,
    0xbc, 0xc2, 0xff, 0xff, 0xa9, 0x0, 0x3, 0xfc,
    0xfc, 0xa, 0x0, 0x4b, 0xfc, 0xff, 0x32, 0x0,
    0xdc, 0xff, 0x63, 0x0, 0x0, 0xd5, 0xff, 0x41,
    0x0, 0x35, 0xe0, 0xff, 0xd9, 0x8e, 0xfb, 0xca,
    0x5, 0x0, 0x0, 0x5, 0x4e, 0xa3, 0xf6, 0xff,
    0xa9, 0x0, 0x4, 0x44, 0x60, 0x0, 0x0, 0x1d,
    0xf1, 0xff, 0x23, 0x29, 0xff, 0xf9, 0x4d, 0x0,
    0x24, 0xf2, 0xff, 0x33, 0x0, 0x95, 0xff, 0xff,
    0xf5, 0xfe, 0xff, 0xc0, 0x1, 0x0, 0x2, 0x6b,
    0xd2, 0xf5, 0xdf, 0x8b, 0xf, 0x0,

    /* U+00A8 "¨" */
    0x0, 0x1c, 0x28, 0x0, 0x18, 0x2b, 0x0, 0x4,
    0xed, 0xfc, 0x21, 0xe1, 0xfe, 0x2b, 0x0, 0xc1,
    0xdc, 0x11, 0xb2, 0xe1, 0x18,

    /* U+00A9 "©" */
    0x0, 0x0, 0x55, 0xc0, 0xc7, 0x9b, 0x14, 0x0,
    0x0, 0x78, 0x94, 0xc, 0x0, 0x3a, 0xc7, 0x14,
    0x1f, 0xbc, 0xb, 0x96, 0xb0, 0x52, 0x40, 0x99,
    0x5f, 0x70, 0x75, 0x58, 0x0, 0xe, 0x0, 0xce,
    0x5f, 0x71, 0x76, 0x56, 0x0, 0x20, 0x0, 0xcf,
    0x1f, 0xbf, 0xd, 0x9b, 0xb0, 0x5a, 0x44, 0x99,
    0x0, 0x78, 0x99, 0xf, 0x1, 0x3f, 0xca, 0x15,
    0x0, 0x0, 0x57, 0xc3, 0xcb, 0x9e, 0x16, 0x0,

    /* U+00AA "ª" */
    0x0, 0x36, 0xbf, 0xf5, 0xe9, 0xac, 0x23, 0x0,
    0x7, 0xde, 0xf8, 0x9f, 0xb0, 0xff, 0xd9, 0x6,
    0x0, 0x12, 0x41, 0xb, 0x0, 0xbd, 0xff, 0x31,
    0x0, 0x68, 0xe8, 0xff, 0xf0, 0xe5, 0xff, 0x48,
    0x30, 0xff, 0xd8, 0x53, 0x57, 0xd3, 0xff, 0x48,
    0x45, 0xff, 0xc0, 0x2f, 0x55, 0xf1, 0xff, 0x48,
    0x5, 0xb3, 0xff, 0xff, 0xe6, 0xc5, 0xff, 0x48,
    0x0, 0x0, 0x2f, 0x3f, 0xc, 0xe, 0x18, 0x6,

    /* U+00AB "«" */
    0x0, 0x0, 0x0, 0x5d, 0x7e, 0x0, 0x9, 0xa8,
    0x2a, 0x0, 0x0, 0x4f, 0xfb, 0xd7, 0x12, 0xb5,
    0xff, 0x75, 0x0, 0x41, 0xf8, 0xdf, 0x1d, 0xa7,
    0xff, 0x8c, 0x0, 0x22, 0xf2, 0xf8, 0x23, 0x85,
    0xff, 0xae, 0x0, 0x0, 0x1, 0xa0, 0xff, 0x90,
    0x27, 0xea, 0xf1, 0x32, 0x0, 0x0, 0x3, 0xb0,
    0xff, 0x82, 0x32, 0xf1, 0xea, 0x28, 0x0, 0x0,
    0x7, 0xbd, 0xd9, 0xd, 0x3e, 0xf6, 0x77, 0x0,
    0x0, 0x0, 0xc, 0x14, 0x0, 0x0, 0x21, 0x0,

    /* U+00AC "¬" */
    0x2f, 0xcc, 0xcc, 0xcc, 0xcc, 0xcc, 0xcc, 0xcc,
    0x2c, 0x3c, 0xff, 0xff, 0xff, 0xff, 0xff, 0xff,
    0xff, 0x38, 0x0, 0x0, 0x0, 0x0, 0x0, 0x0,
    0x9c, 0xff, 0x38, 0x0, 0x0, 0x0, 0x0, 0x0,
    0x0, 0x9c, 0xff, 0x38, 0x0, 0x0, 0x0, 0x0,
    0x0, 0x0, 0x9c, 0xff, 0x38,

    /* U+00AD "­" */
    0x17, 0xd4, 0xd4, 0xd4, 0xd4, 0xd4, 0x42, 0x1c,
    0xff, 0xff, 0xff, 0xff, 0xff, 0x50,

    /* U+00AE "®" */
    0x0, 0x0, 0x55, 0xc0, 0xc7, 0x9b, 0x14, 0x0,
    0x0, 0x78, 0x94, 0xc, 0x0, 0x3a, 0xc7, 0x14,
    0x1f, 0xbc, 0x0, 0xc7, 0xb8, 0x4a, 0x40, 0x99,
    0x5f, 0x70, 0x0, 0xbc, 0x17, 0xad, 0x0, 0xce,
    0x5f, 0x71, 0x0, 0xe3, 0xd6, 0x45, 0x0, 0xcf,
    0x1f, 0xbf, 0x1, 0xbc, 0x60, 0x6d, 0x44, 0x99,
    0x0, 0x78, 0x99, 0x1a, 0x1, 0x4c, 0xca, 0x15,
    0x0, 0x0, 0x57, 0xc3, 0xcb, 0x9e, 0x16, 0x0,

    /* U+00AF "¯" */
    0x7, 0x98, 0x98, 0x98, 0x98, 0x6a, 0xc, 0xff,
    0xff, 0xff, 0xff, 0xb4,

    /* U+00B0 "°" */
    0x0, 0x0, 0x0, 0x0, 0x0, 0x3, 0xa1, 0xf5,
    0xbe, 0x15, 0x5a, 0xf5, 0x47, 0xd8, 0x8b, 0x67,
    0xec, 0x17, 0xc5, 0x99, 0xe, 0xce, 0xff, 0xe6,
    0x28, 0x0, 0x3, 0x26, 0x8, 0x0,

    /* U+00B1 "±" */
    0x0, 0x0, 0x0, 0x64, 0xff, 0x78, 0x0, 0x0,
    0x0, 0x0, 0x0, 0x0, 0x64, 0xff, 0x78, 0x0,
    0x0, 0x0, 0x13, 0xb4, 0xb4, 0xd1, 0xff, 0xd7,
    0xb4, 0xb4, 0x24, 0x1c, 0xff, 0xff, 0xff, 0xff,
    0xff, 0xff, 0xff, 0x34, 0x0, 0x0, 0x0, 0x64,
    0xff, 0x78, 0x0, 0x0, 0x0, 0x0, 0x0, 0x0,
    0x64, 0xff, 0x78, 0x0, 0x0, 0x0, 0x0, 0x0,
    0x0, 0x11, 0x2c, 0x14, 0x0, 0x0, 0x0, 0x17,
    0xd4, 0xd4, 0xd4, 0xd4, 0xd4, 0xd4, 0xd4, 0x2b,
    0x1c, 0xff, 0xff, 0xff, 0xff, 0xff, 0xff, 0xff,
    0x34,

    /* U+00B2 "²" */
    0x14, 0xbc, 0xf6, 0xc2, 0x18, 0x5a, 0xda, 0x5a,
    0xf3, 0x85, 0x0, 0x1, 0x2f, 0xfc, 0x5b, 0x0,
    0x2a, 0xe9, 0x9f, 0x0, 0x29, 0xe8, 0xd2, 0x46,
    0x2a, 0x8c, 0xff, 0xff, 0xff, 0xa0,

    /* U+00B3 "³" */
    0x11, 0xb9, 0xf7, 0xd4, 0x30, 0x22, 0x87, 0x4c,
    0xe8, 0x92, 0x0, 0x17, 0xfb, 0xff, 0x39, 0x0,
    0x19, 0x31, 0xc7, 0xb1, 0x66, 0xf1, 0x59, 0xd5,
    0xb9, 0x11, 0xb5, 0xf6, 0xcd, 0x2c,

    /* U+00B4 "´" */
    0x0, 0x24, 0x28, 0x13, 0x1a, 0xfe, 0xf6, 0x25,
    0x68, 0xff, 0x71, 0x0,

    /* U+00B5 "µ" */
    0x2c, 0xff, 0xec, 0x0, 0x0, 0x0, 0xd0, 0xff,
    0x48, 0x2c, 0xff, 0xec, 0x0, 0x0, 0x0, 0xd0,
    0xff, 0x48, 0x2c, 0xff, 0xec, 0x0, 0x0, 0x0,
    0xd0, 0xff, 0x48, 0x2c, 0xff, 0xec, 0x0, 0x0,
    0x0, 0xd0, 0xff, 0x48, 0x2c, 0xff, 0xf2, 0x0,
    0x0, 0x1, 0xeb, 0xff, 0x48, 0x2c, 0xff, 0xff,
    0x48, 0x1, 0x70, 0xff, 0xff, 0x48, 0x2c, 0xff,
    0xff, 0xff, 0xf5, 0xff, 0xff, 0xff, 0x48, 0x2c,
    0xff, 0xf9, 0xf3, 0xed, 0x95, 0xb5, 0xff, 0x48,
    0x2c, 0xff, 0xe1, 0x0, 0x0, 0x0, 0x0, 0x0,
    0x0, 0x2c, 0xff, 0xec, 0x0, 0x0, 0x0, 0x0,
    0x0, 0x0, 0x2c, 0xff, 0xec, 0x0, 0x0, 0x0,
    0x0, 0x0, 0x0,

    /* U+00B6 "¶" */
    0x0, 0x2a, 0xae, 0xeb, 0xff, 0xff, 0xff, 0xff,
    0xff, 0x4, 0x1f, 0xed, 0xff, 0xff, 0xff, 0xff,
    0xbd, 0xed, 0xff, 0x4, 0x84, 0xff, 0xff, 0xff,
    0xff, 0xff, 0x20, 0xc0, 0xff, 0x4, 0x92, 0xff,
    0xff, 0xff, 0xff, 0xff, 0x20, 0xc0, 0xff, 0x4,
    0x48, 0xff, 0xff, 0xff, 0xff, 0xff, 0x20, 0xc0,
    0xff, 0x4, 0x0, 0x78, 0xf8, 0xff, 0xff, 0xff,
    0x20, 0xc0, 0xff, 0x4, 0x0, 0x0, 0x16, 0x49,
    0xc2, 0xff, 0x20, 0xc0, 0xff, 0x4, 0x0, 0x0,
    0x0, 0x0, 0xa0, 0xff, 0x20, 0xc0, 0xff, 0x4,
    0x0, 0x0, 0x0, 0x0, 0xa0, 0xff, 0x20, 0xc0,
    0xff, 0x4, 0x0, 0x0, 0x0, 0x0, 0xa0, 0xff,
    0x20, 0xc0, 0xff, 0x4, 0x0, 0x0, 0x0, 0x0,
    0xa0, 0xff, 0x20, 0xc0, 0xff, 0x4, 0x0, 0x0,
    0x0, 0x0, 0xa0, 0xff, 0x20, 0xc0, 0xff, 0x4,
    0x0, 0x0, 0x0, 0x0, 0xa0, 0xff, 0x20, 0xc0,
    0xff, 0x4, 0x0, 0x0, 0x0, 0x0, 0xa0, 0xff,
    0x20, 0xc0, 0xff, 0x4,

    /* U+00B7 "·" */
    0x29, 0xaf, 0x6c, 0x0, 0xa2, 0xff, 0xfe, 0xb,
    0x50, 0xf0, 0xad, 0x0,

    /* U+00B8 "¸" */
    0x29, 0x8d, 0x0, 0x0, 0x84, 0xfa, 0xc7, 0x17,
    0x1e, 0x34, 0xdc, 0x63, 0x7f, 0xfb, 0xe4, 0x20,
    0x0, 0x10, 0x3, 0x0,

    /* U+00B9 "¹" */
    0x20, 0x97, 0xf8, 0x64, 0x5f, 0xe3, 0xff, 0x64,
    0x4, 0xb, 0xff, 0x64, 0x0, 0x8, 0xff, 0x64,
    0x0, 0x8, 0xff, 0x64, 0x0, 0x8, 0xff, 0x64,

    /* U+00BA "º" */
    0x0, 0xc, 0x8c, 0xe8, 0xf8, 0xcb, 0x46, 0x0,
    0x0, 0xb8, 0xff, 0xeb, 0xce, 0xfe, 0xff, 0x48,
    0x41, 0xff, 0xcb, 0xa, 0x0, 0x4d, 0xff, 0xd1,
    0x66, 0xff, 0x80, 0x0, 0x0, 0x0, 0xf5, 0xf5,
    0x43, 0xff, 0xc8, 0x9, 0x0, 0x49, 0xff, 0xd3,
    0x1, 0xbc, 0xff, 0xe8, 0xca, 0xfd, 0xff, 0x4c,
    0x0, 0xe, 0x90, 0xdf, 0xf3, 0xc7, 0x4a, 0x0,

    /* U+00BB "»" */
    0x0, 0x55, 0x87, 0x0, 0x9, 0xa3, 0x2f, 0x0,
    0x0, 0x0, 0x0, 0xb4, 0xff, 0x7a, 0x2e, 0xf3,
    0xe9, 0x25, 0x0, 0x0, 0x0, 0x9, 0xc1, 0xff,
    0x69, 0x41, 0xf7, 0xe0, 0x1c, 0x0, 0x0, 0x0,
    0xd, 0xde, 0xfd, 0x46, 0x5b, 0xff, 0xd4, 0x4,
    0x0, 0x0, 0x61, 0xfe, 0xc6, 0x15, 0xc4, 0xff,
    0x66, 0x0, 0x0, 0x55, 0xfc, 0xd2, 0x17, 0xb9,
    0xff, 0x77, 0x0, 0x0, 0x0, 0xb7, 0xdc, 0x18,
    0x31, 0xf2, 0x88, 0x0, 0x0, 0x0, 0x0, 0x6,
    0x1a, 0x0, 0x0, 0x21, 0x0, 0x0, 0x0, 0x0,

    /* U+00BC "¼" */
    0x0, 0x0, 0x0, 0x0, 0x0, 0x0, 0x0, 0x0,
    0x0, 0x10, 0x0, 0x0, 0xa, 0x78, 0xe2, 0xc8,
    0x0, 0x0, 0x0, 0x0, 0x31, 0xf3, 0x51, 0x0,
    0x7, 0xc6, 0xdb, 0xc8, 0x0, 0x0, 0x0, 0x8,
    0xd5, 0xe3, 0x11, 0x0, 0x0, 0x0, 0xa4, 0xc8,
    0x0, 0x0, 0x0, 0x90, 0xfe, 0x44, 0x0, 0x0,
    0x0, 0x0, 0xa4, 0xc8, 0x0, 0x0, 0x43, 0xfe,
    0x90, 0x0, 0x0, 0x0, 0x0, 0x0, 0xa4, 0xc8,
    0x0, 0x10, 0xe3, 0xd5, 0x8, 0x0, 0x0, 0x0,
    0x0, 0x0, 0x82, 0x9f, 0x0, 0xa7, 0xfa, 0x31,
    0xc, 0xb9, 0x86, 0x0, 0x0, 0x0, 0x0, 0x0,
    0x5a, 0xff, 0x7a, 0x0, 0x9b, 0xff, 0xac, 0x0,
    0x0, 0x0, 0x0, 0x1c, 0xef, 0xc4, 0x3, 0x4c,
    0xf1, 0xd6, 0xac, 0x0, 0x0, 0x0, 0x1, 0xbc,
    0xf3, 0x22, 0x14, 0xe8, 0x57, 0xb4, 0xac, 0x0,
    0x0, 0x0, 0x71, 0xff, 0x63, 0x0, 0x71, 0xff,
    0xfc, 0xfe, 0xfe, 0x6e, 0x0, 0x2, 0xc5, 0xb1,
    0x0, 0x0, 0x13, 0x2c, 0x2c, 0xc1, 0xba, 0x13,
    0x0, 0x0, 0x3, 0xe, 0x0, 0x0, 0x0, 0x0,
    0x0, 0x0, 0x0, 0x0,

    /* U+00BD "½" */
    0x0, 0x0, 0x0, 0x0, 0x0, 0x0, 0x0, 0x0,
    0x0, 0x10, 0x0, 0x0, 0x0, 0xb, 0x7a, 0xe2,
    0xc8, 0x0, 0x0, 0x0, 0x0, 0x49, 0xf2, 0x38,
    0x0, 0x0, 0x6, 0xbb, 0xd8, 0xc8, 0x0, 0x0,
    0x0, 0x11, 0xe5, 0xd0, 0x5, 0x0, 0x0, 0x0,
    0x0, 0xa4, 0xc8, 0x0, 0x0, 0x0, 0xa7, 0xf9,
    0x2e, 0x0, 0x0, 0x0, 0x0, 0x0, 0xa4, 0xc8,
    0x0, 0x0, 0x55, 0xff, 0x79, 0x0, 0x0, 0x0,
    0x0, 0x0, 0x0, 0xa4, 0xc8, 0x0, 0x18, 0xec,
    0xc7, 0x3, 0x1, 0x0, 0x0, 0x0, 0x0, 0x0,
    0x82, 0x9f, 0x0, 0xb3, 0xf6, 0x26, 0x7d, 0xf5,
    0xea, 0x5a, 0x0, 0x0, 0x0, 0x0, 0x0, 0x63,
    0xff, 0x6e, 0xe, 0xd7, 0x7e, 0xb0, 0xed, 0x0,
    0x0, 0x0, 0x0, 0x1f, 0xf2, 0xbe, 0x1, 0x0,
    0x1, 0x3, 0xb7, 0xd0, 0x0, 0x0, 0x0, 0x1,
    0xbf, 0xf2, 0x1f, 0x0, 0x0, 0x0, 0x8e, 0xf7,
    0x37, 0x0, 0x0, 0x0, 0x70, 0xff, 0x63, 0x0,
    0x0, 0x0, 0x7a, 0xfb, 0x52, 0x8, 0x0, 0x0,
    0xc, 0xed, 0xb4, 0x0, 0x0, 0x0, 0x1e, 0xff,
    0xff, 0xff, 0xff, 0x8, 0x0, 0x0, 0x25, 0x18,
    0x0, 0x0, 0x0, 0x7, 0x38, 0x38, 0x38, 0x38,
    0x1,

    /* U+00BE "¾" */
    0x0, 0x0, 0x0, 0x0, 0x0, 0x0, 0x0, 0x0,
    0x0, 0x0, 0x4, 0x0, 0x0, 0x0, 0x74, 0xf0,
    0xf2, 0x78, 0x0, 0x0, 0x0, 0x0, 0x2c, 0xe0,
    0x3c, 0x0, 0x1, 0x6f, 0x64, 0xa2, 0xf4, 0x0,
    0x0, 0x0, 0x7, 0xd1, 0xea, 0x17, 0x0, 0x0,
    0x0, 0xb0, 0xff, 0xa2, 0x0, 0x0, 0x0, 0x8d,
    0xff, 0x4e, 0x0, 0x0, 0xc, 0x69, 0x50, 0x7f,
    0xff, 0x27, 0x0, 0x42, 0xfe, 0x98, 0x0, 0x0,
    0x0, 0x3, 0xb8, 0xff, 0xff, 0xc3, 0x7, 0x11,
    0xe3, 0xd9, 0xa, 0x0, 0x0, 0x0, 0x0, 0x0,
    0x22, 0x25, 0x0, 0x0, 0xa8, 0xfa, 0x34, 0x3,
    0xad, 0xa2, 0x0, 0x0, 0x0, 0x0, 0x0, 0x0,
    0x5d, 0xff, 0x7a, 0x0, 0x7e, 0xff, 0xcc, 0x0,
    0x0, 0x0, 0x0, 0x0, 0x1f, 0xf1, 0xc2, 0x2,
    0x34, 0xe5, 0xa4, 0xcc, 0x0, 0x0, 0x0, 0x0,
    0x2, 0xc2, 0xf1, 0x1f, 0x9, 0xd7, 0x62, 0x94,
    0xcc, 0x0, 0x0, 0x0, 0x0, 0x79, 0xff, 0x5b,
    0x0, 0x55, 0xff, 0xfc, 0xfe, 0xff, 0x8d, 0x0,
    0x0, 0x5, 0xcf, 0xa7, 0x0, 0x0, 0xf, 0x2c,
    0x2c, 0xa6, 0xd4, 0x18, 0x0, 0x0, 0x0, 0x6,
    0xc, 0x0, 0x0, 0x0, 0x0, 0x0, 0x0, 0x0,
    0x0,

    /* U+00BF "¿" */
    0x0, 0x0, 0x1a, 0xd9, 0xda, 0x1b, 0x0, 0x0,
    0x0, 0x0, 0x52, 0xff, 0xff, 0x56, 0x0, 0x0,
    0x0, 0x0, 0x8, 0x97, 0x97, 0x9, 0x0, 0x0,
    0x0, 0x0, 0x2, 0x24, 0x24, 0x1, 0x0, 0x0,
    0x0, 0x0, 0x28, 0xff, 0xfd, 0x5, 0x0, 0x0,
    0x0, 0x8, 0xb7, 0xff, 0xad, 0x0, 0x0, 0x0,
    0x2, 0xb7, 0xff, 0xb4, 0xc, 0x0, 0x0, 0x0,
    0x45, 0xff, 0xd5, 0x4, 0x0, 0x6, 0x0, 0x0,
    0x55, 0xff, 0xd6, 0xe, 0xc, 0xbc, 0xcc, 0x33,
    0x13, 0xe6, 0xff, 0xfa, 0xfa, 0xff, 0xe3, 0x12,
    0x0, 0x28, 0xad, 0xea, 0xed, 0xad, 0x22, 0x0,

    /* U+00C0 "À" */
    0x0, 0x0, 0x0, 0x10, 0x28, 0x27, 0x0, 0x0,
    0x0, 0x0, 0x0, 0x0, 0x0, 0x0, 0x0, 0x1a,
    0xef, 0xff, 0x30, 0x0, 0x0, 0x0, 0x0, 0x0,
    0x0, 0x0, 0x0, 0x0, 0x60, 0xff, 0x80, 0x0,
    0x0, 0x0, 0x0, 0x0, 0x0, 0x0, 0x0, 0x0,
    0x0, 0x0, 0x0, 0x0, 0x0, 0x0, 0x0, 0x0,
    0x0, 0x0, 0x0, 0x0, 0xb3, 0xff, 0xff, 0x26,
    0x0, 0x0, 0x0, 0x0, 0x0, 0x0, 0x0, 0x1a,
    0xfc, 0xff, 0xff, 0x8a, 0x0, 0x0, 0x0, 0x0,
    0x0, 0x0, 0x0, 0x7b, 0xff, 0xb1, 0xff, 0xe9,
    0x5, 0x0, 0x0, 0x0, 0x0, 0x0, 0x1, 0xde,
    0xff, 0x3a, 0xc7, 0xff, 0x53, 0x0, 0x0, 0x0,
    0x0, 0x0, 0x44, 0xff, 0xd5, 0x0, 0x62, 0xff,
    0xb7, 0x0, 0x0, 0x0, 0x0, 0x0, 0xa8, 0xff,
    0x6e, 0x0, 0xa, 0xf0, 0xfd, 0x1e, 0x0, 0x0,
    0x0, 0x13, 0xf8, 0xff, 0xf9, 0xf8, 0xf8, 0xfe,
    0xff, 0x80, 0x0, 0x0, 0x0, 0x71, 0xff, 0xff,
    0xff, 0xff, 0xff, 0xff, 0xff, 0xe1, 0x2, 0x0,
    0x0, 0xd4, 0xff, 0x5b, 0x0, 0x0, 0x0, 0x1,
    0xe6, 0xff, 0x48, 0x0, 0x3a, 0xff, 0xfa, 0x10,
    0x0, 0x0, 0x0, 0x0, 0x99, 0xff, 0xad, 0x0,
    0x9e, 0xff, 0xbb, 0x0, 0x0, 0x0, 0x0, 0x0,
    0x48, 0xff, 0xfa, 0x16,

    /* U+00C1 "Á" */
    0x0, 0x0, 0x0, 0x0, 0x0, 0x16, 0x28, 0x22,
    0x0, 0x0, 0x0, 0x0, 0x0, 0x0, 0x0, 0x0,
    0x0, 0xbd, 0xff, 0x7b, 0x0, 0x0, 0x0, 0x0,
    0x0, 0x0, 0x0, 0x0, 0x10, 0xfb, 0xcd, 0x4,
    0x0, 0x0, 0x0, 0x0, 0x0, 0x0, 0x0, 0x0,
    0x0, 0x0, 0x0, 0x0, 0x0, 0x0, 0x0, 0x0,
    0x0, 0x0, 0x0, 0x0, 0xb3, 0xff, 0xff, 0x26,
    0x0, 0x0, 0x0, 0x0, 0x0, 0x0, 0x0, 0x1a,
    0xfc, 0xff, 0xff, 0x8a, 0x0, 0x0, 0x0, 0x0,
    0x0, 0x0, 0x0, 0x7b, 0xff, 0xb1, 0xff, 0xe9,
    0x5, 0x0, 0x0, 0x0, 0x0, 0x0, 0x1, 0xde,
    0xff, 0x3a, 0xc7, 0xff, 0x53, 0x0, 0x0, 0x0,
    0x0, 0x0, 0x44, 0xff, 0xd5, 0x0, 0x62, 0xff,
    0xb7, 0x0, 0x0, 0x0, 0x0, 0x0, 0xa8, 0xff,
    0x6e, 0x0, 0xa, 0xf0, 0xfd, 0x1e, 0x0, 0x0,
    0x0, 0x13, 0xf8, 0xff, 0xf9, 0xf8, 0xf8, 0xfe,
    0xff, 0x80, 0x0, 0x0, 0x0, 0x71, 0xff, 0xff,
    0xff, 0xff, 0xff, 0xff, 0xff, 0xe1, 0x2, 0x0,
    0x0, 0xd4, 0xff, 0x5b, 0x0, 0x0, 0x0, 0x1,
    0xe6, 0xff, 0x48, 0x0, 0x3a, 0xff, 0xfa, 0x10,
    0x0, 0x0, 0x0, 0x0, 0x99, 0xff, 0xad, 0x0,
    0x9e, 0xff, 0xbb, 0x0, 0x0, 0x0, 0x0, 0x0,
    0x48, 0xff, 0xfa, 0x16,

    /* U+00C2 "Â" */
    0x0, 0x0, 0x0, 0x2, 0xa6, 0xff, 0xed, 0x27,
    0x0, 0x0, 0x0, 0x0, 0x0, 0x0, 0x0, 0x99,
    0xff, 0x79, 0xe0, 0xdf, 0x18, 0x0, 0x0, 0x0,
    0x0, 0x0, 0x0, 0x10, 0xf, 0x0, 0x8, 0x10,
    0x7, 0x0, 0x0, 0x0, 0x0, 0x0, 0x0, 0x0,
    0xb3, 0xff, 0xff, 0x26, 0x0, 0x0, 0x0, 0x0,
    0x0, 0x0, 0x0, 0x1a, 0xfc, 0xff, 0xff, 0x8a,
    0x0, 0x0, 0x0, 0x0, 0x0, 0x0, 0x0, 0x7b,
    0xff, 0xb1, 0xff, 0xe9, 0x5, 0x0, 0x0, 0x0,
    0x0, 0x0, 0x1, 0xde, 0xff, 0x3a, 0xc7, 0xff,
    0x53, 0x0, 0x0, 0x0, 0x0, 0x0, 0x44, 0xff,
    0xd5, 0x0, 0x62, 0xff, 0xb7, 0x0, 0x0, 0x0,
    0x0, 0x0, 0xa8, 0xff, 0x6e, 0x0, 0xa, 0xf0,
    0xfd, 0x1e, 0x0, 0x0, 0x0, 0x13, 0xf8, 0xff,
    0xf9, 0xf8, 0xf8, 0xfe, 0xff, 0x80, 0x0, 0x0,
    0x0, 0x71, 0xff, 0xff, 0xff, 0xff, 0xff, 0xff,
    0xff, 0xe1, 0x2, 0x0, 0x0, 0xd4, 0xff, 0x5b,
    0x0, 0x0, 0x0, 0x1, 0xe6, 0xff, 0x48, 0x0,
    0x3a, 0xff, 0xfa, 0x10, 0x0, 0x0, 0x0, 0x0,
    0x99, 0xff, 0xad, 0x0, 0x9e, 0xff, 0xbb, 0x0,
    0x0, 0x0, 0x0, 0x0, 0x48, 0xff, 0xfa, 0x16,

    /* U+00C3 "Ã" */
    0x0, 0x0, 0x0, 0x13, 0x7c, 0x51, 0x0, 0x85,
    0x4f, 0x0, 0x0, 0x0, 0x0, 0x0, 0x0, 0xbd,
    0xff, 0xff, 0xbe, 0xff, 0x66, 0x0, 0x0, 0x0,
    0x0, 0x0, 0x8, 0xfe, 0x81, 0x6e, 0xec, 0xba,
    0x9, 0x0, 0x0, 0x0, 0x0, 0x0, 0x0, 0x0,
    0x0, 0x0, 0x0, 0x0, 0x0, 0x0, 0x0, 0x0,
    0x0, 0x0, 0x0, 0x0, 0xb3, 0xff, 0xff, 0x26,
    0x0, 0x0, 0x0, 0x0, 0x0, 0x0, 0x0, 0x1a,
    0xfc, 0xff, 0xff, 0x8a, 0x0, 0x0, 0x0, 0x0,
    0x0, 0x0, 0x0, 0x7b, 0xff, 0xb1, 0xff, 0xe9,
    0x5, 0x0, 0x0, 0x0, 0x0, 0x0, 0x1, 0xde,
    0xff, 0x3a, 0xc7, 0xff, 0x53, 0x0, 0x0, 0x0,
    0x0, 0x0, 0x44, 0xff, 0xd5, 0x0, 0x62, 0xff,
    0xb7, 0x0, 0x0, 0x0, 0x0, 0x0, 0xa8, 0xff,
    0x6e, 0x0, 0xa, 0xf0, 0xfd, 0x1e, 0x0, 0x0,
    0x0, 0x13, 0xf8, 0xff, 0xf9, 0xf8, 0xf8, 0xfe,
    0xff, 0x80, 0x0, 0x0, 0x0, 0x71, 0xff, 0xff,
    0xff, 0xff, 0xff, 0xff, 0xff, 0xe1, 0x2, 0x0,
    0x0, 0xd4, 0xff, 0x5b, 0x0, 0x0, 0x0, 0x1,
    0xe6, 0xff, 0x48, 0x0, 0x3a, 0xff, 0xfa, 0x10,
    0x0, 0x0, 0x0, 0x0, 0x99, 0xff, 0xad, 0x0,
    0x9e, 0xff, 0xbb, 0x0, 0x0, 0x0, 0x0, 0x0,
    0x48, 0xff, 0xfa, 0x16,

    /* U+00C4 "Ä" */
    0x0, 0x0, 0x0, 0x15, 0x30, 0x0, 0x12, 0x34,
    0x0, 0x0, 0x0, 0x0, 0x0, 0x0, 0x0, 0xd3,
    0xff, 0x3b, 0xc7, 0xff, 0x4b, 0x0, 0x0, 0x0,
    0x0, 0x0, 0x0, 0xa3, 0xe7, 0x22, 0x97, 0xeb,
    0x2d, 0x0, 0x0, 0x0, 0x0, 0x0, 0x0, 0x0,
    0x0, 0x0, 0x0, 0x0, 0x0, 0x0, 0x0, 0x0,
    0x0, 0x0, 0x0, 0x0, 0xb3, 0xff, 0xff, 0x26,
    0x0, 0x0, 0x0, 0x0, 0x0, 0x0, 0x0, 0x1a,
    0xfc, 0xff, 0xff, 0x8a, 0x0, 0x0, 0x0, 0x0,
    0x0, 0x0, 0x0, 0x7b, 0xff, 0xb1, 0xff, 0xe9,
    0x5, 0x0, 0x0, 0x0, 0x0, 0x0, 0x1, 0xde,
    0xff, 0x3a, 0xc7, 0xff, 0x53, 0x0, 0x0, 0x0,
    0x0, 0x0, 0x44, 0xff, 0xd5, 0x0, 0x62, 0xff,
    0xb7, 0x0, 0x0, 0x0, 0x0, 0x0, 0xa8, 0xff,
    0x6e, 0x0, 0xa, 0xf0, 0xfd, 0x1e, 0x0, 0x0,
    0x0, 0x13, 0xf8, 0xff, 0xf9, 0xf8, 0xf8, 0xfe,
    0xff, 0x80, 0x0, 0x0, 0x0, 0x71, 0xff, 0xff,
    0xff, 0xff, 0xff, 0xff, 0xff, 0xe1, 0x2, 0x0,
    0x0, 0xd4, 0xff, 0x5b, 0x0, 0x0, 0x0, 0x1,
    0xe6, 0xff, 0x48, 0x0, 0x3a, 0xff, 0xfa, 0x10,
    0x0, 0x0, 0x0, 0x0, 0x99, 0xff, 0xad, 0x0,
    0x9e, 0xff, 0xbb, 0x0, 0x0, 0x0, 0x0, 0x0,
    0x48, 0xff, 0xfa, 0x16,

    /* U+00C5 "Å" */
    0x0, 0x0, 0x0, 0x0, 0x0, 0xd, 0x2, 0x0,
    0x0, 0x0, 0x0, 0x0, 0x0, 0x0, 0x0, 0x1,
    0xa5, 0xff, 0xe5, 0x31, 0x0, 0x0, 0x0, 0x0,
    0x0, 0x0, 0x0, 0x43, 0xff, 0x88, 0xdf, 0xb5,
    0x0, 0x0, 0x0, 0x0, 0x0, 0x0, 0x0, 0x3c,
    0xff, 0x43, 0xc3, 0xaf, 0x0, 0x0, 0x0, 0x0,
    0x0, 0x0, 0x0, 0x0, 0xe9, 0xff, 0xff, 0x5e,
    0x0, 0x0, 0x0, 0x0, 0x0, 0x0, 0x0, 0x3a,
    0xff, 0xff, 0xff, 0xad, 0x0, 0x0, 0x0, 0x0,
    0x0, 0x0, 0x0, 0x9b, 0xff, 0xb1, 0xff, 0xfa,
    0x14, 0x0, 0x0, 0x0, 0x0, 0x0, 0x9, 0xf1,
    0xff, 0x3a, 0xc7, 0xff, 0x6f, 0x0, 0x0, 0x0,
    0x0, 0x0, 0x5c, 0xff, 0xd5, 0x0, 0x62, 0xff,
    0xcf, 0x0, 0x0, 0x0, 0x0, 0x0, 0xbd, 0xff,
    0x6e, 0x0, 0xa, 0xf0, 0xff, 0x30, 0x0, 0x0,
    0x0, 0x1f, 0xfe, 0xff, 0xf9, 0xf8, 0xf8, 0xfe,
    0xff, 0x90, 0x0, 0x0, 0x0, 0x7e, 0xff, 0xff,
    0xff, 0xff, 0xff, 0xff, 0xff, 0xeb, 0x5, 0x0,
    0x1, 0xdd, 0xff, 0x5e, 0x0, 0x0, 0x0, 0x1,
    0xe6, 0xff, 0x52, 0x0, 0x3f, 0xff, 0xfb, 0x12,
    0x0, 0x0, 0x0, 0x0, 0x99, 0xff, 0xb2, 0x0,
    0xa0, 0xff, 0xbc, 0x0, 0x0, 0x0, 0x0, 0x0,
    0x48, 0xff, 0xfb, 0x17,

    /* U+00C6 "Æ" */
    0x0, 0x0, 0x0, 0x0, 0x0, 0x0, 0x8e, 0xff,
    0xff, 0xff, 0xff, 0xff, 0xff, 0xff, 0xff, 0x40,
    0x0, 0x0, 0x0, 0x0, 0x0, 0x2d, 0xfb, 0xff,
    0xff, 0xff, 0xff, 0xff, 0xff, 0xff, 0xff, 0x40,
    0x0, 0x0, 0x0, 0x0, 0x1, 0xc4, 0xff, 0x95,
    0xff, 0xff, 0x2a, 0x8, 0x8, 0x8, 0x8, 0x2,
    0x0, 0x0, 0x0, 0x0, 0x61, 0xff, 0xe3, 0x13,
    0xff, 0xff, 0x24, 0x0, 0x0, 0x0, 0x0, 0x0,
    0x0, 0x0, 0x0, 0x11, 0xea, 0xff, 0x4a, 0x4,
    0xff, 0xff, 0xff, 0xff, 0xff, 0xff, 0xbc, 0x0,
    0x0, 0x0, 0x0, 0x98, 0xff, 0xa0, 0x0, 0x4,
    0xff, 0xff, 0xff, 0xff, 0xff, 0xff, 0xbc, 0x0,
    0x0, 0x0, 0x35, 0xfd, 0xff, 0xff, 0xff, 0xff,
    0xff, 0xff, 0x27, 0x4, 0x4, 0x4, 0x2, 0x0,
    0x0, 0x2, 0xcc, 0xff, 0xff, 0xff, 0xff, 0xff,
    0xff, 0xff, 0x24, 0x0, 0x0, 0x0, 0x0, 0x0,
    0x0, 0x6b, 0xff, 0xe1, 0xe, 0x8, 0x8, 0xb,
    0xff, 0xff, 0x2a, 0x8, 0x8, 0x8, 0x8, 0x2,
    0x16, 0xef, 0xff, 0x61, 0x0, 0x0, 0x0, 0x4,
    0xff, 0xff, 0xff, 0xff, 0xff, 0xff, 0xff, 0x40,
    0xa2, 0xff, 0xd7, 0x3, 0x0, 0x0, 0x0, 0x4,
    0xff, 0xff, 0xff, 0xff, 0xff, 0xff, 0xff, 0x40,

    /* U+00C7 "Ç" */
    0x0, 0x0, 0x0, 0x35, 0xa3, 0xe3, 0xf9, 0xe9,
    0xae, 0x3c, 0x0, 0x0, 0x0, 0x0, 0x86, 0xfe,
    0xff, 0xff, 0xff, 0xff, 0xff, 0xff, 0x76, 0x0,
    0x0, 0x70, 0xff, 0xfe, 0xa1, 0x38, 0x12, 0x26,
    0x95, 0xea, 0x39, 0x0, 0xa, 0xf2, 0xff, 0x7b,
    0x0, 0x0, 0x0, 0x0, 0x0, 0xb, 0x0, 0x0,
    0x49, 0xff, 0xe8, 0x2, 0x0, 0x0, 0x0, 0x0,
    0x0, 0x0, 0x0, 0x0, 0x61, 0xff, 0xc6, 0x0,
    0x0, 0x0, 0x0, 0x0, 0x0, 0x0, 0x0, 0x0,
    0x4c, 0xff, 0xe6, 0x1, 0x0, 0x0, 0x0, 0x0,
    0x0, 0x0, 0x0, 0x0, 0xe, 0xf4, 0xff, 0x74,
    0x0, 0x0, 0x0, 0x0, 0x0, 0x1c, 0x0, 0x0,
    0x0, 0x78, 0xff, 0xfc, 0x94, 0x2b, 0x5, 0x18,
    0x73, 0xf6, 0x96, 0x4, 0x0, 0x1, 0x84, 0xfd,
    0xff, 0xff, 0xff, 0xff, 0xff, 0xff, 0x9e, 0x2,
    0x0, 0x0, 0x0, 0x3f, 0xb0, 0xed, 0xff, 0xee,
    0xbb, 0x52, 0x0, 0x0, 0x0, 0x0, 0x0, 0x0,
    0x0, 0x8c, 0xdb, 0x6a, 0x0, 0x0, 0x0, 0x0,
    0x0, 0x0, 0x0, 0x0, 0x0, 0x46, 0x5b, 0xf4,
    0x3e, 0x0, 0x0, 0x0, 0x0, 0x0, 0x0, 0x0,
    0x0, 0x7d, 0xf6, 0xc9, 0x12, 0x0, 0x0, 0x0,

    /* U+00C8 "È" */
    0x0, 0xc, 0x28, 0x28, 0x4, 0x0, 0x0, 0x0,
    0x0, 0xe, 0xe2, 0xff, 0x48, 0x0, 0x0, 0x0,
    0x0, 0x0, 0x48, 0xff, 0x98, 0x0, 0x0, 0x0,
    0x0, 0x0, 0x0, 0x0, 0x0, 0x0, 0x0, 0x0,
    0xd8, 0xff, 0xff, 0xff, 0xff, 0xff, 0xff, 0x6c,
    0xd8, 0xff, 0xff, 0xff, 0xff, 0xff, 0xff, 0x6c,
    0xd8, 0xff, 0x55, 0x8, 0x8, 0x8, 0x8, 0x3,
    0xd8, 0xff, 0x50, 0x0, 0x0, 0x0, 0x0, 0x0,
    0xd8, 0xff, 0xff, 0xff, 0xff, 0xff, 0xe8, 0x0,
    0xd8, 0xff, 0xff, 0xff, 0xff, 0xff, 0xe8, 0x0,
    0xd8, 0xff, 0x52, 0x4, 0x4, 0x4, 0x3, 0x0,
    0xd8, 0xff, 0x50, 0x0, 0x0, 0x0, 0x0, 0x0,
    0xd8, 0xff, 0x55, 0x8, 0x8, 0x8, 0x8, 0x3,
    0xd8, 0xff, 0xff, 0xff, 0xff, 0xff, 0xff, 0x6c,
    0xd8, 0xff, 0xff, 0xff, 0xff, 0xff, 0xff, 0x6c,

    /* U+00C9 "É" */
    0x0, 0x0, 0x0, 0x13, 0x28, 0x25, 0x0, 0x0,
    0x0, 0x0, 0x0, 0xa9, 0xff, 0x8b, 0x0, 0x0,
    0x0, 0x0, 0x6, 0xf1, 0xd8, 0x8, 0x0, 0x0,
    0x0, 0x0, 0x0, 0x0, 0x0, 0x0, 0x0, 0x0,
    0xd8, 0xff, 0xff, 0xff, 0xff, 0xff, 0xff, 0x6c,
    0xd8, 0xff, 0xff, 0xff, 0xff, 0xff, 0xff, 0x6c,
    0xd8, 0xff, 0x55, 0x8, 0x8, 0x8, 0x8, 0x3,
    0xd8, 0xff, 0x50, 0x0, 0x0, 0x0, 0x0, 0x0,
    0xd8, 0xff, 0xff, 0xff, 0xff, 0xff, 0xe8, 0x0,
    0xd8, 0xff, 0xff, 0xff, 0xff, 0xff, 0xe8, 0x0,
    0xd8, 0xff, 0x52, 0x4, 0x4, 0x4, 0x3, 0x0,
    0xd8, 0xff, 0x50, 0x0, 0x0, 0x0, 0x0, 0x0,
    0xd8, 0xff, 0x55, 0x8, 0x8, 0x8, 0x8, 0x3,
    0xd8, 0xff, 0xff, 0xff, 0xff, 0xff, 0xff, 0x6c,
    0xd8, 0xff, 0xff, 0xff, 0xff, 0xff, 0xff, 0x6c,

    /* U+00CA "Ê" */
    0x0, 0x0, 0x98, 0xff, 0xf2, 0x30, 0x0, 0x0,
    0x0, 0x8a, 0xff, 0x83, 0xd9, 0xe6, 0x1e, 0x0,
    0x0, 0xf, 0x10, 0x1, 0x8, 0x10, 0x7, 0x0,
    0xd8, 0xff, 0xff, 0xff, 0xff, 0xff, 0xff, 0x6c,
    0xd8, 0xff, 0xff, 0xff, 0xff, 0xff, 0xff, 0x6c,
    0xd8, 0xff, 0x55, 0x8, 0x8, 0x8, 0x8, 0x3,
    0xd8, 0xff, 0x50, 0x0, 0x0, 0x0, 0x0, 0x0,
    0xd8, 0xff, 0xff, 0xff, 0xff, 0xff, 0xe8, 0x0,
    0xd8, 0xff, 0xff, 0xff, 0xff, 0xff, 0xe8, 0x0,
    0xd8, 0xff, 0x52, 0x4, 0x4, 0x4, 0x3, 0x0,
    0xd8, 0xff, 0x50, 0x0, 0x0, 0x0, 0x0, 0x0,
    0xd8, 0xff, 0x55, 0x8, 0x8, 0x8, 0x8, 0x3,
    0xd8, 0xff, 0xff, 0xff, 0xff, 0xff, 0xff, 0x6c,
    0xd8, 0xff, 0xff, 0xff, 0xff, 0xff, 0xff, 0x6c,

    /* U+00CB "Ë" */
    0x0, 0x15, 0x30, 0x0, 0x12, 0x33, 0x0, 0x0,
    0x0, 0xd7, 0xff, 0x3b, 0xc7, 0xff, 0x47, 0x0,
    0x0, 0xa7, 0xe7, 0x22, 0x98, 0xea, 0x2a, 0x0,
    0x0, 0x0, 0x0, 0x0, 0x0, 0x0, 0x0, 0x0,
    0xd8, 0xff, 0xff, 0xff, 0xff, 0xff, 0xff, 0x6c,
    0xd8, 0xff, 0xff, 0xff, 0xff, 0xff, 0xff, 0x6c,
    0xd8, 0xff, 0x55, 0x8, 0x8, 0x8, 0x8, 0x3,
    0xd8, 0xff, 0x50, 0x0, 0x0, 0x0, 0x0, 0x0,
    0xd8, 0xff, 0xff, 0xff, 0xff, 0xff, 0xe8, 0x0,
    0xd8, 0xff, 0xff, 0xff, 0xff, 0xff, 0xe8, 0x0,
    0xd8, 0xff, 0x52, 0x4, 0x4, 0x4, 0x3, 0x0,
    0xd8, 0xff, 0x50, 0x0, 0x0, 0x0, 0x0, 0x0,
    0xd8, 0xff, 0x55, 0x8, 0x8, 0x8, 0x8, 0x3,
    0xd8, 0xff, 0xff, 0xff, 0xff, 0xff, 0xff, 0x6c,
    0xd8, 0xff, 0xff, 0xff, 0xff, 0xff, 0xff, 0x6c,

    /* U+00CC "Ì" */
    0x22, 0x28, 0x16, 0x0, 0x79, 0xff, 0xc0, 0x0,
    0x4, 0xcc, 0xfc, 0x13, 0x0, 0x0, 0x0, 0x0,
    0x0, 0xd8, 0xff, 0x50, 0x0, 0xd8, 0xff, 0x50,
    0x0, 0xd8, 0xff, 0x50, 0x0, 0xd8, 0xff, 0x50,
    0x0, 0xd8, 0xff, 0x50, 0x0, 0xd8, 0xff, 0x50,
    0x0, 0xd8, 0xff, 0x50, 0x0, 0xd8, 0xff, 0x50,
    0x0, 0xd8, 0xff, 0x50, 0x0, 0xd8, 0xff, 0x50,
    0x0, 0xd8, 0xff, 0x50,

    /* U+00CD "Í" */
    0x2, 0x28, 0x28, 0xe, 0x41, 0xff, 0xe5, 0x11,
    0x90, 0xff, 0x4a, 0x0, 0x0, 0x0, 0x0, 0x0,
    0xd8, 0xff, 0x50, 0x0, 0xd8, 0xff, 0x50, 0x0,
    0xd8, 0xff, 0x50, 0x0, 0xd8, 0xff, 0x50, 0x0,
    0xd8, 0xff, 0x50, 0x0, 0xd8, 0xff, 0x50, 0x0,
    0xd8, 0xff, 0x50, 0x0, 0xd8, 0xff, 0x50, 0x0,
    0xd8, 0xff, 0x50, 0x0, 0xd8, 0xff, 0x50, 0x0,
    0xd8, 0xff, 0x50, 0x0,

    /* U+00CE "Î" */
    0x0, 0x33, 0xf1, 0xff, 0x97, 0x0, 0x29, 0xeb,
    0xdb, 0x7f, 0xff, 0x78, 0x8, 0x10, 0x8, 0x0,
    0x10, 0xf, 0x0, 0x0, 0xd8, 0xff, 0x50, 0x0,
    0x0, 0x0, 0xd8, 0xff, 0x50, 0x0, 0x0, 0x0,
    0xd8, 0xff, 0x50, 0x0, 0x0, 0x0, 0xd8, 0xff,
    0x50, 0x0, 0x0, 0x0, 0xd8, 0xff, 0x50, 0x0,
    0x0, 0x0, 0xd8, 0xff, 0x50, 0x0, 0x0, 0x0,
    0xd8, 0xff, 0x50, 0x0, 0x0, 0x0, 0xd8, 0xff,
    0x50, 0x0, 0x0, 0x0, 0xd8, 0xff, 0x50, 0x0,
    0x0, 0x0, 0xd8, 0xff, 0x50, 0x0, 0x0, 0x0,
    0xd8, 0xff, 0x50, 0x0,

    /* U+00CF "Ï" */
    0x0, 0x19, 0xb, 0x0, 0x20, 0x3, 0x22, 0xfa,
    0xcf, 0x57, 0xff, 0x93, 0x16, 0xe2, 0xab, 0x3e,
    0xf0, 0x72, 0x0, 0x0, 0x0, 0x0, 0x0, 0x0,
    0x0, 0x0, 0xd8, 0xff, 0x50, 0x0, 0x0, 0x0,
    0xd8, 0xff, 0x50, 0x0, 0x0, 0x0, 0xd8, 0xff,
    0x50, 0x0, 0x0, 0x0, 0xd8, 0xff, 0x50, 0x0,
    0x0, 0x0, 0xd8, 0xff, 0x50, 0x0, 0x0, 0x0,
    0xd8, 0xff, 0x50, 0x0, 0x0, 0x0, 0xd8, 0xff,
    0x50, 0x0, 0x0, 0x0, 0xd8, 0xff, 0x50, 0x0,
    0x0, 0x0, 0xd8, 0xff, 0x50, 0x0, 0x0, 0x0,
    0xd8, 0xff, 0x50, 0x0, 0x0, 0x0, 0xd8, 0xff,
    0x50, 0x0,

    /* U+00D0 "Ð" */
    0x0, 0x0, 0xe4, 0xff, 0xff, 0xff, 0xf5, 0xd4,
    0x89, 0x1a, 0x0, 0x0, 0x0, 0x0, 0xe4, 0xff,
    0xff, 0xff, 0xff, 0xff, 0xff, 0xef, 0x41, 0x0,
    0x0, 0x0, 0xe4, 0xff, 0x49, 0x8, 0x20, 0x51,
    0xd2, 0xff, 0xf0, 0x18, 0x0, 0x0, 0xe4, 0xff,
    0x44, 0x0, 0x0, 0x0, 0xb, 0xde, 0xff, 0x85,
    0x14, 0xbc, 0xf8, 0xff, 0xce, 0xbc, 0xbc, 0x29,
    0x0, 0x75, 0xff, 0xc6, 0x1c, 0xff, 0xff, 0xff,
    0xff, 0xff, 0xff, 0x38, 0x0, 0x53, 0xff, 0xda,
    0x0, 0x0, 0xe4, 0xff, 0x44, 0x0, 0x0, 0x0,
    0x0, 0x75, 0xff, 0xc6, 0x0, 0x0, 0xe4, 0xff,
    0x44, 0x0, 0x0, 0x0, 0xb, 0xde, 0xff, 0x87,
    0x0, 0x0, 0xe4, 0xff, 0x49, 0x8, 0x1f, 0x51,
    0xd2, 0xff, 0xf2, 0x1a, 0x0, 0x0, 0xe4, 0xff,
    0xff, 0xff, 0xff, 0xff, 0xff, 0xf0, 0x44, 0x0,
    0x0, 0x0, 0xe4, 0xff, 0xff, 0xff, 0xf6, 0xd6,
    0x8d, 0x1c, 0x0, 0x0,

    /* U+00D1 "Ñ" */
    0x0, 0x0, 0x7, 0x73, 0x62, 0x3, 0x6e, 0x66,
    0x0, 0x0, 0x0, 0x0, 0x95, 0xff, 0xff, 0xc9,
    0xf6, 0x91, 0x0, 0x0, 0x0, 0x0, 0xdc, 0xa7,
    0x52, 0xe3, 0xce, 0x1b, 0x0, 0x0, 0x0, 0x0,
    0x0, 0x0, 0x0, 0x0, 0x0, 0x0, 0x0, 0x0,
    0xd8, 0xff, 0xe7, 0xf, 0x0, 0x0, 0x0, 0xbc,
    0xff, 0x6c, 0xd8, 0xff, 0xff, 0x97, 0x0, 0x0,
    0x0, 0xbc, 0xff, 0x6c, 0xd8, 0xff, 0xff, 0xfe,
    0x39, 0x0, 0x0, 0xbc, 0xff, 0x6c, 0xd8, 0xff,
    0xb8, 0xff, 0xd2, 0x4, 0x0, 0xbc, 0xff, 0x6c,
    0xd8, 0xff, 0x45, 0xdf, 0xff, 0x77, 0x0, 0xbc,
    0xff, 0x6c, 0xd8, 0xff, 0x47, 0x49, 0xff, 0xf5,
    0x21, 0xb7, 0xff, 0x6c, 0xd8, 0xff, 0x48, 0x0,
    0xaa, 0xff, 0xb7, 0xa7, 0xff, 0x6c, 0xd8, 0xff,
    0x48, 0x0, 0x19, 0xf1, 0xff, 0xe8, 0xff, 0x6c,
    0xd8, 0xff, 0x48, 0x0, 0x0, 0x6b, 0xff, 0xff,
    0xff, 0x6c, 0xd8, 0xff, 0x48, 0x0, 0x0, 0x2,
    0xc9, 0xff, 0xff, 0x6c, 0xd8, 0xff, 0x48, 0x0,
    0x0, 0x0, 0x30, 0xfb, 0xff, 0x6c,

    /* U+00D2 "Ò" */
    0x0, 0x0, 0x0, 0x0, 0x63, 0xff, 0xe2, 0x0,
    0x0, 0x0, 0x0, 0x0, 0x0, 0x0, 0x0, 0x0,
    0x0, 0x0, 0xb7, 0xff, 0x33, 0x0, 0x0, 0x0,
    0x0, 0x0, 0x0, 0x0, 0x0, 0x0, 0x0, 0xd,
    0x28, 0xf, 0x0, 0x0, 0x0, 0x0, 0x0, 0x0,
    0x0, 0x0, 0x0, 0x0, 0x0, 0x0, 0x0, 0x0,
    0x0, 0x0, 0x0, 0x0, 0x0, 0x0, 0x0, 0x37,
    0xa4, 0xe4, 0xf9, 0xea, 0xb1, 0x4a, 0x0, 0x0,
    0x0, 0x0, 0x0, 0x86, 0xfe, 0xff, 0xff, 0xff,
    0xff, 0xff, 0xff, 0xa5, 0x5, 0x0, 0x0, 0x6f,
    0xff, 0xfe, 0x9e, 0x36, 0x13, 0x30, 0x89, 0xf9,
    0xff, 0x93, 0x0, 0xa, 0xf1, 0xff, 0x79, 0x0,
    0x0, 0x0, 0x0, 0x0, 0x54, 0xff, 0xfd, 0x22,
    0x49, 0xff, 0xe8, 0x2, 0x0, 0x0, 0x0, 0x0,
    0x0, 0x0, 0xc2, 0xff, 0x6f, 0x61, 0xff, 0xc6,
    0x0, 0x0, 0x0, 0x0, 0x0, 0x0, 0x0, 0x9e,
    0xff, 0x89, 0x4a, 0xff, 0xe7, 0x2, 0x0, 0x0,
    0x0, 0x0, 0x0, 0x0, 0xc2, 0xff, 0x70, 0xb,
    0xf2, 0xff, 0x79, 0x0, 0x0, 0x0, 0x0, 0x0,
    0x54, 0xff, 0xfd, 0x24, 0x0, 0x71, 0xff, 0xfd,
    0x9a, 0x31, 0xe, 0x2b, 0x86, 0xf8, 0xff, 0x95,
    0x0, 0x0, 0x0, 0x8a, 0xff, 0xff, 0xff, 0xff,
    0xff, 0xff, 0xff, 0xa9, 0x5, 0x0, 0x0, 0x0,
    0x0, 0x3a, 0xa8, 0xe5, 0xfa, 0xeb, 0xb4, 0x4d,
    0x0, 0x0, 0x0,

    /* U+00D3 "Ó" */
    0x0, 0x0, 0x0, 0x0, 0x0, 0x0, 0xc0, 0xff,
    0x82, 0x0, 0x0, 0x0, 0x0, 0x0, 0x0, 0x0,
    0x0, 0x0, 0x13, 0xfc, 0xd1, 0x6, 0x0, 0x0,
    0x0, 0x0, 0x0, 0x0, 0x0, 0x0, 0x0, 0x9,
    0x28, 0x12, 0x0, 0x0, 0x0, 0x0, 0x0, 0x0,
    0x0, 0x0, 0x0, 0x0, 0x0, 0x0, 0x0, 0x0,
    0x0, 0x0, 0x0, 0x0, 0x0, 0x0, 0x0, 0x37,
    0xa4, 0xe4, 0xf9, 0xea, 0xb1, 0x4a, 0x0, 0x0,
    0x0, 0x0, 0x0, 0x86, 0xfe, 0xff, 0xff, 0xff,
    0xff, 0xff, 0xff, 0xa5, 0x5, 0x0, 0x0, 0x6f,
    0xff, 0xfe, 0x9e, 0x36, 0x13, 0x30, 0x89, 0xf9,
    0xff, 0x93, 0x0, 0xa, 0xf1, 0xff, 0x79, 0x0,
    0x0, 0x0, 0x0, 0x0, 0x54, 0xff, 0xfd, 0x22,
    0x49, 0xff, 0xe8, 0x2, 0x0, 0x0, 0x0, 0x0,
    0x0, 0x0, 0xc2, 0xff, 0x6f, 0x61, 0xff, 0xc6,
    0x0, 0x0, 0x0, 0x0, 0x0, 0x0, 0x0, 0x9e,
    0xff, 0x89, 0x4a, 0xff, 0xe7, 0x2, 0x0, 0x0,
    0x0, 0x0, 0x0, 0x0, 0xc2, 0xff, 0x70, 0xb,
    0xf2, 0xff, 0x79, 0x0, 0x0, 0x0, 0x0, 0x0,
    0x54, 0xff, 0xfd, 0x24, 0x0, 0x71, 0xff, 0xfd,
    0x9a, 0x31, 0xe, 0x2b, 0x86, 0xf8, 0xff, 0x95,
    0x0, 0x0, 0x0, 0x8a, 0xff, 0xff, 0xff, 0xff,
    0xff, 0xff, 0xff, 0xa9, 0x5, 0x0, 0x0, 0x0,
    0x0, 0x3a, 0xa8, 0xe5, 0xfa, 0xeb, 0xb4, 0x4d,
    0x0, 0x0, 0x0,

    /* U+00D4 "Ô" */
    0x0, 0x0, 0x0, 0x0, 0xa, 0xc5, 0xff, 0xd9,
    0x13, 0x0, 0x0, 0x0, 0x0, 0x0, 0x0, 0x0,
    0x5, 0xb8, 0xfd, 0x6c, 0xf3, 0xc6, 0x9, 0x0,
    0x0, 0x0, 0x0, 0x0, 0x0, 0x2, 0x10, 0xd,
    0x0, 0xb, 0x10, 0x4, 0x0, 0x0, 0x0, 0x0,
    0x0, 0x0, 0x0, 0x0, 0x0, 0x0, 0x0, 0x0,
    0x0, 0x0, 0x0, 0x0, 0x0, 0x0, 0x0, 0x37,
    0xa4, 0xe4, 0xf9, 0xea, 0xb1, 0x4a, 0x0, 0x0,
    0x0, 0x0, 0x0, 0x86, 0xfe, 0xff, 0xff, 0xff,
    0xff, 0xff, 0xff, 0xa5, 0x5, 0x0, 0x0, 0x6f,
    0xff, 0xfe, 0x9e, 0x36, 0x13, 0x30, 0x89, 0xf9,
    0xff, 0x93, 0x0, 0xa, 0xf1, 0xff, 0x79, 0x0,
    0x0, 0x0, 0x0, 0x0, 0x54, 0xff, 0xfd, 0x22,
    0x49, 0xff, 0xe8, 0x2, 0x0, 0x0, 0x0, 0x0,
    0x0, 0x0, 0xc2, 0xff, 0x6f, 0x61, 0xff, 0xc6,
    0x0, 0x0, 0x0, 0x0, 0x0, 0x0, 0x0, 0x9e,
    0xff, 0x89, 0x4a, 0xff, 0xe7, 0x2, 0x0, 0x0,
    0x0, 0x0, 0x0, 0x0, 0xc2, 0xff, 0x70, 0xb,
    0xf2, 0xff, 0x79, 0x0, 0x0, 0x0, 0x0, 0x0,
    0x54, 0xff, 0xfd, 0x24, 0x0, 0x71, 0xff, 0xfd,
    0x9a, 0x31, 0xe, 0x2b, 0x86, 0xf8, 0xff, 0x95,
    0x0, 0x0, 0x0, 0x8a, 0xff, 0xff, 0xff, 0xff,
    0xff, 0xff, 0xff, 0xa9, 0x5, 0x0, 0x0, 0x0,
    0x0, 0x3a, 0xa8, 0xe5, 0xfa, 0xeb, 0xb4, 0x4d,
    0x0, 0x0, 0x0,

    /* U+00D5 "Õ" */
    0x0, 0x0, 0x0, 0x0, 0x2c, 0x83, 0x5d, 0x21,
    0x90, 0x36, 0x0, 0x0, 0x0, 0x0, 0x0, 0x0,
    0xf, 0xef, 0xff, 0xff, 0xff, 0xfc, 0x2b, 0x0,
    0x0, 0x0, 0x0, 0x0, 0x0, 0x1e, 0x94, 0x34,
    0x50, 0x89, 0x42, 0x0, 0x0, 0x0, 0x0, 0x0,
    0x0, 0x0, 0x0, 0x0, 0x0, 0x0, 0x0, 0x0,
    0x0, 0x0, 0x0, 0x0, 0x0, 0x0, 0x0, 0x37,
    0xa4, 0xe4, 0xf9, 0xea, 0xb1, 0x4a, 0x0, 0x0,
    0x0, 0x0, 0x0, 0x86, 0xfe, 0xff, 0xff, 0xff,
    0xff, 0xff, 0xff, 0xa5, 0x5, 0x0, 0x0, 0x6f,
    0xff, 0xfe, 0x9e, 0x36, 0x13, 0x30, 0x89, 0xf9,
    0xff, 0x93, 0x0, 0xa, 0xf1, 0xff, 0x79, 0x0,
    0x0, 0x0, 0x0, 0x0, 0x54, 0xff, 0xfd, 0x22,
    0x49, 0xff, 0xe8, 0x2, 0x0, 0x0, 0x0, 0x0,
    0x0, 0x0, 0xc2, 0xff, 0x6f, 0x61, 0xff, 0xc6,
    0x0, 0x0, 0x0, 0x0, 0x0, 0x0, 0x0, 0x9e,
    0xff, 0x89, 0x4a, 0xff, 0xe7, 0x2, 0x0, 0x0,
    0x0, 0x0, 0x0, 0x0, 0xc2, 0xff, 0x70, 0xb,
    0xf2, 0xff, 0x79, 0x0, 0x0, 0x0, 0x0, 0x0,
    0x54, 0xff, 0xfd, 0x24, 0x0, 0x71, 0xff, 0xfd,
    0x9a, 0x31, 0xe, 0x2b, 0x86, 0xf8, 0xff, 0x95,
    0x0, 0x0, 0x0, 0x8a, 0xff, 0xff, 0xff, 0xff,
    0xff, 0xff, 0xff, 0xa9, 0x5, 0x0, 0x0, 0x0,
    0x0, 0x3a, 0xa8, 0xe5, 0xfa, 0xeb, 0xb4, 0x4d,
    0x0, 0x0, 0x0,

    /* U+00D6 "Ö" */
    0x0, 0x0, 0x0, 0x3, 0xc9, 0xd8, 0xc, 0xc0,
    0xdf, 0x14, 0x0, 0x0, 0x0, 0x0, 0x0, 0x0,
    0x8, 0xf0, 0xf9, 0x1b, 0xea, 0xfc, 0x24, 0x0,
    0x0, 0x0, 0x0, 0x0, 0x0, 0x0, 0x1e, 0x25,
    0x0, 0x1b, 0x29, 0x0, 0x0, 0x0, 0x0, 0x0,
    0x0, 0x0, 0x0, 0x0, 0x0, 0x0, 0x0, 0x0,
    0x0, 0x0, 0x0, 0x0, 0x0, 0x0, 0x0, 0x37,
    0xa4, 0xe4, 0xf9, 0xea, 0xb1, 0x4a, 0x0, 0x0,
    0x0, 0x0, 0x0, 0x86, 0xfe, 0xff, 0xff, 0xff,
    0xff, 0xff, 0xff, 0xa5, 0x5, 0x0, 0x0, 0x6f,
    0xff, 0xfe, 0x9e, 0x36, 0x13, 0x30, 0x89, 0xf9,
    0xff, 0x93, 0x0, 0xa, 0xf1, 0xff, 0x79, 0x0,
    0x0, 0x0, 0x0, 0x0, 0x54, 0xff, 0xfd, 0x22,
    0x49, 0xff, 0xe8, 0x2, 0x0, 0x0, 0x0, 0x0,
    0x0, 0x0, 0xc2, 0xff, 0x6f, 0x61, 0xff, 0xc6,
    0x0, 0x0, 0x0, 0x0, 0x0, 0x0, 0x0, 0x9e,
    0xff, 0x89, 0x4a, 0xff, 0xe7, 0x2, 0x0, 0x0,
    0x0, 0x0, 0x0, 0x0, 0xc2, 0xff, 0x70, 0xb,
    0xf2, 0xff, 0x79, 0x0, 0x0, 0x0, 0x0, 0x0,
    0x54, 0xff, 0xfd, 0x24, 0x0, 0x71, 0xff, 0xfd,
    0x9a, 0x31, 0xe, 0x2b, 0x86, 0xf8, 0xff, 0x95,
    0x0, 0x0, 0x0, 0x8a, 0xff, 0xff, 0xff, 0xff,
    0xff, 0xff, 0xff, 0xa9, 0x5, 0x0, 0x0, 0x0,
    0x0, 0x3a, 0xa8, 0xe5, 0xfa, 0xeb, 0xb4, 0x4d,
    0x0, 0x0, 0x0,

    /* U+00D7 "×" */
    0x0, 0x0, 0x0, 0x0, 0x0, 0x0, 0x0, 0x0,
    0x0, 0x0, 0x4f, 0xbb, 0xd, 0x0, 0x0, 0x27,
    0xc9, 0x27, 0x0, 0xb7, 0xff, 0xca, 0x12, 0x2e,
    0xe9, 0xff, 0x7b, 0x0, 0x7, 0xb2, 0xff, 0xd6,
    0xee, 0xff, 0x7e, 0x0, 0x0, 0x0, 0x4, 0xbc,
    0xff, 0xff, 0x84, 0x0, 0x0, 0x0, 0x0, 0x4b,
    0xf7, 0xff, 0xff, 0xe1, 0x25, 0x0, 0x0, 0x57,
    0xfa, 0xfb, 0x59, 0x8c, 0xff, 0xe7, 0x2d, 0x0,
    0xb1, 0xf8, 0x4e, 0x0, 0x0, 0x81, 0xff, 0x75,
    0x0, 0x6, 0x33, 0x0, 0x0, 0x0, 0x0, 0x3a,
    0x0,

    /* U+00D8 "Ø" */
    0x0, 0x0, 0x0, 0x0, 0x0, 0x0, 0x0, 0x0,
    0x0, 0x38, 0xa, 0x0, 0x0, 0x0, 0x0, 0x0,
    0x3b, 0xa7, 0xe5, 0xf9, 0xe7, 0xac, 0xef, 0xce,
    0x1, 0x0, 0x0, 0x0, 0x8d, 0xff, 0xff, 0xff,
    0xff, 0xff, 0xff, 0xff, 0xb5, 0x1, 0x0, 0x0,
    0x76, 0xff, 0xfe, 0x9e, 0x36, 0x10, 0x73, 0xff,
    0xff, 0xff, 0x85, 0x0, 0xc, 0xf4, 0xff, 0x7b,
    0x0, 0x0, 0x1a, 0xec, 0xec, 0x6d, 0xff, 0xfc,
    0x1e, 0x4b, 0xff, 0xe8, 0x2, 0x0, 0x1, 0xba,
    0xff, 0x50, 0x0, 0xc3, 0xff, 0x6d, 0x61, 0xff,
    0xc6, 0x0, 0x0, 0x70, 0xff, 0x9a, 0x0, 0x0,
    0x9e, 0xff, 0x88, 0x47, 0xff, 0xe7, 0x2, 0x2c,
    0xf8, 0xd9, 0xb, 0x0, 0x0, 0xc2, 0xff, 0x73,
    0x8, 0xf0, 0xff, 0x7e, 0xd1, 0xfa, 0x34, 0x0,
    0x0, 0x54, 0xff, 0xfe, 0x28, 0x0, 0x67, 0xff,
    0xff, 0xff, 0x94, 0xa, 0x2b, 0x86, 0xf8, 0xff,
    0x9a, 0x0, 0x0, 0x0, 0x96, 0xff, 0xff, 0xff,
    0xff, 0xff, 0xff, 0xff, 0xac, 0x7, 0x0, 0x0,
    0x0, 0xa8, 0xfc, 0xa8, 0xe3, 0xfa, 0xeb, 0xb4,
    0x4f, 0x0, 0x0, 0x0, 0x0, 0x0, 0x4, 0x41,
    0x0, 0x0, 0x0, 0x0, 0x0, 0x0, 0x0, 0x0,
    0x0,

    /* U+00D9 "Ù" */
    0x0, 0x0, 0x0, 0x80, 0xff, 0xc3, 0x0, 0x0,
    0x0, 0x0, 0x0, 0x0, 0x0, 0x5, 0xd1, 0xfd,
    0x16, 0x0, 0x0, 0x0, 0x0, 0x0, 0x0, 0x0,
    0x12, 0x28, 0xa, 0x0, 0x0, 0x0, 0x0, 0x0,
    0x0, 0x0, 0x0, 0x0, 0x0, 0x0, 0x0, 0x0,
    0x1c, 0xff, 0xff, 0x10, 0x0, 0x0, 0x0, 0x5c,
    0xff, 0xd0, 0x1c, 0xff, 0xff, 0x10, 0x0, 0x0,
    0x0, 0x5c, 0xff, 0xd0, 0x1c, 0xff, 0xff, 0x10,
    0x0, 0x0, 0x0, 0x5c, 0xff, 0xd0, 0x1c, 0xff,
    0xff, 0x10, 0x0, 0x0, 0x0, 0x5c, 0xff, 0xd0,
    0x1c, 0xff, 0xff, 0x10, 0x0, 0x0, 0x0, 0x5c,
    0xff, 0xd0, 0x1c, 0xff, 0xff, 0x10, 0x0, 0x0,
    0x0, 0x5c, 0xff, 0xd0, 0x19, 0xff, 0xff, 0x13,
    0x0, 0x0, 0x0, 0x60, 0xff, 0xcd, 0x6, 0xfb,
    0xff, 0x3f, 0x0, 0x0, 0x0, 0x8c, 0xff, 0xb3,
    0x0, 0xb3, 0xff, 0xd2, 0x34, 0x10, 0x58, 0xf5,
    0xff, 0x66, 0x0, 0x21, 0xf2, 0xff, 0xff, 0xff,
    0xff, 0xff, 0xc2, 0x5, 0x0, 0x0, 0x29, 0xaa,
    0xec, 0xfa, 0xdb, 0x81, 0x8, 0x0,

    /* U+00DA "Ú" */
    0x0, 0x0, 0x0, 0x0, 0x10, 0xfb, 0xfd, 0x39,
    0x0, 0x0, 0x0, 0x0, 0x0, 0x0, 0x5c, 0xff,
    0x8b, 0x0, 0x0, 0x0, 0x0, 0x0, 0x0, 0x0,
    0x15, 0x28, 0x6, 0x0, 0x0, 0x0, 0x0, 0x0,
    0x0, 0x0, 0x0, 0x0, 0x0, 0x0, 0x0, 0x0,
    0x1c, 0xff, 0xff, 0x10, 0x0, 0x0, 0x0, 0x5c,
    0xff, 0xd0, 0x1c, 0xff, 0xff, 0x10, 0x0, 0x0,
    0x0, 0x5c, 0xff, 0xd0, 0x1c, 0xff, 0xff, 0x10,
    0x0, 0x0, 0x0, 0x5c, 0xff, 0xd0, 0x1c, 0xff,
    0xff, 0x10, 0x0, 0x0, 0x0, 0x5c, 0xff, 0xd0,
    0x1c, 0xff, 0xff, 0x10, 0x0, 0x0, 0x0, 0x5c,
    0xff, 0xd0, 0x1c, 0xff, 0xff, 0x10, 0x0, 0x0,
    0x0, 0x5c, 0xff, 0xd0, 0x19, 0xff, 0xff, 0x13,
    0x0, 0x0, 0x0, 0x60, 0xff, 0xcd, 0x6, 0xfb,
    0xff, 0x3f, 0x0, 0x0, 0x0, 0x8c, 0xff, 0xb3,
    0x0, 0xb3, 0xff, 0xd2, 0x34, 0x10, 0x58, 0xf5,
    0xff, 0x66, 0x0, 0x21, 0xf2, 0xff, 0xff, 0xff,
    0xff, 0xff, 0xc2, 0x5, 0x0, 0x0, 0x29, 0xaa,
    0xec, 0xfa, 0xdb, 0x81, 0x8, 0x0,

    /* U+00DB "Û" */
    0x0, 0x0, 0x0, 0x22, 0xe6, 0xff, 0xae, 0x2,
    0x0, 0x0, 0x0, 0x0, 0x1a, 0xde, 0xeb, 0x72,
    0xff, 0x93, 0x0, 0x0, 0x0, 0x0, 0x6, 0x10,
    0xa, 0x0, 0xf, 0x10, 0x0, 0x0, 0x1c, 0xff,
    0xff, 0x10, 0x0, 0x0, 0x0, 0x5c, 0xff, 0xd0,
    0x1c, 0xff, 0xff, 0x10, 0x0, 0x0, 0x0, 0x5c,
    0xff, 0xd0, 0x1c, 0xff, 0xff, 0x10, 0x0, 0x0,
    0x0, 0x5c, 0xff, 0xd0, 0x1c, 0xff, 0xff, 0x10,
    0x0, 0x0, 0x0, 0x5c, 0xff, 0xd0, 0x1c, 0xff,
    0xff, 0x10, 0x0, 0x0, 0x0, 0x5c, 0xff, 0xd0,
    0x1c, 0xff, 0xff, 0x10, 0x0, 0x0, 0x0, 0x5c,
    0xff, 0xd0, 0x19, 0xff, 0xff, 0x13, 0x0, 0x0,
    0x0, 0x60, 0xff, 0xcd, 0x6, 0xfb, 0xff, 0x3f,
    0x0, 0x0, 0x0, 0x8c, 0xff, 0xb3, 0x0, 0xb3,
    0xff, 0xd2, 0x34, 0x10, 0x58, 0xf5, 0xff, 0x66,
    0x0, 0x21, 0xf2, 0xff, 0xff, 0xff, 0xff, 0xff,
    0xc2, 0x5, 0x0, 0x0, 0x29, 0xaa, 0xec, 0xfa,
    0xdb, 0x81, 0x8, 0x0,

    /* U+00DC "Ü" */
    0x0, 0x0, 0x20, 0xe6, 0xa9, 0x17, 0xe1, 0xb8,
    0x0, 0x0, 0x0, 0x0, 0x36, 0xff, 0xd5, 0x28,
    0xfd, 0xe5, 0x0, 0x0, 0x0, 0x0, 0x0, 0x2e,
    0x15, 0x0, 0x2a, 0x19, 0x0, 0x0, 0x0, 0x0,
    0x0, 0x0, 0x0, 0x0, 0x0, 0x0, 0x0, 0x0,
    0x1c, 0xff, 0xff, 0x10, 0x0, 0x0, 0x0, 0x5c,
    0xff, 0xd0, 0x1c, 0xff, 0xff, 0x10, 0x0, 0x0,
    0x0, 0x5c, 0xff, 0xd0, 0x1c, 0xff, 0xff, 0x10,
    0x0, 0x0, 0x0, 0x5c, 0xff, 0xd0, 0x1c, 0xff,
    0xff, 0x10, 0x0, 0x0, 0x0, 0x5c, 0xff, 0xd0,
    0x1c, 0xff, 0xff, 0x10, 0x0, 0x0, 0x0, 0x5c,
    0xff, 0xd0, 0x1c, 0xff, 0xff, 0x10, 0x0, 0x0,
    0x0, 0x5c, 0xff, 0xd0, 0x19, 0xff, 0xff, 0x13,
    0x0, 0x0, 0x0, 0x60, 0xff, 0xcd, 0x6, 0xfb,
    0xff, 0x3f, 0x0, 0x0, 0x0, 0x8c, 0xff, 0xb3,
    0x0, 0xb3, 0xff, 0xd2, 0x34, 0x10, 0x58, 0xf5,
    0xff, 0x66, 0x0, 0x21, 0xf2, 0xff, 0xff, 0xff,
    0xff, 0xff, 0xc2, 0x5, 0x0, 0x0, 0x29, 0xaa,
    0xec, 0xfa, 0xdb, 0x81, 0x8, 0x0,

    /* U+00DD "Ý" */
    0x0, 0x0, 0x0, 0x0, 0x6, 0x28, 0x28, 0xa,
    0x0, 0x0, 0x0, 0x0, 0x0, 0x0, 0x59, 0xff,
    0xd7, 0x8, 0x0, 0x0, 0x0, 0x0, 0x0, 0x0,
    0xa8, 0xfd, 0x38, 0x0, 0x0, 0x0, 0x0, 0x0,
    0x0, 0x0, 0x0, 0x0, 0x0, 0x0, 0x0, 0x0,
    0x7d, 0xff, 0xf4, 0x1f, 0x0, 0x0, 0x9, 0xdf,
    0xff, 0xac, 0x4, 0xcf, 0xff, 0xb5, 0x0, 0x0,
    0x84, 0xff, 0xef, 0x18, 0x0, 0x31, 0xfb, 0xff,
    0x57, 0x26, 0xf9, 0xff, 0x62, 0x0, 0x0, 0x0,
    0x85, 0xff, 0xe8, 0xc2, 0xff, 0xbd, 0x0, 0x0,
    0x0, 0x0, 0x7, 0xd6, 0xff, 0xff, 0xf6, 0x23,
    0x0, 0x0, 0x0, 0x0, 0x0, 0x38, 0xfe, 0xff,
    0x75, 0x0, 0x0, 0x0, 0x0, 0x0, 0x0, 0x0,
    0xf4, 0xff, 0x34, 0x0, 0x0, 0x0, 0x0, 0x0,
    0x0, 0x0, 0xf4, 0xff, 0x34, 0x0, 0x0, 0x0,
    0x0, 0x0, 0x0, 0x0, 0xf4, 0xff, 0x34, 0x0,
    0x0, 0x0, 0x0, 0x0, 0x0, 0x0, 0xf4, 0xff,
    0x34, 0x0, 0x0, 0x0, 0x0, 0x0, 0x0, 0x0,
    0xf4, 0xff, 0x34, 0x0, 0x0, 0x0,

    /* U+00DE "Þ" */
    0xd8, 0xff, 0x50, 0x0, 0x0, 0x0, 0x0, 0x0,
    0x0, 0xd8, 0xff, 0xff, 0xff, 0xf7, 0xbf, 0x32,
    0x0, 0x0, 0xd8, 0xff, 0xff, 0xff, 0xff, 0xff,
    0xfb, 0x37, 0x0, 0xd8, 0xff, 0x52, 0x4, 0x14,
    0xae, 0xff, 0xc9, 0x0, 0xd8, 0xff, 0x50, 0x0,
    0x0, 0x2a, 0xff, 0xff, 0xb, 0xd8, 0xff, 0x50,
    0x0, 0x0, 0x29, 0xff, 0xff, 0xb, 0xd8, 0xff,
    0x52, 0x4, 0x13, 0xa9, 0xff, 0xcb, 0x0, 0xd8,
    0xff, 0xff, 0xff, 0xff, 0xff, 0xfb, 0x38, 0x0,
    0xd8, 0xff, 0xff, 0xff, 0xf8, 0xc2, 0x34, 0x0,
    0x0, 0xd8, 0xff, 0x50, 0x0, 0x0, 0x0, 0x0,
    0x0, 0x0, 0xd8, 0xff, 0x50, 0x0, 0x0, 0x0,
    0x0, 0x0, 0x0,

    /* U+00DF "ß" */
    0x0, 0x42, 0xc8, 0xf8, 0xe5, 0xa4, 0x20, 0x0,
    0x3e, 0xfd, 0xff, 0xf7, 0xfd, 0xff, 0xdd, 0xb,
    0xae, 0xff, 0x9e, 0x3, 0x15, 0xdf, 0xff, 0x42,
    0xd4, 0xff, 0x45, 0x1, 0x2a, 0xe8, 0xfb, 0x1e,
    0xd8, 0xff, 0x40, 0x9c, 0xff, 0xff, 0x58, 0x0,
    0xd8, 0xff, 0x40, 0x7f, 0xef, 0xff, 0xd1, 0x17,
    0xd8, 0xff, 0x40, 0x0, 0x7, 0xa9, 0xff, 0x9c,
    0xd8, 0xff, 0x40, 0x0, 0x0, 0x4d, 0xff, 0xcf,
    0xd8, 0xff, 0x40, 0x0, 0x8, 0xaa, 0xff, 0xb6,
    0xd8, 0xff, 0x40, 0xbf, 0xf8, 0xff, 0xfc, 0x3b,
    0xd8, 0xff, 0x40, 0xc6, 0xf1, 0xc2, 0x42, 0x0,

    /* U+00E0 "à" */
    0x0, 0x0, 0x8c, 0xff, 0xbb, 0x0, 0x0, 0x0,
    0x0, 0x0, 0x9, 0xda, 0xfa, 0x10, 0x0, 0x0,
    0x0, 0x0, 0x0, 0x14, 0x28, 0x8, 0x0, 0x0,
    0x0, 0x3c, 0xbb, 0xf2, 0xf0, 0xc8, 0x52, 0x0,
    0x18, 0xe4, 0xf7, 0xbf, 0xbe, 0xfb, 0xff, 0x48,
    0x0, 0xb, 0x65, 0x77, 0x6f, 0x8e, 0xff, 0xa7,
    0x8, 0xc5, 0xff, 0xff, 0xff, 0xff, 0xff, 0xc9,
    0x64, 0xff, 0xd4, 0x1f, 0xd, 0x7f, 0xff, 0xcc,
    0x7c, 0xff, 0xa3, 0x0, 0x0, 0xa2, 0xff, 0xcc,
    0x34, 0xfd, 0xfd, 0xb1, 0xc9, 0xff, 0xff, 0xcc,
    0x0, 0x55, 0xd5, 0xf8, 0xc5, 0x6c, 0xff, 0xcc,

    /* U+00E1 "á" */
    0x0, 0x0, 0x0, 0x2c, 0xff, 0xf5, 0x24, 0x0,
    0x0, 0x0, 0x0, 0x7c, 0xff, 0x6c, 0x0, 0x0,
    0x0, 0x0, 0x0, 0x1a, 0x27, 0x1, 0x0, 0x0,
    0x0, 0x3c, 0xbb, 0xf2, 0xf0, 0xc8, 0x52, 0x0,
    0x18, 0xe4, 0xf7, 0xbf, 0xbe, 0xfb, 0xff, 0x48,
    0x0, 0xb, 0x65, 0x77, 0x6f, 0x8e, 0xff, 0xa7,
    0x8, 0xc5, 0xff, 0xff, 0xff, 0xff, 0xff, 0xc9,
    0x64, 0xff, 0xd4, 0x1f, 0xd, 0x7f, 0xff, 0xcc,
    0x7c, 0xff, 0xa3, 0x0, 0x0, 0xa2, 0xff, 0xcc,
    0x34, 0xfd, 0xfd, 0xb1, 0xc9, 0xff, 0xff, 0xcc,
    0x0, 0x55, 0xd5, 0xf8, 0xc5, 0x6c, 0xff, 0xcc,

    /* U+00E2 "â" */
    0x0, 0x0, 0x3e, 0xf6, 0xff, 0x87, 0x0, 0x0,
    0x0, 0x33, 0xf1, 0xd1, 0x8c, 0xff, 0x68, 0x0,
    0x0, 0x9, 0x10, 0x7, 0x1, 0x10, 0xe, 0x0,
    0x0, 0x3c, 0xbb, 0xf2, 0xf0, 0xc8, 0x52, 0x0,
    0x18, 0xe4, 0xf7, 0xbf, 0xbe, 0xfb, 0xff, 0x48,
    0x0, 0xb, 0x65, 0x77, 0x6f, 0x8e, 0xff, 0xa7,
    0x8, 0xc5, 0xff, 0xff, 0xff, 0xff, 0xff, 0xc9,
    0x64, 0xff, 0xd4, 0x1f, 0xd, 0x7f, 0xff, 0xcc,
    0x7c, 0xff, 0xa3, 0x0, 0x0, 0xa2, 0xff, 0xcc,
    0x34, 0xfd, 0xfd, 0xb1, 0xc9, 0xff, 0xff, 0xcc,
    0x0, 0x55, 0xd5, 0xf8, 0xc5, 0x6c, 0xff, 0xcc,

    /* U+00E3 "ã" */
    0x0, 0x1c, 0xcd, 0xfd, 0xff, 0xff, 0xf7, 0x11,
    0x0, 0x3f, 0x90, 0x90, 0x90, 0x88, 0x36, 0x0,
    0x0, 0x0, 0x0, 0x0, 0x0, 0x0, 0x0, 0x0,
    0x0, 0x3c, 0xbb, 0xf2, 0xf0, 0xc8, 0x52, 0x0,
    0x18, 0xe4, 0xf7, 0xbf, 0xbe, 0xfb, 0xff, 0x48,
    0x0, 0xb, 0x65, 0x77, 0x6f, 0x8e, 0xff, 0xa7,
    0x8, 0xc5, 0xff, 0xff, 0xff, 0xff, 0xff, 0xc9,
    0x64, 0xff, 0xd4, 0x1f, 0xd, 0x7f, 0xff, 0xcc,
    0x7c, 0xff, 0xa3, 0x0, 0x0, 0xa2, 0xff, 0xcc,
    0x34, 0xfd, 0xfd, 0xb1, 0xc9, 0xff, 0xff, 0xcc,
    0x0, 0x55, 0xd5, 0xf8, 0xc5, 0x6c, 0xff, 0xcc,

    /* U+00E4 "ä" */
    0x0, 0x28, 0xe8, 0xa0, 0x1d, 0xe4, 0xab, 0x0,
    0x0, 0x41, 0xff, 0xcd, 0x32, 0xfe, 0xd9, 0x0,
    0x0, 0x0, 0x31, 0x13, 0x0, 0x2d, 0x16, 0x0,
    0x0, 0x3c, 0xbb, 0xf2, 0xf0, 0xc8, 0x52, 0x0,
    0x18, 0xe4, 0xf7, 0xbf, 0xbe, 0xfb, 0xff, 0x48,
    0x0, 0xb, 0x65, 0x77, 0x6f, 0x8e, 0xff, 0xa7,
    0x8, 0xc5, 0xff, 0xff, 0xff, 0xff, 0xff, 0xc9,
    0x64, 0xff, 0xd4, 0x1f, 0xd, 0x7f, 0xff, 0xcc,
    0x7c, 0xff, 0xa3, 0x0, 0x0, 0xa2, 0xff, 0xcc,
    0x34, 0xfd, 0xfd, 0xb1, 0xc9, 0xff, 0xff, 0xcc,
    0x0, 0x55, 0xd5, 0xf8, 0xc5, 0x6c, 0xff, 0xcc,

    /* U+00E5 "å" */
    0x0, 0x0, 0x2, 0xa4, 0xe5, 0x58, 0x0, 0x0,
    0x0, 0x0, 0x4b, 0xea, 0x6e, 0xec, 0x0, 0x0,
    0x0, 0x0, 0x57, 0xdf, 0x45, 0xf7, 0x2, 0x0,
    0x0, 0x0, 0xc, 0xd7, 0xff, 0x86, 0x0, 0x0,
    0x0, 0x0, 0x0, 0x5, 0x1b, 0x0, 0x0, 0x0,
    0x0, 0x3c, 0xbb, 0xf2, 0xf0, 0xc8, 0x52, 0x0,
    0x18, 0xe4, 0xf7, 0xbf, 0xbe, 0xfb, 0xff, 0x48,
    0x0, 0xb, 0x65, 0x77, 0x6f, 0x8e, 0xff, 0xa7,
    0x8, 0xc5, 0xff, 0xff, 0xff, 0xff, 0xff, 0xc9,
    0x64, 0xff, 0xd4, 0x1f, 0xd, 0x7f, 0xff, 0xcc,
    0x7c, 0xff, 0xa3, 0x0, 0x0, 0xa2, 0xff, 0xcc,
    0x34, 0xfd, 0xfd, 0xb1, 0xc9, 0xff, 0xff, 0xcc,
    0x0, 0x55, 0xd5, 0xf8, 0xc5, 0x6c, 0xff, 0xcc,

    /* U+00E6 "æ" */
    0x0, 0x1d, 0xab, 0xee, 0xf5, 0xbd, 0x32, 0x34,
    0xbe, 0xf6, 0xee, 0xa8, 0x1f, 0x0, 0x7, 0xdd,
    0xff, 0xcc, 0xc4, 0xff, 0xf2, 0xf4, 0xfa, 0xba,
    0xd0, 0xff, 0xe0, 0x9, 0x0, 0x27, 0x5e, 0x0,
    0x0, 0x82, 0xff, 0xfd, 0x37, 0x0, 0x0, 0x89,
    0xff, 0x74, 0x0, 0x5b, 0xd1, 0xf7, 0xef, 0xd1,
    0xff, 0xff, 0xff, 0xff, 0xff, 0xff, 0xff, 0xb2,
    0x41, 0xfe, 0xfb, 0xb4, 0xa7, 0xd5, 0xff, 0xf3,
    0xa0, 0xa0, 0xa0, 0xa0, 0xa0, 0x76, 0x7e, 0xff,
    0xab, 0x0, 0x4, 0x99, 0xff, 0xfe, 0x4d, 0x0,
    0x1, 0x71, 0x89, 0x1d, 0x44, 0xff, 0xff, 0xe8,
    0xee, 0xff, 0xbc, 0xf5, 0xff, 0xe1, 0xe8, 0xff,
    0xf7, 0x36, 0x0, 0x60, 0xd5, 0xf8, 0xdc, 0x7a,
    0x4, 0x31, 0xbb, 0xf5, 0xef, 0xb4, 0x31, 0x0,

    /* U+00E7 "ç" */
    0x0, 0x2, 0x6c, 0xda, 0xf9, 0xe3, 0x8f, 0xc,
    0x0, 0x0, 0x9f, 0xff, 0xff, 0xf2, 0xfe, 0xff,
    0xc7, 0x3, 0x3d, 0xff, 0xf8, 0x44, 0x0, 0x2b,
    0xcd, 0x7d, 0xc, 0x7f, 0xff, 0xa5, 0x0, 0x0,
    0x0, 0x0, 0x0, 0x0, 0x78, 0xff, 0xa2, 0x0,
    0x0, 0x0, 0x0, 0x0, 0x0, 0x3f, 0xff, 0xf6,
    0x3c, 0x0, 0x21, 0xc9, 0x83, 0x12, 0x0, 0xaa,
    0xff, 0xff, 0xea, 0xfb, 0xff, 0xd5, 0x9, 0x0,
    0x3, 0x7a, 0xdb, 0xff, 0xea, 0x9e, 0x14, 0x0,
    0x0, 0x0, 0x0, 0x78, 0xe4, 0x74, 0x4, 0x0,
    0x0, 0x0, 0x0, 0x0, 0x3b, 0x5e, 0xe7, 0x5a,
    0x0, 0x0, 0x0, 0x0, 0x0, 0x6b, 0xf4, 0xd4,
    0x1f, 0x0, 0x0,

    /* U+00E8 "è" */
    0x0, 0x0, 0x74, 0xff, 0xd3, 0x0, 0x0, 0x0,
    0x0, 0x0, 0x0, 0x3, 0xc8, 0xff, 0x23, 0x0,
    0x0, 0x0, 0x0, 0x0, 0x0, 0x10, 0x28, 0xc,
    0x0, 0x0, 0x0, 0x0, 0x1, 0x6a, 0xda, 0xf9,
    0xe2, 0x80, 0x6, 0x0, 0x0, 0x99, 0xff, 0xe9,
    0xb8, 0xe3, 0xff, 0xaf, 0x0, 0x39, 0xff, 0xe1,
    0x30, 0x24, 0x29, 0xd3, 0xff, 0x3a, 0x7e, 0xff,
    0xff, 0xff, 0xff, 0xff, 0xff, 0xff, 0x6c, 0x7f,
    0xff, 0xbd, 0x54, 0x54, 0x54, 0x54, 0x54, 0x24,
    0x3d, 0xff, 0xed, 0x2d, 0x0, 0x11, 0xc1, 0x86,
    0xe, 0x0, 0x9f, 0xff, 0xfc, 0xdc, 0xf5, 0xff,
    0xce, 0x8, 0x0, 0x2, 0x6b, 0xd9, 0xf9, 0xe4,
    0x92, 0xe, 0x0,

    /* U+00E9 "é" */
    0x0, 0x0, 0x0, 0x6, 0xf1, 0xff, 0x4e, 0x0,
    0x0, 0x0, 0x0, 0x0, 0x48, 0xff, 0xa3, 0x0,
    0x0, 0x0, 0x0, 0x0, 0x0, 0x12, 0x28, 0xa,
    0x0, 0x0, 0x0, 0x0, 0x1, 0x6a, 0xda, 0xf9,
    0xe2, 0x80, 0x6, 0x0, 0x0, 0x99, 0xff, 0xe9,
    0xb8, 0xe3, 0xff, 0xaf, 0x0, 0x39, 0xff, 0xe1,
    0x30, 0x24, 0x29, 0xd3, 0xff, 0x3a, 0x7e, 0xff,
    0xff, 0xff, 0xff, 0xff, 0xff, 0xff, 0x6c, 0x7f,
    0xff, 0xbd, 0x54, 0x54, 0x54, 0x54, 0x54, 0x24,
    0x3d, 0xff, 0xed, 0x2d, 0x0, 0x11, 0xc1, 0x86,
    0xe, 0x0, 0x9f, 0xff, 0xfc, 0xdc, 0xf5, 0xff,
    0xce, 0x8, 0x0, 0x2, 0x6b, 0xd9, 0xf9, 0xe4,
    0x92, 0xe, 0x0,

    /* U+00EA "ê" */
    0x0, 0x0, 0x11, 0xd2, 0xff, 0xcc, 0xc, 0x0,
    0x0, 0x0, 0xb, 0xc7, 0xf9, 0x6a, 0xf9, 0xb7,
    0x4, 0x0, 0x0, 0x3, 0x10, 0xc, 0x0, 0xc,
    0x10, 0x3, 0x0, 0x0, 0x1, 0x6a, 0xda, 0xf9,
    0xe2, 0x80, 0x6, 0x0, 0x0, 0x99, 0xff, 0xe9,
    0xb8, 0xe3, 0xff, 0xaf, 0x0, 0x39, 0xff, 0xe1,
    0x30, 0x24, 0x29, 0xd3, 0xff, 0x3a, 0x7e, 0xff,
    0xff, 0xff, 0xff, 0xff, 0xff, 0xff, 0x6c, 0x7f,
    0xff, 0xbd, 0x54, 0x54, 0x54, 0x54, 0x54, 0x24,
    0x3d, 0xff, 0xed, 0x2d, 0x0, 0x11, 0xc1, 0x86,
    0xe, 0x0, 0x9f, 0xff, 0xfc, 0xdc, 0xf5, 0xff,
    0xce, 0x8, 0x0, 0x2, 0x6b, 0xd9, 0xf9, 0xe4,
    0x92, 0xe, 0x0,

    /* U+00EB "ë" */
    0x0, 0x14, 0xde, 0xbb, 0xe, 0xd8, 0xc7, 0x2,
    0x0, 0x0, 0x24, 0xfc, 0xe8, 0x1c, 0xfa, 0xf0,
    0x8, 0x0, 0x0, 0x0, 0x29, 0x1a, 0x0, 0x26,
    0x1e, 0x0, 0x0, 0x0, 0x1, 0x6a, 0xda, 0xf9,
    0xe2, 0x80, 0x6, 0x0, 0x0, 0x99, 0xff, 0xe9,
    0xb8, 0xe3, 0xff, 0xaf, 0x0, 0x39, 0xff, 0xe1,
    0x30, 0x24, 0x29, 0xd3, 0xff, 0x3a, 0x7e, 0xff,
    0xff, 0xff, 0xff, 0xff, 0xff, 0xff, 0x6c, 0x7f,
    0xff, 0xbd, 0x54, 0x54, 0x54, 0x54, 0x54, 0x24,
    0x3d, 0xff, 0xed, 0x2d, 0x0, 0x11, 0xc1, 0x86,
    0xe, 0x0, 0x9f, 0xff, 0xfc, 0xdc, 0xf5, 0xff,
    0xce, 0x8, 0x0, 0x2, 0x6b, 0xd9, 0xf9, 0xe4,
    0x92, 0xe, 0x0,

    /* U+00EC "ì" */
    0x4, 0xcf, 0xff, 0x6f, 0x0, 0x0, 0x30, 0xfa,
    0xbf, 0x0, 0x0, 0x0, 0x1f, 0x25, 0x0, 0x0,
    0x0, 0xf8, 0xff, 0x20, 0x0, 0x0, 0xf8, 0xff,
    0x20, 0x0, 0x0, 0xf8, 0xff, 0x20, 0x0, 0x0,
    0xf8, 0xff, 0x20, 0x0, 0x0, 0xf8, 0xff, 0x20,
    0x0, 0x0, 0xf8, 0xff, 0x20, 0x0, 0x0, 0xf8,
    0xff, 0x20, 0x0, 0x0, 0xf8, 0xff, 0x20,

    /* U+00ED "í" */
    0x44, 0xff, 0xeb, 0x16, 0x94, 0xff, 0x55, 0x0,
    0x1e, 0x25, 0x0, 0x0, 0xf8, 0xff, 0x20, 0x0,
    0xf8, 0xff, 0x20, 0x0, 0xf8, 0xff, 0x20, 0x0,
    0xf8, 0xff, 0x20, 0x0, 0xf8, 0xff, 0x20, 0x0,
    0xf8, 0xff, 0x20, 0x0, 0xf8, 0xff, 0x20, 0x0,
    0xf8, 0xff, 0x20, 0x0,

    /* U+00EE "î" */
    0x0, 0x50, 0xfc, 0xff, 0x6c, 0x0, 0x44, 0xf8,
    0xbe, 0x9e, 0xfd, 0x52, 0xa, 0x10, 0x5, 0x3,
    0x10, 0xc, 0x0, 0x0, 0xf8, 0xff, 0x20, 0x0,
    0x0, 0x0, 0xf8, 0xff, 0x20, 0x0, 0x0, 0x0,
    0xf8, 0xff, 0x20, 0x0, 0x0, 0x0, 0xf8, 0xff,
    0x20, 0x0, 0x0, 0x0, 0xf8, 0xff, 0x20, 0x0,
    0x0, 0x0, 0xf8, 0xff, 0x20, 0x0, 0x0, 0x0,
    0xf8, 0xff, 0x20, 0x0, 0x0, 0x0, 0xf8, 0xff,
    0x20, 0x0,

    /* U+00EF "ï" */
    0x2d, 0xeb, 0x8c, 0x6e, 0xf1, 0x45, 0x3f, 0xfe,
    0xad, 0x8d, 0xff, 0x5d, 0x0, 0x1d, 0x6, 0x2,
    0x21, 0x0, 0x0, 0x0, 0xf8, 0xff, 0x20, 0x0,
    0x0, 0x0, 0xf8, 0xff, 0x20, 0x0, 0x0, 0x0,
    0xf8, 0xff, 0x20, 0x0, 0x0, 0x0, 0xf8, 0xff,
    0x20, 0x0, 0x0, 0x0, 0xf8, 0xff, 0x20, 0x0,
    0x0, 0x0, 0xf8, 0xff, 0x20, 0x0, 0x0, 0x0,
    0xf8, 0xff, 0x20, 0x0, 0x0, 0x0, 0xf8, 0xff,
    0x20, 0x0,

    /* U+00F0 "ð" */
    0x0, 0x0, 0xa0, 0xa2, 0x3d, 0x5, 0x5a, 0x9,
    0x0, 0x0, 0x8, 0xc7, 0xff, 0xff, 0xf2, 0xfd,
    0x48, 0x0, 0x0, 0x0, 0x6c, 0xf8, 0xf7, 0xff,
    0xd2, 0x8, 0x0, 0x0, 0x0, 0x3d, 0x71, 0xe,
    0x87, 0xff, 0x8d, 0x0, 0x0, 0x0, 0x64, 0xdd,
    0xf5, 0xc0, 0xfa, 0xf7, 0x13, 0x0, 0x7b, 0xff,
    0xff, 0xe6, 0xfc, 0xff, 0xff, 0x58, 0x17, 0xf8,
    0xfc, 0x45, 0x0, 0x26, 0xed, 0xff, 0x84, 0x4f,
    0xff, 0xbe, 0x0, 0x0, 0x0, 0x92, 0xff, 0x96,
    0x4f, 0xff, 0xbf, 0x0, 0x0, 0x0, 0x93, 0xff,
    0x83, 0x15, 0xf6, 0xfc, 0x44, 0x0, 0x27, 0xee,
    0xff, 0x38, 0x0, 0x74, 0xff, 0xfe, 0xe4, 0xfb,
    0xff, 0xa2, 0x0, 0x0, 0x0, 0x5a, 0xd6, 0xfa,
    0xe1, 0x84, 0x6, 0x0,

    /* U+00F1 "ñ" */
    0x0, 0x0, 0x96, 0xf7, 0xff, 0xff, 0xff, 0x63,
    0x0, 0x0, 0xc, 0x90, 0x90, 0x90, 0x8e, 0x61,
    0x1, 0x0, 0x0, 0x0, 0x0, 0x0, 0x0, 0x0,
    0x0, 0x0, 0x0, 0x1c, 0xff, 0xdc, 0x4a, 0xda,
    0xf5, 0xc6, 0x33, 0x0, 0x1c, 0xff, 0xfa, 0xfc,
    0xf7, 0xfd, 0xff, 0xe5, 0x9, 0x1c, 0xff, 0xff,
    0x9e, 0x5, 0x20, 0xf2, 0xff, 0x3f, 0x1c, 0xff,
    0xff, 0x19, 0x0, 0x0, 0xc5, 0xff, 0x5a, 0x1c,
    0xff, 0xfc, 0x0, 0x0, 0x0, 0xc0, 0xff, 0x5c,
    0x1c, 0xff, 0xfc, 0x0, 0x0, 0x0, 0xc0, 0xff,
    0x5c, 0x1c, 0xff, 0xfc, 0x0, 0x0, 0x0, 0xc0,
    0xff, 0x5c, 0x1c, 0xff, 0xfc, 0x0, 0x0, 0x0,
    0xc0, 0xff, 0x5c,

    /* U+00F2 "ò" */
    0x0, 0x0, 0x70, 0xff, 0xd7, 0x0, 0x0, 0x0,
    0x0, 0x0, 0x0, 0x2, 0xc5, 0xff, 0x27, 0x0,
    0x0, 0x0, 0x0, 0x0, 0x0, 0xf, 0x28, 0xd,
    0x0, 0x0, 0x0, 0x0, 0x2, 0x6c, 0xda, 0xf9,
    0xe5, 0x8c, 0xc, 0x0, 0x0, 0x9f, 0xff, 0xff,
    0xf4, 0xff, 0xff, 0xd0, 0x6, 0x3d, 0xff, 0xf7,
    0x46, 0x0, 0x29, 0xe0, 0xff, 0x75, 0x7f, 0xff,
    0xa3, 0x0, 0x0, 0x0, 0x6e, 0xff, 0xb7, 0x7f,
    0xff, 0xa3, 0x0, 0x0, 0x0, 0x6e, 0xff, 0xb6,
    0x3d, 0xff, 0xf7, 0x43, 0x0, 0x27, 0xe0, 0xff,
    0x75, 0x0, 0x9f, 0xff, 0xff, 0xf3, 0xff, 0xff,
    0xd0, 0x6, 0x0, 0x2, 0x6d, 0xda, 0xfa, 0xe6,
    0x8d, 0xc, 0x0,

    /* U+00F3 "ó" */
    0x0, 0x0, 0x0, 0x0, 0xc0, 0xff, 0x82, 0x0,
    0x0, 0x0, 0x0, 0x0, 0x13, 0xfc, 0xd1, 0x6,
    0x0, 0x0, 0x0, 0x0, 0x0, 0x9, 0x28, 0x12,
    0x0, 0x0, 0x0, 0x0, 0x2, 0x6c, 0xda, 0xf9,
    0xe5, 0x8c, 0xc, 0x0, 0x0, 0x9f, 0xff, 0xff,
    0xf4, 0xff, 0xff, 0xd0, 0x6, 0x3d, 0xff, 0xf7,
    0x46, 0x0, 0x29, 0xe0, 0xff, 0x75, 0x7f, 0xff,
    0xa3, 0x0, 0x0, 0x0, 0x6e, 0xff, 0xb7, 0x7f,
    0xff, 0xa3, 0x0, 0x0, 0x0, 0x6e, 0xff, 0xb6,
    0x3d, 0xff, 0xf7, 0x43, 0x0, 0x27, 0xe0, 0xff,
    0x75, 0x0, 0x9f, 0xff, 0xff, 0xf3, 0xff, 0xff,
    0xd0, 0x6, 0x0, 0x2, 0x6d, 0xda, 0xfa, 0xe6,
    0x8d, 0xc, 0x0,

    /* U+00F4 "ô" */
    0x0, 0x0, 0x7, 0xbd, 0xff, 0xdd, 0x17, 0x0,
    0x0, 0x0, 0x4, 0xb1, 0xfe, 0x6e, 0xf0, 0xcb,
    0xb, 0x0, 0x0, 0x2, 0x10, 0xe, 0x0, 0xa,
    0x10, 0x5, 0x0, 0x0, 0x2, 0x6c, 0xda, 0xf9,
    0xe5, 0x8c, 0xc, 0x0, 0x0, 0x9f, 0xff, 0xff,
    0xf4, 0xff, 0xff, 0xd0, 0x6, 0x3d, 0xff, 0xf7,
    0x46, 0x0, 0x29, 0xe0, 0xff, 0x75, 0x7f, 0xff,
    0xa3, 0x0, 0x0, 0x0, 0x6e, 0xff, 0xb7, 0x7f,
    0xff, 0xa3, 0x0, 0x0, 0x0, 0x6e, 0xff, 0xb6,
    0x3d, 0xff, 0xf7, 0x43, 0x0, 0x27, 0xe0, 0xff,
    0x75, 0x0, 0x9f, 0xff, 0xff, 0xf3, 0xff, 0xff,
    0xd0, 0x6, 0x0, 0x2, 0x6d, 0xda, 0xfa, 0xe6,
    0x8d, 0xc, 0x0,

    /* U+00F5 "õ" */
    0x0, 0x3, 0xa5, 0xf9, 0xff, 0xff, 0xff, 0x4f,
    0x0, 0x0, 0x17, 0x90, 0x90, 0x90, 0x8d, 0x58,
    0x0, 0x0, 0x0, 0x0, 0x0, 0x0, 0x0, 0x0,
    0x0, 0x0, 0x0, 0x0, 0x2, 0x6c, 0xda, 0xf9,
    0xe5, 0x8c, 0xc, 0x0, 0x0, 0x9f, 0xff, 0xff,
    0xf4, 0xff, 0xff, 0xd0, 0x6, 0x3d, 0xff, 0xf7,
    0x46, 0x0, 0x29, 0xe0, 0xff, 0x75, 0x7f, 0xff,
    0xa3, 0x0, 0x0, 0x0, 0x6e, 0xff, 0xb7, 0x7f,
    0xff, 0xa3, 0x0, 0x0, 0x0, 0x6e, 0xff, 0xb6,
    0x3d, 0xff, 0xf7, 0x43, 0x0, 0x27, 0xe0, 0xff,
    0x75, 0x0, 0x9f, 0xff, 0xff, 0xf3, 0xff, 0xff,
    0xd0, 0x6, 0x0, 0x2, 0x6d, 0xda, 0xfa, 0xe6,
    0x8d, 0xc, 0x0,

    /* U+00F6 "ö" */
    0x0, 0x0, 0xc1, 0xdb, 0xf, 0xb6, 0xe1, 0x18,
    0x0, 0x0, 0x4, 0xed, 0xfb, 0x1e, 0xe5, 0xfe,
    0x2b, 0x0, 0x0, 0x0, 0x1c, 0x27, 0x0, 0x19,
    0x2b, 0x0, 0x0, 0x0, 0x2, 0x6c, 0xda, 0xf9,
    0xe5, 0x8c, 0xc, 0x0, 0x0, 0x9f, 0xff, 0xff,
    0xf4, 0xff, 0xff, 0xd0, 0x6, 0x3d, 0xff, 0xf7,
    0x46, 0x0, 0x29, 0xe0, 0xff, 0x75, 0x7f, 0xff,
    0xa3, 0x0, 0x0, 0x0, 0x6e, 0xff, 0xb7, 0x7f,
    0xff, 0xa3, 0x0, 0x0, 0x0, 0x6e, 0xff, 0xb6,
    0x3d, 0xff, 0xf7, 0x43, 0x0, 0x27, 0xe0, 0xff,
    0x75, 0x0, 0x9f, 0xff, 0xff, 0xf3, 0xff, 0xff,
    0xd0, 0x6, 0x0, 0x2, 0x6d, 0xda, 0xfa, 0xe6,
    0x8d, 0xc, 0x0,

    /* U+00F7 "÷" */
    0x0, 0x0, 0x0, 0x68, 0xf3, 0x7e, 0x0, 0x0,
    0x0, 0x0, 0x0, 0x0, 0xb3, 0xff, 0xcb, 0x0,
    0x0, 0x0, 0x0, 0x0, 0x0, 0x26, 0x8c, 0x32,
    0x0, 0x0, 0x0, 0x0, 0x0, 0x0, 0x0, 0x0,
    0x0, 0x0, 0x0, 0x0, 0x1c, 0xff, 0xff, 0xff,
    0xff, 0xff, 0xff, 0xff, 0x34, 0x13, 0xb4, 0xb4,
    0xb4, 0xb4, 0xb4, 0xb4, 0xb4, 0x24, 0x0, 0x0,
    0x0, 0x25, 0x8b, 0x31, 0x0, 0x0, 0x0, 0x0,
    0x0, 0x0, 0xb3, 0xff, 0xca, 0x0, 0x0, 0x0,
    0x0, 0x0, 0x0, 0x6a, 0xf4, 0x80, 0x0, 0x0,
    0x0,

    /* U+00F8 "ø" */
    0x0, 0x0, 0x0, 0x0, 0x0, 0x0, 0x31, 0x5,
    0x0, 0x0, 0x2, 0x6c, 0xda, 0xf8, 0xdc, 0xf5,
    0xb7, 0x0, 0x0, 0xa0, 0xff, 0xf8, 0xcf, 0xfe,
    0xff, 0xd3, 0xb, 0x3f, 0xff, 0xe3, 0x1f, 0x5b,
    0xff, 0xf3, 0xff, 0x75, 0x7f, 0xff, 0x7c, 0x18,
    0xed, 0xe1, 0x4e, 0xff, 0xb6, 0x7f, 0xff, 0x77,
    0xb0, 0xff, 0x45, 0x46, 0xff, 0xb7, 0x40, 0xff,
    0xf1, 0xff, 0x99, 0xd, 0xc0, 0xff, 0x76, 0x0,
    0xaa, 0xff, 0xff, 0xd5, 0xee, 0xff, 0xd3, 0x7,
    0x0, 0x74, 0xff, 0xdf, 0xfa, 0xe6, 0x8e, 0xd,
    0x0, 0x0, 0x0, 0x36, 0x0, 0x0, 0x0, 0x0,
    0x0, 0x0,

    /* U+00F9 "ù" */
    0x0, 0x0, 0x41, 0xfe, 0xf7, 0xb, 0x0, 0x0,
    0x0, 0x0, 0x0, 0x0, 0x97, 0xff, 0x53, 0x0,
    0x0, 0x0, 0x0, 0x0, 0x0, 0x8, 0x28, 0x14,
    0x0, 0x0, 0x0, 0x2c, 0xff, 0xec, 0x0, 0x0,
    0x0, 0xd0, 0xff, 0x48, 0x2c, 0xff, 0xec, 0x0,
    0x0, 0x0, 0xd0, 0xff, 0x48, 0x2c, 0xff, 0xec,
    0x0, 0x0, 0x0, 0xd0, 0xff, 0x48, 0x2c, 0xff,
    0xec, 0x0, 0x0, 0x0, 0xd0, 0xff, 0x48, 0x2a,
    0xff, 0xf1, 0x0, 0x0, 0x1, 0xeb, 0xff, 0x48,
    0x10, 0xff, 0xff, 0x40, 0x1, 0x70, 0xff, 0xff,
    0x48, 0x0, 0xc3, 0xff, 0xff, 0xf5, 0xff, 0xf8,
    0xff, 0x48, 0x0, 0x20, 0xb8, 0xf2, 0xe7, 0x7c,
    0xb0, 0xff, 0x48,

    /* U+00FA "ú" */
    0x0, 0x0, 0x0, 0x0, 0xd8, 0xff, 0x6e, 0x0,
    0x0, 0x0, 0x0, 0x0, 0x27, 0xff, 0xc2, 0x1,
    0x0, 0x0, 0x0, 0x0, 0x0, 0xd, 0x28, 0xf,
    0x0, 0x0, 0x0, 0x2c, 0xff, 0xec, 0x0, 0x0,
    0x0, 0xd0, 0xff, 0x48, 0x2c, 0xff, 0xec, 0x0,
    0x0, 0x0, 0xd0, 0xff, 0x48, 0x2c, 0xff, 0xec,
    0x0, 0x0, 0x0, 0xd0, 0xff, 0x48, 0x2c, 0xff,
    0xec, 0x0, 0x0, 0x0, 0xd0, 0xff, 0x48, 0x2a,
    0xff, 0xf1, 0x0, 0x0, 0x1, 0xeb, 0xff, 0x48,
    0x10, 0xff, 0xff, 0x40, 0x1, 0x70, 0xff, 0xff,
    0x48, 0x0, 0xc3, 0xff, 0xff, 0xf5, 0xff, 0xf8,
    0xff, 0x48, 0x0, 0x20, 0xb8, 0xf2, 0xe7, 0x7c,
    0xb0, 0xff, 0x48,

    /* U+00FB "û" */
    0x0, 0x0, 0x8, 0xc0, 0xff, 0xdb, 0x15, 0x0,
    0x0, 0x0, 0x4, 0xb5, 0xfe, 0x6c, 0xf2, 0xc9,
    0xa, 0x0, 0x0, 0x2, 0x10, 0xe, 0x0, 0xb,
    0x10, 0x4, 0x0, 0x2c, 0xff, 0xec, 0x0, 0x0,
    0x0, 0xd0, 0xff, 0x48, 0x2c, 0xff, 0xec, 0x0,
    0x0, 0x0, 0xd0, 0xff, 0x48, 0x2c, 0xff, 0xec,
    0x0, 0x0, 0x0, 0xd0, 0xff, 0x48, 0x2c, 0xff,
    0xec, 0x0, 0x0, 0x0, 0xd0, 0xff, 0x48, 0x2a,
    0xff, 0xf1, 0x0, 0x0, 0x1, 0xeb, 0xff, 0x48,
    0x10, 0xff, 0xff, 0x40, 0x1, 0x70, 0xff, 0xff,
    0x48, 0x0, 0xc3, 0xff, 0xff, 0xf5, 0xff, 0xf8,
    0xff, 0x48, 0x0, 0x20, 0xb8, 0xf2, 0xe7, 0x7c,
    0xb0, 0xff, 0x48,

    /* U+00FC "ü" */
    0x0, 0x0, 0xbe, 0xdc, 0x11, 0xaf, 0xe3, 0x1a,
    0x0, 0x0, 0x2, 0xea, 0xfc, 0x21, 0xdd, 0xfe,
    0x2f, 0x0, 0x0, 0x0, 0x1b, 0x28, 0x0, 0x17,
    0x2c, 0x0, 0x0, 0x2c, 0xff, 0xec, 0x0, 0x0,
    0x0, 0xd0, 0xff, 0x48, 0x2c, 0xff, 0xec, 0x0,
    0x0, 0x0, 0xd0, 0xff, 0x48, 0x2c, 0xff, 0xec,
    0x0, 0x0, 0x0, 0xd0, 0xff, 0x48, 0x2c, 0xff,
    0xec, 0x0, 0x0, 0x0, 0xd0, 0xff, 0x48, 0x2a,
    0xff, 0xf1, 0x0, 0x0, 0x1, 0xeb, 0xff, 0x48,
    0x10, 0xff, 0xff, 0x40, 0x1, 0x70, 0xff, 0xff,
    0x48, 0x0, 0xc3, 0xff, 0xff, 0xf5, 0xff, 0xf8,
    0xff, 0x48, 0x0, 0x20, 0xb8, 0xf2, 0xe7, 0x7c,
    0xb0, 0xff, 0x48,

    /* U+00FD "ý" */
    0x0, 0x0, 0x0, 0x0, 0xdc, 0xff, 0x6a, 0x0,
    0x0, 0x0, 0x0, 0x0, 0x2c, 0xff, 0xbe, 0x1,
    0x0, 0x0, 0x0, 0x0, 0x0, 0xe, 0x28, 0xe,
    0x0, 0x0, 0x0, 0xb6, 0xff, 0xaa, 0x0, 0x0,
    0x0, 0xc1, 0xff, 0x8e, 0x42, 0xff, 0xfb, 0x1c,
    0x0, 0x2b, 0xff, 0xfc, 0x20, 0x0, 0xcd, 0xff,
    0x86, 0x0, 0x94, 0xff, 0xaa, 0x0, 0x0, 0x5a,
    0xff, 0xeb, 0x14, 0xf1, 0xff, 0x38, 0x0, 0x0,
    0x4, 0xe1, 0xff, 0xc4, 0xff, 0xc6, 0x0, 0x0,
    0x0, 0x0, 0x72, 0xff, 0xff, 0xff, 0x53, 0x0,
    0x0, 0x0, 0x0, 0xd, 0xf0, 0xff, 0xde, 0x3,
    0x0, 0x0, 0x0, 0x0, 0x0, 0xc8, 0xff, 0x6f,
    0x0, 0x0, 0x0, 0x0, 0x0, 0x38, 0xff, 0xf0,
    0xc, 0x0, 0x0, 0x0, 0x0, 0x0, 0xb1, 0xff,
    0x8b, 0x0, 0x0, 0x0, 0x0, 0x0, 0x29, 0xfe,
    0xfb, 0x1d, 0x0, 0x0, 0x0, 0x0,

    /* U+00FE "þ" */
    0x1c, 0xff, 0xfc, 0x0, 0x0, 0x0, 0x0, 0x0,
    0x0, 0x0, 0x1c, 0xff, 0xfc, 0x0, 0x0, 0x0,
    0x0, 0x0, 0x0, 0x0, 0x1c, 0xff, 0xfc, 0x0,
    0x0, 0x0, 0x0, 0x0, 0x0, 0x0, 0x1c, 0xff,
    0xef, 0x59, 0xdc, 0xf8, 0xcb, 0x3c, 0x0, 0x0,
    0x1c, 0xff, 0xf9, 0xfc, 0xf9, 0xfb, 0xff, 0xfd,
    0x43, 0x0, 0x1c, 0xff, 0xff, 0x8e, 0x7, 0xb,
    0xa4, 0xff, 0xd9, 0x0, 0x1c, 0xff, 0xf3, 0x3,
    0x0, 0x0, 0xf, 0xfd, 0xff, 0x1b, 0x1c, 0xff,
    0xf2, 0x3, 0x0, 0x0, 0xf, 0xfd, 0xff, 0x1a,
    0x1c, 0xff, 0xff, 0x8d, 0x5, 0xb, 0xa4, 0xff,
    0xd9, 0x0, 0x1c, 0xff, 0xf9, 0xfd, 0xf8, 0xfb,
    0xff, 0xfd, 0x43, 0x0, 0x1c, 0xff, 0xf0, 0x59,
    0xdc, 0xf9, 0xcb, 0x3d, 0x0, 0x0, 0x1c, 0xff,
    0xfc, 0x0, 0x0, 0x0, 0x0, 0x0, 0x0, 0x0,
    0x1c, 0xff, 0xfc, 0x0, 0x0, 0x0, 0x0, 0x0,
    0x0, 0x0, 0x1c, 0xff, 0xfc, 0x0, 0x0, 0x0,
    0x0, 0x0, 0x0, 0x0,

    /* U+00FF "ÿ" */
    0x0, 0xf, 0xda, 0xc2, 0xb, 0xd4, 0xcc, 0x5,
    0x0, 0x0, 0x1e, 0xfb, 0xed, 0x19, 0xf8, 0xf4,
    0xd, 0x0, 0x0, 0x0, 0x27, 0x1c, 0x0, 0x24,
    0x20, 0x0, 0x0, 0xb6, 0xff, 0xaa, 0x0, 0x0,
    0x0, 0xc1, 0xff, 0x8e, 0x42, 0xff, 0xfb, 0x1c,
    0x0, 0x2b, 0xff, 0xfc, 0x20, 0x0, 0xcd, 0xff,
    0x86, 0x0, 0x94, 0xff, 0xaa, 0x0, 0x0, 0x5a,
    0xff, 0xeb, 0x14, 0xf1, 0xff, 0x38, 0x0, 0x0,
    0x4, 0xe1, 0xff, 0xc4, 0xff, 0xc6, 0x0, 0x0,
    0x0, 0x0, 0x72, 0xff, 0xff, 0xff, 0x53, 0x0,
    0x0, 0x0, 0x0, 0xd, 0xf0, 0xff, 0xde, 0x3,
    0x0, 0x0, 0x0, 0x0, 0x0, 0xc8, 0xff, 0x6f,
    0x0, 0x0, 0x0, 0x0, 0x0, 0x38, 0xff, 0xf0,
    0xc, 0x0, 0x0, 0x0, 0x0, 0x0, 0xb1, 0xff,
    0x8b, 0x0, 0x0, 0x0, 0x0, 0x0, 0x29, 0xfe,
    0xfb, 0x1d, 0x0, 0x0, 0x0, 0x0,

    /* U+0100 "Ā" */
    0x0, 0x0, 0x0, 0xa4, 0xff, 0xff, 0xff, 0xff,
    0x18, 0x0, 0x0, 0x0, 0x0, 0x0, 0x0, 0x5e,
    0x94, 0x94, 0x94, 0x94, 0xd, 0x0, 0x0, 0x0,
    0x0, 0x0, 0x0, 0x0, 0x0, 0x0, 0x0, 0x0,
    0x0, 0x0, 0x0, 0x0, 0x0, 0x0, 0x0, 0x0,
    0xb3, 0xff, 0xff, 0x26, 0x0, 0x0, 0x0, 0x0,
    0x0, 0x0, 0x0, 0x1a, 0xfc, 0xff, 0xff, 0x8a,
    0x0, 0x0, 0x0, 0x0, 0x0, 0x0, 0x0, 0x7b,
    0xff, 0xb1, 0xff, 0xe9, 0x5, 0x0, 0x0, 0x0,
    0x0, 0x0, 0x1, 0xde, 0xff, 0x3a, 0xc7, 0xff,
    0x53, 0x0, 0x0, 0x0, 0x0, 0x0, 0x44, 0xff,
    0xd5, 0x0, 0x62, 0xff, 0xb7, 0x0, 0x0, 0x0,
    0x0, 0x0, 0xa8, 0xff, 0x6e, 0x0, 0xa, 0xf0,
    0xfd, 0x1e, 0x0, 0x0, 0x0, 0x13, 0xf8, 0xff,
    0xf9, 0xf8, 0xf8, 0xfe, 0xff, 0x80, 0x0, 0x0,
    0x0, 0x71, 0xff, 0xff, 0xff, 0xff, 0xff, 0xff,
    0xff, 0xe1, 0x2, 0x0, 0x0, 0xd4, 0xff, 0x5b,
    0x0, 0x0, 0x0, 0x1, 0xe6, 0xff, 0x48, 0x0,
    0x3a, 0xff, 0xfa, 0x10, 0x0, 0x0, 0x0, 0x0,
    0x99, 0xff, 0xad, 0x0, 0x9e, 0xff, 0xbb, 0x0,
    0x0, 0x0, 0x0, 0x0, 0x48, 0xff, 0xfa, 0x16,

    /* U+0101 "ā" */
    0x0, 0x0, 0xfc, 0xff, 0xff, 0xff, 0xc0, 0x0,
    0x0, 0x0, 0x95, 0x98, 0x98, 0x98, 0x72, 0x0,
    0x0, 0x0, 0x0, 0x0, 0x0, 0x0, 0x0, 0x0,
    0x0, 0x3c, 0xbb, 0xf2, 0xf0, 0xc8, 0x52, 0x0,
    0x18, 0xe4, 0xf7, 0xbf, 0xbe, 0xfb, 0xff, 0x48,
    0x0, 0xb, 0x65, 0x77, 0x6f, 0x8e, 0xff, 0xa7,
    0x8, 0xc5, 0xff, 0xff, 0xff, 0xff, 0xff, 0xc9,
    0x64, 0xff, 0xd4, 0x1f, 0xd, 0x7f, 0xff, 0xcc,
    0x7c, 0xff, 0xa3, 0x0, 0x0, 0xa2, 0xff, 0xcc,
    0x34, 0xfd, 0xfd, 0xb1, 0xc9, 0xff, 0xff, 0xcc,
    0x0, 0x55, 0xd5, 0xf8, 0xc5, 0x6c, 0xff, 0xcc,

    /* U+0102 "Ă" */
    0x0, 0x0, 0x0, 0x5a, 0xff, 0x4d, 0xc2, 0xcd,
    0x0, 0x0, 0x0, 0x0, 0x0, 0x0, 0x0, 0x9,
    0xcd, 0xff, 0xfa, 0x52, 0x0, 0x0, 0x0, 0x0,
    0x0, 0x0, 0x0, 0x0, 0x6, 0x3b, 0x1d, 0x0,
    0x0, 0x0, 0x0, 0x0, 0x0, 0x0, 0x0, 0x0,
    0xb3, 0xff, 0xff, 0x26, 0x0, 0x0, 0x0, 0x0,
    0x0, 0x0, 0x0, 0x1a, 0xfc, 0xff, 0xff, 0x8a,
    0x0, 0x0, 0x0, 0x0, 0x0, 0x0, 0x0, 0x7b,
    0xff, 0xb1, 0xff, 0xe9, 0x5, 0x0, 0x0, 0x0,
    0x0, 0x0, 0x1, 0xde, 0xff, 0x3a, 0xc7, 0xff,
    0x53, 0x0, 0x0, 0x0, 0x0, 0x0, 0x44, 0xff,
    0xd5, 0x0, 0x62, 0xff, 0xb7, 0x0, 0x0, 0x0,
    0x0, 0x0, 0xa8, 0xff, 0x6e, 0x0, 0xa, 0xf0,
    0xfd, 0x1e, 0x0, 0x0, 0x0, 0x13, 0xf8, 0xff,
    0xf9, 0xf8, 0xf8, 0xfe, 0xff, 0x80, 0x0, 0x0,
    0x0, 0x71, 0xff, 0xff, 0xff, 0xff, 0xff, 0xff,
    0xff, 0xe1, 0x2, 0x0, 0x0, 0xd4, 0xff, 0x5b,
    0x0, 0x0, 0x0, 0x1, 0xe6, 0xff, 0x48, 0x0,
    0x3a, 0xff, 0xfa, 0x10, 0x0, 0x0, 0x0, 0x0,
    0x99, 0xff, 0xad, 0x0, 0x9e, 0xff, 0xbb, 0x0,
    0x0, 0x0, 0x0, 0x0, 0x48, 0xff, 0xfa, 0x16,

    /* U+0103 "ă" */
    0x0, 0x0, 0x0, 0x6, 0x16, 0x0, 0x0, 0x0,
    0x0, 0x0, 0x9a, 0xff, 0xff, 0xf8, 0x3e, 0x0,
    0x0, 0x0, 0x0, 0x2c, 0x44, 0x15, 0x0, 0x0,
    0x0, 0x0, 0x0, 0x0, 0x0, 0x0, 0x0, 0x0,
    0x0, 0x3c, 0xbb, 0xf2, 0xf0, 0xc8, 0x52, 0x0,
    0x18, 0xe4, 0xf7, 0xbf, 0xbe, 0xfb, 0xff, 0x48,
    0x0, 0xb, 0x65, 0x77, 0x6f, 0x8e, 0xff, 0xa7,
    0x8, 0xc5, 0xff, 0xff, 0xff, 0xff, 0xff, 0xc9,
    0x64, 0xff, 0xd4, 0x1f, 0xd, 0x7f, 0xff, 0xcc,
    0x7c, 0xff, 0xa3, 0x0, 0x0, 0xa2, 0xff, 0xcc,
    0x34, 0xfd, 0xfd, 0xb1, 0xc9, 0xff, 0xff, 0xcc,
    0x0, 0x55, 0xd5, 0xf8, 0xc5, 0x6c, 0xff, 0xcc,

    /* U+0104 "Ą" */
    0x0, 0x0, 0x0, 0x0, 0xb3, 0xff, 0xff, 0x26,
    0x0, 0x0, 0x0, 0x0, 0x0, 0x0, 0x0, 0x1a,
    0xfc, 0xff, 0xff, 0x8a, 0x0, 0x0, 0x0, 0x0,
    0x0, 0x0, 0x0, 0x7b, 0xff, 0xae, 0xfe, 0xe9,
    0x5, 0x0, 0x0, 0x0, 0x0, 0x0, 0x1, 0xde,
    0xff, 0x37, 0xc4, 0xff, 0x53, 0x0, 0x0, 0x0,
    0x0, 0x0, 0x44, 0xff, 0xd2, 0x0, 0x5f, 0xff,
    0xb7, 0x0, 0x0, 0x0, 0x0, 0x0, 0xa8, 0xff,
    0x6b, 0x0, 0x9, 0xee, 0xfd, 0x1e, 0x0, 0x0,
    0x0, 0x13, 0xf8, 0xff, 0xff, 0xff, 0xff, 0xff,
    0xff, 0x80, 0x0, 0x0, 0x0, 0x71, 0xff, 0xfc,
    0xf8, 0xf8, 0xf8, 0xf8, 0xff, 0xe1, 0x2, 0x0,
    0x0, 0xd4, 0xff, 0x59, 0x0, 0x0, 0x0, 0x1,
    0xe4, 0xff, 0x48, 0x0, 0x3a, 0xff, 0xfa, 0xf,
    0x0, 0x0, 0x0, 0x0, 0x96, 0xff, 0xad, 0x0,
    0x9e, 0xff, 0xbb, 0x0, 0x0, 0x0, 0x0, 0x0,
    0x44, 0xfe, 0xfa, 0x16, 0x0, 0x0, 0x0, 0x0,
    0x0, 0x0, 0x0, 0x0, 0x38, 0xf5, 0x8a, 0x5,
    0x0, 0x0, 0x0, 0x0, 0x0, 0x0, 0x0, 0x0,
    0x8f, 0xff, 0xab, 0x2a, 0x0, 0x0, 0x0, 0x0,
    0x0, 0x0, 0x0, 0x0, 0x2a, 0xd0, 0xf9, 0x80,

    /* U+0105 "ą" */
    0x0, 0x3c, 0xbb, 0xf2, 0xf0, 0xc9, 0x55, 0x0,
    0x0, 0x18, 0xe4, 0xf7, 0xbf, 0xbe, 0xfb, 0xff,
    0x4e, 0x0, 0x0, 0xb, 0x65, 0x77, 0x6f, 0x8e,
    0xff, 0xab, 0x0, 0x8, 0xc5, 0xff, 0xff, 0xff,
    0xff, 0xff, 0xca, 0x0, 0x64, 0xff, 0xd4, 0x1f,
    0xd, 0x7f, 0xff, 0xcc, 0x0, 0x7c, 0xff, 0xa3,
    0x0, 0x0, 0xa2, 0xff, 0xcc, 0x0, 0x34, 0xfd,
    0xfd, 0xb1, 0xc9, 0xfc, 0xff, 0xcc, 0x0, 0x0,
    0x55, 0xd5, 0xf7, 0xbf, 0x5f, 0xff, 0xc0, 0x0,
    0x0, 0x0, 0x0, 0x0, 0x1, 0xc7, 0xde, 0x12,
    0x0, 0x0, 0x0, 0x0, 0x0, 0xb, 0xfe, 0xed,
    0x73, 0x0, 0x0, 0x0, 0x0, 0x0, 0x0, 0x7a,
    0xee, 0xee, 0x14,

    /* U+0106 "Ć" */
    0x0, 0x0, 0x0, 0x0, 0x0, 0x0, 0xdc, 0xff,
    0x6a, 0x0, 0x0, 0x0, 0x0, 0x0, 0x0, 0x0,
    0x0, 0x2c, 0xff, 0xbe, 0x1, 0x0, 0x0, 0x0,
    0x0, 0x0, 0x0, 0x0, 0x0, 0xe, 0x28, 0xe,
    0x0, 0x0, 0x0, 0x0, 0x0, 0x0, 0x0, 0x0,
    0x0, 0x0, 0x0, 0x0, 0x0, 0x0, 0x0, 0x0,
    0x0, 0x0, 0x0, 0x35, 0xa3, 0xe3, 0xf9, 0xe9,
    0xae, 0x3c, 0x0, 0x0, 0x0, 0x0, 0x86, 0xfe,
    0xff, 0xff, 0xff, 0xff, 0xff, 0xff, 0x76, 0x0,
    0x0, 0x70, 0xff, 0xfd, 0x9f, 0x38, 0x12, 0x26,
    0x94, 0xe9, 0x38, 0x0, 0xb, 0xf2, 0xff, 0x7a,
    0x0, 0x0, 0x0, 0x0, 0x0, 0x9, 0x0, 0x0,
    0x4a, 0xff, 0xe8, 0x2, 0x0, 0x0, 0x0, 0x0,
    0x0, 0x0, 0x0, 0x0, 0x62, 0xff, 0xc6, 0x0,
    0x0, 0x0, 0x0, 0x0, 0x0, 0x0, 0x0, 0x0,
    0x4a, 0xff, 0xe7, 0x1, 0x0, 0x0, 0x0, 0x0,
    0x0, 0x0, 0x0, 0x0, 0xb, 0xf3, 0xff, 0x78,
    0x0, 0x0, 0x0, 0x0, 0x0, 0x21, 0x0, 0x0,
    0x0, 0x71, 0xff, 0xfd, 0x9c, 0x33, 0xd, 0x20,
    0x7b, 0xf8, 0x90, 0x2, 0x0, 0x0, 0x87, 0xfe,
    0xff, 0xff, 0xff, 0xff, 0xff, 0xff, 0xa1, 0x4,
    0x0, 0x0, 0x0, 0x38, 0xa6, 0xe5, 0xfa, 0xea,
    0xb4, 0x4c, 0x0, 0x0,

    /* U+0107 "ć" */
    0x0, 0x0, 0x0, 0x8, 0xf4, 0xff, 0x4a, 0x0,
    0x0, 0x0, 0x0, 0x0, 0x4c, 0xff, 0x9f, 0x0,
    0x0, 0x0, 0x0, 0x0, 0x0, 0x13, 0x28, 0x9,
    0x0, 0x0, 0x0, 0x0, 0x2, 0x6c, 0xda, 0xf9,
    0xe3, 0x8f, 0xc, 0x0, 0x0, 0x9f, 0xff, 0xff,
    0xf2, 0xfe, 0xff, 0xc7, 0x3, 0x3d, 0xff, 0xf8,
    0x44, 0x0, 0x2b, 0xca, 0x7c, 0xc, 0x7f, 0xff,
    0xa4, 0x0, 0x0, 0x0, 0x0, 0x0, 0x0, 0x7f,
    0xff, 0xa4, 0x0, 0x0, 0x0, 0x0, 0x0, 0x0,
    0x3d, 0xff, 0xf7, 0x44, 0x0, 0x27, 0xd1, 0x89,
    0x13, 0x0, 0x9f, 0xff, 0xff, 0xf2, 0xfe, 0xff,
    0xce, 0x8, 0x0, 0x2, 0x6d, 0xda, 0xf9, 0xe3,
    0x91, 0xe, 0x0,

    /* U+0108 "Ĉ" */
    0x0, 0x0, 0x0, 0x0, 0xa, 0xc5, 0xff, 0xd9,
    0x13, 0x0, 0x0, 0x0, 0x0, 0x0, 0x0, 0x5,
    0xb8, 0xfd, 0x6c, 0xf3, 0xc6, 0x9, 0x0, 0x0,
    0x0, 0x0, 0x0, 0x2, 0x10, 0xd, 0x0, 0xb,
    0x10, 0x4, 0x0, 0x0, 0x0, 0x0, 0x0, 0x0,
    0x0, 0x0, 0x0, 0x0, 0x0, 0x0, 0x0, 0x0,
    0x0, 0x0, 0x0, 0x35, 0xa3, 0xe3, 0xf9, 0xe9,
    0xae, 0x3c, 0x0, 0x0, 0x0, 0x0, 0x86, 0xfe,
    0xff, 0xff, 0xff, 0xff, 0xff, 0xff, 0x76, 0x0,
    0x0, 0x70, 0xff, 0xfd, 0x9f, 0x38, 0x12, 0x26,
    0x94, 0xe9, 0x38, 0x0, 0xb, 0xf2, 0xff, 0x7a,
    0x0, 0x0, 0x0, 0x0, 0x0, 0x9, 0x0, 0x0,
    0x4a, 0xff, 0xe8, 0x2, 0x0, 0x0, 0x0, 0x0,
    0x0, 0x0, 0x0, 0x0, 0x62, 0xff, 0xc6, 0x0,
    0x0, 0x0, 0x0, 0x0, 0x0, 0x0, 0x0, 0x0,
    0x4a, 0xff, 0xe7, 0x1, 0x0, 0x0, 0x0, 0x0,
    0x0, 0x0, 0x0, 0x0, 0xb, 0xf3, 0xff, 0x78,
    0x0, 0x0, 0x0, 0x0, 0x0, 0x21, 0x0, 0x0,
    0x0, 0x71, 0xff, 0xfd, 0x9c, 0x33, 0xd, 0x20,
    0x7b, 0xf8, 0x90, 0x2, 0x0, 0x0, 0x87, 0xfe,
    0xff, 0xff, 0xff, 0xff, 0xff, 0xff, 0xa1, 0x4,
    0x0, 0x0, 0x0, 0x38, 0xa6, 0xe5, 0xfa, 0xea,
    0xb4, 0x4c, 0x0, 0x0,

    /* U+0109 "ĉ" */
    0x0, 0x0, 0xd, 0xca, 0xff, 0xd4, 0x10, 0x0,
    0x0, 0x0, 0x7, 0xbf, 0xfc, 0x6a, 0xf6, 0xc0,
    0x7, 0x0, 0x0, 0x3, 0x10, 0xd, 0x0, 0xb,
    0x10, 0x4, 0x0, 0x0, 0x2, 0x6c, 0xda, 0xf9,
    0xe3, 0x8f, 0xc, 0x0, 0x0, 0x9f, 0xff, 0xff,
    0xf2, 0xfe, 0xff, 0xc7, 0x3, 0x3d, 0xff, 0xf8,
    0x44, 0x0, 0x2b, 0xca, 0x7c, 0xc, 0x7f, 0xff,
    0xa4, 0x0, 0x0, 0x0, 0x0, 0x0, 0x0, 0x7f,
    0xff, 0xa4, 0x0, 0x0, 0x0, 0x0, 0x0, 0x0,
    0x3d, 0xff, 0xf7, 0x44, 0x0, 0x27, 0xd1, 0x89,
    0x13, 0x0, 0x9f, 0xff, 0xff, 0xf2, 0xfe, 0xff,
    0xce, 0x8, 0x0, 0x2, 0x6d, 0xda, 0xf9, 0xe3,
    0x91, 0xe, 0x0,

    /* U+010A "Ċ" */
    0x0, 0x0, 0x0, 0x0, 0x0, 0x7f, 0xef, 0x3a,
    0x0, 0x0, 0x0, 0x0, 0x0, 0x0, 0x0, 0x0,
    0x0, 0xa6, 0xff, 0x56, 0x0, 0x0, 0x0, 0x0,
    0x0, 0x0, 0x0, 0x0, 0x0, 0x7, 0x2b, 0x0,
    0x0, 0x0, 0x0, 0x0, 0x0, 0x0, 0x0, 0x0,
    0x0, 0x0, 0x0, 0x0, 0x0, 0x0, 0x0, 0x0,
    0x0, 0x0, 0x0, 0x35, 0xa3, 0xe3, 0xf9, 0xe9,
    0xae, 0x3c, 0x0, 0x0, 0x0, 0x0, 0x86, 0xfe,
    0xff, 0xff, 0xff, 0xff, 0xff, 0xff, 0x76, 0x0,
    0x0, 0x70, 0xff, 0xfd, 0x9f, 0x38, 0x12, 0x26,
    0x94, 0xe9, 0x38, 0x0, 0xb, 0xf2, 0xff, 0x7a,
    0x0, 0x0, 0x0, 0x0, 0x0, 0x9, 0x0, 0x0,
    0x4a, 0xff, 0xe8, 0x2, 0x0, 0x0, 0x0, 0x0,
    0x0, 0x0, 0x0, 0x0, 0x62, 0xff, 0xc6, 0x0,
    0x0, 0x0, 0x0, 0x0, 0x0, 0x0, 0x0, 0x0,
    0x4a, 0xff, 0xe7, 0x1, 0x0, 0x0, 0x0, 0x0,
    0x0, 0x0, 0x0, 0x0, 0xb, 0xf3, 0xff, 0x78,
    0x0, 0x0, 0x0, 0x0, 0x0, 0x21, 0x0, 0x0,
    0x0, 0x71, 0xff, 0xfd, 0x9c, 0x33, 0xd, 0x20,
    0x7b, 0xf8, 0x90, 0x2, 0x0, 0x0, 0x87, 0xfe,
    0xff, 0xff, 0xff, 0xff, 0xff, 0xff, 0xa1, 0x4,
    0x0, 0x0, 0x0, 0x38, 0xa6, 0xe5, 0xfa, 0xea,
    0xb4, 0x4c, 0x0, 0x0,

    /* U+010B "ċ" */
    0x0, 0x0, 0x0, 0x5b, 0xf3, 0x74, 0x0, 0x0,
    0x0, 0x0, 0x0, 0x0, 0x90, 0xff, 0xac, 0x0,
    0x0, 0x0, 0x0, 0x0, 0x0, 0xc, 0x5b, 0x15,
    0x0, 0x0, 0x0, 0x0, 0x2, 0x6c, 0xda, 0xf9,
    0xe3, 0x8f, 0xc, 0x0, 0x0, 0x9f, 0xff, 0xff,
    0xf2, 0xfe, 0xff, 0xc7, 0x3, 0x3d, 0xff, 0xf8,
    0x44, 0x0, 0x2b, 0xca, 0x7c, 0xc, 0x7f, 0xff,
    0xa4, 0x0, 0x0, 0x0, 0x0, 0x0, 0x0, 0x7f,
    0xff, 0xa4, 0x0, 0x0, 0x0, 0x0, 0x0, 0x0,
    0x3d, 0xff, 0xf7, 0x44, 0x0, 0x27, 0xd1, 0x89,
    0x13, 0x0, 0x9f, 0xff, 0xff, 0xf2, 0xfe, 0xff,
    0xce, 0x8, 0x0, 0x2, 0x6d, 0xda, 0xf9, 0xe3,
    0x91, 0xe, 0x0,

    /* U+010C "Č" */
    0x0, 0x0, 0x0, 0x12, 0xc7, 0xc9, 0x3c, 0xdd,
    0xb1, 0x6, 0x0, 0x0, 0x0, 0x0, 0x0, 0x0,
    0x31, 0xf2, 0xff, 0xda, 0x17, 0x0, 0x0, 0x0,
    0x0, 0x0, 0x0, 0x0, 0x0, 0x1d, 0x30, 0x12,
    0x0, 0x0, 0x0, 0x0, 0x0, 0x0, 0x0, 0x0,
    0x0, 0x0, 0x0, 0x0, 0x0, 0x0, 0x0, 0x0,
    0x0, 0x0, 0x0, 0x35, 0xa3, 0xe3, 0xf9, 0xe9,
    0xae, 0x3c, 0x0, 0x0, 0x0, 0x0, 0x86, 0xfe,
    0xff, 0xff, 0xff, 0xff, 0xff, 0xff, 0x76, 0x0,
    0x0, 0x70, 0xff, 0xfd, 0x9f, 0x38, 0x12, 0x26,
    0x94, 0xe9, 0x38, 0x0, 0xb, 0xf2, 0xff, 0x7a,
    0x0, 0x0, 0x0, 0x0, 0x0, 0x9, 0x0, 0x0,
    0x4a, 0xff, 0xe8, 0x2, 0x0, 0x0, 0x0, 0x0,
    0x0, 0x0, 0x0, 0x0, 0x62, 0xff, 0xc6, 0x0,
    0x0, 0x0, 0x0, 0x0, 0x0, 0x0, 0x0, 0x0,
    0x4a, 0xff, 0xe7, 0x1, 0x0, 0x0, 0x0, 0x0,
    0x0, 0x0, 0x0, 0x0, 0xb, 0xf3, 0xff, 0x78,
    0x0, 0x0, 0x0, 0x0, 0x0, 0x21, 0x0, 0x0,
    0x0, 0x71, 0xff, 0xfd, 0x9c, 0x33, 0xd, 0x20,
    0x7b, 0xf8, 0x90, 0x2, 0x0, 0x0, 0x87, 0xfe,
    0xff, 0xff, 0xff, 0xff, 0xff, 0xff, 0xa1, 0x4,
    0x0, 0x0, 0x0, 0x38, 0xa6, 0xe5, 0xfa, 0xea,
    0xb4, 0x4c, 0x0, 0x0,

    /* U+010D "č" */
    0x0, 0x1, 0x66, 0xf0, 0xff, 0xfd, 0x98, 0xf,
    0x0, 0x0, 0x0, 0x0, 0x14, 0x30, 0x20, 0x0,
    0x0, 0x0, 0x0, 0x0, 0x0, 0x0, 0x0, 0x0,
    0x0, 0x0, 0x0, 0x0, 0x2, 0x6c, 0xda, 0xf9,
    0xe3, 0x8f, 0xc, 0x0, 0x0, 0x9f, 0xff, 0xff,
    0xf2, 0xfe, 0xff, 0xc7, 0x3, 0x3d, 0xff, 0xf8,
    0x44, 0x0, 0x2b, 0xca, 0x7c, 0xc, 0x7f, 0xff,
    0xa4, 0x0, 0x0, 0x0, 0x0, 0x0, 0x0, 0x7f,
    0xff, 0xa4, 0x0, 0x0, 0x0, 0x0, 0x0, 0x0,
    0x3d, 0xff, 0xf7, 0x44, 0x0, 0x27, 0xd1, 0x89,
    0x13, 0x0, 0x9f, 0xff, 0xff, 0xf2, 0xfe, 0xff,
    0xce, 0x8, 0x0, 0x2, 0x6d, 0xda, 0xf9, 0xe3,
    0x91, 0xe, 0x0,

    /* U+010E "Ď" */
    0x0, 0x24, 0xd5, 0xb4, 0x52, 0xe0, 0x94, 0x0,
    0x0, 0x0, 0x0, 0x0, 0x4e, 0xfc, 0xff, 0xc0,
    0x9, 0x0, 0x0, 0x0, 0x0, 0x0, 0x0, 0x25,
    0x30, 0xa, 0x0, 0x0, 0x0, 0x0, 0xd8, 0xff,
    0xff, 0xff, 0xf6, 0xd6, 0x8e, 0x1e, 0x0, 0x0,
    0xd8, 0xff, 0xff, 0xff, 0xff, 0xff, 0xff, 0xf2,
    0x49, 0x0, 0xd8, 0xff, 0x55, 0x8, 0x1e, 0x4e,
    0xce, 0xff, 0xf4, 0x1e, 0xd8, 0xff, 0x50, 0x0,
    0x0, 0x0, 0x8, 0xd9, 0xff, 0x8d, 0xd8, 0xff,
    0x50, 0x0, 0x0, 0x0, 0x0, 0x6d, 0xff, 0xce,
    0xd8, 0xff, 0x50, 0x0, 0x0, 0x0, 0x0, 0x4b,
    0xff, 0xe2, 0xd8, 0xff, 0x50, 0x0, 0x0, 0x0,
    0x0, 0x6d, 0xff, 0xce, 0xd8, 0xff, 0x50, 0x0,
    0x0, 0x0, 0x8, 0xd9, 0xff, 0x8f, 0xd8, 0xff,
    0x55, 0x8, 0x1d, 0x4d, 0xce, 0xff, 0xf5, 0x20,
    0xd8, 0xff, 0xff, 0xff, 0xff, 0xff, 0xff, 0xf3,
    0x4c, 0x0, 0xd8, 0xff, 0xff, 0xff, 0xf7, 0xd9,
    0x92, 0x20, 0x0, 0x0,

    /* U+010F "ď" */
    0x0, 0x0, 0x0, 0x0, 0x0, 0x0, 0x64, 0xff,
    0xb4, 0x6c, 0xff, 0xb1, 0x0, 0x0, 0x0, 0x0,
    0x0, 0x0, 0x64, 0xff, 0xb4, 0x6c, 0xff, 0x7c,
    0x0, 0x0, 0x0, 0x0, 0x0, 0x0, 0x64, 0xff,
    0xb4, 0x6c, 0xff, 0x48, 0x0, 0x5, 0x81, 0xe7,
    0xf5, 0xae, 0x70, 0xff, 0xb4, 0x36, 0x80, 0x10,
    0x0, 0xa9, 0xff, 0xff, 0xf5, 0xff, 0xee, 0xff,
    0xb4, 0x0, 0x0, 0x0, 0x41, 0xff, 0xf9, 0x4b,
    0x0, 0x24, 0xd8, 0xff, 0xb4, 0x0, 0x0, 0x0,
    0x80, 0xff, 0xa6, 0x0, 0x0, 0x0, 0x5e, 0xff,
    0xb4, 0x0, 0x0, 0x0, 0x80, 0xff, 0xa6, 0x0,
    0x0, 0x0, 0x5e, 0xff, 0xb4, 0x0, 0x0, 0x0,
    0x41, 0xff, 0xf9, 0x4b, 0x0, 0x22, 0xd8, 0xff,
    0xb4, 0x0, 0x0, 0x0, 0x0, 0xa9, 0xff, 0xff,
    0xf4, 0xff, 0xfc, 0xff, 0xb4, 0x0, 0x0, 0x0,
    0x0, 0x5, 0x82, 0xe8, 0xf7, 0xbe, 0x6a, 0xff,
    0xb4, 0x0, 0x0, 0x0,

    /* U+0110 "Đ" */
    0x0, 0x0, 0xf4, 0xff, 0xff, 0xff, 0xf4, 0xd0,
    0x83, 0x16, 0x0, 0x0, 0x0, 0x0, 0xf4, 0xff,
    0xff, 0xff, 0xff, 0xff, 0xff, 0xea, 0x36, 0x0,
    0x0, 0x0, 0xf4, 0xff, 0x3a, 0x8, 0x22, 0x58,
    0xdb, 0xff, 0xe7, 0xe, 0x0, 0x0, 0xf4, 0xff,
    0x34, 0x0, 0x0, 0x0, 0x13, 0xe9, 0xff, 0x71,
    0x17, 0xbc, 0xfc, 0xff, 0xc9, 0xbc, 0xbc, 0x1a,
    0x0, 0x89, 0xff, 0xb2, 0x20, 0xff, 0xff, 0xff,
    0xff, 0xff, 0xff, 0x24, 0x0, 0x67, 0xff, 0xc6,
    0x0, 0x0, 0xf4, 0xff, 0x34, 0x0, 0x0, 0x0,
    0x0, 0x89, 0xff, 0xb2, 0x0, 0x0, 0xf4, 0xff,
    0x34, 0x0, 0x0, 0x0, 0x13, 0xe9, 0xff, 0x73,
    0x0, 0x0, 0xf4, 0xff, 0x3a, 0x8, 0x21, 0x57,
    0xdb, 0xff, 0xe9, 0xf, 0x0, 0x0, 0xf4, 0xff,
    0xff, 0xff, 0xff, 0xff, 0xff, 0xeb, 0x39, 0x0,
    0x0, 0x0, 0xf4, 0xff, 0xff, 0xff, 0xf5, 0xd2,
    0x87, 0x17, 0x0, 0x0,

    /* U+0111 "đ" */
    0x0, 0x0, 0x0, 0x0, 0xe, 0x1c, 0x75, 0xff,
    0xbc, 0x11, 0x0, 0x0, 0x0, 0x0, 0x84, 0xff,
    0xff, 0xff, 0xff, 0xa4, 0x0, 0x0, 0x0, 0x0,
    0x27, 0x4c, 0x92, 0xff, 0xca, 0x30, 0x0, 0x5,
    0x81, 0xe7, 0xf6, 0xb8, 0x76, 0xff, 0xb4, 0x0,
    0x0, 0xa9, 0xff, 0xff, 0xf5, 0xff, 0xf6, 0xff,
    0xb4, 0x0, 0x41, 0xff, 0xf9, 0x4b, 0x0, 0x24,
    0xd8, 0xff, 0xb4, 0x0, 0x80, 0xff, 0xa6, 0x0,
    0x0, 0x0, 0x5e, 0xff, 0xb4, 0x0, 0x80, 0xff,
    0xa6, 0x0, 0x0, 0x0, 0x5e, 0xff, 0xb4, 0x0,
    0x41, 0xff, 0xf9, 0x4b, 0x0, 0x22, 0xd8, 0xff,
    0xb4, 0x0, 0x0, 0xa9, 0xff, 0xff, 0xf4, 0xff,
    0xfc, 0xff, 0xb4, 0x0, 0x0, 0x5, 0x82, 0xe8,
    0xf7, 0xbe, 0x6a, 0xff, 0xb4, 0x0,

    /* U+0112 "Ē" */
    0x0, 0xb0, 0xff, 0xff, 0xff, 0xff, 0x10, 0x0,
    0x0, 0x65, 0x94, 0x94, 0x94, 0x94, 0x9, 0x0,
    0x0, 0x0, 0x0, 0x0, 0x0, 0x0, 0x0, 0x0,
    0xd8, 0xff, 0xff, 0xff, 0xff, 0xff, 0xff, 0x6c,
    0xd8, 0xff, 0xff, 0xff, 0xff, 0xff, 0xff, 0x6c,
    0xd8, 0xff, 0x55, 0x8, 0x8, 0x8, 0x8, 0x3,
    0xd8, 0xff, 0x50, 0x0, 0x0, 0x0, 0x0, 0x0,
    0xd8, 0xff, 0xff, 0xff, 0xff, 0xff, 0xe8, 0x0,
    0xd8, 0xff, 0xff, 0xff, 0xff, 0xff, 0xe8, 0x0,
    0xd8, 0xff, 0x52, 0x4, 0x4, 0x4, 0x3, 0x0,
    0xd8, 0xff, 0x50, 0x0, 0x0, 0x0, 0x0, 0x0,
    0xd8, 0xff, 0x55, 0x8, 0x8, 0x8, 0x8, 0x3,
    0xd8, 0xff, 0xff, 0xff, 0xff, 0xff, 0xff, 0x6c,
    0xd8, 0xff, 0xff, 0xff, 0xff, 0xff, 0xff, 0x6c,

    /* U+0113 "ē" */
    0x0, 0x0, 0xdc, 0xff, 0xff, 0xff, 0xe0, 0x0,
    0x0, 0x0, 0x0, 0x82, 0x98, 0x98, 0x98, 0x85,
    0x0, 0x0, 0x0, 0x0, 0x0, 0x0, 0x0, 0x0,
    0x0, 0x0, 0x0, 0x0, 0x1, 0x6a, 0xda, 0xf9,
    0xe2, 0x80, 0x6, 0x0, 0x0, 0x99, 0xff, 0xe9,
    0xb8, 0xe3, 0xff, 0xaf, 0x0, 0x39, 0xff, 0xe1,
    0x30, 0x24, 0x29, 0xd3, 0xff, 0x3a, 0x7e, 0xff,
    0xff, 0xff, 0xff, 0xff, 0xff, 0xff, 0x6c, 0x7f,
    0xff, 0xbd, 0x54, 0x54, 0x54, 0x54, 0x54, 0x24,
    0x3d, 0xff, 0xed, 0x2d, 0x0, 0x11, 0xc1, 0x86,
    0xe, 0x0, 0x9f, 0xff, 0xfc, 0xdc, 0xf5, 0xff,
    0xce, 0x8, 0x0, 0x2, 0x6b, 0xd9, 0xf9, 0xe4,
    0x92, 0xe, 0x0,

    /* U+0114 "Ĕ" */
    0x0, 0x48, 0xff, 0x5d, 0xb4, 0xdf, 0x0, 0x0,
    0x0, 0x4, 0xc1, 0xff, 0xfd, 0x63, 0x0, 0x0,
    0x0, 0x0, 0x3, 0x39, 0x22, 0x0, 0x0, 0x0,
    0xd8, 0xff, 0xff, 0xff, 0xff, 0xff, 0xff, 0x6c,
    0xd8, 0xff, 0xff, 0xff, 0xff, 0xff, 0xff, 0x6c,
    0xd8, 0xff, 0x55, 0x8, 0x8, 0x8, 0x8, 0x3,
    0xd8, 0xff, 0x50, 0x0, 0x0, 0x0, 0x0, 0x0,
    0xd8, 0xff, 0xff, 0xff, 0xff, 0xff, 0xe8, 0x0,
    0xd8, 0xff, 0xff, 0xff, 0xff, 0xff, 0xe8, 0x0,
    0xd8, 0xff, 0x52, 0x4, 0x4, 0x4, 0x3, 0x0,
    0xd8, 0xff, 0x50, 0x0, 0x0, 0x0, 0x0, 0x0,
    0xd8, 0xff, 0x55, 0x8, 0x8, 0x8, 0x8, 0x3,
    0xd8, 0xff, 0xff, 0xff, 0xff, 0xff, 0xff, 0x6c,
    0xd8, 0xff, 0xff, 0xff, 0xff, 0xff, 0xff, 0x6c,

    /* U+0115 "ĕ" */
    0x0, 0x0, 0x0, 0x2, 0x18, 0x2, 0x0, 0x0,
    0x0, 0x0, 0x0, 0x6b, 0xfe, 0xff, 0xfe, 0x68,
    0x0, 0x0, 0x0, 0x0, 0x0, 0x20, 0x45, 0x20,
    0x0, 0x0, 0x0, 0x0, 0x0, 0x0, 0x0, 0x0,
    0x0, 0x0, 0x0, 0x0, 0x0, 0x1, 0x6a, 0xda,
    0xf9, 0xe2, 0x80, 0x6, 0x0, 0x0, 0x99, 0xff,
    0xe9, 0xb8, 0xe3, 0xff, 0xaf, 0x0, 0x39, 0xff,
    0xe1, 0x30, 0x24, 0x29, 0xd3, 0xff, 0x3a, 0x7e,
    0xff, 0xff, 0xff, 0xff, 0xff, 0xff, 0xff, 0x6c,
    0x7f, 0xff, 0xbd, 0x54, 0x54, 0x54, 0x54, 0x54,
    0x24, 0x3d, 0xff, 0xed, 0x2d, 0x0, 0x11, 0xc1,
    0x86, 0xe, 0x0, 0x9f, 0xff, 0xfc, 0xdc, 0xf5,
    0xff, 0xce, 0x8, 0x0, 0x2, 0x6b, 0xd9, 0xf9,
    0xe4, 0x92, 0xe, 0x0,

    /* U+0116 "Ė" */
    0x0, 0x0, 0x1e, 0xe5, 0xa6, 0x0, 0x0, 0x0,
    0x0, 0x0, 0x30, 0xfd, 0xce, 0x0, 0x0, 0x0,
    0x0, 0x0, 0x0, 0x23, 0xf, 0x0, 0x0, 0x0,
    0x0, 0x0, 0x0, 0x0, 0x0, 0x0, 0x0, 0x0,
    0xd8, 0xff, 0xff, 0xff, 0xff, 0xff, 0xff, 0x6c,
    0xd8, 0xff, 0xff, 0xff, 0xff, 0xff, 0xff, 0x6c,
    0xd8, 0xff, 0x55, 0x8, 0x8, 0x8, 0x8, 0x3,
    0xd8, 0xff, 0x50, 0x0, 0x0, 0x0, 0x0, 0x0,
    0xd8, 0xff, 0xff, 0xff, 0xff, 0xff, 0xe8, 0x0,
    0xd8, 0xff, 0xff, 0xff, 0xff, 0xff, 0xe8, 0x0,
    0xd8, 0xff, 0x52, 0x4, 0x4, 0x4, 0x3, 0x0,
    0xd8, 0xff, 0x50, 0x0, 0x0, 0x0, 0x0, 0x0,
    0xd8, 0xff, 0x55, 0x8, 0x8, 0x8, 0x8, 0x3,
    0xd8, 0xff, 0xff, 0xff, 0xff, 0xff, 0xff, 0x6c,
    0xd8, 0xff, 0xff, 0xff, 0xff, 0xff, 0xff, 0x6c,

    /* U+0117 "ė" */
    0x0, 0x0, 0x0, 0x65, 0xf3, 0x69, 0x0, 0x0,
    0x0, 0x0, 0x0, 0x0, 0x9c, 0xff, 0xa0, 0x0,
    0x0, 0x0, 0x0, 0x0, 0x0, 0xf, 0x5b, 0x11,
    0x0, 0x0, 0x0, 0x0, 0x1, 0x6a, 0xda, 0xf9,
    0xe2, 0x80, 0x6, 0x0, 0x0, 0x99, 0xff, 0xe9,
    0xb8, 0xe3, 0xff, 0xaf, 0x0, 0x39, 0xff, 0xe1,
    0x30, 0x24, 0x29, 0xd3, 0xff, 0x3a, 0x7e, 0xff,
    0xff, 0xff, 0xff, 0xff, 0xff, 0xff, 0x6c, 0x7f,
    0xff, 0xbd, 0x54, 0x54, 0x54, 0x54, 0x54, 0x24,
    0x3d, 0xff, 0xed, 0x2d, 0x0, 0x11, 0xc1, 0x86,
    0xe, 0x0, 0x9f, 0xff, 0xfc, 0xdc, 0xf5, 0xff,
    0xce, 0x8, 0x0, 0x2, 0x6b, 0xd9, 0xf9, 0xe4,
    0x92, 0xe, 0x0,

    /* U+0118 "Ę" */
    0xd8, 0xff, 0xff, 0xff, 0xff, 0xff, 0xff, 0x6c,
    0xd8, 0xff, 0xff, 0xff, 0xff, 0xff, 0xff, 0x6c,
    0xd8, 0xff, 0x55, 0x8, 0x8, 0x8, 0x8, 0x3,
    0xd8, 0xff, 0x52, 0x4, 0x4, 0x4, 0x3, 0x0,
    0xd8, 0xff, 0xff, 0xff, 0xff, 0xff, 0xe8, 0x0,
    0xd8, 0xff, 0xff, 0xff, 0xff, 0xff, 0xe8, 0x0,
    0xd8, 0xff, 0x50, 0x0, 0x0, 0x0, 0x0, 0x0,
    0xd8, 0xff, 0x50, 0x0, 0x0, 0x0, 0x0, 0x0,
    0xd8, 0xff, 0x55, 0x8, 0x8, 0x8, 0x8, 0x3,
    0xd8, 0xff, 0xff, 0xff, 0xff, 0xff, 0xff, 0x6c,
    0xd8, 0xff, 0xff, 0xff, 0xff, 0xff, 0xff, 0x6c,
    0x0, 0x0, 0x0, 0x0, 0x1d, 0xe3, 0xa9, 0xd,
    0x0, 0x0, 0x0, 0x0, 0x69, 0xff, 0xbd, 0x3f,
    0x0, 0x0, 0x0, 0x0, 0x18, 0xc4, 0xf8, 0xa4,

    /* U+0119 "ę" */
    0x0, 0x1, 0x6a, 0xda, 0xf9, 0xe2, 0x80, 0x6,
    0x0, 0x0, 0x99, 0xff, 0xe9, 0xb8, 0xe3, 0xff,
    0xaf, 0x0, 0x39, 0xff, 0xe1, 0x30, 0x24, 0x29,
    0xd3, 0xff, 0x3a, 0x7e, 0xff, 0xff, 0xff, 0xff,
    0xff, 0xff, 0xff, 0x6c, 0x80, 0xff, 0xbd, 0x54,
    0x54, 0x54, 0x54, 0x54, 0x24, 0x40, 0xff, 0xed,
    0x2d, 0x0, 0x11, 0xc1, 0x8d, 0x10, 0x0, 0xa4,
    0xff, 0xfc, 0xdc, 0xf5, 0xff, 0xba, 0x5, 0x0,
    0x3, 0x72, 0xdd, 0xfc, 0xff, 0x95, 0x6, 0x0,
    0x0, 0x0, 0x0, 0x12, 0xd9, 0xa4, 0x0, 0x0,
    0x0, 0x0, 0x0, 0x0, 0x4f, 0xff, 0xd0, 0x4d,
    0x0, 0x0, 0x0, 0x0, 0x0, 0xb, 0xb3, 0xf6,
    0xbf, 0x0, 0x0,

    /* U+011A "Ě" */
    0x0, 0x7e, 0xe0, 0x54, 0xb1, 0xdb, 0x35, 0x0,
    0x0, 0x4, 0xb7, 0xff, 0xfd, 0x5a, 0x0, 0x0,
    0x0, 0x0, 0xa, 0x30, 0x25, 0x0, 0x0, 0x0,
    0xd8, 0xff, 0xff, 0xff, 0xff, 0xff, 0xff, 0x6c,
    0xd8, 0xff, 0xff, 0xff, 0xff, 0xff, 0xff, 0x6c,
    0xd8, 0xff, 0x55, 0x8, 0x8, 0x8, 0x8, 0x3,
    0xd8, 0xff, 0x50, 0x0, 0x0, 0x0, 0x0, 0x0,
    0xd8, 0xff, 0xff, 0xff, 0xff, 0xff, 0xe8, 0x0,
    0xd8, 0xff, 0xff, 0xff, 0xff, 0xff, 0xe8, 0x0,
    0xd8, 0xff, 0x52, 0x4, 0x4, 0x4, 0x3, 0x0,
    0xd8, 0xff, 0x50, 0x0, 0x0, 0x0, 0x0, 0x0,
    0xd8, 0xff, 0x55, 0x8, 0x8, 0x8, 0x8, 0x3,
    0xd8, 0xff, 0xff, 0xff, 0xff, 0xff, 0xff, 0x6c,
    0xd8, 0xff, 0xff, 0xff, 0xff, 0xff, 0xff, 0x6c,

    /* U+011B "ě" */
    0x0, 0x6, 0x83, 0xfb, 0xff, 0xf7, 0x7d, 0x5,
    0x0, 0x0, 0x0, 0x0, 0x1d, 0x30, 0x18, 0x0,
    0x0, 0x0, 0x0, 0x0, 0x0, 0x0, 0x0, 0x0,
    0x0, 0x0, 0x0, 0x0, 0x1, 0x6a, 0xda, 0xf9,
    0xe2, 0x80, 0x6, 0x0, 0x0, 0x99, 0xff, 0xe9,
    0xb8, 0xe3, 0xff, 0xaf, 0x0, 0x39, 0xff, 0xe1,
    0x30, 0x24, 0x29, 0xd3, 0xff, 0x3a, 0x7e, 0xff,
    0xff, 0xff, 0xff, 0xff, 0xff, 0xff, 0x6c, 0x7f,
    0xff, 0xbd, 0x54, 0x54, 0x54, 0x54, 0x54, 0x24,
    0x3d, 0xff, 0xed, 0x2d, 0x0, 0x11, 0xc1, 0x86,
    0xe, 0x0, 0x9f, 0xff, 0xfc, 0xdc, 0xf5, 0xff,
    0xce, 0x8, 0x0, 0x2, 0x6b, 0xd9, 0xf9, 0xe4,
    0x92, 0xe, 0x0,

    /* U+011C "Ĝ" */
    0x0, 0x0, 0x0, 0x0, 0x6, 0xb9, 0xff, 0xdf,
    0x18, 0x0, 0x0, 0x0, 0x0, 0x0, 0x0, 0x0,
    0x3, 0xae, 0xff, 0x6f, 0xee, 0xce, 0xd, 0x0,
    0x0, 0x0, 0x0, 0x0, 0x0, 0x1, 0x10, 0xe,
    0x0, 0xa, 0x10, 0x5, 0x0, 0x0, 0x0, 0x0,
    0x0, 0x0, 0x0, 0x0, 0x0, 0x0, 0x0, 0x0,
    0x0, 0x0, 0x0, 0x0, 0x0, 0x0, 0x0, 0x34,
    0xa1, 0xe1, 0xf9, 0xeb, 0xb5, 0x4d, 0x0, 0x0,
    0x0, 0x0, 0x0, 0x83, 0xfe, 0xff, 0xff, 0xff,
    0xff, 0xff, 0xff, 0x9c, 0x0, 0x0, 0x0, 0x6e,
    0xff, 0xfe, 0xa4, 0x39, 0x11, 0x19, 0x59, 0xa8,
    0x2b, 0x0, 0x0, 0xb, 0xf2, 0xff, 0x80, 0x0,
    0x0, 0x0, 0x0, 0x0, 0x0, 0x0, 0x0, 0x0,
    0x4a, 0xff, 0xe9, 0x3, 0x0, 0x0, 0x56, 0xd4,
    0xd4, 0xd4, 0xd4, 0xd4, 0x37, 0x61, 0xff, 0xc6,
    0x0, 0x0, 0x0, 0x68, 0xff, 0xff, 0xff, 0xff,
    0xff, 0x49, 0x4a, 0xff, 0xe8, 0x2, 0x0, 0x0,
    0x0, 0x0, 0x0, 0x7, 0xf2, 0xff, 0x2d, 0xb,
    0xf3, 0xff, 0x7e, 0x0, 0x0, 0x0, 0x0, 0x0,
    0x70, 0xff, 0xe5, 0x2, 0x0, 0x70, 0xff, 0xfe,
    0xa2, 0x36, 0xe, 0x1e, 0x89, 0xfd, 0xff, 0x6b,
    0x0, 0x0, 0x0, 0x88, 0xfe, 0xff, 0xff, 0xff,
    0xff, 0xff, 0xff, 0x98, 0x1, 0x0, 0x0, 0x0,
    0x0, 0x38, 0xa4, 0xe3, 0xfa, 0xec, 0xb8, 0x4e,
    0x0, 0x0, 0x0,

    /* U+011D "ĝ" */
    0x0, 0x0, 0x8, 0xc0, 0xff, 0xdb, 0x15, 0x0,
    0x0, 0x0, 0x4, 0xb5, 0xfe, 0x6c, 0xf2, 0xc9,
    0xa, 0x0, 0x0, 0x2, 0x10, 0xe, 0x0, 0xb,
    0x10, 0x4, 0x0, 0x0, 0x6, 0x86, 0xe9, 0xf7,
    0xb4, 0x77, 0xff, 0xa8, 0x0, 0xab, 0xff, 0xff,
    0xe9, 0xfe, 0xff, 0xff, 0xa8, 0x41, 0xff, 0xf7,
    0x3f, 0x0, 0x24, 0xe1, 0xff, 0xa8, 0x7f, 0xff,
    0xa5, 0x0, 0x0, 0x0, 0x73, 0xff, 0xa8, 0x80,
    0xff, 0xa3, 0x0, 0x0, 0x0, 0x72, 0xff, 0xa8,
    0x42, 0xff, 0xf6, 0x3b, 0x0, 0x22, 0xe0, 0xff,
    0xa8, 0x0, 0xae, 0xff, 0xff, 0xe7, 0xfd, 0xfb,
    0xff, 0xa7, 0x0, 0x7, 0x87, 0xea, 0xf6, 0xaf,
    0x75, 0xff, 0x9a, 0x11, 0x66, 0x91, 0x13, 0x0,
    0x13, 0xc7, 0xff, 0x5b, 0xe, 0xdb, 0xff, 0xfd,
    0xe2, 0xf9, 0xff, 0xc2, 0x2, 0x0, 0x13, 0x8e,
    0xdc, 0xf9, 0xe3, 0x85, 0x9, 0x0,

    /* U+011E "Ğ" */
    0x0, 0x0, 0x0, 0x0, 0x44, 0x7d, 0x2a, 0x72,
    0x58, 0x0, 0x0, 0x0, 0x0, 0x0, 0x0, 0x0,
    0x0, 0x35, 0xf2, 0xff, 0xfb, 0x56, 0x0, 0x0,
    0x0, 0x0, 0x0, 0x0, 0x0, 0x0, 0x0, 0x13,
    0x42, 0x1d, 0x0, 0x0, 0x0, 0x0, 0x0, 0x0,
    0x0, 0x0, 0x0, 0x0, 0x0, 0x0, 0x0, 0x0,
    0x0, 0x0, 0x0, 0x0, 0x0, 0x0, 0x0, 0x34,
    0xa1, 0xe1, 0xf9, 0xeb, 0xb5, 0x4d, 0x0, 0x0,
    0x0, 0x0, 0x0, 0x83, 0xfe, 0xff, 0xff, 0xff,
    0xff, 0xff, 0xff, 0x9c, 0x0, 0x0, 0x0, 0x6e,
    0xff, 0xfe, 0xa4, 0x39, 0x11, 0x19, 0x59, 0xa8,
    0x2b, 0x0, 0x0, 0xb, 0xf2, 0xff, 0x80, 0x0,
    0x0, 0x0, 0x0, 0x0, 0x0, 0x0, 0x0, 0x0,
    0x4a, 0xff, 0xe9, 0x3, 0x0, 0x0, 0x56, 0xd4,
    0xd4, 0xd4, 0xd4, 0xd4, 0x37, 0x61, 0xff, 0xc6,
    0x0, 0x0, 0x0, 0x68, 0xff, 0xff, 0xff, 0xff,
    0xff, 0x49, 0x4a, 0xff, 0xe8, 0x2, 0x0, 0x0,
    0x0, 0x0, 0x0, 0x7, 0xf2, 0xff, 0x2d, 0xb,
    0xf3, 0xff, 0x7e, 0x0, 0x0, 0x0, 0x0, 0x0,
    0x70, 0xff, 0xe5, 0x2, 0x0, 0x70, 0xff, 0xfe,
    0xa2, 0x36, 0xe, 0x1e, 0x89, 0xfd, 0xff, 0x6b,
    0x0, 0x0, 0x0, 0x88, 0xfe, 0xff, 0xff, 0xff,
    0xff, 0xff, 0xff, 0x98, 0x1, 0x0, 0x0, 0x0,
    0x0, 0x38, 0xa4, 0xe3, 0xfa, 0xec, 0xb8, 0x4e,
    0x0, 0x0, 0x0,

    /* U+011F "ğ" */
    0x0, 0x0, 0x0, 0x0, 0x13, 0x8, 0x0, 0x0,
    0x0, 0x0, 0x0, 0x2c, 0xf1, 0xff, 0xff, 0xb6,
    0x0, 0x0, 0x0, 0x0, 0x0, 0xe, 0x42, 0x33,
    0x1, 0x0, 0x0, 0x0, 0x0, 0x0, 0x0, 0x0,
    0x0, 0x0, 0x0, 0x0, 0x0, 0x6, 0x86, 0xe9,
    0xf7, 0xb4, 0x77, 0xff, 0xa8, 0x0, 0xab, 0xff,
    0xff, 0xe9, 0xfe, 0xff, 0xff, 0xa8, 0x41, 0xff,
    0xf7, 0x3f, 0x0, 0x24, 0xe1, 0xff, 0xa8, 0x7f,
    0xff, 0xa5, 0x0, 0x0, 0x0, 0x73, 0xff, 0xa8,
    0x80, 0xff, 0xa3, 0x0, 0x0, 0x0, 0x72, 0xff,
    0xa8, 0x42, 0xff, 0xf6, 0x3b, 0x0, 0x22, 0xe0,
    0xff, 0xa8, 0x0, 0xae, 0xff, 0xff, 0xe7, 0xfd,
    0xfb, 0xff, 0xa7, 0x0, 0x7, 0x87, 0xea, 0xf6,
    0xaf, 0x75, 0xff, 0x9a, 0x11, 0x66, 0x91, 0x13,
    0x0, 0x13, 0xc7, 0xff, 0x5b, 0xe, 0xdb, 0xff,
    0xfd, 0xe2, 0xf9, 0xff, 0xc2, 0x2, 0x0, 0x13,
    0x8e, 0xdc, 0xf9, 0xe3, 0x85, 0x9, 0x0,

    /* U+0120 "Ġ" */
    0x0, 0x0, 0x0, 0x0, 0x0, 0x71, 0xf1, 0x47,
    0x0, 0x0, 0x0, 0x0, 0x0, 0x0, 0x0, 0x0,
    0x0, 0x0, 0x96, 0xff, 0x66, 0x0, 0x0, 0x0,
    0x0, 0x0, 0x0, 0x0, 0x0, 0x0, 0x0, 0x5,
    0x2d, 0x0, 0x0, 0x0, 0x0, 0x0, 0x0, 0x0,
    0x0, 0x0, 0x0, 0x0, 0x0, 0x0, 0x0, 0x0,
    0x0, 0x0, 0x0, 0x0, 0x0, 0x0, 0x0, 0x34,
    0xa1, 0xe1, 0xf9, 0xeb, 0xb5, 0x4d, 0x0, 0x0,
    0x0, 0x0, 0x0, 0x83, 0xfe, 0xff, 0xff, 0xff,
    0xff, 0xff, 0xff, 0x9c, 0x0, 0x0, 0x0, 0x6e,
    0xff, 0xfe, 0xa4, 0x39, 0x11, 0x19, 0x59, 0xa8,
    0x2b, 0x0, 0x0, 0xb, 0xf2, 0xff, 0x80, 0x0,
    0x0, 0x0, 0x0, 0x0, 0x0, 0x0, 0x0, 0x0,
    0x4a, 0xff, 0xe9, 0x3, 0x0, 0x0, 0x56, 0xd4,
    0xd4, 0xd4, 0xd4, 0xd4, 0x37, 0x61, 0xff, 0xc6,
    0x0, 0x0, 0x0, 0x68, 0xff, 0xff, 0xff, 0xff,
    0xff, 0x49, 0x4a, 0xff, 0xe8, 0x2, 0x0, 0x0,
    0x0, 0x0, 0x0, 0x7, 0xf2, 0xff, 0x2d, 0xb,
    0xf3, 0xff, 0x7e, 0x0, 0x0, 0x0, 0x0, 0x0,
    0x70, 0xff, 0xe5, 0x2, 0x0, 0x70, 0xff, 0xfe,
    0xa2, 0x36, 0xe, 0x1e, 0x89, 0xfd, 0xff, 0x6b,
    0x0, 0x0, 0x0, 0x88, 0xfe, 0xff, 0xff, 0xff,
    0xff, 0xff, 0xff, 0x98, 0x1, 0x0, 0x0, 0x0,
    0x0, 0x38, 0xa4, 0xe3, 0xfa, 0xec, 0xb8, 0x4e,
    0x0, 0x0, 0x0,

    /* U+0121 "ġ" */
    0x0, 0x0, 0x0, 0x3b, 0xed, 0x99, 0x0, 0x0,
    0x0, 0x0, 0x0, 0x0, 0x68, 0xff, 0xd4, 0x0,
    0x0, 0x0, 0x0, 0x0, 0x0, 0x4, 0x56, 0x22,
    0x0, 0x0, 0x0, 0x0, 0x6, 0x86, 0xe9, 0xf7,
    0xb4, 0x77, 0xff, 0xa8, 0x0, 0xab, 0xff, 0xff,
    0xe9, 0xfe, 0xff, 0xff, 0xa8, 0x41, 0xff, 0xf7,
    0x3f, 0x0, 0x24, 0xe1, 0xff, 0xa8, 0x7f, 0xff,
    0xa5, 0x0, 0x0, 0x0, 0x73, 0xff, 0xa8, 0x80,
    0xff, 0xa3, 0x0, 0x0, 0x0, 0x72, 0xff, 0xa8,
    0x42, 0xff, 0xf6, 0x3b, 0x0, 0x22, 0xe0, 0xff,
    0xa8, 0x0, 0xae, 0xff, 0xff, 0xe7, 0xfd, 0xfb,
    0xff, 0xa7, 0x0, 0x7, 0x87, 0xea, 0xf6, 0xaf,
    0x75, 0xff, 0x9a, 0x11, 0x66, 0x91, 0x13, 0x0,
    0x13, 0xc7, 0xff, 0x5b, 0xe, 0xdb, 0xff, 0xfd,
    0xe2, 0xf9, 0xff, 0xc2, 0x2, 0x0, 0x13, 0x8e,
    0xdc, 0xf9, 0xe3, 0x85, 0x9, 0x0,

    /* U+0122 "Ģ" */
    0x0, 0x0, 0x0, 0x34, 0xa1, 0xe1, 0xf9, 0xeb,
    0xb5, 0x4d, 0x0, 0x0, 0x0, 0x0, 0x0, 0x83,
    0xfe, 0xff, 0xff, 0xff, 0xff, 0xff, 0xff, 0x9c,
    0x0, 0x0, 0x0, 0x6e, 0xff, 0xfe, 0xa4, 0x39,
    0x11, 0x19, 0x59, 0xa8, 0x2b, 0x0, 0x0, 0xb,
    0xf2, 0xff, 0x80, 0x0, 0x0, 0x0, 0x0, 0x0,
    0x0, 0x0, 0x0, 0x0, 0x4a, 0xff, 0xe9, 0x3,
    0x0, 0x0, 0x56, 0xd4, 0xd4, 0xd4, 0xd4, 0xd4,
    0x37, 0x61, 0xff, 0xc6, 0x0, 0x0, 0x0, 0x68,
    0xff, 0xff, 0xff, 0xff, 0xff, 0x49, 0x4a, 0xff,
    0xe8, 0x2, 0x0, 0x0, 0x0, 0x0, 0x0, 0x7,
    0xf2, 0xff, 0x2d, 0xb, 0xf3, 0xff, 0x7e, 0x0,
    0x0, 0x0, 0x0, 0x0, 0x70, 0xff, 0xe5, 0x2,
    0x0, 0x70, 0xff, 0xfe, 0xa2, 0x36, 0xe, 0x1e,
    0x89, 0xfd, 0xff, 0x6b, 0x0, 0x0, 0x0, 0x88,
    0xfe, 0xff, 0xff, 0xff, 0xff, 0xff, 0xff, 0x98,
    0x1, 0x0, 0x0, 0x0, 0x0, 0x38, 0xa4, 0xe3,
    0xfa, 0xec, 0xb8, 0x4e, 0x0, 0x0, 0x0, 0x0,
    0x0, 0x0, 0x0, 0x0, 0x2, 0x66, 0x3b, 0x0,
    0x0, 0x0, 0x0, 0x0, 0x0, 0x0, 0x0, 0x0,
    0x0, 0x3f, 0xff, 0xe5, 0x0, 0x0, 0x0, 0x0,
    0x0, 0x0, 0x0, 0x0, 0x0, 0x0, 0xc, 0xda,
    0x9d, 0x0, 0x0, 0x0, 0x0, 0x0, 0x0, 0x0,
    0x0, 0x0, 0x0, 0x23, 0xde, 0xf, 0x0, 0x0,
    0x0, 0x0, 0x0, 0x0, 0x0, 0x0, 0x0, 0x0,
    0x0, 0x10, 0x0, 0x0, 0x0, 0x0, 0x0, 0x0,

    /* U+0123 "ģ" */
    0x0, 0x0, 0x0, 0x0, 0x3, 0xd, 0x0, 0x0,
    0x0, 0x0, 0x0, 0x0, 0x0, 0x7b, 0x94, 0x0,
    0x0, 0x0, 0x0, 0x0, 0x0, 0x2d, 0xfa, 0x5c,
    0x0, 0x0, 0x0, 0x0, 0x0, 0x0, 0x71, 0xff,
    0xb6, 0x0, 0x0, 0x0, 0x0, 0x0, 0x0, 0xc,
    0x71, 0x27, 0x0, 0x0, 0x0, 0x0, 0x0, 0x0,
    0x0, 0x0, 0x0, 0x0, 0x0, 0x0, 0x0, 0x6,
    0x86, 0xe9, 0xf7, 0xb4, 0x77, 0xff, 0xa8, 0x0,
    0xab, 0xff, 0xff, 0xe9, 0xfe, 0xff, 0xff, 0xa8,
    0x41, 0xff, 0xf7, 0x3f, 0x0, 0x24, 0xe1, 0xff,
    0xa8, 0x7f, 0xff, 0xa5, 0x0, 0x0, 0x0, 0x73,
    0xff, 0xa8, 0x80, 0xff, 0xa3, 0x0, 0x0, 0x0,
    0x72, 0xff, 0xa8, 0x42, 0xff, 0xf6, 0x3b, 0x0,
    0x22, 0xe0, 0xff, 0xa8, 0x0, 0xae, 0xff, 0xff,
    0xe7, 0xfd, 0xfb, 0xff, 0xa7, 0x0, 0x7, 0x87,
    0xea, 0xf6, 0xaf, 0x75, 0xff, 0x9a, 0x11, 0x66,
    0x91, 0x13, 0x0, 0x13, 0xc7, 0xff, 0x5b, 0xe,
    0xdb, 0xff, 0xfd, 0xe2, 0xf9, 0xff, 0xc2, 0x2,
    0x0, 0x13, 0x8e, 0xdc, 0xf9, 0xe3, 0x85, 0x9,
    0x0,

    /* U+0124 "Ĥ" */
    0x0, 0x0, 0x2, 0xa6, 0xff, 0xed, 0x27, 0x0,
    0x0, 0x0, 0x0, 0x0, 0x99, 0xff, 0x79, 0xe0,
    0xdf, 0x18, 0x0, 0x0, 0x0, 0x0, 0x10, 0xf,
    0x0, 0x8, 0x10, 0x7, 0x0, 0x0, 0xd8, 0xff,
    0x50, 0x0, 0x0, 0x0, 0x0, 0xe0, 0xff, 0x48,
    0xd8, 0xff, 0x50, 0x0, 0x0, 0x0, 0x0, 0xe0,
    0xff, 0x48, 0xd8, 0xff, 0x50, 0x0, 0x0, 0x0,
    0x0, 0xe0, 0xff, 0x48, 0xd8, 0xff, 0x50, 0x0,
    0x0, 0x0, 0x0, 0xe0, 0xff, 0x48, 0xd8, 0xff,
    0xff, 0xff, 0xff, 0xff, 0xff, 0xff, 0xff, 0x48,
    0xd8, 0xff, 0xff, 0xff, 0xff, 0xff, 0xff, 0xff,
    0xff, 0x48, 0xd8, 0xff, 0x52, 0x4, 0x4, 0x4,
    0x4, 0xe0, 0xff, 0x48, 0xd8, 0xff, 0x50, 0x0,
    0x0, 0x0, 0x0, 0xe0, 0xff, 0x48, 0xd8, 0xff,
    0x50, 0x0, 0x0, 0x0, 0x0, 0xe0, 0xff, 0x48,
    0xd8, 0xff, 0x50, 0x0, 0x0, 0x0, 0x0, 0xe0,
    0xff, 0x48, 0xd8, 0xff, 0x50, 0x0, 0x0, 0x0,
    0x0, 0xe0, 0xff, 0x48,

    /* U+0125 "ĥ" */
    0x0, 0x0, 0x0, 0x9b, 0xff, 0xf1, 0x2e, 0x0,
    0x0, 0x0, 0x0, 0x8e, 0xff, 0x81, 0xdc, 0xe4,
    0x1c, 0x0, 0x0, 0x0, 0xf, 0x10, 0x0, 0x8,
    0x10, 0x7, 0x0, 0x1c, 0xff, 0xfc, 0x0, 0x0,
    0x0, 0x0, 0x0, 0x0, 0x1c, 0xff, 0xfc, 0x0,
    0x0, 0x0, 0x0, 0x0, 0x0, 0x1c, 0xff, 0xfb,
    0x0, 0x0, 0x0, 0x0, 0x0, 0x0, 0x1c, 0xff,
    0xed, 0x4c, 0xd6, 0xf5, 0xc8, 0x35, 0x0, 0x1c,
    0xff, 0xf7, 0xf9, 0xf7, 0xfd, 0xff, 0xe7, 0xa,
    0x1c, 0xff, 0xff, 0x9e, 0x5, 0x24, 0xf4, 0xff,
    0x40, 0x1c, 0xff, 0xff, 0x1a, 0x0, 0x0, 0xc5,
    0xff, 0x5a, 0x1c, 0xff, 0xfc, 0x0, 0x0, 0x0,
    0xc0, 0xff, 0x5c, 0x1c, 0xff, 0xfc, 0x0, 0x0,
    0x0, 0xc0, 0xff, 0x5c, 0x1c, 0xff, 0xfc, 0x0,
    0x0, 0x0, 0xc0, 0xff, 0x5c, 0x1c, 0xff, 0xfc,
    0x0, 0x0, 0x0, 0xc0, 0xff, 0x5c,

    /* U+0126 "Ħ" */
    0x0, 0xd8, 0xff, 0x50, 0x0, 0x0, 0x0, 0x0,
    0xe0, 0xff, 0x48, 0x0, 0x78, 0xed, 0xff, 0xb0,
    0x8c, 0x8c, 0x8c, 0x8c, 0xf1, 0xff, 0xac, 0x29,
    0xdc, 0xff, 0xff, 0xff, 0xff, 0xff, 0xff, 0xff,
    0xff, 0xff, 0xff, 0x4c, 0x0, 0xd8, 0xff, 0x50,
    0x0, 0x0, 0x0, 0x0, 0xe0, 0xff, 0x48, 0x0,
    0x0, 0xd8, 0xff, 0xff, 0xff, 0xff, 0xff, 0xff,
    0xff, 0xff, 0x48, 0x0, 0x0, 0xd8, 0xff, 0xff,
    0xff, 0xff, 0xff, 0xff, 0xff, 0xff, 0x48, 0x0,
    0x0, 0xd8, 0xff, 0x52, 0x4, 0x4, 0x4, 0x4,
    0xe0, 0xff, 0x48, 0x0, 0x0, 0xd8, 0xff, 0x50,
    0x0, 0x0, 0x0, 0x0, 0xe0, 0xff, 0x48, 0x0,
    0x0, 0xd8, 0xff, 0x50, 0x0, 0x0, 0x0, 0x0,
    0xe0, 0xff, 0x48, 0x0, 0x0, 0xd8, 0xff, 0x50,
    0x0, 0x0, 0x0, 0x0, 0xe0, 0xff, 0x48, 0x0,
    0x0, 0xd8, 0xff, 0x50, 0x0, 0x0, 0x0, 0x0,
    0xe0, 0xff, 0x48, 0x0,

    /* U+0127 "ħ" */
    0x0, 0x34, 0xff, 0xfc, 0x1c, 0x1c, 0x3, 0x0,
    0x0, 0x0, 0x8, 0xff, 0xff, 0xff, 0xff, 0xff,
    0x24, 0x0, 0x0, 0x0, 0x2, 0x5f, 0xff, 0xfd,
    0x4c, 0x4c, 0xa, 0x0, 0x0, 0x0, 0x0, 0x1c,
    0xff, 0xed, 0x4c, 0xd6, 0xf5, 0xc8, 0x35, 0x0,
    0x0, 0x1c, 0xff, 0xf7, 0xf9, 0xf7, 0xfd, 0xff,
    0xe7, 0xa, 0x0, 0x1c, 0xff, 0xff, 0x9e, 0x5,
    0x24, 0xf4, 0xff, 0x40, 0x0, 0x1c, 0xff, 0xff,
    0x1a, 0x0, 0x0, 0xc5, 0xff, 0x5a, 0x0, 0x1c,
    0xff, 0xfc, 0x0, 0x0, 0x0, 0xc0, 0xff, 0x5c,
    0x0, 0x1c, 0xff, 0xfc, 0x0, 0x0, 0x0, 0xc0,
    0xff, 0x5c, 0x0, 0x1c, 0xff, 0xfc, 0x0, 0x0,
    0x0, 0xc0, 0xff, 0x5c, 0x0, 0x1c, 0xff, 0xfc,
    0x0, 0x0, 0x0, 0xc0, 0xff, 0x5c,

    /* U+0128 "Ĩ" */
    0x0, 0x4d, 0x7c, 0x18, 0x3f, 0x90, 0x7, 0x40,
    0xff, 0xff, 0xe8, 0xd6, 0xe5, 0x0, 0x86, 0xf2,
    0x2c, 0xbf, 0xec, 0x51, 0x0, 0x0, 0x0, 0x0,
    0x0, 0x0, 0x0, 0x0, 0x0, 0x0, 0xd8, 0xff,
    0x50, 0x0, 0x0, 0x0, 0x0, 0xd8, 0xff, 0x50,
    0x0, 0x0, 0x0, 0x0, 0xd8, 0xff, 0x50, 0x0,
    0x0, 0x0, 0x0, 0xd8, 0xff, 0x50, 0x0, 0x0,
    0x0, 0x0, 0xd8, 0xff, 0x50, 0x0, 0x0, 0x0,
    0x0, 0xd8, 0xff, 0x50, 0x0, 0x0, 0x0, 0x0,
    0xd8, 0xff, 0x50, 0x0, 0x0, 0x0, 0x0, 0xd8,
    0xff, 0x50, 0x0, 0x0, 0x0, 0x0, 0xd8, 0xff,
    0x50, 0x0, 0x0, 0x0, 0x0, 0xd8, 0xff, 0x50,
    0x0, 0x0, 0x0, 0x0, 0xd8, 0xff, 0x50, 0x0,
    0x0,

    /* U+0129 "ĩ" */
    0x47, 0xe3, 0xff, 0xff, 0xff, 0xc7, 0x63, 0x90,
    0x90, 0x90, 0x7e, 0x1b, 0x0, 0x0, 0x0, 0x0,
    0x0, 0x0, 0x0, 0x0, 0xf8, 0xff, 0x20, 0x0,
    0x0, 0x0, 0xf8, 0xff, 0x20, 0x0, 0x0, 0x0,
    0xf8, 0xff, 0x20, 0x0, 0x0, 0x0, 0xf8, 0xff,
    0x20, 0x0, 0x0, 0x0, 0xf8, 0xff, 0x20, 0x0,
    0x0, 0x0, 0xf8, 0xff, 0x20, 0x0, 0x0, 0x0,
    0xf8, 0xff, 0x20, 0x0, 0x0, 0x0, 0xf8, 0xff,
    0x20, 0x0,

    /* U+012A "Ī" */
    0xf8, 0xff, 0xff, 0xff, 0x70, 0x8f, 0x94, 0x94,
    0x94, 0x40, 0x0, 0x0, 0x0, 0x0, 0x0, 0x0,
    0xd8, 0xff, 0x50, 0x0, 0x0, 0xd8, 0xff, 0x50,
    0x0, 0x0, 0xd8, 0xff, 0x50, 0x0, 0x0, 0xd8,
    0xff, 0x50, 0x0, 0x0, 0xd8, 0xff, 0x50, 0x0,
    0x0, 0xd8, 0xff, 0x50, 0x0, 0x0, 0xd8, 0xff,
    0x50, 0x0, 0x0, 0xd8, 0xff, 0x50, 0x0, 0x0,
    0xd8, 0xff, 0x50, 0x0, 0x0, 0xd8, 0xff, 0x50,
    0x0, 0x0, 0xd8, 0xff, 0x50, 0x0,

    /* U+012B "ī" */
    0x48, 0xff, 0xff, 0xff, 0xff, 0x74, 0x2a, 0x98,
    0x98, 0x98, 0x98, 0x44, 0x0, 0x0, 0x0, 0x0,
    0x0, 0x0, 0x0, 0x0, 0xf8, 0xff, 0x20, 0x0,
    0x0, 0x0, 0xf8, 0xff, 0x20, 0x0, 0x0, 0x0,
    0xf8, 0xff, 0x20, 0x0, 0x0, 0x0, 0xf8, 0xff,
    0x20, 0x0, 0x0, 0x0, 0xf8, 0xff, 0x20, 0x0,
    0x0, 0x0, 0xf8, 0xff, 0x20, 0x0, 0x0, 0x0,
    0xf8, 0xff, 0x20, 0x0, 0x0, 0x0, 0xf8, 0xff,
    0x20, 0x0,

    /* U+012C "Ĭ" */
    0xd6, 0xbe, 0x53, 0xff, 0x51, 0x57, 0xfb, 0xff,
    0xca, 0x6, 0x0, 0x1e, 0x3b, 0x5, 0x0, 0x0,
    0xd8, 0xff, 0x50, 0x0, 0x0, 0xd8, 0xff, 0x50,
    0x0, 0x0, 0xd8, 0xff, 0x50, 0x0, 0x0, 0xd8,
    0xff, 0x50, 0x0, 0x0, 0xd8, 0xff, 0x50, 0x0,
    0x0, 0xd8, 0xff, 0x50, 0x0, 0x0, 0xd8, 0xff,
    0x50, 0x0, 0x0, 0xd8, 0xff, 0x50, 0x0, 0x0,
    0xd8, 0xff, 0x50, 0x0, 0x0, 0xd8, 0xff, 0x50,
    0x0, 0x0, 0xd8, 0xff, 0x50, 0x0,

    /* U+012D "ĭ" */
    0x6, 0xfa, 0x9c, 0x75, 0xff, 0x27, 0x0, 0x80,
    0xff, 0xff, 0xaa, 0x0, 0x0, 0x0, 0x2c, 0x37,
    0x1, 0x0, 0x0, 0x0, 0xf8, 0xff, 0x20, 0x0,
    0x0, 0x0, 0xf8, 0xff, 0x20, 0x0, 0x0, 0x0,
    0xf8, 0xff, 0x20, 0x0, 0x0, 0x0, 0xf8, 0xff,
    0x20, 0x0, 0x0, 0x0, 0xf8, 0xff, 0x20, 0x0,
    0x0, 0x0, 0xf8, 0xff, 0x20, 0x0, 0x0, 0x0,
    0xf8, 0xff, 0x20, 0x0, 0x0, 0x0, 0xf8, 0xff,
    0x20, 0x0,

    /* U+012E "Į" */
    0x0, 0xd8, 0xff, 0x50, 0x0, 0xd8, 0xff, 0x50,
    0x0, 0xd8, 0xff, 0x50, 0x0, 0xd8, 0xff, 0x50,
    0x0, 0xd8, 0xff, 0x50, 0x0, 0xd8, 0xff, 0x50,
    0x0, 0xd8, 0xff, 0x50, 0x0, 0xd8, 0xff, 0x50,
    0x0, 0xd8, 0xff, 0x50, 0x0, 0xd8, 0xff, 0x50,
    0x0, 0xd5, 0xfb, 0x39, 0x58, 0xff, 0x5f, 0x0,
    0x80, 0xff, 0xb5, 0x32, 0x1b, 0xc6, 0xf9, 0x8c,

    /* U+012F "į" */
    0x10, 0xcf, 0xdf, 0x22, 0x3a, 0xff, 0xff, 0x5c,
    0x1, 0x7b, 0x89, 0x8, 0x0, 0xf8, 0xff, 0x20,
    0x0, 0xf8, 0xff, 0x20, 0x0, 0xf8, 0xff, 0x20,
    0x0, 0xf8, 0xff, 0x20, 0x0, 0xf8, 0xff, 0x20,
    0x0, 0xf8, 0xff, 0x20, 0x0, 0xf8, 0xff, 0x20,
    0xb, 0xf8, 0xe7, 0x12, 0x91, 0xff, 0x28, 0x0,
    0xb3, 0xff, 0xa0, 0x15, 0x36, 0xd7, 0xf8, 0x5b,

    /* U+0130 "İ" */
    0x9a, 0xe9, 0x26, 0xc2, 0xff, 0x3b, 0xc, 0x26,
    0x0, 0x0, 0x0, 0x0, 0xd8, 0xff, 0x50, 0xd8,
    0xff, 0x50, 0xd8, 0xff, 0x50, 0xd8, 0xff, 0x50,
    0xd8, 0xff, 0x50, 0xd8, 0xff, 0x50, 0xd8, 0xff,
    0x50, 0xd8, 0xff, 0x50, 0xd8, 0xff, 0x50, 0xd8,
    0xff, 0x50, 0xd8, 0xff, 0x50,

    /* U+0131 "ı" */
    0xf8, 0xff, 0x20, 0xf8, 0xff, 0x20, 0xf8, 0xff,
    0x20, 0xf8, 0xff, 0x20, 0xf8, 0xff, 0x20, 0xf8,
    0xff, 0x20, 0xf8, 0xff, 0x20, 0xf8, 0xff, 0x20,

    /* U+0134 "Ĵ" */
    0x0, 0x0, 0x0, 0x0, 0x0, 0x74, 0xff, 0xfc,
    0x4b, 0x0, 0x0, 0x0, 0x0, 0x0, 0x66, 0xff,
    0x9e, 0xbd, 0xf4, 0x34, 0x0, 0x0, 0x0, 0x0,
    0xd, 0x10, 0x3, 0x5, 0x10, 0xa, 0x0, 0x0,
    0x0, 0x0, 0x0, 0x3c, 0xff, 0xec, 0x0, 0x0,
    0x0, 0x0, 0x0, 0x0, 0x0, 0x3c, 0xff, 0xec,
    0x0, 0x0, 0x0, 0x0, 0x0, 0x0, 0x0, 0x3c,
    0xff, 0xec, 0x0, 0x0, 0x0, 0x0, 0x0, 0x0,
    0x0, 0x3c, 0xff, 0xec, 0x0, 0x0, 0x0, 0x0,
    0x0, 0x0, 0x0, 0x3c, 0xff, 0xec, 0x0, 0x0,
    0x0, 0x0, 0x0, 0x0, 0x0, 0x3c, 0xff, 0xec,
    0x0, 0x0, 0x0, 0x0, 0x0, 0x0, 0x0, 0x3c,
    0xff, 0xec, 0x0, 0x0, 0x0, 0x1d, 0x2d, 0x0,
    0x0, 0x45, 0xff, 0xe7, 0x0, 0x0, 0x5f, 0xfd,
    0xda, 0x2b, 0x14, 0xaf, 0xff, 0xc0, 0x0, 0x0,
    0x13, 0xe0, 0xff, 0xff, 0xff, 0xff, 0xfd, 0x3d,
    0x0, 0x0, 0x0, 0x1d, 0xa1, 0xe8, 0xf2, 0xc5,
    0x45, 0x0, 0x0, 0x0,

    /* U+0135 "ĵ" */
    0x0, 0x50, 0xfc, 0xff, 0x6c, 0x0, 0x44, 0xf8,
    0xbe, 0x9e, 0xfd, 0x52, 0xa, 0x10, 0x5, 0x3,
    0x10, 0xc, 0x0, 0x0, 0xf8, 0xff, 0x20, 0x0,
    0x0, 0x0, 0xf8, 0xff, 0x20, 0x0, 0x0, 0x0,
    0xf8, 0xff, 0x20, 0x0, 0x0, 0x0, 0xf8, 0xff,
    0x20, 0x0, 0x0, 0x0, 0xf8, 0xff, 0x20, 0x0,
    0x0, 0x0, 0xf8, 0xff, 0x20, 0x0, 0x0, 0x0,
    0xf8, 0xff, 0x20, 0x0, 0x0, 0x0, 0xf8, 0xff,
    0x20, 0x0, 0x1, 0x17, 0xfe, 0xff, 0x14, 0x0,
    0x65, 0xf9, 0xff, 0xdd, 0x0, 0x0, 0x98, 0xfa,
    0xd1, 0x38, 0x0, 0x0,

    /* U+0136 "Ķ" */
    0xd8, 0xff, 0x50, 0x0, 0x0, 0x9, 0xc7, 0xff,
    0xd4, 0xf, 0xd8, 0xff, 0x50, 0x0, 0x2, 0xaf,
    0xff, 0xe1, 0x1b, 0x0, 0xd8, 0xff, 0x50, 0x0,
    0x94, 0xff, 0xed, 0x28, 0x0, 0x0, 0xd8, 0xff,
    0x50, 0x76, 0xff, 0xf5, 0x38, 0x0, 0x0, 0x0,
    0xd8, 0xff, 0xa9, 0xfe, 0xff, 0x59, 0x0, 0x0,
    0x0, 0x0, 0xd8, 0xff, 0xff, 0xff, 0xff, 0xab,
    0x0, 0x0, 0x0, 0x0, 0xd8, 0xff, 0xff, 0xa8,
    0xfe, 0xff, 0x66, 0x0, 0x0, 0x0, 0xd8, 0xff,
    0x9b, 0x0, 0x88, 0xff, 0xf5, 0x29, 0x0, 0x0,
    0xd8, 0xff, 0x50, 0x0, 0x4, 0xc7, 0xff, 0xd1,
    0x8, 0x0, 0xd8, 0xff, 0x50, 0x0, 0x0, 0x20,
    0xf0, 0xff, 0x94, 0x0, 0xd8, 0xff, 0x50, 0x0,
    0x0, 0x0, 0x56, 0xff, 0xff, 0x4f, 0x0, 0x0,
    0x0, 0x0, 0x0, 0x0, 0x0, 0x0, 0x0, 0x0,
    0x0, 0x0, 0x0, 0x6e, 0xf3, 0x51, 0x0, 0x0,
    0x0, 0x0, 0x0, 0x0, 0x0, 0x8c, 0xff, 0x79,
    0x0, 0x0, 0x0, 0x0, 0x0, 0x0, 0x0, 0x46,
    0xdd, 0xc, 0x0, 0x0, 0x0, 0x0, 0x0, 0x0,
    0x0, 0x52, 0x3a, 0x0, 0x0, 0x0, 0x0, 0x0,

    /* U+0137 "ķ" */
    0x1c, 0xff, 0xfc, 0x0, 0x0, 0x0, 0x0, 0x0,
    0x0, 0x1c, 0xff, 0xfc, 0x0, 0x0, 0x0, 0x0,
    0x0, 0x0, 0x1c, 0xff, 0xfc, 0x0, 0x0, 0x0,
    0x0, 0x0, 0x0, 0x1c, 0xff, 0xfc, 0x0, 0x8,
    0xbc, 0xff, 0xd5, 0x14, 0x1c, 0xff, 0xfc, 0x6,
    0xb6, 0xff, 0xd6, 0x17, 0x0, 0x1c, 0xff, 0xfd,
    0xb1, 0xff, 0xd7, 0x18, 0x0, 0x0, 0x1c, 0xff,
    0xff, 0xff, 0xff, 0xae, 0x0, 0x0, 0x0, 0x1c,
    0xff, 0xff, 0xdb, 0xf6, 0xff, 0x50, 0x0, 0x0,
    0x1c, 0xff, 0xfd, 0x1a, 0x7b, 0xff, 0xe5, 0xe,
    0x0, 0x1c, 0xff, 0xfc, 0x0, 0x6, 0xd7, 0xff,
    0x96, 0x0, 0x1c, 0xff, 0xfc, 0x0, 0x0, 0x40,
    0xff, 0xfe, 0x3b, 0x0, 0x0, 0x0, 0x0, 0x0,
    0x0, 0x0, 0x0, 0x0, 0x0, 0x0, 0x0, 0x8b,
    0xed, 0x34, 0x0, 0x0, 0x0, 0x0, 0x0, 0x0,
    0xae, 0xff, 0x55, 0x0, 0x0, 0x0, 0x0, 0x0,
    0x0, 0x66, 0xc3, 0x2, 0x0, 0x0, 0x0, 0x0,
    0x0, 0x0, 0x69, 0x21, 0x0, 0x0, 0x0, 0x0,

    /* U+0138 "ĸ" */
    0x1c, 0xff, 0xfc, 0x0, 0x1, 0xb9, 0xff, 0xcb,
    0x5, 0x1c, 0xff, 0xfc, 0x0, 0x78, 0xff, 0xed,
    0x1f, 0x0, 0x1c, 0xff, 0xfc, 0x39, 0xfb, 0xfe,
    0x4a, 0x0, 0x0, 0x1c, 0xff, 0xfe, 0xe3, 0xff,
    0x8e, 0x0, 0x0, 0x0, 0x1c, 0xff, 0xfc, 0xa7,
    0xff, 0xcd, 0x5, 0x0, 0x0, 0x1c, 0xff, 0xfc,
    0xf, 0xe0, 0xff, 0x87, 0x0, 0x0, 0x1c, 0xff,
    0xfc, 0x0, 0x3e, 0xfd, 0xfd, 0x3c, 0x0, 0x1c,
    0xff, 0xfc, 0x0, 0x0, 0x86, 0xff, 0xdf, 0xe,

    /* U+0139 "Ĺ" */
    0x2, 0x28, 0x28, 0xe, 0x0, 0x0, 0x0, 0x0,
    0x41, 0xff, 0xe5, 0x11, 0x0, 0x0, 0x0, 0x0,
    0x90, 0xff, 0x4a, 0x0, 0x0, 0x0, 0x0, 0x0,
    0x0, 0x0, 0x0, 0x0, 0x0, 0x0, 0x0, 0x0,
    0xd8, 0xff, 0x50, 0x0, 0x0, 0x0, 0x0, 0x0,
    0xd8, 0xff, 0x50, 0x0, 0x0, 0x0, 0x0, 0x0,
    0xd8, 0xff, 0x50, 0x0, 0x0, 0x0, 0x0, 0x0,
    0xd8, 0xff, 0x50, 0x0, 0x0, 0x0, 0x0, 0x0,
    0xd8, 0xff, 0x50, 0x0, 0x0, 0x0, 0x0, 0x0,
    0xd8, 0xff, 0x50, 0x0, 0x0, 0x0, 0x0, 0x0,
    0xd8, 0xff, 0x50, 0x0, 0x0, 0x0, 0x0, 0x0,
    0xd8, 0xff, 0x50, 0x0, 0x0, 0x0, 0x0, 0x0,
    0xd8, 0xff, 0x55, 0x8, 0x8, 0x8, 0x8, 0x1,
    0xd8, 0xff, 0xff, 0xff, 0xff, 0xff, 0xff, 0x28,
    0xd8, 0xff, 0xff, 0xff, 0xff, 0xff, 0xff, 0x28,

    /* U+013A "ĺ" */
    0x0, 0xd, 0x28, 0x28, 0x2, 0x0, 0x85, 0xff,
    0xaf, 0x0, 0x0, 0xd4, 0xed, 0x18, 0x0, 0x0,
    0x0, 0x0, 0x0, 0x0, 0x1c, 0xff, 0xfc, 0x0,
    0x0, 0x1c, 0xff, 0xfc, 0x0, 0x0, 0x1c, 0xff,
    0xfc, 0x0, 0x0, 0x1c, 0xff, 0xfc, 0x0, 0x0,
    0x1c, 0xff, 0xfc, 0x0, 0x0, 0x1c, 0xff, 0xfc,
    0x0, 0x0, 0x1c, 0xff, 0xfc, 0x0, 0x0, 0x1c,
    0xff, 0xfc, 0x0, 0x0, 0x1c, 0xff, 0xfc, 0x0,
    0x0, 0x1c, 0xff, 0xfc, 0x0, 0x0, 0x1c, 0xff,
    0xfc, 0x0, 0x0,

    /* U+013B "Ļ" */
    0xd8, 0xff, 0x50, 0x0, 0x0, 0x0, 0x0, 0x0,
    0xd8, 0xff, 0x50, 0x0, 0x0, 0x0, 0x0, 0x0,
    0xd8, 0xff, 0x50, 0x0, 0x0, 0x0, 0x0, 0x0,
    0xd8, 0xff, 0x50, 0x0, 0x0, 0x0, 0x0, 0x0,
    0xd8, 0xff, 0x50, 0x0, 0x0, 0x0, 0x0, 0x0,
    0xd8, 0xff, 0x50, 0x0, 0x0, 0x0, 0x0, 0x0,
    0xd8, 0xff, 0x50, 0x0, 0x0, 0x0, 0x0, 0x0,
    0xd8, 0xff, 0x50, 0x0, 0x0, 0x0, 0x0, 0x0,
    0xd8, 0xff, 0x55, 0x8, 0x8, 0x8, 0x8, 0x1,
    0xd8, 0xff, 0xff, 0xff, 0xff, 0xff, 0xff, 0x28,
    0xd8, 0xff, 0xff, 0xff, 0xff, 0xff, 0xff, 0x28,
    0x0, 0x0, 0x0, 0x0, 0x0, 0x0, 0x0, 0x0,
    0x0, 0x0, 0x3e, 0xf0, 0x83, 0x0, 0x0, 0x0,
    0x0, 0x0, 0x54, 0xff, 0xb0, 0x0, 0x0, 0x0,
    0x0, 0x0, 0x1a, 0xea, 0x27, 0x0, 0x0, 0x0,
    0x0, 0x0, 0x30, 0x5b, 0x0, 0x0, 0x0, 0x0,

    /* U+013C "ļ" */
    0x1c, 0xff, 0xfc, 0x0, 0x1c, 0xff, 0xfc, 0x0,
    0x1c, 0xff, 0xfc, 0x0, 0x1c, 0xff, 0xfc, 0x0,
    0x1c, 0xff, 0xfc, 0x0, 0x1c, 0xff, 0xfc, 0x0,
    0x1c, 0xff, 0xfc, 0x0, 0x1c, 0xff, 0xfc, 0x0,
    0x1c, 0xff, 0xfc, 0x0, 0x1c, 0xff, 0xfc, 0x0,
    0x1c, 0xff, 0xfc, 0x0, 0x0, 0x0, 0x0, 0x0,
    0xc, 0xd8, 0xc9, 0x3, 0x14, 0xf4, 0xf3, 0x8,
    0x0, 0xc1, 0x69, 0x0, 0xc, 0x7e, 0x0, 0x0,

    /* U+013D "Ľ" */
    0xd8, 0xff, 0x50, 0x0, 0x8c, 0xff, 0x8d, 0x0,
    0xd8, 0xff, 0x50, 0x0, 0x8c, 0xff, 0x58, 0x0,
    0xd8, 0xff, 0x50, 0x0, 0x8c, 0xff, 0x24, 0x0,
    0xd8, 0xff, 0x50, 0x0, 0x46, 0x7d, 0x0, 0x0,
    0xd8, 0xff, 0x50, 0x0, 0x0, 0x0, 0x0, 0x0,
    0xd8, 0xff, 0x50, 0x0, 0x0, 0x0, 0x0, 0x0,
    0xd8, 0xff, 0x50, 0x0, 0x0, 0x0, 0x0, 0x0,
    0xd8, 0xff, 0x50, 0x0, 0x0, 0x0, 0x0, 0x0,
    0xd8, 0xff, 0x55, 0x8, 0x8, 0x8, 0x8, 0x1,
    0xd8, 0xff, 0xff, 0xff, 0xff, 0xff, 0xff, 0x28,
    0xd8, 0xff, 0xff, 0xff, 0xff, 0xff, 0xff, 0x28,

    /* U+013E "ľ" */
    0xc8, 0xff, 0x50, 0xb4, 0xff, 0x69, 0xc8, 0xff,
    0x50, 0xb4, 0xff, 0x34, 0xc8, 0xff, 0x50, 0xb4,
    0xf9, 0x6, 0xc8, 0xff, 0x50, 0x5a, 0x6c, 0x0,
    0xc8, 0xff, 0x50, 0x0, 0x0, 0x0, 0xc8, 0xff,
    0x50, 0x0, 0x0, 0x0, 0xc8, 0xff, 0x50, 0x0,
    0x0, 0x0, 0xc8, 0xff, 0x50, 0x0, 0x0, 0x0,
    0xc8, 0xff, 0x50, 0x0, 0x0, 0x0, 0xc8, 0xff,
    0x50, 0x0, 0x0, 0x0, 0xc8, 0xff, 0x50, 0x0,
    0x0, 0x0,

    /* U+013F "Ŀ" */
    0xd8, 0xff, 0x50, 0x0, 0x0, 0x0, 0x0, 0x0,
    0xd8, 0xff, 0x50, 0x0, 0x0, 0x0, 0x0, 0x0,
    0xd8, 0xff, 0x50, 0x0, 0x0, 0x0, 0x0, 0x0,
    0xd8, 0xff, 0x50, 0x0, 0x0, 0x0, 0x0, 0x0,
    0xd8, 0xff, 0x50, 0x6, 0x96, 0x9c, 0xa, 0x0,
    0xd8, 0xff, 0x50, 0x4e, 0xff, 0xff, 0x5a, 0x0,
    0xd8, 0xff, 0x50, 0x16, 0xd6, 0xdc, 0x1d, 0x0,
    0xd8, 0xff, 0x50, 0x0, 0x0, 0x0, 0x0, 0x0,
    0xd8, 0xff, 0x55, 0x8, 0x8, 0x8, 0x8, 0x1,
    0xd8, 0xff, 0xff, 0xff, 0xff, 0xff, 0xff, 0x28,
    0xd8, 0xff, 0xff, 0xff, 0xff, 0xff, 0xff, 0x28,

    /* U+0141 "Ł" */
    0x0, 0x0, 0x84, 0xff, 0xa4, 0x0, 0x0, 0x0,
    0x0, 0x0, 0x0, 0x0, 0x84, 0xff, 0xa4, 0x0,
    0x0, 0x0, 0x0, 0x0, 0x0, 0x0, 0x84, 0xff,
    0xa4, 0x0, 0xe, 0x0, 0x0, 0x0, 0x0, 0x0,
    0x84, 0xff, 0xbd, 0xae, 0xd7, 0x7, 0x0, 0x0,
    0x0, 0x0, 0x84, 0xff, 0xff, 0xff, 0xaa, 0x12,
    0x0, 0x0, 0x0, 0x42, 0xda, 0xff, 0xe1, 0x43,
    0x0, 0x0, 0x0, 0x0, 0x1d, 0xf9, 0xff, 0xff,
    0xa4, 0x0, 0x0, 0x0, 0x0, 0x0, 0x0, 0x5a,
    0xa8, 0xff, 0xa4, 0x0, 0x0, 0x0, 0x0, 0x0,
    0x0, 0x0, 0x84, 0xff, 0xa6, 0x8, 0x8, 0x8,
    0x8, 0x3, 0x0, 0x0, 0x84, 0xff, 0xff, 0xff,
    0xff, 0xff, 0xff, 0x7c, 0x0, 0x0, 0x84, 0xff,
    0xff, 0xff, 0xff, 0xff, 0xff, 0x7c,

    /* U+0142 "ł" */
    0x0, 0x0, 0xc0, 0xff, 0x5c, 0x0, 0x0, 0x0,
    0x0, 0xc0, 0xff, 0x5c, 0x0, 0x0, 0x0, 0x0,
    0xc0, 0xff, 0x5c, 0x1, 0x0, 0x0, 0x0, 0xc0,
    0xff, 0xc2, 0xbf, 0x5, 0x0, 0x0, 0xc0, 0xff,
    0xff, 0xd3, 0x1d, 0x2, 0x75, 0xf9, 0xff, 0xa5,
    0x8, 0x0, 0x41, 0xff, 0xff, 0xff, 0x5c, 0x0,
    0x0, 0x0, 0x53, 0xc9, 0xff, 0x5c, 0x0, 0x0,
    0x0, 0x0, 0xc0, 0xff, 0x5c, 0x0, 0x0, 0x0,
    0x0, 0xc0, 0xff, 0x5c, 0x0, 0x0, 0x0, 0x0,
    0xc0, 0xff, 0x5c, 0x0, 0x0,

    /* U+0143 "Ń" */
    0x0, 0x0, 0x0, 0x0, 0x8, 0x28, 0x28, 0x7,
    0x0, 0x0, 0x0, 0x0, 0x0, 0x0, 0x65, 0xff,
    0xcb, 0x4, 0x0, 0x0, 0x0, 0x0, 0x0, 0x0,
    0xb4, 0xf9, 0x2c, 0x0, 0x0, 0x0, 0x0, 0x0,
    0x0, 0x0, 0x0, 0x0, 0x0, 0x0, 0x0, 0x0,
    0xd8, 0xff, 0xe7, 0xf, 0x0, 0x0, 0x0, 0xbc,
    0xff, 0x6c, 0xd8, 0xff, 0xff, 0x97, 0x0, 0x0,
    0x0, 0xbc, 0xff, 0x6c, 0xd8, 0xff, 0xff, 0xfe,
    0x39, 0x0, 0x0, 0xbc, 0xff, 0x6c, 0xd8, 0xff,
    0xb8, 0xff, 0xd2, 0x4, 0x0, 0xbc, 0xff, 0x6c,
    0xd8, 0xff, 0x45, 0xdf, 0xff, 0x77, 0x0, 0xbc,
    0xff, 0x6c, 0xd8, 0xff, 0x47, 0x49, 0xff, 0xf5,
    0x21, 0xb7, 0xff, 0x6c, 0xd8, 0xff, 0x48, 0x0,
    0xaa, 0xff, 0xb7, 0xa7, 0xff, 0x6c, 0xd8, 0xff,
    0x48, 0x0, 0x19, 0xf1, 0xff, 0xe8, 0xff, 0x6c,
    0xd8, 0xff, 0x48, 0x0, 0x0, 0x6b, 0xff, 0xff,
    0xff, 0x6c, 0xd8, 0xff, 0x48, 0x0, 0x0, 0x2,
    0xc9, 0xff, 0xff, 0x6c, 0xd8, 0xff, 0x48, 0x0,
    0x0, 0x0, 0x30, 0xfb, 0xff, 0x6c,

    /* U+0144 "ń" */
    0x0, 0x0, 0x0, 0x0, 0x98, 0xff, 0xad, 0x0,
    0x0, 0x0, 0x0, 0x0, 0x1, 0xe6, 0xea, 0x16,
    0x0, 0x0, 0x0, 0x0, 0x0, 0x3, 0x28, 0x18,
    0x0, 0x0, 0x0, 0x1c, 0xff, 0xdc, 0x4a, 0xda,
    0xf5, 0xc6, 0x33, 0x0, 0x1c, 0xff, 0xfa, 0xfc,
    0xf7, 0xfd, 0xff, 0xe5, 0x9, 0x1c, 0xff, 0xff,
    0x9e, 0x5, 0x20, 0xf2, 0xff, 0x3f, 0x1c, 0xff,
    0xff, 0x19, 0x0, 0x0, 0xc5, 0xff, 0x5a, 0x1c,
    0xff, 0xfc, 0x0, 0x0, 0x0, 0xc0, 0xff, 0x5c,
    0x1c, 0xff, 0xfc, 0x0, 0x0, 0x0, 0xc0, 0xff,
    0x5c, 0x1c, 0xff, 0xfc, 0x0, 0x0, 0x0, 0xc0,
    0xff, 0x5c, 0x1c, 0xff, 0xfc, 0x0, 0x0, 0x0,
    0xc0, 0xff, 0x5c,

    /* U+0145 "Ņ" */
    0xd8, 0xff, 0xe7, 0xf, 0x0, 0x0, 0x0, 0xbc,
    0xff, 0x6c, 0xd8, 0xff, 0xff, 0x97, 0x0, 0x0,
    0x0, 0xbc, 0xff, 0x6c, 0xd8, 0xff, 0xff, 0xfe,
    0x39, 0x0, 0x0, 0xbc, 0xff, 0x6c, 0xd8, 0xff,
    0xb8, 0xff, 0xd2, 0x4, 0x0, 0xbc, 0xff, 0x6c,
    0xd8, 0xff, 0x45, 0xdf, 0xff, 0x77, 0x0, 0xbc,
    0xff, 0x6c, 0xd8, 0xff, 0x47, 0x49, 0xff, 0xf5,
    0x21, 0xb7, 0xff, 0x6c, 0xd8, 0xff, 0x48, 0x0,
    0xaa, 0xff, 0xb7, 0xa7, 0xff, 0x6c, 0xd8, 0xff,
    0x48, 0x0, 0x19, 0xf1, 0xff, 0xe8, 0xff, 0x6c,
    0xd8, 0xff, 0x48, 0x0, 0x0, 0x6b, 0xff, 0xff,
    0xff, 0x6c, 0xd8, 0xff, 0x48, 0x0, 0x0, 0x2,
    0xc9, 0xff, 0xff, 0x6c, 0xd8, 0xff, 0x48, 0x0,
    0x0, 0x0, 0x30, 0xfb, 0xff, 0x6c, 0x0, 0x0,
    0x0, 0x0, 0x0, 0x0, 0x0, 0x0, 0x0, 0x0,
    0x0, 0x0, 0x0, 0x26, 0xe9, 0x9e, 0x0, 0x0,
    0x0, 0x0, 0x0, 0x0, 0x0, 0x37, 0xfd, 0xcd,
    0x0, 0x0, 0x0, 0x0, 0x0, 0x0, 0x0, 0xb,
    0xe0, 0x3f, 0x0, 0x0, 0x0, 0x0, 0x0, 0x0,
    0x0, 0x1f, 0x6c, 0x0, 0x0, 0x0, 0x0, 0x0,

    /* U+0146 "ņ" */
    0x1c, 0xff, 0xdc, 0x4a, 0xda, 0xf5, 0xc6, 0x33,
    0x0, 0x1c, 0xff, 0xfa, 0xfc, 0xf7, 0xfd, 0xff,
    0xe5, 0x9, 0x1c, 0xff, 0xff, 0x9e, 0x5, 0x20,
    0xf2, 0xff, 0x3f, 0x1c, 0xff, 0xff, 0x19, 0x0,
    0x0, 0xc5, 0xff, 0x5a, 0x1c, 0xff, 0xfc, 0x0,
    0x0, 0x0, 0xc0, 0xff, 0x5c, 0x1c, 0xff, 0xfc,
    0x0, 0x0, 0x0, 0xc0, 0xff, 0x5c, 0x1c, 0xff,
    0xfc, 0x0, 0x0, 0x0, 0xc0, 0xff, 0x5c, 0x1c,
    0xff, 0xfc, 0x0, 0x0, 0x0, 0xc0, 0xff, 0x5c,
    0x0, 0x0, 0x0, 0x0, 0x0, 0x0, 0x0, 0x0,
    0x0, 0x0, 0x0, 0x0, 0x44, 0xf1, 0x7c, 0x0,
    0x0, 0x0, 0x0, 0x0, 0x0, 0x5c, 0xff, 0xa8,
    0x0, 0x0, 0x0, 0x0, 0x0, 0x0, 0x1f, 0xea,
    0x22, 0x0, 0x0, 0x0, 0x0, 0x0, 0x0, 0x34,
    0x56, 0x0, 0x0, 0x0, 0x0,

    /* U+0147 "Ň" */
    0x0, 0x0, 0x6e, 0xe0, 0x64, 0xa2, 0xde, 0x43,
    0x0, 0x0, 0x0, 0x0, 0x1, 0xa9, 0xff, 0xff,
    0x6a, 0x0, 0x0, 0x0, 0x0, 0x0, 0x0, 0x7,
    0x30, 0x28, 0x0, 0x0, 0x0, 0x0, 0xd8, 0xff,
    0xe7, 0xf, 0x0, 0x0, 0x0, 0xbc, 0xff, 0x6c,
    0xd8, 0xff, 0xff, 0x97, 0x0, 0x0, 0x0, 0xbc,
    0xff, 0x6c, 0xd8, 0xff, 0xff, 0xfe, 0x39, 0x0,
    0x0, 0xbc, 0xff, 0x6c, 0xd8, 0xff, 0xb8, 0xff,
    0xd2, 0x4, 0x0, 0xbc, 0xff, 0x6c, 0xd8, 0xff,
    0x45, 0xdf, 0xff, 0x77, 0x0, 0xbc, 0xff, 0x6c,
    0xd8, 0xff, 0x47, 0x49, 0xff, 0xf5, 0x21, 0xb7,
    0xff, 0x6c, 0xd8, 0xff, 0x48, 0x0, 0xaa, 0xff,
    0xb7, 0xa7, 0xff, 0x6c, 0xd8, 0xff, 0x48, 0x0,
    0x19, 0xf1, 0xff, 0xe8, 0xff, 0x6c, 0xd8, 0xff,
    0x48, 0x0, 0x0, 0x6b, 0xff, 0xff, 0xff, 0x6c,
    0xd8, 0xff, 0x48, 0x0, 0x0, 0x2, 0xc9, 0xff,
    0xff, 0x6c, 0xd8, 0xff, 0x48, 0x0, 0x0, 0x0,
    0x30, 0xfb, 0xff, 0x6c,

    /* U+0148 "ň" */
    0x0, 0x0, 0xa8, 0xfe, 0x4b, 0xe1, 0xea, 0x22,
    0x0, 0x0, 0x0, 0x9, 0xca, 0xff, 0xf5, 0x36,
    0x0, 0x0, 0x0, 0x0, 0x0, 0xf, 0x30, 0x1e,
    0x0, 0x0, 0x0, 0x1c, 0xff, 0xdc, 0x4a, 0xda,
    0xf5, 0xc6, 0x33, 0x0, 0x1c, 0xff, 0xfa, 0xfc,
    0xf7, 0xfd, 0xff, 0xe5, 0x9, 0x1c, 0xff, 0xff,
    0x9e, 0x5, 0x20, 0xf2, 0xff, 0x3f, 0x1c, 0xff,
    0xff, 0x19, 0x0, 0x0, 0xc5, 0xff, 0x5a, 0x1c,
    0xff, 0xfc, 0x0, 0x0, 0x0, 0xc0, 0xff, 0x5c,
    0x1c, 0xff, 0xfc, 0x0, 0x0, 0x0, 0xc0, 0xff,
    0x5c, 0x1c, 0xff, 0xfc, 0x0, 0x0, 0x0, 0xc0,
    0xff, 0x5c, 0x1c, 0xff, 0xfc, 0x0, 0x0, 0x0,
    0xc0, 0xff, 0x5c,

    /* U+014A "Ŋ" */
    0xd8, 0xff, 0xe8, 0x11, 0x0, 0x0, 0x0, 0xbc,
    0xff, 0x6c, 0xd8, 0xff, 0xff, 0x9c, 0x0, 0x0,
    0x0, 0xbc, 0xff, 0x6c, 0xd8, 0xff, 0xff, 0xff,
    0x41, 0x0, 0x0, 0xbc, 0xff, 0x6c, 0xd8, 0xff,
    0xb7, 0xff, 0xdb, 0x8, 0x0, 0xbc, 0xff, 0x6c,
    0xd8, 0xff, 0x43, 0xdb, 0xff, 0x87, 0x0, 0xbc,
    0xff, 0x6c, 0xd8, 0xff, 0x47, 0x40, 0xfe, 0xfb,
    0x2f, 0xb5, 0xff, 0x6c, 0xd8, 0xff, 0x48, 0x0,
    0x9c, 0xff, 0xca, 0xa7, 0xff, 0x6c, 0xd8, 0xff,
    0x48, 0x0, 0x10, 0xe7, 0xff, 0xf4, 0xff, 0x6c,
    0xd8, 0xff, 0x48, 0x0, 0x0, 0x54, 0xff, 0xff,
    0xff, 0x6c, 0xd8, 0xff, 0x48, 0x0, 0x0, 0x0,
    0xaf, 0xff, 0xff, 0x6c, 0xd8, 0xff, 0x48, 0x0,
    0x0, 0x0, 0x1a, 0xf0, 0xff, 0x6c, 0x0, 0x0,
    0x0, 0x0, 0x0, 0x0, 0x1, 0xca, 0xff, 0x5e,
    0x0, 0x0, 0x0, 0x0, 0x0, 0x21, 0xf6, 0xff,
    0xfd, 0x29, 0x0, 0x0, 0x0, 0x0, 0x0, 0x54,
    0xf9, 0xe1, 0x64, 0x0,

    /* U+014B "ŋ" */
    0x1c, 0xff, 0xdc, 0x4a, 0xda, 0xf6, 0xca, 0x3a,
    0x0, 0x1c, 0xff, 0xfa, 0xfc, 0xf7, 0xfc, 0xff,
    0xea, 0xd, 0x1c, 0xff, 0xff, 0x9e, 0x5, 0x1d,
    0xf0, 0xff, 0x44, 0x1c, 0xff, 0xff, 0x19, 0x0,
    0x0, 0xc3, 0xff, 0x5b, 0x1c, 0xff, 0xfc, 0x0,
    0x0, 0x0, 0xc0, 0xff, 0x5c, 0x1c, 0xff, 0xfc,
    0x0, 0x0, 0x0, 0xc0, 0xff, 0x5c, 0x1c, 0xff,
    0xfc, 0x0, 0x0, 0x0, 0xc0, 0xff, 0x5c, 0x1c,
    0xff, 0xfc, 0x0, 0x0, 0x0, 0xc0, 0xff, 0x5c,
    0x0, 0x0, 0x0, 0x0, 0x0, 0x3, 0xd6, 0xff,
    0x52, 0x0, 0x0, 0x0, 0x0, 0x2a, 0xf7, 0xff,
    0xfb, 0x20, 0x0, 0x0, 0x0, 0x0, 0x5e, 0xfa,
    0xe3, 0x62, 0x0,

    /* U+014C "Ō" */
    0x0, 0x0, 0x0, 0x0, 0x75, 0x94, 0x94, 0x94,
    0x8a, 0x0, 0x0, 0x0, 0x0, 0x0, 0x0, 0x0,
    0x0, 0xcc, 0xff, 0xff, 0xff, 0xf0, 0x0, 0x0,
    0x0, 0x0, 0x0, 0x0, 0x0, 0x0, 0x0, 0x0,
    0x0, 0x0, 0x0, 0x0, 0x0, 0x0, 0x0, 0x0,
    0x0, 0x0, 0x0, 0x0, 0x0, 0x0, 0x0, 0x0,
    0x0, 0x0, 0x0, 0x0, 0x0, 0x0, 0x0, 0x37,
    0xa4, 0xe4, 0xf9, 0xea, 0xb1, 0x4a, 0x0, 0x0,
    0x0, 0x0, 0x0, 0x86, 0xfe, 0xff, 0xff, 0xff,
    0xff, 0xff, 0xff, 0xa5, 0x5, 0x0, 0x0, 0x6f,
    0xff, 0xfe, 0x9e, 0x36, 0x13, 0x30, 0x89, 0xf9,
    0xff, 0x93, 0x0, 0xa, 0xf1, 0xff, 0x79, 0x0,
    0x0, 0x0, 0x0, 0x0, 0x54, 0xff, 0xfd, 0x22,
    0x49, 0xff, 0xe8, 0x2, 0x0, 0x0, 0x0, 0x0,
    0x0, 0x0, 0xc2, 0xff, 0x6f, 0x61, 0xff, 0xc6,
    0x0, 0x0, 0x0, 0x0, 0x0, 0x0, 0x0, 0x9e,
    0xff, 0x89, 0x4a, 0xff, 0xe7, 0x2, 0x0, 0x0,
    0x0, 0x0, 0x0, 0x0, 0xc2, 0xff, 0x70, 0xb,
    0xf2, 0xff, 0x79, 0x0, 0x0, 0x0, 0x0, 0x0,
    0x54, 0xff, 0xfd, 0x24, 0x0, 0x71, 0xff, 0xfd,
    0x9a, 0x31, 0xe, 0x2b, 0x86, 0xf8, 0xff, 0x95,
    0x0, 0x0, 0x0, 0x8a, 0xff, 0xff, 0xff, 0xff,
    0xff, 0xff, 0xff, 0xa9, 0x5, 0x0, 0x0, 0x0,
    0x0, 0x3a, 0xa8, 0xe5, 0xfa, 0xeb, 0xb4, 0x4d,
    0x0, 0x0, 0x0,

    /* U+014D "ō" */
    0x0, 0x0, 0xc4, 0xff, 0xff, 0xff, 0xf8, 0x0,
    0x0, 0x0, 0x0, 0x74, 0x98, 0x98, 0x98, 0x93,
    0x0, 0x0, 0x0, 0x0, 0x0, 0x0, 0x0, 0x0,
    0x0, 0x0, 0x0, 0x0, 0x2, 0x6c, 0xda, 0xf9,
    0xe5, 0x8c, 0xc, 0x0, 0x0, 0x9f, 0xff, 0xff,
    0xf4, 0xff, 0xff, 0xd0, 0x6, 0x3d, 0xff, 0xf7,
    0x46, 0x0, 0x29, 0xe0, 0xff, 0x75, 0x7f, 0xff,
    0xa3, 0x0, 0x0, 0x0, 0x6e, 0xff, 0xb7, 0x7f,
    0xff, 0xa3, 0x0, 0x0, 0x0, 0x6e, 0xff, 0xb6,
    0x3d, 0xff, 0xf7, 0x43, 0x0, 0x27, 0xe0, 0xff,
    0x75, 0x0, 0x9f, 0xff, 0xff, 0xf3, 0xff, 0xff,
    0xd0, 0x6, 0x0, 0x2, 0x6d, 0xda, 0xfa, 0xe6,
    0x8d, 0xc, 0x0,

    /* U+014E "Ŏ" */
    0x0, 0x0, 0x0, 0x0, 0x44, 0x7d, 0x2a, 0x72,
    0x58, 0x0, 0x0, 0x0, 0x0, 0x0, 0x0, 0x0,
    0x0, 0x35, 0xf2, 0xff, 0xfb, 0x56, 0x0, 0x0,
    0x0, 0x0, 0x0, 0x0, 0x0, 0x0, 0x0, 0x13,
    0x42, 0x1d, 0x0, 0x0, 0x0, 0x0, 0x0, 0x0,
    0x0, 0x0, 0x0, 0x0, 0x0, 0x0, 0x0, 0x0,
    0x0, 0x0, 0x0, 0x0, 0x0, 0x0, 0x0, 0x37,
    0xa4, 0xe4, 0xf9, 0xea, 0xb1, 0x4a, 0x0, 0x0,
    0x0, 0x0, 0x0, 0x86, 0xfe, 0xff, 0xff, 0xff,
    0xff, 0xff, 0xff, 0xa5, 0x5, 0x0, 0x0, 0x6f,
    0xff, 0xfe, 0x9e, 0x36, 0x13, 0x30, 0x89, 0xf9,
    0xff, 0x93, 0x0, 0xa, 0xf1, 0xff, 0x79, 0x0,
    0x0, 0x0, 0x0, 0x0, 0x54, 0xff, 0xfd, 0x22,
    0x49, 0xff, 0xe8, 0x2, 0x0, 0x0, 0x0, 0x0,
    0x0, 0x0, 0xc2, 0xff, 0x6f, 0x61, 0xff, 0xc6,
    0x0, 0x0, 0x0, 0x0, 0x0, 0x0, 0x0, 0x9e,
    0xff, 0x89, 0x4a, 0xff, 0xe7, 0x2, 0x0, 0x0,
    0x0, 0x0, 0x0, 0x0, 0xc2, 0xff, 0x70, 0xb,
    0xf2, 0xff, 0x79, 0x0, 0x0, 0x0, 0x0, 0x0,
    0x54, 0xff, 0xfd, 0x24, 0x0, 0x71, 0xff, 0xfd,
    0x9a, 0x31, 0xe, 0x2b, 0x86, 0xf8, 0xff, 0x95,
    0x0, 0x0, 0x0, 0x8a, 0xff, 0xff, 0xff, 0xff,
    0xff, 0xff, 0xff, 0xa9, 0x5, 0x0, 0x0, 0x0,
    0x0, 0x3a, 0xa8, 0xe5, 0xfa, 0xeb, 0xb4, 0x4d,
    0x0, 0x0, 0x0,

    /* U+014F "ŏ" */
    0x0, 0x0, 0x0, 0x0, 0x17, 0x4, 0x0, 0x0,
    0x0, 0x0, 0x0, 0x51, 0xfc, 0xff, 0xff, 0x86,
    0x0, 0x0, 0x0, 0x0, 0x0, 0x19, 0x44, 0x28,
    0x0, 0x0, 0x0, 0x0, 0x0, 0x0, 0x0, 0x0,
    0x0, 0x0, 0x0, 0x0, 0x0, 0x2, 0x6c, 0xda,
    0xf9, 0xe5, 0x8c, 0xc, 0x0, 0x0, 0x9f, 0xff,
    0xff, 0xf4, 0xff, 0xff, 0xd0, 0x6, 0x3d, 0xff,
    0xf7, 0x46, 0x0, 0x29, 0xe0, 0xff, 0x75, 0x7f,
    0xff, 0xa3, 0x0, 0x0, 0x0, 0x6e, 0xff, 0xb7,
    0x7f, 0xff, 0xa3, 0x0, 0x0, 0x0, 0x6e, 0xff,
    0xb6, 0x3d, 0xff, 0xf7, 0x43, 0x0, 0x27, 0xe0,
    0xff, 0x75, 0x0, 0x9f, 0xff, 0xff, 0xf3, 0xff,
    0xff, 0xd0, 0x6, 0x0, 0x2, 0x6d, 0xda, 0xfa,
    0xe6, 0x8d, 0xc, 0x0,

    /* U+0150 "Ő" */
    0x0, 0x0, 0x0, 0x0, 0x40, 0xff, 0xed, 0x2f,
    0xfd, 0xfc, 0x36, 0x0, 0x0, 0x0, 0x0, 0x0,
    0x0, 0x90, 0xff, 0x5b, 0x64, 0xff, 0x87, 0x0,
    0x0, 0x0, 0x0, 0x0, 0x0, 0x0, 0x1d, 0x26,
    0x0, 0x16, 0x28, 0x5, 0x0, 0x0, 0x0, 0x0,
    0x0, 0x0, 0x0, 0x0, 0x0, 0x0, 0x0, 0x0,
    0x0, 0x0, 0x0, 0x0, 0x0, 0x0, 0x0, 0x37,
    0xa4, 0xe4, 0xf9, 0xea, 0xb1, 0x4a, 0x0, 0x0,
    0x0, 0x0, 0x0, 0x86, 0xfe, 0xff, 0xff, 0xff,
    0xff, 0xff, 0xff, 0xa5, 0x5, 0x0, 0x0, 0x6f,
    0xff, 0xfe, 0x9e, 0x36, 0x13, 0x30, 0x89, 0xf9,
    0xff, 0x93, 0x0, 0xa, 0xf1, 0xff, 0x79, 0x0,
    0x0, 0x0, 0x0, 0x0, 0x54, 0xff, 0xfd, 0x22,
    0x49, 0xff, 0xe8, 0x2, 0x0, 0x0, 0x0, 0x0,
    0x0, 0x0, 0xc2, 0xff, 0x6f, 0x61, 0xff, 0xc6,
    0x0, 0x0, 0x0, 0x0, 0x0, 0x0, 0x0, 0x9e,
    0xff, 0x89, 0x4a, 0xff, 0xe7, 0x2, 0x0, 0x0,
    0x0, 0x0, 0x0, 0x0, 0xc2, 0xff, 0x70, 0xb,
    0xf2, 0xff, 0x79, 0x0, 0x0, 0x0, 0x0, 0x0,
    0x54, 0xff, 0xfd, 0x24, 0x0, 0x71, 0xff, 0xfd,
    0x9a, 0x31, 0xe, 0x2b, 0x86, 0xf8, 0xff, 0x95,
    0x0, 0x0, 0x0, 0x8a, 0xff, 0xff, 0xff, 0xff,
    0xff, 0xff, 0xff, 0xa9, 0x5, 0x0, 0x0, 0x0,
    0x0, 0x3a, 0xa8, 0xe5, 0xfa, 0xeb, 0xb4, 0x4d,
    0x0, 0x0, 0x0,

    /* U+0151 "ő" */
    0x0, 0x0, 0x48, 0xff, 0xea, 0x34, 0xff, 0xf9,
    0x2c, 0x0, 0x0, 0x98, 0xff, 0x54, 0x70, 0xff,
    0x7b, 0x0, 0x0, 0x0, 0x1e, 0x25, 0x0, 0x18,
    0x28, 0x3, 0x0, 0x0, 0x2, 0x6c, 0xda, 0xf9,
    0xe5, 0x8c, 0xc, 0x0, 0x0, 0x9f, 0xff, 0xff,
    0xf4, 0xff, 0xff, 0xd0, 0x6, 0x3d, 0xff, 0xf7,
    0x46, 0x0, 0x29, 0xe0, 0xff, 0x75, 0x7f, 0xff,
    0xa3, 0x0, 0x0, 0x0, 0x6e, 0xff, 0xb7, 0x7f,
    0xff, 0xa3, 0x0, 0x0, 0x0, 0x6e, 0xff, 0xb6,
    0x3d, 0xff, 0xf7, 0x43, 0x0, 0x27, 0xe0, 0xff,
    0x75, 0x0, 0x9f, 0xff, 0xff, 0xf3, 0xff, 0xff,
    0xd0, 0x6, 0x0, 0x2, 0x6d, 0xda, 0xfa, 0xe6,
    0x8d, 0xc, 0x0,

    /* U+0152 "Œ" */
    0x0, 0x0, 0x0, 0x3f, 0xad, 0xe9, 0xfa, 0xe5,
    0xa4, 0x2a, 0xc4, 0xff, 0xff, 0xff, 0xff, 0xff,
    0xff, 0x80, 0x0, 0x0, 0x8f, 0xff, 0xff, 0xff,
    0xff, 0xff, 0xff, 0xf5, 0xeb, 0xff, 0xff, 0xff,
    0xff, 0xff, 0xff, 0x80, 0x0, 0x74, 0xff, 0xfe,
    0x9e, 0x36, 0x13, 0x30, 0x89, 0xf9, 0xff, 0xff,
    0x68, 0x8, 0x8, 0x8, 0x8, 0x4, 0xb, 0xf3,
    0xff, 0x79, 0x0, 0x0, 0x0, 0x0, 0x0, 0x54,
    0xff, 0xff, 0x64, 0x0, 0x0, 0x0, 0x0, 0x0,
    0x4a, 0xff, 0xe8, 0x2, 0x0, 0x0, 0x0, 0x0,
    0x0, 0x0, 0xc2, 0xff, 0xff, 0xff, 0xff, 0xff,
    0xfc, 0x0, 0x62, 0xff, 0xc6, 0x0, 0x0, 0x0,
    0x0, 0x0, 0x0, 0x0, 0x9e, 0xff, 0xff, 0xff,
    0xff, 0xff, 0xfc, 0x0, 0x4b, 0xff, 0xe7, 0x2,
    0x0, 0x0, 0x0, 0x0, 0x0, 0x0, 0xc2, 0xff,
    0x66, 0x4, 0x4, 0x4, 0x3, 0x0, 0xc, 0xf4,
    0xff, 0x79, 0x0, 0x0, 0x0, 0x0, 0x0, 0x54,
    0xff, 0xff, 0x64, 0x0, 0x0, 0x0, 0x0, 0x0,
    0x0, 0x76, 0xff, 0xfd, 0x9a, 0x31, 0xe, 0x2b,
    0x86, 0xf8, 0xff, 0xff, 0x68, 0x8, 0x8, 0x8,
    0x8, 0x4, 0x0, 0x1, 0x92, 0xff, 0xff, 0xff,
    0xff, 0xff, 0xff, 0xf7, 0xed, 0xff, 0xff, 0xff,
    0xff, 0xff, 0xff, 0x80, 0x0, 0x0, 0x0, 0x42,
    0xb0, 0xea, 0xfb, 0xe7, 0xa8, 0x2e, 0xc4, 0xff,
    0xff, 0xff, 0xff, 0xff, 0xff, 0x80,

    /* U+0153 "œ" */
    0x0, 0x2, 0x6c, 0xda, 0xf9, 0xe0, 0x7f, 0x5,
    0x32, 0xbc, 0xf5, 0xee, 0xa5, 0x19, 0x0, 0x0,
    0x9f, 0xff, 0xff, 0xf4, 0xff, 0xff, 0xbc, 0xf4,
    0xff, 0xf6, 0xfa, 0xff, 0xe5, 0xe, 0x3d, 0xff,
    0xf8, 0x48, 0x0, 0x2b, 0xe2, 0xff, 0xfd, 0x6a,
    0x27, 0x2b, 0xb0, 0xff, 0x7e, 0x7f, 0xff, 0xa5,
    0x0, 0x0, 0x0, 0x70, 0xff, 0xff, 0xff, 0xff,
    0xff, 0xff, 0xff, 0xb0, 0x7f, 0xff, 0xa0, 0x0,
    0x0, 0x0, 0x6b, 0xff, 0xea, 0x54, 0x54, 0x54,
    0x54, 0x54, 0x3a, 0x3d, 0xff, 0xf3, 0x32, 0x0,
    0x19, 0xd8, 0xff, 0xff, 0x60, 0x0, 0x3, 0x96,
    0xa7, 0x25, 0x0, 0x9f, 0xff, 0xfd, 0xdf, 0xf8,
    0xff, 0xbf, 0xf6, 0xff, 0xe3, 0xeb, 0xff, 0xf2,
    0x2c, 0x0, 0x2, 0x6d, 0xda, 0xfa, 0xe1, 0x7f,
    0x6, 0x35, 0xbd, 0xf5, 0xee, 0xaf, 0x2a, 0x0,

    /* U+0154 "Ŕ" */
    0x0, 0x0, 0x0, 0x11, 0x28, 0x27, 0x0, 0x0,
    0x0, 0x0, 0x0, 0x0, 0x9d, 0xff, 0x9a, 0x0,
    0x0, 0x0, 0x0, 0x0, 0x2, 0xe9, 0xe0, 0xd,
    0x0, 0x0, 0x0, 0x0, 0x0, 0x0, 0x0, 0x0,
    0x0, 0x0, 0x0, 0x0, 0xd8, 0xff, 0xff, 0xff,
    0xfa, 0xd3, 0x58, 0x0, 0x0, 0xd8, 0xff, 0xfa,
    0xf8, 0xfc, 0xff, 0xff, 0x6f, 0x0, 0xd8, 0xff,
    0x50, 0x0, 0x5, 0x78, 0xff, 0xf4, 0x7, 0xd8,
    0xff, 0x50, 0x0, 0x0, 0x10, 0xff, 0xff, 0x1e,
    0xd8, 0xff, 0x50, 0x0, 0x9, 0x80, 0xff, 0xeb,
    0x2, 0xd8, 0xff, 0xff, 0xff, 0xff, 0xff, 0xfc,
    0x57, 0x0, 0xd8, 0xff, 0xfa, 0xfd, 0xff, 0xe3,
    0x3a, 0x0, 0x0, 0xd8, 0xff, 0x50, 0x4d, 0xff,
    0xfc, 0x3b, 0x0, 0x0, 0xd8, 0xff, 0x50, 0x0,
    0x90, 0xff, 0xe1, 0x10, 0x0, 0xd8, 0xff, 0x50,
    0x0, 0x6, 0xcc, 0xff, 0xab, 0x0, 0xd8, 0xff,
    0x50, 0x0, 0x0, 0x24, 0xf2, 0xff, 0x66,

    /* U+0155 "ŕ" */
    0x0, 0x0, 0x0, 0xc4, 0xff, 0x82, 0x0, 0x0,
    0x0, 0x16, 0xfd, 0xd1, 0x6, 0x0, 0x0, 0x0,
    0xa, 0x28, 0x12, 0x0, 0x0, 0x1c, 0xff, 0xdc,
    0x68, 0xe1, 0xfd, 0x4d, 0x1c, 0xff, 0xfd, 0xff,
    0xd5, 0xd0, 0xc, 0x1c, 0xff, 0xff, 0x85, 0x0,
    0x0, 0x0, 0x1c, 0xff, 0xff, 0x12, 0x0, 0x0,
    0x0, 0x1c, 0xff, 0xfc, 0x0, 0x0, 0x0, 0x0,
    0x1c, 0xff, 0xfc, 0x0, 0x0, 0x0, 0x0, 0x1c,
    0xff, 0xfc, 0x0, 0x0, 0x0, 0x0, 0x1c, 0xff,
    0xfc, 0x0, 0x0, 0x0, 0x0,

    /* U+0156 "Ŗ" */
    0xd8, 0xff, 0xff, 0xff, 0xfa, 0xd3, 0x58, 0x0,
    0x0, 0xd8, 0xff, 0xfa, 0xf8, 0xfc, 0xff, 0xff,
    0x6f, 0x0, 0xd8, 0xff, 0x50, 0x0, 0x5, 0x78,
    0xff, 0xf4, 0x7, 0xd8, 0xff, 0x50, 0x0, 0x0,
    0x10, 0xff, 0xff, 0x1e, 0xd8, 0xff, 0x50, 0x0,
    0x9, 0x80, 0xff, 0xeb, 0x2, 0xd8, 0xff, 0xff,
    0xff, 0xff, 0xff, 0xfc, 0x57, 0x0, 0xd8, 0xff,
    0xfa, 0xfd, 0xff, 0xe3, 0x3a, 0x0, 0x0, 0xd8,
    0xff, 0x50, 0x4d, 0xff, 0xfc, 0x3b, 0x0, 0x0,
    0xd8, 0xff, 0x50, 0x0, 0x90, 0xff, 0xe1, 0x10,
    0x0, 0xd8, 0xff, 0x50, 0x0, 0x6, 0xcc, 0xff,
    0xab, 0x0, 0xd8, 0xff, 0x50, 0x0, 0x0, 0x24,
    0xf2, 0xff, 0x66, 0x0, 0x0, 0x0, 0x0, 0x0,
    0x0, 0x0, 0x0, 0x0, 0x0, 0x0, 0x0, 0xa6,
    0xe8, 0x23, 0x0, 0x0, 0x0, 0x0, 0x0, 0x0,
    0xc8, 0xff, 0x3c, 0x0, 0x0, 0x0, 0x0, 0x0,
    0x0, 0x82, 0xa9, 0x0, 0x0, 0x0, 0x0, 0x0,
    0x0, 0x0, 0x79, 0x12, 0x0, 0x0, 0x0, 0x0,

    /* U+0157 "ŗ" */
    0x1c, 0xff, 0xdc, 0x68, 0xe1, 0xfd, 0x4d, 0x1c,
    0xff, 0xfd, 0xff, 0xd5, 0xd0, 0xc, 0x1c, 0xff,
    0xff, 0x85, 0x0, 0x0, 0x0, 0x1c, 0xff, 0xff,
    0x12, 0x0, 0x0, 0x0, 0x1c, 0xff, 0xfc, 0x0,
    0x0, 0x0, 0x0, 0x1c, 0xff, 0xfc, 0x0, 0x0,
    0x0, 0x0, 0x1c, 0xff, 0xfc, 0x0, 0x0, 0x0,
    0x0, 0x1c, 0xff, 0xfc, 0x0, 0x0, 0x0, 0x0,
    0x0, 0x0, 0x0, 0x0, 0x0, 0x0, 0x0, 0x9,
    0xd4, 0xcf, 0x5, 0x0, 0x0, 0x0, 0xe, 0xf1,
    0xf6, 0xd, 0x0, 0x0, 0x0, 0x0, 0xb9, 0x71,
    0x0, 0x0, 0x0, 0x0, 0x9, 0x80, 0x1, 0x0,
    0x0, 0x0, 0x0,

    /* U+0158 "Ř" */
    0x0, 0x77, 0xe0, 0x5a, 0xab, 0xdc, 0x3a, 0x0,
    0x0, 0x0, 0x3, 0xb1, 0xff, 0xfe, 0x61, 0x0,
    0x0, 0x0, 0x0, 0x0, 0x8, 0x30, 0x27, 0x0,
    0x0, 0x0, 0x0, 0xd8, 0xff, 0xff, 0xff, 0xfa,
    0xd3, 0x58, 0x0, 0x0, 0xd8, 0xff, 0xfa, 0xf8,
    0xfc, 0xff, 0xff, 0x6f, 0x0, 0xd8, 0xff, 0x50,
    0x0, 0x5, 0x78, 0xff, 0xf4, 0x7, 0xd8, 0xff,
    0x50, 0x0, 0x0, 0x10, 0xff, 0xff, 0x1e, 0xd8,
    0xff, 0x50, 0x0, 0x9, 0x80, 0xff, 0xeb, 0x2,
    0xd8, 0xff, 0xff, 0xff, 0xff, 0xff, 0xfc, 0x57,
    0x0, 0xd8, 0xff, 0xfa, 0xfd, 0xff, 0xe3, 0x3a,
    0x0, 0x0, 0xd8, 0xff, 0x50, 0x4d, 0xff, 0xfc,
    0x3b, 0x0, 0x0, 0xd8, 0xff, 0x50, 0x0, 0x90,
    0xff, 0xe1, 0x10, 0x0, 0xd8, 0xff, 0x50, 0x0,
    0x6, 0xcc, 0xff, 0xab, 0x0, 0xd8, 0xff, 0x50,
    0x0, 0x0, 0x24, 0xf2, 0xff, 0x66,

    /* U+0159 "ř" */
    0xc, 0xd1, 0xef, 0x42, 0xf9, 0xce, 0xb, 0x0,
    0x1e, 0xe8, 0xff, 0xe1, 0x19, 0x0, 0x0, 0x0,
    0x19, 0x30, 0x15, 0x0, 0x0, 0x1c, 0xff, 0xdc,
    0x68, 0xe1, 0xfd, 0x4d, 0x1c, 0xff, 0xfd, 0xff,
    0xd5, 0xd0, 0xc, 0x1c, 0xff, 0xff, 0x85, 0x0,
    0x0, 0x0, 0x1c, 0xff, 0xff, 0x12, 0x0, 0x0,
    0x0, 0x1c, 0xff, 0xfc, 0x0, 0x0, 0x0, 0x0,
    0x1c, 0xff, 0xfc, 0x0, 0x0, 0x0, 0x0, 0x1c,
    0xff, 0xfc, 0x0, 0x0, 0x0, 0x0, 0x1c, 0xff,
    0xfc, 0x0, 0x0, 0x0, 0x0,

    /* U+015A "Ś" */
    0x0, 0x0, 0x0, 0x0, 0xd1, 0xff, 0x72, 0x0,
    0x0, 0x0, 0x0, 0x0, 0x22, 0xff, 0xc5, 0x2,
    0x0, 0x0, 0x0, 0x0, 0x0, 0xc, 0x28, 0xf,
    0x0, 0x0, 0x0, 0x0, 0x0, 0x0, 0x0, 0x0,
    0x0, 0x0, 0x0, 0x0, 0x0, 0xb, 0x83, 0xda,
    0xf6, 0xda, 0x83, 0x9, 0x0, 0x0, 0xb0, 0xff,
    0xff, 0xfd, 0xff, 0xff, 0xad, 0x0, 0x20, 0xff,
    0xfc, 0x41, 0x2, 0x3c, 0xe6, 0x9f, 0xa, 0xf,
    0xfd, 0xfa, 0x28, 0x0, 0x0, 0x2, 0x0, 0x0,
    0x0, 0x86, 0xff, 0xf8, 0xa6, 0x50, 0x4, 0x0,
    0x0, 0x0, 0x0, 0x54, 0xc7, 0xff, 0xff, 0xe3,
    0x4b, 0x0, 0x0, 0x0, 0x0, 0x0, 0x23, 0x90,
    0xfe, 0xfa, 0x31, 0x1b, 0x75, 0x6e, 0x0, 0x0,
    0x0, 0xac, 0xff, 0x80, 0x55, 0xff, 0xf9, 0x5c,
    0xe, 0x30, 0xe0, 0xff, 0x7c, 0x2, 0xb0, 0xff,
    0xff, 0xff, 0xff, 0xff, 0xe3, 0x1b, 0x0, 0x5,
    0x74, 0xd6, 0xf6, 0xe3, 0x9a, 0x1f, 0x0,

    /* U+015B "ś" */
    0x0, 0x0, 0x0, 0x88, 0xff, 0xbd, 0x1, 0x0,
    0x0, 0x0, 0x0, 0xd8, 0xf3, 0x20, 0x0, 0x0,
    0x0, 0x0, 0x0, 0x28, 0x1b, 0x0, 0x0, 0x0,
    0x0, 0x3f, 0xc2, 0xf2, 0xef, 0xb2, 0x28, 0x0,
    0x19, 0xf6, 0xfe, 0xc1, 0xd7, 0xff, 0xe3, 0x8,
    0x3e, 0xff, 0xdd, 0x1e, 0x2, 0x5c, 0x17, 0x0,
    0x7, 0xc6, 0xff, 0xff, 0xda, 0x90, 0x1c, 0x0,
    0x0, 0x4, 0x53, 0x95, 0xd6, 0xff, 0xe7, 0x12,
    0x2d, 0xa2, 0x8e, 0x2, 0x2, 0xdc, 0xff, 0x49,
    0x38, 0xf8, 0xff, 0xe6, 0xeb, 0xff, 0xed, 0x14,
    0x0, 0x3a, 0xbb, 0xef, 0xee, 0xb7, 0x30, 0x0,

    /* U+015C "Ŝ" */
    0x0, 0x0, 0x14, 0xd7, 0xff, 0xc7, 0x9, 0x0,
    0x0, 0x0, 0xd, 0xcc, 0xf7, 0x6a, 0xfb, 0xb0,
    0x3, 0x0, 0x0, 0x4, 0x10, 0xc, 0x0, 0xd,
    0x10, 0x2, 0x0, 0x0, 0x0, 0x0, 0x0, 0x0,
    0x0, 0x0, 0x0, 0x0, 0x0, 0xb, 0x83, 0xda,
    0xf6, 0xda, 0x83, 0x9, 0x0, 0x0, 0xb0, 0xff,
    0xff, 0xfd, 0xff, 0xff, 0xad, 0x0, 0x20, 0xff,
    0xfc, 0x41, 0x2, 0x3c, 0xe6, 0x9f, 0xa, 0xf,
    0xfd, 0xfa, 0x28, 0x0, 0x0, 0x2, 0x0, 0x0,
    0x0, 0x86, 0xff, 0xf8, 0xa6, 0x50, 0x4, 0x0,
    0x0, 0x0, 0x0, 0x54, 0xc7, 0xff, 0xff, 0xe3,
    0x4b, 0x0, 0x0, 0x0, 0x0, 0x0, 0x23, 0x90,
    0xfe, 0xfa, 0x31, 0x1b, 0x75, 0x6e, 0x0, 0x0,
    0x0, 0xac, 0xff, 0x80, 0x55, 0xff, 0xf9, 0x5c,
    0xe, 0x30, 0xe0, 0xff, 0x7c, 0x2, 0xb0, 0xff,
    0xff, 0xff, 0xff, 0xff, 0xe3, 0x1b, 0x0, 0x5,
    0x74, 0xd6, 0xf6, 0xe3, 0x9a, 0x1f, 0x0,

    /* U+015D "ŝ" */
    0x0, 0x0, 0x74, 0xff, 0xfb, 0x49, 0x0, 0x0,
    0x0, 0x66, 0xff, 0x9e, 0xbf, 0xf4, 0x33, 0x0,
    0x0, 0xd, 0x10, 0x3, 0x5, 0x10, 0xa, 0x0,
    0x0, 0x3f, 0xc2, 0xf2, 0xef, 0xb2, 0x28, 0x0,
    0x19, 0xf6, 0xfe, 0xc1, 0xd7, 0xff, 0xe3, 0x8,
    0x3e, 0xff, 0xdd, 0x1e, 0x2, 0x5c, 0x17, 0x0,
    0x7, 0xc6, 0xff, 0xff, 0xda, 0x90, 0x1c, 0x0,
    0x0, 0x4, 0x53, 0x95, 0xd6, 0xff, 0xe7, 0x12,
    0x2d, 0xa2, 0x8e, 0x2, 0x2, 0xdc, 0xff, 0x49,
    0x38, 0xf8, 0xff, 0xe6, 0xeb, 0xff, 0xed, 0x14,
    0x0, 0x3a, 0xbb, 0xef, 0xee, 0xb7, 0x30, 0x0,

    /* U+015E "Ş" */
    0x0, 0xa, 0x7f, 0xd7, 0xf5, 0xd7, 0x7f, 0x8,
    0x0, 0x0, 0xab, 0xff, 0xff, 0xfd, 0xff, 0xff,
    0xac, 0x0, 0x1e, 0xff, 0xfc, 0x41, 0x2, 0x3d,
    0xe9, 0xa2, 0xa, 0x13, 0xfe, 0xfa, 0x28, 0x0,
    0x0, 0x3, 0x0, 0x0, 0x0, 0x9c, 0xff, 0xf8,
    0xa3, 0x4c, 0x3, 0x0, 0x0, 0x0, 0x2, 0x71,
    0xe4, 0xff, 0xff, 0xe3, 0x4b, 0x0, 0x0, 0x0,
    0x0, 0x2, 0x43, 0xb4, 0xff, 0xfa, 0x30, 0x6,
    0x50, 0x53, 0x0, 0x0, 0x0, 0xb8, 0xff, 0x7f,
    0x67, 0xff, 0xee, 0x31, 0x0, 0xc, 0xd0, 0xff,
    0x7d, 0x7, 0xc5, 0xff, 0xfd, 0xde, 0xf4, 0xff,
    0xe7, 0x1c, 0x0, 0xb, 0x82, 0xdc, 0xff, 0xe9,
    0xa6, 0x25, 0x0, 0x0, 0x0, 0x0, 0x68, 0xeb,
    0x7d, 0x9, 0x0, 0x0, 0x0, 0x0, 0x0, 0x32,
    0x61, 0xdc, 0x6b, 0x0, 0x0, 0x0, 0x0, 0x0,
    0x5e, 0xf2, 0xd8, 0x27, 0x0, 0x0,

    /* U+015F "ş" */
    0x0, 0x42, 0xc3, 0xf2, 0xef, 0xb2, 0x28, 0x0,
    0x1b, 0xf8, 0xfe, 0xc1, 0xd5, 0xff, 0xe2, 0x8,
    0x3c, 0xff, 0xdf, 0x2c, 0x2, 0x54, 0x13, 0x0,
    0x4, 0xb2, 0xff, 0xff, 0xec, 0xa5, 0x2b, 0x0,
    0x0, 0x0, 0x38, 0x79, 0xb9, 0xff, 0xf2, 0x1b,
    0x3c, 0xbf, 0xab, 0xe, 0x10, 0xdd, 0xff, 0x47,
    0x23, 0xe7, 0xff, 0xfd, 0xfe, 0xff, 0xd2, 0xa,
    0x0, 0x14, 0x7a, 0xe9, 0xc0, 0x71, 0xa, 0x0,
    0x0, 0x0, 0xc, 0xf3, 0xd8, 0x63, 0x0, 0x0,
    0x0, 0x0, 0xa, 0x5e, 0x70, 0xe3, 0x0, 0x0,
    0x0, 0x0, 0x11, 0xcd, 0xf3, 0x76, 0x0, 0x0,

    /* U+0160 "Š" */
    0x0, 0x3, 0xa9, 0xdb, 0x3b, 0xce, 0xca, 0x17,
    0x0, 0x0, 0x0, 0x16, 0xdd, 0xff, 0xf0, 0x31,
    0x0, 0x0, 0x0, 0x0, 0x0, 0x14, 0x30, 0x1b,
    0x0, 0x0, 0x0, 0x0, 0x0, 0x0, 0x0, 0x0,
    0x0, 0x0, 0x0, 0x0, 0x0, 0xb, 0x83, 0xda,
    0xf6, 0xda, 0x83, 0x9, 0x0, 0x0, 0xb0, 0xff,
    0xff, 0xfd, 0xff, 0xff, 0xad, 0x0, 0x20, 0xff,
    0xfc, 0x41, 0x2, 0x3c, 0xe6, 0x9f, 0xa, 0xf,
    0xfd, 0xfa, 0x28, 0x0, 0x0, 0x2, 0x0, 0x0,
    0x0, 0x86, 0xff, 0xf8, 0xa6, 0x50, 0x4, 0x0,
    0x0, 0x0, 0x0, 0x54, 0xc7, 0xff, 0xff, 0xe3,
    0x4b, 0x0, 0x0, 0x0, 0x0, 0x0, 0x23, 0x90,
    0xfe, 0xfa, 0x31, 0x1b, 0x75, 0x6e, 0x0, 0x0,
    0x0, 0xac, 0xff, 0x80, 0x55, 0xff, 0xf9, 0x5c,
    0xe, 0x30, 0xe0, 0xff, 0x7c, 0x2, 0xb0, 0xff,
    0xff, 0xff, 0xff, 0xff, 0xe3, 0x1b, 0x0, 0x5,
    0x74, 0xd6, 0xf6, 0xe3, 0x9a, 0x1f, 0x0,

    /* U+0161 "š" */
    0x0, 0x40, 0xdc, 0xff, 0xff, 0xbb, 0x25, 0x0,
    0x0, 0x0, 0x9, 0x30, 0x2b, 0x0, 0x0, 0x0,
    0x0, 0x0, 0x0, 0x0, 0x0, 0x0, 0x0, 0x0,
    0x0, 0x3f, 0xc2, 0xf2, 0xef, 0xb2, 0x28, 0x0,
    0x19, 0xf6, 0xfe, 0xc1, 0xd7, 0xff, 0xe3, 0x8,
    0x3e, 0xff, 0xdd, 0x1e, 0x2, 0x5c, 0x17, 0x0,
    0x7, 0xc6, 0xff, 0xff, 0xda, 0x90, 0x1c, 0x0,
    0x0, 0x4, 0x53, 0x95, 0xd6, 0xff, 0xe7, 0x12,
    0x2d, 0xa2, 0x8e, 0x2, 0x2, 0xdc, 0xff, 0x49,
    0x38, 0xf8, 0xff, 0xe6, 0xeb, 0xff, 0xed, 0x14,
    0x0, 0x3a, 0xbb, 0xef, 0xee, 0xb7, 0x30, 0x0,

    /* U+0162 "Ţ" */
    0x9c, 0xff, 0xff, 0xff, 0xff, 0xff, 0xff, 0xff,
    0xf0, 0x9c, 0xff, 0xff, 0xff, 0xff, 0xff, 0xff,
    0xff, 0xf0, 0x4, 0x8, 0x8, 0x70, 0xff, 0xc2,
    0x8, 0x8, 0x7, 0x0, 0x0, 0x0, 0x6c, 0xff,
    0xc0, 0x0, 0x0, 0x0, 0x0, 0x0, 0x0, 0x6c,
    0xff, 0xc0, 0x0, 0x0, 0x0, 0x0, 0x0, 0x0,
    0x6c, 0xff, 0xc0, 0x0, 0x0, 0x0, 0x0, 0x0,
    0x0, 0x6c, 0xff, 0xc0, 0x0, 0x0, 0x0, 0x0,
    0x0, 0x0, 0x6c, 0xff, 0xc0, 0x0, 0x0, 0x0,
    0x0, 0x0, 0x0, 0x6c, 0xff, 0xc0, 0x0, 0x0,
    0x0, 0x0, 0x0, 0x0, 0x6c, 0xff, 0xc0, 0x0,
    0x0, 0x0, 0x0, 0x0, 0x0, 0x6c, 0xff, 0xc0,
    0x0, 0x0, 0x0, 0x0, 0x0, 0x0, 0x37, 0xf8,
    0x69, 0xa, 0x0, 0x0, 0x0, 0x0, 0x0, 0x2b,
    0x74, 0xca, 0x85, 0x0, 0x0, 0x0, 0x0, 0x0,
    0x45, 0xec, 0xe5, 0x42, 0x0, 0x0,

    /* U+0163 "ţ" */
    0x0, 0x3c, 0xff, 0xdc, 0x0, 0x0, 0x0, 0x0,
    0x3c, 0xff, 0xdc, 0x0, 0x0, 0x0, 0x0, 0x3c,
    0xff, 0xdc, 0x0, 0x0, 0x0, 0x9c, 0xff, 0xff,
    0xff, 0xff, 0xc8, 0x0, 0x77, 0xd2, 0xff, 0xf7,
    0xc4, 0x99, 0x0, 0x0, 0x3c, 0xff, 0xdc, 0x0,
    0x0, 0x0, 0x0, 0x3c, 0xff, 0xdc, 0x0, 0x0,
    0x0, 0x0, 0x3c, 0xff, 0xdc, 0x0, 0x0, 0x0,
    0x0, 0x30, 0xff, 0xf2, 0x12, 0x6, 0x0, 0x0,
    0x9, 0xeb, 0xff, 0xfa, 0xb5, 0x0, 0x0, 0x0,
    0x42, 0xf2, 0xfb, 0xd2, 0x3, 0x0, 0x0, 0x2b,
    0xfb, 0x7f, 0x14, 0x0, 0x0, 0x0, 0x1d, 0x71,
    0xb6, 0x9c, 0x0, 0x0, 0x0, 0x33, 0xe6, 0xea,
    0x4f, 0x0,

    /* U+0164 "Ť" */
    0x0, 0x0, 0x97, 0xdf, 0x43, 0xc2, 0xd3, 0x23,
    0x0, 0x0, 0x0, 0xb, 0xcc, 0xff, 0xf7, 0x42,
    0x0, 0x0, 0x0, 0x0, 0x0, 0xf, 0x30, 0x1f,
    0x0, 0x0, 0x0, 0x9c, 0xff, 0xff, 0xff, 0xff,
    0xff, 0xff, 0xff, 0xf0, 0x9c, 0xff, 0xff, 0xff,
    0xff, 0xff, 0xff, 0xff, 0xf0, 0x4, 0x8, 0x8,
    0x70, 0xff, 0xc2, 0x8, 0x8, 0x7, 0x0, 0x0,
    0x0, 0x6c, 0xff, 0xc0, 0x0, 0x0, 0x0, 0x0,
    0x0, 0x0, 0x6c, 0xff, 0xc0, 0x0, 0x0, 0x0,
    0x0, 0x0, 0x0, 0x6c, 0xff, 0xc0, 0x0, 0x0,
    0x0, 0x0, 0x0, 0x0, 0x6c, 0xff, 0xc0, 0x0,
    0x0, 0x0, 0x0, 0x0, 0x0, 0x6c, 0xff, 0xc0,
    0x0, 0x0, 0x0, 0x0, 0x0, 0x0, 0x6c, 0xff,
    0xc0, 0x0, 0x0, 0x0, 0x0, 0x0, 0x0, 0x6c,
    0xff, 0xc0, 0x0, 0x0, 0x0, 0x0, 0x0, 0x0,
    0x6c, 0xff, 0xc0, 0x0, 0x0, 0x0,

    /* U+0165 "ť" */
    0x0, 0x0, 0x0, 0x0, 0x48, 0xff, 0x84, 0x0,
    0x2f, 0xcc, 0xaf, 0x48, 0xff, 0x57, 0x0, 0x3c,
    0xff, 0xdc, 0x32, 0xb4, 0x21, 0x9c, 0xff, 0xff,
    0xff, 0xff, 0xc8, 0x0, 0x77, 0xd2, 0xff, 0xf7,
    0xc4, 0x99, 0x0, 0x0, 0x3c, 0xff, 0xdc, 0x0,
    0x0, 0x0, 0x0, 0x3c, 0xff, 0xdc, 0x0, 0x0,
    0x0, 0x0, 0x3c, 0xff, 0xdc, 0x0, 0x0, 0x0,
    0x0, 0x30, 0xff, 0xf3, 0x14, 0x7, 0x0, 0x0,
    0x9, 0xeb, 0xff, 0xfc, 0xb6, 0x0, 0x0, 0x0,
    0x42, 0xd6, 0xf9, 0xd2, 0x3,

    /* U+0166 "Ŧ" */
    0x9c, 0xff, 0xff, 0xff, 0xff, 0xff, 0xff, 0xff,
    0xf0, 0x9c, 0xff, 0xff, 0xff, 0xff, 0xff, 0xff,
    0xff, 0xf0, 0x4, 0x8, 0x8, 0x70, 0xff, 0xc2,
    0x8, 0x8, 0x7, 0x0, 0x0, 0x0, 0x6c, 0xff,
    0xc0, 0x0, 0x0, 0x0, 0x0, 0x4d, 0xac, 0xcf,
    0xff, 0xeb, 0xac, 0x83, 0x0, 0x0, 0x74, 0xff,
    0xff, 0xff, 0xff, 0xff, 0xc4, 0x0, 0x0, 0x0,
    0x0, 0x6c, 0xff, 0xc0, 0x0, 0x0, 0x0, 0x0,
    0x0, 0x0, 0x6c, 0xff, 0xc0, 0x0, 0x0, 0x0,
    0x0, 0x0, 0x0, 0x6c, 0xff, 0xc0, 0x0, 0x0,
    0x0, 0x0, 0x0, 0x0, 0x6c, 0xff, 0xc0, 0x0,
    0x0, 0x0, 0x0, 0x0, 0x0, 0x6c, 0xff, 0xc0,
    0x0, 0x0, 0x0,

    /* U+0167 "ŧ" */
    0x0, 0x1e, 0x80, 0x6e, 0x0, 0x0, 0x0, 0x0,
    0x3c, 0xff, 0xdc, 0x0, 0x0, 0x0, 0x0, 0x3c,
    0xff, 0xdc, 0x0, 0x0, 0x0, 0x9c, 0xff, 0xff,
    0xff, 0xff, 0xc8, 0x0, 0x77, 0xd2, 0xff, 0xf7,
    0xc4, 0x99, 0x0, 0x0, 0x3c, 0xff, 0xdc, 0x0,
    0x0, 0x0, 0x9c, 0xff, 0xff, 0xff, 0xff, 0x8c,
    0x0, 0x5a, 0xad, 0xff, 0xf0, 0x94, 0x50, 0x0,
    0x0, 0x33, 0xff, 0xf1, 0x17, 0x6, 0x0, 0x0,
    0xb, 0xf0, 0xff, 0xfd, 0xb4, 0x0, 0x0, 0x0,
    0x47, 0xd7, 0xf9, 0xd2, 0x3,

    /* U+0168 "Ũ" */
    0x0, 0x0, 0x0, 0x48, 0x84, 0x47, 0x3c, 0x90,
    0x14, 0x0, 0x0, 0x0, 0x3b, 0xff, 0xff, 0xff,
    0xff, 0xe6, 0x6, 0x0, 0x0, 0x0, 0x41, 0x93,
    0x1c, 0x66, 0x86, 0x26, 0x0, 0x0, 0x0, 0x0,
    0x0, 0x0, 0x0, 0x0, 0x0, 0x0, 0x0, 0x0,
    0x1c, 0xff, 0xff, 0x10, 0x0, 0x0, 0x0, 0x5c,
    0xff, 0xd0, 0x1c, 0xff, 0xff, 0x10, 0x0, 0x0,
    0x0, 0x5c, 0xff, 0xd0, 0x1c, 0xff, 0xff, 0x10,
    0x0, 0x0, 0x0, 0x5c, 0xff, 0xd0, 0x1c, 0xff,
    0xff, 0x10, 0x0, 0x0, 0x0, 0x5c, 0xff, 0xd0,
    0x1c, 0xff, 0xff, 0x10, 0x0, 0x0, 0x0, 0x5c,
    0xff, 0xd0, 0x1c, 0xff, 0xff, 0x10, 0x0, 0x0,
    0x0, 0x5c, 0xff, 0xd0, 0x19, 0xff, 0xff, 0x13,
    0x0, 0x0, 0x0, 0x60, 0xff, 0xcd, 0x6, 0xfb,
    0xff, 0x3f, 0x0, 0x0, 0x0, 0x8c, 0xff, 0xb3,
    0x0, 0xb3, 0xff, 0xd2, 0x34, 0x10, 0x58, 0xf5,
    0xff, 0x66, 0x0, 0x21, 0xf2, 0xff, 0xff, 0xff,
    0xff, 0xff, 0xc2, 0x5, 0x0, 0x0, 0x29, 0xaa,
    0xec, 0xfa, 0xdb, 0x81, 0x8, 0x0,

    /* U+0169 "ũ" */
    0x0, 0x3, 0xa3, 0xf8, 0xff, 0xff, 0xff, 0x53,
    0x0, 0x0, 0x15, 0x90, 0x90, 0x90, 0x8d, 0x5a,
    0x0, 0x0, 0x0, 0x0, 0x0, 0x0, 0x0, 0x0,
    0x0, 0x0, 0x0, 0x2c, 0xff, 0xec, 0x0, 0x0,
    0x0, 0xd0, 0xff, 0x48, 0x2c, 0xff, 0xec, 0x0,
    0x0, 0x0, 0xd0, 0xff, 0x48, 0x2c, 0xff, 0xec,
    0x0, 0x0, 0x0, 0xd0, 0xff, 0x48, 0x2c, 0xff,
    0xec, 0x0, 0x0, 0x0, 0xd0, 0xff, 0x48, 0x2a,
    0xff, 0xf1, 0x0, 0x0, 0x1, 0xeb, 0xff, 0x48,
    0x10, 0xff, 0xff, 0x40, 0x1, 0x70, 0xff, 0xff,
    0x48, 0x0, 0xc3, 0xff, 0xff, 0xf5, 0xff, 0xf8,
    0xff, 0x48, 0x0, 0x20, 0xb8, 0xf2, 0xe7, 0x7c,
    0xb0, 0xff, 0x48,

    /* U+016A "Ū" */
    0x0, 0x0, 0x4, 0x94, 0x94, 0x94, 0x94, 0x6a,
    0x0, 0x0, 0x0, 0x0, 0x8, 0xff, 0xff, 0xff,
    0xff, 0xb8, 0x0, 0x0, 0x0, 0x0, 0x0, 0x0,
    0x0, 0x0, 0x0, 0x0, 0x0, 0x0, 0x0, 0x0,
    0x0, 0x0, 0x0, 0x0, 0x0, 0x0, 0x0, 0x0,
    0x1c, 0xff, 0xff, 0x10, 0x0, 0x0, 0x0, 0x5c,
    0xff, 0xd0, 0x1c, 0xff, 0xff, 0x10, 0x0, 0x0,
    0x0, 0x5c, 0xff, 0xd0, 0x1c, 0xff, 0xff, 0x10,
    0x0, 0x0, 0x0, 0x5c, 0xff, 0xd0, 0x1c, 0xff,
    0xff, 0x10, 0x0, 0x0, 0x0, 0x5c, 0xff, 0xd0,
    0x1c, 0xff, 0xff, 0x10, 0x0, 0x0, 0x0, 0x5c,
    0xff, 0xd0, 0x1c, 0xff, 0xff, 0x10, 0x0, 0x0,
    0x0, 0x5c, 0xff, 0xd0, 0x19, 0xff, 0xff, 0x13,
    0x0, 0x0, 0x0, 0x60, 0xff, 0xcd, 0x6, 0xfb,
    0xff, 0x3f, 0x0, 0x0, 0x0, 0x8c, 0xff, 0xb3,
    0x0, 0xb3, 0xff, 0xd2, 0x34, 0x10, 0x58, 0xf5,
    0xff, 0x66, 0x0, 0x21, 0xf2, 0xff, 0xff, 0xff,
    0xff, 0xff, 0xc2, 0x5, 0x0, 0x0, 0x29, 0xaa,
    0xec, 0xfa, 0xdb, 0x81, 0x8, 0x0,

    /* U+016B "ū" */
    0x0, 0x0, 0xc8, 0xff, 0xff, 0xff, 0xf4, 0x0,
    0x0, 0x0, 0x0, 0x76, 0x98, 0x98, 0x98, 0x90,
    0x0, 0x0, 0x0, 0x0, 0x0, 0x0, 0x0, 0x0,
    0x0, 0x0, 0x0, 0x2c, 0xff, 0xec, 0x0, 0x0,
    0x0, 0xd0, 0xff, 0x48, 0x2c, 0xff, 0xec, 0x0,
    0x0, 0x0, 0xd0, 0xff, 0x48, 0x2c, 0xff, 0xec,
    0x0, 0x0, 0x0, 0xd0, 0xff, 0x48, 0x2c, 0xff,
    0xec, 0x0, 0x0, 0x0, 0xd0, 0xff, 0x48, 0x2a,
    0xff, 0xf1, 0x0, 0x0, 0x1, 0xeb, 0xff, 0x48,
    0x10, 0xff, 0xff, 0x40, 0x1, 0x70, 0xff, 0xff,
    0x48, 0x0, 0xc3, 0xff, 0xff, 0xf5, 0xff, 0xf8,
    0xff, 0x48, 0x0, 0x20, 0xb8, 0xf2, 0xe7, 0x7c,
    0xb0, 0xff, 0x48,

    /* U+016C "Ŭ" */
    0x0, 0x0, 0x0, 0x62, 0x6d, 0x2e, 0x7f, 0x3a,
    0x0, 0x0, 0x0, 0x0, 0x0, 0x66, 0xfd, 0xff,
    0xed, 0x28, 0x0, 0x0, 0x0, 0x0, 0x0, 0x0,
    0x20, 0x41, 0xf, 0x0, 0x0, 0x0, 0x0, 0x0,
    0x0, 0x0, 0x0, 0x0, 0x0, 0x0, 0x0, 0x0,
    0x1c, 0xff, 0xff, 0x10, 0x0, 0x0, 0x0, 0x5c,
    0xff, 0xd0, 0x1c, 0xff, 0xff, 0x10, 0x0, 0x0,
    0x0, 0x5c, 0xff, 0xd0, 0x1c, 0xff, 0xff, 0x10,
    0x0, 0x0, 0x0, 0x5c, 0xff, 0xd0, 0x1c, 0xff,
    0xff, 0x10, 0x0, 0x0, 0x0, 0x5c, 0xff, 0xd0,
    0x1c, 0xff, 0xff, 0x10, 0x0, 0x0, 0x0, 0x5c,
    0xff, 0xd0, 0x1c, 0xff, 0xff, 0x10, 0x0, 0x0,
    0x0, 0x5c, 0xff, 0xd0, 0x19, 0xff, 0xff, 0x13,
    0x0, 0x0, 0x0, 0x60, 0xff, 0xcd, 0x6, 0xfb,
    0xff, 0x3f, 0x0, 0x0, 0x0, 0x8c, 0xff, 0xb3,
    0x0, 0xb3, 0xff, 0xd2, 0x34, 0x10, 0x58, 0xf5,
    0xff, 0x66, 0x0, 0x21, 0xf2, 0xff, 0xff, 0xff,
    0xff, 0xff, 0xc2, 0x5, 0x0, 0x0, 0x29, 0xaa,
    0xec, 0xfa, 0xdb, 0x81, 0x8, 0x0,

    /* U+016D "ŭ" */
    0x0, 0x0, 0x78, 0xfd, 0x37, 0xdb, 0xaf, 0x0,
    0x0, 0x0, 0x0, 0x17, 0xe0, 0xff, 0xf5, 0x3d,
    0x0, 0x0, 0x0, 0x0, 0x0, 0xc, 0x3f, 0x18,
    0x0, 0x0, 0x0, 0x2c, 0xff, 0xec, 0x0, 0x0,
    0x0, 0xd0, 0xff, 0x48, 0x2c, 0xff, 0xec, 0x0,
    0x0, 0x0, 0xd0, 0xff, 0x48, 0x2c, 0xff, 0xec,
    0x0, 0x0, 0x0, 0xd0, 0xff, 0x48, 0x2c, 0xff,
    0xec, 0x0, 0x0, 0x0, 0xd0, 0xff, 0x48, 0x2a,
    0xff, 0xf1, 0x0, 0x0, 0x1, 0xeb, 0xff, 0x48,
    0x10, 0xff, 0xff, 0x40, 0x1, 0x70, 0xff, 0xff,
    0x48, 0x0, 0xc3, 0xff, 0xff, 0xf5, 0xff, 0xf8,
    0xff, 0x48, 0x0, 0x20, 0xb8, 0xf2, 0xe7, 0x7c,
    0xb0, 0xff, 0x48,

    /* U+016E "Ů" */
    0x0, 0x0, 0x0, 0x1, 0xa4, 0xe9, 0x60, 0x0,
    0x0, 0x0, 0x0, 0x0, 0x0, 0x45, 0xef, 0x6b,
    0xf1, 0x2, 0x0, 0x0, 0x0, 0x0, 0x0, 0x51,
    0xe4, 0x3e, 0xfb, 0x6, 0x0, 0x0, 0x0, 0x0,
    0x0, 0x9, 0xd1, 0xff, 0x89, 0x0, 0x0, 0x0,
    0x0, 0x0, 0x0, 0x0, 0x5, 0x1b, 0x0, 0x0,
    0x0, 0x0, 0x1c, 0xff, 0xff, 0x10, 0x0, 0x0,
    0x0, 0x5c, 0xff, 0xd0, 0x1c, 0xff, 0xff, 0x10,
    0x0, 0x0, 0x0, 0x5c, 0xff, 0xd0, 0x1c, 0xff,
    0xff, 0x10, 0x0, 0x0, 0x0, 0x5c, 0xff, 0xd0,
    0x1c, 0xff, 0xff, 0x10, 0x0, 0x0, 0x0, 0x5c,
    0xff, 0xd0, 0x1c, 0xff, 0xff, 0x10, 0x0, 0x0,
    0x0, 0x5c, 0xff, 0xd0, 0x1c, 0xff, 0xff, 0x10,
    0x0, 0x0, 0x0, 0x5c, 0xff, 0xd0, 0x19, 0xff,
    0xff, 0x13, 0x0, 0x0, 0x0, 0x60, 0xff, 0xcd,
    0x6, 0xfb, 0xff, 0x3f, 0x0, 0x0, 0x0, 0x8c,
    0xff, 0xb3, 0x0, 0xb3, 0xff, 0xd2, 0x34, 0x10,
    0x58, 0xf5, 0xff, 0x66, 0x0, 0x21, 0xf2, 0xff,
    0xff, 0xff, 0xff, 0xff, 0xc2, 0x5, 0x0, 0x0,
    0x29, 0xaa, 0xec, 0xfa, 0xdb, 0x81, 0x8, 0x0,

    /* U+016F "ů" */
    0x0, 0x0, 0x0, 0x6d, 0xe6, 0x91, 0x0, 0x0,
    0x0, 0x0, 0x0, 0xb, 0xf9, 0x60, 0xf7, 0x30,
    0x0, 0x0, 0x0, 0x0, 0x12, 0xff, 0x33, 0xf0,
    0x3d, 0x0, 0x0, 0x0, 0x0, 0x0, 0x9f, 0xff,
    0xc6, 0x3, 0x0, 0x0, 0x0, 0x0, 0x0, 0x0,
    0x1d, 0x3, 0x0, 0x0, 0x0, 0x2c, 0xff, 0xec,
    0x0, 0x0, 0x0, 0xd0, 0xff, 0x48, 0x2c, 0xff,
    0xec, 0x0, 0x0, 0x0, 0xd0, 0xff, 0x48, 0x2c,
    0xff, 0xec, 0x0, 0x0, 0x0, 0xd0, 0xff, 0x48,
    0x2c, 0xff, 0xec, 0x0, 0x0, 0x0, 0xd0, 0xff,
    0x48, 0x2a, 0xff, 0xf1, 0x0, 0x0, 0x1, 0xeb,
    0xff, 0x48, 0x10, 0xff, 0xff, 0x40, 0x1, 0x70,
    0xff, 0xff, 0x48, 0x0, 0xc3, 0xff, 0xff, 0xf5,
    0xff, 0xf8, 0xff, 0x48, 0x0, 0x20, 0xb8, 0xf2,
    0xe7, 0x7c, 0xb0, 0xff, 0x48,

    /* U+0170 "Ű" */
    0x0, 0x0, 0x0, 0xb4, 0xff, 0x92, 0x88, 0xff,
    0xbc, 0x1, 0x0, 0x0, 0xb, 0xf7, 0xdc, 0xb,
    0xd8, 0xf2, 0x1e, 0x0, 0x0, 0x0, 0x7, 0x28,
    0x14, 0x0, 0x28, 0x1b, 0x0, 0x0, 0x0, 0x0,
    0x0, 0x0, 0x0, 0x0, 0x0, 0x0, 0x0, 0x0,
    0x1c, 0xff, 0xff, 0x10, 0x0, 0x0, 0x0, 0x5c,
    0xff, 0xd0, 0x1c, 0xff, 0xff, 0x10, 0x0, 0x0,
    0x0, 0x5c, 0xff, 0xd0, 0x1c, 0xff, 0xff, 0x10,
    0x0, 0x0, 0x0, 0x5c, 0xff, 0xd0, 0x1c, 0xff,
    0xff, 0x10, 0x0, 0x0, 0x0, 0x5c, 0xff, 0xd0,
    0x1c, 0xff, 0xff, 0x10, 0x0, 0x0, 0x0, 0x5c,
    0xff, 0xd0, 0x1c, 0xff, 0xff, 0x10, 0x0, 0x0,
    0x0, 0x5c, 0xff, 0xd0, 0x19, 0xff, 0xff, 0x13,
    0x0, 0x0, 0x0, 0x60, 0xff, 0xcd, 0x6, 0xfb,
    0xff, 0x3f, 0x0, 0x0, 0x0, 0x8c, 0xff, 0xb3,
    0x0, 0xb3, 0xff, 0xd2, 0x34, 0x10, 0x58, 0xf5,
    0xff, 0x66, 0x0, 0x21, 0xf2, 0xff, 0xff, 0xff,
    0xff, 0xff, 0xc2, 0x5, 0x0, 0x0, 0x29, 0xaa,
    0xec, 0xfa, 0xdb, 0x81, 0x8, 0x0,

    /* U+0171 "ű" */
    0x0, 0x0, 0x60, 0xff, 0xdc, 0x42, 0xff, 0xf0,
    0x1c, 0x0, 0x0, 0xb0, 0xfe, 0x3e, 0x88, 0xff,
    0x60, 0x0, 0x0, 0x0, 0x22, 0x21, 0x0, 0x1c,
    0x27, 0x0, 0x0, 0x2c, 0xff, 0xec, 0x0, 0x0,
    0x0, 0xd0, 0xff, 0x48, 0x2c, 0xff, 0xec, 0x0,
    0x0, 0x0, 0xd0, 0xff, 0x48, 0x2c, 0xff, 0xec,
    0x0, 0x0, 0x0, 0xd0, 0xff, 0x48, 0x2c, 0xff,
    0xec, 0x0, 0x0, 0x0, 0xd0, 0xff, 0x48, 0x2a,
    0xff, 0xf1, 0x0, 0x0, 0x1, 0xeb, 0xff, 0x48,
    0x10, 0xff, 0xff, 0x40, 0x1, 0x70, 0xff, 0xff,
    0x48, 0x0, 0xc3, 0xff, 0xff, 0xf5, 0xff, 0xf8,
    0xff, 0x48, 0x0, 0x20, 0xb8, 0xf2, 0xe7, 0x7c,
    0xb0, 0xff, 0x48,

    /* U+0172 "Ų" */
    0x1c, 0xff, 0xff, 0x10, 0x0, 0x0, 0x0, 0x5c,
    0xff, 0xd0, 0x1c, 0xff, 0xff, 0x10, 0x0, 0x0,
    0x0, 0x5c, 0xff, 0xd0, 0x1c, 0xff, 0xff, 0x10,
    0x0, 0x0, 0x0, 0x5c, 0xff, 0xd0, 0x1c, 0xff,
    0xff, 0x10, 0x0, 0x0, 0x0, 0x5c, 0xff, 0xd0,
    0x1c, 0xff, 0xff, 0x10, 0x0, 0x0, 0x0, 0x5c,
    0xff, 0xd0, 0x1c, 0xff, 0xff, 0x10, 0x0, 0x0,
    0x0, 0x5c, 0xff, 0xd0, 0x1a, 0xff, 0xff, 0x13,
    0x0, 0x0, 0x0, 0x5f, 0xff, 0xca, 0x8, 0xfc,
    0xff, 0x3c, 0x0, 0x0, 0x0, 0x89, 0xff, 0xab,
    0x0, 0xb7, 0xff, 0xcc, 0x28, 0x6, 0x4c, 0xf2,
    0xff, 0x51, 0x0, 0x2a, 0xf7, 0xff, 0xff, 0xfe,
    0xff, 0xff, 0x9a, 0x0, 0x0, 0x0, 0x34, 0xba,
    0xf4, 0xff, 0xf4, 0x65, 0x0, 0x0, 0x0, 0x0,
    0x0, 0x0, 0x4f, 0xfe, 0x4d, 0x0, 0x0, 0x0,
    0x0, 0x0, 0x0, 0x0, 0x98, 0xff, 0xa9, 0x21,
    0x0, 0x0, 0x0, 0x0, 0x0, 0x0, 0x2d, 0xd3,
    0xf9, 0x71, 0x0, 0x0,

    /* U+0173 "ų" */
    0x2c, 0xff, 0xec, 0x0, 0x0, 0x0, 0xd0, 0xff,
    0x48, 0x2c, 0xff, 0xec, 0x0, 0x0, 0x0, 0xd0,
    0xff, 0x48, 0x2c, 0xff, 0xec, 0x0, 0x0, 0x0,
    0xd0, 0xff, 0x48, 0x2c, 0xff, 0xec, 0x0, 0x0,
    0x0, 0xd0, 0xff, 0x48, 0x2a, 0xff, 0xf1, 0x0,
    0x0, 0x1, 0xeb, 0xff, 0x48, 0x10, 0xff, 0xff,
    0x40, 0x1, 0x70, 0xff, 0xff, 0x48, 0x0, 0xc3,
    0xff, 0xff, 0xf5, 0xff, 0xf0, 0xff, 0x48, 0x0,
    0x20, 0xb8, 0xf2, 0xe5, 0x6f, 0xb1, 0xff, 0x3d,
    0x0, 0x0, 0x0, 0x0, 0x0, 0x4c, 0xfe, 0x6c,
    0x0, 0x0, 0x0, 0x0, 0x0, 0x0, 0x8a, 0xff,
    0xb1, 0x2c, 0x0, 0x0, 0x0, 0x0, 0x0, 0x22,
    0xcb, 0xf9, 0x84,

    /* U+0174 "Ŵ" */
    0x0, 0x0, 0x0, 0x0, 0x0, 0x3, 0xad, 0xff,
    0xe9, 0x23, 0x0, 0x0, 0x0, 0x0, 0x0, 0x0,
    0x0, 0x0, 0x0, 0x0, 0x1, 0xa0, 0xff, 0x75,
    0xe5, 0xda, 0x14, 0x0, 0x0, 0x0, 0x0, 0x0,
    0x0, 0x0, 0x0, 0x0, 0x0, 0x10, 0xf, 0x0,
    0x9, 0x10, 0x6, 0x0, 0x0, 0x0, 0x0, 0x0,
    0x9c, 0xff, 0xae, 0x0, 0x0, 0x0, 0x0, 0x0,
    0x0, 0x0, 0x0, 0x0, 0x6a, 0xff, 0xe0, 0x0,
    0x52, 0xff, 0xf1, 0x4, 0x0, 0x0, 0x36, 0x88,
    0x6b, 0x0, 0x0, 0x0, 0xac, 0xff, 0x99, 0x0,
    0xd, 0xfa, 0xff, 0x3b, 0x0, 0x0, 0xa8, 0xff,
    0xfa, 0x12, 0x0, 0x1, 0xeb, 0xff, 0x52, 0x0,
    0x0, 0xbe, 0xff, 0x82, 0x0, 0x8, 0xf3, 0xff,
    0xff, 0x63, 0x0, 0x30, 0xff, 0xfc, 0xf, 0x0,
    0x0, 0x74, 0xff, 0xc8, 0x0, 0x51, 0xff, 0xdb,
    0xff, 0xb9, 0x0, 0x72, 0xff, 0xc4, 0x0, 0x0,
    0x0, 0x2a, 0xff, 0xfc, 0x11, 0xa6, 0xff, 0x5d,
    0xf0, 0xfb, 0x14, 0xb4, 0xff, 0x7d, 0x0, 0x0,
    0x0, 0x0, 0xe0, 0xff, 0x59, 0xf2, 0xf8, 0xe,
    0xa3, 0xff, 0x65, 0xf1, 0xff, 0x36, 0x0, 0x0,
    0x0, 0x0, 0x97, 0xff, 0xd4, 0xff, 0xaf, 0x0,
    0x4c, 0xff, 0xd7, 0xff, 0xed, 0x2, 0x0, 0x0,
    0x0, 0x0, 0x4d, 0xff, 0xff, 0xff, 0x58, 0x0,
    0x6, 0xef, 0xff, 0xff, 0xa8, 0x0, 0x0, 0x0,
    0x0, 0x0, 0xa, 0xf8, 0xff, 0xf6, 0xb, 0x0,
    0x0, 0x9e, 0xff, 0xff, 0x61, 0x0, 0x0, 0x0,
    0x0, 0x0, 0x0, 0xb9, 0xff, 0xab, 0x0, 0x0,
    0x0, 0x47, 0xff, 0xff, 0x1b, 0x0, 0x0, 0x0,

    /* U+0175 "ŵ" */
    0x0, 0x0, 0x0, 0x0, 0x1a, 0xde, 0xff, 0xbe,
    0x6, 0x0, 0x0, 0x0, 0x0, 0x0, 0x0, 0x0,
    0x12, 0xd4, 0xf3, 0x6a, 0xfd, 0xa6, 0x1, 0x0,
    0x0, 0x0, 0x0, 0x0, 0x0, 0x5, 0x10, 0xb,
    0x0, 0xd, 0x10, 0x2, 0x0, 0x0, 0x0, 0xc8,
    0xff, 0x8c, 0x0, 0x0, 0xc8, 0xff, 0xaf, 0x0,
    0x0, 0xa1, 0xff, 0xa7, 0x78, 0xff, 0xcf, 0x0,
    0x18, 0xfe, 0xff, 0xf6, 0xa, 0x0, 0xe2, 0xff,
    0x56, 0x27, 0xff, 0xfe, 0x13, 0x65, 0xff, 0xfe,
    0xff, 0x51, 0x24, 0xff, 0xf8, 0xd, 0x0, 0xd7,
    0xff, 0x53, 0xb4, 0xff, 0x8d, 0xff, 0xa1, 0x65,
    0xff, 0xb5, 0x0, 0x0, 0x86, 0xff, 0xa0, 0xf7,
    0xe3, 0x10, 0xfa, 0xed, 0xaa, 0xff, 0x65, 0x0,
    0x0, 0x36, 0xff, 0xff, 0xff, 0x94, 0x0, 0xba,
    0xff, 0xff, 0xfd, 0x17, 0x0, 0x0, 0x1, 0xe3,
    0xff, 0xff, 0x44, 0x0, 0x6b, 0xff, 0xff, 0xc4,
    0x0, 0x0, 0x0, 0x0, 0x94, 0xff, 0xef, 0x4,
    0x0, 0x1c, 0xff, 0xff, 0x74, 0x0, 0x0,

    /* U+0176 "Ŷ" */
    0x0, 0x0, 0x0, 0x49, 0xfa, 0xff, 0x78, 0x0,
    0x0, 0x0, 0x0, 0x0, 0x3c, 0xf6, 0xc8, 0x94,
    0xfe, 0x5c, 0x0, 0x0, 0x0, 0x0, 0x9, 0x10,
    0x6, 0x2, 0x10, 0xd, 0x0, 0x0, 0x7d, 0xff,
    0xf4, 0x1f, 0x0, 0x0, 0x9, 0xdf, 0xff, 0xac,
    0x4, 0xcf, 0xff, 0xb5, 0x0, 0x0, 0x84, 0xff,
    0xef, 0x18, 0x0, 0x31, 0xfb, 0xff, 0x57, 0x26,
    0xf9, 0xff, 0x62, 0x0, 0x0, 0x0, 0x85, 0xff,
    0xe8, 0xc2, 0xff, 0xbd, 0x0, 0x0, 0x0, 0x0,
    0x7, 0xd6, 0xff, 0xff, 0xf6, 0x23, 0x0, 0x0,
    0x0, 0x0, 0x0, 0x38, 0xfe, 0xff, 0x75, 0x0,
    0x0, 0x0, 0x0, 0x0, 0x0, 0x0, 0xf4, 0xff,
    0x34, 0x0, 0x0, 0x0, 0x0, 0x0, 0x0, 0x0,
    0xf4, 0xff, 0x34, 0x0, 0x0, 0x0, 0x0, 0x0,
    0x0, 0x0, 0xf4, 0xff, 0x34, 0x0, 0x0, 0x0,
    0x0, 0x0, 0x0, 0x0, 0xf4, 0xff, 0x34, 0x0,
    0x0, 0x0, 0x0, 0x0, 0x0, 0x0, 0xf4, 0xff,
    0x34, 0x0, 0x0, 0x0,

    /* U+0177 "ŷ" */
    0x0, 0x0, 0x16, 0xd9, 0xff, 0xc4, 0x8, 0x0,
    0x0, 0x0, 0xf, 0xcf, 0xf6, 0x6a, 0xfc, 0xad,
    0x2, 0x0, 0x0, 0x4, 0x10, 0xb, 0x0, 0xd,
    0x10, 0x2, 0x0, 0xb6, 0xff, 0xaa, 0x0, 0x0,
    0x0, 0xc1, 0xff, 0x8e, 0x42, 0xff, 0xfb, 0x1c,
    0x0, 0x2b, 0xff, 0xfc, 0x20, 0x0, 0xcd, 0xff,
    0x86, 0x0, 0x94, 0xff, 0xaa, 0x0, 0x0, 0x5a,
    0xff, 0xeb, 0x14, 0xf1, 0xff, 0x38, 0x0, 0x0,
    0x4, 0xe1, 0xff, 0xc4, 0xff, 0xc6, 0x0, 0x0,
    0x0, 0x0, 0x72, 0xff, 0xff, 0xff, 0x53, 0x0,
    0x0, 0x0, 0x0, 0xd, 0xf0, 0xff, 0xde, 0x3,
    0x0, 0x0, 0x0, 0x0, 0x0, 0xc8, 0xff, 0x6f,
    0x0, 0x0, 0x0, 0x0, 0x0, 0x38, 0xff, 0xf0,
    0xc, 0x0, 0x0, 0x0, 0x0, 0x0, 0xb1, 0xff,
    0x8b, 0x0, 0x0, 0x0, 0x0, 0x0, 0x29, 0xfe,
    0xfb, 0x1d, 0x0, 0x0, 0x0, 0x0,

    /* U+0178 "Ÿ" */
    0x0, 0x0, 0x1, 0x39, 0x9, 0x0, 0x38, 0xc,
    0x0, 0x0, 0x0, 0x0, 0x6f, 0xff, 0x9f, 0x63,
    0xff, 0xaf, 0x0, 0x0, 0x0, 0x0, 0x48, 0xf1,
    0x72, 0x3f, 0xf0, 0x81, 0x0, 0x0, 0x0, 0x0,
    0x0, 0x0, 0x0, 0x0, 0x0, 0x0, 0x0, 0x0,
    0x7d, 0xff, 0xf4, 0x1f, 0x0, 0x0, 0x9, 0xdf,
    0xff, 0xac, 0x4, 0xcf, 0xff, 0xb5, 0x0, 0x0,
    0x84, 0xff, 0xef, 0x18, 0x0, 0x31, 0xfb, 0xff,
    0x57, 0x26, 0xf9, 0xff, 0x62, 0x0, 0x0, 0x0,
    0x85, 0xff, 0xe8, 0xc2, 0xff, 0xbd, 0x0, 0x0,
    0x0, 0x0, 0x7, 0xd6, 0xff, 0xff, 0xf6, 0x23,
    0x0, 0x0, 0x0, 0x0, 0x0, 0x38, 0xfe, 0xff,
    0x75, 0x0, 0x0, 0x0, 0x0, 0x0, 0x0, 0x0,
    0xf4, 0xff, 0x34, 0x0, 0x0, 0x0, 0x0, 0x0,
    0x0, 0x0, 0xf4, 0xff, 0x34, 0x0, 0x0, 0x0,
    0x0, 0x0, 0x0, 0x0, 0xf4, 0xff, 0x34, 0x0,
    0x0, 0x0, 0x0, 0x0, 0x0, 0x0, 0xf4, 0xff,
    0x34, 0x0, 0x0, 0x0, 0x0, 0x0, 0x0, 0x0,
    0xf4, 0xff, 0x34, 0x0, 0x0, 0x0,

    /* U+0179 "Ź" */
    0x0, 0x0, 0x0, 0x0, 0x13, 0x28, 0x24, 0x0,
    0x0, 0x0, 0x0, 0x0, 0x0, 0xad, 0xff, 0x87,
    0x0, 0x0, 0x0, 0x0, 0x0, 0x8, 0xf4, 0xd6,
    0x7, 0x0, 0x0, 0x0, 0x0, 0x0, 0x0, 0x0,
    0x0, 0x0, 0x0, 0x0, 0x3c, 0xff, 0xff, 0xff,
    0xff, 0xff, 0xff, 0xff, 0xd4, 0x3c, 0xff, 0xff,
    0xff, 0xff, 0xff, 0xff, 0xff, 0xd4, 0x1, 0x8,
    0x8, 0x8, 0x8, 0x2f, 0xf1, 0xff, 0x87, 0x0,
    0x0, 0x0, 0x0, 0x13, 0xdc, 0xff, 0xb0, 0x2,
    0x0, 0x0, 0x0, 0x6, 0xc2, 0xff, 0xcf, 0xb,
    0x0, 0x0, 0x0, 0x0, 0xa2, 0xff, 0xe6, 0x1c,
    0x0, 0x0, 0x0, 0x0, 0x7e, 0xff, 0xf6, 0x35,
    0x0, 0x0, 0x0, 0x0, 0x58, 0xfe, 0xfe, 0x55,
    0x0, 0x0, 0x0, 0x0, 0x36, 0xf7, 0xff, 0x84,
    0x8, 0x8, 0x8, 0x8, 0x7, 0x7c, 0xff, 0xff,
    0xff, 0xff, 0xff, 0xff, 0xff, 0xe4, 0x7c, 0xff,
    0xff, 0xff, 0xff, 0xff, 0xff, 0xff, 0xe4,

    /* U+017A "ź" */
    0x0, 0x0, 0x0, 0x5c, 0xff, 0xdc, 0xa, 0x0,
    0x0, 0x0, 0x0, 0xac, 0xfe, 0x3e, 0x0, 0x0,
    0x0, 0x0, 0x0, 0x22, 0x21, 0x0, 0x0, 0x0,
    0x5c, 0xff, 0xff, 0xff, 0xff, 0xff, 0xff, 0x18,
    0x46, 0xc4, 0xc4, 0xc4, 0xe7, 0xff, 0xfb, 0x12,
    0x0, 0x0, 0x0, 0x2f, 0xf2, 0xff, 0x64, 0x0,
    0x0, 0x0, 0x1e, 0xe5, 0xff, 0x81, 0x0, 0x0,
    0x0, 0x10, 0xd5, 0xff, 0x9f, 0x0, 0x0, 0x0,
    0x7, 0xc0, 0xff, 0xb8, 0x4, 0x0, 0x0, 0x0,
    0x72, 0xff, 0xff, 0xcf, 0xc4, 0xc4, 0xc4, 0x1e,
    0x7c, 0xff, 0xff, 0xff, 0xff, 0xff, 0xff, 0x28,

    /* U+017B "Ż" */
    0x0, 0x0, 0x0, 0x1b, 0xe4, 0xaa, 0x0, 0x0,
    0x0, 0x0, 0x0, 0x0, 0x2d, 0xfd, 0xd2, 0x0,
    0x0, 0x0, 0x0, 0x0, 0x0, 0x0, 0x23, 0x10,
    0x0, 0x0, 0x0, 0x0, 0x0, 0x0, 0x0, 0x0,
    0x0, 0x0, 0x0, 0x0, 0x3c, 0xff, 0xff, 0xff,
    0xff, 0xff, 0xff, 0xff, 0xd4, 0x3c, 0xff, 0xff,
    0xff, 0xff, 0xff, 0xff, 0xff, 0xd4, 0x1, 0x8,
    0x8, 0x8, 0x8, 0x2f, 0xf1, 0xff, 0x87, 0x0,
    0x0, 0x0, 0x0, 0x13, 0xdc, 0xff, 0xb0, 0x2,
    0x0, 0x0, 0x0, 0x6, 0xc2, 0xff, 0xcf, 0xb,
    0x0, 0x0, 0x0, 0x0, 0xa2, 0xff, 0xe6, 0x1c,
    0x0, 0x0, 0x0, 0x0, 0x7e, 0xff, 0xf6, 0x35,
    0x0, 0x0, 0x0, 0x0, 0x58, 0xfe, 0xfe, 0x55,
    0x0, 0x0, 0x0, 0x0, 0x36, 0xf7, 0xff, 0x84,
    0x8, 0x8, 0x8, 0x8, 0x7, 0x7c, 0xff, 0xff,
    0xff, 0xff, 0xff, 0xff, 0xff, 0xe4, 0x7c, 0xff,
    0xff, 0xff, 0xff, 0xff, 0xff, 0xff, 0xe4,

    /* U+017C "ż" */
    0x0, 0x0, 0x15, 0xdd, 0xc9, 0x5, 0x0, 0x0,
    0x0, 0x0, 0x30, 0xff, 0xfa, 0x12, 0x0, 0x0,
    0x0, 0x0, 0x0, 0x45, 0x37, 0x0, 0x0, 0x0,
    0x5c, 0xff, 0xff, 0xff, 0xff, 0xff, 0xff, 0x18,
    0x46, 0xc4, 0xc4, 0xc4, 0xe7, 0xff, 0xfb, 0x12,
    0x0, 0x0, 0x0, 0x2f, 0xf2, 0xff, 0x64, 0x0,
    0x0, 0x0, 0x1e, 0xe5, 0xff, 0x81, 0x0, 0x0,
    0x0, 0x10, 0xd5, 0xff, 0x9f, 0x0, 0x0, 0x0,
    0x7, 0xc0, 0xff, 0xb8, 0x4, 0x0, 0x0, 0x0,
    0x72, 0xff, 0xff, 0xcf, 0xc4, 0xc4, 0xc4, 0x1e,
    0x7c, 0xff, 0xff, 0xff, 0xff, 0xff, 0xff, 0x28,

    /* U+017D "Ž" */
    0x0, 0x0, 0x6d, 0xe0, 0x64, 0xa2, 0xde, 0x43,
    0x0, 0x0, 0x0, 0x1, 0xa6, 0xff, 0xff, 0x6d,
    0x0, 0x0, 0x0, 0x0, 0x0, 0x6, 0x30, 0x29,
    0x0, 0x0, 0x0, 0x3c, 0xff, 0xff, 0xff, 0xff,
    0xff, 0xff, 0xff, 0xd4, 0x3c, 0xff, 0xff, 0xff,
    0xff, 0xff, 0xff, 0xff, 0xd4, 0x1, 0x8, 0x8,
    0x8, 0x8, 0x2f, 0xf1, 0xff, 0x87, 0x0, 0x0,
    0x0, 0x0, 0x13, 0xdc, 0xff, 0xb0, 0x2, 0x0,
    0x0, 0x0, 0x6, 0xc2, 0xff, 0xcf, 0xb, 0x0,
    0x0, 0x0, 0x0, 0xa2, 0xff, 0xe6, 0x1c, 0x0,
    0x0, 0x0, 0x0, 0x7e, 0xff, 0xf6, 0x35, 0x0,
    0x0, 0x0, 0x0, 0x58, 0xfe, 0xfe, 0x55, 0x0,
    0x0, 0x0, 0x0, 0x36, 0xf7, 0xff, 0x84, 0x8,
    0x8, 0x8, 0x8, 0x7, 0x7c, 0xff, 0xff, 0xff,
    0xff, 0xff, 0xff, 0xff, 0xe4, 0x7c, 0xff, 0xff,
    0xff, 0xff, 0xff, 0xff, 0xff, 0xe4,

    /* U+017E "ž" */
    0x0, 0x5e, 0xff, 0x89, 0xa2, 0xfe, 0x5a, 0x0,
    0x0, 0x0, 0x88, 0xff, 0xff, 0x77, 0x0, 0x0,
    0x0, 0x0, 0x1, 0x2f, 0x2d, 0x0, 0x0, 0x0,
    0x5c, 0xff, 0xff, 0xff, 0xff, 0xff, 0xff, 0x18,
    0x46, 0xc4, 0xc4, 0xc4, 0xe7, 0xff, 0xfb, 0x12,
    0x0, 0x0, 0x0, 0x2f, 0xf2, 0xff, 0x64, 0x0,
    0x0, 0x0, 0x1e, 0xe5, 0xff, 0x81, 0x0, 0x0,
    0x0, 0x10, 0xd5, 0xff, 0x9f, 0x0, 0x0, 0x0,
    0x7, 0xc0, 0xff, 0xb8, 0x4, 0x0, 0x0, 0x0,
    0x72, 0xff, 0xff, 0xcf, 0xc4, 0xc4, 0xc4, 0x1e,
    0x7c, 0xff, 0xff, 0xff, 0xff, 0xff, 0xff, 0x28,

    /* U+0192 "ƒ" */
    0x0, 0x0, 0x0, 0x0, 0x0, 0xd, 0x97, 0xe7,
    0xf1, 0x65, 0x0, 0x0, 0x0, 0x0, 0x0, 0xae,
    0xff, 0xff, 0xfd, 0x25, 0x0, 0x0, 0x0, 0x0,
    0x20, 0xfe, 0xf8, 0x39, 0x5, 0x0, 0x0, 0x0,
    0x0, 0x0, 0x62, 0xff, 0xb6, 0x0, 0x0, 0x0,
    0x0, 0x0, 0x54, 0xff, 0xff, 0xff, 0xff, 0xff,
    0x64, 0x0, 0x0, 0x0, 0x40, 0xc4, 0xf9, 0xff,
    0xcf, 0xc4, 0x4c, 0x0, 0x0, 0x0, 0x0, 0x7,
    0xfa, 0xff, 0x12, 0x0, 0x0, 0x0, 0x0, 0x0,
    0x0, 0x36, 0xff, 0xde, 0x0, 0x0, 0x0, 0x0,
    0x0, 0x0, 0x0, 0x6a, 0xff, 0xab, 0x0, 0x0,
    0x0, 0x0, 0x0, 0x0, 0x0, 0x9d, 0xff, 0x77,
    0x0, 0x0, 0x0, 0x0, 0x0, 0x0, 0x0, 0xd1,
    0xff, 0x44, 0x0, 0x0, 0x0, 0x0, 0x0, 0xb,
    0x35, 0xfe, 0xfb, 0x10, 0x0, 0x0, 0x0, 0x0,
    0x9, 0xf4, 0xff, 0xff, 0xa7, 0x0, 0x0, 0x0,
    0x0, 0x0, 0x36, 0xf0, 0xee, 0xa3, 0x11, 0x0,
    0x0, 0x0, 0x0, 0x0,

    /* U+01FA "Ǻ" */
    0x0, 0x0, 0x0, 0x0, 0x0, 0x88, 0xfe, 0x3b,
    0x0, 0x0, 0x0, 0x0, 0x0, 0x0, 0x0, 0x0,
    0x7d, 0xf6, 0xe9, 0x16, 0x0, 0x0, 0x0, 0x0,
    0x0, 0x0, 0x0, 0x39, 0xff, 0xae, 0xec, 0xad,
    0x0, 0x0, 0x0, 0x0, 0x0, 0x0, 0x0, 0x46,
    0xff, 0x41, 0xc2, 0xba, 0x0, 0x0, 0x0, 0x0,
    0x0, 0x0, 0x0, 0x3, 0xea, 0xff, 0xff, 0x60,
    0x0, 0x0, 0x0, 0x0, 0x0, 0x0, 0x0, 0x2e,
    0xff, 0xff, 0xff, 0xa1, 0x0, 0x0, 0x0, 0x0,
    0x0, 0x0, 0x0, 0x90, 0xff, 0xb1, 0xff, 0xf5,
    0xd, 0x0, 0x0, 0x0, 0x0, 0x0, 0x6, 0xeb,
    0xff, 0x3a, 0xc7, 0xff, 0x65, 0x0, 0x0, 0x0,
    0x0, 0x0, 0x54, 0xff, 0xd5, 0x0, 0x62, 0xff,
    0xc7, 0x0, 0x0, 0x0, 0x0, 0x0, 0xb6, 0xff,
    0x6e, 0x0, 0xa, 0xf0, 0xff, 0x29, 0x0, 0x0,
    0x0, 0x1a, 0xfc, 0xff, 0xf9, 0xf8, 0xf8, 0xfe,
    0xff, 0x8b, 0x0, 0x0, 0x0, 0x7a, 0xff, 0xff,
    0xff, 0xff, 0xff, 0xff, 0xff, 0xe8, 0x4, 0x0,
    0x0, 0xda, 0xff, 0x5e, 0x0, 0x0, 0x0, 0x1,
    0xe6, 0xff, 0x4f, 0x0, 0x3e, 0xff, 0xfb, 0x12,
    0x0, 0x0, 0x0, 0x0, 0x99, 0xff, 0xb1, 0x0,
    0x9f, 0xff, 0xbc, 0x0, 0x0, 0x0, 0x0, 0x0,
    0x48, 0xff, 0xfb, 0x17,

    /* U+01FB "ǻ" */
    0x0, 0x0, 0x0, 0x6, 0xc6, 0xc5, 0x14, 0x0,
    0x0, 0x0, 0x0, 0x43, 0xff, 0x83, 0x0, 0x0,
    0x0, 0x0, 0x2, 0xa4, 0xe5, 0x58, 0x0, 0x0,
    0x0, 0x0, 0x4b, 0xea, 0x6e, 0xec, 0x0, 0x0,
    0x0, 0x0, 0x57, 0xdf, 0x45, 0xf7, 0x2, 0x0,
    0x0, 0x0, 0xc, 0xd7, 0xff, 0x86, 0x0, 0x0,
    0x0, 0x0, 0x0, 0x5, 0x1b, 0x0, 0x0, 0x0,
    0x0, 0x3c, 0xbb, 0xf2, 0xf0, 0xc8, 0x52, 0x0,
    0x18, 0xe4, 0xf7, 0xbf, 0xbe, 0xfb, 0xff, 0x48,
    0x0, 0xb, 0x65, 0x77, 0x6f, 0x8e, 0xff, 0xa7,
    0x8, 0xc5, 0xff, 0xff, 0xff, 0xff, 0xff, 0xc9,
    0x64, 0xff, 0xd4, 0x1f, 0xd, 0x7f, 0xff, 0xcc,
    0x7c, 0xff, 0xa3, 0x0, 0x0, 0xa2, 0xff, 0xcc,
    0x34, 0xfd, 0xfd, 0xb1, 0xc9, 0xff, 0xff, 0xcc,
    0x0, 0x55, 0xd5, 0xf8, 0xc5, 0x6c, 0xff, 0xcc,

    /* U+01FC "Ǽ" */
    0x0, 0x0, 0x0, 0x0, 0x0, 0x0, 0x0, 0x0,
    0x0, 0x0, 0x6, 0x28, 0x28, 0xb, 0x0, 0x0,
    0x0, 0x0, 0x0, 0x0, 0x0, 0x0, 0x0, 0x0,
    0x0, 0x0, 0x55, 0xff, 0xda, 0x9, 0x0, 0x0,
    0x0, 0x0, 0x0, 0x0, 0x0, 0x0, 0x0, 0x0,
    0x0, 0x0, 0xa4, 0xfd, 0x3b, 0x0, 0x0, 0x0,
    0x0, 0x0, 0x0, 0x0, 0x0, 0x0, 0x0, 0x0,
    0x0, 0x0, 0x0, 0x0, 0x0, 0x0, 0x0, 0x0,
    0x0, 0x0, 0x0, 0x0, 0x0, 0x0, 0x8e, 0xff,
    0xff, 0xff, 0xff, 0xff, 0xff, 0xff, 0xff, 0x40,
    0x0, 0x0, 0x0, 0x0, 0x0, 0x2d, 0xfb, 0xff,
    0xff, 0xff, 0xff, 0xff, 0xff, 0xff, 0xff, 0x40,
    0x0, 0x0, 0x0, 0x0, 0x1, 0xc4, 0xff, 0x95,
    0xff, 0xff, 0x2a, 0x8, 0x8, 0x8, 0x8, 0x2,
    0x0, 0x0, 0x0, 0x0, 0x61, 0xff, 0xe3, 0x13,
    0xff, 0xff, 0x24, 0x0, 0x0, 0x0, 0x0, 0x0,
    0x0, 0x0, 0x0, 0x11, 0xea, 0xff, 0x4a, 0x4,
    0xff, 0xff, 0xff, 0xff, 0xff, 0xff, 0xbc, 0x0,
    0x0, 0x0, 0x0, 0x98, 0xff, 0xa0, 0x0, 0x4,
    0xff, 0xff, 0xff, 0xff, 0xff, 0xff, 0xbc, 0x0,
    0x0, 0x0, 0x35, 0xfd, 0xff, 0xff, 0xff, 0xff,
    0xff, 0xff, 0x27, 0x4, 0x4, 0x4, 0x2, 0x0,
    0x0, 0x2, 0xcc, 0xff, 0xff, 0xff, 0xff, 0xff,
    0xff, 0xff, 0x24, 0x0, 0x0, 0x0, 0x0, 0x0,
    0x0, 0x6b, 0xff, 0xe1, 0xe, 0x8, 0x8, 0xb,
    0xff, 0xff, 0x2a, 0x8, 0x8, 0x8, 0x8, 0x2,
    0x16, 0xef, 0xff, 0x61, 0x0, 0x0, 0x0, 0x4,
    0xff, 0xff, 0xff, 0xff, 0xff, 0xff, 0xff, 0x40,
    0xa2, 0xff, 0xd7, 0x3, 0x0, 0x0, 0x0, 0x4,
    0xff, 0xff, 0xff, 0xff, 0xff, 0xff, 0xff, 0x40,

    /* U+01FD "ǽ" */
    0x0, 0x0, 0x0, 0x0, 0x0, 0x0, 0x60, 0xff,
    0xdc, 0xa, 0x0, 0x0, 0x0, 0x0, 0x0, 0x0,
    0x0, 0x0, 0x0, 0x0, 0xb0, 0xfe, 0x3e, 0x0,
    0x0, 0x0, 0x0, 0x0, 0x0, 0x0, 0x0, 0x0,
    0x0, 0x0, 0x22, 0x21, 0x0, 0x0, 0x0, 0x0,
    0x0, 0x0, 0x0, 0x1d, 0xab, 0xee, 0xf5, 0xbd,
    0x32, 0x34, 0xbe, 0xf6, 0xee, 0xa8, 0x1f, 0x0,
    0x7, 0xdd, 0xff, 0xcc, 0xc4, 0xff, 0xf2, 0xf4,
    0xfa, 0xba, 0xd0, 0xff, 0xe0, 0x9, 0x0, 0x27,
    0x5e, 0x0, 0x0, 0x82, 0xff, 0xfd, 0x37, 0x0,
    0x0, 0x89, 0xff, 0x74, 0x0, 0x5b, 0xd1, 0xf7,
    0xef, 0xd1, 0xff, 0xff, 0xff, 0xff, 0xff, 0xff,
    0xff, 0xb2, 0x41, 0xfe, 0xfb, 0xb4, 0xa7, 0xd5,
    0xff, 0xf3, 0xa0, 0xa0, 0xa0, 0xa0, 0xa0, 0x76,
    0x7e, 0xff, 0xab, 0x0, 0x4, 0x99, 0xff, 0xfe,
    0x4d, 0x0, 0x1, 0x71, 0x89, 0x1d, 0x44, 0xff,
    0xff, 0xe8, 0xee, 0xff, 0xbc, 0xf5, 0xff, 0xe1,
    0xe8, 0xff, 0xf7, 0x36, 0x0, 0x60, 0xd5, 0xf8,
    0xdc, 0x7a, 0x4, 0x31, 0xbb, 0xf5, 0xef, 0xb4,
    0x31, 0x0,

    /* U+01FE "Ǿ" */
    0x0, 0x0, 0x0, 0x0, 0x0, 0x0, 0xbc, 0xff,
    0x86, 0x0, 0x0, 0x0, 0x0, 0x0, 0x0, 0x0,
    0x0, 0x0, 0x10, 0xfb, 0xd4, 0x7, 0x0, 0x0,
    0x0, 0x0, 0x0, 0x0, 0x0, 0x0, 0x0, 0x9,
    0x28, 0x12, 0x0, 0x18, 0x0, 0x0, 0x0, 0x0,
    0x0, 0x0, 0x0, 0x0, 0x0, 0x0, 0x0, 0x0,
    0xa5, 0x5c, 0x0, 0x0, 0x0, 0x0, 0x0, 0x3b,
    0xa7, 0xe5, 0xf9, 0xe8, 0xae, 0xf1, 0xe8, 0x3,
    0x0, 0x0, 0x0, 0x8d, 0xff, 0xff, 0xff, 0xff,
    0xff, 0xff, 0xff, 0xba, 0x1, 0x0, 0x0, 0x76,
    0xff, 0xfe, 0x9e, 0x36, 0x12, 0x70, 0xff, 0xff,
    0xff, 0x85, 0x0, 0xc, 0xf4, 0xff, 0x7b, 0x0,
    0x0, 0x13, 0xe5, 0xef, 0x70, 0xff, 0xfb, 0x1c,
    0x4b, 0xff, 0xe8, 0x2, 0x0, 0x0, 0xae, 0xff,
    0x59, 0x0, 0xc3, 0xff, 0x6c, 0x61, 0xff, 0xc6,
    0x0, 0x0, 0x63, 0xff, 0xa4, 0x0, 0x0, 0x9e,
    0xff, 0x88, 0x47, 0xff, 0xe6, 0x1, 0x24, 0xf3,
    0xe1, 0xf, 0x0, 0x0, 0xc2, 0xff, 0x73, 0x8,
    0xef, 0xff, 0x7c, 0xc8, 0xfd, 0x3e, 0x0, 0x0,
    0x54, 0xff, 0xfe, 0x28, 0x0, 0x65, 0xff, 0xff,
    0xff, 0xa4, 0xd, 0x2b, 0x86, 0xf8, 0xff, 0x9a,
    0x0, 0x0, 0x0, 0x90, 0xff, 0xff, 0xff, 0xff,
    0xff, 0xff, 0xff, 0xac, 0x7, 0x0, 0x0, 0x0,
    0x9d, 0xfe, 0xac, 0xe5, 0xfa, 0xeb, 0xb4, 0x4f,
    0x0, 0x0, 0x0, 0x0, 0x0, 0x2, 0x42, 0x0,
    0x0, 0x0, 0x0, 0x0, 0x0, 0x0, 0x0, 0x0,

    /* U+01FF "ǿ" */
    0x0, 0x0, 0x0, 0x0, 0xc0, 0xff, 0x82, 0x0,
    0x0, 0x0, 0x0, 0x0, 0x13, 0xfc, 0xd1, 0x6,
    0x0, 0x0, 0x0, 0x0, 0x0, 0x9, 0x28, 0x12,
    0x1d, 0x1, 0x0, 0x0, 0x2, 0x6c, 0xda, 0xf8,
    0xdc, 0xf3, 0xb0, 0x0, 0x0, 0xa0, 0xff, 0xf8,
    0xcf, 0xfe, 0xff, 0xd3, 0xb, 0x3f, 0xff, 0xe3,
    0x1f, 0x5b, 0xff, 0xf3, 0xff, 0x75, 0x7f, 0xff,
    0x7c, 0x18, 0xed, 0xe1, 0x4e, 0xff, 0xb6, 0x7f,
    0xff, 0x77, 0xb0, 0xff, 0x45, 0x46, 0xff, 0xb7,
    0x40, 0xff, 0xf1, 0xff, 0x99, 0xd, 0xc0, 0xff,
    0x76, 0x0, 0xaa, 0xff, 0xff, 0xd5, 0xee, 0xff,
    0xd3, 0x7, 0x0, 0x74, 0xff, 0xdf, 0xfa, 0xe6,
    0x8e, 0xd, 0x0, 0x0, 0x0, 0x36, 0x0, 0x0,
    0x0, 0x0, 0x0, 0x0,

    /* U+0218 "Ș" */
    0x0, 0xb, 0x83, 0xda, 0xf6, 0xda, 0x83, 0x9,
    0x0, 0x0, 0xb0, 0xff, 0xff, 0xfd, 0xff, 0xff,
    0xad, 0x0, 0x20, 0xff, 0xfc, 0x41, 0x2, 0x3c,
    0xe6, 0x9f, 0xa, 0xf, 0xfd, 0xfa, 0x28, 0x0,
    0x0, 0x2, 0x0, 0x0, 0x0, 0x86, 0xff, 0xf8,
    0xa6, 0x50, 0x4, 0x0, 0x0, 0x0, 0x0, 0x54,
    0xc7, 0xff, 0xff, 0xe3, 0x4b, 0x0, 0x0, 0x0,
    0x0, 0x0, 0x23, 0x90, 0xfe, 0xfa, 0x31, 0x1b,
    0x75, 0x6e, 0x0, 0x0, 0x0, 0xac, 0xff, 0x80,
    0x55, 0xff, 0xf9, 0x5c, 0xe, 0x30, 0xe0, 0xff,
    0x7c, 0x2, 0xb0, 0xff, 0xff, 0xff, 0xff, 0xff,
    0xe3, 0x1b, 0x0, 0x5, 0x74, 0xd6, 0xf6, 0xe3,
    0x9a, 0x1f, 0x0, 0x0, 0x0, 0x0, 0x2, 0x66,
    0x3b, 0x0, 0x0, 0x0, 0x0, 0x0, 0x0, 0x3f,
    0xff, 0xe5, 0x0, 0x0, 0x0, 0x0, 0x0, 0x0,
    0xc, 0xda, 0x9d, 0x0, 0x0, 0x0, 0x0, 0x0,
    0x0, 0x23, 0xde, 0xf, 0x0, 0x0, 0x0, 0x0,
    0x0, 0x0, 0x0, 0x10, 0x0, 0x0, 0x0, 0x0,

    /* U+0219 "ș" */
    0x0, 0x3f, 0xc2, 0xf2, 0xef, 0xb2, 0x28, 0x0,
    0x19, 0xf6, 0xfe, 0xc1, 0xd7, 0xff, 0xe3, 0x8,
    0x3e, 0xff, 0xdd, 0x1e, 0x2, 0x5c, 0x17, 0x0,
    0x7, 0xc6, 0xff, 0xff, 0xda, 0x90, 0x1c, 0x0,
    0x0, 0x4, 0x53, 0x95, 0xd6, 0xff, 0xe7, 0x12,
    0x2d, 0xa2, 0x8e, 0x2, 0x2, 0xdc, 0xff, 0x49,
    0x38, 0xf8, 0xff, 0xe6, 0xeb, 0xff, 0xed, 0x14,
    0x0, 0x3a, 0xbb, 0xef, 0xee, 0xb7, 0x30, 0x0,
    0x0, 0x0, 0x0, 0x4c, 0x58, 0x0, 0x0, 0x0,
    0x0, 0x0, 0x9, 0xfd, 0xff, 0x21, 0x0, 0x0,
    0x0, 0x0, 0x0, 0xad, 0xd2, 0x4, 0x0, 0x0,
    0x0, 0x0, 0x4, 0xda, 0x2f, 0x0, 0x0, 0x0,
    0x0, 0x0, 0x0, 0xf, 0x0, 0x0, 0x0, 0x0,

    /* U+021A "Ț" */
    0x9c, 0xff, 0xff, 0xff, 0xff, 0xff, 0xff, 0xff,
    0xf0, 0x9c, 0xff, 0xff, 0xff, 0xff, 0xff, 0xff,
    0xff, 0xf0, 0x4, 0x8, 0x8, 0x70, 0xff, 0xc2,
    0x8, 0x8, 0x7, 0x0, 0x0, 0x0, 0x6c, 0xff,
    0xc0, 0x0, 0x0, 0x0, 0x0, 0x0, 0x0, 0x6c,
    0xff, 0xc0, 0x0, 0x0, 0x0, 0x0, 0x0, 0x0,
    0x6c, 0xff, 0xc0, 0x0, 0x0, 0x0, 0x0, 0x0,
    0x0, 0x6c, 0xff, 0xc0, 0x0, 0x0, 0x0, 0x0,
    0x0, 0x0, 0x6c, 0xff, 0xc0, 0x0, 0x0, 0x0,
    0x0, 0x0, 0x0, 0x6c, 0xff, 0xc0, 0x0, 0x0,
    0x0, 0x0, 0x0, 0x0, 0x6c, 0xff, 0xc0, 0x0,
    0x0, 0x0, 0x0, 0x0, 0x0, 0x6c, 0xff, 0xc0,
    0x0, 0x0, 0x0, 0x0, 0x0, 0x0, 0x0, 0x0,
    0x0, 0x0, 0x0, 0x0, 0x0, 0x0, 0x0, 0x3e,
    0xf0, 0x83, 0x0, 0x0, 0x0, 0x0, 0x0, 0x0,
    0x54, 0xff, 0xb0, 0x0, 0x0, 0x0, 0x0, 0x0,
    0x0, 0x1a, 0xea, 0x27, 0x0, 0x0, 0x0, 0x0,
    0x0, 0x0, 0x30, 0x5b, 0x0, 0x0, 0x0, 0x0,

    /* U+021B "ț" */
    0x0, 0x1e, 0x80, 0x6e, 0x0, 0x0, 0x0, 0x0,
    0x3c, 0xff, 0xdc, 0x0, 0x0, 0x0, 0x0, 0x3c,
    0xff, 0xdc, 0x0, 0x0, 0x0, 0x9c, 0xff, 0xff,
    0xff, 0xff, 0xc8, 0x0, 0x77, 0xd2, 0xff, 0xf7,
    0xc4, 0x99, 0x0, 0x0, 0x3c, 0xff, 0xdc, 0x0,
    0x0, 0x0, 0x0, 0x3c, 0xff, 0xdc, 0x0, 0x0,
    0x0, 0x0, 0x3c, 0xff, 0xdc, 0x0, 0x0, 0x0,
    0x0, 0x30, 0xff, 0xf3, 0x14, 0x7, 0x0, 0x0,
    0x9, 0xeb, 0xff, 0xfc, 0xb6, 0x0, 0x0, 0x0,
    0x42, 0xd6, 0xf9, 0xd2, 0x3, 0x0, 0x0, 0x0,
    0x5c, 0x48, 0x0, 0x0, 0x0, 0x0, 0x26, 0xff,
    0xfb, 0x5, 0x0, 0x0, 0x0, 0x4, 0xc9, 0xb6,
    0x0, 0x0, 0x0, 0x0, 0x11, 0xe2, 0x1a, 0x0,
    0x0, 0x0, 0x0, 0x0, 0xf, 0x0, 0x0, 0x0,

    /* U+0237 "ȷ" */
    0x0, 0x0, 0xf8, 0xff, 0x20, 0x0, 0x0, 0xf8,
    0xff, 0x20, 0x0, 0x0, 0xf8, 0xff, 0x20, 0x0,
    0x0, 0xf8, 0xff, 0x20, 0x0, 0x0, 0xf8, 0xff,
    0x20, 0x0, 0x0, 0xf8, 0xff, 0x20, 0x0, 0x0,
    0xf8, 0xff, 0x20, 0x0, 0x0, 0xf8, 0xff, 0x20,
    0x1, 0x17, 0xfe, 0xff, 0x14, 0x65, 0xf9, 0xff,
    0xdd, 0x0, 0x98, 0xfa, 0xd1, 0x38, 0x0,

    /* U+2013 "–" */
    0x17, 0xd4, 0xd4, 0xd4, 0xd4, 0xd4, 0xd4, 0xd4,
    0xb9, 0x1c, 0xff, 0xff, 0xff, 0xff, 0xff, 0xff,
    0xff, 0xe0,

    /* U+2014 "—" */
    0x17, 0xd4, 0xd4, 0xd4, 0xd4, 0xd4, 0xd4, 0xd4,
    0xd4, 0xd4, 0xd4, 0xd4, 0xd4, 0xa5, 0x1c, 0xff,
    0xff, 0xff, 0xff, 0xff, 0xff, 0xff, 0xff, 0xff,
    0xff, 0xff, 0xff, 0xc8,

    /* U+2018 "‘" */
    0x0, 0x0, 0x37, 0x5, 0x0, 0x23, 0xf4, 0x3f,
    0x1, 0xc3, 0xe4, 0x15, 0x2f, 0xff, 0xff, 0x75,
    0x8, 0xc5, 0xe7, 0x31,

    /* U+2019 "’" */
    0x8, 0xc4, 0xe7, 0x31, 0x29, 0xff, 0xff, 0x7a,
    0x0, 0xac, 0xf3, 0x1f, 0xb, 0xe7, 0x68, 0x0,
    0x0, 0x3d, 0x0, 0x0,

    /* U+201A "‚" */
    0x8, 0xc4, 0xe7, 0x31, 0x28, 0xff, 0xff, 0x7a,
    0x0, 0xab, 0xf3, 0x1f, 0xb, 0xe7, 0x66, 0x0,
    0x0, 0x3a, 0x0, 0x0,

    /* U+201C "“" */
    0x0, 0x0, 0x37, 0x5, 0x0, 0xc, 0x31, 0x0,
    0x0, 0x23, 0xf4, 0x3f, 0x0, 0x99, 0xc1, 0x0,
    0x1, 0xc3, 0xe4, 0x15, 0x45, 0xff, 0x79, 0x0,
    0x2f, 0xff, 0xff, 0x75, 0xae, 0xff, 0xf6, 0x2,
    0x8, 0xc5, 0xe7, 0x31, 0x58, 0xf1, 0xa0, 0x0,

    /* U+201D "”" */
    0x8, 0xc4, 0xe7, 0x31, 0x58, 0xf1, 0xa0, 0x0,
    0x29, 0xff, 0xff, 0x7a, 0xa9, 0xff, 0xfb, 0x2,
    0x0, 0xac, 0xf3, 0x1f, 0x2f, 0xfb, 0x94, 0x0,
    0xb, 0xe7, 0x68, 0x0, 0x72, 0xdc, 0xb, 0x0,
    0x0, 0x3d, 0x0, 0x0, 0x12, 0x2b, 0x0, 0x0,

    /* U+201E "„" */
    0x8, 0xc4, 0xe7, 0x31, 0x7b, 0xf3, 0x78, 0x28,
    0xff, 0xff, 0x7a, 0xd0, 0xff, 0xd2, 0x0, 0xab,
    0xf3, 0x1f, 0x54, 0xff, 0x6b, 0xb, 0xe7, 0x66,
    0x0, 0x9b, 0xbd, 0x1, 0x0, 0x3a, 0x0, 0x0,
    0x1f, 0x1c, 0x0,

    /* U+2022 "•" */
    0x0, 0x3, 0x19, 0x0, 0x0, 0x28, 0xe3, 0xff,
    0xbf, 0x8, 0xa1, 0xff, 0xff, 0xff, 0x5d, 0x97,
    0xff, 0xff, 0xff, 0x52, 0x19, 0xc0, 0xf2, 0x9a,
    0x2,

    /* U+2026 "…" */
    0x0, 0x81, 0xa3, 0x15, 0x7, 0x94, 0x96, 0x8,
    0x12, 0xa0, 0x86, 0x1, 0x2e, 0xff, 0xff, 0x79,
    0x52, 0xff, 0xff, 0x55, 0x72, 0xff, 0xff, 0x35,
    0x8, 0xc5, 0xe7, 0x31, 0x19, 0xd8, 0xda, 0x1b,
    0x2c, 0xe4, 0xca, 0xb,

    /* U+2039 "‹" */
    0x0, 0x0, 0x0, 0x5d, 0x7e, 0x0, 0x0, 0x0,
    0x4f, 0xfb, 0xd7, 0xd, 0x0, 0x41, 0xf8, 0xdf,
    0x1b, 0x0, 0x22, 0xf2, 0xf8, 0x23, 0x0, 0x0,
    0x1, 0xa0, 0xff, 0x90, 0x0, 0x0, 0x0, 0x3,
    0xb0, 0xff, 0x82, 0x0, 0x0, 0x0, 0x7, 0xbd,
    0xd9, 0xd, 0x0, 0x0, 0x0, 0xc, 0x14, 0x0,

    /* U+203A "›" */
    0x0, 0x55, 0x87, 0x0, 0x0, 0x0, 0x0, 0xb4,
    0xff, 0x7a, 0x0, 0x0, 0x0, 0x9, 0xc1, 0xff,
    0x69, 0x0, 0x0, 0x0, 0xd, 0xde, 0xfd, 0x46,
    0x0, 0x0, 0x61, 0xfe, 0xc6, 0xb, 0x0, 0x55,
    0xfc, 0xd2, 0x11, 0x0, 0x0, 0xb7, 0xdc, 0x18,
    0x0, 0x0, 0x0, 0x6, 0x1a, 0x0, 0x0, 0x0,

    /* U+2044 "⁄" */
    0x0, 0x0, 0x0, 0x0, 0x0, 0x0, 0x0, 0x45,
    0x12, 0x0, 0x0, 0x0, 0x0, 0x0, 0x0, 0x23,
    0xf4, 0xa7, 0x0, 0x0, 0x0, 0x0, 0x0, 0x2,
    0xc3, 0xf1, 0x1e, 0x0, 0x0, 0x0, 0x0, 0x0,
    0x73, 0xff, 0x62, 0x0, 0x0, 0x0, 0x0, 0x0,
    0x28, 0xf7, 0xb4, 0x0, 0x0, 0x0, 0x0, 0x0,
    0x3, 0xc9, 0xed, 0x19, 0x0, 0x0, 0x0, 0x0,
    0x0, 0x7b, 0xff, 0x59, 0x0, 0x0, 0x0, 0x0,
    0x0, 0x2e, 0xf9, 0xac, 0x0, 0x0, 0x0, 0x0,
    0x0, 0x5, 0xcf, 0xe9, 0x15, 0x0, 0x0, 0x0,
    0x0, 0x0, 0x83, 0xff, 0x51, 0x0, 0x0, 0x0,
    0x0, 0x0, 0x34, 0xfb, 0xa3, 0x0, 0x0, 0x0,
    0x0, 0x0, 0x0, 0x80, 0xe4, 0x10, 0x0, 0x0,
    0x0, 0x0, 0x0, 0x0, 0x0, 0x11, 0x0, 0x0,
    0x0, 0x0, 0x0, 0x0, 0x0,

    /* U+2074 "⁴" */
    0x0, 0x0, 0x2b, 0xf9, 0x94, 0x0, 0x0, 0x3,
    0xc9, 0xff, 0x94, 0x0, 0x0, 0x75, 0xcf, 0xd2,
    0x94, 0x0, 0x26, 0xf3, 0x32, 0xcc, 0x94, 0x0,
    0x89, 0xff, 0xff, 0xff, 0xff, 0x58, 0x1a, 0x30,
    0x30, 0xd5, 0xa8, 0x10,

    /* U+20A3 "₣" */
    0x0, 0x6d, 0xd4, 0xd4, 0xd4, 0xd4, 0xd4, 0xd4,
    0x73, 0x0, 0x84, 0xff, 0xff, 0xff, 0xff, 0xff,
    0xff, 0x8c, 0x0, 0x84, 0xff, 0x74, 0x0, 0x0,
    0x0, 0x0, 0x0, 0x0, 0x84, 0xff, 0x74, 0x0,
    0x0, 0x0, 0x0, 0x0, 0x0, 0x84, 0xff, 0x74,
    0x0, 0x0, 0x0, 0x0, 0x0, 0x0, 0x84, 0xff,
    0xff, 0xff, 0xff, 0xff, 0xff, 0x8, 0x0, 0x84,
    0xff, 0xea, 0xd8, 0xd8, 0xd8, 0xd8, 0x6, 0x0,
    0x84, 0xff, 0x74, 0x0, 0x0, 0x0, 0x0, 0x0,
    0x9c, 0xff, 0xff, 0xff, 0xff, 0x80, 0x0, 0x0,
    0x0, 0x1d, 0x9b, 0xff, 0x8e, 0x30, 0x18, 0x0,
    0x0, 0x0, 0x0, 0x84, 0xff, 0x74, 0x0, 0x0,
    0x0, 0x0, 0x0,

    /* U+20A4 "₤" */
    0x0, 0x1, 0x6b, 0xe0, 0xf5, 0xc9, 0x4d, 0x0,
    0x0, 0x0, 0x75, 0xff, 0xfb, 0xe6, 0xff, 0xfd,
    0x47, 0x0, 0x0, 0xeb, 0xfe, 0x35, 0x0, 0x7a,
    0xe5, 0x61, 0x0, 0xf, 0xff, 0xec, 0x0, 0x0,
    0x5, 0x4, 0x0, 0x0, 0x1, 0xe8, 0xfe, 0x1b,
    0x0, 0x0, 0x0, 0x0, 0x0, 0x7c, 0xff, 0xff,
    0xff, 0xff, 0xc4, 0x0, 0x0, 0x0, 0x17, 0x35,
    0xf2, 0xf8, 0x32, 0x24, 0x0, 0x0, 0x0, 0x7c,
    0xff, 0xff, 0xff, 0xff, 0xc4, 0x0, 0x0, 0x0,
    0x17, 0x66, 0xfe, 0xbb, 0x30, 0x24, 0x35, 0x65,
    0x10, 0x3f, 0xfa, 0xff, 0xe1, 0xd4, 0xd6, 0xfb,
    0xff, 0x43, 0x54, 0xff, 0xff, 0xff, 0xff, 0xff,
    0xe4, 0x6d, 0x0,

    /* U+20A9 "₩" */
    0x42, 0xff, 0xfe, 0x10, 0x0, 0x0, 0x2d, 0xff,
    0xff, 0x4a, 0x0, 0x0, 0x7, 0xf9, 0xff, 0x51,
    0x9, 0xfa, 0xff, 0x47, 0x0, 0x0, 0x77, 0xff,
    0xff, 0x91, 0x0, 0x0, 0x39, 0xff, 0xff, 0x15,
    0x0, 0xc6, 0xff, 0x7f, 0x0, 0x0, 0xc0, 0xff,
    0xff, 0xd7, 0x0, 0x0, 0x71, 0xff, 0xd7, 0x0,
    0x0, 0x89, 0xff, 0xb7, 0x0, 0xe, 0xfa, 0xed,
    0xcf, 0xff, 0x1e, 0x0, 0xa9, 0xff, 0x9a, 0x0,
    0x0, 0x4b, 0xff, 0xee, 0x1, 0x53, 0xff, 0xbe,
    0x9d, 0xff, 0x64, 0x0, 0xe0, 0xff, 0x5e, 0x0,
    0x7c, 0xff, 0xff, 0xff, 0xff, 0xff, 0xff, 0xff,
    0xff, 0xff, 0xff, 0xff, 0xff, 0xff, 0xff, 0x70,
    0x17, 0x30, 0xca, 0xff, 0x8e, 0xf6, 0xff, 0x48,
    0x39, 0xfb, 0xfd, 0x8a, 0xff, 0xde, 0x30, 0x15,
    0x0, 0x0, 0x7b, 0xff, 0xd0, 0xff, 0xcf, 0x0,
    0x0, 0xbd, 0xff, 0xd5, 0xff, 0x94, 0x0, 0x0,
    0x0, 0x0, 0x31, 0xff, 0xff, 0xff, 0x79, 0x0,
    0x0, 0x6c, 0xff, 0xff, 0xff, 0x4c, 0x0, 0x0,
    0x0, 0x0, 0x0, 0xe6, 0xff, 0xff, 0x24, 0x0,
    0x0, 0x1b, 0xfe, 0xff, 0xf9, 0xb, 0x0, 0x0,
    0x0, 0x0, 0x0, 0x9d, 0xff, 0xce, 0x0, 0x0,
    0x0, 0x0, 0xc9, 0xff, 0xbc, 0x0, 0x0, 0x0,

    /* U+20AB "₫" */
    0x0, 0x0, 0x0, 0x0, 0x0, 0x0, 0x6b, 0xd0,
    0x78, 0x0, 0x0, 0x0, 0x0, 0x0, 0xc0, 0xfc,
    0xfe, 0xff, 0xfe, 0x81, 0x0, 0x0, 0x0, 0x0,
    0x21, 0x2c, 0x99, 0xff, 0xa6, 0x16, 0x0, 0x6,
    0x86, 0xe9, 0xf5, 0xaa, 0x88, 0xff, 0x94, 0x0,
    0x0, 0xae, 0xff, 0xff, 0xf7, 0xff, 0xf6, 0xff,
    0x94, 0x0, 0x44, 0xff, 0xf7, 0x45, 0x0, 0x2b,
    0xe5, 0xff, 0x94, 0x0, 0x80, 0xff, 0xa3, 0x0,
    0x0, 0x0, 0x7d, 0xff, 0x94, 0x0, 0x81, 0xff,
    0xa2, 0x0, 0x0, 0x0, 0x7d, 0xff, 0x94, 0x0,
    0x45, 0xff, 0xf6, 0x40, 0x0, 0x25, 0xe3, 0xff,
    0x94, 0x0, 0x0, 0xb1, 0xff, 0xff, 0xf3, 0xff,
    0xfc, 0xff, 0x94, 0x0, 0x0, 0x8, 0x88, 0xea,
    0xf7, 0xb5, 0x7c, 0xff, 0x94, 0x0, 0x0, 0x0,
    0x0, 0x0, 0x0, 0x0, 0x0, 0x0, 0x0, 0x0,
    0xc, 0xff, 0xff, 0xff, 0xff, 0xff, 0xff, 0xff,
    0x94, 0x0, 0x6, 0x84, 0x84, 0x84, 0x84, 0x84,
    0x84, 0x84, 0x4c, 0x0,

    /* U+20AC "€" */
    0x0, 0x0, 0x0, 0x5, 0x61, 0xc0, 0xe7, 0xf5,
    0xd0, 0x5f, 0x0, 0x0, 0x0, 0x16, 0xc6, 0xff,
    0xff, 0xff, 0xfc, 0xff, 0x52, 0x0, 0x0, 0x0,
    0xb4, 0xff, 0xc9, 0x49, 0xb, 0x0, 0x1d, 0x0,
    0x0, 0x9c, 0xff, 0xff, 0xff, 0xff, 0xff, 0xff,
    0x7c, 0x0, 0x0, 0x0, 0x4b, 0xa9, 0xff, 0xe0,
    0x7c, 0x7c, 0x7c, 0x3c, 0x0, 0x0, 0x0, 0x0,
    0x59, 0xff, 0xc0, 0x0, 0x0, 0x0, 0x0, 0x0,
    0x0, 0x0, 0x9c, 0xff, 0xff, 0xff, 0xff, 0xff,
    0xff, 0x7c, 0x0, 0x0, 0x0, 0x52, 0x88, 0xf3,
    0xff, 0xbe, 0x88, 0x88, 0x41, 0x0, 0x0, 0x0,
    0x0, 0x0, 0x7d, 0xff, 0xf0, 0x66, 0xe, 0x1,
    0x29, 0x1f, 0x0, 0x0, 0x0, 0x4, 0xa2, 0xff,
    0xff, 0xff, 0xfb, 0xff, 0xa8, 0x0, 0x0, 0x0,
    0x0, 0x1, 0x51, 0xbb, 0xe6, 0xf7, 0xda, 0x84,
    0x1,

    /* U+20AE "₮" */
    0x81, 0xd4, 0xd4, 0xd4, 0xd4, 0xd4, 0xd4, 0xd4,
    0x70, 0x9c, 0xff, 0xff, 0xff, 0xff, 0xff, 0xff,
    0xff, 0x88, 0x0, 0x0, 0x0, 0x88, 0xff, 0x70,
    0x6, 0x18, 0x0, 0x0, 0x0, 0x0, 0x88, 0xff,
    0xa6, 0xd7, 0x58, 0x0, 0x0, 0x0, 0x0, 0x89,
    0xff, 0xff, 0xe2, 0x2d, 0x0, 0x0, 0x5, 0x79,
    0xf6, 0xff, 0xac, 0x40, 0x35, 0x0, 0x0, 0x6d,
    0xff, 0xef, 0xff, 0xd5, 0xfd, 0x58, 0x0, 0x0,
    0x56, 0x55, 0xa5, 0xff, 0xff, 0x9f, 0x11, 0x0,
    0x0, 0x25, 0xc7, 0xff, 0xff, 0x80, 0x0, 0x0,
    0x0, 0x0, 0x70, 0xed, 0xca, 0xff, 0x70, 0x0,
    0x0, 0x0, 0x0, 0x32, 0x14, 0x88, 0xff, 0x70,
    0x0, 0x0, 0x0,

    /* U+20B1 "₱" */
    0x0, 0x56, 0xd4, 0xd4, 0xd4, 0xd1, 0xb4, 0x5e,
    0x2, 0x0, 0x0, 0x0, 0x68, 0xff, 0xff, 0xff,
    0xff, 0xff, 0xff, 0x98, 0x0, 0x0, 0x0, 0x68,
    0xff, 0x90, 0x0, 0x1, 0x36, 0xf0, 0xff, 0x23,
    0x0, 0x9c, 0xff, 0xff, 0xff, 0xff, 0xff, 0xff,
    0xff, 0xff, 0xff, 0x48, 0x1f, 0x86, 0xff, 0xa6,
    0x34, 0x35, 0x65, 0xf3, 0xff, 0x55, 0xe, 0x0,
    0x68, 0xff, 0xff, 0xff, 0xff, 0xff, 0xff, 0xb0,
    0x0, 0x0, 0x0, 0x68, 0xff, 0xee, 0xd8, 0xd5,
    0xbb, 0x6d, 0x6, 0x0, 0x0, 0x0, 0x68, 0xff,
    0x90, 0x0, 0x0, 0x0, 0x0, 0x0, 0x0, 0x0,
    0x0, 0x68, 0xff, 0x90, 0x0, 0x0, 0x0, 0x0,
    0x0, 0x0, 0x0, 0x0, 0x68, 0xff, 0x90, 0x0,
    0x0, 0x0, 0x0, 0x0, 0x0, 0x0, 0x0, 0x68,
    0xff, 0x90, 0x0, 0x0, 0x0, 0x0, 0x0, 0x0,
    0x0,

    /* U+20B8 "₸" */
    0x77, 0xc4, 0xc4, 0xc4, 0xc4, 0xc4, 0xc4, 0xc4,
    0x68, 0x9c, 0xff, 0xff, 0xff, 0xff, 0xff, 0xff,
    0xff, 0x88, 0x0, 0x0, 0x0, 0x0, 0x0, 0x0,
    0x0, 0x0, 0x0, 0x9c, 0xff, 0xff, 0xff, 0xff,
    0xff, 0xff, 0xff, 0x88, 0x77, 0xc4, 0xc4, 0xe3,
    0xff, 0xde, 0xc4, 0xc4, 0x68, 0x0, 0x0, 0x0,
    0x88, 0xff, 0x70, 0x0, 0x0, 0x0, 0x0, 0x0,
    0x0, 0x88, 0xff, 0x70, 0x0, 0x0, 0x0, 0x0,
    0x0, 0x0, 0x88, 0xff, 0x70, 0x0, 0x0, 0x0,
    0x0, 0x0, 0x0, 0x88, 0xff, 0x70, 0x0, 0x0,
    0x0, 0x0, 0x0, 0x0, 0x88, 0xff, 0x70, 0x0,
    0x0, 0x0, 0x0, 0x0, 0x0, 0x88, 0xff, 0x70,
    0x0, 0x0, 0x0,

    /* U+20B9 "₹" */
    0x92, 0xf0, 0xf0, 0xf0, 0xf0, 0xf0, 0xf0, 0xf0,
    0xd9, 0x83, 0xd8, 0xd8, 0xd8, 0xdf, 0xff, 0xff,
    0x8f, 0x3d, 0x1d, 0x30, 0x30, 0x30, 0x30, 0x90,
    0xff, 0xce, 0x2b, 0x9c, 0xff, 0xff, 0xff, 0xff,
    0xff, 0xff, 0xff, 0xe8, 0x4, 0x9, 0xc, 0xc,
    0x1b, 0x92, 0xff, 0xb9, 0x7, 0x0, 0x4c, 0xff,
    0xff, 0xff, 0xff, 0xf7, 0x37, 0x0, 0x0, 0x49,
    0xff, 0xff, 0xed, 0xa0, 0x2b, 0x0, 0x0, 0x0,
    0x3, 0xa9, 0xff, 0xf4, 0x3c, 0x0, 0x0, 0x0,
    0x0, 0x0, 0x4, 0xaf, 0xff, 0xf2, 0x38, 0x0,
    0x0, 0x0, 0x0, 0x0, 0x6, 0xb4, 0xff, 0xf0,
    0x35, 0x0, 0x0, 0x0, 0x0, 0x0, 0x7, 0xb9,
    0xff, 0xef, 0x30,

    /* U+20BA "₺" */
    0x0, 0x0, 0x9c, 0xd0, 0x2a, 0x0, 0x0, 0x0,
    0x0, 0x0, 0x0, 0xc0, 0xff, 0x34, 0x53, 0x1b,
    0x0, 0x0, 0x0, 0x0, 0xc0, 0xff, 0xd0, 0xff,
    0x28, 0x0, 0x0, 0x0, 0xb, 0xd4, 0xff, 0xf6,
    0x79, 0x4, 0x0, 0x0, 0x43, 0xe2, 0xff, 0xff,
    0x44, 0x55, 0x1b, 0x0, 0x0, 0x9c, 0xd8, 0xdf,
    0xff, 0xd0, 0xff, 0x28, 0x0, 0x0, 0x3a, 0x12,
    0xd4, 0xff, 0xf4, 0x75, 0x13, 0x20, 0xd, 0x42,
    0xe1, 0xff, 0xff, 0x42, 0x0, 0x9f, 0xff, 0x59,
    0x9c, 0xd5, 0xde, 0xff, 0x34, 0x47, 0xfa, 0xf4,
    0x17, 0x37, 0x5, 0xc0, 0xff, 0xe0, 0xff, 0xff,
    0x64, 0x0, 0x0, 0x0, 0xc0, 0xff, 0xf7, 0xc6,
    0x42, 0x0, 0x0,

    /* U+20BD "₽" */
    0x0, 0x56, 0xd4, 0xd4, 0xd4, 0xd0, 0xb0, 0x5f,
    0x2, 0x0, 0x0, 0x68, 0xff, 0xff, 0xff, 0xff,
    0xff, 0xff, 0x9c, 0x0, 0x0, 0x68, 0xff, 0x90,
    0x0, 0x1, 0x34, 0xeb, 0xff, 0x2e, 0x0, 0x68,
    0xff, 0x90, 0x0, 0x0, 0x0, 0xa0, 0xff, 0x55,
    0x0, 0x68, 0xff, 0x90, 0x0, 0x0, 0xc, 0xd8,
    0xff, 0x3a, 0x79, 0xde, 0xff, 0xe7, 0xc8, 0xc9,
    0xed, 0xff, 0xbb, 0x1, 0x9c, 0xff, 0xff, 0xff,
    0xff, 0xfd, 0xdf, 0x8f, 0xf, 0x0, 0x0, 0x68,
    0xff, 0x90, 0x0, 0x0, 0x0, 0x0, 0x0, 0x0,
    0x9c, 0xff, 0xff, 0xff, 0xff, 0xa8, 0x0, 0x0,
    0x0, 0x0, 0x1d, 0x84, 0xff, 0xa5, 0x30, 0x1f,
    0x0, 0x0, 0x0, 0x0, 0x0, 0x68, 0xff, 0x90,
    0x0, 0x0, 0x0, 0x0, 0x0, 0x0,

    /* U+2116 "№" */
    0x6a, 0x74, 0x52, 0x0, 0x0, 0x0, 0x0, 0x74,
    0x74, 0x12, 0x0, 0x29, 0x96, 0xa4, 0x4e, 0x0,
    0xec, 0xff, 0xfa, 0x26, 0x0, 0x0, 0x0, 0xff,
    0xff, 0x28, 0x23, 0xf4, 0xdf, 0xc8, 0xff, 0x5f,
    0xec, 0xff, 0xff, 0xb3, 0x0, 0x0, 0x0, 0xff,
    0xff, 0x28, 0x82, 0xf5, 0x10, 0x0, 0xbe, 0xc9,
    0xec, 0xff, 0xfb, 0xff, 0x47, 0x0, 0x0, 0xff,
    0xff, 0x28, 0x85, 0xf3, 0xb, 0x0, 0xb7, 0xcc,
    0xec, 0xff, 0x8e, 0xff, 0xd6, 0x4, 0x0, 0xff,
    0xff, 0x28, 0x2a, 0xf8, 0xd3, 0xb7, 0xff, 0x6a,
    0xec, 0xff, 0x30, 0xd8, 0xff, 0x6e, 0x0, 0xff,
    0xff, 0x28, 0x0, 0x33, 0xa3, 0xb1, 0x5c, 0x0,
    0xec, 0xff, 0x33, 0x4a, 0xff, 0xee, 0x13, 0xf8,
    0xff, 0x28, 0x4, 0x2c, 0x2c, 0x2c, 0x2c, 0x10,
    0xec, 0xff, 0x34, 0x0, 0xb6, 0xff, 0x95, 0xe8,
    0xff, 0x28, 0x18, 0xff, 0xff, 0xff, 0xff, 0x60,
    0xec, 0xff, 0x34, 0x0, 0x27, 0xfa, 0xfc, 0xf8,
    0xff, 0x28, 0x4, 0x30, 0x30, 0x30, 0x30, 0x12,
    0xec, 0xff, 0x34, 0x0, 0x0, 0x8e, 0xff, 0xff,
    0xff, 0x28, 0x0, 0x0, 0x0, 0x0, 0x0, 0x0,
    0xec, 0xff, 0x34, 0x0, 0x0, 0xf, 0xea, 0xff,
    0xff, 0x28, 0x0, 0x0, 0x0, 0x0, 0x0, 0x0,
    0xec, 0xff, 0x34, 0x0, 0x0, 0x0, 0x66, 0xff,
    0xff, 0x28, 0x0, 0x0, 0x0, 0x0, 0x0, 0x0
};


/*---------------------
 *  GLYPH DESCRIPTION
 *--------------------*/

static const lv_font_fmt_txt_glyph_dsc_t glyph_dsc[] = {
    {.bitmap_index = 0, .adv_w = 0, .box_w = 0, .box_h = 0, .ofs_x = 0, .ofs_y = 0} /* id = 0 reserved */,
    {.bitmap_index = 0, .adv_w = 56, .box_w = 0, .box_h = 0, .ofs_x = 0, .ofs_y = 0},
    {.bitmap_index = 0, .adv_w = 69, .box_w = 4, .box_h = 11, .ofs_x = 0, .ofs_y = 0},
    {.bitmap_index = 44, .adv_w = 97, .box_w = 6, .box_h = 4, .ofs_x = 0, .ofs_y = 7},
    {.bitmap_index = 68, .adv_w = 168, .box_w = 11, .box_h = 11, .ofs_x = 0, .ofs_y = 0},
    {.bitmap_index = 189, .adv_w = 143, .box_w = 9, .box_h = 14, .ofs_x = 0, .ofs_y = -2},
    {.bitmap_index = 315, .adv_w = 215, .box_w = 13, .box_h = 11, .ofs_x = 0, .ofs_y = 0},
    {.bitmap_index = 458, .adv_w = 166, .box_w = 10, .box_h = 11, .ofs_x = 0, .ofs_y = 0},
    {.bitmap_index = 568, .adv_w = 53, .box_w = 3, .box_h = 4, .ofs_x = 0, .ofs_y = 7},
    {.bitmap_index = 580, .adv_w = 92, .box_w = 5, .box_h = 16, .ofs_x = 1, .ofs_y = -3},
    {.bitmap_index = 660, .adv_w = 92, .box_w = 5, .box_h = 16, .ofs_x = 0, .ofs_y = -3},
    {.bitmap_index = 740, .adv_w = 119, .box_w = 7, .box_h = 6, .ofs_x = 0, .ofs_y = 5},
    {.bitmap_index = 782, .adv_w = 146, .box_w = 9, .box_h = 8, .ofs_x = 0, .ofs_y = 0},
    {.bitmap_index = 854, .adv_w = 69, .box_w = 4, .box_h = 5, .ofs_x = 0, .ofs_y = -2},
    {.bitmap_index = 874, .adv_w = 115, .box_w = 7, .box_h = 2, .ofs_x = 0, .ofs_y = 4},
    {.bitmap_index = 888, .adv_w = 69, .box_w = 4, .box_h = 3, .ofs_x = 0, .ofs_y = 0},
    {.bitmap_index = 900, .adv_w = 123, .box_w = 8, .box_h = 11, .ofs_x = 0, .ofs_y = 0},
    {.bitmap_index = 988, .adv_w = 169, .box_w = 10, .box_h = 11, .ofs_x = 0, .ofs_y = 0},
    {.bitmap_index = 1098, .adv_w = 109, .box_w = 6, .box_h = 11, .ofs_x = 0, .ofs_y = 0},
    {.bitmap_index = 1164, .adv_w = 140, .box_w = 9, .box_h = 11, .ofs_x = 0, .ofs_y = 0},
    {.bitmap_index = 1263, .adv_w = 143, .box_w = 9, .box_h = 11, .ofs_x = 0, .ofs_y = 0},
    {.bitmap_index = 1362, .adv_w = 158, .box_w = 10, .box_h = 11, .ofs_x = 0, .ofs_y = 0},
    {.bitmap_index = 1472, .adv_w = 147, .box_w = 9, .box_h = 11, .ofs_x = 0, .ofs_y = 0},
    {.bitmap_index = 1571, .adv_w = 145, .box_w = 9, .box_h = 12, .ofs_x = 0, .ofs_y = 0},
    {.bitmap_index = 1679, .adv_w = 140, .box_w = 9, .box_h = 12, .ofs_x = 0, .ofs_y = -1},
    {.bitmap_index = 1787, .adv_w = 147, .box_w = 9, .box_h = 11, .ofs_x = 0, .ofs_y = 0},
    {.bitmap_index = 1886, .adv_w = 145, .box_w = 9, .box_h = 12, .ofs_x = 0, .ofs_y = -1},
    {.bitmap_index = 1994, .adv_w = 69, .box_w = 4, .box_h = 8, .ofs_x = 0, .ofs_y = 0},
    {.bitmap_index = 2026, .adv_w = 69, .box_w = 4, .box_h = 10, .ofs_x = 0, .ofs_y = -2},
    {.bitmap_index = 2066, .adv_w = 136, .box_w = 8, .box_h = 9, .ofs_x = 0, .ofs_y = 0},
    {.bitmap_index = 2138, .adv_w = 149, .box_w = 9, .box_h = 5, .ofs_x = 0, .ofs_y = 3},
    {.bitmap_index = 2183, .adv_w = 136, .box_w = 8, .box_h = 9, .ofs_x = 0, .ofs_y = 0},
    {.bitmap_index = 2255, .adv_w = 132, .box_w = 8, .box_h = 11, .ofs_x = 0, .ofs_y = 0},
    {.bitmap_index = 2343, .adv_w = 225, .box_w = 14, .box_h = 14, .ofs_x = 0, .ofs_y = -2},
    {.bitmap_index = 2539, .adv_w = 183, .box_w = 12, .box_h = 11, .ofs_x = 0, .ofs_y = 0},
    {.bitmap_index = 2671, .adv_w = 161, .box_w = 9, .box_h = 11, .ofs_x = 1, .ofs_y = 0},
    {.bitmap_index = 2770, .adv_w = 188, .box_w = 12, .box_h = 11, .ofs_x = 0, .ofs_y = 0},
    {.bitmap_index = 2902, .adv_w = 184, .box_w = 10, .box_h = 11, .ofs_x = 1, .ofs_y = 0},
    {.bitmap_index = 3012, .adv_w = 148, .box_w = 8, .box_h = 11, .ofs_x = 1, .ofs_y = 0},
    {.bitmap_index = 3100, .adv_w = 143, .box_w = 8, .box_h = 11, .ofs_x = 1, .ofs_y = 0},
    {.bitmap_index = 3188, .adv_w = 207, .box_w = 13, .box_h = 11, .ofs_x = 0, .ofs_y = 0},
    {.bitmap_index = 3331, .adv_w = 183, .box_w = 10, .box_h = 11, .ofs_x = 1, .ofs_y = 0},
    {.bitmap_index = 3441, .adv_w = 71, .box_w = 3, .box_h = 11, .ofs_x = 1, .ofs_y = 0},
    {.bitmap_index = 3474, .adv_w = 142, .box_w = 8, .box_h = 11, .ofs_x = 0, .ofs_y = 0},
    {.bitmap_index = 3562, .adv_w = 171, .box_w = 10, .box_h = 11, .ofs_x = 1, .ofs_y = 0},
    {.bitmap_index = 3672, .adv_w = 137, .box_w = 8, .box_h = 11, .ofs_x = 1, .ofs_y = 0},
    {.bitmap_index = 3760, .adv_w = 219, .box_w = 12, .box_h = 11, .ofs_x = 1, .ofs_y = 0},
    {.bitmap_index = 3892, .adv_w = 185, .box_w = 10, .box_h = 11, .ofs_x = 1, .ofs_y = 0},
    {.bitmap_index = 4002, .adv_w = 210, .box_w = 13, .box_h = 11, .ofs_x = 0, .ofs_y = 0},
    {.bitmap_index = 4145, .adv_w = 152, .box_w = 9, .box_h = 11, .ofs_x = 1, .ofs_y = 0},
    {.bitmap_index = 4244, .adv_w = 210, .box_w = 13, .box_h = 12, .ofs_x = 0, .ofs_y = -1},
    {.bitmap_index = 4400, .adv_w = 159, .box_w = 9, .box_h = 11, .ofs_x = 1, .ofs_y = 0},
    {.bitmap_index = 4499, .adv_w = 147, .box_w = 9, .box_h = 11, .ofs_x = 0, .ofs_y = 0},
    {.bitmap_index = 4598, .adv_w = 149, .box_w = 9, .box_h = 11, .ofs_x = 0, .ofs_y = 0},
    {.bitmap_index = 4697, .adv_w = 171, .box_w = 10, .box_h = 11, .ofs_x = 0, .ofs_y = 0},
    {.bitmap_index = 4807, .adv_w = 174, .box_w = 11, .box_h = 11, .ofs_x = 0, .ofs_y = 0},
    {.bitmap_index = 4928, .adv_w = 244, .box_w = 16, .box_h = 11, .ofs_x = 0, .ofs_y = 0},
    {.bitmap_index = 5104, .adv_w = 176, .box_w = 11, .box_h = 11, .ofs_x = 0, .ofs_y = 0},
    {.bitmap_index = 5225, .adv_w = 163, .box_w = 10, .box_h = 11, .ofs_x = 0, .ofs_y = 0},
    {.bitmap_index = 5335, .adv_w = 153, .box_w = 9, .box_h = 11, .ofs_x = 0, .ofs_y = 0},
    {.bitmap_index = 5434, .adv_w = 90, .box_w = 5, .box_h = 15, .ofs_x = 1, .ofs_y = -2},
    {.bitmap_index = 5509, .adv_w = 123, .box_w = 8, .box_h = 11, .ofs_x = 0, .ofs_y = 0},
    {.bitmap_index = 5597, .adv_w = 90, .box_w = 5, .box_h = 15, .ofs_x = 0, .ofs_y = -2},
    {.bitmap_index = 5672, .adv_w = 132, .box_w = 9, .box_h = 5, .ofs_x = 0, .ofs_y = 6},
    {.bitmap_index = 5717, .adv_w = 128, .box_w = 8, .box_h = 2, .ofs_x = 0, .ofs_y = -3},
    {.bitmap_index = 5733, .adv_w = 113, .box_w = 4, .box_h = 3, .ofs_x = 1, .ofs_y = 9},
    {.bitmap_index = 5745, .adv_w = 137, .box_w = 8, .box_h = 8, .ofs_x = 0, .ofs_y = 0},
    {.bitmap_index = 5809, .adv_w = 154, .box_w = 10, .box_h = 11, .ofs_x = 0, .ofs_y = 0},
    {.bitmap_index = 5919, .adv_w = 140, .box_w = 9, .box_h = 8, .ofs_x = 0, .ofs_y = 0},
    {.bitmap_index = 5991, .adv_w = 154, .box_w = 9, .box_h = 11, .ofs_x = 0, .ofs_y = 0},
    {.bitmap_index = 6090, .adv_w = 142, .box_w = 9, .box_h = 8, .ofs_x = 0, .ofs_y = 0},
    {.bitmap_index = 6162, .adv_w = 102, .box_w = 7, .box_h = 11, .ofs_x = 0, .ofs_y = 0},
    {.bitmap_index = 6239, .adv_w = 153, .box_w = 9, .box_h = 11, .ofs_x = 0, .ofs_y = -3},
    {.bitmap_index = 6338, .adv_w = 147, .box_w = 9, .box_h = 11, .ofs_x = 0, .ofs_y = 0},
    {.bitmap_index = 6437, .adv_w = 66, .box_w = 4, .box_h = 11, .ofs_x = 0, .ofs_y = 0},
    {.bitmap_index = 6481, .adv_w = 66, .box_w = 5, .box_h = 14, .ofs_x = -1, .ofs_y = -3},
    {.bitmap_index = 6551, .adv_w = 136, .box_w = 9, .box_h = 11, .ofs_x = 0, .ofs_y = 0},
    {.bitmap_index = 6650, .adv_w = 62, .box_w = 3, .box_h = 11, .ofs_x = 0, .ofs_y = 0},
    {.bitmap_index = 6683, .adv_w = 225, .box_w = 14, .box_h = 8, .ofs_x = 0, .ofs_y = 0},
    {.bitmap_index = 6795, .adv_w = 147, .box_w = 9, .box_h = 8, .ofs_x = 0, .ofs_y = 0},
    {.bitmap_index = 6867, .adv_w = 147, .box_w = 9, .box_h = 8, .ofs_x = 0, .ofs_y = 0},
    {.bitmap_index = 6939, .adv_w = 153, .box_w = 10, .box_h = 11, .ofs_x = 0, .ofs_y = -3},
    {.bitmap_index = 7049, .adv_w = 153, .box_w = 9, .box_h = 11, .ofs_x = 0, .ofs_y = -3},
    {.bitmap_index = 7148, .adv_w = 104, .box_w = 7, .box_h = 8, .ofs_x = 0, .ofs_y = 0},
    {.bitmap_index = 7204, .adv_w = 124, .box_w = 8, .box_h = 8, .ofs_x = 0, .ofs_y = 0},
    {.bitmap_index = 7268, .adv_w = 103, .box_w = 7, .box_h = 11, .ofs_x = 0, .ofs_y = 0},
    {.bitmap_index = 7345, .adv_w = 147, .box_w = 9, .box_h = 8, .ofs_x = 0, .ofs_y = 0},
    {.bitmap_index = 7417, .adv_w = 143, .box_w = 9, .box_h = 8, .ofs_x = 0, .ofs_y = 0},
    {.bitmap_index = 7489, .adv_w = 206, .box_w = 13, .box_h = 8, .ofs_x = 0, .ofs_y = 0},
    {.bitmap_index = 7593, .adv_w = 132, .box_w = 9, .box_h = 8, .ofs_x = 0, .ofs_y = 0},
    {.bitmap_index = 7665, .adv_w = 142, .box_w = 9, .box_h = 11, .ofs_x = 0, .ofs_y = -3},
    {.bitmap_index = 7764, .adv_w = 123, .box_w = 8, .box_h = 8, .ofs_x = 0, .ofs_y = 0},
    {.bitmap_index = 7828, .adv_w = 86, .box_w = 5, .box_h = 15, .ofs_x = 0, .ofs_y = -2},
    {.bitmap_index = 7903, .adv_w = 68, .box_w = 3, .box_h = 15, .ofs_x = 1, .ofs_y = -2},
    {.bitmap_index = 7948, .adv_w = 86, .box_w = 6, .box_h = 15, .ofs_x = 0, .ofs_y = -2},
    {.bitmap_index = 8038, .adv_w = 142, .box_w = 9, .box_h = 3, .ofs_x = 0, .ofs_y = 4},
    {.bitmap_index = 8065, .adv_w = 56, .box_w = 0, .box_h = 0, .ofs_x = 0, .ofs_y = 0},
    {.bitmap_index = 8065, .adv_w = 69, .box_w = 4, .box_h = 11, .ofs_x = 0, .ofs_y = -3},
    {.bitmap_index = 8109, .adv_w = 138, .box_w = 9, .box_h = 11, .ofs_x = 0, .ofs_y = 0},
    {.bitmap_index = 8208, .adv_w = 138, .box_w = 9, .box_h = 11, .ofs_x = 0, .ofs_y = 0},
    {.bitmap_index = 8307, .adv_w = 156, .box_w = 9, .box_h = 9, .ofs_x = 0, .ofs_y = 1},
    {.bitmap_index = 8388, .adv_w = 162, .box_w = 10, .box_h = 11, .ofs_x = 0, .ofs_y = 0},
    {.bitmap_index = 8498, .adv_w = 68, .box_w = 3, .box_h = 14, .ofs_x = 1, .ofs_y = -2},
    {.bitmap_index = 8540, .adv_w = 143, .box_w = 9, .box_h = 14, .ofs_x = 0, .ofs_y = -3},
    {.bitmap_index = 8666, .adv_w = 116, .box_w = 7, .box_h = 3, .ofs_x = 0, .ofs_y = 9},
    {.bitmap_index = 8687, .adv_w = 136, .box_w = 8, .box_h = 8, .ofs_x = 0, .ofs_y = 4},
    {.bitmap_index = 8751, .adv_w = 127, .box_w = 8, .box_h = 8, .ofs_x = 0, .ofs_y = 4},
    {.bitmap_index = 8815, .adv_w = 156, .box_w = 9, .box_h = 8, .ofs_x = 0, .ofs_y = 0},
    {.bitmap_index = 8887, .adv_w = 152, .box_w = 9, .box_h = 5, .ofs_x = 0, .ofs_y = 2},
    {.bitmap_index = 8932, .adv_w = 115, .box_w = 7, .box_h = 2, .ofs_x = 0, .ofs_y = 4},
    {.bitmap_index = 8946, .adv_w = 136, .box_w = 8, .box_h = 8, .ofs_x = 0, .ofs_y = 4},
    {.bitmap_index = 9010, .adv_w = 106, .box_w = 6, .box_h = 2, .ofs_x = 0, .ofs_y = 10},
    {.bitmap_index = 9022, .adv_w = 83, .box_w = 5, .box_h = 6, .ofs_x = 0, .ofs_y = 6},
    {.bitmap_index = 9052, .adv_w = 146, .box_w = 9, .box_h = 9, .ofs_x = 0, .ofs_y = 0},
    {.bitmap_index = 9133, .adv_w = 81, .box_w = 5, .box_h = 6, .ofs_x = 0, .ofs_y = 6},
    {.bitmap_index = 9163, .adv_w = 86, .box_w = 5, .box_h = 6, .ofs_x = 0, .ofs_y = 6},
    {.bitmap_index = 9193, .adv_w = 113, .box_w = 4, .box_h = 3, .ofs_x = 2, .ofs_y = 9},
    {.bitmap_index = 9205, .adv_w = 147, .box_w = 9, .box_h = 11, .ofs_x = 0, .ofs_y = -3},
    {.bitmap_index = 9304, .adv_w = 165, .box_w = 10, .box_h = 14, .ofs_x = 0, .ofs_y = -3},
    {.bitmap_index = 9444, .adv_w = 55, .box_w = 4, .box_h = 3, .ofs_x = 0, .ofs_y = 4},
    {.bitmap_index = 9456, .adv_w = 105, .box_w = 4, .box_h = 5, .ofs_x = 1, .ofs_y = -5},
    {.bitmap_index = 9476, .adv_w = 70, .box_w = 4, .box_h = 6, .ofs_x = 0, .ofs_y = 6},
    {.bitmap_index = 9500, .adv_w = 137, .box_w = 8, .box_h = 7, .ofs_x = 0, .ofs_y = 5},
    {.bitmap_index = 9556, .adv_w = 156, .box_w = 10, .box_h = 8, .ofs_x = 0, .ofs_y = 0},
    {.bitmap_index = 9636, .adv_w = 197, .box_w = 12, .box_h = 13, .ofs_x = 0, .ofs_y = -1},
    {.bitmap_index = 9792, .adv_w = 207, .box_w = 13, .box_h = 13, .ofs_x = 0, .ofs_y = -1},
    {.bitmap_index = 9961, .adv_w = 216, .box_w = 13, .box_h = 13, .ofs_x = 0, .ofs_y = -1},
    {.bitmap_index = 10130, .adv_w = 129, .box_w = 8, .box_h = 11, .ofs_x = 0, .ofs_y = -3},
    {.bitmap_index = 10218, .adv_w = 183, .box_w = 12, .box_h = 15, .ofs_x = 0, .ofs_y = 0},
    {.bitmap_index = 10398, .adv_w = 183, .box_w = 12, .box_h = 15, .ofs_x = 0, .ofs_y = 0},
    {.bitmap_index = 10578, .adv_w = 183, .box_w = 12, .box_h = 14, .ofs_x = 0, .ofs_y = 0},
    {.bitmap_index = 10746, .adv_w = 183, .box_w = 12, .box_h = 15, .ofs_x = 0, .ofs_y = 0},
    {.bitmap_index = 10926, .adv_w = 183, .box_w = 12, .box_h = 15, .ofs_x = 0, .ofs_y = 0},
    {.bitmap_index = 11106, .adv_w = 183, .box_w = 12, .box_h = 15, .ofs_x = 0, .ofs_y = 0},
    {.bitmap_index = 11286, .adv_w = 257, .box_w = 16, .box_h = 11, .ofs_x = 0, .ofs_y = 0},
    {.bitmap_index = 11462, .adv_w = 188, .box_w = 12, .box_h = 14, .ofs_x = 0, .ofs_y = -3},
    {.bitmap_index = 11630, .adv_w = 148, .box_w = 8, .box_h = 15, .ofs_x = 1, .ofs_y = 0},
    {.bitmap_index = 11750, .adv_w = 148, .box_w = 8, .box_h = 15, .ofs_x = 1, .ofs_y = 0},
    {.bitmap_index = 11870, .adv_w = 148, .box_w = 8, .box_h = 14, .ofs_x = 1, .ofs_y = 0},
    {.bitmap_index = 11982, .adv_w = 148, .box_w = 8, .box_h = 15, .ofs_x = 1, .ofs_y = 0},
    {.bitmap_index = 12102, .adv_w = 71, .box_w = 4, .box_h = 15, .ofs_x = 0, .ofs_y = 0},
    {.bitmap_index = 12162, .adv_w = 71, .box_w = 4, .box_h = 15, .ofs_x = 1, .ofs_y = 0},
    {.bitmap_index = 12222, .adv_w = 71, .box_w = 6, .box_h = 14, .ofs_x = -1, .ofs_y = 0},
    {.bitmap_index = 12306, .adv_w = 71, .box_w = 6, .box_h = 15, .ofs_x = -1, .ofs_y = 0},
    {.bitmap_index = 12396, .adv_w = 199, .box_w = 12, .box_h = 11, .ofs_x = 0, .ofs_y = 0},
    {.bitmap_index = 12528, .adv_w = 185, .box_w = 10, .box_h = 15, .ofs_x = 1, .ofs_y = 0},
    {.bitmap_index = 12678, .adv_w = 210, .box_w = 13, .box_h = 15, .ofs_x = 0, .ofs_y = 0},
    {.bitmap_index = 12873, .adv_w = 210, .box_w = 13, .box_h = 15, .ofs_x = 0, .ofs_y = 0},
    {.bitmap_index = 13068, .adv_w = 210, .box_w = 13, .box_h = 15, .ofs_x = 0, .ofs_y = 0},
    {.bitmap_index = 13263, .adv_w = 210, .box_w = 13, .box_h = 15, .ofs_x = 0, .ofs_y = 0},
    {.bitmap_index = 13458, .adv_w = 210, .box_w = 13, .box_h = 15, .ofs_x = 0, .ofs_y = 0},
    {.bitmap_index = 13653, .adv_w = 156, .box_w = 9, .box_h = 9, .ofs_x = 0, .ofs_y = 0},
    {.bitmap_index = 13734, .adv_w = 210, .box_w = 13, .box_h = 13, .ofs_x = 0, .ofs_y = -1},
    {.bitmap_index = 13903, .adv_w = 171, .box_w = 10, .box_h = 15, .ofs_x = 0, .ofs_y = 0},
    {.bitmap_index = 14053, .adv_w = 171, .box_w = 10, .box_h = 15, .ofs_x = 0, .ofs_y = 0},
    {.bitmap_index = 14203, .adv_w = 171, .box_w = 10, .box_h = 14, .ofs_x = 0, .ofs_y = 0},
    {.bitmap_index = 14343, .adv_w = 171, .box_w = 10, .box_h = 15, .ofs_x = 0, .ofs_y = 0},
    {.bitmap_index = 14493, .adv_w = 163, .box_w = 10, .box_h = 15, .ofs_x = 0, .ofs_y = 0},
    {.bitmap_index = 14643, .adv_w = 152, .box_w = 9, .box_h = 11, .ofs_x = 1, .ofs_y = 0},
    {.bitmap_index = 14742, .adv_w = 150, .box_w = 8, .box_h = 11, .ofs_x = 1, .ofs_y = 0},
    {.bitmap_index = 14830, .adv_w = 137, .box_w = 8, .box_h = 11, .ofs_x = 0, .ofs_y = 0},
    {.bitmap_index = 14918, .adv_w = 137, .box_w = 8, .box_h = 11, .ofs_x = 0, .ofs_y = 0},
    {.bitmap_index = 15006, .adv_w = 137, .box_w = 8, .box_h = 11, .ofs_x = 0, .ofs_y = 0},
    {.bitmap_index = 15094, .adv_w = 137, .box_w = 8, .box_h = 11, .ofs_x = 0, .ofs_y = 0},
    {.bitmap_index = 15182, .adv_w = 137, .box_w = 8, .box_h = 11, .ofs_x = 0, .ofs_y = 0},
    {.bitmap_index = 15270, .adv_w = 137, .box_w = 8, .box_h = 13, .ofs_x = 0, .ofs_y = 0},
    {.bitmap_index = 15374, .adv_w = 227, .box_w = 14, .box_h = 8, .ofs_x = 0, .ofs_y = 0},
    {.bitmap_index = 15486, .adv_w = 140, .box_w = 9, .box_h = 11, .ofs_x = 0, .ofs_y = -3},
    {.bitmap_index = 15585, .adv_w = 142, .box_w = 9, .box_h = 11, .ofs_x = 0, .ofs_y = 0},
    {.bitmap_index = 15684, .adv_w = 142, .box_w = 9, .box_h = 11, .ofs_x = 0, .ofs_y = 0},
    {.bitmap_index = 15783, .adv_w = 142, .box_w = 9, .box_h = 11, .ofs_x = 0, .ofs_y = 0},
    {.bitmap_index = 15882, .adv_w = 142, .box_w = 9, .box_h = 11, .ofs_x = 0, .ofs_y = 0},
    {.bitmap_index = 15981, .adv_w = 66, .box_w = 5, .box_h = 11, .ofs_x = -1, .ofs_y = 0},
    {.bitmap_index = 16036, .adv_w = 66, .box_w = 4, .box_h = 11, .ofs_x = 1, .ofs_y = 0},
    {.bitmap_index = 16080, .adv_w = 66, .box_w = 6, .box_h = 11, .ofs_x = -1, .ofs_y = 0},
    {.bitmap_index = 16146, .adv_w = 66, .box_w = 6, .box_h = 11, .ofs_x = -1, .ofs_y = 0},
    {.bitmap_index = 16212, .adv_w = 148, .box_w = 9, .box_h = 12, .ofs_x = 0, .ofs_y = 0},
    {.bitmap_index = 16320, .adv_w = 147, .box_w = 9, .box_h = 11, .ofs_x = 0, .ofs_y = 0},
    {.bitmap_index = 16419, .adv_w = 147, .box_w = 9, .box_h = 11, .ofs_x = 0, .ofs_y = 0},
    {.bitmap_index = 16518, .adv_w = 147, .box_w = 9, .box_h = 11, .ofs_x = 0, .ofs_y = 0},
    {.bitmap_index = 16617, .adv_w = 147, .box_w = 9, .box_h = 11, .ofs_x = 0, .ofs_y = 0},
    {.bitmap_index = 16716, .adv_w = 147, .box_w = 9, .box_h = 11, .ofs_x = 0, .ofs_y = 0},
    {.bitmap_index = 16815, .adv_w = 147, .box_w = 9, .box_h = 11, .ofs_x = 0, .ofs_y = 0},
    {.bitmap_index = 16914, .adv_w = 146, .box_w = 9, .box_h = 9, .ofs_x = 0, .ofs_y = 0},
    {.bitmap_index = 16995, .adv_w = 147, .box_w = 9, .box_h = 10, .ofs_x = 0, .ofs_y = -1},
    {.bitmap_index = 17085, .adv_w = 147, .box_w = 9, .box_h = 11, .ofs_x = 0, .ofs_y = 0},
    {.bitmap_index = 17184, .adv_w = 147, .box_w = 9, .box_h = 11, .ofs_x = 0, .ofs_y = 0},
    {.bitmap_index = 17283, .adv_w = 147, .box_w = 9, .box_h = 11, .ofs_x = 0, .ofs_y = 0},
    {.bitmap_index = 17382, .adv_w = 147, .box_w = 9, .box_h = 11, .ofs_x = 0, .ofs_y = 0},
    {.bitmap_index = 17481, .adv_w = 142, .box_w = 9, .box_h = 14, .ofs_x = 0, .ofs_y = -3},
    {.bitmap_index = 17607, .adv_w = 154, .box_w = 10, .box_h = 14, .ofs_x = 0, .ofs_y = -3},
    {.bitmap_index = 17747, .adv_w = 142, .box_w = 9, .box_h = 14, .ofs_x = 0, .ofs_y = -3},
    {.bitmap_index = 17873, .adv_w = 183, .box_w = 12, .box_h = 14, .ofs_x = 0, .ofs_y = 0},
    {.bitmap_index = 18041, .adv_w = 137, .box_w = 8, .box_h = 11, .ofs_x = 0, .ofs_y = 0},
    {.bitmap_index = 18129, .adv_w = 183, .box_w = 12, .box_h = 14, .ofs_x = 0, .ofs_y = 0},
    {.bitmap_index = 18297, .adv_w = 137, .box_w = 8, .box_h = 12, .ofs_x = 0, .ofs_y = 0},
    {.bitmap_index = 18393, .adv_w = 183, .box_w = 12, .box_h = 14, .ofs_x = 0, .ofs_y = -3},
    {.bitmap_index = 18561, .adv_w = 137, .box_w = 9, .box_h = 11, .ofs_x = 0, .ofs_y = -3},
    {.bitmap_index = 18660, .adv_w = 188, .box_w = 12, .box_h = 15, .ofs_x = 0, .ofs_y = 0},
    {.bitmap_index = 18840, .adv_w = 140, .box_w = 9, .box_h = 11, .ofs_x = 0, .ofs_y = 0},
    {.bitmap_index = 18939, .adv_w = 188, .box_w = 12, .box_h = 15, .ofs_x = 0, .ofs_y = 0},
    {.bitmap_index = 19119, .adv_w = 140, .box_w = 9, .box_h = 11, .ofs_x = 0, .ofs_y = 0},
    {.bitmap_index = 19218, .adv_w = 188, .box_w = 12, .box_h = 15, .ofs_x = 0, .ofs_y = 0},
    {.bitmap_index = 19398, .adv_w = 140, .box_w = 9, .box_h = 11, .ofs_x = 0, .ofs_y = 0},
    {.bitmap_index = 19497, .adv_w = 188, .box_w = 12, .box_h = 15, .ofs_x = 0, .ofs_y = 0},
    {.bitmap_index = 19677, .adv_w = 140, .box_w = 9, .box_h = 11, .ofs_x = 0, .ofs_y = 0},
    {.bitmap_index = 19776, .adv_w = 184, .box_w = 10, .box_h = 14, .ofs_x = 1, .ofs_y = 0},
    {.bitmap_index = 19916, .adv_w = 183, .box_w = 12, .box_h = 11, .ofs_x = 0, .ofs_y = 0},
    {.bitmap_index = 20048, .adv_w = 182, .box_w = 12, .box_h = 11, .ofs_x = -1, .ofs_y = 0},
    {.bitmap_index = 20180, .adv_w = 152, .box_w = 10, .box_h = 11, .ofs_x = 0, .ofs_y = 0},
    {.bitmap_index = 20290, .adv_w = 148, .box_w = 8, .box_h = 14, .ofs_x = 1, .ofs_y = 0},
    {.bitmap_index = 20402, .adv_w = 142, .box_w = 9, .box_h = 11, .ofs_x = 0, .ofs_y = 0},
    {.bitmap_index = 20501, .adv_w = 148, .box_w = 8, .box_h = 14, .ofs_x = 1, .ofs_y = 0},
    {.bitmap_index = 20613, .adv_w = 142, .box_w = 9, .box_h = 12, .ofs_x = 0, .ofs_y = 0},
    {.bitmap_index = 20721, .adv_w = 148, .box_w = 8, .box_h = 15, .ofs_x = 1, .ofs_y = 0},
    {.bitmap_index = 20841, .adv_w = 142, .box_w = 9, .box_h = 11, .ofs_x = 0, .ofs_y = 0},
    {.bitmap_index = 20940, .adv_w = 148, .box_w = 8, .box_h = 14, .ofs_x = 1, .ofs_y = -3},
    {.bitmap_index = 21052, .adv_w = 142, .box_w = 9, .box_h = 11, .ofs_x = 0, .ofs_y = -3},
    {.bitmap_index = 21151, .adv_w = 148, .box_w = 8, .box_h = 14, .ofs_x = 1, .ofs_y = 0},
    {.bitmap_index = 21263, .adv_w = 142, .box_w = 9, .box_h = 11, .ofs_x = 0, .ofs_y = 0},
    {.bitmap_index = 21362, .adv_w = 207, .box_w = 13, .box_h = 15, .ofs_x = 0, .ofs_y = 0},
    {.bitmap_index = 21557, .adv_w = 153, .box_w = 9, .box_h = 14, .ofs_x = 0, .ofs_y = -3},
    {.bitmap_index = 21683, .adv_w = 207, .box_w = 13, .box_h = 15, .ofs_x = 0, .ofs_y = 0},
    {.bitmap_index = 21878, .adv_w = 153, .box_w = 9, .box_h = 15, .ofs_x = 0, .ofs_y = -3},
    {.bitmap_index = 22013, .adv_w = 207, .box_w = 13, .box_h = 15, .ofs_x = 0, .ofs_y = 0},
    {.bitmap_index = 22208, .adv_w = 153, .box_w = 9, .box_h = 14, .ofs_x = 0, .ofs_y = -3},
    {.bitmap_index = 22334, .adv_w = 207, .box_w = 13, .box_h = 16, .ofs_x = 0, .ofs_y = -5},
    {.bitmap_index = 22542, .adv_w = 153, .box_w = 9, .box_h = 17, .ofs_x = 0, .ofs_y = -3},
    {.bitmap_index = 22695, .adv_w = 183, .box_w = 10, .box_h = 14, .ofs_x = 1, .ofs_y = 0},
    {.bitmap_index = 22835, .adv_w = 147, .box_w = 9, .box_h = 14, .ofs_x = 0, .ofs_y = 0},
    {.bitmap_index = 22961, .adv_w = 183, .box_w = 12, .box_h = 11, .ofs_x = 0, .ofs_y = 0},
    {.bitmap_index = 23093, .adv_w = 147, .box_w = 10, .box_h = 11, .ofs_x = -1, .ofs_y = 0},
    {.bitmap_index = 23203, .adv_w = 71, .box_w = 7, .box_h = 15, .ofs_x = -1, .ofs_y = 0},
    {.bitmap_index = 23308, .adv_w = 66, .box_w = 6, .box_h = 11, .ofs_x = -1, .ofs_y = 0},
    {.bitmap_index = 23374, .adv_w = 71, .box_w = 5, .box_h = 14, .ofs_x = 0, .ofs_y = 0},
    {.bitmap_index = 23444, .adv_w = 66, .box_w = 6, .box_h = 11, .ofs_x = -1, .ofs_y = 0},
    {.bitmap_index = 23510, .adv_w = 71, .box_w = 5, .box_h = 14, .ofs_x = 0, .ofs_y = 0},
    {.bitmap_index = 23580, .adv_w = 66, .box_w = 6, .box_h = 11, .ofs_x = -1, .ofs_y = 0},
    {.bitmap_index = 23646, .adv_w = 71, .box_w = 4, .box_h = 14, .ofs_x = 0, .ofs_y = -3},
    {.bitmap_index = 23702, .adv_w = 66, .box_w = 4, .box_h = 14, .ofs_x = 0, .ofs_y = -3},
    {.bitmap_index = 23758, .adv_w = 71, .box_w = 3, .box_h = 15, .ofs_x = 1, .ofs_y = 0},
    {.bitmap_index = 23803, .adv_w = 66, .box_w = 3, .box_h = 8, .ofs_x = 1, .ofs_y = 0},
    {.bitmap_index = 23827, .adv_w = 142, .box_w = 10, .box_h = 14, .ofs_x = 0, .ofs_y = 0},
    {.bitmap_index = 23967, .adv_w = 66, .box_w = 6, .box_h = 14, .ofs_x = -1, .ofs_y = -3},
    {.bitmap_index = 24051, .adv_w = 170, .box_w = 10, .box_h = 16, .ofs_x = 1, .ofs_y = -5},
    {.bitmap_index = 24211, .adv_w = 135, .box_w = 9, .box_h = 16, .ofs_x = 0, .ofs_y = -5},
    {.bitmap_index = 24355, .adv_w = 132, .box_w = 9, .box_h = 8, .ofs_x = 0, .ofs_y = 0},
    {.bitmap_index = 24427, .adv_w = 137, .box_w = 8, .box_h = 15, .ofs_x = 1, .ofs_y = 0},
    {.bitmap_index = 24547, .adv_w = 62, .box_w = 5, .box_h = 15, .ofs_x = 0, .ofs_y = 0},
    {.bitmap_index = 24622, .adv_w = 137, .box_w = 8, .box_h = 16, .ofs_x = 1, .ofs_y = -5},
    {.bitmap_index = 24750, .adv_w = 62, .box_w = 4, .box_h = 16, .ofs_x = 0, .ofs_y = -5},
    {.bitmap_index = 24814, .adv_w = 137, .box_w = 8, .box_h = 11, .ofs_x = 1, .ofs_y = 0},
    {.bitmap_index = 24902, .adv_w = 98, .box_w = 6, .box_h = 11, .ofs_x = 1, .ofs_y = 0},
    {.bitmap_index = 24968, .adv_w = 137, .box_w = 8, .box_h = 11, .ofs_x = 1, .ofs_y = 0},
    {.bitmap_index = 25056, .adv_w = 158, .box_w = 10, .box_h = 11, .ofs_x = 0, .ofs_y = 0},
    {.bitmap_index = 25166, .adv_w = 107, .box_w = 7, .box_h = 11, .ofs_x = 0, .ofs_y = 0},
    {.bitmap_index = 25243, .adv_w = 185, .box_w = 10, .box_h = 15, .ofs_x = 1, .ofs_y = 0},
    {.bitmap_index = 25393, .adv_w = 147, .box_w = 9, .box_h = 11, .ofs_x = 0, .ofs_y = 0},
    {.bitmap_index = 25492, .adv_w = 185, .box_w = 10, .box_h = 16, .ofs_x = 1, .ofs_y = -5},
    {.bitmap_index = 25652, .adv_w = 147, .box_w = 9, .box_h = 13, .ofs_x = 0, .ofs_y = -5},
    {.bitmap_index = 25769, .adv_w = 185, .box_w = 10, .box_h = 14, .ofs_x = 1, .ofs_y = 0},
    {.bitmap_index = 25909, .adv_w = 147, .box_w = 9, .box_h = 11, .ofs_x = 0, .ofs_y = 0},
    {.bitmap_index = 26008, .adv_w = 185, .box_w = 10, .box_h = 14, .ofs_x = 1, .ofs_y = -3},
    {.bitmap_index = 26148, .adv_w = 147, .box_w = 9, .box_h = 11, .ofs_x = 0, .ofs_y = -3},
    {.bitmap_index = 26247, .adv_w = 210, .box_w = 13, .box_h = 15, .ofs_x = 0, .ofs_y = 0},
    {.bitmap_index = 26442, .adv_w = 147, .box_w = 9, .box_h = 11, .ofs_x = 0, .ofs_y = 0},
    {.bitmap_index = 26541, .adv_w = 210, .box_w = 13, .box_h = 15, .ofs_x = 0, .ofs_y = 0},
    {.bitmap_index = 26736, .adv_w = 147, .box_w = 9, .box_h = 12, .ofs_x = 0, .ofs_y = 0},
    {.bitmap_index = 26844, .adv_w = 210, .box_w = 13, .box_h = 15, .ofs_x = 0, .ofs_y = 0},
    {.bitmap_index = 27039, .adv_w = 147, .box_w = 9, .box_h = 11, .ofs_x = 0, .ofs_y = 0},
    {.bitmap_index = 27138, .adv_w = 293, .box_w = 18, .box_h = 11, .ofs_x = 0, .ofs_y = 0},
    {.bitmap_index = 27336, .adv_w = 243, .box_w = 15, .box_h = 8, .ofs_x = 0, .ofs_y = 0},
    {.bitmap_index = 27456, .adv_w = 159, .box_w = 9, .box_h = 15, .ofs_x = 1, .ofs_y = 0},
    {.bitmap_index = 27591, .adv_w = 104, .box_w = 7, .box_h = 11, .ofs_x = 0, .ofs_y = 0},
    {.bitmap_index = 27668, .adv_w = 157, .box_w = 9, .box_h = 16, .ofs_x = 1, .ofs_y = -5},
    {.bitmap_index = 27812, .adv_w = 104, .box_w = 7, .box_h = 13, .ofs_x = 0, .ofs_y = -5},
    {.bitmap_index = 27903, .adv_w = 159, .box_w = 9, .box_h = 14, .ofs_x = 1, .ofs_y = 0},
    {.bitmap_index = 28029, .adv_w = 104, .box_w = 7, .box_h = 11, .ofs_x = 0, .ofs_y = 0},
    {.bitmap_index = 28106, .adv_w = 147, .box_w = 9, .box_h = 15, .ofs_x = 0, .ofs_y = 0},
    {.bitmap_index = 28241, .adv_w = 124, .box_w = 8, .box_h = 11, .ofs_x = 0, .ofs_y = 0},
    {.bitmap_index = 28329, .adv_w = 147, .box_w = 9, .box_h = 15, .ofs_x = 0, .ofs_y = 0},
    {.bitmap_index = 28464, .adv_w = 124, .box_w = 8, .box_h = 11, .ofs_x = 0, .ofs_y = 0},
    {.bitmap_index = 28552, .adv_w = 147, .box_w = 9, .box_h = 14, .ofs_x = 0, .ofs_y = -3},
    {.bitmap_index = 28678, .adv_w = 124, .box_w = 8, .box_h = 11, .ofs_x = 0, .ofs_y = -3},
    {.bitmap_index = 28766, .adv_w = 147, .box_w = 9, .box_h = 15, .ofs_x = 0, .ofs_y = 0},
    {.bitmap_index = 28901, .adv_w = 124, .box_w = 8, .box_h = 11, .ofs_x = 0, .ofs_y = 0},
    {.bitmap_index = 28989, .adv_w = 149, .box_w = 9, .box_h = 14, .ofs_x = 0, .ofs_y = -3},
    {.bitmap_index = 29115, .adv_w = 103, .box_w = 7, .box_h = 14, .ofs_x = 0, .ofs_y = -3},
    {.bitmap_index = 29213, .adv_w = 149, .box_w = 9, .box_h = 14, .ofs_x = 0, .ofs_y = 0},
    {.bitmap_index = 29339, .adv_w = 103, .box_w = 7, .box_h = 11, .ofs_x = 0, .ofs_y = 0},
    {.bitmap_index = 29416, .adv_w = 149, .box_w = 9, .box_h = 11, .ofs_x = 0, .ofs_y = 0},
    {.bitmap_index = 29515, .adv_w = 103, .box_w = 7, .box_h = 11, .ofs_x = 0, .ofs_y = 0},
    {.bitmap_index = 29592, .adv_w = 171, .box_w = 10, .box_h = 15, .ofs_x = 0, .ofs_y = 0},
    {.bitmap_index = 29742, .adv_w = 147, .box_w = 9, .box_h = 11, .ofs_x = 0, .ofs_y = 0},
    {.bitmap_index = 29841, .adv_w = 171, .box_w = 10, .box_h = 15, .ofs_x = 0, .ofs_y = 0},
    {.bitmap_index = 29991, .adv_w = 147, .box_w = 9, .box_h = 11, .ofs_x = 0, .ofs_y = 0},
    {.bitmap_index = 30090, .adv_w = 171, .box_w = 10, .box_h = 15, .ofs_x = 0, .ofs_y = 0},
    {.bitmap_index = 30240, .adv_w = 147, .box_w = 9, .box_h = 11, .ofs_x = 0, .ofs_y = 0},
    {.bitmap_index = 30339, .adv_w = 171, .box_w = 10, .box_h = 16, .ofs_x = 0, .ofs_y = 0},
    {.bitmap_index = 30499, .adv_w = 147, .box_w = 9, .box_h = 13, .ofs_x = 0, .ofs_y = 0},
    {.bitmap_index = 30616, .adv_w = 171, .box_w = 10, .box_h = 15, .ofs_x = 0, .ofs_y = 0},
    {.bitmap_index = 30766, .adv_w = 147, .box_w = 9, .box_h = 11, .ofs_x = 0, .ofs_y = 0},
    {.bitmap_index = 30865, .adv_w = 171, .box_w = 10, .box_h = 14, .ofs_x = 0, .ofs_y = -3},
    {.bitmap_index = 31005, .adv_w = 147, .box_w = 9, .box_h = 11, .ofs_x = 0, .ofs_y = -3},
    {.bitmap_index = 31104, .adv_w = 244, .box_w = 16, .box_h = 14, .ofs_x = 0, .ofs_y = 0},
    {.bitmap_index = 31328, .adv_w = 206, .box_w = 13, .box_h = 11, .ofs_x = 0, .ofs_y = 0},
    {.bitmap_index = 31471, .adv_w = 163, .box_w = 10, .box_h = 14, .ofs_x = 0, .ofs_y = 0},
    {.bitmap_index = 31611, .adv_w = 142, .box_w = 9, .box_h = 14, .ofs_x = 0, .ofs_y = -3},
    {.bitmap_index = 31737, .adv_w = 163, .box_w = 10, .box_h = 15, .ofs_x = 0, .ofs_y = 0},
    {.bitmap_index = 31887, .adv_w = 153, .box_w = 9, .box_h = 15, .ofs_x = 0, .ofs_y = 0},
    {.bitmap_index = 32022, .adv_w = 123, .box_w = 8, .box_h = 11, .ofs_x = 0, .ofs_y = 0},
    {.bitmap_index = 32110, .adv_w = 153, .box_w = 9, .box_h = 15, .ofs_x = 0, .ofs_y = 0},
    {.bitmap_index = 32245, .adv_w = 123, .box_w = 8, .box_h = 11, .ofs_x = 0, .ofs_y = 0},
    {.bitmap_index = 32333, .adv_w = 153, .box_w = 9, .box_h = 14, .ofs_x = 0, .ofs_y = 0},
    {.bitmap_index = 32459, .adv_w = 123, .box_w = 8, .box_h = 11, .ofs_x = 0, .ofs_y = 0},
    {.bitmap_index = 32547, .adv_w = 157, .box_w = 10, .box_h = 14, .ofs_x = 0, .ofs_y = -3},
    {.bitmap_index = 32687, .adv_w = 183, .box_w = 12, .box_h = 15, .ofs_x = 0, .ofs_y = 0},
    {.bitmap_index = 32867, .adv_w = 137, .box_w = 8, .box_h = 15, .ofs_x = 0, .ofs_y = 0},
    {.bitmap_index = 32987, .adv_w = 257, .box_w = 16, .box_h = 15, .ofs_x = 0, .ofs_y = 0},
    {.bitmap_index = 33227, .adv_w = 227, .box_w = 14, .box_h = 11, .ofs_x = 0, .ofs_y = 0},
    {.bitmap_index = 33381, .adv_w = 210, .box_w = 13, .box_h = 16, .ofs_x = 0, .ofs_y = -1},
    {.bitmap_index = 33589, .adv_w = 147, .box_w = 9, .box_h = 12, .ofs_x = 0, .ofs_y = -1},
    {.bitmap_index = 33697, .adv_w = 147, .box_w = 9, .box_h = 16, .ofs_x = 0, .ofs_y = -5},
    {.bitmap_index = 33841, .adv_w = 124, .box_w = 8, .box_h = 13, .ofs_x = 0, .ofs_y = -5},
    {.bitmap_index = 33945, .adv_w = 149, .box_w = 9, .box_h = 16, .ofs_x = 0, .ofs_y = -5},
    {.bitmap_index = 34089, .adv_w = 103, .box_w = 7, .box_h = 16, .ofs_x = 0, .ofs_y = -5},
    {.bitmap_index = 34201, .adv_w = 66, .box_w = 5, .box_h = 11, .ofs_x = -1, .ofs_y = -3},
    {.bitmap_index = 34256, .adv_w = 156, .box_w = 9, .box_h = 2, .ofs_x = 0, .ofs_y = 4},
    {.bitmap_index = 34274, .adv_w = 235, .box_w = 14, .box_h = 2, .ofs_x = 0, .ofs_y = 4},
    {.bitmap_index = 34302, .adv_w = 69, .box_w = 4, .box_h = 5, .ofs_x = 0, .ofs_y = 7},
    {.bitmap_index = 34322, .adv_w = 69, .box_w = 4, .box_h = 5, .ofs_x = 0, .ofs_y = 6},
    {.bitmap_index = 34342, .adv_w = 69, .box_w = 4, .box_h = 5, .ofs_x = 0, .ofs_y = -2},
    {.bitmap_index = 34362, .adv_w = 125, .box_w = 8, .box_h = 5, .ofs_x = 0, .ofs_y = 7},
    {.bitmap_index = 34402, .adv_w = 125, .box_w = 8, .box_h = 5, .ofs_x = 0, .ofs_y = 6},
    {.bitmap_index = 34442, .adv_w = 123, .box_w = 7, .box_h = 5, .ofs_x = 0, .ofs_y = -2},
    {.bitmap_index = 34477, .adv_w = 108, .box_w = 5, .box_h = 5, .ofs_x = 1, .ofs_y = 3},
    {.bitmap_index = 34502, .adv_w = 193, .box_w = 12, .box_h = 3, .ofs_x = 0, .ofs_y = 0},
    {.bitmap_index = 34538, .adv_w = 99, .box_w = 6, .box_h = 8, .ofs_x = 0, .ofs_y = 0},
    {.bitmap_index = 34586, .adv_w = 99, .box_w = 6, .box_h = 8, .ofs_x = 0, .ofs_y = 0},
    {.bitmap_index = 34634, .adv_w = 49, .box_w = 9, .box_h = 13, .ofs_x = -3, .ofs_y = -1},
    {.bitmap_index = 34751, .adv_w = 93, .box_w = 6, .box_h = 6, .ofs_x = 0, .ofs_y = 6},
    {.bitmap_index = 34787, .adv_w = 146, .box_w = 9, .box_h = 11, .ofs_x = 0, .ofs_y = 0},
    {.bitmap_index = 34886, .adv_w = 140, .box_w = 9, .box_h = 11, .ofs_x = 0, .ofs_y = 0},
    {.bitmap_index = 34985, .adv_w = 257, .box_w = 16, .box_h = 11, .ofs_x = 0, .ofs_y = 0},
    {.bitmap_index = 35161, .adv_w = 150, .box_w = 10, .box_h = 14, .ofs_x = 0, .ofs_y = -3},
    {.bitmap_index = 35301, .adv_w = 167, .box_w = 11, .box_h = 11, .ofs_x = 0, .ofs_y = 0},
    {.bitmap_index = 35422, .adv_w = 143, .box_w = 9, .box_h = 11, .ofs_x = 0, .ofs_y = 0},
    {.bitmap_index = 35521, .adv_w = 169, .box_w = 11, .box_h = 11, .ofs_x = 0, .ofs_y = 0},
    {.bitmap_index = 35642, .adv_w = 143, .box_w = 9, .box_h = 11, .ofs_x = 0, .ofs_y = 0},
    {.bitmap_index = 35741, .adv_w = 149, .box_w = 9, .box_h = 11, .ofs_x = 0, .ofs_y = 0},
    {.bitmap_index = 35840, .adv_w = 141, .box_w = 9, .box_h = 11, .ofs_x = 0, .ofs_y = 0},
    {.bitmap_index = 35939, .adv_w = 156, .box_w = 10, .box_h = 11, .ofs_x = 0, .ofs_y = 0},
    {.bitmap_index = 36049, .adv_w = 280, .box_w = 16, .box_h = 12, .ofs_x = 1, .ofs_y = 0}
};

/*---------------------
 *  CHARACTER MAPPING
 *--------------------*/

static const uint16_t unicode_list_5[] = {
    0x0, 0x68, 0x69, 0x6a, 0x6b, 0x6c, 0x6d, 0x86,
    0x87, 0x88, 0x89, 0xa5, 0x1e81, 0x1e82, 0x1e86, 0x1e87,
    0x1e88, 0x1e8a, 0x1e8b, 0x1e8c, 0x1e90, 0x1e94, 0x1ea7, 0x1ea8,
    0x1eb2, 0x1ee2, 0x1f11, 0x1f12, 0x1f17, 0x1f19, 0x1f1a, 0x1f1c,
    0x1f1f, 0x1f26, 0x1f27, 0x1f28, 0x1f2b, 0x1f84
};

/*Collect the unicode lists and glyph_id offsets*/
static const lv_font_fmt_txt_cmap_t cmaps[] =
{
    {
        .range_start = 32, .range_length = 95, .glyph_id_start = 1,
        .unicode_list = NULL, .glyph_id_ofs_list = NULL, .list_length = 0, .type = LV_FONT_FMT_TXT_CMAP_FORMAT0_TINY
    },
    {
        .range_start = 160, .range_length = 146, .glyph_id_start = 96,
        .unicode_list = NULL, .glyph_id_ofs_list = NULL, .list_length = 0, .type = LV_FONT_FMT_TXT_CMAP_FORMAT0_TINY
    },
    {
        .range_start = 308, .range_length = 12, .glyph_id_start = 242,
        .unicode_list = NULL, .glyph_id_ofs_list = NULL, .list_length = 0, .type = LV_FONT_FMT_TXT_CMAP_FORMAT0_TINY
    },
    {
        .range_start = 321, .range_length = 8, .glyph_id_start = 254,
        .unicode_list = NULL, .glyph_id_ofs_list = NULL, .list_length = 0, .type = LV_FONT_FMT_TXT_CMAP_FORMAT0_TINY
    },
    {
        .range_start = 330, .range_length = 53, .glyph_id_start = 262,
        .unicode_list = NULL, .glyph_id_ofs_list = NULL, .list_length = 0, .type = LV_FONT_FMT_TXT_CMAP_FORMAT0_TINY
    },
    {
        .range_start = 402, .range_length = 8069, .glyph_id_start = 315,
        .unicode_list = unicode_list_5, .glyph_id_ofs_list = NULL, .list_length = 38, .type = LV_FONT_FMT_TXT_CMAP_SPARSE_TINY
    }
};

/*-----------------
 *    KERNING
 *----------------*/


/*Map glyph_ids to kern left classes*/
static const uint8_t kern_left_class_mapping[] =
{
    0, 1, 0, 2, 3, 0, 4, 5,
    2, 6, 0, 7, 8, 9, 10, 9,
    11, 12, 13, 14, 15, 16, 17, 18,
    19, 20, 21, 22, 22, 0, 0, 23,
    24, 25, 26, 27, 28, 29, 30, 31,
    32, 33, 33, 34, 35, 36, 33, 33,
    37, 38, 37, 39, 40, 41, 42, 43,
    44, 45, 46, 47, 6, 48, 0, 0,
    49, 0, 50, 51, 52, 53, 54, 55,
    56, 57, 58, 59, 60, 61, 57, 57,
    62, 63, 64, 65, 66, 67, 68, 69,
    70, 71, 72, 73, 6, 0, 0, 0,
    1, 0, 0, 0, 0, 0, 0, 0,
    0, 74, 0, 75, 0, 10, 74, 0,
    0, 0, 0, 0, 0, 68, 0, 76,
    0, 0, 0, 77, 0, 0, 0, 78,
    26, 26, 26, 26, 26, 26, 30, 28,
    30, 30, 30, 30, 33, 79, 79, 79,
    29, 33, 37, 37, 37, 37, 37, 0,
    37, 42, 42, 42, 42, 46, 80, 81,
    50, 50, 50, 50, 50, 50, 54, 52,
    54, 54, 54, 54, 58, 82, 82, 82,
    83, 57, 62, 62, 62, 62, 62, 0,
    62, 68, 68, 68, 68, 72, 51, 72,
    0, 0, 0, 0, 0, 0, 0, 0,
    0, 0, 0, 0, 0, 0, 0, 0,
    0, 0, 0, 0, 0, 0, 0, 0,
    0, 0, 0, 0, 0, 0, 0, 0,
    0, 0, 0, 0, 0, 0, 0, 0,
    0, 0, 0, 0, 0, 0, 0, 0,
    0, 84, 0, 0, 0, 0, 0, 0,
    0, 0, 0, 0, 85, 0, 0, 86,
    0, 0, 0, 0, 0, 0, 0, 0,
    0, 0, 0, 0, 0, 0, 30, 54,
    0, 0, 0, 0, 0, 0, 0, 0,
    0, 0, 0, 0, 0, 0, 0, 0,
    0, 0, 0, 0, 0, 0, 0, 0,
    0, 0, 0, 0, 0, 0, 0, 0,
    0, 0, 0, 0, 0, 0, 0, 0,
    0, 0, 0, 0, 0, 0, 0, 0,
    0, 0, 0, 0, 0, 0, 0, 10,
    10, 87, 88, 89, 87, 88, 89, 90,
    9, 75, 77, 0, 0, 0, 0, 0,
    0, 0, 0, 0, 0, 0, 0, 0,
    0
};

/*Map glyph_ids to kern right classes*/
static const uint8_t kern_right_class_mapping[] =
{
    0, 0, 0, 1, 2, 0, 3, 4,
    1, 0, 5, 6, 0, 7, 8, 7,
    9, 10, 11, 12, 13, 14, 15, 16,
    17, 18, 19, 20, 20, 0, 0, 0,
    21, 22, 23, 0, 24, 0, 0, 0,
    24, 0, 0, 25, 0, 0, 0, 0,
    24, 0, 24, 0, 26, 27, 28, 29,
    30, 31, 32, 33, 0, 34, 5, 0,
    35, 0, 36, 37, 38, 38, 38, 39,
    40, 37, 41, 42, 37, 37, 43, 43,
    38, 44, 38, 45, 46, 47, 48, 49,
    50, 51, 52, 53, 0, 0, 5, 0,
    0, 0, 0, 0, 0, 0, 0, 0,
    0, 54, 55, 56, 0, 8, 54, 0,
    0, 0, 57, 58, 0, 44, 0, 59,
    0, 60, 55, 61, 62, 63, 58, 64,
    23, 23, 23, 23, 23, 23, 65, 24,
    0, 0, 0, 0, 66, 0, 66, 66,
    0, 0, 24, 24, 24, 24, 24, 0,
    24, 28, 28, 28, 28, 32, 0, 37,
    36, 36, 36, 36, 36, 36, 36, 38,
    38, 38, 38, 38, 67, 68, 67, 67,
    69, 43, 38, 38, 38, 38, 38, 0,
    38, 48, 48, 48, 48, 52, 37, 52,
    0, 0, 0, 0, 0, 0, 0, 0,
    0, 0, 0, 0, 0, 0, 0, 0,
    0, 0, 0, 0, 0, 0, 0, 0,
    0, 0, 0, 0, 0, 0, 0, 0,
    0, 0, 0, 0, 0, 0, 0, 0,
    0, 0, 0, 0, 0, 0, 0, 0,
    0, 43, 0, 0, 0, 0, 0, 0,
    0, 0, 0, 0, 0, 0, 0, 70,
    0, 0, 0, 0, 0, 0, 0, 0,
    0, 0, 0, 0, 0, 0, 24, 38,
    0, 0, 0, 0, 0, 0, 0, 0,
    0, 0, 0, 0, 0, 0, 0, 0,
    0, 0, 0, 0, 0, 0, 0, 0,
    0, 0, 0, 0, 0, 0, 0, 0,
    0, 0, 0, 0, 0, 0, 0, 0,
    0, 0, 0, 0, 0, 0, 0, 0,
    0, 0, 0, 0, 0, 0, 0, 8,
    8, 71, 72, 73, 71, 72, 73, 74,
    7, 56, 61, 0, 75, 0, 0, 0,
    0, 0, 0, 0, 0, 0, 0, 0,
    0
};

/*Kern values between classes*/
static const int8_t kern_class_values[] =
{
    0, 0, 0, 0, 0, 0, 0, 0,
    0, 0, 0, 0, 0, 0, 0, 0,
    0, 0, 0, 0, 0, 0, -8, -5,
    -15, -8, -10, -5, -10, -10, -5, -10,
    0, 0, 0, 0, 0, 0, -5, 0,
    0, 0, 0, 0, 0, 0, 0, 0,
    0, 0, 0, 0, 0, 0, 0, 0,
    0, 0, 0, 0, 0, 0, 0, 0,
    -10, 0, 0, 0, 0, 0, 0, 0,
    0, 0, 0, 0, 0, 0, 0, 0,
    0, 0, 0, 0, 0, 0, 0, 0,
    -10, 0, -8, 0, 0, 0, 0, 0,
    0, -8, 0, 0, 0, 0, 0, 0,
    0, 0, 0, 0, 0, 0, 0, 0,
    0, 0, 0, 0, 0, 0, 0, 0,
    0, 0, 0, 0, 0, 0, 0, 0,
    0, 0, 0, 0, 0, 0, 0, 0,
    0, 0, 0, -18, 0, 0, 0, 0,
    0, 0, 0, 0, 0, 0, 0, 0,
    0, 0, 0, 0, 0, 0, 0, 0,
    0, 0, 0, 0, 0, 0, 0, 0,
    0, 0, 0, 0, 0, 0, 0, 0,
    -3, 0, 0, 0, 0, 0, 0, 0,
    0, 0, 0, 0, 0, 0, 0, 0,
    0, 0, 0, 0, 0, 0, 0, 0,
    0, 0, 0, 0, 0, 0, 0, 0,
    0, 0, 0, 0, 0, 0, -10, 0,
    0, 0, 0, 0, 0, 0, 0, 0,
    0, 0, 0, 0, 0, 0, 0, 0,
    0, 0, 0, 0, 0, 0, 0, 0,
    0, 0, 0, 0, 0, 0, 0, 0,
    0, 0, 0, 0, 0, -5, 0, 0,
    0, 0, 0, 0, 0, 0, 0, 0,
    0, 0, 0, 0, 0, 0, 0, 0,
    0, 0, 0, 0, 0, 0, 0, 0,
    0, 0, 0, 0, 0, 0, 0, 0,
    0, 0, 0, 0, 0, 0, 0, 0,
    0, 0, 0, 0, 0, 0, 0, 0,
    0, 0, 0, 0, 0, 0, 0, 0,
    0, 0, 0, 0, 0, 0, 0, 0,
    0, 0, 0, 0, 0, 0, -13, 0,
    -10, -8, 0, -15, 0, 0, 0, 0,
    0, 0, 0, 0, 0, 0, 0, 0,
    0, 0, 0, 0, -3, 0, 0, -3,
    0, 0, 0, 0, 0, 0, 0, 0,
    0, 0, 0, 0, 0, 0, 0, 0,
    0, 0, 0, 0, 0, 0, 0, 0,
    0, 0, 0, 0, 0, 0, 0, 0,
    0, 0, 0, 0, -5, 0, 0, 0,
    0, 0, 0, 0, 0, 0, 0, 0,
    0, 0, 0, 0, 0, 0, 0, 0,
    0, 0, 0, 0, 0, -3, 0, 0,
    5, 0, 0, 0, 0, 0, 0, 0,
    0, 0, 0, 0, 0, 0, 0, 0,
    0, 0, 0, 0, 0, 0, 0, 0,
    0, 0, 0, 0, 0, 0, 0, 0,
    0, 0, 0, 0, 0, 0, 0, 0,
    0, 0, 0, 0, 0, 0, 0, 0,
    0, 0, 0, 0, 0, 0, 0, 0,
    -10, 0, -33, 0, 0, 0, 0, 0,
    -5, 0, 0, 0, 0, 0, 0, 0,
    0, -8, 0, 0, 0, 0, 0, 0,
    0, 0, 0, 0, 0, 0, 0, 0,
    0, 0, 0, 0, 0, 0, 0, 0,
    0, 0, -26, 0, 0, 0, 0, 0,
    0, 0, 0, 0, 0, 0, 0, 0,
    0, 0, 0, 0, 0, 0, 0, -8,
    0, -3, 0, 0, 0, 0, 0, 0,
    0, 0, 0, 0, 0, 0, 0, 0,
    0, 0, 0, 0, 0, 0, 0, 0,
    0, 0, 0, 0, 0, 0, 0, 0,
    0, 0, 0, 0, 0, 0, 0, 0,
    0, 0, 0, 0, 0, 0, 0, 0,
    0, 0, 0, 0, 0, 0, 0, 0,
    0, 0, 0, 0, 0, 0, 0, 0,
    0, 0, 0, 0, 0, 0, 0, 0,
    0, 0, -10, 0, 0, 0, 0, 0,
    0, 0, 0, 0, 0, 0, 0, -5,
    0, 0, -15, -3, -20, -15, 0, -20,
    0, 0, 0, 0, 0, 0, -10, 0,
    0, -5, 0, 0, 0, 0, -15, 0,
    -13, -8, 0, -10, 0, 0, 0, 0,
    0, 0, 0, 0, 0, 0, 0, 0,
    0, 0, 0, 0, 0, 0, 0, 0,
    0, 0, 0, 0, 0, 0, 0, 0,
    0, 0, -31, 0, 0, -8, 0, -3,
    0, 0, 0, 0, 0, 0, 0, 0,
    0, 0, 0, 0, 0, -10, 0, -5,
    -5, 0, -10, 0, 0, 0, 0, 0,
    0, 0, 0, 0, 0, 0, 0, 0,
    0, 0, 0, 0, 0, 0, 0, 0,
    0, 0, 0, 0, 0, 0, 0, 0,
    0, 0, 0, 0, 0, 0, 0, 0,
    0, 0, 0, 0, 0, 0, 0, 0,
    0, 0, 0, 0, 0, 0, -49, -5,
    0, 0, 0, -15, -3, -10, 0, 0,
    0, 0, 0, 0, -18, -5, -28, 0,
    0, 0, 0, 0, 0, 0, 0, 0,
    0, -15, 0, -20, -8, -18, -10, 0,
    -10, -8, 0, -15, 0, -13, -8, -8,
    -8, -5, -13, 0, 0, 0, 0, 0,
    0, 0, 0, 0, 0, 0, -31, 0,
    -3, -10, -13, 0, 0, 0, 0, 0,
    0, 0, 0, 0, 0, 0, 0, 0,
    0, 0, 0, -3, -3, 0, 0, 0,
    0, -3, 0, 0, 0, 0, 0, 0,
    0, 0, 0, -3, 0, -3, 0, 0,
    0, 0, 0, 0, 0, 0, 0, 0,
    0, 0, 0, 0, 0, 0, 0, 0,
    0, 0, 0, 0, 0, 0, 0, 0,
    0, 0, 0, 0, 0, 0, 0, 0,
    0, -5, 0, 0, 0, 0, 0, 0,
    0, 0, 0, 0, 0, 0, 0, 0,
    0, 0, 0, 0, 0, 0, 0, 3,
    0, 0, 3, 1, 0, 0, 0, 0,
    0, 0, 0, 0, 0, 0, 0, 0,
    0, 0, 0, 0, 0, 0, 0, 0,
    0, 0, 0, 0, 0, 0, 0, 0,
    0, 0, 0, 0, 0, 0, 0, 0,
    0, 0, 0, 0, 0, 0, 0, 0,
    0, 0, 0, 0, 0, 0, 0, 0,
    0, 0, 0, 0, 0, 0, 0, 0,
    0, 0, 0, 0, 0, 0, 0, 0,
    0, -3, 0, 0, 0, 0, 0, 0,
    0, 0, 0, 0, 0, 0, 0, 0,
    0, 0, 0, 0, 0, 0, 0, 0,
    0, 0, 0, 0, 0, 0, 0, 0,
    0, 0, 0, 0, 0, 0, 0, 0,
    0, 0, 0, 0, 0, 0, 0, 0,
    0, 0, 0, 0, 0, 0, 0, 0,
    0, 0, 0, 0, 0, 0, 0, 0,
    0, 0, 0, 0, 0, 0, 0, 0,
    -3, 0, 0, 0, -3, 0, 0, 0,
    0, 0, 0, 0, 0, 0, 0, 0,
    0, 0, 0, 0, 0, 0, 0, 0,
    0, 0, 0, 0, 0, 0, 0, 0,
    0, 0, 0, 0, 0, 0, 0, 0,
    0, 0, 0, 0, 0, 0, 0, 0,
    0, 0, 0, 0, 0, 0, 0, 0,
    0, 0, 0, 0, 0, 0, 0, 0,
    0, 0, 0, 0, 0, 0, 0, 0,
    0, 0, 0, 0, 0, 0, 0, -3,
    0, 0, 0, 0, 0, 0, 0, 0,
    0, 0, 0, 0, 0, 0, 0, 0,
    0, -3, 0, 0, 0, 0, 0, 0,
    0, 0, 0, 0, 0, 0, 0, 0,
    0, 0, 0, 0, 0, 0, 0, 0,
    0, 0, 0, 0, 0, -3, -3, 0,
    -5, 0, 0, 0, 0, 0, 0, 0,
    0, 0, 0, 0, 0, 0, 0, -5,
    0, 0, -3, 0, 0, 0, 0, 0,
    0, 0, -5, 0, 0, 0, 0, 0,
    -3, 0, 0, 0, 0, 0, 0, 0,
    0, 0, 0, 0, 0, 0, 0, 0,
    0, 0, 0, 0, 0, 0, 0, 0,
    0, 0, 0, 0, 0, 0, 0, 0,
    0, 0, 0, 0, 0, 0, 0, 0,
    0, -3, 0, 0, 0, -3, -3, 0,
    0, 0, 0, 0, 0, 0, -5, 0,
    0, 0, 0, 0, 0, -5, 0, 0,
    0, 0, 0, 0, 0, -8, 0, 0,
    0, 0, 0, -3, 0, 0, 0, 0,
    0, 0, 0, 0, 0, -3, 0, -5,
    -3, 0, -8, 0, 0, 0, 0, 0,
    0, 0, 0, 0, 0, 0, 0, 0,
    0, 0, 0, 0, 0, 0, 0, 0,
    0, 0, 0, 0, 0, 0, -5, 0,
    -3, 0, 0, 0, 0, 0, 0, 0,
    0, -10, 0, 0, 0, -3, 0, 0,
    0, 0, 0, 0, -28, 0, -18, -3,
    0, 0, 0, -18, -3, -15, 0, -5,
    0, 0, 0, 0, -13, 0, -20, 0,
    0, 0, 0, 0, 0, 0, 0, 0,
    0, -3, 0, -10, 0, -10, 0, 0,
    0, -3, 0, -8, 0, 0, 0, 0,
    0, 0, 0, 0, 0, 0, 0, 0,
    0, 0, 0, 0, 0, 0, -26, 0,
    0, 0, -8, 0, 0, 0, 0, 0,
    -3, 0, 0, 0, 0, 0, 0, 0,
    0, 0, 0, 0, 0, 0, 0, 0,
    0, 0, 0, 0, 0, 0, 0, 0,
    0, 0, 0, 0, 0, -3, 0, 0,
    0, 0, 0, 0, 0, 0, 0, 0,
    0, 0, 0, 0, 0, 0, 0, 0,
    0, 0, 0, 0, 0, 0, 0, 0,
    0, 0, 0, 0, -3, 0, 0, 0,
    0, 0, 0, 0, 0, 0, 0, 0,
    0, 0, 0, -3, 0, 0, 0, 0,
    0, 0, -13, 0, -5, 0, 0, 0,
    0, -8, 0, -5, 0, 0, 0, 0,
    0, 0, -8, 0, 0, 0, 0, 0,
    -3, 0, 0, 0, 0, 0, 0, 0,
    0, 0, 0, 0, 0, 0, 0, 0,
    0, 0, 0, 0, 0, 0, 0, 0,
    0, 0, 0, 0, 0, 0, 0, 0,
    0, 0, 0, 0, -13, 0, 0, 0,
    0, 0, 0, 0, 0, 0, 0, 0,
    0, 0, 0, 0, 0, 0, 0, 0,
    0, 0, 0, 0, 0, 0, 0, 0,
    0, 0, 0, 0, 0, 0, 0, 0,
    0, 0, 0, 0, -3, 0, -5, 0,
    0, 0, 0, 0, 0, 0, 0, 0,
    0, 0, 0, 0, 0, 0, 0, 0,
    0, 0, 0, 0, 0, 0, 0, 0,
    0, 0, 0, 0, 0, 0, 0, 0,
    0, 0, 0, 0, 0, 0, 0, 0,
    0, 0, 0, 0, 0, 0, 0, 0,
    0, 0, 0, 0, -5, -3, 0, 0,
    0, 0, 0, 0, 0, 0, 0, 0,
    0, 0, 0, 0, 0, 0, 0, 0,
    0, 0, 0, 0, 0, 0, 0, 0,
    0, 0, 0, 0, 0, 0, 0, 0,
    0, 0, 0, 0, 0, 0, 0, 0,
    0, 0, 0, 0, 0, 0, 0, 0,
    0, 0, 0, 0, 0, 0, 0, 0,
    0, 0, 0, 0, 0, 0, 0, 0,
    0, 0, 0, 0, 0, 0, 0, 0,
    0, 0, 0, 0, 0, 0, 0, 0,
    0, 0, 0, -8, 0, 0, 0, 0,
    0, 0, 0, -3, 0, 0, 0, 0,
    0, 0, 0, 0, 0, 0, 0, 0,
    0, 0, 0, 0, 0, 0, 0, 0,
    0, 0, 0, 0, 0, 0, 0, 0,
    0, 0, 0, 0, 0, -13, 0, 0,
    0, 0, 0, 0, 0, 0, 0, 0,
    0, 0, 0, 0, 0, 0, 0, 0,
    0, 0, -8, 0, 0, 0, 0, 0,
    0, 0, 0, 0, 0, 0, -3, 0,
    0, 0, -8, 0, -8, -3, -5, -13,
    0, 0, 0, 0, 0, 0, 0, 0,
    0, 0, 0, 0, 0, 0, 0, 0,
    0, 0, 0, 0, 0, 0, 0, 0,
    0, 0, 0, 0, 0, 0, 0, 0,
    -8, 0, 0, 0, 0, 0, 0, 0,
    0, 0, 0, -8, 0, 0, -3, 0,
    -13, 0, 0, 0, 0, -5, 0, 0,
    0, 0, 0, 0, 0, -5, 0, -10,
    0, 0, -5, 0, 0, -17, -3, -18,
    -13, 0, -19, 0, -23, 0, 0, 0,
    -4, -9, -3, 0, 0, 0, 1, 0,
    0, -9, -6, -13, -10, 0, -12, 0,
    -20, -18, 0, 0, 0, 0, 0, 0,
    0, 0, 0, 0, 0, 0, 0, -5,
    0, -15, -13, 0, -10, 0, 0, 0,
    0, 3, 0, 0, 0, 0, -5, 0,
    0, 0, 0, 0, 0, 0, 0, 0,
    0, 0, -5, 0, -3, 0, 0, 0,
    -3, 0, -3, -3, -4, -8, 0, -15,
    0, 0, 0, 0, -3, 0, 0, 0,
    0, 0, 0, 0, -3, 0, -3, 0,
    -1, -3, 0, -3, 0, 0, 0, 0,
    0, 0, 0, 0, 0, 0, -5, 0,
    0, 0, -1, 0, 0, 0, 0, 0,
    0, 0, 0, 0, 0, 0, 0, 0,
    0, 0, 0, 0, 0, 0, 0, 0,
    0, 0, 0, 0, 0, -3, 0, 0,
    -3, 0, 0, 0, 0, 0, 0, 0,
    0, 0, 0, 0, -5, -3, -5, -8,
    -4, -3, 0, -3, -3, -3, -3, -8,
    -4, -5, -5, -3, -5, -3, 0, 0,
    0, 0, 0, 0, 0, 0, 0, 0,
    0, 0, 0, -3, -3, -5, 0, 0,
    0, 0, 0, 0, 0, 0, 0, 0,
    0, 0, -5, 0, -8, 0, 0, 0,
    0, 0, 0, 0, 0, 0, 0, 0,
    -3, 0, -8, 0, -3, 0, -8, 0,
    -3, -3, -5, -8, 0, -8, 0, 0,
    0, -4, 0, -3, 0, -3, 0, -3,
    -5, -3, -3, 0, -1, 0, -3, -1,
    -3, 0, -3, 0, 0, 0, 0, 0,
    0, 0, 0, -5, -10, 0, 0, 0,
    -5, 0, -3, -3, 0, 0, 0, 0,
    0, 0, 0, 0, 0, 0, 0, 0,
    0, 0, 0, 0, -3, 0, 0, 0,
    0, 0, 0, 0, 0, 0, -5, -3,
    0, 0, 0, 0, 0, 0, 0, 0,
    0, 0, -4, 0, -5, -5, -3, 0,
    -3, -3, 0, -3, 0, -5, -3, -5,
    -3, -3, -5, 0, 0, 0, 0, 0,
    0, 0, 0, 0, 0, 0, 0, 0,
    0, 0, 0, -5, 0, -3, 0, 0,
    0, 0, 0, 0, 0, 0, 0, 0,
    -13, 0, -15, 0, 0, 0, 0, -5,
    0, 0, 0, 0, 0, 0, 0, 0,
    -15, -3, -23, 0, 0, 0, 0, 0,
    -3, 0, 0, 0, -15, -5, 0, -8,
    -3, -5, -3, 0, -3, -5, -5, -5,
    -3, -5, -5, -3, -5, -5, -3, 0,
    0, -3, 0, 0, 0, 0, 0, 0,
    0, -10, -18, 0, 1, -3, -6, 0,
    0, 0, -8, 0, 0, 0, 0, 0,
    0, 0, 0, -5, 0, -5, 0, 0,
    0, 0, 0, 0, 0, 0, 0, 0,
    0, -5, 0, -3, 0, -3, 0, -6,
    0, -3, -3, -5, -5, -3, -10, -8,
    -4, 0, -1, -3, 0, 0, 0, 0,
    -3, -5, 0, -5, 0, -3, -3, -3,
    -3, 0, 0, 0, 0, 0, 0, 0,
    0, 0, 0, 0, -3, -5, 0, 0,
    0, -3, 0, -5, 0, 0, 0, 0,
    0, 0, 0, 0, 0, 0, 0, 0,
    0, 0, 0, 0, 0, 0, 0, 0,
    0, 0, 0, 0, 0, 0, 0, -3,
    0, 0, 0, 0, -4, 0, 0, 0,
    0, 0, 0, -4, 0, 0, -5, 0,
    0, 0, 0, 0, 0, 0, -3, -3,
    -3, -3, 0, -3, 0, 0, 0, 0,
    0, 0, 0, 0, 0, 0, 0, 0,
    0, 0, 0, 0, -3, 0, 0, 0,
    0, 0, 0, 0, 0, 0, 0, 0,
    0, 0, 0, 0, 0, 0, 0, 0,
    0, 0, 0, 0, 0, 0, 0, 0,
    0, -3, -3, -5, 0, 0, 0, 0,
    0, 0, 0, 0, 0, -5, 0, 0,
    -3, -3, 0, 0, 0, 0, -3, -3,
    0, -4, -3, -3, 0, -3, -1, -3,
    0, 0, 0, 0, 0, 0, 0, 0,
    0, 0, 0, -5, 0, 0, 0, 0,
    0, 0, 0, 0, 0, 0, 0, -3,
    0, 0, 0, 0, 0, 0, 0, 0,
    0, 0, 0, 0, 0, 0, 0, 0,
    0, 0, 0, -5, 0, -8, -3, 0,
    0, 0, 0, 0, 0, 0, 0, 0,
    0, -3, 0, -5, -8, -3, 0, 0,
    0, 0, 0, -3, -10, -5, -12, -8,
    0, -10, 0, -3, -5, -10, 0, 0,
    0, 0, 0, 0, 0, 0, 0, 0,
    0, 0, -5, 0, -3, 0, 0, -13,
    0, 0, 0, -5, 0, 0, 0, 0,
    0, 0, 0, -10, 0, 0, 0, 0,
    0, 0, 0, -8, 0, -15, 0, 0,
    -4, 0, 0, -19, -3, -15, -10, 0,
    -23, 0, -26, 0, 0, 0, 0, -10,
    -3, 0, 0, 0, 0, 0, -3, -12,
    -3, -13, -8, 0, -10, 0, -18, -15,
    0, 0, 0, 0, 0, 0, 0, 0,
    0, 0, 0, 0, 0, -5, 0, -20,
    -15, 0, 0, 0, 0, 0, 0, 0,
    0, 0, -5, 0, -10, 0, 0, 0,
    0, 0, 0, 0, 0, 0, 0, 0,
    -3, 0, -5, -3, -3, 0, -8, 0,
    -8, -3, -9, -10, 0, -10, -15, 0,
    0, 0, 0, 0, -1, 0, -1, 0,
    0, 0, -3, 0, -1, 0, -3, -3,
    0, 0, -3, 0, 0, 0, 0, 0,
    0, 0, 0, -5, -10, 0, -3, -1,
    -3, 0, -3, -3, 0, 0, 0, 0,
    0, 0, 0, 0, 0, -20, 0, -23,
    0, 0, 0, 0, -10, 0, 0, 0,
    0, 0, 0, 0, 0, -18, -3, -33,
    0, 0, 0, 0, 0, -5, -8, 0,
    -5, -26, -5, 1, -9, 0, -6, 0,
    0, 0, 0, 0, -4, 0, -3, 0,
    0, 0, 0, 0, 0, 0, -8, 0,
    0, 0, 0, 0, 0, 0, -18, -28,
    0, 0, 0, -10, 0, 0, 0, -15,
    -5, 0, 0, 0, 0, 0, 0, 0,
    0, 0, 0, 0, -3, 0, 0, -5,
    0, 0, 0, 0, 0, 0, 0, 0,
    0, 0, -3, 0, 0, 0, 0, 0,
    0, -5, 0, -5, 0, -1, 0, -3,
    -3, -3, 0, 0, 0, 0, 0, -3,
    -5, -3, 0, 0, 0, 0, 0, 0,
    -3, 0, 0, 0, 0, 0, 0, 0,
    0, 0, 0, 0, 0, 0, -5, 0,
    0, 0, 0, -8, 0, 0, 0, 0,
    0, 0, 0, 0, 0, -3, 0, 0,
    0, 0, 0, 0, 0, 0, 0, 0,
    0, 0, 0, -3, 0, 0, 0, -3,
    0, -3, -3, -3, -8, 0, 0, 0,
    0, 0, 0, -6, 0, 0, 0, 0,
    0, 0, 0, -6, -4, -4, -3, 0,
    -5, 0, 0, 0, 0, 0, 0, 0,
    0, 0, 0, 0, 0, -3, 0, 0,
    0, 0, 0, 0, 0, 0, 0, 0,
    0, -10, 0, -10, 0, 0, -15, -10,
    -28, -3, 0, 0, 0, -13, 0, -10,
    0, 0, 0, 0, 0, -8, -17, -8,
    -28, -3, 0, 0, 0, 0, 0, 0,
    0, 0, -20, -19, 0, -20, -8, -15,
    -8, 0, -15, -20, -15, -20, -10, -15,
    -17, -18, -10, -15, -10, 0, 0, -10,
    0, 0, 0, 0, -8, 0, 0, 0,
    -23, 0, 1, -10, -8, 0, 0, 0,
    -18, -10, 0, 0, 0, 0, 0, 0,
    0, -3, 0, -3, 0, 0, 0, 0,
    -3, 0, 0, 0, 0, 0, 0, 0,
    0, 0, 0, 0, 0, 0, 0, 0,
    0, 0, 0, 0, 0, -5, 0, 0,
    0, 0, 0, 0, 0, 0, 0, 0,
    0, -3, 0, 0, 0, 0, 0, 0,
    0, 0, 0, 0, 0, 0, 0, 0,
    0, 0, -3, 0, 0, 0, 0, 0,
    0, 0, 0, 0, 0, 0, 0, -8,
    0, -8, 0, 0, -20, -5, -23, -3,
    0, 0, -3, -15, 0, -10, 0, -5,
    -3, 0, 0, -8, -18, -8, -26, 0,
    0, 0, 0, 0, 0, 0, 0, 0,
    -20, -13, 0, -13, -5, -13, -5, 0,
    -10, -8, -8, -12, -3, -9, -3, 0,
    -5, -3, -3, 0, 0, -15, 0, 0,
    -5, 0, 0, 0, 0, 0, -20, 0,
    0, -5, -8, 0, 0, 0, -13, -10,
    0, 0, -5, 0, -3, 0, 0, -15,
    -8, -18, 0, 0, 0, 0, -10, 0,
    -5, 0, 0, 0, -3, 0, -3, -12,
    -3, -18, 0, 0, 0, 0, 0, 0,
    0, 0, 0, -13, -10, 0, -14, -8,
    -13, -5, -3, -10, -8, -8, -10, -5,
    -8, -5, -5, -5, -3, -5, 0, 0,
    -8, 0, 0, 0, 0, 0, 0, 0,
    -15, -15, 0, 0, -5, -8, 0, 0,
    0, -10, -5, 0, 0, 0, 0, -3,
    0, -5, 0, 0, 0, 0, 0, 0,
    0, -5, 0, 0, 0, 0, 0, 0,
    -5, -5, 0, -9, -5, -3, 0, 0,
    0, 0, 0, 0, 0, 0, 0, 0,
    0, -6, -5, -5, 0, 0, -3, -3,
    0, -5, -8, -5, -8, -8, 0, -13,
    0, -8, 0, -10, 0, 0, 0, 0,
    0, 0, 0, 0, 0, 0, 0, 0,
    -5, 0, -8, 0, 0, -10, 0, 0,
    -13, 0, -13, 0, 0, -20, -10, -26,
    0, 0, 0, 0, -20, 0, 0, 0,
    -3, 0, -5, 0, -15, -19, -10, -31,
    -4, 0, 0, 0, 0, 0, 0, -3,
    0, -15, -22, -8, -26, -13, -23, -10,
    0, -18, -18, -18, -22, -10, -19, -13,
    -13, -10, -10, -13, 0, 0, -15, 0,
    0, -3, 0, -8, 0, 0, 0, -26,
    0, -10, -13, -10, 0, 0, 0, -15,
    -10, 0, 0, 0, 0, 0, 0, 0,
    0, 0, 0, 0, 0, 0, 0, -3,
    0, 0, 0, 0, 0, 0, 0, 0,
    0, -5, 0, 0, 0, 0, 0, 0,
    0, 0, 0, 0, 0, 0, 0, -3,
    -3, 0, 0, 0, 0, 0, 0, 0,
    -5, -3, -5, -8, 0, -8, 0, 0,
    0, 0, 0, 0, 0, 0, 0, 0,
    0, 0, 0, 0, 0, 0, -5, 0,
    0, 0, 0, 0, 0, 0, 0, 0,
    0, 0, 0, 0, 0, 0, 0, 0,
    0, 0, 0, 0, 0, 0, 0, 0,
    0, 0, 0, 0, -8, 0, 0, -15,
    -5, -20, -13, 0, -15, 0, 0, 0,
    0, 0, 0, 0, 0, 0, 0, 0,
    0, 0, 0, -3, 0, -10, -5, 0,
    -10, 0, 0, 0, 0, 0, 0, 0,
    0, 0, 0, 0, 0, 0, 0, 0,
    0, 0, 0, 0, 0, 0, 0, 0,
    0, 0, 0, 0, 0, 0, 0, 0,
    0, 0, 0, 0, 0, 0, 0, 0,
    0, 0, 0, 0, 0, 0, 0, -15,
    0, 0, -20, -5, -20, -13, 0, -15,
    0, 0, 0, 0, 0, 0, 0, 0,
    0, 26, 0, 0, 0, 0, -13, -5,
    -13, -8, 0, 0, 0, 0, 0, 0,
    0, 0, 0, 0, 0, 0, 0, 0,
    0, 0, 0, 0, 0, 0, 0, 0,
    0, 0, 0, 0, 0, 0, 0, 0,
    0, 0, 0, 0, 0, 0, 0, 0,
    0, 0, 0, 0, 0, 0, 0, 0,
    0, 0, 0, 0, 0, 0, 0, 0,
    0, 0, 0, 0, -10, 0, -1, 0,
    -1, -3, -1, 0, 0, 0, 0, 0,
    -1, -3, 0, -3, -3, -1, -3, 3,
    0, 0, 0, 0, 0, 0, 0, 0,
    0, 0, 0, 0, 0, 0, 0, 0,
    0, 0, 0, 0, 0, 0, 0, 0,
    0, 0, 0, 0, 0, 0, -5, 0,
    0, 0, 0, 0, 0, 0, 0, 0,
    0, 0, -15, 0, 0, 0, 0, 0,
    0, 0, 0, 0, 0, 0, 0, -15,
    -5, 0, -1, 0, -3, 0, -1, -1,
    -1, -1, -3, -1, -4, -1, -4, -3,
    -4, -5, -3, 0, 0, 0, 0, 0,
    0, 0, 0, 0, 0, 0, 0, 0,
    -1, -1, 0, 0, -3, 0, 0, 0,
    0, 0, 0, 0, 0, 0, 0, 0,
    0, 0, 0, 0, 0, 0, 0, 0,
    0, 0, 0, 0, 0, 0, 0, 0,
    0, 0, 0, 0, 0, 0, 0, 0,
    0, 0, -13, 0, -1, 0, -1, 0,
    -1, 0, -1, 0, -1, -1, 0, -1,
    0, 0, 0, 0, 0, 0, 0, 0,
    0, 0, 0, 0, 0, 0, 0, 0,
    0, 0, 0, 0, 0, 0, 0, 0,
    0, 0, 0, 0, 0, 0, 0, 0,
    0, 0, 0, 0, 0, 0, 0, 0,
    0, 0, 0, 0, 0, 0, 0, 0,
    0, 0, 0, 0, 0, 0, 0, 0,
    0, 0, 0, 0, 0, 0, 0, -1,
    0, -1, 1, -1, 0, 0, 0, 0,
    0, -1, 0, 0, 0, 0, 0, 0,
    4, 0, 0, 0, 0, 0, 0, 0,
    0, 0, 0, 0, 0, 0, 0, 0,
    0, 0, 0, 0, 0, 0, 0, 0,
    0, 0, 0, 0, 0, 0, 0, 0,
    0, 0, 0, 0, 0, 0, 0, 0,
    0, 0, 0, 0, 0, 0, 0, 0,
    0, 0, 0, 0, 0, 0, 0, 0,
    -13, 0, 1, 0, 1, -3, 1, 0,
    0, 0, 0, 0, 1, -4, 0, -3,
    -3, -3, -3, -1, 0, 0, 0, 0,
    0, 0, 0, 0, 0, 0, 0, 0,
    0, 0, 0, 0, 0, 0, 0, 0,
    0, 0, 0, 0, 0, -5, 5, 0,
    -18, 0, -15, 0, 0, 0, 0, 0,
    0, 0, 0, 0, 0, 0, 0, 0,
    0, 0, 0, 0, 0, 0, 0, 0,
    0, 0, 0, 0, -13, -5, 0, -8,
    -5, -6, -3, 0, -3, -3, 0, -5,
    -3, -3, 0, 0, 0, 0, -3, 0,
    0, 0, 0, 0, 0, 0, 0, 0,
    0, -5, 0, 0, 5, -3, -5, 0,
    0, 0, -8, 0, 0, 0, 0, 0,
    0, 0, 0, 0, 0, 0, 0, 0,
    0, 0, 0, -3, 0, 0, 0, 0,
    0, 0, 0, 0, 0, 0, 0, 0,
    0, 0, 0, 0, 0, 0, -8, 0,
    -1, 0, -1, 0, -1, 0, 3, 0,
    0, 0, -1, -1, -1, 0, 0, 0,
    0, 3, 0, 0, 0, 0, 0, 0,
    0, 0, 0, 0, 0, 0, 0, 0,
    0, 0, 0, 0, 0, 0, 0, 0,
    0, 0, 0, 0, 0, 0, 0, 0,
    0, 0, 0, 0, 0, 0, 0, 0,
    0, 0, 0, 0, -5, 0, 0, 0,
    0, 0, -8, 0, -8, -3, 0, -10,
    0, -13, 0, -1, 0, 0, -3, -1,
    0, 0, 0, 0, 0, -1, -6, 0,
    -5, -3, -1, -3, 0, 0, 0, 0,
    0, 0, 0, 0, 0, 0, 0, 0,
    0, 0, 0, 0, 0, 0, -8, -5,
    0, 0, 0, 0, 0, 0, 0, 0,
    0, 0, 0, 0, 0, 0, 0, 0,
    0, 0, 0, 0, 0, 0, 0, 0,
    0, 0, 0, 0, 0, 0, 0, 0,
    0, 0, 0, 0, 0, 0, -1, 0,
    -1, 0, -1, 0, 0, 0, 0, 0,
    0, -1, 0, 0, 0, 0, 0, 0,
    0, 0, 0, 0, 0, 0, 0, 0,
    0, 0, 0, 0, 0, 0, 0, 0,
    0, 0, 0, 0, 0, 0, 0, 0,
    0, 0, 0, 0, 0, 0, 0, 0,
    0, 0, 0, 0, 0, 0, 0, 0,
    0, 0, 0, 0, 0, 0, 0, 0,
    0, 0, 0, 0, 0, 0, 0, 0,
    0, -1, 0, -1, 1, -1, 0, 5,
    0, 0, 0, -1, 0, 0, 0, 0,
    0, 0, 4, 0, 0, 0, 0, 0,
    0, 0, 0, 0, 0, 0, 0, 0,
    0, 0, -3, 0, 0, 0, 0, 0,
    0, 0, 0, 0, 0, 0, 0, 0,
    0, 0, 0, 0, 0, 0, 0, 0,
    0, 0, 0, 0, 0, 0, 0, 0,
    0, 0, 0, 0, 0, 0, 0, 0,
    0, 0, -8, 0, -3, 0, -4, 0,
    -3, 0, 0, 0, 0, 0, -3, 0,
    0, 0, 0, 0, 0, 0, 0, 0,
    -10, 0, 0, 0, 0, 0, 0, 0,
    0, 0, 0, 0, 0, -3, 0, 0,
    0, 0, 0, 0, 0, 0, 0, 0,
    0, 0, 0, 0, 0, 0, 0, 0,
    0, 0, 0, 0, 0, 0, 0, 0,
    0, 0, 0, 0, 0, 0, 0, 0,
    0, 0, 0, 0, 0, 0, 0, -1,
    0, -1, 0, -1, 0, 0, 0, 0,
    0, -1, 1, 0, 0, 0, 0, 0,
    3, 0, 0, 0, 0, 0, 0, 0,
    0, 0, 0, 0, 0, 0, 0, 0,
    0, 0, 0, 0, 0, 0, 0, 0,
    0, 0, 0, 0, 0, 0, 0, -5,
    0, 0, 0, 0, 0, 0, 0, 0,
    0, 0, 0, -10, 0, 0, 0, 0,
    0, 0, 0, 0, 0, 0, 0, 0,
    -15, 0, 0, -1, 0, -4, 0, -3,
    -1, -3, -1, -3, -1, -4, -1, -3,
    -3, -3, -5, -3, 0, 0, 0, 0,
    0, 0, 0, -5, 0, 0, 0, 0,
    0, -3, -3, 0, 0, -13, 0, 0,
    0, 0, 0, 0, 0, 0, 0, 0,
    0, 0, -5, 0, 0, 0, 0, 0,
    0, 0, 0, 0, 0, 0, -8, 0,
    0, 0, 0, 0, 0, 0, 0, 0,
    0, 0, 0, -15, -5, 0, -3, 0,
    -4, 0, -1, -1, -1, -3, -1, -1,
    -5, -1, -3, -3, -3, -5, -3, 0,
    0, 0, 0, 0, 0, 0, 0, 0,
    0, -8, 0, 0, -1, -1, 0, 0,
    -5, 0, 0, 0, 0, 0, 0, 0,
    0, 0, 0, 0, 0, 0, 0, 0,
    0, 0, 0, 0, 0, 0, 0, 0,
    0, 0, 0, 0, 0, 0, 0, 0,
    0, 0, 0, 0, 0, 0, 0, 0,
    -1, 0, -1, 1, -1, 0, 9, 0,
    0, 0, -1, 1, 0, 0, 0, 0,
    0, 4, 0, 0, 0, 0, 0, 0,
    0, 0, 0, 0, 0, 0, 0, 0,
    0, 0, 0, 0, 0, 0, 0, 0,
    0, 0, 0, 0, 0, 0, -23, 0,
    -18, 0, 0, 0, 0, 0, 0, 0,
    0, 0, 0, 0, 0, 0, 0, 0,
    0, 0, 0, 0, 0, 0, 0, 0,
    0, 0, -13, -5, 1, -8, 0, -6,
    0, 0, 0, 0, 0, -5, 3, 0,
    3, 3, 3, 3, -3, 0, 0, -3,
    0, 0, 0, 0, 0, 0, 0, -10,
    0, 0, 0, 0, -8, 0, 0, 0,
    -13, 0, 0, 0, 0, 0, 0, 0,
    0, 0, 0, 0, 0, 0, 0, 0,
    0, 0, 0, 0, 0, 0, 0, 0,
    0, 0, 0, 0, 0, 0, 0, 0,
    0, 0, 0, 0, -15, 0, 1, 0,
    1, 0, 1, -1, -1, -1, -1, -1,
    0, -1, 0, 0, 0, 0, 0, 0,
    0, 0, 0, 0, 0, 0, 0, 0,
    0, 0, 0, 0, 0, -1, -1, 0,
    0, 0, 0, 0, 0, 0, 0, 0,
    0, 0, 0, 0, 0, 0, 0, 0,
    0, 0, 0, 0, 0, 0, 0, 0,
    0, 0, 0, 0, 0, 0, 0, 0,
    0, 0, 0, 0, 0, 0, 0, -8,
    0, -3, 1, -1, 3, -1, 1, 0,
    1, 1, 0, 3, -1, 0, 1, 4,
    4, 1, 3, 0, 0, -3, 0, 0,
    0, 0, 0, 0, 0, 0, 0, 0,
    0, 1, -3, 0, 0, 0, 0, 0,
    0, 0, 0, 0, 0, 0, 0, 0,
    0, -3, 0, 0, 0, 0, 0, 0,
    0, 0, 0, 0, 0, 0, 0, 0,
    0, 0, 0, 0, 0, 0, 0, 0,
    0, 0, -10, 0, -1, 0, -1, 1,
    -1, 0, 0, 0, 0, 0, -1, 1,
    0, 0, 0, 0, 0, 4, 0, 0,
    0, 0, 0, 0, 0, 0, 0, 0,
    0, 0, 0, 0, 0, 0, 0, 0,
    0, 0, 0, 0, 0, 0, 0, 0,
    0, 0, -13, 0, -13, 0, 0, 0,
    0, 0, 0, 0, 0, 0, 0, 0,
    0, 0, 0, 0, 0, 0, 0, 0,
    0, 0, 0, 0, 0, 0, -13, -3,
    0, -4, 0, -4, 0, 0, 0, 0,
    0, -3, 0, 0, 0, 0, 0, 0,
    0, 0, 0, 0, 0, 0, 0, 0,
    0, 0, 0, -8, 0, 0, 0, 0,
    -5, 0, 0, 0, -13, 0, 0, 0,
    0, 0, 0, 0, 0, -8, 0, -10,
    0, 0, 0, 0, 0, 0, 0, 0,
    0, 0, 0, 0, 0, 0, 0, 0,
    0, 0, 0, 0, 0, 0, 0, 0,
    0, -8, -3, 0, -3, 0, -3, 0,
    0, 0, 0, 0, 0, 0, 0, 0,
    0, 0, 0, 0, 0, 0, 0, 0,
    0, 0, 0, 0, 0, 0, 0, 0,
    0, 0, 0, -3, 0, 0, 0, -8,
    0, 0, 0, 0, 0, 0, 0, 0,
    0, 0, 0, 0, 0, 0, 0, 0,
    0, 0, 0, 0, 0, 0, 0, 0,
    0, 0, 0, 0, 0, 0, 0, 0,
    0, 0, 0, -8, 0, -3, 0, -4,
    0, -4, 0, 0, 0, 0, 0, -4,
    0, 0, 0, 0, 0, 0, 0, 0,
    0, -8, 0, 0, 0, 0, 0, 0,
    0, 0, 0, 0, 0, 0, -3, 0,
    0, 0, 0, 0, 0, 0, 0, 0,
    -5, 0, 0, -18, 0, -18, 0, 0,
    0, 0, 0, 0, 0, 0, 0, 0,
    0, 0, 0, 0, 0, 0, 0, 0,
    0, 0, 0, 0, 0, 0, -5, -15,
    -6, -3, -5, 0, -5, 0, 0, 0,
    0, 0, -3, 0, 0, 0, 0, 0,
    0, 0, 0, 0, 0, 0, 0, 0,
    0, 0, 0, 0, -15, 0, 0, 0,
    0, -8, 0, 0, 0, -13, 0, 0,
    0, 0, 0, 0, 0, 0, 0, 0,
    0, 0, 0, 0, 0, 0, 0, 0,
    0, 0, 0, 0, 0, 0, 0, 0,
    0, 0, 0, 0, 0, 0, 0, 0,
    0, -8, 0, -3, 3, -3, 0, -3,
    3, 3, 0, 3, 0, 0, 0, 0,
    0, 0, 0, 0, 0, 0, 0, 0,
    0, 0, 0, 0, 0, 0, 0, 0,
    0, 0, 1, 1, 0, 0, 0, 0,
    0, 0, 0, 0, 0, 0, 0, 0,
    0, 0, 0, 0, 0, 0, 0, 0,
    0, 0, 0, 0, 0, 0, 0, 0,
    0, -5, 0, -20, 0, 0, 0, 0,
    0, 0, 0, 0, 0, 0, 0, 0,
    0, 0, 0, 0, 0, 0, 0, 0,
    0, 0, 0, 0, 0, 0, 0, 0,
    0, 0, 0, 0, 0, 0, 0, 0,
    0, 0, 0, 0, 0, 0, 0, 0,
    0, 0, 0, 0, 0, 0, 0, 0,
    0, 0, 0, 0, 0, 0, 0, 0,
    0, 0, 0, 0, 0, 0, 0, 0,
    0, 0, 0, 0, 0, 0, 0, 0,
    -8, 0, 0, 0, 0, -8, 0, 0,
    0, 0, 0, -5, 0, 0, 0, -5,
    0, 0, 0, 0, 0, 0, 0, 0,
    0, 0, 0, 0, 0, 0, 0, 0,
    0, 0, 0, 0, 0, 0, 0, 0,
    0, 0, -8, 0, 0, 0, 0, 0,
    0, 0, 0, 0, 0, 0, 0, 0,
    0, 0, 0, 0, 0, 0, 0, 0,
    0, 0, 0, 0, 0, 0, 0, 0,
    0, 0, 0, 0, 0, -5, 0, 0,
    -3, 0, 0, 0, 0, 0, 0, 0,
    0, 0, 0, 0, 0, 0, 0, 0,
    0, 0, 0, 0, 0, 0, 0, 0,
    0, 0, 0, 0, 0, 0, 0, 0,
    0, 0, 0, 0, 0, 0, 0, 0,
    0, 0, 0, 0, 0, 0, 0, 0,
    0, 0, 0, 0, 0, 0, 0, 0,
    0, 0, 0, 0, 0, 0, 0, 0,
    0, 0, 0, 0, 0, 0, -10, 0,
    -15, -8, -8, -18, 0, 0, 0, 0,
    0, 0, 0, 0, 0, -3, 0, 0,
    0, 0, 0, 0, 0, 0, -8, -8,
    0, 0, 0, 0, 0, 0, 0, 0,
    0, 0, 0, 0, 0, 0, 0, 0,
    0, 0, 0, 0, 0, 0, 0, 0,
    0, 0, 0, 0, 0, 0, 0, 0,
    -13, 0, 0, 0, 0, 0, 0, 0,
    0, 0, 0, 0, 0, 0, -13, -8,
    0, -23, -10, -26, -23, 0, -28, -5,
    0, 0, -8, 0, -15, -15, 0, -10,
    0, -10, 0, 0, -13, -15, -10, -15,
    -13, -10, -10, 0, 0, 0, 0, 0,
    0, 0, 0, 0, 0, 0, 0, 0,
    0, -10, -10, -13, 0, 0, 0, 0,
    0, 0, 0, 0, 0, 0, 0, 0,
    0, 0, 0, 0, 0, 0, 0, 0,
    0, 0, 0, 0, 0, 0, 0, 0,
    0, -3, 0, 0, 0, 0, -4, 0,
    0, 0, 0, 0, 0, -4, 0, 0,
    -5, 0, 0, 0, 0, 0, 0, 0,
    -3, -3, -3, -3, 0, -3, 0, 0,
    0, 0, 0, 0, 0, 0, 0, 0,
    0, 0, 0, 8, 0, 0, -3, 0,
    0, 0, 0, 0, 0, 0, 0, 0,
    0, 0, 0, -10, 0, -10, 0, 0,
    0, 0, 0, 0, 0, 0, 0, 0,
    0, -5, 0, -8, 0, -5, 0, -5,
    0, -3, 0, -5, -10, 0, -10, -20,
    0, 0, 0, 0, 0, 0, 0, 0,
    0, 0, 0, 0, 0, 0, 0, 0,
    0, 0, 0, 0, 0, 0, 0, 0,
    0, 0, 0, 0, -5, -13, 0, 0,
    0, 0, 0, 0, 0, -13, 0, 0,
    0, 0, 0, 0, 0, 0, -5, 0,
    0, 0, 0, 0, 0, 0, 0, 0,
    0, 0, 0, 0, 0, 0, 0, 0,
    0, 0, 0, 0, 0, 0, 0, 0,
    0, 0, -5, 0, 0, 0, -3, 0,
    0, 0, 0, 0, 0, 0, -3, 0,
    -3, 0, -3, -3, 0, 0, 0, 0,
    0, 0, 0, 0, 0, 0, 0, 0,
    0, 0, 0, 0, 0, 0, 0, 0,
    0, 0, 0, 0, 0, 0, 0, 0,
    0, 0, 0, 0, 0, 0, 0, 0,
    0, 0, 0, 0, 0, 0, 0, 0,
    0, 0, 0, 0, 0, 0, 0, 0,
    0, 0, 0, 0, 0, 0, -1, 0,
    -1, 0, -1, 0, 0, 0, 0, 0,
    0, -1, 0, 0, 0, 0, 0, 0,
    0, 0, 0, 0, 0, 0, 0, 0,
    0, 0, 0, 0, 0, 10, 0, 0,
    0, 0, 0, 0, 0, 0, 0, 0,
    0, 0, 0, 0, 0, 0, 0, 0,
    0, 0, 0, 0, 0, 0, 0, 0,
    0, 0, -5, 0, 0, 0, 0, 0,
    0, 0, 0, 0, 0, 0, 0, 0,
    0, 0, 0, 0, 0, 0, 0, 0,
    0, 0, 0, 0, -3, 0, 0, 0,
    0, 0, 0, 0, 0, 0, 0, 0,
    0, 0, 0, 0, 0, 0, 0, 0,
    0, 0, 0, 0, 0, 0, 0, 0,
    0, 0, 0, 0, 0, 0, 0, 0,
    0, 0, 0, 0, 0, 0, 0, 0,
    0, 0, 0, 0, 0, 0, 0, 0,
    0, 0, 0, 0, 0, 0, 0, 0,
    0, 0, 0, 0, -1, 0, -1, -1,
    -1, 0, 0, 0, 0, 0, -1, -3,
    0, 0, 0, 0, 0, 0, 0, 0,
    0, 0, 0, 0, 0, 0, 0, 0,
    0, 0, 0, 0, 0, 0, 0, 0,
    0, 0, 0, 0, 0, 0, 0, 0,
    0, 0, 0, 0, 0, 0, 0, 0,
    0, 0, 0, 0, 0, 0, 0, 0,
    0, 0, 0, 0, 0, 0, 0, 0,
    0, 0, 0, 0, 0, 0, 0, 0,
    0, 0, 0, 0, 0, 0, 0, 0,
    0, 0, 0, 0, 0, 0, 0, 0,
    0, 0, 0, 0, 0, 0, 0, 0,
    0, 0, 0, 0, 0, 0, 0, 0,
    0, -5, 0, 0, 0, 0, 0, 0,
    0, 0, 0, 0, 0, 0, 0, 0,
    0, 0, 0, 0, 0, 0, 0, 0,
    0, 0, 0, 0, 0, 0, 0, 0,
    0, 0, 0, 0, 0, 0, 0, 0,
    0, 0, 0, 0, 0, 0, 0, 0,
    0, 0, 0, 0, 0, 0, 0, 0,
    0, 0, 0, 0, 0, 0, 0, 0,
    0, 0, 0, 0, 0, 0, 0, 0,
    0, 0, 0, 0, -13, 0, 0, 0,
    0, 0, 0, 0, 0, 0, 0, 0,
    0, 0, 0, 0, 0, 0, 0, -18,
    0, -10, 0, 0, 0, 0, 0, 0,
    -15, -3, -20, 0, 0, 0, 0, 0,
    0, 0, 0, 0, 0, 0, 0, -15,
    0, -8, 0, 0, 0, -5, 0, -10,
    0, 0, 0, 0, 0, 0, 0, 0,
    0, 0, 0, 0, 0, 0, 0, 0,
    0, 0, -31, 0, 0, 0, 0, 0,
    -5, 0, 0, 0, 0, 0, 0, 0,
    0, 0, 0, 0, 0, 0, 0, 0,
    0, 0, 0, 0, 0, 0, 0, 0,
    0, 0, 0, -15, -8, -13, 0, 0,
    0, 0, 0, 0, 0, 0, 0, 0,
    0, 0, -13, -8, -10, -8, 0, -8,
    -10, -8, -13, -5, -10, -8, -5, 0,
    -5, 0, 0, 0, 0, 0, 0, 0,
    0, 0, 0, 0, 0, -31, 0, -8,
    -8, 0, 0, 0, -8, 0, 0, 0,
    0, 0, 0, 0, 0, 0, 0, 0,
    0, 0, -18, 0, 0, 0, 0, 0,
    0, 0, 0, 0, 0, 0, 0, 0,
    0, 0, -18, 0, -10, -10, 0, -15,
    0, 0, 0, 0, 0, 0, -8, 0,
    0, 0, 0, 0, 0, 0, -10, 0,
    -10, -10, 0, -13, 0, 0, 0, 0,
    0, 0, 0, 0, 0, 0, 0, 0,
    0, 0, 0, 0, 0, 0, 0, -5,
    -13, 0, 0, 0, 0, 0, 0, 0,
    0, 0, 0, 0, 0, 0, 0, 0,
    0, 0, 0, 0, 0, 0, 0, 0,
    0, -10, 0, 0, 0, -10, 0, -8,
    -5, -8, -10, 0, 0, 0, 0, 0,
    0, 0, 0, 0, 0, 0, 0, 0,
    0, 0, 0, 0, 0, 0, 0, 0,
    0, 0, 0, 0, 0, 0, 0, 0,
    0, 0, 0, 0, 0, 0, 0, 0,
    0, 0, 0, 0, 0, 0
};


/*Collect the kern class' data in one place*/
static const lv_font_fmt_txt_kern_classes_t kern_classes =
{
    .class_pair_values   = kern_class_values,
    .left_class_mapping  = kern_left_class_mapping,
    .right_class_mapping = kern_right_class_mapping,
    .left_class_cnt      = 90,
    .right_class_cnt     = 75,
};

/*--------------------
 *  ALL CUSTOM DATA
 *--------------------*/

#if LVGL_VERSION_MAJOR == 8
/*Store all the custom data of the font*/
static  lv_font_fmt_txt_glyph_cache_t cache;
#endif

#if LVGL_VERSION_MAJOR >= 8
static const lv_font_fmt_txt_dsc_t font_dsc = {
#else
static lv_font_fmt_txt_dsc_t font_dsc = {
#endif
    .glyph_bitmap = glyph_bitmap,
    .glyph_dsc = glyph_dsc,
    .cmaps = cmaps,
    .kern_dsc = &kern_classes,
    .kern_scale = 16,
    .cmap_num = 6,
    .bpp = 8,
    .kern_classes = 1,
    .bitmap_format = 0,
#if LVGL_VERSION_MAJOR == 8
    .cache = &cache
#endif
};



/*-----------------
 *  PUBLIC FONT
 *----------------*/

/*Initialize a public general font descriptor*/
#if LVGL_VERSION_MAJOR >= 8
const lv_font_t ProductSansBold_16 = {
#else
lv_font_t ProductSansBold_16 = {
#endif
    .get_glyph_dsc = lv_font_get_glyph_dsc_fmt_txt,    /*Function pointer to get glyph's data*/
    .get_glyph_bitmap = lv_font_get_bitmap_fmt_txt,    /*Function pointer to get glyph's bitmap*/
    .line_height = 21,          /*The maximum line height required by the font*/
    .base_line = 5,             /*Baseline measured from the bottom of the line*/
#if !(LVGL_VERSION_MAJOR == 6 && LVGL_VERSION_MINOR == 0)
    .subpx = LV_FONT_SUBPX_NONE,
#endif
#if LV_VERSION_CHECK(7, 4, 0) || LVGL_VERSION_MAJOR >= 8
    .underline_position = -4,
    .underline_thickness = 1,
#endif
    .dsc = &font_dsc,          /*The custom font data. Will be accessed by `get_glyph_bitmap/dsc` */
#if LV_VERSION_CHECK(8, 2, 0) || LVGL_VERSION_MAJOR >= 9
    .fallback = NULL,
#endif
    .user_data = NULL,
};



#endif /*#if PRODUCTSANSBOLD_16*/

