/*******************************************************************************
 * Size: 14 px
 * Bpp: 8
 * Opts: --size 14 --bpp 8 --format lvgl --font /Users/garrett/Documents/GWatch-Paris/components/fonts/files/ProductSans-Regular.ttf --output /Users/garrett/Documents/GWatch-Paris/components/fonts/generated/ProductSansRegular_14.c --no-compress --range 0x20-0x7F,0xA0-0x17F --symbols ×÷→’—
 ******************************************************************************/

#ifdef LV_LVGL_H_INCLUDE_SIMPLE
#include "lvgl.h"
#else
#include "lvgl/lvgl.h"
#endif

#ifndef PRODUCTSANSREGULAR_14
#define PRODUCTSANSREGULAR_14 1
#endif

#if PRODUCTSANSREGULAR_14

/*-----------------
 *    BITMAPS
 *----------------*/

/*Store the image of the glyphs*/
static LV_ATTRIBUTE_LARGE_CONST const uint8_t glyph_bitmap[] = {
    /* U+0020 " " */

    /* U+0021 "!" */
    0x4, 0xff, 0x44, 0x4, 0xff, 0x44, 0x4, 0xff,
    0x44, 0x1, 0xff, 0x40, 0x0, 0xf7, 0x36, 0x0,
    0xed, 0x2c, 0x0, 0xbd, 0x1d, 0x0, 0x0, 0x0,
    0x22, 0xcf, 0x50, 0x2c, 0xef, 0x62,

    /* U+0022 "\"" */
    0x64, 0xcc, 0x50, 0xdc, 0x64, 0xcc, 0x50, 0xdc,
    0x64, 0xcc, 0x50, 0xdc, 0xc, 0x19, 0xa, 0x1b,

    /* U+0023 "#" */
    0x0, 0x0, 0x0, 0x7e, 0x10, 0x0, 0x7b, 0x14,
    0x0, 0x0, 0x0, 0x1e, 0xfb, 0x6, 0x16, 0xfe,
    0xb, 0x0, 0x0, 0x0, 0x47, 0xd8, 0x0, 0x3f,
    0xe0, 0x0, 0x0, 0x2e, 0xff, 0xff, 0xff, 0xff,
    0xff, 0xff, 0xff, 0x6e, 0x3, 0xc, 0x99, 0x90,
    0xc, 0x92, 0x98, 0xc, 0x4, 0x0, 0x0, 0xb5,
    0x68, 0x0, 0xb0, 0x70, 0x0, 0x0, 0x88, 0xec,
    0xfb, 0xf2, 0xec, 0xfb, 0xf3, 0xea, 0x9, 0x12,
    0x22, 0xfe, 0x30, 0x20, 0xfc, 0x37, 0x1a, 0x0,
    0x0, 0x28, 0xf4, 0x0, 0x24, 0xf9, 0x2, 0x0,
    0x0, 0x0, 0x4d, 0xd1, 0x0, 0x49, 0xd6, 0x0,
    0x0, 0x0,

    /* U+0024 "$" */
    0x0, 0x0, 0x0, 0x2f, 0x15, 0x0, 0x0, 0x0,
    0x0, 0x0, 0xbe, 0x54, 0x0, 0x0, 0x0, 0x4c,
    0xe0, 0xff, 0xf3, 0x90, 0x4, 0x19, 0xf6, 0x95,
    0xcc, 0x96, 0xe7, 0x78, 0x44, 0xfe, 0x6, 0xbc,
    0x54, 0x20, 0x4, 0x14, 0xf2, 0x9d, 0xc7, 0x54,
    0x0, 0x0, 0x0, 0x3b, 0xdc, 0xff, 0xaa, 0x1c,
    0x0, 0x0, 0x0, 0x3, 0xc8, 0xe7, 0xf1, 0x3e,
    0x0, 0xd, 0x0, 0xbc, 0x55, 0xa6, 0xc9, 0x74,
    0xcc, 0x4, 0xbc, 0x54, 0x7b, 0xd5, 0x1b, 0xe7,
    0xc6, 0xdc, 0xb7, 0xf4, 0x76, 0x0, 0x1c, 0x98,
    0xf0, 0xcb, 0x5f, 0x0, 0x0, 0x0, 0x0, 0xbc,
    0x54, 0x0, 0x0,

    /* U+0025 "%" */
    0x0, 0x81, 0xe6, 0xd8, 0x41, 0x0, 0x0, 0x7,
    0xa6, 0xb, 0x0, 0x4e, 0xcd, 0xd, 0x2f, 0xe7,
    0xc, 0x0, 0x87, 0x9d, 0x0, 0x0, 0x80, 0x86,
    0x0, 0x0, 0xd6, 0x2f, 0x36, 0xde, 0xe, 0x0,
    0x0, 0x48, 0xd1, 0x13, 0x39, 0xe6, 0x12, 0xd5,
    0x46, 0x0, 0x0, 0x0, 0x0, 0x79, 0xe4, 0xd2,
    0x3c, 0x8b, 0x9a, 0x0, 0x0, 0x0, 0x0, 0x0,
    0x0, 0x0, 0x0, 0x39, 0xdd, 0x1b, 0xa3, 0xe3,
    0xaf, 0x16, 0x0, 0x0, 0x0, 0x9, 0xd8, 0x43,
    0x92, 0x97, 0x4, 0x7d, 0xac, 0x0, 0x0, 0x0,
    0x8e, 0x96, 0x0, 0xcc, 0x3e, 0x0, 0x22, 0xe7,
    0x0, 0x0, 0x3b, 0xdc, 0xc, 0x0, 0x99, 0x91,
    0x1, 0x74, 0xb3, 0x0, 0x0, 0x78, 0x40, 0x0,
    0x0, 0x12, 0xb0, 0xec, 0xbd, 0x1c,

    /* U+0026 "&" */
    0x0, 0x0, 0x80, 0xec, 0xe4, 0x57, 0x0, 0x0,
    0x0, 0x0, 0x4d, 0xf8, 0x58, 0x88, 0xe8, 0x9,
    0x0, 0x0, 0x0, 0x68, 0xe2, 0x1, 0x1, 0xe,
    0x0, 0x0, 0x0, 0x0, 0x10, 0xef, 0x7b, 0x0,
    0x0, 0x0, 0x0, 0x0, 0x0, 0x91, 0xef, 0xf7,
    0x4b, 0x0, 0x0, 0x0, 0x0, 0x3d, 0xf4, 0x2a,
    0x68, 0xf0, 0x26, 0x0, 0x10, 0x0, 0x77, 0xbb,
    0x0, 0x0, 0x9a, 0xd7, 0x33, 0xf2, 0x22, 0x5d,
    0xe5, 0xa, 0x0, 0x6, 0xc6, 0xf9, 0x9a, 0x0,
    0x9, 0xd7, 0xbf, 0x45, 0x38, 0xa9, 0xff, 0x86,
    0x0, 0x0, 0x12, 0x98, 0xe4, 0xef, 0xad, 0x5a,
    0xb8, 0x4,

    /* U+0027 "'" */
    0x64, 0xcc, 0x64, 0xcc, 0x64, 0xcc, 0xc, 0x19,

    /* U+0028 "(" */
    0x0, 0x0, 0x6, 0x90, 0x14, 0x0, 0x0, 0x8b,
    0xd9, 0xa, 0x0, 0x1e, 0xf9, 0x45, 0x0, 0x0,
    0x89, 0xce, 0x0, 0x0, 0x0, 0xd5, 0x7d, 0x0,
    0x0, 0x4, 0xfd, 0x49, 0x0, 0x0, 0x15, 0xff,
    0x36, 0x0, 0x0, 0x5, 0xfe, 0x47, 0x0, 0x0,
    0x0, 0xdb, 0x77, 0x0, 0x0, 0x0, 0x91, 0xc6,
    0x0, 0x0, 0x0, 0x28, 0xfd, 0x3b, 0x0, 0x0,
    0x0, 0x9b, 0xcf, 0x6, 0x0, 0x0, 0xc, 0xa8,
    0x19,

    /* U+0029 ")" */
    0x45, 0x66, 0x0, 0x0, 0x46, 0xf8, 0x30, 0x0,
    0x0, 0xa8, 0xb3, 0x0, 0x0, 0x32, 0xff, 0x22,
    0x0, 0x0, 0xe0, 0x6f, 0x0, 0x0, 0xab, 0x9c,
    0x0, 0x0, 0x96, 0xb1, 0x0, 0x0, 0xa9, 0x9f,
    0x0, 0x0, 0xd9, 0x75, 0x0, 0x2a, 0xff, 0x29,
    0x0, 0x9e, 0xbf, 0x0, 0x3a, 0xfa, 0x3a, 0x0,
    0x52, 0x79, 0x0, 0x0,

    /* U+002A "*" */
    0x0, 0x0, 0x7c, 0x94, 0x0, 0x0, 0x39, 0xab,
    0xb0, 0xbd, 0xa2, 0x4e, 0x15, 0x72, 0xf7, 0xfe,
    0x7e, 0x1d, 0x0, 0x69, 0xdd, 0xcc, 0x83, 0x0,
    0x0, 0x76, 0x34, 0x22, 0x88, 0x0,

    /* U+002B "+" */
    0x0, 0x0, 0x0, 0xb0, 0x60, 0x0, 0x0, 0x0,
    0x0, 0x0, 0xb0, 0x60, 0x0, 0x0, 0x34, 0xf0,
    0xf0, 0xfb, 0xf6, 0xf0, 0xdd, 0x7, 0x20, 0x20,
    0xba, 0x74, 0x20, 0x1d, 0x0, 0x0, 0x0, 0xb0,
    0x60, 0x0, 0x0, 0x0, 0x0, 0x0, 0xb0, 0x60,
    0x0, 0x0, 0x0, 0x0, 0x0, 0xb, 0x6, 0x0,
    0x0,

    /* U+002C "," */
    0x2c, 0xef, 0x63, 0x1d, 0xe5, 0x66, 0x21, 0xbb,
    0x3, 0x8, 0x19, 0x0,

    /* U+002D "-" */
    0x34, 0xf0, 0xf0, 0xf0, 0xf0, 0x3f, 0x6, 0x1c,
    0x1c, 0x1c, 0x1c, 0x7,

    /* U+002E "." */
    0x22, 0xcf, 0x50, 0x2c, 0xef, 0x62,

    /* U+002F "/" */
    0x0, 0x0, 0x0, 0x0, 0xae, 0x86, 0x0, 0x0,
    0x0, 0x1b, 0xf9, 0x1f, 0x0, 0x0, 0x0, 0x82,
    0xb1, 0x0, 0x0, 0x0, 0x5, 0xe7, 0x47, 0x0,
    0x0, 0x0, 0x57, 0xdb, 0x1, 0x0, 0x0, 0x0,
    0xc2, 0x72, 0x0, 0x0, 0x0, 0x2b, 0xf6, 0x11,
    0x0, 0x0, 0x0, 0x96, 0x9d, 0x0, 0x0, 0x0,
    0xd, 0xf2, 0x33, 0x0, 0x0, 0x0, 0x6b, 0xc9,
    0x0, 0x0, 0x0, 0x0,

    /* U+0030 "0" */
    0x0, 0x0, 0x5a, 0xd6, 0xf8, 0xd1, 0x4b, 0x0,
    0x0, 0x0, 0x58, 0xfb, 0x7d, 0x40, 0x88, 0xfb,
    0x44, 0x0, 0x4, 0xe5, 0x8b, 0x0, 0x0, 0x0,
    0x9f, 0xd3, 0x0, 0x39, 0xff, 0x25, 0x0, 0x0,
    0x0, 0x36, 0xff, 0x24, 0x5c, 0xfb, 0x2, 0x0,
    0x0, 0x0, 0xf, 0xff, 0x47, 0x5c, 0xfb, 0x2,
    0x0, 0x0, 0x0, 0xf, 0xff, 0x46, 0x38, 0xff,
    0x24, 0x0, 0x0, 0x0, 0x37, 0xff, 0x24, 0x3,
    0xe4, 0x89, 0x0, 0x0, 0x0, 0x9f, 0xd3, 0x0,
    0x0, 0x58, 0xfb, 0x7b, 0x3f, 0x88, 0xfc, 0x46,
    0x0, 0x0, 0x0, 0x5a, 0xd8, 0xf9, 0xd2, 0x4d,
    0x0, 0x0,

    /* U+0031 "1" */
    0x0, 0x0, 0x18, 0x6f, 0x18, 0x1c, 0x9a, 0xf8,
    0xff, 0x34, 0x25, 0xb5, 0x5e, 0xff, 0x34, 0x0,
    0x0, 0x18, 0xff, 0x34, 0x0, 0x0, 0x18, 0xff,
    0x34, 0x0, 0x0, 0x18, 0xff, 0x34, 0x0, 0x0,
    0x18, 0xff, 0x34, 0x0, 0x0, 0x18, 0xff, 0x34,
    0x0, 0x0, 0x18, 0xff, 0x34, 0x0, 0x0, 0x18,
    0xff, 0x34,

    /* U+0032 "2" */
    0x0, 0x3f, 0xcc, 0xf5, 0xce, 0x45, 0x0, 0x25,
    0xf7, 0x92, 0x42, 0x8f, 0xf8, 0x2b, 0x16, 0x68,
    0x0, 0x0, 0x0, 0xd7, 0x79, 0x0, 0x0, 0x0,
    0x0, 0x6, 0xe9, 0x6d, 0x0, 0x0, 0x0, 0x0,
    0x85, 0xf2, 0x17, 0x0, 0x0, 0x0, 0x62, 0xfe,
    0x5a, 0x0, 0x0, 0x0, 0x53, 0xfc, 0x70, 0x0,
    0x0, 0x0, 0x4b, 0xfa, 0x77, 0x0, 0x0, 0x0,
    0x38, 0xf7, 0xaf, 0x38, 0x38, 0x38, 0x24, 0x70,
    0xff, 0xff, 0xff, 0xff, 0xff, 0xa8,

    /* U+0033 "3" */
    0x0, 0x3c, 0xca, 0xf6, 0xd6, 0x5a, 0x0, 0x18,
    0xf4, 0x9b, 0x40, 0x7b, 0xfd, 0x40, 0x0, 0x39,
    0x2, 0x0, 0x0, 0xd2, 0x80, 0x0, 0x0, 0x0,
    0x4, 0x4c, 0xf9, 0x4b, 0x0, 0x0, 0x3c, 0xff,
    0xff, 0x9b, 0x0, 0x0, 0x0, 0xb, 0x34, 0x71,
    0xf9, 0x5a, 0x0, 0x0, 0x0, 0x0, 0x0, 0x8f,
    0xcc, 0x3b, 0xbd, 0x3, 0x0, 0x0, 0x92, 0xc5,
    0x18, 0xec, 0xa8, 0x43, 0x74, 0xf9, 0x64, 0x0,
    0x2e, 0xbe, 0xf4, 0xda, 0x69, 0x0,

    /* U+0034 "4" */
    0x0, 0x0, 0x0, 0x0, 0x15, 0x80, 0x32, 0x0,
    0x0, 0x0, 0x0, 0x0, 0xa9, 0xff, 0x64, 0x0,
    0x0, 0x0, 0x0, 0x52, 0xeb, 0xf0, 0x64, 0x0,
    0x0, 0x0, 0x12, 0xe8, 0x57, 0xe4, 0x64, 0x0,
    0x0, 0x0, 0xa4, 0xad, 0x0, 0xe4, 0x64, 0x0,
    0x0, 0x4d, 0xec, 0x16, 0x0, 0xe4, 0x64, 0x0,
    0x10, 0xe5, 0x59, 0x0, 0x0, 0xe4, 0x64, 0x0,
    0x6c, 0xff, 0xff, 0xff, 0xff, 0xff, 0xff, 0xa0,
    0x15, 0x30, 0x30, 0x30, 0x30, 0xe9, 0x81, 0x1e,
    0x0, 0x0, 0x0, 0x0, 0x0, 0xe4, 0x64, 0x0,

    /* U+0035 "5" */
    0x0, 0x2, 0x4, 0x4, 0x4, 0x4, 0x2, 0x0,
    0x0, 0x93, 0xff, 0xff, 0xff, 0xff, 0x84, 0x0,
    0x0, 0xb0, 0x9e, 0x34, 0x34, 0x34, 0x1a, 0x0,
    0x0, 0xcc, 0x6d, 0x0, 0x0, 0x0, 0x0, 0x0,
    0x0, 0xe9, 0x53, 0x0, 0x0, 0x0, 0x0, 0x0,
    0x7, 0xfe, 0xb7, 0xe8, 0xe4, 0x8f, 0xa, 0x0,
    0xb, 0xa8, 0xa5, 0x3d, 0x52, 0xdf, 0xa0, 0x0,
    0x0, 0x0, 0x0, 0x0, 0x0, 0x50, 0xf9, 0x6,
    0x30, 0xae, 0x4, 0x0, 0x0, 0x54, 0xf8, 0x5,
    0x10, 0xe7, 0xb0, 0x45, 0x5e, 0xe5, 0x9a, 0x0,
    0x0, 0x27, 0xb4, 0xf2, 0xe2, 0x87, 0x8, 0x0,

    /* U+0036 "6" */
    0x0, 0x0, 0x0, 0x4, 0x68, 0x4, 0x0, 0x0,
    0x0, 0x0, 0x0, 0x82, 0xe7, 0x15, 0x0, 0x0,
    0x0, 0x0, 0x37, 0xfa, 0x45, 0x0, 0x0, 0x0,
    0x0, 0xa, 0xda, 0x88, 0x0, 0x0, 0x0, 0x0,
    0x0, 0x8d, 0xff, 0xe0, 0xe4, 0x8e, 0x9, 0x0,
    0x1a, 0xf8, 0xb3, 0x39, 0x4f, 0xdf, 0xa0, 0x0,
    0x5b, 0xf3, 0x7, 0x0, 0x0, 0x4b, 0xfc, 0xa,
    0x52, 0xf4, 0xa, 0x0, 0x0, 0x4f, 0xfa, 0x8,
    0xb, 0xdb, 0xba, 0x48, 0x5b, 0xe3, 0x96, 0x0,
    0x0, 0x1f, 0xaf, 0xef, 0xe2, 0x82, 0x6, 0x0,

    /* U+0037 "7" */
    0x1, 0x4, 0x4, 0x4, 0x4, 0x4, 0x3, 0x6c,
    0xff, 0xff, 0xff, 0xff, 0xff, 0xc4, 0x16, 0x34,
    0x34, 0x34, 0x34, 0xda, 0x9e, 0x0, 0x0, 0x0,
    0x0, 0x53, 0xf7, 0x1e, 0x0, 0x0, 0x0, 0x6,
    0xdc, 0x88, 0x0, 0x0, 0x0, 0x0, 0x73, 0xeb,
    0xf, 0x0, 0x0, 0x0, 0x13, 0xef, 0x6c, 0x0,
    0x0, 0x0, 0x0, 0x93, 0xd9, 0x4, 0x0, 0x0,
    0x0, 0x27, 0xfb, 0x50, 0x0, 0x0, 0x0, 0x0,
    0xb3, 0xc2, 0x0, 0x0, 0x0, 0x0, 0x0, 0x5d,
    0x31, 0x0, 0x0, 0x0, 0x0,

    /* U+0038 "8" */
    0x0, 0x21, 0xb4, 0xf1, 0xe3, 0x80, 0x1, 0x0,
    0x0, 0xd0, 0xc1, 0x46, 0x61, 0xf2, 0x6b, 0x0,
    0x13, 0xff, 0x40, 0x0, 0x0, 0xa1, 0xaf, 0x0,
    0x2, 0xd4, 0x9d, 0xe, 0x2a, 0xe2, 0x73, 0x0,
    0x0, 0x2b, 0xfa, 0xff, 0xff, 0xc1, 0x1, 0x0,
    0xb, 0xda, 0xb2, 0x3f, 0x59, 0xe6, 0x85, 0x0,
    0x59, 0xf4, 0x7, 0x0, 0x0, 0x60, 0xf6, 0x2,
    0x58, 0xf6, 0x9, 0x0, 0x0, 0x64, 0xf5, 0x3,
    0x13, 0xe6, 0xb4, 0x46, 0x5e, 0xe8, 0x99, 0x0,
    0x0, 0x29, 0xb6, 0xf1, 0xe3, 0x88, 0x8, 0x0,

    /* U+0039 "9" */
    0x0, 0x19, 0xa8, 0xee, 0xe0, 0x81, 0x5, 0x0,
    0x8, 0xd4, 0xbf, 0x49, 0x60, 0xe8, 0x91, 0x0,
    0x4e, 0xf7, 0xd, 0x0, 0x0, 0x56, 0xf8, 0x5,
    0x5d, 0xef, 0x2, 0x0, 0x0, 0x41, 0xff, 0xe,
    0x19, 0xf1, 0x8e, 0xb, 0x21, 0xca, 0xcd, 0x0,
    0x0, 0x45, 0xe4, 0xfe, 0xfa, 0xff, 0x4e, 0x0,
    0x0, 0x0, 0x1, 0x1e, 0xbb, 0xad, 0x0, 0x0,
    0x0, 0x0, 0x0, 0x71, 0xea, 0x15, 0x0, 0x0,
    0x0, 0x0, 0x32, 0xf9, 0x51, 0x0, 0x0, 0x0,
    0x0, 0x0, 0x38, 0x87, 0x0, 0x0, 0x0, 0x0,

    /* U+003A ":" */
    0x2b, 0xee, 0x61, 0x23, 0xd3, 0x52, 0x0, 0x0,
    0x0, 0x0, 0x0, 0x0, 0x0, 0x0, 0x0, 0x22,
    0xcf, 0x50, 0x2c, 0xef, 0x62,

    /* U+003B ";" */
    0x2b, 0xee, 0x61, 0x23, 0xd3, 0x52, 0x0, 0x0,
    0x0, 0x0, 0x0, 0x0, 0x0, 0xe, 0x0, 0x33,
    0xfc, 0x70, 0x15, 0xe0, 0x5a, 0x27, 0xb1, 0x0,
    0x2, 0xe, 0x0,

    /* U+003C "<" */
    0x0, 0x0, 0x0, 0x0, 0xa, 0x6e, 0x2e, 0x0,
    0x0, 0x12, 0x7e, 0xea, 0xb6, 0x1b, 0xf, 0x8e,
    0xeb, 0x9b, 0x29, 0x0, 0x0, 0x2b, 0xf7, 0xa2,
    0x1f, 0x0, 0x0, 0x0, 0x0, 0x17, 0x87, 0xec,
    0xaa, 0x38, 0x0, 0x0, 0x0, 0x0, 0xe, 0x77,
    0xe7, 0x3c, 0x0, 0x0, 0x0, 0x0, 0x0, 0x7,
    0xe,

    /* U+003D "=" */
    0x34, 0xf0, 0xf0, 0xf0, 0xf0, 0xf0, 0xf0, 0x12,
    0x7, 0x20, 0x20, 0x20, 0x20, 0x20, 0x20, 0x2,
    0x0, 0x0, 0x0, 0x0, 0x0, 0x0, 0x0, 0x0,
    0x34, 0xf0, 0xf0, 0xf0, 0xf0, 0xf0, 0xf0, 0x12,
    0x6, 0x1c, 0x1c, 0x1c, 0x1c, 0x1c, 0x1c, 0x2,

    /* U+003E ">" */
    0x1d, 0x78, 0xf, 0x0, 0x0, 0x0, 0x0, 0x10,
    0xab, 0xed, 0x88, 0x18, 0x0, 0x0, 0x0, 0x0,
    0x21, 0x91, 0xeb, 0x97, 0x15, 0x0, 0x0, 0x0,
    0x18, 0x95, 0xfa, 0x3b, 0x0, 0x2f, 0xa0, 0xee,
    0x91, 0x1d, 0x0, 0x24, 0xec, 0x81, 0x13, 0x0,
    0x0, 0x0, 0x9, 0xb, 0x0, 0x0, 0x0, 0x0,
    0x0,

    /* U+003F "?" */
    0x0, 0x50, 0xd6, 0xf4, 0xc3, 0x31, 0x0, 0x36,
    0xfc, 0x7f, 0x42, 0xac, 0xe6, 0x8, 0x10, 0x53,
    0x0, 0x0, 0x27, 0xff, 0x30, 0x0, 0x0, 0x0,
    0x0, 0x7c, 0xed, 0xd, 0x0, 0x0, 0x0, 0x6b,
    0xf5, 0x42, 0x0, 0x0, 0x0, 0x1f, 0xfd, 0x58,
    0x0, 0x0, 0x0, 0x0, 0x45, 0xe4, 0x3, 0x0,
    0x0, 0x0, 0x0, 0x0, 0x0, 0x0, 0x0, 0x0,
    0x0, 0x0, 0x57, 0xce, 0x1d, 0x0, 0x0, 0x0,
    0x0, 0x6a, 0xee, 0x26, 0x0, 0x0,

    /* U+0040 "@" */
    0x0, 0x0, 0x0, 0x4a, 0xb3, 0xe5, 0xed, 0xc3,
    0x5b, 0x0, 0x0, 0x0, 0x0, 0x1, 0x99, 0xd4,
    0x4e, 0xc, 0x7, 0x3f, 0xc4, 0xab, 0x5, 0x0,
    0x0, 0x76, 0xc8, 0xc, 0x0, 0x0, 0x0, 0x0,
    0x5, 0xb6, 0x86, 0x0, 0xa, 0xee, 0x28, 0x2,
    0x85, 0xeb, 0xdb, 0x93, 0xb4, 0x15, 0xec, 0x11,
    0x45, 0xcf, 0x0, 0x6a, 0xde, 0x35, 0x34, 0xdc,
    0xb4, 0x0, 0xa7, 0x5c, 0x5b, 0xb5, 0x0, 0xbc,
    0x68, 0x0, 0x0, 0x65, 0xb4, 0x0, 0x80, 0x7c,
    0x41, 0xcf, 0x0, 0xba, 0x62, 0x0, 0x0, 0x5e,
    0xb4, 0x0, 0x84, 0x75, 0x9, 0xec, 0x28, 0x66,
    0xd1, 0x18, 0x17, 0xcc, 0xd6, 0x9, 0xc6, 0x39,
    0x0, 0x76, 0xc8, 0xe, 0x7d, 0xde, 0xda, 0x55,
    0x9d, 0xe5, 0x86, 0x0, 0x0, 0x1, 0x9c, 0xd4,
    0x4f, 0xf, 0x7, 0x2a, 0x0, 0x0, 0x0, 0x0,
    0x0, 0x0, 0x0, 0x51, 0xbb, 0xec, 0xf6, 0xcd,
    0x18, 0x0, 0x0, 0x0,

    /* U+0041 "A" */
    0x0, 0x0, 0x0, 0x3d, 0xff, 0x97, 0x0, 0x0,
    0x0, 0x0, 0x0, 0x0, 0x0, 0x9d, 0xe3, 0xf0,
    0x8, 0x0, 0x0, 0x0, 0x0, 0x0, 0xb, 0xf2,
    0x4f, 0xeb, 0x59, 0x0, 0x0, 0x0, 0x0, 0x0,
    0x5f, 0xe8, 0x4, 0x93, 0xba, 0x0, 0x0, 0x0,
    0x0, 0x0, 0xc0, 0x8f, 0x0, 0x35, 0xfd, 0x1d,
    0x0, 0x0, 0x0, 0x21, 0xfe, 0x32, 0x0, 0x0,
    0xd6, 0x7b, 0x0, 0x0, 0x0, 0x81, 0xff, 0xff,
    0xff, 0xff, 0xff, 0xdb, 0x0, 0x0, 0x1, 0xe0,
    0x8a, 0x30, 0x30, 0x30, 0x3f, 0xfe, 0x3d, 0x0,
    0x43, 0xfe, 0x1f, 0x0, 0x0, 0x0, 0x0, 0xc2,
    0x9e, 0x0, 0xa4, 0xc4, 0x0, 0x0, 0x0, 0x0,
    0x0, 0x6b, 0xf3, 0xb,

    /* U+0042 "B" */
    0xfc, 0xff, 0xff, 0xfd, 0xd7, 0x56, 0x0, 0xfc,
    0x73, 0x38, 0x3a, 0x7c, 0xfc, 0x39, 0xfc, 0x4c,
    0x0, 0x0, 0x0, 0xcf, 0x7c, 0xfc, 0x4c, 0x0,
    0x2, 0x4a, 0xf8, 0x49, 0xfc, 0xff, 0xff, 0xff,
    0xff, 0x90, 0x0, 0xfc, 0x6d, 0x30, 0x30, 0x61,
    0xf4, 0x59, 0xfc, 0x4c, 0x0, 0x0, 0x0, 0x8f,
    0xcb, 0xfc, 0x4c, 0x0, 0x0, 0x0, 0x91, 0xc6,
    0xfc, 0x73, 0x38, 0x38, 0x66, 0xf5, 0x6a, 0xfc,
    0xff, 0xff, 0xff, 0xe2, 0x76, 0x1,

    /* U+0043 "C" */
    0x0, 0x0, 0x11, 0x88, 0xda, 0xf8, 0xec, 0xad,
    0x2f, 0x0, 0x0, 0x21, 0xdf, 0xd6, 0x67, 0x3e,
    0x51, 0xaf, 0xf8, 0x27, 0x1, 0xcd, 0xbb, 0x8,
    0x0, 0x0, 0x0, 0x0, 0x38, 0x0, 0x40, 0xff,
    0x21, 0x0, 0x0, 0x0, 0x0, 0x0, 0x0, 0x0,
    0x71, 0xdf, 0x0, 0x0, 0x0, 0x0, 0x0, 0x0,
    0x0, 0x0, 0x71, 0xdf, 0x0, 0x0, 0x0, 0x0,
    0x0, 0x0, 0x0, 0x0, 0x40, 0xff, 0x21, 0x0,
    0x0, 0x0, 0x0, 0x0, 0x0, 0x0, 0x2, 0xcf,
    0xbb, 0x8, 0x0, 0x0, 0x0, 0x0, 0x53, 0x15,
    0x0, 0x23, 0xe1, 0xd6, 0x67, 0x3e, 0x51, 0xaa,
    0xfe, 0x5f, 0x0, 0x0, 0x12, 0x89, 0xdb, 0xf9,
    0xec, 0xb1, 0x3c, 0x0,

    /* U+0044 "D" */
    0xfc, 0xff, 0xff, 0xf6, 0xd1, 0x78, 0x7, 0x0,
    0x0, 0xfc, 0x73, 0x38, 0x40, 0x74, 0xe5, 0xc7,
    0xa, 0x0, 0xfc, 0x4c, 0x0, 0x0, 0x0, 0x17,
    0xe2, 0x8e, 0x0, 0xfc, 0x4c, 0x0, 0x0, 0x0,
    0x0, 0x6a, 0xef, 0x3, 0xfc, 0x4c, 0x0, 0x0,
    0x0, 0x0, 0x32, 0xff, 0x1d, 0xfc, 0x4c, 0x0,
    0x0, 0x0, 0x0, 0x33, 0xff, 0x1c, 0xfc, 0x4c,
    0x0, 0x0, 0x0, 0x0, 0x69, 0xef, 0x3, 0xfc,
    0x4c, 0x0, 0x0, 0x0, 0x18, 0xe1, 0x8f, 0x0,
    0xfc, 0x73, 0x38, 0x49, 0x79, 0xed, 0xca, 0xb,
    0x0, 0xfc, 0xff, 0xff, 0xf7, 0xd3, 0x7a, 0x8,
    0x0, 0x0,

    /* U+0045 "E" */
    0xfc, 0xff, 0xff, 0xff, 0xff, 0xdc, 0xfc, 0x73,
    0x38, 0x38, 0x38, 0x30, 0xfc, 0x4c, 0x0, 0x0,
    0x0, 0x0, 0xfc, 0x4c, 0x0, 0x0, 0x0, 0x0,
    0xfc, 0xff, 0xff, 0xff, 0xff, 0x68, 0xfc, 0x6d,
    0x30, 0x30, 0x30, 0x13, 0xfc, 0x4c, 0x0, 0x0,
    0x0, 0x0, 0xfc, 0x4c, 0x0, 0x0, 0x0, 0x0,
    0xfc, 0x73, 0x38, 0x38, 0x38, 0x30, 0xfc, 0xff,
    0xff, 0xff, 0xff, 0xdc,

    /* U+0046 "F" */
    0xfc, 0xff, 0xff, 0xff, 0xff, 0xdc, 0xfc, 0x73,
    0x38, 0x38, 0x38, 0x30, 0xfc, 0x4c, 0x0, 0x0,
    0x0, 0x0, 0xfc, 0x4c, 0x0, 0x0, 0x0, 0x0,
    0xfc, 0x4c, 0x0, 0x0, 0x0, 0x0, 0xfc, 0xff,
    0xff, 0xff, 0xff, 0x68, 0xfc, 0x6d, 0x30, 0x30,
    0x30, 0x13, 0xfc, 0x4c, 0x0, 0x0, 0x0, 0x0,
    0xfc, 0x4c, 0x0, 0x0, 0x0, 0x0, 0xfc, 0x4c,
    0x0, 0x0, 0x0, 0x0,

    /* U+0047 "G" */
    0x0, 0x0, 0xf, 0x84, 0xd8, 0xf8, 0xed, 0xb4,
    0x44, 0x0, 0x0, 0x0, 0x1d, 0xdb, 0xda, 0x6a,
    0x3f, 0x58, 0x90, 0xeb, 0x24, 0x0, 0x1, 0xc7,
    0xc1, 0xa, 0x0, 0x0, 0x0, 0x0, 0x5, 0x0,
    0x0, 0x3d, 0xff, 0x25, 0x0, 0x0, 0x0, 0x0,
    0x0, 0x0, 0x0, 0x0, 0x70, 0xe0, 0x0, 0x0,
    0x0, 0x48, 0xff, 0xff, 0xff, 0xff, 0x9f, 0x71,
    0xe0, 0x0, 0x0, 0x0, 0xd, 0x30, 0x30, 0x30,
    0xc9, 0x9a, 0x3e, 0xff, 0x24, 0x0, 0x0, 0x0,
    0x0, 0x0, 0x8, 0xf1, 0x6b, 0x1, 0xc9, 0xc1,
    0xa, 0x0, 0x0, 0x0, 0x0, 0x91, 0xf1, 0x13,
    0x0, 0x1d, 0xdb, 0xd9, 0x69, 0x3f, 0x5a, 0xb7,
    0xf9, 0x4d, 0x0, 0x0, 0x0, 0xf, 0x85, 0xda,
    0xf9, 0xed, 0xaf, 0x32, 0x0, 0x0,

    /* U+0048 "H" */
    0xfc, 0x4c, 0x0, 0x0, 0x0, 0x0, 0xb0, 0x98,
    0xfc, 0x4c, 0x0, 0x0, 0x0, 0x0, 0xb0, 0x98,
    0xfc, 0x4c, 0x0, 0x0, 0x0, 0x0, 0xb0, 0x98,
    0xfc, 0x4c, 0x0, 0x0, 0x0, 0x0, 0xb0, 0x98,
    0xfc, 0xff, 0xff, 0xff, 0xff, 0xff, 0xff, 0x98,
    0xfc, 0x6d, 0x30, 0x30, 0x30, 0x30, 0xbf, 0x98,
    0xfc, 0x4c, 0x0, 0x0, 0x0, 0x0, 0xb0, 0x98,
    0xfc, 0x4c, 0x0, 0x0, 0x0, 0x0, 0xb0, 0x98,
    0xfc, 0x4c, 0x0, 0x0, 0x0, 0x0, 0xb0, 0x98,
    0xfc, 0x4c, 0x0, 0x0, 0x0, 0x0, 0xb0, 0x98,

    /* U+0049 "I" */
    0xfc, 0x4c, 0xfc, 0x4c, 0xfc, 0x4c, 0xfc, 0x4c,
    0xfc, 0x4c, 0xfc, 0x4c, 0xfc, 0x4c, 0xfc, 0x4c,
    0xfc, 0x4c, 0xfc, 0x4c,

    /* U+004A "J" */
    0x0, 0x0, 0x0, 0x0, 0x0, 0xcc, 0x80, 0x0,
    0x0, 0x0, 0x0, 0x0, 0xcc, 0x80, 0x0, 0x0,
    0x0, 0x0, 0x0, 0xcc, 0x80, 0x0, 0x0, 0x0,
    0x0, 0x0, 0xcc, 0x80, 0x0, 0x0, 0x0, 0x0,
    0x0, 0xcc, 0x80, 0x0, 0x0, 0x0, 0x0, 0x0,
    0xcc, 0x80, 0x0, 0x0, 0x0, 0x0, 0x0, 0xcc,
    0x7e, 0x40, 0x7d, 0x0, 0x0, 0x4, 0xe9, 0x62,
    0x45, 0xfd, 0x81, 0x42, 0x9f, 0xf3, 0x1a, 0x0,
    0x58, 0xd6, 0xf6, 0xcd, 0x40, 0x0,

    /* U+004B "K" */
    0xfc, 0x4c, 0x0, 0x0, 0x1, 0xa8, 0xe8, 0x1f,
    0xfc, 0x4c, 0x0, 0x0, 0x84, 0xf5, 0x35, 0x0,
    0xfc, 0x4c, 0x0, 0x5d, 0xfd, 0x50, 0x0, 0x0,
    0xfc, 0x4c, 0x3d, 0xf9, 0x71, 0x0, 0x0, 0x0,
    0xfc, 0x70, 0xec, 0xe2, 0x4, 0x0, 0x0, 0x0,
    0xfc, 0xfa, 0xba, 0xef, 0x81, 0x0, 0x0, 0x0,
    0xfc, 0xcb, 0xb, 0x5a, 0xfc, 0x3a, 0x0, 0x0,
    0xfc, 0x4d, 0x0, 0x0, 0xa7, 0xdd, 0xd, 0x0,
    0xfc, 0x4c, 0x0, 0x0, 0x10, 0xe3, 0xa0, 0x0,
    0xfc, 0x4c, 0x0, 0x0, 0x0, 0x43, 0xfe, 0x55,

    /* U+004C "L" */
    0xfc, 0x4c, 0x0, 0x0, 0x0, 0x0, 0xfc, 0x4c,
    0x0, 0x0, 0x0, 0x0, 0xfc, 0x4c, 0x0, 0x0,
    0x0, 0x0, 0xfc, 0x4c, 0x0, 0x0, 0x0, 0x0,
    0xfc, 0x4c, 0x0, 0x0, 0x0, 0x0, 0xfc, 0x4c,
    0x0, 0x0, 0x0, 0x0, 0xfc, 0x4c, 0x0, 0x0,
    0x0, 0x0, 0xfc, 0x4c, 0x0, 0x0, 0x0, 0x0,
    0xfc, 0x73, 0x38, 0x38, 0x38, 0x23, 0xfc, 0xff,
    0xff, 0xff, 0xff, 0xa4,

    /* U+004D "M" */
    0xfc, 0x94, 0x0, 0x0, 0x0, 0x0, 0x0, 0xd,
    0xe8, 0x9c, 0xfc, 0xfc, 0x2b, 0x0, 0x0, 0x0,
    0x0, 0x88, 0xff, 0x9c, 0xfc, 0xdc, 0xb9, 0x0,
    0x0, 0x0, 0x21, 0xf8, 0xdf, 0x9c, 0xfc, 0x62,
    0xf5, 0x4c, 0x0, 0x0, 0xad, 0xb1, 0xa8, 0x9c,
    0xfc, 0x4b, 0x7f, 0xd8, 0x5, 0x3e, 0xf9, 0x24,
    0xac, 0x9c, 0xfc, 0x4c, 0x9, 0xe2, 0x72, 0xce,
    0x8b, 0x0, 0xac, 0x9c, 0xfc, 0x4c, 0x0, 0x5a,
    0xfd, 0xea, 0xf, 0x0, 0xac, 0x9c, 0xfc, 0x4c,
    0x0, 0x0, 0xb5, 0x62, 0x0, 0x0, 0xac, 0x9c,
    0xfc, 0x4c, 0x0, 0x0, 0x0, 0x0, 0x0, 0x0,
    0xac, 0x9c, 0xfc, 0x4c, 0x0, 0x0, 0x0, 0x0,
    0x0, 0x0, 0xac, 0x9c,

    /* U+004E "N" */
    0xfc, 0xdb, 0x8, 0x0, 0x0, 0x0, 0x8c, 0xbc,
    0xfc, 0xfb, 0x84, 0x0, 0x0, 0x0, 0x8c, 0xbc,
    0xfc, 0x8c, 0xf9, 0x2a, 0x0, 0x0, 0x8c, 0xbc,
    0xfc, 0x49, 0xac, 0xc3, 0x1, 0x0, 0x8c, 0xbc,
    0xfc, 0x4c, 0x1a, 0xf1, 0x65, 0x0, 0x8c, 0xbc,
    0xfc, 0x4c, 0x0, 0x6c, 0xee, 0x17, 0x8c, 0xbc,
    0xfc, 0x4c, 0x0, 0x2, 0xc9, 0xa6, 0x88, 0xbc,
    0xfc, 0x4c, 0x0, 0x0, 0x2f, 0xfb, 0xc7, 0xbc,
    0xfc, 0x4c, 0x0, 0x0, 0x0, 0x8c, 0xff, 0xbc,
    0xfc, 0x4c, 0x0, 0x0, 0x0, 0xb, 0xe0, 0xbc,

    /* U+004F "O" */
    0x0, 0x0, 0x12, 0x89, 0xdb, 0xf9, 0xea, 0xab,
    0x31, 0x0, 0x0, 0x0, 0x20, 0xdf, 0xd5, 0x66,
    0x3e, 0x52, 0xaa, 0xfa, 0x59, 0x0, 0x1, 0xcc,
    0xbc, 0x8, 0x0, 0x0, 0x0, 0x0, 0x71, 0xf9,
    0x29, 0x3f, 0xff, 0x22, 0x0, 0x0, 0x0, 0x0,
    0x0, 0x0, 0xce, 0x96, 0x71, 0xe0, 0x0, 0x0,
    0x0, 0x0, 0x0, 0x0, 0x0, 0x8c, 0xc8, 0x71,
    0xdf, 0x0, 0x0, 0x0, 0x0, 0x0, 0x0, 0x0,
    0x8c, 0xc7, 0x40, 0xff, 0x22, 0x0, 0x0, 0x0,
    0x0, 0x0, 0x0, 0xcd, 0x97, 0x1, 0xcd, 0xbc,
    0x8, 0x0, 0x0, 0x0, 0x0, 0x70, 0xfb, 0x2b,
    0x0, 0x21, 0xdf, 0xd4, 0x65, 0x3d, 0x51, 0xaa,
    0xfa, 0x5d, 0x0, 0x0, 0x0, 0x12, 0x8a, 0xdc,
    0xfa, 0xeb, 0xad, 0x33, 0x0, 0x0,

    /* U+0050 "P" */
    0xfc, 0xff, 0xff, 0xf7, 0xc4, 0x35, 0x0, 0xfc,
    0x73, 0x38, 0x3f, 0xa4, 0xf0, 0x1d, 0xfc, 0x4c,
    0x0, 0x0, 0x3, 0xe2, 0x72, 0xfc, 0x4c, 0x0,
    0x0, 0x0, 0xd5, 0x7b, 0xfc, 0x4e, 0x4, 0xb,
    0x73, 0xfc, 0x31, 0xfc, 0xff, 0xff, 0xff, 0xf2,
    0x5e, 0x0, 0xfc, 0x70, 0x34, 0x2c, 0x6, 0x0,
    0x0, 0xfc, 0x4c, 0x0, 0x0, 0x0, 0x0, 0x0,
    0xfc, 0x4c, 0x0, 0x0, 0x0, 0x0, 0x0, 0xfc,
    0x4c, 0x0, 0x0, 0x0, 0x0, 0x0,

    /* U+0051 "Q" */
    0x0, 0x0, 0x12, 0x89, 0xdb, 0xf9, 0xea, 0xac,
    0x33, 0x0, 0x0, 0x0, 0x20, 0xdf, 0xd5, 0x66,
    0x3e, 0x52, 0xaa, 0xfa, 0x5c, 0x0, 0x1, 0xcc,
    0xbc, 0x8, 0x0, 0x0, 0x0, 0x0, 0x71, 0xfa,
    0x2a, 0x3f, 0xff, 0x22, 0x0, 0x0, 0x0, 0x0,
    0x0, 0x0, 0xcd, 0x97, 0x71, 0xe0, 0x0, 0x0,
    0x0, 0x0, 0x0, 0x0, 0x0, 0x8c, 0xc8, 0x71,
    0xdf, 0x0, 0x0, 0x0, 0x0, 0x0, 0x0, 0x0,
    0x8d, 0xc5, 0x40, 0xff, 0x22, 0x0, 0x0, 0x0,
    0x64, 0x74, 0x0, 0xcc, 0x8e, 0x1, 0xcd, 0xbc,
    0x8, 0x0, 0x0, 0x49, 0xf9, 0x94, 0xf7, 0x22,
    0x0, 0x21, 0xdf, 0xd4, 0x65, 0x3e, 0x55, 0xe3,
    0xff, 0x5d, 0x0, 0x0, 0x0, 0x12, 0x8a, 0xdc,
    0xf9, 0xe7, 0xa5, 0xd9, 0x86, 0x0, 0x0, 0x0,
    0x0, 0x0, 0x0, 0x0, 0x0, 0x0, 0x28, 0x11,
    0x0,

    /* U+0052 "R" */
    0xfc, 0xff, 0xff, 0xf7, 0xc3, 0x33, 0x0, 0xfc,
    0x73, 0x38, 0x3f, 0xa2, 0xef, 0x1c, 0xfc, 0x4c,
    0x0, 0x0, 0x3, 0xe1, 0x72, 0xfc, 0x4c, 0x0,
    0x0, 0x0, 0xd5, 0x7d, 0xfc, 0x4c, 0x0, 0x9,
    0x72, 0xfd, 0x2d, 0xfc, 0xff, 0xff, 0xff, 0xea,
    0x5a, 0x0, 0xfc, 0x6d, 0x3e, 0xf0, 0x6d, 0x0,
    0x0, 0xfc, 0x4c, 0x0, 0x5a, 0xf6, 0x2c, 0x0,
    0xfc, 0x4c, 0x0, 0x0, 0xa5, 0xd4, 0x9, 0xfc,
    0x4c, 0x0, 0x0, 0xf, 0xdf, 0x97,

    /* U+0053 "S" */
    0x0, 0x2e, 0xba, 0xf2, 0xe5, 0x88, 0x6, 0x0,
    0xe, 0xe8, 0xb3, 0x45, 0x5d, 0xe6, 0x9e, 0x0,
    0x3f, 0xff, 0x13, 0x0, 0x0, 0x2d, 0x22, 0x0,
    0x18, 0xf7, 0x91, 0xf, 0x0, 0x0, 0x0, 0x0,
    0x0, 0x46, 0xe0, 0xf5, 0xa4, 0x35, 0x0, 0x0,
    0x0, 0x0, 0x3, 0x45, 0xa9, 0xfc, 0x73, 0x0,
    0x0, 0x3, 0x0, 0x0, 0x0, 0x65, 0xfb, 0x11,
    0x66, 0xce, 0x5, 0x0, 0x0, 0x34, 0xff, 0x22,
    0x21, 0xee, 0xb9, 0x48, 0x51, 0xcf, 0xd0, 0x0,
    0x0, 0x2d, 0xb6, 0xf2, 0xe9, 0xa2, 0x1a, 0x0,

    /* U+0054 "T" */
    0xa8, 0xff, 0xff, 0xff, 0xff, 0xff, 0xff, 0x38,
    0x24, 0x38, 0x38, 0xe3, 0x8c, 0x38, 0x38, 0xc,
    0x0, 0x0, 0x0, 0xdc, 0x6c, 0x0, 0x0, 0x0,
    0x0, 0x0, 0x0, 0xdc, 0x6c, 0x0, 0x0, 0x0,
    0x0, 0x0, 0x0, 0xdc, 0x6c, 0x0, 0x0, 0x0,
    0x0, 0x0, 0x0, 0xdc, 0x6c, 0x0, 0x0, 0x0,
    0x0, 0x0, 0x0, 0xdc, 0x6c, 0x0, 0x0, 0x0,
    0x0, 0x0, 0x0, 0xdc, 0x6c, 0x0, 0x0, 0x0,
    0x0, 0x0, 0x0, 0xdc, 0x6c, 0x0, 0x0, 0x0,
    0x0, 0x0, 0x0, 0xdc, 0x6c, 0x0, 0x0, 0x0,

    /* U+0055 "U" */
    0x38, 0xff, 0x14, 0x0, 0x0, 0x0, 0x14, 0xff,
    0x34, 0x38, 0xff, 0x14, 0x0, 0x0, 0x0, 0x14,
    0xff, 0x34, 0x38, 0xff, 0x14, 0x0, 0x0, 0x0,
    0x14, 0xff, 0x34, 0x38, 0xff, 0x14, 0x0, 0x0,
    0x0, 0x14, 0xff, 0x34, 0x38, 0xff, 0x14, 0x0,
    0x0, 0x0, 0x14, 0xff, 0x34, 0x38, 0xff, 0x14,
    0x0, 0x0, 0x0, 0x14, 0xff, 0x34, 0x30, 0xff,
    0x20, 0x0, 0x0, 0x0, 0x21, 0xff, 0x24, 0xb,
    0xf7, 0x63, 0x0, 0x0, 0x0, 0x65, 0xf5, 0x3,
    0x0, 0x84, 0xf1, 0x72, 0x42, 0x73, 0xf2, 0x7c,
    0x0, 0x0, 0x1, 0x74, 0xde, 0xfb, 0xe0, 0x7a,
    0x2, 0x0,

    /* U+0056 "V" */
    0xa7, 0xc2, 0x0, 0x0, 0x0, 0x0, 0x3, 0xe9,
    0x80, 0x4d, 0xfe, 0x1b, 0x0, 0x0, 0x0, 0x48,
    0xff, 0x24, 0x5, 0xec, 0x70, 0x0, 0x0, 0x0,
    0xa2, 0xc6, 0x0, 0x0, 0x98, 0xc7, 0x0, 0x0,
    0x9, 0xf2, 0x69, 0x0, 0x0, 0x3e, 0xff, 0x1f,
    0x0, 0x57, 0xf9, 0x12, 0x0, 0x0, 0x1, 0xe1,
    0x75, 0x0, 0xb1, 0xae, 0x0, 0x0, 0x0, 0x0,
    0x89, 0xcb, 0x11, 0xf9, 0x51, 0x0, 0x0, 0x0,
    0x0, 0x2e, 0xff, 0x88, 0xee, 0x6, 0x0, 0x0,
    0x0, 0x0, 0x0, 0xd4, 0xfd, 0x97, 0x0, 0x0,
    0x0, 0x0, 0x0, 0x0, 0x79, 0xff, 0x3a, 0x0,
    0x0, 0x0,

    /* U+0057 "W" */
    0xa5, 0xb2, 0x0, 0x0, 0x0, 0x0, 0x0, 0x0,
    0x0, 0x0, 0x0, 0xc9, 0x8d, 0x5d, 0xf2, 0x4,
    0x0, 0x0, 0x22, 0xa8, 0x24, 0x0, 0x0, 0xd,
    0xfc, 0x49, 0x16, 0xfe, 0x3c, 0x0, 0x0, 0x7b,
    0xff, 0x7e, 0x0, 0x0, 0x4b, 0xf9, 0xb, 0x0,
    0xce, 0x81, 0x0, 0x0, 0xd0, 0xdb, 0xd3, 0x0,
    0x0, 0x8c, 0xc0, 0x0, 0x0, 0x86, 0xc7, 0x0,
    0x25, 0xff, 0x3e, 0xfe, 0x28, 0x0, 0xcd, 0x7b,
    0x0, 0x0, 0x3f, 0xfc, 0xf, 0x7b, 0xcc, 0x0,
    0xc9, 0x7e, 0x10, 0xfd, 0x37, 0x0, 0x0, 0x5,
    0xf1, 0x51, 0xd0, 0x78, 0x0, 0x75, 0xd3, 0x50,
    0xef, 0x3, 0x0, 0x0, 0x0, 0xaf, 0xbc, 0xff,
    0x25, 0x0, 0x22, 0xff, 0xba, 0xae, 0x0, 0x0,
    0x0, 0x0, 0x68, 0xff, 0xd1, 0x0, 0x0, 0x0,
    0xce, 0xff, 0x6a, 0x0, 0x0, 0x0, 0x0, 0x20,
    0xff, 0x7d, 0x0, 0x0, 0x0, 0x7a, 0xff, 0x26,
    0x0, 0x0,

    /* U+0058 "X" */
    0x42, 0xfe, 0x45, 0x0, 0x0, 0x0, 0x6e, 0xf5,
    0x22, 0x0, 0x99, 0xde, 0xa, 0x0, 0x1d, 0xf3,
    0x70, 0x0, 0x0, 0xe, 0xe3, 0x8b, 0x0, 0xb3,
    0xc6, 0x2, 0x0, 0x0, 0x0, 0x4a, 0xfb, 0x87,
    0xf8, 0x29, 0x0, 0x0, 0x0, 0x0, 0x0, 0xa8,
    0xff, 0x7f, 0x0, 0x0, 0x0, 0x0, 0x0, 0x6,
    0xd5, 0xfd, 0xb3, 0x0, 0x0, 0x0, 0x0, 0x0,
    0x82, 0xeb, 0x44, 0xfa, 0x59, 0x0, 0x0, 0x0,
    0x2e, 0xfa, 0x5b, 0x0, 0x84, 0xeb, 0x14, 0x0,
    0x3, 0xcb, 0xb5, 0x0, 0x0, 0x7, 0xd6, 0xa6,
    0x0, 0x75, 0xf2, 0x1d, 0x0, 0x0, 0x0, 0x39,
    0xfd, 0x4c,

    /* U+0059 "Y" */
    0x84, 0xeb, 0x12, 0x0, 0x0, 0x0, 0xa9, 0xd0,
    0x4, 0x7, 0xd9, 0x99, 0x0, 0x0, 0x41, 0xfd,
    0x38, 0x0, 0x0, 0x41, 0xfd, 0x36, 0x4, 0xd5,
    0x96, 0x0, 0x0, 0x0, 0x0, 0x9e, 0xcd, 0x75,
    0xe8, 0x10, 0x0, 0x0, 0x0, 0x0, 0x12, 0xea,
    0xfe, 0x59, 0x0, 0x0, 0x0, 0x0, 0x0, 0x0,
    0x7d, 0xdd, 0x0, 0x0, 0x0, 0x0, 0x0, 0x0,
    0x0, 0x74, 0xd4, 0x0, 0x0, 0x0, 0x0, 0x0,
    0x0, 0x0, 0x74, 0xd4, 0x0, 0x0, 0x0, 0x0,
    0x0, 0x0, 0x0, 0x74, 0xd4, 0x0, 0x0, 0x0,
    0x0, 0x0, 0x0, 0x0, 0x74, 0xd4, 0x0, 0x0,
    0x0, 0x0,

    /* U+005A "Z" */
    0x54, 0xff, 0xff, 0xff, 0xff, 0xff, 0xff, 0x48,
    0x12, 0x38, 0x38, 0x38, 0x38, 0x9b, 0xf8, 0x25,
    0x0, 0x0, 0x0, 0x0, 0x2b, 0xf7, 0x71, 0x0,
    0x0, 0x0, 0x0, 0x7, 0xd1, 0xb9, 0x1, 0x0,
    0x0, 0x0, 0x0, 0x91, 0xea, 0x18, 0x0, 0x0,
    0x0, 0x0, 0x49, 0xfe, 0x4d, 0x0, 0x0, 0x0,
    0x0, 0x16, 0xe8, 0x94, 0x0, 0x0, 0x0, 0x0,
    0x0, 0xb4, 0xd5, 0x9, 0x0, 0x0, 0x0, 0x0,
    0x63, 0xff, 0x66, 0x38, 0x38, 0x38, 0x38, 0x13,
    0x8c, 0xff, 0xff, 0xff, 0xff, 0xff, 0xff, 0x58,

    /* U+005B "[" */
    0xec, 0xf0, 0xce, 0xfc, 0x4a, 0x1b, 0xfc, 0x30,
    0x0, 0xfc, 0x30, 0x0, 0xfc, 0x30, 0x0, 0xfc,
    0x30, 0x0, 0xfc, 0x30, 0x0, 0xfc, 0x30, 0x0,
    0xfc, 0x30, 0x0, 0xfc, 0x30, 0x0, 0xfc, 0x30,
    0x0, 0xfc, 0x30, 0x0, 0xfc, 0xf3, 0xce, 0x1b,
    0x1c, 0x18,

    /* U+005C "\\" */
    0x6b, 0xc8, 0x0, 0x0, 0x0, 0x0, 0xd, 0xf3,
    0x33, 0x0, 0x0, 0x0, 0x0, 0x96, 0x9d, 0x0,
    0x0, 0x0, 0x0, 0x2c, 0xf6, 0x11, 0x0, 0x0,
    0x0, 0x0, 0xc2, 0x72, 0x0, 0x0, 0x0, 0x0,
    0x57, 0xdb, 0x1, 0x0, 0x0, 0x0, 0x5, 0xe7,
    0x47, 0x0, 0x0, 0x0, 0x0, 0x82, 0xb1, 0x0,
    0x0, 0x0, 0x0, 0x1b, 0xf9, 0x1f, 0x0, 0x0,
    0x0, 0x0, 0xad, 0x86,

    /* U+005D "]" */
    0x83, 0xf0, 0xf0, 0x47, 0x11, 0x20, 0xe4, 0x4c,
    0x0, 0x0, 0xe0, 0x4c, 0x0, 0x0, 0xe0, 0x4c,
    0x0, 0x0, 0xe0, 0x4c, 0x0, 0x0, 0xe0, 0x4c,
    0x0, 0x0, 0xe0, 0x4c, 0x0, 0x0, 0xe0, 0x4c,
    0x0, 0x0, 0xe0, 0x4c, 0x0, 0x0, 0xe0, 0x4c,
    0x0, 0x0, 0xe0, 0x4c, 0x0, 0x0, 0xe0, 0x4c,
    0x83, 0xf0, 0xfe, 0x4c, 0xf, 0x1c, 0x1c, 0x8,

    /* U+005E "^" */
    0x0, 0x0, 0x8c, 0xf7, 0x27, 0x0, 0x0, 0x0,
    0x36, 0xef, 0x93, 0xc3, 0x1, 0x0, 0x6, 0xd3,
    0x70, 0x6, 0xd6, 0x6c, 0x0, 0x81, 0xcf, 0x3,
    0x0, 0x40, 0xf3, 0x20,

    /* U+005F "_" */
    0xf0, 0xf0, 0xf0, 0xf0, 0xf0, 0xf0, 0xac, 0x1c,
    0x1c, 0x1c, 0x1c, 0x1c, 0x1c, 0x14,

    /* U+0060 "`" */
    0x55, 0xb0, 0x1, 0xa, 0xe3, 0x43,

    /* U+0061 "a" */
    0x3, 0x82, 0xe3, 0xf7, 0xcf, 0x4c, 0x0, 0x19,
    0x92, 0x52, 0x29, 0x67, 0xf3, 0x27, 0x0, 0x66,
    0xcc, 0xe4, 0xc1, 0xe7, 0x68, 0x54, 0xfc, 0x6a,
    0x25, 0x49, 0xe9, 0x78, 0x8f, 0xc5, 0x0, 0x0,
    0xe, 0xf0, 0x78, 0x5a, 0xf6, 0x52, 0x34, 0xbb,
    0xfb, 0x78, 0x0, 0x80, 0xe8, 0xef, 0x81, 0xc4,
    0x78,

    /* U+0062 "b" */
    0x38, 0xff, 0x14, 0x0, 0x0, 0x0, 0x0, 0x0,
    0x38, 0xff, 0x14, 0x0, 0x0, 0x0, 0x0, 0x0,
    0x38, 0xff, 0x14, 0x0, 0x0, 0x0, 0x0, 0x0,
    0x38, 0xff, 0x5b, 0xd7, 0xf8, 0xc7, 0x33, 0x0,
    0x38, 0xff, 0xd9, 0x51, 0x38, 0xa6, 0xed, 0x16,
    0x38, 0xff, 0x40, 0x0, 0x0, 0x3, 0xd8, 0x7c,
    0x38, 0xff, 0xe, 0x0, 0x0, 0x0, 0xa7, 0xa0,
    0x38, 0xff, 0x3f, 0x0, 0x0, 0x3, 0xd7, 0x7c,
    0x38, 0xff, 0xd9, 0x51, 0x38, 0xa8, 0xed, 0x16,
    0x38, 0xff, 0x4f, 0xd7, 0xf9, 0xc8, 0x34, 0x0,

    /* U+0063 "c" */
    0x0, 0x21, 0xae, 0xec, 0xec, 0x98, 0xb, 0xf,
    0xe4, 0xb4, 0x3a, 0x48, 0xd8, 0xab, 0x6d, 0xe6,
    0x8, 0x0, 0x0, 0x1f, 0x18, 0x90, 0xba, 0x0,
    0x0, 0x0, 0x0, 0x0, 0x6c, 0xe6, 0x8, 0x0,
    0x0, 0x1a, 0x1c, 0xe, 0xe3, 0xb3, 0x3a, 0x45,
    0xd0, 0xb5, 0x0, 0x21, 0xaf, 0xed, 0xed, 0x9c,
    0xe,

    /* U+0064 "d" */
    0x0, 0x0, 0x0, 0x0, 0x0, 0x4, 0xff, 0x48,
    0x0, 0x0, 0x0, 0x0, 0x0, 0x4, 0xff, 0x48,
    0x0, 0x0, 0x0, 0x0, 0x0, 0x4, 0xff, 0x48,
    0x0, 0x2c, 0xc0, 0xf8, 0xdb, 0x58, 0xfd, 0x48,
    0xf, 0xe6, 0xb1, 0x3a, 0x4c, 0xd5, 0xfe, 0x48,
    0x6d, 0xe5, 0x8, 0x0, 0x0, 0x32, 0xff, 0x48,
    0x91, 0xba, 0x0, 0x0, 0x0, 0x2, 0xfc, 0x48,
    0x6d, 0xe5, 0x8, 0x0, 0x0, 0x30, 0xff, 0x48,
    0xf, 0xe6, 0xb3, 0x3b, 0x4b, 0xd5, 0xfe, 0x48,
    0x0, 0x2d, 0xc1, 0xf9, 0xdc, 0x56, 0xf4, 0x48,

    /* U+0065 "e" */
    0x0, 0x26, 0xb7, 0xf0, 0xe8, 0x84, 0x2, 0x0,
    0x11, 0xe8, 0xb8, 0x38, 0x56, 0xea, 0x72, 0x0,
    0x6e, 0xf5, 0xe, 0x0, 0x0, 0x6a, 0xe4, 0x0,
    0x91, 0xfc, 0xec, 0xec, 0xec, 0xf1, 0xff, 0xc,
    0x6e, 0xd8, 0x1c, 0x1c, 0x1c, 0x20, 0x1c, 0x2,
    0x10, 0xe6, 0x9b, 0x37, 0x47, 0xc5, 0xad, 0x0,
    0x0, 0x23, 0xb3, 0xef, 0xed, 0xa1, 0x15, 0x0,

    /* U+0066 "f" */
    0x0, 0x0, 0x87, 0xee, 0xd9, 0x3, 0x0, 0x3f,
    0xfe, 0x5e, 0x39, 0x0, 0x0, 0x5f, 0xe9, 0x0,
    0x0, 0x0, 0xa8, 0xff, 0xff, 0xff, 0xb4, 0x0,
    0x1a, 0x79, 0xeb, 0x28, 0x1c, 0x0, 0x0, 0x60,
    0xe8, 0x0, 0x0, 0x0, 0x0, 0x60, 0xe8, 0x0,
    0x0, 0x0, 0x0, 0x60, 0xe8, 0x0, 0x0, 0x0,
    0x0, 0x60, 0xe8, 0x0, 0x0, 0x0, 0x0, 0x60,
    0xe8, 0x0, 0x0, 0x0,

    /* U+0067 "g" */
    0x0, 0x2c, 0xc0, 0xf8, 0xd9, 0x53, 0xf4, 0x48,
    0xf, 0xe6, 0xb1, 0x3a, 0x4c, 0xd5, 0xfe, 0x48,
    0x6e, 0xe5, 0x8, 0x0, 0x0, 0x32, 0xff, 0x48,
    0x91, 0xba, 0x0, 0x0, 0x0, 0x2, 0xfc, 0x48,
    0x6d, 0xe5, 0x8, 0x0, 0x0, 0x30, 0xff, 0x48,
    0x10, 0xe7, 0xb3, 0x3b, 0x4b, 0xd5, 0xfe, 0x48,
    0x0, 0x27, 0xba, 0xf3, 0xda, 0x54, 0xf8, 0x42,
    0x4, 0x4f, 0x5, 0x0, 0x0, 0x2c, 0xff, 0x1d,
    0x1a, 0xf3, 0xaa, 0x3a, 0x4c, 0xd3, 0xb1, 0x0,
    0x0, 0x32, 0xbd, 0xf4, 0xe3, 0x94, 0xe, 0x0,

    /* U+0068 "h" */
    0x38, 0xff, 0x14, 0x0, 0x0, 0x0, 0x0, 0x38,
    0xff, 0x14, 0x0, 0x0, 0x0, 0x0, 0x38, 0xff,
    0x14, 0x0, 0x0, 0x0, 0x0, 0x38, 0xff, 0x5e,
    0xdb, 0xf2, 0xb0, 0x14, 0x38, 0xff, 0xd4, 0x44,
    0x47, 0xe2, 0x99, 0x38, 0xff, 0x42, 0x0, 0x0,
    0x7e, 0xd1, 0x38, 0xff, 0x15, 0x0, 0x0, 0x6c,
    0xdc, 0x38, 0xff, 0x14, 0x0, 0x0, 0x6c, 0xdc,
    0x38, 0xff, 0x14, 0x0, 0x0, 0x6c, 0xdc, 0x38,
    0xff, 0x14, 0x0, 0x0, 0x6c, 0xdc,

    /* U+0069 "i" */
    0x37, 0xf0, 0x48, 0x26, 0xc1, 0x33, 0x0, 0x0,
    0x0, 0x1c, 0xff, 0x30, 0x1c, 0xff, 0x30, 0x1c,
    0xff, 0x30, 0x1c, 0xff, 0x30, 0x1c, 0xff, 0x30,
    0x1c, 0xff, 0x30, 0x1c, 0xff, 0x30,

    /* U+006A "j" */
    0x0, 0x37, 0xf0, 0x48, 0x0, 0x26, 0xc1, 0x33,
    0x0, 0x0, 0x0, 0x0, 0x0, 0x1c, 0xff, 0x30,
    0x0, 0x1c, 0xff, 0x30, 0x0, 0x1c, 0xff, 0x30,
    0x0, 0x1c, 0xff, 0x30, 0x0, 0x1c, 0xff, 0x30,
    0x0, 0x1c, 0xff, 0x30, 0x0, 0x1c, 0xff, 0x30,
    0x0, 0x1c, 0xff, 0x2e, 0x11, 0x72, 0xfd, 0x12,
    0x77, 0xf0, 0x7a, 0x0,

    /* U+006B "k" */
    0x38, 0xff, 0x14, 0x0, 0x0, 0x0, 0x0, 0x38,
    0xff, 0x14, 0x0, 0x0, 0x0, 0x0, 0x38, 0xff,
    0x14, 0x0, 0x0, 0x0, 0x0, 0x38, 0xff, 0x14,
    0x0, 0x6f, 0xf7, 0x46, 0x38, 0xff, 0x14, 0x67,
    0xf8, 0x4b, 0x0, 0x38, 0xff, 0x72, 0xfe, 0x54,
    0x0, 0x0, 0x38, 0xff, 0xfc, 0xf2, 0x7d, 0x0,
    0x0, 0x38, 0xff, 0x60, 0x5e, 0xf9, 0x2d, 0x0,
    0x38, 0xff, 0x14, 0x0, 0xb6, 0xcc, 0x4, 0x38,
    0xff, 0x14, 0x0, 0x1d, 0xf2, 0x7b,

    /* U+006C "l" */
    0x38, 0xff, 0x14, 0x38, 0xff, 0x14, 0x38, 0xff,
    0x14, 0x38, 0xff, 0x14, 0x38, 0xff, 0x14, 0x38,
    0xff, 0x14, 0x38, 0xff, 0x14, 0x38, 0xff, 0x14,
    0x38, 0xff, 0x14, 0x38, 0xff, 0x14,

    /* U+006D "m" */
    0x38, 0xff, 0x54, 0xdc, 0xf4, 0x9d, 0x1c, 0xb3,
    0xf6, 0xd9, 0x47, 0x0, 0x38, 0xff, 0xcd, 0x3e,
    0x51, 0xf6, 0xef, 0x84, 0x33, 0x9d, 0xec, 0x7,
    0x38, 0xff, 0x3d, 0x0, 0x0, 0xb5, 0xcd, 0x0,
    0x0, 0x25, 0xff, 0x29, 0x38, 0xff, 0x15, 0x0,
    0x0, 0xa8, 0xa5, 0x0, 0x0, 0x18, 0xff, 0x34,
    0x38, 0xff, 0x14, 0x0, 0x0, 0xa8, 0xa4, 0x0,
    0x0, 0x18, 0xff, 0x34, 0x38, 0xff, 0x14, 0x0,
    0x0, 0xa8, 0xa4, 0x0, 0x0, 0x18, 0xff, 0x34,
    0x38, 0xff, 0x14, 0x0, 0x0, 0xa8, 0xa4, 0x0,
    0x0, 0x18, 0xff, 0x34,

    /* U+006E "n" */
    0x38, 0xff, 0x54, 0xdb, 0xf2, 0xb0, 0x14, 0x38,
    0xff, 0xcf, 0x40, 0x48, 0xe1, 0x99, 0x38, 0xff,
    0x3d, 0x0, 0x0, 0x7b, 0xd1, 0x38, 0xff, 0x15,
    0x0, 0x0, 0x6c, 0xdc, 0x38, 0xff, 0x14, 0x0,
    0x0, 0x6c, 0xdc, 0x38, 0xff, 0x14, 0x0, 0x0,
    0x6c, 0xdc, 0x38, 0xff, 0x14, 0x0, 0x0, 0x6c,
    0xdc,

    /* U+006F "o" */
    0x0, 0x21, 0xae, 0xec, 0xe5, 0x9b, 0x11, 0x0,
    0xf, 0xe4, 0xb5, 0x3c, 0x46, 0xcd, 0xcf, 0x4,
    0x6d, 0xe5, 0x8, 0x0, 0x0, 0x1a, 0xfc, 0x4d,
    0x90, 0xba, 0x0, 0x0, 0x0, 0x0, 0xe3, 0x6e,
    0x6d, 0xe5, 0x8, 0x0, 0x0, 0x1a, 0xfc, 0x4d,
    0xf, 0xe4, 0xb5, 0x3c, 0x46, 0xcc, 0xd0, 0x4,
    0x0, 0x21, 0xaf, 0xec, 0xe6, 0x9c, 0x11, 0x0,

    /* U+0070 "p" */
    0x44, 0xf4, 0x56, 0xdb, 0xf8, 0xc2, 0x2d, 0x0,
    0x44, 0xfe, 0xd5, 0x4c, 0x3a, 0xaf, 0xe6, 0xf,
    0x44, 0xff, 0x31, 0x0, 0x0, 0x6, 0xe3, 0x6d,
    0x44, 0xfc, 0x1, 0x0, 0x0, 0x0, 0xb7, 0x90,
    0x44, 0xff, 0x30, 0x0, 0x0, 0x7, 0xe3, 0x6d,
    0x44, 0xfe, 0xd5, 0x4c, 0x3b, 0xb1, 0xe6, 0xf,
    0x44, 0xfd, 0x57, 0xdc, 0xf9, 0xc3, 0x2d, 0x0,
    0x44, 0xff, 0x4, 0x0, 0x0, 0x0, 0x0, 0x0,
    0x44, 0xff, 0x4, 0x0, 0x0, 0x0, 0x0, 0x0,
    0x44, 0xff, 0x4, 0x0, 0x0, 0x0, 0x0, 0x0,

    /* U+0071 "q" */
    0x0, 0x2c, 0xc0, 0xf8, 0xdb, 0x57, 0xf4, 0x48,
    0xf, 0xe6, 0xb1, 0x3a, 0x4c, 0xd5, 0xfe, 0x48,
    0x6d, 0xe5, 0x8, 0x0, 0x0, 0x32, 0xff, 0x48,
    0x91, 0xba, 0x0, 0x0, 0x0, 0x2, 0xfc, 0x48,
    0x6d, 0xe5, 0x8, 0x0, 0x0, 0x30, 0xff, 0x48,
    0xf, 0xe6, 0xb3, 0x3b, 0x4b, 0xd5, 0xfe, 0x48,
    0x0, 0x2d, 0xc1, 0xf9, 0xdc, 0x57, 0xfd, 0x48,
    0x0, 0x0, 0x0, 0x0, 0x0, 0x4, 0xff, 0x48,
    0x0, 0x0, 0x0, 0x0, 0x0, 0x4, 0xff, 0x48,
    0x0, 0x0, 0x0, 0x0, 0x0, 0x4, 0xff, 0x48,

    /* U+0072 "r" */
    0x0, 0x0, 0x0, 0x0, 0x3, 0x0, 0x38, 0xff,
    0x63, 0xe3, 0xdc, 0x0, 0x38, 0xff, 0xcb, 0x35,
    0x19, 0x0, 0x38, 0xff, 0x37, 0x0, 0x0, 0x0,
    0x38, 0xff, 0x14, 0x0, 0x0, 0x0, 0x38, 0xff,
    0x14, 0x0, 0x0, 0x0, 0x38, 0xff, 0x14, 0x0,
    0x0, 0x0, 0x38, 0xff, 0x14, 0x0, 0x0, 0x0,

    /* U+0073 "s" */
    0x2, 0x88, 0xe7, 0xf5, 0xbb, 0x26, 0x0, 0x59,
    0xf5, 0x52, 0x36, 0xb1, 0x93, 0x0, 0x51, 0xf8,
    0x68, 0x1b, 0x0, 0x0, 0x0, 0x0, 0x65, 0xca,
    0xfc, 0xce, 0x3f, 0x0, 0x8, 0x2d, 0x0, 0x10,
    0x9a, 0xea, 0x0, 0x69, 0xf7, 0x58, 0x31, 0xa1,
    0xe1, 0x0, 0x0, 0x75, 0xe2, 0xf6, 0xc4, 0x33,
    0x0,

    /* U+0074 "t" */
    0x0, 0x74, 0xd4, 0x0, 0x0, 0x0, 0x74, 0xd4,
    0x0, 0x0, 0xa8, 0xff, 0xff, 0xff, 0x84, 0x1a,
    0x89, 0xda, 0x28, 0x14, 0x0, 0x74, 0xd4, 0x0,
    0x0, 0x0, 0x74, 0xd4, 0x0, 0x0, 0x0, 0x74,
    0xd6, 0x0, 0x0, 0x0, 0x5f, 0xf7, 0x4c, 0x16,
    0x0, 0x9, 0xb6, 0xf6, 0x77,

    /* U+0075 "u" */
    0x44, 0xff, 0x4, 0x0, 0x0, 0x7c, 0xcc, 0x44,
    0xff, 0x4, 0x0, 0x0, 0x7c, 0xcc, 0x44, 0xff,
    0x4, 0x0, 0x0, 0x7c, 0xcc, 0x44, 0xff, 0x4,
    0x0, 0x0, 0x7d, 0xcc, 0x3a, 0xff, 0x12, 0x0,
    0x0, 0xa5, 0xcc, 0x10, 0xf4, 0x9f, 0x33, 0x6b,
    0xf7, 0xcc, 0x0, 0x50, 0xda, 0xf6, 0xb1, 0x82,
    0xcc,

    /* U+0076 "v" */
    0xbe, 0xa3, 0x0, 0x0, 0x0, 0xa5, 0xb8, 0x58,
    0xf5, 0xd, 0x0, 0xe, 0xf6, 0x51, 0x7, 0xec,
    0x61, 0x0, 0x66, 0xe6, 0x4, 0x0, 0x8e, 0xc0,
    0x0, 0xc6, 0x83, 0x0, 0x0, 0x29, 0xfe, 0x48,
    0xfd, 0x1f, 0x0, 0x0, 0x0, 0xc4, 0xeb, 0xb5,
    0x0, 0x0, 0x0, 0x0, 0x5f, 0xff, 0x4f, 0x0,
    0x0,

    /* U+0077 "w" */
    0xc8, 0x8c, 0x0, 0x0, 0x86, 0xff, 0x20, 0x0,
    0x4, 0xf0, 0x56, 0x77, 0xd5, 0x0, 0x0, 0xd7,
    0xf4, 0x72, 0x0, 0x3e, 0xf8, 0xd, 0x26, 0xff,
    0x1f, 0x2b, 0xf4, 0x7e, 0xc4, 0x0, 0x88, 0xb4,
    0x0, 0x0, 0xd6, 0x68, 0x7d, 0xab, 0x24, 0xfd,
    0x18, 0xd1, 0x63, 0x0, 0x0, 0x86, 0xb2, 0xd0,
    0x5a, 0x0, 0xd3, 0x83, 0xfc, 0x15, 0x0, 0x0,
    0x35, 0xf8, 0xf9, 0xf, 0x0, 0x82, 0xf8, 0xc1,
    0x0, 0x0, 0x0, 0x1, 0xe3, 0xb8, 0x0, 0x0,
    0x31, 0xff, 0x70, 0x0, 0x0,

    /* U+0078 "x" */
    0x7d, 0xe5, 0x11, 0x0, 0x68, 0xf3, 0x23, 0x3,
    0xc8, 0xa5, 0x1c, 0xf1, 0x64, 0x0, 0x0, 0x26,
    0xf6, 0xda, 0xb2, 0x0, 0x0, 0x0, 0x0, 0xa4,
    0xff, 0x38, 0x0, 0x0, 0x0, 0x34, 0xfa, 0xc9,
    0xc4, 0x2, 0x0, 0x8, 0xd6, 0x99, 0x15, 0xeb,
    0x77, 0x0, 0x8d, 0xe4, 0xe, 0x0, 0x58, 0xf9,
    0x2e,

    /* U+0079 "y" */
    0xb9, 0xa8, 0x0, 0x0, 0x0, 0xaf, 0xb4, 0x49,
    0xfa, 0x17, 0x0, 0x19, 0xfb, 0x46, 0x1, 0xd8,
    0x7a, 0x0, 0x7b, 0xd7, 0x1, 0x0, 0x6a, 0xe0,
    0x4, 0xde, 0x6a, 0x0, 0x0, 0xb, 0xef, 0x93,
    0xf0, 0xc, 0x0, 0x0, 0x0, 0x8c, 0xff, 0x8e,
    0x0, 0x0, 0x0, 0x0, 0x38, 0xfd, 0x22, 0x0,
    0x0, 0x0, 0x0, 0x92, 0xb2, 0x0, 0x0, 0x0,
    0x0, 0x12, 0xf4, 0x44, 0x0, 0x0, 0x0, 0x0,
    0x7d, 0xd6, 0x0, 0x0, 0x0, 0x0,

    /* U+007A "z" */
    0x70, 0xff, 0xff, 0xff, 0xff, 0xf0, 0x11, 0x28,
    0x28, 0x39, 0xeb, 0x99, 0x0, 0x0, 0x3, 0xba,
    0xc1, 0x5, 0x0, 0x0, 0x92, 0xe0, 0x15, 0x0,
    0x0, 0x64, 0xf4, 0x2e, 0x0, 0x0, 0x3b, 0xf9,
    0x79, 0x28, 0x28, 0x27, 0x8c, 0xff, 0xff, 0xff,
    0xff, 0xfc,

    /* U+007B "{" */
    0x0, 0x7, 0x9b, 0xe5, 0x0, 0x6d, 0xda, 0x31,
    0x0, 0x9c, 0x90, 0x0, 0x0, 0xa0, 0x8c, 0x0,
    0x0, 0xa1, 0x8b, 0x0, 0x5, 0xcd, 0x69, 0x0,
    0xa5, 0xd5, 0x8, 0x0, 0x22, 0xdd, 0x5a, 0x0,
    0x0, 0xa2, 0x8a, 0x0, 0x0, 0xa0, 0x8c, 0x0,
    0x0, 0x9e, 0x8e, 0x0, 0x0, 0x7d, 0xc7, 0x7,
    0x0, 0x13, 0xc9, 0xf9, 0x0, 0x0, 0x0, 0x11,

    /* U+007C "|" */
    0x7e, 0x18, 0xfc, 0x30, 0xfc, 0x30, 0xfc, 0x30,
    0xfc, 0x30, 0xfc, 0x30, 0xfc, 0x30, 0xfc, 0x30,
    0xfc, 0x30, 0xfc, 0x30, 0xfc, 0x30, 0xfc, 0x30,
    0xfc, 0x30,

    /* U+007D "}" */
    0x81, 0xca, 0x38, 0x0, 0x0, 0x14, 0x83, 0xe0,
    0x0, 0x0, 0x0, 0x1d, 0xff, 0x10, 0x0, 0x0,
    0x18, 0xff, 0x14, 0x0, 0x0, 0x17, 0xff, 0x14,
    0x0, 0x0, 0x3, 0xf2, 0x46, 0x0, 0x0, 0x0,
    0x6a, 0xfe, 0x1a, 0x0, 0x1, 0xe6, 0x6f, 0x3,
    0x0, 0x16, 0xff, 0x16, 0x0, 0x0, 0x18, 0xff,
    0x14, 0x0, 0x0, 0x1a, 0xff, 0x12, 0x0, 0x0,
    0x5b, 0xef, 0x1, 0x0, 0x85, 0xf3, 0x59, 0x0,
    0x0, 0xe, 0x3, 0x0, 0x0, 0x0,

    /* U+007E "~" */
    0xe, 0xbf, 0xe4, 0x92, 0x31, 0x37, 0xdd, 0x6e,
    0xba, 0x41, 0x9d, 0xf3, 0xff, 0x71, 0x17, 0x15,
    0x0, 0x0, 0x8, 0x1a, 0x0,

    /* U+00A0 " " */

    /* U+00A1 "¡" */
    0x2c, 0xef, 0x63, 0x22, 0xcf, 0x50, 0x0, 0x0,
    0x0, 0x0, 0xbd, 0x1d, 0x0, 0xed, 0x2c, 0x0,
    0xf7, 0x36, 0x1, 0xff, 0x40, 0x4, 0xff, 0x44,
    0x4, 0xff, 0x44, 0x4, 0xff, 0x44,

    /* U+00A2 "¢" */
    0x0, 0x0, 0x0, 0x4c, 0x32, 0x0, 0x0, 0x0,
    0x0, 0xa, 0xb8, 0x8c, 0x9, 0x0, 0x0, 0x59,
    0xf3, 0xfb, 0xfd, 0xe7, 0x34, 0x28, 0xfb, 0x6a,
    0xa4, 0x75, 0xae, 0xa4, 0x7e, 0xd5, 0x0, 0xa4,
    0x6c, 0x3, 0x0, 0x8f, 0xbb, 0x0, 0xa4, 0x6c,
    0x0, 0x0, 0x5e, 0xf1, 0x11, 0xa4, 0x6c, 0x34,
    0x45, 0x4, 0xcd, 0xcd, 0xca, 0xb5, 0xe7, 0x9d,
    0x0, 0xd, 0x87, 0xe9, 0xdc, 0x7c, 0x5, 0x0,
    0x0, 0x0, 0xa4, 0x6c, 0x0, 0x0,

    /* U+00A3 "£" */
    0x0, 0x58, 0xd8, 0xf5, 0xbd, 0x26, 0x0, 0x0,
    0x38, 0xfc, 0x79, 0x42, 0xb5, 0xdb, 0x3, 0x0,
    0x7e, 0xca, 0x0, 0x0, 0x12, 0x2e, 0x0, 0x0,
    0x5c, 0xea, 0x7, 0x0, 0x0, 0x0, 0x0, 0x0,
    0x7, 0xe0, 0x76, 0x0, 0x0, 0x0, 0x0, 0x0,
    0x83, 0xf9, 0xfc, 0xf0, 0xa5, 0x0, 0x0, 0x0,
    0x11, 0x4e, 0xfe, 0x25, 0x16, 0x0, 0x0, 0x0,
    0x0, 0x62, 0xda, 0x0, 0x0, 0x3, 0x6, 0x0,
    0x29, 0xe4, 0x93, 0x38, 0x39, 0x94, 0xcd, 0x0,
    0x8c, 0xff, 0xff, 0xff, 0xff, 0xdf, 0x47, 0x0,

    /* U+00A4 "¤" */
    0x0, 0x7, 0x0, 0x0, 0x0, 0x0, 0x7, 0x0,
    0x6, 0xd9, 0x8e, 0xd6, 0xe6, 0x9f, 0xd2, 0x45,
    0x0, 0x7c, 0xee, 0x55, 0x36, 0xbe, 0xdc, 0x0,
    0x0, 0xc1, 0x79, 0x0, 0x0, 0x1b, 0xff, 0x1d,
    0x0, 0xc7, 0x6c, 0x0, 0x0, 0xd, 0xfe, 0x25,
    0x0, 0x7c, 0xdc, 0x27, 0xa, 0x9b, 0xdd, 0x1,
    0x6, 0xdc, 0xba, 0xfb, 0xfe, 0xcb, 0xe8, 0x45,
    0x0, 0x1c, 0x0, 0xa, 0x16, 0x0, 0x1c, 0x2,

    /* U+00A5 "¥" */
    0x53, 0x67, 0x0, 0x0, 0x0, 0x0, 0x64, 0x55,
    0x28, 0xf6, 0x4c, 0x0, 0x0, 0x46, 0xf7, 0x2c,
    0x0, 0x6a, 0xe5, 0x10, 0xb, 0xdf, 0x71, 0x0,
    0x0, 0x0, 0xb4, 0x9e, 0x91, 0xbd, 0x1, 0x0,
    0x0, 0xec, 0xf2, 0xff, 0xfe, 0xf3, 0xec, 0x3,
    0x0, 0x1c, 0x1c, 0xa6, 0xb5, 0x1c, 0x1c, 0x0,
    0x0, 0x0, 0x0, 0x9c, 0xac, 0x0, 0x0, 0x0,
    0x0, 0xec, 0xec, 0xf8, 0xf9, 0xec, 0xec, 0x3,
    0x0, 0x1c, 0x1c, 0xa6, 0xb5, 0x1c, 0x1c, 0x0,
    0x0, 0x0, 0x0, 0x9c, 0xac, 0x0, 0x0, 0x0,

    /* U+00A6 "¦" */
    0xfc, 0x30, 0xfc, 0x30, 0xfc, 0x30, 0xfc, 0x30,
    0xfc, 0x30, 0x42, 0xc, 0xb1, 0x21, 0xfc, 0x30,
    0xfc, 0x30, 0xfc, 0x30, 0xfc, 0x30, 0xfc, 0x30,

    /* U+00A7 "§" */
    0x0, 0x25, 0xb8, 0xf3, 0xde, 0x65, 0x0, 0x0,
    0xdb, 0xbc, 0x45, 0x71, 0xfa, 0x5a, 0x15, 0xff,
    0x48, 0x0, 0x0, 0x3e, 0x11, 0x0, 0xc0, 0xe3,
    0x64, 0xd, 0x0, 0x0, 0x0, 0x42, 0xfe, 0xee,
    0xf4, 0x8d, 0x8, 0x8, 0xef, 0x7c, 0x1, 0x47,
    0xe5, 0x99, 0xe, 0xfe, 0x5e, 0x0, 0x0, 0x74,
    0xe2, 0x0, 0x8d, 0xfc, 0xa9, 0x4b, 0xb4, 0xb9,
    0x0, 0x0, 0x41, 0xa5, 0xf4, 0xff, 0x3a, 0x0,
    0x3, 0x0, 0x0, 0x14, 0xc5, 0xb5, 0x3a, 0xe5,
    0x11, 0x0, 0x0, 0x73, 0xe1, 0x9, 0xdb, 0xc4,
    0x48, 0x5c, 0xe5, 0x9a, 0x0, 0x1f, 0xb0, 0xf1,
    0xe6, 0x8f, 0x9,

    /* U+00A8 "¨" */
    0x2, 0x77, 0x19, 0x4d, 0x47, 0xf, 0xe2, 0x41,
    0xa0, 0x95,

    /* U+00A9 "©" */
    0x0, 0x9, 0x84, 0xa8, 0xa2, 0x33, 0x0, 0x2,
    0xae, 0x39, 0x0, 0xa, 0x9f, 0x37, 0x4d, 0x69,
    0x4a, 0xa2, 0x79, 0x9, 0xa9, 0x74, 0x37, 0xb3,
    0x1, 0x4, 0x0, 0xab, 0x4e, 0x6b, 0x4b, 0x9b,
    0x82, 0xc, 0xab, 0x3, 0xb4, 0x3c, 0x0, 0xc,
    0xa6, 0x3a, 0x0, 0xb, 0x88, 0xac, 0xa6, 0x37,
    0x0,

    /* U+00AA "ª" */
    0x0, 0x6a, 0xdf, 0xf6, 0xc5, 0x31, 0x0, 0x4,
    0x81, 0x54, 0x21, 0x80, 0xe1, 0x0, 0x0, 0x77,
    0xdd, 0xed, 0xc6, 0xff, 0x1a, 0x49, 0xf7, 0x37,
    0x1, 0x3d, 0xff, 0x20, 0x58, 0xef, 0x1f, 0x8,
    0x98, 0xff, 0x20, 0x5, 0xad, 0xff, 0xf6, 0x7d,
    0xf0, 0x1e, 0x0, 0x0, 0xf, 0xc, 0x0, 0x0,
    0x0,

    /* U+00AB "«" */
    0x0, 0x0, 0xf, 0x87, 0x4, 0x28, 0x73, 0x0,
    0xa, 0xc3, 0x92, 0x1f, 0xe1, 0x60, 0x5, 0xb7,
    0x9e, 0x18, 0xd9, 0x6b, 0x0, 0x2f, 0xf4, 0x36,
    0x5a, 0xe8, 0x17, 0x0, 0x0, 0x4a, 0xe7, 0x2c,
    0x7a, 0xd2, 0x12, 0x0, 0x0, 0x59, 0xda, 0x5,
    0x8b, 0xad, 0x0, 0x0, 0x0, 0x14, 0x0, 0x0,
    0x13,

    /* U+00AC "¬" */
    0x4e, 0xf0, 0xf0, 0xf0, 0xf0, 0xf0, 0xb4, 0x9,
    0x1c, 0x1c, 0x1c, 0x1c, 0x58, 0xc0, 0x0, 0x0,
    0x0, 0x0, 0x0, 0x44, 0xc0, 0x0, 0x0, 0x0,
    0x0, 0x0, 0x44, 0xc0, 0x0, 0x0, 0x0, 0x0,
    0x0, 0x7, 0x15,

    /* U+00AD "­" */
    0x34, 0xf0, 0xf0, 0xf0, 0xf0, 0x3f, 0x6, 0x1c,
    0x1c, 0x1c, 0x1c, 0x7,

    /* U+00AE "®" */
    0x0, 0x9, 0x84, 0xa8, 0xa2, 0x33, 0x0, 0x2,
    0xae, 0x39, 0x0, 0xa, 0x9f, 0x37, 0x4d, 0x69,
    0x49, 0xa7, 0x8a, 0xa, 0xa9, 0x74, 0x37, 0x5c,
    0xc2, 0x9d, 0x0, 0xab, 0x4e, 0x6b, 0x5c, 0x59,
    0xa5, 0xc, 0xab, 0x3, 0xb4, 0x44, 0x5, 0x18,
    0xa8, 0x3a, 0x0, 0xb, 0x88, 0xac, 0xa6, 0x37,
    0x0,

    /* U+00AF "¯" */
    0x28, 0xff, 0xff, 0xff, 0xc4,

    /* U+00B0 "°" */
    0xc, 0xb1, 0xdc, 0x5e, 0x0, 0x71, 0x97, 0x15,
    0xe9, 0x8, 0x71, 0x94, 0x13, 0xea, 0x8, 0xc,
    0xb1, 0xdc, 0x5e, 0x0,

    /* U+00B1 "±" */
    0x0, 0x0, 0x0, 0x47, 0x27, 0x0, 0x0, 0x0,
    0x0, 0x0, 0xb0, 0x60, 0x0, 0x0, 0x0, 0x0,
    0x0, 0xb0, 0x60, 0x0, 0x0, 0x34, 0xf0, 0xf0,
    0xfb, 0xf6, 0xf0, 0xdd, 0x7, 0x20, 0x20, 0xba,
    0x74, 0x20, 0x1d, 0x0, 0x0, 0x0, 0xb0, 0x60,
    0x0, 0x0, 0x2, 0xc, 0xc, 0xc, 0xc, 0xc,
    0xb, 0x38, 0xff, 0xff, 0xff, 0xff, 0xff, 0xec,

    /* U+00B2 "²" */
    0x35, 0xdd, 0xe7, 0x5d, 0x44, 0x46, 0x4a, 0xc6,
    0x0, 0x12, 0xc9, 0x4f, 0x19, 0xcd, 0x54, 0x0,
    0xa0, 0xf7, 0xe4, 0xc3,

    /* U+00B3 "³" */
    0x24, 0xd8, 0xec, 0x72, 0x0, 0x1b, 0x3d, 0x3e,
    0xd7, 0x0, 0x0, 0x4a, 0xf5, 0x93, 0x0, 0x3f,
    0x40, 0x1b, 0xf9, 0x5, 0x33, 0xda, 0xeb, 0x87,
    0x0,

    /* U+00B4 "´" */
    0x3a, 0xbc, 0xe, 0xab, 0x88, 0x0,

    /* U+00B5 "µ" */
    0x44, 0xff, 0x4, 0x0, 0x0, 0x7c, 0xcc, 0x44,
    0xff, 0x4, 0x0, 0x0, 0x7c, 0xcc, 0x44, 0xff,
    0x4, 0x0, 0x0, 0x7c, 0xcc, 0x44, 0xff, 0x4,
    0x0, 0x0, 0x7d, 0xcc, 0x44, 0xff, 0x19, 0x0,
    0x0, 0xa6, 0xcc, 0x44, 0xff, 0xa6, 0x34, 0x6d,
    0xf7, 0xcc, 0x44, 0xfc, 0xcc, 0xf8, 0xbd, 0x84,
    0xcc, 0x44, 0xff, 0x2, 0x0, 0x0, 0x0, 0x0,
    0x44, 0xff, 0x4, 0x0, 0x0, 0x0, 0x0, 0x44,
    0xff, 0x4, 0x0, 0x0, 0x0, 0x0,

    /* U+00B6 "¶" */
    0x0, 0x52, 0xd2, 0xfb, 0xff, 0xff, 0xff, 0x9c,
    0x3d, 0xfd, 0xff, 0xff, 0xff, 0x6d, 0xa8, 0x9c,
    0x93, 0xff, 0xff, 0xff, 0xff, 0x44, 0x90, 0x9c,
    0x8c, 0xff, 0xff, 0xff, 0xff, 0x44, 0x90, 0x9c,
    0x2c, 0xf7, 0xff, 0xff, 0xff, 0x44, 0x90, 0x9c,
    0x0, 0x34, 0xaf, 0xd7, 0xfc, 0x44, 0x90, 0x9c,
    0x0, 0x0, 0x0, 0x0, 0xe8, 0x44, 0x90, 0x9c,
    0x0, 0x0, 0x0, 0x0, 0xe8, 0x44, 0x90, 0x9c,
    0x0, 0x0, 0x0, 0x0, 0xe8, 0x44, 0x90, 0x9c,
    0x0, 0x0, 0x0, 0x0, 0xe8, 0x44, 0x90, 0x9c,
    0x0, 0x0, 0x0, 0x0, 0xe8, 0x44, 0x90, 0x9c,
    0x0, 0x0, 0x0, 0x0, 0xe8, 0x44, 0x90, 0x9c,
    0x0, 0x0, 0x0, 0x0, 0xe8, 0x44, 0x90, 0x9c,

    /* U+00B7 "·" */
    0x6e, 0xc6, 0xd, 0x84, 0xe6, 0x13,

    /* U+00B8 "¸" */
    0x7, 0xa, 0x0, 0x8b, 0x96, 0x14, 0x5f, 0x79,
    0xa3, 0x84, 0xca, 0x4f,

    /* U+00B9 "¹" */
    0x44, 0xcf, 0x8c, 0x2e, 0x90, 0x8c, 0x0, 0x70,
    0x8c, 0x0, 0x70, 0x8c, 0x0, 0x70, 0x8c,

    /* U+00BA "º" */
    0x0, 0x34, 0xc4, 0xf3, 0xd5, 0x57, 0x0, 0x18,
    0xee, 0x8f, 0x2d, 0x6b, 0xfb, 0x41, 0x66, 0xdb,
    0x1, 0x0, 0x0, 0xa6, 0x9d, 0x6b, 0xd0, 0x0,
    0x0, 0x0, 0x99, 0xa3, 0x24, 0xf8, 0x66, 0x3,
    0x3f, 0xf4, 0x56, 0x0, 0x51, 0xe8, 0xfd, 0xf6,
    0x7d, 0x0, 0x0, 0x0, 0x0, 0x18, 0x3, 0x0,
    0x0,

    /* U+00BB "»" */
    0x5, 0x87, 0xe, 0x16, 0x82, 0x1, 0x0, 0x0,
    0x0, 0x96, 0xc0, 0x12, 0xc1, 0x95, 0x0, 0x0,
    0x0, 0x1, 0xa1, 0xb3, 0x12, 0xca, 0x84, 0x0,
    0x0, 0x0, 0x3a, 0xf3, 0x2b, 0x6c, 0xe0, 0xd,
    0x0, 0x2e, 0xe8, 0x47, 0x54, 0xe5, 0x24, 0x0,
    0x6, 0xdd, 0x55, 0x20, 0xe9, 0x2f, 0x0, 0x0,
    0x0, 0x14, 0x0, 0x0, 0x14, 0x0, 0x0, 0x0,

    /* U+00BC "¼" */
    0x0, 0x0, 0x0, 0x0, 0x0, 0x0, 0x0, 0x3,
    0x0, 0x0, 0x18, 0xa5, 0xe0, 0x0, 0x0, 0x0,
    0x0, 0x80, 0x76, 0x0, 0xd, 0x64, 0xe4, 0x0,
    0x0, 0x0, 0x30, 0xe1, 0x11, 0x0, 0x0, 0x18,
    0xe4, 0x0, 0x0, 0x5, 0xd0, 0x4c, 0x0, 0x0,
    0x0, 0x18, 0xe4, 0x0, 0x0, 0x82, 0xa1, 0x0,
    0x0, 0x0, 0x0, 0x18, 0xe4, 0x0, 0x32, 0xe0,
    0x10, 0x1, 0xd, 0x0, 0x0, 0x1, 0xe, 0x6,
    0xd2, 0x4b, 0x0, 0x82, 0xd8, 0x0, 0x0, 0x0,
    0x0, 0x85, 0x9e, 0x0, 0x41, 0xc0, 0xd8, 0x0,
    0x0, 0x0, 0x34, 0xdf, 0xf, 0x14, 0xc4, 0x2e,
    0xd8, 0x0, 0x0, 0x7, 0xd4, 0x48, 0x0, 0x75,
    0xdc, 0xd6, 0xf8, 0x6b, 0x0, 0x59, 0x9b, 0x0,
    0x0, 0x0, 0x0, 0x20, 0xd8, 0x0, 0x0, 0x0,
    0x3, 0x0, 0x0, 0x0, 0x0, 0x0, 0x0, 0x0,

    /* U+00BD "½" */
    0x0, 0x0, 0x0, 0x0, 0x0, 0x0, 0x0, 0x4,
    0x0, 0x0, 0x0, 0x16, 0xa1, 0xe0, 0x0, 0x0,
    0x0, 0x0, 0x9c, 0x5a, 0x0, 0x0, 0x10, 0x73,
    0xe4, 0x0, 0x0, 0x0, 0x49, 0xd3, 0x7, 0x0,
    0x0, 0x0, 0x18, 0xe4, 0x0, 0x0, 0x11, 0xe0,
    0x33, 0x0, 0x0, 0x0, 0x0, 0x18, 0xe4, 0x0,
    0x0, 0xa4, 0x81, 0x0, 0x0, 0x0, 0x0, 0x0,
    0x18, 0xe4, 0x0, 0x51, 0xcf, 0x5, 0x0, 0x0,
    0x0, 0x0, 0x0, 0x1, 0xe, 0x14, 0xe3, 0x2e,
    0x15, 0xbc, 0xe2, 0x7d, 0x0, 0x0, 0x0, 0x0,
    0xab, 0x7b, 0x0, 0x2a, 0x68, 0x15, 0xf6, 0x2,
    0x0, 0x0, 0x58, 0xcb, 0x4, 0x0, 0x0, 0x5,
    0xa6, 0x7d, 0x0, 0x0, 0x18, 0xe5, 0x2a, 0x0,
    0x0, 0xa, 0xb5, 0x7a, 0x0, 0x0, 0x0, 0x73,
    0x75, 0x0, 0x0, 0x0, 0x63, 0xee, 0xe4, 0xe4,
    0x11, 0x0, 0x0, 0x0, 0x0, 0x0, 0x0, 0x0,
    0x0, 0x0, 0x0, 0x0,

    /* U+00BE "¾" */
    0x0, 0x9b, 0xe4, 0xa9, 0x5, 0x0, 0x0, 0x0,
    0x45, 0x7f, 0x0, 0x5, 0x57, 0x7, 0xe3, 0x2b,
    0x0, 0x0, 0x10, 0xdf, 0x35, 0x0, 0x0, 0x3,
    0xe2, 0xde, 0xa, 0x0, 0x0, 0xa4, 0x81, 0x0,
    0x0, 0x1a, 0x6e, 0x5, 0xbe, 0x55, 0x0, 0x53,
    0xcd, 0x5, 0x0, 0x0, 0x7, 0xa7, 0xe4, 0xb6,
    0x10, 0x17, 0xe3, 0x2a, 0x0, 0xd, 0x2, 0x0,
    0x0, 0x0, 0x0, 0x0, 0xb1, 0x73, 0x0, 0x3d,
    0xfc, 0x20, 0x0, 0x0, 0x0, 0x0, 0x61, 0xc2,
    0x2, 0x12, 0xb4, 0xe2, 0x20, 0x0, 0x0, 0x0,
    0x1f, 0xe5, 0x22, 0x0, 0xac, 0x30, 0xdc, 0x20,
    0x0, 0x0, 0x1, 0xbe, 0x65, 0x0, 0x34, 0xe3,
    0xd0, 0xf9, 0xab, 0x0, 0x0, 0x41, 0xb5, 0x0,
    0x0, 0x0, 0x0, 0x0, 0xdc, 0x20, 0x0, 0x0,
    0x0, 0x3, 0x0, 0x0, 0x0, 0x0, 0x0, 0x0,
    0x0,

    /* U+00BF "¿" */
    0x0, 0x0, 0x5b, 0xf0, 0x33, 0x0, 0x0, 0x0,
    0x0, 0x4a, 0xd0, 0x27, 0x0, 0x0, 0x0, 0x0,
    0x0, 0x0, 0x0, 0x0, 0x0, 0x0, 0x0, 0x3c,
    0xe4, 0xc, 0x0, 0x0, 0x0, 0x0, 0x99, 0xdc,
    0x0, 0x0, 0x0, 0x0, 0x78, 0xf1, 0x38, 0x0,
    0x0, 0x0, 0x3c, 0xfe, 0x3b, 0x0, 0x0, 0x0,
    0x0, 0x70, 0xe3, 0x0, 0x0, 0xa, 0x54, 0x5,
    0x34, 0xfd, 0x7d, 0x41, 0xab, 0xe6, 0xc, 0x0,
    0x5c, 0xd9, 0xf6, 0xc0, 0x2a, 0x0,

    /* U+00C0 "À" */
    0x0, 0x0, 0x0, 0x89, 0x7d, 0x0, 0x0, 0x0,
    0x0, 0x0, 0x0, 0x0, 0x0, 0x34, 0xf0, 0xc,
    0x0, 0x0, 0x0, 0x0, 0x0, 0x0, 0x0, 0x0,
    0x0, 0x0, 0x0, 0x0, 0x0, 0x0, 0x0, 0x0,
    0x0, 0x3d, 0xff, 0x97, 0x0, 0x0, 0x0, 0x0,
    0x0, 0x0, 0x0, 0x9d, 0xe3, 0xf0, 0x8, 0x0,
    0x0, 0x0, 0x0, 0x0, 0xb, 0xf2, 0x4f, 0xeb,
    0x59, 0x0, 0x0, 0x0, 0x0, 0x0, 0x5f, 0xe8,
    0x4, 0x93, 0xba, 0x0, 0x0, 0x0, 0x0, 0x0,
    0xc0, 0x8f, 0x0, 0x35, 0xfd, 0x1d, 0x0, 0x0,
    0x0, 0x21, 0xfe, 0x32, 0x0, 0x0, 0xd6, 0x7b,
    0x0, 0x0, 0x0, 0x81, 0xff, 0xff, 0xff, 0xff,
    0xff, 0xdb, 0x0, 0x0, 0x1, 0xe0, 0x8a, 0x30,
    0x30, 0x30, 0x3f, 0xfe, 0x3d, 0x0, 0x43, 0xfe,
    0x1f, 0x0, 0x0, 0x0, 0x0, 0xc2, 0x9e, 0x0,
    0xa4, 0xc4, 0x0, 0x0, 0x0, 0x0, 0x0, 0x6b,
    0xf3, 0xb,

    /* U+00C1 "Á" */
    0x0, 0x0, 0x0, 0x0, 0x37, 0xbd, 0x10, 0x0,
    0x0, 0x0, 0x0, 0x0, 0x0, 0x0, 0xa7, 0x8c,
    0x0, 0x0, 0x0, 0x0, 0x0, 0x0, 0x0, 0x0,
    0x0, 0x0, 0x0, 0x0, 0x0, 0x0, 0x0, 0x0,
    0x0, 0x3d, 0xff, 0x97, 0x0, 0x0, 0x0, 0x0,
    0x0, 0x0, 0x0, 0x9d, 0xe3, 0xf0, 0x8, 0x0,
    0x0, 0x0, 0x0, 0x0, 0xb, 0xf2, 0x4f, 0xeb,
    0x59, 0x0, 0x0, 0x0, 0x0, 0x0, 0x5f, 0xe8,
    0x4, 0x93, 0xba, 0x0, 0x0, 0x0, 0x0, 0x0,
    0xc0, 0x8f, 0x0, 0x35, 0xfd, 0x1d, 0x0, 0x0,
    0x0, 0x21, 0xfe, 0x32, 0x0, 0x0, 0xd6, 0x7b,
    0x0, 0x0, 0x0, 0x81, 0xff, 0xff, 0xff, 0xff,
    0xff, 0xdb, 0x0, 0x0, 0x1, 0xe0, 0x8a, 0x30,
    0x30, 0x30, 0x3f, 0xfe, 0x3d, 0x0, 0x43, 0xfe,
    0x1f, 0x0, 0x0, 0x0, 0x0, 0xc2, 0x9e, 0x0,
    0xa4, 0xc4, 0x0, 0x0, 0x0, 0x0, 0x0, 0x6b,
    0xf3, 0xb,

    /* U+00C2 "Â" */
    0x0, 0x0, 0x0, 0x13, 0x7e, 0x3c, 0x0, 0x0,
    0x0, 0x0, 0x0, 0x0, 0x12, 0xcf, 0x82, 0xdb,
    0x3c, 0x0, 0x0, 0x0, 0x0, 0x0, 0x0, 0x0,
    0x0, 0x0, 0x0, 0x0, 0x0, 0x0, 0x0, 0x0,
    0x0, 0x3d, 0xff, 0x97, 0x0, 0x0, 0x0, 0x0,
    0x0, 0x0, 0x0, 0x9d, 0xe3, 0xf0, 0x8, 0x0,
    0x0, 0x0, 0x0, 0x0, 0xb, 0xf2, 0x4f, 0xeb,
    0x59, 0x0, 0x0, 0x0, 0x0, 0x0, 0x5f, 0xe8,
    0x4, 0x93, 0xba, 0x0, 0x0, 0x0, 0x0, 0x0,
    0xc0, 0x8f, 0x0, 0x35, 0xfd, 0x1d, 0x0, 0x0,
    0x0, 0x21, 0xfe, 0x32, 0x0, 0x0, 0xd6, 0x7b,
    0x0, 0x0, 0x0, 0x81, 0xff, 0xff, 0xff, 0xff,
    0xff, 0xdb, 0x0, 0x0, 0x1, 0xe0, 0x8a, 0x30,
    0x30, 0x30, 0x3f, 0xfe, 0x3d, 0x0, 0x43, 0xfe,
    0x1f, 0x0, 0x0, 0x0, 0x0, 0xc2, 0x9e, 0x0,
    0xa4, 0xc4, 0x0, 0x0, 0x0, 0x0, 0x0, 0x6b,
    0xf3, 0xb,

    /* U+00C3 "Ã" */
    0x0, 0x0, 0x20, 0xd8, 0xb4, 0x31, 0xf7, 0x3,
    0x0, 0x0, 0x0, 0x0, 0x89, 0xa7, 0x9a, 0xff,
    0x97, 0x0, 0x0, 0x0, 0x0, 0x0, 0x1b, 0x13,
    0x0, 0x19, 0x1, 0x0, 0x0, 0x0, 0x0, 0x0,
    0x0, 0x3d, 0xff, 0x97, 0x0, 0x0, 0x0, 0x0,
    0x0, 0x0, 0x0, 0x9d, 0xe3, 0xf0, 0x8, 0x0,
    0x0, 0x0, 0x0, 0x0, 0xb, 0xf2, 0x4f, 0xeb,
    0x59, 0x0, 0x0, 0x0, 0x0, 0x0, 0x5f, 0xe8,
    0x4, 0x93, 0xba, 0x0, 0x0, 0x0, 0x0, 0x0,
    0xc0, 0x8f, 0x0, 0x35, 0xfd, 0x1d, 0x0, 0x0,
    0x0, 0x21, 0xfe, 0x32, 0x0, 0x0, 0xd6, 0x7b,
    0x0, 0x0, 0x0, 0x81, 0xff, 0xff, 0xff, 0xff,
    0xff, 0xdb, 0x0, 0x0, 0x1, 0xe0, 0x8a, 0x30,
    0x30, 0x30, 0x3f, 0xfe, 0x3d, 0x0, 0x43, 0xfe,
    0x1f, 0x0, 0x0, 0x0, 0x0, 0xc2, 0x9e, 0x0,
    0xa4, 0xc4, 0x0, 0x0, 0x0, 0x0, 0x0, 0x6b,
    0xf3, 0xb,

    /* U+00C4 "Ä" */
    0x0, 0x0, 0xc, 0x7a, 0xc, 0x5e, 0x36, 0x0,
    0x0, 0x0, 0x0, 0x0, 0x27, 0xe5, 0x27, 0xbe,
    0x77, 0x0, 0x0, 0x0, 0x0, 0x0, 0x0, 0x0,
    0x0, 0x0, 0x0, 0x0, 0x0, 0x0, 0x0, 0x0,
    0x0, 0x3d, 0xff, 0x97, 0x0, 0x0, 0x0, 0x0,
    0x0, 0x0, 0x0, 0x9d, 0xe3, 0xf0, 0x8, 0x0,
    0x0, 0x0, 0x0, 0x0, 0xb, 0xf2, 0x4f, 0xeb,
    0x59, 0x0, 0x0, 0x0, 0x0, 0x0, 0x5f, 0xe8,
    0x4, 0x93, 0xba, 0x0, 0x0, 0x0, 0x0, 0x0,
    0xc0, 0x8f, 0x0, 0x35, 0xfd, 0x1d, 0x0, 0x0,
    0x0, 0x21, 0xfe, 0x32, 0x0, 0x0, 0xd6, 0x7b,
    0x0, 0x0, 0x0, 0x81, 0xff, 0xff, 0xff, 0xff,
    0xff, 0xdb, 0x0, 0x0, 0x1, 0xe0, 0x8a, 0x30,
    0x30, 0x30, 0x3f, 0xfe, 0x3d, 0x0, 0x43, 0xfe,
    0x1f, 0x0, 0x0, 0x0, 0x0, 0xc2, 0x9e, 0x0,
    0xa4, 0xc4, 0x0, 0x0, 0x0, 0x0, 0x0, 0x6b,
    0xf3, 0xb,

    /* U+00C5 "Å" */
    0x0, 0x0, 0x0, 0x51, 0xde, 0x99, 0x0, 0x0,
    0x0, 0x0, 0x0, 0x0, 0x0, 0xbb, 0x49, 0xe3,
    0x12, 0x0, 0x0, 0x0, 0x0, 0x0, 0x0, 0x6f,
    0xff, 0xc6, 0x0, 0x0, 0x0, 0x0, 0x0, 0x0,
    0x0, 0x9b, 0xe3, 0xed, 0x6, 0x0, 0x0, 0x0,
    0x0, 0x0, 0xa, 0xf1, 0x4f, 0xeb, 0x55, 0x0,
    0x0, 0x0, 0x0, 0x0, 0x5d, 0xe8, 0x4, 0x93,
    0xb6, 0x0, 0x0, 0x0, 0x0, 0x0, 0xbe, 0x8f,
    0x0, 0x35, 0xfc, 0x1b, 0x0, 0x0, 0x0, 0x20,
    0xfe, 0x32, 0x0, 0x0, 0xd6, 0x79, 0x0, 0x0,
    0x0, 0x80, 0xff, 0xff, 0xff, 0xff, 0xff, 0xda,
    0x0, 0x0, 0x1, 0xdf, 0x8a, 0x30, 0x30, 0x30,
    0x3f, 0xfe, 0x3c, 0x0, 0x42, 0xfe, 0x1f, 0x0,
    0x0, 0x0, 0x0, 0xc2, 0x9d, 0x0, 0xa3, 0xc4,
    0x0, 0x0, 0x0, 0x0, 0x0, 0x6b, 0xf3, 0xb,

    /* U+00C6 "Æ" */
    0x0, 0x0, 0x0, 0x0, 0x0, 0x33, 0xfd, 0xff,
    0xff, 0xff, 0xff, 0xff, 0xb8, 0x0, 0x0, 0x0,
    0x0, 0x2, 0xca, 0xc4, 0xff, 0x54, 0x38, 0x38,
    0x38, 0x28, 0x0, 0x0, 0x0, 0x0, 0x67, 0xef,
    0x3a, 0xff, 0x24, 0x0, 0x0, 0x0, 0x0, 0x0,
    0x0, 0x0, 0x14, 0xed, 0x6c, 0x24, 0xff, 0x24,
    0x0, 0x0, 0x0, 0x0, 0x0, 0x0, 0x0, 0x9d,
    0xcf, 0x3, 0x24, 0xff, 0xff, 0xff, 0xff, 0xff,
    0x44, 0x0, 0x0, 0x38, 0xfd, 0x39, 0x0, 0x24,
    0xff, 0x4d, 0x30, 0x30, 0x30, 0xc, 0x0, 0x3,
    0xce, 0xff, 0xff, 0xff, 0xff, 0xff, 0x24, 0x0,
    0x0, 0x0, 0x0, 0x0, 0x6d, 0xf0, 0x39, 0x30,
    0x30, 0x4d, 0xff, 0x24, 0x0, 0x0, 0x0, 0x0,
    0x17, 0xf0, 0x73, 0x0, 0x0, 0x0, 0x24, 0xff,
    0x54, 0x38, 0x38, 0x38, 0x28, 0xa3, 0xdb, 0x6,
    0x0, 0x0, 0x0, 0x24, 0xff, 0xff, 0xff, 0xff,
    0xff, 0xb8,

    /* U+00C7 "Ç" */
    0x0, 0x0, 0x11, 0x88, 0xda, 0xf8, 0xec, 0xad,
    0x2f, 0x0, 0x0, 0x21, 0xdf, 0xd6, 0x67, 0x3e,
    0x51, 0xaf, 0xf8, 0x27, 0x1, 0xcd, 0xbc, 0x8,
    0x0, 0x0, 0x0, 0x0, 0x38, 0x0, 0x40, 0xff,
    0x22, 0x0, 0x0, 0x0, 0x0, 0x0, 0x0, 0x0,
    0x71, 0xdf, 0x0, 0x0, 0x0, 0x0, 0x0, 0x0,
    0x0, 0x0, 0x71, 0xdf, 0x0, 0x0, 0x0, 0x0,
    0x0, 0x0, 0x0, 0x0, 0x3f, 0xfe, 0x20, 0x0,
    0x0, 0x0, 0x0, 0x0, 0x0, 0x0, 0x1, 0xcc,
    0xb9, 0x7, 0x0, 0x0, 0x0, 0x0, 0x4f, 0x13,
    0x0, 0x22, 0xe0, 0xd3, 0x63, 0x3a, 0x4d, 0xa6,
    0xfe, 0x60, 0x0, 0x0, 0x11, 0x87, 0xda, 0xfe,
    0xee, 0xb4, 0x3d, 0x0, 0x0, 0x0, 0x0, 0x0,
    0x21, 0xe8, 0xa3, 0x2, 0x0, 0x0, 0x0, 0x0,
    0x0, 0x0, 0xd, 0x1c, 0xb7, 0x28, 0x0, 0x0,
    0x0, 0x0, 0x0, 0x0, 0x32, 0xd3, 0xb8, 0x5,
    0x0, 0x0,

    /* U+00C8 "È" */
    0x0, 0x3a, 0xbf, 0xb, 0x0, 0x0, 0x0, 0x1,
    0xcb, 0x66, 0x0, 0x0, 0x0, 0x0, 0x0, 0x0,
    0x0, 0x0, 0xfc, 0xff, 0xff, 0xff, 0xff, 0xdc,
    0xfc, 0x73, 0x38, 0x38, 0x38, 0x30, 0xfc, 0x4c,
    0x0, 0x0, 0x0, 0x0, 0xfc, 0x4c, 0x0, 0x0,
    0x0, 0x0, 0xfc, 0xff, 0xff, 0xff, 0xff, 0x68,
    0xfc, 0x6d, 0x30, 0x30, 0x30, 0x13, 0xfc, 0x4c,
    0x0, 0x0, 0x0, 0x0, 0xfc, 0x4c, 0x0, 0x0,
    0x0, 0x0, 0xfc, 0x73, 0x38, 0x38, 0x38, 0x30,
    0xfc, 0xff, 0xff, 0xff, 0xff, 0xdc,

    /* U+00C9 "É" */
    0x0, 0x0, 0x1b, 0xc3, 0x27, 0x0, 0x0, 0x0,
    0x80, 0xb1, 0x0, 0x0, 0x0, 0x0, 0x0, 0x0,
    0x0, 0x0, 0xfc, 0xff, 0xff, 0xff, 0xff, 0xdc,
    0xfc, 0x73, 0x38, 0x38, 0x38, 0x30, 0xfc, 0x4c,
    0x0, 0x0, 0x0, 0x0, 0xfc, 0x4c, 0x0, 0x0,
    0x0, 0x0, 0xfc, 0xff, 0xff, 0xff, 0xff, 0x68,
    0xfc, 0x6d, 0x30, 0x30, 0x30, 0x13, 0xfc, 0x4c,
    0x0, 0x0, 0x0, 0x0, 0xfc, 0x4c, 0x0, 0x0,
    0x0, 0x0, 0xfc, 0x73, 0x38, 0x38, 0x38, 0x30,
    0xfc, 0xff, 0xff, 0xff, 0xff, 0xdc,

    /* U+00CA "Ê" */
    0x0, 0x1, 0x6d, 0x5e, 0x0, 0x0, 0x1, 0x9e,
    0xa6, 0xc1, 0x75, 0x0, 0x0, 0x0, 0x0, 0x0,
    0x0, 0x0, 0xfc, 0xff, 0xff, 0xff, 0xff, 0xdc,
    0xfc, 0x73, 0x38, 0x38, 0x38, 0x30, 0xfc, 0x4c,
    0x0, 0x0, 0x0, 0x0, 0xfc, 0x4c, 0x0, 0x0,
    0x0, 0x0, 0xfc, 0xff, 0xff, 0xff, 0xff, 0x68,
    0xfc, 0x6d, 0x30, 0x30, 0x30, 0x13, 0xfc, 0x4c,
    0x0, 0x0, 0x0, 0x0, 0xfc, 0x4c, 0x0, 0x0,
    0x0, 0x0, 0xfc, 0x73, 0x38, 0x38, 0x38, 0x30,
    0xfc, 0xff, 0xff, 0xff, 0xff, 0xdc,

    /* U+00CB "Ë" */
    0x0, 0x70, 0x22, 0x41, 0x53, 0x0, 0x5, 0xdc,
    0x52, 0x8c, 0xa9, 0x0, 0x0, 0x0, 0x0, 0x0,
    0x0, 0x0, 0xfc, 0xff, 0xff, 0xff, 0xff, 0xdc,
    0xfc, 0x73, 0x38, 0x38, 0x38, 0x30, 0xfc, 0x4c,
    0x0, 0x0, 0x0, 0x0, 0xfc, 0x4c, 0x0, 0x0,
    0x0, 0x0, 0xfc, 0xff, 0xff, 0xff, 0xff, 0x68,
    0xfc, 0x6d, 0x30, 0x30, 0x30, 0x13, 0xfc, 0x4c,
    0x0, 0x0, 0x0, 0x0, 0xfc, 0x4c, 0x0, 0x0,
    0x0, 0x0, 0xfc, 0x73, 0x38, 0x38, 0x38, 0x30,
    0xfc, 0xff, 0xff, 0xff, 0xff, 0xdc,

    /* U+00CC "Ì" */
    0x89, 0x7d, 0x0, 0x34, 0xf1, 0xe, 0x0, 0x0,
    0x0, 0x0, 0xfc, 0x4c, 0x0, 0xfc, 0x4c, 0x0,
    0xfc, 0x4c, 0x0, 0xfc, 0x4c, 0x0, 0xfc, 0x4c,
    0x0, 0xfc, 0x4c, 0x0, 0xfc, 0x4c, 0x0, 0xfc,
    0x4c, 0x0, 0xfc, 0x4c, 0x0, 0xfc, 0x4c,

    /* U+00CD "Í" */
    0x43, 0xb9, 0xa, 0xb4, 0x80, 0x0, 0x0, 0x0,
    0x0, 0xfc, 0x4c, 0x0, 0xfc, 0x4c, 0x0, 0xfc,
    0x4c, 0x0, 0xfc, 0x4c, 0x0, 0xfc, 0x4c, 0x0,
    0xfc, 0x4c, 0x0, 0xfc, 0x4c, 0x0, 0xfc, 0x4c,
    0x0, 0xfc, 0x4c, 0x0, 0xfc, 0x4c, 0x0,

    /* U+00CE "Î" */
    0x0, 0x15, 0x7e, 0x3a, 0x0, 0x14, 0xd1, 0x7f,
    0xdd, 0x39, 0x0, 0x0, 0x0, 0x0, 0x0, 0x0,
    0x0, 0xfc, 0x4c, 0x0, 0x0, 0x0, 0xfc, 0x4c,
    0x0, 0x0, 0x0, 0xfc, 0x4c, 0x0, 0x0, 0x0,
    0xfc, 0x4c, 0x0, 0x0, 0x0, 0xfc, 0x4c, 0x0,
    0x0, 0x0, 0xfc, 0x4c, 0x0, 0x0, 0x0, 0xfc,
    0x4c, 0x0, 0x0, 0x0, 0xfc, 0x4c, 0x0, 0x0,
    0x0, 0xfc, 0x4c, 0x0, 0x0, 0x0, 0xfc, 0x4c,
    0x0,

    /* U+00CF "Ï" */
    0x0, 0x70, 0x25, 0x78, 0x18, 0x5, 0xdc, 0x65,
    0xe3, 0x3e, 0x0, 0x0, 0x0, 0x0, 0x0, 0x0,
    0x0, 0xfc, 0x4c, 0x0, 0x0, 0x0, 0xfc, 0x4c,
    0x0, 0x0, 0x0, 0xfc, 0x4c, 0x0, 0x0, 0x0,
    0xfc, 0x4c, 0x0, 0x0, 0x0, 0xfc, 0x4c, 0x0,
    0x0, 0x0, 0xfc, 0x4c, 0x0, 0x0, 0x0, 0xfc,
    0x4c, 0x0, 0x0, 0x0, 0xfc, 0x4c, 0x0, 0x0,
    0x0, 0xfc, 0x4c, 0x0, 0x0, 0x0, 0xfc, 0x4c,
    0x0,

    /* U+00D0 "Ð" */
    0x0, 0x28, 0xff, 0xff, 0xff, 0xf3, 0xc6, 0x61,
    0x1, 0x0, 0x0, 0x28, 0xff, 0x54, 0x38, 0x45,
    0x83, 0xf2, 0xa5, 0x1, 0x0, 0x28, 0xff, 0x24,
    0x0, 0x0, 0x0, 0x2d, 0xf4, 0x65, 0x0, 0x28,
    0xff, 0x24, 0x0, 0x0, 0x0, 0x0, 0x92, 0xca,
    0x33, 0xef, 0xff, 0xee, 0xec, 0xdd, 0x0, 0x0,
    0x5a, 0xf5, 0x6, 0x3f, 0xff, 0x3c, 0x1c, 0x1a,
    0x0, 0x0, 0x5b, 0xf4, 0x0, 0x28, 0xff, 0x24,
    0x0, 0x0, 0x0, 0x0, 0x91, 0xca, 0x0, 0x28,
    0xff, 0x24, 0x0, 0x0, 0x0, 0x2d, 0xf4, 0x66,
    0x0, 0x28, 0xff, 0x54, 0x38, 0x4f, 0x89, 0xf7,
    0xa8, 0x1, 0x0, 0x28, 0xff, 0xff, 0xff, 0xf4,
    0xc8, 0x64, 0x1, 0x0,

    /* U+00D1 "Ñ" */
    0x0, 0x3, 0xb3, 0xd7, 0x36, 0xd2, 0x45, 0x0,
    0x0, 0x45, 0xdc, 0x6d, 0xf7, 0xd4, 0x7, 0x0,
    0x0, 0x10, 0x1f, 0x0, 0x13, 0x7, 0x0, 0x0,
    0xfc, 0xdb, 0x8, 0x0, 0x0, 0x0, 0x8c, 0xbc,
    0xfc, 0xfb, 0x84, 0x0, 0x0, 0x0, 0x8c, 0xbc,
    0xfc, 0x8c, 0xf9, 0x2a, 0x0, 0x0, 0x8c, 0xbc,
    0xfc, 0x49, 0xac, 0xc3, 0x1, 0x0, 0x8c, 0xbc,
    0xfc, 0x4c, 0x1a, 0xf1, 0x65, 0x0, 0x8c, 0xbc,
    0xfc, 0x4c, 0x0, 0x6c, 0xee, 0x17, 0x8c, 0xbc,
    0xfc, 0x4c, 0x0, 0x2, 0xc9, 0xa6, 0x88, 0xbc,
    0xfc, 0x4c, 0x0, 0x0, 0x2f, 0xfb, 0xc7, 0xbc,
    0xfc, 0x4c, 0x0, 0x0, 0x0, 0x8c, 0xff, 0xbc,
    0xfc, 0x4c, 0x0, 0x0, 0x0, 0xb, 0xe0, 0xbc,

    /* U+00D2 "Ò" */
    0x0, 0x0, 0x0, 0x0, 0x84, 0x81, 0x0, 0x0,
    0x0, 0x0, 0x0, 0x0, 0x0, 0x0, 0x0, 0x2f,
    0xf3, 0x10, 0x0, 0x0, 0x0, 0x0, 0x0, 0x0,
    0x0, 0x0, 0x0, 0x0, 0x0, 0x0, 0x0, 0x0,
    0x0, 0x0, 0x0, 0x12, 0x89, 0xdb, 0xf9, 0xea,
    0xab, 0x31, 0x0, 0x0, 0x0, 0x20, 0xdf, 0xd5,
    0x66, 0x3e, 0x52, 0xaa, 0xfa, 0x59, 0x0, 0x1,
    0xcc, 0xbc, 0x8, 0x0, 0x0, 0x0, 0x0, 0x71,
    0xf9, 0x29, 0x3f, 0xff, 0x22, 0x0, 0x0, 0x0,
    0x0, 0x0, 0x0, 0xce, 0x96, 0x71, 0xe0, 0x0,
    0x0, 0x0, 0x0, 0x0, 0x0, 0x0, 0x8c, 0xc8,
    0x71, 0xdf, 0x0, 0x0, 0x0, 0x0, 0x0, 0x0,
    0x0, 0x8c, 0xc7, 0x40, 0xff, 0x22, 0x0, 0x0,
    0x0, 0x0, 0x0, 0x0, 0xcd, 0x97, 0x1, 0xcd,
    0xbc, 0x8, 0x0, 0x0, 0x0, 0x0, 0x70, 0xfb,
    0x2b, 0x0, 0x21, 0xdf, 0xd4, 0x65, 0x3d, 0x51,
    0xaa, 0xfa, 0x5d, 0x0, 0x0, 0x0, 0x12, 0x8a,
    0xdc, 0xfa, 0xeb, 0xad, 0x33, 0x0, 0x0,

    /* U+00D3 "Ó" */
    0x0, 0x0, 0x0, 0x0, 0x0, 0x3e, 0xba, 0xc,
    0x0, 0x0, 0x0, 0x0, 0x0, 0x0, 0x0, 0x0,
    0xaf, 0x84, 0x0, 0x0, 0x0, 0x0, 0x0, 0x0,
    0x0, 0x0, 0x0, 0x0, 0x0, 0x0, 0x0, 0x0,
    0x0, 0x0, 0x0, 0x12, 0x89, 0xdb, 0xf9, 0xea,
    0xab, 0x31, 0x0, 0x0, 0x0, 0x20, 0xdf, 0xd5,
    0x66, 0x3e, 0x52, 0xaa, 0xfa, 0x59, 0x0, 0x1,
    0xcc, 0xbc, 0x8, 0x0, 0x0, 0x0, 0x0, 0x71,
    0xf9, 0x29, 0x3f, 0xff, 0x22, 0x0, 0x0, 0x0,
    0x0, 0x0, 0x0, 0xce, 0x96, 0x71, 0xe0, 0x0,
    0x0, 0x0, 0x0, 0x0, 0x0, 0x0, 0x8c, 0xc8,
    0x71, 0xdf, 0x0, 0x0, 0x0, 0x0, 0x0, 0x0,
    0x0, 0x8c, 0xc7, 0x40, 0xff, 0x22, 0x0, 0x0,
    0x0, 0x0, 0x0, 0x0, 0xcd, 0x97, 0x1, 0xcd,
    0xbc, 0x8, 0x0, 0x0, 0x0, 0x0, 0x70, 0xfb,
    0x2b, 0x0, 0x21, 0xdf, 0xd4, 0x65, 0x3d, 0x51,
    0xaa, 0xfa, 0x5d, 0x0, 0x0, 0x0, 0x12, 0x8a,
    0xdc, 0xfa, 0xeb, 0xad, 0x33, 0x0, 0x0,

    /* U+00D4 "Ô" */
    0x0, 0x0, 0x0, 0x0, 0x13, 0x7e, 0x3c, 0x0,
    0x0, 0x0, 0x0, 0x0, 0x0, 0x0, 0x12, 0xcf,
    0x80, 0xdd, 0x3c, 0x0, 0x0, 0x0, 0x0, 0x0,
    0x0, 0x0, 0x0, 0x0, 0x0, 0x0, 0x0, 0x0,
    0x0, 0x0, 0x0, 0x12, 0x89, 0xdb, 0xf9, 0xea,
    0xab, 0x31, 0x0, 0x0, 0x0, 0x20, 0xdf, 0xd5,
    0x66, 0x3e, 0x52, 0xaa, 0xfa, 0x59, 0x0, 0x1,
    0xcc, 0xbc, 0x8, 0x0, 0x0, 0x0, 0x0, 0x71,
    0xf9, 0x29, 0x3f, 0xff, 0x22, 0x0, 0x0, 0x0,
    0x0, 0x0, 0x0, 0xce, 0x96, 0x71, 0xe0, 0x0,
    0x0, 0x0, 0x0, 0x0, 0x0, 0x0, 0x8c, 0xc8,
    0x71, 0xdf, 0x0, 0x0, 0x0, 0x0, 0x0, 0x0,
    0x0, 0x8c, 0xc7, 0x40, 0xff, 0x22, 0x0, 0x0,
    0x0, 0x0, 0x0, 0x0, 0xcd, 0x97, 0x1, 0xcd,
    0xbc, 0x8, 0x0, 0x0, 0x0, 0x0, 0x70, 0xfb,
    0x2b, 0x0, 0x21, 0xdf, 0xd4, 0x65, 0x3d, 0x51,
    0xaa, 0xfa, 0x5d, 0x0, 0x0, 0x0, 0x12, 0x8a,
    0xdc, 0xfa, 0xeb, 0xad, 0x33, 0x0, 0x0,

    /* U+00D5 "Õ" */
    0x0, 0x0, 0x0, 0x27, 0xdc, 0xac, 0x39, 0xef,
    0x0, 0x0, 0x0, 0x0, 0x0, 0x0, 0x95, 0x9c,
    0xa3, 0xff, 0x8b, 0x0, 0x0, 0x0, 0x0, 0x0,
    0x0, 0x1d, 0x11, 0x0, 0x1a, 0x0, 0x0, 0x0,
    0x0, 0x0, 0x0, 0x12, 0x89, 0xdb, 0xf9, 0xea,
    0xab, 0x31, 0x0, 0x0, 0x0, 0x20, 0xdf, 0xd5,
    0x66, 0x3e, 0x52, 0xaa, 0xfa, 0x59, 0x0, 0x1,
    0xcc, 0xbc, 0x8, 0x0, 0x0, 0x0, 0x0, 0x71,
    0xf9, 0x29, 0x3f, 0xff, 0x22, 0x0, 0x0, 0x0,
    0x0, 0x0, 0x0, 0xce, 0x96, 0x71, 0xe0, 0x0,
    0x0, 0x0, 0x0, 0x0, 0x0, 0x0, 0x8c, 0xc8,
    0x71, 0xdf, 0x0, 0x0, 0x0, 0x0, 0x0, 0x0,
    0x0, 0x8c, 0xc7, 0x40, 0xff, 0x22, 0x0, 0x0,
    0x0, 0x0, 0x0, 0x0, 0xcd, 0x97, 0x1, 0xcd,
    0xbc, 0x8, 0x0, 0x0, 0x0, 0x0, 0x70, 0xfb,
    0x2b, 0x0, 0x21, 0xdf, 0xd4, 0x65, 0x3d, 0x51,
    0xaa, 0xfa, 0x5d, 0x0, 0x0, 0x0, 0x12, 0x8a,
    0xdc, 0xfa, 0xeb, 0xad, 0x33, 0x0, 0x0,

    /* U+00D6 "Ö" */
    0x0, 0x0, 0x0, 0xc, 0x7a, 0xc, 0x5e, 0x35,
    0x0, 0x0, 0x0, 0x0, 0x0, 0x0, 0x27, 0xe5,
    0x27, 0xc0, 0x73, 0x0, 0x0, 0x0, 0x0, 0x0,
    0x0, 0x0, 0x0, 0x0, 0x0, 0x0, 0x0, 0x0,
    0x0, 0x0, 0x0, 0x12, 0x89, 0xdb, 0xf9, 0xea,
    0xab, 0x31, 0x0, 0x0, 0x0, 0x20, 0xdf, 0xd5,
    0x66, 0x3e, 0x52, 0xaa, 0xfa, 0x59, 0x0, 0x1,
    0xcc, 0xbc, 0x8, 0x0, 0x0, 0x0, 0x0, 0x71,
    0xf9, 0x29, 0x3f, 0xff, 0x22, 0x0, 0x0, 0x0,
    0x0, 0x0, 0x0, 0xce, 0x96, 0x71, 0xe0, 0x0,
    0x0, 0x0, 0x0, 0x0, 0x0, 0x0, 0x8c, 0xc8,
    0x71, 0xdf, 0x0, 0x0, 0x0, 0x0, 0x0, 0x0,
    0x0, 0x8c, 0xc7, 0x40, 0xff, 0x22, 0x0, 0x0,
    0x0, 0x0, 0x0, 0x0, 0xcd, 0x97, 0x1, 0xcd,
    0xbc, 0x8, 0x0, 0x0, 0x0, 0x0, 0x70, 0xfb,
    0x2b, 0x0, 0x21, 0xdf, 0xd4, 0x65, 0x3d, 0x51,
    0xaa, 0xfa, 0x5d, 0x0, 0x0, 0x0, 0x12, 0x8a,
    0xdc, 0xfa, 0xeb, 0xad, 0x33, 0x0, 0x0,

    /* U+00D7 "×" */
    0x0, 0x5b, 0x3, 0x0, 0x0, 0x2c, 0x33, 0x5,
    0xb7, 0xab, 0x5, 0x30, 0xe7, 0x58, 0x0, 0x6,
    0xb0, 0xbd, 0xe8, 0x52, 0x0, 0x0, 0x0, 0x44,
    0xfe, 0xcc, 0xa, 0x0, 0x0, 0x45, 0xea, 0x44,
    0x9d, 0xc3, 0xe, 0x6, 0xcf, 0x3a, 0x0, 0x1,
    0x94, 0x7a, 0x0, 0x2, 0x0, 0x0, 0x0, 0x0,
    0x1,

    /* U+00D8 "Ø" */
    0x0, 0x0, 0x0, 0x0, 0x0, 0x0, 0x0, 0x0,
    0x18, 0x0, 0x0, 0x0, 0x0, 0x12, 0x89, 0xdb,
    0xf8, 0xe7, 0xa2, 0xe6, 0x2a, 0x0, 0x0, 0x20,
    0xdf, 0xd5, 0x66, 0x3e, 0x53, 0xe4, 0xfb, 0x52,
    0x0, 0x1, 0xcb, 0xbc, 0x8, 0x0, 0x0, 0x46,
    0xe2, 0x7c, 0xf5, 0x22, 0x3f, 0xff, 0x22, 0x0,
    0x0, 0xd, 0xe1, 0x48, 0x0, 0xce, 0x8d, 0x71,
    0xe0, 0x0, 0x0, 0x0, 0x98, 0x9e, 0x0, 0x0,
    0x8c, 0xc4, 0x6d, 0xe0, 0x0, 0x0, 0x42, 0xe4,
    0x10, 0x0, 0x0, 0x8d, 0xc8, 0x39, 0xff, 0x23,
    0xb, 0xde, 0x4c, 0x0, 0x0, 0x0, 0xcd, 0x98,
    0x0, 0xc6, 0xbd, 0x99, 0xa2, 0x0, 0x0, 0x0,
    0x6e, 0xfb, 0x2c, 0x0, 0x1f, 0xdc, 0xff, 0x7a,
    0x3e, 0x51, 0xa8, 0xfb, 0x60, 0x0, 0x0, 0x0,
    0xcf, 0xa5, 0xd8, 0xf8, 0xeb, 0xae, 0x35, 0x0,
    0x0, 0x0, 0x0, 0x19, 0x0, 0x0, 0x0, 0x0,
    0x0, 0x0, 0x0, 0x0,

    /* U+00D9 "Ù" */
    0x0, 0x0, 0x0, 0x96, 0x6e, 0x0, 0x0, 0x0,
    0x0, 0x0, 0x0, 0x0, 0x44, 0xe8, 0x6, 0x0,
    0x0, 0x0, 0x0, 0x0, 0x0, 0x0, 0x0, 0x0,
    0x0, 0x0, 0x0, 0x38, 0xff, 0x14, 0x0, 0x0,
    0x0, 0x14, 0xff, 0x34, 0x38, 0xff, 0x14, 0x0,
    0x0, 0x0, 0x14, 0xff, 0x34, 0x38, 0xff, 0x14,
    0x0, 0x0, 0x0, 0x14, 0xff, 0x34, 0x38, 0xff,
    0x14, 0x0, 0x0, 0x0, 0x14, 0xff, 0x34, 0x38,
    0xff, 0x14, 0x0, 0x0, 0x0, 0x14, 0xff, 0x34,
    0x38, 0xff, 0x14, 0x0, 0x0, 0x0, 0x14, 0xff,
    0x34, 0x30, 0xff, 0x20, 0x0, 0x0, 0x0, 0x21,
    0xff, 0x24, 0xb, 0xf7, 0x63, 0x0, 0x0, 0x0,
    0x65, 0xf5, 0x3, 0x0, 0x84, 0xf1, 0x72, 0x42,
    0x73, 0xf2, 0x7c, 0x0, 0x0, 0x1, 0x74, 0xde,
    0xfb, 0xe0, 0x7a, 0x2, 0x0,

    /* U+00DA "Ú" */
    0x0, 0x0, 0x0, 0x0, 0x72, 0x95, 0x0, 0x0,
    0x0, 0x0, 0x0, 0x0, 0x7, 0xeb, 0x41, 0x0,
    0x0, 0x0, 0x0, 0x0, 0x0, 0x0, 0x0, 0x0,
    0x0, 0x0, 0x0, 0x38, 0xff, 0x14, 0x0, 0x0,
    0x0, 0x14, 0xff, 0x34, 0x38, 0xff, 0x14, 0x0,
    0x0, 0x0, 0x14, 0xff, 0x34, 0x38, 0xff, 0x14,
    0x0, 0x0, 0x0, 0x14, 0xff, 0x34, 0x38, 0xff,
    0x14, 0x0, 0x0, 0x0, 0x14, 0xff, 0x34, 0x38,
    0xff, 0x14, 0x0, 0x0, 0x0, 0x14, 0xff, 0x34,
    0x38, 0xff, 0x14, 0x0, 0x0, 0x0, 0x14, 0xff,
    0x34, 0x30, 0xff, 0x20, 0x0, 0x0, 0x0, 0x21,
    0xff, 0x24, 0xb, 0xf7, 0x63, 0x0, 0x0, 0x0,
    0x65, 0xf5, 0x3, 0x0, 0x84, 0xf1, 0x72, 0x42,
    0x73, 0xf2, 0x7c, 0x0, 0x0, 0x1, 0x74, 0xde,
    0xfb, 0xe0, 0x7a, 0x2, 0x0,

    /* U+00DB "Û" */
    0x0, 0x0, 0x0, 0x28, 0x80, 0x24, 0x0, 0x0,
    0x0, 0x0, 0x0, 0x29, 0xde, 0x79, 0xda, 0x21,
    0x0, 0x0, 0x0, 0x0, 0x0, 0x0, 0x0, 0x0,
    0x0, 0x0, 0x0, 0x38, 0xff, 0x14, 0x0, 0x0,
    0x0, 0x14, 0xff, 0x34, 0x38, 0xff, 0x14, 0x0,
    0x0, 0x0, 0x14, 0xff, 0x34, 0x38, 0xff, 0x14,
    0x0, 0x0, 0x0, 0x14, 0xff, 0x34, 0x38, 0xff,
    0x14, 0x0, 0x0, 0x0, 0x14, 0xff, 0x34, 0x38,
    0xff, 0x14, 0x0, 0x0, 0x0, 0x14, 0xff, 0x34,
    0x38, 0xff, 0x14, 0x0, 0x0, 0x0, 0x14, 0xff,
    0x34, 0x30, 0xff, 0x20, 0x0, 0x0, 0x0, 0x21,
    0xff, 0x24, 0xb, 0xf7, 0x63, 0x0, 0x0, 0x0,
    0x65, 0xf5, 0x3, 0x0, 0x84, 0xf1, 0x72, 0x42,
    0x73, 0xf2, 0x7c, 0x0, 0x0, 0x1, 0x74, 0xde,
    0xfb, 0xe0, 0x7a, 0x2, 0x0,

    /* U+00DC "Ü" */
    0x0, 0x0, 0x1f, 0x74, 0x0, 0x73, 0x1f, 0x0,
    0x0, 0x0, 0x0, 0x4d, 0xdd, 0x10, 0xdf, 0x4b,
    0x0, 0x0, 0x0, 0x0, 0x0, 0x0, 0x0, 0x0,
    0x0, 0x0, 0x0, 0x38, 0xff, 0x14, 0x0, 0x0,
    0x0, 0x14, 0xff, 0x34, 0x38, 0xff, 0x14, 0x0,
    0x0, 0x0, 0x14, 0xff, 0x34, 0x38, 0xff, 0x14,
    0x0, 0x0, 0x0, 0x14, 0xff, 0x34, 0x38, 0xff,
    0x14, 0x0, 0x0, 0x0, 0x14, 0xff, 0x34, 0x38,
    0xff, 0x14, 0x0, 0x0, 0x0, 0x14, 0xff, 0x34,
    0x38, 0xff, 0x14, 0x0, 0x0, 0x0, 0x14, 0xff,
    0x34, 0x30, 0xff, 0x20, 0x0, 0x0, 0x0, 0x21,
    0xff, 0x24, 0xb, 0xf7, 0x63, 0x0, 0x0, 0x0,
    0x65, 0xf5, 0x3, 0x0, 0x84, 0xf1, 0x72, 0x42,
    0x73, 0xf2, 0x7c, 0x0, 0x0, 0x1, 0x74, 0xde,
    0xfb, 0xe0, 0x7a, 0x2, 0x0,

    /* U+00DD "Ý" */
    0x0, 0x0, 0x0, 0x1, 0xb2, 0x52, 0x0, 0x0,
    0x0, 0x0, 0x0, 0x0, 0x48, 0xe2, 0x9, 0x0,
    0x0, 0x0, 0x0, 0x0, 0x0, 0x0, 0x0, 0x0,
    0x0, 0x0, 0x0, 0x84, 0xeb, 0x12, 0x0, 0x0,
    0x0, 0xa9, 0xd0, 0x4, 0x7, 0xd9, 0x99, 0x0,
    0x0, 0x41, 0xfd, 0x38, 0x0, 0x0, 0x41, 0xfd,
    0x36, 0x4, 0xd5, 0x96, 0x0, 0x0, 0x0, 0x0,
    0x9e, 0xcd, 0x75, 0xe8, 0x10, 0x0, 0x0, 0x0,
    0x0, 0x12, 0xea, 0xfe, 0x59, 0x0, 0x0, 0x0,
    0x0, 0x0, 0x0, 0x7d, 0xdd, 0x0, 0x0, 0x0,
    0x0, 0x0, 0x0, 0x0, 0x74, 0xd4, 0x0, 0x0,
    0x0, 0x0, 0x0, 0x0, 0x0, 0x74, 0xd4, 0x0,
    0x0, 0x0, 0x0, 0x0, 0x0, 0x0, 0x74, 0xd4,
    0x0, 0x0, 0x0, 0x0, 0x0, 0x0, 0x0, 0x74,
    0xd4, 0x0, 0x0, 0x0, 0x0,

    /* U+00DE "Þ" */
    0xfc, 0x4c, 0x0, 0x0, 0x0, 0x0, 0x0, 0xfc,
    0x4e, 0x4, 0x1, 0x0, 0x0, 0x0, 0xfc, 0xff,
    0xff, 0xfb, 0xd0, 0x4c, 0x0, 0xfc, 0x70, 0x34,
    0x3a, 0x87, 0xfb, 0x39, 0xfc, 0x4c, 0x0, 0x0,
    0x0, 0xd1, 0x80, 0xfc, 0x4e, 0x4, 0x9, 0x57,
    0xf9, 0x4f, 0xfc, 0xff, 0xff, 0xff, 0xf7, 0x7d,
    0x0, 0xfc, 0x70, 0x34, 0x2d, 0xa, 0x0, 0x0,
    0xfc, 0x4c, 0x0, 0x0, 0x0, 0x0, 0x0, 0xfc,
    0x4c, 0x0, 0x0, 0x0, 0x0, 0x0,

    /* U+00DF "ß" */
    0xc, 0x98, 0xe9, 0xeb, 0x9d, 0xf, 0x0, 0x98,
    0xe1, 0x53, 0x50, 0xda, 0xa4, 0x0, 0xe8, 0x69,
    0x0, 0x0, 0x66, 0xeb, 0x0, 0xfc, 0x54, 0x0,
    0x19, 0xbd, 0xc9, 0x0, 0xfc, 0x54, 0x6c, 0xff,
    0xf4, 0x2d, 0x0, 0xfc, 0x54, 0x14, 0x43, 0xc0,
    0xcf, 0x9, 0xfc, 0x54, 0x0, 0x0, 0xc, 0xf8,
    0x55, 0xfc, 0x54, 0x0, 0x0, 0xc, 0xf9, 0x55,
    0xfc, 0x54, 0x23, 0x46, 0xb9, 0xe8, 0x12, 0xfc,
    0x54, 0x82, 0xf3, 0xbb, 0x2d, 0x0,

    /* U+00E0 "à" */
    0x0, 0x0, 0x97, 0xbb, 0x0, 0x0, 0x0, 0x0,
    0x0, 0x14, 0xbe, 0x13, 0x0, 0x0, 0x0, 0x0,
    0x0, 0x0, 0x0, 0x0, 0x0, 0x3, 0x82, 0xe3,
    0xf7, 0xcf, 0x4c, 0x0, 0x19, 0x92, 0x52, 0x29,
    0x67, 0xf3, 0x27, 0x0, 0x66, 0xcc, 0xe4, 0xc1,
    0xe7, 0x68, 0x54, 0xfc, 0x6a, 0x25, 0x49, 0xe9,
    0x78, 0x8f, 0xc5, 0x0, 0x0, 0xe, 0xf0, 0x78,
    0x5a, 0xf6, 0x52, 0x34, 0xbb, 0xfb, 0x78, 0x0,
    0x80, 0xe8, 0xef, 0x81, 0xc4, 0x78,

    /* U+00E1 "á" */
    0x0, 0x0, 0x0, 0x9d, 0xb5, 0x0, 0x0, 0x0,
    0x0, 0x4, 0xb9, 0x28, 0x0, 0x0, 0x0, 0x0,
    0x0, 0x0, 0x0, 0x0, 0x0, 0x3, 0x82, 0xe3,
    0xf7, 0xcf, 0x4c, 0x0, 0x19, 0x92, 0x52, 0x29,
    0x67, 0xf3, 0x27, 0x0, 0x66, 0xcc, 0xe4, 0xc1,
    0xe7, 0x68, 0x54, 0xfc, 0x6a, 0x25, 0x49, 0xe9,
    0x78, 0x8f, 0xc5, 0x0, 0x0, 0xe, 0xf0, 0x78,
    0x5a, 0xf6, 0x52, 0x34, 0xbb, 0xfb, 0x78, 0x0,
    0x80, 0xe8, 0xef, 0x81, 0xc4, 0x78,

    /* U+00E2 "â" */
    0x0, 0x0, 0x88, 0xf9, 0x71, 0x0, 0x0, 0x0,
    0x34, 0xaf, 0x25, 0xb0, 0x21, 0x0, 0x0, 0x0,
    0x0, 0x0, 0x0, 0x0, 0x0, 0x3, 0x82, 0xe3,
    0xf7, 0xcf, 0x4c, 0x0, 0x19, 0x92, 0x52, 0x29,
    0x67, 0xf3, 0x27, 0x0, 0x66, 0xcc, 0xe4, 0xc1,
    0xe7, 0x68, 0x54, 0xfc, 0x6a, 0x25, 0x49, 0xe9,
    0x78, 0x8f, 0xc5, 0x0, 0x0, 0xe, 0xf0, 0x78,
    0x5a, 0xf6, 0x52, 0x34, 0xbb, 0xfb, 0x78, 0x0,
    0x80, 0xe8, 0xef, 0x81, 0xc4, 0x78,

    /* U+00E3 "ã" */
    0x0, 0x5f, 0xf1, 0xfd, 0xfc, 0xc1, 0x0, 0x0,
    0x1e, 0x29, 0x2b, 0x26, 0x2, 0x0, 0x0, 0x0,
    0x0, 0x0, 0x0, 0x0, 0x0, 0x3, 0x82, 0xe3,
    0xf7, 0xcf, 0x4c, 0x0, 0x19, 0x92, 0x52, 0x29,
    0x67, 0xf3, 0x27, 0x0, 0x66, 0xcc, 0xe4, 0xc1,
    0xe7, 0x68, 0x54, 0xfc, 0x6a, 0x25, 0x49, 0xe9,
    0x78, 0x8f, 0xc5, 0x0, 0x0, 0xe, 0xf0, 0x78,
    0x5a, 0xf6, 0x52, 0x34, 0xbb, 0xfb, 0x78, 0x0,
    0x80, 0xe8, 0xef, 0x81, 0xc4, 0x78,

    /* U+00E4 "ä" */
    0x0, 0x3a, 0xe4, 0x16, 0xd2, 0x60, 0x0, 0x0,
    0x15, 0x78, 0x3, 0x68, 0x29, 0x0, 0x0, 0x0,
    0x0, 0x0, 0x0, 0x0, 0x0, 0x3, 0x82, 0xe3,
    0xf7, 0xcf, 0x4c, 0x0, 0x19, 0x92, 0x52, 0x29,
    0x67, 0xf3, 0x27, 0x0, 0x66, 0xcc, 0xe4, 0xc1,
    0xe7, 0x68, 0x54, 0xfc, 0x6a, 0x25, 0x49, 0xe9,
    0x78, 0x8f, 0xc5, 0x0, 0x0, 0xe, 0xf0, 0x78,
    0x5a, 0xf6, 0x52, 0x34, 0xbb, 0xfb, 0x78, 0x0,
    0x80, 0xe8, 0xef, 0x81, 0xc4, 0x78,

    /* U+00E5 "å" */
    0x0, 0x0, 0x5d, 0xd5, 0x82, 0x0, 0x0, 0x0,
    0x0, 0xcf, 0x1c, 0xe1, 0x2, 0x0, 0x0, 0x0,
    0x5d, 0xd5, 0x84, 0x0, 0x0, 0x0, 0x0, 0x0,
    0x0, 0x0, 0x0, 0x0, 0x3, 0x82, 0xe3, 0xf7,
    0xcf, 0x4c, 0x0, 0x19, 0x92, 0x52, 0x29, 0x67,
    0xf3, 0x27, 0x0, 0x66, 0xcc, 0xe4, 0xc1, 0xe7,
    0x68, 0x54, 0xfc, 0x6a, 0x25, 0x49, 0xe9, 0x78,
    0x8f, 0xc5, 0x0, 0x0, 0xe, 0xf0, 0x78, 0x5a,
    0xf6, 0x52, 0x34, 0xbb, 0xfb, 0x78, 0x0, 0x80,
    0xe8, 0xef, 0x81, 0xc4, 0x78,

    /* U+00E6 "æ" */
    0x0, 0x5c, 0xd9, 0xf8, 0xce, 0x41, 0x2a, 0xc1,
    0xf7, 0xe2, 0x73, 0x0, 0x0, 0x17, 0xf0, 0x87,
    0x32, 0x88, 0xf4, 0xe7, 0xa3, 0x35, 0x61, 0xf4,
    0x5a, 0x0, 0x0, 0x12, 0x0, 0x0, 0x0, 0xcf,
    0xdd, 0x3, 0x0, 0x0, 0x84, 0xcb, 0x0, 0x4,
    0x82, 0xd2, 0xd6, 0xd5, 0xeb, 0xf9, 0xec, 0xec,
    0xec, 0xf3, 0xf2, 0x0, 0x75, 0xe2, 0x20, 0x0,
    0xb, 0xd9, 0xbd, 0x1c, 0x1c, 0x1c, 0x21, 0x1c,
    0x0, 0x7b, 0xec, 0x4c, 0x36, 0x98, 0xe2, 0xef,
    0x88, 0x34, 0x4e, 0xd5, 0x95, 0x0, 0x8, 0x99,
    0xed, 0xf4, 0xb5, 0x24, 0x33, 0xc1, 0xf7, 0xe9,
    0x94, 0xd, 0x0,

    /* U+00E7 "ç" */
    0x0, 0x21, 0xae, 0xec, 0xec, 0x98, 0xb, 0xf,
    0xe4, 0xb4, 0x3a, 0x48, 0xd8, 0xab, 0x6d, 0xe6,
    0x8, 0x0, 0x0, 0x1f, 0x18, 0x91, 0xba, 0x0,
    0x0, 0x0, 0x0, 0x0, 0x6f, 0xe5, 0x8, 0x0,
    0x0, 0x18, 0x19, 0x10, 0xe8, 0xb0, 0x36, 0x41,
    0xce, 0xb7, 0x0, 0x21, 0xaf, 0xf9, 0xf0, 0xa4,
    0x11, 0x0, 0x0, 0x7, 0xe0, 0xb7, 0x10, 0x0,
    0x0, 0x0, 0x5, 0x25, 0x8d, 0x54, 0x0, 0x0,
    0x0, 0x19, 0xcc, 0xcb, 0x16, 0x0,

    /* U+00E8 "è" */
    0x0, 0x0, 0x7f, 0xd4, 0x0, 0x0, 0x0, 0x0,
    0x0, 0x0, 0x9, 0xb7, 0x27, 0x0, 0x0, 0x0,
    0x0, 0x0, 0x0, 0x0, 0x0, 0x0, 0x0, 0x0,
    0x0, 0x26, 0xb7, 0xf0, 0xe8, 0x84, 0x2, 0x0,
    0x11, 0xe8, 0xb8, 0x38, 0x56, 0xea, 0x72, 0x0,
    0x6e, 0xf5, 0xe, 0x0, 0x0, 0x6a, 0xe4, 0x0,
    0x91, 0xfc, 0xec, 0xec, 0xec, 0xf1, 0xff, 0xc,
    0x6e, 0xd8, 0x1c, 0x1c, 0x1c, 0x20, 0x1c, 0x2,
    0x10, 0xe6, 0x9b, 0x37, 0x47, 0xc5, 0xad, 0x0,
    0x0, 0x23, 0xb3, 0xef, 0xed, 0xa1, 0x15, 0x0,

    /* U+00E9 "é" */
    0x0, 0x0, 0x0, 0x66, 0xe2, 0x9, 0x0, 0x0,
    0x0, 0x0, 0x0, 0x95, 0x52, 0x0, 0x0, 0x0,
    0x0, 0x0, 0x0, 0x0, 0x0, 0x0, 0x0, 0x0,
    0x0, 0x26, 0xb7, 0xf0, 0xe8, 0x84, 0x2, 0x0,
    0x11, 0xe8, 0xb8, 0x38, 0x56, 0xea, 0x72, 0x0,
    0x6e, 0xf5, 0xe, 0x0, 0x0, 0x6a, 0xe4, 0x0,
    0x91, 0xfc, 0xec, 0xec, 0xec, 0xf1, 0xff, 0xc,
    0x6e, 0xd8, 0x1c, 0x1c, 0x1c, 0x20, 0x1c, 0x2,
    0x10, 0xe6, 0x9b, 0x37, 0x47, 0xc5, 0xad, 0x0,
    0x0, 0x23, 0xb3, 0xef, 0xed, 0xa1, 0x15, 0x0,

    /* U+00EA "ê" */
    0x0, 0x0, 0x34, 0xf4, 0xbc, 0x3, 0x0, 0x0,
    0x0, 0xa, 0xbc, 0x4f, 0xa6, 0x64, 0x0, 0x0,
    0x0, 0x0, 0x0, 0x0, 0x0, 0x0, 0x0, 0x0,
    0x0, 0x26, 0xb7, 0xf0, 0xe8, 0x84, 0x2, 0x0,
    0x11, 0xe8, 0xb8, 0x38, 0x56, 0xea, 0x72, 0x0,
    0x6e, 0xf5, 0xe, 0x0, 0x0, 0x6a, 0xe4, 0x0,
    0x91, 0xfc, 0xec, 0xec, 0xec, 0xf1, 0xff, 0xc,
    0x6e, 0xd8, 0x1c, 0x1c, 0x1c, 0x20, 0x1c, 0x2,
    0x10, 0xe6, 0x9b, 0x37, 0x47, 0xc5, 0xad, 0x0,
    0x0, 0x23, 0xb3, 0xef, 0xed, 0xa1, 0x15, 0x0,

    /* U+00EB "ë" */
    0x0, 0x1d, 0xe4, 0x30, 0xb1, 0x82, 0x0, 0x0,
    0x0, 0x7, 0x79, 0x10, 0x56, 0x3b, 0x0, 0x0,
    0x0, 0x0, 0x0, 0x0, 0x0, 0x0, 0x0, 0x0,
    0x0, 0x26, 0xb7, 0xf0, 0xe8, 0x84, 0x2, 0x0,
    0x11, 0xe8, 0xb8, 0x38, 0x56, 0xea, 0x72, 0x0,
    0x6e, 0xf5, 0xe, 0x0, 0x0, 0x6a, 0xe4, 0x0,
    0x91, 0xfc, 0xec, 0xec, 0xec, 0xf1, 0xff, 0xc,
    0x6e, 0xd8, 0x1c, 0x1c, 0x1c, 0x20, 0x1c, 0x2,
    0x10, 0xe6, 0x9b, 0x37, 0x47, 0xc5, 0xad, 0x0,
    0x0, 0x23, 0xb3, 0xef, 0xed, 0xa1, 0x15, 0x0,

    /* U+00EC "ì" */
    0xb6, 0x9b, 0x0, 0x28, 0xb8, 0x4, 0x0, 0x0,
    0x0, 0x1c, 0xff, 0x30, 0x1c, 0xff, 0x30, 0x1c,
    0xff, 0x30, 0x1c, 0xff, 0x30, 0x1c, 0xff, 0x30,
    0x1c, 0xff, 0x30, 0x1c, 0xff, 0x30,

    /* U+00ED "í" */
    0x0, 0x86, 0xca, 0x1, 0x0, 0xad, 0x39, 0x0,
    0x0, 0x0, 0x0, 0x0, 0x1c, 0xff, 0x30, 0x0,
    0x1c, 0xff, 0x30, 0x0, 0x1c, 0xff, 0x30, 0x0,
    0x1c, 0xff, 0x30, 0x0, 0x1c, 0xff, 0x30, 0x0,
    0x1c, 0xff, 0x30, 0x0, 0x1c, 0xff, 0x30, 0x0,

    /* U+00EE "î" */
    0x0, 0x7d, 0xf4, 0x89, 0x0, 0x27, 0x98, 0x19,
    0x93, 0x2a, 0x0, 0x0, 0x0, 0x0, 0x0, 0x0,
    0x1c, 0xff, 0x30, 0x0, 0x0, 0x1c, 0xff, 0x30,
    0x0, 0x0, 0x1c, 0xff, 0x30, 0x0, 0x0, 0x1c,
    0xff, 0x30, 0x0, 0x0, 0x1c, 0xff, 0x30, 0x0,
    0x0, 0x1c, 0xff, 0x30, 0x0, 0x0, 0x1c, 0xff,
    0x30, 0x0,

    /* U+00EF "ï" */
    0x15, 0xe4, 0x66, 0xe6, 0x28, 0x3, 0x78, 0x21,
    0x79, 0xb, 0x0, 0x0, 0x0, 0x0, 0x0, 0x0,
    0x1c, 0xff, 0x30, 0x0, 0x0, 0x1c, 0xff, 0x30,
    0x0, 0x0, 0x1c, 0xff, 0x30, 0x0, 0x0, 0x1c,
    0xff, 0x30, 0x0, 0x0, 0x1c, 0xff, 0x30, 0x0,
    0x0, 0x1c, 0xff, 0x30, 0x0, 0x0, 0x1c, 0xff,
    0x30, 0x0,

    /* U+00F0 "ð" */
    0x0, 0x0, 0x4a, 0x10, 0x0, 0x0, 0x0, 0x0,
    0x0, 0x8, 0xcd, 0xf4, 0x8a, 0xc0, 0x4c, 0x0,
    0x0, 0x0, 0x60, 0xef, 0xf3, 0xd4, 0x5, 0x0,
    0x0, 0x0, 0x4c, 0x35, 0x1c, 0xe5, 0x74, 0x0,
    0x0, 0x13, 0xa2, 0xeb, 0xe6, 0xc8, 0xee, 0x6,
    0x3, 0xc8, 0xce, 0x47, 0x47, 0xd0, 0xff, 0x40,
    0x43, 0xfe, 0x1e, 0x0, 0x0, 0x20, 0xfe, 0x62,
    0x64, 0xea, 0x0, 0x0, 0x0, 0x0, 0xeb, 0x60,
    0x3d, 0xfe, 0x22, 0x0, 0x0, 0x25, 0xff, 0x34,
    0x1, 0xbd, 0xd5, 0x52, 0x53, 0xd7, 0xb9, 0x0,
    0x0, 0x11, 0xa1, 0xf2, 0xf2, 0xa5, 0x13, 0x0,

    /* U+00F1 "ñ" */
    0x0, 0x9, 0xc2, 0xd1, 0x2c, 0xe3, 0x31, 0x0,
    0x59, 0xc5, 0x76, 0xfa, 0xc5, 0x1, 0x0, 0x13,
    0x1b, 0x0, 0x15, 0x4, 0x0, 0x38, 0xff, 0x54,
    0xdb, 0xf2, 0xb0, 0x14, 0x38, 0xff, 0xcf, 0x40,
    0x48, 0xe1, 0x99, 0x38, 0xff, 0x3d, 0x0, 0x0,
    0x7b, 0xd1, 0x38, 0xff, 0x15, 0x0, 0x0, 0x6c,
    0xdc, 0x38, 0xff, 0x14, 0x0, 0x0, 0x6c, 0xdc,
    0x38, 0xff, 0x14, 0x0, 0x0, 0x6c, 0xdc, 0x38,
    0xff, 0x14, 0x0, 0x0, 0x6c, 0xdc,

    /* U+00F2 "ò" */
    0x0, 0x0, 0x6f, 0xe0, 0x2, 0x0, 0x0, 0x0,
    0x0, 0x0, 0x4, 0xb0, 0x31, 0x0, 0x0, 0x0,
    0x0, 0x0, 0x0, 0x0, 0x0, 0x0, 0x0, 0x0,
    0x0, 0x21, 0xae, 0xec, 0xe5, 0x9b, 0x11, 0x0,
    0xf, 0xe4, 0xb5, 0x3c, 0x46, 0xcd, 0xcf, 0x4,
    0x6d, 0xe5, 0x8, 0x0, 0x0, 0x1a, 0xfc, 0x4d,
    0x90, 0xba, 0x0, 0x0, 0x0, 0x0, 0xe3, 0x6e,
    0x6d, 0xe5, 0x8, 0x0, 0x0, 0x1a, 0xfc, 0x4d,
    0xf, 0xe4, 0xb5, 0x3c, 0x46, 0xcc, 0xd0, 0x4,
    0x0, 0x21, 0xaf, 0xec, 0xe6, 0x9c, 0x11, 0x0,

    /* U+00F3 "ó" */
    0x0, 0x0, 0x0, 0x2d, 0xfb, 0x2a, 0x0, 0x0,
    0x0, 0x0, 0x0, 0x6a, 0x7d, 0x0, 0x0, 0x0,
    0x0, 0x0, 0x0, 0x0, 0x0, 0x0, 0x0, 0x0,
    0x0, 0x21, 0xae, 0xec, 0xe5, 0x9b, 0x11, 0x0,
    0xf, 0xe4, 0xb5, 0x3c, 0x46, 0xcd, 0xcf, 0x4,
    0x6d, 0xe5, 0x8, 0x0, 0x0, 0x1a, 0xfc, 0x4d,
    0x90, 0xba, 0x0, 0x0, 0x0, 0x0, 0xe3, 0x6e,
    0x6d, 0xe5, 0x8, 0x0, 0x0, 0x1a, 0xfc, 0x4d,
    0xf, 0xe4, 0xb5, 0x3c, 0x46, 0xcc, 0xd0, 0x4,
    0x0, 0x21, 0xaf, 0xec, 0xe6, 0x9c, 0x11, 0x0,

    /* U+00F4 "ô" */
    0x0, 0x0, 0x26, 0xe6, 0xd5, 0xf, 0x0, 0x0,
    0x0, 0x2, 0x98, 0x55, 0x76, 0x74, 0x0, 0x0,
    0x0, 0x0, 0x0, 0x0, 0x0, 0x0, 0x0, 0x0,
    0x0, 0x21, 0xae, 0xec, 0xe5, 0x9b, 0x11, 0x0,
    0xf, 0xe4, 0xb5, 0x3c, 0x46, 0xcd, 0xcf, 0x4,
    0x6d, 0xe5, 0x8, 0x0, 0x0, 0x1a, 0xfc, 0x4d,
    0x90, 0xba, 0x0, 0x0, 0x0, 0x0, 0xe3, 0x6e,
    0x6d, 0xe5, 0x8, 0x0, 0x0, 0x1a, 0xfc, 0x4d,
    0xf, 0xe4, 0xb5, 0x3c, 0x46, 0xcc, 0xd0, 0x4,
    0x0, 0x21, 0xaf, 0xec, 0xe6, 0x9c, 0x11, 0x0,

    /* U+00F5 "õ" */
    0x0, 0x2a, 0xdd, 0xfe, 0xfc, 0xee, 0x1c, 0x0,
    0x0, 0x12, 0x2b, 0x2a, 0x2a, 0xb, 0x0, 0x0,
    0x0, 0x0, 0x0, 0x0, 0x0, 0x0, 0x0, 0x0,
    0x0, 0x21, 0xae, 0xec, 0xe5, 0x9b, 0x11, 0x0,
    0xf, 0xe4, 0xb5, 0x3c, 0x46, 0xcd, 0xcf, 0x4,
    0x6d, 0xe5, 0x8, 0x0, 0x0, 0x1a, 0xfc, 0x4d,
    0x90, 0xba, 0x0, 0x0, 0x0, 0x0, 0xe3, 0x6e,
    0x6d, 0xe5, 0x8, 0x0, 0x0, 0x1a, 0xfc, 0x4d,
    0xf, 0xe4, 0xb5, 0x3c, 0x46, 0xcc, 0xd0, 0x4,
    0x0, 0x21, 0xaf, 0xec, 0xe6, 0x9c, 0x11, 0x0,

    /* U+00F6 "ö" */
    0x0, 0x1, 0xd5, 0x5d, 0x82, 0xb2, 0x0, 0x0,
    0x0, 0x0, 0x6a, 0x27, 0x3b, 0x56, 0x0, 0x0,
    0x0, 0x0, 0x0, 0x0, 0x0, 0x0, 0x0, 0x0,
    0x0, 0x21, 0xae, 0xec, 0xe5, 0x9b, 0x11, 0x0,
    0xf, 0xe4, 0xb5, 0x3c, 0x46, 0xcd, 0xcf, 0x4,
    0x6d, 0xe5, 0x8, 0x0, 0x0, 0x1a, 0xfc, 0x4d,
    0x90, 0xba, 0x0, 0x0, 0x0, 0x0, 0xe3, 0x6e,
    0x6d, 0xe5, 0x8, 0x0, 0x0, 0x1a, 0xfc, 0x4d,
    0xf, 0xe4, 0xb5, 0x3c, 0x46, 0xcc, 0xd0, 0x4,
    0x0, 0x21, 0xaf, 0xec, 0xe6, 0x9c, 0x11, 0x0,

    /* U+00F7 "÷" */
    0x0, 0x0, 0x8, 0xdc, 0x96, 0x0, 0x0, 0x0,
    0x0, 0x5, 0xc2, 0x81, 0x0, 0x0, 0x0, 0x0,
    0x0, 0x0, 0x0, 0x0, 0x0, 0x34, 0xf0, 0xf0,
    0xf0, 0xf0, 0xf0, 0xdd, 0x7, 0x20, 0x20, 0x20,
    0x20, 0x20, 0x1d, 0x0, 0x0, 0x5, 0xbe, 0x7e,
    0x0, 0x0, 0x0, 0x0, 0x8, 0xde, 0x98, 0x0,
    0x0,

    /* U+00F8 "ø" */
    0x0, 0x0, 0x0, 0x0, 0x0, 0xe, 0x4, 0x0,
    0x0, 0x1f, 0xad, 0xec, 0xee, 0xd9, 0x6d, 0x0,
    0xf, 0xe3, 0xb5, 0x3c, 0x8a, 0xfd, 0xcb, 0x4,
    0x6d, 0xe5, 0x8, 0xf, 0xde, 0x48, 0xfb, 0x4b,
    0x93, 0xba, 0x0, 0x9c, 0x80, 0x0, 0xe2, 0x6a,
    0x75, 0xe5, 0x4d, 0xd0, 0x5, 0x1a, 0xfc, 0x45,
    0x13, 0xe6, 0xfc, 0x6e, 0x46, 0xcc, 0xc8, 0x3,
    0x0, 0x8a, 0xd9, 0xf4, 0xe6, 0x9d, 0x13, 0x0,
    0x0, 0x8, 0x8, 0x0, 0x0, 0x0, 0x0, 0x0,

    /* U+00F9 "ù" */
    0x0, 0x0, 0x68, 0xe4, 0x4, 0x0, 0x0, 0x0,
    0x0, 0x3, 0xad, 0x36, 0x0, 0x0, 0x0, 0x0,
    0x0, 0x0, 0x0, 0x0, 0x0, 0x44, 0xff, 0x4,
    0x0, 0x0, 0x7c, 0xcc, 0x44, 0xff, 0x4, 0x0,
    0x0, 0x7c, 0xcc, 0x44, 0xff, 0x4, 0x0, 0x0,
    0x7c, 0xcc, 0x44, 0xff, 0x4, 0x0, 0x0, 0x7d,
    0xcc, 0x3a, 0xff, 0x12, 0x0, 0x0, 0xa5, 0xcc,
    0x10, 0xf4, 0x9f, 0x33, 0x6b, 0xf7, 0xcc, 0x0,
    0x50, 0xda, 0xf6, 0xb1, 0x82, 0xcc,

    /* U+00FA "ú" */
    0x0, 0x0, 0x0, 0x5d, 0xe8, 0xd, 0x0, 0x0,
    0x0, 0x0, 0x8d, 0x58, 0x0, 0x0, 0x0, 0x0,
    0x0, 0x0, 0x0, 0x0, 0x0, 0x44, 0xff, 0x4,
    0x0, 0x0, 0x7c, 0xcc, 0x44, 0xff, 0x4, 0x0,
    0x0, 0x7c, 0xcc, 0x44, 0xff, 0x4, 0x0, 0x0,
    0x7c, 0xcc, 0x44, 0xff, 0x4, 0x0, 0x0, 0x7d,
    0xcc, 0x3a, 0xff, 0x12, 0x0, 0x0, 0xa5, 0xcc,
    0x10, 0xf4, 0x9f, 0x33, 0x6b, 0xf7, 0xcc, 0x0,
    0x50, 0xda, 0xf6, 0xb1, 0x82, 0xcc,

    /* U+00FB "û" */
    0x0, 0x0, 0x3b, 0xf1, 0xc0, 0x5, 0x0, 0x0,
    0xa, 0xa8, 0x3e, 0x8d, 0x5c, 0x0, 0x0, 0x0,
    0x0, 0x0, 0x0, 0x0, 0x0, 0x44, 0xff, 0x4,
    0x0, 0x0, 0x7c, 0xcc, 0x44, 0xff, 0x4, 0x0,
    0x0, 0x7c, 0xcc, 0x44, 0xff, 0x4, 0x0, 0x0,
    0x7c, 0xcc, 0x44, 0xff, 0x4, 0x0, 0x0, 0x7d,
    0xcc, 0x3a, 0xff, 0x12, 0x0, 0x0, 0xa5, 0xcc,
    0x10, 0xf4, 0x9f, 0x33, 0x6b, 0xf7, 0xcc, 0x0,
    0x50, 0xda, 0xf6, 0xb1, 0x82, 0xcc,

    /* U+00FC "ü" */
    0x0, 0xd, 0xe2, 0x47, 0x99, 0x9b, 0x0, 0x0,
    0x1, 0x74, 0x1a, 0x49, 0x48, 0x0, 0x0, 0x0,
    0x0, 0x0, 0x0, 0x0, 0x0, 0x44, 0xff, 0x4,
    0x0, 0x0, 0x7c, 0xcc, 0x44, 0xff, 0x4, 0x0,
    0x0, 0x7c, 0xcc, 0x44, 0xff, 0x4, 0x0, 0x0,
    0x7c, 0xcc, 0x44, 0xff, 0x4, 0x0, 0x0, 0x7d,
    0xcc, 0x3a, 0xff, 0x12, 0x0, 0x0, 0xa5, 0xcc,
    0x10, 0xf4, 0x9f, 0x33, 0x6b, 0xf7, 0xcc, 0x0,
    0x50, 0xda, 0xf6, 0xb1, 0x82, 0xcc,

    /* U+00FD "ý" */
    0x0, 0x0, 0x0, 0x8a, 0xc6, 0x0, 0x0, 0x0,
    0x0, 0x1, 0xaf, 0x36, 0x0, 0x0, 0x0, 0x0,
    0x0, 0x0, 0x0, 0x0, 0x0, 0xb9, 0xa8, 0x0,
    0x0, 0x0, 0xaf, 0xb4, 0x49, 0xfa, 0x17, 0x0,
    0x19, 0xfb, 0x46, 0x1, 0xd8, 0x7a, 0x0, 0x7b,
    0xd7, 0x1, 0x0, 0x6a, 0xe0, 0x4, 0xde, 0x6a,
    0x0, 0x0, 0xb, 0xef, 0x93, 0xf0, 0xc, 0x0,
    0x0, 0x0, 0x8c, 0xff, 0x8e, 0x0, 0x0, 0x0,
    0x0, 0x38, 0xfd, 0x22, 0x0, 0x0, 0x0, 0x0,
    0x92, 0xb2, 0x0, 0x0, 0x0, 0x0, 0x12, 0xf4,
    0x44, 0x0, 0x0, 0x0, 0x0, 0x7d, 0xd6, 0x0,
    0x0, 0x0, 0x0,

    /* U+00FE "þ" */
    0x38, 0xff, 0x14, 0x0, 0x0, 0x0, 0x0, 0x0,
    0x38, 0xff, 0x14, 0x0, 0x0, 0x0, 0x0, 0x0,
    0x38, 0xff, 0x14, 0x0, 0x0, 0x0, 0x0, 0x0,
    0x38, 0xff, 0x5b, 0xd7, 0xf8, 0xc7, 0x33, 0x0,
    0x38, 0xff, 0xd9, 0x51, 0x38, 0xa6, 0xed, 0x16,
    0x38, 0xff, 0x40, 0x0, 0x0, 0x3, 0xd8, 0x7c,
    0x38, 0xff, 0xe, 0x0, 0x0, 0x0, 0xa7, 0xa0,
    0x38, 0xff, 0x3f, 0x0, 0x0, 0x3, 0xd7, 0x7c,
    0x38, 0xff, 0xd9, 0x51, 0x38, 0xa8, 0xed, 0x16,
    0x38, 0xff, 0x5a, 0xd7, 0xf9, 0xc8, 0x34, 0x0,
    0x38, 0xff, 0x14, 0x0, 0x0, 0x0, 0x0, 0x0,
    0x38, 0xff, 0x14, 0x0, 0x0, 0x0, 0x0, 0x0,
    0x38, 0xff, 0x14, 0x0, 0x0, 0x0, 0x0, 0x0,

    /* U+00FF "ÿ" */
    0x0, 0x48, 0xe1, 0x12, 0xde, 0x51, 0x0, 0x0,
    0x1c, 0x74, 0x0, 0x71, 0x1f, 0x0, 0x0, 0x0,
    0x0, 0x0, 0x0, 0x0, 0x0, 0xb9, 0xa8, 0x0,
    0x0, 0x0, 0xaf, 0xb4, 0x49, 0xfa, 0x17, 0x0,
    0x19, 0xfb, 0x46, 0x1, 0xd8, 0x7a, 0x0, 0x7b,
    0xd7, 0x1, 0x0, 0x6a, 0xe0, 0x4, 0xde, 0x6a,
    0x0, 0x0, 0xb, 0xef, 0x93, 0xf0, 0xc, 0x0,
    0x0, 0x0, 0x8c, 0xff, 0x8e, 0x0, 0x0, 0x0,
    0x0, 0x38, 0xfd, 0x22, 0x0, 0x0, 0x0, 0x0,
    0x92, 0xb2, 0x0, 0x0, 0x0, 0x0, 0x12, 0xf4,
    0x44, 0x0, 0x0, 0x0, 0x0, 0x7d, 0xd6, 0x0,
    0x0, 0x0, 0x0,

    /* U+0100 "Ā" */
    0x0, 0x0, 0x48, 0xff, 0xff, 0xff, 0xa4, 0x0,
    0x0, 0x0, 0x0, 0x0, 0x0, 0x0, 0x0, 0x0,
    0x0, 0x0, 0x0, 0x0, 0x0, 0x0, 0x0, 0x3d,
    0xff, 0x97, 0x0, 0x0, 0x0, 0x0, 0x0, 0x0,
    0x0, 0x9d, 0xe3, 0xf0, 0x8, 0x0, 0x0, 0x0,
    0x0, 0x0, 0xb, 0xf2, 0x4f, 0xeb, 0x59, 0x0,
    0x0, 0x0, 0x0, 0x0, 0x5f, 0xe8, 0x4, 0x93,
    0xba, 0x0, 0x0, 0x0, 0x0, 0x0, 0xc0, 0x8f,
    0x0, 0x35, 0xfd, 0x1d, 0x0, 0x0, 0x0, 0x21,
    0xfe, 0x32, 0x0, 0x0, 0xd6, 0x7b, 0x0, 0x0,
    0x0, 0x81, 0xff, 0xff, 0xff, 0xff, 0xff, 0xdb,
    0x0, 0x0, 0x1, 0xe0, 0x8a, 0x30, 0x30, 0x30,
    0x3f, 0xfe, 0x3d, 0x0, 0x43, 0xfe, 0x1f, 0x0,
    0x0, 0x0, 0x0, 0xc2, 0x9e, 0x0, 0xa4, 0xc4,
    0x0, 0x0, 0x0, 0x0, 0x0, 0x6b, 0xf3, 0xb,

    /* U+0101 "ā" */
    0x0, 0x50, 0xff, 0xff, 0xff, 0x9c, 0x0, 0x0,
    0x0, 0x0, 0x0, 0x0, 0x0, 0x0, 0x0, 0x0,
    0x0, 0x0, 0x0, 0x0, 0x0, 0x3, 0x82, 0xe3,
    0xf7, 0xcf, 0x4c, 0x0, 0x19, 0x92, 0x52, 0x29,
    0x67, 0xf3, 0x27, 0x0, 0x66, 0xcc, 0xe4, 0xc1,
    0xe7, 0x68, 0x54, 0xfc, 0x6a, 0x25, 0x49, 0xe9,
    0x78, 0x8f, 0xc5, 0x0, 0x0, 0xe, 0xf0, 0x78,
    0x5a, 0xf6, 0x52, 0x34, 0xbb, 0xfb, 0x78, 0x0,
    0x80, 0xe8, 0xef, 0x81, 0xc4, 0x78,

    /* U+0102 "Ă" */
    0x0, 0x0, 0x6, 0x7e, 0xf, 0x5c, 0x34, 0x0,
    0x0, 0x0, 0x0, 0x0, 0x0, 0x87, 0xeb, 0xc2,
    0x17, 0x0, 0x0, 0x0, 0x0, 0x0, 0x0, 0x0,
    0x0, 0x0, 0x0, 0x0, 0x0, 0x0, 0x0, 0x0,
    0x0, 0x3d, 0xff, 0x97, 0x0, 0x0, 0x0, 0x0,
    0x0, 0x0, 0x0, 0x9d, 0xe3, 0xf0, 0x8, 0x0,
    0x0, 0x0, 0x0, 0x0, 0xb, 0xf2, 0x4f, 0xeb,
    0x59, 0x0, 0x0, 0x0, 0x0, 0x0, 0x5f, 0xe8,
    0x4, 0x93, 0xba, 0x0, 0x0, 0x0, 0x0, 0x0,
    0xc0, 0x8f, 0x0, 0x35, 0xfd, 0x1d, 0x0, 0x0,
    0x0, 0x21, 0xfe, 0x32, 0x0, 0x0, 0xd6, 0x7b,
    0x0, 0x0, 0x0, 0x81, 0xff, 0xff, 0xff, 0xff,
    0xff, 0xdb, 0x0, 0x0, 0x1, 0xe0, 0x8a, 0x30,
    0x30, 0x30, 0x3f, 0xfe, 0x3d, 0x0, 0x43, 0xfe,
    0x1f, 0x0, 0x0, 0x0, 0x0, 0xc2, 0x9e, 0x0,
    0xa4, 0xc4, 0x0, 0x0, 0x0, 0x0, 0x0, 0x6b,
    0xf3, 0xb,

    /* U+0103 "ă" */
    0x0, 0x1b, 0xf1, 0x12, 0xcf, 0x45, 0x0, 0x0,
    0x0, 0x79, 0xe9, 0x9e, 0x1, 0x0, 0x0, 0x0,
    0x0, 0x0, 0x0, 0x0, 0x0, 0x3, 0x82, 0xe3,
    0xf7, 0xcf, 0x4c, 0x0, 0x19, 0x92, 0x52, 0x29,
    0x67, 0xf3, 0x27, 0x0, 0x66, 0xcc, 0xe4, 0xc1,
    0xe7, 0x68, 0x54, 0xfc, 0x6a, 0x25, 0x49, 0xe9,
    0x78, 0x8f, 0xc5, 0x0, 0x0, 0xe, 0xf0, 0x78,
    0x5a, 0xf6, 0x52, 0x34, 0xbb, 0xfb, 0x78, 0x0,
    0x80, 0xe8, 0xef, 0x81, 0xc4, 0x78,

    /* U+0104 "Ą" */
    0x0, 0x0, 0x0, 0x3d, 0xff, 0x97, 0x0, 0x0,
    0x0, 0x0, 0x0, 0x0, 0x0, 0x9d, 0xe3, 0xf0,
    0x8, 0x0, 0x0, 0x0, 0x0, 0x0, 0xb, 0xf2,
    0x4f, 0xeb, 0x59, 0x0, 0x0, 0x0, 0x0, 0x0,
    0x5f, 0xe8, 0x4, 0x93, 0xba, 0x0, 0x0, 0x0,
    0x0, 0x0, 0xc0, 0x8f, 0x0, 0x35, 0xfd, 0x1d,
    0x0, 0x0, 0x0, 0x21, 0xfe, 0x32, 0x0, 0x0,
    0xd6, 0x7b, 0x0, 0x0, 0x0, 0x81, 0xff, 0xff,
    0xff, 0xff, 0xff, 0xdb, 0x0, 0x0, 0x1, 0xe0,
    0x8a, 0x30, 0x30, 0x30, 0x3f, 0xfe, 0x3d, 0x0,
    0x43, 0xfe, 0x1f, 0x0, 0x0, 0x0, 0x0, 0xc2,
    0x9e, 0x0, 0xa4, 0xc4, 0x0, 0x0, 0x0, 0x0,
    0x0, 0x6b, 0xf3, 0xb, 0x0, 0x0, 0x0, 0x0,
    0x0, 0x0, 0x0, 0x9c, 0x9e, 0x3, 0x0, 0x0,
    0x0, 0x0, 0x0, 0x0, 0x0, 0xea, 0x59, 0x5,
    0x0, 0x0, 0x0, 0x0, 0x0, 0x0, 0x0, 0x77,
    0xf3, 0x61,

    /* U+0105 "ą" */
    0x3, 0x82, 0xe3, 0xf7, 0xd0, 0x4f, 0x0, 0x19,
    0x92, 0x52, 0x29, 0x67, 0xf4, 0x2b, 0x0, 0x66,
    0xcc, 0xe4, 0xc1, 0xe7, 0x6b, 0x54, 0xfc, 0x6a,
    0x25, 0x49, 0xe9, 0x78, 0x8f, 0xc5, 0x0, 0x0,
    0xe, 0xf0, 0x78, 0x5a, 0xf6, 0x52, 0x34, 0xbb,
    0xfb, 0x78, 0x0, 0x80, 0xe8, 0xef, 0x81, 0xca,
    0x71, 0x0, 0x0, 0x0, 0x0, 0x5d, 0xc3, 0x6,
    0x0, 0x0, 0x0, 0x0, 0xa2, 0x9e, 0xa, 0x0,
    0x0, 0x0, 0x0, 0x3c, 0xe4, 0xa5,

    /* U+0106 "Ć" */
    0x0, 0x0, 0x0, 0x0, 0x0, 0x4a, 0xb5, 0x7,
    0x0, 0x0, 0x0, 0x0, 0x0, 0x0, 0x0, 0xbf,
    0x75, 0x0, 0x0, 0x0, 0x0, 0x0, 0x0, 0x0,
    0x0, 0x0, 0x0, 0x0, 0x0, 0x0, 0x0, 0x0,
    0x11, 0x88, 0xda, 0xf8, 0xec, 0xad, 0x2f, 0x0,
    0x0, 0x21, 0xdf, 0xd6, 0x67, 0x3e, 0x51, 0xaf,
    0xf8, 0x27, 0x1, 0xcd, 0xbb, 0x8, 0x0, 0x0,
    0x0, 0x0, 0x38, 0x0, 0x40, 0xff, 0x21, 0x0,
    0x0, 0x0, 0x0, 0x0, 0x0, 0x0, 0x71, 0xdf,
    0x0, 0x0, 0x0, 0x0, 0x0, 0x0, 0x0, 0x0,
    0x71, 0xdf, 0x0, 0x0, 0x0, 0x0, 0x0, 0x0,
    0x0, 0x0, 0x40, 0xff, 0x21, 0x0, 0x0, 0x0,
    0x0, 0x0, 0x0, 0x0, 0x2, 0xcf, 0xbb, 0x8,
    0x0, 0x0, 0x0, 0x0, 0x53, 0x15, 0x0, 0x23,
    0xe1, 0xd6, 0x67, 0x3e, 0x51, 0xaa, 0xfe, 0x5f,
    0x0, 0x0, 0x12, 0x89, 0xdb, 0xf9, 0xec, 0xb1,
    0x3c, 0x0,

    /* U+0107 "ć" */
    0x0, 0x0, 0x0, 0x66, 0xe2, 0x9, 0x0, 0x0,
    0x0, 0x0, 0x95, 0x52, 0x0, 0x0, 0x0, 0x0,
    0x0, 0x0, 0x0, 0x0, 0x0, 0x0, 0x21, 0xae,
    0xec, 0xec, 0x98, 0xb, 0xf, 0xe4, 0xb4, 0x3a,
    0x48, 0xd8, 0xab, 0x6d, 0xe6, 0x8, 0x0, 0x0,
    0x1f, 0x18, 0x90, 0xba, 0x0, 0x0, 0x0, 0x0,
    0x0, 0x6c, 0xe6, 0x8, 0x0, 0x0, 0x1a, 0x1c,
    0xe, 0xe3, 0xb3, 0x3a, 0x45, 0xd0, 0xb5, 0x0,
    0x21, 0xaf, 0xed, 0xed, 0x9c, 0xe,

    /* U+0108 "Ĉ" */
    0x0, 0x0, 0x0, 0x0, 0xf, 0x7c, 0x40, 0x0,
    0x0, 0x0, 0x0, 0x0, 0x0, 0xf, 0xca, 0x85,
    0xda, 0x43, 0x0, 0x0, 0x0, 0x0, 0x0, 0x0,
    0x0, 0x0, 0x0, 0x0, 0x0, 0x0, 0x0, 0x0,
    0x11, 0x88, 0xda, 0xf8, 0xec, 0xad, 0x2f, 0x0,
    0x0, 0x21, 0xdf, 0xd6, 0x67, 0x3e, 0x51, 0xaf,
    0xf8, 0x27, 0x1, 0xcd, 0xbb, 0x8, 0x0, 0x0,
    0x0, 0x0, 0x38, 0x0, 0x40, 0xff, 0x21, 0x0,
    0x0, 0x0, 0x0, 0x0, 0x0, 0x0, 0x71, 0xdf,
    0x0, 0x0, 0x0, 0x0, 0x0, 0x0, 0x0, 0x0,
    0x71, 0xdf, 0x0, 0x0, 0x0, 0x0, 0x0, 0x0,
    0x0, 0x0, 0x40, 0xff, 0x21, 0x0, 0x0, 0x0,
    0x0, 0x0, 0x0, 0x0, 0x2, 0xcf, 0xbb, 0x8,
    0x0, 0x0, 0x0, 0x0, 0x53, 0x15, 0x0, 0x23,
    0xe1, 0xd6, 0x67, 0x3e, 0x51, 0xaa, 0xfe, 0x5f,
    0x0, 0x0, 0x12, 0x89, 0xdb, 0xf9, 0xec, 0xb1,
    0x3c, 0x0,

    /* U+0109 "ĉ" */
    0x0, 0x0, 0x36, 0xee, 0xc3, 0x6, 0x0, 0x0,
    0x8, 0xa5, 0x44, 0x87, 0x61, 0x0, 0x0, 0x0,
    0x0, 0x0, 0x0, 0x0, 0x0, 0x0, 0x21, 0xae,
    0xec, 0xec, 0x98, 0xb, 0xf, 0xe4, 0xb4, 0x3a,
    0x48, 0xd8, 0xab, 0x6d, 0xe6, 0x8, 0x0, 0x0,
    0x1f, 0x18, 0x90, 0xba, 0x0, 0x0, 0x0, 0x0,
    0x0, 0x6c, 0xe6, 0x8, 0x0, 0x0, 0x1a, 0x1c,
    0xe, 0xe3, 0xb3, 0x3a, 0x45, 0xd0, 0xb5, 0x0,
    0x21, 0xaf, 0xed, 0xed, 0x9c, 0xe,

    /* U+010A "Ċ" */
    0x0, 0x0, 0x0, 0x0, 0x0, 0x9, 0x0, 0x0,
    0x0, 0x0, 0x0, 0x0, 0x0, 0x0, 0x1c, 0xfc,
    0x20, 0x0, 0x0, 0x0, 0x0, 0x0, 0x0, 0x0,
    0x0, 0x34, 0x0, 0x0, 0x0, 0x0, 0x0, 0x0,
    0x0, 0x0, 0x0, 0x0, 0x0, 0x0, 0x0, 0x0,
    0x0, 0x0, 0x11, 0x88, 0xda, 0xf8, 0xec, 0xad,
    0x2f, 0x0, 0x0, 0x21, 0xdf, 0xd6, 0x67, 0x3e,
    0x51, 0xaf, 0xf8, 0x27, 0x1, 0xcd, 0xbb, 0x8,
    0x0, 0x0, 0x0, 0x0, 0x38, 0x0, 0x40, 0xff,
    0x21, 0x0, 0x0, 0x0, 0x0, 0x0, 0x0, 0x0,
    0x71, 0xdf, 0x0, 0x0, 0x0, 0x0, 0x0, 0x0,
    0x0, 0x0, 0x71, 0xdf, 0x0, 0x0, 0x0, 0x0,
    0x0, 0x0, 0x0, 0x0, 0x40, 0xff, 0x21, 0x0,
    0x0, 0x0, 0x0, 0x0, 0x0, 0x0, 0x2, 0xcf,
    0xbb, 0x8, 0x0, 0x0, 0x0, 0x0, 0x53, 0x15,
    0x0, 0x23, 0xe1, 0xd6, 0x67, 0x3e, 0x51, 0xaa,
    0xfe, 0x5f, 0x0, 0x0, 0x12, 0x89, 0xdb, 0xf9,
    0xec, 0xb1, 0x3c, 0x0,

    /* U+010B "ċ" */
    0x0, 0x0, 0x0, 0xc4, 0x70, 0x0, 0x0, 0x0,
    0x0, 0x0, 0x60, 0x30, 0x0, 0x0, 0x0, 0x0,
    0x0, 0x0, 0x0, 0x0, 0x0, 0x0, 0x21, 0xae,
    0xec, 0xec, 0x98, 0xb, 0xf, 0xe4, 0xb4, 0x3a,
    0x48, 0xd8, 0xab, 0x6d, 0xe6, 0x8, 0x0, 0x0,
    0x1f, 0x18, 0x90, 0xba, 0x0, 0x0, 0x0, 0x0,
    0x0, 0x6c, 0xe6, 0x8, 0x0, 0x0, 0x1a, 0x1c,
    0xe, 0xe3, 0xb3, 0x3a, 0x45, 0xd0, 0xb5, 0x0,
    0x21, 0xaf, 0xed, 0xed, 0x9c, 0xe,

    /* U+010C "Č" */
    0x0, 0x0, 0x0, 0x1b, 0x79, 0xe, 0x74, 0x2d,
    0x0, 0x0, 0x0, 0x0, 0x0, 0x0, 0x7f, 0xed,
    0x9a, 0x1, 0x0, 0x0, 0x0, 0x0, 0x0, 0x0,
    0x0, 0x0, 0x0, 0x0, 0x0, 0x0, 0x0, 0x0,
    0x11, 0x88, 0xda, 0xf8, 0xec, 0xad, 0x2f, 0x0,
    0x0, 0x21, 0xdf, 0xd6, 0x67, 0x3e, 0x51, 0xaf,
    0xf8, 0x27, 0x1, 0xcd, 0xbb, 0x8, 0x0, 0x0,
    0x0, 0x0, 0x38, 0x0, 0x40, 0xff, 0x21, 0x0,
    0x0, 0x0, 0x0, 0x0, 0x0, 0x0, 0x71, 0xdf,
    0x0, 0x0, 0x0, 0x0, 0x0, 0x0, 0x0, 0x0,
    0x71, 0xdf, 0x0, 0x0, 0x0, 0x0, 0x0, 0x0,
    0x0, 0x0, 0x40, 0xff, 0x21, 0x0, 0x0, 0x0,
    0x0, 0x0, 0x0, 0x0, 0x2, 0xcf, 0xbb, 0x8,
    0x0, 0x0, 0x0, 0x0, 0x53, 0x15, 0x0, 0x23,
    0xe1, 0xd6, 0x67, 0x3e, 0x51, 0xaa, 0xfe, 0x5f,
    0x0, 0x0, 0x12, 0x89, 0xdb, 0xf9, 0xec, 0xb1,
    0x3c, 0x0,

    /* U+010D "č" */
    0x0, 0x1, 0xb0, 0x94, 0xc0, 0x82, 0x0, 0x0,
    0x0, 0xc, 0xab, 0x8f, 0x1, 0x0, 0x0, 0x0,
    0x0, 0x0, 0x0, 0x0, 0x0, 0x0, 0x21, 0xae,
    0xec, 0xec, 0x98, 0xb, 0xf, 0xe4, 0xb4, 0x3a,
    0x48, 0xd8, 0xab, 0x6d, 0xe6, 0x8, 0x0, 0x0,
    0x1f, 0x18, 0x90, 0xba, 0x0, 0x0, 0x0, 0x0,
    0x0, 0x6c, 0xe6, 0x8, 0x0, 0x0, 0x1a, 0x1c,
    0xe, 0xe3, 0xb3, 0x3a, 0x45, 0xd0, 0xb5, 0x0,
    0x21, 0xaf, 0xed, 0xed, 0x9c, 0xe,

    /* U+010E "Ď" */
    0x0, 0x31, 0x6d, 0x11, 0x7d, 0x19, 0x0, 0x0,
    0x0, 0x0, 0x2, 0xa5, 0xed, 0x71, 0x0, 0x0,
    0x0, 0x0, 0x0, 0x0, 0x0, 0x0, 0x0, 0x0,
    0x0, 0x0, 0x0, 0xfc, 0xff, 0xff, 0xf6, 0xd1,
    0x78, 0x7, 0x0, 0x0, 0xfc, 0x73, 0x38, 0x40,
    0x74, 0xe5, 0xc7, 0xa, 0x0, 0xfc, 0x4c, 0x0,
    0x0, 0x0, 0x17, 0xe2, 0x8e, 0x0, 0xfc, 0x4c,
    0x0, 0x0, 0x0, 0x0, 0x6a, 0xef, 0x3, 0xfc,
    0x4c, 0x0, 0x0, 0x0, 0x0, 0x32, 0xff, 0x1d,
    0xfc, 0x4c, 0x0, 0x0, 0x0, 0x0, 0x33, 0xff,
    0x1c, 0xfc, 0x4c, 0x0, 0x0, 0x0, 0x0, 0x69,
    0xef, 0x3, 0xfc, 0x4c, 0x0, 0x0, 0x0, 0x18,
    0xe1, 0x8f, 0x0, 0xfc, 0x73, 0x38, 0x49, 0x79,
    0xed, 0xca, 0xb, 0x0, 0xfc, 0xff, 0xff, 0xf7,
    0xd3, 0x7a, 0x8, 0x0, 0x0,

    /* U+010F "ď" */
    0x0, 0x0, 0x0, 0x0, 0x0, 0x4, 0xff, 0x48,
    0xd4, 0x7d, 0x0, 0x0, 0x0, 0x0, 0x0, 0x4,
    0xff, 0x48, 0xd4, 0x51, 0x0, 0x0, 0x0, 0x0,
    0x0, 0x4, 0xff, 0x48, 0xc0, 0x23, 0x0, 0x2c,
    0xc0, 0xf8, 0xdb, 0x58, 0xfd, 0x48, 0x0, 0x0,
    0xf, 0xe6, 0xb1, 0x3a, 0x4c, 0xd5, 0xfe, 0x48,
    0x0, 0x0, 0x6d, 0xe5, 0x8, 0x0, 0x0, 0x32,
    0xff, 0x48, 0x0, 0x0, 0x91, 0xba, 0x0, 0x0,
    0x0, 0x2, 0xfc, 0x48, 0x0, 0x0, 0x6d, 0xe5,
    0x8, 0x0, 0x0, 0x30, 0xff, 0x48, 0x0, 0x0,
    0xf, 0xe6, 0xb3, 0x3b, 0x4b, 0xd5, 0xfe, 0x48,
    0x0, 0x0, 0x0, 0x2d, 0xc1, 0xf9, 0xdc, 0x56,
    0xf4, 0x48, 0x0, 0x0,

    /* U+0110 "Đ" */
    0x0, 0x0, 0xfc, 0xff, 0xff, 0xf6, 0xd1, 0x78,
    0x7, 0x0, 0x0, 0x0, 0x0, 0xfc, 0x73, 0x38,
    0x40, 0x74, 0xe5, 0xc7, 0xa, 0x0, 0x0, 0x0,
    0xfc, 0x4c, 0x0, 0x0, 0x0, 0x17, 0xe2, 0x8e,
    0x0, 0x0, 0x0, 0xfc, 0x4c, 0x0, 0x0, 0x0,
    0x0, 0x6a, 0xef, 0x3, 0x1c, 0xff, 0xff, 0xff,
    0xff, 0xd0, 0x0, 0x0, 0x32, 0xff, 0x1d, 0x0,
    0x0, 0xfc, 0x4c, 0x0, 0x0, 0x0, 0x0, 0x33,
    0xff, 0x1c, 0x0, 0x0, 0xfc, 0x4c, 0x0, 0x0,
    0x0, 0x0, 0x69, 0xef, 0x3, 0x0, 0x0, 0xfc,
    0x4c, 0x0, 0x0, 0x0, 0x18, 0xe1, 0x8f, 0x0,
    0x0, 0x0, 0xfc, 0x73, 0x38, 0x49, 0x79, 0xed,
    0xca, 0xb, 0x0, 0x0, 0x0, 0xfc, 0xff, 0xff,
    0xf7, 0xd3, 0x7a, 0x8, 0x0, 0x0,

    /* U+0111 "đ" */
    0x0, 0x0, 0x0, 0x0, 0x0, 0x4, 0xff, 0x48,
    0x0, 0x0, 0x0, 0x0, 0x8, 0xff, 0xff, 0xff,
    0xff, 0x2c, 0x0, 0x0, 0x0, 0x0, 0x0, 0x4,
    0xff, 0x48, 0x0, 0x0, 0x2c, 0xc0, 0xf8, 0xdb,
    0x58, 0xfd, 0x48, 0x0, 0xf, 0xe6, 0xb1, 0x3a,
    0x4c, 0xd5, 0xfe, 0x48, 0x0, 0x6d, 0xe5, 0x8,
    0x0, 0x0, 0x32, 0xff, 0x48, 0x0, 0x91, 0xba,
    0x0, 0x0, 0x0, 0x2, 0xfc, 0x48, 0x0, 0x6d,
    0xe5, 0x8, 0x0, 0x0, 0x30, 0xff, 0x48, 0x0,
    0xf, 0xe6, 0xb3, 0x3b, 0x4b, 0xd5, 0xfe, 0x48,
    0x0, 0x0, 0x2d, 0xc1, 0xf9, 0xdc, 0x56, 0xf4,
    0x48, 0x0,

    /* U+0112 "Ē" */
    0x1c, 0xff, 0xff, 0xff, 0xd0, 0x0, 0x0, 0x0,
    0x0, 0x0, 0x0, 0x0, 0xfc, 0xff, 0xff, 0xff,
    0xff, 0xdc, 0xfc, 0x73, 0x38, 0x38, 0x38, 0x30,
    0xfc, 0x4c, 0x0, 0x0, 0x0, 0x0, 0xfc, 0x4c,
    0x0, 0x0, 0x0, 0x0, 0xfc, 0xff, 0xff, 0xff,
    0xff, 0x68, 0xfc, 0x6d, 0x30, 0x30, 0x30, 0x13,
    0xfc, 0x4c, 0x0, 0x0, 0x0, 0x0, 0xfc, 0x4c,
    0x0, 0x0, 0x0, 0x0, 0xfc, 0x73, 0x38, 0x38,
    0x38, 0x30, 0xfc, 0xff, 0xff, 0xff, 0xff, 0xdc,

    /* U+0113 "ē" */
    0x0, 0x28, 0xff, 0xff, 0xff, 0xc4, 0x0, 0x0,
    0x0, 0x0, 0x0, 0x0, 0x0, 0x0, 0x0, 0x0,
    0x0, 0x0, 0x0, 0x0, 0x0, 0x0, 0x0, 0x0,
    0x0, 0x26, 0xb7, 0xf0, 0xe8, 0x84, 0x2, 0x0,
    0x11, 0xe8, 0xb8, 0x38, 0x56, 0xea, 0x72, 0x0,
    0x6e, 0xf5, 0xe, 0x0, 0x0, 0x6a, 0xe4, 0x0,
    0x91, 0xfc, 0xec, 0xec, 0xec, 0xf1, 0xff, 0xc,
    0x6e, 0xd8, 0x1c, 0x1c, 0x1c, 0x20, 0x1c, 0x2,
    0x10, 0xe6, 0x9b, 0x37, 0x47, 0xc5, 0xad, 0x0,
    0x0, 0x23, 0xb3, 0xef, 0xed, 0xa1, 0x15, 0x0,

    /* U+0114 "Ĕ" */
    0x0, 0x66, 0x2d, 0x3e, 0x54, 0x0, 0x0, 0x54,
    0xe1, 0xda, 0x3c, 0x0, 0x0, 0x0, 0x0, 0x0,
    0x0, 0x0, 0xfc, 0xff, 0xff, 0xff, 0xff, 0xdc,
    0xfc, 0x73, 0x38, 0x38, 0x38, 0x30, 0xfc, 0x4c,
    0x0, 0x0, 0x0, 0x0, 0xfc, 0x4c, 0x0, 0x0,
    0x0, 0x0, 0xfc, 0xff, 0xff, 0xff, 0xff, 0x68,
    0xfc, 0x6d, 0x30, 0x30, 0x30, 0x13, 0xfc, 0x4c,
    0x0, 0x0, 0x0, 0x0, 0xfc, 0x4c, 0x0, 0x0,
    0x0, 0x0, 0xfc, 0x73, 0x38, 0x38, 0x38, 0x30,
    0xfc, 0xff, 0xff, 0xff, 0xff, 0xdc,

    /* U+0115 "ĕ" */
    0x0, 0x0, 0xe9, 0x33, 0xa2, 0x79, 0x0, 0x0,
    0x0, 0x0, 0x52, 0xe4, 0xbe, 0x11, 0x0, 0x0,
    0x0, 0x0, 0x0, 0x0, 0x0, 0x0, 0x0, 0x0,
    0x0, 0x26, 0xb7, 0xf0, 0xe8, 0x84, 0x2, 0x0,
    0x11, 0xe8, 0xb8, 0x38, 0x56, 0xea, 0x72, 0x0,
    0x6e, 0xf5, 0xe, 0x0, 0x0, 0x6a, 0xe4, 0x0,
    0x91, 0xfc, 0xec, 0xec, 0xec, 0xf1, 0xff, 0xc,
    0x6e, 0xd8, 0x1c, 0x1c, 0x1c, 0x20, 0x1c, 0x2,
    0x10, 0xe6, 0x9b, 0x37, 0x47, 0xc5, 0xad, 0x0,
    0x0, 0x23, 0xb3, 0xef, 0xed, 0xa1, 0x15, 0x0,

    /* U+0116 "Ė" */
    0x0, 0x0, 0x5, 0x3, 0x0, 0x0, 0x0, 0x0,
    0xa4, 0x93, 0x0, 0x0, 0x0, 0x0, 0x1d, 0x18,
    0x0, 0x0, 0xfc, 0xff, 0xff, 0xff, 0xff, 0xdc,
    0xfc, 0x73, 0x38, 0x38, 0x38, 0x30, 0xfc, 0x4c,
    0x0, 0x0, 0x0, 0x0, 0xfc, 0x4c, 0x0, 0x0,
    0x0, 0x0, 0xfc, 0xff, 0xff, 0xff, 0xff, 0x68,
    0xfc, 0x6d, 0x30, 0x30, 0x30, 0x13, 0xfc, 0x4c,
    0x0, 0x0, 0x0, 0x0, 0xfc, 0x4c, 0x0, 0x0,
    0x0, 0x0, 0xfc, 0x73, 0x38, 0x38, 0x38, 0x30,
    0xfc, 0xff, 0xff, 0xff, 0xff, 0xdc,

    /* U+0117 "ė" */
    0x0, 0x0, 0x0, 0xc8, 0x6d, 0x0, 0x0, 0x0,
    0x0, 0x0, 0x0, 0x62, 0x2e, 0x0, 0x0, 0x0,
    0x0, 0x0, 0x0, 0x0, 0x0, 0x0, 0x0, 0x0,
    0x0, 0x26, 0xb7, 0xf0, 0xe8, 0x84, 0x2, 0x0,
    0x11, 0xe8, 0xb8, 0x38, 0x56, 0xea, 0x72, 0x0,
    0x6e, 0xf5, 0xe, 0x0, 0x0, 0x6a, 0xe4, 0x0,
    0x91, 0xfc, 0xec, 0xec, 0xec, 0xf1, 0xff, 0xc,
    0x6e, 0xd8, 0x1c, 0x1c, 0x1c, 0x20, 0x1c, 0x2,
    0x10, 0xe6, 0x9b, 0x37, 0x47, 0xc5, 0xad, 0x0,
    0x0, 0x23, 0xb3, 0xef, 0xed, 0xa1, 0x15, 0x0,

    /* U+0118 "Ę" */
    0xfc, 0xff, 0xff, 0xff, 0xff, 0xdc, 0x0, 0xfc,
    0x73, 0x38, 0x38, 0x38, 0x30, 0x0, 0xfc, 0x4c,
    0x0, 0x0, 0x0, 0x0, 0x0, 0xfc, 0x4c, 0x0,
    0x0, 0x0, 0x0, 0x0, 0xfc, 0xff, 0xff, 0xff,
    0xff, 0x68, 0x0, 0xfc, 0x6d, 0x30, 0x30, 0x30,
    0x13, 0x0, 0xfc, 0x4c, 0x0, 0x0, 0x0, 0x0,
    0x0, 0xfc, 0x4c, 0x0, 0x0, 0x0, 0x0, 0x0,
    0xfc, 0x73, 0x38, 0x38, 0x38, 0x30, 0x0, 0xfc,
    0xff, 0xff, 0xff, 0xff, 0xdc, 0x0, 0x0, 0x0,
    0x0, 0xa, 0xd1, 0x51, 0x0, 0x0, 0x0, 0x0,
    0x3d, 0xf2, 0x1a, 0x0, 0x0, 0x0, 0x0, 0xa,
    0xbd, 0xf0, 0x14,

    /* U+0119 "ę" */
    0x0, 0x26, 0xb7, 0xf0, 0xe8, 0x84, 0x2, 0x0,
    0x11, 0xe8, 0xb8, 0x38, 0x56, 0xea, 0x72, 0x0,
    0x6e, 0xf5, 0xe, 0x0, 0x0, 0x6a, 0xe4, 0x0,
    0x91, 0xfc, 0xec, 0xec, 0xec, 0xf1, 0xff, 0xc,
    0x6e, 0xd8, 0x1c, 0x1c, 0x1c, 0x20, 0x1c, 0x2,
    0x10, 0xe6, 0x9b, 0x37, 0x47, 0xc5, 0xb2, 0x0,
    0x0, 0x22, 0xaf, 0xeb, 0xff, 0xd4, 0x1f, 0x0,
    0x0, 0x0, 0x0, 0x63, 0xd0, 0xf, 0x0, 0x0,
    0x0, 0x0, 0x0, 0xae, 0x91, 0x9, 0x0, 0x0,
    0x0, 0x0, 0x0, 0x44, 0xe8, 0x99, 0x0, 0x0,

    /* U+011A "Ě" */
    0x0, 0x69, 0x35, 0x47, 0x5f, 0x0, 0x0, 0x2d,
    0xe0, 0xdb, 0x1f, 0x0, 0x0, 0x0, 0x0, 0x0,
    0x0, 0x0, 0xfc, 0xff, 0xff, 0xff, 0xff, 0xdc,
    0xfc, 0x73, 0x38, 0x38, 0x38, 0x30, 0xfc, 0x4c,
    0x0, 0x0, 0x0, 0x0, 0xfc, 0x4c, 0x0, 0x0,
    0x0, 0x0, 0xfc, 0xff, 0xff, 0xff, 0xff, 0x68,
    0xfc, 0x6d, 0x30, 0x30, 0x30, 0x13, 0xfc, 0x4c,
    0x0, 0x0, 0x0, 0x0, 0xfc, 0x4c, 0x0, 0x0,
    0x0, 0x0, 0xfc, 0x73, 0x38, 0x38, 0x38, 0x30,
    0xfc, 0xff, 0xff, 0xff, 0xff, 0xdc,

    /* U+011B "ě" */
    0x0, 0x9, 0xcc, 0x7b, 0xd7, 0x60, 0x0, 0x0,
    0x0, 0x0, 0x1b, 0xb6, 0x75, 0x0, 0x0, 0x0,
    0x0, 0x0, 0x0, 0x0, 0x0, 0x0, 0x0, 0x0,
    0x0, 0x26, 0xb7, 0xf0, 0xe8, 0x84, 0x2, 0x0,
    0x11, 0xe8, 0xb8, 0x38, 0x56, 0xea, 0x72, 0x0,
    0x6e, 0xf5, 0xe, 0x0, 0x0, 0x6a, 0xe4, 0x0,
    0x91, 0xfc, 0xec, 0xec, 0xec, 0xf1, 0xff, 0xc,
    0x6e, 0xd8, 0x1c, 0x1c, 0x1c, 0x20, 0x1c, 0x2,
    0x10, 0xe6, 0x9b, 0x37, 0x47, 0xc5, 0xad, 0x0,
    0x0, 0x23, 0xb3, 0xef, 0xed, 0xa1, 0x15, 0x0,

    /* U+011C "Ĝ" */
    0x0, 0x0, 0x0, 0x0, 0xe, 0x7c, 0x42, 0x0,
    0x0, 0x0, 0x0, 0x0, 0x0, 0x0, 0xe, 0xc7,
    0x86, 0xd9, 0x47, 0x0, 0x0, 0x0, 0x0, 0x0,
    0x0, 0x0, 0x0, 0x0, 0x0, 0x0, 0x0, 0x0,
    0x0, 0x0, 0x0, 0xf, 0x84, 0xd8, 0xf8, 0xed,
    0xb4, 0x44, 0x0, 0x0, 0x0, 0x1d, 0xdb, 0xda,
    0x6a, 0x3f, 0x58, 0x90, 0xeb, 0x24, 0x0, 0x1,
    0xc7, 0xc1, 0xa, 0x0, 0x0, 0x0, 0x0, 0x5,
    0x0, 0x0, 0x3d, 0xff, 0x25, 0x0, 0x0, 0x0,
    0x0, 0x0, 0x0, 0x0, 0x0, 0x70, 0xe0, 0x0,
    0x0, 0x0, 0x48, 0xff, 0xff, 0xff, 0xff, 0x9f,
    0x71, 0xe0, 0x0, 0x0, 0x0, 0xd, 0x30, 0x30,
    0x30, 0xc9, 0x9a, 0x3e, 0xff, 0x24, 0x0, 0x0,
    0x0, 0x0, 0x0, 0x8, 0xf1, 0x6b, 0x1, 0xc9,
    0xc1, 0xa, 0x0, 0x0, 0x0, 0x0, 0x91, 0xf1,
    0x13, 0x0, 0x1d, 0xdb, 0xd9, 0x69, 0x3f, 0x5a,
    0xb7, 0xf9, 0x4d, 0x0, 0x0, 0x0, 0xf, 0x85,
    0xda, 0xf9, 0xed, 0xaf, 0x32, 0x0, 0x0,

    /* U+011D "ĝ" */
    0x0, 0x0, 0x30, 0xec, 0xcb, 0x9, 0x0, 0x0,
    0x0, 0x5, 0xa0, 0x4c, 0x7f, 0x68, 0x0, 0x0,
    0x0, 0x0, 0x0, 0x0, 0x0, 0x0, 0x0, 0x0,
    0x0, 0x2c, 0xc0, 0xf8, 0xd9, 0x53, 0xf4, 0x48,
    0xf, 0xe6, 0xb1, 0x3a, 0x4c, 0xd5, 0xfe, 0x48,
    0x6e, 0xe5, 0x8, 0x0, 0x0, 0x32, 0xff, 0x48,
    0x91, 0xba, 0x0, 0x0, 0x0, 0x2, 0xfc, 0x48,
    0x6d, 0xe5, 0x8, 0x0, 0x0, 0x30, 0xff, 0x48,
    0x10, 0xe7, 0xb3, 0x3b, 0x4b, 0xd5, 0xfe, 0x48,
    0x0, 0x27, 0xba, 0xf3, 0xda, 0x54, 0xf8, 0x42,
    0x4, 0x4f, 0x5, 0x0, 0x0, 0x2c, 0xff, 0x1d,
    0x1a, 0xf3, 0xaa, 0x3a, 0x4c, 0xd3, 0xb1, 0x0,
    0x0, 0x32, 0xbd, 0xf4, 0xe3, 0x94, 0xe, 0x0,

    /* U+011E "Ğ" */
    0x0, 0x0, 0x0, 0x6, 0x7e, 0xf, 0x5c, 0x34,
    0x0, 0x0, 0x0, 0x0, 0x0, 0x0, 0x0, 0x87,
    0xeb, 0xc2, 0x17, 0x0, 0x0, 0x0, 0x0, 0x0,
    0x0, 0x0, 0x0, 0x0, 0x0, 0x0, 0x0, 0x0,
    0x0, 0x0, 0x0, 0xf, 0x84, 0xd8, 0xf8, 0xed,
    0xb4, 0x44, 0x0, 0x0, 0x0, 0x1d, 0xdb, 0xda,
    0x6a, 0x3f, 0x58, 0x90, 0xeb, 0x24, 0x0, 0x1,
    0xc7, 0xc1, 0xa, 0x0, 0x0, 0x0, 0x0, 0x5,
    0x0, 0x0, 0x3d, 0xff, 0x25, 0x0, 0x0, 0x0,
    0x0, 0x0, 0x0, 0x0, 0x0, 0x70, 0xe0, 0x0,
    0x0, 0x0, 0x48, 0xff, 0xff, 0xff, 0xff, 0x9f,
    0x71, 0xe0, 0x0, 0x0, 0x0, 0xd, 0x30, 0x30,
    0x30, 0xc9, 0x9a, 0x3e, 0xff, 0x24, 0x0, 0x0,
    0x0, 0x0, 0x0, 0x8, 0xf1, 0x6b, 0x1, 0xc9,
    0xc1, 0xa, 0x0, 0x0, 0x0, 0x0, 0x91, 0xf1,
    0x13, 0x0, 0x1d, 0xdb, 0xd9, 0x69, 0x3f, 0x5a,
    0xb7, 0xf9, 0x4d, 0x0, 0x0, 0x0, 0xf, 0x85,
    0xda, 0xf9, 0xed, 0xaf, 0x32, 0x0, 0x0,

    /* U+011F "ğ" */
    0x0, 0x0, 0xa6, 0x77, 0x5e, 0xbd, 0x0, 0x0,
    0x0, 0x0, 0x26, 0xd0, 0xda, 0x34, 0x0, 0x0,
    0x0, 0x0, 0x0, 0x0, 0x0, 0x0, 0x0, 0x0,
    0x0, 0x2c, 0xc0, 0xf8, 0xd9, 0x53, 0xf4, 0x48,
    0xf, 0xe6, 0xb1, 0x3a, 0x4c, 0xd5, 0xfe, 0x48,
    0x6e, 0xe5, 0x8, 0x0, 0x0, 0x32, 0xff, 0x48,
    0x91, 0xba, 0x0, 0x0, 0x0, 0x2, 0xfc, 0x48,
    0x6d, 0xe5, 0x8, 0x0, 0x0, 0x30, 0xff, 0x48,
    0x10, 0xe7, 0xb3, 0x3b, 0x4b, 0xd5, 0xfe, 0x48,
    0x0, 0x27, 0xba, 0xf3, 0xda, 0x54, 0xf8, 0x42,
    0x4, 0x4f, 0x5, 0x0, 0x0, 0x2c, 0xff, 0x1d,
    0x1a, 0xf3, 0xaa, 0x3a, 0x4c, 0xd3, 0xb1, 0x0,
    0x0, 0x32, 0xbd, 0xf4, 0xe3, 0x94, 0xe, 0x0,

    /* U+0120 "Ġ" */
    0x0, 0x0, 0x0, 0x0, 0x0, 0x9, 0x0, 0x0,
    0x0, 0x0, 0x0, 0x0, 0x0, 0x0, 0x0, 0x14,
    0xfb, 0x28, 0x0, 0x0, 0x0, 0x0, 0x0, 0x0,
    0x0, 0x0, 0x0, 0x34, 0x2, 0x0, 0x0, 0x0,
    0x0, 0x0, 0x0, 0x0, 0x0, 0x0, 0x0, 0x0,
    0x0, 0x0, 0x0, 0x0, 0x0, 0x0, 0xf, 0x84,
    0xd8, 0xf8, 0xed, 0xb4, 0x44, 0x0, 0x0, 0x0,
    0x1d, 0xdb, 0xda, 0x6a, 0x3f, 0x58, 0x90, 0xeb,
    0x24, 0x0, 0x1, 0xc7, 0xc1, 0xa, 0x0, 0x0,
    0x0, 0x0, 0x5, 0x0, 0x0, 0x3d, 0xff, 0x25,
    0x0, 0x0, 0x0, 0x0, 0x0, 0x0, 0x0, 0x0,
    0x70, 0xe0, 0x0, 0x0, 0x0, 0x48, 0xff, 0xff,
    0xff, 0xff, 0x9f, 0x71, 0xe0, 0x0, 0x0, 0x0,
    0xd, 0x30, 0x30, 0x30, 0xc9, 0x9a, 0x3e, 0xff,
    0x24, 0x0, 0x0, 0x0, 0x0, 0x0, 0x8, 0xf1,
    0x6b, 0x1, 0xc9, 0xc1, 0xa, 0x0, 0x0, 0x0,
    0x0, 0x91, 0xf1, 0x13, 0x0, 0x1d, 0xdb, 0xd9,
    0x69, 0x3f, 0x5a, 0xb7, 0xf9, 0x4d, 0x0, 0x0,
    0x0, 0xf, 0x85, 0xda, 0xf9, 0xed, 0xaf, 0x32,
    0x0, 0x0,

    /* U+0121 "ġ" */
    0x0, 0x0, 0x0, 0xa2, 0x96, 0x0, 0x0, 0x0,
    0x0, 0x0, 0x0, 0x4b, 0x45, 0x0, 0x0, 0x0,
    0x0, 0x0, 0x0, 0x0, 0x0, 0x0, 0x0, 0x0,
    0x0, 0x2c, 0xc0, 0xf8, 0xd9, 0x53, 0xf4, 0x48,
    0xf, 0xe6, 0xb1, 0x3a, 0x4c, 0xd5, 0xfe, 0x48,
    0x6e, 0xe5, 0x8, 0x0, 0x0, 0x32, 0xff, 0x48,
    0x91, 0xba, 0x0, 0x0, 0x0, 0x2, 0xfc, 0x48,
    0x6d, 0xe5, 0x8, 0x0, 0x0, 0x30, 0xff, 0x48,
    0x10, 0xe7, 0xb3, 0x3b, 0x4b, 0xd5, 0xfe, 0x48,
    0x0, 0x27, 0xba, 0xf3, 0xda, 0x54, 0xf8, 0x42,
    0x4, 0x4f, 0x5, 0x0, 0x0, 0x2c, 0xff, 0x1d,
    0x1a, 0xf3, 0xaa, 0x3a, 0x4c, 0xd3, 0xb1, 0x0,
    0x0, 0x32, 0xbd, 0xf4, 0xe3, 0x94, 0xe, 0x0,

    /* U+0122 "Ģ" */
    0x0, 0x0, 0xf, 0x84, 0xd8, 0xf8, 0xed, 0xb4,
    0x44, 0x0, 0x0, 0x0, 0x1d, 0xdb, 0xda, 0x6a,
    0x3f, 0x58, 0x90, 0xeb, 0x24, 0x0, 0x1, 0xc7,
    0xc1, 0xa, 0x0, 0x0, 0x0, 0x0, 0x5, 0x0,
    0x0, 0x3d, 0xff, 0x25, 0x0, 0x0, 0x0, 0x0,
    0x0, 0x0, 0x0, 0x0, 0x70, 0xe0, 0x0, 0x0,
    0x0, 0x48, 0xff, 0xff, 0xff, 0xff, 0x9f, 0x71,
    0xe0, 0x0, 0x0, 0x0, 0xd, 0x30, 0x30, 0x30,
    0xc9, 0x9a, 0x3e, 0xff, 0x24, 0x0, 0x0, 0x0,
    0x0, 0x0, 0x8, 0xf1, 0x6b, 0x1, 0xc9, 0xc1,
    0xa, 0x0, 0x0, 0x0, 0x0, 0x91, 0xf1, 0x13,
    0x0, 0x1d, 0xdb, 0xd9, 0x69, 0x3f, 0x5a, 0xb7,
    0xf9, 0x4d, 0x0, 0x0, 0x0, 0xf, 0x85, 0xda,
    0xf9, 0xed, 0xaf, 0x32, 0x0, 0x0, 0x0, 0x0,
    0x0, 0x0, 0x0, 0x48, 0x30, 0x0, 0x0, 0x0,
    0x0, 0x0, 0x0, 0x0, 0x0, 0x0, 0xd0, 0xa5,
    0x0, 0x0, 0x0, 0x0, 0x0, 0x0, 0x0, 0x0,
    0x0, 0x94, 0x33, 0x0, 0x0, 0x0, 0x0, 0x0,
    0x0, 0x0, 0x0, 0x0, 0xb, 0x0, 0x0, 0x0,
    0x0, 0x0,

    /* U+0123 "ģ" */
    0x0, 0x0, 0x0, 0x19, 0x55, 0x0, 0x0, 0x0,
    0x0, 0x0, 0x0, 0xa9, 0x6d, 0x0, 0x0, 0x0,
    0x0, 0x0, 0x0, 0xb4, 0x90, 0x0, 0x0, 0x0,
    0x0, 0x0, 0x0, 0x0, 0x0, 0x0, 0x0, 0x0,
    0x0, 0x2c, 0xc0, 0xf8, 0xd9, 0x53, 0xf4, 0x48,
    0xf, 0xe6, 0xb1, 0x3a, 0x4c, 0xd5, 0xfe, 0x48,
    0x6e, 0xe5, 0x8, 0x0, 0x0, 0x32, 0xff, 0x48,
    0x91, 0xba, 0x0, 0x0, 0x0, 0x2, 0xfc, 0x48,
    0x6d, 0xe5, 0x8, 0x0, 0x0, 0x30, 0xff, 0x48,
    0x10, 0xe7, 0xb3, 0x3b, 0x4b, 0xd5, 0xfe, 0x48,
    0x0, 0x27, 0xba, 0xf3, 0xda, 0x54, 0xf8, 0x42,
    0x4, 0x4f, 0x5, 0x0, 0x0, 0x2c, 0xff, 0x1d,
    0x1a, 0xf3, 0xaa, 0x3a, 0x4c, 0xd3, 0xb1, 0x0,
    0x0, 0x32, 0xbd, 0xf4, 0xe3, 0x94, 0xe, 0x0,

    /* U+0124 "Ĥ" */
    0x0, 0x0, 0x9, 0x78, 0x4c, 0x0, 0x0, 0x0,
    0x0, 0x8, 0xba, 0x91, 0xd2, 0x54, 0x0, 0x0,
    0x0, 0x0, 0x0, 0x0, 0x0, 0x0, 0x0, 0x0,
    0xfc, 0x4c, 0x0, 0x0, 0x0, 0x0, 0xb0, 0x98,
    0xfc, 0x4c, 0x0, 0x0, 0x0, 0x0, 0xb0, 0x98,
    0xfc, 0x4c, 0x0, 0x0, 0x0, 0x0, 0xb0, 0x98,
    0xfc, 0x4c, 0x0, 0x0, 0x0, 0x0, 0xb0, 0x98,
    0xfc, 0xff, 0xff, 0xff, 0xff, 0xff, 0xff, 0x98,
    0xfc, 0x6d, 0x30, 0x30, 0x30, 0x30, 0xbf, 0x98,
    0xfc, 0x4c, 0x0, 0x0, 0x0, 0x0, 0xb0, 0x98,
    0xfc, 0x4c, 0x0, 0x0, 0x0, 0x0, 0xb0, 0x98,
    0xfc, 0x4c, 0x0, 0x0, 0x0, 0x0, 0xb0, 0x98,
    0xfc, 0x4c, 0x0, 0x0, 0x0, 0x0, 0xb0, 0x98,

    /* U+0125 "ĥ" */
    0x0, 0x0, 0x1, 0x6c, 0x60, 0x0, 0x0, 0x0,
    0x1, 0x9a, 0xa9, 0xbd, 0x79, 0x0, 0x0, 0x0,
    0x0, 0x0, 0x0, 0x0, 0x0, 0x38, 0xff, 0x14,
    0x0, 0x0, 0x0, 0x0, 0x38, 0xff, 0x14, 0x0,
    0x0, 0x0, 0x0, 0x38, 0xff, 0x14, 0x0, 0x0,
    0x0, 0x0, 0x38, 0xff, 0x5e, 0xdb, 0xf2, 0xb0,
    0x14, 0x38, 0xff, 0xd4, 0x44, 0x47, 0xe2, 0x99,
    0x38, 0xff, 0x42, 0x0, 0x0, 0x7e, 0xd1, 0x38,
    0xff, 0x15, 0x0, 0x0, 0x6c, 0xdc, 0x38, 0xff,
    0x14, 0x0, 0x0, 0x6c, 0xdc, 0x38, 0xff, 0x14,
    0x0, 0x0, 0x6c, 0xdc, 0x38, 0xff, 0x14, 0x0,
    0x0, 0x6c, 0xdc,

    /* U+0126 "Ħ" */
    0x0, 0xfc, 0x4c, 0x0, 0x0, 0x0, 0x0, 0xb0,
    0x98, 0x0, 0x0, 0xfc, 0x4c, 0x0, 0x0, 0x0,
    0x0, 0xb0, 0x98, 0x0, 0xe4, 0xff, 0xff, 0xff,
    0xff, 0xff, 0xff, 0xff, 0xff, 0x7c, 0x0, 0xfc,
    0x4c, 0x0, 0x0, 0x0, 0x0, 0xb0, 0x98, 0x0,
    0x0, 0xfc, 0xff, 0xff, 0xff, 0xff, 0xff, 0xff,
    0x98, 0x0, 0x0, 0xfc, 0x6d, 0x30, 0x30, 0x30,
    0x30, 0xbf, 0x98, 0x0, 0x0, 0xfc, 0x4c, 0x0,
    0x0, 0x0, 0x0, 0xb0, 0x98, 0x0, 0x0, 0xfc,
    0x4c, 0x0, 0x0, 0x0, 0x0, 0xb0, 0x98, 0x0,
    0x0, 0xfc, 0x4c, 0x0, 0x0, 0x0, 0x0, 0xb0,
    0x98, 0x0, 0x0, 0xfc, 0x4c, 0x0, 0x0, 0x0,
    0x0, 0xb0, 0x98, 0x0,

    /* U+0127 "ħ" */
    0x0, 0x38, 0xff, 0x14, 0x0, 0x0, 0x0, 0x0,
    0x1c, 0xff, 0xff, 0xff, 0xff, 0x18, 0x0, 0x0,
    0x0, 0x38, 0xff, 0x14, 0x0, 0x0, 0x0, 0x0,
    0x0, 0x38, 0xff, 0x5e, 0xdb, 0xf2, 0xb0, 0x14,
    0x0, 0x38, 0xff, 0xd4, 0x44, 0x47, 0xe2, 0x99,
    0x0, 0x38, 0xff, 0x42, 0x0, 0x0, 0x7e, 0xd1,
    0x0, 0x38, 0xff, 0x15, 0x0, 0x0, 0x6c, 0xdc,
    0x0, 0x38, 0xff, 0x14, 0x0, 0x0, 0x6c, 0xdc,
    0x0, 0x38, 0xff, 0x14, 0x0, 0x0, 0x6c, 0xdc,
    0x0, 0x38, 0xff, 0x14, 0x0, 0x0, 0x6c, 0xdc,

    /* U+0128 "Ĩ" */
    0x29, 0xde, 0xaa, 0x3d, 0xeb, 0x99, 0x99, 0xa6,
    0xff, 0x87, 0x1e, 0x10, 0x0, 0x1a, 0x0, 0x0,
    0x0, 0xfc, 0x4c, 0x0, 0x0, 0x0, 0xfc, 0x4c,
    0x0, 0x0, 0x0, 0xfc, 0x4c, 0x0, 0x0, 0x0,
    0xfc, 0x4c, 0x0, 0x0, 0x0, 0xfc, 0x4c, 0x0,
    0x0, 0x0, 0xfc, 0x4c, 0x0, 0x0, 0x0, 0xfc,
    0x4c, 0x0, 0x0, 0x0, 0xfc, 0x4c, 0x0, 0x0,
    0x0, 0xfc, 0x4c, 0x0, 0x0, 0x0, 0xfc, 0x4c,
    0x0,

    /* U+0129 "ĩ" */
    0x3c, 0xe9, 0x99, 0x4c, 0xd2, 0xb5, 0x7c, 0xb9,
    0xff, 0x6b, 0x23, 0xb, 0x1, 0x19, 0x0, 0x0,
    0x1c, 0xff, 0x30, 0x0, 0x0, 0x1c, 0xff, 0x30,
    0x0, 0x0, 0x1c, 0xff, 0x30, 0x0, 0x0, 0x1c,
    0xff, 0x30, 0x0, 0x0, 0x1c, 0xff, 0x30, 0x0,
    0x0, 0x1c, 0xff, 0x30, 0x0, 0x0, 0x1c, 0xff,
    0x30, 0x0,

    /* U+012A "Ī" */
    0x14, 0xff, 0xff, 0xff, 0x64, 0x0, 0x0, 0x0,
    0x0, 0x0, 0x0, 0x0, 0xfc, 0x4c, 0x0, 0x0,
    0x0, 0xfc, 0x4c, 0x0, 0x0, 0x0, 0xfc, 0x4c,
    0x0, 0x0, 0x0, 0xfc, 0x4c, 0x0, 0x0, 0x0,
    0xfc, 0x4c, 0x0, 0x0, 0x0, 0xfc, 0x4c, 0x0,
    0x0, 0x0, 0xfc, 0x4c, 0x0, 0x0, 0x0, 0xfc,
    0x4c, 0x0, 0x0, 0x0, 0xfc, 0x4c, 0x0, 0x0,
    0x0, 0xfc, 0x4c, 0x0,

    /* U+012B "ī" */
    0x6c, 0xff, 0xff, 0xff, 0x80, 0x0, 0x0, 0x0,
    0x0, 0x0, 0x0, 0x0, 0x0, 0x0, 0x0, 0x0,
    0x1c, 0xff, 0x30, 0x0, 0x0, 0x1c, 0xff, 0x30,
    0x0, 0x0, 0x1c, 0xff, 0x30, 0x0, 0x0, 0x1c,
    0xff, 0x30, 0x0, 0x0, 0x1c, 0xff, 0x30, 0x0,
    0x0, 0x1c, 0xff, 0x30, 0x0, 0x0, 0x1c, 0xff,
    0x30, 0x0,

    /* U+012C "Ĭ" */
    0xa, 0x7d, 0xd, 0x60, 0x30, 0x0, 0x8d, 0xec,
    0xbf, 0x13, 0x0, 0x0, 0x0, 0x0, 0x0, 0x0,
    0x0, 0xfc, 0x4c, 0x0, 0x0, 0x0, 0xfc, 0x4c,
    0x0, 0x0, 0x0, 0xfc, 0x4c, 0x0, 0x0, 0x0,
    0xfc, 0x4c, 0x0, 0x0, 0x0, 0xfc, 0x4c, 0x0,
    0x0, 0x0, 0xfc, 0x4c, 0x0, 0x0, 0x0, 0xfc,
    0x4c, 0x0, 0x0, 0x0, 0xfc, 0x4c, 0x0, 0x0,
    0x0, 0xfc, 0x4c, 0x0, 0x0, 0x0, 0xfc, 0x4c,
    0x0,

    /* U+012D "ĭ" */
    0x26, 0xea, 0xf, 0xd9, 0x39, 0x0, 0x83, 0xe9,
    0x95, 0x0, 0x0, 0x0, 0x0, 0x0, 0x0, 0x0,
    0x1c, 0xff, 0x30, 0x0, 0x0, 0x1c, 0xff, 0x30,
    0x0, 0x0, 0x1c, 0xff, 0x30, 0x0, 0x0, 0x1c,
    0xff, 0x30, 0x0, 0x0, 0x1c, 0xff, 0x30, 0x0,
    0x0, 0x1c, 0xff, 0x30, 0x0, 0x0, 0x1c, 0xff,
    0x30, 0x0,

    /* U+012E "Į" */
    0x0, 0xfc, 0x4c, 0x0, 0xfc, 0x4c, 0x0, 0xfc,
    0x4c, 0x0, 0xfc, 0x4c, 0x0, 0xfc, 0x4c, 0x0,
    0xfc, 0x4c, 0x0, 0xfc, 0x4c, 0x0, 0xfc, 0x4c,
    0x0, 0xfc, 0x4c, 0x0, 0xfc, 0x4a, 0x7b, 0xac,
    0x3, 0xce, 0x75, 0x7, 0x60, 0xef, 0x7c,

    /* U+012F "į" */
    0x37, 0xf0, 0x48, 0x26, 0xc1, 0x33, 0x0, 0x0,
    0x0, 0x1c, 0xff, 0x30, 0x1c, 0xff, 0x30, 0x1c,
    0xff, 0x30, 0x1c, 0xff, 0x30, 0x1c, 0xff, 0x30,
    0x1c, 0xff, 0x30, 0x1d, 0xff, 0x2d, 0x9d, 0x8b,
    0x0, 0xea, 0x58, 0x5, 0x77, 0xf3, 0x5e,

    /* U+0130 "İ" */
    0x0, 0x9, 0x0, 0x3, 0xf1, 0x43, 0x0, 0x30,
    0x5, 0x0, 0xfc, 0x4c, 0x0, 0xfc, 0x4c, 0x0,
    0xfc, 0x4c, 0x0, 0xfc, 0x4c, 0x0, 0xfc, 0x4c,
    0x0, 0xfc, 0x4c, 0x0, 0xfc, 0x4c, 0x0, 0xfc,
    0x4c, 0x0, 0xfc, 0x4c, 0x0, 0xfc, 0x4c,

    /* U+0131 "ı" */
    0x1c, 0xff, 0x30, 0x1c, 0xff, 0x30, 0x1c, 0xff,
    0x30, 0x1c, 0xff, 0x30, 0x1c, 0xff, 0x30, 0x1c,
    0xff, 0x30, 0x1c, 0xff, 0x30,

    /* U+0134 "Ĵ" */
    0x0, 0x0, 0x0, 0x0, 0x5, 0x74, 0x52, 0x0,
    0x0, 0x0, 0x0, 0x5, 0xb0, 0x98, 0xcc, 0x61,
    0x0, 0x0, 0x0, 0x0, 0x0, 0x0, 0x0, 0x0,
    0x0, 0x0, 0x0, 0x0, 0x0, 0xcc, 0x80, 0x0,
    0x0, 0x0, 0x0, 0x0, 0x0, 0xcc, 0x80, 0x0,
    0x0, 0x0, 0x0, 0x0, 0x0, 0xcc, 0x80, 0x0,
    0x0, 0x0, 0x0, 0x0, 0x0, 0xcc, 0x80, 0x0,
    0x0, 0x0, 0x0, 0x0, 0x0, 0xcc, 0x80, 0x0,
    0x0, 0x0, 0x0, 0x0, 0x0, 0xcc, 0x80, 0x0,
    0x0, 0x0, 0x0, 0x0, 0x0, 0xcc, 0x7e, 0x0,
    0x40, 0x7d, 0x0, 0x0, 0x4, 0xe9, 0x62, 0x0,
    0x45, 0xfd, 0x81, 0x42, 0x9f, 0xf3, 0x1a, 0x0,
    0x0, 0x58, 0xd6, 0xf6, 0xcd, 0x40, 0x0, 0x0,

    /* U+0135 "ĵ" */
    0x0, 0x7d, 0xf4, 0x89, 0x0, 0x27, 0x98, 0x19,
    0x93, 0x2a, 0x0, 0x0, 0x0, 0x0, 0x0, 0x0,
    0x1c, 0xff, 0x30, 0x0, 0x0, 0x1c, 0xff, 0x30,
    0x0, 0x0, 0x1c, 0xff, 0x30, 0x0, 0x0, 0x1c,
    0xff, 0x30, 0x0, 0x0, 0x1c, 0xff, 0x30, 0x0,
    0x0, 0x1c, 0xff, 0x30, 0x0, 0x0, 0x1c, 0xff,
    0x30, 0x0, 0x0, 0x1c, 0xff, 0x2e, 0x0, 0x11,
    0x72, 0xfd, 0x12, 0x0, 0x77, 0xf0, 0x7a, 0x0,
    0x0,

    /* U+0136 "Ķ" */
    0xfc, 0x4c, 0x0, 0x0, 0x1, 0xa8, 0xe8, 0x1f,
    0xfc, 0x4c, 0x0, 0x0, 0x84, 0xf5, 0x35, 0x0,
    0xfc, 0x4c, 0x0, 0x5d, 0xfd, 0x50, 0x0, 0x0,
    0xfc, 0x4c, 0x3d, 0xf9, 0x71, 0x0, 0x0, 0x0,
    0xfc, 0x70, 0xec, 0xe2, 0x4, 0x0, 0x0, 0x0,
    0xfc, 0xfa, 0xba, 0xef, 0x81, 0x0, 0x0, 0x0,
    0xfc, 0xcb, 0xb, 0x5a, 0xfc, 0x3a, 0x0, 0x0,
    0xfc, 0x4d, 0x0, 0x0, 0xa7, 0xdd, 0xd, 0x0,
    0xfc, 0x4c, 0x0, 0x0, 0x10, 0xe3, 0xa0, 0x0,
    0xfc, 0x4c, 0x0, 0x0, 0x0, 0x43, 0xfe, 0x55,
    0x0, 0x0, 0x12, 0x63, 0x2, 0x0, 0x0, 0x0,
    0x0, 0x0, 0x51, 0xff, 0x22, 0x0, 0x0, 0x0,
    0x0, 0x0, 0x24, 0xa6, 0x0, 0x0, 0x0, 0x0,
    0x0, 0x0, 0x1, 0xa, 0x0, 0x0, 0x0, 0x0,

    /* U+0137 "ķ" */
    0x38, 0xff, 0x14, 0x0, 0x0, 0x0, 0x0, 0x38,
    0xff, 0x14, 0x0, 0x0, 0x0, 0x0, 0x38, 0xff,
    0x14, 0x0, 0x0, 0x0, 0x0, 0x38, 0xff, 0x14,
    0x0, 0x6f, 0xf7, 0x46, 0x38, 0xff, 0x14, 0x67,
    0xf8, 0x4b, 0x0, 0x38, 0xff, 0x72, 0xfe, 0x54,
    0x0, 0x0, 0x38, 0xff, 0xfc, 0xf2, 0x7d, 0x0,
    0x0, 0x38, 0xff, 0x60, 0x5e, 0xf9, 0x2d, 0x0,
    0x38, 0xff, 0x14, 0x0, 0xb6, 0xcc, 0x4, 0x38,
    0xff, 0x14, 0x0, 0x1d, 0xf2, 0x7b, 0x0, 0x0,
    0x11, 0x63, 0x3, 0x0, 0x0, 0x0, 0x0, 0x4d,
    0xff, 0x26, 0x0, 0x0, 0x0, 0x0, 0x21, 0xa8,
    0x0, 0x0, 0x0, 0x0, 0x0, 0x0, 0xa, 0x0,
    0x0, 0x0,

    /* U+0138 "ĸ" */
    0x38, 0xff, 0x14, 0x0, 0x86, 0xf0, 0x30, 0x38,
    0xff, 0x14, 0x68, 0xf7, 0x3e, 0x0, 0x38, 0xff,
    0x62, 0xf8, 0x4e, 0x0, 0x0, 0x38, 0xff, 0xda,
    0xc4, 0x1, 0x0, 0x0, 0x38, 0xff, 0x32, 0xe7,
    0x8a, 0x0, 0x0, 0x38, 0xff, 0x14, 0x35, 0xf6,
    0x67, 0x0, 0x38, 0xff, 0x14, 0x0, 0x53, 0xfa,
    0x49,

    /* U+0139 "Ĺ" */
    0x43, 0xb9, 0xa, 0x0, 0x0, 0x0, 0xb4, 0x80,
    0x0, 0x0, 0x0, 0x0, 0x0, 0x0, 0x0, 0x0,
    0x0, 0x0, 0xfc, 0x4c, 0x0, 0x0, 0x0, 0x0,
    0xfc, 0x4c, 0x0, 0x0, 0x0, 0x0, 0xfc, 0x4c,
    0x0, 0x0, 0x0, 0x0, 0xfc, 0x4c, 0x0, 0x0,
    0x0, 0x0, 0xfc, 0x4c, 0x0, 0x0, 0x0, 0x0,
    0xfc, 0x4c, 0x0, 0x0, 0x0, 0x0, 0xfc, 0x4c,
    0x0, 0x0, 0x0, 0x0, 0xfc, 0x4c, 0x0, 0x0,
    0x0, 0x0, 0xfc, 0x73, 0x38, 0x38, 0x38, 0x23,
    0xfc, 0xff, 0xff, 0xff, 0xff, 0xa4,

    /* U+013A "ĺ" */
    0x0, 0x6e, 0x98, 0x4, 0xe6, 0x45, 0x0, 0x0,
    0x0, 0x38, 0xff, 0x14, 0x38, 0xff, 0x14, 0x38,
    0xff, 0x14, 0x38, 0xff, 0x14, 0x38, 0xff, 0x14,
    0x38, 0xff, 0x14, 0x38, 0xff, 0x14, 0x38, 0xff,
    0x14, 0x38, 0xff, 0x14, 0x38, 0xff, 0x14,

    /* U+013B "Ļ" */
    0xfc, 0x4c, 0x0, 0x0, 0x0, 0x0, 0xfc, 0x4c,
    0x0, 0x0, 0x0, 0x0, 0xfc, 0x4c, 0x0, 0x0,
    0x0, 0x0, 0xfc, 0x4c, 0x0, 0x0, 0x0, 0x0,
    0xfc, 0x4c, 0x0, 0x0, 0x0, 0x0, 0xfc, 0x4c,
    0x0, 0x0, 0x0, 0x0, 0xfc, 0x4c, 0x0, 0x0,
    0x0, 0x0, 0xfc, 0x4c, 0x0, 0x0, 0x0, 0x0,
    0xfc, 0x73, 0x38, 0x38, 0x38, 0x23, 0xfc, 0xff,
    0xff, 0xff, 0xff, 0xa4, 0x0, 0x0, 0x50, 0x27,
    0x0, 0x0, 0x0, 0x0, 0xe1, 0x92, 0x0, 0x0,
    0x0, 0x0, 0xa3, 0x27, 0x0, 0x0, 0x0, 0x0,
    0xb, 0x0, 0x0, 0x0,

    /* U+013C "ļ" */
    0x38, 0xff, 0x14, 0x38, 0xff, 0x14, 0x38, 0xff,
    0x14, 0x38, 0xff, 0x14, 0x38, 0xff, 0x14, 0x38,
    0xff, 0x14, 0x38, 0xff, 0x14, 0x38, 0xff, 0x14,
    0x38, 0xff, 0x14, 0x38, 0xff, 0x14, 0xe, 0x64,
    0x5, 0x46, 0xff, 0x2e, 0x1c, 0xad, 0x0, 0x0,
    0xb, 0x0,

    /* U+013D "Ľ" */
    0xfc, 0x4c, 0x0, 0xb8, 0x99, 0x0, 0xfc, 0x4c,
    0x0, 0xb8, 0x6d, 0x0, 0xfc, 0x4c, 0x0, 0xa6,
    0x3d, 0x0, 0xfc, 0x4c, 0x0, 0x0, 0x0, 0x0,
    0xfc, 0x4c, 0x0, 0x0, 0x0, 0x0, 0xfc, 0x4c,
    0x0, 0x0, 0x0, 0x0, 0xfc, 0x4c, 0x0, 0x0,
    0x0, 0x0, 0xfc, 0x4c, 0x0, 0x0, 0x0, 0x0,
    0xfc, 0x73, 0x38, 0x38, 0x38, 0x23, 0xfc, 0xff,
    0xff, 0xff, 0xff, 0xa4,

    /* U+013E "ľ" */
    0xf0, 0x5c, 0xc0, 0x8d, 0xf0, 0x5c, 0xc0, 0x61,
    0xf0, 0x5c, 0xae, 0x32, 0xf0, 0x5c, 0x0, 0x0,
    0xf0, 0x5c, 0x0, 0x0, 0xf0, 0x5c, 0x0, 0x0,
    0xf0, 0x5c, 0x0, 0x0, 0xf0, 0x5c, 0x0, 0x0,
    0xf0, 0x5c, 0x0, 0x0, 0xf0, 0x5c, 0x0, 0x0,

    /* U+013F "Ŀ" */
    0xfc, 0x4c, 0x0, 0x0, 0x0, 0x0, 0xfc, 0x4c,
    0x0, 0x0, 0x0, 0x0, 0xfc, 0x4c, 0x0, 0x0,
    0x0, 0x0, 0xfc, 0x4c, 0x0, 0x0, 0x0, 0x0,
    0xfc, 0x4c, 0x41, 0xd1, 0x2f, 0x0, 0xfc, 0x4c,
    0x50, 0xf2, 0x3c, 0x0, 0xfc, 0x4c, 0x0, 0x0,
    0x0, 0x0, 0xfc, 0x4c, 0x0, 0x0, 0x0, 0x0,
    0xfc, 0x73, 0x38, 0x38, 0x38, 0x23, 0xfc, 0xff,
    0xff, 0xff, 0xff, 0xa4,

    /* U+0141 "Ł" */
    0x0, 0x0, 0xec, 0x5c, 0x0, 0x0, 0x0, 0x0,
    0x0, 0x0, 0xec, 0x5c, 0x0, 0x0, 0x0, 0x0,
    0x0, 0x0, 0xec, 0x5c, 0x1, 0x4, 0x0, 0x0,
    0x0, 0x0, 0xec, 0x86, 0xc2, 0x77, 0x0, 0x0,
    0x0, 0x2, 0xee, 0xfb, 0x8b, 0xb, 0x0, 0x0,
    0x21, 0xc9, 0xff, 0x68, 0x0, 0x0, 0x0, 0x0,
    0xe, 0x77, 0xef, 0x5c, 0x0, 0x0, 0x0, 0x0,
    0x0, 0x0, 0xec, 0x5c, 0x0, 0x0, 0x0, 0x0,
    0x0, 0x0, 0xec, 0x7f, 0x38, 0x38, 0x38, 0x27,
    0x0, 0x0, 0xec, 0xff, 0xff, 0xff, 0xff, 0xb4,

    /* U+0142 "ł" */
    0x0, 0x28, 0xff, 0x24, 0x0, 0x0, 0x28, 0xff,
    0x24, 0x0, 0x0, 0x28, 0xff, 0x24, 0x0, 0x0,
    0x28, 0xff, 0xab, 0x7f, 0x0, 0x47, 0xff, 0xcb,
    0x24, 0x49, 0xf8, 0xff, 0x25, 0x0, 0xe, 0x61,
    0xff, 0x24, 0x0, 0x0, 0x28, 0xff, 0x24, 0x0,
    0x0, 0x28, 0xff, 0x24, 0x0, 0x0, 0x28, 0xff,
    0x24, 0x0,

    /* U+0143 "Ń" */
    0x0, 0x0, 0x0, 0x3, 0xb7, 0x4c, 0x0, 0x0,
    0x0, 0x0, 0x0, 0x50, 0xdb, 0x6, 0x0, 0x0,
    0x0, 0x0, 0x0, 0x0, 0x0, 0x0, 0x0, 0x0,
    0xfc, 0xdb, 0x8, 0x0, 0x0, 0x0, 0x8c, 0xbc,
    0xfc, 0xfb, 0x84, 0x0, 0x0, 0x0, 0x8c, 0xbc,
    0xfc, 0x8c, 0xf9, 0x2a, 0x0, 0x0, 0x8c, 0xbc,
    0xfc, 0x49, 0xac, 0xc3, 0x1, 0x0, 0x8c, 0xbc,
    0xfc, 0x4c, 0x1a, 0xf1, 0x65, 0x0, 0x8c, 0xbc,
    0xfc, 0x4c, 0x0, 0x6c, 0xee, 0x17, 0x8c, 0xbc,
    0xfc, 0x4c, 0x0, 0x2, 0xc9, 0xa6, 0x88, 0xbc,
    0xfc, 0x4c, 0x0, 0x0, 0x2f, 0xfb, 0xc7, 0xbc,
    0xfc, 0x4c, 0x0, 0x0, 0x0, 0x8c, 0xff, 0xbc,
    0xfc, 0x4c, 0x0, 0x0, 0x0, 0xb, 0xe0, 0xbc,

    /* U+0144 "ń" */
    0x0, 0x0, 0x0, 0x26, 0xfb, 0x2e, 0x0, 0x0,
    0x0, 0x0, 0x64, 0x83, 0x0, 0x0, 0x0, 0x0,
    0x0, 0x0, 0x0, 0x0, 0x0, 0x38, 0xff, 0x54,
    0xdb, 0xf2, 0xb0, 0x14, 0x38, 0xff, 0xcf, 0x40,
    0x48, 0xe1, 0x99, 0x38, 0xff, 0x3d, 0x0, 0x0,
    0x7b, 0xd1, 0x38, 0xff, 0x15, 0x0, 0x0, 0x6c,
    0xdc, 0x38, 0xff, 0x14, 0x0, 0x0, 0x6c, 0xdc,
    0x38, 0xff, 0x14, 0x0, 0x0, 0x6c, 0xdc, 0x38,
    0xff, 0x14, 0x0, 0x0, 0x6c, 0xdc,

    /* U+0145 "Ņ" */
    0xfc, 0xdb, 0x8, 0x0, 0x0, 0x0, 0x8c, 0xbc,
    0xfc, 0xfb, 0x84, 0x0, 0x0, 0x0, 0x8c, 0xbc,
    0xfc, 0x8c, 0xf9, 0x2a, 0x0, 0x0, 0x8c, 0xbc,
    0xfc, 0x49, 0xac, 0xc3, 0x1, 0x0, 0x8c, 0xbc,
    0xfc, 0x4c, 0x1a, 0xf1, 0x65, 0x0, 0x8c, 0xbc,
    0xfc, 0x4c, 0x0, 0x6c, 0xee, 0x17, 0x8c, 0xbc,
    0xfc, 0x4c, 0x0, 0x2, 0xc9, 0xa6, 0x88, 0xbc,
    0xfc, 0x4c, 0x0, 0x0, 0x2f, 0xfb, 0xc7, 0xbc,
    0xfc, 0x4c, 0x0, 0x0, 0x0, 0x8c, 0xff, 0xbc,
    0xfc, 0x4c, 0x0, 0x0, 0x0, 0xb, 0xe0, 0xbc,
    0x0, 0x0, 0x0, 0x4b, 0x2c, 0x0, 0x0, 0x0,
    0x0, 0x0, 0x0, 0xd5, 0xa0, 0x0, 0x0, 0x0,
    0x0, 0x0, 0x0, 0x9a, 0x2f, 0x0, 0x0, 0x0,
    0x0, 0x0, 0x0, 0xb, 0x0, 0x0, 0x0, 0x0,

    /* U+0146 "ņ" */
    0x38, 0xff, 0x54, 0xdb, 0xf2, 0xb0, 0x14, 0x38,
    0xff, 0xcf, 0x40, 0x48, 0xe1, 0x99, 0x38, 0xff,
    0x3d, 0x0, 0x0, 0x7b, 0xd1, 0x38, 0xff, 0x15,
    0x0, 0x0, 0x6c, 0xdc, 0x38, 0xff, 0x14, 0x0,
    0x0, 0x6c, 0xdc, 0x38, 0xff, 0x14, 0x0, 0x0,
    0x6c, 0xdc, 0x38, 0xff, 0x14, 0x0, 0x0, 0x6c,
    0xdc, 0x0, 0x0, 0x0, 0x50, 0x27, 0x0, 0x0,
    0x0, 0x0, 0x0, 0xe1, 0x92, 0x0, 0x0, 0x0,
    0x0, 0x0, 0xa3, 0x27, 0x0, 0x0, 0x0, 0x0,
    0x0, 0xb, 0x0, 0x0, 0x0,

    /* U+0147 "Ň" */
    0x0, 0x0, 0x69, 0x37, 0x45, 0x5f, 0x0, 0x0,
    0x0, 0x0, 0x2d, 0xe1, 0xda, 0x1f, 0x0, 0x0,
    0x0, 0x0, 0x0, 0x0, 0x0, 0x0, 0x0, 0x0,
    0xfc, 0xdb, 0x8, 0x0, 0x0, 0x0, 0x8c, 0xbc,
    0xfc, 0xfb, 0x84, 0x0, 0x0, 0x0, 0x8c, 0xbc,
    0xfc, 0x8c, 0xf9, 0x2a, 0x0, 0x0, 0x8c, 0xbc,
    0xfc, 0x49, 0xac, 0xc3, 0x1, 0x0, 0x8c, 0xbc,
    0xfc, 0x4c, 0x1a, 0xf1, 0x65, 0x0, 0x8c, 0xbc,
    0xfc, 0x4c, 0x0, 0x6c, 0xee, 0x17, 0x8c, 0xbc,
    0xfc, 0x4c, 0x0, 0x2, 0xc9, 0xa6, 0x88, 0xbc,
    0xfc, 0x4c, 0x0, 0x0, 0x2f, 0xfb, 0xc7, 0xbc,
    0xfc, 0x4c, 0x0, 0x0, 0x0, 0x8c, 0xff, 0xbc,
    0xfc, 0x4c, 0x0, 0x0, 0x0, 0xb, 0xe0, 0xbc,

    /* U+0148 "ň" */
    0x0, 0x3, 0xb9, 0x8b, 0xc8, 0x7a, 0x0, 0x0,
    0x0, 0xf, 0xae, 0x88, 0x0, 0x0, 0x0, 0x0,
    0x0, 0x0, 0x0, 0x0, 0x0, 0x38, 0xff, 0x54,
    0xdb, 0xf2, 0xb0, 0x14, 0x38, 0xff, 0xcf, 0x40,
    0x48, 0xe1, 0x99, 0x38, 0xff, 0x3d, 0x0, 0x0,
    0x7b, 0xd1, 0x38, 0xff, 0x15, 0x0, 0x0, 0x6c,
    0xdc, 0x38, 0xff, 0x14, 0x0, 0x0, 0x6c, 0xdc,
    0x38, 0xff, 0x14, 0x0, 0x0, 0x6c, 0xdc, 0x38,
    0xff, 0x14, 0x0, 0x0, 0x6c, 0xdc,

    /* U+014A "Ŋ" */
    0xfc, 0xdb, 0x8, 0x0, 0x0, 0x0, 0x8c, 0xbc,
    0xfc, 0xfb, 0x84, 0x0, 0x0, 0x0, 0x8c, 0xbc,
    0xfc, 0x8a, 0xf9, 0x2a, 0x0, 0x0, 0x8c, 0xbc,
    0xfc, 0x49, 0xa6, 0xc3, 0x1, 0x0, 0x8c, 0xbc,
    0xfc, 0x4c, 0x16, 0xed, 0x65, 0x0, 0x8c, 0xbc,
    0xfc, 0x4c, 0x0, 0x60, 0xee, 0x17, 0x8c, 0xbc,
    0xfc, 0x4c, 0x0, 0x0, 0xbc, 0xa6, 0x88, 0xbc,
    0xfc, 0x4c, 0x0, 0x0, 0x23, 0xf6, 0xc7, 0xbc,
    0xfc, 0x4c, 0x0, 0x0, 0x0, 0x76, 0xff, 0xbc,
    0xfc, 0x4c, 0x0, 0x0, 0x0, 0x4, 0xcf, 0xbc,
    0x0, 0x0, 0x0, 0x0, 0x0, 0x0, 0x8c, 0xbb,
    0x0, 0x0, 0x0, 0x0, 0x0, 0x29, 0xc7, 0x9e,
    0x0, 0x0, 0x0, 0x0, 0x2, 0xe4, 0xd1, 0x28,

    /* U+014B "ŋ" */
    0x38, 0xff, 0x54, 0xdb, 0xf3, 0xb2, 0x16, 0x38,
    0xff, 0xcf, 0x40, 0x45, 0xde, 0x9b, 0x38, 0xff,
    0x3d, 0x0, 0x0, 0x7a, 0xd2, 0x38, 0xff, 0x15,
    0x0, 0x0, 0x6c, 0xdc, 0x38, 0xff, 0x14, 0x0,
    0x0, 0x6c, 0xdc, 0x38, 0xff, 0x14, 0x0, 0x0,
    0x6c, 0xdc, 0x38, 0xff, 0x14, 0x0, 0x0, 0x6c,
    0xdc, 0x0, 0x0, 0x0, 0x0, 0x0, 0x6c, 0xdb,
    0x0, 0x0, 0x0, 0x0, 0x21, 0xb2, 0xbf, 0x0,
    0x0, 0x0, 0x0, 0xc9, 0xde, 0x3d,

    /* U+014C "Ō" */
    0x0, 0x0, 0x0, 0x4c, 0xff, 0xff, 0xff, 0xa0,
    0x0, 0x0, 0x0, 0x0, 0x0, 0x0, 0x0, 0x0,
    0x0, 0x0, 0x0, 0x0, 0x0, 0x0, 0x0, 0x0,
    0x12, 0x89, 0xdb, 0xf9, 0xea, 0xab, 0x31, 0x0,
    0x0, 0x0, 0x20, 0xdf, 0xd5, 0x66, 0x3e, 0x52,
    0xaa, 0xfa, 0x59, 0x0, 0x1, 0xcc, 0xbc, 0x8,
    0x0, 0x0, 0x0, 0x0, 0x71, 0xf9, 0x29, 0x3f,
    0xff, 0x22, 0x0, 0x0, 0x0, 0x0, 0x0, 0x0,
    0xce, 0x96, 0x71, 0xe0, 0x0, 0x0, 0x0, 0x0,
    0x0, 0x0, 0x0, 0x8c, 0xc8, 0x71, 0xdf, 0x0,
    0x0, 0x0, 0x0, 0x0, 0x0, 0x0, 0x8c, 0xc7,
    0x40, 0xff, 0x22, 0x0, 0x0, 0x0, 0x0, 0x0,
    0x0, 0xcd, 0x97, 0x1, 0xcd, 0xbc, 0x8, 0x0,
    0x0, 0x0, 0x0, 0x70, 0xfb, 0x2b, 0x0, 0x21,
    0xdf, 0xd4, 0x65, 0x3d, 0x51, 0xaa, 0xfa, 0x5d,
    0x0, 0x0, 0x0, 0x12, 0x8a, 0xdc, 0xfa, 0xeb,
    0xad, 0x33, 0x0, 0x0,

    /* U+014D "ō" */
    0x0, 0xc, 0xff, 0xff, 0xff, 0xe0, 0x0, 0x0,
    0x0, 0x0, 0x0, 0x0, 0x0, 0x0, 0x0, 0x0,
    0x0, 0x0, 0x0, 0x0, 0x0, 0x0, 0x0, 0x0,
    0x0, 0x21, 0xae, 0xec, 0xe5, 0x9b, 0x11, 0x0,
    0xf, 0xe4, 0xb5, 0x3c, 0x46, 0xcd, 0xcf, 0x4,
    0x6d, 0xe5, 0x8, 0x0, 0x0, 0x1a, 0xfc, 0x4d,
    0x90, 0xba, 0x0, 0x0, 0x0, 0x0, 0xe3, 0x6e,
    0x6d, 0xe5, 0x8, 0x0, 0x0, 0x1a, 0xfc, 0x4d,
    0xf, 0xe4, 0xb5, 0x3c, 0x46, 0xcc, 0xd0, 0x4,
    0x0, 0x21, 0xaf, 0xec, 0xe6, 0x9c, 0x11, 0x0,

    /* U+014E "Ŏ" */
    0x0, 0x0, 0x0, 0x8, 0x7d, 0xe, 0x5e, 0x34,
    0x0, 0x0, 0x0, 0x0, 0x0, 0x0, 0x0, 0x8a,
    0xeb, 0xc1, 0x16, 0x0, 0x0, 0x0, 0x0, 0x0,
    0x0, 0x0, 0x0, 0x0, 0x0, 0x0, 0x0, 0x0,
    0x0, 0x0, 0x0, 0x12, 0x89, 0xdb, 0xf9, 0xea,
    0xab, 0x31, 0x0, 0x0, 0x0, 0x20, 0xdf, 0xd5,
    0x66, 0x3e, 0x52, 0xaa, 0xfa, 0x59, 0x0, 0x1,
    0xcc, 0xbc, 0x8, 0x0, 0x0, 0x0, 0x0, 0x71,
    0xf9, 0x29, 0x3f, 0xff, 0x22, 0x0, 0x0, 0x0,
    0x0, 0x0, 0x0, 0xce, 0x96, 0x71, 0xe0, 0x0,
    0x0, 0x0, 0x0, 0x0, 0x0, 0x0, 0x8c, 0xc8,
    0x71, 0xdf, 0x0, 0x0, 0x0, 0x0, 0x0, 0x0,
    0x0, 0x8c, 0xc7, 0x40, 0xff, 0x22, 0x0, 0x0,
    0x0, 0x0, 0x0, 0x0, 0xcd, 0x97, 0x1, 0xcd,
    0xbc, 0x8, 0x0, 0x0, 0x0, 0x0, 0x70, 0xfb,
    0x2b, 0x0, 0x21, 0xdf, 0xd4, 0x65, 0x3d, 0x51,
    0xaa, 0xfa, 0x5d, 0x0, 0x0, 0x0, 0x12, 0x8a,
    0xdc, 0xfa, 0xeb, 0xad, 0x33, 0x0, 0x0,

    /* U+014F "ŏ" */
    0x0, 0x0, 0xc6, 0x55, 0x7e, 0x9c, 0x0, 0x0,
    0x0, 0x0, 0x39, 0xdb, 0xcd, 0x20, 0x0, 0x0,
    0x0, 0x0, 0x0, 0x0, 0x0, 0x0, 0x0, 0x0,
    0x0, 0x21, 0xae, 0xec, 0xe5, 0x9b, 0x11, 0x0,
    0xf, 0xe4, 0xb5, 0x3c, 0x46, 0xcd, 0xcf, 0x4,
    0x6d, 0xe5, 0x8, 0x0, 0x0, 0x1a, 0xfc, 0x4d,
    0x90, 0xba, 0x0, 0x0, 0x0, 0x0, 0xe3, 0x6e,
    0x6d, 0xe5, 0x8, 0x0, 0x0, 0x1a, 0xfc, 0x4d,
    0xf, 0xe4, 0xb5, 0x3c, 0x46, 0xcc, 0xd0, 0x4,
    0x0, 0x21, 0xaf, 0xec, 0xe6, 0x9c, 0x11, 0x0,

    /* U+0150 "Ő" */
    0x0, 0x0, 0x0, 0x0, 0x5e, 0xa6, 0x23, 0xc3,
    0x21, 0x0, 0x0, 0x0, 0x0, 0x0, 0x0, 0xd7,
    0x59, 0x88, 0xa9, 0x0, 0x0, 0x0, 0x0, 0x0,
    0x0, 0x0, 0x0, 0x0, 0x0, 0x0, 0x0, 0x0,
    0x0, 0x0, 0x0, 0x12, 0x89, 0xdb, 0xf9, 0xea,
    0xab, 0x31, 0x0, 0x0, 0x0, 0x20, 0xdf, 0xd5,
    0x66, 0x3e, 0x52, 0xaa, 0xfa, 0x59, 0x0, 0x1,
    0xcc, 0xbc, 0x8, 0x0, 0x0, 0x0, 0x0, 0x71,
    0xf9, 0x29, 0x3f, 0xff, 0x22, 0x0, 0x0, 0x0,
    0x0, 0x0, 0x0, 0xce, 0x96, 0x71, 0xe0, 0x0,
    0x0, 0x0, 0x0, 0x0, 0x0, 0x0, 0x8c, 0xc8,
    0x71, 0xdf, 0x0, 0x0, 0x0, 0x0, 0x0, 0x0,
    0x0, 0x8c, 0xc7, 0x40, 0xff, 0x22, 0x0, 0x0,
    0x0, 0x0, 0x0, 0x0, 0xcd, 0x97, 0x1, 0xcd,
    0xbc, 0x8, 0x0, 0x0, 0x0, 0x0, 0x70, 0xfb,
    0x2b, 0x0, 0x21, 0xdf, 0xd4, 0x65, 0x3d, 0x51,
    0xaa, 0xfa, 0x5d, 0x0, 0x0, 0x0, 0x12, 0x8a,
    0xdc, 0xfa, 0xeb, 0xad, 0x33, 0x0, 0x0,

    /* U+0151 "ő" */
    0x0, 0x0, 0x45, 0xf3, 0x22, 0xed, 0x5d, 0x0,
    0x0, 0x0, 0x7a, 0x6b, 0x3f, 0xa7, 0x1, 0x0,
    0x0, 0x0, 0x0, 0x0, 0x0, 0x0, 0x0, 0x0,
    0x0, 0x21, 0xae, 0xec, 0xe5, 0x9b, 0x11, 0x0,
    0xf, 0xe4, 0xb5, 0x3c, 0x46, 0xcd, 0xcf, 0x4,
    0x6d, 0xe5, 0x8, 0x0, 0x0, 0x1a, 0xfc, 0x4d,
    0x90, 0xba, 0x0, 0x0, 0x0, 0x0, 0xe3, 0x6e,
    0x6d, 0xe5, 0x8, 0x0, 0x0, 0x1a, 0xfc, 0x4d,
    0xf, 0xe4, 0xb5, 0x3c, 0x46, 0xcc, 0xd0, 0x4,
    0x0, 0x21, 0xaf, 0xec, 0xe6, 0x9c, 0x11, 0x0,

    /* U+0152 "Œ" */
    0x0, 0x0, 0x12, 0x89, 0xdb, 0xf9, 0xed, 0xb6,
    0x43, 0x80, 0xff, 0xff, 0xff, 0xff, 0xff, 0x5c,
    0x0, 0x20, 0xdf, 0xd5, 0x66, 0x3e, 0x52, 0xaa,
    0xfe, 0xdb, 0xd7, 0x38, 0x38, 0x38, 0x38, 0x14,
    0x1, 0xcc, 0xbc, 0x8, 0x0, 0x0, 0x0, 0x0,
    0x71, 0xff, 0xcc, 0x0, 0x0, 0x0, 0x0, 0x0,
    0x3f, 0xff, 0x22, 0x0, 0x0, 0x0, 0x0, 0x0,
    0x0, 0xce, 0xcc, 0x0, 0x0, 0x0, 0x0, 0x0,
    0x71, 0xe0, 0x0, 0x0, 0x0, 0x0, 0x0, 0x0,
    0x0, 0x8c, 0xff, 0xff, 0xff, 0xff, 0xe8, 0x0,
    0x71, 0xdf, 0x0, 0x0, 0x0, 0x0, 0x0, 0x0,
    0x0, 0x8c, 0xd5, 0x30, 0x30, 0x30, 0x2b, 0x0,
    0x40, 0xff, 0x22, 0x0, 0x0, 0x0, 0x0, 0x0,
    0x0, 0xcd, 0xcc, 0x0, 0x0, 0x0, 0x0, 0x0,
    0x1, 0xcd, 0xbc, 0x8, 0x0, 0x0, 0x0, 0x0,
    0x70, 0xff, 0xcc, 0x0, 0x0, 0x0, 0x0, 0x0,
    0x0, 0x21, 0xdf, 0xd4, 0x65, 0x3d, 0x51, 0xaa,
    0xfd, 0xd4, 0xd7, 0x38, 0x38, 0x38, 0x38, 0x14,
    0x0, 0x0, 0x12, 0x8a, 0xdc, 0xfa, 0xed, 0xb4,
    0x3e, 0x80, 0xff, 0xff, 0xff, 0xff, 0xff, 0x5c,

    /* U+0153 "œ" */
    0x0, 0x21, 0xae, 0xec, 0xec, 0x95, 0xb, 0x33,
    0xc5, 0xf7, 0xde, 0x56, 0x0, 0xf, 0xe4, 0xb5,
    0x3c, 0x46, 0xcd, 0xbb, 0xee, 0x94, 0x34, 0x6a,
    0xf9, 0x42, 0x6d, 0xe5, 0x8, 0x0, 0x0, 0x1a,
    0xfc, 0xcd, 0x0, 0x0, 0x0, 0x96, 0xb3, 0x90,
    0xba, 0x0, 0x0, 0x0, 0x0, 0xe3, 0xf8, 0xec,
    0xec, 0xec, 0xf4, 0xdd, 0x6c, 0xe5, 0x8, 0x0,
    0x0, 0x1a, 0xfc, 0xab, 0x1c, 0x1c, 0x1c, 0x21,
    0x19, 0xe, 0xe3, 0xb5, 0x3c, 0x46, 0xcc, 0xd1,
    0xf4, 0x7a, 0x33, 0x53, 0xde, 0x82, 0x0, 0x21,
    0xaf, 0xed, 0xee, 0xa0, 0x13, 0x43, 0xcc, 0xf8,
    0xe5, 0x8b, 0x9,

    /* U+0154 "Ŕ" */
    0x0, 0x0, 0x1e, 0xc3, 0x24, 0x0, 0x0, 0x0,
    0x0, 0x84, 0xad, 0x0, 0x0, 0x0, 0x0, 0x0,
    0x0, 0x0, 0x0, 0x0, 0x0, 0xfc, 0xff, 0xff,
    0xf7, 0xc3, 0x33, 0x0, 0xfc, 0x73, 0x38, 0x3f,
    0xa2, 0xef, 0x1c, 0xfc, 0x4c, 0x0, 0x0, 0x3,
    0xe1, 0x72, 0xfc, 0x4c, 0x0, 0x0, 0x0, 0xd5,
    0x7d, 0xfc, 0x4c, 0x0, 0x9, 0x72, 0xfd, 0x2d,
    0xfc, 0xff, 0xff, 0xff, 0xea, 0x5a, 0x0, 0xfc,
    0x6d, 0x3e, 0xf0, 0x6d, 0x0, 0x0, 0xfc, 0x4c,
    0x0, 0x5a, 0xf6, 0x2c, 0x0, 0xfc, 0x4c, 0x0,
    0x0, 0xa5, 0xd4, 0x9, 0xfc, 0x4c, 0x0, 0x0,
    0xf, 0xdf, 0x97,

    /* U+0155 "ŕ" */
    0x0, 0x0, 0x3e, 0xf6, 0x1e, 0x0, 0x0, 0x0,
    0x77, 0x71, 0x0, 0x0, 0x0, 0x0, 0x0, 0x0,
    0x3, 0x0, 0x38, 0xff, 0x63, 0xe3, 0xdc, 0x0,
    0x38, 0xff, 0xcb, 0x35, 0x19, 0x0, 0x38, 0xff,
    0x37, 0x0, 0x0, 0x0, 0x38, 0xff, 0x14, 0x0,
    0x0, 0x0, 0x38, 0xff, 0x14, 0x0, 0x0, 0x0,
    0x38, 0xff, 0x14, 0x0, 0x0, 0x0, 0x38, 0xff,
    0x14, 0x0, 0x0, 0x0,

    /* U+0156 "Ŗ" */
    0xfc, 0xff, 0xff, 0xf7, 0xc3, 0x33, 0x0, 0xfc,
    0x73, 0x38, 0x3f, 0xa2, 0xef, 0x1c, 0xfc, 0x4c,
    0x0, 0x0, 0x3, 0xe1, 0x72, 0xfc, 0x4c, 0x0,
    0x0, 0x0, 0xd5, 0x7d, 0xfc, 0x4c, 0x0, 0x9,
    0x72, 0xfd, 0x2d, 0xfc, 0xff, 0xff, 0xff, 0xea,
    0x5a, 0x0, 0xfc, 0x6d, 0x3e, 0xf0, 0x6d, 0x0,
    0x0, 0xfc, 0x4c, 0x0, 0x5a, 0xf6, 0x2c, 0x0,
    0xfc, 0x4c, 0x0, 0x0, 0xa5, 0xd4, 0x9, 0xfc,
    0x4c, 0x0, 0x0, 0xf, 0xdf, 0x97, 0x0, 0x0,
    0x24, 0x54, 0x0, 0x0, 0x0, 0x0, 0x0, 0x81,
    0xf3, 0x1, 0x0, 0x0, 0x0, 0x0, 0x4d, 0x7d,
    0x0, 0x0, 0x0, 0x0, 0x0, 0x7, 0x3, 0x0,
    0x0, 0x0,

    /* U+0157 "ŗ" */
    0x0, 0x0, 0x0, 0x0, 0x3, 0x0, 0x38, 0xff,
    0x63, 0xe3, 0xdc, 0x0, 0x38, 0xff, 0xcb, 0x35,
    0x19, 0x0, 0x38, 0xff, 0x37, 0x0, 0x0, 0x0,
    0x38, 0xff, 0x14, 0x0, 0x0, 0x0, 0x38, 0xff,
    0x14, 0x0, 0x0, 0x0, 0x38, 0xff, 0x14, 0x0,
    0x0, 0x0, 0x38, 0xff, 0x14, 0x0, 0x0, 0x0,
    0xe, 0x64, 0x5, 0x0, 0x0, 0x0, 0x46, 0xff,
    0x2e, 0x0, 0x0, 0x0, 0x1c, 0xad, 0x0, 0x0,
    0x0, 0x0, 0x0, 0xb, 0x0, 0x0, 0x0, 0x0,

    /* U+0158 "Ř" */
    0x0, 0x6a, 0x33, 0x49, 0x5d, 0x0, 0x0, 0x0,
    0x30, 0xe1, 0xd9, 0x1e, 0x0, 0x0, 0x0, 0x0,
    0x0, 0x0, 0x0, 0x0, 0x0, 0xfc, 0xff, 0xff,
    0xf7, 0xc3, 0x33, 0x0, 0xfc, 0x73, 0x38, 0x3f,
    0xa2, 0xef, 0x1c, 0xfc, 0x4c, 0x0, 0x0, 0x3,
    0xe1, 0x72, 0xfc, 0x4c, 0x0, 0x0, 0x0, 0xd5,
    0x7d, 0xfc, 0x4c, 0x0, 0x9, 0x72, 0xfd, 0x2d,
    0xfc, 0xff, 0xff, 0xff, 0xea, 0x5a, 0x0, 0xfc,
    0x6d, 0x3e, 0xf0, 0x6d, 0x0, 0x0, 0xfc, 0x4c,
    0x0, 0x5a, 0xf6, 0x2c, 0x0, 0xfc, 0x4c, 0x0,
    0x0, 0xa5, 0xd4, 0x9, 0xfc, 0x4c, 0x0, 0x0,
    0xf, 0xdf, 0x97,

    /* U+0159 "ř" */
    0xc, 0xcd, 0x7e, 0xde, 0x4f, 0x0, 0x0, 0x17,
    0x99, 0x55, 0x0, 0x0, 0x0, 0x0, 0x0, 0x0,
    0x3, 0x0, 0x38, 0xff, 0x63, 0xe3, 0xdc, 0x0,
    0x38, 0xff, 0xcb, 0x35, 0x19, 0x0, 0x38, 0xff,
    0x37, 0x0, 0x0, 0x0, 0x38, 0xff, 0x14, 0x0,
    0x0, 0x0, 0x38, 0xff, 0x14, 0x0, 0x0, 0x0,
    0x38, 0xff, 0x14, 0x0, 0x0, 0x0, 0x38, 0xff,
    0x14, 0x0, 0x0, 0x0,

    /* U+015A "Ś" */
    0x0, 0x0, 0x0, 0x34, 0xbf, 0x13, 0x0, 0x0,
    0x0, 0x0, 0x0, 0xa3, 0x91, 0x0, 0x0, 0x0,
    0x0, 0x0, 0x0, 0x0, 0x0, 0x0, 0x0, 0x0,
    0x0, 0x2e, 0xba, 0xf2, 0xe5, 0x88, 0x6, 0x0,
    0xe, 0xe8, 0xb3, 0x45, 0x5d, 0xe6, 0x9e, 0x0,
    0x3f, 0xff, 0x13, 0x0, 0x0, 0x2d, 0x22, 0x0,
    0x18, 0xf7, 0x91, 0xf, 0x0, 0x0, 0x0, 0x0,
    0x0, 0x46, 0xe0, 0xf5, 0xa4, 0x35, 0x0, 0x0,
    0x0, 0x0, 0x3, 0x45, 0xa9, 0xfc, 0x73, 0x0,
    0x0, 0x3, 0x0, 0x0, 0x0, 0x65, 0xfb, 0x11,
    0x66, 0xce, 0x5, 0x0, 0x0, 0x34, 0xff, 0x22,
    0x21, 0xee, 0xb9, 0x48, 0x51, 0xcf, 0xd0, 0x0,
    0x0, 0x2d, 0xb6, 0xf2, 0xe9, 0xa2, 0x1a, 0x0,

    /* U+015B "ś" */
    0x0, 0x0, 0x5, 0xe7, 0x63, 0x0, 0x0, 0x0,
    0x0, 0x39, 0xab, 0x2, 0x0, 0x0, 0x0, 0x0,
    0x0, 0x0, 0x0, 0x0, 0x0, 0x2, 0x88, 0xe7,
    0xf5, 0xbb, 0x26, 0x0, 0x59, 0xf5, 0x52, 0x36,
    0xb1, 0x93, 0x0, 0x51, 0xf8, 0x68, 0x1b, 0x0,
    0x0, 0x0, 0x0, 0x65, 0xca, 0xfc, 0xce, 0x3f,
    0x0, 0x8, 0x2d, 0x0, 0x10, 0x9a, 0xea, 0x0,
    0x69, 0xf7, 0x58, 0x31, 0xa1, 0xe1, 0x0, 0x0,
    0x75, 0xe2, 0xf6, 0xc4, 0x33, 0x0,

    /* U+015C "Ŝ" */
    0x0, 0x0, 0xc, 0x7b, 0x46, 0x0, 0x0, 0x0,
    0x0, 0xb, 0xc3, 0x8a, 0xd6, 0x4b, 0x0, 0x0,
    0x0, 0x0, 0x0, 0x0, 0x0, 0x0, 0x0, 0x0,
    0x0, 0x2e, 0xba, 0xf2, 0xe5, 0x88, 0x6, 0x0,
    0xe, 0xe8, 0xb3, 0x45, 0x5d, 0xe6, 0x9e, 0x0,
    0x3f, 0xff, 0x13, 0x0, 0x0, 0x2d, 0x22, 0x0,
    0x18, 0xf7, 0x91, 0xf, 0x0, 0x0, 0x0, 0x0,
    0x0, 0x46, 0xe0, 0xf5, 0xa4, 0x35, 0x0, 0x0,
    0x0, 0x0, 0x3, 0x45, 0xa9, 0xfc, 0x73, 0x0,
    0x0, 0x3, 0x0, 0x0, 0x0, 0x65, 0xfb, 0x11,
    0x66, 0xce, 0x5, 0x0, 0x0, 0x34, 0xff, 0x22,
    0x21, 0xee, 0xb9, 0x48, 0x51, 0xcf, 0xd0, 0x0,
    0x0, 0x2d, 0xb6, 0xf2, 0xe9, 0xa2, 0x1a, 0x0,

    /* U+015D "ŝ" */
    0x0, 0x5, 0xbd, 0xf2, 0x3c, 0x0, 0x0, 0x0,
    0x60, 0x91, 0x3b, 0xa6, 0x8, 0x0, 0x0, 0x0,
    0x0, 0x0, 0x0, 0x0, 0x0, 0x2, 0x88, 0xe7,
    0xf5, 0xbb, 0x26, 0x0, 0x59, 0xf5, 0x52, 0x36,
    0xb1, 0x93, 0x0, 0x51, 0xf8, 0x68, 0x1b, 0x0,
    0x0, 0x0, 0x0, 0x65, 0xca, 0xfc, 0xce, 0x3f,
    0x0, 0x8, 0x2d, 0x0, 0x10, 0x9a, 0xea, 0x0,
    0x69, 0xf7, 0x58, 0x31, 0xa1, 0xe1, 0x0, 0x0,
    0x75, 0xe2, 0xf6, 0xc4, 0x33, 0x0,

    /* U+015E "Ş" */
    0x0, 0x2e, 0xba, 0xf2, 0xe5, 0x88, 0x6, 0x0,
    0xe, 0xe8, 0xb4, 0x45, 0x5d, 0xe6, 0x9c, 0x0,
    0x3f, 0xff, 0x13, 0x0, 0x0, 0x2d, 0x24, 0x0,
    0x19, 0xf9, 0x8b, 0xb, 0x0, 0x0, 0x0, 0x0,
    0x0, 0x4c, 0xe5, 0xf1, 0x9c, 0x2f, 0x0, 0x0,
    0x0, 0x0, 0x5, 0x4d, 0xb1, 0xfc, 0x6c, 0x0,
    0x0, 0x1, 0x0, 0x0, 0x0, 0x6b, 0xf9, 0xf,
    0x64, 0xc7, 0x3, 0x0, 0x0, 0x32, 0xff, 0x25,
    0x28, 0xf3, 0xb0, 0x3c, 0x45, 0xc7, 0xd9, 0x2,
    0x0, 0x35, 0xbf, 0xfb, 0xf0, 0xb3, 0x23, 0x0,
    0x0, 0x0, 0x1, 0xd5, 0xbd, 0x19, 0x0, 0x0,
    0x0, 0x0, 0x2, 0x27, 0x77, 0x68, 0x0, 0x0,
    0x0, 0x0, 0xe, 0xc4, 0xcf, 0x22, 0x0, 0x0,

    /* U+015F "ş" */
    0x1, 0x85, 0xe6, 0xf5, 0xbb, 0x26, 0x0, 0x58,
    0xf5, 0x52, 0x36, 0xb1, 0x93, 0x0, 0x53, 0xf7,
    0x64, 0x18, 0x0, 0x0, 0x0, 0x0, 0x69, 0xcf,
    0xfe, 0xc9, 0x3a, 0x0, 0x5, 0x27, 0x0, 0x15,
    0x9f, 0xe7, 0x0, 0x6b, 0xf6, 0x50, 0x29, 0x9c,
    0xe7, 0x0, 0x1, 0x7c, 0xea, 0xfc, 0xd2, 0x3d,
    0x0, 0x0, 0x0, 0x6a, 0xdb, 0x67, 0x0, 0x0,
    0x0, 0x0, 0x26, 0xd, 0xd8, 0x0, 0x0, 0x0,
    0x0, 0x70, 0xd9, 0x7b, 0x0, 0x0,

    /* U+0160 "Š" */
    0x0, 0x3, 0x72, 0x2b, 0x51, 0x55, 0x0, 0x0,
    0x0, 0x0, 0x3c, 0xe4, 0xd1, 0x15, 0x0, 0x0,
    0x0, 0x0, 0x0, 0x0, 0x0, 0x0, 0x0, 0x0,
    0x0, 0x2e, 0xba, 0xf2, 0xe5, 0x88, 0x6, 0x0,
    0xe, 0xe8, 0xb3, 0x45, 0x5d, 0xe6, 0x9e, 0x0,
    0x3f, 0xff, 0x13, 0x0, 0x0, 0x2d, 0x22, 0x0,
    0x18, 0xf7, 0x91, 0xf, 0x0, 0x0, 0x0, 0x0,
    0x0, 0x46, 0xe0, 0xf5, 0xa4, 0x35, 0x0, 0x0,
    0x0, 0x0, 0x3, 0x45, 0xa9, 0xfc, 0x73, 0x0,
    0x0, 0x3, 0x0, 0x0, 0x0, 0x65, 0xfb, 0x11,
    0x66, 0xce, 0x5, 0x0, 0x0, 0x34, 0xff, 0x22,
    0x21, 0xee, 0xb9, 0x48, 0x51, 0xcf, 0xd0, 0x0,
    0x0, 0x2d, 0xb6, 0xf2, 0xe9, 0xa2, 0x1a, 0x0,

    /* U+0161 "š" */
    0x0, 0x69, 0xcd, 0x86, 0xc6, 0x8, 0x0, 0x0,
    0x0, 0x80, 0xb1, 0x14, 0x0, 0x0, 0x0, 0x0,
    0x0, 0x0, 0x0, 0x0, 0x0, 0x2, 0x88, 0xe7,
    0xf5, 0xbb, 0x26, 0x0, 0x59, 0xf5, 0x52, 0x36,
    0xb1, 0x93, 0x0, 0x51, 0xf8, 0x68, 0x1b, 0x0,
    0x0, 0x0, 0x0, 0x65, 0xca, 0xfc, 0xce, 0x3f,
    0x0, 0x8, 0x2d, 0x0, 0x10, 0x9a, 0xea, 0x0,
    0x69, 0xf7, 0x58, 0x31, 0xa1, 0xe1, 0x0, 0x0,
    0x75, 0xe2, 0xf6, 0xc4, 0x33, 0x0,

    /* U+0162 "Ţ" */
    0xa8, 0xff, 0xff, 0xff, 0xff, 0xff, 0xff, 0x38,
    0x24, 0x38, 0x38, 0xe3, 0x8c, 0x38, 0x38, 0xc,
    0x0, 0x0, 0x0, 0xdc, 0x6c, 0x0, 0x0, 0x0,
    0x0, 0x0, 0x0, 0xdc, 0x6c, 0x0, 0x0, 0x0,
    0x0, 0x0, 0x0, 0xdc, 0x6c, 0x0, 0x0, 0x0,
    0x0, 0x0, 0x0, 0xdc, 0x6c, 0x0, 0x0, 0x0,
    0x0, 0x0, 0x0, 0xdc, 0x6c, 0x0, 0x0, 0x0,
    0x0, 0x0, 0x0, 0xdc, 0x6c, 0x0, 0x0, 0x0,
    0x0, 0x0, 0x0, 0xdc, 0x6c, 0x0, 0x0, 0x0,
    0x0, 0x0, 0x0, 0xdc, 0x6c, 0x0, 0x0, 0x0,
    0x0, 0x0, 0x3, 0xd4, 0xbb, 0x15, 0x0, 0x0,
    0x0, 0x0, 0x4, 0x29, 0x83, 0x60, 0x0, 0x0,
    0x0, 0x0, 0x13, 0xc9, 0xce, 0x1d, 0x0, 0x0,

    /* U+0163 "ţ" */
    0x0, 0x74, 0xd4, 0x0, 0x0, 0x0, 0x74, 0xd4,
    0x0, 0x0, 0xa8, 0xff, 0xff, 0xff, 0x84, 0x1a,
    0x89, 0xda, 0x28, 0x14, 0x0, 0x74, 0xd4, 0x0,
    0x0, 0x0, 0x74, 0xd4, 0x0, 0x0, 0x0, 0x74,
    0xd6, 0x0, 0x0, 0x0, 0x5d, 0xf7, 0x4c, 0x16,
    0x0, 0x9, 0xc4, 0xfc, 0x7b, 0x0, 0x0, 0xb8,
    0xc6, 0x28, 0x0, 0x0, 0x2a, 0x5d, 0x80, 0x0,
    0x6, 0xb8, 0xd0, 0x32,

    /* U+0164 "Ť" */
    0x0, 0x5, 0x76, 0x23, 0x59, 0x4d, 0x0, 0x0,
    0x0, 0x0, 0x46, 0xe6, 0xcb, 0x10, 0x0, 0x0,
    0x0, 0x0, 0x0, 0x0, 0x0, 0x0, 0x0, 0x0,
    0xa8, 0xff, 0xff, 0xff, 0xff, 0xff, 0xff, 0x38,
    0x24, 0x38, 0x38, 0xe3, 0x8c, 0x38, 0x38, 0xc,
    0x0, 0x0, 0x0, 0xdc, 0x6c, 0x0, 0x0, 0x0,
    0x0, 0x0, 0x0, 0xdc, 0x6c, 0x0, 0x0, 0x0,
    0x0, 0x0, 0x0, 0xdc, 0x6c, 0x0, 0x0, 0x0,
    0x0, 0x0, 0x0, 0xdc, 0x6c, 0x0, 0x0, 0x0,
    0x0, 0x0, 0x0, 0xdc, 0x6c, 0x0, 0x0, 0x0,
    0x0, 0x0, 0x0, 0xdc, 0x6c, 0x0, 0x0, 0x0,
    0x0, 0x0, 0x0, 0xdc, 0x6c, 0x0, 0x0, 0x0,
    0x0, 0x0, 0x0, 0xdc, 0x6c, 0x0, 0x0, 0x0,

    /* U+0165 "ť" */
    0x0, 0x0, 0x0, 0x48, 0xed, 0x0, 0x0, 0x6e,
    0xca, 0x48, 0xc0, 0x0, 0x0, 0x74, 0xd4, 0x10,
    0x26, 0x0, 0xa8, 0xff, 0xff, 0xff, 0x84, 0x0,
    0x1a, 0x89, 0xda, 0x28, 0x14, 0x0, 0x0, 0x74,
    0xd4, 0x0, 0x0, 0x0, 0x0, 0x74, 0xd4, 0x0,
    0x0, 0x0, 0x0, 0x74, 0xd6, 0x0, 0x0, 0x0,
    0x0, 0x5f, 0xf7, 0x4c, 0x16, 0x0, 0x0, 0x9,
    0xb6, 0xf6, 0x77, 0x0,

    /* U+0166 "Ŧ" */
    0xa8, 0xff, 0xff, 0xff, 0xff, 0xff, 0xff, 0x38,
    0x24, 0x38, 0x38, 0xe3, 0x8c, 0x38, 0x38, 0xc,
    0x0, 0x0, 0x0, 0xdc, 0x6c, 0x0, 0x0, 0x0,
    0x0, 0x0, 0x0, 0xdc, 0x6c, 0x0, 0x0, 0x0,
    0x0, 0xa2, 0xf8, 0xfe, 0xfb, 0xf8, 0x36, 0x0,
    0x0, 0x0, 0x0, 0xdc, 0x6c, 0x0, 0x0, 0x0,
    0x0, 0x0, 0x0, 0xdc, 0x6c, 0x0, 0x0, 0x0,
    0x0, 0x0, 0x0, 0xdc, 0x6c, 0x0, 0x0, 0x0,
    0x0, 0x0, 0x0, 0xdc, 0x6c, 0x0, 0x0, 0x0,
    0x0, 0x0, 0x0, 0xdc, 0x6c, 0x0, 0x0, 0x0,

    /* U+0167 "ŧ" */
    0x0, 0x74, 0xd4, 0x0, 0x0, 0x0, 0x74, 0xd4,
    0x0, 0x0, 0xa8, 0xff, 0xff, 0xff, 0x84, 0x1a,
    0x89, 0xda, 0x28, 0x14, 0x0, 0x74, 0xd4, 0x0,
    0x0, 0xa5, 0xfd, 0xff, 0xfc, 0x81, 0x1c, 0x8c,
    0xdb, 0x2c, 0x16, 0x0, 0x67, 0xf3, 0x46, 0x15,
    0x0, 0x10, 0xbe, 0xf7, 0x77,

    /* U+0168 "Ũ" */
    0x0, 0x0, 0x44, 0xe7, 0x90, 0x5b, 0xc4, 0x0,
    0x0, 0x0, 0x0, 0xc1, 0x7e, 0xc1, 0xff, 0x60,
    0x0, 0x0, 0x0, 0x0, 0x25, 0x9, 0x2, 0x18,
    0x0, 0x0, 0x0, 0x38, 0xff, 0x14, 0x0, 0x0,
    0x0, 0x14, 0xff, 0x34, 0x38, 0xff, 0x14, 0x0,
    0x0, 0x0, 0x14, 0xff, 0x34, 0x38, 0xff, 0x14,
    0x0, 0x0, 0x0, 0x14, 0xff, 0x34, 0x38, 0xff,
    0x14, 0x0, 0x0, 0x0, 0x14, 0xff, 0x34, 0x38,
    0xff, 0x14, 0x0, 0x0, 0x0, 0x14, 0xff, 0x34,
    0x38, 0xff, 0x14, 0x0, 0x0, 0x0, 0x14, 0xff,
    0x34, 0x30, 0xff, 0x20, 0x0, 0x0, 0x0, 0x21,
    0xff, 0x24, 0xb, 0xf7, 0x63, 0x0, 0x0, 0x0,
    0x65, 0xf5, 0x3, 0x0, 0x84, 0xf1, 0x72, 0x42,
    0x73, 0xf2, 0x7c, 0x0, 0x0, 0x1, 0x74, 0xde,
    0xfb, 0xe0, 0x7a, 0x2, 0x0,

    /* U+0169 "ũ" */
    0x0, 0x35, 0xe3, 0xfe, 0xfc, 0xe8, 0x12, 0x0,
    0x15, 0x2a, 0x2a, 0x2a, 0x9, 0x0, 0x0, 0x0,
    0x0, 0x0, 0x0, 0x0, 0x0, 0x44, 0xff, 0x4,
    0x0, 0x0, 0x7c, 0xcc, 0x44, 0xff, 0x4, 0x0,
    0x0, 0x7c, 0xcc, 0x44, 0xff, 0x4, 0x0, 0x0,
    0x7c, 0xcc, 0x44, 0xff, 0x4, 0x0, 0x0, 0x7d,
    0xcc, 0x3a, 0xff, 0x12, 0x0, 0x0, 0xa5, 0xcc,
    0x10, 0xf4, 0x9f, 0x33, 0x6b, 0xf7, 0xcc, 0x0,
    0x50, 0xda, 0xf6, 0xb1, 0x82, 0xcc,

    /* U+016A "Ū" */
    0x0, 0x0, 0x78, 0xff, 0xff, 0xff, 0x74, 0x0,
    0x0, 0x0, 0x0, 0x0, 0x0, 0x0, 0x0, 0x0,
    0x0, 0x0, 0x38, 0xff, 0x14, 0x0, 0x0, 0x0,
    0x14, 0xff, 0x34, 0x38, 0xff, 0x14, 0x0, 0x0,
    0x0, 0x14, 0xff, 0x34, 0x38, 0xff, 0x14, 0x0,
    0x0, 0x0, 0x14, 0xff, 0x34, 0x38, 0xff, 0x14,
    0x0, 0x0, 0x0, 0x14, 0xff, 0x34, 0x38, 0xff,
    0x14, 0x0, 0x0, 0x0, 0x14, 0xff, 0x34, 0x38,
    0xff, 0x14, 0x0, 0x0, 0x0, 0x14, 0xff, 0x34,
    0x30, 0xff, 0x20, 0x0, 0x0, 0x0, 0x21, 0xff,
    0x24, 0xb, 0xf7, 0x63, 0x0, 0x0, 0x0, 0x65,
    0xf5, 0x3, 0x0, 0x84, 0xf1, 0x72, 0x42, 0x73,
    0xf2, 0x7c, 0x0, 0x0, 0x1, 0x74, 0xde, 0xfb,
    0xe0, 0x7a, 0x2, 0x0,

    /* U+016B "ū" */
    0x0, 0x2c, 0xff, 0xff, 0xff, 0xc0, 0x0, 0x0,
    0x0, 0x0, 0x0, 0x0, 0x0, 0x0, 0x0, 0x0,
    0x0, 0x0, 0x0, 0x0, 0x0, 0x44, 0xff, 0x4,
    0x0, 0x0, 0x7c, 0xcc, 0x44, 0xff, 0x4, 0x0,
    0x0, 0x7c, 0xcc, 0x44, 0xff, 0x4, 0x0, 0x0,
    0x7c, 0xcc, 0x44, 0xff, 0x4, 0x0, 0x0, 0x7d,
    0xcc, 0x3a, 0xff, 0x12, 0x0, 0x0, 0xa5, 0xcc,
    0x10, 0xf4, 0x9f, 0x33, 0x6b, 0xf7, 0xcc, 0x0,
    0x50, 0xda, 0xf6, 0xb1, 0x82, 0xcc,

    /* U+016C "Ŭ" */
    0x0, 0x0, 0x1e, 0x70, 0x9, 0x70, 0x1c, 0x0,
    0x0, 0x0, 0x0, 0x7, 0xaa, 0xed, 0xa8, 0x6,
    0x0, 0x0, 0x0, 0x0, 0x0, 0x0, 0x0, 0x0,
    0x0, 0x0, 0x0, 0x38, 0xff, 0x14, 0x0, 0x0,
    0x0, 0x14, 0xff, 0x34, 0x38, 0xff, 0x14, 0x0,
    0x0, 0x0, 0x14, 0xff, 0x34, 0x38, 0xff, 0x14,
    0x0, 0x0, 0x0, 0x14, 0xff, 0x34, 0x38, 0xff,
    0x14, 0x0, 0x0, 0x0, 0x14, 0xff, 0x34, 0x38,
    0xff, 0x14, 0x0, 0x0, 0x0, 0x14, 0xff, 0x34,
    0x38, 0xff, 0x14, 0x0, 0x0, 0x0, 0x14, 0xff,
    0x34, 0x30, 0xff, 0x20, 0x0, 0x0, 0x0, 0x21,
    0xff, 0x24, 0xb, 0xf7, 0x63, 0x0, 0x0, 0x0,
    0x65, 0xf5, 0x3, 0x0, 0x84, 0xf1, 0x72, 0x42,
    0x73, 0xf2, 0x7c, 0x0, 0x0, 0x1, 0x74, 0xde,
    0xfb, 0xe0, 0x7a, 0x2, 0x0,

    /* U+016D "ŭ" */
    0x0, 0x0, 0xe6, 0x36, 0x9e, 0x7c, 0x0, 0x0,
    0x0, 0x4f, 0xe3, 0xbe, 0x11, 0x0, 0x0, 0x0,
    0x0, 0x0, 0x0, 0x0, 0x0, 0x44, 0xff, 0x4,
    0x0, 0x0, 0x7c, 0xcc, 0x44, 0xff, 0x4, 0x0,
    0x0, 0x7c, 0xcc, 0x44, 0xff, 0x4, 0x0, 0x0,
    0x7c, 0xcc, 0x44, 0xff, 0x4, 0x0, 0x0, 0x7d,
    0xcc, 0x3a, 0xff, 0x12, 0x0, 0x0, 0xa5, 0xcc,
    0x10, 0xf4, 0x9f, 0x33, 0x6b, 0xf7, 0xcc, 0x0,
    0x50, 0xda, 0xf6, 0xb1, 0x82, 0xcc,

    /* U+016E "Ů" */
    0x0, 0x0, 0x0, 0x72, 0xd9, 0x6d, 0x0, 0x0,
    0x0, 0x0, 0x0, 0x0, 0xe2, 0x14, 0xde, 0x0,
    0x0, 0x0, 0x0, 0x0, 0x0, 0x70, 0xd6, 0x6b,
    0x0, 0x0, 0x0, 0x0, 0x0, 0x0, 0x0, 0x0,
    0x0, 0x0, 0x0, 0x0, 0x38, 0xff, 0x14, 0x0,
    0x0, 0x0, 0x14, 0xff, 0x34, 0x38, 0xff, 0x14,
    0x0, 0x0, 0x0, 0x14, 0xff, 0x34, 0x38, 0xff,
    0x14, 0x0, 0x0, 0x0, 0x14, 0xff, 0x34, 0x38,
    0xff, 0x14, 0x0, 0x0, 0x0, 0x14, 0xff, 0x34,
    0x38, 0xff, 0x14, 0x0, 0x0, 0x0, 0x14, 0xff,
    0x34, 0x38, 0xff, 0x14, 0x0, 0x0, 0x0, 0x14,
    0xff, 0x34, 0x30, 0xff, 0x20, 0x0, 0x0, 0x0,
    0x21, 0xff, 0x24, 0xb, 0xf7, 0x63, 0x0, 0x0,
    0x0, 0x65, 0xf5, 0x3, 0x0, 0x84, 0xf1, 0x72,
    0x42, 0x73, 0xf2, 0x7c, 0x0, 0x0, 0x1, 0x74,
    0xde, 0xfb, 0xe0, 0x7a, 0x2, 0x0,

    /* U+016F "ů" */
    0x0, 0x0, 0x38, 0xd1, 0xab, 0x5, 0x0, 0x0,
    0x0, 0x9b, 0x4c, 0xb8, 0x33, 0x0, 0x0, 0x0,
    0x38, 0xce, 0xaa, 0x5, 0x0, 0x0, 0x0, 0x0,
    0x0, 0x0, 0x0, 0x0, 0x44, 0xff, 0x4, 0x0,
    0x0, 0x7c, 0xcc, 0x44, 0xff, 0x4, 0x0, 0x0,
    0x7c, 0xcc, 0x44, 0xff, 0x4, 0x0, 0x0, 0x7c,
    0xcc, 0x44, 0xff, 0x4, 0x0, 0x0, 0x7d, 0xcc,
    0x3a, 0xff, 0x12, 0x0, 0x0, 0xa5, 0xcc, 0x10,
    0xf4, 0x9f, 0x33, 0x6b, 0xf7, 0xcc, 0x0, 0x50,
    0xda, 0xf6, 0xb1, 0x82, 0xcc,

    /* U+0170 "Ű" */
    0x0, 0x0, 0x0, 0x93, 0x71, 0x56, 0xac, 0x2,
    0x0, 0x0, 0x0, 0x20, 0xf4, 0x1d, 0xce, 0x64,
    0x0, 0x0, 0x0, 0x0, 0x0, 0x0, 0x0, 0x0,
    0x0, 0x0, 0x0, 0x38, 0xff, 0x14, 0x0, 0x0,
    0x0, 0x14, 0xff, 0x34, 0x38, 0xff, 0x14, 0x0,
    0x0, 0x0, 0x14, 0xff, 0x34, 0x38, 0xff, 0x14,
    0x0, 0x0, 0x0, 0x14, 0xff, 0x34, 0x38, 0xff,
    0x14, 0x0, 0x0, 0x0, 0x14, 0xff, 0x34, 0x38,
    0xff, 0x14, 0x0, 0x0, 0x0, 0x14, 0xff, 0x34,
    0x38, 0xff, 0x14, 0x0, 0x0, 0x0, 0x14, 0xff,
    0x34, 0x30, 0xff, 0x20, 0x0, 0x0, 0x0, 0x21,
    0xff, 0x24, 0xb, 0xf7, 0x63, 0x0, 0x0, 0x0,
    0x65, 0xf5, 0x3, 0x0, 0x84, 0xf1, 0x72, 0x42,
    0x73, 0xf2, 0x7c, 0x0, 0x0, 0x1, 0x74, 0xde,
    0xfb, 0xe0, 0x7a, 0x2, 0x0,

    /* U+0171 "ű" */
    0x0, 0x0, 0x76, 0xd7, 0x2d, 0xfc, 0x2e, 0x0,
    0x0, 0xa1, 0x46, 0x65, 0x83, 0x0, 0x0, 0x0,
    0x0, 0x0, 0x0, 0x0, 0x0, 0x44, 0xff, 0x4,
    0x0, 0x0, 0x7c, 0xcc, 0x44, 0xff, 0x4, 0x0,
    0x0, 0x7c, 0xcc, 0x44, 0xff, 0x4, 0x0, 0x0,
    0x7c, 0xcc, 0x44, 0xff, 0x4, 0x0, 0x0, 0x7d,
    0xcc, 0x3a, 0xff, 0x12, 0x0, 0x0, 0xa5, 0xcc,
    0x10, 0xf4, 0x9f, 0x33, 0x6b, 0xf7, 0xcc, 0x0,
    0x50, 0xda, 0xf6, 0xb1, 0x82, 0xcc,

    /* U+0172 "Ų" */
    0x38, 0xff, 0x14, 0x0, 0x0, 0x0, 0x14, 0xff,
    0x34, 0x38, 0xff, 0x14, 0x0, 0x0, 0x0, 0x14,
    0xff, 0x34, 0x38, 0xff, 0x14, 0x0, 0x0, 0x0,
    0x14, 0xff, 0x34, 0x38, 0xff, 0x14, 0x0, 0x0,
    0x0, 0x14, 0xff, 0x34, 0x38, 0xff, 0x14, 0x0,
    0x0, 0x0, 0x14, 0xff, 0x34, 0x38, 0xff, 0x14,
    0x0, 0x0, 0x0, 0x14, 0xff, 0x34, 0x30, 0xff,
    0x20, 0x0, 0x0, 0x0, 0x21, 0xff, 0x2b, 0xb,
    0xf7, 0x63, 0x0, 0x0, 0x0, 0x65, 0xf8, 0xb,
    0x0, 0x84, 0xf1, 0x72, 0x42, 0x73, 0xf2, 0x99,
    0x0, 0x0, 0x1, 0x74, 0xde, 0xfd, 0xff, 0xa9,
    0x7, 0x0, 0x0, 0x0, 0x0, 0x0, 0x9f, 0x9e,
    0x1, 0x0, 0x0, 0x0, 0x0, 0x0, 0x0, 0xea,
    0x5c, 0x5, 0x0, 0x0, 0x0, 0x0, 0x0, 0x0,
    0x74, 0xf2, 0x5f, 0x0, 0x0,

    /* U+0173 "ų" */
    0x44, 0xff, 0x4, 0x0, 0x0, 0x7c, 0xcc, 0x0,
    0x44, 0xff, 0x4, 0x0, 0x0, 0x7c, 0xcc, 0x0,
    0x44, 0xff, 0x4, 0x0, 0x0, 0x7c, 0xcc, 0x0,
    0x44, 0xff, 0x4, 0x0, 0x0, 0x7d, 0xcc, 0x0,
    0x3a, 0xff, 0x12, 0x0, 0x0, 0xa5, 0xcc, 0x0,
    0x10, 0xf4, 0x9f, 0x33, 0x6b, 0xf7, 0xcc, 0x0,
    0x0, 0x50, 0xda, 0xf6, 0xb1, 0x88, 0xc5, 0x0,
    0x0, 0x0, 0x0, 0x0, 0x1a, 0xe6, 0x26, 0x0,
    0x0, 0x0, 0x0, 0x0, 0x4e, 0xe6, 0x19, 0x0,
    0x0, 0x0, 0x0, 0x0, 0xc, 0xc1, 0xeb, 0xd,

    /* U+0174 "Ŵ" */
    0x0, 0x0, 0x0, 0x0, 0x0, 0x26, 0x80, 0x26,
    0x0, 0x0, 0x0, 0x0, 0x0, 0x0, 0x0, 0x0,
    0x0, 0x25, 0xdd, 0x79, 0xdb, 0x23, 0x0, 0x0,
    0x0, 0x0, 0x0, 0x0, 0x0, 0x0, 0x0, 0x0,
    0x0, 0x0, 0x0, 0x0, 0x0, 0x0, 0x0, 0xa5,
    0xb2, 0x0, 0x0, 0x0, 0x0, 0x0, 0x0, 0x0,
    0x0, 0x0, 0xc9, 0x8d, 0x5d, 0xf2, 0x4, 0x0,
    0x0, 0x22, 0xa8, 0x24, 0x0, 0x0, 0xd, 0xfc,
    0x49, 0x16, 0xfe, 0x3c, 0x0, 0x0, 0x7b, 0xff,
    0x7e, 0x0, 0x0, 0x4b, 0xf9, 0xb, 0x0, 0xce,
    0x81, 0x0, 0x0, 0xd0, 0xdb, 0xd3, 0x0, 0x0,
    0x8c, 0xc0, 0x0, 0x0, 0x86, 0xc7, 0x0, 0x25,
    0xff, 0x3e, 0xfe, 0x28, 0x0, 0xcd, 0x7b, 0x0,
    0x0, 0x3f, 0xfc, 0xf, 0x7b, 0xcc, 0x0, 0xc9,
    0x7e, 0x10, 0xfd, 0x37, 0x0, 0x0, 0x5, 0xf1,
    0x51, 0xd0, 0x78, 0x0, 0x75, 0xd3, 0x50, 0xef,
    0x3, 0x0, 0x0, 0x0, 0xaf, 0xbc, 0xff, 0x25,
    0x0, 0x22, 0xff, 0xba, 0xae, 0x0, 0x0, 0x0,
    0x0, 0x68, 0xff, 0xd1, 0x0, 0x0, 0x0, 0xce,
    0xff, 0x6a, 0x0, 0x0, 0x0, 0x0, 0x20, 0xff,
    0x7d, 0x0, 0x0, 0x0, 0x7a, 0xff, 0x26, 0x0,
    0x0,

    /* U+0175 "ŵ" */
    0x0, 0x0, 0x0, 0x6, 0xbb, 0xf0, 0x48, 0x0,
    0x0, 0x0, 0x0, 0x0, 0x0, 0x0, 0x53, 0x80,
    0x2b, 0x97, 0xa, 0x0, 0x0, 0x0, 0x0, 0x0,
    0x0, 0x0, 0x0, 0x0, 0x0, 0x0, 0x0, 0x0,
    0x0, 0xc8, 0x8c, 0x0, 0x0, 0x86, 0xff, 0x20,
    0x0, 0x4, 0xf0, 0x56, 0x77, 0xd5, 0x0, 0x0,
    0xd7, 0xf4, 0x72, 0x0, 0x3e, 0xf8, 0xd, 0x26,
    0xff, 0x1f, 0x2b, 0xf4, 0x7e, 0xc4, 0x0, 0x88,
    0xb4, 0x0, 0x0, 0xd6, 0x68, 0x7d, 0xab, 0x24,
    0xfd, 0x18, 0xd1, 0x63, 0x0, 0x0, 0x86, 0xb2,
    0xd0, 0x5a, 0x0, 0xd3, 0x83, 0xfc, 0x15, 0x0,
    0x0, 0x35, 0xf8, 0xf9, 0xf, 0x0, 0x82, 0xf8,
    0xc1, 0x0, 0x0, 0x0, 0x1, 0xe3, 0xb8, 0x0,
    0x0, 0x31, 0xff, 0x70, 0x0, 0x0,

    /* U+0176 "Ŷ" */
    0x0, 0x0, 0x0, 0x50, 0x77, 0x6, 0x0, 0x0,
    0x0, 0x0, 0x0, 0x61, 0xd2, 0x94, 0xb0, 0x4,
    0x0, 0x0, 0x0, 0x0, 0x0, 0x0, 0x0, 0x0,
    0x0, 0x0, 0x0, 0x84, 0xeb, 0x12, 0x0, 0x0,
    0x0, 0xa9, 0xd0, 0x4, 0x7, 0xd9, 0x99, 0x0,
    0x0, 0x41, 0xfd, 0x38, 0x0, 0x0, 0x41, 0xfd,
    0x36, 0x4, 0xd5, 0x96, 0x0, 0x0, 0x0, 0x0,
    0x9e, 0xcd, 0x75, 0xe8, 0x10, 0x0, 0x0, 0x0,
    0x0, 0x12, 0xea, 0xfe, 0x59, 0x0, 0x0, 0x0,
    0x0, 0x0, 0x0, 0x7d, 0xdd, 0x0, 0x0, 0x0,
    0x0, 0x0, 0x0, 0x0, 0x74, 0xd4, 0x0, 0x0,
    0x0, 0x0, 0x0, 0x0, 0x0, 0x74, 0xd4, 0x0,
    0x0, 0x0, 0x0, 0x0, 0x0, 0x0, 0x74, 0xd4,
    0x0, 0x0, 0x0, 0x0, 0x0, 0x0, 0x0, 0x74,
    0xd4, 0x0, 0x0, 0x0, 0x0,

    /* U+0177 "ŷ" */
    0x0, 0x0, 0x83, 0xf4, 0x84, 0x0, 0x0, 0x0,
    0x29, 0x97, 0x19, 0x95, 0x26, 0x0, 0x0, 0x0,
    0x0, 0x0, 0x0, 0x0, 0x0, 0xb9, 0xa8, 0x0,
    0x0, 0x0, 0xaf, 0xb4, 0x49, 0xfa, 0x17, 0x0,
    0x19, 0xfb, 0x46, 0x1, 0xd8, 0x7a, 0x0, 0x7b,
    0xd7, 0x1, 0x0, 0x6a, 0xe0, 0x4, 0xde, 0x6a,
    0x0, 0x0, 0xb, 0xef, 0x93, 0xf0, 0xc, 0x0,
    0x0, 0x0, 0x8c, 0xff, 0x8e, 0x0, 0x0, 0x0,
    0x0, 0x38, 0xfd, 0x22, 0x0, 0x0, 0x0, 0x0,
    0x92, 0xb2, 0x0, 0x0, 0x0, 0x0, 0x12, 0xf4,
    0x44, 0x0, 0x0, 0x0, 0x0, 0x7d, 0xd6, 0x0,
    0x0, 0x0, 0x0,

    /* U+0178 "Ÿ" */
    0x0, 0x0, 0x46, 0x4c, 0x1a, 0x77, 0x1, 0x0,
    0x0, 0x0, 0x0, 0x96, 0x9d, 0x44, 0xe1, 0xd,
    0x0, 0x0, 0x0, 0x0, 0x0, 0x0, 0x0, 0x0,
    0x0, 0x0, 0x0, 0x84, 0xeb, 0x12, 0x0, 0x0,
    0x0, 0xa9, 0xd0, 0x4, 0x7, 0xd9, 0x99, 0x0,
    0x0, 0x41, 0xfd, 0x38, 0x0, 0x0, 0x41, 0xfd,
    0x36, 0x4, 0xd5, 0x96, 0x0, 0x0, 0x0, 0x0,
    0x9e, 0xcd, 0x75, 0xe8, 0x10, 0x0, 0x0, 0x0,
    0x0, 0x12, 0xea, 0xfe, 0x59, 0x0, 0x0, 0x0,
    0x0, 0x0, 0x0, 0x7d, 0xdd, 0x0, 0x0, 0x0,
    0x0, 0x0, 0x0, 0x0, 0x74, 0xd4, 0x0, 0x0,
    0x0, 0x0, 0x0, 0x0, 0x0, 0x74, 0xd4, 0x0,
    0x0, 0x0, 0x0, 0x0, 0x0, 0x0, 0x74, 0xd4,
    0x0, 0x0, 0x0, 0x0, 0x0, 0x0, 0x0, 0x74,
    0xd4, 0x0, 0x0, 0x0, 0x0,

    /* U+0179 "Ź" */
    0x0, 0x0, 0x0, 0x19, 0xc3, 0x2a, 0x0, 0x0,
    0x0, 0x0, 0x0, 0x7f, 0xb5, 0x0, 0x0, 0x0,
    0x0, 0x0, 0x0, 0x0, 0x0, 0x0, 0x0, 0x0,
    0x54, 0xff, 0xff, 0xff, 0xff, 0xff, 0xff, 0x48,
    0x12, 0x38, 0x38, 0x38, 0x38, 0x9b, 0xf8, 0x25,
    0x0, 0x0, 0x0, 0x0, 0x2b, 0xf7, 0x71, 0x0,
    0x0, 0x0, 0x0, 0x7, 0xd1, 0xb9, 0x1, 0x0,
    0x0, 0x0, 0x0, 0x91, 0xea, 0x18, 0x0, 0x0,
    0x0, 0x0, 0x49, 0xfe, 0x4d, 0x0, 0x0, 0x0,
    0x0, 0x16, 0xe8, 0x94, 0x0, 0x0, 0x0, 0x0,
    0x0, 0xb4, 0xd5, 0x9, 0x0, 0x0, 0x0, 0x0,
    0x63, 0xff, 0x66, 0x38, 0x38, 0x38, 0x38, 0x13,
    0x8c, 0xff, 0xff, 0xff, 0xff, 0xff, 0xff, 0x58,

    /* U+017A "ź" */
    0x0, 0x0, 0x0, 0xbd, 0x95, 0x0, 0x0, 0x0,
    0x13, 0xbe, 0x13, 0x0, 0x0, 0x0, 0x0, 0x0,
    0x0, 0x0, 0x70, 0xff, 0xff, 0xff, 0xff, 0xf0,
    0x11, 0x28, 0x28, 0x39, 0xeb, 0x99, 0x0, 0x0,
    0x3, 0xba, 0xc1, 0x5, 0x0, 0x0, 0x92, 0xe0,
    0x15, 0x0, 0x0, 0x64, 0xf4, 0x2e, 0x0, 0x0,
    0x3b, 0xf9, 0x79, 0x28, 0x28, 0x27, 0x8c, 0xff,
    0xff, 0xff, 0xff, 0xfc,

    /* U+017B "Ż" */
    0x0, 0x0, 0x0, 0x4, 0x5, 0x0, 0x0, 0x0,
    0x0, 0x0, 0x0, 0x9a, 0x9f, 0x0, 0x0, 0x0,
    0x0, 0x0, 0x0, 0x1a, 0x1b, 0x0, 0x0, 0x0,
    0x54, 0xff, 0xff, 0xff, 0xff, 0xff, 0xff, 0x48,
    0x12, 0x38, 0x38, 0x38, 0x38, 0x9b, 0xf8, 0x25,
    0x0, 0x0, 0x0, 0x0, 0x2b, 0xf7, 0x71, 0x0,
    0x0, 0x0, 0x0, 0x7, 0xd1, 0xb9, 0x1, 0x0,
    0x0, 0x0, 0x0, 0x91, 0xea, 0x18, 0x0, 0x0,
    0x0, 0x0, 0x49, 0xfe, 0x4d, 0x0, 0x0, 0x0,
    0x0, 0x16, 0xe8, 0x94, 0x0, 0x0, 0x0, 0x0,
    0x0, 0xb4, 0xd5, 0x9, 0x0, 0x0, 0x0, 0x0,
    0x63, 0xff, 0x66, 0x38, 0x38, 0x38, 0x38, 0x13,
    0x8c, 0xff, 0xff, 0xff, 0xff, 0xff, 0xff, 0x58,

    /* U+017C "ż" */
    0x0, 0x0, 0x52, 0xdf, 0x7, 0x0, 0x0, 0x0,
    0x20, 0x71, 0x0, 0x0, 0x0, 0x0, 0x0, 0x0,
    0x0, 0x0, 0x70, 0xff, 0xff, 0xff, 0xff, 0xf0,
    0x11, 0x28, 0x28, 0x39, 0xeb, 0x99, 0x0, 0x0,
    0x3, 0xba, 0xc1, 0x5, 0x0, 0x0, 0x92, 0xe0,
    0x15, 0x0, 0x0, 0x64, 0xf4, 0x2e, 0x0, 0x0,
    0x3b, 0xf9, 0x79, 0x28, 0x28, 0x27, 0x8c, 0xff,
    0xff, 0xff, 0xff, 0xfc,

    /* U+017D "Ž" */
    0x0, 0x0, 0x5d, 0x42, 0x3a, 0x6a, 0x0, 0x0,
    0x0, 0x0, 0x20, 0xdb, 0xe0, 0x2d, 0x0, 0x0,
    0x0, 0x0, 0x0, 0x0, 0x0, 0x0, 0x0, 0x0,
    0x54, 0xff, 0xff, 0xff, 0xff, 0xff, 0xff, 0x48,
    0x12, 0x38, 0x38, 0x38, 0x38, 0x9b, 0xf8, 0x25,
    0x0, 0x0, 0x0, 0x0, 0x2b, 0xf7, 0x71, 0x0,
    0x0, 0x0, 0x0, 0x7, 0xd1, 0xb9, 0x1, 0x0,
    0x0, 0x0, 0x0, 0x91, 0xea, 0x18, 0x0, 0x0,
    0x0, 0x0, 0x49, 0xfe, 0x4d, 0x0, 0x0, 0x0,
    0x0, 0x16, 0xe8, 0x94, 0x0, 0x0, 0x0, 0x0,
    0x0, 0xb4, 0xd5, 0x9, 0x0, 0x0, 0x0, 0x0,
    0x63, 0xff, 0x66, 0x38, 0x38, 0x38, 0x38, 0x13,
    0x8c, 0xff, 0xff, 0xff, 0xff, 0xff, 0xff, 0x58,

    /* U+017E "ž" */
    0x0, 0x41, 0xdf, 0x7a, 0xd6, 0x14, 0x0, 0x0,
    0x4f, 0x9a, 0x1c, 0x0, 0x0, 0x0, 0x0, 0x0,
    0x0, 0x0, 0x70, 0xff, 0xff, 0xff, 0xff, 0xf0,
    0x11, 0x28, 0x28, 0x39, 0xeb, 0x99, 0x0, 0x0,
    0x3, 0xba, 0xc1, 0x5, 0x0, 0x0, 0x92, 0xe0,
    0x15, 0x0, 0x0, 0x64, 0xf4, 0x2e, 0x0, 0x0,
    0x3b, 0xf9, 0x79, 0x28, 0x28, 0x27, 0x8c, 0xff,
    0xff, 0xff, 0xff, 0xfc,

    /* U+2014 "—" */
    0x34, 0xf0, 0xf0, 0xf0, 0xf0, 0xf0, 0xf0, 0xf0,
    0xf0, 0xf0, 0xf0, 0xa8, 0x6, 0x1c, 0x1c, 0x1c,
    0x1c, 0x1c, 0x1c, 0x1c, 0x1c, 0x1c, 0x1c, 0x13,

    /* U+2019 "’" */
    0x2b, 0xee, 0x61, 0x1e, 0xe6, 0x67, 0x1c, 0xbc,
    0x3, 0x0, 0x11, 0x0
};


/*---------------------
 *  GLYPH DESCRIPTION
 *--------------------*/

static const lv_font_fmt_txt_glyph_dsc_t glyph_dsc[] = {
    {.bitmap_index = 0, .adv_w = 0, .box_w = 0, .box_h = 0, .ofs_x = 0, .ofs_y = 0} /* id = 0 reserved */,
    {.bitmap_index = 0, .adv_w = 49, .box_w = 0, .box_h = 0, .ofs_x = 0, .ofs_y = 0},
    {.bitmap_index = 0, .adv_w = 52, .box_w = 3, .box_h = 10, .ofs_x = 0, .ofs_y = 0},
    {.bitmap_index = 30, .adv_w = 72, .box_w = 4, .box_h = 4, .ofs_x = 0, .ofs_y = 6},
    {.bitmap_index = 46, .adv_w = 142, .box_w = 9, .box_h = 10, .ofs_x = 0, .ofs_y = 0},
    {.bitmap_index = 136, .adv_w = 119, .box_w = 7, .box_h = 13, .ofs_x = 0, .ofs_y = -1},
    {.bitmap_index = 227, .adv_w = 182, .box_w = 11, .box_h = 10, .ofs_x = 0, .ofs_y = 0},
    {.bitmap_index = 337, .adv_w = 138, .box_w = 9, .box_h = 10, .ofs_x = 0, .ofs_y = 0},
    {.bitmap_index = 427, .adv_w = 39, .box_w = 2, .box_h = 4, .ofs_x = 0, .ofs_y = 6},
    {.bitmap_index = 435, .adv_w = 74, .box_w = 5, .box_h = 13, .ofs_x = 0, .ofs_y = -2},
    {.bitmap_index = 500, .adv_w = 74, .box_w = 4, .box_h = 13, .ofs_x = 0, .ofs_y = -2},
    {.bitmap_index = 552, .adv_w = 98, .box_w = 6, .box_h = 5, .ofs_x = 0, .ofs_y = 5},
    {.bitmap_index = 582, .adv_w = 123, .box_w = 7, .box_h = 7, .ofs_x = 0, .ofs_y = 0},
    {.bitmap_index = 631, .adv_w = 52, .box_w = 3, .box_h = 4, .ofs_x = 0, .ofs_y = -2},
    {.bitmap_index = 643, .adv_w = 97, .box_w = 6, .box_h = 2, .ofs_x = 0, .ofs_y = 3},
    {.bitmap_index = 655, .adv_w = 52, .box_w = 3, .box_h = 2, .ofs_x = 0, .ofs_y = 0},
    {.bitmap_index = 661, .adv_w = 98, .box_w = 6, .box_h = 10, .ofs_x = 0, .ofs_y = 0},
    {.bitmap_index = 721, .adv_w = 143, .box_w = 9, .box_h = 10, .ofs_x = 0, .ofs_y = 0},
    {.bitmap_index = 811, .adv_w = 86, .box_w = 5, .box_h = 10, .ofs_x = 0, .ofs_y = 0},
    {.bitmap_index = 861, .adv_w = 116, .box_w = 7, .box_h = 10, .ofs_x = 0, .ofs_y = 0},
    {.bitmap_index = 931, .adv_w = 119, .box_w = 7, .box_h = 10, .ofs_x = 0, .ofs_y = 0},
    {.bitmap_index = 1001, .adv_w = 132, .box_w = 8, .box_h = 10, .ofs_x = 0, .ofs_y = 0},
    {.bitmap_index = 1081, .adv_w = 124, .box_w = 8, .box_h = 11, .ofs_x = 0, .ofs_y = 0},
    {.bitmap_index = 1169, .adv_w = 123, .box_w = 8, .box_h = 10, .ofs_x = 0, .ofs_y = 0},
    {.bitmap_index = 1249, .adv_w = 117, .box_w = 7, .box_h = 11, .ofs_x = 0, .ofs_y = -1},
    {.bitmap_index = 1326, .adv_w = 122, .box_w = 8, .box_h = 10, .ofs_x = 0, .ofs_y = 0},
    {.bitmap_index = 1406, .adv_w = 123, .box_w = 8, .box_h = 10, .ofs_x = 0, .ofs_y = 0},
    {.bitmap_index = 1486, .adv_w = 52, .box_w = 3, .box_h = 7, .ofs_x = 0, .ofs_y = 0},
    {.bitmap_index = 1507, .adv_w = 52, .box_w = 3, .box_h = 9, .ofs_x = 0, .ofs_y = -2},
    {.bitmap_index = 1534, .adv_w = 113, .box_w = 7, .box_h = 7, .ofs_x = 0, .ofs_y = 0},
    {.bitmap_index = 1583, .adv_w = 126, .box_w = 8, .box_h = 5, .ofs_x = 0, .ofs_y = 2},
    {.bitmap_index = 1623, .adv_w = 113, .box_w = 7, .box_h = 7, .ofs_x = 0, .ofs_y = 0},
    {.bitmap_index = 1672, .adv_w = 110, .box_w = 7, .box_h = 10, .ofs_x = 0, .ofs_y = 0},
    {.bitmap_index = 1742, .adv_w = 194, .box_w = 12, .box_h = 11, .ofs_x = 0, .ofs_y = -1},
    {.bitmap_index = 1874, .adv_w = 150, .box_w = 10, .box_h = 10, .ofs_x = 0, .ofs_y = 0},
    {.bitmap_index = 1974, .adv_w = 133, .box_w = 7, .box_h = 10, .ofs_x = 1, .ofs_y = 0},
    {.bitmap_index = 2044, .adv_w = 163, .box_w = 10, .box_h = 10, .ofs_x = 0, .ofs_y = 0},
    {.bitmap_index = 2144, .adv_w = 155, .box_w = 9, .box_h = 10, .ofs_x = 1, .ofs_y = 0},
    {.bitmap_index = 2234, .adv_w = 121, .box_w = 6, .box_h = 10, .ofs_x = 1, .ofs_y = 0},
    {.bitmap_index = 2294, .adv_w = 117, .box_w = 6, .box_h = 10, .ofs_x = 1, .ofs_y = 0},
    {.bitmap_index = 2354, .adv_w = 179, .box_w = 11, .box_h = 10, .ofs_x = 0, .ofs_y = 0},
    {.bitmap_index = 2464, .adv_w = 154, .box_w = 8, .box_h = 10, .ofs_x = 1, .ofs_y = 0},
    {.bitmap_index = 2544, .adv_w = 53, .box_w = 2, .box_h = 10, .ofs_x = 1, .ofs_y = 0},
    {.bitmap_index = 2564, .adv_w = 117, .box_w = 7, .box_h = 10, .ofs_x = 0, .ofs_y = 0},
    {.bitmap_index = 2634, .adv_w = 139, .box_w = 8, .box_h = 10, .ofs_x = 1, .ofs_y = 0},
    {.bitmap_index = 2714, .adv_w = 112, .box_w = 6, .box_h = 10, .ofs_x = 1, .ofs_y = 0},
    {.bitmap_index = 2774, .adv_w = 186, .box_w = 10, .box_h = 10, .ofs_x = 1, .ofs_y = 0},
    {.bitmap_index = 2874, .adv_w = 156, .box_w = 8, .box_h = 10, .ofs_x = 1, .ofs_y = 0},
    {.bitmap_index = 2954, .adv_w = 181, .box_w = 11, .box_h = 10, .ofs_x = 0, .ofs_y = 0},
    {.bitmap_index = 3064, .adv_w = 126, .box_w = 7, .box_h = 10, .ofs_x = 1, .ofs_y = 0},
    {.bitmap_index = 3134, .adv_w = 181, .box_w = 11, .box_h = 11, .ofs_x = 0, .ofs_y = -1},
    {.bitmap_index = 3255, .adv_w = 129, .box_w = 7, .box_h = 10, .ofs_x = 1, .ofs_y = 0},
    {.bitmap_index = 3325, .adv_w = 124, .box_w = 8, .box_h = 10, .ofs_x = 0, .ofs_y = 0},
    {.bitmap_index = 3405, .adv_w = 121, .box_w = 8, .box_h = 10, .ofs_x = 0, .ofs_y = 0},
    {.bitmap_index = 3485, .adv_w = 144, .box_w = 9, .box_h = 10, .ofs_x = 0, .ofs_y = 0},
    {.bitmap_index = 3575, .adv_w = 142, .box_w = 9, .box_h = 10, .ofs_x = 0, .ofs_y = 0},
    {.bitmap_index = 3665, .adv_w = 207, .box_w = 13, .box_h = 10, .ofs_x = 0, .ofs_y = 0},
    {.bitmap_index = 3795, .adv_w = 142, .box_w = 9, .box_h = 10, .ofs_x = 0, .ofs_y = 0},
    {.bitmap_index = 3885, .adv_w = 133, .box_w = 9, .box_h = 10, .ofs_x = 0, .ofs_y = 0},
    {.bitmap_index = 3975, .adv_w = 126, .box_w = 8, .box_h = 10, .ofs_x = 0, .ofs_y = 0},
    {.bitmap_index = 4055, .adv_w = 69, .box_w = 3, .box_h = 14, .ofs_x = 1, .ofs_y = -3},
    {.bitmap_index = 4097, .adv_w = 98, .box_w = 6, .box_h = 10, .ofs_x = 0, .ofs_y = 0},
    {.bitmap_index = 4157, .adv_w = 69, .box_w = 4, .box_h = 14, .ofs_x = 0, .ofs_y = -3},
    {.bitmap_index = 4213, .adv_w = 105, .box_w = 7, .box_h = 4, .ofs_x = 0, .ofs_y = 6},
    {.bitmap_index = 4241, .adv_w = 108, .box_w = 7, .box_h = 2, .ofs_x = 0, .ofs_y = -4},
    {.bitmap_index = 4255, .adv_w = 90, .box_w = 3, .box_h = 2, .ofs_x = 1, .ofs_y = 8},
    {.bitmap_index = 4261, .adv_w = 114, .box_w = 7, .box_h = 7, .ofs_x = 0, .ofs_y = 0},
    {.bitmap_index = 4310, .adv_w = 129, .box_w = 8, .box_h = 10, .ofs_x = 0, .ofs_y = 0},
    {.bitmap_index = 4390, .adv_w = 117, .box_w = 7, .box_h = 7, .ofs_x = 0, .ofs_y = 0},
    {.bitmap_index = 4439, .adv_w = 129, .box_w = 8, .box_h = 10, .ofs_x = 0, .ofs_y = 0},
    {.bitmap_index = 4519, .adv_w = 120, .box_w = 8, .box_h = 7, .ofs_x = 0, .ofs_y = 0},
    {.bitmap_index = 4575, .adv_w = 82, .box_w = 6, .box_h = 10, .ofs_x = 0, .ofs_y = 0},
    {.bitmap_index = 4635, .adv_w = 129, .box_w = 8, .box_h = 10, .ofs_x = 0, .ofs_y = -3},
    {.bitmap_index = 4715, .adv_w = 121, .box_w = 7, .box_h = 10, .ofs_x = 0, .ofs_y = 0},
    {.bitmap_index = 4785, .adv_w = 49, .box_w = 3, .box_h = 10, .ofs_x = 0, .ofs_y = 0},
    {.bitmap_index = 4815, .adv_w = 49, .box_w = 4, .box_h = 13, .ofs_x = -1, .ofs_y = -3},
    {.bitmap_index = 4867, .adv_w = 108, .box_w = 7, .box_h = 10, .ofs_x = 0, .ofs_y = 0},
    {.bitmap_index = 4937, .adv_w = 46, .box_w = 3, .box_h = 10, .ofs_x = 0, .ofs_y = 0},
    {.bitmap_index = 4967, .adv_w = 191, .box_w = 12, .box_h = 7, .ofs_x = 0, .ofs_y = 0},
    {.bitmap_index = 5051, .adv_w = 121, .box_w = 7, .box_h = 7, .ofs_x = 0, .ofs_y = 0},
    {.bitmap_index = 5100, .adv_w = 125, .box_w = 8, .box_h = 7, .ofs_x = 0, .ofs_y = 0},
    {.bitmap_index = 5156, .adv_w = 128, .box_w = 8, .box_h = 10, .ofs_x = 0, .ofs_y = -3},
    {.bitmap_index = 5236, .adv_w = 128, .box_w = 8, .box_h = 10, .ofs_x = 0, .ofs_y = -3},
    {.bitmap_index = 5316, .adv_w = 81, .box_w = 6, .box_h = 8, .ofs_x = 0, .ofs_y = 0},
    {.bitmap_index = 5364, .adv_w = 102, .box_w = 7, .box_h = 7, .ofs_x = 0, .ofs_y = 0},
    {.bitmap_index = 5413, .adv_w = 79, .box_w = 5, .box_h = 9, .ofs_x = 0, .ofs_y = 0},
    {.bitmap_index = 5458, .adv_w = 121, .box_w = 7, .box_h = 7, .ofs_x = 0, .ofs_y = 0},
    {.bitmap_index = 5507, .adv_w = 112, .box_w = 7, .box_h = 7, .ofs_x = 0, .ofs_y = 0},
    {.bitmap_index = 5556, .adv_w = 169, .box_w = 11, .box_h = 7, .ofs_x = 0, .ofs_y = 0},
    {.bitmap_index = 5633, .adv_w = 106, .box_w = 7, .box_h = 7, .ofs_x = 0, .ofs_y = 0},
    {.bitmap_index = 5682, .adv_w = 112, .box_w = 7, .box_h = 10, .ofs_x = 0, .ofs_y = -3},
    {.bitmap_index = 5752, .adv_w = 103, .box_w = 6, .box_h = 7, .ofs_x = 0, .ofs_y = 0},
    {.bitmap_index = 5794, .adv_w = 71, .box_w = 4, .box_h = 14, .ofs_x = 0, .ofs_y = -3},
    {.bitmap_index = 5850, .adv_w = 51, .box_w = 2, .box_h = 13, .ofs_x = 1, .ofs_y = -2},
    {.bitmap_index = 5876, .adv_w = 71, .box_w = 5, .box_h = 14, .ofs_x = 0, .ofs_y = -3},
    {.bitmap_index = 5946, .adv_w = 119, .box_w = 7, .box_h = 3, .ofs_x = 0, .ofs_y = 2},
    {.bitmap_index = 5967, .adv_w = 49, .box_w = 0, .box_h = 0, .ofs_x = 0, .ofs_y = 0},
    {.bitmap_index = 5967, .adv_w = 52, .box_w = 3, .box_h = 10, .ofs_x = 0, .ofs_y = -3},
    {.bitmap_index = 5997, .adv_w = 117, .box_w = 7, .box_h = 10, .ofs_x = 0, .ofs_y = 0},
    {.bitmap_index = 6067, .adv_w = 116, .box_w = 8, .box_h = 10, .ofs_x = 0, .ofs_y = 0},
    {.bitmap_index = 6147, .adv_w = 134, .box_w = 8, .box_h = 8, .ofs_x = 0, .ofs_y = 1},
    {.bitmap_index = 6211, .adv_w = 128, .box_w = 8, .box_h = 10, .ofs_x = 0, .ofs_y = 0},
    {.bitmap_index = 6291, .adv_w = 51, .box_w = 2, .box_h = 12, .ofs_x = 1, .ofs_y = -2},
    {.bitmap_index = 6315, .adv_w = 120, .box_w = 7, .box_h = 13, .ofs_x = 0, .ofs_y = -3},
    {.bitmap_index = 6406, .adv_w = 90, .box_w = 5, .box_h = 2, .ofs_x = 0, .ofs_y = 8},
    {.bitmap_index = 6416, .adv_w = 119, .box_w = 7, .box_h = 7, .ofs_x = 0, .ofs_y = 4},
    {.bitmap_index = 6465, .adv_w = 107, .box_w = 7, .box_h = 7, .ofs_x = 0, .ofs_y = 3},
    {.bitmap_index = 6514, .adv_w = 125, .box_w = 7, .box_h = 7, .ofs_x = 0, .ofs_y = 0},
    {.bitmap_index = 6563, .adv_w = 126, .box_w = 7, .box_h = 5, .ofs_x = 0, .ofs_y = 0},
    {.bitmap_index = 6598, .adv_w = 97, .box_w = 6, .box_h = 2, .ofs_x = 0, .ofs_y = 3},
    {.bitmap_index = 6610, .adv_w = 119, .box_w = 7, .box_h = 7, .ofs_x = 0, .ofs_y = 4},
    {.bitmap_index = 6659, .adv_w = 90, .box_w = 5, .box_h = 1, .ofs_x = 0, .ofs_y = 9},
    {.bitmap_index = 6664, .adv_w = 73, .box_w = 5, .box_h = 4, .ofs_x = 0, .ofs_y = 6},
    {.bitmap_index = 6684, .adv_w = 123, .box_w = 7, .box_h = 8, .ofs_x = 0, .ofs_y = 0},
    {.bitmap_index = 6740, .adv_w = 68, .box_w = 4, .box_h = 5, .ofs_x = 0, .ofs_y = 5},
    {.bitmap_index = 6760, .adv_w = 72, .box_w = 5, .box_h = 5, .ofs_x = 0, .ofs_y = 5},
    {.bitmap_index = 6785, .adv_w = 90, .box_w = 3, .box_h = 2, .ofs_x = 2, .ofs_y = 8},
    {.bitmap_index = 6791, .adv_w = 121, .box_w = 7, .box_h = 10, .ofs_x = 0, .ofs_y = -3},
    {.bitmap_index = 6861, .adv_w = 140, .box_w = 8, .box_h = 13, .ofs_x = 0, .ofs_y = -3},
    {.bitmap_index = 6965, .adv_w = 39, .box_w = 3, .box_h = 2, .ofs_x = 0, .ofs_y = 4},
    {.bitmap_index = 6971, .adv_w = 90, .box_w = 3, .box_h = 4, .ofs_x = 1, .ofs_y = -3},
    {.bitmap_index = 6983, .adv_w = 54, .box_w = 3, .box_h = 5, .ofs_x = 0, .ofs_y = 5},
    {.bitmap_index = 6998, .adv_w = 116, .box_w = 7, .box_h = 7, .ofs_x = 0, .ofs_y = 3},
    {.bitmap_index = 7047, .adv_w = 125, .box_w = 8, .box_h = 7, .ofs_x = 0, .ofs_y = 0},
    {.bitmap_index = 7103, .adv_w = 165, .box_w = 10, .box_h = 12, .ofs_x = 0, .ofs_y = -1},
    {.bitmap_index = 7223, .adv_w = 174, .box_w = 11, .box_h = 12, .ofs_x = 0, .ofs_y = -1},
    {.bitmap_index = 7355, .adv_w = 186, .box_w = 11, .box_h = 11, .ofs_x = 0, .ofs_y = -1},
    {.bitmap_index = 7476, .adv_w = 108, .box_w = 7, .box_h = 10, .ofs_x = 0, .ofs_y = -3},
    {.bitmap_index = 7546, .adv_w = 150, .box_w = 10, .box_h = 13, .ofs_x = 0, .ofs_y = 0},
    {.bitmap_index = 7676, .adv_w = 150, .box_w = 10, .box_h = 13, .ofs_x = 0, .ofs_y = 0},
    {.bitmap_index = 7806, .adv_w = 150, .box_w = 10, .box_h = 13, .ofs_x = 0, .ofs_y = 0},
    {.bitmap_index = 7936, .adv_w = 150, .box_w = 10, .box_h = 13, .ofs_x = 0, .ofs_y = 0},
    {.bitmap_index = 8066, .adv_w = 150, .box_w = 10, .box_h = 13, .ofs_x = 0, .ofs_y = 0},
    {.bitmap_index = 8196, .adv_w = 150, .box_w = 10, .box_h = 12, .ofs_x = 0, .ofs_y = 0},
    {.bitmap_index = 8316, .adv_w = 215, .box_w = 13, .box_h = 10, .ofs_x = 0, .ofs_y = 0},
    {.bitmap_index = 8446, .adv_w = 163, .box_w = 10, .box_h = 13, .ofs_x = 0, .ofs_y = -3},
    {.bitmap_index = 8576, .adv_w = 121, .box_w = 6, .box_h = 13, .ofs_x = 1, .ofs_y = 0},
    {.bitmap_index = 8654, .adv_w = 121, .box_w = 6, .box_h = 13, .ofs_x = 1, .ofs_y = 0},
    {.bitmap_index = 8732, .adv_w = 121, .box_w = 6, .box_h = 13, .ofs_x = 1, .ofs_y = 0},
    {.bitmap_index = 8810, .adv_w = 121, .box_w = 6, .box_h = 13, .ofs_x = 1, .ofs_y = 0},
    {.bitmap_index = 8888, .adv_w = 53, .box_w = 3, .box_h = 13, .ofs_x = 0, .ofs_y = 0},
    {.bitmap_index = 8927, .adv_w = 53, .box_w = 3, .box_h = 13, .ofs_x = 1, .ofs_y = 0},
    {.bitmap_index = 8966, .adv_w = 53, .box_w = 5, .box_h = 13, .ofs_x = -1, .ofs_y = 0},
    {.bitmap_index = 9031, .adv_w = 53, .box_w = 5, .box_h = 13, .ofs_x = -1, .ofs_y = 0},
    {.bitmap_index = 9096, .adv_w = 168, .box_w = 10, .box_h = 10, .ofs_x = 0, .ofs_y = 0},
    {.bitmap_index = 9196, .adv_w = 156, .box_w = 8, .box_h = 13, .ofs_x = 1, .ofs_y = 0},
    {.bitmap_index = 9300, .adv_w = 181, .box_w = 11, .box_h = 13, .ofs_x = 0, .ofs_y = 0},
    {.bitmap_index = 9443, .adv_w = 181, .box_w = 11, .box_h = 13, .ofs_x = 0, .ofs_y = 0},
    {.bitmap_index = 9586, .adv_w = 181, .box_w = 11, .box_h = 13, .ofs_x = 0, .ofs_y = 0},
    {.bitmap_index = 9729, .adv_w = 181, .box_w = 11, .box_h = 13, .ofs_x = 0, .ofs_y = 0},
    {.bitmap_index = 9872, .adv_w = 181, .box_w = 11, .box_h = 13, .ofs_x = 0, .ofs_y = 0},
    {.bitmap_index = 10015, .adv_w = 121, .box_w = 7, .box_h = 7, .ofs_x = 0, .ofs_y = 0},
    {.bitmap_index = 10064, .adv_w = 181, .box_w = 11, .box_h = 12, .ofs_x = 0, .ofs_y = -1},
    {.bitmap_index = 10196, .adv_w = 144, .box_w = 9, .box_h = 13, .ofs_x = 0, .ofs_y = 0},
    {.bitmap_index = 10313, .adv_w = 144, .box_w = 9, .box_h = 13, .ofs_x = 0, .ofs_y = 0},
    {.bitmap_index = 10430, .adv_w = 144, .box_w = 9, .box_h = 13, .ofs_x = 0, .ofs_y = 0},
    {.bitmap_index = 10547, .adv_w = 144, .box_w = 9, .box_h = 13, .ofs_x = 0, .ofs_y = 0},
    {.bitmap_index = 10664, .adv_w = 133, .box_w = 9, .box_h = 13, .ofs_x = 0, .ofs_y = 0},
    {.bitmap_index = 10781, .adv_w = 126, .box_w = 7, .box_h = 10, .ofs_x = 1, .ofs_y = 0},
    {.bitmap_index = 10851, .adv_w = 126, .box_w = 7, .box_h = 10, .ofs_x = 1, .ofs_y = 0},
    {.bitmap_index = 10921, .adv_w = 114, .box_w = 7, .box_h = 10, .ofs_x = 0, .ofs_y = 0},
    {.bitmap_index = 10991, .adv_w = 114, .box_w = 7, .box_h = 10, .ofs_x = 0, .ofs_y = 0},
    {.bitmap_index = 11061, .adv_w = 114, .box_w = 7, .box_h = 10, .ofs_x = 0, .ofs_y = 0},
    {.bitmap_index = 11131, .adv_w = 114, .box_w = 7, .box_h = 10, .ofs_x = 0, .ofs_y = 0},
    {.bitmap_index = 11201, .adv_w = 114, .box_w = 7, .box_h = 10, .ofs_x = 0, .ofs_y = 0},
    {.bitmap_index = 11271, .adv_w = 114, .box_w = 7, .box_h = 11, .ofs_x = 0, .ofs_y = 0},
    {.bitmap_index = 11348, .adv_w = 198, .box_w = 13, .box_h = 7, .ofs_x = 0, .ofs_y = 0},
    {.bitmap_index = 11439, .adv_w = 117, .box_w = 7, .box_h = 10, .ofs_x = 0, .ofs_y = -3},
    {.bitmap_index = 11509, .adv_w = 120, .box_w = 8, .box_h = 10, .ofs_x = 0, .ofs_y = 0},
    {.bitmap_index = 11589, .adv_w = 120, .box_w = 8, .box_h = 10, .ofs_x = 0, .ofs_y = 0},
    {.bitmap_index = 11669, .adv_w = 120, .box_w = 8, .box_h = 10, .ofs_x = 0, .ofs_y = 0},
    {.bitmap_index = 11749, .adv_w = 120, .box_w = 8, .box_h = 10, .ofs_x = 0, .ofs_y = 0},
    {.bitmap_index = 11829, .adv_w = 49, .box_w = 3, .box_h = 10, .ofs_x = 0, .ofs_y = 0},
    {.bitmap_index = 11859, .adv_w = 49, .box_w = 4, .box_h = 10, .ofs_x = 0, .ofs_y = 0},
    {.bitmap_index = 11899, .adv_w = 49, .box_w = 5, .box_h = 10, .ofs_x = -1, .ofs_y = 0},
    {.bitmap_index = 11949, .adv_w = 49, .box_w = 5, .box_h = 10, .ofs_x = -1, .ofs_y = 0},
    {.bitmap_index = 11999, .adv_w = 128, .box_w = 8, .box_h = 11, .ofs_x = 0, .ofs_y = 0},
    {.bitmap_index = 12087, .adv_w = 121, .box_w = 7, .box_h = 10, .ofs_x = 0, .ofs_y = 0},
    {.bitmap_index = 12157, .adv_w = 125, .box_w = 8, .box_h = 10, .ofs_x = 0, .ofs_y = 0},
    {.bitmap_index = 12237, .adv_w = 125, .box_w = 8, .box_h = 10, .ofs_x = 0, .ofs_y = 0},
    {.bitmap_index = 12317, .adv_w = 125, .box_w = 8, .box_h = 10, .ofs_x = 0, .ofs_y = 0},
    {.bitmap_index = 12397, .adv_w = 125, .box_w = 8, .box_h = 10, .ofs_x = 0, .ofs_y = 0},
    {.bitmap_index = 12477, .adv_w = 125, .box_w = 8, .box_h = 10, .ofs_x = 0, .ofs_y = 0},
    {.bitmap_index = 12557, .adv_w = 123, .box_w = 7, .box_h = 7, .ofs_x = 0, .ofs_y = 0},
    {.bitmap_index = 12606, .adv_w = 125, .box_w = 8, .box_h = 9, .ofs_x = 0, .ofs_y = -1},
    {.bitmap_index = 12678, .adv_w = 121, .box_w = 7, .box_h = 10, .ofs_x = 0, .ofs_y = 0},
    {.bitmap_index = 12748, .adv_w = 121, .box_w = 7, .box_h = 10, .ofs_x = 0, .ofs_y = 0},
    {.bitmap_index = 12818, .adv_w = 121, .box_w = 7, .box_h = 10, .ofs_x = 0, .ofs_y = 0},
    {.bitmap_index = 12888, .adv_w = 121, .box_w = 7, .box_h = 10, .ofs_x = 0, .ofs_y = 0},
    {.bitmap_index = 12958, .adv_w = 112, .box_w = 7, .box_h = 13, .ofs_x = 0, .ofs_y = -3},
    {.bitmap_index = 13049, .adv_w = 129, .box_w = 8, .box_h = 13, .ofs_x = 0, .ofs_y = -3},
    {.bitmap_index = 13153, .adv_w = 112, .box_w = 7, .box_h = 13, .ofs_x = 0, .ofs_y = -3},
    {.bitmap_index = 13244, .adv_w = 150, .box_w = 10, .box_h = 12, .ofs_x = 0, .ofs_y = 0},
    {.bitmap_index = 13364, .adv_w = 114, .box_w = 7, .box_h = 10, .ofs_x = 0, .ofs_y = 0},
    {.bitmap_index = 13434, .adv_w = 150, .box_w = 10, .box_h = 13, .ofs_x = 0, .ofs_y = 0},
    {.bitmap_index = 13564, .adv_w = 114, .box_w = 7, .box_h = 10, .ofs_x = 0, .ofs_y = 0},
    {.bitmap_index = 13634, .adv_w = 150, .box_w = 10, .box_h = 13, .ofs_x = 0, .ofs_y = -3},
    {.bitmap_index = 13764, .adv_w = 114, .box_w = 7, .box_h = 10, .ofs_x = 0, .ofs_y = -3},
    {.bitmap_index = 13834, .adv_w = 163, .box_w = 10, .box_h = 13, .ofs_x = 0, .ofs_y = 0},
    {.bitmap_index = 13964, .adv_w = 117, .box_w = 7, .box_h = 10, .ofs_x = 0, .ofs_y = 0},
    {.bitmap_index = 14034, .adv_w = 163, .box_w = 10, .box_h = 13, .ofs_x = 0, .ofs_y = 0},
    {.bitmap_index = 14164, .adv_w = 117, .box_w = 7, .box_h = 10, .ofs_x = 0, .ofs_y = 0},
    {.bitmap_index = 14234, .adv_w = 163, .box_w = 10, .box_h = 14, .ofs_x = 0, .ofs_y = 0},
    {.bitmap_index = 14374, .adv_w = 117, .box_w = 7, .box_h = 10, .ofs_x = 0, .ofs_y = 0},
    {.bitmap_index = 14444, .adv_w = 163, .box_w = 10, .box_h = 13, .ofs_x = 0, .ofs_y = 0},
    {.bitmap_index = 14574, .adv_w = 117, .box_w = 7, .box_h = 10, .ofs_x = 0, .ofs_y = 0},
    {.bitmap_index = 14644, .adv_w = 155, .box_w = 9, .box_h = 13, .ofs_x = 1, .ofs_y = 0},
    {.bitmap_index = 14761, .adv_w = 148, .box_w = 10, .box_h = 10, .ofs_x = 0, .ofs_y = 0},
    {.bitmap_index = 14861, .adv_w = 155, .box_w = 11, .box_h = 10, .ofs_x = -1, .ofs_y = 0},
    {.bitmap_index = 14971, .adv_w = 129, .box_w = 9, .box_h = 10, .ofs_x = 0, .ofs_y = 0},
    {.bitmap_index = 15061, .adv_w = 121, .box_w = 6, .box_h = 12, .ofs_x = 1, .ofs_y = 0},
    {.bitmap_index = 15133, .adv_w = 120, .box_w = 8, .box_h = 10, .ofs_x = 0, .ofs_y = 0},
    {.bitmap_index = 15213, .adv_w = 121, .box_w = 6, .box_h = 13, .ofs_x = 1, .ofs_y = 0},
    {.bitmap_index = 15291, .adv_w = 120, .box_w = 8, .box_h = 10, .ofs_x = 0, .ofs_y = 0},
    {.bitmap_index = 15371, .adv_w = 121, .box_w = 6, .box_h = 13, .ofs_x = 1, .ofs_y = 0},
    {.bitmap_index = 15449, .adv_w = 120, .box_w = 8, .box_h = 10, .ofs_x = 0, .ofs_y = 0},
    {.bitmap_index = 15529, .adv_w = 121, .box_w = 7, .box_h = 13, .ofs_x = 1, .ofs_y = -3},
    {.bitmap_index = 15620, .adv_w = 120, .box_w = 8, .box_h = 10, .ofs_x = 0, .ofs_y = -3},
    {.bitmap_index = 15700, .adv_w = 121, .box_w = 6, .box_h = 13, .ofs_x = 1, .ofs_y = 0},
    {.bitmap_index = 15778, .adv_w = 120, .box_w = 8, .box_h = 10, .ofs_x = 0, .ofs_y = 0},
    {.bitmap_index = 15858, .adv_w = 179, .box_w = 11, .box_h = 13, .ofs_x = 0, .ofs_y = 0},
    {.bitmap_index = 16001, .adv_w = 129, .box_w = 8, .box_h = 13, .ofs_x = 0, .ofs_y = -3},
    {.bitmap_index = 16105, .adv_w = 179, .box_w = 11, .box_h = 13, .ofs_x = 0, .ofs_y = 0},
    {.bitmap_index = 16248, .adv_w = 129, .box_w = 8, .box_h = 13, .ofs_x = 0, .ofs_y = -3},
    {.bitmap_index = 16352, .adv_w = 179, .box_w = 11, .box_h = 14, .ofs_x = 0, .ofs_y = 0},
    {.bitmap_index = 16506, .adv_w = 129, .box_w = 8, .box_h = 13, .ofs_x = 0, .ofs_y = -3},
    {.bitmap_index = 16610, .adv_w = 179, .box_w = 11, .box_h = 14, .ofs_x = 0, .ofs_y = -4},
    {.bitmap_index = 16764, .adv_w = 129, .box_w = 8, .box_h = 14, .ofs_x = 0, .ofs_y = -3},
    {.bitmap_index = 16876, .adv_w = 154, .box_w = 8, .box_h = 13, .ofs_x = 1, .ofs_y = 0},
    {.bitmap_index = 16980, .adv_w = 121, .box_w = 7, .box_h = 13, .ofs_x = 0, .ofs_y = 0},
    {.bitmap_index = 17071, .adv_w = 154, .box_w = 10, .box_h = 10, .ofs_x = 0, .ofs_y = 0},
    {.bitmap_index = 17171, .adv_w = 121, .box_w = 8, .box_h = 10, .ofs_x = -1, .ofs_y = 0},
    {.bitmap_index = 17251, .adv_w = 53, .box_w = 5, .box_h = 13, .ofs_x = -1, .ofs_y = 0},
    {.bitmap_index = 17316, .adv_w = 49, .box_w = 5, .box_h = 10, .ofs_x = -1, .ofs_y = 0},
    {.bitmap_index = 17366, .adv_w = 53, .box_w = 5, .box_h = 12, .ofs_x = -1, .ofs_y = 0},
    {.bitmap_index = 17426, .adv_w = 49, .box_w = 5, .box_h = 10, .ofs_x = -1, .ofs_y = 0},
    {.bitmap_index = 17476, .adv_w = 53, .box_w = 5, .box_h = 13, .ofs_x = -1, .ofs_y = 0},
    {.bitmap_index = 17541, .adv_w = 49, .box_w = 5, .box_h = 10, .ofs_x = -1, .ofs_y = 0},
    {.bitmap_index = 17591, .adv_w = 53, .box_w = 3, .box_h = 13, .ofs_x = 0, .ofs_y = -3},
    {.bitmap_index = 17630, .adv_w = 49, .box_w = 3, .box_h = 13, .ofs_x = 0, .ofs_y = -3},
    {.bitmap_index = 17669, .adv_w = 53, .box_w = 3, .box_h = 13, .ofs_x = 0, .ofs_y = 0},
    {.bitmap_index = 17708, .adv_w = 49, .box_w = 3, .box_h = 7, .ofs_x = 0, .ofs_y = 0},
    {.bitmap_index = 17729, .adv_w = 117, .box_w = 8, .box_h = 13, .ofs_x = 0, .ofs_y = 0},
    {.bitmap_index = 17833, .adv_w = 49, .box_w = 5, .box_h = 13, .ofs_x = -1, .ofs_y = -3},
    {.bitmap_index = 17898, .adv_w = 137, .box_w = 8, .box_h = 14, .ofs_x = 1, .ofs_y = -4},
    {.bitmap_index = 18010, .adv_w = 106, .box_w = 7, .box_h = 14, .ofs_x = 0, .ofs_y = -4},
    {.bitmap_index = 18108, .adv_w = 106, .box_w = 7, .box_h = 7, .ofs_x = 0, .ofs_y = 0},
    {.bitmap_index = 18157, .adv_w = 112, .box_w = 6, .box_h = 13, .ofs_x = 1, .ofs_y = 0},
    {.bitmap_index = 18235, .adv_w = 46, .box_w = 3, .box_h = 13, .ofs_x = 0, .ofs_y = 0},
    {.bitmap_index = 18274, .adv_w = 112, .box_w = 6, .box_h = 14, .ofs_x = 1, .ofs_y = -4},
    {.bitmap_index = 18358, .adv_w = 46, .box_w = 3, .box_h = 14, .ofs_x = 0, .ofs_y = -4},
    {.bitmap_index = 18400, .adv_w = 112, .box_w = 6, .box_h = 10, .ofs_x = 1, .ofs_y = 0},
    {.bitmap_index = 18460, .adv_w = 69, .box_w = 4, .box_h = 10, .ofs_x = 1, .ofs_y = 0},
    {.bitmap_index = 18500, .adv_w = 112, .box_w = 6, .box_h = 10, .ofs_x = 1, .ofs_y = 0},
    {.bitmap_index = 18560, .adv_w = 129, .box_w = 8, .box_h = 10, .ofs_x = 0, .ofs_y = 0},
    {.bitmap_index = 18640, .adv_w = 82, .box_w = 5, .box_h = 10, .ofs_x = 0, .ofs_y = 0},
    {.bitmap_index = 18690, .adv_w = 156, .box_w = 8, .box_h = 13, .ofs_x = 1, .ofs_y = 0},
    {.bitmap_index = 18794, .adv_w = 121, .box_w = 7, .box_h = 10, .ofs_x = 0, .ofs_y = 0},
    {.bitmap_index = 18864, .adv_w = 156, .box_w = 8, .box_h = 14, .ofs_x = 1, .ofs_y = -4},
    {.bitmap_index = 18976, .adv_w = 121, .box_w = 7, .box_h = 11, .ofs_x = 0, .ofs_y = -4},
    {.bitmap_index = 19053, .adv_w = 156, .box_w = 8, .box_h = 13, .ofs_x = 1, .ofs_y = 0},
    {.bitmap_index = 19157, .adv_w = 121, .box_w = 7, .box_h = 10, .ofs_x = 0, .ofs_y = 0},
    {.bitmap_index = 19227, .adv_w = 156, .box_w = 8, .box_h = 13, .ofs_x = 1, .ofs_y = -3},
    {.bitmap_index = 19331, .adv_w = 121, .box_w = 7, .box_h = 10, .ofs_x = 0, .ofs_y = -3},
    {.bitmap_index = 19401, .adv_w = 181, .box_w = 11, .box_h = 12, .ofs_x = 0, .ofs_y = 0},
    {.bitmap_index = 19533, .adv_w = 125, .box_w = 8, .box_h = 10, .ofs_x = 0, .ofs_y = 0},
    {.bitmap_index = 19613, .adv_w = 181, .box_w = 11, .box_h = 13, .ofs_x = 0, .ofs_y = 0},
    {.bitmap_index = 19756, .adv_w = 125, .box_w = 8, .box_h = 10, .ofs_x = 0, .ofs_y = 0},
    {.bitmap_index = 19836, .adv_w = 181, .box_w = 11, .box_h = 13, .ofs_x = 0, .ofs_y = 0},
    {.bitmap_index = 19979, .adv_w = 125, .box_w = 8, .box_h = 10, .ofs_x = 0, .ofs_y = 0},
    {.bitmap_index = 20059, .adv_w = 257, .box_w = 16, .box_h = 10, .ofs_x = 0, .ofs_y = 0},
    {.bitmap_index = 20219, .adv_w = 213, .box_w = 13, .box_h = 7, .ofs_x = 0, .ofs_y = 0},
    {.bitmap_index = 20310, .adv_w = 129, .box_w = 7, .box_h = 13, .ofs_x = 1, .ofs_y = 0},
    {.bitmap_index = 20401, .adv_w = 81, .box_w = 6, .box_h = 10, .ofs_x = 0, .ofs_y = 0},
    {.bitmap_index = 20461, .adv_w = 126, .box_w = 7, .box_h = 14, .ofs_x = 1, .ofs_y = -4},
    {.bitmap_index = 20559, .adv_w = 81, .box_w = 6, .box_h = 12, .ofs_x = 0, .ofs_y = -4},
    {.bitmap_index = 20631, .adv_w = 129, .box_w = 7, .box_h = 13, .ofs_x = 1, .ofs_y = 0},
    {.bitmap_index = 20722, .adv_w = 81, .box_w = 6, .box_h = 10, .ofs_x = 0, .ofs_y = 0},
    {.bitmap_index = 20782, .adv_w = 124, .box_w = 8, .box_h = 13, .ofs_x = 0, .ofs_y = 0},
    {.bitmap_index = 20886, .adv_w = 102, .box_w = 7, .box_h = 10, .ofs_x = 0, .ofs_y = 0},
    {.bitmap_index = 20956, .adv_w = 124, .box_w = 8, .box_h = 13, .ofs_x = 0, .ofs_y = 0},
    {.bitmap_index = 21060, .adv_w = 102, .box_w = 7, .box_h = 10, .ofs_x = 0, .ofs_y = 0},
    {.bitmap_index = 21130, .adv_w = 124, .box_w = 8, .box_h = 13, .ofs_x = 0, .ofs_y = -3},
    {.bitmap_index = 21234, .adv_w = 102, .box_w = 7, .box_h = 10, .ofs_x = 0, .ofs_y = -3},
    {.bitmap_index = 21304, .adv_w = 124, .box_w = 8, .box_h = 13, .ofs_x = 0, .ofs_y = 0},
    {.bitmap_index = 21408, .adv_w = 102, .box_w = 7, .box_h = 10, .ofs_x = 0, .ofs_y = 0},
    {.bitmap_index = 21478, .adv_w = 121, .box_w = 8, .box_h = 13, .ofs_x = 0, .ofs_y = -3},
    {.bitmap_index = 21582, .adv_w = 79, .box_w = 5, .box_h = 12, .ofs_x = 0, .ofs_y = -3},
    {.bitmap_index = 21642, .adv_w = 121, .box_w = 8, .box_h = 13, .ofs_x = 0, .ofs_y = 0},
    {.bitmap_index = 21746, .adv_w = 79, .box_w = 6, .box_h = 10, .ofs_x = 0, .ofs_y = 0},
    {.bitmap_index = 21806, .adv_w = 121, .box_w = 8, .box_h = 10, .ofs_x = 0, .ofs_y = 0},
    {.bitmap_index = 21886, .adv_w = 79, .box_w = 5, .box_h = 9, .ofs_x = 0, .ofs_y = 0},
    {.bitmap_index = 21931, .adv_w = 144, .box_w = 9, .box_h = 13, .ofs_x = 0, .ofs_y = 0},
    {.bitmap_index = 22048, .adv_w = 121, .box_w = 7, .box_h = 10, .ofs_x = 0, .ofs_y = 0},
    {.bitmap_index = 22118, .adv_w = 144, .box_w = 9, .box_h = 12, .ofs_x = 0, .ofs_y = 0},
    {.bitmap_index = 22226, .adv_w = 121, .box_w = 7, .box_h = 10, .ofs_x = 0, .ofs_y = 0},
    {.bitmap_index = 22296, .adv_w = 144, .box_w = 9, .box_h = 13, .ofs_x = 0, .ofs_y = 0},
    {.bitmap_index = 22413, .adv_w = 121, .box_w = 7, .box_h = 10, .ofs_x = 0, .ofs_y = 0},
    {.bitmap_index = 22483, .adv_w = 144, .box_w = 9, .box_h = 14, .ofs_x = 0, .ofs_y = 0},
    {.bitmap_index = 22609, .adv_w = 121, .box_w = 7, .box_h = 11, .ofs_x = 0, .ofs_y = 0},
    {.bitmap_index = 22686, .adv_w = 144, .box_w = 9, .box_h = 13, .ofs_x = 0, .ofs_y = 0},
    {.bitmap_index = 22803, .adv_w = 121, .box_w = 7, .box_h = 10, .ofs_x = 0, .ofs_y = 0},
    {.bitmap_index = 22873, .adv_w = 144, .box_w = 9, .box_h = 13, .ofs_x = 0, .ofs_y = -3},
    {.bitmap_index = 22990, .adv_w = 121, .box_w = 8, .box_h = 10, .ofs_x = 0, .ofs_y = -3},
    {.bitmap_index = 23070, .adv_w = 207, .box_w = 13, .box_h = 13, .ofs_x = 0, .ofs_y = 0},
    {.bitmap_index = 23239, .adv_w = 169, .box_w = 11, .box_h = 10, .ofs_x = 0, .ofs_y = 0},
    {.bitmap_index = 23349, .adv_w = 133, .box_w = 9, .box_h = 13, .ofs_x = 0, .ofs_y = 0},
    {.bitmap_index = 23466, .adv_w = 112, .box_w = 7, .box_h = 13, .ofs_x = 0, .ofs_y = -3},
    {.bitmap_index = 23557, .adv_w = 133, .box_w = 9, .box_h = 13, .ofs_x = 0, .ofs_y = 0},
    {.bitmap_index = 23674, .adv_w = 126, .box_w = 8, .box_h = 13, .ofs_x = 0, .ofs_y = 0},
    {.bitmap_index = 23778, .adv_w = 103, .box_w = 6, .box_h = 10, .ofs_x = 0, .ofs_y = 0},
    {.bitmap_index = 23838, .adv_w = 126, .box_w = 8, .box_h = 13, .ofs_x = 0, .ofs_y = 0},
    {.bitmap_index = 23942, .adv_w = 103, .box_w = 6, .box_h = 10, .ofs_x = 0, .ofs_y = 0},
    {.bitmap_index = 24002, .adv_w = 126, .box_w = 8, .box_h = 13, .ofs_x = 0, .ofs_y = 0},
    {.bitmap_index = 24106, .adv_w = 103, .box_w = 6, .box_h = 10, .ofs_x = 0, .ofs_y = 0},
    {.bitmap_index = 24166, .adv_w = 200, .box_w = 12, .box_h = 2, .ofs_x = 0, .ofs_y = 3},
    {.bitmap_index = 24190, .adv_w = 52, .box_w = 3, .box_h = 4, .ofs_x = 0, .ofs_y = 6}
};

/*---------------------
 *  CHARACTER MAPPING
 *--------------------*/

static const uint16_t unicode_list_5[] = {
    0x0, 0x5
};

/*Collect the unicode lists and glyph_id offsets*/
static const lv_font_fmt_txt_cmap_t cmaps[] =
{
    {
        .range_start = 32, .range_length = 95, .glyph_id_start = 1,
        .unicode_list = NULL, .glyph_id_ofs_list = NULL, .list_length = 0, .type = LV_FONT_FMT_TXT_CMAP_FORMAT0_TINY
    },
    {
        .range_start = 160, .range_length = 146, .glyph_id_start = 96,
        .unicode_list = NULL, .glyph_id_ofs_list = NULL, .list_length = 0, .type = LV_FONT_FMT_TXT_CMAP_FORMAT0_TINY
    },
    {
        .range_start = 308, .range_length = 12, .glyph_id_start = 242,
        .unicode_list = NULL, .glyph_id_ofs_list = NULL, .list_length = 0, .type = LV_FONT_FMT_TXT_CMAP_FORMAT0_TINY
    },
    {
        .range_start = 321, .range_length = 8, .glyph_id_start = 254,
        .unicode_list = NULL, .glyph_id_ofs_list = NULL, .list_length = 0, .type = LV_FONT_FMT_TXT_CMAP_FORMAT0_TINY
    },
    {
        .range_start = 330, .range_length = 53, .glyph_id_start = 262,
        .unicode_list = NULL, .glyph_id_ofs_list = NULL, .list_length = 0, .type = LV_FONT_FMT_TXT_CMAP_FORMAT0_TINY
    },
    {
        .range_start = 8212, .range_length = 6, .glyph_id_start = 315,
        .unicode_list = unicode_list_5, .glyph_id_ofs_list = NULL, .list_length = 2, .type = LV_FONT_FMT_TXT_CMAP_SPARSE_TINY
    }
};

/*-----------------
 *    KERNING
 *----------------*/


/*Map glyph_ids to kern left classes*/
static const uint8_t kern_left_class_mapping[] =
{
    0, 1, 0, 2, 3, 0, 4, 5,
    2, 6, 0, 7, 8, 9, 10, 9,
    11, 12, 13, 14, 15, 16, 17, 18,
    19, 20, 21, 22, 22, 0, 0, 23,
    24, 25, 26, 27, 28, 29, 30, 31,
    32, 33, 33, 34, 35, 36, 33, 33,
    37, 38, 37, 39, 40, 41, 42, 43,
    44, 45, 46, 47, 6, 48, 0, 0,
    49, 0, 50, 51, 52, 53, 54, 55,
    56, 57, 58, 59, 60, 61, 57, 57,
    62, 63, 64, 65, 66, 67, 68, 69,
    70, 71, 72, 73, 6, 0, 0, 0,
    1, 0, 0, 0, 0, 0, 0, 0,
    0, 74, 0, 75, 0, 10, 74, 0,
    0, 0, 0, 0, 0, 68, 0, 76,
    0, 0, 0, 77, 0, 0, 0, 78,
    26, 26, 26, 26, 26, 26, 30, 28,
    30, 30, 30, 30, 33, 79, 79, 79,
    29, 33, 37, 37, 37, 37, 37, 0,
    37, 42, 42, 42, 42, 46, 80, 81,
    50, 50, 50, 50, 50, 50, 54, 52,
    54, 54, 54, 54, 58, 82, 82, 82,
    83, 57, 62, 62, 62, 62, 62, 0,
    62, 68, 68, 68, 68, 72, 51, 72,
    0, 0, 0, 0, 0, 0, 0, 0,
    0, 0, 0, 0, 0, 0, 0, 0,
    0, 0, 0, 0, 0, 0, 0, 0,
    0, 0, 0, 0, 0, 0, 0, 0,
    0, 0, 0, 0, 0, 0, 0, 0,
    0, 0, 0, 0, 0, 0, 0, 0,
    0, 84, 0, 0, 0, 0, 0, 0,
    0, 0, 0, 0, 85, 0, 0, 86,
    0, 0, 0, 0, 0, 0, 0, 0,
    0, 0, 0, 0, 0, 0, 30, 54,
    0, 0, 0, 0, 0, 0, 0, 0,
    0, 0, 0, 0, 0, 0, 0, 0,
    0, 0, 0, 0, 0, 0, 0, 0,
    0, 0, 0, 0, 0, 0, 0, 0,
    0, 0, 0, 0, 0, 0, 0, 0,
    0, 0, 0, 10, 87
};

/*Map glyph_ids to kern right classes*/
static const uint8_t kern_right_class_mapping[] =
{
    0, 0, 0, 1, 2, 0, 3, 4,
    1, 0, 5, 6, 0, 7, 8, 7,
    9, 10, 11, 12, 13, 14, 15, 16,
    17, 18, 19, 20, 20, 0, 0, 0,
    21, 22, 23, 0, 24, 0, 0, 0,
    24, 0, 0, 25, 0, 0, 0, 0,
    24, 0, 24, 0, 26, 27, 28, 29,
    30, 31, 32, 33, 0, 34, 5, 0,
    35, 0, 36, 37, 38, 38, 38, 39,
    40, 37, 41, 42, 37, 37, 43, 43,
    38, 44, 38, 45, 46, 47, 48, 49,
    50, 51, 52, 53, 0, 0, 5, 0,
    0, 0, 0, 0, 0, 0, 0, 0,
    0, 54, 55, 56, 0, 8, 54, 0,
    0, 0, 57, 58, 0, 44, 0, 59,
    0, 60, 55, 61, 62, 63, 58, 64,
    23, 23, 23, 23, 23, 23, 65, 24,
    0, 0, 0, 0, 66, 0, 66, 66,
    0, 0, 24, 24, 24, 24, 24, 0,
    24, 28, 28, 28, 28, 32, 0, 37,
    36, 36, 36, 36, 36, 36, 36, 38,
    38, 38, 38, 38, 67, 68, 67, 67,
    69, 43, 38, 38, 38, 38, 38, 0,
    38, 48, 48, 48, 48, 52, 37, 52,
    0, 0, 0, 0, 0, 0, 0, 0,
    0, 0, 0, 0, 0, 0, 0, 0,
    0, 0, 0, 0, 0, 0, 0, 0,
    0, 0, 0, 0, 0, 0, 0, 0,
    0, 0, 0, 0, 0, 0, 0, 0,
    0, 0, 0, 0, 0, 0, 0, 0,
    0, 43, 0, 0, 0, 0, 0, 0,
    0, 0, 0, 0, 0, 0, 0, 70,
    0, 0, 0, 0, 0, 0, 0, 0,
    0, 0, 0, 0, 0, 0, 24, 38,
    0, 0, 0, 0, 0, 0, 0, 0,
    0, 0, 0, 0, 0, 0, 0, 0,
    0, 0, 0, 0, 0, 0, 0, 0,
    0, 0, 0, 0, 0, 0, 0, 0,
    0, 0, 0, 0, 0, 0, 0, 0,
    0, 0, 0, 8, 71
};

/*Kern values between classes*/
static const int8_t kern_class_values[] =
{
    0, 0, 0, 0, 0, 0, 0, 0,
    0, 0, 0, 0, 0, 0, 0, 0,
    0, 0, 0, 0, 0, 0, -7, -4,
    -13, -7, -9, -4, -9, -9, -4, -9,
    0, 0, 0, 0, 0, 0, -4, 0,
    0, 0, 0, 0, 0, 0, 0, 0,
    0, 0, 0, 0, 0, 0, 0, 0,
    0, 0, 0, 0, 0, 0, 0, 0,
    -9, 0, 0, 0, 0, 0, 0, 0,
    0, 0, 0, 0, 0, 0, 0, 0,
    0, 0, 0, 0, -9, 0, -7, 0,
    0, 0, 0, 0, 0, -7, 0, 0,
    0, 0, 0, 0, 0, 0, 0, 0,
    0, 0, 0, 0, 0, 0, 0, 0,
    0, 0, 0, 0, 0, 0, 0, 0,
    0, 0, 0, 0, 0, 0, 0, 0,
    0, 0, 0, 0, 0, 0, 0, -16,
    0, 0, 0, 0, 0, 0, 0, 0,
    0, 0, 0, 0, 0, 0, 0, 0,
    0, 0, 0, 0, 0, 0, 0, 0,
    0, 0, 0, 0, 0, 0, 0, 0,
    -2, 0, 0, 0, 0, 0, 0, 0,
    0, 0, 0, 0, 0, 0, 0, 0,
    0, 0, 0, 0, 0, 0, 0, 0,
    0, 0, 0, 0, 0, 0, 0, 0,
    0, 0, 0, 0, 0, 0, -9, 0,
    0, 0, 0, 0, 0, 0, 0, 0,
    0, 0, 0, 0, 0, 0, 0, 0,
    0, 0, 0, 0, 0, 0, 0, 0,
    0, 0, 0, 0, 0, 0, 0, 0,
    0, -4, 0, 0, 0, 0, 0, 0,
    0, 0, 0, 0, 0, 0, 0, 0,
    0, 0, 0, 0, 0, 0, 0, 0,
    0, 0, 0, 0, 0, 0, 0, 0,
    0, 0, 0, 0, 0, 0, 0, 0,
    0, 0, 0, 0, 0, 0, 0, 0,
    0, 0, 0, 0, 0, 0, 0, 0,
    0, 0, 0, 0, 0, 0, 0, 0,
    0, 0, 0, 0, 0, 0, -11, 0,
    -9, -7, 0, -13, 0, 0, 0, 0,
    0, 0, 0, 0, 0, 0, 0, 0,
    0, 0, 0, 0, -2, 0, 0, -2,
    0, 0, 0, 0, 0, 0, 0, 0,
    0, 0, 0, 0, 0, 0, 0, 0,
    0, 0, 0, 0, 0, 0, 0, 0,
    0, 0, 0, 0, 0, 0, 0, 0,
    -4, 0, 0, 0, 0, 0, 0, 0,
    0, 0, 0, 0, 0, 0, 0, 0,
    0, 0, 0, 0, 0, 0, 0, 0,
    0, -2, 0, 0, 4, 0, 0, 0,
    0, 0, 0, 0, 0, 0, 0, 0,
    0, 0, 0, 0, 0, 0, 0, 0,
    0, 0, 0, 0, 0, 0, 0, 0,
    0, 0, 0, 0, 0, 0, 0, 0,
    0, 0, 0, 0, 0, 0, 0, 0,
    0, 0, 0, 0, 0, 0, 0, 0,
    -9, 0, -29, 0, 0, 0, 0, 0,
    -4, 0, 0, 0, 0, 0, 0, 0,
    0, -7, 0, 0, 0, 0, 0, 0,
    0, 0, 0, 0, 0, 0, 0, 0,
    0, 0, 0, 0, 0, 0, 0, 0,
    0, 0, -22, 0, 0, 0, 0, 0,
    0, 0, 0, 0, 0, 0, 0, 0,
    0, 0, 0, -7, 0, -2, 0, 0,
    0, 0, 0, 0, 0, 0, 0, 0,
    0, 0, 0, 0, 0, 0, 0, 0,
    0, 0, 0, 0, 0, 0, 0, 0,
    0, 0, 0, 0, 0, 0, 0, 0,
    0, 0, 0, 0, 0, 0, 0, 0,
    0, 0, 0, 0, 0, 0, 0, 0,
    0, 0, 0, 0, 0, 0, 0, 0,
    0, 0, 0, 0, 0, 0, 0, 0,
    0, 0, -9, 0, 0, 0, 0, 0,
    0, 0, 0, 0, 0, 0, 0, -4,
    0, 0, -13, -2, -18, -13, 0, -18,
    0, 0, 0, 0, 0, 0, -9, 0,
    0, -4, 0, 0, 0, 0, -13, 0,
    -11, -7, 0, -9, 0, 0, 0, 0,
    0, 0, 0, 0, 0, 0, 0, 0,
    0, 0, 0, 0, 0, 0, 0, 0,
    0, 0, 0, 0, 0, 0, -27, 0,
    0, -7, 0, -2, 0, 0, 0, 0,
    0, 0, 0, 0, 0, 0, 0, 0,
    0, -9, 0, -4, -4, 0, -9, 0,
    0, 0, 0, 0, 0, 0, 0, 0,
    0, 0, 0, 0, 0, 0, 0, 0,
    0, 0, 0, 0, 0, 0, 0, 0,
    0, 0, 0, 0, 0, 0, 0, 0,
    0, 0, 0, 0, 0, 0, 0, 0,
    0, 0, 0, 0, 0, 0, -43, -4,
    0, 0, 0, -13, -2, -9, 0, 0,
    0, 0, 0, 0, -16, -4, -25, 0,
    0, 0, 0, 0, 0, 0, 0, 0,
    0, -13, 0, -18, -7, -16, -9, 0,
    -9, -7, 0, -13, 0, -11, -7, -7,
    -7, -4, -11, 0, 0, 0, 0, 0,
    0, 0, 0, 0, 0, 0, -27, 0,
    -2, -9, -11, 0, 0, 0, 0, 0,
    0, 0, 0, 0, 0, 0, 0, -2,
    -2, 0, 0, 0, 0, -2, 0, 0,
    0, 0, 0, 0, 0, 0, 0, -2,
    0, -2, 0, 0, 0, 0, 0, 0,
    0, 0, 0, 0, 0, 0, 0, 0,
    0, 0, 0, 0, 0, 0, 0, 0,
    0, 0, 0, 0, 0, 0, 0, 0,
    0, 0, 0, 0, 0, -4, 0, 0,
    0, 0, 0, 0, 0, 0, 0, 0,
    0, 0, 0, 0, 0, 0, 0, 2,
    0, 0, 2, 1, 0, 0, 0, 0,
    0, 0, 0, 0, 0, 0, 0, 0,
    0, 0, 0, 0, 0, 0, 0, 0,
    0, 0, 0, 0, 0, 0, 0, 0,
    0, 0, 0, 0, 0, 0, 0, 0,
    0, 0, 0, 0, 0, 0, 0, 0,
    0, 0, 0, 0, 0, 0, 0, 0,
    0, 0, 0, 0, 0, 0, 0, 0,
    0, 0, 0, 0, 0, -2, 0, 0,
    0, 0, 0, 0, 0, 0, 0, 0,
    0, 0, 0, 0, 0, 0, 0, 0,
    0, 0, 0, 0, 0, 0, 0, 0,
    0, 0, 0, 0, 0, 0, 0, 0,
    0, 0, 0, 0, 0, 0, 0, 0,
    0, 0, 0, 0, 0, 0, 0, 0,
    0, 0, 0, 0, 0, 0, 0, 0,
    0, 0, 0, 0, 0, 0, 0, 0,
    -2, 0, 0, 0, -2, 0, 0, 0,
    0, 0, 0, 0, 0, 0, 0, 0,
    0, 0, 0, 0, 0, 0, 0, 0,
    0, 0, 0, 0, 0, 0, 0, 0,
    0, 0, 0, 0, 0, 0, 0, 0,
    0, 0, 0, 0, 0, 0, 0, 0,
    0, 0, 0, 0, 0, 0, 0, 0,
    0, 0, 0, 0, 0, 0, 0, 0,
    0, 0, 0, 0, 0, 0, 0, 0,
    0, 0, 0, -2, 0, 0, 0, 0,
    0, 0, 0, 0, 0, 0, 0, 0,
    0, 0, 0, 0, 0, -2, 0, 0,
    0, 0, 0, 0, 0, 0, 0, 0,
    0, 0, 0, 0, 0, 0, 0, 0,
    0, 0, 0, 0, 0, 0, 0, 0,
    0, -2, -2, 0, -4, 0, 0, 0,
    0, 0, 0, 0, 0, 0, 0, 0,
    0, 0, -2, 0, 0, 0, 0, 0,
    0, 0, -4, 0, 0, 0, 0, 0,
    -2, 0, 0, 0, 0, 0, 0, 0,
    0, 0, 0, 0, 0, 0, 0, 0,
    0, 0, 0, 0, 0, 0, 0, 0,
    0, 0, 0, 0, 0, 0, 0, 0,
    0, 0, 0, 0, 0, 0, 0, 0,
    0, -2, 0, 0, 0, -2, -2, 0,
    0, 0, 0, 0, 0, 0, 0, 0,
    0, -4, 0, 0, 0, 0, 0, 0,
    0, -7, 0, 0, 0, 0, 0, -2,
    0, 0, 0, 0, 0, 0, 0, 0,
    0, -2, 0, -4, -2, 0, -7, 0,
    0, 0, 0, 0, 0, 0, 0, 0,
    0, 0, 0, 0, 0, 0, 0, 0,
    0, 0, 0, 0, 0, 0, 0, 0,
    0, 0, -4, 0, -2, 0, 0, 0,
    0, 0, 0, 0, 0, 0, 0, 0,
    0, 0, 0, 0, -25, 0, -16, -2,
    0, 0, 0, -16, -2, -13, 0, -4,
    0, 0, 0, 0, -11, 0, -18, 0,
    0, 0, 0, 0, 0, 0, 0, 0,
    0, -2, 0, -9, 0, -9, 0, 0,
    0, -2, 0, -7, 0, 0, 0, 0,
    0, 0, 0, 0, 0, 0, 0, 0,
    0, 0, 0, 0, 0, 0, -22, 0,
    0, 0, -7, 0, 0, 0, 0, 0,
    0, 0, 0, 0, 0, 0, 0, 0,
    0, 0, 0, 0, 0, 0, 0, 0,
    0, 0, 0, 0, 0, 0, 0, 0,
    0, -2, 0, 0, 0, 0, 0, 0,
    0, 0, 0, 0, 0, 0, 0, 0,
    0, 0, 0, 0, 0, 0, 0, 0,
    0, 0, 0, 0, 0, 0, 0, 0,
    -2, 0, 0, 0, 0, 0, 0, 0,
    0, 0, 0, 0, 0, 0, 0, 0,
    0, 0, -11, 0, -4, 0, 0, 0,
    0, -7, 0, -4, 0, 0, 0, 0,
    0, 0, -7, 0, 0, 0, 0, 0,
    -2, 0, 0, 0, 0, 0, 0, 0,
    0, 0, 0, 0, 0, 0, 0, 0,
    0, 0, 0, 0, 0, 0, 0, 0,
    0, 0, 0, 0, 0, 0, 0, 0,
    0, 0, 0, 0, -11, 0, 0, 0,
    0, 0, 0, 0, 0, 0, 0, 0,
    0, 0, 0, 0, 0, 0, 0, 0,
    0, 0, 0, 0, 0, 0, 0, 0,
    0, 0, 0, 0, 0, 0, 0, 0,
    -2, 0, -4, 0, 0, 0, 0, 0,
    0, 0, 0, 0, 0, 0, 0, 0,
    0, 0, 0, 0, 0, 0, 0, 0,
    0, 0, 0, 0, 0, 0, 0, 0,
    0, 0, 0, 0, 0, 0, 0, 0,
    0, 0, 0, 0, 0, 0, 0, 0,
    0, 0, 0, 0, -4, -2, 0, 0,
    0, 0, 0, 0, 0, 0, 0, 0,
    0, 0, 0, 0, 0, 0, 0, 0,
    0, 0, 0, 0, 0, 0, 0, 0,
    0, 0, 0, 0, 0, 0, 0, 0,
    0, 0, 0, 0, 0, 0, 0, 0,
    0, 0, 0, 0, 0, 0, 0, 0,
    0, 0, 0, 0, 0, 0, 0, 0,
    0, 0, 0, 0, 0, 0, 0, 0,
    0, 0, 0, 0, 0, 0, 0, 0,
    0, 0, 0, 0, 0, 0, 0, -7,
    0, 0, 0, 0, 0, 0, 0, -2,
    0, 0, 0, 0, 0, 0, 0, 0,
    0, 0, 0, 0, 0, 0, 0, 0,
    0, 0, 0, 0, 0, 0, 0, 0,
    0, 0, 0, 0, 0, 0, 0, 0,
    0, -11, 0, 0, 0, 0, 0, 0,
    0, 0, 0, 0, 0, 0, 0, 0,
    0, 0, -7, 0, 0, 0, 0, 0,
    0, 0, 0, 0, 0, 0, -2, 0,
    0, 0, -7, 0, -7, -2, -4, -11,
    0, 0, 0, 0, 0, 0, 0, 0,
    0, 0, 0, 0, 0, 0, 0, 0,
    0, 0, 0, 0, 0, 0, 0, 0,
    0, 0, 0, 0, 0, 0, 0, 0,
    -7, 0, 0, 0, 0, 0, 0, -7,
    0, 0, -2, 0, -11, 0, 0, 0,
    0, -4, 0, 0, 0, 0, 0, 0,
    0, -4, 0, -9, 0, 0, -4, 0,
    0, -15, -2, -16, -11, 0, -17, 0,
    -20, 0, 0, 0, -3, -8, -2, 0,
    0, 0, 1, 0, 0, -8, -6, -11,
    -9, 0, -10, 0, -18, -16, 0, 0,
    0, 0, 0, 0, 0, 0, 0, 0,
    0, 0, 0, -4, 0, -11, 0, 0,
    0, 2, 0, 0, 0, 0, -4, 0,
    0, 0, 0, 0, 0, 0, 0, 0,
    0, 0, -4, 0, -2, 0, 0, 0,
    -2, 0, -2, -2, -3, -7, 0, -13,
    0, 0, 0, 0, -2, 0, 0, 0,
    0, 0, 0, 0, -2, 0, -2, 0,
    -1, -2, 0, -2, 0, 0, 0, 0,
    0, 0, 0, 0, 0, 0, -4, 0,
    0, 0, -1, 0, 0, 0, 0, 0,
    0, 0, 0, 0, 0, 0, 0, 0,
    0, 0, 0, 0, 0, 0, 0, 0,
    0, -2, 0, 0, -2, 0, 0, 0,
    0, 0, 0, 0, 0, 0, 0, 0,
    -4, -2, -4, -7, -3, -2, 0, -2,
    -2, -2, -2, -7, -3, -4, -4, -2,
    -4, -2, 0, 0, 0, 0, 0, 0,
    0, 0, 0, 0, 0, 0, 0, -2,
    -2, -4, 0, 0, 0, 0, 0, 0,
    0, 0, -4, 0, -7, 0, 0, 0,
    0, 0, 0, 0, 0, 0, 0, 0,
    -2, 0, -7, 0, -2, 0, -7, 0,
    -2, -2, -4, -7, 0, -7, 0, 0,
    0, -3, 0, -2, 0, -2, 0, -2,
    -4, -2, -2, 0, -1, 0, -2, -1,
    -2, 0, -2, 0, 0, 0, 0, 0,
    0, 0, 0, -4, -9, 0, 0, 0,
    -4, 0, -2, 0, 0, 0, 0, 0,
    0, 0, 0, 0, 0, 0, 0, 0,
    -2, 0, 0, 0, 0, 0, 0, 0,
    0, 0, -4, -2, 0, 0, 0, 0,
    0, 0, 0, 0, 0, 0, -3, 0,
    -4, -4, -2, 0, -2, -2, 0, -2,
    0, -4, -2, -4, -2, -2, -4, 0,
    0, 0, 0, 0, 0, 0, 0, 0,
    0, 0, 0, 0, 0, 0, 0, -4,
    0, 0, 0, 0, 0, 0, 0, 0,
    -11, 0, -13, 0, 0, 0, 0, -4,
    0, 0, 0, 0, 0, 0, 0, 0,
    -13, -2, -20, 0, 0, 0, 0, 0,
    -2, 0, 0, 0, -13, -4, 0, -7,
    -2, -4, -2, 0, -2, -4, -4, -4,
    -2, -4, -4, -2, -4, -4, -2, 0,
    0, -2, 0, 0, 0, 0, 0, 0,
    0, -9, -16, 0, 1, -2, -6, 0,
    0, 0, 0, 0, 0, 0, 0, -4,
    0, -4, 0, 0, 0, 0, 0, 0,
    0, 0, 0, 0, 0, -4, 0, -2,
    0, -2, 0, -6, 0, -2, -2, -4,
    -4, -2, -9, -7, -3, 0, -1, -2,
    0, 0, 0, 0, -2, -4, 0, -4,
    0, -2, -2, -2, -2, 0, 0, 0,
    0, 0, 0, 0, 0, 0, 0, 0,
    -2, -4, 0, 0, 0, -2, 0, 0,
    0, 0, 0, 0, 0, 0, 0, 0,
    0, 0, 0, 0, 0, 0, 0, 0,
    0, 0, 0, 0, 0, 0, 0, -2,
    0, 0, 0, 0, -3, 0, 0, 0,
    0, 0, 0, -3, 0, 0, -4, 0,
    0, 0, 0, 0, 0, 0, -2, -2,
    -2, -2, 0, -2, 0, 0, 0, 0,
    0, 0, 0, 0, 0, 0, 0, 0,
    0, 0, 0, 0, -2, 0, 0, 0,
    0, 0, 0, 0, 0, 0, 0, 0,
    0, 0, 0, 0, 0, 0, 0, 0,
    0, 0, 0, 0, 0, -2, -2, -4,
    0, 0, 0, 0, 0, 0, 0, 0,
    0, -4, 0, 0, -2, -2, 0, 0,
    0, 0, -2, -2, 0, -3, -2, -2,
    0, -2, -1, -2, 0, 0, 0, 0,
    0, 0, 0, 0, 0, 0, 0, -4,
    0, 0, 0, 0, 0, 0, 0, -2,
    0, 0, 0, 0, 0, 0, 0, 0,
    0, 0, 0, 0, 0, 0, 0, 0,
    0, 0, 0, -4, 0, -7, -2, 0,
    0, 0, 0, 0, 0, 0, 0, 0,
    0, -2, 0, -4, -7, -2, 0, 0,
    0, 0, 0, -2, -9, -4, -10, -7,
    0, -9, 0, -2, -4, -9, 0, 0,
    0, 0, 0, 0, 0, 0, 0, 0,
    0, 0, -4, 0, 0, 0, 0, -4,
    0, 0, 0, 0, 0, 0, 0, -9,
    0, 0, 0, 0, 0, 0, 0, -7,
    0, -13, 0, 0, -3, 0, 0, -17,
    -2, -13, -9, 0, -20, 0, -22, 0,
    0, 0, 0, -9, -2, 0, 0, 0,
    0, 0, -2, -10, -2, -11, -7, 0,
    -9, 0, -16, -13, 0, 0, 0, 0,
    0, 0, 0, 0, 0, 0, 0, 0,
    0, -4, 0, -13, 0, 0, 0, 0,
    0, 0, -4, 0, -9, 0, 0, 0,
    0, 0, 0, 0, 0, 0, 0, 0,
    -2, 0, -4, -2, -2, 0, -7, 0,
    -7, -2, -8, -9, 0, -9, -13, 0,
    0, 0, 0, 0, -1, 0, -1, 0,
    0, 0, -2, 0, -1, 0, -2, -2,
    0, 0, -2, 0, 0, 0, 0, 0,
    0, 0, 0, -4, -9, 0, -2, -1,
    -2, 0, -2, 0, 0, 0, 0, 0,
    0, -18, 0, -20, 0, 0, 0, 0,
    -9, 0, 0, 0, 0, 0, 0, 0,
    0, -16, -2, -29, 0, 0, 0, 0,
    0, -4, -7, 0, -4, -22, -4, 1,
    -8, 0, -6, 0, 0, 0, 0, 0,
    -3, 0, -2, 0, 0, 0, 0, 0,
    0, 0, -7, 0, 0, 0, 0, 0,
    0, 0, -16, -25, 0, 0, 0, -9,
    0, 0, 0, 0, 0, 0, 0, 0,
    0, 0, 0, 0, -2, 0, 0, -4,
    0, 0, 0, 0, 0, 0, 0, 0,
    0, 0, -2, 0, 0, 0, 0, 0,
    0, -4, 0, -4, 0, -1, 0, -2,
    -2, -2, 0, 0, 0, 0, 0, -2,
    -4, -2, 0, 0, 0, 0, 0, 0,
    -2, 0, 0, 0, 0, 0, 0, 0,
    0, 0, 0, 0, 0, 0, -4, 0,
    0, 0, 0, 0, 0, 0, 0, 0,
    0, -2, 0, 0, 0, 0, 0, 0,
    0, 0, 0, 0, 0, 0, 0, -2,
    0, 0, 0, -2, 0, -2, -2, -2,
    -7, 0, 0, 0, 0, 0, 0, -6,
    0, 0, 0, 0, 0, 0, 0, -6,
    -3, -3, -2, 0, -4, 0, 0, 0,
    0, 0, 0, 0, 0, 0, 0, 0,
    0, -2, 0, 0, 0, 0, 0, 0,
    0, -9, 0, -9, 0, 0, -13, -9,
    -25, -2, 0, 0, 0, -11, 0, -9,
    0, 0, 0, 0, 0, -7, -15, -7,
    -25, -2, 0, 0, 0, 0, 0, 0,
    0, 0, -18, -17, 0, -18, -7, -13,
    -7, 0, -13, -18, -13, -18, -9, -13,
    -15, -16, -9, -13, -9, 0, 0, -9,
    0, 0, 0, 0, -7, 0, 0, 0,
    -20, 0, 1, -9, -7, 0, 0, 0,
    0, 0, 0, 0, 0, -2, 0, -2,
    0, 0, 0, 0, -2, 0, 0, 0,
    0, 0, 0, 0, 0, 0, 0, 0,
    0, 0, 0, 0, 0, 0, 0, 0,
    0, -4, 0, 0, 0, 0, 0, 0,
    0, 0, 0, 0, 0, -2, 0, 0,
    0, 0, 0, 0, 0, 0, 0, 0,
    0, 0, 0, 0, 0, 0, -2, 0,
    0, 0, 0, 0, 0, 0, 0, -7,
    0, -7, 0, 0, -18, -4, -20, -2,
    0, 0, -2, -13, 0, -9, 0, -4,
    -2, 0, 0, -7, -16, -7, -22, 0,
    0, 0, 0, 0, 0, 0, 0, 0,
    -18, -11, 0, -11, -4, -11, -4, 0,
    -9, -7, -7, -10, -2, -8, -2, 0,
    -4, -2, -2, 0, 0, -13, 0, 0,
    -4, 0, 0, 0, 0, 0, -18, 0,
    0, -4, -7, 0, 0, 0, -4, 0,
    -2, 0, 0, -13, -7, -16, 0, 0,
    0, 0, -9, 0, -4, 0, 0, 0,
    -2, 0, -2, -10, -2, -16, 0, 0,
    0, 0, 0, 0, 0, 0, 0, -11,
    -9, 0, -12, -7, -11, -4, -2, -9,
    -7, -7, -9, -4, -7, -4, -4, -4,
    -2, -4, 0, 0, -7, 0, 0, 0,
    0, 0, 0, 0, -13, -13, 0, 0,
    -4, -7, 0, 0, 0, 0, 0, -2,
    0, -4, 0, 0, 0, 0, 0, 0,
    0, -4, 0, 0, 0, 0, 0, 0,
    -4, -4, 0, -8, -4, -2, 0, 0,
    0, 0, 0, 0, 0, 0, 0, 0,
    0, -6, -4, -4, 0, 0, -2, -2,
    0, -4, -7, -4, -7, -7, 0, -11,
    0, -7, 0, -9, 0, 0, 0, 0,
    0, 0, 0, 0, 0, 0, 0, 0,
    -4, 0, 0, 0, -11, 0, -11, 0,
    0, -18, -9, -22, 0, 0, 0, 0,
    -18, 0, 0, 0, -2, 0, -4, 0,
    -13, -17, -9, -27, -3, 0, 0, 0,
    0, 0, 0, -2, 0, -13, -19, -7,
    -22, -11, -20, -9, 0, -16, -16, -16,
    -19, -9, -17, -11, -11, -9, -9, -11,
    0, 0, -13, 0, 0, -2, 0, -7,
    0, 0, 0, -22, 0, -9, -11, -9,
    0, 0, 0, 0, 0, 0, 0, 0,
    0, 0, 0, 0, 0, 0, 0, -2,
    0, 0, 0, 0, 0, 0, 0, 0,
    0, -4, 0, 0, 0, 0, 0, 0,
    0, 0, 0, 0, 0, 0, 0, -2,
    -2, 0, 0, 0, 0, 0, 0, 0,
    -4, -2, -4, -7, 0, -7, 0, 0,
    0, 0, 0, 0, 0, 0, 0, 0,
    0, 0, 0, 0, 0, 0, -4, 0,
    0, 0, 0, 0, 0, 0, 0, 0,
    0, 0, 0, 0, 0, 0, 0, 0,
    0, 0, 0, 0, 0, 0, 0, 0,
    -7, 0, 0, -13, -4, -18, -11, 0,
    -13, 0, 0, 0, 0, 0, 0, 0,
    0, 0, 0, 0, 0, 0, 0, -2,
    0, -9, -4, 0, -9, 0, 0, 0,
    0, 0, 0, 0, 0, 0, 0, 0,
    0, 0, 0, 0, 0, 0, 0, 0,
    0, 0, 0, 0, 0, 0, 0, 0,
    0, 0, 0, 0, 0, 0, 0, 0,
    0, 0, 0, 0, 0, 0, 0, -13,
    0, 0, -18, -4, -18, -11, 0, -13,
    0, 0, 0, 0, 0, 0, 0, 0,
    0, 22, 0, 0, 0, 0, -11, -4,
    -11, -7, 0, 0, 0, 0, 0, 0,
    0, 0, 0, 0, 0, 0, 0, 0,
    0, 0, 0, 0, 0, 0, 0, 0,
    0, 0, 0, 0, 0, 0, 0, 0,
    0, 0, 0, 0, 0, 0, 0, 0,
    0, 0, 0, 0, 0, 0, 0, 0,
    0, 0, 0, 0, 0, 0, 0, 0,
    -9, 0, -1, 0, -1, -2, -1, 0,
    0, 0, 0, 0, -1, -2, 0, -2,
    -2, -1, -2, 2, 0, 0, 0, 0,
    0, 0, 0, 0, 0, 0, 0, 0,
    0, 0, 0, 0, 0, 0, 0, 0,
    0, 0, 0, 0, 0, 0, -4, 0,
    0, 0, 0, 0, 0, 0, 0, 0,
    0, 0, -13, 0, 0, 0, 0, 0,
    0, 0, 0, 0, 0, 0, 0, -13,
    -4, 0, -1, 0, -2, 0, -1, -1,
    -1, -1, -2, -1, -3, -1, -3, -2,
    -3, -4, -2, 0, 0, 0, 0, 0,
    0, 0, 0, 0, 0, 0, 0, 0,
    -1, -1, 0, 0, 0, 0, 0, 0,
    0, 0, 0, 0, 0, 0, 0, 0,
    0, 0, 0, 0, 0, 0, 0, 0,
    0, 0, 0, 0, 0, 0, 0, 0,
    0, 0, 0, 0, 0, 0, -11, 0,
    -1, 0, -1, 0, -1, 0, -1, 0,
    -1, -1, 0, -1, 0, 0, 0, 0,
    0, 0, 0, 0, 0, 0, 0, 0,
    0, 0, 0, 0, 0, 0, 0, 0,
    0, 0, 0, 0, 0, 0, 0, 0,
    0, 0, 0, 0, 0, 0, 0, 0,
    0, 0, 0, 0, 0, 0, 0, 0,
    0, 0, 0, 0, 0, 0, 0, 0,
    0, 0, 0, 0, 0, 0, 0, -1,
    0, -1, 1, -1, 0, 0, 0, 0,
    0, -1, 0, 0, 0, 0, 0, 0,
    3, 0, 0, 0, 0, 0, 0, 0,
    0, 0, 0, 0, 0, 0, 0, 0,
    0, 0, 0, 0, 0, 0, 0, 0,
    0, 0, 0, 0, 0, 0, 0, 0,
    0, 0, 0, 0, 0, 0, 0, 0,
    0, 0, 0, 0, 0, 0, 0, 0,
    0, 0, 0, 0, -11, 0, 1, 0,
    1, -2, 1, 0, 0, 0, 0, 0,
    1, -3, 0, -2, -2, -2, -2, -1,
    0, 0, 0, 0, 0, 0, 0, 0,
    0, 0, 0, 0, 0, 0, 0, 0,
    0, 0, 0, 0, 0, -4, 4, 0,
    -16, 0, -13, 0, 0, 0, 0, 0,
    0, 0, 0, 0, 0, 0, 0, 0,
    0, 0, 0, 0, 0, 0, 0, 0,
    0, 0, 0, 0, -11, -4, 0, -7,
    -4, -6, -2, 0, -2, -2, 0, -4,
    -2, -2, 0, 0, 0, 0, -2, 0,
    0, 0, 0, 0, 0, 0, 0, 0,
    0, -4, 0, 0, 4, -2, -4, 0,
    0, 0, 0, 0, 0, 0, 0, 0,
    0, 0, 0, 0, 0, 0, 0, -2,
    0, 0, 0, 0, 0, 0, 0, 0,
    0, 0, 0, 0, 0, 0, 0, 0,
    0, 0, -7, 0, -1, 0, -1, 0,
    -1, 0, 2, 0, 0, 0, -1, -1,
    -1, 0, 0, 0, 0, 2, 0, 0,
    0, 0, 0, 0, 0, 0, 0, 0,
    0, 0, 0, 0, 0, 0, 0, 0,
    0, 0, 0, 0, 0, 0, 0, 0,
    0, 0, 0, 0, 0, 0, 0, 0,
    0, 0, 0, 0, -4, 0, 0, 0,
    0, 0, -7, 0, -7, -2, 0, -9,
    0, -11, 0, -1, 0, 0, -2, -1,
    0, 0, 0, 0, 0, -1, -6, 0,
    -4, -2, -1, -2, 0, 0, 0, 0,
    0, 0, 0, 0, 0, 0, 0, 0,
    0, 0, 0, 0, 0, 0, -4, 0,
    0, 0, 0, 0, 0, 0, 0, 0,
    0, 0, 0, 0, 0, 0, 0, 0,
    0, 0, 0, 0, 0, 0, 0, 0,
    0, 0, 0, 0, 0, 0, 0, 0,
    0, 0, -1, 0, -1, 0, -1, 0,
    0, 0, 0, 0, 0, -1, 0, 0,
    0, 0, 0, 0, 0, 0, 0, 0,
    0, 0, 0, 0, 0, 0, 0, 0,
    0, 0, 0, 0, 0, 0, 0, 0,
    0, 0, 0, 0, 0, 0, 0, 0,
    0, 0, 0, 0, 0, 0, 0, 0,
    0, 0, 0, 0, 0, 0, 0, 0,
    0, 0, 0, 0, 0, 0, 0, 0,
    0, -1, 0, -1, 1, -1, 0, 4,
    0, 0, 0, -1, 0, 0, 0, 0,
    0, 0, 3, 0, 0, 0, 0, 0,
    0, 0, 0, 0, 0, 0, 0, 0,
    0, 0, -2, 0, 0, 0, 0, 0,
    0, 0, 0, 0, 0, 0, 0, 0,
    0, 0, 0, 0, 0, 0, 0, 0,
    0, 0, 0, 0, 0, 0, 0, 0,
    0, 0, 0, 0, 0, 0, -7, 0,
    -2, 0, -3, 0, -2, 0, 0, 0,
    0, 0, -2, 0, 0, 0, 0, 0,
    0, 0, 0, 0, -9, 0, 0, 0,
    0, 0, 0, 0, 0, 0, 0, 0,
    0, -2, 0, 0, 0, 0, 0, 0,
    0, 0, 0, 0, 0, 0, 0, 0,
    0, 0, 0, 0, 0, 0, 0, 0,
    0, 0, 0, 0, 0, 0, 0, 0,
    0, 0, 0, 0, 0, 0, 0, -1,
    0, -1, 0, -1, 0, 0, 0, 0,
    0, -1, 1, 0, 0, 0, 0, 0,
    2, 0, 0, 0, 0, 0, 0, 0,
    0, 0, 0, 0, 0, 0, 0, 0,
    0, 0, 0, 0, 0, 0, 0, 0,
    0, 0, 0, -4, 0, 0, 0, 0,
    0, 0, 0, 0, 0, 0, 0, -9,
    0, 0, 0, 0, 0, 0, 0, 0,
    0, 0, 0, 0, -13, 0, 0, -1,
    0, -3, 0, -2, -1, -2, -1, -2,
    -1, -3, -1, -2, -2, -2, -4, -2,
    0, 0, 0, 0, 0, 0, 0, -4,
    0, 0, 0, 0, 0, -2, -2, 0,
    0, 0, 0, 0, 0, 0, 0, 0,
    0, 0, -4, 0, 0, 0, 0, 0,
    0, 0, 0, 0, 0, 0, -7, 0,
    0, 0, 0, 0, 0, 0, 0, 0,
    0, 0, 0, -13, -4, 0, -2, 0,
    -3, 0, -1, -1, -1, -2, -1, -1,
    -4, -1, -2, -2, -2, -4, -2, 0,
    0, 0, 0, 0, 0, 0, 0, 0,
    0, -7, 0, 0, -1, -1, 0, 0,
    0, 0, 0, 0, 0, 0, 0, 0,
    0, 0, 0, 0, 0, 0, 0, 0,
    0, 0, 0, 0, 0, 0, 0, 0,
    0, 0, 0, 0, 0, 0, 0, 0,
    0, 0, 0, 0, -1, 0, -1, 1,
    -1, 0, 8, 0, 0, 0, -1, 1,
    0, 0, 0, 0, 0, 3, 0, 0,
    0, 0, 0, 0, 0, 0, 0, 0,
    0, 0, 0, 0, 0, 0, 0, 0,
    0, 0, 0, 0, 0, 0, -20, 0,
    -16, 0, 0, 0, 0, 0, 0, 0,
    0, 0, 0, 0, 0, 0, 0, 0,
    0, 0, 0, 0, 0, 0, 0, 0,
    0, 0, -11, -4, 1, -7, 0, -6,
    0, 0, 0, 0, 0, -4, 2, 0,
    2, 2, 2, 2, -2, 0, 0, -2,
    0, 0, 0, 0, 0, 0, 0, -9,
    0, 0, 0, 0, -7, 0, 0, 0,
    0, 0, 0, 0, 0, 0, 0, 0,
    0, 0, 0, 0, 0, 0, 0, 0,
    0, 0, 0, 0, 0, 0, 0, 0,
    0, 0, 0, 0, 0, 0, 0, 0,
    -13, 0, 1, 0, 1, 0, 1, -1,
    -1, -1, -1, -1, 0, -1, 0, 0,
    0, 0, 0, 0, 0, 0, 0, 0,
    0, 0, 0, 0, 0, 0, 0, 0,
    0, -1, -1, 0, 0, 0, 0, 0,
    0, 0, 0, 0, 0, 0, 0, 0,
    0, 0, 0, 0, 0, 0, 0, 0,
    0, 0, 0, 0, 0, 0, 0, 0,
    0, 0, 0, 0, 0, 0, 0, -7,
    0, -2, 1, -1, 2, -1, 1, 0,
    1, 1, 0, 2, -1, 0, 1, 3,
    3, 1, 2, 0, 0, -2, 0, 0,
    0, 0, 0, 0, 0, 0, 0, 0,
    0, 1, -2, 0, 0, 0, 0, 0,
    0, 0, 0, 0, 0, -2, 0, 0,
    0, 0, 0, 0, 0, 0, 0, 0,
    0, 0, 0, 0, 0, 0, 0, 0,
    0, 0, 0, 0, 0, 0, -9, 0,
    -1, 0, -1, 1, -1, 0, 0, 0,
    0, 0, -1, 1, 0, 0, 0, 0,
    0, 3, 0, 0, 0, 0, 0, 0,
    0, 0, 0, 0, 0, 0, 0, 0,
    0, 0, 0, 0, 0, 0, 0, 0,
    0, 0, -11, 0, -11, 0, 0, 0,
    0, 0, 0, 0, 0, 0, 0, 0,
    0, 0, 0, 0, 0, 0, 0, 0,
    0, 0, 0, 0, 0, 0, -11, -2,
    0, -3, 0, -3, 0, 0, 0, 0,
    0, -2, 0, 0, 0, 0, 0, 0,
    0, 0, 0, 0, 0, 0, 0, 0,
    0, 0, 0, -7, 0, 0, 0, 0,
    -4, 0, 0, 0, 0, 0, 0, 0,
    0, -7, 0, -9, 0, 0, 0, 0,
    0, 0, 0, 0, 0, 0, 0, 0,
    0, 0, 0, 0, 0, 0, 0, 0,
    0, 0, 0, 0, 0, -7, -2, 0,
    -2, 0, -2, 0, 0, 0, 0, 0,
    0, 0, 0, 0, 0, 0, 0, 0,
    0, 0, 0, 0, 0, 0, 0, 0,
    0, 0, 0, 0, 0, 0, 0, -2,
    0, 0, 0, 0, 0, 0, 0, 0,
    0, 0, 0, 0, 0, 0, 0, 0,
    0, 0, 0, 0, 0, 0, 0, 0,
    0, 0, 0, 0, 0, 0, 0, 0,
    0, 0, 0, -7, 0, -2, 0, -3,
    0, -3, 0, 0, 0, 0, 0, -3,
    0, 0, 0, 0, 0, 0, 0, 0,
    0, -7, 0, 0, 0, 0, 0, 0,
    0, 0, 0, 0, 0, 0, -2, 0,
    0, 0, 0, 0, -4, 0, 0, -16,
    0, -16, 0, 0, 0, 0, 0, 0,
    0, 0, 0, 0, 0, 0, 0, 0,
    0, 0, 0, 0, 0, 0, 0, 0,
    0, 0, -4, -13, -6, -2, -4, 0,
    -4, 0, 0, 0, 0, 0, -2, 0,
    0, 0, 0, 0, 0, 0, 0, 0,
    0, 0, 0, 0, 0, 0, 0, 0,
    -13, 0, 0, 0, 0, -7, 0, 0,
    0, 0, 0, 0, 0, 0, 0, 0,
    0, 0, 0, 0, 0, 0, 0, 0,
    0, 0, 0, 0, 0, 0, 0, 0,
    0, 0, 0, 0, 0, 0, 0, 0,
    0, -7, 0, -2, 2, -2, 0, -2,
    2, 2, 0, 2, 0, 0, 0, 0,
    0, 0, 0, 0, 0, 0, 0, 0,
    0, 0, 0, 0, 0, 0, 0, 0,
    0, 0, 1, 1, 0, 0, 0, 0,
    0, 0, 0, 0, 0, 0, 0, 0,
    0, 0, 0, 0, 0, 0, 0, 0,
    0, 0, 0, 0, 0, -4, 0, -18,
    0, 0, 0, 0, 0, 0, 0, 0,
    0, 0, 0, 0, 0, 0, 0, 0,
    0, 0, 0, 0, 0, 0, 0, 0,
    0, 0, 0, 0, 0, 0, 0, 0,
    0, 0, 0, 0, 0, 0, 0, 0,
    0, 0, 0, 0, 0, 0, 0, 0,
    0, 0, 0, 0, 0, 0, 0, 0,
    0, 0, 0, 0, 0, 0, 0, 0,
    0, 0, 0, 0, 0, 0, 0, 0,
    -7, 0, 0, 0, 0, -7, 0, 0,
    0, 0, 0, -4, 0, 0, 0, -4,
    0, 0, 0, 0, 0, 0, 0, 0,
    0, 0, 0, 0, 0, 0, 0, 0,
    0, 0, 0, 0, 0, 0, 0, 0,
    0, 0, -7, 0, 0, 0, 0, 0,
    0, 0, 0, 0, 0, 0, 0, 0,
    0, 0, 0, 0, 0, 0, 0, 0,
    0, 0, 0, 0, 0, 0, 0, 0,
    0, -4, 0, 0, -2, 0, 0, 0,
    0, 0, 0, 0, 0, 0, 0, 0,
    0, 0, 0, 0, 0, 0, 0, 0,
    0, 0, 0, 0, 0, 0, 0, 0,
    0, 0, 0, 0, 0, 0, 0, 0,
    0, 0, 0, 0, 0, 0, 0, 0,
    0, 0, 0, 0, 0, 0, 0, 0,
    0, 0, 0, 0, 0, 0, 0, 0,
    0, 0, 0, 0, 0, 0, -9, 0,
    -13, -7, -7, -16, 0, 0, 0, 0,
    0, 0, 0, 0, 0, -2, 0, 0,
    0, 0, 0, 0, 0, 0, -7, -7,
    0, 0, 0, 0, 0, 0, 0, 0,
    0, 0, 0, 0, 0, 0, 0, 0,
    0, 0, 0, 0, 0, 0, 0, 0,
    0, 0, 0, 0, -11, 0, 0, 0,
    0, 0, 0, 0, 0, 0, 0, 0,
    0, 0, -11, -7, 0, -20, -9, -22,
    -20, 0, -25, -4, 0, 0, -7, 0,
    -13, -13, 0, -9, 0, -9, 0, 0,
    -11, -13, -9, -13, -11, -9, -9, 0,
    0, 0, 0, 0, 0, 0, 0, 0,
    0, 0, 0, 0, 0, -9, -9, -11,
    0, 0, 0, 0, 0, 0, 0, 0,
    0, 0, 0, 0, 0, 0, 0, 0,
    0, 0, 0, 0, 0, 0, 0, 0,
    0, -2, 0, 0, 0, 0, -3, 0,
    0, 0, 0, 0, 0, -3, 0, 0,
    -4, 0, 0, 0, 0, 0, 0, 0,
    -2, -2, -2, -2, 0, -2, 0, 0,
    0, 0, 0, 0, 0, 0, 0, 0,
    0, 0, 0, 7, 0, 0, -2, 0,
    0, 0, 0, 0, 0, 0, 0, -9,
    0, -9, 0, 0, 0, 0, 0, 0,
    0, 0, 0, 0, 0, -4, 0, -7,
    0, -4, 0, -4, 0, -2, 0, -4,
    -9, 0, -9, -18, 0, 0, 0, 0,
    0, 0, 0, 0, 0, 0, 0, 0,
    0, 0, 0, 0, 0, 0, 0, 0,
    0, 0, 0, 0, 0, 0, 0, 0,
    -4, -11, 0, 0, 0, 0, 0, 0,
    0, 0, 0, 0, 0, 0, -4, 0,
    0, 0, 0, 0, 0, 0, 0, 0,
    0, 0, 0, 0, 0, 0, 0, 0,
    0, 0, 0, 0, 0, 0, 0, 0,
    0, 0, -4, 0, 0, 0, -2, 0,
    0, 0, 0, 0, 0, 0, -2, 0,
    -2, 0, -2, -2, 0, 0, 0, 0,
    0, 0, 0, 0, 0, 0, 0, 0,
    0, 0, 0, 0, 0, 0, 0, 0,
    0, 0, 0, 0, 0, 0, 0, 0,
    0, 0, 0, 0, 0, 0, 0, 0,
    0, 0, 0, 0, 0, 0, 0, 0,
    0, 0, 0, 0, 0, 0, 0, 0,
    0, 0, -1, 0, -1, 0, -1, 0,
    0, 0, 0, 0, 0, -1, 0, 0,
    0, 0, 0, 0, 0, 0, 0, 0,
    0, 0, 0, 0, 0, 0, 0, 0,
    0, 9, 0, 0, 0, 0, 0, 0,
    0, 0, 0, 0, 0, 0, 0, 0,
    0, 0, 0, 0, 0, 0, 0, 0,
    0, 0, -4, 0, 0, 0, 0, 0,
    0, 0, 0, 0, 0, 0, 0, 0,
    0, 0, 0, 0, 0, 0, 0, 0,
    0, 0, 0, 0, -2, 0, 0, 0,
    0, 0, 0, 0, 0, 0, 0, 0,
    0, 0, 0, 0, 0, 0, 0, 0,
    0, 0, 0, 0, 0, 0, 0, 0,
    0, 0, 0, 0, 0, 0, 0, 0,
    0, 0, 0, 0, 0, 0, 0, 0,
    0, 0, 0, 0, 0, 0, 0, 0,
    0, 0, 0, 0, 0, 0, 0, 0,
    -1, 0, -1, -1, -1, 0, 0, 0,
    0, 0, -1, -2, 0, 0, 0, 0,
    0, 0, 0, 0, 0, 0, 0, 0,
    0, 0, 0, 0, 0, 0, 0, 0,
    0, 0, 0, 0, 0, 0, 0, 0,
    0, 0, 0, 0, 0, 0, 0, 0,
    0, 0, 0, 0, 0, 0, 0, 0,
    0, 0, 0, 0, 0, 0, 0, 0,
    0, 0, 0, 0, 0, 0, 0, 0,
    0, 0, 0, 0, 0, 0, 0, 0,
    0, 0, 0, 0, 0, 0, 0, 0,
    0, 0, 0, 0, 0, 0, 0, 0,
    0, 0, 0, 0, 0, 0, 0, 0,
    0, -4, 0, 0, 0, 0, 0, 0,
    0, 0, 0, 0, 0, 0, 0, 0,
    0, 0, 0, 0, 0, 0, 0, 0,
    0, 0, 0, 0, 0, 0, 0, 0,
    0, 0, 0, 0, 0, 0, 0, 0,
    0, 0, 0, 0, 0, 0, 0, 0,
    0, 0, 0, 0, 0, 0, 0, 0,
    0, 0, 0, 0, 0, 0, 0, 0,
    0, 0, 0, 0, 0, 0, 0, 0,
    -11, 0, 0, 0, 0, 0, 0, 0,
    0, 0, 0, 0, 0, 0, 0, 0,
    0, 0, 0, 0, 0, 0, 0, 0,
    -13, -7, -11, 0, 0, 0, 0, 0,
    0, 0, 0, 0, 0, 0, 0, -11,
    -7, -9, -7, 0, -7, -9, -7, -11,
    -4, -9, -7, -4, 0, -4, 0, 0,
    0, 0, 0, 0, 0, 0, 0, 0,
    0, 0, -27, 0, -7, -7, 0, 0,
    -7
};


/*Collect the kern class' data in one place*/
static const lv_font_fmt_txt_kern_classes_t kern_classes =
{
    .class_pair_values   = kern_class_values,
    .left_class_mapping  = kern_left_class_mapping,
    .right_class_mapping = kern_right_class_mapping,
    .left_class_cnt      = 87,
    .right_class_cnt     = 71,
};

/*--------------------
 *  ALL CUSTOM DATA
 *--------------------*/

#if LVGL_VERSION_MAJOR == 8
/*Store all the custom data of the font*/
static  lv_font_fmt_txt_glyph_cache_t cache;
#endif

#if LVGL_VERSION_MAJOR >= 8
static const lv_font_fmt_txt_dsc_t font_dsc = {
#else
static lv_font_fmt_txt_dsc_t font_dsc = {
#endif
    .glyph_bitmap = glyph_bitmap,
    .glyph_dsc = glyph_dsc,
    .cmaps = cmaps,
    .kern_dsc = &kern_classes,
    .kern_scale = 16,
    .cmap_num = 6,
    .bpp = 8,
    .kern_classes = 1,
    .bitmap_format = 0,
#if LVGL_VERSION_MAJOR == 8
    .cache = &cache
#endif
};



/*-----------------
 *  PUBLIC FONT
 *----------------*/

/*Initialize a public general font descriptor*/
#if LVGL_VERSION_MAJOR >= 8
const lv_font_t ProductSansRegular_14 = {
#else
lv_font_t ProductSansRegular_14 = {
#endif
    .get_glyph_dsc = lv_font_get_glyph_dsc_fmt_txt,    /*Function pointer to get glyph's data*/
    .get_glyph_bitmap = lv_font_get_bitmap_fmt_txt,    /*Function pointer to get glyph's bitmap*/
    .line_height = 18,          /*The maximum line height required by the font*/
    .base_line = 4,             /*Baseline measured from the bottom of the line*/
#if !(LVGL_VERSION_MAJOR == 6 && LVGL_VERSION_MINOR == 0)
    .subpx = LV_FONT_SUBPX_NONE,
#endif
#if LV_VERSION_CHECK(7, 4, 0) || LVGL_VERSION_MAJOR >= 8
    .underline_position = -6,
    .underline_thickness = 1,
#endif
    .dsc = &font_dsc,          /*The custom font data. Will be accessed by `get_glyph_bitmap/dsc` */
#if LV_VERSION_CHECK(8, 2, 0) || LVGL_VERSION_MAJOR >= 9
    .fallback = NULL,
#endif
    .user_data = NULL,
};



#endif /*#if PRODUCTSANSREGULAR_14*/

