/*******************************************************************************
 * Size: 30 px
 * Bpp: 8
 * Opts: --size 30 --bpp 8 --format lvgl --font /Users/garrett/Documents/GWatch-Paris/components/fonts/files/ProductSans-Bold.ttf --output /Users/garrett/Documents/GWatch-Paris/components/fonts/generated/ProductSansBold_30.c --no-compress --range 0x20-0x7F,0xA0-0x24F,0x2000-0x21FF
 ******************************************************************************/

#ifdef LV_LVGL_H_INCLUDE_SIMPLE
#include "lvgl.h"
#else
#include "lvgl/lvgl.h"
#endif

#ifndef PRODUCTSANSBOLD_30
#define PRODUCTSANSBOLD_30 1
#endif

#if PRODUCTSANSBOLD_30

/*-----------------
 *    BITMAPS
 *----------------*/

/*Store the image of the glyphs*/
static LV_ATTRIBUTE_LARGE_CONST const uint8_t glyph_bitmap[] = {
    /* U+0020 " " */

    /* U+0021 "!" */
    0x0, 0xfc, 0xff, 0xff, 0xff, 0x10, 0x0, 0xfc,
    0xff, 0xff, 0xff, 0x10, 0x0, 0xfc, 0xff, 0xff,
    0xff, 0x10, 0x0, 0xfc, 0xff, 0xff, 0xff, 0x10,
    0x0, 0xfc, 0xff, 0xff, 0xff, 0x10, 0x0, 0xfc,
    0xff, 0xff, 0xff, 0x10, 0x0, 0xf6, 0xff, 0xff,
    0xff, 0xa, 0x0, 0xe9, 0xff, 0xff, 0xfb, 0x0,
    0x0, 0xdb, 0xff, 0xff, 0xee, 0x0, 0x0, 0xce,
    0xff, 0xff, 0xe1, 0x0, 0x0, 0xc0, 0xff, 0xff,
    0xd3, 0x0, 0x0, 0xb2, 0xff, 0xff, 0xc5, 0x0,
    0x0, 0xa4, 0xff, 0xff, 0xb7, 0x0, 0x0, 0x8d,
    0xf0, 0xf0, 0x9f, 0x0, 0x0, 0x0, 0x0, 0x0,
    0x0, 0x0, 0x0, 0x0, 0x9, 0xb, 0x0, 0x0,
    0x0, 0x8e, 0xfc, 0xfd, 0x9f, 0x3, 0x55, 0xff,
    0xff, 0xff, 0xff, 0x66, 0x83, 0xff, 0xff, 0xff,
    0xff, 0x93, 0x45, 0xff, 0xff, 0xff, 0xff, 0x56,
    0x0, 0x6f, 0xe5, 0xea, 0x7f, 0x0,

    /* U+0022 "\"" */
    0xb0, 0xff, 0xff, 0xe4, 0x0, 0x84, 0xff, 0xff,
    0xff, 0xc, 0xb0, 0xff, 0xff, 0xe4, 0x0, 0x84,
    0xff, 0xff, 0xff, 0xc, 0xb0, 0xff, 0xff, 0xe4,
    0x0, 0x84, 0xff, 0xff, 0xff, 0xc, 0xb0, 0xff,
    0xff, 0xe4, 0x0, 0x84, 0xff, 0xff, 0xff, 0xc,
    0xb0, 0xff, 0xff, 0xe4, 0x0, 0x84, 0xff, 0xff,
    0xff, 0xc, 0xb0, 0xff, 0xff, 0xe4, 0x0, 0x84,
    0xff, 0xff, 0xff, 0xc, 0x7b, 0xb4, 0xb4, 0xa0,
    0x0, 0x5c, 0xb4, 0xb4, 0xb4, 0x8,

    /* U+0023 "#" */
    0x0, 0x0, 0x0, 0x0, 0x0, 0x0, 0x57, 0x80,
    0x80, 0x53, 0x0, 0x0, 0x0, 0x7e, 0x80, 0x80,
    0x27, 0x0, 0x0, 0x0, 0x0, 0x0, 0x0, 0x0,
    0x0, 0xcb, 0xff, 0xff, 0x88, 0x0, 0x0, 0x1b,
    0xff, 0xff, 0xff, 0x32, 0x0, 0x0, 0x0, 0x0,
    0x0, 0x0, 0x0, 0x0, 0xf2, 0xff, 0xff, 0x61,
    0x0, 0x0, 0x43, 0xff, 0xff, 0xff, 0xe, 0x0,
    0x0, 0x0, 0x0, 0x0, 0x0, 0x0, 0x1a, 0xff,
    0xff, 0xff, 0x39, 0x0, 0x0, 0x6a, 0xff, 0xff,
    0xe8, 0x0, 0x0, 0x0, 0x0, 0x0, 0x0, 0x0,
    0x0, 0x41, 0xff, 0xff, 0xff, 0x12, 0x0, 0x0,
    0x91, 0xff, 0xff, 0xc3, 0x0, 0x0, 0x0, 0x0,
    0x0, 0x0, 0x0, 0x0, 0x68, 0xff, 0xff, 0xeb,
    0x0, 0x0, 0x0, 0xb8, 0xff, 0xff, 0x9e, 0x0,
    0x0, 0x0, 0x0, 0x7, 0xfc, 0xff, 0xff, 0xff,
    0xff, 0xff, 0xff, 0xff, 0xff, 0xff, 0xff, 0xff,
    0xff, 0xff, 0xff, 0xff, 0xe7, 0x0, 0x2c, 0xff,
    0xff, 0xff, 0xff, 0xff, 0xff, 0xff, 0xff, 0xff,
    0xff, 0xff, 0xff, 0xff, 0xff, 0xff, 0xff, 0xc0,
    0x0, 0x54, 0xff, 0xff, 0xff, 0xff, 0xff, 0xff,
    0xff, 0xff, 0xff, 0xff, 0xff, 0xff, 0xff, 0xff,
    0xff, 0xff, 0x98, 0x0, 0x1, 0x4, 0x4, 0x9,
    0xfc, 0xff, 0xff, 0x4c, 0x4, 0x4, 0x40, 0xff,
    0xff, 0xfc, 0xa, 0x4, 0x4, 0x2, 0x0, 0x0,
    0x0, 0x0, 0x28, 0xff, 0xff, 0xff, 0x1e, 0x0,
    0x0, 0x68, 0xff, 0xff, 0xda, 0x0, 0x0, 0x0,
    0x0, 0x0, 0x0, 0x0, 0x0, 0x4d, 0xff, 0xff,
    0xf1, 0x0, 0x0, 0x0, 0x93, 0xff, 0xff, 0xb0,
    0x0, 0x0, 0x0, 0x0, 0x0, 0xe2, 0xff, 0xff,
    0xff, 0xff, 0xff, 0xff, 0xff, 0xff, 0xff, 0xff,
    0xff, 0xff, 0xff, 0xff, 0xff, 0xff, 0xc, 0xe,
    0xff, 0xff, 0xff, 0xff, 0xff, 0xff, 0xff, 0xff,
    0xff, 0xff, 0xff, 0xff, 0xff, 0xff, 0xff, 0xff,
    0xe2, 0x0, 0x39, 0xff, 0xff, 0xff, 0xff, 0xff,
    0xff, 0xff, 0xff, 0xff, 0xff, 0xff, 0xff, 0xff,
    0xff, 0xff, 0xff, 0xb9, 0x0, 0x2, 0x8, 0x8,
    0x8, 0xe7, 0xff, 0xff, 0x6a, 0x8, 0x8, 0x44,
    0xff, 0xff, 0xff, 0x1d, 0x8, 0x8, 0x5, 0x0,
    0x0, 0x0, 0x0, 0xb, 0xff, 0xff, 0xff, 0x42,
    0x0, 0x0, 0x62, 0xff, 0xff, 0xf1, 0x0, 0x0,
    0x0, 0x0, 0x0, 0x0, 0x0, 0x0, 0x31, 0xff,
    0xff, 0xff, 0x1e, 0x0, 0x0, 0x86, 0xff, 0xff,
    0xcc, 0x0, 0x0, 0x0, 0x0, 0x0, 0x0, 0x0,
    0x0, 0x56, 0xff, 0xff, 0xf8, 0x2, 0x0, 0x0,
    0xaa, 0xff, 0xff, 0xa7, 0x0, 0x0, 0x0, 0x0,
    0x0, 0x0, 0x0, 0x0, 0x7c, 0xff, 0xff, 0xd6,
    0x0, 0x0, 0x0, 0xce, 0xff, 0xff, 0x82, 0x0,
    0x0, 0x0, 0x0, 0x0, 0x0, 0x0, 0x0, 0xa1,
    0xff, 0xff, 0xb2, 0x0, 0x0, 0x0, 0xf1, 0xff,
    0xff, 0x5e, 0x0, 0x0, 0x0, 0x0, 0x0,

    /* U+0024 "$" */
    0x0, 0x0, 0x0, 0x0, 0x0, 0x0, 0x0, 0x27,
    0x34, 0x2f, 0x0, 0x0, 0x0, 0x0, 0x0, 0x0,
    0x0, 0x0, 0x0, 0x0, 0x0, 0x0, 0x0, 0xc4,
    0xff, 0xe8, 0x0, 0x0, 0x0, 0x0, 0x0, 0x0,
    0x0, 0x0, 0x0, 0x0, 0x0, 0x0, 0x0, 0xc4,
    0xff, 0xe8, 0x0, 0x0, 0x0, 0x0, 0x0, 0x0,
    0x0, 0x0, 0x0, 0x0, 0x1, 0x3e, 0x84, 0xe9,
    0xff, 0xf5, 0x75, 0x28, 0x0, 0x0, 0x0, 0x0,
    0x0, 0x0, 0x0, 0x2e, 0xcd, 0xff, 0xff, 0xff,
    0xff, 0xff, 0xff, 0xff, 0xa0, 0x10, 0x0, 0x0,
    0x0, 0x0, 0x31, 0xf3, 0xff, 0xff, 0xff, 0xff,
    0xff, 0xff, 0xff, 0xff, 0xff, 0xd5, 0xe, 0x0,
    0x0, 0x2, 0xd2, 0xff, 0xff, 0xff, 0xff, 0xfb,
    0xff, 0xff, 0xff, 0xff, 0xff, 0xff, 0xa2, 0x0,
    0x0, 0x39, 0xff, 0xff, 0xff, 0xdc, 0x2f, 0xc4,
    0xff, 0xe9, 0x67, 0xfb, 0xff, 0xff, 0xd4, 0x7,
    0x0, 0x65, 0xff, 0xff, 0xff, 0x58, 0x0, 0xc4,
    0xff, 0xe8, 0x0, 0x85, 0xba, 0x4a, 0x1, 0x0,
    0x0, 0x62, 0xff, 0xff, 0xff, 0x63, 0x0, 0xc4,
    0xff, 0xe8, 0x0, 0x0, 0x0, 0x0, 0x0, 0x0,
    0x0, 0x2b, 0xff, 0xff, 0xff, 0xea, 0x3e, 0xc4,
    0xff, 0xe8, 0x0, 0x0, 0x0, 0x0, 0x0, 0x0,
    0x0, 0x0, 0xb7, 0xff, 0xff, 0xff, 0xff, 0xf7,
    0xff, 0xe8, 0x0, 0x0, 0x0, 0x0, 0x0, 0x0,
    0x0, 0x0, 0x18, 0xdd, 0xff, 0xff, 0xff, 0xff,
    0xff, 0xf6, 0x5c, 0x4, 0x0, 0x0, 0x0, 0x0,
    0x0, 0x0, 0x0, 0x11, 0xb2, 0xff, 0xff, 0xff,
    0xff, 0xff, 0xff, 0xdf, 0x61, 0x1, 0x0, 0x0,
    0x0, 0x0, 0x0, 0x0, 0x0, 0x48, 0xc1, 0xff,
    0xff, 0xff, 0xff, 0xff, 0xff, 0xb3, 0xb, 0x0,
    0x0, 0x0, 0x0, 0x0, 0x0, 0x0, 0x0, 0xc6,
    0xff, 0xff, 0xff, 0xff, 0xff, 0xff, 0xab, 0x0,
    0x0, 0x0, 0x0, 0x0, 0x0, 0x0, 0x0, 0xc4,
    0xff, 0xed, 0x8e, 0xff, 0xff, 0xff, 0xff, 0x34,
    0x0, 0x0, 0xe, 0x6a, 0x33, 0x0, 0x0, 0xc4,
    0xff, 0xe8, 0x0, 0x8b, 0xff, 0xff, 0xff, 0x78,
    0x15, 0x9c, 0xf4, 0xff, 0xac, 0x0, 0x0, 0xc4,
    0xff, 0xe8, 0x0, 0x4e, 0xff, 0xff, 0xff, 0x89,
    0xb, 0xf4, 0xff, 0xff, 0xff, 0x68, 0x0, 0xc4,
    0xff, 0xe8, 0x0, 0x92, 0xff, 0xff, 0xff, 0x73,
    0x0, 0x8d, 0xff, 0xff, 0xff, 0xff, 0xa2, 0xd8,
    0xff, 0xef, 0x96, 0xff, 0xff, 0xff, 0xff, 0x2f,
    0x0, 0xe, 0xdc, 0xff, 0xff, 0xff, 0xff, 0xff,
    0xff, 0xff, 0xff, 0xff, 0xff, 0xff, 0xb3, 0x0,
    0x0, 0x0, 0x21, 0xd9, 0xff, 0xff, 0xff, 0xff,
    0xff, 0xff, 0xff, 0xff, 0xff, 0xd0, 0x13, 0x0,
    0x0, 0x0, 0x0, 0xb, 0x85, 0xf0, 0xff, 0xff,
    0xff, 0xff, 0xff, 0xea, 0x85, 0xa, 0x0, 0x0,
    0x0, 0x0, 0x0, 0x0, 0x0, 0x7, 0x44, 0xdb,
    0xff, 0xf1, 0x38, 0x2, 0x0, 0x0, 0x0, 0x0,
    0x0, 0x0, 0x0, 0x0, 0x0, 0x0, 0x0, 0xc4,
    0xff, 0xe8, 0x0, 0x0, 0x0, 0x0, 0x0, 0x0,
    0x0, 0x0, 0x0, 0x0, 0x0, 0x0, 0x0, 0xc4,
    0xff, 0xe8, 0x0, 0x0, 0x0, 0x0, 0x0, 0x0,

    /* U+0025 "%" */
    0x0, 0x0, 0x0, 0x44, 0xb6, 0xee, 0xf8, 0xd7,
    0x84, 0x11, 0x0, 0x0, 0x0, 0x0, 0x0, 0x0,
    0x0, 0x41, 0xb8, 0x1e, 0x0, 0x0, 0x0, 0x0,
    0x0, 0x0, 0x0, 0x84, 0xff, 0xff, 0xff, 0xff,
    0xff, 0xff, 0xdf, 0x23, 0x0, 0x0, 0x0, 0x0,
    0x0, 0xe, 0xe0, 0xff, 0xf2, 0x33, 0x0, 0x0,
    0x0, 0x0, 0x0, 0x54, 0xff, 0xff, 0xff, 0xfc,
    0xf1, 0xff, 0xff, 0xff, 0xd0, 0x3, 0x0, 0x0,
    0x0, 0x0, 0x9f, 0xff, 0xff, 0xcb, 0x4, 0x0,
    0x0, 0x0, 0x0, 0x0, 0xcb, 0xff, 0xff, 0xc0,
    0x13, 0x0, 0x5c, 0xfe, 0xff, 0xff, 0x4b, 0x0,
    0x0, 0x0, 0x4e, 0xff, 0xff, 0xf7, 0x28, 0x0,
    0x0, 0x0, 0x0, 0x0, 0x3, 0xfd, 0xff, 0xff,
    0x41, 0x0, 0x0, 0x0, 0xc5, 0xff, 0xff, 0x80,
    0x0, 0x0, 0x14, 0xe8, 0xff, 0xff, 0x70, 0x0,
    0x0, 0x0, 0x0, 0x0, 0x0, 0x2, 0xfb, 0xff,
    0xff, 0x47, 0x0, 0x0, 0x0, 0xcd, 0xff, 0xff,
    0x7d, 0x0, 0x0, 0xac, 0xff, 0xff, 0xbf, 0x1,
    0x0, 0x0, 0x0, 0x0, 0x0, 0x0, 0x0, 0xc4,
    0xff, 0xff, 0xd0, 0x2c, 0xe, 0x77, 0xff, 0xff,
    0xff, 0x43, 0x0, 0x5c, 0xff, 0xff, 0xf2, 0x1f,
    0x0, 0x0, 0x0, 0x0, 0x0, 0x0, 0x0, 0x0,
    0x49, 0xff, 0xff, 0xff, 0xff, 0xff, 0xff, 0xff,
    0xff, 0xc7, 0x1, 0x1c, 0xef, 0xff, 0xff, 0x62,
    0x0, 0x0, 0x0, 0x0, 0x0, 0x0, 0x0, 0x0,
    0x0, 0x0, 0x73, 0xfd, 0xff, 0xff, 0xff, 0xff,
    0xff, 0xd4, 0x1c, 0x1, 0xba, 0xff, 0xff, 0xb2,
    0x0, 0x0, 0x0, 0x0, 0x0, 0x0, 0x0, 0x0,
    0x0, 0x0, 0x0, 0x0, 0x31, 0x9e, 0xd6, 0xe0,
    0xbf, 0x6d, 0x8, 0x0, 0x6a, 0xff, 0xff, 0xec,
    0x17, 0x0, 0x0, 0x0, 0x0, 0x0, 0x0, 0x0,
    0x0, 0x0, 0x0, 0x0, 0x0, 0x0, 0x0, 0x0,
    0x0, 0x0, 0x0, 0x0, 0x24, 0xf4, 0xff, 0xff,
    0x54, 0x0, 0x0, 0x0, 0x0, 0x0, 0x0, 0x0,
    0x0, 0x0, 0x0, 0x0, 0x0, 0x0, 0x0, 0x0,
    0x0, 0x0, 0x0, 0x0, 0x3, 0xc6, 0xff, 0xff,
    0xa5, 0x0, 0x4, 0x6b, 0xcb, 0xf5, 0xf3, 0xc5,
    0x62, 0x2, 0x0, 0x0, 0x0, 0x0, 0x0, 0x0,
    0x0, 0x0, 0x0, 0x0, 0x0, 0x79, 0xff, 0xff,
    0xe4, 0x11, 0xa, 0xc0, 0xff, 0xff, 0xff, 0xff,
    0xff, 0xff, 0xb4, 0x5, 0x0, 0x0, 0x0, 0x0,
    0x0, 0x0, 0x0, 0x0, 0x0, 0x2e, 0xf9, 0xff,
    0xff, 0x47, 0x0, 0x98, 0xff, 0xff, 0xff, 0xf8,
    0xfb, 0xff, 0xff, 0xff, 0x87, 0x0, 0x0, 0x0,
    0x0, 0x0, 0x0, 0x0, 0x0, 0x6, 0xd1, 0xff,
    0xff, 0x97, 0x0, 0x12, 0xfb, 0xff, 0xff, 0x8e,
    0x5, 0x9, 0xa2, 0xff, 0xff, 0xf4, 0xa, 0x0,
    0x0, 0x0, 0x0, 0x0, 0x0, 0x0, 0x87, 0xff,
    0xff, 0xdc, 0xb, 0x0, 0x43, 0xff, 0xff, 0xf7,
    0x4, 0x0, 0x0, 0x10, 0xff, 0xff, 0xff, 0x36,
    0x0, 0x0, 0x0, 0x0, 0x0, 0x0, 0x39, 0xfc,
    0xff, 0xfd, 0x3b, 0x0, 0x0, 0x43, 0xff, 0xff,
    0xf6, 0x4, 0x0, 0x0, 0x10, 0xff, 0xff, 0xff,
    0x36, 0x0, 0x0, 0x0, 0x0, 0x0, 0xa, 0xda,
    0xff, 0xff, 0x89, 0x0, 0x0, 0x0, 0x13, 0xfc,
    0xff, 0xff, 0x8b, 0x4, 0x7, 0x9f, 0xff, 0xff,
    0xf6, 0xa, 0x0, 0x0, 0x0, 0x0, 0x0, 0x95,
    0xff, 0xff, 0xd2, 0x6, 0x0, 0x0, 0x0, 0x0,
    0x9c, 0xff, 0xff, 0xff, 0xf6, 0xf8, 0xff, 0xff,
    0xff, 0x8c, 0x0, 0x0, 0x0, 0x0, 0x0, 0xe,
    0xe0, 0xff, 0xfa, 0x30, 0x0, 0x0, 0x0, 0x0,
    0x0, 0xb, 0xc3, 0xff, 0xff, 0xff, 0xff, 0xff,
    0xff, 0xb7, 0x7, 0x0, 0x0, 0x0, 0x0, 0x0,
    0x0, 0xd, 0x95, 0x79, 0x0, 0x0, 0x0, 0x0,
    0x0, 0x0, 0x0, 0x5, 0x6c, 0xcb, 0xf5, 0xf4,
    0xc5, 0x63, 0x2, 0x0, 0x0,

    /* U+0026 "&" */
    0x0, 0x0, 0x0, 0x0, 0x21, 0x94, 0xdd, 0xf8,
    0xe6, 0xc1, 0x59, 0x2, 0x0, 0x0, 0x0, 0x0,
    0x0, 0x0, 0x0, 0x0, 0x0, 0x51, 0xf5, 0xff,
    0xff, 0xff, 0xff, 0xff, 0xff, 0xaf, 0x5, 0x0,
    0x0, 0x0, 0x0, 0x0, 0x0, 0x0, 0x26, 0xf8,
    0xff, 0xff, 0xff, 0xff, 0xff, 0xff, 0xff, 0xff,
    0x86, 0x0, 0x0, 0x0, 0x0, 0x0, 0x0, 0x0,
    0x96, 0xff, 0xff, 0xff, 0xd1, 0x75, 0x91, 0xf9,
    0xff, 0xff, 0xb8, 0x1, 0x0, 0x0, 0x0, 0x0,
    0x0, 0x0, 0xcb, 0xff, 0xff, 0xfb, 0x12, 0x0,
    0x0, 0x65, 0xb9, 0x3d, 0x0, 0x0, 0x0, 0x0,
    0x0, 0x0, 0x0, 0x0, 0xcb, 0xff, 0xff, 0xfa,
    0xb, 0x0, 0x0, 0x0, 0x0, 0x0, 0x0, 0x0,
    0x0, 0x0, 0x0, 0x0, 0x0, 0x0, 0x8a, 0xff,
    0xff, 0xff, 0x97, 0x0, 0x0, 0x0, 0x0, 0x0,
    0x0, 0x0, 0x0, 0x0, 0x0, 0x0, 0x0, 0x0,
    0x14, 0xed, 0xff, 0xff, 0xff, 0x75, 0x0, 0x0,
    0x0, 0x0, 0x0, 0x0, 0x0, 0x0, 0x0, 0x0,
    0x0, 0x0, 0x19, 0xd5, 0xff, 0xff, 0xff, 0xfe,
    0x5c, 0x0, 0x0, 0x0, 0x0, 0x0, 0x0, 0x0,
    0x0, 0x0, 0x0, 0x1e, 0xe4, 0xff, 0xff, 0xff,
    0xff, 0xff, 0xfa, 0x45, 0x0, 0x0, 0x0, 0x0,
    0x0, 0x0, 0x0, 0x0, 0x4, 0xc8, 0xff, 0xff,
    0xff, 0xd7, 0xff, 0xff, 0xff, 0xf3, 0x33, 0x0,
    0x0, 0x0, 0x0, 0x0, 0x0, 0x0, 0x57, 0xff,
    0xff, 0xff, 0xa7, 0x2, 0xa0, 0xff, 0xff, 0xff,
    0xe9, 0x23, 0x0, 0x0, 0x4c, 0x78, 0x7, 0x0,
    0xb4, 0xff, 0xff, 0xfc, 0x1a, 0x0, 0x4, 0xb5,
    0xff, 0xff, 0xff, 0xdb, 0x16, 0x13, 0xe8, 0xff,
    0xdc, 0x47, 0xdb, 0xff, 0xff, 0xdd, 0x0, 0x0,
    0x0, 0xa, 0xc7, 0xff, 0xff, 0xff, 0xcb, 0xae,
    0xff, 0xff, 0xff, 0x4a, 0xdf, 0xff, 0xff, 0xed,
    0x1, 0x0, 0x0, 0x0, 0x13, 0xd7, 0xff, 0xff,
    0xff, 0xff, 0xff, 0xff, 0x99, 0x0, 0xbb, 0xff,
    0xff, 0xff, 0x5c, 0x0, 0x0, 0x0, 0x0, 0x1d,
    0xe3, 0xff, 0xff, 0xff, 0xff, 0xdd, 0xc, 0x0,
    0x6a, 0xff, 0xff, 0xff, 0xf5, 0x52, 0x0, 0x0,
    0x0, 0x0, 0x4e, 0xff, 0xff, 0xff, 0xff, 0x94,
    0x0, 0x0, 0x8, 0xdb, 0xff, 0xff, 0xff, 0xff,
    0xce, 0x98, 0x87, 0xae, 0xf9, 0xff, 0xff, 0xff,
    0xff, 0xff, 0x64, 0x0, 0x0, 0x2d, 0xee, 0xff,
    0xff, 0xff, 0xff, 0xff, 0xff, 0xff, 0xff, 0xff,
    0xff, 0xff, 0xff, 0xff, 0xfc, 0x45, 0x0, 0x0,
    0x26, 0xca, 0xff, 0xff, 0xff, 0xff, 0xff, 0xff,
    0xff, 0xff, 0xa4, 0x8b, 0xff, 0xff, 0xab, 0xe,
    0x0, 0x0, 0x0, 0x1, 0x4a, 0xa2, 0xdc, 0xf5,
    0xf7, 0xdd, 0x9f, 0x3a, 0x0, 0x1, 0xa4, 0x6f,
    0x0, 0x0,

    /* U+0027 "'" */
    0xb0, 0xff, 0xff, 0xe4, 0xb0, 0xff, 0xff, 0xe4,
    0xb0, 0xff, 0xff, 0xe4, 0xb0, 0xff, 0xff, 0xe4,
    0xb0, 0xff, 0xff, 0xe4, 0xb0, 0xff, 0xff, 0xe4,
    0x7b, 0xb4, 0xb4, 0xa0,

    /* U+0028 "(" */
    0x0, 0x0, 0x0, 0x0, 0x0, 0x0, 0x3, 0x0,
    0x0, 0x0, 0x0, 0x0, 0x0, 0x0, 0x0, 0x51,
    0xda, 0x3c, 0x0, 0x0, 0x0, 0x0, 0x0, 0x0,
    0x23, 0xf3, 0xff, 0xfd, 0x8c, 0x5, 0x0, 0x0,
    0x0, 0x1, 0xc4, 0xff, 0xff, 0xff, 0xbf, 0x2,
    0x0, 0x0, 0x0, 0x5f, 0xff, 0xff, 0xff, 0xef,
    0x1d, 0x0, 0x0, 0x0, 0x4, 0xdf, 0xff, 0xff,
    0xff, 0x62, 0x0, 0x0, 0x0, 0x0, 0x5c, 0xff,
    0xff, 0xff, 0xda, 0x3, 0x0, 0x0, 0x0, 0x0,
    0xc2, 0xff, 0xff, 0xff, 0x5e, 0x0, 0x0, 0x0,
    0x0, 0x1e, 0xff, 0xff, 0xff, 0xe7, 0x3, 0x0,
    0x0, 0x0, 0x0, 0x67, 0xff, 0xff, 0xff, 0x91,
    0x0, 0x0, 0x0, 0x0, 0x0, 0xa7, 0xff, 0xff,
    0xff, 0x4e, 0x0, 0x0, 0x0, 0x0, 0x0, 0xd3,
    0xff, 0xff, 0xff, 0x18, 0x0, 0x0, 0x0, 0x0,
    0x0, 0xf7, 0xff, 0xff, 0xf4, 0x0, 0x0, 0x0,
    0x0, 0x0, 0x6, 0xff, 0xff, 0xff, 0xe2, 0x0,
    0x0, 0x0, 0x0, 0x0, 0x10, 0xff, 0xff, 0xff,
    0xda, 0x0, 0x0, 0x0, 0x0, 0x0, 0x5, 0xff,
    0xff, 0xff, 0xe3, 0x0, 0x0, 0x0, 0x0, 0x0,
    0x0, 0xf5, 0xff, 0xff, 0xf7, 0x1, 0x0, 0x0,
    0x0, 0x0, 0x0, 0xd0, 0xff, 0xff, 0xff, 0x1c,
    0x0, 0x0, 0x0, 0x0, 0x0, 0xa2, 0xff, 0xff,
    0xff, 0x53, 0x0, 0x0, 0x0, 0x0, 0x0, 0x61,
    0xff, 0xff, 0xff, 0x98, 0x0, 0x0, 0x0, 0x0,
    0x0, 0x19, 0xfd, 0xff, 0xff, 0xec, 0x6, 0x0,
    0x0, 0x0, 0x0, 0x0, 0xbb, 0xff, 0xff, 0xff,
    0x69, 0x0, 0x0, 0x0, 0x0, 0x0, 0x55, 0xff,
    0xff, 0xff, 0xe2, 0x6, 0x0, 0x0, 0x0, 0x0,
    0x2, 0xd8, 0xff, 0xff, 0xff, 0x70, 0x0, 0x0,
    0x0, 0x0, 0x0, 0x53, 0xff, 0xff, 0xff, 0xf5,
    0x26, 0x0, 0x0, 0x0, 0x0, 0x0, 0xb8, 0xff,
    0xff, 0xff, 0xca, 0x4, 0x0, 0x0, 0x0, 0x0,
    0x1b, 0xec, 0xff, 0xf9, 0x79, 0x3, 0x0, 0x0,
    0x0, 0x0, 0x0, 0x43, 0xca, 0x2d, 0x0, 0x0,
    0x0, 0x0, 0x0, 0x0, 0x0, 0x0, 0x0, 0x0,
    0x0, 0x0,

    /* U+0029 ")" */
    0x0, 0x0, 0x0, 0x3, 0x0, 0x0, 0x0, 0x0,
    0x0, 0x0, 0x0, 0x63, 0xdf, 0x24, 0x0, 0x0,
    0x0, 0x0, 0x17, 0xb5, 0xff, 0xff, 0xcf, 0x6,
    0x0, 0x0, 0x0, 0x15, 0xe8, 0xff, 0xff, 0xff,
    0x81, 0x0, 0x0, 0x0, 0x0, 0x4a, 0xff, 0xff,
    0xff, 0xf8, 0x22, 0x0, 0x0, 0x0, 0x0, 0x9f,
    0xff, 0xff, 0xff, 0x9f, 0x0, 0x0, 0x0, 0x0,
    0x20, 0xfa, 0xff, 0xff, 0xfb, 0x1c, 0x0, 0x0,
    0x0, 0x0, 0x9b, 0xff, 0xff, 0xff, 0x7d, 0x0,
    0x0, 0x0, 0x0, 0x27, 0xff, 0xff, 0xff, 0xd8,
    0x0, 0x0, 0x0, 0x0, 0x0, 0xce, 0xff, 0xff,
    0xff, 0x22, 0x0, 0x0, 0x0, 0x0, 0x8b, 0xff,
    0xff, 0xff, 0x63, 0x0, 0x0, 0x0, 0x0, 0x55,
    0xff, 0xff, 0xff, 0x92, 0x0, 0x0, 0x0, 0x0,
    0x31, 0xff, 0xff, 0xff, 0xb9, 0x0, 0x0, 0x0,
    0x0, 0x1f, 0xff, 0xff, 0xff, 0xc9, 0x0, 0x0,
    0x0, 0x0, 0x17, 0xff, 0xff, 0xff, 0xd3, 0x0,
    0x0, 0x0, 0x0, 0x20, 0xff, 0xff, 0xff, 0xc8,
    0x0, 0x0, 0x0, 0x0, 0x34, 0xff, 0xff, 0xff,
    0xb7, 0x0, 0x0, 0x0, 0x0, 0x59, 0xff, 0xff,
    0xff, 0x8e, 0x0, 0x0, 0x0, 0x0, 0x90, 0xff,
    0xff, 0xff, 0x5f, 0x0, 0x0, 0x0, 0x0, 0xd5,
    0xff, 0xff, 0xff, 0x1d, 0x0, 0x0, 0x0, 0x30,
    0xff, 0xff, 0xff, 0xd2, 0x0, 0x0, 0x0, 0x0,
    0xa7, 0xff, 0xff, 0xff, 0x76, 0x0, 0x0, 0x0,
    0x28, 0xfd, 0xff, 0xff, 0xf8, 0x18, 0x0, 0x0,
    0x0, 0xac, 0xff, 0xff, 0xff, 0x96, 0x0, 0x0,
    0x0, 0x59, 0xff, 0xff, 0xff, 0xf3, 0x1b, 0x0,
    0x0, 0x1c, 0xef, 0xff, 0xff, 0xff, 0x74, 0x0,
    0x0, 0x0, 0x10, 0xa2, 0xff, 0xff, 0xc4, 0x2,
    0x0, 0x0, 0x0, 0x0, 0x0, 0x4f, 0xce, 0x1b,
    0x0, 0x0, 0x0, 0x0, 0x0, 0x0, 0x0, 0x0,
    0x0, 0x0, 0x0, 0x0, 0x0,

    /* U+002A "*" */
    0x0, 0x0, 0x0, 0x0, 0x74, 0xff, 0xff, 0x60,
    0x0, 0x0, 0x0, 0x0, 0x0, 0x0, 0x0, 0x0,
    0x74, 0xff, 0xff, 0x60, 0x0, 0x0, 0x0, 0x0,
    0x3, 0x78, 0x25, 0x0, 0x74, 0xff, 0xff, 0x60,
    0x0, 0x2d, 0x74, 0x0, 0x45, 0xff, 0xff, 0xcc,
    0xc4, 0xff, 0xff, 0xbe, 0xd6, 0xff, 0xff, 0x30,
    0x9e, 0xff, 0xff, 0xff, 0xff, 0xff, 0xff, 0xff,
    0xff, 0xff, 0xff, 0x89, 0x1f, 0x79, 0xd3, 0xff,
    0xff, 0xff, 0xff, 0xff, 0xff, 0xcc, 0x72, 0x1a,
    0x0, 0x0, 0x0, 0xaf, 0xff, 0xff, 0xff, 0xff,
    0x9a, 0x0, 0x0, 0x0, 0x0, 0x0, 0x50, 0xff,
    0xff, 0xfe, 0xff, 0xff, 0xfc, 0x3e, 0x0, 0x0,
    0x0, 0x1f, 0xee, 0xff, 0xff, 0x72, 0x87, 0xff,
    0xff, 0xe4, 0x14, 0x0, 0x0, 0x52, 0xf7, 0xff,
    0xb2, 0x0, 0x3, 0xc3, 0xff, 0xf2, 0x43, 0x0,
    0x0, 0x0, 0x2b, 0xb4, 0x12, 0x0, 0x0, 0x1c,
    0xb4, 0x22, 0x0, 0x0,

    /* U+002B "+" */
    0x0, 0x0, 0x0, 0x0, 0x0, 0x38, 0xff, 0xff,
    0xff, 0x44, 0x0, 0x0, 0x0, 0x0, 0x0, 0x0,
    0x0, 0x0, 0x0, 0x0, 0x38, 0xff, 0xff, 0xff,
    0x44, 0x0, 0x0, 0x0, 0x0, 0x0, 0x0, 0x0,
    0x0, 0x0, 0x0, 0x38, 0xff, 0xff, 0xff, 0x44,
    0x0, 0x0, 0x0, 0x0, 0x0, 0x0, 0x0, 0x0,
    0x0, 0x0, 0x38, 0xff, 0xff, 0xff, 0x44, 0x0,
    0x0, 0x0, 0x0, 0x0, 0x0, 0x0, 0x0, 0x0,
    0x0, 0x38, 0xff, 0xff, 0xff, 0x44, 0x0, 0x0,
    0x0, 0x0, 0x0, 0x50, 0xff, 0xff, 0xff, 0xff,
    0xff, 0xff, 0xff, 0xff, 0xff, 0xff, 0xff, 0xff,
    0xff, 0x64, 0x50, 0xff, 0xff, 0xff, 0xff, 0xff,
    0xff, 0xff, 0xff, 0xff, 0xff, 0xff, 0xff, 0xff,
    0x64, 0x50, 0xff, 0xff, 0xff, 0xff, 0xff, 0xff,
    0xff, 0xff, 0xff, 0xff, 0xff, 0xff, 0xff, 0x64,
    0x23, 0x70, 0x70, 0x70, 0x70, 0x8f, 0xff, 0xff,
    0xff, 0x96, 0x70, 0x70, 0x70, 0x70, 0x2b, 0x0,
    0x0, 0x0, 0x0, 0x0, 0x38, 0xff, 0xff, 0xff,
    0x44, 0x0, 0x0, 0x0, 0x0, 0x0, 0x0, 0x0,
    0x0, 0x0, 0x0, 0x38, 0xff, 0xff, 0xff, 0x44,
    0x0, 0x0, 0x0, 0x0, 0x0, 0x0, 0x0, 0x0,
    0x0, 0x0, 0x38, 0xff, 0xff, 0xff, 0x44, 0x0,
    0x0, 0x0, 0x0, 0x0, 0x0, 0x0, 0x0, 0x0,
    0x0, 0x38, 0xff, 0xff, 0xff, 0x44, 0x0, 0x0,
    0x0, 0x0, 0x0, 0x0, 0x0, 0x0, 0x0, 0x0,
    0x1c, 0x80, 0x80, 0x80, 0x22, 0x0, 0x0, 0x0,
    0x0, 0x0,

    /* U+002C "," */
    0x0, 0x62, 0xe1, 0xec, 0x8a, 0x2, 0x38, 0xfe,
    0xff, 0xff, 0xff, 0x68, 0x74, 0xff, 0xff, 0xff,
    0xff, 0xa3, 0x48, 0xff, 0xff, 0xff, 0xff, 0x77,
    0x0, 0x83, 0xfd, 0xff, 0xe4, 0xc, 0x0, 0x4f,
    0xff, 0xff, 0x49, 0x0, 0x11, 0xe6, 0xff, 0x9b,
    0x0, 0x0, 0x71, 0xff, 0xe1, 0xe, 0x0, 0x0,
    0x0, 0x5e, 0x41, 0x0, 0x0, 0x0,

    /* U+002D "-" */
    0x23, 0x70, 0x70, 0x70, 0x70, 0x70, 0x70, 0x70,
    0x70, 0x70, 0x5e, 0x50, 0xff, 0xff, 0xff, 0xff,
    0xff, 0xff, 0xff, 0xff, 0xff, 0xd8, 0x50, 0xff,
    0xff, 0xff, 0xff, 0xff, 0xff, 0xff, 0xff, 0xff,
    0xd8, 0x50, 0xff, 0xff, 0xff, 0xff, 0xff, 0xff,
    0xff, 0xff, 0xff, 0xd8,

    /* U+002E "." */
    0x0, 0x0, 0x9, 0xb, 0x0, 0x0, 0x0, 0x8e,
    0xfc, 0xfd, 0x9f, 0x3, 0x55, 0xff, 0xff, 0xff,
    0xff, 0x66, 0x83, 0xff, 0xff, 0xff, 0xff, 0x93,
    0x45, 0xff, 0xff, 0xff, 0xff, 0x56, 0x0, 0x6f,
    0xe5, 0xea, 0x7f, 0x0,

    /* U+002F "/" */
    0x0, 0x0, 0x0, 0x0, 0x0, 0x0, 0x0, 0x0,
    0x0, 0x7f, 0xff, 0xff, 0xff, 0x61, 0x0, 0x0,
    0x0, 0x0, 0x0, 0x0, 0x0, 0x0, 0x5, 0xe5,
    0xff, 0xff, 0xec, 0x8, 0x0, 0x0, 0x0, 0x0,
    0x0, 0x0, 0x0, 0x0, 0x58, 0xff, 0xff, 0xff,
    0x88, 0x0, 0x0, 0x0, 0x0, 0x0, 0x0, 0x0,
    0x0, 0x0, 0xc4, 0xff, 0xff, 0xfc, 0x1f, 0x0,
    0x0, 0x0, 0x0, 0x0, 0x0, 0x0, 0x0, 0x30,
    0xff, 0xff, 0xff, 0xaf, 0x0, 0x0, 0x0, 0x0,
    0x0, 0x0, 0x0, 0x0, 0x0, 0x9d, 0xff, 0xff,
    0xff, 0x42, 0x0, 0x0, 0x0, 0x0, 0x0, 0x0,
    0x0, 0x0, 0x13, 0xf6, 0xff, 0xff, 0xd5, 0x0,
    0x0, 0x0, 0x0, 0x0, 0x0, 0x0, 0x0, 0x0,
    0x77, 0xff, 0xff, 0xff, 0x69, 0x0, 0x0, 0x0,
    0x0, 0x0, 0x0, 0x0, 0x0, 0x2, 0xe0, 0xff,
    0xff, 0xf0, 0xc, 0x0, 0x0, 0x0, 0x0, 0x0,
    0x0, 0x0, 0x0, 0x50, 0xff, 0xff, 0xff, 0x90,
    0x0, 0x0, 0x0, 0x0, 0x0, 0x0, 0x0, 0x0,
    0x0, 0xbc, 0xff, 0xff, 0xfe, 0x25, 0x0, 0x0,
    0x0, 0x0, 0x0, 0x0, 0x0, 0x0, 0x29, 0xff,
    0xff, 0xff, 0xb7, 0x0, 0x0, 0x0, 0x0, 0x0,
    0x0, 0x0, 0x0, 0x0, 0x95, 0xff, 0xff, 0xff,
    0x4a, 0x0, 0x0, 0x0, 0x0, 0x0, 0x0, 0x0,
    0x0, 0xe, 0xf3, 0xff, 0xff, 0xdc, 0x1, 0x0,
    0x0, 0x0, 0x0, 0x0, 0x0, 0x0, 0x0, 0x6f,
    0xff, 0xff, 0xff, 0x71, 0x0, 0x0, 0x0, 0x0,
    0x0, 0x0, 0x0, 0x0, 0x1, 0xd9, 0xff, 0xff,
    0xf4, 0x10, 0x0, 0x0, 0x0, 0x0, 0x0, 0x0,
    0x0, 0x0, 0x48, 0xff, 0xff, 0xff, 0x98, 0x0,
    0x0, 0x0, 0x0, 0x0, 0x0, 0x0, 0x0, 0x0,
    0xb4, 0xff, 0xff, 0xff, 0x2c, 0x0, 0x0, 0x0,
    0x0, 0x0, 0x0, 0x0, 0x0, 0x22, 0xfd, 0xff,
    0xff, 0xbf, 0x0, 0x0, 0x0, 0x0, 0x0, 0x0,
    0x0, 0x0, 0x0, 0x8d, 0xff, 0xff, 0xff, 0x52,
    0x0, 0x0, 0x0, 0x0, 0x0, 0x0, 0x0, 0x0,
    0xa, 0xef, 0xff, 0xff, 0xe2, 0x3, 0x0, 0x0,
    0x0, 0x0, 0x0, 0x0, 0x0, 0x0,

    /* U+0030 "0" */
    0x0, 0x0, 0x0, 0x0, 0x0, 0x38, 0x99, 0xd8,
    0xf3, 0xf0, 0xd3, 0x8c, 0x2a, 0x0, 0x0, 0x0,
    0x0, 0x0, 0x0, 0x0, 0x0, 0xf, 0xa2, 0xff,
    0xff, 0xff, 0xff, 0xff, 0xff, 0xff, 0xfc, 0x8b,
    0x5, 0x0, 0x0, 0x0, 0x0, 0x0, 0xf, 0xc9,
    0xff, 0xff, 0xff, 0xff, 0xff, 0xff, 0xff, 0xff,
    0xff, 0xff, 0xaf, 0x5, 0x0, 0x0, 0x0, 0x0,
    0xac, 0xff, 0xff, 0xff, 0xff, 0xed, 0xba, 0xbe,
    0xf6, 0xff, 0xff, 0xff, 0xff, 0x87, 0x0, 0x0,
    0x0, 0x4c, 0xff, 0xff, 0xff, 0xff, 0x86, 0x8,
    0x0, 0x0, 0x12, 0xaa, 0xff, 0xff, 0xff, 0xfb,
    0x2b, 0x0, 0x0, 0xbf, 0xff, 0xff, 0xff, 0x94,
    0x0, 0x0, 0x0, 0x0, 0x0, 0x3, 0xbd, 0xff,
    0xff, 0xff, 0x98, 0x0, 0x1e, 0xff, 0xff, 0xff,
    0xf3, 0x11, 0x0, 0x0, 0x0, 0x0, 0x0, 0x0,
    0x2c, 0xff, 0xff, 0xff, 0xf2, 0x4, 0x5a, 0xff,
    0xff, 0xff, 0xa8, 0x0, 0x0, 0x0, 0x0, 0x0,
    0x0, 0x0, 0x0, 0xcd, 0xff, 0xff, 0xff, 0x33,
    0x8a, 0xff, 0xff, 0xff, 0x6e, 0x0, 0x0, 0x0,
    0x0, 0x0, 0x0, 0x0, 0x0, 0x93, 0xff, 0xff,
    0xff, 0x65, 0x9f, 0xff, 0xff, 0xff, 0x4e, 0x0,
    0x0, 0x0, 0x0, 0x0, 0x0, 0x0, 0x0, 0x72,
    0xff, 0xff, 0xff, 0x79, 0xac, 0xff, 0xff, 0xff,
    0x43, 0x0, 0x0, 0x0, 0x0, 0x0, 0x0, 0x0,
    0x0, 0x68, 0xff, 0xff, 0xff, 0x87, 0x9f, 0xff,
    0xff, 0xff, 0x4e, 0x0, 0x0, 0x0, 0x0, 0x0,
    0x0, 0x0, 0x0, 0x72, 0xff, 0xff, 0xff, 0x79,
    0x8a, 0xff, 0xff, 0xff, 0x6e, 0x0, 0x0, 0x0,
    0x0, 0x0, 0x0, 0x0, 0x0, 0x94, 0xff, 0xff,
    0xff, 0x65, 0x5a, 0xff, 0xff, 0xff, 0xa8, 0x0,
    0x0, 0x0, 0x0, 0x0, 0x0, 0x0, 0x0, 0xcd,
    0xff, 0xff, 0xff, 0x33, 0x1e, 0xff, 0xff, 0xff,
    0xf3, 0x11, 0x0, 0x0, 0x0, 0x0, 0x0, 0x0,
    0x2c, 0xff, 0xff, 0xff, 0xf2, 0x4, 0x0, 0xbf,
    0xff, 0xff, 0xff, 0x94, 0x0, 0x0, 0x0, 0x0,
    0x0, 0x3, 0xbd, 0xff, 0xff, 0xff, 0x98, 0x0,
    0x0, 0x4c, 0xff, 0xff, 0xff, 0xff, 0x83, 0x6,
    0x0, 0x0, 0x10, 0xa8, 0xff, 0xff, 0xff, 0xfb,
    0x2b, 0x0, 0x0, 0x0, 0xac, 0xff, 0xff, 0xff,
    0xff, 0xeb, 0xb9, 0xbd, 0xf5, 0xff, 0xff, 0xff,
    0xff, 0x87, 0x0, 0x0, 0x0, 0x0, 0xf, 0xca,
    0xff, 0xff, 0xff, 0xff, 0xff, 0xff, 0xff, 0xff,
    0xff, 0xff, 0xb0, 0x5, 0x0, 0x0, 0x0, 0x0,
    0x0, 0xf, 0xa5, 0xff, 0xff, 0xff, 0xff, 0xff,
    0xff, 0xff, 0xfd, 0x8d, 0x6, 0x0, 0x0, 0x0,
    0x0, 0x0, 0x0, 0x0, 0x0, 0x3c, 0x9b, 0xd9,
    0xf4, 0xf1, 0xd4, 0x8f, 0x2d, 0x0, 0x0, 0x0,
    0x0, 0x0,

    /* U+0031 "1" */
    0x0, 0x0, 0x0, 0x0, 0x0, 0x6, 0x40, 0x44,
    0x44, 0xd, 0x0, 0x0, 0x0, 0xf, 0x77, 0xe6,
    0xff, 0xff, 0xff, 0x34, 0x0, 0x1b, 0x8b, 0xf1,
    0xff, 0xff, 0xff, 0xff, 0xff, 0x34, 0x7b, 0xf9,
    0xff, 0xff, 0xff, 0xff, 0xff, 0xff, 0xff, 0x34,
    0x5e, 0xff, 0xff, 0xff, 0xff, 0xff, 0xff, 0xff,
    0xff, 0x34, 0x6, 0xe8, 0xff, 0xf6, 0x9e, 0xd4,
    0xff, 0xff, 0xff, 0x34, 0x0, 0x68, 0x74, 0x12,
    0x0, 0xbc, 0xff, 0xff, 0xff, 0x34, 0x0, 0x0,
    0x0, 0x0, 0x0, 0xbc, 0xff, 0xff, 0xff, 0x34,
    0x0, 0x0, 0x0, 0x0, 0x0, 0xbc, 0xff, 0xff,
    0xff, 0x34, 0x0, 0x0, 0x0, 0x0, 0x0, 0xbc,
    0xff, 0xff, 0xff, 0x34, 0x0, 0x0, 0x0, 0x0,
    0x0, 0xbc, 0xff, 0xff, 0xff, 0x34, 0x0, 0x0,
    0x0, 0x0, 0x0, 0xbc, 0xff, 0xff, 0xff, 0x34,
    0x0, 0x0, 0x0, 0x0, 0x0, 0xbc, 0xff, 0xff,
    0xff, 0x34, 0x0, 0x0, 0x0, 0x0, 0x0, 0xbc,
    0xff, 0xff, 0xff, 0x34, 0x0, 0x0, 0x0, 0x0,
    0x0, 0xbc, 0xff, 0xff, 0xff, 0x34, 0x0, 0x0,
    0x0, 0x0, 0x0, 0xbc, 0xff, 0xff, 0xff, 0x34,
    0x0, 0x0, 0x0, 0x0, 0x0, 0xbc, 0xff, 0xff,
    0xff, 0x34, 0x0, 0x0, 0x0, 0x0, 0x0, 0xbc,
    0xff, 0xff, 0xff, 0x34, 0x0, 0x0, 0x0, 0x0,
    0x0, 0xbc, 0xff, 0xff, 0xff, 0x34, 0x0, 0x0,
    0x0, 0x0, 0x0, 0xbc, 0xff, 0xff, 0xff, 0x34,
    0x0, 0x0, 0x0, 0x0, 0x0, 0xbc, 0xff, 0xff,
    0xff, 0x34,

    /* U+0032 "2" */
    0x0, 0x0, 0x0, 0x2d, 0x96, 0xd9, 0xf6, 0xf4,
    0xd8, 0x98, 0x30, 0x0, 0x0, 0x0, 0x0, 0x0,
    0x2, 0x8b, 0xfd, 0xff, 0xff, 0xff, 0xff, 0xff,
    0xff, 0xff, 0x8e, 0x2, 0x0, 0x0, 0x0, 0x97,
    0xff, 0xff, 0xff, 0xff, 0xff, 0xff, 0xff, 0xff,
    0xff, 0xff, 0x89, 0x0, 0x0, 0x45, 0xff, 0xff,
    0xff, 0xff, 0xef, 0xbc, 0xc5, 0xf8, 0xff, 0xff,
    0xff, 0xfc, 0x28, 0x0, 0x98, 0xff, 0xff, 0xff,
    0xbf, 0x12, 0x0, 0x0, 0x24, 0xde, 0xff, 0xff,
    0xff, 0x83, 0x0, 0x0, 0x3d, 0xa7, 0xf2, 0x18,
    0x0, 0x0, 0x0, 0x0, 0x5a, 0xff, 0xff, 0xff,
    0xae, 0x0, 0x0, 0x0, 0x0, 0xa, 0x0, 0x0,
    0x0, 0x0, 0x0, 0x41, 0xff, 0xff, 0xff, 0xab,
    0x0, 0x0, 0x0, 0x0, 0x0, 0x0, 0x0, 0x0,
    0x0, 0x0, 0x7d, 0xff, 0xff, 0xff, 0x89, 0x0,
    0x0, 0x0, 0x0, 0x0, 0x0, 0x0, 0x0, 0x0,
    0x19, 0xed, 0xff, 0xff, 0xff, 0x39, 0x0, 0x0,
    0x0, 0x0, 0x0, 0x0, 0x0, 0x0, 0x7, 0xc5,
    0xff, 0xff, 0xff, 0xc6, 0x0, 0x0, 0x0, 0x0,
    0x0, 0x0, 0x0, 0x0, 0x4, 0xae, 0xff, 0xff,
    0xff, 0xf8, 0x2b, 0x0, 0x0, 0x0, 0x0, 0x0,
    0x0, 0x0, 0x3, 0xa9, 0xff, 0xff, 0xff, 0xff,
    0x63, 0x0, 0x0, 0x0, 0x0, 0x0, 0x0, 0x0,
    0x2, 0xa4, 0xff, 0xff, 0xff, 0xff, 0x7f, 0x0,
    0x0, 0x0, 0x0, 0x0, 0x0, 0x0, 0x2, 0xa0,
    0xff, 0xff, 0xff, 0xff, 0x85, 0x0, 0x0, 0x0,
    0x0, 0x0, 0x0, 0x0, 0x2, 0x9e, 0xff, 0xff,
    0xff, 0xff, 0x86, 0x0, 0x0, 0x0, 0x0, 0x0,
    0x0, 0x0, 0x2, 0x9f, 0xff, 0xff, 0xff, 0xff,
    0x87, 0x0, 0x0, 0x0, 0x0, 0x0, 0x0, 0x0,
    0x2, 0xa1, 0xff, 0xff, 0xff, 0xff, 0x87, 0x0,
    0x0, 0x0, 0x0, 0x0, 0x0, 0x0, 0x0, 0x83,
    0xff, 0xff, 0xff, 0xff, 0xdc, 0x68, 0x68, 0x68,
    0x68, 0x68, 0x68, 0x68, 0x68, 0x3, 0xa0, 0xff,
    0xff, 0xff, 0xff, 0xff, 0xff, 0xff, 0xff, 0xff,
    0xff, 0xff, 0xff, 0xff, 0x8, 0xa0, 0xff, 0xff,
    0xff, 0xff, 0xff, 0xff, 0xff, 0xff, 0xff, 0xff,
    0xff, 0xff, 0xff, 0x8, 0xa0, 0xff, 0xff, 0xff,
    0xff, 0xff, 0xff, 0xff, 0xff, 0xff, 0xff, 0xff,
    0xff, 0xff, 0x8,

    /* U+0033 "3" */
    0x0, 0x0, 0x0, 0x19, 0x83, 0xcd, 0xf1, 0xfa,
    0xe6, 0xb2, 0x5c, 0x5, 0x0, 0x0, 0x0, 0x0,
    0x0, 0x5b, 0xf2, 0xff, 0xff, 0xff, 0xff, 0xff,
    0xff, 0xff, 0xd0, 0x22, 0x0, 0x0, 0x0, 0x59,
    0xff, 0xff, 0xff, 0xff, 0xff, 0xff, 0xff, 0xff,
    0xff, 0xff, 0xe0, 0xe, 0x0, 0x13, 0xf0, 0xff,
    0xff, 0xff, 0xf1, 0xac, 0xa0, 0xd7, 0xff, 0xff,
    0xff, 0xff, 0x7c, 0x0, 0x22, 0xa6, 0xf6, 0xff,
    0xd7, 0x17, 0x0, 0x0, 0x2, 0x9b, 0xff, 0xff,
    0xff, 0xc2, 0x0, 0x0, 0x0, 0xe, 0x63, 0x37,
    0x0, 0x0, 0x0, 0x0, 0x32, 0xff, 0xff, 0xff,
    0xcb, 0x0, 0x0, 0x0, 0x0, 0x0, 0x0, 0x0,
    0x0, 0x0, 0x0, 0x58, 0xff, 0xff, 0xff, 0xa5,
    0x0, 0x0, 0x0, 0x0, 0x0, 0x0, 0x0, 0x0,
    0x15, 0x60, 0xf1, 0xff, 0xff, 0xff, 0x44, 0x0,
    0x0, 0x0, 0x0, 0x0, 0x0, 0xe0, 0xff, 0xff,
    0xff, 0xff, 0xff, 0xff, 0x90, 0x0, 0x0, 0x0,
    0x0, 0x0, 0x0, 0x0, 0xe0, 0xff, 0xff, 0xff,
    0xff, 0xff, 0x85, 0x0, 0x0, 0x0, 0x0, 0x0,
    0x0, 0x0, 0x0, 0xe0, 0xff, 0xff, 0xff, 0xff,
    0xff, 0xfb, 0x88, 0x1, 0x0, 0x0, 0x0, 0x0,
    0x0, 0x0, 0x77, 0x88, 0x9c, 0xcd, 0xff, 0xff,
    0xff, 0xff, 0x88, 0x0, 0x0, 0x0, 0x0, 0x0,
    0x0, 0x0, 0x0, 0x0, 0x0, 0x59, 0xfd, 0xff,
    0xff, 0xfa, 0x20, 0x0, 0x0, 0x0, 0x0, 0x0,
    0x0, 0x0, 0x0, 0x0, 0x0, 0xa8, 0xff, 0xff,
    0xff, 0x6c, 0x0, 0x8, 0x5e, 0xb2, 0x3, 0x0,
    0x0, 0x0, 0x0, 0x0, 0x82, 0xff, 0xff, 0xff,
    0x8c, 0x7e, 0xec, 0xff, 0xff, 0x5d, 0x0, 0x0,
    0x0, 0x0, 0x0, 0xbd, 0xff, 0xff, 0xff, 0x85,
    0x97, 0xff, 0xff, 0xff, 0xf3, 0x54, 0x0, 0x0,
    0x8, 0x8a, 0xff, 0xff, 0xff, 0xff, 0x51, 0x1f,
    0xf6, 0xff, 0xff, 0xff, 0xff, 0xec, 0xd2, 0xf4,
    0xff, 0xff, 0xff, 0xff, 0xe3, 0x8, 0x0, 0x5d,
    0xff, 0xff, 0xff, 0xff, 0xff, 0xff, 0xff, 0xff,
    0xff, 0xff, 0xfc, 0x4a, 0x0, 0x0, 0x0, 0x5a,
    0xf2, 0xff, 0xff, 0xff, 0xff, 0xff, 0xff, 0xff,
    0xee, 0x50, 0x0, 0x0, 0x0, 0x0, 0x0, 0x17,
    0x7f, 0xc8, 0xf0, 0xfb, 0xec, 0xc2, 0x78, 0x12,
    0x0, 0x0, 0x0,

    /* U+0034 "4" */
    0x0, 0x0, 0x0, 0x0, 0x0, 0x0, 0x0, 0x0,
    0x0, 0x6d, 0x80, 0x80, 0x80, 0x4a, 0x0, 0x0,
    0x0, 0x0, 0x0, 0x0, 0x0, 0x0, 0x0, 0x0,
    0x0, 0x5f, 0xff, 0xff, 0xff, 0xff, 0x94, 0x0,
    0x0, 0x0, 0x0, 0x0, 0x0, 0x0, 0x0, 0x0,
    0x0, 0x1c, 0xf0, 0xff, 0xff, 0xff, 0xff, 0x94,
    0x0, 0x0, 0x0, 0x0, 0x0, 0x0, 0x0, 0x0,
    0x0, 0x1, 0xba, 0xff, 0xff, 0xff, 0xff, 0xff,
    0x94, 0x0, 0x0, 0x0, 0x0, 0x0, 0x0, 0x0,
    0x0, 0x0, 0x6a, 0xff, 0xff, 0xff, 0xff, 0xff,
    0xff, 0x94, 0x0, 0x0, 0x0, 0x0, 0x0, 0x0,
    0x0, 0x0, 0x24, 0xf4, 0xff, 0xff, 0xff, 0xff,
    0xff, 0xff, 0x94, 0x0, 0x0, 0x0, 0x0, 0x0,
    0x0, 0x0, 0x2, 0xc4, 0xff, 0xff, 0xff, 0xa2,
    0xff, 0xff, 0xff, 0x94, 0x0, 0x0, 0x0, 0x0,
    0x0, 0x0, 0x0, 0x76, 0xff, 0xff, 0xff, 0x96,
    0x50, 0xff, 0xff, 0xff, 0x94, 0x0, 0x0, 0x0,
    0x0, 0x0, 0x0, 0x2b, 0xf8, 0xff, 0xff, 0xdc,
    0xb, 0x50, 0xff, 0xff, 0xff, 0x94, 0x0, 0x0,
    0x0, 0x0, 0x0, 0x5, 0xcd, 0xff, 0xff, 0xfd,
    0x3a, 0x0, 0x50, 0xff, 0xff, 0xff, 0x94, 0x0,
    0x0, 0x0, 0x0, 0x0, 0x82, 0xff, 0xff, 0xff,
    0x87, 0x0, 0x0, 0x50, 0xff, 0xff, 0xff, 0x94,
    0x0, 0x0, 0x0, 0x0, 0x34, 0xfb, 0xff, 0xff,
    0xd1, 0x6, 0x0, 0x0, 0x50, 0xff, 0xff, 0xff,
    0x94, 0x0, 0x0, 0x0, 0x8, 0xd6, 0xff, 0xff,
    0xf9, 0x2f, 0x0, 0x0, 0x0, 0x50, 0xff, 0xff,
    0xff, 0x94, 0x0, 0x0, 0x0, 0x8b, 0xff, 0xff,
    0xff, 0xdf, 0x9c, 0x9c, 0x9c, 0x9c, 0xbb, 0xff,
    0xff, 0xff, 0xd5, 0x9c, 0x9c, 0x18, 0xcc, 0xff,
    0xff, 0xff, 0xff, 0xff, 0xff, 0xff, 0xff, 0xff,
    0xff, 0xff, 0xff, 0xff, 0xff, 0xff, 0x28, 0xcc,
    0xff, 0xff, 0xff, 0xff, 0xff, 0xff, 0xff, 0xff,
    0xff, 0xff, 0xff, 0xff, 0xff, 0xff, 0xff, 0x28,
    0xcc, 0xff, 0xff, 0xff, 0xff, 0xff, 0xff, 0xff,
    0xff, 0xff, 0xff, 0xff, 0xff, 0xff, 0xff, 0xff,
    0x28, 0x0, 0x0, 0x0, 0x0, 0x0, 0x0, 0x0,
    0x0, 0x0, 0x50, 0xff, 0xff, 0xff, 0x94, 0x0,
    0x0, 0x0, 0x0, 0x0, 0x0, 0x0, 0x0, 0x0,
    0x0, 0x0, 0x0, 0x50, 0xff, 0xff, 0xff, 0x94,
    0x0, 0x0, 0x0, 0x0, 0x0, 0x0, 0x0, 0x0,
    0x0, 0x0, 0x0, 0x0, 0x50, 0xff, 0xff, 0xff,
    0x94, 0x0, 0x0, 0x0, 0x0, 0x0, 0x0, 0x0,
    0x0, 0x0, 0x0, 0x0, 0x0, 0x50, 0xff, 0xff,
    0xff, 0x94, 0x0, 0x0, 0x0,

    /* U+0035 "5" */
    0x0, 0x18, 0xff, 0xff, 0xff, 0xff, 0xff, 0xff,
    0xff, 0xff, 0xff, 0xff, 0xff, 0x84, 0x0, 0x0,
    0x36, 0xff, 0xff, 0xff, 0xff, 0xff, 0xff, 0xff,
    0xff, 0xff, 0xff, 0xff, 0x84, 0x0, 0x0, 0x54,
    0xff, 0xff, 0xff, 0xff, 0xff, 0xff, 0xff, 0xff,
    0xff, 0xff, 0xff, 0x84, 0x0, 0x0, 0x73, 0xff,
    0xff, 0xff, 0x83, 0x68, 0x68, 0x68, 0x68, 0x68,
    0x68, 0x68, 0x35, 0x0, 0x0, 0x91, 0xff, 0xff,
    0xff, 0xe, 0x0, 0x0, 0x0, 0x0, 0x0, 0x0,
    0x0, 0x0, 0x0, 0x0, 0xaf, 0xff, 0xff, 0xe3,
    0x0, 0x0, 0x0, 0x0, 0x0, 0x0, 0x0, 0x0,
    0x0, 0x0, 0x0, 0xce, 0xff, 0xff, 0xb9, 0x0,
    0x0, 0x0, 0x0, 0x0, 0x0, 0x0, 0x0, 0x0,
    0x0, 0x0, 0xec, 0xff, 0xff, 0x8f, 0x4c, 0xba,
    0xef, 0xf8, 0xda, 0x90, 0x1d, 0x0, 0x0, 0x0,
    0xa, 0xff, 0xff, 0xff, 0xeb, 0xff, 0xff, 0xff,
    0xff, 0xff, 0xff, 0xf6, 0x57, 0x0, 0x0, 0x29,
    0xff, 0xff, 0xff, 0xff, 0xff, 0xff, 0xff, 0xff,
    0xff, 0xff, 0xff, 0xfd, 0x49, 0x0, 0xb, 0x7c,
    0xea, 0xff, 0xff, 0xf7, 0xa2, 0x7f, 0xa5, 0xfc,
    0xff, 0xff, 0xff, 0xe3, 0x8, 0x0, 0x0, 0x9,
    0x6b, 0xc5, 0x31, 0x0, 0x0, 0x0, 0x39, 0xf5,
    0xff, 0xff, 0xff, 0x5b, 0x0, 0x0, 0x0, 0x0,
    0x0, 0x0, 0x0, 0x0, 0x0, 0x0, 0x7f, 0xff,
    0xff, 0xff, 0xa0, 0x0, 0x0, 0x0, 0x0, 0x0,
    0x0, 0x0, 0x0, 0x0, 0x0, 0x3d, 0xff, 0xff,
    0xff, 0xbc, 0x0, 0x16, 0x76, 0xc5, 0x3, 0x0,
    0x0, 0x0, 0x0, 0x0, 0x41, 0xff, 0xff, 0xff,
    0xba, 0x82, 0xfa, 0xff, 0xff, 0x55, 0x0, 0x0,
    0x0, 0x0, 0x0, 0x87, 0xff, 0xff, 0xff, 0x9a,
    0x70, 0xff, 0xff, 0xff, 0xec, 0x36, 0x0, 0x0,
    0x0, 0x4e, 0xfa, 0xff, 0xff, 0xff, 0x50, 0xb,
    0xe5, 0xff, 0xff, 0xff, 0xfd, 0xbe, 0x9f, 0xc8,
    0xff, 0xff, 0xff, 0xff, 0xd6, 0x3, 0x0, 0x3e,
    0xf9, 0xff, 0xff, 0xff, 0xff, 0xff, 0xff, 0xff,
    0xff, 0xff, 0xf5, 0x32, 0x0, 0x0, 0x0, 0x3e,
    0xe4, 0xff, 0xff, 0xff, 0xff, 0xff, 0xff, 0xff,
    0xe1, 0x37, 0x0, 0x0, 0x0, 0x0, 0x0, 0xb,
    0x6c, 0xbe, 0xec, 0xfb, 0xea, 0xbc, 0x6b, 0x8,
    0x0, 0x0, 0x0,

    /* U+0036 "6" */
    0x0, 0x0, 0x0, 0x0, 0x0, 0x0, 0x0, 0x0,
    0x1, 0x0, 0x0, 0x0, 0x0, 0x0, 0x0, 0x0,
    0x0, 0x0, 0x0, 0x0, 0x0, 0x0, 0x52, 0xc8,
    0x26, 0x0, 0x0, 0x0, 0x0, 0x0, 0x0, 0x0,
    0x0, 0x0, 0x0, 0x0, 0x1c, 0xed, 0xff, 0xf6,
    0x6d, 0x1, 0x0, 0x0, 0x0, 0x0, 0x0, 0x0,
    0x0, 0x0, 0x2, 0xbf, 0xff, 0xff, 0xff, 0xc1,
    0x2, 0x0, 0x0, 0x0, 0x0, 0x0, 0x0, 0x0,
    0x0, 0x7b, 0xff, 0xff, 0xff, 0xee, 0x1d, 0x0,
    0x0, 0x0, 0x0, 0x0, 0x0, 0x0, 0x0, 0x37,
    0xfb, 0xff, 0xff, 0xff, 0x54, 0x0, 0x0, 0x0,
    0x0, 0x0, 0x0, 0x0, 0x0, 0xd, 0xdc, 0xff,
    0xff, 0xff, 0x9d, 0x0, 0x0, 0x0, 0x0, 0x0,
    0x0, 0x0, 0x0, 0x0, 0xa1, 0xff, 0xff, 0xff,
    0xd9, 0xb, 0x0, 0x0, 0x0, 0x0, 0x0, 0x0,
    0x0, 0x0, 0x51, 0xff, 0xff, 0xff, 0xfd, 0x49,
    0x39, 0x28, 0x1, 0x0, 0x0, 0x0, 0x0, 0x0,
    0x11, 0xe8, 0xff, 0xff, 0xff, 0xff, 0xfe, 0xff,
    0xff, 0xe6, 0x76, 0x5, 0x0, 0x0, 0x0, 0x8c,
    0xff, 0xff, 0xff, 0xff, 0xff, 0xff, 0xff, 0xff,
    0xff, 0xff, 0xc4, 0xd, 0x0, 0x13, 0xf8, 0xff,
    0xff, 0xff, 0xff, 0xff, 0xff, 0xff, 0xff, 0xff,
    0xff, 0xff, 0xae, 0x0, 0x66, 0xff, 0xff, 0xff,
    0xff, 0xa7, 0x30, 0xb, 0x2f, 0xa4, 0xff, 0xff,
    0xff, 0xff, 0x3e, 0xa3, 0xff, 0xff, 0xff, 0xa4,
    0x0, 0x0, 0x0, 0x0, 0x0, 0xa0, 0xff, 0xff,
    0xff, 0x99, 0xbf, 0xff, 0xff, 0xff, 0x28, 0x0,
    0x0, 0x0, 0x0, 0x0, 0x24, 0xff, 0xff, 0xff,
    0xc5, 0xc1, 0xff, 0xff, 0xff, 0x14, 0x0, 0x0,
    0x0, 0x0, 0x0, 0x10, 0xff, 0xff, 0xff, 0xce,
    0x9e, 0xff, 0xff, 0xff, 0x5c, 0x0, 0x0, 0x0,
    0x0, 0x0, 0x59, 0xff, 0xff, 0xff, 0xaf, 0x53,
    0xff, 0xff, 0xff, 0xee, 0x38, 0x0, 0x0, 0x0,
    0x36, 0xed, 0xff, 0xff, 0xff, 0x61, 0x3, 0xd4,
    0xff, 0xff, 0xff, 0xfe, 0xc1, 0x9e, 0xc0, 0xfe,
    0xff, 0xff, 0xff, 0xdb, 0x7, 0x0, 0x2c, 0xf2,
    0xff, 0xff, 0xff, 0xff, 0xff, 0xff, 0xff, 0xff,
    0xff, 0xf3, 0x34, 0x0, 0x0, 0x0, 0x2d, 0xd8,
    0xff, 0xff, 0xff, 0xff, 0xff, 0xff, 0xff, 0xdc,
    0x33, 0x0, 0x0, 0x0, 0x0, 0x0, 0x5, 0x63,
    0xb8, 0xe8, 0xfa, 0xeb, 0xbb, 0x65, 0x6, 0x0,
    0x0, 0x0,

    /* U+0037 "7" */
    0x7f, 0xac, 0xac, 0xac, 0xac, 0xac, 0xac, 0xac,
    0xac, 0xac, 0xac, 0xac, 0xac, 0xac, 0x20, 0xc1,
    0xff, 0xff, 0xff, 0xff, 0xff, 0xff, 0xff, 0xff,
    0xff, 0xff, 0xff, 0xff, 0xff, 0x30, 0xc6, 0xff,
    0xff, 0xff, 0xff, 0xff, 0xff, 0xff, 0xff, 0xff,
    0xff, 0xff, 0xff, 0xff, 0x30, 0xca, 0xff, 0xff,
    0xff, 0xff, 0xff, 0xff, 0xff, 0xff, 0xff, 0xff,
    0xff, 0xff, 0xff, 0x30, 0x0, 0x0, 0x0, 0x0,
    0x0, 0x0, 0x0, 0x0, 0x0, 0x77, 0xff, 0xff,
    0xff, 0xed, 0x10, 0x0, 0x0, 0x0, 0x0, 0x0,
    0x0, 0x0, 0x0, 0x14, 0xf0, 0xff, 0xff, 0xff,
    0x6c, 0x0, 0x0, 0x0, 0x0, 0x0, 0x0, 0x0,
    0x0, 0x0, 0x96, 0xff, 0xff, 0xff, 0xd5, 0x4,
    0x0, 0x0, 0x0, 0x0, 0x0, 0x0, 0x0, 0x0,
    0x2a, 0xfb, 0xff, 0xff, 0xff, 0x46, 0x0, 0x0,
    0x0, 0x0, 0x0, 0x0, 0x0, 0x0, 0x0, 0xb7,
    0xff, 0xff, 0xff, 0xb3, 0x0, 0x0, 0x0, 0x0,
    0x0, 0x0, 0x0, 0x0, 0x0, 0x48, 0xff, 0xff,
    0xff, 0xfa, 0x25, 0x0, 0x0, 0x0, 0x0, 0x0,
    0x0, 0x0, 0x0, 0x3, 0xd5, 0xff, 0xff, 0xff,
    0x8c, 0x0, 0x0, 0x0, 0x0, 0x0, 0x0, 0x0,
    0x0, 0x0, 0x6a, 0xff, 0xff, 0xff, 0xea, 0xf,
    0x0, 0x0, 0x0, 0x0, 0x0, 0x0, 0x0, 0x0,
    0xf, 0xeb, 0xff, 0xff, 0xff, 0x66, 0x0, 0x0,
    0x0, 0x0, 0x0, 0x0, 0x0, 0x0, 0x0, 0x8c,
    0xff, 0xff, 0xff, 0xd0, 0x2, 0x0, 0x0, 0x0,
    0x0, 0x0, 0x0, 0x0, 0x0, 0x23, 0xf9, 0xff,
    0xff, 0xff, 0x41, 0x0, 0x0, 0x0, 0x0, 0x0,
    0x0, 0x0, 0x0, 0x0, 0xae, 0xff, 0xff, 0xff,
    0xad, 0x0, 0x0, 0x0, 0x0, 0x0, 0x0, 0x0,
    0x0, 0x0, 0x3f, 0xff, 0xff, 0xff, 0xf8, 0x22,
    0x0, 0x0, 0x0, 0x0, 0x0, 0x0, 0x0, 0x0,
    0x2, 0xce, 0xff, 0xff, 0xff, 0x87, 0x0, 0x0,
    0x0, 0x0, 0x0, 0x0, 0x0, 0x0, 0x0, 0x61,
    0xff, 0xff, 0xff, 0xe7, 0xd, 0x0, 0x0, 0x0,
    0x0, 0x0, 0x0, 0x0, 0x0, 0x0, 0x60, 0xec,
    0xff, 0xff, 0x61, 0x0, 0x0, 0x0, 0x0, 0x0,
    0x0, 0x0, 0x0, 0x0, 0x0, 0x0, 0xf, 0x87,
    0xc3, 0x2, 0x0, 0x0, 0x0, 0x0, 0x0, 0x0,
    0x0, 0x0, 0x0, 0x0, 0x0, 0x0, 0x0, 0x1,
    0x0, 0x0, 0x0, 0x0, 0x0, 0x0, 0x0, 0x0,
    0x0, 0x0,

    /* U+0038 "8" */
    0x0, 0x0, 0x0, 0xa, 0x68, 0xb9, 0xe9, 0xfa,
    0xef, 0xc9, 0x82, 0x1b, 0x0, 0x0, 0x0, 0x0,
    0x0, 0x0, 0x35, 0xde, 0xff, 0xff, 0xff, 0xff,
    0xff, 0xff, 0xff, 0xf4, 0x63, 0x0, 0x0, 0x0,
    0x0, 0x22, 0xf0, 0xff, 0xff, 0xff, 0xff, 0xff,
    0xff, 0xff, 0xff, 0xff, 0xff, 0x59, 0x0, 0x0,
    0x0, 0xab, 0xff, 0xff, 0xff, 0xf9, 0xa4, 0x7d,
    0x93, 0xe9, 0xff, 0xff, 0xff, 0xea, 0x6, 0x0,
    0x4, 0xf9, 0xff, 0xff, 0xf8, 0x33, 0x0, 0x0,
    0x0, 0xf, 0xd6, 0xff, 0xff, 0xff, 0x44, 0x0,
    0x13, 0xff, 0xff, 0xff, 0xc4, 0x0, 0x0, 0x0,
    0x0, 0x0, 0x7d, 0xff, 0xff, 0xff, 0x5b, 0x0,
    0x0, 0xf1, 0xff, 0xff, 0xe4, 0x6, 0x0, 0x0,
    0x0, 0x0, 0xa4, 0xff, 0xff, 0xff, 0x39, 0x0,
    0x0, 0x89, 0xff, 0xff, 0xff, 0xb5, 0x31, 0x9,
    0x1f, 0x87, 0xff, 0xff, 0xff, 0xcd, 0x1, 0x0,
    0x0, 0x7, 0xc0, 0xff, 0xff, 0xff, 0xff, 0xff,
    0xff, 0xff, 0xff, 0xff, 0xe7, 0x23, 0x0, 0x0,
    0x0, 0x0, 0x7, 0xd6, 0xff, 0xff, 0xff, 0xff,
    0xff, 0xff, 0xff, 0xfb, 0x27, 0x0, 0x0, 0x0,
    0x0, 0xc, 0xb9, 0xff, 0xff, 0xff, 0xff, 0xff,
    0xff, 0xff, 0xff, 0xff, 0xde, 0x2b, 0x0, 0x0,
    0x0, 0xb5, 0xff, 0xff, 0xff, 0xf2, 0x98, 0x73,
    0x8b, 0xdd, 0xff, 0xff, 0xff, 0xe3, 0x15, 0x0,
    0x47, 0xff, 0xff, 0xff, 0xde, 0x18, 0x0, 0x0,
    0x0, 0x6, 0xac, 0xff, 0xff, 0xff, 0x8a, 0x0,
    0x9c, 0xff, 0xff, 0xff, 0x4c, 0x0, 0x0, 0x0,
    0x0, 0x0, 0xf, 0xf7, 0xff, 0xff, 0xea, 0x0,
    0xc0, 0xff, 0xff, 0xff, 0x2b, 0x0, 0x0, 0x0,
    0x0, 0x0, 0x0, 0xe4, 0xff, 0xff, 0xff, 0xd,
    0xb9, 0xff, 0xff, 0xff, 0x62, 0x0, 0x0, 0x0,
    0x0, 0x0, 0x1c, 0xff, 0xff, 0xff, 0xfc, 0x3,
    0x83, 0xff, 0xff, 0xff, 0xec, 0x33, 0x0, 0x0,
    0x0, 0x17, 0xc3, 0xff, 0xff, 0xff, 0xc8, 0x0,
    0x21, 0xf7, 0xff, 0xff, 0xff, 0xfe, 0xc2, 0x9e,
    0xb4, 0xf3, 0xff, 0xff, 0xff, 0xff, 0x5c, 0x0,
    0x0, 0x65, 0xff, 0xff, 0xff, 0xff, 0xff, 0xff,
    0xff, 0xff, 0xff, 0xff, 0xff, 0xa9, 0x0, 0x0,
    0x0, 0x0, 0x5b, 0xf0, 0xff, 0xff, 0xff, 0xff,
    0xff, 0xff, 0xff, 0xfe, 0x8e, 0x5, 0x0, 0x0,
    0x0, 0x0, 0x0, 0x11, 0x76, 0xbf, 0xea, 0xfb,
    0xf0, 0xcf, 0x8f, 0x27, 0x0, 0x0, 0x0, 0x0,

    /* U+0039 "9" */
    0x0, 0x0, 0x0, 0x4, 0x5f, 0xb6, 0xe9, 0xf9,
    0xe7, 0xb6, 0x61, 0x5, 0x0, 0x0, 0x0, 0x0,
    0x0, 0x2e, 0xd7, 0xff, 0xff, 0xff, 0xff, 0xff,
    0xff, 0xff, 0xdb, 0x31, 0x0, 0x0, 0x0, 0x2d,
    0xf0, 0xff, 0xff, 0xff, 0xff, 0xff, 0xff, 0xff,
    0xff, 0xff, 0xf4, 0x31, 0x0, 0x4, 0xd4, 0xff,
    0xff, 0xff, 0xff, 0xc4, 0x9f, 0xc3, 0xfe, 0xff,
    0xff, 0xff, 0xda, 0x4, 0x57, 0xff, 0xff, 0xff,
    0xf1, 0x3d, 0x0, 0x0, 0x0, 0x38, 0xec, 0xff,
    0xff, 0xff, 0x5a, 0xa3, 0xff, 0xff, 0xff, 0x62,
    0x0, 0x0, 0x0, 0x0, 0x0, 0x53, 0xff, 0xff,
    0xff, 0xa7, 0xc2, 0xff, 0xff, 0xff, 0x18, 0x0,
    0x0, 0x0, 0x0, 0x0, 0x9, 0xff, 0xff, 0xff,
    0xcb, 0xbc, 0xff, 0xff, 0xff, 0x2a, 0x0, 0x0,
    0x0, 0x0, 0x0, 0x1a, 0xff, 0xff, 0xff, 0xc9,
    0x91, 0xff, 0xff, 0xff, 0xa4, 0x0, 0x0, 0x0,
    0x0, 0x0, 0x97, 0xff, 0xff, 0xff, 0xae, 0x39,
    0xff, 0xff, 0xff, 0xff, 0xa8, 0x30, 0xb, 0x2f,
    0xa2, 0xff, 0xff, 0xff, 0xff, 0x70, 0x0, 0xa8,
    0xff, 0xff, 0xff, 0xff, 0xff, 0xff, 0xff, 0xff,
    0xff, 0xff, 0xff, 0xfa, 0x19, 0x0, 0xc, 0xc3,
    0xff, 0xff, 0xff, 0xff, 0xff, 0xff, 0xff, 0xff,
    0xff, 0xff, 0x94, 0x0, 0x0, 0x0, 0x6, 0x7a,
    0xe9, 0xff, 0xff, 0xfe, 0xff, 0xff, 0xff, 0xff,
    0xed, 0x15, 0x0, 0x0, 0x0, 0x0, 0x0, 0x2,
    0x29, 0x3a, 0x42, 0xfa, 0xff, 0xff, 0xff, 0x5b,
    0x0, 0x0, 0x0, 0x0, 0x0, 0x0, 0x0, 0x0,
    0x7, 0xd0, 0xff, 0xff, 0xff, 0xad, 0x0, 0x0,
    0x0, 0x0, 0x0, 0x0, 0x0, 0x0, 0x0, 0x8f,
    0xff, 0xff, 0xff, 0xe3, 0x12, 0x0, 0x0, 0x0,
    0x0, 0x0, 0x0, 0x0, 0x0, 0x46, 0xfe, 0xff,
    0xff, 0xfd, 0x40, 0x0, 0x0, 0x0, 0x0, 0x0,
    0x0, 0x0, 0x0, 0x14, 0xe7, 0xff, 0xff, 0xff,
    0x86, 0x0, 0x0, 0x0, 0x0, 0x0, 0x0, 0x0,
    0x0, 0x0, 0xb2, 0xff, 0xff, 0xff, 0xc9, 0x4,
    0x0, 0x0, 0x0, 0x0, 0x0, 0x0, 0x0, 0x0,
    0x1, 0x6c, 0xf5, 0xff, 0xf2, 0x23, 0x0, 0x0,
    0x0, 0x0, 0x0, 0x0, 0x0, 0x0, 0x0, 0x0,
    0x0, 0x24, 0xc3, 0x5e, 0x0, 0x0, 0x0, 0x0,
    0x0, 0x0, 0x0, 0x0, 0x0, 0x0, 0x0, 0x0,
    0x0, 0x1, 0x0, 0x0, 0x0, 0x0, 0x0, 0x0,
    0x0, 0x0,

    /* U+003A ":" */
    0x0, 0x6b, 0xe4, 0xe9, 0x7c, 0x0, 0x44, 0xff,
    0xff, 0xff, 0xff, 0x54, 0x83, 0xff, 0xff, 0xff,
    0xff, 0x93, 0x56, 0xff, 0xff, 0xff, 0xff, 0x67,
    0x1, 0x96, 0xfe, 0xff, 0xa7, 0x4, 0x0, 0x0,
    0xe, 0x12, 0x0, 0x0, 0x0, 0x0, 0x0, 0x0,
    0x0, 0x0, 0x0, 0x0, 0x0, 0x0, 0x0, 0x0,
    0x0, 0x0, 0x0, 0x0, 0x0, 0x0, 0x0, 0x0,
    0x9, 0xb, 0x0, 0x0, 0x0, 0x8e, 0xfc, 0xfd,
    0x9f, 0x3, 0x55, 0xff, 0xff, 0xff, 0xff, 0x66,
    0x83, 0xff, 0xff, 0xff, 0xff, 0x93, 0x45, 0xff,
    0xff, 0xff, 0xff, 0x56, 0x0, 0x6f, 0xe5, 0xea,
    0x7f, 0x0,

    /* U+003B ";" */
    0x0, 0x5f, 0xe1, 0xec, 0x88, 0x1, 0x35, 0xfe,
    0xff, 0xff, 0xff, 0x64, 0x73, 0xff, 0xff, 0xff,
    0xff, 0xa3, 0x46, 0xff, 0xff, 0xff, 0xff, 0x77,
    0x0, 0x89, 0xfd, 0xff, 0xb2, 0x8, 0x0, 0x0,
    0xc, 0x14, 0x0, 0x0, 0x0, 0x0, 0x0, 0x0,
    0x0, 0x0, 0x0, 0x0, 0x0, 0x0, 0x0, 0x0,
    0x0, 0x0, 0x0, 0x0, 0x0, 0x0, 0x0, 0x1,
    0x39, 0x44, 0x9, 0x0, 0x4, 0xb8, 0xff, 0xff,
    0xd9, 0x16, 0x59, 0xff, 0xff, 0xff, 0xff, 0x8a,
    0x73, 0xff, 0xff, 0xff, 0xff, 0x9f, 0x24, 0xf6,
    0xff, 0xff, 0xff, 0x52, 0x0, 0x3c, 0xfd, 0xff,
    0xb8, 0x0, 0x0, 0x8a, 0xff, 0xf0, 0x1c, 0x0,
    0x36, 0xfc, 0xff, 0x5f, 0x0, 0x0, 0x4c, 0xec,
    0xb2, 0x0, 0x0, 0x0, 0x0, 0x15, 0x15, 0x0,
    0x0, 0x0,

    /* U+003C "<" */
    0x0, 0x0, 0x0, 0x0, 0x0, 0x0, 0x0, 0x0,
    0x0, 0x0, 0x0, 0x0, 0x8, 0x6, 0x0, 0x0,
    0x0, 0x0, 0x0, 0x0, 0x0, 0x0, 0x0, 0x0,
    0x14, 0x7e, 0xea, 0x20, 0x0, 0x0, 0x0, 0x0,
    0x0, 0x0, 0x0, 0x0, 0x23, 0x95, 0xf6, 0xff,
    0xff, 0x20, 0x0, 0x0, 0x0, 0x0, 0x0, 0x0,
    0x38, 0xac, 0xfd, 0xff, 0xff, 0xff, 0xff, 0x20,
    0x0, 0x0, 0x0, 0x1, 0x4f, 0xc4, 0xff, 0xff,
    0xff, 0xff, 0xff, 0xff, 0xda, 0x13, 0x0, 0x8,
    0x66, 0xd9, 0xff, 0xff, 0xff, 0xff, 0xff, 0xfd,
    0xb4, 0x48, 0x1, 0x0, 0x33, 0xe9, 0xff, 0xff,
    0xff, 0xff, 0xff, 0xee, 0x8c, 0x22, 0x0, 0x0,
    0x0, 0x0, 0x50, 0xff, 0xff, 0xff, 0xff, 0xd6,
    0x65, 0xa, 0x0, 0x0, 0x0, 0x0, 0x0, 0x0,
    0x50, 0xff, 0xff, 0xff, 0xff, 0xdd, 0x70, 0xf,
    0x0, 0x0, 0x0, 0x0, 0x0, 0x0, 0x2f, 0xdf,
    0xff, 0xff, 0xff, 0xff, 0xff, 0xf4, 0x99, 0x2d,
    0x0, 0x0, 0x0, 0x0, 0x0, 0x3, 0x57, 0xcb,
    0xff, 0xff, 0xff, 0xff, 0xff, 0xff, 0xc2, 0x56,
    0x5, 0x0, 0x0, 0x0, 0x0, 0x0, 0x40, 0xb5,
    0xfe, 0xff, 0xff, 0xff, 0xff, 0xff, 0xe5, 0x15,
    0x0, 0x0, 0x0, 0x0, 0x0, 0x0, 0x2a, 0x9d,
    0xf9, 0xff, 0xff, 0xff, 0xff, 0x20, 0x0, 0x0,
    0x0, 0x0, 0x0, 0x0, 0x0, 0x0, 0x18, 0x86,
    0xee, 0xff, 0xff, 0x20, 0x0, 0x0, 0x0, 0x0,
    0x0, 0x0, 0x0, 0x0, 0x0, 0x0, 0xc, 0x6f,
    0xdf, 0x20, 0x0, 0x0, 0x0, 0x0, 0x0, 0x0,
    0x0, 0x0, 0x0, 0x0, 0x0, 0x0, 0x3, 0x4,

    /* U+003D "=" */
    0x50, 0xff, 0xff, 0xff, 0xff, 0xff, 0xff, 0xff,
    0xff, 0xff, 0xff, 0xff, 0xff, 0xff, 0xc0, 0x50,
    0xff, 0xff, 0xff, 0xff, 0xff, 0xff, 0xff, 0xff,
    0xff, 0xff, 0xff, 0xff, 0xff, 0xc0, 0x50, 0xff,
    0xff, 0xff, 0xff, 0xff, 0xff, 0xff, 0xff, 0xff,
    0xff, 0xff, 0xff, 0xff, 0xc0, 0x23, 0x70, 0x70,
    0x70, 0x70, 0x70, 0x70, 0x70, 0x70, 0x70, 0x70,
    0x70, 0x70, 0x70, 0x54, 0x0, 0x0, 0x0, 0x0,
    0x0, 0x0, 0x0, 0x0, 0x0, 0x0, 0x0, 0x0,
    0x0, 0x0, 0x0, 0x0, 0x0, 0x0, 0x0, 0x0,
    0x0, 0x0, 0x0, 0x0, 0x0, 0x0, 0x0, 0x0,
    0x0, 0x0, 0x50, 0xff, 0xff, 0xff, 0xff, 0xff,
    0xff, 0xff, 0xff, 0xff, 0xff, 0xff, 0xff, 0xff,
    0xc0, 0x50, 0xff, 0xff, 0xff, 0xff, 0xff, 0xff,
    0xff, 0xff, 0xff, 0xff, 0xff, 0xff, 0xff, 0xc0,
    0x50, 0xff, 0xff, 0xff, 0xff, 0xff, 0xff, 0xff,
    0xff, 0xff, 0xff, 0xff, 0xff, 0xff, 0xc0, 0x23,
    0x70, 0x70, 0x70, 0x70, 0x70, 0x70, 0x70, 0x70,
    0x70, 0x70, 0x70, 0x70, 0x70, 0x54,

    /* U+003E ">" */
    0x9, 0x5, 0x0, 0x0, 0x0, 0x0, 0x0, 0x0,
    0x0, 0x0, 0x0, 0x0, 0x0, 0x0, 0x34, 0xe4,
    0x75, 0xf, 0x0, 0x0, 0x0, 0x0, 0x0, 0x0,
    0x0, 0x0, 0x0, 0x0, 0x34, 0xff, 0xff, 0xf2,
    0x8d, 0x1d, 0x0, 0x0, 0x0, 0x0, 0x0, 0x0,
    0x0, 0x0, 0x34, 0xff, 0xff, 0xff, 0xff, 0xfb,
    0xa4, 0x30, 0x0, 0x0, 0x0, 0x0, 0x0, 0x0,
    0x21, 0xe0, 0xff, 0xff, 0xff, 0xff, 0xff, 0xff,
    0xbc, 0x47, 0x0, 0x0, 0x0, 0x0, 0x0, 0x3,
    0x50, 0xbc, 0xff, 0xff, 0xff, 0xff, 0xff, 0xff,
    0xd2, 0x5f, 0x5, 0x0, 0x0, 0x0, 0x0, 0x0,
    0x28, 0x94, 0xf2, 0xff, 0xff, 0xff, 0xff, 0xff,
    0xe5, 0x28, 0x0, 0x0, 0x0, 0x0, 0x0, 0x0,
    0xd, 0x6c, 0xdc, 0xff, 0xff, 0xff, 0xff, 0x40,
    0x0, 0x0, 0x0, 0x0, 0x0, 0x0, 0x14, 0x77,
    0xe2, 0xff, 0xff, 0xff, 0xff, 0x40, 0x0, 0x0,
    0x0, 0x0, 0x35, 0xa0, 0xf7, 0xff, 0xff, 0xff,
    0xff, 0xff, 0xd9, 0x24, 0x0, 0x7, 0x5e, 0xc9,
    0xff, 0xff, 0xff, 0xff, 0xff, 0xff, 0xc4, 0x50,
    0x1, 0x0, 0x24, 0xeb, 0xff, 0xff, 0xff, 0xff,
    0xff, 0xfd, 0xad, 0x38, 0x0, 0x0, 0x0, 0x0,
    0x34, 0xff, 0xff, 0xff, 0xff, 0xf5, 0x95, 0x23,
    0x0, 0x0, 0x0, 0x0, 0x0, 0x0, 0x34, 0xff,
    0xff, 0xe9, 0x7e, 0x13, 0x0, 0x0, 0x0, 0x0,
    0x0, 0x0, 0x0, 0x0, 0x34, 0xd8, 0x66, 0x8,
    0x0, 0x0, 0x0, 0x0, 0x0, 0x0, 0x0, 0x0,
    0x0, 0x0, 0x6, 0x1, 0x0, 0x0, 0x0, 0x0,
    0x0, 0x0, 0x0, 0x0, 0x0, 0x0, 0x0, 0x0,

    /* U+003F "?" */
    0x0, 0x0, 0x2, 0x58, 0xb7, 0xeb, 0xfa, 0xeb,
    0xbd, 0x6b, 0xa, 0x0, 0x0, 0x0, 0xe, 0xc0,
    0xff, 0xff, 0xff, 0xff, 0xff, 0xff, 0xff, 0xdc,
    0x2d, 0x0, 0x5, 0xbb, 0xff, 0xff, 0xff, 0xff,
    0xff, 0xff, 0xff, 0xff, 0xff, 0xea, 0x17, 0x75,
    0xff, 0xff, 0xff, 0xff, 0xce, 0x9f, 0xbf, 0xff,
    0xff, 0xff, 0xff, 0x94, 0xa2, 0xfe, 0xff, 0xff,
    0x69, 0x0, 0x0, 0x0, 0x61, 0xff, 0xff, 0xff,
    0xe1, 0x0, 0x21, 0x83, 0x9b, 0x0, 0x0, 0x0,
    0x0, 0x0, 0xf2, 0xff, 0xff, 0xf2, 0x0, 0x0,
    0x0, 0x0, 0x0, 0x0, 0x0, 0x0, 0x17, 0xfc,
    0xff, 0xff, 0xcf, 0x0, 0x0, 0x0, 0x0, 0x0,
    0x0, 0x0, 0xa, 0xbd, 0xff, 0xff, 0xff, 0x73,
    0x0, 0x0, 0x0, 0x0, 0x0, 0x0, 0x15, 0xc7,
    0xff, 0xff, 0xff, 0xcc, 0x8, 0x0, 0x0, 0x0,
    0x0, 0x0, 0x16, 0xdc, 0xff, 0xff, 0xff, 0xd5,
    0x19, 0x0, 0x0, 0x0, 0x0, 0x0, 0x0, 0xb9,
    0xff, 0xff, 0xff, 0xce, 0x14, 0x0, 0x0, 0x0,
    0x0, 0x0, 0x0, 0x2a, 0xff, 0xff, 0xff, 0xf1,
    0x1a, 0x0, 0x0, 0x0, 0x0, 0x0, 0x0, 0x0,
    0x53, 0xff, 0xff, 0xff, 0xa7, 0x0, 0x0, 0x0,
    0x0, 0x0, 0x0, 0x0, 0x0, 0x40, 0xb4, 0xb4,
    0xb4, 0x66, 0x0, 0x0, 0x0, 0x0, 0x0, 0x0,
    0x0, 0x0, 0x0, 0x0, 0x0, 0x0, 0x0, 0x0,
    0x0, 0x0, 0x0, 0x0, 0x0, 0x0, 0x0, 0x0,
    0x0, 0x13, 0x1, 0x0, 0x0, 0x0, 0x0, 0x0,
    0x0, 0x0, 0x0, 0x0, 0x2c, 0xd8, 0xff, 0xe5,
    0x41, 0x0, 0x0, 0x0, 0x0, 0x0, 0x0, 0x0,
    0x0, 0xca, 0xff, 0xff, 0xff, 0xeb, 0x5, 0x0,
    0x0, 0x0, 0x0, 0x0, 0x0, 0x0, 0xf7, 0xff,
    0xff, 0xff, 0xff, 0x1e, 0x0, 0x0, 0x0, 0x0,
    0x0, 0x0, 0x0, 0xbb, 0xff, 0xff, 0xff, 0xde,
    0x2, 0x0, 0x0, 0x0, 0x0, 0x0, 0x0, 0x0,
    0x1c, 0xb8, 0xf4, 0xc7, 0x2d, 0x0, 0x0, 0x0,
    0x0,

    /* U+0040 "@" */
    0x0, 0x0, 0x0, 0x0, 0x0, 0x0, 0x0, 0x0,
    0x1a, 0x63, 0x87, 0x9f, 0xa7, 0x91, 0x78, 0x39,
    0x2, 0x0, 0x0, 0x0, 0x0, 0x0, 0x0, 0x0,
    0x0, 0x0, 0x0, 0x0, 0x0, 0x0, 0x49, 0xc7,
    0xfe, 0xff, 0xff, 0xff, 0xff, 0xff, 0xff, 0xff,
    0xea, 0x81, 0xe, 0x0, 0x0, 0x0, 0x0, 0x0,
    0x0, 0x0, 0x0, 0x0, 0x16, 0xbc, 0xff, 0xff,
    0xff, 0xff, 0xff, 0xff, 0xff, 0xff, 0xff, 0xff,
    0xff, 0xff, 0xec, 0x51, 0x0, 0x0, 0x0, 0x0,
    0x0, 0x0, 0x0, 0x2d, 0xe1, 0xff, 0xff, 0xff,
    0xc7, 0x6e, 0x2c, 0x11, 0x8, 0x20, 0x4e, 0xa0,
    0xf8, 0xff, 0xff, 0xfe, 0x7c, 0x0, 0x0, 0x0,
    0x0, 0x0, 0x17, 0xe3, 0xff, 0xff, 0xe7, 0x4b,
    0x0, 0x0, 0x0, 0x0, 0x0, 0x0, 0x0, 0x0,
    0x20, 0xb3, 0xff, 0xff, 0xff, 0x65, 0x0, 0x0,
    0x0, 0x0, 0xbf, 0xff, 0xff, 0xd6, 0x1a, 0x0,
    0x0, 0x0, 0x0, 0x0, 0x0, 0x0, 0x0, 0x0,
    0x0, 0x1, 0x8b, 0xff, 0xff, 0xfa, 0x2e, 0x0,
    0x0, 0x4f, 0xff, 0xff, 0xee, 0x23, 0x0, 0x0,
    0x2a, 0xa1, 0xe6, 0xf9, 0xdd, 0x84, 0x29, 0xff,
    0xff, 0xd0, 0x0, 0xa4, 0xff, 0xff, 0xb4, 0x0,
    0x0, 0xcc, 0xff, 0xff, 0x71, 0x0, 0x0, 0x5f,
    0xfa, 0xff, 0xff, 0xff, 0xff, 0xff, 0xde, 0xff,
    0xff, 0xd0, 0x0, 0xf, 0xec, 0xff, 0xff, 0x2d,
    0x1e, 0xff, 0xff, 0xee, 0x7, 0x0, 0x3c, 0xfc,
    0xff, 0xff, 0xff, 0xed, 0xfc, 0xff, 0xff, 0xff,
    0xff, 0xd0, 0x0, 0x0, 0x7b, 0xff, 0xff, 0x7c,
    0x68, 0xff, 0xff, 0xa7, 0x0, 0x0, 0xc6, 0xff,
    0xff, 0xc7, 0x29, 0x0, 0xa, 0x85, 0xff, 0xff,
    0xff, 0xd0, 0x0, 0x0, 0x26, 0xff, 0xff, 0xc1,
    0x8c, 0xff, 0xff, 0x72, 0x0, 0x1d, 0xff, 0xff,
    0xf4, 0x19, 0x0, 0x0, 0x0, 0x0, 0xaa, 0xff,
    0xff, 0xd0, 0x0, 0x0, 0x0, 0xf2, 0xff, 0xde,
    0xa4, 0xff, 0xff, 0x5b, 0x0, 0x44, 0xff, 0xff,
    0xc5, 0x0, 0x0, 0x0, 0x0, 0x0, 0x4f, 0xff,
    0xff, 0xd0, 0x0, 0x0, 0x0, 0xda, 0xff, 0xf5,
    0xa4, 0xff, 0xff, 0x5b, 0x0, 0x45, 0xff, 0xff,
    0xc4, 0x0, 0x0, 0x0, 0x0, 0x0, 0x4f, 0xff,
    0xff, 0xd0, 0x0, 0x0, 0x0, 0xe4, 0xff, 0xee,
    0x8d, 0xff, 0xff, 0x74, 0x0, 0x1f, 0xff, 0xff,
    0xf4, 0x19, 0x0, 0x0, 0x0, 0x0, 0xa8, 0xff,
    0xff, 0xd3, 0x0, 0x0, 0xf, 0xfc, 0xff, 0xcb,
    0x69, 0xff, 0xff, 0xac, 0x0, 0x0, 0xcc, 0xff,
    0xff, 0xc7, 0x28, 0x0, 0x8, 0x82, 0xff, 0xff,
    0xff, 0xf5, 0x12, 0x0, 0x6f, 0xff, 0xff, 0x89,
    0x21, 0xff, 0xff, 0xf4, 0xc, 0x0, 0x43, 0xfd,
    0xff, 0xff, 0xff, 0xed, 0xfb, 0xff, 0xff, 0xfc,
    0xff, 0xff, 0xd7, 0xa4, 0xf9, 0xff, 0xf9, 0x22,
    0x0, 0xcf, 0xff, 0xff, 0x82, 0x0, 0x0, 0x65,
    0xfb, 0xff, 0xff, 0xff, 0xff, 0xff, 0xed, 0x38,
    0xe0, 0xff, 0xff, 0xff, 0xff, 0xff, 0x6d, 0x0,
    0x0, 0x53, 0xff, 0xff, 0xf6, 0x31, 0x0, 0x0,
    0x2c, 0xa2, 0xe5, 0xfa, 0xe5, 0x9d, 0x1d, 0x0,
    0x18, 0x9e, 0xe9, 0xf6, 0xc7, 0x4f, 0x0, 0x0,
    0x0, 0x0, 0xc5, 0xff, 0xff, 0xe3, 0x25, 0x0,
    0x0, 0x0, 0x0, 0x0, 0x0, 0x0, 0x0, 0x0,
    0x0, 0x0, 0x0, 0x0, 0x0, 0x0, 0x0, 0x0,
    0x0, 0x0, 0x1b, 0xe8, 0xff, 0xff, 0xf0, 0x5c,
    0x1, 0x0, 0x0, 0x0, 0x0, 0x0, 0x0, 0x0,
    0x5, 0x0, 0x0, 0x0, 0x0, 0x0, 0x0, 0x0,
    0x0, 0x0, 0x0, 0x34, 0xe7, 0xff, 0xff, 0xff,
    0xd2, 0x74, 0x2f, 0x10, 0x5, 0x1d, 0x59, 0xc3,
    0x6c, 0x0, 0x0, 0x0, 0x0, 0x0, 0x0, 0x0,
    0x0, 0x0, 0x0, 0x0, 0x1b, 0xc3, 0xff, 0xff,
    0xff, 0xff, 0xff, 0xff, 0xff, 0xff, 0xff, 0xff,
    0xcb, 0x0, 0x0, 0x0, 0x0, 0x0, 0x0, 0x0,
    0x0, 0x0, 0x0, 0x0, 0x0, 0x0, 0x50, 0xcc,
    0xff, 0xff, 0xff, 0xff, 0xff, 0xff, 0xff, 0xff,
    0xd5, 0xf, 0x0, 0x0, 0x0, 0x0, 0x0, 0x0,
    0x0, 0x0, 0x0, 0x0, 0x0, 0x0, 0x0, 0x0,
    0x1c, 0x65, 0x89, 0xa0, 0xab, 0x9b, 0x75, 0x2d,
    0x0, 0x0, 0x0, 0x0, 0x0, 0x0, 0x0, 0x0,

    /* U+0041 "A" */
    0x0, 0x0, 0x0, 0x0, 0x0, 0x0, 0x0, 0x0,
    0xc2, 0xff, 0xff, 0xff, 0xff, 0x3c, 0x0, 0x0,
    0x0, 0x0, 0x0, 0x0, 0x0, 0x0, 0x0, 0x0,
    0x0, 0x0, 0x0, 0x0, 0x0, 0x24, 0xff, 0xff,
    0xff, 0xff, 0xff, 0x9f, 0x0, 0x0, 0x0, 0x0,
    0x0, 0x0, 0x0, 0x0, 0x0, 0x0, 0x0, 0x0,
    0x0, 0x0, 0x0, 0x86, 0xff, 0xff, 0xff, 0xff,
    0xff, 0xf4, 0xd, 0x0, 0x0, 0x0, 0x0, 0x0,
    0x0, 0x0, 0x0, 0x0, 0x0, 0x0, 0x0, 0x0,
    0x3, 0xe5, 0xff, 0xff, 0xff, 0xff, 0xff, 0xff,
    0x64, 0x0, 0x0, 0x0, 0x0, 0x0, 0x0, 0x0,
    0x0, 0x0, 0x0, 0x0, 0x0, 0x0, 0x4b, 0xff,
    0xff, 0xff, 0xd2, 0xff, 0xff, 0xff, 0xc6, 0x0,
    0x0, 0x0, 0x0, 0x0, 0x0, 0x0, 0x0, 0x0,
    0x0, 0x0, 0x0, 0x0, 0xae, 0xff, 0xff, 0xff,
    0x53, 0xd8, 0xff, 0xff, 0xff, 0x29, 0x0, 0x0,
    0x0, 0x0, 0x0, 0x0, 0x0, 0x0, 0x0, 0x0,
    0x0, 0x15, 0xfa, 0xff, 0xff, 0xf8, 0xc, 0x8a,
    0xff, 0xff, 0xff, 0x8b, 0x0, 0x0, 0x0, 0x0,
    0x0, 0x0, 0x0, 0x0, 0x0, 0x0, 0x0, 0x73,
    0xff, 0xff, 0xff, 0xb0, 0x0, 0x34, 0xff, 0xff,
    0xff, 0xe9, 0x4, 0x0, 0x0, 0x0, 0x0, 0x0,
    0x0, 0x0, 0x0, 0x0, 0x0, 0xd4, 0xff, 0xff,
    0xff, 0x52, 0x0, 0x0, 0xd6, 0xff, 0xff, 0xff,
    0x50, 0x0, 0x0, 0x0, 0x0, 0x0, 0x0, 0x0,
    0x0, 0x0, 0x38, 0xff, 0xff, 0xff, 0xee, 0x6,
    0x0, 0x0, 0x79, 0xff, 0xff, 0xff, 0xb3, 0x0,
    0x0, 0x0, 0x0, 0x0, 0x0, 0x0, 0x0, 0x0,
    0x9a, 0xff, 0xff, 0xff, 0x97, 0x0, 0x0, 0x0,
    0x1d, 0xfe, 0xff, 0xff, 0xfc, 0x19, 0x0, 0x0,
    0x0, 0x0, 0x0, 0x0, 0x0, 0xa, 0xf1, 0xff,
    0xff, 0xff, 0x39, 0x0, 0x0, 0x0, 0x0, 0xbe,
    0xff, 0xff, 0xff, 0x78, 0x0, 0x0, 0x0, 0x0,
    0x0, 0x0, 0x0, 0x5f, 0xff, 0xff, 0xff, 0xfd,
    0xac, 0xac, 0xac, 0xac, 0xac, 0xd5, 0xff, 0xff,
    0xff, 0xd9, 0x0, 0x0, 0x0, 0x0, 0x0, 0x0,
    0x0, 0xc2, 0xff, 0xff, 0xff, 0xff, 0xff, 0xff,
    0xff, 0xff, 0xff, 0xff, 0xff, 0xff, 0xff, 0xff,
    0x3d, 0x0, 0x0, 0x0, 0x0, 0x0, 0x25, 0xff,
    0xff, 0xff, 0xff, 0xff, 0xff, 0xff, 0xff, 0xff,
    0xff, 0xff, 0xff, 0xff, 0xff, 0xff, 0x9f, 0x0,
    0x0, 0x0, 0x0, 0x0, 0x87, 0xff, 0xff, 0xff,
    0xff, 0xff, 0xff, 0xff, 0xff, 0xff, 0xff, 0xff,
    0xff, 0xff, 0xff, 0xff, 0xf4, 0xd, 0x0, 0x0,
    0x0, 0x3, 0xe5, 0xff, 0xff, 0xff, 0x6a, 0x0,
    0x0, 0x0, 0x0, 0x0, 0x0, 0x0, 0x5, 0xec,
    0xff, 0xff, 0xff, 0x64, 0x0, 0x0, 0x0, 0x4c,
    0xff, 0xff, 0xff, 0xfb, 0x14, 0x0, 0x0, 0x0,
    0x0, 0x0, 0x0, 0x0, 0x0, 0x97, 0xff, 0xff,
    0xff, 0xc7, 0x0, 0x0, 0x0, 0xae, 0xff, 0xff,
    0xff, 0xb5, 0x0, 0x0, 0x0, 0x0, 0x0, 0x0,
    0x0, 0x0, 0x0, 0x3c, 0xff, 0xff, 0xff, 0xff,
    0x29, 0x0, 0x15, 0xfa, 0xff, 0xff, 0xff, 0x5b,
    0x0, 0x0, 0x0, 0x0, 0x0, 0x0, 0x0, 0x0,
    0x0, 0x1, 0xe0, 0xff, 0xff, 0xff, 0x8c, 0x0,
    0x73, 0xff, 0xff, 0xff, 0xf5, 0xb, 0x0, 0x0,
    0x0, 0x0, 0x0, 0x0, 0x0, 0x0, 0x0, 0x0,
    0x86, 0xff, 0xff, 0xff, 0xe9, 0x5,

    /* U+0042 "B" */
    0xd8, 0xff, 0xff, 0xff, 0xff, 0xff, 0xff, 0xff,
    0xfe, 0xec, 0xbd, 0x69, 0x9, 0x0, 0x0, 0x0,
    0xd8, 0xff, 0xff, 0xff, 0xff, 0xff, 0xff, 0xff,
    0xff, 0xff, 0xff, 0xff, 0xda, 0x2d, 0x0, 0x0,
    0xd8, 0xff, 0xff, 0xff, 0xff, 0xff, 0xff, 0xff,
    0xff, 0xff, 0xff, 0xff, 0xff, 0xea, 0x1c, 0x0,
    0xd8, 0xff, 0xff, 0xff, 0xad, 0x98, 0x98, 0x98,
    0x9f, 0xcf, 0xff, 0xff, 0xff, 0xff, 0xa4, 0x0,
    0xd8, 0xff, 0xff, 0xff, 0x34, 0x0, 0x0, 0x0,
    0x0, 0x0, 0x78, 0xff, 0xff, 0xff, 0xf8, 0x4,
    0xd8, 0xff, 0xff, 0xff, 0x34, 0x0, 0x0, 0x0,
    0x0, 0x0, 0x0, 0xe9, 0xff, 0xff, 0xff, 0x17,
    0xd8, 0xff, 0xff, 0xff, 0x34, 0x0, 0x0, 0x0,
    0x0, 0x0, 0x0, 0xe3, 0xff, 0xff, 0xfa, 0x3,
    0xd8, 0xff, 0xff, 0xff, 0x34, 0x0, 0x0, 0x0,
    0x0, 0x0, 0x58, 0xff, 0xff, 0xff, 0xb0, 0x0,
    0xd8, 0xff, 0xff, 0xff, 0x8d, 0x70, 0x70, 0x70,
    0x79, 0xab, 0xfe, 0xff, 0xff, 0xee, 0x28, 0x0,
    0xd8, 0xff, 0xff, 0xff, 0xff, 0xff, 0xff, 0xff,
    0xff, 0xff, 0xff, 0xff, 0xd4, 0x31, 0x0, 0x0,
    0xd8, 0xff, 0xff, 0xff, 0xff, 0xff, 0xff, 0xff,
    0xff, 0xff, 0xff, 0xff, 0xab, 0x23, 0x0, 0x0,
    0xd8, 0xff, 0xff, 0xff, 0xff, 0xff, 0xff, 0xff,
    0xff, 0xff, 0xff, 0xff, 0xff, 0xf8, 0x4f, 0x0,
    0xd8, 0xff, 0xff, 0xff, 0x34, 0x0, 0x0, 0x0,
    0x3, 0x20, 0x77, 0xf9, 0xff, 0xff, 0xfb, 0x26,
    0xd8, 0xff, 0xff, 0xff, 0x34, 0x0, 0x0, 0x0,
    0x0, 0x0, 0x0, 0x7a, 0xff, 0xff, 0xff, 0x9d,
    0xd8, 0xff, 0xff, 0xff, 0x34, 0x0, 0x0, 0x0,
    0x0, 0x0, 0x0, 0x32, 0xff, 0xff, 0xff, 0xce,
    0xd8, 0xff, 0xff, 0xff, 0x34, 0x0, 0x0, 0x0,
    0x0, 0x0, 0x0, 0x50, 0xff, 0xff, 0xff, 0xdd,
    0xd8, 0xff, 0xff, 0xff, 0x34, 0x0, 0x0, 0x0,
    0x0, 0x0, 0x21, 0xd8, 0xff, 0xff, 0xff, 0xb8,
    0xd8, 0xff, 0xff, 0xff, 0xbd, 0xac, 0xac, 0xac,
    0xad, 0xc7, 0xf9, 0xff, 0xff, 0xff, 0xff, 0x5a,
    0xd8, 0xff, 0xff, 0xff, 0xff, 0xff, 0xff, 0xff,
    0xff, 0xff, 0xff, 0xff, 0xff, 0xff, 0xb5, 0x1,
    0xd8, 0xff, 0xff, 0xff, 0xff, 0xff, 0xff, 0xff,
    0xff, 0xff, 0xff, 0xff, 0xff, 0xa1, 0x8, 0x0,
    0xd8, 0xff, 0xff, 0xff, 0xff, 0xff, 0xff, 0xff,
    0xff, 0xf5, 0xd7, 0x99, 0x36, 0x0, 0x0, 0x0,

    /* U+0043 "C" */
    0x0, 0x0, 0x0, 0x0, 0x0, 0x0, 0xe, 0x5b,
    0xa4, 0xd6, 0xec, 0xf9, 0xe4, 0xcc, 0x8d, 0x3c,
    0x0, 0x0, 0x0, 0x0, 0x0, 0x0, 0x0, 0x0,
    0x9, 0x7c, 0xee, 0xff, 0xff, 0xff, 0xff, 0xff,
    0xff, 0xff, 0xff, 0xff, 0xc1, 0x2f, 0x0, 0x0,
    0x0, 0x0, 0x0, 0x25, 0xd1, 0xff, 0xff, 0xff,
    0xff, 0xff, 0xff, 0xff, 0xff, 0xff, 0xff, 0xff,
    0xff, 0xfa, 0x5b, 0x0, 0x0, 0x0, 0x25, 0xeb,
    0xff, 0xff, 0xff, 0xff, 0xff, 0xfb, 0xdf, 0xd2,
    0xe6, 0xff, 0xff, 0xff, 0xff, 0xff, 0xfa, 0x25,
    0x0, 0xd, 0xdc, 0xff, 0xff, 0xff, 0xff, 0xc8,
    0x54, 0xd, 0x0, 0x0, 0x0, 0x1e, 0x80, 0xf5,
    0xff, 0xf4, 0x49, 0x0, 0x0, 0x8a, 0xff, 0xff,
    0xff, 0xff, 0x78, 0x1, 0x0, 0x0, 0x0, 0x0,
    0x0, 0x0, 0x0, 0x26, 0xc6, 0x34, 0x0, 0x0,
    0x16, 0xf9, 0xff, 0xff, 0xff, 0x7f, 0x0, 0x0,
    0x0, 0x0, 0x0, 0x0, 0x0, 0x0, 0x0, 0x0,
    0x0, 0x0, 0x0, 0x0, 0x66, 0xff, 0xff, 0xff,
    0xd8, 0x4, 0x0, 0x0, 0x0, 0x0, 0x0, 0x0,
    0x0, 0x0, 0x0, 0x0, 0x0, 0x0, 0x0, 0x0,
    0xad, 0xff, 0xff, 0xff, 0x78, 0x0, 0x0, 0x0,
    0x0, 0x0, 0x0, 0x0, 0x0, 0x0, 0x0, 0x0,
    0x0, 0x0, 0x0, 0x0, 0xcb, 0xff, 0xff, 0xff,
    0x40, 0x0, 0x0, 0x0, 0x0, 0x0, 0x0, 0x0,
    0x0, 0x0, 0x0, 0x0, 0x0, 0x0, 0x0, 0x0,
    0xde, 0xff, 0xff, 0xff, 0x2e, 0x0, 0x0, 0x0,
    0x0, 0x0, 0x0, 0x0, 0x0, 0x0, 0x0, 0x0,
    0x0, 0x0, 0x0, 0x0, 0xcb, 0xff, 0xff, 0xff,
    0x40, 0x0, 0x0, 0x0, 0x0, 0x0, 0x0, 0x0,
    0x0, 0x0, 0x0, 0x0, 0x0, 0x0, 0x0, 0x0,
    0xad, 0xff, 0xff, 0xff, 0x77, 0x0, 0x0, 0x0,
    0x0, 0x0, 0x0, 0x0, 0x0, 0x0, 0x0, 0x0,
    0x0, 0x0, 0x0, 0x0, 0x67, 0xff, 0xff, 0xff,
    0xd7, 0x4, 0x0, 0x0, 0x0, 0x0, 0x0, 0x0,
    0x0, 0x0, 0x0, 0x0, 0x0, 0x0, 0x0, 0x0,
    0x17, 0xf9, 0xff, 0xff, 0xff, 0x7d, 0x0, 0x0,
    0x0, 0x0, 0x0, 0x0, 0x0, 0x0, 0x0, 0x0,
    0xa, 0x15, 0x0, 0x0, 0x0, 0x8c, 0xff, 0xff,
    0xff, 0xfe, 0x74, 0x1, 0x0, 0x0, 0x0, 0x0,
    0x0, 0x0, 0x0, 0x14, 0xc5, 0xdb, 0x22, 0x0,
    0x0, 0xf, 0xde, 0xff, 0xff, 0xff, 0xff, 0xc5,
    0x50, 0xa, 0x0, 0x0, 0x0, 0x17, 0x6f, 0xec,
    0xff, 0xff, 0xe7, 0x30, 0x0, 0x0, 0x27, 0xed,
    0xff, 0xff, 0xff, 0xff, 0xff, 0xf9, 0xda, 0xce,
    0xe3, 0xfd, 0xff, 0xff, 0xff, 0xff, 0xff, 0x9b,
    0x0, 0x0, 0x0, 0x27, 0xd3, 0xff, 0xff, 0xff,
    0xff, 0xff, 0xff, 0xff, 0xff, 0xff, 0xff, 0xff,
    0xff, 0xff, 0x97, 0x2, 0x0, 0x0, 0x0, 0x0,
    0xa, 0x7e, 0xee, 0xff, 0xff, 0xff, 0xff, 0xff,
    0xff, 0xff, 0xff, 0xff, 0xd8, 0x48, 0x0, 0x0,
    0x0, 0x0, 0x0, 0x0, 0x0, 0x0, 0xe, 0x5c,
    0xa5, 0xd6, 0xed, 0xf9, 0xe5, 0xcc, 0x94, 0x44,
    0x4, 0x0, 0x0, 0x0,

    /* U+0044 "D" */
    0xd8, 0xff, 0xff, 0xff, 0xff, 0xff, 0xff, 0xfc,
    0xea, 0xd5, 0xa2, 0x5d, 0xe, 0x0, 0x0, 0x0,
    0x0, 0x0, 0x0, 0xd8, 0xff, 0xff, 0xff, 0xff,
    0xff, 0xff, 0xff, 0xff, 0xff, 0xff, 0xff, 0xef,
    0x80, 0x8, 0x0, 0x0, 0x0, 0x0, 0xd8, 0xff,
    0xff, 0xff, 0xff, 0xff, 0xff, 0xff, 0xff, 0xff,
    0xff, 0xff, 0xff, 0xff, 0xce, 0x21, 0x0, 0x0,
    0x0, 0xd8, 0xff, 0xff, 0xff, 0xd6, 0xcc, 0xcc,
    0xd1, 0xe4, 0xfe, 0xff, 0xff, 0xff, 0xff, 0xff,
    0xe0, 0x16, 0x0, 0x0, 0xd8, 0xff, 0xff, 0xff,
    0x34, 0x0, 0x0, 0x0, 0x0, 0x13, 0x5d, 0xd3,
    0xff, 0xff, 0xff, 0xff, 0xc0, 0x0, 0x0, 0xd8,
    0xff, 0xff, 0xff, 0x34, 0x0, 0x0, 0x0, 0x0,
    0x0, 0x0, 0x5, 0x96, 0xff, 0xff, 0xff, 0xff,
    0x4d, 0x0, 0xd8, 0xff, 0xff, 0xff, 0x34, 0x0,
    0x0, 0x0, 0x0, 0x0, 0x0, 0x0, 0x1, 0xb4,
    0xff, 0xff, 0xff, 0xc0, 0x0, 0xd8, 0xff, 0xff,
    0xff, 0x34, 0x0, 0x0, 0x0, 0x0, 0x0, 0x0,
    0x0, 0x0, 0x2c, 0xff, 0xff, 0xff, 0xfb, 0xe,
    0xd8, 0xff, 0xff, 0xff, 0x34, 0x0, 0x0, 0x0,
    0x0, 0x0, 0x0, 0x0, 0x0, 0x0, 0xdb, 0xff,
    0xff, 0xff, 0x45, 0xd8, 0xff, 0xff, 0xff, 0x34,
    0x0, 0x0, 0x0, 0x0, 0x0, 0x0, 0x0, 0x0,
    0x0, 0xac, 0xff, 0xff, 0xff, 0x5d, 0xd8, 0xff,
    0xff, 0xff, 0x34, 0x0, 0x0, 0x0, 0x0, 0x0,
    0x0, 0x0, 0x0, 0x0, 0x9d, 0xff, 0xff, 0xff,
    0x6e, 0xd8, 0xff, 0xff, 0xff, 0x34, 0x0, 0x0,
    0x0, 0x0, 0x0, 0x0, 0x0, 0x0, 0x0, 0xac,
    0xff, 0xff, 0xff, 0x5e, 0xd8, 0xff, 0xff, 0xff,
    0x34, 0x0, 0x0, 0x0, 0x0, 0x0, 0x0, 0x0,
    0x0, 0x0, 0xda, 0xff, 0xff, 0xff, 0x46, 0xd8,
    0xff, 0xff, 0xff, 0x34, 0x0, 0x0, 0x0, 0x0,
    0x0, 0x0, 0x0, 0x0, 0x2b, 0xff, 0xff, 0xff,
    0xfc, 0x10, 0xd8, 0xff, 0xff, 0xff, 0x34, 0x0,
    0x0, 0x0, 0x0, 0x0, 0x0, 0x0, 0x1, 0xb3,
    0xff, 0xff, 0xff, 0xc2, 0x0, 0xd8, 0xff, 0xff,
    0xff, 0x34, 0x0, 0x0, 0x0, 0x0, 0x0, 0x0,
    0x4, 0x92, 0xff, 0xff, 0xff, 0xff, 0x51, 0x0,
    0xd8, 0xff, 0xff, 0xff, 0x34, 0x0, 0x0, 0x0,
    0x0, 0x10, 0x58, 0xcf, 0xff, 0xff, 0xff, 0xff,
    0xc4, 0x0, 0x0, 0xd8, 0xff, 0xff, 0xff, 0xd6,
    0xcc, 0xcc, 0xd0, 0xe2, 0xfd, 0xff, 0xff, 0xff,
    0xff, 0xff, 0xe3, 0x18, 0x0, 0x0, 0xd8, 0xff,
    0xff, 0xff, 0xff, 0xff, 0xff, 0xff, 0xff, 0xff,
    0xff, 0xff, 0xff, 0xff, 0xd0, 0x23, 0x0, 0x0,
    0x0, 0xd8, 0xff, 0xff, 0xff, 0xff, 0xff, 0xff,
    0xff, 0xff, 0xff, 0xff, 0xff, 0xef, 0x81, 0x9,
    0x0, 0x0, 0x0, 0x0, 0xd8, 0xff, 0xff, 0xff,
    0xff, 0xff, 0xff, 0xfc, 0xeb, 0xd5, 0xa3, 0x5f,
    0xe, 0x0, 0x0, 0x0, 0x0, 0x0, 0x0,

    /* U+0045 "E" */
    0xd8, 0xff, 0xff, 0xff, 0xff, 0xff, 0xff, 0xff,
    0xff, 0xff, 0xff, 0xff, 0xff, 0xc8, 0xd8, 0xff,
    0xff, 0xff, 0xff, 0xff, 0xff, 0xff, 0xff, 0xff,
    0xff, 0xff, 0xff, 0xc8, 0xd8, 0xff, 0xff, 0xff,
    0xff, 0xff, 0xff, 0xff, 0xff, 0xff, 0xff, 0xff,
    0xff, 0xc8, 0xd8, 0xff, 0xff, 0xff, 0xd6, 0xcc,
    0xcc, 0xcc, 0xcc, 0xcc, 0xcc, 0xcc, 0xcc, 0x9f,
    0xd8, 0xff, 0xff, 0xff, 0x34, 0x0, 0x0, 0x0,
    0x0, 0x0, 0x0, 0x0, 0x0, 0x0, 0xd8, 0xff,
    0xff, 0xff, 0x34, 0x0, 0x0, 0x0, 0x0, 0x0,
    0x0, 0x0, 0x0, 0x0, 0xd8, 0xff, 0xff, 0xff,
    0x34, 0x0, 0x0, 0x0, 0x0, 0x0, 0x0, 0x0,
    0x0, 0x0, 0xd8, 0xff, 0xff, 0xff, 0x34, 0x0,
    0x0, 0x0, 0x0, 0x0, 0x0, 0x0, 0x0, 0x0,
    0xd8, 0xff, 0xff, 0xff, 0xd3, 0xc8, 0xc8, 0xc8,
    0xc8, 0xc8, 0xc8, 0xc8, 0xa2, 0x0, 0xd8, 0xff,
    0xff, 0xff, 0xff, 0xff, 0xff, 0xff, 0xff, 0xff,
    0xff, 0xff, 0xd0, 0x0, 0xd8, 0xff, 0xff, 0xff,
    0xff, 0xff, 0xff, 0xff, 0xff, 0xff, 0xff, 0xff,
    0xd0, 0x0, 0xd8, 0xff, 0xff, 0xff, 0xff, 0xff,
    0xff, 0xff, 0xff, 0xff, 0xff, 0xff, 0xd0, 0x0,
    0xd8, 0xff, 0xff, 0xff, 0x34, 0x0, 0x0, 0x0,
    0x0, 0x0, 0x0, 0x0, 0x0, 0x0, 0xd8, 0xff,
    0xff, 0xff, 0x34, 0x0, 0x0, 0x0, 0x0, 0x0,
    0x0, 0x0, 0x0, 0x0, 0xd8, 0xff, 0xff, 0xff,
    0x34, 0x0, 0x0, 0x0, 0x0, 0x0, 0x0, 0x0,
    0x0, 0x0, 0xd8, 0xff, 0xff, 0xff, 0x34, 0x0,
    0x0, 0x0, 0x0, 0x0, 0x0, 0x0, 0x0, 0x0,
    0xd8, 0xff, 0xff, 0xff, 0x34, 0x0, 0x0, 0x0,
    0x0, 0x0, 0x0, 0x0, 0x0, 0x0, 0xd8, 0xff,
    0xff, 0xff, 0xd6, 0xcc, 0xcc, 0xcc, 0xcc, 0xcc,
    0xcc, 0xcc, 0xcc, 0x9f, 0xd8, 0xff, 0xff, 0xff,
    0xff, 0xff, 0xff, 0xff, 0xff, 0xff, 0xff, 0xff,
    0xff, 0xc8, 0xd8, 0xff, 0xff, 0xff, 0xff, 0xff,
    0xff, 0xff, 0xff, 0xff, 0xff, 0xff, 0xff, 0xc8,
    0xd8, 0xff, 0xff, 0xff, 0xff, 0xff, 0xff, 0xff,
    0xff, 0xff, 0xff, 0xff, 0xff, 0xc8,

    /* U+0046 "F" */
    0xd8, 0xff, 0xff, 0xff, 0xff, 0xff, 0xff, 0xff,
    0xff, 0xff, 0xff, 0xff, 0xff, 0xc8, 0xd8, 0xff,
    0xff, 0xff, 0xff, 0xff, 0xff, 0xff, 0xff, 0xff,
    0xff, 0xff, 0xff, 0xc8, 0xd8, 0xff, 0xff, 0xff,
    0xff, 0xff, 0xff, 0xff, 0xff, 0xff, 0xff, 0xff,
    0xff, 0xc8, 0xd8, 0xff, 0xff, 0xff, 0xd6, 0xcc,
    0xcc, 0xcc, 0xcc, 0xcc, 0xcc, 0xcc, 0xcc, 0x9f,
    0xd8, 0xff, 0xff, 0xff, 0x34, 0x0, 0x0, 0x0,
    0x0, 0x0, 0x0, 0x0, 0x0, 0x0, 0xd8, 0xff,
    0xff, 0xff, 0x34, 0x0, 0x0, 0x0, 0x0, 0x0,
    0x0, 0x0, 0x0, 0x0, 0xd8, 0xff, 0xff, 0xff,
    0x34, 0x0, 0x0, 0x0, 0x0, 0x0, 0x0, 0x0,
    0x0, 0x0, 0xd8, 0xff, 0xff, 0xff, 0x34, 0x0,
    0x0, 0x0, 0x0, 0x0, 0x0, 0x0, 0x0, 0x0,
    0xd8, 0xff, 0xff, 0xff, 0x34, 0x0, 0x0, 0x0,
    0x0, 0x0, 0x0, 0x0, 0x0, 0x0, 0xd8, 0xff,
    0xff, 0xff, 0xff, 0xff, 0xff, 0xff, 0xff, 0xff,
    0xff, 0xff, 0xd0, 0x0, 0xd8, 0xff, 0xff, 0xff,
    0xff, 0xff, 0xff, 0xff, 0xff, 0xff, 0xff, 0xff,
    0xd0, 0x0, 0xd8, 0xff, 0xff, 0xff, 0xff, 0xff,
    0xff, 0xff, 0xff, 0xff, 0xff, 0xff, 0xd0, 0x0,
    0xd8, 0xff, 0xff, 0xff, 0xd6, 0xcc, 0xcc, 0xcc,
    0xcc, 0xcc, 0xcc, 0xcc, 0xa5, 0x0, 0xd8, 0xff,
    0xff, 0xff, 0x34, 0x0, 0x0, 0x0, 0x0, 0x0,
    0x0, 0x0, 0x0, 0x0, 0xd8, 0xff, 0xff, 0xff,
    0x34, 0x0, 0x0, 0x0, 0x0, 0x0, 0x0, 0x0,
    0x0, 0x0, 0xd8, 0xff, 0xff, 0xff, 0x34, 0x0,
    0x0, 0x0, 0x0, 0x0, 0x0, 0x0, 0x0, 0x0,
    0xd8, 0xff, 0xff, 0xff, 0x34, 0x0, 0x0, 0x0,
    0x0, 0x0, 0x0, 0x0, 0x0, 0x0, 0xd8, 0xff,
    0xff, 0xff, 0x34, 0x0, 0x0, 0x0, 0x0, 0x0,
    0x0, 0x0, 0x0, 0x0, 0xd8, 0xff, 0xff, 0xff,
    0x34, 0x0, 0x0, 0x0, 0x0, 0x0, 0x0, 0x0,
    0x0, 0x0, 0xd8, 0xff, 0xff, 0xff, 0x34, 0x0,
    0x0, 0x0, 0x0, 0x0, 0x0, 0x0, 0x0, 0x0,
    0xd8, 0xff, 0xff, 0xff, 0x34, 0x0, 0x0, 0x0,
    0x0, 0x0, 0x0, 0x0, 0x0, 0x0,

    /* U+0047 "G" */
    0x0, 0x0, 0x0, 0x0, 0x0, 0x0, 0xa, 0x58,
    0x9e, 0xd4, 0xeb, 0xfa, 0xe7, 0xcf, 0x97, 0x48,
    0x5, 0x0, 0x0, 0x0, 0x0, 0x0, 0x0, 0x0,
    0x0, 0x0, 0x0, 0x6, 0x78, 0xea, 0xff, 0xff,
    0xff, 0xff, 0xff, 0xff, 0xff, 0xff, 0xff, 0xda,
    0x52, 0x0, 0x0, 0x0, 0x0, 0x0, 0x0, 0x0,
    0x0, 0x20, 0xcb, 0xff, 0xff, 0xff, 0xff, 0xff,
    0xff, 0xff, 0xff, 0xff, 0xff, 0xff, 0xff, 0xff,
    0x9e, 0x5, 0x0, 0x0, 0x0, 0x0, 0x0, 0x1f,
    0xe6, 0xff, 0xff, 0xff, 0xff, 0xff, 0xfc, 0xe0,
    0xd1, 0xe0, 0xfa, 0xff, 0xff, 0xff, 0xff, 0xfe,
    0x53, 0x0, 0x0, 0x0, 0x0, 0xa, 0xd7, 0xff,
    0xff, 0xff, 0xff, 0xce, 0x5a, 0xf, 0x0, 0x0,
    0x0, 0xb, 0x4f, 0xc4, 0xff, 0xf3, 0x4f, 0x0,
    0x0, 0x0, 0x0, 0x0, 0x85, 0xff, 0xff, 0xff,
    0xff, 0x82, 0x3, 0x0, 0x0, 0x0, 0x0, 0x0,
    0x0, 0x0, 0x0, 0x68, 0x2d, 0x0, 0x0, 0x0,
    0x0, 0x0, 0x14, 0xf8, 0xff, 0xff, 0xff, 0x87,
    0x0, 0x0, 0x0, 0x0, 0x0, 0x0, 0x0, 0x0,
    0x0, 0x0, 0x0, 0x0, 0x0, 0x0, 0x0, 0x0,
    0x0, 0x65, 0xff, 0xff, 0xff, 0xdb, 0x6, 0x0,
    0x0, 0x0, 0x0, 0x0, 0x0, 0x0, 0x0, 0x0,
    0x0, 0x0, 0x0, 0x0, 0x0, 0x0, 0x0, 0x0,
    0xac, 0xff, 0xff, 0xff, 0x7a, 0x0, 0x0, 0x0,
    0x0, 0x0, 0x0, 0x0, 0x0, 0x0, 0x0, 0x0,
    0x0, 0x0, 0x0, 0x0, 0x0, 0x0, 0x0, 0xca,
    0xff, 0xff, 0xff, 0x41, 0x0, 0x0, 0x0, 0x0,
    0x0, 0x0, 0xa4, 0xff, 0xff, 0xff, 0xff, 0xff,
    0xff, 0xff, 0xff, 0xff, 0xf6, 0x2, 0xdd, 0xff,
    0xff, 0xff, 0x2e, 0x0, 0x0, 0x0, 0x0, 0x0,
    0x0, 0xa4, 0xff, 0xff, 0xff, 0xff, 0xff, 0xff,
    0xff, 0xff, 0xff, 0xff, 0x11, 0xca, 0xff, 0xff,
    0xff, 0x41, 0x0, 0x0, 0x0, 0x0, 0x0, 0x0,
    0xa4, 0xff, 0xff, 0xff, 0xff, 0xff, 0xff, 0xff,
    0xff, 0xff, 0xff, 0xa, 0xad, 0xff, 0xff, 0xff,
    0x7a, 0x0, 0x0, 0x0, 0x0, 0x0, 0x0, 0x42,
    0x68, 0x68, 0x68, 0x68, 0x68, 0x6c, 0xfb, 0xff,
    0xff, 0xf5, 0x0, 0x66, 0xff, 0xff, 0xff, 0xda,
    0x6, 0x0, 0x0, 0x0, 0x0, 0x0, 0x0, 0x0,
    0x0, 0x0, 0x0, 0x0, 0x4e, 0xff, 0xff, 0xff,
    0xc3, 0x0, 0x15, 0xf9, 0xff, 0xff, 0xff, 0x86,
    0x0, 0x0, 0x0, 0x0, 0x0, 0x0, 0x0, 0x0,
    0x0, 0x0, 0x2, 0xc3, 0xff, 0xff, 0xff, 0x7f,
    0x0, 0x0, 0x87, 0xff, 0xff, 0xff, 0xff, 0x82,
    0x3, 0x0, 0x0, 0x0, 0x0, 0x0, 0x0, 0x0,
    0x7, 0x9e, 0xff, 0xff, 0xff, 0xf8, 0x19, 0x0,
    0x0, 0xb, 0xda, 0xff, 0xff, 0xff, 0xff, 0xcf,
    0x59, 0xe, 0x0, 0x0, 0x0, 0xc, 0x57, 0xd5,
    0xff, 0xff, 0xff, 0xff, 0x87, 0x0, 0x0, 0x0,
    0x0, 0x21, 0xe8, 0xff, 0xff, 0xff, 0xff, 0xff,
    0xfb, 0xdc, 0xcd, 0xdb, 0xfa, 0xff, 0xff, 0xff,
    0xff, 0xff, 0xbf, 0x4, 0x0, 0x0, 0x0, 0x0,
    0x0, 0x23, 0xcd, 0xff, 0xff, 0xff, 0xff, 0xff,
    0xff, 0xff, 0xff, 0xff, 0xff, 0xff, 0xff, 0xff,
    0xae, 0xa, 0x0, 0x0, 0x0, 0x0, 0x0, 0x0,
    0x0, 0x7, 0x79, 0xeb, 0xff, 0xff, 0xff, 0xff,
    0xff, 0xff, 0xff, 0xff, 0xff, 0xe6, 0x67, 0x1,
    0x0, 0x0, 0x0, 0x0, 0x0, 0x0, 0x0, 0x0,
    0x0, 0x0, 0xb, 0x58, 0x9f, 0xd4, 0xec, 0xfa,
    0xea, 0xd3, 0xa0, 0x57, 0x9, 0x0, 0x0, 0x0,
    0x0, 0x0, 0x0,

    /* U+0048 "H" */
    0xd8, 0xff, 0xff, 0xff, 0x34, 0x0, 0x0, 0x0,
    0x0, 0x0, 0x0, 0x0, 0x0, 0xc4, 0xff, 0xff,
    0xff, 0x4c, 0xd8, 0xff, 0xff, 0xff, 0x34, 0x0,
    0x0, 0x0, 0x0, 0x0, 0x0, 0x0, 0x0, 0xc4,
    0xff, 0xff, 0xff, 0x4c, 0xd8, 0xff, 0xff, 0xff,
    0x34, 0x0, 0x0, 0x0, 0x0, 0x0, 0x0, 0x0,
    0x0, 0xc4, 0xff, 0xff, 0xff, 0x4c, 0xd8, 0xff,
    0xff, 0xff, 0x34, 0x0, 0x0, 0x0, 0x0, 0x0,
    0x0, 0x0, 0x0, 0xc4, 0xff, 0xff, 0xff, 0x4c,
    0xd8, 0xff, 0xff, 0xff, 0x34, 0x0, 0x0, 0x0,
    0x0, 0x0, 0x0, 0x0, 0x0, 0xc4, 0xff, 0xff,
    0xff, 0x4c, 0xd8, 0xff, 0xff, 0xff, 0x34, 0x0,
    0x0, 0x0, 0x0, 0x0, 0x0, 0x0, 0x0, 0xc4,
    0xff, 0xff, 0xff, 0x4c, 0xd8, 0xff, 0xff, 0xff,
    0x34, 0x0, 0x0, 0x0, 0x0, 0x0, 0x0, 0x0,
    0x0, 0xc4, 0xff, 0xff, 0xff, 0x4c, 0xd8, 0xff,
    0xff, 0xff, 0x34, 0x0, 0x0, 0x0, 0x0, 0x0,
    0x0, 0x0, 0x0, 0xc4, 0xff, 0xff, 0xff, 0x4c,
    0xd8, 0xff, 0xff, 0xff, 0xd3, 0xc8, 0xc8, 0xc8,
    0xc8, 0xc8, 0xc8, 0xc8, 0xc8, 0xf2, 0xff, 0xff,
    0xff, 0x4c, 0xd8, 0xff, 0xff, 0xff, 0xff, 0xff,
    0xff, 0xff, 0xff, 0xff, 0xff, 0xff, 0xff, 0xff,
    0xff, 0xff, 0xff, 0x4c, 0xd8, 0xff, 0xff, 0xff,
    0xff, 0xff, 0xff, 0xff, 0xff, 0xff, 0xff, 0xff,
    0xff, 0xff, 0xff, 0xff, 0xff, 0x4c, 0xd8, 0xff,
    0xff, 0xff, 0xff, 0xff, 0xff, 0xff, 0xff, 0xff,
    0xff, 0xff, 0xff, 0xff, 0xff, 0xff, 0xff, 0x4c,
    0xd8, 0xff, 0xff, 0xff, 0x34, 0x0, 0x0, 0x0,
    0x0, 0x0, 0x0, 0x0, 0x0, 0xc4, 0xff, 0xff,
    0xff, 0x4c, 0xd8, 0xff, 0xff, 0xff, 0x34, 0x0,
    0x0, 0x0, 0x0, 0x0, 0x0, 0x0, 0x0, 0xc4,
    0xff, 0xff, 0xff, 0x4c, 0xd8, 0xff, 0xff, 0xff,
    0x34, 0x0, 0x0, 0x0, 0x0, 0x0, 0x0, 0x0,
    0x0, 0xc4, 0xff, 0xff, 0xff, 0x4c, 0xd8, 0xff,
    0xff, 0xff, 0x34, 0x0, 0x0, 0x0, 0x0, 0x0,
    0x0, 0x0, 0x0, 0xc4, 0xff, 0xff, 0xff, 0x4c,
    0xd8, 0xff, 0xff, 0xff, 0x34, 0x0, 0x0, 0x0,
    0x0, 0x0, 0x0, 0x0, 0x0, 0xc4, 0xff, 0xff,
    0xff, 0x4c, 0xd8, 0xff, 0xff, 0xff, 0x34, 0x0,
    0x0, 0x0, 0x0, 0x0, 0x0, 0x0, 0x0, 0xc4,
    0xff, 0xff, 0xff, 0x4c, 0xd8, 0xff, 0xff, 0xff,
    0x34, 0x0, 0x0, 0x0, 0x0, 0x0, 0x0, 0x0,
    0x0, 0xc4, 0xff, 0xff, 0xff, 0x4c, 0xd8, 0xff,
    0xff, 0xff, 0x34, 0x0, 0x0, 0x0, 0x0, 0x0,
    0x0, 0x0, 0x0, 0xc4, 0xff, 0xff, 0xff, 0x4c,
    0xd8, 0xff, 0xff, 0xff, 0x34, 0x0, 0x0, 0x0,
    0x0, 0x0, 0x0, 0x0, 0x0, 0xc4, 0xff, 0xff,
    0xff, 0x4c,

    /* U+0049 "I" */
    0xd8, 0xff, 0xff, 0xff, 0x34, 0xd8, 0xff, 0xff,
    0xff, 0x34, 0xd8, 0xff, 0xff, 0xff, 0x34, 0xd8,
    0xff, 0xff, 0xff, 0x34, 0xd8, 0xff, 0xff, 0xff,
    0x34, 0xd8, 0xff, 0xff, 0xff, 0x34, 0xd8, 0xff,
    0xff, 0xff, 0x34, 0xd8, 0xff, 0xff, 0xff, 0x34,
    0xd8, 0xff, 0xff, 0xff, 0x34, 0xd8, 0xff, 0xff,
    0xff, 0x34, 0xd8, 0xff, 0xff, 0xff, 0x34, 0xd8,
    0xff, 0xff, 0xff, 0x34, 0xd8, 0xff, 0xff, 0xff,
    0x34, 0xd8, 0xff, 0xff, 0xff, 0x34, 0xd8, 0xff,
    0xff, 0xff, 0x34, 0xd8, 0xff, 0xff, 0xff, 0x34,
    0xd8, 0xff, 0xff, 0xff, 0x34, 0xd8, 0xff, 0xff,
    0xff, 0x34, 0xd8, 0xff, 0xff, 0xff, 0x34, 0xd8,
    0xff, 0xff, 0xff, 0x34, 0xd8, 0xff, 0xff, 0xff,
    0x34,

    /* U+004A "J" */
    0x0, 0x0, 0x0, 0x0, 0x0, 0x0, 0x0, 0x0,
    0x0, 0x0, 0x34, 0xff, 0xff, 0xff, 0xd8, 0x0,
    0x0, 0x0, 0x0, 0x0, 0x0, 0x0, 0x0, 0x0,
    0x0, 0x34, 0xff, 0xff, 0xff, 0xd8, 0x0, 0x0,
    0x0, 0x0, 0x0, 0x0, 0x0, 0x0, 0x0, 0x0,
    0x34, 0xff, 0xff, 0xff, 0xd8, 0x0, 0x0, 0x0,
    0x0, 0x0, 0x0, 0x0, 0x0, 0x0, 0x0, 0x34,
    0xff, 0xff, 0xff, 0xd8, 0x0, 0x0, 0x0, 0x0,
    0x0, 0x0, 0x0, 0x0, 0x0, 0x0, 0x34, 0xff,
    0xff, 0xff, 0xd8, 0x0, 0x0, 0x0, 0x0, 0x0,
    0x0, 0x0, 0x0, 0x0, 0x0, 0x34, 0xff, 0xff,
    0xff, 0xd8, 0x0, 0x0, 0x0, 0x0, 0x0, 0x0,
    0x0, 0x0, 0x0, 0x0, 0x34, 0xff, 0xff, 0xff,
    0xd8, 0x0, 0x0, 0x0, 0x0, 0x0, 0x0, 0x0,
    0x0, 0x0, 0x0, 0x34, 0xff, 0xff, 0xff, 0xd8,
    0x0, 0x0, 0x0, 0x0, 0x0, 0x0, 0x0, 0x0,
    0x0, 0x0, 0x34, 0xff, 0xff, 0xff, 0xd8, 0x0,
    0x0, 0x0, 0x0, 0x0, 0x0, 0x0, 0x0, 0x0,
    0x0, 0x34, 0xff, 0xff, 0xff, 0xd8, 0x0, 0x0,
    0x0, 0x0, 0x0, 0x0, 0x0, 0x0, 0x0, 0x0,
    0x34, 0xff, 0xff, 0xff, 0xd8, 0x0, 0x0, 0x0,
    0x0, 0x0, 0x0, 0x0, 0x0, 0x0, 0x0, 0x34,
    0xff, 0xff, 0xff, 0xd8, 0x0, 0x0, 0x0, 0x0,
    0x0, 0x0, 0x0, 0x0, 0x0, 0x0, 0x34, 0xff,
    0xff, 0xff, 0xd8, 0x0, 0x0, 0x0, 0x0, 0x0,
    0x0, 0x0, 0x0, 0x0, 0x0, 0x34, 0xff, 0xff,
    0xff, 0xd8, 0x0, 0x0, 0x0, 0x26, 0x3e, 0x0,
    0x0, 0x0, 0x0, 0x0, 0x48, 0xff, 0xff, 0xff,
    0xcd, 0x8, 0x5e, 0xc2, 0xff, 0xdc, 0x6, 0x0,
    0x0, 0x0, 0x0, 0x85, 0xff, 0xff, 0xff, 0xb3,
    0x15, 0xf9, 0xff, 0xff, 0xff, 0xac, 0x14, 0x0,
    0x0, 0x49, 0xf5, 0xff, 0xff, 0xff, 0x72, 0x0,
    0x93, 0xff, 0xff, 0xff, 0xff, 0xf8, 0xd5, 0xe5,
    0xff, 0xff, 0xff, 0xff, 0xf3, 0x17, 0x0, 0xc,
    0xd0, 0xff, 0xff, 0xff, 0xff, 0xff, 0xff, 0xff,
    0xff, 0xff, 0xff, 0x6b, 0x0, 0x0, 0x0, 0x12,
    0xb6, 0xff, 0xff, 0xff, 0xff, 0xff, 0xff, 0xff,
    0xfb, 0x73, 0x0, 0x0, 0x0, 0x0, 0x0, 0x0,
    0x49, 0xa9, 0xe2, 0xf9, 0xf3, 0xd2, 0x8e, 0x24,
    0x0, 0x0, 0x0,

    /* U+004B "K" */
    0xd8, 0xff, 0xff, 0xff, 0x34, 0x0, 0x0, 0x0,
    0x0, 0x0, 0x0, 0x2d, 0xf1, 0xff, 0xff, 0xff,
    0xdf, 0x12, 0x0, 0xd8, 0xff, 0xff, 0xff, 0x34,
    0x0, 0x0, 0x0, 0x0, 0x0, 0x1a, 0xe2, 0xff,
    0xff, 0xff, 0xec, 0x27, 0x0, 0x0, 0xd8, 0xff,
    0xff, 0xff, 0x34, 0x0, 0x0, 0x0, 0x0, 0xc,
    0xce, 0xff, 0xff, 0xff, 0xf6, 0x39, 0x0, 0x0,
    0x0, 0xd8, 0xff, 0xff, 0xff, 0x34, 0x0, 0x0,
    0x0, 0x3, 0xb5, 0xff, 0xff, 0xff, 0xfc, 0x4f,
    0x0, 0x0, 0x0, 0x0, 0xd8, 0xff, 0xff, 0xff,
    0x34, 0x0, 0x0, 0x0, 0x97, 0xff, 0xff, 0xff,
    0xff, 0x69, 0x0, 0x0, 0x0, 0x0, 0x0, 0xd8,
    0xff, 0xff, 0xff, 0x34, 0x0, 0x0, 0x76, 0xff,
    0xff, 0xff, 0xff, 0x85, 0x0, 0x0, 0x0, 0x0,
    0x0, 0x0, 0xd8, 0xff, 0xff, 0xff, 0x34, 0x0,
    0x54, 0xfe, 0xff, 0xff, 0xff, 0xa1, 0x0, 0x0,
    0x0, 0x0, 0x0, 0x0, 0x0, 0xd8, 0xff, 0xff,
    0xff, 0x34, 0x39, 0xf7, 0xff, 0xff, 0xff, 0xb9,
    0x5, 0x0, 0x0, 0x0, 0x0, 0x0, 0x0, 0x0,
    0xd8, 0xff, 0xff, 0xff, 0x57, 0xeb, 0xff, 0xff,
    0xff, 0xce, 0xc, 0x0, 0x0, 0x0, 0x0, 0x0,
    0x0, 0x0, 0x0, 0xd8, 0xff, 0xff, 0xff, 0xfb,
    0xff, 0xff, 0xff, 0xff, 0xcb, 0x5, 0x0, 0x0,
    0x0, 0x0, 0x0, 0x0, 0x0, 0x0, 0xd8, 0xff,
    0xff, 0xff, 0xff, 0xff, 0xff, 0xff, 0xff, 0xff,
    0x87, 0x0, 0x0, 0x0, 0x0, 0x0, 0x0, 0x0,
    0x0, 0xd8, 0xff, 0xff, 0xff, 0xff, 0xff, 0xff,
    0xff, 0xff, 0xff, 0xfd, 0x3f, 0x0, 0x0, 0x0,
    0x0, 0x0, 0x0, 0x0, 0xd8, 0xff, 0xff, 0xff,
    0xff, 0xfe, 0x74, 0xef, 0xff, 0xff, 0xff, 0xe2,
    0x11, 0x0, 0x0, 0x0, 0x0, 0x0, 0x0, 0xd8,
    0xff, 0xff, 0xff, 0xff, 0x75, 0x0, 0x57, 0xff,
    0xff, 0xff, 0xff, 0xaa, 0x0, 0x0, 0x0, 0x0,
    0x0, 0x0, 0xd8, 0xff, 0xff, 0xff, 0x94, 0x0,
    0x0, 0x0, 0x9f, 0xff, 0xff, 0xff, 0xff, 0x61,
    0x0, 0x0, 0x0, 0x0, 0x0, 0xd8, 0xff, 0xff,
    0xff, 0x34, 0x0, 0x0, 0x0, 0xc, 0xda, 0xff,
    0xff, 0xff, 0xf3, 0x24, 0x0, 0x0, 0x0, 0x0,
    0xd8, 0xff, 0xff, 0xff, 0x34, 0x0, 0x0, 0x0,
    0x0, 0x33, 0xfa, 0xff, 0xff, 0xff, 0xc9, 0x4,
    0x0, 0x0, 0x0, 0xd8, 0xff, 0xff, 0xff, 0x34,
    0x0, 0x0, 0x0, 0x0, 0x0, 0x76, 0xff, 0xff,
    0xff, 0xff, 0x84, 0x0, 0x0, 0x0, 0xd8, 0xff,
    0xff, 0xff, 0x34, 0x0, 0x0, 0x0, 0x0, 0x0,
    0x1, 0xbb, 0xff, 0xff, 0xff, 0xfd, 0x3d, 0x0,
    0x0, 0xd8, 0xff, 0xff, 0xff, 0x34, 0x0, 0x0,
    0x0, 0x0, 0x0, 0x0, 0x19, 0xeb, 0xff, 0xff,
    0xff, 0xe1, 0x10, 0x0, 0xd8, 0xff, 0xff, 0xff,
    0x34, 0x0, 0x0, 0x0, 0x0, 0x0, 0x0, 0x0,
    0x4d, 0xff, 0xff, 0xff, 0xff, 0xa8, 0x0,

    /* U+004C "L" */
    0xd8, 0xff, 0xff, 0xff, 0x34, 0x0, 0x0, 0x0,
    0x0, 0x0, 0x0, 0x0, 0x0, 0x0, 0xd8, 0xff,
    0xff, 0xff, 0x34, 0x0, 0x0, 0x0, 0x0, 0x0,
    0x0, 0x0, 0x0, 0x0, 0xd8, 0xff, 0xff, 0xff,
    0x34, 0x0, 0x0, 0x0, 0x0, 0x0, 0x0, 0x0,
    0x0, 0x0, 0xd8, 0xff, 0xff, 0xff, 0x34, 0x0,
    0x0, 0x0, 0x0, 0x0, 0x0, 0x0, 0x0, 0x0,
    0xd8, 0xff, 0xff, 0xff, 0x34, 0x0, 0x0, 0x0,
    0x0, 0x0, 0x0, 0x0, 0x0, 0x0, 0xd8, 0xff,
    0xff, 0xff, 0x34, 0x0, 0x0, 0x0, 0x0, 0x0,
    0x0, 0x0, 0x0, 0x0, 0xd8, 0xff, 0xff, 0xff,
    0x34, 0x0, 0x0, 0x0, 0x0, 0x0, 0x0, 0x0,
    0x0, 0x0, 0xd8, 0xff, 0xff, 0xff, 0x34, 0x0,
    0x0, 0x0, 0x0, 0x0, 0x0, 0x0, 0x0, 0x0,
    0xd8, 0xff, 0xff, 0xff, 0x34, 0x0, 0x0, 0x0,
    0x0, 0x0, 0x0, 0x0, 0x0, 0x0, 0xd8, 0xff,
    0xff, 0xff, 0x34, 0x0, 0x0, 0x0, 0x0, 0x0,
    0x0, 0x0, 0x0, 0x0, 0xd8, 0xff, 0xff, 0xff,
    0x34, 0x0, 0x0, 0x0, 0x0, 0x0, 0x0, 0x0,
    0x0, 0x0, 0xd8, 0xff, 0xff, 0xff, 0x34, 0x0,
    0x0, 0x0, 0x0, 0x0, 0x0, 0x0, 0x0, 0x0,
    0xd8, 0xff, 0xff, 0xff, 0x34, 0x0, 0x0, 0x0,
    0x0, 0x0, 0x0, 0x0, 0x0, 0x0, 0xd8, 0xff,
    0xff, 0xff, 0x34, 0x0, 0x0, 0x0, 0x0, 0x0,
    0x0, 0x0, 0x0, 0x0, 0xd8, 0xff, 0xff, 0xff,
    0x34, 0x0, 0x0, 0x0, 0x0, 0x0, 0x0, 0x0,
    0x0, 0x0, 0xd8, 0xff, 0xff, 0xff, 0x34, 0x0,
    0x0, 0x0, 0x0, 0x0, 0x0, 0x0, 0x0, 0x0,
    0xd8, 0xff, 0xff, 0xff, 0x34, 0x0, 0x0, 0x0,
    0x0, 0x0, 0x0, 0x0, 0x0, 0x0, 0xd8, 0xff,
    0xff, 0xff, 0xd6, 0xcc, 0xcc, 0xcc, 0xcc, 0xcc,
    0xcc, 0xcc, 0xcc, 0x3c, 0xd8, 0xff, 0xff, 0xff,
    0xff, 0xff, 0xff, 0xff, 0xff, 0xff, 0xff, 0xff,
    0xff, 0x4c, 0xd8, 0xff, 0xff, 0xff, 0xff, 0xff,
    0xff, 0xff, 0xff, 0xff, 0xff, 0xff, 0xff, 0x4c,
    0xd8, 0xff, 0xff, 0xff, 0xff, 0xff, 0xff, 0xff,
    0xff, 0xff, 0xff, 0xff, 0xff, 0x4c,

    /* U+004D "M" */
    0xd8, 0xff, 0xff, 0xff, 0x73, 0x0, 0x0, 0x0,
    0x0, 0x0, 0x0, 0x0, 0x0, 0x0, 0x0, 0x0,
    0x0, 0xc3, 0xff, 0xff, 0xff, 0x8c, 0xd8, 0xff,
    0xff, 0xff, 0xf1, 0x18, 0x0, 0x0, 0x0, 0x0,
    0x0, 0x0, 0x0, 0x0, 0x0, 0x0, 0x5b, 0xff,
    0xff, 0xff, 0xff, 0x8c, 0xd8, 0xff, 0xff, 0xff,
    0xff, 0xa1, 0x0, 0x0, 0x0, 0x0, 0x0, 0x0,
    0x0, 0x0, 0x0, 0xc, 0xe5, 0xff, 0xff, 0xff,
    0xff, 0x8c, 0xd8, 0xff, 0xff, 0xff, 0xff, 0xfe,
    0x39, 0x0, 0x0, 0x0, 0x0, 0x0, 0x0, 0x0,
    0x0, 0x8a, 0xff, 0xff, 0xff, 0xff, 0xff, 0x8c,
    0xd8, 0xff, 0xff, 0xff, 0xff, 0xff, 0xcc, 0x2,
    0x0, 0x0, 0x0, 0x0, 0x0, 0x0, 0x27, 0xfa,
    0xff, 0xff, 0xff, 0xff, 0xff, 0x8c, 0xd8, 0xff,
    0xff, 0xff, 0xff, 0xff, 0xff, 0x66, 0x0, 0x0,
    0x0, 0x0, 0x0, 0x0, 0xb8, 0xff, 0xff, 0xff,
    0xff, 0xff, 0xff, 0x8c, 0xd8, 0xff, 0xff, 0xff,
    0xff, 0xff, 0xff, 0xeb, 0x11, 0x0, 0x0, 0x0,
    0x0, 0x50, 0xff, 0xff, 0xff, 0xff, 0xff, 0xff,
    0xff, 0x8c, 0xd8, 0xff, 0xff, 0xf1, 0xa4, 0xff,
    0xff, 0xff, 0x94, 0x0, 0x0, 0x0, 0x8, 0xde,
    0xff, 0xff, 0xff, 0x98, 0xff, 0xff, 0xff, 0x8c,
    0xd8, 0xff, 0xff, 0xfd, 0x1b, 0xf2, 0xff, 0xff,
    0xfc, 0x2e, 0x0, 0x0, 0x7f, 0xff, 0xff, 0xff,
    0xbb, 0x53, 0xff, 0xff, 0xff, 0x8c, 0xd8, 0xff,
    0xff, 0xff, 0x12, 0x76, 0xff, 0xff, 0xff, 0xc1,
    0x0, 0x1f, 0xf6, 0xff, 0xff, 0xfb, 0x2b, 0x64,
    0xff, 0xff, 0xff, 0x8c, 0xd8, 0xff, 0xff, 0xff,
    0x24, 0x6, 0xda, 0xff, 0xff, 0xff, 0x59, 0xae,
    0xff, 0xff, 0xff, 0x92, 0x0, 0x74, 0xff, 0xff,
    0xff, 0x8c, 0xd8, 0xff, 0xff, 0xff, 0x28, 0x0,
    0x4c, 0xff, 0xff, 0xff, 0xf6, 0xff, 0xff, 0xff,
    0xec, 0x11, 0x0, 0x78, 0xff, 0xff, 0xff, 0x8c,
    0xd8, 0xff, 0xff, 0xff, 0x28, 0x0, 0x0, 0xb7,
    0xff, 0xff, 0xff, 0xff, 0xff, 0xff, 0x69, 0x0,
    0x0, 0x78, 0xff, 0xff, 0xff, 0x8c, 0xd8, 0xff,
    0xff, 0xff, 0x28, 0x0, 0x0, 0x27, 0xfa, 0xff,
    0xff, 0xff, 0xff, 0xd1, 0x3, 0x0, 0x0, 0x78,
    0xff, 0xff, 0xff, 0x8c, 0xd8, 0xff, 0xff, 0xff,
    0x28, 0x0, 0x0, 0x0, 0x8d, 0xff, 0xff, 0xff,
    0xff, 0x40, 0x0, 0x0, 0x0, 0x78, 0xff, 0xff,
    0xff, 0x8c, 0xd8, 0xff, 0xff, 0xff, 0x28, 0x0,
    0x0, 0x0, 0xf, 0xe9, 0xff, 0xff, 0xab, 0x0,
    0x0, 0x0, 0x0, 0x78, 0xff, 0xff, 0xff, 0x8c,
    0xd8, 0xff, 0xff, 0xff, 0x28, 0x0, 0x0, 0x0,
    0x0, 0x48, 0x8c, 0x8c, 0x1e, 0x0, 0x0, 0x0,
    0x0, 0x78, 0xff, 0xff, 0xff, 0x8c, 0xd8, 0xff,
    0xff, 0xff, 0x28, 0x0, 0x0, 0x0, 0x0, 0x0,
    0x0, 0x0, 0x0, 0x0, 0x0, 0x0, 0x0, 0x78,
    0xff, 0xff, 0xff, 0x8c, 0xd8, 0xff, 0xff, 0xff,
    0x28, 0x0, 0x0, 0x0, 0x0, 0x0, 0x0, 0x0,
    0x0, 0x0, 0x0, 0x0, 0x0, 0x78, 0xff, 0xff,
    0xff, 0x8c, 0xd8, 0xff, 0xff, 0xff, 0x28, 0x0,
    0x0, 0x0, 0x0, 0x0, 0x0, 0x0, 0x0, 0x0,
    0x0, 0x0, 0x0, 0x78, 0xff, 0xff, 0xff, 0x8c,
    0xd8, 0xff, 0xff, 0xff, 0x28, 0x0, 0x0, 0x0,
    0x0, 0x0, 0x0, 0x0, 0x0, 0x0, 0x0, 0x0,
    0x0, 0x78, 0xff, 0xff, 0xff, 0x8c,

    /* U+004E "N" */
    0xd8, 0xff, 0xff, 0xff, 0xfc, 0x31, 0x0, 0x0,
    0x0, 0x0, 0x0, 0x0, 0x0, 0x7c, 0xff, 0xff,
    0xff, 0x88, 0xd8, 0xff, 0xff, 0xff, 0xff, 0xc9,
    0x2, 0x0, 0x0, 0x0, 0x0, 0x0, 0x0, 0x7c,
    0xff, 0xff, 0xff, 0x88, 0xd8, 0xff, 0xff, 0xff,
    0xff, 0xff, 0x68, 0x0, 0x0, 0x0, 0x0, 0x0,
    0x0, 0x7c, 0xff, 0xff, 0xff, 0x88, 0xd8, 0xff,
    0xff, 0xff, 0xff, 0xff, 0xef, 0x16, 0x0, 0x0,
    0x0, 0x0, 0x0, 0x7c, 0xff, 0xff, 0xff, 0x88,
    0xd8, 0xff, 0xff, 0xff, 0xff, 0xff, 0xff, 0xa2,
    0x0, 0x0, 0x0, 0x0, 0x0, 0x7c, 0xff, 0xff,
    0xff, 0x88, 0xd8, 0xff, 0xff, 0xff, 0xff, 0xff,
    0xff, 0xff, 0x40, 0x0, 0x0, 0x0, 0x0, 0x7c,
    0xff, 0xff, 0xff, 0x88, 0xd8, 0xff, 0xff, 0xf0,
    0xa1, 0xff, 0xff, 0xff, 0xd6, 0x5, 0x0, 0x0,
    0x0, 0x7c, 0xff, 0xff, 0xff, 0x88, 0xd8, 0xff,
    0xff, 0xfc, 0x14, 0xec, 0xff, 0xff, 0xff, 0x79,
    0x0, 0x0, 0x0, 0x7c, 0xff, 0xff, 0xff, 0x88,
    0xd8, 0xff, 0xff, 0xff, 0xd, 0x64, 0xff, 0xff,
    0xff, 0xf6, 0x21, 0x0, 0x0, 0x7c, 0xff, 0xff,
    0xff, 0x88, 0xd8, 0xff, 0xff, 0xff, 0x1d, 0x1,
    0xc5, 0xff, 0xff, 0xff, 0xb4, 0x0, 0x0, 0x7c,
    0xff, 0xff, 0xff, 0x88, 0xd8, 0xff, 0xff, 0xff,
    0x27, 0x0, 0x2e, 0xfb, 0xff, 0xff, 0xff, 0x51,
    0x0, 0x75, 0xff, 0xff, 0xff, 0x88, 0xd8, 0xff,
    0xff, 0xff, 0x28, 0x0, 0x0, 0x8d, 0xff, 0xff,
    0xff, 0xe2, 0xb, 0x66, 0xff, 0xff, 0xff, 0x88,
    0xd8, 0xff, 0xff, 0xff, 0x28, 0x0, 0x0, 0xc,
    0xe4, 0xff, 0xff, 0xff, 0x8b, 0x58, 0xff, 0xff,
    0xff, 0x88, 0xd8, 0xff, 0xff, 0xff, 0x28, 0x0,
    0x0, 0x0, 0x54, 0xff, 0xff, 0xff, 0xfb, 0x76,
    0xff, 0xff, 0xff, 0x88, 0xd8, 0xff, 0xff, 0xff,
    0x28, 0x0, 0x0, 0x0, 0x0, 0xb7, 0xff, 0xff,
    0xff, 0xfa, 0xff, 0xff, 0xff, 0x88, 0xd8, 0xff,
    0xff, 0xff, 0x28, 0x0, 0x0, 0x0, 0x0, 0x23,
    0xf7, 0xff, 0xff, 0xff, 0xff, 0xff, 0xff, 0x88,
    0xd8, 0xff, 0xff, 0xff, 0x28, 0x0, 0x0, 0x0,
    0x0, 0x0, 0x7e, 0xff, 0xff, 0xff, 0xff, 0xff,
    0xff, 0x88, 0xd8, 0xff, 0xff, 0xff, 0x28, 0x0,
    0x0, 0x0, 0x0, 0x0, 0x7, 0xd9, 0xff, 0xff,
    0xff, 0xff, 0xff, 0x88, 0xd8, 0xff, 0xff, 0xff,
    0x28, 0x0, 0x0, 0x0, 0x0, 0x0, 0x0, 0x44,
    0xff, 0xff, 0xff, 0xff, 0xff, 0x88, 0xd8, 0xff,
    0xff, 0xff, 0x28, 0x0, 0x0, 0x0, 0x0, 0x0,
    0x0, 0x0, 0xa7, 0xff, 0xff, 0xff, 0xff, 0x88,
    0xd8, 0xff, 0xff, 0xff, 0x28, 0x0, 0x0, 0x0,
    0x0, 0x0, 0x0, 0x0, 0x19, 0xf1, 0xff, 0xff,
    0xff, 0x88,

    /* U+004F "O" */
    0x0, 0x0, 0x0, 0x0, 0x0, 0x0, 0xf, 0x5d,
    0xa5, 0xd6, 0xed, 0xf9, 0xe5, 0xcb, 0x8d, 0x43,
    0x1, 0x0, 0x0, 0x0, 0x0, 0x0, 0x0, 0x0,
    0x0, 0x0, 0x0, 0xb, 0x7f, 0xef, 0xff, 0xff,
    0xff, 0xff, 0xff, 0xff, 0xff, 0xff, 0xff, 0xd1,
    0x4f, 0x0, 0x0, 0x0, 0x0, 0x0, 0x0, 0x0,
    0x0, 0x26, 0xd4, 0xff, 0xff, 0xff, 0xff, 0xff,
    0xff, 0xff, 0xff, 0xff, 0xff, 0xff, 0xff, 0xff,
    0x9b, 0x7, 0x0, 0x0, 0x0, 0x0, 0x0, 0x27,
    0xed, 0xff, 0xff, 0xff, 0xff, 0xff, 0xfa, 0xdf,
    0xd2, 0xe7, 0xff, 0xff, 0xff, 0xff, 0xff, 0xff,
    0xb8, 0x4, 0x0, 0x0, 0x0, 0xf, 0xdd, 0xff,
    0xff, 0xff, 0xff, 0xc9, 0x54, 0xc, 0x0, 0x0,
    0x0, 0x20, 0x7a, 0xeb, 0xff, 0xff, 0xff, 0xff,
    0x93, 0x0, 0x0, 0x0, 0x8b, 0xff, 0xff, 0xff,
    0xff, 0x79, 0x1, 0x0, 0x0, 0x0, 0x0, 0x0,
    0x0, 0x0, 0x16, 0xbf, 0xff, 0xff, 0xff, 0xfe,
    0x32, 0x0, 0x17, 0xf9, 0xff, 0xff, 0xff, 0x7e,
    0x0, 0x0, 0x0, 0x0, 0x0, 0x0, 0x0, 0x0,
    0x0, 0x0, 0xb, 0xce, 0xff, 0xff, 0xff, 0xb4,
    0x0, 0x67, 0xff, 0xff, 0xff, 0xd8, 0x4, 0x0,
    0x0, 0x0, 0x0, 0x0, 0x0, 0x0, 0x0, 0x0,
    0x0, 0x0, 0x38, 0xff, 0xff, 0xff, 0xfa, 0x11,
    0xad, 0xff, 0xff, 0xff, 0x78, 0x0, 0x0, 0x0,
    0x0, 0x0, 0x0, 0x0, 0x0, 0x0, 0x0, 0x0,
    0x0, 0x0, 0xd3, 0xff, 0xff, 0xff, 0x53, 0xcb,
    0xff, 0xff, 0xff, 0x40, 0x0, 0x0, 0x0, 0x0,
    0x0, 0x0, 0x0, 0x0, 0x0, 0x0, 0x0, 0x0,
    0x0, 0x99, 0xff, 0xff, 0xff, 0x72, 0xde, 0xff,
    0xff, 0xff, 0x2e, 0x0, 0x0, 0x0, 0x0, 0x0,
    0x0, 0x0, 0x0, 0x0, 0x0, 0x0, 0x0, 0x0,
    0x86, 0xff, 0xff, 0xff, 0x85, 0xcb, 0xff, 0xff,
    0xff, 0x40, 0x0, 0x0, 0x0, 0x0, 0x0, 0x0,
    0x0, 0x0, 0x0, 0x0, 0x0, 0x0, 0x0, 0x99,
    0xff, 0xff, 0xff, 0x72, 0xad, 0xff, 0xff, 0xff,
    0x77, 0x0, 0x0, 0x0, 0x0, 0x0, 0x0, 0x0,
    0x0, 0x0, 0x0, 0x0, 0x0, 0x0, 0xd3, 0xff,
    0xff, 0xff, 0x54, 0x67, 0xff, 0xff, 0xff, 0xd6,
    0x4, 0x0, 0x0, 0x0, 0x0, 0x0, 0x0, 0x0,
    0x0, 0x0, 0x0, 0x0, 0x37, 0xff, 0xff, 0xff,
    0xfb, 0x11, 0x17, 0xf9, 0xff, 0xff, 0xff, 0x7c,
    0x0, 0x0, 0x0, 0x0, 0x0, 0x0, 0x0, 0x0,
    0x0, 0x0, 0xa, 0xcd, 0xff, 0xff, 0xff, 0xb5,
    0x0, 0x0, 0x8d, 0xff, 0xff, 0xff, 0xfe, 0x75,
    0x1, 0x0, 0x0, 0x0, 0x0, 0x0, 0x0, 0x0,
    0x14, 0xbc, 0xff, 0xff, 0xff, 0xfe, 0x33, 0x0,
    0x0, 0x10, 0xdf, 0xff, 0xff, 0xff, 0xff, 0xc6,
    0x4f, 0x9, 0x0, 0x0, 0x0, 0x1b, 0x76, 0xe9,
    0xff, 0xff, 0xff, 0xff, 0x95, 0x0, 0x0, 0x0,
    0x0, 0x29, 0xee, 0xff, 0xff, 0xff, 0xff, 0xff,
    0xf8, 0xda, 0xcd, 0xe2, 0xff, 0xff, 0xff, 0xff,
    0xff, 0xff, 0xba, 0x4, 0x0, 0x0, 0x0, 0x0,
    0x0, 0x29, 0xd5, 0xff, 0xff, 0xff, 0xff, 0xff,
    0xff, 0xff, 0xff, 0xff, 0xff, 0xff, 0xff, 0xff,
    0x9e, 0x9, 0x0, 0x0, 0x0, 0x0, 0x0, 0x0,
    0x0, 0xb, 0x81, 0xf0, 0xff, 0xff, 0xff, 0xff,
    0xff, 0xff, 0xff, 0xff, 0xff, 0xd2, 0x51, 0x0,
    0x0, 0x0, 0x0, 0x0, 0x0, 0x0, 0x0, 0x0,
    0x0, 0x0, 0xf, 0x5e, 0xa6, 0xd7, 0xee, 0xf9,
    0xe6, 0xcc, 0x8e, 0x43, 0x1, 0x0, 0x0, 0x0,
    0x0, 0x0, 0x0,

    /* U+0050 "P" */
    0xd8, 0xff, 0xff, 0xff, 0xff, 0xff, 0xff, 0xff,
    0xef, 0xcb, 0x84, 0x1d, 0x0, 0x0, 0x0, 0x0,
    0xd8, 0xff, 0xff, 0xff, 0xff, 0xff, 0xff, 0xff,
    0xff, 0xff, 0xff, 0xfa, 0x79, 0x0, 0x0, 0x0,
    0xd8, 0xff, 0xff, 0xff, 0xff, 0xff, 0xff, 0xff,
    0xff, 0xff, 0xff, 0xff, 0xff, 0x8b, 0x0, 0x0,
    0xd8, 0xff, 0xff, 0xff, 0xd6, 0xcc, 0xcc, 0xcc,
    0xe9, 0xff, 0xff, 0xff, 0xff, 0xff, 0x3e, 0x0,
    0xd8, 0xff, 0xff, 0xff, 0x34, 0x0, 0x0, 0x0,
    0x0, 0x35, 0xdd, 0xff, 0xff, 0xff, 0xaf, 0x0,
    0xd8, 0xff, 0xff, 0xff, 0x34, 0x0, 0x0, 0x0,
    0x0, 0x0, 0x45, 0xff, 0xff, 0xff, 0xf0, 0x0,
    0xd8, 0xff, 0xff, 0xff, 0x34, 0x0, 0x0, 0x0,
    0x0, 0x0, 0x11, 0xff, 0xff, 0xff, 0xff, 0x5,
    0xd8, 0xff, 0xff, 0xff, 0x34, 0x0, 0x0, 0x0,
    0x0, 0x0, 0x47, 0xff, 0xff, 0xff, 0xf0, 0x0,
    0xd8, 0xff, 0xff, 0xff, 0x34, 0x0, 0x0, 0x0,
    0x0, 0x33, 0xdf, 0xff, 0xff, 0xff, 0xb1, 0x0,
    0xd8, 0xff, 0xff, 0xff, 0xd3, 0xc8, 0xc8, 0xc8,
    0xe3, 0xfe, 0xff, 0xff, 0xff, 0xff, 0x42, 0x0,
    0xd8, 0xff, 0xff, 0xff, 0xff, 0xff, 0xff, 0xff,
    0xff, 0xff, 0xff, 0xff, 0xff, 0x8f, 0x0, 0x0,
    0xd8, 0xff, 0xff, 0xff, 0xff, 0xff, 0xff, 0xff,
    0xff, 0xff, 0xff, 0xfb, 0x7d, 0x1, 0x0, 0x0,
    0xd8, 0xff, 0xff, 0xff, 0xff, 0xff, 0xff, 0xff,
    0xf1, 0xcd, 0x88, 0x21, 0x0, 0x0, 0x0, 0x0,
    0xd8, 0xff, 0xff, 0xff, 0x34, 0x0, 0x0, 0x0,
    0x0, 0x0, 0x0, 0x0, 0x0, 0x0, 0x0, 0x0,
    0xd8, 0xff, 0xff, 0xff, 0x34, 0x0, 0x0, 0x0,
    0x0, 0x0, 0x0, 0x0, 0x0, 0x0, 0x0, 0x0,
    0xd8, 0xff, 0xff, 0xff, 0x34, 0x0, 0x0, 0x0,
    0x0, 0x0, 0x0, 0x0, 0x0, 0x0, 0x0, 0x0,
    0xd8, 0xff, 0xff, 0xff, 0x34, 0x0, 0x0, 0x0,
    0x0, 0x0, 0x0, 0x0, 0x0, 0x0, 0x0, 0x0,
    0xd8, 0xff, 0xff, 0xff, 0x34, 0x0, 0x0, 0x0,
    0x0, 0x0, 0x0, 0x0, 0x0, 0x0, 0x0, 0x0,
    0xd8, 0xff, 0xff, 0xff, 0x34, 0x0, 0x0, 0x0,
    0x0, 0x0, 0x0, 0x0, 0x0, 0x0, 0x0, 0x0,
    0xd8, 0xff, 0xff, 0xff, 0x34, 0x0, 0x0, 0x0,
    0x0, 0x0, 0x0, 0x0, 0x0, 0x0, 0x0, 0x0,
    0xd8, 0xff, 0xff, 0xff, 0x34, 0x0, 0x0, 0x0,
    0x0, 0x0, 0x0, 0x0, 0x0, 0x0, 0x0, 0x0,

    /* U+0051 "Q" */
    0x0, 0x0, 0x0, 0x0, 0x0, 0x0, 0xf, 0x5d,
    0xa5, 0xd6, 0xed, 0xf9, 0xe5, 0xcb, 0x8d, 0x43,
    0x1, 0x0, 0x0, 0x0, 0x0, 0x0, 0x0, 0x0,
    0x0, 0x0, 0x0, 0xb, 0x7f, 0xef, 0xff, 0xff,
    0xff, 0xff, 0xff, 0xff, 0xff, 0xff, 0xff, 0xd3,
    0x53, 0x0, 0x0, 0x0, 0x0, 0x0, 0x0, 0x0,
    0x0, 0x26, 0xd4, 0xff, 0xff, 0xff, 0xff, 0xff,
    0xff, 0xff, 0xff, 0xff, 0xff, 0xff, 0xff, 0xff,
    0xa0, 0xa, 0x0, 0x0, 0x0, 0x0, 0x0, 0x27,
    0xed, 0xff, 0xff, 0xff, 0xff, 0xff, 0xfa, 0xdf,
    0xd2, 0xe7, 0xff, 0xff, 0xff, 0xff, 0xff, 0xff,
    0xbe, 0x5, 0x0, 0x0, 0x0, 0xf, 0xdd, 0xff,
    0xff, 0xff, 0xff, 0xc9, 0x54, 0xc, 0x0, 0x0,
    0x0, 0x20, 0x7a, 0xeb, 0xff, 0xff, 0xff, 0xff,
    0x9b, 0x0, 0x0, 0x0, 0x8b, 0xff, 0xff, 0xff,
    0xff, 0x79, 0x1, 0x0, 0x0, 0x0, 0x0, 0x0,
    0x0, 0x0, 0x16, 0xbf, 0xff, 0xff, 0xff, 0xff,
    0x38, 0x0, 0x17, 0xf9, 0xff, 0xff, 0xff, 0x7e,
    0x0, 0x0, 0x0, 0x0, 0x0, 0x0, 0x0, 0x0,
    0x0, 0x0, 0xb, 0xce, 0xff, 0xff, 0xff, 0xba,
    0x0, 0x67, 0xff, 0xff, 0xff, 0xd8, 0x4, 0x0,
    0x0, 0x0, 0x0, 0x0, 0x0, 0x0, 0x0, 0x0,
    0x0, 0x0, 0x38, 0xff, 0xff, 0xff, 0xfc, 0x15,
    0xad, 0xff, 0xff, 0xff, 0x78, 0x0, 0x0, 0x0,
    0x0, 0x0, 0x0, 0x0, 0x0, 0x0, 0x0, 0x0,
    0x0, 0x0, 0xd4, 0xff, 0xff, 0xff, 0x57, 0xcb,
    0xff, 0xff, 0xff, 0x40, 0x0, 0x0, 0x0, 0x0,
    0x0, 0x0, 0x0, 0x0, 0x0, 0x0, 0x0, 0x0,
    0x0, 0x99, 0xff, 0xff, 0xff, 0x74, 0xde, 0xff,
    0xff, 0xff, 0x2e, 0x0, 0x0, 0x0, 0x0, 0x0,
    0x0, 0x0, 0x0, 0x0, 0x0, 0x0, 0x0, 0x0,
    0x86, 0xff, 0xff, 0xff, 0x85, 0xcb, 0xff, 0xff,
    0xff, 0x40, 0x0, 0x0, 0x0, 0x0, 0x0, 0x0,
    0x0, 0x0, 0x0, 0x10, 0x0, 0x0, 0x0, 0x97,
    0xff, 0xff, 0xff, 0x6e, 0xad, 0xff, 0xff, 0xff,
    0x77, 0x0, 0x0, 0x0, 0x0, 0x0, 0x0, 0x0,
    0x19, 0xa9, 0xe2, 0x11, 0x0, 0x0, 0xd1, 0xff,
    0xff, 0xff, 0x50, 0x67, 0xff, 0xff, 0xff, 0xd6,
    0x4, 0x0, 0x0, 0x0, 0x0, 0x0, 0x44, 0xf1,
    0xff, 0xff, 0xae, 0x0, 0x39, 0xff, 0xff, 0xff,
    0xf7, 0xd, 0x17, 0xf9, 0xff, 0xff, 0xff, 0x7c,
    0x0, 0x0, 0x0, 0x0, 0x0, 0x10, 0xdf, 0xff,
    0xff, 0xff, 0x73, 0xd1, 0xff, 0xff, 0xff, 0xac,
    0x0, 0x0, 0x8d, 0xff, 0xff, 0xff, 0xfe, 0x75,
    0x1, 0x0, 0x0, 0x0, 0x0, 0x38, 0xfb, 0xff,
    0xff, 0xff, 0xff, 0xff, 0xff, 0xfa, 0x28, 0x0,
    0x0, 0x10, 0xdf, 0xff, 0xff, 0xff, 0xff, 0xc6,
    0x4f, 0x9, 0x0, 0x0, 0x0, 0x8c, 0xff, 0xff,
    0xff, 0xff, 0xff, 0xff, 0x7e, 0x0, 0x0, 0x0,
    0x0, 0x29, 0xee, 0xff, 0xff, 0xff, 0xff, 0xff,
    0xf8, 0xda, 0xce, 0xe5, 0xff, 0xff, 0xff, 0xff,
    0xff, 0xff, 0x97, 0x0, 0x0, 0x0, 0x0, 0x0,
    0x0, 0x29, 0xd5, 0xff, 0xff, 0xff, 0xff, 0xff,
    0xff, 0xff, 0xff, 0xff, 0xff, 0xff, 0xff, 0xff,
    0xff, 0x4a, 0x0, 0x0, 0x0, 0x0, 0x0, 0x0,
    0x0, 0xb, 0x81, 0xf0, 0xff, 0xff, 0xff, 0xff,
    0xff, 0xff, 0xff, 0xff, 0xff, 0xff, 0xff, 0xff,
    0xe4, 0x10, 0x0, 0x0, 0x0, 0x0, 0x0, 0x0,
    0x0, 0x0, 0xf, 0x5e, 0xa6, 0xd7, 0xee, 0xf9,
    0xe2, 0xc5, 0x86, 0x36, 0xb7, 0xff, 0xff, 0xff,
    0x65, 0x0, 0x0, 0x0, 0x0, 0x0, 0x0, 0x0,
    0x0, 0x0, 0x0, 0x0, 0x0, 0x0, 0x0, 0x0,
    0x0, 0x0, 0x0, 0x1a, 0xee, 0xe5, 0x4c, 0x0,
    0x0, 0x0, 0x0, 0x0, 0x0, 0x0, 0x0, 0x0,
    0x0, 0x0, 0x0, 0x0, 0x0, 0x0, 0x0, 0x0,
    0x0, 0x0, 0x0, 0x3a, 0x10, 0x0, 0x0, 0x0,
    0x0,

    /* U+0052 "R" */
    0xd8, 0xff, 0xff, 0xff, 0xff, 0xff, 0xff, 0xff,
    0xf4, 0xda, 0x9c, 0x38, 0x0, 0x0, 0x0, 0x0,
    0x0, 0xd8, 0xff, 0xff, 0xff, 0xff, 0xff, 0xff,
    0xff, 0xff, 0xff, 0xff, 0xff, 0xa3, 0xb, 0x0,
    0x0, 0x0, 0xd8, 0xff, 0xff, 0xff, 0xff, 0xff,
    0xff, 0xff, 0xff, 0xff, 0xff, 0xff, 0xff, 0xb8,
    0x3, 0x0, 0x0, 0xd8, 0xff, 0xff, 0xff, 0xbd,
    0xac, 0xac, 0xac, 0xc3, 0xf5, 0xff, 0xff, 0xff,
    0xff, 0x66, 0x0, 0x0, 0xd8, 0xff, 0xff, 0xff,
    0x34, 0x0, 0x0, 0x0, 0x0, 0x18, 0xc2, 0xff,
    0xff, 0xff, 0xcf, 0x0, 0x0, 0xd8, 0xff, 0xff,
    0xff, 0x34, 0x0, 0x0, 0x0, 0x0, 0x0, 0x23,
    0xff, 0xff, 0xff, 0xff, 0xd, 0x0, 0xd8, 0xff,
    0xff, 0xff, 0x34, 0x0, 0x0, 0x0, 0x0, 0x0,
    0x0, 0xf0, 0xff, 0xff, 0xff, 0x21, 0x0, 0xd8,
    0xff, 0xff, 0xff, 0x34, 0x0, 0x0, 0x0, 0x0,
    0x0, 0x20, 0xff, 0xff, 0xff, 0xfe, 0xf, 0x0,
    0xd8, 0xff, 0xff, 0xff, 0x34, 0x0, 0x0, 0x0,
    0x0, 0x18, 0xc3, 0xff, 0xff, 0xff, 0xc8, 0x0,
    0x0, 0xd8, 0xff, 0xff, 0xff, 0xbd, 0xac, 0xac,
    0xac, 0xc1, 0xf4, 0xff, 0xff, 0xff, 0xff, 0x49,
    0x0, 0x0, 0xd8, 0xff, 0xff, 0xff, 0xff, 0xff,
    0xff, 0xff, 0xff, 0xff, 0xff, 0xff, 0xfe, 0x74,
    0x0, 0x0, 0x0, 0xd8, 0xff, 0xff, 0xff, 0xff,
    0xff, 0xff, 0xff, 0xff, 0xff, 0xff, 0xe1, 0x54,
    0x0, 0x0, 0x0, 0x0, 0xd8, 0xff, 0xff, 0xff,
    0xff, 0xff, 0xff, 0xff, 0xff, 0xff, 0xbb, 0x6,
    0x0, 0x0, 0x0, 0x0, 0x0, 0xd8, 0xff, 0xff,
    0xff, 0x34, 0x0, 0x90, 0xff, 0xff, 0xff, 0xfa,
    0x32, 0x0, 0x0, 0x0, 0x0, 0x0, 0xd8, 0xff,
    0xff, 0xff, 0x34, 0x0, 0x8, 0xd5, 0xff, 0xff,
    0xff, 0xd4, 0x7, 0x0, 0x0, 0x0, 0x0, 0xd8,
    0xff, 0xff, 0xff, 0x34, 0x0, 0x0, 0x31, 0xfa,
    0xff, 0xff, 0xff, 0x8a, 0x0, 0x0, 0x0, 0x0,
    0xd8, 0xff, 0xff, 0xff, 0x34, 0x0, 0x0, 0x0,
    0x7a, 0xff, 0xff, 0xff, 0xfd, 0x3b, 0x0, 0x0,
    0x0, 0xd8, 0xff, 0xff, 0xff, 0x34, 0x0, 0x0,
    0x0, 0x3, 0xc4, 0xff, 0xff, 0xff, 0xdc, 0xb,
    0x0, 0x0, 0xd8, 0xff, 0xff, 0xff, 0x34, 0x0,
    0x0, 0x0, 0x0, 0x22, 0xf3, 0xff, 0xff, 0xff,
    0x96, 0x0, 0x0, 0xd8, 0xff, 0xff, 0xff, 0x34,
    0x0, 0x0, 0x0, 0x0, 0x0, 0x64, 0xff, 0xff,
    0xff, 0xff, 0x46, 0x0, 0xd8, 0xff, 0xff, 0xff,
    0x34, 0x0, 0x0, 0x0, 0x0, 0x0, 0x0, 0xb0,
    0xff, 0xff, 0xff, 0xe3, 0x10,

    /* U+0053 "S" */
    0x0, 0x0, 0x0, 0x0, 0x19, 0x7e, 0xc6, 0xed,
    0xfb, 0xed, 0xc3, 0x77, 0x11, 0x0, 0x0, 0x0,
    0x0, 0x0, 0x0, 0x0, 0x65, 0xf5, 0xff, 0xff,
    0xff, 0xff, 0xff, 0xff, 0xff, 0xeb, 0x4a, 0x0,
    0x0, 0x0, 0x0, 0x0, 0x61, 0xff, 0xff, 0xff,
    0xff, 0xff, 0xff, 0xff, 0xff, 0xff, 0xff, 0xfb,
    0x44, 0x0, 0x0, 0x0, 0xd, 0xf1, 0xff, 0xff,
    0xff, 0xff, 0xcf, 0xb4, 0xd0, 0xff, 0xff, 0xff,
    0xff, 0xe2, 0x8, 0x0, 0x0, 0x54, 0xff, 0xff,
    0xff, 0xe9, 0x34, 0x0, 0x0, 0x0, 0x41, 0xf0,
    0xff, 0xff, 0xc4, 0x24, 0x0, 0x0, 0x71, 0xff,
    0xff, 0xff, 0x88, 0x0, 0x0, 0x0, 0x0, 0x0,
    0x55, 0x88, 0x26, 0x0, 0x0, 0x0, 0x0, 0x5b,
    0xff, 0xff, 0xff, 0xb7, 0x0, 0x0, 0x0, 0x0,
    0x0, 0x0, 0x0, 0x0, 0x0, 0x0, 0x0, 0x0,
    0x14, 0xf4, 0xff, 0xff, 0xff, 0xab, 0x20, 0x0,
    0x0, 0x0, 0x0, 0x0, 0x0, 0x0, 0x0, 0x0,
    0x0, 0x0, 0x5a, 0xff, 0xff, 0xff, 0xff, 0xfd,
    0xb9, 0x61, 0x12, 0x0, 0x0, 0x0, 0x0, 0x0,
    0x0, 0x0, 0x0, 0x0, 0x6a, 0xf7, 0xff, 0xff,
    0xff, 0xff, 0xff, 0xf8, 0xa4, 0x3b, 0x0, 0x0,
    0x0, 0x0, 0x0, 0x0, 0x0, 0x0, 0x2b, 0xa5,
    0xf9, 0xff, 0xff, 0xff, 0xff, 0xff, 0xff, 0xaa,
    0xe, 0x0, 0x0, 0x0, 0x0, 0x0, 0x0, 0x0,
    0x0, 0x13, 0x65, 0xbe, 0xfe, 0xff, 0xff, 0xff,
    0xff, 0xc9, 0x8, 0x0, 0x0, 0x0, 0x0, 0x0,
    0x0, 0x0, 0x0, 0x0, 0x0, 0x26, 0xa4, 0xff,
    0xff, 0xff, 0xff, 0x7d, 0x0, 0x0, 0x0, 0x0,
    0x0, 0xe, 0x0, 0x0, 0x0, 0x0, 0x0, 0x0,
    0x76, 0xff, 0xff, 0xff, 0xde, 0x0, 0x0, 0x1c,
    0x76, 0xd1, 0xd2, 0x0, 0x0, 0x0, 0x0, 0x0,
    0x0, 0xe, 0xfe, 0xff, 0xff, 0xff, 0x8, 0x1d,
    0xfd, 0xff, 0xff, 0xff, 0x64, 0x0, 0x0, 0x0,
    0x0, 0x0, 0x1c, 0xff, 0xff, 0xff, 0xfe, 0x7,
    0x0, 0xbb, 0xff, 0xff, 0xff, 0xf9, 0x73, 0x5,
    0x0, 0x0, 0x29, 0xcb, 0xff, 0xff, 0xff, 0xde,
    0x0, 0x0, 0x2d, 0xf8, 0xff, 0xff, 0xff, 0xff,
    0xf7, 0xd4, 0xe0, 0xff, 0xff, 0xff, 0xff, 0xff,
    0x7b, 0x0, 0x0, 0x0, 0x5a, 0xfc, 0xff, 0xff,
    0xff, 0xff, 0xff, 0xff, 0xff, 0xff, 0xff, 0xff,
    0xc6, 0x6, 0x0, 0x0, 0x0, 0x0, 0x48, 0xe5,
    0xff, 0xff, 0xff, 0xff, 0xff, 0xff, 0xff, 0xff,
    0xa4, 0xb, 0x0, 0x0, 0x0, 0x0, 0x0, 0x0,
    0xc, 0x6b, 0xba, 0xe8, 0xfb, 0xf3, 0xce, 0x8f,
    0x31, 0x0, 0x0, 0x0, 0x0,

    /* U+0054 "T" */
    0x48, 0xff, 0xff, 0xff, 0xff, 0xff, 0xff, 0xff,
    0xff, 0xff, 0xff, 0xff, 0xff, 0xff, 0xff, 0xff,
    0xc4, 0x48, 0xff, 0xff, 0xff, 0xff, 0xff, 0xff,
    0xff, 0xff, 0xff, 0xff, 0xff, 0xff, 0xff, 0xff,
    0xff, 0xc4, 0x48, 0xff, 0xff, 0xff, 0xff, 0xff,
    0xff, 0xff, 0xff, 0xff, 0xff, 0xff, 0xff, 0xff,
    0xff, 0xff, 0xc4, 0x39, 0xcc, 0xcc, 0xcc, 0xcc,
    0xcc, 0xda, 0xff, 0xff, 0xff, 0xf3, 0xcc, 0xcc,
    0xcc, 0xcc, 0xcc, 0x9c, 0x0, 0x0, 0x0, 0x0,
    0x0, 0x0, 0x48, 0xff, 0xff, 0xff, 0xc4, 0x0,
    0x0, 0x0, 0x0, 0x0, 0x0, 0x0, 0x0, 0x0,
    0x0, 0x0, 0x0, 0x48, 0xff, 0xff, 0xff, 0xc4,
    0x0, 0x0, 0x0, 0x0, 0x0, 0x0, 0x0, 0x0,
    0x0, 0x0, 0x0, 0x0, 0x48, 0xff, 0xff, 0xff,
    0xc4, 0x0, 0x0, 0x0, 0x0, 0x0, 0x0, 0x0,
    0x0, 0x0, 0x0, 0x0, 0x0, 0x48, 0xff, 0xff,
    0xff, 0xc4, 0x0, 0x0, 0x0, 0x0, 0x0, 0x0,
    0x0, 0x0, 0x0, 0x0, 0x0, 0x0, 0x48, 0xff,
    0xff, 0xff, 0xc4, 0x0, 0x0, 0x0, 0x0, 0x0,
    0x0, 0x0, 0x0, 0x0, 0x0, 0x0, 0x0, 0x48,
    0xff, 0xff, 0xff, 0xc4, 0x0, 0x0, 0x0, 0x0,
    0x0, 0x0, 0x0, 0x0, 0x0, 0x0, 0x0, 0x0,
    0x48, 0xff, 0xff, 0xff, 0xc4, 0x0, 0x0, 0x0,
    0x0, 0x0, 0x0, 0x0, 0x0, 0x0, 0x0, 0x0,
    0x0, 0x48, 0xff, 0xff, 0xff, 0xc4, 0x0, 0x0,
    0x0, 0x0, 0x0, 0x0, 0x0, 0x0, 0x0, 0x0,
    0x0, 0x0, 0x48, 0xff, 0xff, 0xff, 0xc4, 0x0,
    0x0, 0x0, 0x0, 0x0, 0x0, 0x0, 0x0, 0x0,
    0x0, 0x0, 0x0, 0x48, 0xff, 0xff, 0xff, 0xc4,
    0x0, 0x0, 0x0, 0x0, 0x0, 0x0, 0x0, 0x0,
    0x0, 0x0, 0x0, 0x0, 0x48, 0xff, 0xff, 0xff,
    0xc4, 0x0, 0x0, 0x0, 0x0, 0x0, 0x0, 0x0,
    0x0, 0x0, 0x0, 0x0, 0x0, 0x48, 0xff, 0xff,
    0xff, 0xc4, 0x0, 0x0, 0x0, 0x0, 0x0, 0x0,
    0x0, 0x0, 0x0, 0x0, 0x0, 0x0, 0x48, 0xff,
    0xff, 0xff, 0xc4, 0x0, 0x0, 0x0, 0x0, 0x0,
    0x0, 0x0, 0x0, 0x0, 0x0, 0x0, 0x0, 0x48,
    0xff, 0xff, 0xff, 0xc4, 0x0, 0x0, 0x0, 0x0,
    0x0, 0x0, 0x0, 0x0, 0x0, 0x0, 0x0, 0x0,
    0x48, 0xff, 0xff, 0xff, 0xc4, 0x0, 0x0, 0x0,
    0x0, 0x0, 0x0, 0x0, 0x0, 0x0, 0x0, 0x0,
    0x0, 0x48, 0xff, 0xff, 0xff, 0xc4, 0x0, 0x0,
    0x0, 0x0, 0x0, 0x0, 0x0, 0x0, 0x0, 0x0,
    0x0, 0x0, 0x48, 0xff, 0xff, 0xff, 0xc4, 0x0,
    0x0, 0x0, 0x0, 0x0, 0x0,

    /* U+0055 "U" */
    0x50, 0xff, 0xff, 0xff, 0xbc, 0x0, 0x0, 0x0,
    0x0, 0x0, 0x0, 0x0, 0x0, 0xa8, 0xff, 0xff,
    0xff, 0x64, 0x50, 0xff, 0xff, 0xff, 0xbc, 0x0,
    0x0, 0x0, 0x0, 0x0, 0x0, 0x0, 0x0, 0xa8,
    0xff, 0xff, 0xff, 0x64, 0x50, 0xff, 0xff, 0xff,
    0xbc, 0x0, 0x0, 0x0, 0x0, 0x0, 0x0, 0x0,
    0x0, 0xa8, 0xff, 0xff, 0xff, 0x64, 0x50, 0xff,
    0xff, 0xff, 0xbc, 0x0, 0x0, 0x0, 0x0, 0x0,
    0x0, 0x0, 0x0, 0xa8, 0xff, 0xff, 0xff, 0x64,
    0x50, 0xff, 0xff, 0xff, 0xbc, 0x0, 0x0, 0x0,
    0x0, 0x0, 0x0, 0x0, 0x0, 0xa8, 0xff, 0xff,
    0xff, 0x64, 0x50, 0xff, 0xff, 0xff, 0xbc, 0x0,
    0x0, 0x0, 0x0, 0x0, 0x0, 0x0, 0x0, 0xa8,
    0xff, 0xff, 0xff, 0x64, 0x50, 0xff, 0xff, 0xff,
    0xbc, 0x0, 0x0, 0x0, 0x0, 0x0, 0x0, 0x0,
    0x0, 0xa8, 0xff, 0xff, 0xff, 0x64, 0x50, 0xff,
    0xff, 0xff, 0xbc, 0x0, 0x0, 0x0, 0x0, 0x0,
    0x0, 0x0, 0x0, 0xa8, 0xff, 0xff, 0xff, 0x64,
    0x50, 0xff, 0xff, 0xff, 0xbc, 0x0, 0x0, 0x0,
    0x0, 0x0, 0x0, 0x0, 0x0, 0xa8, 0xff, 0xff,
    0xff, 0x64, 0x50, 0xff, 0xff, 0xff, 0xbc, 0x0,
    0x0, 0x0, 0x0, 0x0, 0x0, 0x0, 0x0, 0xa8,
    0xff, 0xff, 0xff, 0x64, 0x50, 0xff, 0xff, 0xff,
    0xbc, 0x0, 0x0, 0x0, 0x0, 0x0, 0x0, 0x0,
    0x0, 0xa8, 0xff, 0xff, 0xff, 0x64, 0x50, 0xff,
    0xff, 0xff, 0xbc, 0x0, 0x0, 0x0, 0x0, 0x0,
    0x0, 0x0, 0x0, 0xa8, 0xff, 0xff, 0xff, 0x64,
    0x4c, 0xff, 0xff, 0xff, 0xbd, 0x0, 0x0, 0x0,
    0x0, 0x0, 0x0, 0x0, 0x0, 0xaa, 0xff, 0xff,
    0xff, 0x5f, 0x3a, 0xff, 0xff, 0xff, 0xd1, 0x0,
    0x0, 0x0, 0x0, 0x0, 0x0, 0x0, 0x0, 0xbf,
    0xff, 0xff, 0xff, 0x4c, 0x1a, 0xff, 0xff, 0xff,
    0xfb, 0x13, 0x0, 0x0, 0x0, 0x0, 0x0, 0x0,
    0xb, 0xf4, 0xff, 0xff, 0xff, 0x29, 0x0, 0xd9,
    0xff, 0xff, 0xff, 0x8c, 0x0, 0x0, 0x0, 0x0,
    0x0, 0x0, 0x7f, 0xff, 0xff, 0xff, 0xe5, 0x0,
    0x0, 0x7b, 0xff, 0xff, 0xff, 0xff, 0x8a, 0xf,
    0x0, 0x0, 0xc, 0x80, 0xfe, 0xff, 0xff, 0xff,
    0x80, 0x0, 0x0, 0xe, 0xe5, 0xff, 0xff, 0xff,
    0xff, 0xf9, 0xd3, 0xd2, 0xf8, 0xff, 0xff, 0xff,
    0xff, 0xe4, 0x11, 0x0, 0x0, 0x0, 0x3b, 0xf6,
    0xff, 0xff, 0xff, 0xff, 0xff, 0xff, 0xff, 0xff,
    0xff, 0xff, 0xf3, 0x39, 0x0, 0x0, 0x0, 0x0,
    0x0, 0x33, 0xda, 0xff, 0xff, 0xff, 0xff, 0xff,
    0xff, 0xff, 0xff, 0xd4, 0x2e, 0x0, 0x0, 0x0,
    0x0, 0x0, 0x0, 0x0, 0x4, 0x5c, 0xab, 0xe0,
    0xf6, 0xf5, 0xdf, 0xa8, 0x56, 0x2, 0x0, 0x0,
    0x0, 0x0,

    /* U+0056 "V" */
    0x76, 0xff, 0xff, 0xff, 0xe5, 0x2, 0x0, 0x0,
    0x0, 0x0, 0x0, 0x0, 0x0, 0x0, 0x0, 0x87,
    0xff, 0xff, 0xff, 0xdb, 0x0, 0x1b, 0xfd, 0xff,
    0xff, 0xff, 0x43, 0x0, 0x0, 0x0, 0x0, 0x0,
    0x0, 0x0, 0x0, 0x1, 0xe2, 0xff, 0xff, 0xff,
    0x7c, 0x0, 0x0, 0xbd, 0xff, 0xff, 0xff, 0x9d,
    0x0, 0x0, 0x0, 0x0, 0x0, 0x0, 0x0, 0x0,
    0x41, 0xff, 0xff, 0xff, 0xfe, 0x1e, 0x0, 0x0,
    0x60, 0xff, 0xff, 0xff, 0xef, 0x7, 0x0, 0x0,
    0x0, 0x0, 0x0, 0x0, 0x0, 0x9e, 0xff, 0xff,
    0xff, 0xbd, 0x0, 0x0, 0x0, 0xd, 0xf6, 0xff,
    0xff, 0xff, 0x51, 0x0, 0x0, 0x0, 0x0, 0x0,
    0x0, 0x9, 0xf1, 0xff, 0xff, 0xff, 0x5d, 0x0,
    0x0, 0x0, 0x0, 0xa7, 0xff, 0xff, 0xff, 0xab,
    0x0, 0x0, 0x0, 0x0, 0x0, 0x0, 0x59, 0xff,
    0xff, 0xff, 0xf3, 0xa, 0x0, 0x0, 0x0, 0x0,
    0x4b, 0xff, 0xff, 0xff, 0xf7, 0xd, 0x0, 0x0,
    0x0, 0x0, 0x0, 0xb6, 0xff, 0xff, 0xff, 0x9e,
    0x0, 0x0, 0x0, 0x0, 0x0, 0x4, 0xe9, 0xff,
    0xff, 0xff, 0x5f, 0x0, 0x0, 0x0, 0x0, 0x17,
    0xfb, 0xff, 0xff, 0xff, 0x3e, 0x0, 0x0, 0x0,
    0x0, 0x0, 0x0, 0x91, 0xff, 0xff, 0xff, 0xb9,
    0x0, 0x0, 0x0, 0x0, 0x71, 0xff, 0xff, 0xff,
    0xdd, 0x1, 0x0, 0x0, 0x0, 0x0, 0x0, 0x0,
    0x35, 0xff, 0xff, 0xff, 0xfc, 0x16, 0x0, 0x0,
    0x0, 0xce, 0xff, 0xff, 0xff, 0x7f, 0x0, 0x0,
    0x0, 0x0, 0x0, 0x0, 0x0, 0x0, 0xd8, 0xff,
    0xff, 0xff, 0x6d, 0x0, 0x0, 0x2b, 0xff, 0xff,
    0xff, 0xfe, 0x21, 0x0, 0x0, 0x0, 0x0, 0x0,
    0x0, 0x0, 0x0, 0x7c, 0xff, 0xff, 0xff, 0xc7,
    0x0, 0x0, 0x88, 0xff, 0xff, 0xff, 0xc0, 0x0,
    0x0, 0x0, 0x0, 0x0, 0x0, 0x0, 0x0, 0x0,
    0x20, 0xfe, 0xff, 0xff, 0xff, 0x21, 0x1, 0xe3,
    0xff, 0xff, 0xff, 0x60, 0x0, 0x0, 0x0, 0x0,
    0x0, 0x0, 0x0, 0x0, 0x0, 0x0, 0xc3, 0xff,
    0xff, 0xff, 0x6d, 0x38, 0xff, 0xff, 0xff, 0xf4,
    0xc, 0x0, 0x0, 0x0, 0x0, 0x0, 0x0, 0x0,
    0x0, 0x0, 0x0, 0x66, 0xff, 0xff, 0xff, 0xb5,
    0x89, 0xff, 0xff, 0xff, 0xa1, 0x0, 0x0, 0x0,
    0x0, 0x0, 0x0, 0x0, 0x0, 0x0, 0x0, 0x0,
    0x10, 0xf8, 0xff, 0xff, 0xf7, 0xe9, 0xff, 0xff,
    0xff, 0x41, 0x0, 0x0, 0x0, 0x0, 0x0, 0x0,
    0x0, 0x0, 0x0, 0x0, 0x0, 0x0, 0xad, 0xff,
    0xff, 0xff, 0xff, 0xff, 0xff, 0xe0, 0x1, 0x0,
    0x0, 0x0, 0x0, 0x0, 0x0, 0x0, 0x0, 0x0,
    0x0, 0x0, 0x0, 0x50, 0xff, 0xff, 0xff, 0xff,
    0xff, 0xff, 0x82, 0x0, 0x0, 0x0, 0x0, 0x0,
    0x0, 0x0, 0x0, 0x0, 0x0, 0x0, 0x0, 0x0,
    0x6, 0xed, 0xff, 0xff, 0xff, 0xff, 0xff, 0x23,
    0x0, 0x0, 0x0, 0x0, 0x0, 0x0, 0x0, 0x0,
    0x0, 0x0, 0x0, 0x0, 0x0, 0x0, 0x97, 0xff,
    0xff, 0xff, 0xff, 0xc3, 0x0, 0x0, 0x0, 0x0,
    0x0, 0x0, 0x0, 0x0, 0x0, 0x0, 0x0, 0x0,
    0x0, 0x0, 0x0, 0x3a, 0xff, 0xff, 0xff, 0xff,
    0x63, 0x0, 0x0, 0x0, 0x0, 0x0, 0x0, 0x0,
    0x0,

    /* U+0057 "W" */
    0x60, 0xff, 0xff, 0xff, 0xe5, 0x0, 0x0, 0x0,
    0x0, 0x0, 0x0, 0x0, 0x0, 0x0, 0x0, 0x0,
    0x0, 0x0, 0x0, 0x0, 0x0, 0x0, 0x0, 0x49,
    0xff, 0xff, 0xff, 0xf7, 0x9, 0x18, 0xfe, 0xff,
    0xff, 0xff, 0x2b, 0x0, 0x0, 0x0, 0x0, 0x0,
    0x0, 0x0, 0x0, 0x0, 0x0, 0x0, 0x0, 0x0,
    0x0, 0x0, 0x0, 0x0, 0x89, 0xff, 0xff, 0xff,
    0xbb, 0x0, 0x0, 0xcf, 0xff, 0xff, 0xff, 0x71,
    0x0, 0x0, 0x0, 0x0, 0x0, 0x0, 0x17, 0x30,
    0x30, 0x30, 0x10, 0x0, 0x0, 0x0, 0x0, 0x0,
    0x0, 0xca, 0xff, 0xff, 0xff, 0x75, 0x0, 0x0,
    0x87, 0xff, 0xff, 0xff, 0xb6, 0x0, 0x0, 0x0,
    0x0, 0x0, 0x0, 0xae, 0xff, 0xff, 0xff, 0x89,
    0x0, 0x0, 0x0, 0x0, 0x0, 0xe, 0xfc, 0xff,
    0xff, 0xff, 0x30, 0x0, 0x0, 0x3f, 0xff, 0xff,
    0xff, 0xf5, 0x6, 0x0, 0x0, 0x0, 0x0, 0xb,
    0xf6, 0xff, 0xff, 0xff, 0xde, 0x0, 0x0, 0x0,
    0x0, 0x0, 0x4c, 0xff, 0xff, 0xff, 0xe9, 0x1,
    0x0, 0x0, 0x4, 0xf1, 0xff, 0xff, 0xff, 0x41,
    0x0, 0x0, 0x0, 0x0, 0x56, 0xff, 0xff, 0xff,
    0xff, 0xff, 0x33, 0x0, 0x0, 0x0, 0x0, 0x8d,
    0xff, 0xff, 0xff, 0xa5, 0x0, 0x0, 0x0, 0x0,
    0xae, 0xff, 0xff, 0xff, 0x87, 0x0, 0x0, 0x0,
    0x0, 0xa9, 0xff, 0xff, 0xff, 0xff, 0xff, 0x87,
    0x0, 0x0, 0x0, 0x0, 0xce, 0xff, 0xff, 0xff,
    0x5f, 0x0, 0x0, 0x0, 0x0, 0x65, 0xff, 0xff,
    0xff, 0xcc, 0x0, 0x0, 0x0, 0x8, 0xf3, 0xff,
    0xff, 0xff, 0xff, 0xff, 0xdc, 0x0, 0x0, 0x0,
    0x11, 0xfd, 0xff, 0xff, 0xff, 0x1a, 0x0, 0x0,
    0x0, 0x0, 0x1d, 0xff, 0xff, 0xff, 0xfd, 0x14,
    0x0, 0x0, 0x51, 0xff, 0xff, 0xff, 0xd8, 0xff,
    0xff, 0xff, 0x31, 0x0, 0x0, 0x50, 0xff, 0xff,
    0xff, 0xd4, 0x0, 0x0, 0x0, 0x0, 0x0, 0x0,
    0xd5, 0xff, 0xff, 0xff, 0x57, 0x0, 0x0, 0xa5,
    0xff, 0xff, 0xfd, 0x44, 0xff, 0xff, 0xff, 0x85,
    0x0, 0x0, 0x91, 0xff, 0xff, 0xff, 0x8f, 0x0,
    0x0, 0x0, 0x0, 0x0, 0x0, 0x8c, 0xff, 0xff,
    0xff, 0x9d, 0x0, 0x6, 0xf1, 0xff, 0xff, 0xca,
    0x1, 0xe9, 0xff, 0xff, 0xda, 0x0, 0x0, 0xd1,
    0xff, 0xff, 0xff, 0x49, 0x0, 0x0, 0x0, 0x0,
    0x0, 0x0, 0x44, 0xff, 0xff, 0xff, 0xe2, 0x0,
    0x4c, 0xff, 0xff, 0xff, 0x7b, 0x0, 0x9c, 0xff,
    0xff, 0xff, 0x2e, 0x13, 0xfe, 0xff, 0xff, 0xf9,
    0xb, 0x0, 0x0, 0x0, 0x0, 0x0, 0x0, 0x7,
    0xf4, 0xff, 0xff, 0xff, 0x24, 0x9c, 0xff, 0xff,
    0xff, 0x26, 0x0, 0x47, 0xff, 0xff, 0xff, 0x7f,
    0x50, 0xff, 0xff, 0xff, 0xbe, 0x0, 0x0, 0x0,
    0x0, 0x0, 0x0, 0x0, 0x0, 0xb3, 0xff, 0xff,
    0xff, 0x5c, 0xe5, 0xff, 0xff, 0xd0, 0x0, 0x0,
    0x4, 0xed, 0xff, 0xff, 0xc6, 0x85, 0xff, 0xff,
    0xff, 0x79, 0x0, 0x0, 0x0, 0x0, 0x0, 0x0,
    0x0, 0x0, 0x6b, 0xff, 0xff, 0xff, 0xd0, 0xff,
    0xff, 0xff, 0x7b, 0x0, 0x0, 0x0, 0x9d, 0xff,
    0xff, 0xfc, 0xd8, 0xff, 0xff, 0xff, 0x33, 0x0,
    0x0, 0x0, 0x0, 0x0, 0x0, 0x0, 0x0, 0x22,
    0xff, 0xff, 0xff, 0xff, 0xff, 0xff, 0xff, 0x25,
    0x0, 0x0, 0x0, 0x48, 0xff, 0xff, 0xff, 0xff,
    0xff, 0xff, 0xec, 0x2, 0x0, 0x0, 0x0, 0x0,
    0x0, 0x0, 0x0, 0x0, 0x0, 0xda, 0xff, 0xff,
    0xff, 0xff, 0xff, 0xd0, 0x0, 0x0, 0x0, 0x0,
    0x5, 0xee, 0xff, 0xff, 0xff, 0xff, 0xff, 0xa8,
    0x0, 0x0, 0x0, 0x0, 0x0, 0x0, 0x0, 0x0,
    0x0, 0x0, 0x92, 0xff, 0xff, 0xff, 0xff, 0xff,
    0x7a, 0x0, 0x0, 0x0, 0x0, 0x0, 0x9e, 0xff,
    0xff, 0xff, 0xff, 0xff, 0x63, 0x0, 0x0, 0x0,
    0x0, 0x0, 0x0, 0x0, 0x0, 0x0, 0x0, 0x49,
    0xff, 0xff, 0xff, 0xff, 0xff, 0x25, 0x0, 0x0,
    0x0, 0x0, 0x0, 0x49, 0xff, 0xff, 0xff, 0xff,
    0xff, 0x1d, 0x0, 0x0, 0x0, 0x0, 0x0, 0x0,
    0x0, 0x0, 0x0, 0x0, 0x9, 0xf7, 0xff, 0xff,
    0xff, 0xcf, 0x0, 0x0, 0x0, 0x0, 0x0, 0x0,
    0x5, 0xee, 0xff, 0xff, 0xff, 0xd8, 0x0, 0x0,
    0x0, 0x0, 0x0, 0x0, 0x0, 0x0, 0x0, 0x0,
    0x0, 0x0, 0xb8, 0xff, 0xff, 0xff, 0x7a, 0x0,
    0x0, 0x0, 0x0, 0x0, 0x0, 0x0, 0x9f, 0xff,
    0xff, 0xff, 0x92, 0x0, 0x0, 0x0, 0x0, 0x0,
    0x0,

    /* U+0058 "X" */
    0x0, 0xa9, 0xff, 0xff, 0xff, 0xff, 0x55, 0x0,
    0x0, 0x0, 0x0, 0x0, 0x0, 0x0, 0xb2, 0xff,
    0xff, 0xff, 0xff, 0x4c, 0x0, 0x0, 0x16, 0xec,
    0xff, 0xff, 0xff, 0xe4, 0xc, 0x0, 0x0, 0x0,
    0x0, 0x0, 0x4d, 0xff, 0xff, 0xff, 0xff, 0xa6,
    0x0, 0x0, 0x0, 0x0, 0x5d, 0xff, 0xff, 0xff,
    0xff, 0x8d, 0x0, 0x0, 0x0, 0x0, 0x9, 0xdf,
    0xff, 0xff, 0xff, 0xeb, 0x14, 0x0, 0x0, 0x0,
    0x0, 0x0, 0xb6, 0xff, 0xff, 0xff, 0xfb, 0x2c,
    0x0, 0x0, 0x0, 0x85, 0xff, 0xff, 0xff, 0xff,
    0x59, 0x0, 0x0, 0x0, 0x0, 0x0, 0x0, 0x1d,
    0xf2, 0xff, 0xff, 0xff, 0xc3, 0x1, 0x0, 0x27,
    0xf9, 0xff, 0xff, 0xff, 0xb3, 0x0, 0x0, 0x0,
    0x0, 0x0, 0x0, 0x0, 0x0, 0x6a, 0xff, 0xff,
    0xff, 0xff, 0x60, 0x0, 0xbc, 0xff, 0xff, 0xff,
    0xf1, 0x1b, 0x0, 0x0, 0x0, 0x0, 0x0, 0x0,
    0x0, 0x0, 0x1, 0xc2, 0xff, 0xff, 0xff, 0xea,
    0x6f, 0xff, 0xff, 0xff, 0xff, 0x67, 0x0, 0x0,
    0x0, 0x0, 0x0, 0x0, 0x0, 0x0, 0x0, 0x0,
    0x26, 0xf7, 0xff, 0xff, 0xff, 0xff, 0xff, 0xff,
    0xff, 0xbf, 0x1, 0x0, 0x0, 0x0, 0x0, 0x0,
    0x0, 0x0, 0x0, 0x0, 0x0, 0x0, 0x77, 0xff,
    0xff, 0xff, 0xff, 0xff, 0xff, 0xf6, 0x23, 0x0,
    0x0, 0x0, 0x0, 0x0, 0x0, 0x0, 0x0, 0x0,
    0x0, 0x0, 0x0, 0x3, 0xcc, 0xff, 0xff, 0xff,
    0xff, 0xff, 0x74, 0x0, 0x0, 0x0, 0x0, 0x0,
    0x0, 0x0, 0x0, 0x0, 0x0, 0x0, 0x0, 0x0,
    0x1, 0xc3, 0xff, 0xff, 0xff, 0xff, 0xff, 0x69,
    0x0, 0x0, 0x0, 0x0, 0x0, 0x0, 0x0, 0x0,
    0x0, 0x0, 0x0, 0x0, 0x0, 0x6a, 0xff, 0xff,
    0xff, 0xff, 0xff, 0xff, 0xf1, 0x1b, 0x0, 0x0,
    0x0, 0x0, 0x0, 0x0, 0x0, 0x0, 0x0, 0x0,
    0x0, 0x1c, 0xf1, 0xff, 0xff, 0xff, 0xff, 0xff,
    0xff, 0xff, 0xb1, 0x0, 0x0, 0x0, 0x0, 0x0,
    0x0, 0x0, 0x0, 0x0, 0x0, 0x0, 0xb2, 0xff,
    0xff, 0xff, 0xfb, 0xb0, 0xff, 0xff, 0xff, 0xff,
    0x56, 0x0, 0x0, 0x0, 0x0, 0x0, 0x0, 0x0,
    0x0, 0x0, 0x57, 0xff, 0xff, 0xff, 0xff, 0x8b,
    0x9, 0xde, 0xff, 0xff, 0xff, 0xe8, 0x12, 0x0,
    0x0, 0x0, 0x0, 0x0, 0x0, 0x0, 0x12, 0xe9,
    0xff, 0xff, 0xff, 0xe1, 0xb, 0x0, 0x49, 0xff,
    0xff, 0xff, 0xff, 0x9f, 0x0, 0x0, 0x0, 0x0,
    0x0, 0x0, 0x0, 0xa0, 0xff, 0xff, 0xff, 0xff,
    0x4d, 0x0, 0x0, 0x0, 0xaa, 0xff, 0xff, 0xff,
    0xff, 0x44, 0x0, 0x0, 0x0, 0x0, 0x0, 0x45,
    0xff, 0xff, 0xff, 0xff, 0xaf, 0x0, 0x0, 0x0,
    0x0, 0x1a, 0xf1, 0xff, 0xff, 0xff, 0xdd, 0xa,
    0x0, 0x0, 0x0, 0xa, 0xde, 0xff, 0xff, 0xff,
    0xf3, 0x1d, 0x0, 0x0, 0x0, 0x0, 0x0, 0x6d,
    0xff, 0xff, 0xff, 0xff, 0x8c, 0x0, 0x0, 0x0,
    0x8e, 0xff, 0xff, 0xff, 0xff, 0x71, 0x0, 0x0,
    0x0, 0x0, 0x0, 0x0, 0x2, 0xcb, 0xff, 0xff,
    0xff, 0xfc, 0x34, 0x0, 0x34, 0xfc, 0xff, 0xff,
    0xff, 0xcf, 0x3, 0x0, 0x0, 0x0, 0x0, 0x0,
    0x0, 0x0, 0x32, 0xfc, 0xff, 0xff, 0xff, 0xd0,
    0x4,

    /* U+0059 "Y" */
    0x52, 0xff, 0xff, 0xff, 0xff, 0x7e, 0x0, 0x0,
    0x0, 0x0, 0x0, 0x0, 0x0, 0x71, 0xff, 0xff,
    0xff, 0xff, 0x6e, 0x0, 0xad, 0xff, 0xff, 0xff,
    0xf8, 0x24, 0x0, 0x0, 0x0, 0x0, 0x0, 0x17,
    0xf1, 0xff, 0xff, 0xff, 0xc9, 0x2, 0x0, 0x19,
    0xef, 0xff, 0xff, 0xff, 0xba, 0x0, 0x0, 0x0,
    0x0, 0x0, 0xa1, 0xff, 0xff, 0xff, 0xfb, 0x2f,
    0x0, 0x0, 0x0, 0x63, 0xff, 0xff, 0xff, 0xff,
    0x59, 0x0, 0x0, 0x0, 0x3a, 0xfe, 0xff, 0xff,
    0xff, 0x88, 0x0, 0x0, 0x0, 0x0, 0x0, 0xbd,
    0xff, 0xff, 0xff, 0xe7, 0xf, 0x0, 0x3, 0xce,
    0xff, 0xff, 0xff, 0xdd, 0x9, 0x0, 0x0, 0x0,
    0x0, 0x0, 0x23, 0xf6, 0xff, 0xff, 0xff, 0x96,
    0x0, 0x6b, 0xff, 0xff, 0xff, 0xff, 0x45, 0x0,
    0x0, 0x0, 0x0, 0x0, 0x0, 0x0, 0x75, 0xff,
    0xff, 0xff, 0xfd, 0x4d, 0xee, 0xff, 0xff, 0xff,
    0xa2, 0x0, 0x0, 0x0, 0x0, 0x0, 0x0, 0x0,
    0x0, 0x3, 0xcc, 0xff, 0xff, 0xff, 0xff, 0xff,
    0xff, 0xff, 0xec, 0x14, 0x0, 0x0, 0x0, 0x0,
    0x0, 0x0, 0x0, 0x0, 0x0, 0x2f, 0xfb, 0xff,
    0xff, 0xff, 0xff, 0xff, 0xff, 0x5e, 0x0, 0x0,
    0x0, 0x0, 0x0, 0x0, 0x0, 0x0, 0x0, 0x0,
    0x0, 0x86, 0xff, 0xff, 0xff, 0xff, 0xff, 0xbc,
    0x0, 0x0, 0x0, 0x0, 0x0, 0x0, 0x0, 0x0,
    0x0, 0x0, 0x0, 0x0, 0x8, 0xd9, 0xff, 0xff,
    0xff, 0xf6, 0x23, 0x0, 0x0, 0x0, 0x0, 0x0,
    0x0, 0x0, 0x0, 0x0, 0x0, 0x0, 0x0, 0x0,
    0x6c, 0xff, 0xff, 0xff, 0xa8, 0x0, 0x0, 0x0,
    0x0, 0x0, 0x0, 0x0, 0x0, 0x0, 0x0, 0x0,
    0x0, 0x0, 0x0, 0x68, 0xff, 0xff, 0xff, 0xa4,
    0x0, 0x0, 0x0, 0x0, 0x0, 0x0, 0x0, 0x0,
    0x0, 0x0, 0x0, 0x0, 0x0, 0x0, 0x68, 0xff,
    0xff, 0xff, 0xa4, 0x0, 0x0, 0x0, 0x0, 0x0,
    0x0, 0x0, 0x0, 0x0, 0x0, 0x0, 0x0, 0x0,
    0x0, 0x68, 0xff, 0xff, 0xff, 0xa4, 0x0, 0x0,
    0x0, 0x0, 0x0, 0x0, 0x0, 0x0, 0x0, 0x0,
    0x0, 0x0, 0x0, 0x0, 0x68, 0xff, 0xff, 0xff,
    0xa4, 0x0, 0x0, 0x0, 0x0, 0x0, 0x0, 0x0,
    0x0, 0x0, 0x0, 0x0, 0x0, 0x0, 0x0, 0x68,
    0xff, 0xff, 0xff, 0xa4, 0x0, 0x0, 0x0, 0x0,
    0x0, 0x0, 0x0, 0x0, 0x0, 0x0, 0x0, 0x0,
    0x0, 0x0, 0x68, 0xff, 0xff, 0xff, 0xa4, 0x0,
    0x0, 0x0, 0x0, 0x0, 0x0, 0x0, 0x0, 0x0,
    0x0, 0x0, 0x0, 0x0, 0x0, 0x68, 0xff, 0xff,
    0xff, 0xa4, 0x0, 0x0, 0x0, 0x0, 0x0, 0x0,
    0x0, 0x0, 0x0, 0x0, 0x0, 0x0, 0x0, 0x0,
    0x68, 0xff, 0xff, 0xff, 0xa4, 0x0, 0x0, 0x0,
    0x0, 0x0, 0x0, 0x0, 0x0, 0x0, 0x0, 0x0,
    0x0, 0x0, 0x0, 0x68, 0xff, 0xff, 0xff, 0xa4,
    0x0, 0x0, 0x0, 0x0, 0x0, 0x0, 0x0,

    /* U+005A "Z" */
    0x0, 0x90, 0xff, 0xff, 0xff, 0xff, 0xff, 0xff,
    0xff, 0xff, 0xff, 0xff, 0xff, 0xff, 0xff, 0xff,
    0x90, 0x0, 0x90, 0xff, 0xff, 0xff, 0xff, 0xff,
    0xff, 0xff, 0xff, 0xff, 0xff, 0xff, 0xff, 0xff,
    0xff, 0x90, 0x0, 0x90, 0xff, 0xff, 0xff, 0xff,
    0xff, 0xff, 0xff, 0xff, 0xff, 0xff, 0xff, 0xff,
    0xff, 0xff, 0x90, 0x0, 0x72, 0xcc, 0xcc, 0xcc,
    0xcc, 0xcc, 0xcc, 0xcc, 0xcc, 0xcc, 0xd8, 0xff,
    0xff, 0xff, 0xff, 0x90, 0x0, 0x0, 0x0, 0x0,
    0x0, 0x0, 0x0, 0x0, 0x0, 0x0, 0x3, 0xb9,
    0xff, 0xff, 0xff, 0xf7, 0x36, 0x0, 0x0, 0x0,
    0x0, 0x0, 0x0, 0x0, 0x0, 0x0, 0x0, 0x91,
    0xff, 0xff, 0xff, 0xff, 0x5d, 0x0, 0x0, 0x0,
    0x0, 0x0, 0x0, 0x0, 0x0, 0x0, 0x0, 0x64,
    0xff, 0xff, 0xff, 0xff, 0x8b, 0x0, 0x0, 0x0,
    0x0, 0x0, 0x0, 0x0, 0x0, 0x0, 0x0, 0x3d,
    0xfa, 0xff, 0xff, 0xff, 0xb7, 0x2, 0x0, 0x0,
    0x0, 0x0, 0x0, 0x0, 0x0, 0x0, 0x0, 0x20,
    0xea, 0xff, 0xff, 0xff, 0xd9, 0xf, 0x0, 0x0,
    0x0, 0x0, 0x0, 0x0, 0x0, 0x0, 0x0, 0xc,
    0xd2, 0xff, 0xff, 0xff, 0xf0, 0x27, 0x0, 0x0,
    0x0, 0x0, 0x0, 0x0, 0x0, 0x0, 0x0, 0x1,
    0xb0, 0xff, 0xff, 0xff, 0xfd, 0x49, 0x0, 0x0,
    0x0, 0x0, 0x0, 0x0, 0x0, 0x0, 0x0, 0x0,
    0x87, 0xff, 0xff, 0xff, 0xff, 0x74, 0x0, 0x0,
    0x0, 0x0, 0x0, 0x0, 0x0, 0x0, 0x0, 0x0,
    0x5a, 0xff, 0xff, 0xff, 0xff, 0xa3, 0x0, 0x0,
    0x0, 0x0, 0x0, 0x0, 0x0, 0x0, 0x0, 0x0,
    0x36, 0xf7, 0xff, 0xff, 0xff, 0xca, 0x8, 0x0,
    0x0, 0x0, 0x0, 0x0, 0x0, 0x0, 0x0, 0x0,
    0x1b, 0xe6, 0xff, 0xff, 0xff, 0xe6, 0x1a, 0x0,
    0x0, 0x0, 0x0, 0x0, 0x0, 0x0, 0x0, 0x0,
    0x9, 0xcb, 0xff, 0xff, 0xff, 0xf8, 0x37, 0x0,
    0x0, 0x0, 0x0, 0x0, 0x0, 0x0, 0x0, 0x0,
    0x0, 0xa7, 0xff, 0xff, 0xff, 0xff, 0x5f, 0x0,
    0x0, 0x0, 0x0, 0x0, 0x0, 0x0, 0x0, 0x0,
    0x0, 0xc, 0xff, 0xff, 0xff, 0xff, 0xf9, 0xcc,
    0xcc, 0xcc, 0xcc, 0xcc, 0xcc, 0xcc, 0xcc, 0xcc,
    0xcc, 0x8c, 0xc, 0xff, 0xff, 0xff, 0xff, 0xff,
    0xff, 0xff, 0xff, 0xff, 0xff, 0xff, 0xff, 0xff,
    0xff, 0xff, 0xb0, 0xc, 0xff, 0xff, 0xff, 0xff,
    0xff, 0xff, 0xff, 0xff, 0xff, 0xff, 0xff, 0xff,
    0xff, 0xff, 0xff, 0xb0, 0xc, 0xff, 0xff, 0xff,
    0xff, 0xff, 0xff, 0xff, 0xff, 0xff, 0xff, 0xff,
    0xff, 0xff, 0xff, 0xff, 0xb0,

    /* U+005B "[" */
    0x2b, 0x34, 0x34, 0x34, 0x34, 0x34, 0x34, 0x1e,
    0xd8, 0xff, 0xff, 0xff, 0xff, 0xff, 0xff, 0x98,
    0xd8, 0xff, 0xff, 0xff, 0xff, 0xff, 0xff, 0x98,
    0xd8, 0xff, 0xff, 0xff, 0xff, 0xff, 0xff, 0x98,
    0xd8, 0xff, 0xff, 0xff, 0x0, 0x0, 0x0, 0x0,
    0xd8, 0xff, 0xff, 0xff, 0x0, 0x0, 0x0, 0x0,
    0xd8, 0xff, 0xff, 0xff, 0x0, 0x0, 0x0, 0x0,
    0xd8, 0xff, 0xff, 0xff, 0x0, 0x0, 0x0, 0x0,
    0xd8, 0xff, 0xff, 0xff, 0x0, 0x0, 0x0, 0x0,
    0xd8, 0xff, 0xff, 0xff, 0x0, 0x0, 0x0, 0x0,
    0xd8, 0xff, 0xff, 0xff, 0x0, 0x0, 0x0, 0x0,
    0xd8, 0xff, 0xff, 0xff, 0x0, 0x0, 0x0, 0x0,
    0xd8, 0xff, 0xff, 0xff, 0x0, 0x0, 0x0, 0x0,
    0xd8, 0xff, 0xff, 0xff, 0x0, 0x0, 0x0, 0x0,
    0xd8, 0xff, 0xff, 0xff, 0x0, 0x0, 0x0, 0x0,
    0xd8, 0xff, 0xff, 0xff, 0x0, 0x0, 0x0, 0x0,
    0xd8, 0xff, 0xff, 0xff, 0x0, 0x0, 0x0, 0x0,
    0xd8, 0xff, 0xff, 0xff, 0x0, 0x0, 0x0, 0x0,
    0xd8, 0xff, 0xff, 0xff, 0x0, 0x0, 0x0, 0x0,
    0xd8, 0xff, 0xff, 0xff, 0x0, 0x0, 0x0, 0x0,
    0xd8, 0xff, 0xff, 0xff, 0x0, 0x0, 0x0, 0x0,
    0xd8, 0xff, 0xff, 0xff, 0x0, 0x0, 0x0, 0x0,
    0xd8, 0xff, 0xff, 0xff, 0x0, 0x0, 0x0, 0x0,
    0xd8, 0xff, 0xff, 0xff, 0x0, 0x0, 0x0, 0x0,
    0xd8, 0xff, 0xff, 0xff, 0x34, 0x34, 0x34, 0x1e,
    0xd8, 0xff, 0xff, 0xff, 0xff, 0xff, 0xff, 0x98,
    0xd8, 0xff, 0xff, 0xff, 0xff, 0xff, 0xff, 0x98,
    0xd8, 0xff, 0xff, 0xff, 0xff, 0xff, 0xff, 0x98,

    /* U+005C "\\" */
    0xa, 0xef, 0xff, 0xff, 0xe2, 0x3, 0x0, 0x0,
    0x0, 0x0, 0x0, 0x0, 0x0, 0x0, 0x0, 0x8d,
    0xff, 0xff, 0xff, 0x52, 0x0, 0x0, 0x0, 0x0,
    0x0, 0x0, 0x0, 0x0, 0x0, 0x22, 0xfd, 0xff,
    0xff, 0xbf, 0x0, 0x0, 0x0, 0x0, 0x0, 0x0,
    0x0, 0x0, 0x0, 0x0, 0xb4, 0xff, 0xff, 0xff,
    0x2c, 0x0, 0x0, 0x0, 0x0, 0x0, 0x0, 0x0,
    0x0, 0x0, 0x48, 0xff, 0xff, 0xff, 0x98, 0x0,
    0x0, 0x0, 0x0, 0x0, 0x0, 0x0, 0x0, 0x0,
    0x1, 0xd9, 0xff, 0xff, 0xf4, 0x10, 0x0, 0x0,
    0x0, 0x0, 0x0, 0x0, 0x0, 0x0, 0x0, 0x6f,
    0xff, 0xff, 0xff, 0x71, 0x0, 0x0, 0x0, 0x0,
    0x0, 0x0, 0x0, 0x0, 0x0, 0xe, 0xf3, 0xff,
    0xff, 0xdb, 0x1, 0x0, 0x0, 0x0, 0x0, 0x0,
    0x0, 0x0, 0x0, 0x0, 0x95, 0xff, 0xff, 0xff,
    0x4a, 0x0, 0x0, 0x0, 0x0, 0x0, 0x0, 0x0,
    0x0, 0x0, 0x29, 0xff, 0xff, 0xff, 0xb7, 0x0,
    0x0, 0x0, 0x0, 0x0, 0x0, 0x0, 0x0, 0x0,
    0x0, 0xbc, 0xff, 0xff, 0xfe, 0x25, 0x0, 0x0,
    0x0, 0x0, 0x0, 0x0, 0x0, 0x0, 0x0, 0x50,
    0xff, 0xff, 0xff, 0x90, 0x0, 0x0, 0x0, 0x0,
    0x0, 0x0, 0x0, 0x0, 0x0, 0x3, 0xe0, 0xff,
    0xff, 0xf0, 0xc, 0x0, 0x0, 0x0, 0x0, 0x0,
    0x0, 0x0, 0x0, 0x0, 0x77, 0xff, 0xff, 0xff,
    0x69, 0x0, 0x0, 0x0, 0x0, 0x0, 0x0, 0x0,
    0x0, 0x0, 0x13, 0xf6, 0xff, 0xff, 0xd4, 0x0,
    0x0, 0x0, 0x0, 0x0, 0x0, 0x0, 0x0, 0x0,
    0x0, 0x9d, 0xff, 0xff, 0xff, 0x42, 0x0, 0x0,
    0x0, 0x0, 0x0, 0x0, 0x0, 0x0, 0x0, 0x30,
    0xff, 0xff, 0xff, 0xaf, 0x0, 0x0, 0x0, 0x0,
    0x0, 0x0, 0x0, 0x0, 0x0, 0x0, 0xc4, 0xff,
    0xff, 0xfc, 0x1f, 0x0, 0x0, 0x0, 0x0, 0x0,
    0x0, 0x0, 0x0, 0x0, 0x58, 0xff, 0xff, 0xff,
    0x88, 0x0, 0x0, 0x0, 0x0, 0x0, 0x0, 0x0,
    0x0, 0x0, 0x5, 0xe6, 0xff, 0xff, 0xec, 0x8,
    0x0, 0x0, 0x0, 0x0, 0x0, 0x0, 0x0, 0x0,
    0x0, 0x7e, 0xff, 0xff, 0xff, 0x61,

    /* U+005D "]" */
    0x2, 0x34, 0x34, 0x34, 0x34, 0x34, 0x34, 0x34,
    0x15, 0xc, 0xff, 0xff, 0xff, 0xff, 0xff, 0xff,
    0xff, 0x68, 0xc, 0xff, 0xff, 0xff, 0xff, 0xff,
    0xff, 0xff, 0x68, 0xc, 0xff, 0xff, 0xff, 0xff,
    0xff, 0xff, 0xff, 0x68, 0x0, 0x0, 0x0, 0x0,
    0x70, 0xff, 0xff, 0xff, 0x68, 0x0, 0x0, 0x0,
    0x0, 0x70, 0xff, 0xff, 0xff, 0x68, 0x0, 0x0,
    0x0, 0x0, 0x70, 0xff, 0xff, 0xff, 0x68, 0x0,
    0x0, 0x0, 0x0, 0x70, 0xff, 0xff, 0xff, 0x68,
    0x0, 0x0, 0x0, 0x0, 0x70, 0xff, 0xff, 0xff,
    0x68, 0x0, 0x0, 0x0, 0x0, 0x70, 0xff, 0xff,
    0xff, 0x68, 0x0, 0x0, 0x0, 0x0, 0x70, 0xff,
    0xff, 0xff, 0x68, 0x0, 0x0, 0x0, 0x0, 0x70,
    0xff, 0xff, 0xff, 0x68, 0x0, 0x0, 0x0, 0x0,
    0x70, 0xff, 0xff, 0xff, 0x68, 0x0, 0x0, 0x0,
    0x0, 0x70, 0xff, 0xff, 0xff, 0x68, 0x0, 0x0,
    0x0, 0x0, 0x70, 0xff, 0xff, 0xff, 0x68, 0x0,
    0x0, 0x0, 0x0, 0x70, 0xff, 0xff, 0xff, 0x68,
    0x0, 0x0, 0x0, 0x0, 0x70, 0xff, 0xff, 0xff,
    0x68, 0x0, 0x0, 0x0, 0x0, 0x70, 0xff, 0xff,
    0xff, 0x68, 0x0, 0x0, 0x0, 0x0, 0x70, 0xff,
    0xff, 0xff, 0x68, 0x0, 0x0, 0x0, 0x0, 0x70,
    0xff, 0xff, 0xff, 0x68, 0x0, 0x0, 0x0, 0x0,
    0x70, 0xff, 0xff, 0xff, 0x68, 0x0, 0x0, 0x0,
    0x0, 0x70, 0xff, 0xff, 0xff, 0x68, 0x0, 0x0,
    0x0, 0x0, 0x70, 0xff, 0xff, 0xff, 0x68, 0x0,
    0x0, 0x0, 0x0, 0x70, 0xff, 0xff, 0xff, 0x68,
    0x2, 0x34, 0x34, 0x34, 0x8d, 0xff, 0xff, 0xff,
    0x68, 0xc, 0xff, 0xff, 0xff, 0xff, 0xff, 0xff,
    0xff, 0x68, 0xc, 0xff, 0xff, 0xff, 0xff, 0xff,
    0xff, 0xff, 0x68, 0xc, 0xff, 0xff, 0xff, 0xff,
    0xff, 0xff, 0xff, 0x68,

    /* U+005E "^" */
    0x0, 0x0, 0x0, 0x0, 0x0, 0x3b, 0xfe, 0xff,
    0xff, 0xad, 0x0, 0x0, 0x0, 0x0, 0x0, 0x0,
    0x0, 0x0, 0x0, 0x0, 0x6, 0xd6, 0xff, 0xff,
    0xff, 0xff, 0x50, 0x0, 0x0, 0x0, 0x0, 0x0,
    0x0, 0x0, 0x0, 0x0, 0x80, 0xff, 0xff, 0xff,
    0xff, 0xff, 0xe4, 0xe, 0x0, 0x0, 0x0, 0x0,
    0x0, 0x0, 0x0, 0x29, 0xf9, 0xff, 0xff, 0xd7,
    0xfe, 0xff, 0xff, 0x96, 0x0, 0x0, 0x0, 0x0,
    0x0, 0x0, 0x1, 0xc4, 0xff, 0xff, 0xf8, 0x23,
    0xa2, 0xff, 0xff, 0xfe, 0x3b, 0x0, 0x0, 0x0,
    0x0, 0x0, 0x69, 0xff, 0xff, 0xff, 0x81, 0x0,
    0x18, 0xf1, 0xff, 0xff, 0xd6, 0x6, 0x0, 0x0,
    0x0, 0x1a, 0xf1, 0xff, 0xff, 0xdf, 0x9, 0x0,
    0x0, 0x71, 0xff, 0xff, 0xff, 0x7f, 0x0, 0x0,
    0x0, 0xaf, 0xff, 0xff, 0xff, 0x4e, 0x0, 0x0,
    0x0, 0x4, 0xd4, 0xff, 0xff, 0xf9, 0x29, 0x0,
    0x52, 0xff, 0xff, 0xff, 0xb4, 0x0, 0x0, 0x0,
    0x0, 0x0, 0x40, 0xff, 0xff, 0xff, 0xc4, 0x1,

    /* U+005F "_" */
    0x70, 0x70, 0x70, 0x70, 0x70, 0x70, 0x70, 0x70,
    0x70, 0x70, 0x70, 0x70, 0x70, 0x70, 0x6c, 0xff,
    0xff, 0xff, 0xff, 0xff, 0xff, 0xff, 0xff, 0xff,
    0xff, 0xff, 0xff, 0xff, 0xff, 0xf8, 0xff, 0xff,
    0xff, 0xff, 0xff, 0xff, 0xff, 0xff, 0xff, 0xff,
    0xff, 0xff, 0xff, 0xff, 0xf8, 0xff, 0xff, 0xff,
    0xff, 0xff, 0xff, 0xff, 0xff, 0xff, 0xff, 0xff,
    0xff, 0xff, 0xff, 0xf8,

    /* U+0060 "`" */
    0x0, 0x8, 0x8, 0x8, 0x8, 0x3, 0x0, 0x2,
    0xc4, 0xff, 0xff, 0xff, 0xa2, 0x0, 0x0, 0x26,
    0xf6, 0xff, 0xff, 0xee, 0x4, 0x0, 0x0, 0x73,
    0xff, 0xff, 0xff, 0x43, 0x0, 0x0, 0x2, 0xc6,
    0xff, 0xff, 0x93,

    /* U+0061 "a" */
    0x0, 0x0, 0x0, 0x11, 0x70, 0xbf, 0xe4, 0xfa,
    0xf1, 0xd4, 0x9b, 0x39, 0x0, 0x0, 0x0, 0x0,
    0x0, 0x56, 0xea, 0xff, 0xff, 0xff, 0xff, 0xff,
    0xff, 0xff, 0xff, 0x9d, 0x4, 0x0, 0x0, 0x61,
    0xfe, 0xff, 0xff, 0xff, 0xff, 0xff, 0xff, 0xff,
    0xff, 0xff, 0xff, 0x90, 0x0, 0x0, 0x1e, 0xa9,
    0xff, 0xf9, 0x93, 0x42, 0x2b, 0x49, 0xae, 0xff,
    0xff, 0xff, 0xfb, 0x1f, 0x0, 0x0, 0x0, 0x3f,
    0x36, 0x0, 0x0, 0x0, 0x0, 0x0, 0x9f, 0xff,
    0xff, 0xff, 0x68, 0x0, 0x0, 0x0, 0x18, 0x75,
    0xb0, 0xc9, 0xc8, 0xb3, 0x82, 0x7b, 0xff, 0xff,
    0xff, 0x8c, 0x0, 0x0, 0x67, 0xf5, 0xff, 0xff,
    0xff, 0xff, 0xff, 0xff, 0xff, 0xff, 0xff, 0xff,
    0x9b, 0x0, 0x58, 0xff, 0xff, 0xff, 0xff, 0xff,
    0xff, 0xff, 0xff, 0xff, 0xff, 0xff, 0xff, 0x9c,
    0x0, 0xdd, 0xff, 0xff, 0xff, 0xaf, 0x2e, 0x9,
    0x18, 0x44, 0xb1, 0xff, 0xff, 0xff, 0x9c, 0x18,
    0xff, 0xff, 0xff, 0xe6, 0x4, 0x0, 0x0, 0x0,
    0x0, 0x6d, 0xff, 0xff, 0xff, 0x9c, 0x1c, 0xff,
    0xff, 0xff, 0xdf, 0x0, 0x0, 0x0, 0x0, 0xb,
    0xdb, 0xff, 0xff, 0xff, 0x9c, 0x2, 0xe9, 0xff,
    0xff, 0xff, 0x9a, 0x21, 0xb, 0x43, 0xd2, 0xff,
    0xff, 0xff, 0xff, 0x9c, 0x0, 0x78, 0xff, 0xff,
    0xff, 0xff, 0xff, 0xff, 0xff, 0xff, 0xff, 0xff,
    0xff, 0xff, 0x9c, 0x0, 0x2, 0xa2, 0xff, 0xff,
    0xff, 0xff, 0xff, 0xff, 0xec, 0x81, 0xff, 0xff,
    0xff, 0x9c, 0x0, 0x0, 0x0, 0x4f, 0xb8, 0xee,
    0xf9, 0xe0, 0x95, 0x18, 0x44, 0xff, 0xff, 0xff,
    0x9c,

    /* U+0062 "b" */
    0x50, 0xff, 0xff, 0xff, 0x9c, 0x0, 0x0, 0x0,
    0x0, 0x0, 0x0, 0x0, 0x0, 0x0, 0x0, 0x0,
    0x0, 0x50, 0xff, 0xff, 0xff, 0x9c, 0x0, 0x0,
    0x0, 0x0, 0x0, 0x0, 0x0, 0x0, 0x0, 0x0,
    0x0, 0x0, 0x50, 0xff, 0xff, 0xff, 0x9c, 0x0,
    0x0, 0x0, 0x0, 0x0, 0x0, 0x0, 0x0, 0x0,
    0x0, 0x0, 0x0, 0x50, 0xff, 0xff, 0xff, 0x9c,
    0x0, 0x0, 0x0, 0x0, 0x0, 0x0, 0x0, 0x0,
    0x0, 0x0, 0x0, 0x0, 0x50, 0xff, 0xff, 0xff,
    0x9c, 0x0, 0x0, 0x0, 0x0, 0x0, 0x0, 0x0,
    0x0, 0x0, 0x0, 0x0, 0x0, 0x50, 0xff, 0xff,
    0xff, 0x9c, 0x0, 0x0, 0x0, 0x0, 0x0, 0x0,
    0x0, 0x0, 0x0, 0x0, 0x0, 0x0, 0x50, 0xff,
    0xff, 0xff, 0x91, 0x2, 0x67, 0xc8, 0xef, 0xf5,
    0xd3, 0x85, 0x16, 0x0, 0x0, 0x0, 0x0, 0x50,
    0xff, 0xff, 0xff, 0x7a, 0xba, 0xff, 0xff, 0xff,
    0xff, 0xff, 0xff, 0xf2, 0x54, 0x0, 0x0, 0x0,
    0x50, 0xff, 0xff, 0xff, 0xed, 0xff, 0xff, 0xff,
    0xff, 0xff, 0xff, 0xff, 0xff, 0xfe, 0x56, 0x0,
    0x0, 0x50, 0xff, 0xff, 0xff, 0xff, 0xff, 0xf3,
    0xb0, 0x9f, 0xcd, 0xff, 0xff, 0xff, 0xff, 0xf4,
    0x19, 0x0, 0x50, 0xff, 0xff, 0xff, 0xff, 0xba,
    0x1a, 0x0, 0x0, 0x0, 0x55, 0xf3, 0xff, 0xff,
    0xff, 0x8e, 0x0, 0x50, 0xff, 0xff, 0xff, 0xe4,
    0x10, 0x0, 0x0, 0x0, 0x0, 0x0, 0x63, 0xff,
    0xff, 0xff, 0xe1, 0x0, 0x50, 0xff, 0xff, 0xff,
    0x83, 0x0, 0x0, 0x0, 0x0, 0x0, 0x0, 0x2,
    0xe8, 0xff, 0xff, 0xff, 0x10, 0x50, 0xff, 0xff,
    0xff, 0x65, 0x0, 0x0, 0x0, 0x0, 0x0, 0x0,
    0x0, 0xca, 0xff, 0xff, 0xff, 0x22, 0x50, 0xff,
    0xff, 0xff, 0x82, 0x0, 0x0, 0x0, 0x0, 0x0,
    0x0, 0x1, 0xe8, 0xff, 0xff, 0xff, 0x10, 0x50,
    0xff, 0xff, 0xff, 0xe2, 0xf, 0x0, 0x0, 0x0,
    0x0, 0x0, 0x5f, 0xff, 0xff, 0xff, 0xe2, 0x0,
    0x50, 0xff, 0xff, 0xff, 0xff, 0xb7, 0x18, 0x0,
    0x0, 0x0, 0x50, 0xf2, 0xff, 0xff, 0xff, 0x8f,
    0x0, 0x50, 0xff, 0xff, 0xff, 0xff, 0xff, 0xf2,
    0xac, 0x9a, 0xc9, 0xff, 0xff, 0xff, 0xff, 0xf5,
    0x1b, 0x0, 0x50, 0xff, 0xff, 0xff, 0xff, 0xff,
    0xff, 0xff, 0xff, 0xff, 0xff, 0xff, 0xff, 0xfe,
    0x59, 0x0, 0x0, 0x50, 0xff, 0xff, 0xff, 0x74,
    0xd5, 0xff, 0xff, 0xff, 0xff, 0xff, 0xff, 0xf2,
    0x57, 0x0, 0x0, 0x0, 0x50, 0xff, 0xff, 0xff,
    0x60, 0x9, 0x7a, 0xcf, 0xf2, 0xf5, 0xd3, 0x86,
    0x16, 0x0, 0x0, 0x0, 0x0,

    /* U+0063 "c" */
    0x0, 0x0, 0x0, 0x0, 0x8, 0x68, 0xb7, 0xe6,
    0xfa, 0xf2, 0xcd, 0x86, 0x1c, 0x0, 0x0, 0x0,
    0x0, 0x0, 0x0, 0x3f, 0xe4, 0xff, 0xff, 0xff,
    0xff, 0xff, 0xff, 0xff, 0xf6, 0x58, 0x0, 0x0,
    0x0, 0x0, 0x49, 0xfb, 0xff, 0xff, 0xff, 0xff,
    0xff, 0xff, 0xff, 0xff, 0xff, 0xfe, 0x67, 0x0,
    0x0, 0x16, 0xf1, 0xff, 0xff, 0xff, 0xff, 0xc3,
    0x9e, 0xb5, 0xf8, 0xff, 0xff, 0xff, 0xf5, 0x20,
    0x0, 0x8d, 0xff, 0xff, 0xff, 0xeb, 0x45, 0x0,
    0x0, 0x0, 0x1d, 0xd4, 0xff, 0xe1, 0x81, 0x19,
    0x0, 0xe1, 0xff, 0xff, 0xff, 0x53, 0x0, 0x0,
    0x0, 0x0, 0x0, 0x27, 0x47, 0x2, 0x0, 0x0,
    0x11, 0xff, 0xff, 0xff, 0xe5, 0x0, 0x0, 0x0,
    0x0, 0x0, 0x0, 0x0, 0x0, 0x0, 0x0, 0x0,
    0x22, 0xff, 0xff, 0xff, 0xc9, 0x0, 0x0, 0x0,
    0x0, 0x0, 0x0, 0x0, 0x0, 0x0, 0x0, 0x0,
    0x11, 0xff, 0xff, 0xff, 0xe4, 0x0, 0x0, 0x0,
    0x0, 0x0, 0x0, 0x0, 0x0, 0x0, 0x0, 0x0,
    0x0, 0xe1, 0xff, 0xff, 0xff, 0x4f, 0x0, 0x0,
    0x0, 0x0, 0x0, 0x1a, 0x64, 0xa, 0x0, 0x0,
    0x0, 0x8d, 0xff, 0xff, 0xff, 0xe9, 0x40, 0x0,
    0x0, 0x0, 0x17, 0xc7, 0xff, 0xee, 0x8d, 0x20,
    0x0, 0x16, 0xf0, 0xff, 0xff, 0xff, 0xfe, 0xbf,
    0x9a, 0xb1, 0xf6, 0xff, 0xff, 0xff, 0xfc, 0x3a,
    0x0, 0x0, 0x49, 0xfb, 0xff, 0xff, 0xff, 0xff,
    0xff, 0xff, 0xff, 0xff, 0xff, 0xff, 0x77, 0x0,
    0x0, 0x0, 0x0, 0x40, 0xe4, 0xff, 0xff, 0xff,
    0xff, 0xff, 0xff, 0xff, 0xf8, 0x62, 0x0, 0x0,
    0x0, 0x0, 0x0, 0x0, 0x8, 0x69, 0xb8, 0xe6,
    0xfa, 0xf3, 0xd0, 0x8b, 0x20, 0x0, 0x0, 0x0,

    /* U+0064 "d" */
    0x0, 0x0, 0x0, 0x0, 0x0, 0x0, 0x0, 0x0,
    0x0, 0x0, 0x0, 0x0, 0x9c, 0xff, 0xff, 0xff,
    0x50, 0x0, 0x0, 0x0, 0x0, 0x0, 0x0, 0x0,
    0x0, 0x0, 0x0, 0x0, 0x0, 0x9c, 0xff, 0xff,
    0xff, 0x50, 0x0, 0x0, 0x0, 0x0, 0x0, 0x0,
    0x0, 0x0, 0x0, 0x0, 0x0, 0x0, 0x9c, 0xff,
    0xff, 0xff, 0x50, 0x0, 0x0, 0x0, 0x0, 0x0,
    0x0, 0x0, 0x0, 0x0, 0x0, 0x0, 0x0, 0x9c,
    0xff, 0xff, 0xff, 0x50, 0x0, 0x0, 0x0, 0x0,
    0x0, 0x0, 0x0, 0x0, 0x0, 0x0, 0x0, 0x0,
    0x9c, 0xff, 0xff, 0xff, 0x50, 0x0, 0x0, 0x0,
    0x0, 0x0, 0x0, 0x0, 0x0, 0x0, 0x0, 0x0,
    0x0, 0x9c, 0xff, 0xff, 0xff, 0x50, 0x0, 0x0,
    0x0, 0x0, 0x17, 0x86, 0xd3, 0xf5, 0xef, 0xc8,
    0x67, 0x2, 0x92, 0xff, 0xff, 0xff, 0x50, 0x0,
    0x0, 0x0, 0x57, 0xf3, 0xff, 0xff, 0xff, 0xff,
    0xff, 0xff, 0xba, 0x7c, 0xff, 0xff, 0xff, 0x50,
    0x0, 0x0, 0x59, 0xfe, 0xff, 0xff, 0xff, 0xff,
    0xff, 0xff, 0xff, 0xff, 0xed, 0xff, 0xff, 0xff,
    0x50, 0x0, 0x1b, 0xf5, 0xff, 0xff, 0xff, 0xff,
    0xcd, 0x9f, 0xb0, 0xf3, 0xff, 0xff, 0xff, 0xff,
    0xff, 0x50, 0x0, 0x92, 0xff, 0xff, 0xff, 0xf2,
    0x54, 0x0, 0x0, 0x0, 0x1b, 0xbc, 0xff, 0xff,
    0xff, 0xff, 0x50, 0x0, 0xe3, 0xff, 0xff, 0xff,
    0x5f, 0x0, 0x0, 0x0, 0x0, 0x0, 0x11, 0xe4,
    0xff, 0xff, 0xff, 0x50, 0x11, 0xff, 0xff, 0xff,
    0xe7, 0x1, 0x0, 0x0, 0x0, 0x0, 0x0, 0x0,
    0x84, 0xff, 0xff, 0xff, 0x50, 0x22, 0xff, 0xff,
    0xff, 0xca, 0x0, 0x0, 0x0, 0x0, 0x0, 0x0,
    0x0, 0x66, 0xff, 0xff, 0xff, 0x50, 0x11, 0xff,
    0xff, 0xff, 0xe6, 0x0, 0x0, 0x0, 0x0, 0x0,
    0x0, 0x0, 0x83, 0xff, 0xff, 0xff, 0x50, 0x0,
    0xe4, 0xff, 0xff, 0xff, 0x5a, 0x0, 0x0, 0x0,
    0x0, 0x0, 0x10, 0xe3, 0xff, 0xff, 0xff, 0x50,
    0x0, 0x93, 0xff, 0xff, 0xff, 0xf0, 0x4e, 0x0,
    0x0, 0x0, 0x19, 0xba, 0xff, 0xff, 0xff, 0xff,
    0x50, 0x0, 0x1d, 0xf6, 0xff, 0xff, 0xff, 0xff,
    0xc8, 0x9a, 0xac, 0xf2, 0xff, 0xff, 0xff, 0xff,
    0xff, 0x50, 0x0, 0x0, 0x5c, 0xff, 0xff, 0xff,
    0xff, 0xff, 0xff, 0xff, 0xff, 0xff, 0xff, 0xff,
    0xff, 0xff, 0x50, 0x0, 0x0, 0x0, 0x59, 0xf3,
    0xff, 0xff, 0xff, 0xff, 0xff, 0xff, 0xd5, 0x74,
    0xff, 0xff, 0xff, 0x50, 0x0, 0x0, 0x0, 0x0,
    0x18, 0x87, 0xd4, 0xf5, 0xf2, 0xcf, 0x7a, 0x9,
    0x60, 0xff, 0xff, 0xff, 0x50,

    /* U+0065 "e" */
    0x0, 0x0, 0x0, 0x0, 0x6, 0x66, 0xba, 0xe7,
    0xfa, 0xeb, 0xc6, 0x7d, 0x14, 0x0, 0x0, 0x0,
    0x0, 0x0, 0x0, 0x35, 0xdd, 0xff, 0xff, 0xff,
    0xff, 0xff, 0xff, 0xff, 0xf3, 0x58, 0x0, 0x0,
    0x0, 0x0, 0x3d, 0xf7, 0xff, 0xff, 0xff, 0xff,
    0xff, 0xff, 0xff, 0xff, 0xff, 0xff, 0x54, 0x0,
    0x0, 0x10, 0xe9, 0xff, 0xff, 0xff, 0xa4, 0x4c,
    0x31, 0x47, 0x9f, 0xfc, 0xff, 0xff, 0xee, 0xe,
    0x0, 0x82, 0xff, 0xff, 0xff, 0x6b, 0x0, 0x0,
    0x0, 0x0, 0x0, 0x5f, 0xff, 0xff, 0xff, 0x6c,
    0x0, 0xdb, 0xff, 0xff, 0xfe, 0xc1, 0xc0, 0xc0,
    0xc0, 0xc0, 0xc0, 0xc1, 0xff, 0xff, 0xff, 0xaf,
    0xf, 0xff, 0xff, 0xff, 0xff, 0xff, 0xff, 0xff,
    0xff, 0xff, 0xff, 0xff, 0xff, 0xff, 0xff, 0xcc,
    0x22, 0xff, 0xff, 0xff, 0xff, 0xff, 0xff, 0xff,
    0xff, 0xff, 0xff, 0xff, 0xff, 0xff, 0xff, 0xd2,
    0x11, 0xff, 0xff, 0xff, 0xcf, 0x0, 0x0, 0x0,
    0x0, 0x0, 0x0, 0x0, 0x0, 0x0, 0x0, 0x0,
    0x0, 0xe1, 0xff, 0xff, 0xff, 0x30, 0x0, 0x0,
    0x0, 0x0, 0x0, 0x3, 0x7a, 0x1d, 0x0, 0x0,
    0x0, 0x8d, 0xff, 0xff, 0xff, 0xdd, 0x1e, 0x0,
    0x0, 0x0, 0x3, 0x98, 0xff, 0xf9, 0x97, 0x1d,
    0x0, 0x15, 0xf0, 0xff, 0xff, 0xff, 0xf7, 0xa0,
    0x79, 0x89, 0xda, 0xff, 0xff, 0xff, 0xfa, 0x37,
    0x0, 0x0, 0x46, 0xfa, 0xff, 0xff, 0xff, 0xff,
    0xff, 0xff, 0xff, 0xff, 0xff, 0xff, 0x6e, 0x0,
    0x0, 0x0, 0x0, 0x3c, 0xe1, 0xff, 0xff, 0xff,
    0xff, 0xff, 0xff, 0xff, 0xf6, 0x58, 0x0, 0x0,
    0x0, 0x0, 0x0, 0x0, 0x7, 0x66, 0xb7, 0xe6,
    0xfa, 0xf3, 0xce, 0x87, 0x1c, 0x0, 0x0, 0x0,

    /* U+0066 "f" */
    0x0, 0x0, 0x0, 0x0, 0x0, 0x26, 0x96, 0xda,
    0xf7, 0xf1, 0xd1, 0x6d, 0x0, 0x0, 0x0, 0x0,
    0x56, 0xf8, 0xff, 0xff, 0xff, 0xff, 0xff, 0x7a,
    0x0, 0x0, 0x0, 0x1e, 0xf6, 0xff, 0xff, 0xff,
    0xff, 0xff, 0xff, 0x26, 0x0, 0x0, 0x0, 0x78,
    0xff, 0xff, 0xff, 0xff, 0xc9, 0xb4, 0xb3, 0x0,
    0x0, 0x0, 0x0, 0x9d, 0xff, 0xff, 0xff, 0x83,
    0x0, 0x0, 0x0, 0x0, 0x0, 0x0, 0x0, 0xa4,
    0xff, 0xff, 0xff, 0x4c, 0x0, 0x0, 0x0, 0x0,
    0x48, 0xff, 0xff, 0xff, 0xff, 0xff, 0xff, 0xff,
    0xff, 0xff, 0xf4, 0x0, 0x48, 0xff, 0xff, 0xff,
    0xff, 0xff, 0xff, 0xff, 0xff, 0xff, 0xf4, 0x0,
    0x48, 0xff, 0xff, 0xff, 0xff, 0xff, 0xff, 0xff,
    0xff, 0xff, 0xf4, 0x0, 0x16, 0x50, 0x50, 0xc0,
    0xff, 0xff, 0xff, 0x84, 0x50, 0x50, 0x4c, 0x0,
    0x0, 0x0, 0x0, 0xa4, 0xff, 0xff, 0xff, 0x4c,
    0x0, 0x0, 0x0, 0x0, 0x0, 0x0, 0x0, 0xa4,
    0xff, 0xff, 0xff, 0x4c, 0x0, 0x0, 0x0, 0x0,
    0x0, 0x0, 0x0, 0xa4, 0xff, 0xff, 0xff, 0x4c,
    0x0, 0x0, 0x0, 0x0, 0x0, 0x0, 0x0, 0xa4,
    0xff, 0xff, 0xff, 0x4c, 0x0, 0x0, 0x0, 0x0,
    0x0, 0x0, 0x0, 0xa4, 0xff, 0xff, 0xff, 0x4c,
    0x0, 0x0, 0x0, 0x0, 0x0, 0x0, 0x0, 0xa4,
    0xff, 0xff, 0xff, 0x4c, 0x0, 0x0, 0x0, 0x0,
    0x0, 0x0, 0x0, 0xa4, 0xff, 0xff, 0xff, 0x4c,
    0x0, 0x0, 0x0, 0x0, 0x0, 0x0, 0x0, 0xa4,
    0xff, 0xff, 0xff, 0x4c, 0x0, 0x0, 0x0, 0x0,
    0x0, 0x0, 0x0, 0xa4, 0xff, 0xff, 0xff, 0x4c,
    0x0, 0x0, 0x0, 0x0, 0x0, 0x0, 0x0, 0xa4,
    0xff, 0xff, 0xff, 0x4c, 0x0, 0x0, 0x0, 0x0,
    0x0, 0x0, 0x0, 0xa4, 0xff, 0xff, 0xff, 0x4c,
    0x0, 0x0, 0x0, 0x0,

    /* U+0067 "g" */
    0x0, 0x0, 0x0, 0x0, 0x1d, 0x8e, 0xd8, 0xf7,
    0xef, 0xc7, 0x6e, 0x6, 0x84, 0xff, 0xff, 0xff,
    0x3c, 0x0, 0x0, 0x0, 0x60, 0xf7, 0xff, 0xff,
    0xff, 0xff, 0xff, 0xff, 0xce, 0xa1, 0xff, 0xff,
    0xff, 0x3c, 0x0, 0x0, 0x5c, 0xff, 0xff, 0xff,
    0xff, 0xff, 0xff, 0xff, 0xff, 0xff, 0xff, 0xff,
    0xff, 0xff, 0x3c, 0x0, 0x1a, 0xf5, 0xff, 0xff,
    0xff, 0xfb, 0xaf, 0x86, 0xa0, 0xef, 0xff, 0xff,
    0xff, 0xff, 0xff, 0x3c, 0x0, 0x8f, 0xff, 0xff,
    0xff, 0xea, 0x2c, 0x0, 0x0, 0x0, 0x11, 0xc6,
    0xff, 0xff, 0xff, 0xff, 0x3c, 0x0, 0xe2, 0xff,
    0xff, 0xff, 0x52, 0x0, 0x0, 0x0, 0x0, 0x0,
    0x20, 0xf4, 0xff, 0xff, 0xff, 0x3c, 0x10, 0xff,
    0xff, 0xff, 0xe5, 0x0, 0x0, 0x0, 0x0, 0x0,
    0x0, 0x0, 0xa7, 0xff, 0xff, 0xff, 0x3c, 0x22,
    0xff, 0xff, 0xff, 0xc9, 0x0, 0x0, 0x0, 0x0,
    0x0, 0x0, 0x0, 0x8a, 0xff, 0xff, 0xff, 0x3c,
    0x11, 0xff, 0xff, 0xff, 0xe3, 0x0, 0x0, 0x0,
    0x0, 0x0, 0x0, 0x0, 0xa5, 0xff, 0xff, 0xff,
    0x3c, 0x0, 0xe5, 0xff, 0xff, 0xff, 0x4a, 0x0,
    0x0, 0x0, 0x0, 0x0, 0x1c, 0xf1, 0xff, 0xff,
    0xff, 0x3c, 0x0, 0x94, 0xff, 0xff, 0xff, 0xe6,
    0x31, 0x0, 0x0, 0x0, 0x18, 0xc4, 0xff, 0xff,
    0xff, 0xff, 0x3c, 0x0, 0x1d, 0xf6, 0xff, 0xff,
    0xff, 0xfc, 0xb0, 0x87, 0xa3, 0xef, 0xff, 0xff,
    0xff, 0xff, 0xff, 0x3c, 0x0, 0x0, 0x60, 0xff,
    0xff, 0xff, 0xff, 0xff, 0xff, 0xff, 0xff, 0xff,
    0xfd, 0xff, 0xff, 0xff, 0x3c, 0x0, 0x0, 0x0,
    0x65, 0xf8, 0xff, 0xff, 0xff, 0xff, 0xff, 0xff,
    0xb2, 0x8a, 0xff, 0xff, 0xff, 0x35, 0x0, 0x0,
    0x0, 0x0, 0x20, 0x92, 0xda, 0xf8, 0xee, 0xc2,
    0x60, 0x1, 0x95, 0xff, 0xff, 0xff, 0x20, 0x0,
    0x0, 0x0, 0x0, 0x2f, 0x5, 0x0, 0x0, 0x0,
    0x0, 0x0, 0x3, 0xda, 0xff, 0xff, 0xec, 0x2,
    0x0, 0x3a, 0x91, 0xe0, 0xff, 0x9b, 0x5, 0x0,
    0x0, 0x0, 0x8, 0x95, 0xff, 0xff, 0xff, 0x9e,
    0x0, 0x0, 0x76, 0xff, 0xff, 0xff, 0xff, 0xdf,
    0x8f, 0x78, 0x97, 0xe0, 0xff, 0xff, 0xff, 0xfa,
    0x26, 0x0, 0x0, 0x4, 0xb8, 0xff, 0xff, 0xff,
    0xff, 0xff, 0xff, 0xff, 0xff, 0xff, 0xff, 0xff,
    0x68, 0x0, 0x0, 0x0, 0x0, 0x6, 0x92, 0xfd,
    0xff, 0xff, 0xff, 0xff, 0xff, 0xff, 0xff, 0xf3,
    0x5e, 0x0, 0x0, 0x0, 0x0, 0x0, 0x0, 0x0,
    0x28, 0x8c, 0xcd, 0xf1, 0xfb, 0xeb, 0xc4, 0x7c,
    0x14, 0x0, 0x0, 0x0, 0x0,

    /* U+0068 "h" */
    0x50, 0xff, 0xff, 0xff, 0x9c, 0x0, 0x0, 0x0,
    0x0, 0x0, 0x0, 0x0, 0x0, 0x0, 0x0, 0x50,
    0xff, 0xff, 0xff, 0x9c, 0x0, 0x0, 0x0, 0x0,
    0x0, 0x0, 0x0, 0x0, 0x0, 0x0, 0x50, 0xff,
    0xff, 0xff, 0x9c, 0x0, 0x0, 0x0, 0x0, 0x0,
    0x0, 0x0, 0x0, 0x0, 0x0, 0x50, 0xff, 0xff,
    0xff, 0x9c, 0x0, 0x0, 0x0, 0x0, 0x0, 0x0,
    0x0, 0x0, 0x0, 0x0, 0x50, 0xff, 0xff, 0xff,
    0x9c, 0x0, 0x0, 0x0, 0x0, 0x0, 0x0, 0x0,
    0x0, 0x0, 0x0, 0x50, 0xff, 0xff, 0xff, 0x9b,
    0x0, 0x0, 0x0, 0x0, 0x0, 0x0, 0x0, 0x0,
    0x0, 0x0, 0x50, 0xff, 0xff, 0xff, 0x8a, 0x0,
    0x54, 0xbe, 0xed, 0xf7, 0xda, 0x92, 0x1b, 0x0,
    0x0, 0x50, 0xff, 0xff, 0xff, 0x74, 0x9f, 0xff,
    0xff, 0xff, 0xff, 0xff, 0xff, 0xea, 0x2c, 0x0,
    0x50, 0xff, 0xff, 0xff, 0xdc, 0xff, 0xff, 0xff,
    0xff, 0xff, 0xff, 0xff, 0xff, 0xcf, 0x1, 0x50,
    0xff, 0xff, 0xff, 0xff, 0xff, 0xef, 0xa8, 0xae,
    0xee, 0xff, 0xff, 0xff, 0xff, 0x3f, 0x50, 0xff,
    0xff, 0xff, 0xff, 0xd3, 0x1b, 0x0, 0x0, 0x19,
    0xe1, 0xff, 0xff, 0xff, 0x7e, 0x50, 0xff, 0xff,
    0xff, 0xff, 0x32, 0x0, 0x0, 0x0, 0x0, 0x73,
    0xff, 0xff, 0xff, 0x9c, 0x50, 0xff, 0xff, 0xff,
    0xce, 0x0, 0x0, 0x0, 0x0, 0x0, 0x4c, 0xff,
    0xff, 0xff, 0xa7, 0x50, 0xff, 0xff, 0xff, 0xa9,
    0x0, 0x0, 0x0, 0x0, 0x0, 0x44, 0xff, 0xff,
    0xff, 0xa8, 0x50, 0xff, 0xff, 0xff, 0x9c, 0x0,
    0x0, 0x0, 0x0, 0x0, 0x44, 0xff, 0xff, 0xff,
    0xa8, 0x50, 0xff, 0xff, 0xff, 0x9c, 0x0, 0x0,
    0x0, 0x0, 0x0, 0x44, 0xff, 0xff, 0xff, 0xa8,
    0x50, 0xff, 0xff, 0xff, 0x9c, 0x0, 0x0, 0x0,
    0x0, 0x0, 0x44, 0xff, 0xff, 0xff, 0xa8, 0x50,
    0xff, 0xff, 0xff, 0x9c, 0x0, 0x0, 0x0, 0x0,
    0x0, 0x44, 0xff, 0xff, 0xff, 0xa8, 0x50, 0xff,
    0xff, 0xff, 0x9c, 0x0, 0x0, 0x0, 0x0, 0x0,
    0x44, 0xff, 0xff, 0xff, 0xa8, 0x50, 0xff, 0xff,
    0xff, 0x9c, 0x0, 0x0, 0x0, 0x0, 0x0, 0x44,
    0xff, 0xff, 0xff, 0xa8, 0x50, 0xff, 0xff, 0xff,
    0x9c, 0x0, 0x0, 0x0, 0x0, 0x0, 0x44, 0xff,
    0xff, 0xff, 0xa8,

    /* U+0069 "i" */
    0x2, 0x8d, 0xec, 0xdf, 0x5a, 0x0, 0x66, 0xff,
    0xff, 0xff, 0xfc, 0x2b, 0x9b, 0xff, 0xff, 0xff,
    0xff, 0x5f, 0x64, 0xff, 0xff, 0xff, 0xfb, 0x29,
    0x1, 0x85, 0xe5, 0xd9, 0x56, 0x0, 0x0, 0x0,
    0x0, 0x0, 0x0, 0x0, 0x14, 0xff, 0xff, 0xff,
    0xd8, 0x0, 0x14, 0xff, 0xff, 0xff, 0xd8, 0x0,
    0x14, 0xff, 0xff, 0xff, 0xd8, 0x0, 0x14, 0xff,
    0xff, 0xff, 0xd8, 0x0, 0x14, 0xff, 0xff, 0xff,
    0xd8, 0x0, 0x14, 0xff, 0xff, 0xff, 0xd8, 0x0,
    0x14, 0xff, 0xff, 0xff, 0xd8, 0x0, 0x14, 0xff,
    0xff, 0xff, 0xd8, 0x0, 0x14, 0xff, 0xff, 0xff,
    0xd8, 0x0, 0x14, 0xff, 0xff, 0xff, 0xd8, 0x0,
    0x14, 0xff, 0xff, 0xff, 0xd8, 0x0, 0x14, 0xff,
    0xff, 0xff, 0xd8, 0x0, 0x14, 0xff, 0xff, 0xff,
    0xd8, 0x0, 0x14, 0xff, 0xff, 0xff, 0xd8, 0x0,
    0x14, 0xff, 0xff, 0xff, 0xd8, 0x0,

    /* U+006A "j" */
    0x0, 0x0, 0x0, 0x2, 0x8d, 0xec, 0xdf, 0x5a,
    0x0, 0x0, 0x0, 0x0, 0x66, 0xff, 0xff, 0xff,
    0xfc, 0x2b, 0x0, 0x0, 0x0, 0x9b, 0xff, 0xff,
    0xff, 0xff, 0x5f, 0x0, 0x0, 0x0, 0x64, 0xff,
    0xff, 0xff, 0xfb, 0x29, 0x0, 0x0, 0x0, 0x1,
    0x85, 0xe5, 0xd9, 0x56, 0x0, 0x0, 0x0, 0x0,
    0x0, 0x0, 0x0, 0x0, 0x0, 0x0, 0x0, 0x0,
    0x0, 0x14, 0xff, 0xff, 0xff, 0xd8, 0x0, 0x0,
    0x0, 0x0, 0x14, 0xff, 0xff, 0xff, 0xd8, 0x0,
    0x0, 0x0, 0x0, 0x14, 0xff, 0xff, 0xff, 0xd8,
    0x0, 0x0, 0x0, 0x0, 0x14, 0xff, 0xff, 0xff,
    0xd8, 0x0, 0x0, 0x0, 0x0, 0x14, 0xff, 0xff,
    0xff, 0xd8, 0x0, 0x0, 0x0, 0x0, 0x14, 0xff,
    0xff, 0xff, 0xd8, 0x0, 0x0, 0x0, 0x0, 0x14,
    0xff, 0xff, 0xff, 0xd8, 0x0, 0x0, 0x0, 0x0,
    0x14, 0xff, 0xff, 0xff, 0xd8, 0x0, 0x0, 0x0,
    0x0, 0x14, 0xff, 0xff, 0xff, 0xd8, 0x0, 0x0,
    0x0, 0x0, 0x14, 0xff, 0xff, 0xff, 0xd8, 0x0,
    0x0, 0x0, 0x0, 0x14, 0xff, 0xff, 0xff, 0xd8,
    0x0, 0x0, 0x0, 0x0, 0x14, 0xff, 0xff, 0xff,
    0xd8, 0x0, 0x0, 0x0, 0x0, 0x14, 0xff, 0xff,
    0xff, 0xd8, 0x0, 0x0, 0x0, 0x0, 0x14, 0xff,
    0xff, 0xff, 0xd8, 0x0, 0x0, 0x0, 0x0, 0x14,
    0xff, 0xff, 0xff, 0xd8, 0x0, 0x0, 0x0, 0x0,
    0x15, 0xff, 0xff, 0xff, 0xd7, 0x0, 0x0, 0x0,
    0x0, 0x3a, 0xff, 0xff, 0xff, 0xca, 0x0, 0x0,
    0x72, 0x9f, 0xe4, 0xff, 0xff, 0xff, 0xa5, 0x0,
    0x0, 0xd8, 0xff, 0xff, 0xff, 0xff, 0xff, 0x4e,
    0x0, 0x21, 0xff, 0xff, 0xff, 0xff, 0xff, 0xaa,
    0x0, 0x0, 0x3b, 0xd5, 0xf6, 0xf6, 0xce, 0x6d,
    0x2, 0x0, 0x0,

    /* U+006B "k" */
    0x50, 0xff, 0xff, 0xff, 0x9c, 0x0, 0x0, 0x0,
    0x0, 0x0, 0x0, 0x0, 0x0, 0x0, 0x0, 0x0,
    0x50, 0xff, 0xff, 0xff, 0x9c, 0x0, 0x0, 0x0,
    0x0, 0x0, 0x0, 0x0, 0x0, 0x0, 0x0, 0x0,
    0x50, 0xff, 0xff, 0xff, 0x9c, 0x0, 0x0, 0x0,
    0x0, 0x0, 0x0, 0x0, 0x0, 0x0, 0x0, 0x0,
    0x50, 0xff, 0xff, 0xff, 0x9c, 0x0, 0x0, 0x0,
    0x0, 0x0, 0x0, 0x0, 0x0, 0x0, 0x0, 0x0,
    0x50, 0xff, 0xff, 0xff, 0x9c, 0x0, 0x0, 0x0,
    0x0, 0x0, 0x0, 0x0, 0x0, 0x0, 0x0, 0x0,
    0x50, 0xff, 0xff, 0xff, 0x9c, 0x0, 0x0, 0x0,
    0x0, 0x0, 0x0, 0x0, 0x0, 0x0, 0x0, 0x0,
    0x50, 0xff, 0xff, 0xff, 0x9c, 0x0, 0x0, 0x0,
    0x9, 0xbe, 0xff, 0xff, 0xff, 0xfb, 0x4c, 0x0,
    0x50, 0xff, 0xff, 0xff, 0x9c, 0x0, 0x0, 0x7,
    0xb9, 0xff, 0xff, 0xff, 0xfb, 0x54, 0x0, 0x0,
    0x50, 0xff, 0xff, 0xff, 0x9c, 0x0, 0x5, 0xb2,
    0xff, 0xff, 0xff, 0xfb, 0x54, 0x0, 0x0, 0x0,
    0x50, 0xff, 0xff, 0xff, 0x9c, 0x3, 0xac, 0xff,
    0xff, 0xff, 0xfb, 0x54, 0x0, 0x0, 0x0, 0x0,
    0x50, 0xff, 0xff, 0xff, 0x9e, 0xa5, 0xff, 0xff,
    0xff, 0xfb, 0x54, 0x0, 0x0, 0x0, 0x0, 0x0,
    0x50, 0xff, 0xff, 0xff, 0xfc, 0xff, 0xff, 0xff,
    0xff, 0x62, 0x0, 0x0, 0x0, 0x0, 0x0, 0x0,
    0x50, 0xff, 0xff, 0xff, 0xff, 0xff, 0xff, 0xff,
    0xff, 0x9d, 0x0, 0x0, 0x0, 0x0, 0x0, 0x0,
    0x50, 0xff, 0xff, 0xff, 0xff, 0xff, 0xff, 0xff,
    0xff, 0xff, 0x40, 0x0, 0x0, 0x0, 0x0, 0x0,
    0x50, 0xff, 0xff, 0xff, 0xff, 0xfc, 0xcd, 0xff,
    0xff, 0xff, 0xda, 0x8, 0x0, 0x0, 0x0, 0x0,
    0x50, 0xff, 0xff, 0xff, 0xfd, 0x5b, 0x17, 0xef,
    0xff, 0xff, 0xff, 0x85, 0x0, 0x0, 0x0, 0x0,
    0x50, 0xff, 0xff, 0xff, 0xa3, 0x0, 0x0, 0x69,
    0xff, 0xff, 0xff, 0xfa, 0x2d, 0x0, 0x0, 0x0,
    0x50, 0xff, 0xff, 0xff, 0x9c, 0x0, 0x0, 0x2,
    0xc8, 0xff, 0xff, 0xff, 0xc8, 0x2, 0x0, 0x0,
    0x50, 0xff, 0xff, 0xff, 0x9c, 0x0, 0x0, 0x0,
    0x30, 0xfc, 0xff, 0xff, 0xff, 0x6d, 0x0, 0x0,
    0x50, 0xff, 0xff, 0xff, 0x9c, 0x0, 0x0, 0x0,
    0x0, 0x8e, 0xff, 0xff, 0xff, 0xf2, 0x1c, 0x0,
    0x50, 0xff, 0xff, 0xff, 0x9c, 0x0, 0x0, 0x0,
    0x0, 0xc, 0xe2, 0xff, 0xff, 0xff, 0xb2, 0x0,

    /* U+006C "l" */
    0x50, 0xff, 0xff, 0xff, 0x9c, 0x50, 0xff, 0xff,
    0xff, 0x9c, 0x50, 0xff, 0xff, 0xff, 0x9c, 0x50,
    0xff, 0xff, 0xff, 0x9c, 0x50, 0xff, 0xff, 0xff,
    0x9c, 0x50, 0xff, 0xff, 0xff, 0x9c, 0x50, 0xff,
    0xff, 0xff, 0x9c, 0x50, 0xff, 0xff, 0xff, 0x9c,
    0x50, 0xff, 0xff, 0xff, 0x9c, 0x50, 0xff, 0xff,
    0xff, 0x9c, 0x50, 0xff, 0xff, 0xff, 0x9c, 0x50,
    0xff, 0xff, 0xff, 0x9c, 0x50, 0xff, 0xff, 0xff,
    0x9c, 0x50, 0xff, 0xff, 0xff, 0x9c, 0x50, 0xff,
    0xff, 0xff, 0x9c, 0x50, 0xff, 0xff, 0xff, 0x9c,
    0x50, 0xff, 0xff, 0xff, 0x9c, 0x50, 0xff, 0xff,
    0xff, 0x9c, 0x50, 0xff, 0xff, 0xff, 0x9c, 0x50,
    0xff, 0xff, 0xff, 0x9c, 0x50, 0xff, 0xff, 0xff,
    0x9c,

    /* U+006D "m" */
    0x50, 0xff, 0xff, 0xff, 0x60, 0x1, 0x5c, 0xc0,
    0xee, 0xf3, 0xd0, 0x72, 0x6, 0x0, 0x0, 0x37,
    0xa6, 0xe0, 0xf9, 0xe9, 0xad, 0x38, 0x0, 0x0,
    0x50, 0xff, 0xff, 0xff, 0x66, 0xb4, 0xff, 0xff,
    0xff, 0xff, 0xff, 0xff, 0xc1, 0x7, 0x7c, 0xfd,
    0xff, 0xff, 0xff, 0xff, 0xff, 0xfd, 0x5e, 0x0,
    0x50, 0xff, 0xff, 0xff, 0xf0, 0xff, 0xff, 0xff,
    0xff, 0xff, 0xff, 0xff, 0xff, 0xc8, 0xff, 0xff,
    0xff, 0xff, 0xff, 0xff, 0xff, 0xff, 0xf6, 0x1d,
    0x50, 0xff, 0xff, 0xff, 0xff, 0xff, 0xe0, 0xa1,
    0xbc, 0xfe, 0xff, 0xff, 0xff, 0xff, 0xff, 0xff,
    0xc6, 0xa2, 0xd4, 0xff, 0xff, 0xff, 0xff, 0x7d,
    0x50, 0xff, 0xff, 0xff, 0xff, 0xc0, 0xb, 0x0,
    0x0, 0x55, 0xff, 0xff, 0xff, 0xff, 0xff, 0x75,
    0x0, 0x0, 0x2, 0xaa, 0xff, 0xff, 0xff, 0xb8,
    0x50, 0xff, 0xff, 0xff, 0xfd, 0x25, 0x0, 0x0,
    0x0, 0x0, 0xde, 0xff, 0xff, 0xff, 0xc3, 0x0,
    0x0, 0x0, 0x0, 0x3c, 0xff, 0xff, 0xff, 0xd1,
    0x50, 0xff, 0xff, 0xff, 0xc9, 0x0, 0x0, 0x0,
    0x0, 0x0, 0xbd, 0xff, 0xff, 0xff, 0x65, 0x0,
    0x0, 0x0, 0x0, 0x1d, 0xff, 0xff, 0xff, 0xd8,
    0x50, 0xff, 0xff, 0xff, 0xa9, 0x0, 0x0, 0x0,
    0x0, 0x0, 0xb8, 0xff, 0xff, 0xff, 0x42, 0x0,
    0x0, 0x0, 0x0, 0x18, 0xff, 0xff, 0xff, 0xd8,
    0x50, 0xff, 0xff, 0xff, 0x9c, 0x0, 0x0, 0x0,
    0x0, 0x0, 0xb8, 0xff, 0xff, 0xff, 0x34, 0x0,
    0x0, 0x0, 0x0, 0x18, 0xff, 0xff, 0xff, 0xd8,
    0x50, 0xff, 0xff, 0xff, 0x9c, 0x0, 0x0, 0x0,
    0x0, 0x0, 0xb8, 0xff, 0xff, 0xff, 0x34, 0x0,
    0x0, 0x0, 0x0, 0x18, 0xff, 0xff, 0xff, 0xd8,
    0x50, 0xff, 0xff, 0xff, 0x9c, 0x0, 0x0, 0x0,
    0x0, 0x0, 0xb8, 0xff, 0xff, 0xff, 0x34, 0x0,
    0x0, 0x0, 0x0, 0x18, 0xff, 0xff, 0xff, 0xd8,
    0x50, 0xff, 0xff, 0xff, 0x9c, 0x0, 0x0, 0x0,
    0x0, 0x0, 0xb8, 0xff, 0xff, 0xff, 0x34, 0x0,
    0x0, 0x0, 0x0, 0x18, 0xff, 0xff, 0xff, 0xd8,
    0x50, 0xff, 0xff, 0xff, 0x9c, 0x0, 0x0, 0x0,
    0x0, 0x0, 0xb8, 0xff, 0xff, 0xff, 0x34, 0x0,
    0x0, 0x0, 0x0, 0x18, 0xff, 0xff, 0xff, 0xd8,
    0x50, 0xff, 0xff, 0xff, 0x9c, 0x0, 0x0, 0x0,
    0x0, 0x0, 0xb8, 0xff, 0xff, 0xff, 0x34, 0x0,
    0x0, 0x0, 0x0, 0x18, 0xff, 0xff, 0xff, 0xd8,
    0x50, 0xff, 0xff, 0xff, 0x9c, 0x0, 0x0, 0x0,
    0x0, 0x0, 0xb8, 0xff, 0xff, 0xff, 0x34, 0x0,
    0x0, 0x0, 0x0, 0x18, 0xff, 0xff, 0xff, 0xd8,

    /* U+006E "n" */
    0x50, 0xff, 0xff, 0xff, 0x60, 0x1, 0x62, 0xc3,
    0xee, 0xf7, 0xd8, 0x8a, 0x15, 0x0, 0x0, 0x50,
    0xff, 0xff, 0xff, 0x67, 0xb8, 0xff, 0xff, 0xff,
    0xff, 0xff, 0xff, 0xe6, 0x26, 0x0, 0x50, 0xff,
    0xff, 0xff, 0xf0, 0xff, 0xff, 0xff, 0xff, 0xff,
    0xff, 0xff, 0xff, 0xca, 0x0, 0x50, 0xff, 0xff,
    0xff, 0xff, 0xff, 0xed, 0xa7, 0xae, 0xee, 0xff,
    0xff, 0xff, 0xff, 0x3b, 0x50, 0xff, 0xff, 0xff,
    0xff, 0xd0, 0x19, 0x0, 0x0, 0x17, 0xdf, 0xff,
    0xff, 0xff, 0x7c, 0x50, 0xff, 0xff, 0xff, 0xfe,
    0x2f, 0x0, 0x0, 0x0, 0x0, 0x71, 0xff, 0xff,
    0xff, 0x9c, 0x50, 0xff, 0xff, 0xff, 0xcc, 0x0,
    0x0, 0x0, 0x0, 0x0, 0x4b, 0xff, 0xff, 0xff,
    0xa7, 0x50, 0xff, 0xff, 0xff, 0xa8, 0x0, 0x0,
    0x0, 0x0, 0x0, 0x44, 0xff, 0xff, 0xff, 0xa8,
    0x50, 0xff, 0xff, 0xff, 0x9c, 0x0, 0x0, 0x0,
    0x0, 0x0, 0x44, 0xff, 0xff, 0xff, 0xa8, 0x50,
    0xff, 0xff, 0xff, 0x9c, 0x0, 0x0, 0x0, 0x0,
    0x0, 0x44, 0xff, 0xff, 0xff, 0xa8, 0x50, 0xff,
    0xff, 0xff, 0x9c, 0x0, 0x0, 0x0, 0x0, 0x0,
    0x44, 0xff, 0xff, 0xff, 0xa8, 0x50, 0xff, 0xff,
    0xff, 0x9c, 0x0, 0x0, 0x0, 0x0, 0x0, 0x44,
    0xff, 0xff, 0xff, 0xa8, 0x50, 0xff, 0xff, 0xff,
    0x9c, 0x0, 0x0, 0x0, 0x0, 0x0, 0x44, 0xff,
    0xff, 0xff, 0xa8, 0x50, 0xff, 0xff, 0xff, 0x9c,
    0x0, 0x0, 0x0, 0x0, 0x0, 0x44, 0xff, 0xff,
    0xff, 0xa8, 0x50, 0xff, 0xff, 0xff, 0x9c, 0x0,
    0x0, 0x0, 0x0, 0x0, 0x44, 0xff, 0xff, 0xff,
    0xa8,

    /* U+006F "o" */
    0x0, 0x0, 0x0, 0x0, 0x8, 0x68, 0xb7, 0xe6,
    0xf9, 0xed, 0xc9, 0x81, 0x19, 0x0, 0x0, 0x0,
    0x0, 0x0, 0x0, 0x0, 0x3f, 0xe4, 0xff, 0xff,
    0xff, 0xff, 0xff, 0xff, 0xff, 0xf7, 0x73, 0x0,
    0x0, 0x0, 0x0, 0x0, 0x49, 0xfb, 0xff, 0xff,
    0xff, 0xff, 0xff, 0xff, 0xff, 0xff, 0xff, 0xff,
    0x8c, 0x0, 0x0, 0x0, 0x16, 0xf1, 0xff, 0xff,
    0xff, 0xff, 0xc6, 0x9e, 0xb5, 0xf8, 0xff, 0xff,
    0xff, 0xff, 0x4d, 0x0, 0x0, 0x8d, 0xff, 0xff,
    0xff, 0xed, 0x47, 0x0, 0x0, 0x0, 0x24, 0xcb,
    0xff, 0xff, 0xff, 0xd2, 0x0, 0x0, 0xe1, 0xff,
    0xff, 0xff, 0x54, 0x0, 0x0, 0x0, 0x0, 0x0,
    0x1f, 0xf2, 0xff, 0xff, 0xff, 0x27, 0x11, 0xff,
    0xff, 0xff, 0xe5, 0x0, 0x0, 0x0, 0x0, 0x0,
    0x0, 0x0, 0xa0, 0xff, 0xff, 0xff, 0x57, 0x22,
    0xff, 0xff, 0xff, 0xc9, 0x0, 0x0, 0x0, 0x0,
    0x0, 0x0, 0x0, 0x82, 0xff, 0xff, 0xff, 0x69,
    0x11, 0xff, 0xff, 0xff, 0xe4, 0x0, 0x0, 0x0,
    0x0, 0x0, 0x0, 0x0, 0x9f, 0xff, 0xff, 0xff,
    0x57, 0x0, 0xe2, 0xff, 0xff, 0xff, 0x52, 0x0,
    0x0, 0x0, 0x0, 0x0, 0x1d, 0xf1, 0xff, 0xff,
    0xff, 0x28, 0x0, 0x8f, 0xff, 0xff, 0xff, 0xeb,
    0x43, 0x0, 0x0, 0x0, 0x21, 0xc9, 0xff, 0xff,
    0xff, 0xd3, 0x0, 0x0, 0x17, 0xf2, 0xff, 0xff,
    0xff, 0xff, 0xc2, 0x99, 0xb0, 0xf6, 0xff, 0xff,
    0xff, 0xff, 0x50, 0x0, 0x0, 0x0, 0x4c, 0xfc,
    0xff, 0xff, 0xff, 0xff, 0xff, 0xff, 0xff, 0xff,
    0xff, 0xff, 0x8f, 0x0, 0x0, 0x0, 0x0, 0x0,
    0x42, 0xe5, 0xff, 0xff, 0xff, 0xff, 0xff, 0xff,
    0xff, 0xf7, 0x75, 0x0, 0x0, 0x0, 0x0, 0x0,
    0x0, 0x0, 0x8, 0x69, 0xb8, 0xe6, 0xfa, 0xee,
    0xca, 0x82, 0x1a, 0x0, 0x0, 0x0, 0x0,

    /* U+0070 "p" */
    0x70, 0xff, 0xff, 0xff, 0x40, 0x10, 0x84, 0xd4,
    0xf3, 0xf2, 0xcc, 0x7a, 0xe, 0x0, 0x0, 0x0,
    0x0, 0x70, 0xff, 0xff, 0xff, 0x63, 0xe4, 0xff,
    0xff, 0xff, 0xff, 0xff, 0xff, 0xea, 0x40, 0x0,
    0x0, 0x0, 0x70, 0xff, 0xff, 0xff, 0xff, 0xff,
    0xff, 0xff, 0xff, 0xff, 0xff, 0xff, 0xff, 0xfa,
    0x3e, 0x0, 0x0, 0x70, 0xff, 0xff, 0xff, 0xff,
    0xff, 0xed, 0xab, 0xa0, 0xd7, 0xff, 0xff, 0xff,
    0xff, 0xe7, 0xb, 0x0, 0x70, 0xff, 0xff, 0xff,
    0xff, 0xa4, 0x10, 0x0, 0x0, 0x1, 0x68, 0xfb,
    0xff, 0xff, 0xff, 0x72, 0x0, 0x70, 0xff, 0xff,
    0xff, 0xcf, 0x5, 0x0, 0x0, 0x0, 0x0, 0x0,
    0x7f, 0xff, 0xff, 0xff, 0xc5, 0x0, 0x70, 0xff,
    0xff, 0xff, 0x63, 0x0, 0x0, 0x0, 0x0, 0x0,
    0x0, 0xd, 0xfb, 0xff, 0xff, 0xf4, 0x0, 0x70,
    0xff, 0xff, 0xff, 0x45, 0x0, 0x0, 0x0, 0x0,
    0x0, 0x0, 0x0, 0xea, 0xff, 0xff, 0xff, 0x6,
    0x70, 0xff, 0xff, 0xff, 0x62, 0x0, 0x0, 0x0,
    0x0, 0x0, 0x0, 0xc, 0xfb, 0xff, 0xff, 0xf4,
    0x0, 0x70, 0xff, 0xff, 0xff, 0xcd, 0x4, 0x0,
    0x0, 0x0, 0x0, 0x0, 0x7b, 0xff, 0xff, 0xff,
    0xc6, 0x0, 0x70, 0xff, 0xff, 0xff, 0xff, 0xa1,
    0xe, 0x0, 0x0, 0x1, 0x63, 0xfb, 0xff, 0xff,
    0xff, 0x73, 0x0, 0x70, 0xff, 0xff, 0xff, 0xff,
    0xff, 0xea, 0xa7, 0x9c, 0xd3, 0xff, 0xff, 0xff,
    0xff, 0xe8, 0xc, 0x0, 0x70, 0xff, 0xff, 0xff,
    0xee, 0xff, 0xff, 0xff, 0xff, 0xff, 0xff, 0xff,
    0xff, 0xfb, 0x41, 0x0, 0x0, 0x70, 0xff, 0xff,
    0xff, 0x66, 0xd3, 0xff, 0xff, 0xff, 0xff, 0xff,
    0xff, 0xea, 0x43, 0x0, 0x0, 0x0, 0x70, 0xff,
    0xff, 0xff, 0x70, 0x9, 0x7a, 0xd1, 0xf3, 0xf3,
    0xcd, 0x7b, 0xf, 0x0, 0x0, 0x0, 0x0, 0x70,
    0xff, 0xff, 0xff, 0x7c, 0x0, 0x0, 0x0, 0x0,
    0x0, 0x0, 0x0, 0x0, 0x0, 0x0, 0x0, 0x0,
    0x70, 0xff, 0xff, 0xff, 0x7c, 0x0, 0x0, 0x0,
    0x0, 0x0, 0x0, 0x0, 0x0, 0x0, 0x0, 0x0,
    0x0, 0x70, 0xff, 0xff, 0xff, 0x7c, 0x0, 0x0,
    0x0, 0x0, 0x0, 0x0, 0x0, 0x0, 0x0, 0x0,
    0x0, 0x0, 0x70, 0xff, 0xff, 0xff, 0x7c, 0x0,
    0x0, 0x0, 0x0, 0x0, 0x0, 0x0, 0x0, 0x0,
    0x0, 0x0, 0x0, 0x70, 0xff, 0xff, 0xff, 0x7c,
    0x0, 0x0, 0x0, 0x0, 0x0, 0x0, 0x0, 0x0,
    0x0, 0x0, 0x0, 0x0, 0x70, 0xff, 0xff, 0xff,
    0x7c, 0x0, 0x0, 0x0, 0x0, 0x0, 0x0, 0x0,
    0x0, 0x0, 0x0, 0x0, 0x0,

    /* U+0071 "q" */
    0x0, 0x0, 0x0, 0x0, 0x17, 0x86, 0xd3, 0xf5,
    0xf0, 0xcd, 0x76, 0x8, 0x60, 0xff, 0xff, 0xff,
    0x50, 0x0, 0x0, 0x0, 0x57, 0xf3, 0xff, 0xff,
    0xff, 0xff, 0xff, 0xff, 0xd3, 0x73, 0xff, 0xff,
    0xff, 0x50, 0x0, 0x0, 0x59, 0xfe, 0xff, 0xff,
    0xff, 0xff, 0xff, 0xff, 0xff, 0xff, 0xff, 0xff,
    0xff, 0xff, 0x50, 0x0, 0x1b, 0xf5, 0xff, 0xff,
    0xff, 0xff, 0xcd, 0x9f, 0xb0, 0xf3, 0xff, 0xff,
    0xff, 0xff, 0xff, 0x50, 0x0, 0x92, 0xff, 0xff,
    0xff, 0xf2, 0x54, 0x0, 0x0, 0x0, 0x1b, 0xbc,
    0xff, 0xff, 0xff, 0xff, 0x50, 0x0, 0xe3, 0xff,
    0xff, 0xff, 0x5f, 0x0, 0x0, 0x0, 0x0, 0x0,
    0x11, 0xe4, 0xff, 0xff, 0xff, 0x50, 0x11, 0xff,
    0xff, 0xff, 0xe7, 0x1, 0x0, 0x0, 0x0, 0x0,
    0x0, 0x0, 0x84, 0xff, 0xff, 0xff, 0x50, 0x22,
    0xff, 0xff, 0xff, 0xca, 0x0, 0x0, 0x0, 0x0,
    0x0, 0x0, 0x0, 0x66, 0xff, 0xff, 0xff, 0x50,
    0x11, 0xff, 0xff, 0xff, 0xe6, 0x0, 0x0, 0x0,
    0x0, 0x0, 0x0, 0x0, 0x83, 0xff, 0xff, 0xff,
    0x50, 0x0, 0xe4, 0xff, 0xff, 0xff, 0x5a, 0x0,
    0x0, 0x0, 0x0, 0x0, 0x10, 0xe3, 0xff, 0xff,
    0xff, 0x50, 0x0, 0x93, 0xff, 0xff, 0xff, 0xf0,
    0x4e, 0x0, 0x0, 0x0, 0x19, 0xba, 0xff, 0xff,
    0xff, 0xff, 0x50, 0x0, 0x1d, 0xf6, 0xff, 0xff,
    0xff, 0xff, 0xc8, 0x9a, 0xac, 0xf2, 0xff, 0xff,
    0xff, 0xff, 0xff, 0x50, 0x0, 0x0, 0x5c, 0xff,
    0xff, 0xff, 0xff, 0xff, 0xff, 0xff, 0xff, 0xff,
    0xee, 0xff, 0xff, 0xff, 0x50, 0x0, 0x0, 0x0,
    0x59, 0xf3, 0xff, 0xff, 0xff, 0xff, 0xff, 0xff,
    0xbd, 0x7c, 0xff, 0xff, 0xff, 0x50, 0x0, 0x0,
    0x0, 0x0, 0x18, 0x87, 0xd4, 0xf5, 0xf0, 0xc9,
    0x6b, 0x3, 0x91, 0xff, 0xff, 0xff, 0x50, 0x0,
    0x0, 0x0, 0x0, 0x0, 0x0, 0x0, 0x0, 0x0,
    0x0, 0x0, 0x0, 0x9c, 0xff, 0xff, 0xff, 0x50,
    0x0, 0x0, 0x0, 0x0, 0x0, 0x0, 0x0, 0x0,
    0x0, 0x0, 0x0, 0x0, 0x9c, 0xff, 0xff, 0xff,
    0x50, 0x0, 0x0, 0x0, 0x0, 0x0, 0x0, 0x0,
    0x0, 0x0, 0x0, 0x0, 0x0, 0x9c, 0xff, 0xff,
    0xff, 0x50, 0x0, 0x0, 0x0, 0x0, 0x0, 0x0,
    0x0, 0x0, 0x0, 0x0, 0x0, 0x0, 0x9c, 0xff,
    0xff, 0xff, 0x50, 0x0, 0x0, 0x0, 0x0, 0x0,
    0x0, 0x0, 0x0, 0x0, 0x0, 0x0, 0x0, 0x9c,
    0xff, 0xff, 0xff, 0x50, 0x0, 0x0, 0x0, 0x0,
    0x0, 0x0, 0x0, 0x0, 0x0, 0x0, 0x0, 0x0,
    0x9c, 0xff, 0xff, 0xff, 0x50,

    /* U+0072 "r" */
    0x50, 0xff, 0xff, 0xff, 0x60, 0x2, 0x68, 0xc9,
    0xf4, 0xf9, 0xe1, 0x4, 0x50, 0xff, 0xff, 0xff,
    0x65, 0xb9, 0xff, 0xff, 0xff, 0xff, 0xba, 0x0,
    0x50, 0xff, 0xff, 0xff, 0xe9, 0xff, 0xff, 0xff,
    0xff, 0xff, 0x76, 0x0, 0x50, 0xff, 0xff, 0xff,
    0xff, 0xff, 0xfb, 0xc2, 0xb5, 0xdf, 0x32, 0x0,
    0x50, 0xff, 0xff, 0xff, 0xff, 0xda, 0x24, 0x0,
    0x0, 0x0, 0x0, 0x0, 0x50, 0xff, 0xff, 0xff,
    0xff, 0x3d, 0x0, 0x0, 0x0, 0x0, 0x0, 0x0,
    0x50, 0xff, 0xff, 0xff, 0xd2, 0x0, 0x0, 0x0,
    0x0, 0x0, 0x0, 0x0, 0x50, 0xff, 0xff, 0xff,
    0xa9, 0x0, 0x0, 0x0, 0x0, 0x0, 0x0, 0x0,
    0x50, 0xff, 0xff, 0xff, 0x9c, 0x0, 0x0, 0x0,
    0x0, 0x0, 0x0, 0x0, 0x50, 0xff, 0xff, 0xff,
    0x9c, 0x0, 0x0, 0x0, 0x0, 0x0, 0x0, 0x0,
    0x50, 0xff, 0xff, 0xff, 0x9c, 0x0, 0x0, 0x0,
    0x0, 0x0, 0x0, 0x0, 0x50, 0xff, 0xff, 0xff,
    0x9c, 0x0, 0x0, 0x0, 0x0, 0x0, 0x0, 0x0,
    0x50, 0xff, 0xff, 0xff, 0x9c, 0x0, 0x0, 0x0,
    0x0, 0x0, 0x0, 0x0, 0x50, 0xff, 0xff, 0xff,
    0x9c, 0x0, 0x0, 0x0, 0x0, 0x0, 0x0, 0x0,
    0x50, 0xff, 0xff, 0xff, 0x9c, 0x0, 0x0, 0x0,
    0x0, 0x0, 0x0, 0x0,

    /* U+0073 "s" */
    0x0, 0x0, 0x0, 0x22, 0x8b, 0xd0, 0xf3, 0xf8,
    0xe0, 0xb5, 0x5e, 0x7, 0x0, 0x0, 0x0, 0x0,
    0x61, 0xf9, 0xff, 0xff, 0xff, 0xff, 0xff, 0xff,
    0xff, 0xd0, 0x26, 0x0, 0x0, 0x35, 0xfc, 0xff,
    0xff, 0xff, 0xff, 0xff, 0xff, 0xff, 0xff, 0xff,
    0xd9, 0x8, 0x0, 0x96, 0xff, 0xff, 0xff, 0xb0,
    0x3e, 0x2d, 0x66, 0xe4, 0xff, 0xff, 0xc3, 0x2c,
    0x0, 0xac, 0xff, 0xff, 0xff, 0x3d, 0x0, 0x0,
    0x0, 0x20, 0x85, 0x25, 0x0, 0x0, 0x0, 0x7b,
    0xff, 0xff, 0xff, 0xf1, 0x94, 0x4b, 0x13, 0x0,
    0x0, 0x0, 0x0, 0x0, 0x0, 0xa, 0xcd, 0xff,
    0xff, 0xff, 0xff, 0xff, 0xff, 0xd6, 0x88, 0x1f,
    0x0, 0x0, 0x0, 0x0, 0x12, 0x9b, 0xfc, 0xff,
    0xff, 0xff, 0xff, 0xff, 0xff, 0xf7, 0x61, 0x0,
    0x0, 0x0, 0x0, 0x0, 0x12, 0x59, 0x92, 0xca,
    0xfc, 0xff, 0xff, 0xff, 0xfd, 0x3a, 0x0, 0x0,
    0x0, 0x38, 0x31, 0x0, 0x0, 0x0, 0x15, 0xa4,
    0xff, 0xff, 0xff, 0xa1, 0xb, 0x6b, 0xd2, 0xff,
    0xdb, 0x1b, 0x0, 0x0, 0x0, 0x41, 0xff, 0xff,
    0xff, 0xbc, 0xe, 0xec, 0xff, 0xff, 0xff, 0xed,
    0x92, 0x6e, 0x89, 0xe9, 0xff, 0xff, 0xff, 0x8f,
    0x0, 0x4f, 0xfb, 0xff, 0xff, 0xff, 0xff, 0xff,
    0xff, 0xff, 0xff, 0xff, 0xf2, 0x20, 0x0, 0x0,
    0x4c, 0xf1, 0xff, 0xff, 0xff, 0xff, 0xff, 0xff,
    0xff, 0xe7, 0x3c, 0x0, 0x0, 0x0, 0x0, 0x15,
    0x7c, 0xc7, 0xef, 0xfc, 0xee, 0xc4, 0x76, 0xf,
    0x0, 0x0,

    /* U+0074 "t" */
    0x0, 0x0, 0x0, 0xb4, 0xff, 0xff, 0xff, 0x3c,
    0x0, 0x0, 0x0, 0x0, 0x0, 0x0, 0x0, 0xb4,
    0xff, 0xff, 0xff, 0x3c, 0x0, 0x0, 0x0, 0x0,
    0x0, 0x0, 0x0, 0xb4, 0xff, 0xff, 0xff, 0x3c,
    0x0, 0x0, 0x0, 0x0, 0x0, 0x0, 0x0, 0xb4,
    0xff, 0xff, 0xff, 0x3c, 0x0, 0x0, 0x0, 0x0,
    0x48, 0xff, 0xff, 0xff, 0xff, 0xff, 0xff, 0xff,
    0xff, 0xff, 0xd4, 0x0, 0x48, 0xff, 0xff, 0xff,
    0xff, 0xff, 0xff, 0xff, 0xff, 0xff, 0xd4, 0x0,
    0x48, 0xff, 0xff, 0xff, 0xff, 0xff, 0xff, 0xff,
    0xff, 0xff, 0xd4, 0x0, 0x16, 0x50, 0x50, 0xcb,
    0xff, 0xff, 0xff, 0x79, 0x50, 0x50, 0x42, 0x0,
    0x0, 0x0, 0x0, 0xb4, 0xff, 0xff, 0xff, 0x3c,
    0x0, 0x0, 0x0, 0x0, 0x0, 0x0, 0x0, 0xb4,
    0xff, 0xff, 0xff, 0x3c, 0x0, 0x0, 0x0, 0x0,
    0x0, 0x0, 0x0, 0xb4, 0xff, 0xff, 0xff, 0x3c,
    0x0, 0x0, 0x0, 0x0, 0x0, 0x0, 0x0, 0xb4,
    0xff, 0xff, 0xff, 0x3c, 0x0, 0x0, 0x0, 0x0,
    0x0, 0x0, 0x0, 0xb4, 0xff, 0xff, 0xff, 0x3c,
    0x0, 0x0, 0x0, 0x0, 0x0, 0x0, 0x0, 0xb3,
    0xff, 0xff, 0xff, 0x45, 0x0, 0x0, 0x0, 0x0,
    0x0, 0x0, 0x0, 0xa8, 0xff, 0xff, 0xff, 0x8f,
    0x0, 0x0, 0x1, 0x0, 0x0, 0x0, 0x0, 0x7e,
    0xff, 0xff, 0xff, 0xff, 0xc3, 0xbf, 0x7c, 0x0,
    0x0, 0x0, 0x0, 0x24, 0xfc, 0xff, 0xff, 0xff,
    0xff, 0xff, 0xd3, 0x0, 0x0, 0x0, 0x0, 0x0,
    0x72, 0xff, 0xff, 0xff, 0xff, 0xff, 0xff, 0x28,
    0x0, 0x0, 0x0, 0x0, 0x0, 0x4a, 0xbc, 0xf1,
    0xf8, 0xe2, 0xa8, 0x29,

    /* U+0075 "u" */
    0x70, 0xff, 0xff, 0xff, 0x7c, 0x0, 0x0, 0x0,
    0x0, 0x0, 0x64, 0xff, 0xff, 0xff, 0x8c, 0x70,
    0xff, 0xff, 0xff, 0x7c, 0x0, 0x0, 0x0, 0x0,
    0x0, 0x64, 0xff, 0xff, 0xff, 0x8c, 0x70, 0xff,
    0xff, 0xff, 0x7c, 0x0, 0x0, 0x0, 0x0, 0x0,
    0x64, 0xff, 0xff, 0xff, 0x8c, 0x70, 0xff, 0xff,
    0xff, 0x7c, 0x0, 0x0, 0x0, 0x0, 0x0, 0x64,
    0xff, 0xff, 0xff, 0x8c, 0x70, 0xff, 0xff, 0xff,
    0x7c, 0x0, 0x0, 0x0, 0x0, 0x0, 0x64, 0xff,
    0xff, 0xff, 0x8c, 0x70, 0xff, 0xff, 0xff, 0x7c,
    0x0, 0x0, 0x0, 0x0, 0x0, 0x64, 0xff, 0xff,
    0xff, 0x8c, 0x70, 0xff, 0xff, 0xff, 0x7c, 0x0,
    0x0, 0x0, 0x0, 0x0, 0x64, 0xff, 0xff, 0xff,
    0x8c, 0x70, 0xff, 0xff, 0xff, 0x7c, 0x0, 0x0,
    0x0, 0x0, 0x0, 0x72, 0xff, 0xff, 0xff, 0x8c,
    0x6f, 0xff, 0xff, 0xff, 0x82, 0x0, 0x0, 0x0,
    0x0, 0x0, 0x97, 0xff, 0xff, 0xff, 0x8c, 0x66,
    0xff, 0xff, 0xff, 0xa6, 0x0, 0x0, 0x0, 0x0,
    0xb, 0xeb, 0xff, 0xff, 0xff, 0x8c, 0x47, 0xff,
    0xff, 0xff, 0xf8, 0x2d, 0x0, 0x0, 0x6, 0xa7,
    0xff, 0xff, 0xff, 0xff, 0x8c, 0xe, 0xf7, 0xff,
    0xff, 0xff, 0xf8, 0xb2, 0x9d, 0xdb, 0xff, 0xff,
    0xff, 0xff, 0xff, 0x8c, 0x0, 0x97, 0xff, 0xff,
    0xff, 0xff, 0xff, 0xff, 0xff, 0xff, 0xf0, 0xff,
    0xff, 0xff, 0x8c, 0x0, 0xf, 0xce, 0xff, 0xff,
    0xff, 0xff, 0xff, 0xff, 0xdd, 0x44, 0xff, 0xff,
    0xff, 0x8c, 0x0, 0x0, 0xb, 0x7b, 0xd0, 0xf4,
    0xf4, 0xd3, 0x7f, 0xc, 0x28, 0xff, 0xff, 0xff,
    0x8c,

    /* U+0076 "v" */
    0xab, 0xff, 0xff, 0xff, 0xc8, 0x0, 0x0, 0x0,
    0x0, 0x0, 0x0, 0x11, 0xf8, 0xff, 0xff, 0xff,
    0x61, 0x40, 0xff, 0xff, 0xff, 0xff, 0x2b, 0x0,
    0x0, 0x0, 0x0, 0x0, 0x6d, 0xff, 0xff, 0xff,
    0xec, 0x8, 0x0, 0xd4, 0xff, 0xff, 0xff, 0x8d,
    0x0, 0x0, 0x0, 0x0, 0x0, 0xd0, 0xff, 0xff,
    0xff, 0x89, 0x0, 0x0, 0x6a, 0xff, 0xff, 0xff,
    0xe9, 0x5, 0x0, 0x0, 0x0, 0x34, 0xff, 0xff,
    0xff, 0xfd, 0x20, 0x0, 0x0, 0xd, 0xf2, 0xff,
    0xff, 0xff, 0x51, 0x0, 0x0, 0x0, 0x97, 0xff,
    0xff, 0xff, 0xb1, 0x0, 0x0, 0x0, 0x0, 0x94,
    0xff, 0xff, 0xff, 0xb3, 0x0, 0x0, 0x9, 0xf0,
    0xff, 0xff, 0xff, 0x45, 0x0, 0x0, 0x0, 0x0,
    0x29, 0xff, 0xff, 0xff, 0xfc, 0x19, 0x0, 0x5e,
    0xff, 0xff, 0xff, 0xd8, 0x1, 0x0, 0x0, 0x0,
    0x0, 0x0, 0xbe, 0xff, 0xff, 0xff, 0x77, 0x0,
    0xc1, 0xff, 0xff, 0xff, 0x6d, 0x0, 0x0, 0x0,
    0x0, 0x0, 0x0, 0x53, 0xff, 0xff, 0xff, 0xd8,
    0x25, 0xff, 0xff, 0xff, 0xf3, 0xe, 0x0, 0x0,
    0x0, 0x0, 0x0, 0x0, 0x4, 0xe4, 0xff, 0xff,
    0xff, 0xc6, 0xff, 0xff, 0xff, 0x95, 0x0, 0x0,
    0x0, 0x0, 0x0, 0x0, 0x0, 0x0, 0x7d, 0xff,
    0xff, 0xff, 0xff, 0xff, 0xff, 0xff, 0x2a, 0x0,
    0x0, 0x0, 0x0, 0x0, 0x0, 0x0, 0x0, 0x18,
    0xfa, 0xff, 0xff, 0xff, 0xff, 0xff, 0xbd, 0x0,
    0x0, 0x0, 0x0, 0x0, 0x0, 0x0, 0x0, 0x0,
    0x0, 0xa7, 0xff, 0xff, 0xff, 0xff, 0xff, 0x51,
    0x0, 0x0, 0x0, 0x0, 0x0, 0x0, 0x0, 0x0,
    0x0, 0x0, 0x3c, 0xff, 0xff, 0xff, 0xff, 0xe2,
    0x3, 0x0, 0x0, 0x0, 0x0, 0x0, 0x0, 0x0,
    0x0, 0x0, 0x0, 0x0, 0xd1, 0xff, 0xff, 0xff,
    0x79, 0x0, 0x0, 0x0, 0x0, 0x0, 0x0,

    /* U+0077 "w" */
    0xb8, 0xff, 0xff, 0xff, 0xa8, 0x0, 0x0, 0x0,
    0x0, 0x16, 0xfd, 0xff, 0xff, 0xff, 0x47, 0x0,
    0x0, 0x0, 0x0, 0x71, 0xff, 0xff, 0xff, 0xdf,
    0x0, 0x68, 0xff, 0xff, 0xff, 0xe9, 0x1, 0x0,
    0x0, 0x0, 0x63, 0xff, 0xff, 0xff, 0xff, 0x98,
    0x0, 0x0, 0x0, 0x0, 0xb3, 0xff, 0xff, 0xff,
    0x8e, 0x0, 0x19, 0xfe, 0xff, 0xff, 0xff, 0x2d,
    0x0, 0x0, 0x0, 0xb2, 0xff, 0xff, 0xff, 0xff,
    0xe6, 0x1, 0x0, 0x0, 0x3, 0xf0, 0xff, 0xff,
    0xff, 0x3e, 0x0, 0x0, 0xc7, 0xff, 0xff, 0xff,
    0x6f, 0x0, 0x0, 0xa, 0xf6, 0xff, 0xff, 0xff,
    0xff, 0xff, 0x38, 0x0, 0x0, 0x36, 0xff, 0xff,
    0xff, 0xea, 0x3, 0x0, 0x0, 0x77, 0xff, 0xff,
    0xff, 0xb1, 0x0, 0x0, 0x51, 0xff, 0xff, 0xff,
    0xff, 0xff, 0xff, 0x88, 0x0, 0x0, 0x77, 0xff,
    0xff, 0xff, 0x9d, 0x0, 0x0, 0x0, 0x26, 0xff,
    0xff, 0xff, 0xf0, 0x3, 0x0, 0xa0, 0xff, 0xff,
    0xf0, 0xe5, 0xff, 0xff, 0xd8, 0x0, 0x0, 0xb9,
    0xff, 0xff, 0xff, 0x4c, 0x0, 0x0, 0x0, 0x0,
    0xd7, 0xff, 0xff, 0xff, 0x35, 0x3, 0xeb, 0xff,
    0xff, 0xa3, 0x8c, 0xff, 0xff, 0xff, 0x28, 0x5,
    0xf4, 0xff, 0xff, 0xf4, 0x8, 0x0, 0x0, 0x0,
    0x0, 0x86, 0xff, 0xff, 0xff, 0x77, 0x3e, 0xff,
    0xff, 0xff, 0x54, 0x3d, 0xff, 0xff, 0xff, 0x78,
    0x3c, 0xff, 0xff, 0xff, 0xab, 0x0, 0x0, 0x0,
    0x0, 0x0, 0x36, 0xff, 0xff, 0xff, 0xb9, 0x8e,
    0xff, 0xff, 0xf8, 0xc, 0x2, 0xea, 0xff, 0xff,
    0xc8, 0x7e, 0xff, 0xff, 0xff, 0x5b, 0x0, 0x0,
    0x0, 0x0, 0x0, 0x1, 0xe4, 0xff, 0xff, 0xf6,
    0xe8, 0xff, 0xff, 0xb5, 0x0, 0x0, 0x9e, 0xff,
    0xff, 0xfe, 0xe0, 0xff, 0xff, 0xfa, 0x10, 0x0,
    0x0, 0x0, 0x0, 0x0, 0x0, 0x96, 0xff, 0xff,
    0xff, 0xff, 0xff, 0xff, 0x65, 0x0, 0x0, 0x4e,
    0xff, 0xff, 0xff, 0xff, 0xff, 0xff, 0xba, 0x0,
    0x0, 0x0, 0x0, 0x0, 0x0, 0x0, 0x45, 0xff,
    0xff, 0xff, 0xff, 0xff, 0xfe, 0x18, 0x0, 0x0,
    0x9, 0xf5, 0xff, 0xff, 0xff, 0xff, 0xff, 0x69,
    0x0, 0x0, 0x0, 0x0, 0x0, 0x0, 0x0, 0x5,
    0xef, 0xff, 0xff, 0xff, 0xff, 0xc6, 0x0, 0x0,
    0x0, 0x0, 0xaf, 0xff, 0xff, 0xff, 0xff, 0xfe,
    0x1a, 0x0, 0x0, 0x0, 0x0, 0x0, 0x0, 0x0,
    0x0, 0xa5, 0xff, 0xff, 0xff, 0xff, 0x77, 0x0,
    0x0, 0x0, 0x0, 0x60, 0xff, 0xff, 0xff, 0xff,
    0xc8, 0x0, 0x0, 0x0, 0x0, 0x0, 0x0, 0x0,
    0x0, 0x0, 0x54, 0xff, 0xff, 0xff, 0xff, 0x27,
    0x0, 0x0, 0x0, 0x0, 0x13, 0xfc, 0xff, 0xff,
    0xff, 0x78, 0x0, 0x0, 0x0, 0x0, 0x0,

    /* U+0078 "x" */
    0x5d, 0xff, 0xff, 0xff, 0xff, 0x46, 0x0, 0x0,
    0x0, 0xe, 0xe7, 0xff, 0xff, 0xff, 0xc9, 0x4,
    0x0, 0xad, 0xff, 0xff, 0xff, 0xdf, 0xb, 0x0,
    0x0, 0x90, 0xff, 0xff, 0xff, 0xf4, 0x25, 0x0,
    0x0, 0x15, 0xe9, 0xff, 0xff, 0xff, 0x8f, 0x0,
    0x2f, 0xfc, 0xff, 0xff, 0xff, 0x66, 0x0, 0x0,
    0x0, 0x0, 0x4f, 0xff, 0xff, 0xff, 0xfd, 0x37,
    0xc4, 0xff, 0xff, 0xff, 0xb3, 0x0, 0x0, 0x0,
    0x0, 0x0, 0x0, 0xa0, 0xff, 0xff, 0xff, 0xf3,
    0xff, 0xff, 0xff, 0xe9, 0x16, 0x0, 0x0, 0x0,
    0x0, 0x0, 0x0, 0xf, 0xe1, 0xff, 0xff, 0xff,
    0xff, 0xff, 0xff, 0x4d, 0x0, 0x0, 0x0, 0x0,
    0x0, 0x0, 0x0, 0x0, 0x42, 0xfe, 0xff, 0xff,
    0xff, 0xff, 0x98, 0x0, 0x0, 0x0, 0x0, 0x0,
    0x0, 0x0, 0x0, 0x0, 0x1, 0xd4, 0xff, 0xff,
    0xff, 0xff, 0x2a, 0x0, 0x0, 0x0, 0x0, 0x0,
    0x0, 0x0, 0x0, 0x0, 0x69, 0xff, 0xff, 0xff,
    0xff, 0xff, 0xbd, 0x1, 0x0, 0x0, 0x0, 0x0,
    0x0, 0x0, 0x0, 0x21, 0xf3, 0xff, 0xff, 0xff,
    0xff, 0xff, 0xff, 0x6c, 0x0, 0x0, 0x0, 0x0,
    0x0, 0x0, 0x1, 0xbe, 0xff, 0xff, 0xff, 0xe4,
    0xff, 0xff, 0xff, 0xf5, 0x24, 0x0, 0x0, 0x0,
    0x0, 0x0, 0x6c, 0xff, 0xff, 0xff, 0xf4, 0x1f,
    0xba, 0xff, 0xff, 0xff, 0xc5, 0x2, 0x0, 0x0,
    0x0, 0x22, 0xf4, 0xff, 0xff, 0xff, 0x73, 0x0,
    0x21, 0xf4, 0xff, 0xff, 0xff, 0x75, 0x0, 0x0,
    0x1, 0xc0, 0xff, 0xff, 0xff, 0xcf, 0x3, 0x0,
    0x0, 0x70, 0xff, 0xff, 0xff, 0xf8, 0x2a, 0x0,
    0x6e, 0xff, 0xff, 0xff, 0xfd, 0x36, 0x0, 0x0,
    0x0, 0x2, 0xc8, 0xff, 0xff, 0xff, 0xcc, 0x4,

    /* U+0079 "y" */
    0xa7, 0xff, 0xff, 0xff, 0xcd, 0x0, 0x0, 0x0,
    0x0, 0x0, 0x0, 0x1e, 0xfd, 0xff, 0xff, 0xff,
    0x3f, 0x35, 0xff, 0xff, 0xff, 0xff, 0x39, 0x0,
    0x0, 0x0, 0x0, 0x0, 0x84, 0xff, 0xff, 0xff,
    0xcf, 0x0, 0x0, 0xc3, 0xff, 0xff, 0xff, 0xa5,
    0x0, 0x0, 0x0, 0x0, 0x4, 0xe6, 0xff, 0xff,
    0xff, 0x5f, 0x0, 0x0, 0x51, 0xff, 0xff, 0xff,
    0xf9, 0x17, 0x0, 0x0, 0x0, 0x54, 0xff, 0xff,
    0xff, 0xe8, 0x6, 0x0, 0x0, 0x2, 0xdc, 0xff,
    0xff, 0xff, 0x7d, 0x0, 0x0, 0x0, 0xbb, 0xff,
    0xff, 0xff, 0x7f, 0x0, 0x0, 0x0, 0x0, 0x6d,
    0xff, 0xff, 0xff, 0xe4, 0x4, 0x0, 0x24, 0xfe,
    0xff, 0xff, 0xf8, 0x16, 0x0, 0x0, 0x0, 0x0,
    0xb, 0xee, 0xff, 0xff, 0xff, 0x54, 0x0, 0x8b,
    0xff, 0xff, 0xff, 0x9e, 0x0, 0x0, 0x0, 0x0,
    0x0, 0x0, 0x88, 0xff, 0xff, 0xff, 0xc0, 0x7,
    0xeb, 0xff, 0xff, 0xff, 0x2e, 0x0, 0x0, 0x0,
    0x0, 0x0, 0x0, 0x1b, 0xfa, 0xff, 0xff, 0xff,
    0x8d, 0xff, 0xff, 0xff, 0xbe, 0x0, 0x0, 0x0,
    0x0, 0x0, 0x0, 0x0, 0x0, 0xa4, 0xff, 0xff,
    0xff, 0xff, 0xff, 0xff, 0xff, 0x4e, 0x0, 0x0,
    0x0, 0x0, 0x0, 0x0, 0x0, 0x0, 0x32, 0xff,
    0xff, 0xff, 0xff, 0xff, 0xff, 0xdb, 0x2, 0x0,
    0x0, 0x0, 0x0, 0x0, 0x0, 0x0, 0x0, 0x0,
    0xc0, 0xff, 0xff, 0xff, 0xff, 0xff, 0x6d, 0x0,
    0x0, 0x0, 0x0, 0x0, 0x0, 0x0, 0x0, 0x0,
    0x0, 0x4e, 0xff, 0xff, 0xff, 0xff, 0xf0, 0xc,
    0x0, 0x0, 0x0, 0x0, 0x0, 0x0, 0x0, 0x0,
    0x0, 0x0, 0x1, 0xdc, 0xff, 0xff, 0xff, 0x8d,
    0x0, 0x0, 0x0, 0x0, 0x0, 0x0, 0x0, 0x0,
    0x0, 0x0, 0x0, 0xf, 0xf1, 0xff, 0xff, 0xfc,
    0x20, 0x0, 0x0, 0x0, 0x0, 0x0, 0x0, 0x0,
    0x0, 0x0, 0x0, 0x0, 0x76, 0xff, 0xff, 0xff,
    0xac, 0x0, 0x0, 0x0, 0x0, 0x0, 0x0, 0x0,
    0x0, 0x0, 0x0, 0x0, 0x5, 0xe4, 0xff, 0xff,
    0xff, 0x3c, 0x0, 0x0, 0x0, 0x0, 0x0, 0x0,
    0x0, 0x0, 0x0, 0x0, 0x0, 0x5f, 0xff, 0xff,
    0xff, 0xcc, 0x0, 0x0, 0x0, 0x0, 0x0, 0x0,
    0x0, 0x0, 0x0, 0x0, 0x0, 0x0, 0xd3, 0xff,
    0xff, 0xff, 0x5c, 0x0, 0x0, 0x0, 0x0, 0x0,
    0x0, 0x0, 0x0, 0x0, 0x0, 0x0, 0x49, 0xff,
    0xff, 0xff, 0xe6, 0x5, 0x0, 0x0, 0x0, 0x0,
    0x0, 0x0, 0x0, 0x0, 0x0, 0x0, 0x0, 0xbe,
    0xff, 0xff, 0xff, 0x7c, 0x0, 0x0, 0x0, 0x0,
    0x0, 0x0, 0x0, 0x0, 0x0,

    /* U+007A "z" */
    0x0, 0xcc, 0xff, 0xff, 0xff, 0xff, 0xff, 0xff,
    0xff, 0xff, 0xff, 0xff, 0xff, 0x4c, 0x0, 0xcc,
    0xff, 0xff, 0xff, 0xff, 0xff, 0xff, 0xff, 0xff,
    0xff, 0xff, 0xff, 0x4c, 0x0, 0xcc, 0xff, 0xff,
    0xff, 0xff, 0xff, 0xff, 0xff, 0xff, 0xff, 0xff,
    0xff, 0x4c, 0x0, 0x3f, 0x50, 0x50, 0x50, 0x50,
    0x50, 0x53, 0xe2, 0xff, 0xff, 0xff, 0xe6, 0x1b,
    0x0, 0x0, 0x0, 0x0, 0x0, 0x0, 0x0, 0x98,
    0xff, 0xff, 0xff, 0xf2, 0x30, 0x0, 0x0, 0x0,
    0x0, 0x0, 0x0, 0x0, 0x7b, 0xff, 0xff, 0xff,
    0xfb, 0x46, 0x0, 0x0, 0x0, 0x0, 0x0, 0x0,
    0x0, 0x5c, 0xff, 0xff, 0xff, 0xff, 0x60, 0x0,
    0x0, 0x0, 0x0, 0x0, 0x0, 0x0, 0x43, 0xfa,
    0xff, 0xff, 0xff, 0x7d, 0x0, 0x0, 0x0, 0x0,
    0x0, 0x0, 0x0, 0x2e, 0xf1, 0xff, 0xff, 0xff,
    0x9b, 0x0, 0x0, 0x0, 0x0, 0x0, 0x0, 0x0,
    0x1c, 0xe4, 0xff, 0xff, 0xff, 0xb6, 0x4, 0x0,
    0x0, 0x0, 0x0, 0x0, 0x0, 0xf, 0xd3, 0xff,
    0xff, 0xff, 0xcc, 0xb, 0x0, 0x0, 0x0, 0x0,
    0x0, 0x0, 0x2, 0xbe, 0xff, 0xff, 0xff, 0xfa,
    0x67, 0x50, 0x50, 0x50, 0x50, 0x50, 0x50, 0x20,
    0xc, 0xff, 0xff, 0xff, 0xff, 0xff, 0xff, 0xff,
    0xff, 0xff, 0xff, 0xff, 0xff, 0x68, 0xc, 0xff,
    0xff, 0xff, 0xff, 0xff, 0xff, 0xff, 0xff, 0xff,
    0xff, 0xff, 0xff, 0x68, 0xc, 0xff, 0xff, 0xff,
    0xff, 0xff, 0xff, 0xff, 0xff, 0xff, 0xff, 0xff,
    0xff, 0x68,

    /* U+007B "{" */
    0x0, 0x0, 0x0, 0x0, 0x0, 0x0, 0x9, 0x27,
    0x33, 0x8, 0x0, 0x0, 0x0, 0x0, 0x25, 0xaf,
    0xf9, 0xff, 0xff, 0x28, 0x0, 0x0, 0x0, 0x2b,
    0xf0, 0xff, 0xff, 0xff, 0xff, 0x28, 0x0, 0x0,
    0x0, 0xc5, 0xff, 0xff, 0xff, 0xff, 0xff, 0x28,
    0x0, 0x0, 0x23, 0xff, 0xff, 0xff, 0xfd, 0x66,
    0xb, 0x0, 0x0, 0x0, 0x4e, 0xff, 0xff, 0xff,
    0xa9, 0x0, 0x0, 0x0, 0x0, 0x0, 0x5b, 0xff,
    0xff, 0xff, 0x7e, 0x0, 0x0, 0x0, 0x0, 0x0,
    0x5c, 0xff, 0xff, 0xff, 0x7c, 0x0, 0x0, 0x0,
    0x0, 0x0, 0x5c, 0xff, 0xff, 0xff, 0x7c, 0x0,
    0x0, 0x0, 0x0, 0x0, 0x5c, 0xff, 0xff, 0xff,
    0x7c, 0x0, 0x0, 0x0, 0x0, 0x0, 0x5d, 0xff,
    0xff, 0xff, 0x7a, 0x0, 0x0, 0x0, 0x0, 0x0,
    0x83, 0xff, 0xff, 0xff, 0x69, 0x0, 0x0, 0x0,
    0x14, 0x75, 0xf6, 0xff, 0xff, 0xff, 0x35, 0x0,
    0x0, 0x0, 0x48, 0xff, 0xff, 0xff, 0xff, 0x99,
    0x0, 0x0, 0x0, 0x0, 0x48, 0xff, 0xff, 0xff,
    0xac, 0xd, 0x0, 0x0, 0x0, 0x0, 0x48, 0xff,
    0xff, 0xff, 0xff, 0xcd, 0x5, 0x0, 0x0, 0x0,
    0x1, 0x33, 0xe0, 0xff, 0xff, 0xff, 0x48, 0x0,
    0x0, 0x0, 0x0, 0x0, 0x70, 0xff, 0xff, 0xff,
    0x6f, 0x0, 0x0, 0x0, 0x0, 0x0, 0x5c, 0xff,
    0xff, 0xff, 0x7b, 0x0, 0x0, 0x0, 0x0, 0x0,
    0x5c, 0xff, 0xff, 0xff, 0x7c, 0x0, 0x0, 0x0,
    0x0, 0x0, 0x5c, 0xff, 0xff, 0xff, 0x7c, 0x0,
    0x0, 0x0, 0x0, 0x0, 0x5c, 0xff, 0xff, 0xff,
    0x7c, 0x0, 0x0, 0x0, 0x0, 0x0, 0x5a, 0xff,
    0xff, 0xff, 0x82, 0x0, 0x0, 0x0, 0x0, 0x0,
    0x48, 0xff, 0xff, 0xff, 0xbd, 0x0, 0x0, 0x0,
    0x0, 0x0, 0x15, 0xfd, 0xff, 0xff, 0xff, 0x97,
    0x3e, 0x8, 0x0, 0x0, 0x0, 0xa8, 0xff, 0xff,
    0xff, 0xff, 0xff, 0x28, 0x0, 0x0, 0x0, 0x14,
    0xd5, 0xff, 0xff, 0xff, 0xff, 0x28, 0x0, 0x0,
    0x0, 0x0, 0xc, 0x7c, 0xcf, 0xf5, 0xff, 0x28,

    /* U+007C "|" */
    0x6, 0x8, 0x8, 0x6, 0xd8, 0xff, 0xff, 0xc4,
    0xd8, 0xff, 0xff, 0xc4, 0xd8, 0xff, 0xff, 0xc4,
    0xd8, 0xff, 0xff, 0xc4, 0xd8, 0xff, 0xff, 0xc4,
    0xd8, 0xff, 0xff, 0xc4, 0xd8, 0xff, 0xff, 0xc4,
    0xd8, 0xff, 0xff, 0xc4, 0xd8, 0xff, 0xff, 0xc4,
    0xd8, 0xff, 0xff, 0xc4, 0xd8, 0xff, 0xff, 0xc4,
    0xd8, 0xff, 0xff, 0xc4, 0xd8, 0xff, 0xff, 0xc4,
    0xd8, 0xff, 0xff, 0xc4, 0xd8, 0xff, 0xff, 0xc4,
    0xd8, 0xff, 0xff, 0xc4, 0xd8, 0xff, 0xff, 0xc4,
    0xd8, 0xff, 0xff, 0xc4, 0xd8, 0xff, 0xff, 0xc4,
    0xd8, 0xff, 0xff, 0xc4, 0xd8, 0xff, 0xff, 0xc4,
    0xd8, 0xff, 0xff, 0xc4, 0xd8, 0xff, 0xff, 0xc4,
    0xd8, 0xff, 0xff, 0xc4, 0xd8, 0xff, 0xff, 0xc4,
    0xd8, 0xff, 0xff, 0xc4, 0xd8, 0xff, 0xff, 0xc4,

    /* U+007D "}" */
    0x2, 0x34, 0x2a, 0xd, 0x0, 0x0, 0x0, 0x0,
    0x0, 0x0, 0xc, 0xff, 0xff, 0xfc, 0xbd, 0x34,
    0x0, 0x0, 0x0, 0x0, 0xc, 0xff, 0xff, 0xff,
    0xff, 0xf8, 0x41, 0x0, 0x0, 0x0, 0xc, 0xff,
    0xff, 0xff, 0xff, 0xff, 0xde, 0x4, 0x0, 0x0,
    0x0, 0x7, 0x51, 0xf5, 0xff, 0xff, 0xff, 0x3f,
    0x0, 0x0, 0x0, 0x0, 0x0, 0x8c, 0xff, 0xff,
    0xff, 0x69, 0x0, 0x0, 0x0, 0x0, 0x0, 0x63,
    0xff, 0xff, 0xff, 0x77, 0x0, 0x0, 0x0, 0x0,
    0x0, 0x60, 0xff, 0xff, 0xff, 0x78, 0x0, 0x0,
    0x0, 0x0, 0x0, 0x60, 0xff, 0xff, 0xff, 0x78,
    0x0, 0x0, 0x0, 0x0, 0x0, 0x60, 0xff, 0xff,
    0xff, 0x78, 0x0, 0x0, 0x0, 0x0, 0x0, 0x5e,
    0xff, 0xff, 0xff, 0x78, 0x0, 0x0, 0x0, 0x0,
    0x0, 0x4d, 0xff, 0xff, 0xff, 0x9e, 0x0, 0x0,
    0x0, 0x0, 0x0, 0x19, 0xfd, 0xff, 0xff, 0xfc,
    0x80, 0x1d, 0x0, 0x0, 0x0, 0x0, 0x7a, 0xfd,
    0xff, 0xff, 0xff, 0x64, 0x0, 0x0, 0x0, 0x0,
    0x6, 0x8f, 0xff, 0xff, 0xff, 0x64, 0x0, 0x0,
    0x0, 0x0, 0xb2, 0xff, 0xff, 0xff, 0xff, 0x64,
    0x0, 0x0, 0x0, 0x2b, 0xff, 0xff, 0xff, 0xed,
    0x3f, 0x3, 0x0, 0x0, 0x0, 0x53, 0xff, 0xff,
    0xff, 0x8c, 0x0, 0x0, 0x0, 0x0, 0x0, 0x5f,
    0xff, 0xff, 0xff, 0x78, 0x0, 0x0, 0x0, 0x0,
    0x0, 0x60, 0xff, 0xff, 0xff, 0x78, 0x0, 0x0,
    0x0, 0x0, 0x0, 0x60, 0xff, 0xff, 0xff, 0x78,
    0x0, 0x0, 0x0, 0x0, 0x0, 0x60, 0xff, 0xff,
    0xff, 0x78, 0x0, 0x0, 0x0, 0x0, 0x0, 0x66,
    0xff, 0xff, 0xff, 0x75, 0x0, 0x0, 0x0, 0x0,
    0x0, 0x9f, 0xff, 0xff, 0xff, 0x64, 0x0, 0x0,
    0x2, 0x3a, 0x83, 0xfd, 0xff, 0xff, 0xff, 0x2f,
    0x0, 0x0, 0xc, 0xff, 0xff, 0xff, 0xff, 0xff,
    0xc6, 0x0, 0x0, 0x0, 0xc, 0xff, 0xff, 0xff,
    0xff, 0xe4, 0x24, 0x0, 0x0, 0x0, 0xc, 0xff,
    0xf7, 0xd7, 0x8a, 0x15, 0x0, 0x0, 0x0, 0x0,

    /* U+007E "~" */
    0x0, 0x0, 0x36, 0xbc, 0xf4, 0xf5, 0xcb, 0x7b,
    0x21, 0x0, 0x0, 0x0, 0x4a, 0x8c, 0x8c, 0x59,
    0x0, 0x30, 0xf7, 0xff, 0xff, 0xff, 0xff, 0xff,
    0xfe, 0xb7, 0x6f, 0x63, 0xe7, 0xff, 0xff, 0x8f,
    0x0, 0xb1, 0xff, 0xff, 0xff, 0xff, 0xff, 0xff,
    0xff, 0xff, 0xff, 0xff, 0xff, 0xff, 0xff, 0x4d,
    0x0, 0xf3, 0xff, 0xff, 0xb3, 0x58, 0x81, 0xdc,
    0xff, 0xff, 0xff, 0xff, 0xff, 0xff, 0xc1, 0x2,
    0x4, 0x8c, 0x8c, 0x8c, 0x15, 0x0, 0x0, 0x1,
    0x3f, 0x9c, 0xd7, 0xf7, 0xe7, 0x94, 0xd, 0x0,

    /* U+00A0 " " */

    /* U+00A1 "¡" */
    0x0, 0x6b, 0xe4, 0xe9, 0x7c, 0x0, 0x44, 0xff,
    0xff, 0xff, 0xff, 0x54, 0x83, 0xff, 0xff, 0xff,
    0xff, 0x93, 0x57, 0xff, 0xff, 0xff, 0xff, 0x67,
    0x1, 0x95, 0xfe, 0xff, 0xa5, 0x4, 0x0, 0x0,
    0xc, 0xf, 0x0, 0x0, 0x0, 0x0, 0x0, 0x0,
    0x0, 0x0, 0x0, 0x8d, 0xf0, 0xf0, 0x9f, 0x0,
    0x0, 0xa4, 0xff, 0xff, 0xb7, 0x0, 0x0, 0xb2,
    0xff, 0xff, 0xc5, 0x0, 0x0, 0xc0, 0xff, 0xff,
    0xd3, 0x0, 0x0, 0xce, 0xff, 0xff, 0xe1, 0x0,
    0x0, 0xdb, 0xff, 0xff, 0xee, 0x0, 0x0, 0xe9,
    0xff, 0xff, 0xfb, 0x0, 0x0, 0xf6, 0xff, 0xff,
    0xff, 0xa, 0x0, 0xfc, 0xff, 0xff, 0xff, 0x10,
    0x0, 0xfc, 0xff, 0xff, 0xff, 0x10, 0x0, 0xfc,
    0xff, 0xff, 0xff, 0x10, 0x0, 0xfc, 0xff, 0xff,
    0xff, 0x10, 0x0, 0xfc, 0xff, 0xff, 0xff, 0x10,
    0x0, 0xfc, 0xff, 0xff, 0xff, 0x10,

    /* U+00A2 "¢" */
    0x0, 0x0, 0x0, 0x0, 0x0, 0x0, 0x0, 0x3c,
    0x44, 0x37, 0x0, 0x0, 0x0, 0x0, 0x0, 0x0,
    0x0, 0x0, 0x0, 0x0, 0x0, 0x0, 0x0, 0xe4,
    0xff, 0xd0, 0x0, 0x0, 0x0, 0x0, 0x0, 0x0,
    0x0, 0x0, 0x0, 0x0, 0x0, 0x0, 0x0, 0xe4,
    0xff, 0xd0, 0x0, 0x0, 0x0, 0x0, 0x0, 0x0,
    0x0, 0x0, 0x0, 0x0, 0x0, 0x38, 0x88, 0xf6,
    0xff, 0xf1, 0x8b, 0x46, 0x0, 0x0, 0x0, 0x0,
    0x0, 0x0, 0x0, 0x20, 0xbd, 0xff, 0xff, 0xff,
    0xff, 0xff, 0xff, 0xff, 0xc4, 0x25, 0x0, 0x0,
    0x0, 0x0, 0x2b, 0xea, 0xff, 0xff, 0xff, 0xff,
    0xff, 0xff, 0xff, 0xff, 0xff, 0xe5, 0x24, 0x0,
    0x0, 0xa, 0xda, 0xff, 0xff, 0xff, 0xf1, 0xf8,
    0xff, 0xee, 0xdf, 0xff, 0xff, 0xff, 0xc7, 0x1,
    0x0, 0x72, 0xff, 0xff, 0xff, 0xc8, 0x14, 0xe4,
    0xff, 0xd0, 0x9, 0xb5, 0xff, 0xf8, 0xa8, 0x15,
    0x0, 0xd0, 0xff, 0xff, 0xf6, 0x16, 0x0, 0xe4,
    0xff, 0xd0, 0x0, 0x14, 0x6f, 0x13, 0x0, 0x0,
    0xb, 0xfe, 0xff, 0xff, 0xa3, 0x0, 0x0, 0xe4,
    0xff, 0xd0, 0x0, 0x0, 0x0, 0x0, 0x0, 0x0,
    0x20, 0xff, 0xff, 0xff, 0x7c, 0x0, 0x0, 0xe4,
    0xff, 0xd0, 0x0, 0x0, 0x0, 0x0, 0x0, 0x0,
    0x1c, 0xff, 0xff, 0xff, 0x84, 0x0, 0x0, 0xe4,
    0xff, 0xd0, 0x0, 0x0, 0x0, 0x0, 0x0, 0x0,
    0x5, 0xf8, 0xff, 0xff, 0xb8, 0x0, 0x0, 0xe4,
    0xff, 0xd0, 0x0, 0x0, 0x0, 0x0, 0x0, 0x0,
    0x0, 0xbd, 0xff, 0xff, 0xfe, 0x37, 0x0, 0xe4,
    0xff, 0xd0, 0x0, 0x14, 0xd1, 0x80, 0x19, 0x0,
    0x0, 0x53, 0xff, 0xff, 0xff, 0xea, 0x45, 0xe4,
    0xff, 0xd0, 0x27, 0xce, 0xff, 0xff, 0xfa, 0x33,
    0x0, 0x0, 0xb7, 0xff, 0xff, 0xff, 0xff, 0xfe,
    0xff, 0xfa, 0xfd, 0xff, 0xff, 0xff, 0xad, 0x0,
    0x0, 0x0, 0xe, 0xc3, 0xff, 0xff, 0xff, 0xff,
    0xff, 0xff, 0xff, 0xff, 0xff, 0xc0, 0xb, 0x0,
    0x0, 0x0, 0x0, 0x4, 0x7a, 0xec, 0xff, 0xff,
    0xff, 0xff, 0xff, 0xf7, 0x80, 0x8, 0x0, 0x0,
    0x0, 0x0, 0x0, 0x0, 0x0, 0x8, 0x45, 0xef,
    0xff, 0xe6, 0x4d, 0xd, 0x0, 0x0, 0x0, 0x0,
    0x0, 0x0, 0x0, 0x0, 0x0, 0x0, 0x0, 0xe4,
    0xff, 0xd0, 0x0, 0x0, 0x0, 0x0, 0x0, 0x0,
    0x0, 0x0, 0x0, 0x0, 0x0, 0x0, 0x0, 0xe4,
    0xff, 0xd0, 0x0, 0x0, 0x0, 0x0, 0x0, 0x0,

    /* U+00A3 "£" */
    0x0, 0x0, 0x0, 0x1, 0x57, 0xb6, 0xea, 0xfa,
    0xea, 0xb6, 0x55, 0x1, 0x0, 0x0, 0x0, 0x0,
    0x0, 0x0, 0x13, 0xbf, 0xff, 0xff, 0xff, 0xff,
    0xff, 0xff, 0xff, 0xb8, 0xc, 0x0, 0x0, 0x0,
    0x0, 0x3, 0xc2, 0xff, 0xff, 0xff, 0xff, 0xff,
    0xff, 0xff, 0xff, 0xff, 0xb3, 0x0, 0x0, 0x0,
    0x0, 0x60, 0xff, 0xff, 0xff, 0xfb, 0x9f, 0x7c,
    0xb5, 0xff, 0xff, 0xff, 0xff, 0x41, 0x0, 0x0,
    0x0, 0xc2, 0xff, 0xff, 0xff, 0x4c, 0x0, 0x0,
    0x0, 0x79, 0xff, 0xff, 0xe6, 0x5a, 0x0, 0x0,
    0x0, 0xf4, 0xff, 0xff, 0xd4, 0x0, 0x0, 0x0,
    0x0, 0x3, 0xa4, 0x52, 0x4, 0x0, 0x0, 0x0,
    0x0, 0xfa, 0xff, 0xff, 0xbe, 0x0, 0x0, 0x0,
    0x0, 0x0, 0x0, 0x0, 0x0, 0x0, 0x0, 0x0,
    0x0, 0xe1, 0xff, 0xff, 0xe1, 0x0, 0x0, 0x0,
    0x0, 0x0, 0x0, 0x0, 0x0, 0x0, 0x0, 0x0,
    0x0, 0x9b, 0xff, 0xff, 0xff, 0x3c, 0x0, 0x0,
    0x0, 0x0, 0x0, 0x0, 0x0, 0x0, 0x0, 0x0,
    0x0, 0x2a, 0xfc, 0xff, 0xff, 0xc0, 0x0, 0x0,
    0x0, 0x0, 0x0, 0x0, 0x0, 0x0, 0x0, 0x0,
    0x0, 0x0, 0x9a, 0xff, 0xff, 0xff, 0x50, 0x0,
    0x0, 0x0, 0x0, 0x0, 0x0, 0x0, 0x0, 0x0,
    0x0, 0xf4, 0xff, 0xff, 0xff, 0xff, 0xff, 0xff,
    0xff, 0xff, 0x90, 0x0, 0x0, 0x0, 0x0, 0x0,
    0x0, 0xf4, 0xff, 0xff, 0xff, 0xff, 0xff, 0xff,
    0xff, 0xff, 0x90, 0x0, 0x0, 0x0, 0x0, 0x0,
    0x0, 0xec, 0xf8, 0xf9, 0xff, 0xff, 0xff, 0xfa,
    0xf8, 0xf8, 0x8b, 0x0, 0x0, 0x0, 0x0, 0x0,
    0x0, 0x0, 0x0, 0x3d, 0xff, 0xff, 0xff, 0x46,
    0x0, 0x0, 0x0, 0x0, 0x0, 0x0, 0x0, 0x0,
    0x0, 0x0, 0x0, 0x80, 0xff, 0xff, 0xf9, 0x11,
    0x0, 0x0, 0x0, 0x0, 0x5, 0x0, 0x0, 0x0,
    0x0, 0x0, 0x2e, 0xf1, 0xff, 0xff, 0x87, 0x0,
    0x0, 0x0, 0x0, 0x0, 0xb3, 0xc0, 0x56, 0x5,
    0x1, 0x6d, 0xed, 0xff, 0xff, 0xf5, 0x72, 0x70,
    0x70, 0x70, 0x75, 0xb6, 0xff, 0xff, 0xff, 0x77,
    0xc, 0xff, 0xff, 0xff, 0xff, 0xff, 0xff, 0xff,
    0xff, 0xff, 0xff, 0xff, 0xff, 0xff, 0xf3, 0x15,
    0xc, 0xff, 0xff, 0xff, 0xff, 0xff, 0xff, 0xff,
    0xff, 0xff, 0xff, 0xff, 0xff, 0xfc, 0x4b, 0x0,
    0xc, 0xff, 0xff, 0xff, 0xff, 0xff, 0xff, 0xff,
    0xff, 0xff, 0xfe, 0xeb, 0xb0, 0x39, 0x0, 0x0,

    /* U+00A4 "¤" */
    0x0, 0x0, 0x52, 0xe, 0x0, 0x0, 0x0, 0x0,
    0x0, 0x0, 0x0, 0x0, 0x0, 0x5c, 0x3, 0x0,
    0x0, 0x69, 0xfe, 0xca, 0x19, 0x69, 0xca, 0xf4,
    0xf8, 0xd9, 0x87, 0x19, 0x96, 0xff, 0xa8, 0x4,
    0xa, 0xdc, 0xff, 0xff, 0xfd, 0xff, 0xff, 0xff,
    0xff, 0xff, 0xff, 0xfd, 0xff, 0xff, 0xf7, 0x33,
    0x0, 0x1c, 0xda, 0xff, 0xff, 0xff, 0xff, 0xff,
    0xff, 0xff, 0xff, 0xff, 0xff, 0xf7, 0x46, 0x0,
    0x0, 0x0, 0xb0, 0xff, 0xff, 0xfc, 0x88, 0x24,
    0x1a, 0x66, 0xf0, 0xff, 0xff, 0xea, 0x8, 0x0,
    0x0, 0x24, 0xfe, 0xff, 0xff, 0x70, 0x0, 0x0,
    0x0, 0x0, 0x37, 0xfd, 0xff, 0xff, 0x60, 0x0,
    0x0, 0x64, 0xff, 0xff, 0xf1, 0x2, 0x0, 0x0,
    0x0, 0x0, 0x0, 0xaf, 0xff, 0xff, 0x9f, 0x0,
    0x0, 0x77, 0xff, 0xff, 0xcf, 0x0, 0x0, 0x0,
    0x0, 0x0, 0x0, 0x8a, 0xff, 0xff, 0xb1, 0x0,
    0x0, 0x65, 0xff, 0xff, 0xf1, 0x2, 0x0, 0x0,
    0x0, 0x0, 0x0, 0xae, 0xff, 0xff, 0x96, 0x0,
    0x0, 0x26, 0xfe, 0xff, 0xff, 0x6b, 0x0, 0x0,
    0x0, 0x0, 0x33, 0xfc, 0xff, 0xff, 0x63, 0x0,
    0x0, 0x0, 0xb2, 0xff, 0xff, 0xfb, 0x82, 0x20,
    0x16, 0x61, 0xec, 0xff, 0xff, 0xec, 0x9, 0x0,
    0x0, 0x1b, 0xd8, 0xff, 0xff, 0xff, 0xff, 0xff,
    0xff, 0xff, 0xff, 0xff, 0xff, 0xf6, 0x44, 0x0,
    0xa, 0xdc, 0xff, 0xff, 0xfe, 0xff, 0xff, 0xff,
    0xff, 0xff, 0xff, 0xfe, 0xff, 0xff, 0xf7, 0x33,
    0x0, 0x6a, 0xfe, 0xcd, 0x1c, 0x6b, 0xca, 0xf4,
    0xf9, 0xd9, 0x88, 0x1c, 0x9a, 0xff, 0xa8, 0x3,
    0x0, 0x0, 0x55, 0x10, 0x0, 0x0, 0x0, 0x0,
    0x0, 0x0, 0x0, 0x0, 0x1, 0x60, 0x3, 0x0,

    /* U+00A5 "¥" */
    0x3e, 0x80, 0x80, 0x80, 0x80, 0x26, 0x0, 0x0,
    0x0, 0x0, 0x0, 0x0, 0x0, 0x2b, 0x80, 0x80,
    0x80, 0x80, 0x38, 0x17, 0xf0, 0xff, 0xff, 0xff,
    0xb9, 0x0, 0x0, 0x0, 0x0, 0x0, 0x0, 0x0,
    0xc0, 0xff, 0xff, 0xff, 0xeb, 0x12, 0x0, 0x6c,
    0xff, 0xff, 0xff, 0xff, 0x4b, 0x0, 0x0, 0x0,
    0x0, 0x0, 0x4d, 0xff, 0xff, 0xff, 0xff, 0x63,
    0x0, 0x0, 0x2, 0xcd, 0xff, 0xff, 0xff, 0xd8,
    0x4, 0x0, 0x0, 0x0, 0x3, 0xd6, 0xff, 0xff,
    0xff, 0xc7, 0x1, 0x0, 0x0, 0x0, 0x35, 0xfd,
    0xff, 0xff, 0xff, 0x6f, 0x0, 0x0, 0x0, 0x66,
    0xff, 0xff, 0xff, 0xfc, 0x31, 0x0, 0x0, 0x0,
    0x0, 0x0, 0x97, 0xff, 0xff, 0xff, 0xee, 0x12,
    0x0, 0xb, 0xe6, 0xff, 0xff, 0xff, 0x94, 0x0,
    0x0, 0x0, 0x0, 0x0, 0x0, 0x10, 0xe9, 0xff,
    0xff, 0xff, 0x8c, 0x0, 0x79, 0xff, 0xff, 0xff,
    0xe9, 0x10, 0x0, 0x0, 0x0, 0x0, 0x0, 0x0,
    0x0, 0x5e, 0xff, 0xff, 0xff, 0xf0, 0xe, 0xe3,
    0xff, 0xff, 0xff, 0x5f, 0x0, 0x0, 0x0, 0x0,
    0x0, 0x0, 0x32, 0x70, 0x70, 0xef, 0xff, 0xff,
    0xff, 0xbc, 0xff, 0xff, 0xff, 0xf1, 0x71, 0x70,
    0x2d, 0x0, 0x0, 0x0, 0x0, 0x74, 0xff, 0xff,
    0xff, 0xff, 0xff, 0xff, 0xff, 0xff, 0xff, 0xff,
    0xff, 0xff, 0xff, 0x68, 0x0, 0x0, 0x0, 0x0,
    0x74, 0xff, 0xff, 0xff, 0xff, 0xff, 0xff, 0xff,
    0xff, 0xff, 0xff, 0xff, 0xff, 0xff, 0x68, 0x0,
    0x0, 0x0, 0x0, 0x74, 0xff, 0xff, 0xff, 0xff,
    0xff, 0xff, 0xff, 0xff, 0xff, 0xff, 0xff, 0xff,
    0xff, 0x68, 0x0, 0x0, 0x0, 0x0, 0x0, 0x0,
    0x0, 0x0, 0x0, 0x80, 0xff, 0xff, 0xff, 0x8c,
    0x0, 0x0, 0x0, 0x0, 0x0, 0x0, 0x0, 0x0,
    0x0, 0x32, 0x70, 0x70, 0x70, 0x70, 0xb8, 0xff,
    0xff, 0xff, 0xbe, 0x70, 0x70, 0x70, 0x70, 0x2d,
    0x0, 0x0, 0x0, 0x0, 0x74, 0xff, 0xff, 0xff,
    0xff, 0xff, 0xff, 0xff, 0xff, 0xff, 0xff, 0xff,
    0xff, 0xff, 0x68, 0x0, 0x0, 0x0, 0x0, 0x74,
    0xff, 0xff, 0xff, 0xff, 0xff, 0xff, 0xff, 0xff,
    0xff, 0xff, 0xff, 0xff, 0xff, 0x68, 0x0, 0x0,
    0x0, 0x0, 0x74, 0xff, 0xff, 0xff, 0xff, 0xff,
    0xff, 0xff, 0xff, 0xff, 0xff, 0xff, 0xff, 0xff,
    0x68, 0x0, 0x0, 0x0, 0x0, 0x0, 0x0, 0x0,
    0x0, 0x0, 0x80, 0xff, 0xff, 0xff, 0x8c, 0x0,
    0x0, 0x0, 0x0, 0x0, 0x0, 0x0, 0x0, 0x0,
    0x0, 0x0, 0x0, 0x0, 0x0, 0x80, 0xff, 0xff,
    0xff, 0x8c, 0x0, 0x0, 0x0, 0x0, 0x0, 0x0,
    0x0, 0x0, 0x0, 0x0, 0x0, 0x0, 0x0, 0x0,
    0x80, 0xff, 0xff, 0xff, 0x8c, 0x0, 0x0, 0x0,
    0x0, 0x0, 0x0, 0x0, 0x0, 0x0, 0x0, 0x0,
    0x0, 0x0, 0x0, 0x80, 0xff, 0xff, 0xff, 0x8c,
    0x0, 0x0, 0x0, 0x0, 0x0, 0x0, 0x0,

    /* U+00A6 "¦" */
    0xd8, 0xff, 0xff, 0xc4, 0xd8, 0xff, 0xff, 0xc4,
    0xd8, 0xff, 0xff, 0xc4, 0xd8, 0xff, 0xff, 0xc4,
    0xd8, 0xff, 0xff, 0xc4, 0xd8, 0xff, 0xff, 0xc4,
    0xd8, 0xff, 0xff, 0xc4, 0xd8, 0xff, 0xff, 0xc4,
    0xd8, 0xff, 0xff, 0xc4, 0xd8, 0xff, 0xff, 0xc4,
    0xd8, 0xff, 0xff, 0xc4, 0x39, 0x44, 0x44, 0x34,
    0x0, 0x0, 0x0, 0x0, 0x2f, 0x38, 0x38, 0x2a,
    0xd8, 0xff, 0xff, 0xc4, 0xd8, 0xff, 0xff, 0xc4,
    0xd8, 0xff, 0xff, 0xc4, 0xd8, 0xff, 0xff, 0xc4,
    0xd8, 0xff, 0xff, 0xc4, 0xd8, 0xff, 0xff, 0xc4,
    0xd8, 0xff, 0xff, 0xc4, 0xd8, 0xff, 0xff, 0xc4,
    0xd8, 0xff, 0xff, 0xc4, 0xd8, 0xff, 0xff, 0xc4,
    0xd8, 0xff, 0xff, 0xc4, 0xd8, 0xff, 0xff, 0xc4,

    /* U+00A7 "§" */
    0x0, 0x0, 0x0, 0x11, 0x77, 0xc4, 0xee, 0xfa,
    0xe8, 0xb3, 0x55, 0x2, 0x0, 0x0, 0x0, 0x0,
    0x0, 0x48, 0xea, 0xff, 0xff, 0xff, 0xff, 0xff,
    0xff, 0xff, 0xc5, 0x19, 0x0, 0x0, 0x0, 0x3a,
    0xf9, 0xff, 0xff, 0xff, 0xff, 0xff, 0xff, 0xff,
    0xff, 0xff, 0xda, 0xf, 0x0, 0x0, 0xca, 0xff,
    0xff, 0xff, 0xfc, 0xb6, 0x9d, 0xc5, 0xff, 0xff,
    0xff, 0xff, 0x90, 0x0, 0x14, 0xff, 0xff, 0xff,
    0xf8, 0x35, 0x0, 0x0, 0x0, 0x5e, 0xff, 0xff,
    0xec, 0x86, 0x0, 0x22, 0xff, 0xff, 0xff, 0xd5,
    0x0, 0x0, 0x0, 0x0, 0x0, 0x7f, 0x4f, 0x5,
    0x0, 0x0, 0x7, 0xf5, 0xff, 0xff, 0xfe, 0x66,
    0x0, 0x0, 0x0, 0x0, 0x0, 0x0, 0x0, 0x0,
    0x0, 0x0, 0x91, 0xff, 0xff, 0xff, 0xff, 0xd6,
    0x7a, 0x28, 0x0, 0x0, 0x0, 0x0, 0x0, 0x0,
    0x0, 0x9, 0xc1, 0xff, 0xff, 0xff, 0xff, 0xff,
    0xff, 0xd2, 0x71, 0xd, 0x0, 0x0, 0x0, 0x0,
    0x0, 0x5f, 0xff, 0xff, 0xff, 0xff, 0xff, 0xff,
    0xff, 0xff, 0xe9, 0x56, 0x0, 0x0, 0x0, 0x51,
    0xfe, 0xff, 0xff, 0xdb, 0xae, 0xf7, 0xff, 0xff,
    0xff, 0xff, 0xff, 0x71, 0x0, 0x3, 0xe0, 0xff,
    0xff, 0xe5, 0x13, 0x0, 0xf, 0x75, 0xf0, 0xff,
    0xff, 0xff, 0xfa, 0x21, 0x23, 0xff, 0xff, 0xff,
    0x92, 0x0, 0x0, 0x0, 0x0, 0x25, 0xf0, 0xff,
    0xff, 0xff, 0x72, 0x28, 0xff, 0xff, 0xff, 0xb1,
    0x0, 0x0, 0x0, 0x0, 0x0, 0x82, 0xff, 0xff,
    0xff, 0x91, 0x3, 0xe8, 0xff, 0xff, 0xff, 0x79,
    0x3, 0x0, 0x0, 0x0, 0x63, 0xff, 0xff, 0xff,
    0x81, 0x0, 0x62, 0xff, 0xff, 0xff, 0xff, 0xdb,
    0x77, 0x1d, 0x0, 0xad, 0xff, 0xff, 0xff, 0x3c,
    0x0, 0x0, 0x73, 0xfa, 0xff, 0xff, 0xff, 0xff,
    0xfe, 0xcf, 0xff, 0xff, 0xff, 0xb2, 0x0, 0x0,
    0x0, 0x0, 0x2a, 0xa4, 0xf6, 0xff, 0xff, 0xff,
    0xff, 0xff, 0xff, 0xed, 0xe, 0x0, 0x0, 0x0,
    0x0, 0x0, 0x0, 0xd, 0x53, 0xa6, 0xf6, 0xff,
    0xff, 0xff, 0xff, 0x89, 0x0, 0x0, 0x0, 0x0,
    0x0, 0x0, 0x0, 0x0, 0x0, 0x12, 0x93, 0xff,
    0xff, 0xff, 0xfc, 0x20, 0x0, 0x1e, 0x76, 0xc2,
    0x8, 0x0, 0x0, 0x0, 0x0, 0x0, 0xa9, 0xff,
    0xff, 0xff, 0x69, 0x91, 0xfe, 0xff, 0xff, 0x6f,
    0x0, 0x0, 0x0, 0x0, 0x0, 0x7e, 0xff, 0xff,
    0xff, 0x7c, 0x69, 0xff, 0xff, 0xff, 0xf8, 0x52,
    0x0, 0x0, 0x0, 0x19, 0xdc, 0xff, 0xff, 0xff,
    0x5c, 0x8, 0xde, 0xff, 0xff, 0xff, 0xff, 0xce,
    0xa3, 0xb3, 0xf6, 0xff, 0xff, 0xff, 0xf3, 0xf,
    0x0, 0x33, 0xf1, 0xff, 0xff, 0xff, 0xff, 0xff,
    0xff, 0xff, 0xff, 0xff, 0xff, 0x63, 0x0, 0x0,
    0x0, 0x31, 0xd8, 0xff, 0xff, 0xff, 0xff, 0xff,
    0xff, 0xff, 0xf4, 0x64, 0x0, 0x0, 0x0, 0x0,
    0x0, 0x6, 0x63, 0xb9, 0xea, 0xfb, 0xef, 0xc8,
    0x80, 0x1a, 0x0, 0x0, 0x0,

    /* U+00A8 "¨" */
    0x0, 0x0, 0x2e, 0x25, 0x0, 0x0, 0x0, 0x8,
    0x36, 0x14, 0x0, 0x0, 0xa6, 0xff, 0xff, 0x7c,
    0x0, 0x12, 0xd9, 0xff, 0xf4, 0x42, 0x29, 0xff,
    0xff, 0xff, 0xf8, 0x4, 0x6d, 0xff, 0xff, 0xff,
    0xb9, 0x19, 0xfb, 0xff, 0xff, 0xe8, 0x0, 0x59,
    0xff, 0xff, 0xff, 0xa5, 0x0, 0x63, 0xe9, 0xe0,
    0x44, 0x0, 0x2, 0x9a, 0xf3, 0xc4, 0x1d,

    /* U+00A9 "©" */
    0x0, 0x0, 0x0, 0x0, 0x0, 0x0, 0xf, 0xe,
    0x0, 0x0, 0x0, 0x0, 0x0, 0x0, 0x0, 0x0,
    0x0, 0x2b, 0xa1, 0xed, 0xff, 0xff, 0xea, 0x9b,
    0x25, 0x0, 0x0, 0x0, 0x0, 0x0, 0x76, 0xfc,
    0xe0, 0x85, 0x57, 0x58, 0x85, 0xe1, 0xfa, 0x69,
    0x0, 0x0, 0x0, 0x71, 0xff, 0x8e, 0x6, 0x0,
    0x3, 0x6, 0x0, 0x7, 0x92, 0xff, 0x62, 0x0,
    0x22, 0xf9, 0x98, 0x0, 0x10, 0xa0, 0xf9, 0xff,
    0xbe, 0x20, 0x0, 0x9d, 0xf3, 0x18, 0x8d, 0xf0,
    0xe, 0x1, 0xc2, 0xe5, 0x64, 0x4d, 0xbd, 0x4b,
    0x0, 0x12, 0xf5, 0x7d, 0xce, 0xa8, 0x0, 0x4a,
    0xff, 0x35, 0x0, 0x0, 0x0, 0x0, 0x0, 0x0,
    0xb3, 0xc1, 0xe5, 0x8a, 0x0, 0x72, 0xf3, 0x0,
    0x0, 0x0, 0x0, 0x0, 0x0, 0x0, 0x96, 0xd9,
    0xd5, 0x9f, 0x0, 0x57, 0xff, 0x20, 0x0, 0x0,
    0x0, 0x0, 0x0, 0x0, 0xab, 0xc8, 0x9d, 0xe7,
    0x6, 0x9, 0xdb, 0xca, 0x34, 0x20, 0xa7, 0x81,
    0x0, 0x8, 0xed, 0x8e, 0x38, 0xff, 0x7c, 0x0,
    0x2b, 0xd2, 0xff, 0xff, 0xe7, 0x38, 0x0, 0x82,
    0xfc, 0x2b, 0x0, 0x97, 0xfd, 0x67, 0x0, 0x2,
    0x2e, 0x34, 0x6, 0x0, 0x6b, 0xfe, 0x88, 0x0,
    0x0, 0x5, 0xa6, 0xff, 0xbf, 0x5a, 0x2b, 0x2c,
    0x5b, 0xc1, 0xff, 0x99, 0x2, 0x0, 0x0, 0x0,
    0x0, 0x5a, 0xd5, 0xff, 0xff, 0xff, 0xff, 0xcf,
    0x52, 0x0, 0x0, 0x0, 0x0, 0x0, 0x0, 0x0,
    0x0, 0x1f, 0x40, 0x40, 0x1c, 0x0, 0x0, 0x0,
    0x0, 0x0,

    /* U+00AA "ª" */
    0x0, 0x0, 0x15, 0x79, 0xcb, 0xeb, 0xfa, 0xe8,
    0xb8, 0x62, 0x5, 0x0, 0x0, 0x0, 0x46, 0xea,
    0xff, 0xff, 0xff, 0xff, 0xff, 0xff, 0xff, 0xd2,
    0x1c, 0x0, 0x27, 0xf4, 0xff, 0xff, 0xff, 0xe9,
    0xdc, 0xfb, 0xff, 0xff, 0xff, 0xd1, 0x3, 0x4,
    0x63, 0xe0, 0xef, 0x4e, 0x1, 0x0, 0x17, 0xb6,
    0xff, 0xff, 0xff, 0x4f, 0x0, 0x0, 0x5, 0x27,
    0x0, 0x0, 0x0, 0x0, 0x10, 0xfc, 0xff, 0xff,
    0x8d, 0x0, 0x0, 0x3f, 0xaa, 0xe6, 0xfb, 0xf1,
    0xc8, 0x78, 0xe8, 0xff, 0xff, 0xa3, 0x0, 0x89,
    0xff, 0xff, 0xff, 0xff, 0xff, 0xff, 0xff, 0xff,
    0xff, 0xff, 0xa8, 0x51, 0xff, 0xff, 0xff, 0xf1,
    0xa3, 0x91, 0xb2, 0xea, 0xff, 0xff, 0xff, 0xa8,
    0xaf, 0xff, 0xff, 0xf4, 0x20, 0x0, 0x0, 0x0,
    0x4, 0xee, 0xff, 0xff, 0xa8, 0xc4, 0xff, 0xff,
    0xd3, 0x0, 0x0, 0x0, 0x0, 0x56, 0xff, 0xff,
    0xff, 0xa8, 0x9e, 0xff, 0xff, 0xfd, 0x6c, 0xd,
    0x1c, 0x72, 0xf4, 0xff, 0xff, 0xff, 0xa8, 0x33,
    0xfc, 0xff, 0xff, 0xff, 0xff, 0xff, 0xff, 0xfe,
    0xfd, 0xff, 0xff, 0xa8, 0x0, 0x5a, 0xef, 0xff,
    0xff, 0xff, 0xff, 0xf7, 0x5a, 0xdc, 0xff, 0xff,
    0xa8, 0x0, 0x0, 0x14, 0x7d, 0xaf, 0xb1, 0x87,
    0x23, 0x0, 0x44, 0x50, 0x50, 0x34,

    /* U+00AB "«" */
    0x0, 0x0, 0x0, 0x0, 0x0, 0x6, 0x96, 0x1b,
    0x0, 0x0, 0x0, 0x0, 0x27, 0x8d, 0x3, 0x0,
    0x0, 0x0, 0x0, 0x0, 0x3, 0xad, 0xff, 0xe1,
    0x28, 0x0, 0x0, 0x1e, 0xe2, 0xff, 0xb0, 0x8,
    0x0, 0x0, 0x0, 0x1, 0x9e, 0xff, 0xff, 0xff,
    0x7d, 0x0, 0x16, 0xd9, 0xff, 0xff, 0xf7, 0x36,
    0x0, 0x0, 0x0, 0x8f, 0xff, 0xff, 0xff, 0x96,
    0x0, 0xf, 0xcf, 0xff, 0xff, 0xfa, 0x4b, 0x0,
    0x0, 0x0, 0x7e, 0xff, 0xff, 0xff, 0xa2, 0x1,
    0xa, 0xc3, 0xff, 0xff, 0xfd, 0x57, 0x0, 0x0,
    0x0, 0x6d, 0xff, 0xff, 0xff, 0xaf, 0x3, 0x5,
    0xb7, 0xff, 0xff, 0xff, 0x63, 0x0, 0x0, 0x0,
    0x5d, 0xfe, 0xff, 0xff, 0xba, 0x7, 0x2, 0xa9,
    0xff, 0xff, 0xff, 0x71, 0x0, 0x0, 0x0, 0x0,
    0x51, 0xfc, 0xff, 0xff, 0xc4, 0xa, 0x0, 0x9c,
    0xff, 0xff, 0xff, 0x80, 0x0, 0x0, 0x0, 0x0,
    0x0, 0x5f, 0xfe, 0xff, 0xff, 0xba, 0x7, 0x3,
    0xab, 0xff, 0xff, 0xff, 0x71, 0x0, 0x0, 0x0,
    0x0, 0x0, 0x6f, 0xff, 0xff, 0xff, 0xaf, 0x4,
    0x6, 0xb9, 0xff, 0xff, 0xff, 0x64, 0x0, 0x0,
    0x0, 0x0, 0x0, 0x80, 0xff, 0xff, 0xff, 0xa3,
    0x1, 0xa, 0xc5, 0xff, 0xff, 0xfd, 0x57, 0x0,
    0x0, 0x0, 0x0, 0x0, 0x91, 0xff, 0xff, 0xff,
    0x84, 0x0, 0x10, 0xd0, 0xff, 0xff, 0xfa, 0x39,
    0x0, 0x0, 0x0, 0x0, 0x1, 0xa1, 0xff, 0xd9,
    0x1f, 0x0, 0x0, 0x17, 0xdb, 0xff, 0xa3, 0x5,
    0x0, 0x0, 0x0, 0x0, 0x0, 0x3, 0x86, 0x14,
    0x0, 0x0, 0x0, 0x0, 0x1f, 0x7e, 0x1, 0x0,

    /* U+00AC "¬" */
    0x36, 0x60, 0x60, 0x60, 0x60, 0x60, 0x60, 0x60,
    0x60, 0x60, 0x60, 0x60, 0x60, 0x60, 0x28, 0x90,
    0xff, 0xff, 0xff, 0xff, 0xff, 0xff, 0xff, 0xff,
    0xff, 0xff, 0xff, 0xff, 0xff, 0x6c, 0x90, 0xff,
    0xff, 0xff, 0xff, 0xff, 0xff, 0xff, 0xff, 0xff,
    0xff, 0xff, 0xff, 0xff, 0x6c, 0x90, 0xff, 0xff,
    0xff, 0xff, 0xff, 0xff, 0xff, 0xff, 0xff, 0xff,
    0xff, 0xff, 0xff, 0x6c, 0x0, 0x0, 0x0, 0x0,
    0x0, 0x0, 0x0, 0x0, 0x0, 0x0, 0x8, 0xff,
    0xff, 0xff, 0x6c, 0x0, 0x0, 0x0, 0x0, 0x0,
    0x0, 0x0, 0x0, 0x0, 0x0, 0x8, 0xff, 0xff,
    0xff, 0x6c, 0x0, 0x0, 0x0, 0x0, 0x0, 0x0,
    0x0, 0x0, 0x0, 0x0, 0x8, 0xff, 0xff, 0xff,
    0x6c, 0x0, 0x0, 0x0, 0x0, 0x0, 0x0, 0x0,
    0x0, 0x0, 0x0, 0x8, 0xff, 0xff, 0xff, 0x6c,
    0x0, 0x0, 0x0, 0x0, 0x0, 0x0, 0x0, 0x0,
    0x0, 0x0, 0x8, 0xff, 0xff, 0xff, 0x6c, 0x0,
    0x0, 0x0, 0x0, 0x0, 0x0, 0x0, 0x0, 0x0,
    0x0, 0x4, 0x80, 0x80, 0x80, 0x36,

    /* U+00AD "­" */
    0x23, 0x70, 0x70, 0x70, 0x70, 0x70, 0x70, 0x70,
    0x70, 0x70, 0x5e, 0x50, 0xff, 0xff, 0xff, 0xff,
    0xff, 0xff, 0xff, 0xff, 0xff, 0xd8, 0x50, 0xff,
    0xff, 0xff, 0xff, 0xff, 0xff, 0xff, 0xff, 0xff,
    0xd8, 0x50, 0xff, 0xff, 0xff, 0xff, 0xff, 0xff,
    0xff, 0xff, 0xff, 0xd8,

    /* U+00AE "®" */
    0x0, 0x0, 0x0, 0x0, 0x0, 0x0, 0xf, 0xe,
    0x0, 0x0, 0x0, 0x0, 0x0, 0x0, 0x0, 0x0,
    0x0, 0x2b, 0xa1, 0xed, 0xff, 0xff, 0xea, 0x9b,
    0x25, 0x0, 0x0, 0x0, 0x0, 0x0, 0x76, 0xfc,
    0xe0, 0x85, 0x57, 0x58, 0x85, 0xe1, 0xfa, 0x69,
    0x0, 0x0, 0x0, 0x71, 0xff, 0x8e, 0xa, 0xc,
    0xc, 0x8, 0x0, 0x7, 0x92, 0xff, 0x62, 0x0,
    0x22, 0xf9, 0x98, 0x0, 0x54, 0xff, 0xff, 0xfe,
    0xc5, 0x19, 0x0, 0x9d, 0xf3, 0x18, 0x8d, 0xf0,
    0xe, 0x0, 0x54, 0xff, 0x45, 0x45, 0xe4, 0x98,
    0x0, 0x12, 0xf5, 0x7d, 0xce, 0xa8, 0x0, 0x0,
    0x54, 0xff, 0x13, 0x15, 0xcb, 0xa8, 0x0, 0x0,
    0xb3, 0xc1, 0xe5, 0x8a, 0x0, 0x0, 0x54, 0xff,
    0xff, 0xff, 0xeb, 0x31, 0x0, 0x0, 0x96, 0xd9,
    0xd5, 0x9f, 0x0, 0x0, 0x54, 0xff, 0x4c, 0xf1,
    0x73, 0x0, 0x0, 0x0, 0xab, 0xc8, 0x9d, 0xe7,
    0x6, 0x0, 0x54, 0xff, 0xc, 0x64, 0xf6, 0x28,
    0x0, 0x8, 0xed, 0x8e, 0x38, 0xff, 0x7c, 0x0,
    0x3d, 0xbc, 0x8, 0x0, 0x99, 0x88, 0x0, 0x82,
    0xfc, 0x2b, 0x0, 0x97, 0xfd, 0x67, 0x0, 0x0,
    0x0, 0x0, 0x0, 0x0, 0x6b, 0xfe, 0x88, 0x0,
    0x0, 0x5, 0xa6, 0xff, 0xbf, 0x5a, 0x2b, 0x2c,
    0x5b, 0xc1, 0xff, 0x99, 0x2, 0x0, 0x0, 0x0,
    0x0, 0x5a, 0xd5, 0xff, 0xff, 0xff, 0xff, 0xcf,
    0x52, 0x0, 0x0, 0x0, 0x0, 0x0, 0x0, 0x0,
    0x0, 0x1f, 0x40, 0x40, 0x1c, 0x0, 0x0, 0x0,
    0x0, 0x0,

    /* U+00AF "¯" */
    0x31, 0xf4, 0xf4, 0xf4, 0xf4, 0xf4, 0xf4, 0xf4,
    0xf4, 0xa7, 0x34, 0xff, 0xff, 0xff, 0xff, 0xff,
    0xff, 0xff, 0xff, 0xb0, 0x34, 0xff, 0xff, 0xff,
    0xff, 0xff, 0xff, 0xff, 0xff, 0xb0,

    /* U+00B0 "°" */
    0x0, 0x0, 0x24, 0xb4, 0xf5, 0xed, 0x96, 0xc,
    0x0, 0x0, 0x25, 0xf3, 0xff, 0xff, 0xff, 0xff,
    0xce, 0x5, 0x0, 0xb8, 0xff, 0xeb, 0x62, 0x7b,
    0xfe, 0xff, 0x74, 0x3, 0xfb, 0xff, 0x75, 0x0,
    0x0, 0xb5, 0xff, 0xbe, 0x2, 0xfb, 0xff, 0x77,
    0x0, 0x0, 0xb8, 0xff, 0xbd, 0x0, 0xb8, 0xff,
    0xec, 0x62, 0x7d, 0xfe, 0xff, 0x74, 0x0, 0x27,
    0xf4, 0xff, 0xff, 0xff, 0xff, 0xd1, 0x6, 0x0,
    0x0, 0x25, 0xb5, 0xf5, 0xed, 0x97, 0xe, 0x0,

    /* U+00B1 "±" */
    0x0, 0x0, 0x0, 0x0, 0x0, 0x1e, 0x8c, 0x8c,
    0x8c, 0x25, 0x0, 0x0, 0x0, 0x0, 0x0, 0x0,
    0x0, 0x0, 0x0, 0x0, 0x38, 0xff, 0xff, 0xff,
    0x44, 0x0, 0x0, 0x0, 0x0, 0x0, 0x0, 0x0,
    0x0, 0x0, 0x0, 0x38, 0xff, 0xff, 0xff, 0x44,
    0x0, 0x0, 0x0, 0x0, 0x0, 0x0, 0x0, 0x0,
    0x0, 0x0, 0x38, 0xff, 0xff, 0xff, 0x44, 0x0,
    0x0, 0x0, 0x0, 0x0, 0x10, 0x34, 0x34, 0x34,
    0x34, 0x60, 0xff, 0xff, 0xff, 0x6a, 0x34, 0x34,
    0x34, 0x34, 0x14, 0x50, 0xff, 0xff, 0xff, 0xff,
    0xff, 0xff, 0xff, 0xff, 0xff, 0xff, 0xff, 0xff,
    0xff, 0x64, 0x50, 0xff, 0xff, 0xff, 0xff, 0xff,
    0xff, 0xff, 0xff, 0xff, 0xff, 0xff, 0xff, 0xff,
    0x64, 0x50, 0xff, 0xff, 0xff, 0xff, 0xff, 0xff,
    0xff, 0xff, 0xff, 0xff, 0xff, 0xff, 0xff, 0x64,
    0x0, 0x0, 0x0, 0x0, 0x0, 0x38, 0xff, 0xff,
    0xff, 0x44, 0x0, 0x0, 0x0, 0x0, 0x0, 0x0,
    0x0, 0x0, 0x0, 0x0, 0x38, 0xff, 0xff, 0xff,
    0x44, 0x0, 0x0, 0x0, 0x0, 0x0, 0x0, 0x0,
    0x0, 0x0, 0x0, 0x38, 0xff, 0xff, 0xff, 0x44,
    0x0, 0x0, 0x0, 0x0, 0x0, 0x0, 0x0, 0x0,
    0x0, 0x0, 0x38, 0xff, 0xff, 0xff, 0x44, 0x0,
    0x0, 0x0, 0x0, 0x0, 0x0, 0x0, 0x0, 0x0,
    0x0, 0x0, 0x0, 0x0, 0x0, 0x0, 0x0, 0x0,
    0x0, 0x0, 0x0, 0x23, 0x70, 0x70, 0x70, 0x70,
    0x70, 0x70, 0x70, 0x70, 0x70, 0x70, 0x70, 0x70,
    0x70, 0x2b, 0x50, 0xff, 0xff, 0xff, 0xff, 0xff,
    0xff, 0xff, 0xff, 0xff, 0xff, 0xff, 0xff, 0xff,
    0x64, 0x50, 0xff, 0xff, 0xff, 0xff, 0xff, 0xff,
    0xff, 0xff, 0xff, 0xff, 0xff, 0xff, 0xff, 0x64,
    0x50, 0xff, 0xff, 0xff, 0xff, 0xff, 0xff, 0xff,
    0xff, 0xff, 0xff, 0xff, 0xff, 0xff, 0x64,

    /* U+00B2 "²" */
    0x0, 0x0, 0x63, 0xcf, 0xf5, 0xe0, 0x9e, 0x20,
    0x0, 0x0, 0x88, 0xff, 0xff, 0xff, 0xff, 0xff,
    0xe5, 0x19, 0x1b, 0xfc, 0xff, 0xda, 0x6c, 0xb4,
    0xff, 0xff, 0x81, 0x0, 0x38, 0x98, 0x37, 0x0,
    0x24, 0xff, 0xff, 0x89, 0x0, 0x0, 0x0, 0x0,
    0x0, 0x89, 0xff, 0xff, 0x3b, 0x0, 0x0, 0x0,
    0x0, 0x77, 0xff, 0xff, 0x9b, 0x0, 0x0, 0x0,
    0x0, 0x7e, 0xff, 0xff, 0xb0, 0x5, 0x0, 0x0,
    0x0, 0x84, 0xff, 0xff, 0xac, 0x5, 0x0, 0x0,
    0x0, 0x88, 0xff, 0xff, 0xe2, 0x63, 0x60, 0x60,
    0x40, 0x26, 0xff, 0xff, 0xff, 0xff, 0xff, 0xff,
    0xff, 0xac, 0x28, 0xff, 0xff, 0xff, 0xff, 0xff,
    0xff, 0xff, 0xac,

    /* U+00B3 "³" */
    0x0, 0x0, 0x52, 0xc6, 0xf0, 0xec, 0xba, 0x3a,
    0x0, 0x0, 0x0, 0x66, 0xff, 0xff, 0xff, 0xff,
    0xff, 0xf9, 0x3a, 0x0, 0x0, 0x8a, 0xe7, 0xdd,
    0x60, 0x7d, 0xfd, 0xff, 0xa6, 0x0, 0x0, 0x0,
    0x1, 0xe, 0x1, 0x30, 0xf9, 0xff, 0x91, 0x0,
    0x0, 0x0, 0x0, 0x70, 0xff, 0xff, 0xff, 0xd6,
    0x18, 0x0, 0x0, 0x0, 0x0, 0x70, 0xff, 0xff,
    0xff, 0xe7, 0x33, 0x0, 0x0, 0x0, 0x0, 0xa,
    0x19, 0x42, 0xe5, 0xff, 0xda, 0x0, 0x5, 0x50,
    0xae, 0x56, 0x0, 0x0, 0xa2, 0xff, 0xff, 0xf,
    0x14, 0xf7, 0xff, 0xe7, 0x65, 0x6e, 0xf5, 0xff,
    0xe9, 0x1, 0x0, 0x77, 0xff, 0xff, 0xff, 0xff,
    0xff, 0xfe, 0x52, 0x0, 0x0, 0x0, 0x54, 0xc2,
    0xf1, 0xeb, 0xb9, 0x3f, 0x0, 0x0,

    /* U+00B4 "´" */
    0x0, 0x1, 0x8, 0x8, 0x8, 0x8, 0x3, 0x0,
    0x5a, 0xff, 0xff, 0xff, 0xf0, 0x1c, 0x0, 0xaa,
    0xff, 0xff, 0xff, 0x60, 0x0, 0x6, 0xf2, 0xff,
    0xff, 0xb4, 0x0, 0x0, 0x48, 0xff, 0xff, 0xef,
    0x1a, 0x0, 0x0,

    /* U+00B5 "µ" */
    0x70, 0xff, 0xff, 0xff, 0x7c, 0x0, 0x0, 0x0,
    0x0, 0x0, 0x64, 0xff, 0xff, 0xff, 0x8c, 0x70,
    0xff, 0xff, 0xff, 0x7c, 0x0, 0x0, 0x0, 0x0,
    0x0, 0x64, 0xff, 0xff, 0xff, 0x8c, 0x70, 0xff,
    0xff, 0xff, 0x7c, 0x0, 0x0, 0x0, 0x0, 0x0,
    0x64, 0xff, 0xff, 0xff, 0x8c, 0x70, 0xff, 0xff,
    0xff, 0x7c, 0x0, 0x0, 0x0, 0x0, 0x0, 0x64,
    0xff, 0xff, 0xff, 0x8c, 0x70, 0xff, 0xff, 0xff,
    0x7c, 0x0, 0x0, 0x0, 0x0, 0x0, 0x64, 0xff,
    0xff, 0xff, 0x8c, 0x70, 0xff, 0xff, 0xff, 0x7c,
    0x0, 0x0, 0x0, 0x0, 0x0, 0x64, 0xff, 0xff,
    0xff, 0x8c, 0x70, 0xff, 0xff, 0xff, 0x7c, 0x0,
    0x0, 0x0, 0x0, 0x0, 0x64, 0xff, 0xff, 0xff,
    0x8c, 0x70, 0xff, 0xff, 0xff, 0x7c, 0x0, 0x0,
    0x0, 0x0, 0x0, 0x72, 0xff, 0xff, 0xff, 0x8c,
    0x70, 0xff, 0xff, 0xff, 0x85, 0x0, 0x0, 0x0,
    0x0, 0x0, 0x97, 0xff, 0xff, 0xff, 0x8c, 0x70,
    0xff, 0xff, 0xff, 0xaf, 0x0, 0x0, 0x0, 0x0,
    0xb, 0xeb, 0xff, 0xff, 0xff, 0x8c, 0x70, 0xff,
    0xff, 0xff, 0xfc, 0x3d, 0x0, 0x0, 0x6, 0xa7,
    0xff, 0xff, 0xff, 0xff, 0x8c, 0x70, 0xff, 0xff,
    0xff, 0xff, 0xfb, 0xb6, 0x9d, 0xdb, 0xff, 0xff,
    0xff, 0xff, 0xff, 0x8c, 0x70, 0xff, 0xff, 0xff,
    0xff, 0xff, 0xff, 0xff, 0xff, 0xff, 0xff, 0xff,
    0xff, 0xff, 0x8c, 0x70, 0xff, 0xff, 0xff, 0xff,
    0xff, 0xff, 0xff, 0xff, 0xfc, 0x7e, 0xff, 0xff,
    0xff, 0x8c, 0x70, 0xff, 0xff, 0xff, 0xd5, 0xeb,
    0xfb, 0xef, 0xb7, 0x39, 0x28, 0xff, 0xff, 0xff,
    0x8c, 0x70, 0xff, 0xff, 0xff, 0x58, 0x0, 0x0,
    0x0, 0x0, 0x0, 0x0, 0x0, 0x0, 0x0, 0x0,
    0x70, 0xff, 0xff, 0xff, 0x76, 0x0, 0x0, 0x0,
    0x0, 0x0, 0x0, 0x0, 0x0, 0x0, 0x0, 0x70,
    0xff, 0xff, 0xff, 0x7c, 0x0, 0x0, 0x0, 0x0,
    0x0, 0x0, 0x0, 0x0, 0x0, 0x0, 0x70, 0xff,
    0xff, 0xff, 0x7c, 0x0, 0x0, 0x0, 0x0, 0x0,
    0x0, 0x0, 0x0, 0x0, 0x0, 0x70, 0xff, 0xff,
    0xff, 0x7c, 0x0, 0x0, 0x0, 0x0, 0x0, 0x0,
    0x0, 0x0, 0x0, 0x0, 0x70, 0xff, 0xff, 0xff,
    0x7c, 0x0, 0x0, 0x0, 0x0, 0x0, 0x0, 0x0,
    0x0, 0x0, 0x0,

    /* U+00B6 "¶" */
    0x0, 0x0, 0x0, 0x9, 0x68, 0xbc, 0xeb, 0xfd,
    0xff, 0xff, 0xff, 0xff, 0xff, 0xff, 0xff, 0xff,
    0xe4, 0x0, 0x0, 0x2e, 0xda, 0xff, 0xff, 0xff,
    0xff, 0xff, 0xff, 0xff, 0xff, 0xff, 0xff, 0xff,
    0xff, 0xe4, 0x0, 0x1e, 0xea, 0xff, 0xff, 0xff,
    0xff, 0xff, 0xff, 0xff, 0xff, 0xff, 0xff, 0xff,
    0xff, 0xff, 0xe4, 0x0, 0xab, 0xff, 0xff, 0xff,
    0xff, 0xff, 0xff, 0xff, 0xff, 0xff, 0x92, 0x2c,
    0x82, 0xff, 0xff, 0xe4, 0x11, 0xfb, 0xff, 0xff,
    0xff, 0xff, 0xff, 0xff, 0xff, 0xff, 0xff, 0x7c,
    0x0, 0x68, 0xff, 0xff, 0xe4, 0x39, 0xff, 0xff,
    0xff, 0xff, 0xff, 0xff, 0xff, 0xff, 0xff, 0xff,
    0x7c, 0x0, 0x68, 0xff, 0xff, 0xe4, 0x3d, 0xff,
    0xff, 0xff, 0xff, 0xff, 0xff, 0xff, 0xff, 0xff,
    0xff, 0x7c, 0x0, 0x68, 0xff, 0xff, 0xe4, 0x1b,
    0xff, 0xff, 0xff, 0xff, 0xff, 0xff, 0xff, 0xff,
    0xff, 0xff, 0x7c, 0x0, 0x68, 0xff, 0xff, 0xe4,
    0x0, 0xc7, 0xff, 0xff, 0xff, 0xff, 0xff, 0xff,
    0xff, 0xff, 0xff, 0x7c, 0x0, 0x68, 0xff, 0xff,
    0xe4, 0x0, 0x39, 0xfb, 0xff, 0xff, 0xff, 0xff,
    0xff, 0xff, 0xff, 0xff, 0x7c, 0x0, 0x68, 0xff,
    0xff, 0xe4, 0x0, 0x0, 0x58, 0xf7, 0xff, 0xff,
    0xff, 0xff, 0xff, 0xff, 0xff, 0x7c, 0x0, 0x68,
    0xff, 0xff, 0xe4, 0x0, 0x0, 0x0, 0x26, 0xa0,
    0xf1, 0xff, 0xff, 0xff, 0xff, 0xff, 0x7c, 0x0,
    0x68, 0xff, 0xff, 0xe4, 0x0, 0x0, 0x0, 0x0,
    0x0, 0x3, 0x24, 0x36, 0xda, 0xff, 0xff, 0x7c,
    0x0, 0x68, 0xff, 0xff, 0xe4, 0x0, 0x0, 0x0,
    0x0, 0x0, 0x0, 0x0, 0x0, 0xd0, 0xff, 0xff,
    0x7c, 0x0, 0x68, 0xff, 0xff, 0xe4, 0x0, 0x0,
    0x0, 0x0, 0x0, 0x0, 0x0, 0x0, 0xd0, 0xff,
    0xff, 0x7c, 0x0, 0x68, 0xff, 0xff, 0xe4, 0x0,
    0x0, 0x0, 0x0, 0x0, 0x0, 0x0, 0x0, 0xd0,
    0xff, 0xff, 0x7c, 0x0, 0x68, 0xff, 0xff, 0xe4,
    0x0, 0x0, 0x0, 0x0, 0x0, 0x0, 0x0, 0x0,
    0xd0, 0xff, 0xff, 0x7c, 0x0, 0x68, 0xff, 0xff,
    0xe4, 0x0, 0x0, 0x0, 0x0, 0x0, 0x0, 0x0,
    0x0, 0xd0, 0xff, 0xff, 0x7c, 0x0, 0x68, 0xff,
    0xff, 0xe4, 0x0, 0x0, 0x0, 0x0, 0x0, 0x0,
    0x0, 0x0, 0xd0, 0xff, 0xff, 0x7c, 0x0, 0x68,
    0xff, 0xff, 0xe4, 0x0, 0x0, 0x0, 0x0, 0x0,
    0x0, 0x0, 0x0, 0xd0, 0xff, 0xff, 0x7c, 0x0,
    0x68, 0xff, 0xff, 0xe4, 0x0, 0x0, 0x0, 0x0,
    0x0, 0x0, 0x0, 0x0, 0xd0, 0xff, 0xff, 0x7c,
    0x0, 0x68, 0xff, 0xff, 0xe4, 0x0, 0x0, 0x0,
    0x0, 0x0, 0x0, 0x0, 0x0, 0xd0, 0xff, 0xff,
    0x7c, 0x0, 0x68, 0xff, 0xff, 0xe4, 0x0, 0x0,
    0x0, 0x0, 0x0, 0x0, 0x0, 0x0, 0xd0, 0xff,
    0xff, 0x7c, 0x0, 0x68, 0xff, 0xff, 0xe4, 0x0,
    0x0, 0x0, 0x0, 0x0, 0x0, 0x0, 0x0, 0xd0,
    0xff, 0xff, 0x7c, 0x0, 0x68, 0xff, 0xff, 0xe4,
    0x0, 0x0, 0x0, 0x0, 0x0, 0x0, 0x0, 0x0,
    0xd0, 0xff, 0xff, 0x7c, 0x0, 0x68, 0xff, 0xff,
    0xe4, 0x0, 0x0, 0x0, 0x0, 0x0, 0x0, 0x0,
    0x0, 0xd0, 0xff, 0xff, 0x7c, 0x0, 0x68, 0xff,
    0xff, 0xe4, 0x0, 0x0, 0x0, 0x0, 0x0, 0x0,
    0x0, 0x0, 0xd0, 0xff, 0xff, 0x7c, 0x0, 0x68,
    0xff, 0xff, 0xe4,

    /* U+00B7 "·" */
    0x0, 0x0, 0x9, 0x17, 0x0, 0x0, 0x0, 0x74,
    0xfa, 0xff, 0xc3, 0x13, 0x30, 0xfe, 0xff, 0xff,
    0xff, 0x93, 0x5b, 0xff, 0xff, 0xff, 0xff, 0xbf,
    0x23, 0xf9, 0xff, 0xff, 0xff, 0x81, 0x0, 0x51,
    0xdc, 0xf0, 0x9b, 0x8,

    /* U+00B8 "¸" */
    0x0, 0xa8, 0xff, 0x59, 0x0, 0x0, 0x0, 0x15,
    0xf9, 0xff, 0xa1, 0x6c, 0x7, 0x0, 0x5b, 0xff,
    0xff, 0xff, 0xff, 0xbe, 0x2, 0x0, 0x30, 0x5b,
    0x4b, 0xfd, 0xff, 0x31, 0x1e, 0x85, 0x3e, 0x16,
    0xf7, 0xff, 0x3d, 0x99, 0xff, 0xff, 0xf9, 0xff,
    0xe0, 0xa, 0x6, 0x8e, 0xea, 0xf0, 0xb5, 0x27,
    0x0,

    /* U+00B9 "¹" */
    0x0, 0x0, 0x20, 0x93, 0xf6, 0xff, 0x5c, 0x14,
    0xa4, 0xfb, 0xff, 0xff, 0xff, 0x5c, 0x7, 0xe9,
    0xff, 0xff, 0xff, 0xff, 0x5c, 0x0, 0x79, 0x9e,
    0x7b, 0xff, 0xff, 0x5c, 0x0, 0x0, 0x0, 0x50,
    0xff, 0xff, 0x5c, 0x0, 0x0, 0x0, 0x50, 0xff,
    0xff, 0x5c, 0x0, 0x0, 0x0, 0x50, 0xff, 0xff,
    0x5c, 0x0, 0x0, 0x0, 0x50, 0xff, 0xff, 0x5c,
    0x0, 0x0, 0x0, 0x50, 0xff, 0xff, 0x5c, 0x0,
    0x0, 0x0, 0x50, 0xff, 0xff, 0x5c, 0x0, 0x0,
    0x0, 0x50, 0xff, 0xff, 0x5c,

    /* U+00BA "º" */
    0x0, 0x0, 0x0, 0x1f, 0x8d, 0xd4, 0xf3, 0xf4,
    0xd6, 0x8f, 0x21, 0x0, 0x0, 0x0, 0x0, 0x0,
    0x6a, 0xf9, 0xff, 0xff, 0xff, 0xff, 0xff, 0xff,
    0xfa, 0x6d, 0x0, 0x0, 0x0, 0x64, 0xff, 0xff,
    0xff, 0xff, 0xff, 0xff, 0xff, 0xff, 0xff, 0xff,
    0x6b, 0x0, 0x17, 0xf5, 0xff, 0xff, 0xff, 0xb4,
    0x55, 0x54, 0xb2, 0xff, 0xff, 0xff, 0xf8, 0x1c,
    0x7e, 0xff, 0xff, 0xff, 0x87, 0x0, 0x0, 0x0,
    0x0, 0x84, 0xff, 0xff, 0xff, 0x86, 0xc3, 0xff,
    0xff, 0xe1, 0x6, 0x0, 0x0, 0x0, 0x0, 0x5,
    0xde, 0xff, 0xff, 0xcd, 0xe1, 0xff, 0xff, 0xa4,
    0x0, 0x0, 0x0, 0x0, 0x0, 0x0, 0x9c, 0xff,
    0xff, 0xec, 0xe1, 0xff, 0xff, 0xa4, 0x0, 0x0,
    0x0, 0x0, 0x0, 0x0, 0x9d, 0xff, 0xff, 0xeb,
    0xc2, 0xff, 0xff, 0xe2, 0x6, 0x0, 0x0, 0x0,
    0x0, 0x5, 0xdf, 0xff, 0xff, 0xcd, 0x7e, 0xff,
    0xff, 0xff, 0x8a, 0x0, 0x0, 0x0, 0x0, 0x86,
    0xff, 0xff, 0xff, 0x86, 0x17, 0xf4, 0xff, 0xff,
    0xff, 0xb5, 0x61, 0x60, 0xb4, 0xff, 0xff, 0xff,
    0xf8, 0x1c, 0x0, 0x64, 0xff, 0xff, 0xff, 0xff,
    0xff, 0xff, 0xff, 0xff, 0xff, 0xff, 0x6a, 0x0,
    0x0, 0x0, 0x6a, 0xf9, 0xff, 0xff, 0xff, 0xff,
    0xff, 0xff, 0xf9, 0x6d, 0x0, 0x0, 0x0, 0x0,
    0x0, 0x1f, 0x8e, 0xd5, 0xf4, 0xf5, 0xd6, 0x8f,
    0x21, 0x0, 0x0, 0x0,

    /* U+00BB "»" */
    0x0, 0x0, 0x5a, 0x5e, 0x0, 0x0, 0x0, 0x0,
    0x4, 0x8f, 0x25, 0x0, 0x0, 0x0, 0x0, 0x0,
    0x0, 0x0, 0x6f, 0xfe, 0xfc, 0x50, 0x0, 0x0,
    0x9, 0xb4, 0xff, 0xe0, 0x1c, 0x0, 0x0, 0x0,
    0x0, 0x0, 0xa, 0xd7, 0xff, 0xff, 0xf8, 0x43,
    0x0, 0x39, 0xf8, 0xff, 0xff, 0xd6, 0x14, 0x0,
    0x0, 0x0, 0x0, 0x0, 0x1b, 0xdf, 0xff, 0xff,
    0xf3, 0x37, 0x0, 0x4f, 0xfb, 0xff, 0xff, 0xcc,
    0xe, 0x0, 0x0, 0x0, 0x0, 0x0, 0x23, 0xe6,
    0xff, 0xff, 0xed, 0x2b, 0x0, 0x5b, 0xfd, 0xff,
    0xff, 0xc0, 0x8, 0x0, 0x0, 0x0, 0x0, 0x0,
    0x2b, 0xec, 0xff, 0xff, 0xe6, 0x22, 0x0, 0x68,
    0xff, 0xff, 0xff, 0xb3, 0x4, 0x0, 0x0, 0x0,
    0x0, 0x0, 0x34, 0xf1, 0xff, 0xff, 0xdd, 0x19,
    0x0, 0x75, 0xff, 0xff, 0xff, 0xa5, 0x1, 0x0,
    0x0, 0x0, 0x0, 0x3e, 0xf6, 0xff, 0xff, 0xd5,
    0x13, 0x0, 0x85, 0xff, 0xff, 0xff, 0x98, 0x0,
    0x0, 0x0, 0x0, 0x34, 0xf1, 0xff, 0xff, 0xdf,
    0x1a, 0x0, 0x76, 0xff, 0xff, 0xff, 0xa7, 0x2,
    0x0, 0x0, 0x0, 0x2b, 0xec, 0xff, 0xff, 0xe7,
    0x23, 0x0, 0x68, 0xff, 0xff, 0xff, 0xb5, 0x5,
    0x0, 0x0, 0x0, 0x23, 0xe6, 0xff, 0xff, 0xee,
    0x2d, 0x0, 0x5b, 0xfd, 0xff, 0xff, 0xc2, 0x9,
    0x0, 0x0, 0x0, 0xa, 0xde, 0xff, 0xff, 0xf4,
    0x38, 0x0, 0x3d, 0xfb, 0xff, 0xff, 0xce, 0xe,
    0x0, 0x0, 0x0, 0x0, 0x0, 0x61, 0xfb, 0xf9,
    0x44, 0x0, 0x0, 0x6, 0xa7, 0xff, 0xd8, 0x15,
    0x0, 0x0, 0x0, 0x0, 0x0, 0x0, 0x0, 0x4d,
    0x51, 0x0, 0x0, 0x0, 0x0, 0x1, 0x7f, 0x1d,
    0x0, 0x0, 0x0, 0x0, 0x0, 0x0,

    /* U+00BC "¼" */
    0x0, 0x0, 0x0, 0x0, 0x0, 0x0, 0x0, 0x0,
    0x0, 0x0, 0x0, 0x0, 0x0, 0x0, 0x0, 0x0,
    0x33, 0x2, 0x0, 0x0, 0x0, 0x0, 0x0, 0x44,
    0xb7, 0xff, 0xff, 0x14, 0x0, 0x0, 0x0, 0x0,
    0x0, 0x0, 0x0, 0x0, 0x29, 0xf7, 0xc8, 0x2b,
    0x0, 0x0, 0x3c, 0xd1, 0xff, 0xff, 0xff, 0xff,
    0x14, 0x0, 0x0, 0x0, 0x0, 0x0, 0x0, 0x0,
    0x4, 0xcb, 0xff, 0xff, 0x9b, 0x0, 0x0, 0x2d,
    0xff, 0xff, 0xff, 0xff, 0xff, 0x14, 0x0, 0x0,
    0x0, 0x0, 0x0, 0x0, 0x0, 0x80, 0xff, 0xff,
    0xe1, 0xe, 0x0, 0x0, 0x0, 0x8e, 0x60, 0x9f,
    0xff, 0xff, 0x14, 0x0, 0x0, 0x0, 0x0, 0x0,
    0x0, 0x33, 0xfb, 0xff, 0xfe, 0x42, 0x0, 0x0,
    0x0, 0x0, 0x0, 0x0, 0x98, 0xff, 0xff, 0x14,
    0x0, 0x0, 0x0, 0x0, 0x0, 0x8, 0xd5, 0xff,
    0xff, 0x90, 0x0, 0x0, 0x0, 0x0, 0x0, 0x0,
    0x0, 0x98, 0xff, 0xff, 0x14, 0x0, 0x0, 0x0,
    0x0, 0x0, 0x8e, 0xff, 0xff, 0xd8, 0x9, 0x0,
    0x0, 0x0, 0x0, 0x0, 0x0, 0x0, 0x98, 0xff,
    0xff, 0x14, 0x0, 0x0, 0x0, 0x0, 0x3f, 0xfe,
    0xff, 0xfb, 0x36, 0x0, 0x0, 0x0, 0x0, 0x0,
    0x0, 0x0, 0x0, 0x98, 0xff, 0xff, 0x14, 0x0,
    0x0, 0x0, 0xd, 0xdf, 0xff, 0xff, 0x82, 0x0,
    0x0, 0x0, 0x0, 0x0, 0x0, 0x0, 0x0, 0x0,
    0x98, 0xff, 0xff, 0x14, 0x0, 0x0, 0x0, 0x9c,
    0xff, 0xff, 0xcd, 0x5, 0x0, 0x0, 0x0, 0x0,
    0x0, 0x0, 0x0, 0x0, 0x0, 0x98, 0xff, 0xff,
    0x14, 0x0, 0x0, 0x4c, 0xff, 0xff, 0xf8, 0x2b,
    0x0, 0x0, 0x0, 0x0, 0x0, 0x0, 0x0, 0x0,
    0x0, 0x0, 0x80, 0xd8, 0xd8, 0x10, 0x0, 0x13,
    0xe7, 0xff, 0xff, 0x74, 0x0, 0x0, 0x8, 0xbb,
    0xd8, 0xd8, 0x3, 0x0, 0x0, 0x0, 0x0, 0x0,
    0x0, 0x0, 0x0, 0x0, 0xaa, 0xff, 0xff, 0xc2,
    0x2, 0x0, 0x0, 0x97, 0xff, 0xff, 0xff, 0x4,
    0x0, 0x0, 0x0, 0x0, 0x0, 0x0, 0x0, 0x0,
    0x5a, 0xff, 0xff, 0xf3, 0x22, 0x0, 0x0, 0x55,
    0xff, 0xff, 0xff, 0xff, 0x4, 0x0, 0x0, 0x0,
    0x0, 0x0, 0x0, 0x0, 0x1a, 0xee, 0xff, 0xff,
    0x65, 0x0, 0x0, 0x21, 0xf0, 0xff, 0xed, 0xff,
    0xff, 0x4, 0x0, 0x0, 0x0, 0x0, 0x0, 0x0,
    0x0, 0xb8, 0xff, 0xff, 0xb5, 0x0, 0x0, 0x5,
    0xca, 0xff, 0xa4, 0x90, 0xff, 0xff, 0x4, 0x0,
    0x0, 0x0, 0x0, 0x0, 0x0, 0x68, 0xff, 0xff,
    0xed, 0x19, 0x0, 0x0, 0x8e, 0xff, 0xd7, 0xb,
    0x90, 0xff, 0xff, 0x4, 0x0, 0x0, 0x0, 0x0,
    0x0, 0x23, 0xf4, 0xff, 0xff, 0x57, 0x0, 0x0,
    0x4c, 0xfe, 0xfe, 0x5f, 0x34, 0xa6, 0xff, 0xff,
    0x37, 0x17, 0x0, 0x0, 0x0, 0x2, 0xc4, 0xff,
    0xff, 0xa8, 0x0, 0x0, 0x0, 0xbb, 0xff, 0xff,
    0xff, 0xff, 0xff, 0xff, 0xff, 0xff, 0x74, 0x0,
    0x0, 0x0, 0x77, 0xff, 0xff, 0xe6, 0x12, 0x0,
    0x0, 0x0, 0xbc, 0xff, 0xff, 0xff, 0xff, 0xff,
    0xff, 0xff, 0xff, 0x74, 0x0, 0x0, 0x2b, 0xf9,
    0xff, 0xff, 0x4a, 0x0, 0x0, 0x0, 0x0, 0x0,
    0x0, 0x0, 0x0, 0x0, 0x90, 0xff, 0xff, 0x4,
    0x0, 0x0, 0x0, 0x8, 0x88, 0xfc, 0x99, 0x0,
    0x0, 0x0, 0x0, 0x0, 0x0, 0x0, 0x0, 0x0,
    0x0, 0x90, 0xff, 0xff, 0x4, 0x0, 0x0, 0x0,
    0x0, 0x0, 0x32, 0xc, 0x0, 0x0, 0x0, 0x0,
    0x0, 0x0, 0x0, 0x0, 0x0, 0x0, 0x0, 0x0,
    0x0, 0x0, 0x0,

    /* U+00BD "½" */
    0x0, 0x0, 0x0, 0x0, 0x0, 0x0, 0x0, 0x0,
    0x0, 0x0, 0x0, 0x0, 0x0, 0x0, 0x0, 0x0,
    0x36, 0x0, 0x0, 0x0, 0x0, 0x0, 0x0, 0x0,
    0x43, 0xb7, 0xff, 0xff, 0x14, 0x0, 0x0, 0x0,
    0x0, 0x0, 0x0, 0x0, 0x0, 0x5d, 0xff, 0xa4,
    0x13, 0x0, 0x0, 0x0, 0x3b, 0xce, 0xff, 0xff,
    0xff, 0xff, 0x14, 0x0, 0x0, 0x0, 0x0, 0x0,
    0x0, 0x0, 0x1c, 0xef, 0xff, 0xff, 0x5f, 0x0,
    0x0, 0x0, 0x30, 0xff, 0xff, 0xff, 0xff, 0xff,
    0x14, 0x0, 0x0, 0x0, 0x0, 0x0, 0x0, 0x1,
    0xba, 0xff, 0xff, 0xb3, 0x0, 0x0, 0x0, 0x0,
    0x0, 0x95, 0x68, 0xa2, 0xff, 0xff, 0x14, 0x0,
    0x0, 0x0, 0x0, 0x0, 0x0, 0x6b, 0xff, 0xff,
    0xec, 0x18, 0x0, 0x0, 0x0, 0x0, 0x0, 0x0,
    0x0, 0x98, 0xff, 0xff, 0x14, 0x0, 0x0, 0x0,
    0x0, 0x0, 0x24, 0xf5, 0xff, 0xff, 0x54, 0x0,
    0x0, 0x0, 0x0, 0x0, 0x0, 0x0, 0x0, 0x98,
    0xff, 0xff, 0x14, 0x0, 0x0, 0x0, 0x0, 0x3,
    0xc6, 0xff, 0xff, 0xa5, 0x0, 0x0, 0x0, 0x0,
    0x0, 0x0, 0x0, 0x0, 0x0, 0x98, 0xff, 0xff,
    0x14, 0x0, 0x0, 0x0, 0x0, 0x79, 0xff, 0xff,
    0xe4, 0x11, 0x0, 0x0, 0x0, 0x0, 0x0, 0x0,
    0x0, 0x0, 0x0, 0x98, 0xff, 0xff, 0x14, 0x0,
    0x0, 0x0, 0x2f, 0xf9, 0xff, 0xff, 0x47, 0x0,
    0x0, 0x0, 0x0, 0x0, 0x0, 0x0, 0x0, 0x0,
    0x0, 0x98, 0xff, 0xff, 0x14, 0x0, 0x0, 0x6,
    0xd1, 0xff, 0xff, 0x97, 0x0, 0x0, 0x0, 0x0,
    0x0, 0x0, 0x0, 0x0, 0x0, 0x0, 0x0, 0x98,
    0xff, 0xff, 0x14, 0x0, 0x0, 0x88, 0xff, 0xff,
    0xdc, 0xb, 0x0, 0x0, 0x0, 0x0, 0x0, 0x0,
    0x0, 0x0, 0x0, 0x0, 0x0, 0x80, 0xd8, 0xd8,
    0x10, 0x0, 0x3a, 0xfd, 0xff, 0xfd, 0x3b, 0x0,
    0x5, 0x75, 0xd7, 0xf6, 0xdb, 0x91, 0x16, 0x0,
    0x0, 0x0, 0x0, 0x0, 0x0, 0x0, 0x0, 0xb,
    0xdb, 0xff, 0xff, 0x88, 0x0, 0x0, 0xa7, 0xff,
    0xff, 0xff, 0xff, 0xff, 0xd5, 0xd, 0x0, 0x0,
    0x0, 0x0, 0x0, 0x0, 0x0, 0x96, 0xff, 0xff,
    0xd2, 0x6, 0x0, 0x34, 0xff, 0xff, 0xc7, 0x62,
    0xbd, 0xff, 0xff, 0x65, 0x0, 0x0, 0x0, 0x0,
    0x0, 0x0, 0x46, 0xff, 0xff, 0xfa, 0x2f, 0x0,
    0x0, 0x1, 0x3e, 0x9f, 0x1f, 0x0, 0x3f, 0xff,
    0xff, 0x6d, 0x0, 0x0, 0x0, 0x0, 0x0, 0x10,
    0xe4, 0xff, 0xff, 0x7a, 0x0, 0x0, 0x0, 0x0,
    0x0, 0x0, 0x0, 0x1, 0xa7, 0xff, 0xfc, 0x24,
    0x0, 0x0, 0x0, 0x0, 0x0, 0xa4, 0xff, 0xff,
    0xc7, 0x3, 0x0, 0x0, 0x0, 0x0, 0x0, 0x0,
    0x1, 0x97, 0xff, 0xff, 0x82, 0x0, 0x0, 0x0,
    0x0, 0x0, 0x53, 0xff, 0xff, 0xf5, 0x25, 0x0,
    0x0, 0x0, 0x0, 0x0, 0x0, 0x1, 0x9b, 0xff,
    0xff, 0x9c, 0x1, 0x0, 0x0, 0x0, 0x0, 0x17,
    0xeb, 0xff, 0xff, 0x6c, 0x0, 0x0, 0x0, 0x0,
    0x0, 0x0, 0x2, 0x9e, 0xff, 0xff, 0x98, 0x1,
    0x0, 0x0, 0x0, 0x0, 0x0, 0xb2, 0xff, 0xff,
    0xbb, 0x1, 0x0, 0x0, 0x0, 0x0, 0x0, 0x2,
    0xa0, 0xff, 0xff, 0xd3, 0x58, 0x58, 0x58, 0x31,
    0x0, 0x0, 0x60, 0xff, 0xff, 0xf0, 0x1d, 0x0,
    0x0, 0x0, 0x0, 0x0, 0x0, 0x42, 0xff, 0xff,
    0xff, 0xff, 0xff, 0xff, 0xff, 0x90, 0x0, 0x0,
    0x19, 0xb0, 0xff, 0x5d, 0x0, 0x0, 0x0, 0x0,
    0x0, 0x0, 0x0, 0x44, 0xff, 0xff, 0xff, 0xff,
    0xff, 0xff, 0xff, 0x90, 0x0, 0x0, 0x0, 0x0,
    0x3e, 0x0, 0x0, 0x0, 0x0, 0x0, 0x0, 0x0,
    0x0, 0x0, 0x0, 0x0, 0x0, 0x0, 0x0, 0x0,
    0x0, 0x0,

    /* U+00BE "¾" */
    0x0, 0x0, 0x0, 0x20, 0x3e, 0x28, 0x3, 0x0,
    0x0, 0x0, 0x0, 0x0, 0x0, 0x0, 0x0, 0x0,
    0x0, 0x0, 0x41, 0x0, 0x0, 0x0, 0x0, 0x0,
    0x20, 0xc2, 0xff, 0xff, 0xff, 0xdd, 0x41, 0x0,
    0x0, 0x0, 0x0, 0x0, 0x0, 0x0, 0x0, 0x0,
    0x5c, 0xff, 0xb3, 0x1a, 0x0, 0x0, 0x6, 0xdb,
    0xff, 0xff, 0xff, 0xff, 0xff, 0xf0, 0x1c, 0x0,
    0x0, 0x0, 0x0, 0x0, 0x0, 0x0, 0x1b, 0xef,
    0xff, 0xff, 0x64, 0x0, 0x0, 0xc, 0x74, 0xd1,
    0x83, 0xc, 0x70, 0xff, 0xff, 0x62, 0x0, 0x0,
    0x0, 0x0, 0x0, 0x0, 0x0, 0xb9, 0xff, 0xff,
    0xb6, 0x0, 0x0, 0x0, 0x0, 0x0, 0x0, 0x0,
    0x6, 0x79, 0xff, 0xff, 0x42, 0x0, 0x0, 0x0,
    0x0, 0x0, 0x0, 0x69, 0xff, 0xff, 0xed, 0x19,
    0x0, 0x0, 0x0, 0x0, 0x0, 0x0, 0xb4, 0xff,
    0xff, 0xff, 0x9b, 0x0, 0x0, 0x0, 0x0, 0x0,
    0x0, 0x23, 0xf4, 0xff, 0xff, 0x58, 0x0, 0x0,
    0x0, 0x0, 0x0, 0x0, 0x0, 0xb4, 0xff, 0xff,
    0xff, 0xc7, 0x10, 0x0, 0x0, 0x0, 0x0, 0x2,
    0xc3, 0xff, 0xff, 0xa9, 0x0, 0x0, 0x0, 0x0,
    0x0, 0x0, 0x0, 0x0, 0xb, 0x15, 0x5f, 0xfe,
    0xff, 0x93, 0x0, 0x0, 0x0, 0x0, 0x75, 0xff,
    0xff, 0xe7, 0x12, 0x0, 0x0, 0x0, 0x0, 0x0,
    0x11, 0x69, 0xc7, 0x18, 0x0, 0x0, 0xea, 0xff,
    0xc7, 0x0, 0x0, 0x0, 0x2b, 0xf8, 0xff, 0xff,
    0x4b, 0x0, 0x0, 0x0, 0x0, 0x0, 0x0, 0x55,
    0xff, 0xff, 0xc2, 0x54, 0x91, 0xff, 0xff, 0xa1,
    0x0, 0x0, 0x5, 0xcd, 0xff, 0xff, 0x9b, 0x0,
    0x0, 0x0, 0x0, 0x0, 0x0, 0x0, 0x3, 0xbc,
    0xff, 0xff, 0xff, 0xff, 0xff, 0xe7, 0x1d, 0x0,
    0x0, 0x82, 0xff, 0xff, 0xdf, 0xd, 0x0, 0x0,
    0x0, 0x0, 0x0, 0x0, 0x0, 0x0, 0x7, 0x7a,
    0xd5, 0xf6, 0xe1, 0x9d, 0x1d, 0x0, 0x0, 0x35,
    0xfb, 0xff, 0xfd, 0x3f, 0x0, 0x0, 0x2, 0xac,
    0xd8, 0xd8, 0x17, 0x0, 0x0, 0x0, 0x0, 0x0,
    0x0, 0x0, 0x0, 0x0, 0x0, 0x8, 0xd7, 0xff,
    0xff, 0x8d, 0x0, 0x0, 0x0, 0x7e, 0xff, 0xff,
    0xff, 0x1c, 0x0, 0x0, 0x0, 0x0, 0x0, 0x0,
    0x0, 0x0, 0x0, 0x0, 0x8e, 0xff, 0xff, 0xd6,
    0x8, 0x0, 0x0, 0x3e, 0xfc, 0xff, 0xff, 0xff,
    0x1c, 0x0, 0x0, 0x0, 0x0, 0x0, 0x0, 0x0,
    0x0, 0x0, 0x3f, 0xfe, 0xff, 0xfb, 0x34, 0x0,
    0x0, 0x13, 0xe4, 0xff, 0xe9, 0xff, 0xff, 0x1c,
    0x0, 0x0, 0x0, 0x0, 0x0, 0x0, 0x0, 0x0,
    0xd, 0xde, 0xff, 0xff, 0x80, 0x0, 0x0, 0x1,
    0xb4, 0xff, 0xb8, 0x79, 0xff, 0xff, 0x1c, 0x0,
    0x0, 0x0, 0x0, 0x0, 0x0, 0x0, 0x0, 0x9b,
    0xff, 0xff, 0xcc, 0x4, 0x0, 0x0, 0x73, 0xff,
    0xe5, 0x15, 0x78, 0xff, 0xff, 0x1c, 0x0, 0x0,
    0x0, 0x0, 0x0, 0x0, 0x0, 0x4a, 0xff, 0xff,
    0xf7, 0x2a, 0x0, 0x0, 0x35, 0xfa, 0xff, 0x73,
    0x34, 0x93, 0xff, 0xff, 0x4a, 0x1c, 0x0, 0x0,
    0x0, 0x0, 0x0, 0x12, 0xe6, 0xff, 0xff, 0x72,
    0x0, 0x0, 0x0, 0x9f, 0xff, 0xff, 0xff, 0xff,
    0xff, 0xff, 0xff, 0xff, 0x8c, 0x0, 0x0, 0x0,
    0x0, 0x0, 0xa7, 0xff, 0xff, 0xc1, 0x2, 0x0,
    0x0, 0x0, 0xa0, 0xff, 0xff, 0xff, 0xff, 0xff,
    0xff, 0xff, 0xff, 0x8c, 0x0, 0x0, 0x0, 0x0,
    0x54, 0xff, 0xff, 0xf3, 0x21, 0x0, 0x0, 0x0,
    0x0, 0x0, 0x0, 0x0, 0x0, 0x0, 0x78, 0xff,
    0xff, 0x1c, 0x0, 0x0, 0x0, 0x0, 0x0, 0x15,
    0xa9, 0xff, 0x65, 0x0, 0x0, 0x0, 0x0, 0x0,
    0x0, 0x0, 0x0, 0x0, 0x0, 0x78, 0xff, 0xff,
    0x1c, 0x0, 0x0, 0x0, 0x0, 0x0, 0x0, 0x0,
    0x3d, 0x0, 0x0, 0x0, 0x0, 0x0, 0x0, 0x0,
    0x0, 0x0, 0x0, 0x0, 0x0, 0x0, 0x0, 0x0,
    0x0,

    /* U+00BF "¿" */
    0x0, 0x0, 0x0, 0x0, 0x21, 0xbe, 0xf3, 0xbf,
    0x23, 0x0, 0x0, 0x0, 0x0, 0x0, 0x0, 0x0,
    0x0, 0x0, 0xc9, 0xff, 0xff, 0xff, 0xcf, 0x0,
    0x0, 0x0, 0x0, 0x0, 0x0, 0x0, 0x0, 0x8,
    0xff, 0xff, 0xff, 0xff, 0xff, 0xf, 0x0, 0x0,
    0x0, 0x0, 0x0, 0x0, 0x0, 0x0, 0xdc, 0xff,
    0xff, 0xff, 0xe2, 0x0, 0x0, 0x0, 0x0, 0x0,
    0x0, 0x0, 0x0, 0x0, 0x39, 0xe3, 0xff, 0xe4,
    0x3c, 0x0, 0x0, 0x0, 0x0, 0x0, 0x0, 0x0,
    0x0, 0x0, 0x0, 0x1, 0x18, 0x1, 0x0, 0x0,
    0x0, 0x0, 0x0, 0x0, 0x0, 0x0, 0x0, 0x0,
    0x0, 0x0, 0x0, 0x0, 0x0, 0x0, 0x0, 0x0,
    0x0, 0x0, 0x0, 0x0, 0x0, 0x0, 0x56, 0xb0,
    0xb0, 0xb0, 0x4f, 0x0, 0x0, 0x0, 0x0, 0x0,
    0x0, 0x0, 0x0, 0x0, 0x93, 0xff, 0xff, 0xff,
    0x6a, 0x0, 0x0, 0x0, 0x0, 0x0, 0x0, 0x0,
    0x0, 0xe, 0xe5, 0xff, 0xff, 0xff, 0x3f, 0x0,
    0x0, 0x0, 0x0, 0x0, 0x0, 0x0, 0xa, 0xbc,
    0xff, 0xff, 0xff, 0xcc, 0x1, 0x0, 0x0, 0x0,
    0x0, 0x0, 0x0, 0xf, 0xc4, 0xff, 0xff, 0xff,
    0xe4, 0x20, 0x0, 0x0, 0x0, 0x0, 0x0, 0x0,
    0x2, 0xb8, 0xff, 0xff, 0xff, 0xd5, 0x1d, 0x0,
    0x0, 0x0, 0x0, 0x0, 0x0, 0x0, 0x5b, 0xff,
    0xff, 0xff, 0xcb, 0x11, 0x0, 0x0, 0x0, 0x0,
    0x0, 0x0, 0x0, 0x0, 0xb9, 0xff, 0xff, 0xff,
    0x2a, 0x0, 0x0, 0x0, 0x0, 0x0, 0x0, 0x0,
    0x0, 0x0, 0xda, 0xff, 0xff, 0xff, 0xa, 0x0,
    0x0, 0x0, 0x0, 0x8e, 0x8f, 0x2c, 0x0, 0x0,
    0xca, 0xff, 0xff, 0xff, 0x79, 0x0, 0x0, 0x0,
    0x55, 0xfd, 0xff, 0xff, 0xba, 0x0, 0x81, 0xff,
    0xff, 0xff, 0xff, 0xc9, 0xa2, 0xc8, 0xff, 0xff,
    0xff, 0xff, 0x88, 0x0, 0xf, 0xe2, 0xff, 0xff,
    0xff, 0xff, 0xff, 0xff, 0xff, 0xff, 0xff, 0xd8,
    0xc, 0x0, 0x0, 0x25, 0xd5, 0xff, 0xff, 0xff,
    0xff, 0xff, 0xff, 0xff, 0xcc, 0x1b, 0x0, 0x0,
    0x0, 0x0, 0x7, 0x62, 0xb8, 0xe9, 0xfb, 0xee,
    0xbe, 0x62, 0x4, 0x0, 0x0, 0x0,

    /* U+00C0 "À" */
    0x0, 0x0, 0x0, 0x0, 0x0, 0x0, 0x1b, 0xf0,
    0xff, 0xff, 0xff, 0x5f, 0x0, 0x0, 0x0, 0x0,
    0x0, 0x0, 0x0, 0x0, 0x0, 0x0, 0x0, 0x0,
    0x0, 0x0, 0x0, 0x0, 0x0, 0x62, 0xff, 0xff,
    0xff, 0xb0, 0x0, 0x0, 0x0, 0x0, 0x0, 0x0,
    0x0, 0x0, 0x0, 0x0, 0x0, 0x0, 0x0, 0x0,
    0x0, 0x0, 0x0, 0x0, 0xb7, 0xff, 0xff, 0xf6,
    0xa, 0x0, 0x0, 0x0, 0x0, 0x0, 0x0, 0x0,
    0x0, 0x0, 0x0, 0x0, 0x0, 0x0, 0x0, 0x0,
    0x0, 0x0, 0x1d, 0xf1, 0xff, 0xff, 0x51, 0x0,
    0x0, 0x0, 0x0, 0x0, 0x0, 0x0, 0x0, 0x0,
    0x0, 0x0, 0x0, 0x0, 0x0, 0x0, 0x0, 0x0,
    0x0, 0x5, 0x8, 0x8, 0x3, 0x0, 0x0, 0x0,
    0x0, 0x0, 0x0, 0x0, 0x0, 0x0, 0x0, 0x0,
    0x0, 0x0, 0x0, 0x0, 0x0, 0x0, 0x0, 0x0,
    0x0, 0x0, 0x0, 0x0, 0x0, 0x0, 0x0, 0x0,
    0x0, 0x0, 0x0, 0x0, 0x0, 0x0, 0x0, 0x0,
    0x0, 0x0, 0x0, 0x0, 0xc2, 0xff, 0xff, 0xff,
    0xff, 0x3c, 0x0, 0x0, 0x0, 0x0, 0x0, 0x0,
    0x0, 0x0, 0x0, 0x0, 0x0, 0x0, 0x0, 0x0,
    0x0, 0x24, 0xff, 0xff, 0xff, 0xff, 0xff, 0x9f,
    0x0, 0x0, 0x0, 0x0, 0x0, 0x0, 0x0, 0x0,
    0x0, 0x0, 0x0, 0x0, 0x0, 0x0, 0x0, 0x86,
    0xff, 0xff, 0xff, 0xff, 0xff, 0xf4, 0xd, 0x0,
    0x0, 0x0, 0x0, 0x0, 0x0, 0x0, 0x0, 0x0,
    0x0, 0x0, 0x0, 0x0, 0x3, 0xe5, 0xff, 0xff,
    0xff, 0xff, 0xff, 0xff, 0x64, 0x0, 0x0, 0x0,
    0x0, 0x0, 0x0, 0x0, 0x0, 0x0, 0x0, 0x0,
    0x0, 0x0, 0x4b, 0xff, 0xff, 0xff, 0xd2, 0xff,
    0xff, 0xff, 0xc6, 0x0, 0x0, 0x0, 0x0, 0x0,
    0x0, 0x0, 0x0, 0x0, 0x0, 0x0, 0x0, 0x0,
    0xae, 0xff, 0xff, 0xff, 0x53, 0xd8, 0xff, 0xff,
    0xff, 0x29, 0x0, 0x0, 0x0, 0x0, 0x0, 0x0,
    0x0, 0x0, 0x0, 0x0, 0x0, 0x15, 0xfa, 0xff,
    0xff, 0xf8, 0xc, 0x8a, 0xff, 0xff, 0xff, 0x8b,
    0x0, 0x0, 0x0, 0x0, 0x0, 0x0, 0x0, 0x0,
    0x0, 0x0, 0x0, 0x73, 0xff, 0xff, 0xff, 0xb0,
    0x0, 0x34, 0xff, 0xff, 0xff, 0xe9, 0x4, 0x0,
    0x0, 0x0, 0x0, 0x0, 0x0, 0x0, 0x0, 0x0,
    0x0, 0xd4, 0xff, 0xff, 0xff, 0x52, 0x0, 0x0,
    0xd6, 0xff, 0xff, 0xff, 0x50, 0x0, 0x0, 0x0,
    0x0, 0x0, 0x0, 0x0, 0x0, 0x0, 0x38, 0xff,
    0xff, 0xff, 0xee, 0x6, 0x0, 0x0, 0x79, 0xff,
    0xff, 0xff, 0xb3, 0x0, 0x0, 0x0, 0x0, 0x0,
    0x0, 0x0, 0x0, 0x0, 0x9a, 0xff, 0xff, 0xff,
    0x97, 0x0, 0x0, 0x0, 0x1d, 0xfe, 0xff, 0xff,
    0xfc, 0x19, 0x0, 0x0, 0x0, 0x0, 0x0, 0x0,
    0x0, 0xa, 0xf1, 0xff, 0xff, 0xff, 0x39, 0x0,
    0x0, 0x0, 0x0, 0xbe, 0xff, 0xff, 0xff, 0x78,
    0x0, 0x0, 0x0, 0x0, 0x0, 0x0, 0x0, 0x5f,
    0xff, 0xff, 0xff, 0xfd, 0xac, 0xac, 0xac, 0xac,
    0xac, 0xd5, 0xff, 0xff, 0xff, 0xd9, 0x0, 0x0,
    0x0, 0x0, 0x0, 0x0, 0x0, 0xc2, 0xff, 0xff,
    0xff, 0xff, 0xff, 0xff, 0xff, 0xff, 0xff, 0xff,
    0xff, 0xff, 0xff, 0xff, 0x3d, 0x0, 0x0, 0x0,
    0x0, 0x0, 0x25, 0xff, 0xff, 0xff, 0xff, 0xff,
    0xff, 0xff, 0xff, 0xff, 0xff, 0xff, 0xff, 0xff,
    0xff, 0xff, 0x9f, 0x0, 0x0, 0x0, 0x0, 0x0,
    0x87, 0xff, 0xff, 0xff, 0xff, 0xff, 0xff, 0xff,
    0xff, 0xff, 0xff, 0xff, 0xff, 0xff, 0xff, 0xff,
    0xf4, 0xd, 0x0, 0x0, 0x0, 0x3, 0xe5, 0xff,
    0xff, 0xff, 0x6a, 0x0, 0x0, 0x0, 0x0, 0x0,
    0x0, 0x0, 0x5, 0xec, 0xff, 0xff, 0xff, 0x64,
    0x0, 0x0, 0x0, 0x4c, 0xff, 0xff, 0xff, 0xfb,
    0x14, 0x0, 0x0, 0x0, 0x0, 0x0, 0x0, 0x0,
    0x0, 0x97, 0xff, 0xff, 0xff, 0xc7, 0x0, 0x0,
    0x0, 0xae, 0xff, 0xff, 0xff, 0xb5, 0x0, 0x0,
    0x0, 0x0, 0x0, 0x0, 0x0, 0x0, 0x0, 0x3c,
    0xff, 0xff, 0xff, 0xff, 0x29, 0x0, 0x15, 0xfa,
    0xff, 0xff, 0xff, 0x5b, 0x0, 0x0, 0x0, 0x0,
    0x0, 0x0, 0x0, 0x0, 0x0, 0x1, 0xe0, 0xff,
    0xff, 0xff, 0x8c, 0x0, 0x73, 0xff, 0xff, 0xff,
    0xf5, 0xb, 0x0, 0x0, 0x0, 0x0, 0x0, 0x0,
    0x0, 0x0, 0x0, 0x0, 0x86, 0xff, 0xff, 0xff,
    0xe9, 0x5,

    /* U+00C1 "Á" */
    0x0, 0x0, 0x0, 0x0, 0x0, 0x0, 0x0, 0x0,
    0x0, 0x0, 0xe3, 0xff, 0xff, 0xff, 0x82, 0x0,
    0x0, 0x0, 0x0, 0x0, 0x0, 0x0, 0x0, 0x0,
    0x0, 0x0, 0x0, 0x0, 0x0, 0x0, 0x0, 0x35,
    0xff, 0xff, 0xff, 0xd1, 0x6, 0x0, 0x0, 0x0,
    0x0, 0x0, 0x0, 0x0, 0x0, 0x0, 0x0, 0x0,
    0x0, 0x0, 0x0, 0x0, 0x0, 0x85, 0xff, 0xff,
    0xfb, 0x32, 0x0, 0x0, 0x0, 0x0, 0x0, 0x0,
    0x0, 0x0, 0x0, 0x0, 0x0, 0x0, 0x0, 0x0,
    0x0, 0x0, 0x0, 0xd6, 0xff, 0xff, 0x82, 0x0,
    0x0, 0x0, 0x0, 0x0, 0x0, 0x0, 0x0, 0x0,
    0x0, 0x0, 0x0, 0x0, 0x0, 0x0, 0x0, 0x0,
    0x0, 0x7, 0x8, 0x8, 0x1, 0x0, 0x0, 0x0,
    0x0, 0x0, 0x0, 0x0, 0x0, 0x0, 0x0, 0x0,
    0x0, 0x0, 0x0, 0x0, 0x0, 0x0, 0x0, 0x0,
    0x0, 0x0, 0x0, 0x0, 0x0, 0x0, 0x0, 0x0,
    0x0, 0x0, 0x0, 0x0, 0x0, 0x0, 0x0, 0x0,
    0x0, 0x0, 0x0, 0x0, 0xc2, 0xff, 0xff, 0xff,
    0xff, 0x3c, 0x0, 0x0, 0x0, 0x0, 0x0, 0x0,
    0x0, 0x0, 0x0, 0x0, 0x0, 0x0, 0x0, 0x0,
    0x0, 0x24, 0xff, 0xff, 0xff, 0xff, 0xff, 0x9f,
    0x0, 0x0, 0x0, 0x0, 0x0, 0x0, 0x0, 0x0,
    0x0, 0x0, 0x0, 0x0, 0x0, 0x0, 0x0, 0x86,
    0xff, 0xff, 0xff, 0xff, 0xff, 0xf4, 0xd, 0x0,
    0x0, 0x0, 0x0, 0x0, 0x0, 0x0, 0x0, 0x0,
    0x0, 0x0, 0x0, 0x0, 0x3, 0xe5, 0xff, 0xff,
    0xff, 0xff, 0xff, 0xff, 0x64, 0x0, 0x0, 0x0,
    0x0, 0x0, 0x0, 0x0, 0x0, 0x0, 0x0, 0x0,
    0x0, 0x0, 0x4b, 0xff, 0xff, 0xff, 0xd2, 0xff,
    0xff, 0xff, 0xc6, 0x0, 0x0, 0x0, 0x0, 0x0,
    0x0, 0x0, 0x0, 0x0, 0x0, 0x0, 0x0, 0x0,
    0xae, 0xff, 0xff, 0xff, 0x53, 0xd8, 0xff, 0xff,
    0xff, 0x29, 0x0, 0x0, 0x0, 0x0, 0x0, 0x0,
    0x0, 0x0, 0x0, 0x0, 0x0, 0x15, 0xfa, 0xff,
    0xff, 0xf8, 0xc, 0x8a, 0xff, 0xff, 0xff, 0x8b,
    0x0, 0x0, 0x0, 0x0, 0x0, 0x0, 0x0, 0x0,
    0x0, 0x0, 0x0, 0x73, 0xff, 0xff, 0xff, 0xb0,
    0x0, 0x34, 0xff, 0xff, 0xff, 0xe9, 0x4, 0x0,
    0x0, 0x0, 0x0, 0x0, 0x0, 0x0, 0x0, 0x0,
    0x0, 0xd4, 0xff, 0xff, 0xff, 0x52, 0x0, 0x0,
    0xd6, 0xff, 0xff, 0xff, 0x50, 0x0, 0x0, 0x0,
    0x0, 0x0, 0x0, 0x0, 0x0, 0x0, 0x38, 0xff,
    0xff, 0xff, 0xee, 0x6, 0x0, 0x0, 0x79, 0xff,
    0xff, 0xff, 0xb3, 0x0, 0x0, 0x0, 0x0, 0x0,
    0x0, 0x0, 0x0, 0x0, 0x9a, 0xff, 0xff, 0xff,
    0x97, 0x0, 0x0, 0x0, 0x1d, 0xfe, 0xff, 0xff,
    0xfc, 0x19, 0x0, 0x0, 0x0, 0x0, 0x0, 0x0,
    0x0, 0xa, 0xf1, 0xff, 0xff, 0xff, 0x39, 0x0,
    0x0, 0x0, 0x0, 0xbe, 0xff, 0xff, 0xff, 0x78,
    0x0, 0x0, 0x0, 0x0, 0x0, 0x0, 0x0, 0x5f,
    0xff, 0xff, 0xff, 0xfd, 0xac, 0xac, 0xac, 0xac,
    0xac, 0xd5, 0xff, 0xff, 0xff, 0xd9, 0x0, 0x0,
    0x0, 0x0, 0x0, 0x0, 0x0, 0xc2, 0xff, 0xff,
    0xff, 0xff, 0xff, 0xff, 0xff, 0xff, 0xff, 0xff,
    0xff, 0xff, 0xff, 0xff, 0x3d, 0x0, 0x0, 0x0,
    0x0, 0x0, 0x25, 0xff, 0xff, 0xff, 0xff, 0xff,
    0xff, 0xff, 0xff, 0xff, 0xff, 0xff, 0xff, 0xff,
    0xff, 0xff, 0x9f, 0x0, 0x0, 0x0, 0x0, 0x0,
    0x87, 0xff, 0xff, 0xff, 0xff, 0xff, 0xff, 0xff,
    0xff, 0xff, 0xff, 0xff, 0xff, 0xff, 0xff, 0xff,
    0xf4, 0xd, 0x0, 0x0, 0x0, 0x3, 0xe5, 0xff,
    0xff, 0xff, 0x6a, 0x0, 0x0, 0x0, 0x0, 0x0,
    0x0, 0x0, 0x5, 0xec, 0xff, 0xff, 0xff, 0x64,
    0x0, 0x0, 0x0, 0x4c, 0xff, 0xff, 0xff, 0xfb,
    0x14, 0x0, 0x0, 0x0, 0x0, 0x0, 0x0, 0x0,
    0x0, 0x97, 0xff, 0xff, 0xff, 0xc7, 0x0, 0x0,
    0x0, 0xae, 0xff, 0xff, 0xff, 0xb5, 0x0, 0x0,
    0x0, 0x0, 0x0, 0x0, 0x0, 0x0, 0x0, 0x3c,
    0xff, 0xff, 0xff, 0xff, 0x29, 0x0, 0x15, 0xfa,
    0xff, 0xff, 0xff, 0x5b, 0x0, 0x0, 0x0, 0x0,
    0x0, 0x0, 0x0, 0x0, 0x0, 0x1, 0xe0, 0xff,
    0xff, 0xff, 0x8c, 0x0, 0x73, 0xff, 0xff, 0xff,
    0xf5, 0xb, 0x0, 0x0, 0x0, 0x0, 0x0, 0x0,
    0x0, 0x0, 0x0, 0x0, 0x86, 0xff, 0xff, 0xff,
    0xe9, 0x5,

    /* U+00C2 "Â" */
    0x0, 0x0, 0x0, 0x0, 0x0, 0x0, 0x0, 0x0,
    0x68, 0xff, 0xff, 0xff, 0xd1, 0xb, 0x0, 0x0,
    0x0, 0x0, 0x0, 0x0, 0x0, 0x0, 0x0, 0x0,
    0x0, 0x0, 0x0, 0x0, 0x0, 0x4d, 0xfc, 0xff,
    0xff, 0xff, 0xff, 0xaf, 0x1, 0x0, 0x0, 0x0,
    0x0, 0x0, 0x0, 0x0, 0x0, 0x0, 0x0, 0x0,
    0x0, 0x0, 0x35, 0xf5, 0xff, 0xff, 0x7c, 0xdf,
    0xff, 0xff, 0x84, 0x0, 0x0, 0x0, 0x0, 0x0,
    0x0, 0x0, 0x0, 0x0, 0x0, 0x0, 0x0, 0x21,
    0xe9, 0xff, 0xff, 0xc2, 0x1, 0x48, 0xff, 0xff,
    0xff, 0x59, 0x0, 0x0, 0x0, 0x0, 0x0, 0x0,
    0x0, 0x0, 0x0, 0x0, 0x0, 0xe, 0x24, 0x24,
    0x24, 0xe, 0x0, 0x0, 0x21, 0x24, 0x24, 0x1d,
    0x0, 0x0, 0x0, 0x0, 0x0, 0x0, 0x0, 0x0,
    0x0, 0x0, 0x0, 0x0, 0x0, 0x0, 0x0, 0x0,
    0x0, 0x0, 0x0, 0x0, 0x0, 0x0, 0x0, 0x0,
    0x0, 0x0, 0x0, 0x0, 0x0, 0x0, 0x0, 0x0,
    0x0, 0x0, 0x0, 0x0, 0xc2, 0xff, 0xff, 0xff,
    0xff, 0x3c, 0x0, 0x0, 0x0, 0x0, 0x0, 0x0,
    0x0, 0x0, 0x0, 0x0, 0x0, 0x0, 0x0, 0x0,
    0x0, 0x24, 0xff, 0xff, 0xff, 0xff, 0xff, 0x9f,
    0x0, 0x0, 0x0, 0x0, 0x0, 0x0, 0x0, 0x0,
    0x0, 0x0, 0x0, 0x0, 0x0, 0x0, 0x0, 0x86,
    0xff, 0xff, 0xff, 0xff, 0xff, 0xf4, 0xd, 0x0,
    0x0, 0x0, 0x0, 0x0, 0x0, 0x0, 0x0, 0x0,
    0x0, 0x0, 0x0, 0x0, 0x3, 0xe5, 0xff, 0xff,
    0xff, 0xff, 0xff, 0xff, 0x64, 0x0, 0x0, 0x0,
    0x0, 0x0, 0x0, 0x0, 0x0, 0x0, 0x0, 0x0,
    0x0, 0x0, 0x4b, 0xff, 0xff, 0xff, 0xd2, 0xff,
    0xff, 0xff, 0xc6, 0x0, 0x0, 0x0, 0x0, 0x0,
    0x0, 0x0, 0x0, 0x0, 0x0, 0x0, 0x0, 0x0,
    0xae, 0xff, 0xff, 0xff, 0x53, 0xd8, 0xff, 0xff,
    0xff, 0x29, 0x0, 0x0, 0x0, 0x0, 0x0, 0x0,
    0x0, 0x0, 0x0, 0x0, 0x0, 0x15, 0xfa, 0xff,
    0xff, 0xf8, 0xc, 0x8a, 0xff, 0xff, 0xff, 0x8b,
    0x0, 0x0, 0x0, 0x0, 0x0, 0x0, 0x0, 0x0,
    0x0, 0x0, 0x0, 0x73, 0xff, 0xff, 0xff, 0xb0,
    0x0, 0x34, 0xff, 0xff, 0xff, 0xe9, 0x4, 0x0,
    0x0, 0x0, 0x0, 0x0, 0x0, 0x0, 0x0, 0x0,
    0x0, 0xd4, 0xff, 0xff, 0xff, 0x52, 0x0, 0x0,
    0xd6, 0xff, 0xff, 0xff, 0x50, 0x0, 0x0, 0x0,
    0x0, 0x0, 0x0, 0x0, 0x0, 0x0, 0x38, 0xff,
    0xff, 0xff, 0xee, 0x6, 0x0, 0x0, 0x79, 0xff,
    0xff, 0xff, 0xb3, 0x0, 0x0, 0x0, 0x0, 0x0,
    0x0, 0x0, 0x0, 0x0, 0x9a, 0xff, 0xff, 0xff,
    0x97, 0x0, 0x0, 0x0, 0x1d, 0xfe, 0xff, 0xff,
    0xfc, 0x19, 0x0, 0x0, 0x0, 0x0, 0x0, 0x0,
    0x0, 0xa, 0xf1, 0xff, 0xff, 0xff, 0x39, 0x0,
    0x0, 0x0, 0x0, 0xbe, 0xff, 0xff, 0xff, 0x78,
    0x0, 0x0, 0x0, 0x0, 0x0, 0x0, 0x0, 0x5f,
    0xff, 0xff, 0xff, 0xfd, 0xac, 0xac, 0xac, 0xac,
    0xac, 0xd5, 0xff, 0xff, 0xff, 0xd9, 0x0, 0x0,
    0x0, 0x0, 0x0, 0x0, 0x0, 0xc2, 0xff, 0xff,
    0xff, 0xff, 0xff, 0xff, 0xff, 0xff, 0xff, 0xff,
    0xff, 0xff, 0xff, 0xff, 0x3d, 0x0, 0x0, 0x0,
    0x0, 0x0, 0x25, 0xff, 0xff, 0xff, 0xff, 0xff,
    0xff, 0xff, 0xff, 0xff, 0xff, 0xff, 0xff, 0xff,
    0xff, 0xff, 0x9f, 0x0, 0x0, 0x0, 0x0, 0x0,
    0x87, 0xff, 0xff, 0xff, 0xff, 0xff, 0xff, 0xff,
    0xff, 0xff, 0xff, 0xff, 0xff, 0xff, 0xff, 0xff,
    0xf4, 0xd, 0x0, 0x0, 0x0, 0x3, 0xe5, 0xff,
    0xff, 0xff, 0x6a, 0x0, 0x0, 0x0, 0x0, 0x0,
    0x0, 0x0, 0x5, 0xec, 0xff, 0xff, 0xff, 0x64,
    0x0, 0x0, 0x0, 0x4c, 0xff, 0xff, 0xff, 0xfb,
    0x14, 0x0, 0x0, 0x0, 0x0, 0x0, 0x0, 0x0,
    0x0, 0x97, 0xff, 0xff, 0xff, 0xc7, 0x0, 0x0,
    0x0, 0xae, 0xff, 0xff, 0xff, 0xb5, 0x0, 0x0,
    0x0, 0x0, 0x0, 0x0, 0x0, 0x0, 0x0, 0x3c,
    0xff, 0xff, 0xff, 0xff, 0x29, 0x0, 0x15, 0xfa,
    0xff, 0xff, 0xff, 0x5b, 0x0, 0x0, 0x0, 0x0,
    0x0, 0x0, 0x0, 0x0, 0x0, 0x1, 0xe0, 0xff,
    0xff, 0xff, 0x8c, 0x0, 0x73, 0xff, 0xff, 0xff,
    0xf5, 0xb, 0x0, 0x0, 0x0, 0x0, 0x0, 0x0,
    0x0, 0x0, 0x0, 0x0, 0x86, 0xff, 0xff, 0xff,
    0xe9, 0x5,

    /* U+00C3 "Ã" */
    0x0, 0x0, 0x0, 0x0, 0x0, 0x0, 0x1e, 0xa8,
    0xeb, 0xec, 0xb4, 0x4d, 0x5, 0x88, 0xa8, 0xa8,
    0xd, 0x0, 0x0, 0x0, 0x0, 0x0, 0x0, 0x0,
    0x0, 0x0, 0x0, 0xa, 0xda, 0xff, 0xff, 0xff,
    0xff, 0xff, 0xfc, 0xff, 0xff, 0xf0, 0x3, 0x0,
    0x0, 0x0, 0x0, 0x0, 0x0, 0x0, 0x0, 0x0,
    0x0, 0x64, 0xff, 0xff, 0xfd, 0xfd, 0xff, 0xff,
    0xff, 0xff, 0xff, 0x74, 0x0, 0x0, 0x0, 0x0,
    0x0, 0x0, 0x0, 0x0, 0x0, 0x0, 0x0, 0x55,
    0xa4, 0xa4, 0x3c, 0x15, 0x79, 0xd4, 0xf6, 0xd9,
    0x6d, 0x1, 0x0, 0x0, 0x0, 0x0, 0x0, 0x0,
    0x0, 0x0, 0x0, 0x0, 0x0, 0x0, 0x0, 0x0,
    0x0, 0x0, 0x0, 0x0, 0x0, 0x0, 0x0, 0x0,
    0x0, 0x0, 0x0, 0x0, 0x0, 0x0, 0x0, 0x0,
    0x0, 0x0, 0x0, 0x0, 0x0, 0x0, 0x0, 0x0,
    0x0, 0x0, 0x0, 0x0, 0x0, 0x0, 0x0, 0x0,
    0x0, 0x0, 0x0, 0x0, 0x0, 0x0, 0x0, 0x0,
    0x0, 0x0, 0x0, 0x0, 0xc2, 0xff, 0xff, 0xff,
    0xff, 0x3c, 0x0, 0x0, 0x0, 0x0, 0x0, 0x0,
    0x0, 0x0, 0x0, 0x0, 0x0, 0x0, 0x0, 0x0,
    0x0, 0x24, 0xff, 0xff, 0xff, 0xff, 0xff, 0x9f,
    0x0, 0x0, 0x0, 0x0, 0x0, 0x0, 0x0, 0x0,
    0x0, 0x0, 0x0, 0x0, 0x0, 0x0, 0x0, 0x86,
    0xff, 0xff, 0xff, 0xff, 0xff, 0xf4, 0xd, 0x0,
    0x0, 0x0, 0x0, 0x0, 0x0, 0x0, 0x0, 0x0,
    0x0, 0x0, 0x0, 0x0, 0x3, 0xe5, 0xff, 0xff,
    0xff, 0xff, 0xff, 0xff, 0x64, 0x0, 0x0, 0x0,
    0x0, 0x0, 0x0, 0x0, 0x0, 0x0, 0x0, 0x0,
    0x0, 0x0, 0x4b, 0xff, 0xff, 0xff, 0xd2, 0xff,
    0xff, 0xff, 0xc6, 0x0, 0x0, 0x0, 0x0, 0x0,
    0x0, 0x0, 0x0, 0x0, 0x0, 0x0, 0x0, 0x0,
    0xae, 0xff, 0xff, 0xff, 0x53, 0xd8, 0xff, 0xff,
    0xff, 0x29, 0x0, 0x0, 0x0, 0x0, 0x0, 0x0,
    0x0, 0x0, 0x0, 0x0, 0x0, 0x15, 0xfa, 0xff,
    0xff, 0xf8, 0xc, 0x8a, 0xff, 0xff, 0xff, 0x8b,
    0x0, 0x0, 0x0, 0x0, 0x0, 0x0, 0x0, 0x0,
    0x0, 0x0, 0x0, 0x73, 0xff, 0xff, 0xff, 0xb0,
    0x0, 0x34, 0xff, 0xff, 0xff, 0xe9, 0x4, 0x0,
    0x0, 0x0, 0x0, 0x0, 0x0, 0x0, 0x0, 0x0,
    0x0, 0xd4, 0xff, 0xff, 0xff, 0x52, 0x0, 0x0,
    0xd6, 0xff, 0xff, 0xff, 0x50, 0x0, 0x0, 0x0,
    0x0, 0x0, 0x0, 0x0, 0x0, 0x0, 0x38, 0xff,
    0xff, 0xff, 0xee, 0x6, 0x0, 0x0, 0x79, 0xff,
    0xff, 0xff, 0xb3, 0x0, 0x0, 0x0, 0x0, 0x0,
    0x0, 0x0, 0x0, 0x0, 0x9a, 0xff, 0xff, 0xff,
    0x97, 0x0, 0x0, 0x0, 0x1d, 0xfe, 0xff, 0xff,
    0xfc, 0x19, 0x0, 0x0, 0x0, 0x0, 0x0, 0x0,
    0x0, 0xa, 0xf1, 0xff, 0xff, 0xff, 0x39, 0x0,
    0x0, 0x0, 0x0, 0xbe, 0xff, 0xff, 0xff, 0x78,
    0x0, 0x0, 0x0, 0x0, 0x0, 0x0, 0x0, 0x5f,
    0xff, 0xff, 0xff, 0xfd, 0xac, 0xac, 0xac, 0xac,
    0xac, 0xd5, 0xff, 0xff, 0xff, 0xd9, 0x0, 0x0,
    0x0, 0x0, 0x0, 0x0, 0x0, 0xc2, 0xff, 0xff,
    0xff, 0xff, 0xff, 0xff, 0xff, 0xff, 0xff, 0xff,
    0xff, 0xff, 0xff, 0xff, 0x3d, 0x0, 0x0, 0x0,
    0x0, 0x0, 0x25, 0xff, 0xff, 0xff, 0xff, 0xff,
    0xff, 0xff, 0xff, 0xff, 0xff, 0xff, 0xff, 0xff,
    0xff, 0xff, 0x9f, 0x0, 0x0, 0x0, 0x0, 0x0,
    0x87, 0xff, 0xff, 0xff, 0xff, 0xff, 0xff, 0xff,
    0xff, 0xff, 0xff, 0xff, 0xff, 0xff, 0xff, 0xff,
    0xf4, 0xd, 0x0, 0x0, 0x0, 0x3, 0xe5, 0xff,
    0xff, 0xff, 0x6a, 0x0, 0x0, 0x0, 0x0, 0x0,
    0x0, 0x0, 0x5, 0xec, 0xff, 0xff, 0xff, 0x64,
    0x0, 0x0, 0x0, 0x4c, 0xff, 0xff, 0xff, 0xfb,
    0x14, 0x0, 0x0, 0x0, 0x0, 0x0, 0x0, 0x0,
    0x0, 0x97, 0xff, 0xff, 0xff, 0xc7, 0x0, 0x0,
    0x0, 0xae, 0xff, 0xff, 0xff, 0xb5, 0x0, 0x0,
    0x0, 0x0, 0x0, 0x0, 0x0, 0x0, 0x0, 0x3c,
    0xff, 0xff, 0xff, 0xff, 0x29, 0x0, 0x15, 0xfa,
    0xff, 0xff, 0xff, 0x5b, 0x0, 0x0, 0x0, 0x0,
    0x0, 0x0, 0x0, 0x0, 0x0, 0x1, 0xe0, 0xff,
    0xff, 0xff, 0x8c, 0x0, 0x73, 0xff, 0xff, 0xff,
    0xf5, 0xb, 0x0, 0x0, 0x0, 0x0, 0x0, 0x0,
    0x0, 0x0, 0x0, 0x0, 0x86, 0xff, 0xff, 0xff,
    0xe9, 0x5,

    /* U+00C4 "Ä" */
    0x0, 0x0, 0x0, 0x0, 0x0, 0x0, 0x6d, 0xec,
    0xdd, 0x41, 0x0, 0x5, 0xa4, 0xf3, 0xc0, 0x19,
    0x0, 0x0, 0x0, 0x0, 0x0, 0x0, 0x0, 0x0,
    0x0, 0x0, 0x0, 0x21, 0xfe, 0xff, 0xff, 0xdf,
    0x0, 0x67, 0xff, 0xff, 0xff, 0x9a, 0x0, 0x0,
    0x0, 0x0, 0x0, 0x0, 0x0, 0x0, 0x0, 0x0,
    0x0, 0x30, 0xff, 0xff, 0xff, 0xf0, 0x0, 0x78,
    0xff, 0xff, 0xff, 0xac, 0x0, 0x0, 0x0, 0x0,
    0x0, 0x0, 0x0, 0x0, 0x0, 0x0, 0x0, 0x0,
    0xab, 0xff, 0xfe, 0x70, 0x0, 0x16, 0xdd, 0xff,
    0xf0, 0x36, 0x0, 0x0, 0x0, 0x0, 0x0, 0x0,
    0x0, 0x0, 0x0, 0x0, 0x0, 0x0, 0x0, 0x30,
    0x22, 0x0, 0x0, 0x0, 0x9, 0x37, 0x12, 0x0,
    0x0, 0x0, 0x0, 0x0, 0x0, 0x0, 0x0, 0x0,
    0x0, 0x0, 0x0, 0x0, 0x0, 0x0, 0x0, 0x0,
    0x0, 0x0, 0x0, 0x0, 0x0, 0x0, 0x0, 0x0,
    0x0, 0x0, 0x0, 0x0, 0x0, 0x0, 0x0, 0x0,
    0x0, 0x0, 0x0, 0x0, 0xc2, 0xff, 0xff, 0xff,
    0xff, 0x3c, 0x0, 0x0, 0x0, 0x0, 0x0, 0x0,
    0x0, 0x0, 0x0, 0x0, 0x0, 0x0, 0x0, 0x0,
    0x0, 0x24, 0xff, 0xff, 0xff, 0xff, 0xff, 0x9f,
    0x0, 0x0, 0x0, 0x0, 0x0, 0x0, 0x0, 0x0,
    0x0, 0x0, 0x0, 0x0, 0x0, 0x0, 0x0, 0x86,
    0xff, 0xff, 0xff, 0xff, 0xff, 0xf4, 0xd, 0x0,
    0x0, 0x0, 0x0, 0x0, 0x0, 0x0, 0x0, 0x0,
    0x0, 0x0, 0x0, 0x0, 0x3, 0xe5, 0xff, 0xff,
    0xff, 0xff, 0xff, 0xff, 0x64, 0x0, 0x0, 0x0,
    0x0, 0x0, 0x0, 0x0, 0x0, 0x0, 0x0, 0x0,
    0x0, 0x0, 0x4b, 0xff, 0xff, 0xff, 0xd2, 0xff,
    0xff, 0xff, 0xc6, 0x0, 0x0, 0x0, 0x0, 0x0,
    0x0, 0x0, 0x0, 0x0, 0x0, 0x0, 0x0, 0x0,
    0xae, 0xff, 0xff, 0xff, 0x53, 0xd8, 0xff, 0xff,
    0xff, 0x29, 0x0, 0x0, 0x0, 0x0, 0x0, 0x0,
    0x0, 0x0, 0x0, 0x0, 0x0, 0x15, 0xfa, 0xff,
    0xff, 0xf8, 0xc, 0x8a, 0xff, 0xff, 0xff, 0x8b,
    0x0, 0x0, 0x0, 0x0, 0x0, 0x0, 0x0, 0x0,
    0x0, 0x0, 0x0, 0x73, 0xff, 0xff, 0xff, 0xb0,
    0x0, 0x34, 0xff, 0xff, 0xff, 0xe9, 0x4, 0x0,
    0x0, 0x0, 0x0, 0x0, 0x0, 0x0, 0x0, 0x0,
    0x0, 0xd4, 0xff, 0xff, 0xff, 0x52, 0x0, 0x0,
    0xd6, 0xff, 0xff, 0xff, 0x50, 0x0, 0x0, 0x0,
    0x0, 0x0, 0x0, 0x0, 0x0, 0x0, 0x38, 0xff,
    0xff, 0xff, 0xee, 0x6, 0x0, 0x0, 0x79, 0xff,
    0xff, 0xff, 0xb3, 0x0, 0x0, 0x0, 0x0, 0x0,
    0x0, 0x0, 0x0, 0x0, 0x9a, 0xff, 0xff, 0xff,
    0x97, 0x0, 0x0, 0x0, 0x1d, 0xfe, 0xff, 0xff,
    0xfc, 0x19, 0x0, 0x0, 0x0, 0x0, 0x0, 0x0,
    0x0, 0xa, 0xf1, 0xff, 0xff, 0xff, 0x39, 0x0,
    0x0, 0x0, 0x0, 0xbe, 0xff, 0xff, 0xff, 0x78,
    0x0, 0x0, 0x0, 0x0, 0x0, 0x0, 0x0, 0x5f,
    0xff, 0xff, 0xff, 0xfd, 0xac, 0xac, 0xac, 0xac,
    0xac, 0xd5, 0xff, 0xff, 0xff, 0xd9, 0x0, 0x0,
    0x0, 0x0, 0x0, 0x0, 0x0, 0xc2, 0xff, 0xff,
    0xff, 0xff, 0xff, 0xff, 0xff, 0xff, 0xff, 0xff,
    0xff, 0xff, 0xff, 0xff, 0x3d, 0x0, 0x0, 0x0,
    0x0, 0x0, 0x25, 0xff, 0xff, 0xff, 0xff, 0xff,
    0xff, 0xff, 0xff, 0xff, 0xff, 0xff, 0xff, 0xff,
    0xff, 0xff, 0x9f, 0x0, 0x0, 0x0, 0x0, 0x0,
    0x87, 0xff, 0xff, 0xff, 0xff, 0xff, 0xff, 0xff,
    0xff, 0xff, 0xff, 0xff, 0xff, 0xff, 0xff, 0xff,
    0xf4, 0xd, 0x0, 0x0, 0x0, 0x3, 0xe5, 0xff,
    0xff, 0xff, 0x6a, 0x0, 0x0, 0x0, 0x0, 0x0,
    0x0, 0x0, 0x5, 0xec, 0xff, 0xff, 0xff, 0x64,
    0x0, 0x0, 0x0, 0x4c, 0xff, 0xff, 0xff, 0xfb,
    0x14, 0x0, 0x0, 0x0, 0x0, 0x0, 0x0, 0x0,
    0x0, 0x97, 0xff, 0xff, 0xff, 0xc7, 0x0, 0x0,
    0x0, 0xae, 0xff, 0xff, 0xff, 0xb5, 0x0, 0x0,
    0x0, 0x0, 0x0, 0x0, 0x0, 0x0, 0x0, 0x3c,
    0xff, 0xff, 0xff, 0xff, 0x29, 0x0, 0x15, 0xfa,
    0xff, 0xff, 0xff, 0x5b, 0x0, 0x0, 0x0, 0x0,
    0x0, 0x0, 0x0, 0x0, 0x0, 0x1, 0xe0, 0xff,
    0xff, 0xff, 0x8c, 0x0, 0x73, 0xff, 0xff, 0xff,
    0xf5, 0xb, 0x0, 0x0, 0x0, 0x0, 0x0, 0x0,
    0x0, 0x0, 0x0, 0x0, 0x86, 0xff, 0xff, 0xff,
    0xe9, 0x5,

    /* U+00C5 "Å" */
    0x0, 0x0, 0x0, 0x0, 0x0, 0x0, 0x0, 0x0,
    0x3e, 0xc8, 0xf8, 0xe6, 0x86, 0x7, 0x0, 0x0,
    0x0, 0x0, 0x0, 0x0, 0x0, 0x0, 0x0, 0x0,
    0x0, 0x0, 0x0, 0x0, 0x0, 0x4d, 0xfe, 0xff,
    0xff, 0xff, 0xff, 0xbb, 0x1, 0x0, 0x0, 0x0,
    0x0, 0x0, 0x0, 0x0, 0x0, 0x0, 0x0, 0x0,
    0x0, 0x0, 0x1, 0xe2, 0xff, 0xff, 0xbe, 0xe5,
    0xff, 0xff, 0x5d, 0x0, 0x0, 0x0, 0x0, 0x0,
    0x0, 0x0, 0x0, 0x0, 0x0, 0x0, 0x0, 0x0,
    0x1f, 0xff, 0xff, 0xa5, 0x0, 0x2a, 0xff, 0xff,
    0x9a, 0x0, 0x0, 0x0, 0x0, 0x0, 0x0, 0x0,
    0x0, 0x0, 0x0, 0x0, 0x0, 0x0, 0x13, 0xfe,
    0xff, 0xca, 0x12, 0x5d, 0xff, 0xff, 0x8c, 0x0,
    0x0, 0x0, 0x0, 0x0, 0x0, 0x0, 0x0, 0x0,
    0x0, 0x0, 0x0, 0x0, 0x0, 0xb0, 0xff, 0xff,
    0xff, 0xff, 0xff, 0xfb, 0x2e, 0x0, 0x0, 0x0,
    0x0, 0x0, 0x0, 0x0, 0x0, 0x0, 0x0, 0x0,
    0x0, 0x0, 0x0, 0x3b, 0xff, 0xff, 0xff, 0xff,
    0xff, 0xb6, 0x0, 0x0, 0x0, 0x0, 0x0, 0x0,
    0x0, 0x0, 0x0, 0x0, 0x0, 0x0, 0x0, 0x0,
    0x0, 0x89, 0xff, 0xff, 0xff, 0xff, 0xff, 0xf5,
    0xe, 0x0, 0x0, 0x0, 0x0, 0x0, 0x0, 0x0,
    0x0, 0x0, 0x0, 0x0, 0x0, 0x0, 0x4, 0xe7,
    0xff, 0xff, 0xff, 0xff, 0xff, 0xff, 0x67, 0x0,
    0x0, 0x0, 0x0, 0x0, 0x0, 0x0, 0x0, 0x0,
    0x0, 0x0, 0x0, 0x0, 0x4e, 0xff, 0xff, 0xff,
    0xd2, 0xff, 0xff, 0xff, 0xc9, 0x0, 0x0, 0x0,
    0x0, 0x0, 0x0, 0x0, 0x0, 0x0, 0x0, 0x0,
    0x0, 0x0, 0xb0, 0xff, 0xff, 0xff, 0x53, 0xd8,
    0xff, 0xff, 0xff, 0x2b, 0x0, 0x0, 0x0, 0x0,
    0x0, 0x0, 0x0, 0x0, 0x0, 0x0, 0x0, 0x17,
    0xfb, 0xff, 0xff, 0xf8, 0xc, 0x8a, 0xff, 0xff,
    0xff, 0x8e, 0x0, 0x0, 0x0, 0x0, 0x0, 0x0,
    0x0, 0x0, 0x0, 0x0, 0x0, 0x75, 0xff, 0xff,
    0xff, 0xb0, 0x0, 0x34, 0xff, 0xff, 0xff, 0xea,
    0x5, 0x0, 0x0, 0x0, 0x0, 0x0, 0x0, 0x0,
    0x0, 0x0, 0x0, 0xd6, 0xff, 0xff, 0xff, 0x52,
    0x0, 0x0, 0xd6, 0xff, 0xff, 0xff, 0x52, 0x0,
    0x0, 0x0, 0x0, 0x0, 0x0, 0x0, 0x0, 0x0,
    0x3a, 0xff, 0xff, 0xff, 0xee, 0x6, 0x0, 0x0,
    0x79, 0xff, 0xff, 0xff, 0xb5, 0x0, 0x0, 0x0,
    0x0, 0x0, 0x0, 0x0, 0x0, 0x0, 0x9c, 0xff,
    0xff, 0xff, 0x97, 0x0, 0x0, 0x0, 0x1d, 0xfe,
    0xff, 0xff, 0xfc, 0x1a, 0x0, 0x0, 0x0, 0x0,
    0x0, 0x0, 0x0, 0xb, 0xf2, 0xff, 0xff, 0xff,
    0x39, 0x0, 0x0, 0x0, 0x0, 0xbe, 0xff, 0xff,
    0xff, 0x79, 0x0, 0x0, 0x0, 0x0, 0x0, 0x0,
    0x0, 0x61, 0xff, 0xff, 0xff, 0xfd, 0xac, 0xac,
    0xac, 0xac, 0xac, 0xd5, 0xff, 0xff, 0xff, 0xdb,
    0x0, 0x0, 0x0, 0x0, 0x0, 0x0, 0x0, 0xc3,
    0xff, 0xff, 0xff, 0xff, 0xff, 0xff, 0xff, 0xff,
    0xff, 0xff, 0xff, 0xff, 0xff, 0xff, 0x3e, 0x0,
    0x0, 0x0, 0x0, 0x0, 0x26, 0xff, 0xff, 0xff,
    0xff, 0xff, 0xff, 0xff, 0xff, 0xff, 0xff, 0xff,
    0xff, 0xff, 0xff, 0xff, 0xa0, 0x0, 0x0, 0x0,
    0x0, 0x0, 0x88, 0xff, 0xff, 0xff, 0xff, 0xff,
    0xff, 0xff, 0xff, 0xff, 0xff, 0xff, 0xff, 0xff,
    0xff, 0xff, 0xf5, 0xd, 0x0, 0x0, 0x0, 0x3,
    0xe6, 0xff, 0xff, 0xff, 0x71, 0x0, 0x0, 0x0,
    0x0, 0x0, 0x0, 0x0, 0x5, 0xec, 0xff, 0xff,
    0xff, 0x65, 0x0, 0x0, 0x0, 0x4c, 0xff, 0xff,
    0xff, 0xfc, 0x18, 0x0, 0x0, 0x0, 0x0, 0x0,
    0x0, 0x0, 0x0, 0x97, 0xff, 0xff, 0xff, 0xc7,
    0x0, 0x0, 0x0, 0xaf, 0xff, 0xff, 0xff, 0xb9,
    0x0, 0x0, 0x0, 0x0, 0x0, 0x0, 0x0, 0x0,
    0x0, 0x3c, 0xff, 0xff, 0xff, 0xff, 0x2a, 0x0,
    0x16, 0xfa, 0xff, 0xff, 0xff, 0x5d, 0x0, 0x0,
    0x0, 0x0, 0x0, 0x0, 0x0, 0x0, 0x0, 0x1,
    0xe0, 0xff, 0xff, 0xff, 0x8c, 0x0, 0x73, 0xff,
    0xff, 0xff, 0xf5, 0xc, 0x0, 0x0, 0x0, 0x0,
    0x0, 0x0, 0x0, 0x0, 0x0, 0x0, 0x86, 0xff,
    0xff, 0xff, 0xe9, 0x5,

    /* U+00C6 "Æ" */
    0x0, 0x0, 0x0, 0x0, 0x0, 0x0, 0x0, 0x0,
    0x0, 0x0, 0x0, 0x0, 0xa5, 0xff, 0xff, 0xff,
    0xff, 0xff, 0xff, 0xff, 0xff, 0xff, 0xff, 0xff,
    0xff, 0xff, 0xff, 0xff, 0x98, 0x0, 0x0, 0x0,
    0x0, 0x0, 0x0, 0x0, 0x0, 0x0, 0x0, 0x0,
    0x3d, 0xff, 0xff, 0xff, 0xff, 0xff, 0xff, 0xff,
    0xff, 0xff, 0xff, 0xff, 0xff, 0xff, 0xff, 0xff,
    0xff, 0x98, 0x0, 0x0, 0x0, 0x0, 0x0, 0x0,
    0x0, 0x0, 0x0, 0x0, 0x3, 0xd2, 0xff, 0xff,
    0xff, 0xff, 0xff, 0xff, 0xff, 0xff, 0xff, 0xff,
    0xff, 0xff, 0xff, 0xff, 0xff, 0xff, 0x98, 0x0,
    0x0, 0x0, 0x0, 0x0, 0x0, 0x0, 0x0, 0x0,
    0x0, 0x6f, 0xff, 0xff, 0xff, 0xed, 0xff, 0xff,
    0xff, 0xff, 0xcc, 0xcc, 0xcc, 0xcc, 0xcc, 0xcc,
    0xcc, 0xcc, 0xcc, 0x79, 0x0, 0x0, 0x0, 0x0,
    0x0, 0x0, 0x0, 0x0, 0x0, 0x16, 0xf0, 0xff,
    0xff, 0xff, 0x58, 0xff, 0xff, 0xff, 0xff, 0x4,
    0x0, 0x0, 0x0, 0x0, 0x0, 0x0, 0x0, 0x0,
    0x0, 0x0, 0x0, 0x0, 0x0, 0x0, 0x0, 0x0,
    0x0, 0x0, 0xa0, 0xff, 0xff, 0xff, 0xcd, 0x8,
    0xff, 0xff, 0xff, 0xff, 0x4, 0x0, 0x0, 0x0,
    0x0, 0x0, 0x0, 0x0, 0x0, 0x0, 0x0, 0x0,
    0x0, 0x0, 0x0, 0x0, 0x0, 0x0, 0x3a, 0xfe,
    0xff, 0xff, 0xff, 0x3c, 0x8, 0xff, 0xff, 0xff,
    0xff, 0x4, 0x0, 0x0, 0x0, 0x0, 0x0, 0x0,
    0x0, 0x0, 0x0, 0x0, 0x0, 0x0, 0x0, 0x0,
    0x0, 0x0, 0x3, 0xce, 0xff, 0xff, 0xff, 0xa2,
    0x0, 0x8, 0xff, 0xff, 0xff, 0xff, 0x4, 0x0,
    0x0, 0x0, 0x0, 0x0, 0x0, 0x0, 0x0, 0x0,
    0x0, 0x0, 0x0, 0x0, 0x0, 0x0, 0x0, 0x6b,
    0xff, 0xff, 0xff, 0xf1, 0x17, 0x0, 0x8, 0xff,
    0xff, 0xff, 0xff, 0xc8, 0xc8, 0xc8, 0xc8, 0xc8,
    0xc8, 0xc8, 0xc8, 0x7d, 0x0, 0x0, 0x0, 0x0,
    0x0, 0x0, 0x0, 0x14, 0xee, 0xff, 0xff, 0xff,
    0x6f, 0x0, 0x0, 0x8, 0xff, 0xff, 0xff, 0xff,
    0xff, 0xff, 0xff, 0xff, 0xff, 0xff, 0xff, 0xff,
    0xa0, 0x0, 0x0, 0x0, 0x0, 0x0, 0x0, 0x0,
    0x9c, 0xff, 0xff, 0xff, 0xd2, 0x3, 0x0, 0x0,
    0x8, 0xff, 0xff, 0xff, 0xff, 0xff, 0xff, 0xff,
    0xff, 0xff, 0xff, 0xff, 0xff, 0xa0, 0x0, 0x0,
    0x0, 0x0, 0x0, 0x0, 0x36, 0xfe, 0xff, 0xff,
    0xff, 0x3d, 0x0, 0x0, 0x0, 0x8, 0xff, 0xff,
    0xff, 0xff, 0xff, 0xff, 0xff, 0xff, 0xff, 0xff,
    0xff, 0xff, 0xa0, 0x0, 0x0, 0x0, 0x0, 0x0,
    0x2, 0xcb, 0xff, 0xff, 0xff, 0xff, 0xff, 0xff,
    0xff, 0xff, 0xff, 0xff, 0xff, 0xff, 0xff, 0x4,
    0x0, 0x0, 0x0, 0x0, 0x0, 0x0, 0x0, 0x0,
    0x0, 0x0, 0x0, 0x0, 0x0, 0x66, 0xff, 0xff,
    0xff, 0xff, 0xff, 0xff, 0xff, 0xff, 0xff, 0xff,
    0xff, 0xff, 0xff, 0xff, 0x4, 0x0, 0x0, 0x0,
    0x0, 0x0, 0x0, 0x0, 0x0, 0x0, 0x0, 0x0,
    0x0, 0x12, 0xec, 0xff, 0xff, 0xff, 0xff, 0xff,
    0xff, 0xff, 0xff, 0xff, 0xff, 0xff, 0xff, 0xff,
    0xff, 0x4, 0x0, 0x0, 0x0, 0x0, 0x0, 0x0,
    0x0, 0x0, 0x0, 0x0, 0x0, 0x0, 0x98, 0xff,
    0xff, 0xff, 0xf2, 0xcc, 0xcc, 0xcc, 0xcc, 0xcc,
    0xcc, 0xcd, 0xff, 0xff, 0xff, 0xff, 0x4, 0x0,
    0x0, 0x0, 0x0, 0x0, 0x0, 0x0, 0x0, 0x0,
    0x0, 0x0, 0x33, 0xfd, 0xff, 0xff, 0xff, 0x66,
    0x0, 0x0, 0x0, 0x0, 0x0, 0x0, 0x8, 0xff,
    0xff, 0xff, 0xff, 0x4, 0x0, 0x0, 0x0, 0x0,
    0x0, 0x0, 0x0, 0x0, 0x0, 0x0, 0x1, 0xc7,
    0xff, 0xff, 0xff, 0xd2, 0x3, 0x0, 0x0, 0x0,
    0x0, 0x0, 0x0, 0x8, 0xff, 0xff, 0xff, 0xff,
    0xcc, 0xcc, 0xcc, 0xcc, 0xcc, 0xcc, 0xcc, 0xcc,
    0xcc, 0x79, 0x0, 0x62, 0xff, 0xff, 0xff, 0xff,
    0x45, 0x0, 0x0, 0x0, 0x0, 0x0, 0x0, 0x0,
    0x8, 0xff, 0xff, 0xff, 0xff, 0xff, 0xff, 0xff,
    0xff, 0xff, 0xff, 0xff, 0xff, 0xff, 0x98, 0x10,
    0xea, 0xff, 0xff, 0xff, 0xb4, 0x0, 0x0, 0x0,
    0x0, 0x0, 0x0, 0x0, 0x0, 0x8, 0xff, 0xff,
    0xff, 0xff, 0xff, 0xff, 0xff, 0xff, 0xff, 0xff,
    0xff, 0xff, 0xff, 0x98, 0x94, 0xff, 0xff, 0xff,
    0xfb, 0x28, 0x0, 0x0, 0x0, 0x0, 0x0, 0x0,
    0x0, 0x0, 0x8, 0xff, 0xff, 0xff, 0xff, 0xff,
    0xff, 0xff, 0xff, 0xff, 0xff, 0xff, 0xff, 0xff,
    0x98,

    /* U+00C7 "Ç" */
    0x0, 0x0, 0x0, 0x0, 0x0, 0x0, 0xe, 0x5b,
    0xa4, 0xd6, 0xec, 0xf9, 0xe4, 0xcc, 0x8d, 0x3c,
    0x0, 0x0, 0x0, 0x0, 0x0, 0x0, 0x0, 0x0,
    0x9, 0x7b, 0xee, 0xff, 0xff, 0xff, 0xff, 0xff,
    0xff, 0xff, 0xff, 0xff, 0xc1, 0x2f, 0x0, 0x0,
    0x0, 0x0, 0x0, 0x23, 0xd0, 0xff, 0xff, 0xff,
    0xff, 0xff, 0xff, 0xff, 0xff, 0xff, 0xff, 0xff,
    0xff, 0xfa, 0x5b, 0x0, 0x0, 0x0, 0x23, 0xea,
    0xff, 0xff, 0xff, 0xff, 0xff, 0xfb, 0xdf, 0xd2,
    0xe7, 0xff, 0xff, 0xff, 0xff, 0xff, 0xfa, 0x25,
    0x0, 0xc, 0xda, 0xff, 0xff, 0xff, 0xff, 0xc8,
    0x54, 0xd, 0x0, 0x0, 0x0, 0x20, 0x83, 0xf7,
    0xff, 0xf4, 0x4a, 0x0, 0x0, 0x87, 0xff, 0xff,
    0xff, 0xff, 0x78, 0x1, 0x0, 0x0, 0x0, 0x0,
    0x0, 0x0, 0x0, 0x29, 0xca, 0x35, 0x0, 0x0,
    0x15, 0xf8, 0xff, 0xff, 0xff, 0x80, 0x0, 0x0,
    0x0, 0x0, 0x0, 0x0, 0x0, 0x0, 0x0, 0x0,
    0x0, 0x0, 0x0, 0x0, 0x65, 0xff, 0xff, 0xff,
    0xda, 0x5, 0x0, 0x0, 0x0, 0x0, 0x0, 0x0,
    0x0, 0x0, 0x0, 0x0, 0x0, 0x0, 0x0, 0x0,
    0xac, 0xff, 0xff, 0xff, 0x7a, 0x0, 0x0, 0x0,
    0x0, 0x0, 0x0, 0x0, 0x0, 0x0, 0x0, 0x0,
    0x0, 0x0, 0x0, 0x0, 0xca, 0xff, 0xff, 0xff,
    0x41, 0x0, 0x0, 0x0, 0x0, 0x0, 0x0, 0x0,
    0x0, 0x0, 0x0, 0x0, 0x0, 0x0, 0x0, 0x0,
    0xdd, 0xff, 0xff, 0xff, 0x2e, 0x0, 0x0, 0x0,
    0x0, 0x0, 0x0, 0x0, 0x0, 0x0, 0x0, 0x0,
    0x0, 0x0, 0x0, 0x0, 0xcd, 0xff, 0xff, 0xff,
    0x3f, 0x0, 0x0, 0x0, 0x0, 0x0, 0x0, 0x0,
    0x0, 0x0, 0x0, 0x0, 0x0, 0x0, 0x0, 0x0,
    0xaf, 0xff, 0xff, 0xff, 0x76, 0x0, 0x0, 0x0,
    0x0, 0x0, 0x0, 0x0, 0x0, 0x0, 0x0, 0x0,
    0x0, 0x0, 0x0, 0x0, 0x6a, 0xff, 0xff, 0xff,
    0xd5, 0x3, 0x0, 0x0, 0x0, 0x0, 0x0, 0x0,
    0x0, 0x0, 0x0, 0x0, 0x0, 0x0, 0x0, 0x0,
    0x1a, 0xf8, 0xff, 0xff, 0xff, 0x77, 0x0, 0x0,
    0x0, 0x0, 0x0, 0x0, 0x0, 0x0, 0x0, 0x0,
    0x8, 0x12, 0x0, 0x0, 0x0, 0x94, 0xff, 0xff,
    0xff, 0xfe, 0x6b, 0x0, 0x0, 0x0, 0x0, 0x0,
    0x0, 0x0, 0x0, 0x10, 0xbf, 0xda, 0x24, 0x0,
    0x0, 0x11, 0xe0, 0xff, 0xff, 0xff, 0xff, 0xbb,
    0x44, 0x5, 0x0, 0x0, 0x0, 0x10, 0x67, 0xe8,
    0xff, 0xff, 0xeb, 0x39, 0x0, 0x0, 0x34, 0xf0,
    0xff, 0xff, 0xff, 0xff, 0xff, 0xf3, 0xce, 0xc2,
    0xd7, 0xfa, 0xff, 0xff, 0xff, 0xff, 0xff, 0x95,
    0x0, 0x0, 0x0, 0x2d, 0xe1, 0xff, 0xff, 0xff,
    0xff, 0xff, 0xff, 0xff, 0xff, 0xff, 0xff, 0xff,
    0xff, 0xff, 0x98, 0x1, 0x0, 0x0, 0x0, 0x0,
    0xc, 0x8e, 0xf7, 0xff, 0xff, 0xff, 0xff, 0xff,
    0xff, 0xff, 0xff, 0xff, 0xe2, 0x51, 0x0, 0x0,
    0x0, 0x0, 0x0, 0x0, 0x0, 0x0, 0x12, 0x6e,
    0xb0, 0xe7, 0xff, 0xfe, 0xec, 0xd3, 0xa3, 0x50,
    0x8, 0x0, 0x0, 0x0, 0x0, 0x0, 0x0, 0x0,
    0x0, 0x0, 0x0, 0x0, 0x0, 0x8c, 0xff, 0x92,
    0x13, 0x0, 0x0, 0x0, 0x0, 0x0, 0x0, 0x0,
    0x0, 0x0, 0x0, 0x0, 0x0, 0x0, 0x0, 0x0,
    0xd, 0xf0, 0xff, 0xff, 0xff, 0xa1, 0x3, 0x0,
    0x0, 0x0, 0x0, 0x0, 0x0, 0x0, 0x0, 0x0,
    0x0, 0x0, 0x0, 0x0, 0x3, 0x4e, 0x9b, 0x6e,
    0xe7, 0xff, 0x64, 0x0, 0x0, 0x0, 0x0, 0x0,
    0x0, 0x0, 0x0, 0x0, 0x0, 0x0, 0x0, 0x0,
    0x7, 0x53, 0x5f, 0x5, 0xb7, 0xff, 0x8a, 0x0,
    0x0, 0x0, 0x0, 0x0, 0x0, 0x0, 0x0, 0x0,
    0x0, 0x0, 0x0, 0x0, 0x47, 0xff, 0xff, 0xfa,
    0xff, 0xff, 0x45, 0x0, 0x0, 0x0, 0x0, 0x0,
    0x0, 0x0, 0x0, 0x0, 0x0, 0x0, 0x0, 0x0,
    0x0, 0x59, 0xd8, 0xf6, 0xd4, 0x5c, 0x0, 0x0,
    0x0, 0x0, 0x0, 0x0,

    /* U+00C8 "È" */
    0x0, 0x0, 0x1, 0xbe, 0xff, 0xff, 0xff, 0xab,
    0x0, 0x0, 0x0, 0x0, 0x0, 0x0, 0x0, 0x0,
    0x0, 0x21, 0xf4, 0xff, 0xff, 0xf3, 0x7, 0x0,
    0x0, 0x0, 0x0, 0x0, 0x0, 0x0, 0x0, 0x0,
    0x6c, 0xff, 0xff, 0xff, 0x4a, 0x0, 0x0, 0x0,
    0x0, 0x0, 0x0, 0x0, 0x0, 0x0, 0x1, 0xc0,
    0xff, 0xff, 0x99, 0x0, 0x0, 0x0, 0x0, 0x0,
    0x0, 0x0, 0x0, 0x0, 0x0, 0x3, 0x8, 0x8,
    0x6, 0x0, 0x0, 0x0, 0x0, 0x0, 0x0, 0x0,
    0x0, 0x0, 0x0, 0x0, 0x0, 0x0, 0x0, 0x0,
    0x0, 0x0, 0x0, 0x0, 0xd8, 0xff, 0xff, 0xff,
    0xff, 0xff, 0xff, 0xff, 0xff, 0xff, 0xff, 0xff,
    0xff, 0xc8, 0xd8, 0xff, 0xff, 0xff, 0xff, 0xff,
    0xff, 0xff, 0xff, 0xff, 0xff, 0xff, 0xff, 0xc8,
    0xd8, 0xff, 0xff, 0xff, 0xff, 0xff, 0xff, 0xff,
    0xff, 0xff, 0xff, 0xff, 0xff, 0xc8, 0xd8, 0xff,
    0xff, 0xff, 0xd6, 0xcc, 0xcc, 0xcc, 0xcc, 0xcc,
    0xcc, 0xcc, 0xcc, 0x9f, 0xd8, 0xff, 0xff, 0xff,
    0x34, 0x0, 0x0, 0x0, 0x0, 0x0, 0x0, 0x0,
    0x0, 0x0, 0xd8, 0xff, 0xff, 0xff, 0x34, 0x0,
    0x0, 0x0, 0x0, 0x0, 0x0, 0x0, 0x0, 0x0,
    0xd8, 0xff, 0xff, 0xff, 0x34, 0x0, 0x0, 0x0,
    0x0, 0x0, 0x0, 0x0, 0x0, 0x0, 0xd8, 0xff,
    0xff, 0xff, 0x34, 0x0, 0x0, 0x0, 0x0, 0x0,
    0x0, 0x0, 0x0, 0x0, 0xd8, 0xff, 0xff, 0xff,
    0xd3, 0xc8, 0xc8, 0xc8, 0xc8, 0xc8, 0xc8, 0xc8,
    0xa2, 0x0, 0xd8, 0xff, 0xff, 0xff, 0xff, 0xff,
    0xff, 0xff, 0xff, 0xff, 0xff, 0xff, 0xd0, 0x0,
    0xd8, 0xff, 0xff, 0xff, 0xff, 0xff, 0xff, 0xff,
    0xff, 0xff, 0xff, 0xff, 0xd0, 0x0, 0xd8, 0xff,
    0xff, 0xff, 0xff, 0xff, 0xff, 0xff, 0xff, 0xff,
    0xff, 0xff, 0xd0, 0x0, 0xd8, 0xff, 0xff, 0xff,
    0x34, 0x0, 0x0, 0x0, 0x0, 0x0, 0x0, 0x0,
    0x0, 0x0, 0xd8, 0xff, 0xff, 0xff, 0x34, 0x0,
    0x0, 0x0, 0x0, 0x0, 0x0, 0x0, 0x0, 0x0,
    0xd8, 0xff, 0xff, 0xff, 0x34, 0x0, 0x0, 0x0,
    0x0, 0x0, 0x0, 0x0, 0x0, 0x0, 0xd8, 0xff,
    0xff, 0xff, 0x34, 0x0, 0x0, 0x0, 0x0, 0x0,
    0x0, 0x0, 0x0, 0x0, 0xd8, 0xff, 0xff, 0xff,
    0x34, 0x0, 0x0, 0x0, 0x0, 0x0, 0x0, 0x0,
    0x0, 0x0, 0xd8, 0xff, 0xff, 0xff, 0xd6, 0xcc,
    0xcc, 0xcc, 0xcc, 0xcc, 0xcc, 0xcc, 0xcc, 0x9f,
    0xd8, 0xff, 0xff, 0xff, 0xff, 0xff, 0xff, 0xff,
    0xff, 0xff, 0xff, 0xff, 0xff, 0xc8, 0xd8, 0xff,
    0xff, 0xff, 0xff, 0xff, 0xff, 0xff, 0xff, 0xff,
    0xff, 0xff, 0xff, 0xc8, 0xd8, 0xff, 0xff, 0xff,
    0xff, 0xff, 0xff, 0xff, 0xff, 0xff, 0xff, 0xff,
    0xff, 0xc8,

    /* U+00C9 "É" */
    0x0, 0x0, 0x0, 0x0, 0x0, 0x0, 0xa4, 0xff,
    0xff, 0xff, 0xc3, 0x2, 0x0, 0x0, 0x0, 0x0,
    0x0, 0x0, 0x0, 0x4, 0xee, 0xff, 0xff, 0xf5,
    0x24, 0x0, 0x0, 0x0, 0x0, 0x0, 0x0, 0x0,
    0x0, 0x43, 0xff, 0xff, 0xff, 0x6e, 0x0, 0x0,
    0x0, 0x0, 0x0, 0x0, 0x0, 0x0, 0x0, 0x92,
    0xff, 0xff, 0xc1, 0x1, 0x0, 0x0, 0x0, 0x0,
    0x0, 0x0, 0x0, 0x0, 0x0, 0x5, 0x8, 0x8,
    0x3, 0x0, 0x0, 0x0, 0x0, 0x0, 0x0, 0x0,
    0x0, 0x0, 0x0, 0x0, 0x0, 0x0, 0x0, 0x0,
    0x0, 0x0, 0x0, 0x0, 0xd8, 0xff, 0xff, 0xff,
    0xff, 0xff, 0xff, 0xff, 0xff, 0xff, 0xff, 0xff,
    0xff, 0xc8, 0xd8, 0xff, 0xff, 0xff, 0xff, 0xff,
    0xff, 0xff, 0xff, 0xff, 0xff, 0xff, 0xff, 0xc8,
    0xd8, 0xff, 0xff, 0xff, 0xff, 0xff, 0xff, 0xff,
    0xff, 0xff, 0xff, 0xff, 0xff, 0xc8, 0xd8, 0xff,
    0xff, 0xff, 0xd6, 0xcc, 0xcc, 0xcc, 0xcc, 0xcc,
    0xcc, 0xcc, 0xcc, 0x9f, 0xd8, 0xff, 0xff, 0xff,
    0x34, 0x0, 0x0, 0x0, 0x0, 0x0, 0x0, 0x0,
    0x0, 0x0, 0xd8, 0xff, 0xff, 0xff, 0x34, 0x0,
    0x0, 0x0, 0x0, 0x0, 0x0, 0x0, 0x0, 0x0,
    0xd8, 0xff, 0xff, 0xff, 0x34, 0x0, 0x0, 0x0,
    0x0, 0x0, 0x0, 0x0, 0x0, 0x0, 0xd8, 0xff,
    0xff, 0xff, 0x34, 0x0, 0x0, 0x0, 0x0, 0x0,
    0x0, 0x0, 0x0, 0x0, 0xd8, 0xff, 0xff, 0xff,
    0xd3, 0xc8, 0xc8, 0xc8, 0xc8, 0xc8, 0xc8, 0xc8,
    0xa2, 0x0, 0xd8, 0xff, 0xff, 0xff, 0xff, 0xff,
    0xff, 0xff, 0xff, 0xff, 0xff, 0xff, 0xd0, 0x0,
    0xd8, 0xff, 0xff, 0xff, 0xff, 0xff, 0xff, 0xff,
    0xff, 0xff, 0xff, 0xff, 0xd0, 0x0, 0xd8, 0xff,
    0xff, 0xff, 0xff, 0xff, 0xff, 0xff, 0xff, 0xff,
    0xff, 0xff, 0xd0, 0x0, 0xd8, 0xff, 0xff, 0xff,
    0x34, 0x0, 0x0, 0x0, 0x0, 0x0, 0x0, 0x0,
    0x0, 0x0, 0xd8, 0xff, 0xff, 0xff, 0x34, 0x0,
    0x0, 0x0, 0x0, 0x0, 0x0, 0x0, 0x0, 0x0,
    0xd8, 0xff, 0xff, 0xff, 0x34, 0x0, 0x0, 0x0,
    0x0, 0x0, 0x0, 0x0, 0x0, 0x0, 0xd8, 0xff,
    0xff, 0xff, 0x34, 0x0, 0x0, 0x0, 0x0, 0x0,
    0x0, 0x0, 0x0, 0x0, 0xd8, 0xff, 0xff, 0xff,
    0x34, 0x0, 0x0, 0x0, 0x0, 0x0, 0x0, 0x0,
    0x0, 0x0, 0xd8, 0xff, 0xff, 0xff, 0xd6, 0xcc,
    0xcc, 0xcc, 0xcc, 0xcc, 0xcc, 0xcc, 0xcc, 0x9f,
    0xd8, 0xff, 0xff, 0xff, 0xff, 0xff, 0xff, 0xff,
    0xff, 0xff, 0xff, 0xff, 0xff, 0xc8, 0xd8, 0xff,
    0xff, 0xff, 0xff, 0xff, 0xff, 0xff, 0xff, 0xff,
    0xff, 0xff, 0xff, 0xc8, 0xd8, 0xff, 0xff, 0xff,
    0xff, 0xff, 0xff, 0xff, 0xff, 0xff, 0xff, 0xff,
    0xff, 0xc8,

    /* U+00CA "Ê" */
    0x0, 0x0, 0x0, 0x0, 0x36, 0xf5, 0xff, 0xff,
    0xf0, 0x28, 0x0, 0x0, 0x0, 0x0, 0x0, 0x0,
    0x0, 0x23, 0xea, 0xff, 0xff, 0xff, 0xff, 0xda,
    0x11, 0x0, 0x0, 0x0, 0x0, 0x0, 0x14, 0xda,
    0xff, 0xff, 0xa8, 0xb2, 0xff, 0xff, 0xba, 0x3,
    0x0, 0x0, 0x0, 0x7, 0xc6, 0xff, 0xff, 0xeb,
    0x14, 0x1b, 0xf2, 0xff, 0xff, 0x90, 0x0, 0x0,
    0x0, 0x5, 0x24, 0x24, 0x24, 0x16, 0x0, 0x0,
    0x19, 0x24, 0x24, 0x23, 0x1, 0x0, 0x0, 0x0,
    0x0, 0x0, 0x0, 0x0, 0x0, 0x0, 0x0, 0x0,
    0x0, 0x0, 0x0, 0x0, 0xd8, 0xff, 0xff, 0xff,
    0xff, 0xff, 0xff, 0xff, 0xff, 0xff, 0xff, 0xff,
    0xff, 0xc8, 0xd8, 0xff, 0xff, 0xff, 0xff, 0xff,
    0xff, 0xff, 0xff, 0xff, 0xff, 0xff, 0xff, 0xc8,
    0xd8, 0xff, 0xff, 0xff, 0xff, 0xff, 0xff, 0xff,
    0xff, 0xff, 0xff, 0xff, 0xff, 0xc8, 0xd8, 0xff,
    0xff, 0xff, 0xd6, 0xcc, 0xcc, 0xcc, 0xcc, 0xcc,
    0xcc, 0xcc, 0xcc, 0x9f, 0xd8, 0xff, 0xff, 0xff,
    0x34, 0x0, 0x0, 0x0, 0x0, 0x0, 0x0, 0x0,
    0x0, 0x0, 0xd8, 0xff, 0xff, 0xff, 0x34, 0x0,
    0x0, 0x0, 0x0, 0x0, 0x0, 0x0, 0x0, 0x0,
    0xd8, 0xff, 0xff, 0xff, 0x34, 0x0, 0x0, 0x0,
    0x0, 0x0, 0x0, 0x0, 0x0, 0x0, 0xd8, 0xff,
    0xff, 0xff, 0x34, 0x0, 0x0, 0x0, 0x0, 0x0,
    0x0, 0x0, 0x0, 0x0, 0xd8, 0xff, 0xff, 0xff,
    0xd3, 0xc8, 0xc8, 0xc8, 0xc8, 0xc8, 0xc8, 0xc8,
    0xa2, 0x0, 0xd8, 0xff, 0xff, 0xff, 0xff, 0xff,
    0xff, 0xff, 0xff, 0xff, 0xff, 0xff, 0xd0, 0x0,
    0xd8, 0xff, 0xff, 0xff, 0xff, 0xff, 0xff, 0xff,
    0xff, 0xff, 0xff, 0xff, 0xd0, 0x0, 0xd8, 0xff,
    0xff, 0xff, 0xff, 0xff, 0xff, 0xff, 0xff, 0xff,
    0xff, 0xff, 0xd0, 0x0, 0xd8, 0xff, 0xff, 0xff,
    0x34, 0x0, 0x0, 0x0, 0x0, 0x0, 0x0, 0x0,
    0x0, 0x0, 0xd8, 0xff, 0xff, 0xff, 0x34, 0x0,
    0x0, 0x0, 0x0, 0x0, 0x0, 0x0, 0x0, 0x0,
    0xd8, 0xff, 0xff, 0xff, 0x34, 0x0, 0x0, 0x0,
    0x0, 0x0, 0x0, 0x0, 0x0, 0x0, 0xd8, 0xff,
    0xff, 0xff, 0x34, 0x0, 0x0, 0x0, 0x0, 0x0,
    0x0, 0x0, 0x0, 0x0, 0xd8, 0xff, 0xff, 0xff,
    0x34, 0x0, 0x0, 0x0, 0x0, 0x0, 0x0, 0x0,
    0x0, 0x0, 0xd8, 0xff, 0xff, 0xff, 0xd6, 0xcc,
    0xcc, 0xcc, 0xcc, 0xcc, 0xcc, 0xcc, 0xcc, 0x9f,
    0xd8, 0xff, 0xff, 0xff, 0xff, 0xff, 0xff, 0xff,
    0xff, 0xff, 0xff, 0xff, 0xff, 0xc8, 0xd8, 0xff,
    0xff, 0xff, 0xff, 0xff, 0xff, 0xff, 0xff, 0xff,
    0xff, 0xff, 0xff, 0xc8, 0xd8, 0xff, 0xff, 0xff,
    0xff, 0xff, 0xff, 0xff, 0xff, 0xff, 0xff, 0xff,
    0xff, 0xc8,

    /* U+00CB "Ë" */
    0x0, 0x0, 0x57, 0xe5, 0xe6, 0x54, 0x0, 0x0,
    0x91, 0xf1, 0xcc, 0x27, 0x0, 0x0, 0x0, 0xb,
    0xf7, 0xff, 0xff, 0xf4, 0x6, 0x4b, 0xff, 0xff,
    0xff, 0xb6, 0x0, 0x0, 0x0, 0x14, 0xff, 0xff,
    0xff, 0xfe, 0xe, 0x5c, 0xff, 0xff, 0xff, 0xc8,
    0x0, 0x0, 0x0, 0x0, 0x8f, 0xff, 0xff, 0x8b,
    0x0, 0xa, 0xcd, 0xff, 0xf7, 0x4b, 0x0, 0x0,
    0x0, 0x0, 0x0, 0x2a, 0x29, 0x0, 0x0, 0x0,
    0x5, 0x35, 0x18, 0x0, 0x0, 0x0, 0x0, 0x0,
    0x0, 0x0, 0x0, 0x0, 0x0, 0x0, 0x0, 0x0,
    0x0, 0x0, 0x0, 0x0, 0xd8, 0xff, 0xff, 0xff,
    0xff, 0xff, 0xff, 0xff, 0xff, 0xff, 0xff, 0xff,
    0xff, 0xc8, 0xd8, 0xff, 0xff, 0xff, 0xff, 0xff,
    0xff, 0xff, 0xff, 0xff, 0xff, 0xff, 0xff, 0xc8,
    0xd8, 0xff, 0xff, 0xff, 0xff, 0xff, 0xff, 0xff,
    0xff, 0xff, 0xff, 0xff, 0xff, 0xc8, 0xd8, 0xff,
    0xff, 0xff, 0xd6, 0xcc, 0xcc, 0xcc, 0xcc, 0xcc,
    0xcc, 0xcc, 0xcc, 0x9f, 0xd8, 0xff, 0xff, 0xff,
    0x34, 0x0, 0x0, 0x0, 0x0, 0x0, 0x0, 0x0,
    0x0, 0x0, 0xd8, 0xff, 0xff, 0xff, 0x34, 0x0,
    0x0, 0x0, 0x0, 0x0, 0x0, 0x0, 0x0, 0x0,
    0xd8, 0xff, 0xff, 0xff, 0x34, 0x0, 0x0, 0x0,
    0x0, 0x0, 0x0, 0x0, 0x0, 0x0, 0xd8, 0xff,
    0xff, 0xff, 0x34, 0x0, 0x0, 0x0, 0x0, 0x0,
    0x0, 0x0, 0x0, 0x0, 0xd8, 0xff, 0xff, 0xff,
    0xd3, 0xc8, 0xc8, 0xc8, 0xc8, 0xc8, 0xc8, 0xc8,
    0xa2, 0x0, 0xd8, 0xff, 0xff, 0xff, 0xff, 0xff,
    0xff, 0xff, 0xff, 0xff, 0xff, 0xff, 0xd0, 0x0,
    0xd8, 0xff, 0xff, 0xff, 0xff, 0xff, 0xff, 0xff,
    0xff, 0xff, 0xff, 0xff, 0xd0, 0x0, 0xd8, 0xff,
    0xff, 0xff, 0xff, 0xff, 0xff, 0xff, 0xff, 0xff,
    0xff, 0xff, 0xd0, 0x0, 0xd8, 0xff, 0xff, 0xff,
    0x34, 0x0, 0x0, 0x0, 0x0, 0x0, 0x0, 0x0,
    0x0, 0x0, 0xd8, 0xff, 0xff, 0xff, 0x34, 0x0,
    0x0, 0x0, 0x0, 0x0, 0x0, 0x0, 0x0, 0x0,
    0xd8, 0xff, 0xff, 0xff, 0x34, 0x0, 0x0, 0x0,
    0x0, 0x0, 0x0, 0x0, 0x0, 0x0, 0xd8, 0xff,
    0xff, 0xff, 0x34, 0x0, 0x0, 0x0, 0x0, 0x0,
    0x0, 0x0, 0x0, 0x0, 0xd8, 0xff, 0xff, 0xff,
    0x34, 0x0, 0x0, 0x0, 0x0, 0x0, 0x0, 0x0,
    0x0, 0x0, 0xd8, 0xff, 0xff, 0xff, 0xd6, 0xcc,
    0xcc, 0xcc, 0xcc, 0xcc, 0xcc, 0xcc, 0xcc, 0x9f,
    0xd8, 0xff, 0xff, 0xff, 0xff, 0xff, 0xff, 0xff,
    0xff, 0xff, 0xff, 0xff, 0xff, 0xc8, 0xd8, 0xff,
    0xff, 0xff, 0xff, 0xff, 0xff, 0xff, 0xff, 0xff,
    0xff, 0xff, 0xff, 0xc8, 0xd8, 0xff, 0xff, 0xff,
    0xff, 0xff, 0xff, 0xff, 0xff, 0xff, 0xff, 0xff,
    0xff, 0xc8,

    /* U+00CC "Ì" */
    0x7c, 0xff, 0xff, 0xff, 0xe9, 0x2, 0x0, 0x4,
    0xce, 0xff, 0xff, 0xff, 0x3c, 0x0, 0x0, 0x2f,
    0xfa, 0xff, 0xff, 0x8c, 0x0, 0x0, 0x0, 0x82,
    0xff, 0xff, 0xdc, 0x0, 0x0, 0x0, 0x1, 0x8,
    0x8, 0x8, 0x0, 0x0, 0x0, 0x0, 0x0, 0x0,
    0x0, 0x0, 0x0, 0x0, 0xd8, 0xff, 0xff, 0xff,
    0x34, 0x0, 0x0, 0xd8, 0xff, 0xff, 0xff, 0x34,
    0x0, 0x0, 0xd8, 0xff, 0xff, 0xff, 0x34, 0x0,
    0x0, 0xd8, 0xff, 0xff, 0xff, 0x34, 0x0, 0x0,
    0xd8, 0xff, 0xff, 0xff, 0x34, 0x0, 0x0, 0xd8,
    0xff, 0xff, 0xff, 0x34, 0x0, 0x0, 0xd8, 0xff,
    0xff, 0xff, 0x34, 0x0, 0x0, 0xd8, 0xff, 0xff,
    0xff, 0x34, 0x0, 0x0, 0xd8, 0xff, 0xff, 0xff,
    0x34, 0x0, 0x0, 0xd8, 0xff, 0xff, 0xff, 0x34,
    0x0, 0x0, 0xd8, 0xff, 0xff, 0xff, 0x34, 0x0,
    0x0, 0xd8, 0xff, 0xff, 0xff, 0x34, 0x0, 0x0,
    0xd8, 0xff, 0xff, 0xff, 0x34, 0x0, 0x0, 0xd8,
    0xff, 0xff, 0xff, 0x34, 0x0, 0x0, 0xd8, 0xff,
    0xff, 0xff, 0x34, 0x0, 0x0, 0xd8, 0xff, 0xff,
    0xff, 0x34, 0x0, 0x0, 0xd8, 0xff, 0xff, 0xff,
    0x34, 0x0, 0x0, 0xd8, 0xff, 0xff, 0xff, 0x34,
    0x0, 0x0, 0xd8, 0xff, 0xff, 0xff, 0x34, 0x0,
    0x0, 0xd8, 0xff, 0xff, 0xff, 0x34, 0x0, 0x0,
    0xd8, 0xff, 0xff, 0xff, 0x34,

    /* U+00CD "Í" */
    0x0, 0x80, 0xff, 0xff, 0xff, 0xde, 0xb, 0x0,
    0xcf, 0xff, 0xff, 0xfe, 0x40, 0x0, 0x1f, 0xff,
    0xff, 0xff, 0x92, 0x0, 0x0, 0x6e, 0xff, 0xff,
    0xdc, 0xa, 0x0, 0x0, 0x4, 0x8, 0x8, 0x4,
    0x0, 0x0, 0x0, 0x0, 0x0, 0x0, 0x0, 0x0,
    0x0, 0x0, 0xd8, 0xff, 0xff, 0xff, 0x34, 0x0,
    0x0, 0xd8, 0xff, 0xff, 0xff, 0x34, 0x0, 0x0,
    0xd8, 0xff, 0xff, 0xff, 0x34, 0x0, 0x0, 0xd8,
    0xff, 0xff, 0xff, 0x34, 0x0, 0x0, 0xd8, 0xff,
    0xff, 0xff, 0x34, 0x0, 0x0, 0xd8, 0xff, 0xff,
    0xff, 0x34, 0x0, 0x0, 0xd8, 0xff, 0xff, 0xff,
    0x34, 0x0, 0x0, 0xd8, 0xff, 0xff, 0xff, 0x34,
    0x0, 0x0, 0xd8, 0xff, 0xff, 0xff, 0x34, 0x0,
    0x0, 0xd8, 0xff, 0xff, 0xff, 0x34, 0x0, 0x0,
    0xd8, 0xff, 0xff, 0xff, 0x34, 0x0, 0x0, 0xd8,
    0xff, 0xff, 0xff, 0x34, 0x0, 0x0, 0xd8, 0xff,
    0xff, 0xff, 0x34, 0x0, 0x0, 0xd8, 0xff, 0xff,
    0xff, 0x34, 0x0, 0x0, 0xd8, 0xff, 0xff, 0xff,
    0x34, 0x0, 0x0, 0xd8, 0xff, 0xff, 0xff, 0x34,
    0x0, 0x0, 0xd8, 0xff, 0xff, 0xff, 0x34, 0x0,
    0x0, 0xd8, 0xff, 0xff, 0xff, 0x34, 0x0, 0x0,
    0xd8, 0xff, 0xff, 0xff, 0x34, 0x0, 0x0, 0xd8,
    0xff, 0xff, 0xff, 0x34, 0x0, 0x0, 0xd8, 0xff,
    0xff, 0xff, 0x34, 0x0, 0x0,

    /* U+00CE "Î" */
    0x0, 0x0, 0x16, 0xde, 0xff, 0xff, 0xfe, 0x52,
    0x0, 0x0, 0x0, 0x0, 0xa, 0xca, 0xff, 0xff,
    0xff, 0xff, 0xf4, 0x30, 0x0, 0x0, 0x3, 0xb3,
    0xff, 0xff, 0xd3, 0x87, 0xff, 0xff, 0xe1, 0x16,
    0x0, 0x96, 0xff, 0xff, 0xfd, 0x39, 0x4, 0xcf,
    0xff, 0xff, 0xc5, 0x6, 0x21, 0x24, 0x24, 0x1e,
    0x0, 0x0, 0x10, 0x24, 0x24, 0x24, 0x9, 0x0,
    0x0, 0x0, 0x0, 0x0, 0x0, 0x0, 0x0, 0x0,
    0x0, 0x0, 0x0, 0x0, 0x0, 0xd8, 0xff, 0xff,
    0xff, 0x34, 0x0, 0x0, 0x0, 0x0, 0x0, 0x0,
    0xd8, 0xff, 0xff, 0xff, 0x34, 0x0, 0x0, 0x0,
    0x0, 0x0, 0x0, 0xd8, 0xff, 0xff, 0xff, 0x34,
    0x0, 0x0, 0x0, 0x0, 0x0, 0x0, 0xd8, 0xff,
    0xff, 0xff, 0x34, 0x0, 0x0, 0x0, 0x0, 0x0,
    0x0, 0xd8, 0xff, 0xff, 0xff, 0x34, 0x0, 0x0,
    0x0, 0x0, 0x0, 0x0, 0xd8, 0xff, 0xff, 0xff,
    0x34, 0x0, 0x0, 0x0, 0x0, 0x0, 0x0, 0xd8,
    0xff, 0xff, 0xff, 0x34, 0x0, 0x0, 0x0, 0x0,
    0x0, 0x0, 0xd8, 0xff, 0xff, 0xff, 0x34, 0x0,
    0x0, 0x0, 0x0, 0x0, 0x0, 0xd8, 0xff, 0xff,
    0xff, 0x34, 0x0, 0x0, 0x0, 0x0, 0x0, 0x0,
    0xd8, 0xff, 0xff, 0xff, 0x34, 0x0, 0x0, 0x0,
    0x0, 0x0, 0x0, 0xd8, 0xff, 0xff, 0xff, 0x34,
    0x0, 0x0, 0x0, 0x0, 0x0, 0x0, 0xd8, 0xff,
    0xff, 0xff, 0x34, 0x0, 0x0, 0x0, 0x0, 0x0,
    0x0, 0xd8, 0xff, 0xff, 0xff, 0x34, 0x0, 0x0,
    0x0, 0x0, 0x0, 0x0, 0xd8, 0xff, 0xff, 0xff,
    0x34, 0x0, 0x0, 0x0, 0x0, 0x0, 0x0, 0xd8,
    0xff, 0xff, 0xff, 0x34, 0x0, 0x0, 0x0, 0x0,
    0x0, 0x0, 0xd8, 0xff, 0xff, 0xff, 0x34, 0x0,
    0x0, 0x0, 0x0, 0x0, 0x0, 0xd8, 0xff, 0xff,
    0xff, 0x34, 0x0, 0x0, 0x0, 0x0, 0x0, 0x0,
    0xd8, 0xff, 0xff, 0xff, 0x34, 0x0, 0x0, 0x0,
    0x0, 0x0, 0x0, 0xd8, 0xff, 0xff, 0xff, 0x34,
    0x0, 0x0, 0x0, 0x0, 0x0, 0x0, 0xd8, 0xff,
    0xff, 0xff, 0x34, 0x0, 0x0, 0x0, 0x0, 0x0,
    0x0, 0xd8, 0xff, 0xff, 0xff, 0x34, 0x0, 0x0,
    0x0,

    /* U+00CF "Ï" */
    0x5, 0xa5, 0xf3, 0xbc, 0x13, 0x0, 0x7e, 0xf0,
    0xd3, 0x2d, 0x5e, 0xff, 0xff, 0xff, 0x89, 0x2e,
    0xff, 0xff, 0xff, 0xba, 0x63, 0xff, 0xff, 0xff,
    0x8e, 0x32, 0xff, 0xff, 0xff, 0xbf, 0x8, 0xb9,
    0xff, 0xd1, 0x1a, 0x0, 0x91, 0xfc, 0xe6, 0x38,
    0x0, 0x0, 0x8, 0x0, 0x0, 0x0, 0x0, 0x7,
    0x1, 0x0, 0x0, 0x0, 0x0, 0x0, 0x0, 0x0,
    0x0, 0x0, 0x0, 0x0, 0x0, 0x0, 0x0, 0xd8,
    0xff, 0xff, 0xff, 0x34, 0x0, 0x0, 0x0, 0x0,
    0x0, 0xd8, 0xff, 0xff, 0xff, 0x34, 0x0, 0x0,
    0x0, 0x0, 0x0, 0xd8, 0xff, 0xff, 0xff, 0x34,
    0x0, 0x0, 0x0, 0x0, 0x0, 0xd8, 0xff, 0xff,
    0xff, 0x34, 0x0, 0x0, 0x0, 0x0, 0x0, 0xd8,
    0xff, 0xff, 0xff, 0x34, 0x0, 0x0, 0x0, 0x0,
    0x0, 0xd8, 0xff, 0xff, 0xff, 0x34, 0x0, 0x0,
    0x0, 0x0, 0x0, 0xd8, 0xff, 0xff, 0xff, 0x34,
    0x0, 0x0, 0x0, 0x0, 0x0, 0xd8, 0xff, 0xff,
    0xff, 0x34, 0x0, 0x0, 0x0, 0x0, 0x0, 0xd8,
    0xff, 0xff, 0xff, 0x34, 0x0, 0x0, 0x0, 0x0,
    0x0, 0xd8, 0xff, 0xff, 0xff, 0x34, 0x0, 0x0,
    0x0, 0x0, 0x0, 0xd8, 0xff, 0xff, 0xff, 0x34,
    0x0, 0x0, 0x0, 0x0, 0x0, 0xd8, 0xff, 0xff,
    0xff, 0x34, 0x0, 0x0, 0x0, 0x0, 0x0, 0xd8,
    0xff, 0xff, 0xff, 0x34, 0x0, 0x0, 0x0, 0x0,
    0x0, 0xd8, 0xff, 0xff, 0xff, 0x34, 0x0, 0x0,
    0x0, 0x0, 0x0, 0xd8, 0xff, 0xff, 0xff, 0x34,
    0x0, 0x0, 0x0, 0x0, 0x0, 0xd8, 0xff, 0xff,
    0xff, 0x34, 0x0, 0x0, 0x0, 0x0, 0x0, 0xd8,
    0xff, 0xff, 0xff, 0x34, 0x0, 0x0, 0x0, 0x0,
    0x0, 0xd8, 0xff, 0xff, 0xff, 0x34, 0x0, 0x0,
    0x0, 0x0, 0x0, 0xd8, 0xff, 0xff, 0xff, 0x34,
    0x0, 0x0, 0x0, 0x0, 0x0, 0xd8, 0xff, 0xff,
    0xff, 0x34, 0x0, 0x0, 0x0, 0x0, 0x0, 0xd8,
    0xff, 0xff, 0xff, 0x34, 0x0, 0x0,

    /* U+00D0 "Ð" */
    0x0, 0x0, 0xc, 0xff, 0xff, 0xff, 0xff, 0xff,
    0xff, 0xff, 0xf9, 0xe5, 0xce, 0x94, 0x4e, 0x4,
    0x0, 0x0, 0x0, 0x0, 0x0, 0x0, 0x0, 0x0,
    0xc, 0xff, 0xff, 0xff, 0xff, 0xff, 0xff, 0xff,
    0xff, 0xff, 0xff, 0xff, 0xff, 0xdf, 0x64, 0x0,
    0x0, 0x0, 0x0, 0x0, 0x0, 0x0, 0xc, 0xff,
    0xff, 0xff, 0xff, 0xff, 0xff, 0xff, 0xff, 0xff,
    0xff, 0xff, 0xff, 0xff, 0xff, 0xad, 0xd, 0x0,
    0x0, 0x0, 0x0, 0x0, 0xc, 0xff, 0xff, 0xff,
    0xff, 0xcc, 0xcc, 0xcc, 0xd4, 0xe9, 0xff, 0xff,
    0xff, 0xff, 0xff, 0xff, 0xbe, 0x5, 0x0, 0x0,
    0x0, 0x0, 0xc, 0xff, 0xff, 0xff, 0xff, 0x4,
    0x0, 0x0, 0x0, 0x0, 0x1e, 0x72, 0xe5, 0xff,
    0xff, 0xff, 0xff, 0x8e, 0x0, 0x0, 0x0, 0x0,
    0xc, 0xff, 0xff, 0xff, 0xff, 0x4, 0x0, 0x0,
    0x0, 0x0, 0x0, 0x0, 0x11, 0xbc, 0xff, 0xff,
    0xff, 0xfa, 0x21, 0x0, 0x0, 0x0, 0xc, 0xff,
    0xff, 0xff, 0xff, 0x4, 0x0, 0x0, 0x0, 0x0,
    0x0, 0x0, 0x0, 0xd, 0xdc, 0xff, 0xff, 0xff,
    0x90, 0x0, 0x0, 0x0, 0xc, 0xff, 0xff, 0xff,
    0xff, 0x4, 0x0, 0x0, 0x0, 0x0, 0x0, 0x0,
    0x0, 0x0, 0x60, 0xff, 0xff, 0xff, 0xda, 0x0,
    0x14, 0x40, 0x49, 0xff, 0xff, 0xff, 0xff, 0x43,
    0x40, 0x40, 0x40, 0x40, 0x22, 0x0, 0x0, 0x0,
    0x11, 0xfd, 0xff, 0xff, 0xff, 0x15, 0x50, 0xff,
    0xff, 0xff, 0xff, 0xff, 0xff, 0xff, 0xff, 0xff,
    0xff, 0xff, 0x88, 0x0, 0x0, 0x0, 0x0, 0xe0,
    0xff, 0xff, 0xff, 0x2d, 0x50, 0xff, 0xff, 0xff,
    0xff, 0xff, 0xff, 0xff, 0xff, 0xff, 0xff, 0xff,
    0x88, 0x0, 0x0, 0x0, 0x0, 0xd1, 0xff, 0xff,
    0xff, 0x3e, 0x50, 0xff, 0xff, 0xff, 0xff, 0xff,
    0xff, 0xff, 0xff, 0xff, 0xff, 0xff, 0x88, 0x0,
    0x0, 0x0, 0x0, 0xe0, 0xff, 0xff, 0xff, 0x2e,
    0x0, 0x0, 0xc, 0xff, 0xff, 0xff, 0xff, 0x4,
    0x0, 0x0, 0x0, 0x0, 0x0, 0x0, 0x0, 0x0,
    0x10, 0xfd, 0xff, 0xff, 0xff, 0x16, 0x0, 0x0,
    0xc, 0xff, 0xff, 0xff, 0xff, 0x4, 0x0, 0x0,
    0x0, 0x0, 0x0, 0x0, 0x0, 0x0, 0x5f, 0xff,
    0xff, 0xff, 0xdc, 0x0, 0x0, 0x0, 0xc, 0xff,
    0xff, 0xff, 0xff, 0x4, 0x0, 0x0, 0x0, 0x0,
    0x0, 0x0, 0x0, 0xc, 0xdb, 0xff, 0xff, 0xff,
    0x92, 0x0, 0x0, 0x0, 0xc, 0xff, 0xff, 0xff,
    0xff, 0x4, 0x0, 0x0, 0x0, 0x0, 0x0, 0x0,
    0x10, 0xb9, 0xff, 0xff, 0xff, 0xfb, 0x24, 0x0,
    0x0, 0x0, 0xc, 0xff, 0xff, 0xff, 0xff, 0x4,
    0x0, 0x0, 0x0, 0x0, 0x1b, 0x6d, 0xe3, 0xff,
    0xff, 0xff, 0xff, 0x92, 0x0, 0x0, 0x0, 0x0,
    0xc, 0xff, 0xff, 0xff, 0xff, 0xcc, 0xcc, 0xcc,
    0xd4, 0xe8, 0xff, 0xff, 0xff, 0xff, 0xff, 0xff,
    0xc2, 0x6, 0x0, 0x0, 0x0, 0x0, 0xc, 0xff,
    0xff, 0xff, 0xff, 0xff, 0xff, 0xff, 0xff, 0xff,
    0xff, 0xff, 0xff, 0xff, 0xff, 0xb0, 0xf, 0x0,
    0x0, 0x0, 0x0, 0x0, 0xc, 0xff, 0xff, 0xff,
    0xff, 0xff, 0xff, 0xff, 0xff, 0xff, 0xff, 0xff,
    0xff, 0xdf, 0x65, 0x1, 0x0, 0x0, 0x0, 0x0,
    0x0, 0x0, 0xc, 0xff, 0xff, 0xff, 0xff, 0xff,
    0xff, 0xff, 0xfa, 0xe6, 0xce, 0x95, 0x4f, 0x4,
    0x0, 0x0, 0x0, 0x0, 0x0, 0x0,

    /* U+00D1 "Ñ" */
    0x0, 0x0, 0x0, 0x0, 0x8, 0x82, 0xde, 0xf4,
    0xcb, 0x70, 0xd, 0x58, 0xa8, 0xa8, 0x3f, 0x0,
    0x0, 0x0, 0x0, 0x0, 0x0, 0x0, 0x98, 0xff,
    0xff, 0xff, 0xff, 0xff, 0xfc, 0xff, 0xff, 0xff,
    0x3f, 0x0, 0x0, 0x0, 0x0, 0x0, 0x0, 0x16,
    0xfe, 0xff, 0xff, 0xfa, 0xff, 0xff, 0xff, 0xff,
    0xff, 0xbe, 0x1, 0x0, 0x0, 0x0, 0x0, 0x0,
    0x0, 0x22, 0xa4, 0xa4, 0x6c, 0x6, 0x59, 0xbf,
    0xf2, 0xe6, 0x98, 0x12, 0x0, 0x0, 0x0, 0x0,
    0x0, 0x0, 0x0, 0x0, 0x0, 0x0, 0x0, 0x0,
    0x0, 0x0, 0x0, 0x0, 0x0, 0x0, 0x0, 0x0,
    0x0, 0x0, 0x0, 0x0, 0x0, 0x0, 0x0, 0x0,
    0x0, 0x0, 0x0, 0x0, 0x0, 0x0, 0x0, 0x0,
    0x0, 0x0, 0x0, 0x0, 0xd8, 0xff, 0xff, 0xff,
    0xfc, 0x31, 0x0, 0x0, 0x0, 0x0, 0x0, 0x0,
    0x0, 0x7c, 0xff, 0xff, 0xff, 0x88, 0xd8, 0xff,
    0xff, 0xff, 0xff, 0xc9, 0x2, 0x0, 0x0, 0x0,
    0x0, 0x0, 0x0, 0x7c, 0xff, 0xff, 0xff, 0x88,
    0xd8, 0xff, 0xff, 0xff, 0xff, 0xff, 0x68, 0x0,
    0x0, 0x0, 0x0, 0x0, 0x0, 0x7c, 0xff, 0xff,
    0xff, 0x88, 0xd8, 0xff, 0xff, 0xff, 0xff, 0xff,
    0xef, 0x16, 0x0, 0x0, 0x0, 0x0, 0x0, 0x7c,
    0xff, 0xff, 0xff, 0x88, 0xd8, 0xff, 0xff, 0xff,
    0xff, 0xff, 0xff, 0xa2, 0x0, 0x0, 0x0, 0x0,
    0x0, 0x7c, 0xff, 0xff, 0xff, 0x88, 0xd8, 0xff,
    0xff, 0xff, 0xff, 0xff, 0xff, 0xff, 0x40, 0x0,
    0x0, 0x0, 0x0, 0x7c, 0xff, 0xff, 0xff, 0x88,
    0xd8, 0xff, 0xff, 0xf0, 0xa1, 0xff, 0xff, 0xff,
    0xd6, 0x5, 0x0, 0x0, 0x0, 0x7c, 0xff, 0xff,
    0xff, 0x88, 0xd8, 0xff, 0xff, 0xfc, 0x14, 0xec,
    0xff, 0xff, 0xff, 0x79, 0x0, 0x0, 0x0, 0x7c,
    0xff, 0xff, 0xff, 0x88, 0xd8, 0xff, 0xff, 0xff,
    0xd, 0x64, 0xff, 0xff, 0xff, 0xf6, 0x21, 0x0,
    0x0, 0x7c, 0xff, 0xff, 0xff, 0x88, 0xd8, 0xff,
    0xff, 0xff, 0x1d, 0x1, 0xc5, 0xff, 0xff, 0xff,
    0xb4, 0x0, 0x0, 0x7c, 0xff, 0xff, 0xff, 0x88,
    0xd8, 0xff, 0xff, 0xff, 0x27, 0x0, 0x2e, 0xfb,
    0xff, 0xff, 0xff, 0x51, 0x0, 0x75, 0xff, 0xff,
    0xff, 0x88, 0xd8, 0xff, 0xff, 0xff, 0x28, 0x0,
    0x0, 0x8d, 0xff, 0xff, 0xff, 0xe2, 0xb, 0x66,
    0xff, 0xff, 0xff, 0x88, 0xd8, 0xff, 0xff, 0xff,
    0x28, 0x0, 0x0, 0xc, 0xe4, 0xff, 0xff, 0xff,
    0x8b, 0x58, 0xff, 0xff, 0xff, 0x88, 0xd8, 0xff,
    0xff, 0xff, 0x28, 0x0, 0x0, 0x0, 0x54, 0xff,
    0xff, 0xff, 0xfb, 0x76, 0xff, 0xff, 0xff, 0x88,
    0xd8, 0xff, 0xff, 0xff, 0x28, 0x0, 0x0, 0x0,
    0x0, 0xb7, 0xff, 0xff, 0xff, 0xfa, 0xff, 0xff,
    0xff, 0x88, 0xd8, 0xff, 0xff, 0xff, 0x28, 0x0,
    0x0, 0x0, 0x0, 0x23, 0xf7, 0xff, 0xff, 0xff,
    0xff, 0xff, 0xff, 0x88, 0xd8, 0xff, 0xff, 0xff,
    0x28, 0x0, 0x0, 0x0, 0x0, 0x0, 0x7e, 0xff,
    0xff, 0xff, 0xff, 0xff, 0xff, 0x88, 0xd8, 0xff,
    0xff, 0xff, 0x28, 0x0, 0x0, 0x0, 0x0, 0x0,
    0x7, 0xd9, 0xff, 0xff, 0xff, 0xff, 0xff, 0x88,
    0xd8, 0xff, 0xff, 0xff, 0x28, 0x0, 0x0, 0x0,
    0x0, 0x0, 0x0, 0x44, 0xff, 0xff, 0xff, 0xff,
    0xff, 0x88, 0xd8, 0xff, 0xff, 0xff, 0x28, 0x0,
    0x0, 0x0, 0x0, 0x0, 0x0, 0x0, 0xa7, 0xff,
    0xff, 0xff, 0xff, 0x88, 0xd8, 0xff, 0xff, 0xff,
    0x28, 0x0, 0x0, 0x0, 0x0, 0x0, 0x0, 0x0,
    0x19, 0xf1, 0xff, 0xff, 0xff, 0x88,

    /* U+00D2 "Ò" */
    0x0, 0x0, 0x0, 0x0, 0x0, 0x0, 0x0, 0x7,
    0x8, 0x8, 0x8, 0x5, 0x0, 0x0, 0x0, 0x0,
    0x0, 0x0, 0x0, 0x0, 0x0, 0x0, 0x0, 0x0,
    0x0, 0x0, 0x0, 0x0, 0x0, 0x0, 0x9b, 0xff,
    0xff, 0xff, 0xca, 0x0, 0x0, 0x0, 0x0, 0x0,
    0x0, 0x0, 0x0, 0x0, 0x0, 0x0, 0x0, 0x0,
    0x0, 0x0, 0x0, 0x0, 0x0, 0xe, 0xe3, 0xff,
    0xff, 0xfe, 0x1c, 0x0, 0x0, 0x0, 0x0, 0x0,
    0x0, 0x0, 0x0, 0x0, 0x0, 0x0, 0x0, 0x0,
    0x0, 0x0, 0x0, 0x0, 0x0, 0x49, 0xff, 0xff,
    0xff, 0x6b, 0x0, 0x0, 0x0, 0x0, 0x0, 0x0,
    0x0, 0x0, 0x0, 0x0, 0x0, 0x0, 0x0, 0x0,
    0x0, 0x0, 0x0, 0x0, 0x0, 0xa0, 0xff, 0xff,
    0xbb, 0x0, 0x0, 0x0, 0x0, 0x0, 0x0, 0x0,
    0x0, 0x0, 0x0, 0x0, 0x0, 0x0, 0x0, 0x0,
    0x0, 0x0, 0x0, 0x0, 0x0, 0x0, 0x0, 0x0,
    0x0, 0x0, 0x0, 0x0, 0x0, 0x0, 0x0, 0x0,
    0x0, 0x0, 0x0, 0x0, 0x0, 0x0, 0x0, 0x0,
    0x0, 0x0, 0x0, 0x0, 0x0, 0x0, 0x0, 0x0,
    0x0, 0x0, 0x0, 0x0, 0x0, 0x0, 0x0, 0x0,
    0x0, 0x0, 0x0, 0x0, 0x0, 0x0, 0x0, 0xf,
    0x5d, 0xa5, 0xd6, 0xed, 0xf9, 0xe5, 0xcb, 0x8d,
    0x43, 0x1, 0x0, 0x0, 0x0, 0x0, 0x0, 0x0,
    0x0, 0x0, 0x0, 0x0, 0xb, 0x7f, 0xef, 0xff,
    0xff, 0xff, 0xff, 0xff, 0xff, 0xff, 0xff, 0xff,
    0xd1, 0x4f, 0x0, 0x0, 0x0, 0x0, 0x0, 0x0,
    0x0, 0x0, 0x26, 0xd4, 0xff, 0xff, 0xff, 0xff,
    0xff, 0xff, 0xff, 0xff, 0xff, 0xff, 0xff, 0xff,
    0xff, 0x9b, 0x7, 0x0, 0x0, 0x0, 0x0, 0x0,
    0x27, 0xed, 0xff, 0xff, 0xff, 0xff, 0xff, 0xfa,
    0xdf, 0xd2, 0xe7, 0xff, 0xff, 0xff, 0xff, 0xff,
    0xff, 0xb8, 0x4, 0x0, 0x0, 0x0, 0xf, 0xdd,
    0xff, 0xff, 0xff, 0xff, 0xc9, 0x54, 0xc, 0x0,
    0x0, 0x0, 0x20, 0x7a, 0xeb, 0xff, 0xff, 0xff,
    0xff, 0x93, 0x0, 0x0, 0x0, 0x8b, 0xff, 0xff,
    0xff, 0xff, 0x79, 0x1, 0x0, 0x0, 0x0, 0x0,
    0x0, 0x0, 0x0, 0x16, 0xbf, 0xff, 0xff, 0xff,
    0xfe, 0x32, 0x0, 0x17, 0xf9, 0xff, 0xff, 0xff,
    0x7e, 0x0, 0x0, 0x0, 0x0, 0x0, 0x0, 0x0,
    0x0, 0x0, 0x0, 0xb, 0xce, 0xff, 0xff, 0xff,
    0xb4, 0x0, 0x67, 0xff, 0xff, 0xff, 0xd8, 0x4,
    0x0, 0x0, 0x0, 0x0, 0x0, 0x0, 0x0, 0x0,
    0x0, 0x0, 0x0, 0x38, 0xff, 0xff, 0xff, 0xfa,
    0x11, 0xad, 0xff, 0xff, 0xff, 0x78, 0x0, 0x0,
    0x0, 0x0, 0x0, 0x0, 0x0, 0x0, 0x0, 0x0,
    0x0, 0x0, 0x0, 0xd3, 0xff, 0xff, 0xff, 0x53,
    0xcb, 0xff, 0xff, 0xff, 0x40, 0x0, 0x0, 0x0,
    0x0, 0x0, 0x0, 0x0, 0x0, 0x0, 0x0, 0x0,
    0x0, 0x0, 0x99, 0xff, 0xff, 0xff, 0x72, 0xde,
    0xff, 0xff, 0xff, 0x2e, 0x0, 0x0, 0x0, 0x0,
    0x0, 0x0, 0x0, 0x0, 0x0, 0x0, 0x0, 0x0,
    0x0, 0x86, 0xff, 0xff, 0xff, 0x85, 0xcb, 0xff,
    0xff, 0xff, 0x40, 0x0, 0x0, 0x0, 0x0, 0x0,
    0x0, 0x0, 0x0, 0x0, 0x0, 0x0, 0x0, 0x0,
    0x99, 0xff, 0xff, 0xff, 0x72, 0xad, 0xff, 0xff,
    0xff, 0x77, 0x0, 0x0, 0x0, 0x0, 0x0, 0x0,
    0x0, 0x0, 0x0, 0x0, 0x0, 0x0, 0x0, 0xd3,
    0xff, 0xff, 0xff, 0x54, 0x67, 0xff, 0xff, 0xff,
    0xd6, 0x4, 0x0, 0x0, 0x0, 0x0, 0x0, 0x0,
    0x0, 0x0, 0x0, 0x0, 0x0, 0x37, 0xff, 0xff,
    0xff, 0xfb, 0x11, 0x17, 0xf9, 0xff, 0xff, 0xff,
    0x7c, 0x0, 0x0, 0x0, 0x0, 0x0, 0x0, 0x0,
    0x0, 0x0, 0x0, 0xa, 0xcd, 0xff, 0xff, 0xff,
    0xb5, 0x0, 0x0, 0x8d, 0xff, 0xff, 0xff, 0xfe,
    0x75, 0x1, 0x0, 0x0, 0x0, 0x0, 0x0, 0x0,
    0x0, 0x14, 0xbc, 0xff, 0xff, 0xff, 0xfe, 0x33,
    0x0, 0x0, 0x10, 0xdf, 0xff, 0xff, 0xff, 0xff,
    0xc6, 0x4f, 0x9, 0x0, 0x0, 0x0, 0x1b, 0x76,
    0xe9, 0xff, 0xff, 0xff, 0xff, 0x95, 0x0, 0x0,
    0x0, 0x0, 0x29, 0xee, 0xff, 0xff, 0xff, 0xff,
    0xff, 0xf8, 0xda, 0xcd, 0xe2, 0xff, 0xff, 0xff,
    0xff, 0xff, 0xff, 0xba, 0x4, 0x0, 0x0, 0x0,
    0x0, 0x0, 0x29, 0xd5, 0xff, 0xff, 0xff, 0xff,
    0xff, 0xff, 0xff, 0xff, 0xff, 0xff, 0xff, 0xff,
    0xff, 0x9e, 0x9, 0x0, 0x0, 0x0, 0x0, 0x0,
    0x0, 0x0, 0xb, 0x81, 0xf0, 0xff, 0xff, 0xff,
    0xff, 0xff, 0xff, 0xff, 0xff, 0xff, 0xd2, 0x51,
    0x0, 0x0, 0x0, 0x0, 0x0, 0x0, 0x0, 0x0,
    0x0, 0x0, 0x0, 0xf, 0x5e, 0xa6, 0xd7, 0xee,
    0xf9, 0xe6, 0xcc, 0x8e, 0x43, 0x1, 0x0, 0x0,
    0x0, 0x0, 0x0, 0x0,

    /* U+00D3 "Ó" */
    0x0, 0x0, 0x0, 0x0, 0x0, 0x0, 0x0, 0x0,
    0x0, 0x0, 0x0, 0x8, 0x8, 0x8, 0x8, 0x4,
    0x0, 0x0, 0x0, 0x0, 0x0, 0x0, 0x0, 0x0,
    0x0, 0x0, 0x0, 0x0, 0x0, 0x0, 0x0, 0x0,
    0x0, 0x2b, 0xff, 0xff, 0xff, 0xfe, 0x3e, 0x0,
    0x0, 0x0, 0x0, 0x0, 0x0, 0x0, 0x0, 0x0,
    0x0, 0x0, 0x0, 0x0, 0x0, 0x0, 0x0, 0x0,
    0x7b, 0xff, 0xff, 0xff, 0x90, 0x0, 0x0, 0x0,
    0x0, 0x0, 0x0, 0x0, 0x0, 0x0, 0x0, 0x0,
    0x0, 0x0, 0x0, 0x0, 0x0, 0x0, 0x0, 0xcc,
    0xff, 0xff, 0xdb, 0xa, 0x0, 0x0, 0x0, 0x0,
    0x0, 0x0, 0x0, 0x0, 0x0, 0x0, 0x0, 0x0,
    0x0, 0x0, 0x0, 0x0, 0x0, 0x1c, 0xff, 0xff,
    0xfd, 0x3c, 0x0, 0x0, 0x0, 0x0, 0x0, 0x0,
    0x0, 0x0, 0x0, 0x0, 0x0, 0x0, 0x0, 0x0,
    0x0, 0x0, 0x0, 0x0, 0x0, 0x0, 0x0, 0x0,
    0x0, 0x0, 0x0, 0x0, 0x0, 0x0, 0x0, 0x0,
    0x0, 0x0, 0x0, 0x0, 0x0, 0x0, 0x0, 0x0,
    0x0, 0x0, 0x0, 0x0, 0x0, 0x0, 0x0, 0x0,
    0x0, 0x0, 0x0, 0x0, 0x0, 0x0, 0x0, 0x0,
    0x0, 0x0, 0x0, 0x0, 0x0, 0x0, 0x0, 0xf,
    0x5d, 0xa5, 0xd6, 0xed, 0xf9, 0xe5, 0xcb, 0x8d,
    0x43, 0x1, 0x0, 0x0, 0x0, 0x0, 0x0, 0x0,
    0x0, 0x0, 0x0, 0x0, 0xb, 0x7f, 0xef, 0xff,
    0xff, 0xff, 0xff, 0xff, 0xff, 0xff, 0xff, 0xff,
    0xd1, 0x4f, 0x0, 0x0, 0x0, 0x0, 0x0, 0x0,
    0x0, 0x0, 0x26, 0xd4, 0xff, 0xff, 0xff, 0xff,
    0xff, 0xff, 0xff, 0xff, 0xff, 0xff, 0xff, 0xff,
    0xff, 0x9b, 0x7, 0x0, 0x0, 0x0, 0x0, 0x0,
    0x27, 0xed, 0xff, 0xff, 0xff, 0xff, 0xff, 0xfa,
    0xdf, 0xd2, 0xe7, 0xff, 0xff, 0xff, 0xff, 0xff,
    0xff, 0xb8, 0x4, 0x0, 0x0, 0x0, 0xf, 0xdd,
    0xff, 0xff, 0xff, 0xff, 0xc9, 0x54, 0xc, 0x0,
    0x0, 0x0, 0x20, 0x7a, 0xeb, 0xff, 0xff, 0xff,
    0xff, 0x93, 0x0, 0x0, 0x0, 0x8b, 0xff, 0xff,
    0xff, 0xff, 0x79, 0x1, 0x0, 0x0, 0x0, 0x0,
    0x0, 0x0, 0x0, 0x16, 0xbf, 0xff, 0xff, 0xff,
    0xfe, 0x32, 0x0, 0x17, 0xf9, 0xff, 0xff, 0xff,
    0x7e, 0x0, 0x0, 0x0, 0x0, 0x0, 0x0, 0x0,
    0x0, 0x0, 0x0, 0xb, 0xce, 0xff, 0xff, 0xff,
    0xb4, 0x0, 0x67, 0xff, 0xff, 0xff, 0xd8, 0x4,
    0x0, 0x0, 0x0, 0x0, 0x0, 0x0, 0x0, 0x0,
    0x0, 0x0, 0x0, 0x38, 0xff, 0xff, 0xff, 0xfa,
    0x11, 0xad, 0xff, 0xff, 0xff, 0x78, 0x0, 0x0,
    0x0, 0x0, 0x0, 0x0, 0x0, 0x0, 0x0, 0x0,
    0x0, 0x0, 0x0, 0xd3, 0xff, 0xff, 0xff, 0x53,
    0xcb, 0xff, 0xff, 0xff, 0x40, 0x0, 0x0, 0x0,
    0x0, 0x0, 0x0, 0x0, 0x0, 0x0, 0x0, 0x0,
    0x0, 0x0, 0x99, 0xff, 0xff, 0xff, 0x72, 0xde,
    0xff, 0xff, 0xff, 0x2e, 0x0, 0x0, 0x0, 0x0,
    0x0, 0x0, 0x0, 0x0, 0x0, 0x0, 0x0, 0x0,
    0x0, 0x86, 0xff, 0xff, 0xff, 0x85, 0xcb, 0xff,
    0xff, 0xff, 0x40, 0x0, 0x0, 0x0, 0x0, 0x0,
    0x0, 0x0, 0x0, 0x0, 0x0, 0x0, 0x0, 0x0,
    0x99, 0xff, 0xff, 0xff, 0x72, 0xad, 0xff, 0xff,
    0xff, 0x77, 0x0, 0x0, 0x0, 0x0, 0x0, 0x0,
    0x0, 0x0, 0x0, 0x0, 0x0, 0x0, 0x0, 0xd3,
    0xff, 0xff, 0xff, 0x54, 0x67, 0xff, 0xff, 0xff,
    0xd6, 0x4, 0x0, 0x0, 0x0, 0x0, 0x0, 0x0,
    0x0, 0x0, 0x0, 0x0, 0x0, 0x37, 0xff, 0xff,
    0xff, 0xfb, 0x11, 0x17, 0xf9, 0xff, 0xff, 0xff,
    0x7c, 0x0, 0x0, 0x0, 0x0, 0x0, 0x0, 0x0,
    0x0, 0x0, 0x0, 0xa, 0xcd, 0xff, 0xff, 0xff,
    0xb5, 0x0, 0x0, 0x8d, 0xff, 0xff, 0xff, 0xfe,
    0x75, 0x1, 0x0, 0x0, 0x0, 0x0, 0x0, 0x0,
    0x0, 0x14, 0xbc, 0xff, 0xff, 0xff, 0xfe, 0x33,
    0x0, 0x0, 0x10, 0xdf, 0xff, 0xff, 0xff, 0xff,
    0xc6, 0x4f, 0x9, 0x0, 0x0, 0x0, 0x1b, 0x76,
    0xe9, 0xff, 0xff, 0xff, 0xff, 0x95, 0x0, 0x0,
    0x0, 0x0, 0x29, 0xee, 0xff, 0xff, 0xff, 0xff,
    0xff, 0xf8, 0xda, 0xcd, 0xe2, 0xff, 0xff, 0xff,
    0xff, 0xff, 0xff, 0xba, 0x4, 0x0, 0x0, 0x0,
    0x0, 0x0, 0x29, 0xd5, 0xff, 0xff, 0xff, 0xff,
    0xff, 0xff, 0xff, 0xff, 0xff, 0xff, 0xff, 0xff,
    0xff, 0x9e, 0x9, 0x0, 0x0, 0x0, 0x0, 0x0,
    0x0, 0x0, 0xb, 0x81, 0xf0, 0xff, 0xff, 0xff,
    0xff, 0xff, 0xff, 0xff, 0xff, 0xff, 0xd2, 0x51,
    0x0, 0x0, 0x0, 0x0, 0x0, 0x0, 0x0, 0x0,
    0x0, 0x0, 0x0, 0xf, 0x5e, 0xa6, 0xd7, 0xee,
    0xf9, 0xe6, 0xcc, 0x8e, 0x43, 0x1, 0x0, 0x0,
    0x0, 0x0, 0x0, 0x0,

    /* U+00D4 "Ô" */
    0x0, 0x0, 0x0, 0x0, 0x0, 0x0, 0x0, 0x0,
    0x0, 0x1c, 0x3c, 0x3c, 0x3c, 0x7, 0x0, 0x0,
    0x0, 0x0, 0x0, 0x0, 0x0, 0x0, 0x0, 0x0,
    0x0, 0x0, 0x0, 0x0, 0x0, 0x0, 0x0, 0x14,
    0xe1, 0xff, 0xff, 0xff, 0x97, 0x0, 0x0, 0x0,
    0x0, 0x0, 0x0, 0x0, 0x0, 0x0, 0x0, 0x0,
    0x0, 0x0, 0x0, 0x0, 0x0, 0x3, 0xbd, 0xff,
    0xff, 0xff, 0xff, 0xff, 0x56, 0x0, 0x0, 0x0,
    0x0, 0x0, 0x0, 0x0, 0x0, 0x0, 0x0, 0x0,
    0x0, 0x0, 0x0, 0x0, 0x8e, 0xff, 0xff, 0xe0,
    0x41, 0xff, 0xff, 0xf1, 0x23, 0x0, 0x0, 0x0,
    0x0, 0x0, 0x0, 0x0, 0x0, 0x0, 0x0, 0x0,
    0x0, 0x0, 0x5a, 0xff, 0xff, 0xff, 0x62, 0x0,
    0xba, 0xff, 0xff, 0xcc, 0x6, 0x0, 0x0, 0x0,
    0x0, 0x0, 0x0, 0x0, 0x0, 0x0, 0x0, 0x0,
    0x0, 0x45, 0x58, 0x58, 0x57, 0x4, 0x0, 0x21,
    0x58, 0x58, 0x58, 0x1c, 0x0, 0x0, 0x0, 0x0,
    0x0, 0x0, 0x0, 0x0, 0x0, 0x0, 0x0, 0x0,
    0x0, 0x0, 0x0, 0x0, 0x0, 0x0, 0x0, 0x0,
    0x0, 0x0, 0x0, 0x0, 0x0, 0x0, 0x0, 0x0,
    0x0, 0x0, 0x0, 0x0, 0x0, 0x0, 0x0, 0xf,
    0x5d, 0xa5, 0xd6, 0xed, 0xf9, 0xe5, 0xcb, 0x8d,
    0x43, 0x1, 0x0, 0x0, 0x0, 0x0, 0x0, 0x0,
    0x0, 0x0, 0x0, 0x0, 0xb, 0x7f, 0xef, 0xff,
    0xff, 0xff, 0xff, 0xff, 0xff, 0xff, 0xff, 0xff,
    0xd1, 0x4f, 0x0, 0x0, 0x0, 0x0, 0x0, 0x0,
    0x0, 0x0, 0x26, 0xd4, 0xff, 0xff, 0xff, 0xff,
    0xff, 0xff, 0xff, 0xff, 0xff, 0xff, 0xff, 0xff,
    0xff, 0x9b, 0x7, 0x0, 0x0, 0x0, 0x0, 0x0,
    0x27, 0xed, 0xff, 0xff, 0xff, 0xff, 0xff, 0xfa,
    0xdf, 0xd2, 0xe7, 0xff, 0xff, 0xff, 0xff, 0xff,
    0xff, 0xb8, 0x4, 0x0, 0x0, 0x0, 0xf, 0xdd,
    0xff, 0xff, 0xff, 0xff, 0xc9, 0x54, 0xc, 0x0,
    0x0, 0x0, 0x20, 0x7a, 0xeb, 0xff, 0xff, 0xff,
    0xff, 0x93, 0x0, 0x0, 0x0, 0x8b, 0xff, 0xff,
    0xff, 0xff, 0x79, 0x1, 0x0, 0x0, 0x0, 0x0,
    0x0, 0x0, 0x0, 0x16, 0xbf, 0xff, 0xff, 0xff,
    0xfe, 0x32, 0x0, 0x17, 0xf9, 0xff, 0xff, 0xff,
    0x7e, 0x0, 0x0, 0x0, 0x0, 0x0, 0x0, 0x0,
    0x0, 0x0, 0x0, 0xb, 0xce, 0xff, 0xff, 0xff,
    0xb4, 0x0, 0x67, 0xff, 0xff, 0xff, 0xd8, 0x4,
    0x0, 0x0, 0x0, 0x0, 0x0, 0x0, 0x0, 0x0,
    0x0, 0x0, 0x0, 0x38, 0xff, 0xff, 0xff, 0xfa,
    0x11, 0xad, 0xff, 0xff, 0xff, 0x78, 0x0, 0x0,
    0x0, 0x0, 0x0, 0x0, 0x0, 0x0, 0x0, 0x0,
    0x0, 0x0, 0x0, 0xd3, 0xff, 0xff, 0xff, 0x53,
    0xcb, 0xff, 0xff, 0xff, 0x40, 0x0, 0x0, 0x0,
    0x0, 0x0, 0x0, 0x0, 0x0, 0x0, 0x0, 0x0,
    0x0, 0x0, 0x99, 0xff, 0xff, 0xff, 0x72, 0xde,
    0xff, 0xff, 0xff, 0x2e, 0x0, 0x0, 0x0, 0x0,
    0x0, 0x0, 0x0, 0x0, 0x0, 0x0, 0x0, 0x0,
    0x0, 0x86, 0xff, 0xff, 0xff, 0x85, 0xcb, 0xff,
    0xff, 0xff, 0x40, 0x0, 0x0, 0x0, 0x0, 0x0,
    0x0, 0x0, 0x0, 0x0, 0x0, 0x0, 0x0, 0x0,
    0x99, 0xff, 0xff, 0xff, 0x72, 0xad, 0xff, 0xff,
    0xff, 0x77, 0x0, 0x0, 0x0, 0x0, 0x0, 0x0,
    0x0, 0x0, 0x0, 0x0, 0x0, 0x0, 0x0, 0xd3,
    0xff, 0xff, 0xff, 0x54, 0x67, 0xff, 0xff, 0xff,
    0xd6, 0x4, 0x0, 0x0, 0x0, 0x0, 0x0, 0x0,
    0x0, 0x0, 0x0, 0x0, 0x0, 0x37, 0xff, 0xff,
    0xff, 0xfb, 0x11, 0x17, 0xf9, 0xff, 0xff, 0xff,
    0x7c, 0x0, 0x0, 0x0, 0x0, 0x0, 0x0, 0x0,
    0x0, 0x0, 0x0, 0xa, 0xcd, 0xff, 0xff, 0xff,
    0xb5, 0x0, 0x0, 0x8d, 0xff, 0xff, 0xff, 0xfe,
    0x75, 0x1, 0x0, 0x0, 0x0, 0x0, 0x0, 0x0,
    0x0, 0x14, 0xbc, 0xff, 0xff, 0xff, 0xfe, 0x33,
    0x0, 0x0, 0x10, 0xdf, 0xff, 0xff, 0xff, 0xff,
    0xc6, 0x4f, 0x9, 0x0, 0x0, 0x0, 0x1b, 0x76,
    0xe9, 0xff, 0xff, 0xff, 0xff, 0x95, 0x0, 0x0,
    0x0, 0x0, 0x29, 0xee, 0xff, 0xff, 0xff, 0xff,
    0xff, 0xf8, 0xda, 0xcd, 0xe2, 0xff, 0xff, 0xff,
    0xff, 0xff, 0xff, 0xba, 0x4, 0x0, 0x0, 0x0,
    0x0, 0x0, 0x29, 0xd5, 0xff, 0xff, 0xff, 0xff,
    0xff, 0xff, 0xff, 0xff, 0xff, 0xff, 0xff, 0xff,
    0xff, 0x9e, 0x9, 0x0, 0x0, 0x0, 0x0, 0x0,
    0x0, 0x0, 0xb, 0x81, 0xf0, 0xff, 0xff, 0xff,
    0xff, 0xff, 0xff, 0xff, 0xff, 0xff, 0xd2, 0x51,
    0x0, 0x0, 0x0, 0x0, 0x0, 0x0, 0x0, 0x0,
    0x0, 0x0, 0x0, 0xf, 0x5e, 0xa6, 0xd7, 0xee,
    0xf9, 0xe6, 0xcc, 0x8e, 0x43, 0x1, 0x0, 0x0,
    0x0, 0x0, 0x0, 0x0,

    /* U+00D5 "Õ" */
    0x0, 0x0, 0x0, 0x0, 0x0, 0x0, 0x0, 0x3e,
    0xbe, 0xe5, 0xb0, 0x26, 0x0, 0x9, 0x50, 0x50,
    0x34, 0x0, 0x0, 0x0, 0x0, 0x0, 0x0, 0x0,
    0x0, 0x0, 0x0, 0x0, 0x0, 0x37, 0xfb, 0xff,
    0xff, 0xff, 0xf4, 0x51, 0x53, 0xff, 0xff, 0x99,
    0x0, 0x0, 0x0, 0x0, 0x0, 0x0, 0x0, 0x0,
    0x0, 0x0, 0x0, 0x0, 0xb3, 0xff, 0xff, 0xff,
    0xff, 0xff, 0xff, 0xff, 0xff, 0xff, 0x5d, 0x0,
    0x0, 0x0, 0x0, 0x0, 0x0, 0x0, 0x0, 0x0,
    0x0, 0x0, 0x0, 0xec, 0xff, 0xeb, 0x16, 0x8c,
    0xff, 0xff, 0xff, 0xff, 0xd3, 0x6, 0x0, 0x0,
    0x0, 0x0, 0x0, 0x0, 0x0, 0x0, 0x0, 0x0,
    0x0, 0x0, 0x4a, 0x4c, 0x3c, 0x0, 0x0, 0x4c,
    0xd1, 0xe5, 0x99, 0xf, 0x0, 0x0, 0x0, 0x0,
    0x0, 0x0, 0x0, 0x0, 0x0, 0x0, 0x0, 0x0,
    0x0, 0x0, 0x0, 0x0, 0x0, 0x0, 0x0, 0x0,
    0x0, 0x0, 0x0, 0x0, 0x0, 0x0, 0x0, 0x0,
    0x0, 0x0, 0x0, 0x0, 0x0, 0x0, 0x0, 0x0,
    0x0, 0x0, 0x0, 0x0, 0x0, 0x0, 0x0, 0x0,
    0x0, 0x0, 0x0, 0x0, 0x0, 0x0, 0x0, 0x0,
    0x0, 0x0, 0x0, 0x0, 0x0, 0x0, 0x0, 0xf,
    0x5d, 0xa5, 0xd6, 0xed, 0xf9, 0xe5, 0xcb, 0x8d,
    0x43, 0x1, 0x0, 0x0, 0x0, 0x0, 0x0, 0x0,
    0x0, 0x0, 0x0, 0x0, 0xb, 0x7f, 0xef, 0xff,
    0xff, 0xff, 0xff, 0xff, 0xff, 0xff, 0xff, 0xff,
    0xd1, 0x4f, 0x0, 0x0, 0x0, 0x0, 0x0, 0x0,
    0x0, 0x0, 0x26, 0xd4, 0xff, 0xff, 0xff, 0xff,
    0xff, 0xff, 0xff, 0xff, 0xff, 0xff, 0xff, 0xff,
    0xff, 0x9b, 0x7, 0x0, 0x0, 0x0, 0x0, 0x0,
    0x27, 0xed, 0xff, 0xff, 0xff, 0xff, 0xff, 0xfa,
    0xdf, 0xd2, 0xe7, 0xff, 0xff, 0xff, 0xff, 0xff,
    0xff, 0xb8, 0x4, 0x0, 0x0, 0x0, 0xf, 0xdd,
    0xff, 0xff, 0xff, 0xff, 0xc9, 0x54, 0xc, 0x0,
    0x0, 0x0, 0x20, 0x7a, 0xeb, 0xff, 0xff, 0xff,
    0xff, 0x93, 0x0, 0x0, 0x0, 0x8b, 0xff, 0xff,
    0xff, 0xff, 0x79, 0x1, 0x0, 0x0, 0x0, 0x0,
    0x0, 0x0, 0x0, 0x16, 0xbf, 0xff, 0xff, 0xff,
    0xfe, 0x32, 0x0, 0x17, 0xf9, 0xff, 0xff, 0xff,
    0x7e, 0x0, 0x0, 0x0, 0x0, 0x0, 0x0, 0x0,
    0x0, 0x0, 0x0, 0xb, 0xce, 0xff, 0xff, 0xff,
    0xb4, 0x0, 0x67, 0xff, 0xff, 0xff, 0xd8, 0x4,
    0x0, 0x0, 0x0, 0x0, 0x0, 0x0, 0x0, 0x0,
    0x0, 0x0, 0x0, 0x38, 0xff, 0xff, 0xff, 0xfa,
    0x11, 0xad, 0xff, 0xff, 0xff, 0x78, 0x0, 0x0,
    0x0, 0x0, 0x0, 0x0, 0x0, 0x0, 0x0, 0x0,
    0x0, 0x0, 0x0, 0xd3, 0xff, 0xff, 0xff, 0x53,
    0xcb, 0xff, 0xff, 0xff, 0x40, 0x0, 0x0, 0x0,
    0x0, 0x0, 0x0, 0x0, 0x0, 0x0, 0x0, 0x0,
    0x0, 0x0, 0x99, 0xff, 0xff, 0xff, 0x72, 0xde,
    0xff, 0xff, 0xff, 0x2e, 0x0, 0x0, 0x0, 0x0,
    0x0, 0x0, 0x0, 0x0, 0x0, 0x0, 0x0, 0x0,
    0x0, 0x86, 0xff, 0xff, 0xff, 0x85, 0xcb, 0xff,
    0xff, 0xff, 0x40, 0x0, 0x0, 0x0, 0x0, 0x0,
    0x0, 0x0, 0x0, 0x0, 0x0, 0x0, 0x0, 0x0,
    0x99, 0xff, 0xff, 0xff, 0x72, 0xad, 0xff, 0xff,
    0xff, 0x77, 0x0, 0x0, 0x0, 0x0, 0x0, 0x0,
    0x0, 0x0, 0x0, 0x0, 0x0, 0x0, 0x0, 0xd3,
    0xff, 0xff, 0xff, 0x54, 0x67, 0xff, 0xff, 0xff,
    0xd6, 0x4, 0x0, 0x0, 0x0, 0x0, 0x0, 0x0,
    0x0, 0x0, 0x0, 0x0, 0x0, 0x37, 0xff, 0xff,
    0xff, 0xfb, 0x11, 0x17, 0xf9, 0xff, 0xff, 0xff,
    0x7c, 0x0, 0x0, 0x0, 0x0, 0x0, 0x0, 0x0,
    0x0, 0x0, 0x0, 0xa, 0xcd, 0xff, 0xff, 0xff,
    0xb5, 0x0, 0x0, 0x8d, 0xff, 0xff, 0xff, 0xfe,
    0x75, 0x1, 0x0, 0x0, 0x0, 0x0, 0x0, 0x0,
    0x0, 0x14, 0xbc, 0xff, 0xff, 0xff, 0xfe, 0x33,
    0x0, 0x0, 0x10, 0xdf, 0xff, 0xff, 0xff, 0xff,
    0xc6, 0x4f, 0x9, 0x0, 0x0, 0x0, 0x1b, 0x76,
    0xe9, 0xff, 0xff, 0xff, 0xff, 0x95, 0x0, 0x0,
    0x0, 0x0, 0x29, 0xee, 0xff, 0xff, 0xff, 0xff,
    0xff, 0xf8, 0xda, 0xcd, 0xe2, 0xff, 0xff, 0xff,
    0xff, 0xff, 0xff, 0xba, 0x4, 0x0, 0x0, 0x0,
    0x0, 0x0, 0x29, 0xd5, 0xff, 0xff, 0xff, 0xff,
    0xff, 0xff, 0xff, 0xff, 0xff, 0xff, 0xff, 0xff,
    0xff, 0x9e, 0x9, 0x0, 0x0, 0x0, 0x0, 0x0,
    0x0, 0x0, 0xb, 0x81, 0xf0, 0xff, 0xff, 0xff,
    0xff, 0xff, 0xff, 0xff, 0xff, 0xff, 0xd2, 0x51,
    0x0, 0x0, 0x0, 0x0, 0x0, 0x0, 0x0, 0x0,
    0x0, 0x0, 0x0, 0xf, 0x5e, 0xa6, 0xd7, 0xee,
    0xf9, 0xe6, 0xcc, 0x8e, 0x43, 0x1, 0x0, 0x0,
    0x0, 0x0, 0x0, 0x0,

    /* U+00D6 "Ö" */
    0x0, 0x0, 0x0, 0x0, 0x0, 0x0, 0x0, 0xf,
    0x37, 0xc, 0x0, 0x0, 0x0, 0x1d, 0x33, 0x3,
    0x0, 0x0, 0x0, 0x0, 0x0, 0x0, 0x0, 0x0,
    0x0, 0x0, 0x0, 0x0, 0x0, 0x2e, 0xec, 0xff,
    0xe6, 0x21, 0x0, 0x62, 0xfc, 0xff, 0xbe, 0x4,
    0x0, 0x0, 0x0, 0x0, 0x0, 0x0, 0x0, 0x0,
    0x0, 0x0, 0x0, 0x0, 0x9d, 0xff, 0xff, 0xff,
    0x89, 0x0, 0xe1, 0xff, 0xff, 0xff, 0x45, 0x0,
    0x0, 0x0, 0x0, 0x0, 0x0, 0x0, 0x0, 0x0,
    0x0, 0x0, 0x0, 0x89, 0xff, 0xff, 0xff, 0x75,
    0x0, 0xcd, 0xff, 0xff, 0xff, 0x31, 0x0, 0x0,
    0x0, 0x0, 0x0, 0x0, 0x0, 0x0, 0x0, 0x0,
    0x0, 0x0, 0x11, 0xb6, 0xf3, 0xad, 0x9, 0x0,
    0x33, 0xd5, 0xef, 0x7b, 0x0, 0x0, 0x0, 0x0,
    0x0, 0x0, 0x0, 0x0, 0x0, 0x0, 0x0, 0x0,
    0x0, 0x0, 0x0, 0x0, 0x0, 0x0, 0x0, 0x0,
    0x0, 0x0, 0x0, 0x0, 0x0, 0x0, 0x0, 0x0,
    0x0, 0x0, 0x0, 0x0, 0x0, 0x0, 0x0, 0x0,
    0x0, 0x0, 0x0, 0x0, 0x0, 0x0, 0x0, 0x0,
    0x0, 0x0, 0x0, 0x0, 0x0, 0x0, 0x0, 0x0,
    0x0, 0x0, 0x0, 0x0, 0x0, 0x0, 0x0, 0xf,
    0x5d, 0xa5, 0xd6, 0xed, 0xf9, 0xe5, 0xcb, 0x8d,
    0x43, 0x1, 0x0, 0x0, 0x0, 0x0, 0x0, 0x0,
    0x0, 0x0, 0x0, 0x0, 0xb, 0x7f, 0xef, 0xff,
    0xff, 0xff, 0xff, 0xff, 0xff, 0xff, 0xff, 0xff,
    0xd1, 0x4f, 0x0, 0x0, 0x0, 0x0, 0x0, 0x0,
    0x0, 0x0, 0x26, 0xd4, 0xff, 0xff, 0xff, 0xff,
    0xff, 0xff, 0xff, 0xff, 0xff, 0xff, 0xff, 0xff,
    0xff, 0x9b, 0x7, 0x0, 0x0, 0x0, 0x0, 0x0,
    0x27, 0xed, 0xff, 0xff, 0xff, 0xff, 0xff, 0xfa,
    0xdf, 0xd2, 0xe7, 0xff, 0xff, 0xff, 0xff, 0xff,
    0xff, 0xb8, 0x4, 0x0, 0x0, 0x0, 0xf, 0xdd,
    0xff, 0xff, 0xff, 0xff, 0xc9, 0x54, 0xc, 0x0,
    0x0, 0x0, 0x20, 0x7a, 0xeb, 0xff, 0xff, 0xff,
    0xff, 0x93, 0x0, 0x0, 0x0, 0x8b, 0xff, 0xff,
    0xff, 0xff, 0x79, 0x1, 0x0, 0x0, 0x0, 0x0,
    0x0, 0x0, 0x0, 0x16, 0xbf, 0xff, 0xff, 0xff,
    0xfe, 0x32, 0x0, 0x17, 0xf9, 0xff, 0xff, 0xff,
    0x7e, 0x0, 0x0, 0x0, 0x0, 0x0, 0x0, 0x0,
    0x0, 0x0, 0x0, 0xb, 0xce, 0xff, 0xff, 0xff,
    0xb4, 0x0, 0x67, 0xff, 0xff, 0xff, 0xd8, 0x4,
    0x0, 0x0, 0x0, 0x0, 0x0, 0x0, 0x0, 0x0,
    0x0, 0x0, 0x0, 0x38, 0xff, 0xff, 0xff, 0xfa,
    0x11, 0xad, 0xff, 0xff, 0xff, 0x78, 0x0, 0x0,
    0x0, 0x0, 0x0, 0x0, 0x0, 0x0, 0x0, 0x0,
    0x0, 0x0, 0x0, 0xd3, 0xff, 0xff, 0xff, 0x53,
    0xcb, 0xff, 0xff, 0xff, 0x40, 0x0, 0x0, 0x0,
    0x0, 0x0, 0x0, 0x0, 0x0, 0x0, 0x0, 0x0,
    0x0, 0x0, 0x99, 0xff, 0xff, 0xff, 0x72, 0xde,
    0xff, 0xff, 0xff, 0x2e, 0x0, 0x0, 0x0, 0x0,
    0x0, 0x0, 0x0, 0x0, 0x0, 0x0, 0x0, 0x0,
    0x0, 0x86, 0xff, 0xff, 0xff, 0x85, 0xcb, 0xff,
    0xff, 0xff, 0x40, 0x0, 0x0, 0x0, 0x0, 0x0,
    0x0, 0x0, 0x0, 0x0, 0x0, 0x0, 0x0, 0x0,
    0x99, 0xff, 0xff, 0xff, 0x72, 0xad, 0xff, 0xff,
    0xff, 0x77, 0x0, 0x0, 0x0, 0x0, 0x0, 0x0,
    0x0, 0x0, 0x0, 0x0, 0x0, 0x0, 0x0, 0xd3,
    0xff, 0xff, 0xff, 0x54, 0x67, 0xff, 0xff, 0xff,
    0xd6, 0x4, 0x0, 0x0, 0x0, 0x0, 0x0, 0x0,
    0x0, 0x0, 0x0, 0x0, 0x0, 0x37, 0xff, 0xff,
    0xff, 0xfb, 0x11, 0x17, 0xf9, 0xff, 0xff, 0xff,
    0x7c, 0x0, 0x0, 0x0, 0x0, 0x0, 0x0, 0x0,
    0x0, 0x0, 0x0, 0xa, 0xcd, 0xff, 0xff, 0xff,
    0xb5, 0x0, 0x0, 0x8d, 0xff, 0xff, 0xff, 0xfe,
    0x75, 0x1, 0x0, 0x0, 0x0, 0x0, 0x0, 0x0,
    0x0, 0x14, 0xbc, 0xff, 0xff, 0xff, 0xfe, 0x33,
    0x0, 0x0, 0x10, 0xdf, 0xff, 0xff, 0xff, 0xff,
    0xc6, 0x4f, 0x9, 0x0, 0x0, 0x0, 0x1b, 0x76,
    0xe9, 0xff, 0xff, 0xff, 0xff, 0x95, 0x0, 0x0,
    0x0, 0x0, 0x29, 0xee, 0xff, 0xff, 0xff, 0xff,
    0xff, 0xf8, 0xda, 0xcd, 0xe2, 0xff, 0xff, 0xff,
    0xff, 0xff, 0xff, 0xba, 0x4, 0x0, 0x0, 0x0,
    0x0, 0x0, 0x29, 0xd5, 0xff, 0xff, 0xff, 0xff,
    0xff, 0xff, 0xff, 0xff, 0xff, 0xff, 0xff, 0xff,
    0xff, 0x9e, 0x9, 0x0, 0x0, 0x0, 0x0, 0x0,
    0x0, 0x0, 0xb, 0x81, 0xf0, 0xff, 0xff, 0xff,
    0xff, 0xff, 0xff, 0xff, 0xff, 0xff, 0xd2, 0x51,
    0x0, 0x0, 0x0, 0x0, 0x0, 0x0, 0x0, 0x0,
    0x0, 0x0, 0x0, 0xf, 0x5e, 0xa6, 0xd7, 0xee,
    0xf9, 0xe6, 0xcc, 0x8e, 0x43, 0x1, 0x0, 0x0,
    0x0, 0x0, 0x0, 0x0,

    /* U+00D7 "×" */
    0x0, 0x0, 0x0, 0x0, 0x0, 0x0, 0x0, 0x0,
    0x0, 0x0, 0x0, 0x0, 0x0, 0x0, 0x0, 0x0,
    0x0, 0x0, 0x57, 0xbd, 0xe, 0x0, 0x0, 0x0,
    0x0, 0x0, 0x0, 0x0, 0x7b, 0xa2, 0x3, 0x0,
    0x0, 0x5b, 0xfc, 0xff, 0xcb, 0x13, 0x0, 0x0,
    0x0, 0x0, 0x0, 0x87, 0xff, 0xff, 0xa7, 0x4,
    0xa, 0xe0, 0xff, 0xff, 0xff, 0xd4, 0x19, 0x0,
    0x0, 0x1, 0x93, 0xff, 0xff, 0xff, 0xfc, 0x41,
    0x0, 0x1f, 0xdb, 0xff, 0xff, 0xff, 0xdc, 0x20,
    0x2, 0x9e, 0xff, 0xff, 0xff, 0xfa, 0x54, 0x0,
    0x0, 0x0, 0x18, 0xd3, 0xff, 0xff, 0xff, 0xe4,
    0xb1, 0xff, 0xff, 0xff, 0xf6, 0x49, 0x0, 0x0,
    0x0, 0x0, 0x0, 0x12, 0xcb, 0xff, 0xff, 0xff,
    0xff, 0xff, 0xff, 0xf2, 0x3e, 0x0, 0x0, 0x0,
    0x0, 0x0, 0x0, 0x0, 0xd, 0xc1, 0xff, 0xff,
    0xff, 0xff, 0xed, 0x35, 0x0, 0x0, 0x0, 0x0,
    0x0, 0x0, 0x0, 0x0, 0x13, 0xcc, 0xff, 0xff,
    0xff, 0xff, 0xf2, 0x40, 0x0, 0x0, 0x0, 0x0,
    0x0, 0x0, 0x0, 0x19, 0xd4, 0xff, 0xff, 0xff,
    0xff, 0xff, 0xff, 0xf7, 0x4a, 0x0, 0x0, 0x0,
    0x0, 0x0, 0x20, 0xdc, 0xff, 0xff, 0xff, 0xdc,
    0xa4, 0xff, 0xff, 0xff, 0xfa, 0x56, 0x0, 0x0,
    0x0, 0x28, 0xe3, 0xff, 0xff, 0xff, 0xd4, 0x19,
    0x1, 0x90, 0xff, 0xff, 0xff, 0xfd, 0x62, 0x0,
    0xa, 0xe4, 0xff, 0xff, 0xff, 0xcc, 0x13, 0x0,
    0x0, 0x0, 0x86, 0xff, 0xff, 0xff, 0xfe, 0x43,
    0x0, 0x4f, 0xf9, 0xff, 0xc3, 0xe, 0x0, 0x0,
    0x0, 0x0, 0x0, 0x7a, 0xff, 0xff, 0x9b, 0x1,
    0x0, 0x0, 0x4c, 0xb2, 0xa, 0x0, 0x0, 0x0,
    0x0, 0x0, 0x0, 0x0, 0x6f, 0x97, 0x1, 0x0,

    /* U+00D8 "Ø" */
    0x0, 0x0, 0x0, 0x0, 0x0, 0x0, 0x0, 0x0,
    0x0, 0x0, 0x0, 0x0, 0x0, 0x0, 0x0, 0x0,
    0x44, 0x9a, 0xf, 0x0, 0x0, 0x0, 0x0, 0x0,
    0x0, 0x0, 0x0, 0x0, 0x0, 0xf, 0x5d, 0xa5,
    0xd6, 0xed, 0xf8, 0xe1, 0xc5, 0x84, 0x3c, 0xdc,
    0xff, 0xe6, 0x49, 0x0, 0x0, 0x0, 0x0, 0x0,
    0x0, 0x0, 0xb, 0x7f, 0xef, 0xff, 0xff, 0xff,
    0xff, 0xff, 0xff, 0xff, 0xff, 0xff, 0xff, 0xff,
    0xff, 0x4f, 0x0, 0x0, 0x0, 0x0, 0x0, 0x0,
    0x28, 0xd5, 0xff, 0xff, 0xff, 0xff, 0xff, 0xff,
    0xff, 0xff, 0xff, 0xff, 0xff, 0xff, 0xff, 0xd1,
    0x0, 0x0, 0x0, 0x0, 0x0, 0x0, 0x2a, 0xef,
    0xff, 0xff, 0xff, 0xff, 0xff, 0xfa, 0xdf, 0xd2,
    0xe6, 0xff, 0xff, 0xff, 0xff, 0xff, 0xff, 0x91,
    0x0, 0x0, 0x0, 0x0, 0x11, 0xe1, 0xff, 0xff,
    0xff, 0xff, 0xc9, 0x54, 0xc, 0x0, 0x0, 0x0,
    0x89, 0xff, 0xff, 0xff, 0xff, 0xff, 0xff, 0x79,
    0x0, 0x0, 0x0, 0x91, 0xff, 0xff, 0xff, 0xff,
    0x79, 0x1, 0x0, 0x0, 0x0, 0x0, 0x2e, 0xf9,
    0xff, 0xff, 0xf4, 0xff, 0xff, 0xff, 0xf8, 0x29,
    0x0, 0x1a, 0xfb, 0xff, 0xff, 0xff, 0x7e, 0x0,
    0x0, 0x0, 0x0, 0x0, 0x6, 0xd1, 0xff, 0xff,
    0xeb, 0x22, 0xd0, 0xff, 0xff, 0xff, 0xaf, 0x0,
    0x6b, 0xff, 0xff, 0xff, 0xd8, 0x4, 0x0, 0x0,
    0x0, 0x0, 0x0, 0x87, 0xff, 0xff, 0xff, 0x52,
    0x0, 0x39, 0xff, 0xff, 0xff, 0xfd, 0x14, 0xb0,
    0xff, 0xff, 0xff, 0x78, 0x0, 0x0, 0x0, 0x0,
    0x0, 0x39, 0xfc, 0xff, 0xff, 0xa1, 0x0, 0x0,
    0x0, 0xd4, 0xff, 0xff, 0xff, 0x53, 0xcd, 0xff,
    0xff, 0xff, 0x40, 0x0, 0x0, 0x0, 0x0, 0xa,
    0xda, 0xff, 0xff, 0xe2, 0xf, 0x0, 0x0, 0x0,
    0x99, 0xff, 0xff, 0xff, 0x7a, 0xdf, 0xff, 0xff,
    0xff, 0x2d, 0x0, 0x0, 0x0, 0x0, 0x95, 0xff,
    0xff, 0xfe, 0x42, 0x0, 0x0, 0x0, 0x0, 0x86,
    0xff, 0xff, 0xff, 0x86, 0xd3, 0xff, 0xff, 0xff,
    0x3f, 0x0, 0x0, 0x0, 0x45, 0xfe, 0xff, 0xff,
    0x90, 0x0, 0x0, 0x0, 0x0, 0x0, 0x99, 0xff,
    0xff, 0xff, 0x73, 0xad, 0xff, 0xff, 0xff, 0x75,
    0x0, 0x0, 0x10, 0xe3, 0xff, 0xff, 0xd7, 0x9,
    0x0, 0x0, 0x0, 0x0, 0x0, 0xd2, 0xff, 0xff,
    0xff, 0x56, 0x6d, 0xff, 0xff, 0xff, 0xd4, 0x3,
    0x0, 0xa4, 0xff, 0xff, 0xfb, 0x34, 0x0, 0x0,
    0x0, 0x0, 0x0, 0x37, 0xff, 0xff, 0xff, 0xfc,
    0x14, 0x16, 0xf8, 0xff, 0xff, 0xff, 0x79, 0x52,
    0xff, 0xff, 0xff, 0x7f, 0x0, 0x0, 0x0, 0x0,
    0x0, 0xa, 0xcd, 0xff, 0xff, 0xff, 0xba, 0x0,
    0x0, 0x84, 0xff, 0xff, 0xff, 0xfe, 0xf1, 0xff,
    0xff, 0xcb, 0x4, 0x0, 0x0, 0x0, 0x0, 0x13,
    0xbb, 0xff, 0xff, 0xff, 0xff, 0x39, 0x0, 0x0,
    0x7, 0xd5, 0xff, 0xff, 0xff, 0xff, 0xff, 0xfc,
    0x2f, 0x0, 0x0, 0x0, 0x19, 0x72, 0xe8, 0xff,
    0xff, 0xff, 0xff, 0x9b, 0x0, 0x0, 0x0, 0x0,
    0x1e, 0xdb, 0xff, 0xff, 0xff, 0xff, 0xff, 0xf8,
    0xd7, 0xcd, 0xe2, 0xff, 0xff, 0xff, 0xff, 0xff,
    0xff, 0xbe, 0x5, 0x0, 0x0, 0x0, 0x0, 0x0,
    0x2f, 0xff, 0xff, 0xff, 0xff, 0xff, 0xff, 0xff,
    0xff, 0xff, 0xff, 0xff, 0xff, 0xff, 0xff, 0x9f,
    0xa, 0x0, 0x0, 0x0, 0x0, 0x0, 0x0, 0xa4,
    0xff, 0xff, 0xff, 0xff, 0xff, 0xff, 0xff, 0xff,
    0xff, 0xff, 0xff, 0xff, 0xd2, 0x52, 0x0, 0x0,
    0x0, 0x0, 0x0, 0x0, 0x0, 0x1, 0x89, 0xfb,
    0xff, 0x93, 0x53, 0xa1, 0xd2, 0xeb, 0xf9, 0xe6,
    0xcc, 0x8e, 0x43, 0x1, 0x0, 0x0, 0x0, 0x0,
    0x0, 0x0, 0x0, 0x0, 0x0, 0x0, 0x31, 0xb0,
    0xb, 0x0, 0x0, 0x0, 0x0, 0x0, 0x0, 0x0,
    0x0, 0x0, 0x0, 0x0, 0x0, 0x0, 0x0, 0x0,
    0x0,

    /* U+00D9 "Ù" */
    0x0, 0x0, 0x0, 0x0, 0x0, 0x8, 0x8, 0x8,
    0x8, 0x4, 0x0, 0x0, 0x0, 0x0, 0x0, 0x0,
    0x0, 0x0, 0x0, 0x0, 0x0, 0x0, 0x0, 0xb6,
    0xff, 0xff, 0xff, 0xb2, 0x0, 0x0, 0x0, 0x0,
    0x0, 0x0, 0x0, 0x0, 0x0, 0x0, 0x0, 0x0,
    0x0, 0x1c, 0xf0, 0xff, 0xff, 0xf7, 0xb, 0x0,
    0x0, 0x0, 0x0, 0x0, 0x0, 0x0, 0x0, 0x0,
    0x0, 0x0, 0x0, 0x0, 0x63, 0xff, 0xff, 0xff,
    0x53, 0x0, 0x0, 0x0, 0x0, 0x0, 0x0, 0x0,
    0x0, 0x0, 0x0, 0x0, 0x0, 0x0, 0x0, 0xb8,
    0xff, 0xff, 0xa3, 0x0, 0x0, 0x0, 0x0, 0x0,
    0x0, 0x0, 0x0, 0x0, 0x0, 0x0, 0x0, 0x0,
    0x0, 0x0, 0x0, 0x0, 0x0, 0x0, 0x0, 0x0,
    0x0, 0x0, 0x0, 0x0, 0x0, 0x0, 0x0, 0x0,
    0x0, 0x0, 0x0, 0x0, 0x0, 0x0, 0x0, 0x0,
    0x0, 0x0, 0x0, 0x0, 0x0, 0x0, 0x50, 0xff,
    0xff, 0xff, 0xbc, 0x0, 0x0, 0x0, 0x0, 0x0,
    0x0, 0x0, 0x0, 0xa8, 0xff, 0xff, 0xff, 0x64,
    0x50, 0xff, 0xff, 0xff, 0xbc, 0x0, 0x0, 0x0,
    0x0, 0x0, 0x0, 0x0, 0x0, 0xa8, 0xff, 0xff,
    0xff, 0x64, 0x50, 0xff, 0xff, 0xff, 0xbc, 0x0,
    0x0, 0x0, 0x0, 0x0, 0x0, 0x0, 0x0, 0xa8,
    0xff, 0xff, 0xff, 0x64, 0x50, 0xff, 0xff, 0xff,
    0xbc, 0x0, 0x0, 0x0, 0x0, 0x0, 0x0, 0x0,
    0x0, 0xa8, 0xff, 0xff, 0xff, 0x64, 0x50, 0xff,
    0xff, 0xff, 0xbc, 0x0, 0x0, 0x0, 0x0, 0x0,
    0x0, 0x0, 0x0, 0xa8, 0xff, 0xff, 0xff, 0x64,
    0x50, 0xff, 0xff, 0xff, 0xbc, 0x0, 0x0, 0x0,
    0x0, 0x0, 0x0, 0x0, 0x0, 0xa8, 0xff, 0xff,
    0xff, 0x64, 0x50, 0xff, 0xff, 0xff, 0xbc, 0x0,
    0x0, 0x0, 0x0, 0x0, 0x0, 0x0, 0x0, 0xa8,
    0xff, 0xff, 0xff, 0x64, 0x50, 0xff, 0xff, 0xff,
    0xbc, 0x0, 0x0, 0x0, 0x0, 0x0, 0x0, 0x0,
    0x0, 0xa8, 0xff, 0xff, 0xff, 0x64, 0x50, 0xff,
    0xff, 0xff, 0xbc, 0x0, 0x0, 0x0, 0x0, 0x0,
    0x0, 0x0, 0x0, 0xa8, 0xff, 0xff, 0xff, 0x64,
    0x50, 0xff, 0xff, 0xff, 0xbc, 0x0, 0x0, 0x0,
    0x0, 0x0, 0x0, 0x0, 0x0, 0xa8, 0xff, 0xff,
    0xff, 0x64, 0x50, 0xff, 0xff, 0xff, 0xbc, 0x0,
    0x0, 0x0, 0x0, 0x0, 0x0, 0x0, 0x0, 0xa8,
    0xff, 0xff, 0xff, 0x64, 0x50, 0xff, 0xff, 0xff,
    0xbc, 0x0, 0x0, 0x0, 0x0, 0x0, 0x0, 0x0,
    0x0, 0xa8, 0xff, 0xff, 0xff, 0x64, 0x4c, 0xff,
    0xff, 0xff, 0xbd, 0x0, 0x0, 0x0, 0x0, 0x0,
    0x0, 0x0, 0x0, 0xaa, 0xff, 0xff, 0xff, 0x5f,
    0x3a, 0xff, 0xff, 0xff, 0xd1, 0x0, 0x0, 0x0,
    0x0, 0x0, 0x0, 0x0, 0x0, 0xbf, 0xff, 0xff,
    0xff, 0x4c, 0x1a, 0xff, 0xff, 0xff, 0xfb, 0x13,
    0x0, 0x0, 0x0, 0x0, 0x0, 0x0, 0xb, 0xf4,
    0xff, 0xff, 0xff, 0x29, 0x0, 0xd9, 0xff, 0xff,
    0xff, 0x8c, 0x0, 0x0, 0x0, 0x0, 0x0, 0x0,
    0x7f, 0xff, 0xff, 0xff, 0xe5, 0x0, 0x0, 0x7b,
    0xff, 0xff, 0xff, 0xff, 0x8a, 0xf, 0x0, 0x0,
    0xc, 0x80, 0xfe, 0xff, 0xff, 0xff, 0x80, 0x0,
    0x0, 0xe, 0xe5, 0xff, 0xff, 0xff, 0xff, 0xf9,
    0xd3, 0xd2, 0xf8, 0xff, 0xff, 0xff, 0xff, 0xe4,
    0x11, 0x0, 0x0, 0x0, 0x3b, 0xf6, 0xff, 0xff,
    0xff, 0xff, 0xff, 0xff, 0xff, 0xff, 0xff, 0xff,
    0xf3, 0x39, 0x0, 0x0, 0x0, 0x0, 0x0, 0x33,
    0xda, 0xff, 0xff, 0xff, 0xff, 0xff, 0xff, 0xff,
    0xff, 0xd4, 0x2e, 0x0, 0x0, 0x0, 0x0, 0x0,
    0x0, 0x0, 0x4, 0x5c, 0xab, 0xe0, 0xf6, 0xf5,
    0xdf, 0xa8, 0x56, 0x2, 0x0, 0x0, 0x0, 0x0,

    /* U+00DA "Ú" */
    0x0, 0x0, 0x0, 0x0, 0x0, 0x0, 0x0, 0x0,
    0x3, 0x8, 0x8, 0x8, 0x8, 0x1, 0x0, 0x0,
    0x0, 0x0, 0x0, 0x0, 0x0, 0x0, 0x0, 0x0,
    0x0, 0x0, 0x9a, 0xff, 0xff, 0xff, 0xc9, 0x3,
    0x0, 0x0, 0x0, 0x0, 0x0, 0x0, 0x0, 0x0,
    0x0, 0x0, 0x0, 0x1, 0xe7, 0xff, 0xff, 0xf7,
    0x29, 0x0, 0x0, 0x0, 0x0, 0x0, 0x0, 0x0,
    0x0, 0x0, 0x0, 0x0, 0x0, 0x39, 0xff, 0xff,
    0xff, 0x75, 0x0, 0x0, 0x0, 0x0, 0x0, 0x0,
    0x0, 0x0, 0x0, 0x0, 0x0, 0x0, 0x0, 0x88,
    0xff, 0xff, 0xc7, 0x2, 0x0, 0x0, 0x0, 0x0,
    0x0, 0x0, 0x0, 0x0, 0x0, 0x0, 0x0, 0x0,
    0x0, 0x0, 0x0, 0x0, 0x0, 0x0, 0x0, 0x0,
    0x0, 0x0, 0x0, 0x0, 0x0, 0x0, 0x0, 0x0,
    0x0, 0x0, 0x0, 0x0, 0x0, 0x0, 0x0, 0x0,
    0x0, 0x0, 0x0, 0x0, 0x0, 0x0, 0x50, 0xff,
    0xff, 0xff, 0xbc, 0x0, 0x0, 0x0, 0x0, 0x0,
    0x0, 0x0, 0x0, 0xa8, 0xff, 0xff, 0xff, 0x64,
    0x50, 0xff, 0xff, 0xff, 0xbc, 0x0, 0x0, 0x0,
    0x0, 0x0, 0x0, 0x0, 0x0, 0xa8, 0xff, 0xff,
    0xff, 0x64, 0x50, 0xff, 0xff, 0xff, 0xbc, 0x0,
    0x0, 0x0, 0x0, 0x0, 0x0, 0x0, 0x0, 0xa8,
    0xff, 0xff, 0xff, 0x64, 0x50, 0xff, 0xff, 0xff,
    0xbc, 0x0, 0x0, 0x0, 0x0, 0x0, 0x0, 0x0,
    0x0, 0xa8, 0xff, 0xff, 0xff, 0x64, 0x50, 0xff,
    0xff, 0xff, 0xbc, 0x0, 0x0, 0x0, 0x0, 0x0,
    0x0, 0x0, 0x0, 0xa8, 0xff, 0xff, 0xff, 0x64,
    0x50, 0xff, 0xff, 0xff, 0xbc, 0x0, 0x0, 0x0,
    0x0, 0x0, 0x0, 0x0, 0x0, 0xa8, 0xff, 0xff,
    0xff, 0x64, 0x50, 0xff, 0xff, 0xff, 0xbc, 0x0,
    0x0, 0x0, 0x0, 0x0, 0x0, 0x0, 0x0, 0xa8,
    0xff, 0xff, 0xff, 0x64, 0x50, 0xff, 0xff, 0xff,
    0xbc, 0x0, 0x0, 0x0, 0x0, 0x0, 0x0, 0x0,
    0x0, 0xa8, 0xff, 0xff, 0xff, 0x64, 0x50, 0xff,
    0xff, 0xff, 0xbc, 0x0, 0x0, 0x0, 0x0, 0x0,
    0x0, 0x0, 0x0, 0xa8, 0xff, 0xff, 0xff, 0x64,
    0x50, 0xff, 0xff, 0xff, 0xbc, 0x0, 0x0, 0x0,
    0x0, 0x0, 0x0, 0x0, 0x0, 0xa8, 0xff, 0xff,
    0xff, 0x64, 0x50, 0xff, 0xff, 0xff, 0xbc, 0x0,
    0x0, 0x0, 0x0, 0x0, 0x0, 0x0, 0x0, 0xa8,
    0xff, 0xff, 0xff, 0x64, 0x50, 0xff, 0xff, 0xff,
    0xbc, 0x0, 0x0, 0x0, 0x0, 0x0, 0x0, 0x0,
    0x0, 0xa8, 0xff, 0xff, 0xff, 0x64, 0x4c, 0xff,
    0xff, 0xff, 0xbd, 0x0, 0x0, 0x0, 0x0, 0x0,
    0x0, 0x0, 0x0, 0xaa, 0xff, 0xff, 0xff, 0x5f,
    0x3a, 0xff, 0xff, 0xff, 0xd1, 0x0, 0x0, 0x0,
    0x0, 0x0, 0x0, 0x0, 0x0, 0xbf, 0xff, 0xff,
    0xff, 0x4c, 0x1a, 0xff, 0xff, 0xff, 0xfb, 0x13,
    0x0, 0x0, 0x0, 0x0, 0x0, 0x0, 0xb, 0xf4,
    0xff, 0xff, 0xff, 0x29, 0x0, 0xd9, 0xff, 0xff,
    0xff, 0x8c, 0x0, 0x0, 0x0, 0x0, 0x0, 0x0,
    0x7f, 0xff, 0xff, 0xff, 0xe5, 0x0, 0x0, 0x7b,
    0xff, 0xff, 0xff, 0xff, 0x8a, 0xf, 0x0, 0x0,
    0xc, 0x80, 0xfe, 0xff, 0xff, 0xff, 0x80, 0x0,
    0x0, 0xe, 0xe5, 0xff, 0xff, 0xff, 0xff, 0xf9,
    0xd3, 0xd2, 0xf8, 0xff, 0xff, 0xff, 0xff, 0xe4,
    0x11, 0x0, 0x0, 0x0, 0x3b, 0xf6, 0xff, 0xff,
    0xff, 0xff, 0xff, 0xff, 0xff, 0xff, 0xff, 0xff,
    0xf3, 0x39, 0x0, 0x0, 0x0, 0x0, 0x0, 0x33,
    0xda, 0xff, 0xff, 0xff, 0xff, 0xff, 0xff, 0xff,
    0xff, 0xd4, 0x2e, 0x0, 0x0, 0x0, 0x0, 0x0,
    0x0, 0x0, 0x4, 0x5c, 0xab, 0xe0, 0xf6, 0xf5,
    0xdf, 0xa8, 0x56, 0x2, 0x0, 0x0, 0x0, 0x0,

    /* U+00DB "Û" */
    0x0, 0x0, 0x0, 0x0, 0x0, 0x0, 0x0, 0x2f,
    0x3c, 0x3c, 0x31, 0x0, 0x0, 0x0, 0x0, 0x0,
    0x0, 0x0, 0x0, 0x0, 0x0, 0x0, 0x0, 0x0,
    0x52, 0xfe, 0xff, 0xff, 0xff, 0x53, 0x0, 0x0,
    0x0, 0x0, 0x0, 0x0, 0x0, 0x0, 0x0, 0x0,
    0x0, 0x35, 0xf6, 0xff, 0xff, 0xff, 0xff, 0xf4,
    0x2c, 0x0, 0x0, 0x0, 0x0, 0x0, 0x0, 0x0,
    0x0, 0x0, 0x1e, 0xe7, 0xff, 0xff, 0x8b, 0x80,
    0xff, 0xff, 0xdd, 0x11, 0x0, 0x0, 0x0, 0x0,
    0x0, 0x0, 0x0, 0x8, 0xd3, 0xff, 0xff, 0xe5,
    0xd, 0x8, 0xde, 0xff, 0xff, 0xb9, 0x3, 0x0,
    0x0, 0x0, 0x0, 0x0, 0x0, 0x0, 0x4, 0x4,
    0x4, 0x2, 0x0, 0x0, 0x2, 0x4, 0x4, 0x4,
    0x0, 0x0, 0x0, 0x0, 0x0, 0x0, 0x0, 0x0,
    0x0, 0x0, 0x0, 0x0, 0x0, 0x0, 0x0, 0x0,
    0x0, 0x0, 0x0, 0x0, 0x0, 0x0, 0x50, 0xff,
    0xff, 0xff, 0xbc, 0x0, 0x0, 0x0, 0x0, 0x0,
    0x0, 0x0, 0x0, 0xa8, 0xff, 0xff, 0xff, 0x64,
    0x50, 0xff, 0xff, 0xff, 0xbc, 0x0, 0x0, 0x0,
    0x0, 0x0, 0x0, 0x0, 0x0, 0xa8, 0xff, 0xff,
    0xff, 0x64, 0x50, 0xff, 0xff, 0xff, 0xbc, 0x0,
    0x0, 0x0, 0x0, 0x0, 0x0, 0x0, 0x0, 0xa8,
    0xff, 0xff, 0xff, 0x64, 0x50, 0xff, 0xff, 0xff,
    0xbc, 0x0, 0x0, 0x0, 0x0, 0x0, 0x0, 0x0,
    0x0, 0xa8, 0xff, 0xff, 0xff, 0x64, 0x50, 0xff,
    0xff, 0xff, 0xbc, 0x0, 0x0, 0x0, 0x0, 0x0,
    0x0, 0x0, 0x0, 0xa8, 0xff, 0xff, 0xff, 0x64,
    0x50, 0xff, 0xff, 0xff, 0xbc, 0x0, 0x0, 0x0,
    0x0, 0x0, 0x0, 0x0, 0x0, 0xa8, 0xff, 0xff,
    0xff, 0x64, 0x50, 0xff, 0xff, 0xff, 0xbc, 0x0,
    0x0, 0x0, 0x0, 0x0, 0x0, 0x0, 0x0, 0xa8,
    0xff, 0xff, 0xff, 0x64, 0x50, 0xff, 0xff, 0xff,
    0xbc, 0x0, 0x0, 0x0, 0x0, 0x0, 0x0, 0x0,
    0x0, 0xa8, 0xff, 0xff, 0xff, 0x64, 0x50, 0xff,
    0xff, 0xff, 0xbc, 0x0, 0x0, 0x0, 0x0, 0x0,
    0x0, 0x0, 0x0, 0xa8, 0xff, 0xff, 0xff, 0x64,
    0x50, 0xff, 0xff, 0xff, 0xbc, 0x0, 0x0, 0x0,
    0x0, 0x0, 0x0, 0x0, 0x0, 0xa8, 0xff, 0xff,
    0xff, 0x64, 0x50, 0xff, 0xff, 0xff, 0xbc, 0x0,
    0x0, 0x0, 0x0, 0x0, 0x0, 0x0, 0x0, 0xa8,
    0xff, 0xff, 0xff, 0x64, 0x50, 0xff, 0xff, 0xff,
    0xbc, 0x0, 0x0, 0x0, 0x0, 0x0, 0x0, 0x0,
    0x0, 0xa8, 0xff, 0xff, 0xff, 0x64, 0x4c, 0xff,
    0xff, 0xff, 0xbd, 0x0, 0x0, 0x0, 0x0, 0x0,
    0x0, 0x0, 0x0, 0xaa, 0xff, 0xff, 0xff, 0x5f,
    0x3a, 0xff, 0xff, 0xff, 0xd1, 0x0, 0x0, 0x0,
    0x0, 0x0, 0x0, 0x0, 0x0, 0xbf, 0xff, 0xff,
    0xff, 0x4c, 0x1a, 0xff, 0xff, 0xff, 0xfb, 0x13,
    0x0, 0x0, 0x0, 0x0, 0x0, 0x0, 0xb, 0xf4,
    0xff, 0xff, 0xff, 0x29, 0x0, 0xd9, 0xff, 0xff,
    0xff, 0x8c, 0x0, 0x0, 0x0, 0x0, 0x0, 0x0,
    0x7f, 0xff, 0xff, 0xff, 0xe5, 0x0, 0x0, 0x7b,
    0xff, 0xff, 0xff, 0xff, 0x8a, 0xf, 0x0, 0x0,
    0xc, 0x80, 0xfe, 0xff, 0xff, 0xff, 0x80, 0x0,
    0x0, 0xe, 0xe5, 0xff, 0xff, 0xff, 0xff, 0xf9,
    0xd3, 0xd2, 0xf8, 0xff, 0xff, 0xff, 0xff, 0xe4,
    0x11, 0x0, 0x0, 0x0, 0x3b, 0xf6, 0xff, 0xff,
    0xff, 0xff, 0xff, 0xff, 0xff, 0xff, 0xff, 0xff,
    0xf3, 0x39, 0x0, 0x0, 0x0, 0x0, 0x0, 0x33,
    0xda, 0xff, 0xff, 0xff, 0xff, 0xff, 0xff, 0xff,
    0xff, 0xd4, 0x2e, 0x0, 0x0, 0x0, 0x0, 0x0,
    0x0, 0x0, 0x4, 0x5c, 0xab, 0xe0, 0xf6, 0xf5,
    0xdf, 0xa8, 0x56, 0x2, 0x0, 0x0, 0x0, 0x0,

    /* U+00DC "Ü" */
    0x0, 0x0, 0x0, 0x0, 0x0, 0x1f, 0x32, 0x1,
    0x0, 0x0, 0x0, 0x30, 0x22, 0x0, 0x0, 0x0,
    0x0, 0x0, 0x0, 0x0, 0x0, 0x0, 0x69, 0xfd,
    0xff, 0xb5, 0x2, 0x1, 0xae, 0xff, 0xfe, 0x74,
    0x0, 0x0, 0x0, 0x0, 0x0, 0x0, 0x0, 0x0,
    0xe9, 0xff, 0xff, 0xff, 0x39, 0x31, 0xff, 0xff,
    0xff, 0xf3, 0x1, 0x0, 0x0, 0x0, 0x0, 0x0,
    0x0, 0x0, 0xd5, 0xff, 0xff, 0xfe, 0x26, 0x20,
    0xfd, 0xff, 0xff, 0xe1, 0x0, 0x0, 0x0, 0x0,
    0x0, 0x0, 0x0, 0x0, 0x37, 0xd8, 0xee, 0x71,
    0x0, 0x0, 0x6a, 0xec, 0xdc, 0x3f, 0x0, 0x0,
    0x0, 0x0, 0x0, 0x0, 0x0, 0x0, 0x0, 0x0,
    0x0, 0x0, 0x0, 0x0, 0x0, 0x0, 0x0, 0x0,
    0x0, 0x0, 0x0, 0x0, 0x0, 0x0, 0x0, 0x0,
    0x0, 0x0, 0x0, 0x0, 0x0, 0x0, 0x0, 0x0,
    0x0, 0x0, 0x0, 0x0, 0x0, 0x0, 0x50, 0xff,
    0xff, 0xff, 0xbc, 0x0, 0x0, 0x0, 0x0, 0x0,
    0x0, 0x0, 0x0, 0xa8, 0xff, 0xff, 0xff, 0x64,
    0x50, 0xff, 0xff, 0xff, 0xbc, 0x0, 0x0, 0x0,
    0x0, 0x0, 0x0, 0x0, 0x0, 0xa8, 0xff, 0xff,
    0xff, 0x64, 0x50, 0xff, 0xff, 0xff, 0xbc, 0x0,
    0x0, 0x0, 0x0, 0x0, 0x0, 0x0, 0x0, 0xa8,
    0xff, 0xff, 0xff, 0x64, 0x50, 0xff, 0xff, 0xff,
    0xbc, 0x0, 0x0, 0x0, 0x0, 0x0, 0x0, 0x0,
    0x0, 0xa8, 0xff, 0xff, 0xff, 0x64, 0x50, 0xff,
    0xff, 0xff, 0xbc, 0x0, 0x0, 0x0, 0x0, 0x0,
    0x0, 0x0, 0x0, 0xa8, 0xff, 0xff, 0xff, 0x64,
    0x50, 0xff, 0xff, 0xff, 0xbc, 0x0, 0x0, 0x0,
    0x0, 0x0, 0x0, 0x0, 0x0, 0xa8, 0xff, 0xff,
    0xff, 0x64, 0x50, 0xff, 0xff, 0xff, 0xbc, 0x0,
    0x0, 0x0, 0x0, 0x0, 0x0, 0x0, 0x0, 0xa8,
    0xff, 0xff, 0xff, 0x64, 0x50, 0xff, 0xff, 0xff,
    0xbc, 0x0, 0x0, 0x0, 0x0, 0x0, 0x0, 0x0,
    0x0, 0xa8, 0xff, 0xff, 0xff, 0x64, 0x50, 0xff,
    0xff, 0xff, 0xbc, 0x0, 0x0, 0x0, 0x0, 0x0,
    0x0, 0x0, 0x0, 0xa8, 0xff, 0xff, 0xff, 0x64,
    0x50, 0xff, 0xff, 0xff, 0xbc, 0x0, 0x0, 0x0,
    0x0, 0x0, 0x0, 0x0, 0x0, 0xa8, 0xff, 0xff,
    0xff, 0x64, 0x50, 0xff, 0xff, 0xff, 0xbc, 0x0,
    0x0, 0x0, 0x0, 0x0, 0x0, 0x0, 0x0, 0xa8,
    0xff, 0xff, 0xff, 0x64, 0x50, 0xff, 0xff, 0xff,
    0xbc, 0x0, 0x0, 0x0, 0x0, 0x0, 0x0, 0x0,
    0x0, 0xa8, 0xff, 0xff, 0xff, 0x64, 0x4c, 0xff,
    0xff, 0xff, 0xbd, 0x0, 0x0, 0x0, 0x0, 0x0,
    0x0, 0x0, 0x0, 0xaa, 0xff, 0xff, 0xff, 0x5f,
    0x3a, 0xff, 0xff, 0xff, 0xd1, 0x0, 0x0, 0x0,
    0x0, 0x0, 0x0, 0x0, 0x0, 0xbf, 0xff, 0xff,
    0xff, 0x4c, 0x1a, 0xff, 0xff, 0xff, 0xfb, 0x13,
    0x0, 0x0, 0x0, 0x0, 0x0, 0x0, 0xb, 0xf4,
    0xff, 0xff, 0xff, 0x29, 0x0, 0xd9, 0xff, 0xff,
    0xff, 0x8c, 0x0, 0x0, 0x0, 0x0, 0x0, 0x0,
    0x7f, 0xff, 0xff, 0xff, 0xe5, 0x0, 0x0, 0x7b,
    0xff, 0xff, 0xff, 0xff, 0x8a, 0xf, 0x0, 0x0,
    0xc, 0x80, 0xfe, 0xff, 0xff, 0xff, 0x80, 0x0,
    0x0, 0xe, 0xe5, 0xff, 0xff, 0xff, 0xff, 0xf9,
    0xd3, 0xd2, 0xf8, 0xff, 0xff, 0xff, 0xff, 0xe4,
    0x11, 0x0, 0x0, 0x0, 0x3b, 0xf6, 0xff, 0xff,
    0xff, 0xff, 0xff, 0xff, 0xff, 0xff, 0xff, 0xff,
    0xf3, 0x39, 0x0, 0x0, 0x0, 0x0, 0x0, 0x33,
    0xda, 0xff, 0xff, 0xff, 0xff, 0xff, 0xff, 0xff,
    0xff, 0xd4, 0x2e, 0x0, 0x0, 0x0, 0x0, 0x0,
    0x0, 0x0, 0x4, 0x5c, 0xab, 0xe0, 0xf6, 0xf5,
    0xdf, 0xa8, 0x56, 0x2, 0x0, 0x0, 0x0, 0x0,

    /* U+00DD "Ý" */
    0x0, 0x0, 0x0, 0x0, 0x0, 0x0, 0x0, 0x0,
    0xe, 0xf9, 0xff, 0xff, 0xff, 0x5e, 0x0, 0x0,
    0x0, 0x0, 0x0, 0x0, 0x0, 0x0, 0x0, 0x0,
    0x0, 0x0, 0x0, 0x59, 0xff, 0xff, 0xff, 0xb3,
    0x0, 0x0, 0x0, 0x0, 0x0, 0x0, 0x0, 0x0,
    0x0, 0x0, 0x0, 0x0, 0x0, 0x0, 0xa9, 0xff,
    0xff, 0xef, 0x1a, 0x0, 0x0, 0x0, 0x0, 0x0,
    0x0, 0x0, 0x0, 0x0, 0x0, 0x0, 0x0, 0x0,
    0x7, 0xf2, 0xff, 0xff, 0x5e, 0x0, 0x0, 0x0,
    0x0, 0x0, 0x0, 0x0, 0x0, 0x0, 0x0, 0x0,
    0x0, 0x0, 0x0, 0x1, 0x8, 0x8, 0x8, 0x0,
    0x0, 0x0, 0x0, 0x0, 0x0, 0x0, 0x0, 0x0,
    0x0, 0x0, 0x0, 0x0, 0x0, 0x0, 0x0, 0x0,
    0x0, 0x0, 0x0, 0x0, 0x0, 0x0, 0x0, 0x0,
    0x0, 0x0, 0x52, 0xff, 0xff, 0xff, 0xff, 0x7e,
    0x0, 0x0, 0x0, 0x0, 0x0, 0x0, 0x0, 0x71,
    0xff, 0xff, 0xff, 0xff, 0x6e, 0x0, 0xad, 0xff,
    0xff, 0xff, 0xf8, 0x24, 0x0, 0x0, 0x0, 0x0,
    0x0, 0x17, 0xf1, 0xff, 0xff, 0xff, 0xc9, 0x2,
    0x0, 0x19, 0xef, 0xff, 0xff, 0xff, 0xba, 0x0,
    0x0, 0x0, 0x0, 0x0, 0xa1, 0xff, 0xff, 0xff,
    0xfb, 0x2f, 0x0, 0x0, 0x0, 0x63, 0xff, 0xff,
    0xff, 0xff, 0x59, 0x0, 0x0, 0x0, 0x3a, 0xfe,
    0xff, 0xff, 0xff, 0x88, 0x0, 0x0, 0x0, 0x0,
    0x0, 0xbd, 0xff, 0xff, 0xff, 0xe7, 0xf, 0x0,
    0x3, 0xce, 0xff, 0xff, 0xff, 0xdd, 0x9, 0x0,
    0x0, 0x0, 0x0, 0x0, 0x23, 0xf6, 0xff, 0xff,
    0xff, 0x96, 0x0, 0x6b, 0xff, 0xff, 0xff, 0xff,
    0x45, 0x0, 0x0, 0x0, 0x0, 0x0, 0x0, 0x0,
    0x75, 0xff, 0xff, 0xff, 0xfd, 0x4d, 0xee, 0xff,
    0xff, 0xff, 0xa2, 0x0, 0x0, 0x0, 0x0, 0x0,
    0x0, 0x0, 0x0, 0x3, 0xcc, 0xff, 0xff, 0xff,
    0xff, 0xff, 0xff, 0xff, 0xec, 0x14, 0x0, 0x0,
    0x0, 0x0, 0x0, 0x0, 0x0, 0x0, 0x0, 0x2f,
    0xfb, 0xff, 0xff, 0xff, 0xff, 0xff, 0xff, 0x5e,
    0x0, 0x0, 0x0, 0x0, 0x0, 0x0, 0x0, 0x0,
    0x0, 0x0, 0x0, 0x86, 0xff, 0xff, 0xff, 0xff,
    0xff, 0xbc, 0x0, 0x0, 0x0, 0x0, 0x0, 0x0,
    0x0, 0x0, 0x0, 0x0, 0x0, 0x0, 0x8, 0xd9,
    0xff, 0xff, 0xff, 0xf6, 0x23, 0x0, 0x0, 0x0,
    0x0, 0x0, 0x0, 0x0, 0x0, 0x0, 0x0, 0x0,
    0x0, 0x0, 0x6c, 0xff, 0xff, 0xff, 0xa8, 0x0,
    0x0, 0x0, 0x0, 0x0, 0x0, 0x0, 0x0, 0x0,
    0x0, 0x0, 0x0, 0x0, 0x0, 0x68, 0xff, 0xff,
    0xff, 0xa4, 0x0, 0x0, 0x0, 0x0, 0x0, 0x0,
    0x0, 0x0, 0x0, 0x0, 0x0, 0x0, 0x0, 0x0,
    0x68, 0xff, 0xff, 0xff, 0xa4, 0x0, 0x0, 0x0,
    0x0, 0x0, 0x0, 0x0, 0x0, 0x0, 0x0, 0x0,
    0x0, 0x0, 0x0, 0x68, 0xff, 0xff, 0xff, 0xa4,
    0x0, 0x0, 0x0, 0x0, 0x0, 0x0, 0x0, 0x0,
    0x0, 0x0, 0x0, 0x0, 0x0, 0x0, 0x68, 0xff,
    0xff, 0xff, 0xa4, 0x0, 0x0, 0x0, 0x0, 0x0,
    0x0, 0x0, 0x0, 0x0, 0x0, 0x0, 0x0, 0x0,
    0x0, 0x68, 0xff, 0xff, 0xff, 0xa4, 0x0, 0x0,
    0x0, 0x0, 0x0, 0x0, 0x0, 0x0, 0x0, 0x0,
    0x0, 0x0, 0x0, 0x0, 0x68, 0xff, 0xff, 0xff,
    0xa4, 0x0, 0x0, 0x0, 0x0, 0x0, 0x0, 0x0,
    0x0, 0x0, 0x0, 0x0, 0x0, 0x0, 0x0, 0x68,
    0xff, 0xff, 0xff, 0xa4, 0x0, 0x0, 0x0, 0x0,
    0x0, 0x0, 0x0, 0x0, 0x0, 0x0, 0x0, 0x0,
    0x0, 0x0, 0x68, 0xff, 0xff, 0xff, 0xa4, 0x0,
    0x0, 0x0, 0x0, 0x0, 0x0, 0x0, 0x0, 0x0,
    0x0, 0x0, 0x0, 0x0, 0x0, 0x68, 0xff, 0xff,
    0xff, 0xa4, 0x0, 0x0, 0x0, 0x0, 0x0, 0x0,
    0x0,

    /* U+00DE "Þ" */
    0xd8, 0xff, 0xff, 0xff, 0x34, 0x0, 0x0, 0x0,
    0x0, 0x0, 0x0, 0x0, 0x0, 0x0, 0x0, 0x0,
    0xd8, 0xff, 0xff, 0xff, 0x34, 0x0, 0x0, 0x0,
    0x0, 0x0, 0x0, 0x0, 0x0, 0x0, 0x0, 0x0,
    0xd8, 0xff, 0xff, 0xff, 0x34, 0x0, 0x0, 0x0,
    0x0, 0x0, 0x0, 0x0, 0x0, 0x0, 0x0, 0x0,
    0xd8, 0xff, 0xff, 0xff, 0xff, 0xff, 0xff, 0xff,
    0xee, 0xc8, 0x7c, 0x15, 0x0, 0x0, 0x0, 0x0,
    0xd8, 0xff, 0xff, 0xff, 0xff, 0xff, 0xff, 0xff,
    0xff, 0xff, 0xff, 0xf4, 0x61, 0x0, 0x0, 0x0,
    0xd8, 0xff, 0xff, 0xff, 0xff, 0xff, 0xff, 0xff,
    0xff, 0xff, 0xff, 0xff, 0xff, 0x6b, 0x0, 0x0,
    0xd8, 0xff, 0xff, 0xff, 0xd6, 0xcc, 0xcc, 0xcd,
    0xeb, 0xff, 0xff, 0xff, 0xff, 0xfa, 0x25, 0x0,
    0xd8, 0xff, 0xff, 0xff, 0x34, 0x0, 0x0, 0x0,
    0x0, 0x47, 0xed, 0xff, 0xff, 0xff, 0x97, 0x0,
    0xd8, 0xff, 0xff, 0xff, 0x34, 0x0, 0x0, 0x0,
    0x0, 0x0, 0x63, 0xff, 0xff, 0xff, 0xe1, 0x0,
    0xd8, 0xff, 0xff, 0xff, 0x34, 0x0, 0x0, 0x0,
    0x0, 0x0, 0x17, 0xff, 0xff, 0xff, 0xfd, 0x3,
    0xd8, 0xff, 0xff, 0xff, 0x34, 0x0, 0x0, 0x0,
    0x0, 0x0, 0x1e, 0xff, 0xff, 0xff, 0xfb, 0x1,
    0xd8, 0xff, 0xff, 0xff, 0x34, 0x0, 0x0, 0x0,
    0x0, 0x0, 0x78, 0xff, 0xff, 0xff, 0xd8, 0x0,
    0xd8, 0xff, 0xff, 0xff, 0x34, 0x0, 0x0, 0x0,
    0x1d, 0x73, 0xf8, 0xff, 0xff, 0xff, 0x85, 0x0,
    0xd8, 0xff, 0xff, 0xff, 0xff, 0xff, 0xff, 0xff,
    0xff, 0xff, 0xff, 0xff, 0xff, 0xee, 0x14, 0x0,
    0xd8, 0xff, 0xff, 0xff, 0xff, 0xff, 0xff, 0xff,
    0xff, 0xff, 0xff, 0xff, 0xf9, 0x44, 0x0, 0x0,
    0xd8, 0xff, 0xff, 0xff, 0xff, 0xff, 0xff, 0xff,
    0xff, 0xff, 0xff, 0xd5, 0x34, 0x0, 0x0, 0x0,
    0xd8, 0xff, 0xff, 0xff, 0xd6, 0xcc, 0xcc, 0xcb,
    0xbb, 0x96, 0x4c, 0x2, 0x0, 0x0, 0x0, 0x0,
    0xd8, 0xff, 0xff, 0xff, 0x34, 0x0, 0x0, 0x0,
    0x0, 0x0, 0x0, 0x0, 0x0, 0x0, 0x0, 0x0,
    0xd8, 0xff, 0xff, 0xff, 0x34, 0x0, 0x0, 0x0,
    0x0, 0x0, 0x0, 0x0, 0x0, 0x0, 0x0, 0x0,
    0xd8, 0xff, 0xff, 0xff, 0x34, 0x0, 0x0, 0x0,
    0x0, 0x0, 0x0, 0x0, 0x0, 0x0, 0x0, 0x0,
    0xd8, 0xff, 0xff, 0xff, 0x34, 0x0, 0x0, 0x0,
    0x0, 0x0, 0x0, 0x0, 0x0, 0x0, 0x0, 0x0,

    /* U+00DF "ß" */
    0x0, 0x0, 0x0, 0x32, 0x9c, 0xdb, 0xf5, 0xf7,
    0xdd, 0xa4, 0x47, 0x0, 0x0, 0x0, 0x0, 0x0,
    0x3, 0x8f, 0xff, 0xff, 0xff, 0xff, 0xff, 0xff,
    0xff, 0xff, 0xb4, 0xd, 0x0, 0x0, 0x0, 0x8b,
    0xff, 0xff, 0xff, 0xff, 0xff, 0xff, 0xff, 0xff,
    0xff, 0xff, 0xb8, 0x0, 0x0, 0x2a, 0xfd, 0xff,
    0xff, 0xff, 0xeb, 0xab, 0xa4, 0xe1, 0xff, 0xff,
    0xff, 0xff, 0x40, 0x0, 0x8a, 0xff, 0xff, 0xff,
    0xd1, 0x14, 0x0, 0x0, 0x4, 0xa7, 0xff, 0xff,
    0xff, 0x7f, 0x0, 0xc1, 0xff, 0xff, 0xff, 0x4d,
    0x0, 0x0, 0x0, 0x0, 0x44, 0xff, 0xff, 0xff,
    0x7f, 0x0, 0xd5, 0xff, 0xff, 0xff, 0x1f, 0x0,
    0x0, 0x0, 0x0, 0x95, 0xff, 0xff, 0xff, 0x49,
    0x0, 0xd8, 0xff, 0xff, 0xff, 0x18, 0x0, 0x51,
    0x7c, 0xc0, 0xff, 0xff, 0xff, 0xc3, 0x1, 0x0,
    0xd8, 0xff, 0xff, 0xff, 0x18, 0x0, 0xc8, 0xff,
    0xff, 0xff, 0xff, 0xc2, 0x14, 0x0, 0x0, 0xd8,
    0xff, 0xff, 0xff, 0x18, 0x0, 0xc8, 0xff, 0xff,
    0xff, 0xff, 0x97, 0xf, 0x0, 0x0, 0xd8, 0xff,
    0xff, 0xff, 0x18, 0x0, 0xc8, 0xff, 0xff, 0xff,
    0xff, 0xff, 0xe0, 0x1c, 0x0, 0xd8, 0xff, 0xff,
    0xff, 0x18, 0x0, 0x0, 0x14, 0x52, 0xd7, 0xff,
    0xff, 0xff, 0xc9, 0x0, 0xd8, 0xff, 0xff, 0xff,
    0x18, 0x0, 0x0, 0x0, 0x0, 0x12, 0xe1, 0xff,
    0xff, 0xff, 0x40, 0xd8, 0xff, 0xff, 0xff, 0x18,
    0x0, 0x0, 0x0, 0x0, 0x0, 0x74, 0xff, 0xff,
    0xff, 0x76, 0xd8, 0xff, 0xff, 0xff, 0x18, 0x0,
    0x0, 0x0, 0x0, 0x0, 0x65, 0xff, 0xff, 0xff,
    0x90, 0xd8, 0xff, 0xff, 0xff, 0x18, 0x0, 0x0,
    0x0, 0x0, 0x0, 0x9d, 0xff, 0xff, 0xff, 0x80,
    0xd8, 0xff, 0xff, 0xff, 0x18, 0x0, 0x0, 0x0,
    0x0, 0x52, 0xfd, 0xff, 0xff, 0xff, 0x48, 0xd8,
    0xff, 0xff, 0xff, 0x18, 0x13, 0xa6, 0x9c, 0xc7,
    0xff, 0xff, 0xff, 0xff, 0xdd, 0x5, 0xd8, 0xff,
    0xff, 0xff, 0x18, 0x1c, 0xff, 0xff, 0xff, 0xff,
    0xff, 0xff, 0xfb, 0x45, 0x0, 0xd8, 0xff, 0xff,
    0xff, 0x18, 0x1c, 0xff, 0xff, 0xff, 0xff, 0xff,
    0xf0, 0x50, 0x0, 0x0, 0xd8, 0xff, 0xff, 0xff,
    0x18, 0x1c, 0xff, 0xfe, 0xef, 0xc8, 0x7c, 0x14,
    0x0, 0x0, 0x0,

    /* U+00E0 "à" */
    0x0, 0x0, 0x0, 0x0, 0xaf, 0xff, 0xff, 0xff,
    0xbb, 0x0, 0x0, 0x0, 0x0, 0x0, 0x0, 0x0,
    0x0, 0x0, 0x0, 0x18, 0xed, 0xff, 0xff, 0xfb,
    0x10, 0x0, 0x0, 0x0, 0x0, 0x0, 0x0, 0x0,
    0x0, 0x0, 0x0, 0x5c, 0xff, 0xff, 0xff, 0x5c,
    0x0, 0x0, 0x0, 0x0, 0x0, 0x0, 0x0, 0x0,
    0x0, 0x0, 0x0, 0xb2, 0xff, 0xff, 0xad, 0x0,
    0x0, 0x0, 0x0, 0x0, 0x0, 0x0, 0x0, 0x0,
    0x0, 0x0, 0x2, 0x8, 0x8, 0x6, 0x0, 0x0,
    0x0, 0x0, 0x0, 0x0, 0x0, 0x0, 0x0, 0x0,
    0x0, 0x0, 0x0, 0x0, 0x0, 0x0, 0x0, 0x0,
    0x0, 0x0, 0x0, 0x0, 0x0, 0x11, 0x70, 0xbf,
    0xe4, 0xfa, 0xf1, 0xd4, 0x9b, 0x39, 0x0, 0x0,
    0x0, 0x0, 0x0, 0x56, 0xea, 0xff, 0xff, 0xff,
    0xff, 0xff, 0xff, 0xff, 0xff, 0x9d, 0x4, 0x0,
    0x0, 0x61, 0xfe, 0xff, 0xff, 0xff, 0xff, 0xff,
    0xff, 0xff, 0xff, 0xff, 0xff, 0x90, 0x0, 0x0,
    0x1e, 0xa9, 0xff, 0xf9, 0x93, 0x42, 0x2b, 0x49,
    0xae, 0xff, 0xff, 0xff, 0xfb, 0x1f, 0x0, 0x0,
    0x0, 0x3f, 0x36, 0x0, 0x0, 0x0, 0x0, 0x0,
    0x9f, 0xff, 0xff, 0xff, 0x68, 0x0, 0x0, 0x0,
    0x18, 0x75, 0xb0, 0xc9, 0xc8, 0xb3, 0x82, 0x7b,
    0xff, 0xff, 0xff, 0x8c, 0x0, 0x0, 0x67, 0xf5,
    0xff, 0xff, 0xff, 0xff, 0xff, 0xff, 0xff, 0xff,
    0xff, 0xff, 0x9b, 0x0, 0x58, 0xff, 0xff, 0xff,
    0xff, 0xff, 0xff, 0xff, 0xff, 0xff, 0xff, 0xff,
    0xff, 0x9c, 0x0, 0xdd, 0xff, 0xff, 0xff, 0xaf,
    0x2e, 0x9, 0x18, 0x44, 0xb1, 0xff, 0xff, 0xff,
    0x9c, 0x18, 0xff, 0xff, 0xff, 0xe6, 0x4, 0x0,
    0x0, 0x0, 0x0, 0x6d, 0xff, 0xff, 0xff, 0x9c,
    0x1c, 0xff, 0xff, 0xff, 0xdf, 0x0, 0x0, 0x0,
    0x0, 0xb, 0xdb, 0xff, 0xff, 0xff, 0x9c, 0x2,
    0xe9, 0xff, 0xff, 0xff, 0x9a, 0x21, 0xb, 0x43,
    0xd2, 0xff, 0xff, 0xff, 0xff, 0x9c, 0x0, 0x78,
    0xff, 0xff, 0xff, 0xff, 0xff, 0xff, 0xff, 0xff,
    0xff, 0xff, 0xff, 0xff, 0x9c, 0x0, 0x2, 0xa2,
    0xff, 0xff, 0xff, 0xff, 0xff, 0xff, 0xec, 0x81,
    0xff, 0xff, 0xff, 0x9c, 0x0, 0x0, 0x0, 0x4f,
    0xb8, 0xee, 0xf9, 0xe0, 0x95, 0x18, 0x44, 0xff,
    0xff, 0xff, 0x9c,

    /* U+00E1 "á" */
    0x0, 0x0, 0x0, 0x0, 0x0, 0x0, 0x0, 0xb1,
    0xff, 0xff, 0xff, 0xb9, 0x0, 0x0, 0x0, 0x0,
    0x0, 0x0, 0x0, 0x0, 0x0, 0xa, 0xf6, 0xff,
    0xff, 0xf1, 0x1d, 0x0, 0x0, 0x0, 0x0, 0x0,
    0x0, 0x0, 0x0, 0x0, 0x51, 0xff, 0xff, 0xff,
    0x62, 0x0, 0x0, 0x0, 0x0, 0x0, 0x0, 0x0,
    0x0, 0x0, 0x0, 0xa2, 0xff, 0xff, 0xb6, 0x0,
    0x0, 0x0, 0x0, 0x0, 0x0, 0x0, 0x0, 0x0,
    0x0, 0x0, 0x6, 0x8, 0x8, 0x2, 0x0, 0x0,
    0x0, 0x0, 0x0, 0x0, 0x0, 0x0, 0x0, 0x0,
    0x0, 0x0, 0x0, 0x0, 0x0, 0x0, 0x0, 0x0,
    0x0, 0x0, 0x0, 0x0, 0x0, 0x11, 0x70, 0xbf,
    0xe4, 0xfa, 0xf1, 0xd4, 0x9b, 0x39, 0x0, 0x0,
    0x0, 0x0, 0x0, 0x56, 0xea, 0xff, 0xff, 0xff,
    0xff, 0xff, 0xff, 0xff, 0xff, 0x9d, 0x4, 0x0,
    0x0, 0x61, 0xfe, 0xff, 0xff, 0xff, 0xff, 0xff,
    0xff, 0xff, 0xff, 0xff, 0xff, 0x90, 0x0, 0x0,
    0x1e, 0xa9, 0xff, 0xf9, 0x93, 0x42, 0x2b, 0x49,
    0xae, 0xff, 0xff, 0xff, 0xfb, 0x1f, 0x0, 0x0,
    0x0, 0x3f, 0x36, 0x0, 0x0, 0x0, 0x0, 0x0,
    0x9f, 0xff, 0xff, 0xff, 0x68, 0x0, 0x0, 0x0,
    0x18, 0x75, 0xb0, 0xc9, 0xc8, 0xb3, 0x82, 0x7b,
    0xff, 0xff, 0xff, 0x8c, 0x0, 0x0, 0x67, 0xf5,
    0xff, 0xff, 0xff, 0xff, 0xff, 0xff, 0xff, 0xff,
    0xff, 0xff, 0x9b, 0x0, 0x58, 0xff, 0xff, 0xff,
    0xff, 0xff, 0xff, 0xff, 0xff, 0xff, 0xff, 0xff,
    0xff, 0x9c, 0x0, 0xdd, 0xff, 0xff, 0xff, 0xaf,
    0x2e, 0x9, 0x18, 0x44, 0xb1, 0xff, 0xff, 0xff,
    0x9c, 0x18, 0xff, 0xff, 0xff, 0xe6, 0x4, 0x0,
    0x0, 0x0, 0x0, 0x6d, 0xff, 0xff, 0xff, 0x9c,
    0x1c, 0xff, 0xff, 0xff, 0xdf, 0x0, 0x0, 0x0,
    0x0, 0xb, 0xdb, 0xff, 0xff, 0xff, 0x9c, 0x2,
    0xe9, 0xff, 0xff, 0xff, 0x9a, 0x21, 0xb, 0x43,
    0xd2, 0xff, 0xff, 0xff, 0xff, 0x9c, 0x0, 0x78,
    0xff, 0xff, 0xff, 0xff, 0xff, 0xff, 0xff, 0xff,
    0xff, 0xff, 0xff, 0xff, 0x9c, 0x0, 0x2, 0xa2,
    0xff, 0xff, 0xff, 0xff, 0xff, 0xff, 0xec, 0x81,
    0xff, 0xff, 0xff, 0x9c, 0x0, 0x0, 0x0, 0x4f,
    0xb8, 0xee, 0xf9, 0xe0, 0x95, 0x18, 0x44, 0xff,
    0xff, 0xff, 0x9c,

    /* U+00E2 "â" */
    0x0, 0x0, 0x0, 0x0, 0x0, 0x5d, 0xfd, 0xff,
    0xff, 0xe2, 0x1c, 0x0, 0x0, 0x0, 0x0, 0x0,
    0x0, 0x0, 0x0, 0x55, 0xfc, 0xff, 0xff, 0xff,
    0xff, 0xd5, 0x11, 0x0, 0x0, 0x0, 0x0, 0x0,
    0x0, 0x4e, 0xfa, 0xff, 0xff, 0x7e, 0xc1, 0xff,
    0xff, 0xc5, 0x9, 0x0, 0x0, 0x0, 0x0, 0x1c,
    0xbc, 0xc4, 0xc4, 0x93, 0x0, 0x18, 0xbd, 0xc4,
    0xc4, 0x76, 0x0, 0x0, 0x0, 0x0, 0x0, 0x0,
    0x0, 0x0, 0x0, 0x0, 0x0, 0x0, 0x0, 0x0,
    0x0, 0x0, 0x0, 0x0, 0x0, 0x0, 0x0, 0x0,
    0x0, 0x0, 0x0, 0x0, 0x0, 0x0, 0x0, 0x0,
    0x0, 0x0, 0x0, 0x0, 0x0, 0x11, 0x70, 0xbf,
    0xe4, 0xfa, 0xf1, 0xd4, 0x9b, 0x39, 0x0, 0x0,
    0x0, 0x0, 0x0, 0x56, 0xea, 0xff, 0xff, 0xff,
    0xff, 0xff, 0xff, 0xff, 0xff, 0x9d, 0x4, 0x0,
    0x0, 0x61, 0xfe, 0xff, 0xff, 0xff, 0xff, 0xff,
    0xff, 0xff, 0xff, 0xff, 0xff, 0x90, 0x0, 0x0,
    0x1e, 0xa9, 0xff, 0xf9, 0x93, 0x42, 0x2b, 0x49,
    0xae, 0xff, 0xff, 0xff, 0xfb, 0x1f, 0x0, 0x0,
    0x0, 0x3f, 0x36, 0x0, 0x0, 0x0, 0x0, 0x0,
    0x9f, 0xff, 0xff, 0xff, 0x68, 0x0, 0x0, 0x0,
    0x18, 0x75, 0xb0, 0xc9, 0xc8, 0xb3, 0x82, 0x7b,
    0xff, 0xff, 0xff, 0x8c, 0x0, 0x0, 0x67, 0xf5,
    0xff, 0xff, 0xff, 0xff, 0xff, 0xff, 0xff, 0xff,
    0xff, 0xff, 0x9b, 0x0, 0x58, 0xff, 0xff, 0xff,
    0xff, 0xff, 0xff, 0xff, 0xff, 0xff, 0xff, 0xff,
    0xff, 0x9c, 0x0, 0xdd, 0xff, 0xff, 0xff, 0xaf,
    0x2e, 0x9, 0x18, 0x44, 0xb1, 0xff, 0xff, 0xff,
    0x9c, 0x18, 0xff, 0xff, 0xff, 0xe6, 0x4, 0x0,
    0x0, 0x0, 0x0, 0x6d, 0xff, 0xff, 0xff, 0x9c,
    0x1c, 0xff, 0xff, 0xff, 0xdf, 0x0, 0x0, 0x0,
    0x0, 0xb, 0xdb, 0xff, 0xff, 0xff, 0x9c, 0x2,
    0xe9, 0xff, 0xff, 0xff, 0x9a, 0x21, 0xb, 0x43,
    0xd2, 0xff, 0xff, 0xff, 0xff, 0x9c, 0x0, 0x78,
    0xff, 0xff, 0xff, 0xff, 0xff, 0xff, 0xff, 0xff,
    0xff, 0xff, 0xff, 0xff, 0x9c, 0x0, 0x2, 0xa2,
    0xff, 0xff, 0xff, 0xff, 0xff, 0xff, 0xec, 0x81,
    0xff, 0xff, 0xff, 0x9c, 0x0, 0x0, 0x0, 0x4f,
    0xb8, 0xee, 0xf9, 0xe0, 0x95, 0x18, 0x44, 0xff,
    0xff, 0xff, 0x9c,

    /* U+00E3 "ã" */
    0x0, 0x0, 0x0, 0x11, 0x92, 0xe2, 0xfd, 0xfb,
    0xf6, 0xf0, 0xf8, 0xff, 0xff, 0x67, 0x0, 0x0,
    0x0, 0x0, 0xbe, 0xff, 0xff, 0xff, 0xff, 0xff,
    0xff, 0xff, 0xff, 0xe9, 0x18, 0x0, 0x0, 0x0,
    0x20, 0xf8, 0xf8, 0xf5, 0xed, 0xf3, 0xf9, 0xfe,
    0xec, 0xaf, 0x2b, 0x0, 0x0, 0x0, 0x0, 0x0,
    0x0, 0x0, 0x0, 0x0, 0x0, 0x0, 0x0, 0x0,
    0x0, 0x0, 0x0, 0x0, 0x0, 0x0, 0x0, 0x0,
    0x0, 0x0, 0x0, 0x0, 0x0, 0x0, 0x0, 0x0,
    0x0, 0x0, 0x0, 0x0, 0x0, 0x0, 0x0, 0x0,
    0x0, 0x0, 0x0, 0x0, 0x0, 0x0, 0x0, 0x0,
    0x0, 0x0, 0x0, 0x0, 0x0, 0x11, 0x70, 0xbf,
    0xe4, 0xfa, 0xf1, 0xd4, 0x9b, 0x39, 0x0, 0x0,
    0x0, 0x0, 0x0, 0x56, 0xea, 0xff, 0xff, 0xff,
    0xff, 0xff, 0xff, 0xff, 0xff, 0x9d, 0x4, 0x0,
    0x0, 0x61, 0xfe, 0xff, 0xff, 0xff, 0xff, 0xff,
    0xff, 0xff, 0xff, 0xff, 0xff, 0x90, 0x0, 0x0,
    0x1e, 0xa9, 0xff, 0xf9, 0x93, 0x42, 0x2b, 0x49,
    0xae, 0xff, 0xff, 0xff, 0xfb, 0x1f, 0x0, 0x0,
    0x0, 0x3f, 0x36, 0x0, 0x0, 0x0, 0x0, 0x0,
    0x9f, 0xff, 0xff, 0xff, 0x68, 0x0, 0x0, 0x0,
    0x18, 0x75, 0xb0, 0xc9, 0xc8, 0xb3, 0x82, 0x7b,
    0xff, 0xff, 0xff, 0x8c, 0x0, 0x0, 0x67, 0xf5,
    0xff, 0xff, 0xff, 0xff, 0xff, 0xff, 0xff, 0xff,
    0xff, 0xff, 0x9b, 0x0, 0x58, 0xff, 0xff, 0xff,
    0xff, 0xff, 0xff, 0xff, 0xff, 0xff, 0xff, 0xff,
    0xff, 0x9c, 0x0, 0xdd, 0xff, 0xff, 0xff, 0xaf,
    0x2e, 0x9, 0x18, 0x44, 0xb1, 0xff, 0xff, 0xff,
    0x9c, 0x18, 0xff, 0xff, 0xff, 0xe6, 0x4, 0x0,
    0x0, 0x0, 0x0, 0x6d, 0xff, 0xff, 0xff, 0x9c,
    0x1c, 0xff, 0xff, 0xff, 0xdf, 0x0, 0x0, 0x0,
    0x0, 0xb, 0xdb, 0xff, 0xff, 0xff, 0x9c, 0x2,
    0xe9, 0xff, 0xff, 0xff, 0x9a, 0x21, 0xb, 0x43,
    0xd2, 0xff, 0xff, 0xff, 0xff, 0x9c, 0x0, 0x78,
    0xff, 0xff, 0xff, 0xff, 0xff, 0xff, 0xff, 0xff,
    0xff, 0xff, 0xff, 0xff, 0x9c, 0x0, 0x2, 0xa2,
    0xff, 0xff, 0xff, 0xff, 0xff, 0xff, 0xec, 0x81,
    0xff, 0xff, 0xff, 0x9c, 0x0, 0x0, 0x0, 0x4f,
    0xb8, 0xee, 0xf9, 0xe0, 0x95, 0x18, 0x44, 0xff,
    0xff, 0xff, 0x9c,

    /* U+00E4 "ä" */
    0x0, 0x0, 0x0, 0x32, 0xd4, 0xef, 0x81, 0x0,
    0x0, 0x60, 0xea, 0xe0, 0x49, 0x0, 0x0, 0x0,
    0x0, 0x0, 0xcb, 0xff, 0xff, 0xff, 0x34, 0x14,
    0xfb, 0xff, 0xff, 0xed, 0x1, 0x0, 0x0, 0x0,
    0x0, 0xdc, 0xff, 0xff, 0xff, 0x44, 0x20, 0xff,
    0xff, 0xff, 0xfa, 0x6, 0x0, 0x0, 0x0, 0x0,
    0x5c, 0xfb, 0xff, 0xbf, 0x4, 0x0, 0x9c, 0xff,
    0xff, 0x7c, 0x0, 0x0, 0x0, 0x0, 0x0, 0x0,
    0x1c, 0x34, 0x3, 0x0, 0x0, 0x0, 0x2d, 0x25,
    0x0, 0x0, 0x0, 0x0, 0x0, 0x0, 0x0, 0x0,
    0x0, 0x0, 0x0, 0x0, 0x0, 0x0, 0x0, 0x0,
    0x0, 0x0, 0x0, 0x0, 0x0, 0x11, 0x70, 0xbf,
    0xe4, 0xfa, 0xf1, 0xd4, 0x9b, 0x39, 0x0, 0x0,
    0x0, 0x0, 0x0, 0x56, 0xea, 0xff, 0xff, 0xff,
    0xff, 0xff, 0xff, 0xff, 0xff, 0x9d, 0x4, 0x0,
    0x0, 0x61, 0xfe, 0xff, 0xff, 0xff, 0xff, 0xff,
    0xff, 0xff, 0xff, 0xff, 0xff, 0x90, 0x0, 0x0,
    0x1e, 0xa9, 0xff, 0xf9, 0x93, 0x42, 0x2b, 0x49,
    0xae, 0xff, 0xff, 0xff, 0xfb, 0x1f, 0x0, 0x0,
    0x0, 0x3f, 0x36, 0x0, 0x0, 0x0, 0x0, 0x0,
    0x9f, 0xff, 0xff, 0xff, 0x68, 0x0, 0x0, 0x0,
    0x18, 0x75, 0xb0, 0xc9, 0xc8, 0xb3, 0x82, 0x7b,
    0xff, 0xff, 0xff, 0x8c, 0x0, 0x0, 0x67, 0xf5,
    0xff, 0xff, 0xff, 0xff, 0xff, 0xff, 0xff, 0xff,
    0xff, 0xff, 0x9b, 0x0, 0x58, 0xff, 0xff, 0xff,
    0xff, 0xff, 0xff, 0xff, 0xff, 0xff, 0xff, 0xff,
    0xff, 0x9c, 0x0, 0xdd, 0xff, 0xff, 0xff, 0xaf,
    0x2e, 0x9, 0x18, 0x44, 0xb1, 0xff, 0xff, 0xff,
    0x9c, 0x18, 0xff, 0xff, 0xff, 0xe6, 0x4, 0x0,
    0x0, 0x0, 0x0, 0x6d, 0xff, 0xff, 0xff, 0x9c,
    0x1c, 0xff, 0xff, 0xff, 0xdf, 0x0, 0x0, 0x0,
    0x0, 0xb, 0xdb, 0xff, 0xff, 0xff, 0x9c, 0x2,
    0xe9, 0xff, 0xff, 0xff, 0x9a, 0x21, 0xb, 0x43,
    0xd2, 0xff, 0xff, 0xff, 0xff, 0x9c, 0x0, 0x78,
    0xff, 0xff, 0xff, 0xff, 0xff, 0xff, 0xff, 0xff,
    0xff, 0xff, 0xff, 0xff, 0x9c, 0x0, 0x2, 0xa2,
    0xff, 0xff, 0xff, 0xff, 0xff, 0xff, 0xec, 0x81,
    0xff, 0xff, 0xff, 0x9c, 0x0, 0x0, 0x0, 0x4f,
    0xb8, 0xee, 0xf9, 0xe0, 0x95, 0x18, 0x44, 0xff,
    0xff, 0xff, 0x9c,

    /* U+00E5 "å" */
    0x0, 0x0, 0x0, 0x0, 0x0, 0x0, 0x0, 0xc,
    0x13, 0x0, 0x0, 0x0, 0x0, 0x0, 0x0, 0x0,
    0x0, 0x0, 0x0, 0x0, 0x15, 0xb2, 0xfd, 0xff,
    0xc9, 0x2a, 0x0, 0x0, 0x0, 0x0, 0x0, 0x0,
    0x0, 0x0, 0x0, 0xb5, 0xff, 0xff, 0xff, 0xff,
    0xdd, 0x9, 0x0, 0x0, 0x0, 0x0, 0x0, 0x0,
    0x0, 0xe, 0xfe, 0xff, 0x47, 0x24, 0xf1, 0xff,
    0x49, 0x0, 0x0, 0x0, 0x0, 0x0, 0x0, 0x0,
    0x9, 0xfc, 0xff, 0x6b, 0x4a, 0xf7, 0xff, 0x42,
    0x0, 0x0, 0x0, 0x0, 0x0, 0x0, 0x0, 0x0,
    0xa1, 0xff, 0xff, 0xff, 0xff, 0xcc, 0x4, 0x0,
    0x0, 0x0, 0x0, 0x0, 0x0, 0x0, 0x0, 0xa,
    0x8e, 0xe4, 0xec, 0xa5, 0x18, 0x0, 0x0, 0x0,
    0x0, 0x0, 0x0, 0x0, 0x0, 0x0, 0x0, 0x0,
    0x0, 0x0, 0x0, 0x0, 0x0, 0x0, 0x0, 0x0,
    0x0, 0x0, 0x0, 0x0, 0x0, 0x0, 0x0, 0x0,
    0x0, 0x0, 0x0, 0x0, 0x0, 0x0, 0x0, 0x0,
    0x0, 0x0, 0x11, 0x70, 0xbf, 0xe4, 0xfa, 0xf1,
    0xd4, 0x9b, 0x39, 0x0, 0x0, 0x0, 0x0, 0x0,
    0x56, 0xea, 0xff, 0xff, 0xff, 0xff, 0xff, 0xff,
    0xff, 0xff, 0x9d, 0x4, 0x0, 0x0, 0x61, 0xfe,
    0xff, 0xff, 0xff, 0xff, 0xff, 0xff, 0xff, 0xff,
    0xff, 0xff, 0x90, 0x0, 0x0, 0x1e, 0xa9, 0xff,
    0xf9, 0x93, 0x42, 0x2b, 0x49, 0xae, 0xff, 0xff,
    0xff, 0xfb, 0x1f, 0x0, 0x0, 0x0, 0x3f, 0x36,
    0x0, 0x0, 0x0, 0x0, 0x0, 0x9f, 0xff, 0xff,
    0xff, 0x68, 0x0, 0x0, 0x0, 0x18, 0x75, 0xb0,
    0xc9, 0xc8, 0xb3, 0x82, 0x7b, 0xff, 0xff, 0xff,
    0x8c, 0x0, 0x0, 0x67, 0xf5, 0xff, 0xff, 0xff,
    0xff, 0xff, 0xff, 0xff, 0xff, 0xff, 0xff, 0x9b,
    0x0, 0x58, 0xff, 0xff, 0xff, 0xff, 0xff, 0xff,
    0xff, 0xff, 0xff, 0xff, 0xff, 0xff, 0x9c, 0x0,
    0xdd, 0xff, 0xff, 0xff, 0xaf, 0x2e, 0x9, 0x18,
    0x44, 0xb1, 0xff, 0xff, 0xff, 0x9c, 0x18, 0xff,
    0xff, 0xff, 0xe6, 0x4, 0x0, 0x0, 0x0, 0x0,
    0x6d, 0xff, 0xff, 0xff, 0x9c, 0x1c, 0xff, 0xff,
    0xff, 0xdf, 0x0, 0x0, 0x0, 0x0, 0xb, 0xdb,
    0xff, 0xff, 0xff, 0x9c, 0x2, 0xe9, 0xff, 0xff,
    0xff, 0x9a, 0x21, 0xb, 0x43, 0xd2, 0xff, 0xff,
    0xff, 0xff, 0x9c, 0x0, 0x78, 0xff, 0xff, 0xff,
    0xff, 0xff, 0xff, 0xff, 0xff, 0xff, 0xff, 0xff,
    0xff, 0x9c, 0x0, 0x2, 0xa2, 0xff, 0xff, 0xff,
    0xff, 0xff, 0xff, 0xec, 0x81, 0xff, 0xff, 0xff,
    0x9c, 0x0, 0x0, 0x0, 0x4f, 0xb8, 0xee, 0xf9,
    0xe0, 0x95, 0x18, 0x44, 0xff, 0xff, 0xff, 0x9c,

    /* U+00E6 "æ" */
    0x0, 0x0, 0x0, 0x4, 0x55, 0xb4, 0xdf, 0xf8,
    0xeb, 0xc6, 0x74, 0xc, 0x0, 0x0, 0x2, 0x5c,
    0xb7, 0xe7, 0xfa, 0xe9, 0xc0, 0x74, 0xd, 0x0,
    0x0, 0x0, 0x0, 0x0, 0x15, 0xbf, 0xff, 0xff,
    0xff, 0xff, 0xff, 0xff, 0xff, 0xe3, 0x37, 0x18,
    0xc8, 0xff, 0xff, 0xff, 0xff, 0xff, 0xff, 0xff,
    0xeb, 0x43, 0x0, 0x0, 0x0, 0x3, 0xc6, 0xff,
    0xff, 0xff, 0xff, 0xff, 0xff, 0xff, 0xff, 0xff,
    0xf0, 0xda, 0xff, 0xff, 0xff, 0xff, 0xff, 0xff,
    0xff, 0xff, 0xff, 0xfa, 0x3b, 0x0, 0x0, 0x28,
    0xc3, 0xfe, 0xff, 0xab, 0x46, 0x2b, 0x44, 0xa2,
    0xff, 0xff, 0xff, 0xff, 0xff, 0xfb, 0x94, 0x41,
    0x2d, 0x4b, 0xa0, 0xfd, 0xff, 0xff, 0xdb, 0x3,
    0x0, 0x0, 0x0, 0x21, 0x5f, 0x0, 0x0, 0x0,
    0x0, 0x0, 0x95, 0xff, 0xff, 0xff, 0xff, 0x4c,
    0x0, 0x0, 0x0, 0x0, 0x0, 0x6b, 0xff, 0xff,
    0xff, 0x4d, 0x0, 0x0, 0x0, 0x18, 0x75, 0xb0,
    0xc9, 0xca, 0xbb, 0x98, 0x99, 0xff, 0xff, 0xff,
    0xf7, 0xc0, 0xc0, 0xc0, 0xc0, 0xc0, 0xc0, 0xc4,
    0xff, 0xff, 0xff, 0x93, 0x0, 0x0, 0x67, 0xf5,
    0xff, 0xff, 0xff, 0xff, 0xff, 0xff, 0xff, 0xff,
    0xff, 0xff, 0xff, 0xff, 0xff, 0xff, 0xff, 0xff,
    0xff, 0xff, 0xff, 0xff, 0xff, 0xb4, 0x0, 0x58,
    0xff, 0xff, 0xff, 0xff, 0xff, 0xff, 0xff, 0xff,
    0xff, 0xff, 0xff, 0xff, 0xff, 0xff, 0xff, 0xff,
    0xff, 0xff, 0xff, 0xff, 0xff, 0xff, 0xff, 0xbf,
    0x0, 0xdd, 0xff, 0xff, 0xff, 0xaf, 0x2e, 0x8,
    0x12, 0x32, 0x96, 0xff, 0xff, 0xff, 0xb8, 0x0,
    0x0, 0x0, 0x0, 0x0, 0x0, 0x0, 0x0, 0x0,
    0x0, 0x0, 0x18, 0xff, 0xff, 0xff, 0xe6, 0x4,
    0x0, 0x0, 0x0, 0x0, 0x77, 0xff, 0xff, 0xff,
    0xf9, 0x21, 0x0, 0x0, 0x0, 0x0, 0x0, 0x5,
    0x7b, 0x17, 0x0, 0x0, 0x1c, 0xff, 0xff, 0xff,
    0xdf, 0x0, 0x0, 0x0, 0x0, 0x10, 0xe6, 0xff,
    0xff, 0xff, 0xff, 0xd2, 0x17, 0x0, 0x0, 0x0,
    0x5, 0xa4, 0xff, 0xf5, 0x88, 0x12, 0x2, 0xe9,
    0xff, 0xff, 0xff, 0x9a, 0x21, 0xc, 0x49, 0xdb,
    0xff, 0xff, 0xff, 0xff, 0xff, 0xff, 0xf3, 0x9c,
    0x79, 0x8d, 0xe0, 0xff, 0xff, 0xff, 0xf9, 0x31,
    0x0, 0x78, 0xff, 0xff, 0xff, 0xff, 0xff, 0xff,
    0xff, 0xff, 0xff, 0xf8, 0x5c, 0xd8, 0xff, 0xff,
    0xff, 0xff, 0xff, 0xff, 0xff, 0xff, 0xff, 0xfe,
    0x6a, 0x0, 0x0, 0x2, 0xa1, 0xff, 0xff, 0xff,
    0xff, 0xff, 0xff, 0xff, 0xe2, 0x42, 0x0, 0x19,
    0xbc, 0xff, 0xff, 0xff, 0xff, 0xff, 0xff, 0xff,
    0xf4, 0x55, 0x0, 0x0, 0x0, 0x0, 0x0, 0x4c,
    0xb3, 0xe9, 0xfa, 0xe8, 0xc1, 0x6e, 0xc, 0x0,
    0x0, 0x0, 0x1, 0x51, 0xb0, 0xe2, 0xfa, 0xf1,
    0xcb, 0x83, 0x19, 0x0, 0x0, 0x0,

    /* U+00E7 "ç" */
    0x0, 0x0, 0x0, 0x0, 0x8, 0x68, 0xb7, 0xe6,
    0xfa, 0xf2, 0xcd, 0x86, 0x1c, 0x0, 0x0, 0x0,
    0x0, 0x0, 0x0, 0x3f, 0xe4, 0xff, 0xff, 0xff,
    0xff, 0xff, 0xff, 0xff, 0xf6, 0x58, 0x0, 0x0,
    0x0, 0x0, 0x49, 0xfb, 0xff, 0xff, 0xff, 0xff,
    0xff, 0xff, 0xff, 0xff, 0xff, 0xfe, 0x67, 0x0,
    0x0, 0x16, 0xf0, 0xff, 0xff, 0xff, 0xff, 0xc3,
    0x9e, 0xb5, 0xf8, 0xff, 0xff, 0xff, 0xf5, 0x20,
    0x0, 0x8c, 0xff, 0xff, 0xff, 0xec, 0x46, 0x0,
    0x0, 0x0, 0x1d, 0xd5, 0xff, 0xe3, 0x83, 0x1a,
    0x0, 0xe0, 0xff, 0xff, 0xff, 0x55, 0x0, 0x0,
    0x0, 0x0, 0x0, 0x28, 0x4a, 0x2, 0x0, 0x0,
    0x10, 0xff, 0xff, 0xff, 0xe6, 0x0, 0x0, 0x0,
    0x0, 0x0, 0x0, 0x0, 0x0, 0x0, 0x0, 0x0,
    0x22, 0xff, 0xff, 0xff, 0xc9, 0x0, 0x0, 0x0,
    0x0, 0x0, 0x0, 0x0, 0x0, 0x0, 0x0, 0x0,
    0x14, 0xff, 0xff, 0xff, 0xe3, 0x0, 0x0, 0x0,
    0x0, 0x0, 0x0, 0x0, 0x0, 0x0, 0x0, 0x0,
    0x0, 0xe6, 0xff, 0xff, 0xff, 0x4b, 0x0, 0x0,
    0x0, 0x0, 0x0, 0x17, 0x5e, 0x8, 0x0, 0x0,
    0x0, 0x95, 0xff, 0xff, 0xff, 0xe5, 0x36, 0x0,
    0x0, 0x0, 0x11, 0xc0, 0xff, 0xed, 0x8d, 0x22,
    0x0, 0x1f, 0xf3, 0xff, 0xff, 0xff, 0xfd, 0xb3,
    0x8e, 0xa5, 0xf0, 0xff, 0xff, 0xff, 0xfe, 0x3e,
    0x0, 0x0, 0x57, 0xfc, 0xff, 0xff, 0xff, 0xff,
    0xff, 0xff, 0xff, 0xff, 0xff, 0xff, 0x89, 0x0,
    0x0, 0x0, 0x0, 0x4d, 0xeb, 0xff, 0xff, 0xff,
    0xff, 0xff, 0xff, 0xff, 0xfe, 0x81, 0x0, 0x0,
    0x0, 0x0, 0x0, 0x0, 0x10, 0x73, 0xc2, 0xfd,
    0xff, 0xf9, 0xdf, 0xa1, 0x35, 0x0, 0x0, 0x0,
    0x0, 0x0, 0x0, 0x0, 0x0, 0x0, 0x27, 0xfe,
    0xe6, 0x25, 0x2, 0x0, 0x0, 0x0, 0x0, 0x0,
    0x0, 0x0, 0x0, 0x0, 0x0, 0x0, 0x97, 0xff,
    0xff, 0xff, 0xde, 0x35, 0x0, 0x0, 0x0, 0x0,
    0x0, 0x0, 0x0, 0x0, 0x0, 0x0, 0x24, 0x88,
    0x7c, 0xaf, 0xff, 0xd4, 0x0, 0x0, 0x0, 0x0,
    0x0, 0x0, 0x0, 0x0, 0x0, 0x0, 0x2f, 0x7f,
    0xf, 0x54, 0xff, 0xf8, 0x1, 0x0, 0x0, 0x0,
    0x0, 0x0, 0x0, 0x0, 0x0, 0x6, 0xda, 0xff,
    0xfb, 0xff, 0xff, 0xb2, 0x0, 0x0, 0x0, 0x0,
    0x0, 0x0, 0x0, 0x0, 0x0, 0x0, 0x1f, 0xb3,
    0xf3, 0xe8, 0x9c, 0x12, 0x0, 0x0, 0x0, 0x0,

    /* U+00E8 "è" */
    0x0, 0x0, 0x0, 0x0, 0x80, 0xff, 0xff, 0xff,
    0xe8, 0x2, 0x0, 0x0, 0x0, 0x0, 0x0, 0x0,
    0x0, 0x0, 0x0, 0x0, 0x5, 0xd0, 0xff, 0xff,
    0xff, 0x3a, 0x0, 0x0, 0x0, 0x0, 0x0, 0x0,
    0x0, 0x0, 0x0, 0x0, 0x0, 0x31, 0xfb, 0xff,
    0xff, 0x8a, 0x0, 0x0, 0x0, 0x0, 0x0, 0x0,
    0x0, 0x0, 0x0, 0x0, 0x0, 0x0, 0x82, 0xff,
    0xff, 0xd9, 0x0, 0x0, 0x0, 0x0, 0x0, 0x0,
    0x0, 0x0, 0x0, 0x0, 0x0, 0x0, 0x1, 0x8,
    0x8, 0x8, 0x0, 0x0, 0x0, 0x0, 0x0, 0x0,
    0x0, 0x0, 0x0, 0x0, 0x0, 0x0, 0x0, 0x0,
    0x0, 0x0, 0x0, 0x0, 0x0, 0x0, 0x0, 0x0,
    0x0, 0x0, 0x0, 0x0, 0x6, 0x66, 0xba, 0xe7,
    0xfa, 0xeb, 0xc6, 0x7d, 0x14, 0x0, 0x0, 0x0,
    0x0, 0x0, 0x0, 0x35, 0xdd, 0xff, 0xff, 0xff,
    0xff, 0xff, 0xff, 0xff, 0xf3, 0x58, 0x0, 0x0,
    0x0, 0x0, 0x3d, 0xf7, 0xff, 0xff, 0xff, 0xff,
    0xff, 0xff, 0xff, 0xff, 0xff, 0xff, 0x54, 0x0,
    0x0, 0x10, 0xe9, 0xff, 0xff, 0xff, 0xa4, 0x4c,
    0x31, 0x47, 0x9f, 0xfc, 0xff, 0xff, 0xee, 0xe,
    0x0, 0x82, 0xff, 0xff, 0xff, 0x6b, 0x0, 0x0,
    0x0, 0x0, 0x0, 0x5f, 0xff, 0xff, 0xff, 0x6c,
    0x0, 0xdb, 0xff, 0xff, 0xfe, 0xc1, 0xc0, 0xc0,
    0xc0, 0xc0, 0xc0, 0xc1, 0xff, 0xff, 0xff, 0xaf,
    0xf, 0xff, 0xff, 0xff, 0xff, 0xff, 0xff, 0xff,
    0xff, 0xff, 0xff, 0xff, 0xff, 0xff, 0xff, 0xcc,
    0x22, 0xff, 0xff, 0xff, 0xff, 0xff, 0xff, 0xff,
    0xff, 0xff, 0xff, 0xff, 0xff, 0xff, 0xff, 0xd2,
    0x11, 0xff, 0xff, 0xff, 0xcf, 0x0, 0x0, 0x0,
    0x0, 0x0, 0x0, 0x0, 0x0, 0x0, 0x0, 0x0,
    0x0, 0xe1, 0xff, 0xff, 0xff, 0x30, 0x0, 0x0,
    0x0, 0x0, 0x0, 0x3, 0x7a, 0x1d, 0x0, 0x0,
    0x0, 0x8d, 0xff, 0xff, 0xff, 0xdd, 0x1e, 0x0,
    0x0, 0x0, 0x3, 0x98, 0xff, 0xf9, 0x97, 0x1d,
    0x0, 0x15, 0xf0, 0xff, 0xff, 0xff, 0xf7, 0xa0,
    0x79, 0x89, 0xda, 0xff, 0xff, 0xff, 0xfa, 0x37,
    0x0, 0x0, 0x46, 0xfa, 0xff, 0xff, 0xff, 0xff,
    0xff, 0xff, 0xff, 0xff, 0xff, 0xff, 0x6e, 0x0,
    0x0, 0x0, 0x0, 0x3c, 0xe1, 0xff, 0xff, 0xff,
    0xff, 0xff, 0xff, 0xff, 0xf6, 0x58, 0x0, 0x0,
    0x0, 0x0, 0x0, 0x0, 0x7, 0x66, 0xb7, 0xe6,
    0xfa, 0xf3, 0xce, 0x87, 0x1c, 0x0, 0x0, 0x0,

    /* U+00E9 "é" */
    0x0, 0x0, 0x0, 0x0, 0x0, 0x0, 0x0, 0x4d,
    0xff, 0xff, 0xff, 0xf6, 0x26, 0x0, 0x0, 0x0,
    0x0, 0x0, 0x0, 0x0, 0x0, 0x0, 0x0, 0x9d,
    0xff, 0xff, 0xff, 0x72, 0x0, 0x0, 0x0, 0x0,
    0x0, 0x0, 0x0, 0x0, 0x0, 0x0, 0x2, 0xea,
    0xff, 0xff, 0xc4, 0x2, 0x0, 0x0, 0x0, 0x0,
    0x0, 0x0, 0x0, 0x0, 0x0, 0x0, 0x3e, 0xff,
    0xff, 0xf5, 0x25, 0x0, 0x0, 0x0, 0x0, 0x0,
    0x0, 0x0, 0x0, 0x0, 0x0, 0x0, 0x3, 0x8,
    0x8, 0x6, 0x0, 0x0, 0x0, 0x0, 0x0, 0x0,
    0x0, 0x0, 0x0, 0x0, 0x0, 0x0, 0x0, 0x0,
    0x0, 0x0, 0x0, 0x0, 0x0, 0x0, 0x0, 0x0,
    0x0, 0x0, 0x0, 0x0, 0x6, 0x66, 0xba, 0xe7,
    0xfa, 0xeb, 0xc6, 0x7d, 0x14, 0x0, 0x0, 0x0,
    0x0, 0x0, 0x0, 0x35, 0xdd, 0xff, 0xff, 0xff,
    0xff, 0xff, 0xff, 0xff, 0xf3, 0x58, 0x0, 0x0,
    0x0, 0x0, 0x3d, 0xf7, 0xff, 0xff, 0xff, 0xff,
    0xff, 0xff, 0xff, 0xff, 0xff, 0xff, 0x54, 0x0,
    0x0, 0x10, 0xe9, 0xff, 0xff, 0xff, 0xa4, 0x4c,
    0x31, 0x47, 0x9f, 0xfc, 0xff, 0xff, 0xee, 0xe,
    0x0, 0x82, 0xff, 0xff, 0xff, 0x6b, 0x0, 0x0,
    0x0, 0x0, 0x0, 0x5f, 0xff, 0xff, 0xff, 0x6c,
    0x0, 0xdb, 0xff, 0xff, 0xfe, 0xc1, 0xc0, 0xc0,
    0xc0, 0xc0, 0xc0, 0xc1, 0xff, 0xff, 0xff, 0xaf,
    0xf, 0xff, 0xff, 0xff, 0xff, 0xff, 0xff, 0xff,
    0xff, 0xff, 0xff, 0xff, 0xff, 0xff, 0xff, 0xcc,
    0x22, 0xff, 0xff, 0xff, 0xff, 0xff, 0xff, 0xff,
    0xff, 0xff, 0xff, 0xff, 0xff, 0xff, 0xff, 0xd2,
    0x11, 0xff, 0xff, 0xff, 0xcf, 0x0, 0x0, 0x0,
    0x0, 0x0, 0x0, 0x0, 0x0, 0x0, 0x0, 0x0,
    0x0, 0xe1, 0xff, 0xff, 0xff, 0x30, 0x0, 0x0,
    0x0, 0x0, 0x0, 0x3, 0x7a, 0x1d, 0x0, 0x0,
    0x0, 0x8d, 0xff, 0xff, 0xff, 0xdd, 0x1e, 0x0,
    0x0, 0x0, 0x3, 0x98, 0xff, 0xf9, 0x97, 0x1d,
    0x0, 0x15, 0xf0, 0xff, 0xff, 0xff, 0xf7, 0xa0,
    0x79, 0x89, 0xda, 0xff, 0xff, 0xff, 0xfa, 0x37,
    0x0, 0x0, 0x46, 0xfa, 0xff, 0xff, 0xff, 0xff,
    0xff, 0xff, 0xff, 0xff, 0xff, 0xff, 0x6e, 0x0,
    0x0, 0x0, 0x0, 0x3c, 0xe1, 0xff, 0xff, 0xff,
    0xff, 0xff, 0xff, 0xff, 0xf6, 0x58, 0x0, 0x0,
    0x0, 0x0, 0x0, 0x0, 0x7, 0x66, 0xb7, 0xe6,
    0xfa, 0xf3, 0xce, 0x87, 0x1c, 0x0, 0x0, 0x0,

    /* U+00EA "ê" */
    0x0, 0x0, 0x0, 0x0, 0x0, 0x6, 0xb9, 0xff,
    0xff, 0xff, 0x94, 0x0, 0x0, 0x0, 0x0, 0x0,
    0x0, 0x0, 0x0, 0x0, 0x3, 0xad, 0xff, 0xff,
    0xff, 0xff, 0xff, 0x77, 0x0, 0x0, 0x0, 0x0,
    0x0, 0x0, 0x0, 0x1, 0xa0, 0xff, 0xff, 0xef,
    0x61, 0xfb, 0xff, 0xfe, 0x59, 0x0, 0x0, 0x0,
    0x0, 0x0, 0x0, 0x6c, 0xe0, 0xe0, 0xe0, 0x52,
    0x0, 0x72, 0xe0, 0xe0, 0xd9, 0x2d, 0x0, 0x0,
    0x0, 0x0, 0x0, 0x0, 0x0, 0x0, 0x0, 0x0,
    0x0, 0x0, 0x0, 0x0, 0x0, 0x0, 0x0, 0x0,
    0x0, 0x0, 0x0, 0x0, 0x0, 0x0, 0x0, 0x0,
    0x0, 0x0, 0x0, 0x0, 0x0, 0x0, 0x0, 0x0,
    0x0, 0x0, 0x0, 0x0, 0x6, 0x66, 0xba, 0xe7,
    0xfa, 0xeb, 0xc6, 0x7d, 0x14, 0x0, 0x0, 0x0,
    0x0, 0x0, 0x0, 0x35, 0xdd, 0xff, 0xff, 0xff,
    0xff, 0xff, 0xff, 0xff, 0xf3, 0x58, 0x0, 0x0,
    0x0, 0x0, 0x3d, 0xf7, 0xff, 0xff, 0xff, 0xff,
    0xff, 0xff, 0xff, 0xff, 0xff, 0xff, 0x54, 0x0,
    0x0, 0x10, 0xe9, 0xff, 0xff, 0xff, 0xa4, 0x4c,
    0x31, 0x47, 0x9f, 0xfc, 0xff, 0xff, 0xee, 0xe,
    0x0, 0x82, 0xff, 0xff, 0xff, 0x6b, 0x0, 0x0,
    0x0, 0x0, 0x0, 0x5f, 0xff, 0xff, 0xff, 0x6c,
    0x0, 0xdb, 0xff, 0xff, 0xfe, 0xc1, 0xc0, 0xc0,
    0xc0, 0xc0, 0xc0, 0xc1, 0xff, 0xff, 0xff, 0xaf,
    0xf, 0xff, 0xff, 0xff, 0xff, 0xff, 0xff, 0xff,
    0xff, 0xff, 0xff, 0xff, 0xff, 0xff, 0xff, 0xcc,
    0x22, 0xff, 0xff, 0xff, 0xff, 0xff, 0xff, 0xff,
    0xff, 0xff, 0xff, 0xff, 0xff, 0xff, 0xff, 0xd2,
    0x11, 0xff, 0xff, 0xff, 0xcf, 0x0, 0x0, 0x0,
    0x0, 0x0, 0x0, 0x0, 0x0, 0x0, 0x0, 0x0,
    0x0, 0xe1, 0xff, 0xff, 0xff, 0x30, 0x0, 0x0,
    0x0, 0x0, 0x0, 0x3, 0x7a, 0x1d, 0x0, 0x0,
    0x0, 0x8d, 0xff, 0xff, 0xff, 0xdd, 0x1e, 0x0,
    0x0, 0x0, 0x3, 0x98, 0xff, 0xf9, 0x97, 0x1d,
    0x0, 0x15, 0xf0, 0xff, 0xff, 0xff, 0xf7, 0xa0,
    0x79, 0x89, 0xda, 0xff, 0xff, 0xff, 0xfa, 0x37,
    0x0, 0x0, 0x46, 0xfa, 0xff, 0xff, 0xff, 0xff,
    0xff, 0xff, 0xff, 0xff, 0xff, 0xff, 0x6e, 0x0,
    0x0, 0x0, 0x0, 0x3c, 0xe1, 0xff, 0xff, 0xff,
    0xff, 0xff, 0xff, 0xff, 0xf6, 0x58, 0x0, 0x0,
    0x0, 0x0, 0x0, 0x0, 0x7, 0x66, 0xb7, 0xe6,
    0xfa, 0xf3, 0xce, 0x87, 0x1c, 0x0, 0x0, 0x0,

    /* U+00EB "ë" */
    0x0, 0x0, 0x0, 0x18, 0xbd, 0xf3, 0xa8, 0x7,
    0x0, 0x3c, 0xda, 0xed, 0x73, 0x0, 0x0, 0x0,
    0x0, 0x0, 0x0, 0x97, 0xff, 0xff, 0xff, 0x6b,
    0x0, 0xdb, 0xff, 0xff, 0xff, 0x28, 0x0, 0x0,
    0x0, 0x0, 0x0, 0xa8, 0xff, 0xff, 0xff, 0x7c,
    0x0, 0xec, 0xff, 0xff, 0xff, 0x38, 0x0, 0x0,
    0x0, 0x0, 0x0, 0x34, 0xef, 0xff, 0xdf, 0x18,
    0x0, 0x6a, 0xfd, 0xff, 0xb2, 0x1, 0x0, 0x0,
    0x0, 0x0, 0x0, 0x0, 0x10, 0x37, 0xa, 0x0,
    0x0, 0x0, 0x20, 0x31, 0x1, 0x0, 0x0, 0x0,
    0x0, 0x0, 0x0, 0x0, 0x0, 0x0, 0x0, 0x0,
    0x0, 0x0, 0x0, 0x0, 0x0, 0x0, 0x0, 0x0,
    0x0, 0x0, 0x0, 0x0, 0x6, 0x66, 0xba, 0xe7,
    0xfa, 0xeb, 0xc6, 0x7d, 0x14, 0x0, 0x0, 0x0,
    0x0, 0x0, 0x0, 0x35, 0xdd, 0xff, 0xff, 0xff,
    0xff, 0xff, 0xff, 0xff, 0xf3, 0x58, 0x0, 0x0,
    0x0, 0x0, 0x3d, 0xf7, 0xff, 0xff, 0xff, 0xff,
    0xff, 0xff, 0xff, 0xff, 0xff, 0xff, 0x54, 0x0,
    0x0, 0x10, 0xe9, 0xff, 0xff, 0xff, 0xa4, 0x4c,
    0x31, 0x47, 0x9f, 0xfc, 0xff, 0xff, 0xee, 0xe,
    0x0, 0x82, 0xff, 0xff, 0xff, 0x6b, 0x0, 0x0,
    0x0, 0x0, 0x0, 0x5f, 0xff, 0xff, 0xff, 0x6c,
    0x0, 0xdb, 0xff, 0xff, 0xfe, 0xc1, 0xc0, 0xc0,
    0xc0, 0xc0, 0xc0, 0xc1, 0xff, 0xff, 0xff, 0xaf,
    0xf, 0xff, 0xff, 0xff, 0xff, 0xff, 0xff, 0xff,
    0xff, 0xff, 0xff, 0xff, 0xff, 0xff, 0xff, 0xcc,
    0x22, 0xff, 0xff, 0xff, 0xff, 0xff, 0xff, 0xff,
    0xff, 0xff, 0xff, 0xff, 0xff, 0xff, 0xff, 0xd2,
    0x11, 0xff, 0xff, 0xff, 0xcf, 0x0, 0x0, 0x0,
    0x0, 0x0, 0x0, 0x0, 0x0, 0x0, 0x0, 0x0,
    0x0, 0xe1, 0xff, 0xff, 0xff, 0x30, 0x0, 0x0,
    0x0, 0x0, 0x0, 0x3, 0x7a, 0x1d, 0x0, 0x0,
    0x0, 0x8d, 0xff, 0xff, 0xff, 0xdd, 0x1e, 0x0,
    0x0, 0x0, 0x3, 0x98, 0xff, 0xf9, 0x97, 0x1d,
    0x0, 0x15, 0xf0, 0xff, 0xff, 0xff, 0xf7, 0xa0,
    0x79, 0x89, 0xda, 0xff, 0xff, 0xff, 0xfa, 0x37,
    0x0, 0x0, 0x46, 0xfa, 0xff, 0xff, 0xff, 0xff,
    0xff, 0xff, 0xff, 0xff, 0xff, 0xff, 0x6e, 0x0,
    0x0, 0x0, 0x0, 0x3c, 0xe1, 0xff, 0xff, 0xff,
    0xff, 0xff, 0xff, 0xff, 0xf6, 0x58, 0x0, 0x0,
    0x0, 0x0, 0x0, 0x0, 0x7, 0x66, 0xb7, 0xe6,
    0xfa, 0xf3, 0xce, 0x87, 0x1c, 0x0, 0x0, 0x0,

    /* U+00EC "ì" */
    0x11, 0xe6, 0xff, 0xff, 0xff, 0x73, 0x0, 0x0,
    0x4d, 0xff, 0xff, 0xff, 0xc2, 0x0, 0x0, 0x0,
    0xa4, 0xff, 0xff, 0xfd, 0x15, 0x0, 0x0, 0x12,
    0xe8, 0xff, 0xff, 0x61, 0x0, 0x0, 0x0, 0x5,
    0x8, 0x8, 0x4, 0x0, 0x0, 0x0, 0x0, 0x0,
    0x0, 0x0, 0x0, 0x0, 0x14, 0xff, 0xff, 0xff,
    0xd8, 0x0, 0x0, 0x14, 0xff, 0xff, 0xff, 0xd8,
    0x0, 0x0, 0x14, 0xff, 0xff, 0xff, 0xd8, 0x0,
    0x0, 0x14, 0xff, 0xff, 0xff, 0xd8, 0x0, 0x0,
    0x14, 0xff, 0xff, 0xff, 0xd8, 0x0, 0x0, 0x14,
    0xff, 0xff, 0xff, 0xd8, 0x0, 0x0, 0x14, 0xff,
    0xff, 0xff, 0xd8, 0x0, 0x0, 0x14, 0xff, 0xff,
    0xff, 0xd8, 0x0, 0x0, 0x14, 0xff, 0xff, 0xff,
    0xd8, 0x0, 0x0, 0x14, 0xff, 0xff, 0xff, 0xd8,
    0x0, 0x0, 0x14, 0xff, 0xff, 0xff, 0xd8, 0x0,
    0x0, 0x14, 0xff, 0xff, 0xff, 0xd8, 0x0, 0x0,
    0x14, 0xff, 0xff, 0xff, 0xd8, 0x0, 0x0, 0x14,
    0xff, 0xff, 0xff, 0xd8, 0x0, 0x0, 0x14, 0xff,
    0xff, 0xff, 0xd8,

    /* U+00ED "í" */
    0x0, 0x0, 0x9d, 0xff, 0xff, 0xff, 0xc7, 0x2,
    0x0, 0x2, 0xea, 0xff, 0xff, 0xf7, 0x28, 0x0,
    0x0, 0x3d, 0xff, 0xff, 0xff, 0x74, 0x0, 0x0,
    0x0, 0x8e, 0xff, 0xff, 0xc7, 0x2, 0x0, 0x0,
    0x0, 0x5, 0x8, 0x8, 0x3, 0x0, 0x0, 0x0,
    0x0, 0x0, 0x0, 0x0, 0x0, 0x0, 0x0, 0x0,
    0x14, 0xff, 0xff, 0xff, 0xd8, 0x0, 0x0, 0x0,
    0x14, 0xff, 0xff, 0xff, 0xd8, 0x0, 0x0, 0x0,
    0x14, 0xff, 0xff, 0xff, 0xd8, 0x0, 0x0, 0x0,
    0x14, 0xff, 0xff, 0xff, 0xd8, 0x0, 0x0, 0x0,
    0x14, 0xff, 0xff, 0xff, 0xd8, 0x0, 0x0, 0x0,
    0x14, 0xff, 0xff, 0xff, 0xd8, 0x0, 0x0, 0x0,
    0x14, 0xff, 0xff, 0xff, 0xd8, 0x0, 0x0, 0x0,
    0x14, 0xff, 0xff, 0xff, 0xd8, 0x0, 0x0, 0x0,
    0x14, 0xff, 0xff, 0xff, 0xd8, 0x0, 0x0, 0x0,
    0x14, 0xff, 0xff, 0xff, 0xd8, 0x0, 0x0, 0x0,
    0x14, 0xff, 0xff, 0xff, 0xd8, 0x0, 0x0, 0x0,
    0x14, 0xff, 0xff, 0xff, 0xd8, 0x0, 0x0, 0x0,
    0x14, 0xff, 0xff, 0xff, 0xd8, 0x0, 0x0, 0x0,
    0x14, 0xff, 0xff, 0xff, 0xd8, 0x0, 0x0, 0x0,
    0x14, 0xff, 0xff, 0xff, 0xd8, 0x0, 0x0, 0x0,

    /* U+00EE "î" */
    0x0, 0x0, 0x0, 0x55, 0xfb, 0xff, 0xff, 0xeb,
    0x29, 0x0, 0x0, 0x0, 0x0, 0x0, 0x57, 0xfb,
    0xff, 0xff, 0xff, 0xff, 0xe5, 0x22, 0x0, 0x0,
    0x0, 0x59, 0xfc, 0xff, 0xff, 0x83, 0xac, 0xff,
    0xff, 0xde, 0x1b, 0x0, 0x14, 0x98, 0x9c, 0x9c,
    0x79, 0x0, 0x8, 0x90, 0x9c, 0x9c, 0x73, 0x0,
    0x0, 0x0, 0x0, 0x0, 0x0, 0x0, 0x0, 0x0,
    0x0, 0x0, 0x0, 0x0, 0x0, 0x0, 0x0, 0x0,
    0x0, 0x0, 0x0, 0x0, 0x0, 0x0, 0x0, 0x0,
    0x0, 0x0, 0x0, 0x14, 0xff, 0xff, 0xff, 0xd8,
    0x0, 0x0, 0x0, 0x0, 0x0, 0x0, 0x0, 0x14,
    0xff, 0xff, 0xff, 0xd8, 0x0, 0x0, 0x0, 0x0,
    0x0, 0x0, 0x0, 0x14, 0xff, 0xff, 0xff, 0xd8,
    0x0, 0x0, 0x0, 0x0, 0x0, 0x0, 0x0, 0x14,
    0xff, 0xff, 0xff, 0xd8, 0x0, 0x0, 0x0, 0x0,
    0x0, 0x0, 0x0, 0x14, 0xff, 0xff, 0xff, 0xd8,
    0x0, 0x0, 0x0, 0x0, 0x0, 0x0, 0x0, 0x14,
    0xff, 0xff, 0xff, 0xd8, 0x0, 0x0, 0x0, 0x0,
    0x0, 0x0, 0x0, 0x14, 0xff, 0xff, 0xff, 0xd8,
    0x0, 0x0, 0x0, 0x0, 0x0, 0x0, 0x0, 0x14,
    0xff, 0xff, 0xff, 0xd8, 0x0, 0x0, 0x0, 0x0,
    0x0, 0x0, 0x0, 0x14, 0xff, 0xff, 0xff, 0xd8,
    0x0, 0x0, 0x0, 0x0, 0x0, 0x0, 0x0, 0x14,
    0xff, 0xff, 0xff, 0xd8, 0x0, 0x0, 0x0, 0x0,
    0x0, 0x0, 0x0, 0x14, 0xff, 0xff, 0xff, 0xd8,
    0x0, 0x0, 0x0, 0x0, 0x0, 0x0, 0x0, 0x14,
    0xff, 0xff, 0xff, 0xd8, 0x0, 0x0, 0x0, 0x0,
    0x0, 0x0, 0x0, 0x14, 0xff, 0xff, 0xff, 0xd8,
    0x0, 0x0, 0x0, 0x0, 0x0, 0x0, 0x0, 0x14,
    0xff, 0xff, 0xff, 0xd8, 0x0, 0x0, 0x0, 0x0,
    0x0, 0x0, 0x0, 0x14, 0xff, 0xff, 0xff, 0xd8,
    0x0, 0x0, 0x0, 0x0,

    /* U+00EF "ï" */
    0x1b, 0xc3, 0xf2, 0x98, 0x1, 0x17, 0xbf, 0xf3,
    0xa1, 0x3, 0x99, 0xff, 0xff, 0xff, 0x4c, 0x91,
    0xff, 0xff, 0xff, 0x55, 0x9f, 0xff, 0xff, 0xff,
    0x52, 0x97, 0xff, 0xff, 0xff, 0x5b, 0x23, 0xd9,
    0xff, 0xae, 0x3, 0x1f, 0xd5, 0xff, 0xb6, 0x6,
    0x0, 0x0, 0xb, 0x0, 0x0, 0x0, 0x0, 0xb,
    0x0, 0x0, 0x0, 0x0, 0x0, 0x0, 0x0, 0x0,
    0x0, 0x0, 0x0, 0x0, 0x0, 0x0, 0x14, 0xff,
    0xff, 0xff, 0xd8, 0x0, 0x0, 0x0, 0x0, 0x0,
    0x14, 0xff, 0xff, 0xff, 0xd8, 0x0, 0x0, 0x0,
    0x0, 0x0, 0x14, 0xff, 0xff, 0xff, 0xd8, 0x0,
    0x0, 0x0, 0x0, 0x0, 0x14, 0xff, 0xff, 0xff,
    0xd8, 0x0, 0x0, 0x0, 0x0, 0x0, 0x14, 0xff,
    0xff, 0xff, 0xd8, 0x0, 0x0, 0x0, 0x0, 0x0,
    0x14, 0xff, 0xff, 0xff, 0xd8, 0x0, 0x0, 0x0,
    0x0, 0x0, 0x14, 0xff, 0xff, 0xff, 0xd8, 0x0,
    0x0, 0x0, 0x0, 0x0, 0x14, 0xff, 0xff, 0xff,
    0xd8, 0x0, 0x0, 0x0, 0x0, 0x0, 0x14, 0xff,
    0xff, 0xff, 0xd8, 0x0, 0x0, 0x0, 0x0, 0x0,
    0x14, 0xff, 0xff, 0xff, 0xd8, 0x0, 0x0, 0x0,
    0x0, 0x0, 0x14, 0xff, 0xff, 0xff, 0xd8, 0x0,
    0x0, 0x0, 0x0, 0x0, 0x14, 0xff, 0xff, 0xff,
    0xd8, 0x0, 0x0, 0x0, 0x0, 0x0, 0x14, 0xff,
    0xff, 0xff, 0xd8, 0x0, 0x0, 0x0, 0x0, 0x0,
    0x14, 0xff, 0xff, 0xff, 0xd8, 0x0, 0x0, 0x0,
    0x0, 0x0, 0x14, 0xff, 0xff, 0xff, 0xd8, 0x0,
    0x0, 0x0,

    /* U+00F0 "ð" */
    0x0, 0x0, 0x0, 0x25, 0x27, 0x0, 0x0, 0x0,
    0x0, 0x0, 0x0, 0x0, 0x0, 0x0, 0x0, 0x0,
    0x0, 0x0, 0x0, 0xb2, 0xff, 0xd7, 0x83, 0x16,
    0x0, 0x0, 0xe, 0x71, 0x1b, 0x0, 0x0, 0x0,
    0x0, 0x0, 0x1f, 0xfd, 0xff, 0xff, 0xff, 0xf5,
    0x8d, 0x91, 0xf2, 0xff, 0x87, 0x0, 0x0, 0x0,
    0x0, 0x0, 0x45, 0xce, 0xfe, 0xff, 0xff, 0xff,
    0xff, 0xff, 0xff, 0xff, 0xd2, 0x0, 0x0, 0x0,
    0x0, 0x0, 0x0, 0x7, 0x7e, 0xfd, 0xff, 0xff,
    0xff, 0xff, 0xff, 0x97, 0x5, 0x0, 0x0, 0x0,
    0x0, 0x0, 0x0, 0x85, 0xff, 0xff, 0xff, 0xfd,
    0xfc, 0xff, 0xff, 0xf4, 0x30, 0x0, 0x0, 0x0,
    0x0, 0x0, 0x0, 0x21, 0xfd, 0xf0, 0x8d, 0x21,
    0x4d, 0xf7, 0xff, 0xff, 0xd9, 0x8, 0x0, 0x0,
    0x0, 0x0, 0x0, 0x0, 0x4b, 0xc, 0x0, 0x0,
    0x0, 0x57, 0xff, 0xff, 0xff, 0x78, 0x0, 0x0,
    0x0, 0x0, 0x0, 0x5, 0x67, 0xc1, 0xee, 0xf8,
    0xd5, 0x7b, 0xc1, 0xff, 0xff, 0xe9, 0x7, 0x0,
    0x0, 0x0, 0x24, 0xd6, 0xff, 0xff, 0xff, 0xff,
    0xff, 0xff, 0xff, 0xff, 0xff, 0xff, 0x4b, 0x0,
    0x0, 0x1a, 0xe7, 0xff, 0xff, 0xff, 0xff, 0xff,
    0xff, 0xff, 0xff, 0xff, 0xff, 0xff, 0x90, 0x0,
    0x0, 0xb7, 0xff, 0xff, 0xff, 0xfa, 0xa3, 0x76,
    0x92, 0xec, 0xff, 0xff, 0xff, 0xff, 0xd3, 0x0,
    0x37, 0xff, 0xff, 0xff, 0xf6, 0x34, 0x0, 0x0,
    0x0, 0x17, 0xdb, 0xff, 0xff, 0xff, 0xf5, 0x0,
    0x89, 0xff, 0xff, 0xff, 0x7c, 0x0, 0x0, 0x0,
    0x0, 0x0, 0x47, 0xff, 0xff, 0xff, 0xff, 0xa,
    0xb6, 0xff, 0xff, 0xff, 0x1a, 0x0, 0x0, 0x0,
    0x0, 0x0, 0x0, 0xe8, 0xff, 0xff, 0xff, 0x1d,
    0xc6, 0xff, 0xff, 0xff, 0x2, 0x0, 0x0, 0x0,
    0x0, 0x0, 0x0, 0xd1, 0xff, 0xff, 0xff, 0x13,
    0xb4, 0xff, 0xff, 0xff, 0x1c, 0x0, 0x0, 0x0,
    0x0, 0x0, 0x0, 0xea, 0xff, 0xff, 0xf7, 0x2,
    0x83, 0xff, 0xff, 0xff, 0x7e, 0x0, 0x0, 0x0,
    0x0, 0x0, 0x4a, 0xff, 0xff, 0xff, 0xbc, 0x0,
    0x2e, 0xfe, 0xff, 0xff, 0xf7, 0x43, 0x0, 0x0,
    0x0, 0x26, 0xdf, 0xff, 0xff, 0xff, 0x65, 0x0,
    0x0, 0xa8, 0xff, 0xff, 0xff, 0xfe, 0xac, 0x7e,
    0x9b, 0xf5, 0xff, 0xff, 0xff, 0xde, 0x6, 0x0,
    0x0, 0x11, 0xdb, 0xff, 0xff, 0xff, 0xff, 0xff,
    0xff, 0xff, 0xff, 0xff, 0xf6, 0x35, 0x0, 0x0,
    0x0, 0x0, 0x18, 0xc4, 0xff, 0xff, 0xff, 0xff,
    0xff, 0xff, 0xff, 0xe3, 0x38, 0x0, 0x0, 0x0,
    0x0, 0x0, 0x0, 0x1, 0x55, 0xb1, 0xe6, 0xfa,
    0xea, 0xbf, 0x6e, 0x9, 0x0, 0x0, 0x0, 0x0,

    /* U+00F1 "ñ" */
    0x0, 0x0, 0x0, 0x1d, 0xa5, 0xea, 0xed, 0xb8,
    0x57, 0x14, 0xcf, 0xff, 0xff, 0x15, 0x0, 0x0,
    0x0, 0x9, 0xd7, 0xff, 0xff, 0xff, 0xff, 0xff,
    0xff, 0xff, 0xff, 0xe3, 0x0, 0x0, 0x0, 0x0,
    0x5e, 0xff, 0xff, 0xfd, 0xfc, 0xff, 0xff, 0xff,
    0xff, 0xff, 0x5b, 0x0, 0x0, 0x0, 0x0, 0x4c,
    0x9c, 0x9c, 0x3b, 0x10, 0x6e, 0xc4, 0xe6, 0xc7,
    0x56, 0x0, 0x0, 0x0, 0x0, 0x0, 0x0, 0x0,
    0x0, 0x0, 0x0, 0x0, 0x0, 0x0, 0x0, 0x0,
    0x0, 0x0, 0x0, 0x0, 0x0, 0x0, 0x0, 0x0,
    0x0, 0x0, 0x0, 0x0, 0x0, 0x0, 0x0, 0x0,
    0x0, 0x0, 0x50, 0xff, 0xff, 0xff, 0x60, 0x1,
    0x62, 0xc3, 0xee, 0xf7, 0xd8, 0x8a, 0x15, 0x0,
    0x0, 0x50, 0xff, 0xff, 0xff, 0x67, 0xb8, 0xff,
    0xff, 0xff, 0xff, 0xff, 0xff, 0xe6, 0x26, 0x0,
    0x50, 0xff, 0xff, 0xff, 0xf0, 0xff, 0xff, 0xff,
    0xff, 0xff, 0xff, 0xff, 0xff, 0xca, 0x0, 0x50,
    0xff, 0xff, 0xff, 0xff, 0xff, 0xed, 0xa7, 0xae,
    0xee, 0xff, 0xff, 0xff, 0xff, 0x3b, 0x50, 0xff,
    0xff, 0xff, 0xff, 0xd0, 0x19, 0x0, 0x0, 0x17,
    0xdf, 0xff, 0xff, 0xff, 0x7c, 0x50, 0xff, 0xff,
    0xff, 0xfe, 0x2f, 0x0, 0x0, 0x0, 0x0, 0x71,
    0xff, 0xff, 0xff, 0x9c, 0x50, 0xff, 0xff, 0xff,
    0xcc, 0x0, 0x0, 0x0, 0x0, 0x0, 0x4b, 0xff,
    0xff, 0xff, 0xa7, 0x50, 0xff, 0xff, 0xff, 0xa8,
    0x0, 0x0, 0x0, 0x0, 0x0, 0x44, 0xff, 0xff,
    0xff, 0xa8, 0x50, 0xff, 0xff, 0xff, 0x9c, 0x0,
    0x0, 0x0, 0x0, 0x0, 0x44, 0xff, 0xff, 0xff,
    0xa8, 0x50, 0xff, 0xff, 0xff, 0x9c, 0x0, 0x0,
    0x0, 0x0, 0x0, 0x44, 0xff, 0xff, 0xff, 0xa8,
    0x50, 0xff, 0xff, 0xff, 0x9c, 0x0, 0x0, 0x0,
    0x0, 0x0, 0x44, 0xff, 0xff, 0xff, 0xa8, 0x50,
    0xff, 0xff, 0xff, 0x9c, 0x0, 0x0, 0x0, 0x0,
    0x0, 0x44, 0xff, 0xff, 0xff, 0xa8, 0x50, 0xff,
    0xff, 0xff, 0x9c, 0x0, 0x0, 0x0, 0x0, 0x0,
    0x44, 0xff, 0xff, 0xff, 0xa8, 0x50, 0xff, 0xff,
    0xff, 0x9c, 0x0, 0x0, 0x0, 0x0, 0x0, 0x44,
    0xff, 0xff, 0xff, 0xa8, 0x50, 0xff, 0xff, 0xff,
    0x9c, 0x0, 0x0, 0x0, 0x0, 0x0, 0x44, 0xff,
    0xff, 0xff, 0xa8,

    /* U+00F2 "ò" */
    0x0, 0x0, 0x0, 0x0, 0x78, 0xff, 0xff, 0xff,
    0xee, 0x4, 0x0, 0x0, 0x0, 0x0, 0x0, 0x0,
    0x0, 0x0, 0x0, 0x0, 0x0, 0x3, 0xca, 0xff,
    0xff, 0xff, 0x42, 0x0, 0x0, 0x0, 0x0, 0x0,
    0x0, 0x0, 0x0, 0x0, 0x0, 0x0, 0x0, 0x2b,
    0xf9, 0xff, 0xff, 0x92, 0x0, 0x0, 0x0, 0x0,
    0x0, 0x0, 0x0, 0x0, 0x0, 0x0, 0x0, 0x0,
    0x0, 0x7a, 0xff, 0xff, 0xe1, 0x0, 0x0, 0x0,
    0x0, 0x0, 0x0, 0x0, 0x0, 0x0, 0x0, 0x0,
    0x0, 0x0, 0x1, 0x8, 0x8, 0x8, 0x0, 0x0,
    0x0, 0x0, 0x0, 0x0, 0x0, 0x0, 0x0, 0x0,
    0x0, 0x0, 0x0, 0x0, 0x0, 0x0, 0x0, 0x0,
    0x0, 0x0, 0x0, 0x0, 0x0, 0x0, 0x0, 0x0,
    0x0, 0x0, 0x8, 0x68, 0xb7, 0xe6, 0xf9, 0xed,
    0xc9, 0x81, 0x19, 0x0, 0x0, 0x0, 0x0, 0x0,
    0x0, 0x0, 0x3f, 0xe4, 0xff, 0xff, 0xff, 0xff,
    0xff, 0xff, 0xff, 0xf7, 0x73, 0x0, 0x0, 0x0,
    0x0, 0x0, 0x49, 0xfb, 0xff, 0xff, 0xff, 0xff,
    0xff, 0xff, 0xff, 0xff, 0xff, 0xff, 0x8c, 0x0,
    0x0, 0x0, 0x16, 0xf1, 0xff, 0xff, 0xff, 0xff,
    0xc6, 0x9e, 0xb5, 0xf8, 0xff, 0xff, 0xff, 0xff,
    0x4d, 0x0, 0x0, 0x8d, 0xff, 0xff, 0xff, 0xed,
    0x47, 0x0, 0x0, 0x0, 0x24, 0xcb, 0xff, 0xff,
    0xff, 0xd2, 0x0, 0x0, 0xe1, 0xff, 0xff, 0xff,
    0x54, 0x0, 0x0, 0x0, 0x0, 0x0, 0x1f, 0xf2,
    0xff, 0xff, 0xff, 0x27, 0x11, 0xff, 0xff, 0xff,
    0xe5, 0x0, 0x0, 0x0, 0x0, 0x0, 0x0, 0x0,
    0xa0, 0xff, 0xff, 0xff, 0x57, 0x22, 0xff, 0xff,
    0xff, 0xc9, 0x0, 0x0, 0x0, 0x0, 0x0, 0x0,
    0x0, 0x82, 0xff, 0xff, 0xff, 0x69, 0x11, 0xff,
    0xff, 0xff, 0xe4, 0x0, 0x0, 0x0, 0x0, 0x0,
    0x0, 0x0, 0x9f, 0xff, 0xff, 0xff, 0x57, 0x0,
    0xe2, 0xff, 0xff, 0xff, 0x52, 0x0, 0x0, 0x0,
    0x0, 0x0, 0x1d, 0xf1, 0xff, 0xff, 0xff, 0x28,
    0x0, 0x8f, 0xff, 0xff, 0xff, 0xeb, 0x43, 0x0,
    0x0, 0x0, 0x21, 0xc9, 0xff, 0xff, 0xff, 0xd3,
    0x0, 0x0, 0x17, 0xf2, 0xff, 0xff, 0xff, 0xff,
    0xc2, 0x99, 0xb0, 0xf6, 0xff, 0xff, 0xff, 0xff,
    0x50, 0x0, 0x0, 0x0, 0x4c, 0xfc, 0xff, 0xff,
    0xff, 0xff, 0xff, 0xff, 0xff, 0xff, 0xff, 0xff,
    0x8f, 0x0, 0x0, 0x0, 0x0, 0x0, 0x42, 0xe5,
    0xff, 0xff, 0xff, 0xff, 0xff, 0xff, 0xff, 0xf7,
    0x75, 0x0, 0x0, 0x0, 0x0, 0x0, 0x0, 0x0,
    0x8, 0x69, 0xb8, 0xe6, 0xfa, 0xee, 0xca, 0x82,
    0x1a, 0x0, 0x0, 0x0, 0x0,

    /* U+00F3 "ó" */
    0x0, 0x0, 0x0, 0x0, 0x0, 0x0, 0x0, 0x1,
    0xe6, 0xff, 0xff, 0xff, 0x81, 0x0, 0x0, 0x0,
    0x0, 0x0, 0x0, 0x0, 0x0, 0x0, 0x0, 0x0,
    0x39, 0xff, 0xff, 0xff, 0xd0, 0x5, 0x0, 0x0,
    0x0, 0x0, 0x0, 0x0, 0x0, 0x0, 0x0, 0x0,
    0x0, 0x89, 0xff, 0xff, 0xfa, 0x30, 0x0, 0x0,
    0x0, 0x0, 0x0, 0x0, 0x0, 0x0, 0x0, 0x0,
    0x0, 0x0, 0xd9, 0xff, 0xff, 0x7f, 0x0, 0x0,
    0x0, 0x0, 0x0, 0x0, 0x0, 0x0, 0x0, 0x0,
    0x0, 0x0, 0x0, 0x8, 0x8, 0x8, 0x1, 0x0,
    0x0, 0x0, 0x0, 0x0, 0x0, 0x0, 0x0, 0x0,
    0x0, 0x0, 0x0, 0x0, 0x0, 0x0, 0x0, 0x0,
    0x0, 0x0, 0x0, 0x0, 0x0, 0x0, 0x0, 0x0,
    0x0, 0x0, 0x8, 0x68, 0xb7, 0xe6, 0xf9, 0xed,
    0xc9, 0x81, 0x19, 0x0, 0x0, 0x0, 0x0, 0x0,
    0x0, 0x0, 0x3f, 0xe4, 0xff, 0xff, 0xff, 0xff,
    0xff, 0xff, 0xff, 0xf7, 0x73, 0x0, 0x0, 0x0,
    0x0, 0x0, 0x49, 0xfb, 0xff, 0xff, 0xff, 0xff,
    0xff, 0xff, 0xff, 0xff, 0xff, 0xff, 0x8c, 0x0,
    0x0, 0x0, 0x16, 0xf1, 0xff, 0xff, 0xff, 0xff,
    0xc6, 0x9e, 0xb5, 0xf8, 0xff, 0xff, 0xff, 0xff,
    0x4d, 0x0, 0x0, 0x8d, 0xff, 0xff, 0xff, 0xed,
    0x47, 0x0, 0x0, 0x0, 0x24, 0xcb, 0xff, 0xff,
    0xff, 0xd2, 0x0, 0x0, 0xe1, 0xff, 0xff, 0xff,
    0x54, 0x0, 0x0, 0x0, 0x0, 0x0, 0x1f, 0xf2,
    0xff, 0xff, 0xff, 0x27, 0x11, 0xff, 0xff, 0xff,
    0xe5, 0x0, 0x0, 0x0, 0x0, 0x0, 0x0, 0x0,
    0xa0, 0xff, 0xff, 0xff, 0x57, 0x22, 0xff, 0xff,
    0xff, 0xc9, 0x0, 0x0, 0x0, 0x0, 0x0, 0x0,
    0x0, 0x82, 0xff, 0xff, 0xff, 0x69, 0x11, 0xff,
    0xff, 0xff, 0xe4, 0x0, 0x0, 0x0, 0x0, 0x0,
    0x0, 0x0, 0x9f, 0xff, 0xff, 0xff, 0x57, 0x0,
    0xe2, 0xff, 0xff, 0xff, 0x52, 0x0, 0x0, 0x0,
    0x0, 0x0, 0x1d, 0xf1, 0xff, 0xff, 0xff, 0x28,
    0x0, 0x8f, 0xff, 0xff, 0xff, 0xeb, 0x43, 0x0,
    0x0, 0x0, 0x21, 0xc9, 0xff, 0xff, 0xff, 0xd3,
    0x0, 0x0, 0x17, 0xf2, 0xff, 0xff, 0xff, 0xff,
    0xc2, 0x99, 0xb0, 0xf6, 0xff, 0xff, 0xff, 0xff,
    0x50, 0x0, 0x0, 0x0, 0x4c, 0xfc, 0xff, 0xff,
    0xff, 0xff, 0xff, 0xff, 0xff, 0xff, 0xff, 0xff,
    0x8f, 0x0, 0x0, 0x0, 0x0, 0x0, 0x42, 0xe5,
    0xff, 0xff, 0xff, 0xff, 0xff, 0xff, 0xff, 0xf7,
    0x75, 0x0, 0x0, 0x0, 0x0, 0x0, 0x0, 0x0,
    0x8, 0x69, 0xb8, 0xe6, 0xfa, 0xee, 0xca, 0x82,
    0x1a, 0x0, 0x0, 0x0, 0x0,

    /* U+00F4 "ô" */
    0x0, 0x0, 0x0, 0x0, 0x0, 0x0, 0x8b, 0xff,
    0xff, 0xff, 0xc2, 0x8, 0x0, 0x0, 0x0, 0x0,
    0x0, 0x0, 0x0, 0x0, 0x0, 0x0, 0x82, 0xff,
    0xff, 0xff, 0xff, 0xff, 0xb0, 0x3, 0x0, 0x0,
    0x0, 0x0, 0x0, 0x0, 0x0, 0x0, 0x79, 0xff,
    0xff, 0xfc, 0x60, 0xe3, 0xff, 0xff, 0x9c, 0x0,
    0x0, 0x0, 0x0, 0x0, 0x0, 0x0, 0x3a, 0xc3,
    0xc4, 0xc4, 0x6d, 0x0, 0x37, 0xc3, 0xc4, 0xc4,
    0x51, 0x0, 0x0, 0x0, 0x0, 0x0, 0x0, 0x0,
    0x0, 0x0, 0x0, 0x0, 0x0, 0x0, 0x0, 0x0,
    0x0, 0x0, 0x0, 0x0, 0x0, 0x0, 0x0, 0x0,
    0x0, 0x0, 0x0, 0x0, 0x0, 0x0, 0x0, 0x0,
    0x0, 0x0, 0x0, 0x0, 0x0, 0x0, 0x0, 0x0,
    0x0, 0x0, 0x8, 0x68, 0xb7, 0xe6, 0xf9, 0xed,
    0xc9, 0x81, 0x19, 0x0, 0x0, 0x0, 0x0, 0x0,
    0x0, 0x0, 0x3f, 0xe4, 0xff, 0xff, 0xff, 0xff,
    0xff, 0xff, 0xff, 0xf7, 0x73, 0x0, 0x0, 0x0,
    0x0, 0x0, 0x49, 0xfb, 0xff, 0xff, 0xff, 0xff,
    0xff, 0xff, 0xff, 0xff, 0xff, 0xff, 0x8c, 0x0,
    0x0, 0x0, 0x16, 0xf1, 0xff, 0xff, 0xff, 0xff,
    0xc6, 0x9e, 0xb5, 0xf8, 0xff, 0xff, 0xff, 0xff,
    0x4d, 0x0, 0x0, 0x8d, 0xff, 0xff, 0xff, 0xed,
    0x47, 0x0, 0x0, 0x0, 0x24, 0xcb, 0xff, 0xff,
    0xff, 0xd2, 0x0, 0x0, 0xe1, 0xff, 0xff, 0xff,
    0x54, 0x0, 0x0, 0x0, 0x0, 0x0, 0x1f, 0xf2,
    0xff, 0xff, 0xff, 0x27, 0x11, 0xff, 0xff, 0xff,
    0xe5, 0x0, 0x0, 0x0, 0x0, 0x0, 0x0, 0x0,
    0xa0, 0xff, 0xff, 0xff, 0x57, 0x22, 0xff, 0xff,
    0xff, 0xc9, 0x0, 0x0, 0x0, 0x0, 0x0, 0x0,
    0x0, 0x82, 0xff, 0xff, 0xff, 0x69, 0x11, 0xff,
    0xff, 0xff, 0xe4, 0x0, 0x0, 0x0, 0x0, 0x0,
    0x0, 0x0, 0x9f, 0xff, 0xff, 0xff, 0x57, 0x0,
    0xe2, 0xff, 0xff, 0xff, 0x52, 0x0, 0x0, 0x0,
    0x0, 0x0, 0x1d, 0xf1, 0xff, 0xff, 0xff, 0x28,
    0x0, 0x8f, 0xff, 0xff, 0xff, 0xeb, 0x43, 0x0,
    0x0, 0x0, 0x21, 0xc9, 0xff, 0xff, 0xff, 0xd3,
    0x0, 0x0, 0x17, 0xf2, 0xff, 0xff, 0xff, 0xff,
    0xc2, 0x99, 0xb0, 0xf6, 0xff, 0xff, 0xff, 0xff,
    0x50, 0x0, 0x0, 0x0, 0x4c, 0xfc, 0xff, 0xff,
    0xff, 0xff, 0xff, 0xff, 0xff, 0xff, 0xff, 0xff,
    0x8f, 0x0, 0x0, 0x0, 0x0, 0x0, 0x42, 0xe5,
    0xff, 0xff, 0xff, 0xff, 0xff, 0xff, 0xff, 0xf7,
    0x75, 0x0, 0x0, 0x0, 0x0, 0x0, 0x0, 0x0,
    0x8, 0x69, 0xb8, 0xe6, 0xfa, 0xee, 0xca, 0x82,
    0x1a, 0x0, 0x0, 0x0, 0x0,

    /* U+00F5 "õ" */
    0x0, 0x0, 0x0, 0x0, 0x48, 0xc4, 0xf3, 0xfd,
    0xf9, 0xf3, 0xf1, 0xfe, 0xff, 0xeb, 0x0, 0x0,
    0x0, 0x0, 0x0, 0x0, 0x3e, 0xfb, 0xff, 0xff,
    0xff, 0xff, 0xff, 0xff, 0xff, 0xff, 0x82, 0x0,
    0x0, 0x0, 0x0, 0x0, 0x0, 0x98, 0xf8, 0xf8,
    0xef, 0xf0, 0xf5, 0xfc, 0xfa, 0xd7, 0x73, 0x1,
    0x0, 0x0, 0x0, 0x0, 0x0, 0x0, 0x0, 0x0,
    0x0, 0x0, 0x0, 0x0, 0x0, 0x0, 0x0, 0x0,
    0x0, 0x0, 0x0, 0x0, 0x0, 0x0, 0x0, 0x0,
    0x0, 0x0, 0x0, 0x0, 0x0, 0x0, 0x0, 0x0,
    0x0, 0x0, 0x0, 0x0, 0x0, 0x0, 0x0, 0x0,
    0x0, 0x0, 0x0, 0x0, 0x0, 0x0, 0x0, 0x0,
    0x0, 0x0, 0x0, 0x0, 0x0, 0x0, 0x0, 0x0,
    0x0, 0x0, 0x8, 0x68, 0xb7, 0xe6, 0xf9, 0xed,
    0xc9, 0x81, 0x19, 0x0, 0x0, 0x0, 0x0, 0x0,
    0x0, 0x0, 0x3f, 0xe4, 0xff, 0xff, 0xff, 0xff,
    0xff, 0xff, 0xff, 0xf7, 0x73, 0x0, 0x0, 0x0,
    0x0, 0x0, 0x49, 0xfb, 0xff, 0xff, 0xff, 0xff,
    0xff, 0xff, 0xff, 0xff, 0xff, 0xff, 0x8c, 0x0,
    0x0, 0x0, 0x16, 0xf1, 0xff, 0xff, 0xff, 0xff,
    0xc6, 0x9e, 0xb5, 0xf8, 0xff, 0xff, 0xff, 0xff,
    0x4d, 0x0, 0x0, 0x8d, 0xff, 0xff, 0xff, 0xed,
    0x47, 0x0, 0x0, 0x0, 0x24, 0xcb, 0xff, 0xff,
    0xff, 0xd2, 0x0, 0x0, 0xe1, 0xff, 0xff, 0xff,
    0x54, 0x0, 0x0, 0x0, 0x0, 0x0, 0x1f, 0xf2,
    0xff, 0xff, 0xff, 0x27, 0x11, 0xff, 0xff, 0xff,
    0xe5, 0x0, 0x0, 0x0, 0x0, 0x0, 0x0, 0x0,
    0xa0, 0xff, 0xff, 0xff, 0x57, 0x22, 0xff, 0xff,
    0xff, 0xc9, 0x0, 0x0, 0x0, 0x0, 0x0, 0x0,
    0x0, 0x82, 0xff, 0xff, 0xff, 0x69, 0x11, 0xff,
    0xff, 0xff, 0xe4, 0x0, 0x0, 0x0, 0x0, 0x0,
    0x0, 0x0, 0x9f, 0xff, 0xff, 0xff, 0x57, 0x0,
    0xe2, 0xff, 0xff, 0xff, 0x52, 0x0, 0x0, 0x0,
    0x0, 0x0, 0x1d, 0xf1, 0xff, 0xff, 0xff, 0x28,
    0x0, 0x8f, 0xff, 0xff, 0xff, 0xeb, 0x43, 0x0,
    0x0, 0x0, 0x21, 0xc9, 0xff, 0xff, 0xff, 0xd3,
    0x0, 0x0, 0x17, 0xf2, 0xff, 0xff, 0xff, 0xff,
    0xc2, 0x99, 0xb0, 0xf6, 0xff, 0xff, 0xff, 0xff,
    0x50, 0x0, 0x0, 0x0, 0x4c, 0xfc, 0xff, 0xff,
    0xff, 0xff, 0xff, 0xff, 0xff, 0xff, 0xff, 0xff,
    0x8f, 0x0, 0x0, 0x0, 0x0, 0x0, 0x42, 0xe5,
    0xff, 0xff, 0xff, 0xff, 0xff, 0xff, 0xff, 0xf7,
    0x75, 0x0, 0x0, 0x0, 0x0, 0x0, 0x0, 0x0,
    0x8, 0x69, 0xb8, 0xe6, 0xfa, 0xee, 0xca, 0x82,
    0x1a, 0x0, 0x0, 0x0, 0x0,

    /* U+00F6 "ö" */
    0x0, 0x0, 0x0, 0x0, 0x83, 0xef, 0xd4, 0x30,
    0x0, 0xe, 0xb2, 0xf3, 0xb4, 0xf, 0x0, 0x0,
    0x0, 0x0, 0x0, 0x0, 0x3b, 0xff, 0xff, 0xff,
    0xc7, 0x0, 0x7f, 0xff, 0xff, 0xff, 0x83, 0x0,
    0x0, 0x0, 0x0, 0x0, 0x0, 0x4c, 0xff, 0xff,
    0xff, 0xd8, 0x0, 0x90, 0xff, 0xff, 0xff, 0x94,
    0x0, 0x0, 0x0, 0x0, 0x0, 0x0, 0x5, 0xc1,
    0xff, 0xfb, 0x58, 0x0, 0x24, 0xe7, 0xff, 0xe8,
    0x26, 0x0, 0x0, 0x0, 0x0, 0x0, 0x0, 0x0,
    0x3, 0x33, 0x1c, 0x0, 0x0, 0x0, 0xd, 0x38,
    0xe, 0x0, 0x0, 0x0, 0x0, 0x0, 0x0, 0x0,
    0x0, 0x0, 0x0, 0x0, 0x0, 0x0, 0x0, 0x0,
    0x0, 0x0, 0x0, 0x0, 0x0, 0x0, 0x0, 0x0,
    0x0, 0x0, 0x8, 0x68, 0xb7, 0xe6, 0xf9, 0xed,
    0xc9, 0x81, 0x19, 0x0, 0x0, 0x0, 0x0, 0x0,
    0x0, 0x0, 0x3f, 0xe4, 0xff, 0xff, 0xff, 0xff,
    0xff, 0xff, 0xff, 0xf7, 0x73, 0x0, 0x0, 0x0,
    0x0, 0x0, 0x49, 0xfb, 0xff, 0xff, 0xff, 0xff,
    0xff, 0xff, 0xff, 0xff, 0xff, 0xff, 0x8c, 0x0,
    0x0, 0x0, 0x16, 0xf1, 0xff, 0xff, 0xff, 0xff,
    0xc6, 0x9e, 0xb5, 0xf8, 0xff, 0xff, 0xff, 0xff,
    0x4d, 0x0, 0x0, 0x8d, 0xff, 0xff, 0xff, 0xed,
    0x47, 0x0, 0x0, 0x0, 0x24, 0xcb, 0xff, 0xff,
    0xff, 0xd2, 0x0, 0x0, 0xe1, 0xff, 0xff, 0xff,
    0x54, 0x0, 0x0, 0x0, 0x0, 0x0, 0x1f, 0xf2,
    0xff, 0xff, 0xff, 0x27, 0x11, 0xff, 0xff, 0xff,
    0xe5, 0x0, 0x0, 0x0, 0x0, 0x0, 0x0, 0x0,
    0xa0, 0xff, 0xff, 0xff, 0x57, 0x22, 0xff, 0xff,
    0xff, 0xc9, 0x0, 0x0, 0x0, 0x0, 0x0, 0x0,
    0x0, 0x82, 0xff, 0xff, 0xff, 0x69, 0x11, 0xff,
    0xff, 0xff, 0xe4, 0x0, 0x0, 0x0, 0x0, 0x0,
    0x0, 0x0, 0x9f, 0xff, 0xff, 0xff, 0x57, 0x0,
    0xe2, 0xff, 0xff, 0xff, 0x52, 0x0, 0x0, 0x0,
    0x0, 0x0, 0x1d, 0xf1, 0xff, 0xff, 0xff, 0x28,
    0x0, 0x8f, 0xff, 0xff, 0xff, 0xeb, 0x43, 0x0,
    0x0, 0x0, 0x21, 0xc9, 0xff, 0xff, 0xff, 0xd3,
    0x0, 0x0, 0x17, 0xf2, 0xff, 0xff, 0xff, 0xff,
    0xc2, 0x99, 0xb0, 0xf6, 0xff, 0xff, 0xff, 0xff,
    0x50, 0x0, 0x0, 0x0, 0x4c, 0xfc, 0xff, 0xff,
    0xff, 0xff, 0xff, 0xff, 0xff, 0xff, 0xff, 0xff,
    0x8f, 0x0, 0x0, 0x0, 0x0, 0x0, 0x42, 0xe5,
    0xff, 0xff, 0xff, 0xff, 0xff, 0xff, 0xff, 0xf7,
    0x75, 0x0, 0x0, 0x0, 0x0, 0x0, 0x0, 0x0,
    0x8, 0x69, 0xb8, 0xe6, 0xfa, 0xee, 0xca, 0x82,
    0x1a, 0x0, 0x0, 0x0, 0x0,

    /* U+00F7 "÷" */
    0x0, 0x0, 0x0, 0x0, 0x0, 0xd, 0x95, 0xcf,
    0x9b, 0x11, 0x0, 0x0, 0x0, 0x0, 0x0, 0x0,
    0x0, 0x0, 0x0, 0x0, 0xa1, 0xff, 0xff, 0xff,
    0xac, 0x0, 0x0, 0x0, 0x0, 0x0, 0x0, 0x0,
    0x0, 0x0, 0x0, 0xe3, 0xff, 0xff, 0xff, 0xef,
    0x0, 0x0, 0x0, 0x0, 0x0, 0x0, 0x0, 0x0,
    0x0, 0x0, 0xb3, 0xff, 0xff, 0xff, 0xbe, 0x0,
    0x0, 0x0, 0x0, 0x0, 0x0, 0x0, 0x0, 0x0,
    0x0, 0x1c, 0xbb, 0xf4, 0xc1, 0x21, 0x0, 0x0,
    0x0, 0x0, 0x0, 0x0, 0x0, 0x0, 0x0, 0x0,
    0x0, 0x0, 0x0, 0x0, 0x0, 0x0, 0x0, 0x0,
    0x0, 0x0, 0x0, 0x0, 0x0, 0x0, 0x0, 0x0,
    0x0, 0x0, 0x0, 0x0, 0x0, 0x0, 0x0, 0x0,
    0x0, 0x50, 0xff, 0xff, 0xff, 0xff, 0xff, 0xff,
    0xff, 0xff, 0xff, 0xff, 0xff, 0xff, 0xff, 0x64,
    0x50, 0xff, 0xff, 0xff, 0xff, 0xff, 0xff, 0xff,
    0xff, 0xff, 0xff, 0xff, 0xff, 0xff, 0x64, 0x50,
    0xff, 0xff, 0xff, 0xff, 0xff, 0xff, 0xff, 0xff,
    0xff, 0xff, 0xff, 0xff, 0xff, 0x64, 0x10, 0x34,
    0x34, 0x34, 0x34, 0x34, 0x34, 0x34, 0x34, 0x34,
    0x34, 0x34, 0x34, 0x34, 0x14, 0x0, 0x0, 0x0,
    0x0, 0x0, 0x0, 0x0, 0x0, 0x0, 0x0, 0x0,
    0x0, 0x0, 0x0, 0x0, 0x0, 0x0, 0x0, 0x0,
    0x0, 0xd, 0x95, 0xcf, 0x9b, 0x11, 0x0, 0x0,
    0x0, 0x0, 0x0, 0x0, 0x0, 0x0, 0x0, 0x0,
    0xa1, 0xff, 0xff, 0xff, 0xac, 0x0, 0x0, 0x0,
    0x0, 0x0, 0x0, 0x0, 0x0, 0x0, 0x0, 0xe3,
    0xff, 0xff, 0xff, 0xef, 0x0, 0x0, 0x0, 0x0,
    0x0, 0x0, 0x0, 0x0, 0x0, 0x0, 0xb3, 0xff,
    0xff, 0xff, 0xbe, 0x0, 0x0, 0x0, 0x0, 0x0,
    0x0, 0x0, 0x0, 0x0, 0x0, 0x1c, 0xbb, 0xf4,
    0xc1, 0x21, 0x0, 0x0, 0x0, 0x0, 0x0,

    /* U+00F8 "ø" */
    0x0, 0x0, 0x0, 0x0, 0x0, 0x0, 0x0, 0x0,
    0x0, 0x0, 0x0, 0xe, 0x96, 0x1e, 0x0, 0x0,
    0x0, 0x0, 0x0, 0x0, 0x0, 0x9, 0x68, 0xb7,
    0xe6, 0xf9, 0xee, 0xc8, 0xc1, 0xff, 0xf7, 0x7b,
    0x0, 0x0, 0x0, 0x0, 0x0, 0x42, 0xe6, 0xff,
    0xff, 0xff, 0xff, 0xff, 0xff, 0xff, 0xff, 0xff,
    0x70, 0x0, 0x0, 0x0, 0x0, 0x4c, 0xfc, 0xff,
    0xff, 0xff, 0xff, 0xff, 0xff, 0xff, 0xff, 0xff,
    0xff, 0x7e, 0x0, 0x0, 0x0, 0x17, 0xf2, 0xff,
    0xff, 0xff, 0xdd, 0x7e, 0x5a, 0xc8, 0xff, 0xff,
    0xff, 0xff, 0xff, 0x44, 0x0, 0x0, 0x8f, 0xff,
    0xff, 0xff, 0xb3, 0x8, 0x0, 0x2f, 0xfa, 0xff,
    0xff, 0xff, 0xff, 0xff, 0xcb, 0x0, 0x0, 0xe3,
    0xff, 0xff, 0xea, 0x14, 0x0, 0x5, 0xcf, 0xff,
    0xff, 0xd3, 0xb5, 0xff, 0xff, 0xff, 0x24, 0x11,
    0xff, 0xff, 0xff, 0x98, 0x0, 0x0, 0x7f, 0xff,
    0xff, 0xfb, 0x33, 0x54, 0xff, 0xff, 0xff, 0x55,
    0x22, 0xff, 0xff, 0xff, 0x7f, 0x0, 0x2f, 0xfa,
    0xff, 0xff, 0x83, 0x0, 0x37, 0xff, 0xff, 0xff,
    0x69, 0x10, 0xff, 0xff, 0xff, 0x9b, 0x5, 0xcf,
    0xff, 0xff, 0xd2, 0x6, 0x0, 0x50, 0xff, 0xff,
    0xff, 0x58, 0x0, 0xe2, 0xff, 0xff, 0xea, 0x8a,
    0xff, 0xff, 0xfb, 0x31, 0x0, 0x0, 0xb5, 0xff,
    0xff, 0xff, 0x2a, 0x0, 0x8f, 0xff, 0xff, 0xff,
    0xff, 0xff, 0xff, 0x81, 0x0, 0x0, 0x73, 0xff,
    0xff, 0xff, 0xd5, 0x0, 0x0, 0x18, 0xf2, 0xff,
    0xff, 0xff, 0xff, 0xf4, 0x5b, 0x6a, 0xbc, 0xff,
    0xff, 0xff, 0xff, 0x52, 0x0, 0x0, 0x0, 0x4a,
    0xfb, 0xff, 0xff, 0xff, 0xff, 0xff, 0xff, 0xff,
    0xff, 0xff, 0xff, 0x93, 0x0, 0x0, 0x0, 0x0,
    0x21, 0xf6, 0xff, 0xff, 0xff, 0xff, 0xff, 0xff,
    0xff, 0xff, 0xf9, 0x79, 0x1, 0x0, 0x0, 0x0,
    0x0, 0x37, 0xd8, 0xff, 0xe3, 0xb8, 0xe9, 0xfa,
    0xee, 0xcb, 0x85, 0x1d, 0x0, 0x0, 0x0, 0x0,
    0x0, 0x0, 0x0, 0x4, 0x6e, 0x47, 0x0, 0x0,
    0x0, 0x0, 0x0, 0x0, 0x0, 0x0, 0x0, 0x0,
    0x0,

    /* U+00F9 "ù" */
    0x0, 0x0, 0x0, 0x2b, 0xf8, 0xff, 0xff, 0xff,
    0x47, 0x0, 0x0, 0x0, 0x0, 0x0, 0x0, 0x0,
    0x0, 0x0, 0x0, 0x7a, 0xff, 0xff, 0xff, 0x96,
    0x0, 0x0, 0x0, 0x0, 0x0, 0x0, 0x0, 0x0,
    0x0, 0x0, 0x4, 0xcc, 0xff, 0xff, 0xe4, 0x1,
    0x0, 0x0, 0x0, 0x0, 0x0, 0x0, 0x0, 0x0,
    0x0, 0x0, 0x2c, 0xf9, 0xff, 0xff, 0x35, 0x0,
    0x0, 0x0, 0x0, 0x0, 0x0, 0x0, 0x0, 0x0,
    0x0, 0x0, 0x6, 0x8, 0x8, 0x2, 0x0, 0x0,
    0x0, 0x0, 0x0, 0x0, 0x0, 0x0, 0x0, 0x0,
    0x0, 0x0, 0x0, 0x0, 0x0, 0x0, 0x0, 0x0,
    0x0, 0x0, 0x70, 0xff, 0xff, 0xff, 0x7c, 0x0,
    0x0, 0x0, 0x0, 0x0, 0x64, 0xff, 0xff, 0xff,
    0x8c, 0x70, 0xff, 0xff, 0xff, 0x7c, 0x0, 0x0,
    0x0, 0x0, 0x0, 0x64, 0xff, 0xff, 0xff, 0x8c,
    0x70, 0xff, 0xff, 0xff, 0x7c, 0x0, 0x0, 0x0,
    0x0, 0x0, 0x64, 0xff, 0xff, 0xff, 0x8c, 0x70,
    0xff, 0xff, 0xff, 0x7c, 0x0, 0x0, 0x0, 0x0,
    0x0, 0x64, 0xff, 0xff, 0xff, 0x8c, 0x70, 0xff,
    0xff, 0xff, 0x7c, 0x0, 0x0, 0x0, 0x0, 0x0,
    0x64, 0xff, 0xff, 0xff, 0x8c, 0x70, 0xff, 0xff,
    0xff, 0x7c, 0x0, 0x0, 0x0, 0x0, 0x0, 0x64,
    0xff, 0xff, 0xff, 0x8c, 0x70, 0xff, 0xff, 0xff,
    0x7c, 0x0, 0x0, 0x0, 0x0, 0x0, 0x64, 0xff,
    0xff, 0xff, 0x8c, 0x70, 0xff, 0xff, 0xff, 0x7c,
    0x0, 0x0, 0x0, 0x0, 0x0, 0x72, 0xff, 0xff,
    0xff, 0x8c, 0x6f, 0xff, 0xff, 0xff, 0x82, 0x0,
    0x0, 0x0, 0x0, 0x0, 0x97, 0xff, 0xff, 0xff,
    0x8c, 0x66, 0xff, 0xff, 0xff, 0xa6, 0x0, 0x0,
    0x0, 0x0, 0xb, 0xeb, 0xff, 0xff, 0xff, 0x8c,
    0x47, 0xff, 0xff, 0xff, 0xf8, 0x2d, 0x0, 0x0,
    0x6, 0xa7, 0xff, 0xff, 0xff, 0xff, 0x8c, 0xe,
    0xf7, 0xff, 0xff, 0xff, 0xf8, 0xb2, 0x9d, 0xdb,
    0xff, 0xff, 0xff, 0xff, 0xff, 0x8c, 0x0, 0x97,
    0xff, 0xff, 0xff, 0xff, 0xff, 0xff, 0xff, 0xff,
    0xf0, 0xff, 0xff, 0xff, 0x8c, 0x0, 0xf, 0xce,
    0xff, 0xff, 0xff, 0xff, 0xff, 0xff, 0xdd, 0x44,
    0xff, 0xff, 0xff, 0x8c, 0x0, 0x0, 0xb, 0x7b,
    0xd0, 0xf4, 0xf4, 0xd3, 0x7f, 0xc, 0x28, 0xff,
    0xff, 0xff, 0x8c,

    /* U+00FA "ú" */
    0x0, 0x0, 0x0, 0x0, 0x0, 0x0, 0x13, 0xfc,
    0xff, 0xff, 0xff, 0x59, 0x0, 0x0, 0x0, 0x0,
    0x0, 0x0, 0x0, 0x0, 0x0, 0x5f, 0xff, 0xff,
    0xff, 0xae, 0x0, 0x0, 0x0, 0x0, 0x0, 0x0,
    0x0, 0x0, 0x0, 0x0, 0xaf, 0xff, 0xff, 0xec,
    0x16, 0x0, 0x0, 0x0, 0x0, 0x0, 0x0, 0x0,
    0x0, 0x0, 0x8, 0xf5, 0xff, 0xff, 0x57, 0x0,
    0x0, 0x0, 0x0, 0x0, 0x0, 0x0, 0x0, 0x0,
    0x0, 0x1, 0x8, 0x8, 0x7, 0x0, 0x0, 0x0,
    0x0, 0x0, 0x0, 0x0, 0x0, 0x0, 0x0, 0x0,
    0x0, 0x0, 0x0, 0x0, 0x0, 0x0, 0x0, 0x0,
    0x0, 0x0, 0x70, 0xff, 0xff, 0xff, 0x7c, 0x0,
    0x0, 0x0, 0x0, 0x0, 0x64, 0xff, 0xff, 0xff,
    0x8c, 0x70, 0xff, 0xff, 0xff, 0x7c, 0x0, 0x0,
    0x0, 0x0, 0x0, 0x64, 0xff, 0xff, 0xff, 0x8c,
    0x70, 0xff, 0xff, 0xff, 0x7c, 0x0, 0x0, 0x0,
    0x0, 0x0, 0x64, 0xff, 0xff, 0xff, 0x8c, 0x70,
    0xff, 0xff, 0xff, 0x7c, 0x0, 0x0, 0x0, 0x0,
    0x0, 0x64, 0xff, 0xff, 0xff, 0x8c, 0x70, 0xff,
    0xff, 0xff, 0x7c, 0x0, 0x0, 0x0, 0x0, 0x0,
    0x64, 0xff, 0xff, 0xff, 0x8c, 0x70, 0xff, 0xff,
    0xff, 0x7c, 0x0, 0x0, 0x0, 0x0, 0x0, 0x64,
    0xff, 0xff, 0xff, 0x8c, 0x70, 0xff, 0xff, 0xff,
    0x7c, 0x0, 0x0, 0x0, 0x0, 0x0, 0x64, 0xff,
    0xff, 0xff, 0x8c, 0x70, 0xff, 0xff, 0xff, 0x7c,
    0x0, 0x0, 0x0, 0x0, 0x0, 0x72, 0xff, 0xff,
    0xff, 0x8c, 0x6f, 0xff, 0xff, 0xff, 0x82, 0x0,
    0x0, 0x0, 0x0, 0x0, 0x97, 0xff, 0xff, 0xff,
    0x8c, 0x66, 0xff, 0xff, 0xff, 0xa6, 0x0, 0x0,
    0x0, 0x0, 0xb, 0xeb, 0xff, 0xff, 0xff, 0x8c,
    0x47, 0xff, 0xff, 0xff, 0xf8, 0x2d, 0x0, 0x0,
    0x6, 0xa7, 0xff, 0xff, 0xff, 0xff, 0x8c, 0xe,
    0xf7, 0xff, 0xff, 0xff, 0xf8, 0xb2, 0x9d, 0xdb,
    0xff, 0xff, 0xff, 0xff, 0xff, 0x8c, 0x0, 0x97,
    0xff, 0xff, 0xff, 0xff, 0xff, 0xff, 0xff, 0xff,
    0xf0, 0xff, 0xff, 0xff, 0x8c, 0x0, 0xf, 0xce,
    0xff, 0xff, 0xff, 0xff, 0xff, 0xff, 0xdd, 0x44,
    0xff, 0xff, 0xff, 0x8c, 0x0, 0x0, 0xb, 0x7b,
    0xd0, 0xf4, 0xf4, 0xd3, 0x7f, 0xc, 0x28, 0xff,
    0xff, 0xff, 0x8c,

    /* U+00FB "û" */
    0x0, 0x0, 0x0, 0x0, 0x0, 0x93, 0xff, 0xff,
    0xff, 0xbd, 0x7, 0x0, 0x0, 0x0, 0x0, 0x0,
    0x0, 0x0, 0x0, 0x8c, 0xff, 0xff, 0xff, 0xff,
    0xff, 0xab, 0x2, 0x0, 0x0, 0x0, 0x0, 0x0,
    0x0, 0x84, 0xff, 0xff, 0xfa, 0x5e, 0xe5, 0xff,
    0xff, 0x97, 0x0, 0x0, 0x0, 0x0, 0x0, 0x40,
    0xc0, 0xc0, 0xc0, 0x65, 0x0, 0x3a, 0xc0, 0xc0,
    0xc0, 0x4b, 0x0, 0x0, 0x0, 0x0, 0x0, 0x0,
    0x0, 0x0, 0x0, 0x0, 0x0, 0x0, 0x0, 0x0,
    0x0, 0x0, 0x0, 0x0, 0x0, 0x0, 0x0, 0x0,
    0x0, 0x0, 0x0, 0x0, 0x0, 0x0, 0x0, 0x0,
    0x0, 0x0, 0x70, 0xff, 0xff, 0xff, 0x7c, 0x0,
    0x0, 0x0, 0x0, 0x0, 0x64, 0xff, 0xff, 0xff,
    0x8c, 0x70, 0xff, 0xff, 0xff, 0x7c, 0x0, 0x0,
    0x0, 0x0, 0x0, 0x64, 0xff, 0xff, 0xff, 0x8c,
    0x70, 0xff, 0xff, 0xff, 0x7c, 0x0, 0x0, 0x0,
    0x0, 0x0, 0x64, 0xff, 0xff, 0xff, 0x8c, 0x70,
    0xff, 0xff, 0xff, 0x7c, 0x0, 0x0, 0x0, 0x0,
    0x0, 0x64, 0xff, 0xff, 0xff, 0x8c, 0x70, 0xff,
    0xff, 0xff, 0x7c, 0x0, 0x0, 0x0, 0x0, 0x0,
    0x64, 0xff, 0xff, 0xff, 0x8c, 0x70, 0xff, 0xff,
    0xff, 0x7c, 0x0, 0x0, 0x0, 0x0, 0x0, 0x64,
    0xff, 0xff, 0xff, 0x8c, 0x70, 0xff, 0xff, 0xff,
    0x7c, 0x0, 0x0, 0x0, 0x0, 0x0, 0x64, 0xff,
    0xff, 0xff, 0x8c, 0x70, 0xff, 0xff, 0xff, 0x7c,
    0x0, 0x0, 0x0, 0x0, 0x0, 0x72, 0xff, 0xff,
    0xff, 0x8c, 0x6f, 0xff, 0xff, 0xff, 0x82, 0x0,
    0x0, 0x0, 0x0, 0x0, 0x97, 0xff, 0xff, 0xff,
    0x8c, 0x66, 0xff, 0xff, 0xff, 0xa6, 0x0, 0x0,
    0x0, 0x0, 0xb, 0xeb, 0xff, 0xff, 0xff, 0x8c,
    0x47, 0xff, 0xff, 0xff, 0xf8, 0x2d, 0x0, 0x0,
    0x6, 0xa7, 0xff, 0xff, 0xff, 0xff, 0x8c, 0xe,
    0xf7, 0xff, 0xff, 0xff, 0xf8, 0xb2, 0x9d, 0xdb,
    0xff, 0xff, 0xff, 0xff, 0xff, 0x8c, 0x0, 0x97,
    0xff, 0xff, 0xff, 0xff, 0xff, 0xff, 0xff, 0xff,
    0xf0, 0xff, 0xff, 0xff, 0x8c, 0x0, 0xf, 0xce,
    0xff, 0xff, 0xff, 0xff, 0xff, 0xff, 0xdd, 0x44,
    0xff, 0xff, 0xff, 0x8c, 0x0, 0x0, 0xb, 0x7b,
    0xd0, 0xf4, 0xf4, 0xd3, 0x7f, 0xc, 0x28, 0xff,
    0xff, 0xff, 0x8c,

    /* U+00FC "ü" */
    0x0, 0x0, 0x0, 0x7d, 0xee, 0xd6, 0x35, 0x0,
    0xb, 0xae, 0xf3, 0xb8, 0x12, 0x0, 0x0, 0x0,
    0x0, 0x33, 0xff, 0xff, 0xff, 0xcf, 0x0, 0x77,
    0xff, 0xff, 0xff, 0x8b, 0x0, 0x0, 0x0, 0x0,
    0x44, 0xff, 0xff, 0xff, 0xe0, 0x0, 0x88, 0xff,
    0xff, 0xff, 0x9c, 0x0, 0x0, 0x0, 0x0, 0x3,
    0xbb, 0xff, 0xfc, 0x5f, 0x0, 0x1f, 0xe4, 0xff,
    0xeb, 0x2b, 0x0, 0x0, 0x0, 0x0, 0x0, 0x2,
    0x32, 0x1d, 0x0, 0x0, 0x0, 0xc, 0x37, 0xf,
    0x0, 0x0, 0x0, 0x0, 0x0, 0x0, 0x0, 0x0,
    0x0, 0x0, 0x0, 0x0, 0x0, 0x0, 0x0, 0x0,
    0x0, 0x0, 0x70, 0xff, 0xff, 0xff, 0x7c, 0x0,
    0x0, 0x0, 0x0, 0x0, 0x64, 0xff, 0xff, 0xff,
    0x8c, 0x70, 0xff, 0xff, 0xff, 0x7c, 0x0, 0x0,
    0x0, 0x0, 0x0, 0x64, 0xff, 0xff, 0xff, 0x8c,
    0x70, 0xff, 0xff, 0xff, 0x7c, 0x0, 0x0, 0x0,
    0x0, 0x0, 0x64, 0xff, 0xff, 0xff, 0x8c, 0x70,
    0xff, 0xff, 0xff, 0x7c, 0x0, 0x0, 0x0, 0x0,
    0x0, 0x64, 0xff, 0xff, 0xff, 0x8c, 0x70, 0xff,
    0xff, 0xff, 0x7c, 0x0, 0x0, 0x0, 0x0, 0x0,
    0x64, 0xff, 0xff, 0xff, 0x8c, 0x70, 0xff, 0xff,
    0xff, 0x7c, 0x0, 0x0, 0x0, 0x0, 0x0, 0x64,
    0xff, 0xff, 0xff, 0x8c, 0x70, 0xff, 0xff, 0xff,
    0x7c, 0x0, 0x0, 0x0, 0x0, 0x0, 0x64, 0xff,
    0xff, 0xff, 0x8c, 0x70, 0xff, 0xff, 0xff, 0x7c,
    0x0, 0x0, 0x0, 0x0, 0x0, 0x72, 0xff, 0xff,
    0xff, 0x8c, 0x6f, 0xff, 0xff, 0xff, 0x82, 0x0,
    0x0, 0x0, 0x0, 0x0, 0x97, 0xff, 0xff, 0xff,
    0x8c, 0x66, 0xff, 0xff, 0xff, 0xa6, 0x0, 0x0,
    0x0, 0x0, 0xb, 0xeb, 0xff, 0xff, 0xff, 0x8c,
    0x47, 0xff, 0xff, 0xff, 0xf8, 0x2d, 0x0, 0x0,
    0x6, 0xa7, 0xff, 0xff, 0xff, 0xff, 0x8c, 0xe,
    0xf7, 0xff, 0xff, 0xff, 0xf8, 0xb2, 0x9d, 0xdb,
    0xff, 0xff, 0xff, 0xff, 0xff, 0x8c, 0x0, 0x97,
    0xff, 0xff, 0xff, 0xff, 0xff, 0xff, 0xff, 0xff,
    0xf0, 0xff, 0xff, 0xff, 0x8c, 0x0, 0xf, 0xce,
    0xff, 0xff, 0xff, 0xff, 0xff, 0xff, 0xdd, 0x44,
    0xff, 0xff, 0xff, 0x8c, 0x0, 0x0, 0xb, 0x7b,
    0xd0, 0xf4, 0xf4, 0xd3, 0x7f, 0xc, 0x28, 0xff,
    0xff, 0xff, 0x8c,

    /* U+00FD "ý" */
    0x0, 0x0, 0x0, 0x0, 0x0, 0x0, 0x0, 0x19,
    0xfe, 0xff, 0xff, 0xff, 0x51, 0x0, 0x0, 0x0,
    0x0, 0x0, 0x0, 0x0, 0x0, 0x0, 0x0, 0x0,
    0x67, 0xff, 0xff, 0xff, 0xa6, 0x0, 0x0, 0x0,
    0x0, 0x0, 0x0, 0x0, 0x0, 0x0, 0x0, 0x0,
    0x0, 0xb7, 0xff, 0xff, 0xe8, 0x12, 0x0, 0x0,
    0x0, 0x0, 0x0, 0x0, 0x0, 0x0, 0x0, 0x0,
    0x0, 0xd, 0xf8, 0xff, 0xff, 0x4f, 0x0, 0x0,
    0x0, 0x0, 0x0, 0x0, 0x0, 0x0, 0x0, 0x0,
    0x0, 0x0, 0x1, 0x8, 0x8, 0x7, 0x0, 0x0,
    0x0, 0x0, 0x0, 0x0, 0x0, 0x0, 0x0, 0x0,
    0x0, 0x0, 0x0, 0x0, 0x0, 0x0, 0x0, 0x0,
    0x0, 0x0, 0x0, 0x0, 0x0, 0x0, 0xa7, 0xff,
    0xff, 0xff, 0xcd, 0x0, 0x0, 0x0, 0x0, 0x0,
    0x0, 0x1e, 0xfd, 0xff, 0xff, 0xff, 0x3f, 0x35,
    0xff, 0xff, 0xff, 0xff, 0x39, 0x0, 0x0, 0x0,
    0x0, 0x0, 0x84, 0xff, 0xff, 0xff, 0xcf, 0x0,
    0x0, 0xc3, 0xff, 0xff, 0xff, 0xa5, 0x0, 0x0,
    0x0, 0x0, 0x4, 0xe6, 0xff, 0xff, 0xff, 0x5f,
    0x0, 0x0, 0x51, 0xff, 0xff, 0xff, 0xf9, 0x17,
    0x0, 0x0, 0x0, 0x54, 0xff, 0xff, 0xff, 0xe8,
    0x6, 0x0, 0x0, 0x2, 0xdc, 0xff, 0xff, 0xff,
    0x7d, 0x0, 0x0, 0x0, 0xbb, 0xff, 0xff, 0xff,
    0x7f, 0x0, 0x0, 0x0, 0x0, 0x6d, 0xff, 0xff,
    0xff, 0xe4, 0x4, 0x0, 0x24, 0xfe, 0xff, 0xff,
    0xf8, 0x16, 0x0, 0x0, 0x0, 0x0, 0xb, 0xee,
    0xff, 0xff, 0xff, 0x54, 0x0, 0x8b, 0xff, 0xff,
    0xff, 0x9e, 0x0, 0x0, 0x0, 0x0, 0x0, 0x0,
    0x88, 0xff, 0xff, 0xff, 0xc0, 0x7, 0xeb, 0xff,
    0xff, 0xff, 0x2e, 0x0, 0x0, 0x0, 0x0, 0x0,
    0x0, 0x1b, 0xfa, 0xff, 0xff, 0xff, 0x8d, 0xff,
    0xff, 0xff, 0xbe, 0x0, 0x0, 0x0, 0x0, 0x0,
    0x0, 0x0, 0x0, 0xa4, 0xff, 0xff, 0xff, 0xff,
    0xff, 0xff, 0xff, 0x4e, 0x0, 0x0, 0x0, 0x0,
    0x0, 0x0, 0x0, 0x0, 0x32, 0xff, 0xff, 0xff,
    0xff, 0xff, 0xff, 0xdb, 0x2, 0x0, 0x0, 0x0,
    0x0, 0x0, 0x0, 0x0, 0x0, 0x0, 0xc0, 0xff,
    0xff, 0xff, 0xff, 0xff, 0x6d, 0x0, 0x0, 0x0,
    0x0, 0x0, 0x0, 0x0, 0x0, 0x0, 0x0, 0x4e,
    0xff, 0xff, 0xff, 0xff, 0xf0, 0xc, 0x0, 0x0,
    0x0, 0x0, 0x0, 0x0, 0x0, 0x0, 0x0, 0x0,
    0x1, 0xdc, 0xff, 0xff, 0xff, 0x8d, 0x0, 0x0,
    0x0, 0x0, 0x0, 0x0, 0x0, 0x0, 0x0, 0x0,
    0x0, 0xf, 0xf1, 0xff, 0xff, 0xfc, 0x20, 0x0,
    0x0, 0x0, 0x0, 0x0, 0x0, 0x0, 0x0, 0x0,
    0x0, 0x0, 0x76, 0xff, 0xff, 0xff, 0xac, 0x0,
    0x0, 0x0, 0x0, 0x0, 0x0, 0x0, 0x0, 0x0,
    0x0, 0x0, 0x5, 0xe4, 0xff, 0xff, 0xff, 0x3c,
    0x0, 0x0, 0x0, 0x0, 0x0, 0x0, 0x0, 0x0,
    0x0, 0x0, 0x0, 0x5f, 0xff, 0xff, 0xff, 0xcc,
    0x0, 0x0, 0x0, 0x0, 0x0, 0x0, 0x0, 0x0,
    0x0, 0x0, 0x0, 0x0, 0xd3, 0xff, 0xff, 0xff,
    0x5c, 0x0, 0x0, 0x0, 0x0, 0x0, 0x0, 0x0,
    0x0, 0x0, 0x0, 0x0, 0x49, 0xff, 0xff, 0xff,
    0xe6, 0x5, 0x0, 0x0, 0x0, 0x0, 0x0, 0x0,
    0x0, 0x0, 0x0, 0x0, 0x0, 0xbe, 0xff, 0xff,
    0xff, 0x7c, 0x0, 0x0, 0x0, 0x0, 0x0, 0x0,
    0x0, 0x0, 0x0,

    /* U+00FE "þ" */
    0x50, 0xff, 0xff, 0xff, 0x9c, 0x0, 0x0, 0x0,
    0x0, 0x0, 0x0, 0x0, 0x0, 0x0, 0x0, 0x0,
    0x0, 0x50, 0xff, 0xff, 0xff, 0x9c, 0x0, 0x0,
    0x0, 0x0, 0x0, 0x0, 0x0, 0x0, 0x0, 0x0,
    0x0, 0x0, 0x50, 0xff, 0xff, 0xff, 0x9c, 0x0,
    0x0, 0x0, 0x0, 0x0, 0x0, 0x0, 0x0, 0x0,
    0x0, 0x0, 0x0, 0x50, 0xff, 0xff, 0xff, 0x9c,
    0x0, 0x0, 0x0, 0x0, 0x0, 0x0, 0x0, 0x0,
    0x0, 0x0, 0x0, 0x0, 0x50, 0xff, 0xff, 0xff,
    0x9c, 0x0, 0x0, 0x0, 0x0, 0x0, 0x0, 0x0,
    0x0, 0x0, 0x0, 0x0, 0x0, 0x50, 0xff, 0xff,
    0xff, 0x9c, 0x0, 0x0, 0x0, 0x0, 0x0, 0x0,
    0x0, 0x0, 0x0, 0x0, 0x0, 0x0, 0x50, 0xff,
    0xff, 0xff, 0x91, 0x2, 0x67, 0xc8, 0xef, 0xf5,
    0xd3, 0x85, 0x16, 0x0, 0x0, 0x0, 0x0, 0x50,
    0xff, 0xff, 0xff, 0x7a, 0xba, 0xff, 0xff, 0xff,
    0xff, 0xff, 0xff, 0xf2, 0x54, 0x0, 0x0, 0x0,
    0x50, 0xff, 0xff, 0xff, 0xed, 0xff, 0xff, 0xff,
    0xff, 0xff, 0xff, 0xff, 0xff, 0xfe, 0x56, 0x0,
    0x0, 0x50, 0xff, 0xff, 0xff, 0xff, 0xff, 0xf3,
    0xb0, 0x9f, 0xcd, 0xff, 0xff, 0xff, 0xff, 0xf4,
    0x19, 0x0, 0x50, 0xff, 0xff, 0xff, 0xff, 0xba,
    0x1a, 0x0, 0x0, 0x0, 0x55, 0xf3, 0xff, 0xff,
    0xff, 0x8e, 0x0, 0x50, 0xff, 0xff, 0xff, 0xe4,
    0x10, 0x0, 0x0, 0x0, 0x0, 0x0, 0x63, 0xff,
    0xff, 0xff, 0xe1, 0x0, 0x50, 0xff, 0xff, 0xff,
    0x83, 0x0, 0x0, 0x0, 0x0, 0x0, 0x0, 0x2,
    0xe8, 0xff, 0xff, 0xff, 0x10, 0x50, 0xff, 0xff,
    0xff, 0x65, 0x0, 0x0, 0x0, 0x0, 0x0, 0x0,
    0x0, 0xca, 0xff, 0xff, 0xff, 0x22, 0x50, 0xff,
    0xff, 0xff, 0x82, 0x0, 0x0, 0x0, 0x0, 0x0,
    0x0, 0x1, 0xe8, 0xff, 0xff, 0xff, 0x10, 0x50,
    0xff, 0xff, 0xff, 0xe2, 0xf, 0x0, 0x0, 0x0,
    0x0, 0x0, 0x5f, 0xff, 0xff, 0xff, 0xe2, 0x0,
    0x50, 0xff, 0xff, 0xff, 0xff, 0xb7, 0x18, 0x0,
    0x0, 0x0, 0x50, 0xf2, 0xff, 0xff, 0xff, 0x8f,
    0x0, 0x50, 0xff, 0xff, 0xff, 0xff, 0xff, 0xf2,
    0xac, 0x9a, 0xc9, 0xff, 0xff, 0xff, 0xff, 0xf5,
    0x1b, 0x0, 0x50, 0xff, 0xff, 0xff, 0xee, 0xff,
    0xff, 0xff, 0xff, 0xff, 0xff, 0xff, 0xff, 0xfe,
    0x59, 0x0, 0x0, 0x50, 0xff, 0xff, 0xff, 0x7b,
    0xbe, 0xff, 0xff, 0xff, 0xff, 0xff, 0xff, 0xf2,
    0x57, 0x0, 0x0, 0x0, 0x50, 0xff, 0xff, 0xff,
    0x90, 0x3, 0x6b, 0xc9, 0xf0, 0xf5, 0xd3, 0x86,
    0x16, 0x0, 0x0, 0x0, 0x0, 0x50, 0xff, 0xff,
    0xff, 0x9c, 0x0, 0x0, 0x0, 0x0, 0x0, 0x0,
    0x0, 0x0, 0x0, 0x0, 0x0, 0x0, 0x50, 0xff,
    0xff, 0xff, 0x9c, 0x0, 0x0, 0x0, 0x0, 0x0,
    0x0, 0x0, 0x0, 0x0, 0x0, 0x0, 0x0, 0x50,
    0xff, 0xff, 0xff, 0x9c, 0x0, 0x0, 0x0, 0x0,
    0x0, 0x0, 0x0, 0x0, 0x0, 0x0, 0x0, 0x0,
    0x50, 0xff, 0xff, 0xff, 0x9c, 0x0, 0x0, 0x0,
    0x0, 0x0, 0x0, 0x0, 0x0, 0x0, 0x0, 0x0,
    0x0, 0x50, 0xff, 0xff, 0xff, 0x9c, 0x0, 0x0,
    0x0, 0x0, 0x0, 0x0, 0x0, 0x0, 0x0, 0x0,
    0x0, 0x0, 0x50, 0xff, 0xff, 0xff, 0x9c, 0x0,
    0x0, 0x0, 0x0, 0x0, 0x0, 0x0, 0x0, 0x0,
    0x0, 0x0, 0x0,

    /* U+00FF "ÿ" */
    0x0, 0x0, 0x0, 0x11, 0xb5, 0xf3, 0xb1, 0xc,
    0x0, 0x33, 0xd5, 0xef, 0x81, 0x0, 0x0, 0x0,
    0x0, 0x0, 0x0, 0x0, 0x87, 0xff, 0xff, 0xff,
    0x7b, 0x0, 0xcb, 0xff, 0xff, 0xff, 0x34, 0x0,
    0x0, 0x0, 0x0, 0x0, 0x0, 0x98, 0xff, 0xff,
    0xff, 0x8c, 0x0, 0xdc, 0xff, 0xff, 0xff, 0x44,
    0x0, 0x0, 0x0, 0x0, 0x0, 0x0, 0x29, 0xea,
    0xff, 0xe6, 0x21, 0x0, 0x5c, 0xfb, 0xff, 0xbe,
    0x4, 0x0, 0x0, 0x0, 0x0, 0x0, 0x0, 0x0,
    0xe, 0x37, 0xd, 0x0, 0x0, 0x0, 0x1c, 0x33,
    0x3, 0x0, 0x0, 0x0, 0x0, 0x0, 0x0, 0x0,
    0x0, 0x0, 0x0, 0x0, 0x0, 0x0, 0x0, 0x0,
    0x0, 0x0, 0x0, 0x0, 0x0, 0x0, 0xa7, 0xff,
    0xff, 0xff, 0xcd, 0x0, 0x0, 0x0, 0x0, 0x0,
    0x0, 0x1e, 0xfd, 0xff, 0xff, 0xff, 0x3f, 0x35,
    0xff, 0xff, 0xff, 0xff, 0x39, 0x0, 0x0, 0x0,
    0x0, 0x0, 0x84, 0xff, 0xff, 0xff, 0xcf, 0x0,
    0x0, 0xc3, 0xff, 0xff, 0xff, 0xa5, 0x0, 0x0,
    0x0, 0x0, 0x4, 0xe6, 0xff, 0xff, 0xff, 0x5f,
    0x0, 0x0, 0x51, 0xff, 0xff, 0xff, 0xf9, 0x17,
    0x0, 0x0, 0x0, 0x54, 0xff, 0xff, 0xff, 0xe8,
    0x6, 0x0, 0x0, 0x2, 0xdc, 0xff, 0xff, 0xff,
    0x7d, 0x0, 0x0, 0x0, 0xbb, 0xff, 0xff, 0xff,
    0x7f, 0x0, 0x0, 0x0, 0x0, 0x6d, 0xff, 0xff,
    0xff, 0xe4, 0x4, 0x0, 0x24, 0xfe, 0xff, 0xff,
    0xf8, 0x16, 0x0, 0x0, 0x0, 0x0, 0xb, 0xee,
    0xff, 0xff, 0xff, 0x54, 0x0, 0x8b, 0xff, 0xff,
    0xff, 0x9e, 0x0, 0x0, 0x0, 0x0, 0x0, 0x0,
    0x88, 0xff, 0xff, 0xff, 0xc0, 0x7, 0xeb, 0xff,
    0xff, 0xff, 0x2e, 0x0, 0x0, 0x0, 0x0, 0x0,
    0x0, 0x1b, 0xfa, 0xff, 0xff, 0xff, 0x8d, 0xff,
    0xff, 0xff, 0xbe, 0x0, 0x0, 0x0, 0x0, 0x0,
    0x0, 0x0, 0x0, 0xa4, 0xff, 0xff, 0xff, 0xff,
    0xff, 0xff, 0xff, 0x4e, 0x0, 0x0, 0x0, 0x0,
    0x0, 0x0, 0x0, 0x0, 0x32, 0xff, 0xff, 0xff,
    0xff, 0xff, 0xff, 0xdb, 0x2, 0x0, 0x0, 0x0,
    0x0, 0x0, 0x0, 0x0, 0x0, 0x0, 0xc0, 0xff,
    0xff, 0xff, 0xff, 0xff, 0x6d, 0x0, 0x0, 0x0,
    0x0, 0x0, 0x0, 0x0, 0x0, 0x0, 0x0, 0x4e,
    0xff, 0xff, 0xff, 0xff, 0xf0, 0xc, 0x0, 0x0,
    0x0, 0x0, 0x0, 0x0, 0x0, 0x0, 0x0, 0x0,
    0x1, 0xdc, 0xff, 0xff, 0xff, 0x8d, 0x0, 0x0,
    0x0, 0x0, 0x0, 0x0, 0x0, 0x0, 0x0, 0x0,
    0x0, 0xf, 0xf1, 0xff, 0xff, 0xfc, 0x20, 0x0,
    0x0, 0x0, 0x0, 0x0, 0x0, 0x0, 0x0, 0x0,
    0x0, 0x0, 0x76, 0xff, 0xff, 0xff, 0xac, 0x0,
    0x0, 0x0, 0x0, 0x0, 0x0, 0x0, 0x0, 0x0,
    0x0, 0x0, 0x5, 0xe4, 0xff, 0xff, 0xff, 0x3c,
    0x0, 0x0, 0x0, 0x0, 0x0, 0x0, 0x0, 0x0,
    0x0, 0x0, 0x0, 0x5f, 0xff, 0xff, 0xff, 0xcc,
    0x0, 0x0, 0x0, 0x0, 0x0, 0x0, 0x0, 0x0,
    0x0, 0x0, 0x0, 0x0, 0xd3, 0xff, 0xff, 0xff,
    0x5c, 0x0, 0x0, 0x0, 0x0, 0x0, 0x0, 0x0,
    0x0, 0x0, 0x0, 0x0, 0x49, 0xff, 0xff, 0xff,
    0xe6, 0x5, 0x0, 0x0, 0x0, 0x0, 0x0, 0x0,
    0x0, 0x0, 0x0, 0x0, 0x0, 0xbe, 0xff, 0xff,
    0xff, 0x7c, 0x0, 0x0, 0x0, 0x0, 0x0, 0x0,
    0x0, 0x0, 0x0,

    /* U+0100 "Ā" */
    0x0, 0x0, 0x0, 0x0, 0x0, 0x0, 0xb4, 0xff,
    0xff, 0xff, 0xff, 0xff, 0xff, 0xff, 0xff, 0x30,
    0x0, 0x0, 0x0, 0x0, 0x0, 0x0, 0x0, 0x0,
    0x0, 0x0, 0x0, 0x0, 0xb4, 0xff, 0xff, 0xff,
    0xff, 0xff, 0xff, 0xff, 0xff, 0x30, 0x0, 0x0,
    0x0, 0x0, 0x0, 0x0, 0x0, 0x0, 0x0, 0x0,
    0x0, 0x0, 0xab, 0xf4, 0xf4, 0xf4, 0xf4, 0xf4,
    0xf4, 0xf4, 0xf4, 0x2d, 0x0, 0x0, 0x0, 0x0,
    0x0, 0x0, 0x0, 0x0, 0x0, 0x0, 0x0, 0x0,
    0x0, 0x0, 0x0, 0x0, 0x0, 0x0, 0x0, 0x0,
    0x0, 0x0, 0x0, 0x0, 0x0, 0x0, 0x0, 0x0,
    0x0, 0x0, 0x0, 0x0, 0x0, 0x0, 0x0, 0x0,
    0x0, 0x0, 0x0, 0x0, 0x0, 0x0, 0x0, 0x0,
    0x0, 0x0, 0x0, 0x0, 0x0, 0x0, 0x0, 0x0,
    0x0, 0x0, 0x0, 0x0, 0x0, 0x0, 0xc2, 0xff,
    0xff, 0xff, 0xff, 0x3c, 0x0, 0x0, 0x0, 0x0,
    0x0, 0x0, 0x0, 0x0, 0x0, 0x0, 0x0, 0x0,
    0x0, 0x0, 0x0, 0x24, 0xff, 0xff, 0xff, 0xff,
    0xff, 0x9f, 0x0, 0x0, 0x0, 0x0, 0x0, 0x0,
    0x0, 0x0, 0x0, 0x0, 0x0, 0x0, 0x0, 0x0,
    0x0, 0x86, 0xff, 0xff, 0xff, 0xff, 0xff, 0xf4,
    0xd, 0x0, 0x0, 0x0, 0x0, 0x0, 0x0, 0x0,
    0x0, 0x0, 0x0, 0x0, 0x0, 0x0, 0x3, 0xe5,
    0xff, 0xff, 0xff, 0xff, 0xff, 0xff, 0x64, 0x0,
    0x0, 0x0, 0x0, 0x0, 0x0, 0x0, 0x0, 0x0,
    0x0, 0x0, 0x0, 0x0, 0x4b, 0xff, 0xff, 0xff,
    0xd2, 0xff, 0xff, 0xff, 0xc6, 0x0, 0x0, 0x0,
    0x0, 0x0, 0x0, 0x0, 0x0, 0x0, 0x0, 0x0,
    0x0, 0x0, 0xae, 0xff, 0xff, 0xff, 0x53, 0xd8,
    0xff, 0xff, 0xff, 0x29, 0x0, 0x0, 0x0, 0x0,
    0x0, 0x0, 0x0, 0x0, 0x0, 0x0, 0x0, 0x15,
    0xfa, 0xff, 0xff, 0xf8, 0xc, 0x8a, 0xff, 0xff,
    0xff, 0x8b, 0x0, 0x0, 0x0, 0x0, 0x0, 0x0,
    0x0, 0x0, 0x0, 0x0, 0x0, 0x73, 0xff, 0xff,
    0xff, 0xb0, 0x0, 0x34, 0xff, 0xff, 0xff, 0xe9,
    0x4, 0x0, 0x0, 0x0, 0x0, 0x0, 0x0, 0x0,
    0x0, 0x0, 0x0, 0xd4, 0xff, 0xff, 0xff, 0x52,
    0x0, 0x0, 0xd6, 0xff, 0xff, 0xff, 0x50, 0x0,
    0x0, 0x0, 0x0, 0x0, 0x0, 0x0, 0x0, 0x0,
    0x38, 0xff, 0xff, 0xff, 0xee, 0x6, 0x0, 0x0,
    0x79, 0xff, 0xff, 0xff, 0xb3, 0x0, 0x0, 0x0,
    0x0, 0x0, 0x0, 0x0, 0x0, 0x0, 0x9a, 0xff,
    0xff, 0xff, 0x97, 0x0, 0x0, 0x0, 0x1d, 0xfe,
    0xff, 0xff, 0xfc, 0x19, 0x0, 0x0, 0x0, 0x0,
    0x0, 0x0, 0x0, 0xa, 0xf1, 0xff, 0xff, 0xff,
    0x39, 0x0, 0x0, 0x0, 0x0, 0xbe, 0xff, 0xff,
    0xff, 0x78, 0x0, 0x0, 0x0, 0x0, 0x0, 0x0,
    0x0, 0x5f, 0xff, 0xff, 0xff, 0xfd, 0xac, 0xac,
    0xac, 0xac, 0xac, 0xd5, 0xff, 0xff, 0xff, 0xd9,
    0x0, 0x0, 0x0, 0x0, 0x0, 0x0, 0x0, 0xc2,
    0xff, 0xff, 0xff, 0xff, 0xff, 0xff, 0xff, 0xff,
    0xff, 0xff, 0xff, 0xff, 0xff, 0xff, 0x3d, 0x0,
    0x0, 0x0, 0x0, 0x0, 0x25, 0xff, 0xff, 0xff,
    0xff, 0xff, 0xff, 0xff, 0xff, 0xff, 0xff, 0xff,
    0xff, 0xff, 0xff, 0xff, 0x9f, 0x0, 0x0, 0x0,
    0x0, 0x0, 0x87, 0xff, 0xff, 0xff, 0xff, 0xff,
    0xff, 0xff, 0xff, 0xff, 0xff, 0xff, 0xff, 0xff,
    0xff, 0xff, 0xf4, 0xd, 0x0, 0x0, 0x0, 0x3,
    0xe5, 0xff, 0xff, 0xff, 0x6a, 0x0, 0x0, 0x0,
    0x0, 0x0, 0x0, 0x0, 0x5, 0xec, 0xff, 0xff,
    0xff, 0x64, 0x0, 0x0, 0x0, 0x4c, 0xff, 0xff,
    0xff, 0xfb, 0x14, 0x0, 0x0, 0x0, 0x0, 0x0,
    0x0, 0x0, 0x0, 0x97, 0xff, 0xff, 0xff, 0xc7,
    0x0, 0x0, 0x0, 0xae, 0xff, 0xff, 0xff, 0xb5,
    0x0, 0x0, 0x0, 0x0, 0x0, 0x0, 0x0, 0x0,
    0x0, 0x3c, 0xff, 0xff, 0xff, 0xff, 0x29, 0x0,
    0x15, 0xfa, 0xff, 0xff, 0xff, 0x5b, 0x0, 0x0,
    0x0, 0x0, 0x0, 0x0, 0x0, 0x0, 0x0, 0x1,
    0xe0, 0xff, 0xff, 0xff, 0x8c, 0x0, 0x73, 0xff,
    0xff, 0xff, 0xf5, 0xb, 0x0, 0x0, 0x0, 0x0,
    0x0, 0x0, 0x0, 0x0, 0x0, 0x0, 0x86, 0xff,
    0xff, 0xff, 0xe9, 0x5,

    /* U+0101 "ā" */
    0x0, 0x0, 0x0, 0x38, 0xff, 0xff, 0xff, 0xff,
    0xff, 0xff, 0xff, 0xff, 0xa8, 0x0, 0x0, 0x0,
    0x0, 0x0, 0x38, 0xff, 0xff, 0xff, 0xff, 0xff,
    0xff, 0xff, 0xff, 0xa8, 0x0, 0x0, 0x0, 0x0,
    0x0, 0x35, 0xf4, 0xf4, 0xf4, 0xf4, 0xf4, 0xf4,
    0xf4, 0xf4, 0xa0, 0x0, 0x0, 0x0, 0x0, 0x0,
    0x0, 0x0, 0x0, 0x0, 0x0, 0x0, 0x0, 0x0,
    0x0, 0x0, 0x0, 0x0, 0x0, 0x0, 0x0, 0x0,
    0x0, 0x0, 0x0, 0x0, 0x0, 0x0, 0x0, 0x0,
    0x0, 0x0, 0x0, 0x0, 0x0, 0x0, 0x0, 0x0,
    0x0, 0x0, 0x0, 0x0, 0x0, 0x0, 0x0, 0x0,
    0x0, 0x0, 0x0, 0x0, 0x0, 0x11, 0x70, 0xbf,
    0xe4, 0xfa, 0xf1, 0xd4, 0x9b, 0x39, 0x0, 0x0,
    0x0, 0x0, 0x0, 0x56, 0xea, 0xff, 0xff, 0xff,
    0xff, 0xff, 0xff, 0xff, 0xff, 0x9d, 0x4, 0x0,
    0x0, 0x61, 0xfe, 0xff, 0xff, 0xff, 0xff, 0xff,
    0xff, 0xff, 0xff, 0xff, 0xff, 0x90, 0x0, 0x0,
    0x1e, 0xa9, 0xff, 0xf9, 0x93, 0x42, 0x2b, 0x49,
    0xae, 0xff, 0xff, 0xff, 0xfb, 0x1f, 0x0, 0x0,
    0x0, 0x3f, 0x36, 0x0, 0x0, 0x0, 0x0, 0x0,
    0x9f, 0xff, 0xff, 0xff, 0x68, 0x0, 0x0, 0x0,
    0x18, 0x75, 0xb0, 0xc9, 0xc8, 0xb3, 0x82, 0x7b,
    0xff, 0xff, 0xff, 0x8c, 0x0, 0x0, 0x67, 0xf5,
    0xff, 0xff, 0xff, 0xff, 0xff, 0xff, 0xff, 0xff,
    0xff, 0xff, 0x9b, 0x0, 0x58, 0xff, 0xff, 0xff,
    0xff, 0xff, 0xff, 0xff, 0xff, 0xff, 0xff, 0xff,
    0xff, 0x9c, 0x0, 0xdd, 0xff, 0xff, 0xff, 0xaf,
    0x2e, 0x9, 0x18, 0x44, 0xb1, 0xff, 0xff, 0xff,
    0x9c, 0x18, 0xff, 0xff, 0xff, 0xe6, 0x4, 0x0,
    0x0, 0x0, 0x0, 0x6d, 0xff, 0xff, 0xff, 0x9c,
    0x1c, 0xff, 0xff, 0xff, 0xdf, 0x0, 0x0, 0x0,
    0x0, 0xb, 0xdb, 0xff, 0xff, 0xff, 0x9c, 0x2,
    0xe9, 0xff, 0xff, 0xff, 0x9a, 0x21, 0xb, 0x43,
    0xd2, 0xff, 0xff, 0xff, 0xff, 0x9c, 0x0, 0x78,
    0xff, 0xff, 0xff, 0xff, 0xff, 0xff, 0xff, 0xff,
    0xff, 0xff, 0xff, 0xff, 0x9c, 0x0, 0x2, 0xa2,
    0xff, 0xff, 0xff, 0xff, 0xff, 0xff, 0xec, 0x81,
    0xff, 0xff, 0xff, 0x9c, 0x0, 0x0, 0x0, 0x4f,
    0xb8, 0xee, 0xf9, 0xe0, 0x95, 0x18, 0x44, 0xff,
    0xff, 0xff, 0x9c,

    /* U+0102 "Ă" */
    0x0, 0x0, 0x0, 0x0, 0x0, 0x0, 0x29, 0x80,
    0x80, 0x3e, 0x0, 0x0, 0x7c, 0x80, 0x65, 0x0,
    0x0, 0x0, 0x0, 0x0, 0x0, 0x0, 0x0, 0x0,
    0x0, 0x0, 0x0, 0x0, 0x34, 0xff, 0xff, 0xcb,
    0x14, 0x58, 0xff, 0xff, 0xad, 0x0, 0x0, 0x0,
    0x0, 0x0, 0x0, 0x0, 0x0, 0x0, 0x0, 0x0,
    0x0, 0x0, 0x1, 0xc7, 0xff, 0xff, 0xff, 0xff,
    0xff, 0xff, 0x45, 0x0, 0x0, 0x0, 0x0, 0x0,
    0x0, 0x0, 0x0, 0x0, 0x0, 0x0, 0x0, 0x0,
    0x0, 0x26, 0xde, 0xff, 0xff, 0xff, 0xfe, 0x83,
    0x0, 0x0, 0x0, 0x0, 0x0, 0x0, 0x0, 0x0,
    0x0, 0x0, 0x0, 0x0, 0x0, 0x0, 0x0, 0x0,
    0xb, 0x74, 0xa4, 0x95, 0x3c, 0x0, 0x0, 0x0,
    0x0, 0x0, 0x0, 0x0, 0x0, 0x0, 0x0, 0x0,
    0x0, 0x0, 0x0, 0x0, 0x0, 0x0, 0x0, 0x0,
    0x0, 0x0, 0x0, 0x0, 0x0, 0x0, 0x0, 0x0,
    0x0, 0x0, 0x0, 0x0, 0x0, 0x0, 0x0, 0x0,
    0x0, 0x0, 0x0, 0x0, 0xc2, 0xff, 0xff, 0xff,
    0xff, 0x3c, 0x0, 0x0, 0x0, 0x0, 0x0, 0x0,
    0x0, 0x0, 0x0, 0x0, 0x0, 0x0, 0x0, 0x0,
    0x0, 0x24, 0xff, 0xff, 0xff, 0xff, 0xff, 0x9f,
    0x0, 0x0, 0x0, 0x0, 0x0, 0x0, 0x0, 0x0,
    0x0, 0x0, 0x0, 0x0, 0x0, 0x0, 0x0, 0x86,
    0xff, 0xff, 0xff, 0xff, 0xff, 0xf4, 0xd, 0x0,
    0x0, 0x0, 0x0, 0x0, 0x0, 0x0, 0x0, 0x0,
    0x0, 0x0, 0x0, 0x0, 0x3, 0xe5, 0xff, 0xff,
    0xff, 0xff, 0xff, 0xff, 0x64, 0x0, 0x0, 0x0,
    0x0, 0x0, 0x0, 0x0, 0x0, 0x0, 0x0, 0x0,
    0x0, 0x0, 0x4b, 0xff, 0xff, 0xff, 0xd2, 0xff,
    0xff, 0xff, 0xc6, 0x0, 0x0, 0x0, 0x0, 0x0,
    0x0, 0x0, 0x0, 0x0, 0x0, 0x0, 0x0, 0x0,
    0xae, 0xff, 0xff, 0xff, 0x53, 0xd8, 0xff, 0xff,
    0xff, 0x29, 0x0, 0x0, 0x0, 0x0, 0x0, 0x0,
    0x0, 0x0, 0x0, 0x0, 0x0, 0x15, 0xfa, 0xff,
    0xff, 0xf8, 0xc, 0x8a, 0xff, 0xff, 0xff, 0x8b,
    0x0, 0x0, 0x0, 0x0, 0x0, 0x0, 0x0, 0x0,
    0x0, 0x0, 0x0, 0x73, 0xff, 0xff, 0xff, 0xb0,
    0x0, 0x34, 0xff, 0xff, 0xff, 0xe9, 0x4, 0x0,
    0x0, 0x0, 0x0, 0x0, 0x0, 0x0, 0x0, 0x0,
    0x0, 0xd4, 0xff, 0xff, 0xff, 0x52, 0x0, 0x0,
    0xd6, 0xff, 0xff, 0xff, 0x50, 0x0, 0x0, 0x0,
    0x0, 0x0, 0x0, 0x0, 0x0, 0x0, 0x38, 0xff,
    0xff, 0xff, 0xee, 0x6, 0x0, 0x0, 0x79, 0xff,
    0xff, 0xff, 0xb3, 0x0, 0x0, 0x0, 0x0, 0x0,
    0x0, 0x0, 0x0, 0x0, 0x9a, 0xff, 0xff, 0xff,
    0x97, 0x0, 0x0, 0x0, 0x1d, 0xfe, 0xff, 0xff,
    0xfc, 0x19, 0x0, 0x0, 0x0, 0x0, 0x0, 0x0,
    0x0, 0xa, 0xf1, 0xff, 0xff, 0xff, 0x39, 0x0,
    0x0, 0x0, 0x0, 0xbe, 0xff, 0xff, 0xff, 0x78,
    0x0, 0x0, 0x0, 0x0, 0x0, 0x0, 0x0, 0x5f,
    0xff, 0xff, 0xff, 0xfd, 0xac, 0xac, 0xac, 0xac,
    0xac, 0xd5, 0xff, 0xff, 0xff, 0xd9, 0x0, 0x0,
    0x0, 0x0, 0x0, 0x0, 0x0, 0xc2, 0xff, 0xff,
    0xff, 0xff, 0xff, 0xff, 0xff, 0xff, 0xff, 0xff,
    0xff, 0xff, 0xff, 0xff, 0x3d, 0x0, 0x0, 0x0,
    0x0, 0x0, 0x25, 0xff, 0xff, 0xff, 0xff, 0xff,
    0xff, 0xff, 0xff, 0xff, 0xff, 0xff, 0xff, 0xff,
    0xff, 0xff, 0x9f, 0x0, 0x0, 0x0, 0x0, 0x0,
    0x87, 0xff, 0xff, 0xff, 0xff, 0xff, 0xff, 0xff,
    0xff, 0xff, 0xff, 0xff, 0xff, 0xff, 0xff, 0xff,
    0xf4, 0xd, 0x0, 0x0, 0x0, 0x3, 0xe5, 0xff,
    0xff, 0xff, 0x6a, 0x0, 0x0, 0x0, 0x0, 0x0,
    0x0, 0x0, 0x5, 0xec, 0xff, 0xff, 0xff, 0x64,
    0x0, 0x0, 0x0, 0x4c, 0xff, 0xff, 0xff, 0xfb,
    0x14, 0x0, 0x0, 0x0, 0x0, 0x0, 0x0, 0x0,
    0x0, 0x97, 0xff, 0xff, 0xff, 0xc7, 0x0, 0x0,
    0x0, 0xae, 0xff, 0xff, 0xff, 0xb5, 0x0, 0x0,
    0x0, 0x0, 0x0, 0x0, 0x0, 0x0, 0x0, 0x3c,
    0xff, 0xff, 0xff, 0xff, 0x29, 0x0, 0x15, 0xfa,
    0xff, 0xff, 0xff, 0x5b, 0x0, 0x0, 0x0, 0x0,
    0x0, 0x0, 0x0, 0x0, 0x0, 0x1, 0xe0, 0xff,
    0xff, 0xff, 0x8c, 0x0, 0x73, 0xff, 0xff, 0xff,
    0xf5, 0xb, 0x0, 0x0, 0x0, 0x0, 0x0, 0x0,
    0x0, 0x0, 0x0, 0x0, 0x86, 0xff, 0xff, 0xff,
    0xe9, 0x5,

    /* U+0103 "ă" */
    0x0, 0x0, 0x0, 0x0, 0xf4, 0xff, 0xec, 0x24,
    0x15, 0xd0, 0xff, 0xff, 0x17, 0x0, 0x0, 0x0,
    0x0, 0x0, 0x0, 0x9c, 0xff, 0xff, 0xff, 0xff,
    0xff, 0xff, 0xc0, 0x0, 0x0, 0x0, 0x0, 0x0,
    0x0, 0x0, 0xb, 0xc5, 0xff, 0xff, 0xff, 0xff,
    0xdc, 0x1c, 0x0, 0x0, 0x0, 0x0, 0x0, 0x0,
    0x0, 0x0, 0x1, 0x58, 0x9d, 0xa2, 0x6c, 0x8,
    0x0, 0x0, 0x0, 0x0, 0x0, 0x0, 0x0, 0x0,
    0x0, 0x0, 0x0, 0x0, 0x0, 0x0, 0x0, 0x0,
    0x0, 0x0, 0x0, 0x0, 0x0, 0x0, 0x0, 0x0,
    0x0, 0x0, 0x0, 0x0, 0x0, 0x0, 0x0, 0x0,
    0x0, 0x0, 0x0, 0x0, 0x0, 0x11, 0x70, 0xbf,
    0xe4, 0xfa, 0xf1, 0xd4, 0x9b, 0x39, 0x0, 0x0,
    0x0, 0x0, 0x0, 0x56, 0xea, 0xff, 0xff, 0xff,
    0xff, 0xff, 0xff, 0xff, 0xff, 0x9d, 0x4, 0x0,
    0x0, 0x61, 0xfe, 0xff, 0xff, 0xff, 0xff, 0xff,
    0xff, 0xff, 0xff, 0xff, 0xff, 0x90, 0x0, 0x0,
    0x1e, 0xa9, 0xff, 0xf9, 0x93, 0x42, 0x2b, 0x49,
    0xae, 0xff, 0xff, 0xff, 0xfb, 0x1f, 0x0, 0x0,
    0x0, 0x3f, 0x36, 0x0, 0x0, 0x0, 0x0, 0x0,
    0x9f, 0xff, 0xff, 0xff, 0x68, 0x0, 0x0, 0x0,
    0x18, 0x75, 0xb0, 0xc9, 0xc8, 0xb3, 0x82, 0x7b,
    0xff, 0xff, 0xff, 0x8c, 0x0, 0x0, 0x67, 0xf5,
    0xff, 0xff, 0xff, 0xff, 0xff, 0xff, 0xff, 0xff,
    0xff, 0xff, 0x9b, 0x0, 0x58, 0xff, 0xff, 0xff,
    0xff, 0xff, 0xff, 0xff, 0xff, 0xff, 0xff, 0xff,
    0xff, 0x9c, 0x0, 0xdd, 0xff, 0xff, 0xff, 0xaf,
    0x2e, 0x9, 0x18, 0x44, 0xb1, 0xff, 0xff, 0xff,
    0x9c, 0x18, 0xff, 0xff, 0xff, 0xe6, 0x4, 0x0,
    0x0, 0x0, 0x0, 0x6d, 0xff, 0xff, 0xff, 0x9c,
    0x1c, 0xff, 0xff, 0xff, 0xdf, 0x0, 0x0, 0x0,
    0x0, 0xb, 0xdb, 0xff, 0xff, 0xff, 0x9c, 0x2,
    0xe9, 0xff, 0xff, 0xff, 0x9a, 0x21, 0xb, 0x43,
    0xd2, 0xff, 0xff, 0xff, 0xff, 0x9c, 0x0, 0x78,
    0xff, 0xff, 0xff, 0xff, 0xff, 0xff, 0xff, 0xff,
    0xff, 0xff, 0xff, 0xff, 0x9c, 0x0, 0x2, 0xa2,
    0xff, 0xff, 0xff, 0xff, 0xff, 0xff, 0xec, 0x81,
    0xff, 0xff, 0xff, 0x9c, 0x0, 0x0, 0x0, 0x4f,
    0xb8, 0xee, 0xf9, 0xe0, 0x95, 0x18, 0x44, 0xff,
    0xff, 0xff, 0x9c,

    /* U+0104 "Ą" */
    0x0, 0x0, 0x0, 0x0, 0x0, 0x0, 0x0, 0x0,
    0xc2, 0xff, 0xff, 0xff, 0xff, 0x3c, 0x0, 0x0,
    0x0, 0x0, 0x0, 0x0, 0x0, 0x0, 0x0, 0x0,
    0x0, 0x0, 0x0, 0x0, 0x0, 0x24, 0xff, 0xff,
    0xff, 0xff, 0xff, 0x9f, 0x0, 0x0, 0x0, 0x0,
    0x0, 0x0, 0x0, 0x0, 0x0, 0x0, 0x0, 0x0,
    0x0, 0x0, 0x0, 0x86, 0xff, 0xff, 0xff, 0xff,
    0xff, 0xf4, 0xd, 0x0, 0x0, 0x0, 0x0, 0x0,
    0x0, 0x0, 0x0, 0x0, 0x0, 0x0, 0x0, 0x0,
    0x3, 0xe5, 0xff, 0xff, 0xff, 0xff, 0xff, 0xff,
    0x64, 0x0, 0x0, 0x0, 0x0, 0x0, 0x0, 0x0,
    0x0, 0x0, 0x0, 0x0, 0x0, 0x0, 0x4b, 0xff,
    0xff, 0xff, 0x9a, 0xf9, 0xff, 0xff, 0xc6, 0x0,
    0x0, 0x0, 0x0, 0x0, 0x0, 0x0, 0x0, 0x0,
    0x0, 0x0, 0x0, 0x0, 0xae, 0xff, 0xff, 0xff,
    0x2e, 0xb3, 0xff, 0xff, 0xff, 0x29, 0x0, 0x0,
    0x0, 0x0, 0x0, 0x0, 0x0, 0x0, 0x0, 0x0,
    0x0, 0x15, 0xfa, 0xff, 0xff, 0xd7, 0x0, 0x5b,
    0xff, 0xff, 0xff, 0x8b, 0x0, 0x0, 0x0, 0x0,
    0x0, 0x0, 0x0, 0x0, 0x0, 0x0, 0x0, 0x73,
    0xff, 0xff, 0xff, 0x73, 0x0, 0x8, 0xee, 0xff,
    0xff, 0xe9, 0x4, 0x0, 0x0, 0x0, 0x0, 0x0,
    0x0, 0x0, 0x0, 0x0, 0x0, 0xd4, 0xff, 0xff,
    0xf8, 0x14, 0x0, 0x0, 0x92, 0xff, 0xff, 0xff,
    0x50, 0x0, 0x0, 0x0, 0x0, 0x0, 0x0, 0x0,
    0x0, 0x0, 0x38, 0xff, 0xff, 0xff, 0xa6, 0x0,
    0x0, 0x0, 0x2b, 0xff, 0xff, 0xff, 0xb3, 0x0,
    0x0, 0x0, 0x0, 0x0, 0x0, 0x0, 0x0, 0x0,
    0x9a, 0xff, 0xff, 0xff, 0x40, 0x0, 0x0, 0x0,
    0x0, 0xc5, 0xff, 0xff, 0xfc, 0x19, 0x0, 0x0,
    0x0, 0x0, 0x0, 0x0, 0x0, 0xa, 0xf1, 0xff,
    0xff, 0xfe, 0xac, 0xac, 0xac, 0xac, 0xac, 0xd6,
    0xff, 0xff, 0xff, 0x78, 0x0, 0x0, 0x0, 0x0,
    0x0, 0x0, 0x0, 0x5f, 0xff, 0xff, 0xff, 0xff,
    0xff, 0xff, 0xff, 0xff, 0xff, 0xff, 0xff, 0xff,
    0xff, 0xd9, 0x0, 0x0, 0x0, 0x0, 0x0, 0x0,
    0x0, 0xc2, 0xff, 0xff, 0xff, 0xff, 0xff, 0xff,
    0xff, 0xff, 0xff, 0xff, 0xff, 0xff, 0xff, 0xff,
    0x3d, 0x0, 0x0, 0x0, 0x0, 0x0, 0x25, 0xff,
    0xff, 0xff, 0xff, 0xff, 0xff, 0xff, 0xff, 0xff,
    0xff, 0xff, 0xff, 0xff, 0xff, 0xff, 0x9f, 0x0,
    0x0, 0x0, 0x0, 0x0, 0x87, 0xff, 0xff, 0xff,
    0x71, 0x0, 0x0, 0x0, 0x0, 0x0, 0x0, 0x0,
    0x6, 0xf3, 0xff, 0xff, 0xf4, 0xd, 0x0, 0x0,
    0x0, 0x3, 0xe5, 0xff, 0xff, 0xff, 0x26, 0x0,
    0x0, 0x0, 0x0, 0x0, 0x0, 0x0, 0x0, 0xad,
    0xff, 0xff, 0xff, 0x64, 0x0, 0x0, 0x0, 0x4c,
    0xff, 0xff, 0xff, 0xdb, 0x0, 0x0, 0x0, 0x0,
    0x0, 0x0, 0x0, 0x0, 0x0, 0x61, 0xff, 0xff,
    0xff, 0xc7, 0x0, 0x0, 0x0, 0xae, 0xff, 0xff,
    0xff, 0x8f, 0x0, 0x0, 0x0, 0x0, 0x0, 0x0,
    0x0, 0x0, 0x0, 0x16, 0xfd, 0xff, 0xff, 0xff,
    0x29, 0x0, 0x15, 0xfa, 0xff, 0xff, 0xff, 0x44,
    0x0, 0x0, 0x0, 0x0, 0x0, 0x0, 0x0, 0x0,
    0x0, 0x0, 0xc8, 0xff, 0xff, 0xff, 0x8c, 0x0,
    0x73, 0xff, 0xff, 0xff, 0xf3, 0x6, 0x0, 0x0,
    0x0, 0x0, 0x0, 0x0, 0x0, 0x0, 0x0, 0x0,
    0x77, 0xfc, 0xff, 0xff, 0xe9, 0x5, 0x0, 0x0,
    0x0, 0x0, 0x0, 0x0, 0x0, 0x0, 0x0, 0x0,
    0x0, 0x0, 0x0, 0x0, 0x0, 0x0, 0x2c, 0xeb,
    0xff, 0xf4, 0x65, 0x1, 0x0, 0x0, 0x0, 0x0,
    0x0, 0x0, 0x0, 0x0, 0x0, 0x0, 0x0, 0x0,
    0x0, 0x0, 0x0, 0x6, 0xdd, 0xff, 0xff, 0x4c,
    0x0, 0x0, 0x0, 0x0, 0x0, 0x0, 0x0, 0x0,
    0x0, 0x0, 0x0, 0x0, 0x0, 0x0, 0x0, 0x0,
    0x0, 0x39, 0xff, 0xff, 0xff, 0x2d, 0x0, 0x0,
    0x0, 0x0, 0x0, 0x0, 0x0, 0x0, 0x0, 0x0,
    0x0, 0x0, 0x0, 0x0, 0x0, 0x0, 0x0, 0x33,
    0xff, 0xff, 0xff, 0xf5, 0xdd, 0x25, 0x0, 0x0,
    0x0, 0x0, 0x0, 0x0, 0x0, 0x0, 0x0, 0x0,
    0x0, 0x0, 0x0, 0x0, 0x0, 0x1, 0xc7, 0xff,
    0xff, 0xff, 0xff, 0x8c, 0x0, 0x0, 0x0, 0x0,
    0x0, 0x0, 0x0, 0x0, 0x0, 0x0, 0x0, 0x0,
    0x0, 0x0, 0x0, 0x0, 0xf, 0x88, 0xda, 0xf7,
    0xe9, 0x95,

    /* U+0105 "ą" */
    0x0, 0x0, 0x0, 0x11, 0x70, 0xbf, 0xe4, 0xfa,
    0xf1, 0xd6, 0x9e, 0x3f, 0x0, 0x0, 0x0, 0x0,
    0x0, 0x0, 0x56, 0xea, 0xff, 0xff, 0xff, 0xff,
    0xff, 0xff, 0xff, 0xff, 0xa7, 0x7, 0x0, 0x0,
    0x0, 0x61, 0xfe, 0xff, 0xff, 0xff, 0xff, 0xff,
    0xff, 0xff, 0xff, 0xff, 0xff, 0x9d, 0x0, 0x0,
    0x0, 0x1a, 0x9b, 0xfc, 0xf3, 0x89, 0x3f, 0x2a,
    0x46, 0xa4, 0xff, 0xff, 0xff, 0xfe, 0x27, 0x0,
    0x0, 0x0, 0x0, 0x28, 0x25, 0x0, 0x0, 0x0,
    0x0, 0x0, 0x90, 0xff, 0xff, 0xff, 0x6f, 0x0,
    0x0, 0x0, 0x0, 0x3e, 0xa5, 0xe0, 0xf9, 0xf8,
    0xe3, 0xb2, 0x9a, 0xff, 0xff, 0xff, 0x8f, 0x0,
    0x0, 0x1, 0x92, 0xff, 0xff, 0xff, 0xff, 0xff,
    0xff, 0xff, 0xff, 0xff, 0xff, 0xff, 0x9b, 0x0,
    0x0, 0x73, 0xff, 0xff, 0xff, 0xff, 0xf6, 0xd9,
    0xea, 0xff, 0xff, 0xff, 0xff, 0xff, 0x9c, 0x0,
    0x2, 0xe7, 0xff, 0xff, 0xff, 0x8c, 0xa, 0x0,
    0x0, 0x19, 0x96, 0xff, 0xff, 0xff, 0x9c, 0x0,
    0x1b, 0xff, 0xff, 0xff, 0xe0, 0x0, 0x0, 0x0,
    0x0, 0x0, 0x75, 0xff, 0xff, 0xff, 0x9c, 0x0,
    0x1b, 0xff, 0xff, 0xff, 0xe2, 0x2, 0x0, 0x0,
    0x0, 0xf, 0xe4, 0xff, 0xff, 0xff, 0x9c, 0x0,
    0x1, 0xe5, 0xff, 0xff, 0xff, 0xa2, 0x22, 0xc,
    0x46, 0xd8, 0xff, 0xff, 0xff, 0xff, 0x9c, 0x0,
    0x0, 0x72, 0xff, 0xff, 0xff, 0xff, 0xff, 0xff,
    0xff, 0xff, 0xff, 0xff, 0xff, 0xff, 0x9c, 0x0,
    0x0, 0x1, 0x9a, 0xff, 0xff, 0xff, 0xff, 0xff,
    0xff, 0xdb, 0x62, 0xff, 0xff, 0xff, 0x9c, 0x0,
    0x0, 0x0, 0x0, 0x4a, 0xb5, 0xec, 0xf8, 0xdd,
    0x88, 0xe, 0x3f, 0xff, 0xff, 0xff, 0x79, 0x0,
    0x0, 0x0, 0x0, 0x0, 0x0, 0x0, 0x0, 0x0,
    0x0, 0xe, 0xce, 0xff, 0xff, 0x6f, 0x0, 0x0,
    0x0, 0x0, 0x0, 0x0, 0x0, 0x0, 0x0, 0x0,
    0x0, 0x8a, 0xff, 0xff, 0xb3, 0x0, 0x0, 0x0,
    0x0, 0x0, 0x0, 0x0, 0x0, 0x0, 0x0, 0x0,
    0x0, 0xc2, 0xff, 0xff, 0xb7, 0x0, 0x0, 0x0,
    0x0, 0x0, 0x0, 0x0, 0x0, 0x0, 0x0, 0x0,
    0x0, 0xae, 0xff, 0xff, 0xff, 0xe1, 0x98, 0x0,
    0x0, 0x0, 0x0, 0x0, 0x0, 0x0, 0x0, 0x0,
    0x0, 0x3f, 0xfc, 0xff, 0xff, 0xff, 0xf7, 0x13,
    0x0, 0x0, 0x0, 0x0, 0x0, 0x0, 0x0, 0x0,
    0x0, 0x0, 0x3a, 0xba, 0xea, 0xf6, 0xcf, 0x35,

    /* U+0106 "Ć" */
    0x0, 0x0, 0x0, 0x0, 0x0, 0x0, 0x0, 0x0,
    0x0, 0x0, 0x1, 0x8, 0x8, 0x8, 0x8, 0x3,
    0x0, 0x0, 0x0, 0x0, 0x0, 0x0, 0x0, 0x0,
    0x0, 0x0, 0x0, 0x0, 0x0, 0x0, 0x5a, 0xff,
    0xff, 0xff, 0xf0, 0x1c, 0x0, 0x0, 0x0, 0x0,
    0x0, 0x0, 0x0, 0x0, 0x0, 0x0, 0x0, 0x0,
    0x0, 0x0, 0xaa, 0xff, 0xff, 0xff, 0x60, 0x0,
    0x0, 0x0, 0x0, 0x0, 0x0, 0x0, 0x0, 0x0,
    0x0, 0x0, 0x0, 0x0, 0x0, 0x6, 0xf2, 0xff,
    0xff, 0xb4, 0x0, 0x0, 0x0, 0x0, 0x0, 0x0,
    0x0, 0x0, 0x0, 0x0, 0x0, 0x0, 0x0, 0x0,
    0x0, 0x48, 0xff, 0xff, 0xef, 0x1a, 0x0, 0x0,
    0x0, 0x0, 0x0, 0x0, 0x0, 0x0, 0x0, 0x0,
    0x0, 0x0, 0x0, 0x0, 0x0, 0x0, 0x0, 0x0,
    0x0, 0x0, 0x0, 0x0, 0x0, 0x0, 0x0, 0x0,
    0x0, 0x0, 0x0, 0x0, 0x0, 0x0, 0x0, 0x0,
    0x0, 0x0, 0x0, 0x0, 0x0, 0x0, 0x0, 0x0,
    0x0, 0x0, 0x0, 0x0, 0x0, 0x0, 0x0, 0x0,
    0x0, 0x0, 0xe, 0x5b, 0xa4, 0xd6, 0xec, 0xf9,
    0xe4, 0xcc, 0x8d, 0x3c, 0x0, 0x0, 0x0, 0x0,
    0x0, 0x0, 0x0, 0x0, 0x9, 0x7c, 0xee, 0xff,
    0xff, 0xff, 0xff, 0xff, 0xff, 0xff, 0xff, 0xff,
    0xc1, 0x2f, 0x0, 0x0, 0x0, 0x0, 0x0, 0x25,
    0xd1, 0xff, 0xff, 0xff, 0xff, 0xff, 0xff, 0xff,
    0xff, 0xff, 0xff, 0xff, 0xff, 0xfa, 0x5b, 0x0,
    0x0, 0x0, 0x25, 0xeb, 0xff, 0xff, 0xff, 0xff,
    0xff, 0xfb, 0xdf, 0xd2, 0xe6, 0xff, 0xff, 0xff,
    0xff, 0xff, 0xfa, 0x25, 0x0, 0xd, 0xdc, 0xff,
    0xff, 0xff, 0xff, 0xc8, 0x54, 0xd, 0x0, 0x0,
    0x0, 0x1e, 0x80, 0xf5, 0xff, 0xf4, 0x49, 0x0,
    0x0, 0x8a, 0xff, 0xff, 0xff, 0xff, 0x78, 0x1,
    0x0, 0x0, 0x0, 0x0, 0x0, 0x0, 0x0, 0x26,
    0xc6, 0x34, 0x0, 0x0, 0x16, 0xf9, 0xff, 0xff,
    0xff, 0x7f, 0x0, 0x0, 0x0, 0x0, 0x0, 0x0,
    0x0, 0x0, 0x0, 0x0, 0x0, 0x0, 0x0, 0x0,
    0x66, 0xff, 0xff, 0xff, 0xd8, 0x4, 0x0, 0x0,
    0x0, 0x0, 0x0, 0x0, 0x0, 0x0, 0x0, 0x0,
    0x0, 0x0, 0x0, 0x0, 0xad, 0xff, 0xff, 0xff,
    0x78, 0x0, 0x0, 0x0, 0x0, 0x0, 0x0, 0x0,
    0x0, 0x0, 0x0, 0x0, 0x0, 0x0, 0x0, 0x0,
    0xcb, 0xff, 0xff, 0xff, 0x40, 0x0, 0x0, 0x0,
    0x0, 0x0, 0x0, 0x0, 0x0, 0x0, 0x0, 0x0,
    0x0, 0x0, 0x0, 0x0, 0xde, 0xff, 0xff, 0xff,
    0x2e, 0x0, 0x0, 0x0, 0x0, 0x0, 0x0, 0x0,
    0x0, 0x0, 0x0, 0x0, 0x0, 0x0, 0x0, 0x0,
    0xcb, 0xff, 0xff, 0xff, 0x40, 0x0, 0x0, 0x0,
    0x0, 0x0, 0x0, 0x0, 0x0, 0x0, 0x0, 0x0,
    0x0, 0x0, 0x0, 0x0, 0xad, 0xff, 0xff, 0xff,
    0x77, 0x0, 0x0, 0x0, 0x0, 0x0, 0x0, 0x0,
    0x0, 0x0, 0x0, 0x0, 0x0, 0x0, 0x0, 0x0,
    0x67, 0xff, 0xff, 0xff, 0xd7, 0x4, 0x0, 0x0,
    0x0, 0x0, 0x0, 0x0, 0x0, 0x0, 0x0, 0x0,
    0x0, 0x0, 0x0, 0x0, 0x17, 0xf9, 0xff, 0xff,
    0xff, 0x7d, 0x0, 0x0, 0x0, 0x0, 0x0, 0x0,
    0x0, 0x0, 0x0, 0x0, 0xa, 0x15, 0x0, 0x0,
    0x0, 0x8c, 0xff, 0xff, 0xff, 0xfe, 0x74, 0x1,
    0x0, 0x0, 0x0, 0x0, 0x0, 0x0, 0x0, 0x14,
    0xc5, 0xdb, 0x22, 0x0, 0x0, 0xf, 0xde, 0xff,
    0xff, 0xff, 0xff, 0xc5, 0x50, 0xa, 0x0, 0x0,
    0x0, 0x17, 0x6f, 0xec, 0xff, 0xff, 0xe7, 0x30,
    0x0, 0x0, 0x27, 0xed, 0xff, 0xff, 0xff, 0xff,
    0xff, 0xf9, 0xda, 0xce, 0xe3, 0xfd, 0xff, 0xff,
    0xff, 0xff, 0xff, 0x9b, 0x0, 0x0, 0x0, 0x27,
    0xd3, 0xff, 0xff, 0xff, 0xff, 0xff, 0xff, 0xff,
    0xff, 0xff, 0xff, 0xff, 0xff, 0xff, 0x97, 0x2,
    0x0, 0x0, 0x0, 0x0, 0xa, 0x7e, 0xee, 0xff,
    0xff, 0xff, 0xff, 0xff, 0xff, 0xff, 0xff, 0xff,
    0xd8, 0x48, 0x0, 0x0, 0x0, 0x0, 0x0, 0x0,
    0x0, 0x0, 0xe, 0x5c, 0xa5, 0xd6, 0xed, 0xf9,
    0xe5, 0xcc, 0x94, 0x44, 0x4, 0x0, 0x0, 0x0,

    /* U+0107 "ć" */
    0x0, 0x0, 0x0, 0x0, 0x0, 0x0, 0x0, 0x55,
    0xff, 0xff, 0xff, 0xf4, 0x21, 0x0, 0x0, 0x0,
    0x0, 0x0, 0x0, 0x0, 0x0, 0x0, 0x0, 0xa5,
    0xff, 0xff, 0xff, 0x6a, 0x0, 0x0, 0x0, 0x0,
    0x0, 0x0, 0x0, 0x0, 0x0, 0x0, 0x5, 0xef,
    0xff, 0xff, 0xbd, 0x1, 0x0, 0x0, 0x0, 0x0,
    0x0, 0x0, 0x0, 0x0, 0x0, 0x0, 0x46, 0xff,
    0xff, 0xf3, 0x20, 0x0, 0x0, 0x0, 0x0, 0x0,
    0x0, 0x0, 0x0, 0x0, 0x0, 0x0, 0x3, 0x8,
    0x8, 0x5, 0x0, 0x0, 0x0, 0x0, 0x0, 0x0,
    0x0, 0x0, 0x0, 0x0, 0x0, 0x0, 0x0, 0x0,
    0x0, 0x0, 0x0, 0x0, 0x0, 0x0, 0x0, 0x0,
    0x0, 0x0, 0x0, 0x0, 0x8, 0x68, 0xb7, 0xe6,
    0xfa, 0xf2, 0xcd, 0x86, 0x1c, 0x0, 0x0, 0x0,
    0x0, 0x0, 0x0, 0x3f, 0xe4, 0xff, 0xff, 0xff,
    0xff, 0xff, 0xff, 0xff, 0xf6, 0x58, 0x0, 0x0,
    0x0, 0x0, 0x49, 0xfb, 0xff, 0xff, 0xff, 0xff,
    0xff, 0xff, 0xff, 0xff, 0xff, 0xfe, 0x67, 0x0,
    0x0, 0x16, 0xf1, 0xff, 0xff, 0xff, 0xff, 0xc3,
    0x9e, 0xb5, 0xf8, 0xff, 0xff, 0xff, 0xf5, 0x20,
    0x0, 0x8d, 0xff, 0xff, 0xff, 0xeb, 0x45, 0x0,
    0x0, 0x0, 0x1d, 0xd4, 0xff, 0xe1, 0x81, 0x19,
    0x0, 0xe1, 0xff, 0xff, 0xff, 0x53, 0x0, 0x0,
    0x0, 0x0, 0x0, 0x27, 0x47, 0x2, 0x0, 0x0,
    0x11, 0xff, 0xff, 0xff, 0xe5, 0x0, 0x0, 0x0,
    0x0, 0x0, 0x0, 0x0, 0x0, 0x0, 0x0, 0x0,
    0x22, 0xff, 0xff, 0xff, 0xc9, 0x0, 0x0, 0x0,
    0x0, 0x0, 0x0, 0x0, 0x0, 0x0, 0x0, 0x0,
    0x11, 0xff, 0xff, 0xff, 0xe4, 0x0, 0x0, 0x0,
    0x0, 0x0, 0x0, 0x0, 0x0, 0x0, 0x0, 0x0,
    0x0, 0xe1, 0xff, 0xff, 0xff, 0x4f, 0x0, 0x0,
    0x0, 0x0, 0x0, 0x1a, 0x64, 0xa, 0x0, 0x0,
    0x0, 0x8d, 0xff, 0xff, 0xff, 0xe9, 0x40, 0x0,
    0x0, 0x0, 0x17, 0xc7, 0xff, 0xee, 0x8d, 0x20,
    0x0, 0x16, 0xf0, 0xff, 0xff, 0xff, 0xfe, 0xbf,
    0x9a, 0xb1, 0xf6, 0xff, 0xff, 0xff, 0xfc, 0x3a,
    0x0, 0x0, 0x49, 0xfb, 0xff, 0xff, 0xff, 0xff,
    0xff, 0xff, 0xff, 0xff, 0xff, 0xff, 0x77, 0x0,
    0x0, 0x0, 0x0, 0x40, 0xe4, 0xff, 0xff, 0xff,
    0xff, 0xff, 0xff, 0xff, 0xf8, 0x62, 0x0, 0x0,
    0x0, 0x0, 0x0, 0x0, 0x8, 0x69, 0xb8, 0xe6,
    0xfa, 0xf3, 0xd0, 0x8b, 0x20, 0x0, 0x0, 0x0,

    /* U+0108 "Ĉ" */
    0x0, 0x0, 0x0, 0x0, 0x0, 0x0, 0x0, 0x0,
    0x0, 0x1c, 0x3c, 0x3c, 0x3c, 0x7, 0x0, 0x0,
    0x0, 0x0, 0x0, 0x0, 0x0, 0x0, 0x0, 0x0,
    0x0, 0x0, 0x0, 0x0, 0x14, 0xe1, 0xff, 0xff,
    0xff, 0x97, 0x0, 0x0, 0x0, 0x0, 0x0, 0x0,
    0x0, 0x0, 0x0, 0x0, 0x0, 0x0, 0x0, 0x3,
    0xbd, 0xff, 0xff, 0xff, 0xff, 0xff, 0x56, 0x0,
    0x0, 0x0, 0x0, 0x0, 0x0, 0x0, 0x0, 0x0,
    0x0, 0x0, 0x0, 0x8e, 0xff, 0xff, 0xe0, 0x41,
    0xff, 0xff, 0xf1, 0x23, 0x0, 0x0, 0x0, 0x0,
    0x0, 0x0, 0x0, 0x0, 0x0, 0x0, 0x5a, 0xff,
    0xff, 0xff, 0x62, 0x0, 0xba, 0xff, 0xff, 0xcc,
    0x6, 0x0, 0x0, 0x0, 0x0, 0x0, 0x0, 0x0,
    0x0, 0x0, 0x45, 0x58, 0x58, 0x57, 0x4, 0x0,
    0x21, 0x58, 0x58, 0x58, 0x1c, 0x0, 0x0, 0x0,
    0x0, 0x0, 0x0, 0x0, 0x0, 0x0, 0x0, 0x0,
    0x0, 0x0, 0x0, 0x0, 0x0, 0x0, 0x0, 0x0,
    0x0, 0x0, 0x0, 0x0, 0x0, 0x0, 0x0, 0x0,
    0x0, 0x0, 0xe, 0x5b, 0xa4, 0xd6, 0xec, 0xf9,
    0xe4, 0xcc, 0x8d, 0x3c, 0x0, 0x0, 0x0, 0x0,
    0x0, 0x0, 0x0, 0x0, 0x9, 0x7c, 0xee, 0xff,
    0xff, 0xff, 0xff, 0xff, 0xff, 0xff, 0xff, 0xff,
    0xc1, 0x2f, 0x0, 0x0, 0x0, 0x0, 0x0, 0x25,
    0xd1, 0xff, 0xff, 0xff, 0xff, 0xff, 0xff, 0xff,
    0xff, 0xff, 0xff, 0xff, 0xff, 0xfa, 0x5b, 0x0,
    0x0, 0x0, 0x25, 0xeb, 0xff, 0xff, 0xff, 0xff,
    0xff, 0xfb, 0xdf, 0xd2, 0xe6, 0xff, 0xff, 0xff,
    0xff, 0xff, 0xfa, 0x25, 0x0, 0xd, 0xdc, 0xff,
    0xff, 0xff, 0xff, 0xc8, 0x54, 0xd, 0x0, 0x0,
    0x0, 0x1e, 0x80, 0xf5, 0xff, 0xf4, 0x49, 0x0,
    0x0, 0x8a, 0xff, 0xff, 0xff, 0xff, 0x78, 0x1,
    0x0, 0x0, 0x0, 0x0, 0x0, 0x0, 0x0, 0x26,
    0xc6, 0x34, 0x0, 0x0, 0x16, 0xf9, 0xff, 0xff,
    0xff, 0x7f, 0x0, 0x0, 0x0, 0x0, 0x0, 0x0,
    0x0, 0x0, 0x0, 0x0, 0x0, 0x0, 0x0, 0x0,
    0x66, 0xff, 0xff, 0xff, 0xd8, 0x4, 0x0, 0x0,
    0x0, 0x0, 0x0, 0x0, 0x0, 0x0, 0x0, 0x0,
    0x0, 0x0, 0x0, 0x0, 0xad, 0xff, 0xff, 0xff,
    0x78, 0x0, 0x0, 0x0, 0x0, 0x0, 0x0, 0x0,
    0x0, 0x0, 0x0, 0x0, 0x0, 0x0, 0x0, 0x0,
    0xcb, 0xff, 0xff, 0xff, 0x40, 0x0, 0x0, 0x0,
    0x0, 0x0, 0x0, 0x0, 0x0, 0x0, 0x0, 0x0,
    0x0, 0x0, 0x0, 0x0, 0xde, 0xff, 0xff, 0xff,
    0x2e, 0x0, 0x0, 0x0, 0x0, 0x0, 0x0, 0x0,
    0x0, 0x0, 0x0, 0x0, 0x0, 0x0, 0x0, 0x0,
    0xcb, 0xff, 0xff, 0xff, 0x40, 0x0, 0x0, 0x0,
    0x0, 0x0, 0x0, 0x0, 0x0, 0x0, 0x0, 0x0,
    0x0, 0x0, 0x0, 0x0, 0xad, 0xff, 0xff, 0xff,
    0x77, 0x0, 0x0, 0x0, 0x0, 0x0, 0x0, 0x0,
    0x0, 0x0, 0x0, 0x0, 0x0, 0x0, 0x0, 0x0,
    0x67, 0xff, 0xff, 0xff, 0xd7, 0x4, 0x0, 0x0,
    0x0, 0x0, 0x0, 0x0, 0x0, 0x0, 0x0, 0x0,
    0x0, 0x0, 0x0, 0x0, 0x17, 0xf9, 0xff, 0xff,
    0xff, 0x7d, 0x0, 0x0, 0x0, 0x0, 0x0, 0x0,
    0x0, 0x0, 0x0, 0x0, 0xa, 0x15, 0x0, 0x0,
    0x0, 0x8c, 0xff, 0xff, 0xff, 0xfe, 0x74, 0x1,
    0x0, 0x0, 0x0, 0x0, 0x0, 0x0, 0x0, 0x14,
    0xc5, 0xdb, 0x22, 0x0, 0x0, 0xf, 0xde, 0xff,
    0xff, 0xff, 0xff, 0xc5, 0x50, 0xa, 0x0, 0x0,
    0x0, 0x17, 0x6f, 0xec, 0xff, 0xff, 0xe7, 0x30,
    0x0, 0x0, 0x27, 0xed, 0xff, 0xff, 0xff, 0xff,
    0xff, 0xf9, 0xda, 0xce, 0xe3, 0xfd, 0xff, 0xff,
    0xff, 0xff, 0xff, 0x9b, 0x0, 0x0, 0x0, 0x27,
    0xd3, 0xff, 0xff, 0xff, 0xff, 0xff, 0xff, 0xff,
    0xff, 0xff, 0xff, 0xff, 0xff, 0xff, 0x97, 0x2,
    0x0, 0x0, 0x0, 0x0, 0xa, 0x7e, 0xee, 0xff,
    0xff, 0xff, 0xff, 0xff, 0xff, 0xff, 0xff, 0xff,
    0xd8, 0x48, 0x0, 0x0, 0x0, 0x0, 0x0, 0x0,
    0x0, 0x0, 0xe, 0x5c, 0xa5, 0xd6, 0xed, 0xf9,
    0xe5, 0xcc, 0x94, 0x44, 0x4, 0x0, 0x0, 0x0,

    /* U+0109 "ĉ" */
    0x0, 0x0, 0x0, 0x0, 0x0, 0x3, 0xa8, 0xff,
    0xff, 0xff, 0xac, 0x2, 0x0, 0x0, 0x0, 0x0,
    0x0, 0x0, 0x0, 0x0, 0x1, 0xa0, 0xff, 0xff,
    0xff, 0xff, 0xff, 0x98, 0x0, 0x0, 0x0, 0x0,
    0x0, 0x0, 0x0, 0x0, 0x98, 0xff, 0xff, 0xf4,
    0x5a, 0xf0, 0xff, 0xff, 0x81, 0x0, 0x0, 0x0,
    0x0, 0x0, 0x0, 0x52, 0xc4, 0xc4, 0xc4, 0x55,
    0x0, 0x4c, 0xc4, 0xc4, 0xc3, 0x3c, 0x0, 0x0,
    0x0, 0x0, 0x0, 0x0, 0x0, 0x0, 0x0, 0x0,
    0x0, 0x0, 0x0, 0x0, 0x0, 0x0, 0x0, 0x0,
    0x0, 0x0, 0x0, 0x0, 0x0, 0x0, 0x0, 0x0,
    0x0, 0x0, 0x0, 0x0, 0x0, 0x0, 0x0, 0x0,
    0x0, 0x0, 0x0, 0x0, 0x8, 0x68, 0xb7, 0xe6,
    0xfa, 0xf2, 0xcd, 0x86, 0x1c, 0x0, 0x0, 0x0,
    0x0, 0x0, 0x0, 0x3f, 0xe4, 0xff, 0xff, 0xff,
    0xff, 0xff, 0xff, 0xff, 0xf6, 0x58, 0x0, 0x0,
    0x0, 0x0, 0x49, 0xfb, 0xff, 0xff, 0xff, 0xff,
    0xff, 0xff, 0xff, 0xff, 0xff, 0xfe, 0x67, 0x0,
    0x0, 0x16, 0xf1, 0xff, 0xff, 0xff, 0xff, 0xc3,
    0x9e, 0xb5, 0xf8, 0xff, 0xff, 0xff, 0xf5, 0x20,
    0x0, 0x8d, 0xff, 0xff, 0xff, 0xeb, 0x45, 0x0,
    0x0, 0x0, 0x1d, 0xd4, 0xff, 0xe1, 0x81, 0x19,
    0x0, 0xe1, 0xff, 0xff, 0xff, 0x53, 0x0, 0x0,
    0x0, 0x0, 0x0, 0x27, 0x47, 0x2, 0x0, 0x0,
    0x11, 0xff, 0xff, 0xff, 0xe5, 0x0, 0x0, 0x0,
    0x0, 0x0, 0x0, 0x0, 0x0, 0x0, 0x0, 0x0,
    0x22, 0xff, 0xff, 0xff, 0xc9, 0x0, 0x0, 0x0,
    0x0, 0x0, 0x0, 0x0, 0x0, 0x0, 0x0, 0x0,
    0x11, 0xff, 0xff, 0xff, 0xe4, 0x0, 0x0, 0x0,
    0x0, 0x0, 0x0, 0x0, 0x0, 0x0, 0x0, 0x0,
    0x0, 0xe1, 0xff, 0xff, 0xff, 0x4f, 0x0, 0x0,
    0x0, 0x0, 0x0, 0x1a, 0x64, 0xa, 0x0, 0x0,
    0x0, 0x8d, 0xff, 0xff, 0xff, 0xe9, 0x40, 0x0,
    0x0, 0x0, 0x17, 0xc7, 0xff, 0xee, 0x8d, 0x20,
    0x0, 0x16, 0xf0, 0xff, 0xff, 0xff, 0xfe, 0xbf,
    0x9a, 0xb1, 0xf6, 0xff, 0xff, 0xff, 0xfc, 0x3a,
    0x0, 0x0, 0x49, 0xfb, 0xff, 0xff, 0xff, 0xff,
    0xff, 0xff, 0xff, 0xff, 0xff, 0xff, 0x77, 0x0,
    0x0, 0x0, 0x0, 0x40, 0xe4, 0xff, 0xff, 0xff,
    0xff, 0xff, 0xff, 0xff, 0xf8, 0x62, 0x0, 0x0,
    0x0, 0x0, 0x0, 0x0, 0x8, 0x69, 0xb8, 0xe6,
    0xfa, 0xf3, 0xd0, 0x8b, 0x20, 0x0, 0x0, 0x0,

    /* U+010A "Ċ" */
    0x0, 0x0, 0x0, 0x0, 0x0, 0x0, 0x0, 0x0,
    0x0, 0x63, 0xea, 0xdd, 0x3f, 0x0, 0x0, 0x0,
    0x0, 0x0, 0x0, 0x0, 0x0, 0x0, 0x0, 0x0,
    0x0, 0x0, 0x0, 0x0, 0x17, 0xfb, 0xff, 0xff,
    0xdf, 0x0, 0x0, 0x0, 0x0, 0x0, 0x0, 0x0,
    0x0, 0x0, 0x0, 0x0, 0x0, 0x0, 0x0, 0x0,
    0x23, 0xff, 0xff, 0xff, 0xef, 0x0, 0x0, 0x0,
    0x0, 0x0, 0x0, 0x0, 0x0, 0x0, 0x0, 0x0,
    0x0, 0x0, 0x0, 0x0, 0x0, 0x97, 0xff, 0xfc,
    0x67, 0x0, 0x0, 0x0, 0x0, 0x0, 0x0, 0x0,
    0x0, 0x0, 0x0, 0x0, 0x0, 0x0, 0x0, 0x0,
    0x0, 0x0, 0x1f, 0x16, 0x0, 0x0, 0x0, 0x0,
    0x0, 0x0, 0x0, 0x0, 0x0, 0x0, 0x0, 0x0,
    0x0, 0x0, 0x0, 0x0, 0x0, 0x0, 0x0, 0x0,
    0x0, 0x0, 0x0, 0x0, 0x0, 0x0, 0x0, 0x0,
    0x0, 0x0, 0x0, 0x0, 0x0, 0x0, 0x0, 0x0,
    0x0, 0x0, 0x0, 0x0, 0x0, 0x0, 0x0, 0x0,
    0x0, 0x0, 0x0, 0x0, 0x0, 0x0, 0x0, 0x0,
    0x0, 0x0, 0xe, 0x5b, 0xa4, 0xd6, 0xec, 0xf9,
    0xe4, 0xcc, 0x8d, 0x3c, 0x0, 0x0, 0x0, 0x0,
    0x0, 0x0, 0x0, 0x0, 0x9, 0x7c, 0xee, 0xff,
    0xff, 0xff, 0xff, 0xff, 0xff, 0xff, 0xff, 0xff,
    0xc1, 0x2f, 0x0, 0x0, 0x0, 0x0, 0x0, 0x25,
    0xd1, 0xff, 0xff, 0xff, 0xff, 0xff, 0xff, 0xff,
    0xff, 0xff, 0xff, 0xff, 0xff, 0xfa, 0x5b, 0x0,
    0x0, 0x0, 0x25, 0xeb, 0xff, 0xff, 0xff, 0xff,
    0xff, 0xfb, 0xdf, 0xd2, 0xe6, 0xff, 0xff, 0xff,
    0xff, 0xff, 0xfa, 0x25, 0x0, 0xd, 0xdc, 0xff,
    0xff, 0xff, 0xff, 0xc8, 0x54, 0xd, 0x0, 0x0,
    0x0, 0x1e, 0x80, 0xf5, 0xff, 0xf4, 0x49, 0x0,
    0x0, 0x8a, 0xff, 0xff, 0xff, 0xff, 0x78, 0x1,
    0x0, 0x0, 0x0, 0x0, 0x0, 0x0, 0x0, 0x26,
    0xc6, 0x34, 0x0, 0x0, 0x16, 0xf9, 0xff, 0xff,
    0xff, 0x7f, 0x0, 0x0, 0x0, 0x0, 0x0, 0x0,
    0x0, 0x0, 0x0, 0x0, 0x0, 0x0, 0x0, 0x0,
    0x66, 0xff, 0xff, 0xff, 0xd8, 0x4, 0x0, 0x0,
    0x0, 0x0, 0x0, 0x0, 0x0, 0x0, 0x0, 0x0,
    0x0, 0x0, 0x0, 0x0, 0xad, 0xff, 0xff, 0xff,
    0x78, 0x0, 0x0, 0x0, 0x0, 0x0, 0x0, 0x0,
    0x0, 0x0, 0x0, 0x0, 0x0, 0x0, 0x0, 0x0,
    0xcb, 0xff, 0xff, 0xff, 0x40, 0x0, 0x0, 0x0,
    0x0, 0x0, 0x0, 0x0, 0x0, 0x0, 0x0, 0x0,
    0x0, 0x0, 0x0, 0x0, 0xde, 0xff, 0xff, 0xff,
    0x2e, 0x0, 0x0, 0x0, 0x0, 0x0, 0x0, 0x0,
    0x0, 0x0, 0x0, 0x0, 0x0, 0x0, 0x0, 0x0,
    0xcb, 0xff, 0xff, 0xff, 0x40, 0x0, 0x0, 0x0,
    0x0, 0x0, 0x0, 0x0, 0x0, 0x0, 0x0, 0x0,
    0x0, 0x0, 0x0, 0x0, 0xad, 0xff, 0xff, 0xff,
    0x77, 0x0, 0x0, 0x0, 0x0, 0x0, 0x0, 0x0,
    0x0, 0x0, 0x0, 0x0, 0x0, 0x0, 0x0, 0x0,
    0x67, 0xff, 0xff, 0xff, 0xd7, 0x4, 0x0, 0x0,
    0x0, 0x0, 0x0, 0x0, 0x0, 0x0, 0x0, 0x0,
    0x0, 0x0, 0x0, 0x0, 0x17, 0xf9, 0xff, 0xff,
    0xff, 0x7d, 0x0, 0x0, 0x0, 0x0, 0x0, 0x0,
    0x0, 0x0, 0x0, 0x0, 0xa, 0x15, 0x0, 0x0,
    0x0, 0x8c, 0xff, 0xff, 0xff, 0xfe, 0x74, 0x1,
    0x0, 0x0, 0x0, 0x0, 0x0, 0x0, 0x0, 0x14,
    0xc5, 0xdb, 0x22, 0x0, 0x0, 0xf, 0xde, 0xff,
    0xff, 0xff, 0xff, 0xc5, 0x50, 0xa, 0x0, 0x0,
    0x0, 0x17, 0x6f, 0xec, 0xff, 0xff, 0xe7, 0x30,
    0x0, 0x0, 0x27, 0xed, 0xff, 0xff, 0xff, 0xff,
    0xff, 0xf9, 0xda, 0xce, 0xe3, 0xfd, 0xff, 0xff,
    0xff, 0xff, 0xff, 0x9b, 0x0, 0x0, 0x0, 0x27,
    0xd3, 0xff, 0xff, 0xff, 0xff, 0xff, 0xff, 0xff,
    0xff, 0xff, 0xff, 0xff, 0xff, 0xff, 0x97, 0x2,
    0x0, 0x0, 0x0, 0x0, 0xa, 0x7e, 0xee, 0xff,
    0xff, 0xff, 0xff, 0xff, 0xff, 0xff, 0xff, 0xff,
    0xd8, 0x48, 0x0, 0x0, 0x0, 0x0, 0x0, 0x0,
    0x0, 0x0, 0xe, 0x5c, 0xa5, 0xd6, 0xed, 0xf9,
    0xe5, 0xcc, 0x94, 0x44, 0x4, 0x0, 0x0, 0x0,

    /* U+010B "ċ" */
    0x0, 0x0, 0x0, 0x0, 0x0, 0x0, 0x11, 0xb3,
    0xf3, 0xbe, 0x19, 0x0, 0x0, 0x0, 0x0, 0x0,
    0x0, 0x0, 0x0, 0x0, 0x0, 0x0, 0x8e, 0xff,
    0xff, 0xff, 0x9e, 0x0, 0x0, 0x0, 0x0, 0x0,
    0x0, 0x0, 0x0, 0x0, 0x0, 0x0, 0xad, 0xff,
    0xff, 0xff, 0xbd, 0x0, 0x0, 0x0, 0x0, 0x0,
    0x0, 0x0, 0x0, 0x0, 0x0, 0x0, 0x4e, 0xfe,
    0xff, 0xff, 0x5f, 0x0, 0x0, 0x0, 0x0, 0x0,
    0x0, 0x0, 0x0, 0x0, 0x0, 0x0, 0x0, 0x37,
    0x78, 0x41, 0x0, 0x0, 0x0, 0x0, 0x0, 0x0,
    0x0, 0x0, 0x0, 0x0, 0x0, 0x0, 0x0, 0x0,
    0x0, 0x0, 0x0, 0x0, 0x0, 0x0, 0x0, 0x0,
    0x0, 0x0, 0x0, 0x0, 0x8, 0x68, 0xb7, 0xe6,
    0xfa, 0xf2, 0xcd, 0x86, 0x1c, 0x0, 0x0, 0x0,
    0x0, 0x0, 0x0, 0x3f, 0xe4, 0xff, 0xff, 0xff,
    0xff, 0xff, 0xff, 0xff, 0xf6, 0x58, 0x0, 0x0,
    0x0, 0x0, 0x49, 0xfb, 0xff, 0xff, 0xff, 0xff,
    0xff, 0xff, 0xff, 0xff, 0xff, 0xfe, 0x67, 0x0,
    0x0, 0x16, 0xf1, 0xff, 0xff, 0xff, 0xff, 0xc3,
    0x9e, 0xb5, 0xf8, 0xff, 0xff, 0xff, 0xf5, 0x20,
    0x0, 0x8d, 0xff, 0xff, 0xff, 0xeb, 0x45, 0x0,
    0x0, 0x0, 0x1d, 0xd4, 0xff, 0xe1, 0x81, 0x19,
    0x0, 0xe1, 0xff, 0xff, 0xff, 0x53, 0x0, 0x0,
    0x0, 0x0, 0x0, 0x27, 0x47, 0x2, 0x0, 0x0,
    0x11, 0xff, 0xff, 0xff, 0xe5, 0x0, 0x0, 0x0,
    0x0, 0x0, 0x0, 0x0, 0x0, 0x0, 0x0, 0x0,
    0x22, 0xff, 0xff, 0xff, 0xc9, 0x0, 0x0, 0x0,
    0x0, 0x0, 0x0, 0x0, 0x0, 0x0, 0x0, 0x0,
    0x11, 0xff, 0xff, 0xff, 0xe4, 0x0, 0x0, 0x0,
    0x0, 0x0, 0x0, 0x0, 0x0, 0x0, 0x0, 0x0,
    0x0, 0xe1, 0xff, 0xff, 0xff, 0x4f, 0x0, 0x0,
    0x0, 0x0, 0x0, 0x1a, 0x64, 0xa, 0x0, 0x0,
    0x0, 0x8d, 0xff, 0xff, 0xff, 0xe9, 0x40, 0x0,
    0x0, 0x0, 0x17, 0xc7, 0xff, 0xee, 0x8d, 0x20,
    0x0, 0x16, 0xf0, 0xff, 0xff, 0xff, 0xfe, 0xbf,
    0x9a, 0xb1, 0xf6, 0xff, 0xff, 0xff, 0xfc, 0x3a,
    0x0, 0x0, 0x49, 0xfb, 0xff, 0xff, 0xff, 0xff,
    0xff, 0xff, 0xff, 0xff, 0xff, 0xff, 0x77, 0x0,
    0x0, 0x0, 0x0, 0x40, 0xe4, 0xff, 0xff, 0xff,
    0xff, 0xff, 0xff, 0xff, 0xf8, 0x62, 0x0, 0x0,
    0x0, 0x0, 0x0, 0x0, 0x8, 0x69, 0xb8, 0xe6,
    0xfa, 0xf3, 0xd0, 0x8b, 0x20, 0x0, 0x0, 0x0,

    /* U+010C "Č" */
    0x0, 0x0, 0x0, 0x0, 0x0, 0x3, 0x73, 0x80,
    0x80, 0x65, 0x0, 0x0, 0x6c, 0x80, 0x80, 0x7b,
    0x6, 0x0, 0x0, 0x0, 0x0, 0x0, 0x0, 0x0,
    0x0, 0x0, 0x44, 0xf9, 0xff, 0xff, 0x65, 0x73,
    0xff, 0xff, 0xfd, 0x59, 0x0, 0x0, 0x0, 0x0,
    0x0, 0x0, 0x0, 0x0, 0x0, 0x0, 0x0, 0x55,
    0xfd, 0xff, 0xff, 0xff, 0xff, 0xfe, 0x60, 0x0,
    0x0, 0x0, 0x0, 0x0, 0x0, 0x0, 0x0, 0x0,
    0x0, 0x0, 0x0, 0x0, 0x68, 0xff, 0xff, 0xff,
    0xff, 0x67, 0x0, 0x0, 0x0, 0x0, 0x0, 0x0,
    0x0, 0x0, 0x0, 0x0, 0x0, 0x0, 0x0, 0x0,
    0x0, 0x32, 0x3c, 0x3c, 0x30, 0x0, 0x0, 0x0,
    0x0, 0x0, 0x0, 0x0, 0x0, 0x0, 0x0, 0x0,
    0x0, 0x0, 0x0, 0x0, 0x0, 0x0, 0x0, 0x0,
    0x0, 0x0, 0x0, 0x0, 0x0, 0x0, 0x0, 0x0,
    0x0, 0x0, 0x0, 0x0, 0x0, 0x0, 0x0, 0x0,
    0x0, 0x0, 0x0, 0x0, 0x0, 0x0, 0x0, 0x0,
    0x0, 0x0, 0x0, 0x0, 0x0, 0x0, 0x0, 0x0,
    0x0, 0x0, 0xe, 0x5b, 0xa4, 0xd6, 0xec, 0xf9,
    0xe4, 0xcc, 0x8d, 0x3c, 0x0, 0x0, 0x0, 0x0,
    0x0, 0x0, 0x0, 0x0, 0x9, 0x7c, 0xee, 0xff,
    0xff, 0xff, 0xff, 0xff, 0xff, 0xff, 0xff, 0xff,
    0xc1, 0x2f, 0x0, 0x0, 0x0, 0x0, 0x0, 0x25,
    0xd1, 0xff, 0xff, 0xff, 0xff, 0xff, 0xff, 0xff,
    0xff, 0xff, 0xff, 0xff, 0xff, 0xfa, 0x5b, 0x0,
    0x0, 0x0, 0x25, 0xeb, 0xff, 0xff, 0xff, 0xff,
    0xff, 0xfb, 0xdf, 0xd2, 0xe6, 0xff, 0xff, 0xff,
    0xff, 0xff, 0xfa, 0x25, 0x0, 0xd, 0xdc, 0xff,
    0xff, 0xff, 0xff, 0xc8, 0x54, 0xd, 0x0, 0x0,
    0x0, 0x1e, 0x80, 0xf5, 0xff, 0xf4, 0x49, 0x0,
    0x0, 0x8a, 0xff, 0xff, 0xff, 0xff, 0x78, 0x1,
    0x0, 0x0, 0x0, 0x0, 0x0, 0x0, 0x0, 0x26,
    0xc6, 0x34, 0x0, 0x0, 0x16, 0xf9, 0xff, 0xff,
    0xff, 0x7f, 0x0, 0x0, 0x0, 0x0, 0x0, 0x0,
    0x0, 0x0, 0x0, 0x0, 0x0, 0x0, 0x0, 0x0,
    0x66, 0xff, 0xff, 0xff, 0xd8, 0x4, 0x0, 0x0,
    0x0, 0x0, 0x0, 0x0, 0x0, 0x0, 0x0, 0x0,
    0x0, 0x0, 0x0, 0x0, 0xad, 0xff, 0xff, 0xff,
    0x78, 0x0, 0x0, 0x0, 0x0, 0x0, 0x0, 0x0,
    0x0, 0x0, 0x0, 0x0, 0x0, 0x0, 0x0, 0x0,
    0xcb, 0xff, 0xff, 0xff, 0x40, 0x0, 0x0, 0x0,
    0x0, 0x0, 0x0, 0x0, 0x0, 0x0, 0x0, 0x0,
    0x0, 0x0, 0x0, 0x0, 0xde, 0xff, 0xff, 0xff,
    0x2e, 0x0, 0x0, 0x0, 0x0, 0x0, 0x0, 0x0,
    0x0, 0x0, 0x0, 0x0, 0x0, 0x0, 0x0, 0x0,
    0xcb, 0xff, 0xff, 0xff, 0x40, 0x0, 0x0, 0x0,
    0x0, 0x0, 0x0, 0x0, 0x0, 0x0, 0x0, 0x0,
    0x0, 0x0, 0x0, 0x0, 0xad, 0xff, 0xff, 0xff,
    0x77, 0x0, 0x0, 0x0, 0x0, 0x0, 0x0, 0x0,
    0x0, 0x0, 0x0, 0x0, 0x0, 0x0, 0x0, 0x0,
    0x67, 0xff, 0xff, 0xff, 0xd7, 0x4, 0x0, 0x0,
    0x0, 0x0, 0x0, 0x0, 0x0, 0x0, 0x0, 0x0,
    0x0, 0x0, 0x0, 0x0, 0x17, 0xf9, 0xff, 0xff,
    0xff, 0x7d, 0x0, 0x0, 0x0, 0x0, 0x0, 0x0,
    0x0, 0x0, 0x0, 0x0, 0xa, 0x15, 0x0, 0x0,
    0x0, 0x8c, 0xff, 0xff, 0xff, 0xfe, 0x74, 0x1,
    0x0, 0x0, 0x0, 0x0, 0x0, 0x0, 0x0, 0x14,
    0xc5, 0xdb, 0x22, 0x0, 0x0, 0xf, 0xde, 0xff,
    0xff, 0xff, 0xff, 0xc5, 0x50, 0xa, 0x0, 0x0,
    0x0, 0x17, 0x6f, 0xec, 0xff, 0xff, 0xe7, 0x30,
    0x0, 0x0, 0x27, 0xed, 0xff, 0xff, 0xff, 0xff,
    0xff, 0xf9, 0xda, 0xce, 0xe3, 0xfd, 0xff, 0xff,
    0xff, 0xff, 0xff, 0x9b, 0x0, 0x0, 0x0, 0x27,
    0xd3, 0xff, 0xff, 0xff, 0xff, 0xff, 0xff, 0xff,
    0xff, 0xff, 0xff, 0xff, 0xff, 0xff, 0x97, 0x2,
    0x0, 0x0, 0x0, 0x0, 0xa, 0x7e, 0xee, 0xff,
    0xff, 0xff, 0xff, 0xff, 0xff, 0xff, 0xff, 0xff,
    0xd8, 0x48, 0x0, 0x0, 0x0, 0x0, 0x0, 0x0,
    0x0, 0x0, 0xe, 0x5c, 0xa5, 0xd6, 0xed, 0xf9,
    0xe5, 0xcc, 0x94, 0x44, 0x4, 0x0, 0x0, 0x0,

    /* U+010D "č" */
    0x0, 0x0, 0x0, 0x19, 0xd4, 0xff, 0xff, 0xca,
    0x1b, 0x8b, 0xff, 0xff, 0xfe, 0x6e, 0x0, 0x0,
    0x0, 0x0, 0x0, 0x0, 0x13, 0xcb, 0xff, 0xff,
    0xff, 0xff, 0xff, 0xf9, 0x57, 0x0, 0x0, 0x0,
    0x0, 0x0, 0x0, 0x0, 0x0, 0xd, 0xc1, 0xff,
    0xff, 0xff, 0xef, 0x40, 0x0, 0x0, 0x0, 0x0,
    0x0, 0x0, 0x0, 0x0, 0x0, 0x0, 0x9, 0x38,
    0x38, 0x38, 0x1b, 0x0, 0x0, 0x0, 0x0, 0x0,
    0x0, 0x0, 0x0, 0x0, 0x0, 0x0, 0x0, 0x0,
    0x0, 0x0, 0x0, 0x0, 0x0, 0x0, 0x0, 0x0,
    0x0, 0x0, 0x0, 0x0, 0x0, 0x0, 0x0, 0x0,
    0x0, 0x0, 0x0, 0x0, 0x0, 0x0, 0x0, 0x0,
    0x0, 0x0, 0x0, 0x0, 0x8, 0x68, 0xb7, 0xe6,
    0xfa, 0xf2, 0xcd, 0x86, 0x1c, 0x0, 0x0, 0x0,
    0x0, 0x0, 0x0, 0x3f, 0xe4, 0xff, 0xff, 0xff,
    0xff, 0xff, 0xff, 0xff, 0xf6, 0x58, 0x0, 0x0,
    0x0, 0x0, 0x49, 0xfb, 0xff, 0xff, 0xff, 0xff,
    0xff, 0xff, 0xff, 0xff, 0xff, 0xfe, 0x67, 0x0,
    0x0, 0x16, 0xf1, 0xff, 0xff, 0xff, 0xff, 0xc3,
    0x9e, 0xb5, 0xf8, 0xff, 0xff, 0xff, 0xf5, 0x20,
    0x0, 0x8d, 0xff, 0xff, 0xff, 0xeb, 0x45, 0x0,
    0x0, 0x0, 0x1d, 0xd4, 0xff, 0xe1, 0x81, 0x19,
    0x0, 0xe1, 0xff, 0xff, 0xff, 0x53, 0x0, 0x0,
    0x0, 0x0, 0x0, 0x27, 0x47, 0x2, 0x0, 0x0,
    0x11, 0xff, 0xff, 0xff, 0xe5, 0x0, 0x0, 0x0,
    0x0, 0x0, 0x0, 0x0, 0x0, 0x0, 0x0, 0x0,
    0x22, 0xff, 0xff, 0xff, 0xc9, 0x0, 0x0, 0x0,
    0x0, 0x0, 0x0, 0x0, 0x0, 0x0, 0x0, 0x0,
    0x11, 0xff, 0xff, 0xff, 0xe4, 0x0, 0x0, 0x0,
    0x0, 0x0, 0x0, 0x0, 0x0, 0x0, 0x0, 0x0,
    0x0, 0xe1, 0xff, 0xff, 0xff, 0x4f, 0x0, 0x0,
    0x0, 0x0, 0x0, 0x1a, 0x64, 0xa, 0x0, 0x0,
    0x0, 0x8d, 0xff, 0xff, 0xff, 0xe9, 0x40, 0x0,
    0x0, 0x0, 0x17, 0xc7, 0xff, 0xee, 0x8d, 0x20,
    0x0, 0x16, 0xf0, 0xff, 0xff, 0xff, 0xfe, 0xbf,
    0x9a, 0xb1, 0xf6, 0xff, 0xff, 0xff, 0xfc, 0x3a,
    0x0, 0x0, 0x49, 0xfb, 0xff, 0xff, 0xff, 0xff,
    0xff, 0xff, 0xff, 0xff, 0xff, 0xff, 0x77, 0x0,
    0x0, 0x0, 0x0, 0x40, 0xe4, 0xff, 0xff, 0xff,
    0xff, 0xff, 0xff, 0xff, 0xf8, 0x62, 0x0, 0x0,
    0x0, 0x0, 0x0, 0x0, 0x8, 0x69, 0xb8, 0xe6,
    0xfa, 0xf3, 0xd0, 0x8b, 0x20, 0x0, 0x0, 0x0,

    /* U+010E "Ď" */
    0x0, 0x0, 0xd, 0x7d, 0x80, 0x80, 0x51, 0x0,
    0x7, 0x7a, 0x80, 0x80, 0x6e, 0x0, 0x0, 0x0,
    0x0, 0x0, 0x0, 0x0, 0x0, 0x0, 0x66, 0xff,
    0xff, 0xfb, 0x3f, 0x9d, 0xff, 0xff, 0xf3, 0x39,
    0x0, 0x0, 0x0, 0x0, 0x0, 0x0, 0x0, 0x0,
    0x0, 0x0, 0x7b, 0xff, 0xff, 0xff, 0xff, 0xff,
    0xf4, 0x3d, 0x0, 0x0, 0x0, 0x0, 0x0, 0x0,
    0x0, 0x0, 0x0, 0x0, 0x0, 0x0, 0x91, 0xff,
    0xff, 0xff, 0xf6, 0x41, 0x0, 0x0, 0x0, 0x0,
    0x0, 0x0, 0x0, 0x0, 0x0, 0x0, 0x0, 0x0,
    0x0, 0x1, 0x36, 0x38, 0x38, 0x22, 0x0, 0x0,
    0x0, 0x0, 0x0, 0x0, 0x0, 0x0, 0x0, 0x0,
    0x0, 0x0, 0x0, 0x0, 0x0, 0x0, 0x0, 0x0,
    0x0, 0x0, 0x0, 0x0, 0x0, 0x0, 0x0, 0x0,
    0x0, 0x0, 0xd8, 0xff, 0xff, 0xff, 0xff, 0xff,
    0xff, 0xfc, 0xea, 0xd5, 0xa2, 0x5d, 0xe, 0x0,
    0x0, 0x0, 0x0, 0x0, 0x0, 0xd8, 0xff, 0xff,
    0xff, 0xff, 0xff, 0xff, 0xff, 0xff, 0xff, 0xff,
    0xff, 0xef, 0x80, 0x8, 0x0, 0x0, 0x0, 0x0,
    0xd8, 0xff, 0xff, 0xff, 0xff, 0xff, 0xff, 0xff,
    0xff, 0xff, 0xff, 0xff, 0xff, 0xff, 0xce, 0x21,
    0x0, 0x0, 0x0, 0xd8, 0xff, 0xff, 0xff, 0xd6,
    0xcc, 0xcc, 0xd1, 0xe4, 0xfe, 0xff, 0xff, 0xff,
    0xff, 0xff, 0xe0, 0x16, 0x0, 0x0, 0xd8, 0xff,
    0xff, 0xff, 0x34, 0x0, 0x0, 0x0, 0x0, 0x13,
    0x5d, 0xd3, 0xff, 0xff, 0xff, 0xff, 0xc0, 0x0,
    0x0, 0xd8, 0xff, 0xff, 0xff, 0x34, 0x0, 0x0,
    0x0, 0x0, 0x0, 0x0, 0x5, 0x96, 0xff, 0xff,
    0xff, 0xff, 0x4d, 0x0, 0xd8, 0xff, 0xff, 0xff,
    0x34, 0x0, 0x0, 0x0, 0x0, 0x0, 0x0, 0x0,
    0x1, 0xb4, 0xff, 0xff, 0xff, 0xc0, 0x0, 0xd8,
    0xff, 0xff, 0xff, 0x34, 0x0, 0x0, 0x0, 0x0,
    0x0, 0x0, 0x0, 0x0, 0x2c, 0xff, 0xff, 0xff,
    0xfb, 0xe, 0xd8, 0xff, 0xff, 0xff, 0x34, 0x0,
    0x0, 0x0, 0x0, 0x0, 0x0, 0x0, 0x0, 0x0,
    0xdb, 0xff, 0xff, 0xff, 0x45, 0xd8, 0xff, 0xff,
    0xff, 0x34, 0x0, 0x0, 0x0, 0x0, 0x0, 0x0,
    0x0, 0x0, 0x0, 0xac, 0xff, 0xff, 0xff, 0x5d,
    0xd8, 0xff, 0xff, 0xff, 0x34, 0x0, 0x0, 0x0,
    0x0, 0x0, 0x0, 0x0, 0x0, 0x0, 0x9d, 0xff,
    0xff, 0xff, 0x6e, 0xd8, 0xff, 0xff, 0xff, 0x34,
    0x0, 0x0, 0x0, 0x0, 0x0, 0x0, 0x0, 0x0,
    0x0, 0xac, 0xff, 0xff, 0xff, 0x5e, 0xd8, 0xff,
    0xff, 0xff, 0x34, 0x0, 0x0, 0x0, 0x0, 0x0,
    0x0, 0x0, 0x0, 0x0, 0xda, 0xff, 0xff, 0xff,
    0x46, 0xd8, 0xff, 0xff, 0xff, 0x34, 0x0, 0x0,
    0x0, 0x0, 0x0, 0x0, 0x0, 0x0, 0x2b, 0xff,
    0xff, 0xff, 0xfc, 0x10, 0xd8, 0xff, 0xff, 0xff,
    0x34, 0x0, 0x0, 0x0, 0x0, 0x0, 0x0, 0x0,
    0x1, 0xb3, 0xff, 0xff, 0xff, 0xc2, 0x0, 0xd8,
    0xff, 0xff, 0xff, 0x34, 0x0, 0x0, 0x0, 0x0,
    0x0, 0x0, 0x4, 0x92, 0xff, 0xff, 0xff, 0xff,
    0x51, 0x0, 0xd8, 0xff, 0xff, 0xff, 0x34, 0x0,
    0x0, 0x0, 0x0, 0x10, 0x58, 0xcf, 0xff, 0xff,
    0xff, 0xff, 0xc4, 0x0, 0x0, 0xd8, 0xff, 0xff,
    0xff, 0xd6, 0xcc, 0xcc, 0xd0, 0xe2, 0xfd, 0xff,
    0xff, 0xff, 0xff, 0xff, 0xe3, 0x18, 0x0, 0x0,
    0xd8, 0xff, 0xff, 0xff, 0xff, 0xff, 0xff, 0xff,
    0xff, 0xff, 0xff, 0xff, 0xff, 0xff, 0xd0, 0x23,
    0x0, 0x0, 0x0, 0xd8, 0xff, 0xff, 0xff, 0xff,
    0xff, 0xff, 0xff, 0xff, 0xff, 0xff, 0xff, 0xef,
    0x81, 0x9, 0x0, 0x0, 0x0, 0x0, 0xd8, 0xff,
    0xff, 0xff, 0xff, 0xff, 0xff, 0xfc, 0xeb, 0xd5,
    0xa3, 0x5f, 0xe, 0x0, 0x0, 0x0, 0x0, 0x0,
    0x0,

    /* U+010F "ď" */
    0x0, 0x0, 0x0, 0x0, 0x0, 0x0, 0x0, 0x0,
    0x0, 0x0, 0x0, 0x0, 0x9c, 0xff, 0xff, 0xff,
    0x50, 0x8, 0xff, 0xff, 0xff, 0xfa, 0x7, 0x0,
    0x0, 0x0, 0x0, 0x0, 0x0, 0x0, 0x0, 0x0,
    0x0, 0x0, 0x0, 0x9c, 0xff, 0xff, 0xff, 0x50,
    0x8, 0xff, 0xff, 0xff, 0xcc, 0x0, 0x0, 0x0,
    0x0, 0x0, 0x0, 0x0, 0x0, 0x0, 0x0, 0x0,
    0x0, 0x0, 0x9c, 0xff, 0xff, 0xff, 0x50, 0x8,
    0xff, 0xff, 0xff, 0x98, 0x0, 0x0, 0x0, 0x0,
    0x0, 0x0, 0x0, 0x0, 0x0, 0x0, 0x0, 0x0,
    0x0, 0x9c, 0xff, 0xff, 0xff, 0x50, 0x8, 0xff,
    0xff, 0xff, 0x63, 0x0, 0x0, 0x0, 0x0, 0x0,
    0x0, 0x0, 0x0, 0x0, 0x0, 0x0, 0x0, 0x0,
    0x9c, 0xff, 0xff, 0xff, 0x50, 0x8, 0xff, 0xff,
    0xff, 0x2f, 0x0, 0x0, 0x0, 0x0, 0x0, 0x0,
    0x0, 0x0, 0x0, 0x0, 0x0, 0x0, 0x0, 0x9c,
    0xff, 0xff, 0xff, 0x50, 0x8, 0xff, 0xff, 0xf6,
    0x4, 0x0, 0x0, 0x0, 0x0, 0x0, 0x17, 0x86,
    0xd3, 0xf5, 0xee, 0xc5, 0x60, 0x1, 0x94, 0xff,
    0xff, 0xff, 0x50, 0x4, 0x8c, 0x8c, 0x72, 0x0,
    0x0, 0x0, 0x0, 0x0, 0x57, 0xf3, 0xff, 0xff,
    0xff, 0xff, 0xff, 0xff, 0xaf, 0x7b, 0xff, 0xff,
    0xff, 0x50, 0x0, 0x0, 0x0, 0x0, 0x0, 0x0,
    0x0, 0x0, 0x59, 0xfe, 0xff, 0xff, 0xff, 0xff,
    0xff, 0xff, 0xff, 0xff, 0xe4, 0xff, 0xff, 0xff,
    0x50, 0x0, 0x0, 0x0, 0x0, 0x0, 0x0, 0x0,
    0x1b, 0xf5, 0xff, 0xff, 0xff, 0xff, 0xcd, 0x9f,
    0xb0, 0xf3, 0xff, 0xff, 0xff, 0xff, 0xff, 0x50,
    0x0, 0x0, 0x0, 0x0, 0x0, 0x0, 0x0, 0x92,
    0xff, 0xff, 0xff, 0xf2, 0x54, 0x0, 0x0, 0x0,
    0x1b, 0xbc, 0xff, 0xff, 0xff, 0xff, 0x50, 0x0,
    0x0, 0x0, 0x0, 0x0, 0x0, 0x0, 0xe3, 0xff,
    0xff, 0xff, 0x5f, 0x0, 0x0, 0x0, 0x0, 0x0,
    0x11, 0xe4, 0xff, 0xff, 0xff, 0x50, 0x0, 0x0,
    0x0, 0x0, 0x0, 0x0, 0x11, 0xff, 0xff, 0xff,
    0xe7, 0x1, 0x0, 0x0, 0x0, 0x0, 0x0, 0x0,
    0x84, 0xff, 0xff, 0xff, 0x50, 0x0, 0x0, 0x0,
    0x0, 0x0, 0x0, 0x22, 0xff, 0xff, 0xff, 0xca,
    0x0, 0x0, 0x0, 0x0, 0x0, 0x0, 0x0, 0x66,
    0xff, 0xff, 0xff, 0x50, 0x0, 0x0, 0x0, 0x0,
    0x0, 0x0, 0x11, 0xff, 0xff, 0xff, 0xe6, 0x0,
    0x0, 0x0, 0x0, 0x0, 0x0, 0x0, 0x83, 0xff,
    0xff, 0xff, 0x50, 0x0, 0x0, 0x0, 0x0, 0x0,
    0x0, 0x0, 0xe4, 0xff, 0xff, 0xff, 0x5a, 0x0,
    0x0, 0x0, 0x0, 0x0, 0x10, 0xe3, 0xff, 0xff,
    0xff, 0x50, 0x0, 0x0, 0x0, 0x0, 0x0, 0x0,
    0x0, 0x93, 0xff, 0xff, 0xff, 0xf0, 0x4e, 0x0,
    0x0, 0x0, 0x19, 0xba, 0xff, 0xff, 0xff, 0xff,
    0x50, 0x0, 0x0, 0x0, 0x0, 0x0, 0x0, 0x0,
    0x1d, 0xf6, 0xff, 0xff, 0xff, 0xff, 0xc8, 0x9a,
    0xac, 0xf2, 0xff, 0xff, 0xff, 0xff, 0xff, 0x50,
    0x0, 0x0, 0x0, 0x0, 0x0, 0x0, 0x0, 0x0,
    0x5c, 0xff, 0xff, 0xff, 0xff, 0xff, 0xff, 0xff,
    0xff, 0xff, 0xff, 0xff, 0xff, 0xff, 0x50, 0x0,
    0x0, 0x0, 0x0, 0x0, 0x0, 0x0, 0x0, 0x0,
    0x59, 0xf3, 0xff, 0xff, 0xff, 0xff, 0xff, 0xff,
    0xd5, 0x74, 0xff, 0xff, 0xff, 0x50, 0x0, 0x0,
    0x0, 0x0, 0x0, 0x0, 0x0, 0x0, 0x0, 0x0,
    0x18, 0x87, 0xd4, 0xf5, 0xf2, 0xcf, 0x7a, 0x9,
    0x60, 0xff, 0xff, 0xff, 0x50, 0x0, 0x0, 0x0,
    0x0, 0x0, 0x0,

    /* U+0110 "Đ" */
    0x0, 0x0, 0xc, 0xff, 0xff, 0xff, 0xff, 0xff,
    0xff, 0xff, 0xf9, 0xe5, 0xce, 0x94, 0x4f, 0x5,
    0x0, 0x0, 0x0, 0x0, 0x0, 0x0, 0x0, 0x0,
    0xc, 0xff, 0xff, 0xff, 0xff, 0xff, 0xff, 0xff,
    0xff, 0xff, 0xff, 0xff, 0xff, 0xe0, 0x67, 0x1,
    0x0, 0x0, 0x0, 0x0, 0x0, 0x0, 0xc, 0xff,
    0xff, 0xff, 0xff, 0xff, 0xff, 0xff, 0xff, 0xff,
    0xff, 0xff, 0xff, 0xff, 0xff, 0xb1, 0xf, 0x0,
    0x0, 0x0, 0x0, 0x0, 0xc, 0xff, 0xff, 0xff,
    0xff, 0xcc, 0xcc, 0xcc, 0xd4, 0xe9, 0xff, 0xff,
    0xff, 0xff, 0xff, 0xff, 0xc0, 0x5, 0x0, 0x0,
    0x0, 0x0, 0xc, 0xff, 0xff, 0xff, 0xff, 0x0,
    0x0, 0x0, 0x0, 0x0, 0x1d, 0x72, 0xe6, 0xff,
    0xff, 0xff, 0xff, 0x8c, 0x0, 0x0, 0x0, 0x0,
    0xc, 0xff, 0xff, 0xff, 0xff, 0x0, 0x0, 0x0,
    0x0, 0x0, 0x0, 0x0, 0x13, 0xbf, 0xff, 0xff,
    0xff, 0xf9, 0x1e, 0x0, 0x0, 0x0, 0xc, 0xff,
    0xff, 0xff, 0xff, 0x0, 0x0, 0x0, 0x0, 0x0,
    0x0, 0x0, 0x0, 0xf, 0xdd, 0xff, 0xff, 0xff,
    0x8c, 0x0, 0x0, 0x0, 0xc, 0xff, 0xff, 0xff,
    0xff, 0x0, 0x0, 0x0, 0x0, 0x0, 0x0, 0x0,
    0x0, 0x0, 0x61, 0xff, 0xff, 0xff, 0xd6, 0x0,
    0x3c, 0xff, 0xff, 0xff, 0xff, 0xff, 0xff, 0xff,
    0xff, 0xff, 0xff, 0xff, 0x84, 0x0, 0x0, 0x0,
    0x11, 0xfd, 0xff, 0xff, 0xff, 0x11, 0x3c, 0xff,
    0xff, 0xff, 0xff, 0xff, 0xff, 0xff, 0xff, 0xff,
    0xff, 0xff, 0x84, 0x0, 0x0, 0x0, 0x0, 0xe0,
    0xff, 0xff, 0xff, 0x29, 0x3c, 0xff, 0xff, 0xff,
    0xff, 0xff, 0xff, 0xff, 0xff, 0xff, 0xff, 0xff,
    0x84, 0x0, 0x0, 0x0, 0x0, 0xd1, 0xff, 0xff,
    0xff, 0x3a, 0xf, 0x44, 0x4c, 0xff, 0xff, 0xff,
    0xff, 0x44, 0x44, 0x44, 0x44, 0x44, 0x23, 0x0,
    0x0, 0x0, 0x0, 0xe0, 0xff, 0xff, 0xff, 0x2a,
    0x0, 0x0, 0xc, 0xff, 0xff, 0xff, 0xff, 0x0,
    0x0, 0x0, 0x0, 0x0, 0x0, 0x0, 0x0, 0x0,
    0x10, 0xfd, 0xff, 0xff, 0xff, 0x12, 0x0, 0x0,
    0xc, 0xff, 0xff, 0xff, 0xff, 0x0, 0x0, 0x0,
    0x0, 0x0, 0x0, 0x0, 0x0, 0x0, 0x60, 0xff,
    0xff, 0xff, 0xd8, 0x0, 0x0, 0x0, 0xc, 0xff,
    0xff, 0xff, 0xff, 0x0, 0x0, 0x0, 0x0, 0x0,
    0x0, 0x0, 0x0, 0xe, 0xdc, 0xff, 0xff, 0xff,
    0x8e, 0x0, 0x0, 0x0, 0xc, 0xff, 0xff, 0xff,
    0xff, 0x0, 0x0, 0x0, 0x0, 0x0, 0x0, 0x0,
    0x11, 0xbc, 0xff, 0xff, 0xff, 0xfa, 0x22, 0x0,
    0x0, 0x0, 0xc, 0xff, 0xff, 0xff, 0xff, 0x0,
    0x0, 0x0, 0x0, 0x0, 0x1b, 0x6e, 0xe4, 0xff,
    0xff, 0xff, 0xff, 0x90, 0x0, 0x0, 0x0, 0x0,
    0xc, 0xff, 0xff, 0xff, 0xff, 0xcc, 0xcc, 0xcc,
    0xd3, 0xe7, 0xff, 0xff, 0xff, 0xff, 0xff, 0xff,
    0xc3, 0x6, 0x0, 0x0, 0x0, 0x0, 0xc, 0xff,
    0xff, 0xff, 0xff, 0xff, 0xff, 0xff, 0xff, 0xff,
    0xff, 0xff, 0xff, 0xff, 0xff, 0xb3, 0x10, 0x0,
    0x0, 0x0, 0x0, 0x0, 0xc, 0xff, 0xff, 0xff,
    0xff, 0xff, 0xff, 0xff, 0xff, 0xff, 0xff, 0xff,
    0xff, 0xe1, 0x68, 0x1, 0x0, 0x0, 0x0, 0x0,
    0x0, 0x0, 0xc, 0xff, 0xff, 0xff, 0xff, 0xff,
    0xff, 0xff, 0xf9, 0xe6, 0xce, 0x95, 0x50, 0x5,
    0x0, 0x0, 0x0, 0x0, 0x0, 0x0,

    /* U+0111 "đ" */
    0x0, 0x0, 0x0, 0x0, 0x0, 0x0, 0x0, 0x0,
    0x0, 0x0, 0x0, 0x0, 0x9c, 0xff, 0xff, 0xff,
    0x50, 0x0, 0x0, 0x0, 0x0, 0x0, 0x0, 0x0,
    0x0, 0x0, 0x0, 0x63, 0xa8, 0xa8, 0xa8, 0xdd,
    0xff, 0xff, 0xff, 0xc3, 0xa8, 0xf, 0x0, 0x0,
    0x0, 0x0, 0x0, 0x0, 0x0, 0x0, 0x98, 0xff,
    0xff, 0xff, 0xff, 0xff, 0xff, 0xff, 0xff, 0xff,
    0x18, 0x0, 0x0, 0x0, 0x0, 0x0, 0x0, 0x0,
    0x0, 0x98, 0xff, 0xff, 0xff, 0xff, 0xff, 0xff,
    0xff, 0xff, 0xff, 0x18, 0x0, 0x0, 0x0, 0x0,
    0x0, 0x0, 0x0, 0x0, 0x0, 0x0, 0x0, 0x0,
    0x9c, 0xff, 0xff, 0xff, 0x50, 0x0, 0x0, 0x0,
    0x0, 0x0, 0x0, 0x0, 0x0, 0x0, 0x0, 0x0,
    0x0, 0x0, 0x0, 0x9c, 0xff, 0xff, 0xff, 0x50,
    0x0, 0x0, 0x0, 0x0, 0x0, 0x0, 0x17, 0x86,
    0xd3, 0xf5, 0xef, 0xc8, 0x67, 0x2, 0x8e, 0xff,
    0xff, 0xff, 0x50, 0x0, 0x0, 0x0, 0x0, 0x0,
    0x57, 0xf3, 0xff, 0xff, 0xff, 0xff, 0xff, 0xff,
    0xba, 0x7a, 0xff, 0xff, 0xff, 0x50, 0x0, 0x0,
    0x0, 0x0, 0x59, 0xfe, 0xff, 0xff, 0xff, 0xff,
    0xff, 0xff, 0xff, 0xff, 0xed, 0xff, 0xff, 0xff,
    0x50, 0x0, 0x0, 0x0, 0x1b, 0xf5, 0xff, 0xff,
    0xff, 0xff, 0xcd, 0x9f, 0xb0, 0xf3, 0xff, 0xff,
    0xff, 0xff, 0xff, 0x50, 0x0, 0x0, 0x0, 0x92,
    0xff, 0xff, 0xff, 0xf2, 0x54, 0x0, 0x0, 0x0,
    0x1b, 0xbc, 0xff, 0xff, 0xff, 0xff, 0x50, 0x0,
    0x0, 0x0, 0xe3, 0xff, 0xff, 0xff, 0x5f, 0x0,
    0x0, 0x0, 0x0, 0x0, 0x11, 0xe4, 0xff, 0xff,
    0xff, 0x50, 0x0, 0x0, 0x11, 0xff, 0xff, 0xff,
    0xe7, 0x1, 0x0, 0x0, 0x0, 0x0, 0x0, 0x0,
    0x84, 0xff, 0xff, 0xff, 0x50, 0x0, 0x0, 0x22,
    0xff, 0xff, 0xff, 0xca, 0x0, 0x0, 0x0, 0x0,
    0x0, 0x0, 0x0, 0x66, 0xff, 0xff, 0xff, 0x50,
    0x0, 0x0, 0x11, 0xff, 0xff, 0xff, 0xe6, 0x0,
    0x0, 0x0, 0x0, 0x0, 0x0, 0x0, 0x83, 0xff,
    0xff, 0xff, 0x50, 0x0, 0x0, 0x0, 0xe4, 0xff,
    0xff, 0xff, 0x5a, 0x0, 0x0, 0x0, 0x0, 0x0,
    0x10, 0xe3, 0xff, 0xff, 0xff, 0x50, 0x0, 0x0,
    0x0, 0x93, 0xff, 0xff, 0xff, 0xf0, 0x4e, 0x0,
    0x0, 0x0, 0x19, 0xba, 0xff, 0xff, 0xff, 0xff,
    0x50, 0x0, 0x0, 0x0, 0x1d, 0xf6, 0xff, 0xff,
    0xff, 0xff, 0xc8, 0x9a, 0xac, 0xf2, 0xff, 0xff,
    0xff, 0xff, 0xff, 0x50, 0x0, 0x0, 0x0, 0x0,
    0x5c, 0xff, 0xff, 0xff, 0xff, 0xff, 0xff, 0xff,
    0xff, 0xff, 0xff, 0xff, 0xff, 0xff, 0x50, 0x0,
    0x0, 0x0, 0x0, 0x0, 0x59, 0xf3, 0xff, 0xff,
    0xff, 0xff, 0xff, 0xff, 0xd5, 0x74, 0xff, 0xff,
    0xff, 0x50, 0x0, 0x0, 0x0, 0x0, 0x0, 0x0,
    0x18, 0x87, 0xd4, 0xf5, 0xf2, 0xcf, 0x7a, 0x9,
    0x60, 0xff, 0xff, 0xff, 0x50, 0x0, 0x0,

    /* U+0112 "Ē" */
    0x0, 0x0, 0xa8, 0xff, 0xff, 0xff, 0xff, 0xff,
    0xff, 0xff, 0xff, 0x3c, 0x0, 0x0, 0x0, 0x0,
    0xa8, 0xff, 0xff, 0xff, 0xff, 0xff, 0xff, 0xff,
    0xff, 0x3c, 0x0, 0x0, 0x0, 0x0, 0xa0, 0xf4,
    0xf4, 0xf4, 0xf4, 0xf4, 0xf4, 0xf4, 0xf4, 0x39,
    0x0, 0x0, 0x0, 0x0, 0x0, 0x0, 0x0, 0x0,
    0x0, 0x0, 0x0, 0x0, 0x0, 0x0, 0x0, 0x0,
    0x0, 0x0, 0x0, 0x0, 0x0, 0x0, 0x0, 0x0,
    0x0, 0x0, 0x0, 0x0, 0x0, 0x0, 0xd8, 0xff,
    0xff, 0xff, 0xff, 0xff, 0xff, 0xff, 0xff, 0xff,
    0xff, 0xff, 0xff, 0xc8, 0xd8, 0xff, 0xff, 0xff,
    0xff, 0xff, 0xff, 0xff, 0xff, 0xff, 0xff, 0xff,
    0xff, 0xc8, 0xd8, 0xff, 0xff, 0xff, 0xff, 0xff,
    0xff, 0xff, 0xff, 0xff, 0xff, 0xff, 0xff, 0xc8,
    0xd8, 0xff, 0xff, 0xff, 0xd6, 0xcc, 0xcc, 0xcc,
    0xcc, 0xcc, 0xcc, 0xcc, 0xcc, 0x9f, 0xd8, 0xff,
    0xff, 0xff, 0x34, 0x0, 0x0, 0x0, 0x0, 0x0,
    0x0, 0x0, 0x0, 0x0, 0xd8, 0xff, 0xff, 0xff,
    0x34, 0x0, 0x0, 0x0, 0x0, 0x0, 0x0, 0x0,
    0x0, 0x0, 0xd8, 0xff, 0xff, 0xff, 0x34, 0x0,
    0x0, 0x0, 0x0, 0x0, 0x0, 0x0, 0x0, 0x0,
    0xd8, 0xff, 0xff, 0xff, 0x34, 0x0, 0x0, 0x0,
    0x0, 0x0, 0x0, 0x0, 0x0, 0x0, 0xd8, 0xff,
    0xff, 0xff, 0xd3, 0xc8, 0xc8, 0xc8, 0xc8, 0xc8,
    0xc8, 0xc8, 0xa2, 0x0, 0xd8, 0xff, 0xff, 0xff,
    0xff, 0xff, 0xff, 0xff, 0xff, 0xff, 0xff, 0xff,
    0xd0, 0x0, 0xd8, 0xff, 0xff, 0xff, 0xff, 0xff,
    0xff, 0xff, 0xff, 0xff, 0xff, 0xff, 0xd0, 0x0,
    0xd8, 0xff, 0xff, 0xff, 0xff, 0xff, 0xff, 0xff,
    0xff, 0xff, 0xff, 0xff, 0xd0, 0x0, 0xd8, 0xff,
    0xff, 0xff, 0x34, 0x0, 0x0, 0x0, 0x0, 0x0,
    0x0, 0x0, 0x0, 0x0, 0xd8, 0xff, 0xff, 0xff,
    0x34, 0x0, 0x0, 0x0, 0x0, 0x0, 0x0, 0x0,
    0x0, 0x0, 0xd8, 0xff, 0xff, 0xff, 0x34, 0x0,
    0x0, 0x0, 0x0, 0x0, 0x0, 0x0, 0x0, 0x0,
    0xd8, 0xff, 0xff, 0xff, 0x34, 0x0, 0x0, 0x0,
    0x0, 0x0, 0x0, 0x0, 0x0, 0x0, 0xd8, 0xff,
    0xff, 0xff, 0x34, 0x0, 0x0, 0x0, 0x0, 0x0,
    0x0, 0x0, 0x0, 0x0, 0xd8, 0xff, 0xff, 0xff,
    0xd6, 0xcc, 0xcc, 0xcc, 0xcc, 0xcc, 0xcc, 0xcc,
    0xcc, 0x9f, 0xd8, 0xff, 0xff, 0xff, 0xff, 0xff,
    0xff, 0xff, 0xff, 0xff, 0xff, 0xff, 0xff, 0xc8,
    0xd8, 0xff, 0xff, 0xff, 0xff, 0xff, 0xff, 0xff,
    0xff, 0xff, 0xff, 0xff, 0xff, 0xc8, 0xd8, 0xff,
    0xff, 0xff, 0xff, 0xff, 0xff, 0xff, 0xff, 0xff,
    0xff, 0xff, 0xff, 0xc8,

    /* U+0113 "ē" */
    0x0, 0x0, 0x0, 0x0, 0xfc, 0xff, 0xff, 0xff,
    0xff, 0xff, 0xff, 0xff, 0xe8, 0x0, 0x0, 0x0,
    0x0, 0x0, 0x0, 0x0, 0xfc, 0xff, 0xff, 0xff,
    0xff, 0xff, 0xff, 0xff, 0xe8, 0x0, 0x0, 0x0,
    0x0, 0x0, 0x0, 0x0, 0xf0, 0xf4, 0xf4, 0xf4,
    0xf4, 0xf4, 0xf4, 0xf4, 0xdd, 0x0, 0x0, 0x0,
    0x0, 0x0, 0x0, 0x0, 0x0, 0x0, 0x0, 0x0,
    0x0, 0x0, 0x0, 0x0, 0x0, 0x0, 0x0, 0x0,
    0x0, 0x0, 0x0, 0x0, 0x0, 0x0, 0x0, 0x0,
    0x0, 0x0, 0x0, 0x0, 0x0, 0x0, 0x0, 0x0,
    0x0, 0x0, 0x0, 0x0, 0x0, 0x0, 0x0, 0x0,
    0x0, 0x0, 0x0, 0x0, 0x0, 0x0, 0x0, 0x0,
    0x0, 0x0, 0x0, 0x0, 0x6, 0x66, 0xba, 0xe7,
    0xfa, 0xeb, 0xc6, 0x7d, 0x14, 0x0, 0x0, 0x0,
    0x0, 0x0, 0x0, 0x35, 0xdd, 0xff, 0xff, 0xff,
    0xff, 0xff, 0xff, 0xff, 0xf3, 0x58, 0x0, 0x0,
    0x0, 0x0, 0x3d, 0xf7, 0xff, 0xff, 0xff, 0xff,
    0xff, 0xff, 0xff, 0xff, 0xff, 0xff, 0x54, 0x0,
    0x0, 0x10, 0xe9, 0xff, 0xff, 0xff, 0xa4, 0x4c,
    0x31, 0x47, 0x9f, 0xfc, 0xff, 0xff, 0xee, 0xe,
    0x0, 0x82, 0xff, 0xff, 0xff, 0x6b, 0x0, 0x0,
    0x0, 0x0, 0x0, 0x5f, 0xff, 0xff, 0xff, 0x6c,
    0x0, 0xdb, 0xff, 0xff, 0xfe, 0xc1, 0xc0, 0xc0,
    0xc0, 0xc0, 0xc0, 0xc1, 0xff, 0xff, 0xff, 0xaf,
    0xf, 0xff, 0xff, 0xff, 0xff, 0xff, 0xff, 0xff,
    0xff, 0xff, 0xff, 0xff, 0xff, 0xff, 0xff, 0xcc,
    0x22, 0xff, 0xff, 0xff, 0xff, 0xff, 0xff, 0xff,
    0xff, 0xff, 0xff, 0xff, 0xff, 0xff, 0xff, 0xd2,
    0x11, 0xff, 0xff, 0xff, 0xcf, 0x0, 0x0, 0x0,
    0x0, 0x0, 0x0, 0x0, 0x0, 0x0, 0x0, 0x0,
    0x0, 0xe1, 0xff, 0xff, 0xff, 0x30, 0x0, 0x0,
    0x0, 0x0, 0x0, 0x3, 0x7a, 0x1d, 0x0, 0x0,
    0x0, 0x8d, 0xff, 0xff, 0xff, 0xdd, 0x1e, 0x0,
    0x0, 0x0, 0x3, 0x98, 0xff, 0xf9, 0x97, 0x1d,
    0x0, 0x15, 0xf0, 0xff, 0xff, 0xff, 0xf7, 0xa0,
    0x79, 0x89, 0xda, 0xff, 0xff, 0xff, 0xfa, 0x37,
    0x0, 0x0, 0x46, 0xfa, 0xff, 0xff, 0xff, 0xff,
    0xff, 0xff, 0xff, 0xff, 0xff, 0xff, 0x6e, 0x0,
    0x0, 0x0, 0x0, 0x3c, 0xe1, 0xff, 0xff, 0xff,
    0xff, 0xff, 0xff, 0xff, 0xf6, 0x58, 0x0, 0x0,
    0x0, 0x0, 0x0, 0x0, 0x7, 0x66, 0xb7, 0xe6,
    0xfa, 0xf3, 0xce, 0x87, 0x1c, 0x0, 0x0, 0x0,

    /* U+0114 "Ĕ" */
    0x0, 0x0, 0x7, 0x80, 0x80, 0x5e, 0x0, 0x0,
    0x5d, 0x80, 0x80, 0x7, 0x0, 0x0, 0x0, 0x0,
    0x1, 0xef, 0xff, 0xf1, 0x2c, 0x29, 0xf0, 0xff,
    0xf0, 0x1, 0x0, 0x0, 0x0, 0x0, 0x0, 0x85,
    0xff, 0xff, 0xff, 0xff, 0xff, 0xff, 0x88, 0x0,
    0x0, 0x0, 0x0, 0x0, 0x0, 0x6, 0xba, 0xff,
    0xff, 0xff, 0xff, 0xbe, 0x8, 0x0, 0x0, 0x0,
    0x0, 0x0, 0x0, 0x0, 0x0, 0x58, 0x9e, 0x9f,
    0x5d, 0x1, 0x0, 0x0, 0x0, 0x0, 0x0, 0x0,
    0x0, 0x0, 0x0, 0x0, 0x0, 0x0, 0x0, 0x0,
    0x0, 0x0, 0x0, 0x0, 0xd8, 0xff, 0xff, 0xff,
    0xff, 0xff, 0xff, 0xff, 0xff, 0xff, 0xff, 0xff,
    0xff, 0xc8, 0xd8, 0xff, 0xff, 0xff, 0xff, 0xff,
    0xff, 0xff, 0xff, 0xff, 0xff, 0xff, 0xff, 0xc8,
    0xd8, 0xff, 0xff, 0xff, 0xff, 0xff, 0xff, 0xff,
    0xff, 0xff, 0xff, 0xff, 0xff, 0xc8, 0xd8, 0xff,
    0xff, 0xff, 0xd6, 0xcc, 0xcc, 0xcc, 0xcc, 0xcc,
    0xcc, 0xcc, 0xcc, 0x9f, 0xd8, 0xff, 0xff, 0xff,
    0x34, 0x0, 0x0, 0x0, 0x0, 0x0, 0x0, 0x0,
    0x0, 0x0, 0xd8, 0xff, 0xff, 0xff, 0x34, 0x0,
    0x0, 0x0, 0x0, 0x0, 0x0, 0x0, 0x0, 0x0,
    0xd8, 0xff, 0xff, 0xff, 0x34, 0x0, 0x0, 0x0,
    0x0, 0x0, 0x0, 0x0, 0x0, 0x0, 0xd8, 0xff,
    0xff, 0xff, 0x34, 0x0, 0x0, 0x0, 0x0, 0x0,
    0x0, 0x0, 0x0, 0x0, 0xd8, 0xff, 0xff, 0xff,
    0xd3, 0xc8, 0xc8, 0xc8, 0xc8, 0xc8, 0xc8, 0xc8,
    0xa2, 0x0, 0xd8, 0xff, 0xff, 0xff, 0xff, 0xff,
    0xff, 0xff, 0xff, 0xff, 0xff, 0xff, 0xd0, 0x0,
    0xd8, 0xff, 0xff, 0xff, 0xff, 0xff, 0xff, 0xff,
    0xff, 0xff, 0xff, 0xff, 0xd0, 0x0, 0xd8, 0xff,
    0xff, 0xff, 0xff, 0xff, 0xff, 0xff, 0xff, 0xff,
    0xff, 0xff, 0xd0, 0x0, 0xd8, 0xff, 0xff, 0xff,
    0x34, 0x0, 0x0, 0x0, 0x0, 0x0, 0x0, 0x0,
    0x0, 0x0, 0xd8, 0xff, 0xff, 0xff, 0x34, 0x0,
    0x0, 0x0, 0x0, 0x0, 0x0, 0x0, 0x0, 0x0,
    0xd8, 0xff, 0xff, 0xff, 0x34, 0x0, 0x0, 0x0,
    0x0, 0x0, 0x0, 0x0, 0x0, 0x0, 0xd8, 0xff,
    0xff, 0xff, 0x34, 0x0, 0x0, 0x0, 0x0, 0x0,
    0x0, 0x0, 0x0, 0x0, 0xd8, 0xff, 0xff, 0xff,
    0x34, 0x0, 0x0, 0x0, 0x0, 0x0, 0x0, 0x0,
    0x0, 0x0, 0xd8, 0xff, 0xff, 0xff, 0xd6, 0xcc,
    0xcc, 0xcc, 0xcc, 0xcc, 0xcc, 0xcc, 0xcc, 0x9f,
    0xd8, 0xff, 0xff, 0xff, 0xff, 0xff, 0xff, 0xff,
    0xff, 0xff, 0xff, 0xff, 0xff, 0xc8, 0xd8, 0xff,
    0xff, 0xff, 0xff, 0xff, 0xff, 0xff, 0xff, 0xff,
    0xff, 0xff, 0xff, 0xc8, 0xd8, 0xff, 0xff, 0xff,
    0xff, 0xff, 0xff, 0xff, 0xff, 0xff, 0xff, 0xff,
    0xff, 0xc8,

    /* U+0115 "ĕ" */
    0x0, 0x0, 0x0, 0x0, 0x98, 0xff, 0xff, 0x69,
    0x8, 0x83, 0xff, 0xff, 0x73, 0x0, 0x0, 0x0,
    0x0, 0x0, 0x0, 0x0, 0x41, 0xfe, 0xff, 0xff,
    0xff, 0xff, 0xff, 0xf7, 0x25, 0x0, 0x0, 0x0,
    0x0, 0x0, 0x0, 0x0, 0x0, 0x78, 0xfc, 0xff,
    0xff, 0xff, 0xf8, 0x5c, 0x0, 0x0, 0x0, 0x0,
    0x0, 0x0, 0x0, 0x0, 0x0, 0x0, 0x2e, 0x8d,
    0xa6, 0x88, 0x23, 0x0, 0x0, 0x0, 0x0, 0x0,
    0x0, 0x0, 0x0, 0x0, 0x0, 0x0, 0x0, 0x0,
    0x0, 0x0, 0x0, 0x0, 0x0, 0x0, 0x0, 0x0,
    0x0, 0x0, 0x0, 0x0, 0x0, 0x0, 0x0, 0x0,
    0x0, 0x0, 0x0, 0x0, 0x0, 0x0, 0x0, 0x0,
    0x0, 0x0, 0x0, 0x0, 0x6, 0x66, 0xba, 0xe7,
    0xfa, 0xeb, 0xc6, 0x7d, 0x14, 0x0, 0x0, 0x0,
    0x0, 0x0, 0x0, 0x35, 0xdd, 0xff, 0xff, 0xff,
    0xff, 0xff, 0xff, 0xff, 0xf3, 0x58, 0x0, 0x0,
    0x0, 0x0, 0x3d, 0xf7, 0xff, 0xff, 0xff, 0xff,
    0xff, 0xff, 0xff, 0xff, 0xff, 0xff, 0x54, 0x0,
    0x0, 0x10, 0xe9, 0xff, 0xff, 0xff, 0xa4, 0x4c,
    0x31, 0x47, 0x9f, 0xfc, 0xff, 0xff, 0xee, 0xe,
    0x0, 0x82, 0xff, 0xff, 0xff, 0x6b, 0x0, 0x0,
    0x0, 0x0, 0x0, 0x5f, 0xff, 0xff, 0xff, 0x6c,
    0x0, 0xdb, 0xff, 0xff, 0xfe, 0xc1, 0xc0, 0xc0,
    0xc0, 0xc0, 0xc0, 0xc1, 0xff, 0xff, 0xff, 0xaf,
    0xf, 0xff, 0xff, 0xff, 0xff, 0xff, 0xff, 0xff,
    0xff, 0xff, 0xff, 0xff, 0xff, 0xff, 0xff, 0xcc,
    0x22, 0xff, 0xff, 0xff, 0xff, 0xff, 0xff, 0xff,
    0xff, 0xff, 0xff, 0xff, 0xff, 0xff, 0xff, 0xd2,
    0x11, 0xff, 0xff, 0xff, 0xcf, 0x0, 0x0, 0x0,
    0x0, 0x0, 0x0, 0x0, 0x0, 0x0, 0x0, 0x0,
    0x0, 0xe1, 0xff, 0xff, 0xff, 0x30, 0x0, 0x0,
    0x0, 0x0, 0x0, 0x3, 0x7a, 0x1d, 0x0, 0x0,
    0x0, 0x8d, 0xff, 0xff, 0xff, 0xdd, 0x1e, 0x0,
    0x0, 0x0, 0x3, 0x98, 0xff, 0xf9, 0x97, 0x1d,
    0x0, 0x15, 0xf0, 0xff, 0xff, 0xff, 0xf7, 0xa0,
    0x79, 0x89, 0xda, 0xff, 0xff, 0xff, 0xfa, 0x37,
    0x0, 0x0, 0x46, 0xfa, 0xff, 0xff, 0xff, 0xff,
    0xff, 0xff, 0xff, 0xff, 0xff, 0xff, 0x6e, 0x0,
    0x0, 0x0, 0x0, 0x3c, 0xe1, 0xff, 0xff, 0xff,
    0xff, 0xff, 0xff, 0xff, 0xf6, 0x58, 0x0, 0x0,
    0x0, 0x0, 0x0, 0x0, 0x7, 0x66, 0xb7, 0xe6,
    0xfa, 0xf3, 0xce, 0x87, 0x1c, 0x0, 0x0, 0x0,

    /* U+0116 "Ė" */
    0x0, 0x0, 0x0, 0x0, 0x0, 0x0, 0x18, 0x1b,
    0x0, 0x0, 0x0, 0x0, 0x0, 0x0, 0x0, 0x0,
    0x0, 0x0, 0x0, 0x75, 0xfd, 0xff, 0x80, 0x0,
    0x0, 0x0, 0x0, 0x0, 0x0, 0x0, 0x0, 0x0,
    0x7, 0xfa, 0xff, 0xff, 0xfd, 0xd, 0x0, 0x0,
    0x0, 0x0, 0x0, 0x0, 0x0, 0x0, 0x3, 0xf1,
    0xff, 0xff, 0xf5, 0x7, 0x0, 0x0, 0x0, 0x0,
    0x0, 0x0, 0x0, 0x0, 0x0, 0x4f, 0xe3, 0xe7,
    0x57, 0x0, 0x0, 0x0, 0x0, 0x0, 0x0, 0x0,
    0x0, 0x0, 0x0, 0x0, 0x0, 0x0, 0x0, 0x0,
    0x0, 0x0, 0x0, 0x0, 0x0, 0x0, 0x0, 0x0,
    0x0, 0x0, 0x0, 0x0, 0x0, 0x0, 0x0, 0x0,
    0x0, 0x0, 0xd8, 0xff, 0xff, 0xff, 0xff, 0xff,
    0xff, 0xff, 0xff, 0xff, 0xff, 0xff, 0xff, 0xc8,
    0xd8, 0xff, 0xff, 0xff, 0xff, 0xff, 0xff, 0xff,
    0xff, 0xff, 0xff, 0xff, 0xff, 0xc8, 0xd8, 0xff,
    0xff, 0xff, 0xff, 0xff, 0xff, 0xff, 0xff, 0xff,
    0xff, 0xff, 0xff, 0xc8, 0xd8, 0xff, 0xff, 0xff,
    0xd6, 0xcc, 0xcc, 0xcc, 0xcc, 0xcc, 0xcc, 0xcc,
    0xcc, 0x9f, 0xd8, 0xff, 0xff, 0xff, 0x34, 0x0,
    0x0, 0x0, 0x0, 0x0, 0x0, 0x0, 0x0, 0x0,
    0xd8, 0xff, 0xff, 0xff, 0x34, 0x0, 0x0, 0x0,
    0x0, 0x0, 0x0, 0x0, 0x0, 0x0, 0xd8, 0xff,
    0xff, 0xff, 0x34, 0x0, 0x0, 0x0, 0x0, 0x0,
    0x0, 0x0, 0x0, 0x0, 0xd8, 0xff, 0xff, 0xff,
    0x34, 0x0, 0x0, 0x0, 0x0, 0x0, 0x0, 0x0,
    0x0, 0x0, 0xd8, 0xff, 0xff, 0xff, 0xd3, 0xc8,
    0xc8, 0xc8, 0xc8, 0xc8, 0xc8, 0xc8, 0xa2, 0x0,
    0xd8, 0xff, 0xff, 0xff, 0xff, 0xff, 0xff, 0xff,
    0xff, 0xff, 0xff, 0xff, 0xd0, 0x0, 0xd8, 0xff,
    0xff, 0xff, 0xff, 0xff, 0xff, 0xff, 0xff, 0xff,
    0xff, 0xff, 0xd0, 0x0, 0xd8, 0xff, 0xff, 0xff,
    0xff, 0xff, 0xff, 0xff, 0xff, 0xff, 0xff, 0xff,
    0xd0, 0x0, 0xd8, 0xff, 0xff, 0xff, 0x34, 0x0,
    0x0, 0x0, 0x0, 0x0, 0x0, 0x0, 0x0, 0x0,
    0xd8, 0xff, 0xff, 0xff, 0x34, 0x0, 0x0, 0x0,
    0x0, 0x0, 0x0, 0x0, 0x0, 0x0, 0xd8, 0xff,
    0xff, 0xff, 0x34, 0x0, 0x0, 0x0, 0x0, 0x0,
    0x0, 0x0, 0x0, 0x0, 0xd8, 0xff, 0xff, 0xff,
    0x34, 0x0, 0x0, 0x0, 0x0, 0x0, 0x0, 0x0,
    0x0, 0x0, 0xd8, 0xff, 0xff, 0xff, 0x34, 0x0,
    0x0, 0x0, 0x0, 0x0, 0x0, 0x0, 0x0, 0x0,
    0xd8, 0xff, 0xff, 0xff, 0xd6, 0xcc, 0xcc, 0xcc,
    0xcc, 0xcc, 0xcc, 0xcc, 0xcc, 0x9f, 0xd8, 0xff,
    0xff, 0xff, 0xff, 0xff, 0xff, 0xff, 0xff, 0xff,
    0xff, 0xff, 0xff, 0xc8, 0xd8, 0xff, 0xff, 0xff,
    0xff, 0xff, 0xff, 0xff, 0xff, 0xff, 0xff, 0xff,
    0xff, 0xc8, 0xd8, 0xff, 0xff, 0xff, 0xff, 0xff,
    0xff, 0xff, 0xff, 0xff, 0xff, 0xff, 0xff, 0xc8,

    /* U+0117 "ė" */
    0x0, 0x0, 0x0, 0x0, 0x0, 0x0, 0x1a, 0xbd,
    0xf3, 0xb2, 0xf, 0x0, 0x0, 0x0, 0x0, 0x0,
    0x0, 0x0, 0x0, 0x0, 0x0, 0x0, 0xa2, 0xff,
    0xff, 0xff, 0x86, 0x0, 0x0, 0x0, 0x0, 0x0,
    0x0, 0x0, 0x0, 0x0, 0x0, 0x0, 0xc1, 0xff,
    0xff, 0xff, 0xa5, 0x0, 0x0, 0x0, 0x0, 0x0,
    0x0, 0x0, 0x0, 0x0, 0x0, 0x0, 0x60, 0xff,
    0xff, 0xfd, 0x49, 0x0, 0x0, 0x0, 0x0, 0x0,
    0x0, 0x0, 0x0, 0x0, 0x0, 0x0, 0x0, 0x40,
    0x77, 0x37, 0x0, 0x0, 0x0, 0x0, 0x0, 0x0,
    0x0, 0x0, 0x0, 0x0, 0x0, 0x0, 0x0, 0x0,
    0x0, 0x0, 0x0, 0x0, 0x0, 0x0, 0x0, 0x0,
    0x0, 0x0, 0x0, 0x0, 0x6, 0x66, 0xba, 0xe7,
    0xfa, 0xeb, 0xc6, 0x7d, 0x14, 0x0, 0x0, 0x0,
    0x0, 0x0, 0x0, 0x35, 0xdd, 0xff, 0xff, 0xff,
    0xff, 0xff, 0xff, 0xff, 0xf3, 0x58, 0x0, 0x0,
    0x0, 0x0, 0x3d, 0xf7, 0xff, 0xff, 0xff, 0xff,
    0xff, 0xff, 0xff, 0xff, 0xff, 0xff, 0x54, 0x0,
    0x0, 0x10, 0xe9, 0xff, 0xff, 0xff, 0xa4, 0x4c,
    0x31, 0x47, 0x9f, 0xfc, 0xff, 0xff, 0xee, 0xe,
    0x0, 0x82, 0xff, 0xff, 0xff, 0x6b, 0x0, 0x0,
    0x0, 0x0, 0x0, 0x5f, 0xff, 0xff, 0xff, 0x6c,
    0x0, 0xdb, 0xff, 0xff, 0xfe, 0xc1, 0xc0, 0xc0,
    0xc0, 0xc0, 0xc0, 0xc1, 0xff, 0xff, 0xff, 0xaf,
    0xf, 0xff, 0xff, 0xff, 0xff, 0xff, 0xff, 0xff,
    0xff, 0xff, 0xff, 0xff, 0xff, 0xff, 0xff, 0xcc,
    0x22, 0xff, 0xff, 0xff, 0xff, 0xff, 0xff, 0xff,
    0xff, 0xff, 0xff, 0xff, 0xff, 0xff, 0xff, 0xd2,
    0x11, 0xff, 0xff, 0xff, 0xcf, 0x0, 0x0, 0x0,
    0x0, 0x0, 0x0, 0x0, 0x0, 0x0, 0x0, 0x0,
    0x0, 0xe1, 0xff, 0xff, 0xff, 0x30, 0x0, 0x0,
    0x0, 0x0, 0x0, 0x3, 0x7a, 0x1d, 0x0, 0x0,
    0x0, 0x8d, 0xff, 0xff, 0xff, 0xdd, 0x1e, 0x0,
    0x0, 0x0, 0x3, 0x98, 0xff, 0xf9, 0x97, 0x1d,
    0x0, 0x15, 0xf0, 0xff, 0xff, 0xff, 0xf7, 0xa0,
    0x79, 0x89, 0xda, 0xff, 0xff, 0xff, 0xfa, 0x37,
    0x0, 0x0, 0x46, 0xfa, 0xff, 0xff, 0xff, 0xff,
    0xff, 0xff, 0xff, 0xff, 0xff, 0xff, 0x6e, 0x0,
    0x0, 0x0, 0x0, 0x3c, 0xe1, 0xff, 0xff, 0xff,
    0xff, 0xff, 0xff, 0xff, 0xf6, 0x58, 0x0, 0x0,
    0x0, 0x0, 0x0, 0x0, 0x7, 0x66, 0xb7, 0xe6,
    0xfa, 0xf3, 0xce, 0x87, 0x1c, 0x0, 0x0, 0x0,

    /* U+0118 "Ę" */
    0xd8, 0xff, 0xff, 0xff, 0xff, 0xff, 0xff, 0xff,
    0xff, 0xff, 0xff, 0xff, 0xff, 0xc8, 0x0, 0xd8,
    0xff, 0xff, 0xff, 0xff, 0xff, 0xff, 0xff, 0xff,
    0xff, 0xff, 0xff, 0xff, 0xc8, 0x0, 0xd8, 0xff,
    0xff, 0xff, 0xff, 0xff, 0xff, 0xff, 0xff, 0xff,
    0xff, 0xff, 0xff, 0xc8, 0x0, 0xd8, 0xff, 0xff,
    0xff, 0xd6, 0xcc, 0xcc, 0xcc, 0xcc, 0xcc, 0xcc,
    0xcc, 0xcc, 0x9f, 0x0, 0xd8, 0xff, 0xff, 0xff,
    0x34, 0x0, 0x0, 0x0, 0x0, 0x0, 0x0, 0x0,
    0x0, 0x0, 0x0, 0xd8, 0xff, 0xff, 0xff, 0x34,
    0x0, 0x0, 0x0, 0x0, 0x0, 0x0, 0x0, 0x0,
    0x0, 0x0, 0xd8, 0xff, 0xff, 0xff, 0x34, 0x0,
    0x0, 0x0, 0x0, 0x0, 0x0, 0x0, 0x0, 0x0,
    0x0, 0xd8, 0xff, 0xff, 0xff, 0x34, 0x0, 0x0,
    0x0, 0x0, 0x0, 0x0, 0x0, 0x0, 0x0, 0x0,
    0xd8, 0xff, 0xff, 0xff, 0xff, 0xff, 0xff, 0xff,
    0xff, 0xff, 0xff, 0xff, 0xd0, 0x0, 0x0, 0xd8,
    0xff, 0xff, 0xff, 0xff, 0xff, 0xff, 0xff, 0xff,
    0xff, 0xff, 0xff, 0xd0, 0x0, 0x0, 0xd8, 0xff,
    0xff, 0xff, 0xff, 0xff, 0xff, 0xff, 0xff, 0xff,
    0xff, 0xff, 0xd0, 0x0, 0x0, 0xd8, 0xff, 0xff,
    0xff, 0xd3, 0xc8, 0xc8, 0xc8, 0xc8, 0xc8, 0xc8,
    0xc8, 0xa2, 0x0, 0x0, 0xd8, 0xff, 0xff, 0xff,
    0x34, 0x0, 0x0, 0x0, 0x0, 0x0, 0x0, 0x0,
    0x0, 0x0, 0x0, 0xd8, 0xff, 0xff, 0xff, 0x34,
    0x0, 0x0, 0x0, 0x0, 0x0, 0x0, 0x0, 0x0,
    0x0, 0x0, 0xd8, 0xff, 0xff, 0xff, 0x34, 0x0,
    0x0, 0x0, 0x0, 0x0, 0x0, 0x0, 0x0, 0x0,
    0x0, 0xd8, 0xff, 0xff, 0xff, 0x34, 0x0, 0x0,
    0x0, 0x0, 0x0, 0x0, 0x0, 0x0, 0x0, 0x0,
    0xd8, 0xff, 0xff, 0xff, 0x34, 0x0, 0x0, 0x0,
    0x0, 0x0, 0x0, 0x0, 0x0, 0x0, 0x0, 0xd8,
    0xff, 0xff, 0xff, 0xd6, 0xcc, 0xcc, 0xcc, 0xcc,
    0xcc, 0xcc, 0xcc, 0xcc, 0x9f, 0x0, 0xd8, 0xff,
    0xff, 0xff, 0xff, 0xff, 0xff, 0xff, 0xff, 0xff,
    0xff, 0xff, 0xff, 0xc8, 0x0, 0xd8, 0xff, 0xff,
    0xff, 0xff, 0xff, 0xff, 0xff, 0xff, 0xff, 0xff,
    0xff, 0xff, 0xc8, 0x0, 0xd8, 0xff, 0xff, 0xff,
    0xff, 0xff, 0xff, 0xff, 0xff, 0xff, 0xff, 0xff,
    0xff, 0xc8, 0x0, 0x0, 0x0, 0x0, 0x0, 0x0,
    0x0, 0x0, 0x0, 0x0, 0x5d, 0xf9, 0xff, 0xd2,
    0x30, 0x0, 0x0, 0x0, 0x0, 0x0, 0x0, 0x0,
    0x0, 0x0, 0x31, 0xfd, 0xff, 0xe5, 0xf, 0x0,
    0x0, 0x0, 0x0, 0x0, 0x0, 0x0, 0x0, 0x0,
    0x0, 0x8b, 0xff, 0xff, 0xd1, 0x2, 0x0, 0x0,
    0x0, 0x0, 0x0, 0x0, 0x0, 0x0, 0x0, 0x0,
    0x8c, 0xff, 0xff, 0xff, 0xe5, 0xbb, 0x0, 0x0,
    0x0, 0x0, 0x0, 0x0, 0x0, 0x0, 0x0, 0x2b,
    0xf6, 0xff, 0xff, 0xff, 0xff, 0x36, 0x0, 0x0,
    0x0, 0x0, 0x0, 0x0, 0x0, 0x0, 0x0, 0x2f,
    0xaf, 0xe6, 0xf8, 0xda, 0x53,

    /* U+0119 "ę" */
    0x0, 0x0, 0x0, 0x0, 0x6, 0x66, 0xba, 0xe7,
    0xfa, 0xeb, 0xc6, 0x7d, 0x14, 0x0, 0x0, 0x0,
    0x0, 0x0, 0x0, 0x34, 0xdd, 0xff, 0xff, 0xff,
    0xff, 0xff, 0xff, 0xff, 0xf3, 0x58, 0x0, 0x0,
    0x0, 0x0, 0x3a, 0xf6, 0xff, 0xff, 0xff, 0xff,
    0xff, 0xff, 0xff, 0xff, 0xff, 0xff, 0x54, 0x0,
    0x0, 0xf, 0xe8, 0xff, 0xff, 0xff, 0xa4, 0x4c,
    0x31, 0x47, 0x9f, 0xfc, 0xff, 0xff, 0xee, 0xe,
    0x0, 0x81, 0xff, 0xff, 0xff, 0x6b, 0x0, 0x0,
    0x0, 0x0, 0x0, 0x5f, 0xff, 0xff, 0xff, 0x6c,
    0x0, 0xda, 0xff, 0xff, 0xfe, 0xc1, 0xc0, 0xc0,
    0xc0, 0xc0, 0xc0, 0xc1, 0xff, 0xff, 0xff, 0xaf,
    0xf, 0xff, 0xff, 0xff, 0xff, 0xff, 0xff, 0xff,
    0xff, 0xff, 0xff, 0xff, 0xff, 0xff, 0xff, 0xcc,
    0x22, 0xff, 0xff, 0xff, 0xff, 0xff, 0xff, 0xff,
    0xff, 0xff, 0xff, 0xff, 0xff, 0xff, 0xff, 0xd2,
    0x11, 0xff, 0xff, 0xff, 0xcf, 0x0, 0x0, 0x0,
    0x0, 0x0, 0x0, 0x0, 0x0, 0x0, 0x0, 0x0,
    0x0, 0xe3, 0xff, 0xff, 0xff, 0x30, 0x0, 0x0,
    0x0, 0x0, 0x0, 0x3, 0x7b, 0x1f, 0x0, 0x0,
    0x0, 0x91, 0xff, 0xff, 0xff, 0xdd, 0x1e, 0x0,
    0x0, 0x0, 0x3, 0x98, 0xff, 0xfb, 0x9f, 0x23,
    0x0, 0x1a, 0xf3, 0xff, 0xff, 0xff, 0xf7, 0xa0,
    0x79, 0x89, 0xda, 0xff, 0xff, 0xff, 0xf8, 0x30,
    0x0, 0x0, 0x52, 0xfd, 0xff, 0xff, 0xff, 0xff,
    0xff, 0xff, 0xff, 0xff, 0xff, 0xfb, 0x5b, 0x0,
    0x0, 0x0, 0x0, 0x48, 0xe9, 0xff, 0xff, 0xff,
    0xff, 0xff, 0xff, 0xff, 0xf3, 0x4c, 0x0, 0x0,
    0x0, 0x0, 0x0, 0x0, 0xb, 0x70, 0xbe, 0xea,
    0xfd, 0xff, 0xff, 0xe2, 0x2b, 0x0, 0x0, 0x0,
    0x0, 0x0, 0x0, 0x0, 0x0, 0x0, 0x0, 0x1d,
    0xe0, 0xff, 0xe9, 0x1f, 0x0, 0x0, 0x0, 0x0,
    0x0, 0x0, 0x0, 0x0, 0x0, 0x0, 0x0, 0xbd,
    0xff, 0xff, 0x5a, 0x0, 0x0, 0x0, 0x0, 0x0,
    0x0, 0x0, 0x0, 0x0, 0x0, 0x0, 0x17, 0xff,
    0xff, 0xff, 0x5a, 0x0, 0x0, 0x0, 0x0, 0x0,
    0x0, 0x0, 0x0, 0x0, 0x0, 0x0, 0x14, 0xfe,
    0xff, 0xff, 0xfa, 0xdc, 0x44, 0x0, 0x0, 0x0,
    0x0, 0x0, 0x0, 0x0, 0x0, 0x0, 0x0, 0xa2,
    0xff, 0xff, 0xff, 0xff, 0xac, 0x0, 0x0, 0x0,
    0x0, 0x0, 0x0, 0x0, 0x0, 0x0, 0x0, 0x6,
    0x73, 0xd4, 0xf6, 0xed, 0xae, 0x2, 0x0, 0x0,

    /* U+011A "Ě" */
    0x0, 0x3, 0x73, 0x80, 0x80, 0x65, 0x0, 0x0,
    0x6c, 0x80, 0x80, 0x7b, 0x6, 0x0, 0x0, 0x0,
    0x43, 0xf9, 0xff, 0xff, 0x65, 0x73, 0xff, 0xff,
    0xfc, 0x58, 0x0, 0x0, 0x0, 0x0, 0x0, 0x53,
    0xfd, 0xff, 0xff, 0xff, 0xff, 0xfd, 0x5e, 0x0,
    0x0, 0x0, 0x0, 0x0, 0x0, 0x0, 0x66, 0xff,
    0xff, 0xff, 0xfe, 0x64, 0x0, 0x0, 0x0, 0x0,
    0x0, 0x0, 0x0, 0x0, 0x0, 0x2e, 0x38, 0x38,
    0x2c, 0x0, 0x0, 0x0, 0x0, 0x0, 0x0, 0x0,
    0x0, 0x0, 0x0, 0x0, 0x0, 0x0, 0x0, 0x0,
    0x0, 0x0, 0x0, 0x0, 0xd8, 0xff, 0xff, 0xff,
    0xff, 0xff, 0xff, 0xff, 0xff, 0xff, 0xff, 0xff,
    0xff, 0xc8, 0xd8, 0xff, 0xff, 0xff, 0xff, 0xff,
    0xff, 0xff, 0xff, 0xff, 0xff, 0xff, 0xff, 0xc8,
    0xd8, 0xff, 0xff, 0xff, 0xff, 0xff, 0xff, 0xff,
    0xff, 0xff, 0xff, 0xff, 0xff, 0xc8, 0xd8, 0xff,
    0xff, 0xff, 0xd6, 0xcc, 0xcc, 0xcc, 0xcc, 0xcc,
    0xcc, 0xcc, 0xcc, 0x9f, 0xd8, 0xff, 0xff, 0xff,
    0x34, 0x0, 0x0, 0x0, 0x0, 0x0, 0x0, 0x0,
    0x0, 0x0, 0xd8, 0xff, 0xff, 0xff, 0x34, 0x0,
    0x0, 0x0, 0x0, 0x0, 0x0, 0x0, 0x0, 0x0,
    0xd8, 0xff, 0xff, 0xff, 0x34, 0x0, 0x0, 0x0,
    0x0, 0x0, 0x0, 0x0, 0x0, 0x0, 0xd8, 0xff,
    0xff, 0xff, 0x34, 0x0, 0x0, 0x0, 0x0, 0x0,
    0x0, 0x0, 0x0, 0x0, 0xd8, 0xff, 0xff, 0xff,
    0xd3, 0xc8, 0xc8, 0xc8, 0xc8, 0xc8, 0xc8, 0xc8,
    0xa2, 0x0, 0xd8, 0xff, 0xff, 0xff, 0xff, 0xff,
    0xff, 0xff, 0xff, 0xff, 0xff, 0xff, 0xd0, 0x0,
    0xd8, 0xff, 0xff, 0xff, 0xff, 0xff, 0xff, 0xff,
    0xff, 0xff, 0xff, 0xff, 0xd0, 0x0, 0xd8, 0xff,
    0xff, 0xff, 0xff, 0xff, 0xff, 0xff, 0xff, 0xff,
    0xff, 0xff, 0xd0, 0x0, 0xd8, 0xff, 0xff, 0xff,
    0x34, 0x0, 0x0, 0x0, 0x0, 0x0, 0x0, 0x0,
    0x0, 0x0, 0xd8, 0xff, 0xff, 0xff, 0x34, 0x0,
    0x0, 0x0, 0x0, 0x0, 0x0, 0x0, 0x0, 0x0,
    0xd8, 0xff, 0xff, 0xff, 0x34, 0x0, 0x0, 0x0,
    0x0, 0x0, 0x0, 0x0, 0x0, 0x0, 0xd8, 0xff,
    0xff, 0xff, 0x34, 0x0, 0x0, 0x0, 0x0, 0x0,
    0x0, 0x0, 0x0, 0x0, 0xd8, 0xff, 0xff, 0xff,
    0x34, 0x0, 0x0, 0x0, 0x0, 0x0, 0x0, 0x0,
    0x0, 0x0, 0xd8, 0xff, 0xff, 0xff, 0xd6, 0xcc,
    0xcc, 0xcc, 0xcc, 0xcc, 0xcc, 0xcc, 0xcc, 0x9f,
    0xd8, 0xff, 0xff, 0xff, 0xff, 0xff, 0xff, 0xff,
    0xff, 0xff, 0xff, 0xff, 0xff, 0xc8, 0xd8, 0xff,
    0xff, 0xff, 0xff, 0xff, 0xff, 0xff, 0xff, 0xff,
    0xff, 0xff, 0xff, 0xc8, 0xd8, 0xff, 0xff, 0xff,
    0xff, 0xff, 0xff, 0xff, 0xff, 0xff, 0xff, 0xff,
    0xff, 0xc8,

    /* U+011B "ě" */
    0x0, 0x0, 0x0, 0x4c, 0xf7, 0xff, 0xff, 0x8b,
    0x1b, 0xc9, 0xff, 0xff, 0xe9, 0x2f, 0x0, 0x0,
    0x0, 0x0, 0x0, 0x0, 0x40, 0xf3, 0xff, 0xff,
    0xff, 0xff, 0xff, 0xda, 0x22, 0x0, 0x0, 0x0,
    0x0, 0x0, 0x0, 0x0, 0x0, 0x36, 0xed, 0xff,
    0xff, 0xff, 0xc7, 0x14, 0x0, 0x0, 0x0, 0x0,
    0x0, 0x0, 0x0, 0x0, 0x0, 0x0, 0x1b, 0x38,
    0x38, 0x38, 0x9, 0x0, 0x0, 0x0, 0x0, 0x0,
    0x0, 0x0, 0x0, 0x0, 0x0, 0x0, 0x0, 0x0,
    0x0, 0x0, 0x0, 0x0, 0x0, 0x0, 0x0, 0x0,
    0x0, 0x0, 0x0, 0x0, 0x0, 0x0, 0x0, 0x0,
    0x0, 0x0, 0x0, 0x0, 0x0, 0x0, 0x0, 0x0,
    0x0, 0x0, 0x0, 0x0, 0x6, 0x66, 0xba, 0xe7,
    0xfa, 0xeb, 0xc6, 0x7d, 0x14, 0x0, 0x0, 0x0,
    0x0, 0x0, 0x0, 0x35, 0xdd, 0xff, 0xff, 0xff,
    0xff, 0xff, 0xff, 0xff, 0xf3, 0x58, 0x0, 0x0,
    0x0, 0x0, 0x3d, 0xf7, 0xff, 0xff, 0xff, 0xff,
    0xff, 0xff, 0xff, 0xff, 0xff, 0xff, 0x54, 0x0,
    0x0, 0x10, 0xe9, 0xff, 0xff, 0xff, 0xa4, 0x4c,
    0x31, 0x47, 0x9f, 0xfc, 0xff, 0xff, 0xee, 0xe,
    0x0, 0x82, 0xff, 0xff, 0xff, 0x6b, 0x0, 0x0,
    0x0, 0x0, 0x0, 0x5f, 0xff, 0xff, 0xff, 0x6c,
    0x0, 0xdb, 0xff, 0xff, 0xfe, 0xc1, 0xc0, 0xc0,
    0xc0, 0xc0, 0xc0, 0xc1, 0xff, 0xff, 0xff, 0xaf,
    0xf, 0xff, 0xff, 0xff, 0xff, 0xff, 0xff, 0xff,
    0xff, 0xff, 0xff, 0xff, 0xff, 0xff, 0xff, 0xcc,
    0x22, 0xff, 0xff, 0xff, 0xff, 0xff, 0xff, 0xff,
    0xff, 0xff, 0xff, 0xff, 0xff, 0xff, 0xff, 0xd2,
    0x11, 0xff, 0xff, 0xff, 0xcf, 0x0, 0x0, 0x0,
    0x0, 0x0, 0x0, 0x0, 0x0, 0x0, 0x0, 0x0,
    0x0, 0xe1, 0xff, 0xff, 0xff, 0x30, 0x0, 0x0,
    0x0, 0x0, 0x0, 0x3, 0x7a, 0x1d, 0x0, 0x0,
    0x0, 0x8d, 0xff, 0xff, 0xff, 0xdd, 0x1e, 0x0,
    0x0, 0x0, 0x3, 0x98, 0xff, 0xf9, 0x97, 0x1d,
    0x0, 0x15, 0xf0, 0xff, 0xff, 0xff, 0xf7, 0xa0,
    0x79, 0x89, 0xda, 0xff, 0xff, 0xff, 0xfa, 0x37,
    0x0, 0x0, 0x46, 0xfa, 0xff, 0xff, 0xff, 0xff,
    0xff, 0xff, 0xff, 0xff, 0xff, 0xff, 0x6e, 0x0,
    0x0, 0x0, 0x0, 0x3c, 0xe1, 0xff, 0xff, 0xff,
    0xff, 0xff, 0xff, 0xff, 0xf6, 0x58, 0x0, 0x0,
    0x0, 0x0, 0x0, 0x0, 0x7, 0x66, 0xb7, 0xe6,
    0xfa, 0xf3, 0xce, 0x87, 0x1c, 0x0, 0x0, 0x0,

    /* U+011C "Ĝ" */
    0x0, 0x0, 0x0, 0x0, 0x0, 0x0, 0x0, 0x0,
    0x0, 0x17, 0x3c, 0x3c, 0x3c, 0xc, 0x0, 0x0,
    0x0, 0x0, 0x0, 0x0, 0x0, 0x0, 0x0, 0x0,
    0x0, 0x0, 0x0, 0x0, 0x0, 0x0, 0x0, 0xc,
    0xd4, 0xff, 0xff, 0xff, 0xab, 0x0, 0x0, 0x0,
    0x0, 0x0, 0x0, 0x0, 0x0, 0x0, 0x0, 0x0,
    0x0, 0x0, 0x0, 0x0, 0x0, 0x0, 0xab, 0xff,
    0xff, 0xff, 0xff, 0xff, 0x6b, 0x0, 0x0, 0x0,
    0x0, 0x0, 0x0, 0x0, 0x0, 0x0, 0x0, 0x0,
    0x0, 0x0, 0x0, 0x0, 0x77, 0xff, 0xff, 0xed,
    0x37, 0xfd, 0xff, 0xf8, 0x31, 0x0, 0x0, 0x0,
    0x0, 0x0, 0x0, 0x0, 0x0, 0x0, 0x0, 0x0,
    0x0, 0x0, 0x45, 0xfc, 0xff, 0xff, 0x79, 0x0,
    0xa3, 0xff, 0xff, 0xdb, 0xe, 0x0, 0x0, 0x0,
    0x0, 0x0, 0x0, 0x0, 0x0, 0x0, 0x0, 0x0,
    0x0, 0x3d, 0x58, 0x58, 0x58, 0xb, 0x0, 0x19,
    0x58, 0x58, 0x58, 0x24, 0x0, 0x0, 0x0, 0x0,
    0x0, 0x0, 0x0, 0x0, 0x0, 0x0, 0x0, 0x0,
    0x0, 0x0, 0x0, 0x0, 0x0, 0x0, 0x0, 0x0,
    0x0, 0x0, 0x0, 0x0, 0x0, 0x0, 0x0, 0x0,
    0x0, 0x0, 0x0, 0x0, 0x0, 0x0, 0x0, 0xa,
    0x58, 0x9e, 0xd4, 0xeb, 0xfa, 0xe7, 0xcf, 0x97,
    0x48, 0x5, 0x0, 0x0, 0x0, 0x0, 0x0, 0x0,
    0x0, 0x0, 0x0, 0x0, 0x6, 0x78, 0xea, 0xff,
    0xff, 0xff, 0xff, 0xff, 0xff, 0xff, 0xff, 0xff,
    0xda, 0x52, 0x0, 0x0, 0x0, 0x0, 0x0, 0x0,
    0x0, 0x0, 0x20, 0xcb, 0xff, 0xff, 0xff, 0xff,
    0xff, 0xff, 0xff, 0xff, 0xff, 0xff, 0xff, 0xff,
    0xff, 0x9e, 0x5, 0x0, 0x0, 0x0, 0x0, 0x0,
    0x1f, 0xe6, 0xff, 0xff, 0xff, 0xff, 0xff, 0xfc,
    0xe0, 0xd1, 0xe0, 0xfa, 0xff, 0xff, 0xff, 0xff,
    0xfe, 0x53, 0x0, 0x0, 0x0, 0x0, 0xa, 0xd7,
    0xff, 0xff, 0xff, 0xff, 0xce, 0x5a, 0xf, 0x0,
    0x0, 0x0, 0xb, 0x4f, 0xc4, 0xff, 0xf3, 0x4f,
    0x0, 0x0, 0x0, 0x0, 0x0, 0x85, 0xff, 0xff,
    0xff, 0xff, 0x82, 0x3, 0x0, 0x0, 0x0, 0x0,
    0x0, 0x0, 0x0, 0x0, 0x68, 0x2d, 0x0, 0x0,
    0x0, 0x0, 0x0, 0x14, 0xf8, 0xff, 0xff, 0xff,
    0x87, 0x0, 0x0, 0x0, 0x0, 0x0, 0x0, 0x0,
    0x0, 0x0, 0x0, 0x0, 0x0, 0x0, 0x0, 0x0,
    0x0, 0x0, 0x65, 0xff, 0xff, 0xff, 0xdb, 0x6,
    0x0, 0x0, 0x0, 0x0, 0x0, 0x0, 0x0, 0x0,
    0x0, 0x0, 0x0, 0x0, 0x0, 0x0, 0x0, 0x0,
    0x0, 0xac, 0xff, 0xff, 0xff, 0x7a, 0x0, 0x0,
    0x0, 0x0, 0x0, 0x0, 0x0, 0x0, 0x0, 0x0,
    0x0, 0x0, 0x0, 0x0, 0x0, 0x0, 0x0, 0x0,
    0xca, 0xff, 0xff, 0xff, 0x41, 0x0, 0x0, 0x0,
    0x0, 0x0, 0x0, 0xa4, 0xff, 0xff, 0xff, 0xff,
    0xff, 0xff, 0xff, 0xff, 0xff, 0xf6, 0x2, 0xdd,
    0xff, 0xff, 0xff, 0x2e, 0x0, 0x0, 0x0, 0x0,
    0x0, 0x0, 0xa4, 0xff, 0xff, 0xff, 0xff, 0xff,
    0xff, 0xff, 0xff, 0xff, 0xff, 0x11, 0xca, 0xff,
    0xff, 0xff, 0x41, 0x0, 0x0, 0x0, 0x0, 0x0,
    0x0, 0xa4, 0xff, 0xff, 0xff, 0xff, 0xff, 0xff,
    0xff, 0xff, 0xff, 0xff, 0xa, 0xad, 0xff, 0xff,
    0xff, 0x7a, 0x0, 0x0, 0x0, 0x0, 0x0, 0x0,
    0x42, 0x68, 0x68, 0x68, 0x68, 0x68, 0x6c, 0xfb,
    0xff, 0xff, 0xf5, 0x0, 0x66, 0xff, 0xff, 0xff,
    0xda, 0x6, 0x0, 0x0, 0x0, 0x0, 0x0, 0x0,
    0x0, 0x0, 0x0, 0x0, 0x0, 0x4e, 0xff, 0xff,
    0xff, 0xc3, 0x0, 0x15, 0xf9, 0xff, 0xff, 0xff,
    0x86, 0x0, 0x0, 0x0, 0x0, 0x0, 0x0, 0x0,
    0x0, 0x0, 0x0, 0x2, 0xc3, 0xff, 0xff, 0xff,
    0x7f, 0x0, 0x0, 0x87, 0xff, 0xff, 0xff, 0xff,
    0x82, 0x3, 0x0, 0x0, 0x0, 0x0, 0x0, 0x0,
    0x0, 0x7, 0x9e, 0xff, 0xff, 0xff, 0xf8, 0x19,
    0x0, 0x0, 0xb, 0xda, 0xff, 0xff, 0xff, 0xff,
    0xcf, 0x59, 0xe, 0x0, 0x0, 0x0, 0xc, 0x57,
    0xd5, 0xff, 0xff, 0xff, 0xff, 0x87, 0x0, 0x0,
    0x0, 0x0, 0x21, 0xe8, 0xff, 0xff, 0xff, 0xff,
    0xff, 0xfb, 0xdc, 0xcd, 0xdb, 0xfa, 0xff, 0xff,
    0xff, 0xff, 0xff, 0xbf, 0x4, 0x0, 0x0, 0x0,
    0x0, 0x0, 0x23, 0xcd, 0xff, 0xff, 0xff, 0xff,
    0xff, 0xff, 0xff, 0xff, 0xff, 0xff, 0xff, 0xff,
    0xff, 0xae, 0xa, 0x0, 0x0, 0x0, 0x0, 0x0,
    0x0, 0x0, 0x7, 0x79, 0xeb, 0xff, 0xff, 0xff,
    0xff, 0xff, 0xff, 0xff, 0xff, 0xff, 0xe6, 0x67,
    0x1, 0x0, 0x0, 0x0, 0x0, 0x0, 0x0, 0x0,
    0x0, 0x0, 0x0, 0xb, 0x58, 0x9f, 0xd4, 0xec,
    0xfa, 0xea, 0xd3, 0xa0, 0x57, 0x9, 0x0, 0x0,
    0x0, 0x0, 0x0, 0x0,

    /* U+011D "ĝ" */
    0x0, 0x0, 0x0, 0x0, 0x0, 0x0, 0x93, 0xff,
    0xff, 0xff, 0xbc, 0x6, 0x0, 0x0, 0x0, 0x0,
    0x0, 0x0, 0x0, 0x0, 0x0, 0x0, 0x8a, 0xff,
    0xff, 0xff, 0xff, 0xff, 0xaa, 0x2, 0x0, 0x0,
    0x0, 0x0, 0x0, 0x0, 0x0, 0x0, 0x81, 0xff,
    0xff, 0xfb, 0x5e, 0xe5, 0xff, 0xff, 0x94, 0x0,
    0x0, 0x0, 0x0, 0x0, 0x0, 0x0, 0x3f, 0xc3,
    0xc4, 0xc4, 0x68, 0x0, 0x3c, 0xc4, 0xc4, 0xc4,
    0x4b, 0x0, 0x0, 0x0, 0x0, 0x0, 0x0, 0x0,
    0x0, 0x0, 0x0, 0x0, 0x0, 0x0, 0x0, 0x0,
    0x0, 0x0, 0x0, 0x0, 0x0, 0x0, 0x0, 0x0,
    0x0, 0x0, 0x0, 0x0, 0x0, 0x0, 0x0, 0x0,
    0x0, 0x0, 0x0, 0x0, 0x0, 0x0, 0x0, 0x0,
    0x0, 0x0, 0x1d, 0x8e, 0xd8, 0xf7, 0xef, 0xc7,
    0x6e, 0x6, 0x84, 0xff, 0xff, 0xff, 0x3c, 0x0,
    0x0, 0x0, 0x60, 0xf7, 0xff, 0xff, 0xff, 0xff,
    0xff, 0xff, 0xce, 0xa1, 0xff, 0xff, 0xff, 0x3c,
    0x0, 0x0, 0x5c, 0xff, 0xff, 0xff, 0xff, 0xff,
    0xff, 0xff, 0xff, 0xff, 0xff, 0xff, 0xff, 0xff,
    0x3c, 0x0, 0x1a, 0xf5, 0xff, 0xff, 0xff, 0xfb,
    0xaf, 0x86, 0xa0, 0xef, 0xff, 0xff, 0xff, 0xff,
    0xff, 0x3c, 0x0, 0x8f, 0xff, 0xff, 0xff, 0xea,
    0x2c, 0x0, 0x0, 0x0, 0x11, 0xc6, 0xff, 0xff,
    0xff, 0xff, 0x3c, 0x0, 0xe2, 0xff, 0xff, 0xff,
    0x52, 0x0, 0x0, 0x0, 0x0, 0x0, 0x20, 0xf4,
    0xff, 0xff, 0xff, 0x3c, 0x10, 0xff, 0xff, 0xff,
    0xe5, 0x0, 0x0, 0x0, 0x0, 0x0, 0x0, 0x0,
    0xa7, 0xff, 0xff, 0xff, 0x3c, 0x22, 0xff, 0xff,
    0xff, 0xc9, 0x0, 0x0, 0x0, 0x0, 0x0, 0x0,
    0x0, 0x8a, 0xff, 0xff, 0xff, 0x3c, 0x11, 0xff,
    0xff, 0xff, 0xe3, 0x0, 0x0, 0x0, 0x0, 0x0,
    0x0, 0x0, 0xa5, 0xff, 0xff, 0xff, 0x3c, 0x0,
    0xe5, 0xff, 0xff, 0xff, 0x4a, 0x0, 0x0, 0x0,
    0x0, 0x0, 0x1c, 0xf1, 0xff, 0xff, 0xff, 0x3c,
    0x0, 0x94, 0xff, 0xff, 0xff, 0xe6, 0x31, 0x0,
    0x0, 0x0, 0x18, 0xc4, 0xff, 0xff, 0xff, 0xff,
    0x3c, 0x0, 0x1d, 0xf6, 0xff, 0xff, 0xff, 0xfc,
    0xb0, 0x87, 0xa3, 0xef, 0xff, 0xff, 0xff, 0xff,
    0xff, 0x3c, 0x0, 0x0, 0x60, 0xff, 0xff, 0xff,
    0xff, 0xff, 0xff, 0xff, 0xff, 0xff, 0xfd, 0xff,
    0xff, 0xff, 0x3c, 0x0, 0x0, 0x0, 0x65, 0xf8,
    0xff, 0xff, 0xff, 0xff, 0xff, 0xff, 0xb2, 0x8a,
    0xff, 0xff, 0xff, 0x35, 0x0, 0x0, 0x0, 0x0,
    0x20, 0x92, 0xda, 0xf8, 0xee, 0xc2, 0x60, 0x1,
    0x95, 0xff, 0xff, 0xff, 0x20, 0x0, 0x0, 0x0,
    0x0, 0x2f, 0x5, 0x0, 0x0, 0x0, 0x0, 0x0,
    0x3, 0xda, 0xff, 0xff, 0xec, 0x2, 0x0, 0x3a,
    0x91, 0xe0, 0xff, 0x9b, 0x5, 0x0, 0x0, 0x0,
    0x8, 0x95, 0xff, 0xff, 0xff, 0x9e, 0x0, 0x0,
    0x76, 0xff, 0xff, 0xff, 0xff, 0xdf, 0x8f, 0x78,
    0x97, 0xe0, 0xff, 0xff, 0xff, 0xfa, 0x26, 0x0,
    0x0, 0x4, 0xb8, 0xff, 0xff, 0xff, 0xff, 0xff,
    0xff, 0xff, 0xff, 0xff, 0xff, 0xff, 0x68, 0x0,
    0x0, 0x0, 0x0, 0x6, 0x92, 0xfd, 0xff, 0xff,
    0xff, 0xff, 0xff, 0xff, 0xff, 0xf3, 0x5e, 0x0,
    0x0, 0x0, 0x0, 0x0, 0x0, 0x0, 0x28, 0x8c,
    0xcd, 0xf1, 0xfb, 0xeb, 0xc4, 0x7c, 0x14, 0x0,
    0x0, 0x0, 0x0,

    /* U+011E "Ğ" */
    0x0, 0x0, 0x0, 0x0, 0x0, 0x0, 0x0, 0xb2,
    0xff, 0xff, 0x30, 0x0, 0x7f, 0xff, 0xff, 0x5a,
    0x0, 0x0, 0x0, 0x0, 0x0, 0x0, 0x0, 0x0,
    0x0, 0x0, 0x0, 0x0, 0x0, 0x0, 0x6c, 0xff,
    0xff, 0xea, 0xb9, 0xfc, 0xff, 0xf9, 0x1d, 0x0,
    0x0, 0x0, 0x0, 0x0, 0x0, 0x0, 0x0, 0x0,
    0x0, 0x0, 0x0, 0x0, 0x0, 0x3, 0xc5, 0xff,
    0xff, 0xff, 0xff, 0xff, 0x74, 0x0, 0x0, 0x0,
    0x0, 0x0, 0x0, 0x0, 0x0, 0x0, 0x0, 0x0,
    0x0, 0x0, 0x0, 0x0, 0x0, 0x9, 0x83, 0xe3,
    0xf9, 0xd1, 0x54, 0x0, 0x0, 0x0, 0x0, 0x0,
    0x0, 0x0, 0x0, 0x0, 0x0, 0x0, 0x0, 0x0,
    0x0, 0x0, 0x0, 0x0, 0x0, 0x0, 0x0, 0x0,
    0x0, 0x0, 0x0, 0x0, 0x0, 0x0, 0x0, 0x0,
    0x0, 0x0, 0x0, 0x0, 0x0, 0x0, 0x0, 0x0,
    0x0, 0x0, 0x0, 0x0, 0x0, 0x0, 0x0, 0x0,
    0x0, 0x0, 0x0, 0x0, 0x0, 0x0, 0x0, 0x0,
    0x0, 0x0, 0x0, 0x0, 0x0, 0x0, 0x0, 0x0,
    0xa, 0x58, 0x9e, 0xd4, 0xeb, 0xfa, 0xe7, 0xcf,
    0x97, 0x48, 0x5, 0x0, 0x0, 0x0, 0x0, 0x0,
    0x0, 0x0, 0x0, 0x0, 0x0, 0x6, 0x78, 0xea,
    0xff, 0xff, 0xff, 0xff, 0xff, 0xff, 0xff, 0xff,
    0xff, 0xda, 0x52, 0x0, 0x0, 0x0, 0x0, 0x0,
    0x0, 0x0, 0x0, 0x20, 0xcb, 0xff, 0xff, 0xff,
    0xff, 0xff, 0xff, 0xff, 0xff, 0xff, 0xff, 0xff,
    0xff, 0xff, 0x9e, 0x5, 0x0, 0x0, 0x0, 0x0,
    0x0, 0x1f, 0xe6, 0xff, 0xff, 0xff, 0xff, 0xff,
    0xfc, 0xe0, 0xd1, 0xe0, 0xfa, 0xff, 0xff, 0xff,
    0xff, 0xfe, 0x53, 0x0, 0x0, 0x0, 0x0, 0xa,
    0xd7, 0xff, 0xff, 0xff, 0xff, 0xce, 0x5a, 0xf,
    0x0, 0x0, 0x0, 0xb, 0x4f, 0xc4, 0xff, 0xf3,
    0x4f, 0x0, 0x0, 0x0, 0x0, 0x0, 0x85, 0xff,
    0xff, 0xff, 0xff, 0x82, 0x3, 0x0, 0x0, 0x0,
    0x0, 0x0, 0x0, 0x0, 0x0, 0x68, 0x2d, 0x0,
    0x0, 0x0, 0x0, 0x0, 0x14, 0xf8, 0xff, 0xff,
    0xff, 0x87, 0x0, 0x0, 0x0, 0x0, 0x0, 0x0,
    0x0, 0x0, 0x0, 0x0, 0x0, 0x0, 0x0, 0x0,
    0x0, 0x0, 0x0, 0x65, 0xff, 0xff, 0xff, 0xdb,
    0x6, 0x0, 0x0, 0x0, 0x0, 0x0, 0x0, 0x0,
    0x0, 0x0, 0x0, 0x0, 0x0, 0x0, 0x0, 0x0,
    0x0, 0x0, 0xac, 0xff, 0xff, 0xff, 0x7a, 0x0,
    0x0, 0x0, 0x0, 0x0, 0x0, 0x0, 0x0, 0x0,
    0x0, 0x0, 0x0, 0x0, 0x0, 0x0, 0x0, 0x0,
    0x0, 0xca, 0xff, 0xff, 0xff, 0x41, 0x0, 0x0,
    0x0, 0x0, 0x0, 0x0, 0xa4, 0xff, 0xff, 0xff,
    0xff, 0xff, 0xff, 0xff, 0xff, 0xff, 0xf6, 0x2,
    0xdd, 0xff, 0xff, 0xff, 0x2e, 0x0, 0x0, 0x0,
    0x0, 0x0, 0x0, 0xa4, 0xff, 0xff, 0xff, 0xff,
    0xff, 0xff, 0xff, 0xff, 0xff, 0xff, 0x11, 0xca,
    0xff, 0xff, 0xff, 0x41, 0x0, 0x0, 0x0, 0x0,
    0x0, 0x0, 0xa4, 0xff, 0xff, 0xff, 0xff, 0xff,
    0xff, 0xff, 0xff, 0xff, 0xff, 0xa, 0xad, 0xff,
    0xff, 0xff, 0x7a, 0x0, 0x0, 0x0, 0x0, 0x0,
    0x0, 0x42, 0x68, 0x68, 0x68, 0x68, 0x68, 0x6c,
    0xfb, 0xff, 0xff, 0xf5, 0x0, 0x66, 0xff, 0xff,
    0xff, 0xda, 0x6, 0x0, 0x0, 0x0, 0x0, 0x0,
    0x0, 0x0, 0x0, 0x0, 0x0, 0x0, 0x4e, 0xff,
    0xff, 0xff, 0xc3, 0x0, 0x15, 0xf9, 0xff, 0xff,
    0xff, 0x86, 0x0, 0x0, 0x0, 0x0, 0x0, 0x0,
    0x0, 0x0, 0x0, 0x0, 0x2, 0xc3, 0xff, 0xff,
    0xff, 0x7f, 0x0, 0x0, 0x87, 0xff, 0xff, 0xff,
    0xff, 0x82, 0x3, 0x0, 0x0, 0x0, 0x0, 0x0,
    0x0, 0x0, 0x7, 0x9e, 0xff, 0xff, 0xff, 0xf8,
    0x19, 0x0, 0x0, 0xb, 0xda, 0xff, 0xff, 0xff,
    0xff, 0xcf, 0x59, 0xe, 0x0, 0x0, 0x0, 0xc,
    0x57, 0xd5, 0xff, 0xff, 0xff, 0xff, 0x87, 0x0,
    0x0, 0x0, 0x0, 0x21, 0xe8, 0xff, 0xff, 0xff,
    0xff, 0xff, 0xfb, 0xdc, 0xcd, 0xdb, 0xfa, 0xff,
    0xff, 0xff, 0xff, 0xff, 0xbf, 0x4, 0x0, 0x0,
    0x0, 0x0, 0x0, 0x23, 0xcd, 0xff, 0xff, 0xff,
    0xff, 0xff, 0xff, 0xff, 0xff, 0xff, 0xff, 0xff,
    0xff, 0xff, 0xae, 0xa, 0x0, 0x0, 0x0, 0x0,
    0x0, 0x0, 0x0, 0x7, 0x79, 0xeb, 0xff, 0xff,
    0xff, 0xff, 0xff, 0xff, 0xff, 0xff, 0xff, 0xe6,
    0x67, 0x1, 0x0, 0x0, 0x0, 0x0, 0x0, 0x0,
    0x0, 0x0, 0x0, 0x0, 0xb, 0x58, 0x9f, 0xd4,
    0xec, 0xfa, 0xea, 0xd3, 0xa0, 0x57, 0x9, 0x0,
    0x0, 0x0, 0x0, 0x0, 0x0,

    /* U+011F "ğ" */
    0x0, 0x0, 0x0, 0x0, 0x6, 0xf7, 0xff, 0xf5,
    0xb5, 0xb8, 0xf4, 0xff, 0xf8, 0x5, 0x0, 0x0,
    0x0, 0x0, 0x0, 0x0, 0x0, 0x0, 0x76, 0xff,
    0xff, 0xff, 0xff, 0xff, 0xff, 0x79, 0x0, 0x0,
    0x0, 0x0, 0x0, 0x0, 0x0, 0x0, 0x0, 0x0,
    0x53, 0xc0, 0xed, 0xef, 0xc3, 0x56, 0x0, 0x0,
    0x0, 0x0, 0x0, 0x0, 0x0, 0x0, 0x0, 0x0,
    0x0, 0x0, 0x0, 0x0, 0x0, 0x0, 0x0, 0x0,
    0x0, 0x0, 0x0, 0x0, 0x0, 0x0, 0x0, 0x0,
    0x0, 0x0, 0x0, 0x0, 0x0, 0x0, 0x0, 0x0,
    0x0, 0x0, 0x0, 0x0, 0x0, 0x0, 0x0, 0x0,
    0x0, 0x0, 0x0, 0x0, 0x0, 0x0, 0x0, 0x0,
    0x0, 0x0, 0x0, 0x0, 0x0, 0x0, 0x0, 0x0,
    0x0, 0x0, 0x1d, 0x8e, 0xd8, 0xf7, 0xef, 0xc7,
    0x6e, 0x6, 0x84, 0xff, 0xff, 0xff, 0x3c, 0x0,
    0x0, 0x0, 0x60, 0xf7, 0xff, 0xff, 0xff, 0xff,
    0xff, 0xff, 0xce, 0xa1, 0xff, 0xff, 0xff, 0x3c,
    0x0, 0x0, 0x5c, 0xff, 0xff, 0xff, 0xff, 0xff,
    0xff, 0xff, 0xff, 0xff, 0xff, 0xff, 0xff, 0xff,
    0x3c, 0x0, 0x1a, 0xf5, 0xff, 0xff, 0xff, 0xfb,
    0xaf, 0x86, 0xa0, 0xef, 0xff, 0xff, 0xff, 0xff,
    0xff, 0x3c, 0x0, 0x8f, 0xff, 0xff, 0xff, 0xea,
    0x2c, 0x0, 0x0, 0x0, 0x11, 0xc6, 0xff, 0xff,
    0xff, 0xff, 0x3c, 0x0, 0xe2, 0xff, 0xff, 0xff,
    0x52, 0x0, 0x0, 0x0, 0x0, 0x0, 0x20, 0xf4,
    0xff, 0xff, 0xff, 0x3c, 0x10, 0xff, 0xff, 0xff,
    0xe5, 0x0, 0x0, 0x0, 0x0, 0x0, 0x0, 0x0,
    0xa7, 0xff, 0xff, 0xff, 0x3c, 0x22, 0xff, 0xff,
    0xff, 0xc9, 0x0, 0x0, 0x0, 0x0, 0x0, 0x0,
    0x0, 0x8a, 0xff, 0xff, 0xff, 0x3c, 0x11, 0xff,
    0xff, 0xff, 0xe3, 0x0, 0x0, 0x0, 0x0, 0x0,
    0x0, 0x0, 0xa5, 0xff, 0xff, 0xff, 0x3c, 0x0,
    0xe5, 0xff, 0xff, 0xff, 0x4a, 0x0, 0x0, 0x0,
    0x0, 0x0, 0x1c, 0xf1, 0xff, 0xff, 0xff, 0x3c,
    0x0, 0x94, 0xff, 0xff, 0xff, 0xe6, 0x31, 0x0,
    0x0, 0x0, 0x18, 0xc4, 0xff, 0xff, 0xff, 0xff,
    0x3c, 0x0, 0x1d, 0xf6, 0xff, 0xff, 0xff, 0xfc,
    0xb0, 0x87, 0xa3, 0xef, 0xff, 0xff, 0xff, 0xff,
    0xff, 0x3c, 0x0, 0x0, 0x60, 0xff, 0xff, 0xff,
    0xff, 0xff, 0xff, 0xff, 0xff, 0xff, 0xfd, 0xff,
    0xff, 0xff, 0x3c, 0x0, 0x0, 0x0, 0x65, 0xf8,
    0xff, 0xff, 0xff, 0xff, 0xff, 0xff, 0xb2, 0x8a,
    0xff, 0xff, 0xff, 0x35, 0x0, 0x0, 0x0, 0x0,
    0x20, 0x92, 0xda, 0xf8, 0xee, 0xc2, 0x60, 0x1,
    0x95, 0xff, 0xff, 0xff, 0x20, 0x0, 0x0, 0x0,
    0x0, 0x2f, 0x5, 0x0, 0x0, 0x0, 0x0, 0x0,
    0x3, 0xda, 0xff, 0xff, 0xec, 0x2, 0x0, 0x3a,
    0x91, 0xe0, 0xff, 0x9b, 0x5, 0x0, 0x0, 0x0,
    0x8, 0x95, 0xff, 0xff, 0xff, 0x9e, 0x0, 0x0,
    0x76, 0xff, 0xff, 0xff, 0xff, 0xdf, 0x8f, 0x78,
    0x97, 0xe0, 0xff, 0xff, 0xff, 0xfa, 0x26, 0x0,
    0x0, 0x4, 0xb8, 0xff, 0xff, 0xff, 0xff, 0xff,
    0xff, 0xff, 0xff, 0xff, 0xff, 0xff, 0x68, 0x0,
    0x0, 0x0, 0x0, 0x6, 0x92, 0xfd, 0xff, 0xff,
    0xff, 0xff, 0xff, 0xff, 0xff, 0xf3, 0x5e, 0x0,
    0x0, 0x0, 0x0, 0x0, 0x0, 0x0, 0x28, 0x8c,
    0xcd, 0xf1, 0xfb, 0xeb, 0xc4, 0x7c, 0x14, 0x0,
    0x0, 0x0, 0x0,

    /* U+0120 "Ġ" */
    0x0, 0x0, 0x0, 0x0, 0x0, 0x0, 0x0, 0x0,
    0x0, 0x4c, 0xe2, 0xe6, 0x54, 0x0, 0x0, 0x0,
    0x0, 0x0, 0x0, 0x0, 0x0, 0x0, 0x0, 0x0,
    0x0, 0x0, 0x0, 0x0, 0x0, 0x0, 0x0, 0x3,
    0xf0, 0xff, 0xff, 0xf5, 0x7, 0x0, 0x0, 0x0,
    0x0, 0x0, 0x0, 0x0, 0x0, 0x0, 0x0, 0x0,
    0x0, 0x0, 0x0, 0x0, 0x0, 0x0, 0x8, 0xfb,
    0xff, 0xff, 0xfe, 0xd, 0x0, 0x0, 0x0, 0x0,
    0x0, 0x0, 0x0, 0x0, 0x0, 0x0, 0x0, 0x0,
    0x0, 0x0, 0x0, 0x0, 0x0, 0x0, 0x79, 0xfe,
    0xff, 0x83, 0x0, 0x0, 0x0, 0x0, 0x0, 0x0,
    0x0, 0x0, 0x0, 0x0, 0x0, 0x0, 0x0, 0x0,
    0x0, 0x0, 0x0, 0x0, 0x0, 0x0, 0x19, 0x1c,
    0x0, 0x0, 0x0, 0x0, 0x0, 0x0, 0x0, 0x0,
    0x0, 0x0, 0x0, 0x0, 0x0, 0x0, 0x0, 0x0,
    0x0, 0x0, 0x0, 0x0, 0x0, 0x0, 0x0, 0x0,
    0x0, 0x0, 0x0, 0x0, 0x0, 0x0, 0x0, 0x0,
    0x0, 0x0, 0x0, 0x0, 0x0, 0x0, 0x0, 0x0,
    0x0, 0x0, 0x0, 0x0, 0x0, 0x0, 0x0, 0x0,
    0x0, 0x0, 0x0, 0x0, 0x0, 0x0, 0x0, 0x0,
    0x0, 0x0, 0x0, 0x0, 0x0, 0x0, 0x0, 0xa,
    0x58, 0x9e, 0xd4, 0xeb, 0xfa, 0xe7, 0xcf, 0x97,
    0x48, 0x5, 0x0, 0x0, 0x0, 0x0, 0x0, 0x0,
    0x0, 0x0, 0x0, 0x0, 0x6, 0x78, 0xea, 0xff,
    0xff, 0xff, 0xff, 0xff, 0xff, 0xff, 0xff, 0xff,
    0xda, 0x52, 0x0, 0x0, 0x0, 0x0, 0x0, 0x0,
    0x0, 0x0, 0x20, 0xcb, 0xff, 0xff, 0xff, 0xff,
    0xff, 0xff, 0xff, 0xff, 0xff, 0xff, 0xff, 0xff,
    0xff, 0x9e, 0x5, 0x0, 0x0, 0x0, 0x0, 0x0,
    0x1f, 0xe6, 0xff, 0xff, 0xff, 0xff, 0xff, 0xfc,
    0xe0, 0xd1, 0xe0, 0xfa, 0xff, 0xff, 0xff, 0xff,
    0xfe, 0x53, 0x0, 0x0, 0x0, 0x0, 0xa, 0xd7,
    0xff, 0xff, 0xff, 0xff, 0xce, 0x5a, 0xf, 0x0,
    0x0, 0x0, 0xb, 0x4f, 0xc4, 0xff, 0xf3, 0x4f,
    0x0, 0x0, 0x0, 0x0, 0x0, 0x85, 0xff, 0xff,
    0xff, 0xff, 0x82, 0x3, 0x0, 0x0, 0x0, 0x0,
    0x0, 0x0, 0x0, 0x0, 0x68, 0x2d, 0x0, 0x0,
    0x0, 0x0, 0x0, 0x14, 0xf8, 0xff, 0xff, 0xff,
    0x87, 0x0, 0x0, 0x0, 0x0, 0x0, 0x0, 0x0,
    0x0, 0x0, 0x0, 0x0, 0x0, 0x0, 0x0, 0x0,
    0x0, 0x0, 0x65, 0xff, 0xff, 0xff, 0xdb, 0x6,
    0x0, 0x0, 0x0, 0x0, 0x0, 0x0, 0x0, 0x0,
    0x0, 0x0, 0x0, 0x0, 0x0, 0x0, 0x0, 0x0,
    0x0, 0xac, 0xff, 0xff, 0xff, 0x7a, 0x0, 0x0,
    0x0, 0x0, 0x0, 0x0, 0x0, 0x0, 0x0, 0x0,
    0x0, 0x0, 0x0, 0x0, 0x0, 0x0, 0x0, 0x0,
    0xca, 0xff, 0xff, 0xff, 0x41, 0x0, 0x0, 0x0,
    0x0, 0x0, 0x0, 0xa4, 0xff, 0xff, 0xff, 0xff,
    0xff, 0xff, 0xff, 0xff, 0xff, 0xf6, 0x2, 0xdd,
    0xff, 0xff, 0xff, 0x2e, 0x0, 0x0, 0x0, 0x0,
    0x0, 0x0, 0xa4, 0xff, 0xff, 0xff, 0xff, 0xff,
    0xff, 0xff, 0xff, 0xff, 0xff, 0x11, 0xca, 0xff,
    0xff, 0xff, 0x41, 0x0, 0x0, 0x0, 0x0, 0x0,
    0x0, 0xa4, 0xff, 0xff, 0xff, 0xff, 0xff, 0xff,
    0xff, 0xff, 0xff, 0xff, 0xa, 0xad, 0xff, 0xff,
    0xff, 0x7a, 0x0, 0x0, 0x0, 0x0, 0x0, 0x0,
    0x42, 0x68, 0x68, 0x68, 0x68, 0x68, 0x6c, 0xfb,
    0xff, 0xff, 0xf5, 0x0, 0x66, 0xff, 0xff, 0xff,
    0xda, 0x6, 0x0, 0x0, 0x0, 0x0, 0x0, 0x0,
    0x0, 0x0, 0x0, 0x0, 0x0, 0x4e, 0xff, 0xff,
    0xff, 0xc3, 0x0, 0x15, 0xf9, 0xff, 0xff, 0xff,
    0x86, 0x0, 0x0, 0x0, 0x0, 0x0, 0x0, 0x0,
    0x0, 0x0, 0x0, 0x2, 0xc3, 0xff, 0xff, 0xff,
    0x7f, 0x0, 0x0, 0x87, 0xff, 0xff, 0xff, 0xff,
    0x82, 0x3, 0x0, 0x0, 0x0, 0x0, 0x0, 0x0,
    0x0, 0x7, 0x9e, 0xff, 0xff, 0xff, 0xf8, 0x19,
    0x0, 0x0, 0xb, 0xda, 0xff, 0xff, 0xff, 0xff,
    0xcf, 0x59, 0xe, 0x0, 0x0, 0x0, 0xc, 0x57,
    0xd5, 0xff, 0xff, 0xff, 0xff, 0x87, 0x0, 0x0,
    0x0, 0x0, 0x21, 0xe8, 0xff, 0xff, 0xff, 0xff,
    0xff, 0xfb, 0xdc, 0xcd, 0xdb, 0xfa, 0xff, 0xff,
    0xff, 0xff, 0xff, 0xbf, 0x4, 0x0, 0x0, 0x0,
    0x0, 0x0, 0x23, 0xcd, 0xff, 0xff, 0xff, 0xff,
    0xff, 0xff, 0xff, 0xff, 0xff, 0xff, 0xff, 0xff,
    0xff, 0xae, 0xa, 0x0, 0x0, 0x0, 0x0, 0x0,
    0x0, 0x0, 0x7, 0x79, 0xeb, 0xff, 0xff, 0xff,
    0xff, 0xff, 0xff, 0xff, 0xff, 0xff, 0xe6, 0x67,
    0x1, 0x0, 0x0, 0x0, 0x0, 0x0, 0x0, 0x0,
    0x0, 0x0, 0x0, 0xb, 0x58, 0x9f, 0xd4, 0xec,
    0xfa, 0xea, 0xd3, 0xa0, 0x57, 0x9, 0x0, 0x0,
    0x0, 0x0, 0x0, 0x0,

    /* U+0121 "ġ" */
    0x0, 0x0, 0x0, 0x0, 0x0, 0x0, 0x0, 0x82,
    0xee, 0xdc, 0x43, 0x0, 0x0, 0x0, 0x0, 0x0,
    0x0, 0x0, 0x0, 0x0, 0x0, 0x0, 0x0, 0x42,
    0xff, 0xff, 0xff, 0xe9, 0x1, 0x0, 0x0, 0x0,
    0x0, 0x0, 0x0, 0x0, 0x0, 0x0, 0x0, 0x0,
    0x61, 0xff, 0xff, 0xff, 0xfe, 0xa, 0x0, 0x0,
    0x0, 0x0, 0x0, 0x0, 0x0, 0x0, 0x0, 0x0,
    0x0, 0x16, 0xe9, 0xff, 0xff, 0xaa, 0x0, 0x0,
    0x0, 0x0, 0x0, 0x0, 0x0, 0x0, 0x0, 0x0,
    0x0, 0x0, 0x0, 0x1a, 0x72, 0x5f, 0x4, 0x0,
    0x0, 0x0, 0x0, 0x0, 0x0, 0x0, 0x0, 0x0,
    0x0, 0x0, 0x0, 0x0, 0x0, 0x0, 0x0, 0x0,
    0x0, 0x0, 0x0, 0x0, 0x0, 0x0, 0x0, 0x0,
    0x0, 0x0, 0x1d, 0x8e, 0xd8, 0xf7, 0xef, 0xc7,
    0x6e, 0x6, 0x84, 0xff, 0xff, 0xff, 0x3c, 0x0,
    0x0, 0x0, 0x60, 0xf7, 0xff, 0xff, 0xff, 0xff,
    0xff, 0xff, 0xce, 0xa1, 0xff, 0xff, 0xff, 0x3c,
    0x0, 0x0, 0x5c, 0xff, 0xff, 0xff, 0xff, 0xff,
    0xff, 0xff, 0xff, 0xff, 0xff, 0xff, 0xff, 0xff,
    0x3c, 0x0, 0x1a, 0xf5, 0xff, 0xff, 0xff, 0xfb,
    0xaf, 0x86, 0xa0, 0xef, 0xff, 0xff, 0xff, 0xff,
    0xff, 0x3c, 0x0, 0x8f, 0xff, 0xff, 0xff, 0xea,
    0x2c, 0x0, 0x0, 0x0, 0x11, 0xc6, 0xff, 0xff,
    0xff, 0xff, 0x3c, 0x0, 0xe2, 0xff, 0xff, 0xff,
    0x52, 0x0, 0x0, 0x0, 0x0, 0x0, 0x20, 0xf4,
    0xff, 0xff, 0xff, 0x3c, 0x10, 0xff, 0xff, 0xff,
    0xe5, 0x0, 0x0, 0x0, 0x0, 0x0, 0x0, 0x0,
    0xa7, 0xff, 0xff, 0xff, 0x3c, 0x22, 0xff, 0xff,
    0xff, 0xc9, 0x0, 0x0, 0x0, 0x0, 0x0, 0x0,
    0x0, 0x8a, 0xff, 0xff, 0xff, 0x3c, 0x11, 0xff,
    0xff, 0xff, 0xe3, 0x0, 0x0, 0x0, 0x0, 0x0,
    0x0, 0x0, 0xa5, 0xff, 0xff, 0xff, 0x3c, 0x0,
    0xe5, 0xff, 0xff, 0xff, 0x4a, 0x0, 0x0, 0x0,
    0x0, 0x0, 0x1c, 0xf1, 0xff, 0xff, 0xff, 0x3c,
    0x0, 0x94, 0xff, 0xff, 0xff, 0xe6, 0x31, 0x0,
    0x0, 0x0, 0x18, 0xc4, 0xff, 0xff, 0xff, 0xff,
    0x3c, 0x0, 0x1d, 0xf6, 0xff, 0xff, 0xff, 0xfc,
    0xb0, 0x87, 0xa3, 0xef, 0xff, 0xff, 0xff, 0xff,
    0xff, 0x3c, 0x0, 0x0, 0x60, 0xff, 0xff, 0xff,
    0xff, 0xff, 0xff, 0xff, 0xff, 0xff, 0xfd, 0xff,
    0xff, 0xff, 0x3c, 0x0, 0x0, 0x0, 0x65, 0xf8,
    0xff, 0xff, 0xff, 0xff, 0xff, 0xff, 0xb2, 0x8a,
    0xff, 0xff, 0xff, 0x35, 0x0, 0x0, 0x0, 0x0,
    0x20, 0x92, 0xda, 0xf8, 0xee, 0xc2, 0x60, 0x1,
    0x95, 0xff, 0xff, 0xff, 0x20, 0x0, 0x0, 0x0,
    0x0, 0x2f, 0x5, 0x0, 0x0, 0x0, 0x0, 0x0,
    0x3, 0xda, 0xff, 0xff, 0xec, 0x2, 0x0, 0x3a,
    0x91, 0xe0, 0xff, 0x9b, 0x5, 0x0, 0x0, 0x0,
    0x8, 0x95, 0xff, 0xff, 0xff, 0x9e, 0x0, 0x0,
    0x76, 0xff, 0xff, 0xff, 0xff, 0xdf, 0x8f, 0x78,
    0x97, 0xe0, 0xff, 0xff, 0xff, 0xfa, 0x26, 0x0,
    0x0, 0x4, 0xb8, 0xff, 0xff, 0xff, 0xff, 0xff,
    0xff, 0xff, 0xff, 0xff, 0xff, 0xff, 0x68, 0x0,
    0x0, 0x0, 0x0, 0x6, 0x92, 0xfd, 0xff, 0xff,
    0xff, 0xff, 0xff, 0xff, 0xff, 0xf3, 0x5e, 0x0,
    0x0, 0x0, 0x0, 0x0, 0x0, 0x0, 0x28, 0x8c,
    0xcd, 0xf1, 0xfb, 0xeb, 0xc4, 0x7c, 0x14, 0x0,
    0x0, 0x0, 0x0,

    /* U+0122 "Ģ" */
    0x0, 0x0, 0x0, 0x0, 0x0, 0x0, 0xa, 0x58,
    0x9e, 0xd4, 0xeb, 0xfa, 0xe7, 0xcf, 0x97, 0x48,
    0x5, 0x0, 0x0, 0x0, 0x0, 0x0, 0x0, 0x0,
    0x0, 0x0, 0x0, 0x6, 0x78, 0xea, 0xff, 0xff,
    0xff, 0xff, 0xff, 0xff, 0xff, 0xff, 0xff, 0xda,
    0x52, 0x0, 0x0, 0x0, 0x0, 0x0, 0x0, 0x0,
    0x0, 0x20, 0xcb, 0xff, 0xff, 0xff, 0xff, 0xff,
    0xff, 0xff, 0xff, 0xff, 0xff, 0xff, 0xff, 0xff,
    0x9e, 0x5, 0x0, 0x0, 0x0, 0x0, 0x0, 0x1f,
    0xe6, 0xff, 0xff, 0xff, 0xff, 0xff, 0xfc, 0xe0,
    0xd1, 0xe0, 0xfa, 0xff, 0xff, 0xff, 0xff, 0xfe,
    0x53, 0x0, 0x0, 0x0, 0x0, 0xa, 0xd7, 0xff,
    0xff, 0xff, 0xff, 0xce, 0x5a, 0xf, 0x0, 0x0,
    0x0, 0xb, 0x4f, 0xc4, 0xff, 0xf3, 0x4f, 0x0,
    0x0, 0x0, 0x0, 0x0, 0x85, 0xff, 0xff, 0xff,
    0xff, 0x82, 0x3, 0x0, 0x0, 0x0, 0x0, 0x0,
    0x0, 0x0, 0x0, 0x68, 0x2d, 0x0, 0x0, 0x0,
    0x0, 0x0, 0x14, 0xf8, 0xff, 0xff, 0xff, 0x87,
    0x0, 0x0, 0x0, 0x0, 0x0, 0x0, 0x0, 0x0,
    0x0, 0x0, 0x0, 0x0, 0x0, 0x0, 0x0, 0x0,
    0x0, 0x65, 0xff, 0xff, 0xff, 0xdb, 0x6, 0x0,
    0x0, 0x0, 0x0, 0x0, 0x0, 0x0, 0x0, 0x0,
    0x0, 0x0, 0x0, 0x0, 0x0, 0x0, 0x0, 0x0,
    0xac, 0xff, 0xff, 0xff, 0x7a, 0x0, 0x0, 0x0,
    0x0, 0x0, 0x0, 0x0, 0x0, 0x0, 0x0, 0x0,
    0x0, 0x0, 0x0, 0x0, 0x0, 0x0, 0x0, 0xca,
    0xff, 0xff, 0xff, 0x41, 0x0, 0x0, 0x0, 0x0,
    0x0, 0x0, 0xa4, 0xff, 0xff, 0xff, 0xff, 0xff,
    0xff, 0xff, 0xff, 0xff, 0xf6, 0x2, 0xdd, 0xff,
    0xff, 0xff, 0x2e, 0x0, 0x0, 0x0, 0x0, 0x0,
    0x0, 0xa4, 0xff, 0xff, 0xff, 0xff, 0xff, 0xff,
    0xff, 0xff, 0xff, 0xff, 0x11, 0xca, 0xff, 0xff,
    0xff, 0x41, 0x0, 0x0, 0x0, 0x0, 0x0, 0x0,
    0xa4, 0xff, 0xff, 0xff, 0xff, 0xff, 0xff, 0xff,
    0xff, 0xff, 0xff, 0xa, 0xad, 0xff, 0xff, 0xff,
    0x7a, 0x0, 0x0, 0x0, 0x0, 0x0, 0x0, 0x42,
    0x68, 0x68, 0x68, 0x68, 0x68, 0x6c, 0xfb, 0xff,
    0xff, 0xf5, 0x0, 0x66, 0xff, 0xff, 0xff, 0xda,
    0x6, 0x0, 0x0, 0x0, 0x0, 0x0, 0x0, 0x0,
    0x0, 0x0, 0x0, 0x0, 0x4e, 0xff, 0xff, 0xff,
    0xc3, 0x0, 0x15, 0xf9, 0xff, 0xff, 0xff, 0x86,
    0x0, 0x0, 0x0, 0x0, 0x0, 0x0, 0x0, 0x0,
    0x0, 0x0, 0x2, 0xc3, 0xff, 0xff, 0xff, 0x7f,
    0x0, 0x0, 0x87, 0xff, 0xff, 0xff, 0xff, 0x82,
    0x3, 0x0, 0x0, 0x0, 0x0, 0x0, 0x0, 0x0,
    0x7, 0x9e, 0xff, 0xff, 0xff, 0xf8, 0x19, 0x0,
    0x0, 0xb, 0xda, 0xff, 0xff, 0xff, 0xff, 0xcf,
    0x59, 0xe, 0x0, 0x0, 0x0, 0xc, 0x57, 0xd5,
    0xff, 0xff, 0xff, 0xff, 0x87, 0x0, 0x0, 0x0,
    0x0, 0x21, 0xe8, 0xff, 0xff, 0xff, 0xff, 0xff,
    0xfb, 0xdc, 0xcd, 0xdb, 0xfa, 0xff, 0xff, 0xff,
    0xff, 0xff, 0xbf, 0x4, 0x0, 0x0, 0x0, 0x0,
    0x0, 0x23, 0xcd, 0xff, 0xff, 0xff, 0xff, 0xff,
    0xff, 0xff, 0xff, 0xff, 0xff, 0xff, 0xff, 0xff,
    0xae, 0xa, 0x0, 0x0, 0x0, 0x0, 0x0, 0x0,
    0x0, 0x7, 0x79, 0xeb, 0xff, 0xff, 0xff, 0xff,
    0xff, 0xff, 0xff, 0xff, 0xff, 0xe6, 0x67, 0x1,
    0x0, 0x0, 0x0, 0x0, 0x0, 0x0, 0x0, 0x0,
    0x0, 0x0, 0xb, 0x58, 0x9f, 0xd4, 0xec, 0xfa,
    0xea, 0xd3, 0xa0, 0x57, 0x9, 0x0, 0x0, 0x0,
    0x0, 0x0, 0x0, 0x0, 0x0, 0x0, 0x0, 0x0,
    0x0, 0x0, 0x0, 0x0, 0x0, 0x0, 0x0, 0x0,
    0x0, 0x0, 0x0, 0x0, 0x0, 0x0, 0x0, 0x0,
    0x0, 0x0, 0x0, 0x0, 0x0, 0x0, 0x0, 0x0,
    0x0, 0x0, 0x0, 0x0, 0x81, 0xf0, 0xd3, 0x30,
    0x0, 0x0, 0x0, 0x0, 0x0, 0x0, 0x0, 0x0,
    0x0, 0x0, 0x0, 0x0, 0x0, 0x0, 0x0, 0x0,
    0x0, 0x0, 0x34, 0xff, 0xff, 0xff, 0xc3, 0x0,
    0x0, 0x0, 0x0, 0x0, 0x0, 0x0, 0x0, 0x0,
    0x0, 0x0, 0x0, 0x0, 0x0, 0x0, 0x0, 0x0,
    0x0, 0x46, 0xff, 0xff, 0xff, 0xd6, 0x0, 0x0,
    0x0, 0x0, 0x0, 0x0, 0x0, 0x0, 0x0, 0x0,
    0x0, 0x0, 0x0, 0x0, 0x0, 0x0, 0x0, 0x0,
    0x4, 0xb5, 0xff, 0xff, 0x72, 0x0, 0x0, 0x0,
    0x0, 0x0, 0x0, 0x0, 0x0, 0x0, 0x0, 0x0,
    0x0, 0x0, 0x0, 0x0, 0x0, 0x0, 0x0, 0x0,
    0x63, 0xff, 0xc6, 0x3, 0x0, 0x0, 0x0, 0x0,
    0x0, 0x0, 0x0, 0x0, 0x0, 0x0, 0x0, 0x0,
    0x0, 0x0, 0x0, 0x0, 0x0, 0x0, 0x19, 0xef,
    0xf5, 0x24, 0x0, 0x0, 0x0, 0x0, 0x0, 0x0,
    0x0, 0x0, 0x0, 0x0, 0x0, 0x0, 0x0, 0x0,
    0x0, 0x0, 0x0, 0x0, 0x0, 0x15, 0xa8, 0x69,
    0x0, 0x0, 0x0, 0x0, 0x0, 0x0, 0x0, 0x0,
    0x0, 0x0, 0x0, 0x0, 0x0, 0x0, 0x0, 0x0,
    0x0, 0x0, 0x0, 0x0, 0x0, 0x0, 0x0, 0x0,
    0x0, 0x0, 0x0, 0x0, 0x0, 0x0, 0x0, 0x0,
    0x0, 0x0,

    /* U+0123 "ģ" */
    0x0, 0x0, 0x0, 0x0, 0x0, 0x0, 0x0, 0x0,
    0x0, 0x0, 0x0, 0x0, 0x0, 0x0, 0x0, 0x0,
    0x0, 0x0, 0x0, 0x0, 0x0, 0x0, 0x0, 0x0,
    0x0, 0xe, 0xc6, 0x4f, 0x0, 0x0, 0x0, 0x0,
    0x0, 0x0, 0x0, 0x0, 0x0, 0x0, 0x0, 0x0,
    0x0, 0x0, 0xa0, 0xff, 0x85, 0x0, 0x0, 0x0,
    0x0, 0x0, 0x0, 0x0, 0x0, 0x0, 0x0, 0x0,
    0x0, 0x0, 0x50, 0xff, 0xd7, 0x7, 0x0, 0x0,
    0x0, 0x0, 0x0, 0x0, 0x0, 0x0, 0x0, 0x0,
    0x0, 0x0, 0x10, 0xea, 0xff, 0xf0, 0x43, 0x0,
    0x0, 0x0, 0x0, 0x0, 0x0, 0x0, 0x0, 0x0,
    0x0, 0x0, 0x0, 0x5e, 0xff, 0xff, 0xff, 0xc1,
    0x0, 0x0, 0x0, 0x0, 0x0, 0x0, 0x0, 0x0,
    0x0, 0x0, 0x0, 0x0, 0x4d, 0xff, 0xff, 0xff,
    0xb0, 0x0, 0x0, 0x0, 0x0, 0x0, 0x0, 0x0,
    0x0, 0x0, 0x0, 0x0, 0x0, 0x1, 0x97, 0xf2,
    0xcc, 0x25, 0x0, 0x0, 0x0, 0x0, 0x0, 0x0,
    0x0, 0x0, 0x0, 0x0, 0x0, 0x0, 0x0, 0x0,
    0x0, 0x0, 0x0, 0x0, 0x0, 0x0, 0x0, 0x0,
    0x0, 0x0, 0x0, 0x0, 0x0, 0x0, 0x0, 0x0,
    0x0, 0x0, 0x0, 0x0, 0x0, 0x0, 0x0, 0x0,
    0x0, 0x0, 0x0, 0x0, 0x0, 0x0, 0x0, 0x0,
    0x0, 0x0, 0x0, 0x0, 0x0, 0x0, 0x0, 0x0,
    0x0, 0x0, 0x0, 0x0, 0x0, 0x0, 0x0, 0x1d,
    0x8e, 0xd8, 0xf7, 0xef, 0xc7, 0x6e, 0x6, 0x84,
    0xff, 0xff, 0xff, 0x3c, 0x0, 0x0, 0x0, 0x60,
    0xf7, 0xff, 0xff, 0xff, 0xff, 0xff, 0xff, 0xce,
    0xa1, 0xff, 0xff, 0xff, 0x3c, 0x0, 0x0, 0x5c,
    0xff, 0xff, 0xff, 0xff, 0xff, 0xff, 0xff, 0xff,
    0xff, 0xff, 0xff, 0xff, 0xff, 0x3c, 0x0, 0x1a,
    0xf5, 0xff, 0xff, 0xff, 0xfb, 0xaf, 0x86, 0xa0,
    0xef, 0xff, 0xff, 0xff, 0xff, 0xff, 0x3c, 0x0,
    0x8f, 0xff, 0xff, 0xff, 0xea, 0x2c, 0x0, 0x0,
    0x0, 0x11, 0xc6, 0xff, 0xff, 0xff, 0xff, 0x3c,
    0x0, 0xe2, 0xff, 0xff, 0xff, 0x52, 0x0, 0x0,
    0x0, 0x0, 0x0, 0x20, 0xf4, 0xff, 0xff, 0xff,
    0x3c, 0x10, 0xff, 0xff, 0xff, 0xe5, 0x0, 0x0,
    0x0, 0x0, 0x0, 0x0, 0x0, 0xa7, 0xff, 0xff,
    0xff, 0x3c, 0x22, 0xff, 0xff, 0xff, 0xc9, 0x0,
    0x0, 0x0, 0x0, 0x0, 0x0, 0x0, 0x8a, 0xff,
    0xff, 0xff, 0x3c, 0x11, 0xff, 0xff, 0xff, 0xe3,
    0x0, 0x0, 0x0, 0x0, 0x0, 0x0, 0x0, 0xa5,
    0xff, 0xff, 0xff, 0x3c, 0x0, 0xe5, 0xff, 0xff,
    0xff, 0x4a, 0x0, 0x0, 0x0, 0x0, 0x0, 0x1c,
    0xf1, 0xff, 0xff, 0xff, 0x3c, 0x0, 0x94, 0xff,
    0xff, 0xff, 0xe6, 0x31, 0x0, 0x0, 0x0, 0x18,
    0xc4, 0xff, 0xff, 0xff, 0xff, 0x3c, 0x0, 0x1d,
    0xf6, 0xff, 0xff, 0xff, 0xfc, 0xb0, 0x87, 0xa3,
    0xef, 0xff, 0xff, 0xff, 0xff, 0xff, 0x3c, 0x0,
    0x0, 0x60, 0xff, 0xff, 0xff, 0xff, 0xff, 0xff,
    0xff, 0xff, 0xff, 0xfd, 0xff, 0xff, 0xff, 0x3c,
    0x0, 0x0, 0x0, 0x65, 0xf8, 0xff, 0xff, 0xff,
    0xff, 0xff, 0xff, 0xb2, 0x8a, 0xff, 0xff, 0xff,
    0x35, 0x0, 0x0, 0x0, 0x0, 0x20, 0x92, 0xda,
    0xf8, 0xee, 0xc2, 0x60, 0x1, 0x95, 0xff, 0xff,
    0xff, 0x20, 0x0, 0x0, 0x0, 0x0, 0x2f, 0x5,
    0x0, 0x0, 0x0, 0x0, 0x0, 0x3, 0xda, 0xff,
    0xff, 0xec, 0x2, 0x0, 0x3a, 0x91, 0xe0, 0xff,
    0x9b, 0x5, 0x0, 0x0, 0x0, 0x8, 0x95, 0xff,
    0xff, 0xff, 0x9e, 0x0, 0x0, 0x76, 0xff, 0xff,
    0xff, 0xff, 0xdf, 0x8f, 0x78, 0x97, 0xe0, 0xff,
    0xff, 0xff, 0xfa, 0x26, 0x0, 0x0, 0x4, 0xb8,
    0xff, 0xff, 0xff, 0xff, 0xff, 0xff, 0xff, 0xff,
    0xff, 0xff, 0xff, 0x68, 0x0, 0x0, 0x0, 0x0,
    0x6, 0x92, 0xfd, 0xff, 0xff, 0xff, 0xff, 0xff,
    0xff, 0xff, 0xf3, 0x5e, 0x0, 0x0, 0x0, 0x0,
    0x0, 0x0, 0x0, 0x28, 0x8c, 0xcd, 0xf1, 0xfb,
    0xeb, 0xc4, 0x7c, 0x14, 0x0, 0x0, 0x0, 0x0,

    /* U+0124 "Ĥ" */
    0x0, 0x0, 0x0, 0x0, 0x0, 0x0, 0x68, 0xff,
    0xff, 0xff, 0xd1, 0xb, 0x0, 0x0, 0x0, 0x0,
    0x0, 0x0, 0x0, 0x0, 0x0, 0x0, 0x0, 0x4d,
    0xfc, 0xff, 0xff, 0xff, 0xff, 0xaf, 0x1, 0x0,
    0x0, 0x0, 0x0, 0x0, 0x0, 0x0, 0x0, 0x0,
    0x35, 0xf5, 0xff, 0xff, 0x7c, 0xdf, 0xff, 0xff,
    0x84, 0x0, 0x0, 0x0, 0x0, 0x0, 0x0, 0x0,
    0x0, 0x21, 0xe9, 0xff, 0xff, 0xc2, 0x1, 0x48,
    0xff, 0xff, 0xff, 0x59, 0x0, 0x0, 0x0, 0x0,
    0x0, 0x0, 0x0, 0xe, 0x24, 0x24, 0x24, 0xe,
    0x0, 0x0, 0x21, 0x24, 0x24, 0x1d, 0x0, 0x0,
    0x0, 0x0, 0x0, 0x0, 0x0, 0x0, 0x0, 0x0,
    0x0, 0x0, 0x0, 0x0, 0x0, 0x0, 0x0, 0x0,
    0x0, 0x0, 0x0, 0x0, 0xd8, 0xff, 0xff, 0xff,
    0x34, 0x0, 0x0, 0x0, 0x0, 0x0, 0x0, 0x0,
    0x0, 0xc4, 0xff, 0xff, 0xff, 0x4c, 0xd8, 0xff,
    0xff, 0xff, 0x34, 0x0, 0x0, 0x0, 0x0, 0x0,
    0x0, 0x0, 0x0, 0xc4, 0xff, 0xff, 0xff, 0x4c,
    0xd8, 0xff, 0xff, 0xff, 0x34, 0x0, 0x0, 0x0,
    0x0, 0x0, 0x0, 0x0, 0x0, 0xc4, 0xff, 0xff,
    0xff, 0x4c, 0xd8, 0xff, 0xff, 0xff, 0x34, 0x0,
    0x0, 0x0, 0x0, 0x0, 0x0, 0x0, 0x0, 0xc4,
    0xff, 0xff, 0xff, 0x4c, 0xd8, 0xff, 0xff, 0xff,
    0x34, 0x0, 0x0, 0x0, 0x0, 0x0, 0x0, 0x0,
    0x0, 0xc4, 0xff, 0xff, 0xff, 0x4c, 0xd8, 0xff,
    0xff, 0xff, 0x34, 0x0, 0x0, 0x0, 0x0, 0x0,
    0x0, 0x0, 0x0, 0xc4, 0xff, 0xff, 0xff, 0x4c,
    0xd8, 0xff, 0xff, 0xff, 0x34, 0x0, 0x0, 0x0,
    0x0, 0x0, 0x0, 0x0, 0x0, 0xc4, 0xff, 0xff,
    0xff, 0x4c, 0xd8, 0xff, 0xff, 0xff, 0x34, 0x0,
    0x0, 0x0, 0x0, 0x0, 0x0, 0x0, 0x0, 0xc4,
    0xff, 0xff, 0xff, 0x4c, 0xd8, 0xff, 0xff, 0xff,
    0xd3, 0xc8, 0xc8, 0xc8, 0xc8, 0xc8, 0xc8, 0xc8,
    0xc8, 0xf2, 0xff, 0xff, 0xff, 0x4c, 0xd8, 0xff,
    0xff, 0xff, 0xff, 0xff, 0xff, 0xff, 0xff, 0xff,
    0xff, 0xff, 0xff, 0xff, 0xff, 0xff, 0xff, 0x4c,
    0xd8, 0xff, 0xff, 0xff, 0xff, 0xff, 0xff, 0xff,
    0xff, 0xff, 0xff, 0xff, 0xff, 0xff, 0xff, 0xff,
    0xff, 0x4c, 0xd8, 0xff, 0xff, 0xff, 0xff, 0xff,
    0xff, 0xff, 0xff, 0xff, 0xff, 0xff, 0xff, 0xff,
    0xff, 0xff, 0xff, 0x4c, 0xd8, 0xff, 0xff, 0xff,
    0x34, 0x0, 0x0, 0x0, 0x0, 0x0, 0x0, 0x0,
    0x0, 0xc4, 0xff, 0xff, 0xff, 0x4c, 0xd8, 0xff,
    0xff, 0xff, 0x34, 0x0, 0x0, 0x0, 0x0, 0x0,
    0x0, 0x0, 0x0, 0xc4, 0xff, 0xff, 0xff, 0x4c,
    0xd8, 0xff, 0xff, 0xff, 0x34, 0x0, 0x0, 0x0,
    0x0, 0x0, 0x0, 0x0, 0x0, 0xc4, 0xff, 0xff,
    0xff, 0x4c, 0xd8, 0xff, 0xff, 0xff, 0x34, 0x0,
    0x0, 0x0, 0x0, 0x0, 0x0, 0x0, 0x0, 0xc4,
    0xff, 0xff, 0xff, 0x4c, 0xd8, 0xff, 0xff, 0xff,
    0x34, 0x0, 0x0, 0x0, 0x0, 0x0, 0x0, 0x0,
    0x0, 0xc4, 0xff, 0xff, 0xff, 0x4c, 0xd8, 0xff,
    0xff, 0xff, 0x34, 0x0, 0x0, 0x0, 0x0, 0x0,
    0x0, 0x0, 0x0, 0xc4, 0xff, 0xff, 0xff, 0x4c,
    0xd8, 0xff, 0xff, 0xff, 0x34, 0x0, 0x0, 0x0,
    0x0, 0x0, 0x0, 0x0, 0x0, 0xc4, 0xff, 0xff,
    0xff, 0x4c, 0xd8, 0xff, 0xff, 0xff, 0x34, 0x0,
    0x0, 0x0, 0x0, 0x0, 0x0, 0x0, 0x0, 0xc4,
    0xff, 0xff, 0xff, 0x4c, 0xd8, 0xff, 0xff, 0xff,
    0x34, 0x0, 0x0, 0x0, 0x0, 0x0, 0x0, 0x0,
    0x0, 0xc4, 0xff, 0xff, 0xff, 0x4c,

    /* U+0125 "ĥ" */
    0x0, 0x0, 0x0, 0x0, 0x0, 0x3c, 0xf8, 0xff,
    0xff, 0xed, 0x23, 0x0, 0x0, 0x0, 0x0, 0x0,
    0x0, 0x0, 0x0, 0x28, 0xed, 0xff, 0xff, 0xff,
    0xff, 0xd5, 0xd, 0x0, 0x0, 0x0, 0x0, 0x0,
    0x0, 0x17, 0xdf, 0xff, 0xff, 0xa2, 0xb8, 0xff,
    0xff, 0xb3, 0x2, 0x0, 0x0, 0x0, 0x0, 0xa,
    0xcc, 0xff, 0xff, 0xe7, 0x10, 0x20, 0xf5, 0xff,
    0xff, 0x88, 0x0, 0x0, 0x0, 0x0, 0x6, 0x24,
    0x24, 0x24, 0x15, 0x0, 0x0, 0x1a, 0x24, 0x24,
    0x23, 0x0, 0x0, 0x0, 0x0, 0x0, 0x0, 0x0,
    0x0, 0x0, 0x0, 0x0, 0x0, 0x0, 0x0, 0x0,
    0x0, 0x0, 0x50, 0xff, 0xff, 0xff, 0x9c, 0x0,
    0x0, 0x0, 0x0, 0x0, 0x0, 0x0, 0x0, 0x0,
    0x0, 0x50, 0xff, 0xff, 0xff, 0x9c, 0x0, 0x0,
    0x0, 0x0, 0x0, 0x0, 0x0, 0x0, 0x0, 0x0,
    0x50, 0xff, 0xff, 0xff, 0x9c, 0x0, 0x0, 0x0,
    0x0, 0x0, 0x0, 0x0, 0x0, 0x0, 0x0, 0x50,
    0xff, 0xff, 0xff, 0x9c, 0x0, 0x0, 0x0, 0x0,
    0x0, 0x0, 0x0, 0x0, 0x0, 0x0, 0x50, 0xff,
    0xff, 0xff, 0x9c, 0x0, 0x0, 0x0, 0x0, 0x0,
    0x0, 0x0, 0x0, 0x0, 0x0, 0x50, 0xff, 0xff,
    0xff, 0x9b, 0x0, 0x0, 0x0, 0x0, 0x0, 0x0,
    0x0, 0x0, 0x0, 0x0, 0x50, 0xff, 0xff, 0xff,
    0x8a, 0x0, 0x54, 0xbe, 0xed, 0xf7, 0xda, 0x92,
    0x1b, 0x0, 0x0, 0x50, 0xff, 0xff, 0xff, 0x74,
    0x9f, 0xff, 0xff, 0xff, 0xff, 0xff, 0xff, 0xea,
    0x2c, 0x0, 0x50, 0xff, 0xff, 0xff, 0xdc, 0xff,
    0xff, 0xff, 0xff, 0xff, 0xff, 0xff, 0xff, 0xcf,
    0x1, 0x50, 0xff, 0xff, 0xff, 0xff, 0xff, 0xef,
    0xa8, 0xae, 0xee, 0xff, 0xff, 0xff, 0xff, 0x3f,
    0x50, 0xff, 0xff, 0xff, 0xff, 0xd3, 0x1b, 0x0,
    0x0, 0x19, 0xe1, 0xff, 0xff, 0xff, 0x7e, 0x50,
    0xff, 0xff, 0xff, 0xff, 0x32, 0x0, 0x0, 0x0,
    0x0, 0x73, 0xff, 0xff, 0xff, 0x9c, 0x50, 0xff,
    0xff, 0xff, 0xce, 0x0, 0x0, 0x0, 0x0, 0x0,
    0x4c, 0xff, 0xff, 0xff, 0xa7, 0x50, 0xff, 0xff,
    0xff, 0xa9, 0x0, 0x0, 0x0, 0x0, 0x0, 0x44,
    0xff, 0xff, 0xff, 0xa8, 0x50, 0xff, 0xff, 0xff,
    0x9c, 0x0, 0x0, 0x0, 0x0, 0x0, 0x44, 0xff,
    0xff, 0xff, 0xa8, 0x50, 0xff, 0xff, 0xff, 0x9c,
    0x0, 0x0, 0x0, 0x0, 0x0, 0x44, 0xff, 0xff,
    0xff, 0xa8, 0x50, 0xff, 0xff, 0xff, 0x9c, 0x0,
    0x0, 0x0, 0x0, 0x0, 0x44, 0xff, 0xff, 0xff,
    0xa8, 0x50, 0xff, 0xff, 0xff, 0x9c, 0x0, 0x0,
    0x0, 0x0, 0x0, 0x44, 0xff, 0xff, 0xff, 0xa8,
    0x50, 0xff, 0xff, 0xff, 0x9c, 0x0, 0x0, 0x0,
    0x0, 0x0, 0x44, 0xff, 0xff, 0xff, 0xa8, 0x50,
    0xff, 0xff, 0xff, 0x9c, 0x0, 0x0, 0x0, 0x0,
    0x0, 0x44, 0xff, 0xff, 0xff, 0xa8, 0x50, 0xff,
    0xff, 0xff, 0x9c, 0x0, 0x0, 0x0, 0x0, 0x0,
    0x44, 0xff, 0xff, 0xff, 0xa8,

    /* U+0126 "Ħ" */
    0x0, 0x0, 0xd8, 0xff, 0xff, 0xff, 0x34, 0x0,
    0x0, 0x0, 0x0, 0x0, 0x0, 0x0, 0x0, 0xc4,
    0xff, 0xff, 0xff, 0x4c, 0x0, 0x0, 0x0, 0x0,
    0xd8, 0xff, 0xff, 0xff, 0x34, 0x0, 0x0, 0x0,
    0x0, 0x0, 0x0, 0x0, 0x0, 0xc4, 0xff, 0xff,
    0xff, 0x4c, 0x0, 0x0, 0x0, 0x0, 0xd8, 0xff,
    0xff, 0xff, 0x34, 0x0, 0x0, 0x0, 0x0, 0x0,
    0x0, 0x0, 0x0, 0xc4, 0xff, 0xff, 0xff, 0x4c,
    0x0, 0x0, 0xaa, 0xe8, 0xfc, 0xff, 0xff, 0xff,
    0xec, 0xe8, 0xe8, 0xe8, 0xe8, 0xe8, 0xe8, 0xe8,
    0xe8, 0xfa, 0xff, 0xff, 0xff, 0xef, 0xe8, 0x2b,
    0xbc, 0xff, 0xff, 0xff, 0xff, 0xff, 0xff, 0xff,
    0xff, 0xff, 0xff, 0xff, 0xff, 0xff, 0xff, 0xff,
    0xff, 0xff, 0xff, 0xff, 0xff, 0x30, 0xbc, 0xff,
    0xff, 0xff, 0xff, 0xff, 0xff, 0xff, 0xff, 0xff,
    0xff, 0xff, 0xff, 0xff, 0xff, 0xff, 0xff, 0xff,
    0xff, 0xff, 0xff, 0x30, 0x0, 0x0, 0xd8, 0xff,
    0xff, 0xff, 0x34, 0x0, 0x0, 0x0, 0x0, 0x0,
    0x0, 0x0, 0x0, 0xc4, 0xff, 0xff, 0xff, 0x4c,
    0x0, 0x0, 0x0, 0x0, 0xd8, 0xff, 0xff, 0xff,
    0x34, 0x0, 0x0, 0x0, 0x0, 0x0, 0x0, 0x0,
    0x0, 0xc4, 0xff, 0xff, 0xff, 0x4c, 0x0, 0x0,
    0x0, 0x0, 0xd8, 0xff, 0xff, 0xff, 0xd3, 0xc8,
    0xc8, 0xc8, 0xc8, 0xc8, 0xc8, 0xc8, 0xc8, 0xf2,
    0xff, 0xff, 0xff, 0x4c, 0x0, 0x0, 0x0, 0x0,
    0xd8, 0xff, 0xff, 0xff, 0xff, 0xff, 0xff, 0xff,
    0xff, 0xff, 0xff, 0xff, 0xff, 0xff, 0xff, 0xff,
    0xff, 0x4c, 0x0, 0x0, 0x0, 0x0, 0xd8, 0xff,
    0xff, 0xff, 0xff, 0xff, 0xff, 0xff, 0xff, 0xff,
    0xff, 0xff, 0xff, 0xff, 0xff, 0xff, 0xff, 0x4c,
    0x0, 0x0, 0x0, 0x0, 0xd8, 0xff, 0xff, 0xff,
    0xff, 0xff, 0xff, 0xff, 0xff, 0xff, 0xff, 0xff,
    0xff, 0xff, 0xff, 0xff, 0xff, 0x4c, 0x0, 0x0,
    0x0, 0x0, 0xd8, 0xff, 0xff, 0xff, 0x34, 0x0,
    0x0, 0x0, 0x0, 0x0, 0x0, 0x0, 0x0, 0xc4,
    0xff, 0xff, 0xff, 0x4c, 0x0, 0x0, 0x0, 0x0,
    0xd8, 0xff, 0xff, 0xff, 0x34, 0x0, 0x0, 0x0,
    0x0, 0x0, 0x0, 0x0, 0x0, 0xc4, 0xff, 0xff,
    0xff, 0x4c, 0x0, 0x0, 0x0, 0x0, 0xd8, 0xff,
    0xff, 0xff, 0x34, 0x0, 0x0, 0x0, 0x0, 0x0,
    0x0, 0x0, 0x0, 0xc4, 0xff, 0xff, 0xff, 0x4c,
    0x0, 0x0, 0x0, 0x0, 0xd8, 0xff, 0xff, 0xff,
    0x34, 0x0, 0x0, 0x0, 0x0, 0x0, 0x0, 0x0,
    0x0, 0xc4, 0xff, 0xff, 0xff, 0x4c, 0x0, 0x0,
    0x0, 0x0, 0xd8, 0xff, 0xff, 0xff, 0x34, 0x0,
    0x0, 0x0, 0x0, 0x0, 0x0, 0x0, 0x0, 0xc4,
    0xff, 0xff, 0xff, 0x4c, 0x0, 0x0, 0x0, 0x0,
    0xd8, 0xff, 0xff, 0xff, 0x34, 0x0, 0x0, 0x0,
    0x0, 0x0, 0x0, 0x0, 0x0, 0xc4, 0xff, 0xff,
    0xff, 0x4c, 0x0, 0x0, 0x0, 0x0, 0xd8, 0xff,
    0xff, 0xff, 0x34, 0x0, 0x0, 0x0, 0x0, 0x0,
    0x0, 0x0, 0x0, 0xc4, 0xff, 0xff, 0xff, 0x4c,
    0x0, 0x0, 0x0, 0x0, 0xd8, 0xff, 0xff, 0xff,
    0x34, 0x0, 0x0, 0x0, 0x0, 0x0, 0x0, 0x0,
    0x0, 0xc4, 0xff, 0xff, 0xff, 0x4c, 0x0, 0x0,
    0x0, 0x0, 0xd8, 0xff, 0xff, 0xff, 0x34, 0x0,
    0x0, 0x0, 0x0, 0x0, 0x0, 0x0, 0x0, 0xc4,
    0xff, 0xff, 0xff, 0x4c, 0x0, 0x0,

    /* U+0127 "ħ" */
    0x0, 0x0, 0x50, 0xff, 0xff, 0xff, 0x9c, 0x0,
    0x0, 0x0, 0x0, 0x0, 0x0, 0x0, 0x0, 0x0,
    0x0, 0xa, 0xa8, 0xc3, 0xff, 0xff, 0xff, 0xdd,
    0xa8, 0xa8, 0xa8, 0x69, 0x0, 0x0, 0x0, 0x0,
    0x0, 0x0, 0x10, 0xff, 0xff, 0xff, 0xff, 0xff,
    0xff, 0xff, 0xff, 0xff, 0xa0, 0x0, 0x0, 0x0,
    0x0, 0x0, 0x0, 0x10, 0xff, 0xff, 0xff, 0xff,
    0xff, 0xff, 0xff, 0xff, 0xff, 0xa0, 0x0, 0x0,
    0x0, 0x0, 0x0, 0x0, 0x0, 0x0, 0x50, 0xff,
    0xff, 0xff, 0x9c, 0x0, 0x0, 0x0, 0x0, 0x0,
    0x0, 0x0, 0x0, 0x0, 0x0, 0x0, 0x0, 0x50,
    0xff, 0xff, 0xff, 0x9a, 0x0, 0x0, 0x0, 0x0,
    0x0, 0x0, 0x0, 0x0, 0x0, 0x0, 0x0, 0x0,
    0x50, 0xff, 0xff, 0xff, 0x89, 0x0, 0x54, 0xbe,
    0xed, 0xf7, 0xda, 0x92, 0x1b, 0x0, 0x0, 0x0,
    0x0, 0x50, 0xff, 0xff, 0xff, 0x74, 0x9f, 0xff,
    0xff, 0xff, 0xff, 0xff, 0xff, 0xea, 0x2c, 0x0,
    0x0, 0x0, 0x50, 0xff, 0xff, 0xff, 0xdc, 0xff,
    0xff, 0xff, 0xff, 0xff, 0xff, 0xff, 0xff, 0xcf,
    0x1, 0x0, 0x0, 0x50, 0xff, 0xff, 0xff, 0xff,
    0xff, 0xef, 0xa8, 0xae, 0xee, 0xff, 0xff, 0xff,
    0xff, 0x3f, 0x0, 0x0, 0x50, 0xff, 0xff, 0xff,
    0xff, 0xd3, 0x1b, 0x0, 0x0, 0x19, 0xe1, 0xff,
    0xff, 0xff, 0x7e, 0x0, 0x0, 0x50, 0xff, 0xff,
    0xff, 0xff, 0x32, 0x0, 0x0, 0x0, 0x0, 0x73,
    0xff, 0xff, 0xff, 0x9c, 0x0, 0x0, 0x50, 0xff,
    0xff, 0xff, 0xce, 0x0, 0x0, 0x0, 0x0, 0x0,
    0x4c, 0xff, 0xff, 0xff, 0xa7, 0x0, 0x0, 0x50,
    0xff, 0xff, 0xff, 0xa9, 0x0, 0x0, 0x0, 0x0,
    0x0, 0x44, 0xff, 0xff, 0xff, 0xa8, 0x0, 0x0,
    0x50, 0xff, 0xff, 0xff, 0x9c, 0x0, 0x0, 0x0,
    0x0, 0x0, 0x44, 0xff, 0xff, 0xff, 0xa8, 0x0,
    0x0, 0x50, 0xff, 0xff, 0xff, 0x9c, 0x0, 0x0,
    0x0, 0x0, 0x0, 0x44, 0xff, 0xff, 0xff, 0xa8,
    0x0, 0x0, 0x50, 0xff, 0xff, 0xff, 0x9c, 0x0,
    0x0, 0x0, 0x0, 0x0, 0x44, 0xff, 0xff, 0xff,
    0xa8, 0x0, 0x0, 0x50, 0xff, 0xff, 0xff, 0x9c,
    0x0, 0x0, 0x0, 0x0, 0x0, 0x44, 0xff, 0xff,
    0xff, 0xa8, 0x0, 0x0, 0x50, 0xff, 0xff, 0xff,
    0x9c, 0x0, 0x0, 0x0, 0x0, 0x0, 0x44, 0xff,
    0xff, 0xff, 0xa8, 0x0, 0x0, 0x50, 0xff, 0xff,
    0xff, 0x9c, 0x0, 0x0, 0x0, 0x0, 0x0, 0x44,
    0xff, 0xff, 0xff, 0xa8, 0x0, 0x0, 0x50, 0xff,
    0xff, 0xff, 0x9c, 0x0, 0x0, 0x0, 0x0, 0x0,
    0x44, 0xff, 0xff, 0xff, 0xa8,

    /* U+0128 "Ĩ" */
    0x0, 0x2, 0x6c, 0xd7, 0xf5, 0xd3, 0x7e, 0x15,
    0x43, 0xa8, 0xa8, 0x56, 0x0, 0x76, 0xff, 0xff,
    0xff, 0xff, 0xff, 0xfd, 0xfe, 0xff, 0xff, 0x60,
    0x3, 0xf1, 0xff, 0xff, 0xfa, 0xff, 0xff, 0xff,
    0xff, 0xff, 0xd7, 0x9, 0xd, 0xa4, 0xa4, 0x82,
    0x4, 0x49, 0xb2, 0xee, 0xec, 0xa8, 0x1d, 0x0,
    0x0, 0x0, 0x0, 0x0, 0x0, 0x0, 0x0, 0x0,
    0x0, 0x0, 0x0, 0x0, 0x0, 0x0, 0x0, 0x0,
    0x0, 0x0, 0x0, 0x0, 0x0, 0x0, 0x0, 0x0,
    0x0, 0x0, 0x0, 0x0, 0xd8, 0xff, 0xff, 0xff,
    0x34, 0x0, 0x0, 0x0, 0x0, 0x0, 0x0, 0x0,
    0xd8, 0xff, 0xff, 0xff, 0x34, 0x0, 0x0, 0x0,
    0x0, 0x0, 0x0, 0x0, 0xd8, 0xff, 0xff, 0xff,
    0x34, 0x0, 0x0, 0x0, 0x0, 0x0, 0x0, 0x0,
    0xd8, 0xff, 0xff, 0xff, 0x34, 0x0, 0x0, 0x0,
    0x0, 0x0, 0x0, 0x0, 0xd8, 0xff, 0xff, 0xff,
    0x34, 0x0, 0x0, 0x0, 0x0, 0x0, 0x0, 0x0,
    0xd8, 0xff, 0xff, 0xff, 0x34, 0x0, 0x0, 0x0,
    0x0, 0x0, 0x0, 0x0, 0xd8, 0xff, 0xff, 0xff,
    0x34, 0x0, 0x0, 0x0, 0x0, 0x0, 0x0, 0x0,
    0xd8, 0xff, 0xff, 0xff, 0x34, 0x0, 0x0, 0x0,
    0x0, 0x0, 0x0, 0x0, 0xd8, 0xff, 0xff, 0xff,
    0x34, 0x0, 0x0, 0x0, 0x0, 0x0, 0x0, 0x0,
    0xd8, 0xff, 0xff, 0xff, 0x34, 0x0, 0x0, 0x0,
    0x0, 0x0, 0x0, 0x0, 0xd8, 0xff, 0xff, 0xff,
    0x34, 0x0, 0x0, 0x0, 0x0, 0x0, 0x0, 0x0,
    0xd8, 0xff, 0xff, 0xff, 0x34, 0x0, 0x0, 0x0,
    0x0, 0x0, 0x0, 0x0, 0xd8, 0xff, 0xff, 0xff,
    0x34, 0x0, 0x0, 0x0, 0x0, 0x0, 0x0, 0x0,
    0xd8, 0xff, 0xff, 0xff, 0x34, 0x0, 0x0, 0x0,
    0x0, 0x0, 0x0, 0x0, 0xd8, 0xff, 0xff, 0xff,
    0x34, 0x0, 0x0, 0x0, 0x0, 0x0, 0x0, 0x0,
    0xd8, 0xff, 0xff, 0xff, 0x34, 0x0, 0x0, 0x0,
    0x0, 0x0, 0x0, 0x0, 0xd8, 0xff, 0xff, 0xff,
    0x34, 0x0, 0x0, 0x0, 0x0, 0x0, 0x0, 0x0,
    0xd8, 0xff, 0xff, 0xff, 0x34, 0x0, 0x0, 0x0,
    0x0, 0x0, 0x0, 0x0, 0xd8, 0xff, 0xff, 0xff,
    0x34, 0x0, 0x0, 0x0, 0x0, 0x0, 0x0, 0x0,
    0xd8, 0xff, 0xff, 0xff, 0x34, 0x0, 0x0, 0x0,
    0x0, 0x0, 0x0, 0x0, 0xd8, 0xff, 0xff, 0xff,
    0x34, 0x0, 0x0, 0x0,

    /* U+0129 "ĩ" */
    0x0, 0x13, 0x98, 0xe5, 0xf0, 0xc1, 0x67, 0x14,
    0xb8, 0xff, 0xff, 0x31, 0x2, 0xc2, 0xff, 0xff,
    0xff, 0xff, 0xff, 0xff, 0xff, 0xff, 0xf5, 0x9,
    0x42, 0xff, 0xff, 0xff, 0xfa, 0xff, 0xff, 0xff,
    0xff, 0xff, 0x77, 0x0, 0x3b, 0x9c, 0x9c, 0x4c,
    0xa, 0x63, 0xbd, 0xe5, 0xcd, 0x67, 0x1, 0x0,
    0x0, 0x0, 0x0, 0x0, 0x0, 0x0, 0x0, 0x0,
    0x0, 0x0, 0x0, 0x0, 0x0, 0x0, 0x0, 0x0,
    0x0, 0x0, 0x0, 0x0, 0x0, 0x0, 0x0, 0x0,
    0x0, 0x0, 0x0, 0x14, 0xff, 0xff, 0xff, 0xd8,
    0x0, 0x0, 0x0, 0x0, 0x0, 0x0, 0x0, 0x14,
    0xff, 0xff, 0xff, 0xd8, 0x0, 0x0, 0x0, 0x0,
    0x0, 0x0, 0x0, 0x14, 0xff, 0xff, 0xff, 0xd8,
    0x0, 0x0, 0x0, 0x0, 0x0, 0x0, 0x0, 0x14,
    0xff, 0xff, 0xff, 0xd8, 0x0, 0x0, 0x0, 0x0,
    0x0, 0x0, 0x0, 0x14, 0xff, 0xff, 0xff, 0xd8,
    0x0, 0x0, 0x0, 0x0, 0x0, 0x0, 0x0, 0x14,
    0xff, 0xff, 0xff, 0xd8, 0x0, 0x0, 0x0, 0x0,
    0x0, 0x0, 0x0, 0x14, 0xff, 0xff, 0xff, 0xd8,
    0x0, 0x0, 0x0, 0x0, 0x0, 0x0, 0x0, 0x14,
    0xff, 0xff, 0xff, 0xd8, 0x0, 0x0, 0x0, 0x0,
    0x0, 0x0, 0x0, 0x14, 0xff, 0xff, 0xff, 0xd8,
    0x0, 0x0, 0x0, 0x0, 0x0, 0x0, 0x0, 0x14,
    0xff, 0xff, 0xff, 0xd8, 0x0, 0x0, 0x0, 0x0,
    0x0, 0x0, 0x0, 0x14, 0xff, 0xff, 0xff, 0xd8,
    0x0, 0x0, 0x0, 0x0, 0x0, 0x0, 0x0, 0x14,
    0xff, 0xff, 0xff, 0xd8, 0x0, 0x0, 0x0, 0x0,
    0x0, 0x0, 0x0, 0x14, 0xff, 0xff, 0xff, 0xd8,
    0x0, 0x0, 0x0, 0x0, 0x0, 0x0, 0x0, 0x14,
    0xff, 0xff, 0xff, 0xd8, 0x0, 0x0, 0x0, 0x0,
    0x0, 0x0, 0x0, 0x14, 0xff, 0xff, 0xff, 0xd8,
    0x0, 0x0, 0x0, 0x0,

    /* U+012A "Ī" */
    0xf0, 0xff, 0xff, 0xff, 0xff, 0xff, 0xff, 0xff,
    0x50, 0xf0, 0xff, 0xff, 0xff, 0xff, 0xff, 0xff,
    0xff, 0x50, 0xe4, 0xf4, 0xf4, 0xf4, 0xf4, 0xf4,
    0xf4, 0xf4, 0x4c, 0x0, 0x0, 0x0, 0x0, 0x0,
    0x0, 0x0, 0x0, 0x0, 0x0, 0x0, 0x0, 0x0,
    0x0, 0x0, 0x0, 0x0, 0x0, 0x0, 0x0, 0xd8,
    0xff, 0xff, 0xff, 0x34, 0x0, 0x0, 0x0, 0x0,
    0xd8, 0xff, 0xff, 0xff, 0x34, 0x0, 0x0, 0x0,
    0x0, 0xd8, 0xff, 0xff, 0xff, 0x34, 0x0, 0x0,
    0x0, 0x0, 0xd8, 0xff, 0xff, 0xff, 0x34, 0x0,
    0x0, 0x0, 0x0, 0xd8, 0xff, 0xff, 0xff, 0x34,
    0x0, 0x0, 0x0, 0x0, 0xd8, 0xff, 0xff, 0xff,
    0x34, 0x0, 0x0, 0x0, 0x0, 0xd8, 0xff, 0xff,
    0xff, 0x34, 0x0, 0x0, 0x0, 0x0, 0xd8, 0xff,
    0xff, 0xff, 0x34, 0x0, 0x0, 0x0, 0x0, 0xd8,
    0xff, 0xff, 0xff, 0x34, 0x0, 0x0, 0x0, 0x0,
    0xd8, 0xff, 0xff, 0xff, 0x34, 0x0, 0x0, 0x0,
    0x0, 0xd8, 0xff, 0xff, 0xff, 0x34, 0x0, 0x0,
    0x0, 0x0, 0xd8, 0xff, 0xff, 0xff, 0x34, 0x0,
    0x0, 0x0, 0x0, 0xd8, 0xff, 0xff, 0xff, 0x34,
    0x0, 0x0, 0x0, 0x0, 0xd8, 0xff, 0xff, 0xff,
    0x34, 0x0, 0x0, 0x0, 0x0, 0xd8, 0xff, 0xff,
    0xff, 0x34, 0x0, 0x0, 0x0, 0x0, 0xd8, 0xff,
    0xff, 0xff, 0x34, 0x0, 0x0, 0x0, 0x0, 0xd8,
    0xff, 0xff, 0xff, 0x34, 0x0, 0x0, 0x0, 0x0,
    0xd8, 0xff, 0xff, 0xff, 0x34, 0x0, 0x0, 0x0,
    0x0, 0xd8, 0xff, 0xff, 0xff, 0x34, 0x0, 0x0,
    0x0, 0x0, 0xd8, 0xff, 0xff, 0xff, 0x34, 0x0,
    0x0, 0x0, 0x0, 0xd8, 0xff, 0xff, 0xff, 0x34,
    0x0, 0x0,

    /* U+012B "ī" */
    0x8c, 0xff, 0xff, 0xff, 0xff, 0xff, 0xff, 0xff,
    0xff, 0x58, 0x8c, 0xff, 0xff, 0xff, 0xff, 0xff,
    0xff, 0xff, 0xff, 0x58, 0x85, 0xf4, 0xf4, 0xf4,
    0xf4, 0xf4, 0xf4, 0xf4, 0xf4, 0x53, 0x0, 0x0,
    0x0, 0x0, 0x0, 0x0, 0x0, 0x0, 0x0, 0x0,
    0x0, 0x0, 0x0, 0x0, 0x0, 0x0, 0x0, 0x0,
    0x0, 0x0, 0x0, 0x0, 0x0, 0x0, 0x0, 0x0,
    0x0, 0x0, 0x0, 0x0, 0x0, 0x0, 0x14, 0xff,
    0xff, 0xff, 0xd8, 0x0, 0x0, 0x0, 0x0, 0x0,
    0x14, 0xff, 0xff, 0xff, 0xd8, 0x0, 0x0, 0x0,
    0x0, 0x0, 0x14, 0xff, 0xff, 0xff, 0xd8, 0x0,
    0x0, 0x0, 0x0, 0x0, 0x14, 0xff, 0xff, 0xff,
    0xd8, 0x0, 0x0, 0x0, 0x0, 0x0, 0x14, 0xff,
    0xff, 0xff, 0xd8, 0x0, 0x0, 0x0, 0x0, 0x0,
    0x14, 0xff, 0xff, 0xff, 0xd8, 0x0, 0x0, 0x0,
    0x0, 0x0, 0x14, 0xff, 0xff, 0xff, 0xd8, 0x0,
    0x0, 0x0, 0x0, 0x0, 0x14, 0xff, 0xff, 0xff,
    0xd8, 0x0, 0x0, 0x0, 0x0, 0x0, 0x14, 0xff,
    0xff, 0xff, 0xd8, 0x0, 0x0, 0x0, 0x0, 0x0,
    0x14, 0xff, 0xff, 0xff, 0xd8, 0x0, 0x0, 0x0,
    0x0, 0x0, 0x14, 0xff, 0xff, 0xff, 0xd8, 0x0,
    0x0, 0x0, 0x0, 0x0, 0x14, 0xff, 0xff, 0xff,
    0xd8, 0x0, 0x0, 0x0, 0x0, 0x0, 0x14, 0xff,
    0xff, 0xff, 0xd8, 0x0, 0x0, 0x0, 0x0, 0x0,
    0x14, 0xff, 0xff, 0xff, 0xd8, 0x0, 0x0, 0x0,
    0x0, 0x0, 0x14, 0xff, 0xff, 0xff, 0xd8, 0x0,
    0x0, 0x0,

    /* U+012C "Ĭ" */
    0x6d, 0x80, 0x78, 0x0, 0x0, 0x43, 0x80, 0x80,
    0x21, 0xbc, 0xff, 0xff, 0x51, 0x15, 0xd0, 0xff,
    0xff, 0x25, 0x50, 0xff, 0xff, 0xff, 0xff, 0xff,
    0xff, 0xbc, 0x0, 0x0, 0x8e, 0xff, 0xff, 0xff,
    0xff, 0xda, 0x1f, 0x0, 0x0, 0x0, 0x3f, 0x95,
    0xa4, 0x73, 0xa, 0x0, 0x0, 0x0, 0x0, 0x0,
    0x0, 0x0, 0x0, 0x0, 0x0, 0x0, 0x0, 0x0,
    0xd8, 0xff, 0xff, 0xff, 0x34, 0x0, 0x0, 0x0,
    0x0, 0xd8, 0xff, 0xff, 0xff, 0x34, 0x0, 0x0,
    0x0, 0x0, 0xd8, 0xff, 0xff, 0xff, 0x34, 0x0,
    0x0, 0x0, 0x0, 0xd8, 0xff, 0xff, 0xff, 0x34,
    0x0, 0x0, 0x0, 0x0, 0xd8, 0xff, 0xff, 0xff,
    0x34, 0x0, 0x0, 0x0, 0x0, 0xd8, 0xff, 0xff,
    0xff, 0x34, 0x0, 0x0, 0x0, 0x0, 0xd8, 0xff,
    0xff, 0xff, 0x34, 0x0, 0x0, 0x0, 0x0, 0xd8,
    0xff, 0xff, 0xff, 0x34, 0x0, 0x0, 0x0, 0x0,
    0xd8, 0xff, 0xff, 0xff, 0x34, 0x0, 0x0, 0x0,
    0x0, 0xd8, 0xff, 0xff, 0xff, 0x34, 0x0, 0x0,
    0x0, 0x0, 0xd8, 0xff, 0xff, 0xff, 0x34, 0x0,
    0x0, 0x0, 0x0, 0xd8, 0xff, 0xff, 0xff, 0x34,
    0x0, 0x0, 0x0, 0x0, 0xd8, 0xff, 0xff, 0xff,
    0x34, 0x0, 0x0, 0x0, 0x0, 0xd8, 0xff, 0xff,
    0xff, 0x34, 0x0, 0x0, 0x0, 0x0, 0xd8, 0xff,
    0xff, 0xff, 0x34, 0x0, 0x0, 0x0, 0x0, 0xd8,
    0xff, 0xff, 0xff, 0x34, 0x0, 0x0, 0x0, 0x0,
    0xd8, 0xff, 0xff, 0xff, 0x34, 0x0, 0x0, 0x0,
    0x0, 0xd8, 0xff, 0xff, 0xff, 0x34, 0x0, 0x0,
    0x0, 0x0, 0xd8, 0xff, 0xff, 0xff, 0x34, 0x0,
    0x0, 0x0, 0x0, 0xd8, 0xff, 0xff, 0xff, 0x34,
    0x0, 0x0, 0x0, 0x0, 0xd8, 0xff, 0xff, 0xff,
    0x34, 0x0, 0x0,

    /* U+012D "ĭ" */
    0x22, 0xff, 0xff, 0xc0, 0x0, 0x6, 0xe6, 0xff,
    0xed, 0x1, 0xda, 0xff, 0xff, 0xc9, 0xd6, 0xff,
    0xff, 0xa7, 0x0, 0x3b, 0xfb, 0xff, 0xff, 0xff,
    0xff, 0xeb, 0x19, 0x0, 0x0, 0x2e, 0xb7, 0xf5,
    0xf0, 0xa5, 0x1a, 0x0, 0x0, 0x0, 0x0, 0x0,
    0x0, 0x0, 0x0, 0x0, 0x0, 0x0, 0x0, 0x0,
    0x0, 0x0, 0x0, 0x0, 0x0, 0x0, 0x0, 0x0,
    0x14, 0xff, 0xff, 0xff, 0xd8, 0x0, 0x0, 0x0,
    0x0, 0x14, 0xff, 0xff, 0xff, 0xd8, 0x0, 0x0,
    0x0, 0x0, 0x14, 0xff, 0xff, 0xff, 0xd8, 0x0,
    0x0, 0x0, 0x0, 0x14, 0xff, 0xff, 0xff, 0xd8,
    0x0, 0x0, 0x0, 0x0, 0x14, 0xff, 0xff, 0xff,
    0xd8, 0x0, 0x0, 0x0, 0x0, 0x14, 0xff, 0xff,
    0xff, 0xd8, 0x0, 0x0, 0x0, 0x0, 0x14, 0xff,
    0xff, 0xff, 0xd8, 0x0, 0x0, 0x0, 0x0, 0x14,
    0xff, 0xff, 0xff, 0xd8, 0x0, 0x0, 0x0, 0x0,
    0x14, 0xff, 0xff, 0xff, 0xd8, 0x0, 0x0, 0x0,
    0x0, 0x14, 0xff, 0xff, 0xff, 0xd8, 0x0, 0x0,
    0x0, 0x0, 0x14, 0xff, 0xff, 0xff, 0xd8, 0x0,
    0x0, 0x0, 0x0, 0x14, 0xff, 0xff, 0xff, 0xd8,
    0x0, 0x0, 0x0, 0x0, 0x14, 0xff, 0xff, 0xff,
    0xd8, 0x0, 0x0, 0x0, 0x0, 0x14, 0xff, 0xff,
    0xff, 0xd8, 0x0, 0x0, 0x0, 0x0, 0x14, 0xff,
    0xff, 0xff, 0xd8, 0x0, 0x0,

    /* U+012E "Į" */
    0x0, 0x0, 0xd8, 0xff, 0xff, 0xff, 0x34, 0x0,
    0x0, 0x0, 0xd8, 0xff, 0xff, 0xff, 0x34, 0x0,
    0x0, 0x0, 0xd8, 0xff, 0xff, 0xff, 0x34, 0x0,
    0x0, 0x0, 0xd8, 0xff, 0xff, 0xff, 0x34, 0x0,
    0x0, 0x0, 0xd8, 0xff, 0xff, 0xff, 0x34, 0x0,
    0x0, 0x0, 0xd8, 0xff, 0xff, 0xff, 0x34, 0x0,
    0x0, 0x0, 0xd8, 0xff, 0xff, 0xff, 0x34, 0x0,
    0x0, 0x0, 0xd8, 0xff, 0xff, 0xff, 0x34, 0x0,
    0x0, 0x0, 0xd8, 0xff, 0xff, 0xff, 0x34, 0x0,
    0x0, 0x0, 0xd8, 0xff, 0xff, 0xff, 0x34, 0x0,
    0x0, 0x0, 0xd8, 0xff, 0xff, 0xff, 0x34, 0x0,
    0x0, 0x0, 0xd8, 0xff, 0xff, 0xff, 0x34, 0x0,
    0x0, 0x0, 0xd8, 0xff, 0xff, 0xff, 0x34, 0x0,
    0x0, 0x0, 0xd8, 0xff, 0xff, 0xff, 0x34, 0x0,
    0x0, 0x0, 0xd8, 0xff, 0xff, 0xff, 0x34, 0x0,
    0x0, 0x0, 0xd8, 0xff, 0xff, 0xff, 0x34, 0x0,
    0x0, 0x0, 0xd8, 0xff, 0xff, 0xff, 0x34, 0x0,
    0x0, 0x0, 0xd8, 0xff, 0xff, 0xff, 0x34, 0x0,
    0x0, 0x0, 0xd8, 0xff, 0xff, 0xff, 0x34, 0x0,
    0x0, 0x0, 0xd8, 0xff, 0xff, 0xff, 0x34, 0x0,
    0x0, 0x0, 0xc0, 0xff, 0xff, 0xee, 0x1e, 0x0,
    0x0, 0x58, 0xfe, 0xff, 0xda, 0x23, 0x0, 0x0,
    0x5, 0xe9, 0xff, 0xff, 0x46, 0x0, 0x0, 0x0,
    0x26, 0xff, 0xff, 0xff, 0x4c, 0x0, 0x0, 0x0,
    0x14, 0xfe, 0xff, 0xff, 0xf8, 0xdd, 0x3d, 0x0,
    0x0, 0x9f, 0xff, 0xff, 0xff, 0xff, 0xa4, 0x0,
    0x0, 0x5, 0x73, 0xd4, 0xf6, 0xec, 0xa9, 0x0,

    /* U+012F "į" */
    0x0, 0x2, 0x8d, 0xec, 0xdf, 0x5a, 0x0, 0x0,
    0x66, 0xff, 0xff, 0xff, 0xfc, 0x2b, 0x0, 0x9b,
    0xff, 0xff, 0xff, 0xff, 0x5f, 0x0, 0x64, 0xff,
    0xff, 0xff, 0xfb, 0x29, 0x0, 0x1, 0x85, 0xe5,
    0xd9, 0x56, 0x0, 0x0, 0x0, 0x0, 0x0, 0x0,
    0x0, 0x0, 0x0, 0x14, 0xff, 0xff, 0xff, 0xd8,
    0x0, 0x0, 0x14, 0xff, 0xff, 0xff, 0xd8, 0x0,
    0x0, 0x14, 0xff, 0xff, 0xff, 0xd8, 0x0, 0x0,
    0x14, 0xff, 0xff, 0xff, 0xd8, 0x0, 0x0, 0x14,
    0xff, 0xff, 0xff, 0xd8, 0x0, 0x0, 0x14, 0xff,
    0xff, 0xff, 0xd8, 0x0, 0x0, 0x14, 0xff, 0xff,
    0xff, 0xd8, 0x0, 0x0, 0x14, 0xff, 0xff, 0xff,
    0xd8, 0x0, 0x0, 0x14, 0xff, 0xff, 0xff, 0xd8,
    0x0, 0x0, 0x14, 0xff, 0xff, 0xff, 0xd8, 0x0,
    0x0, 0x14, 0xff, 0xff, 0xff, 0xd8, 0x0, 0x0,
    0x14, 0xff, 0xff, 0xff, 0xd8, 0x0, 0x0, 0x14,
    0xff, 0xff, 0xff, 0xd8, 0x0, 0x0, 0x14, 0xff,
    0xff, 0xff, 0xd8, 0x0, 0x0, 0x19, 0xfe, 0xff,
    0xff, 0x9e, 0x0, 0x3, 0xc4, 0xff, 0xff, 0x8a,
    0x1, 0x0, 0x53, 0xff, 0xff, 0xe3, 0x2, 0x0,
    0x0, 0x83, 0xff, 0xff, 0xe7, 0xb, 0x0, 0x0,
    0x6b, 0xff, 0xff, 0xff, 0xea, 0xc7, 0x1, 0x11,
    0xe5, 0xff, 0xff, 0xff, 0xff, 0x46, 0x0, 0x1c,
    0xa0, 0xe2, 0xf8, 0xdd, 0x5f,

    /* U+0130 "İ" */
    0x0, 0x10, 0x22, 0x0, 0x0, 0x54, 0xf7, 0xff,
    0xa7, 0x0, 0xda, 0xff, 0xff, 0xff, 0x36, 0xcd,
    0xff, 0xff, 0xff, 0x29, 0x35, 0xd5, 0xef, 0x77,
    0x0, 0x0, 0x0, 0x0, 0x0, 0x0, 0x0, 0x0,
    0x0, 0x0, 0x0, 0xd8, 0xff, 0xff, 0xff, 0x34,
    0xd8, 0xff, 0xff, 0xff, 0x34, 0xd8, 0xff, 0xff,
    0xff, 0x34, 0xd8, 0xff, 0xff, 0xff, 0x34, 0xd8,
    0xff, 0xff, 0xff, 0x34, 0xd8, 0xff, 0xff, 0xff,
    0x34, 0xd8, 0xff, 0xff, 0xff, 0x34, 0xd8, 0xff,
    0xff, 0xff, 0x34, 0xd8, 0xff, 0xff, 0xff, 0x34,
    0xd8, 0xff, 0xff, 0xff, 0x34, 0xd8, 0xff, 0xff,
    0xff, 0x34, 0xd8, 0xff, 0xff, 0xff, 0x34, 0xd8,
    0xff, 0xff, 0xff, 0x34, 0xd8, 0xff, 0xff, 0xff,
    0x34, 0xd8, 0xff, 0xff, 0xff, 0x34, 0xd8, 0xff,
    0xff, 0xff, 0x34, 0xd8, 0xff, 0xff, 0xff, 0x34,
    0xd8, 0xff, 0xff, 0xff, 0x34, 0xd8, 0xff, 0xff,
    0xff, 0x34, 0xd8, 0xff, 0xff, 0xff, 0x34, 0xd8,
    0xff, 0xff, 0xff, 0x34,

    /* U+0131 "ı" */
    0x14, 0xff, 0xff, 0xff, 0xd8, 0x14, 0xff, 0xff,
    0xff, 0xd8, 0x14, 0xff, 0xff, 0xff, 0xd8, 0x14,
    0xff, 0xff, 0xff, 0xd8, 0x14, 0xff, 0xff, 0xff,
    0xd8, 0x14, 0xff, 0xff, 0xff, 0xd8, 0x14, 0xff,
    0xff, 0xff, 0xd8, 0x14, 0xff, 0xff, 0xff, 0xd8,
    0x14, 0xff, 0xff, 0xff, 0xd8, 0x14, 0xff, 0xff,
    0xff, 0xd8, 0x14, 0xff, 0xff, 0xff, 0xd8, 0x14,
    0xff, 0xff, 0xff, 0xd8, 0x14, 0xff, 0xff, 0xff,
    0xd8, 0x14, 0xff, 0xff, 0xff, 0xd8, 0x14, 0xff,
    0xff, 0xff, 0xd8,

    /* U+0134 "Ĵ" */
    0x0, 0x0, 0x0, 0x0, 0x0, 0x0, 0x0, 0x0,
    0x0, 0x0, 0x0, 0x31, 0x3c, 0x3c, 0x2f, 0x0,
    0x0, 0x0, 0x0, 0x0, 0x0, 0x0, 0x0, 0x0,
    0x0, 0x0, 0x0, 0x0, 0x0, 0x59, 0xff, 0xff,
    0xff, 0xfe, 0x4c, 0x0, 0x0, 0x0, 0x0, 0x0,
    0x0, 0x0, 0x0, 0x0, 0x0, 0x0, 0x0, 0x3b,
    0xf8, 0xff, 0xff, 0xff, 0xff, 0xf1, 0x27, 0x0,
    0x0, 0x0, 0x0, 0x0, 0x0, 0x0, 0x0, 0x0,
    0x0, 0x23, 0xeb, 0xff, 0xff, 0x83, 0x88, 0xff,
    0xff, 0xd8, 0xe, 0x0, 0x0, 0x0, 0x0, 0x0,
    0x0, 0x0, 0x0, 0xb, 0xd8, 0xff, 0xff, 0xe0,
    0x9, 0xb, 0xe3, 0xff, 0xff, 0xb3, 0x1, 0x0,
    0x0, 0x0, 0x0, 0x0, 0x0, 0x0, 0x0, 0x4,
    0x4, 0x4, 0x2, 0x0, 0x0, 0x2, 0x4, 0x4,
    0x4, 0x0, 0x0, 0x0, 0x0, 0x0, 0x0, 0x0,
    0x0, 0x0, 0x0, 0x0, 0x0, 0x0, 0x0, 0x0,
    0x0, 0x0, 0x0, 0x0, 0x0, 0x0, 0x0, 0x0,
    0x0, 0x0, 0x0, 0x0, 0x0, 0x0, 0x0, 0x34,
    0xff, 0xff, 0xff, 0xd8, 0x0, 0x0, 0x0, 0x0,
    0x0, 0x0, 0x0, 0x0, 0x0, 0x0, 0x0, 0x0,
    0x0, 0x0, 0x34, 0xff, 0xff, 0xff, 0xd8, 0x0,
    0x0, 0x0, 0x0, 0x0, 0x0, 0x0, 0x0, 0x0,
    0x0, 0x0, 0x0, 0x0, 0x0, 0x34, 0xff, 0xff,
    0xff, 0xd8, 0x0, 0x0, 0x0, 0x0, 0x0, 0x0,
    0x0, 0x0, 0x0, 0x0, 0x0, 0x0, 0x0, 0x0,
    0x34, 0xff, 0xff, 0xff, 0xd8, 0x0, 0x0, 0x0,
    0x0, 0x0, 0x0, 0x0, 0x0, 0x0, 0x0, 0x0,
    0x0, 0x0, 0x0, 0x34, 0xff, 0xff, 0xff, 0xd8,
    0x0, 0x0, 0x0, 0x0, 0x0, 0x0, 0x0, 0x0,
    0x0, 0x0, 0x0, 0x0, 0x0, 0x0, 0x34, 0xff,
    0xff, 0xff, 0xd8, 0x0, 0x0, 0x0, 0x0, 0x0,
    0x0, 0x0, 0x0, 0x0, 0x0, 0x0, 0x0, 0x0,
    0x0, 0x34, 0xff, 0xff, 0xff, 0xd8, 0x0, 0x0,
    0x0, 0x0, 0x0, 0x0, 0x0, 0x0, 0x0, 0x0,
    0x0, 0x0, 0x0, 0x0, 0x34, 0xff, 0xff, 0xff,
    0xd8, 0x0, 0x0, 0x0, 0x0, 0x0, 0x0, 0x0,
    0x0, 0x0, 0x0, 0x0, 0x0, 0x0, 0x0, 0x34,
    0xff, 0xff, 0xff, 0xd8, 0x0, 0x0, 0x0, 0x0,
    0x0, 0x0, 0x0, 0x0, 0x0, 0x0, 0x0, 0x0,
    0x0, 0x0, 0x34, 0xff, 0xff, 0xff, 0xd8, 0x0,
    0x0, 0x0, 0x0, 0x0, 0x0, 0x0, 0x0, 0x0,
    0x0, 0x0, 0x0, 0x0, 0x0, 0x34, 0xff, 0xff,
    0xff, 0xd8, 0x0, 0x0, 0x0, 0x0, 0x0, 0x0,
    0x0, 0x0, 0x0, 0x0, 0x0, 0x0, 0x0, 0x0,
    0x34, 0xff, 0xff, 0xff, 0xd8, 0x0, 0x0, 0x0,
    0x0, 0x0, 0x0, 0x0, 0x0, 0x0, 0x0, 0x0,
    0x0, 0x0, 0x0, 0x34, 0xff, 0xff, 0xff, 0xd8,
    0x0, 0x0, 0x0, 0x0, 0x0, 0x0, 0x0, 0x0,
    0x0, 0x0, 0x0, 0x0, 0x0, 0x0, 0x34, 0xff,
    0xff, 0xff, 0xd8, 0x0, 0x0, 0x0, 0x0, 0x0,
    0x0, 0x0, 0x26, 0x3e, 0x0, 0x0, 0x0, 0x0,
    0x0, 0x48, 0xff, 0xff, 0xff, 0xcd, 0x0, 0x0,
    0x0, 0x0, 0x8, 0x5e, 0xc2, 0xff, 0xdc, 0x6,
    0x0, 0x0, 0x0, 0x0, 0x85, 0xff, 0xff, 0xff,
    0xb3, 0x0, 0x0, 0x0, 0x0, 0x15, 0xf9, 0xff,
    0xff, 0xff, 0xac, 0x14, 0x0, 0x0, 0x49, 0xf5,
    0xff, 0xff, 0xff, 0x72, 0x0, 0x0, 0x0, 0x0,
    0x0, 0x93, 0xff, 0xff, 0xff, 0xff, 0xf8, 0xd5,
    0xe5, 0xff, 0xff, 0xff, 0xff, 0xf3, 0x17, 0x0,
    0x0, 0x0, 0x0, 0x0, 0xc, 0xd0, 0xff, 0xff,
    0xff, 0xff, 0xff, 0xff, 0xff, 0xff, 0xff, 0xff,
    0x6b, 0x0, 0x0, 0x0, 0x0, 0x0, 0x0, 0x0,
    0x12, 0xb6, 0xff, 0xff, 0xff, 0xff, 0xff, 0xff,
    0xff, 0xfb, 0x73, 0x0, 0x0, 0x0, 0x0, 0x0,
    0x0, 0x0, 0x0, 0x0, 0x0, 0x49, 0xa9, 0xe2,
    0xf9, 0xf3, 0xd2, 0x8e, 0x24, 0x0, 0x0, 0x0,
    0x0, 0x0, 0x0, 0x0,

    /* U+0135 "ĵ" */
    0x0, 0x0, 0x0, 0x55, 0xfb, 0xff, 0xff, 0xeb,
    0x29, 0x0, 0x0, 0x0, 0x0, 0x0, 0x57, 0xfb,
    0xff, 0xff, 0xff, 0xff, 0xe5, 0x22, 0x0, 0x0,
    0x0, 0x59, 0xfc, 0xff, 0xff, 0x83, 0xac, 0xff,
    0xff, 0xde, 0x1b, 0x0, 0x14, 0x98, 0x9c, 0x9c,
    0x79, 0x0, 0x8, 0x90, 0x9c, 0x9c, 0x73, 0x0,
    0x0, 0x0, 0x0, 0x0, 0x0, 0x0, 0x0, 0x0,
    0x0, 0x0, 0x0, 0x0, 0x0, 0x0, 0x0, 0x0,
    0x0, 0x0, 0x0, 0x0, 0x0, 0x0, 0x0, 0x0,
    0x0, 0x0, 0x0, 0x14, 0xff, 0xff, 0xff, 0xd8,
    0x0, 0x0, 0x0, 0x0, 0x0, 0x0, 0x0, 0x14,
    0xff, 0xff, 0xff, 0xd8, 0x0, 0x0, 0x0, 0x0,
    0x0, 0x0, 0x0, 0x14, 0xff, 0xff, 0xff, 0xd8,
    0x0, 0x0, 0x0, 0x0, 0x0, 0x0, 0x0, 0x14,
    0xff, 0xff, 0xff, 0xd8, 0x0, 0x0, 0x0, 0x0,
    0x0, 0x0, 0x0, 0x14, 0xff, 0xff, 0xff, 0xd8,
    0x0, 0x0, 0x0, 0x0, 0x0, 0x0, 0x0, 0x14,
    0xff, 0xff, 0xff, 0xd8, 0x0, 0x0, 0x0, 0x0,
    0x0, 0x0, 0x0, 0x14, 0xff, 0xff, 0xff, 0xd8,
    0x0, 0x0, 0x0, 0x0, 0x0, 0x0, 0x0, 0x14,
    0xff, 0xff, 0xff, 0xd8, 0x0, 0x0, 0x0, 0x0,
    0x0, 0x0, 0x0, 0x14, 0xff, 0xff, 0xff, 0xd8,
    0x0, 0x0, 0x0, 0x0, 0x0, 0x0, 0x0, 0x14,
    0xff, 0xff, 0xff, 0xd8, 0x0, 0x0, 0x0, 0x0,
    0x0, 0x0, 0x0, 0x14, 0xff, 0xff, 0xff, 0xd8,
    0x0, 0x0, 0x0, 0x0, 0x0, 0x0, 0x0, 0x14,
    0xff, 0xff, 0xff, 0xd8, 0x0, 0x0, 0x0, 0x0,
    0x0, 0x0, 0x0, 0x14, 0xff, 0xff, 0xff, 0xd8,
    0x0, 0x0, 0x0, 0x0, 0x0, 0x0, 0x0, 0x14,
    0xff, 0xff, 0xff, 0xd8, 0x0, 0x0, 0x0, 0x0,
    0x0, 0x0, 0x0, 0x14, 0xff, 0xff, 0xff, 0xd8,
    0x0, 0x0, 0x0, 0x0, 0x0, 0x0, 0x0, 0x15,
    0xff, 0xff, 0xff, 0xd7, 0x0, 0x0, 0x0, 0x0,
    0x0, 0x0, 0x0, 0x3a, 0xff, 0xff, 0xff, 0xca,
    0x0, 0x0, 0x0, 0x0, 0x0, 0x72, 0x9f, 0xe4,
    0xff, 0xff, 0xff, 0xa5, 0x0, 0x0, 0x0, 0x0,
    0x0, 0xd8, 0xff, 0xff, 0xff, 0xff, 0xff, 0x4e,
    0x0, 0x0, 0x0, 0x0, 0x21, 0xff, 0xff, 0xff,
    0xff, 0xff, 0xaa, 0x0, 0x0, 0x0, 0x0, 0x0,
    0x3b, 0xd5, 0xf6, 0xf6, 0xce, 0x6d, 0x2, 0x0,
    0x0, 0x0, 0x0, 0x0,

    /* U+0136 "Ķ" */
    0xd8, 0xff, 0xff, 0xff, 0x34, 0x0, 0x0, 0x0,
    0x0, 0x0, 0x0, 0x2d, 0xf1, 0xff, 0xff, 0xff,
    0xdf, 0x12, 0x0, 0xd8, 0xff, 0xff, 0xff, 0x34,
    0x0, 0x0, 0x0, 0x0, 0x0, 0x1a, 0xe2, 0xff,
    0xff, 0xff, 0xec, 0x27, 0x0, 0x0, 0xd8, 0xff,
    0xff, 0xff, 0x34, 0x0, 0x0, 0x0, 0x0, 0xc,
    0xce, 0xff, 0xff, 0xff, 0xf6, 0x39, 0x0, 0x0,
    0x0, 0xd8, 0xff, 0xff, 0xff, 0x34, 0x0, 0x0,
    0x0, 0x3, 0xb5, 0xff, 0xff, 0xff, 0xfc, 0x4f,
    0x0, 0x0, 0x0, 0x0, 0xd8, 0xff, 0xff, 0xff,
    0x34, 0x0, 0x0, 0x0, 0x97, 0xff, 0xff, 0xff,
    0xff, 0x69, 0x0, 0x0, 0x0, 0x0, 0x0, 0xd8,
    0xff, 0xff, 0xff, 0x34, 0x0, 0x0, 0x76, 0xff,
    0xff, 0xff, 0xff, 0x85, 0x0, 0x0, 0x0, 0x0,
    0x0, 0x0, 0xd8, 0xff, 0xff, 0xff, 0x34, 0x0,
    0x54, 0xfe, 0xff, 0xff, 0xff, 0xa1, 0x0, 0x0,
    0x0, 0x0, 0x0, 0x0, 0x0, 0xd8, 0xff, 0xff,
    0xff, 0x34, 0x39, 0xf7, 0xff, 0xff, 0xff, 0xb9,
    0x5, 0x0, 0x0, 0x0, 0x0, 0x0, 0x0, 0x0,
    0xd8, 0xff, 0xff, 0xff, 0x57, 0xeb, 0xff, 0xff,
    0xff, 0xce, 0xc, 0x0, 0x0, 0x0, 0x0, 0x0,
    0x0, 0x0, 0x0, 0xd8, 0xff, 0xff, 0xff, 0xfb,
    0xff, 0xff, 0xff, 0xff, 0xcb, 0x5, 0x0, 0x0,
    0x0, 0x0, 0x0, 0x0, 0x0, 0x0, 0xd8, 0xff,
    0xff, 0xff, 0xff, 0xff, 0xff, 0xff, 0xff, 0xff,
    0x87, 0x0, 0x0, 0x0, 0x0, 0x0, 0x0, 0x0,
    0x0, 0xd8, 0xff, 0xff, 0xff, 0xff, 0xff, 0xff,
    0xff, 0xff, 0xff, 0xfd, 0x3f, 0x0, 0x0, 0x0,
    0x0, 0x0, 0x0, 0x0, 0xd8, 0xff, 0xff, 0xff,
    0xff, 0xfe, 0x74, 0xef, 0xff, 0xff, 0xff, 0xe2,
    0x11, 0x0, 0x0, 0x0, 0x0, 0x0, 0x0, 0xd8,
    0xff, 0xff, 0xff, 0xff, 0x75, 0x0, 0x57, 0xff,
    0xff, 0xff, 0xff, 0xaa, 0x0, 0x0, 0x0, 0x0,
    0x0, 0x0, 0xd8, 0xff, 0xff, 0xff, 0x94, 0x0,
    0x0, 0x0, 0x9f, 0xff, 0xff, 0xff, 0xff, 0x61,
    0x0, 0x0, 0x0, 0x0, 0x0, 0xd8, 0xff, 0xff,
    0xff, 0x34, 0x0, 0x0, 0x0, 0xc, 0xda, 0xff,
    0xff, 0xff, 0xf3, 0x24, 0x0, 0x0, 0x0, 0x0,
    0xd8, 0xff, 0xff, 0xff, 0x34, 0x0, 0x0, 0x0,
    0x0, 0x33, 0xfa, 0xff, 0xff, 0xff, 0xc9, 0x4,
    0x0, 0x0, 0x0, 0xd8, 0xff, 0xff, 0xff, 0x34,
    0x0, 0x0, 0x0, 0x0, 0x0, 0x76, 0xff, 0xff,
    0xff, 0xff, 0x84, 0x0, 0x0, 0x0, 0xd8, 0xff,
    0xff, 0xff, 0x34, 0x0, 0x0, 0x0, 0x0, 0x0,
    0x1, 0xbb, 0xff, 0xff, 0xff, 0xfd, 0x3d, 0x0,
    0x0, 0xd8, 0xff, 0xff, 0xff, 0x34, 0x0, 0x0,
    0x0, 0x0, 0x0, 0x0, 0x19, 0xeb, 0xff, 0xff,
    0xff, 0xe1, 0x10, 0x0, 0xd8, 0xff, 0xff, 0xff,
    0x34, 0x0, 0x0, 0x0, 0x0, 0x0, 0x0, 0x0,
    0x4d, 0xff, 0xff, 0xff, 0xff, 0xa8, 0x0, 0x0,
    0x0, 0x0, 0x0, 0x0, 0x0, 0x0, 0x0, 0x0,
    0x0, 0x0, 0x0, 0x0, 0x0, 0x0, 0x0, 0x0,
    0x0, 0x0, 0x0, 0x0, 0x0, 0x0, 0x0, 0x0,
    0x1, 0x55, 0x6f, 0x17, 0x0, 0x0, 0x0, 0x0,
    0x0, 0x0, 0x0, 0x0, 0x0, 0x0, 0x0, 0x0,
    0x0, 0x0, 0x0, 0x90, 0xff, 0xff, 0xe2, 0xe,
    0x0, 0x0, 0x0, 0x0, 0x0, 0x0, 0x0, 0x0,
    0x0, 0x0, 0x0, 0x0, 0x0, 0x0, 0xe4, 0xff,
    0xff, 0xff, 0x46, 0x0, 0x0, 0x0, 0x0, 0x0,
    0x0, 0x0, 0x0, 0x0, 0x0, 0x0, 0x0, 0x0,
    0x0, 0xb2, 0xff, 0xff, 0xfd, 0x20, 0x0, 0x0,
    0x0, 0x0, 0x0, 0x0, 0x0, 0x0, 0x0, 0x0,
    0x0, 0x0, 0x0, 0x0, 0x10, 0xdd, 0xff, 0x8d,
    0x0, 0x0, 0x0, 0x0, 0x0, 0x0, 0x0, 0x0,
    0x0, 0x0, 0x0, 0x0, 0x0, 0x0, 0x0, 0x49,
    0xff, 0xd5, 0x8, 0x0, 0x0, 0x0, 0x0, 0x0,
    0x0, 0x0, 0x0, 0x0, 0x0, 0x0, 0x0, 0x0,
    0x0, 0x0, 0xbc, 0xfb, 0x33, 0x0, 0x0, 0x0,
    0x0, 0x0, 0x0, 0x0, 0x0, 0x0, 0x0, 0x0,
    0x0, 0x0, 0x0, 0x0, 0x0, 0x8, 0x44, 0x0,
    0x0, 0x0, 0x0, 0x0, 0x0, 0x0, 0x0, 0x0,
    0x0, 0x0,

    /* U+0137 "ķ" */
    0x50, 0xff, 0xff, 0xff, 0x9c, 0x0, 0x0, 0x0,
    0x0, 0x0, 0x0, 0x0, 0x0, 0x0, 0x0, 0x0,
    0x50, 0xff, 0xff, 0xff, 0x9c, 0x0, 0x0, 0x0,
    0x0, 0x0, 0x0, 0x0, 0x0, 0x0, 0x0, 0x0,
    0x50, 0xff, 0xff, 0xff, 0x9c, 0x0, 0x0, 0x0,
    0x0, 0x0, 0x0, 0x0, 0x0, 0x0, 0x0, 0x0,
    0x50, 0xff, 0xff, 0xff, 0x9c, 0x0, 0x0, 0x0,
    0x0, 0x0, 0x0, 0x0, 0x0, 0x0, 0x0, 0x0,
    0x50, 0xff, 0xff, 0xff, 0x9c, 0x0, 0x0, 0x0,
    0x0, 0x0, 0x0, 0x0, 0x0, 0x0, 0x0, 0x0,
    0x50, 0xff, 0xff, 0xff, 0x9c, 0x0, 0x0, 0x0,
    0x0, 0x0, 0x0, 0x0, 0x0, 0x0, 0x0, 0x0,
    0x50, 0xff, 0xff, 0xff, 0x9c, 0x0, 0x0, 0x0,
    0x9, 0xbe, 0xff, 0xff, 0xff, 0xfb, 0x4c, 0x0,
    0x50, 0xff, 0xff, 0xff, 0x9c, 0x0, 0x0, 0x7,
    0xb9, 0xff, 0xff, 0xff, 0xfb, 0x54, 0x0, 0x0,
    0x50, 0xff, 0xff, 0xff, 0x9c, 0x0, 0x5, 0xb2,
    0xff, 0xff, 0xff, 0xfb, 0x54, 0x0, 0x0, 0x0,
    0x50, 0xff, 0xff, 0xff, 0x9c, 0x3, 0xac, 0xff,
    0xff, 0xff, 0xfb, 0x54, 0x0, 0x0, 0x0, 0x0,
    0x50, 0xff, 0xff, 0xff, 0x9e, 0xa5, 0xff, 0xff,
    0xff, 0xfb, 0x54, 0x0, 0x0, 0x0, 0x0, 0x0,
    0x50, 0xff, 0xff, 0xff, 0xfc, 0xff, 0xff, 0xff,
    0xff, 0x62, 0x0, 0x0, 0x0, 0x0, 0x0, 0x0,
    0x50, 0xff, 0xff, 0xff, 0xff, 0xff, 0xff, 0xff,
    0xff, 0x9d, 0x0, 0x0, 0x0, 0x0, 0x0, 0x0,
    0x50, 0xff, 0xff, 0xff, 0xff, 0xff, 0xff, 0xff,
    0xff, 0xff, 0x40, 0x0, 0x0, 0x0, 0x0, 0x0,
    0x50, 0xff, 0xff, 0xff, 0xff, 0xfc, 0xcd, 0xff,
    0xff, 0xff, 0xda, 0x8, 0x0, 0x0, 0x0, 0x0,
    0x50, 0xff, 0xff, 0xff, 0xfd, 0x5b, 0x17, 0xef,
    0xff, 0xff, 0xff, 0x85, 0x0, 0x0, 0x0, 0x0,
    0x50, 0xff, 0xff, 0xff, 0xa3, 0x0, 0x0, 0x69,
    0xff, 0xff, 0xff, 0xfa, 0x2d, 0x0, 0x0, 0x0,
    0x50, 0xff, 0xff, 0xff, 0x9c, 0x0, 0x0, 0x2,
    0xc8, 0xff, 0xff, 0xff, 0xc8, 0x2, 0x0, 0x0,
    0x50, 0xff, 0xff, 0xff, 0x9c, 0x0, 0x0, 0x0,
    0x30, 0xfc, 0xff, 0xff, 0xff, 0x6d, 0x0, 0x0,
    0x50, 0xff, 0xff, 0xff, 0x9c, 0x0, 0x0, 0x0,
    0x0, 0x8e, 0xff, 0xff, 0xff, 0xf2, 0x1c, 0x0,
    0x50, 0xff, 0xff, 0xff, 0x9c, 0x0, 0x0, 0x0,
    0x0, 0xc, 0xe2, 0xff, 0xff, 0xff, 0xb2, 0x0,
    0x0, 0x0, 0x0, 0x0, 0x0, 0x0, 0x0, 0x0,
    0x0, 0x0, 0x0, 0x0, 0x0, 0x0, 0x0, 0x0,
    0x0, 0x0, 0x0, 0x0, 0x0, 0x6, 0x60, 0x6a,
    0xd, 0x0, 0x0, 0x0, 0x0, 0x0, 0x0, 0x0,
    0x0, 0x0, 0x0, 0x0, 0x0, 0xb0, 0xff, 0xff,
    0xcd, 0x3, 0x0, 0x0, 0x0, 0x0, 0x0, 0x0,
    0x0, 0x0, 0x0, 0x0, 0x6, 0xfe, 0xff, 0xff,
    0xff, 0x26, 0x0, 0x0, 0x0, 0x0, 0x0, 0x0,
    0x0, 0x0, 0x0, 0x0, 0x0, 0xd2, 0xff, 0xff,
    0xf2, 0xb, 0x0, 0x0, 0x0, 0x0, 0x0, 0x0,
    0x0, 0x0, 0x0, 0x0, 0x0, 0x1d, 0xf1, 0xff,
    0x6c, 0x0, 0x0, 0x0, 0x0, 0x0, 0x0, 0x0,
    0x0, 0x0, 0x0, 0x0, 0x0, 0x6c, 0xff, 0xba,
    0x1, 0x0, 0x0, 0x0, 0x0, 0x0, 0x0, 0x0,
    0x0, 0x0, 0x0, 0x0, 0x4, 0xdc, 0xef, 0x1c,
    0x0, 0x0, 0x0, 0x0, 0x0, 0x0, 0x0, 0x0,
    0x0, 0x0, 0x0, 0x0, 0x0, 0x11, 0x3b, 0x0,
    0x0, 0x0, 0x0, 0x0, 0x0, 0x0, 0x0, 0x0,

    /* U+0138 "ĸ" */
    0x50, 0xff, 0xff, 0xff, 0x9c, 0x0, 0x0, 0x0,
    0x3, 0xc3, 0xff, 0xff, 0xff, 0xe8, 0x13, 0x50,
    0xff, 0xff, 0xff, 0x9c, 0x0, 0x0, 0x0, 0x86,
    0xff, 0xff, 0xff, 0xfc, 0x41, 0x0, 0x50, 0xff,
    0xff, 0xff, 0x9c, 0x0, 0x0, 0x45, 0xfe, 0xff,
    0xff, 0xff, 0x78, 0x0, 0x0, 0x50, 0xff, 0xff,
    0xff, 0x9c, 0x0, 0x18, 0xe9, 0xff, 0xff, 0xff,
    0xb2, 0x1, 0x0, 0x0, 0x50, 0xff, 0xff, 0xff,
    0x9c, 0x2, 0xbd, 0xff, 0xff, 0xff, 0xde, 0x10,
    0x0, 0x0, 0x0, 0x50, 0xff, 0xff, 0xff, 0x9c,
    0x7f, 0xff, 0xff, 0xff, 0xf8, 0x32, 0x0, 0x0,
    0x0, 0x0, 0x50, 0xff, 0xff, 0xff, 0xdd, 0xfc,
    0xff, 0xff, 0xff, 0x65, 0x0, 0x0, 0x0, 0x0,
    0x0, 0x50, 0xff, 0xff, 0xff, 0xf4, 0xff, 0xff,
    0xff, 0xff, 0x41, 0x0, 0x0, 0x0, 0x0, 0x0,
    0x50, 0xff, 0xff, 0xff, 0x9c, 0xb0, 0xff, 0xff,
    0xff, 0xe3, 0x11, 0x0, 0x0, 0x0, 0x0, 0x50,
    0xff, 0xff, 0xff, 0x9c, 0x14, 0xe7, 0xff, 0xff,
    0xff, 0xa9, 0x0, 0x0, 0x0, 0x0, 0x50, 0xff,
    0xff, 0xff, 0x9c, 0x0, 0x47, 0xfe, 0xff, 0xff,
    0xff, 0x5e, 0x0, 0x0, 0x0, 0x50, 0xff, 0xff,
    0xff, 0x9c, 0x0, 0x0, 0x90, 0xff, 0xff, 0xff,
    0xf1, 0x20, 0x0, 0x0, 0x50, 0xff, 0xff, 0xff,
    0x9c, 0x0, 0x0, 0x7, 0xd2, 0xff, 0xff, 0xff,
    0xc4, 0x3, 0x0, 0x50, 0xff, 0xff, 0xff, 0x9c,
    0x0, 0x0, 0x0, 0x2d, 0xf7, 0xff, 0xff, 0xff,
    0x7c, 0x0, 0x50, 0xff, 0xff, 0xff, 0x9c, 0x0,
    0x0, 0x0, 0x0, 0x6f, 0xff, 0xff, 0xff, 0xfb,
    0x36,

    /* U+0139 "Ĺ" */
    0x0, 0x80, 0xff, 0xff, 0xff, 0xde, 0xb, 0x0,
    0x0, 0x0, 0x0, 0x0, 0x0, 0x0, 0x0, 0xcf,
    0xff, 0xff, 0xfe, 0x40, 0x0, 0x0, 0x0, 0x0,
    0x0, 0x0, 0x0, 0x0, 0x1f, 0xff, 0xff, 0xff,
    0x92, 0x0, 0x0, 0x0, 0x0, 0x0, 0x0, 0x0,
    0x0, 0x0, 0x6e, 0xff, 0xff, 0xdc, 0xa, 0x0,
    0x0, 0x0, 0x0, 0x0, 0x0, 0x0, 0x0, 0x0,
    0x4, 0x8, 0x8, 0x4, 0x0, 0x0, 0x0, 0x0,
    0x0, 0x0, 0x0, 0x0, 0x0, 0x0, 0x0, 0x0,
    0x0, 0x0, 0x0, 0x0, 0x0, 0x0, 0x0, 0x0,
    0x0, 0x0, 0x0, 0x0, 0xd8, 0xff, 0xff, 0xff,
    0x34, 0x0, 0x0, 0x0, 0x0, 0x0, 0x0, 0x0,
    0x0, 0x0, 0xd8, 0xff, 0xff, 0xff, 0x34, 0x0,
    0x0, 0x0, 0x0, 0x0, 0x0, 0x0, 0x0, 0x0,
    0xd8, 0xff, 0xff, 0xff, 0x34, 0x0, 0x0, 0x0,
    0x0, 0x0, 0x0, 0x0, 0x0, 0x0, 0xd8, 0xff,
    0xff, 0xff, 0x34, 0x0, 0x0, 0x0, 0x0, 0x0,
    0x0, 0x0, 0x0, 0x0, 0xd8, 0xff, 0xff, 0xff,
    0x34, 0x0, 0x0, 0x0, 0x0, 0x0, 0x0, 0x0,
    0x0, 0x0, 0xd8, 0xff, 0xff, 0xff, 0x34, 0x0,
    0x0, 0x0, 0x0, 0x0, 0x0, 0x0, 0x0, 0x0,
    0xd8, 0xff, 0xff, 0xff, 0x34, 0x0, 0x0, 0x0,
    0x0, 0x0, 0x0, 0x0, 0x0, 0x0, 0xd8, 0xff,
    0xff, 0xff, 0x34, 0x0, 0x0, 0x0, 0x0, 0x0,
    0x0, 0x0, 0x0, 0x0, 0xd8, 0xff, 0xff, 0xff,
    0x34, 0x0, 0x0, 0x0, 0x0, 0x0, 0x0, 0x0,
    0x0, 0x0, 0xd8, 0xff, 0xff, 0xff, 0x34, 0x0,
    0x0, 0x0, 0x0, 0x0, 0x0, 0x0, 0x0, 0x0,
    0xd8, 0xff, 0xff, 0xff, 0x34, 0x0, 0x0, 0x0,
    0x0, 0x0, 0x0, 0x0, 0x0, 0x0, 0xd8, 0xff,
    0xff, 0xff, 0x34, 0x0, 0x0, 0x0, 0x0, 0x0,
    0x0, 0x0, 0x0, 0x0, 0xd8, 0xff, 0xff, 0xff,
    0x34, 0x0, 0x0, 0x0, 0x0, 0x0, 0x0, 0x0,
    0x0, 0x0, 0xd8, 0xff, 0xff, 0xff, 0x34, 0x0,
    0x0, 0x0, 0x0, 0x0, 0x0, 0x0, 0x0, 0x0,
    0xd8, 0xff, 0xff, 0xff, 0x34, 0x0, 0x0, 0x0,
    0x0, 0x0, 0x0, 0x0, 0x0, 0x0, 0xd8, 0xff,
    0xff, 0xff, 0x34, 0x0, 0x0, 0x0, 0x0, 0x0,
    0x0, 0x0, 0x0, 0x0, 0xd8, 0xff, 0xff, 0xff,
    0x34, 0x0, 0x0, 0x0, 0x0, 0x0, 0x0, 0x0,
    0x0, 0x0, 0xd8, 0xff, 0xff, 0xff, 0xd6, 0xcc,
    0xcc, 0xcc, 0xcc, 0xcc, 0xcc, 0xcc, 0xcc, 0x3c,
    0xd8, 0xff, 0xff, 0xff, 0xff, 0xff, 0xff, 0xff,
    0xff, 0xff, 0xff, 0xff, 0xff, 0x4c, 0xd8, 0xff,
    0xff, 0xff, 0xff, 0xff, 0xff, 0xff, 0xff, 0xff,
    0xff, 0xff, 0xff, 0x4c, 0xd8, 0xff, 0xff, 0xff,
    0xff, 0xff, 0xff, 0xff, 0xff, 0xff, 0xff, 0xff,
    0xff, 0x4c,

    /* U+013A "ĺ" */
    0x0, 0xa, 0xf6, 0xff, 0xff, 0xff, 0x66, 0x0,
    0x51, 0xff, 0xff, 0xff, 0xbb, 0x0, 0x0, 0xa1,
    0xff, 0xff, 0xf2, 0x1e, 0x0, 0x4, 0xed, 0xff,
    0xff, 0x66, 0x0, 0x0, 0x0, 0x8, 0x8, 0x8,
    0x0, 0x0, 0x0, 0x0, 0x0, 0x0, 0x0, 0x0,
    0x0, 0x0, 0x50, 0xff, 0xff, 0xff, 0x9c, 0x0,
    0x0, 0x50, 0xff, 0xff, 0xff, 0x9c, 0x0, 0x0,
    0x50, 0xff, 0xff, 0xff, 0x9c, 0x0, 0x0, 0x50,
    0xff, 0xff, 0xff, 0x9c, 0x0, 0x0, 0x50, 0xff,
    0xff, 0xff, 0x9c, 0x0, 0x0, 0x50, 0xff, 0xff,
    0xff, 0x9c, 0x0, 0x0, 0x50, 0xff, 0xff, 0xff,
    0x9c, 0x0, 0x0, 0x50, 0xff, 0xff, 0xff, 0x9c,
    0x0, 0x0, 0x50, 0xff, 0xff, 0xff, 0x9c, 0x0,
    0x0, 0x50, 0xff, 0xff, 0xff, 0x9c, 0x0, 0x0,
    0x50, 0xff, 0xff, 0xff, 0x9c, 0x0, 0x0, 0x50,
    0xff, 0xff, 0xff, 0x9c, 0x0, 0x0, 0x50, 0xff,
    0xff, 0xff, 0x9c, 0x0, 0x0, 0x50, 0xff, 0xff,
    0xff, 0x9c, 0x0, 0x0, 0x50, 0xff, 0xff, 0xff,
    0x9c, 0x0, 0x0, 0x50, 0xff, 0xff, 0xff, 0x9c,
    0x0, 0x0, 0x50, 0xff, 0xff, 0xff, 0x9c, 0x0,
    0x0, 0x50, 0xff, 0xff, 0xff, 0x9c, 0x0, 0x0,
    0x50, 0xff, 0xff, 0xff, 0x9c, 0x0, 0x0, 0x50,
    0xff, 0xff, 0xff, 0x9c, 0x0, 0x0, 0x50, 0xff,
    0xff, 0xff, 0x9c, 0x0, 0x0,

    /* U+013B "Ļ" */
    0xd8, 0xff, 0xff, 0xff, 0x34, 0x0, 0x0, 0x0,
    0x0, 0x0, 0x0, 0x0, 0x0, 0x0, 0xd8, 0xff,
    0xff, 0xff, 0x34, 0x0, 0x0, 0x0, 0x0, 0x0,
    0x0, 0x0, 0x0, 0x0, 0xd8, 0xff, 0xff, 0xff,
    0x34, 0x0, 0x0, 0x0, 0x0, 0x0, 0x0, 0x0,
    0x0, 0x0, 0xd8, 0xff, 0xff, 0xff, 0x34, 0x0,
    0x0, 0x0, 0x0, 0x0, 0x0, 0x0, 0x0, 0x0,
    0xd8, 0xff, 0xff, 0xff, 0x34, 0x0, 0x0, 0x0,
    0x0, 0x0, 0x0, 0x0, 0x0, 0x0, 0xd8, 0xff,
    0xff, 0xff, 0x34, 0x0, 0x0, 0x0, 0x0, 0x0,
    0x0, 0x0, 0x0, 0x0, 0xd8, 0xff, 0xff, 0xff,
    0x34, 0x0, 0x0, 0x0, 0x0, 0x0, 0x0, 0x0,
    0x0, 0x0, 0xd8, 0xff, 0xff, 0xff, 0x34, 0x0,
    0x0, 0x0, 0x0, 0x0, 0x0, 0x0, 0x0, 0x0,
    0xd8, 0xff, 0xff, 0xff, 0x34, 0x0, 0x0, 0x0,
    0x0, 0x0, 0x0, 0x0, 0x0, 0x0, 0xd8, 0xff,
    0xff, 0xff, 0x34, 0x0, 0x0, 0x0, 0x0, 0x0,
    0x0, 0x0, 0x0, 0x0, 0xd8, 0xff, 0xff, 0xff,
    0x34, 0x0, 0x0, 0x0, 0x0, 0x0, 0x0, 0x0,
    0x0, 0x0, 0xd8, 0xff, 0xff, 0xff, 0x34, 0x0,
    0x0, 0x0, 0x0, 0x0, 0x0, 0x0, 0x0, 0x0,
    0xd8, 0xff, 0xff, 0xff, 0x34, 0x0, 0x0, 0x0,
    0x0, 0x0, 0x0, 0x0, 0x0, 0x0, 0xd8, 0xff,
    0xff, 0xff, 0x34, 0x0, 0x0, 0x0, 0x0, 0x0,
    0x0, 0x0, 0x0, 0x0, 0xd8, 0xff, 0xff, 0xff,
    0x34, 0x0, 0x0, 0x0, 0x0, 0x0, 0x0, 0x0,
    0x0, 0x0, 0xd8, 0xff, 0xff, 0xff, 0x34, 0x0,
    0x0, 0x0, 0x0, 0x0, 0x0, 0x0, 0x0, 0x0,
    0xd8, 0xff, 0xff, 0xff, 0x34, 0x0, 0x0, 0x0,
    0x0, 0x0, 0x0, 0x0, 0x0, 0x0, 0xd8, 0xff,
    0xff, 0xff, 0xd6, 0xcc, 0xcc, 0xcc, 0xcc, 0xcc,
    0xcc, 0xcc, 0xcc, 0x3c, 0xd8, 0xff, 0xff, 0xff,
    0xff, 0xff, 0xff, 0xff, 0xff, 0xff, 0xff, 0xff,
    0xff, 0x4c, 0xd8, 0xff, 0xff, 0xff, 0xff, 0xff,
    0xff, 0xff, 0xff, 0xff, 0xff, 0xff, 0xff, 0x4c,
    0xd8, 0xff, 0xff, 0xff, 0xff, 0xff, 0xff, 0xff,
    0xff, 0xff, 0xff, 0xff, 0xff, 0x4c, 0x0, 0x0,
    0x0, 0x0, 0x0, 0x0, 0x0, 0x0, 0x0, 0x0,
    0x0, 0x0, 0x0, 0x0, 0x0, 0x0, 0x0, 0x0,
    0x0, 0x1f, 0x71, 0x4d, 0x0, 0x0, 0x0, 0x0,
    0x0, 0x0, 0x0, 0x0, 0x0, 0x0, 0x19, 0xee,
    0xff, 0xff, 0x79, 0x0, 0x0, 0x0, 0x0, 0x0,
    0x0, 0x0, 0x0, 0x0, 0x5c, 0xff, 0xff, 0xff,
    0xce, 0x0, 0x0, 0x0, 0x0, 0x0, 0x0, 0x0,
    0x0, 0x0, 0x2e, 0xfc, 0xff, 0xff, 0xa5, 0x0,
    0x0, 0x0, 0x0, 0x0, 0x0, 0x0, 0x0, 0x0,
    0x0, 0x65, 0xff, 0xf3, 0x22, 0x0, 0x0, 0x0,
    0x0, 0x0, 0x0, 0x0, 0x0, 0x0, 0x1, 0xc0,
    0xff, 0x65, 0x0, 0x0, 0x0, 0x0, 0x0, 0x0,
    0x0, 0x0, 0x0, 0x0, 0x38, 0xfc, 0xb5, 0x0,
    0x0, 0x0, 0x0, 0x0, 0x0, 0x0, 0x0, 0x0,
    0x0, 0x0, 0x0, 0x33, 0x19, 0x0, 0x0, 0x0,
    0x0, 0x0, 0x0, 0x0,

    /* U+013C "ļ" */
    0x50, 0xff, 0xff, 0xff, 0x9c, 0x50, 0xff, 0xff,
    0xff, 0x9c, 0x50, 0xff, 0xff, 0xff, 0x9c, 0x50,
    0xff, 0xff, 0xff, 0x9c, 0x50, 0xff, 0xff, 0xff,
    0x9c, 0x50, 0xff, 0xff, 0xff, 0x9c, 0x50, 0xff,
    0xff, 0xff, 0x9c, 0x50, 0xff, 0xff, 0xff, 0x9c,
    0x50, 0xff, 0xff, 0xff, 0x9c, 0x50, 0xff, 0xff,
    0xff, 0x9c, 0x50, 0xff, 0xff, 0xff, 0x9c, 0x50,
    0xff, 0xff, 0xff, 0x9c, 0x50, 0xff, 0xff, 0xff,
    0x9c, 0x50, 0xff, 0xff, 0xff, 0x9c, 0x50, 0xff,
    0xff, 0xff, 0x9c, 0x50, 0xff, 0xff, 0xff, 0x9c,
    0x50, 0xff, 0xff, 0xff, 0x9c, 0x50, 0xff, 0xff,
    0xff, 0x9c, 0x50, 0xff, 0xff, 0xff, 0x9c, 0x50,
    0xff, 0xff, 0xff, 0x9c, 0x50, 0xff, 0xff, 0xff,
    0x9c, 0x0, 0x0, 0x0, 0x0, 0x0, 0x0, 0x25,
    0x72, 0x46, 0x0, 0x23, 0xf4, 0xff, 0xff, 0x69,
    0x6c, 0xff, 0xff, 0xff, 0xbe, 0x3c, 0xfe, 0xff,
    0xff, 0x95, 0x0, 0x79, 0xff, 0xec, 0x18, 0x4,
    0xd0, 0xff, 0x53, 0x0, 0x4a, 0xfe, 0xa3, 0x0,
    0x0, 0x0, 0x3c, 0xf, 0x0, 0x0,

    /* U+013D "Ľ" */
    0xd8, 0xff, 0xff, 0xff, 0x34, 0x0, 0x0, 0x0,
    0xc4, 0xff, 0xff, 0xff, 0x44, 0x0, 0xd8, 0xff,
    0xff, 0xff, 0x34, 0x0, 0x0, 0x0, 0xc4, 0xff,
    0xff, 0xfe, 0x10, 0x0, 0xd8, 0xff, 0xff, 0xff,
    0x34, 0x0, 0x0, 0x0, 0xc4, 0xff, 0xff, 0xda,
    0x0, 0x0, 0xd8, 0xff, 0xff, 0xff, 0x34, 0x0,
    0x0, 0x0, 0xc4, 0xff, 0xff, 0xa5, 0x0, 0x0,
    0xd8, 0xff, 0xff, 0xff, 0x34, 0x0, 0x0, 0x0,
    0xc4, 0xff, 0xff, 0x70, 0x0, 0x0, 0xd8, 0xff,
    0xff, 0xff, 0x34, 0x0, 0x0, 0x0, 0xc4, 0xff,
    0xff, 0x3b, 0x0, 0x0, 0xd8, 0xff, 0xff, 0xff,
    0x34, 0x0, 0x0, 0x0, 0x6b, 0x8c, 0x8c, 0xa,
    0x0, 0x0, 0xd8, 0xff, 0xff, 0xff, 0x34, 0x0,
    0x0, 0x0, 0x0, 0x0, 0x0, 0x0, 0x0, 0x0,
    0xd8, 0xff, 0xff, 0xff, 0x34, 0x0, 0x0, 0x0,
    0x0, 0x0, 0x0, 0x0, 0x0, 0x0, 0xd8, 0xff,
    0xff, 0xff, 0x34, 0x0, 0x0, 0x0, 0x0, 0x0,
    0x0, 0x0, 0x0, 0x0, 0xd8, 0xff, 0xff, 0xff,
    0x34, 0x0, 0x0, 0x0, 0x0, 0x0, 0x0, 0x0,
    0x0, 0x0, 0xd8, 0xff, 0xff, 0xff, 0x34, 0x0,
    0x0, 0x0, 0x0, 0x0, 0x0, 0x0, 0x0, 0x0,
    0xd8, 0xff, 0xff, 0xff, 0x34, 0x0, 0x0, 0x0,
    0x0, 0x0, 0x0, 0x0, 0x0, 0x0, 0xd8, 0xff,
    0xff, 0xff, 0x34, 0x0, 0x0, 0x0, 0x0, 0x0,
    0x0, 0x0, 0x0, 0x0, 0xd8, 0xff, 0xff, 0xff,
    0x34, 0x0, 0x0, 0x0, 0x0, 0x0, 0x0, 0x0,
    0x0, 0x0, 0xd8, 0xff, 0xff, 0xff, 0x34, 0x0,
    0x0, 0x0, 0x0, 0x0, 0x0, 0x0, 0x0, 0x0,
    0xd8, 0xff, 0xff, 0xff, 0x34, 0x0, 0x0, 0x0,
    0x0, 0x0, 0x0, 0x0, 0x0, 0x0, 0xd8, 0xff,
    0xff, 0xff, 0xd6, 0xcc, 0xcc, 0xcc, 0xcc, 0xcc,
    0xcc, 0xcc, 0xcc, 0x3c, 0xd8, 0xff, 0xff, 0xff,
    0xff, 0xff, 0xff, 0xff, 0xff, 0xff, 0xff, 0xff,
    0xff, 0x4c, 0xd8, 0xff, 0xff, 0xff, 0xff, 0xff,
    0xff, 0xff, 0xff, 0xff, 0xff, 0xff, 0xff, 0x4c,
    0xd8, 0xff, 0xff, 0xff, 0xff, 0xff, 0xff, 0xff,
    0xff, 0xff, 0xff, 0xff, 0xff, 0x4c,

    /* U+013E "ľ" */
    0xb8, 0xff, 0xff, 0xff, 0x34, 0x0, 0xf0, 0xff,
    0xff, 0xff, 0x19, 0xb8, 0xff, 0xff, 0xff, 0x34,
    0x0, 0xf0, 0xff, 0xff, 0xe4, 0x0, 0xb8, 0xff,
    0xff, 0xff, 0x34, 0x0, 0xf0, 0xff, 0xff, 0xb0,
    0x0, 0xb8, 0xff, 0xff, 0xff, 0x34, 0x0, 0xf0,
    0xff, 0xff, 0x7b, 0x0, 0xb8, 0xff, 0xff, 0xff,
    0x34, 0x0, 0xf0, 0xff, 0xff, 0x47, 0x0, 0xb8,
    0xff, 0xff, 0xff, 0x34, 0x0, 0xf0, 0xff, 0xff,
    0x13, 0x0, 0xb8, 0xff, 0xff, 0xff, 0x34, 0x0,
    0x83, 0x8c, 0x7f, 0x0, 0x0, 0xb8, 0xff, 0xff,
    0xff, 0x34, 0x0, 0x0, 0x0, 0x0, 0x0, 0x0,
    0xb8, 0xff, 0xff, 0xff, 0x34, 0x0, 0x0, 0x0,
    0x0, 0x0, 0x0, 0xb8, 0xff, 0xff, 0xff, 0x34,
    0x0, 0x0, 0x0, 0x0, 0x0, 0x0, 0xb8, 0xff,
    0xff, 0xff, 0x34, 0x0, 0x0, 0x0, 0x0, 0x0,
    0x0, 0xb8, 0xff, 0xff, 0xff, 0x34, 0x0, 0x0,
    0x0, 0x0, 0x0, 0x0, 0xb8, 0xff, 0xff, 0xff,
    0x34, 0x0, 0x0, 0x0, 0x0, 0x0, 0x0, 0xb8,
    0xff, 0xff, 0xff, 0x34, 0x0, 0x0, 0x0, 0x0,
    0x0, 0x0, 0xb8, 0xff, 0xff, 0xff, 0x34, 0x0,
    0x0, 0x0, 0x0, 0x0, 0x0, 0xb8, 0xff, 0xff,
    0xff, 0x34, 0x0, 0x0, 0x0, 0x0, 0x0, 0x0,
    0xb8, 0xff, 0xff, 0xff, 0x34, 0x0, 0x0, 0x0,
    0x0, 0x0, 0x0, 0xb8, 0xff, 0xff, 0xff, 0x34,
    0x0, 0x0, 0x0, 0x0, 0x0, 0x0, 0xb8, 0xff,
    0xff, 0xff, 0x34, 0x0, 0x0, 0x0, 0x0, 0x0,
    0x0, 0xb8, 0xff, 0xff, 0xff, 0x34, 0x0, 0x0,
    0x0, 0x0, 0x0, 0x0, 0xb8, 0xff, 0xff, 0xff,
    0x34, 0x0, 0x0, 0x0, 0x0, 0x0, 0x0,

    /* U+013F "Ŀ" */
    0xd8, 0xff, 0xff, 0xff, 0x34, 0x0, 0x0, 0x0,
    0x0, 0x0, 0x0, 0x0, 0x0, 0x0, 0xd8, 0xff,
    0xff, 0xff, 0x34, 0x0, 0x0, 0x0, 0x0, 0x0,
    0x0, 0x0, 0x0, 0x0, 0xd8, 0xff, 0xff, 0xff,
    0x34, 0x0, 0x0, 0x0, 0x0, 0x0, 0x0, 0x0,
    0x0, 0x0, 0xd8, 0xff, 0xff, 0xff, 0x34, 0x0,
    0x0, 0x0, 0x0, 0x0, 0x0, 0x0, 0x0, 0x0,
    0xd8, 0xff, 0xff, 0xff, 0x34, 0x0, 0x0, 0x0,
    0x0, 0x0, 0x0, 0x0, 0x0, 0x0, 0xd8, 0xff,
    0xff, 0xff, 0x34, 0x0, 0x0, 0x0, 0x0, 0x0,
    0x0, 0x0, 0x0, 0x0, 0xd8, 0xff, 0xff, 0xff,
    0x34, 0x0, 0x0, 0x0, 0x0, 0x0, 0x0, 0x0,
    0x0, 0x0, 0xd8, 0xff, 0xff, 0xff, 0x34, 0x0,
    0x0, 0x0, 0x0, 0x0, 0x0, 0x0, 0x0, 0x0,
    0xd8, 0xff, 0xff, 0xff, 0x34, 0x0, 0x0, 0x3f,
    0xd2, 0xf1, 0xa8, 0x10, 0x0, 0x0, 0xd8, 0xff,
    0xff, 0xff, 0x34, 0x0, 0x11, 0xef, 0xff, 0xff,
    0xff, 0x9a, 0x0, 0x0, 0xd8, 0xff, 0xff, 0xff,
    0x34, 0x0, 0x3f, 0xff, 0xff, 0xff, 0xff, 0xd7,
    0x0, 0x0, 0xd8, 0xff, 0xff, 0xff, 0x34, 0x0,
    0x19, 0xf9, 0xff, 0xff, 0xff, 0xab, 0x0, 0x0,
    0xd8, 0xff, 0xff, 0xff, 0x34, 0x0, 0x0, 0x5e,
    0xf4, 0xff, 0xd0, 0x1e, 0x0, 0x0, 0xd8, 0xff,
    0xff, 0xff, 0x34, 0x0, 0x0, 0x0, 0x6, 0x1a,
    0x0, 0x0, 0x0, 0x0, 0xd8, 0xff, 0xff, 0xff,
    0x34, 0x0, 0x0, 0x0, 0x0, 0x0, 0x0, 0x0,
    0x0, 0x0, 0xd8, 0xff, 0xff, 0xff, 0x34, 0x0,
    0x0, 0x0, 0x0, 0x0, 0x0, 0x0, 0x0, 0x0,
    0xd8, 0xff, 0xff, 0xff, 0x34, 0x0, 0x0, 0x0,
    0x0, 0x0, 0x0, 0x0, 0x0, 0x0, 0xd8, 0xff,
    0xff, 0xff, 0xd6, 0xcc, 0xcc, 0xcc, 0xcc, 0xcc,
    0xcc, 0xcc, 0xcc, 0x3c, 0xd8, 0xff, 0xff, 0xff,
    0xff, 0xff, 0xff, 0xff, 0xff, 0xff, 0xff, 0xff,
    0xff, 0x4c, 0xd8, 0xff, 0xff, 0xff, 0xff, 0xff,
    0xff, 0xff, 0xff, 0xff, 0xff, 0xff, 0xff, 0x4c,
    0xd8, 0xff, 0xff, 0xff, 0xff, 0xff, 0xff, 0xff,
    0xff, 0xff, 0xff, 0xff, 0xff, 0x4c,

    /* U+0141 "Ł" */
    0x0, 0x0, 0x0, 0x58, 0xff, 0xff, 0xff, 0xb4,
    0x0, 0x0, 0x0, 0x0, 0x0, 0x0, 0x0, 0x0,
    0x0, 0x0, 0x0, 0x0, 0x58, 0xff, 0xff, 0xff,
    0xb4, 0x0, 0x0, 0x0, 0x0, 0x0, 0x0, 0x0,
    0x0, 0x0, 0x0, 0x0, 0x0, 0x58, 0xff, 0xff,
    0xff, 0xb4, 0x0, 0x0, 0x0, 0x0, 0x0, 0x0,
    0x0, 0x0, 0x0, 0x0, 0x0, 0x0, 0x58, 0xff,
    0xff, 0xff, 0xb4, 0x0, 0x0, 0x0, 0x0, 0x0,
    0x0, 0x0, 0x0, 0x0, 0x0, 0x0, 0x0, 0x58,
    0xff, 0xff, 0xff, 0xb4, 0x0, 0x0, 0x0, 0x0,
    0x0, 0x0, 0x0, 0x0, 0x0, 0x0, 0x0, 0x0,
    0x58, 0xff, 0xff, 0xff, 0xb4, 0x0, 0x0, 0x5d,
    0x24, 0x0, 0x0, 0x0, 0x0, 0x0, 0x0, 0x0,
    0x0, 0x58, 0xff, 0xff, 0xff, 0xb4, 0x2a, 0xc0,
    0xff, 0xbc, 0x0, 0x0, 0x0, 0x0, 0x0, 0x0,
    0x0, 0x0, 0x58, 0xff, 0xff, 0xff, 0xec, 0xfa,
    0xff, 0xff, 0xff, 0x60, 0x0, 0x0, 0x0, 0x0,
    0x0, 0x0, 0x0, 0x58, 0xff, 0xff, 0xff, 0xff,
    0xff, 0xff, 0xff, 0xc0, 0x29, 0x0, 0x0, 0x0,
    0x0, 0x0, 0x0, 0x0, 0x5a, 0xff, 0xff, 0xff,
    0xff, 0xff, 0xea, 0x60, 0x0, 0x0, 0x0, 0x0,
    0x0, 0x0, 0x0, 0x1, 0x66, 0xee, 0xff, 0xff,
    0xff, 0xfe, 0x9b, 0x12, 0x0, 0x0, 0x0, 0x0,
    0x0, 0x0, 0x0, 0x30, 0xc7, 0xff, 0xff, 0xff,
    0xff, 0xff, 0xb5, 0x0, 0x0, 0x0, 0x0, 0x0,
    0x0, 0x0, 0x0, 0x0, 0x64, 0xff, 0xff, 0xff,
    0xff, 0xff, 0xff, 0xb4, 0x0, 0x0, 0x0, 0x0,
    0x0, 0x0, 0x0, 0x0, 0x0, 0x0, 0xbd, 0xff,
    0xee, 0xff, 0xff, 0xff, 0xb4, 0x0, 0x0, 0x0,
    0x0, 0x0, 0x0, 0x0, 0x0, 0x0, 0x0, 0x22,
    0x68, 0x5a, 0xff, 0xff, 0xff, 0xb4, 0x0, 0x0,
    0x0, 0x0, 0x0, 0x0, 0x0, 0x0, 0x0, 0x0,
    0x0, 0x0, 0x58, 0xff, 0xff, 0xff, 0xb4, 0x0,
    0x0, 0x0, 0x0, 0x0, 0x0, 0x0, 0x0, 0x0,
    0x0, 0x0, 0x0, 0x58, 0xff, 0xff, 0xff, 0xb4,
    0x0, 0x0, 0x0, 0x0, 0x0, 0x0, 0x0, 0x0,
    0x0, 0x0, 0x0, 0x0, 0x58, 0xff, 0xff, 0xff,
    0xf0, 0xcc, 0xcc, 0xcc, 0xcc, 0xcc, 0xcc, 0xcc,
    0xcc, 0xa2, 0x0, 0x0, 0x0, 0x58, 0xff, 0xff,
    0xff, 0xff, 0xff, 0xff, 0xff, 0xff, 0xff, 0xff,
    0xff, 0xff, 0xcc, 0x0, 0x0, 0x0, 0x58, 0xff,
    0xff, 0xff, 0xff, 0xff, 0xff, 0xff, 0xff, 0xff,
    0xff, 0xff, 0xff, 0xcc, 0x0, 0x0, 0x0, 0x58,
    0xff, 0xff, 0xff, 0xff, 0xff, 0xff, 0xff, 0xff,
    0xff, 0xff, 0xff, 0xff, 0xcc,

    /* U+0142 "ł" */
    0x0, 0x0, 0x0, 0x0, 0xc4, 0xff, 0xff, 0xff,
    0x28, 0x0, 0x0, 0x0, 0x0, 0x0, 0x0, 0x0,
    0xc4, 0xff, 0xff, 0xff, 0x28, 0x0, 0x0, 0x0,
    0x0, 0x0, 0x0, 0x0, 0xc4, 0xff, 0xff, 0xff,
    0x28, 0x0, 0x0, 0x0, 0x0, 0x0, 0x0, 0x0,
    0xc4, 0xff, 0xff, 0xff, 0x28, 0x0, 0x0, 0x0,
    0x0, 0x0, 0x0, 0x0, 0xc4, 0xff, 0xff, 0xff,
    0x28, 0x0, 0x0, 0x0, 0x0, 0x0, 0x0, 0x0,
    0xc4, 0xff, 0xff, 0xff, 0x28, 0x22, 0xf, 0x0,
    0x0, 0x0, 0x0, 0x0, 0xc4, 0xff, 0xff, 0xff,
    0x86, 0xf2, 0xb1, 0x1, 0x0, 0x0, 0x0, 0x0,
    0xc4, 0xff, 0xff, 0xff, 0xff, 0xff, 0xff, 0x79,
    0x0, 0x0, 0x0, 0x0, 0xc4, 0xff, 0xff, 0xff,
    0xff, 0xff, 0xf6, 0x67, 0x0, 0x0, 0x0, 0xd,
    0xd9, 0xff, 0xff, 0xff, 0xff, 0xd2, 0x2b, 0x0,
    0x0, 0x0, 0x37, 0xdc, 0xff, 0xff, 0xff, 0xff,
    0x99, 0x8, 0x0, 0x0, 0x1, 0x7c, 0xfb, 0xff,
    0xff, 0xff, 0xff, 0xff, 0x28, 0x0, 0x0, 0x0,
    0x0, 0xa9, 0xff, 0xff, 0xff, 0xff, 0xff, 0xff,
    0x28, 0x0, 0x0, 0x0, 0x0, 0xc, 0xd7, 0xe9,
    0xe5, 0xff, 0xff, 0xff, 0x28, 0x0, 0x0, 0x0,
    0x0, 0x0, 0x24, 0x15, 0xc4, 0xff, 0xff, 0xff,
    0x28, 0x0, 0x0, 0x0, 0x0, 0x0, 0x0, 0x0,
    0xc4, 0xff, 0xff, 0xff, 0x28, 0x0, 0x0, 0x0,
    0x0, 0x0, 0x0, 0x0, 0xc4, 0xff, 0xff, 0xff,
    0x28, 0x0, 0x0, 0x0, 0x0, 0x0, 0x0, 0x0,
    0xc4, 0xff, 0xff, 0xff, 0x28, 0x0, 0x0, 0x0,
    0x0, 0x0, 0x0, 0x0, 0xc4, 0xff, 0xff, 0xff,
    0x28, 0x0, 0x0, 0x0, 0x0, 0x0, 0x0, 0x0,
    0xc4, 0xff, 0xff, 0xff, 0x28, 0x0, 0x0, 0x0,
    0x0, 0x0, 0x0, 0x0, 0xc4, 0xff, 0xff, 0xff,
    0x28, 0x0, 0x0, 0x0,

    /* U+0143 "Ń" */
    0x0, 0x0, 0x0, 0x0, 0x0, 0x0, 0x0, 0x0,
    0x45, 0xff, 0xff, 0xff, 0xf9, 0x2c, 0x0, 0x0,
    0x0, 0x0, 0x0, 0x0, 0x0, 0x0, 0x0, 0x0,
    0x0, 0x0, 0x95, 0xff, 0xff, 0xff, 0x7a, 0x0,
    0x0, 0x0, 0x0, 0x0, 0x0, 0x0, 0x0, 0x0,
    0x0, 0x0, 0x0, 0x1, 0xe3, 0xff, 0xff, 0xcb,
    0x3, 0x0, 0x0, 0x0, 0x0, 0x0, 0x0, 0x0,
    0x0, 0x0, 0x0, 0x0, 0x0, 0x36, 0xff, 0xff,
    0xf8, 0x2a, 0x0, 0x0, 0x0, 0x0, 0x0, 0x0,
    0x0, 0x0, 0x0, 0x0, 0x0, 0x0, 0x0, 0x2,
    0x8, 0x8, 0x6, 0x0, 0x0, 0x0, 0x0, 0x0,
    0x0, 0x0, 0x0, 0x0, 0x0, 0x0, 0x0, 0x0,
    0x0, 0x0, 0x0, 0x0, 0x0, 0x0, 0x0, 0x0,
    0x0, 0x0, 0x0, 0x0, 0xd8, 0xff, 0xff, 0xff,
    0xfc, 0x31, 0x0, 0x0, 0x0, 0x0, 0x0, 0x0,
    0x0, 0x7c, 0xff, 0xff, 0xff, 0x88, 0xd8, 0xff,
    0xff, 0xff, 0xff, 0xc9, 0x2, 0x0, 0x0, 0x0,
    0x0, 0x0, 0x0, 0x7c, 0xff, 0xff, 0xff, 0x88,
    0xd8, 0xff, 0xff, 0xff, 0xff, 0xff, 0x68, 0x0,
    0x0, 0x0, 0x0, 0x0, 0x0, 0x7c, 0xff, 0xff,
    0xff, 0x88, 0xd8, 0xff, 0xff, 0xff, 0xff, 0xff,
    0xef, 0x16, 0x0, 0x0, 0x0, 0x0, 0x0, 0x7c,
    0xff, 0xff, 0xff, 0x88, 0xd8, 0xff, 0xff, 0xff,
    0xff, 0xff, 0xff, 0xa2, 0x0, 0x0, 0x0, 0x0,
    0x0, 0x7c, 0xff, 0xff, 0xff, 0x88, 0xd8, 0xff,
    0xff, 0xff, 0xff, 0xff, 0xff, 0xff, 0x40, 0x0,
    0x0, 0x0, 0x0, 0x7c, 0xff, 0xff, 0xff, 0x88,
    0xd8, 0xff, 0xff, 0xf0, 0xa1, 0xff, 0xff, 0xff,
    0xd6, 0x5, 0x0, 0x0, 0x0, 0x7c, 0xff, 0xff,
    0xff, 0x88, 0xd8, 0xff, 0xff, 0xfc, 0x14, 0xec,
    0xff, 0xff, 0xff, 0x79, 0x0, 0x0, 0x0, 0x7c,
    0xff, 0xff, 0xff, 0x88, 0xd8, 0xff, 0xff, 0xff,
    0xd, 0x64, 0xff, 0xff, 0xff, 0xf6, 0x21, 0x0,
    0x0, 0x7c, 0xff, 0xff, 0xff, 0x88, 0xd8, 0xff,
    0xff, 0xff, 0x1d, 0x1, 0xc5, 0xff, 0xff, 0xff,
    0xb4, 0x0, 0x0, 0x7c, 0xff, 0xff, 0xff, 0x88,
    0xd8, 0xff, 0xff, 0xff, 0x27, 0x0, 0x2e, 0xfb,
    0xff, 0xff, 0xff, 0x51, 0x0, 0x75, 0xff, 0xff,
    0xff, 0x88, 0xd8, 0xff, 0xff, 0xff, 0x28, 0x0,
    0x0, 0x8d, 0xff, 0xff, 0xff, 0xe2, 0xb, 0x66,
    0xff, 0xff, 0xff, 0x88, 0xd8, 0xff, 0xff, 0xff,
    0x28, 0x0, 0x0, 0xc, 0xe4, 0xff, 0xff, 0xff,
    0x8b, 0x58, 0xff, 0xff, 0xff, 0x88, 0xd8, 0xff,
    0xff, 0xff, 0x28, 0x0, 0x0, 0x0, 0x54, 0xff,
    0xff, 0xff, 0xfb, 0x76, 0xff, 0xff, 0xff, 0x88,
    0xd8, 0xff, 0xff, 0xff, 0x28, 0x0, 0x0, 0x0,
    0x0, 0xb7, 0xff, 0xff, 0xff, 0xfa, 0xff, 0xff,
    0xff, 0x88, 0xd8, 0xff, 0xff, 0xff, 0x28, 0x0,
    0x0, 0x0, 0x0, 0x23, 0xf7, 0xff, 0xff, 0xff,
    0xff, 0xff, 0xff, 0x88, 0xd8, 0xff, 0xff, 0xff,
    0x28, 0x0, 0x0, 0x0, 0x0, 0x0, 0x7e, 0xff,
    0xff, 0xff, 0xff, 0xff, 0xff, 0x88, 0xd8, 0xff,
    0xff, 0xff, 0x28, 0x0, 0x0, 0x0, 0x0, 0x0,
    0x7, 0xd9, 0xff, 0xff, 0xff, 0xff, 0xff, 0x88,
    0xd8, 0xff, 0xff, 0xff, 0x28, 0x0, 0x0, 0x0,
    0x0, 0x0, 0x0, 0x44, 0xff, 0xff, 0xff, 0xff,
    0xff, 0x88, 0xd8, 0xff, 0xff, 0xff, 0x28, 0x0,
    0x0, 0x0, 0x0, 0x0, 0x0, 0x0, 0xa7, 0xff,
    0xff, 0xff, 0xff, 0x88, 0xd8, 0xff, 0xff, 0xff,
    0x28, 0x0, 0x0, 0x0, 0x0, 0x0, 0x0, 0x0,
    0x19, 0xf1, 0xff, 0xff, 0xff, 0x88,

    /* U+0144 "ń" */
    0x0, 0x0, 0x0, 0x0, 0x0, 0x0, 0x0, 0x9c,
    0xff, 0xff, 0xff, 0xca, 0x3, 0x0, 0x0, 0x0,
    0x0, 0x0, 0x0, 0x0, 0x0, 0x2, 0xe9, 0xff,
    0xff, 0xf8, 0x2a, 0x0, 0x0, 0x0, 0x0, 0x0,
    0x0, 0x0, 0x0, 0x0, 0x3b, 0xff, 0xff, 0xff,
    0x76, 0x0, 0x0, 0x0, 0x0, 0x0, 0x0, 0x0,
    0x0, 0x0, 0x0, 0x8a, 0xff, 0xff, 0xc8, 0x3,
    0x0, 0x0, 0x0, 0x0, 0x0, 0x0, 0x0, 0x0,
    0x0, 0x0, 0x5, 0x8, 0x8, 0x3, 0x0, 0x0,
    0x0, 0x0, 0x0, 0x0, 0x0, 0x0, 0x0, 0x0,
    0x0, 0x0, 0x0, 0x0, 0x0, 0x0, 0x0, 0x0,
    0x0, 0x0, 0x50, 0xff, 0xff, 0xff, 0x60, 0x1,
    0x62, 0xc3, 0xee, 0xf7, 0xd8, 0x8a, 0x15, 0x0,
    0x0, 0x50, 0xff, 0xff, 0xff, 0x67, 0xb8, 0xff,
    0xff, 0xff, 0xff, 0xff, 0xff, 0xe6, 0x26, 0x0,
    0x50, 0xff, 0xff, 0xff, 0xf0, 0xff, 0xff, 0xff,
    0xff, 0xff, 0xff, 0xff, 0xff, 0xca, 0x0, 0x50,
    0xff, 0xff, 0xff, 0xff, 0xff, 0xed, 0xa7, 0xae,
    0xee, 0xff, 0xff, 0xff, 0xff, 0x3b, 0x50, 0xff,
    0xff, 0xff, 0xff, 0xd0, 0x19, 0x0, 0x0, 0x17,
    0xdf, 0xff, 0xff, 0xff, 0x7c, 0x50, 0xff, 0xff,
    0xff, 0xfe, 0x2f, 0x0, 0x0, 0x0, 0x0, 0x71,
    0xff, 0xff, 0xff, 0x9c, 0x50, 0xff, 0xff, 0xff,
    0xcc, 0x0, 0x0, 0x0, 0x0, 0x0, 0x4b, 0xff,
    0xff, 0xff, 0xa7, 0x50, 0xff, 0xff, 0xff, 0xa8,
    0x0, 0x0, 0x0, 0x0, 0x0, 0x44, 0xff, 0xff,
    0xff, 0xa8, 0x50, 0xff, 0xff, 0xff, 0x9c, 0x0,
    0x0, 0x0, 0x0, 0x0, 0x44, 0xff, 0xff, 0xff,
    0xa8, 0x50, 0xff, 0xff, 0xff, 0x9c, 0x0, 0x0,
    0x0, 0x0, 0x0, 0x44, 0xff, 0xff, 0xff, 0xa8,
    0x50, 0xff, 0xff, 0xff, 0x9c, 0x0, 0x0, 0x0,
    0x0, 0x0, 0x44, 0xff, 0xff, 0xff, 0xa8, 0x50,
    0xff, 0xff, 0xff, 0x9c, 0x0, 0x0, 0x0, 0x0,
    0x0, 0x44, 0xff, 0xff, 0xff, 0xa8, 0x50, 0xff,
    0xff, 0xff, 0x9c, 0x0, 0x0, 0x0, 0x0, 0x0,
    0x44, 0xff, 0xff, 0xff, 0xa8, 0x50, 0xff, 0xff,
    0xff, 0x9c, 0x0, 0x0, 0x0, 0x0, 0x0, 0x44,
    0xff, 0xff, 0xff, 0xa8, 0x50, 0xff, 0xff, 0xff,
    0x9c, 0x0, 0x0, 0x0, 0x0, 0x0, 0x44, 0xff,
    0xff, 0xff, 0xa8,

    /* U+0145 "Ņ" */
    0xd8, 0xff, 0xff, 0xff, 0xfc, 0x31, 0x0, 0x0,
    0x0, 0x0, 0x0, 0x0, 0x0, 0x7c, 0xff, 0xff,
    0xff, 0x88, 0xd8, 0xff, 0xff, 0xff, 0xff, 0xc9,
    0x2, 0x0, 0x0, 0x0, 0x0, 0x0, 0x0, 0x7c,
    0xff, 0xff, 0xff, 0x88, 0xd8, 0xff, 0xff, 0xff,
    0xff, 0xff, 0x68, 0x0, 0x0, 0x0, 0x0, 0x0,
    0x0, 0x7c, 0xff, 0xff, 0xff, 0x88, 0xd8, 0xff,
    0xff, 0xff, 0xff, 0xff, 0xef, 0x16, 0x0, 0x0,
    0x0, 0x0, 0x0, 0x7c, 0xff, 0xff, 0xff, 0x88,
    0xd8, 0xff, 0xff, 0xff, 0xff, 0xff, 0xff, 0xa2,
    0x0, 0x0, 0x0, 0x0, 0x0, 0x7c, 0xff, 0xff,
    0xff, 0x88, 0xd8, 0xff, 0xff, 0xff, 0xff, 0xff,
    0xff, 0xff, 0x40, 0x0, 0x0, 0x0, 0x0, 0x7c,
    0xff, 0xff, 0xff, 0x88, 0xd8, 0xff, 0xff, 0xf0,
    0xa1, 0xff, 0xff, 0xff, 0xd6, 0x5, 0x0, 0x0,
    0x0, 0x7c, 0xff, 0xff, 0xff, 0x88, 0xd8, 0xff,
    0xff, 0xfc, 0x14, 0xec, 0xff, 0xff, 0xff, 0x79,
    0x0, 0x0, 0x0, 0x7c, 0xff, 0xff, 0xff, 0x88,
    0xd8, 0xff, 0xff, 0xff, 0xd, 0x64, 0xff, 0xff,
    0xff, 0xf6, 0x21, 0x0, 0x0, 0x7c, 0xff, 0xff,
    0xff, 0x88, 0xd8, 0xff, 0xff, 0xff, 0x1d, 0x1,
    0xc5, 0xff, 0xff, 0xff, 0xb4, 0x0, 0x0, 0x7c,
    0xff, 0xff, 0xff, 0x88, 0xd8, 0xff, 0xff, 0xff,
    0x27, 0x0, 0x2e, 0xfb, 0xff, 0xff, 0xff, 0x51,
    0x0, 0x75, 0xff, 0xff, 0xff, 0x88, 0xd8, 0xff,
    0xff, 0xff, 0x28, 0x0, 0x0, 0x8d, 0xff, 0xff,
    0xff, 0xe2, 0xb, 0x66, 0xff, 0xff, 0xff, 0x88,
    0xd8, 0xff, 0xff, 0xff, 0x28, 0x0, 0x0, 0xc,
    0xe4, 0xff, 0xff, 0xff, 0x8b, 0x58, 0xff, 0xff,
    0xff, 0x88, 0xd8, 0xff, 0xff, 0xff, 0x28, 0x0,
    0x0, 0x0, 0x54, 0xff, 0xff, 0xff, 0xfb, 0x76,
    0xff, 0xff, 0xff, 0x88, 0xd8, 0xff, 0xff, 0xff,
    0x28, 0x0, 0x0, 0x0, 0x0, 0xb7, 0xff, 0xff,
    0xff, 0xfa, 0xff, 0xff, 0xff, 0x88, 0xd8, 0xff,
    0xff, 0xff, 0x28, 0x0, 0x0, 0x0, 0x0, 0x23,
    0xf7, 0xff, 0xff, 0xff, 0xff, 0xff, 0xff, 0x88,
    0xd8, 0xff, 0xff, 0xff, 0x28, 0x0, 0x0, 0x0,
    0x0, 0x0, 0x7e, 0xff, 0xff, 0xff, 0xff, 0xff,
    0xff, 0x88, 0xd8, 0xff, 0xff, 0xff, 0x28, 0x0,
    0x0, 0x0, 0x0, 0x0, 0x7, 0xd9, 0xff, 0xff,
    0xff, 0xff, 0xff, 0x88, 0xd8, 0xff, 0xff, 0xff,
    0x28, 0x0, 0x0, 0x0, 0x0, 0x0, 0x0, 0x44,
    0xff, 0xff, 0xff, 0xff, 0xff, 0x88, 0xd8, 0xff,
    0xff, 0xff, 0x28, 0x0, 0x0, 0x0, 0x0, 0x0,
    0x0, 0x0, 0xa7, 0xff, 0xff, 0xff, 0xff, 0x88,
    0xd8, 0xff, 0xff, 0xff, 0x28, 0x0, 0x0, 0x0,
    0x0, 0x0, 0x0, 0x0, 0x19, 0xf1, 0xff, 0xff,
    0xff, 0x88, 0x0, 0x0, 0x0, 0x0, 0x0, 0x0,
    0x0, 0x0, 0x0, 0x0, 0x0, 0x0, 0x0, 0x0,
    0x0, 0x0, 0x0, 0x0, 0x0, 0x0, 0x0, 0x0,
    0x0, 0x0, 0x0, 0x15, 0x6e, 0x58, 0x2, 0x0,
    0x0, 0x0, 0x0, 0x0, 0x0, 0x0, 0x0, 0x0,
    0x0, 0x0, 0x0, 0x0, 0xc, 0xe0, 0xff, 0xff,
    0x93, 0x0, 0x0, 0x0, 0x0, 0x0, 0x0, 0x0,
    0x0, 0x0, 0x0, 0x0, 0x0, 0x0, 0x40, 0xff,
    0xff, 0xff, 0xe7, 0x0, 0x0, 0x0, 0x0, 0x0,
    0x0, 0x0, 0x0, 0x0, 0x0, 0x0, 0x0, 0x0,
    0x18, 0xf6, 0xff, 0xff, 0xbd, 0x0, 0x0, 0x0,
    0x0, 0x0, 0x0, 0x0, 0x0, 0x0, 0x0, 0x0,
    0x0, 0x0, 0x0, 0x4d, 0xff, 0xfa, 0x32, 0x0,
    0x0, 0x0, 0x0, 0x0, 0x0, 0x0, 0x0, 0x0,
    0x0, 0x0, 0x0, 0x0, 0x0, 0xaa, 0xff, 0x7d,
    0x0, 0x0, 0x0, 0x0, 0x0, 0x0, 0x0, 0x0,
    0x0, 0x0, 0x0, 0x0, 0x0, 0x0, 0x24, 0xf8,
    0xca, 0x4, 0x0, 0x0, 0x0, 0x0, 0x0, 0x0,
    0x0, 0x0, 0x0, 0x0, 0x0, 0x0, 0x0, 0x0,
    0x0, 0x28, 0x24, 0x0, 0x0, 0x0, 0x0, 0x0,
    0x0, 0x0, 0x0, 0x0,

    /* U+0146 "ņ" */
    0x50, 0xff, 0xff, 0xff, 0x60, 0x1, 0x62, 0xc3,
    0xee, 0xf7, 0xd8, 0x8a, 0x15, 0x0, 0x0, 0x50,
    0xff, 0xff, 0xff, 0x67, 0xb8, 0xff, 0xff, 0xff,
    0xff, 0xff, 0xff, 0xe6, 0x26, 0x0, 0x50, 0xff,
    0xff, 0xff, 0xf0, 0xff, 0xff, 0xff, 0xff, 0xff,
    0xff, 0xff, 0xff, 0xca, 0x0, 0x50, 0xff, 0xff,
    0xff, 0xff, 0xff, 0xed, 0xa7, 0xae, 0xee, 0xff,
    0xff, 0xff, 0xff, 0x3b, 0x50, 0xff, 0xff, 0xff,
    0xff, 0xd0, 0x19, 0x0, 0x0, 0x17, 0xdf, 0xff,
    0xff, 0xff, 0x7c, 0x50, 0xff, 0xff, 0xff, 0xfe,
    0x2f, 0x0, 0x0, 0x0, 0x0, 0x71, 0xff, 0xff,
    0xff, 0x9c, 0x50, 0xff, 0xff, 0xff, 0xcc, 0x0,
    0x0, 0x0, 0x0, 0x0, 0x4b, 0xff, 0xff, 0xff,
    0xa7, 0x50, 0xff, 0xff, 0xff, 0xa8, 0x0, 0x0,
    0x0, 0x0, 0x0, 0x44, 0xff, 0xff, 0xff, 0xa8,
    0x50, 0xff, 0xff, 0xff, 0x9c, 0x0, 0x0, 0x0,
    0x0, 0x0, 0x44, 0xff, 0xff, 0xff, 0xa8, 0x50,
    0xff, 0xff, 0xff, 0x9c, 0x0, 0x0, 0x0, 0x0,
    0x0, 0x44, 0xff, 0xff, 0xff, 0xa8, 0x50, 0xff,
    0xff, 0xff, 0x9c, 0x0, 0x0, 0x0, 0x0, 0x0,
    0x44, 0xff, 0xff, 0xff, 0xa8, 0x50, 0xff, 0xff,
    0xff, 0x9c, 0x0, 0x0, 0x0, 0x0, 0x0, 0x44,
    0xff, 0xff, 0xff, 0xa8, 0x50, 0xff, 0xff, 0xff,
    0x9c, 0x0, 0x0, 0x0, 0x0, 0x0, 0x44, 0xff,
    0xff, 0xff, 0xa8, 0x50, 0xff, 0xff, 0xff, 0x9c,
    0x0, 0x0, 0x0, 0x0, 0x0, 0x44, 0xff, 0xff,
    0xff, 0xa8, 0x50, 0xff, 0xff, 0xff, 0x9c, 0x0,
    0x0, 0x0, 0x0, 0x0, 0x44, 0xff, 0xff, 0xff,
    0xa8, 0x0, 0x0, 0x0, 0x0, 0x0, 0x0, 0x0,
    0x0, 0x0, 0x0, 0x0, 0x0, 0x0, 0x0, 0x0,
    0x0, 0x0, 0x0, 0x0, 0x0, 0x0, 0x24, 0x72,
    0x46, 0x0, 0x0, 0x0, 0x0, 0x0, 0x0, 0x0,
    0x0, 0x0, 0x0, 0x0, 0x20, 0xf3, 0xff, 0xff,
    0x69, 0x0, 0x0, 0x0, 0x0, 0x0, 0x0, 0x0,
    0x0, 0x0, 0x0, 0x68, 0xff, 0xff, 0xff, 0xbe,
    0x0, 0x0, 0x0, 0x0, 0x0, 0x0, 0x0, 0x0,
    0x0, 0x0, 0x38, 0xfe, 0xff, 0xff, 0x95, 0x0,
    0x0, 0x0, 0x0, 0x0, 0x0, 0x0, 0x0, 0x0,
    0x0, 0x0, 0x75, 0xff, 0xec, 0x18, 0x0, 0x0,
    0x0, 0x0, 0x0, 0x0, 0x0, 0x0, 0x0, 0x0,
    0x4, 0xcd, 0xff, 0x55, 0x0, 0x0, 0x0, 0x0,
    0x0, 0x0, 0x0, 0x0, 0x0, 0x0, 0x0, 0x46,
    0xfe, 0xa6, 0x0, 0x0, 0x0, 0x0, 0x0, 0x0,
    0x0, 0x0, 0x0, 0x0, 0x0, 0x0, 0x0, 0x3b,
    0x11, 0x0, 0x0, 0x0, 0x0, 0x0, 0x0, 0x0,

    /* U+0147 "Ň" */
    0x0, 0x0, 0x0, 0x3, 0x73, 0x80, 0x80, 0x65,
    0x0, 0x0, 0x6b, 0x80, 0x80, 0x7c, 0x7, 0x0,
    0x0, 0x0, 0x0, 0x0, 0x0, 0x0, 0x43, 0xf9,
    0xff, 0xff, 0x65, 0x71, 0xff, 0xff, 0xfd, 0x5b,
    0x0, 0x0, 0x0, 0x0, 0x0, 0x0, 0x0, 0x0,
    0x0, 0x53, 0xfd, 0xff, 0xff, 0xff, 0xff, 0xfe,
    0x60, 0x0, 0x0, 0x0, 0x0, 0x0, 0x0, 0x0,
    0x0, 0x0, 0x0, 0x0, 0x66, 0xff, 0xff, 0xff,
    0xfe, 0x65, 0x0, 0x0, 0x0, 0x0, 0x0, 0x0,
    0x0, 0x0, 0x0, 0x0, 0x0, 0x0, 0x0, 0x2e,
    0x38, 0x38, 0x2c, 0x0, 0x0, 0x0, 0x0, 0x0,
    0x0, 0x0, 0x0, 0x0, 0x0, 0x0, 0x0, 0x0,
    0x0, 0x0, 0x0, 0x0, 0x0, 0x0, 0x0, 0x0,
    0x0, 0x0, 0x0, 0x0, 0xd8, 0xff, 0xff, 0xff,
    0xfc, 0x31, 0x0, 0x0, 0x0, 0x0, 0x0, 0x0,
    0x0, 0x7c, 0xff, 0xff, 0xff, 0x88, 0xd8, 0xff,
    0xff, 0xff, 0xff, 0xc9, 0x2, 0x0, 0x0, 0x0,
    0x0, 0x0, 0x0, 0x7c, 0xff, 0xff, 0xff, 0x88,
    0xd8, 0xff, 0xff, 0xff, 0xff, 0xff, 0x68, 0x0,
    0x0, 0x0, 0x0, 0x0, 0x0, 0x7c, 0xff, 0xff,
    0xff, 0x88, 0xd8, 0xff, 0xff, 0xff, 0xff, 0xff,
    0xef, 0x16, 0x0, 0x0, 0x0, 0x0, 0x0, 0x7c,
    0xff, 0xff, 0xff, 0x88, 0xd8, 0xff, 0xff, 0xff,
    0xff, 0xff, 0xff, 0xa2, 0x0, 0x0, 0x0, 0x0,
    0x0, 0x7c, 0xff, 0xff, 0xff, 0x88, 0xd8, 0xff,
    0xff, 0xff, 0xff, 0xff, 0xff, 0xff, 0x40, 0x0,
    0x0, 0x0, 0x0, 0x7c, 0xff, 0xff, 0xff, 0x88,
    0xd8, 0xff, 0xff, 0xf0, 0xa1, 0xff, 0xff, 0xff,
    0xd6, 0x5, 0x0, 0x0, 0x0, 0x7c, 0xff, 0xff,
    0xff, 0x88, 0xd8, 0xff, 0xff, 0xfc, 0x14, 0xec,
    0xff, 0xff, 0xff, 0x79, 0x0, 0x0, 0x0, 0x7c,
    0xff, 0xff, 0xff, 0x88, 0xd8, 0xff, 0xff, 0xff,
    0xd, 0x64, 0xff, 0xff, 0xff, 0xf6, 0x21, 0x0,
    0x0, 0x7c, 0xff, 0xff, 0xff, 0x88, 0xd8, 0xff,
    0xff, 0xff, 0x1d, 0x1, 0xc5, 0xff, 0xff, 0xff,
    0xb4, 0x0, 0x0, 0x7c, 0xff, 0xff, 0xff, 0x88,
    0xd8, 0xff, 0xff, 0xff, 0x27, 0x0, 0x2e, 0xfb,
    0xff, 0xff, 0xff, 0x51, 0x0, 0x75, 0xff, 0xff,
    0xff, 0x88, 0xd8, 0xff, 0xff, 0xff, 0x28, 0x0,
    0x0, 0x8d, 0xff, 0xff, 0xff, 0xe2, 0xb, 0x66,
    0xff, 0xff, 0xff, 0x88, 0xd8, 0xff, 0xff, 0xff,
    0x28, 0x0, 0x0, 0xc, 0xe4, 0xff, 0xff, 0xff,
    0x8b, 0x58, 0xff, 0xff, 0xff, 0x88, 0xd8, 0xff,
    0xff, 0xff, 0x28, 0x0, 0x0, 0x0, 0x54, 0xff,
    0xff, 0xff, 0xfb, 0x76, 0xff, 0xff, 0xff, 0x88,
    0xd8, 0xff, 0xff, 0xff, 0x28, 0x0, 0x0, 0x0,
    0x0, 0xb7, 0xff, 0xff, 0xff, 0xfa, 0xff, 0xff,
    0xff, 0x88, 0xd8, 0xff, 0xff, 0xff, 0x28, 0x0,
    0x0, 0x0, 0x0, 0x23, 0xf7, 0xff, 0xff, 0xff,
    0xff, 0xff, 0xff, 0x88, 0xd8, 0xff, 0xff, 0xff,
    0x28, 0x0, 0x0, 0x0, 0x0, 0x0, 0x7e, 0xff,
    0xff, 0xff, 0xff, 0xff, 0xff, 0x88, 0xd8, 0xff,
    0xff, 0xff, 0x28, 0x0, 0x0, 0x0, 0x0, 0x0,
    0x7, 0xd9, 0xff, 0xff, 0xff, 0xff, 0xff, 0x88,
    0xd8, 0xff, 0xff, 0xff, 0x28, 0x0, 0x0, 0x0,
    0x0, 0x0, 0x0, 0x44, 0xff, 0xff, 0xff, 0xff,
    0xff, 0x88, 0xd8, 0xff, 0xff, 0xff, 0x28, 0x0,
    0x0, 0x0, 0x0, 0x0, 0x0, 0x0, 0xa7, 0xff,
    0xff, 0xff, 0xff, 0x88, 0xd8, 0xff, 0xff, 0xff,
    0x28, 0x0, 0x0, 0x0, 0x0, 0x0, 0x0, 0x0,
    0x19, 0xf1, 0xff, 0xff, 0xff, 0x88,

    /* U+0148 "ň" */
    0x0, 0x0, 0x19, 0xe2, 0xff, 0xff, 0xad, 0x0,
    0x3c, 0xfd, 0xff, 0xff, 0x97, 0x0, 0x0, 0x0,
    0x0, 0x0, 0x2d, 0xf2, 0xff, 0xff, 0x71, 0xdc,
    0xff, 0xff, 0xb2, 0x3, 0x0, 0x0, 0x0, 0x0,
    0x0, 0x0, 0x49, 0xfc, 0xff, 0xff, 0xff, 0xff,
    0xc3, 0x9, 0x0, 0x0, 0x0, 0x0, 0x0, 0x0,
    0x0, 0x0, 0x6a, 0xff, 0xff, 0xff, 0xd3, 0x10,
    0x0, 0x0, 0x0, 0x0, 0x0, 0x0, 0x0, 0x0,
    0x0, 0x0, 0x0, 0x0, 0x0, 0x0, 0x0, 0x0,
    0x0, 0x0, 0x0, 0x0, 0x0, 0x0, 0x0, 0x0,
    0x0, 0x0, 0x0, 0x0, 0x0, 0x0, 0x0, 0x0,
    0x0, 0x0, 0x50, 0xff, 0xff, 0xff, 0x60, 0x1,
    0x62, 0xc3, 0xee, 0xf7, 0xd8, 0x8a, 0x15, 0x0,
    0x0, 0x50, 0xff, 0xff, 0xff, 0x67, 0xb8, 0xff,
    0xff, 0xff, 0xff, 0xff, 0xff, 0xe6, 0x26, 0x0,
    0x50, 0xff, 0xff, 0xff, 0xf0, 0xff, 0xff, 0xff,
    0xff, 0xff, 0xff, 0xff, 0xff, 0xca, 0x0, 0x50,
    0xff, 0xff, 0xff, 0xff, 0xff, 0xed, 0xa7, 0xae,
    0xee, 0xff, 0xff, 0xff, 0xff, 0x3b, 0x50, 0xff,
    0xff, 0xff, 0xff, 0xd0, 0x19, 0x0, 0x0, 0x17,
    0xdf, 0xff, 0xff, 0xff, 0x7c, 0x50, 0xff, 0xff,
    0xff, 0xfe, 0x2f, 0x0, 0x0, 0x0, 0x0, 0x71,
    0xff, 0xff, 0xff, 0x9c, 0x50, 0xff, 0xff, 0xff,
    0xcc, 0x0, 0x0, 0x0, 0x0, 0x0, 0x4b, 0xff,
    0xff, 0xff, 0xa7, 0x50, 0xff, 0xff, 0xff, 0xa8,
    0x0, 0x0, 0x0, 0x0, 0x0, 0x44, 0xff, 0xff,
    0xff, 0xa8, 0x50, 0xff, 0xff, 0xff, 0x9c, 0x0,
    0x0, 0x0, 0x0, 0x0, 0x44, 0xff, 0xff, 0xff,
    0xa8, 0x50, 0xff, 0xff, 0xff, 0x9c, 0x0, 0x0,
    0x0, 0x0, 0x0, 0x44, 0xff, 0xff, 0xff, 0xa8,
    0x50, 0xff, 0xff, 0xff, 0x9c, 0x0, 0x0, 0x0,
    0x0, 0x0, 0x44, 0xff, 0xff, 0xff, 0xa8, 0x50,
    0xff, 0xff, 0xff, 0x9c, 0x0, 0x0, 0x0, 0x0,
    0x0, 0x44, 0xff, 0xff, 0xff, 0xa8, 0x50, 0xff,
    0xff, 0xff, 0x9c, 0x0, 0x0, 0x0, 0x0, 0x0,
    0x44, 0xff, 0xff, 0xff, 0xa8, 0x50, 0xff, 0xff,
    0xff, 0x9c, 0x0, 0x0, 0x0, 0x0, 0x0, 0x44,
    0xff, 0xff, 0xff, 0xa8, 0x50, 0xff, 0xff, 0xff,
    0x9c, 0x0, 0x0, 0x0, 0x0, 0x0, 0x44, 0xff,
    0xff, 0xff, 0xa8,

    /* U+014A "Ŋ" */
    0xd8, 0xff, 0xff, 0xff, 0xfc, 0x33, 0x0, 0x0,
    0x0, 0x0, 0x0, 0x0, 0x0, 0x7c, 0xff, 0xff,
    0xff, 0x88, 0xd8, 0xff, 0xff, 0xff, 0xff, 0xcd,
    0x3, 0x0, 0x0, 0x0, 0x0, 0x0, 0x0, 0x7c,
    0xff, 0xff, 0xff, 0x88, 0xd8, 0xff, 0xff, 0xff,
    0xff, 0xff, 0x71, 0x0, 0x0, 0x0, 0x0, 0x0,
    0x0, 0x7c, 0xff, 0xff, 0xff, 0x88, 0xd8, 0xff,
    0xff, 0xff, 0xff, 0xff, 0xf3, 0x1d, 0x0, 0x0,
    0x0, 0x0, 0x0, 0x7c, 0xff, 0xff, 0xff, 0x88,
    0xd8, 0xff, 0xff, 0xff, 0xff, 0xff, 0xff, 0xb2,
    0x0, 0x0, 0x0, 0x0, 0x0, 0x7c, 0xff, 0xff,
    0xff, 0x88, 0xd8, 0xff, 0xff, 0xff, 0xff, 0xff,
    0xff, 0xff, 0x52, 0x0, 0x0, 0x0, 0x0, 0x7c,
    0xff, 0xff, 0xff, 0x88, 0xd8, 0xff, 0xff, 0xf0,
    0x9f, 0xff, 0xff, 0xff, 0xe4, 0xe, 0x0, 0x0,
    0x0, 0x7c, 0xff, 0xff, 0xff, 0x88, 0xd8, 0xff,
    0xff, 0xfc, 0x12, 0xe8, 0xff, 0xff, 0xff, 0x93,
    0x0, 0x0, 0x0, 0x7c, 0xff, 0xff, 0xff, 0x88,
    0xd8, 0xff, 0xff, 0xff, 0xd, 0x59, 0xff, 0xff,
    0xff, 0xfd, 0x36, 0x0, 0x0, 0x7c, 0xff, 0xff,
    0xff, 0x88, 0xd8, 0xff, 0xff, 0xff, 0x1d, 0x0,
    0xb7, 0xff, 0xff, 0xff, 0xd0, 0x4, 0x0, 0x7b,
    0xff, 0xff, 0xff, 0x88, 0xd8, 0xff, 0xff, 0xff,
    0x27, 0x0, 0x20, 0xf5, 0xff, 0xff, 0xff, 0x75,
    0x0, 0x71, 0xff, 0xff, 0xff, 0x88, 0xd8, 0xff,
    0xff, 0xff, 0x28, 0x0, 0x0, 0x75, 0xff, 0xff,
    0xff, 0xf5, 0x20, 0x62, 0xff, 0xff, 0xff, 0x88,
    0xd8, 0xff, 0xff, 0xff, 0x28, 0x0, 0x0, 0x4,
    0xcf, 0xff, 0xff, 0xff, 0xb6, 0x53, 0xff, 0xff,
    0xff, 0x88, 0xd8, 0xff, 0xff, 0xff, 0x28, 0x0,
    0x0, 0x0, 0x34, 0xfd, 0xff, 0xff, 0xff, 0xa4,
    0xff, 0xff, 0xff, 0x88, 0xd8, 0xff, 0xff, 0xff,
    0x28, 0x0, 0x0, 0x0, 0x0, 0x90, 0xff, 0xff,
    0xff, 0xff, 0xff, 0xff, 0xff, 0x88, 0xd8, 0xff,
    0xff, 0xff, 0x28, 0x0, 0x0, 0x0, 0x0, 0xc,
    0xe2, 0xff, 0xff, 0xff, 0xff, 0xff, 0xff, 0x88,
    0xd8, 0xff, 0xff, 0xff, 0x28, 0x0, 0x0, 0x0,
    0x0, 0x0, 0x4d, 0xff, 0xff, 0xff, 0xff, 0xff,
    0xff, 0x88, 0xd8, 0xff, 0xff, 0xff, 0x28, 0x0,
    0x0, 0x0, 0x0, 0x0, 0x0, 0xac, 0xff, 0xff,
    0xff, 0xff, 0xff, 0x88, 0xd8, 0xff, 0xff, 0xff,
    0x28, 0x0, 0x0, 0x0, 0x0, 0x0, 0x0, 0x1a,
    0xf0, 0xff, 0xff, 0xff, 0xff, 0x88, 0xd8, 0xff,
    0xff, 0xff, 0x28, 0x0, 0x0, 0x0, 0x0, 0x0,
    0x0, 0x0, 0x69, 0xff, 0xff, 0xff, 0xff, 0x88,
    0xd8, 0xff, 0xff, 0xff, 0x28, 0x0, 0x0, 0x0,
    0x0, 0x0, 0x0, 0x0, 0x1, 0xc5, 0xff, 0xff,
    0xff, 0x88, 0x0, 0x0, 0x0, 0x0, 0x0, 0x0,
    0x0, 0x0, 0x0, 0x0, 0x0, 0x0, 0x0, 0x7c,
    0xff, 0xff, 0xff, 0x86, 0x0, 0x0, 0x0, 0x0,
    0x0, 0x0, 0x0, 0x0, 0x0, 0x0, 0x0, 0x0,
    0x0, 0x93, 0xff, 0xff, 0xff, 0x77, 0x0, 0x0,
    0x0, 0x0, 0x0, 0x0, 0x0, 0x0, 0x0, 0x0,
    0x3, 0xa5, 0xa8, 0xf9, 0xff, 0xff, 0xff, 0x4c,
    0x0, 0x0, 0x0, 0x0, 0x0, 0x0, 0x0, 0x0,
    0x0, 0x0, 0x38, 0xff, 0xff, 0xff, 0xff, 0xff,
    0xe8, 0x9, 0x0, 0x0, 0x0, 0x0, 0x0, 0x0,
    0x0, 0x0, 0x0, 0x0, 0x7f, 0xff, 0xff, 0xff,
    0xff, 0xfb, 0x4f, 0x0, 0x0, 0x0, 0x0, 0x0,
    0x0, 0x0, 0x0, 0x0, 0x0, 0x0, 0x82, 0xe8,
    0xfb, 0xe8, 0xad, 0x36, 0x0, 0x0,

    /* U+014B "ŋ" */
    0x50, 0xff, 0xff, 0xff, 0x60, 0x1, 0x62, 0xc3,
    0xee, 0xf7, 0xd9, 0x8e, 0x19, 0x0, 0x0, 0x50,
    0xff, 0xff, 0xff, 0x67, 0xb8, 0xff, 0xff, 0xff,
    0xff, 0xff, 0xff, 0xeb, 0x2e, 0x0, 0x50, 0xff,
    0xff, 0xff, 0xf0, 0xff, 0xff, 0xff, 0xff, 0xff,
    0xff, 0xff, 0xff, 0xd4, 0x1, 0x50, 0xff, 0xff,
    0xff, 0xff, 0xff, 0xed, 0xa7, 0xad, 0xec, 0xff,
    0xff, 0xff, 0xff, 0x44, 0x50, 0xff, 0xff, 0xff,
    0xff, 0xd0, 0x19, 0x0, 0x0, 0x13, 0xd9, 0xff,
    0xff, 0xff, 0x83, 0x50, 0xff, 0xff, 0xff, 0xfe,
    0x2f, 0x0, 0x0, 0x0, 0x0, 0x6b, 0xff, 0xff,
    0xff, 0x9f, 0x50, 0xff, 0xff, 0xff, 0xcc, 0x0,
    0x0, 0x0, 0x0, 0x0, 0x48, 0xff, 0xff, 0xff,
    0xa8, 0x50, 0xff, 0xff, 0xff, 0xa8, 0x0, 0x0,
    0x0, 0x0, 0x0, 0x44, 0xff, 0xff, 0xff, 0xa8,
    0x50, 0xff, 0xff, 0xff, 0x9c, 0x0, 0x0, 0x0,
    0x0, 0x0, 0x44, 0xff, 0xff, 0xff, 0xa8, 0x50,
    0xff, 0xff, 0xff, 0x9c, 0x0, 0x0, 0x0, 0x0,
    0x0, 0x44, 0xff, 0xff, 0xff, 0xa8, 0x50, 0xff,
    0xff, 0xff, 0x9c, 0x0, 0x0, 0x0, 0x0, 0x0,
    0x44, 0xff, 0xff, 0xff, 0xa8, 0x50, 0xff, 0xff,
    0xff, 0x9c, 0x0, 0x0, 0x0, 0x0, 0x0, 0x44,
    0xff, 0xff, 0xff, 0xa8, 0x50, 0xff, 0xff, 0xff,
    0x9c, 0x0, 0x0, 0x0, 0x0, 0x0, 0x44, 0xff,
    0xff, 0xff, 0xa8, 0x50, 0xff, 0xff, 0xff, 0x9c,
    0x0, 0x0, 0x0, 0x0, 0x0, 0x44, 0xff, 0xff,
    0xff, 0xa8, 0x50, 0xff, 0xff, 0xff, 0x9c, 0x0,
    0x0, 0x0, 0x0, 0x0, 0x44, 0xff, 0xff, 0xff,
    0xa8, 0x0, 0x0, 0x0, 0x0, 0x0, 0x0, 0x0,
    0x0, 0x0, 0x0, 0x45, 0xff, 0xff, 0xff, 0xa7,
    0x0, 0x0, 0x0, 0x0, 0x0, 0x0, 0x0, 0x0,
    0x0, 0x0, 0x67, 0xff, 0xff, 0xff, 0x9d, 0x0,
    0x0, 0x0, 0x0, 0x0, 0x0, 0x0, 0x0, 0x88,
    0xa1, 0xf1, 0xff, 0xff, 0xff, 0x7a, 0x0, 0x0,
    0x0, 0x0, 0x0, 0x0, 0x0, 0xc, 0xf9, 0xff,
    0xff, 0xff, 0xff, 0xfd, 0x28, 0x0, 0x0, 0x0,
    0x0, 0x0, 0x0, 0x0, 0x50, 0xff, 0xff, 0xff,
    0xff, 0xff, 0x83, 0x0, 0x0, 0x0, 0x0, 0x0,
    0x0, 0x0, 0x0, 0x5e, 0xde, 0xf8, 0xf3, 0xc3,
    0x58, 0x0, 0x0,

    /* U+014C "Ō" */
    0x0, 0x0, 0x0, 0x0, 0x0, 0x0, 0x1a, 0xf4,
    0xf4, 0xf4, 0xf4, 0xf4, 0xf4, 0xf4, 0xf4, 0xba,
    0x0, 0x0, 0x0, 0x0, 0x0, 0x0, 0x0, 0x0,
    0x0, 0x0, 0x0, 0x0, 0x0, 0x1c, 0xff, 0xff,
    0xff, 0xff, 0xff, 0xff, 0xff, 0xff, 0xc4, 0x0,
    0x0, 0x0, 0x0, 0x0, 0x0, 0x0, 0x0, 0x0,
    0x0, 0x0, 0x0, 0x0, 0x1c, 0xff, 0xff, 0xff,
    0xff, 0xff, 0xff, 0xff, 0xff, 0xc4, 0x0, 0x0,
    0x0, 0x0, 0x0, 0x0, 0x0, 0x0, 0x0, 0x0,
    0x0, 0x0, 0x0, 0x0, 0x0, 0x0, 0x0, 0x0,
    0x0, 0x0, 0x0, 0x0, 0x0, 0x0, 0x0, 0x0,
    0x0, 0x0, 0x0, 0x0, 0x0, 0x0, 0x0, 0x0,
    0x0, 0x0, 0x0, 0x0, 0x0, 0x0, 0x0, 0x0,
    0x0, 0x0, 0x0, 0x0, 0x0, 0x0, 0x0, 0x0,
    0x0, 0x0, 0x0, 0x0, 0x0, 0x0, 0x0, 0x0,
    0x0, 0x0, 0x0, 0x0, 0x0, 0x0, 0x0, 0x0,
    0x0, 0x0, 0x0, 0x0, 0x0, 0x0, 0x0, 0x0,
    0x0, 0x0, 0x0, 0x0, 0x0, 0x0, 0x0, 0x0,
    0xf, 0x5d, 0xa5, 0xd6, 0xed, 0xf9, 0xe5, 0xcb,
    0x8d, 0x43, 0x1, 0x0, 0x0, 0x0, 0x0, 0x0,
    0x0, 0x0, 0x0, 0x0, 0x0, 0xb, 0x7f, 0xef,
    0xff, 0xff, 0xff, 0xff, 0xff, 0xff, 0xff, 0xff,
    0xff, 0xd1, 0x4f, 0x0, 0x0, 0x0, 0x0, 0x0,
    0x0, 0x0, 0x0, 0x26, 0xd4, 0xff, 0xff, 0xff,
    0xff, 0xff, 0xff, 0xff, 0xff, 0xff, 0xff, 0xff,
    0xff, 0xff, 0x9b, 0x7, 0x0, 0x0, 0x0, 0x0,
    0x0, 0x27, 0xed, 0xff, 0xff, 0xff, 0xff, 0xff,
    0xfa, 0xdf, 0xd2, 0xe7, 0xff, 0xff, 0xff, 0xff,
    0xff, 0xff, 0xb8, 0x4, 0x0, 0x0, 0x0, 0xf,
    0xdd, 0xff, 0xff, 0xff, 0xff, 0xc9, 0x54, 0xc,
    0x0, 0x0, 0x0, 0x20, 0x7a, 0xeb, 0xff, 0xff,
    0xff, 0xff, 0x93, 0x0, 0x0, 0x0, 0x8b, 0xff,
    0xff, 0xff, 0xff, 0x79, 0x1, 0x0, 0x0, 0x0,
    0x0, 0x0, 0x0, 0x0, 0x16, 0xbf, 0xff, 0xff,
    0xff, 0xfe, 0x32, 0x0, 0x17, 0xf9, 0xff, 0xff,
    0xff, 0x7e, 0x0, 0x0, 0x0, 0x0, 0x0, 0x0,
    0x0, 0x0, 0x0, 0x0, 0xb, 0xce, 0xff, 0xff,
    0xff, 0xb4, 0x0, 0x67, 0xff, 0xff, 0xff, 0xd8,
    0x4, 0x0, 0x0, 0x0, 0x0, 0x0, 0x0, 0x0,
    0x0, 0x0, 0x0, 0x0, 0x38, 0xff, 0xff, 0xff,
    0xfa, 0x11, 0xad, 0xff, 0xff, 0xff, 0x78, 0x0,
    0x0, 0x0, 0x0, 0x0, 0x0, 0x0, 0x0, 0x0,
    0x0, 0x0, 0x0, 0x0, 0xd3, 0xff, 0xff, 0xff,
    0x53, 0xcb, 0xff, 0xff, 0xff, 0x40, 0x0, 0x0,
    0x0, 0x0, 0x0, 0x0, 0x0, 0x0, 0x0, 0x0,
    0x0, 0x0, 0x0, 0x99, 0xff, 0xff, 0xff, 0x72,
    0xde, 0xff, 0xff, 0xff, 0x2e, 0x0, 0x0, 0x0,
    0x0, 0x0, 0x0, 0x0, 0x0, 0x0, 0x0, 0x0,
    0x0, 0x0, 0x86, 0xff, 0xff, 0xff, 0x85, 0xcb,
    0xff, 0xff, 0xff, 0x40, 0x0, 0x0, 0x0, 0x0,
    0x0, 0x0, 0x0, 0x0, 0x0, 0x0, 0x0, 0x0,
    0x0, 0x99, 0xff, 0xff, 0xff, 0x72, 0xad, 0xff,
    0xff, 0xff, 0x77, 0x0, 0x0, 0x0, 0x0, 0x0,
    0x0, 0x0, 0x0, 0x0, 0x0, 0x0, 0x0, 0x0,
    0xd3, 0xff, 0xff, 0xff, 0x54, 0x67, 0xff, 0xff,
    0xff, 0xd6, 0x4, 0x0, 0x0, 0x0, 0x0, 0x0,
    0x0, 0x0, 0x0, 0x0, 0x0, 0x0, 0x37, 0xff,
    0xff, 0xff, 0xfb, 0x11, 0x17, 0xf9, 0xff, 0xff,
    0xff, 0x7c, 0x0, 0x0, 0x0, 0x0, 0x0, 0x0,
    0x0, 0x0, 0x0, 0x0, 0xa, 0xcd, 0xff, 0xff,
    0xff, 0xb5, 0x0, 0x0, 0x8d, 0xff, 0xff, 0xff,
    0xfe, 0x75, 0x1, 0x0, 0x0, 0x0, 0x0, 0x0,
    0x0, 0x0, 0x14, 0xbc, 0xff, 0xff, 0xff, 0xfe,
    0x33, 0x0, 0x0, 0x10, 0xdf, 0xff, 0xff, 0xff,
    0xff, 0xc6, 0x4f, 0x9, 0x0, 0x0, 0x0, 0x1b,
    0x76, 0xe9, 0xff, 0xff, 0xff, 0xff, 0x95, 0x0,
    0x0, 0x0, 0x0, 0x29, 0xee, 0xff, 0xff, 0xff,
    0xff, 0xff, 0xf8, 0xda, 0xcd, 0xe2, 0xff, 0xff,
    0xff, 0xff, 0xff, 0xff, 0xba, 0x4, 0x0, 0x0,
    0x0, 0x0, 0x0, 0x29, 0xd5, 0xff, 0xff, 0xff,
    0xff, 0xff, 0xff, 0xff, 0xff, 0xff, 0xff, 0xff,
    0xff, 0xff, 0x9e, 0x9, 0x0, 0x0, 0x0, 0x0,
    0x0, 0x0, 0x0, 0xb, 0x81, 0xf0, 0xff, 0xff,
    0xff, 0xff, 0xff, 0xff, 0xff, 0xff, 0xff, 0xd2,
    0x51, 0x0, 0x0, 0x0, 0x0, 0x0, 0x0, 0x0,
    0x0, 0x0, 0x0, 0x0, 0xf, 0x5e, 0xa6, 0xd7,
    0xee, 0xf9, 0xe6, 0xcc, 0x8e, 0x43, 0x1, 0x0,
    0x0, 0x0, 0x0, 0x0, 0x0,

    /* U+014D "ō" */
    0x0, 0x0, 0x0, 0x0, 0xcc, 0xff, 0xff, 0xff,
    0xff, 0xff, 0xff, 0xff, 0xff, 0x14, 0x0, 0x0,
    0x0, 0x0, 0x0, 0x0, 0x0, 0xcc, 0xff, 0xff,
    0xff, 0xff, 0xff, 0xff, 0xff, 0xff, 0x14, 0x0,
    0x0, 0x0, 0x0, 0x0, 0x0, 0x0, 0xc2, 0xf4,
    0xf4, 0xf4, 0xf4, 0xf4, 0xf4, 0xf4, 0xf4, 0x13,
    0x0, 0x0, 0x0, 0x0, 0x0, 0x0, 0x0, 0x0,
    0x0, 0x0, 0x0, 0x0, 0x0, 0x0, 0x0, 0x0,
    0x0, 0x0, 0x0, 0x0, 0x0, 0x0, 0x0, 0x0,
    0x0, 0x0, 0x0, 0x0, 0x0, 0x0, 0x0, 0x0,
    0x0, 0x0, 0x0, 0x0, 0x0, 0x0, 0x0, 0x0,
    0x0, 0x0, 0x0, 0x0, 0x0, 0x0, 0x0, 0x0,
    0x0, 0x0, 0x0, 0x0, 0x0, 0x0, 0x0, 0x0,
    0x0, 0x0, 0x8, 0x68, 0xb7, 0xe6, 0xf9, 0xed,
    0xc9, 0x81, 0x19, 0x0, 0x0, 0x0, 0x0, 0x0,
    0x0, 0x0, 0x3f, 0xe4, 0xff, 0xff, 0xff, 0xff,
    0xff, 0xff, 0xff, 0xf7, 0x73, 0x0, 0x0, 0x0,
    0x0, 0x0, 0x49, 0xfb, 0xff, 0xff, 0xff, 0xff,
    0xff, 0xff, 0xff, 0xff, 0xff, 0xff, 0x8c, 0x0,
    0x0, 0x0, 0x16, 0xf1, 0xff, 0xff, 0xff, 0xff,
    0xc6, 0x9e, 0xb5, 0xf8, 0xff, 0xff, 0xff, 0xff,
    0x4d, 0x0, 0x0, 0x8d, 0xff, 0xff, 0xff, 0xed,
    0x47, 0x0, 0x0, 0x0, 0x24, 0xcb, 0xff, 0xff,
    0xff, 0xd2, 0x0, 0x0, 0xe1, 0xff, 0xff, 0xff,
    0x54, 0x0, 0x0, 0x0, 0x0, 0x0, 0x1f, 0xf2,
    0xff, 0xff, 0xff, 0x27, 0x11, 0xff, 0xff, 0xff,
    0xe5, 0x0, 0x0, 0x0, 0x0, 0x0, 0x0, 0x0,
    0xa0, 0xff, 0xff, 0xff, 0x57, 0x22, 0xff, 0xff,
    0xff, 0xc9, 0x0, 0x0, 0x0, 0x0, 0x0, 0x0,
    0x0, 0x82, 0xff, 0xff, 0xff, 0x69, 0x11, 0xff,
    0xff, 0xff, 0xe4, 0x0, 0x0, 0x0, 0x0, 0x0,
    0x0, 0x0, 0x9f, 0xff, 0xff, 0xff, 0x57, 0x0,
    0xe2, 0xff, 0xff, 0xff, 0x52, 0x0, 0x0, 0x0,
    0x0, 0x0, 0x1d, 0xf1, 0xff, 0xff, 0xff, 0x28,
    0x0, 0x8f, 0xff, 0xff, 0xff, 0xeb, 0x43, 0x0,
    0x0, 0x0, 0x21, 0xc9, 0xff, 0xff, 0xff, 0xd3,
    0x0, 0x0, 0x17, 0xf2, 0xff, 0xff, 0xff, 0xff,
    0xc2, 0x99, 0xb0, 0xf6, 0xff, 0xff, 0xff, 0xff,
    0x50, 0x0, 0x0, 0x0, 0x4c, 0xfc, 0xff, 0xff,
    0xff, 0xff, 0xff, 0xff, 0xff, 0xff, 0xff, 0xff,
    0x8f, 0x0, 0x0, 0x0, 0x0, 0x0, 0x42, 0xe5,
    0xff, 0xff, 0xff, 0xff, 0xff, 0xff, 0xff, 0xf7,
    0x75, 0x0, 0x0, 0x0, 0x0, 0x0, 0x0, 0x0,
    0x8, 0x69, 0xb8, 0xe6, 0xfa, 0xee, 0xca, 0x82,
    0x1a, 0x0, 0x0, 0x0, 0x0,

    /* U+014E "Ŏ" */
    0x0, 0x0, 0x0, 0x0, 0x0, 0x0, 0x0, 0xb2,
    0xff, 0xff, 0x30, 0x0, 0x7f, 0xff, 0xff, 0x5a,
    0x0, 0x0, 0x0, 0x0, 0x0, 0x0, 0x0, 0x0,
    0x0, 0x0, 0x0, 0x0, 0x0, 0x0, 0x6c, 0xff,
    0xff, 0xea, 0xb9, 0xfc, 0xff, 0xf9, 0x1d, 0x0,
    0x0, 0x0, 0x0, 0x0, 0x0, 0x0, 0x0, 0x0,
    0x0, 0x0, 0x0, 0x0, 0x0, 0x3, 0xc5, 0xff,
    0xff, 0xff, 0xff, 0xff, 0x74, 0x0, 0x0, 0x0,
    0x0, 0x0, 0x0, 0x0, 0x0, 0x0, 0x0, 0x0,
    0x0, 0x0, 0x0, 0x0, 0x0, 0x9, 0x83, 0xe3,
    0xf9, 0xd1, 0x54, 0x0, 0x0, 0x0, 0x0, 0x0,
    0x0, 0x0, 0x0, 0x0, 0x0, 0x0, 0x0, 0x0,
    0x0, 0x0, 0x0, 0x0, 0x0, 0x0, 0x0, 0x0,
    0x0, 0x0, 0x0, 0x0, 0x0, 0x0, 0x0, 0x0,
    0x0, 0x0, 0x0, 0x0, 0x0, 0x0, 0x0, 0x0,
    0x0, 0x0, 0x0, 0x0, 0x0, 0x0, 0x0, 0x0,
    0x0, 0x0, 0x0, 0x0, 0x0, 0x0, 0x0, 0x0,
    0x0, 0x0, 0x0, 0x0, 0x0, 0x0, 0x0, 0x0,
    0xf, 0x5d, 0xa5, 0xd6, 0xed, 0xf9, 0xe5, 0xcb,
    0x8d, 0x43, 0x1, 0x0, 0x0, 0x0, 0x0, 0x0,
    0x0, 0x0, 0x0, 0x0, 0x0, 0xb, 0x7f, 0xef,
    0xff, 0xff, 0xff, 0xff, 0xff, 0xff, 0xff, 0xff,
    0xff, 0xd1, 0x4f, 0x0, 0x0, 0x0, 0x0, 0x0,
    0x0, 0x0, 0x0, 0x26, 0xd4, 0xff, 0xff, 0xff,
    0xff, 0xff, 0xff, 0xff, 0xff, 0xff, 0xff, 0xff,
    0xff, 0xff, 0x9b, 0x7, 0x0, 0x0, 0x0, 0x0,
    0x0, 0x27, 0xed, 0xff, 0xff, 0xff, 0xff, 0xff,
    0xfa, 0xdf, 0xd2, 0xe7, 0xff, 0xff, 0xff, 0xff,
    0xff, 0xff, 0xb8, 0x4, 0x0, 0x0, 0x0, 0xf,
    0xdd, 0xff, 0xff, 0xff, 0xff, 0xc9, 0x54, 0xc,
    0x0, 0x0, 0x0, 0x20, 0x7a, 0xeb, 0xff, 0xff,
    0xff, 0xff, 0x93, 0x0, 0x0, 0x0, 0x8b, 0xff,
    0xff, 0xff, 0xff, 0x79, 0x1, 0x0, 0x0, 0x0,
    0x0, 0x0, 0x0, 0x0, 0x16, 0xbf, 0xff, 0xff,
    0xff, 0xfe, 0x32, 0x0, 0x17, 0xf9, 0xff, 0xff,
    0xff, 0x7e, 0x0, 0x0, 0x0, 0x0, 0x0, 0x0,
    0x0, 0x0, 0x0, 0x0, 0xb, 0xce, 0xff, 0xff,
    0xff, 0xb4, 0x0, 0x67, 0xff, 0xff, 0xff, 0xd8,
    0x4, 0x0, 0x0, 0x0, 0x0, 0x0, 0x0, 0x0,
    0x0, 0x0, 0x0, 0x0, 0x38, 0xff, 0xff, 0xff,
    0xfa, 0x11, 0xad, 0xff, 0xff, 0xff, 0x78, 0x0,
    0x0, 0x0, 0x0, 0x0, 0x0, 0x0, 0x0, 0x0,
    0x0, 0x0, 0x0, 0x0, 0xd3, 0xff, 0xff, 0xff,
    0x53, 0xcb, 0xff, 0xff, 0xff, 0x40, 0x0, 0x0,
    0x0, 0x0, 0x0, 0x0, 0x0, 0x0, 0x0, 0x0,
    0x0, 0x0, 0x0, 0x99, 0xff, 0xff, 0xff, 0x72,
    0xde, 0xff, 0xff, 0xff, 0x2e, 0x0, 0x0, 0x0,
    0x0, 0x0, 0x0, 0x0, 0x0, 0x0, 0x0, 0x0,
    0x0, 0x0, 0x86, 0xff, 0xff, 0xff, 0x85, 0xcb,
    0xff, 0xff, 0xff, 0x40, 0x0, 0x0, 0x0, 0x0,
    0x0, 0x0, 0x0, 0x0, 0x0, 0x0, 0x0, 0x0,
    0x0, 0x99, 0xff, 0xff, 0xff, 0x72, 0xad, 0xff,
    0xff, 0xff, 0x77, 0x0, 0x0, 0x0, 0x0, 0x0,
    0x0, 0x0, 0x0, 0x0, 0x0, 0x0, 0x0, 0x0,
    0xd3, 0xff, 0xff, 0xff, 0x54, 0x67, 0xff, 0xff,
    0xff, 0xd6, 0x4, 0x0, 0x0, 0x0, 0x0, 0x0,
    0x0, 0x0, 0x0, 0x0, 0x0, 0x0, 0x37, 0xff,
    0xff, 0xff, 0xfb, 0x11, 0x17, 0xf9, 0xff, 0xff,
    0xff, 0x7c, 0x0, 0x0, 0x0, 0x0, 0x0, 0x0,
    0x0, 0x0, 0x0, 0x0, 0xa, 0xcd, 0xff, 0xff,
    0xff, 0xb5, 0x0, 0x0, 0x8d, 0xff, 0xff, 0xff,
    0xfe, 0x75, 0x1, 0x0, 0x0, 0x0, 0x0, 0x0,
    0x0, 0x0, 0x14, 0xbc, 0xff, 0xff, 0xff, 0xfe,
    0x33, 0x0, 0x0, 0x10, 0xdf, 0xff, 0xff, 0xff,
    0xff, 0xc6, 0x4f, 0x9, 0x0, 0x0, 0x0, 0x1b,
    0x76, 0xe9, 0xff, 0xff, 0xff, 0xff, 0x95, 0x0,
    0x0, 0x0, 0x0, 0x29, 0xee, 0xff, 0xff, 0xff,
    0xff, 0xff, 0xf8, 0xda, 0xcd, 0xe2, 0xff, 0xff,
    0xff, 0xff, 0xff, 0xff, 0xba, 0x4, 0x0, 0x0,
    0x0, 0x0, 0x0, 0x29, 0xd5, 0xff, 0xff, 0xff,
    0xff, 0xff, 0xff, 0xff, 0xff, 0xff, 0xff, 0xff,
    0xff, 0xff, 0x9e, 0x9, 0x0, 0x0, 0x0, 0x0,
    0x0, 0x0, 0x0, 0xb, 0x81, 0xf0, 0xff, 0xff,
    0xff, 0xff, 0xff, 0xff, 0xff, 0xff, 0xff, 0xd2,
    0x51, 0x0, 0x0, 0x0, 0x0, 0x0, 0x0, 0x0,
    0x0, 0x0, 0x0, 0x0, 0xf, 0x5e, 0xa6, 0xd7,
    0xee, 0xf9, 0xe6, 0xcc, 0x8e, 0x43, 0x1, 0x0,
    0x0, 0x0, 0x0, 0x0, 0x0,

    /* U+014F "ŏ" */
    0x0, 0x0, 0x0, 0x0, 0x60, 0xff, 0xff, 0x99,
    0xa, 0x52, 0xff, 0xff, 0xa8, 0x0, 0x0, 0x0,
    0x0, 0x0, 0x0, 0x0, 0x0, 0x18, 0xf0, 0xff,
    0xff, 0xff, 0xff, 0xff, 0xff, 0x54, 0x0, 0x0,
    0x0, 0x0, 0x0, 0x0, 0x0, 0x0, 0x0, 0x4d,
    0xf3, 0xff, 0xff, 0xff, 0xff, 0x8d, 0x0, 0x0,
    0x0, 0x0, 0x0, 0x0, 0x0, 0x0, 0x0, 0x0,
    0x0, 0x19, 0x81, 0xa6, 0x93, 0x3b, 0x0, 0x0,
    0x0, 0x0, 0x0, 0x0, 0x0, 0x0, 0x0, 0x0,
    0x0, 0x0, 0x0, 0x0, 0x0, 0x0, 0x0, 0x0,
    0x0, 0x0, 0x0, 0x0, 0x0, 0x0, 0x0, 0x0,
    0x0, 0x0, 0x0, 0x0, 0x0, 0x0, 0x0, 0x0,
    0x0, 0x0, 0x0, 0x0, 0x0, 0x0, 0x0, 0x0,
    0x0, 0x0, 0x8, 0x68, 0xb7, 0xe6, 0xf9, 0xed,
    0xc9, 0x81, 0x19, 0x0, 0x0, 0x0, 0x0, 0x0,
    0x0, 0x0, 0x3f, 0xe4, 0xff, 0xff, 0xff, 0xff,
    0xff, 0xff, 0xff, 0xf7, 0x73, 0x0, 0x0, 0x0,
    0x0, 0x0, 0x49, 0xfb, 0xff, 0xff, 0xff, 0xff,
    0xff, 0xff, 0xff, 0xff, 0xff, 0xff, 0x8c, 0x0,
    0x0, 0x0, 0x16, 0xf1, 0xff, 0xff, 0xff, 0xff,
    0xc6, 0x9e, 0xb5, 0xf8, 0xff, 0xff, 0xff, 0xff,
    0x4d, 0x0, 0x0, 0x8d, 0xff, 0xff, 0xff, 0xed,
    0x47, 0x0, 0x0, 0x0, 0x24, 0xcb, 0xff, 0xff,
    0xff, 0xd2, 0x0, 0x0, 0xe1, 0xff, 0xff, 0xff,
    0x54, 0x0, 0x0, 0x0, 0x0, 0x0, 0x1f, 0xf2,
    0xff, 0xff, 0xff, 0x27, 0x11, 0xff, 0xff, 0xff,
    0xe5, 0x0, 0x0, 0x0, 0x0, 0x0, 0x0, 0x0,
    0xa0, 0xff, 0xff, 0xff, 0x57, 0x22, 0xff, 0xff,
    0xff, 0xc9, 0x0, 0x0, 0x0, 0x0, 0x0, 0x0,
    0x0, 0x82, 0xff, 0xff, 0xff, 0x69, 0x11, 0xff,
    0xff, 0xff, 0xe4, 0x0, 0x0, 0x0, 0x0, 0x0,
    0x0, 0x0, 0x9f, 0xff, 0xff, 0xff, 0x57, 0x0,
    0xe2, 0xff, 0xff, 0xff, 0x52, 0x0, 0x0, 0x0,
    0x0, 0x0, 0x1d, 0xf1, 0xff, 0xff, 0xff, 0x28,
    0x0, 0x8f, 0xff, 0xff, 0xff, 0xeb, 0x43, 0x0,
    0x0, 0x0, 0x21, 0xc9, 0xff, 0xff, 0xff, 0xd3,
    0x0, 0x0, 0x17, 0xf2, 0xff, 0xff, 0xff, 0xff,
    0xc2, 0x99, 0xb0, 0xf6, 0xff, 0xff, 0xff, 0xff,
    0x50, 0x0, 0x0, 0x0, 0x4c, 0xfc, 0xff, 0xff,
    0xff, 0xff, 0xff, 0xff, 0xff, 0xff, 0xff, 0xff,
    0x8f, 0x0, 0x0, 0x0, 0x0, 0x0, 0x42, 0xe5,
    0xff, 0xff, 0xff, 0xff, 0xff, 0xff, 0xff, 0xf7,
    0x75, 0x0, 0x0, 0x0, 0x0, 0x0, 0x0, 0x0,
    0x8, 0x69, 0xb8, 0xe6, 0xfa, 0xee, 0xca, 0x82,
    0x1a, 0x0, 0x0, 0x0, 0x0,

    /* U+0150 "Ő" */
    0x0, 0x0, 0x0, 0x0, 0x0, 0x0, 0x0, 0x0,
    0x6, 0x8, 0x8, 0x8, 0x6, 0x0, 0x6, 0x8,
    0x8, 0x8, 0x5, 0x0, 0x0, 0x0, 0x0, 0x0,
    0x0, 0x0, 0x0, 0x0, 0x0, 0x0, 0x5, 0xf0,
    0xff, 0xff, 0xff, 0x70, 0xb, 0xf7, 0xff, 0xff,
    0xff, 0x60, 0x0, 0x0, 0x0, 0x0, 0x0, 0x0,
    0x0, 0x0, 0x0, 0x0, 0x0, 0x46, 0xff, 0xff,
    0xff, 0xc3, 0x2, 0x53, 0xff, 0xff, 0xff, 0xb6,
    0x0, 0x0, 0x0, 0x0, 0x0, 0x0, 0x0, 0x0,
    0x0, 0x0, 0x0, 0x0, 0x95, 0xff, 0xff, 0xf5,
    0x24, 0x0, 0xa4, 0xff, 0xff, 0xf0, 0x1b, 0x0,
    0x0, 0x0, 0x0, 0x0, 0x0, 0x0, 0x0, 0x0,
    0x0, 0x0, 0x0, 0xe3, 0xff, 0xff, 0x6d, 0x0,
    0x4, 0xef, 0xff, 0xff, 0x61, 0x0, 0x0, 0x0,
    0x0, 0x0, 0x0, 0x0, 0x0, 0x0, 0x0, 0x0,
    0x0, 0x0, 0x0, 0x0, 0x0, 0x0, 0x0, 0x0,
    0x0, 0x0, 0x0, 0x0, 0x0, 0x0, 0x0, 0x0,
    0x0, 0x0, 0x0, 0x0, 0x0, 0x0, 0x0, 0x0,
    0x0, 0x0, 0x0, 0x0, 0x0, 0x0, 0x0, 0x0,
    0x0, 0x0, 0x0, 0x0, 0x0, 0x0, 0x0, 0x0,
    0x0, 0x0, 0x0, 0x0, 0x0, 0x0, 0x0, 0xf,
    0x5d, 0xa5, 0xd6, 0xed, 0xf9, 0xe5, 0xcb, 0x8d,
    0x43, 0x1, 0x0, 0x0, 0x0, 0x0, 0x0, 0x0,
    0x0, 0x0, 0x0, 0x0, 0xb, 0x7f, 0xef, 0xff,
    0xff, 0xff, 0xff, 0xff, 0xff, 0xff, 0xff, 0xff,
    0xd1, 0x4f, 0x0, 0x0, 0x0, 0x0, 0x0, 0x0,
    0x0, 0x0, 0x26, 0xd4, 0xff, 0xff, 0xff, 0xff,
    0xff, 0xff, 0xff, 0xff, 0xff, 0xff, 0xff, 0xff,
    0xff, 0x9b, 0x7, 0x0, 0x0, 0x0, 0x0, 0x0,
    0x27, 0xed, 0xff, 0xff, 0xff, 0xff, 0xff, 0xfa,
    0xdf, 0xd2, 0xe7, 0xff, 0xff, 0xff, 0xff, 0xff,
    0xff, 0xb8, 0x4, 0x0, 0x0, 0x0, 0xf, 0xdd,
    0xff, 0xff, 0xff, 0xff, 0xc9, 0x54, 0xc, 0x0,
    0x0, 0x0, 0x20, 0x7a, 0xeb, 0xff, 0xff, 0xff,
    0xff, 0x93, 0x0, 0x0, 0x0, 0x8b, 0xff, 0xff,
    0xff, 0xff, 0x79, 0x1, 0x0, 0x0, 0x0, 0x0,
    0x0, 0x0, 0x0, 0x16, 0xbf, 0xff, 0xff, 0xff,
    0xfe, 0x32, 0x0, 0x17, 0xf9, 0xff, 0xff, 0xff,
    0x7e, 0x0, 0x0, 0x0, 0x0, 0x0, 0x0, 0x0,
    0x0, 0x0, 0x0, 0xb, 0xce, 0xff, 0xff, 0xff,
    0xb4, 0x0, 0x67, 0xff, 0xff, 0xff, 0xd8, 0x4,
    0x0, 0x0, 0x0, 0x0, 0x0, 0x0, 0x0, 0x0,
    0x0, 0x0, 0x0, 0x38, 0xff, 0xff, 0xff, 0xfa,
    0x11, 0xad, 0xff, 0xff, 0xff, 0x78, 0x0, 0x0,
    0x0, 0x0, 0x0, 0x0, 0x0, 0x0, 0x0, 0x0,
    0x0, 0x0, 0x0, 0xd3, 0xff, 0xff, 0xff, 0x53,
    0xcb, 0xff, 0xff, 0xff, 0x40, 0x0, 0x0, 0x0,
    0x0, 0x0, 0x0, 0x0, 0x0, 0x0, 0x0, 0x0,
    0x0, 0x0, 0x99, 0xff, 0xff, 0xff, 0x72, 0xde,
    0xff, 0xff, 0xff, 0x2e, 0x0, 0x0, 0x0, 0x0,
    0x0, 0x0, 0x0, 0x0, 0x0, 0x0, 0x0, 0x0,
    0x0, 0x86, 0xff, 0xff, 0xff, 0x85, 0xcb, 0xff,
    0xff, 0xff, 0x40, 0x0, 0x0, 0x0, 0x0, 0x0,
    0x0, 0x0, 0x0, 0x0, 0x0, 0x0, 0x0, 0x0,
    0x99, 0xff, 0xff, 0xff, 0x72, 0xad, 0xff, 0xff,
    0xff, 0x77, 0x0, 0x0, 0x0, 0x0, 0x0, 0x0,
    0x0, 0x0, 0x0, 0x0, 0x0, 0x0, 0x0, 0xd3,
    0xff, 0xff, 0xff, 0x54, 0x67, 0xff, 0xff, 0xff,
    0xd6, 0x4, 0x0, 0x0, 0x0, 0x0, 0x0, 0x0,
    0x0, 0x0, 0x0, 0x0, 0x0, 0x37, 0xff, 0xff,
    0xff, 0xfb, 0x11, 0x17, 0xf9, 0xff, 0xff, 0xff,
    0x7c, 0x0, 0x0, 0x0, 0x0, 0x0, 0x0, 0x0,
    0x0, 0x0, 0x0, 0xa, 0xcd, 0xff, 0xff, 0xff,
    0xb5, 0x0, 0x0, 0x8d, 0xff, 0xff, 0xff, 0xfe,
    0x75, 0x1, 0x0, 0x0, 0x0, 0x0, 0x0, 0x0,
    0x0, 0x14, 0xbc, 0xff, 0xff, 0xff, 0xfe, 0x33,
    0x0, 0x0, 0x10, 0xdf, 0xff, 0xff, 0xff, 0xff,
    0xc6, 0x4f, 0x9, 0x0, 0x0, 0x0, 0x1b, 0x76,
    0xe9, 0xff, 0xff, 0xff, 0xff, 0x95, 0x0, 0x0,
    0x0, 0x0, 0x29, 0xee, 0xff, 0xff, 0xff, 0xff,
    0xff, 0xf8, 0xda, 0xcd, 0xe2, 0xff, 0xff, 0xff,
    0xff, 0xff, 0xff, 0xba, 0x4, 0x0, 0x0, 0x0,
    0x0, 0x0, 0x29, 0xd5, 0xff, 0xff, 0xff, 0xff,
    0xff, 0xff, 0xff, 0xff, 0xff, 0xff, 0xff, 0xff,
    0xff, 0x9e, 0x9, 0x0, 0x0, 0x0, 0x0, 0x0,
    0x0, 0x0, 0xb, 0x81, 0xf0, 0xff, 0xff, 0xff,
    0xff, 0xff, 0xff, 0xff, 0xff, 0xff, 0xd2, 0x51,
    0x0, 0x0, 0x0, 0x0, 0x0, 0x0, 0x0, 0x0,
    0x0, 0x0, 0x0, 0xf, 0x5e, 0xa6, 0xd7, 0xee,
    0xf9, 0xe6, 0xcc, 0x8e, 0x43, 0x1, 0x0, 0x0,
    0x0, 0x0, 0x0, 0x0,

    /* U+0151 "ő" */
    0x0, 0x0, 0x0, 0x0, 0x0, 0xc1, 0xff, 0xff,
    0xff, 0xa6, 0x0, 0xd8, 0xff, 0xff, 0xff, 0x91,
    0x0, 0x0, 0x0, 0x0, 0x0, 0x14, 0xfc, 0xff,
    0xff, 0xe8, 0x13, 0x29, 0xff, 0xff, 0xff, 0xdb,
    0xa, 0x0, 0x0, 0x0, 0x0, 0x0, 0x61, 0xff,
    0xff, 0xff, 0x51, 0x0, 0x79, 0xff, 0xff, 0xfd,
    0x3c, 0x0, 0x0, 0x0, 0x0, 0x0, 0x0, 0xb2,
    0xff, 0xff, 0xa6, 0x0, 0x0, 0xca, 0xff, 0xff,
    0x8f, 0x0, 0x0, 0x0, 0x0, 0x0, 0x0, 0x0,
    0x6, 0x8, 0x8, 0x2, 0x0, 0x0, 0x7, 0x8,
    0x8, 0x1, 0x0, 0x0, 0x0, 0x0, 0x0, 0x0,
    0x0, 0x0, 0x0, 0x0, 0x0, 0x0, 0x0, 0x0,
    0x0, 0x0, 0x0, 0x0, 0x0, 0x0, 0x0, 0x0,
    0x0, 0x0, 0x8, 0x68, 0xb7, 0xe6, 0xf9, 0xed,
    0xc9, 0x81, 0x19, 0x0, 0x0, 0x0, 0x0, 0x0,
    0x0, 0x0, 0x3f, 0xe4, 0xff, 0xff, 0xff, 0xff,
    0xff, 0xff, 0xff, 0xf7, 0x73, 0x0, 0x0, 0x0,
    0x0, 0x0, 0x49, 0xfb, 0xff, 0xff, 0xff, 0xff,
    0xff, 0xff, 0xff, 0xff, 0xff, 0xff, 0x8c, 0x0,
    0x0, 0x0, 0x16, 0xf1, 0xff, 0xff, 0xff, 0xff,
    0xc6, 0x9e, 0xb5, 0xf8, 0xff, 0xff, 0xff, 0xff,
    0x4d, 0x0, 0x0, 0x8d, 0xff, 0xff, 0xff, 0xed,
    0x47, 0x0, 0x0, 0x0, 0x24, 0xcb, 0xff, 0xff,
    0xff, 0xd2, 0x0, 0x0, 0xe1, 0xff, 0xff, 0xff,
    0x54, 0x0, 0x0, 0x0, 0x0, 0x0, 0x1f, 0xf2,
    0xff, 0xff, 0xff, 0x27, 0x11, 0xff, 0xff, 0xff,
    0xe5, 0x0, 0x0, 0x0, 0x0, 0x0, 0x0, 0x0,
    0xa0, 0xff, 0xff, 0xff, 0x57, 0x22, 0xff, 0xff,
    0xff, 0xc9, 0x0, 0x0, 0x0, 0x0, 0x0, 0x0,
    0x0, 0x82, 0xff, 0xff, 0xff, 0x69, 0x11, 0xff,
    0xff, 0xff, 0xe4, 0x0, 0x0, 0x0, 0x0, 0x0,
    0x0, 0x0, 0x9f, 0xff, 0xff, 0xff, 0x57, 0x0,
    0xe2, 0xff, 0xff, 0xff, 0x52, 0x0, 0x0, 0x0,
    0x0, 0x0, 0x1d, 0xf1, 0xff, 0xff, 0xff, 0x28,
    0x0, 0x8f, 0xff, 0xff, 0xff, 0xeb, 0x43, 0x0,
    0x0, 0x0, 0x21, 0xc9, 0xff, 0xff, 0xff, 0xd3,
    0x0, 0x0, 0x17, 0xf2, 0xff, 0xff, 0xff, 0xff,
    0xc2, 0x99, 0xb0, 0xf6, 0xff, 0xff, 0xff, 0xff,
    0x50, 0x0, 0x0, 0x0, 0x4c, 0xfc, 0xff, 0xff,
    0xff, 0xff, 0xff, 0xff, 0xff, 0xff, 0xff, 0xff,
    0x8f, 0x0, 0x0, 0x0, 0x0, 0x0, 0x42, 0xe5,
    0xff, 0xff, 0xff, 0xff, 0xff, 0xff, 0xff, 0xf7,
    0x75, 0x0, 0x0, 0x0, 0x0, 0x0, 0x0, 0x0,
    0x8, 0x69, 0xb8, 0xe6, 0xfa, 0xee, 0xca, 0x82,
    0x1a, 0x0, 0x0, 0x0, 0x0,

    /* U+0152 "Œ" */
    0x0, 0x0, 0x0, 0x0, 0x0, 0x0, 0x1a, 0x6c,
    0xb6, 0xdd, 0xf4, 0xf5, 0xe1, 0xbe, 0x7a, 0x23,
    0x0, 0x0, 0xcc, 0xff, 0xff, 0xff, 0xff, 0xff,
    0xff, 0xff, 0xff, 0xff, 0xff, 0xff, 0xff, 0xd0,
    0x0, 0x0, 0x0, 0x0, 0x11, 0x8e, 0xf7, 0xff,
    0xff, 0xff, 0xff, 0xff, 0xff, 0xff, 0xff, 0xfb,
    0x99, 0xa, 0xcc, 0xff, 0xff, 0xff, 0xff, 0xff,
    0xff, 0xff, 0xff, 0xff, 0xff, 0xff, 0xff, 0xd0,
    0x0, 0x0, 0x0, 0x2e, 0xdd, 0xff, 0xff, 0xff,
    0xff, 0xff, 0xff, 0xff, 0xff, 0xff, 0xff, 0xff,
    0xff, 0xcb, 0xe1, 0xff, 0xff, 0xff, 0xff, 0xff,
    0xff, 0xff, 0xff, 0xff, 0xff, 0xff, 0xff, 0xd0,
    0x0, 0x0, 0x2d, 0xf1, 0xff, 0xff, 0xff, 0xff,
    0xff, 0xfa, 0xdf, 0xd2, 0xe7, 0xff, 0xff, 0xff,
    0xff, 0xff, 0xff, 0xff, 0xff, 0xff, 0xd7, 0xcc,
    0xcc, 0xcc, 0xcc, 0xcc, 0xcc, 0xcc, 0xcc, 0xa5,
    0x0, 0x11, 0xe1, 0xff, 0xff, 0xff, 0xff, 0xc9,
    0x54, 0xc, 0x0, 0x0, 0x0, 0x20, 0x7a, 0xeb,
    0xff, 0xff, 0xff, 0xff, 0xff, 0xff, 0x38, 0x0,
    0x0, 0x0, 0x0, 0x0, 0x0, 0x0, 0x0, 0x0,
    0x0, 0x8e, 0xff, 0xff, 0xff, 0xff, 0x79, 0x1,
    0x0, 0x0, 0x0, 0x0, 0x0, 0x0, 0x0, 0x16,
    0xbf, 0xff, 0xff, 0xff, 0xff, 0xff, 0x38, 0x0,
    0x0, 0x0, 0x0, 0x0, 0x0, 0x0, 0x0, 0x0,
    0x17, 0xf9, 0xff, 0xff, 0xff, 0x7e, 0x0, 0x0,
    0x0, 0x0, 0x0, 0x0, 0x0, 0x0, 0x0, 0x0,
    0xb, 0xce, 0xff, 0xff, 0xff, 0xff, 0x38, 0x0,
    0x0, 0x0, 0x0, 0x0, 0x0, 0x0, 0x0, 0x0,
    0x67, 0xff, 0xff, 0xff, 0xd8, 0x4, 0x0, 0x0,
    0x0, 0x0, 0x0, 0x0, 0x0, 0x0, 0x0, 0x0,
    0x0, 0x38, 0xff, 0xff, 0xff, 0xff, 0x38, 0x0,
    0x0, 0x0, 0x0, 0x0, 0x0, 0x0, 0x0, 0x0,
    0xad, 0xff, 0xff, 0xff, 0x78, 0x0, 0x0, 0x0,
    0x0, 0x0, 0x0, 0x0, 0x0, 0x0, 0x0, 0x0,
    0x0, 0x0, 0xd3, 0xff, 0xff, 0xff, 0xff, 0xff,
    0xff, 0xff, 0xff, 0xff, 0xff, 0xff, 0xdc, 0x0,
    0xcb, 0xff, 0xff, 0xff, 0x40, 0x0, 0x0, 0x0,
    0x0, 0x0, 0x0, 0x0, 0x0, 0x0, 0x0, 0x0,
    0x0, 0x0, 0x99, 0xff, 0xff, 0xff, 0xff, 0xff,
    0xff, 0xff, 0xff, 0xff, 0xff, 0xff, 0xdc, 0x0,
    0xde, 0xff, 0xff, 0xff, 0x2e, 0x0, 0x0, 0x0,
    0x0, 0x0, 0x0, 0x0, 0x0, 0x0, 0x0, 0x0,
    0x0, 0x0, 0x86, 0xff, 0xff, 0xff, 0xff, 0xff,
    0xff, 0xff, 0xff, 0xff, 0xff, 0xff, 0xdc, 0x0,
    0xcb, 0xff, 0xff, 0xff, 0x40, 0x0, 0x0, 0x0,
    0x0, 0x0, 0x0, 0x0, 0x0, 0x0, 0x0, 0x0,
    0x0, 0x0, 0x99, 0xff, 0xff, 0xff, 0xd4, 0xc8,
    0xc8, 0xc8, 0xc8, 0xc8, 0xc8, 0xc8, 0xab, 0x0,
    0xad, 0xff, 0xff, 0xff, 0x77, 0x0, 0x0, 0x0,
    0x0, 0x0, 0x0, 0x0, 0x0, 0x0, 0x0, 0x0,
    0x0, 0x0, 0xd3, 0xff, 0xff, 0xff, 0x38, 0x0,
    0x0, 0x0, 0x0, 0x0, 0x0, 0x0, 0x0, 0x0,
    0x67, 0xff, 0xff, 0xff, 0xd6, 0x4, 0x0, 0x0,
    0x0, 0x0, 0x0, 0x0, 0x0, 0x0, 0x0, 0x0,
    0x0, 0x37, 0xff, 0xff, 0xff, 0xff, 0x38, 0x0,
    0x0, 0x0, 0x0, 0x0, 0x0, 0x0, 0x0, 0x0,
    0x17, 0xfa, 0xff, 0xff, 0xff, 0x7c, 0x0, 0x0,
    0x0, 0x0, 0x0, 0x0, 0x0, 0x0, 0x0, 0x0,
    0xa, 0xcd, 0xff, 0xff, 0xff, 0xff, 0x38, 0x0,
    0x0, 0x0, 0x0, 0x0, 0x0, 0x0, 0x0, 0x0,
    0x0, 0x90, 0xff, 0xff, 0xff, 0xfe, 0x75, 0x1,
    0x0, 0x0, 0x0, 0x0, 0x0, 0x0, 0x0, 0x14,
    0xbc, 0xff, 0xff, 0xff, 0xff, 0xff, 0x38, 0x0,
    0x0, 0x0, 0x0, 0x0, 0x0, 0x0, 0x0, 0x0,
    0x0, 0x12, 0xe2, 0xff, 0xff, 0xff, 0xff, 0xc6,
    0x4f, 0x9, 0x0, 0x0, 0x0, 0x1b, 0x76, 0xe9,
    0xff, 0xff, 0xff, 0xff, 0xff, 0xff, 0x38, 0x0,
    0x0, 0x0, 0x0, 0x0, 0x0, 0x0, 0x0, 0x0,
    0x0, 0x0, 0x2e, 0xf3, 0xff, 0xff, 0xff, 0xff,
    0xff, 0xf8, 0xda, 0xcd, 0xe2, 0xff, 0xff, 0xff,
    0xff, 0xff, 0xff, 0xff, 0xff, 0xff, 0xd7, 0xcc,
    0xcc, 0xcc, 0xcc, 0xcc, 0xcc, 0xcc, 0xcc, 0xa5,
    0x0, 0x0, 0x0, 0x31, 0xdf, 0xff, 0xff, 0xff,
    0xff, 0xff, 0xff, 0xff, 0xff, 0xff, 0xff, 0xff,
    0xff, 0xd3, 0xe4, 0xff, 0xff, 0xff, 0xff, 0xff,
    0xff, 0xff, 0xff, 0xff, 0xff, 0xff, 0xff, 0xd0,
    0x0, 0x0, 0x0, 0x0, 0x11, 0x90, 0xf8, 0xff,
    0xff, 0xff, 0xff, 0xff, 0xff, 0xff, 0xff, 0xfd,
    0xa1, 0xd, 0xcc, 0xff, 0xff, 0xff, 0xff, 0xff,
    0xff, 0xff, 0xff, 0xff, 0xff, 0xff, 0xff, 0xd0,
    0x0, 0x0, 0x0, 0x0, 0x0, 0x0, 0x1a, 0x6d,
    0xb7, 0xde, 0xf5, 0xf6, 0xe3, 0xc1, 0x7e, 0x27,
    0x0, 0x0, 0xcc, 0xff, 0xff, 0xff, 0xff, 0xff,
    0xff, 0xff, 0xff, 0xff, 0xff, 0xff, 0xff, 0xd0,

    /* U+0153 "œ" */
    0x0, 0x0, 0x0, 0x0, 0x8, 0x68, 0xb7, 0xe6,
    0xf9, 0xe7, 0xc0, 0x67, 0x8, 0x0, 0x0, 0x0,
    0x6, 0x60, 0xbf, 0xe8, 0xf8, 0xe6, 0xb5, 0x65,
    0x6, 0x0, 0x0, 0x0, 0x0, 0x0, 0x0, 0x3f,
    0xe4, 0xff, 0xff, 0xff, 0xff, 0xff, 0xff, 0xff,
    0xd7, 0x31, 0x0, 0x26, 0xce, 0xff, 0xff, 0xff,
    0xff, 0xff, 0xff, 0xff, 0xde, 0x30, 0x0, 0x0,
    0x0, 0x0, 0x49, 0xfb, 0xff, 0xff, 0xff, 0xff,
    0xff, 0xff, 0xff, 0xff, 0xff, 0xee, 0x4d, 0xe6,
    0xff, 0xff, 0xff, 0xff, 0xff, 0xff, 0xff, 0xff,
    0xff, 0xf0, 0x26, 0x0, 0x0, 0x16, 0xf1, 0xff,
    0xff, 0xff, 0xff, 0xc8, 0x9e, 0xb6, 0xf9, 0xff,
    0xff, 0xff, 0xff, 0xff, 0xff, 0xf4, 0x87, 0x42,
    0x31, 0x53, 0xbd, 0xff, 0xff, 0xff, 0xbf, 0x0,
    0x0, 0x8d, 0xff, 0xff, 0xff, 0xef, 0x4c, 0x0,
    0x0, 0x0, 0x28, 0xd0, 0xff, 0xff, 0xff, 0xff,
    0xf8, 0x30, 0x0, 0x0, 0x0, 0x0, 0x0, 0x9b,
    0xff, 0xff, 0xff, 0x2c, 0x0, 0xe1, 0xff, 0xff,
    0xff, 0x5b, 0x0, 0x0, 0x0, 0x0, 0x0, 0x23,
    0xf4, 0xff, 0xff, 0xff, 0xee, 0xc0, 0xc0, 0xc0,
    0xc0, 0xc0, 0xc0, 0xd0, 0xff, 0xff, 0xff, 0x6f,
    0x11, 0xff, 0xff, 0xff, 0xe8, 0x1, 0x0, 0x0,
    0x0, 0x0, 0x0, 0x0, 0xa3, 0xff, 0xff, 0xff,
    0xff, 0xff, 0xff, 0xff, 0xff, 0xff, 0xff, 0xff,
    0xff, 0xff, 0xff, 0x8c, 0x22, 0xff, 0xff, 0xff,
    0xc9, 0x0, 0x0, 0x0, 0x0, 0x0, 0x0, 0x0,
    0x82, 0xff, 0xff, 0xff, 0xff, 0xff, 0xff, 0xff,
    0xff, 0xff, 0xff, 0xff, 0xff, 0xff, 0xff, 0x93,
    0x11, 0xff, 0xff, 0xff, 0xe0, 0x0, 0x0, 0x0,
    0x0, 0x0, 0x0, 0x0, 0x99, 0xff, 0xff, 0xff,
    0x8c, 0x0, 0x0, 0x0, 0x0, 0x0, 0x0, 0x0,
    0x0, 0x0, 0x0, 0x0, 0x0, 0xe1, 0xff, 0xff,
    0xff, 0x40, 0x0, 0x0, 0x0, 0x0, 0x0, 0x12,
    0xea, 0xff, 0xff, 0xff, 0xe3, 0xb, 0x0, 0x0,
    0x0, 0x0, 0x0, 0x19, 0x74, 0xa, 0x0, 0x0,
    0x0, 0x8d, 0xff, 0xff, 0xff, 0xdf, 0x27, 0x0,
    0x0, 0x0, 0xf, 0xb4, 0xff, 0xff, 0xff, 0xff,
    0xff, 0xb2, 0xb, 0x0, 0x0, 0x0, 0x11, 0xc6,
    0xff, 0xe8, 0x70, 0x8, 0x0, 0x16, 0xf0, 0xff,
    0xff, 0xff, 0xf8, 0x9e, 0x75, 0x8c, 0xe6, 0xff,
    0xff, 0xff, 0xff, 0xff, 0xff, 0xff, 0xe8, 0x92,
    0x78, 0x95, 0xed, 0xff, 0xff, 0xff, 0xe7, 0x16,
    0x0, 0x0, 0x49, 0xfb, 0xff, 0xff, 0xff, 0xff,
    0xff, 0xff, 0xff, 0xff, 0xff, 0xee, 0x55, 0xeb,
    0xff, 0xff, 0xff, 0xff, 0xff, 0xff, 0xff, 0xff,
    0xff, 0xf7, 0x41, 0x0, 0x0, 0x0, 0x0, 0x40,
    0xe4, 0xff, 0xff, 0xff, 0xff, 0xff, 0xff, 0xff,
    0xda, 0x32, 0x0, 0x2c, 0xd4, 0xff, 0xff, 0xff,
    0xff, 0xff, 0xff, 0xff, 0xe4, 0x35, 0x0, 0x0,
    0x0, 0x0, 0x0, 0x0, 0x8, 0x69, 0xb8, 0xe6,
    0xf9, 0xe9, 0xc2, 0x6b, 0xa, 0x0, 0x0, 0x0,
    0x8, 0x64, 0xbf, 0xe6, 0xfb, 0xed, 0xc1, 0x72,
    0xc, 0x0, 0x0, 0x0,

    /* U+0154 "Ŕ" */
    0x0, 0x0, 0x0, 0x0, 0x0, 0x0, 0x8d, 0xff,
    0xff, 0xff, 0xd6, 0x7, 0x0, 0x0, 0x0, 0x0,
    0x0, 0x0, 0x0, 0x0, 0x0, 0x0, 0x0, 0xdc,
    0xff, 0xff, 0xfc, 0x36, 0x0, 0x0, 0x0, 0x0,
    0x0, 0x0, 0x0, 0x0, 0x0, 0x0, 0x0, 0x2d,
    0xff, 0xff, 0xff, 0x86, 0x0, 0x0, 0x0, 0x0,
    0x0, 0x0, 0x0, 0x0, 0x0, 0x0, 0x0, 0x0,
    0x7e, 0xff, 0xff, 0xd4, 0x7, 0x0, 0x0, 0x0,
    0x0, 0x0, 0x0, 0x0, 0x0, 0x0, 0x0, 0x0,
    0x0, 0x5, 0x8, 0x8, 0x4, 0x0, 0x0, 0x0,
    0x0, 0x0, 0x0, 0x0, 0x0, 0x0, 0x0, 0x0,
    0x0, 0x0, 0x0, 0x0, 0x0, 0x0, 0x0, 0x0,
    0x0, 0x0, 0x0, 0x0, 0x0, 0x0, 0xd8, 0xff,
    0xff, 0xff, 0xff, 0xff, 0xff, 0xff, 0xf4, 0xda,
    0x9c, 0x38, 0x0, 0x0, 0x0, 0x0, 0x0, 0xd8,
    0xff, 0xff, 0xff, 0xff, 0xff, 0xff, 0xff, 0xff,
    0xff, 0xff, 0xff, 0xa3, 0xb, 0x0, 0x0, 0x0,
    0xd8, 0xff, 0xff, 0xff, 0xff, 0xff, 0xff, 0xff,
    0xff, 0xff, 0xff, 0xff, 0xff, 0xb8, 0x3, 0x0,
    0x0, 0xd8, 0xff, 0xff, 0xff, 0xbd, 0xac, 0xac,
    0xac, 0xc3, 0xf5, 0xff, 0xff, 0xff, 0xff, 0x66,
    0x0, 0x0, 0xd8, 0xff, 0xff, 0xff, 0x34, 0x0,
    0x0, 0x0, 0x0, 0x18, 0xc2, 0xff, 0xff, 0xff,
    0xcf, 0x0, 0x0, 0xd8, 0xff, 0xff, 0xff, 0x34,
    0x0, 0x0, 0x0, 0x0, 0x0, 0x23, 0xff, 0xff,
    0xff, 0xff, 0xd, 0x0, 0xd8, 0xff, 0xff, 0xff,
    0x34, 0x0, 0x0, 0x0, 0x0, 0x0, 0x0, 0xf0,
    0xff, 0xff, 0xff, 0x21, 0x0, 0xd8, 0xff, 0xff,
    0xff, 0x34, 0x0, 0x0, 0x0, 0x0, 0x0, 0x20,
    0xff, 0xff, 0xff, 0xfe, 0xf, 0x0, 0xd8, 0xff,
    0xff, 0xff, 0x34, 0x0, 0x0, 0x0, 0x0, 0x18,
    0xc3, 0xff, 0xff, 0xff, 0xc8, 0x0, 0x0, 0xd8,
    0xff, 0xff, 0xff, 0xbd, 0xac, 0xac, 0xac, 0xc1,
    0xf4, 0xff, 0xff, 0xff, 0xff, 0x49, 0x0, 0x0,
    0xd8, 0xff, 0xff, 0xff, 0xff, 0xff, 0xff, 0xff,
    0xff, 0xff, 0xff, 0xff, 0xfe, 0x74, 0x0, 0x0,
    0x0, 0xd8, 0xff, 0xff, 0xff, 0xff, 0xff, 0xff,
    0xff, 0xff, 0xff, 0xff, 0xe1, 0x54, 0x0, 0x0,
    0x0, 0x0, 0xd8, 0xff, 0xff, 0xff, 0xff, 0xff,
    0xff, 0xff, 0xff, 0xff, 0xbb, 0x6, 0x0, 0x0,
    0x0, 0x0, 0x0, 0xd8, 0xff, 0xff, 0xff, 0x34,
    0x0, 0x90, 0xff, 0xff, 0xff, 0xfa, 0x32, 0x0,
    0x0, 0x0, 0x0, 0x0, 0xd8, 0xff, 0xff, 0xff,
    0x34, 0x0, 0x8, 0xd5, 0xff, 0xff, 0xff, 0xd4,
    0x7, 0x0, 0x0, 0x0, 0x0, 0xd8, 0xff, 0xff,
    0xff, 0x34, 0x0, 0x0, 0x31, 0xfa, 0xff, 0xff,
    0xff, 0x8a, 0x0, 0x0, 0x0, 0x0, 0xd8, 0xff,
    0xff, 0xff, 0x34, 0x0, 0x0, 0x0, 0x7a, 0xff,
    0xff, 0xff, 0xfd, 0x3b, 0x0, 0x0, 0x0, 0xd8,
    0xff, 0xff, 0xff, 0x34, 0x0, 0x0, 0x0, 0x3,
    0xc4, 0xff, 0xff, 0xff, 0xdc, 0xb, 0x0, 0x0,
    0xd8, 0xff, 0xff, 0xff, 0x34, 0x0, 0x0, 0x0,
    0x0, 0x22, 0xf3, 0xff, 0xff, 0xff, 0x96, 0x0,
    0x0, 0xd8, 0xff, 0xff, 0xff, 0x34, 0x0, 0x0,
    0x0, 0x0, 0x0, 0x64, 0xff, 0xff, 0xff, 0xff,
    0x46, 0x0, 0xd8, 0xff, 0xff, 0xff, 0x34, 0x0,
    0x0, 0x0, 0x0, 0x0, 0x0, 0xb0, 0xff, 0xff,
    0xff, 0xe3, 0x10,

    /* U+0155 "ŕ" */
    0x0, 0x0, 0x0, 0x0, 0x0, 0xcd, 0xff, 0xff,
    0xff, 0x9d, 0x0, 0x0, 0x0, 0x0, 0x0, 0x0,
    0x1d, 0xff, 0xff, 0xff, 0xe3, 0xf, 0x0, 0x0,
    0x0, 0x0, 0x0, 0x0, 0x6d, 0xff, 0xff, 0xff,
    0x47, 0x0, 0x0, 0x0, 0x0, 0x0, 0x0, 0x0,
    0xbe, 0xff, 0xff, 0x9b, 0x0, 0x0, 0x0, 0x0,
    0x0, 0x0, 0x0, 0x0, 0x7, 0x8, 0x8, 0x2,
    0x0, 0x0, 0x0, 0x0, 0x0, 0x0, 0x0, 0x0,
    0x0, 0x0, 0x0, 0x0, 0x0, 0x0, 0x0, 0x0,
    0x50, 0xff, 0xff, 0xff, 0x60, 0x2, 0x68, 0xc9,
    0xf4, 0xf9, 0xe1, 0x4, 0x50, 0xff, 0xff, 0xff,
    0x65, 0xb9, 0xff, 0xff, 0xff, 0xff, 0xba, 0x0,
    0x50, 0xff, 0xff, 0xff, 0xe9, 0xff, 0xff, 0xff,
    0xff, 0xff, 0x76, 0x0, 0x50, 0xff, 0xff, 0xff,
    0xff, 0xff, 0xfb, 0xc2, 0xb5, 0xdf, 0x32, 0x0,
    0x50, 0xff, 0xff, 0xff, 0xff, 0xda, 0x24, 0x0,
    0x0, 0x0, 0x0, 0x0, 0x50, 0xff, 0xff, 0xff,
    0xff, 0x3d, 0x0, 0x0, 0x0, 0x0, 0x0, 0x0,
    0x50, 0xff, 0xff, 0xff, 0xd2, 0x0, 0x0, 0x0,
    0x0, 0x0, 0x0, 0x0, 0x50, 0xff, 0xff, 0xff,
    0xa9, 0x0, 0x0, 0x0, 0x0, 0x0, 0x0, 0x0,
    0x50, 0xff, 0xff, 0xff, 0x9c, 0x0, 0x0, 0x0,
    0x0, 0x0, 0x0, 0x0, 0x50, 0xff, 0xff, 0xff,
    0x9c, 0x0, 0x0, 0x0, 0x0, 0x0, 0x0, 0x0,
    0x50, 0xff, 0xff, 0xff, 0x9c, 0x0, 0x0, 0x0,
    0x0, 0x0, 0x0, 0x0, 0x50, 0xff, 0xff, 0xff,
    0x9c, 0x0, 0x0, 0x0, 0x0, 0x0, 0x0, 0x0,
    0x50, 0xff, 0xff, 0xff, 0x9c, 0x0, 0x0, 0x0,
    0x0, 0x0, 0x0, 0x0, 0x50, 0xff, 0xff, 0xff,
    0x9c, 0x0, 0x0, 0x0, 0x0, 0x0, 0x0, 0x0,
    0x50, 0xff, 0xff, 0xff, 0x9c, 0x0, 0x0, 0x0,
    0x0, 0x0, 0x0, 0x0,

    /* U+0156 "Ŗ" */
    0xd8, 0xff, 0xff, 0xff, 0xff, 0xff, 0xff, 0xff,
    0xf4, 0xda, 0x9c, 0x38, 0x0, 0x0, 0x0, 0x0,
    0x0, 0xd8, 0xff, 0xff, 0xff, 0xff, 0xff, 0xff,
    0xff, 0xff, 0xff, 0xff, 0xff, 0xa3, 0xb, 0x0,
    0x0, 0x0, 0xd8, 0xff, 0xff, 0xff, 0xff, 0xff,
    0xff, 0xff, 0xff, 0xff, 0xff, 0xff, 0xff, 0xb8,
    0x3, 0x0, 0x0, 0xd8, 0xff, 0xff, 0xff, 0xbd,
    0xac, 0xac, 0xac, 0xc3, 0xf5, 0xff, 0xff, 0xff,
    0xff, 0x66, 0x0, 0x0, 0xd8, 0xff, 0xff, 0xff,
    0x34, 0x0, 0x0, 0x0, 0x0, 0x18, 0xc2, 0xff,
    0xff, 0xff, 0xcf, 0x0, 0x0, 0xd8, 0xff, 0xff,
    0xff, 0x34, 0x0, 0x0, 0x0, 0x0, 0x0, 0x23,
    0xff, 0xff, 0xff, 0xff, 0xd, 0x0, 0xd8, 0xff,
    0xff, 0xff, 0x34, 0x0, 0x0, 0x0, 0x0, 0x0,
    0x0, 0xf0, 0xff, 0xff, 0xff, 0x21, 0x0, 0xd8,
    0xff, 0xff, 0xff, 0x34, 0x0, 0x0, 0x0, 0x0,
    0x0, 0x20, 0xff, 0xff, 0xff, 0xfe, 0xf, 0x0,
    0xd8, 0xff, 0xff, 0xff, 0x34, 0x0, 0x0, 0x0,
    0x0, 0x18, 0xc3, 0xff, 0xff, 0xff, 0xc8, 0x0,
    0x0, 0xd8, 0xff, 0xff, 0xff, 0xbd, 0xac, 0xac,
    0xac, 0xc1, 0xf4, 0xff, 0xff, 0xff, 0xff, 0x49,
    0x0, 0x0, 0xd8, 0xff, 0xff, 0xff, 0xff, 0xff,
    0xff, 0xff, 0xff, 0xff, 0xff, 0xff, 0xfe, 0x74,
    0x0, 0x0, 0x0, 0xd8, 0xff, 0xff, 0xff, 0xff,
    0xff, 0xff, 0xff, 0xff, 0xff, 0xff, 0xe1, 0x54,
    0x0, 0x0, 0x0, 0x0, 0xd8, 0xff, 0xff, 0xff,
    0xff, 0xff, 0xff, 0xff, 0xff, 0xff, 0xbb, 0x6,
    0x0, 0x0, 0x0, 0x0, 0x0, 0xd8, 0xff, 0xff,
    0xff, 0x34, 0x0, 0x90, 0xff, 0xff, 0xff, 0xfa,
    0x32, 0x0, 0x0, 0x0, 0x0, 0x0, 0xd8, 0xff,
    0xff, 0xff, 0x34, 0x0, 0x8, 0xd5, 0xff, 0xff,
    0xff, 0xd4, 0x7, 0x0, 0x0, 0x0, 0x0, 0xd8,
    0xff, 0xff, 0xff, 0x34, 0x0, 0x0, 0x31, 0xfa,
    0xff, 0xff, 0xff, 0x8a, 0x0, 0x0, 0x0, 0x0,
    0xd8, 0xff, 0xff, 0xff, 0x34, 0x0, 0x0, 0x0,
    0x7a, 0xff, 0xff, 0xff, 0xfd, 0x3b, 0x0, 0x0,
    0x0, 0xd8, 0xff, 0xff, 0xff, 0x34, 0x0, 0x0,
    0x0, 0x3, 0xc4, 0xff, 0xff, 0xff, 0xdc, 0xb,
    0x0, 0x0, 0xd8, 0xff, 0xff, 0xff, 0x34, 0x0,
    0x0, 0x0, 0x0, 0x22, 0xf3, 0xff, 0xff, 0xff,
    0x96, 0x0, 0x0, 0xd8, 0xff, 0xff, 0xff, 0x34,
    0x0, 0x0, 0x0, 0x0, 0x0, 0x64, 0xff, 0xff,
    0xff, 0xff, 0x46, 0x0, 0xd8, 0xff, 0xff, 0xff,
    0x34, 0x0, 0x0, 0x0, 0x0, 0x0, 0x0, 0xb0,
    0xff, 0xff, 0xff, 0xe3, 0x10, 0x0, 0x0, 0x0,
    0x0, 0x0, 0x0, 0x0, 0x0, 0x0, 0x0, 0x0,
    0x0, 0x0, 0x0, 0x0, 0x0, 0x0, 0x0, 0x0,
    0x0, 0x0, 0x0, 0x0, 0x1d, 0x70, 0x50, 0x0,
    0x0, 0x0, 0x0, 0x0, 0x0, 0x0, 0x0, 0x0,
    0x0, 0x0, 0x0, 0x0, 0x15, 0xeb, 0xff, 0xff,
    0x7f, 0x0, 0x0, 0x0, 0x0, 0x0, 0x0, 0x0,
    0x0, 0x0, 0x0, 0x0, 0x0, 0x54, 0xff, 0xff,
    0xff, 0xd3, 0x0, 0x0, 0x0, 0x0, 0x0, 0x0,
    0x0, 0x0, 0x0, 0x0, 0x0, 0x0, 0x27, 0xfb,
    0xff, 0xff, 0xa9, 0x0, 0x0, 0x0, 0x0, 0x0,
    0x0, 0x0, 0x0, 0x0, 0x0, 0x0, 0x0, 0x0,
    0x61, 0xff, 0xf4, 0x24, 0x0, 0x0, 0x0, 0x0,
    0x0, 0x0, 0x0, 0x0, 0x0, 0x0, 0x0, 0x0,
    0x0, 0xbc, 0xff, 0x69, 0x0, 0x0, 0x0, 0x0,
    0x0, 0x0, 0x0, 0x0, 0x0, 0x0, 0x0, 0x0,
    0x0, 0x35, 0xfb, 0xb9, 0x0, 0x0, 0x0, 0x0,
    0x0, 0x0, 0x0, 0x0, 0x0, 0x0, 0x0, 0x0,
    0x0, 0x0, 0x0, 0x31, 0x1b, 0x0, 0x0, 0x0,
    0x0, 0x0, 0x0, 0x0, 0x0, 0x0,

    /* U+0157 "ŗ" */
    0x50, 0xff, 0xff, 0xff, 0x60, 0x2, 0x68, 0xc9,
    0xf4, 0xf9, 0xe1, 0x4, 0x50, 0xff, 0xff, 0xff,
    0x65, 0xb9, 0xff, 0xff, 0xff, 0xff, 0xba, 0x0,
    0x50, 0xff, 0xff, 0xff, 0xe9, 0xff, 0xff, 0xff,
    0xff, 0xff, 0x76, 0x0, 0x50, 0xff, 0xff, 0xff,
    0xff, 0xff, 0xfb, 0xc2, 0xb5, 0xdf, 0x32, 0x0,
    0x50, 0xff, 0xff, 0xff, 0xff, 0xda, 0x24, 0x0,
    0x0, 0x0, 0x0, 0x0, 0x50, 0xff, 0xff, 0xff,
    0xff, 0x3d, 0x0, 0x0, 0x0, 0x0, 0x0, 0x0,
    0x50, 0xff, 0xff, 0xff, 0xd2, 0x0, 0x0, 0x0,
    0x0, 0x0, 0x0, 0x0, 0x50, 0xff, 0xff, 0xff,
    0xa9, 0x0, 0x0, 0x0, 0x0, 0x0, 0x0, 0x0,
    0x50, 0xff, 0xff, 0xff, 0x9c, 0x0, 0x0, 0x0,
    0x0, 0x0, 0x0, 0x0, 0x50, 0xff, 0xff, 0xff,
    0x9c, 0x0, 0x0, 0x0, 0x0, 0x0, 0x0, 0x0,
    0x50, 0xff, 0xff, 0xff, 0x9c, 0x0, 0x0, 0x0,
    0x0, 0x0, 0x0, 0x0, 0x50, 0xff, 0xff, 0xff,
    0x9c, 0x0, 0x0, 0x0, 0x0, 0x0, 0x0, 0x0,
    0x50, 0xff, 0xff, 0xff, 0x9c, 0x0, 0x0, 0x0,
    0x0, 0x0, 0x0, 0x0, 0x50, 0xff, 0xff, 0xff,
    0x9c, 0x0, 0x0, 0x0, 0x0, 0x0, 0x0, 0x0,
    0x50, 0xff, 0xff, 0xff, 0x9c, 0x0, 0x0, 0x0,
    0x0, 0x0, 0x0, 0x0, 0x0, 0x0, 0x0, 0x0,
    0x0, 0x0, 0x0, 0x0, 0x0, 0x0, 0x0, 0x0,
    0x0, 0x20, 0x71, 0x4d, 0x0, 0x0, 0x0, 0x0,
    0x0, 0x0, 0x0, 0x0, 0x19, 0xee, 0xff, 0xff,
    0x77, 0x0, 0x0, 0x0, 0x0, 0x0, 0x0, 0x0,
    0x5c, 0xff, 0xff, 0xff, 0xcb, 0x0, 0x0, 0x0,
    0x0, 0x0, 0x0, 0x0, 0x2e, 0xfc, 0xff, 0xff,
    0xa1, 0x0, 0x0, 0x0, 0x0, 0x0, 0x0, 0x0,
    0x0, 0x69, 0xff, 0xf1, 0x1f, 0x0, 0x0, 0x0,
    0x0, 0x0, 0x0, 0x0, 0x1, 0xc3, 0xff, 0x61,
    0x0, 0x0, 0x0, 0x0, 0x0, 0x0, 0x0, 0x0,
    0x3b, 0xfd, 0xb1, 0x0, 0x0, 0x0, 0x0, 0x0,
    0x0, 0x0, 0x0, 0x0, 0x0, 0x35, 0x17, 0x0,
    0x0, 0x0, 0x0, 0x0, 0x0, 0x0, 0x0, 0x0,

    /* U+0158 "Ř" */
    0x0, 0x1, 0x6d, 0x80, 0x80, 0x6c, 0x0, 0x0,
    0x65, 0x80, 0x80, 0x7e, 0xb, 0x0, 0x0, 0x0,
    0x0, 0x0, 0x0, 0x38, 0xf5, 0xff, 0xff, 0x72,
    0x65, 0xff, 0xff, 0xfe, 0x65, 0x0, 0x0, 0x0,
    0x0, 0x0, 0x0, 0x0, 0x0, 0x48, 0xfa, 0xff,
    0xff, 0xff, 0xff, 0xff, 0x6a, 0x0, 0x0, 0x0,
    0x0, 0x0, 0x0, 0x0, 0x0, 0x0, 0x0, 0x5a,
    0xfe, 0xff, 0xff, 0xff, 0x70, 0x0, 0x0, 0x0,
    0x0, 0x0, 0x0, 0x0, 0x0, 0x0, 0x0, 0x0,
    0x0, 0x2c, 0x38, 0x38, 0x2f, 0x0, 0x0, 0x0,
    0x0, 0x0, 0x0, 0x0, 0x0, 0x0, 0x0, 0x0,
    0x0, 0x0, 0x0, 0x0, 0x0, 0x0, 0x0, 0x0,
    0x0, 0x0, 0x0, 0x0, 0x0, 0x0, 0xd8, 0xff,
    0xff, 0xff, 0xff, 0xff, 0xff, 0xff, 0xf4, 0xda,
    0x9c, 0x38, 0x0, 0x0, 0x0, 0x0, 0x0, 0xd8,
    0xff, 0xff, 0xff, 0xff, 0xff, 0xff, 0xff, 0xff,
    0xff, 0xff, 0xff, 0xa3, 0xb, 0x0, 0x0, 0x0,
    0xd8, 0xff, 0xff, 0xff, 0xff, 0xff, 0xff, 0xff,
    0xff, 0xff, 0xff, 0xff, 0xff, 0xb8, 0x3, 0x0,
    0x0, 0xd8, 0xff, 0xff, 0xff, 0xbd, 0xac, 0xac,
    0xac, 0xc3, 0xf5, 0xff, 0xff, 0xff, 0xff, 0x66,
    0x0, 0x0, 0xd8, 0xff, 0xff, 0xff, 0x34, 0x0,
    0x0, 0x0, 0x0, 0x18, 0xc2, 0xff, 0xff, 0xff,
    0xcf, 0x0, 0x0, 0xd8, 0xff, 0xff, 0xff, 0x34,
    0x0, 0x0, 0x0, 0x0, 0x0, 0x23, 0xff, 0xff,
    0xff, 0xff, 0xd, 0x0, 0xd8, 0xff, 0xff, 0xff,
    0x34, 0x0, 0x0, 0x0, 0x0, 0x0, 0x0, 0xf0,
    0xff, 0xff, 0xff, 0x21, 0x0, 0xd8, 0xff, 0xff,
    0xff, 0x34, 0x0, 0x0, 0x0, 0x0, 0x0, 0x20,
    0xff, 0xff, 0xff, 0xfe, 0xf, 0x0, 0xd8, 0xff,
    0xff, 0xff, 0x34, 0x0, 0x0, 0x0, 0x0, 0x18,
    0xc3, 0xff, 0xff, 0xff, 0xc8, 0x0, 0x0, 0xd8,
    0xff, 0xff, 0xff, 0xbd, 0xac, 0xac, 0xac, 0xc1,
    0xf4, 0xff, 0xff, 0xff, 0xff, 0x49, 0x0, 0x0,
    0xd8, 0xff, 0xff, 0xff, 0xff, 0xff, 0xff, 0xff,
    0xff, 0xff, 0xff, 0xff, 0xfe, 0x74, 0x0, 0x0,
    0x0, 0xd8, 0xff, 0xff, 0xff, 0xff, 0xff, 0xff,
    0xff, 0xff, 0xff, 0xff, 0xe1, 0x54, 0x0, 0x0,
    0x0, 0x0, 0xd8, 0xff, 0xff, 0xff, 0xff, 0xff,
    0xff, 0xff, 0xff, 0xff, 0xbb, 0x6, 0x0, 0x0,
    0x0, 0x0, 0x0, 0xd8, 0xff, 0xff, 0xff, 0x34,
    0x0, 0x90, 0xff, 0xff, 0xff, 0xfa, 0x32, 0x0,
    0x0, 0x0, 0x0, 0x0, 0xd8, 0xff, 0xff, 0xff,
    0x34, 0x0, 0x8, 0xd5, 0xff, 0xff, 0xff, 0xd4,
    0x7, 0x0, 0x0, 0x0, 0x0, 0xd8, 0xff, 0xff,
    0xff, 0x34, 0x0, 0x0, 0x31, 0xfa, 0xff, 0xff,
    0xff, 0x8a, 0x0, 0x0, 0x0, 0x0, 0xd8, 0xff,
    0xff, 0xff, 0x34, 0x0, 0x0, 0x0, 0x7a, 0xff,
    0xff, 0xff, 0xfd, 0x3b, 0x0, 0x0, 0x0, 0xd8,
    0xff, 0xff, 0xff, 0x34, 0x0, 0x0, 0x0, 0x3,
    0xc4, 0xff, 0xff, 0xff, 0xdc, 0xb, 0x0, 0x0,
    0xd8, 0xff, 0xff, 0xff, 0x34, 0x0, 0x0, 0x0,
    0x0, 0x22, 0xf3, 0xff, 0xff, 0xff, 0x96, 0x0,
    0x0, 0xd8, 0xff, 0xff, 0xff, 0x34, 0x0, 0x0,
    0x0, 0x0, 0x0, 0x64, 0xff, 0xff, 0xff, 0xff,
    0x46, 0x0, 0xd8, 0xff, 0xff, 0xff, 0x34, 0x0,
    0x0, 0x0, 0x0, 0x0, 0x0, 0xb0, 0xff, 0xff,
    0xff, 0xe3, 0x10,

    /* U+0159 "ř" */
    0x41, 0xfa, 0xff, 0xff, 0x6d, 0x0, 0x7b, 0xff,
    0xff, 0xfe, 0x58, 0x0, 0x0, 0x60, 0xff, 0xff,
    0xf5, 0x5e, 0xf9, 0xff, 0xff, 0x75, 0x0, 0x0,
    0x0, 0x0, 0x85, 0xff, 0xff, 0xff, 0xff, 0xff,
    0x8c, 0x0, 0x0, 0x0, 0x0, 0x0, 0x1, 0xa8,
    0xff, 0xff, 0xff, 0xa3, 0x1, 0x0, 0x0, 0x0,
    0x0, 0x0, 0x0, 0x0, 0x0, 0x0, 0x0, 0x0,
    0x0, 0x0, 0x0, 0x0, 0x0, 0x0, 0x0, 0x0,
    0x0, 0x0, 0x0, 0x0, 0x0, 0x0, 0x0, 0x0,
    0x50, 0xff, 0xff, 0xff, 0x60, 0x2, 0x68, 0xc9,
    0xf4, 0xf9, 0xe1, 0x4, 0x50, 0xff, 0xff, 0xff,
    0x65, 0xb9, 0xff, 0xff, 0xff, 0xff, 0xba, 0x0,
    0x50, 0xff, 0xff, 0xff, 0xe9, 0xff, 0xff, 0xff,
    0xff, 0xff, 0x76, 0x0, 0x50, 0xff, 0xff, 0xff,
    0xff, 0xff, 0xfb, 0xc2, 0xb5, 0xdf, 0x32, 0x0,
    0x50, 0xff, 0xff, 0xff, 0xff, 0xda, 0x24, 0x0,
    0x0, 0x0, 0x0, 0x0, 0x50, 0xff, 0xff, 0xff,
    0xff, 0x3d, 0x0, 0x0, 0x0, 0x0, 0x0, 0x0,
    0x50, 0xff, 0xff, 0xff, 0xd2, 0x0, 0x0, 0x0,
    0x0, 0x0, 0x0, 0x0, 0x50, 0xff, 0xff, 0xff,
    0xa9, 0x0, 0x0, 0x0, 0x0, 0x0, 0x0, 0x0,
    0x50, 0xff, 0xff, 0xff, 0x9c, 0x0, 0x0, 0x0,
    0x0, 0x0, 0x0, 0x0, 0x50, 0xff, 0xff, 0xff,
    0x9c, 0x0, 0x0, 0x0, 0x0, 0x0, 0x0, 0x0,
    0x50, 0xff, 0xff, 0xff, 0x9c, 0x0, 0x0, 0x0,
    0x0, 0x0, 0x0, 0x0, 0x50, 0xff, 0xff, 0xff,
    0x9c, 0x0, 0x0, 0x0, 0x0, 0x0, 0x0, 0x0,
    0x50, 0xff, 0xff, 0xff, 0x9c, 0x0, 0x0, 0x0,
    0x0, 0x0, 0x0, 0x0, 0x50, 0xff, 0xff, 0xff,
    0x9c, 0x0, 0x0, 0x0, 0x0, 0x0, 0x0, 0x0,
    0x50, 0xff, 0xff, 0xff, 0x9c, 0x0, 0x0, 0x0,
    0x0, 0x0, 0x0, 0x0,

    /* U+015A "Ś" */
    0x0, 0x0, 0x0, 0x0, 0x0, 0x0, 0x0, 0x0,
    0x7, 0x8, 0x8, 0x8, 0x5, 0x0, 0x0, 0x0,
    0x0, 0x0, 0x0, 0x0, 0x0, 0x0, 0x0, 0x0,
    0xf, 0xfa, 0xff, 0xff, 0xff, 0x5c, 0x0, 0x0,
    0x0, 0x0, 0x0, 0x0, 0x0, 0x0, 0x0, 0x0,
    0x0, 0x5a, 0xff, 0xff, 0xff, 0xb1, 0x0, 0x0,
    0x0, 0x0, 0x0, 0x0, 0x0, 0x0, 0x0, 0x0,
    0x0, 0x0, 0xa9, 0xff, 0xff, 0xed, 0x18, 0x0,
    0x0, 0x0, 0x0, 0x0, 0x0, 0x0, 0x0, 0x0,
    0x0, 0x0, 0x6, 0xf1, 0xff, 0xff, 0x59, 0x0,
    0x0, 0x0, 0x0, 0x0, 0x0, 0x0, 0x0, 0x0,
    0x0, 0x0, 0x0, 0x0, 0x0, 0x0, 0x0, 0x0,
    0x0, 0x0, 0x0, 0x0, 0x0, 0x0, 0x0, 0x0,
    0x0, 0x0, 0x0, 0x0, 0x0, 0x0, 0x0, 0x0,
    0x0, 0x0, 0x0, 0x0, 0x0, 0x0, 0x0, 0x0,
    0x0, 0x0, 0x0, 0x19, 0x7e, 0xc6, 0xed, 0xfb,
    0xed, 0xc3, 0x77, 0x11, 0x0, 0x0, 0x0, 0x0,
    0x0, 0x0, 0x0, 0x65, 0xf5, 0xff, 0xff, 0xff,
    0xff, 0xff, 0xff, 0xff, 0xeb, 0x4a, 0x0, 0x0,
    0x0, 0x0, 0x0, 0x61, 0xff, 0xff, 0xff, 0xff,
    0xff, 0xff, 0xff, 0xff, 0xff, 0xff, 0xfb, 0x44,
    0x0, 0x0, 0x0, 0xd, 0xf1, 0xff, 0xff, 0xff,
    0xff, 0xcf, 0xb4, 0xd0, 0xff, 0xff, 0xff, 0xff,
    0xe2, 0x8, 0x0, 0x0, 0x54, 0xff, 0xff, 0xff,
    0xe9, 0x34, 0x0, 0x0, 0x0, 0x41, 0xf0, 0xff,
    0xff, 0xc4, 0x24, 0x0, 0x0, 0x71, 0xff, 0xff,
    0xff, 0x88, 0x0, 0x0, 0x0, 0x0, 0x0, 0x55,
    0x88, 0x26, 0x0, 0x0, 0x0, 0x0, 0x5b, 0xff,
    0xff, 0xff, 0xb7, 0x0, 0x0, 0x0, 0x0, 0x0,
    0x0, 0x0, 0x0, 0x0, 0x0, 0x0, 0x0, 0x14,
    0xf4, 0xff, 0xff, 0xff, 0xab, 0x20, 0x0, 0x0,
    0x0, 0x0, 0x0, 0x0, 0x0, 0x0, 0x0, 0x0,
    0x0, 0x5a, 0xff, 0xff, 0xff, 0xff, 0xfd, 0xb9,
    0x61, 0x12, 0x0, 0x0, 0x0, 0x0, 0x0, 0x0,
    0x0, 0x0, 0x0, 0x6a, 0xf7, 0xff, 0xff, 0xff,
    0xff, 0xff, 0xf8, 0xa4, 0x3b, 0x0, 0x0, 0x0,
    0x0, 0x0, 0x0, 0x0, 0x0, 0x2b, 0xa5, 0xf9,
    0xff, 0xff, 0xff, 0xff, 0xff, 0xff, 0xaa, 0xe,
    0x0, 0x0, 0x0, 0x0, 0x0, 0x0, 0x0, 0x0,
    0x13, 0x65, 0xbe, 0xfe, 0xff, 0xff, 0xff, 0xff,
    0xc9, 0x8, 0x0, 0x0, 0x0, 0x0, 0x0, 0x0,
    0x0, 0x0, 0x0, 0x0, 0x26, 0xa4, 0xff, 0xff,
    0xff, 0xff, 0x7d, 0x0, 0x0, 0x0, 0x0, 0x0,
    0xe, 0x0, 0x0, 0x0, 0x0, 0x0, 0x0, 0x76,
    0xff, 0xff, 0xff, 0xde, 0x0, 0x0, 0x1c, 0x76,
    0xd1, 0xd2, 0x0, 0x0, 0x0, 0x0, 0x0, 0x0,
    0xe, 0xfe, 0xff, 0xff, 0xff, 0x8, 0x1d, 0xfd,
    0xff, 0xff, 0xff, 0x64, 0x0, 0x0, 0x0, 0x0,
    0x0, 0x1c, 0xff, 0xff, 0xff, 0xfe, 0x7, 0x0,
    0xbb, 0xff, 0xff, 0xff, 0xf9, 0x73, 0x5, 0x0,
    0x0, 0x29, 0xcb, 0xff, 0xff, 0xff, 0xde, 0x0,
    0x0, 0x2d, 0xf8, 0xff, 0xff, 0xff, 0xff, 0xf7,
    0xd4, 0xe0, 0xff, 0xff, 0xff, 0xff, 0xff, 0x7b,
    0x0, 0x0, 0x0, 0x5a, 0xfc, 0xff, 0xff, 0xff,
    0xff, 0xff, 0xff, 0xff, 0xff, 0xff, 0xff, 0xc6,
    0x6, 0x0, 0x0, 0x0, 0x0, 0x48, 0xe5, 0xff,
    0xff, 0xff, 0xff, 0xff, 0xff, 0xff, 0xff, 0xa4,
    0xb, 0x0, 0x0, 0x0, 0x0, 0x0, 0x0, 0xc,
    0x6b, 0xba, 0xe8, 0xfb, 0xf3, 0xce, 0x8f, 0x31,
    0x0, 0x0, 0x0, 0x0,

    /* U+015B "ś" */
    0x0, 0x0, 0x0, 0x0, 0x0, 0x0, 0x59, 0xff,
    0xff, 0xff, 0xf2, 0x1f, 0x0, 0x0, 0x0, 0x0,
    0x0, 0x0, 0x0, 0x0, 0xa9, 0xff, 0xff, 0xff,
    0x66, 0x0, 0x0, 0x0, 0x0, 0x0, 0x0, 0x0,
    0x0, 0x6, 0xf2, 0xff, 0xff, 0xba, 0x0, 0x0,
    0x0, 0x0, 0x0, 0x0, 0x0, 0x0, 0x0, 0x4a,
    0xff, 0xff, 0xf1, 0x1d, 0x0, 0x0, 0x0, 0x0,
    0x0, 0x0, 0x0, 0x0, 0x0, 0x3, 0x8, 0x8,
    0x5, 0x0, 0x0, 0x0, 0x0, 0x0, 0x0, 0x0,
    0x0, 0x0, 0x0, 0x0, 0x0, 0x0, 0x0, 0x0,
    0x0, 0x0, 0x0, 0x0, 0x0, 0x0, 0x0, 0x22,
    0x8b, 0xd0, 0xf3, 0xf8, 0xe0, 0xb5, 0x5e, 0x7,
    0x0, 0x0, 0x0, 0x0, 0x61, 0xf9, 0xff, 0xff,
    0xff, 0xff, 0xff, 0xff, 0xff, 0xd0, 0x26, 0x0,
    0x0, 0x35, 0xfc, 0xff, 0xff, 0xff, 0xff, 0xff,
    0xff, 0xff, 0xff, 0xff, 0xd9, 0x8, 0x0, 0x96,
    0xff, 0xff, 0xff, 0xb0, 0x3e, 0x2d, 0x66, 0xe4,
    0xff, 0xff, 0xc3, 0x2c, 0x0, 0xac, 0xff, 0xff,
    0xff, 0x3d, 0x0, 0x0, 0x0, 0x20, 0x85, 0x25,
    0x0, 0x0, 0x0, 0x7b, 0xff, 0xff, 0xff, 0xf1,
    0x94, 0x4b, 0x13, 0x0, 0x0, 0x0, 0x0, 0x0,
    0x0, 0xa, 0xcd, 0xff, 0xff, 0xff, 0xff, 0xff,
    0xff, 0xd6, 0x88, 0x1f, 0x0, 0x0, 0x0, 0x0,
    0x12, 0x9b, 0xfc, 0xff, 0xff, 0xff, 0xff, 0xff,
    0xff, 0xf7, 0x61, 0x0, 0x0, 0x0, 0x0, 0x0,
    0x12, 0x59, 0x92, 0xca, 0xfc, 0xff, 0xff, 0xff,
    0xfd, 0x3a, 0x0, 0x0, 0x0, 0x38, 0x31, 0x0,
    0x0, 0x0, 0x15, 0xa4, 0xff, 0xff, 0xff, 0xa1,
    0xb, 0x6b, 0xd2, 0xff, 0xdb, 0x1b, 0x0, 0x0,
    0x0, 0x41, 0xff, 0xff, 0xff, 0xbc, 0xe, 0xec,
    0xff, 0xff, 0xff, 0xed, 0x92, 0x6e, 0x89, 0xe9,
    0xff, 0xff, 0xff, 0x8f, 0x0, 0x4f, 0xfb, 0xff,
    0xff, 0xff, 0xff, 0xff, 0xff, 0xff, 0xff, 0xff,
    0xf2, 0x20, 0x0, 0x0, 0x4c, 0xf1, 0xff, 0xff,
    0xff, 0xff, 0xff, 0xff, 0xff, 0xe7, 0x3c, 0x0,
    0x0, 0x0, 0x0, 0x15, 0x7c, 0xc7, 0xef, 0xfc,
    0xee, 0xc4, 0x76, 0xf, 0x0, 0x0,

    /* U+015C "Ŝ" */
    0x0, 0x0, 0x0, 0x0, 0x0, 0x0, 0x1a, 0x3c,
    0x3c, 0x3c, 0x9, 0x0, 0x0, 0x0, 0x0, 0x0,
    0x0, 0x0, 0x0, 0x0, 0x0, 0x0, 0x11, 0xdc,
    0xff, 0xff, 0xff, 0xa0, 0x0, 0x0, 0x0, 0x0,
    0x0, 0x0, 0x0, 0x0, 0x0, 0x0, 0x2, 0xb7,
    0xff, 0xff, 0xff, 0xff, 0xff, 0x5f, 0x0, 0x0,
    0x0, 0x0, 0x0, 0x0, 0x0, 0x0, 0x0, 0x86,
    0xff, 0xff, 0xe5, 0x3c, 0xff, 0xff, 0xf4, 0x29,
    0x0, 0x0, 0x0, 0x0, 0x0, 0x0, 0x0, 0x52,
    0xfe, 0xff, 0xff, 0x6a, 0x0, 0xaf, 0xff, 0xff,
    0xd4, 0xa, 0x0, 0x0, 0x0, 0x0, 0x0, 0x0,
    0x43, 0x58, 0x58, 0x57, 0x6, 0x0, 0x1d, 0x58,
    0x58, 0x58, 0x20, 0x0, 0x0, 0x0, 0x0, 0x0,
    0x0, 0x0, 0x0, 0x0, 0x0, 0x0, 0x0, 0x0,
    0x0, 0x0, 0x0, 0x0, 0x0, 0x0, 0x0, 0x0,
    0x0, 0x0, 0x0, 0x19, 0x7e, 0xc6, 0xed, 0xfb,
    0xed, 0xc3, 0x77, 0x11, 0x0, 0x0, 0x0, 0x0,
    0x0, 0x0, 0x0, 0x65, 0xf5, 0xff, 0xff, 0xff,
    0xff, 0xff, 0xff, 0xff, 0xeb, 0x4a, 0x0, 0x0,
    0x0, 0x0, 0x0, 0x61, 0xff, 0xff, 0xff, 0xff,
    0xff, 0xff, 0xff, 0xff, 0xff, 0xff, 0xfb, 0x44,
    0x0, 0x0, 0x0, 0xd, 0xf1, 0xff, 0xff, 0xff,
    0xff, 0xcf, 0xb4, 0xd0, 0xff, 0xff, 0xff, 0xff,
    0xe2, 0x8, 0x0, 0x0, 0x54, 0xff, 0xff, 0xff,
    0xe9, 0x34, 0x0, 0x0, 0x0, 0x41, 0xf0, 0xff,
    0xff, 0xc4, 0x24, 0x0, 0x0, 0x71, 0xff, 0xff,
    0xff, 0x88, 0x0, 0x0, 0x0, 0x0, 0x0, 0x55,
    0x88, 0x26, 0x0, 0x0, 0x0, 0x0, 0x5b, 0xff,
    0xff, 0xff, 0xb7, 0x0, 0x0, 0x0, 0x0, 0x0,
    0x0, 0x0, 0x0, 0x0, 0x0, 0x0, 0x0, 0x14,
    0xf4, 0xff, 0xff, 0xff, 0xab, 0x20, 0x0, 0x0,
    0x0, 0x0, 0x0, 0x0, 0x0, 0x0, 0x0, 0x0,
    0x0, 0x5a, 0xff, 0xff, 0xff, 0xff, 0xfd, 0xb9,
    0x61, 0x12, 0x0, 0x0, 0x0, 0x0, 0x0, 0x0,
    0x0, 0x0, 0x0, 0x6a, 0xf7, 0xff, 0xff, 0xff,
    0xff, 0xff, 0xf8, 0xa4, 0x3b, 0x0, 0x0, 0x0,
    0x0, 0x0, 0x0, 0x0, 0x0, 0x2b, 0xa5, 0xf9,
    0xff, 0xff, 0xff, 0xff, 0xff, 0xff, 0xaa, 0xe,
    0x0, 0x0, 0x0, 0x0, 0x0, 0x0, 0x0, 0x0,
    0x13, 0x65, 0xbe, 0xfe, 0xff, 0xff, 0xff, 0xff,
    0xc9, 0x8, 0x0, 0x0, 0x0, 0x0, 0x0, 0x0,
    0x0, 0x0, 0x0, 0x0, 0x26, 0xa4, 0xff, 0xff,
    0xff, 0xff, 0x7d, 0x0, 0x0, 0x0, 0x0, 0x0,
    0xe, 0x0, 0x0, 0x0, 0x0, 0x0, 0x0, 0x76,
    0xff, 0xff, 0xff, 0xde, 0x0, 0x0, 0x1c, 0x76,
    0xd1, 0xd2, 0x0, 0x0, 0x0, 0x0, 0x0, 0x0,
    0xe, 0xfe, 0xff, 0xff, 0xff, 0x8, 0x1d, 0xfd,
    0xff, 0xff, 0xff, 0x64, 0x0, 0x0, 0x0, 0x0,
    0x0, 0x1c, 0xff, 0xff, 0xff, 0xfe, 0x7, 0x0,
    0xbb, 0xff, 0xff, 0xff, 0xf9, 0x73, 0x5, 0x0,
    0x0, 0x29, 0xcb, 0xff, 0xff, 0xff, 0xde, 0x0,
    0x0, 0x2d, 0xf8, 0xff, 0xff, 0xff, 0xff, 0xf7,
    0xd4, 0xe0, 0xff, 0xff, 0xff, 0xff, 0xff, 0x7b,
    0x0, 0x0, 0x0, 0x5a, 0xfc, 0xff, 0xff, 0xff,
    0xff, 0xff, 0xff, 0xff, 0xff, 0xff, 0xff, 0xc6,
    0x6, 0x0, 0x0, 0x0, 0x0, 0x48, 0xe5, 0xff,
    0xff, 0xff, 0xff, 0xff, 0xff, 0xff, 0xff, 0xa4,
    0xb, 0x0, 0x0, 0x0, 0x0, 0x0, 0x0, 0xc,
    0x6b, 0xba, 0xe8, 0xfb, 0xf3, 0xce, 0x8f, 0x31,
    0x0, 0x0, 0x0, 0x0,

    /* U+015D "ŝ" */
    0x0, 0x0, 0x0, 0x0, 0xd, 0xc9, 0xff, 0xff,
    0xff, 0x83, 0x0, 0x0, 0x0, 0x0, 0x0, 0x0,
    0x0, 0xa, 0xc3, 0xff, 0xff, 0xff, 0xff, 0xff,
    0x6c, 0x0, 0x0, 0x0, 0x0, 0x0, 0x8, 0xbc,
    0xff, 0xff, 0xe0, 0x61, 0xfc, 0xff, 0xfd, 0x57,
    0x0, 0x0, 0x0, 0x0, 0x74, 0xc4, 0xc4, 0xc3,
    0x34, 0x0, 0x6e, 0xc4, 0xc4, 0xbd, 0x20, 0x0,
    0x0, 0x0, 0x0, 0x0, 0x0, 0x0, 0x0, 0x0,
    0x0, 0x0, 0x0, 0x0, 0x0, 0x0, 0x0, 0x0,
    0x0, 0x0, 0x0, 0x0, 0x0, 0x0, 0x0, 0x0,
    0x0, 0x0, 0x0, 0x0, 0x0, 0x0, 0x0, 0x22,
    0x8b, 0xd0, 0xf3, 0xf8, 0xe0, 0xb5, 0x5e, 0x7,
    0x0, 0x0, 0x0, 0x0, 0x61, 0xf9, 0xff, 0xff,
    0xff, 0xff, 0xff, 0xff, 0xff, 0xd0, 0x26, 0x0,
    0x0, 0x35, 0xfc, 0xff, 0xff, 0xff, 0xff, 0xff,
    0xff, 0xff, 0xff, 0xff, 0xd9, 0x8, 0x0, 0x96,
    0xff, 0xff, 0xff, 0xb0, 0x3e, 0x2d, 0x66, 0xe4,
    0xff, 0xff, 0xc3, 0x2c, 0x0, 0xac, 0xff, 0xff,
    0xff, 0x3d, 0x0, 0x0, 0x0, 0x20, 0x85, 0x25,
    0x0, 0x0, 0x0, 0x7b, 0xff, 0xff, 0xff, 0xf1,
    0x94, 0x4b, 0x13, 0x0, 0x0, 0x0, 0x0, 0x0,
    0x0, 0xa, 0xcd, 0xff, 0xff, 0xff, 0xff, 0xff,
    0xff, 0xd6, 0x88, 0x1f, 0x0, 0x0, 0x0, 0x0,
    0x12, 0x9b, 0xfc, 0xff, 0xff, 0xff, 0xff, 0xff,
    0xff, 0xf7, 0x61, 0x0, 0x0, 0x0, 0x0, 0x0,
    0x12, 0x59, 0x92, 0xca, 0xfc, 0xff, 0xff, 0xff,
    0xfd, 0x3a, 0x0, 0x0, 0x0, 0x38, 0x31, 0x0,
    0x0, 0x0, 0x15, 0xa4, 0xff, 0xff, 0xff, 0xa1,
    0xb, 0x6b, 0xd2, 0xff, 0xdb, 0x1b, 0x0, 0x0,
    0x0, 0x41, 0xff, 0xff, 0xff, 0xbc, 0xe, 0xec,
    0xff, 0xff, 0xff, 0xed, 0x92, 0x6e, 0x89, 0xe9,
    0xff, 0xff, 0xff, 0x8f, 0x0, 0x4f, 0xfb, 0xff,
    0xff, 0xff, 0xff, 0xff, 0xff, 0xff, 0xff, 0xff,
    0xf2, 0x20, 0x0, 0x0, 0x4c, 0xf1, 0xff, 0xff,
    0xff, 0xff, 0xff, 0xff, 0xff, 0xe7, 0x3c, 0x0,
    0x0, 0x0, 0x0, 0x15, 0x7c, 0xc7, 0xef, 0xfc,
    0xee, 0xc4, 0x76, 0xf, 0x0, 0x0,

    /* U+015E "Ş" */
    0x0, 0x0, 0x0, 0x0, 0x17, 0x7e, 0xc6, 0xed,
    0xfb, 0xed, 0xc3, 0x77, 0x11, 0x0, 0x0, 0x0,
    0x0, 0x0, 0x0, 0x0, 0x5e, 0xf3, 0xff, 0xff,
    0xff, 0xff, 0xff, 0xff, 0xff, 0xea, 0x47, 0x0,
    0x0, 0x0, 0x0, 0x0, 0x5a, 0xfe, 0xff, 0xff,
    0xff, 0xff, 0xff, 0xff, 0xff, 0xff, 0xff, 0xfa,
    0x41, 0x0, 0x0, 0x0, 0xb, 0xed, 0xff, 0xff,
    0xff, 0xff, 0xcf, 0xb4, 0xd1, 0xff, 0xff, 0xff,
    0xff, 0xe1, 0x8, 0x0, 0x0, 0x50, 0xff, 0xff,
    0xff, 0xe9, 0x34, 0x0, 0x0, 0x0, 0x44, 0xf2,
    0xff, 0xff, 0xca, 0x25, 0x0, 0x0, 0x70, 0xff,
    0xff, 0xff, 0x88, 0x0, 0x0, 0x0, 0x0, 0x0,
    0x5b, 0x92, 0x2d, 0x0, 0x0, 0x0, 0x0, 0x60,
    0xff, 0xff, 0xff, 0xb5, 0x0, 0x0, 0x0, 0x0,
    0x0, 0x0, 0x0, 0x0, 0x0, 0x0, 0x0, 0x0,
    0x1c, 0xfb, 0xff, 0xff, 0xff, 0xa7, 0x1e, 0x0,
    0x0, 0x0, 0x0, 0x0, 0x0, 0x0, 0x0, 0x0,
    0x0, 0x0, 0x74, 0xff, 0xff, 0xff, 0xff, 0xfd,
    0xb8, 0x5f, 0x10, 0x0, 0x0, 0x0, 0x0, 0x0,
    0x0, 0x0, 0x0, 0x1, 0x8e, 0xfe, 0xff, 0xff,
    0xff, 0xff, 0xff, 0xf6, 0xa0, 0x37, 0x0, 0x0,
    0x0, 0x0, 0x0, 0x0, 0x0, 0x0, 0x47, 0xcc,
    0xff, 0xff, 0xff, 0xff, 0xff, 0xff, 0xff, 0xa6,
    0xc, 0x0, 0x0, 0x0, 0x0, 0x0, 0x0, 0x0,
    0x0, 0x38, 0x94, 0xea, 0xff, 0xff, 0xff, 0xff,
    0xff, 0xc7, 0x8, 0x0, 0x0, 0x0, 0x0, 0x0,
    0x0, 0x0, 0x0, 0x0, 0x4, 0x54, 0xd1, 0xff,
    0xff, 0xff, 0xff, 0x7b, 0x0, 0x0, 0x0, 0x0,
    0x0, 0x0, 0x0, 0x0, 0x0, 0x0, 0x0, 0x4,
    0xa1, 0xff, 0xff, 0xff, 0xdc, 0x0, 0x0, 0x2,
    0x42, 0x9f, 0xaf, 0x0, 0x0, 0x0, 0x0, 0x0,
    0x0, 0x18, 0xff, 0xff, 0xff, 0xff, 0x7, 0x19,
    0xe2, 0xff, 0xff, 0xff, 0x3c, 0x0, 0x0, 0x0,
    0x0, 0x0, 0xc, 0xfe, 0xff, 0xff, 0xff, 0x8,
    0x0, 0xc4, 0xff, 0xff, 0xff, 0xe6, 0x34, 0x0,
    0x0, 0x0, 0x4, 0x9d, 0xff, 0xff, 0xff, 0xdf,
    0x0, 0x0, 0x43, 0xfd, 0xff, 0xff, 0xff, 0xfd,
    0xb9, 0x90, 0x9c, 0xe2, 0xff, 0xff, 0xff, 0xff,
    0x7c, 0x0, 0x0, 0x0, 0x6b, 0xff, 0xff, 0xff,
    0xff, 0xff, 0xff, 0xff, 0xff, 0xff, 0xff, 0xff,
    0xcd, 0x7, 0x0, 0x0, 0x0, 0x0, 0x63, 0xf1,
    0xff, 0xff, 0xff, 0xff, 0xff, 0xff, 0xff, 0xff,
    0xb3, 0x10, 0x0, 0x0, 0x0, 0x0, 0x0, 0x0,
    0x12, 0x76, 0xc4, 0xfa, 0xff, 0xf9, 0xdf, 0xa4,
    0x42, 0x0, 0x0, 0x0, 0x0, 0x0, 0x0, 0x0,
    0x0, 0x0, 0x0, 0x11, 0xf4, 0xf5, 0x31, 0x5,
    0x0, 0x0, 0x0, 0x0, 0x0, 0x0, 0x0, 0x0,
    0x0, 0x0, 0x0, 0x0, 0x79, 0xff, 0xff, 0xff,
    0xe9, 0x4a, 0x0, 0x0, 0x0, 0x0, 0x0, 0x0,
    0x0, 0x0, 0x0, 0x0, 0x0, 0x1b, 0x7d, 0x86,
    0x9b, 0xff, 0xf0, 0x4, 0x0, 0x0, 0x0, 0x0,
    0x0, 0x0, 0x0, 0x0, 0x0, 0x0, 0x24, 0x7d,
    0x1c, 0x34, 0xff, 0xff, 0x19, 0x0, 0x0, 0x0,
    0x0, 0x0, 0x0, 0x0, 0x0, 0x0, 0x0, 0xc1,
    0xff, 0xfc, 0xfe, 0xff, 0xd2, 0x0, 0x0, 0x0,
    0x0, 0x0, 0x0, 0x0, 0x0, 0x0, 0x0, 0x0,
    0x12, 0xa4, 0xf0, 0xec, 0xaa, 0x1e, 0x0, 0x0,
    0x0, 0x0, 0x0,

    /* U+015F "ş" */
    0x0, 0x0, 0x0, 0x22, 0x8b, 0xd0, 0xf3, 0xf8,
    0xe0, 0xb5, 0x5e, 0x7, 0x0, 0x0, 0x0, 0x0,
    0x62, 0xf9, 0xff, 0xff, 0xff, 0xff, 0xff, 0xff,
    0xff, 0xd0, 0x26, 0x0, 0x0, 0x37, 0xfd, 0xff,
    0xff, 0xff, 0xff, 0xff, 0xff, 0xff, 0xff, 0xff,
    0xd9, 0x8, 0x0, 0x97, 0xff, 0xff, 0xff, 0xaf,
    0x3e, 0x2d, 0x66, 0xe3, 0xff, 0xff, 0xc2, 0x2c,
    0x0, 0xac, 0xff, 0xff, 0xff, 0x42, 0x0, 0x0,
    0x0, 0x1f, 0x81, 0x23, 0x0, 0x0, 0x0, 0x7a,
    0xff, 0xff, 0xff, 0xf6, 0xa2, 0x5b, 0x22, 0x0,
    0x0, 0x0, 0x0, 0x0, 0x0, 0x9, 0xc9, 0xff,
    0xff, 0xff, 0xff, 0xff, 0xff, 0xe6, 0x9b, 0x2e,
    0x0, 0x0, 0x0, 0x0, 0xf, 0x91, 0xf7, 0xff,
    0xff, 0xff, 0xff, 0xff, 0xff, 0xfd, 0x77, 0x0,
    0x0, 0x0, 0x0, 0x0, 0xc, 0x50, 0x88, 0xbe,
    0xf7, 0xff, 0xff, 0xff, 0xff, 0x49, 0x0, 0x0,
    0x1, 0x45, 0x38, 0x0, 0x0, 0x0, 0xc, 0x99,
    0xff, 0xff, 0xff, 0xa9, 0xe, 0x7a, 0xde, 0xff,
    0xe1, 0x23, 0x0, 0x0, 0x0, 0x46, 0xff, 0xff,
    0xff, 0xb9, 0x7, 0xdd, 0xff, 0xff, 0xff, 0xf5,
    0xa2, 0x7e, 0x99, 0xf0, 0xff, 0xff, 0xff, 0x7d,
    0x0, 0x34, 0xf0, 0xff, 0xff, 0xff, 0xff, 0xff,
    0xff, 0xff, 0xff, 0xff, 0xd7, 0xc, 0x0, 0x0,
    0x2e, 0xc4, 0xff, 0xff, 0xff, 0xff, 0xff, 0xff,
    0xff, 0xb4, 0x18, 0x0, 0x0, 0x0, 0x0, 0x0,
    0x38, 0x78, 0xf3, 0xff, 0xb1, 0x7f, 0x30, 0x0,
    0x0, 0x0, 0x0, 0x0, 0x0, 0x0, 0x0, 0x28,
    0xff, 0xf1, 0x66, 0x2b, 0x0, 0x0, 0x0, 0x0,
    0x0, 0x0, 0x0, 0x0, 0x0, 0x8a, 0xff, 0xff,
    0xff, 0xfd, 0x6d, 0x0, 0x0, 0x0, 0x0, 0x0,
    0x0, 0x0, 0x0, 0x6, 0x5e, 0x64, 0x87, 0xff,
    0xf6, 0x3, 0x0, 0x0, 0x0, 0x0, 0x0, 0x0,
    0x0, 0x2a, 0x8a, 0x1c, 0x41, 0xff, 0xff, 0x10,
    0x0, 0x0, 0x0, 0x0, 0x0, 0x0, 0x0, 0xc5,
    0xff, 0xfc, 0xfc, 0xff, 0xc1, 0x0, 0x0, 0x0,
    0x0, 0x0, 0x0, 0x0, 0x0, 0x13, 0xa6, 0xf0,
    0xeb, 0xa3, 0x17, 0x0, 0x0, 0x0,

    /* U+0160 "Š" */
    0x0, 0x0, 0x0, 0x2d, 0xf1, 0xff, 0xff, 0x89,
    0x0, 0x62, 0xff, 0xff, 0xff, 0x6f, 0x0, 0x0,
    0x0, 0x0, 0x0, 0x0, 0x0, 0x47, 0xfc, 0xff,
    0xfd, 0x61, 0xf0, 0xff, 0xff, 0x8e, 0x0, 0x0,
    0x0, 0x0, 0x0, 0x0, 0x0, 0x0, 0x0, 0x69,
    0xff, 0xff, 0xff, 0xff, 0xff, 0xa5, 0x1, 0x0,
    0x0, 0x0, 0x0, 0x0, 0x0, 0x0, 0x0, 0x0,
    0x0, 0x8e, 0xff, 0xff, 0xff, 0xba, 0x5, 0x0,
    0x0, 0x0, 0x0, 0x0, 0x0, 0x0, 0x0, 0x0,
    0x0, 0x0, 0x0, 0x0, 0x0, 0x0, 0x0, 0x0,
    0x0, 0x0, 0x0, 0x0, 0x0, 0x0, 0x0, 0x0,
    0x0, 0x0, 0x0, 0x0, 0x0, 0x0, 0x0, 0x0,
    0x0, 0x0, 0x0, 0x0, 0x0, 0x0, 0x0, 0x0,
    0x0, 0x0, 0x19, 0x7e, 0xc6, 0xed, 0xfb, 0xed,
    0xc3, 0x77, 0x11, 0x0, 0x0, 0x0, 0x0, 0x0,
    0x0, 0x0, 0x65, 0xf5, 0xff, 0xff, 0xff, 0xff,
    0xff, 0xff, 0xff, 0xeb, 0x4a, 0x0, 0x0, 0x0,
    0x0, 0x0, 0x61, 0xff, 0xff, 0xff, 0xff, 0xff,
    0xff, 0xff, 0xff, 0xff, 0xff, 0xfb, 0x44, 0x0,
    0x0, 0x0, 0xd, 0xf1, 0xff, 0xff, 0xff, 0xff,
    0xcf, 0xb4, 0xd0, 0xff, 0xff, 0xff, 0xff, 0xe2,
    0x8, 0x0, 0x0, 0x54, 0xff, 0xff, 0xff, 0xe9,
    0x34, 0x0, 0x0, 0x0, 0x41, 0xf0, 0xff, 0xff,
    0xc4, 0x24, 0x0, 0x0, 0x71, 0xff, 0xff, 0xff,
    0x88, 0x0, 0x0, 0x0, 0x0, 0x0, 0x55, 0x88,
    0x26, 0x0, 0x0, 0x0, 0x0, 0x5b, 0xff, 0xff,
    0xff, 0xb7, 0x0, 0x0, 0x0, 0x0, 0x0, 0x0,
    0x0, 0x0, 0x0, 0x0, 0x0, 0x0, 0x14, 0xf4,
    0xff, 0xff, 0xff, 0xab, 0x20, 0x0, 0x0, 0x0,
    0x0, 0x0, 0x0, 0x0, 0x0, 0x0, 0x0, 0x0,
    0x5a, 0xff, 0xff, 0xff, 0xff, 0xfd, 0xb9, 0x61,
    0x12, 0x0, 0x0, 0x0, 0x0, 0x0, 0x0, 0x0,
    0x0, 0x0, 0x6a, 0xf7, 0xff, 0xff, 0xff, 0xff,
    0xff, 0xf8, 0xa4, 0x3b, 0x0, 0x0, 0x0, 0x0,
    0x0, 0x0, 0x0, 0x0, 0x2b, 0xa5, 0xf9, 0xff,
    0xff, 0xff, 0xff, 0xff, 0xff, 0xaa, 0xe, 0x0,
    0x0, 0x0, 0x0, 0x0, 0x0, 0x0, 0x0, 0x13,
    0x65, 0xbe, 0xfe, 0xff, 0xff, 0xff, 0xff, 0xc9,
    0x8, 0x0, 0x0, 0x0, 0x0, 0x0, 0x0, 0x0,
    0x0, 0x0, 0x0, 0x26, 0xa4, 0xff, 0xff, 0xff,
    0xff, 0x7d, 0x0, 0x0, 0x0, 0x0, 0x0, 0xe,
    0x0, 0x0, 0x0, 0x0, 0x0, 0x0, 0x76, 0xff,
    0xff, 0xff, 0xde, 0x0, 0x0, 0x1c, 0x76, 0xd1,
    0xd2, 0x0, 0x0, 0x0, 0x0, 0x0, 0x0, 0xe,
    0xfe, 0xff, 0xff, 0xff, 0x8, 0x1d, 0xfd, 0xff,
    0xff, 0xff, 0x64, 0x0, 0x0, 0x0, 0x0, 0x0,
    0x1c, 0xff, 0xff, 0xff, 0xfe, 0x7, 0x0, 0xbb,
    0xff, 0xff, 0xff, 0xf9, 0x73, 0x5, 0x0, 0x0,
    0x29, 0xcb, 0xff, 0xff, 0xff, 0xde, 0x0, 0x0,
    0x2d, 0xf8, 0xff, 0xff, 0xff, 0xff, 0xf7, 0xd4,
    0xe0, 0xff, 0xff, 0xff, 0xff, 0xff, 0x7b, 0x0,
    0x0, 0x0, 0x5a, 0xfc, 0xff, 0xff, 0xff, 0xff,
    0xff, 0xff, 0xff, 0xff, 0xff, 0xff, 0xc6, 0x6,
    0x0, 0x0, 0x0, 0x0, 0x48, 0xe5, 0xff, 0xff,
    0xff, 0xff, 0xff, 0xff, 0xff, 0xff, 0xa4, 0xb,
    0x0, 0x0, 0x0, 0x0, 0x0, 0x0, 0xc, 0x6b,
    0xba, 0xe8, 0xfb, 0xf3, 0xce, 0x8f, 0x31, 0x0,
    0x0, 0x0, 0x0,

    /* U+0161 "š" */
    0x0, 0x0, 0x63, 0xfd, 0xff, 0xfd, 0x73, 0x25,
    0xd8, 0xff, 0xff, 0xdc, 0x1f, 0x0, 0x0, 0x0,
    0x0, 0x56, 0xfa, 0xff, 0xff, 0xff, 0xff, 0xff,
    0xca, 0x16, 0x0, 0x0, 0x0, 0x0, 0x0, 0x0,
    0x49, 0xf6, 0xff, 0xff, 0xff, 0xb4, 0xb, 0x0,
    0x0, 0x0, 0x0, 0x0, 0x0, 0x0, 0x0, 0x21,
    0x38, 0x38, 0x37, 0x3, 0x0, 0x0, 0x0, 0x0,
    0x0, 0x0, 0x0, 0x0, 0x0, 0x0, 0x0, 0x0,
    0x0, 0x0, 0x0, 0x0, 0x0, 0x0, 0x0, 0x0,
    0x0, 0x0, 0x0, 0x0, 0x0, 0x0, 0x0, 0x0,
    0x0, 0x0, 0x0, 0x0, 0x0, 0x0, 0x0, 0x22,
    0x8b, 0xd0, 0xf3, 0xf8, 0xe0, 0xb5, 0x5e, 0x7,
    0x0, 0x0, 0x0, 0x0, 0x61, 0xf9, 0xff, 0xff,
    0xff, 0xff, 0xff, 0xff, 0xff, 0xd0, 0x26, 0x0,
    0x0, 0x35, 0xfc, 0xff, 0xff, 0xff, 0xff, 0xff,
    0xff, 0xff, 0xff, 0xff, 0xd9, 0x8, 0x0, 0x96,
    0xff, 0xff, 0xff, 0xb0, 0x3e, 0x2d, 0x66, 0xe4,
    0xff, 0xff, 0xc3, 0x2c, 0x0, 0xac, 0xff, 0xff,
    0xff, 0x3d, 0x0, 0x0, 0x0, 0x20, 0x85, 0x25,
    0x0, 0x0, 0x0, 0x7b, 0xff, 0xff, 0xff, 0xf1,
    0x94, 0x4b, 0x13, 0x0, 0x0, 0x0, 0x0, 0x0,
    0x0, 0xa, 0xcd, 0xff, 0xff, 0xff, 0xff, 0xff,
    0xff, 0xd6, 0x88, 0x1f, 0x0, 0x0, 0x0, 0x0,
    0x12, 0x9b, 0xfc, 0xff, 0xff, 0xff, 0xff, 0xff,
    0xff, 0xf7, 0x61, 0x0, 0x0, 0x0, 0x0, 0x0,
    0x12, 0x59, 0x92, 0xca, 0xfc, 0xff, 0xff, 0xff,
    0xfd, 0x3a, 0x0, 0x0, 0x0, 0x38, 0x31, 0x0,
    0x0, 0x0, 0x15, 0xa4, 0xff, 0xff, 0xff, 0xa1,
    0xb, 0x6b, 0xd2, 0xff, 0xdb, 0x1b, 0x0, 0x0,
    0x0, 0x41, 0xff, 0xff, 0xff, 0xbc, 0xe, 0xec,
    0xff, 0xff, 0xff, 0xed, 0x92, 0x6e, 0x89, 0xe9,
    0xff, 0xff, 0xff, 0x8f, 0x0, 0x4f, 0xfb, 0xff,
    0xff, 0xff, 0xff, 0xff, 0xff, 0xff, 0xff, 0xff,
    0xf2, 0x20, 0x0, 0x0, 0x4c, 0xf1, 0xff, 0xff,
    0xff, 0xff, 0xff, 0xff, 0xff, 0xe7, 0x3c, 0x0,
    0x0, 0x0, 0x0, 0x15, 0x7c, 0xc7, 0xef, 0xfc,
    0xee, 0xc4, 0x76, 0xf, 0x0, 0x0,

    /* U+0162 "Ţ" */
    0x48, 0xff, 0xff, 0xff, 0xff, 0xff, 0xff, 0xff,
    0xff, 0xff, 0xff, 0xff, 0xff, 0xff, 0xff, 0xff,
    0xc4, 0x48, 0xff, 0xff, 0xff, 0xff, 0xff, 0xff,
    0xff, 0xff, 0xff, 0xff, 0xff, 0xff, 0xff, 0xff,
    0xff, 0xc4, 0x48, 0xff, 0xff, 0xff, 0xff, 0xff,
    0xff, 0xff, 0xff, 0xff, 0xff, 0xff, 0xff, 0xff,
    0xff, 0xff, 0xc4, 0x39, 0xcc, 0xcc, 0xcc, 0xcc,
    0xcc, 0xda, 0xff, 0xff, 0xff, 0xf3, 0xcc, 0xcc,
    0xcc, 0xcc, 0xcc, 0x9c, 0x0, 0x0, 0x0, 0x0,
    0x0, 0x0, 0x48, 0xff, 0xff, 0xff, 0xc4, 0x0,
    0x0, 0x0, 0x0, 0x0, 0x0, 0x0, 0x0, 0x0,
    0x0, 0x0, 0x0, 0x48, 0xff, 0xff, 0xff, 0xc4,
    0x0, 0x0, 0x0, 0x0, 0x0, 0x0, 0x0, 0x0,
    0x0, 0x0, 0x0, 0x0, 0x48, 0xff, 0xff, 0xff,
    0xc4, 0x0, 0x0, 0x0, 0x0, 0x0, 0x0, 0x0,
    0x0, 0x0, 0x0, 0x0, 0x0, 0x48, 0xff, 0xff,
    0xff, 0xc4, 0x0, 0x0, 0x0, 0x0, 0x0, 0x0,
    0x0, 0x0, 0x0, 0x0, 0x0, 0x0, 0x48, 0xff,
    0xff, 0xff, 0xc4, 0x0, 0x0, 0x0, 0x0, 0x0,
    0x0, 0x0, 0x0, 0x0, 0x0, 0x0, 0x0, 0x48,
    0xff, 0xff, 0xff, 0xc4, 0x0, 0x0, 0x0, 0x0,
    0x0, 0x0, 0x0, 0x0, 0x0, 0x0, 0x0, 0x0,
    0x48, 0xff, 0xff, 0xff, 0xc4, 0x0, 0x0, 0x0,
    0x0, 0x0, 0x0, 0x0, 0x0, 0x0, 0x0, 0x0,
    0x0, 0x48, 0xff, 0xff, 0xff, 0xc4, 0x0, 0x0,
    0x0, 0x0, 0x0, 0x0, 0x0, 0x0, 0x0, 0x0,
    0x0, 0x0, 0x48, 0xff, 0xff, 0xff, 0xc4, 0x0,
    0x0, 0x0, 0x0, 0x0, 0x0, 0x0, 0x0, 0x0,
    0x0, 0x0, 0x0, 0x48, 0xff, 0xff, 0xff, 0xc4,
    0x0, 0x0, 0x0, 0x0, 0x0, 0x0, 0x0, 0x0,
    0x0, 0x0, 0x0, 0x0, 0x48, 0xff, 0xff, 0xff,
    0xc4, 0x0, 0x0, 0x0, 0x0, 0x0, 0x0, 0x0,
    0x0, 0x0, 0x0, 0x0, 0x0, 0x48, 0xff, 0xff,
    0xff, 0xc4, 0x0, 0x0, 0x0, 0x0, 0x0, 0x0,
    0x0, 0x0, 0x0, 0x0, 0x0, 0x0, 0x48, 0xff,
    0xff, 0xff, 0xc4, 0x0, 0x0, 0x0, 0x0, 0x0,
    0x0, 0x0, 0x0, 0x0, 0x0, 0x0, 0x0, 0x48,
    0xff, 0xff, 0xff, 0xc4, 0x0, 0x0, 0x0, 0x0,
    0x0, 0x0, 0x0, 0x0, 0x0, 0x0, 0x0, 0x0,
    0x48, 0xff, 0xff, 0xff, 0xc4, 0x0, 0x0, 0x0,
    0x0, 0x0, 0x0, 0x0, 0x0, 0x0, 0x0, 0x0,
    0x0, 0x48, 0xff, 0xff, 0xff, 0xc4, 0x0, 0x0,
    0x0, 0x0, 0x0, 0x0, 0x0, 0x0, 0x0, 0x0,
    0x0, 0x0, 0x48, 0xff, 0xff, 0xff, 0xc4, 0x0,
    0x0, 0x0, 0x0, 0x0, 0x0, 0x0, 0x0, 0x0,
    0x0, 0x0, 0x0, 0x0, 0xa0, 0xff, 0x60, 0x0,
    0x0, 0x0, 0x0, 0x0, 0x0, 0x0, 0x0, 0x0,
    0x0, 0x0, 0x0, 0x0, 0x21, 0xfb, 0xff, 0xe5,
    0xbe, 0x42, 0x0, 0x0, 0x0, 0x0, 0x0, 0x0,
    0x0, 0x0, 0x0, 0x0, 0x0, 0x1d, 0x88, 0xb5,
    0xa3, 0xfe, 0xf7, 0x22, 0x0, 0x0, 0x0, 0x0,
    0x0, 0x0, 0x0, 0x0, 0x0, 0x0, 0x11, 0x5f,
    0x39, 0xd, 0xe8, 0xff, 0x56, 0x0, 0x0, 0x0,
    0x0, 0x0, 0x0, 0x0, 0x0, 0x0, 0x0, 0x84,
    0xff, 0xff, 0xfa, 0xff, 0xf7, 0x22, 0x0, 0x0,
    0x0, 0x0, 0x0, 0x0, 0x0, 0x0, 0x0, 0x0,
    0x2, 0x82, 0xe6, 0xf4, 0xc6, 0x42, 0x0, 0x0,
    0x0, 0x0, 0x0,

    /* U+0163 "ţ" */
    0x0, 0x0, 0x0, 0xb4, 0xff, 0xff, 0xff, 0x3c,
    0x0, 0x0, 0x0, 0x0, 0x0, 0x0, 0x0, 0xb4,
    0xff, 0xff, 0xff, 0x3c, 0x0, 0x0, 0x0, 0x0,
    0x0, 0x0, 0x0, 0xb4, 0xff, 0xff, 0xff, 0x3c,
    0x0, 0x0, 0x0, 0x0, 0x0, 0x0, 0x0, 0xb4,
    0xff, 0xff, 0xff, 0x3c, 0x0, 0x0, 0x0, 0x0,
    0x0, 0x0, 0x0, 0xb4, 0xff, 0xff, 0xff, 0x3c,
    0x0, 0x0, 0x0, 0x0, 0x48, 0xff, 0xff, 0xff,
    0xff, 0xff, 0xff, 0xff, 0xff, 0xff, 0xd4, 0x0,
    0x48, 0xff, 0xff, 0xff, 0xff, 0xff, 0xff, 0xff,
    0xff, 0xff, 0xd4, 0x0, 0x48, 0xff, 0xff, 0xff,
    0xff, 0xff, 0xff, 0xff, 0xff, 0xff, 0xd4, 0x0,
    0x16, 0x50, 0x50, 0xcb, 0xff, 0xff, 0xff, 0x79,
    0x50, 0x50, 0x42, 0x0, 0x0, 0x0, 0x0, 0xb4,
    0xff, 0xff, 0xff, 0x3c, 0x0, 0x0, 0x0, 0x0,
    0x0, 0x0, 0x0, 0xb4, 0xff, 0xff, 0xff, 0x3c,
    0x0, 0x0, 0x0, 0x0, 0x0, 0x0, 0x0, 0xb4,
    0xff, 0xff, 0xff, 0x3c, 0x0, 0x0, 0x0, 0x0,
    0x0, 0x0, 0x0, 0xb4, 0xff, 0xff, 0xff, 0x3c,
    0x0, 0x0, 0x0, 0x0, 0x0, 0x0, 0x0, 0xb4,
    0xff, 0xff, 0xff, 0x3c, 0x0, 0x0, 0x0, 0x0,
    0x0, 0x0, 0x0, 0xb3, 0xff, 0xff, 0xff, 0x44,
    0x0, 0x0, 0x0, 0x0, 0x0, 0x0, 0x0, 0xa8,
    0xff, 0xff, 0xff, 0x8a, 0x0, 0x0, 0x0, 0x0,
    0x0, 0x0, 0x0, 0x7e, 0xff, 0xff, 0xff, 0xff,
    0xbb, 0xb7, 0x78, 0x0, 0x0, 0x0, 0x0, 0x24,
    0xfc, 0xff, 0xff, 0xff, 0xff, 0xff, 0xd2, 0x0,
    0x0, 0x0, 0x0, 0x0, 0x72, 0xff, 0xff, 0xff,
    0xff, 0xff, 0xff, 0x27, 0x0, 0x0, 0x0, 0x0,
    0x0, 0x53, 0xff, 0xff, 0xf8, 0xe2, 0xa8, 0x29,
    0x0, 0x0, 0x0, 0x0, 0x0, 0x69, 0xff, 0x98,
    0x1, 0x0, 0x0, 0x0, 0x0, 0x0, 0x0, 0x0,
    0x4, 0xdf, 0xff, 0xff, 0xf4, 0x8f, 0x2, 0x0,
    0x0, 0x0, 0x0, 0x0, 0x5, 0x5a, 0xa9, 0x7d,
    0xe6, 0xff, 0x6b, 0x0, 0x0, 0x0, 0x0, 0x0,
    0x4, 0x49, 0x5e, 0x2, 0xab, 0xff, 0x9a, 0x0,
    0x0, 0x0, 0x0, 0x0, 0x3d, 0xfe, 0xff, 0xf6,
    0xff, 0xff, 0x59, 0x0, 0x0, 0x0, 0x0, 0x0,
    0x0, 0x55, 0xd6, 0xf7, 0xd9, 0x6d, 0x0, 0x0,

    /* U+0164 "Ť" */
    0x0, 0x0, 0x0, 0x15, 0xdd, 0xff, 0xff, 0xb6,
    0x0, 0x37, 0xfc, 0xff, 0xff, 0x9f, 0x0, 0x0,
    0x0, 0x0, 0x0, 0x0, 0x0, 0x28, 0xef, 0xff,
    0xff, 0x7a, 0xd8, 0xff, 0xff, 0xb8, 0x5, 0x0,
    0x0, 0x0, 0x0, 0x0, 0x0, 0x0, 0x0, 0x42,
    0xfa, 0xff, 0xff, 0xff, 0xff, 0xc9, 0xb, 0x0,
    0x0, 0x0, 0x0, 0x0, 0x0, 0x0, 0x0, 0x0,
    0x0, 0x62, 0xff, 0xff, 0xff, 0xd8, 0x14, 0x0,
    0x0, 0x0, 0x0, 0x0, 0x0, 0x0, 0x0, 0x0,
    0x0, 0x0, 0x0, 0x0, 0x0, 0x0, 0x0, 0x0,
    0x0, 0x0, 0x0, 0x0, 0x0, 0x0, 0x0, 0x0,
    0x0, 0x0, 0x0, 0x0, 0x0, 0x0, 0x0, 0x0,
    0x0, 0x0, 0x0, 0x0, 0x0, 0x0, 0x48, 0xff,
    0xff, 0xff, 0xff, 0xff, 0xff, 0xff, 0xff, 0xff,
    0xff, 0xff, 0xff, 0xff, 0xff, 0xff, 0xc4, 0x48,
    0xff, 0xff, 0xff, 0xff, 0xff, 0xff, 0xff, 0xff,
    0xff, 0xff, 0xff, 0xff, 0xff, 0xff, 0xff, 0xc4,
    0x48, 0xff, 0xff, 0xff, 0xff, 0xff, 0xff, 0xff,
    0xff, 0xff, 0xff, 0xff, 0xff, 0xff, 0xff, 0xff,
    0xc4, 0x39, 0xcc, 0xcc, 0xcc, 0xcc, 0xcc, 0xda,
    0xff, 0xff, 0xff, 0xf3, 0xcc, 0xcc, 0xcc, 0xcc,
    0xcc, 0x9c, 0x0, 0x0, 0x0, 0x0, 0x0, 0x0,
    0x48, 0xff, 0xff, 0xff, 0xc4, 0x0, 0x0, 0x0,
    0x0, 0x0, 0x0, 0x0, 0x0, 0x0, 0x0, 0x0,
    0x0, 0x48, 0xff, 0xff, 0xff, 0xc4, 0x0, 0x0,
    0x0, 0x0, 0x0, 0x0, 0x0, 0x0, 0x0, 0x0,
    0x0, 0x0, 0x48, 0xff, 0xff, 0xff, 0xc4, 0x0,
    0x0, 0x0, 0x0, 0x0, 0x0, 0x0, 0x0, 0x0,
    0x0, 0x0, 0x0, 0x48, 0xff, 0xff, 0xff, 0xc4,
    0x0, 0x0, 0x0, 0x0, 0x0, 0x0, 0x0, 0x0,
    0x0, 0x0, 0x0, 0x0, 0x48, 0xff, 0xff, 0xff,
    0xc4, 0x0, 0x0, 0x0, 0x0, 0x0, 0x0, 0x0,
    0x0, 0x0, 0x0, 0x0, 0x0, 0x48, 0xff, 0xff,
    0xff, 0xc4, 0x0, 0x0, 0x0, 0x0, 0x0, 0x0,
    0x0, 0x0, 0x0, 0x0, 0x0, 0x0, 0x48, 0xff,
    0xff, 0xff, 0xc4, 0x0, 0x0, 0x0, 0x0, 0x0,
    0x0, 0x0, 0x0, 0x0, 0x0, 0x0, 0x0, 0x48,
    0xff, 0xff, 0xff, 0xc4, 0x0, 0x0, 0x0, 0x0,
    0x0, 0x0, 0x0, 0x0, 0x0, 0x0, 0x0, 0x0,
    0x48, 0xff, 0xff, 0xff, 0xc4, 0x0, 0x0, 0x0,
    0x0, 0x0, 0x0, 0x0, 0x0, 0x0, 0x0, 0x0,
    0x0, 0x48, 0xff, 0xff, 0xff, 0xc4, 0x0, 0x0,
    0x0, 0x0, 0x0, 0x0, 0x0, 0x0, 0x0, 0x0,
    0x0, 0x0, 0x48, 0xff, 0xff, 0xff, 0xc4, 0x0,
    0x0, 0x0, 0x0, 0x0, 0x0, 0x0, 0x0, 0x0,
    0x0, 0x0, 0x0, 0x48, 0xff, 0xff, 0xff, 0xc4,
    0x0, 0x0, 0x0, 0x0, 0x0, 0x0, 0x0, 0x0,
    0x0, 0x0, 0x0, 0x0, 0x48, 0xff, 0xff, 0xff,
    0xc4, 0x0, 0x0, 0x0, 0x0, 0x0, 0x0, 0x0,
    0x0, 0x0, 0x0, 0x0, 0x0, 0x48, 0xff, 0xff,
    0xff, 0xc4, 0x0, 0x0, 0x0, 0x0, 0x0, 0x0,
    0x0, 0x0, 0x0, 0x0, 0x0, 0x0, 0x48, 0xff,
    0xff, 0xff, 0xc4, 0x0, 0x0, 0x0, 0x0, 0x0,
    0x0, 0x0, 0x0, 0x0, 0x0, 0x0, 0x0, 0x48,
    0xff, 0xff, 0xff, 0xc4, 0x0, 0x0, 0x0, 0x0,
    0x0, 0x0, 0x0, 0x0, 0x0, 0x0, 0x0, 0x0,
    0x48, 0xff, 0xff, 0xff, 0xc4, 0x0, 0x0, 0x0,
    0x0, 0x0, 0x0,

    /* U+0165 "ť" */
    0x0, 0x0, 0x0, 0x0, 0x0, 0x0, 0x0, 0x0,
    0x28, 0xff, 0xff, 0xff, 0x4c, 0x0, 0x0, 0x0,
    0x0, 0x0, 0x0, 0x0, 0x0, 0x28, 0xff, 0xff,
    0xff, 0x1f, 0x0, 0x0, 0x0, 0x87, 0xc0, 0xc0,
    0xc0, 0x2d, 0x28, 0xff, 0xff, 0xf0, 0x0, 0x0,
    0x0, 0x0, 0xb4, 0xff, 0xff, 0xff, 0x3c, 0x28,
    0xff, 0xff, 0xc3, 0x0, 0x0, 0x0, 0x0, 0xb4,
    0xff, 0xff, 0xff, 0x3c, 0x28, 0xff, 0xff, 0x96,
    0x0, 0x0, 0x0, 0x0, 0xb4, 0xff, 0xff, 0xff,
    0x3c, 0x3, 0x14, 0x14, 0x9, 0x0, 0x48, 0xff,
    0xff, 0xff, 0xff, 0xff, 0xff, 0xff, 0xff, 0xff,
    0xd4, 0x0, 0x0, 0x48, 0xff, 0xff, 0xff, 0xff,
    0xff, 0xff, 0xff, 0xff, 0xff, 0xd4, 0x0, 0x0,
    0x48, 0xff, 0xff, 0xff, 0xff, 0xff, 0xff, 0xff,
    0xff, 0xff, 0xd4, 0x0, 0x0, 0x16, 0x50, 0x50,
    0xcb, 0xff, 0xff, 0xff, 0x79, 0x50, 0x50, 0x42,
    0x0, 0x0, 0x0, 0x0, 0x0, 0xb4, 0xff, 0xff,
    0xff, 0x3c, 0x0, 0x0, 0x0, 0x0, 0x0, 0x0,
    0x0, 0x0, 0xb4, 0xff, 0xff, 0xff, 0x3c, 0x0,
    0x0, 0x0, 0x0, 0x0, 0x0, 0x0, 0x0, 0xb4,
    0xff, 0xff, 0xff, 0x3c, 0x0, 0x0, 0x0, 0x0,
    0x0, 0x0, 0x0, 0x0, 0xb4, 0xff, 0xff, 0xff,
    0x3c, 0x0, 0x0, 0x0, 0x0, 0x0, 0x0, 0x0,
    0x0, 0xb4, 0xff, 0xff, 0xff, 0x3c, 0x0, 0x0,
    0x0, 0x0, 0x0, 0x0, 0x0, 0x0, 0xb3, 0xff,
    0xff, 0xff, 0x45, 0x0, 0x0, 0x0, 0x0, 0x0,
    0x0, 0x0, 0x0, 0xa8, 0xff, 0xff, 0xff, 0x8f,
    0x0, 0x0, 0x1, 0x0, 0x0, 0x0, 0x0, 0x0,
    0x7e, 0xff, 0xff, 0xff, 0xff, 0xc3, 0xbf, 0x7c,
    0x0, 0x0, 0x0, 0x0, 0x0, 0x24, 0xfc, 0xff,
    0xff, 0xff, 0xff, 0xff, 0xd3, 0x0, 0x0, 0x0,
    0x0, 0x0, 0x0, 0x72, 0xff, 0xff, 0xff, 0xff,
    0xff, 0xff, 0x28, 0x0, 0x0, 0x0, 0x0, 0x0,
    0x0, 0x4a, 0xbc, 0xf1, 0xf8, 0xe2, 0xa8, 0x29,
    0x0,

    /* U+0166 "Ŧ" */
    0x48, 0xff, 0xff, 0xff, 0xff, 0xff, 0xff, 0xff,
    0xff, 0xff, 0xff, 0xff, 0xff, 0xff, 0xff, 0xff,
    0xc4, 0x48, 0xff, 0xff, 0xff, 0xff, 0xff, 0xff,
    0xff, 0xff, 0xff, 0xff, 0xff, 0xff, 0xff, 0xff,
    0xff, 0xc4, 0x48, 0xff, 0xff, 0xff, 0xff, 0xff,
    0xff, 0xff, 0xff, 0xff, 0xff, 0xff, 0xff, 0xff,
    0xff, 0xff, 0xc4, 0x39, 0xcc, 0xcc, 0xcc, 0xcc,
    0xcc, 0xda, 0xff, 0xff, 0xff, 0xf3, 0xcc, 0xcc,
    0xcc, 0xcc, 0xcc, 0x9c, 0x0, 0x0, 0x0, 0x0,
    0x0, 0x0, 0x48, 0xff, 0xff, 0xff, 0xc4, 0x0,
    0x0, 0x0, 0x0, 0x0, 0x0, 0x0, 0x0, 0x0,
    0x0, 0x0, 0x0, 0x48, 0xff, 0xff, 0xff, 0xc4,
    0x0, 0x0, 0x0, 0x0, 0x0, 0x0, 0x0, 0x0,
    0x0, 0x0, 0x0, 0x0, 0x48, 0xff, 0xff, 0xff,
    0xc4, 0x0, 0x0, 0x0, 0x0, 0x0, 0x0, 0x0,
    0x0, 0x0, 0x0, 0x0, 0x0, 0x48, 0xff, 0xff,
    0xff, 0xc4, 0x0, 0x0, 0x0, 0x0, 0x0, 0x0,
    0x0, 0x0, 0x18, 0xff, 0xff, 0xff, 0xff, 0xff,
    0xff, 0xff, 0xff, 0xff, 0xff, 0xff, 0x8c, 0x0,
    0x0, 0x0, 0x0, 0x18, 0xff, 0xff, 0xff, 0xff,
    0xff, 0xff, 0xff, 0xff, 0xff, 0xff, 0xff, 0x8c,
    0x0, 0x0, 0x0, 0x0, 0x18, 0xff, 0xff, 0xff,
    0xff, 0xff, 0xff, 0xff, 0xff, 0xff, 0xff, 0xff,
    0x8c, 0x0, 0x0, 0x0, 0x0, 0x3, 0x24, 0x24,
    0x24, 0x61, 0xff, 0xff, 0xff, 0xcc, 0x24, 0x24,
    0x24, 0x13, 0x0, 0x0, 0x0, 0x0, 0x0, 0x0,
    0x0, 0x0, 0x48, 0xff, 0xff, 0xff, 0xc4, 0x0,
    0x0, 0x0, 0x0, 0x0, 0x0, 0x0, 0x0, 0x0,
    0x0, 0x0, 0x0, 0x48, 0xff, 0xff, 0xff, 0xc4,
    0x0, 0x0, 0x0, 0x0, 0x0, 0x0, 0x0, 0x0,
    0x0, 0x0, 0x0, 0x0, 0x48, 0xff, 0xff, 0xff,
    0xc4, 0x0, 0x0, 0x0, 0x0, 0x0, 0x0, 0x0,
    0x0, 0x0, 0x0, 0x0, 0x0, 0x48, 0xff, 0xff,
    0xff, 0xc4, 0x0, 0x0, 0x0, 0x0, 0x0, 0x0,
    0x0, 0x0, 0x0, 0x0, 0x0, 0x0, 0x48, 0xff,
    0xff, 0xff, 0xc4, 0x0, 0x0, 0x0, 0x0, 0x0,
    0x0, 0x0, 0x0, 0x0, 0x0, 0x0, 0x0, 0x48,
    0xff, 0xff, 0xff, 0xc4, 0x0, 0x0, 0x0, 0x0,
    0x0, 0x0, 0x0, 0x0, 0x0, 0x0, 0x0, 0x0,
    0x48, 0xff, 0xff, 0xff, 0xc4, 0x0, 0x0, 0x0,
    0x0, 0x0, 0x0, 0x0, 0x0, 0x0, 0x0, 0x0,
    0x0, 0x48, 0xff, 0xff, 0xff, 0xc4, 0x0, 0x0,
    0x0, 0x0, 0x0, 0x0, 0x0, 0x0, 0x0, 0x0,
    0x0, 0x0, 0x48, 0xff, 0xff, 0xff, 0xc4, 0x0,
    0x0, 0x0, 0x0, 0x0, 0x0,

    /* U+0167 "ŧ" */
    0x0, 0x0, 0x0, 0xb4, 0xff, 0xff, 0xff, 0x3c,
    0x0, 0x0, 0x0, 0x0, 0x0, 0x0, 0x0, 0xb4,
    0xff, 0xff, 0xff, 0x3c, 0x0, 0x0, 0x0, 0x0,
    0x0, 0x0, 0x0, 0xb4, 0xff, 0xff, 0xff, 0x3c,
    0x0, 0x0, 0x0, 0x0, 0x0, 0x0, 0x0, 0xb4,
    0xff, 0xff, 0xff, 0x3c, 0x0, 0x0, 0x0, 0x0,
    0x48, 0xff, 0xff, 0xff, 0xff, 0xff, 0xff, 0xff,
    0xff, 0xff, 0xd4, 0x0, 0x48, 0xff, 0xff, 0xff,
    0xff, 0xff, 0xff, 0xff, 0xff, 0xff, 0xd4, 0x0,
    0x48, 0xff, 0xff, 0xff, 0xff, 0xff, 0xff, 0xff,
    0xff, 0xff, 0xd4, 0x0, 0x16, 0x50, 0x50, 0xcb,
    0xff, 0xff, 0xff, 0x79, 0x50, 0x50, 0x42, 0x0,
    0x0, 0x0, 0x0, 0xb4, 0xff, 0xff, 0xff, 0x3c,
    0x0, 0x0, 0x0, 0x0, 0x44, 0xf4, 0xf4, 0xfc,
    0xff, 0xff, 0xff, 0xf6, 0xf4, 0xf4, 0x63, 0x0,
    0x48, 0xff, 0xff, 0xff, 0xff, 0xff, 0xff, 0xff,
    0xff, 0xff, 0x68, 0x0, 0x48, 0xff, 0xff, 0xff,
    0xff, 0xff, 0xff, 0xff, 0xff, 0xff, 0x68, 0x0,
    0x0, 0x0, 0x0, 0xb4, 0xff, 0xff, 0xff, 0x3c,
    0x0, 0x0, 0x0, 0x0, 0x0, 0x0, 0x0, 0xb2,
    0xff, 0xff, 0xff, 0x49, 0x0, 0x0, 0x0, 0x0,
    0x0, 0x0, 0x0, 0xa4, 0xff, 0xff, 0xff, 0x9a,
    0x0, 0x0, 0x3, 0x0, 0x0, 0x0, 0x0, 0x75,
    0xff, 0xff, 0xff, 0xff, 0xc6, 0xc2, 0x81, 0x0,
    0x0, 0x0, 0x0, 0x1c, 0xf9, 0xff, 0xff, 0xff,
    0xff, 0xff, 0xd5, 0x0, 0x0, 0x0, 0x0, 0x0,
    0x66, 0xfe, 0xff, 0xff, 0xff, 0xff, 0xff, 0x29,
    0x0, 0x0, 0x0, 0x0, 0x0, 0x43, 0xba, 0xf0,
    0xf8, 0xe2, 0xa8, 0x29,

    /* U+0168 "Ũ" */
    0x0, 0x0, 0x0, 0x0, 0x1, 0x6f, 0xd3, 0xe0,
    0x8a, 0xb, 0x0, 0x22, 0x50, 0x50, 0x1b, 0x0,
    0x0, 0x0, 0x0, 0x0, 0x0, 0x0, 0x82, 0xff,
    0xff, 0xff, 0xff, 0xd3, 0x24, 0x9f, 0xff, 0xff,
    0x4b, 0x0, 0x0, 0x0, 0x0, 0x0, 0x0, 0xd,
    0xf6, 0xff, 0xff, 0xff, 0xff, 0xff, 0xff, 0xff,
    0xff, 0xfb, 0x15, 0x0, 0x0, 0x0, 0x0, 0x0,
    0x0, 0x3c, 0xff, 0xff, 0xa8, 0x1f, 0xc4, 0xff,
    0xff, 0xff, 0xff, 0x8e, 0x0, 0x0, 0x0, 0x0,
    0x0, 0x0, 0x0, 0x15, 0x4c, 0x4c, 0x24, 0x0,
    0x4, 0x80, 0xe2, 0xd9, 0x6e, 0x1, 0x0, 0x0,
    0x0, 0x0, 0x0, 0x0, 0x0, 0x0, 0x0, 0x0,
    0x0, 0x0, 0x0, 0x0, 0x0, 0x0, 0x0, 0x0,
    0x0, 0x0, 0x0, 0x0, 0x0, 0x0, 0x0, 0x0,
    0x0, 0x0, 0x0, 0x0, 0x0, 0x0, 0x0, 0x0,
    0x0, 0x0, 0x0, 0x0, 0x0, 0x0, 0x50, 0xff,
    0xff, 0xff, 0xbc, 0x0, 0x0, 0x0, 0x0, 0x0,
    0x0, 0x0, 0x0, 0xa8, 0xff, 0xff, 0xff, 0x64,
    0x50, 0xff, 0xff, 0xff, 0xbc, 0x0, 0x0, 0x0,
    0x0, 0x0, 0x0, 0x0, 0x0, 0xa8, 0xff, 0xff,
    0xff, 0x64, 0x50, 0xff, 0xff, 0xff, 0xbc, 0x0,
    0x0, 0x0, 0x0, 0x0, 0x0, 0x0, 0x0, 0xa8,
    0xff, 0xff, 0xff, 0x64, 0x50, 0xff, 0xff, 0xff,
    0xbc, 0x0, 0x0, 0x0, 0x0, 0x0, 0x0, 0x0,
    0x0, 0xa8, 0xff, 0xff, 0xff, 0x64, 0x50, 0xff,
    0xff, 0xff, 0xbc, 0x0, 0x0, 0x0, 0x0, 0x0,
    0x0, 0x0, 0x0, 0xa8, 0xff, 0xff, 0xff, 0x64,
    0x50, 0xff, 0xff, 0xff, 0xbc, 0x0, 0x0, 0x0,
    0x0, 0x0, 0x0, 0x0, 0x0, 0xa8, 0xff, 0xff,
    0xff, 0x64, 0x50, 0xff, 0xff, 0xff, 0xbc, 0x0,
    0x0, 0x0, 0x0, 0x0, 0x0, 0x0, 0x0, 0xa8,
    0xff, 0xff, 0xff, 0x64, 0x50, 0xff, 0xff, 0xff,
    0xbc, 0x0, 0x0, 0x0, 0x0, 0x0, 0x0, 0x0,
    0x0, 0xa8, 0xff, 0xff, 0xff, 0x64, 0x50, 0xff,
    0xff, 0xff, 0xbc, 0x0, 0x0, 0x0, 0x0, 0x0,
    0x0, 0x0, 0x0, 0xa8, 0xff, 0xff, 0xff, 0x64,
    0x50, 0xff, 0xff, 0xff, 0xbc, 0x0, 0x0, 0x0,
    0x0, 0x0, 0x0, 0x0, 0x0, 0xa8, 0xff, 0xff,
    0xff, 0x64, 0x50, 0xff, 0xff, 0xff, 0xbc, 0x0,
    0x0, 0x0, 0x0, 0x0, 0x0, 0x0, 0x0, 0xa8,
    0xff, 0xff, 0xff, 0x64, 0x50, 0xff, 0xff, 0xff,
    0xbc, 0x0, 0x0, 0x0, 0x0, 0x0, 0x0, 0x0,
    0x0, 0xa8, 0xff, 0xff, 0xff, 0x64, 0x4c, 0xff,
    0xff, 0xff, 0xbd, 0x0, 0x0, 0x0, 0x0, 0x0,
    0x0, 0x0, 0x0, 0xaa, 0xff, 0xff, 0xff, 0x5f,
    0x3a, 0xff, 0xff, 0xff, 0xd1, 0x0, 0x0, 0x0,
    0x0, 0x0, 0x0, 0x0, 0x0, 0xbf, 0xff, 0xff,
    0xff, 0x4c, 0x1a, 0xff, 0xff, 0xff, 0xfb, 0x13,
    0x0, 0x0, 0x0, 0x0, 0x0, 0x0, 0xb, 0xf4,
    0xff, 0xff, 0xff, 0x29, 0x0, 0xd9, 0xff, 0xff,
    0xff, 0x8c, 0x0, 0x0, 0x0, 0x0, 0x0, 0x0,
    0x7f, 0xff, 0xff, 0xff, 0xe5, 0x0, 0x0, 0x7b,
    0xff, 0xff, 0xff, 0xff, 0x8a, 0xf, 0x0, 0x0,
    0xc, 0x80, 0xfe, 0xff, 0xff, 0xff, 0x80, 0x0,
    0x0, 0xe, 0xe5, 0xff, 0xff, 0xff, 0xff, 0xf9,
    0xd3, 0xd2, 0xf8, 0xff, 0xff, 0xff, 0xff, 0xe4,
    0x11, 0x0, 0x0, 0x0, 0x3b, 0xf6, 0xff, 0xff,
    0xff, 0xff, 0xff, 0xff, 0xff, 0xff, 0xff, 0xff,
    0xf3, 0x39, 0x0, 0x0, 0x0, 0x0, 0x0, 0x33,
    0xda, 0xff, 0xff, 0xff, 0xff, 0xff, 0xff, 0xff,
    0xff, 0xd4, 0x2e, 0x0, 0x0, 0x0, 0x0, 0x0,
    0x0, 0x0, 0x4, 0x5c, 0xab, 0xe0, 0xf6, 0xf5,
    0xdf, 0xa8, 0x56, 0x2, 0x0, 0x0, 0x0, 0x0,

    /* U+0169 "ũ" */
    0x0, 0x0, 0x0, 0x43, 0xc1, 0xf2, 0xfd, 0xfa,
    0xf3, 0xf0, 0xfe, 0xff, 0xf3, 0x0, 0x0, 0x0,
    0x0, 0x38, 0xfa, 0xff, 0xff, 0xff, 0xff, 0xff,
    0xff, 0xff, 0xff, 0x8a, 0x0, 0x0, 0x0, 0x0,
    0x90, 0xf8, 0xf8, 0xef, 0xef, 0xf5, 0xfc, 0xfb,
    0xd9, 0x78, 0x3, 0x0, 0x0, 0x0, 0x0, 0x0,
    0x0, 0x0, 0x0, 0x0, 0x0, 0x0, 0x0, 0x0,
    0x0, 0x0, 0x0, 0x0, 0x0, 0x0, 0x0, 0x0,
    0x0, 0x0, 0x0, 0x0, 0x0, 0x0, 0x0, 0x0,
    0x0, 0x0, 0x0, 0x0, 0x0, 0x0, 0x0, 0x0,
    0x0, 0x0, 0x0, 0x0, 0x0, 0x0, 0x0, 0x0,
    0x0, 0x0, 0x70, 0xff, 0xff, 0xff, 0x7c, 0x0,
    0x0, 0x0, 0x0, 0x0, 0x64, 0xff, 0xff, 0xff,
    0x8c, 0x70, 0xff, 0xff, 0xff, 0x7c, 0x0, 0x0,
    0x0, 0x0, 0x0, 0x64, 0xff, 0xff, 0xff, 0x8c,
    0x70, 0xff, 0xff, 0xff, 0x7c, 0x0, 0x0, 0x0,
    0x0, 0x0, 0x64, 0xff, 0xff, 0xff, 0x8c, 0x70,
    0xff, 0xff, 0xff, 0x7c, 0x0, 0x0, 0x0, 0x0,
    0x0, 0x64, 0xff, 0xff, 0xff, 0x8c, 0x70, 0xff,
    0xff, 0xff, 0x7c, 0x0, 0x0, 0x0, 0x0, 0x0,
    0x64, 0xff, 0xff, 0xff, 0x8c, 0x70, 0xff, 0xff,
    0xff, 0x7c, 0x0, 0x0, 0x0, 0x0, 0x0, 0x64,
    0xff, 0xff, 0xff, 0x8c, 0x70, 0xff, 0xff, 0xff,
    0x7c, 0x0, 0x0, 0x0, 0x0, 0x0, 0x64, 0xff,
    0xff, 0xff, 0x8c, 0x70, 0xff, 0xff, 0xff, 0x7c,
    0x0, 0x0, 0x0, 0x0, 0x0, 0x72, 0xff, 0xff,
    0xff, 0x8c, 0x6f, 0xff, 0xff, 0xff, 0x82, 0x0,
    0x0, 0x0, 0x0, 0x0, 0x97, 0xff, 0xff, 0xff,
    0x8c, 0x66, 0xff, 0xff, 0xff, 0xa6, 0x0, 0x0,
    0x0, 0x0, 0xb, 0xeb, 0xff, 0xff, 0xff, 0x8c,
    0x47, 0xff, 0xff, 0xff, 0xf8, 0x2d, 0x0, 0x0,
    0x6, 0xa7, 0xff, 0xff, 0xff, 0xff, 0x8c, 0xe,
    0xf7, 0xff, 0xff, 0xff, 0xf8, 0xb2, 0x9d, 0xdb,
    0xff, 0xff, 0xff, 0xff, 0xff, 0x8c, 0x0, 0x97,
    0xff, 0xff, 0xff, 0xff, 0xff, 0xff, 0xff, 0xff,
    0xf0, 0xff, 0xff, 0xff, 0x8c, 0x0, 0xf, 0xce,
    0xff, 0xff, 0xff, 0xff, 0xff, 0xff, 0xdd, 0x44,
    0xff, 0xff, 0xff, 0x8c, 0x0, 0x0, 0xb, 0x7b,
    0xd0, 0xf4, 0xf4, 0xd3, 0x7f, 0xc, 0x28, 0xff,
    0xff, 0xff, 0x8c,

    /* U+016A "Ū" */
    0x0, 0x0, 0x0, 0x0, 0x66, 0xf4, 0xf4, 0xf4,
    0xf4, 0xf4, 0xf4, 0xf4, 0xf4, 0x6e, 0x0, 0x0,
    0x0, 0x0, 0x0, 0x0, 0x0, 0x0, 0x6c, 0xff,
    0xff, 0xff, 0xff, 0xff, 0xff, 0xff, 0xff, 0x74,
    0x0, 0x0, 0x0, 0x0, 0x0, 0x0, 0x0, 0x0,
    0x6c, 0xff, 0xff, 0xff, 0xff, 0xff, 0xff, 0xff,
    0xff, 0x74, 0x0, 0x0, 0x0, 0x0, 0x0, 0x0,
    0x0, 0x0, 0x0, 0x0, 0x0, 0x0, 0x0, 0x0,
    0x0, 0x0, 0x0, 0x0, 0x0, 0x0, 0x0, 0x0,
    0x0, 0x0, 0x0, 0x0, 0x0, 0x0, 0x0, 0x0,
    0x0, 0x0, 0x0, 0x0, 0x0, 0x0, 0x0, 0x0,
    0x0, 0x0, 0x0, 0x0, 0x0, 0x0, 0x0, 0x0,
    0x0, 0x0, 0x0, 0x0, 0x0, 0x0, 0x0, 0x0,
    0x0, 0x0, 0x0, 0x0, 0x50, 0xff, 0xff, 0xff,
    0xbc, 0x0, 0x0, 0x0, 0x0, 0x0, 0x0, 0x0,
    0x0, 0xa8, 0xff, 0xff, 0xff, 0x64, 0x50, 0xff,
    0xff, 0xff, 0xbc, 0x0, 0x0, 0x0, 0x0, 0x0,
    0x0, 0x0, 0x0, 0xa8, 0xff, 0xff, 0xff, 0x64,
    0x50, 0xff, 0xff, 0xff, 0xbc, 0x0, 0x0, 0x0,
    0x0, 0x0, 0x0, 0x0, 0x0, 0xa8, 0xff, 0xff,
    0xff, 0x64, 0x50, 0xff, 0xff, 0xff, 0xbc, 0x0,
    0x0, 0x0, 0x0, 0x0, 0x0, 0x0, 0x0, 0xa8,
    0xff, 0xff, 0xff, 0x64, 0x50, 0xff, 0xff, 0xff,
    0xbc, 0x0, 0x0, 0x0, 0x0, 0x0, 0x0, 0x0,
    0x0, 0xa8, 0xff, 0xff, 0xff, 0x64, 0x50, 0xff,
    0xff, 0xff, 0xbc, 0x0, 0x0, 0x0, 0x0, 0x0,
    0x0, 0x0, 0x0, 0xa8, 0xff, 0xff, 0xff, 0x64,
    0x50, 0xff, 0xff, 0xff, 0xbc, 0x0, 0x0, 0x0,
    0x0, 0x0, 0x0, 0x0, 0x0, 0xa8, 0xff, 0xff,
    0xff, 0x64, 0x50, 0xff, 0xff, 0xff, 0xbc, 0x0,
    0x0, 0x0, 0x0, 0x0, 0x0, 0x0, 0x0, 0xa8,
    0xff, 0xff, 0xff, 0x64, 0x50, 0xff, 0xff, 0xff,
    0xbc, 0x0, 0x0, 0x0, 0x0, 0x0, 0x0, 0x0,
    0x0, 0xa8, 0xff, 0xff, 0xff, 0x64, 0x50, 0xff,
    0xff, 0xff, 0xbc, 0x0, 0x0, 0x0, 0x0, 0x0,
    0x0, 0x0, 0x0, 0xa8, 0xff, 0xff, 0xff, 0x64,
    0x50, 0xff, 0xff, 0xff, 0xbc, 0x0, 0x0, 0x0,
    0x0, 0x0, 0x0, 0x0, 0x0, 0xa8, 0xff, 0xff,
    0xff, 0x64, 0x50, 0xff, 0xff, 0xff, 0xbc, 0x0,
    0x0, 0x0, 0x0, 0x0, 0x0, 0x0, 0x0, 0xa8,
    0xff, 0xff, 0xff, 0x64, 0x4c, 0xff, 0xff, 0xff,
    0xbd, 0x0, 0x0, 0x0, 0x0, 0x0, 0x0, 0x0,
    0x0, 0xaa, 0xff, 0xff, 0xff, 0x5f, 0x3a, 0xff,
    0xff, 0xff, 0xd1, 0x0, 0x0, 0x0, 0x0, 0x0,
    0x0, 0x0, 0x0, 0xbf, 0xff, 0xff, 0xff, 0x4c,
    0x1a, 0xff, 0xff, 0xff, 0xfb, 0x13, 0x0, 0x0,
    0x0, 0x0, 0x0, 0x0, 0xb, 0xf4, 0xff, 0xff,
    0xff, 0x29, 0x0, 0xd9, 0xff, 0xff, 0xff, 0x8c,
    0x0, 0x0, 0x0, 0x0, 0x0, 0x0, 0x7f, 0xff,
    0xff, 0xff, 0xe5, 0x0, 0x0, 0x7b, 0xff, 0xff,
    0xff, 0xff, 0x8a, 0xf, 0x0, 0x0, 0xc, 0x80,
    0xfe, 0xff, 0xff, 0xff, 0x80, 0x0, 0x0, 0xe,
    0xe5, 0xff, 0xff, 0xff, 0xff, 0xf9, 0xd3, 0xd2,
    0xf8, 0xff, 0xff, 0xff, 0xff, 0xe4, 0x11, 0x0,
    0x0, 0x0, 0x3b, 0xf6, 0xff, 0xff, 0xff, 0xff,
    0xff, 0xff, 0xff, 0xff, 0xff, 0xff, 0xf3, 0x39,
    0x0, 0x0, 0x0, 0x0, 0x0, 0x33, 0xda, 0xff,
    0xff, 0xff, 0xff, 0xff, 0xff, 0xff, 0xff, 0xd4,
    0x2e, 0x0, 0x0, 0x0, 0x0, 0x0, 0x0, 0x0,
    0x4, 0x5c, 0xab, 0xe0, 0xf6, 0xf5, 0xdf, 0xa8,
    0x56, 0x2, 0x0, 0x0, 0x0, 0x0,

    /* U+016B "ū" */
    0x0, 0x0, 0x0, 0xd4, 0xff, 0xff, 0xff, 0xff,
    0xff, 0xff, 0xff, 0xff, 0xc, 0x0, 0x0, 0x0,
    0x0, 0x0, 0xd4, 0xff, 0xff, 0xff, 0xff, 0xff,
    0xff, 0xff, 0xff, 0xc, 0x0, 0x0, 0x0, 0x0,
    0x0, 0xca, 0xf4, 0xf4, 0xf4, 0xf4, 0xf4, 0xf4,
    0xf4, 0xf4, 0xb, 0x0, 0x0, 0x0, 0x0, 0x0,
    0x0, 0x0, 0x0, 0x0, 0x0, 0x0, 0x0, 0x0,
    0x0, 0x0, 0x0, 0x0, 0x0, 0x0, 0x0, 0x0,
    0x0, 0x0, 0x0, 0x0, 0x0, 0x0, 0x0, 0x0,
    0x0, 0x0, 0x0, 0x0, 0x0, 0x0, 0x0, 0x0,
    0x0, 0x0, 0x0, 0x0, 0x0, 0x0, 0x0, 0x0,
    0x0, 0x0, 0x70, 0xff, 0xff, 0xff, 0x7c, 0x0,
    0x0, 0x0, 0x0, 0x0, 0x64, 0xff, 0xff, 0xff,
    0x8c, 0x70, 0xff, 0xff, 0xff, 0x7c, 0x0, 0x0,
    0x0, 0x0, 0x0, 0x64, 0xff, 0xff, 0xff, 0x8c,
    0x70, 0xff, 0xff, 0xff, 0x7c, 0x0, 0x0, 0x0,
    0x0, 0x0, 0x64, 0xff, 0xff, 0xff, 0x8c, 0x70,
    0xff, 0xff, 0xff, 0x7c, 0x0, 0x0, 0x0, 0x0,
    0x0, 0x64, 0xff, 0xff, 0xff, 0x8c, 0x70, 0xff,
    0xff, 0xff, 0x7c, 0x0, 0x0, 0x0, 0x0, 0x0,
    0x64, 0xff, 0xff, 0xff, 0x8c, 0x70, 0xff, 0xff,
    0xff, 0x7c, 0x0, 0x0, 0x0, 0x0, 0x0, 0x64,
    0xff, 0xff, 0xff, 0x8c, 0x70, 0xff, 0xff, 0xff,
    0x7c, 0x0, 0x0, 0x0, 0x0, 0x0, 0x64, 0xff,
    0xff, 0xff, 0x8c, 0x70, 0xff, 0xff, 0xff, 0x7c,
    0x0, 0x0, 0x0, 0x0, 0x0, 0x72, 0xff, 0xff,
    0xff, 0x8c, 0x6f, 0xff, 0xff, 0xff, 0x82, 0x0,
    0x0, 0x0, 0x0, 0x0, 0x97, 0xff, 0xff, 0xff,
    0x8c, 0x66, 0xff, 0xff, 0xff, 0xa6, 0x0, 0x0,
    0x0, 0x0, 0xb, 0xeb, 0xff, 0xff, 0xff, 0x8c,
    0x47, 0xff, 0xff, 0xff, 0xf8, 0x2d, 0x0, 0x0,
    0x6, 0xa7, 0xff, 0xff, 0xff, 0xff, 0x8c, 0xe,
    0xf7, 0xff, 0xff, 0xff, 0xf8, 0xb2, 0x9d, 0xdb,
    0xff, 0xff, 0xff, 0xff, 0xff, 0x8c, 0x0, 0x97,
    0xff, 0xff, 0xff, 0xff, 0xff, 0xff, 0xff, 0xff,
    0xf0, 0xff, 0xff, 0xff, 0x8c, 0x0, 0xf, 0xce,
    0xff, 0xff, 0xff, 0xff, 0xff, 0xff, 0xdd, 0x44,
    0xff, 0xff, 0xff, 0x8c, 0x0, 0x0, 0xb, 0x7b,
    0xd0, 0xf4, 0xf4, 0xd3, 0x7f, 0xc, 0x28, 0xff,
    0xff, 0xff, 0x8c,

    /* U+016C "Ŭ" */
    0x0, 0x0, 0x0, 0x0, 0x5, 0xfd, 0xff, 0xdc,
    0x3, 0x1, 0xcc, 0xff, 0xff, 0xb, 0x0, 0x0,
    0x0, 0x0, 0x0, 0x0, 0x0, 0x0, 0x0, 0xbc,
    0xff, 0xff, 0xd3, 0xcc, 0xff, 0xff, 0xc6, 0x0,
    0x0, 0x0, 0x0, 0x0, 0x0, 0x0, 0x0, 0x0,
    0x0, 0x25, 0xf3, 0xff, 0xff, 0xff, 0xff, 0xf7,
    0x2d, 0x0, 0x0, 0x0, 0x0, 0x0, 0x0, 0x0,
    0x0, 0x0, 0x0, 0x0, 0x21, 0xab, 0xf1, 0xf4,
    0xb4, 0x28, 0x0, 0x0, 0x0, 0x0, 0x0, 0x0,
    0x0, 0x0, 0x0, 0x0, 0x0, 0x0, 0x0, 0x0,
    0x0, 0x0, 0x0, 0x0, 0x0, 0x0, 0x0, 0x0,
    0x0, 0x0, 0x0, 0x0, 0x0, 0x0, 0x0, 0x0,
    0x0, 0x0, 0x0, 0x0, 0x0, 0x0, 0x0, 0x0,
    0x0, 0x0, 0x0, 0x0, 0x50, 0xff, 0xff, 0xff,
    0xbc, 0x0, 0x0, 0x0, 0x0, 0x0, 0x0, 0x0,
    0x0, 0xa8, 0xff, 0xff, 0xff, 0x64, 0x50, 0xff,
    0xff, 0xff, 0xbc, 0x0, 0x0, 0x0, 0x0, 0x0,
    0x0, 0x0, 0x0, 0xa8, 0xff, 0xff, 0xff, 0x64,
    0x50, 0xff, 0xff, 0xff, 0xbc, 0x0, 0x0, 0x0,
    0x0, 0x0, 0x0, 0x0, 0x0, 0xa8, 0xff, 0xff,
    0xff, 0x64, 0x50, 0xff, 0xff, 0xff, 0xbc, 0x0,
    0x0, 0x0, 0x0, 0x0, 0x0, 0x0, 0x0, 0xa8,
    0xff, 0xff, 0xff, 0x64, 0x50, 0xff, 0xff, 0xff,
    0xbc, 0x0, 0x0, 0x0, 0x0, 0x0, 0x0, 0x0,
    0x0, 0xa8, 0xff, 0xff, 0xff, 0x64, 0x50, 0xff,
    0xff, 0xff, 0xbc, 0x0, 0x0, 0x0, 0x0, 0x0,
    0x0, 0x0, 0x0, 0xa8, 0xff, 0xff, 0xff, 0x64,
    0x50, 0xff, 0xff, 0xff, 0xbc, 0x0, 0x0, 0x0,
    0x0, 0x0, 0x0, 0x0, 0x0, 0xa8, 0xff, 0xff,
    0xff, 0x64, 0x50, 0xff, 0xff, 0xff, 0xbc, 0x0,
    0x0, 0x0, 0x0, 0x0, 0x0, 0x0, 0x0, 0xa8,
    0xff, 0xff, 0xff, 0x64, 0x50, 0xff, 0xff, 0xff,
    0xbc, 0x0, 0x0, 0x0, 0x0, 0x0, 0x0, 0x0,
    0x0, 0xa8, 0xff, 0xff, 0xff, 0x64, 0x50, 0xff,
    0xff, 0xff, 0xbc, 0x0, 0x0, 0x0, 0x0, 0x0,
    0x0, 0x0, 0x0, 0xa8, 0xff, 0xff, 0xff, 0x64,
    0x50, 0xff, 0xff, 0xff, 0xbc, 0x0, 0x0, 0x0,
    0x0, 0x0, 0x0, 0x0, 0x0, 0xa8, 0xff, 0xff,
    0xff, 0x64, 0x50, 0xff, 0xff, 0xff, 0xbc, 0x0,
    0x0, 0x0, 0x0, 0x0, 0x0, 0x0, 0x0, 0xa8,
    0xff, 0xff, 0xff, 0x64, 0x4c, 0xff, 0xff, 0xff,
    0xbd, 0x0, 0x0, 0x0, 0x0, 0x0, 0x0, 0x0,
    0x0, 0xaa, 0xff, 0xff, 0xff, 0x5f, 0x3a, 0xff,
    0xff, 0xff, 0xd1, 0x0, 0x0, 0x0, 0x0, 0x0,
    0x0, 0x0, 0x0, 0xbf, 0xff, 0xff, 0xff, 0x4c,
    0x1a, 0xff, 0xff, 0xff, 0xfb, 0x13, 0x0, 0x0,
    0x0, 0x0, 0x0, 0x0, 0xb, 0xf4, 0xff, 0xff,
    0xff, 0x29, 0x0, 0xd9, 0xff, 0xff, 0xff, 0x8c,
    0x0, 0x0, 0x0, 0x0, 0x0, 0x0, 0x7f, 0xff,
    0xff, 0xff, 0xe5, 0x0, 0x0, 0x7b, 0xff, 0xff,
    0xff, 0xff, 0x8a, 0xf, 0x0, 0x0, 0xc, 0x80,
    0xfe, 0xff, 0xff, 0xff, 0x80, 0x0, 0x0, 0xe,
    0xe5, 0xff, 0xff, 0xff, 0xff, 0xf9, 0xd3, 0xd2,
    0xf8, 0xff, 0xff, 0xff, 0xff, 0xe4, 0x11, 0x0,
    0x0, 0x0, 0x3b, 0xf6, 0xff, 0xff, 0xff, 0xff,
    0xff, 0xff, 0xff, 0xff, 0xff, 0xff, 0xf3, 0x39,
    0x0, 0x0, 0x0, 0x0, 0x0, 0x33, 0xda, 0xff,
    0xff, 0xff, 0xff, 0xff, 0xff, 0xff, 0xff, 0xd4,
    0x2e, 0x0, 0x0, 0x0, 0x0, 0x0, 0x0, 0x0,
    0x4, 0x5c, 0xab, 0xe0, 0xf6, 0xf5, 0xdf, 0xa8,
    0x56, 0x2, 0x0, 0x0, 0x0, 0x0,

    /* U+016D "ŭ" */
    0x0, 0x0, 0x0, 0x60, 0xff, 0xff, 0x99, 0xa,
    0x52, 0xff, 0xff, 0xa8, 0x0, 0x0, 0x0, 0x0,
    0x0, 0x0, 0x17, 0xef, 0xff, 0xff, 0xff, 0xff,
    0xff, 0xff, 0x52, 0x0, 0x0, 0x0, 0x0, 0x0,
    0x0, 0x0, 0x4c, 0xf2, 0xff, 0xff, 0xff, 0xff,
    0x8c, 0x0, 0x0, 0x0, 0x0, 0x0, 0x0, 0x0,
    0x0, 0x0, 0x18, 0x7d, 0xa2, 0x8f, 0x38, 0x0,
    0x0, 0x0, 0x0, 0x0, 0x0, 0x0, 0x0, 0x0,
    0x0, 0x0, 0x0, 0x0, 0x0, 0x0, 0x0, 0x0,
    0x0, 0x0, 0x0, 0x0, 0x0, 0x0, 0x0, 0x0,
    0x0, 0x0, 0x0, 0x0, 0x0, 0x0, 0x0, 0x0,
    0x0, 0x0, 0x70, 0xff, 0xff, 0xff, 0x7c, 0x0,
    0x0, 0x0, 0x0, 0x0, 0x64, 0xff, 0xff, 0xff,
    0x8c, 0x70, 0xff, 0xff, 0xff, 0x7c, 0x0, 0x0,
    0x0, 0x0, 0x0, 0x64, 0xff, 0xff, 0xff, 0x8c,
    0x70, 0xff, 0xff, 0xff, 0x7c, 0x0, 0x0, 0x0,
    0x0, 0x0, 0x64, 0xff, 0xff, 0xff, 0x8c, 0x70,
    0xff, 0xff, 0xff, 0x7c, 0x0, 0x0, 0x0, 0x0,
    0x0, 0x64, 0xff, 0xff, 0xff, 0x8c, 0x70, 0xff,
    0xff, 0xff, 0x7c, 0x0, 0x0, 0x0, 0x0, 0x0,
    0x64, 0xff, 0xff, 0xff, 0x8c, 0x70, 0xff, 0xff,
    0xff, 0x7c, 0x0, 0x0, 0x0, 0x0, 0x0, 0x64,
    0xff, 0xff, 0xff, 0x8c, 0x70, 0xff, 0xff, 0xff,
    0x7c, 0x0, 0x0, 0x0, 0x0, 0x0, 0x64, 0xff,
    0xff, 0xff, 0x8c, 0x70, 0xff, 0xff, 0xff, 0x7c,
    0x0, 0x0, 0x0, 0x0, 0x0, 0x72, 0xff, 0xff,
    0xff, 0x8c, 0x6f, 0xff, 0xff, 0xff, 0x82, 0x0,
    0x0, 0x0, 0x0, 0x0, 0x97, 0xff, 0xff, 0xff,
    0x8c, 0x66, 0xff, 0xff, 0xff, 0xa6, 0x0, 0x0,
    0x0, 0x0, 0xb, 0xeb, 0xff, 0xff, 0xff, 0x8c,
    0x47, 0xff, 0xff, 0xff, 0xf8, 0x2d, 0x0, 0x0,
    0x6, 0xa7, 0xff, 0xff, 0xff, 0xff, 0x8c, 0xe,
    0xf7, 0xff, 0xff, 0xff, 0xf8, 0xb2, 0x9d, 0xdb,
    0xff, 0xff, 0xff, 0xff, 0xff, 0x8c, 0x0, 0x97,
    0xff, 0xff, 0xff, 0xff, 0xff, 0xff, 0xff, 0xff,
    0xf0, 0xff, 0xff, 0xff, 0x8c, 0x0, 0xf, 0xce,
    0xff, 0xff, 0xff, 0xff, 0xff, 0xff, 0xdd, 0x44,
    0xff, 0xff, 0xff, 0x8c, 0x0, 0x0, 0xb, 0x7b,
    0xd0, 0xf4, 0xf4, 0xd3, 0x7f, 0xc, 0x28, 0xff,
    0xff, 0xff, 0x8c,

    /* U+016E "Ů" */
    0x0, 0x0, 0x0, 0x0, 0x0, 0x0, 0xe, 0x94,
    0xe6, 0xe7, 0x97, 0x10, 0x0, 0x0, 0x0, 0x0,
    0x0, 0x0, 0x0, 0x0, 0x0, 0x0, 0x0, 0x0,
    0xb1, 0xff, 0xff, 0xff, 0xff, 0xb8, 0x0, 0x0,
    0x0, 0x0, 0x0, 0x0, 0x0, 0x0, 0x0, 0x0,
    0x0, 0x18, 0xff, 0xff, 0x5c, 0x56, 0xfe, 0xff,
    0x2c, 0x0, 0x0, 0x0, 0x0, 0x0, 0x0, 0x0,
    0x0, 0x0, 0x0, 0x22, 0xff, 0xfe, 0x32, 0x2d,
    0xfc, 0xff, 0x36, 0x0, 0x0, 0x0, 0x0, 0x0,
    0x0, 0x0, 0x0, 0x0, 0x0, 0x0, 0xcd, 0xff,
    0xff, 0xff, 0xff, 0xd3, 0x3, 0x0, 0x0, 0x0,
    0x0, 0x0, 0x0, 0x0, 0x0, 0x0, 0x0, 0x0,
    0x20, 0xc1, 0xff, 0xff, 0xc4, 0x23, 0x0, 0x0,
    0x0, 0x0, 0x0, 0x0, 0x0, 0x0, 0x0, 0x0,
    0x0, 0x0, 0x0, 0x0, 0x13, 0x13, 0x0, 0x0,
    0x0, 0x0, 0x0, 0x0, 0x0, 0x0, 0x0, 0x0,
    0x0, 0x0, 0x0, 0x0, 0x0, 0x0, 0x0, 0x0,
    0x0, 0x0, 0x0, 0x0, 0x0, 0x0, 0x0, 0x0,
    0x50, 0xff, 0xff, 0xff, 0xbc, 0x0, 0x0, 0x0,
    0x0, 0x0, 0x0, 0x0, 0x0, 0xa8, 0xff, 0xff,
    0xff, 0x64, 0x50, 0xff, 0xff, 0xff, 0xbc, 0x0,
    0x0, 0x0, 0x0, 0x0, 0x0, 0x0, 0x0, 0xa8,
    0xff, 0xff, 0xff, 0x64, 0x50, 0xff, 0xff, 0xff,
    0xbc, 0x0, 0x0, 0x0, 0x0, 0x0, 0x0, 0x0,
    0x0, 0xa8, 0xff, 0xff, 0xff, 0x64, 0x50, 0xff,
    0xff, 0xff, 0xbc, 0x0, 0x0, 0x0, 0x0, 0x0,
    0x0, 0x0, 0x0, 0xa8, 0xff, 0xff, 0xff, 0x64,
    0x50, 0xff, 0xff, 0xff, 0xbc, 0x0, 0x0, 0x0,
    0x0, 0x0, 0x0, 0x0, 0x0, 0xa8, 0xff, 0xff,
    0xff, 0x64, 0x50, 0xff, 0xff, 0xff, 0xbc, 0x0,
    0x0, 0x0, 0x0, 0x0, 0x0, 0x0, 0x0, 0xa8,
    0xff, 0xff, 0xff, 0x64, 0x50, 0xff, 0xff, 0xff,
    0xbc, 0x0, 0x0, 0x0, 0x0, 0x0, 0x0, 0x0,
    0x0, 0xa8, 0xff, 0xff, 0xff, 0x64, 0x50, 0xff,
    0xff, 0xff, 0xbc, 0x0, 0x0, 0x0, 0x0, 0x0,
    0x0, 0x0, 0x0, 0xa8, 0xff, 0xff, 0xff, 0x64,
    0x50, 0xff, 0xff, 0xff, 0xbc, 0x0, 0x0, 0x0,
    0x0, 0x0, 0x0, 0x0, 0x0, 0xa8, 0xff, 0xff,
    0xff, 0x64, 0x50, 0xff, 0xff, 0xff, 0xbc, 0x0,
    0x0, 0x0, 0x0, 0x0, 0x0, 0x0, 0x0, 0xa8,
    0xff, 0xff, 0xff, 0x64, 0x50, 0xff, 0xff, 0xff,
    0xbc, 0x0, 0x0, 0x0, 0x0, 0x0, 0x0, 0x0,
    0x0, 0xa8, 0xff, 0xff, 0xff, 0x64, 0x50, 0xff,
    0xff, 0xff, 0xbc, 0x0, 0x0, 0x0, 0x0, 0x0,
    0x0, 0x0, 0x0, 0xa8, 0xff, 0xff, 0xff, 0x64,
    0x4c, 0xff, 0xff, 0xff, 0xbd, 0x0, 0x0, 0x0,
    0x0, 0x0, 0x0, 0x0, 0x0, 0xaa, 0xff, 0xff,
    0xff, 0x5f, 0x3a, 0xff, 0xff, 0xff, 0xd1, 0x0,
    0x0, 0x0, 0x0, 0x0, 0x0, 0x0, 0x0, 0xbf,
    0xff, 0xff, 0xff, 0x4c, 0x1a, 0xff, 0xff, 0xff,
    0xfb, 0x13, 0x0, 0x0, 0x0, 0x0, 0x0, 0x0,
    0xb, 0xf4, 0xff, 0xff, 0xff, 0x29, 0x0, 0xd9,
    0xff, 0xff, 0xff, 0x8c, 0x0, 0x0, 0x0, 0x0,
    0x0, 0x0, 0x7f, 0xff, 0xff, 0xff, 0xe5, 0x0,
    0x0, 0x7b, 0xff, 0xff, 0xff, 0xff, 0x8a, 0xf,
    0x0, 0x0, 0xc, 0x80, 0xfe, 0xff, 0xff, 0xff,
    0x80, 0x0, 0x0, 0xe, 0xe5, 0xff, 0xff, 0xff,
    0xff, 0xf9, 0xd3, 0xd2, 0xf8, 0xff, 0xff, 0xff,
    0xff, 0xe4, 0x11, 0x0, 0x0, 0x0, 0x3b, 0xf6,
    0xff, 0xff, 0xff, 0xff, 0xff, 0xff, 0xff, 0xff,
    0xff, 0xff, 0xf3, 0x39, 0x0, 0x0, 0x0, 0x0,
    0x0, 0x33, 0xda, 0xff, 0xff, 0xff, 0xff, 0xff,
    0xff, 0xff, 0xff, 0xd4, 0x2e, 0x0, 0x0, 0x0,
    0x0, 0x0, 0x0, 0x0, 0x4, 0x5c, 0xab, 0xe0,
    0xf6, 0xf5, 0xdf, 0xa8, 0x56, 0x2, 0x0, 0x0,
    0x0, 0x0,

    /* U+016F "ů" */
    0x0, 0x0, 0x0, 0x0, 0x0, 0x29, 0xc1, 0xf8,
    0xd5, 0x45, 0x0, 0x0, 0x0, 0x0, 0x0, 0x0,
    0x0, 0x0, 0x0, 0x11, 0xea, 0xff, 0xff, 0xff,
    0xfd, 0x35, 0x0, 0x0, 0x0, 0x0, 0x0, 0x0,
    0x0, 0x0, 0x70, 0xff, 0xe3, 0x3d, 0xbf, 0xff,
    0xa7, 0x0, 0x0, 0x0, 0x0, 0x0, 0x0, 0x0,
    0x0, 0x94, 0xff, 0x99, 0x0, 0x62, 0xff, 0xcb,
    0x0, 0x0, 0x0, 0x0, 0x0, 0x0, 0x0, 0x0,
    0x71, 0xff, 0xe2, 0x3c, 0xbe, 0xff, 0xa9, 0x0,
    0x0, 0x0, 0x0, 0x0, 0x0, 0x0, 0x0, 0x13,
    0xea, 0xff, 0xff, 0xff, 0xfd, 0x38, 0x0, 0x0,
    0x0, 0x0, 0x0, 0x0, 0x0, 0x0, 0x0, 0x2a,
    0xc4, 0xf9, 0xd7, 0x47, 0x0, 0x0, 0x0, 0x0,
    0x0, 0x0, 0x0, 0x0, 0x0, 0x0, 0x0, 0x0,
    0x0, 0x0, 0x0, 0x0, 0x0, 0x0, 0x0, 0x0,
    0x0, 0x0, 0x0, 0x0, 0x0, 0x0, 0x0, 0x0,
    0x0, 0x0, 0x0, 0x0, 0x0, 0x0, 0x0, 0x70,
    0xff, 0xff, 0xff, 0x7c, 0x0, 0x0, 0x0, 0x0,
    0x0, 0x64, 0xff, 0xff, 0xff, 0x8c, 0x70, 0xff,
    0xff, 0xff, 0x7c, 0x0, 0x0, 0x0, 0x0, 0x0,
    0x64, 0xff, 0xff, 0xff, 0x8c, 0x70, 0xff, 0xff,
    0xff, 0x7c, 0x0, 0x0, 0x0, 0x0, 0x0, 0x64,
    0xff, 0xff, 0xff, 0x8c, 0x70, 0xff, 0xff, 0xff,
    0x7c, 0x0, 0x0, 0x0, 0x0, 0x0, 0x64, 0xff,
    0xff, 0xff, 0x8c, 0x70, 0xff, 0xff, 0xff, 0x7c,
    0x0, 0x0, 0x0, 0x0, 0x0, 0x64, 0xff, 0xff,
    0xff, 0x8c, 0x70, 0xff, 0xff, 0xff, 0x7c, 0x0,
    0x0, 0x0, 0x0, 0x0, 0x64, 0xff, 0xff, 0xff,
    0x8c, 0x70, 0xff, 0xff, 0xff, 0x7c, 0x0, 0x0,
    0x0, 0x0, 0x0, 0x64, 0xff, 0xff, 0xff, 0x8c,
    0x70, 0xff, 0xff, 0xff, 0x7c, 0x0, 0x0, 0x0,
    0x0, 0x0, 0x72, 0xff, 0xff, 0xff, 0x8c, 0x6f,
    0xff, 0xff, 0xff, 0x82, 0x0, 0x0, 0x0, 0x0,
    0x0, 0x97, 0xff, 0xff, 0xff, 0x8c, 0x66, 0xff,
    0xff, 0xff, 0xa6, 0x0, 0x0, 0x0, 0x0, 0xb,
    0xeb, 0xff, 0xff, 0xff, 0x8c, 0x47, 0xff, 0xff,
    0xff, 0xf8, 0x2d, 0x0, 0x0, 0x6, 0xa7, 0xff,
    0xff, 0xff, 0xff, 0x8c, 0xe, 0xf7, 0xff, 0xff,
    0xff, 0xf8, 0xb2, 0x9d, 0xdb, 0xff, 0xff, 0xff,
    0xff, 0xff, 0x8c, 0x0, 0x97, 0xff, 0xff, 0xff,
    0xff, 0xff, 0xff, 0xff, 0xff, 0xf0, 0xff, 0xff,
    0xff, 0x8c, 0x0, 0xf, 0xce, 0xff, 0xff, 0xff,
    0xff, 0xff, 0xff, 0xdd, 0x44, 0xff, 0xff, 0xff,
    0x8c, 0x0, 0x0, 0xb, 0x7b, 0xd0, 0xf4, 0xf4,
    0xd3, 0x7f, 0xc, 0x28, 0xff, 0xff, 0xff, 0x8c,

    /* U+0170 "Ű" */
    0x0, 0x0, 0x0, 0x0, 0x0, 0x4, 0x8, 0x8,
    0x8, 0x8, 0x0, 0x4, 0x8, 0x8, 0x8, 0x7,
    0x0, 0x0, 0x0, 0x0, 0x0, 0x0, 0x0, 0xaf,
    0xff, 0xff, 0xff, 0xb4, 0x0, 0xbf, 0xff, 0xff,
    0xff, 0xa8, 0x0, 0x0, 0x0, 0x0, 0x0, 0x0,
    0x9, 0xf5, 0xff, 0xff, 0xef, 0x1a, 0x13, 0xfc,
    0xff, 0xff, 0xe9, 0x13, 0x0, 0x0, 0x0, 0x0,
    0x0, 0x0, 0x50, 0xff, 0xff, 0xff, 0x5f, 0x0,
    0x60, 0xff, 0xff, 0xff, 0x51, 0x0, 0x0, 0x0,
    0x0, 0x0, 0x0, 0x0, 0xa0, 0xff, 0xff, 0xb5,
    0x0, 0x0, 0xb0, 0xff, 0xff, 0xa5, 0x0, 0x0,
    0x0, 0x0, 0x0, 0x0, 0x0, 0x0, 0x0, 0x0,
    0x0, 0x0, 0x0, 0x0, 0x0, 0x0, 0x0, 0x0,
    0x0, 0x0, 0x0, 0x0, 0x0, 0x0, 0x0, 0x0,
    0x0, 0x0, 0x0, 0x0, 0x0, 0x0, 0x0, 0x0,
    0x0, 0x0, 0x0, 0x0, 0x0, 0x0, 0x50, 0xff,
    0xff, 0xff, 0xbc, 0x0, 0x0, 0x0, 0x0, 0x0,
    0x0, 0x0, 0x0, 0xa8, 0xff, 0xff, 0xff, 0x64,
    0x50, 0xff, 0xff, 0xff, 0xbc, 0x0, 0x0, 0x0,
    0x0, 0x0, 0x0, 0x0, 0x0, 0xa8, 0xff, 0xff,
    0xff, 0x64, 0x50, 0xff, 0xff, 0xff, 0xbc, 0x0,
    0x0, 0x0, 0x0, 0x0, 0x0, 0x0, 0x0, 0xa8,
    0xff, 0xff, 0xff, 0x64, 0x50, 0xff, 0xff, 0xff,
    0xbc, 0x0, 0x0, 0x0, 0x0, 0x0, 0x0, 0x0,
    0x0, 0xa8, 0xff, 0xff, 0xff, 0x64, 0x50, 0xff,
    0xff, 0xff, 0xbc, 0x0, 0x0, 0x0, 0x0, 0x0,
    0x0, 0x0, 0x0, 0xa8, 0xff, 0xff, 0xff, 0x64,
    0x50, 0xff, 0xff, 0xff, 0xbc, 0x0, 0x0, 0x0,
    0x0, 0x0, 0x0, 0x0, 0x0, 0xa8, 0xff, 0xff,
    0xff, 0x64, 0x50, 0xff, 0xff, 0xff, 0xbc, 0x0,
    0x0, 0x0, 0x0, 0x0, 0x0, 0x0, 0x0, 0xa8,
    0xff, 0xff, 0xff, 0x64, 0x50, 0xff, 0xff, 0xff,
    0xbc, 0x0, 0x0, 0x0, 0x0, 0x0, 0x0, 0x0,
    0x0, 0xa8, 0xff, 0xff, 0xff, 0x64, 0x50, 0xff,
    0xff, 0xff, 0xbc, 0x0, 0x0, 0x0, 0x0, 0x0,
    0x0, 0x0, 0x0, 0xa8, 0xff, 0xff, 0xff, 0x64,
    0x50, 0xff, 0xff, 0xff, 0xbc, 0x0, 0x0, 0x0,
    0x0, 0x0, 0x0, 0x0, 0x0, 0xa8, 0xff, 0xff,
    0xff, 0x64, 0x50, 0xff, 0xff, 0xff, 0xbc, 0x0,
    0x0, 0x0, 0x0, 0x0, 0x0, 0x0, 0x0, 0xa8,
    0xff, 0xff, 0xff, 0x64, 0x50, 0xff, 0xff, 0xff,
    0xbc, 0x0, 0x0, 0x0, 0x0, 0x0, 0x0, 0x0,
    0x0, 0xa8, 0xff, 0xff, 0xff, 0x64, 0x4c, 0xff,
    0xff, 0xff, 0xbd, 0x0, 0x0, 0x0, 0x0, 0x0,
    0x0, 0x0, 0x0, 0xaa, 0xff, 0xff, 0xff, 0x5f,
    0x3a, 0xff, 0xff, 0xff, 0xd1, 0x0, 0x0, 0x0,
    0x0, 0x0, 0x0, 0x0, 0x0, 0xbf, 0xff, 0xff,
    0xff, 0x4c, 0x1a, 0xff, 0xff, 0xff, 0xfb, 0x13,
    0x0, 0x0, 0x0, 0x0, 0x0, 0x0, 0xb, 0xf4,
    0xff, 0xff, 0xff, 0x29, 0x0, 0xd9, 0xff, 0xff,
    0xff, 0x8c, 0x0, 0x0, 0x0, 0x0, 0x0, 0x0,
    0x7f, 0xff, 0xff, 0xff, 0xe5, 0x0, 0x0, 0x7b,
    0xff, 0xff, 0xff, 0xff, 0x8a, 0xf, 0x0, 0x0,
    0xc, 0x80, 0xfe, 0xff, 0xff, 0xff, 0x80, 0x0,
    0x0, 0xe, 0xe5, 0xff, 0xff, 0xff, 0xff, 0xf9,
    0xd3, 0xd2, 0xf8, 0xff, 0xff, 0xff, 0xff, 0xe4,
    0x11, 0x0, 0x0, 0x0, 0x3b, 0xf6, 0xff, 0xff,
    0xff, 0xff, 0xff, 0xff, 0xff, 0xff, 0xff, 0xff,
    0xf3, 0x39, 0x0, 0x0, 0x0, 0x0, 0x0, 0x33,
    0xda, 0xff, 0xff, 0xff, 0xff, 0xff, 0xff, 0xff,
    0xff, 0xd4, 0x2e, 0x0, 0x0, 0x0, 0x0, 0x0,
    0x0, 0x0, 0x4, 0x5c, 0xab, 0xe0, 0xf6, 0xf5,
    0xdf, 0xa8, 0x56, 0x2, 0x0, 0x0, 0x0, 0x0,

    /* U+0171 "ű" */
    0x0, 0x0, 0x0, 0x3, 0xec, 0xff, 0xff, 0xff,
    0x79, 0xe, 0xf9, 0xff, 0xff, 0xff, 0x61, 0x0,
    0x0, 0x0, 0x41, 0xff, 0xff, 0xff, 0xca, 0x3,
    0x57, 0xff, 0xff, 0xff, 0xb5, 0x0, 0x0, 0x0,
    0x0, 0x91, 0xff, 0xff, 0xf8, 0x2a, 0x0, 0xa7,
    0xff, 0xff, 0xef, 0x1b, 0x0, 0x0, 0x0, 0x0,
    0xe1, 0xff, 0xff, 0x77, 0x0, 0x5, 0xf0, 0xff,
    0xff, 0x5f, 0x0, 0x0, 0x0, 0x0, 0x0, 0x8,
    0x8, 0x8, 0x0, 0x0, 0x0, 0x8, 0x8, 0x8,
    0x0, 0x0, 0x0, 0x0, 0x0, 0x0, 0x0, 0x0,
    0x0, 0x0, 0x0, 0x0, 0x0, 0x0, 0x0, 0x0,
    0x0, 0x0, 0x70, 0xff, 0xff, 0xff, 0x7c, 0x0,
    0x0, 0x0, 0x0, 0x0, 0x64, 0xff, 0xff, 0xff,
    0x8c, 0x70, 0xff, 0xff, 0xff, 0x7c, 0x0, 0x0,
    0x0, 0x0, 0x0, 0x64, 0xff, 0xff, 0xff, 0x8c,
    0x70, 0xff, 0xff, 0xff, 0x7c, 0x0, 0x0, 0x0,
    0x0, 0x0, 0x64, 0xff, 0xff, 0xff, 0x8c, 0x70,
    0xff, 0xff, 0xff, 0x7c, 0x0, 0x0, 0x0, 0x0,
    0x0, 0x64, 0xff, 0xff, 0xff, 0x8c, 0x70, 0xff,
    0xff, 0xff, 0x7c, 0x0, 0x0, 0x0, 0x0, 0x0,
    0x64, 0xff, 0xff, 0xff, 0x8c, 0x70, 0xff, 0xff,
    0xff, 0x7c, 0x0, 0x0, 0x0, 0x0, 0x0, 0x64,
    0xff, 0xff, 0xff, 0x8c, 0x70, 0xff, 0xff, 0xff,
    0x7c, 0x0, 0x0, 0x0, 0x0, 0x0, 0x64, 0xff,
    0xff, 0xff, 0x8c, 0x70, 0xff, 0xff, 0xff, 0x7c,
    0x0, 0x0, 0x0, 0x0, 0x0, 0x72, 0xff, 0xff,
    0xff, 0x8c, 0x6f, 0xff, 0xff, 0xff, 0x82, 0x0,
    0x0, 0x0, 0x0, 0x0, 0x97, 0xff, 0xff, 0xff,
    0x8c, 0x66, 0xff, 0xff, 0xff, 0xa6, 0x0, 0x0,
    0x0, 0x0, 0xb, 0xeb, 0xff, 0xff, 0xff, 0x8c,
    0x47, 0xff, 0xff, 0xff, 0xf8, 0x2d, 0x0, 0x0,
    0x6, 0xa7, 0xff, 0xff, 0xff, 0xff, 0x8c, 0xe,
    0xf7, 0xff, 0xff, 0xff, 0xf8, 0xb2, 0x9d, 0xdb,
    0xff, 0xff, 0xff, 0xff, 0xff, 0x8c, 0x0, 0x97,
    0xff, 0xff, 0xff, 0xff, 0xff, 0xff, 0xff, 0xff,
    0xf0, 0xff, 0xff, 0xff, 0x8c, 0x0, 0xf, 0xce,
    0xff, 0xff, 0xff, 0xff, 0xff, 0xff, 0xdd, 0x44,
    0xff, 0xff, 0xff, 0x8c, 0x0, 0x0, 0xb, 0x7b,
    0xd0, 0xf4, 0xf4, 0xd3, 0x7f, 0xc, 0x28, 0xff,
    0xff, 0xff, 0x8c,

    /* U+0172 "Ų" */
    0x50, 0xff, 0xff, 0xff, 0xbc, 0x0, 0x0, 0x0,
    0x0, 0x0, 0x0, 0x0, 0x0, 0xa8, 0xff, 0xff,
    0xff, 0x64, 0x50, 0xff, 0xff, 0xff, 0xbc, 0x0,
    0x0, 0x0, 0x0, 0x0, 0x0, 0x0, 0x0, 0xa8,
    0xff, 0xff, 0xff, 0x64, 0x50, 0xff, 0xff, 0xff,
    0xbc, 0x0, 0x0, 0x0, 0x0, 0x0, 0x0, 0x0,
    0x0, 0xa8, 0xff, 0xff, 0xff, 0x64, 0x50, 0xff,
    0xff, 0xff, 0xbc, 0x0, 0x0, 0x0, 0x0, 0x0,
    0x0, 0x0, 0x0, 0xa8, 0xff, 0xff, 0xff, 0x64,
    0x50, 0xff, 0xff, 0xff, 0xbc, 0x0, 0x0, 0x0,
    0x0, 0x0, 0x0, 0x0, 0x0, 0xa8, 0xff, 0xff,
    0xff, 0x64, 0x50, 0xff, 0xff, 0xff, 0xbc, 0x0,
    0x0, 0x0, 0x0, 0x0, 0x0, 0x0, 0x0, 0xa8,
    0xff, 0xff, 0xff, 0x64, 0x50, 0xff, 0xff, 0xff,
    0xbc, 0x0, 0x0, 0x0, 0x0, 0x0, 0x0, 0x0,
    0x0, 0xa8, 0xff, 0xff, 0xff, 0x64, 0x50, 0xff,
    0xff, 0xff, 0xbc, 0x0, 0x0, 0x0, 0x0, 0x0,
    0x0, 0x0, 0x0, 0xa8, 0xff, 0xff, 0xff, 0x64,
    0x50, 0xff, 0xff, 0xff, 0xbc, 0x0, 0x0, 0x0,
    0x0, 0x0, 0x0, 0x0, 0x0, 0xa8, 0xff, 0xff,
    0xff, 0x64, 0x50, 0xff, 0xff, 0xff, 0xbc, 0x0,
    0x0, 0x0, 0x0, 0x0, 0x0, 0x0, 0x0, 0xa8,
    0xff, 0xff, 0xff, 0x64, 0x50, 0xff, 0xff, 0xff,
    0xbc, 0x0, 0x0, 0x0, 0x0, 0x0, 0x0, 0x0,
    0x0, 0xa8, 0xff, 0xff, 0xff, 0x64, 0x50, 0xff,
    0xff, 0xff, 0xbc, 0x0, 0x0, 0x0, 0x0, 0x0,
    0x0, 0x0, 0x0, 0xa8, 0xff, 0xff, 0xff, 0x64,
    0x4d, 0xff, 0xff, 0xff, 0xbd, 0x0, 0x0, 0x0,
    0x0, 0x0, 0x0, 0x0, 0x0, 0xa9, 0xff, 0xff,
    0xff, 0x5e, 0x3d, 0xff, 0xff, 0xff, 0xcf, 0x0,
    0x0, 0x0, 0x0, 0x0, 0x0, 0x0, 0x0, 0xbd,
    0xff, 0xff, 0xff, 0x44, 0x1f, 0xff, 0xff, 0xff,
    0xfa, 0xf, 0x0, 0x0, 0x0, 0x0, 0x0, 0x0,
    0x8, 0xf1, 0xff, 0xff, 0xff, 0x26, 0x0, 0xe3,
    0xff, 0xff, 0xff, 0x80, 0x0, 0x0, 0x0, 0x0,
    0x0, 0x0, 0x72, 0xff, 0xff, 0xff, 0xd9, 0x0,
    0x0, 0x87, 0xff, 0xff, 0xff, 0xfd, 0x76, 0x5,
    0x0, 0x0, 0x3, 0x6c, 0xfb, 0xff, 0xff, 0xff,
    0x78, 0x0, 0x0, 0x17, 0xee, 0xff, 0xff, 0xff,
    0xff, 0xef, 0xbf, 0xbe, 0xec, 0xff, 0xff, 0xff,
    0xff, 0xd4, 0x7, 0x0, 0x0, 0x0, 0x50, 0xfc,
    0xff, 0xff, 0xff, 0xff, 0xff, 0xff, 0xff, 0xff,
    0xff, 0xff, 0xe7, 0x2c, 0x0, 0x0, 0x0, 0x0,
    0x0, 0x4d, 0xeb, 0xff, 0xff, 0xff, 0xff, 0xff,
    0xff, 0xff, 0xff, 0xcd, 0x1d, 0x0, 0x0, 0x0,
    0x0, 0x0, 0x0, 0x0, 0x10, 0x77, 0xc6, 0xeb,
    0xfe, 0xff, 0xff, 0xfd, 0x82, 0x4, 0x0, 0x0,
    0x0, 0x0, 0x0, 0x0, 0x0, 0x0, 0x0, 0x0,
    0x0, 0xe, 0xd3, 0xff, 0xfd, 0x54, 0x0, 0x0,
    0x0, 0x0, 0x0, 0x0, 0x0, 0x0, 0x0, 0x0,
    0x0, 0x0, 0x0, 0x96, 0xff, 0xff, 0x99, 0x0,
    0x0, 0x0, 0x0, 0x0, 0x0, 0x0, 0x0, 0x0,
    0x0, 0x0, 0x0, 0x0, 0x0, 0xd6, 0xff, 0xff,
    0x9c, 0x0, 0x0, 0x0, 0x0, 0x0, 0x0, 0x0,
    0x0, 0x0, 0x0, 0x0, 0x0, 0x0, 0x0, 0xc4,
    0xff, 0xff, 0xff, 0xdd, 0x81, 0x0, 0x0, 0x0,
    0x0, 0x0, 0x0, 0x0, 0x0, 0x0, 0x0, 0x0,
    0x0, 0x52, 0xff, 0xff, 0xff, 0xff, 0xeb, 0x8,
    0x0, 0x0, 0x0, 0x0, 0x0, 0x0, 0x0, 0x0,
    0x0, 0x0, 0x0, 0x0, 0x44, 0xc1, 0xee, 0xf3,
    0xc9, 0x28, 0x0, 0x0, 0x0, 0x0,

    /* U+0173 "ų" */
    0x70, 0xff, 0xff, 0xff, 0x7c, 0x0, 0x0, 0x0,
    0x0, 0x0, 0x64, 0xff, 0xff, 0xff, 0x8c, 0x0,
    0x70, 0xff, 0xff, 0xff, 0x7c, 0x0, 0x0, 0x0,
    0x0, 0x0, 0x64, 0xff, 0xff, 0xff, 0x8c, 0x0,
    0x70, 0xff, 0xff, 0xff, 0x7c, 0x0, 0x0, 0x0,
    0x0, 0x0, 0x64, 0xff, 0xff, 0xff, 0x8c, 0x0,
    0x70, 0xff, 0xff, 0xff, 0x7c, 0x0, 0x0, 0x0,
    0x0, 0x0, 0x64, 0xff, 0xff, 0xff, 0x8c, 0x0,
    0x70, 0xff, 0xff, 0xff, 0x7c, 0x0, 0x0, 0x0,
    0x0, 0x0, 0x64, 0xff, 0xff, 0xff, 0x8c, 0x0,
    0x70, 0xff, 0xff, 0xff, 0x7c, 0x0, 0x0, 0x0,
    0x0, 0x0, 0x64, 0xff, 0xff, 0xff, 0x8c, 0x0,
    0x70, 0xff, 0xff, 0xff, 0x7c, 0x0, 0x0, 0x0,
    0x0, 0x0, 0x64, 0xff, 0xff, 0xff, 0x8c, 0x0,
    0x70, 0xff, 0xff, 0xff, 0x7c, 0x0, 0x0, 0x0,
    0x0, 0x0, 0x72, 0xff, 0xff, 0xff, 0x8c, 0x0,
    0x6f, 0xff, 0xff, 0xff, 0x82, 0x0, 0x0, 0x0,
    0x0, 0x0, 0x97, 0xff, 0xff, 0xff, 0x8c, 0x0,
    0x66, 0xff, 0xff, 0xff, 0xa6, 0x0, 0x0, 0x0,
    0x0, 0xb, 0xeb, 0xff, 0xff, 0xff, 0x8c, 0x0,
    0x47, 0xff, 0xff, 0xff, 0xf8, 0x2d, 0x0, 0x0,
    0x6, 0xa7, 0xff, 0xff, 0xff, 0xff, 0x8c, 0x0,
    0xe, 0xf7, 0xff, 0xff, 0xff, 0xf8, 0xb2, 0x9d,
    0xdb, 0xff, 0xff, 0xff, 0xff, 0xff, 0x8c, 0x0,
    0x0, 0x97, 0xff, 0xff, 0xff, 0xff, 0xff, 0xff,
    0xff, 0xff, 0xdc, 0xff, 0xff, 0xff, 0x8c, 0x0,
    0x0, 0xf, 0xce, 0xff, 0xff, 0xff, 0xff, 0xff,
    0xff, 0xcc, 0x37, 0xff, 0xff, 0xff, 0x8c, 0x0,
    0x0, 0x0, 0xb, 0x7b, 0xd0, 0xf4, 0xf3, 0xcf,
    0x75, 0x6, 0x2d, 0xff, 0xff, 0xfe, 0x65, 0x0,
    0x0, 0x0, 0x0, 0x0, 0x0, 0x0, 0x0, 0x0,
    0x0, 0x17, 0xdb, 0xff, 0xfc, 0x53, 0x0, 0x0,
    0x0, 0x0, 0x0, 0x0, 0x0, 0x0, 0x0, 0x0,
    0x0, 0x98, 0xff, 0xff, 0x9b, 0x0, 0x0, 0x0,
    0x0, 0x0, 0x0, 0x0, 0x0, 0x0, 0x0, 0x0,
    0x0, 0xd1, 0xff, 0xff, 0x9f, 0x0, 0x0, 0x0,
    0x0, 0x0, 0x0, 0x0, 0x0, 0x0, 0x0, 0x0,
    0x0, 0xbe, 0xff, 0xff, 0xff, 0xde, 0x89, 0x0,
    0x0, 0x0, 0x0, 0x0, 0x0, 0x0, 0x0, 0x0,
    0x0, 0x4d, 0xfe, 0xff, 0xff, 0xff, 0xef, 0x9,
    0x0, 0x0, 0x0, 0x0, 0x0, 0x0, 0x0, 0x0,
    0x0, 0x0, 0x42, 0xbf, 0xed, 0xf4, 0xcb, 0x29,

    /* U+0174 "Ŵ" */
    0x0, 0x0, 0x0, 0x0, 0x0, 0x0, 0x0, 0x0,
    0x0, 0x0, 0x0, 0x3, 0xb4, 0xff, 0xff, 0xff,
    0x8d, 0x0, 0x0, 0x0, 0x0, 0x0, 0x0, 0x0,
    0x0, 0x0, 0x0, 0x0, 0x0, 0x0, 0x0, 0x0,
    0x0, 0x0, 0x0, 0x0, 0x0, 0x0, 0x0, 0x0,
    0x99, 0xff, 0xff, 0xff, 0xff, 0xff, 0x61, 0x0,
    0x0, 0x0, 0x0, 0x0, 0x0, 0x0, 0x0, 0x0,
    0x0, 0x0, 0x0, 0x0, 0x0, 0x0, 0x0, 0x0,
    0x0, 0x0, 0x0, 0x0, 0x7b, 0xff, 0xff, 0xf4,
    0x67, 0xfe, 0xff, 0xf9, 0x3b, 0x0, 0x0, 0x0,
    0x0, 0x0, 0x0, 0x0, 0x0, 0x0, 0x0, 0x0,
    0x0, 0x0, 0x0, 0x0, 0x0, 0x0, 0x0, 0x0,
    0x5b, 0xff, 0xff, 0xff, 0x73, 0x0, 0x98, 0xff,
    0xff, 0xe9, 0x1e, 0x0, 0x0, 0x0, 0x0, 0x0,
    0x0, 0x0, 0x0, 0x0, 0x0, 0x0, 0x0, 0x0,
    0x0, 0x0, 0x0, 0x0, 0x0, 0x19, 0x24, 0x24,
    0x24, 0x3, 0x0, 0x8, 0x24, 0x24, 0x24, 0x12,
    0x0, 0x0, 0x0, 0x0, 0x0, 0x0, 0x0, 0x0,
    0x0, 0x0, 0x0, 0x0, 0x0, 0x0, 0x0, 0x0,
    0x0, 0x0, 0x0, 0x0, 0x0, 0x0, 0x0, 0x0,
    0x0, 0x0, 0x0, 0x0, 0x0, 0x0, 0x0, 0x0,
    0x0, 0x0, 0x0, 0x0, 0x0, 0x0, 0x60, 0xff,
    0xff, 0xff, 0xe5, 0x0, 0x0, 0x0, 0x0, 0x0,
    0x0, 0x0, 0x0, 0x0, 0x0, 0x0, 0x0, 0x0,
    0x0, 0x0, 0x0, 0x0, 0x0, 0x49, 0xff, 0xff,
    0xff, 0xf7, 0x9, 0x18, 0xfe, 0xff, 0xff, 0xff,
    0x2b, 0x0, 0x0, 0x0, 0x0, 0x0, 0x0, 0x0,
    0x0, 0x0, 0x0, 0x0, 0x0, 0x0, 0x0, 0x0,
    0x0, 0x0, 0x89, 0xff, 0xff, 0xff, 0xbb, 0x0,
    0x0, 0xcf, 0xff, 0xff, 0xff, 0x71, 0x0, 0x0,
    0x0, 0x0, 0x0, 0x0, 0x17, 0x30, 0x30, 0x30,
    0x10, 0x0, 0x0, 0x0, 0x0, 0x0, 0x0, 0xca,
    0xff, 0xff, 0xff, 0x75, 0x0, 0x0, 0x87, 0xff,
    0xff, 0xff, 0xb6, 0x0, 0x0, 0x0, 0x0, 0x0,
    0x0, 0xae, 0xff, 0xff, 0xff, 0x89, 0x0, 0x0,
    0x0, 0x0, 0x0, 0xe, 0xfc, 0xff, 0xff, 0xff,
    0x30, 0x0, 0x0, 0x3f, 0xff, 0xff, 0xff, 0xf5,
    0x6, 0x0, 0x0, 0x0, 0x0, 0xb, 0xf6, 0xff,
    0xff, 0xff, 0xde, 0x0, 0x0, 0x0, 0x0, 0x0,
    0x4c, 0xff, 0xff, 0xff, 0xe9, 0x1, 0x0, 0x0,
    0x4, 0xf1, 0xff, 0xff, 0xff, 0x41, 0x0, 0x0,
    0x0, 0x0, 0x56, 0xff, 0xff, 0xff, 0xff, 0xff,
    0x33, 0x0, 0x0, 0x0, 0x0, 0x8d, 0xff, 0xff,
    0xff, 0xa5, 0x0, 0x0, 0x0, 0x0, 0xae, 0xff,
    0xff, 0xff, 0x87, 0x0, 0x0, 0x0, 0x0, 0xa9,
    0xff, 0xff, 0xff, 0xff, 0xff, 0x87, 0x0, 0x0,
    0x0, 0x0, 0xce, 0xff, 0xff, 0xff, 0x5f, 0x0,
    0x0, 0x0, 0x0, 0x65, 0xff, 0xff, 0xff, 0xcc,
    0x0, 0x0, 0x0, 0x8, 0xf3, 0xff, 0xff, 0xff,
    0xff, 0xff, 0xdc, 0x0, 0x0, 0x0, 0x11, 0xfd,
    0xff, 0xff, 0xff, 0x1a, 0x0, 0x0, 0x0, 0x0,
    0x1d, 0xff, 0xff, 0xff, 0xfd, 0x14, 0x0, 0x0,
    0x51, 0xff, 0xff, 0xff, 0xd8, 0xff, 0xff, 0xff,
    0x31, 0x0, 0x0, 0x50, 0xff, 0xff, 0xff, 0xd4,
    0x0, 0x0, 0x0, 0x0, 0x0, 0x0, 0xd5, 0xff,
    0xff, 0xff, 0x57, 0x0, 0x0, 0xa5, 0xff, 0xff,
    0xfd, 0x44, 0xff, 0xff, 0xff, 0x85, 0x0, 0x0,
    0x91, 0xff, 0xff, 0xff, 0x8f, 0x0, 0x0, 0x0,
    0x0, 0x0, 0x0, 0x8c, 0xff, 0xff, 0xff, 0x9d,
    0x0, 0x6, 0xf1, 0xff, 0xff, 0xca, 0x1, 0xe9,
    0xff, 0xff, 0xda, 0x0, 0x0, 0xd1, 0xff, 0xff,
    0xff, 0x49, 0x0, 0x0, 0x0, 0x0, 0x0, 0x0,
    0x44, 0xff, 0xff, 0xff, 0xe2, 0x0, 0x4c, 0xff,
    0xff, 0xff, 0x7b, 0x0, 0x9c, 0xff, 0xff, 0xff,
    0x2e, 0x13, 0xfe, 0xff, 0xff, 0xf9, 0xb, 0x0,
    0x0, 0x0, 0x0, 0x0, 0x0, 0x7, 0xf4, 0xff,
    0xff, 0xff, 0x24, 0x9c, 0xff, 0xff, 0xff, 0x26,
    0x0, 0x47, 0xff, 0xff, 0xff, 0x7f, 0x50, 0xff,
    0xff, 0xff, 0xbe, 0x0, 0x0, 0x0, 0x0, 0x0,
    0x0, 0x0, 0x0, 0xb3, 0xff, 0xff, 0xff, 0x5c,
    0xe5, 0xff, 0xff, 0xd0, 0x0, 0x0, 0x4, 0xed,
    0xff, 0xff, 0xc6, 0x85, 0xff, 0xff, 0xff, 0x79,
    0x0, 0x0, 0x0, 0x0, 0x0, 0x0, 0x0, 0x0,
    0x6b, 0xff, 0xff, 0xff, 0xd0, 0xff, 0xff, 0xff,
    0x7b, 0x0, 0x0, 0x0, 0x9d, 0xff, 0xff, 0xfc,
    0xd8, 0xff, 0xff, 0xff, 0x33, 0x0, 0x0, 0x0,
    0x0, 0x0, 0x0, 0x0, 0x0, 0x22, 0xff, 0xff,
    0xff, 0xff, 0xff, 0xff, 0xff, 0x25, 0x0, 0x0,
    0x0, 0x48, 0xff, 0xff, 0xff, 0xff, 0xff, 0xff,
    0xec, 0x2, 0x0, 0x0, 0x0, 0x0, 0x0, 0x0,
    0x0, 0x0, 0x0, 0xda, 0xff, 0xff, 0xff, 0xff,
    0xff, 0xd0, 0x0, 0x0, 0x0, 0x0, 0x5, 0xee,
    0xff, 0xff, 0xff, 0xff, 0xff, 0xa8, 0x0, 0x0,
    0x0, 0x0, 0x0, 0x0, 0x0, 0x0, 0x0, 0x0,
    0x92, 0xff, 0xff, 0xff, 0xff, 0xff, 0x7a, 0x0,
    0x0, 0x0, 0x0, 0x0, 0x9e, 0xff, 0xff, 0xff,
    0xff, 0xff, 0x63, 0x0, 0x0, 0x0, 0x0, 0x0,
    0x0, 0x0, 0x0, 0x0, 0x0, 0x49, 0xff, 0xff,
    0xff, 0xff, 0xff, 0x25, 0x0, 0x0, 0x0, 0x0,
    0x0, 0x49, 0xff, 0xff, 0xff, 0xff, 0xff, 0x1d,
    0x0, 0x0, 0x0, 0x0, 0x0, 0x0, 0x0, 0x0,
    0x0, 0x0, 0x9, 0xf7, 0xff, 0xff, 0xff, 0xcf,
    0x0, 0x0, 0x0, 0x0, 0x0, 0x0, 0x5, 0xee,
    0xff, 0xff, 0xff, 0xd8, 0x0, 0x0, 0x0, 0x0,
    0x0, 0x0, 0x0, 0x0, 0x0, 0x0, 0x0, 0x0,
    0xb8, 0xff, 0xff, 0xff, 0x7a, 0x0, 0x0, 0x0,
    0x0, 0x0, 0x0, 0x0, 0x9f, 0xff, 0xff, 0xff,
    0x92, 0x0, 0x0, 0x0, 0x0, 0x0, 0x0,

    /* U+0175 "ŵ" */
    0x0, 0x0, 0x0, 0x0, 0x0, 0x0, 0x0, 0x0,
    0x0, 0x3d, 0xf3, 0xff, 0xff, 0xf6, 0x3e, 0x0,
    0x0, 0x0, 0x0, 0x0, 0x0, 0x0, 0x0, 0x0,
    0x0, 0x0, 0x0, 0x0, 0x0, 0x0, 0x0, 0x0,
    0x0, 0x3d, 0xf3, 0xff, 0xff, 0xff, 0xff, 0xf2,
    0x35, 0x0, 0x0, 0x0, 0x0, 0x0, 0x0, 0x0,
    0x0, 0x0, 0x0, 0x0, 0x0, 0x0, 0x0, 0x0,
    0x0, 0x3e, 0xf4, 0xff, 0xff, 0x9d, 0x93, 0xff,
    0xff, 0xed, 0x2d, 0x0, 0x0, 0x0, 0x0, 0x0,
    0x0, 0x0, 0x0, 0x0, 0x0, 0x0, 0x0, 0x0,
    0x0, 0x6, 0x90, 0x9c, 0x9c, 0x8a, 0x4, 0x2,
    0x83, 0x9c, 0x9c, 0x83, 0x3, 0x0, 0x0, 0x0,
    0x0, 0x0, 0x0, 0x0, 0x0, 0x0, 0x0, 0x0,
    0x0, 0x0, 0x0, 0x0, 0x0, 0x0, 0x0, 0x0,
    0x0, 0x0, 0x0, 0x0, 0x0, 0x0, 0x0, 0x0,
    0x0, 0x0, 0x0, 0x0, 0x0, 0x0, 0x0, 0x0,
    0x0, 0x0, 0x0, 0x0, 0x0, 0x0, 0x0, 0x0,
    0x0, 0x0, 0x0, 0x0, 0x0, 0x0, 0x0, 0x0,
    0x0, 0x0, 0x0, 0x0, 0x0, 0x0, 0xb8, 0xff,
    0xff, 0xff, 0xa8, 0x0, 0x0, 0x0, 0x0, 0x16,
    0xfd, 0xff, 0xff, 0xff, 0x47, 0x0, 0x0, 0x0,
    0x0, 0x71, 0xff, 0xff, 0xff, 0xdf, 0x0, 0x68,
    0xff, 0xff, 0xff, 0xe9, 0x1, 0x0, 0x0, 0x0,
    0x63, 0xff, 0xff, 0xff, 0xff, 0x98, 0x0, 0x0,
    0x0, 0x0, 0xb3, 0xff, 0xff, 0xff, 0x8e, 0x0,
    0x19, 0xfe, 0xff, 0xff, 0xff, 0x2d, 0x0, 0x0,
    0x0, 0xb2, 0xff, 0xff, 0xff, 0xff, 0xe6, 0x1,
    0x0, 0x0, 0x3, 0xf0, 0xff, 0xff, 0xff, 0x3e,
    0x0, 0x0, 0xc7, 0xff, 0xff, 0xff, 0x6f, 0x0,
    0x0, 0xa, 0xf6, 0xff, 0xff, 0xff, 0xff, 0xff,
    0x38, 0x0, 0x0, 0x36, 0xff, 0xff, 0xff, 0xea,
    0x3, 0x0, 0x0, 0x77, 0xff, 0xff, 0xff, 0xb1,
    0x0, 0x0, 0x51, 0xff, 0xff, 0xff, 0xff, 0xff,
    0xff, 0x88, 0x0, 0x0, 0x77, 0xff, 0xff, 0xff,
    0x9d, 0x0, 0x0, 0x0, 0x26, 0xff, 0xff, 0xff,
    0xf0, 0x3, 0x0, 0xa0, 0xff, 0xff, 0xf0, 0xe5,
    0xff, 0xff, 0xd8, 0x0, 0x0, 0xb9, 0xff, 0xff,
    0xff, 0x4c, 0x0, 0x0, 0x0, 0x0, 0xd7, 0xff,
    0xff, 0xff, 0x35, 0x3, 0xeb, 0xff, 0xff, 0xa3,
    0x8c, 0xff, 0xff, 0xff, 0x28, 0x5, 0xf4, 0xff,
    0xff, 0xf4, 0x8, 0x0, 0x0, 0x0, 0x0, 0x86,
    0xff, 0xff, 0xff, 0x77, 0x3e, 0xff, 0xff, 0xff,
    0x54, 0x3d, 0xff, 0xff, 0xff, 0x78, 0x3c, 0xff,
    0xff, 0xff, 0xab, 0x0, 0x0, 0x0, 0x0, 0x0,
    0x36, 0xff, 0xff, 0xff, 0xb9, 0x8e, 0xff, 0xff,
    0xf8, 0xc, 0x2, 0xea, 0xff, 0xff, 0xc8, 0x7e,
    0xff, 0xff, 0xff, 0x5b, 0x0, 0x0, 0x0, 0x0,
    0x0, 0x1, 0xe4, 0xff, 0xff, 0xf6, 0xe8, 0xff,
    0xff, 0xb5, 0x0, 0x0, 0x9e, 0xff, 0xff, 0xfe,
    0xe0, 0xff, 0xff, 0xfa, 0x10, 0x0, 0x0, 0x0,
    0x0, 0x0, 0x0, 0x96, 0xff, 0xff, 0xff, 0xff,
    0xff, 0xff, 0x65, 0x0, 0x0, 0x4e, 0xff, 0xff,
    0xff, 0xff, 0xff, 0xff, 0xba, 0x0, 0x0, 0x0,
    0x0, 0x0, 0x0, 0x0, 0x45, 0xff, 0xff, 0xff,
    0xff, 0xff, 0xfe, 0x18, 0x0, 0x0, 0x9, 0xf5,
    0xff, 0xff, 0xff, 0xff, 0xff, 0x69, 0x0, 0x0,
    0x0, 0x0, 0x0, 0x0, 0x0, 0x5, 0xef, 0xff,
    0xff, 0xff, 0xff, 0xc6, 0x0, 0x0, 0x0, 0x0,
    0xaf, 0xff, 0xff, 0xff, 0xff, 0xfe, 0x1a, 0x0,
    0x0, 0x0, 0x0, 0x0, 0x0, 0x0, 0x0, 0xa5,
    0xff, 0xff, 0xff, 0xff, 0x77, 0x0, 0x0, 0x0,
    0x0, 0x60, 0xff, 0xff, 0xff, 0xff, 0xc8, 0x0,
    0x0, 0x0, 0x0, 0x0, 0x0, 0x0, 0x0, 0x0,
    0x54, 0xff, 0xff, 0xff, 0xff, 0x27, 0x0, 0x0,
    0x0, 0x0, 0x13, 0xfc, 0xff, 0xff, 0xff, 0x78,
    0x0, 0x0, 0x0, 0x0, 0x0,

    /* U+0176 "Ŷ" */
    0x0, 0x0, 0x0, 0x0, 0x0, 0x0, 0x0, 0x8d,
    0xff, 0xff, 0xff, 0xb6, 0x2, 0x0, 0x0, 0x0,
    0x0, 0x0, 0x0, 0x0, 0x0, 0x0, 0x0, 0x0,
    0x0, 0x6d, 0xff, 0xff, 0xff, 0xff, 0xff, 0x8d,
    0x0, 0x0, 0x0, 0x0, 0x0, 0x0, 0x0, 0x0,
    0x0, 0x0, 0x0, 0x51, 0xfd, 0xff, 0xff, 0x6a,
    0xf1, 0xff, 0xff, 0x60, 0x0, 0x0, 0x0, 0x0,
    0x0, 0x0, 0x0, 0x0, 0x0, 0x37, 0xf6, 0xff,
    0xff, 0x9f, 0x0, 0x6c, 0xff, 0xff, 0xf9, 0x3a,
    0x0, 0x0, 0x0, 0x0, 0x0, 0x0, 0x0, 0x0,
    0x13, 0x24, 0x24, 0x24, 0x9, 0x0, 0x2, 0x24,
    0x24, 0x24, 0x18, 0x0, 0x0, 0x0, 0x0, 0x0,
    0x0, 0x0, 0x0, 0x0, 0x0, 0x0, 0x0, 0x0,
    0x0, 0x0, 0x0, 0x0, 0x0, 0x0, 0x0, 0x0,
    0x0, 0x0, 0x52, 0xff, 0xff, 0xff, 0xff, 0x7e,
    0x0, 0x0, 0x0, 0x0, 0x0, 0x0, 0x0, 0x71,
    0xff, 0xff, 0xff, 0xff, 0x6e, 0x0, 0xad, 0xff,
    0xff, 0xff, 0xf8, 0x24, 0x0, 0x0, 0x0, 0x0,
    0x0, 0x17, 0xf1, 0xff, 0xff, 0xff, 0xc9, 0x2,
    0x0, 0x19, 0xef, 0xff, 0xff, 0xff, 0xba, 0x0,
    0x0, 0x0, 0x0, 0x0, 0xa1, 0xff, 0xff, 0xff,
    0xfb, 0x2f, 0x0, 0x0, 0x0, 0x63, 0xff, 0xff,
    0xff, 0xff, 0x59, 0x0, 0x0, 0x0, 0x3a, 0xfe,
    0xff, 0xff, 0xff, 0x88, 0x0, 0x0, 0x0, 0x0,
    0x0, 0xbd, 0xff, 0xff, 0xff, 0xe7, 0xf, 0x0,
    0x3, 0xce, 0xff, 0xff, 0xff, 0xdd, 0x9, 0x0,
    0x0, 0x0, 0x0, 0x0, 0x23, 0xf6, 0xff, 0xff,
    0xff, 0x96, 0x0, 0x6b, 0xff, 0xff, 0xff, 0xff,
    0x45, 0x0, 0x0, 0x0, 0x0, 0x0, 0x0, 0x0,
    0x75, 0xff, 0xff, 0xff, 0xfd, 0x4d, 0xee, 0xff,
    0xff, 0xff, 0xa2, 0x0, 0x0, 0x0, 0x0, 0x0,
    0x0, 0x0, 0x0, 0x3, 0xcc, 0xff, 0xff, 0xff,
    0xff, 0xff, 0xff, 0xff, 0xec, 0x14, 0x0, 0x0,
    0x0, 0x0, 0x0, 0x0, 0x0, 0x0, 0x0, 0x2f,
    0xfb, 0xff, 0xff, 0xff, 0xff, 0xff, 0xff, 0x5e,
    0x0, 0x0, 0x0, 0x0, 0x0, 0x0, 0x0, 0x0,
    0x0, 0x0, 0x0, 0x86, 0xff, 0xff, 0xff, 0xff,
    0xff, 0xbc, 0x0, 0x0, 0x0, 0x0, 0x0, 0x0,
    0x0, 0x0, 0x0, 0x0, 0x0, 0x0, 0x8, 0xd9,
    0xff, 0xff, 0xff, 0xf6, 0x23, 0x0, 0x0, 0x0,
    0x0, 0x0, 0x0, 0x0, 0x0, 0x0, 0x0, 0x0,
    0x0, 0x0, 0x6c, 0xff, 0xff, 0xff, 0xa8, 0x0,
    0x0, 0x0, 0x0, 0x0, 0x0, 0x0, 0x0, 0x0,
    0x0, 0x0, 0x0, 0x0, 0x0, 0x68, 0xff, 0xff,
    0xff, 0xa4, 0x0, 0x0, 0x0, 0x0, 0x0, 0x0,
    0x0, 0x0, 0x0, 0x0, 0x0, 0x0, 0x0, 0x0,
    0x68, 0xff, 0xff, 0xff, 0xa4, 0x0, 0x0, 0x0,
    0x0, 0x0, 0x0, 0x0, 0x0, 0x0, 0x0, 0x0,
    0x0, 0x0, 0x0, 0x68, 0xff, 0xff, 0xff, 0xa4,
    0x0, 0x0, 0x0, 0x0, 0x0, 0x0, 0x0, 0x0,
    0x0, 0x0, 0x0, 0x0, 0x0, 0x0, 0x68, 0xff,
    0xff, 0xff, 0xa4, 0x0, 0x0, 0x0, 0x0, 0x0,
    0x0, 0x0, 0x0, 0x0, 0x0, 0x0, 0x0, 0x0,
    0x0, 0x68, 0xff, 0xff, 0xff, 0xa4, 0x0, 0x0,
    0x0, 0x0, 0x0, 0x0, 0x0, 0x0, 0x0, 0x0,
    0x0, 0x0, 0x0, 0x0, 0x68, 0xff, 0xff, 0xff,
    0xa4, 0x0, 0x0, 0x0, 0x0, 0x0, 0x0, 0x0,
    0x0, 0x0, 0x0, 0x0, 0x0, 0x0, 0x0, 0x68,
    0xff, 0xff, 0xff, 0xa4, 0x0, 0x0, 0x0, 0x0,
    0x0, 0x0, 0x0, 0x0, 0x0, 0x0, 0x0, 0x0,
    0x0, 0x0, 0x68, 0xff, 0xff, 0xff, 0xa4, 0x0,
    0x0, 0x0, 0x0, 0x0, 0x0, 0x0, 0x0, 0x0,
    0x0, 0x0, 0x0, 0x0, 0x0, 0x68, 0xff, 0xff,
    0xff, 0xa4, 0x0, 0x0, 0x0, 0x0, 0x0, 0x0,
    0x0,

    /* U+0177 "ŷ" */
    0x0, 0x0, 0x0, 0x0, 0x0, 0x12, 0xce, 0xff,
    0xff, 0xff, 0x84, 0x0, 0x0, 0x0, 0x0, 0x0,
    0x0, 0x0, 0x0, 0x0, 0x0, 0x13, 0xcf, 0xff,
    0xff, 0xff, 0xff, 0xff, 0x77, 0x0, 0x0, 0x0,
    0x0, 0x0, 0x0, 0x0, 0x0, 0x14, 0xd1, 0xff,
    0xff, 0xd7, 0x5e, 0xfa, 0xff, 0xff, 0x6a, 0x0,
    0x0, 0x0, 0x0, 0x0, 0x0, 0x0, 0x68, 0x9c,
    0x9c, 0x9b, 0x22, 0x0, 0x55, 0x9c, 0x9c, 0x9a,
    0x1d, 0x0, 0x0, 0x0, 0x0, 0x0, 0x0, 0x0,
    0x0, 0x0, 0x0, 0x0, 0x0, 0x0, 0x0, 0x0,
    0x0, 0x0, 0x0, 0x0, 0x0, 0x0, 0x0, 0x0,
    0x0, 0x0, 0x0, 0x0, 0x0, 0x0, 0x0, 0x0,
    0x0, 0x0, 0x0, 0x0, 0x0, 0x0, 0xa7, 0xff,
    0xff, 0xff, 0xcd, 0x0, 0x0, 0x0, 0x0, 0x0,
    0x0, 0x1e, 0xfd, 0xff, 0xff, 0xff, 0x3f, 0x35,
    0xff, 0xff, 0xff, 0xff, 0x39, 0x0, 0x0, 0x0,
    0x0, 0x0, 0x84, 0xff, 0xff, 0xff, 0xcf, 0x0,
    0x0, 0xc3, 0xff, 0xff, 0xff, 0xa5, 0x0, 0x0,
    0x0, 0x0, 0x4, 0xe6, 0xff, 0xff, 0xff, 0x5f,
    0x0, 0x0, 0x51, 0xff, 0xff, 0xff, 0xf9, 0x17,
    0x0, 0x0, 0x0, 0x54, 0xff, 0xff, 0xff, 0xe8,
    0x6, 0x0, 0x0, 0x2, 0xdc, 0xff, 0xff, 0xff,
    0x7d, 0x0, 0x0, 0x0, 0xbb, 0xff, 0xff, 0xff,
    0x7f, 0x0, 0x0, 0x0, 0x0, 0x6d, 0xff, 0xff,
    0xff, 0xe4, 0x4, 0x0, 0x24, 0xfe, 0xff, 0xff,
    0xf8, 0x16, 0x0, 0x0, 0x0, 0x0, 0xb, 0xee,
    0xff, 0xff, 0xff, 0x54, 0x0, 0x8b, 0xff, 0xff,
    0xff, 0x9e, 0x0, 0x0, 0x0, 0x0, 0x0, 0x0,
    0x88, 0xff, 0xff, 0xff, 0xc0, 0x7, 0xeb, 0xff,
    0xff, 0xff, 0x2e, 0x0, 0x0, 0x0, 0x0, 0x0,
    0x0, 0x1b, 0xfa, 0xff, 0xff, 0xff, 0x8d, 0xff,
    0xff, 0xff, 0xbe, 0x0, 0x0, 0x0, 0x0, 0x0,
    0x0, 0x0, 0x0, 0xa4, 0xff, 0xff, 0xff, 0xff,
    0xff, 0xff, 0xff, 0x4e, 0x0, 0x0, 0x0, 0x0,
    0x0, 0x0, 0x0, 0x0, 0x32, 0xff, 0xff, 0xff,
    0xff, 0xff, 0xff, 0xdb, 0x2, 0x0, 0x0, 0x0,
    0x0, 0x0, 0x0, 0x0, 0x0, 0x0, 0xc0, 0xff,
    0xff, 0xff, 0xff, 0xff, 0x6d, 0x0, 0x0, 0x0,
    0x0, 0x0, 0x0, 0x0, 0x0, 0x0, 0x0, 0x4e,
    0xff, 0xff, 0xff, 0xff, 0xf0, 0xc, 0x0, 0x0,
    0x0, 0x0, 0x0, 0x0, 0x0, 0x0, 0x0, 0x0,
    0x1, 0xdc, 0xff, 0xff, 0xff, 0x8d, 0x0, 0x0,
    0x0, 0x0, 0x0, 0x0, 0x0, 0x0, 0x0, 0x0,
    0x0, 0xf, 0xf1, 0xff, 0xff, 0xfc, 0x20, 0x0,
    0x0, 0x0, 0x0, 0x0, 0x0, 0x0, 0x0, 0x0,
    0x0, 0x0, 0x76, 0xff, 0xff, 0xff, 0xac, 0x0,
    0x0, 0x0, 0x0, 0x0, 0x0, 0x0, 0x0, 0x0,
    0x0, 0x0, 0x5, 0xe4, 0xff, 0xff, 0xff, 0x3c,
    0x0, 0x0, 0x0, 0x0, 0x0, 0x0, 0x0, 0x0,
    0x0, 0x0, 0x0, 0x5f, 0xff, 0xff, 0xff, 0xcc,
    0x0, 0x0, 0x0, 0x0, 0x0, 0x0, 0x0, 0x0,
    0x0, 0x0, 0x0, 0x0, 0xd3, 0xff, 0xff, 0xff,
    0x5c, 0x0, 0x0, 0x0, 0x0, 0x0, 0x0, 0x0,
    0x0, 0x0, 0x0, 0x0, 0x49, 0xff, 0xff, 0xff,
    0xe6, 0x5, 0x0, 0x0, 0x0, 0x0, 0x0, 0x0,
    0x0, 0x0, 0x0, 0x0, 0x0, 0xbe, 0xff, 0xff,
    0xff, 0x7c, 0x0, 0x0, 0x0, 0x0, 0x0, 0x0,
    0x0, 0x0, 0x0,

    /* U+0178 "Ÿ" */
    0x0, 0x0, 0x0, 0x0, 0x0, 0x8b, 0xf0, 0xd0,
    0x2b, 0x0, 0x12, 0xb8, 0xf3, 0xae, 0xa, 0x0,
    0x0, 0x0, 0x0, 0x0, 0x0, 0x0, 0x0, 0x43,
    0xff, 0xff, 0xff, 0xbb, 0x0, 0x8b, 0xff, 0xff,
    0xff, 0x76, 0x0, 0x0, 0x0, 0x0, 0x0, 0x0,
    0x0, 0x0, 0x54, 0xff, 0xff, 0xff, 0xcc, 0x0,
    0x9c, 0xff, 0xff, 0xff, 0x88, 0x0, 0x0, 0x0,
    0x0, 0x0, 0x0, 0x0, 0x0, 0x7, 0xc8, 0xff,
    0xf9, 0x51, 0x0, 0x2c, 0xeb, 0xff, 0xe4, 0x1f,
    0x0, 0x0, 0x0, 0x0, 0x0, 0x0, 0x0, 0x0,
    0x0, 0x4, 0x35, 0x1a, 0x0, 0x0, 0x0, 0xf,
    0x37, 0xc, 0x0, 0x0, 0x0, 0x0, 0x0, 0x0,
    0x0, 0x0, 0x0, 0x0, 0x0, 0x0, 0x0, 0x0,
    0x0, 0x0, 0x0, 0x0, 0x0, 0x0, 0x0, 0x0,
    0x0, 0x0, 0x52, 0xff, 0xff, 0xff, 0xff, 0x7e,
    0x0, 0x0, 0x0, 0x0, 0x0, 0x0, 0x0, 0x71,
    0xff, 0xff, 0xff, 0xff, 0x6e, 0x0, 0xad, 0xff,
    0xff, 0xff, 0xf8, 0x24, 0x0, 0x0, 0x0, 0x0,
    0x0, 0x17, 0xf1, 0xff, 0xff, 0xff, 0xc9, 0x2,
    0x0, 0x19, 0xef, 0xff, 0xff, 0xff, 0xba, 0x0,
    0x0, 0x0, 0x0, 0x0, 0xa1, 0xff, 0xff, 0xff,
    0xfb, 0x2f, 0x0, 0x0, 0x0, 0x63, 0xff, 0xff,
    0xff, 0xff, 0x59, 0x0, 0x0, 0x0, 0x3a, 0xfe,
    0xff, 0xff, 0xff, 0x88, 0x0, 0x0, 0x0, 0x0,
    0x0, 0xbd, 0xff, 0xff, 0xff, 0xe7, 0xf, 0x0,
    0x3, 0xce, 0xff, 0xff, 0xff, 0xdd, 0x9, 0x0,
    0x0, 0x0, 0x0, 0x0, 0x23, 0xf6, 0xff, 0xff,
    0xff, 0x96, 0x0, 0x6b, 0xff, 0xff, 0xff, 0xff,
    0x45, 0x0, 0x0, 0x0, 0x0, 0x0, 0x0, 0x0,
    0x75, 0xff, 0xff, 0xff, 0xfd, 0x4d, 0xee, 0xff,
    0xff, 0xff, 0xa2, 0x0, 0x0, 0x0, 0x0, 0x0,
    0x0, 0x0, 0x0, 0x3, 0xcc, 0xff, 0xff, 0xff,
    0xff, 0xff, 0xff, 0xff, 0xec, 0x14, 0x0, 0x0,
    0x0, 0x0, 0x0, 0x0, 0x0, 0x0, 0x0, 0x2f,
    0xfb, 0xff, 0xff, 0xff, 0xff, 0xff, 0xff, 0x5e,
    0x0, 0x0, 0x0, 0x0, 0x0, 0x0, 0x0, 0x0,
    0x0, 0x0, 0x0, 0x86, 0xff, 0xff, 0xff, 0xff,
    0xff, 0xbc, 0x0, 0x0, 0x0, 0x0, 0x0, 0x0,
    0x0, 0x0, 0x0, 0x0, 0x0, 0x0, 0x8, 0xd9,
    0xff, 0xff, 0xff, 0xf6, 0x23, 0x0, 0x0, 0x0,
    0x0, 0x0, 0x0, 0x0, 0x0, 0x0, 0x0, 0x0,
    0x0, 0x0, 0x6c, 0xff, 0xff, 0xff, 0xa8, 0x0,
    0x0, 0x0, 0x0, 0x0, 0x0, 0x0, 0x0, 0x0,
    0x0, 0x0, 0x0, 0x0, 0x0, 0x68, 0xff, 0xff,
    0xff, 0xa4, 0x0, 0x0, 0x0, 0x0, 0x0, 0x0,
    0x0, 0x0, 0x0, 0x0, 0x0, 0x0, 0x0, 0x0,
    0x68, 0xff, 0xff, 0xff, 0xa4, 0x0, 0x0, 0x0,
    0x0, 0x0, 0x0, 0x0, 0x0, 0x0, 0x0, 0x0,
    0x0, 0x0, 0x0, 0x68, 0xff, 0xff, 0xff, 0xa4,
    0x0, 0x0, 0x0, 0x0, 0x0, 0x0, 0x0, 0x0,
    0x0, 0x0, 0x0, 0x0, 0x0, 0x0, 0x68, 0xff,
    0xff, 0xff, 0xa4, 0x0, 0x0, 0x0, 0x0, 0x0,
    0x0, 0x0, 0x0, 0x0, 0x0, 0x0, 0x0, 0x0,
    0x0, 0x68, 0xff, 0xff, 0xff, 0xa4, 0x0, 0x0,
    0x0, 0x0, 0x0, 0x0, 0x0, 0x0, 0x0, 0x0,
    0x0, 0x0, 0x0, 0x0, 0x68, 0xff, 0xff, 0xff,
    0xa4, 0x0, 0x0, 0x0, 0x0, 0x0, 0x0, 0x0,
    0x0, 0x0, 0x0, 0x0, 0x0, 0x0, 0x0, 0x68,
    0xff, 0xff, 0xff, 0xa4, 0x0, 0x0, 0x0, 0x0,
    0x0, 0x0, 0x0, 0x0, 0x0, 0x0, 0x0, 0x0,
    0x0, 0x0, 0x68, 0xff, 0xff, 0xff, 0xa4, 0x0,
    0x0, 0x0, 0x0, 0x0, 0x0, 0x0, 0x0, 0x0,
    0x0, 0x0, 0x0, 0x0, 0x0, 0x68, 0xff, 0xff,
    0xff, 0xa4, 0x0, 0x0, 0x0, 0x0, 0x0, 0x0,
    0x0,

    /* U+0179 "Ź" */
    0x0, 0x0, 0x0, 0x0, 0x0, 0x0, 0x0, 0x0,
    0xac, 0xff, 0xff, 0xff, 0xbc, 0x1, 0x0, 0x0,
    0x0, 0x0, 0x0, 0x0, 0x0, 0x0, 0x0, 0x0,
    0x7, 0xf3, 0xff, 0xff, 0xf2, 0x1f, 0x0, 0x0,
    0x0, 0x0, 0x0, 0x0, 0x0, 0x0, 0x0, 0x0,
    0x0, 0x4b, 0xff, 0xff, 0xff, 0x66, 0x0, 0x0,
    0x0, 0x0, 0x0, 0x0, 0x0, 0x0, 0x0, 0x0,
    0x0, 0x0, 0x9a, 0xff, 0xff, 0xba, 0x0, 0x0,
    0x0, 0x0, 0x0, 0x0, 0x0, 0x0, 0x0, 0x0,
    0x0, 0x0, 0x0, 0x6, 0x8, 0x8, 0x3, 0x0,
    0x0, 0x0, 0x0, 0x0, 0x0, 0x0, 0x0, 0x0,
    0x0, 0x0, 0x0, 0x0, 0x0, 0x0, 0x0, 0x0,
    0x0, 0x0, 0x0, 0x0, 0x0, 0x0, 0x0, 0x90,
    0xff, 0xff, 0xff, 0xff, 0xff, 0xff, 0xff, 0xff,
    0xff, 0xff, 0xff, 0xff, 0xff, 0xff, 0x90, 0x0,
    0x90, 0xff, 0xff, 0xff, 0xff, 0xff, 0xff, 0xff,
    0xff, 0xff, 0xff, 0xff, 0xff, 0xff, 0xff, 0x90,
    0x0, 0x90, 0xff, 0xff, 0xff, 0xff, 0xff, 0xff,
    0xff, 0xff, 0xff, 0xff, 0xff, 0xff, 0xff, 0xff,
    0x90, 0x0, 0x72, 0xcc, 0xcc, 0xcc, 0xcc, 0xcc,
    0xcc, 0xcc, 0xcc, 0xcc, 0xd8, 0xff, 0xff, 0xff,
    0xff, 0x90, 0x0, 0x0, 0x0, 0x0, 0x0, 0x0,
    0x0, 0x0, 0x0, 0x0, 0x3, 0xb9, 0xff, 0xff,
    0xff, 0xf7, 0x36, 0x0, 0x0, 0x0, 0x0, 0x0,
    0x0, 0x0, 0x0, 0x0, 0x0, 0x91, 0xff, 0xff,
    0xff, 0xff, 0x5d, 0x0, 0x0, 0x0, 0x0, 0x0,
    0x0, 0x0, 0x0, 0x0, 0x0, 0x64, 0xff, 0xff,
    0xff, 0xff, 0x8b, 0x0, 0x0, 0x0, 0x0, 0x0,
    0x0, 0x0, 0x0, 0x0, 0x0, 0x3d, 0xfa, 0xff,
    0xff, 0xff, 0xb7, 0x2, 0x0, 0x0, 0x0, 0x0,
    0x0, 0x0, 0x0, 0x0, 0x0, 0x20, 0xea, 0xff,
    0xff, 0xff, 0xd9, 0xf, 0x0, 0x0, 0x0, 0x0,
    0x0, 0x0, 0x0, 0x0, 0x0, 0xc, 0xd2, 0xff,
    0xff, 0xff, 0xf0, 0x27, 0x0, 0x0, 0x0, 0x0,
    0x0, 0x0, 0x0, 0x0, 0x0, 0x1, 0xb0, 0xff,
    0xff, 0xff, 0xfd, 0x49, 0x0, 0x0, 0x0, 0x0,
    0x0, 0x0, 0x0, 0x0, 0x0, 0x0, 0x87, 0xff,
    0xff, 0xff, 0xff, 0x74, 0x0, 0x0, 0x0, 0x0,
    0x0, 0x0, 0x0, 0x0, 0x0, 0x0, 0x5a, 0xff,
    0xff, 0xff, 0xff, 0xa3, 0x0, 0x0, 0x0, 0x0,
    0x0, 0x0, 0x0, 0x0, 0x0, 0x0, 0x36, 0xf7,
    0xff, 0xff, 0xff, 0xca, 0x8, 0x0, 0x0, 0x0,
    0x0, 0x0, 0x0, 0x0, 0x0, 0x0, 0x1b, 0xe6,
    0xff, 0xff, 0xff, 0xe6, 0x1a, 0x0, 0x0, 0x0,
    0x0, 0x0, 0x0, 0x0, 0x0, 0x0, 0x9, 0xcb,
    0xff, 0xff, 0xff, 0xf8, 0x37, 0x0, 0x0, 0x0,
    0x0, 0x0, 0x0, 0x0, 0x0, 0x0, 0x0, 0xa7,
    0xff, 0xff, 0xff, 0xff, 0x5f, 0x0, 0x0, 0x0,
    0x0, 0x0, 0x0, 0x0, 0x0, 0x0, 0x0, 0xc,
    0xff, 0xff, 0xff, 0xff, 0xf9, 0xcc, 0xcc, 0xcc,
    0xcc, 0xcc, 0xcc, 0xcc, 0xcc, 0xcc, 0xcc, 0x8c,
    0xc, 0xff, 0xff, 0xff, 0xff, 0xff, 0xff, 0xff,
    0xff, 0xff, 0xff, 0xff, 0xff, 0xff, 0xff, 0xff,
    0xb0, 0xc, 0xff, 0xff, 0xff, 0xff, 0xff, 0xff,
    0xff, 0xff, 0xff, 0xff, 0xff, 0xff, 0xff, 0xff,
    0xff, 0xb0, 0xc, 0xff, 0xff, 0xff, 0xff, 0xff,
    0xff, 0xff, 0xff, 0xff, 0xff, 0xff, 0xff, 0xff,
    0xff, 0xff, 0xb0,

    /* U+017A "ź" */
    0x0, 0x0, 0x0, 0x0, 0x0, 0x0, 0x11, 0xfb,
    0xff, 0xff, 0xff, 0x5d, 0x0, 0x0, 0x0, 0x0,
    0x0, 0x0, 0x0, 0x0, 0x5d, 0xff, 0xff, 0xff,
    0xb2, 0x0, 0x0, 0x0, 0x0, 0x0, 0x0, 0x0,
    0x0, 0x0, 0xad, 0xff, 0xff, 0xed, 0x18, 0x0,
    0x0, 0x0, 0x0, 0x0, 0x0, 0x0, 0x0, 0x8,
    0xf4, 0xff, 0xff, 0x5b, 0x0, 0x0, 0x0, 0x0,
    0x0, 0x0, 0x0, 0x0, 0x0, 0x1, 0x8, 0x8,
    0x8, 0x0, 0x0, 0x0, 0x0, 0x0, 0x0, 0x0,
    0x0, 0x0, 0x0, 0x0, 0x0, 0x0, 0x0, 0x0,
    0x0, 0x0, 0x0, 0x0, 0x0, 0xcc, 0xff, 0xff,
    0xff, 0xff, 0xff, 0xff, 0xff, 0xff, 0xff, 0xff,
    0xff, 0x4c, 0x0, 0xcc, 0xff, 0xff, 0xff, 0xff,
    0xff, 0xff, 0xff, 0xff, 0xff, 0xff, 0xff, 0x4c,
    0x0, 0xcc, 0xff, 0xff, 0xff, 0xff, 0xff, 0xff,
    0xff, 0xff, 0xff, 0xff, 0xff, 0x4c, 0x0, 0x3f,
    0x50, 0x50, 0x50, 0x50, 0x50, 0x53, 0xe2, 0xff,
    0xff, 0xff, 0xe6, 0x1b, 0x0, 0x0, 0x0, 0x0,
    0x0, 0x0, 0x0, 0x98, 0xff, 0xff, 0xff, 0xf2,
    0x30, 0x0, 0x0, 0x0, 0x0, 0x0, 0x0, 0x0,
    0x7b, 0xff, 0xff, 0xff, 0xfb, 0x46, 0x0, 0x0,
    0x0, 0x0, 0x0, 0x0, 0x0, 0x5c, 0xff, 0xff,
    0xff, 0xff, 0x60, 0x0, 0x0, 0x0, 0x0, 0x0,
    0x0, 0x0, 0x43, 0xfa, 0xff, 0xff, 0xff, 0x7d,
    0x0, 0x0, 0x0, 0x0, 0x0, 0x0, 0x0, 0x2e,
    0xf1, 0xff, 0xff, 0xff, 0x9b, 0x0, 0x0, 0x0,
    0x0, 0x0, 0x0, 0x0, 0x1c, 0xe4, 0xff, 0xff,
    0xff, 0xb6, 0x4, 0x0, 0x0, 0x0, 0x0, 0x0,
    0x0, 0xf, 0xd3, 0xff, 0xff, 0xff, 0xcc, 0xb,
    0x0, 0x0, 0x0, 0x0, 0x0, 0x0, 0x2, 0xbe,
    0xff, 0xff, 0xff, 0xfa, 0x67, 0x50, 0x50, 0x50,
    0x50, 0x50, 0x50, 0x20, 0xc, 0xff, 0xff, 0xff,
    0xff, 0xff, 0xff, 0xff, 0xff, 0xff, 0xff, 0xff,
    0xff, 0x68, 0xc, 0xff, 0xff, 0xff, 0xff, 0xff,
    0xff, 0xff, 0xff, 0xff, 0xff, 0xff, 0xff, 0x68,
    0xc, 0xff, 0xff, 0xff, 0xff, 0xff, 0xff, 0xff,
    0xff, 0xff, 0xff, 0xff, 0xff, 0x68,

    /* U+017B "Ż" */
    0x0, 0x0, 0x0, 0x0, 0x0, 0x0, 0x0, 0x0,
    0x16, 0x1d, 0x0, 0x0, 0x0, 0x0, 0x0, 0x0,
    0x0, 0x0, 0x0, 0x0, 0x0, 0x0, 0x0, 0x0,
    0x6e, 0xfd, 0xff, 0x87, 0x0, 0x0, 0x0, 0x0,
    0x0, 0x0, 0x0, 0x0, 0x0, 0x0, 0x0, 0x0,
    0x3, 0xf6, 0xff, 0xff, 0xff, 0x13, 0x0, 0x0,
    0x0, 0x0, 0x0, 0x0, 0x0, 0x0, 0x0, 0x0,
    0x0, 0x1, 0xeb, 0xff, 0xff, 0xf8, 0xc, 0x0,
    0x0, 0x0, 0x0, 0x0, 0x0, 0x0, 0x0, 0x0,
    0x0, 0x0, 0x0, 0x49, 0xe1, 0xe9, 0x5d, 0x0,
    0x0, 0x0, 0x0, 0x0, 0x0, 0x0, 0x0, 0x0,
    0x0, 0x0, 0x0, 0x0, 0x0, 0x0, 0x0, 0x0,
    0x0, 0x0, 0x0, 0x0, 0x0, 0x0, 0x0, 0x0,
    0x0, 0x0, 0x0, 0x0, 0x0, 0x0, 0x0, 0x0,
    0x0, 0x0, 0x0, 0x0, 0x0, 0x0, 0x0, 0x0,
    0x90, 0xff, 0xff, 0xff, 0xff, 0xff, 0xff, 0xff,
    0xff, 0xff, 0xff, 0xff, 0xff, 0xff, 0xff, 0x90,
    0x0, 0x90, 0xff, 0xff, 0xff, 0xff, 0xff, 0xff,
    0xff, 0xff, 0xff, 0xff, 0xff, 0xff, 0xff, 0xff,
    0x90, 0x0, 0x90, 0xff, 0xff, 0xff, 0xff, 0xff,
    0xff, 0xff, 0xff, 0xff, 0xff, 0xff, 0xff, 0xff,
    0xff, 0x90, 0x0, 0x72, 0xcc, 0xcc, 0xcc, 0xcc,
    0xcc, 0xcc, 0xcc, 0xcc, 0xcc, 0xd8, 0xff, 0xff,
    0xff, 0xff, 0x90, 0x0, 0x0, 0x0, 0x0, 0x0,
    0x0, 0x0, 0x0, 0x0, 0x0, 0x3, 0xb9, 0xff,
    0xff, 0xff, 0xf7, 0x36, 0x0, 0x0, 0x0, 0x0,
    0x0, 0x0, 0x0, 0x0, 0x0, 0x0, 0x91, 0xff,
    0xff, 0xff, 0xff, 0x5d, 0x0, 0x0, 0x0, 0x0,
    0x0, 0x0, 0x0, 0x0, 0x0, 0x0, 0x64, 0xff,
    0xff, 0xff, 0xff, 0x8b, 0x0, 0x0, 0x0, 0x0,
    0x0, 0x0, 0x0, 0x0, 0x0, 0x0, 0x3d, 0xfa,
    0xff, 0xff, 0xff, 0xb7, 0x2, 0x0, 0x0, 0x0,
    0x0, 0x0, 0x0, 0x0, 0x0, 0x0, 0x20, 0xea,
    0xff, 0xff, 0xff, 0xd9, 0xf, 0x0, 0x0, 0x0,
    0x0, 0x0, 0x0, 0x0, 0x0, 0x0, 0xc, 0xd2,
    0xff, 0xff, 0xff, 0xf0, 0x27, 0x0, 0x0, 0x0,
    0x0, 0x0, 0x0, 0x0, 0x0, 0x0, 0x1, 0xb0,
    0xff, 0xff, 0xff, 0xfd, 0x49, 0x0, 0x0, 0x0,
    0x0, 0x0, 0x0, 0x0, 0x0, 0x0, 0x0, 0x87,
    0xff, 0xff, 0xff, 0xff, 0x74, 0x0, 0x0, 0x0,
    0x0, 0x0, 0x0, 0x0, 0x0, 0x0, 0x0, 0x5a,
    0xff, 0xff, 0xff, 0xff, 0xa3, 0x0, 0x0, 0x0,
    0x0, 0x0, 0x0, 0x0, 0x0, 0x0, 0x0, 0x36,
    0xf7, 0xff, 0xff, 0xff, 0xca, 0x8, 0x0, 0x0,
    0x0, 0x0, 0x0, 0x0, 0x0, 0x0, 0x0, 0x1b,
    0xe6, 0xff, 0xff, 0xff, 0xe6, 0x1a, 0x0, 0x0,
    0x0, 0x0, 0x0, 0x0, 0x0, 0x0, 0x0, 0x9,
    0xcb, 0xff, 0xff, 0xff, 0xf8, 0x37, 0x0, 0x0,
    0x0, 0x0, 0x0, 0x0, 0x0, 0x0, 0x0, 0x0,
    0xa7, 0xff, 0xff, 0xff, 0xff, 0x5f, 0x0, 0x0,
    0x0, 0x0, 0x0, 0x0, 0x0, 0x0, 0x0, 0x0,
    0xc, 0xff, 0xff, 0xff, 0xff, 0xf9, 0xcc, 0xcc,
    0xcc, 0xcc, 0xcc, 0xcc, 0xcc, 0xcc, 0xcc, 0xcc,
    0x8c, 0xc, 0xff, 0xff, 0xff, 0xff, 0xff, 0xff,
    0xff, 0xff, 0xff, 0xff, 0xff, 0xff, 0xff, 0xff,
    0xff, 0xb0, 0xc, 0xff, 0xff, 0xff, 0xff, 0xff,
    0xff, 0xff, 0xff, 0xff, 0xff, 0xff, 0xff, 0xff,
    0xff, 0xff, 0xb0, 0xc, 0xff, 0xff, 0xff, 0xff,
    0xff, 0xff, 0xff, 0xff, 0xff, 0xff, 0xff, 0xff,
    0xff, 0xff, 0xff, 0xb0,

    /* U+017C "ż" */
    0x0, 0x0, 0x0, 0x0, 0x0, 0x25, 0xc7, 0xf3,
    0xa8, 0x8, 0x0, 0x0, 0x0, 0x0, 0x0, 0x0,
    0x0, 0x0, 0x0, 0xba, 0xff, 0xff, 0xff, 0x72,
    0x0, 0x0, 0x0, 0x0, 0x0, 0x0, 0x0, 0x0,
    0x0, 0xd9, 0xff, 0xff, 0xff, 0x91, 0x0, 0x0,
    0x0, 0x0, 0x0, 0x0, 0x0, 0x0, 0x0, 0x78,
    0xff, 0xff, 0xfa, 0x37, 0x0, 0x0, 0x0, 0x0,
    0x0, 0x0, 0x0, 0x0, 0x0, 0x0, 0x4a, 0x77,
    0x2f, 0x0, 0x0, 0x0, 0x0, 0x0, 0x0, 0x0,
    0x0, 0x0, 0x0, 0x0, 0x0, 0x0, 0x0, 0x0,
    0x0, 0x0, 0x0, 0x0, 0x0, 0xcc, 0xff, 0xff,
    0xff, 0xff, 0xff, 0xff, 0xff, 0xff, 0xff, 0xff,
    0xff, 0x4c, 0x0, 0xcc, 0xff, 0xff, 0xff, 0xff,
    0xff, 0xff, 0xff, 0xff, 0xff, 0xff, 0xff, 0x4c,
    0x0, 0xcc, 0xff, 0xff, 0xff, 0xff, 0xff, 0xff,
    0xff, 0xff, 0xff, 0xff, 0xff, 0x4c, 0x0, 0x3f,
    0x50, 0x50, 0x50, 0x50, 0x50, 0x53, 0xe2, 0xff,
    0xff, 0xff, 0xe6, 0x1b, 0x0, 0x0, 0x0, 0x0,
    0x0, 0x0, 0x0, 0x98, 0xff, 0xff, 0xff, 0xf2,
    0x30, 0x0, 0x0, 0x0, 0x0, 0x0, 0x0, 0x0,
    0x7b, 0xff, 0xff, 0xff, 0xfb, 0x46, 0x0, 0x0,
    0x0, 0x0, 0x0, 0x0, 0x0, 0x5c, 0xff, 0xff,
    0xff, 0xff, 0x60, 0x0, 0x0, 0x0, 0x0, 0x0,
    0x0, 0x0, 0x43, 0xfa, 0xff, 0xff, 0xff, 0x7d,
    0x0, 0x0, 0x0, 0x0, 0x0, 0x0, 0x0, 0x2e,
    0xf1, 0xff, 0xff, 0xff, 0x9b, 0x0, 0x0, 0x0,
    0x0, 0x0, 0x0, 0x0, 0x1c, 0xe4, 0xff, 0xff,
    0xff, 0xb6, 0x4, 0x0, 0x0, 0x0, 0x0, 0x0,
    0x0, 0xf, 0xd3, 0xff, 0xff, 0xff, 0xcc, 0xb,
    0x0, 0x0, 0x0, 0x0, 0x0, 0x0, 0x2, 0xbe,
    0xff, 0xff, 0xff, 0xfa, 0x67, 0x50, 0x50, 0x50,
    0x50, 0x50, 0x50, 0x20, 0xc, 0xff, 0xff, 0xff,
    0xff, 0xff, 0xff, 0xff, 0xff, 0xff, 0xff, 0xff,
    0xff, 0x68, 0xc, 0xff, 0xff, 0xff, 0xff, 0xff,
    0xff, 0xff, 0xff, 0xff, 0xff, 0xff, 0xff, 0x68,
    0xc, 0xff, 0xff, 0xff, 0xff, 0xff, 0xff, 0xff,
    0xff, 0xff, 0xff, 0xff, 0xff, 0x68,

    /* U+017D "Ž" */
    0x0, 0x0, 0x0, 0x0, 0x64, 0x80, 0x80, 0x74,
    0x2, 0x0, 0x59, 0x80, 0x80, 0x7f, 0x16, 0x0,
    0x0, 0x0, 0x0, 0x0, 0x0, 0x2b, 0xed, 0xff,
    0xff, 0x89, 0x4e, 0xfe, 0xff, 0xff, 0x7c, 0x0,
    0x0, 0x0, 0x0, 0x0, 0x0, 0x0, 0x0, 0x38,
    0xf4, 0xff, 0xff, 0xff, 0xff, 0xff, 0x82, 0x0,
    0x0, 0x0, 0x0, 0x0, 0x0, 0x0, 0x0, 0x0,
    0x0, 0x47, 0xfa, 0xff, 0xff, 0xff, 0x87, 0x0,
    0x0, 0x0, 0x0, 0x0, 0x0, 0x0, 0x0, 0x0,
    0x0, 0x0, 0x0, 0x26, 0x38, 0x38, 0x34, 0x0,
    0x0, 0x0, 0x0, 0x0, 0x0, 0x0, 0x0, 0x0,
    0x0, 0x0, 0x0, 0x0, 0x0, 0x0, 0x0, 0x0,
    0x0, 0x0, 0x0, 0x0, 0x0, 0x0, 0x0, 0x90,
    0xff, 0xff, 0xff, 0xff, 0xff, 0xff, 0xff, 0xff,
    0xff, 0xff, 0xff, 0xff, 0xff, 0xff, 0x90, 0x0,
    0x90, 0xff, 0xff, 0xff, 0xff, 0xff, 0xff, 0xff,
    0xff, 0xff, 0xff, 0xff, 0xff, 0xff, 0xff, 0x90,
    0x0, 0x90, 0xff, 0xff, 0xff, 0xff, 0xff, 0xff,
    0xff, 0xff, 0xff, 0xff, 0xff, 0xff, 0xff, 0xff,
    0x90, 0x0, 0x72, 0xcc, 0xcc, 0xcc, 0xcc, 0xcc,
    0xcc, 0xcc, 0xcc, 0xcc, 0xd8, 0xff, 0xff, 0xff,
    0xff, 0x90, 0x0, 0x0, 0x0, 0x0, 0x0, 0x0,
    0x0, 0x0, 0x0, 0x0, 0x3, 0xb9, 0xff, 0xff,
    0xff, 0xf7, 0x36, 0x0, 0x0, 0x0, 0x0, 0x0,
    0x0, 0x0, 0x0, 0x0, 0x0, 0x91, 0xff, 0xff,
    0xff, 0xff, 0x5d, 0x0, 0x0, 0x0, 0x0, 0x0,
    0x0, 0x0, 0x0, 0x0, 0x0, 0x64, 0xff, 0xff,
    0xff, 0xff, 0x8b, 0x0, 0x0, 0x0, 0x0, 0x0,
    0x0, 0x0, 0x0, 0x0, 0x0, 0x3d, 0xfa, 0xff,
    0xff, 0xff, 0xb7, 0x2, 0x0, 0x0, 0x0, 0x0,
    0x0, 0x0, 0x0, 0x0, 0x0, 0x20, 0xea, 0xff,
    0xff, 0xff, 0xd9, 0xf, 0x0, 0x0, 0x0, 0x0,
    0x0, 0x0, 0x0, 0x0, 0x0, 0xc, 0xd2, 0xff,
    0xff, 0xff, 0xf0, 0x27, 0x0, 0x0, 0x0, 0x0,
    0x0, 0x0, 0x0, 0x0, 0x0, 0x1, 0xb0, 0xff,
    0xff, 0xff, 0xfd, 0x49, 0x0, 0x0, 0x0, 0x0,
    0x0, 0x0, 0x0, 0x0, 0x0, 0x0, 0x87, 0xff,
    0xff, 0xff, 0xff, 0x74, 0x0, 0x0, 0x0, 0x0,
    0x0, 0x0, 0x0, 0x0, 0x0, 0x0, 0x5a, 0xff,
    0xff, 0xff, 0xff, 0xa3, 0x0, 0x0, 0x0, 0x0,
    0x0, 0x0, 0x0, 0x0, 0x0, 0x0, 0x36, 0xf7,
    0xff, 0xff, 0xff, 0xca, 0x8, 0x0, 0x0, 0x0,
    0x0, 0x0, 0x0, 0x0, 0x0, 0x0, 0x1b, 0xe6,
    0xff, 0xff, 0xff, 0xe6, 0x1a, 0x0, 0x0, 0x0,
    0x0, 0x0, 0x0, 0x0, 0x0, 0x0, 0x9, 0xcb,
    0xff, 0xff, 0xff, 0xf8, 0x37, 0x0, 0x0, 0x0,
    0x0, 0x0, 0x0, 0x0, 0x0, 0x0, 0x0, 0xa7,
    0xff, 0xff, 0xff, 0xff, 0x5f, 0x0, 0x0, 0x0,
    0x0, 0x0, 0x0, 0x0, 0x0, 0x0, 0x0, 0xc,
    0xff, 0xff, 0xff, 0xff, 0xf9, 0xcc, 0xcc, 0xcc,
    0xcc, 0xcc, 0xcc, 0xcc, 0xcc, 0xcc, 0xcc, 0x8c,
    0xc, 0xff, 0xff, 0xff, 0xff, 0xff, 0xff, 0xff,
    0xff, 0xff, 0xff, 0xff, 0xff, 0xff, 0xff, 0xff,
    0xb0, 0xc, 0xff, 0xff, 0xff, 0xff, 0xff, 0xff,
    0xff, 0xff, 0xff, 0xff, 0xff, 0xff, 0xff, 0xff,
    0xff, 0xb0, 0xc, 0xff, 0xff, 0xff, 0xff, 0xff,
    0xff, 0xff, 0xff, 0xff, 0xff, 0xff, 0xff, 0xff,
    0xff, 0xff, 0xb0,

    /* U+017E "ž" */
    0x0, 0x0, 0x4e, 0xfd, 0xff, 0xff, 0x5d, 0x0,
    0x8b, 0xff, 0xff, 0xfc, 0x4b, 0x0, 0x0, 0x0,
    0x0, 0x70, 0xff, 0xff, 0xef, 0x61, 0xfd, 0xff,
    0xff, 0x65, 0x0, 0x0, 0x0, 0x0, 0x0, 0x0,
    0x95, 0xff, 0xff, 0xff, 0xff, 0xff, 0x7c, 0x0,
    0x0, 0x0, 0x0, 0x0, 0x0, 0x0, 0x3, 0xb6,
    0xff, 0xff, 0xff, 0x94, 0x0, 0x0, 0x0, 0x0,
    0x0, 0x0, 0x0, 0x0, 0x0, 0x0, 0x0, 0x0,
    0x0, 0x0, 0x0, 0x0, 0x0, 0x0, 0x0, 0x0,
    0x0, 0x0, 0x0, 0x0, 0x0, 0x0, 0x0, 0x0,
    0x0, 0x0, 0x0, 0x0, 0x0, 0xcc, 0xff, 0xff,
    0xff, 0xff, 0xff, 0xff, 0xff, 0xff, 0xff, 0xff,
    0xff, 0x4c, 0x0, 0xcc, 0xff, 0xff, 0xff, 0xff,
    0xff, 0xff, 0xff, 0xff, 0xff, 0xff, 0xff, 0x4c,
    0x0, 0xcc, 0xff, 0xff, 0xff, 0xff, 0xff, 0xff,
    0xff, 0xff, 0xff, 0xff, 0xff, 0x4c, 0x0, 0x3f,
    0x50, 0x50, 0x50, 0x50, 0x50, 0x53, 0xe2, 0xff,
    0xff, 0xff, 0xe6, 0x1b, 0x0, 0x0, 0x0, 0x0,
    0x0, 0x0, 0x0, 0x98, 0xff, 0xff, 0xff, 0xf2,
    0x30, 0x0, 0x0, 0x0, 0x0, 0x0, 0x0, 0x0,
    0x7b, 0xff, 0xff, 0xff, 0xfb, 0x46, 0x0, 0x0,
    0x0, 0x0, 0x0, 0x0, 0x0, 0x5c, 0xff, 0xff,
    0xff, 0xff, 0x60, 0x0, 0x0, 0x0, 0x0, 0x0,
    0x0, 0x0, 0x43, 0xfa, 0xff, 0xff, 0xff, 0x7d,
    0x0, 0x0, 0x0, 0x0, 0x0, 0x0, 0x0, 0x2e,
    0xf1, 0xff, 0xff, 0xff, 0x9b, 0x0, 0x0, 0x0,
    0x0, 0x0, 0x0, 0x0, 0x1c, 0xe4, 0xff, 0xff,
    0xff, 0xb6, 0x4, 0x0, 0x0, 0x0, 0x0, 0x0,
    0x0, 0xf, 0xd3, 0xff, 0xff, 0xff, 0xcc, 0xb,
    0x0, 0x0, 0x0, 0x0, 0x0, 0x0, 0x2, 0xbe,
    0xff, 0xff, 0xff, 0xfa, 0x67, 0x50, 0x50, 0x50,
    0x50, 0x50, 0x50, 0x20, 0xc, 0xff, 0xff, 0xff,
    0xff, 0xff, 0xff, 0xff, 0xff, 0xff, 0xff, 0xff,
    0xff, 0x68, 0xc, 0xff, 0xff, 0xff, 0xff, 0xff,
    0xff, 0xff, 0xff, 0xff, 0xff, 0xff, 0xff, 0x68,
    0xc, 0xff, 0xff, 0xff, 0xff, 0xff, 0xff, 0xff,
    0xff, 0xff, 0xff, 0xff, 0xff, 0x68,

    /* U+0192 "ƒ" */
    0x0, 0x0, 0x0, 0x0, 0x0, 0x0, 0x0, 0x0,
    0x0, 0x0, 0x7, 0x6d, 0xc3, 0xee, 0xfa, 0xe7,
    0xa8, 0x1, 0x0, 0x0, 0x0, 0x0, 0x0, 0x0,
    0x0, 0x0, 0x0, 0x1a, 0xd3, 0xff, 0xff, 0xff,
    0xff, 0xff, 0xaa, 0x0, 0x0, 0x0, 0x0, 0x0,
    0x0, 0x0, 0x0, 0x0, 0x4, 0xcb, 0xff, 0xff,
    0xff, 0xff, 0xff, 0xff, 0x47, 0x0, 0x0, 0x0,
    0x0, 0x0, 0x0, 0x0, 0x0, 0x0, 0x5e, 0xff,
    0xff, 0xff, 0xff, 0xd8, 0xb2, 0xbf, 0x2, 0x0,
    0x0, 0x0, 0x0, 0x0, 0x0, 0x0, 0x0, 0x0,
    0xbd, 0xff, 0xff, 0xff, 0x7e, 0x0, 0x0, 0x0,
    0x0, 0x0, 0x0, 0x0, 0x0, 0x0, 0x0, 0x0,
    0x0, 0x7, 0xf8, 0xff, 0xff, 0xee, 0x5, 0x0,
    0x0, 0x0, 0x0, 0x0, 0x0, 0x0, 0x0, 0x0,
    0x0, 0x0, 0x0, 0x3a, 0xff, 0xff, 0xff, 0xb1,
    0x0, 0x0, 0x0, 0x0, 0x0, 0x0, 0x0, 0x0,
    0x0, 0x0, 0x0, 0x0, 0x0, 0x73, 0xff, 0xff,
    0xff, 0x73, 0x0, 0x0, 0x0, 0x0, 0x0, 0x0,
    0x0, 0x0, 0x0, 0x0, 0xfc, 0xff, 0xff, 0xff,
    0xff, 0xff, 0xff, 0xff, 0xff, 0xff, 0xb8, 0x0,
    0x0, 0x0, 0x0, 0x0, 0x0, 0x0, 0xfc, 0xff,
    0xff, 0xff, 0xff, 0xff, 0xff, 0xff, 0xff, 0xff,
    0xb8, 0x0, 0x0, 0x0, 0x0, 0x0, 0x0, 0x0,
    0xfc, 0xff, 0xff, 0xff, 0xff, 0xff, 0xff, 0xff,
    0xff, 0xff, 0xb8, 0x0, 0x0, 0x0, 0x0, 0x0,
    0x0, 0x0, 0x4e, 0x50, 0x85, 0xff, 0xff, 0xff,
    0xba, 0x50, 0x50, 0x50, 0x39, 0x0, 0x0, 0x0,
    0x0, 0x0, 0x0, 0x0, 0x0, 0x0, 0x79, 0xff,
    0xff, 0xff, 0x6f, 0x0, 0x0, 0x0, 0x0, 0x0,
    0x0, 0x0, 0x0, 0x0, 0x0, 0x0, 0x0, 0x0,
    0xab, 0xff, 0xff, 0xff, 0x3c, 0x0, 0x0, 0x0,
    0x0, 0x0, 0x0, 0x0, 0x0, 0x0, 0x0, 0x0,
    0x0, 0x0, 0xde, 0xff, 0xff, 0xfd, 0xc, 0x0,
    0x0, 0x0, 0x0, 0x0, 0x0, 0x0, 0x0, 0x0,
    0x0, 0x0, 0x0, 0x12, 0xff, 0xff, 0xff, 0xd6,
    0x0, 0x0, 0x0, 0x0, 0x0, 0x0, 0x0, 0x0,
    0x0, 0x0, 0x0, 0x0, 0x0, 0x44, 0xff, 0xff,
    0xff, 0xa3, 0x0, 0x0, 0x0, 0x0, 0x0, 0x0,
    0x0, 0x0, 0x0, 0x0, 0x0, 0x0, 0x0, 0x77,
    0xff, 0xff, 0xff, 0x70, 0x0, 0x0, 0x0, 0x0,
    0x0, 0x0, 0x0, 0x0, 0x0, 0x0, 0x0, 0x0,
    0x0, 0xaa, 0xff, 0xff, 0xff, 0x3d, 0x0, 0x0,
    0x0, 0x0, 0x0, 0x0, 0x0, 0x0, 0x0, 0x0,
    0x0, 0x0, 0x0, 0xdd, 0xff, 0xff, 0xfd, 0xd,
    0x0, 0x0, 0x0, 0x0, 0x0, 0x0, 0x0, 0x0,
    0x0, 0x0, 0x0, 0x0, 0x11, 0xff, 0xff, 0xff,
    0xd7, 0x0, 0x0, 0x0, 0x0, 0x0, 0x0, 0x0,
    0x0, 0x0, 0x0, 0x0, 0x0, 0x0, 0x4e, 0xff,
    0xff, 0xff, 0xa4, 0x0, 0x0, 0x0, 0x0, 0x0,
    0x0, 0x0, 0x0, 0x0, 0x0, 0x0, 0x0, 0x7,
    0xc3, 0xff, 0xff, 0xff, 0x65, 0x0, 0x0, 0x0,
    0x0, 0x0, 0x0, 0x0, 0x0, 0x0, 0x1, 0xc8,
    0xb4, 0xe1, 0xff, 0xff, 0xff, 0xfb, 0x13, 0x0,
    0x0, 0x0, 0x0, 0x0, 0x0, 0x0, 0x0, 0x0,
    0x36, 0xff, 0xff, 0xff, 0xff, 0xff, 0xff, 0x9b,
    0x0, 0x0, 0x0, 0x0, 0x0, 0x0, 0x0, 0x0,
    0x0, 0x0, 0x85, 0xff, 0xff, 0xff, 0xff, 0xff,
    0xc5, 0xb, 0x0, 0x0, 0x0, 0x0, 0x0, 0x0,
    0x0, 0x0, 0x0, 0x0, 0x79, 0xd9, 0xf5, 0xf6,
    0xce, 0x73, 0x6, 0x0, 0x0, 0x0, 0x0, 0x0,
    0x0, 0x0, 0x0, 0x0, 0x0, 0x0,

    /* U+01FA "Ǻ" */
    0x0, 0x0, 0x0, 0x0, 0x0, 0x0, 0x0, 0x0,
    0x0, 0x0, 0x90, 0xff, 0xff, 0xcf, 0x3, 0x0,
    0x0, 0x0, 0x0, 0x0, 0x0, 0x0, 0x0, 0x0,
    0x0, 0x0, 0x0, 0x0, 0x0, 0x0, 0x0, 0xd,
    0xf1, 0xff, 0xfe, 0x39, 0x0, 0x0, 0x0, 0x0,
    0x0, 0x0, 0x0, 0x0, 0x0, 0x0, 0x0, 0x0,
    0x0, 0x0, 0x0, 0x0, 0x4e, 0xd1, 0xff, 0xff,
    0xd6, 0xa, 0x0, 0x0, 0x0, 0x0, 0x0, 0x0,
    0x0, 0x0, 0x0, 0x0, 0x0, 0x0, 0x0, 0x0,
    0x0, 0x58, 0xfe, 0xff, 0xff, 0xff, 0xff, 0xc2,
    0x4, 0x0, 0x0, 0x0, 0x0, 0x0, 0x0, 0x0,
    0x0, 0x0, 0x0, 0x0, 0x0, 0x0, 0x0, 0xe5,
    0xff, 0xff, 0xbb, 0xe4, 0xff, 0xff, 0x5d, 0x0,
    0x0, 0x0, 0x0, 0x0, 0x0, 0x0, 0x0, 0x0,
    0x0, 0x0, 0x0, 0x0, 0x1a, 0xff, 0xff, 0xa5,
    0x0, 0x2a, 0xff, 0xff, 0x97, 0x0, 0x0, 0x0,
    0x0, 0x0, 0x0, 0x0, 0x0, 0x0, 0x0, 0x0,
    0x0, 0x0, 0x12, 0xfe, 0xff, 0xca, 0x12, 0x5e,
    0xff, 0xff, 0x8b, 0x0, 0x0, 0x0, 0x0, 0x0,
    0x0, 0x0, 0x0, 0x0, 0x0, 0x0, 0x0, 0x0,
    0x0, 0xae, 0xff, 0xff, 0xff, 0xff, 0xff, 0xfb,
    0x2e, 0x0, 0x0, 0x0, 0x0, 0x0, 0x0, 0x0,
    0x0, 0x0, 0x0, 0x0, 0x0, 0x0, 0x0, 0x3b,
    0xff, 0xff, 0xff, 0xff, 0xff, 0xb6, 0x0, 0x0,
    0x0, 0x0, 0x0, 0x0, 0x0, 0x0, 0x0, 0x0,
    0x0, 0x0, 0x0, 0x0, 0x0, 0x8b, 0xff, 0xff,
    0xff, 0xff, 0xff, 0xf5, 0xe, 0x0, 0x0, 0x0,
    0x0, 0x0, 0x0, 0x0, 0x0, 0x0, 0x0, 0x0,
    0x0, 0x0, 0x4, 0xe8, 0xff, 0xff, 0xff, 0xff,
    0xff, 0xff, 0x67, 0x0, 0x0, 0x0, 0x0, 0x0,
    0x0, 0x0, 0x0, 0x0, 0x0, 0x0, 0x0, 0x0,
    0x4f, 0xff, 0xff, 0xff, 0xd2, 0xff, 0xff, 0xff,
    0xc9, 0x0, 0x0, 0x0, 0x0, 0x0, 0x0, 0x0,
    0x0, 0x0, 0x0, 0x0, 0x0, 0x0, 0xb2, 0xff,
    0xff, 0xff, 0x53, 0xd8, 0xff, 0xff, 0xff, 0x2b,
    0x0, 0x0, 0x0, 0x0, 0x0, 0x0, 0x0, 0x0,
    0x0, 0x0, 0x0, 0x17, 0xfb, 0xff, 0xff, 0xf8,
    0xc, 0x8a, 0xff, 0xff, 0xff, 0x8e, 0x0, 0x0,
    0x0, 0x0, 0x0, 0x0, 0x0, 0x0, 0x0, 0x0,
    0x0, 0x76, 0xff, 0xff, 0xff, 0xb0, 0x0, 0x34,
    0xff, 0xff, 0xff, 0xea, 0x5, 0x0, 0x0, 0x0,
    0x0, 0x0, 0x0, 0x0, 0x0, 0x0, 0x0, 0xd7,
    0xff, 0xff, 0xff, 0x52, 0x0, 0x0, 0xd6, 0xff,
    0xff, 0xff, 0x52, 0x0, 0x0, 0x0, 0x0, 0x0,
    0x0, 0x0, 0x0, 0x0, 0x3b, 0xff, 0xff, 0xff,
    0xee, 0x6, 0x0, 0x0, 0x79, 0xff, 0xff, 0xff,
    0xb5, 0x0, 0x0, 0x0, 0x0, 0x0, 0x0, 0x0,
    0x0, 0x0, 0x9d, 0xff, 0xff, 0xff, 0x97, 0x0,
    0x0, 0x0, 0x1d, 0xfe, 0xff, 0xff, 0xfc, 0x1a,
    0x0, 0x0, 0x0, 0x0, 0x0, 0x0, 0x0, 0xb,
    0xf3, 0xff, 0xff, 0xff, 0x39, 0x0, 0x0, 0x0,
    0x0, 0xbe, 0xff, 0xff, 0xff, 0x79, 0x0, 0x0,
    0x0, 0x0, 0x0, 0x0, 0x0, 0x61, 0xff, 0xff,
    0xff, 0xfd, 0xac, 0xac, 0xac, 0xac, 0xac, 0xd5,
    0xff, 0xff, 0xff, 0xdb, 0x0, 0x0, 0x0, 0x0,
    0x0, 0x0, 0x0, 0xc4, 0xff, 0xff, 0xff, 0xff,
    0xff, 0xff, 0xff, 0xff, 0xff, 0xff, 0xff, 0xff,
    0xff, 0xff, 0x3e, 0x0, 0x0, 0x0, 0x0, 0x0,
    0x26, 0xff, 0xff, 0xff, 0xff, 0xff, 0xff, 0xff,
    0xff, 0xff, 0xff, 0xff, 0xff, 0xff, 0xff, 0xff,
    0xa0, 0x0, 0x0, 0x0, 0x0, 0x0, 0x88, 0xff,
    0xff, 0xff, 0xff, 0xff, 0xff, 0xff, 0xff, 0xff,
    0xff, 0xff, 0xff, 0xff, 0xff, 0xff, 0xf5, 0xd,
    0x0, 0x0, 0x0, 0x3, 0xe6, 0xff, 0xff, 0xff,
    0x71, 0x0, 0x0, 0x0, 0x0, 0x0, 0x0, 0x0,
    0x5, 0xec, 0xff, 0xff, 0xff, 0x65, 0x0, 0x0,
    0x0, 0x4d, 0xff, 0xff, 0xff, 0xfc, 0x18, 0x0,
    0x0, 0x0, 0x0, 0x0, 0x0, 0x0, 0x0, 0x97,
    0xff, 0xff, 0xff, 0xc7, 0x0, 0x0, 0x0, 0xaf,
    0xff, 0xff, 0xff, 0xb9, 0x0, 0x0, 0x0, 0x0,
    0x0, 0x0, 0x0, 0x0, 0x0, 0x3c, 0xff, 0xff,
    0xff, 0xff, 0x2a, 0x0, 0x16, 0xfa, 0xff, 0xff,
    0xff, 0x5d, 0x0, 0x0, 0x0, 0x0, 0x0, 0x0,
    0x0, 0x0, 0x0, 0x1, 0xe0, 0xff, 0xff, 0xff,
    0x8c, 0x0, 0x73, 0xff, 0xff, 0xff, 0xf5, 0xc,
    0x0, 0x0, 0x0, 0x0, 0x0, 0x0, 0x0, 0x0,
    0x0, 0x0, 0x86, 0xff, 0xff, 0xff, 0xe9, 0x5,

    /* U+01FB "ǻ" */
    0x0, 0x0, 0x0, 0x0, 0x0, 0x0, 0x0, 0x71,
    0xff, 0xff, 0xff, 0x88, 0x0, 0x0, 0x0, 0x0,
    0x0, 0x0, 0x0, 0x0, 0x0, 0x0, 0xb9, 0xff,
    0xff, 0xdf, 0xa, 0x0, 0x0, 0x0, 0x0, 0x0,
    0x0, 0x0, 0x0, 0x0, 0x9, 0xf7, 0xff, 0xff,
    0x4a, 0x0, 0x0, 0x0, 0x0, 0x0, 0x0, 0x0,
    0x0, 0x0, 0x0, 0x12, 0x60, 0x60, 0x53, 0x0,
    0x0, 0x0, 0x0, 0x0, 0x0, 0x0, 0x0, 0x0,
    0x0, 0x3, 0x7c, 0xea, 0xf2, 0x98, 0xc, 0x0,
    0x0, 0x0, 0x0, 0x0, 0x0, 0x0, 0x0, 0x0,
    0x80, 0xff, 0xff, 0xff, 0xff, 0xaf, 0x0, 0x0,
    0x0, 0x0, 0x0, 0x0, 0x0, 0x0, 0x1, 0xf2,
    0xff, 0x83, 0x5c, 0xfe, 0xff, 0x2d, 0x0, 0x0,
    0x0, 0x0, 0x0, 0x0, 0x0, 0x18, 0xff, 0xff,
    0x15, 0x0, 0xe2, 0xff, 0x51, 0x0, 0x0, 0x0,
    0x0, 0x0, 0x0, 0x0, 0x2, 0xf3, 0xff, 0x83,
    0x5b, 0xfe, 0xff, 0x30, 0x0, 0x0, 0x0, 0x0,
    0x0, 0x0, 0x0, 0x0, 0x82, 0xff, 0xff, 0xff,
    0xff, 0xb1, 0x0, 0x0, 0x0, 0x0, 0x0, 0x0,
    0x0, 0x0, 0x0, 0x3, 0x7f, 0xeb, 0xf3, 0x9b,
    0xc, 0x0, 0x0, 0x0, 0x0, 0x0, 0x0, 0x0,
    0x0, 0x0, 0x0, 0x0, 0x0, 0x0, 0x0, 0x0,
    0x0, 0x0, 0x0, 0x0, 0x0, 0x0, 0x0, 0x0,
    0x0, 0x0, 0x0, 0x0, 0x0, 0x0, 0x0, 0x0,
    0x0, 0x0, 0x0, 0x0, 0x0, 0x0, 0x11, 0x70,
    0xbf, 0xe4, 0xfa, 0xf1, 0xd4, 0x9b, 0x39, 0x0,
    0x0, 0x0, 0x0, 0x0, 0x56, 0xea, 0xff, 0xff,
    0xff, 0xff, 0xff, 0xff, 0xff, 0xff, 0x9d, 0x4,
    0x0, 0x0, 0x61, 0xfe, 0xff, 0xff, 0xff, 0xff,
    0xff, 0xff, 0xff, 0xff, 0xff, 0xff, 0x90, 0x0,
    0x0, 0x1e, 0xa9, 0xff, 0xf9, 0x93, 0x42, 0x2b,
    0x49, 0xae, 0xff, 0xff, 0xff, 0xfb, 0x1f, 0x0,
    0x0, 0x0, 0x3f, 0x36, 0x0, 0x0, 0x0, 0x0,
    0x0, 0x9f, 0xff, 0xff, 0xff, 0x68, 0x0, 0x0,
    0x0, 0x18, 0x75, 0xb0, 0xc9, 0xc8, 0xb3, 0x82,
    0x7b, 0xff, 0xff, 0xff, 0x8c, 0x0, 0x0, 0x67,
    0xf5, 0xff, 0xff, 0xff, 0xff, 0xff, 0xff, 0xff,
    0xff, 0xff, 0xff, 0x9b, 0x0, 0x58, 0xff, 0xff,
    0xff, 0xff, 0xff, 0xff, 0xff, 0xff, 0xff, 0xff,
    0xff, 0xff, 0x9c, 0x0, 0xdd, 0xff, 0xff, 0xff,
    0xaf, 0x2e, 0x9, 0x18, 0x44, 0xb1, 0xff, 0xff,
    0xff, 0x9c, 0x18, 0xff, 0xff, 0xff, 0xe6, 0x4,
    0x0, 0x0, 0x0, 0x0, 0x6d, 0xff, 0xff, 0xff,
    0x9c, 0x1c, 0xff, 0xff, 0xff, 0xdf, 0x0, 0x0,
    0x0, 0x0, 0xb, 0xdb, 0xff, 0xff, 0xff, 0x9c,
    0x2, 0xe9, 0xff, 0xff, 0xff, 0x9a, 0x21, 0xb,
    0x43, 0xd2, 0xff, 0xff, 0xff, 0xff, 0x9c, 0x0,
    0x78, 0xff, 0xff, 0xff, 0xff, 0xff, 0xff, 0xff,
    0xff, 0xff, 0xff, 0xff, 0xff, 0x9c, 0x0, 0x2,
    0xa2, 0xff, 0xff, 0xff, 0xff, 0xff, 0xff, 0xec,
    0x81, 0xff, 0xff, 0xff, 0x9c, 0x0, 0x0, 0x0,
    0x4f, 0xb8, 0xee, 0xf9, 0xe0, 0x95, 0x18, 0x44,
    0xff, 0xff, 0xff, 0x9c,

    /* U+01FC "Ǽ" */
    0x0, 0x0, 0x0, 0x0, 0x0, 0x0, 0x0, 0x0,
    0x0, 0x0, 0x0, 0x0, 0x0, 0x0, 0x0, 0x0,
    0x0, 0x0, 0x0, 0x0, 0xc1, 0xff, 0xff, 0xff,
    0xa6, 0x0, 0x0, 0x0, 0x0, 0x0, 0x0, 0x0,
    0x0, 0x0, 0x0, 0x0, 0x0, 0x0, 0x0, 0x0,
    0x0, 0x0, 0x0, 0x0, 0x0, 0x0, 0x0, 0x0,
    0x14, 0xfc, 0xff, 0xff, 0xe8, 0x13, 0x0, 0x0,
    0x0, 0x0, 0x0, 0x0, 0x0, 0x0, 0x0, 0x0,
    0x0, 0x0, 0x0, 0x0, 0x0, 0x0, 0x0, 0x0,
    0x0, 0x0, 0x0, 0x0, 0x0, 0x61, 0xff, 0xff,
    0xff, 0x51, 0x0, 0x0, 0x0, 0x0, 0x0, 0x0,
    0x0, 0x0, 0x0, 0x0, 0x0, 0x0, 0x0, 0x0,
    0x0, 0x0, 0x0, 0x0, 0x0, 0x0, 0x0, 0x0,
    0x0, 0x0, 0xb2, 0xff, 0xff, 0xa6, 0x0, 0x0,
    0x0, 0x0, 0x0, 0x0, 0x0, 0x0, 0x0, 0x0,
    0x0, 0x0, 0x0, 0x0, 0x0, 0x0, 0x0, 0x0,
    0x0, 0x0, 0x0, 0x0, 0x0, 0x0, 0x0, 0x6,
    0x8, 0x8, 0x2, 0x0, 0x0, 0x0, 0x0, 0x0,
    0x0, 0x0, 0x0, 0x0, 0x0, 0x0, 0x0, 0x0,
    0x0, 0x0, 0x0, 0x0, 0x0, 0x0, 0x0, 0x0,
    0x0, 0x0, 0x0, 0x0, 0x0, 0x0, 0x0, 0x0,
    0x0, 0x0, 0x0, 0x0, 0x0, 0x0, 0x0, 0x0,
    0x0, 0x0, 0x0, 0x0, 0x0, 0x0, 0x0, 0x0,
    0x0, 0x0, 0xa5, 0xff, 0xff, 0xff, 0xff, 0xff,
    0xff, 0xff, 0xff, 0xff, 0xff, 0xff, 0xff, 0xff,
    0xff, 0xff, 0x98, 0x0, 0x0, 0x0, 0x0, 0x0,
    0x0, 0x0, 0x0, 0x0, 0x0, 0x0, 0x3d, 0xff,
    0xff, 0xff, 0xff, 0xff, 0xff, 0xff, 0xff, 0xff,
    0xff, 0xff, 0xff, 0xff, 0xff, 0xff, 0xff, 0x98,
    0x0, 0x0, 0x0, 0x0, 0x0, 0x0, 0x0, 0x0,
    0x0, 0x0, 0x3, 0xd2, 0xff, 0xff, 0xff, 0xff,
    0xff, 0xff, 0xff, 0xff, 0xff, 0xff, 0xff, 0xff,
    0xff, 0xff, 0xff, 0xff, 0x98, 0x0, 0x0, 0x0,
    0x0, 0x0, 0x0, 0x0, 0x0, 0x0, 0x0, 0x6f,
    0xff, 0xff, 0xff, 0xed, 0xff, 0xff, 0xff, 0xff,
    0xcc, 0xcc, 0xcc, 0xcc, 0xcc, 0xcc, 0xcc, 0xcc,
    0xcc, 0x79, 0x0, 0x0, 0x0, 0x0, 0x0, 0x0,
    0x0, 0x0, 0x0, 0x16, 0xf0, 0xff, 0xff, 0xff,
    0x58, 0xff, 0xff, 0xff, 0xff, 0x4, 0x0, 0x0,
    0x0, 0x0, 0x0, 0x0, 0x0, 0x0, 0x0, 0x0,
    0x0, 0x0, 0x0, 0x0, 0x0, 0x0, 0x0, 0x0,
    0xa0, 0xff, 0xff, 0xff, 0xcd, 0x8, 0xff, 0xff,
    0xff, 0xff, 0x4, 0x0, 0x0, 0x0, 0x0, 0x0,
    0x0, 0x0, 0x0, 0x0, 0x0, 0x0, 0x0, 0x0,
    0x0, 0x0, 0x0, 0x0, 0x3a, 0xfe, 0xff, 0xff,
    0xff, 0x3c, 0x8, 0xff, 0xff, 0xff, 0xff, 0x4,
    0x0, 0x0, 0x0, 0x0, 0x0, 0x0, 0x0, 0x0,
    0x0, 0x0, 0x0, 0x0, 0x0, 0x0, 0x0, 0x0,
    0x3, 0xce, 0xff, 0xff, 0xff, 0xa2, 0x0, 0x8,
    0xff, 0xff, 0xff, 0xff, 0x4, 0x0, 0x0, 0x0,
    0x0, 0x0, 0x0, 0x0, 0x0, 0x0, 0x0, 0x0,
    0x0, 0x0, 0x0, 0x0, 0x0, 0x6b, 0xff, 0xff,
    0xff, 0xf1, 0x17, 0x0, 0x8, 0xff, 0xff, 0xff,
    0xff, 0xc8, 0xc8, 0xc8, 0xc8, 0xc8, 0xc8, 0xc8,
    0xc8, 0x7d, 0x0, 0x0, 0x0, 0x0, 0x0, 0x0,
    0x0, 0x14, 0xee, 0xff, 0xff, 0xff, 0x6f, 0x0,
    0x0, 0x8, 0xff, 0xff, 0xff, 0xff, 0xff, 0xff,
    0xff, 0xff, 0xff, 0xff, 0xff, 0xff, 0xa0, 0x0,
    0x0, 0x0, 0x0, 0x0, 0x0, 0x0, 0x9c, 0xff,
    0xff, 0xff, 0xd2, 0x3, 0x0, 0x0, 0x8, 0xff,
    0xff, 0xff, 0xff, 0xff, 0xff, 0xff, 0xff, 0xff,
    0xff, 0xff, 0xff, 0xa0, 0x0, 0x0, 0x0, 0x0,
    0x0, 0x0, 0x36, 0xfe, 0xff, 0xff, 0xff, 0x3d,
    0x0, 0x0, 0x0, 0x8, 0xff, 0xff, 0xff, 0xff,
    0xff, 0xff, 0xff, 0xff, 0xff, 0xff, 0xff, 0xff,
    0xa0, 0x0, 0x0, 0x0, 0x0, 0x0, 0x2, 0xcb,
    0xff, 0xff, 0xff, 0xff, 0xff, 0xff, 0xff, 0xff,
    0xff, 0xff, 0xff, 0xff, 0xff, 0x4, 0x0, 0x0,
    0x0, 0x0, 0x0, 0x0, 0x0, 0x0, 0x0, 0x0,
    0x0, 0x0, 0x0, 0x66, 0xff, 0xff, 0xff, 0xff,
    0xff, 0xff, 0xff, 0xff, 0xff, 0xff, 0xff, 0xff,
    0xff, 0xff, 0x4, 0x0, 0x0, 0x0, 0x0, 0x0,
    0x0, 0x0, 0x0, 0x0, 0x0, 0x0, 0x0, 0x12,
    0xec, 0xff, 0xff, 0xff, 0xff, 0xff, 0xff, 0xff,
    0xff, 0xff, 0xff, 0xff, 0xff, 0xff, 0xff, 0x4,
    0x0, 0x0, 0x0, 0x0, 0x0, 0x0, 0x0, 0x0,
    0x0, 0x0, 0x0, 0x0, 0x98, 0xff, 0xff, 0xff,
    0xf2, 0xcc, 0xcc, 0xcc, 0xcc, 0xcc, 0xcc, 0xcd,
    0xff, 0xff, 0xff, 0xff, 0x4, 0x0, 0x0, 0x0,
    0x0, 0x0, 0x0, 0x0, 0x0, 0x0, 0x0, 0x0,
    0x33, 0xfd, 0xff, 0xff, 0xff, 0x66, 0x0, 0x0,
    0x0, 0x0, 0x0, 0x0, 0x8, 0xff, 0xff, 0xff,
    0xff, 0x4, 0x0, 0x0, 0x0, 0x0, 0x0, 0x0,
    0x0, 0x0, 0x0, 0x0, 0x1, 0xc7, 0xff, 0xff,
    0xff, 0xd2, 0x3, 0x0, 0x0, 0x0, 0x0, 0x0,
    0x0, 0x8, 0xff, 0xff, 0xff, 0xff, 0xcc, 0xcc,
    0xcc, 0xcc, 0xcc, 0xcc, 0xcc, 0xcc, 0xcc, 0x79,
    0x0, 0x62, 0xff, 0xff, 0xff, 0xff, 0x45, 0x0,
    0x0, 0x0, 0x0, 0x0, 0x0, 0x0, 0x8, 0xff,
    0xff, 0xff, 0xff, 0xff, 0xff, 0xff, 0xff, 0xff,
    0xff, 0xff, 0xff, 0xff, 0x98, 0x10, 0xea, 0xff,
    0xff, 0xff, 0xb4, 0x0, 0x0, 0x0, 0x0, 0x0,
    0x0, 0x0, 0x0, 0x8, 0xff, 0xff, 0xff, 0xff,
    0xff, 0xff, 0xff, 0xff, 0xff, 0xff, 0xff, 0xff,
    0xff, 0x98, 0x94, 0xff, 0xff, 0xff, 0xfb, 0x28,
    0x0, 0x0, 0x0, 0x0, 0x0, 0x0, 0x0, 0x0,
    0x8, 0xff, 0xff, 0xff, 0xff, 0xff, 0xff, 0xff,
    0xff, 0xff, 0xff, 0xff, 0xff, 0xff, 0x98,

    /* U+01FD "ǽ" */
    0x0, 0x0, 0x0, 0x0, 0x0, 0x0, 0x0, 0x0,
    0x0, 0x0, 0x0, 0x0, 0x71, 0xff, 0xff, 0xff,
    0xe7, 0x12, 0x0, 0x0, 0x0, 0x0, 0x0, 0x0,
    0x0, 0x0, 0x0, 0x0, 0x0, 0x0, 0x0, 0x0,
    0x0, 0x0, 0x0, 0x0, 0x0, 0x0, 0xc1, 0xff,
    0xff, 0xff, 0x4e, 0x0, 0x0, 0x0, 0x0, 0x0,
    0x0, 0x0, 0x0, 0x0, 0x0, 0x0, 0x0, 0x0,
    0x0, 0x0, 0x0, 0x0, 0x0, 0x0, 0x0, 0x14,
    0xfc, 0xff, 0xff, 0xa2, 0x0, 0x0, 0x0, 0x0,
    0x0, 0x0, 0x0, 0x0, 0x0, 0x0, 0x0, 0x0,
    0x0, 0x0, 0x0, 0x0, 0x0, 0x0, 0x0, 0x0,
    0x0, 0x62, 0xff, 0xff, 0xe5, 0x11, 0x0, 0x0,
    0x0, 0x0, 0x0, 0x0, 0x0, 0x0, 0x0, 0x0,
    0x0, 0x0, 0x0, 0x0, 0x0, 0x0, 0x0, 0x0,
    0x0, 0x0, 0x0, 0x4, 0x8, 0x8, 0x4, 0x0,
    0x0, 0x0, 0x0, 0x0, 0x0, 0x0, 0x0, 0x0,
    0x0, 0x0, 0x0, 0x0, 0x0, 0x0, 0x0, 0x0,
    0x0, 0x0, 0x0, 0x0, 0x0, 0x0, 0x0, 0x0,
    0x0, 0x0, 0x0, 0x0, 0x0, 0x0, 0x0, 0x0,
    0x0, 0x0, 0x0, 0x0, 0x0, 0x0, 0x0, 0x4,
    0x55, 0xb4, 0xdf, 0xf8, 0xeb, 0xc6, 0x74, 0xc,
    0x0, 0x0, 0x2, 0x5c, 0xb7, 0xe7, 0xfa, 0xe9,
    0xc0, 0x74, 0xd, 0x0, 0x0, 0x0, 0x0, 0x0,
    0x15, 0xbf, 0xff, 0xff, 0xff, 0xff, 0xff, 0xff,
    0xff, 0xe3, 0x37, 0x18, 0xc8, 0xff, 0xff, 0xff,
    0xff, 0xff, 0xff, 0xff, 0xeb, 0x43, 0x0, 0x0,
    0x0, 0x3, 0xc6, 0xff, 0xff, 0xff, 0xff, 0xff,
    0xff, 0xff, 0xff, 0xff, 0xf0, 0xda, 0xff, 0xff,
    0xff, 0xff, 0xff, 0xff, 0xff, 0xff, 0xff, 0xfa,
    0x3b, 0x0, 0x0, 0x28, 0xc3, 0xfe, 0xff, 0xab,
    0x46, 0x2b, 0x44, 0xa2, 0xff, 0xff, 0xff, 0xff,
    0xff, 0xfb, 0x94, 0x41, 0x2d, 0x4b, 0xa0, 0xfd,
    0xff, 0xff, 0xdb, 0x3, 0x0, 0x0, 0x0, 0x21,
    0x5f, 0x0, 0x0, 0x0, 0x0, 0x0, 0x95, 0xff,
    0xff, 0xff, 0xff, 0x4c, 0x0, 0x0, 0x0, 0x0,
    0x0, 0x6b, 0xff, 0xff, 0xff, 0x4d, 0x0, 0x0,
    0x0, 0x18, 0x75, 0xb0, 0xc9, 0xca, 0xbb, 0x98,
    0x99, 0xff, 0xff, 0xff, 0xf7, 0xc0, 0xc0, 0xc0,
    0xc0, 0xc0, 0xc0, 0xc4, 0xff, 0xff, 0xff, 0x93,
    0x0, 0x0, 0x67, 0xf5, 0xff, 0xff, 0xff, 0xff,
    0xff, 0xff, 0xff, 0xff, 0xff, 0xff, 0xff, 0xff,
    0xff, 0xff, 0xff, 0xff, 0xff, 0xff, 0xff, 0xff,
    0xff, 0xb4, 0x0, 0x58, 0xff, 0xff, 0xff, 0xff,
    0xff, 0xff, 0xff, 0xff, 0xff, 0xff, 0xff, 0xff,
    0xff, 0xff, 0xff, 0xff, 0xff, 0xff, 0xff, 0xff,
    0xff, 0xff, 0xff, 0xbf, 0x0, 0xdd, 0xff, 0xff,
    0xff, 0xaf, 0x2e, 0x8, 0x12, 0x32, 0x96, 0xff,
    0xff, 0xff, 0xb8, 0x0, 0x0, 0x0, 0x0, 0x0,
    0x0, 0x0, 0x0, 0x0, 0x0, 0x0, 0x18, 0xff,
    0xff, 0xff, 0xe6, 0x4, 0x0, 0x0, 0x0, 0x0,
    0x77, 0xff, 0xff, 0xff, 0xf9, 0x21, 0x0, 0x0,
    0x0, 0x0, 0x0, 0x5, 0x7b, 0x17, 0x0, 0x0,
    0x1c, 0xff, 0xff, 0xff, 0xdf, 0x0, 0x0, 0x0,
    0x0, 0x10, 0xe6, 0xff, 0xff, 0xff, 0xff, 0xd2,
    0x17, 0x0, 0x0, 0x0, 0x5, 0xa4, 0xff, 0xf5,
    0x88, 0x12, 0x2, 0xe9, 0xff, 0xff, 0xff, 0x9a,
    0x21, 0xc, 0x49, 0xdb, 0xff, 0xff, 0xff, 0xff,
    0xff, 0xff, 0xf3, 0x9c, 0x79, 0x8d, 0xe0, 0xff,
    0xff, 0xff, 0xf9, 0x31, 0x0, 0x78, 0xff, 0xff,
    0xff, 0xff, 0xff, 0xff, 0xff, 0xff, 0xff, 0xf8,
    0x5c, 0xd8, 0xff, 0xff, 0xff, 0xff, 0xff, 0xff,
    0xff, 0xff, 0xff, 0xfe, 0x6a, 0x0, 0x0, 0x2,
    0xa1, 0xff, 0xff, 0xff, 0xff, 0xff, 0xff, 0xff,
    0xe2, 0x42, 0x0, 0x19, 0xbc, 0xff, 0xff, 0xff,
    0xff, 0xff, 0xff, 0xff, 0xf4, 0x55, 0x0, 0x0,
    0x0, 0x0, 0x0, 0x4c, 0xb3, 0xe9, 0xfa, 0xe8,
    0xc1, 0x6e, 0xc, 0x0, 0x0, 0x0, 0x1, 0x51,
    0xb0, 0xe2, 0xfa, 0xf1, 0xcb, 0x83, 0x19, 0x0,
    0x0, 0x0,

    /* U+01FE "Ǿ" */
    0x0, 0x0, 0x0, 0x0, 0x0, 0x0, 0x0, 0x0,
    0x0, 0x0, 0x0, 0x7, 0x8, 0x8, 0x8, 0x4,
    0x0, 0x0, 0x0, 0x0, 0x0, 0x0, 0x0, 0x0,
    0x0, 0x0, 0x0, 0x0, 0x0, 0x0, 0x0, 0x0,
    0x0, 0x22, 0xff, 0xff, 0xff, 0xff, 0x45, 0x0,
    0x0, 0x0, 0x0, 0x0, 0x0, 0x0, 0x0, 0x0,
    0x0, 0x0, 0x0, 0x0, 0x0, 0x0, 0x0, 0x0,
    0x73, 0xff, 0xff, 0xff, 0x98, 0x0, 0x0, 0x0,
    0x0, 0x0, 0x0, 0x0, 0x0, 0x0, 0x0, 0x0,
    0x0, 0x0, 0x0, 0x0, 0x0, 0x0, 0x0, 0xc4,
    0xff, 0xff, 0xe0, 0xd, 0x0, 0x0, 0x0, 0x0,
    0x0, 0x0, 0x0, 0x0, 0x0, 0x0, 0x0, 0x0,
    0x0, 0x0, 0x0, 0x0, 0x0, 0x16, 0xfd, 0xff,
    0xfe, 0x42, 0x0, 0x0, 0x0, 0x0, 0x0, 0x0,
    0x0, 0x0, 0x0, 0x0, 0x0, 0x0, 0x0, 0x0,
    0x0, 0x0, 0x0, 0x0, 0x0, 0x0, 0x0, 0x0,
    0x0, 0x0, 0x0, 0x7, 0x36, 0x0, 0x0, 0x0,
    0x0, 0x0, 0x0, 0x0, 0x0, 0x0, 0x0, 0x0,
    0x0, 0x0, 0x0, 0x0, 0x0, 0x0, 0x0, 0x0,
    0x0, 0x0, 0x64, 0xf6, 0x51, 0x0, 0x0, 0x0,
    0x0, 0x0, 0x0, 0x0, 0x0, 0x0, 0x0, 0xf,
    0x5d, 0xa5, 0xd6, 0xed, 0xf8, 0xe2, 0xc8, 0x87,
    0x38, 0xd8, 0xff, 0xfd, 0x67, 0x0, 0x0, 0x0,
    0x0, 0x0, 0x0, 0x0, 0xb, 0x7f, 0xef, 0xff,
    0xff, 0xff, 0xff, 0xff, 0xff, 0xff, 0xff, 0xff,
    0xff, 0xff, 0xff, 0x60, 0x0, 0x0, 0x0, 0x0,
    0x0, 0x0, 0x28, 0xd5, 0xff, 0xff, 0xff, 0xff,
    0xff, 0xff, 0xff, 0xff, 0xff, 0xff, 0xff, 0xff,
    0xff, 0xdf, 0x1, 0x0, 0x0, 0x0, 0x0, 0x0,
    0x2a, 0xef, 0xff, 0xff, 0xff, 0xff, 0xff, 0xfa,
    0xdf, 0xd1, 0xe4, 0xff, 0xff, 0xff, 0xff, 0xff,
    0xff, 0x96, 0x1, 0x0, 0x0, 0x0, 0x11, 0xe1,
    0xff, 0xff, 0xff, 0xff, 0xc9, 0x54, 0xc, 0x0,
    0x0, 0x0, 0x74, 0xff, 0xff, 0xff, 0xff, 0xff,
    0xff, 0x7c, 0x0, 0x0, 0x0, 0x91, 0xff, 0xff,
    0xff, 0xff, 0x79, 0x1, 0x0, 0x0, 0x0, 0x0,
    0x1f, 0xf1, 0xff, 0xff, 0xf6, 0xff, 0xff, 0xff,
    0xf9, 0x29, 0x0, 0x1a, 0xfb, 0xff, 0xff, 0xff,
    0x7e, 0x0, 0x0, 0x0, 0x0, 0x0, 0x1, 0xbe,
    0xff, 0xff, 0xf0, 0x28, 0xcf, 0xff, 0xff, 0xff,
    0xaf, 0x0, 0x6b, 0xff, 0xff, 0xff, 0xd8, 0x4,
    0x0, 0x0, 0x0, 0x0, 0x0, 0x71, 0xff, 0xff,
    0xff, 0x5e, 0x0, 0x39, 0xff, 0xff, 0xff, 0xfc,
    0x14, 0xb0, 0xff, 0xff, 0xff, 0x78, 0x0, 0x0,
    0x0, 0x0, 0x0, 0x28, 0xf7, 0xff, 0xff, 0xaf,
    0x0, 0x0, 0x0, 0xd3, 0xff, 0xff, 0xff, 0x53,
    0xcd, 0xff, 0xff, 0xff, 0x40, 0x0, 0x0, 0x0,
    0x0, 0x4, 0xcb, 0xff, 0xff, 0xea, 0x16, 0x0,
    0x0, 0x0, 0x99, 0xff, 0xff, 0xff, 0x7a, 0xdf,
    0xff, 0xff, 0xff, 0x2d, 0x0, 0x0, 0x0, 0x0,
    0x7f, 0xff, 0xff, 0xff, 0x52, 0x0, 0x0, 0x0,
    0x0, 0x86, 0xff, 0xff, 0xff, 0x86, 0xd4, 0xff,
    0xff, 0xff, 0x3f, 0x0, 0x0, 0x0, 0x33, 0xfb,
    0xff, 0xff, 0xa2, 0x0, 0x0, 0x0, 0x0, 0x0,
    0x99, 0xff, 0xff, 0xff, 0x73, 0xae, 0xff, 0xff,
    0xff, 0x76, 0x0, 0x0, 0x8, 0xd5, 0xff, 0xff,
    0xe3, 0x10, 0x0, 0x0, 0x0, 0x0, 0x0, 0xd3,
    0xff, 0xff, 0xff, 0x56, 0x6d, 0xff, 0xff, 0xff,
    0xd6, 0x4, 0x0, 0x8e, 0xff, 0xff, 0xff, 0x46,
    0x0, 0x0, 0x0, 0x0, 0x0, 0x37, 0xff, 0xff,
    0xff, 0xfc, 0x14, 0x15, 0xf8, 0xff, 0xff, 0xff,
    0x7e, 0x3f, 0xfe, 0xff, 0xff, 0x95, 0x0, 0x0,
    0x0, 0x0, 0x0, 0xa, 0xcd, 0xff, 0xff, 0xff,
    0xba, 0x0, 0x0, 0x82, 0xff, 0xff, 0xff, 0xff,
    0xed, 0xff, 0xff, 0xdb, 0xb, 0x0, 0x0, 0x0,
    0x0, 0x14, 0xbc, 0xff, 0xff, 0xff, 0xff, 0x39,
    0x0, 0x0, 0x6, 0xd3, 0xff, 0xff, 0xff, 0xff,
    0xff, 0xff, 0x40, 0x0, 0x0, 0x0, 0x1b, 0x76,
    0xe9, 0xff, 0xff, 0xff, 0xff, 0x9b, 0x0, 0x0,
    0x0, 0x0, 0x1d, 0xda, 0xff, 0xff, 0xff, 0xff,
    0xff, 0xf7, 0xd5, 0xcd, 0xe2, 0xff, 0xff, 0xff,
    0xff, 0xff, 0xff, 0xbe, 0x5, 0x0, 0x0, 0x0,
    0x0, 0x0, 0x25, 0xfe, 0xff, 0xff, 0xff, 0xff,
    0xff, 0xff, 0xff, 0xff, 0xff, 0xff, 0xff, 0xff,
    0xff, 0xa1, 0xa, 0x0, 0x0, 0x0, 0x0, 0x0,
    0x0, 0x91, 0xff, 0xff, 0xff, 0xff, 0xff, 0xff,
    0xff, 0xff, 0xff, 0xff, 0xff, 0xff, 0xd5, 0x55,
    0x0, 0x0, 0x0, 0x0, 0x0, 0x0, 0x0, 0x0,
    0x78, 0xf8, 0xff, 0xa6, 0x56, 0xa3, 0xd5, 0xed,
    0xfa, 0xe7, 0xcd, 0x90, 0x46, 0x2, 0x0, 0x0,
    0x0, 0x0, 0x0, 0x0, 0x0, 0x0, 0x0, 0x0,
    0x27, 0xb1, 0x15, 0x0, 0x0, 0x0, 0x0, 0x0,
    0x0, 0x0, 0x0, 0x0, 0x0, 0x0, 0x0, 0x0,
    0x0, 0x0, 0x0,

    /* U+01FF "ǿ" */
    0x0, 0x0, 0x0, 0x0, 0x0, 0x0, 0x0, 0x1,
    0xe6, 0xff, 0xff, 0xff, 0x81, 0x0, 0x0, 0x0,
    0x0, 0x0, 0x0, 0x0, 0x0, 0x0, 0x0, 0x0,
    0x39, 0xff, 0xff, 0xff, 0xd0, 0x5, 0x0, 0x0,
    0x0, 0x0, 0x0, 0x0, 0x0, 0x0, 0x0, 0x0,
    0x0, 0x89, 0xff, 0xff, 0xfa, 0x30, 0x0, 0x0,
    0x0, 0x0, 0x0, 0x0, 0x0, 0x0, 0x0, 0x0,
    0x0, 0x0, 0xd9, 0xff, 0xff, 0x7f, 0x0, 0x0,
    0x0, 0x0, 0x0, 0x0, 0x0, 0x0, 0x0, 0x0,
    0x0, 0x0, 0x0, 0x8, 0x8, 0x8, 0x1, 0x0,
    0x0, 0x0, 0x0, 0x0, 0x0, 0x0, 0x0, 0x0,
    0x0, 0x0, 0x0, 0x0, 0x0, 0x0, 0x0, 0x0,
    0x8, 0x74, 0x10, 0x0, 0x0, 0x0, 0x0, 0x0,
    0x0, 0x0, 0x9, 0x68, 0xb7, 0xe6, 0xf9, 0xee,
    0xc8, 0xbf, 0xff, 0xf0, 0x75, 0x0, 0x0, 0x0,
    0x0, 0x0, 0x42, 0xe6, 0xff, 0xff, 0xff, 0xff,
    0xff, 0xff, 0xff, 0xff, 0xff, 0x70, 0x0, 0x0,
    0x0, 0x0, 0x4c, 0xfc, 0xff, 0xff, 0xff, 0xff,
    0xff, 0xff, 0xff, 0xff, 0xff, 0xff, 0x7e, 0x0,
    0x0, 0x0, 0x17, 0xf2, 0xff, 0xff, 0xff, 0xdd,
    0x7e, 0x5a, 0xc8, 0xff, 0xff, 0xff, 0xff, 0xff,
    0x44, 0x0, 0x0, 0x8f, 0xff, 0xff, 0xff, 0xb3,
    0x8, 0x0, 0x2f, 0xfa, 0xff, 0xff, 0xff, 0xff,
    0xff, 0xcb, 0x0, 0x0, 0xe3, 0xff, 0xff, 0xea,
    0x14, 0x0, 0x5, 0xcf, 0xff, 0xff, 0xd3, 0xb5,
    0xff, 0xff, 0xff, 0x24, 0x11, 0xff, 0xff, 0xff,
    0x98, 0x0, 0x0, 0x7f, 0xff, 0xff, 0xfb, 0x33,
    0x54, 0xff, 0xff, 0xff, 0x55, 0x22, 0xff, 0xff,
    0xff, 0x7f, 0x0, 0x2f, 0xfa, 0xff, 0xff, 0x83,
    0x0, 0x37, 0xff, 0xff, 0xff, 0x69, 0x10, 0xff,
    0xff, 0xff, 0x9b, 0x5, 0xcf, 0xff, 0xff, 0xd2,
    0x6, 0x0, 0x50, 0xff, 0xff, 0xff, 0x58, 0x0,
    0xe2, 0xff, 0xff, 0xea, 0x8a, 0xff, 0xff, 0xfb,
    0x31, 0x0, 0x0, 0xb5, 0xff, 0xff, 0xff, 0x2a,
    0x0, 0x8f, 0xff, 0xff, 0xff, 0xff, 0xff, 0xff,
    0x81, 0x0, 0x0, 0x73, 0xff, 0xff, 0xff, 0xd5,
    0x0, 0x0, 0x18, 0xf2, 0xff, 0xff, 0xff, 0xff,
    0xf4, 0x5b, 0x6a, 0xbc, 0xff, 0xff, 0xff, 0xff,
    0x52, 0x0, 0x0, 0x0, 0x4a, 0xfb, 0xff, 0xff,
    0xff, 0xff, 0xff, 0xff, 0xff, 0xff, 0xff, 0xff,
    0x93, 0x0, 0x0, 0x0, 0x0, 0x21, 0xf6, 0xff,
    0xff, 0xff, 0xff, 0xff, 0xff, 0xff, 0xff, 0xf9,
    0x79, 0x1, 0x0, 0x0, 0x0, 0x0, 0x37, 0xd8,
    0xff, 0xe3, 0xb8, 0xe9, 0xfa, 0xee, 0xcb, 0x85,
    0x1d, 0x0, 0x0, 0x0, 0x0, 0x0, 0x0, 0x0,
    0x4, 0x6e, 0x47, 0x0, 0x0, 0x0, 0x0, 0x0,
    0x0, 0x0, 0x0, 0x0, 0x0, 0x0,

    /* U+0218 "Ș" */
    0x0, 0x0, 0x0, 0x0, 0x19, 0x7e, 0xc6, 0xed,
    0xfb, 0xed, 0xc3, 0x77, 0x11, 0x0, 0x0, 0x0,
    0x0, 0x0, 0x0, 0x0, 0x65, 0xf5, 0xff, 0xff,
    0xff, 0xff, 0xff, 0xff, 0xff, 0xeb, 0x4a, 0x0,
    0x0, 0x0, 0x0, 0x0, 0x61, 0xff, 0xff, 0xff,
    0xff, 0xff, 0xff, 0xff, 0xff, 0xff, 0xff, 0xfb,
    0x44, 0x0, 0x0, 0x0, 0xd, 0xf1, 0xff, 0xff,
    0xff, 0xff, 0xcf, 0xb4, 0xd0, 0xff, 0xff, 0xff,
    0xff, 0xe2, 0x8, 0x0, 0x0, 0x54, 0xff, 0xff,
    0xff, 0xe9, 0x34, 0x0, 0x0, 0x0, 0x41, 0xf0,
    0xff, 0xff, 0xc4, 0x24, 0x0, 0x0, 0x71, 0xff,
    0xff, 0xff, 0x88, 0x0, 0x0, 0x0, 0x0, 0x0,
    0x55, 0x88, 0x26, 0x0, 0x0, 0x0, 0x0, 0x5b,
    0xff, 0xff, 0xff, 0xb7, 0x0, 0x0, 0x0, 0x0,
    0x0, 0x0, 0x0, 0x0, 0x0, 0x0, 0x0, 0x0,
    0x14, 0xf4, 0xff, 0xff, 0xff, 0xab, 0x20, 0x0,
    0x0, 0x0, 0x0, 0x0, 0x0, 0x0, 0x0, 0x0,
    0x0, 0x0, 0x5a, 0xff, 0xff, 0xff, 0xff, 0xfd,
    0xb9, 0x61, 0x12, 0x0, 0x0, 0x0, 0x0, 0x0,
    0x0, 0x0, 0x0, 0x0, 0x6a, 0xf7, 0xff, 0xff,
    0xff, 0xff, 0xff, 0xf8, 0xa4, 0x3b, 0x0, 0x0,
    0x0, 0x0, 0x0, 0x0, 0x0, 0x0, 0x2b, 0xa5,
    0xf9, 0xff, 0xff, 0xff, 0xff, 0xff, 0xff, 0xaa,
    0xe, 0x0, 0x0, 0x0, 0x0, 0x0, 0x0, 0x0,
    0x0, 0x13, 0x65, 0xbe, 0xfe, 0xff, 0xff, 0xff,
    0xff, 0xc9, 0x8, 0x0, 0x0, 0x0, 0x0, 0x0,
    0x0, 0x0, 0x0, 0x0, 0x0, 0x26, 0xa4, 0xff,
    0xff, 0xff, 0xff, 0x7d, 0x0, 0x0, 0x0, 0x0,
    0x0, 0xe, 0x0, 0x0, 0x0, 0x0, 0x0, 0x0,
    0x76, 0xff, 0xff, 0xff, 0xde, 0x0, 0x0, 0x1c,
    0x76, 0xd1, 0xd2, 0x0, 0x0, 0x0, 0x0, 0x0,
    0x0, 0xe, 0xfe, 0xff, 0xff, 0xff, 0x8, 0x1d,
    0xfd, 0xff, 0xff, 0xff, 0x64, 0x0, 0x0, 0x0,
    0x0, 0x0, 0x1c, 0xff, 0xff, 0xff, 0xfe, 0x7,
    0x0, 0xbb, 0xff, 0xff, 0xff, 0xf9, 0x73, 0x5,
    0x0, 0x0, 0x29, 0xcb, 0xff, 0xff, 0xff, 0xde,
    0x0, 0x0, 0x2d, 0xf8, 0xff, 0xff, 0xff, 0xff,
    0xf7, 0xd4, 0xe0, 0xff, 0xff, 0xff, 0xff, 0xff,
    0x7b, 0x0, 0x0, 0x0, 0x5a, 0xfc, 0xff, 0xff,
    0xff, 0xff, 0xff, 0xff, 0xff, 0xff, 0xff, 0xff,
    0xc6, 0x6, 0x0, 0x0, 0x0, 0x0, 0x48, 0xe5,
    0xff, 0xff, 0xff, 0xff, 0xff, 0xff, 0xff, 0xff,
    0xa4, 0xb, 0x0, 0x0, 0x0, 0x0, 0x0, 0x0,
    0xc, 0x6b, 0xba, 0xe8, 0xfb, 0xf3, 0xce, 0x8f,
    0x31, 0x0, 0x0, 0x0, 0x0, 0x0, 0x0, 0x0,
    0x0, 0x0, 0x0, 0x0, 0x0, 0x0, 0x0, 0x0,
    0x0, 0x0, 0x0, 0x0, 0x0, 0x0, 0x0, 0x0,
    0x0, 0x0, 0x0, 0x0, 0x0, 0x4f, 0xe3, 0xe8,
    0x5a, 0x0, 0x0, 0x0, 0x0, 0x0, 0x0, 0x0,
    0x0, 0x0, 0x0, 0x0, 0x0, 0x3, 0xf1, 0xff,
    0xff, 0xf7, 0xb, 0x0, 0x0, 0x0, 0x0, 0x0,
    0x0, 0x0, 0x0, 0x0, 0x0, 0x0, 0xa, 0xfb,
    0xff, 0xff, 0xff, 0x16, 0x0, 0x0, 0x0, 0x0,
    0x0, 0x0, 0x0, 0x0, 0x0, 0x0, 0x0, 0x0,
    0x7c, 0xfd, 0xff, 0xb2, 0x0, 0x0, 0x0, 0x0,
    0x0, 0x0, 0x0, 0x0, 0x0, 0x0, 0x0, 0x0,
    0x0, 0x29, 0xf9, 0xee, 0x1a, 0x0, 0x0, 0x0,
    0x0, 0x0, 0x0, 0x0, 0x0, 0x0, 0x0, 0x0,
    0x0, 0x2, 0xc6, 0xff, 0x59, 0x0, 0x0, 0x0,
    0x0, 0x0, 0x0, 0x0, 0x0, 0x0, 0x0, 0x0,
    0x0, 0x0, 0x4, 0x7f, 0xa3, 0x0, 0x0, 0x0,
    0x0, 0x0, 0x0, 0x0, 0x0, 0x0, 0x0, 0x0,
    0x0, 0x0, 0x0, 0x0, 0x0, 0x0, 0x0, 0x0,
    0x0, 0x0, 0x0, 0x0, 0x0, 0x0,

    /* U+0219 "ș" */
    0x0, 0x0, 0x0, 0x22, 0x8b, 0xd0, 0xf3, 0xf8,
    0xe0, 0xb5, 0x5e, 0x7, 0x0, 0x0, 0x0, 0x0,
    0x61, 0xf9, 0xff, 0xff, 0xff, 0xff, 0xff, 0xff,
    0xff, 0xd0, 0x26, 0x0, 0x0, 0x35, 0xfc, 0xff,
    0xff, 0xff, 0xff, 0xff, 0xff, 0xff, 0xff, 0xff,
    0xd9, 0x8, 0x0, 0x96, 0xff, 0xff, 0xff, 0xb0,
    0x3e, 0x2d, 0x66, 0xe4, 0xff, 0xff, 0xc3, 0x2c,
    0x0, 0xac, 0xff, 0xff, 0xff, 0x3d, 0x0, 0x0,
    0x0, 0x20, 0x85, 0x25, 0x0, 0x0, 0x0, 0x7b,
    0xff, 0xff, 0xff, 0xf1, 0x94, 0x4b, 0x13, 0x0,
    0x0, 0x0, 0x0, 0x0, 0x0, 0xa, 0xcd, 0xff,
    0xff, 0xff, 0xff, 0xff, 0xff, 0xd6, 0x88, 0x1f,
    0x0, 0x0, 0x0, 0x0, 0x12, 0x9b, 0xfc, 0xff,
    0xff, 0xff, 0xff, 0xff, 0xff, 0xf7, 0x61, 0x0,
    0x0, 0x0, 0x0, 0x0, 0x12, 0x59, 0x92, 0xca,
    0xfc, 0xff, 0xff, 0xff, 0xfd, 0x3a, 0x0, 0x0,
    0x0, 0x38, 0x31, 0x0, 0x0, 0x0, 0x15, 0xa4,
    0xff, 0xff, 0xff, 0xa1, 0xb, 0x6b, 0xd2, 0xff,
    0xdb, 0x1b, 0x0, 0x0, 0x0, 0x41, 0xff, 0xff,
    0xff, 0xbc, 0xe, 0xec, 0xff, 0xff, 0xff, 0xed,
    0x92, 0x6e, 0x89, 0xe9, 0xff, 0xff, 0xff, 0x8f,
    0x0, 0x4f, 0xfb, 0xff, 0xff, 0xff, 0xff, 0xff,
    0xff, 0xff, 0xff, 0xff, 0xf2, 0x20, 0x0, 0x0,
    0x4c, 0xf1, 0xff, 0xff, 0xff, 0xff, 0xff, 0xff,
    0xff, 0xe7, 0x3c, 0x0, 0x0, 0x0, 0x0, 0x15,
    0x7c, 0xc7, 0xef, 0xfc, 0xee, 0xc4, 0x76, 0xf,
    0x0, 0x0, 0x0, 0x0, 0x0, 0x0, 0x0, 0x0,
    0x0, 0x0, 0x0, 0x0, 0x0, 0x0, 0x0, 0x0,
    0x0, 0x0, 0x0, 0x0, 0x0, 0x6, 0xa7, 0xf3,
    0xbd, 0x15, 0x0, 0x0, 0x0, 0x0, 0x0, 0x0,
    0x0, 0x0, 0x0, 0x68, 0xff, 0xff, 0xff, 0x92,
    0x0, 0x0, 0x0, 0x0, 0x0, 0x0, 0x0, 0x0,
    0x0, 0x7a, 0xff, 0xff, 0xff, 0xa6, 0x0, 0x0,
    0x0, 0x0, 0x0, 0x0, 0x0, 0x0, 0x0, 0x17,
    0xd4, 0xff, 0xff, 0x43, 0x0, 0x0, 0x0, 0x0,
    0x0, 0x0, 0x0, 0x0, 0x0, 0x0, 0x93, 0xff,
    0x99, 0x0, 0x0, 0x0, 0x0, 0x0, 0x0, 0x0,
    0x0, 0x0, 0x0, 0x3a, 0xfd, 0xdd, 0xc, 0x0,
    0x0, 0x0, 0x0, 0x0, 0x0, 0x0, 0x0, 0x0,
    0x0, 0x28, 0xc3, 0x3d, 0x0, 0x0, 0x0, 0x0,
    0x0, 0x0, 0x0, 0x0, 0x0, 0x0, 0x0, 0x0,
    0x0, 0x0, 0x0, 0x0, 0x0, 0x0, 0x0, 0x0,

    /* U+021A "Ț" */
    0x48, 0xff, 0xff, 0xff, 0xff, 0xff, 0xff, 0xff,
    0xff, 0xff, 0xff, 0xff, 0xff, 0xff, 0xff, 0xff,
    0xc4, 0x48, 0xff, 0xff, 0xff, 0xff, 0xff, 0xff,
    0xff, 0xff, 0xff, 0xff, 0xff, 0xff, 0xff, 0xff,
    0xff, 0xc4, 0x48, 0xff, 0xff, 0xff, 0xff, 0xff,
    0xff, 0xff, 0xff, 0xff, 0xff, 0xff, 0xff, 0xff,
    0xff, 0xff, 0xc4, 0x39, 0xcc, 0xcc, 0xcc, 0xcc,
    0xcc, 0xda, 0xff, 0xff, 0xff, 0xf3, 0xcc, 0xcc,
    0xcc, 0xcc, 0xcc, 0x9c, 0x0, 0x0, 0x0, 0x0,
    0x0, 0x0, 0x48, 0xff, 0xff, 0xff, 0xc4, 0x0,
    0x0, 0x0, 0x0, 0x0, 0x0, 0x0, 0x0, 0x0,
    0x0, 0x0, 0x0, 0x48, 0xff, 0xff, 0xff, 0xc4,
    0x0, 0x0, 0x0, 0x0, 0x0, 0x0, 0x0, 0x0,
    0x0, 0x0, 0x0, 0x0, 0x48, 0xff, 0xff, 0xff,
    0xc4, 0x0, 0x0, 0x0, 0x0, 0x0, 0x0, 0x0,
    0x0, 0x0, 0x0, 0x0, 0x0, 0x48, 0xff, 0xff,
    0xff, 0xc4, 0x0, 0x0, 0x0, 0x0, 0x0, 0x0,
    0x0, 0x0, 0x0, 0x0, 0x0, 0x0, 0x48, 0xff,
    0xff, 0xff, 0xc4, 0x0, 0x0, 0x0, 0x0, 0x0,
    0x0, 0x0, 0x0, 0x0, 0x0, 0x0, 0x0, 0x48,
    0xff, 0xff, 0xff, 0xc4, 0x0, 0x0, 0x0, 0x0,
    0x0, 0x0, 0x0, 0x0, 0x0, 0x0, 0x0, 0x0,
    0x48, 0xff, 0xff, 0xff, 0xc4, 0x0, 0x0, 0x0,
    0x0, 0x0, 0x0, 0x0, 0x0, 0x0, 0x0, 0x0,
    0x0, 0x48, 0xff, 0xff, 0xff, 0xc4, 0x0, 0x0,
    0x0, 0x0, 0x0, 0x0, 0x0, 0x0, 0x0, 0x0,
    0x0, 0x0, 0x48, 0xff, 0xff, 0xff, 0xc4, 0x0,
    0x0, 0x0, 0x0, 0x0, 0x0, 0x0, 0x0, 0x0,
    0x0, 0x0, 0x0, 0x48, 0xff, 0xff, 0xff, 0xc4,
    0x0, 0x0, 0x0, 0x0, 0x0, 0x0, 0x0, 0x0,
    0x0, 0x0, 0x0, 0x0, 0x48, 0xff, 0xff, 0xff,
    0xc4, 0x0, 0x0, 0x0, 0x0, 0x0, 0x0, 0x0,
    0x0, 0x0, 0x0, 0x0, 0x0, 0x48, 0xff, 0xff,
    0xff, 0xc4, 0x0, 0x0, 0x0, 0x0, 0x0, 0x0,
    0x0, 0x0, 0x0, 0x0, 0x0, 0x0, 0x48, 0xff,
    0xff, 0xff, 0xc4, 0x0, 0x0, 0x0, 0x0, 0x0,
    0x0, 0x0, 0x0, 0x0, 0x0, 0x0, 0x0, 0x48,
    0xff, 0xff, 0xff, 0xc4, 0x0, 0x0, 0x0, 0x0,
    0x0, 0x0, 0x0, 0x0, 0x0, 0x0, 0x0, 0x0,
    0x48, 0xff, 0xff, 0xff, 0xc4, 0x0, 0x0, 0x0,
    0x0, 0x0, 0x0, 0x0, 0x0, 0x0, 0x0, 0x0,
    0x0, 0x48, 0xff, 0xff, 0xff, 0xc4, 0x0, 0x0,
    0x0, 0x0, 0x0, 0x0, 0x0, 0x0, 0x0, 0x0,
    0x0, 0x0, 0x48, 0xff, 0xff, 0xff, 0xc4, 0x0,
    0x0, 0x0, 0x0, 0x0, 0x0, 0x0, 0x0, 0x0,
    0x0, 0x0, 0x0, 0x0, 0x0, 0x0, 0x0, 0x0,
    0x0, 0x0, 0x0, 0x0, 0x0, 0x0, 0x0, 0x0,
    0x0, 0x0, 0x0, 0x0, 0x0, 0x1f, 0x71, 0x4d,
    0x0, 0x0, 0x0, 0x0, 0x0, 0x0, 0x0, 0x0,
    0x0, 0x0, 0x0, 0x0, 0x0, 0x19, 0xee, 0xff,
    0xff, 0x79, 0x0, 0x0, 0x0, 0x0, 0x0, 0x0,
    0x0, 0x0, 0x0, 0x0, 0x0, 0x0, 0x5c, 0xff,
    0xff, 0xff, 0xce, 0x0, 0x0, 0x0, 0x0, 0x0,
    0x0, 0x0, 0x0, 0x0, 0x0, 0x0, 0x0, 0x2e,
    0xfc, 0xff, 0xff, 0xa5, 0x0, 0x0, 0x0, 0x0,
    0x0, 0x0, 0x0, 0x0, 0x0, 0x0, 0x0, 0x0,
    0x0, 0x65, 0xff, 0xf3, 0x22, 0x0, 0x0, 0x0,
    0x0, 0x0, 0x0, 0x0, 0x0, 0x0, 0x0, 0x0,
    0x0, 0x1, 0xc0, 0xff, 0x65, 0x0, 0x0, 0x0,
    0x0, 0x0, 0x0, 0x0, 0x0, 0x0, 0x0, 0x0,
    0x0, 0x0, 0x38, 0xfc, 0xb5, 0x0, 0x0, 0x0,
    0x0, 0x0, 0x0, 0x0, 0x0, 0x0, 0x0, 0x0,
    0x0, 0x0, 0x0, 0x0, 0x33, 0x19, 0x0, 0x0,
    0x0, 0x0, 0x0, 0x0, 0x0, 0x0,

    /* U+021B "ț" */
    0x0, 0x0, 0x0, 0xb4, 0xff, 0xff, 0xff, 0x3c,
    0x0, 0x0, 0x0, 0x0, 0x0, 0x0, 0x0, 0xb4,
    0xff, 0xff, 0xff, 0x3c, 0x0, 0x0, 0x0, 0x0,
    0x0, 0x0, 0x0, 0xb4, 0xff, 0xff, 0xff, 0x3c,
    0x0, 0x0, 0x0, 0x0, 0x0, 0x0, 0x0, 0xb4,
    0xff, 0xff, 0xff, 0x3c, 0x0, 0x0, 0x0, 0x0,
    0x48, 0xff, 0xff, 0xff, 0xff, 0xff, 0xff, 0xff,
    0xff, 0xff, 0xd4, 0x0, 0x48, 0xff, 0xff, 0xff,
    0xff, 0xff, 0xff, 0xff, 0xff, 0xff, 0xd4, 0x0,
    0x48, 0xff, 0xff, 0xff, 0xff, 0xff, 0xff, 0xff,
    0xff, 0xff, 0xd4, 0x0, 0x16, 0x50, 0x50, 0xcb,
    0xff, 0xff, 0xff, 0x79, 0x50, 0x50, 0x42, 0x0,
    0x0, 0x0, 0x0, 0xb4, 0xff, 0xff, 0xff, 0x3c,
    0x0, 0x0, 0x0, 0x0, 0x0, 0x0, 0x0, 0xb4,
    0xff, 0xff, 0xff, 0x3c, 0x0, 0x0, 0x0, 0x0,
    0x0, 0x0, 0x0, 0xb4, 0xff, 0xff, 0xff, 0x3c,
    0x0, 0x0, 0x0, 0x0, 0x0, 0x0, 0x0, 0xb4,
    0xff, 0xff, 0xff, 0x3c, 0x0, 0x0, 0x0, 0x0,
    0x0, 0x0, 0x0, 0xb4, 0xff, 0xff, 0xff, 0x3c,
    0x0, 0x0, 0x0, 0x0, 0x0, 0x0, 0x0, 0xb3,
    0xff, 0xff, 0xff, 0x45, 0x0, 0x0, 0x0, 0x0,
    0x0, 0x0, 0x0, 0xa8, 0xff, 0xff, 0xff, 0x8f,
    0x0, 0x0, 0x1, 0x0, 0x0, 0x0, 0x0, 0x7e,
    0xff, 0xff, 0xff, 0xff, 0xc3, 0xbf, 0x7c, 0x0,
    0x0, 0x0, 0x0, 0x24, 0xfc, 0xff, 0xff, 0xff,
    0xff, 0xff, 0xd3, 0x0, 0x0, 0x0, 0x0, 0x0,
    0x72, 0xff, 0xff, 0xff, 0xff, 0xff, 0xff, 0x28,
    0x0, 0x0, 0x0, 0x0, 0x0, 0x4a, 0xbc, 0xf1,
    0xf8, 0xe2, 0xa8, 0x29, 0x0, 0x0, 0x0, 0x0,
    0x0, 0x0, 0x0, 0x0, 0x0, 0x0, 0x0, 0x0,
    0x0, 0x0, 0x0, 0x0, 0x0, 0x1f, 0xc5, 0xf2,
    0x9b, 0x2, 0x0, 0x0, 0x0, 0x0, 0x0, 0x0,
    0x0, 0xa4, 0xff, 0xff, 0xff, 0x56, 0x0, 0x0,
    0x0, 0x0, 0x0, 0x0, 0x0, 0xb6, 0xff, 0xff,
    0xff, 0x6a, 0x0, 0x0, 0x0, 0x0, 0x0, 0x0,
    0x0, 0x3b, 0xed, 0xff, 0xef, 0x16, 0x0, 0x0,
    0x0, 0x0, 0x0, 0x0, 0x0, 0x3, 0xcc, 0xff,
    0x5c, 0x0, 0x0, 0x0, 0x0, 0x0, 0x0, 0x0,
    0x0, 0x77, 0xff, 0xab, 0x0, 0x0, 0x0, 0x0,
    0x0, 0x0, 0x0, 0x0, 0x0, 0x4a, 0xc9, 0x13,
    0x0, 0x0, 0x0, 0x0, 0x0, 0x0, 0x0, 0x0,
    0x0, 0x0, 0x0, 0x0, 0x0, 0x0, 0x0, 0x0,

    /* U+0237 "ȷ" */
    0x0, 0x0, 0x0, 0x14, 0xff, 0xff, 0xff, 0xd8,
    0x0, 0x0, 0x0, 0x14, 0xff, 0xff, 0xff, 0xd8,
    0x0, 0x0, 0x0, 0x14, 0xff, 0xff, 0xff, 0xd8,
    0x0, 0x0, 0x0, 0x14, 0xff, 0xff, 0xff, 0xd8,
    0x0, 0x0, 0x0, 0x14, 0xff, 0xff, 0xff, 0xd8,
    0x0, 0x0, 0x0, 0x14, 0xff, 0xff, 0xff, 0xd8,
    0x0, 0x0, 0x0, 0x14, 0xff, 0xff, 0xff, 0xd8,
    0x0, 0x0, 0x0, 0x14, 0xff, 0xff, 0xff, 0xd8,
    0x0, 0x0, 0x0, 0x14, 0xff, 0xff, 0xff, 0xd8,
    0x0, 0x0, 0x0, 0x14, 0xff, 0xff, 0xff, 0xd8,
    0x0, 0x0, 0x0, 0x14, 0xff, 0xff, 0xff, 0xd8,
    0x0, 0x0, 0x0, 0x14, 0xff, 0xff, 0xff, 0xd8,
    0x0, 0x0, 0x0, 0x14, 0xff, 0xff, 0xff, 0xd8,
    0x0, 0x0, 0x0, 0x14, 0xff, 0xff, 0xff, 0xd8,
    0x0, 0x0, 0x0, 0x14, 0xff, 0xff, 0xff, 0xd8,
    0x0, 0x0, 0x0, 0x15, 0xff, 0xff, 0xff, 0xd7,
    0x0, 0x0, 0x0, 0x3a, 0xff, 0xff, 0xff, 0xca,
    0x0, 0x72, 0x9f, 0xe4, 0xff, 0xff, 0xff, 0xa5,
    0x0, 0xd8, 0xff, 0xff, 0xff, 0xff, 0xff, 0x4e,
    0x21, 0xff, 0xff, 0xff, 0xff, 0xff, 0xaa, 0x0,
    0x3b, 0xd5, 0xf6, 0xf6, 0xce, 0x6d, 0x2, 0x0,

    /* U+2013 "–" */
    0x23, 0x70, 0x70, 0x70, 0x70, 0x70, 0x70, 0x70,
    0x70, 0x70, 0x70, 0x70, 0x70, 0x70, 0x70, 0x49,
    0x50, 0xff, 0xff, 0xff, 0xff, 0xff, 0xff, 0xff,
    0xff, 0xff, 0xff, 0xff, 0xff, 0xff, 0xff, 0xa8,
    0x50, 0xff, 0xff, 0xff, 0xff, 0xff, 0xff, 0xff,
    0xff, 0xff, 0xff, 0xff, 0xff, 0xff, 0xff, 0xa8,
    0x50, 0xff, 0xff, 0xff, 0xff, 0xff, 0xff, 0xff,
    0xff, 0xff, 0xff, 0xff, 0xff, 0xff, 0xff, 0xa8,

    /* U+2014 "—" */
    0x23, 0x70, 0x70, 0x70, 0x70, 0x70, 0x70, 0x70,
    0x70, 0x70, 0x70, 0x70, 0x70, 0x70, 0x70, 0x70,
    0x70, 0x70, 0x70, 0x70, 0x70, 0x70, 0x70, 0x70,
    0x5c, 0x50, 0xff, 0xff, 0xff, 0xff, 0xff, 0xff,
    0xff, 0xff, 0xff, 0xff, 0xff, 0xff, 0xff, 0xff,
    0xff, 0xff, 0xff, 0xff, 0xff, 0xff, 0xff, 0xff,
    0xff, 0xd4, 0x50, 0xff, 0xff, 0xff, 0xff, 0xff,
    0xff, 0xff, 0xff, 0xff, 0xff, 0xff, 0xff, 0xff,
    0xff, 0xff, 0xff, 0xff, 0xff, 0xff, 0xff, 0xff,
    0xff, 0xff, 0xd4, 0x50, 0xff, 0xff, 0xff, 0xff,
    0xff, 0xff, 0xff, 0xff, 0xff, 0xff, 0xff, 0xff,
    0xff, 0xff, 0xff, 0xff, 0xff, 0xff, 0xff, 0xff,
    0xff, 0xff, 0xff, 0xd4,

    /* U+2018 "‘" */
    0x0, 0x0, 0x0, 0x1a, 0x9, 0x0, 0x0, 0x0,
    0x3, 0xc6, 0xdb, 0x34, 0x0, 0x0, 0x79, 0xff,
    0xf6, 0x23, 0x0, 0x2d, 0xf9, 0xff, 0x72, 0x0,
    0x3, 0xce, 0xff, 0xff, 0xa2, 0x6, 0x5a, 0xff,
    0xff, 0xff, 0xff, 0x6c, 0x83, 0xff, 0xff, 0xff,
    0xff, 0x94, 0x45, 0xff, 0xff, 0xff, 0xff, 0x55,
    0x0, 0x6f, 0xe5, 0xea, 0x7f, 0x0,

    /* U+2019 "’" */
    0x0, 0x6b, 0xe4, 0xe9, 0x7c, 0x0, 0x44, 0xff,
    0xff, 0xff, 0xff, 0x54, 0x84, 0xff, 0xff, 0xff,
    0xff, 0x92, 0x5a, 0xff, 0xff, 0xff, 0xff, 0x68,
    0x2, 0x90, 0xff, 0xff, 0xda, 0x7, 0x0, 0x60,
    0xff, 0xfc, 0x39, 0x0, 0x19, 0xef, 0xff, 0x88,
    0x0, 0x0, 0x2b, 0xd5, 0xd2, 0x6, 0x0, 0x0,
    0x0, 0x6, 0x1d, 0x0, 0x0, 0x0,

    /* U+201A "‚" */
    0x0, 0x6b, 0xe4, 0xe9, 0x7c, 0x0, 0x44, 0xff,
    0xff, 0xff, 0xff, 0x54, 0x84, 0xff, 0xff, 0xff,
    0xff, 0x92, 0x5a, 0xff, 0xff, 0xff, 0xff, 0x68,
    0x2, 0x90, 0xff, 0xff, 0xda, 0x7, 0x0, 0x60,
    0xff, 0xfc, 0x39, 0x0, 0x19, 0xef, 0xff, 0x88,
    0x0, 0x0, 0x2b, 0xd5, 0xd2, 0x6, 0x0, 0x0,
    0x0, 0x6, 0x1d, 0x0, 0x0, 0x0,

    /* U+201C "“" */
    0x0, 0x0, 0x0, 0x1a, 0x9, 0x0, 0x0, 0x0,
    0x0, 0x0, 0x24, 0x0, 0x0, 0x0, 0x0, 0x3,
    0xc6, 0xdb, 0x34, 0x0, 0x0, 0x0, 0x39, 0xfc,
    0x9f, 0x5, 0x0, 0x0, 0x79, 0xff, 0xf6, 0x23,
    0x0, 0x0, 0xa, 0xda, 0xff, 0xac, 0x0, 0x0,
    0x2d, 0xf9, 0xff, 0x72, 0x0, 0x0, 0x0, 0x93,
    0xff, 0xec, 0x16, 0x0, 0x3, 0xce, 0xff, 0xff,
    0xa2, 0x6, 0x0, 0x3f, 0xfe, 0xff, 0xeb, 0x4e,
    0x0, 0x5a, 0xff, 0xff, 0xff, 0xff, 0x6c, 0x0,
    0xc6, 0xff, 0xff, 0xff, 0xf2, 0xd, 0x83, 0xff,
    0xff, 0xff, 0xff, 0x94, 0x0, 0xef, 0xff, 0xff,
    0xff, 0xff, 0x28, 0x45, 0xff, 0xff, 0xff, 0xff,
    0x55, 0x0, 0xb0, 0xff, 0xff, 0xff, 0xe4, 0x5,
    0x0, 0x6f, 0xe5, 0xea, 0x7f, 0x0, 0x0, 0x17,
    0xb2, 0xf3, 0xcd, 0x34, 0x0,

    /* U+201D "”" */
    0x0, 0x6b, 0xe4, 0xe9, 0x7c, 0x0, 0x0, 0x16,
    0xb0, 0xf2, 0xcb, 0x32, 0x0, 0x44, 0xff, 0xff,
    0xff, 0xff, 0x54, 0x0, 0xb0, 0xff, 0xff, 0xff,
    0xe3, 0x5, 0x84, 0xff, 0xff, 0xff, 0xff, 0x92,
    0x0, 0xf0, 0xff, 0xff, 0xff, 0xff, 0x26, 0x5a,
    0xff, 0xff, 0xff, 0xff, 0x68, 0x0, 0xc8, 0xff,
    0xff, 0xff, 0xf3, 0x8, 0x2, 0x90, 0xff, 0xff,
    0xda, 0x7, 0x0, 0x2a, 0xd8, 0xff, 0xff, 0x75,
    0x0, 0x0, 0x60, 0xff, 0xfc, 0x39, 0x0, 0x0,
    0x3, 0xcb, 0xff, 0xc7, 0x3, 0x0, 0x19, 0xef,
    0xff, 0x88, 0x0, 0x0, 0x0, 0x79, 0xff, 0xf6,
    0x26, 0x0, 0x0, 0x2b, 0xd5, 0xd2, 0x6, 0x0,
    0x0, 0x0, 0x76, 0xf9, 0x6d, 0x0, 0x0, 0x0,
    0x0, 0x6, 0x1d, 0x0, 0x0, 0x0, 0x0, 0x0,
    0x23, 0x1, 0x0, 0x0, 0x0,

    /* U+201E "„" */
    0x0, 0x6b, 0xe4, 0xe9, 0x7c, 0x0, 0x0, 0x3d,
    0xd1, 0xf1, 0xa8, 0x10, 0x44, 0xff, 0xff, 0xff,
    0xff, 0x54, 0x11, 0xee, 0xff, 0xff, 0xff, 0x9c,
    0x84, 0xff, 0xff, 0xff, 0xff, 0x92, 0x40, 0xff,
    0xff, 0xff, 0xff, 0xda, 0x5a, 0xff, 0xff, 0xff,
    0xff, 0x68, 0x1b, 0xfa, 0xff, 0xff, 0xff, 0xb0,
    0x2, 0x90, 0xff, 0xff, 0xda, 0x7, 0x0, 0x5c,
    0xf2, 0xff, 0xfa, 0x2e, 0x0, 0x60, 0xff, 0xfc,
    0x39, 0x0, 0x0, 0x25, 0xf6, 0xff, 0x7e, 0x0,
    0x19, 0xef, 0xff, 0x88, 0x0, 0x0, 0x1, 0xc3,
    0xff, 0xcc, 0x4, 0x0, 0x2b, 0xd5, 0xd2, 0x6,
    0x0, 0x0, 0xd, 0xae, 0xf7, 0x2a, 0x0, 0x0,
    0x0, 0x6, 0x1d, 0x0, 0x0, 0x0, 0x0, 0x0,
    0x24, 0x0, 0x0, 0x0,

    /* U+2022 "•" */
    0x0, 0x0, 0x41, 0xa6, 0xbc, 0x8e, 0x16, 0x0,
    0x0, 0x0, 0x7b, 0xfe, 0xff, 0xff, 0xff, 0xeb,
    0x2f, 0x0, 0x31, 0xfc, 0xff, 0xff, 0xff, 0xff,
    0xff, 0xd0, 0x0, 0x85, 0xff, 0xff, 0xff, 0xff,
    0xff, 0xff, 0xff, 0x28, 0x8d, 0xff, 0xff, 0xff,
    0xff, 0xff, 0xff, 0xff, 0x31, 0x4d, 0xff, 0xff,
    0xff, 0xff, 0xff, 0xff, 0xea, 0x6, 0x0, 0xb0,
    0xff, 0xff, 0xff, 0xff, 0xfe, 0x53, 0x0, 0x0,
    0x4, 0x7b, 0xe3, 0xf8, 0xca, 0x41, 0x0, 0x0,

    /* U+2026 "…" */
    0x0, 0x0, 0x9, 0xb, 0x0, 0x0, 0x0, 0x0,
    0x0, 0x3, 0x11, 0x0, 0x0, 0x0, 0x0, 0x0,
    0x0, 0x13, 0x1, 0x0, 0x0, 0x0, 0x8e, 0xfc,
    0xfd, 0x9f, 0x3, 0x0, 0x0, 0x5d, 0xf1, 0xff,
    0xc4, 0x17, 0x0, 0x0, 0x32, 0xdc, 0xff, 0xe3,
    0x3c, 0x0, 0x55, 0xff, 0xff, 0xff, 0xff, 0x66,
    0x0, 0x1e, 0xfa, 0xff, 0xff, 0xff, 0xa2, 0x0,
    0x0, 0xd6, 0xff, 0xff, 0xff, 0xe5, 0x1, 0x83,
    0xff, 0xff, 0xff, 0xff, 0x93, 0x0, 0x47, 0xff,
    0xff, 0xff, 0xff, 0xcf, 0x0, 0x5, 0xfe, 0xff,
    0xff, 0xff, 0xff, 0x13, 0x45, 0xff, 0xff, 0xff,
    0xff, 0x56, 0x0, 0x16, 0xf3, 0xff, 0xff, 0xff,
    0x92, 0x0, 0x0, 0xc7, 0xff, 0xff, 0xff, 0xd6,
    0x0, 0x0, 0x6f, 0xe5, 0xea, 0x7f, 0x0, 0x0,
    0x0, 0x44, 0xd5, 0xf1, 0xa4, 0xd, 0x0, 0x0,
    0x21, 0xbd, 0xf4, 0xc5, 0x29, 0x0,

    /* U+2039 "‹" */
    0x0, 0x0, 0x0, 0x0, 0x0, 0x6, 0x96, 0x1b,
    0x0, 0x0, 0x0, 0x0, 0x0, 0x3, 0xad, 0xff,
    0xe1, 0x28, 0x0, 0x0, 0x0, 0x1, 0x9e, 0xff,
    0xff, 0xff, 0x7d, 0x0, 0x0, 0x0, 0x8f, 0xff,
    0xff, 0xff, 0x96, 0x0, 0x0, 0x0, 0x7e, 0xff,
    0xff, 0xff, 0xa2, 0x1, 0x0, 0x0, 0x6d, 0xff,
    0xff, 0xff, 0xaf, 0x3, 0x0, 0x0, 0x5d, 0xfe,
    0xff, 0xff, 0xba, 0x7, 0x0, 0x0, 0x0, 0x51,
    0xfc, 0xff, 0xff, 0xc4, 0xa, 0x0, 0x0, 0x0,
    0x0, 0x5f, 0xfe, 0xff, 0xff, 0xba, 0x7, 0x0,
    0x0, 0x0, 0x0, 0x6f, 0xff, 0xff, 0xff, 0xaf,
    0x4, 0x0, 0x0, 0x0, 0x0, 0x80, 0xff, 0xff,
    0xff, 0xa3, 0x1, 0x0, 0x0, 0x0, 0x0, 0x91,
    0xff, 0xff, 0xff, 0x84, 0x0, 0x0, 0x0, 0x0,
    0x1, 0xa1, 0xff, 0xd9, 0x1f, 0x0, 0x0, 0x0,
    0x0, 0x0, 0x3, 0x86, 0x14, 0x0,

    /* U+203A "›" */
    0x0, 0x0, 0x5a, 0x5e, 0x0, 0x0, 0x0, 0x0,
    0x0, 0x0, 0x0, 0x6f, 0xfe, 0xfc, 0x50, 0x0,
    0x0, 0x0, 0x0, 0x0, 0xa, 0xd7, 0xff, 0xff,
    0xf8, 0x43, 0x0, 0x0, 0x0, 0x0, 0x0, 0x1b,
    0xdf, 0xff, 0xff, 0xf3, 0x37, 0x0, 0x0, 0x0,
    0x0, 0x0, 0x23, 0xe6, 0xff, 0xff, 0xed, 0x2b,
    0x0, 0x0, 0x0, 0x0, 0x0, 0x2b, 0xec, 0xff,
    0xff, 0xe6, 0x22, 0x0, 0x0, 0x0, 0x0, 0x0,
    0x34, 0xf1, 0xff, 0xff, 0xdd, 0x19, 0x0, 0x0,
    0x0, 0x0, 0x3e, 0xf6, 0xff, 0xff, 0xd5, 0x13,
    0x0, 0x0, 0x0, 0x34, 0xf1, 0xff, 0xff, 0xdf,
    0x1a, 0x0, 0x0, 0x0, 0x2b, 0xec, 0xff, 0xff,
    0xe7, 0x23, 0x0, 0x0, 0x0, 0x23, 0xe6, 0xff,
    0xff, 0xee, 0x2d, 0x0, 0x0, 0x0, 0xa, 0xde,
    0xff, 0xff, 0xf4, 0x38, 0x0, 0x0, 0x0, 0x0,
    0x0, 0x61, 0xfb, 0xf9, 0x44, 0x0, 0x0, 0x0,
    0x0, 0x0, 0x0, 0x0, 0x4d, 0x51, 0x0, 0x0,
    0x0, 0x0, 0x0, 0x0,

    /* U+2044 "⁄" */
    0x0, 0x0, 0x0, 0x0, 0x0, 0x0, 0x0, 0x0,
    0x0, 0x0, 0x0, 0x0, 0x0, 0x0, 0x53, 0x25,
    0x0, 0x0, 0x0, 0x0, 0x0, 0x0, 0x0, 0x0,
    0x0, 0x0, 0x0, 0x0, 0x0, 0x0, 0x0, 0x26,
    0xf6, 0xf6, 0x73, 0x0, 0x0, 0x0, 0x0, 0x0,
    0x0, 0x0, 0x0, 0x0, 0x0, 0x0, 0x0, 0x0,
    0x3, 0xc7, 0xff, 0xff, 0xa4, 0x0, 0x0, 0x0,
    0x0, 0x0, 0x0, 0x0, 0x0, 0x0, 0x0, 0x0,
    0x0, 0x0, 0x79, 0xff, 0xff, 0xe5, 0x11, 0x0,
    0x0, 0x0, 0x0, 0x0, 0x0, 0x0, 0x0, 0x0,
    0x0, 0x0, 0x0, 0x2c, 0xf9, 0xff, 0xff, 0x4a,
    0x0, 0x0, 0x0, 0x0, 0x0, 0x0, 0x0, 0x0,
    0x0, 0x0, 0x0, 0x0, 0x5, 0xce, 0xff, 0xff,
    0x9b, 0x0, 0x0, 0x0, 0x0, 0x0, 0x0, 0x0,
    0x0, 0x0, 0x0, 0x0, 0x0, 0x0, 0x82, 0xff,
    0xff, 0xe0, 0xd, 0x0, 0x0, 0x0, 0x0, 0x0,
    0x0, 0x0, 0x0, 0x0, 0x0, 0x0, 0x0, 0x33,
    0xfb, 0xff, 0xfe, 0x41, 0x0, 0x0, 0x0, 0x0,
    0x0, 0x0, 0x0, 0x0, 0x0, 0x0, 0x0, 0x0,
    0x7, 0xd5, 0xff, 0xff, 0x92, 0x0, 0x0, 0x0,
    0x0, 0x0, 0x0, 0x0, 0x0, 0x0, 0x0, 0x0,
    0x0, 0x0, 0x8b, 0xff, 0xff, 0xda, 0xa, 0x0,
    0x0, 0x0, 0x0, 0x0, 0x0, 0x0, 0x0, 0x0,
    0x0, 0x0, 0x0, 0x3b, 0xfd, 0xff, 0xfd, 0x39,
    0x0, 0x0, 0x0, 0x0, 0x0, 0x0, 0x0, 0x0,
    0x0, 0x0, 0x0, 0x0, 0xa, 0xdb, 0xff, 0xff,
    0x89, 0x0, 0x0, 0x0, 0x0, 0x0, 0x0, 0x0,
    0x0, 0x0, 0x0, 0x0, 0x0, 0x0, 0x94, 0xff,
    0xff, 0xd4, 0x7, 0x0, 0x0, 0x0, 0x0, 0x0,
    0x0, 0x0, 0x0, 0x0, 0x0, 0x0, 0x0, 0x42,
    0xfe, 0xff, 0xfb, 0x32, 0x0, 0x0, 0x0, 0x0,
    0x0, 0x0, 0x0, 0x0, 0x0, 0x0, 0x0, 0x0,
    0xe, 0xe1, 0xff, 0xff, 0x80, 0x0, 0x0, 0x0,
    0x0, 0x0, 0x0, 0x0, 0x0, 0x0, 0x0, 0x0,
    0x0, 0x0, 0x9d, 0xff, 0xff, 0xcd, 0x4, 0x0,
    0x0, 0x0, 0x0, 0x0, 0x0, 0x0, 0x0, 0x0,
    0x0, 0x0, 0x0, 0x4a, 0xff, 0xff, 0xf8, 0x2b,
    0x0, 0x0, 0x0, 0x0, 0x0, 0x0, 0x0, 0x0,
    0x0, 0x0, 0x0, 0x0, 0x12, 0xe6, 0xff, 0xff,
    0x76, 0x0, 0x0, 0x0, 0x0, 0x0, 0x0, 0x0,
    0x0, 0x0, 0x0, 0x0, 0x0, 0x0, 0xa6, 0xff,
    0xff, 0xc6, 0x3, 0x0, 0x0, 0x0, 0x0, 0x0,
    0x0, 0x0, 0x0, 0x0, 0x0, 0x0, 0x0, 0x53,
    0xff, 0xff, 0xf5, 0x25, 0x0, 0x0, 0x0, 0x0,
    0x0, 0x0, 0x0, 0x0, 0x0, 0x0, 0x0, 0x0,
    0x13, 0xeb, 0xff, 0xff, 0x6d, 0x0, 0x0, 0x0,
    0x0, 0x0, 0x0, 0x0, 0x0, 0x0, 0x0, 0x0,
    0x0, 0x0, 0x1, 0x6c, 0xf3, 0xbe, 0x1, 0x0,
    0x0, 0x0, 0x0, 0x0, 0x0, 0x0, 0x0, 0x0,
    0x0, 0x0, 0x0, 0x0, 0x0, 0x0, 0x20, 0x1d,
    0x0, 0x0, 0x0, 0x0, 0x0, 0x0, 0x0, 0x0,
    0x0, 0x0, 0x0, 0x0, 0x0, 0x0,

    /* U+2074 "⁴" */
    0x0, 0x0, 0x0, 0x0, 0x0, 0x65, 0xff, 0xff,
    0x94, 0x0, 0x0, 0x0, 0x0, 0x0, 0x0, 0x28,
    0xf5, 0xff, 0xff, 0x94, 0x0, 0x0, 0x0, 0x0,
    0x0, 0x7, 0xcf, 0xff, 0xff, 0xff, 0x94, 0x0,
    0x0, 0x0, 0x0, 0x0, 0x91, 0xff, 0xd6, 0xff,
    0xff, 0x94, 0x0, 0x0, 0x0, 0x0, 0x4b, 0xff,
    0xf5, 0x27, 0xff, 0xff, 0x94, 0x0, 0x0, 0x0,
    0x19, 0xea, 0xff, 0x65, 0x0, 0xff, 0xff, 0x94,
    0x0, 0x0, 0x1, 0xbb, 0xff, 0xd0, 0x38, 0x38,
    0xff, 0xff, 0xab, 0x38, 0x0, 0x27, 0xff, 0xff,
    0xff, 0xff, 0xff, 0xff, 0xff, 0xff, 0xff, 0x4,
    0x28, 0xff, 0xff, 0xff, 0xff, 0xff, 0xff, 0xff,
    0xff, 0xff, 0x4, 0x0, 0x0, 0x0, 0x0, 0x0,
    0x0, 0xff, 0xff, 0x94, 0x0, 0x0, 0x0, 0x0,
    0x0, 0x0, 0x0, 0x0, 0xff, 0xff, 0x94, 0x0,
    0x0,

    /* U+20A3 "₣" */
    0x0, 0x0, 0x16, 0x70, 0x70, 0x70, 0x70, 0x70,
    0x70, 0x70, 0x70, 0x70, 0x70, 0x70, 0x70, 0x70,
    0x1, 0x0, 0x0, 0x34, 0xff, 0xff, 0xff, 0xff,
    0xff, 0xff, 0xff, 0xff, 0xff, 0xff, 0xff, 0xff,
    0xff, 0x4, 0x0, 0x0, 0x34, 0xff, 0xff, 0xff,
    0xff, 0xff, 0xff, 0xff, 0xff, 0xff, 0xff, 0xff,
    0xff, 0xff, 0x4, 0x0, 0x0, 0x34, 0xff, 0xff,
    0xff, 0xff, 0xff, 0xff, 0xff, 0xff, 0xff, 0xff,
    0xff, 0xff, 0xff, 0x4, 0x0, 0x0, 0x34, 0xff,
    0xff, 0xff, 0x7c, 0x0, 0x0, 0x0, 0x0, 0x0,
    0x0, 0x0, 0x0, 0x0, 0x0, 0x0, 0x0, 0x34,
    0xff, 0xff, 0xff, 0x7c, 0x0, 0x0, 0x0, 0x0,
    0x0, 0x0, 0x0, 0x0, 0x0, 0x0, 0x0, 0x0,
    0x34, 0xff, 0xff, 0xff, 0x7c, 0x0, 0x0, 0x0,
    0x0, 0x0, 0x0, 0x0, 0x0, 0x0, 0x0, 0x0,
    0x0, 0x34, 0xff, 0xff, 0xff, 0x7c, 0x0, 0x0,
    0x0, 0x0, 0x0, 0x0, 0x0, 0x0, 0x0, 0x0,
    0x0, 0x0, 0x34, 0xff, 0xff, 0xff, 0x7c, 0x0,
    0x0, 0x0, 0x0, 0x0, 0x0, 0x0, 0x0, 0x0,
    0x0, 0x0, 0x0, 0x34, 0xff, 0xff, 0xff, 0xb5,
    0x70, 0x70, 0x70, 0x70, 0x70, 0x70, 0x70, 0x70,
    0x7, 0x0, 0x0, 0x0, 0x34, 0xff, 0xff, 0xff,
    0xff, 0xff, 0xff, 0xff, 0xff, 0xff, 0xff, 0xff,
    0xff, 0x10, 0x0, 0x0, 0x0, 0x34, 0xff, 0xff,
    0xff, 0xff, 0xff, 0xff, 0xff, 0xff, 0xff, 0xff,
    0xff, 0xff, 0x10, 0x0, 0x0, 0x0, 0x34, 0xff,
    0xff, 0xff, 0xff, 0xff, 0xff, 0xff, 0xff, 0xff,
    0xff, 0xff, 0xff, 0x10, 0x0, 0x0, 0x0, 0x34,
    0xff, 0xff, 0xff, 0x7c, 0x0, 0x0, 0x0, 0x0,
    0x0, 0x0, 0x0, 0x0, 0x0, 0x0, 0x0, 0x0,
    0x34, 0xff, 0xff, 0xff, 0x7c, 0x0, 0x0, 0x0,
    0x0, 0x0, 0x0, 0x0, 0x0, 0x0, 0x0, 0x48,
    0xff, 0xff, 0xff, 0xff, 0xff, 0xff, 0xff, 0xff,
    0xff, 0x50, 0x0, 0x0, 0x0, 0x0, 0x0, 0x0,
    0x48, 0xff, 0xff, 0xff, 0xff, 0xff, 0xff, 0xff,
    0xff, 0xff, 0x50, 0x0, 0x0, 0x0, 0x0, 0x0,
    0x0, 0x12, 0x40, 0x67, 0xff, 0xff, 0xff, 0x9d,
    0x40, 0x40, 0x40, 0x14, 0x0, 0x0, 0x0, 0x0,
    0x0, 0x0, 0x0, 0x0, 0x34, 0xff, 0xff, 0xff,
    0x7c, 0x0, 0x0, 0x0, 0x0, 0x0, 0x0, 0x0,
    0x0, 0x0, 0x0, 0x0, 0x0, 0x34, 0xff, 0xff,
    0xff, 0x7c, 0x0, 0x0, 0x0, 0x0, 0x0, 0x0,
    0x0, 0x0, 0x0, 0x0, 0x0, 0x0, 0x34, 0xff,
    0xff, 0xff, 0x7c, 0x0, 0x0, 0x0, 0x0, 0x0,
    0x0, 0x0, 0x0, 0x0, 0x0,

    /* U+20A4 "₤" */
    0x0, 0x0, 0x0, 0x0, 0xf, 0x79, 0xca, 0xf0,
    0xf8, 0xe1, 0xa5, 0x3d, 0x0, 0x0, 0x0, 0x0,
    0x0, 0x0, 0x0, 0x3a, 0xe7, 0xff, 0xff, 0xff,
    0xff, 0xff, 0xff, 0xff, 0x99, 0x3, 0x0, 0x0,
    0x0, 0x0, 0x24, 0xf0, 0xff, 0xff, 0xff, 0xff,
    0xff, 0xff, 0xff, 0xff, 0xff, 0x8e, 0x0, 0x0,
    0x0, 0x0, 0xaf, 0xff, 0xff, 0xff, 0xea, 0x8e,
    0x82, 0xcd, 0xff, 0xff, 0xff, 0xfd, 0x28, 0x0,
    0x0, 0x12, 0xfc, 0xff, 0xff, 0xec, 0x1a, 0x0,
    0x0, 0x2, 0xa4, 0xff, 0xff, 0xd3, 0x3c, 0x0,
    0x0, 0x3d, 0xff, 0xff, 0xff, 0x8e, 0x0, 0x0,
    0x0, 0x0, 0x17, 0xa1, 0x3b, 0x0, 0x0, 0x0,
    0x0, 0x40, 0xff, 0xff, 0xff, 0x7c, 0x0, 0x0,
    0x0, 0x0, 0x0, 0x0, 0x0, 0x0, 0x0, 0x0,
    0x0, 0x21, 0xff, 0xff, 0xff, 0xa1, 0x0, 0x0,
    0x0, 0x0, 0x0, 0x0, 0x0, 0x0, 0x0, 0x0,
    0x0, 0x0, 0xd5, 0xff, 0xff, 0xee, 0x8, 0x0,
    0x0, 0x0, 0x0, 0x0, 0x0, 0x0, 0x0, 0x0,
    0xc, 0xff, 0xff, 0xff, 0xff, 0xff, 0xff, 0xff,
    0xff, 0xff, 0xcc, 0x0, 0x0, 0x0, 0x0, 0x0,
    0xc, 0xff, 0xff, 0xff, 0xff, 0xff, 0xff, 0xff,
    0xff, 0xff, 0xcc, 0x0, 0x0, 0x0, 0x0, 0x0,
    0x3, 0x40, 0x40, 0x83, 0xff, 0xff, 0xff, 0x82,
    0x40, 0x40, 0x33, 0x0, 0x0, 0x0, 0x0, 0x0,
    0x0, 0x0, 0x0, 0xe, 0xfa, 0xff, 0xff, 0x8c,
    0x0, 0x0, 0x0, 0x0, 0x0, 0x0, 0x0, 0x0,
    0xc, 0xff, 0xff, 0xff, 0xff, 0xff, 0xff, 0xff,
    0xff, 0xff, 0xcc, 0x0, 0x0, 0x0, 0x0, 0x0,
    0xc, 0xff, 0xff, 0xff, 0xff, 0xff, 0xff, 0xff,
    0xff, 0xff, 0xcc, 0x0, 0x0, 0x0, 0x0, 0x0,
    0x3, 0x44, 0x44, 0x7b, 0xff, 0xff, 0xff, 0x6b,
    0x44, 0x44, 0x36, 0x0, 0xb, 0x12, 0x0, 0x0,
    0x0, 0x0, 0x10, 0xd6, 0xff, 0xff, 0xc1, 0x0,
    0x0, 0x0, 0x0, 0x0, 0x74, 0xf4, 0x91, 0x20,
    0x0, 0x3f, 0xd9, 0xff, 0xff, 0xff, 0x90, 0x70,
    0x70, 0x70, 0x71, 0x9a, 0xfa, 0xff, 0xff, 0xc2,
    0x0, 0xbc, 0xff, 0xff, 0xff, 0xff, 0xff, 0xff,
    0xff, 0xff, 0xff, 0xff, 0xff, 0xff, 0xff, 0x50,
    0x0, 0xbc, 0xff, 0xff, 0xff, 0xff, 0xff, 0xff,
    0xff, 0xff, 0xff, 0xff, 0xff, 0xff, 0x8e, 0x0,
    0x0, 0xbc, 0xff, 0xff, 0xff, 0xff, 0xff, 0xff,
    0xff, 0xff, 0xff, 0xf3, 0xc6, 0x60, 0x0, 0x0,

    /* U+20A9 "₩" */
    0x0, 0x61, 0x80, 0x80, 0x80, 0x4d, 0x0, 0x0,
    0x0, 0x0, 0x0, 0x0, 0x2, 0x7d, 0x80, 0x80,
    0x80, 0x1d, 0x0, 0x0, 0x0, 0x0, 0x0, 0x0,
    0x3f, 0x80, 0x80, 0x80, 0x71, 0x0, 0x91, 0xff,
    0xff, 0xff, 0xc9, 0x0, 0x0, 0x0, 0x0, 0x0,
    0x0, 0x3e, 0xff, 0xff, 0xff, 0xff, 0x75, 0x0,
    0x0, 0x0, 0x0, 0x0, 0x0, 0xad, 0xff, 0xff,
    0xff, 0xb0, 0x0, 0x4d, 0xff, 0xff, 0xff, 0xfb,
    0xb, 0x0, 0x0, 0x0, 0x0, 0x0, 0x8f, 0xff,
    0xff, 0xff, 0xff, 0xc3, 0x0, 0x0, 0x0, 0x0,
    0x0, 0x0, 0xe9, 0xff, 0xff, 0xff, 0x6d, 0x0,
    0xd, 0xfb, 0xff, 0xff, 0xff, 0x44, 0x0, 0x0,
    0x0, 0x0, 0x0, 0xdf, 0xff, 0xff, 0xff, 0xff,
    0xfc, 0x13, 0x0, 0x0, 0x0, 0x0, 0x28, 0xff,
    0xff, 0xff, 0xff, 0x2b, 0x0, 0x0, 0xc5, 0xff,
    0xff, 0xff, 0x82, 0x0, 0x0, 0x0, 0x0, 0x32,
    0xff, 0xff, 0xff, 0xff, 0xff, 0xff, 0x5e, 0x0,
    0x0, 0x0, 0x0, 0x65, 0xff, 0xff, 0xff, 0xe7,
    0x0, 0x0, 0x0, 0x82, 0xff, 0xff, 0xff, 0xc0,
    0x0, 0x0, 0x0, 0x0, 0x83, 0xff, 0xff, 0xfe,
    0xef, 0xff, 0xff, 0xac, 0x0, 0x0, 0x0, 0x0,
    0xa2, 0xff, 0xff, 0xff, 0xa5, 0x0, 0x0, 0x0,
    0x3e, 0xff, 0xff, 0xff, 0xf7, 0x6, 0x0, 0x0,
    0x0, 0xd5, 0xff, 0xff, 0xda, 0x9f, 0xff, 0xff,
    0xf2, 0x6, 0x0, 0x0, 0x0, 0xdf, 0xff, 0xff,
    0xff, 0x62, 0x0, 0x0, 0x0, 0x5, 0xf4, 0xff,
    0xff, 0xff, 0x3b, 0x0, 0x0, 0x26, 0xff, 0xff,
    0xff, 0xa8, 0x6d, 0xff, 0xff, 0xff, 0x47, 0x0,
    0x0, 0x1c, 0xff, 0xff, 0xff, 0xff, 0x1f, 0x0,
    0x0, 0x0, 0x0, 0xb6, 0xff, 0xff, 0xff, 0x79,
    0x0, 0x0, 0x77, 0xff, 0xff, 0xff, 0x6e, 0x33,
    0xff, 0xff, 0xff, 0x95, 0x0, 0x0, 0x59, 0xff,
    0xff, 0xff, 0xdd, 0x0, 0x0, 0xc, 0xff, 0xff,
    0xff, 0xff, 0xff, 0xff, 0xff, 0xff, 0xff, 0xff,
    0xff, 0xff, 0xff, 0xff, 0xff, 0xff, 0xff, 0xff,
    0xff, 0xff, 0xff, 0xff, 0xff, 0xff, 0xff, 0xff,
    0xff, 0xf4, 0xc, 0xff, 0xff, 0xff, 0xff, 0xff,
    0xff, 0xff, 0xff, 0xff, 0xff, 0xff, 0xff, 0xff,
    0xff, 0xff, 0xff, 0xff, 0xff, 0xff, 0xff, 0xff,
    0xff, 0xff, 0xff, 0xff, 0xff, 0xff, 0xf4, 0x3,
    0x40, 0x40, 0x40, 0xe9, 0xff, 0xff, 0xff, 0x6b,
    0x97, 0xff, 0xff, 0xff, 0x9b, 0x40, 0x40, 0x79,
    0xff, 0xff, 0xff, 0xae, 0x58, 0xff, 0xff, 0xff,
    0xff, 0x4c, 0x40, 0x3d, 0x0, 0x0, 0x0, 0x0,
    0xa7, 0xff, 0xff, 0xff, 0x68, 0xac, 0xff, 0xff,
    0xff, 0x35, 0x0, 0x0, 0xf, 0xfb, 0xff, 0xff,
    0xcc, 0x4b, 0xff, 0xff, 0xff, 0xd3, 0x0, 0x0,
    0x0, 0x0, 0x0, 0x0, 0x0, 0x62, 0xff, 0xff,
    0xff, 0x92, 0xe4, 0xff, 0xff, 0xe5, 0x1, 0x0,
    0x0, 0x0, 0xc0, 0xff, 0xff, 0xfb, 0x82, 0xff,
    0xff, 0xff, 0x91, 0x0, 0x0, 0x0, 0x0, 0x0,
    0x0, 0x0, 0x1d, 0xff, 0xff, 0xff, 0xe9, 0xff,
    0xff, 0xff, 0x97, 0x0, 0x0, 0x0, 0x0, 0x76,
    0xff, 0xff, 0xff, 0xee, 0xff, 0xff, 0xff, 0x4e,
    0x0, 0x0, 0x0, 0x0, 0x0, 0x0, 0x0, 0x0,
    0xd9, 0xff, 0xff, 0xff, 0xff, 0xff, 0xff, 0x48,
    0x0, 0x0, 0x0, 0x0, 0x2b, 0xff, 0xff, 0xff,
    0xff, 0xff, 0xff, 0xfc, 0xf, 0x0, 0x0, 0x0,
    0x0, 0x0, 0x0, 0x0, 0x0, 0x95, 0xff, 0xff,
    0xff, 0xff, 0xff, 0xf3, 0x7, 0x0, 0x0, 0x0,
    0x0, 0x0, 0xe0, 0xff, 0xff, 0xff, 0xff, 0xff,
    0xc8, 0x0, 0x0, 0x0, 0x0, 0x0, 0x0, 0x0,
    0x0, 0x0, 0x50, 0xff, 0xff, 0xff, 0xff, 0xff,
    0xab, 0x0, 0x0, 0x0, 0x0, 0x0, 0x0, 0x96,
    0xff, 0xff, 0xff, 0xff, 0xff, 0x85, 0x0, 0x0,
    0x0, 0x0, 0x0, 0x0, 0x0, 0x0, 0x0, 0xf,
    0xfc, 0xff, 0xff, 0xff, 0xff, 0x5c, 0x0, 0x0,
    0x0, 0x0, 0x0, 0x0, 0x4b, 0xff, 0xff, 0xff,
    0xff, 0xff, 0x42, 0x0, 0x0, 0x0, 0x0, 0x0,
    0x0, 0x0, 0x0, 0x0, 0x0, 0xc7, 0xff, 0xff,
    0xff, 0xfb, 0x12, 0x0, 0x0, 0x0, 0x0, 0x0,
    0x0, 0x9, 0xf6, 0xff, 0xff, 0xff, 0xf7, 0x8,
    0x0, 0x0, 0x0, 0x0, 0x0, 0x0, 0x0, 0x0,
    0x0, 0x0, 0x82, 0xff, 0xff, 0xff, 0xbf, 0x0,
    0x0, 0x0, 0x0, 0x0, 0x0, 0x0, 0x0, 0xb5,
    0xff, 0xff, 0xff, 0xbd, 0x0, 0x0, 0x0, 0x0,
    0x0,

    /* U+20AB "₫" */
    0x0, 0x0, 0x0, 0x0, 0x0, 0x0, 0x0, 0x0,
    0x0, 0x0, 0x0, 0x0, 0x39, 0x44, 0x44, 0x44,
    0x5, 0x0, 0x0, 0x0, 0x0, 0x0, 0x0, 0x0,
    0x0, 0x0, 0x0, 0x0, 0x0, 0x0, 0xd8, 0xff,
    0xff, 0xff, 0x14, 0x0, 0x0, 0x0, 0x0, 0x0,
    0x0, 0x0, 0x0, 0xc, 0xff, 0xff, 0xff, 0xff,
    0xff, 0xff, 0xff, 0xff, 0xff, 0xd8, 0x0, 0x0,
    0x0, 0x0, 0x0, 0x0, 0x0, 0xc, 0xff, 0xff,
    0xff, 0xff, 0xff, 0xff, 0xff, 0xff, 0xff, 0xd8,
    0x0, 0x0, 0x0, 0x0, 0x0, 0x0, 0x0, 0x2,
    0x30, 0x30, 0x30, 0x30, 0xdf, 0xff, 0xff, 0xff,
    0x40, 0x28, 0x0, 0x0, 0x0, 0x0, 0x0, 0x0,
    0x0, 0x0, 0x0, 0x0, 0x0, 0x0, 0xd7, 0xff,
    0xff, 0xff, 0x14, 0x0, 0x0, 0x0, 0x0, 0x0,
    0x1f, 0x8f, 0xd8, 0xf7, 0xec, 0xbf, 0x53, 0x0,
    0xca, 0xff, 0xff, 0xff, 0x14, 0x0, 0x0, 0x0,
    0x0, 0x68, 0xf8, 0xff, 0xff, 0xff, 0xff, 0xff,
    0xff, 0x8c, 0xaf, 0xff, 0xff, 0xff, 0x14, 0x0,
    0x0, 0x0, 0x6a, 0xff, 0xff, 0xff, 0xff, 0xff,
    0xff, 0xff, 0xff, 0xff, 0xee, 0xff, 0xff, 0xff,
    0x14, 0x0, 0x0, 0x23, 0xfa, 0xff, 0xff, 0xff,
    0xff, 0xbf, 0x9a, 0xb2, 0xf7, 0xff, 0xff, 0xff,
    0xff, 0xff, 0x14, 0x0, 0x0, 0x9a, 0xff, 0xff,
    0xff, 0xe6, 0x40, 0x0, 0x0, 0x0, 0x24, 0xce,
    0xff, 0xff, 0xff, 0xff, 0x14, 0x0, 0x0, 0xe7,
    0xff, 0xff, 0xff, 0x45, 0x0, 0x0, 0x0, 0x0,
    0x0, 0x27, 0xf9, 0xff, 0xff, 0xff, 0x14, 0x0,
    0x12, 0xff, 0xff, 0xff, 0xe5, 0x0, 0x0, 0x0,
    0x0, 0x0, 0x0, 0x0, 0xbb, 0xff, 0xff, 0xff,
    0x14, 0x0, 0x22, 0xff, 0xff, 0xff, 0xc9, 0x0,
    0x0, 0x0, 0x0, 0x0, 0x0, 0x0, 0xa1, 0xff,
    0xff, 0xff, 0x14, 0x0, 0x12, 0xff, 0xff, 0xff,
    0xe3, 0x0, 0x0, 0x0, 0x0, 0x0, 0x0, 0x0,
    0xba, 0xff, 0xff, 0xff, 0x14, 0x0, 0x0, 0xe7,
    0xff, 0xff, 0xff, 0x4c, 0x0, 0x0, 0x0, 0x0,
    0x0, 0x25, 0xf8, 0xff, 0xff, 0xff, 0x14, 0x0,
    0x0, 0x9a, 0xff, 0xff, 0xff, 0xe8, 0x3d, 0x0,
    0x0, 0x0, 0x21, 0xcc, 0xff, 0xff, 0xff, 0xff,
    0x14, 0x0, 0x0, 0x23, 0xfa, 0xff, 0xff, 0xff,
    0xfe, 0xbf, 0x9b, 0xba, 0xf6, 0xff, 0xff, 0xff,
    0xff, 0xff, 0x14, 0x0, 0x0, 0x0, 0x6c, 0xff,
    0xff, 0xff, 0xff, 0xff, 0xff, 0xff, 0xff, 0xff,
    0xff, 0xff, 0xff, 0xff, 0x14, 0x0, 0x0, 0x0,
    0x0, 0x6b, 0xf8, 0xff, 0xff, 0xff, 0xff, 0xff,
    0xff, 0xaf, 0x9f, 0xff, 0xff, 0xff, 0x14, 0x0,
    0x0, 0x0, 0x0, 0x0, 0x20, 0x90, 0xd8, 0xf7,
    0xef, 0xc7, 0x67, 0x1, 0x9c, 0xff, 0xff, 0xff,
    0x14, 0x0, 0x0, 0x0, 0x0, 0x0, 0x0, 0x0,
    0x0, 0x0, 0x0, 0x0, 0x0, 0x0, 0x0, 0x0,
    0x0, 0x0, 0x0, 0x0, 0x0, 0x0, 0x0, 0x0,
    0x0, 0x0, 0x0, 0x0, 0x0, 0x0, 0x0, 0x0,
    0x0, 0x0, 0x0, 0x0, 0x0, 0x0, 0x0, 0x34,
    0xff, 0xff, 0xff, 0xff, 0xff, 0xff, 0xff, 0xff,
    0xff, 0xff, 0xff, 0xff, 0xff, 0xff, 0x14, 0x0,
    0x0, 0x34, 0xff, 0xff, 0xff, 0xff, 0xff, 0xff,
    0xff, 0xff, 0xff, 0xff, 0xff, 0xff, 0xff, 0xff,
    0x14, 0x0, 0x0, 0x2b, 0xd8, 0xd8, 0xd8, 0xd8,
    0xd8, 0xd8, 0xd8, 0xd8, 0xd8, 0xd8, 0xd8, 0xd8,
    0xd8, 0xd8, 0x10, 0x0,

    /* U+20AC "€" */
    0x0, 0x0, 0x0, 0x0, 0x0, 0x0, 0x0, 0x0,
    0x0, 0x31, 0x8c, 0xc8, 0xea, 0xfb, 0xf1, 0xce,
    0x8e, 0x2e, 0x0, 0x0, 0x0, 0x0, 0x0, 0x0,
    0x0, 0x0, 0x26, 0xba, 0xff, 0xff, 0xff, 0xff,
    0xff, 0xff, 0xff, 0xff, 0xfe, 0x3a, 0x0, 0x0,
    0x0, 0x0, 0x0, 0x0, 0x4d, 0xf4, 0xff, 0xff,
    0xff, 0xff, 0xff, 0xff, 0xff, 0xff, 0xff, 0xc1,
    0x0, 0x0, 0x0, 0x0, 0x0, 0x0, 0x46, 0xfb,
    0xff, 0xff, 0xff, 0xff, 0xfa, 0xd3, 0xb5, 0xc8,
    0xf2, 0xfd, 0x30, 0x0, 0x0, 0x0, 0x0, 0x0,
    0x19, 0xef, 0xff, 0xff, 0xff, 0xfa, 0x83, 0x18,
    0x0, 0x0, 0x0, 0x8, 0x48, 0x0, 0x0, 0x0,
    0x0, 0x0, 0x0, 0xa4, 0xff, 0xff, 0xff, 0xf1,
    0x3a, 0x0, 0x0, 0x0, 0x0, 0x0, 0x0, 0x0,
    0x0, 0x0, 0x0, 0x0, 0x0, 0x1c, 0xfb, 0xff,
    0xff, 0xff, 0x58, 0x0, 0x0, 0x0, 0x0, 0x0,
    0x0, 0x0, 0x0, 0x0, 0x0, 0x48, 0xff, 0xff,
    0xff, 0xff, 0xff, 0xff, 0xff, 0xff, 0xff, 0xff,
    0xff, 0xff, 0xff, 0xc, 0x0, 0x0, 0x0, 0x0,
    0x48, 0xff, 0xff, 0xff, 0xff, 0xff, 0xff, 0xff,
    0xff, 0xff, 0xff, 0xff, 0xff, 0xff, 0xc, 0x0,
    0x0, 0x0, 0x0, 0x38, 0xc8, 0xc8, 0xf8, 0xff,
    0xff, 0xff, 0xcb, 0xc8, 0xc8, 0xc8, 0xc8, 0xc8,
    0xc8, 0x9, 0x0, 0x0, 0x0, 0x0, 0x0, 0x0,
    0x0, 0xe4, 0xff, 0xff, 0xff, 0x6, 0x0, 0x0,
    0x0, 0x0, 0x0, 0x0, 0x0, 0x0, 0x0, 0x0,
    0x0, 0x3f, 0xe0, 0xe0, 0xfb, 0xff, 0xff, 0xff,
    0xe2, 0xe0, 0xe0, 0xe0, 0xe0, 0xe0, 0xe0, 0xa,
    0x0, 0x0, 0x0, 0x0, 0x48, 0xff, 0xff, 0xff,
    0xff, 0xff, 0xff, 0xff, 0xff, 0xff, 0xff, 0xff,
    0xff, 0xff, 0xc, 0x0, 0x0, 0x0, 0x0, 0x48,
    0xff, 0xff, 0xff, 0xff, 0xff, 0xff, 0xff, 0xff,
    0xff, 0xff, 0xff, 0xff, 0xff, 0xc, 0x0, 0x0,
    0x0, 0x0, 0x0, 0x0, 0x0, 0x1d, 0xfb, 0xff,
    0xff, 0xff, 0x58, 0x0, 0x0, 0x0, 0x0, 0x0,
    0x0, 0x0, 0x0, 0x0, 0x0, 0x0, 0x0, 0x0,
    0x0, 0xa5, 0xff, 0xff, 0xff, 0xf0, 0x39, 0x0,
    0x0, 0x0, 0x0, 0x0, 0x0, 0x0, 0x0, 0x0,
    0x0, 0x0, 0x0, 0x0, 0x1a, 0xf1, 0xff, 0xff,
    0xff, 0xfa, 0x7f, 0x17, 0x0, 0x0, 0x0, 0x4,
    0x60, 0x47, 0x0, 0x0, 0x0, 0x0, 0x0, 0x0,
    0x49, 0xfb, 0xff, 0xff, 0xff, 0xff, 0xfa, 0xd1,
    0xb4, 0xbb, 0xeb, 0xff, 0xd0, 0x0, 0x0, 0x0,
    0x0, 0x0, 0x0, 0x0, 0x4f, 0xf5, 0xff, 0xff,
    0xff, 0xff, 0xff, 0xff, 0xff, 0xff, 0xff, 0xff,
    0x4d, 0x0, 0x0, 0x0, 0x0, 0x0, 0x0, 0x0,
    0x29, 0xbd, 0xff, 0xff, 0xff, 0xff, 0xff, 0xff,
    0xff, 0xff, 0xff, 0xa7, 0x0, 0x0, 0x0, 0x0,
    0x0, 0x0, 0x0, 0x0, 0x0, 0x35, 0x8f, 0xca,
    0xec, 0xfb, 0xf5, 0xd7, 0xa2, 0x4f, 0x2,

    /* U+20AE "₮" */
    0x1f, 0x70, 0x70, 0x70, 0x70, 0x70, 0x70, 0x70,
    0x70, 0x70, 0x70, 0x70, 0x70, 0x70, 0x70, 0x6e,
    0x48, 0xff, 0xff, 0xff, 0xff, 0xff, 0xff, 0xff,
    0xff, 0xff, 0xff, 0xff, 0xff, 0xff, 0xff, 0xfc,
    0x48, 0xff, 0xff, 0xff, 0xff, 0xff, 0xff, 0xff,
    0xff, 0xff, 0xff, 0xff, 0xff, 0xff, 0xff, 0xfc,
    0x48, 0xff, 0xff, 0xff, 0xff, 0xff, 0xff, 0xff,
    0xff, 0xff, 0xff, 0xff, 0xff, 0xff, 0xff, 0xfc,
    0x0, 0x0, 0x0, 0x0, 0x0, 0x0, 0x7c, 0xff,
    0xff, 0xff, 0x34, 0x0, 0x0, 0x0, 0x0, 0x0,
    0x0, 0x0, 0x0, 0x0, 0x0, 0x0, 0x7c, 0xff,
    0xff, 0xff, 0x34, 0x0, 0x1f, 0x79, 0x0, 0x0,
    0x0, 0x0, 0x0, 0x0, 0x0, 0x0, 0x7c, 0xff,
    0xff, 0xff, 0x37, 0x71, 0xf4, 0xc4, 0x0, 0x0,
    0x0, 0x0, 0x0, 0x0, 0x0, 0x0, 0x7c, 0xff,
    0xff, 0xff, 0xe3, 0xff, 0xff, 0xc4, 0x0, 0x0,
    0x0, 0x0, 0x0, 0x0, 0x0, 0x0, 0x7c, 0xff,
    0xff, 0xff, 0xff, 0xff, 0xff, 0x9a, 0x0, 0x0,
    0x0, 0x0, 0x0, 0x0, 0x0, 0x6, 0xa8, 0xff,
    0xff, 0xff, 0xff, 0xe8, 0x59, 0x0, 0x0, 0x0,
    0x0, 0x0, 0x0, 0x0, 0x3c, 0xd6, 0xff, 0xff,
    0xff, 0xff, 0xa3, 0x11, 0x14, 0x6d, 0x0, 0x0,
    0x0, 0x0, 0x4, 0x9a, 0xfe, 0xff, 0xff, 0xff,
    0xff, 0xff, 0x34, 0x5f, 0xec, 0xc4, 0x0, 0x0,
    0x0, 0x0, 0x10, 0xff, 0xff, 0xff, 0xfe, 0xff,
    0xff, 0xff, 0xd9, 0xff, 0xff, 0xc4, 0x0, 0x0,
    0x0, 0x0, 0x10, 0xff, 0xfc, 0x8f, 0x88, 0xff,
    0xff, 0xff, 0xff, 0xff, 0xff, 0xa4, 0x0, 0x0,
    0x0, 0x0, 0x10, 0xcb, 0x32, 0x1, 0x9b, 0xff,
    0xff, 0xff, 0xff, 0xf0, 0x69, 0x1, 0x0, 0x0,
    0x0, 0x0, 0x2, 0x2, 0x29, 0xc3, 0xff, 0xff,
    0xff, 0xff, 0xb0, 0x19, 0x0, 0x0, 0x0, 0x0,
    0x0, 0x0, 0x2, 0x82, 0xf9, 0xff, 0xff, 0xff,
    0xff, 0xff, 0x34, 0x0, 0x0, 0x0, 0x0, 0x0,
    0x0, 0x0, 0x10, 0xff, 0xff, 0xff, 0xff, 0xff,
    0xff, 0xff, 0x34, 0x0, 0x0, 0x0, 0x0, 0x0,
    0x0, 0x0, 0x10, 0xff, 0xff, 0x9f, 0x8f, 0xff,
    0xff, 0xff, 0x34, 0x0, 0x0, 0x0, 0x0, 0x0,
    0x0, 0x0, 0x10, 0xd8, 0x40, 0x0, 0x7c, 0xff,
    0xff, 0xff, 0x34, 0x0, 0x0, 0x0, 0x0, 0x0,
    0x0, 0x0, 0x1, 0x5, 0x0, 0x0, 0x7c, 0xff,
    0xff, 0xff, 0x34, 0x0, 0x0, 0x0, 0x0, 0x0,

    /* U+20B1 "₱" */
    0x0, 0x0, 0x0, 0x70, 0x70, 0x70, 0x70, 0x70,
    0x70, 0x70, 0x6d, 0x5e, 0x33, 0x3, 0x0, 0x0,
    0x0, 0x0, 0x0, 0x0, 0x0, 0x0, 0x0, 0xff,
    0xff, 0xff, 0xff, 0xff, 0xff, 0xff, 0xff, 0xff,
    0xff, 0xe3, 0x6d, 0x2, 0x0, 0x0, 0x0, 0x0,
    0x0, 0x0, 0x0, 0xff, 0xff, 0xff, 0xff, 0xff,
    0xff, 0xff, 0xff, 0xff, 0xff, 0xff, 0xff, 0xae,
    0x4, 0x0, 0x0, 0x0, 0x0, 0x0, 0x0, 0xff,
    0xff, 0xff, 0xff, 0xff, 0xff, 0xff, 0xff, 0xff,
    0xff, 0xff, 0xff, 0xff, 0x83, 0x0, 0x0, 0x0,
    0x0, 0x0, 0x0, 0xff, 0xff, 0xff, 0xb0, 0x0,
    0x0, 0x0, 0x1, 0x1c, 0x88, 0xff, 0xff, 0xff,
    0xf5, 0x12, 0x0, 0x0, 0x0, 0x0, 0x0, 0xff,
    0xff, 0xff, 0xb0, 0x0, 0x0, 0x0, 0x0, 0x0,
    0x0, 0x93, 0xff, 0xff, 0xff, 0x56, 0x0, 0x0,
    0x48, 0xff, 0xff, 0xff, 0xff, 0xff, 0xff, 0xff,
    0xff, 0xff, 0xff, 0xff, 0xff, 0xff, 0xff, 0xff,
    0xff, 0xff, 0xff, 0x4c, 0x48, 0xff, 0xff, 0xff,
    0xff, 0xff, 0xff, 0xff, 0xff, 0xff, 0xff, 0xff,
    0xff, 0xff, 0xff, 0xff, 0xff, 0xff, 0xff, 0x4c,
    0x12, 0x40, 0x40, 0xff, 0xff, 0xff, 0xc4, 0x40,
    0x40, 0x40, 0x40, 0x40, 0x40, 0xa5, 0xff, 0xff,
    0xff, 0x85, 0x40, 0x13, 0x0, 0x0, 0x0, 0xff,
    0xff, 0xff, 0xb0, 0x0, 0x0, 0x0, 0x0, 0x18,
    0x75, 0xfa, 0xff, 0xff, 0xfd, 0x20, 0x0, 0x0,
    0x0, 0x0, 0x0, 0xff, 0xff, 0xff, 0xff, 0xff,
    0xff, 0xff, 0xff, 0xff, 0xff, 0xff, 0xff, 0xff,
    0x9d, 0x0, 0x0, 0x0, 0x0, 0x0, 0x0, 0xff,
    0xff, 0xff, 0xff, 0xff, 0xff, 0xff, 0xff, 0xff,
    0xff, 0xff, 0xff, 0xc2, 0xb, 0x0, 0x0, 0x0,
    0x0, 0x0, 0x0, 0xff, 0xff, 0xff, 0xff, 0xff,
    0xff, 0xff, 0xff, 0xff, 0xff, 0xe9, 0x7a, 0x6,
    0x0, 0x0, 0x0, 0x0, 0x0, 0x0, 0x0, 0xff,
    0xff, 0xff, 0xd3, 0x70, 0x70, 0x70, 0x6e, 0x5f,
    0x37, 0x4, 0x0, 0x0, 0x0, 0x0, 0x0, 0x0,
    0x0, 0x0, 0x0, 0xff, 0xff, 0xff, 0xb0, 0x0,
    0x0, 0x0, 0x0, 0x0, 0x0, 0x0, 0x0, 0x0,
    0x0, 0x0, 0x0, 0x0, 0x0, 0x0, 0x0, 0xff,
    0xff, 0xff, 0xb0, 0x0, 0x0, 0x0, 0x0, 0x0,
    0x0, 0x0, 0x0, 0x0, 0x0, 0x0, 0x0, 0x0,
    0x0, 0x0, 0x0, 0xff, 0xff, 0xff, 0xb0, 0x0,
    0x0, 0x0, 0x0, 0x0, 0x0, 0x0, 0x0, 0x0,
    0x0, 0x0, 0x0, 0x0, 0x0, 0x0, 0x0, 0xff,
    0xff, 0xff, 0xb0, 0x0, 0x0, 0x0, 0x0, 0x0,
    0x0, 0x0, 0x0, 0x0, 0x0, 0x0, 0x0, 0x0,
    0x0, 0x0, 0x0, 0xff, 0xff, 0xff, 0xb0, 0x0,
    0x0, 0x0, 0x0, 0x0, 0x0, 0x0, 0x0, 0x0,
    0x0, 0x0, 0x0, 0x0, 0x0, 0x0, 0x0, 0xff,
    0xff, 0xff, 0xb0, 0x0, 0x0, 0x0, 0x0, 0x0,
    0x0, 0x0, 0x0, 0x0, 0x0, 0x0, 0x0, 0x0,
    0x0, 0x0, 0x0, 0xff, 0xff, 0xff, 0xb0, 0x0,
    0x0, 0x0, 0x0, 0x0, 0x0, 0x0, 0x0, 0x0,
    0x0, 0x0, 0x0, 0x0,

    /* U+20B8 "₸" */
    0x16, 0x50, 0x50, 0x50, 0x50, 0x50, 0x50, 0x50,
    0x50, 0x50, 0x50, 0x50, 0x50, 0x50, 0x50, 0x4e,
    0x48, 0xff, 0xff, 0xff, 0xff, 0xff, 0xff, 0xff,
    0xff, 0xff, 0xff, 0xff, 0xff, 0xff, 0xff, 0xfc,
    0x48, 0xff, 0xff, 0xff, 0xff, 0xff, 0xff, 0xff,
    0xff, 0xff, 0xff, 0xff, 0xff, 0xff, 0xff, 0xfc,
    0x48, 0xff, 0xff, 0xff, 0xff, 0xff, 0xff, 0xff,
    0xff, 0xff, 0xff, 0xff, 0xff, 0xff, 0xff, 0xfc,
    0x0, 0x0, 0x0, 0x0, 0x0, 0x0, 0x0, 0x0,
    0x0, 0x0, 0x0, 0x0, 0x0, 0x0, 0x0, 0x0,
    0x16, 0x50, 0x50, 0x50, 0x50, 0x50, 0x50, 0x50,
    0x50, 0x50, 0x50, 0x50, 0x50, 0x50, 0x50, 0x4e,
    0x48, 0xff, 0xff, 0xff, 0xff, 0xff, 0xff, 0xff,
    0xff, 0xff, 0xff, 0xff, 0xff, 0xff, 0xff, 0xfc,
    0x48, 0xff, 0xff, 0xff, 0xff, 0xff, 0xff, 0xff,
    0xff, 0xff, 0xff, 0xff, 0xff, 0xff, 0xff, 0xfc,
    0x48, 0xff, 0xff, 0xff, 0xff, 0xff, 0xff, 0xff,
    0xff, 0xff, 0xff, 0xff, 0xff, 0xff, 0xff, 0xfc,
    0x0, 0x0, 0x0, 0x0, 0x0, 0x0, 0x7c, 0xff,
    0xff, 0xff, 0x34, 0x0, 0x0, 0x0, 0x0, 0x0,
    0x0, 0x0, 0x0, 0x0, 0x0, 0x0, 0x7c, 0xff,
    0xff, 0xff, 0x34, 0x0, 0x0, 0x0, 0x0, 0x0,
    0x0, 0x0, 0x0, 0x0, 0x0, 0x0, 0x7c, 0xff,
    0xff, 0xff, 0x34, 0x0, 0x0, 0x0, 0x0, 0x0,
    0x0, 0x0, 0x0, 0x0, 0x0, 0x0, 0x7c, 0xff,
    0xff, 0xff, 0x34, 0x0, 0x0, 0x0, 0x0, 0x0,
    0x0, 0x0, 0x0, 0x0, 0x0, 0x0, 0x7c, 0xff,
    0xff, 0xff, 0x34, 0x0, 0x0, 0x0, 0x0, 0x0,
    0x0, 0x0, 0x0, 0x0, 0x0, 0x0, 0x7c, 0xff,
    0xff, 0xff, 0x34, 0x0, 0x0, 0x0, 0x0, 0x0,
    0x0, 0x0, 0x0, 0x0, 0x0, 0x0, 0x7c, 0xff,
    0xff, 0xff, 0x34, 0x0, 0x0, 0x0, 0x0, 0x0,
    0x0, 0x0, 0x0, 0x0, 0x0, 0x0, 0x7c, 0xff,
    0xff, 0xff, 0x34, 0x0, 0x0, 0x0, 0x0, 0x0,
    0x0, 0x0, 0x0, 0x0, 0x0, 0x0, 0x7c, 0xff,
    0xff, 0xff, 0x34, 0x0, 0x0, 0x0, 0x0, 0x0,
    0x0, 0x0, 0x0, 0x0, 0x0, 0x0, 0x7c, 0xff,
    0xff, 0xff, 0x34, 0x0, 0x0, 0x0, 0x0, 0x0,
    0x0, 0x0, 0x0, 0x0, 0x0, 0x0, 0x7c, 0xff,
    0xff, 0xff, 0x34, 0x0, 0x0, 0x0, 0x0, 0x0,
    0x0, 0x0, 0x0, 0x0, 0x0, 0x0, 0x7c, 0xff,
    0xff, 0xff, 0x34, 0x0, 0x0, 0x0, 0x0, 0x0,

    /* U+20B9 "₹" */
    0x25, 0x84, 0x84, 0x84, 0x84, 0x84, 0x84, 0x84,
    0x84, 0x84, 0x84, 0x84, 0x84, 0x84, 0x84, 0x84,
    0x5c, 0x48, 0xff, 0xff, 0xff, 0xff, 0xff, 0xff,
    0xff, 0xff, 0xff, 0xff, 0xff, 0xff, 0xff, 0xff,
    0xff, 0xb4, 0x48, 0xff, 0xff, 0xff, 0xff, 0xff,
    0xff, 0xff, 0xff, 0xff, 0xff, 0xff, 0xff, 0xe1,
    0xc4, 0xc4, 0x89, 0x3c, 0xd8, 0xd8, 0xd8, 0xd8,
    0xd8, 0xd8, 0xd8, 0xe4, 0xfe, 0xff, 0xff, 0xff,
    0xdb, 0xa, 0x0, 0x0, 0x0, 0x0, 0x0, 0x0,
    0x0, 0x0, 0x0, 0x0, 0x0, 0x26, 0xca, 0xff,
    0xff, 0xff, 0x6c, 0x0, 0x0, 0x19, 0x5c, 0x5c,
    0x5c, 0x5c, 0x5c, 0x5c, 0x5c, 0x5c, 0x5c, 0x75,
    0xff, 0xff, 0xff, 0xcd, 0x5c, 0x40, 0x48, 0xff,
    0xff, 0xff, 0xff, 0xff, 0xff, 0xff, 0xff, 0xff,
    0xff, 0xff, 0xff, 0xff, 0xff, 0xff, 0xb4, 0x42,
    0xec, 0xec, 0xec, 0xec, 0xec, 0xec, 0xec, 0xec,
    0xec, 0xec, 0xff, 0xff, 0xff, 0xfb, 0xec, 0xa5,
    0x0, 0x0, 0x0, 0x0, 0x0, 0x0, 0x0, 0x0,
    0x0, 0x0, 0x55, 0xff, 0xff, 0xff, 0xa5, 0x0,
    0x0, 0x0, 0x0, 0x0, 0x3a, 0x48, 0x48, 0x48,
    0x48, 0x54, 0x93, 0xfb, 0xff, 0xff, 0xff, 0x4a,
    0x0, 0x0, 0x0, 0x0, 0x0, 0xd0, 0xff, 0xff,
    0xff, 0xff, 0xff, 0xff, 0xff, 0xff, 0xff, 0xb1,
    0x0, 0x0, 0x0, 0x0, 0x0, 0x0, 0xd0, 0xff,
    0xff, 0xff, 0xff, 0xff, 0xff, 0xff, 0xff, 0xb7,
    0xb, 0x0, 0x0, 0x0, 0x0, 0x0, 0x0, 0xd0,
    0xff, 0xff, 0xff, 0xff, 0xff, 0xfe, 0xca, 0x5d,
    0x1, 0x0, 0x0, 0x0, 0x0, 0x0, 0x0, 0x0,
    0x87, 0xff, 0xff, 0xff, 0xff, 0xe3, 0x1a, 0x0,
    0x0, 0x0, 0x0, 0x0, 0x0, 0x0, 0x0, 0x0,
    0x0, 0x0, 0x95, 0xff, 0xff, 0xff, 0xff, 0xc2,
    0xb, 0x0, 0x0, 0x0, 0x0, 0x0, 0x0, 0x0,
    0x0, 0x0, 0x0, 0x1, 0x9b, 0xff, 0xff, 0xff,
    0xff, 0xbe, 0x9, 0x0, 0x0, 0x0, 0x0, 0x0,
    0x0, 0x0, 0x0, 0x0, 0x0, 0x2, 0xa1, 0xff,
    0xff, 0xff, 0xff, 0xba, 0x8, 0x0, 0x0, 0x0,
    0x0, 0x0, 0x0, 0x0, 0x0, 0x0, 0x0, 0x3,
    0xa8, 0xff, 0xff, 0xff, 0xff, 0xb6, 0x6, 0x0,
    0x0, 0x0, 0x0, 0x0, 0x0, 0x0, 0x0, 0x0,
    0x0, 0x4, 0xad, 0xff, 0xff, 0xff, 0xff, 0xb1,
    0x5, 0x0, 0x0, 0x0, 0x0, 0x0, 0x0, 0x0,
    0x0, 0x0, 0x0, 0x5, 0xb3, 0xff, 0xff, 0xff,
    0xff, 0xad, 0x4, 0x0, 0x0, 0x0, 0x0, 0x0,
    0x0, 0x0, 0x0, 0x0, 0x0, 0x7, 0xb9, 0xff,
    0xff, 0xff, 0xff, 0xa6, 0x0,

    /* U+20BA "₺" */
    0x0, 0x0, 0x0, 0x0, 0x34, 0x44, 0x44, 0x3c,
    0x0, 0x0, 0x0, 0x0, 0x0, 0x0, 0x0, 0x0,
    0x0, 0x0, 0x0, 0x0, 0xc4, 0xff, 0xff, 0xe4,
    0x0, 0x0, 0x0, 0x0, 0x0, 0x0, 0x0, 0x0,
    0x0, 0x0, 0x0, 0x0, 0xc4, 0xff, 0xff, 0xe4,
    0x0, 0x0, 0x0, 0xc, 0x0, 0x0, 0x0, 0x0,
    0x0, 0x0, 0x0, 0x0, 0xc4, 0xff, 0xff, 0xe4,
    0x0, 0x10, 0x98, 0x8a, 0x0, 0x0, 0x0, 0x0,
    0x0, 0x0, 0x0, 0x0, 0xc4, 0xff, 0xff, 0xe4,
    0x59, 0xe8, 0xff, 0x8c, 0x0, 0x0, 0x0, 0x0,
    0x0, 0x0, 0x0, 0x0, 0xc4, 0xff, 0xff, 0xff,
    0xff, 0xff, 0xff, 0x8c, 0x0, 0x0, 0x0, 0x0,
    0x0, 0x0, 0x0, 0x0, 0xc4, 0xff, 0xff, 0xff,
    0xff, 0xff, 0xc5, 0x29, 0x0, 0x0, 0x0, 0x0,
    0x0, 0x0, 0x2, 0x68, 0xf3, 0xff, 0xff, 0xff,
    0xef, 0x67, 0x1, 0x0, 0x0, 0x0, 0x0, 0x0,
    0x0, 0x32, 0xc9, 0xff, 0xff, 0xff, 0xff, 0xee,
    0x17, 0x0, 0x13, 0x43, 0x0, 0x0, 0x0, 0x0,
    0x38, 0xfc, 0xff, 0xff, 0xff, 0xff, 0xff, 0xe4,
    0x0, 0x5c, 0xea, 0x8c, 0x0, 0x0, 0x0, 0x0,
    0x48, 0xff, 0xff, 0xe7, 0xe7, 0xff, 0xff, 0xee,
    0xba, 0xff, 0xff, 0x8c, 0x0, 0x0, 0x0, 0x0,
    0x48, 0xfd, 0x94, 0xf, 0xc4, 0xff, 0xff, 0xff,
    0xff, 0xff, 0xff, 0x7b, 0x0, 0x0, 0x0, 0x0,
    0x2a, 0x34, 0x0, 0x1, 0xcd, 0xff, 0xff, 0xff,
    0xff, 0xeb, 0x60, 0x0, 0x0, 0x0, 0x0, 0x0,
    0x0, 0x0, 0x2f, 0xc6, 0xff, 0xff, 0xff, 0xff,
    0x9f, 0x13, 0x0, 0x0, 0x9c, 0xbc, 0xbc, 0x8b,
    0xb, 0x8e, 0xfc, 0xff, 0xff, 0xff, 0xff, 0xe4,
    0x0, 0x0, 0x0, 0x8, 0xf5, 0xff, 0xff, 0xa7,
    0x48, 0xff, 0xff, 0xff, 0xff, 0xff, 0xff, 0xe4,
    0x0, 0x0, 0x0, 0x70, 0xff, 0xff, 0xff, 0x69,
    0x48, 0xff, 0xfc, 0x91, 0xcf, 0xff, 0xff, 0xe4,
    0x0, 0x0, 0x5d, 0xf8, 0xff, 0xff, 0xf4, 0x16,
    0x48, 0xca, 0x31, 0x0, 0xc4, 0xff, 0xff, 0xeb,
    0x5f, 0xb4, 0xff, 0xff, 0xff, 0xff, 0x7b, 0x0,
    0xe, 0x2, 0x0, 0x0, 0xc4, 0xff, 0xff, 0xff,
    0xff, 0xff, 0xff, 0xff, 0xff, 0xaf, 0x2, 0x0,
    0x0, 0x0, 0x0, 0x0, 0xc4, 0xff, 0xff, 0xff,
    0xff, 0xff, 0xff, 0xfb, 0x8a, 0x3, 0x0, 0x0,
    0x0, 0x0, 0x0, 0x0, 0xc4, 0xff, 0xff, 0xfe,
    0xee, 0xcd, 0x88, 0x22, 0x0, 0x0, 0x0, 0x0,

    /* U+20BD "₽" */
    0x0, 0x0, 0x0, 0x70, 0x70, 0x70, 0x70, 0x70,
    0x70, 0x70, 0x6d, 0x5c, 0x32, 0x2, 0x0, 0x0,
    0x0, 0x0, 0x0, 0x0, 0x0, 0xff, 0xff, 0xff,
    0xff, 0xff, 0xff, 0xff, 0xff, 0xff, 0xff, 0xe5,
    0x72, 0x3, 0x0, 0x0, 0x0, 0x0, 0x0, 0xff,
    0xff, 0xff, 0xff, 0xff, 0xff, 0xff, 0xff, 0xff,
    0xff, 0xff, 0xff, 0xbb, 0x8, 0x0, 0x0, 0x0,
    0x0, 0xff, 0xff, 0xff, 0xff, 0xff, 0xff, 0xff,
    0xff, 0xff, 0xff, 0xff, 0xff, 0xff, 0x96, 0x0,
    0x0, 0x0, 0x0, 0xff, 0xff, 0xff, 0xb0, 0x0,
    0x0, 0x0, 0x1, 0x1f, 0x7d, 0xfb, 0xff, 0xff,
    0xfc, 0x1a, 0x0, 0x0, 0x0, 0xff, 0xff, 0xff,
    0xb0, 0x0, 0x0, 0x0, 0x0, 0x0, 0x0, 0x81,
    0xff, 0xff, 0xff, 0x62, 0x0, 0x0, 0x0, 0xff,
    0xff, 0xff, 0xb0, 0x0, 0x0, 0x0, 0x0, 0x0,
    0x0, 0x2a, 0xff, 0xff, 0xff, 0x81, 0x0, 0x0,
    0x0, 0xff, 0xff, 0xff, 0xb0, 0x0, 0x0, 0x0,
    0x0, 0x0, 0x0, 0x2b, 0xff, 0xff, 0xff, 0x7e,
    0x0, 0x0, 0x0, 0xff, 0xff, 0xff, 0xb0, 0x0,
    0x0, 0x0, 0x0, 0x0, 0x0, 0x80, 0xff, 0xff,
    0xff, 0x5b, 0x0, 0x0, 0x0, 0xff, 0xff, 0xff,
    0xb0, 0x0, 0x0, 0x0, 0x1, 0x1d, 0x7a, 0xfa,
    0xff, 0xff, 0xf8, 0x13, 0x48, 0xff, 0xff, 0xff,
    0xff, 0xff, 0xff, 0xff, 0xff, 0xff, 0xff, 0xff,
    0xff, 0xff, 0xff, 0xff, 0x83, 0x0, 0x48, 0xff,
    0xff, 0xff, 0xff, 0xff, 0xff, 0xff, 0xff, 0xff,
    0xff, 0xff, 0xff, 0xff, 0xff, 0xa2, 0x2, 0x0,
    0x48, 0xff, 0xff, 0xff, 0xff, 0xff, 0xff, 0xff,
    0xff, 0xff, 0xff, 0xff, 0xff, 0xcc, 0x56, 0x0,
    0x0, 0x0, 0x17, 0x54, 0x54, 0xff, 0xff, 0xff,
    0xca, 0x54, 0x54, 0x54, 0x51, 0x41, 0x17, 0x0,
    0x0, 0x0, 0x0, 0x0, 0x0, 0x0, 0x0, 0xff,
    0xff, 0xff, 0xb0, 0x0, 0x0, 0x0, 0x0, 0x0,
    0x0, 0x0, 0x0, 0x0, 0x0, 0x0, 0x48, 0xff,
    0xff, 0xff, 0xff, 0xff, 0xff, 0xff, 0xff, 0xff,
    0xa0, 0x0, 0x0, 0x0, 0x0, 0x0, 0x0, 0x0,
    0x48, 0xff, 0xff, 0xff, 0xff, 0xff, 0xff, 0xff,
    0xff, 0xff, 0xa0, 0x0, 0x0, 0x0, 0x0, 0x0,
    0x0, 0x0, 0x12, 0x40, 0x40, 0xff, 0xff, 0xff,
    0xc4, 0x40, 0x40, 0x40, 0x28, 0x0, 0x0, 0x0,
    0x0, 0x0, 0x0, 0x0, 0x0, 0x0, 0x0, 0xff,
    0xff, 0xff, 0xb0, 0x0, 0x0, 0x0, 0x0, 0x0,
    0x0, 0x0, 0x0, 0x0, 0x0, 0x0, 0x0, 0x0,
    0x0, 0xff, 0xff, 0xff, 0xb0, 0x0, 0x0, 0x0,
    0x0, 0x0, 0x0, 0x0, 0x0, 0x0, 0x0, 0x0,
    0x0, 0x0, 0x0, 0xff, 0xff, 0xff, 0xb0, 0x0,
    0x0, 0x0, 0x0, 0x0, 0x0, 0x0, 0x0, 0x0,
    0x0, 0x0,

    /* U+2116 "№" */
    0x68, 0x7c, 0x7c, 0x7c, 0x79, 0x7, 0x0, 0x0,
    0x0, 0x0, 0x0, 0x0, 0x0, 0x20, 0x7c, 0x7c,
    0x7c, 0x5d, 0x0, 0x0, 0x0, 0xd, 0x7c, 0xcf,
    0xed, 0xdc, 0x99, 0x23, 0x0, 0x0, 0xd8, 0xff,
    0xff, 0xff, 0xff, 0x7e, 0x0, 0x0, 0x0, 0x0,
    0x0, 0x0, 0x0, 0x44, 0xff, 0xff, 0xff, 0xc0,
    0x0, 0x0, 0x1d, 0xd9, 0xff, 0xff, 0xff, 0xff,
    0xff, 0xf4, 0x47, 0x0, 0xd8, 0xff, 0xff, 0xff,
    0xff, 0xf7, 0x23, 0x0, 0x0, 0x0, 0x0, 0x0,
    0x0, 0x44, 0xff, 0xff, 0xff, 0xc0, 0x0, 0x0,
    0xc4, 0xff, 0xff, 0xe6, 0xa9, 0xd0, 0xff, 0xff,
    0xf1, 0x19, 0xd8, 0xff, 0xff, 0xff, 0xff, 0xff,
    0xb8, 0x0, 0x0, 0x0, 0x0, 0x0, 0x0, 0x44,
    0xff, 0xff, 0xff, 0xc0, 0x0, 0x3e, 0xff, 0xff,
    0xcd, 0xe, 0x0, 0x1, 0x92, 0xff, 0xff, 0x85,
    0xd8, 0xff, 0xff, 0xff, 0xff, 0xff, 0xff, 0x55,
    0x0, 0x0, 0x0, 0x0, 0x0, 0x44, 0xff, 0xff,
    0xff, 0xc0, 0x0, 0x7a, 0xff, 0xff, 0x59, 0x0,
    0x0, 0x0, 0x12, 0xff, 0xff, 0xc2, 0xd8, 0xff,
    0xff, 0xff, 0xff, 0xff, 0xff, 0xe5, 0xd, 0x0,
    0x0, 0x0, 0x0, 0x44, 0xff, 0xff, 0xff, 0xc0,
    0x0, 0x83, 0xff, 0xff, 0x4b, 0x0, 0x0, 0x0,
    0x6, 0xfc, 0xff, 0xca, 0xd8, 0xff, 0xff, 0xfb,
    0xf3, 0xff, 0xff, 0xff, 0x90, 0x0, 0x0, 0x0,
    0x0, 0x44, 0xff, 0xff, 0xff, 0xc0, 0x0, 0x5a,
    0xff, 0xff, 0x9c, 0x0, 0x0, 0x0, 0x55, 0xff,
    0xff, 0xa2, 0xd8, 0xff, 0xff, 0xf2, 0x68, 0xff,
    0xff, 0xff, 0xfc, 0x30, 0x0, 0x0, 0x0, 0x44,
    0xff, 0xff, 0xff, 0xc0, 0x0, 0xe, 0xec, 0xff,
    0xff, 0x9f, 0x54, 0x7d, 0xf4, 0xff, 0xff, 0x42,
    0xd8, 0xff, 0xff, 0xfe, 0x5, 0xc8, 0xff, 0xff,
    0xff, 0xc8, 0x2, 0x0, 0x0, 0x44, 0xff, 0xff,
    0xff, 0xc0, 0x0, 0x0, 0x53, 0xfc, 0xff, 0xff,
    0xff, 0xff, 0xff, 0xff, 0x95, 0x0, 0xd8, 0xff,
    0xff, 0xff, 0x11, 0x31, 0xfc, 0xff, 0xff, 0xff,
    0x67, 0x0, 0x0, 0x44, 0xff, 0xff, 0xff, 0xc0,
    0x0, 0x0, 0x0, 0x43, 0xd4, 0xff, 0xff, 0xff,
    0xec, 0x70, 0x0, 0x0, 0xd8, 0xff, 0xff, 0xff,
    0x21, 0x0, 0x92, 0xff, 0xff, 0xff, 0xee, 0x16,
    0x0, 0x43, 0xff, 0xff, 0xff, 0xc0, 0x0, 0x0,
    0x0, 0x0, 0x0, 0x27, 0x45, 0x35, 0x4, 0x0,
    0x0, 0x0, 0xd8, 0xff, 0xff, 0xff, 0x28, 0x0,
    0xe, 0xe6, 0xff, 0xff, 0xff, 0xa1, 0x0, 0x3a,
    0xff, 0xff, 0xff, 0xc0, 0x0, 0x0, 0x0, 0x0,
    0x0, 0x0, 0x0, 0x0, 0x0, 0x0, 0x0, 0x0,
    0xd8, 0xff, 0xff, 0xff, 0x28, 0x0, 0x0, 0x58,
    0xff, 0xff, 0xff, 0xff, 0x3f, 0x2b, 0xff, 0xff,
    0xff, 0xc0, 0x0, 0x0, 0x68, 0xb0, 0xb0, 0xb0,
    0xb0, 0xb0, 0xb0, 0xb0, 0x9a, 0x0, 0xd8, 0xff,
    0xff, 0xff, 0x28, 0x0, 0x0, 0x0, 0xbb, 0xff,
    0xff, 0xff, 0xd6, 0x22, 0xff, 0xff, 0xff, 0xc0,
    0x0, 0x0, 0x98, 0xff, 0xff, 0xff, 0xff, 0xff,
    0xff, 0xff, 0xe0, 0x0, 0xd8, 0xff, 0xff, 0xff,
    0x28, 0x0, 0x0, 0x0, 0x26, 0xf8, 0xff, 0xff,
    0xff, 0x8c, 0xff, 0xff, 0xff, 0xc0, 0x0, 0x0,
    0x82, 0xdc, 0xdc, 0xdc, 0xdc, 0xdc, 0xdc, 0xdc,
    0xc0, 0x0, 0xd8, 0xff, 0xff, 0xff, 0x28, 0x0,
    0x0, 0x0, 0x0, 0x82, 0xff, 0xff, 0xff, 0xff,
    0xff, 0xff, 0xff, 0xc0, 0x0, 0x0, 0x0, 0x0,
    0x0, 0x0, 0x0, 0x0, 0x0, 0x0, 0x0, 0x0,
    0xd8, 0xff, 0xff, 0xff, 0x28, 0x0, 0x0, 0x0,
    0x0, 0x8, 0xdd, 0xff, 0xff, 0xff, 0xff, 0xff,
    0xff, 0xc0, 0x0, 0x0, 0x0, 0x0, 0x0, 0x0,
    0x0, 0x0, 0x0, 0x0, 0x0, 0x0, 0xd8, 0xff,
    0xff, 0xff, 0x28, 0x0, 0x0, 0x0, 0x0, 0x0,
    0x49, 0xff, 0xff, 0xff, 0xff, 0xff, 0xff, 0xc0,
    0x0, 0x0, 0x0, 0x0, 0x0, 0x0, 0x0, 0x0,
    0x0, 0x0, 0x0, 0x0, 0xd8, 0xff, 0xff, 0xff,
    0x28, 0x0, 0x0, 0x0, 0x0, 0x0, 0x0, 0xac,
    0xff, 0xff, 0xff, 0xff, 0xff, 0xc0, 0x0, 0x0,
    0x0, 0x0, 0x0, 0x0, 0x0, 0x0, 0x0, 0x0,
    0x0, 0x0, 0xd8, 0xff, 0xff, 0xff, 0x28, 0x0,
    0x0, 0x0, 0x0, 0x0, 0x0, 0x1c, 0xf3, 0xff,
    0xff, 0xff, 0xff, 0xc0, 0x0, 0x0, 0x0, 0x0,
    0x0, 0x0, 0x0, 0x0, 0x0, 0x0, 0x0, 0x0,
    0xd8, 0xff, 0xff, 0xff, 0x28, 0x0, 0x0, 0x0,
    0x0, 0x0, 0x0, 0x0, 0x73, 0xff, 0xff, 0xff,
    0xff, 0xc0, 0x0, 0x0, 0x0, 0x0, 0x0, 0x0,
    0x0, 0x0, 0x0, 0x0, 0x0, 0x0, 0xd8, 0xff,
    0xff, 0xff, 0x28, 0x0, 0x0, 0x0, 0x0, 0x0,
    0x0, 0x0, 0x4, 0xd2, 0xff, 0xff, 0xff, 0xc0,
    0x0, 0x0, 0x0, 0x0, 0x0, 0x0, 0x0, 0x0,
    0x0, 0x0, 0x0, 0x0
};


/*---------------------
 *  GLYPH DESCRIPTION
 *--------------------*/

static const lv_font_fmt_txt_glyph_dsc_t glyph_dsc[] = {
    {.bitmap_index = 0, .adv_w = 0, .box_w = 0, .box_h = 0, .ofs_x = 0, .ofs_y = 0} /* id = 0 reserved */,
    {.bitmap_index = 0, .adv_w = 106, .box_w = 0, .box_h = 0, .ofs_x = 0, .ofs_y = 0},
    {.bitmap_index = 0, .adv_w = 129, .box_w = 6, .box_h = 21, .ofs_x = 1, .ofs_y = 0},
    {.bitmap_index = 126, .adv_w = 182, .box_w = 10, .box_h = 7, .ofs_x = 1, .ofs_y = 14},
    {.bitmap_index = 196, .adv_w = 315, .box_w = 19, .box_h = 21, .ofs_x = 0, .ofs_y = 0},
    {.bitmap_index = 595, .adv_w = 268, .box_w = 16, .box_h = 27, .ofs_x = 0, .ofs_y = -3},
    {.bitmap_index = 1027, .adv_w = 404, .box_w = 25, .box_h = 21, .ofs_x = 0, .ofs_y = 0},
    {.bitmap_index = 1552, .adv_w = 311, .box_w = 18, .box_h = 21, .ofs_x = 1, .ofs_y = 0},
    {.bitmap_index = 1930, .adv_w = 99, .box_w = 4, .box_h = 7, .ofs_x = 1, .ofs_y = 14},
    {.bitmap_index = 1958, .adv_w = 172, .box_w = 10, .box_h = 29, .ofs_x = 1, .ofs_y = -5},
    {.bitmap_index = 2248, .adv_w = 172, .box_w = 9, .box_h = 29, .ofs_x = 0, .ofs_y = -5},
    {.bitmap_index = 2509, .adv_w = 223, .box_w = 12, .box_h = 11, .ofs_x = 1, .ofs_y = 10},
    {.bitmap_index = 2641, .adv_w = 273, .box_w = 15, .box_h = 14, .ofs_x = 1, .ofs_y = 1},
    {.bitmap_index = 2851, .adv_w = 130, .box_w = 6, .box_h = 9, .ofs_x = 1, .ofs_y = -4},
    {.bitmap_index = 2905, .adv_w = 216, .box_w = 11, .box_h = 4, .ofs_x = 1, .ofs_y = 7},
    {.bitmap_index = 2949, .adv_w = 129, .box_w = 6, .box_h = 6, .ofs_x = 1, .ofs_y = 0},
    {.bitmap_index = 2985, .adv_w = 230, .box_w = 14, .box_h = 21, .ofs_x = 0, .ofs_y = 0},
    {.bitmap_index = 3279, .adv_w = 318, .box_w = 18, .box_h = 21, .ofs_x = 1, .ofs_y = 0},
    {.bitmap_index = 3657, .adv_w = 204, .box_w = 10, .box_h = 21, .ofs_x = 1, .ofs_y = 0},
    {.bitmap_index = 3867, .adv_w = 262, .box_w = 15, .box_h = 21, .ofs_x = 1, .ofs_y = 0},
    {.bitmap_index = 4182, .adv_w = 269, .box_w = 15, .box_h = 21, .ofs_x = 1, .ofs_y = 0},
    {.bitmap_index = 4497, .adv_w = 296, .box_w = 17, .box_h = 21, .ofs_x = 1, .ofs_y = 0},
    {.bitmap_index = 4854, .adv_w = 276, .box_w = 15, .box_h = 21, .ofs_x = 1, .ofs_y = 0},
    {.bitmap_index = 5169, .adv_w = 273, .box_w = 15, .box_h = 22, .ofs_x = 1, .ofs_y = 0},
    {.bitmap_index = 5499, .adv_w = 262, .box_w = 15, .box_h = 22, .ofs_x = 1, .ofs_y = -1},
    {.bitmap_index = 5829, .adv_w = 276, .box_w = 16, .box_h = 21, .ofs_x = 1, .ofs_y = 0},
    {.bitmap_index = 6165, .adv_w = 273, .box_w = 15, .box_h = 22, .ofs_x = 1, .ofs_y = -1},
    {.bitmap_index = 6495, .adv_w = 129, .box_w = 6, .box_h = 15, .ofs_x = 1, .ofs_y = 0},
    {.bitmap_index = 6585, .adv_w = 130, .box_w = 6, .box_h = 19, .ofs_x = 1, .ofs_y = -4},
    {.bitmap_index = 6699, .adv_w = 255, .box_w = 14, .box_h = 16, .ofs_x = 1, .ofs_y = 0},
    {.bitmap_index = 6923, .adv_w = 279, .box_w = 15, .box_h = 10, .ofs_x = 1, .ofs_y = 5},
    {.bitmap_index = 7073, .adv_w = 255, .box_w = 14, .box_h = 16, .ofs_x = 1, .ofs_y = 0},
    {.bitmap_index = 7297, .adv_w = 247, .box_w = 13, .box_h = 21, .ofs_x = 1, .ofs_y = 0},
    {.bitmap_index = 7570, .adv_w = 421, .box_w = 24, .box_h = 24, .ofs_x = 1, .ofs_y = -3},
    {.bitmap_index = 8146, .adv_w = 344, .box_w = 22, .box_h = 21, .ofs_x = 0, .ofs_y = 0},
    {.bitmap_index = 8608, .adv_w = 302, .box_w = 16, .box_h = 21, .ofs_x = 2, .ofs_y = 0},
    {.bitmap_index = 8944, .adv_w = 352, .box_w = 20, .box_h = 21, .ofs_x = 1, .ofs_y = 0},
    {.bitmap_index = 9364, .adv_w = 345, .box_w = 19, .box_h = 21, .ofs_x = 2, .ofs_y = 0},
    {.bitmap_index = 9763, .adv_w = 277, .box_w = 14, .box_h = 21, .ofs_x = 2, .ofs_y = 0},
    {.bitmap_index = 10057, .adv_w = 268, .box_w = 14, .box_h = 21, .ofs_x = 2, .ofs_y = 0},
    {.bitmap_index = 10351, .adv_w = 389, .box_w = 23, .box_h = 21, .ofs_x = 1, .ofs_y = 0},
    {.bitmap_index = 10834, .adv_w = 343, .box_w = 18, .box_h = 21, .ofs_x = 2, .ofs_y = 0},
    {.bitmap_index = 11212, .adv_w = 134, .box_w = 5, .box_h = 21, .ofs_x = 2, .ofs_y = 0},
    {.bitmap_index = 11317, .adv_w = 266, .box_w = 15, .box_h = 21, .ofs_x = 0, .ofs_y = 0},
    {.bitmap_index = 11632, .adv_w = 321, .box_w = 19, .box_h = 21, .ofs_x = 2, .ofs_y = 0},
    {.bitmap_index = 12031, .adv_w = 256, .box_w = 14, .box_h = 21, .ofs_x = 2, .ofs_y = 0},
    {.bitmap_index = 12325, .adv_w = 411, .box_w = 22, .box_h = 21, .ofs_x = 2, .ofs_y = 0},
    {.bitmap_index = 12787, .adv_w = 347, .box_w = 18, .box_h = 21, .ofs_x = 2, .ofs_y = 0},
    {.bitmap_index = 13165, .adv_w = 395, .box_w = 23, .box_h = 21, .ofs_x = 1, .ofs_y = 0},
    {.bitmap_index = 13648, .adv_w = 284, .box_w = 16, .box_h = 21, .ofs_x = 2, .ofs_y = 0},
    {.bitmap_index = 13984, .adv_w = 395, .box_w = 23, .box_h = 23, .ofs_x = 1, .ofs_y = -2},
    {.bitmap_index = 14513, .adv_w = 298, .box_w = 17, .box_h = 21, .ofs_x = 2, .ofs_y = 0},
    {.bitmap_index = 14870, .adv_w = 276, .box_w = 17, .box_h = 21, .ofs_x = 0, .ofs_y = 0},
    {.bitmap_index = 15227, .adv_w = 280, .box_w = 17, .box_h = 21, .ofs_x = 0, .ofs_y = 0},
    {.bitmap_index = 15584, .adv_w = 321, .box_w = 18, .box_h = 21, .ofs_x = 1, .ofs_y = 0},
    {.bitmap_index = 15962, .adv_w = 326, .box_w = 21, .box_h = 21, .ofs_x = 0, .ofs_y = 0},
    {.bitmap_index = 16403, .adv_w = 458, .box_w = 29, .box_h = 21, .ofs_x = 0, .ofs_y = 0},
    {.bitmap_index = 17012, .adv_w = 330, .box_w = 21, .box_h = 21, .ofs_x = 0, .ofs_y = 0},
    {.bitmap_index = 17453, .adv_w = 306, .box_w = 19, .box_h = 21, .ofs_x = 0, .ofs_y = 0},
    {.bitmap_index = 17852, .adv_w = 286, .box_w = 17, .box_h = 21, .ofs_x = 0, .ofs_y = 0},
    {.bitmap_index = 18209, .adv_w = 169, .box_w = 8, .box_h = 28, .ofs_x = 2, .ofs_y = -4},
    {.bitmap_index = 18433, .adv_w = 230, .box_w = 14, .box_h = 21, .ofs_x = 0, .ofs_y = 0},
    {.bitmap_index = 18727, .adv_w = 169, .box_w = 9, .box_h = 28, .ofs_x = 0, .ofs_y = -4},
    {.bitmap_index = 18979, .adv_w = 247, .box_w = 16, .box_h = 9, .ofs_x = 0, .ofs_y = 12},
    {.bitmap_index = 19123, .adv_w = 240, .box_w = 15, .box_h = 4, .ofs_x = 0, .ofs_y = -6},
    {.bitmap_index = 19183, .adv_w = 213, .box_w = 7, .box_h = 5, .ofs_x = 2, .ofs_y = 17},
    {.bitmap_index = 19218, .adv_w = 257, .box_w = 15, .box_h = 15, .ofs_x = 0, .ofs_y = 0},
    {.bitmap_index = 19443, .adv_w = 288, .box_w = 17, .box_h = 21, .ofs_x = 1, .ofs_y = 0},
    {.bitmap_index = 19800, .adv_w = 262, .box_w = 16, .box_h = 15, .ofs_x = 0, .ofs_y = 0},
    {.bitmap_index = 20040, .adv_w = 288, .box_w = 17, .box_h = 21, .ofs_x = 0, .ofs_y = 0},
    {.bitmap_index = 20397, .adv_w = 267, .box_w = 16, .box_h = 15, .ofs_x = 0, .ofs_y = 0},
    {.bitmap_index = 20637, .adv_w = 191, .box_w = 12, .box_h = 21, .ofs_x = 0, .ofs_y = 0},
    {.bitmap_index = 20889, .adv_w = 287, .box_w = 17, .box_h = 21, .ofs_x = 0, .ofs_y = -6},
    {.bitmap_index = 21246, .adv_w = 276, .box_w = 15, .box_h = 21, .ofs_x = 1, .ofs_y = 0},
    {.bitmap_index = 21561, .adv_w = 124, .box_w = 6, .box_h = 21, .ofs_x = 1, .ofs_y = 0},
    {.bitmap_index = 21687, .adv_w = 124, .box_w = 9, .box_h = 27, .ofs_x = -2, .ofs_y = -6},
    {.bitmap_index = 21930, .adv_w = 254, .box_w = 16, .box_h = 21, .ofs_x = 1, .ofs_y = 0},
    {.bitmap_index = 22266, .adv_w = 117, .box_w = 5, .box_h = 21, .ofs_x = 1, .ofs_y = 0},
    {.bitmap_index = 22371, .adv_w = 422, .box_w = 24, .box_h = 15, .ofs_x = 1, .ofs_y = 0},
    {.bitmap_index = 22731, .adv_w = 276, .box_w = 15, .box_h = 15, .ofs_x = 1, .ofs_y = 0},
    {.bitmap_index = 22956, .adv_w = 276, .box_w = 17, .box_h = 15, .ofs_x = 0, .ofs_y = 0},
    {.bitmap_index = 23211, .adv_w = 286, .box_w = 17, .box_h = 21, .ofs_x = 1, .ofs_y = -6},
    {.bitmap_index = 23568, .adv_w = 286, .box_w = 17, .box_h = 21, .ofs_x = 0, .ofs_y = -6},
    {.bitmap_index = 23925, .adv_w = 195, .box_w = 12, .box_h = 15, .ofs_x = 1, .ofs_y = 0},
    {.bitmap_index = 24105, .adv_w = 232, .box_w = 14, .box_h = 15, .ofs_x = 0, .ofs_y = 0},
    {.bitmap_index = 24315, .adv_w = 192, .box_w = 12, .box_h = 19, .ofs_x = 0, .ofs_y = 0},
    {.bitmap_index = 24543, .adv_w = 276, .box_w = 15, .box_h = 15, .ofs_x = 1, .ofs_y = 0},
    {.bitmap_index = 24768, .adv_w = 267, .box_w = 17, .box_h = 15, .ofs_x = 0, .ofs_y = 0},
    {.bitmap_index = 25023, .adv_w = 386, .box_w = 25, .box_h = 15, .ofs_x = 0, .ofs_y = 0},
    {.bitmap_index = 25398, .adv_w = 247, .box_w = 16, .box_h = 15, .ofs_x = 0, .ofs_y = 0},
    {.bitmap_index = 25638, .adv_w = 265, .box_w = 17, .box_h = 21, .ofs_x = 0, .ofs_y = -6},
    {.bitmap_index = 25995, .adv_w = 230, .box_w = 14, .box_h = 15, .ofs_x = 0, .ofs_y = 0},
    {.bitmap_index = 26205, .adv_w = 162, .box_w = 10, .box_h = 28, .ofs_x = 0, .ofs_y = -4},
    {.bitmap_index = 26485, .adv_w = 127, .box_w = 4, .box_h = 28, .ofs_x = 2, .ofs_y = -4},
    {.bitmap_index = 26597, .adv_w = 162, .box_w = 10, .box_h = 28, .ofs_x = 0, .ofs_y = -4},
    {.bitmap_index = 26877, .adv_w = 266, .box_w = 16, .box_h = 5, .ofs_x = 0, .ofs_y = 7},
    {.bitmap_index = 26957, .adv_w = 106, .box_w = 0, .box_h = 0, .ofs_x = 0, .ofs_y = 0},
    {.bitmap_index = 26957, .adv_w = 129, .box_w = 6, .box_h = 21, .ofs_x = 1, .ofs_y = -6},
    {.bitmap_index = 27083, .adv_w = 259, .box_w = 16, .box_h = 21, .ofs_x = 0, .ofs_y = 0},
    {.bitmap_index = 27419, .adv_w = 258, .box_w = 16, .box_h = 21, .ofs_x = 0, .ofs_y = 0},
    {.bitmap_index = 27755, .adv_w = 292, .box_w = 16, .box_h = 15, .ofs_x = 1, .ofs_y = 2},
    {.bitmap_index = 27995, .adv_w = 303, .box_w = 19, .box_h = 21, .ofs_x = 0, .ofs_y = 0},
    {.bitmap_index = 28394, .adv_w = 127, .box_w = 4, .box_h = 26, .ofs_x = 2, .ofs_y = -4},
    {.bitmap_index = 28498, .adv_w = 269, .box_w = 15, .box_h = 27, .ofs_x = 1, .ofs_y = -6},
    {.bitmap_index = 28903, .adv_w = 217, .box_w = 11, .box_h = 5, .ofs_x = 1, .ofs_y = 17},
    {.bitmap_index = 28958, .adv_w = 255, .box_w = 14, .box_h = 15, .ofs_x = 1, .ofs_y = 7},
    {.bitmap_index = 29168, .adv_w = 238, .box_w = 13, .box_h = 14, .ofs_x = 1, .ofs_y = 8},
    {.bitmap_index = 29350, .adv_w = 293, .box_w = 16, .box_h = 14, .ofs_x = 1, .ofs_y = 1},
    {.bitmap_index = 29574, .adv_w = 285, .box_w = 15, .box_h = 10, .ofs_x = 1, .ofs_y = 3},
    {.bitmap_index = 29724, .adv_w = 216, .box_w = 11, .box_h = 4, .ofs_x = 1, .ofs_y = 7},
    {.bitmap_index = 29768, .adv_w = 255, .box_w = 14, .box_h = 15, .ofs_x = 1, .ofs_y = 7},
    {.bitmap_index = 29978, .adv_w = 200, .box_w = 10, .box_h = 3, .ofs_x = 1, .ofs_y = 18},
    {.bitmap_index = 30008, .adv_w = 156, .box_w = 9, .box_h = 8, .ofs_x = 0, .ofs_y = 13},
    {.bitmap_index = 30080, .adv_w = 273, .box_w = 15, .box_h = 17, .ofs_x = 1, .ofs_y = 0},
    {.bitmap_index = 30335, .adv_w = 152, .box_w = 9, .box_h = 11, .ofs_x = 0, .ofs_y = 11},
    {.bitmap_index = 30434, .adv_w = 161, .box_w = 10, .box_h = 11, .ofs_x = 0, .ofs_y = 11},
    {.bitmap_index = 30544, .adv_w = 213, .box_w = 7, .box_h = 5, .ofs_x = 4, .ofs_y = 17},
    {.bitmap_index = 30579, .adv_w = 276, .box_w = 15, .box_h = 21, .ofs_x = 1, .ofs_y = -6},
    {.bitmap_index = 30894, .adv_w = 309, .box_w = 17, .box_h = 27, .ofs_x = 0, .ofs_y = -6},
    {.bitmap_index = 31353, .adv_w = 102, .box_w = 6, .box_h = 6, .ofs_x = 0, .ofs_y = 7},
    {.bitmap_index = 31389, .adv_w = 197, .box_w = 7, .box_h = 7, .ofs_x = 2, .ofs_y = -7},
    {.bitmap_index = 31438, .adv_w = 131, .box_w = 7, .box_h = 11, .ofs_x = 0, .ofs_y = 11},
    {.bitmap_index = 31515, .adv_w = 257, .box_w = 14, .box_h = 14, .ofs_x = 1, .ofs_y = 8},
    {.bitmap_index = 31711, .adv_w = 293, .box_w = 17, .box_h = 14, .ofs_x = 1, .ofs_y = 1},
    {.bitmap_index = 31949, .adv_w = 370, .box_w = 21, .box_h = 23, .ofs_x = 1, .ofs_y = -1},
    {.bitmap_index = 32432, .adv_w = 388, .box_w = 22, .box_h = 23, .ofs_x = 1, .ofs_y = -1},
    {.bitmap_index = 32938, .adv_w = 405, .box_w = 23, .box_h = 23, .ofs_x = 1, .ofs_y = -1},
    {.bitmap_index = 33467, .adv_w = 241, .box_w = 14, .box_h = 21, .ofs_x = 1, .ofs_y = -6},
    {.bitmap_index = 33761, .adv_w = 344, .box_w = 22, .box_h = 27, .ofs_x = 0, .ofs_y = 0},
    {.bitmap_index = 34355, .adv_w = 344, .box_w = 22, .box_h = 27, .ofs_x = 0, .ofs_y = 0},
    {.bitmap_index = 34949, .adv_w = 344, .box_w = 22, .box_h = 27, .ofs_x = 0, .ofs_y = 0},
    {.bitmap_index = 35543, .adv_w = 344, .box_w = 22, .box_h = 27, .ofs_x = 0, .ofs_y = 0},
    {.bitmap_index = 36137, .adv_w = 344, .box_w = 22, .box_h = 27, .ofs_x = 0, .ofs_y = 0},
    {.bitmap_index = 36731, .adv_w = 344, .box_w = 22, .box_h = 26, .ofs_x = 0, .ofs_y = 0},
    {.bitmap_index = 37303, .adv_w = 482, .box_w = 29, .box_h = 21, .ofs_x = 0, .ofs_y = 0},
    {.bitmap_index = 37912, .adv_w = 352, .box_w = 20, .box_h = 27, .ofs_x = 1, .ofs_y = -6},
    {.bitmap_index = 38452, .adv_w = 277, .box_w = 14, .box_h = 27, .ofs_x = 2, .ofs_y = 0},
    {.bitmap_index = 38830, .adv_w = 277, .box_w = 14, .box_h = 27, .ofs_x = 2, .ofs_y = 0},
    {.bitmap_index = 39208, .adv_w = 277, .box_w = 14, .box_h = 27, .ofs_x = 2, .ofs_y = 0},
    {.bitmap_index = 39586, .adv_w = 277, .box_w = 14, .box_h = 27, .ofs_x = 2, .ofs_y = 0},
    {.bitmap_index = 39964, .adv_w = 134, .box_w = 7, .box_h = 27, .ofs_x = 0, .ofs_y = 0},
    {.bitmap_index = 40153, .adv_w = 134, .box_w = 7, .box_h = 27, .ofs_x = 2, .ofs_y = 0},
    {.bitmap_index = 40342, .adv_w = 134, .box_w = 11, .box_h = 27, .ofs_x = -1, .ofs_y = 0},
    {.bitmap_index = 40639, .adv_w = 134, .box_w = 10, .box_h = 27, .ofs_x = -1, .ofs_y = 0},
    {.bitmap_index = 40909, .adv_w = 374, .box_w = 22, .box_h = 21, .ofs_x = 1, .ofs_y = 0},
    {.bitmap_index = 41371, .adv_w = 347, .box_w = 18, .box_h = 27, .ofs_x = 2, .ofs_y = 0},
    {.bitmap_index = 41857, .adv_w = 395, .box_w = 23, .box_h = 28, .ofs_x = 1, .ofs_y = 0},
    {.bitmap_index = 42501, .adv_w = 395, .box_w = 23, .box_h = 28, .ofs_x = 1, .ofs_y = 0},
    {.bitmap_index = 43145, .adv_w = 395, .box_w = 23, .box_h = 28, .ofs_x = 1, .ofs_y = 0},
    {.bitmap_index = 43789, .adv_w = 395, .box_w = 23, .box_h = 28, .ofs_x = 1, .ofs_y = 0},
    {.bitmap_index = 44433, .adv_w = 395, .box_w = 23, .box_h = 28, .ofs_x = 1, .ofs_y = 0},
    {.bitmap_index = 45077, .adv_w = 293, .box_w = 16, .box_h = 15, .ofs_x = 1, .ofs_y = 1},
    {.bitmap_index = 45317, .adv_w = 395, .box_w = 23, .box_h = 23, .ofs_x = 1, .ofs_y = -1},
    {.bitmap_index = 45846, .adv_w = 321, .box_w = 18, .box_h = 28, .ofs_x = 1, .ofs_y = 0},
    {.bitmap_index = 46350, .adv_w = 321, .box_w = 18, .box_h = 28, .ofs_x = 1, .ofs_y = 0},
    {.bitmap_index = 46854, .adv_w = 321, .box_w = 18, .box_h = 28, .ofs_x = 1, .ofs_y = 0},
    {.bitmap_index = 47358, .adv_w = 321, .box_w = 18, .box_h = 28, .ofs_x = 1, .ofs_y = 0},
    {.bitmap_index = 47862, .adv_w = 306, .box_w = 19, .box_h = 27, .ofs_x = 0, .ofs_y = 0},
    {.bitmap_index = 48375, .adv_w = 284, .box_w = 16, .box_h = 21, .ofs_x = 2, .ofs_y = 0},
    {.bitmap_index = 48711, .adv_w = 281, .box_w = 15, .box_h = 21, .ofs_x = 2, .ofs_y = 0},
    {.bitmap_index = 49026, .adv_w = 257, .box_w = 15, .box_h = 21, .ofs_x = 0, .ofs_y = 0},
    {.bitmap_index = 49341, .adv_w = 257, .box_w = 15, .box_h = 21, .ofs_x = 0, .ofs_y = 0},
    {.bitmap_index = 49656, .adv_w = 257, .box_w = 15, .box_h = 21, .ofs_x = 0, .ofs_y = 0},
    {.bitmap_index = 49971, .adv_w = 257, .box_w = 15, .box_h = 21, .ofs_x = 0, .ofs_y = 0},
    {.bitmap_index = 50286, .adv_w = 257, .box_w = 15, .box_h = 21, .ofs_x = 0, .ofs_y = 0},
    {.bitmap_index = 50601, .adv_w = 257, .box_w = 15, .box_h = 24, .ofs_x = 0, .ofs_y = 0},
    {.bitmap_index = 50961, .adv_w = 426, .box_w = 26, .box_h = 15, .ofs_x = 0, .ofs_y = 0},
    {.bitmap_index = 51351, .adv_w = 262, .box_w = 16, .box_h = 21, .ofs_x = 0, .ofs_y = -6},
    {.bitmap_index = 51687, .adv_w = 267, .box_w = 16, .box_h = 21, .ofs_x = 0, .ofs_y = 0},
    {.bitmap_index = 52023, .adv_w = 267, .box_w = 16, .box_h = 21, .ofs_x = 0, .ofs_y = 0},
    {.bitmap_index = 52359, .adv_w = 267, .box_w = 16, .box_h = 21, .ofs_x = 0, .ofs_y = 0},
    {.bitmap_index = 52695, .adv_w = 267, .box_w = 16, .box_h = 21, .ofs_x = 0, .ofs_y = 0},
    {.bitmap_index = 53031, .adv_w = 124, .box_w = 7, .box_h = 21, .ofs_x = -1, .ofs_y = 0},
    {.bitmap_index = 53178, .adv_w = 124, .box_w = 8, .box_h = 21, .ofs_x = 1, .ofs_y = 0},
    {.bitmap_index = 53346, .adv_w = 124, .box_w = 12, .box_h = 21, .ofs_x = -2, .ofs_y = 0},
    {.bitmap_index = 53598, .adv_w = 124, .box_w = 10, .box_h = 21, .ofs_x = -1, .ofs_y = 0},
    {.bitmap_index = 53808, .adv_w = 277, .box_w = 16, .box_h = 23, .ofs_x = 1, .ofs_y = 0},
    {.bitmap_index = 54176, .adv_w = 276, .box_w = 15, .box_h = 21, .ofs_x = 1, .ofs_y = 0},
    {.bitmap_index = 54491, .adv_w = 276, .box_w = 17, .box_h = 21, .ofs_x = 0, .ofs_y = 0},
    {.bitmap_index = 54848, .adv_w = 276, .box_w = 17, .box_h = 21, .ofs_x = 0, .ofs_y = 0},
    {.bitmap_index = 55205, .adv_w = 276, .box_w = 17, .box_h = 21, .ofs_x = 0, .ofs_y = 0},
    {.bitmap_index = 55562, .adv_w = 276, .box_w = 17, .box_h = 21, .ofs_x = 0, .ofs_y = 0},
    {.bitmap_index = 55919, .adv_w = 276, .box_w = 17, .box_h = 21, .ofs_x = 0, .ofs_y = 0},
    {.bitmap_index = 56276, .adv_w = 273, .box_w = 15, .box_h = 17, .ofs_x = 1, .ofs_y = 0},
    {.bitmap_index = 56531, .adv_w = 276, .box_w = 17, .box_h = 17, .ofs_x = 0, .ofs_y = -1},
    {.bitmap_index = 56820, .adv_w = 276, .box_w = 15, .box_h = 21, .ofs_x = 1, .ofs_y = 0},
    {.bitmap_index = 57135, .adv_w = 276, .box_w = 15, .box_h = 21, .ofs_x = 1, .ofs_y = 0},
    {.bitmap_index = 57450, .adv_w = 276, .box_w = 15, .box_h = 21, .ofs_x = 1, .ofs_y = 0},
    {.bitmap_index = 57765, .adv_w = 276, .box_w = 15, .box_h = 21, .ofs_x = 1, .ofs_y = 0},
    {.bitmap_index = 58080, .adv_w = 265, .box_w = 17, .box_h = 27, .ofs_x = 0, .ofs_y = -6},
    {.bitmap_index = 58539, .adv_w = 288, .box_w = 17, .box_h = 27, .ofs_x = 1, .ofs_y = -6},
    {.bitmap_index = 58998, .adv_w = 265, .box_w = 17, .box_h = 27, .ofs_x = 0, .ofs_y = -6},
    {.bitmap_index = 59457, .adv_w = 344, .box_w = 22, .box_h = 26, .ofs_x = 0, .ofs_y = 0},
    {.bitmap_index = 60029, .adv_w = 257, .box_w = 15, .box_h = 21, .ofs_x = 0, .ofs_y = 0},
    {.bitmap_index = 60344, .adv_w = 344, .box_w = 22, .box_h = 27, .ofs_x = 0, .ofs_y = 0},
    {.bitmap_index = 60938, .adv_w = 257, .box_w = 15, .box_h = 21, .ofs_x = 0, .ofs_y = 0},
    {.bitmap_index = 61253, .adv_w = 344, .box_w = 22, .box_h = 27, .ofs_x = 0, .ofs_y = -6},
    {.bitmap_index = 61847, .adv_w = 257, .box_w = 16, .box_h = 21, .ofs_x = 0, .ofs_y = -6},
    {.bitmap_index = 62183, .adv_w = 352, .box_w = 20, .box_h = 28, .ofs_x = 1, .ofs_y = 0},
    {.bitmap_index = 62743, .adv_w = 262, .box_w = 16, .box_h = 21, .ofs_x = 0, .ofs_y = 0},
    {.bitmap_index = 63079, .adv_w = 352, .box_w = 20, .box_h = 28, .ofs_x = 1, .ofs_y = 0},
    {.bitmap_index = 63639, .adv_w = 262, .box_w = 16, .box_h = 21, .ofs_x = 0, .ofs_y = 0},
    {.bitmap_index = 63975, .adv_w = 352, .box_w = 20, .box_h = 28, .ofs_x = 1, .ofs_y = 0},
    {.bitmap_index = 64535, .adv_w = 262, .box_w = 16, .box_h = 21, .ofs_x = 0, .ofs_y = 0},
    {.bitmap_index = 64871, .adv_w = 352, .box_w = 20, .box_h = 28, .ofs_x = 1, .ofs_y = 0},
    {.bitmap_index = 65431, .adv_w = 262, .box_w = 16, .box_h = 21, .ofs_x = 0, .ofs_y = 0},
    {.bitmap_index = 65767, .adv_w = 345, .box_w = 19, .box_h = 27, .ofs_x = 2, .ofs_y = 0},
    {.bitmap_index = 66280, .adv_w = 342, .box_w = 23, .box_h = 21, .ofs_x = 0, .ofs_y = 0},
    {.bitmap_index = 66763, .adv_w = 342, .box_w = 22, .box_h = 21, .ofs_x = -1, .ofs_y = 0},
    {.bitmap_index = 67225, .adv_w = 286, .box_w = 19, .box_h = 21, .ofs_x = 0, .ofs_y = 0},
    {.bitmap_index = 67624, .adv_w = 277, .box_w = 14, .box_h = 26, .ofs_x = 2, .ofs_y = 0},
    {.bitmap_index = 67988, .adv_w = 267, .box_w = 16, .box_h = 21, .ofs_x = 0, .ofs_y = 0},
    {.bitmap_index = 68324, .adv_w = 277, .box_w = 14, .box_h = 27, .ofs_x = 2, .ofs_y = 0},
    {.bitmap_index = 68702, .adv_w = 267, .box_w = 16, .box_h = 21, .ofs_x = 0, .ofs_y = 0},
    {.bitmap_index = 69038, .adv_w = 277, .box_w = 14, .box_h = 28, .ofs_x = 2, .ofs_y = 0},
    {.bitmap_index = 69430, .adv_w = 267, .box_w = 16, .box_h = 21, .ofs_x = 0, .ofs_y = 0},
    {.bitmap_index = 69766, .adv_w = 277, .box_w = 15, .box_h = 27, .ofs_x = 2, .ofs_y = -6},
    {.bitmap_index = 70171, .adv_w = 267, .box_w = 16, .box_h = 21, .ofs_x = 0, .ofs_y = -6},
    {.bitmap_index = 70507, .adv_w = 277, .box_w = 14, .box_h = 27, .ofs_x = 2, .ofs_y = 0},
    {.bitmap_index = 70885, .adv_w = 267, .box_w = 16, .box_h = 21, .ofs_x = 0, .ofs_y = 0},
    {.bitmap_index = 71221, .adv_w = 389, .box_w = 23, .box_h = 28, .ofs_x = 1, .ofs_y = 0},
    {.bitmap_index = 71865, .adv_w = 287, .box_w = 17, .box_h = 27, .ofs_x = 0, .ofs_y = -6},
    {.bitmap_index = 72324, .adv_w = 389, .box_w = 23, .box_h = 27, .ofs_x = 1, .ofs_y = 0},
    {.bitmap_index = 72945, .adv_w = 287, .box_w = 17, .box_h = 27, .ofs_x = 0, .ofs_y = -6},
    {.bitmap_index = 73404, .adv_w = 389, .box_w = 23, .box_h = 28, .ofs_x = 1, .ofs_y = 0},
    {.bitmap_index = 74048, .adv_w = 287, .box_w = 17, .box_h = 27, .ofs_x = 0, .ofs_y = -6},
    {.bitmap_index = 74507, .adv_w = 389, .box_w = 23, .box_h = 30, .ofs_x = 1, .ofs_y = -9},
    {.bitmap_index = 75197, .adv_w = 287, .box_w = 17, .box_h = 32, .ofs_x = 0, .ofs_y = -6},
    {.bitmap_index = 75741, .adv_w = 343, .box_w = 18, .box_h = 27, .ofs_x = 2, .ofs_y = 0},
    {.bitmap_index = 76227, .adv_w = 276, .box_w = 15, .box_h = 27, .ofs_x = 1, .ofs_y = 0},
    {.bitmap_index = 76632, .adv_w = 343, .box_w = 22, .box_h = 21, .ofs_x = 0, .ofs_y = 0},
    {.bitmap_index = 77094, .adv_w = 276, .box_w = 17, .box_h = 21, .ofs_x = -1, .ofs_y = 0},
    {.bitmap_index = 77451, .adv_w = 134, .box_w = 12, .box_h = 27, .ofs_x = -2, .ofs_y = 0},
    {.bitmap_index = 77775, .adv_w = 124, .box_w = 12, .box_h = 21, .ofs_x = -2, .ofs_y = 0},
    {.bitmap_index = 78027, .adv_w = 134, .box_w = 9, .box_h = 26, .ofs_x = 0, .ofs_y = 0},
    {.bitmap_index = 78261, .adv_w = 124, .box_w = 10, .box_h = 21, .ofs_x = -1, .ofs_y = 0},
    {.bitmap_index = 78471, .adv_w = 134, .box_w = 9, .box_h = 27, .ofs_x = 0, .ofs_y = 0},
    {.bitmap_index = 78714, .adv_w = 124, .box_w = 9, .box_h = 21, .ofs_x = -1, .ofs_y = 0},
    {.bitmap_index = 78903, .adv_w = 134, .box_w = 8, .box_h = 27, .ofs_x = 0, .ofs_y = -6},
    {.bitmap_index = 79119, .adv_w = 124, .box_w = 7, .box_h = 27, .ofs_x = 0, .ofs_y = -6},
    {.bitmap_index = 79308, .adv_w = 134, .box_w = 5, .box_h = 28, .ofs_x = 2, .ofs_y = 0},
    {.bitmap_index = 79448, .adv_w = 124, .box_w = 5, .box_h = 15, .ofs_x = 1, .ofs_y = 0},
    {.bitmap_index = 79523, .adv_w = 266, .box_w = 19, .box_h = 28, .ofs_x = 0, .ofs_y = 0},
    {.bitmap_index = 80055, .adv_w = 124, .box_w = 12, .box_h = 27, .ofs_x = -2, .ofs_y = -6},
    {.bitmap_index = 80379, .adv_w = 319, .box_w = 19, .box_h = 30, .ofs_x = 2, .ofs_y = -9},
    {.bitmap_index = 80949, .adv_w = 253, .box_w = 16, .box_h = 30, .ofs_x = 1, .ofs_y = -9},
    {.bitmap_index = 81429, .adv_w = 247, .box_w = 15, .box_h = 15, .ofs_x = 1, .ofs_y = 0},
    {.bitmap_index = 81654, .adv_w = 256, .box_w = 14, .box_h = 27, .ofs_x = 2, .ofs_y = 0},
    {.bitmap_index = 82032, .adv_w = 117, .box_w = 7, .box_h = 27, .ofs_x = 1, .ofs_y = 0},
    {.bitmap_index = 82221, .adv_w = 256, .box_w = 14, .box_h = 30, .ofs_x = 2, .ofs_y = -9},
    {.bitmap_index = 82641, .adv_w = 117, .box_w = 5, .box_h = 30, .ofs_x = 1, .ofs_y = -9},
    {.bitmap_index = 82791, .adv_w = 256, .box_w = 14, .box_h = 21, .ofs_x = 2, .ofs_y = 0},
    {.bitmap_index = 83085, .adv_w = 184, .box_w = 11, .box_h = 21, .ofs_x = 2, .ofs_y = 0},
    {.bitmap_index = 83316, .adv_w = 256, .box_w = 14, .box_h = 21, .ofs_x = 2, .ofs_y = 0},
    {.bitmap_index = 83610, .adv_w = 296, .box_w = 17, .box_h = 21, .ofs_x = 1, .ofs_y = 0},
    {.bitmap_index = 83967, .adv_w = 201, .box_w = 12, .box_h = 21, .ofs_x = 0, .ofs_y = 0},
    {.bitmap_index = 84219, .adv_w = 347, .box_w = 18, .box_h = 27, .ofs_x = 2, .ofs_y = 0},
    {.bitmap_index = 84705, .adv_w = 276, .box_w = 15, .box_h = 21, .ofs_x = 1, .ofs_y = 0},
    {.bitmap_index = 85020, .adv_w = 347, .box_w = 18, .box_h = 30, .ofs_x = 2, .ofs_y = -9},
    {.bitmap_index = 85560, .adv_w = 276, .box_w = 15, .box_h = 24, .ofs_x = 1, .ofs_y = -9},
    {.bitmap_index = 85920, .adv_w = 347, .box_w = 18, .box_h = 27, .ofs_x = 2, .ofs_y = 0},
    {.bitmap_index = 86406, .adv_w = 276, .box_w = 15, .box_h = 21, .ofs_x = 1, .ofs_y = 0},
    {.bitmap_index = 86721, .adv_w = 347, .box_w = 18, .box_h = 27, .ofs_x = 2, .ofs_y = -6},
    {.bitmap_index = 87207, .adv_w = 276, .box_w = 15, .box_h = 21, .ofs_x = 1, .ofs_y = -6},
    {.bitmap_index = 87522, .adv_w = 395, .box_w = 23, .box_h = 27, .ofs_x = 1, .ofs_y = 0},
    {.bitmap_index = 88143, .adv_w = 276, .box_w = 17, .box_h = 21, .ofs_x = 0, .ofs_y = 0},
    {.bitmap_index = 88500, .adv_w = 395, .box_w = 23, .box_h = 27, .ofs_x = 1, .ofs_y = 0},
    {.bitmap_index = 89121, .adv_w = 276, .box_w = 17, .box_h = 21, .ofs_x = 0, .ofs_y = 0},
    {.bitmap_index = 89478, .adv_w = 395, .box_w = 23, .box_h = 28, .ofs_x = 1, .ofs_y = 0},
    {.bitmap_index = 90122, .adv_w = 276, .box_w = 17, .box_h = 21, .ofs_x = 0, .ofs_y = 0},
    {.bitmap_index = 90479, .adv_w = 550, .box_w = 32, .box_h = 21, .ofs_x = 1, .ofs_y = 0},
    {.bitmap_index = 91151, .adv_w = 455, .box_w = 28, .box_h = 15, .ofs_x = 0, .ofs_y = 0},
    {.bitmap_index = 91571, .adv_w = 298, .box_w = 17, .box_h = 27, .ofs_x = 2, .ofs_y = 0},
    {.bitmap_index = 92030, .adv_w = 195, .box_w = 12, .box_h = 21, .ofs_x = 1, .ofs_y = 0},
    {.bitmap_index = 92282, .adv_w = 295, .box_w = 17, .box_h = 30, .ofs_x = 2, .ofs_y = -9},
    {.bitmap_index = 92792, .adv_w = 195, .box_w = 12, .box_h = 24, .ofs_x = 1, .ofs_y = -9},
    {.bitmap_index = 93080, .adv_w = 298, .box_w = 17, .box_h = 27, .ofs_x = 2, .ofs_y = 0},
    {.bitmap_index = 93539, .adv_w = 195, .box_w = 12, .box_h = 21, .ofs_x = 1, .ofs_y = 0},
    {.bitmap_index = 93791, .adv_w = 276, .box_w = 17, .box_h = 28, .ofs_x = 0, .ofs_y = 0},
    {.bitmap_index = 94267, .adv_w = 232, .box_w = 14, .box_h = 21, .ofs_x = 0, .ofs_y = 0},
    {.bitmap_index = 94561, .adv_w = 276, .box_w = 17, .box_h = 28, .ofs_x = 0, .ofs_y = 0},
    {.bitmap_index = 95037, .adv_w = 232, .box_w = 14, .box_h = 21, .ofs_x = 0, .ofs_y = 0},
    {.bitmap_index = 95331, .adv_w = 276, .box_w = 17, .box_h = 27, .ofs_x = 0, .ofs_y = -6},
    {.bitmap_index = 95790, .adv_w = 232, .box_w = 14, .box_h = 21, .ofs_x = 0, .ofs_y = -6},
    {.bitmap_index = 96084, .adv_w = 276, .box_w = 17, .box_h = 27, .ofs_x = 0, .ofs_y = 0},
    {.bitmap_index = 96543, .adv_w = 232, .box_w = 14, .box_h = 21, .ofs_x = 0, .ofs_y = 0},
    {.bitmap_index = 96837, .adv_w = 280, .box_w = 17, .box_h = 27, .ofs_x = 0, .ofs_y = -6},
    {.bitmap_index = 97296, .adv_w = 192, .box_w = 12, .box_h = 26, .ofs_x = 0, .ofs_y = -6},
    {.bitmap_index = 97608, .adv_w = 280, .box_w = 17, .box_h = 27, .ofs_x = 0, .ofs_y = 0},
    {.bitmap_index = 98067, .adv_w = 192, .box_w = 13, .box_h = 21, .ofs_x = 0, .ofs_y = 0},
    {.bitmap_index = 98340, .adv_w = 280, .box_w = 17, .box_h = 21, .ofs_x = 0, .ofs_y = 0},
    {.bitmap_index = 98697, .adv_w = 192, .box_w = 12, .box_h = 19, .ofs_x = 0, .ofs_y = 0},
    {.bitmap_index = 98925, .adv_w = 321, .box_w = 18, .box_h = 28, .ofs_x = 1, .ofs_y = 0},
    {.bitmap_index = 99429, .adv_w = 276, .box_w = 15, .box_h = 21, .ofs_x = 1, .ofs_y = 0},
    {.bitmap_index = 99744, .adv_w = 321, .box_w = 18, .box_h = 27, .ofs_x = 1, .ofs_y = 0},
    {.bitmap_index = 100230, .adv_w = 276, .box_w = 15, .box_h = 21, .ofs_x = 1, .ofs_y = 0},
    {.bitmap_index = 100545, .adv_w = 321, .box_w = 18, .box_h = 27, .ofs_x = 1, .ofs_y = 0},
    {.bitmap_index = 101031, .adv_w = 276, .box_w = 15, .box_h = 21, .ofs_x = 1, .ofs_y = 0},
    {.bitmap_index = 101346, .adv_w = 321, .box_w = 18, .box_h = 29, .ofs_x = 1, .ofs_y = 0},
    {.bitmap_index = 101868, .adv_w = 276, .box_w = 15, .box_h = 24, .ofs_x = 1, .ofs_y = 0},
    {.bitmap_index = 102228, .adv_w = 321, .box_w = 18, .box_h = 28, .ofs_x = 1, .ofs_y = 0},
    {.bitmap_index = 102732, .adv_w = 276, .box_w = 15, .box_h = 21, .ofs_x = 1, .ofs_y = 0},
    {.bitmap_index = 103047, .adv_w = 321, .box_w = 18, .box_h = 27, .ofs_x = 1, .ofs_y = -6},
    {.bitmap_index = 103533, .adv_w = 276, .box_w = 16, .box_h = 21, .ofs_x = 1, .ofs_y = -6},
    {.bitmap_index = 103869, .adv_w = 458, .box_w = 29, .box_h = 27, .ofs_x = 0, .ofs_y = 0},
    {.bitmap_index = 104652, .adv_w = 386, .box_w = 25, .box_h = 21, .ofs_x = 0, .ofs_y = 0},
    {.bitmap_index = 105177, .adv_w = 306, .box_w = 19, .box_h = 27, .ofs_x = 0, .ofs_y = 0},
    {.bitmap_index = 105690, .adv_w = 265, .box_w = 17, .box_h = 27, .ofs_x = 0, .ofs_y = -6},
    {.bitmap_index = 106149, .adv_w = 306, .box_w = 19, .box_h = 27, .ofs_x = 0, .ofs_y = 0},
    {.bitmap_index = 106662, .adv_w = 286, .box_w = 17, .box_h = 27, .ofs_x = 0, .ofs_y = 0},
    {.bitmap_index = 107121, .adv_w = 230, .box_w = 14, .box_h = 21, .ofs_x = 0, .ofs_y = 0},
    {.bitmap_index = 107415, .adv_w = 286, .box_w = 17, .box_h = 28, .ofs_x = 0, .ofs_y = 0},
    {.bitmap_index = 107891, .adv_w = 230, .box_w = 14, .box_h = 21, .ofs_x = 0, .ofs_y = 0},
    {.bitmap_index = 108185, .adv_w = 286, .box_w = 17, .box_h = 27, .ofs_x = 0, .ofs_y = 0},
    {.bitmap_index = 108644, .adv_w = 230, .box_w = 14, .box_h = 21, .ofs_x = 0, .ofs_y = 0},
    {.bitmap_index = 108938, .adv_w = 295, .box_w = 18, .box_h = 27, .ofs_x = 1, .ofs_y = -6},
    {.bitmap_index = 109424, .adv_w = 344, .box_w = 22, .box_h = 28, .ofs_x = 0, .ofs_y = 0},
    {.bitmap_index = 110040, .adv_w = 257, .box_w = 15, .box_h = 28, .ofs_x = 0, .ofs_y = 0},
    {.bitmap_index = 110460, .adv_w = 482, .box_w = 29, .box_h = 27, .ofs_x = 0, .ofs_y = 0},
    {.bitmap_index = 111243, .adv_w = 426, .box_w = 26, .box_h = 21, .ofs_x = 0, .ofs_y = 0},
    {.bitmap_index = 111789, .adv_w = 395, .box_w = 23, .box_h = 29, .ofs_x = 1, .ofs_y = -1},
    {.bitmap_index = 112456, .adv_w = 276, .box_w = 17, .box_h = 22, .ofs_x = 0, .ofs_y = -1},
    {.bitmap_index = 112830, .adv_w = 276, .box_w = 17, .box_h = 30, .ofs_x = 0, .ofs_y = -9},
    {.bitmap_index = 113340, .adv_w = 232, .box_w = 14, .box_h = 24, .ofs_x = 0, .ofs_y = -9},
    {.bitmap_index = 113676, .adv_w = 280, .box_w = 17, .box_h = 30, .ofs_x = 0, .ofs_y = -9},
    {.bitmap_index = 114186, .adv_w = 192, .box_w = 12, .box_h = 28, .ofs_x = 0, .ofs_y = -9},
    {.bitmap_index = 114522, .adv_w = 124, .box_w = 8, .box_h = 21, .ofs_x = -2, .ofs_y = -6},
    {.bitmap_index = 114690, .adv_w = 293, .box_w = 16, .box_h = 4, .ofs_x = 1, .ofs_y = 7},
    {.bitmap_index = 114754, .adv_w = 440, .box_w = 25, .box_h = 4, .ofs_x = 1, .ofs_y = 7},
    {.bitmap_index = 114854, .adv_w = 129, .box_w = 6, .box_h = 9, .ofs_x = 1, .ofs_y = 13},
    {.bitmap_index = 114908, .adv_w = 129, .box_w = 6, .box_h = 9, .ofs_x = 1, .ofs_y = 12},
    {.bitmap_index = 114962, .adv_w = 129, .box_w = 6, .box_h = 9, .ofs_x = 1, .ofs_y = -4},
    {.bitmap_index = 115016, .adv_w = 234, .box_w = 13, .box_h = 9, .ofs_x = 1, .ofs_y = 13},
    {.bitmap_index = 115133, .adv_w = 234, .box_w = 13, .box_h = 9, .ofs_x = 1, .ofs_y = 12},
    {.bitmap_index = 115250, .adv_w = 230, .box_w = 12, .box_h = 9, .ofs_x = 1, .ofs_y = -4},
    {.bitmap_index = 115358, .adv_w = 202, .box_w = 9, .box_h = 8, .ofs_x = 2, .ofs_y = 6},
    {.bitmap_index = 115430, .adv_w = 361, .box_w = 21, .box_h = 6, .ofs_x = 1, .ofs_y = 0},
    {.bitmap_index = 115556, .adv_w = 186, .box_w = 9, .box_h = 14, .ofs_x = 1, .ofs_y = 1},
    {.bitmap_index = 115682, .adv_w = 186, .box_w = 10, .box_h = 14, .ofs_x = 1, .ofs_y = 1},
    {.bitmap_index = 115822, .adv_w = 92, .box_w = 18, .box_h = 23, .ofs_x = -6, .ofs_y = -1},
    {.bitmap_index = 116236, .adv_w = 174, .box_w = 11, .box_h = 11, .ofs_x = 0, .ofs_y = 11},
    {.bitmap_index = 116357, .adv_w = 274, .box_w = 17, .box_h = 21, .ofs_x = 0, .ofs_y = 0},
    {.bitmap_index = 116714, .adv_w = 263, .box_w = 16, .box_h = 21, .ofs_x = 0, .ofs_y = 0},
    {.bitmap_index = 117050, .adv_w = 481, .box_w = 29, .box_h = 21, .ofs_x = 0, .ofs_y = 0},
    {.bitmap_index = 117659, .adv_w = 282, .box_w = 18, .box_h = 26, .ofs_x = 0, .ofs_y = -5},
    {.bitmap_index = 118127, .adv_w = 313, .box_w = 19, .box_h = 21, .ofs_x = 0, .ofs_y = 0},
    {.bitmap_index = 118526, .adv_w = 267, .box_w = 16, .box_h = 21, .ofs_x = 0, .ofs_y = 0},
    {.bitmap_index = 118862, .adv_w = 316, .box_w = 20, .box_h = 21, .ofs_x = 0, .ofs_y = 0},
    {.bitmap_index = 119282, .adv_w = 267, .box_w = 16, .box_h = 21, .ofs_x = 0, .ofs_y = 0},
    {.bitmap_index = 119618, .adv_w = 279, .box_w = 17, .box_h = 21, .ofs_x = 0, .ofs_y = 0},
    {.bitmap_index = 119975, .adv_w = 264, .box_w = 16, .box_h = 21, .ofs_x = 0, .ofs_y = 0},
    {.bitmap_index = 120311, .adv_w = 292, .box_w = 18, .box_h = 21, .ofs_x = 0, .ofs_y = 0},
    {.bitmap_index = 120689, .adv_w = 525, .box_w = 30, .box_h = 22, .ofs_x = 2, .ofs_y = 0}
};

/*---------------------
 *  CHARACTER MAPPING
 *--------------------*/

static const uint16_t unicode_list_5[] = {
    0x0, 0x68, 0x69, 0x6a, 0x6b, 0x6c, 0x6d, 0x86,
    0x87, 0x88, 0x89, 0xa5, 0x1e81, 0x1e82, 0x1e86, 0x1e87,
    0x1e88, 0x1e8a, 0x1e8b, 0x1e8c, 0x1e90, 0x1e94, 0x1ea7, 0x1ea8,
    0x1eb2, 0x1ee2, 0x1f11, 0x1f12, 0x1f17, 0x1f19, 0x1f1a, 0x1f1c,
    0x1f1f, 0x1f26, 0x1f27, 0x1f28, 0x1f2b, 0x1f84
};

/*Collect the unicode lists and glyph_id offsets*/
static const lv_font_fmt_txt_cmap_t cmaps[] =
{
    {
        .range_start = 32, .range_length = 95, .glyph_id_start = 1,
        .unicode_list = NULL, .glyph_id_ofs_list = NULL, .list_length = 0, .type = LV_FONT_FMT_TXT_CMAP_FORMAT0_TINY
    },
    {
        .range_start = 160, .range_length = 146, .glyph_id_start = 96,
        .unicode_list = NULL, .glyph_id_ofs_list = NULL, .list_length = 0, .type = LV_FONT_FMT_TXT_CMAP_FORMAT0_TINY
    },
    {
        .range_start = 308, .range_length = 12, .glyph_id_start = 242,
        .unicode_list = NULL, .glyph_id_ofs_list = NULL, .list_length = 0, .type = LV_FONT_FMT_TXT_CMAP_FORMAT0_TINY
    },
    {
        .range_start = 321, .range_length = 8, .glyph_id_start = 254,
        .unicode_list = NULL, .glyph_id_ofs_list = NULL, .list_length = 0, .type = LV_FONT_FMT_TXT_CMAP_FORMAT0_TINY
    },
    {
        .range_start = 330, .range_length = 53, .glyph_id_start = 262,
        .unicode_list = NULL, .glyph_id_ofs_list = NULL, .list_length = 0, .type = LV_FONT_FMT_TXT_CMAP_FORMAT0_TINY
    },
    {
        .range_start = 402, .range_length = 8069, .glyph_id_start = 315,
        .unicode_list = unicode_list_5, .glyph_id_ofs_list = NULL, .list_length = 38, .type = LV_FONT_FMT_TXT_CMAP_SPARSE_TINY
    }
};

/*-----------------
 *    KERNING
 *----------------*/


/*Map glyph_ids to kern left classes*/
static const uint8_t kern_left_class_mapping[] =
{
    0, 1, 0, 2, 3, 0, 4, 5,
    2, 6, 0, 7, 8, 9, 10, 9,
    11, 12, 13, 14, 15, 16, 17, 18,
    19, 20, 21, 22, 22, 0, 0, 23,
    24, 25, 26, 27, 28, 29, 30, 31,
    32, 33, 33, 34, 35, 36, 33, 33,
    37, 38, 37, 39, 40, 41, 42, 43,
    44, 45, 46, 47, 6, 48, 0, 0,
    49, 0, 50, 51, 52, 53, 54, 55,
    56, 57, 58, 59, 60, 61, 57, 57,
    62, 63, 64, 65, 66, 67, 68, 69,
    70, 71, 72, 73, 6, 0, 0, 0,
    1, 0, 0, 0, 0, 0, 0, 0,
    0, 74, 0, 75, 0, 10, 74, 0,
    0, 0, 0, 0, 0, 68, 0, 76,
    0, 0, 0, 77, 0, 0, 0, 78,
    26, 26, 26, 26, 26, 26, 30, 28,
    30, 30, 30, 30, 33, 79, 79, 79,
    29, 33, 37, 37, 37, 37, 37, 0,
    37, 42, 42, 42, 42, 46, 80, 81,
    50, 50, 50, 50, 50, 50, 54, 52,
    54, 54, 54, 54, 58, 82, 82, 82,
    83, 57, 62, 62, 62, 62, 62, 0,
    62, 68, 68, 68, 68, 72, 51, 72,
    0, 0, 0, 0, 0, 0, 0, 0,
    0, 0, 0, 0, 0, 0, 0, 0,
    0, 0, 0, 0, 0, 0, 0, 0,
    0, 0, 0, 0, 0, 0, 0, 0,
    0, 0, 0, 0, 0, 0, 0, 0,
    0, 0, 0, 0, 0, 0, 0, 0,
    0, 84, 0, 0, 0, 0, 0, 0,
    0, 0, 0, 0, 85, 0, 0, 86,
    0, 0, 0, 0, 0, 0, 0, 0,
    0, 0, 0, 0, 0, 0, 30, 54,
    0, 0, 0, 0, 0, 0, 0, 0,
    0, 0, 0, 0, 0, 0, 0, 0,
    0, 0, 0, 0, 0, 0, 0, 0,
    0, 0, 0, 0, 0, 0, 0, 0,
    0, 0, 0, 0, 0, 0, 0, 0,
    0, 0, 0, 0, 0, 0, 0, 0,
    0, 0, 0, 0, 0, 0, 0, 10,
    10, 87, 88, 89, 87, 88, 89, 90,
    9, 75, 77, 0, 0, 0, 0, 0,
    0, 0, 0, 0, 0, 0, 0, 0,
    0
};

/*Map glyph_ids to kern right classes*/
static const uint8_t kern_right_class_mapping[] =
{
    0, 0, 0, 1, 2, 0, 3, 4,
    1, 0, 5, 6, 0, 7, 8, 7,
    9, 10, 11, 12, 13, 14, 15, 16,
    17, 18, 19, 20, 20, 0, 0, 0,
    21, 22, 23, 0, 24, 0, 0, 0,
    24, 0, 0, 25, 0, 0, 0, 0,
    24, 0, 24, 0, 26, 27, 28, 29,
    30, 31, 32, 33, 0, 34, 5, 0,
    35, 0, 36, 37, 38, 38, 38, 39,
    40, 37, 41, 42, 37, 37, 43, 43,
    38, 44, 38, 45, 46, 47, 48, 49,
    50, 51, 52, 53, 0, 0, 5, 0,
    0, 0, 0, 0, 0, 0, 0, 0,
    0, 54, 55, 56, 0, 8, 54, 0,
    0, 0, 57, 58, 0, 44, 0, 59,
    0, 60, 55, 61, 62, 63, 58, 64,
    23, 23, 23, 23, 23, 23, 65, 24,
    0, 0, 0, 0, 66, 0, 66, 66,
    0, 0, 24, 24, 24, 24, 24, 0,
    24, 28, 28, 28, 28, 32, 0, 37,
    36, 36, 36, 36, 36, 36, 36, 38,
    38, 38, 38, 38, 67, 68, 67, 67,
    69, 43, 38, 38, 38, 38, 38, 0,
    38, 48, 48, 48, 48, 52, 37, 52,
    0, 0, 0, 0, 0, 0, 0, 0,
    0, 0, 0, 0, 0, 0, 0, 0,
    0, 0, 0, 0, 0, 0, 0, 0,
    0, 0, 0, 0, 0, 0, 0, 0,
    0, 0, 0, 0, 0, 0, 0, 0,
    0, 0, 0, 0, 0, 0, 0, 0,
    0, 43, 0, 0, 0, 0, 0, 0,
    0, 0, 0, 0, 0, 0, 0, 70,
    0, 0, 0, 0, 0, 0, 0, 0,
    0, 0, 0, 0, 0, 0, 24, 38,
    0, 0, 0, 0, 0, 0, 0, 0,
    0, 0, 0, 0, 0, 0, 0, 0,
    0, 0, 0, 0, 0, 0, 0, 0,
    0, 0, 0, 0, 0, 0, 0, 0,
    0, 0, 0, 0, 0, 0, 0, 0,
    0, 0, 0, 0, 0, 0, 0, 0,
    0, 0, 0, 0, 0, 0, 0, 8,
    8, 71, 72, 73, 71, 72, 73, 74,
    7, 56, 61, 0, 75, 0, 0, 0,
    0, 0, 0, 0, 0, 0, 0, 0,
    0
};

/*Kern values between classes*/
static const int8_t kern_class_values[] =
{
    0, 0, 0, 0, 0, 0, 0, 0,
    0, 0, 0, 0, 0, 0, 0, 0,
    0, 0, 0, 0, 0, 0, -14, -10,
    -29, -14, -19, -10, -19, -19, -10, -19,
    0, 0, 0, 0, 0, 0, -10, 0,
    0, 0, 0, 0, 0, 0, 0, 0,
    0, 0, 0, 0, 0, 0, 0, 0,
    0, 0, 0, 0, 0, 0, 0, 0,
    -19, 0, 0, 0, 0, 0, 0, 0,
    0, 0, 0, 0, 0, 0, 0, 0,
    0, 0, 0, 0, 0, 0, 0, 0,
    -19, 0, -14, 0, 0, 0, 0, 0,
    0, -14, 0, 0, 0, 0, 0, 0,
    0, 0, 0, 0, 0, 0, 0, 0,
    0, 0, 0, 0, 0, 0, 0, 0,
    0, 0, 0, 0, 0, 0, 0, 0,
    0, 0, 0, 0, 0, 0, 0, 0,
    0, 0, 0, -34, 0, 0, 0, 0,
    0, 0, 0, 0, 0, 0, 0, 0,
    0, 0, 0, 0, 0, 0, 0, 0,
    0, 0, 0, 0, 0, 0, 0, 0,
    0, 0, 0, 0, 0, 0, 0, 0,
    -5, 0, 0, 0, 0, 0, 0, 0,
    0, 0, 0, 0, 0, 0, 0, 0,
    0, 0, 0, 0, 0, 0, 0, 0,
    0, 0, 0, 0, 0, 0, 0, 0,
    0, 0, 0, 0, 0, 0, -19, 0,
    0, 0, 0, 0, 0, 0, 0, 0,
    0, 0, 0, 0, 0, 0, 0, 0,
    0, 0, 0, 0, 0, 0, 0, 0,
    0, 0, 0, 0, 0, 0, 0, 0,
    0, 0, 0, 0, 0, -10, 0, 0,
    0, 0, 0, 0, 0, 0, 0, 0,
    0, 0, 0, 0, 0, 0, 0, 0,
    0, 0, 0, 0, 0, 0, 0, 0,
    0, 0, 0, 0, 0, 0, 0, 0,
    0, 0, 0, 0, 0, 0, 0, 0,
    0, 0, 0, 0, 0, 0, 0, 0,
    0, 0, 0, 0, 0, 0, 0, 0,
    0, 0, 0, 0, 0, 0, 0, 0,
    0, 0, 0, 0, 0, 0, -24, 0,
    -19, -14, 0, -29, 0, 0, 0, 0,
    0, 0, 0, 0, 0, 0, 0, 0,
    0, 0, 0, 0, -5, 0, 0, -5,
    0, 0, 0, 0, 0, 0, 0, 0,
    0, 0, 0, 0, 0, 0, 0, 0,
    0, 0, 0, 0, 0, 0, 0, 0,
    0, 0, 0, 0, 0, 0, 0, 0,
    0, 0, 0, 0, -10, 0, 0, 0,
    0, 0, 0, 0, 0, 0, 0, 0,
    0, 0, 0, 0, 0, 0, 0, 0,
    0, 0, 0, 0, 0, -5, 0, 0,
    10, 0, 0, 0, 0, 0, 0, 0,
    0, 0, 0, 0, 0, 0, 0, 0,
    0, 0, 0, 0, 0, 0, 0, 0,
    0, 0, 0, 0, 0, 0, 0, 0,
    0, 0, 0, 0, 0, 0, 0, 0,
    0, 0, 0, 0, 0, 0, 0, 0,
    0, 0, 0, 0, 0, 0, 0, 0,
    -19, 0, -62, 0, 0, 0, 0, 0,
    -10, 0, 0, 0, 0, 0, 0, 0,
    0, -14, 0, 0, 0, 0, 0, 0,
    0, 0, 0, 0, 0, 0, 0, 0,
    0, 0, 0, 0, 0, 0, 0, 0,
    0, 0, -48, 0, 0, 0, 0, 0,
    0, 0, 0, 0, 0, 0, 0, 0,
    0, 0, 0, 0, 0, 0, 0, -14,
    0, -5, 0, 0, 0, 0, 0, 0,
    0, 0, 0, 0, 0, 0, 0, 0,
    0, 0, 0, 0, 0, 0, 0, 0,
    0, 0, 0, 0, 0, 0, 0, 0,
    0, 0, 0, 0, 0, 0, 0, 0,
    0, 0, 0, 0, 0, 0, 0, 0,
    0, 0, 0, 0, 0, 0, 0, 0,
    0, 0, 0, 0, 0, 0, 0, 0,
    0, 0, 0, 0, 0, 0, 0, 0,
    0, 0, -19, 0, 0, 0, 0, 0,
    0, 0, 0, 0, 0, 0, 0, -10,
    0, 0, -29, -5, -38, -29, 0, -38,
    0, 0, 0, 0, 0, 0, -19, 0,
    0, -10, 0, 0, 0, 0, -29, 0,
    -24, -14, 0, -19, 0, 0, 0, 0,
    0, 0, 0, 0, 0, 0, 0, 0,
    0, 0, 0, 0, 0, 0, 0, 0,
    0, 0, 0, 0, 0, 0, 0, 0,
    0, 0, -58, 0, 0, -14, 0, -5,
    0, 0, 0, 0, 0, 0, 0, 0,
    0, 0, 0, 0, 0, -19, 0, -10,
    -10, 0, -19, 0, 0, 0, 0, 0,
    0, 0, 0, 0, 0, 0, 0, 0,
    0, 0, 0, 0, 0, 0, 0, 0,
    0, 0, 0, 0, 0, 0, 0, 0,
    0, 0, 0, 0, 0, 0, 0, 0,
    0, 0, 0, 0, 0, 0, 0, 0,
    0, 0, 0, 0, 0, 0, -91, -10,
    0, 0, 0, -29, -5, -19, 0, 0,
    0, 0, 0, 0, -34, -10, -53, 0,
    0, 0, 0, 0, 0, 0, 0, 0,
    0, -29, 0, -38, -14, -34, -19, 0,
    -19, -14, 0, -29, 0, -24, -14, -14,
    -14, -10, -24, 0, 0, 0, 0, 0,
    0, 0, 0, 0, 0, 0, -58, 0,
    -5, -19, -24, 0, 0, 0, 0, 0,
    0, 0, 0, 0, 0, 0, 0, 0,
    0, 0, 0, -5, -5, 0, 0, 0,
    0, -5, 0, 0, 0, 0, 0, 0,
    0, 0, 0, -5, 0, -5, 0, 0,
    0, 0, 0, 0, 0, 0, 0, 0,
    0, 0, 0, 0, 0, 0, 0, 0,
    0, 0, 0, 0, 0, 0, 0, 0,
    0, 0, 0, 0, 0, 0, 0, 0,
    0, -10, 0, 0, 0, 0, 0, 0,
    0, 0, 0, 0, 0, 0, 0, 0,
    0, 0, 0, 0, 0, 0, 0, 5,
    0, 0, 5, 2, 0, 0, 0, 0,
    0, 0, 0, 0, 0, 0, 0, 0,
    0, 0, 0, 0, 0, 0, 0, 0,
    0, 0, 0, 0, 0, 0, 0, 0,
    0, 0, 0, 0, 0, 0, 0, 0,
    0, 0, 0, 0, 0, 0, 0, 0,
    0, 0, 0, 0, 0, 0, 0, 0,
    0, 0, 0, 0, 0, 0, 0, 0,
    0, 0, 0, 0, 0, 0, 0, 0,
    0, -5, 0, 0, 0, 0, 0, 0,
    0, 0, 0, 0, 0, 0, 0, 0,
    0, 0, 0, 0, 0, 0, 0, 0,
    0, 0, 0, 0, 0, 0, 0, 0,
    0, 0, 0, 0, 0, 0, 0, 0,
    0, 0, 0, 0, 0, 0, 0, 0,
    0, 0, 0, 0, 0, 0, 0, 0,
    0, 0, 0, 0, 0, 0, 0, 0,
    0, 0, 0, 0, 0, 0, 0, 0,
    -5, 0, 0, 0, -5, 0, 0, 0,
    0, 0, 0, 0, 0, 0, 0, 0,
    0, 0, 0, 0, 0, 0, 0, 0,
    0, 0, 0, 0, 0, 0, 0, 0,
    0, 0, 0, 0, 0, 0, 0, 0,
    0, 0, 0, 0, 0, 0, 0, 0,
    0, 0, 0, 0, 0, 0, 0, 0,
    0, 0, 0, 0, 0, 0, 0, 0,
    0, 0, 0, 0, 0, 0, 0, 0,
    0, 0, 0, 0, 0, 0, 0, -5,
    0, 0, 0, 0, 0, 0, 0, 0,
    0, 0, 0, 0, 0, 0, 0, 0,
    0, -5, 0, 0, 0, 0, 0, 0,
    0, 0, 0, 0, 0, 0, 0, 0,
    0, 0, 0, 0, 0, 0, 0, 0,
    0, 0, 0, 0, 0, -5, -5, 0,
    -10, 0, 0, 0, 0, 0, 0, 0,
    0, 0, 0, 0, 0, 0, 0, -10,
    0, 0, -5, 0, 0, 0, 0, 0,
    0, 0, -10, 0, 0, 0, 0, 0,
    -5, 0, 0, 0, 0, 0, 0, 0,
    0, 0, 0, 0, 0, 0, 0, 0,
    0, 0, 0, 0, 0, 0, 0, 0,
    0, 0, 0, 0, 0, 0, 0, 0,
    0, 0, 0, 0, 0, 0, 0, 0,
    0, -5, 0, 0, 0, -5, -5, 0,
    0, 0, 0, 0, 0, 0, -10, 0,
    0, 0, 0, 0, 0, -10, 0, 0,
    0, 0, 0, 0, 0, -14, 0, 0,
    0, 0, 0, -5, 0, 0, 0, 0,
    0, 0, 0, 0, 0, -5, 0, -10,
    -5, 0, -14, 0, 0, 0, 0, 0,
    0, 0, 0, 0, 0, 0, 0, 0,
    0, 0, 0, 0, 0, 0, 0, 0,
    0, 0, 0, 0, 0, 0, -10, 0,
    -5, 0, 0, 0, 0, 0, 0, 0,
    0, -19, 0, 0, 0, -5, 0, 0,
    0, 0, 0, 0, -53, 0, -34, -5,
    0, 0, 0, -34, -5, -29, 0, -10,
    0, 0, 0, 0, -24, 0, -38, 0,
    0, 0, 0, 0, 0, 0, 0, 0,
    0, -5, 0, -19, 0, -19, 0, 0,
    0, -5, 0, -14, 0, 0, 0, 0,
    0, 0, 0, 0, 0, 0, 0, 0,
    0, 0, 0, 0, 0, 0, -48, 0,
    0, 0, -14, 0, 0, 0, 0, 0,
    -5, 0, 0, 0, 0, 0, 0, 0,
    0, 0, 0, 0, 0, 0, 0, 0,
    0, 0, 0, 0, 0, 0, 0, 0,
    0, 0, 0, 0, 0, -5, 0, 0,
    0, 0, 0, 0, 0, 0, 0, 0,
    0, 0, 0, 0, 0, 0, 0, 0,
    0, 0, 0, 0, 0, 0, 0, 0,
    0, 0, 0, 0, -5, 0, 0, 0,
    0, 0, 0, 0, 0, 0, 0, 0,
    0, 0, 0, -5, 0, 0, 0, 0,
    0, 0, -24, 0, -10, 0, 0, 0,
    0, -14, 0, -10, 0, 0, 0, 0,
    0, 0, -14, 0, 0, 0, 0, 0,
    -5, 0, 0, 0, 0, 0, 0, 0,
    0, 0, 0, 0, 0, 0, 0, 0,
    0, 0, 0, 0, 0, 0, 0, 0,
    0, 0, 0, 0, 0, 0, 0, 0,
    0, 0, 0, 0, -24, 0, 0, 0,
    0, 0, 0, 0, 0, 0, 0, 0,
    0, 0, 0, 0, 0, 0, 0, 0,
    0, 0, 0, 0, 0, 0, 0, 0,
    0, 0, 0, 0, 0, 0, 0, 0,
    0, 0, 0, 0, -5, 0, -10, 0,
    0, 0, 0, 0, 0, 0, 0, 0,
    0, 0, 0, 0, 0, 0, 0, 0,
    0, 0, 0, 0, 0, 0, 0, 0,
    0, 0, 0, 0, 0, 0, 0, 0,
    0, 0, 0, 0, 0, 0, 0, 0,
    0, 0, 0, 0, 0, 0, 0, 0,
    0, 0, 0, 0, -10, -5, 0, 0,
    0, 0, 0, 0, 0, 0, 0, 0,
    0, 0, 0, 0, 0, 0, 0, 0,
    0, 0, 0, 0, 0, 0, 0, 0,
    0, 0, 0, 0, 0, 0, 0, 0,
    0, 0, 0, 0, 0, 0, 0, 0,
    0, 0, 0, 0, 0, 0, 0, 0,
    0, 0, 0, 0, 0, 0, 0, 0,
    0, 0, 0, 0, 0, 0, 0, 0,
    0, 0, 0, 0, 0, 0, 0, 0,
    0, 0, 0, 0, 0, 0, 0, 0,
    0, 0, 0, -14, 0, 0, 0, 0,
    0, 0, 0, -5, 0, 0, 0, 0,
    0, 0, 0, 0, 0, 0, 0, 0,
    0, 0, 0, 0, 0, 0, 0, 0,
    0, 0, 0, 0, 0, 0, 0, 0,
    0, 0, 0, 0, 0, -24, 0, 0,
    0, 0, 0, 0, 0, 0, 0, 0,
    0, 0, 0, 0, 0, 0, 0, 0,
    0, 0, -14, 0, 0, 0, 0, 0,
    0, 0, 0, 0, 0, 0, -5, 0,
    0, 0, -14, 0, -14, -5, -10, -24,
    0, 0, 0, 0, 0, 0, 0, 0,
    0, 0, 0, 0, 0, 0, 0, 0,
    0, 0, 0, 0, 0, 0, 0, 0,
    0, 0, 0, 0, 0, 0, 0, 0,
    -14, 0, 0, 0, 0, 0, 0, 0,
    0, 0, 0, -14, 0, 0, -5, 0,
    -24, 0, 0, 0, 0, -10, 0, 0,
    0, 0, 0, 0, 0, -10, 0, -19,
    0, 0, -10, 0, 0, -31, -5, -34,
    -24, 0, -36, 0, -43, 0, 0, 0,
    -7, -17, -5, 0, 0, 0, 2, 0,
    0, -17, -12, -24, -19, 0, -22, 0,
    -38, -34, 0, 0, 0, 0, 0, 0,
    0, 0, 0, 0, 0, 0, 0, -10,
    0, -29, -24, 0, -19, 0, 0, 0,
    0, 5, 0, 0, 0, 0, -10, 0,
    0, 0, 0, 0, 0, 0, 0, 0,
    0, 0, -10, 0, -5, 0, 0, 0,
    -5, 0, -5, -5, -7, -14, 0, -29,
    0, 0, 0, 0, -5, 0, 0, 0,
    0, 0, 0, 0, -5, 0, -5, 0,
    -2, -5, 0, -5, 0, 0, 0, 0,
    0, 0, 0, 0, 0, 0, -10, 0,
    0, 0, -2, 0, 0, 0, 0, 0,
    0, 0, 0, 0, 0, 0, 0, 0,
    0, 0, 0, 0, 0, 0, 0, 0,
    0, 0, 0, 0, 0, -5, 0, 0,
    -5, 0, 0, 0, 0, 0, 0, 0,
    0, 0, 0, 0, -10, -5, -10, -14,
    -7, -5, 0, -5, -5, -5, -5, -14,
    -7, -10, -10, -5, -10, -5, 0, 0,
    0, 0, 0, 0, 0, 0, 0, 0,
    0, 0, 0, -5, -5, -10, 0, 0,
    0, 0, 0, 0, 0, 0, 0, 0,
    0, 0, -10, 0, -14, 0, 0, 0,
    0, 0, 0, 0, 0, 0, 0, 0,
    -5, 0, -14, 0, -5, 0, -14, 0,
    -5, -5, -10, -14, 0, -14, 0, 0,
    0, -7, 0, -5, 0, -5, 0, -5,
    -10, -5, -5, 0, -2, 0, -5, -2,
    -5, 0, -5, 0, 0, 0, 0, 0,
    0, 0, 0, -10, -19, 0, 0, 0,
    -10, 0, -5, -5, 0, 0, 0, 0,
    0, 0, 0, 0, 0, 0, 0, 0,
    0, 0, 0, 0, -5, 0, 0, 0,
    0, 0, 0, 0, 0, 0, -10, -5,
    0, 0, 0, 0, 0, 0, 0, 0,
    0, 0, -7, 0, -10, -10, -5, 0,
    -5, -5, 0, -5, 0, -10, -5, -10,
    -5, -5, -10, 0, 0, 0, 0, 0,
    0, 0, 0, 0, 0, 0, 0, 0,
    0, 0, 0, -10, 0, -5, 0, 0,
    0, 0, 0, 0, 0, 0, 0, 0,
    -24, 0, -29, 0, 0, 0, 0, -10,
    0, 0, 0, 0, 0, 0, 0, 0,
    -29, -5, -43, 0, 0, 0, 0, 0,
    -5, 0, 0, 0, -29, -10, 0, -14,
    -5, -10, -5, 0, -5, -10, -10, -10,
    -5, -10, -10, -5, -10, -10, -5, 0,
    0, -5, 0, 0, 0, 0, 0, 0,
    0, -19, -34, 0, 2, -5, -12, 0,
    0, 0, -14, 0, 0, 0, 0, 0,
    0, 0, 0, -10, 0, -10, 0, 0,
    0, 0, 0, 0, 0, 0, 0, 0,
    0, -10, 0, -5, 0, -5, 0, -12,
    0, -5, -5, -10, -10, -5, -19, -14,
    -7, 0, -2, -5, 0, 0, 0, 0,
    -5, -10, 0, -10, 0, -5, -5, -5,
    -5, 0, 0, 0, 0, 0, 0, 0,
    0, 0, 0, 0, -5, -10, 0, 0,
    0, -5, 0, -10, 0, 0, 0, 0,
    0, 0, 0, 0, 0, 0, 0, 0,
    0, 0, 0, 0, 0, 0, 0, 0,
    0, 0, 0, 0, 0, 0, 0, -5,
    0, 0, 0, 0, -7, 0, 0, 0,
    0, 0, 0, -7, 0, 0, -10, 0,
    0, 0, 0, 0, 0, 0, -5, -5,
    -5, -5, 0, -5, 0, 0, 0, 0,
    0, 0, 0, 0, 0, 0, 0, 0,
    0, 0, 0, 0, -5, 0, 0, 0,
    0, 0, 0, 0, 0, 0, 0, 0,
    0, 0, 0, 0, 0, 0, 0, 0,
    0, 0, 0, 0, 0, 0, 0, 0,
    0, -5, -5, -10, 0, 0, 0, 0,
    0, 0, 0, 0, 0, -10, 0, 0,
    -5, -5, 0, 0, 0, 0, -5, -5,
    0, -7, -5, -5, 0, -5, -2, -5,
    0, 0, 0, 0, 0, 0, 0, 0,
    0, 0, 0, -10, 0, 0, 0, 0,
    0, 0, 0, 0, 0, 0, 0, -5,
    0, 0, 0, 0, 0, 0, 0, 0,
    0, 0, 0, 0, 0, 0, 0, 0,
    0, 0, 0, -10, 0, -14, -5, 0,
    0, 0, 0, 0, 0, 0, 0, 0,
    0, -5, 0, -10, -14, -5, 0, 0,
    0, 0, 0, -5, -19, -10, -22, -14,
    0, -19, 0, -5, -10, -19, 0, 0,
    0, 0, 0, 0, 0, 0, 0, 0,
    0, 0, -10, 0, -5, 0, 0, -24,
    0, 0, 0, -10, 0, 0, 0, 0,
    0, 0, 0, -19, 0, 0, 0, 0,
    0, 0, 0, -14, 0, -29, 0, 0,
    -7, 0, 0, -36, -5, -29, -19, 0,
    -43, 0, -48, 0, 0, 0, 0, -19,
    -5, 0, 0, 0, 0, 0, -5, -22,
    -5, -24, -14, 0, -19, 0, -34, -29,
    0, 0, 0, 0, 0, 0, 0, 0,
    0, 0, 0, 0, 0, -10, 0, -38,
    -29, 0, 0, 0, 0, 0, 0, 0,
    0, 0, -10, 0, -19, 0, 0, 0,
    0, 0, 0, 0, 0, 0, 0, 0,
    -5, 0, -10, -5, -5, 0, -14, 0,
    -14, -5, -17, -19, 0, -19, -29, 0,
    0, 0, 0, 0, -2, 0, -2, 0,
    0, 0, -5, 0, -2, 0, -5, -5,
    0, 0, -5, 0, 0, 0, 0, 0,
    0, 0, 0, -10, -19, 0, -5, -2,
    -5, 0, -5, -5, 0, 0, 0, 0,
    0, 0, 0, 0, 0, -38, 0, -43,
    0, 0, 0, 0, -19, 0, 0, 0,
    0, 0, 0, 0, 0, -34, -5, -62,
    0, 0, 0, 0, 0, -10, -14, 0,
    -10, -48, -10, 2, -17, 0, -12, 0,
    0, 0, 0, 0, -7, 0, -5, 0,
    0, 0, 0, 0, 0, 0, -14, 0,
    0, 0, 0, 0, 0, 0, -34, -53,
    0, 0, 0, -19, 0, 0, 0, -29,
    -10, 0, 0, 0, 0, 0, 0, 0,
    0, 0, 0, 0, -5, 0, 0, -10,
    0, 0, 0, 0, 0, 0, 0, 0,
    0, 0, -5, 0, 0, 0, 0, 0,
    0, -10, 0, -10, 0, -2, 0, -5,
    -5, -5, 0, 0, 0, 0, 0, -5,
    -10, -5, 0, 0, 0, 0, 0, 0,
    -5, 0, 0, 0, 0, 0, 0, 0,
    0, 0, 0, 0, 0, 0, -10, 0,
    0, 0, 0, -14, 0, 0, 0, 0,
    0, 0, 0, 0, 0, -5, 0, 0,
    0, 0, 0, 0, 0, 0, 0, 0,
    0, 0, 0, -5, 0, 0, 0, -5,
    0, -5, -5, -5, -14, 0, 0, 0,
    0, 0, 0, -12, 0, 0, 0, 0,
    0, 0, 0, -12, -7, -7, -5, 0,
    -10, 0, 0, 0, 0, 0, 0, 0,
    0, 0, 0, 0, 0, -5, 0, 0,
    0, 0, 0, 0, 0, 0, 0, 0,
    0, -19, 0, -19, 0, 0, -29, -19,
    -53, -5, 0, 0, 0, -24, 0, -19,
    0, 0, 0, 0, 0, -14, -31, -14,
    -53, -5, 0, 0, 0, 0, 0, 0,
    0, 0, -38, -36, 0, -38, -14, -29,
    -14, 0, -29, -38, -29, -38, -19, -29,
    -31, -34, -19, -29, -19, 0, 0, -19,
    0, 0, 0, 0, -14, 0, 0, 0,
    -43, 0, 2, -19, -14, 0, 0, 0,
    -34, -19, 0, 0, 0, 0, 0, 0,
    0, -5, 0, -5, 0, 0, 0, 0,
    -5, 0, 0, 0, 0, 0, 0, 0,
    0, 0, 0, 0, 0, 0, 0, 0,
    0, 0, 0, 0, 0, -10, 0, 0,
    0, 0, 0, 0, 0, 0, 0, 0,
    0, -5, 0, 0, 0, 0, 0, 0,
    0, 0, 0, 0, 0, 0, 0, 0,
    0, 0, -5, 0, 0, 0, 0, 0,
    0, 0, 0, 0, 0, 0, 0, -14,
    0, -14, 0, 0, -38, -10, -43, -5,
    0, 0, -5, -29, 0, -19, 0, -10,
    -5, 0, 0, -14, -34, -14, -48, 0,
    0, 0, 0, 0, 0, 0, 0, 0,
    -38, -24, 0, -24, -10, -24, -10, 0,
    -19, -14, -14, -22, -5, -17, -5, 0,
    -10, -5, -5, 0, 0, -29, 0, 0,
    -10, 0, 0, 0, 0, 0, -38, 0,
    0, -10, -14, 0, 0, 0, -24, -19,
    0, 0, -10, 0, -5, 0, 0, -29,
    -14, -34, 0, 0, 0, 0, -19, 0,
    -10, 0, 0, 0, -5, 0, -5, -22,
    -5, -34, 0, 0, 0, 0, 0, 0,
    0, 0, 0, -24, -19, 0, -26, -14,
    -24, -10, -5, -19, -14, -14, -19, -10,
    -14, -10, -10, -10, -5, -10, 0, 0,
    -14, 0, 0, 0, 0, 0, 0, 0,
    -29, -29, 0, 0, -10, -14, 0, 0,
    0, -19, -10, 0, 0, 0, 0, -5,
    0, -10, 0, 0, 0, 0, 0, 0,
    0, -10, 0, 0, 0, 0, 0, 0,
    -10, -10, 0, -17, -10, -5, 0, 0,
    0, 0, 0, 0, 0, 0, 0, 0,
    0, -12, -10, -10, 0, 0, -5, -5,
    0, -10, -14, -10, -14, -14, 0, -24,
    0, -14, 0, -19, 0, 0, 0, 0,
    0, 0, 0, 0, 0, 0, 0, 0,
    -10, 0, -14, 0, 0, -19, 0, 0,
    -24, 0, -24, 0, 0, -38, -19, -48,
    0, 0, 0, 0, -38, 0, 0, 0,
    -5, 0, -10, 0, -29, -36, -19, -58,
    -7, 0, 0, 0, 0, 0, 0, -5,
    0, -29, -41, -14, -48, -24, -43, -19,
    0, -34, -34, -34, -41, -19, -36, -24,
    -24, -19, -19, -24, 0, 0, -29, 0,
    0, -5, 0, -14, 0, 0, 0, -48,
    0, -19, -24, -19, 0, 0, 0, -29,
    -19, 0, 0, 0, 0, 0, 0, 0,
    0, 0, 0, 0, 0, 0, 0, -5,
    0, 0, 0, 0, 0, 0, 0, 0,
    0, -10, 0, 0, 0, 0, 0, 0,
    0, 0, 0, 0, 0, 0, 0, -5,
    -5, 0, 0, 0, 0, 0, 0, 0,
    -10, -5, -10, -14, 0, -14, 0, 0,
    0, 0, 0, 0, 0, 0, 0, 0,
    0, 0, 0, 0, 0, 0, -10, 0,
    0, 0, 0, 0, 0, 0, 0, 0,
    0, 0, 0, 0, 0, 0, 0, 0,
    0, 0, 0, 0, 0, 0, 0, 0,
    0, 0, 0, 0, -14, 0, 0, -29,
    -10, -38, -24, 0, -29, 0, 0, 0,
    0, 0, 0, 0, 0, 0, 0, 0,
    0, 0, 0, -5, 0, -19, -10, 0,
    -19, 0, 0, 0, 0, 0, 0, 0,
    0, 0, 0, 0, 0, 0, 0, 0,
    0, 0, 0, 0, 0, 0, 0, 0,
    0, 0, 0, 0, 0, 0, 0, 0,
    0, 0, 0, 0, 0, 0, 0, 0,
    0, 0, 0, 0, 0, 0, 0, -29,
    0, 0, -38, -10, -38, -24, 0, -29,
    0, 0, 0, 0, 0, 0, 0, 0,
    0, 48, 0, 0, 0, 0, -24, -10,
    -24, -14, 0, 0, 0, 0, 0, 0,
    0, 0, 0, 0, 0, 0, 0, 0,
    0, 0, 0, 0, 0, 0, 0, 0,
    0, 0, 0, 0, 0, 0, 0, 0,
    0, 0, 0, 0, 0, 0, 0, 0,
    0, 0, 0, 0, 0, 0, 0, 0,
    0, 0, 0, 0, 0, 0, 0, 0,
    0, 0, 0, 0, -19, 0, -2, 0,
    -2, -5, -2, 0, 0, 0, 0, 0,
    -2, -5, 0, -5, -5, -2, -5, 5,
    0, 0, 0, 0, 0, 0, 0, 0,
    0, 0, 0, 0, 0, 0, 0, 0,
    0, 0, 0, 0, 0, 0, 0, 0,
    0, 0, 0, 0, 0, 0, -10, 0,
    0, 0, 0, 0, 0, 0, 0, 0,
    0, 0, -29, 0, 0, 0, 0, 0,
    0, 0, 0, 0, 0, 0, 0, -29,
    -10, 0, -2, 0, -5, 0, -2, -2,
    -2, -2, -5, -2, -7, -2, -7, -5,
    -7, -10, -5, 0, 0, 0, 0, 0,
    0, 0, 0, 0, 0, 0, 0, 0,
    -2, -2, 0, 0, -5, 0, 0, 0,
    0, 0, 0, 0, 0, 0, 0, 0,
    0, 0, 0, 0, 0, 0, 0, 0,
    0, 0, 0, 0, 0, 0, 0, 0,
    0, 0, 0, 0, 0, 0, 0, 0,
    0, 0, -24, 0, -2, 0, -2, 0,
    -2, 0, -2, 0, -2, -2, 0, -2,
    0, 0, 0, 0, 0, 0, 0, 0,
    0, 0, 0, 0, 0, 0, 0, 0,
    0, 0, 0, 0, 0, 0, 0, 0,
    0, 0, 0, 0, 0, 0, 0, 0,
    0, 0, 0, 0, 0, 0, 0, 0,
    0, 0, 0, 0, 0, 0, 0, 0,
    0, 0, 0, 0, 0, 0, 0, 0,
    0, 0, 0, 0, 0, 0, 0, -2,
    0, -2, 2, -2, 0, 0, 0, 0,
    0, -2, 0, 0, 0, 0, 0, 0,
    7, 0, 0, 0, 0, 0, 0, 0,
    0, 0, 0, 0, 0, 0, 0, 0,
    0, 0, 0, 0, 0, 0, 0, 0,
    0, 0, 0, 0, 0, 0, 0, 0,
    0, 0, 0, 0, 0, 0, 0, 0,
    0, 0, 0, 0, 0, 0, 0, 0,
    0, 0, 0, 0, 0, 0, 0, 0,
    -24, 0, 2, 0, 2, -5, 2, 0,
    0, 0, 0, 0, 2, -7, 0, -5,
    -5, -5, -5, -2, 0, 0, 0, 0,
    0, 0, 0, 0, 0, 0, 0, 0,
    0, 0, 0, 0, 0, 0, 0, 0,
    0, 0, 0, 0, 0, -10, 10, 0,
    -34, 0, -29, 0, 0, 0, 0, 0,
    0, 0, 0, 0, 0, 0, 0, 0,
    0, 0, 0, 0, 0, 0, 0, 0,
    0, 0, 0, 0, -24, -10, 0, -14,
    -10, -12, -5, 0, -5, -5, 0, -10,
    -5, -5, 0, 0, 0, 0, -5, 0,
    0, 0, 0, 0, 0, 0, 0, 0,
    0, -10, 0, 0, 10, -5, -10, 0,
    0, 0, -14, 0, 0, 0, 0, 0,
    0, 0, 0, 0, 0, 0, 0, 0,
    0, 0, 0, -5, 0, 0, 0, 0,
    0, 0, 0, 0, 0, 0, 0, 0,
    0, 0, 0, 0, 0, 0, -14, 0,
    -2, 0, -2, 0, -2, 0, 5, 0,
    0, 0, -2, -2, -2, 0, 0, 0,
    0, 5, 0, 0, 0, 0, 0, 0,
    0, 0, 0, 0, 0, 0, 0, 0,
    0, 0, 0, 0, 0, 0, 0, 0,
    0, 0, 0, 0, 0, 0, 0, 0,
    0, 0, 0, 0, 0, 0, 0, 0,
    0, 0, 0, 0, -10, 0, 0, 0,
    0, 0, -14, 0, -14, -5, 0, -19,
    0, -24, 0, -2, 0, 0, -5, -2,
    0, 0, 0, 0, 0, -2, -12, 0,
    -10, -5, -2, -5, 0, 0, 0, 0,
    0, 0, 0, 0, 0, 0, 0, 0,
    0, 0, 0, 0, 0, 0, -14, -10,
    0, 0, 0, 0, 0, 0, 0, 0,
    0, 0, 0, 0, 0, 0, 0, 0,
    0, 0, 0, 0, 0, 0, 0, 0,
    0, 0, 0, 0, 0, 0, 0, 0,
    0, 0, 0, 0, 0, 0, -2, 0,
    -2, 0, -2, 0, 0, 0, 0, 0,
    0, -2, 0, 0, 0, 0, 0, 0,
    0, 0, 0, 0, 0, 0, 0, 0,
    0, 0, 0, 0, 0, 0, 0, 0,
    0, 0, 0, 0, 0, 0, 0, 0,
    0, 0, 0, 0, 0, 0, 0, 0,
    0, 0, 0, 0, 0, 0, 0, 0,
    0, 0, 0, 0, 0, 0, 0, 0,
    0, 0, 0, 0, 0, 0, 0, 0,
    0, -2, 0, -2, 2, -2, 0, 10,
    0, 0, 0, -2, 0, 0, 0, 0,
    0, 0, 7, 0, 0, 0, 0, 0,
    0, 0, 0, 0, 0, 0, 0, 0,
    0, 0, -5, 0, 0, 0, 0, 0,
    0, 0, 0, 0, 0, 0, 0, 0,
    0, 0, 0, 0, 0, 0, 0, 0,
    0, 0, 0, 0, 0, 0, 0, 0,
    0, 0, 0, 0, 0, 0, 0, 0,
    0, 0, -14, 0, -5, 0, -7, 0,
    -5, 0, 0, 0, 0, 0, -5, 0,
    0, 0, 0, 0, 0, 0, 0, 0,
    -19, 0, 0, 0, 0, 0, 0, 0,
    0, 0, 0, 0, 0, -5, 0, 0,
    0, 0, 0, 0, 0, 0, 0, 0,
    0, 0, 0, 0, 0, 0, 0, 0,
    0, 0, 0, 0, 0, 0, 0, 0,
    0, 0, 0, 0, 0, 0, 0, 0,
    0, 0, 0, 0, 0, 0, 0, -2,
    0, -2, 0, -2, 0, 0, 0, 0,
    0, -2, 2, 0, 0, 0, 0, 0,
    5, 0, 0, 0, 0, 0, 0, 0,
    0, 0, 0, 0, 0, 0, 0, 0,
    0, 0, 0, 0, 0, 0, 0, 0,
    0, 0, 0, 0, 0, 0, 0, -10,
    0, 0, 0, 0, 0, 0, 0, 0,
    0, 0, 0, -19, 0, 0, 0, 0,
    0, 0, 0, 0, 0, 0, 0, 0,
    -29, 0, 0, -2, 0, -7, 0, -5,
    -2, -5, -2, -5, -2, -7, -2, -5,
    -5, -5, -10, -5, 0, 0, 0, 0,
    0, 0, 0, -10, 0, 0, 0, 0,
    0, -5, -5, 0, 0, -24, 0, 0,
    0, 0, 0, 0, 0, 0, 0, 0,
    0, 0, -10, 0, 0, 0, 0, 0,
    0, 0, 0, 0, 0, 0, -14, 0,
    0, 0, 0, 0, 0, 0, 0, 0,
    0, 0, 0, -29, -10, 0, -5, 0,
    -7, 0, -2, -2, -2, -5, -2, -2,
    -10, -2, -5, -5, -5, -10, -5, 0,
    0, 0, 0, 0, 0, 0, 0, 0,
    0, -14, 0, 0, -2, -2, 0, 0,
    -10, 0, 0, 0, 0, 0, 0, 0,
    0, 0, 0, 0, 0, 0, 0, 0,
    0, 0, 0, 0, 0, 0, 0, 0,
    0, 0, 0, 0, 0, 0, 0, 0,
    0, 0, 0, 0, 0, 0, 0, 0,
    -2, 0, -2, 2, -2, 0, 17, 0,
    0, 0, -2, 2, 0, 0, 0, 0,
    0, 7, 0, 0, 0, 0, 0, 0,
    0, 0, 0, 0, 0, 0, 0, 0,
    0, 0, 0, 0, 0, 0, 0, 0,
    0, 0, 0, 0, 0, 0, -43, 0,
    -34, 0, 0, 0, 0, 0, 0, 0,
    0, 0, 0, 0, 0, 0, 0, 0,
    0, 0, 0, 0, 0, 0, 0, 0,
    0, 0, -24, -10, 2, -14, 0, -12,
    0, 0, 0, 0, 0, -10, 5, 0,
    5, 5, 5, 5, -5, 0, 0, -5,
    0, 0, 0, 0, 0, 0, 0, -19,
    0, 0, 0, 0, -14, 0, 0, 0,
    -24, 0, 0, 0, 0, 0, 0, 0,
    0, 0, 0, 0, 0, 0, 0, 0,
    0, 0, 0, 0, 0, 0, 0, 0,
    0, 0, 0, 0, 0, 0, 0, 0,
    0, 0, 0, 0, -29, 0, 2, 0,
    2, 0, 2, -2, -2, -2, -2, -2,
    0, -2, 0, 0, 0, 0, 0, 0,
    0, 0, 0, 0, 0, 0, 0, 0,
    0, 0, 0, 0, 0, -2, -2, 0,
    0, 0, 0, 0, 0, 0, 0, 0,
    0, 0, 0, 0, 0, 0, 0, 0,
    0, 0, 0, 0, 0, 0, 0, 0,
    0, 0, 0, 0, 0, 0, 0, 0,
    0, 0, 0, 0, 0, 0, 0, -14,
    0, -5, 2, -2, 5, -2, 2, 0,
    2, 2, 0, 5, -2, 0, 2, 7,
    7, 2, 5, 0, 0, -5, 0, 0,
    0, 0, 0, 0, 0, 0, 0, 0,
    0, 2, -5, 0, 0, 0, 0, 0,
    0, 0, 0, 0, 0, 0, 0, 0,
    0, -5, 0, 0, 0, 0, 0, 0,
    0, 0, 0, 0, 0, 0, 0, 0,
    0, 0, 0, 0, 0, 0, 0, 0,
    0, 0, -19, 0, -2, 0, -2, 2,
    -2, 0, 0, 0, 0, 0, -2, 2,
    0, 0, 0, 0, 0, 7, 0, 0,
    0, 0, 0, 0, 0, 0, 0, 0,
    0, 0, 0, 0, 0, 0, 0, 0,
    0, 0, 0, 0, 0, 0, 0, 0,
    0, 0, -24, 0, -24, 0, 0, 0,
    0, 0, 0, 0, 0, 0, 0, 0,
    0, 0, 0, 0, 0, 0, 0, 0,
    0, 0, 0, 0, 0, 0, -24, -5,
    0, -7, 0, -7, 0, 0, 0, 0,
    0, -5, 0, 0, 0, 0, 0, 0,
    0, 0, 0, 0, 0, 0, 0, 0,
    0, 0, 0, -14, 0, 0, 0, 0,
    -10, 0, 0, 0, -24, 0, 0, 0,
    0, 0, 0, 0, 0, -14, 0, -19,
    0, 0, 0, 0, 0, 0, 0, 0,
    0, 0, 0, 0, 0, 0, 0, 0,
    0, 0, 0, 0, 0, 0, 0, 0,
    0, -14, -5, 0, -5, 0, -5, 0,
    0, 0, 0, 0, 0, 0, 0, 0,
    0, 0, 0, 0, 0, 0, 0, 0,
    0, 0, 0, 0, 0, 0, 0, 0,
    0, 0, 0, -5, 0, 0, 0, -14,
    0, 0, 0, 0, 0, 0, 0, 0,
    0, 0, 0, 0, 0, 0, 0, 0,
    0, 0, 0, 0, 0, 0, 0, 0,
    0, 0, 0, 0, 0, 0, 0, 0,
    0, 0, 0, -14, 0, -5, 0, -7,
    0, -7, 0, 0, 0, 0, 0, -7,
    0, 0, 0, 0, 0, 0, 0, 0,
    0, -14, 0, 0, 0, 0, 0, 0,
    0, 0, 0, 0, 0, 0, -5, 0,
    0, 0, 0, 0, 0, 0, 0, 0,
    -10, 0, 0, -34, 0, -34, 0, 0,
    0, 0, 0, 0, 0, 0, 0, 0,
    0, 0, 0, 0, 0, 0, 0, 0,
    0, 0, 0, 0, 0, 0, -10, -29,
    -12, -5, -10, 0, -10, 0, 0, 0,
    0, 0, -5, 0, 0, 0, 0, 0,
    0, 0, 0, 0, 0, 0, 0, 0,
    0, 0, 0, 0, -29, 0, 0, 0,
    0, -14, 0, 0, 0, -24, 0, 0,
    0, 0, 0, 0, 0, 0, 0, 0,
    0, 0, 0, 0, 0, 0, 0, 0,
    0, 0, 0, 0, 0, 0, 0, 0,
    0, 0, 0, 0, 0, 0, 0, 0,
    0, -14, 0, -5, 5, -5, 0, -5,
    5, 5, 0, 5, 0, 0, 0, 0,
    0, 0, 0, 0, 0, 0, 0, 0,
    0, 0, 0, 0, 0, 0, 0, 0,
    0, 0, 2, 2, 0, 0, 0, 0,
    0, 0, 0, 0, 0, 0, 0, 0,
    0, 0, 0, 0, 0, 0, 0, 0,
    0, 0, 0, 0, 0, 0, 0, 0,
    0, -10, 0, -38, 0, 0, 0, 0,
    0, 0, 0, 0, 0, 0, 0, 0,
    0, 0, 0, 0, 0, 0, 0, 0,
    0, 0, 0, 0, 0, 0, 0, 0,
    0, 0, 0, 0, 0, 0, 0, 0,
    0, 0, 0, 0, 0, 0, 0, 0,
    0, 0, 0, 0, 0, 0, 0, 0,
    0, 0, 0, 0, 0, 0, 0, 0,
    0, 0, 0, 0, 0, 0, 0, 0,
    0, 0, 0, 0, 0, 0, 0, 0,
    -14, 0, 0, 0, 0, -14, 0, 0,
    0, 0, 0, -10, 0, 0, 0, -10,
    0, 0, 0, 0, 0, 0, 0, 0,
    0, 0, 0, 0, 0, 0, 0, 0,
    0, 0, 0, 0, 0, 0, 0, 0,
    0, 0, -14, 0, 0, 0, 0, 0,
    0, 0, 0, 0, 0, 0, 0, 0,
    0, 0, 0, 0, 0, 0, 0, 0,
    0, 0, 0, 0, 0, 0, 0, 0,
    0, 0, 0, 0, 0, -10, 0, 0,
    -5, 0, 0, 0, 0, 0, 0, 0,
    0, 0, 0, 0, 0, 0, 0, 0,
    0, 0, 0, 0, 0, 0, 0, 0,
    0, 0, 0, 0, 0, 0, 0, 0,
    0, 0, 0, 0, 0, 0, 0, 0,
    0, 0, 0, 0, 0, 0, 0, 0,
    0, 0, 0, 0, 0, 0, 0, 0,
    0, 0, 0, 0, 0, 0, 0, 0,
    0, 0, 0, 0, 0, 0, -19, 0,
    -29, -14, -14, -34, 0, 0, 0, 0,
    0, 0, 0, 0, 0, -5, 0, 0,
    0, 0, 0, 0, 0, 0, -14, -14,
    0, 0, 0, 0, 0, 0, 0, 0,
    0, 0, 0, 0, 0, 0, 0, 0,
    0, 0, 0, 0, 0, 0, 0, 0,
    0, 0, 0, 0, 0, 0, 0, 0,
    -24, 0, 0, 0, 0, 0, 0, 0,
    0, 0, 0, 0, 0, 0, -24, -14,
    0, -43, -19, -48, -43, 0, -53, -10,
    0, 0, -14, 0, -29, -29, 0, -19,
    0, -19, 0, 0, -24, -29, -19, -29,
    -24, -19, -19, 0, 0, 0, 0, 0,
    0, 0, 0, 0, 0, 0, 0, 0,
    0, -19, -19, -24, 0, 0, 0, 0,
    0, 0, 0, 0, 0, 0, 0, 0,
    0, 0, 0, 0, 0, 0, 0, 0,
    0, 0, 0, 0, 0, 0, 0, 0,
    0, -5, 0, 0, 0, 0, -7, 0,
    0, 0, 0, 0, 0, -7, 0, 0,
    -10, 0, 0, 0, 0, 0, 0, 0,
    -5, -5, -5, -5, 0, -5, 0, 0,
    0, 0, 0, 0, 0, 0, 0, 0,
    0, 0, 0, 14, 0, 0, -5, 0,
    0, 0, 0, 0, 0, 0, 0, 0,
    0, 0, 0, -19, 0, -19, 0, 0,
    0, 0, 0, 0, 0, 0, 0, 0,
    0, -10, 0, -14, 0, -10, 0, -10,
    0, -5, 0, -10, -19, 0, -19, -38,
    0, 0, 0, 0, 0, 0, 0, 0,
    0, 0, 0, 0, 0, 0, 0, 0,
    0, 0, 0, 0, 0, 0, 0, 0,
    0, 0, 0, 0, -10, -24, 0, 0,
    0, 0, 0, 0, 0, -24, 0, 0,
    0, 0, 0, 0, 0, 0, -10, 0,
    0, 0, 0, 0, 0, 0, 0, 0,
    0, 0, 0, 0, 0, 0, 0, 0,
    0, 0, 0, 0, 0, 0, 0, 0,
    0, 0, -10, 0, 0, 0, -5, 0,
    0, 0, 0, 0, 0, 0, -5, 0,
    -5, 0, -5, -5, 0, 0, 0, 0,
    0, 0, 0, 0, 0, 0, 0, 0,
    0, 0, 0, 0, 0, 0, 0, 0,
    0, 0, 0, 0, 0, 0, 0, 0,
    0, 0, 0, 0, 0, 0, 0, 0,
    0, 0, 0, 0, 0, 0, 0, 0,
    0, 0, 0, 0, 0, 0, 0, 0,
    0, 0, 0, 0, 0, 0, -2, 0,
    -2, 0, -2, 0, 0, 0, 0, 0,
    0, -2, 0, 0, 0, 0, 0, 0,
    0, 0, 0, 0, 0, 0, 0, 0,
    0, 0, 0, 0, 0, 19, 0, 0,
    0, 0, 0, 0, 0, 0, 0, 0,
    0, 0, 0, 0, 0, 0, 0, 0,
    0, 0, 0, 0, 0, 0, 0, 0,
    0, 0, -10, 0, 0, 0, 0, 0,
    0, 0, 0, 0, 0, 0, 0, 0,
    0, 0, 0, 0, 0, 0, 0, 0,
    0, 0, 0, 0, -5, 0, 0, 0,
    0, 0, 0, 0, 0, 0, 0, 0,
    0, 0, 0, 0, 0, 0, 0, 0,
    0, 0, 0, 0, 0, 0, 0, 0,
    0, 0, 0, 0, 0, 0, 0, 0,
    0, 0, 0, 0, 0, 0, 0, 0,
    0, 0, 0, 0, 0, 0, 0, 0,
    0, 0, 0, 0, 0, 0, 0, 0,
    0, 0, 0, 0, -2, 0, -2, -2,
    -2, 0, 0, 0, 0, 0, -2, -5,
    0, 0, 0, 0, 0, 0, 0, 0,
    0, 0, 0, 0, 0, 0, 0, 0,
    0, 0, 0, 0, 0, 0, 0, 0,
    0, 0, 0, 0, 0, 0, 0, 0,
    0, 0, 0, 0, 0, 0, 0, 0,
    0, 0, 0, 0, 0, 0, 0, 0,
    0, 0, 0, 0, 0, 0, 0, 0,
    0, 0, 0, 0, 0, 0, 0, 0,
    0, 0, 0, 0, 0, 0, 0, 0,
    0, 0, 0, 0, 0, 0, 0, 0,
    0, 0, 0, 0, 0, 0, 0, 0,
    0, 0, 0, 0, 0, 0, 0, 0,
    0, -10, 0, 0, 0, 0, 0, 0,
    0, 0, 0, 0, 0, 0, 0, 0,
    0, 0, 0, 0, 0, 0, 0, 0,
    0, 0, 0, 0, 0, 0, 0, 0,
    0, 0, 0, 0, 0, 0, 0, 0,
    0, 0, 0, 0, 0, 0, 0, 0,
    0, 0, 0, 0, 0, 0, 0, 0,
    0, 0, 0, 0, 0, 0, 0, 0,
    0, 0, 0, 0, 0, 0, 0, 0,
    0, 0, 0, 0, -24, 0, 0, 0,
    0, 0, 0, 0, 0, 0, 0, 0,
    0, 0, 0, 0, 0, 0, 0, -34,
    0, -19, 0, 0, 0, 0, 0, 0,
    -29, -5, -38, 0, 0, 0, 0, 0,
    0, 0, 0, 0, 0, 0, 0, -29,
    0, -14, 0, 0, 0, -10, 0, -19,
    0, 0, 0, 0, 0, 0, 0, 0,
    0, 0, 0, 0, 0, 0, 0, 0,
    0, 0, -58, 0, 0, 0, 0, 0,
    -10, 0, 0, 0, 0, 0, 0, 0,
    0, 0, 0, 0, 0, 0, 0, 0,
    0, 0, 0, 0, 0, 0, 0, 0,
    0, 0, 0, -29, -14, -24, 0, 0,
    0, 0, 0, 0, 0, 0, 0, 0,
    0, 0, -24, -14, -19, -14, 0, -14,
    -19, -14, -24, -10, -19, -14, -10, 0,
    -10, 0, 0, 0, 0, 0, 0, 0,
    0, 0, 0, 0, 0, -58, 0, -14,
    -14, 0, 0, 0, -14, 0, 0, 0,
    0, 0, 0, 0, 0, 0, 0, 0,
    0, 0, -34, 0, 0, 0, 0, 0,
    0, 0, 0, 0, 0, 0, 0, 0,
    0, 0, -34, 0, -19, -19, 0, -29,
    0, 0, 0, 0, 0, 0, -14, 0,
    0, 0, 0, 0, 0, 0, -19, 0,
    -19, -19, 0, -24, 0, 0, 0, 0,
    0, 0, 0, 0, 0, 0, 0, 0,
    0, 0, 0, 0, 0, 0, 0, -10,
    -24, 0, 0, 0, 0, 0, 0, 0,
    0, 0, 0, 0, 0, 0, 0, 0,
    0, 0, 0, 0, 0, 0, 0, 0,
    0, -19, 0, 0, 0, -19, 0, -14,
    -10, -14, -19, 0, 0, 0, 0, 0,
    0, 0, 0, 0, 0, 0, 0, 0,
    0, 0, 0, 0, 0, 0, 0, 0,
    0, 0, 0, 0, 0, 0, 0, 0,
    0, 0, 0, 0, 0, 0, 0, 0,
    0, 0, 0, 0, 0, 0
};


/*Collect the kern class' data in one place*/
static const lv_font_fmt_txt_kern_classes_t kern_classes =
{
    .class_pair_values   = kern_class_values,
    .left_class_mapping  = kern_left_class_mapping,
    .right_class_mapping = kern_right_class_mapping,
    .left_class_cnt      = 90,
    .right_class_cnt     = 75,
};

/*--------------------
 *  ALL CUSTOM DATA
 *--------------------*/

#if LVGL_VERSION_MAJOR == 8
/*Store all the custom data of the font*/
static  lv_font_fmt_txt_glyph_cache_t cache;
#endif

#if LVGL_VERSION_MAJOR >= 8
static const lv_font_fmt_txt_dsc_t font_dsc = {
#else
static lv_font_fmt_txt_dsc_t font_dsc = {
#endif
    .glyph_bitmap = glyph_bitmap,
    .glyph_dsc = glyph_dsc,
    .cmaps = cmaps,
    .kern_dsc = &kern_classes,
    .kern_scale = 16,
    .cmap_num = 6,
    .bpp = 8,
    .kern_classes = 1,
    .bitmap_format = 0,
#if LVGL_VERSION_MAJOR == 8
    .cache = &cache
#endif
};



/*-----------------
 *  PUBLIC FONT
 *----------------*/

/*Initialize a public general font descriptor*/
#if LVGL_VERSION_MAJOR >= 8
const lv_font_t ProductSansBold_30 = {
#else
lv_font_t ProductSansBold_30 = {
#endif
    .get_glyph_dsc = lv_font_get_glyph_dsc_fmt_txt,    /*Function pointer to get glyph's data*/
    .get_glyph_bitmap = lv_font_get_bitmap_fmt_txt,    /*Function pointer to get glyph's bitmap*/
    .line_height = 38,          /*The maximum line height required by the font*/
    .base_line = 9,             /*Baseline measured from the bottom of the line*/
#if !(LVGL_VERSION_MAJOR == 6 && LVGL_VERSION_MINOR == 0)
    .subpx = LV_FONT_SUBPX_NONE,
#endif
#if LV_VERSION_CHECK(7, 4, 0) || LVGL_VERSION_MAJOR >= 8
    .underline_position = -7,
    .underline_thickness = 2,
#endif
    .dsc = &font_dsc,          /*The custom font data. Will be accessed by `get_glyph_bitmap/dsc` */
#if LV_VERSION_CHECK(8, 2, 0) || LVGL_VERSION_MAJOR >= 9
    .fallback = NULL,
#endif
    .user_data = NULL,
};



#endif /*#if PRODUCTSANSBOLD_30*/

