/*******************************************************************************
 * Size: 24 px
 * Bpp: 8
 * Opts: --size 24 --bpp 8 --format lvgl --font /Users/garrett/Documents/GWatch-Paris/components/fonts/files/ProductSans-Regular.ttf --output /Users/garrett/Documents/GWatch-Paris/components/fonts/generated/ProductSansRegular_24.c --no-compress --range 0x20-0x7F,0xA0-0x24F,0x2000-0x21FF
 ******************************************************************************/

#ifdef LV_LVGL_H_INCLUDE_SIMPLE
#include "lvgl.h"
#else
#include "lvgl/lvgl.h"
#endif

#ifndef PRODUCTSANSREGULAR_24
#define PRODUCTSANSREGULAR_24 1
#endif

#if PRODUCTSANSREGULAR_24

/*-----------------
 *    BITMAPS
 *----------------*/

/*Store the image of the glyphs*/
static LV_ATTRIBUTE_LARGE_CONST const uint8_t glyph_bitmap[] = {
    /* U+0020 " " */

    /* U+0021 "!" */
    0x50, 0xff, 0xe4, 0x0, 0x50, 0xff, 0xe4, 0x0,
    0x50, 0xff, 0xe4, 0x0, 0x50, 0xff, 0xe4, 0x0,
    0x50, 0xff, 0xe4, 0x0, 0x4e, 0xff, 0xe1, 0x0,
    0x45, 0xff, 0xd8, 0x0, 0x3c, 0xff, 0xce, 0x0,
    0x33, 0xff, 0xc4, 0x0, 0x29, 0xff, 0xba, 0x0,
    0x20, 0xff, 0xb0, 0x0, 0x10, 0xb8, 0x78, 0x0,
    0x0, 0x0, 0x0, 0x0, 0x0, 0x26, 0x11, 0x0,
    0x81, 0xff, 0xf0, 0x25, 0xcb, 0xff, 0xff, 0x5f,
    0x57, 0xee, 0xc9, 0x12,

    /* U+0022 "\"" */
    0xf0, 0xff, 0x14, 0x64, 0xff, 0xa0, 0xf0, 0xff,
    0x14, 0x64, 0xff, 0xa0, 0xf0, 0xff, 0x14, 0x64,
    0xff, 0xa0, 0xf0, 0xff, 0x14, 0x64, 0xff, 0xa0,
    0xf0, 0xff, 0x14, 0x64, 0xff, 0xa0, 0x56, 0x5c,
    0x7, 0x23, 0x5c, 0x39,

    /* U+0023 "#" */
    0x0, 0x0, 0x0, 0x0, 0x0, 0xdb, 0xff, 0x11,
    0x0, 0x0, 0xab, 0xff, 0x40, 0x0, 0x0, 0x0,
    0x0, 0x0, 0x0, 0xa, 0xfd, 0xe3, 0x0, 0x0,
    0x0, 0xd8, 0xff, 0x14, 0x0, 0x0, 0x0, 0x0,
    0x0, 0x0, 0x35, 0xff, 0xb6, 0x0, 0x0, 0x8,
    0xfc, 0xe6, 0x0, 0x0, 0x0, 0x0, 0x0, 0x0,
    0x0, 0x62, 0xff, 0x8a, 0x0, 0x0, 0x32, 0xff,
    0xba, 0x0, 0x0, 0x0, 0x0, 0x86, 0xff, 0xff,
    0xff, 0xff, 0xff, 0xff, 0xff, 0xff, 0xff, 0xff,
    0xff, 0xff, 0x82, 0x0, 0x88, 0xcc, 0xcc, 0xf3,
    0xff, 0xd4, 0xcc, 0xcc, 0xe9, 0xff, 0xde, 0xcc,
    0xcc, 0x49, 0x0, 0x0, 0x0, 0x0, 0xd5, 0xff,
    0x16, 0x0, 0x0, 0xa6, 0xff, 0x45, 0x0, 0x0,
    0x0, 0x0, 0x0, 0x0, 0x1, 0xf7, 0xf3, 0x0,
    0x0, 0x0, 0xcb, 0xff, 0x21, 0x0, 0x0, 0x0,
    0x0, 0x0, 0x0, 0x1c, 0xff, 0xd0, 0x0, 0x0,
    0x0, 0xee, 0xf9, 0x3, 0x0, 0x0, 0x0, 0x2b,
    0xd0, 0xd0, 0xd9, 0xff, 0xf3, 0xd0, 0xd0, 0xd0,
    0xff, 0xfb, 0xd0, 0xd0, 0xab, 0x0, 0x5e, 0xff,
    0xff, 0xff, 0xff, 0xff, 0xff, 0xff, 0xff, 0xff,
    0xff, 0xff, 0xff, 0xaf, 0x0, 0x0, 0x0, 0x0,
    0x93, 0xff, 0x59, 0x0, 0x0, 0x63, 0xff, 0x89,
    0x0, 0x0, 0x0, 0x0, 0x0, 0x0, 0x0, 0xb7,
    0xff, 0x34, 0x0, 0x0, 0x87, 0xff, 0x64, 0x0,
    0x0, 0x0, 0x0, 0x0, 0x0, 0x0, 0xdc, 0xff,
    0xf, 0x0, 0x0, 0xac, 0xff, 0x3f, 0x0, 0x0,
    0x0, 0x0, 0x0, 0x0, 0x5, 0xfb, 0xea, 0x0,
    0x0, 0x0, 0xd1, 0xff, 0x1a, 0x0, 0x0, 0x0,
    0x0, 0x0, 0x0, 0x26, 0xff, 0xc6, 0x0, 0x0,
    0x0, 0xf5, 0xf5, 0x0, 0x0, 0x0, 0x0, 0x0,

    /* U+0024 "$" */
    0x0, 0x0, 0x0, 0x0, 0x0, 0x64, 0xf8, 0x68,
    0x0, 0x0, 0x0, 0x0, 0x0, 0x0, 0x0, 0x0,
    0x0, 0x68, 0xff, 0x6c, 0x0, 0x0, 0x0, 0x0,
    0x0, 0x0, 0x0, 0x55, 0xbb, 0xf1, 0xff, 0xe0,
    0x8d, 0x1a, 0x0, 0x0, 0x0, 0x0, 0x9b, 0xff,
    0xff, 0xff, 0xff, 0xff, 0xff, 0xf2, 0x45, 0x0,
    0x0, 0x5c, 0xff, 0xff, 0x9d, 0x92, 0xff, 0xa0,
    0xbe, 0xff, 0xf5, 0x19, 0x0, 0xb8, 0xff, 0xa5,
    0x0, 0x68, 0xff, 0x6c, 0x4, 0xc9, 0xb5, 0x29,
    0x0, 0xc9, 0xff, 0x71, 0x0, 0x68, 0xff, 0x6c,
    0x0, 0x5, 0x0, 0x0, 0x0, 0x9f, 0xff, 0xcc,
    0x8, 0x68, 0xff, 0x6c, 0x0, 0x0, 0x0, 0x0,
    0x0, 0x2e, 0xfc, 0xff, 0xcb, 0x97, 0xff, 0x6c,
    0x0, 0x0, 0x0, 0x0, 0x0, 0x0, 0x5e, 0xf7,
    0xff, 0xff, 0xff, 0x94, 0x5, 0x0, 0x0, 0x0,
    0x0, 0x0, 0x0, 0x26, 0xaa, 0xfc, 0xff, 0xff,
    0xe1, 0x59, 0x0, 0x0, 0x0, 0x0, 0x0, 0x0,
    0x0, 0x6f, 0xff, 0xfd, 0xff, 0xff, 0x98, 0x0,
    0x0, 0x0, 0x0, 0x0, 0x0, 0x68, 0xff, 0x76,
    0x8b, 0xff, 0xff, 0x54, 0x0, 0x0, 0x9, 0x0,
    0x0, 0x68, 0xff, 0x6c, 0x0, 0xa3, 0xff, 0xaf,
    0x29, 0xbd, 0xcc, 0x0, 0x0, 0x68, 0xff, 0x6c,
    0x0, 0x6c, 0xff, 0xcc, 0x15, 0xf8, 0xff, 0x70,
    0x0, 0x68, 0xff, 0x6c, 0x0, 0xae, 0xff, 0xab,
    0x0, 0x83, 0xff, 0xff, 0x9c, 0x90, 0xff, 0x99,
    0xa9, 0xff, 0xff, 0x48, 0x0, 0x1, 0x97, 0xff,
    0xff, 0xff, 0xff, 0xff, 0xff, 0xfc, 0x78, 0x0,
    0x0, 0x0, 0x0, 0x40, 0xa8, 0xec, 0xff, 0xea,
    0x9f, 0x37, 0x0, 0x0, 0x0, 0x0, 0x0, 0x0,
    0x0, 0x68, 0xff, 0x6c, 0x0, 0x0, 0x0, 0x0,
    0x0, 0x0, 0x0, 0x0, 0x0, 0x68, 0xff, 0x6c,
    0x0, 0x0, 0x0, 0x0,

    /* U+0025 "%" */
    0x0, 0x0, 0x3b, 0xbe, 0xf6, 0xed, 0xa2, 0x1a,
    0x0, 0x0, 0x0, 0x0, 0x0, 0x3, 0x91, 0x21,
    0x0, 0x0, 0x0, 0x0, 0x4a, 0xfb, 0xf4, 0xab,
    0xb9, 0xfe, 0xe3, 0x1a, 0x0, 0x0, 0x0, 0x0,
    0x78, 0xff, 0x7a, 0x0, 0x0, 0x0, 0x3, 0xe4,
    0xf4, 0x2a, 0x0, 0x0, 0x5b, 0xff, 0xa2, 0x0,
    0x0, 0x0, 0x2c, 0xf8, 0xcb, 0x4, 0x0, 0x0,
    0x0, 0x2e, 0xff, 0xa3, 0x0, 0x0, 0x0, 0x0,
    0xe3, 0xe9, 0x0, 0x0, 0x4, 0xcd, 0xf8, 0x2a,
    0x0, 0x0, 0x0, 0x0, 0x2f, 0xff, 0xa2, 0x0,
    0x0, 0x0, 0x0, 0xe2, 0xe9, 0x0, 0x0, 0x80,
    0xff, 0x74, 0x0, 0x0, 0x0, 0x0, 0x0, 0x3,
    0xe6, 0xf3, 0x27, 0x0, 0x0, 0x58, 0xff, 0xa4,
    0x0, 0x32, 0xfb, 0xc4, 0x2, 0x0, 0x0, 0x0,
    0x0, 0x0, 0x0, 0x51, 0xfd, 0xf2, 0xa7, 0xb4,
    0xfd, 0xe8, 0x1e, 0x7, 0xd4, 0xf5, 0x24, 0x0,
    0x0, 0x0, 0x0, 0x0, 0x0, 0x0, 0x0, 0x40,
    0xc0, 0xf7, 0xef, 0xa7, 0x1f, 0x0, 0x89, 0xff,
    0x6b, 0x0, 0x0, 0x0, 0x0, 0x0, 0x0, 0x0,
    0x0, 0x0, 0x0, 0x0, 0x0, 0x0, 0x0, 0x0,
    0x39, 0xfc, 0xbd, 0x1, 0x0, 0x0, 0x0, 0x0,
    0x0, 0x0, 0x0, 0x0, 0x0, 0x0, 0x0, 0x0,
    0x0, 0x0, 0x9, 0xd9, 0xf2, 0x1e, 0x0, 0x5c,
    0xd1, 0xf9, 0xe4, 0x8b, 0xa, 0x0, 0x0, 0x0,
    0x0, 0x0, 0x0, 0x0, 0x0, 0x91, 0xff, 0x63,
    0x0, 0x7d, 0xff, 0xe6, 0xa5, 0xcb, 0xff, 0xc6,
    0x7, 0x0, 0x0, 0x0, 0x0, 0x0, 0x0, 0x40,
    0xfe, 0xb5, 0x0, 0x21, 0xfc, 0xd7, 0xf, 0x0,
    0x0, 0x90, 0xff, 0x70, 0x0, 0x0, 0x0, 0x0,
    0x0, 0xc, 0xdf, 0xee, 0x1a, 0x0, 0x62, 0xff,
    0x6e, 0x0, 0x0, 0x0, 0x1a, 0xff, 0xb6, 0x0,
    0x0, 0x0, 0x0, 0x0, 0x99, 0xff, 0x5a, 0x0,
    0x0, 0x62, 0xff, 0x6e, 0x0, 0x0, 0x0, 0x19,
    0xff, 0xb5, 0x0, 0x0, 0x0, 0x0, 0x47, 0xff,
    0xad, 0x0, 0x0, 0x0, 0x20, 0xfc, 0xd6, 0xf,
    0x0, 0x0, 0x8c, 0xff, 0x70, 0x0, 0x0, 0x0,
    0xf, 0xe4, 0xea, 0x15, 0x0, 0x0, 0x0, 0x0,
    0x7f, 0xff, 0xe4, 0xa1, 0xc7, 0xff, 0xc8, 0x8,
    0x0, 0x0, 0x0, 0x2, 0x6c, 0x4f, 0x0, 0x0,
    0x0, 0x0, 0x0, 0x0, 0x5d, 0xd1, 0xfa, 0xe5,
    0x8e, 0xb, 0x0,

    /* U+0026 "&" */
    0x0, 0x0, 0x0, 0x0, 0x5e, 0xcf, 0xf8, 0xe3,
    0x90, 0xf, 0x0, 0x0, 0x0, 0x0, 0x0, 0x0,
    0x0, 0x0, 0x87, 0xff, 0xff, 0xff, 0xff, 0xff,
    0xc9, 0x6, 0x0, 0x0, 0x0, 0x0, 0x0, 0x0,
    0x27, 0xfe, 0xff, 0x87, 0x21, 0x4f, 0xf3, 0xff,
    0x5f, 0x0, 0x0, 0x0, 0x0, 0x0, 0x0, 0x5f,
    0xff, 0xe5, 0x0, 0x0, 0x0, 0x5d, 0x5b, 0x2,
    0x0, 0x0, 0x0, 0x0, 0x0, 0x0, 0x45, 0xff,
    0xf3, 0xb, 0x0, 0x0, 0x0, 0x0, 0x0, 0x0,
    0x0, 0x0, 0x0, 0x0, 0x0, 0x3, 0xd2, 0xff,
    0x98, 0x0, 0x0, 0x0, 0x0, 0x0, 0x0, 0x0,
    0x0, 0x0, 0x0, 0x0, 0x0, 0x6c, 0xff, 0xff,
    0x67, 0x0, 0x0, 0x0, 0x0, 0x0, 0x0, 0x0,
    0x0, 0x0, 0x0, 0x6f, 0xfd, 0xff, 0xff, 0xfa,
    0x3e, 0x0, 0x0, 0x0, 0x0, 0x0, 0x0, 0x0,
    0x0, 0x44, 0xfd, 0xfa, 0x5d, 0x85, 0xff, 0xea,
    0x1f, 0x0, 0x0, 0x0, 0x0, 0x0, 0x0, 0x0,
    0xc4, 0xff, 0x6e, 0x0, 0x2, 0xb3, 0xff, 0xcf,
    0xa, 0x0, 0x0, 0xc, 0x0, 0x0, 0x9, 0xfe,
    0xf9, 0x6, 0x0, 0x0, 0xe, 0xd7, 0xff, 0xaa,
    0x0, 0x6, 0xd4, 0xae, 0x15, 0x1c, 0xff, 0xe8,
    0x0, 0x0, 0x0, 0x0, 0x26, 0xf0, 0xff, 0x7c,
    0x7e, 0xff, 0xd5, 0x7, 0x5, 0xf6, 0xff, 0x21,
    0x0, 0x0, 0x0, 0x0, 0x49, 0xfd, 0xfe, 0xf9,
    0xfc, 0x35, 0x0, 0x0, 0xa7, 0xff, 0xb5, 0x4,
    0x0, 0x0, 0x0, 0x0, 0x78, 0xff, 0xff, 0x90,
    0x0, 0x0, 0x0, 0x21, 0xee, 0xff, 0xc5, 0x45,
    0x9, 0x5, 0x38, 0xbe, 0xff, 0xff, 0xda, 0x10,
    0x0, 0x0, 0x0, 0x35, 0xe3, 0xff, 0xff, 0xff,
    0xff, 0xff, 0xff, 0xdc, 0xd6, 0xff, 0xaa, 0x0,
    0x0, 0x0, 0x0, 0xf, 0x7a, 0xcc, 0xf3, 0xf7,
    0xd2, 0x7b, 0xd, 0x27, 0xc1, 0x24, 0x0,

    /* U+0027 "'" */
    0xf0, 0xff, 0x14, 0xf0, 0xff, 0x14, 0xf0, 0xff,
    0x14, 0xf0, 0xff, 0x14, 0xf0, 0xff, 0x14, 0x56,
    0x5c, 0x7,

    /* U+0028 "(" */
    0x0, 0x0, 0x0, 0x0, 0x2c, 0x18, 0x0, 0x0,
    0x0, 0x0, 0xe, 0xdd, 0xeb, 0x2d, 0x0, 0x0,
    0x0, 0xa7, 0xff, 0xce, 0x6, 0x0, 0x0, 0x43,
    0xff, 0xf7, 0x28, 0x0, 0x0, 0x0, 0xc4, 0xff,
    0x94, 0x0, 0x0, 0x0, 0x43, 0xff, 0xfa, 0x1f,
    0x0, 0x0, 0x0, 0xa4, 0xff, 0xad, 0x0, 0x0,
    0x0, 0x2, 0xee, 0xff, 0x61, 0x0, 0x0, 0x0,
    0x2c, 0xff, 0xff, 0x18, 0x0, 0x0, 0x0, 0x55,
    0xff, 0xee, 0x0, 0x0, 0x0, 0x0, 0x6d, 0xff,
    0xd5, 0x0, 0x0, 0x0, 0x0, 0x74, 0xff, 0xc6,
    0x0, 0x0, 0x0, 0x0, 0x69, 0xff, 0xdc, 0x0,
    0x0, 0x0, 0x0, 0x4b, 0xff, 0xf5, 0x0, 0x0,
    0x0, 0x0, 0x1d, 0xff, 0xff, 0x2b, 0x0, 0x0,
    0x0, 0x0, 0xde, 0xff, 0x76, 0x0, 0x0, 0x0,
    0x0, 0x8d, 0xff, 0xc7, 0x0, 0x0, 0x0, 0x0,
    0x27, 0xfc, 0xff, 0x3c, 0x0, 0x0, 0x0, 0x0,
    0xa3, 0xff, 0xb6, 0x0, 0x0, 0x0, 0x0, 0x24,
    0xfa, 0xff, 0x50, 0x0, 0x0, 0x0, 0x0, 0x75,
    0xff, 0xeb, 0x18, 0x0, 0x0, 0x0, 0x1, 0xb6,
    0xbc, 0x1a, 0x0, 0x0, 0x0, 0x0, 0xc, 0x1,
    0x0,

    /* U+0029 ")" */
    0x0, 0x20, 0x24, 0x0, 0x0, 0x0, 0x0, 0x3b,
    0xf1, 0xd0, 0x8, 0x0, 0x0, 0x0, 0xc, 0xdc,
    0xff, 0x97, 0x0, 0x0, 0x0, 0x0, 0x37, 0xfd,
    0xff, 0x30, 0x0, 0x0, 0x0, 0x0, 0xa9, 0xff,
    0xac, 0x0, 0x0, 0x0, 0x0, 0x2f, 0xff, 0xfe,
    0x29, 0x0, 0x0, 0x0, 0x0, 0xc1, 0xff, 0x89,
    0x0, 0x0, 0x0, 0x0, 0x76, 0xff, 0xd8, 0x0,
    0x0, 0x0, 0x0, 0x2c, 0xff, 0xff, 0x17, 0x0,
    0x0, 0x0, 0x4, 0xfe, 0xff, 0x40, 0x0, 0x0,
    0x0, 0x0, 0xea, 0xff, 0x58, 0x0, 0x0, 0x0,
    0x0, 0xdb, 0xff, 0x60, 0x0, 0x0, 0x0, 0x0,
    0xf1, 0xff, 0x54, 0x0, 0x0, 0x0, 0x9, 0xff,
    0xff, 0x35, 0x0, 0x0, 0x0, 0x40, 0xff, 0xfb,
    0xc, 0x0, 0x0, 0x0, 0x8b, 0xff, 0xc6, 0x0,
    0x0, 0x0, 0x1, 0xda, 0xff, 0x72, 0x0, 0x0,
    0x0, 0x51, 0xff, 0xf4, 0x15, 0x0, 0x0, 0x0,
    0xca, 0xff, 0x8a, 0x0, 0x0, 0x0, 0x65, 0xff,
    0xf3, 0x15, 0x0, 0x0, 0x24, 0xf4, 0xff, 0x5f,
    0x0, 0x0, 0x0, 0x23, 0xc8, 0xa3, 0x0, 0x0,
    0x0, 0x0, 0x0, 0x3, 0x9, 0x0, 0x0, 0x0,
    0x0,

    /* U+002A "*" */
    0x0, 0x0, 0x0, 0x0, 0xb0, 0xff, 0x24, 0x0,
    0x0, 0x0, 0x0, 0x2, 0x0, 0x0, 0xb0, 0xff,
    0x24, 0x0, 0x2, 0x0, 0x0, 0xa7, 0xbb, 0x5f,
    0xbc, 0xff, 0x59, 0x91, 0xe8, 0x1d, 0x0, 0xcb,
    0xff, 0xff, 0xff, 0xff, 0xff, 0xff, 0xf3, 0x4c,
    0x0, 0x0, 0x2b, 0xa6, 0xff, 0xff, 0xeb, 0x52,
    0x9, 0x0, 0x0, 0x0, 0xb, 0xd7, 0xff, 0xef,
    0xff, 0x58, 0x0, 0x0, 0x0, 0x0, 0xa3, 0xff,
    0xa0, 0x33, 0xf9, 0xf2, 0x25, 0x0, 0x0, 0x6,
    0xa7, 0xd8, 0xb, 0x0, 0x6e, 0xe6, 0x3c, 0x0,
    0x0, 0x0, 0x0, 0x11, 0x0, 0x0, 0x0, 0x10,
    0x0, 0x0,

    /* U+002B "+" */
    0x0, 0x0, 0x0, 0x0, 0x50, 0xff, 0x84, 0x0,
    0x0, 0x0, 0x0, 0x0, 0x0, 0x0, 0x0, 0x50,
    0xff, 0x84, 0x0, 0x0, 0x0, 0x0, 0x0, 0x0,
    0x0, 0x0, 0x50, 0xff, 0x84, 0x0, 0x0, 0x0,
    0x0, 0x0, 0x0, 0x0, 0x0, 0x50, 0xff, 0x84,
    0x0, 0x0, 0x0, 0x0, 0x85, 0xcc, 0xcc, 0xcc,
    0xdc, 0xff, 0xe6, 0xcc, 0xcc, 0xcc, 0xaf, 0xa8,
    0xff, 0xff, 0xff, 0xff, 0xff, 0xff, 0xff, 0xff,
    0xff, 0xdc, 0x0, 0x0, 0x0, 0x0, 0x50, 0xff,
    0x84, 0x0, 0x0, 0x0, 0x0, 0x0, 0x0, 0x0,
    0x0, 0x50, 0xff, 0x84, 0x0, 0x0, 0x0, 0x0,
    0x0, 0x0, 0x0, 0x0, 0x50, 0xff, 0x84, 0x0,
    0x0, 0x0, 0x0, 0x0, 0x0, 0x0, 0x0, 0x50,
    0xff, 0x84, 0x0, 0x0, 0x0, 0x0, 0x0, 0x0,
    0x0, 0x0, 0x1f, 0x64, 0x33, 0x0, 0x0, 0x0,
    0x0,

    /* U+002C "," */
    0x57, 0xee, 0xc9, 0x12, 0xcc, 0xff, 0xff, 0x5f,
    0x7c, 0xff, 0xff, 0x2e, 0xb, 0xe1, 0x99, 0x0,
    0x91, 0xdf, 0xd, 0x0, 0x5a, 0x3f, 0x0, 0x0,

    /* U+002D "-" */
    0x85, 0xcc, 0xcc, 0xcc, 0xcc, 0xcc, 0xcc, 0xcc,
    0x6, 0xa8, 0xff, 0xff, 0xff, 0xff, 0xff, 0xff,
    0xff, 0x8,

    /* U+002E "." */
    0x0, 0x26, 0x11, 0x0, 0x81, 0xff, 0xf0, 0x25,
    0xcb, 0xff, 0xff, 0x5f, 0x57, 0xee, 0xc9, 0x12,

    /* U+002F "/" */
    0x0, 0x0, 0x0, 0x0, 0x0, 0x0, 0x0, 0x6e,
    0xff, 0xa1, 0x0, 0x0, 0x0, 0x0, 0x0, 0x0,
    0x1, 0xd8, 0xff, 0x36, 0x0, 0x0, 0x0, 0x0,
    0x0, 0x0, 0x45, 0xff, 0xcb, 0x0, 0x0, 0x0,
    0x0, 0x0, 0x0, 0x0, 0xb1, 0xff, 0x60, 0x0,
    0x0, 0x0, 0x0, 0x0, 0x0, 0x1f, 0xfc, 0xec,
    0x8, 0x0, 0x0, 0x0, 0x0, 0x0, 0x0, 0x88,
    0xff, 0x89, 0x0, 0x0, 0x0, 0x0, 0x0, 0x0,
    0x7, 0xeb, 0xfd, 0x20, 0x0, 0x0, 0x0, 0x0,
    0x0, 0x0, 0x5f, 0xff, 0xb2, 0x0, 0x0, 0x0,
    0x0, 0x0, 0x0, 0x0, 0xca, 0xff, 0x47, 0x0,
    0x0, 0x0, 0x0, 0x0, 0x0, 0x35, 0xff, 0xdb,
    0x1, 0x0, 0x0, 0x0, 0x0, 0x0, 0x0, 0xa1,
    0xff, 0x71, 0x0, 0x0, 0x0, 0x0, 0x0, 0x0,
    0x14, 0xf8, 0xf5, 0x10, 0x0, 0x0, 0x0, 0x0,
    0x0, 0x0, 0x78, 0xff, 0x9a, 0x0, 0x0, 0x0,
    0x0, 0x0, 0x0, 0x3, 0xe0, 0xff, 0x2f, 0x0,
    0x0, 0x0, 0x0, 0x0, 0x0, 0x4f, 0xff, 0xc3,
    0x0, 0x0, 0x0, 0x0, 0x0, 0x0, 0x0, 0xbb,
    0xff, 0x58, 0x0, 0x0, 0x0, 0x0, 0x0, 0x0,
    0x27, 0xfe, 0xe7, 0x5, 0x0, 0x0, 0x0, 0x0,
    0x0, 0x0,

    /* U+0030 "0" */
    0x0, 0x0, 0x0, 0x1c, 0x92, 0xdc, 0xf8, 0xe8,
    0xae, 0x3f, 0x0, 0x0, 0x0, 0x0, 0x0, 0x0,
    0x44, 0xf0, 0xff, 0xff, 0xff, 0xff, 0xff, 0xfe,
    0x83, 0x0, 0x0, 0x0, 0x0, 0x2b, 0xf4, 0xff,
    0xce, 0x4e, 0x20, 0x38, 0xa2, 0xff, 0xff, 0x6d,
    0x0, 0x0, 0x0, 0xc5, 0xff, 0xcc, 0x9, 0x0,
    0x0, 0x0, 0x0, 0x86, 0xff, 0xf5, 0x1d, 0x0,
    0x3a, 0xff, 0xfe, 0x30, 0x0, 0x0, 0x0, 0x0,
    0x0, 0x4, 0xdb, 0xff, 0x87, 0x0, 0x8e, 0xff,
    0xc4, 0x0, 0x0, 0x0, 0x0, 0x0, 0x0, 0x0,
    0x75, 0xff, 0xdd, 0x0, 0xc4, 0xff, 0x82, 0x0,
    0x0, 0x0, 0x0, 0x0, 0x0, 0x0, 0x33, 0xff,
    0xff, 0x13, 0xe0, 0xff, 0x5e, 0x0, 0x0, 0x0,
    0x0, 0x0, 0x0, 0x0, 0xf, 0xff, 0xff, 0x2e,
    0xec, 0xff, 0x53, 0x0, 0x0, 0x0, 0x0, 0x0,
    0x0, 0x0, 0x4, 0xff, 0xff, 0x3b, 0xe0, 0xff,
    0x5e, 0x0, 0x0, 0x0, 0x0, 0x0, 0x0, 0x0,
    0xf, 0xff, 0xff, 0x2e, 0xc5, 0xff, 0x81, 0x0,
    0x0, 0x0, 0x0, 0x0, 0x0, 0x0, 0x33, 0xff,
    0xff, 0x14, 0x8e, 0xff, 0xc2, 0x0, 0x0, 0x0,
    0x0, 0x0, 0x0, 0x0, 0x75, 0xff, 0xdd, 0x0,
    0x3a, 0xff, 0xfe, 0x2d, 0x0, 0x0, 0x0, 0x0,
    0x0, 0x4, 0xdb, 0xff, 0x89, 0x0, 0x0, 0xc6,
    0xff, 0xc7, 0x7, 0x0, 0x0, 0x0, 0x0, 0x85,
    0xff, 0xf6, 0x1f, 0x0, 0x0, 0x2d, 0xf5, 0xff,
    0xca, 0x49, 0x1b, 0x34, 0x9e, 0xff, 0xff, 0x73,
    0x0, 0x0, 0x0, 0x0, 0x46, 0xf1, 0xff, 0xff,
    0xff, 0xff, 0xff, 0xff, 0x89, 0x0, 0x0, 0x0,
    0x0, 0x0, 0x0, 0x1d, 0x93, 0xde, 0xf8, 0xe9,
    0xb0, 0x41, 0x0, 0x0, 0x0, 0x0,

    /* U+0031 "1" */
    0x0, 0x0, 0x0, 0x0, 0x0, 0x19, 0x38, 0xb,
    0x0, 0x0, 0x0, 0x2a, 0x9f, 0xfa, 0xff, 0x34,
    0x0, 0x3c, 0xb3, 0xfe, 0xff, 0xff, 0xff, 0x34,
    0x0, 0xd2, 0xff, 0xfd, 0xb3, 0xff, 0xff, 0x34,
    0x0, 0x55, 0x8f, 0x22, 0x4, 0xff, 0xff, 0x34,
    0x0, 0x0, 0x0, 0x0, 0x4, 0xff, 0xff, 0x34,
    0x0, 0x0, 0x0, 0x0, 0x4, 0xff, 0xff, 0x34,
    0x0, 0x0, 0x0, 0x0, 0x4, 0xff, 0xff, 0x34,
    0x0, 0x0, 0x0, 0x0, 0x4, 0xff, 0xff, 0x34,
    0x0, 0x0, 0x0, 0x0, 0x4, 0xff, 0xff, 0x34,
    0x0, 0x0, 0x0, 0x0, 0x4, 0xff, 0xff, 0x34,
    0x0, 0x0, 0x0, 0x0, 0x4, 0xff, 0xff, 0x34,
    0x0, 0x0, 0x0, 0x0, 0x4, 0xff, 0xff, 0x34,
    0x0, 0x0, 0x0, 0x0, 0x4, 0xff, 0xff, 0x34,
    0x0, 0x0, 0x0, 0x0, 0x4, 0xff, 0xff, 0x34,
    0x0, 0x0, 0x0, 0x0, 0x4, 0xff, 0xff, 0x34,
    0x0, 0x0, 0x0, 0x0, 0x4, 0xff, 0xff, 0x34,

    /* U+0032 "2" */
    0x0, 0x0, 0x1, 0x60, 0xc7, 0xf5, 0xf5, 0xcd,
    0x6f, 0x4, 0x0, 0x0, 0x0, 0x2, 0xa2, 0xff,
    0xff, 0xff, 0xff, 0xff, 0xff, 0xc1, 0xa, 0x0,
    0x0, 0x7a, 0xff, 0xfc, 0x82, 0x2b, 0x2e, 0x7f,
    0xf9, 0xff, 0x9a, 0x0, 0x0, 0xc3, 0xff, 0x6f,
    0x0, 0x0, 0x0, 0x0, 0x6f, 0xff, 0xfa, 0xe,
    0x0, 0x0, 0x3e, 0x7, 0x0, 0x0, 0x0, 0x0,
    0x18, 0xff, 0xff, 0x33, 0x0, 0x0, 0x0, 0x0,
    0x0, 0x0, 0x0, 0x0, 0x28, 0xff, 0xff, 0x24,
    0x0, 0x0, 0x0, 0x0, 0x0, 0x0, 0x0, 0x0,
    0x87, 0xff, 0xe1, 0x2, 0x0, 0x0, 0x0, 0x0,
    0x0, 0x0, 0x0, 0x33, 0xf7, 0xff, 0x73, 0x0,
    0x0, 0x0, 0x0, 0x0, 0x0, 0x0, 0x1d, 0xe5,
    0xff, 0xcf, 0x4, 0x0, 0x0, 0x0, 0x0, 0x0,
    0x0, 0x14, 0xd6, 0xff, 0xea, 0x20, 0x0, 0x0,
    0x0, 0x0, 0x0, 0x0, 0xf, 0xcc, 0xff, 0xef,
    0x33, 0x0, 0x0, 0x0, 0x0, 0x0, 0x0, 0xc,
    0xc6, 0xff, 0xf1, 0x36, 0x0, 0x0, 0x0, 0x0,
    0x0, 0x0, 0xa, 0xc2, 0xff, 0xf2, 0x39, 0x0,
    0x0, 0x0, 0x0, 0x0, 0x0, 0x8, 0xbc, 0xff,
    0xf4, 0x3c, 0x0, 0x0, 0x0, 0x0, 0x0, 0x0,
    0x2, 0xb7, 0xff, 0xfb, 0x58, 0x18, 0x18, 0x18,
    0x18, 0x18, 0x18, 0xa, 0xc, 0xff, 0xff, 0xff,
    0xff, 0xff, 0xff, 0xff, 0xff, 0xff, 0xff, 0x6c,
    0xc, 0xff, 0xff, 0xff, 0xff, 0xff, 0xff, 0xff,
    0xff, 0xff, 0xff, 0x6c,

    /* U+0033 "3" */
    0x0, 0x0, 0x0, 0x4c, 0xbc, 0xea, 0xf7, 0xd3,
    0x80, 0xd, 0x0, 0x0, 0x0, 0x0, 0x8d, 0xff,
    0xff, 0xff, 0xff, 0xff, 0xff, 0xdb, 0x1e, 0x0,
    0x0, 0x59, 0xff, 0xff, 0x90, 0x2d, 0x27, 0x66,
    0xec, 0xff, 0xbf, 0x0, 0x0, 0x5d, 0xda, 0x96,
    0x0, 0x0, 0x0, 0x0, 0x4d, 0xff, 0xff, 0x1c,
    0x0, 0x0, 0x1, 0x8, 0x0, 0x0, 0x0, 0x0,
    0x15, 0xff, 0xff, 0x34, 0x0, 0x0, 0x0, 0x0,
    0x0, 0x0, 0x0, 0x0, 0x53, 0xff, 0xfc, 0x13,
    0x0, 0x0, 0x0, 0x0, 0x0, 0x0, 0x13, 0x5c,
    0xec, 0xff, 0x99, 0x0, 0x0, 0x0, 0x0, 0x0,
    0x44, 0xff, 0xff, 0xff, 0xff, 0x92, 0x6, 0x0,
    0x0, 0x0, 0x0, 0x0, 0x44, 0xff, 0xff, 0xff,
    0xff, 0xc0, 0x21, 0x0, 0x0, 0x0, 0x0, 0x0,
    0x3, 0xc, 0x1b, 0x56, 0xdc, 0xff, 0xde, 0x10,
    0x0, 0x0, 0x0, 0x0, 0x0, 0x0, 0x0, 0x0,
    0x12, 0xe3, 0xff, 0x7b, 0x0, 0x0, 0x0, 0x0,
    0x0, 0x0, 0x0, 0x0, 0x0, 0x89, 0xff, 0xb6,
    0x3, 0x59, 0xc1, 0x15, 0x0, 0x0, 0x0, 0x0,
    0x0, 0x96, 0xff, 0xb9, 0x3, 0xdc, 0xff, 0x95,
    0x0, 0x0, 0x0, 0x0, 0x18, 0xe9, 0xff, 0x84,
    0x0, 0x5c, 0xff, 0xff, 0x9c, 0x32, 0x21, 0x58,
    0xdc, 0xff, 0xf1, 0x19, 0x0, 0x0, 0x78, 0xff,
    0xff, 0xff, 0xff, 0xff, 0xff, 0xef, 0x40, 0x0,
    0x0, 0x0, 0x0, 0x42, 0xb5, 0xef, 0xf9, 0xdd,
    0x93, 0x1d, 0x0, 0x0,

    /* U+0034 "4" */
    0x0, 0x0, 0x0, 0x0, 0x0, 0x0, 0x0, 0x2,
    0xc3, 0xff, 0xf8, 0x0, 0x0, 0x0, 0x0, 0x0,
    0x0, 0x0, 0x0, 0x0, 0x0, 0x72, 0xff, 0xff,
    0xf8, 0x0, 0x0, 0x0, 0x0, 0x0, 0x0, 0x0,
    0x0, 0x0, 0x26, 0xf6, 0xff, 0xff, 0xf8, 0x0,
    0x0, 0x0, 0x0, 0x0, 0x0, 0x0, 0x0, 0x2,
    0xc6, 0xff, 0xbc, 0xff, 0xf8, 0x0, 0x0, 0x0,
    0x0, 0x0, 0x0, 0x0, 0x0, 0x75, 0xff, 0xcd,
    0x40, 0xff, 0xf8, 0x0, 0x0, 0x0, 0x0, 0x0,
    0x0, 0x0, 0x28, 0xf7, 0xf9, 0x2c, 0x3c, 0xff,
    0xf8, 0x0, 0x0, 0x0, 0x0, 0x0, 0x0, 0x3,
    0xc8, 0xff, 0x78, 0x0, 0x3c, 0xff, 0xf8, 0x0,
    0x0, 0x0, 0x0, 0x0, 0x0, 0x78, 0xff, 0xc8,
    0x3, 0x0, 0x3c, 0xff, 0xf8, 0x0, 0x0, 0x0,
    0x0, 0x0, 0x2b, 0xf8, 0xf7, 0x27, 0x0, 0x0,
    0x3c, 0xff, 0xf8, 0x0, 0x0, 0x0, 0x0, 0x4,
    0xcb, 0xff, 0x71, 0x0, 0x0, 0x0, 0x3c, 0xff,
    0xf8, 0x0, 0x0, 0x0, 0x0, 0x7b, 0xff, 0xc7,
    0xa, 0x8, 0x8, 0x8, 0x42, 0xff, 0xf8, 0x8,
    0x8, 0x0, 0x8, 0xf9, 0xff, 0xff, 0xff, 0xff,
    0xff, 0xff, 0xff, 0xff, 0xff, 0xff, 0xff, 0x14,
    0xc, 0xff, 0xff, 0xff, 0xff, 0xff, 0xff, 0xff,
    0xff, 0xff, 0xff, 0xff, 0xff, 0x14, 0x0, 0x0,
    0x0, 0x0, 0x0, 0x0, 0x0, 0x0, 0x3c, 0xff,
    0xf8, 0x0, 0x0, 0x0, 0x0, 0x0, 0x0, 0x0,
    0x0, 0x0, 0x0, 0x0, 0x3c, 0xff, 0xf8, 0x0,
    0x0, 0x0, 0x0, 0x0, 0x0, 0x0, 0x0, 0x0,
    0x0, 0x0, 0x3c, 0xff, 0xf8, 0x0, 0x0, 0x0,

    /* U+0035 "5" */
    0x0, 0x0, 0x85, 0xff, 0xff, 0xff, 0xff, 0xff,
    0xff, 0xff, 0xff, 0x28, 0x0, 0x0, 0x0, 0xa5,
    0xff, 0xff, 0xff, 0xff, 0xff, 0xff, 0xff, 0xff,
    0x28, 0x0, 0x0, 0x0, 0xc5, 0xff, 0x62, 0x14,
    0x14, 0x14, 0x14, 0x14, 0x14, 0x3, 0x0, 0x0,
    0x0, 0xe5, 0xff, 0x37, 0x0, 0x0, 0x0, 0x0,
    0x0, 0x0, 0x0, 0x0, 0x0, 0x6, 0xfe, 0xff,
    0x18, 0x0, 0x0, 0x0, 0x0, 0x0, 0x0, 0x0,
    0x0, 0x0, 0x25, 0xff, 0xf7, 0x1, 0x0, 0x0,
    0x0, 0x0, 0x0, 0x0, 0x0, 0x0, 0x0, 0x45,
    0xff, 0xdc, 0x5b, 0xc8, 0xf1, 0xf0, 0xba, 0x48,
    0x0, 0x0, 0x0, 0x0, 0x65, 0xff, 0xff, 0xff,
    0xff, 0xff, 0xff, 0xff, 0xff, 0x83, 0x0, 0x0,
    0x0, 0x49, 0xe4, 0xff, 0xa9, 0x29, 0x9, 0x2f,
    0xac, 0xff, 0xff, 0x55, 0x0, 0x0, 0x0, 0x4,
    0x48, 0x1, 0x0, 0x0, 0x0, 0x0, 0xb2, 0xff,
    0xd2, 0x0, 0x0, 0x0, 0x0, 0x0, 0x0, 0x0,
    0x0, 0x0, 0x0, 0x3c, 0xff, 0xff, 0x13, 0x0,
    0x0, 0x16, 0x0, 0x0, 0x0, 0x0, 0x0, 0x0,
    0x1b, 0xff, 0xff, 0x25, 0x0, 0xa5, 0xfa, 0x36,
    0x0, 0x0, 0x0, 0x0, 0x0, 0x3f, 0xff, 0xfe,
    0x10, 0x0, 0xb6, 0xff, 0xc3, 0x5, 0x0, 0x0,
    0x0, 0x0, 0xba, 0xff, 0xc8, 0x0, 0x0, 0x31,
    0xf9, 0xff, 0xc4, 0x43, 0x1e, 0x42, 0xbc, 0xff,
    0xfe, 0x44, 0x0, 0x0, 0x0, 0x54, 0xf7, 0xff,
    0xff, 0xff, 0xff, 0xff, 0xfc, 0x69, 0x0, 0x0,
    0x0, 0x0, 0x0, 0x25, 0x9d, 0xe4, 0xfb, 0xe7,
    0xa7, 0x32, 0x0, 0x0, 0x0,

    /* U+0036 "6" */
    0x0, 0x0, 0x0, 0x0, 0x0, 0x0, 0x0, 0x13,
    0x0, 0x0, 0x0, 0x0, 0x0, 0x0, 0x0, 0x0,
    0x0, 0x0, 0x0, 0x2f, 0xf4, 0x79, 0x2, 0x0,
    0x0, 0x0, 0x0, 0x0, 0x0, 0x0, 0x0, 0x4,
    0xcf, 0xff, 0xb7, 0x1, 0x0, 0x0, 0x0, 0x0,
    0x0, 0x0, 0x0, 0x0, 0x7e, 0xff, 0xe7, 0x16,
    0x0, 0x0, 0x0, 0x0, 0x0, 0x0, 0x0, 0x0,
    0x2d, 0xfa, 0xfd, 0x44, 0x0, 0x0, 0x0, 0x0,
    0x0, 0x0, 0x0, 0x0, 0x4, 0xcd, 0xff, 0x86,
    0x0, 0x0, 0x0, 0x0, 0x0, 0x0, 0x0, 0x0,
    0x0, 0x7c, 0xff, 0xc6, 0x4, 0x0, 0x0, 0x0,
    0x0, 0x0, 0x0, 0x0, 0x0, 0x2c, 0xf9, 0xff,
    0xc0, 0xe2, 0xe8, 0xb3, 0x3c, 0x0, 0x0, 0x0,
    0x0, 0x0, 0xc1, 0xff, 0xff, 0xff, 0xff, 0xff,
    0xff, 0xfe, 0x6e, 0x0, 0x0, 0x0, 0x47, 0xff,
    0xff, 0xc2, 0x36, 0x6, 0x25, 0xa5, 0xff, 0xfe,
    0x4c, 0x0, 0x0, 0xad, 0xff, 0xcc, 0x7, 0x0,
    0x0, 0x0, 0x0, 0xa7, 0xff, 0xd5, 0x0, 0x0,
    0xef, 0xff, 0x56, 0x0, 0x0, 0x0, 0x0, 0x0,
    0x2a, 0xff, 0xff, 0x1d, 0x6, 0xff, 0xff, 0x39,
    0x0, 0x0, 0x0, 0x0, 0x0, 0xd, 0xff, 0xff,
    0x31, 0x0, 0xee, 0xff, 0x62, 0x0, 0x0, 0x0,
    0x0, 0x0, 0x37, 0xff, 0xff, 0x17, 0x0, 0xa3,
    0xff, 0xda, 0xa, 0x0, 0x0, 0x0, 0x1, 0xb8,
    0xff, 0xc7, 0x0, 0x0, 0x24, 0xf3, 0xff, 0xd3,
    0x4d, 0x20, 0x3f, 0xb9, 0xff, 0xfb, 0x3b, 0x0,
    0x0, 0x0, 0x45, 0xf2, 0xff, 0xff, 0xff, 0xff,
    0xff, 0xf8, 0x59, 0x0, 0x0, 0x0, 0x0, 0x0,
    0x20, 0x99, 0xe1, 0xfa, 0xe7, 0xa2, 0x29, 0x0,
    0x0, 0x0,

    /* U+0037 "7" */
    0x0, 0x13, 0x14, 0x14, 0x14, 0x14, 0x14, 0x14,
    0x14, 0x14, 0x14, 0xb, 0x1, 0xff, 0xff, 0xff,
    0xff, 0xff, 0xff, 0xff, 0xff, 0xff, 0xff, 0x98,
    0x8, 0xff, 0xff, 0xff, 0xff, 0xff, 0xff, 0xff,
    0xff, 0xff, 0xff, 0x98, 0x0, 0x0, 0x0, 0x0,
    0x0, 0x0, 0x0, 0x0, 0x14, 0xf0, 0xff, 0x63,
    0x0, 0x0, 0x0, 0x0, 0x0, 0x0, 0x0, 0x0,
    0x94, 0xff, 0xd4, 0x3, 0x0, 0x0, 0x0, 0x0,
    0x0, 0x0, 0x0, 0x28, 0xfb, 0xff, 0x49, 0x0,
    0x0, 0x0, 0x0, 0x0, 0x0, 0x0, 0x0, 0xb4,
    0xff, 0xbb, 0x0, 0x0, 0x0, 0x0, 0x0, 0x0,
    0x0, 0x0, 0x43, 0xff, 0xfd, 0x2f, 0x0, 0x0,
    0x0, 0x0, 0x0, 0x0, 0x0, 0x2, 0xd1, 0xff,
    0x9f, 0x0, 0x0, 0x0, 0x0, 0x0, 0x0, 0x0,
    0x0, 0x64, 0xff, 0xf5, 0x1b, 0x0, 0x0, 0x0,
    0x0, 0x0, 0x0, 0x0, 0xc, 0xe7, 0xff, 0x83,
    0x0, 0x0, 0x0, 0x0, 0x0, 0x0, 0x0, 0x0,
    0x84, 0xff, 0xe8, 0xc, 0x0, 0x0, 0x0, 0x0,
    0x0, 0x0, 0x0, 0x1d, 0xf6, 0xff, 0x67, 0x0,
    0x0, 0x0, 0x0, 0x0, 0x0, 0x0, 0x0, 0xa4,
    0xff, 0xd5, 0x3, 0x0, 0x0, 0x0, 0x0, 0x0,
    0x0, 0x0, 0x35, 0xfe, 0xff, 0x4b, 0x0, 0x0,
    0x0, 0x0, 0x0, 0x0, 0x0, 0x0, 0xc3, 0xff,
    0xbe, 0x0, 0x0, 0x0, 0x0, 0x0, 0x0, 0x0,
    0x0, 0x22, 0xe9, 0xfe, 0x31, 0x0, 0x0, 0x0,
    0x0, 0x0, 0x0, 0x0, 0x0, 0x0, 0xa, 0x4c,
    0x0, 0x0, 0x0, 0x0, 0x0, 0x0, 0x0, 0x0,

    /* U+0038 "8" */
    0x0, 0x0, 0x0, 0x29, 0xa3, 0xe6, 0xfa, 0xe8,
    0xa8, 0x2e, 0x0, 0x0, 0x0, 0x0, 0x0, 0x46,
    0xf6, 0xff, 0xff, 0xff, 0xff, 0xff, 0xf8, 0x50,
    0x0, 0x0, 0x0, 0xe, 0xeb, 0xff, 0xcc, 0x47,
    0x21, 0x43, 0xc6, 0xff, 0xf1, 0x15, 0x0, 0x0,
    0x58, 0xff, 0xf4, 0x13, 0x0, 0x0, 0x0, 0xe,
    0xed, 0xff, 0x66, 0x0, 0x0, 0x74, 0xff, 0xd0,
    0x0, 0x0, 0x0, 0x0, 0x0, 0xc4, 0xff, 0x84,
    0x0, 0x0, 0x4f, 0xff, 0xf2, 0xf, 0x0, 0x0,
    0x0, 0xb, 0xeb, 0xff, 0x5c, 0x0, 0x0, 0x3,
    0xd0, 0xff, 0xbe, 0x30, 0x9, 0x2c, 0xb7, 0xff,
    0xd6, 0x7, 0x0, 0x0, 0x0, 0x1b, 0xcc, 0xff,
    0xff, 0xff, 0xff, 0xff, 0xd1, 0x1f, 0x0, 0x0,
    0x0, 0x0, 0x37, 0xd8, 0xff, 0xff, 0xff, 0xff,
    0xff, 0xdf, 0x40, 0x0, 0x0, 0x0, 0x2c, 0xf2,
    0xff, 0xb2, 0x3a, 0x16, 0x36, 0xac, 0xff, 0xf7,
    0x36, 0x0, 0x0, 0xb3, 0xff, 0xb4, 0x0, 0x0,
    0x0, 0x0, 0x0, 0xa8, 0xff, 0xc0, 0x0, 0x1,
    0xf5, 0xff, 0x4f, 0x0, 0x0, 0x0, 0x0, 0x0,
    0x41, 0xff, 0xfc, 0x6, 0x3, 0xfd, 0xff, 0x54,
    0x0, 0x0, 0x0, 0x0, 0x0, 0x45, 0xff, 0xff,
    0xc, 0x0, 0xd1, 0xff, 0xb9, 0x1, 0x0, 0x0,
    0x0, 0x0, 0xac, 0xff, 0xdb, 0x0, 0x0, 0x5a,
    0xff, 0xff, 0xb8, 0x41, 0x1e, 0x3e, 0xb0, 0xff,
    0xff, 0x65, 0x0, 0x0, 0x0, 0x7f, 0xfe, 0xff,
    0xff, 0xff, 0xff, 0xff, 0xff, 0x8a, 0x0, 0x0,
    0x0, 0x0, 0x0, 0x3a, 0xaa, 0xe8, 0xfb, 0xea,
    0xaf, 0x41, 0x0, 0x0, 0x0,

    /* U+0039 "9" */
    0x0, 0x0, 0x0, 0x17, 0x90, 0xde, 0xf9, 0xe8,
    0xa8, 0x32, 0x0, 0x0, 0x0, 0x0, 0x0, 0x35,
    0xe9, 0xff, 0xff, 0xff, 0xff, 0xff, 0xfb, 0x66,
    0x0, 0x0, 0x0, 0x1c, 0xeb, 0xff, 0xd5, 0x51,
    0x24, 0x46, 0xc3, 0xff, 0xfd, 0x44, 0x0, 0x0,
    0x9b, 0xff, 0xdc, 0xb, 0x0, 0x0, 0x0, 0x2,
    0xb5, 0xff, 0xce, 0x0, 0x0, 0xeb, 0xff, 0x63,
    0x0, 0x0, 0x0, 0x0, 0x0, 0x31, 0xff, 0xff,
    0x19, 0x5, 0xff, 0xff, 0x3b, 0x0, 0x0, 0x0,
    0x0, 0x0, 0xa, 0xff, 0xff, 0x31, 0x0, 0xf2,
    0xff, 0x5e, 0x0, 0x0, 0x0, 0x0, 0x0, 0x2a,
    0xff, 0xff, 0x1a, 0x0, 0xab, 0xff, 0xd2, 0x5,
    0x0, 0x0, 0x0, 0x0, 0xa5, 0xff, 0xd9, 0x0,
    0x0, 0x2d, 0xf8, 0xff, 0xc4, 0x3a, 0xc, 0x2f,
    0xae, 0xff, 0xff, 0x73, 0x0, 0x0, 0x0, 0x56,
    0xf8, 0xff, 0xff, 0xff, 0xff, 0xff, 0xff, 0xe4,
    0xa, 0x0, 0x0, 0x0, 0x0, 0x29, 0xa2, 0xe0,
    0xe4, 0xb8, 0xfd, 0xff, 0x54, 0x0, 0x0, 0x0,
    0x0, 0x0, 0x0, 0x0, 0x0, 0x0, 0xa2, 0xff,
    0xa8, 0x0, 0x0, 0x0, 0x0, 0x0, 0x0, 0x0,
    0x0, 0x0, 0x5b, 0xff, 0xea, 0x14, 0x0, 0x0,
    0x0, 0x0, 0x0, 0x0, 0x0, 0x0, 0x23, 0xf2,
    0xff, 0x54, 0x0, 0x0, 0x0, 0x0, 0x0, 0x0,
    0x0, 0x0, 0x5, 0xca, 0xff, 0xa8, 0x0, 0x0,
    0x0, 0x0, 0x0, 0x0, 0x0, 0x0, 0x0, 0x8b,
    0xff, 0xea, 0x14, 0x0, 0x0, 0x0, 0x0, 0x0,
    0x0, 0x0, 0x0, 0x0, 0x57, 0xed, 0x54, 0x0,
    0x0, 0x0, 0x0, 0x0, 0x0, 0x0, 0x0, 0x0,
    0x0, 0x0, 0x11, 0x0, 0x0, 0x0, 0x0, 0x0,
    0x0, 0x0,

    /* U+003A ":" */
    0x57, 0xee, 0xc9, 0x12, 0xcb, 0xff, 0xff, 0x5f,
    0x81, 0xff, 0xf0, 0x24, 0x0, 0x26, 0x11, 0x0,
    0x0, 0x0, 0x0, 0x0, 0x0, 0x0, 0x0, 0x0,
    0x0, 0x0, 0x0, 0x0, 0x0, 0x0, 0x0, 0x0,
    0x0, 0x26, 0x11, 0x0, 0x81, 0xff, 0xf0, 0x25,
    0xcb, 0xff, 0xff, 0x5f, 0x57, 0xee, 0xc9, 0x12,

    /* U+003B ";" */
    0x57, 0xee, 0xc9, 0x12, 0xcb, 0xff, 0xff, 0x5f,
    0x81, 0xff, 0xf0, 0x24, 0x0, 0x26, 0x11, 0x0,
    0x0, 0x0, 0x0, 0x0, 0x0, 0x0, 0x0, 0x0,
    0x0, 0x0, 0x0, 0x0, 0x0, 0x0, 0x0, 0x0,
    0x32, 0xb6, 0x91, 0x5, 0xc4, 0xff, 0xff, 0x58,
    0xa2, 0xff, 0xff, 0x42, 0x8, 0xe0, 0xbf, 0x0,
    0x6c, 0xf3, 0x21, 0x0, 0x87, 0x64, 0x0, 0x0,

    /* U+003C "<" */
    0x0, 0x0, 0x0, 0x0, 0x0, 0x0, 0x0, 0x0,
    0x17, 0x52, 0x0, 0x0, 0x0, 0x0, 0x0, 0x0,
    0x22, 0x97, 0xf7, 0xb4, 0x0, 0x0, 0x0, 0x0,
    0x2f, 0xa7, 0xfc, 0xff, 0xe4, 0x5f, 0x0, 0x0,
    0x3e, 0xb6, 0xff, 0xff, 0xce, 0x5c, 0x5, 0x0,
    0x40, 0xc6, 0xff, 0xfe, 0xb4, 0x41, 0x0, 0x0,
    0x0, 0x0, 0xa8, 0xff, 0xe8, 0x34, 0x0, 0x0,
    0x0, 0x0, 0x0, 0x0, 0x58, 0xe4, 0xff, 0xf0,
    0x8b, 0x1d, 0x0, 0x0, 0x0, 0x0, 0x0, 0x6,
    0x63, 0xd8, 0xff, 0xfb, 0xa6, 0x33, 0x0, 0x0,
    0x0, 0x0, 0x0, 0x2, 0x54, 0xcb, 0xff, 0xff,
    0xc1, 0x43, 0x0, 0x0, 0x0, 0x0, 0x0, 0x0,
    0x44, 0xbc, 0xff, 0xb4, 0x0, 0x0, 0x0, 0x0,
    0x0, 0x0, 0x0, 0x0, 0x34, 0x6c,

    /* U+003D "=" */
    0xa8, 0xff, 0xff, 0xff, 0xff, 0xff, 0xff, 0xff,
    0xff, 0xff, 0xff, 0x24, 0x85, 0xcc, 0xcc, 0xcc,
    0xcc, 0xcc, 0xcc, 0xcc, 0xcc, 0xcc, 0xcc, 0x1c,
    0x0, 0x0, 0x0, 0x0, 0x0, 0x0, 0x0, 0x0,
    0x0, 0x0, 0x0, 0x0, 0x0, 0x0, 0x0, 0x0,
    0x0, 0x0, 0x0, 0x0, 0x0, 0x0, 0x0, 0x0,
    0x88, 0xd0, 0xd0, 0xd0, 0xd0, 0xd0, 0xd0, 0xd0,
    0xd0, 0xd0, 0xd0, 0x1d, 0xa8, 0xff, 0xff, 0xff,
    0xff, 0xff, 0xff, 0xff, 0xff, 0xff, 0xff, 0x24,

    /* U+003E ">" */
    0x46, 0x23, 0x0, 0x0, 0x0, 0x0, 0x0, 0x0,
    0x0, 0x0, 0x90, 0xfc, 0xa8, 0x30, 0x0, 0x0,
    0x0, 0x0, 0x0, 0x0, 0x48, 0xd8, 0xff, 0xff,
    0xb8, 0x3f, 0x0, 0x0, 0x0, 0x0, 0x0, 0x1,
    0x4c, 0xbf, 0xff, 0xff, 0xc7, 0x4f, 0x1, 0x0,
    0x0, 0x0, 0x0, 0x0, 0x31, 0xa3, 0xfa, 0xff,
    0xd5, 0x55, 0x0, 0x0, 0x0, 0x0, 0x0, 0x0,
    0x21, 0xd7, 0xff, 0xcc, 0x0, 0x0, 0x0, 0x0,
    0x12, 0x7a, 0xe6, 0xff, 0xee, 0x72, 0x0, 0x0,
    0x25, 0x96, 0xf5, 0xff, 0xe5, 0x74, 0xc, 0x0,
    0x31, 0xb1, 0xfd, 0xff, 0xd9, 0x64, 0x6, 0x0,
    0x0, 0x0, 0x90, 0xff, 0xcc, 0x55, 0x2, 0x0,
    0x0, 0x0, 0x0, 0x0, 0x5b, 0x45, 0x0, 0x0,
    0x0, 0x0, 0x0, 0x0, 0x0, 0x0,

    /* U+003F "?" */
    0x0, 0x0, 0x8, 0x6f, 0xcf, 0xf4, 0xf0, 0xbc,
    0x4e, 0x0, 0x0, 0x0, 0xd, 0xc4, 0xff, 0xff,
    0xff, 0xff, 0xff, 0xff, 0x87, 0x0, 0x0, 0xa0,
    0xff, 0xf0, 0x60, 0x1f, 0x30, 0xa2, 0xff, 0xff,
    0x3f, 0x5, 0xb0, 0xfc, 0x4e, 0x0, 0x0, 0x0,
    0x1, 0xcc, 0xff, 0x94, 0x0, 0x0, 0x1a, 0x0,
    0x0, 0x0, 0x0, 0x0, 0x9e, 0xff, 0xa6, 0x0,
    0x0, 0x0, 0x0, 0x0, 0x0, 0x0, 0x7, 0xdc,
    0xff, 0x75, 0x0, 0x0, 0x0, 0x0, 0x0, 0x0,
    0x5, 0xac, 0xff, 0xe0, 0x10, 0x0, 0x0, 0x0,
    0x0, 0x0, 0x7, 0xb5, 0xff, 0xea, 0x2e, 0x0,
    0x0, 0x0, 0x0, 0x0, 0x0, 0xa9, 0xff, 0xe9,
    0x2b, 0x0, 0x0, 0x0, 0x0, 0x0, 0x0, 0x32,
    0xff, 0xff, 0x44, 0x0, 0x0, 0x0, 0x0, 0x0,
    0x0, 0x0, 0x5e, 0xff, 0xe6, 0x0, 0x0, 0x0,
    0x0, 0x0, 0x0, 0x0, 0x0, 0x44, 0xb0, 0x97,
    0x0, 0x0, 0x0, 0x0, 0x0, 0x0, 0x0, 0x0,
    0x0, 0x0, 0x0, 0x0, 0x0, 0x0, 0x0, 0x0,
    0x0, 0x0, 0x0, 0x0, 0x28, 0xf, 0x0, 0x0,
    0x0, 0x0, 0x0, 0x0, 0x0, 0x0, 0x8d, 0xff,
    0xec, 0x1d, 0x0, 0x0, 0x0, 0x0, 0x0, 0x0,
    0x0, 0xd7, 0xff, 0xff, 0x53, 0x0, 0x0, 0x0,
    0x0, 0x0, 0x0, 0x0, 0x60, 0xf0, 0xc3, 0xd,
    0x0, 0x0, 0x0,

    /* U+0040 "@" */
    0x0, 0x0, 0x0, 0x0, 0x0, 0x1, 0x39, 0x7e,
    0xa7, 0xb3, 0xa5, 0x7c, 0x35, 0x0, 0x0, 0x0,
    0x0, 0x0, 0x0, 0x0, 0x0, 0x0, 0x0, 0x4d,
    0xd3, 0xff, 0xff, 0xff, 0xff, 0xff, 0xff, 0xff,
    0xcc, 0x3a, 0x0, 0x0, 0x0, 0x0, 0x0, 0x0,
    0x4, 0x99, 0xff, 0xfa, 0x9b, 0x45, 0x17, 0x6,
    0x18, 0x4a, 0xa0, 0xfc, 0xfb, 0x74, 0x1, 0x0,
    0x0, 0x0, 0x0, 0x98, 0xff, 0xd5, 0x27, 0x0,
    0x0, 0x0, 0x0, 0x0, 0x0, 0x0, 0x2d, 0xda,
    0xff, 0x78, 0x0, 0x0, 0x0, 0x5d, 0xff, 0xd3,
    0xf, 0x0, 0x0, 0x0, 0x0, 0x0, 0x0, 0x0,
    0x0, 0x0, 0x12, 0xd9, 0xfc, 0x3e, 0x0, 0xd,
    0xee, 0xf7, 0x22, 0x0, 0x0, 0x36, 0xb6, 0xf2,
    0xf4, 0xbb, 0x38, 0xcc, 0xec, 0x0, 0x2a, 0xfb,
    0xd3, 0x1, 0x66, 0xff, 0x8d, 0x0, 0x0, 0x4d,
    0xf9, 0xff, 0xf1, 0xda, 0xfc, 0xf9, 0xf1, 0xec,
    0x0, 0x0, 0x99, 0xff, 0x41, 0xaf, 0xff, 0x32,
    0x0, 0xf, 0xee, 0xff, 0x78, 0x2, 0x0, 0x1d,
    0xc6, 0xff, 0xec, 0x0, 0x0, 0x41, 0xff, 0x8a,
    0xdb, 0xf9, 0x1, 0x0, 0x5d, 0xff, 0xb3, 0x0,
    0x0, 0x0, 0x0, 0x1d, 0xfd, 0xec, 0x0, 0x0,
    0xd, 0xff, 0xb5, 0xec, 0xe5, 0x0, 0x0, 0x81,
    0xff, 0x72, 0x0, 0x0, 0x0, 0x0, 0x0, 0xdb,
    0xec, 0x0, 0x0, 0x0, 0xf9, 0xc2, 0xe1, 0xf3,
    0x0, 0x0, 0x77, 0xff, 0x85, 0x0, 0x0, 0x0,
    0x0, 0x0, 0xed, 0xec, 0x0, 0x0, 0x6, 0xff,
    0xaa, 0xbc, 0xff, 0x1c, 0x0, 0x3a, 0xff, 0xe4,
    0x10, 0x0, 0x0, 0x0, 0x5c, 0xff, 0xf7, 0x0,
    0x0, 0x31, 0xff, 0x86, 0x79, 0xff, 0x6b, 0x0,
    0x0, 0xb7, 0xff, 0xdd, 0x6b, 0x52, 0x91, 0xfb,
    0xf9, 0xff, 0x61, 0x12, 0xae, 0xfd, 0x23, 0x1f,
    0xfb, 0xe1, 0x7, 0x0, 0x10, 0xbb, 0xff, 0xff,
    0xff, 0xff, 0xc6, 0x2d, 0xe6, 0xff, 0xff, 0xff,
    0x83, 0x0, 0x0, 0x93, 0xff, 0x9e, 0x0, 0x0,
    0x0, 0x3e, 0x7a, 0x7e, 0x4c, 0x3, 0x0, 0x15,
    0x6e, 0x7e, 0x3e, 0x0, 0x0, 0x0, 0x7, 0xcc,
    0xff, 0x93, 0x3, 0x0, 0x0, 0x0, 0x0, 0x0,
    0x0, 0x0, 0x0, 0x0, 0x0, 0x0, 0x0, 0x0,
    0x0, 0x0, 0x1d, 0xcf, 0xff, 0xcd, 0x4c, 0x5,
    0x0, 0x0, 0x0, 0x12, 0x36, 0x0, 0x0, 0x0,
    0x0, 0x0, 0x0, 0x0, 0x0, 0x0, 0x8, 0x97,
    0xfd, 0xff, 0xf1, 0xc9, 0xba, 0xd1, 0xf9, 0xe0,
    0x2, 0x0, 0x0, 0x0, 0x0, 0x0, 0x0, 0x0,
    0x0, 0x0, 0x0, 0x27, 0x87, 0xca, 0xf0, 0xfa,
    0xe6, 0xc3, 0x78, 0xa, 0x0, 0x0, 0x0, 0x0,
    0x0,

    /* U+0041 "A" */
    0x0, 0x0, 0x0, 0x0, 0x0, 0x0, 0x6d, 0xff,
    0xff, 0x74, 0x0, 0x0, 0x0, 0x0, 0x0, 0x0,
    0x0, 0x0, 0x0, 0x0, 0x0, 0x0, 0xcf, 0xff,
    0xff, 0xd5, 0x0, 0x0, 0x0, 0x0, 0x0, 0x0,
    0x0, 0x0, 0x0, 0x0, 0x0, 0x30, 0xff, 0xe6,
    0xe1, 0xff, 0x37, 0x0, 0x0, 0x0, 0x0, 0x0,
    0x0, 0x0, 0x0, 0x0, 0x0, 0x92, 0xff, 0x8b,
    0x84, 0xff, 0x99, 0x0, 0x0, 0x0, 0x0, 0x0,
    0x0, 0x0, 0x0, 0x0, 0x6, 0xec, 0xff, 0x2d,
    0x26, 0xff, 0xf1, 0x9, 0x0, 0x0, 0x0, 0x0,
    0x0, 0x0, 0x0, 0x0, 0x55, 0xff, 0xcf, 0x0,
    0x0, 0xc8, 0xff, 0x5c, 0x0, 0x0, 0x0, 0x0,
    0x0, 0x0, 0x0, 0x0, 0xb7, 0xff, 0x71, 0x0,
    0x0, 0x6a, 0xff, 0xbe, 0x0, 0x0, 0x0, 0x0,
    0x0, 0x0, 0x0, 0x1b, 0xfc, 0xfb, 0x17, 0x0,
    0x0, 0x12, 0xf9, 0xfe, 0x21, 0x0, 0x0, 0x0,
    0x0, 0x0, 0x0, 0x7a, 0xff, 0xb5, 0x0, 0x0,
    0x0, 0x0, 0xae, 0xff, 0x81, 0x0, 0x0, 0x0,
    0x0, 0x0, 0x0, 0xda, 0xff, 0x57, 0x0, 0x0,
    0x0, 0x0, 0x4f, 0xff, 0xe1, 0x2, 0x0, 0x0,
    0x0, 0x0, 0x3e, 0xff, 0xff, 0xff, 0xff, 0xff,
    0xff, 0xff, 0xff, 0xff, 0xff, 0x45, 0x0, 0x0,
    0x0, 0x0, 0x9f, 0xff, 0xff, 0xff, 0xff, 0xff,
    0xff, 0xff, 0xff, 0xff, 0xff, 0xa6, 0x0, 0x0,
    0x0, 0xc, 0xf4, 0xff, 0x47, 0x8, 0x8, 0x8,
    0x8, 0x8, 0x8, 0x39, 0xff, 0xf7, 0x10, 0x0,
    0x0, 0x63, 0xff, 0xe8, 0x3, 0x0, 0x0, 0x0,
    0x0, 0x0, 0x0, 0x0, 0xde, 0xff, 0x6a, 0x0,
    0x0, 0xc4, 0xff, 0x94, 0x0, 0x0, 0x0, 0x0,
    0x0, 0x0, 0x0, 0x0, 0x8a, 0xff, 0xcb, 0x0,
    0x26, 0xff, 0xff, 0x3d, 0x0, 0x0, 0x0, 0x0,
    0x0, 0x0, 0x0, 0x0, 0x34, 0xff, 0xff, 0x2d,
    0x87, 0xff, 0xe5, 0x1, 0x0, 0x0, 0x0, 0x0,
    0x0, 0x0, 0x0, 0x0, 0x0, 0xde, 0xff, 0x8f,

    /* U+0042 "B" */
    0x44, 0xff, 0xff, 0xff, 0xff, 0xff, 0xff, 0xf3,
    0xc3, 0x59, 0x0, 0x0, 0x0, 0x44, 0xff, 0xff,
    0xff, 0xff, 0xff, 0xff, 0xff, 0xff, 0xff, 0xa2,
    0x2, 0x0, 0x44, 0xff, 0xf1, 0x18, 0x18, 0x18,
    0x18, 0x2c, 0x8c, 0xff, 0xff, 0x67, 0x0, 0x44,
    0xff, 0xf0, 0x0, 0x0, 0x0, 0x0, 0x0, 0x0,
    0x9e, 0xff, 0xc6, 0x0, 0x44, 0xff, 0xf0, 0x0,
    0x0, 0x0, 0x0, 0x0, 0x0, 0x5a, 0xff, 0xdf,
    0x0, 0x44, 0xff, 0xf0, 0x0, 0x0, 0x0, 0x0,
    0x0, 0x0, 0x96, 0xff, 0xbd, 0x0, 0x44, 0xff,
    0xf0, 0x0, 0x0, 0x0, 0x0, 0x17, 0x7b, 0xfe,
    0xfd, 0x4a, 0x0, 0x44, 0xff, 0xff, 0xff, 0xff,
    0xff, 0xff, 0xff, 0xff, 0xe5, 0x51, 0x0, 0x0,
    0x44, 0xff, 0xff, 0xff, 0xff, 0xff, 0xff, 0xff,
    0xff, 0xf7, 0x8a, 0x4, 0x0, 0x44, 0xff, 0xf0,
    0xc, 0xc, 0xc, 0xc, 0x18, 0x5b, 0xea, 0xff,
    0x9d, 0x0, 0x44, 0xff, 0xf0, 0x0, 0x0, 0x0,
    0x0, 0x0, 0x0, 0x3b, 0xfe, 0xfe, 0x2d, 0x44,
    0xff, 0xf0, 0x0, 0x0, 0x0, 0x0, 0x0, 0x0,
    0x0, 0xda, 0xff, 0x68, 0x44, 0xff, 0xf0, 0x0,
    0x0, 0x0, 0x0, 0x0, 0x0, 0x0, 0xde, 0xff,
    0x6f, 0x44, 0xff, 0xf0, 0x0, 0x0, 0x0, 0x0,
    0x0, 0x0, 0x3e, 0xff, 0xff, 0x3e, 0x44, 0xff,
    0xf1, 0x18, 0x18, 0x18, 0x18, 0x21, 0x61, 0xec,
    0xff, 0xcb, 0x1, 0x44, 0xff, 0xff, 0xff, 0xff,
    0xff, 0xff, 0xff, 0xff, 0xff, 0xdd, 0x1f, 0x0,
    0x44, 0xff, 0xff, 0xff, 0xff, 0xff, 0xff, 0xfa,
    0xdb, 0x87, 0x10, 0x0, 0x0,

    /* U+0043 "C" */
    0x0, 0x0, 0x0, 0x0, 0x0, 0xd, 0x6e, 0xb6,
    0xe3, 0xf8, 0xef, 0xd4, 0x92, 0x35, 0x0, 0x0,
    0x0, 0x0, 0x0, 0x0, 0x0, 0x62, 0xed, 0xff,
    0xff, 0xff, 0xff, 0xff, 0xff, 0xff, 0xff, 0xa3,
    0xc, 0x0, 0x0, 0x0, 0x0, 0x8f, 0xff, 0xff,
    0xdb, 0x73, 0x34, 0x1b, 0x25, 0x4f, 0xaa, 0xff,
    0xff, 0xc6, 0x3, 0x0, 0x0, 0x75, 0xff, 0xff,
    0x86, 0x3, 0x0, 0x0, 0x0, 0x0, 0x0, 0x0,
    0x42, 0xe8, 0x51, 0x0, 0x0, 0x20, 0xf8, 0xff,
    0x81, 0x0, 0x0, 0x0, 0x0, 0x0, 0x0, 0x0,
    0x0, 0x0, 0x8, 0x0, 0x0, 0x0, 0x91, 0xff,
    0xd5, 0x3, 0x0, 0x0, 0x0, 0x0, 0x0, 0x0,
    0x0, 0x0, 0x0, 0x0, 0x0, 0x0, 0x0, 0xde,
    0xff, 0x72, 0x0, 0x0, 0x0, 0x0, 0x0, 0x0,
    0x0, 0x0, 0x0, 0x0, 0x0, 0x0, 0x0, 0x6,
    0xff, 0xff, 0x3a, 0x0, 0x0, 0x0, 0x0, 0x0,
    0x0, 0x0, 0x0, 0x0, 0x0, 0x0, 0x0, 0x0,
    0x16, 0xff, 0xff, 0x29, 0x0, 0x0, 0x0, 0x0,
    0x0, 0x0, 0x0, 0x0, 0x0, 0x0, 0x0, 0x0,
    0x0, 0x6, 0xff, 0xff, 0x3a, 0x0, 0x0, 0x0,
    0x0, 0x0, 0x0, 0x0, 0x0, 0x0, 0x0, 0x0,
    0x0, 0x0, 0x0, 0xde, 0xff, 0x72, 0x0, 0x0,
    0x0, 0x0, 0x0, 0x0, 0x0, 0x0, 0x0, 0x0,
    0x0, 0x0, 0x0, 0x0, 0x92, 0xff, 0xd5, 0x3,
    0x0, 0x0, 0x0, 0x0, 0x0, 0x0, 0x0, 0x0,
    0x0, 0x0, 0x0, 0x0, 0x0, 0x22, 0xf9, 0xff,
    0x81, 0x0, 0x0, 0x0, 0x0, 0x0, 0x0, 0x0,
    0x0, 0x0, 0x17, 0x1d, 0x0, 0x0, 0x0, 0x7a,
    0xff, 0xff, 0x85, 0x3, 0x0, 0x0, 0x0, 0x0,
    0x0, 0x0, 0x32, 0xde, 0xe2, 0x28, 0x0, 0x0,
    0x0, 0x97, 0xff, 0xff, 0xda, 0x72, 0x33, 0x1a,
    0x25, 0x4e, 0xa5, 0xfd, 0xff, 0xeb, 0x33, 0x0,
    0x0, 0x0, 0x0, 0x67, 0xee, 0xff, 0xff, 0xff,
    0xff, 0xff, 0xff, 0xff, 0xff, 0xbb, 0x24, 0x0,
    0x0, 0x0, 0x0, 0x0, 0x0, 0xf, 0x6f, 0xb8,
    0xe5, 0xf9, 0xef, 0xd5, 0x97, 0x41, 0x0, 0x0,
    0x0,

    /* U+0044 "D" */
    0x44, 0xff, 0xff, 0xff, 0xff, 0xff, 0xf5, 0xe0,
    0xae, 0x64, 0x8, 0x0, 0x0, 0x0, 0x0, 0x44,
    0xff, 0xff, 0xff, 0xff, 0xff, 0xff, 0xff, 0xff,
    0xff, 0xe5, 0x4b, 0x0, 0x0, 0x0, 0x44, 0xff,
    0xf1, 0x18, 0x18, 0x18, 0x23, 0x3e, 0x7e, 0xe5,
    0xff, 0xfd, 0x68, 0x0, 0x0, 0x44, 0xff, 0xf0,
    0x0, 0x0, 0x0, 0x0, 0x0, 0x0, 0x9, 0xa5,
    0xff, 0xfb, 0x3e, 0x0, 0x44, 0xff, 0xf0, 0x0,
    0x0, 0x0, 0x0, 0x0, 0x0, 0x0, 0x2, 0xba,
    0xff, 0xcd, 0x1, 0x44, 0xff, 0xf0, 0x0, 0x0,
    0x0, 0x0, 0x0, 0x0, 0x0, 0x0, 0x2a, 0xfe,
    0xff, 0x39, 0x44, 0xff, 0xf0, 0x0, 0x0, 0x0,
    0x0, 0x0, 0x0, 0x0, 0x0, 0x0, 0xd2, 0xff,
    0x7c, 0x44, 0xff, 0xf0, 0x0, 0x0, 0x0, 0x0,
    0x0, 0x0, 0x0, 0x0, 0x0, 0xa3, 0xff, 0x9e,
    0x44, 0xff, 0xf0, 0x0, 0x0, 0x0, 0x0, 0x0,
    0x0, 0x0, 0x0, 0x0, 0x95, 0xff, 0xae, 0x44,
    0xff, 0xf0, 0x0, 0x0, 0x0, 0x0, 0x0, 0x0,
    0x0, 0x0, 0x0, 0xa4, 0xff, 0x9e, 0x44, 0xff,
    0xf0, 0x0, 0x0, 0x0, 0x0, 0x0, 0x0, 0x0,
    0x0, 0x0, 0xd2, 0xff, 0x7d, 0x44, 0xff, 0xf0,
    0x0, 0x0, 0x0, 0x0, 0x0, 0x0, 0x0, 0x0,
    0x29, 0xfe, 0xff, 0x3a, 0x44, 0xff, 0xf0, 0x0,
    0x0, 0x0, 0x0, 0x0, 0x0, 0x0, 0x2, 0xb7,
    0xff, 0xd1, 0x1, 0x44, 0xff, 0xf0, 0x0, 0x0,
    0x0, 0x0, 0x0, 0x0, 0x8, 0xa1, 0xff, 0xfd,
    0x44, 0x0, 0x44, 0xff, 0xf1, 0x18, 0x18, 0x18,
    0x21, 0x3c, 0x7c, 0xe4, 0xff, 0xfe, 0x6f, 0x0,
    0x0, 0x44, 0xff, 0xff, 0xff, 0xff, 0xff, 0xff,
    0xff, 0xff, 0xff, 0xe8, 0x50, 0x0, 0x0, 0x0,
    0x44, 0xff, 0xff, 0xff, 0xff, 0xff, 0xf6, 0xe1,
    0xb0, 0x67, 0x9, 0x0, 0x0, 0x0, 0x0,

    /* U+0045 "E" */
    0x44, 0xff, 0xff, 0xff, 0xff, 0xff, 0xff, 0xff,
    0xff, 0xff, 0xc4, 0x44, 0xff, 0xff, 0xff, 0xff,
    0xff, 0xff, 0xff, 0xff, 0xff, 0xc4, 0x44, 0xff,
    0xf1, 0x18, 0x18, 0x18, 0x18, 0x18, 0x18, 0x18,
    0x12, 0x44, 0xff, 0xf0, 0x0, 0x0, 0x0, 0x0,
    0x0, 0x0, 0x0, 0x0, 0x44, 0xff, 0xf0, 0x0,
    0x0, 0x0, 0x0, 0x0, 0x0, 0x0, 0x0, 0x44,
    0xff, 0xf0, 0x0, 0x0, 0x0, 0x0, 0x0, 0x0,
    0x0, 0x0, 0x44, 0xff, 0xf0, 0x0, 0x0, 0x0,
    0x0, 0x0, 0x0, 0x0, 0x0, 0x44, 0xff, 0xf0,
    0xc, 0xc, 0xc, 0xc, 0xc, 0xc, 0xb, 0x0,
    0x44, 0xff, 0xff, 0xff, 0xff, 0xff, 0xff, 0xff,
    0xff, 0xfc, 0x0, 0x44, 0xff, 0xff, 0xff, 0xff,
    0xff, 0xff, 0xff, 0xff, 0xfc, 0x0, 0x44, 0xff,
    0xf0, 0x0, 0x0, 0x0, 0x0, 0x0, 0x0, 0x0,
    0x0, 0x44, 0xff, 0xf0, 0x0, 0x0, 0x0, 0x0,
    0x0, 0x0, 0x0, 0x0, 0x44, 0xff, 0xf0, 0x0,
    0x0, 0x0, 0x0, 0x0, 0x0, 0x0, 0x0, 0x44,
    0xff, 0xf0, 0x0, 0x0, 0x0, 0x0, 0x0, 0x0,
    0x0, 0x0, 0x44, 0xff, 0xf1, 0x18, 0x18, 0x18,
    0x18, 0x18, 0x18, 0x18, 0x12, 0x44, 0xff, 0xff,
    0xff, 0xff, 0xff, 0xff, 0xff, 0xff, 0xff, 0xc4,
    0x44, 0xff, 0xff, 0xff, 0xff, 0xff, 0xff, 0xff,
    0xff, 0xff, 0xc4,

    /* U+0046 "F" */
    0x44, 0xff, 0xff, 0xff, 0xff, 0xff, 0xff, 0xff,
    0xff, 0xff, 0xc4, 0x44, 0xff, 0xff, 0xff, 0xff,
    0xff, 0xff, 0xff, 0xff, 0xff, 0xc4, 0x44, 0xff,
    0xf1, 0x18, 0x18, 0x18, 0x18, 0x18, 0x18, 0x18,
    0x12, 0x44, 0xff, 0xf0, 0x0, 0x0, 0x0, 0x0,
    0x0, 0x0, 0x0, 0x0, 0x44, 0xff, 0xf0, 0x0,
    0x0, 0x0, 0x0, 0x0, 0x0, 0x0, 0x0, 0x44,
    0xff, 0xf0, 0x0, 0x0, 0x0, 0x0, 0x0, 0x0,
    0x0, 0x0, 0x44, 0xff, 0xf0, 0x0, 0x0, 0x0,
    0x0, 0x0, 0x0, 0x0, 0x0, 0x44, 0xff, 0xf0,
    0xc, 0xc, 0xc, 0xc, 0xc, 0xc, 0xb, 0x0,
    0x44, 0xff, 0xff, 0xff, 0xff, 0xff, 0xff, 0xff,
    0xff, 0xfc, 0x0, 0x44, 0xff, 0xff, 0xff, 0xff,
    0xff, 0xff, 0xff, 0xff, 0xfc, 0x0, 0x44, 0xff,
    0xf0, 0x0, 0x0, 0x0, 0x0, 0x0, 0x0, 0x0,
    0x0, 0x44, 0xff, 0xf0, 0x0, 0x0, 0x0, 0x0,
    0x0, 0x0, 0x0, 0x0, 0x44, 0xff, 0xf0, 0x0,
    0x0, 0x0, 0x0, 0x0, 0x0, 0x0, 0x0, 0x44,
    0xff, 0xf0, 0x0, 0x0, 0x0, 0x0, 0x0, 0x0,
    0x0, 0x0, 0x44, 0xff, 0xf0, 0x0, 0x0, 0x0,
    0x0, 0x0, 0x0, 0x0, 0x0, 0x44, 0xff, 0xf0,
    0x0, 0x0, 0x0, 0x0, 0x0, 0x0, 0x0, 0x0,
    0x44, 0xff, 0xf0, 0x0, 0x0, 0x0, 0x0, 0x0,
    0x0, 0x0, 0x0,

    /* U+0047 "G" */
    0x0, 0x0, 0x0, 0x0, 0x0, 0xa, 0x68, 0xb3,
    0xe2, 0xf7, 0xf0, 0xd6, 0x98, 0x44, 0x0, 0x0,
    0x0, 0x0, 0x0, 0x0, 0x0, 0x0, 0x0, 0x57,
    0xe8, 0xff, 0xff, 0xff, 0xff, 0xff, 0xff, 0xff,
    0xff, 0xc5, 0x23, 0x0, 0x0, 0x0, 0x0, 0x0,
    0x0, 0x84, 0xff, 0xff, 0xdf, 0x76, 0x35, 0x1b,
    0x25, 0x4c, 0x9e, 0xfa, 0xff, 0xda, 0x5, 0x0,
    0x0, 0x0, 0x0, 0x6b, 0xff, 0xff, 0x8d, 0x5,
    0x0, 0x0, 0x0, 0x0, 0x0, 0x0, 0x28, 0xc5,
    0x2e, 0x0, 0x0, 0x0, 0x0, 0x1c, 0xf6, 0xff,
    0x8b, 0x0, 0x0, 0x0, 0x0, 0x0, 0x0, 0x0,
    0x0, 0x0, 0x0, 0x0, 0x0, 0x0, 0x0, 0x0,
    0x8d, 0xff, 0xdb, 0x5, 0x0, 0x0, 0x0, 0x0,
    0x0, 0x0, 0x0, 0x0, 0x0, 0x0, 0x0, 0x0,
    0x0, 0x0, 0x0, 0xdb, 0xff, 0x76, 0x0, 0x0,
    0x0, 0x0, 0x0, 0x0, 0x0, 0x0, 0x0, 0x0,
    0x0, 0x0, 0x0, 0x0, 0x0, 0x5, 0xfe, 0xff,
    0x3b, 0x0, 0x0, 0x0, 0x0, 0x0, 0x1, 0x8,
    0x8, 0x8, 0x8, 0x8, 0x8, 0x8, 0x8, 0x1,
    0x16, 0xff, 0xff, 0x29, 0x0, 0x0, 0x0, 0x0,
    0x0, 0x30, 0xff, 0xff, 0xff, 0xff, 0xff, 0xff,
    0xff, 0xff, 0x31, 0x5, 0xfe, 0xff, 0x3b, 0x0,
    0x0, 0x0, 0x0, 0x0, 0x30, 0xff, 0xff, 0xff,
    0xff, 0xff, 0xff, 0xff, 0xff, 0x3c, 0x0, 0xdc,
    0xff, 0x75, 0x0, 0x0, 0x0, 0x0, 0x0, 0x0,
    0x0, 0x0, 0x0, 0x0, 0x0, 0xc, 0xfd, 0xff,
    0x26, 0x0, 0x8d, 0xff, 0xdb, 0x5, 0x0, 0x0,
    0x0, 0x0, 0x0, 0x0, 0x0, 0x0, 0x0, 0x0,
    0x55, 0xff, 0xec, 0x2, 0x0, 0x1c, 0xf6, 0xff,
    0x8a, 0x0, 0x0, 0x0, 0x0, 0x0, 0x0, 0x0,
    0x0, 0x0, 0x9, 0xd6, 0xff, 0x94, 0x0, 0x0,
    0x0, 0x6c, 0xff, 0xff, 0x8d, 0x5, 0x0, 0x0,
    0x0, 0x0, 0x0, 0x0, 0x15, 0xbe, 0xff, 0xeb,
    0x18, 0x0, 0x0, 0x0, 0x0, 0x84, 0xff, 0xff,
    0xdf, 0x75, 0x35, 0x1b, 0x1f, 0x42, 0x8a, 0xee,
    0xff, 0xf1, 0x3a, 0x0, 0x0, 0x0, 0x0, 0x0,
    0x0, 0x58, 0xe8, 0xff, 0xff, 0xff, 0xff, 0xff,
    0xff, 0xff, 0xff, 0xce, 0x28, 0x0, 0x0, 0x0,
    0x0, 0x0, 0x0, 0x0, 0x0, 0xa, 0x69, 0xb4,
    0xe3, 0xf8, 0xf2, 0xdb, 0xa1, 0x4f, 0x1, 0x0,
    0x0, 0x0, 0x0,

    /* U+0048 "H" */
    0x44, 0xff, 0xf0, 0x0, 0x0, 0x0, 0x0, 0x0,
    0x0, 0x0, 0x0, 0x78, 0xff, 0xbc, 0x44, 0xff,
    0xf0, 0x0, 0x0, 0x0, 0x0, 0x0, 0x0, 0x0,
    0x0, 0x78, 0xff, 0xbc, 0x44, 0xff, 0xf0, 0x0,
    0x0, 0x0, 0x0, 0x0, 0x0, 0x0, 0x0, 0x78,
    0xff, 0xbc, 0x44, 0xff, 0xf0, 0x0, 0x0, 0x0,
    0x0, 0x0, 0x0, 0x0, 0x0, 0x78, 0xff, 0xbc,
    0x44, 0xff, 0xf0, 0x0, 0x0, 0x0, 0x0, 0x0,
    0x0, 0x0, 0x0, 0x78, 0xff, 0xbc, 0x44, 0xff,
    0xf0, 0x0, 0x0, 0x0, 0x0, 0x0, 0x0, 0x0,
    0x0, 0x78, 0xff, 0xbc, 0x44, 0xff, 0xf0, 0x0,
    0x0, 0x0, 0x0, 0x0, 0x0, 0x0, 0x0, 0x78,
    0xff, 0xbc, 0x44, 0xff, 0xff, 0xff, 0xff, 0xff,
    0xff, 0xff, 0xff, 0xff, 0xff, 0xff, 0xff, 0xbc,
    0x44, 0xff, 0xff, 0xff, 0xff, 0xff, 0xff, 0xff,
    0xff, 0xff, 0xff, 0xff, 0xff, 0xbc, 0x44, 0xff,
    0xf0, 0xc, 0xc, 0xc, 0xc, 0xc, 0xc, 0xc,
    0xc, 0x7e, 0xff, 0xbc, 0x44, 0xff, 0xf0, 0x0,
    0x0, 0x0, 0x0, 0x0, 0x0, 0x0, 0x0, 0x78,
    0xff, 0xbc, 0x44, 0xff, 0xf0, 0x0, 0x0, 0x0,
    0x0, 0x0, 0x0, 0x0, 0x0, 0x78, 0xff, 0xbc,
    0x44, 0xff, 0xf0, 0x0, 0x0, 0x0, 0x0, 0x0,
    0x0, 0x0, 0x0, 0x78, 0xff, 0xbc, 0x44, 0xff,
    0xf0, 0x0, 0x0, 0x0, 0x0, 0x0, 0x0, 0x0,
    0x0, 0x78, 0xff, 0xbc, 0x44, 0xff, 0xf0, 0x0,
    0x0, 0x0, 0x0, 0x0, 0x0, 0x0, 0x0, 0x78,
    0xff, 0xbc, 0x44, 0xff, 0xf0, 0x0, 0x0, 0x0,
    0x0, 0x0, 0x0, 0x0, 0x0, 0x78, 0xff, 0xbc,
    0x44, 0xff, 0xf0, 0x0, 0x0, 0x0, 0x0, 0x0,
    0x0, 0x0, 0x0, 0x78, 0xff, 0xbc,

    /* U+0049 "I" */
    0x44, 0xff, 0xf0, 0x44, 0xff, 0xf0, 0x44, 0xff,
    0xf0, 0x44, 0xff, 0xf0, 0x44, 0xff, 0xf0, 0x44,
    0xff, 0xf0, 0x44, 0xff, 0xf0, 0x44, 0xff, 0xf0,
    0x44, 0xff, 0xf0, 0x44, 0xff, 0xf0, 0x44, 0xff,
    0xf0, 0x44, 0xff, 0xf0, 0x44, 0xff, 0xf0, 0x44,
    0xff, 0xf0, 0x44, 0xff, 0xf0, 0x44, 0xff, 0xf0,
    0x44, 0xff, 0xf0,

    /* U+004A "J" */
    0x0, 0x0, 0x0, 0x0, 0x0, 0x0, 0x0, 0x0,
    0x14, 0xff, 0xff, 0x24, 0x0, 0x0, 0x0, 0x0,
    0x0, 0x0, 0x0, 0x0, 0x14, 0xff, 0xff, 0x24,
    0x0, 0x0, 0x0, 0x0, 0x0, 0x0, 0x0, 0x0,
    0x14, 0xff, 0xff, 0x24, 0x0, 0x0, 0x0, 0x0,
    0x0, 0x0, 0x0, 0x0, 0x14, 0xff, 0xff, 0x24,
    0x0, 0x0, 0x0, 0x0, 0x0, 0x0, 0x0, 0x0,
    0x14, 0xff, 0xff, 0x24, 0x0, 0x0, 0x0, 0x0,
    0x0, 0x0, 0x0, 0x0, 0x14, 0xff, 0xff, 0x24,
    0x0, 0x0, 0x0, 0x0, 0x0, 0x0, 0x0, 0x0,
    0x14, 0xff, 0xff, 0x24, 0x0, 0x0, 0x0, 0x0,
    0x0, 0x0, 0x0, 0x0, 0x14, 0xff, 0xff, 0x24,
    0x0, 0x0, 0x0, 0x0, 0x0, 0x0, 0x0, 0x0,
    0x14, 0xff, 0xff, 0x24, 0x0, 0x0, 0x0, 0x0,
    0x0, 0x0, 0x0, 0x0, 0x14, 0xff, 0xff, 0x24,
    0x0, 0x0, 0x0, 0x0, 0x0, 0x0, 0x0, 0x0,
    0x14, 0xff, 0xff, 0x24, 0x0, 0x0, 0x0, 0x0,
    0x0, 0x0, 0x0, 0x0, 0x16, 0xff, 0xff, 0x21,
    0x1, 0x42, 0x7f, 0x0, 0x0, 0x0, 0x0, 0x0,
    0x36, 0xff, 0xff, 0xe, 0x37, 0xff, 0xff, 0x43,
    0x0, 0x0, 0x0, 0x0, 0x9b, 0xff, 0xd9, 0x0,
    0x0, 0xbd, 0xff, 0xef, 0x69, 0x23, 0x2f, 0x90,
    0xfe, 0xff, 0x70, 0x0, 0x0, 0x14, 0xd4, 0xff,
    0xff, 0xff, 0xff, 0xff, 0xff, 0xb2, 0x3, 0x0,
    0x0, 0x0, 0xd, 0x7f, 0xd4, 0xf9, 0xf5, 0xca,
    0x6a, 0x3, 0x0, 0x0,

    /* U+004B "K" */
    0x44, 0xff, 0xf0, 0x0, 0x0, 0x0, 0x0, 0x0,
    0x0, 0xa, 0xcb, 0xff, 0xef, 0x29, 0x44, 0xff,
    0xf0, 0x0, 0x0, 0x0, 0x0, 0x0, 0x2, 0xb0,
    0xff, 0xf9, 0x40, 0x0, 0x44, 0xff, 0xf0, 0x0,
    0x0, 0x0, 0x0, 0x0, 0x8f, 0xff, 0xfe, 0x5a,
    0x0, 0x0, 0x44, 0xff, 0xf0, 0x0, 0x0, 0x0,
    0x0, 0x6b, 0xff, 0xff, 0x79, 0x0, 0x0, 0x0,
    0x44, 0xff, 0xf0, 0x0, 0x0, 0x0, 0x4b, 0xfc,
    0xff, 0x9a, 0x0, 0x0, 0x0, 0x0, 0x44, 0xff,
    0xf0, 0x0, 0x0, 0x30, 0xf3, 0xff, 0xb6, 0x4,
    0x0, 0x0, 0x0, 0x0, 0x44, 0xff, 0xf0, 0x0,
    0x1c, 0xe4, 0xff, 0xce, 0xc, 0x0, 0x0, 0x0,
    0x0, 0x0, 0x44, 0xff, 0xf0, 0xc, 0xd0, 0xff,
    0xff, 0x42, 0x0, 0x0, 0x0, 0x0, 0x0, 0x0,
    0x44, 0xff, 0xf3, 0xb6, 0xff, 0xff, 0xff, 0xcf,
    0x6, 0x0, 0x0, 0x0, 0x0, 0x0, 0x44, 0xff,
    0xff, 0xff, 0xf9, 0x69, 0xf7, 0xff, 0x8c, 0x0,
    0x0, 0x0, 0x0, 0x0, 0x44, 0xff, 0xff, 0xfe,
    0x5b, 0x0, 0x6d, 0xff, 0xfe, 0x43, 0x0, 0x0,
    0x0, 0x0, 0x44, 0xff, 0xff, 0x7a, 0x0, 0x0,
    0x1, 0xb7, 0xff, 0xe4, 0x12, 0x0, 0x0, 0x0,
    0x44, 0xff, 0xf1, 0x0, 0x0, 0x0, 0x0, 0x18,
    0xeb, 0xff, 0xad, 0x0, 0x0, 0x0, 0x44, 0xff,
    0xf0, 0x0, 0x0, 0x0, 0x0, 0x0, 0x4e, 0xff,
    0xff, 0x63, 0x0, 0x0, 0x44, 0xff, 0xf0, 0x0,
    0x0, 0x0, 0x0, 0x0, 0x0, 0x99, 0xff, 0xf4,
    0x24, 0x0, 0x44, 0xff, 0xf0, 0x0, 0x0, 0x0,
    0x0, 0x0, 0x0, 0xa, 0xd9, 0xff, 0xca, 0x4,
    0x44, 0xff, 0xf0, 0x0, 0x0, 0x0, 0x0, 0x0,
    0x0, 0x0, 0x34, 0xfa, 0xff, 0x85,

    /* U+004C "L" */
    0x44, 0xff, 0xf0, 0x0, 0x0, 0x0, 0x0, 0x0,
    0x0, 0x0, 0x0, 0x44, 0xff, 0xf0, 0x0, 0x0,
    0x0, 0x0, 0x0, 0x0, 0x0, 0x0, 0x44, 0xff,
    0xf0, 0x0, 0x0, 0x0, 0x0, 0x0, 0x0, 0x0,
    0x0, 0x44, 0xff, 0xf0, 0x0, 0x0, 0x0, 0x0,
    0x0, 0x0, 0x0, 0x0, 0x44, 0xff, 0xf0, 0x0,
    0x0, 0x0, 0x0, 0x0, 0x0, 0x0, 0x0, 0x44,
    0xff, 0xf0, 0x0, 0x0, 0x0, 0x0, 0x0, 0x0,
    0x0, 0x0, 0x44, 0xff, 0xf0, 0x0, 0x0, 0x0,
    0x0, 0x0, 0x0, 0x0, 0x0, 0x44, 0xff, 0xf0,
    0x0, 0x0, 0x0, 0x0, 0x0, 0x0, 0x0, 0x0,
    0x44, 0xff, 0xf0, 0x0, 0x0, 0x0, 0x0, 0x0,
    0x0, 0x0, 0x0, 0x44, 0xff, 0xf0, 0x0, 0x0,
    0x0, 0x0, 0x0, 0x0, 0x0, 0x0, 0x44, 0xff,
    0xf0, 0x0, 0x0, 0x0, 0x0, 0x0, 0x0, 0x0,
    0x0, 0x44, 0xff, 0xf0, 0x0, 0x0, 0x0, 0x0,
    0x0, 0x0, 0x0, 0x0, 0x44, 0xff, 0xf0, 0x0,
    0x0, 0x0, 0x0, 0x0, 0x0, 0x0, 0x0, 0x44,
    0xff, 0xf0, 0x0, 0x0, 0x0, 0x0, 0x0, 0x0,
    0x0, 0x0, 0x44, 0xff, 0xf1, 0x18, 0x18, 0x18,
    0x18, 0x18, 0x18, 0x18, 0x9, 0x44, 0xff, 0xff,
    0xff, 0xff, 0xff, 0xff, 0xff, 0xff, 0xff, 0x60,
    0x44, 0xff, 0xff, 0xff, 0xff, 0xff, 0xff, 0xff,
    0xff, 0xff, 0x60,

    /* U+004D "M" */
    0x44, 0xff, 0xff, 0x3a, 0x0, 0x0, 0x0, 0x0,
    0x0, 0x0, 0x0, 0x0, 0x0, 0x0, 0x4e, 0xff,
    0xff, 0x30, 0x44, 0xff, 0xff, 0xcb, 0x1, 0x0,
    0x0, 0x0, 0x0, 0x0, 0x0, 0x0, 0x0, 0x6,
    0xdb, 0xff, 0xff, 0x30, 0x44, 0xff, 0xff, 0xff,
    0x60, 0x0, 0x0, 0x0, 0x0, 0x0, 0x0, 0x0,
    0x0, 0x75, 0xff, 0xff, 0xff, 0x30, 0x44, 0xff,
    0xff, 0xff, 0xe6, 0xc, 0x0, 0x0, 0x0, 0x0,
    0x0, 0x0, 0x16, 0xf1, 0xff, 0xff, 0xff, 0x30,
    0x44, 0xff, 0xde, 0xcd, 0xff, 0x87, 0x0, 0x0,
    0x0, 0x0, 0x0, 0x0, 0x9c, 0xff, 0xbb, 0xf1,
    0xff, 0x30, 0x44, 0xff, 0xe3, 0x3c, 0xff, 0xf8,
    0x22, 0x0, 0x0, 0x0, 0x0, 0x31, 0xfd, 0xfc,
    0x2b, 0xf8, 0xff, 0x30, 0x44, 0xff, 0xec, 0x0,
    0xa9, 0xff, 0xae, 0x0, 0x0, 0x0, 0x0, 0xc2,
    0xff, 0x94, 0x1, 0xff, 0xff, 0x30, 0x44, 0xff,
    0xf0, 0x0, 0x1e, 0xf6, 0xff, 0x41, 0x0, 0x0,
    0x56, 0xff, 0xee, 0x12, 0x4, 0xff, 0xff, 0x30,
    0x44, 0xff, 0xf0, 0x0, 0x0, 0x82, 0xff, 0xd1,
    0x3, 0x9, 0xe0, 0xff, 0x6d, 0x0, 0x4, 0xff,
    0xff, 0x30, 0x44, 0xff, 0xf0, 0x0, 0x0, 0xa,
    0xe3, 0xff, 0x68, 0x7d, 0xff, 0xd5, 0x4, 0x0,
    0x4, 0xff, 0xff, 0x30, 0x44, 0xff, 0xf0, 0x0,
    0x0, 0x0, 0x5b, 0xff, 0xed, 0xf5, 0xff, 0x46,
    0x0, 0x0, 0x4, 0xff, 0xff, 0x30, 0x44, 0xff,
    0xf0, 0x0, 0x0, 0x0, 0x0, 0xc6, 0xff, 0xff,
    0xb2, 0x0, 0x0, 0x0, 0x4, 0xff, 0xff, 0x30,
    0x44, 0xff, 0xf0, 0x0, 0x0, 0x0, 0x0, 0x35,
    0xfe, 0xf9, 0x25, 0x0, 0x0, 0x0, 0x4, 0xff,
    0xff, 0x30, 0x44, 0xff, 0xf0, 0x0, 0x0, 0x0,
    0x0, 0x0, 0x50, 0x48, 0x0, 0x0, 0x0, 0x0,
    0x4, 0xff, 0xff, 0x30, 0x44, 0xff, 0xf0, 0x0,
    0x0, 0x0, 0x0, 0x0, 0x0, 0x0, 0x0, 0x0,
    0x0, 0x0, 0x4, 0xff, 0xff, 0x30, 0x44, 0xff,
    0xf0, 0x0, 0x0, 0x0, 0x0, 0x0, 0x0, 0x0,
    0x0, 0x0, 0x0, 0x0, 0x4, 0xff, 0xff, 0x30,
    0x44, 0xff, 0xf0, 0x0, 0x0, 0x0, 0x0, 0x0,
    0x0, 0x0, 0x0, 0x0, 0x0, 0x0, 0x4, 0xff,
    0xff, 0x30,

    /* U+004E "N" */
    0x44, 0xff, 0xff, 0xbb, 0x0, 0x0, 0x0, 0x0,
    0x0, 0x0, 0x0, 0x3c, 0xff, 0xf8, 0x44, 0xff,
    0xff, 0xff, 0x5e, 0x0, 0x0, 0x0, 0x0, 0x0,
    0x0, 0x3c, 0xff, 0xf8, 0x44, 0xff, 0xff, 0xff,
    0xeb, 0x13, 0x0, 0x0, 0x0, 0x0, 0x0, 0x3c,
    0xff, 0xf8, 0x44, 0xff, 0xe1, 0xd1, 0xff, 0xa1,
    0x0, 0x0, 0x0, 0x0, 0x0, 0x3c, 0xff, 0xf8,
    0x44, 0xff, 0xe1, 0x37, 0xfd, 0xff, 0x43, 0x0,
    0x0, 0x0, 0x0, 0x3c, 0xff, 0xf8, 0x44, 0xff,
    0xe8, 0x0, 0x94, 0xff, 0xdb, 0x8, 0x0, 0x0,
    0x0, 0x3c, 0xff, 0xf8, 0x44, 0xff, 0xef, 0x0,
    0xd, 0xe4, 0xff, 0x86, 0x0, 0x0, 0x0, 0x3c,
    0xff, 0xf8, 0x44, 0xff, 0xf0, 0x0, 0x0, 0x51,
    0xff, 0xfa, 0x2c, 0x0, 0x0, 0x3c, 0xff, 0xf8,
    0x44, 0xff, 0xf0, 0x0, 0x0, 0x0, 0xaf, 0xff,
    0xc6, 0x2, 0x0, 0x3c, 0xff, 0xf8, 0x44, 0xff,
    0xf0, 0x0, 0x0, 0x0, 0x1c, 0xf2, 0xff, 0x6a,
    0x0, 0x3c, 0xff, 0xf8, 0x44, 0xff, 0xf0, 0x0,
    0x0, 0x0, 0x0, 0x6d, 0xff, 0xf1, 0x1a, 0x38,
    0xff, 0xf8, 0x44, 0xff, 0xf0, 0x0, 0x0, 0x0,
    0x0, 0x2, 0xc9, 0xff, 0xae, 0x31, 0xff, 0xf8,
    0x44, 0xff, 0xf0, 0x0, 0x0, 0x0, 0x0, 0x0,
    0x2e, 0xfb, 0xff, 0x78, 0xff, 0xf8, 0x44, 0xff,
    0xf0, 0x0, 0x0, 0x0, 0x0, 0x0, 0x0, 0x89,
    0xff, 0xf7, 0xff, 0xf8, 0x44, 0xff, 0xf0, 0x0,
    0x0, 0x0, 0x0, 0x0, 0x0, 0x9, 0xdd, 0xff,
    0xff, 0xf8, 0x44, 0xff, 0xf0, 0x0, 0x0, 0x0,
    0x0, 0x0, 0x0, 0x0, 0x46, 0xff, 0xff, 0xf8,
    0x44, 0xff, 0xf0, 0x0, 0x0, 0x0, 0x0, 0x0,
    0x0, 0x0, 0x0, 0xa5, 0xff, 0xf8,

    /* U+004F "O" */
    0x0, 0x0, 0x0, 0x0, 0x0, 0xe, 0x70, 0xb9,
    0xe4, 0xf9, 0xee, 0xd2, 0x91, 0x35, 0x0, 0x0,
    0x0, 0x0, 0x0, 0x0, 0x0, 0x0, 0x0, 0x63,
    0xee, 0xff, 0xff, 0xff, 0xff, 0xff, 0xff, 0xff,
    0xff, 0xad, 0x12, 0x0, 0x0, 0x0, 0x0, 0x0,
    0x0, 0x8f, 0xff, 0xff, 0xd7, 0x6e, 0x31, 0x1a,
    0x25, 0x50, 0xa5, 0xfc, 0xff, 0xde, 0x20, 0x0,
    0x0, 0x0, 0x0, 0x75, 0xff, 0xff, 0x82, 0x2,
    0x0, 0x0, 0x0, 0x0, 0x0, 0x0, 0x34, 0xe2,
    0xff, 0xd5, 0xd, 0x0, 0x0, 0x20, 0xf8, 0xff,
    0x81, 0x0, 0x0, 0x0, 0x0, 0x0, 0x0, 0x0,
    0x0, 0x0, 0x26, 0xee, 0xff, 0x87, 0x0, 0x0,
    0x90, 0xff, 0xd7, 0x3, 0x0, 0x0, 0x0, 0x0,
    0x0, 0x0, 0x0, 0x0, 0x0, 0x0, 0x6c, 0xff,
    0xf5, 0xa, 0x0, 0xdd, 0xff, 0x73, 0x0, 0x0,
    0x0, 0x0, 0x0, 0x0, 0x0, 0x0, 0x0, 0x0,
    0x0, 0xb, 0xf8, 0xff, 0x4c, 0x6, 0xff, 0xff,
    0x3b, 0x0, 0x0, 0x0, 0x0, 0x0, 0x0, 0x0,
    0x0, 0x0, 0x0, 0x0, 0x0, 0xcc, 0xff, 0x74,
    0x16, 0xff, 0xff, 0x29, 0x0, 0x0, 0x0, 0x0,
    0x0, 0x0, 0x0, 0x0, 0x0, 0x0, 0x0, 0x0,
    0xba, 0xff, 0x86, 0x6, 0xff, 0xff, 0x3b, 0x0,
    0x0, 0x0, 0x0, 0x0, 0x0, 0x0, 0x0, 0x0,
    0x0, 0x0, 0x0, 0xcb, 0xff, 0x74, 0x0, 0xde,
    0xff, 0x73, 0x0, 0x0, 0x0, 0x0, 0x0, 0x0,
    0x0, 0x0, 0x0, 0x0, 0x0, 0xb, 0xf8, 0xff,
    0x4d, 0x0, 0x91, 0xff, 0xd7, 0x3, 0x0, 0x0,
    0x0, 0x0, 0x0, 0x0, 0x0, 0x0, 0x0, 0x0,
    0x6b, 0xff, 0xf6, 0xa, 0x0, 0x21, 0xf8, 0xff,
    0x80, 0x0, 0x0, 0x0, 0x0, 0x0, 0x0, 0x0,
    0x0, 0x0, 0x25, 0xed, 0xff, 0x8a, 0x0, 0x0,
    0x0, 0x76, 0xff, 0xff, 0x81, 0x2, 0x0, 0x0,
    0x0, 0x0, 0x0, 0x0, 0x34, 0xe2, 0xff, 0xd8,
    0xf, 0x0, 0x0, 0x0, 0x0, 0x90, 0xff, 0xff,
    0xd7, 0x6e, 0x31, 0x1a, 0x24, 0x4f, 0xa4, 0xfc,
    0xff, 0xe0, 0x23, 0x0, 0x0, 0x0, 0x0, 0x0,
    0x0, 0x64, 0xee, 0xff, 0xff, 0xff, 0xff, 0xff,
    0xff, 0xff, 0xff, 0xae, 0x13, 0x0, 0x0, 0x0,
    0x0, 0x0, 0x0, 0x0, 0x0, 0xf, 0x71, 0xbb,
    0xe6, 0xf9, 0xef, 0xd3, 0x92, 0x35, 0x0, 0x0,
    0x0, 0x0, 0x0,

    /* U+0050 "P" */
    0x44, 0xff, 0xff, 0xff, 0xff, 0xff, 0xfd, 0xe8,
    0xa8, 0x30, 0x0, 0x0, 0x44, 0xff, 0xff, 0xff,
    0xff, 0xff, 0xff, 0xff, 0xff, 0xfa, 0x60, 0x0,
    0x44, 0xff, 0xf1, 0x18, 0x18, 0x18, 0x1b, 0x43,
    0xc3, 0xff, 0xfc, 0x37, 0x44, 0xff, 0xf0, 0x0,
    0x0, 0x0, 0x0, 0x0, 0x5, 0xce, 0xff, 0xaf,
    0x44, 0xff, 0xf0, 0x0, 0x0, 0x0, 0x0, 0x0,
    0x0, 0x68, 0xff, 0xe6, 0x44, 0xff, 0xf0, 0x0,
    0x0, 0x0, 0x0, 0x0, 0x0, 0x63, 0xff, 0xe7,
    0x44, 0xff, 0xf0, 0x0, 0x0, 0x0, 0x0, 0x0,
    0x1, 0xc0, 0xff, 0xb7, 0x44, 0xff, 0xf0, 0x0,
    0x0, 0x0, 0x3, 0x29, 0xab, 0xff, 0xff, 0x47,
    0x44, 0xff, 0xff, 0xff, 0xff, 0xff, 0xff, 0xff,
    0xff, 0xff, 0x7b, 0x0, 0x44, 0xff, 0xff, 0xff,
    0xff, 0xff, 0xff, 0xfc, 0xc3, 0x48, 0x0, 0x0,
    0x44, 0xff, 0xf1, 0x18, 0x18, 0x18, 0x16, 0x5,
    0x0, 0x0, 0x0, 0x0, 0x44, 0xff, 0xf0, 0x0,
    0x0, 0x0, 0x0, 0x0, 0x0, 0x0, 0x0, 0x0,
    0x44, 0xff, 0xf0, 0x0, 0x0, 0x0, 0x0, 0x0,
    0x0, 0x0, 0x0, 0x0, 0x44, 0xff, 0xf0, 0x0,
    0x0, 0x0, 0x0, 0x0, 0x0, 0x0, 0x0, 0x0,
    0x44, 0xff, 0xf0, 0x0, 0x0, 0x0, 0x0, 0x0,
    0x0, 0x0, 0x0, 0x0, 0x44, 0xff, 0xf0, 0x0,
    0x0, 0x0, 0x0, 0x0, 0x0, 0x0, 0x0, 0x0,
    0x44, 0xff, 0xf0, 0x0, 0x0, 0x0, 0x0, 0x0,
    0x0, 0x0, 0x0, 0x0,

    /* U+0051 "Q" */
    0x0, 0x0, 0x0, 0x0, 0x0, 0xe, 0x70, 0xb9,
    0xe4, 0xf9, 0xee, 0xd2, 0x91, 0x36, 0x0, 0x0,
    0x0, 0x0, 0x0, 0x0, 0x0, 0x0, 0x0, 0x63,
    0xee, 0xff, 0xff, 0xff, 0xff, 0xff, 0xff, 0xff,
    0xff, 0xaf, 0x13, 0x0, 0x0, 0x0, 0x0, 0x0,
    0x0, 0x8f, 0xff, 0xff, 0xd7, 0x6e, 0x31, 0x1a,
    0x25, 0x50, 0xa5, 0xfc, 0xff, 0xe0, 0x23, 0x0,
    0x0, 0x0, 0x0, 0x75, 0xff, 0xff, 0x82, 0x2,
    0x0, 0x0, 0x0, 0x0, 0x0, 0x0, 0x34, 0xe2,
    0xff, 0xd8, 0xe, 0x0, 0x0, 0x20, 0xf8, 0xff,
    0x81, 0x0, 0x0, 0x0, 0x0, 0x0, 0x0, 0x0,
    0x0, 0x0, 0x26, 0xee, 0xff, 0x8a, 0x0, 0x0,
    0x90, 0xff, 0xd7, 0x3, 0x0, 0x0, 0x0, 0x0,
    0x0, 0x0, 0x0, 0x0, 0x0, 0x0, 0x6c, 0xff,
    0xf7, 0xb, 0x0, 0xdd, 0xff, 0x73, 0x0, 0x0,
    0x0, 0x0, 0x0, 0x0, 0x0, 0x0, 0x0, 0x0,
    0x0, 0xb, 0xf8, 0xff, 0x4e, 0x6, 0xff, 0xff,
    0x3b, 0x0, 0x0, 0x0, 0x0, 0x0, 0x0, 0x0,
    0x0, 0x0, 0x0, 0x0, 0x0, 0xcc, 0xff, 0x75,
    0x16, 0xff, 0xff, 0x29, 0x0, 0x0, 0x0, 0x0,
    0x0, 0x0, 0x0, 0x0, 0x0, 0x0, 0x0, 0x0,
    0xba, 0xff, 0x85, 0x6, 0xff, 0xff, 0x3b, 0x0,
    0x0, 0x0, 0x0, 0x0, 0x0, 0x0, 0x0, 0x0,
    0x0, 0x0, 0x0, 0xcb, 0xff, 0x6e, 0x0, 0xde,
    0xff, 0x73, 0x0, 0x0, 0x0, 0x0, 0x0, 0x0,
    0x0, 0x23, 0x53, 0x0, 0x0, 0xb, 0xf8, 0xff,
    0x44, 0x0, 0x91, 0xff, 0xd7, 0x3, 0x0, 0x0,
    0x0, 0x0, 0x0, 0x27, 0xf6, 0xf8, 0x2d, 0x0,
    0x6a, 0xff, 0xeb, 0x4, 0x0, 0x21, 0xf8, 0xff,
    0x80, 0x0, 0x0, 0x0, 0x0, 0x0, 0x0, 0xa8,
    0xff, 0xd2, 0x2d, 0xed, 0xff, 0x75, 0x0, 0x0,
    0x0, 0x76, 0xff, 0xff, 0x81, 0x2, 0x0, 0x0,
    0x0, 0x0, 0x10, 0xe1, 0xff, 0xf9, 0xff, 0xcb,
    0x4, 0x0, 0x0, 0x0, 0x0, 0x90, 0xff, 0xff,
    0xd7, 0x6e, 0x31, 0x1a, 0x28, 0x55, 0xc7, 0xff,
    0xff, 0xd7, 0x13, 0x0, 0x0, 0x0, 0x0, 0x0,
    0x0, 0x64, 0xee, 0xff, 0xff, 0xff, 0xff, 0xff,
    0xff, 0xff, 0xff, 0xff, 0xe6, 0x11, 0x0, 0x0,
    0x0, 0x0, 0x0, 0x0, 0x0, 0xf, 0x71, 0xbb,
    0xe6, 0xf9, 0xe9, 0xc9, 0x83, 0x2d, 0xd0, 0xff,
    0x83, 0x0, 0x0, 0x0, 0x0, 0x0, 0x0, 0x0,
    0x0, 0x0, 0x0, 0x0, 0x0, 0x0, 0x0, 0x0,
    0x0, 0x2d, 0x76, 0x3, 0x0, 0x0,

    /* U+0052 "R" */
    0x44, 0xff, 0xff, 0xff, 0xff, 0xff, 0xfd, 0xe8,
    0xa9, 0x32, 0x0, 0x0, 0x0, 0x44, 0xff, 0xff,
    0xff, 0xff, 0xff, 0xff, 0xff, 0xff, 0xfb, 0x64,
    0x0, 0x0, 0x44, 0xff, 0xf1, 0x18, 0x18, 0x18,
    0x1b, 0x42, 0xbf, 0xff, 0xfd, 0x3a, 0x0, 0x44,
    0xff, 0xf0, 0x0, 0x0, 0x0, 0x0, 0x0, 0x4,
    0xca, 0xff, 0xb1, 0x0, 0x44, 0xff, 0xf0, 0x0,
    0x0, 0x0, 0x0, 0x0, 0x0, 0x66, 0xff, 0xe6,
    0x0, 0x44, 0xff, 0xf0, 0x0, 0x0, 0x0, 0x0,
    0x0, 0x0, 0x65, 0xff, 0xe8, 0x0, 0x44, 0xff,
    0xf0, 0x0, 0x0, 0x0, 0x0, 0x0, 0x2, 0xc2,
    0xff, 0xb1, 0x0, 0x44, 0xff, 0xf0, 0x0, 0x0,
    0x0, 0x5, 0x30, 0xb3, 0xff, 0xfd, 0x39, 0x0,
    0x44, 0xff, 0xff, 0xff, 0xff, 0xff, 0xff, 0xff,
    0xff, 0xf8, 0x5c, 0x0, 0x0, 0x44, 0xff, 0xff,
    0xff, 0xff, 0xff, 0xff, 0xf9, 0x9c, 0x2f, 0x0,
    0x0, 0x0, 0x44, 0xff, 0xf0, 0xc, 0xc, 0x53,
    0xff, 0xfc, 0x37, 0x0, 0x0, 0x0, 0x0, 0x44,
    0xff, 0xf0, 0x0, 0x0, 0x0, 0xa5, 0xff, 0xd8,
    0x9, 0x0, 0x0, 0x0, 0x44, 0xff, 0xf0, 0x0,
    0x0, 0x0, 0x12, 0xe8, 0xff, 0x90, 0x0, 0x0,
    0x0, 0x44, 0xff, 0xf0, 0x0, 0x0, 0x0, 0x0,
    0x50, 0xff, 0xfe, 0x40, 0x0, 0x0, 0x44, 0xff,
    0xf0, 0x0, 0x0, 0x0, 0x0, 0x0, 0xa6, 0xff,
    0xdf, 0xc, 0x0, 0x44, 0xff, 0xf0, 0x0, 0x0,
    0x0, 0x0, 0x0, 0x13, 0xe8, 0xff, 0x9a, 0x0,
    0x44, 0xff, 0xf0, 0x0, 0x0, 0x0, 0x0, 0x0,
    0x0, 0x51, 0xff, 0xff, 0x49,

    /* U+0053 "S" */
    0x0, 0x0, 0x0, 0x3e, 0xae, 0xe8, 0xf8, 0xdd,
    0xa8, 0x36, 0x0, 0x0, 0x0, 0x0, 0x0, 0x80,
    0xfe, 0xff, 0xff, 0xff, 0xff, 0xff, 0xff, 0x7b,
    0x0, 0x0, 0x0, 0x4c, 0xff, 0xff, 0xb5, 0x3f,
    0x1d, 0x3b, 0xad, 0xff, 0xff, 0x56, 0x0, 0x0,
    0xae, 0xff, 0xbf, 0x2, 0x0, 0x0, 0x0, 0x0,
    0xa4, 0xde, 0x62, 0x0, 0x0, 0xc2, 0xff, 0x82,
    0x0, 0x0, 0x0, 0x0, 0x0, 0x9, 0x1, 0x0,
    0x0, 0x0, 0x96, 0xff, 0xd6, 0xd, 0x0, 0x0,
    0x0, 0x0, 0x0, 0x0, 0x0, 0x0, 0x0, 0x25,
    0xf2, 0xff, 0xe1, 0x6c, 0xf, 0x0, 0x0, 0x0,
    0x0, 0x0, 0x0, 0x0, 0x0, 0x3a, 0xde, 0xff,
    0xff, 0xf8, 0xad, 0x50, 0x2, 0x0, 0x0, 0x0,
    0x0, 0x0, 0x0, 0x9, 0x68, 0xc7, 0xff, 0xff,
    0xff, 0xda, 0x41, 0x0, 0x0, 0x0, 0x0, 0x0,
    0x0, 0x0, 0x0, 0x21, 0x7d, 0xe8, 0xff, 0xfb,
    0x51, 0x0, 0x0, 0x0, 0x0, 0x0, 0x0, 0x0,
    0x0, 0x0, 0xd, 0xb9, 0xff, 0xea, 0x8, 0x0,
    0x0, 0x1b, 0x0, 0x0, 0x0, 0x0, 0x0, 0x0,
    0x19, 0xff, 0xff, 0x40, 0x2d, 0xce, 0xf5, 0x12,
    0x0, 0x0, 0x0, 0x0, 0x0, 0x5, 0xf9, 0xff,
    0x50, 0xb, 0xec, 0xff, 0xad, 0x2, 0x0, 0x0,
    0x0, 0x0, 0x58, 0xff, 0xff, 0x2b, 0x0, 0x67,
    0xff, 0xff, 0xc6, 0x4d, 0x1f, 0x31, 0x81, 0xf6,
    0xff, 0xc0, 0x0, 0x0, 0x0, 0x75, 0xfe, 0xff,
    0xff, 0xff, 0xff, 0xff, 0xff, 0xd0, 0x19, 0x0,
    0x0, 0x0, 0x0, 0x36, 0xa6, 0xe5, 0xfb, 0xef,
    0xc0, 0x67, 0x5, 0x0, 0x0,

    /* U+0054 "T" */
    0x6c, 0xff, 0xff, 0xff, 0xff, 0xff, 0xff, 0xff,
    0xff, 0xff, 0xff, 0xff, 0x64, 0x6c, 0xff, 0xff,
    0xff, 0xff, 0xff, 0xff, 0xff, 0xff, 0xff, 0xff,
    0xff, 0x64, 0xa, 0x18, 0x18, 0x18, 0x18, 0xa9,
    0xff, 0x9e, 0x18, 0x18, 0x18, 0x18, 0x9, 0x0,
    0x0, 0x0, 0x0, 0x0, 0xa0, 0xff, 0x94, 0x0,
    0x0, 0x0, 0x0, 0x0, 0x0, 0x0, 0x0, 0x0,
    0x0, 0xa0, 0xff, 0x94, 0x0, 0x0, 0x0, 0x0,
    0x0, 0x0, 0x0, 0x0, 0x0, 0x0, 0xa0, 0xff,
    0x94, 0x0, 0x0, 0x0, 0x0, 0x0, 0x0, 0x0,
    0x0, 0x0, 0x0, 0xa0, 0xff, 0x94, 0x0, 0x0,
    0x0, 0x0, 0x0, 0x0, 0x0, 0x0, 0x0, 0x0,
    0xa0, 0xff, 0x94, 0x0, 0x0, 0x0, 0x0, 0x0,
    0x0, 0x0, 0x0, 0x0, 0x0, 0xa0, 0xff, 0x94,
    0x0, 0x0, 0x0, 0x0, 0x0, 0x0, 0x0, 0x0,
    0x0, 0x0, 0xa0, 0xff, 0x94, 0x0, 0x0, 0x0,
    0x0, 0x0, 0x0, 0x0, 0x0, 0x0, 0x0, 0xa0,
    0xff, 0x94, 0x0, 0x0, 0x0, 0x0, 0x0, 0x0,
    0x0, 0x0, 0x0, 0x0, 0xa0, 0xff, 0x94, 0x0,
    0x0, 0x0, 0x0, 0x0, 0x0, 0x0, 0x0, 0x0,
    0x0, 0xa0, 0xff, 0x94, 0x0, 0x0, 0x0, 0x0,
    0x0, 0x0, 0x0, 0x0, 0x0, 0x0, 0xa0, 0xff,
    0x94, 0x0, 0x0, 0x0, 0x0, 0x0, 0x0, 0x0,
    0x0, 0x0, 0x0, 0xa0, 0xff, 0x94, 0x0, 0x0,
    0x0, 0x0, 0x0, 0x0, 0x0, 0x0, 0x0, 0x0,
    0xa0, 0xff, 0x94, 0x0, 0x0, 0x0, 0x0, 0x0,
    0x0, 0x0, 0x0, 0x0, 0x0, 0xa0, 0xff, 0x94,
    0x0, 0x0, 0x0, 0x0, 0x0,

    /* U+0055 "U" */
    0xa8, 0xff, 0x8c, 0x0, 0x0, 0x0, 0x0, 0x0,
    0x0, 0x0, 0x24, 0xff, 0xff, 0x10, 0xa8, 0xff,
    0x8c, 0x0, 0x0, 0x0, 0x0, 0x0, 0x0, 0x0,
    0x24, 0xff, 0xff, 0x10, 0xa8, 0xff, 0x8c, 0x0,
    0x0, 0x0, 0x0, 0x0, 0x0, 0x0, 0x24, 0xff,
    0xff, 0x10, 0xa8, 0xff, 0x8c, 0x0, 0x0, 0x0,
    0x0, 0x0, 0x0, 0x0, 0x24, 0xff, 0xff, 0x10,
    0xa8, 0xff, 0x8c, 0x0, 0x0, 0x0, 0x0, 0x0,
    0x0, 0x0, 0x24, 0xff, 0xff, 0x10, 0xa8, 0xff,
    0x8c, 0x0, 0x0, 0x0, 0x0, 0x0, 0x0, 0x0,
    0x24, 0xff, 0xff, 0x10, 0xa8, 0xff, 0x8c, 0x0,
    0x0, 0x0, 0x0, 0x0, 0x0, 0x0, 0x24, 0xff,
    0xff, 0x10, 0xa8, 0xff, 0x8c, 0x0, 0x0, 0x0,
    0x0, 0x0, 0x0, 0x0, 0x24, 0xff, 0xff, 0x10,
    0xa8, 0xff, 0x8c, 0x0, 0x0, 0x0, 0x0, 0x0,
    0x0, 0x0, 0x24, 0xff, 0xff, 0x10, 0xa8, 0xff,
    0x8c, 0x0, 0x0, 0x0, 0x0, 0x0, 0x0, 0x0,
    0x24, 0xff, 0xff, 0x10, 0xa5, 0xff, 0x8d, 0x0,
    0x0, 0x0, 0x0, 0x0, 0x0, 0x0, 0x26, 0xff,
    0xff, 0xc, 0x93, 0xff, 0xa2, 0x0, 0x0, 0x0,
    0x0, 0x0, 0x0, 0x0, 0x3b, 0xff, 0xfa, 0x0,
    0x61, 0xff, 0xe3, 0x3, 0x0, 0x0, 0x0, 0x0,
    0x0, 0x0, 0x80, 0xff, 0xcc, 0x0, 0x13, 0xf3,
    0xff, 0x7b, 0x0, 0x0, 0x0, 0x0, 0x0, 0x24,
    0xef, 0xff, 0x77, 0x0, 0x0, 0x72, 0xff, 0xff,
    0x9f, 0x3b, 0x19, 0x26, 0x6d, 0xea, 0xff, 0xdb,
    0xc, 0x0, 0x0, 0x0, 0x87, 0xff, 0xff, 0xff,
    0xff, 0xff, 0xff, 0xff, 0xdb, 0x26, 0x0, 0x0,
    0x0, 0x0, 0x0, 0x39, 0xa6, 0xe3, 0xfa, 0xf0,
    0xc7, 0x74, 0xb, 0x0, 0x0, 0x0,

    /* U+0056 "V" */
    0x8b, 0xff, 0xe5, 0x2, 0x0, 0x0, 0x0, 0x0,
    0x0, 0x0, 0x0, 0x0, 0xbe, 0xff, 0xb0, 0x2f,
    0xff, 0xff, 0x3e, 0x0, 0x0, 0x0, 0x0, 0x0,
    0x0, 0x0, 0x1b, 0xfd, 0xff, 0x53, 0x0, 0xd4,
    0xff, 0x95, 0x0, 0x0, 0x0, 0x0, 0x0, 0x0,
    0x0, 0x74, 0xff, 0xee, 0x6, 0x0, 0x79, 0xff,
    0xe9, 0x3, 0x0, 0x0, 0x0, 0x0, 0x0, 0x0,
    0xcf, 0xff, 0x97, 0x0, 0x0, 0x1e, 0xfe, 0xff,
    0x44, 0x0, 0x0, 0x0, 0x0, 0x0, 0x2a, 0xff,
    0xff, 0x39, 0x0, 0x0, 0x0, 0xc2, 0xff, 0x9b,
    0x0, 0x0, 0x0, 0x0, 0x0, 0x85, 0xff, 0xda,
    0x0, 0x0, 0x0, 0x0, 0x67, 0xff, 0xed, 0x5,
    0x0, 0x0, 0x0, 0x1, 0xdf, 0xff, 0x7d, 0x0,
    0x0, 0x0, 0x0, 0x11, 0xf9, 0xff, 0x4a, 0x0,
    0x0, 0x0, 0x3b, 0xff, 0xfe, 0x20, 0x0, 0x0,
    0x0, 0x0, 0x0, 0xb0, 0xff, 0xa1, 0x0, 0x0,
    0x0, 0x96, 0xff, 0xc1, 0x0, 0x0, 0x0, 0x0,
    0x0, 0x0, 0x55, 0xff, 0xf1, 0x7, 0x0, 0x5,
    0xeb, 0xff, 0x64, 0x0, 0x0, 0x0, 0x0, 0x0,
    0x0, 0x8, 0xf1, 0xff, 0x4f, 0x0, 0x4c, 0xff,
    0xf7, 0xf, 0x0, 0x0, 0x0, 0x0, 0x0, 0x0,
    0x0, 0x9e, 0xff, 0xa7, 0x0, 0xa7, 0xff, 0xa8,
    0x0, 0x0, 0x0, 0x0, 0x0, 0x0, 0x0, 0x0,
    0x43, 0xff, 0xf4, 0x16, 0xf5, 0xff, 0x4a, 0x0,
    0x0, 0x0, 0x0, 0x0, 0x0, 0x0, 0x0, 0x2,
    0xe5, 0xff, 0xb4, 0xff, 0xe8, 0x4, 0x0, 0x0,
    0x0, 0x0, 0x0, 0x0, 0x0, 0x0, 0x0, 0x8c,
    0xff, 0xff, 0xff, 0x8e, 0x0, 0x0, 0x0, 0x0,
    0x0, 0x0, 0x0, 0x0, 0x0, 0x0, 0x31, 0xff,
    0xff, 0xff, 0x30, 0x0, 0x0, 0x0, 0x0, 0x0,
    0x0, 0x0, 0x0, 0x0, 0x0, 0x0, 0xd5, 0xff,
    0xd3, 0x0, 0x0, 0x0, 0x0, 0x0, 0x0,

    /* U+0057 "W" */
    0x79, 0xff, 0xd2, 0x0, 0x0, 0x0, 0x0, 0x0,
    0x0, 0x0, 0x0, 0x0, 0x0, 0x0, 0x0, 0x0,
    0x0, 0x0, 0x0, 0xb1, 0xff, 0x9c, 0x31, 0xff,
    0xff, 0x18, 0x0, 0x0, 0x0, 0x0, 0x0, 0x0,
    0x0, 0x0, 0x0, 0x0, 0x0, 0x0, 0x0, 0x0,
    0x2, 0xef, 0xff, 0x57, 0x1, 0xe7, 0xff, 0x5d,
    0x0, 0x0, 0x0, 0x0, 0x0, 0x5, 0xb2, 0xb8,
    0x38, 0x0, 0x0, 0x0, 0x0, 0x0, 0x34, 0xff,
    0xfe, 0x14, 0x0, 0xa1, 0xff, 0xa2, 0x0, 0x0,
    0x0, 0x0, 0x0, 0x49, 0xff, 0xff, 0x98, 0x0,
    0x0, 0x0, 0x0, 0x0, 0x75, 0xff, 0xcd, 0x0,
    0x0, 0x59, 0xff, 0xe7, 0x0, 0x0, 0x0, 0x0,
    0x0, 0x9f, 0xff, 0xff, 0xea, 0x3, 0x0, 0x0,
    0x0, 0x0, 0xb7, 0xff, 0x88, 0x0, 0x0, 0x14,
    0xfd, 0xff, 0x2d, 0x0, 0x0, 0x0, 0x5, 0xee,
    0xff, 0xf7, 0xff, 0x44, 0x0, 0x0, 0x0, 0x4,
    0xf3, 0xff, 0x43, 0x0, 0x0, 0x0, 0xca, 0xff,
    0x72, 0x0, 0x0, 0x0, 0x4a, 0xff, 0xdf, 0x91,
    0xff, 0x99, 0x0, 0x0, 0x0, 0x3a, 0xff, 0xf6,
    0x7, 0x0, 0x0, 0x0, 0x82, 0xff, 0xb8, 0x0,
    0x0, 0x0, 0xa0, 0xff, 0x8c, 0x3c, 0xff, 0xeb,
    0x4, 0x0, 0x0, 0x7b, 0xff, 0xb8, 0x0, 0x0,
    0x0, 0x0, 0x3a, 0xff, 0xf6, 0x7, 0x0, 0x6,
    0xef, 0xff, 0x38, 0x1, 0xe5, 0xff, 0x45, 0x0,
    0x0, 0xbd, 0xff, 0x73, 0x0, 0x0, 0x0, 0x0,
    0x3, 0xef, 0xff, 0x42, 0x0, 0x4c, 0xff, 0xe2,
    0x1, 0x0, 0x93, 0xff, 0x9b, 0x0, 0x7, 0xf6,
    0xff, 0x2e, 0x0, 0x0, 0x0, 0x0, 0x0, 0xab,
    0xff, 0x88, 0x0, 0xa2, 0xff, 0x8f, 0x0, 0x0,
    0x3e, 0xff, 0xec, 0x4, 0x40, 0xff, 0xe8, 0x1,
    0x0, 0x0, 0x0, 0x0, 0x0, 0x63, 0xff, 0xcd,
    0x6, 0xf0, 0xff, 0x3b, 0x0, 0x0, 0x2, 0xe7,
    0xff, 0x47, 0x81, 0xff, 0xa4, 0x0, 0x0, 0x0,
    0x0, 0x0, 0x0, 0x1b, 0xff, 0xfe, 0x62, 0xff,
    0xe5, 0x1, 0x0, 0x0, 0x0, 0x95, 0xff, 0x9c,
    0xc3, 0xff, 0x5e, 0x0, 0x0, 0x0, 0x0, 0x0,
    0x0, 0x0, 0xd4, 0xff, 0xeb, 0xff, 0x92, 0x0,
    0x0, 0x0, 0x0, 0x40, 0xff, 0xf0, 0xfa, 0xff,
    0x1a, 0x0, 0x0, 0x0, 0x0, 0x0, 0x0, 0x0,
    0x8c, 0xff, 0xff, 0xff, 0x3e, 0x0, 0x0, 0x0,
    0x0, 0x2, 0xe9, 0xff, 0xff, 0xd4, 0x0, 0x0,
    0x0, 0x0, 0x0, 0x0, 0x0, 0x0, 0x44, 0xff,
    0xff, 0xe7, 0x2, 0x0, 0x0, 0x0, 0x0, 0x0,
    0x97, 0xff, 0xff, 0x8f, 0x0, 0x0, 0x0, 0x0,
    0x0, 0x0, 0x0, 0x0, 0x7, 0xf4, 0xff, 0x96,
    0x0, 0x0, 0x0, 0x0, 0x0, 0x0, 0x42, 0xff,
    0xff, 0x4a, 0x0, 0x0, 0x0, 0x0,

    /* U+0058 "X" */
    0xf, 0xe4, 0xff, 0xad, 0x0, 0x0, 0x0, 0x0,
    0x0, 0x0, 0x0, 0x83, 0xff, 0xf7, 0x27, 0x0,
    0x4b, 0xff, 0xff, 0x52, 0x0, 0x0, 0x0, 0x0,
    0x0, 0x2d, 0xfa, 0xff, 0x76, 0x0, 0x0, 0x0,
    0xa2, 0xff, 0xe6, 0xf, 0x0, 0x0, 0x0, 0x2,
    0xc9, 0xff, 0xca, 0x3, 0x0, 0x0, 0x0, 0x11,
    0xe7, 0xff, 0x9a, 0x0, 0x0, 0x0, 0x71, 0xff,
    0xf9, 0x2b, 0x0, 0x0, 0x0, 0x0, 0x0, 0x50,
    0xff, 0xfe, 0x40, 0x0, 0x21, 0xf4, 0xff, 0x7b,
    0x0, 0x0, 0x0, 0x0, 0x0, 0x0, 0x0, 0xa7,
    0xff, 0xda, 0x9, 0xba, 0xff, 0xce, 0x4, 0x0,
    0x0, 0x0, 0x0, 0x0, 0x0, 0x0, 0x14, 0xea,
    0xff, 0xca, 0xff, 0xfa, 0x2f, 0x0, 0x0, 0x0,
    0x0, 0x0, 0x0, 0x0, 0x0, 0x0, 0x55, 0xff,
    0xff, 0xff, 0x80, 0x0, 0x0, 0x0, 0x0, 0x0,
    0x0, 0x0, 0x0, 0x0, 0x0, 0x1a, 0xf8, 0xff,
    0xff, 0x3e, 0x0, 0x0, 0x0, 0x0, 0x0, 0x0,
    0x0, 0x0, 0x0, 0x0, 0xb2, 0xff, 0xff, 0xff,
    0xd6, 0x7, 0x0, 0x0, 0x0, 0x0, 0x0, 0x0,
    0x0, 0x0, 0x5b, 0xff, 0xfe, 0x5e, 0xf3, 0xff,
    0x86, 0x0, 0x0, 0x0, 0x0, 0x0, 0x0, 0x0,
    0x16, 0xec, 0xff, 0x93, 0x0, 0x6c, 0xff, 0xfb,
    0x31, 0x0, 0x0, 0x0, 0x0, 0x0, 0x0, 0xaa,
    0xff, 0xdf, 0xc, 0x0, 0x1, 0xc2, 0xff, 0xd0,
    0x5, 0x0, 0x0, 0x0, 0x0, 0x51, 0xff, 0xff,
    0x44, 0x0, 0x0, 0x0, 0x25, 0xf6, 0xff, 0x7d,
    0x0, 0x0, 0x0, 0x11, 0xe7, 0xff, 0x9b, 0x0,
    0x0, 0x0, 0x0, 0x0, 0x74, 0xff, 0xf9, 0x2b,
    0x0, 0x0, 0xa1, 0xff, 0xe4, 0xf, 0x0, 0x0,
    0x0, 0x0, 0x0, 0x3, 0xc9, 0xff, 0xc9, 0x3,
    0x48, 0xff, 0xff, 0x4b, 0x0, 0x0, 0x0, 0x0,
    0x0, 0x0, 0x0, 0x2a, 0xf9, 0xff, 0x74,

    /* U+0059 "Y" */
    0x67, 0xff, 0xfc, 0x31, 0x0, 0x0, 0x0, 0x0,
    0x0, 0x0, 0xb, 0xe2, 0xff, 0xa7, 0x1, 0xc2,
    0xff, 0xc9, 0x2, 0x0, 0x0, 0x0, 0x0, 0x0,
    0x88, 0xff, 0xef, 0x17, 0x0, 0x27, 0xf8, 0xff,
    0x69, 0x0, 0x0, 0x0, 0x0, 0x27, 0xf9, 0xff,
    0x67, 0x0, 0x0, 0x0, 0x7d, 0xff, 0xef, 0x17,
    0x0, 0x0, 0x0, 0xbb, 0xff, 0xc5, 0x1, 0x0,
    0x0, 0x0, 0x5, 0xd4, 0xff, 0xa4, 0x0, 0x0,
    0x56, 0xff, 0xfa, 0x2c, 0x0, 0x0, 0x0, 0x0,
    0x0, 0x39, 0xfd, 0xff, 0x42, 0xb, 0xe3, 0xff,
    0x87, 0x0, 0x0, 0x0, 0x0, 0x0, 0x0, 0x0,
    0x93, 0xff, 0xd8, 0x91, 0xff, 0xdd, 0x9, 0x0,
    0x0, 0x0, 0x0, 0x0, 0x0, 0x0, 0xd, 0xe3,
    0xff, 0xff, 0xff, 0x47, 0x0, 0x0, 0x0, 0x0,
    0x0, 0x0, 0x0, 0x0, 0x0, 0x4d, 0xff, 0xff,
    0xa7, 0x0, 0x0, 0x0, 0x0, 0x0, 0x0, 0x0,
    0x0, 0x0, 0x0, 0x0, 0xec, 0xff, 0x48, 0x0,
    0x0, 0x0, 0x0, 0x0, 0x0, 0x0, 0x0, 0x0,
    0x0, 0x0, 0xec, 0xff, 0x48, 0x0, 0x0, 0x0,
    0x0, 0x0, 0x0, 0x0, 0x0, 0x0, 0x0, 0x0,
    0xec, 0xff, 0x48, 0x0, 0x0, 0x0, 0x0, 0x0,
    0x0, 0x0, 0x0, 0x0, 0x0, 0x0, 0xec, 0xff,
    0x48, 0x0, 0x0, 0x0, 0x0, 0x0, 0x0, 0x0,
    0x0, 0x0, 0x0, 0x0, 0xec, 0xff, 0x48, 0x0,
    0x0, 0x0, 0x0, 0x0, 0x0, 0x0, 0x0, 0x0,
    0x0, 0x0, 0xec, 0xff, 0x48, 0x0, 0x0, 0x0,
    0x0, 0x0, 0x0, 0x0, 0x0, 0x0, 0x0, 0x0,
    0xec, 0xff, 0x48, 0x0, 0x0, 0x0, 0x0, 0x0,
    0x0, 0x0, 0x0, 0x0, 0x0, 0x0, 0xec, 0xff,
    0x48, 0x0, 0x0, 0x0, 0x0, 0x0,

    /* U+005A "Z" */
    0x0, 0xd8, 0xff, 0xff, 0xff, 0xff, 0xff, 0xff,
    0xff, 0xff, 0xff, 0xff, 0x7c, 0x0, 0xd8, 0xff,
    0xff, 0xff, 0xff, 0xff, 0xff, 0xff, 0xff, 0xff,
    0xff, 0x7c, 0x0, 0x14, 0x18, 0x18, 0x18, 0x18,
    0x18, 0x18, 0x18, 0x79, 0xff, 0xff, 0x4c, 0x0,
    0x0, 0x0, 0x0, 0x0, 0x0, 0x0, 0x0, 0x27,
    0xf4, 0xff, 0x99, 0x0, 0x0, 0x0, 0x0, 0x0,
    0x0, 0x0, 0x0, 0x6, 0xcf, 0xff, 0xd6, 0xa,
    0x0, 0x0, 0x0, 0x0, 0x0, 0x0, 0x0, 0x0,
    0x90, 0xff, 0xf8, 0x2f, 0x0, 0x0, 0x0, 0x0,
    0x0, 0x0, 0x0, 0x0, 0x49, 0xfe, 0xff, 0x6d,
    0x0, 0x0, 0x0, 0x0, 0x0, 0x0, 0x0, 0x0,
    0x18, 0xe9, 0xff, 0xb4, 0x0, 0x0, 0x0, 0x0,
    0x0, 0x0, 0x0, 0x0, 0x1, 0xb9, 0xff, 0xe6,
    0x14, 0x0, 0x0, 0x0, 0x0, 0x0, 0x0, 0x0,
    0x0, 0x75, 0xff, 0xfe, 0x43, 0x0, 0x0, 0x0,
    0x0, 0x0, 0x0, 0x0, 0x0, 0x33, 0xfa, 0xff,
    0x88, 0x0, 0x0, 0x0, 0x0, 0x0, 0x0, 0x0,
    0x0, 0xc, 0xda, 0xff, 0xc9, 0x5, 0x0, 0x0,
    0x0, 0x0, 0x0, 0x0, 0x0, 0x0, 0xa1, 0xff,
    0xf2, 0x23, 0x0, 0x0, 0x0, 0x0, 0x0, 0x0,
    0x0, 0x0, 0x5a, 0xff, 0xff, 0x5c, 0x0, 0x0,
    0x0, 0x0, 0x0, 0x0, 0x0, 0x0, 0x1a, 0xf1,
    0xff, 0xb3, 0x18, 0x18, 0x18, 0x18, 0x18, 0x18,
    0x18, 0x18, 0xd, 0x3c, 0xff, 0xff, 0xff, 0xff,
    0xff, 0xff, 0xff, 0xff, 0xff, 0xff, 0xff, 0x94,
    0x3c, 0xff, 0xff, 0xff, 0xff, 0xff, 0xff, 0xff,
    0xff, 0xff, 0xff, 0xff, 0x94,

    /* U+005B "[" */
    0x36, 0xcc, 0xcc, 0xcc, 0xcc, 0x7f, 0x44, 0xff,
    0xff, 0xff, 0xff, 0xa0, 0x44, 0xff, 0xc0, 0x0,
    0x0, 0x0, 0x44, 0xff, 0xc0, 0x0, 0x0, 0x0,
    0x44, 0xff, 0xc0, 0x0, 0x0, 0x0, 0x44, 0xff,
    0xc0, 0x0, 0x0, 0x0, 0x44, 0xff, 0xc0, 0x0,
    0x0, 0x0, 0x44, 0xff, 0xc0, 0x0, 0x0, 0x0,
    0x44, 0xff, 0xc0, 0x0, 0x0, 0x0, 0x44, 0xff,
    0xc0, 0x0, 0x0, 0x0, 0x44, 0xff, 0xc0, 0x0,
    0x0, 0x0, 0x44, 0xff, 0xc0, 0x0, 0x0, 0x0,
    0x44, 0xff, 0xc0, 0x0, 0x0, 0x0, 0x44, 0xff,
    0xc0, 0x0, 0x0, 0x0, 0x44, 0xff, 0xc0, 0x0,
    0x0, 0x0, 0x44, 0xff, 0xc0, 0x0, 0x0, 0x0,
    0x44, 0xff, 0xc0, 0x0, 0x0, 0x0, 0x44, 0xff,
    0xc0, 0x0, 0x0, 0x0, 0x44, 0xff, 0xc0, 0x0,
    0x0, 0x0, 0x44, 0xff, 0xc0, 0x0, 0x0, 0x0,
    0x44, 0xff, 0xf3, 0xcc, 0xcc, 0x7f, 0x44, 0xff,
    0xff, 0xff, 0xff, 0xa0,

    /* U+005C "\\" */
    0x27, 0xfe, 0xe7, 0x5, 0x0, 0x0, 0x0, 0x0,
    0x0, 0x0, 0x0, 0xbb, 0xff, 0x58, 0x0, 0x0,
    0x0, 0x0, 0x0, 0x0, 0x0, 0x4f, 0xff, 0xc3,
    0x0, 0x0, 0x0, 0x0, 0x0, 0x0, 0x0, 0x3,
    0xe0, 0xff, 0x2f, 0x0, 0x0, 0x0, 0x0, 0x0,
    0x0, 0x0, 0x78, 0xff, 0x9a, 0x0, 0x0, 0x0,
    0x0, 0x0, 0x0, 0x0, 0x14, 0xf8, 0xf5, 0x10,
    0x0, 0x0, 0x0, 0x0, 0x0, 0x0, 0x0, 0xa1,
    0xff, 0x71, 0x0, 0x0, 0x0, 0x0, 0x0, 0x0,
    0x0, 0x36, 0xff, 0xda, 0x1, 0x0, 0x0, 0x0,
    0x0, 0x0, 0x0, 0x0, 0xca, 0xff, 0x47, 0x0,
    0x0, 0x0, 0x0, 0x0, 0x0, 0x0, 0x5f, 0xff,
    0xb2, 0x0, 0x0, 0x0, 0x0, 0x0, 0x0, 0x0,
    0x7, 0xeb, 0xfd, 0x20, 0x0, 0x0, 0x0, 0x0,
    0x0, 0x0, 0x0, 0x88, 0xff, 0x89, 0x0, 0x0,
    0x0, 0x0, 0x0, 0x0, 0x0, 0x1f, 0xfd, 0xec,
    0x8, 0x0, 0x0, 0x0, 0x0, 0x0, 0x0, 0x0,
    0xb1, 0xff, 0x60, 0x0, 0x0, 0x0, 0x0, 0x0,
    0x0, 0x0, 0x45, 0xff, 0xcb, 0x0, 0x0, 0x0,
    0x0, 0x0, 0x0, 0x0, 0x1, 0xd8, 0xff, 0x36,
    0x0, 0x0, 0x0, 0x0, 0x0, 0x0, 0x0, 0x6e,
    0xff, 0xa2,

    /* U+005D "]" */
    0x2f, 0xcc, 0xcc, 0xcc, 0xcc, 0x85, 0x3c, 0xff,
    0xff, 0xff, 0xff, 0xa8, 0x0, 0x0, 0x0, 0x5c,
    0xff, 0xa8, 0x0, 0x0, 0x0, 0x5c, 0xff, 0xa8,
    0x0, 0x0, 0x0, 0x5c, 0xff, 0xa8, 0x0, 0x0,
    0x0, 0x5c, 0xff, 0xa8, 0x0, 0x0, 0x0, 0x5c,
    0xff, 0xa8, 0x0, 0x0, 0x0, 0x5c, 0xff, 0xa8,
    0x0, 0x0, 0x0, 0x5c, 0xff, 0xa8, 0x0, 0x0,
    0x0, 0x5c, 0xff, 0xa8, 0x0, 0x0, 0x0, 0x5c,
    0xff, 0xa8, 0x0, 0x0, 0x0, 0x5c, 0xff, 0xa8,
    0x0, 0x0, 0x0, 0x5c, 0xff, 0xa8, 0x0, 0x0,
    0x0, 0x5c, 0xff, 0xa8, 0x0, 0x0, 0x0, 0x5c,
    0xff, 0xa8, 0x0, 0x0, 0x0, 0x5c, 0xff, 0xa8,
    0x0, 0x0, 0x0, 0x5c, 0xff, 0xa8, 0x0, 0x0,
    0x0, 0x5c, 0xff, 0xa8, 0x0, 0x0, 0x0, 0x5c,
    0xff, 0xa8, 0x0, 0x0, 0x0, 0x5c, 0xff, 0xa8,
    0x2f, 0xcc, 0xcc, 0xde, 0xff, 0xa8, 0x3c, 0xff,
    0xff, 0xff, 0xff, 0xa8,

    /* U+005E "^" */
    0x0, 0x0, 0x0, 0x0, 0x2f, 0x80, 0x53, 0x0,
    0x0, 0x0, 0x0, 0x0, 0x0, 0x0, 0x3, 0xce,
    0xff, 0xf7, 0x21, 0x0, 0x0, 0x0, 0x0, 0x0,
    0x0, 0x6c, 0xff, 0xe6, 0xff, 0xb1, 0x0, 0x0,
    0x0, 0x0, 0x0, 0x15, 0xef, 0xfa, 0x27, 0xd3,
    0xff, 0x4a, 0x0, 0x0, 0x0, 0x0, 0x9f, 0xff,
    0x8e, 0x0, 0x47, 0xff, 0xdc, 0x7, 0x0, 0x0,
    0x39, 0xfe, 0xed, 0x11, 0x0, 0x0, 0xb8, 0xff,
    0x7c, 0x0, 0x3, 0xce, 0xff, 0x6f, 0x0, 0x0,
    0x0, 0x2b, 0xfc, 0xf6, 0x1f, 0x6b, 0xff, 0xda,
    0x5, 0x0, 0x0, 0x0, 0x0, 0x98, 0xff, 0xaf,

    /* U+005F "_" */
    0xcc, 0xcc, 0xcc, 0xcc, 0xcc, 0xcc, 0xcc, 0xcc,
    0xcc, 0xcc, 0xcc, 0x69, 0xff, 0xff, 0xff, 0xff,
    0xff, 0xff, 0xff, 0xff, 0xff, 0xff, 0xff, 0x84,

    /* U+0060 "`" */
    0x5, 0x8, 0x5, 0x0, 0x66, 0xff, 0xe6, 0x4,
    0x2, 0xd1, 0xff, 0x55, 0x0, 0x41, 0xff, 0xbf,

    /* U+0061 "a" */
    0x0, 0x0, 0x23, 0x97, 0xdc, 0xf7, 0xf3, 0xca,
    0x72, 0x6, 0x0, 0x0, 0x0, 0x4d, 0xf6, 0xff,
    0xff, 0xf9, 0xfd, 0xff, 0xff, 0xc7, 0xc, 0x0,
    0x0, 0x66, 0xe7, 0xbe, 0x32, 0x0, 0x8, 0x55,
    0xe9, 0xff, 0x8e, 0x0, 0x0, 0x0, 0xa, 0x5,
    0x0, 0x0, 0x0, 0x0, 0x46, 0xff, 0xeb, 0x0,
    0x0, 0x0, 0x35, 0xa7, 0xe4, 0xfa, 0xec, 0xca,
    0x7c, 0xff, 0xff, 0xf, 0x0, 0x5f, 0xfd, 0xff,
    0xfb, 0xd9, 0xd1, 0xf2, 0xff, 0xff, 0xff, 0x18,
    0x10, 0xf5, 0xff, 0xc0, 0x1f, 0x0, 0x0, 0x3,
    0x61, 0xff, 0xff, 0x18, 0x47, 0xff, 0xff, 0x19,
    0x0, 0x0, 0x0, 0x0, 0x2f, 0xff, 0xff, 0x18,
    0x46, 0xff, 0xfe, 0x13, 0x0, 0x0, 0x0, 0x1,
    0xb0, 0xff, 0xff, 0x18, 0xe, 0xf2, 0xff, 0xb8,
    0x1f, 0x0, 0x23, 0xac, 0xff, 0xff, 0xff, 0x18,
    0x0, 0x5d, 0xfd, 0xff, 0xff, 0xf7, 0xff, 0xff,
    0x7e, 0xff, 0xff, 0x18, 0x0, 0x0, 0x3c, 0xb5,
    0xf0, 0xf7, 0xcb, 0x55, 0x8, 0xff, 0xff, 0x18,

    /* U+0062 "b" */
    0xa8, 0xff, 0x8c, 0x0, 0x0, 0x0, 0x0, 0x0,
    0x0, 0x0, 0x0, 0x0, 0x0, 0xa8, 0xff, 0x8c,
    0x0, 0x0, 0x0, 0x0, 0x0, 0x0, 0x0, 0x0,
    0x0, 0x0, 0xa8, 0xff, 0x8c, 0x0, 0x0, 0x0,
    0x0, 0x0, 0x0, 0x0, 0x0, 0x0, 0x0, 0xa8,
    0xff, 0x8c, 0x0, 0x0, 0x0, 0x0, 0x0, 0x0,
    0x0, 0x0, 0x0, 0x0, 0xa8, 0xff, 0x8c, 0x0,
    0x0, 0x0, 0x0, 0x0, 0x0, 0x0, 0x0, 0x0,
    0x0, 0xa8, 0xff, 0x88, 0x14, 0x8f, 0xde, 0xf9,
    0xe5, 0x9d, 0x21, 0x0, 0x0, 0x0, 0xa8, 0xff,
    0x9b, 0xe5, 0xff, 0xff, 0xff, 0xff, 0xff, 0xf3,
    0x42, 0x0, 0x0, 0xa8, 0xff, 0xff, 0xf3, 0x68,
    0x12, 0x5, 0x3d, 0xca, 0xff, 0xf0, 0x20, 0x0,
    0xa8, 0xff, 0xfe, 0x3f, 0x0, 0x0, 0x0, 0x0,
    0xa, 0xd2, 0xff, 0xa1, 0x0, 0xa8, 0xff, 0xb6,
    0x0, 0x0, 0x0, 0x0, 0x0, 0x0, 0x54, 0xff,
    0xf1, 0x4, 0xa8, 0xff, 0x7e, 0x0, 0x0, 0x0,
    0x0, 0x0, 0x0, 0x1b, 0xff, 0xff, 0x1c, 0xa8,
    0xff, 0x7e, 0x0, 0x0, 0x0, 0x0, 0x0, 0x0,
    0x1b, 0xff, 0xff, 0x1c, 0xa8, 0xff, 0xb5, 0x0,
    0x0, 0x0, 0x0, 0x0, 0x0, 0x53, 0xff, 0xf2,
    0x4, 0xa8, 0xff, 0xfd, 0x3c, 0x0, 0x0, 0x0,
    0x0, 0x9, 0xd1, 0xff, 0xa2, 0x0, 0xa8, 0xff,
    0xff, 0xf1, 0x66, 0x10, 0x4, 0x3c, 0xc9, 0xff,
    0xf1, 0x22, 0x0, 0xa8, 0xff, 0x94, 0xe5, 0xff,
    0xff, 0xff, 0xff, 0xff, 0xf3, 0x43, 0x0, 0x0,
    0xa8, 0xff, 0x74, 0x14, 0x8f, 0xdf, 0xf9, 0xe5,
    0x9e, 0x22, 0x0, 0x0, 0x0,

    /* U+0063 "c" */
    0x0, 0x0, 0x0, 0x27, 0x9b, 0xde, 0xf8, 0xe5,
    0xb5, 0x48, 0x0, 0x0, 0x0, 0x0, 0x60, 0xf9,
    0xff, 0xff, 0xff, 0xff, 0xff, 0xff, 0x8e, 0x1,
    0x0, 0x45, 0xfd, 0xff, 0xb2, 0x2c, 0x3, 0x1d,
    0x85, 0xfe, 0xff, 0x64, 0x0, 0xd2, 0xff, 0xb0,
    0x1, 0x0, 0x0, 0x0, 0x0, 0x80, 0xd3, 0x5f,
    0x25, 0xff, 0xff, 0x26, 0x0, 0x0, 0x0, 0x0,
    0x0, 0x2, 0x0, 0x0, 0x49, 0xff, 0xeb, 0x0,
    0x0, 0x0, 0x0, 0x0, 0x0, 0x0, 0x0, 0x0,
    0x4a, 0xff, 0xea, 0x0, 0x0, 0x0, 0x0, 0x0,
    0x0, 0x0, 0x0, 0x0, 0x24, 0xff, 0xff, 0x25,
    0x0, 0x0, 0x0, 0x0, 0x0, 0x0, 0x1, 0x0,
    0x0, 0xd0, 0xff, 0xb0, 0x1, 0x0, 0x0, 0x0,
    0x0, 0x63, 0xdc, 0x6d, 0x0, 0x43, 0xfd, 0xff,
    0xb2, 0x2c, 0x3, 0x1a, 0x79, 0xfa, 0xff, 0x79,
    0x0, 0x0, 0x61, 0xf9, 0xff, 0xff, 0xff, 0xff,
    0xff, 0xff, 0x9e, 0x4, 0x0, 0x0, 0x0, 0x28,
    0x9c, 0xe0, 0xf9, 0xe7, 0xb9, 0x4f, 0x0, 0x0,

    /* U+0064 "d" */
    0x0, 0x0, 0x0, 0x0, 0x0, 0x0, 0x0, 0x0,
    0x0, 0x0, 0xbc, 0xff, 0x7c, 0x0, 0x0, 0x0,
    0x0, 0x0, 0x0, 0x0, 0x0, 0x0, 0x0, 0xbc,
    0xff, 0x7c, 0x0, 0x0, 0x0, 0x0, 0x0, 0x0,
    0x0, 0x0, 0x0, 0x0, 0xbc, 0xff, 0x7c, 0x0,
    0x0, 0x0, 0x0, 0x0, 0x0, 0x0, 0x0, 0x0,
    0x0, 0xbc, 0xff, 0x7c, 0x0, 0x0, 0x0, 0x0,
    0x0, 0x0, 0x0, 0x0, 0x0, 0x0, 0xbc, 0xff,
    0x7c, 0x0, 0x0, 0x0, 0x36, 0xae, 0xeb, 0xf7,
    0xd4, 0x79, 0x7, 0xb8, 0xff, 0x7c, 0x0, 0x0,
    0x6a, 0xfd, 0xff, 0xff, 0xff, 0xff, 0xff, 0xcb,
    0xb4, 0xff, 0x7c, 0x0, 0x45, 0xfe, 0xff, 0xae,
    0x2c, 0x3, 0x1b, 0x83, 0xfd, 0xff, 0xff, 0x7c,
    0x0, 0xd0, 0xff, 0xab, 0x1, 0x0, 0x0, 0x0,
    0x0, 0x6f, 0xff, 0xff, 0x7c, 0x23, 0xff, 0xff,
    0x23, 0x0, 0x0, 0x0, 0x0, 0x0, 0x2, 0xe2,
    0xff, 0x7c, 0x49, 0xff, 0xea, 0x0, 0x0, 0x0,
    0x0, 0x0, 0x0, 0x0, 0xab, 0xff, 0x7c, 0x4a,
    0xff, 0xea, 0x0, 0x0, 0x0, 0x0, 0x0, 0x0,
    0x0, 0xab, 0xff, 0x7c, 0x24, 0xff, 0xff, 0x22,
    0x0, 0x0, 0x0, 0x0, 0x0, 0x2, 0xe0, 0xff,
    0x7c, 0x0, 0xd0, 0xff, 0xaa, 0x0, 0x0, 0x0,
    0x0, 0x0, 0x6b, 0xff, 0xff, 0x7c, 0x0, 0x45,
    0xfe, 0xff, 0xad, 0x2c, 0x2, 0x19, 0x80, 0xfd,
    0xff, 0xff, 0x7c, 0x0, 0x0, 0x6b, 0xfd, 0xff,
    0xff, 0xff, 0xff, 0xff, 0xcb, 0xac, 0xff, 0x7c,
    0x0, 0x0, 0x0, 0x36, 0xae, 0xec, 0xf7, 0xd5,
    0x7a, 0x7, 0xa0, 0xff, 0x7c,

    /* U+0065 "e" */
    0x0, 0x0, 0x0, 0x36, 0xaa, 0xe7, 0xfa, 0xe9,
    0xb3, 0x49, 0x0, 0x0, 0x0, 0x0, 0x0, 0x70,
    0xfe, 0xff, 0xff, 0xff, 0xff, 0xff, 0xff, 0x90,
    0x0, 0x0, 0x0, 0x4c, 0xff, 0xfc, 0x80, 0x1e,
    0x4, 0x1d, 0x77, 0xf9, 0xff, 0x5e, 0x0, 0x0,
    0xd6, 0xff, 0x73, 0x0, 0x0, 0x0, 0x0, 0x0,
    0x6c, 0xff, 0xd4, 0x0, 0x26, 0xff, 0xff, 0xd6,
    0xd0, 0xd0, 0xd0, 0xd0, 0xd0, 0xd9, 0xff, 0xff,
    0x12, 0x49, 0xff, 0xff, 0xff, 0xff, 0xff, 0xff,
    0xff, 0xff, 0xff, 0xff, 0xff, 0x29, 0x4a, 0xff,
    0xf8, 0x1, 0x0, 0x0, 0x0, 0x0, 0x0, 0x0,
    0x0, 0x0, 0x0, 0x26, 0xff, 0xff, 0x36, 0x0,
    0x0, 0x0, 0x0, 0x0, 0x1, 0xa, 0x0, 0x0,
    0x0, 0xd5, 0xff, 0xbe, 0x4, 0x0, 0x0, 0x0,
    0x0, 0x73, 0xe8, 0x6d, 0x0, 0x0, 0x4b, 0xfe,
    0xff, 0xbd, 0x35, 0x3, 0x1a, 0x85, 0xfe, 0xff,
    0x82, 0x0, 0x0, 0x0, 0x6c, 0xfc, 0xff, 0xff,
    0xff, 0xff, 0xff, 0xff, 0x98, 0x4, 0x0, 0x0,
    0x0, 0x0, 0x30, 0xa3, 0xe4, 0xf9, 0xe4, 0xb1,
    0x46, 0x0, 0x0, 0x0,

    /* U+0066 "f" */
    0x0, 0x0, 0x0, 0x1, 0x60, 0xcd, 0xf3, 0xed,
    0x78, 0x0, 0x0, 0x0, 0x90, 0xff, 0xff, 0xff,
    0xff, 0x62, 0x0, 0x0, 0x14, 0xfd, 0xff, 0x99,
    0x18, 0x27, 0xb, 0x0, 0x0, 0x35, 0xff, 0xfe,
    0xb, 0x0, 0x0, 0x0, 0x0, 0x0, 0x38, 0xff,
    0xfc, 0x0, 0x0, 0x0, 0x0, 0x6c, 0xff, 0xff,
    0xff, 0xff, 0xff, 0xff, 0xff, 0x10, 0x6c, 0xff,
    0xff, 0xff, 0xff, 0xff, 0xff, 0xff, 0x10, 0x0,
    0x0, 0x38, 0xff, 0xfc, 0x0, 0x0, 0x0, 0x0,
    0x0, 0x0, 0x38, 0xff, 0xfc, 0x0, 0x0, 0x0,
    0x0, 0x0, 0x0, 0x38, 0xff, 0xfc, 0x0, 0x0,
    0x0, 0x0, 0x0, 0x0, 0x38, 0xff, 0xfc, 0x0,
    0x0, 0x0, 0x0, 0x0, 0x0, 0x38, 0xff, 0xfc,
    0x0, 0x0, 0x0, 0x0, 0x0, 0x0, 0x38, 0xff,
    0xfc, 0x0, 0x0, 0x0, 0x0, 0x0, 0x0, 0x38,
    0xff, 0xfc, 0x0, 0x0, 0x0, 0x0, 0x0, 0x0,
    0x38, 0xff, 0xfc, 0x0, 0x0, 0x0, 0x0, 0x0,
    0x0, 0x38, 0xff, 0xfc, 0x0, 0x0, 0x0, 0x0,
    0x0, 0x0, 0x38, 0xff, 0xfc, 0x0, 0x0, 0x0,
    0x0,

    /* U+0067 "g" */
    0x0, 0x0, 0x0, 0x36, 0xae, 0xeb, 0xf7, 0xd4,
    0x78, 0x6, 0xa0, 0xff, 0x7c, 0x0, 0x0, 0x6a,
    0xfd, 0xff, 0xff, 0xff, 0xff, 0xff, 0xc8, 0xab,
    0xff, 0x7c, 0x0, 0x46, 0xfe, 0xff, 0xae, 0x2c,
    0x3, 0x1b, 0x83, 0xfd, 0xff, 0xff, 0x7c, 0x0,
    0xd1, 0xff, 0xab, 0x1, 0x0, 0x0, 0x0, 0x0,
    0x6f, 0xff, 0xff, 0x7c, 0x24, 0xff, 0xff, 0x23,
    0x0, 0x0, 0x0, 0x0, 0x0, 0x2, 0xe2, 0xff,
    0x7c, 0x49, 0xff, 0xea, 0x0, 0x0, 0x0, 0x0,
    0x0, 0x0, 0x0, 0xab, 0xff, 0x7c, 0x4a, 0xff,
    0xea, 0x0, 0x0, 0x0, 0x0, 0x0, 0x0, 0x0,
    0xab, 0xff, 0x7c, 0x24, 0xff, 0xff, 0x22, 0x0,
    0x0, 0x0, 0x0, 0x0, 0x2, 0xe0, 0xff, 0x7c,
    0x0, 0xd2, 0xff, 0xaa, 0x0, 0x0, 0x0, 0x0,
    0x0, 0x6b, 0xff, 0xff, 0x7c, 0x0, 0x48, 0xfe,
    0xff, 0xad, 0x2c, 0x2, 0x19, 0x80, 0xfd, 0xff,
    0xff, 0x7c, 0x0, 0x0, 0x6e, 0xfe, 0xff, 0xff,
    0xff, 0xff, 0xff, 0xc8, 0xab, 0xff, 0x7c, 0x0,
    0x0, 0x0, 0x38, 0xaf, 0xed, 0xf7, 0xd4, 0x78,
    0x6, 0xa8, 0xff, 0x72, 0x0, 0x0, 0x1, 0x8,
    0x0, 0x0, 0x0, 0x0, 0x0, 0x0, 0xd5, 0xff,
    0x55, 0x0, 0x63, 0xdb, 0x9e, 0x0, 0x0, 0x0,
    0x0, 0x0, 0x4d, 0xff, 0xf9, 0x15, 0x0, 0x61,
    0xff, 0xff, 0x9f, 0x28, 0x3, 0x16, 0x6d, 0xf4,
    0xff, 0x90, 0x0, 0x0, 0x1, 0x89, 0xff, 0xff,
    0xff, 0xff, 0xff, 0xff, 0xff, 0xb1, 0x6, 0x0,
    0x0, 0x0, 0x0, 0x3d, 0xaa, 0xde, 0xf9, 0xed,
    0xba, 0x58, 0x1, 0x0, 0x0,

    /* U+0068 "h" */
    0xa8, 0xff, 0x8c, 0x0, 0x0, 0x0, 0x0, 0x0,
    0x0, 0x0, 0x0, 0xa8, 0xff, 0x8c, 0x0, 0x0,
    0x0, 0x0, 0x0, 0x0, 0x0, 0x0, 0xa8, 0xff,
    0x8c, 0x0, 0x0, 0x0, 0x0, 0x0, 0x0, 0x0,
    0x0, 0xa8, 0xff, 0x8c, 0x0, 0x0, 0x0, 0x0,
    0x0, 0x0, 0x0, 0x0, 0xa8, 0xff, 0x8c, 0x0,
    0x0, 0x0, 0x0, 0x0, 0x0, 0x0, 0x0, 0xa8,
    0xff, 0x88, 0x17, 0x95, 0xe5, 0xf9, 0xdb, 0x88,
    0xb, 0x0, 0xa8, 0xff, 0x9c, 0xe8, 0xff, 0xff,
    0xff, 0xff, 0xff, 0xc5, 0x5, 0xa8, 0xff, 0xff,
    0xe8, 0x4d, 0x6, 0x1b, 0x8c, 0xff, 0xff, 0x5f,
    0xa8, 0xff, 0xff, 0x3d, 0x0, 0x0, 0x0, 0x0,
    0xc6, 0xff, 0xa6, 0xa8, 0xff, 0xc2, 0x0, 0x0,
    0x0, 0x0, 0x0, 0x89, 0xff, 0xbf, 0xa8, 0xff,
    0x95, 0x0, 0x0, 0x0, 0x0, 0x0, 0x74, 0xff,
    0xc4, 0xa8, 0xff, 0x8c, 0x0, 0x0, 0x0, 0x0,
    0x0, 0x74, 0xff, 0xc4, 0xa8, 0xff, 0x8c, 0x0,
    0x0, 0x0, 0x0, 0x0, 0x74, 0xff, 0xc4, 0xa8,
    0xff, 0x8c, 0x0, 0x0, 0x0, 0x0, 0x0, 0x74,
    0xff, 0xc4, 0xa8, 0xff, 0x8c, 0x0, 0x0, 0x0,
    0x0, 0x0, 0x74, 0xff, 0xc4, 0xa8, 0xff, 0x8c,
    0x0, 0x0, 0x0, 0x0, 0x0, 0x74, 0xff, 0xc4,
    0xa8, 0xff, 0x8c, 0x0, 0x0, 0x0, 0x0, 0x0,
    0x74, 0xff, 0xc4,

    /* U+0069 "i" */
    0x6e, 0xf2, 0xaa, 0x2, 0xdf, 0xff, 0xff, 0x26,
    0x7f, 0xfe, 0xbe, 0x4, 0x0, 0x8, 0x0, 0x0,
    0x0, 0x0, 0x0, 0x0, 0x78, 0xff, 0xc0, 0x0,
    0x78, 0xff, 0xc0, 0x0, 0x78, 0xff, 0xc0, 0x0,
    0x78, 0xff, 0xc0, 0x0, 0x78, 0xff, 0xc0, 0x0,
    0x78, 0xff, 0xc0, 0x0, 0x78, 0xff, 0xc0, 0x0,
    0x78, 0xff, 0xc0, 0x0, 0x78, 0xff, 0xc0, 0x0,
    0x78, 0xff, 0xc0, 0x0, 0x78, 0xff, 0xc0, 0x0,
    0x78, 0xff, 0xc0, 0x0,

    /* U+006A "j" */
    0x0, 0x0, 0x0, 0x6e, 0xf2, 0xaa, 0x2, 0x0,
    0x0, 0x0, 0xdf, 0xff, 0xff, 0x26, 0x0, 0x0,
    0x0, 0x7f, 0xfe, 0xbe, 0x4, 0x0, 0x0, 0x0,
    0x0, 0x8, 0x0, 0x0, 0x0, 0x0, 0x0, 0x0,
    0x0, 0x0, 0x0, 0x0, 0x0, 0x0, 0x78, 0xff,
    0xc0, 0x0, 0x0, 0x0, 0x0, 0x78, 0xff, 0xc0,
    0x0, 0x0, 0x0, 0x0, 0x78, 0xff, 0xc0, 0x0,
    0x0, 0x0, 0x0, 0x78, 0xff, 0xc0, 0x0, 0x0,
    0x0, 0x0, 0x78, 0xff, 0xc0, 0x0, 0x0, 0x0,
    0x0, 0x78, 0xff, 0xc0, 0x0, 0x0, 0x0, 0x0,
    0x78, 0xff, 0xc0, 0x0, 0x0, 0x0, 0x0, 0x78,
    0xff, 0xc0, 0x0, 0x0, 0x0, 0x0, 0x78, 0xff,
    0xc0, 0x0, 0x0, 0x0, 0x0, 0x78, 0xff, 0xc0,
    0x0, 0x0, 0x0, 0x0, 0x78, 0xff, 0xc0, 0x0,
    0x0, 0x0, 0x0, 0x78, 0xff, 0xc0, 0x0, 0x0,
    0x0, 0x0, 0x78, 0xff, 0xc0, 0x0, 0x0, 0x0,
    0x0, 0x7f, 0xff, 0xb0, 0x0, 0x0, 0x9, 0x12,
    0xcc, 0xff, 0x8d, 0x0, 0x0, 0xb1, 0xff, 0xff,
    0xfc, 0x27, 0x0, 0x2, 0xd5, 0xf2, 0xc8, 0x43,
    0x0, 0x0,

    /* U+006B "k" */
    0xa8, 0xff, 0x8c, 0x0, 0x0, 0x0, 0x0, 0x0,
    0x0, 0x0, 0x0, 0xa8, 0xff, 0x8c, 0x0, 0x0,
    0x0, 0x0, 0x0, 0x0, 0x0, 0x0, 0xa8, 0xff,
    0x8c, 0x0, 0x0, 0x0, 0x0, 0x0, 0x0, 0x0,
    0x0, 0xa8, 0xff, 0x8c, 0x0, 0x0, 0x0, 0x0,
    0x0, 0x0, 0x0, 0x0, 0xa8, 0xff, 0x8c, 0x0,
    0x0, 0x0, 0x0, 0x0, 0x0, 0x0, 0x0, 0xa8,
    0xff, 0x8c, 0x0, 0x0, 0x0, 0xd, 0xc9, 0xff,
    0xe9, 0x28, 0xa8, 0xff, 0x8c, 0x0, 0x0, 0xa,
    0xc3, 0xff, 0xeb, 0x2b, 0x0, 0xa8, 0xff, 0x8c,
    0x0, 0x8, 0xbc, 0xff, 0xed, 0x2e, 0x0, 0x0,
    0xa8, 0xff, 0x8c, 0x6, 0xb5, 0xff, 0xef, 0x32,
    0x0, 0x0, 0x0, 0xa8, 0xff, 0x90, 0xae, 0xff,
    0xfc, 0x36, 0x0, 0x0, 0x0, 0x0, 0xa8, 0xff,
    0xf6, 0xff, 0xff, 0xff, 0x60, 0x0, 0x0, 0x0,
    0x0, 0xa8, 0xff, 0xff, 0xf6, 0xb6, 0xff, 0xef,
    0x1a, 0x0, 0x0, 0x0, 0xa8, 0xff, 0xf6, 0x45,
    0xa, 0xdd, 0xff, 0xb3, 0x0, 0x0, 0x0, 0xa8,
    0xff, 0x90, 0x0, 0x0, 0x42, 0xff, 0xff, 0x5d,
    0x0, 0x0, 0xa8, 0xff, 0x8c, 0x0, 0x0, 0x0,
    0x9a, 0xff, 0xee, 0x18, 0x0, 0xa8, 0xff, 0x8c,
    0x0, 0x0, 0x0, 0xe, 0xe4, 0xff, 0xb0, 0x0,
    0xa8, 0xff, 0x8c, 0x0, 0x0, 0x0, 0x0, 0x4c,
    0xff, 0xff, 0x5b,

    /* U+006C "l" */
    0xa8, 0xff, 0x8c, 0xa8, 0xff, 0x8c, 0xa8, 0xff,
    0x8c, 0xa8, 0xff, 0x8c, 0xa8, 0xff, 0x8c, 0xa8,
    0xff, 0x8c, 0xa8, 0xff, 0x8c, 0xa8, 0xff, 0x8c,
    0xa8, 0xff, 0x8c, 0xa8, 0xff, 0x8c, 0xa8, 0xff,
    0x8c, 0xa8, 0xff, 0x8c, 0xa8, 0xff, 0x8c, 0xa8,
    0xff, 0x8c, 0xa8, 0xff, 0x8c, 0xa8, 0xff, 0x8c,
    0xa8, 0xff, 0x8c,

    /* U+006D "m" */
    0xa8, 0xff, 0x74, 0x17, 0x96, 0xe6, 0xf4, 0xc8,
    0x53, 0x0, 0x0, 0x51, 0xc3, 0xf2, 0xf4, 0xc0,
    0x42, 0x0, 0x0, 0xa8, 0xff, 0x95, 0xe8, 0xff,
    0xff, 0xff, 0xff, 0xff, 0x69, 0x7f, 0xff, 0xff,
    0xff, 0xff, 0xff, 0xfc, 0x48, 0x0, 0xa8, 0xff,
    0xff, 0xdb, 0x3b, 0x5, 0x24, 0xb6, 0xff, 0xf7,
    0xff, 0xc3, 0x29, 0x6, 0x33, 0xd1, 0xff, 0xd1,
    0x0, 0xa8, 0xff, 0xfc, 0x2d, 0x0, 0x0, 0x0,
    0x18, 0xfc, 0xff, 0xed, 0x10, 0x0, 0x0, 0x0,
    0x43, 0xff, 0xff, 0x16, 0xa8, 0xff, 0xba, 0x0,
    0x0, 0x0, 0x0, 0x0, 0xe4, 0xff, 0x8e, 0x0,
    0x0, 0x0, 0x0, 0x14, 0xff, 0xff, 0x2f, 0xa8,
    0xff, 0x92, 0x0, 0x0, 0x0, 0x0, 0x0, 0xd4,
    0xff, 0x66, 0x0, 0x0, 0x0, 0x0, 0x4, 0xff,
    0xff, 0x34, 0xa8, 0xff, 0x8c, 0x0, 0x0, 0x0,
    0x0, 0x0, 0xd4, 0xff, 0x60, 0x0, 0x0, 0x0,
    0x0, 0x4, 0xff, 0xff, 0x34, 0xa8, 0xff, 0x8c,
    0x0, 0x0, 0x0, 0x0, 0x0, 0xd4, 0xff, 0x60,
    0x0, 0x0, 0x0, 0x0, 0x4, 0xff, 0xff, 0x34,
    0xa8, 0xff, 0x8c, 0x0, 0x0, 0x0, 0x0, 0x0,
    0xd4, 0xff, 0x60, 0x0, 0x0, 0x0, 0x0, 0x4,
    0xff, 0xff, 0x34, 0xa8, 0xff, 0x8c, 0x0, 0x0,
    0x0, 0x0, 0x0, 0xd4, 0xff, 0x60, 0x0, 0x0,
    0x0, 0x0, 0x4, 0xff, 0xff, 0x34, 0xa8, 0xff,
    0x8c, 0x0, 0x0, 0x0, 0x0, 0x0, 0xd4, 0xff,
    0x60, 0x0, 0x0, 0x0, 0x0, 0x4, 0xff, 0xff,
    0x34, 0xa8, 0xff, 0x8c, 0x0, 0x0, 0x0, 0x0,
    0x0, 0xd4, 0xff, 0x60, 0x0, 0x0, 0x0, 0x0,
    0x4, 0xff, 0xff, 0x34,

    /* U+006E "n" */
    0xa8, 0xff, 0x74, 0x17, 0x95, 0xe5, 0xf9, 0xdb,
    0x88, 0xb, 0x0, 0xa8, 0xff, 0x95, 0xe8, 0xff,
    0xff, 0xff, 0xff, 0xff, 0xc5, 0x5, 0xa8, 0xff,
    0xff, 0xde, 0x41, 0x4, 0x1c, 0x8d, 0xff, 0xff,
    0x5f, 0xa8, 0xff, 0xfd, 0x2f, 0x0, 0x0, 0x0,
    0x0, 0xc1, 0xff, 0xa6, 0xa8, 0xff, 0xba, 0x0,
    0x0, 0x0, 0x0, 0x0, 0x83, 0xff, 0xbf, 0xa8,
    0xff, 0x92, 0x0, 0x0, 0x0, 0x0, 0x0, 0x74,
    0xff, 0xc4, 0xa8, 0xff, 0x8c, 0x0, 0x0, 0x0,
    0x0, 0x0, 0x74, 0xff, 0xc4, 0xa8, 0xff, 0x8c,
    0x0, 0x0, 0x0, 0x0, 0x0, 0x74, 0xff, 0xc4,
    0xa8, 0xff, 0x8c, 0x0, 0x0, 0x0, 0x0, 0x0,
    0x74, 0xff, 0xc4, 0xa8, 0xff, 0x8c, 0x0, 0x0,
    0x0, 0x0, 0x0, 0x74, 0xff, 0xc4, 0xa8, 0xff,
    0x8c, 0x0, 0x0, 0x0, 0x0, 0x0, 0x74, 0xff,
    0xc4, 0xa8, 0xff, 0x8c, 0x0, 0x0, 0x0, 0x0,
    0x0, 0x74, 0xff, 0xc4,

    /* U+006F "o" */
    0x0, 0x0, 0x0, 0x27, 0x9b, 0xde, 0xf8, 0xee,
    0xbe, 0x5e, 0x2, 0x0, 0x0, 0x0, 0x0, 0x60,
    0xf9, 0xff, 0xff, 0xff, 0xff, 0xff, 0xff, 0xba,
    0xd, 0x0, 0x0, 0x45, 0xfd, 0xff, 0xb6, 0x32,
    0x4, 0x15, 0x70, 0xf6, 0xff, 0xaf, 0x0, 0x0,
    0xd2, 0xff, 0xaf, 0x1, 0x0, 0x0, 0x0, 0x0,
    0x43, 0xfe, 0xff, 0x40, 0x25, 0xff, 0xff, 0x24,
    0x0, 0x0, 0x0, 0x0, 0x0, 0x0, 0xb5, 0xff,
    0x93, 0x49, 0xff, 0xea, 0x0, 0x0, 0x0, 0x0,
    0x0, 0x0, 0x0, 0x7b, 0xff, 0xb8, 0x4a, 0xff,
    0xea, 0x0, 0x0, 0x0, 0x0, 0x0, 0x0, 0x0,
    0x7b, 0xff, 0xb8, 0x25, 0xff, 0xff, 0x22, 0x0,
    0x0, 0x0, 0x0, 0x0, 0x0, 0xb3, 0xff, 0x94,
    0x0, 0xd2, 0xff, 0xac, 0x1, 0x0, 0x0, 0x0,
    0x0, 0x40, 0xfd, 0xff, 0x41, 0x0, 0x45, 0xfd,
    0xff, 0xb2, 0x30, 0x3, 0x14, 0x6c, 0xf4, 0xff,
    0xb0, 0x0, 0x0, 0x0, 0x61, 0xf9, 0xff, 0xff,
    0xff, 0xff, 0xff, 0xff, 0xba, 0xd, 0x0, 0x0,
    0x0, 0x0, 0x28, 0x9c, 0xe0, 0xf9, 0xef, 0xc0,
    0x5f, 0x3, 0x0, 0x0,

    /* U+0070 "p" */
    0xc0, 0xff, 0x5c, 0x1c, 0x98, 0xe2, 0xf9, 0xe1,
    0x94, 0x18, 0x0, 0x0, 0x0, 0xc0, 0xff, 0x8a,
    0xef, 0xff, 0xff, 0xff, 0xff, 0xff, 0xea, 0x33,
    0x0, 0x0, 0xc0, 0xff, 0xff, 0xea, 0x5c, 0xd,
    0x7, 0x46, 0xd6, 0xff, 0xe5, 0x13, 0x0, 0xc0,
    0xff, 0xf7, 0x2d, 0x0, 0x0, 0x0, 0x0, 0x12,
    0xe2, 0xff, 0x89, 0x0, 0xc0, 0xff, 0x9e, 0x0,
    0x0, 0x0, 0x0, 0x0, 0x0, 0x6c, 0xff, 0xde,
    0x0, 0xc0, 0xff, 0x66, 0x0, 0x0, 0x0, 0x0,
    0x0, 0x0, 0x33, 0xff, 0xfe, 0x5, 0xc0, 0xff,
    0x66, 0x0, 0x0, 0x0, 0x0, 0x0, 0x0, 0x33,
    0xff, 0xff, 0x5, 0xc0, 0xff, 0x9d, 0x0, 0x0,
    0x0, 0x0, 0x0, 0x0, 0x6b, 0xff, 0xde, 0x0,
    0xc0, 0xff, 0xf7, 0x2a, 0x0, 0x0, 0x0, 0x0,
    0x12, 0xe1, 0xff, 0x8a, 0x0, 0xc0, 0xff, 0xff,
    0xe9, 0x5a, 0xd, 0x6, 0x45, 0xd5, 0xff, 0xe6,
    0x15, 0x0, 0xc0, 0xff, 0x91, 0xef, 0xff, 0xff,
    0xff, 0xff, 0xff, 0xea, 0x33, 0x0, 0x0, 0xc0,
    0xff, 0x70, 0x1d, 0x99, 0xe3, 0xf9, 0xe1, 0x94,
    0x19, 0x0, 0x0, 0x0, 0xc0, 0xff, 0x74, 0x0,
    0x0, 0x0, 0x0, 0x0, 0x0, 0x0, 0x0, 0x0,
    0x0, 0xc0, 0xff, 0x74, 0x0, 0x0, 0x0, 0x0,
    0x0, 0x0, 0x0, 0x0, 0x0, 0x0, 0xc0, 0xff,
    0x74, 0x0, 0x0, 0x0, 0x0, 0x0, 0x0, 0x0,
    0x0, 0x0, 0x0, 0xc0, 0xff, 0x74, 0x0, 0x0,
    0x0, 0x0, 0x0, 0x0, 0x0, 0x0, 0x0, 0x0,
    0xc0, 0xff, 0x74, 0x0, 0x0, 0x0, 0x0, 0x0,
    0x0, 0x0, 0x0, 0x0, 0x0,

    /* U+0071 "q" */
    0x0, 0x0, 0x0, 0x36, 0xae, 0xeb, 0xf7, 0xd4,
    0x79, 0x7, 0xa0, 0xff, 0x7c, 0x0, 0x0, 0x6a,
    0xfd, 0xff, 0xff, 0xff, 0xff, 0xff, 0xcb, 0xab,
    0xff, 0x7c, 0x0, 0x45, 0xfe, 0xff, 0xae, 0x2c,
    0x3, 0x1b, 0x83, 0xfd, 0xff, 0xff, 0x7c, 0x0,
    0xd0, 0xff, 0xab, 0x1, 0x0, 0x0, 0x0, 0x0,
    0x6f, 0xff, 0xff, 0x7c, 0x23, 0xff, 0xff, 0x23,
    0x0, 0x0, 0x0, 0x0, 0x0, 0x2, 0xe2, 0xff,
    0x7c, 0x49, 0xff, 0xea, 0x0, 0x0, 0x0, 0x0,
    0x0, 0x0, 0x0, 0xab, 0xff, 0x7c, 0x4a, 0xff,
    0xea, 0x0, 0x0, 0x0, 0x0, 0x0, 0x0, 0x0,
    0xab, 0xff, 0x7c, 0x24, 0xff, 0xff, 0x22, 0x0,
    0x0, 0x0, 0x0, 0x0, 0x2, 0xe0, 0xff, 0x7c,
    0x0, 0xd0, 0xff, 0xaa, 0x0, 0x0, 0x0, 0x0,
    0x0, 0x6b, 0xff, 0xff, 0x7c, 0x0, 0x45, 0xfe,
    0xff, 0xad, 0x2c, 0x2, 0x19, 0x80, 0xfd, 0xff,
    0xff, 0x7c, 0x0, 0x0, 0x6b, 0xfd, 0xff, 0xff,
    0xff, 0xff, 0xff, 0xcb, 0xb4, 0xff, 0x7c, 0x0,
    0x0, 0x0, 0x36, 0xae, 0xec, 0xf7, 0xd5, 0x7a,
    0x7, 0xb8, 0xff, 0x7c, 0x0, 0x0, 0x0, 0x0,
    0x0, 0x0, 0x0, 0x0, 0x0, 0x0, 0xbc, 0xff,
    0x7c, 0x0, 0x0, 0x0, 0x0, 0x0, 0x0, 0x0,
    0x0, 0x0, 0x0, 0xbc, 0xff, 0x7c, 0x0, 0x0,
    0x0, 0x0, 0x0, 0x0, 0x0, 0x0, 0x0, 0x0,
    0xbc, 0xff, 0x7c, 0x0, 0x0, 0x0, 0x0, 0x0,
    0x0, 0x0, 0x0, 0x0, 0x0, 0xbc, 0xff, 0x7c,
    0x0, 0x0, 0x0, 0x0, 0x0, 0x0, 0x0, 0x0,
    0x0, 0x0, 0xbc, 0xff, 0x7c,

    /* U+0072 "r" */
    0xa8, 0xff, 0x74, 0x19, 0x9d, 0xeb, 0xff, 0x77,
    0xa8, 0xff, 0x89, 0xe4, 0xff, 0xff, 0xff, 0x30,
    0xa8, 0xff, 0xf6, 0xfb, 0x8a, 0x48, 0x4e, 0x1,
    0xa8, 0xff, 0xff, 0x51, 0x0, 0x0, 0x0, 0x0,
    0xa8, 0xff, 0xc3, 0x0, 0x0, 0x0, 0x0, 0x0,
    0xa8, 0xff, 0x93, 0x0, 0x0, 0x0, 0x0, 0x0,
    0xa8, 0xff, 0x8c, 0x0, 0x0, 0x0, 0x0, 0x0,
    0xa8, 0xff, 0x8c, 0x0, 0x0, 0x0, 0x0, 0x0,
    0xa8, 0xff, 0x8c, 0x0, 0x0, 0x0, 0x0, 0x0,
    0xa8, 0xff, 0x8c, 0x0, 0x0, 0x0, 0x0, 0x0,
    0xa8, 0xff, 0x8c, 0x0, 0x0, 0x0, 0x0, 0x0,
    0xa8, 0xff, 0x8c, 0x0, 0x0, 0x0, 0x0, 0x0,

    /* U+0073 "s" */
    0x0, 0x0, 0x31, 0xa6, 0xdd, 0xf7, 0xe2, 0xa2,
    0x2e, 0x0, 0x0, 0x0, 0x5e, 0xfd, 0xff, 0xff,
    0xf7, 0xff, 0xff, 0xf8, 0x56, 0x0, 0x2, 0xec,
    0xff, 0xae, 0x1a, 0x0, 0x21, 0xa6, 0xff, 0xd8,
    0x6, 0xc, 0xff, 0xff, 0x42, 0x0, 0x0, 0x0,
    0x2, 0x48, 0x4, 0x0, 0x0, 0xc9, 0xff, 0xe2,
    0x6f, 0x29, 0x1, 0x0, 0x0, 0x0, 0x0, 0x0,
    0x22, 0xca, 0xff, 0xff, 0xff, 0xeb, 0x9e, 0x38,
    0x0, 0x0, 0x0, 0x0, 0x2, 0x3f, 0x90, 0xcf,
    0xfd, 0xff, 0xfe, 0x77, 0x0, 0x0, 0x0, 0x0,
    0x0, 0x0, 0x0, 0x16, 0x97, 0xff, 0xfc, 0x20,
    0x1f, 0x9f, 0xcf, 0x7, 0x0, 0x0, 0x0, 0x1,
    0xf7, 0xff, 0x4d, 0x10, 0xeb, 0xff, 0xc0, 0x2d,
    0x0, 0x10, 0x86, 0xff, 0xfe, 0x26, 0x0, 0x3d,
    0xef, 0xff, 0xff, 0xf8, 0xff, 0xff, 0xff, 0x82,
    0x0, 0x0, 0x0, 0x1e, 0x91, 0xda, 0xf7, 0xe2,
    0xb3, 0x3f, 0x0, 0x0,

    /* U+0074 "t" */
    0x0, 0x0, 0x2e, 0x80, 0x6c, 0x0, 0x0, 0x0,
    0x0, 0x0, 0x0, 0x5c, 0xff, 0xd8, 0x0, 0x0,
    0x0, 0x0, 0x0, 0x0, 0x5c, 0xff, 0xd8, 0x0,
    0x0, 0x0, 0x0, 0x0, 0x0, 0x5c, 0xff, 0xd8,
    0x0, 0x0, 0x0, 0x0, 0x6c, 0xff, 0xff, 0xff,
    0xff, 0xff, 0xff, 0xbc, 0x0, 0x6c, 0xff, 0xff,
    0xff, 0xff, 0xff, 0xff, 0xbc, 0x0, 0x0, 0x0,
    0x5c, 0xff, 0xd8, 0x0, 0x0, 0x0, 0x0, 0x0,
    0x0, 0x5c, 0xff, 0xd8, 0x0, 0x0, 0x0, 0x0,
    0x0, 0x0, 0x5c, 0xff, 0xd8, 0x0, 0x0, 0x0,
    0x0, 0x0, 0x0, 0x5c, 0xff, 0xd8, 0x0, 0x0,
    0x0, 0x0, 0x0, 0x0, 0x5c, 0xff, 0xd8, 0x0,
    0x0, 0x0, 0x0, 0x0, 0x0, 0x5c, 0xff, 0xd8,
    0x0, 0x0, 0x0, 0x0, 0x0, 0x0, 0x59, 0xff,
    0xe8, 0x0, 0x0, 0x0, 0x0, 0x0, 0x0, 0x35,
    0xff, 0xff, 0x62, 0x12, 0x12, 0x0, 0x0, 0x0,
    0x3, 0xc9, 0xff, 0xff, 0xff, 0x95, 0x0, 0x0,
    0x0, 0x0, 0x18, 0xa4, 0xea, 0xf7, 0xbe, 0x0,

    /* U+0075 "u" */
    0xc0, 0xff, 0x74, 0x0, 0x0, 0x0, 0x0, 0x0,
    0x8c, 0xff, 0xa8, 0xc0, 0xff, 0x74, 0x0, 0x0,
    0x0, 0x0, 0x0, 0x8c, 0xff, 0xa8, 0xc0, 0xff,
    0x74, 0x0, 0x0, 0x0, 0x0, 0x0, 0x8c, 0xff,
    0xa8, 0xc0, 0xff, 0x74, 0x0, 0x0, 0x0, 0x0,
    0x0, 0x8c, 0xff, 0xa8, 0xc0, 0xff, 0x74, 0x0,
    0x0, 0x0, 0x0, 0x0, 0x8c, 0xff, 0xa8, 0xc0,
    0xff, 0x74, 0x0, 0x0, 0x0, 0x0, 0x0, 0x8c,
    0xff, 0xa8, 0xc0, 0xff, 0x74, 0x0, 0x0, 0x0,
    0x0, 0x0, 0x92, 0xff, 0xa8, 0xbc, 0xff, 0x82,
    0x0, 0x0, 0x0, 0x0, 0x0, 0xba, 0xff, 0xa8,
    0xa3, 0xff, 0xc0, 0x0, 0x0, 0x0, 0x0, 0x2e,
    0xfc, 0xff, 0xa8, 0x5d, 0xff, 0xff, 0x8c, 0x1b,
    0x4, 0x3e, 0xdd, 0xff, 0xff, 0xa8, 0x5, 0xc6,
    0xff, 0xff, 0xff, 0xff, 0xff, 0xe9, 0x96, 0xff,
    0xa8, 0x0, 0xb, 0x88, 0xdd, 0xfa, 0xe6, 0x98,
    0x19, 0x74, 0xff, 0xa8,

    /* U+0076 "v" */
    0xb6, 0xff, 0xae, 0x0, 0x0, 0x0, 0x0, 0x0,
    0x0, 0xb1, 0xff, 0xa8, 0x50, 0xff, 0xfa, 0x13,
    0x0, 0x0, 0x0, 0x0, 0x15, 0xfa, 0xff, 0x42,
    0x4, 0xe6, 0xff, 0x6c, 0x0, 0x0, 0x0, 0x0,
    0x71, 0xff, 0xda, 0x1, 0x0, 0x86, 0xff, 0xcb,
    0x0, 0x0, 0x0, 0x0, 0xd0, 0xff, 0x75, 0x0,
    0x0, 0x21, 0xfe, 0xff, 0x2a, 0x0, 0x0, 0x31,
    0xff, 0xf9, 0x15, 0x0, 0x0, 0x0, 0xbb, 0xff,
    0x89, 0x0, 0x0, 0x92, 0xff, 0xa8, 0x0, 0x0,
    0x0, 0x0, 0x56, 0xff, 0xe5, 0x3, 0x5, 0xeb,
    0xff, 0x42, 0x0, 0x0, 0x0, 0x0, 0x6, 0xea,
    0xff, 0x47, 0x52, 0xff, 0xdb, 0x1, 0x0, 0x0,
    0x0, 0x0, 0x0, 0x8b, 0xff, 0xa6, 0xb2, 0xff,
    0x75, 0x0, 0x0, 0x0, 0x0, 0x0, 0x0, 0x26,
    0xff, 0xf7, 0xfb, 0xf9, 0x15, 0x0, 0x0, 0x0,
    0x0, 0x0, 0x0, 0x0, 0xc0, 0xff, 0xff, 0xa9,
    0x0, 0x0, 0x0, 0x0, 0x0, 0x0, 0x0, 0x0,
    0x5b, 0xff, 0xff, 0x43, 0x0, 0x0, 0x0, 0x0,

    /* U+0077 "w" */
    0xc0, 0xff, 0x8c, 0x0, 0x0, 0x0, 0x0, 0x39,
    0xff, 0xff, 0x60, 0x0, 0x0, 0x0, 0x0, 0x65,
    0xff, 0xd6, 0x6f, 0xff, 0xd6, 0x0, 0x0, 0x0,
    0x0, 0x8b, 0xff, 0xff, 0xb3, 0x0, 0x0, 0x0,
    0x0, 0xae, 0xff, 0x85, 0x1e, 0xff, 0xff, 0x20,
    0x0, 0x0, 0x0, 0xdc, 0xff, 0xfd, 0xf8, 0xc,
    0x0, 0x0, 0x5, 0xf2, 0xff, 0x34, 0x0, 0xcd,
    0xff, 0x69, 0x0, 0x0, 0x2e, 0xff, 0xce, 0xbf,
    0xff, 0x57, 0x0, 0x0, 0x41, 0xff, 0xe3, 0x0,
    0x0, 0x7c, 0xff, 0xb3, 0x0, 0x0, 0x80, 0xff,
    0x7d, 0x6e, 0xff, 0xa9, 0x0, 0x0, 0x8a, 0xff,
    0x92, 0x0, 0x0, 0x2b, 0xff, 0xf5, 0x7, 0x0,
    0xd1, 0xff, 0x2d, 0x1d, 0xff, 0xf3, 0x8, 0x0,
    0xd3, 0xff, 0x41, 0x0, 0x0, 0x0, 0xda, 0xff,
    0x46, 0x23, 0xff, 0xdc, 0x0, 0x0, 0xcb, 0xff,
    0x4d, 0x1c, 0xff, 0xed, 0x4, 0x0, 0x0, 0x0,
    0x89, 0xff, 0x90, 0x75, 0xff, 0x8b, 0x0, 0x0,
    0x7a, 0xff, 0x9f, 0x66, 0xff, 0x9f, 0x0, 0x0,
    0x0, 0x0, 0x38, 0xff, 0xda, 0xc6, 0xff, 0x3a,
    0x0, 0x0, 0x29, 0xff, 0xed, 0xb3, 0xff, 0x4e,
    0x0, 0x0, 0x0, 0x0, 0x1, 0xe5, 0xff, 0xff,
    0xe7, 0x2, 0x0, 0x0, 0x0, 0xd7, 0xff, 0xff,
    0xf4, 0x9, 0x0, 0x0, 0x0, 0x0, 0x0, 0x96,
    0xff, 0xff, 0x98, 0x0, 0x0, 0x0, 0x0, 0x86,
    0xff, 0xff, 0xac, 0x0, 0x0, 0x0, 0x0, 0x0,
    0x0, 0x45, 0xff, 0xff, 0x48, 0x0, 0x0, 0x0,
    0x0, 0x35, 0xff, 0xff, 0x5c, 0x0, 0x0, 0x0,

    /* U+0078 "x" */
    0x60, 0xff, 0xf6, 0x28, 0x0, 0x0, 0x0, 0x7,
    0xd8, 0xff, 0xb2, 0x0, 0x0, 0xaf, 0xff, 0xca,
    0x4, 0x0, 0x0, 0x87, 0xff, 0xea, 0x16, 0x0,
    0x0, 0x16, 0xea, 0xff, 0x7f, 0x0, 0x32, 0xfb,
    0xff, 0x4e, 0x0, 0x0, 0x0, 0x0, 0x50, 0xff,
    0xfb, 0x38, 0xd0, 0xff, 0x9c, 0x0, 0x0, 0x0,
    0x0, 0x0, 0x0, 0xa0, 0xff, 0xf6, 0xff, 0xdd,
    0xc, 0x0, 0x0, 0x0, 0x0, 0x0, 0x0, 0xe,
    0xe2, 0xff, 0xfe, 0x3b, 0x0, 0x0, 0x0, 0x0,
    0x0, 0x0, 0x0, 0x1e, 0xf1, 0xff, 0xff, 0x58,
    0x0, 0x0, 0x0, 0x0, 0x0, 0x0, 0x1, 0xbc,
    0xff, 0xe0, 0xff, 0xee, 0x1a, 0x0, 0x0, 0x0,
    0x0, 0x0, 0x6d, 0xff, 0xef, 0x1a, 0xbd, 0xff,
    0xb8, 0x0, 0x0, 0x0, 0x0, 0x25, 0xf5, 0xff,
    0x63, 0x0, 0x22, 0xf5, 0xff, 0x6a, 0x0, 0x0,
    0x3, 0xc6, 0xff, 0xbe, 0x0, 0x0, 0x0, 0x70,
    0xff, 0xf5, 0x25, 0x0, 0x79, 0xff, 0xf6, 0x23,
    0x0, 0x0, 0x0, 0x2, 0xc5, 0xff, 0xc7, 0x3,

    /* U+0079 "y" */
    0xb0, 0xff, 0xb4, 0x0, 0x0, 0x0, 0x0, 0x0,
    0x0, 0xc0, 0xff, 0xa3, 0x40, 0xff, 0xfd, 0x20,
    0x0, 0x0, 0x0, 0x0, 0x27, 0xff, 0xff, 0x35,
    0x0, 0xcf, 0xff, 0x88, 0x0, 0x0, 0x0, 0x0,
    0x8d, 0xff, 0xc5, 0x0, 0x0, 0x60, 0xff, 0xea,
    0x7, 0x0, 0x0, 0x7, 0xec, 0xff, 0x56, 0x0,
    0x0, 0x6, 0xe8, 0xff, 0x5c, 0x0, 0x0, 0x5b,
    0xff, 0xe3, 0x4, 0x0, 0x0, 0x0, 0x7f, 0xff,
    0xc5, 0x0, 0x0, 0xc2, 0xff, 0x78, 0x0, 0x0,
    0x0, 0x0, 0x16, 0xf8, 0xff, 0x2f, 0x29, 0xff,
    0xf6, 0x13, 0x0, 0x0, 0x0, 0x0, 0x0, 0x9f,
    0xff, 0x99, 0x90, 0xff, 0x9a, 0x0, 0x0, 0x0,
    0x0, 0x0, 0x0, 0x2e, 0xff, 0xf4, 0xef, 0xff,
    0x2c, 0x0, 0x0, 0x0, 0x0, 0x0, 0x0, 0x0,
    0xbe, 0xff, 0xff, 0xbc, 0x0, 0x0, 0x0, 0x0,
    0x0, 0x0, 0x0, 0x0, 0x4e, 0xff, 0xff, 0x4d,
    0x0, 0x0, 0x0, 0x0, 0x0, 0x0, 0x0, 0x0,
    0x45, 0xff, 0xdc, 0x2, 0x0, 0x0, 0x0, 0x0,
    0x0, 0x0, 0x0, 0x0, 0xbb, 0xff, 0x6f, 0x0,
    0x0, 0x0, 0x0, 0x0, 0x0, 0x0, 0x0, 0x31,
    0xff, 0xf2, 0xe, 0x0, 0x0, 0x0, 0x0, 0x0,
    0x0, 0x0, 0x0, 0xa6, 0xff, 0x91, 0x0, 0x0,
    0x0, 0x0, 0x0, 0x0, 0x0, 0x0, 0x1f, 0xfb,
    0xfe, 0x24, 0x0, 0x0, 0x0, 0x0, 0x0, 0x0,
    0x0, 0x0, 0x91, 0xff, 0xb3, 0x0, 0x0, 0x0,
    0x0, 0x0, 0x0, 0x0,

    /* U+007A "z" */
    0xc, 0xff, 0xff, 0xff, 0xff, 0xff, 0xff, 0xff,
    0xff, 0xff, 0x2c, 0xc, 0xff, 0xff, 0xff, 0xff,
    0xff, 0xff, 0xff, 0xff, 0xff, 0x2b, 0x0, 0x0,
    0x0, 0x0, 0x0, 0x0, 0x14, 0xde, 0xff, 0xad,
    0x1, 0x0, 0x0, 0x0, 0x0, 0x0, 0x5, 0xc0,
    0xff, 0xcf, 0xb, 0x0, 0x0, 0x0, 0x0, 0x0,
    0x0, 0x9a, 0xff, 0xe8, 0x1e, 0x0, 0x0, 0x0,
    0x0, 0x0, 0x0, 0x6f, 0xff, 0xf9, 0x3a, 0x0,
    0x0, 0x0, 0x0, 0x0, 0x0, 0x45, 0xfc, 0xff,
    0x60, 0x0, 0x0, 0x0, 0x0, 0x0, 0x0, 0x26,
    0xef, 0xff, 0x8c, 0x0, 0x0, 0x0, 0x0, 0x0,
    0x0, 0x10, 0xd9, 0xff, 0xb6, 0x2, 0x0, 0x0,
    0x0, 0x0, 0x0, 0x3, 0xba, 0xff, 0xd7, 0xe,
    0x0, 0x0, 0x0, 0x0, 0x0, 0x0, 0x3b, 0xff,
    0xff, 0xff, 0xff, 0xff, 0xff, 0xff, 0xff, 0xff,
    0x44, 0x3c, 0xff, 0xff, 0xff, 0xff, 0xff, 0xff,
    0xff, 0xff, 0xff, 0x44,

    /* U+007B "{" */
    0x0, 0x0, 0x0, 0x5, 0x6b, 0xb5, 0xae, 0x0,
    0x0, 0x3, 0xb8, 0xff, 0xff, 0xdc, 0x0, 0x0,
    0x57, 0xff, 0xea, 0x3f, 0x5, 0x0, 0x0, 0x96,
    0xff, 0x83, 0x0, 0x0, 0x0, 0x0, 0xa3, 0xff,
    0x62, 0x0, 0x0, 0x0, 0x0, 0xa4, 0xff, 0x60,
    0x0, 0x0, 0x0, 0x0, 0xa4, 0xff, 0x60, 0x0,
    0x0, 0x0, 0x0, 0xa4, 0xff, 0x60, 0x0, 0x0,
    0x0, 0x0, 0xb3, 0xff, 0x59, 0x0, 0x0, 0x0,
    0x20, 0xf3, 0xff, 0x2b, 0x0, 0x0, 0x5b, 0xf7,
    0xfd, 0x87, 0x0, 0x0, 0x0, 0x6c, 0xff, 0xf1,
    0x5e, 0x0, 0x0, 0x0, 0x4, 0x49, 0xfb, 0xfd,
    0x1e, 0x0, 0x0, 0x0, 0x0, 0xbc, 0xff, 0x55,
    0x0, 0x0, 0x0, 0x0, 0xa4, 0xff, 0x60, 0x0,
    0x0, 0x0, 0x0, 0xa4, 0xff, 0x60, 0x0, 0x0,
    0x0, 0x0, 0xa4, 0xff, 0x60, 0x0, 0x0, 0x0,
    0x0, 0xa4, 0xff, 0x60, 0x0, 0x0, 0x0, 0x0,
    0x9b, 0xff, 0x77, 0x0, 0x0, 0x0, 0x0, 0x69,
    0xff, 0xd8, 0x14, 0x0, 0x0, 0x0, 0xc, 0xda,
    0xff, 0xf5, 0xb4, 0x0, 0x0, 0x0, 0x17, 0xa0,
    0xea, 0xda,

    /* U+007C "|" */
    0x22, 0x80, 0x60, 0x44, 0xff, 0xc0, 0x44, 0xff,
    0xc0, 0x44, 0xff, 0xc0, 0x44, 0xff, 0xc0, 0x44,
    0xff, 0xc0, 0x44, 0xff, 0xc0, 0x44, 0xff, 0xc0,
    0x44, 0xff, 0xc0, 0x44, 0xff, 0xc0, 0x44, 0xff,
    0xc0, 0x44, 0xff, 0xc0, 0x44, 0xff, 0xc0, 0x44,
    0xff, 0xc0, 0x44, 0xff, 0xc0, 0x44, 0xff, 0xc0,
    0x44, 0xff, 0xc0, 0x44, 0xff, 0xc0, 0x44, 0xff,
    0xc0, 0x44, 0xff, 0xc0, 0x44, 0xff, 0xc0, 0x44,
    0xff, 0xc0,

    /* U+007D "}" */
    0x2f, 0xc7, 0xa4, 0x3d, 0x0, 0x0, 0x0, 0x0,
    0x3c, 0xff, 0xff, 0xfe, 0x61, 0x0, 0x0, 0x0,
    0x0, 0x10, 0x7d, 0xff, 0xf0, 0x9, 0x0, 0x0,
    0x0, 0x0, 0x0, 0xdf, 0xff, 0x39, 0x0, 0x0,
    0x0, 0x0, 0x0, 0xbe, 0xff, 0x47, 0x0, 0x0,
    0x0, 0x0, 0x0, 0xbc, 0xff, 0x48, 0x0, 0x0,
    0x0, 0x0, 0x0, 0xbc, 0xff, 0x48, 0x0, 0x0,
    0x0, 0x0, 0x0, 0xbc, 0xff, 0x48, 0x0, 0x0,
    0x0, 0x0, 0x0, 0xb6, 0xff, 0x56, 0x0, 0x0,
    0x0, 0x0, 0x0, 0x89, 0xff, 0xb2, 0x4, 0x0,
    0x0, 0x0, 0x0, 0x15, 0xcd, 0xff, 0xea, 0xd,
    0x0, 0x0, 0x0, 0x8, 0xa4, 0xff, 0xff, 0x10,
    0x0, 0x0, 0x0, 0x7a, 0xff, 0xcd, 0x1f, 0x0,
    0x0, 0x0, 0x0, 0xb2, 0xff, 0x5f, 0x0, 0x0,
    0x0, 0x0, 0x0, 0xbc, 0xff, 0x48, 0x0, 0x0,
    0x0, 0x0, 0x0, 0xbc, 0xff, 0x48, 0x0, 0x0,
    0x0, 0x0, 0x0, 0xbc, 0xff, 0x48, 0x0, 0x0,
    0x0, 0x0, 0x0, 0xbc, 0xff, 0x48, 0x0, 0x0,
    0x0, 0x0, 0x0, 0xd4, 0xff, 0x3e, 0x0, 0x0,
    0x0, 0x0, 0x4b, 0xff, 0xfa, 0x12, 0x0, 0x0,
    0x2f, 0xdb, 0xfe, 0xff, 0x89, 0x0, 0x0, 0x0,
    0x3c, 0xfb, 0xd8, 0x70, 0x1, 0x0, 0x0, 0x0,

    /* U+007E "~" */
    0x0, 0xc, 0x9e, 0xe9, 0xcd, 0x6f, 0xc, 0x0,
    0x0, 0x0, 0x75, 0x7f, 0x0, 0xa7, 0xff, 0xff,
    0xff, 0xff, 0xed, 0x80, 0x1e, 0x3c, 0xfc, 0xc9,
    0x12, 0xfe, 0xda, 0x18, 0x39, 0xa6, 0xfc, 0xff,
    0xff, 0xff, 0xff, 0x60, 0x1b, 0x90, 0x4f, 0x0,
    0x0, 0x0, 0x21, 0x8f, 0xe5, 0xe6, 0x78, 0x0,

    /* U+00A0 " " */

    /* U+00A1 "¡" */
    0x57, 0xee, 0xc9, 0x12, 0xcb, 0xff, 0xff, 0x5f,
    0x81, 0xff, 0xf0, 0x24, 0x0, 0x26, 0x11, 0x0,
    0x0, 0x0, 0x0, 0x0, 0x10, 0xb8, 0x78, 0x0,
    0x20, 0xff, 0xb0, 0x0, 0x29, 0xff, 0xba, 0x0,
    0x33, 0xff, 0xc4, 0x0, 0x3c, 0xff, 0xce, 0x0,
    0x45, 0xff, 0xd8, 0x0, 0x4e, 0xff, 0xe1, 0x0,
    0x50, 0xff, 0xe4, 0x0, 0x50, 0xff, 0xe4, 0x0,
    0x50, 0xff, 0xe4, 0x0, 0x50, 0xff, 0xe4, 0x0,
    0x50, 0xff, 0xe4, 0x0,

    /* U+00A2 "¢" */
    0x0, 0x0, 0x0, 0x0, 0x0, 0xd, 0x38, 0x20,
    0x0, 0x0, 0x0, 0x0, 0x0, 0x0, 0x0, 0x0,
    0x0, 0x3c, 0xff, 0x94, 0x0, 0x0, 0x0, 0x0,
    0x0, 0x0, 0x0, 0x0, 0x0, 0x4c, 0xff, 0xa4,
    0x4, 0x0, 0x0, 0x0, 0x0, 0x0, 0x0, 0x5b,
    0xd5, 0xff, 0xff, 0xff, 0xf4, 0x93, 0x10, 0x0,
    0x0, 0x0, 0x95, 0xff, 0xff, 0xf3, 0xff, 0xf4,
    0xff, 0xff, 0xce, 0xf, 0x0, 0x62, 0xff, 0xff,
    0x7c, 0x42, 0xff, 0x94, 0x3d, 0xee, 0xff, 0x90,
    0x1, 0xe1, 0xff, 0x96, 0x0, 0x3c, 0xff, 0x94,
    0x0, 0x54, 0x9d, 0x33, 0x2d, 0xff, 0xff, 0x21,
    0x0, 0x3c, 0xff, 0x94, 0x0, 0x0, 0x0, 0x0,
    0x4c, 0xff, 0xf0, 0x0, 0x0, 0x3c, 0xff, 0x94,
    0x0, 0x0, 0x0, 0x0, 0x48, 0xff, 0xf5, 0x1,
    0x0, 0x3c, 0xff, 0x94, 0x0, 0x0, 0x0, 0x0,
    0x20, 0xff, 0xff, 0x32, 0x0, 0x3c, 0xff, 0x94,
    0x0, 0x1, 0x2, 0x0, 0x0, 0xcb, 0xff, 0xb6,
    0x2, 0x3c, 0xff, 0x94, 0x0, 0x5d, 0xdd, 0x6c,
    0x0, 0x3e, 0xfd, 0xff, 0xaa, 0x5e, 0xff, 0x9f,
    0x69, 0xf6, 0xff, 0x82, 0x0, 0x0, 0x62, 0xfa,
    0xff, 0xff, 0xff, 0xff, 0xff, 0xff, 0xb2, 0x6,
    0x0, 0x0, 0x0, 0x2e, 0xa2, 0xe6, 0xff, 0xf8,
    0xc3, 0x60, 0x2, 0x0, 0x0, 0x0, 0x0, 0x0,
    0x0, 0x3c, 0xff, 0x94, 0x0, 0x0, 0x0, 0x0,
    0x0, 0x0, 0x0, 0x0, 0x0, 0x3c, 0xff, 0x94,
    0x0, 0x0, 0x0, 0x0,

    /* U+00A3 "£" */
    0x0, 0x0, 0xb, 0x80, 0xd8, 0xf8, 0xe2, 0xa5,
    0x28, 0x0, 0x0, 0x0, 0x0, 0x0, 0x10, 0xcf,
    0xff, 0xff, 0xff, 0xff, 0xff, 0xf6, 0x43, 0x0,
    0x0, 0x0, 0x0, 0xa2, 0xff, 0xf0, 0x67, 0x25,
    0x3b, 0xbd, 0xff, 0xef, 0x10, 0x0, 0x0, 0xf,
    0xfb, 0xff, 0x55, 0x0, 0x0, 0x0, 0x9, 0xe1,
    0xd5, 0x33, 0x0, 0x0, 0x34, 0xff, 0xfe, 0x8,
    0x0, 0x0, 0x0, 0x0, 0x1b, 0x0, 0x0, 0x0,
    0x0, 0x29, 0xff, 0xff, 0x16, 0x0, 0x0, 0x0,
    0x0, 0x0, 0x0, 0x0, 0x0, 0x0, 0x2, 0xe9,
    0xff, 0x63, 0x0, 0x0, 0x0, 0x0, 0x0, 0x0,
    0x0, 0x0, 0x0, 0x0, 0x86, 0xff, 0xd7, 0x4,
    0x0, 0x0, 0x0, 0x0, 0x0, 0x0, 0x0, 0x0,
    0x0, 0x12, 0xec, 0xff, 0x6d, 0x0, 0x0, 0x0,
    0x0, 0x0, 0x0, 0x0, 0x0, 0x31, 0xd4, 0xf0,
    0xff, 0xf5, 0xd4, 0xd4, 0xd4, 0x9, 0x0, 0x0,
    0x0, 0x0, 0x3c, 0xff, 0xff, 0xff, 0xff, 0xff,
    0xff, 0xff, 0xc, 0x0, 0x0, 0x0, 0x0, 0x0,
    0x0, 0x0, 0xe6, 0xff, 0x3d, 0x0, 0x0, 0x0,
    0x0, 0x0, 0x0, 0x0, 0x0, 0x0, 0xa, 0xfd,
    0xff, 0x1a, 0x0, 0x0, 0x0, 0x0, 0x0, 0x0,
    0x0, 0x0, 0x0, 0x6e, 0xff, 0xc5, 0x0, 0x0,
    0x0, 0x0, 0x0, 0x4d, 0x6, 0x0, 0x0, 0x55,
    0xf8, 0xfc, 0x49, 0x14, 0x14, 0x14, 0x1e, 0x85,
    0xff, 0xd2, 0x1, 0x38, 0xff, 0xff, 0xff, 0xff,
    0xff, 0xff, 0xff, 0xff, 0xff, 0xff, 0x5f, 0x0,
    0x3c, 0xff, 0xff, 0xff, 0xff, 0xff, 0xff, 0xff,
    0xf7, 0xcd, 0x54, 0x0, 0x0,

    /* U+00A4 "¤" */
    0x0, 0x23, 0x1, 0x0, 0x0, 0x0, 0x0, 0x0,
    0x0, 0x0, 0x24, 0x0, 0x34, 0xf0, 0x9c, 0x38,
    0xb0, 0xe5, 0xf1, 0xc9, 0x62, 0x51, 0xf8, 0x7e,
    0x1a, 0xd6, 0xff, 0xff, 0xff, 0xfd, 0xf6, 0xff,
    0xff, 0xff, 0xf9, 0x51, 0x0, 0x4d, 0xff, 0xf8,
    0x6e, 0xa, 0x2, 0x3e, 0xdb, 0xff, 0xab, 0x0,
    0x0, 0xbb, 0xff, 0x77, 0x0, 0x0, 0x0, 0x0,
    0x27, 0xf7, 0xfb, 0x19, 0x0, 0xf0, 0xff, 0x1c,
    0x0, 0x0, 0x0, 0x0, 0x0, 0xc1, 0xff, 0x48,
    0x0, 0xf0, 0xff, 0x1b, 0x0, 0x0, 0x0, 0x0,
    0x0, 0xc1, 0xff, 0x49, 0x0, 0xb7, 0xff, 0x73,
    0x0, 0x0, 0x0, 0x0, 0x23, 0xf6, 0xfb, 0x19,
    0x0, 0x4c, 0xff, 0xf6, 0x68, 0x7, 0x1, 0x37,
    0xd6, 0xff, 0xab, 0x0, 0x1b, 0xd6, 0xff, 0xff,
    0xff, 0xfb, 0xf3, 0xff, 0xff, 0xff, 0xf9, 0x52,
    0x33, 0xef, 0x99, 0x33, 0xab, 0xe5, 0xf1, 0xc7,
    0x5e, 0x4e, 0xf7, 0x7b, 0x0, 0x20, 0x1, 0x0,
    0x0, 0x0, 0x0, 0x0, 0x0, 0x0, 0x21, 0x0,

    /* U+00A5 "¥" */
    0x5f, 0xff, 0xf8, 0x2a, 0x0, 0x0, 0x0, 0x0,
    0x0, 0x0, 0x66, 0xff, 0xf4, 0x23, 0x0, 0xab,
    0xff, 0xc7, 0x2, 0x0, 0x0, 0x0, 0x0, 0x19,
    0xf0, 0xff, 0x67, 0x0, 0x0, 0x12, 0xe5, 0xff,
    0x71, 0x0, 0x0, 0x0, 0x0, 0xae, 0xff, 0xb7,
    0x0, 0x0, 0x0, 0x0, 0x46, 0xfe, 0xf5, 0x22,
    0x0, 0x0, 0x51, 0xff, 0xed, 0x19, 0x0, 0x0,
    0x0, 0x0, 0x0, 0x91, 0xff, 0xbe, 0x1, 0xf,
    0xe5, 0xff, 0x57, 0x0, 0x0, 0x0, 0x0, 0x0,
    0x0, 0x8, 0xd5, 0xff, 0x66, 0x99, 0xff, 0xa7,
    0x0, 0x0, 0x0, 0x0, 0x0, 0x3c, 0xcc, 0xcc,
    0xe3, 0xff, 0xf5, 0xfe, 0xff, 0xd8, 0xcc, 0xcc,
    0x6, 0x0, 0x0, 0x4c, 0xff, 0xff, 0xff, 0xff,
    0xff, 0xff, 0xff, 0xff, 0xff, 0xff, 0x8, 0x0,
    0x0, 0x0, 0x0, 0x0, 0x0, 0x30, 0xff, 0xff,
    0x4, 0x0, 0x0, 0x0, 0x0, 0x0, 0x0, 0x0,
    0x0, 0x0, 0x0, 0x30, 0xff, 0xff, 0x4, 0x0,
    0x0, 0x0, 0x0, 0x0, 0x0, 0x3c, 0xcc, 0xcc,
    0xcc, 0xd5, 0xff, 0xff, 0xcc, 0xcc, 0xcc, 0xcc,
    0x6, 0x0, 0x0, 0x4c, 0xff, 0xff, 0xff, 0xff,
    0xff, 0xff, 0xff, 0xff, 0xff, 0xff, 0x8, 0x0,
    0x0, 0x0, 0x0, 0x0, 0x0, 0x30, 0xff, 0xff,
    0x4, 0x0, 0x0, 0x0, 0x0, 0x0, 0x0, 0x0,
    0x0, 0x0, 0x0, 0x30, 0xff, 0xff, 0x4, 0x0,
    0x0, 0x0, 0x0, 0x0, 0x0, 0x0, 0x0, 0x0,
    0x0, 0x30, 0xff, 0xff, 0x4, 0x0, 0x0, 0x0,
    0x0, 0x0, 0x0, 0x0, 0x0, 0x0, 0x0, 0x30,
    0xff, 0xff, 0x4, 0x0, 0x0, 0x0, 0x0, 0x0,

    /* U+00A6 "¦" */
    0x44, 0xff, 0xc0, 0x44, 0xff, 0xc0, 0x44, 0xff,
    0xc0, 0x44, 0xff, 0xc0, 0x44, 0xff, 0xc0, 0x44,
    0xff, 0xc0, 0x44, 0xff, 0xc0, 0x44, 0xff, 0xc0,
    0x44, 0xff, 0xc0, 0x1, 0x4, 0x3, 0x0, 0x0,
    0x0, 0x34, 0xc4, 0x93, 0x44, 0xff, 0xc0, 0x44,
    0xff, 0xc0, 0x44, 0xff, 0xc0, 0x44, 0xff, 0xc0,
    0x44, 0xff, 0xc0, 0x44, 0xff, 0xc0, 0x44, 0xff,
    0xc0, 0x44, 0xff, 0xc0, 0x44, 0xff, 0xc0,

    /* U+00A7 "§" */
    0x0, 0x0, 0x0, 0x36, 0xad, 0xe9, 0xf7, 0xd6,
    0x86, 0x11, 0x0, 0x0, 0x0, 0x0, 0x62, 0xfc,
    0xff, 0xff, 0xff, 0xff, 0xff, 0xe2, 0x26, 0x0,
    0x0, 0x21, 0xf9, 0xff, 0xc1, 0x41, 0x1e, 0x50,
    0xdd, 0xff, 0xdc, 0x5, 0x0, 0x6c, 0xff, 0xe8,
    0x8, 0x0, 0x0, 0x0, 0x1c, 0xee, 0xb4, 0x1f,
    0x0, 0x6d, 0xff, 0xe3, 0x4, 0x0, 0x0, 0x0,
    0x0, 0x9, 0x0, 0x0, 0x0, 0x26, 0xfd, 0xff,
    0xb0, 0x1b, 0x0, 0x0, 0x0, 0x0, 0x0, 0x0,
    0x0, 0x0, 0x70, 0xfd, 0xff, 0xfb, 0xb4, 0x5d,
    0xb, 0x0, 0x0, 0x0, 0x0, 0x0, 0x13, 0xcb,
    0xff, 0xff, 0xff, 0xff, 0xef, 0x7e, 0x6, 0x0,
    0x0, 0x3, 0xcb, 0xff, 0xce, 0x47, 0x6d, 0xcf,
    0xff, 0xff, 0xc2, 0x8, 0x0, 0x50, 0xff, 0xf2,
    0x14, 0x0, 0x0, 0x0, 0x5c, 0xfc, 0xff, 0x7b,
    0x0, 0x75, 0xff, 0xd1, 0x0, 0x0, 0x0, 0x0,
    0x0, 0x95, 0xff, 0xca, 0x0, 0x4b, 0xff, 0xfe,
    0x5a, 0x0, 0x0, 0x0, 0x0, 0x6b, 0xff, 0xd7,
    0x0, 0x2, 0xbf, 0xff, 0xff, 0xbf, 0x5f, 0xe,
    0x0, 0xb8, 0xff, 0xab, 0x0, 0x0, 0x9, 0x92,
    0xfa, 0xff, 0xff, 0xf7, 0xc7, 0xff, 0xf8, 0x32,
    0x0, 0x0, 0x0, 0x0, 0x1a, 0x75, 0xc8, 0xff,
    0xff, 0xff, 0x98, 0x0, 0x0, 0x0, 0x0, 0x0,
    0x0, 0x0, 0x0, 0x29, 0xb1, 0xff, 0xff, 0x4a,
    0x0, 0x0, 0x12, 0x5, 0x0, 0x0, 0x0, 0x0,
    0x2, 0xbd, 0xff, 0xb5, 0x0, 0xa2, 0xf8, 0x56,
    0x0, 0x0, 0x0, 0x0, 0x0, 0x6f, 0xff, 0xd8,
    0x0, 0xa4, 0xff, 0xd9, 0xe, 0x0, 0x0, 0x0,
    0x0, 0xab, 0xff, 0xc1, 0x0, 0x2c, 0xf3, 0xff,
    0xd1, 0x4a, 0x1e, 0x39, 0xa5, 0xff, 0xff, 0x62,
    0x0, 0x0, 0x46, 0xf7, 0xff, 0xff, 0xff, 0xff,
    0xff, 0xff, 0x96, 0x1, 0x0, 0x0, 0x0, 0x26,
    0x9d, 0xe4, 0xfb, 0xeb, 0xb3, 0x49, 0x0, 0x0,

    /* U+00A8 "¨" */
    0x18, 0x9f, 0x71, 0x0, 0x15, 0x9d, 0x76, 0x0,
    0x85, 0xff, 0xff, 0x1a, 0x7d, 0xff, 0xff, 0x22,
    0x3a, 0xea, 0xb8, 0x3, 0x34, 0xe8, 0xbe, 0x5,

    /* U+00A9 "©" */
    0x0, 0x0, 0x0, 0x27, 0x9d, 0xdf, 0xf1, 0xd4,
    0x84, 0x10, 0x0, 0x0, 0x0, 0x0, 0x56, 0xf5,
    0x9c, 0x44, 0x2e, 0x50, 0xb7, 0xe1, 0x29, 0x0,
    0x0, 0x34, 0xf6, 0x4f, 0x0, 0x0, 0x0, 0x0,
    0x0, 0x80, 0xde, 0xc, 0x0, 0xb9, 0x8a, 0x0,
    0x36, 0xba, 0xdf, 0xaa, 0x1e, 0x0, 0xc3, 0x79,
    0x9, 0xfb, 0x29, 0x19, 0xef, 0x6e, 0x26, 0x62,
    0x1d, 0x0, 0x65, 0xc6, 0x1e, 0xff, 0x9, 0x52,
    0xcb, 0x0, 0x0, 0x0, 0x0, 0x0, 0x46, 0xe1,
    0xe, 0xff, 0x20, 0x27, 0xf3, 0x3d, 0x0, 0x3d,
    0x2c, 0x0, 0x5d, 0xcf, 0x0, 0xcd, 0x78, 0x0,
    0x5e, 0xec, 0xf7, 0xe5, 0x44, 0x0, 0xb2, 0x8d,
    0x0, 0x52, 0xf4, 0x33, 0x0, 0x0, 0x14, 0x2,
    0x0, 0x5e, 0xf2, 0x1c, 0x0, 0x0, 0x85, 0xf3,
    0x72, 0x18, 0x2, 0x24, 0x8d, 0xf4, 0x49, 0x0,
    0x0, 0x0, 0x0, 0x53, 0xd0, 0xff, 0xff, 0xfb,
    0xb7, 0x2f, 0x0, 0x0, 0x0, 0x0, 0x0, 0x0,
    0x0, 0x11, 0x21, 0xa, 0x0, 0x0, 0x0, 0x0,

    /* U+00AA "ª" */
    0x0, 0x0, 0x12, 0x89, 0xd9, 0xf7, 0xf0, 0xba,
    0x44, 0x0, 0x0, 0x0, 0x17, 0xe2, 0xff, 0xff,
    0xe6, 0xf5, 0xff, 0xfe, 0x6d, 0x0, 0x0, 0x30,
    0xc8, 0xd8, 0x2b, 0x0, 0x2, 0x6b, 0xfe, 0xf9,
    0x1e, 0x0, 0x0, 0x0, 0xe, 0x0, 0x0, 0x0,
    0x0, 0xae, 0xff, 0x68, 0x0, 0x0, 0x2d, 0xa4,
    0xdc, 0xf8, 0xe7, 0xb5, 0xb8, 0xff, 0x81, 0x0,
    0x50, 0xfb, 0xff, 0xde, 0xaa, 0xaa, 0xd7, 0xff,
    0xff, 0x84, 0x0, 0xdf, 0xff, 0x99, 0x2, 0x0,
    0x0, 0x0, 0xa2, 0xff, 0x84, 0x5, 0xff, 0xff,
    0x3a, 0x0, 0x0, 0x0, 0x7, 0xd6, 0xff, 0x84,
    0x0, 0xe1, 0xff, 0x99, 0x6, 0x0, 0x19, 0xb2,
    0xff, 0xff, 0x84, 0x0, 0x5a, 0xfe, 0xff, 0xf1,
    0xdf, 0xfe, 0xf4, 0xb0, 0xff, 0x84, 0x0, 0x0,
    0x3d, 0xbb, 0xec, 0xf1, 0xb3, 0x2d, 0x56, 0xac,
    0x58,

    /* U+00AB "«" */
    0x0, 0x0, 0x0, 0x0, 0x0, 0x48, 0x1c, 0x0,
    0x0, 0x0, 0x5b, 0x9, 0x0, 0x0, 0x0, 0x0,
    0x44, 0xf8, 0xd4, 0x3, 0x0, 0x70, 0xff, 0xa3,
    0x0, 0x0, 0x0, 0x38, 0xf4, 0xf6, 0x3f, 0x0,
    0x5f, 0xfe, 0xe2, 0x1f, 0x0, 0x0, 0x2d, 0xee,
    0xf9, 0x47, 0x0, 0x50, 0xfc, 0xe7, 0x25, 0x0,
    0x0, 0x23, 0xe6, 0xfb, 0x50, 0x0, 0x42, 0xf8,
    0xec, 0x2b, 0x0, 0x0, 0x0, 0xce, 0xff, 0x82,
    0x0, 0xf, 0xf0, 0xff, 0x4e, 0x0, 0x0, 0x0,
    0x0, 0x3a, 0xf5, 0xf1, 0x34, 0x0, 0x61, 0xfe,
    0xda, 0x18, 0x0, 0x0, 0x0, 0x0, 0x46, 0xf9,
    0xed, 0x2e, 0x0, 0x71, 0xff, 0xd4, 0x13, 0x0,
    0x0, 0x0, 0x0, 0x53, 0xfc, 0xe9, 0x28, 0x0,
    0x82, 0xff, 0xce, 0x10, 0x0, 0x0, 0x0, 0x0,
    0x61, 0xfe, 0xd6, 0x3, 0x0, 0x92, 0xff, 0xa5,
    0x0, 0x0, 0x0, 0x0, 0x0, 0x67, 0x31, 0x0,
    0x0, 0x1, 0x7f, 0x17,

    /* U+00AC "¬" */
    0xaf, 0xd0, 0xd0, 0xd0, 0xd0, 0xd0, 0xd0, 0xd0,
    0xd0, 0xd0, 0x75, 0xd8, 0xff, 0xff, 0xff, 0xff,
    0xff, 0xff, 0xff, 0xff, 0xff, 0x90, 0x0, 0x0,
    0x0, 0x0, 0x0, 0x0, 0x0, 0x0, 0x28, 0xff,
    0x90, 0x0, 0x0, 0x0, 0x0, 0x0, 0x0, 0x0,
    0x0, 0x28, 0xff, 0x90, 0x0, 0x0, 0x0, 0x0,
    0x0, 0x0, 0x0, 0x0, 0x28, 0xff, 0x90, 0x0,
    0x0, 0x0, 0x0, 0x0, 0x0, 0x0, 0x0, 0x28,
    0xff, 0x90, 0x0, 0x0, 0x0, 0x0, 0x0, 0x0,
    0x0, 0x0, 0x28, 0xff, 0x90,

    /* U+00AD "­" */
    0x85, 0xcc, 0xcc, 0xcc, 0xcc, 0xcc, 0xcc, 0xcc,
    0x6, 0xa8, 0xff, 0xff, 0xff, 0xff, 0xff, 0xff,
    0xff, 0x8,

    /* U+00AE "®" */
    0x0, 0x0, 0x0, 0x27, 0x9d, 0xdf, 0xf1, 0xd4,
    0x84, 0x10, 0x0, 0x0, 0x0, 0x0, 0x56, 0xf5,
    0x9c, 0x44, 0x2e, 0x50, 0xb7, 0xe1, 0x29, 0x0,
    0x0, 0x34, 0xf6, 0x4f, 0x0, 0x0, 0x0, 0x0,
    0x0, 0x80, 0xde, 0xc, 0x0, 0xb9, 0x8a, 0x0,
    0x6e, 0xec, 0xeb, 0xc3, 0x22, 0x0, 0xc3, 0x79,
    0x9, 0xfb, 0x29, 0x0, 0x78, 0xae, 0x21, 0xbd,
    0x89, 0x0, 0x65, 0xc6, 0x1e, 0xff, 0x9, 0x0,
    0x78, 0xff, 0xff, 0xd5, 0x2c, 0x0, 0x46, 0xe1,
    0xe, 0xff, 0x20, 0x0, 0x78, 0xa4, 0x7c, 0xb1,
    0x0, 0x0, 0x5d, 0xcf, 0x0, 0xcd, 0x78, 0x0,
    0x78, 0xa4, 0x7, 0xdb, 0x54, 0x0, 0xb2, 0x8d,
    0x0, 0x52, 0xf4, 0x33, 0x18, 0x21, 0x0, 0x1b,
    0x25, 0x5e, 0xf2, 0x1c, 0x0, 0x0, 0x85, 0xf3,
    0x72, 0x18, 0x2, 0x24, 0x8d, 0xf4, 0x49, 0x0,
    0x0, 0x0, 0x0, 0x53, 0xd0, 0xff, 0xff, 0xfb,
    0xb7, 0x2f, 0x0, 0x0, 0x0, 0x0, 0x0, 0x0,
    0x0, 0x11, 0x21, 0xa, 0x0, 0x0, 0x0, 0x0,

    /* U+00AF "¯" */
    0x65, 0xb4, 0xb4, 0xb4, 0xb4, 0xb4, 0xb4, 0x1c,
    0x90, 0xff, 0xff, 0xff, 0xff, 0xff, 0xff, 0x28,

    /* U+00B0 "°" */
    0x0, 0x11, 0x9d, 0xeb, 0xe3, 0x84, 0x5, 0x0,
    0x0, 0xbc, 0xfb, 0x9d, 0xb6, 0xff, 0x8b, 0x0,
    0x22, 0xff, 0x88, 0x0, 0x0, 0xbd, 0xed, 0x0,
    0x23, 0xff, 0x8c, 0x0, 0x0, 0xbe, 0xed, 0x0,
    0x0, 0xbe, 0xfb, 0x9d, 0xb2, 0xff, 0x88, 0x0,
    0x0, 0x12, 0x9e, 0xec, 0xe4, 0x81, 0x4, 0x0,

    /* U+00B1 "±" */
    0x0, 0x0, 0x0, 0x0, 0x14, 0x40, 0x21, 0x0,
    0x0, 0x0, 0x0, 0x0, 0x0, 0x0, 0x0, 0x50,
    0xff, 0x84, 0x0, 0x0, 0x0, 0x0, 0x0, 0x0,
    0x0, 0x0, 0x50, 0xff, 0x84, 0x0, 0x0, 0x0,
    0x0, 0x0, 0x0, 0x0, 0x0, 0x50, 0xff, 0x84,
    0x0, 0x0, 0x0, 0x0, 0x88, 0xd0, 0xd0, 0xd0,
    0xdf, 0xff, 0xe8, 0xd0, 0xd0, 0xd0, 0xb2, 0xa8,
    0xff, 0xff, 0xff, 0xff, 0xff, 0xff, 0xff, 0xff,
    0xff, 0xdc, 0x0, 0x0, 0x0, 0x0, 0x50, 0xff,
    0x84, 0x0, 0x0, 0x0, 0x0, 0x0, 0x0, 0x0,
    0x0, 0x50, 0xff, 0x84, 0x0, 0x0, 0x0, 0x0,
    0x0, 0x0, 0x0, 0x0, 0x50, 0xff, 0x84, 0x0,
    0x0, 0x0, 0x0, 0x0, 0x0, 0x0, 0x0, 0x50,
    0xff, 0x84, 0x0, 0x0, 0x0, 0x0, 0x0, 0x0,
    0x0, 0x0, 0x0, 0x0, 0x0, 0x0, 0x0, 0x0,
    0x0, 0x85, 0xcc, 0xcc, 0xcc, 0xcc, 0xcc, 0xcc,
    0xcc, 0xcc, 0xcc, 0xaf, 0xa8, 0xff, 0xff, 0xff,
    0xff, 0xff, 0xff, 0xff, 0xff, 0xff, 0xdc,

    /* U+00B2 "²" */
    0x0, 0x3e, 0xc8, 0xf5, 0xd6, 0x5a, 0x0, 0x1e,
    0xf5, 0xea, 0x93, 0xd9, 0xfe, 0x41, 0x24, 0xab,
    0x49, 0x0, 0x3a, 0xff, 0x87, 0x0, 0x0, 0x0,
    0x0, 0x85, 0xff, 0x59, 0x0, 0x0, 0x0, 0x59,
    0xfd, 0xb8, 0x1, 0x0, 0x0, 0x58, 0xfc, 0xc2,
    0xc, 0x0, 0x0, 0x56, 0xfc, 0xc1, 0xb, 0x0,
    0x0, 0x3c, 0xfb, 0xfc, 0x93, 0x88, 0x88, 0x55,
    0x60, 0xff, 0xff, 0xff, 0xff, 0xff, 0xa0,

    /* U+00B3 "³" */
    0x0, 0x27, 0xbe, 0xf5, 0xe2, 0x7b, 0x0, 0x3,
    0xd9, 0xf7, 0x99, 0xcb, 0xff, 0x64, 0x0, 0x45,
    0x52, 0x0, 0x18, 0xff, 0xa7, 0x0, 0x0, 0x5,
    0x23, 0x74, 0xff, 0x7c, 0x0, 0x0, 0x2c, 0xff,
    0xff, 0xe3, 0xf, 0x0, 0x0, 0xd, 0x52, 0x79,
    0xf8, 0xaf, 0x21, 0x93, 0x3e, 0x0, 0x0, 0xd4,
    0xed, 0x1a, 0xf3, 0xed, 0x98, 0xbb, 0xff, 0xa0,
    0x0, 0x38, 0xc2, 0xf4, 0xe5, 0x91, 0xb,

    /* U+00B4 "´" */
    0x0, 0x0, 0x8, 0x8, 0x2, 0x0, 0x54, 0xff,
    0xec, 0x11, 0x0, 0xbe, 0xff, 0x6b, 0x0, 0x28,
    0xff, 0xd5, 0x4, 0x0,

    /* U+00B5 "µ" */
    0xc0, 0xff, 0x74, 0x0, 0x0, 0x0, 0x0, 0x0,
    0x8c, 0xff, 0xa8, 0xc0, 0xff, 0x74, 0x0, 0x0,
    0x0, 0x0, 0x0, 0x8c, 0xff, 0xa8, 0xc0, 0xff,
    0x74, 0x0, 0x0, 0x0, 0x0, 0x0, 0x8c, 0xff,
    0xa8, 0xc0, 0xff, 0x74, 0x0, 0x0, 0x0, 0x0,
    0x0, 0x8c, 0xff, 0xa8, 0xc0, 0xff, 0x74, 0x0,
    0x0, 0x0, 0x0, 0x0, 0x8c, 0xff, 0xa8, 0xc0,
    0xff, 0x74, 0x0, 0x0, 0x0, 0x0, 0x0, 0x8c,
    0xff, 0xa8, 0xc0, 0xff, 0x75, 0x0, 0x0, 0x0,
    0x0, 0x0, 0x93, 0xff, 0xa8, 0xc0, 0xff, 0x8c,
    0x0, 0x0, 0x0, 0x0, 0x0, 0xbc, 0xff, 0xa8,
    0xc0, 0xff, 0xcf, 0x1, 0x0, 0x0, 0x0, 0x30,
    0xfd, 0xff, 0xa8, 0xc0, 0xff, 0xff, 0x9a, 0x1f,
    0x4, 0x40, 0xde, 0xff, 0xff, 0xa8, 0xc0, 0xff,
    0xff, 0xff, 0xff, 0xff, 0xff, 0xee, 0x97, 0xff,
    0xa8, 0xc0, 0xff, 0xa2, 0xc0, 0xf3, 0xed, 0xac,
    0x24, 0x74, 0xff, 0xa8, 0xc0, 0xff, 0x70, 0x0,
    0x0, 0x0, 0x0, 0x0, 0x0, 0x0, 0x0, 0xc0,
    0xff, 0x74, 0x0, 0x0, 0x0, 0x0, 0x0, 0x0,
    0x0, 0x0, 0xc0, 0xff, 0x74, 0x0, 0x0, 0x0,
    0x0, 0x0, 0x0, 0x0, 0x0, 0xc0, 0xff, 0x74,
    0x0, 0x0, 0x0, 0x0, 0x0, 0x0, 0x0, 0x0,
    0xc0, 0xff, 0x74, 0x0, 0x0, 0x0, 0x0, 0x0,
    0x0, 0x0, 0x0,

    /* U+00B6 "¶" */
    0x0, 0x0, 0xc, 0x7c, 0xd1, 0xf6, 0xff, 0xff,
    0xff, 0xff, 0xff, 0xff, 0xff, 0x10, 0x0, 0x1b,
    0xd9, 0xff, 0xff, 0xff, 0xff, 0xff, 0xff, 0xff,
    0xff, 0xff, 0xff, 0x10, 0x0, 0xc3, 0xff, 0xff,
    0xff, 0xff, 0xff, 0xff, 0xff, 0x1f, 0x18, 0xf5,
    0xff, 0x10, 0x33, 0xff, 0xff, 0xff, 0xff, 0xff,
    0xff, 0xff, 0xff, 0x8, 0x0, 0xf4, 0xff, 0x10,
    0x61, 0xff, 0xff, 0xff, 0xff, 0xff, 0xff, 0xff,
    0xff, 0x8, 0x0, 0xf4, 0xff, 0x10, 0x5f, 0xff,
    0xff, 0xff, 0xff, 0xff, 0xff, 0xff, 0xff, 0x8,
    0x0, 0xf4, 0xff, 0x10, 0x2c, 0xff, 0xff, 0xff,
    0xff, 0xff, 0xff, 0xff, 0xff, 0x8, 0x0, 0xf4,
    0xff, 0x10, 0x0, 0xb6, 0xff, 0xff, 0xff, 0xff,
    0xff, 0xff, 0xff, 0x8, 0x0, 0xf4, 0xff, 0x10,
    0x0, 0x13, 0xcb, 0xff, 0xff, 0xff, 0xff, 0xff,
    0xff, 0x8, 0x0, 0xf4, 0xff, 0x10, 0x0, 0x0,
    0x6, 0x69, 0xbe, 0xe3, 0xec, 0xff, 0xff, 0x8,
    0x0, 0xf4, 0xff, 0x10, 0x0, 0x0, 0x0, 0x0,
    0x0, 0x0, 0x0, 0xfc, 0xff, 0x8, 0x0, 0xf4,
    0xff, 0x10, 0x0, 0x0, 0x0, 0x0, 0x0, 0x0,
    0x0, 0xfc, 0xff, 0x8, 0x0, 0xf4, 0xff, 0x10,
    0x0, 0x0, 0x0, 0x0, 0x0, 0x0, 0x0, 0xfc,
    0xff, 0x8, 0x0, 0xf4, 0xff, 0x10, 0x0, 0x0,
    0x0, 0x0, 0x0, 0x0, 0x0, 0xfc, 0xff, 0x8,
    0x0, 0xf4, 0xff, 0x10, 0x0, 0x0, 0x0, 0x0,
    0x0, 0x0, 0x0, 0xfc, 0xff, 0x8, 0x0, 0xf4,
    0xff, 0x10, 0x0, 0x0, 0x0, 0x0, 0x0, 0x0,
    0x0, 0xfc, 0xff, 0x8, 0x0, 0xf4, 0xff, 0x10,
    0x0, 0x0, 0x0, 0x0, 0x0, 0x0, 0x0, 0xfc,
    0xff, 0x8, 0x0, 0xf4, 0xff, 0x10, 0x0, 0x0,
    0x0, 0x0, 0x0, 0x0, 0x0, 0xfc, 0xff, 0x8,
    0x0, 0xf4, 0xff, 0x10, 0x0, 0x0, 0x0, 0x0,
    0x0, 0x0, 0x0, 0xfc, 0xff, 0x8, 0x0, 0xf4,
    0xff, 0x10, 0x0, 0x0, 0x0, 0x0, 0x0, 0x0,
    0x0, 0xfc, 0xff, 0x8, 0x0, 0xf4, 0xff, 0x10,
    0x0, 0x0, 0x0, 0x0, 0x0, 0x0, 0x0, 0xfc,
    0xff, 0x8, 0x0, 0xf4, 0xff, 0x10, 0x0, 0x0,
    0x0, 0x0, 0x0, 0x0, 0x0, 0xfc, 0xff, 0x8,
    0x0, 0xf4, 0xff, 0x10,

    /* U+00B7 "·" */
    0x0, 0x15, 0x22, 0x0, 0x37, 0xf6, 0xff, 0x6a,
    0x77, 0xff, 0xff, 0xb3, 0x1f, 0xd4, 0xe9, 0x45,

    /* U+00B8 "¸" */
    0x0, 0x10, 0x58, 0xc, 0x0, 0x0, 0x0, 0x72,
    0xe9, 0x31, 0x2, 0x0, 0x0, 0xcb, 0xff, 0xff,
    0xbe, 0x4, 0x0, 0x18, 0x29, 0x47, 0xff, 0x4c,
    0x16, 0xad, 0x4b, 0x57, 0xff, 0x48, 0x2, 0xaf,
    0xff, 0xff, 0xac, 0x2, 0x0, 0x0, 0x2b, 0x27,
    0x0, 0x0,

    /* U+00B9 "¹" */
    0x0, 0x28, 0xa1, 0xfb, 0x60, 0x3b, 0xfd, 0xff,
    0xff, 0x60, 0x4, 0x72, 0x66, 0xff, 0x60, 0x0,
    0x0, 0x50, 0xff, 0x60, 0x0, 0x0, 0x50, 0xff,
    0x60, 0x0, 0x0, 0x50, 0xff, 0x60, 0x0, 0x0,
    0x50, 0xff, 0x60, 0x0, 0x0, 0x50, 0xff, 0x60,
    0x0, 0x0, 0x50, 0xff, 0x60,

    /* U+00BA "º" */
    0x0, 0x0, 0x0, 0x47, 0xb9, 0xef, 0xf7, 0xd4,
    0x7c, 0xa, 0x0, 0x0, 0x0, 0x0, 0x80, 0xff,
    0xff, 0xfc, 0xf5, 0xff, 0xff, 0xcf, 0x13, 0x0,
    0x0, 0x50, 0xff, 0xfd, 0x7a, 0xb, 0x0, 0x42,
    0xe4, 0xff, 0xb1, 0x0, 0x0, 0xcb, 0xff, 0x92,
    0x0, 0x0, 0x0, 0x0, 0x38, 0xfe, 0xff, 0x2c,
    0xd, 0xfe, 0xff, 0x23, 0x0, 0x0, 0x0, 0x0,
    0x0, 0xc4, 0xff, 0x6b, 0x1f, 0xff, 0xfe, 0x4,
    0x0, 0x0, 0x0, 0x0, 0x0, 0xa3, 0xff, 0x7e,
    0xd, 0xfe, 0xff, 0x23, 0x0, 0x0, 0x0, 0x0,
    0x0, 0xc4, 0xff, 0x6b, 0x0, 0xcc, 0xff, 0x91,
    0x0, 0x0, 0x0, 0x0, 0x37, 0xfd, 0xff, 0x2c,
    0x0, 0x52, 0xff, 0xfd, 0x79, 0xa, 0x0, 0x40,
    0xe2, 0xff, 0xb3, 0x0, 0x0, 0x0, 0x84, 0xff,
    0xff, 0xfb, 0xf4, 0xff, 0xff, 0xd2, 0x15, 0x0,
    0x0, 0x0, 0x0, 0x4a, 0xbb, 0xf0, 0xf8, 0xd5,
    0x7d, 0xb, 0x0, 0x0,

    /* U+00BB "»" */
    0x0, 0x57, 0xd, 0x0, 0x0, 0x2, 0x60, 0x1,
    0x0, 0x0, 0x0, 0x0, 0x4c, 0xff, 0xbf, 0x8,
    0x0, 0x80, 0xff, 0x94, 0x0, 0x0, 0x0, 0x0,
    0x2, 0xa7, 0xff, 0xb1, 0x4, 0x10, 0xce, 0xff,
    0x83, 0x0, 0x0, 0x0, 0x0, 0x4, 0xb0, 0xff,
    0xa2, 0x1, 0x14, 0xd5, 0xff, 0x72, 0x0, 0x0,
    0x0, 0x0, 0x7, 0xb9, 0xff, 0x91, 0x0, 0x19,
    0xdb, 0xff, 0x62, 0x0, 0x0, 0x0, 0x0, 0xc,
    0xea, 0xff, 0x56, 0x0, 0x2c, 0xfe, 0xfc, 0x29,
    0x0, 0x0, 0x0, 0x99, 0xff, 0xb3, 0x4, 0xa,
    0xc3, 0xff, 0x86, 0x0, 0x0, 0x0, 0x90, 0xff,
    0xc0, 0x8, 0x8, 0xbc, 0xff, 0x96, 0x0, 0x0,
    0x0, 0x86, 0xff, 0xcb, 0xd, 0x5, 0xb4, 0xff,
    0xa5, 0x2, 0x0, 0x0, 0x4e, 0xff, 0xd6, 0x14,
    0x0, 0x82, 0xff, 0xb2, 0x4, 0x0, 0x0, 0x0,
    0x1, 0x7b, 0x1b, 0x0, 0x0, 0xb, 0x85, 0x8,
    0x0, 0x0, 0x0, 0x0,

    /* U+00BC "¼" */
    0x0, 0x0, 0x0, 0x0, 0x0, 0x0, 0x0, 0x0,
    0x0, 0x0, 0x0, 0x0, 0x9, 0x0, 0x0, 0x0,
    0x4, 0x5d, 0xd5, 0xf0, 0x0, 0x0, 0x0, 0x0,
    0x0, 0x0, 0x0, 0x9, 0xd7, 0x84, 0x0, 0x0,
    0xa6, 0xff, 0xfe, 0xf0, 0x0, 0x0, 0x0, 0x0,
    0x0, 0x0, 0x0, 0x91, 0xff, 0x64, 0x0, 0x0,
    0x33, 0x3c, 0xbc, 0xf0, 0x0, 0x0, 0x0, 0x0,
    0x0, 0x0, 0x3f, 0xfe, 0xb6, 0x0, 0x0, 0x0,
    0x0, 0x0, 0xbc, 0xf0, 0x0, 0x0, 0x0, 0x0,
    0x0, 0xc, 0xde, 0xee, 0x1a, 0x0, 0x0, 0x0,
    0x0, 0x0, 0xbc, 0xf0, 0x0, 0x0, 0x0, 0x0,
    0x0, 0x99, 0xff, 0x5b, 0x0, 0x0, 0x0, 0x0,
    0x0, 0x0, 0xbc, 0xf0, 0x0, 0x0, 0x0, 0x0,
    0x46, 0xff, 0xae, 0x0, 0x0, 0x0, 0x0, 0x0,
    0x0, 0x0, 0xbc, 0xf0, 0x0, 0x0, 0x0, 0xf,
    0xe3, 0xeb, 0x16, 0x0, 0x0, 0x0, 0x0, 0x0,
    0x0, 0x0, 0xbc, 0xf0, 0x0, 0x0, 0x0, 0xa1,
    0xff, 0x54, 0x0, 0x0, 0x0, 0x0, 0x0, 0x0,
    0x0, 0x0, 0x81, 0xa5, 0x0, 0x0, 0x4d, 0xff,
    0xa6, 0x0, 0x0, 0x0, 0x78, 0xb0, 0x1e, 0x0,
    0x0, 0x0, 0x0, 0x0, 0x0, 0x13, 0xe7, 0xe6,
    0x12, 0x0, 0x0, 0x49, 0xff, 0xff, 0x2c, 0x0,
    0x0, 0x0, 0x0, 0x0, 0x0, 0xa9, 0xff, 0x4b,
    0x0, 0x0, 0x16, 0xe8, 0xf5, 0xff, 0x2c, 0x0,
    0x0, 0x0, 0x0, 0x0, 0x55, 0xff, 0x9e, 0x0,
    0x0, 0x0, 0xb4, 0xd3, 0x8c, 0xff, 0x2c, 0x0,
    0x0, 0x0, 0x0, 0x17, 0xeb, 0xe2, 0xe, 0x0,
    0x0, 0x6c, 0xf7, 0x2c, 0x84, 0xff, 0x2c, 0x0,
    0x0, 0x0, 0x0, 0xb0, 0xfe, 0x44, 0x0, 0x0,
    0x2a, 0xf6, 0x85, 0x1c, 0x91, 0xff, 0x43, 0x8,
    0x0, 0x0, 0x5e, 0xff, 0x95, 0x0, 0x0, 0x0,
    0x99, 0xff, 0xff, 0xff, 0xff, 0xff, 0xff, 0x50,
    0x0, 0x1b, 0xef, 0xdc, 0xb, 0x0, 0x0, 0x0,
    0x2e, 0x4c, 0x4c, 0x4c, 0xa8, 0xff, 0x6a, 0x17,
    0x0, 0x44, 0xeb, 0x3d, 0x0, 0x0, 0x0, 0x0,
    0x0, 0x0, 0x0, 0x0, 0x84, 0xff, 0x2c, 0x0,
    0x0, 0x0, 0xa, 0x0, 0x0, 0x0, 0x0, 0x0,
    0x0, 0x0, 0x0, 0x0, 0x0, 0x0, 0x0, 0x0,

    /* U+00BD "½" */
    0x0, 0x0, 0x0, 0x0, 0x0, 0x0, 0x0, 0x0,
    0x0, 0x0, 0x0, 0x0, 0x9, 0x0, 0x0, 0x0,
    0x0, 0x6, 0x61, 0xd6, 0xf0, 0x0, 0x0, 0x0,
    0x0, 0x0, 0x0, 0x0, 0x20, 0xe9, 0x5c, 0x0,
    0x0, 0x0, 0xa6, 0xff, 0xfc, 0xf0, 0x0, 0x0,
    0x0, 0x0, 0x0, 0x0, 0x1, 0xbf, 0xfc, 0x37,
    0x0, 0x0, 0x0, 0x2d, 0x31, 0xbc, 0xf0, 0x0,
    0x0, 0x0, 0x0, 0x0, 0x0, 0x6f, 0xff, 0x86,
    0x0, 0x0, 0x0, 0x0, 0x0, 0x0, 0xbc, 0xf0,
    0x0, 0x0, 0x0, 0x0, 0x0, 0x25, 0xf6, 0xd2,
    0x6, 0x0, 0x0, 0x0, 0x0, 0x0, 0x0, 0xbc,
    0xf0, 0x0, 0x0, 0x0, 0x0, 0x3, 0xc6, 0xfa,
    0x31, 0x0, 0x0, 0x0, 0x0, 0x0, 0x0, 0x0,
    0xbc, 0xf0, 0x0, 0x0, 0x0, 0x0, 0x78, 0xff,
    0x7e, 0x0, 0x0, 0x0, 0x0, 0x0, 0x0, 0x0,
    0x0, 0xbc, 0xf0, 0x0, 0x0, 0x0, 0x2c, 0xf8,
    0xcc, 0x4, 0x0, 0x0, 0x0, 0x0, 0x0, 0x0,
    0x0, 0x0, 0xbc, 0xf0, 0x0, 0x0, 0x4, 0xcd,
    0xf8, 0x2b, 0x0, 0x0, 0x0, 0x0, 0x0, 0x0,
    0x0, 0x0, 0x0, 0x81, 0xa5, 0x0, 0x0, 0x80,
    0xff, 0x76, 0x0, 0x0, 0x76, 0xe2, 0xf2, 0xb7,
    0x26, 0x0, 0x0, 0x0, 0x0, 0x0, 0x0, 0x32,
    0xfb, 0xc6, 0x2, 0x0, 0x6c, 0xff, 0xc4, 0x94,
    0xf5, 0xdf, 0x6, 0x0, 0x0, 0x0, 0x0, 0x7,
    0xd4, 0xf5, 0x25, 0x0, 0x0, 0x50, 0xb9, 0x7,
    0x0, 0x91, 0xff, 0x2e, 0x0, 0x0, 0x0, 0x0,
    0x89, 0xff, 0x6e, 0x0, 0x0, 0x0, 0x0, 0x0,
    0x0, 0x8, 0xd7, 0xf3, 0xe, 0x0, 0x0, 0x0,
    0x39, 0xfc, 0xbf, 0x1, 0x0, 0x0, 0x0, 0x0,
    0x0, 0x4, 0xad, 0xff, 0x65, 0x0, 0x0, 0x0,
    0x9, 0xda, 0xf2, 0x20, 0x0, 0x0, 0x0, 0x0,
    0x0, 0x3, 0xa9, 0xff, 0x7b, 0x0, 0x0, 0x0,
    0x0, 0x92, 0xff, 0x65, 0x0, 0x0, 0x0, 0x0,
    0x0, 0x2, 0xa6, 0xff, 0x79, 0x0, 0x0, 0x0,
    0x0, 0x40, 0xfe, 0xb7, 0x0, 0x0, 0x0, 0x0,
    0x0, 0x0, 0x8e, 0xff, 0xde, 0x84, 0x84, 0x84,
    0x25, 0x0, 0x6b, 0xe9, 0x1b, 0x0, 0x0, 0x0,
    0x0, 0x0, 0x0, 0xb8, 0xff, 0xff, 0xff, 0xff,
    0xff, 0x48, 0x0, 0x0, 0xa, 0x0, 0x0, 0x0,
    0x0, 0x0, 0x0, 0x0, 0x0, 0x0, 0x0, 0x0,
    0x0, 0x0, 0x0,

    /* U+00BE "¾" */
    0x0, 0x6b, 0xe0, 0xf5, 0xc5, 0x36, 0x0, 0x0,
    0x0, 0x0, 0x0, 0x0, 0x0, 0x7, 0xbd, 0x50,
    0x0, 0x0, 0x49, 0xff, 0xd0, 0x92, 0xf2, 0xeb,
    0xc, 0x0, 0x0, 0x0, 0x0, 0x0, 0x0, 0x8b,
    0xff, 0x68, 0x0, 0x0, 0xe, 0x72, 0x13, 0x0,
    0x83, 0xff, 0x37, 0x0, 0x0, 0x0, 0x0, 0x0,
    0x3d, 0xfd, 0xb8, 0x0, 0x0, 0x0, 0x0, 0x0,
    0x10, 0x2b, 0xc6, 0xf6, 0x16, 0x0, 0x0, 0x0,
    0x0, 0xc, 0xdd, 0xee, 0x1b, 0x0, 0x0, 0x0,
    0x0, 0x0, 0x98, 0xff, 0xff, 0x86, 0x0, 0x0,
    0x0, 0x0, 0x0, 0x9a, 0xff, 0x5a, 0x0, 0x0,
    0x0, 0x0, 0x0, 0x0, 0x2d, 0x55, 0xb4, 0xfd,
    0x45, 0x0, 0x0, 0x0, 0x49, 0xff, 0xab, 0x0,
    0x0, 0x0, 0x0, 0x0, 0x53, 0x99, 0x2, 0x0,
    0x41, 0xff, 0x81, 0x0, 0x0, 0x12, 0xe6, 0xe7,
    0x13, 0x0, 0x0, 0x0, 0x0, 0x0, 0x7c, 0xff,
    0xc0, 0x8d, 0xe3, 0xfc, 0x38, 0x0, 0x0, 0xa8,
    0xff, 0x4c, 0x0, 0x0, 0x0, 0x0, 0x0, 0x0,
    0x2, 0x7f, 0xe1, 0xf6, 0xce, 0x4f, 0x0, 0x0,
    0x56, 0xff, 0x9c, 0x0, 0x0, 0x0, 0x57, 0xb0,
    0x3f, 0x0, 0x0, 0x0, 0x0, 0x0, 0x0, 0x0,
    0x0, 0x19, 0xed, 0xdf, 0xd, 0x0, 0x0, 0x25,
    0xf4, 0xff, 0x5c, 0x0, 0x0, 0x0, 0x0, 0x0,
    0x0, 0x0, 0x0, 0xb5, 0xfd, 0x3f, 0x0, 0x0,
    0x5, 0xcb, 0xf9, 0xff, 0x5c, 0x0, 0x0, 0x0,
    0x0, 0x0, 0x0, 0x0, 0x65, 0xff, 0x8d, 0x0,
    0x0, 0x0, 0x87, 0xf2, 0x78, 0xff, 0x5c, 0x0,
    0x0, 0x0, 0x0, 0x0, 0x0, 0x21, 0xf3, 0xd6,
    0x8, 0x0, 0x0, 0x40, 0xfd, 0x58, 0x54, 0xff,
    0x5c, 0x0, 0x0, 0x0, 0x0, 0x0, 0x2, 0xc1,
    0xfb, 0x33, 0x0, 0x0, 0x11, 0xe3, 0xae, 0x1c,
    0x66, 0xff, 0x6d, 0xe, 0x0, 0x0, 0x0, 0x0,
    0x74, 0xff, 0x7f, 0x0, 0x0, 0x0, 0x6d, 0xff,
    0xff, 0xff, 0xff, 0xff, 0xff, 0x80, 0x0, 0x0,
    0x0, 0x2a, 0xf8, 0xcb, 0x4, 0x0, 0x0, 0x0,
    0x21, 0x4c, 0x4c, 0x4c, 0x87, 0xff, 0x8c, 0x26,
    0x0, 0x0, 0x0, 0x59, 0xec, 0x29, 0x0, 0x0,
    0x0, 0x0, 0x0, 0x0, 0x0, 0x0, 0x54, 0xff,
    0x5c, 0x0, 0x0, 0x0, 0x0, 0x0, 0xa, 0x0,
    0x0, 0x0, 0x0, 0x0, 0x0, 0x0, 0x0, 0x0,
    0x0, 0x0, 0x0, 0x0,

    /* U+00BF "¿" */
    0x0, 0x0, 0x0, 0x0, 0x4e, 0xec, 0xce, 0x18,
    0x0, 0x0, 0x0, 0x0, 0x0, 0x0, 0x0, 0xbf,
    0xff, 0xff, 0x6b, 0x0, 0x0, 0x0, 0x0, 0x0,
    0x0, 0x0, 0x75, 0xff, 0xf4, 0x2d, 0x0, 0x0,
    0x0, 0x0, 0x0, 0x0, 0x0, 0x0, 0x24, 0x13,
    0x0, 0x0, 0x0, 0x0, 0x0, 0x0, 0x0, 0x0,
    0x0, 0x0, 0x0, 0x0, 0x0, 0x0, 0x0, 0x0,
    0x0, 0x0, 0x0, 0x34, 0xb0, 0xa7, 0x0, 0x0,
    0x0, 0x0, 0x0, 0x0, 0x0, 0x0, 0x56, 0xff,
    0xee, 0x0, 0x0, 0x0, 0x0, 0x0, 0x0, 0x0,
    0x0, 0xb3, 0xff, 0xc2, 0x0, 0x0, 0x0, 0x0,
    0x0, 0x0, 0x0, 0x83, 0xff, 0xfc, 0x40, 0x0,
    0x0, 0x0, 0x0, 0x0, 0x0, 0x88, 0xff, 0xfa,
    0x53, 0x0, 0x0, 0x0, 0x0, 0x0, 0x0, 0x5f,
    0xff, 0xf9, 0x48, 0x0, 0x0, 0x0, 0x0, 0x0,
    0x0, 0x0, 0xe2, 0xff, 0x73, 0x0, 0x0, 0x0,
    0x0, 0x0, 0x0, 0x0, 0x13, 0xff, 0xff, 0x2e,
    0x0, 0x0, 0x0, 0x0, 0x16, 0x4, 0x0, 0x7,
    0xfa, 0xff, 0x5d, 0x0, 0x0, 0x0, 0x1, 0xbe,
    0xe6, 0x5a, 0x0, 0xad, 0xff, 0xeb, 0x5d, 0x20,
    0x2f, 0xa5, 0xff, 0xfe, 0x32, 0x0, 0x1b, 0xde,
    0xff, 0xff, 0xff, 0xff, 0xff, 0xfe, 0x64, 0x0,
    0x0, 0x0, 0x11, 0x8a, 0xdb, 0xf9, 0xe6, 0xb1,
    0x37, 0x0, 0x0,

    /* U+00C0 "À" */
    0x0, 0x0, 0x0, 0x0, 0x0, 0x5, 0x8, 0x5,
    0x0, 0x0, 0x0, 0x0, 0x0, 0x0, 0x0, 0x0,
    0x0, 0x0, 0x0, 0x0, 0x0, 0x6a, 0xff, 0xe3,
    0x3, 0x0, 0x0, 0x0, 0x0, 0x0, 0x0, 0x0,
    0x0, 0x0, 0x0, 0x0, 0x0, 0x3, 0xd4, 0xff,
    0x4f, 0x0, 0x0, 0x0, 0x0, 0x0, 0x0, 0x0,
    0x0, 0x0, 0x0, 0x0, 0x0, 0x0, 0x45, 0xff,
    0xb7, 0x0, 0x0, 0x0, 0x0, 0x0, 0x0, 0x0,
    0x0, 0x0, 0x0, 0x0, 0x0, 0x0, 0x0, 0x0,
    0x0, 0x0, 0x0, 0x0, 0x0, 0x0, 0x0, 0x0,
    0x0, 0x0, 0x0, 0x0, 0x0, 0x0, 0x6d, 0xff,
    0xff, 0x74, 0x0, 0x0, 0x0, 0x0, 0x0, 0x0,
    0x0, 0x0, 0x0, 0x0, 0x0, 0x0, 0xcf, 0xff,
    0xff, 0xd5, 0x0, 0x0, 0x0, 0x0, 0x0, 0x0,
    0x0, 0x0, 0x0, 0x0, 0x0, 0x30, 0xff, 0xe6,
    0xe1, 0xff, 0x37, 0x0, 0x0, 0x0, 0x0, 0x0,
    0x0, 0x0, 0x0, 0x0, 0x0, 0x92, 0xff, 0x8b,
    0x84, 0xff, 0x99, 0x0, 0x0, 0x0, 0x0, 0x0,
    0x0, 0x0, 0x0, 0x0, 0x6, 0xec, 0xff, 0x2d,
    0x26, 0xff, 0xf1, 0x9, 0x0, 0x0, 0x0, 0x0,
    0x0, 0x0, 0x0, 0x0, 0x55, 0xff, 0xcf, 0x0,
    0x0, 0xc8, 0xff, 0x5c, 0x0, 0x0, 0x0, 0x0,
    0x0, 0x0, 0x0, 0x0, 0xb7, 0xff, 0x71, 0x0,
    0x0, 0x6a, 0xff, 0xbe, 0x0, 0x0, 0x0, 0x0,
    0x0, 0x0, 0x0, 0x1b, 0xfc, 0xfb, 0x17, 0x0,
    0x0, 0x12, 0xf9, 0xfe, 0x21, 0x0, 0x0, 0x0,
    0x0, 0x0, 0x0, 0x7a, 0xff, 0xb5, 0x0, 0x0,
    0x0, 0x0, 0xae, 0xff, 0x81, 0x0, 0x0, 0x0,
    0x0, 0x0, 0x0, 0xda, 0xff, 0x57, 0x0, 0x0,
    0x0, 0x0, 0x4f, 0xff, 0xe1, 0x2, 0x0, 0x0,
    0x0, 0x0, 0x3e, 0xff, 0xff, 0xff, 0xff, 0xff,
    0xff, 0xff, 0xff, 0xff, 0xff, 0x45, 0x0, 0x0,
    0x0, 0x0, 0x9f, 0xff, 0xff, 0xff, 0xff, 0xff,
    0xff, 0xff, 0xff, 0xff, 0xff, 0xa6, 0x0, 0x0,
    0x0, 0xc, 0xf4, 0xff, 0x47, 0x8, 0x8, 0x8,
    0x8, 0x8, 0x8, 0x39, 0xff, 0xf7, 0x10, 0x0,
    0x0, 0x63, 0xff, 0xe8, 0x3, 0x0, 0x0, 0x0,
    0x0, 0x0, 0x0, 0x0, 0xde, 0xff, 0x6a, 0x0,
    0x0, 0xc4, 0xff, 0x94, 0x0, 0x0, 0x0, 0x0,
    0x0, 0x0, 0x0, 0x0, 0x8a, 0xff, 0xcb, 0x0,
    0x26, 0xff, 0xff, 0x3d, 0x0, 0x0, 0x0, 0x0,
    0x0, 0x0, 0x0, 0x0, 0x34, 0xff, 0xff, 0x2d,
    0x87, 0xff, 0xe5, 0x1, 0x0, 0x0, 0x0, 0x0,
    0x0, 0x0, 0x0, 0x0, 0x0, 0xde, 0xff, 0x8f,

    /* U+00C1 "Á" */
    0x0, 0x0, 0x0, 0x0, 0x0, 0x0, 0x0, 0x0,
    0x5, 0x8, 0x5, 0x0, 0x0, 0x0, 0x0, 0x0,
    0x0, 0x0, 0x0, 0x0, 0x0, 0x0, 0x0, 0x1,
    0xda, 0xff, 0x72, 0x0, 0x0, 0x0, 0x0, 0x0,
    0x0, 0x0, 0x0, 0x0, 0x0, 0x0, 0x0, 0x46,
    0xff, 0xdb, 0x6, 0x0, 0x0, 0x0, 0x0, 0x0,
    0x0, 0x0, 0x0, 0x0, 0x0, 0x0, 0x0, 0xaf,
    0xff, 0x50, 0x0, 0x0, 0x0, 0x0, 0x0, 0x0,
    0x0, 0x0, 0x0, 0x0, 0x0, 0x0, 0x0, 0x0,
    0x0, 0x0, 0x0, 0x0, 0x0, 0x0, 0x0, 0x0,
    0x0, 0x0, 0x0, 0x0, 0x0, 0x0, 0x6d, 0xff,
    0xff, 0x74, 0x0, 0x0, 0x0, 0x0, 0x0, 0x0,
    0x0, 0x0, 0x0, 0x0, 0x0, 0x0, 0xcf, 0xff,
    0xff, 0xd5, 0x0, 0x0, 0x0, 0x0, 0x0, 0x0,
    0x0, 0x0, 0x0, 0x0, 0x0, 0x30, 0xff, 0xe6,
    0xe1, 0xff, 0x37, 0x0, 0x0, 0x0, 0x0, 0x0,
    0x0, 0x0, 0x0, 0x0, 0x0, 0x92, 0xff, 0x8b,
    0x84, 0xff, 0x99, 0x0, 0x0, 0x0, 0x0, 0x0,
    0x0, 0x0, 0x0, 0x0, 0x6, 0xec, 0xff, 0x2d,
    0x26, 0xff, 0xf1, 0x9, 0x0, 0x0, 0x0, 0x0,
    0x0, 0x0, 0x0, 0x0, 0x55, 0xff, 0xcf, 0x0,
    0x0, 0xc8, 0xff, 0x5c, 0x0, 0x0, 0x0, 0x0,
    0x0, 0x0, 0x0, 0x0, 0xb7, 0xff, 0x71, 0x0,
    0x0, 0x6a, 0xff, 0xbe, 0x0, 0x0, 0x0, 0x0,
    0x0, 0x0, 0x0, 0x1b, 0xfc, 0xfb, 0x17, 0x0,
    0x0, 0x12, 0xf9, 0xfe, 0x21, 0x0, 0x0, 0x0,
    0x0, 0x0, 0x0, 0x7a, 0xff, 0xb5, 0x0, 0x0,
    0x0, 0x0, 0xae, 0xff, 0x81, 0x0, 0x0, 0x0,
    0x0, 0x0, 0x0, 0xda, 0xff, 0x57, 0x0, 0x0,
    0x0, 0x0, 0x4f, 0xff, 0xe1, 0x2, 0x0, 0x0,
    0x0, 0x0, 0x3e, 0xff, 0xff, 0xff, 0xff, 0xff,
    0xff, 0xff, 0xff, 0xff, 0xff, 0x45, 0x0, 0x0,
    0x0, 0x0, 0x9f, 0xff, 0xff, 0xff, 0xff, 0xff,
    0xff, 0xff, 0xff, 0xff, 0xff, 0xa6, 0x0, 0x0,
    0x0, 0xc, 0xf4, 0xff, 0x47, 0x8, 0x8, 0x8,
    0x8, 0x8, 0x8, 0x39, 0xff, 0xf7, 0x10, 0x0,
    0x0, 0x63, 0xff, 0xe8, 0x3, 0x0, 0x0, 0x0,
    0x0, 0x0, 0x0, 0x0, 0xde, 0xff, 0x6a, 0x0,
    0x0, 0xc4, 0xff, 0x94, 0x0, 0x0, 0x0, 0x0,
    0x0, 0x0, 0x0, 0x0, 0x8a, 0xff, 0xcb, 0x0,
    0x26, 0xff, 0xff, 0x3d, 0x0, 0x0, 0x0, 0x0,
    0x0, 0x0, 0x0, 0x0, 0x34, 0xff, 0xff, 0x2d,
    0x87, 0xff, 0xe5, 0x1, 0x0, 0x0, 0x0, 0x0,
    0x0, 0x0, 0x0, 0x0, 0x0, 0xde, 0xff, 0x8f,

    /* U+00C2 "Â" */
    0x0, 0x0, 0x0, 0x0, 0x0, 0x0, 0x14, 0x7f,
    0x7f, 0x16, 0x0, 0x0, 0x0, 0x0, 0x0, 0x0,
    0x0, 0x0, 0x0, 0x0, 0x0, 0x8, 0xc5, 0xff,
    0xff, 0xc4, 0x6, 0x0, 0x0, 0x0, 0x0, 0x0,
    0x0, 0x0, 0x0, 0x0, 0x1, 0xa8, 0xff, 0x89,
    0x82, 0xff, 0x9f, 0x0, 0x0, 0x0, 0x0, 0x0,
    0x0, 0x0, 0x0, 0x0, 0x26, 0x80, 0x73, 0x2,
    0x1, 0x70, 0x80, 0x1f, 0x0, 0x0, 0x0, 0x0,
    0x0, 0x0, 0x0, 0x0, 0x0, 0x0, 0x0, 0x0,
    0x0, 0x0, 0x0, 0x0, 0x0, 0x0, 0x0, 0x0,
    0x0, 0x0, 0x0, 0x0, 0x0, 0x0, 0x6d, 0xff,
    0xff, 0x74, 0x0, 0x0, 0x0, 0x0, 0x0, 0x0,
    0x0, 0x0, 0x0, 0x0, 0x0, 0x0, 0xcf, 0xff,
    0xff, 0xd5, 0x0, 0x0, 0x0, 0x0, 0x0, 0x0,
    0x0, 0x0, 0x0, 0x0, 0x0, 0x30, 0xff, 0xe6,
    0xe1, 0xff, 0x37, 0x0, 0x0, 0x0, 0x0, 0x0,
    0x0, 0x0, 0x0, 0x0, 0x0, 0x92, 0xff, 0x8b,
    0x84, 0xff, 0x99, 0x0, 0x0, 0x0, 0x0, 0x0,
    0x0, 0x0, 0x0, 0x0, 0x6, 0xec, 0xff, 0x2d,
    0x26, 0xff, 0xf1, 0x9, 0x0, 0x0, 0x0, 0x0,
    0x0, 0x0, 0x0, 0x0, 0x55, 0xff, 0xcf, 0x0,
    0x0, 0xc8, 0xff, 0x5c, 0x0, 0x0, 0x0, 0x0,
    0x0, 0x0, 0x0, 0x0, 0xb7, 0xff, 0x71, 0x0,
    0x0, 0x6a, 0xff, 0xbe, 0x0, 0x0, 0x0, 0x0,
    0x0, 0x0, 0x0, 0x1b, 0xfc, 0xfb, 0x17, 0x0,
    0x0, 0x12, 0xf9, 0xfe, 0x21, 0x0, 0x0, 0x0,
    0x0, 0x0, 0x0, 0x7a, 0xff, 0xb5, 0x0, 0x0,
    0x0, 0x0, 0xae, 0xff, 0x81, 0x0, 0x0, 0x0,
    0x0, 0x0, 0x0, 0xda, 0xff, 0x57, 0x0, 0x0,
    0x0, 0x0, 0x4f, 0xff, 0xe1, 0x2, 0x0, 0x0,
    0x0, 0x0, 0x3e, 0xff, 0xff, 0xff, 0xff, 0xff,
    0xff, 0xff, 0xff, 0xff, 0xff, 0x45, 0x0, 0x0,
    0x0, 0x0, 0x9f, 0xff, 0xff, 0xff, 0xff, 0xff,
    0xff, 0xff, 0xff, 0xff, 0xff, 0xa6, 0x0, 0x0,
    0x0, 0xc, 0xf4, 0xff, 0x47, 0x8, 0x8, 0x8,
    0x8, 0x8, 0x8, 0x39, 0xff, 0xf7, 0x10, 0x0,
    0x0, 0x63, 0xff, 0xe8, 0x3, 0x0, 0x0, 0x0,
    0x0, 0x0, 0x0, 0x0, 0xde, 0xff, 0x6a, 0x0,
    0x0, 0xc4, 0xff, 0x94, 0x0, 0x0, 0x0, 0x0,
    0x0, 0x0, 0x0, 0x0, 0x8a, 0xff, 0xcb, 0x0,
    0x26, 0xff, 0xff, 0x3d, 0x0, 0x0, 0x0, 0x0,
    0x0, 0x0, 0x0, 0x0, 0x34, 0xff, 0xff, 0x2d,
    0x87, 0xff, 0xe5, 0x1, 0x0, 0x0, 0x0, 0x0,
    0x0, 0x0, 0x0, 0x0, 0x0, 0xde, 0xff, 0x8f,

    /* U+00C3 "Ã" */
    0x0, 0x0, 0x0, 0x0, 0xd, 0xa3, 0xf0, 0xd2,
    0x69, 0x18, 0xdc, 0xfe, 0xb, 0x0, 0x0, 0x0,
    0x0, 0x0, 0x0, 0x0, 0x93, 0xff, 0xff, 0xff,
    0xff, 0xff, 0xff, 0xbc, 0x0, 0x0, 0x0, 0x0,
    0x0, 0x0, 0x0, 0x0, 0xd5, 0xf1, 0x19, 0x4d,
    0xba, 0xeb, 0xb1, 0x1a, 0x0, 0x0, 0x0, 0x0,
    0x0, 0x0, 0x0, 0x0, 0x0, 0x0, 0x0, 0x0,
    0x0, 0x0, 0x0, 0x0, 0x0, 0x0, 0x0, 0x0,
    0x0, 0x0, 0x0, 0x0, 0x0, 0x0, 0x6d, 0xff,
    0xff, 0x74, 0x0, 0x0, 0x0, 0x0, 0x0, 0x0,
    0x0, 0x0, 0x0, 0x0, 0x0, 0x0, 0xcf, 0xff,
    0xff, 0xd5, 0x0, 0x0, 0x0, 0x0, 0x0, 0x0,
    0x0, 0x0, 0x0, 0x0, 0x0, 0x30, 0xff, 0xe6,
    0xe1, 0xff, 0x37, 0x0, 0x0, 0x0, 0x0, 0x0,
    0x0, 0x0, 0x0, 0x0, 0x0, 0x92, 0xff, 0x8b,
    0x84, 0xff, 0x99, 0x0, 0x0, 0x0, 0x0, 0x0,
    0x0, 0x0, 0x0, 0x0, 0x6, 0xec, 0xff, 0x2d,
    0x26, 0xff, 0xf1, 0x9, 0x0, 0x0, 0x0, 0x0,
    0x0, 0x0, 0x0, 0x0, 0x55, 0xff, 0xcf, 0x0,
    0x0, 0xc8, 0xff, 0x5c, 0x0, 0x0, 0x0, 0x0,
    0x0, 0x0, 0x0, 0x0, 0xb7, 0xff, 0x71, 0x0,
    0x0, 0x6a, 0xff, 0xbe, 0x0, 0x0, 0x0, 0x0,
    0x0, 0x0, 0x0, 0x1b, 0xfc, 0xfb, 0x17, 0x0,
    0x0, 0x12, 0xf9, 0xfe, 0x21, 0x0, 0x0, 0x0,
    0x0, 0x0, 0x0, 0x7a, 0xff, 0xb5, 0x0, 0x0,
    0x0, 0x0, 0xae, 0xff, 0x81, 0x0, 0x0, 0x0,
    0x0, 0x0, 0x0, 0xda, 0xff, 0x57, 0x0, 0x0,
    0x0, 0x0, 0x4f, 0xff, 0xe1, 0x2, 0x0, 0x0,
    0x0, 0x0, 0x3e, 0xff, 0xff, 0xff, 0xff, 0xff,
    0xff, 0xff, 0xff, 0xff, 0xff, 0x45, 0x0, 0x0,
    0x0, 0x0, 0x9f, 0xff, 0xff, 0xff, 0xff, 0xff,
    0xff, 0xff, 0xff, 0xff, 0xff, 0xa6, 0x0, 0x0,
    0x0, 0xc, 0xf4, 0xff, 0x47, 0x8, 0x8, 0x8,
    0x8, 0x8, 0x8, 0x39, 0xff, 0xf7, 0x10, 0x0,
    0x0, 0x63, 0xff, 0xe8, 0x3, 0x0, 0x0, 0x0,
    0x0, 0x0, 0x0, 0x0, 0xde, 0xff, 0x6a, 0x0,
    0x0, 0xc4, 0xff, 0x94, 0x0, 0x0, 0x0, 0x0,
    0x0, 0x0, 0x0, 0x0, 0x8a, 0xff, 0xcb, 0x0,
    0x26, 0xff, 0xff, 0x3d, 0x0, 0x0, 0x0, 0x0,
    0x0, 0x0, 0x0, 0x0, 0x34, 0xff, 0xff, 0x2d,
    0x87, 0xff, 0xe5, 0x1, 0x0, 0x0, 0x0, 0x0,
    0x0, 0x0, 0x0, 0x0, 0x0, 0xde, 0xff, 0x8f,

    /* U+00C4 "Ä" */
    0x0, 0x0, 0x0, 0x0, 0x1a, 0xd9, 0xdd, 0x1d,
    0x16, 0xd6, 0xe0, 0x22, 0x0, 0x0, 0x0, 0x0,
    0x0, 0x0, 0x0, 0x0, 0x50, 0xff, 0xff, 0x50,
    0x48, 0xff, 0xff, 0x58, 0x0, 0x0, 0x0, 0x0,
    0x0, 0x0, 0x0, 0x0, 0x4, 0x8b, 0x8d, 0x5,
    0x3, 0x87, 0x90, 0x7, 0x0, 0x0, 0x0, 0x0,
    0x0, 0x0, 0x0, 0x0, 0x0, 0x0, 0x0, 0x0,
    0x0, 0x0, 0x0, 0x0, 0x0, 0x0, 0x0, 0x0,
    0x0, 0x0, 0x0, 0x0, 0x0, 0x0, 0x6d, 0xff,
    0xff, 0x74, 0x0, 0x0, 0x0, 0x0, 0x0, 0x0,
    0x0, 0x0, 0x0, 0x0, 0x0, 0x0, 0xcf, 0xff,
    0xff, 0xd5, 0x0, 0x0, 0x0, 0x0, 0x0, 0x0,
    0x0, 0x0, 0x0, 0x0, 0x0, 0x30, 0xff, 0xe6,
    0xe1, 0xff, 0x37, 0x0, 0x0, 0x0, 0x0, 0x0,
    0x0, 0x0, 0x0, 0x0, 0x0, 0x92, 0xff, 0x8b,
    0x84, 0xff, 0x99, 0x0, 0x0, 0x0, 0x0, 0x0,
    0x0, 0x0, 0x0, 0x0, 0x6, 0xec, 0xff, 0x2d,
    0x26, 0xff, 0xf1, 0x9, 0x0, 0x0, 0x0, 0x0,
    0x0, 0x0, 0x0, 0x0, 0x55, 0xff, 0xcf, 0x0,
    0x0, 0xc8, 0xff, 0x5c, 0x0, 0x0, 0x0, 0x0,
    0x0, 0x0, 0x0, 0x0, 0xb7, 0xff, 0x71, 0x0,
    0x0, 0x6a, 0xff, 0xbe, 0x0, 0x0, 0x0, 0x0,
    0x0, 0x0, 0x0, 0x1b, 0xfc, 0xfb, 0x17, 0x0,
    0x0, 0x12, 0xf9, 0xfe, 0x21, 0x0, 0x0, 0x0,
    0x0, 0x0, 0x0, 0x7a, 0xff, 0xb5, 0x0, 0x0,
    0x0, 0x0, 0xae, 0xff, 0x81, 0x0, 0x0, 0x0,
    0x0, 0x0, 0x0, 0xda, 0xff, 0x57, 0x0, 0x0,
    0x0, 0x0, 0x4f, 0xff, 0xe1, 0x2, 0x0, 0x0,
    0x0, 0x0, 0x3e, 0xff, 0xff, 0xff, 0xff, 0xff,
    0xff, 0xff, 0xff, 0xff, 0xff, 0x45, 0x0, 0x0,
    0x0, 0x0, 0x9f, 0xff, 0xff, 0xff, 0xff, 0xff,
    0xff, 0xff, 0xff, 0xff, 0xff, 0xa6, 0x0, 0x0,
    0x0, 0xc, 0xf4, 0xff, 0x47, 0x8, 0x8, 0x8,
    0x8, 0x8, 0x8, 0x39, 0xff, 0xf7, 0x10, 0x0,
    0x0, 0x63, 0xff, 0xe8, 0x3, 0x0, 0x0, 0x0,
    0x0, 0x0, 0x0, 0x0, 0xde, 0xff, 0x6a, 0x0,
    0x0, 0xc4, 0xff, 0x94, 0x0, 0x0, 0x0, 0x0,
    0x0, 0x0, 0x0, 0x0, 0x8a, 0xff, 0xcb, 0x0,
    0x26, 0xff, 0xff, 0x3d, 0x0, 0x0, 0x0, 0x0,
    0x0, 0x0, 0x0, 0x0, 0x34, 0xff, 0xff, 0x2d,
    0x87, 0xff, 0xe5, 0x1, 0x0, 0x0, 0x0, 0x0,
    0x0, 0x0, 0x0, 0x0, 0x0, 0xde, 0xff, 0x8f,

    /* U+00C5 "Å" */
    0x0, 0x0, 0x0, 0x0, 0x0, 0x0, 0x11, 0x6c,
    0x6d, 0x12, 0x0, 0x0, 0x0, 0x0, 0x0, 0x0,
    0x0, 0x0, 0x0, 0x0, 0x0, 0x11, 0xe1, 0xff,
    0xff, 0xe3, 0x12, 0x0, 0x0, 0x0, 0x0, 0x0,
    0x0, 0x0, 0x0, 0x0, 0x0, 0x65, 0xff, 0x47,
    0x3e, 0xff, 0x6a, 0x0, 0x0, 0x0, 0x0, 0x0,
    0x0, 0x0, 0x0, 0x0, 0x0, 0x5e, 0xff, 0x49,
    0x41, 0xff, 0x65, 0x0, 0x0, 0x0, 0x0, 0x0,
    0x0, 0x0, 0x0, 0x0, 0x0, 0xb, 0xd8, 0xff,
    0xff, 0xdb, 0xd, 0x0, 0x0, 0x0, 0x0, 0x0,
    0x0, 0x0, 0x0, 0x0, 0x0, 0x0, 0xd4, 0xff,
    0xff, 0xde, 0x1, 0x0, 0x0, 0x0, 0x0, 0x0,
    0x0, 0x0, 0x0, 0x0, 0x0, 0x36, 0xff, 0xe6,
    0xe1, 0xff, 0x40, 0x0, 0x0, 0x0, 0x0, 0x0,
    0x0, 0x0, 0x0, 0x0, 0x0, 0x97, 0xff, 0x8b,
    0x84, 0xff, 0xa1, 0x0, 0x0, 0x0, 0x0, 0x0,
    0x0, 0x0, 0x0, 0x0, 0x8, 0xef, 0xff, 0x2d,
    0x26, 0xff, 0xf5, 0xd, 0x0, 0x0, 0x0, 0x0,
    0x0, 0x0, 0x0, 0x0, 0x5a, 0xff, 0xcf, 0x0,
    0x0, 0xc8, 0xff, 0x63, 0x0, 0x0, 0x0, 0x0,
    0x0, 0x0, 0x0, 0x0, 0xbb, 0xff, 0x71, 0x0,
    0x0, 0x6a, 0xff, 0xc4, 0x0, 0x0, 0x0, 0x0,
    0x0, 0x0, 0x0, 0x1e, 0xfd, 0xfb, 0x17, 0x0,
    0x0, 0x12, 0xf9, 0xff, 0x26, 0x0, 0x0, 0x0,
    0x0, 0x0, 0x0, 0x7e, 0xff, 0xb5, 0x0, 0x0,
    0x0, 0x0, 0xae, 0xff, 0x86, 0x0, 0x0, 0x0,
    0x0, 0x0, 0x1, 0xdd, 0xff, 0x57, 0x0, 0x0,
    0x0, 0x0, 0x4f, 0xff, 0xe4, 0x3, 0x0, 0x0,
    0x0, 0x0, 0x40, 0xff, 0xff, 0xff, 0xff, 0xff,
    0xff, 0xff, 0xff, 0xff, 0xff, 0x48, 0x0, 0x0,
    0x0, 0x0, 0xa1, 0xff, 0xff, 0xff, 0xff, 0xff,
    0xff, 0xff, 0xff, 0xff, 0xff, 0xa9, 0x0, 0x0,
    0x0, 0xd, 0xf5, 0xff, 0x47, 0x8, 0x8, 0x8,
    0x8, 0x8, 0x8, 0x39, 0xff, 0xf8, 0x12, 0x0,
    0x0, 0x64, 0xff, 0xe8, 0x3, 0x0, 0x0, 0x0,
    0x0, 0x0, 0x0, 0x0, 0xde, 0xff, 0x6b, 0x0,
    0x0, 0xc5, 0xff, 0x94, 0x0, 0x0, 0x0, 0x0,
    0x0, 0x0, 0x0, 0x0, 0x8a, 0xff, 0xcc, 0x0,
    0x26, 0xff, 0xff, 0x3d, 0x0, 0x0, 0x0, 0x0,
    0x0, 0x0, 0x0, 0x0, 0x34, 0xff, 0xff, 0x2d,
    0x87, 0xff, 0xe5, 0x1, 0x0, 0x0, 0x0, 0x0,
    0x0, 0x0, 0x0, 0x0, 0x0, 0xde, 0xff, 0x8f,

    /* U+00C6 "Æ" */
    0x0, 0x0, 0x0, 0x0, 0x0, 0x0, 0x0, 0x0,
    0x0, 0x4, 0xd2, 0xff, 0xff, 0xff, 0xff, 0xff,
    0xff, 0xff, 0xff, 0xff, 0xff, 0xcc, 0x0, 0x0,
    0x0, 0x0, 0x0, 0x0, 0x0, 0x0, 0x0, 0x73,
    0xff, 0xff, 0xff, 0xff, 0xff, 0xff, 0xff, 0xff,
    0xff, 0xff, 0xff, 0xcc, 0x0, 0x0, 0x0, 0x0,
    0x0, 0x0, 0x0, 0x0, 0x1b, 0xf3, 0xff, 0xa4,
    0xff, 0xf8, 0x18, 0x18, 0x18, 0x18, 0x18, 0x18,
    0x18, 0x13, 0x0, 0x0, 0x0, 0x0, 0x0, 0x0,
    0x0, 0x0, 0xab, 0xff, 0xc5, 0x3d, 0xff, 0xf8,
    0x0, 0x0, 0x0, 0x0, 0x0, 0x0, 0x0, 0x0,
    0x0, 0x0, 0x0, 0x0, 0x0, 0x0, 0x0, 0x47,
    0xff, 0xfa, 0x2c, 0x3c, 0xff, 0xf8, 0x0, 0x0,
    0x0, 0x0, 0x0, 0x0, 0x0, 0x0, 0x0, 0x0,
    0x0, 0x0, 0x0, 0x0, 0x7, 0xdb, 0xff, 0x87,
    0x0, 0x3c, 0xff, 0xf8, 0x0, 0x0, 0x0, 0x0,
    0x0, 0x0, 0x0, 0x0, 0x0, 0x0, 0x0, 0x0,
    0x0, 0x0, 0x80, 0xff, 0xdd, 0x9, 0x0, 0x3c,
    0xff, 0xf8, 0x0, 0x0, 0x0, 0x0, 0x0, 0x0,
    0x0, 0x0, 0x0, 0x0, 0x0, 0x0, 0x0, 0x23,
    0xf7, 0xff, 0x47, 0x0, 0x0, 0x3c, 0xff, 0xf8,
    0xc, 0xc, 0xc, 0xc, 0xc, 0xc, 0xc, 0x0,
    0x0, 0x0, 0x0, 0x0, 0x0, 0xb7, 0xff, 0xa7,
    0x0, 0x0, 0x0, 0x3c, 0xff, 0xff, 0xff, 0xff,
    0xff, 0xff, 0xff, 0xff, 0xff, 0x8, 0x0, 0x0,
    0x0, 0x0, 0x55, 0xff, 0xef, 0x17, 0x0, 0x0,
    0x0, 0x3c, 0xff, 0xff, 0xff, 0xff, 0xff, 0xff,
    0xff, 0xff, 0xff, 0x8, 0x0, 0x0, 0x0, 0xc,
    0xe4, 0xff, 0xff, 0xff, 0xff, 0xff, 0xff, 0xff,
    0xff, 0xf8, 0x0, 0x0, 0x0, 0x0, 0x0, 0x0,
    0x0, 0x0, 0x0, 0x0, 0x0, 0x8d, 0xff, 0xff,
    0xff, 0xff, 0xff, 0xff, 0xff, 0xff, 0xff, 0xf8,
    0x0, 0x0, 0x0, 0x0, 0x0, 0x0, 0x0, 0x0,
    0x0, 0x0, 0x2d, 0xfb, 0xff, 0x41, 0x8, 0x8,
    0x8, 0x8, 0x8, 0x42, 0xff, 0xf8, 0x0, 0x0,
    0x0, 0x0, 0x0, 0x0, 0x0, 0x0, 0x0, 0x1,
    0xc4, 0xff, 0xae, 0x0, 0x0, 0x0, 0x0, 0x0,
    0x0, 0x3c, 0xff, 0xf8, 0x0, 0x0, 0x0, 0x0,
    0x0, 0x0, 0x0, 0x0, 0x0, 0x62, 0xff, 0xfa,
    0x25, 0x0, 0x0, 0x0, 0x0, 0x0, 0x0, 0x3c,
    0xff, 0xf8, 0x18, 0x18, 0x18, 0x18, 0x18, 0x18,
    0x18, 0x13, 0x12, 0xeb, 0xff, 0x91, 0x0, 0x0,
    0x0, 0x0, 0x0, 0x0, 0x0, 0x3c, 0xff, 0xff,
    0xff, 0xff, 0xff, 0xff, 0xff, 0xff, 0xff, 0xcc,
    0x9a, 0xff, 0xef, 0x13, 0x0, 0x0, 0x0, 0x0,
    0x0, 0x0, 0x0, 0x3c, 0xff, 0xff, 0xff, 0xff,
    0xff, 0xff, 0xff, 0xff, 0xff, 0xcc,

    /* U+00C7 "Ç" */
    0x0, 0x0, 0x0, 0x0, 0x0, 0xd, 0x6e, 0xb6,
    0xe3, 0xf8, 0xef, 0xd4, 0x92, 0x35, 0x0, 0x0,
    0x0, 0x0, 0x0, 0x0, 0x0, 0x62, 0xed, 0xff,
    0xff, 0xff, 0xff, 0xff, 0xff, 0xff, 0xff, 0xa3,
    0xc, 0x0, 0x0, 0x0, 0x0, 0x8f, 0xff, 0xff,
    0xdc, 0x73, 0x34, 0x1b, 0x25, 0x4f, 0xaa, 0xff,
    0xff, 0xc6, 0x3, 0x0, 0x0, 0x75, 0xff, 0xff,
    0x89, 0x4, 0x0, 0x0, 0x0, 0x0, 0x0, 0x0,
    0x42, 0xe8, 0x51, 0x0, 0x0, 0x20, 0xf8, 0xff,
    0x84, 0x0, 0x0, 0x0, 0x0, 0x0, 0x0, 0x0,
    0x0, 0x0, 0x8, 0x0, 0x0, 0x0, 0x91, 0xff,
    0xd6, 0x3, 0x0, 0x0, 0x0, 0x0, 0x0, 0x0,
    0x0, 0x0, 0x0, 0x0, 0x0, 0x0, 0x0, 0xde,
    0xff, 0x72, 0x0, 0x0, 0x0, 0x0, 0x0, 0x0,
    0x0, 0x0, 0x0, 0x0, 0x0, 0x0, 0x0, 0x6,
    0xff, 0xff, 0x3a, 0x0, 0x0, 0x0, 0x0, 0x0,
    0x0, 0x0, 0x0, 0x0, 0x0, 0x0, 0x0, 0x0,
    0x16, 0xff, 0xff, 0x29, 0x0, 0x0, 0x0, 0x0,
    0x0, 0x0, 0x0, 0x0, 0x0, 0x0, 0x0, 0x0,
    0x0, 0x7, 0xff, 0xff, 0x3a, 0x0, 0x0, 0x0,
    0x0, 0x0, 0x0, 0x0, 0x0, 0x0, 0x0, 0x0,
    0x0, 0x0, 0x0, 0xdd, 0xff, 0x71, 0x0, 0x0,
    0x0, 0x0, 0x0, 0x0, 0x0, 0x0, 0x0, 0x0,
    0x0, 0x0, 0x0, 0x0, 0x92, 0xff, 0xd4, 0x3,
    0x0, 0x0, 0x0, 0x0, 0x0, 0x0, 0x0, 0x0,
    0x0, 0x0, 0x0, 0x0, 0x0, 0x21, 0xfa, 0xff,
    0x80, 0x0, 0x0, 0x0, 0x0, 0x0, 0x0, 0x0,
    0x0, 0x0, 0x16, 0x1c, 0x0, 0x0, 0x0, 0x77,
    0xff, 0xff, 0x84, 0x3, 0x0, 0x0, 0x0, 0x0,
    0x0, 0x0, 0x2f, 0xdc, 0xe1, 0x28, 0x0, 0x0,
    0x1, 0x94, 0xff, 0xff, 0xd8, 0x6f, 0x30, 0x17,
    0x21, 0x4a, 0xa1, 0xfc, 0xff, 0xec, 0x34, 0x0,
    0x0, 0x0, 0x0, 0x66, 0xee, 0xff, 0xff, 0xff,
    0xff, 0xff, 0xff, 0xff, 0xff, 0xbd, 0x25, 0x0,
    0x0, 0x0, 0x0, 0x0, 0x0, 0x10, 0x6a, 0xb7,
    0xea, 0xff, 0xf5, 0xd9, 0x9d, 0x44, 0x0, 0x0,
    0x0, 0x0, 0x0, 0x0, 0x0, 0x0, 0x0, 0x0,
    0x0, 0x9e, 0xff, 0xf3, 0x73, 0x0, 0x0, 0x0,
    0x0, 0x0, 0x0, 0x0, 0x0, 0x0, 0x0, 0x0,
    0x0, 0x0, 0x58, 0x6a, 0x8a, 0xfe, 0x28, 0x0,
    0x0, 0x0, 0x0, 0x0, 0x0, 0x0, 0x0, 0x0,
    0x0, 0x0, 0x0, 0x1f, 0x0, 0x1d, 0xff, 0x50,
    0x0, 0x0, 0x0, 0x0, 0x0, 0x0, 0x0, 0x0,
    0x0, 0x0, 0x0, 0x1f, 0xf9, 0x86, 0x9f, 0xfa,
    0x20, 0x0, 0x0, 0x0, 0x0, 0x0, 0x0, 0x0,
    0x0, 0x0, 0x0, 0x0, 0x0, 0x70, 0xec, 0xe3,
    0x59, 0x0, 0x0, 0x0, 0x0, 0x0,

    /* U+00C8 "È" */
    0x0, 0x0, 0x0, 0x5, 0x8, 0x5, 0x0, 0x0,
    0x0, 0x0, 0x0, 0x0, 0x0, 0x0, 0x73, 0xff,
    0xda, 0x1, 0x0, 0x0, 0x0, 0x0, 0x0, 0x0,
    0x0, 0x6, 0xdb, 0xff, 0x45, 0x0, 0x0, 0x0,
    0x0, 0x0, 0x0, 0x0, 0x0, 0x51, 0xff, 0xaf,
    0x0, 0x0, 0x0, 0x0, 0x0, 0x0, 0x0, 0x0,
    0x0, 0x0, 0x0, 0x0, 0x0, 0x0, 0x0, 0x44,
    0xff, 0xff, 0xff, 0xff, 0xff, 0xff, 0xff, 0xff,
    0xff, 0xc4, 0x44, 0xff, 0xff, 0xff, 0xff, 0xff,
    0xff, 0xff, 0xff, 0xff, 0xc4, 0x44, 0xff, 0xf1,
    0x18, 0x18, 0x18, 0x18, 0x18, 0x18, 0x18, 0x12,
    0x44, 0xff, 0xf0, 0x0, 0x0, 0x0, 0x0, 0x0,
    0x0, 0x0, 0x0, 0x44, 0xff, 0xf0, 0x0, 0x0,
    0x0, 0x0, 0x0, 0x0, 0x0, 0x0, 0x44, 0xff,
    0xf0, 0x0, 0x0, 0x0, 0x0, 0x0, 0x0, 0x0,
    0x0, 0x44, 0xff, 0xf0, 0x0, 0x0, 0x0, 0x0,
    0x0, 0x0, 0x0, 0x0, 0x44, 0xff, 0xf0, 0xc,
    0xc, 0xc, 0xc, 0xc, 0xc, 0xb, 0x0, 0x44,
    0xff, 0xff, 0xff, 0xff, 0xff, 0xff, 0xff, 0xff,
    0xfc, 0x0, 0x44, 0xff, 0xff, 0xff, 0xff, 0xff,
    0xff, 0xff, 0xff, 0xfc, 0x0, 0x44, 0xff, 0xf0,
    0x0, 0x0, 0x0, 0x0, 0x0, 0x0, 0x0, 0x0,
    0x44, 0xff, 0xf0, 0x0, 0x0, 0x0, 0x0, 0x0,
    0x0, 0x0, 0x0, 0x44, 0xff, 0xf0, 0x0, 0x0,
    0x0, 0x0, 0x0, 0x0, 0x0, 0x0, 0x44, 0xff,
    0xf0, 0x0, 0x0, 0x0, 0x0, 0x0, 0x0, 0x0,
    0x0, 0x44, 0xff, 0xf1, 0x18, 0x18, 0x18, 0x18,
    0x18, 0x18, 0x18, 0x12, 0x44, 0xff, 0xff, 0xff,
    0xff, 0xff, 0xff, 0xff, 0xff, 0xff, 0xc4, 0x44,
    0xff, 0xff, 0xff, 0xff, 0xff, 0xff, 0xff, 0xff,
    0xff, 0xc4,

    /* U+00C9 "É" */
    0x0, 0x0, 0x0, 0x0, 0x0, 0x0, 0x8, 0x8,
    0x2, 0x0, 0x0, 0x0, 0x0, 0x0, 0x0, 0x0,
    0x54, 0xff, 0xeb, 0xf, 0x0, 0x0, 0x0, 0x0,
    0x0, 0x0, 0x0, 0xbe, 0xff, 0x69, 0x0, 0x0,
    0x0, 0x0, 0x0, 0x0, 0x0, 0x28, 0xff, 0xd4,
    0x3, 0x0, 0x0, 0x0, 0x0, 0x0, 0x0, 0x0,
    0x0, 0x0, 0x0, 0x0, 0x0, 0x0, 0x0, 0x44,
    0xff, 0xff, 0xff, 0xff, 0xff, 0xff, 0xff, 0xff,
    0xff, 0xc4, 0x44, 0xff, 0xff, 0xff, 0xff, 0xff,
    0xff, 0xff, 0xff, 0xff, 0xc4, 0x44, 0xff, 0xf1,
    0x18, 0x18, 0x18, 0x18, 0x18, 0x18, 0x18, 0x12,
    0x44, 0xff, 0xf0, 0x0, 0x0, 0x0, 0x0, 0x0,
    0x0, 0x0, 0x0, 0x44, 0xff, 0xf0, 0x0, 0x0,
    0x0, 0x0, 0x0, 0x0, 0x0, 0x0, 0x44, 0xff,
    0xf0, 0x0, 0x0, 0x0, 0x0, 0x0, 0x0, 0x0,
    0x0, 0x44, 0xff, 0xf0, 0x0, 0x0, 0x0, 0x0,
    0x0, 0x0, 0x0, 0x0, 0x44, 0xff, 0xf0, 0xc,
    0xc, 0xc, 0xc, 0xc, 0xc, 0xb, 0x0, 0x44,
    0xff, 0xff, 0xff, 0xff, 0xff, 0xff, 0xff, 0xff,
    0xfc, 0x0, 0x44, 0xff, 0xff, 0xff, 0xff, 0xff,
    0xff, 0xff, 0xff, 0xfc, 0x0, 0x44, 0xff, 0xf0,
    0x0, 0x0, 0x0, 0x0, 0x0, 0x0, 0x0, 0x0,
    0x44, 0xff, 0xf0, 0x0, 0x0, 0x0, 0x0, 0x0,
    0x0, 0x0, 0x0, 0x44, 0xff, 0xf0, 0x0, 0x0,
    0x0, 0x0, 0x0, 0x0, 0x0, 0x0, 0x44, 0xff,
    0xf0, 0x0, 0x0, 0x0, 0x0, 0x0, 0x0, 0x0,
    0x0, 0x44, 0xff, 0xf1, 0x18, 0x18, 0x18, 0x18,
    0x18, 0x18, 0x18, 0x12, 0x44, 0xff, 0xff, 0xff,
    0xff, 0xff, 0xff, 0xff, 0xff, 0xff, 0xc4, 0x44,
    0xff, 0xff, 0xff, 0xff, 0xff, 0xff, 0xff, 0xff,
    0xff, 0xc4,

    /* U+00CA "Ê" */
    0x0, 0x0, 0x0, 0x0, 0x37, 0x80, 0x72, 0x1,
    0x0, 0x0, 0x0, 0x0, 0x0, 0x0, 0x26, 0xed,
    0xff, 0xff, 0x86, 0x0, 0x0, 0x0, 0x0, 0x0,
    0x13, 0xdb, 0xfc, 0x4c, 0xc0, 0xff, 0x59, 0x0,
    0x0, 0x0, 0x0, 0x48, 0x80, 0x53, 0x0, 0x14,
    0x7f, 0x76, 0x4, 0x0, 0x0, 0x0, 0x0, 0x0,
    0x0, 0x0, 0x0, 0x0, 0x0, 0x0, 0x0, 0x44,
    0xff, 0xff, 0xff, 0xff, 0xff, 0xff, 0xff, 0xff,
    0xff, 0xc4, 0x44, 0xff, 0xff, 0xff, 0xff, 0xff,
    0xff, 0xff, 0xff, 0xff, 0xc4, 0x44, 0xff, 0xf1,
    0x18, 0x18, 0x18, 0x18, 0x18, 0x18, 0x18, 0x12,
    0x44, 0xff, 0xf0, 0x0, 0x0, 0x0, 0x0, 0x0,
    0x0, 0x0, 0x0, 0x44, 0xff, 0xf0, 0x0, 0x0,
    0x0, 0x0, 0x0, 0x0, 0x0, 0x0, 0x44, 0xff,
    0xf0, 0x0, 0x0, 0x0, 0x0, 0x0, 0x0, 0x0,
    0x0, 0x44, 0xff, 0xf0, 0x0, 0x0, 0x0, 0x0,
    0x0, 0x0, 0x0, 0x0, 0x44, 0xff, 0xf0, 0xc,
    0xc, 0xc, 0xc, 0xc, 0xc, 0xb, 0x0, 0x44,
    0xff, 0xff, 0xff, 0xff, 0xff, 0xff, 0xff, 0xff,
    0xfc, 0x0, 0x44, 0xff, 0xff, 0xff, 0xff, 0xff,
    0xff, 0xff, 0xff, 0xfc, 0x0, 0x44, 0xff, 0xf0,
    0x0, 0x0, 0x0, 0x0, 0x0, 0x0, 0x0, 0x0,
    0x44, 0xff, 0xf0, 0x0, 0x0, 0x0, 0x0, 0x0,
    0x0, 0x0, 0x0, 0x44, 0xff, 0xf0, 0x0, 0x0,
    0x0, 0x0, 0x0, 0x0, 0x0, 0x0, 0x44, 0xff,
    0xf0, 0x0, 0x0, 0x0, 0x0, 0x0, 0x0, 0x0,
    0x0, 0x44, 0xff, 0xf1, 0x18, 0x18, 0x18, 0x18,
    0x18, 0x18, 0x18, 0x12, 0x44, 0xff, 0xff, 0xff,
    0xff, 0xff, 0xff, 0xff, 0xff, 0xff, 0xc4, 0x44,
    0xff, 0xff, 0xff, 0xff, 0xff, 0xff, 0xff, 0xff,
    0xff, 0xc4,

    /* U+00CB "Ë" */
    0x0, 0x0, 0x5b, 0xf2, 0x9e, 0x0, 0x55, 0xf1,
    0xa5, 0x0, 0x0, 0x0, 0x0, 0xac, 0xff, 0xf0,
    0x0, 0xa4, 0xff, 0xf7, 0x1, 0x0, 0x0, 0x0,
    0x28, 0xa5, 0x52, 0x0, 0x24, 0xa4, 0x57, 0x0,
    0x0, 0x0, 0x0, 0x0, 0x0, 0x0, 0x0, 0x0,
    0x0, 0x0, 0x0, 0x0, 0x44, 0xff, 0xff, 0xff,
    0xff, 0xff, 0xff, 0xff, 0xff, 0xff, 0xc4, 0x44,
    0xff, 0xff, 0xff, 0xff, 0xff, 0xff, 0xff, 0xff,
    0xff, 0xc4, 0x44, 0xff, 0xf1, 0x18, 0x18, 0x18,
    0x18, 0x18, 0x18, 0x18, 0x12, 0x44, 0xff, 0xf0,
    0x0, 0x0, 0x0, 0x0, 0x0, 0x0, 0x0, 0x0,
    0x44, 0xff, 0xf0, 0x0, 0x0, 0x0, 0x0, 0x0,
    0x0, 0x0, 0x0, 0x44, 0xff, 0xf0, 0x0, 0x0,
    0x0, 0x0, 0x0, 0x0, 0x0, 0x0, 0x44, 0xff,
    0xf0, 0x0, 0x0, 0x0, 0x0, 0x0, 0x0, 0x0,
    0x0, 0x44, 0xff, 0xf0, 0xc, 0xc, 0xc, 0xc,
    0xc, 0xc, 0xb, 0x0, 0x44, 0xff, 0xff, 0xff,
    0xff, 0xff, 0xff, 0xff, 0xff, 0xfc, 0x0, 0x44,
    0xff, 0xff, 0xff, 0xff, 0xff, 0xff, 0xff, 0xff,
    0xfc, 0x0, 0x44, 0xff, 0xf0, 0x0, 0x0, 0x0,
    0x0, 0x0, 0x0, 0x0, 0x0, 0x44, 0xff, 0xf0,
    0x0, 0x0, 0x0, 0x0, 0x0, 0x0, 0x0, 0x0,
    0x44, 0xff, 0xf0, 0x0, 0x0, 0x0, 0x0, 0x0,
    0x0, 0x0, 0x0, 0x44, 0xff, 0xf0, 0x0, 0x0,
    0x0, 0x0, 0x0, 0x0, 0x0, 0x0, 0x44, 0xff,
    0xf1, 0x18, 0x18, 0x18, 0x18, 0x18, 0x18, 0x18,
    0x12, 0x44, 0xff, 0xff, 0xff, 0xff, 0xff, 0xff,
    0xff, 0xff, 0xff, 0xc4, 0x44, 0xff, 0xff, 0xff,
    0xff, 0xff, 0xff, 0xff, 0xff, 0xff, 0xc4,

    /* U+00CC "Ì" */
    0x6, 0x8, 0x4, 0x0, 0x8e, 0xff, 0xc3, 0x0,
    0x10, 0xeb, 0xff, 0x2d, 0x0, 0x69, 0xff, 0x97,
    0x0, 0x0, 0x0, 0x0, 0x0, 0x44, 0xff, 0xf0,
    0x0, 0x44, 0xff, 0xf0, 0x0, 0x44, 0xff, 0xf0,
    0x0, 0x44, 0xff, 0xf0, 0x0, 0x44, 0xff, 0xf0,
    0x0, 0x44, 0xff, 0xf0, 0x0, 0x44, 0xff, 0xf0,
    0x0, 0x44, 0xff, 0xf0, 0x0, 0x44, 0xff, 0xf0,
    0x0, 0x44, 0xff, 0xf0, 0x0, 0x44, 0xff, 0xf0,
    0x0, 0x44, 0xff, 0xf0, 0x0, 0x44, 0xff, 0xf0,
    0x0, 0x44, 0xff, 0xf0, 0x0, 0x44, 0xff, 0xf0,
    0x0, 0x44, 0xff, 0xf0, 0x0, 0x44, 0xff, 0xf0,

    /* U+00CD "Í" */
    0x0, 0x0, 0x7, 0x8, 0x4, 0x0, 0x1b, 0xfc,
    0xfe, 0x37, 0x0, 0x82, 0xff, 0xa5, 0x0, 0x4,
    0xe6, 0xf6, 0x1d, 0x0, 0x0, 0x0, 0x0, 0x0,
    0x0, 0x44, 0xff, 0xf0, 0x0, 0x0, 0x44, 0xff,
    0xf0, 0x0, 0x0, 0x44, 0xff, 0xf0, 0x0, 0x0,
    0x44, 0xff, 0xf0, 0x0, 0x0, 0x44, 0xff, 0xf0,
    0x0, 0x0, 0x44, 0xff, 0xf0, 0x0, 0x0, 0x44,
    0xff, 0xf0, 0x0, 0x0, 0x44, 0xff, 0xf0, 0x0,
    0x0, 0x44, 0xff, 0xf0, 0x0, 0x0, 0x44, 0xff,
    0xf0, 0x0, 0x0, 0x44, 0xff, 0xf0, 0x0, 0x0,
    0x44, 0xff, 0xf0, 0x0, 0x0, 0x44, 0xff, 0xf0,
    0x0, 0x0, 0x44, 0xff, 0xf0, 0x0, 0x0, 0x44,
    0xff, 0xf0, 0x0, 0x0, 0x44, 0xff, 0xf0, 0x0,
    0x0, 0x44, 0xff, 0xf0, 0x0, 0x0,

    /* U+00CE "Î" */
    0x0, 0x0, 0x2b, 0x80, 0x79, 0x6, 0x0, 0x0,
    0x0, 0x19, 0xe2, 0xff, 0xff, 0x9e, 0x0, 0x0,
    0xb, 0xcc, 0xff, 0x5d, 0xb0, 0xff, 0x70, 0x0,
    0x3c, 0x80, 0x5e, 0x0, 0xc, 0x7d, 0x7c, 0xa,
    0x0, 0x0, 0x0, 0x0, 0x0, 0x0, 0x0, 0x0,
    0x0, 0x0, 0x44, 0xff, 0xf0, 0x0, 0x0, 0x0,
    0x0, 0x0, 0x44, 0xff, 0xf0, 0x0, 0x0, 0x0,
    0x0, 0x0, 0x44, 0xff, 0xf0, 0x0, 0x0, 0x0,
    0x0, 0x0, 0x44, 0xff, 0xf0, 0x0, 0x0, 0x0,
    0x0, 0x0, 0x44, 0xff, 0xf0, 0x0, 0x0, 0x0,
    0x0, 0x0, 0x44, 0xff, 0xf0, 0x0, 0x0, 0x0,
    0x0, 0x0, 0x44, 0xff, 0xf0, 0x0, 0x0, 0x0,
    0x0, 0x0, 0x44, 0xff, 0xf0, 0x0, 0x0, 0x0,
    0x0, 0x0, 0x44, 0xff, 0xf0, 0x0, 0x0, 0x0,
    0x0, 0x0, 0x44, 0xff, 0xf0, 0x0, 0x0, 0x0,
    0x0, 0x0, 0x44, 0xff, 0xf0, 0x0, 0x0, 0x0,
    0x0, 0x0, 0x44, 0xff, 0xf0, 0x0, 0x0, 0x0,
    0x0, 0x0, 0x44, 0xff, 0xf0, 0x0, 0x0, 0x0,
    0x0, 0x0, 0x44, 0xff, 0xf0, 0x0, 0x0, 0x0,
    0x0, 0x0, 0x44, 0xff, 0xf0, 0x0, 0x0, 0x0,
    0x0, 0x0, 0x44, 0xff, 0xf0, 0x0, 0x0, 0x0,
    0x0, 0x0, 0x44, 0xff, 0xf0, 0x0, 0x0, 0x0,

    /* U+00CF "Ï" */
    0x0, 0x71, 0x9f, 0x18, 0x45, 0xa7, 0x3c, 0x1d,
    0xff, 0xff, 0x82, 0xd9, 0xff, 0xc6, 0x3, 0xb8,
    0xeb, 0x3b, 0x7c, 0xf4, 0x72, 0x0, 0x0, 0x0,
    0x0, 0x0, 0x0, 0x0, 0x0, 0x0, 0x0, 0x0,
    0x0, 0x0, 0x0, 0x0, 0x0, 0x44, 0xff, 0xf0,
    0x0, 0x0, 0x0, 0x0, 0x44, 0xff, 0xf0, 0x0,
    0x0, 0x0, 0x0, 0x44, 0xff, 0xf0, 0x0, 0x0,
    0x0, 0x0, 0x44, 0xff, 0xf0, 0x0, 0x0, 0x0,
    0x0, 0x44, 0xff, 0xf0, 0x0, 0x0, 0x0, 0x0,
    0x44, 0xff, 0xf0, 0x0, 0x0, 0x0, 0x0, 0x44,
    0xff, 0xf0, 0x0, 0x0, 0x0, 0x0, 0x44, 0xff,
    0xf0, 0x0, 0x0, 0x0, 0x0, 0x44, 0xff, 0xf0,
    0x0, 0x0, 0x0, 0x0, 0x44, 0xff, 0xf0, 0x0,
    0x0, 0x0, 0x0, 0x44, 0xff, 0xf0, 0x0, 0x0,
    0x0, 0x0, 0x44, 0xff, 0xf0, 0x0, 0x0, 0x0,
    0x0, 0x44, 0xff, 0xf0, 0x0, 0x0, 0x0, 0x0,
    0x44, 0xff, 0xf0, 0x0, 0x0, 0x0, 0x0, 0x44,
    0xff, 0xf0, 0x0, 0x0, 0x0, 0x0, 0x44, 0xff,
    0xf0, 0x0, 0x0, 0x0, 0x0, 0x44, 0xff, 0xf0,
    0x0, 0x0,

    /* U+00D0 "Ð" */
    0x0, 0x0, 0xd4, 0xff, 0xff, 0xff, 0xff, 0xfc,
    0xe9, 0xc9, 0x88, 0x28, 0x0, 0x0, 0x0, 0x0,
    0x0, 0x0, 0x0, 0xd4, 0xff, 0xff, 0xff, 0xff,
    0xff, 0xff, 0xff, 0xff, 0xfd, 0x9b, 0x9, 0x0,
    0x0, 0x0, 0x0, 0x0, 0xd4, 0xff, 0x6f, 0x18,
    0x18, 0x1b, 0x2e, 0x5f, 0xb7, 0xff, 0xff, 0xca,
    0xb, 0x0, 0x0, 0x0, 0x0, 0xd4, 0xff, 0x60,
    0x0, 0x0, 0x0, 0x0, 0x0, 0x0, 0x4c, 0xf2,
    0xff, 0xaa, 0x0, 0x0, 0x0, 0x0, 0xd4, 0xff,
    0x60, 0x0, 0x0, 0x0, 0x0, 0x0, 0x0, 0x0,
    0x4d, 0xff, 0xff, 0x3f, 0x0, 0x0, 0x0, 0xd4,
    0xff, 0x60, 0x0, 0x0, 0x0, 0x0, 0x0, 0x0,
    0x0, 0x0, 0xb9, 0xff, 0xa9, 0x0, 0x0, 0x0,
    0xd4, 0xff, 0x60, 0x0, 0x0, 0x0, 0x0, 0x0,
    0x0, 0x0, 0x0, 0x62, 0xff, 0xec, 0x0, 0x0,
    0x0, 0xd4, 0xff, 0x60, 0x0, 0x0, 0x0, 0x0,
    0x0, 0x0, 0x0, 0x0, 0x33, 0xff, 0xff, 0xe,
    0xa8, 0xff, 0xff, 0xff, 0xff, 0xff, 0xff, 0xff,
    0xff, 0x2c, 0x0, 0x0, 0x0, 0x25, 0xff, 0xff,
    0x1e, 0x88, 0xd0, 0xf7, 0xff, 0xe2, 0xd0, 0xd0,
    0xd0, 0xd0, 0x23, 0x0, 0x0, 0x0, 0x34, 0xff,
    0xff, 0xe, 0x0, 0x0, 0xd4, 0xff, 0x60, 0x0,
    0x0, 0x0, 0x0, 0x0, 0x0, 0x0, 0x0, 0x62,
    0xff, 0xed, 0x0, 0x0, 0x0, 0xd4, 0xff, 0x60,
    0x0, 0x0, 0x0, 0x0, 0x0, 0x0, 0x0, 0x0,
    0xb8, 0xff, 0xaa, 0x0, 0x0, 0x0, 0xd4, 0xff,
    0x60, 0x0, 0x0, 0x0, 0x0, 0x0, 0x0, 0x0,
    0x4a, 0xff, 0xff, 0x43, 0x0, 0x0, 0x0, 0xd4,
    0xff, 0x60, 0x0, 0x0, 0x0, 0x0, 0x0, 0x0,
    0x49, 0xf1, 0xff, 0xb1, 0x0, 0x0, 0x0, 0x0,
    0xd4, 0xff, 0x6f, 0x18, 0x18, 0x1b, 0x2d, 0x5d,
    0xb5, 0xff, 0xff, 0xcf, 0xe, 0x0, 0x0, 0x0,
    0x0, 0xd4, 0xff, 0xff, 0xff, 0xff, 0xff, 0xff,
    0xff, 0xff, 0xfe, 0xa0, 0xb, 0x0, 0x0, 0x0,
    0x0, 0x0, 0xd4, 0xff, 0xff, 0xff, 0xff, 0xfc,
    0xeb, 0xcb, 0x8a, 0x2a, 0x0, 0x0, 0x0, 0x0,
    0x0,

    /* U+00D1 "Ñ" */
    0x0, 0x0, 0x0, 0x0, 0x51, 0xdb, 0xed, 0x9e,
    0x2e, 0x76, 0xff, 0x7e, 0x0, 0x0, 0x0, 0x0,
    0x0, 0x24, 0xf9, 0xff, 0xff, 0xff, 0xff, 0xff,
    0xfd, 0x33, 0x0, 0x0, 0x0, 0x0, 0x0, 0x65,
    0xf8, 0x84, 0x1d, 0x8b, 0xe3, 0xda, 0x5b, 0x0,
    0x0, 0x0, 0x0, 0x0, 0x0, 0x0, 0x0, 0x0,
    0x0, 0x0, 0x0, 0x0, 0x0, 0x0, 0x0, 0x0,
    0x44, 0xff, 0xff, 0xbb, 0x0, 0x0, 0x0, 0x0,
    0x0, 0x0, 0x0, 0x3c, 0xff, 0xf8, 0x44, 0xff,
    0xff, 0xff, 0x5e, 0x0, 0x0, 0x0, 0x0, 0x0,
    0x0, 0x3c, 0xff, 0xf8, 0x44, 0xff, 0xff, 0xff,
    0xeb, 0x13, 0x0, 0x0, 0x0, 0x0, 0x0, 0x3c,
    0xff, 0xf8, 0x44, 0xff, 0xe1, 0xd1, 0xff, 0xa1,
    0x0, 0x0, 0x0, 0x0, 0x0, 0x3c, 0xff, 0xf8,
    0x44, 0xff, 0xe1, 0x37, 0xfd, 0xff, 0x43, 0x0,
    0x0, 0x0, 0x0, 0x3c, 0xff, 0xf8, 0x44, 0xff,
    0xe8, 0x0, 0x94, 0xff, 0xdb, 0x8, 0x0, 0x0,
    0x0, 0x3c, 0xff, 0xf8, 0x44, 0xff, 0xef, 0x0,
    0xd, 0xe4, 0xff, 0x86, 0x0, 0x0, 0x0, 0x3c,
    0xff, 0xf8, 0x44, 0xff, 0xf0, 0x0, 0x0, 0x51,
    0xff, 0xfa, 0x2c, 0x0, 0x0, 0x3c, 0xff, 0xf8,
    0x44, 0xff, 0xf0, 0x0, 0x0, 0x0, 0xaf, 0xff,
    0xc6, 0x2, 0x0, 0x3c, 0xff, 0xf8, 0x44, 0xff,
    0xf0, 0x0, 0x0, 0x0, 0x1c, 0xf2, 0xff, 0x6a,
    0x0, 0x3c, 0xff, 0xf8, 0x44, 0xff, 0xf0, 0x0,
    0x0, 0x0, 0x0, 0x6d, 0xff, 0xf1, 0x1a, 0x38,
    0xff, 0xf8, 0x44, 0xff, 0xf0, 0x0, 0x0, 0x0,
    0x0, 0x2, 0xc9, 0xff, 0xae, 0x31, 0xff, 0xf8,
    0x44, 0xff, 0xf0, 0x0, 0x0, 0x0, 0x0, 0x0,
    0x2e, 0xfb, 0xff, 0x78, 0xff, 0xf8, 0x44, 0xff,
    0xf0, 0x0, 0x0, 0x0, 0x0, 0x0, 0x0, 0x89,
    0xff, 0xf7, 0xff, 0xf8, 0x44, 0xff, 0xf0, 0x0,
    0x0, 0x0, 0x0, 0x0, 0x0, 0x9, 0xdd, 0xff,
    0xff, 0xf8, 0x44, 0xff, 0xf0, 0x0, 0x0, 0x0,
    0x0, 0x0, 0x0, 0x0, 0x46, 0xff, 0xff, 0xf8,
    0x44, 0xff, 0xf0, 0x0, 0x0, 0x0, 0x0, 0x0,
    0x0, 0x0, 0x0, 0xa5, 0xff, 0xf8,

    /* U+00D2 "Ò" */
    0x0, 0x0, 0x0, 0x0, 0x0, 0x0, 0x0, 0xaf,
    0xff, 0xa4, 0x0, 0x0, 0x0, 0x0, 0x0, 0x0,
    0x0, 0x0, 0x0, 0x0, 0x0, 0x0, 0x0, 0x0,
    0x0, 0x0, 0x23, 0xf9, 0xf8, 0x15, 0x0, 0x0,
    0x0, 0x0, 0x0, 0x0, 0x0, 0x0, 0x0, 0x0,
    0x0, 0x0, 0x0, 0x0, 0x0, 0x0, 0x8a, 0xff,
    0x77, 0x0, 0x0, 0x0, 0x0, 0x0, 0x0, 0x0,
    0x0, 0x0, 0x0, 0x0, 0x0, 0x0, 0x0, 0x0,
    0x0, 0x1, 0x8, 0x5, 0x0, 0x0, 0x0, 0x0,
    0x0, 0x0, 0x0, 0x0, 0x0, 0x0, 0x0, 0x0,
    0x0, 0x0, 0x0, 0x0, 0x0, 0x0, 0x0, 0x0,
    0x0, 0x0, 0x0, 0x0, 0x0, 0x0, 0x0, 0x0,
    0x0, 0x0, 0x0, 0x0, 0xe, 0x70, 0xb9, 0xe4,
    0xf9, 0xee, 0xd2, 0x91, 0x35, 0x0, 0x0, 0x0,
    0x0, 0x0, 0x0, 0x0, 0x0, 0x0, 0x63, 0xee,
    0xff, 0xff, 0xff, 0xff, 0xff, 0xff, 0xff, 0xff,
    0xad, 0x12, 0x0, 0x0, 0x0, 0x0, 0x0, 0x0,
    0x8f, 0xff, 0xff, 0xd7, 0x6e, 0x31, 0x1a, 0x25,
    0x50, 0xa5, 0xfc, 0xff, 0xde, 0x20, 0x0, 0x0,
    0x0, 0x0, 0x75, 0xff, 0xff, 0x82, 0x2, 0x0,
    0x0, 0x0, 0x0, 0x0, 0x0, 0x34, 0xe2, 0xff,
    0xd5, 0xd, 0x0, 0x0, 0x20, 0xf8, 0xff, 0x81,
    0x0, 0x0, 0x0, 0x0, 0x0, 0x0, 0x0, 0x0,
    0x0, 0x26, 0xee, 0xff, 0x87, 0x0, 0x0, 0x90,
    0xff, 0xd7, 0x3, 0x0, 0x0, 0x0, 0x0, 0x0,
    0x0, 0x0, 0x0, 0x0, 0x0, 0x6c, 0xff, 0xf5,
    0xa, 0x0, 0xdd, 0xff, 0x73, 0x0, 0x0, 0x0,
    0x0, 0x0, 0x0, 0x0, 0x0, 0x0, 0x0, 0x0,
    0xb, 0xf8, 0xff, 0x4c, 0x6, 0xff, 0xff, 0x3b,
    0x0, 0x0, 0x0, 0x0, 0x0, 0x0, 0x0, 0x0,
    0x0, 0x0, 0x0, 0x0, 0xcc, 0xff, 0x74, 0x16,
    0xff, 0xff, 0x29, 0x0, 0x0, 0x0, 0x0, 0x0,
    0x0, 0x0, 0x0, 0x0, 0x0, 0x0, 0x0, 0xba,
    0xff, 0x86, 0x6, 0xff, 0xff, 0x3b, 0x0, 0x0,
    0x0, 0x0, 0x0, 0x0, 0x0, 0x0, 0x0, 0x0,
    0x0, 0x0, 0xcb, 0xff, 0x74, 0x0, 0xde, 0xff,
    0x73, 0x0, 0x0, 0x0, 0x0, 0x0, 0x0, 0x0,
    0x0, 0x0, 0x0, 0x0, 0xb, 0xf8, 0xff, 0x4d,
    0x0, 0x91, 0xff, 0xd7, 0x3, 0x0, 0x0, 0x0,
    0x0, 0x0, 0x0, 0x0, 0x0, 0x0, 0x0, 0x6b,
    0xff, 0xf6, 0xa, 0x0, 0x21, 0xf8, 0xff, 0x80,
    0x0, 0x0, 0x0, 0x0, 0x0, 0x0, 0x0, 0x0,
    0x0, 0x25, 0xed, 0xff, 0x8a, 0x0, 0x0, 0x0,
    0x76, 0xff, 0xff, 0x81, 0x2, 0x0, 0x0, 0x0,
    0x0, 0x0, 0x0, 0x34, 0xe2, 0xff, 0xd8, 0xf,
    0x0, 0x0, 0x0, 0x0, 0x90, 0xff, 0xff, 0xd7,
    0x6e, 0x31, 0x1a, 0x24, 0x4f, 0xa4, 0xfc, 0xff,
    0xe0, 0x23, 0x0, 0x0, 0x0, 0x0, 0x0, 0x0,
    0x64, 0xee, 0xff, 0xff, 0xff, 0xff, 0xff, 0xff,
    0xff, 0xff, 0xae, 0x13, 0x0, 0x0, 0x0, 0x0,
    0x0, 0x0, 0x0, 0x0, 0xf, 0x71, 0xbb, 0xe6,
    0xf9, 0xef, 0xd3, 0x92, 0x35, 0x0, 0x0, 0x0,
    0x0, 0x0,

    /* U+00D3 "Ó" */
    0x0, 0x0, 0x0, 0x0, 0x0, 0x0, 0x0, 0x0,
    0x0, 0x31, 0xff, 0xfa, 0x25, 0x0, 0x0, 0x0,
    0x0, 0x0, 0x0, 0x0, 0x0, 0x0, 0x0, 0x0,
    0x0, 0x0, 0x0, 0x0, 0x9b, 0xff, 0x8d, 0x0,
    0x0, 0x0, 0x0, 0x0, 0x0, 0x0, 0x0, 0x0,
    0x0, 0x0, 0x0, 0x0, 0x0, 0x0, 0xf, 0xf4,
    0xec, 0x10, 0x0, 0x0, 0x0, 0x0, 0x0, 0x0,
    0x0, 0x0, 0x0, 0x0, 0x0, 0x0, 0x0, 0x0,
    0x0, 0x1, 0x8, 0x5, 0x0, 0x0, 0x0, 0x0,
    0x0, 0x0, 0x0, 0x0, 0x0, 0x0, 0x0, 0x0,
    0x0, 0x0, 0x0, 0x0, 0x0, 0x0, 0x0, 0x0,
    0x0, 0x0, 0x0, 0x0, 0x0, 0x0, 0x0, 0x0,
    0x0, 0x0, 0x0, 0x0, 0xe, 0x70, 0xb9, 0xe4,
    0xf9, 0xee, 0xd2, 0x91, 0x35, 0x0, 0x0, 0x0,
    0x0, 0x0, 0x0, 0x0, 0x0, 0x0, 0x63, 0xee,
    0xff, 0xff, 0xff, 0xff, 0xff, 0xff, 0xff, 0xff,
    0xad, 0x12, 0x0, 0x0, 0x0, 0x0, 0x0, 0x0,
    0x8f, 0xff, 0xff, 0xd7, 0x6e, 0x31, 0x1a, 0x25,
    0x50, 0xa5, 0xfc, 0xff, 0xde, 0x20, 0x0, 0x0,
    0x0, 0x0, 0x75, 0xff, 0xff, 0x82, 0x2, 0x0,
    0x0, 0x0, 0x0, 0x0, 0x0, 0x34, 0xe2, 0xff,
    0xd5, 0xd, 0x0, 0x0, 0x20, 0xf8, 0xff, 0x81,
    0x0, 0x0, 0x0, 0x0, 0x0, 0x0, 0x0, 0x0,
    0x0, 0x26, 0xee, 0xff, 0x87, 0x0, 0x0, 0x90,
    0xff, 0xd7, 0x3, 0x0, 0x0, 0x0, 0x0, 0x0,
    0x0, 0x0, 0x0, 0x0, 0x0, 0x6c, 0xff, 0xf5,
    0xa, 0x0, 0xdd, 0xff, 0x73, 0x0, 0x0, 0x0,
    0x0, 0x0, 0x0, 0x0, 0x0, 0x0, 0x0, 0x0,
    0xb, 0xf8, 0xff, 0x4c, 0x6, 0xff, 0xff, 0x3b,
    0x0, 0x0, 0x0, 0x0, 0x0, 0x0, 0x0, 0x0,
    0x0, 0x0, 0x0, 0x0, 0xcc, 0xff, 0x74, 0x16,
    0xff, 0xff, 0x29, 0x0, 0x0, 0x0, 0x0, 0x0,
    0x0, 0x0, 0x0, 0x0, 0x0, 0x0, 0x0, 0xba,
    0xff, 0x86, 0x6, 0xff, 0xff, 0x3b, 0x0, 0x0,
    0x0, 0x0, 0x0, 0x0, 0x0, 0x0, 0x0, 0x0,
    0x0, 0x0, 0xcb, 0xff, 0x74, 0x0, 0xde, 0xff,
    0x73, 0x0, 0x0, 0x0, 0x0, 0x0, 0x0, 0x0,
    0x0, 0x0, 0x0, 0x0, 0xb, 0xf8, 0xff, 0x4d,
    0x0, 0x91, 0xff, 0xd7, 0x3, 0x0, 0x0, 0x0,
    0x0, 0x0, 0x0, 0x0, 0x0, 0x0, 0x0, 0x6b,
    0xff, 0xf6, 0xa, 0x0, 0x21, 0xf8, 0xff, 0x80,
    0x0, 0x0, 0x0, 0x0, 0x0, 0x0, 0x0, 0x0,
    0x0, 0x25, 0xed, 0xff, 0x8a, 0x0, 0x0, 0x0,
    0x76, 0xff, 0xff, 0x81, 0x2, 0x0, 0x0, 0x0,
    0x0, 0x0, 0x0, 0x34, 0xe2, 0xff, 0xd8, 0xf,
    0x0, 0x0, 0x0, 0x0, 0x90, 0xff, 0xff, 0xd7,
    0x6e, 0x31, 0x1a, 0x24, 0x4f, 0xa4, 0xfc, 0xff,
    0xe0, 0x23, 0x0, 0x0, 0x0, 0x0, 0x0, 0x0,
    0x64, 0xee, 0xff, 0xff, 0xff, 0xff, 0xff, 0xff,
    0xff, 0xff, 0xae, 0x13, 0x0, 0x0, 0x0, 0x0,
    0x0, 0x0, 0x0, 0x0, 0xf, 0x71, 0xbb, 0xe6,
    0xf9, 0xef, 0xd3, 0x92, 0x35, 0x0, 0x0, 0x0,
    0x0, 0x0,

    /* U+00D4 "Ô" */
    0x0, 0x0, 0x0, 0x0, 0x0, 0x0, 0x0, 0x1,
    0xa8, 0xff, 0xf0, 0x28, 0x0, 0x0, 0x0, 0x0,
    0x0, 0x0, 0x0, 0x0, 0x0, 0x0, 0x0, 0x0,
    0x0, 0x0, 0x87, 0xff, 0xc1, 0xfa, 0xda, 0x11,
    0x0, 0x0, 0x0, 0x0, 0x0, 0x0, 0x0, 0x0,
    0x0, 0x0, 0x0, 0x0, 0x61, 0xff, 0xcb, 0x9,
    0x65, 0xff, 0xba, 0x3, 0x0, 0x0, 0x0, 0x0,
    0x0, 0x0, 0x0, 0x0, 0x0, 0x0, 0x0, 0x0,
    0x0, 0x0, 0x0, 0x0, 0x0, 0x0, 0x0, 0x0,
    0x0, 0x0, 0x0, 0x0, 0x0, 0x0, 0x0, 0x0,
    0x0, 0x0, 0x0, 0x0, 0x0, 0x0, 0x0, 0x0,
    0x0, 0x0, 0x0, 0x0, 0x0, 0x0, 0x0, 0x0,
    0x0, 0x0, 0x0, 0x0, 0xe, 0x70, 0xb9, 0xe4,
    0xf9, 0xee, 0xd2, 0x91, 0x35, 0x0, 0x0, 0x0,
    0x0, 0x0, 0x0, 0x0, 0x0, 0x0, 0x63, 0xee,
    0xff, 0xff, 0xff, 0xff, 0xff, 0xff, 0xff, 0xff,
    0xad, 0x12, 0x0, 0x0, 0x0, 0x0, 0x0, 0x0,
    0x8f, 0xff, 0xff, 0xd7, 0x6e, 0x31, 0x1a, 0x25,
    0x50, 0xa5, 0xfc, 0xff, 0xde, 0x20, 0x0, 0x0,
    0x0, 0x0, 0x75, 0xff, 0xff, 0x82, 0x2, 0x0,
    0x0, 0x0, 0x0, 0x0, 0x0, 0x34, 0xe2, 0xff,
    0xd5, 0xd, 0x0, 0x0, 0x20, 0xf8, 0xff, 0x81,
    0x0, 0x0, 0x0, 0x0, 0x0, 0x0, 0x0, 0x0,
    0x0, 0x26, 0xee, 0xff, 0x87, 0x0, 0x0, 0x90,
    0xff, 0xd7, 0x3, 0x0, 0x0, 0x0, 0x0, 0x0,
    0x0, 0x0, 0x0, 0x0, 0x0, 0x6c, 0xff, 0xf5,
    0xa, 0x0, 0xdd, 0xff, 0x73, 0x0, 0x0, 0x0,
    0x0, 0x0, 0x0, 0x0, 0x0, 0x0, 0x0, 0x0,
    0xb, 0xf8, 0xff, 0x4c, 0x6, 0xff, 0xff, 0x3b,
    0x0, 0x0, 0x0, 0x0, 0x0, 0x0, 0x0, 0x0,
    0x0, 0x0, 0x0, 0x0, 0xcc, 0xff, 0x74, 0x16,
    0xff, 0xff, 0x29, 0x0, 0x0, 0x0, 0x0, 0x0,
    0x0, 0x0, 0x0, 0x0, 0x0, 0x0, 0x0, 0xba,
    0xff, 0x86, 0x6, 0xff, 0xff, 0x3b, 0x0, 0x0,
    0x0, 0x0, 0x0, 0x0, 0x0, 0x0, 0x0, 0x0,
    0x0, 0x0, 0xcb, 0xff, 0x74, 0x0, 0xde, 0xff,
    0x73, 0x0, 0x0, 0x0, 0x0, 0x0, 0x0, 0x0,
    0x0, 0x0, 0x0, 0x0, 0xb, 0xf8, 0xff, 0x4d,
    0x0, 0x91, 0xff, 0xd7, 0x3, 0x0, 0x0, 0x0,
    0x0, 0x0, 0x0, 0x0, 0x0, 0x0, 0x0, 0x6b,
    0xff, 0xf6, 0xa, 0x0, 0x21, 0xf8, 0xff, 0x80,
    0x0, 0x0, 0x0, 0x0, 0x0, 0x0, 0x0, 0x0,
    0x0, 0x25, 0xed, 0xff, 0x8a, 0x0, 0x0, 0x0,
    0x76, 0xff, 0xff, 0x81, 0x2, 0x0, 0x0, 0x0,
    0x0, 0x0, 0x0, 0x34, 0xe2, 0xff, 0xd8, 0xf,
    0x0, 0x0, 0x0, 0x0, 0x90, 0xff, 0xff, 0xd7,
    0x6e, 0x31, 0x1a, 0x24, 0x4f, 0xa4, 0xfc, 0xff,
    0xe0, 0x23, 0x0, 0x0, 0x0, 0x0, 0x0, 0x0,
    0x64, 0xee, 0xff, 0xff, 0xff, 0xff, 0xff, 0xff,
    0xff, 0xff, 0xae, 0x13, 0x0, 0x0, 0x0, 0x0,
    0x0, 0x0, 0x0, 0x0, 0xf, 0x71, 0xbb, 0xe6,
    0xf9, 0xef, 0xd3, 0x92, 0x35, 0x0, 0x0, 0x0,
    0x0, 0x0,

    /* U+00D5 "Õ" */
    0x0, 0x0, 0x0, 0x0, 0x0, 0x0, 0x30, 0xc4,
    0xea, 0xa9, 0x38, 0x42, 0xf8, 0xa6, 0x0, 0x0,
    0x0, 0x0, 0x0, 0x0, 0x0, 0x0, 0x0, 0x0,
    0xa, 0xe3, 0xff, 0xff, 0xff, 0xff, 0xff, 0xff,
    0x60, 0x0, 0x0, 0x0, 0x0, 0x0, 0x0, 0x0,
    0x0, 0x0, 0x0, 0x3b, 0xff, 0xb4, 0x1b, 0x80,
    0xdf, 0xea, 0x84, 0x1, 0x0, 0x0, 0x0, 0x0,
    0x0, 0x0, 0x0, 0x0, 0x0, 0x0, 0x0, 0x0,
    0x0, 0x0, 0x0, 0x0, 0x0, 0x0, 0x0, 0x0,
    0x0, 0x0, 0x0, 0x0, 0x0, 0x0, 0x0, 0x0,
    0x0, 0x0, 0x0, 0x0, 0x0, 0x0, 0x0, 0x0,
    0x0, 0x0, 0x0, 0x0, 0x0, 0x0, 0x0, 0x0,
    0x0, 0x0, 0x0, 0x0, 0xe, 0x70, 0xb9, 0xe4,
    0xf9, 0xee, 0xd2, 0x91, 0x35, 0x0, 0x0, 0x0,
    0x0, 0x0, 0x0, 0x0, 0x0, 0x0, 0x63, 0xee,
    0xff, 0xff, 0xff, 0xff, 0xff, 0xff, 0xff, 0xff,
    0xad, 0x12, 0x0, 0x0, 0x0, 0x0, 0x0, 0x0,
    0x8f, 0xff, 0xff, 0xd7, 0x6e, 0x31, 0x1a, 0x25,
    0x50, 0xa5, 0xfc, 0xff, 0xde, 0x20, 0x0, 0x0,
    0x0, 0x0, 0x75, 0xff, 0xff, 0x82, 0x2, 0x0,
    0x0, 0x0, 0x0, 0x0, 0x0, 0x34, 0xe2, 0xff,
    0xd5, 0xd, 0x0, 0x0, 0x20, 0xf8, 0xff, 0x81,
    0x0, 0x0, 0x0, 0x0, 0x0, 0x0, 0x0, 0x0,
    0x0, 0x26, 0xee, 0xff, 0x87, 0x0, 0x0, 0x90,
    0xff, 0xd7, 0x3, 0x0, 0x0, 0x0, 0x0, 0x0,
    0x0, 0x0, 0x0, 0x0, 0x0, 0x6c, 0xff, 0xf5,
    0xa, 0x0, 0xdd, 0xff, 0x73, 0x0, 0x0, 0x0,
    0x0, 0x0, 0x0, 0x0, 0x0, 0x0, 0x0, 0x0,
    0xb, 0xf8, 0xff, 0x4c, 0x6, 0xff, 0xff, 0x3b,
    0x0, 0x0, 0x0, 0x0, 0x0, 0x0, 0x0, 0x0,
    0x0, 0x0, 0x0, 0x0, 0xcc, 0xff, 0x74, 0x16,
    0xff, 0xff, 0x29, 0x0, 0x0, 0x0, 0x0, 0x0,
    0x0, 0x0, 0x0, 0x0, 0x0, 0x0, 0x0, 0xba,
    0xff, 0x86, 0x6, 0xff, 0xff, 0x3b, 0x0, 0x0,
    0x0, 0x0, 0x0, 0x0, 0x0, 0x0, 0x0, 0x0,
    0x0, 0x0, 0xcb, 0xff, 0x74, 0x0, 0xde, 0xff,
    0x73, 0x0, 0x0, 0x0, 0x0, 0x0, 0x0, 0x0,
    0x0, 0x0, 0x0, 0x0, 0xb, 0xf8, 0xff, 0x4d,
    0x0, 0x91, 0xff, 0xd7, 0x3, 0x0, 0x0, 0x0,
    0x0, 0x0, 0x0, 0x0, 0x0, 0x0, 0x0, 0x6b,
    0xff, 0xf6, 0xa, 0x0, 0x21, 0xf8, 0xff, 0x80,
    0x0, 0x0, 0x0, 0x0, 0x0, 0x0, 0x0, 0x0,
    0x0, 0x25, 0xed, 0xff, 0x8a, 0x0, 0x0, 0x0,
    0x76, 0xff, 0xff, 0x81, 0x2, 0x0, 0x0, 0x0,
    0x0, 0x0, 0x0, 0x34, 0xe2, 0xff, 0xd8, 0xf,
    0x0, 0x0, 0x0, 0x0, 0x90, 0xff, 0xff, 0xd7,
    0x6e, 0x31, 0x1a, 0x24, 0x4f, 0xa4, 0xfc, 0xff,
    0xe0, 0x23, 0x0, 0x0, 0x0, 0x0, 0x0, 0x0,
    0x64, 0xee, 0xff, 0xff, 0xff, 0xff, 0xff, 0xff,
    0xff, 0xff, 0xae, 0x13, 0x0, 0x0, 0x0, 0x0,
    0x0, 0x0, 0x0, 0x0, 0xf, 0x71, 0xbb, 0xe6,
    0xf9, 0xef, 0xd3, 0x92, 0x35, 0x0, 0x0, 0x0,
    0x0, 0x0,

    /* U+00D6 "Ö" */
    0x0, 0x0, 0x0, 0x0, 0x0, 0x0, 0x22, 0xa3,
    0x65, 0x0, 0x1e, 0xa2, 0x6b, 0x0, 0x0, 0x0,
    0x0, 0x0, 0x0, 0x0, 0x0, 0x0, 0x0, 0x0,
    0x0, 0x99, 0xff, 0xfe, 0x8, 0x91, 0xff, 0xff,
    0xf, 0x0, 0x0, 0x0, 0x0, 0x0, 0x0, 0x0,
    0x0, 0x0, 0x0, 0x0, 0x48, 0xee, 0xa8, 0x0,
    0x42, 0xed, 0xaf, 0x0, 0x0, 0x0, 0x0, 0x0,
    0x0, 0x0, 0x0, 0x0, 0x0, 0x0, 0x0, 0x0,
    0x0, 0x0, 0x0, 0x0, 0x0, 0x0, 0x0, 0x0,
    0x0, 0x0, 0x0, 0x0, 0x0, 0x0, 0x0, 0x0,
    0x0, 0x0, 0x0, 0x0, 0x0, 0x0, 0x0, 0x0,
    0x0, 0x0, 0x0, 0x0, 0x0, 0x0, 0x0, 0x0,
    0x0, 0x0, 0x0, 0x0, 0xe, 0x70, 0xb9, 0xe4,
    0xf9, 0xee, 0xd2, 0x91, 0x35, 0x0, 0x0, 0x0,
    0x0, 0x0, 0x0, 0x0, 0x0, 0x0, 0x63, 0xee,
    0xff, 0xff, 0xff, 0xff, 0xff, 0xff, 0xff, 0xff,
    0xad, 0x12, 0x0, 0x0, 0x0, 0x0, 0x0, 0x0,
    0x8f, 0xff, 0xff, 0xd7, 0x6e, 0x31, 0x1a, 0x25,
    0x50, 0xa5, 0xfc, 0xff, 0xde, 0x20, 0x0, 0x0,
    0x0, 0x0, 0x75, 0xff, 0xff, 0x82, 0x2, 0x0,
    0x0, 0x0, 0x0, 0x0, 0x0, 0x34, 0xe2, 0xff,
    0xd5, 0xd, 0x0, 0x0, 0x20, 0xf8, 0xff, 0x81,
    0x0, 0x0, 0x0, 0x0, 0x0, 0x0, 0x0, 0x0,
    0x0, 0x26, 0xee, 0xff, 0x87, 0x0, 0x0, 0x90,
    0xff, 0xd7, 0x3, 0x0, 0x0, 0x0, 0x0, 0x0,
    0x0, 0x0, 0x0, 0x0, 0x0, 0x6c, 0xff, 0xf5,
    0xa, 0x0, 0xdd, 0xff, 0x73, 0x0, 0x0, 0x0,
    0x0, 0x0, 0x0, 0x0, 0x0, 0x0, 0x0, 0x0,
    0xb, 0xf8, 0xff, 0x4c, 0x6, 0xff, 0xff, 0x3b,
    0x0, 0x0, 0x0, 0x0, 0x0, 0x0, 0x0, 0x0,
    0x0, 0x0, 0x0, 0x0, 0xcc, 0xff, 0x74, 0x16,
    0xff, 0xff, 0x29, 0x0, 0x0, 0x0, 0x0, 0x0,
    0x0, 0x0, 0x0, 0x0, 0x0, 0x0, 0x0, 0xba,
    0xff, 0x86, 0x6, 0xff, 0xff, 0x3b, 0x0, 0x0,
    0x0, 0x0, 0x0, 0x0, 0x0, 0x0, 0x0, 0x0,
    0x0, 0x0, 0xcb, 0xff, 0x74, 0x0, 0xde, 0xff,
    0x73, 0x0, 0x0, 0x0, 0x0, 0x0, 0x0, 0x0,
    0x0, 0x0, 0x0, 0x0, 0xb, 0xf8, 0xff, 0x4d,
    0x0, 0x91, 0xff, 0xd7, 0x3, 0x0, 0x0, 0x0,
    0x0, 0x0, 0x0, 0x0, 0x0, 0x0, 0x0, 0x6b,
    0xff, 0xf6, 0xa, 0x0, 0x21, 0xf8, 0xff, 0x80,
    0x0, 0x0, 0x0, 0x0, 0x0, 0x0, 0x0, 0x0,
    0x0, 0x25, 0xed, 0xff, 0x8a, 0x0, 0x0, 0x0,
    0x76, 0xff, 0xff, 0x81, 0x2, 0x0, 0x0, 0x0,
    0x0, 0x0, 0x0, 0x34, 0xe2, 0xff, 0xd8, 0xf,
    0x0, 0x0, 0x0, 0x0, 0x90, 0xff, 0xff, 0xd7,
    0x6e, 0x31, 0x1a, 0x24, 0x4f, 0xa4, 0xfc, 0xff,
    0xe0, 0x23, 0x0, 0x0, 0x0, 0x0, 0x0, 0x0,
    0x64, 0xee, 0xff, 0xff, 0xff, 0xff, 0xff, 0xff,
    0xff, 0xff, 0xae, 0x13, 0x0, 0x0, 0x0, 0x0,
    0x0, 0x0, 0x0, 0x0, 0xf, 0x71, 0xbb, 0xe6,
    0xf9, 0xef, 0xd3, 0x92, 0x35, 0x0, 0x0, 0x0,
    0x0, 0x0,

    /* U+00D7 "×" */
    0x0, 0x19, 0x0, 0x0, 0x0, 0x0, 0x0, 0x0,
    0x0, 0x19, 0x0, 0x36, 0xf1, 0x7f, 0x0, 0x0,
    0x0, 0x0, 0x0, 0x7f, 0xf1, 0x36, 0x19, 0xd6,
    0xff, 0x88, 0x0, 0x0, 0x0, 0x88, 0xff, 0xd5,
    0x19, 0x0, 0x15, 0xd0, 0xff, 0x91, 0x2, 0x92,
    0xff, 0xd0, 0x15, 0x0, 0x0, 0x0, 0x12, 0xcb,
    0xff, 0xd7, 0xff, 0xcb, 0x11, 0x0, 0x0, 0x0,
    0x0, 0x0, 0x13, 0xf0, 0xff, 0xf0, 0x13, 0x0,
    0x0, 0x0, 0x0, 0x0, 0x6, 0xae, 0xff, 0xef,
    0xff, 0xae, 0x6, 0x0, 0x0, 0x0, 0x8, 0xb6,
    0xff, 0xb1, 0xe, 0xb1, 0xff, 0xb5, 0x8, 0x0,
    0xb, 0xbd, 0xff, 0xa9, 0x4, 0x0, 0x5, 0xaa,
    0xff, 0xbc, 0xb, 0x43, 0xfb, 0xa1, 0x3, 0x0,
    0x0, 0x0, 0x3, 0xa2, 0xfb, 0x43, 0x0, 0x34,
    0x2, 0x0, 0x0, 0x0, 0x0, 0x0, 0x2, 0x33,
    0x0,

    /* U+00D8 "Ø" */
    0x0, 0x0, 0x0, 0x0, 0x0, 0x0, 0x0, 0x0,
    0x0, 0x0, 0x0, 0x0, 0x0, 0x0, 0x3f, 0x10,
    0x0, 0x0, 0x0, 0x0, 0x0, 0x0, 0x0, 0x0,
    0xf, 0x70, 0xb9, 0xe4, 0xf8, 0xe9, 0xca, 0x81,
    0x3c, 0xf0, 0xd8, 0x3, 0x0, 0x0, 0x0, 0x0,
    0x0, 0x0, 0x65, 0xee, 0xff, 0xff, 0xff, 0xff,
    0xff, 0xff, 0xff, 0xff, 0xff, 0x6e, 0x0, 0x0,
    0x0, 0x0, 0x0, 0x0, 0x93, 0xff, 0xff, 0xd8,
    0x6f, 0x32, 0x1a, 0x27, 0x51, 0xc9, 0xff, 0xff,
    0xcd, 0x14, 0x0, 0x0, 0x0, 0x0, 0x78, 0xff,
    0xff, 0x85, 0x3, 0x0, 0x0, 0x0, 0x0, 0x13,
    0xe8, 0xf6, 0xe3, 0xff, 0xcb, 0x4, 0x0, 0x0,
    0x21, 0xf9, 0xff, 0x83, 0x0, 0x0, 0x0, 0x0,
    0x0, 0x0, 0xa6, 0xff, 0x72, 0x24, 0xee, 0xff,
    0x78, 0x0, 0x0, 0x92, 0xff, 0xd7, 0x3, 0x0,
    0x0, 0x0, 0x0, 0x0, 0x50, 0xff, 0xc5, 0x2,
    0x0, 0x6a, 0xff, 0xe8, 0x4, 0x0, 0xdf, 0xff,
    0x73, 0x0, 0x0, 0x0, 0x0, 0x0, 0x12, 0xe7,
    0xf6, 0x26, 0x0, 0x0, 0xc, 0xf7, 0xff, 0x44,
    0x6, 0xff, 0xff, 0x3b, 0x0, 0x0, 0x0, 0x0,
    0x0, 0xa5, 0xff, 0x72, 0x0, 0x0, 0x0, 0x0,
    0xcc, 0xff, 0x6d, 0x15, 0xff, 0xff, 0x29, 0x0,
    0x0, 0x0, 0x0, 0x4f, 0xff, 0xc5, 0x2, 0x0,
    0x0, 0x0, 0x0, 0xba, 0xff, 0x84, 0x2, 0xfb,
    0xff, 0x3c, 0x0, 0x0, 0x0, 0x12, 0xe7, 0xf7,
    0x27, 0x0, 0x0, 0x0, 0x0, 0x0, 0xcc, 0xff,
    0x74, 0x0, 0xd7, 0xff, 0x72, 0x0, 0x0, 0x0,
    0xa4, 0xff, 0x73, 0x0, 0x0, 0x0, 0x0, 0x0,
    0xc, 0xf9, 0xff, 0x4d, 0x0, 0x81, 0xff, 0xd4,
    0x4, 0x0, 0x4e, 0xff, 0xc6, 0x2, 0x0, 0x0,
    0x0, 0x0, 0x0, 0x6d, 0xff, 0xf6, 0xa, 0x0,
    0x1c, 0xf2, 0xff, 0x81, 0x11, 0xe6, 0xf7, 0x27,
    0x0, 0x0, 0x0, 0x0, 0x0, 0x26, 0xee, 0xff,
    0x89, 0x0, 0x0, 0x0, 0x68, 0xff, 0xff, 0xd7,
    0xff, 0x73, 0x0, 0x0, 0x0, 0x0, 0x0, 0x34,
    0xe2, 0xff, 0xd7, 0xe, 0x0, 0x0, 0x0, 0x0,
    0x7e, 0xff, 0xff, 0xfd, 0x78, 0x34, 0x1b, 0x24,
    0x4f, 0xa4, 0xfc, 0xff, 0xe1, 0x22, 0x0, 0x0,
    0x0, 0x0, 0x0, 0xe, 0xec, 0xff, 0xff, 0xff,
    0xff, 0xff, 0xff, 0xff, 0xff, 0xff, 0xb1, 0x14,
    0x0, 0x0, 0x0, 0x0, 0x0, 0x0, 0x63, 0xff,
    0x8b, 0x5f, 0xb5, 0xdf, 0xf8, 0xef, 0xd3, 0x93,
    0x37, 0x0, 0x0, 0x0, 0x0, 0x0, 0x0, 0x0,
    0x0, 0x0, 0x41, 0x7, 0x0, 0x0, 0x0, 0x0,
    0x0, 0x0, 0x0, 0x0, 0x0, 0x0, 0x0, 0x0,
    0x0,

    /* U+00D9 "Ù" */
    0x0, 0x0, 0x0, 0x0, 0x8f, 0xff, 0xc4, 0x0,
    0x0, 0x0, 0x0, 0x0, 0x0, 0x0, 0x0, 0x0,
    0x0, 0x0, 0x10, 0xec, 0xff, 0x2e, 0x0, 0x0,
    0x0, 0x0, 0x0, 0x0, 0x0, 0x0, 0x0, 0x0,
    0x0, 0x6a, 0xff, 0x97, 0x0, 0x0, 0x0, 0x0,
    0x0, 0x0, 0x0, 0x0, 0x0, 0x0, 0x0, 0x0,
    0x8, 0x6, 0x0, 0x0, 0x0, 0x0, 0x0, 0x0,
    0x0, 0x0, 0x0, 0x0, 0x0, 0x0, 0x0, 0x0,
    0x0, 0x0, 0x0, 0x0, 0x0, 0x0, 0xa8, 0xff,
    0x8c, 0x0, 0x0, 0x0, 0x0, 0x0, 0x0, 0x0,
    0x24, 0xff, 0xff, 0x10, 0xa8, 0xff, 0x8c, 0x0,
    0x0, 0x0, 0x0, 0x0, 0x0, 0x0, 0x24, 0xff,
    0xff, 0x10, 0xa8, 0xff, 0x8c, 0x0, 0x0, 0x0,
    0x0, 0x0, 0x0, 0x0, 0x24, 0xff, 0xff, 0x10,
    0xa8, 0xff, 0x8c, 0x0, 0x0, 0x0, 0x0, 0x0,
    0x0, 0x0, 0x24, 0xff, 0xff, 0x10, 0xa8, 0xff,
    0x8c, 0x0, 0x0, 0x0, 0x0, 0x0, 0x0, 0x0,
    0x24, 0xff, 0xff, 0x10, 0xa8, 0xff, 0x8c, 0x0,
    0x0, 0x0, 0x0, 0x0, 0x0, 0x0, 0x24, 0xff,
    0xff, 0x10, 0xa8, 0xff, 0x8c, 0x0, 0x0, 0x0,
    0x0, 0x0, 0x0, 0x0, 0x24, 0xff, 0xff, 0x10,
    0xa8, 0xff, 0x8c, 0x0, 0x0, 0x0, 0x0, 0x0,
    0x0, 0x0, 0x24, 0xff, 0xff, 0x10, 0xa8, 0xff,
    0x8c, 0x0, 0x0, 0x0, 0x0, 0x0, 0x0, 0x0,
    0x24, 0xff, 0xff, 0x10, 0xa8, 0xff, 0x8c, 0x0,
    0x0, 0x0, 0x0, 0x0, 0x0, 0x0, 0x24, 0xff,
    0xff, 0x10, 0xa5, 0xff, 0x8d, 0x0, 0x0, 0x0,
    0x0, 0x0, 0x0, 0x0, 0x26, 0xff, 0xff, 0xc,
    0x93, 0xff, 0xa2, 0x0, 0x0, 0x0, 0x0, 0x0,
    0x0, 0x0, 0x3b, 0xff, 0xfa, 0x0, 0x61, 0xff,
    0xe3, 0x3, 0x0, 0x0, 0x0, 0x0, 0x0, 0x0,
    0x80, 0xff, 0xcc, 0x0, 0x13, 0xf3, 0xff, 0x7b,
    0x0, 0x0, 0x0, 0x0, 0x0, 0x24, 0xef, 0xff,
    0x77, 0x0, 0x0, 0x72, 0xff, 0xff, 0x9f, 0x3b,
    0x19, 0x26, 0x6d, 0xea, 0xff, 0xdb, 0xc, 0x0,
    0x0, 0x0, 0x87, 0xff, 0xff, 0xff, 0xff, 0xff,
    0xff, 0xff, 0xdb, 0x26, 0x0, 0x0, 0x0, 0x0,
    0x0, 0x39, 0xa6, 0xe3, 0xfa, 0xf0, 0xc7, 0x74,
    0xb, 0x0, 0x0, 0x0,

    /* U+00DA "Ú" */
    0x0, 0x0, 0x0, 0x0, 0x0, 0x0, 0x5d, 0xff,
    0xe8, 0xd, 0x0, 0x0, 0x0, 0x0, 0x0, 0x0,
    0x0, 0x0, 0x0, 0x0, 0xc7, 0xff, 0x64, 0x0,
    0x0, 0x0, 0x0, 0x0, 0x0, 0x0, 0x0, 0x0,
    0x0, 0x30, 0xff, 0xcf, 0x2, 0x0, 0x0, 0x0,
    0x0, 0x0, 0x0, 0x0, 0x0, 0x0, 0x0, 0x3,
    0x8, 0x4, 0x0, 0x0, 0x0, 0x0, 0x0, 0x0,
    0x0, 0x0, 0x0, 0x0, 0x0, 0x0, 0x0, 0x0,
    0x0, 0x0, 0x0, 0x0, 0x0, 0x0, 0xa8, 0xff,
    0x8c, 0x0, 0x0, 0x0, 0x0, 0x0, 0x0, 0x0,
    0x24, 0xff, 0xff, 0x10, 0xa8, 0xff, 0x8c, 0x0,
    0x0, 0x0, 0x0, 0x0, 0x0, 0x0, 0x24, 0xff,
    0xff, 0x10, 0xa8, 0xff, 0x8c, 0x0, 0x0, 0x0,
    0x0, 0x0, 0x0, 0x0, 0x24, 0xff, 0xff, 0x10,
    0xa8, 0xff, 0x8c, 0x0, 0x0, 0x0, 0x0, 0x0,
    0x0, 0x0, 0x24, 0xff, 0xff, 0x10, 0xa8, 0xff,
    0x8c, 0x0, 0x0, 0x0, 0x0, 0x0, 0x0, 0x0,
    0x24, 0xff, 0xff, 0x10, 0xa8, 0xff, 0x8c, 0x0,
    0x0, 0x0, 0x0, 0x0, 0x0, 0x0, 0x24, 0xff,
    0xff, 0x10, 0xa8, 0xff, 0x8c, 0x0, 0x0, 0x0,
    0x0, 0x0, 0x0, 0x0, 0x24, 0xff, 0xff, 0x10,
    0xa8, 0xff, 0x8c, 0x0, 0x0, 0x0, 0x0, 0x0,
    0x0, 0x0, 0x24, 0xff, 0xff, 0x10, 0xa8, 0xff,
    0x8c, 0x0, 0x0, 0x0, 0x0, 0x0, 0x0, 0x0,
    0x24, 0xff, 0xff, 0x10, 0xa8, 0xff, 0x8c, 0x0,
    0x0, 0x0, 0x0, 0x0, 0x0, 0x0, 0x24, 0xff,
    0xff, 0x10, 0xa5, 0xff, 0x8d, 0x0, 0x0, 0x0,
    0x0, 0x0, 0x0, 0x0, 0x26, 0xff, 0xff, 0xc,
    0x93, 0xff, 0xa2, 0x0, 0x0, 0x0, 0x0, 0x0,
    0x0, 0x0, 0x3b, 0xff, 0xfa, 0x0, 0x61, 0xff,
    0xe3, 0x3, 0x0, 0x0, 0x0, 0x0, 0x0, 0x0,
    0x80, 0xff, 0xcc, 0x0, 0x13, 0xf3, 0xff, 0x7b,
    0x0, 0x0, 0x0, 0x0, 0x0, 0x24, 0xef, 0xff,
    0x77, 0x0, 0x0, 0x72, 0xff, 0xff, 0x9f, 0x3b,
    0x19, 0x26, 0x6d, 0xea, 0xff, 0xdb, 0xc, 0x0,
    0x0, 0x0, 0x87, 0xff, 0xff, 0xff, 0xff, 0xff,
    0xff, 0xff, 0xdb, 0x26, 0x0, 0x0, 0x0, 0x0,
    0x0, 0x39, 0xa6, 0xe3, 0xfa, 0xf0, 0xc7, 0x74,
    0xb, 0x0, 0x0, 0x0,

    /* U+00DB "Û" */
    0x0, 0x0, 0x0, 0x0, 0x0, 0x41, 0x80, 0x70,
    0x2, 0x0, 0x0, 0x0, 0x0, 0x0, 0x0, 0x0,
    0x0, 0x0, 0x50, 0xf9, 0xe7, 0xff, 0xa3, 0x2,
    0x0, 0x0, 0x0, 0x0, 0x0, 0x0, 0x0, 0x56,
    0xfb, 0xd1, 0x13, 0x7d, 0xff, 0xa1, 0x2, 0x0,
    0x0, 0x0, 0x0, 0x0, 0x0, 0x0, 0x0, 0x0,
    0x0, 0x0, 0x0, 0x0, 0x0, 0x0, 0x0, 0x0,
    0x0, 0x0, 0x0, 0x0, 0x0, 0x0, 0x0, 0x0,
    0x0, 0x0, 0x0, 0x0, 0x0, 0x0, 0xa8, 0xff,
    0x8c, 0x0, 0x0, 0x0, 0x0, 0x0, 0x0, 0x0,
    0x24, 0xff, 0xff, 0x10, 0xa8, 0xff, 0x8c, 0x0,
    0x0, 0x0, 0x0, 0x0, 0x0, 0x0, 0x24, 0xff,
    0xff, 0x10, 0xa8, 0xff, 0x8c, 0x0, 0x0, 0x0,
    0x0, 0x0, 0x0, 0x0, 0x24, 0xff, 0xff, 0x10,
    0xa8, 0xff, 0x8c, 0x0, 0x0, 0x0, 0x0, 0x0,
    0x0, 0x0, 0x24, 0xff, 0xff, 0x10, 0xa8, 0xff,
    0x8c, 0x0, 0x0, 0x0, 0x0, 0x0, 0x0, 0x0,
    0x24, 0xff, 0xff, 0x10, 0xa8, 0xff, 0x8c, 0x0,
    0x0, 0x0, 0x0, 0x0, 0x0, 0x0, 0x24, 0xff,
    0xff, 0x10, 0xa8, 0xff, 0x8c, 0x0, 0x0, 0x0,
    0x0, 0x0, 0x0, 0x0, 0x24, 0xff, 0xff, 0x10,
    0xa8, 0xff, 0x8c, 0x0, 0x0, 0x0, 0x0, 0x0,
    0x0, 0x0, 0x24, 0xff, 0xff, 0x10, 0xa8, 0xff,
    0x8c, 0x0, 0x0, 0x0, 0x0, 0x0, 0x0, 0x0,
    0x24, 0xff, 0xff, 0x10, 0xa8, 0xff, 0x8c, 0x0,
    0x0, 0x0, 0x0, 0x0, 0x0, 0x0, 0x24, 0xff,
    0xff, 0x10, 0xa5, 0xff, 0x8d, 0x0, 0x0, 0x0,
    0x0, 0x0, 0x0, 0x0, 0x26, 0xff, 0xff, 0xc,
    0x93, 0xff, 0xa2, 0x0, 0x0, 0x0, 0x0, 0x0,
    0x0, 0x0, 0x3b, 0xff, 0xfa, 0x0, 0x61, 0xff,
    0xe3, 0x3, 0x0, 0x0, 0x0, 0x0, 0x0, 0x0,
    0x80, 0xff, 0xcc, 0x0, 0x13, 0xf3, 0xff, 0x7b,
    0x0, 0x0, 0x0, 0x0, 0x0, 0x24, 0xef, 0xff,
    0x77, 0x0, 0x0, 0x72, 0xff, 0xff, 0x9f, 0x3b,
    0x19, 0x26, 0x6d, 0xea, 0xff, 0xdb, 0xc, 0x0,
    0x0, 0x0, 0x87, 0xff, 0xff, 0xff, 0xff, 0xff,
    0xff, 0xff, 0xdb, 0x26, 0x0, 0x0, 0x0, 0x0,
    0x0, 0x39, 0xa6, 0xe3, 0xfa, 0xf0, 0xc7, 0x74,
    0xb, 0x0, 0x0, 0x0,

    /* U+00DC "Ü" */
    0x0, 0x0, 0x0, 0x25, 0xa4, 0x63, 0x0, 0x20,
    0xa2, 0x68, 0x0, 0x0, 0x0, 0x0, 0x0, 0x0,
    0x0, 0xa1, 0xff, 0xfd, 0x5, 0x95, 0xff, 0xfe,
    0xb, 0x0, 0x0, 0x0, 0x0, 0x0, 0x0, 0x4d,
    0xef, 0xa4, 0x0, 0x45, 0xee, 0xac, 0x0, 0x0,
    0x0, 0x0, 0x0, 0x0, 0x0, 0x0, 0x0, 0x0,
    0x0, 0x0, 0x0, 0x0, 0x0, 0x0, 0x0, 0x0,
    0x0, 0x0, 0x0, 0x0, 0x0, 0x0, 0x0, 0x0,
    0x0, 0x0, 0x0, 0x0, 0x0, 0x0, 0xa8, 0xff,
    0x8c, 0x0, 0x0, 0x0, 0x0, 0x0, 0x0, 0x0,
    0x24, 0xff, 0xff, 0x10, 0xa8, 0xff, 0x8c, 0x0,
    0x0, 0x0, 0x0, 0x0, 0x0, 0x0, 0x24, 0xff,
    0xff, 0x10, 0xa8, 0xff, 0x8c, 0x0, 0x0, 0x0,
    0x0, 0x0, 0x0, 0x0, 0x24, 0xff, 0xff, 0x10,
    0xa8, 0xff, 0x8c, 0x0, 0x0, 0x0, 0x0, 0x0,
    0x0, 0x0, 0x24, 0xff, 0xff, 0x10, 0xa8, 0xff,
    0x8c, 0x0, 0x0, 0x0, 0x0, 0x0, 0x0, 0x0,
    0x24, 0xff, 0xff, 0x10, 0xa8, 0xff, 0x8c, 0x0,
    0x0, 0x0, 0x0, 0x0, 0x0, 0x0, 0x24, 0xff,
    0xff, 0x10, 0xa8, 0xff, 0x8c, 0x0, 0x0, 0x0,
    0x0, 0x0, 0x0, 0x0, 0x24, 0xff, 0xff, 0x10,
    0xa8, 0xff, 0x8c, 0x0, 0x0, 0x0, 0x0, 0x0,
    0x0, 0x0, 0x24, 0xff, 0xff, 0x10, 0xa8, 0xff,
    0x8c, 0x0, 0x0, 0x0, 0x0, 0x0, 0x0, 0x0,
    0x24, 0xff, 0xff, 0x10, 0xa8, 0xff, 0x8c, 0x0,
    0x0, 0x0, 0x0, 0x0, 0x0, 0x0, 0x24, 0xff,
    0xff, 0x10, 0xa5, 0xff, 0x8d, 0x0, 0x0, 0x0,
    0x0, 0x0, 0x0, 0x0, 0x26, 0xff, 0xff, 0xc,
    0x93, 0xff, 0xa2, 0x0, 0x0, 0x0, 0x0, 0x0,
    0x0, 0x0, 0x3b, 0xff, 0xfa, 0x0, 0x61, 0xff,
    0xe3, 0x3, 0x0, 0x0, 0x0, 0x0, 0x0, 0x0,
    0x80, 0xff, 0xcc, 0x0, 0x13, 0xf3, 0xff, 0x7b,
    0x0, 0x0, 0x0, 0x0, 0x0, 0x24, 0xef, 0xff,
    0x77, 0x0, 0x0, 0x72, 0xff, 0xff, 0x9f, 0x3b,
    0x19, 0x26, 0x6d, 0xea, 0xff, 0xdb, 0xc, 0x0,
    0x0, 0x0, 0x87, 0xff, 0xff, 0xff, 0xff, 0xff,
    0xff, 0xff, 0xdb, 0x26, 0x0, 0x0, 0x0, 0x0,
    0x0, 0x39, 0xa6, 0xe3, 0xfa, 0xf0, 0xc7, 0x74,
    0xb, 0x0, 0x0, 0x0,

    /* U+00DD "Ý" */
    0x0, 0x0, 0x0, 0x0, 0x0, 0x0, 0x0, 0x5,
    0x8, 0x5, 0x0, 0x0, 0x0, 0x0, 0x0, 0x0,
    0x0, 0x0, 0x0, 0x0, 0x7, 0xec, 0xff, 0x5d,
    0x0, 0x0, 0x0, 0x0, 0x0, 0x0, 0x0, 0x0,
    0x0, 0x0, 0x5c, 0xff, 0xca, 0x1, 0x0, 0x0,
    0x0, 0x0, 0x0, 0x0, 0x0, 0x0, 0x0, 0x0,
    0xc4, 0xff, 0x3a, 0x0, 0x0, 0x0, 0x0, 0x0,
    0x0, 0x0, 0x0, 0x0, 0x0, 0x0, 0x0, 0x0,
    0x0, 0x0, 0x0, 0x0, 0x0, 0x0, 0x67, 0xff,
    0xfc, 0x31, 0x0, 0x0, 0x0, 0x0, 0x0, 0x0,
    0xb, 0xe2, 0xff, 0xa7, 0x1, 0xc2, 0xff, 0xc9,
    0x2, 0x0, 0x0, 0x0, 0x0, 0x0, 0x88, 0xff,
    0xef, 0x17, 0x0, 0x27, 0xf8, 0xff, 0x69, 0x0,
    0x0, 0x0, 0x0, 0x27, 0xf9, 0xff, 0x67, 0x0,
    0x0, 0x0, 0x7d, 0xff, 0xef, 0x17, 0x0, 0x0,
    0x0, 0xbb, 0xff, 0xc5, 0x1, 0x0, 0x0, 0x0,
    0x5, 0xd4, 0xff, 0xa4, 0x0, 0x0, 0x56, 0xff,
    0xfa, 0x2c, 0x0, 0x0, 0x0, 0x0, 0x0, 0x39,
    0xfd, 0xff, 0x42, 0xb, 0xe3, 0xff, 0x87, 0x0,
    0x0, 0x0, 0x0, 0x0, 0x0, 0x0, 0x93, 0xff,
    0xd8, 0x91, 0xff, 0xdd, 0x9, 0x0, 0x0, 0x0,
    0x0, 0x0, 0x0, 0x0, 0xd, 0xe3, 0xff, 0xff,
    0xff, 0x47, 0x0, 0x0, 0x0, 0x0, 0x0, 0x0,
    0x0, 0x0, 0x0, 0x4d, 0xff, 0xff, 0xa7, 0x0,
    0x0, 0x0, 0x0, 0x0, 0x0, 0x0, 0x0, 0x0,
    0x0, 0x0, 0xec, 0xff, 0x48, 0x0, 0x0, 0x0,
    0x0, 0x0, 0x0, 0x0, 0x0, 0x0, 0x0, 0x0,
    0xec, 0xff, 0x48, 0x0, 0x0, 0x0, 0x0, 0x0,
    0x0, 0x0, 0x0, 0x0, 0x0, 0x0, 0xec, 0xff,
    0x48, 0x0, 0x0, 0x0, 0x0, 0x0, 0x0, 0x0,
    0x0, 0x0, 0x0, 0x0, 0xec, 0xff, 0x48, 0x0,
    0x0, 0x0, 0x0, 0x0, 0x0, 0x0, 0x0, 0x0,
    0x0, 0x0, 0xec, 0xff, 0x48, 0x0, 0x0, 0x0,
    0x0, 0x0, 0x0, 0x0, 0x0, 0x0, 0x0, 0x0,
    0xec, 0xff, 0x48, 0x0, 0x0, 0x0, 0x0, 0x0,
    0x0, 0x0, 0x0, 0x0, 0x0, 0x0, 0xec, 0xff,
    0x48, 0x0, 0x0, 0x0, 0x0, 0x0, 0x0, 0x0,
    0x0, 0x0, 0x0, 0x0, 0xec, 0xff, 0x48, 0x0,
    0x0, 0x0, 0x0, 0x0,

    /* U+00DE "Þ" */
    0x44, 0xff, 0xf0, 0x0, 0x0, 0x0, 0x0, 0x0,
    0x0, 0x0, 0x0, 0x0, 0x44, 0xff, 0xf0, 0x0,
    0x0, 0x0, 0x0, 0x0, 0x0, 0x0, 0x0, 0x0,
    0x44, 0xff, 0xf1, 0x18, 0x18, 0x18, 0x15, 0x4,
    0x0, 0x0, 0x0, 0x0, 0x44, 0xff, 0xff, 0xff,
    0xff, 0xff, 0xff, 0xfb, 0xc0, 0x44, 0x0, 0x0,
    0x44, 0xff, 0xff, 0xff, 0xff, 0xff, 0xff, 0xff,
    0xff, 0xfe, 0x75, 0x0, 0x44, 0xff, 0xf0, 0x0,
    0x0, 0x0, 0x3, 0x2b, 0xae, 0xff, 0xff, 0x43,
    0x44, 0xff, 0xf0, 0x0, 0x0, 0x0, 0x0, 0x0,
    0x2, 0xc2, 0xff, 0xb6, 0x44, 0xff, 0xf0, 0x0,
    0x0, 0x0, 0x0, 0x0, 0x0, 0x63, 0xff, 0xe8,
    0x44, 0xff, 0xf0, 0x0, 0x0, 0x0, 0x0, 0x0,
    0x0, 0x68, 0xff, 0xe5, 0x44, 0xff, 0xf0, 0x0,
    0x0, 0x0, 0x0, 0x0, 0x5, 0xcc, 0xff, 0xb1,
    0x44, 0xff, 0xf1, 0x18, 0x18, 0x18, 0x1b, 0x41,
    0xc0, 0xff, 0xfd, 0x3a, 0x44, 0xff, 0xff, 0xff,
    0xff, 0xff, 0xff, 0xff, 0xff, 0xfb, 0x65, 0x0,
    0x44, 0xff, 0xff, 0xff, 0xff, 0xff, 0xfe, 0xea,
    0xab, 0x34, 0x0, 0x0, 0x44, 0xff, 0xf0, 0x0,
    0x0, 0x0, 0x0, 0x0, 0x0, 0x0, 0x0, 0x0,
    0x44, 0xff, 0xf0, 0x0, 0x0, 0x0, 0x0, 0x0,
    0x0, 0x0, 0x0, 0x0, 0x44, 0xff, 0xf0, 0x0,
    0x0, 0x0, 0x0, 0x0, 0x0, 0x0, 0x0, 0x0,
    0x44, 0xff, 0xf0, 0x0, 0x0, 0x0, 0x0, 0x0,
    0x0, 0x0, 0x0, 0x0,

    /* U+00DF "ß" */
    0x0, 0x0, 0xf, 0x84, 0xd6, 0xf7, 0xf3, 0xc7,
    0x64, 0x1, 0x0, 0x0, 0x0, 0x17, 0xda, 0xff,
    0xff, 0xff, 0xff, 0xff, 0xff, 0xb1, 0x5, 0x0,
    0x0, 0xac, 0xff, 0xf2, 0x6b, 0x25, 0x2c, 0x89,
    0xfe, 0xff, 0x76, 0x0, 0x12, 0xfd, 0xff, 0x61,
    0x0, 0x0, 0x0, 0x0, 0x94, 0xff, 0xd3, 0x0,
    0x3a, 0xff, 0xff, 0x12, 0x0, 0x0, 0x0, 0x0,
    0x59, 0xff, 0xec, 0x0, 0x44, 0xff, 0xfc, 0x0,
    0x0, 0x0, 0x0, 0x0, 0x92, 0xff, 0xce, 0x0,
    0x44, 0xff, 0xfc, 0x0, 0x0, 0xb, 0x26, 0x80,
    0xfd, 0xff, 0x65, 0x0, 0x44, 0xff, 0xfc, 0x0,
    0x0, 0xdc, 0xff, 0xff, 0xfb, 0x77, 0x0, 0x0,
    0x44, 0xff, 0xfc, 0x0, 0x0, 0xdc, 0xff, 0xff,
    0xff, 0xb0, 0x1a, 0x0, 0x44, 0xff, 0xfc, 0x0,
    0x0, 0x0, 0x14, 0x56, 0xdf, 0xff, 0xda, 0xd,
    0x44, 0xff, 0xfc, 0x0, 0x0, 0x0, 0x0, 0x0,
    0x18, 0xeb, 0xff, 0x71, 0x44, 0xff, 0xfc, 0x0,
    0x0, 0x0, 0x0, 0x0, 0x0, 0x98, 0xff, 0xa7,
    0x44, 0xff, 0xfc, 0x0, 0x0, 0x0, 0x0, 0x0,
    0x0, 0xa6, 0xff, 0xab, 0x44, 0xff, 0xfc, 0x0,
    0x0, 0x0, 0x0, 0x0, 0x1f, 0xf0, 0xff, 0x79,
    0x44, 0xff, 0xfc, 0x0, 0x2, 0x21, 0x21, 0x5a,
    0xe0, 0xff, 0xf0, 0x15, 0x44, 0xff, 0xfc, 0x0,
    0xc, 0xff, 0xff, 0xff, 0xff, 0xf1, 0x42, 0x0,
    0x44, 0xff, 0xfc, 0x0, 0xa, 0xf2, 0xfa, 0xde,
    0x95, 0x20, 0x0, 0x0,

    /* U+00E0 "à" */
    0x0, 0x0, 0x0, 0x1d, 0xf5, 0xff, 0x40, 0x0,
    0x0, 0x0, 0x0, 0x0, 0x0, 0x0, 0x0, 0x0,
    0x81, 0xff, 0xaa, 0x0, 0x0, 0x0, 0x0, 0x0,
    0x0, 0x0, 0x0, 0x0, 0xa, 0xe3, 0xfa, 0x18,
    0x0, 0x0, 0x0, 0x0, 0x0, 0x0, 0x0, 0x0,
    0x0, 0x5, 0x8, 0x2, 0x0, 0x0, 0x0, 0x0,
    0x0, 0x0, 0x0, 0x0, 0x0, 0x0, 0x0, 0x0,
    0x0, 0x0, 0x0, 0x0, 0x0, 0x0, 0x23, 0x97,
    0xdc, 0xf7, 0xf3, 0xca, 0x72, 0x6, 0x0, 0x0,
    0x0, 0x4d, 0xf6, 0xff, 0xff, 0xf9, 0xfd, 0xff,
    0xff, 0xc7, 0xc, 0x0, 0x0, 0x66, 0xe7, 0xbe,
    0x32, 0x0, 0x8, 0x55, 0xe9, 0xff, 0x8e, 0x0,
    0x0, 0x0, 0xa, 0x5, 0x0, 0x0, 0x0, 0x0,
    0x46, 0xff, 0xeb, 0x0, 0x0, 0x0, 0x35, 0xa7,
    0xe4, 0xfa, 0xec, 0xca, 0x7c, 0xff, 0xff, 0xf,
    0x0, 0x5f, 0xfd, 0xff, 0xfb, 0xd9, 0xd1, 0xf2,
    0xff, 0xff, 0xff, 0x18, 0x10, 0xf5, 0xff, 0xc0,
    0x1f, 0x0, 0x0, 0x3, 0x61, 0xff, 0xff, 0x18,
    0x47, 0xff, 0xff, 0x19, 0x0, 0x0, 0x0, 0x0,
    0x2f, 0xff, 0xff, 0x18, 0x46, 0xff, 0xfe, 0x13,
    0x0, 0x0, 0x0, 0x1, 0xb0, 0xff, 0xff, 0x18,
    0xe, 0xf2, 0xff, 0xb8, 0x1f, 0x0, 0x23, 0xac,
    0xff, 0xff, 0xff, 0x18, 0x0, 0x5d, 0xfd, 0xff,
    0xff, 0xf7, 0xff, 0xff, 0x7e, 0xff, 0xff, 0x18,
    0x0, 0x0, 0x3c, 0xb5, 0xf0, 0xf7, 0xcb, 0x55,
    0x8, 0xff, 0xff, 0x18,

    /* U+00E1 "á" */
    0x0, 0x0, 0x0, 0x0, 0x0, 0x12, 0xf7, 0xff,
    0x46, 0x0, 0x0, 0x0, 0x0, 0x0, 0x0, 0x0,
    0x0, 0x73, 0xff, 0xb5, 0x0, 0x0, 0x0, 0x0,
    0x0, 0x0, 0x0, 0x0, 0x1, 0xda, 0xfb, 0x29,
    0x0, 0x0, 0x0, 0x0, 0x0, 0x0, 0x0, 0x0,
    0x0, 0x8, 0x6, 0x0, 0x0, 0x0, 0x0, 0x0,
    0x0, 0x0, 0x0, 0x0, 0x0, 0x0, 0x0, 0x0,
    0x0, 0x0, 0x0, 0x0, 0x0, 0x0, 0x23, 0x97,
    0xdc, 0xf7, 0xf3, 0xca, 0x72, 0x6, 0x0, 0x0,
    0x0, 0x4d, 0xf6, 0xff, 0xff, 0xf9, 0xfd, 0xff,
    0xff, 0xc7, 0xc, 0x0, 0x0, 0x66, 0xe7, 0xbe,
    0x32, 0x0, 0x8, 0x55, 0xe9, 0xff, 0x8e, 0x0,
    0x0, 0x0, 0xa, 0x5, 0x0, 0x0, 0x0, 0x0,
    0x46, 0xff, 0xeb, 0x0, 0x0, 0x0, 0x35, 0xa7,
    0xe4, 0xfa, 0xec, 0xca, 0x7c, 0xff, 0xff, 0xf,
    0x0, 0x5f, 0xfd, 0xff, 0xfb, 0xd9, 0xd1, 0xf2,
    0xff, 0xff, 0xff, 0x18, 0x10, 0xf5, 0xff, 0xc0,
    0x1f, 0x0, 0x0, 0x3, 0x61, 0xff, 0xff, 0x18,
    0x47, 0xff, 0xff, 0x19, 0x0, 0x0, 0x0, 0x0,
    0x2f, 0xff, 0xff, 0x18, 0x46, 0xff, 0xfe, 0x13,
    0x0, 0x0, 0x0, 0x1, 0xb0, 0xff, 0xff, 0x18,
    0xe, 0xf2, 0xff, 0xb8, 0x1f, 0x0, 0x23, 0xac,
    0xff, 0xff, 0xff, 0x18, 0x0, 0x5d, 0xfd, 0xff,
    0xff, 0xf7, 0xff, 0xff, 0x7e, 0xff, 0xff, 0x18,
    0x0, 0x0, 0x3c, 0xb5, 0xf0, 0xf7, 0xcb, 0x55,
    0x8, 0xff, 0xff, 0x18,

    /* U+00E2 "â" */
    0x0, 0x0, 0x0, 0x0, 0x75, 0xff, 0xfe, 0x56,
    0x0, 0x0, 0x0, 0x0, 0x0, 0x0, 0x0, 0x58,
    0xfe, 0xd0, 0xdd, 0xf7, 0x38, 0x0, 0x0, 0x0,
    0x0, 0x0, 0x2f, 0xe1, 0xd6, 0x1b, 0x28, 0xde,
    0xd1, 0x16, 0x0, 0x0, 0x0, 0x0, 0x0, 0x0,
    0x0, 0x0, 0x0, 0x0, 0x0, 0x0, 0x0, 0x0,
    0x0, 0x0, 0x0, 0x0, 0x0, 0x0, 0x0, 0x0,
    0x0, 0x0, 0x0, 0x0, 0x0, 0x0, 0x23, 0x97,
    0xdc, 0xf7, 0xf3, 0xca, 0x72, 0x6, 0x0, 0x0,
    0x0, 0x4d, 0xf6, 0xff, 0xff, 0xf9, 0xfd, 0xff,
    0xff, 0xc7, 0xc, 0x0, 0x0, 0x66, 0xe7, 0xbe,
    0x32, 0x0, 0x8, 0x55, 0xe9, 0xff, 0x8e, 0x0,
    0x0, 0x0, 0xa, 0x5, 0x0, 0x0, 0x0, 0x0,
    0x46, 0xff, 0xeb, 0x0, 0x0, 0x0, 0x35, 0xa7,
    0xe4, 0xfa, 0xec, 0xca, 0x7c, 0xff, 0xff, 0xf,
    0x0, 0x5f, 0xfd, 0xff, 0xfb, 0xd9, 0xd1, 0xf2,
    0xff, 0xff, 0xff, 0x18, 0x10, 0xf5, 0xff, 0xc0,
    0x1f, 0x0, 0x0, 0x3, 0x61, 0xff, 0xff, 0x18,
    0x47, 0xff, 0xff, 0x19, 0x0, 0x0, 0x0, 0x0,
    0x2f, 0xff, 0xff, 0x18, 0x46, 0xff, 0xfe, 0x13,
    0x0, 0x0, 0x0, 0x1, 0xb0, 0xff, 0xff, 0x18,
    0xe, 0xf2, 0xff, 0xb8, 0x1f, 0x0, 0x23, 0xac,
    0xff, 0xff, 0xff, 0x18, 0x0, 0x5d, 0xfd, 0xff,
    0xff, 0xf7, 0xff, 0xff, 0x7e, 0xff, 0xff, 0x18,
    0x0, 0x0, 0x3c, 0xb5, 0xf0, 0xf7, 0xcb, 0x55,
    0x8, 0xff, 0xff, 0x18,

    /* U+00E3 "ã" */
    0x0, 0x0, 0x3, 0x8b, 0xec, 0xda, 0x76, 0x19,
    0xc2, 0xff, 0x2a, 0x0, 0x0, 0x0, 0x70, 0xff,
    0xff, 0xff, 0xff, 0xff, 0xff, 0xd8, 0x4, 0x0,
    0x0, 0x0, 0xb6, 0xf8, 0x33, 0x3e, 0xae, 0xeb,
    0xbf, 0x28, 0x0, 0x0, 0x0, 0x0, 0x0, 0x0,
    0x0, 0x0, 0x0, 0x0, 0x0, 0x0, 0x0, 0x0,
    0x0, 0x0, 0x0, 0x0, 0x0, 0x0, 0x0, 0x0,
    0x0, 0x0, 0x0, 0x0, 0x0, 0x0, 0x23, 0x97,
    0xdc, 0xf7, 0xf3, 0xca, 0x72, 0x6, 0x0, 0x0,
    0x0, 0x4d, 0xf6, 0xff, 0xff, 0xf9, 0xfd, 0xff,
    0xff, 0xc7, 0xc, 0x0, 0x0, 0x66, 0xe7, 0xbe,
    0x32, 0x0, 0x8, 0x55, 0xe9, 0xff, 0x8e, 0x0,
    0x0, 0x0, 0xa, 0x5, 0x0, 0x0, 0x0, 0x0,
    0x46, 0xff, 0xeb, 0x0, 0x0, 0x0, 0x35, 0xa7,
    0xe4, 0xfa, 0xec, 0xca, 0x7c, 0xff, 0xff, 0xf,
    0x0, 0x5f, 0xfd, 0xff, 0xfb, 0xd9, 0xd1, 0xf2,
    0xff, 0xff, 0xff, 0x18, 0x10, 0xf5, 0xff, 0xc0,
    0x1f, 0x0, 0x0, 0x3, 0x61, 0xff, 0xff, 0x18,
    0x47, 0xff, 0xff, 0x19, 0x0, 0x0, 0x0, 0x0,
    0x2f, 0xff, 0xff, 0x18, 0x46, 0xff, 0xfe, 0x13,
    0x0, 0x0, 0x0, 0x1, 0xb0, 0xff, 0xff, 0x18,
    0xe, 0xf2, 0xff, 0xb8, 0x1f, 0x0, 0x23, 0xac,
    0xff, 0xff, 0xff, 0x18, 0x0, 0x5d, 0xfd, 0xff,
    0xff, 0xf7, 0xff, 0xff, 0x7e, 0xff, 0xff, 0x18,
    0x0, 0x0, 0x3c, 0xb5, 0xf0, 0xf7, 0xcb, 0x55,
    0x8, 0xff, 0xff, 0x18,

    /* U+00E4 "ä" */
    0x0, 0x0, 0x9, 0xc5, 0xe7, 0x30, 0x6, 0xc0,
    0xe9, 0x35, 0x0, 0x0, 0x0, 0x0, 0x2c, 0xff,
    0xff, 0x71, 0x24, 0xff, 0xff, 0x79, 0x0, 0x0,
    0x0, 0x0, 0x0, 0x7b, 0x9d, 0x10, 0x0, 0x75,
    0x9f, 0x14, 0x0, 0x0, 0x0, 0x0, 0x0, 0x0,
    0x0, 0x0, 0x0, 0x0, 0x0, 0x0, 0x0, 0x0,
    0x0, 0x0, 0x0, 0x0, 0x0, 0x0, 0x0, 0x0,
    0x0, 0x0, 0x0, 0x0, 0x0, 0x0, 0x23, 0x97,
    0xdc, 0xf7, 0xf3, 0xca, 0x72, 0x6, 0x0, 0x0,
    0x0, 0x4d, 0xf6, 0xff, 0xff, 0xf9, 0xfd, 0xff,
    0xff, 0xc7, 0xc, 0x0, 0x0, 0x66, 0xe7, 0xbe,
    0x32, 0x0, 0x8, 0x55, 0xe9, 0xff, 0x8e, 0x0,
    0x0, 0x0, 0xa, 0x5, 0x0, 0x0, 0x0, 0x0,
    0x46, 0xff, 0xeb, 0x0, 0x0, 0x0, 0x35, 0xa7,
    0xe4, 0xfa, 0xec, 0xca, 0x7c, 0xff, 0xff, 0xf,
    0x0, 0x5f, 0xfd, 0xff, 0xfb, 0xd9, 0xd1, 0xf2,
    0xff, 0xff, 0xff, 0x18, 0x10, 0xf5, 0xff, 0xc0,
    0x1f, 0x0, 0x0, 0x3, 0x61, 0xff, 0xff, 0x18,
    0x47, 0xff, 0xff, 0x19, 0x0, 0x0, 0x0, 0x0,
    0x2f, 0xff, 0xff, 0x18, 0x46, 0xff, 0xfe, 0x13,
    0x0, 0x0, 0x0, 0x1, 0xb0, 0xff, 0xff, 0x18,
    0xe, 0xf2, 0xff, 0xb8, 0x1f, 0x0, 0x23, 0xac,
    0xff, 0xff, 0xff, 0x18, 0x0, 0x5d, 0xfd, 0xff,
    0xff, 0xf7, 0xff, 0xff, 0x7e, 0xff, 0xff, 0x18,
    0x0, 0x0, 0x3c, 0xb5, 0xf0, 0xf7, 0xcb, 0x55,
    0x8, 0xff, 0xff, 0x18,

    /* U+00E5 "å" */
    0x0, 0x0, 0x0, 0x0, 0x0, 0x3, 0xb, 0x0,
    0x0, 0x0, 0x0, 0x0, 0x0, 0x0, 0x0, 0x0,
    0x5b, 0xf1, 0xfd, 0xa0, 0x3, 0x0, 0x0, 0x0,
    0x0, 0x0, 0x0, 0x19, 0xf8, 0xaa, 0x72, 0xfe,
    0x64, 0x0, 0x0, 0x0, 0x0, 0x0, 0x0, 0x48,
    0xff, 0x27, 0x0, 0xd3, 0x9b, 0x0, 0x0, 0x0,
    0x0, 0x0, 0x0, 0x23, 0xfe, 0x84, 0x42, 0xf8,
    0x75, 0x0, 0x0, 0x0, 0x0, 0x0, 0x0, 0x0,
    0x82, 0xff, 0xff, 0xc9, 0xb, 0x0, 0x0, 0x0,
    0x0, 0x0, 0x0, 0x0, 0x0, 0x25, 0x38, 0x4,
    0x0, 0x0, 0x0, 0x0, 0x0, 0x0, 0x0, 0x0,
    0x0, 0x0, 0x0, 0x0, 0x0, 0x0, 0x0, 0x0,
    0x0, 0x0, 0x23, 0x97, 0xdc, 0xf7, 0xf3, 0xca,
    0x72, 0x6, 0x0, 0x0, 0x0, 0x4d, 0xf6, 0xff,
    0xff, 0xf9, 0xfd, 0xff, 0xff, 0xc7, 0xc, 0x0,
    0x0, 0x66, 0xe7, 0xbe, 0x32, 0x0, 0x8, 0x55,
    0xe9, 0xff, 0x8e, 0x0, 0x0, 0x0, 0xa, 0x5,
    0x0, 0x0, 0x0, 0x0, 0x46, 0xff, 0xeb, 0x0,
    0x0, 0x0, 0x35, 0xa7, 0xe4, 0xfa, 0xec, 0xca,
    0x7c, 0xff, 0xff, 0xf, 0x0, 0x5f, 0xfd, 0xff,
    0xfb, 0xd9, 0xd1, 0xf2, 0xff, 0xff, 0xff, 0x18,
    0x10, 0xf5, 0xff, 0xc0, 0x1f, 0x0, 0x0, 0x3,
    0x61, 0xff, 0xff, 0x18, 0x47, 0xff, 0xff, 0x19,
    0x0, 0x0, 0x0, 0x0, 0x2f, 0xff, 0xff, 0x18,
    0x46, 0xff, 0xfe, 0x13, 0x0, 0x0, 0x0, 0x1,
    0xb0, 0xff, 0xff, 0x18, 0xe, 0xf2, 0xff, 0xb8,
    0x1f, 0x0, 0x23, 0xac, 0xff, 0xff, 0xff, 0x18,
    0x0, 0x5d, 0xfd, 0xff, 0xff, 0xf7, 0xff, 0xff,
    0x7e, 0xff, 0xff, 0x18, 0x0, 0x0, 0x3c, 0xb5,
    0xf0, 0xf7, 0xcb, 0x55, 0x8, 0xff, 0xff, 0x18,

    /* U+00E6 "æ" */
    0x0, 0x0, 0x12, 0x87, 0xd5, 0xf4, 0xf0, 0xc7,
    0x67, 0x2, 0x0, 0x8, 0x79, 0xd1, 0xf5, 0xf3,
    0xcd, 0x78, 0xb, 0x0, 0x0, 0x0, 0x21, 0xe3,
    0xff, 0xff, 0xff, 0xff, 0xff, 0xff, 0xb6, 0x15,
    0xd0, 0xff, 0xff, 0xff, 0xff, 0xff, 0xff, 0xd6,
    0x1a, 0x0, 0x0, 0x6d, 0xf3, 0xdc, 0x4a, 0x9,
    0xd, 0x50, 0xde, 0xff, 0xed, 0xff, 0xbc, 0x3a,
    0x8, 0x10, 0x49, 0xd2, 0xff, 0xc0, 0x0, 0x0,
    0x0, 0xc, 0x16, 0x0, 0x0, 0x0, 0x0, 0x27,
    0xff, 0xff, 0xca, 0x4, 0x0, 0x0, 0x0, 0x0,
    0x13, 0xf5, 0xff, 0x37, 0x0, 0x0, 0x35, 0xa7,
    0xe4, 0xfa, 0xef, 0xd6, 0x92, 0xf5, 0xff, 0xe7,
    0xd0, 0xd0, 0xd0, 0xd0, 0xd0, 0xd0, 0xf6, 0xff,
    0x76, 0x0, 0x5f, 0xfd, 0xff, 0xfb, 0xd9, 0xcf,
    0xed, 0xff, 0xff, 0xff, 0xff, 0xff, 0xff, 0xff,
    0xff, 0xff, 0xff, 0xff, 0xff, 0x90, 0x10, 0xf5,
    0xff, 0xbf, 0x1f, 0x0, 0x0, 0x0, 0x33, 0xf9,
    0xff, 0x55, 0x0, 0x0, 0x0, 0x0, 0x0, 0x0,
    0x0, 0x0, 0x0, 0x47, 0xff, 0xfe, 0x17, 0x0,
    0x0, 0x0, 0x0, 0x1f, 0xff, 0xff, 0x93, 0x0,
    0x0, 0x0, 0x0, 0x0, 0x0, 0xb, 0x0, 0x0,
    0x46, 0xff, 0xfe, 0x16, 0x0, 0x0, 0x0, 0x1,
    0xad, 0xff, 0xff, 0xf5, 0x29, 0x0, 0x0, 0x0,
    0x0, 0x1d, 0xeb, 0xa5, 0x1a, 0xe, 0xf2, 0xff,
    0xc1, 0x2b, 0x3, 0x2f, 0xb5, 0xff, 0xea, 0xb7,
    0xff, 0xea, 0x5d, 0xd, 0x9, 0x4c, 0xe0, 0xff,
    0xdd, 0xd, 0x0, 0x5d, 0xfd, 0xff, 0xff, 0xff,
    0xff, 0xff, 0xee, 0x3d, 0xe, 0xc5, 0xff, 0xff,
    0xff, 0xff, 0xff, 0xff, 0xda, 0x29, 0x0, 0x0,
    0x0, 0x3c, 0xb5, 0xf0, 0xf7, 0xdb, 0x91, 0x1d,
    0x0, 0x0, 0x4, 0x6b, 0xc8, 0xf1, 0xf0, 0xcd,
    0x74, 0xe, 0x0, 0x0,

    /* U+00E7 "ç" */
    0x0, 0x0, 0x0, 0x27, 0x9b, 0xde, 0xf8, 0xe5,
    0xb5, 0x48, 0x0, 0x0, 0x0, 0x0, 0x60, 0xf9,
    0xff, 0xff, 0xff, 0xff, 0xff, 0xff, 0x8e, 0x1,
    0x0, 0x45, 0xfd, 0xff, 0xb2, 0x2c, 0x3, 0x1d,
    0x85, 0xfe, 0xff, 0x64, 0x0, 0xd2, 0xff, 0xb0,
    0x1, 0x0, 0x0, 0x0, 0x0, 0x80, 0xd3, 0x5f,
    0x25, 0xff, 0xff, 0x26, 0x0, 0x0, 0x0, 0x0,
    0x0, 0x2, 0x0, 0x0, 0x49, 0xff, 0xeb, 0x0,
    0x0, 0x0, 0x0, 0x0, 0x0, 0x0, 0x0, 0x0,
    0x4b, 0xff, 0xea, 0x0, 0x0, 0x0, 0x0, 0x0,
    0x0, 0x0, 0x0, 0x0, 0x25, 0xff, 0xff, 0x24,
    0x0, 0x0, 0x0, 0x0, 0x0, 0x0, 0x0, 0x0,
    0x0, 0xd2, 0xff, 0xad, 0x1, 0x0, 0x0, 0x0,
    0x0, 0x61, 0xd9, 0x6a, 0x0, 0x47, 0xfe, 0xff,
    0xae, 0x28, 0x1, 0x16, 0x75, 0xfa, 0xff, 0x7f,
    0x0, 0x0, 0x65, 0xf9, 0xff, 0xff, 0xfd, 0xff,
    0xff, 0xff, 0xaa, 0x6, 0x0, 0x0, 0x0, 0x2a,
    0x9d, 0xe9, 0xff, 0xec, 0xc2, 0x5b, 0x2, 0x0,
    0x0, 0x0, 0x0, 0x0, 0x1, 0xc2, 0xff, 0xec,
    0x56, 0x0, 0x0, 0x0, 0x0, 0x0, 0x0, 0x0,
    0x3, 0x6d, 0x5b, 0xa5, 0xf4, 0xd, 0x0, 0x0,
    0x0, 0x0, 0x0, 0x0, 0x0, 0x20, 0x0, 0x41,
    0xff, 0x2c, 0x0, 0x0, 0x0, 0x0, 0x0, 0x0,
    0x41, 0xfb, 0x72, 0xb7, 0xec, 0x9, 0x0, 0x0,
    0x0, 0x0, 0x0, 0x0, 0x2, 0x8b, 0xf1, 0xd8,
    0x41, 0x0, 0x0, 0x0,

    /* U+00E8 "è" */
    0x0, 0x0, 0x0, 0x8, 0xdf, 0xff, 0x6c, 0x0,
    0x0, 0x0, 0x0, 0x0, 0x0, 0x0, 0x0, 0x0,
    0x0, 0x55, 0xff, 0xd5, 0x0, 0x0, 0x0, 0x0,
    0x0, 0x0, 0x0, 0x0, 0x0, 0x0, 0x0, 0xc1,
    0xff, 0x3f, 0x0, 0x0, 0x0, 0x0, 0x0, 0x0,
    0x0, 0x0, 0x0, 0x0, 0x3, 0x8, 0x3, 0x0,
    0x0, 0x0, 0x0, 0x0, 0x0, 0x0, 0x0, 0x0,
    0x0, 0x0, 0x0, 0x0, 0x0, 0x0, 0x0, 0x0,
    0x0, 0x0, 0x0, 0x0, 0x36, 0xaa, 0xe7, 0xfa,
    0xe9, 0xb3, 0x49, 0x0, 0x0, 0x0, 0x0, 0x0,
    0x70, 0xfe, 0xff, 0xff, 0xff, 0xff, 0xff, 0xff,
    0x90, 0x0, 0x0, 0x0, 0x4c, 0xff, 0xfc, 0x80,
    0x1e, 0x4, 0x1d, 0x77, 0xf9, 0xff, 0x5e, 0x0,
    0x0, 0xd6, 0xff, 0x73, 0x0, 0x0, 0x0, 0x0,
    0x0, 0x6c, 0xff, 0xd4, 0x0, 0x26, 0xff, 0xff,
    0xd6, 0xd0, 0xd0, 0xd0, 0xd0, 0xd0, 0xd9, 0xff,
    0xff, 0x12, 0x49, 0xff, 0xff, 0xff, 0xff, 0xff,
    0xff, 0xff, 0xff, 0xff, 0xff, 0xff, 0x29, 0x4a,
    0xff, 0xf8, 0x1, 0x0, 0x0, 0x0, 0x0, 0x0,
    0x0, 0x0, 0x0, 0x0, 0x26, 0xff, 0xff, 0x36,
    0x0, 0x0, 0x0, 0x0, 0x0, 0x1, 0xa, 0x0,
    0x0, 0x0, 0xd5, 0xff, 0xbe, 0x4, 0x0, 0x0,
    0x0, 0x0, 0x73, 0xe8, 0x6d, 0x0, 0x0, 0x4b,
    0xfe, 0xff, 0xbd, 0x35, 0x3, 0x1a, 0x85, 0xfe,
    0xff, 0x82, 0x0, 0x0, 0x0, 0x6c, 0xfc, 0xff,
    0xff, 0xff, 0xff, 0xff, 0xff, 0x98, 0x4, 0x0,
    0x0, 0x0, 0x0, 0x30, 0xa3, 0xe4, 0xf9, 0xe4,
    0xb1, 0x46, 0x0, 0x0, 0x0,

    /* U+00E9 "é" */
    0x0, 0x0, 0x0, 0x0, 0x0, 0x0, 0xad, 0xff,
    0xa2, 0x0, 0x0, 0x0, 0x0, 0x0, 0x0, 0x0,
    0x0, 0x0, 0x1b, 0xfb, 0xf5, 0x1c, 0x0, 0x0,
    0x0, 0x0, 0x0, 0x0, 0x0, 0x0, 0x0, 0x80,
    0xff, 0x80, 0x0, 0x0, 0x0, 0x0, 0x0, 0x0,
    0x0, 0x0, 0x0, 0x0, 0x5, 0x8, 0x1, 0x0,
    0x0, 0x0, 0x0, 0x0, 0x0, 0x0, 0x0, 0x0,
    0x0, 0x0, 0x0, 0x0, 0x0, 0x0, 0x0, 0x0,
    0x0, 0x0, 0x0, 0x0, 0x36, 0xaa, 0xe7, 0xfa,
    0xe9, 0xb3, 0x49, 0x0, 0x0, 0x0, 0x0, 0x0,
    0x70, 0xfe, 0xff, 0xff, 0xff, 0xff, 0xff, 0xff,
    0x90, 0x0, 0x0, 0x0, 0x4c, 0xff, 0xfc, 0x80,
    0x1e, 0x4, 0x1d, 0x77, 0xf9, 0xff, 0x5e, 0x0,
    0x0, 0xd6, 0xff, 0x73, 0x0, 0x0, 0x0, 0x0,
    0x0, 0x6c, 0xff, 0xd4, 0x0, 0x26, 0xff, 0xff,
    0xd6, 0xd0, 0xd0, 0xd0, 0xd0, 0xd0, 0xd9, 0xff,
    0xff, 0x12, 0x49, 0xff, 0xff, 0xff, 0xff, 0xff,
    0xff, 0xff, 0xff, 0xff, 0xff, 0xff, 0x29, 0x4a,
    0xff, 0xf8, 0x1, 0x0, 0x0, 0x0, 0x0, 0x0,
    0x0, 0x0, 0x0, 0x0, 0x26, 0xff, 0xff, 0x36,
    0x0, 0x0, 0x0, 0x0, 0x0, 0x1, 0xa, 0x0,
    0x0, 0x0, 0xd5, 0xff, 0xbe, 0x4, 0x0, 0x0,
    0x0, 0x0, 0x73, 0xe8, 0x6d, 0x0, 0x0, 0x4b,
    0xfe, 0xff, 0xbd, 0x35, 0x3, 0x1a, 0x85, 0xfe,
    0xff, 0x82, 0x0, 0x0, 0x0, 0x6c, 0xfc, 0xff,
    0xff, 0xff, 0xff, 0xff, 0xff, 0x98, 0x4, 0x0,
    0x0, 0x0, 0x0, 0x30, 0xa3, 0xe4, 0xf9, 0xe4,
    0xb1, 0x46, 0x0, 0x0, 0x0,

    /* U+00EA "ê" */
    0x0, 0x0, 0x0, 0x0, 0xd, 0xd2, 0xff, 0xd3,
    0xc, 0x0, 0x0, 0x0, 0x0, 0x0, 0x0, 0x0,
    0x2, 0xb4, 0xff, 0xbf, 0xff, 0xad, 0x1, 0x0,
    0x0, 0x0, 0x0, 0x0, 0x0, 0x8d, 0xff, 0xa3,
    0x0, 0xa4, 0xff, 0x7e, 0x0, 0x0, 0x0, 0x0,
    0x0, 0x0, 0xb, 0xc, 0x2, 0x0, 0x2, 0xc,
    0xb, 0x0, 0x0, 0x0, 0x0, 0x0, 0x0, 0x0,
    0x0, 0x0, 0x0, 0x0, 0x0, 0x0, 0x0, 0x0,
    0x0, 0x0, 0x0, 0x0, 0x36, 0xaa, 0xe7, 0xfa,
    0xe9, 0xb3, 0x49, 0x0, 0x0, 0x0, 0x0, 0x0,
    0x70, 0xfe, 0xff, 0xff, 0xff, 0xff, 0xff, 0xff,
    0x90, 0x0, 0x0, 0x0, 0x4c, 0xff, 0xfc, 0x80,
    0x1e, 0x4, 0x1d, 0x77, 0xf9, 0xff, 0x5e, 0x0,
    0x0, 0xd6, 0xff, 0x73, 0x0, 0x0, 0x0, 0x0,
    0x0, 0x6c, 0xff, 0xd4, 0x0, 0x26, 0xff, 0xff,
    0xd6, 0xd0, 0xd0, 0xd0, 0xd0, 0xd0, 0xd9, 0xff,
    0xff, 0x12, 0x49, 0xff, 0xff, 0xff, 0xff, 0xff,
    0xff, 0xff, 0xff, 0xff, 0xff, 0xff, 0x29, 0x4a,
    0xff, 0xf8, 0x1, 0x0, 0x0, 0x0, 0x0, 0x0,
    0x0, 0x0, 0x0, 0x0, 0x26, 0xff, 0xff, 0x36,
    0x0, 0x0, 0x0, 0x0, 0x0, 0x1, 0xa, 0x0,
    0x0, 0x0, 0xd5, 0xff, 0xbe, 0x4, 0x0, 0x0,
    0x0, 0x0, 0x73, 0xe8, 0x6d, 0x0, 0x0, 0x4b,
    0xfe, 0xff, 0xbd, 0x35, 0x3, 0x1a, 0x85, 0xfe,
    0xff, 0x82, 0x0, 0x0, 0x0, 0x6c, 0xfc, 0xff,
    0xff, 0xff, 0xff, 0xff, 0xff, 0x98, 0x4, 0x0,
    0x0, 0x0, 0x0, 0x30, 0xa3, 0xe4, 0xf9, 0xe4,
    0xb1, 0x46, 0x0, 0x0, 0x0,

    /* U+00EB "ë" */
    0x0, 0x0, 0x0, 0x95, 0xf2, 0x5e, 0x0, 0x8e,
    0xf3, 0x64, 0x0, 0x0, 0x0, 0x0, 0x0, 0x0,
    0xf0, 0xff, 0xad, 0x0, 0xe8, 0xff, 0xb5, 0x0,
    0x0, 0x0, 0x0, 0x0, 0x0, 0x51, 0xa9, 0x2c,
    0x0, 0x4c, 0xaa, 0x31, 0x0, 0x0, 0x0, 0x0,
    0x0, 0x0, 0x0, 0x0, 0x0, 0x0, 0x0, 0x0,
    0x0, 0x0, 0x0, 0x0, 0x0, 0x0, 0x0, 0x0,
    0x0, 0x0, 0x0, 0x0, 0x0, 0x0, 0x0, 0x0,
    0x0, 0x0, 0x0, 0x0, 0x36, 0xaa, 0xe7, 0xfa,
    0xe9, 0xb3, 0x49, 0x0, 0x0, 0x0, 0x0, 0x0,
    0x70, 0xfe, 0xff, 0xff, 0xff, 0xff, 0xff, 0xff,
    0x90, 0x0, 0x0, 0x0, 0x4c, 0xff, 0xfc, 0x80,
    0x1e, 0x4, 0x1d, 0x77, 0xf9, 0xff, 0x5e, 0x0,
    0x0, 0xd6, 0xff, 0x73, 0x0, 0x0, 0x0, 0x0,
    0x0, 0x6c, 0xff, 0xd4, 0x0, 0x26, 0xff, 0xff,
    0xd6, 0xd0, 0xd0, 0xd0, 0xd0, 0xd0, 0xd9, 0xff,
    0xff, 0x12, 0x49, 0xff, 0xff, 0xff, 0xff, 0xff,
    0xff, 0xff, 0xff, 0xff, 0xff, 0xff, 0x29, 0x4a,
    0xff, 0xf8, 0x1, 0x0, 0x0, 0x0, 0x0, 0x0,
    0x0, 0x0, 0x0, 0x0, 0x26, 0xff, 0xff, 0x36,
    0x0, 0x0, 0x0, 0x0, 0x0, 0x1, 0xa, 0x0,
    0x0, 0x0, 0xd5, 0xff, 0xbe, 0x4, 0x0, 0x0,
    0x0, 0x0, 0x73, 0xe8, 0x6d, 0x0, 0x0, 0x4b,
    0xfe, 0xff, 0xbd, 0x35, 0x3, 0x1a, 0x85, 0xfe,
    0xff, 0x82, 0x0, 0x0, 0x0, 0x6c, 0xfc, 0xff,
    0xff, 0xff, 0xff, 0xff, 0xff, 0x98, 0x4, 0x0,
    0x0, 0x0, 0x0, 0x30, 0xa3, 0xe4, 0xf9, 0xe4,
    0xb1, 0x46, 0x0, 0x0, 0x0,

    /* U+00EC "ì" */
    0xb7, 0xff, 0x9b, 0x0, 0x29, 0xfb, 0xf4, 0xf,
    0x0, 0x92, 0xff, 0x6c, 0x0, 0x2, 0x8, 0x5,
    0x0, 0x0, 0x0, 0x0, 0x0, 0x78, 0xff, 0xc0,
    0x0, 0x78, 0xff, 0xc0, 0x0, 0x78, 0xff, 0xc0,
    0x0, 0x78, 0xff, 0xc0, 0x0, 0x78, 0xff, 0xc0,
    0x0, 0x78, 0xff, 0xc0, 0x0, 0x78, 0xff, 0xc0,
    0x0, 0x78, 0xff, 0xc0, 0x0, 0x78, 0xff, 0xc0,
    0x0, 0x78, 0xff, 0xc0, 0x0, 0x78, 0xff, 0xc0,
    0x0, 0x78, 0xff, 0xc0,

    /* U+00ED "í" */
    0x0, 0x55, 0xff, 0xec, 0x11, 0x0, 0xbf, 0xff,
    0x6c, 0x0, 0x28, 0xff, 0xd5, 0x4, 0x0, 0x2,
    0x8, 0x4, 0x0, 0x0, 0x0, 0x0, 0x0, 0x0,
    0x0, 0x78, 0xff, 0xc0, 0x0, 0x0, 0x78, 0xff,
    0xc0, 0x0, 0x0, 0x78, 0xff, 0xc0, 0x0, 0x0,
    0x78, 0xff, 0xc0, 0x0, 0x0, 0x78, 0xff, 0xc0,
    0x0, 0x0, 0x78, 0xff, 0xc0, 0x0, 0x0, 0x78,
    0xff, 0xc0, 0x0, 0x0, 0x78, 0xff, 0xc0, 0x0,
    0x0, 0x78, 0xff, 0xc0, 0x0, 0x0, 0x78, 0xff,
    0xc0, 0x0, 0x0, 0x78, 0xff, 0xc0, 0x0, 0x0,
    0x78, 0xff, 0xc0, 0x0, 0x0,

    /* U+00EE "î" */
    0x0, 0x9, 0xc1, 0xff, 0xe8, 0x24, 0x0, 0x0,
    0x6, 0xb8, 0xff, 0x94, 0xf3, 0xde, 0x19, 0x0,
    0x64, 0xb4, 0x77, 0x0, 0x44, 0xb4, 0x86, 0x0,
    0x0, 0x0, 0x0, 0x0, 0x0, 0x0, 0x0, 0x0,
    0x0, 0x0, 0x0, 0x0, 0x0, 0x0, 0x0, 0x0,
    0x0, 0x0, 0x78, 0xff, 0xc0, 0x0, 0x0, 0x0,
    0x0, 0x0, 0x78, 0xff, 0xc0, 0x0, 0x0, 0x0,
    0x0, 0x0, 0x78, 0xff, 0xc0, 0x0, 0x0, 0x0,
    0x0, 0x0, 0x78, 0xff, 0xc0, 0x0, 0x0, 0x0,
    0x0, 0x0, 0x78, 0xff, 0xc0, 0x0, 0x0, 0x0,
    0x0, 0x0, 0x78, 0xff, 0xc0, 0x0, 0x0, 0x0,
    0x0, 0x0, 0x78, 0xff, 0xc0, 0x0, 0x0, 0x0,
    0x0, 0x0, 0x78, 0xff, 0xc0, 0x0, 0x0, 0x0,
    0x0, 0x0, 0x78, 0xff, 0xc0, 0x0, 0x0, 0x0,
    0x0, 0x0, 0x78, 0xff, 0xc0, 0x0, 0x0, 0x0,
    0x0, 0x0, 0x78, 0xff, 0xc0, 0x0, 0x0, 0x0,
    0x0, 0x0, 0x78, 0xff, 0xc0, 0x0, 0x0, 0x0,

    /* U+00EF "ï" */
    0x18, 0xd8, 0xdc, 0x1c, 0xae, 0xef, 0x4a, 0x4c,
    0xff, 0xff, 0x5b, 0xfd, 0xff, 0x94, 0x4, 0x89,
    0x8d, 0x5, 0x5f, 0xa2, 0x1e, 0x0, 0x0, 0x0,
    0x0, 0x0, 0x0, 0x0, 0x0, 0x0, 0x0, 0x0,
    0x0, 0x0, 0x0, 0x0, 0x0, 0x78, 0xff, 0xc0,
    0x0, 0x0, 0x0, 0x0, 0x78, 0xff, 0xc0, 0x0,
    0x0, 0x0, 0x0, 0x78, 0xff, 0xc0, 0x0, 0x0,
    0x0, 0x0, 0x78, 0xff, 0xc0, 0x0, 0x0, 0x0,
    0x0, 0x78, 0xff, 0xc0, 0x0, 0x0, 0x0, 0x0,
    0x78, 0xff, 0xc0, 0x0, 0x0, 0x0, 0x0, 0x78,
    0xff, 0xc0, 0x0, 0x0, 0x0, 0x0, 0x78, 0xff,
    0xc0, 0x0, 0x0, 0x0, 0x0, 0x78, 0xff, 0xc0,
    0x0, 0x0, 0x0, 0x0, 0x78, 0xff, 0xc0, 0x0,
    0x0, 0x0, 0x0, 0x78, 0xff, 0xc0, 0x0, 0x0,
    0x0, 0x0, 0x78, 0xff, 0xc0, 0x0, 0x0,

    /* U+00F0 "ð" */
    0x0, 0x0, 0x0, 0x41, 0xb6, 0x5c, 0x9, 0x0,
    0x0, 0x0, 0xa, 0x0, 0x0, 0x0, 0x0, 0x0,
    0xa6, 0xff, 0xff, 0xe4, 0x61, 0x4f, 0xc1, 0xb8,
    0x0, 0x0, 0x0, 0x0, 0x0, 0x9, 0x4f, 0xc3,
    0xff, 0xff, 0xff, 0xfc, 0xab, 0x4, 0x0, 0x0,
    0x0, 0x0, 0x10, 0x94, 0xf4, 0xff, 0xff, 0xff,
    0xcf, 0x8, 0x0, 0x0, 0x0, 0x0, 0x0, 0x6,
    0xe9, 0xdc, 0x6f, 0x2b, 0xe1, 0xff, 0xa6, 0x0,
    0x0, 0x0, 0x0, 0x0, 0x0, 0x26, 0x2, 0x0,
    0x0, 0x27, 0xf8, 0xff, 0x47, 0x0, 0x0, 0x0,
    0x0, 0x16, 0x8d, 0xdc, 0xf9, 0xeb, 0xa8, 0xa5,
    0xff, 0xcc, 0x0, 0x0, 0x0, 0x34, 0xe9, 0xff,
    0xff, 0xff, 0xff, 0xff, 0xfc, 0xff, 0xff, 0x26,
    0x0, 0x16, 0xe8, 0xff, 0xdb, 0x4d, 0xe, 0x17,
    0x71, 0xf7, 0xff, 0xff, 0x6e, 0x0, 0x8d, 0xff,
    0xe9, 0x18, 0x0, 0x0, 0x0, 0x0, 0x4e, 0xff,
    0xff, 0x98, 0x0, 0xdf, 0xff, 0x7a, 0x0, 0x0,
    0x0, 0x0, 0x0, 0x0, 0xc6, 0xff, 0xae, 0x3,
    0xfe, 0xff, 0x41, 0x0, 0x0, 0x0, 0x0, 0x0,
    0x0, 0x8e, 0xff, 0xb9, 0x2, 0xfd, 0xff, 0x43,
    0x0, 0x0, 0x0, 0x0, 0x0, 0x0, 0x90, 0xff,
    0xa7, 0x0, 0xd6, 0xff, 0x7f, 0x0, 0x0, 0x0,
    0x0, 0x0, 0x0, 0xce, 0xff, 0x75, 0x0, 0x7c,
    0xff, 0xec, 0x1d, 0x0, 0x0, 0x0, 0x0, 0x5a,
    0xff, 0xfc, 0x20, 0x0, 0xc, 0xd9, 0xff, 0xe1,
    0x5a, 0x1d, 0x28, 0x82, 0xfb, 0xff, 0x92, 0x0,
    0x0, 0x0, 0x23, 0xda, 0xff, 0xff, 0xff, 0xff,
    0xff, 0xff, 0xb3, 0x7, 0x0, 0x0, 0x0, 0x0,
    0xc, 0x7c, 0xd3, 0xf7, 0xf1, 0xc3, 0x61, 0x2,
    0x0, 0x0,

    /* U+00F1 "ñ" */
    0x0, 0x0, 0x38, 0xcf, 0xf1, 0xac, 0x3a, 0x4e,
    0xff, 0xa6, 0x0, 0x0, 0xe, 0xe9, 0xff, 0xff,
    0xff, 0xff, 0xff, 0xff, 0x58, 0x0, 0x0, 0x41,
    0xf8, 0xa5, 0x14, 0x7a, 0xda, 0xe1, 0x79, 0x0,
    0x0, 0x0, 0x0, 0x0, 0x0, 0x0, 0x0, 0x0,
    0x0, 0x0, 0x0, 0x0, 0x0, 0x0, 0x0, 0x0,
    0x0, 0x0, 0x0, 0x0, 0x0, 0x0, 0x0, 0xa8,
    0xff, 0x74, 0x17, 0x95, 0xe5, 0xf9, 0xdb, 0x88,
    0xb, 0x0, 0xa8, 0xff, 0x95, 0xe8, 0xff, 0xff,
    0xff, 0xff, 0xff, 0xc5, 0x5, 0xa8, 0xff, 0xff,
    0xde, 0x41, 0x4, 0x1c, 0x8d, 0xff, 0xff, 0x5f,
    0xa8, 0xff, 0xfd, 0x2f, 0x0, 0x0, 0x0, 0x0,
    0xc1, 0xff, 0xa6, 0xa8, 0xff, 0xba, 0x0, 0x0,
    0x0, 0x0, 0x0, 0x83, 0xff, 0xbf, 0xa8, 0xff,
    0x92, 0x0, 0x0, 0x0, 0x0, 0x0, 0x74, 0xff,
    0xc4, 0xa8, 0xff, 0x8c, 0x0, 0x0, 0x0, 0x0,
    0x0, 0x74, 0xff, 0xc4, 0xa8, 0xff, 0x8c, 0x0,
    0x0, 0x0, 0x0, 0x0, 0x74, 0xff, 0xc4, 0xa8,
    0xff, 0x8c, 0x0, 0x0, 0x0, 0x0, 0x0, 0x74,
    0xff, 0xc4, 0xa8, 0xff, 0x8c, 0x0, 0x0, 0x0,
    0x0, 0x0, 0x74, 0xff, 0xc4, 0xa8, 0xff, 0x8c,
    0x0, 0x0, 0x0, 0x0, 0x0, 0x74, 0xff, 0xc4,
    0xa8, 0xff, 0x8c, 0x0, 0x0, 0x0, 0x0, 0x0,
    0x74, 0xff, 0xc4,

    /* U+00F2 "ò" */
    0x0, 0x0, 0x0, 0x2, 0xcd, 0xff, 0x84, 0x0,
    0x0, 0x0, 0x0, 0x0, 0x0, 0x0, 0x0, 0x0,
    0x0, 0x3d, 0xff, 0xe8, 0x5, 0x0, 0x0, 0x0,
    0x0, 0x0, 0x0, 0x0, 0x0, 0x0, 0x0, 0xaa,
    0xff, 0x57, 0x0, 0x0, 0x0, 0x0, 0x0, 0x0,
    0x0, 0x0, 0x0, 0x0, 0x2, 0x8, 0x4, 0x0,
    0x0, 0x0, 0x0, 0x0, 0x0, 0x0, 0x0, 0x0,
    0x0, 0x0, 0x0, 0x0, 0x0, 0x0, 0x0, 0x0,
    0x0, 0x0, 0x0, 0x0, 0x27, 0x9b, 0xde, 0xf8,
    0xee, 0xbe, 0x5e, 0x2, 0x0, 0x0, 0x0, 0x0,
    0x60, 0xf9, 0xff, 0xff, 0xff, 0xff, 0xff, 0xff,
    0xba, 0xd, 0x0, 0x0, 0x45, 0xfd, 0xff, 0xb6,
    0x32, 0x4, 0x15, 0x70, 0xf6, 0xff, 0xaf, 0x0,
    0x0, 0xd2, 0xff, 0xaf, 0x1, 0x0, 0x0, 0x0,
    0x0, 0x43, 0xfe, 0xff, 0x40, 0x25, 0xff, 0xff,
    0x24, 0x0, 0x0, 0x0, 0x0, 0x0, 0x0, 0xb5,
    0xff, 0x93, 0x49, 0xff, 0xea, 0x0, 0x0, 0x0,
    0x0, 0x0, 0x0, 0x0, 0x7b, 0xff, 0xb8, 0x4a,
    0xff, 0xea, 0x0, 0x0, 0x0, 0x0, 0x0, 0x0,
    0x0, 0x7b, 0xff, 0xb8, 0x25, 0xff, 0xff, 0x22,
    0x0, 0x0, 0x0, 0x0, 0x0, 0x0, 0xb3, 0xff,
    0x94, 0x0, 0xd2, 0xff, 0xac, 0x1, 0x0, 0x0,
    0x0, 0x0, 0x40, 0xfd, 0xff, 0x41, 0x0, 0x45,
    0xfd, 0xff, 0xb2, 0x30, 0x3, 0x14, 0x6c, 0xf4,
    0xff, 0xb0, 0x0, 0x0, 0x0, 0x61, 0xf9, 0xff,
    0xff, 0xff, 0xff, 0xff, 0xff, 0xba, 0xd, 0x0,
    0x0, 0x0, 0x0, 0x28, 0x9c, 0xe0, 0xf9, 0xef,
    0xc0, 0x5f, 0x3, 0x0, 0x0,

    /* U+00F3 "ó" */
    0x0, 0x0, 0x0, 0x0, 0x0, 0x0, 0x4d, 0xff,
    0xf0, 0x15, 0x0, 0x0, 0x0, 0x0, 0x0, 0x0,
    0x0, 0x0, 0x0, 0xb7, 0xff, 0x74, 0x0, 0x0,
    0x0, 0x0, 0x0, 0x0, 0x0, 0x0, 0x0, 0x22,
    0xfe, 0xdb, 0x6, 0x0, 0x0, 0x0, 0x0, 0x0,
    0x0, 0x0, 0x0, 0x0, 0x2, 0x8, 0x4, 0x0,
    0x0, 0x0, 0x0, 0x0, 0x0, 0x0, 0x0, 0x0,
    0x0, 0x0, 0x0, 0x0, 0x0, 0x0, 0x0, 0x0,
    0x0, 0x0, 0x0, 0x0, 0x27, 0x9b, 0xde, 0xf8,
    0xee, 0xbe, 0x5e, 0x2, 0x0, 0x0, 0x0, 0x0,
    0x60, 0xf9, 0xff, 0xff, 0xff, 0xff, 0xff, 0xff,
    0xba, 0xd, 0x0, 0x0, 0x45, 0xfd, 0xff, 0xb6,
    0x32, 0x4, 0x15, 0x70, 0xf6, 0xff, 0xaf, 0x0,
    0x0, 0xd2, 0xff, 0xaf, 0x1, 0x0, 0x0, 0x0,
    0x0, 0x43, 0xfe, 0xff, 0x40, 0x25, 0xff, 0xff,
    0x24, 0x0, 0x0, 0x0, 0x0, 0x0, 0x0, 0xb5,
    0xff, 0x93, 0x49, 0xff, 0xea, 0x0, 0x0, 0x0,
    0x0, 0x0, 0x0, 0x0, 0x7b, 0xff, 0xb8, 0x4a,
    0xff, 0xea, 0x0, 0x0, 0x0, 0x0, 0x0, 0x0,
    0x0, 0x7b, 0xff, 0xb8, 0x25, 0xff, 0xff, 0x22,
    0x0, 0x0, 0x0, 0x0, 0x0, 0x0, 0xb3, 0xff,
    0x94, 0x0, 0xd2, 0xff, 0xac, 0x1, 0x0, 0x0,
    0x0, 0x0, 0x40, 0xfd, 0xff, 0x41, 0x0, 0x45,
    0xfd, 0xff, 0xb2, 0x30, 0x3, 0x14, 0x6c, 0xf4,
    0xff, 0xb0, 0x0, 0x0, 0x0, 0x61, 0xf9, 0xff,
    0xff, 0xff, 0xff, 0xff, 0xff, 0xba, 0xd, 0x0,
    0x0, 0x0, 0x0, 0x28, 0x9c, 0xe0, 0xf9, 0xef,
    0xc0, 0x5f, 0x3, 0x0, 0x0,

    /* U+00F4 "ô" */
    0x0, 0x0, 0x0, 0x0, 0x2, 0xab, 0xff, 0xf0,
    0x2b, 0x0, 0x0, 0x0, 0x0, 0x0, 0x0, 0x0,
    0x0, 0x91, 0xff, 0xb6, 0xf6, 0xdf, 0x16, 0x0,
    0x0, 0x0, 0x0, 0x0, 0x0, 0x5e, 0xe8, 0xb5,
    0x5, 0x55, 0xe7, 0xae, 0x3, 0x0, 0x0, 0x0,
    0x0, 0x0, 0x0, 0x0, 0x0, 0x0, 0x0, 0x0,
    0x0, 0x0, 0x0, 0x0, 0x0, 0x0, 0x0, 0x0,
    0x0, 0x0, 0x0, 0x0, 0x0, 0x0, 0x0, 0x0,
    0x0, 0x0, 0x0, 0x0, 0x27, 0x9b, 0xde, 0xf8,
    0xee, 0xbe, 0x5e, 0x2, 0x0, 0x0, 0x0, 0x0,
    0x60, 0xf9, 0xff, 0xff, 0xff, 0xff, 0xff, 0xff,
    0xba, 0xd, 0x0, 0x0, 0x45, 0xfd, 0xff, 0xb6,
    0x32, 0x4, 0x15, 0x70, 0xf6, 0xff, 0xaf, 0x0,
    0x0, 0xd2, 0xff, 0xaf, 0x1, 0x0, 0x0, 0x0,
    0x0, 0x43, 0xfe, 0xff, 0x40, 0x25, 0xff, 0xff,
    0x24, 0x0, 0x0, 0x0, 0x0, 0x0, 0x0, 0xb5,
    0xff, 0x93, 0x49, 0xff, 0xea, 0x0, 0x0, 0x0,
    0x0, 0x0, 0x0, 0x0, 0x7b, 0xff, 0xb8, 0x4a,
    0xff, 0xea, 0x0, 0x0, 0x0, 0x0, 0x0, 0x0,
    0x0, 0x7b, 0xff, 0xb8, 0x25, 0xff, 0xff, 0x22,
    0x0, 0x0, 0x0, 0x0, 0x0, 0x0, 0xb3, 0xff,
    0x94, 0x0, 0xd2, 0xff, 0xac, 0x1, 0x0, 0x0,
    0x0, 0x0, 0x40, 0xfd, 0xff, 0x41, 0x0, 0x45,
    0xfd, 0xff, 0xb2, 0x30, 0x3, 0x14, 0x6c, 0xf4,
    0xff, 0xb0, 0x0, 0x0, 0x0, 0x61, 0xf9, 0xff,
    0xff, 0xff, 0xff, 0xff, 0xff, 0xba, 0xd, 0x0,
    0x0, 0x0, 0x0, 0x28, 0x9c, 0xe0, 0xf9, 0xef,
    0xc0, 0x5f, 0x3, 0x0, 0x0,

    /* U+00F5 "õ" */
    0x0, 0x0, 0x0, 0x33, 0xcc, 0xf1, 0xaf, 0x3d,
    0x4a, 0xff, 0xaa, 0x0, 0x0, 0x0, 0x0, 0xa,
    0xe5, 0xff, 0xff, 0xff, 0xff, 0xff, 0xff, 0x5c,
    0x0, 0x0, 0x0, 0x0, 0x3a, 0xf8, 0xac, 0x14,
    0x78, 0xd7, 0xe2, 0x7c, 0x0, 0x0, 0x0, 0x0,
    0x0, 0x0, 0x0, 0x0, 0x0, 0x0, 0x0, 0x0,
    0x0, 0x0, 0x0, 0x0, 0x0, 0x0, 0x0, 0x0,
    0x0, 0x0, 0x0, 0x0, 0x0, 0x0, 0x0, 0x0,
    0x0, 0x0, 0x0, 0x0, 0x27, 0x9b, 0xde, 0xf8,
    0xee, 0xbe, 0x5e, 0x2, 0x0, 0x0, 0x0, 0x0,
    0x60, 0xf9, 0xff, 0xff, 0xff, 0xff, 0xff, 0xff,
    0xba, 0xd, 0x0, 0x0, 0x45, 0xfd, 0xff, 0xb6,
    0x32, 0x4, 0x15, 0x70, 0xf6, 0xff, 0xaf, 0x0,
    0x0, 0xd2, 0xff, 0xaf, 0x1, 0x0, 0x0, 0x0,
    0x0, 0x43, 0xfe, 0xff, 0x40, 0x25, 0xff, 0xff,
    0x24, 0x0, 0x0, 0x0, 0x0, 0x0, 0x0, 0xb5,
    0xff, 0x93, 0x49, 0xff, 0xea, 0x0, 0x0, 0x0,
    0x0, 0x0, 0x0, 0x0, 0x7b, 0xff, 0xb8, 0x4a,
    0xff, 0xea, 0x0, 0x0, 0x0, 0x0, 0x0, 0x0,
    0x0, 0x7b, 0xff, 0xb8, 0x25, 0xff, 0xff, 0x22,
    0x0, 0x0, 0x0, 0x0, 0x0, 0x0, 0xb3, 0xff,
    0x94, 0x0, 0xd2, 0xff, 0xac, 0x1, 0x0, 0x0,
    0x0, 0x0, 0x40, 0xfd, 0xff, 0x41, 0x0, 0x45,
    0xfd, 0xff, 0xb2, 0x30, 0x3, 0x14, 0x6c, 0xf4,
    0xff, 0xb0, 0x0, 0x0, 0x0, 0x61, 0xf9, 0xff,
    0xff, 0xff, 0xff, 0xff, 0xff, 0xba, 0xd, 0x0,
    0x0, 0x0, 0x0, 0x28, 0x9c, 0xe0, 0xf9, 0xef,
    0xc0, 0x5f, 0x3, 0x0, 0x0,

    /* U+00F6 "ö" */
    0x0, 0x0, 0x0, 0x49, 0xef, 0xad, 0x0, 0x43,
    0xed, 0xb4, 0x1, 0x0, 0x0, 0x0, 0x0, 0x0,
    0x98, 0xff, 0xfd, 0x8, 0x90, 0xff, 0xfe, 0xe,
    0x0, 0x0, 0x0, 0x0, 0x0, 0x20, 0xa6, 0x63,
    0x0, 0x1c, 0xa4, 0x68, 0x0, 0x0, 0x0, 0x0,
    0x0, 0x0, 0x0, 0x0, 0x0, 0x0, 0x0, 0x0,
    0x0, 0x0, 0x0, 0x0, 0x0, 0x0, 0x0, 0x0,
    0x0, 0x0, 0x0, 0x0, 0x0, 0x0, 0x0, 0x0,
    0x0, 0x0, 0x0, 0x0, 0x27, 0x9b, 0xde, 0xf8,
    0xee, 0xbe, 0x5e, 0x2, 0x0, 0x0, 0x0, 0x0,
    0x60, 0xf9, 0xff, 0xff, 0xff, 0xff, 0xff, 0xff,
    0xba, 0xd, 0x0, 0x0, 0x45, 0xfd, 0xff, 0xb6,
    0x32, 0x4, 0x15, 0x70, 0xf6, 0xff, 0xaf, 0x0,
    0x0, 0xd2, 0xff, 0xaf, 0x1, 0x0, 0x0, 0x0,
    0x0, 0x43, 0xfe, 0xff, 0x40, 0x25, 0xff, 0xff,
    0x24, 0x0, 0x0, 0x0, 0x0, 0x0, 0x0, 0xb5,
    0xff, 0x93, 0x49, 0xff, 0xea, 0x0, 0x0, 0x0,
    0x0, 0x0, 0x0, 0x0, 0x7b, 0xff, 0xb8, 0x4a,
    0xff, 0xea, 0x0, 0x0, 0x0, 0x0, 0x0, 0x0,
    0x0, 0x7b, 0xff, 0xb8, 0x25, 0xff, 0xff, 0x22,
    0x0, 0x0, 0x0, 0x0, 0x0, 0x0, 0xb3, 0xff,
    0x94, 0x0, 0xd2, 0xff, 0xac, 0x1, 0x0, 0x0,
    0x0, 0x0, 0x40, 0xfd, 0xff, 0x41, 0x0, 0x45,
    0xfd, 0xff, 0xb2, 0x30, 0x3, 0x14, 0x6c, 0xf4,
    0xff, 0xb0, 0x0, 0x0, 0x0, 0x61, 0xf9, 0xff,
    0xff, 0xff, 0xff, 0xff, 0xff, 0xba, 0xd, 0x0,
    0x0, 0x0, 0x0, 0x28, 0x9c, 0xe0, 0xf9, 0xef,
    0xc0, 0x5f, 0x3, 0x0, 0x0,

    /* U+00F7 "÷" */
    0x0, 0x0, 0x0, 0x0, 0x7f, 0xf3, 0xab, 0x2,
    0x0, 0x0, 0x0, 0x0, 0x0, 0x0, 0x1, 0xfa,
    0xff, 0xff, 0x2f, 0x0, 0x0, 0x0, 0x0, 0x0,
    0x0, 0x0, 0xb4, 0xff, 0xdc, 0xb, 0x0, 0x0,
    0x0, 0x0, 0x0, 0x0, 0x0, 0x3, 0x30, 0xb,
    0x0, 0x0, 0x0, 0x0, 0x0, 0x0, 0x0, 0x0,
    0x0, 0x0, 0x0, 0x0, 0x0, 0x0, 0x0, 0x85,
    0xcc, 0xcc, 0xcc, 0xcc, 0xcc, 0xcc, 0xcc, 0xcc,
    0xcc, 0xaf, 0xa8, 0xff, 0xff, 0xff, 0xff, 0xff,
    0xff, 0xff, 0xff, 0xff, 0xdc, 0x0, 0x0, 0x0,
    0x0, 0x0, 0x0, 0x0, 0x0, 0x0, 0x0, 0x0,
    0x0, 0x0, 0x0, 0x0, 0x3, 0x2f, 0xb, 0x0,
    0x0, 0x0, 0x0, 0x0, 0x0, 0x0, 0x0, 0xb4,
    0xff, 0xdc, 0xb, 0x0, 0x0, 0x0, 0x0, 0x0,
    0x0, 0x1, 0xfa, 0xff, 0xff, 0x2f, 0x0, 0x0,
    0x0, 0x0, 0x0, 0x0, 0x0, 0x7f, 0xf4, 0xac,
    0x2, 0x0, 0x0, 0x0,

    /* U+00F8 "ø" */
    0x0, 0x0, 0x0, 0x0, 0x0, 0x0, 0x0, 0x0,
    0x0, 0x11, 0x27, 0x0, 0x0, 0x0, 0x0, 0x0,
    0x29, 0x9c, 0xdf, 0xf9, 0xeb, 0xb8, 0xb8, 0xfa,
    0x26, 0x0, 0x0, 0x0, 0x61, 0xf9, 0xff, 0xff,
    0xff, 0xff, 0xff, 0xff, 0xe2, 0x8, 0x0, 0x0,
    0x45, 0xfd, 0xff, 0xb2, 0x30, 0x3, 0x1f, 0xf1,
    0xff, 0xff, 0xa6, 0x0, 0x0, 0xd3, 0xff, 0xad,
    0x1, 0x0, 0x0, 0x8b, 0xff, 0x90, 0xfd, 0xff,
    0x3b, 0x26, 0xff, 0xff, 0x24, 0x0, 0x0, 0x37,
    0xfc, 0xb0, 0x0, 0xb3, 0xff, 0x90, 0x49, 0xff,
    0xea, 0x0, 0x0, 0x7, 0xd5, 0xee, 0x19, 0x0,
    0x7b, 0xff, 0xb6, 0x48, 0xff, 0xea, 0x0, 0x0,
    0x86, 0xff, 0x5e, 0x0, 0x0, 0x7b, 0xff, 0xb9,
    0x23, 0xff, 0xff, 0x24, 0x33, 0xfb, 0xb6, 0x0,
    0x0, 0x0, 0xb4, 0xff, 0x95, 0x0, 0xce, 0xff,
    0xb0, 0xd2, 0xf1, 0x1c, 0x0, 0x0, 0x41, 0xfe,
    0xff, 0x43, 0x0, 0x3f, 0xfc, 0xff, 0xff, 0x8b,
    0x4, 0x14, 0x6c, 0xf4, 0xff, 0xb2, 0x0, 0x0,
    0x0, 0x73, 0xff, 0xff, 0xff, 0xff, 0xff, 0xff,
    0xff, 0xbd, 0xe, 0x0, 0x0, 0x0, 0x9c, 0xf9,
    0x9d, 0xdd, 0xf9, 0xef, 0xc0, 0x61, 0x3, 0x0,
    0x0, 0x0, 0x0, 0x2, 0x31, 0x0, 0x0, 0x0,
    0x0, 0x0, 0x0, 0x0, 0x0, 0x0,

    /* U+00F9 "ù" */
    0x0, 0x0, 0x0, 0xc2, 0xff, 0x90, 0x0, 0x0,
    0x0, 0x0, 0x0, 0x0, 0x0, 0x0, 0x32, 0xfd,
    0xef, 0xa, 0x0, 0x0, 0x0, 0x0, 0x0, 0x0,
    0x0, 0x0, 0x9e, 0xff, 0x63, 0x0, 0x0, 0x0,
    0x0, 0x0, 0x0, 0x0, 0x0, 0x2, 0x8, 0x4,
    0x0, 0x0, 0x0, 0x0, 0x0, 0x0, 0x0, 0x0,
    0x0, 0x0, 0x0, 0x0, 0x0, 0x0, 0x0, 0xc0,
    0xff, 0x74, 0x0, 0x0, 0x0, 0x0, 0x0, 0x8c,
    0xff, 0xa8, 0xc0, 0xff, 0x74, 0x0, 0x0, 0x0,
    0x0, 0x0, 0x8c, 0xff, 0xa8, 0xc0, 0xff, 0x74,
    0x0, 0x0, 0x0, 0x0, 0x0, 0x8c, 0xff, 0xa8,
    0xc0, 0xff, 0x74, 0x0, 0x0, 0x0, 0x0, 0x0,
    0x8c, 0xff, 0xa8, 0xc0, 0xff, 0x74, 0x0, 0x0,
    0x0, 0x0, 0x0, 0x8c, 0xff, 0xa8, 0xc0, 0xff,
    0x74, 0x0, 0x0, 0x0, 0x0, 0x0, 0x8c, 0xff,
    0xa8, 0xc0, 0xff, 0x74, 0x0, 0x0, 0x0, 0x0,
    0x0, 0x92, 0xff, 0xa8, 0xbc, 0xff, 0x82, 0x0,
    0x0, 0x0, 0x0, 0x0, 0xba, 0xff, 0xa8, 0xa3,
    0xff, 0xc0, 0x0, 0x0, 0x0, 0x0, 0x2e, 0xfc,
    0xff, 0xa8, 0x5d, 0xff, 0xff, 0x8c, 0x1b, 0x4,
    0x3e, 0xdd, 0xff, 0xff, 0xa8, 0x5, 0xc6, 0xff,
    0xff, 0xff, 0xff, 0xff, 0xe9, 0x96, 0xff, 0xa8,
    0x0, 0xb, 0x88, 0xdd, 0xfa, 0xe6, 0x98, 0x19,
    0x74, 0xff, 0xa8,

    /* U+00FA "ú" */
    0x0, 0x0, 0x0, 0x0, 0x0, 0x9d, 0xff, 0xb6,
    0x0, 0x0, 0x0, 0x0, 0x0, 0x0, 0x0, 0xf,
    0xf5, 0xfb, 0x28, 0x0, 0x0, 0x0, 0x0, 0x0,
    0x0, 0x0, 0x6d, 0xff, 0x91, 0x0, 0x0, 0x0,
    0x0, 0x0, 0x0, 0x0, 0x0, 0x5, 0x8, 0x2,
    0x0, 0x0, 0x0, 0x0, 0x0, 0x0, 0x0, 0x0,
    0x0, 0x0, 0x0, 0x0, 0x0, 0x0, 0x0, 0xc0,
    0xff, 0x74, 0x0, 0x0, 0x0, 0x0, 0x0, 0x8c,
    0xff, 0xa8, 0xc0, 0xff, 0x74, 0x0, 0x0, 0x0,
    0x0, 0x0, 0x8c, 0xff, 0xa8, 0xc0, 0xff, 0x74,
    0x0, 0x0, 0x0, 0x0, 0x0, 0x8c, 0xff, 0xa8,
    0xc0, 0xff, 0x74, 0x0, 0x0, 0x0, 0x0, 0x0,
    0x8c, 0xff, 0xa8, 0xc0, 0xff, 0x74, 0x0, 0x0,
    0x0, 0x0, 0x0, 0x8c, 0xff, 0xa8, 0xc0, 0xff,
    0x74, 0x0, 0x0, 0x0, 0x0, 0x0, 0x8c, 0xff,
    0xa8, 0xc0, 0xff, 0x74, 0x0, 0x0, 0x0, 0x0,
    0x0, 0x92, 0xff, 0xa8, 0xbc, 0xff, 0x82, 0x0,
    0x0, 0x0, 0x0, 0x0, 0xba, 0xff, 0xa8, 0xa3,
    0xff, 0xc0, 0x0, 0x0, 0x0, 0x0, 0x2e, 0xfc,
    0xff, 0xa8, 0x5d, 0xff, 0xff, 0x8c, 0x1b, 0x4,
    0x3e, 0xdd, 0xff, 0xff, 0xa8, 0x5, 0xc6, 0xff,
    0xff, 0xff, 0xff, 0xff, 0xe9, 0x96, 0xff, 0xa8,
    0x0, 0xb, 0x88, 0xdd, 0xfa, 0xe6, 0x98, 0x19,
    0x74, 0xff, 0xa8,

    /* U+00FB "û" */
    0x0, 0x0, 0x0, 0x10, 0xd4, 0xff, 0xd4, 0xf,
    0x0, 0x0, 0x0, 0x0, 0x0, 0x6, 0xbf, 0xff,
    0xad, 0xff, 0xb9, 0x4, 0x0, 0x0, 0x0, 0x0,
    0x8e, 0xe8, 0x87, 0x0, 0x88, 0xe8, 0x7f, 0x0,
    0x0, 0x0, 0x0, 0x0, 0x0, 0x0, 0x0, 0x0,
    0x0, 0x0, 0x0, 0x0, 0x0, 0x0, 0x0, 0x0,
    0x0, 0x0, 0x0, 0x0, 0x0, 0x0, 0x0, 0xc0,
    0xff, 0x74, 0x0, 0x0, 0x0, 0x0, 0x0, 0x8c,
    0xff, 0xa8, 0xc0, 0xff, 0x74, 0x0, 0x0, 0x0,
    0x0, 0x0, 0x8c, 0xff, 0xa8, 0xc0, 0xff, 0x74,
    0x0, 0x0, 0x0, 0x0, 0x0, 0x8c, 0xff, 0xa8,
    0xc0, 0xff, 0x74, 0x0, 0x0, 0x0, 0x0, 0x0,
    0x8c, 0xff, 0xa8, 0xc0, 0xff, 0x74, 0x0, 0x0,
    0x0, 0x0, 0x0, 0x8c, 0xff, 0xa8, 0xc0, 0xff,
    0x74, 0x0, 0x0, 0x0, 0x0, 0x0, 0x8c, 0xff,
    0xa8, 0xc0, 0xff, 0x74, 0x0, 0x0, 0x0, 0x0,
    0x0, 0x92, 0xff, 0xa8, 0xbc, 0xff, 0x82, 0x0,
    0x0, 0x0, 0x0, 0x0, 0xba, 0xff, 0xa8, 0xa3,
    0xff, 0xc0, 0x0, 0x0, 0x0, 0x0, 0x2e, 0xfc,
    0xff, 0xa8, 0x5d, 0xff, 0xff, 0x8c, 0x1b, 0x4,
    0x3e, 0xdd, 0xff, 0xff, 0xa8, 0x5, 0xc6, 0xff,
    0xff, 0xff, 0xff, 0xff, 0xe9, 0x96, 0xff, 0xa8,
    0x0, 0xb, 0x88, 0xdd, 0xfa, 0xe6, 0x98, 0x19,
    0x74, 0xff, 0xa8,

    /* U+00FC "ü" */
    0x0, 0x0, 0x70, 0xf3, 0x85, 0x0, 0x69, 0xf3,
    0x8c, 0x0, 0x0, 0x0, 0x0, 0xc4, 0xff, 0xd8,
    0x0, 0xbc, 0xff, 0xe0, 0x0, 0x0, 0x0, 0x0,
    0x35, 0xa7, 0x43, 0x0, 0x31, 0xa6, 0x48, 0x0,
    0x0, 0x0, 0x0, 0x0, 0x0, 0x0, 0x0, 0x0,
    0x0, 0x0, 0x0, 0x0, 0x0, 0x0, 0x0, 0x0,
    0x0, 0x0, 0x0, 0x0, 0x0, 0x0, 0x0, 0xc0,
    0xff, 0x74, 0x0, 0x0, 0x0, 0x0, 0x0, 0x8c,
    0xff, 0xa8, 0xc0, 0xff, 0x74, 0x0, 0x0, 0x0,
    0x0, 0x0, 0x8c, 0xff, 0xa8, 0xc0, 0xff, 0x74,
    0x0, 0x0, 0x0, 0x0, 0x0, 0x8c, 0xff, 0xa8,
    0xc0, 0xff, 0x74, 0x0, 0x0, 0x0, 0x0, 0x0,
    0x8c, 0xff, 0xa8, 0xc0, 0xff, 0x74, 0x0, 0x0,
    0x0, 0x0, 0x0, 0x8c, 0xff, 0xa8, 0xc0, 0xff,
    0x74, 0x0, 0x0, 0x0, 0x0, 0x0, 0x8c, 0xff,
    0xa8, 0xc0, 0xff, 0x74, 0x0, 0x0, 0x0, 0x0,
    0x0, 0x92, 0xff, 0xa8, 0xbc, 0xff, 0x82, 0x0,
    0x0, 0x0, 0x0, 0x0, 0xba, 0xff, 0xa8, 0xa3,
    0xff, 0xc0, 0x0, 0x0, 0x0, 0x0, 0x2e, 0xfc,
    0xff, 0xa8, 0x5d, 0xff, 0xff, 0x8c, 0x1b, 0x4,
    0x3e, 0xdd, 0xff, 0xff, 0xa8, 0x5, 0xc6, 0xff,
    0xff, 0xff, 0xff, 0xff, 0xe9, 0x96, 0xff, 0xa8,
    0x0, 0xb, 0x88, 0xdd, 0xfa, 0xe6, 0x98, 0x19,
    0x74, 0xff, 0xa8,

    /* U+00FD "ý" */
    0x0, 0x0, 0x0, 0x0, 0x0, 0x5, 0xe7, 0xff,
    0x66, 0x0, 0x0, 0x0, 0x0, 0x0, 0x0, 0x0,
    0x0, 0x55, 0xff, 0xd1, 0x2, 0x0, 0x0, 0x0,
    0x0, 0x0, 0x0, 0x0, 0x0, 0xbd, 0xff, 0x42,
    0x0, 0x0, 0x0, 0x0, 0x0, 0x0, 0x0, 0x0,
    0x0, 0x7, 0x7, 0x0, 0x0, 0x0, 0x0, 0x0,
    0x0, 0x0, 0x0, 0x0, 0x0, 0x0, 0x0, 0x0,
    0x0, 0x0, 0x0, 0x0, 0xb0, 0xff, 0xb4, 0x0,
    0x0, 0x0, 0x0, 0x0, 0x0, 0xc0, 0xff, 0xa3,
    0x40, 0xff, 0xfd, 0x20, 0x0, 0x0, 0x0, 0x0,
    0x27, 0xff, 0xff, 0x35, 0x0, 0xcf, 0xff, 0x88,
    0x0, 0x0, 0x0, 0x0, 0x8d, 0xff, 0xc5, 0x0,
    0x0, 0x60, 0xff, 0xea, 0x7, 0x0, 0x0, 0x7,
    0xec, 0xff, 0x56, 0x0, 0x0, 0x6, 0xe8, 0xff,
    0x5c, 0x0, 0x0, 0x5b, 0xff, 0xe3, 0x4, 0x0,
    0x0, 0x0, 0x7f, 0xff, 0xc5, 0x0, 0x0, 0xc2,
    0xff, 0x78, 0x0, 0x0, 0x0, 0x0, 0x16, 0xf8,
    0xff, 0x2f, 0x29, 0xff, 0xf6, 0x13, 0x0, 0x0,
    0x0, 0x0, 0x0, 0x9f, 0xff, 0x99, 0x90, 0xff,
    0x9a, 0x0, 0x0, 0x0, 0x0, 0x0, 0x0, 0x2e,
    0xff, 0xf4, 0xef, 0xff, 0x2c, 0x0, 0x0, 0x0,
    0x0, 0x0, 0x0, 0x0, 0xbe, 0xff, 0xff, 0xbc,
    0x0, 0x0, 0x0, 0x0, 0x0, 0x0, 0x0, 0x0,
    0x4e, 0xff, 0xff, 0x4d, 0x0, 0x0, 0x0, 0x0,
    0x0, 0x0, 0x0, 0x0, 0x45, 0xff, 0xdc, 0x2,
    0x0, 0x0, 0x0, 0x0, 0x0, 0x0, 0x0, 0x0,
    0xbb, 0xff, 0x6f, 0x0, 0x0, 0x0, 0x0, 0x0,
    0x0, 0x0, 0x0, 0x31, 0xff, 0xf2, 0xe, 0x0,
    0x0, 0x0, 0x0, 0x0, 0x0, 0x0, 0x0, 0xa6,
    0xff, 0x91, 0x0, 0x0, 0x0, 0x0, 0x0, 0x0,
    0x0, 0x0, 0x1f, 0xfb, 0xfe, 0x24, 0x0, 0x0,
    0x0, 0x0, 0x0, 0x0, 0x0, 0x0, 0x91, 0xff,
    0xb3, 0x0, 0x0, 0x0, 0x0, 0x0, 0x0, 0x0,

    /* U+00FE "þ" */
    0xa8, 0xff, 0x8c, 0x0, 0x0, 0x0, 0x0, 0x0,
    0x0, 0x0, 0x0, 0x0, 0x0, 0xa8, 0xff, 0x8c,
    0x0, 0x0, 0x0, 0x0, 0x0, 0x0, 0x0, 0x0,
    0x0, 0x0, 0xa8, 0xff, 0x8c, 0x0, 0x0, 0x0,
    0x0, 0x0, 0x0, 0x0, 0x0, 0x0, 0x0, 0xa8,
    0xff, 0x8c, 0x0, 0x0, 0x0, 0x0, 0x0, 0x0,
    0x0, 0x0, 0x0, 0x0, 0xa8, 0xff, 0x8c, 0x0,
    0x0, 0x0, 0x0, 0x0, 0x0, 0x0, 0x0, 0x0,
    0x0, 0xa8, 0xff, 0x88, 0x14, 0x8f, 0xde, 0xf9,
    0xe5, 0x9d, 0x21, 0x0, 0x0, 0x0, 0xa8, 0xff,
    0x9b, 0xe5, 0xff, 0xff, 0xff, 0xff, 0xff, 0xf3,
    0x42, 0x0, 0x0, 0xa8, 0xff, 0xff, 0xf3, 0x68,
    0x12, 0x5, 0x3d, 0xca, 0xff, 0xf0, 0x20, 0x0,
    0xa8, 0xff, 0xfe, 0x3f, 0x0, 0x0, 0x0, 0x0,
    0xa, 0xd2, 0xff, 0xa1, 0x0, 0xa8, 0xff, 0xb6,
    0x0, 0x0, 0x0, 0x0, 0x0, 0x0, 0x54, 0xff,
    0xf1, 0x4, 0xa8, 0xff, 0x7e, 0x0, 0x0, 0x0,
    0x0, 0x0, 0x0, 0x1b, 0xff, 0xff, 0x1c, 0xa8,
    0xff, 0x7e, 0x0, 0x0, 0x0, 0x0, 0x0, 0x0,
    0x1b, 0xff, 0xff, 0x1c, 0xa8, 0xff, 0xb5, 0x0,
    0x0, 0x0, 0x0, 0x0, 0x0, 0x53, 0xff, 0xf2,
    0x4, 0xa8, 0xff, 0xfd, 0x3c, 0x0, 0x0, 0x0,
    0x0, 0x9, 0xd1, 0xff, 0xa2, 0x0, 0xa8, 0xff,
    0xff, 0xf1, 0x66, 0x10, 0x4, 0x3c, 0xc9, 0xff,
    0xf1, 0x22, 0x0, 0xa8, 0xff, 0x9b, 0xe5, 0xff,
    0xff, 0xff, 0xff, 0xff, 0xf3, 0x43, 0x0, 0x0,
    0xa8, 0xff, 0x88, 0x14, 0x8f, 0xdf, 0xf9, 0xe5,
    0x9e, 0x22, 0x0, 0x0, 0x0, 0xa8, 0xff, 0x8c,
    0x0, 0x0, 0x0, 0x0, 0x0, 0x0, 0x0, 0x0,
    0x0, 0x0, 0xa8, 0xff, 0x8c, 0x0, 0x0, 0x0,
    0x0, 0x0, 0x0, 0x0, 0x0, 0x0, 0x0, 0xa8,
    0xff, 0x8c, 0x0, 0x0, 0x0, 0x0, 0x0, 0x0,
    0x0, 0x0, 0x0, 0x0, 0xa8, 0xff, 0x8c, 0x0,
    0x0, 0x0, 0x0, 0x0, 0x0, 0x0, 0x0, 0x0,
    0x0, 0xa8, 0xff, 0x8c, 0x0, 0x0, 0x0, 0x0,
    0x0, 0x0, 0x0, 0x0, 0x0, 0x0,

    /* U+00FF "ÿ" */
    0x0, 0x0, 0x18, 0xd8, 0xdc, 0x1b, 0x14, 0xd4,
    0xdf, 0x20, 0x0, 0x0, 0x0, 0x0, 0x4c, 0xff,
    0xff, 0x50, 0x44, 0xff, 0xff, 0x58, 0x0, 0x0,
    0x0, 0x0, 0x4, 0x89, 0x8d, 0x5, 0x2, 0x85,
    0x91, 0x7, 0x0, 0x0, 0x0, 0x0, 0x0, 0x0,
    0x0, 0x0, 0x0, 0x0, 0x0, 0x0, 0x0, 0x0,
    0x0, 0x0, 0x0, 0x0, 0x0, 0x0, 0x0, 0x0,
    0x0, 0x0, 0x0, 0x0, 0xb0, 0xff, 0xb4, 0x0,
    0x0, 0x0, 0x0, 0x0, 0x0, 0xc0, 0xff, 0xa3,
    0x40, 0xff, 0xfd, 0x20, 0x0, 0x0, 0x0, 0x0,
    0x27, 0xff, 0xff, 0x35, 0x0, 0xcf, 0xff, 0x88,
    0x0, 0x0, 0x0, 0x0, 0x8d, 0xff, 0xc5, 0x0,
    0x0, 0x60, 0xff, 0xea, 0x7, 0x0, 0x0, 0x7,
    0xec, 0xff, 0x56, 0x0, 0x0, 0x6, 0xe8, 0xff,
    0x5c, 0x0, 0x0, 0x5b, 0xff, 0xe3, 0x4, 0x0,
    0x0, 0x0, 0x7f, 0xff, 0xc5, 0x0, 0x0, 0xc2,
    0xff, 0x78, 0x0, 0x0, 0x0, 0x0, 0x16, 0xf8,
    0xff, 0x2f, 0x29, 0xff, 0xf6, 0x13, 0x0, 0x0,
    0x0, 0x0, 0x0, 0x9f, 0xff, 0x99, 0x90, 0xff,
    0x9a, 0x0, 0x0, 0x0, 0x0, 0x0, 0x0, 0x2e,
    0xff, 0xf4, 0xef, 0xff, 0x2c, 0x0, 0x0, 0x0,
    0x0, 0x0, 0x0, 0x0, 0xbe, 0xff, 0xff, 0xbc,
    0x0, 0x0, 0x0, 0x0, 0x0, 0x0, 0x0, 0x0,
    0x4e, 0xff, 0xff, 0x4d, 0x0, 0x0, 0x0, 0x0,
    0x0, 0x0, 0x0, 0x0, 0x45, 0xff, 0xdc, 0x2,
    0x0, 0x0, 0x0, 0x0, 0x0, 0x0, 0x0, 0x0,
    0xbb, 0xff, 0x6f, 0x0, 0x0, 0x0, 0x0, 0x0,
    0x0, 0x0, 0x0, 0x31, 0xff, 0xf2, 0xe, 0x0,
    0x0, 0x0, 0x0, 0x0, 0x0, 0x0, 0x0, 0xa6,
    0xff, 0x91, 0x0, 0x0, 0x0, 0x0, 0x0, 0x0,
    0x0, 0x0, 0x1f, 0xfb, 0xfe, 0x24, 0x0, 0x0,
    0x0, 0x0, 0x0, 0x0, 0x0, 0x0, 0x91, 0xff,
    0xb3, 0x0, 0x0, 0x0, 0x0, 0x0, 0x0, 0x0,

    /* U+0100 "Ā" */
    0x0, 0x0, 0x0, 0x0, 0x58, 0xff, 0xff, 0xff,
    0xff, 0xff, 0xff, 0x60, 0x0, 0x0, 0x0, 0x0,
    0x0, 0x0, 0x0, 0x0, 0x3f, 0xb8, 0xb8, 0xb8,
    0xb8, 0xb8, 0xb8, 0x45, 0x0, 0x0, 0x0, 0x0,
    0x0, 0x0, 0x0, 0x0, 0x0, 0x0, 0x0, 0x0,
    0x0, 0x0, 0x0, 0x0, 0x0, 0x0, 0x0, 0x0,
    0x0, 0x0, 0x0, 0x0, 0x0, 0x0, 0x0, 0x0,
    0x0, 0x0, 0x0, 0x0, 0x0, 0x0, 0x0, 0x0,
    0x0, 0x0, 0x0, 0x0, 0x0, 0x0, 0x6d, 0xff,
    0xff, 0x74, 0x0, 0x0, 0x0, 0x0, 0x0, 0x0,
    0x0, 0x0, 0x0, 0x0, 0x0, 0x0, 0xcf, 0xff,
    0xff, 0xd5, 0x0, 0x0, 0x0, 0x0, 0x0, 0x0,
    0x0, 0x0, 0x0, 0x0, 0x0, 0x30, 0xff, 0xe6,
    0xe1, 0xff, 0x37, 0x0, 0x0, 0x0, 0x0, 0x0,
    0x0, 0x0, 0x0, 0x0, 0x0, 0x92, 0xff, 0x8b,
    0x84, 0xff, 0x99, 0x0, 0x0, 0x0, 0x0, 0x0,
    0x0, 0x0, 0x0, 0x0, 0x6, 0xec, 0xff, 0x2d,
    0x26, 0xff, 0xf1, 0x9, 0x0, 0x0, 0x0, 0x0,
    0x0, 0x0, 0x0, 0x0, 0x55, 0xff, 0xcf, 0x0,
    0x0, 0xc8, 0xff, 0x5c, 0x0, 0x0, 0x0, 0x0,
    0x0, 0x0, 0x0, 0x0, 0xb7, 0xff, 0x71, 0x0,
    0x0, 0x6a, 0xff, 0xbe, 0x0, 0x0, 0x0, 0x0,
    0x0, 0x0, 0x0, 0x1b, 0xfc, 0xfb, 0x17, 0x0,
    0x0, 0x12, 0xf9, 0xfe, 0x21, 0x0, 0x0, 0x0,
    0x0, 0x0, 0x0, 0x7a, 0xff, 0xb5, 0x0, 0x0,
    0x0, 0x0, 0xae, 0xff, 0x81, 0x0, 0x0, 0x0,
    0x0, 0x0, 0x0, 0xda, 0xff, 0x57, 0x0, 0x0,
    0x0, 0x0, 0x4f, 0xff, 0xe1, 0x2, 0x0, 0x0,
    0x0, 0x0, 0x3e, 0xff, 0xff, 0xff, 0xff, 0xff,
    0xff, 0xff, 0xff, 0xff, 0xff, 0x45, 0x0, 0x0,
    0x0, 0x0, 0x9f, 0xff, 0xff, 0xff, 0xff, 0xff,
    0xff, 0xff, 0xff, 0xff, 0xff, 0xa6, 0x0, 0x0,
    0x0, 0xc, 0xf4, 0xff, 0x47, 0x8, 0x8, 0x8,
    0x8, 0x8, 0x8, 0x39, 0xff, 0xf7, 0x10, 0x0,
    0x0, 0x63, 0xff, 0xe8, 0x3, 0x0, 0x0, 0x0,
    0x0, 0x0, 0x0, 0x0, 0xde, 0xff, 0x6a, 0x0,
    0x0, 0xc4, 0xff, 0x94, 0x0, 0x0, 0x0, 0x0,
    0x0, 0x0, 0x0, 0x0, 0x8a, 0xff, 0xcb, 0x0,
    0x26, 0xff, 0xff, 0x3d, 0x0, 0x0, 0x0, 0x0,
    0x0, 0x0, 0x0, 0x0, 0x34, 0xff, 0xff, 0x2d,
    0x87, 0xff, 0xe5, 0x1, 0x0, 0x0, 0x0, 0x0,
    0x0, 0x0, 0x0, 0x0, 0x0, 0xde, 0xff, 0x8f,

    /* U+0101 "ā" */
    0x0, 0x0, 0x18, 0xff, 0xff, 0xff, 0xff, 0xff,
    0xff, 0xa0, 0x0, 0x0, 0x0, 0x0, 0x10, 0xb4,
    0xb4, 0xb4, 0xb4, 0xb4, 0xb4, 0x70, 0x0, 0x0,
    0x0, 0x0, 0x0, 0x0, 0x0, 0x0, 0x0, 0x0,
    0x0, 0x0, 0x0, 0x0, 0x0, 0x0, 0x0, 0x0,
    0x0, 0x0, 0x0, 0x0, 0x0, 0x0, 0x0, 0x0,
    0x0, 0x0, 0x0, 0x0, 0x0, 0x0, 0x0, 0x0,
    0x0, 0x0, 0x0, 0x0, 0x0, 0x0, 0x23, 0x97,
    0xdc, 0xf7, 0xf3, 0xca, 0x72, 0x6, 0x0, 0x0,
    0x0, 0x4d, 0xf6, 0xff, 0xff, 0xf9, 0xfd, 0xff,
    0xff, 0xc7, 0xc, 0x0, 0x0, 0x66, 0xe7, 0xbe,
    0x32, 0x0, 0x8, 0x55, 0xe9, 0xff, 0x8e, 0x0,
    0x0, 0x0, 0xa, 0x5, 0x0, 0x0, 0x0, 0x0,
    0x46, 0xff, 0xeb, 0x0, 0x0, 0x0, 0x35, 0xa7,
    0xe4, 0xfa, 0xec, 0xca, 0x7c, 0xff, 0xff, 0xf,
    0x0, 0x5f, 0xfd, 0xff, 0xfb, 0xd9, 0xd1, 0xf2,
    0xff, 0xff, 0xff, 0x18, 0x10, 0xf5, 0xff, 0xc0,
    0x1f, 0x0, 0x0, 0x3, 0x61, 0xff, 0xff, 0x18,
    0x47, 0xff, 0xff, 0x19, 0x0, 0x0, 0x0, 0x0,
    0x2f, 0xff, 0xff, 0x18, 0x46, 0xff, 0xfe, 0x13,
    0x0, 0x0, 0x0, 0x1, 0xb0, 0xff, 0xff, 0x18,
    0xe, 0xf2, 0xff, 0xb8, 0x1f, 0x0, 0x23, 0xac,
    0xff, 0xff, 0xff, 0x18, 0x0, 0x5d, 0xfd, 0xff,
    0xff, 0xf7, 0xff, 0xff, 0x7e, 0xff, 0xff, 0x18,
    0x0, 0x0, 0x3c, 0xb5, 0xf0, 0xf7, 0xcb, 0x55,
    0x8, 0xff, 0xff, 0x18,

    /* U+0102 "Ă" */
    0x0, 0x0, 0x0, 0x0, 0x2, 0x7f, 0x61, 0x0,
    0x0, 0x59, 0x7f, 0x5, 0x0, 0x0, 0x0, 0x0,
    0x0, 0x0, 0x0, 0x0, 0x0, 0xd9, 0xf3, 0x2f,
    0x28, 0xed, 0xe1, 0x0, 0x0, 0x0, 0x0, 0x0,
    0x0, 0x0, 0x0, 0x0, 0x0, 0x48, 0xf9, 0xff,
    0xff, 0xfb, 0x4f, 0x0, 0x0, 0x0, 0x0, 0x0,
    0x0, 0x0, 0x0, 0x0, 0x0, 0x0, 0x2d, 0x89,
    0x8c, 0x33, 0x0, 0x0, 0x0, 0x0, 0x0, 0x0,
    0x0, 0x0, 0x0, 0x0, 0x0, 0x0, 0x0, 0x0,
    0x0, 0x0, 0x0, 0x0, 0x0, 0x0, 0x0, 0x0,
    0x0, 0x0, 0x0, 0x0, 0x0, 0x0, 0x6d, 0xff,
    0xff, 0x74, 0x0, 0x0, 0x0, 0x0, 0x0, 0x0,
    0x0, 0x0, 0x0, 0x0, 0x0, 0x0, 0xcf, 0xff,
    0xff, 0xd5, 0x0, 0x0, 0x0, 0x0, 0x0, 0x0,
    0x0, 0x0, 0x0, 0x0, 0x0, 0x30, 0xff, 0xe6,
    0xe1, 0xff, 0x37, 0x0, 0x0, 0x0, 0x0, 0x0,
    0x0, 0x0, 0x0, 0x0, 0x0, 0x92, 0xff, 0x8b,
    0x84, 0xff, 0x99, 0x0, 0x0, 0x0, 0x0, 0x0,
    0x0, 0x0, 0x0, 0x0, 0x6, 0xec, 0xff, 0x2d,
    0x26, 0xff, 0xf1, 0x9, 0x0, 0x0, 0x0, 0x0,
    0x0, 0x0, 0x0, 0x0, 0x55, 0xff, 0xcf, 0x0,
    0x0, 0xc8, 0xff, 0x5c, 0x0, 0x0, 0x0, 0x0,
    0x0, 0x0, 0x0, 0x0, 0xb7, 0xff, 0x71, 0x0,
    0x0, 0x6a, 0xff, 0xbe, 0x0, 0x0, 0x0, 0x0,
    0x0, 0x0, 0x0, 0x1b, 0xfc, 0xfb, 0x17, 0x0,
    0x0, 0x12, 0xf9, 0xfe, 0x21, 0x0, 0x0, 0x0,
    0x0, 0x0, 0x0, 0x7a, 0xff, 0xb5, 0x0, 0x0,
    0x0, 0x0, 0xae, 0xff, 0x81, 0x0, 0x0, 0x0,
    0x0, 0x0, 0x0, 0xda, 0xff, 0x57, 0x0, 0x0,
    0x0, 0x0, 0x4f, 0xff, 0xe1, 0x2, 0x0, 0x0,
    0x0, 0x0, 0x3e, 0xff, 0xff, 0xff, 0xff, 0xff,
    0xff, 0xff, 0xff, 0xff, 0xff, 0x45, 0x0, 0x0,
    0x0, 0x0, 0x9f, 0xff, 0xff, 0xff, 0xff, 0xff,
    0xff, 0xff, 0xff, 0xff, 0xff, 0xa6, 0x0, 0x0,
    0x0, 0xc, 0xf4, 0xff, 0x47, 0x8, 0x8, 0x8,
    0x8, 0x8, 0x8, 0x39, 0xff, 0xf7, 0x10, 0x0,
    0x0, 0x63, 0xff, 0xe8, 0x3, 0x0, 0x0, 0x0,
    0x0, 0x0, 0x0, 0x0, 0xde, 0xff, 0x6a, 0x0,
    0x0, 0xc4, 0xff, 0x94, 0x0, 0x0, 0x0, 0x0,
    0x0, 0x0, 0x0, 0x0, 0x8a, 0xff, 0xcb, 0x0,
    0x26, 0xff, 0xff, 0x3d, 0x0, 0x0, 0x0, 0x0,
    0x0, 0x0, 0x0, 0x0, 0x34, 0xff, 0xff, 0x2d,
    0x87, 0xff, 0xe5, 0x1, 0x0, 0x0, 0x0, 0x0,
    0x0, 0x0, 0x0, 0x0, 0x0, 0xde, 0xff, 0x8f,

    /* U+0103 "ă" */
    0x0, 0x0, 0x0, 0xcf, 0xf4, 0x2d, 0x12, 0xc3,
    0xff, 0x1a, 0x0, 0x0, 0x0, 0x0, 0x0, 0x4c,
    0xfb, 0xff, 0xff, 0xff, 0x94, 0x0, 0x0, 0x0,
    0x0, 0x0, 0x0, 0x0, 0x2a, 0x83, 0x90, 0x4e,
    0x0, 0x0, 0x0, 0x0, 0x0, 0x0, 0x0, 0x0,
    0x0, 0x0, 0x0, 0x0, 0x0, 0x0, 0x0, 0x0,
    0x0, 0x0, 0x0, 0x0, 0x0, 0x0, 0x0, 0x0,
    0x0, 0x0, 0x0, 0x0, 0x0, 0x0, 0x23, 0x97,
    0xdc, 0xf7, 0xf3, 0xca, 0x72, 0x6, 0x0, 0x0,
    0x0, 0x4d, 0xf6, 0xff, 0xff, 0xf9, 0xfd, 0xff,
    0xff, 0xc7, 0xc, 0x0, 0x0, 0x66, 0xe7, 0xbe,
    0x32, 0x0, 0x8, 0x55, 0xe9, 0xff, 0x8e, 0x0,
    0x0, 0x0, 0xa, 0x5, 0x0, 0x0, 0x0, 0x0,
    0x46, 0xff, 0xeb, 0x0, 0x0, 0x0, 0x35, 0xa7,
    0xe4, 0xfa, 0xec, 0xca, 0x7c, 0xff, 0xff, 0xf,
    0x0, 0x5f, 0xfd, 0xff, 0xfb, 0xd9, 0xd1, 0xf2,
    0xff, 0xff, 0xff, 0x18, 0x10, 0xf5, 0xff, 0xc0,
    0x1f, 0x0, 0x0, 0x3, 0x61, 0xff, 0xff, 0x18,
    0x47, 0xff, 0xff, 0x19, 0x0, 0x0, 0x0, 0x0,
    0x2f, 0xff, 0xff, 0x18, 0x46, 0xff, 0xfe, 0x13,
    0x0, 0x0, 0x0, 0x1, 0xb0, 0xff, 0xff, 0x18,
    0xe, 0xf2, 0xff, 0xb8, 0x1f, 0x0, 0x23, 0xac,
    0xff, 0xff, 0xff, 0x18, 0x0, 0x5d, 0xfd, 0xff,
    0xff, 0xf7, 0xff, 0xff, 0x7e, 0xff, 0xff, 0x18,
    0x0, 0x0, 0x3c, 0xb5, 0xf0, 0xf7, 0xcb, 0x55,
    0x8, 0xff, 0xff, 0x18,

    /* U+0104 "Ą" */
    0x0, 0x0, 0x0, 0x0, 0x0, 0x0, 0x6d, 0xff,
    0xff, 0x74, 0x0, 0x0, 0x0, 0x0, 0x0, 0x0,
    0x0, 0x0, 0x0, 0x0, 0x0, 0x0, 0x0, 0xcf,
    0xff, 0xff, 0xd5, 0x0, 0x0, 0x0, 0x0, 0x0,
    0x0, 0x0, 0x0, 0x0, 0x0, 0x0, 0x0, 0x30,
    0xff, 0xe6, 0xe1, 0xff, 0x37, 0x0, 0x0, 0x0,
    0x0, 0x0, 0x0, 0x0, 0x0, 0x0, 0x0, 0x0,
    0x92, 0xff, 0x8b, 0x84, 0xff, 0x99, 0x0, 0x0,
    0x0, 0x0, 0x0, 0x0, 0x0, 0x0, 0x0, 0x0,
    0x6, 0xec, 0xff, 0x2d, 0x26, 0xff, 0xf1, 0x9,
    0x0, 0x0, 0x0, 0x0, 0x0, 0x0, 0x0, 0x0,
    0x0, 0x55, 0xff, 0xcf, 0x0, 0x0, 0xc8, 0xff,
    0x5c, 0x0, 0x0, 0x0, 0x0, 0x0, 0x0, 0x0,
    0x0, 0x0, 0xb7, 0xff, 0x71, 0x0, 0x0, 0x6a,
    0xff, 0xbe, 0x0, 0x0, 0x0, 0x0, 0x0, 0x0,
    0x0, 0x0, 0x1b, 0xfc, 0xfb, 0x17, 0x0, 0x0,
    0x12, 0xf9, 0xfe, 0x21, 0x0, 0x0, 0x0, 0x0,
    0x0, 0x0, 0x0, 0x7a, 0xff, 0xb5, 0x0, 0x0,
    0x0, 0x0, 0xae, 0xff, 0x81, 0x0, 0x0, 0x0,
    0x0, 0x0, 0x0, 0x0, 0xda, 0xff, 0x57, 0x0,
    0x0, 0x0, 0x0, 0x4f, 0xff, 0xe1, 0x2, 0x0,
    0x0, 0x0, 0x0, 0x0, 0x3e, 0xff, 0xff, 0xff,
    0xff, 0xff, 0xff, 0xff, 0xff, 0xff, 0xff, 0x45,
    0x0, 0x0, 0x0, 0x0, 0x0, 0x9f, 0xff, 0xff,
    0xff, 0xff, 0xff, 0xff, 0xff, 0xff, 0xff, 0xff,
    0xa6, 0x0, 0x0, 0x0, 0x0, 0xc, 0xf4, 0xff,
    0x47, 0x8, 0x8, 0x8, 0x8, 0x8, 0x8, 0x39,
    0xff, 0xf7, 0x10, 0x0, 0x0, 0x0, 0x63, 0xff,
    0xe8, 0x3, 0x0, 0x0, 0x0, 0x0, 0x0, 0x0,
    0x0, 0xde, 0xff, 0x6a, 0x0, 0x0, 0x0, 0xc4,
    0xff, 0x94, 0x0, 0x0, 0x0, 0x0, 0x0, 0x0,
    0x0, 0x0, 0x8a, 0xff, 0xcb, 0x0, 0x0, 0x26,
    0xff, 0xff, 0x3d, 0x0, 0x0, 0x0, 0x0, 0x0,
    0x0, 0x0, 0x0, 0x34, 0xff, 0xff, 0x2d, 0x0,
    0x87, 0xff, 0xe5, 0x1, 0x0, 0x0, 0x0, 0x0,
    0x0, 0x0, 0x0, 0x0, 0x0, 0xde, 0xff, 0x8f,
    0x0, 0x0, 0x0, 0x0, 0x0, 0x0, 0x0, 0x0,
    0x0, 0x0, 0x0, 0x0, 0x0, 0x32, 0xf4, 0xe5,
    0x36, 0x0, 0x0, 0x0, 0x0, 0x0, 0x0, 0x0,
    0x0, 0x0, 0x0, 0x0, 0x0, 0x0, 0xc2, 0xff,
    0x35, 0x0, 0x0, 0x0, 0x0, 0x0, 0x0, 0x0,
    0x0, 0x0, 0x0, 0x0, 0x0, 0x0, 0x0, 0xe8,
    0xff, 0x25, 0x0, 0x0, 0x0, 0x0, 0x0, 0x0,
    0x0, 0x0, 0x0, 0x0, 0x0, 0x0, 0x0, 0x0,
    0xa7, 0xff, 0xf0, 0xcb, 0x6, 0x0, 0x0, 0x0,
    0x0, 0x0, 0x0, 0x0, 0x0, 0x0, 0x0, 0x0,
    0x0, 0x13, 0xa4, 0xed, 0xef, 0x3b,

    /* U+0105 "ą" */
    0x0, 0x0, 0x21, 0x96, 0xdc, 0xf7, 0xf3, 0xcc,
    0x77, 0x9, 0x0, 0x0, 0x0, 0x49, 0xf5, 0xff,
    0xff, 0xfa, 0xfe, 0xff, 0xff, 0xd0, 0x11, 0x0,
    0x0, 0x72, 0xf4, 0xcc, 0x39, 0x1, 0xa, 0x5e,
    0xf0, 0xff, 0x98, 0x0, 0x0, 0x0, 0x1a, 0xe,
    0x0, 0x0, 0x0, 0x0, 0x56, 0xff, 0xf0, 0x1,
    0x0, 0x0, 0x11, 0x6e, 0xa9, 0xbe, 0xb0, 0x8e,
    0x47, 0xff, 0xff, 0x12, 0x0, 0x3c, 0xeb, 0xff,
    0xff, 0xff, 0xff, 0xff, 0xff, 0xff, 0xff, 0x18,
    0x8, 0xe8, 0xff, 0xdd, 0x53, 0x14, 0xc, 0x2e,
    0x91, 0xff, 0xff, 0x18, 0x42, 0xff, 0xff, 0x28,
    0x0, 0x0, 0x0, 0x0, 0x26, 0xff, 0xff, 0x18,
    0x49, 0xff, 0xfd, 0xe, 0x0, 0x0, 0x0, 0x0,
    0xa2, 0xff, 0xff, 0x18, 0x12, 0xf6, 0xff, 0xb1,
    0x1d, 0x1, 0x28, 0xae, 0xff, 0xff, 0xff, 0x18,
    0x0, 0x65, 0xfe, 0xff, 0xff, 0xf9, 0xff, 0xff,
    0x7e, 0xff, 0xff, 0x18, 0x0, 0x0, 0x41, 0xb8,
    0xf0, 0xf7, 0xcb, 0x55, 0x1d, 0xff, 0xf3, 0xf,
    0x0, 0x0, 0x0, 0x0, 0x0, 0x0, 0x0, 0x12,
    0xdf, 0xef, 0x30, 0x0, 0x0, 0x0, 0x0, 0x0,
    0x0, 0x0, 0x0, 0x77, 0xff, 0x78, 0x0, 0x0,
    0x0, 0x0, 0x0, 0x0, 0x0, 0x0, 0x0, 0x8f,
    0xff, 0x81, 0x0, 0x0, 0x0, 0x0, 0x0, 0x0,
    0x0, 0x0, 0x0, 0x49, 0xff, 0xfd, 0xd8, 0x43,
    0x0, 0x0, 0x0, 0x0, 0x0, 0x0, 0x0, 0x0,
    0x69, 0xde, 0xf7, 0x86,

    /* U+0106 "Ć" */
    0x0, 0x0, 0x0, 0x0, 0x0, 0x0, 0x0, 0x0,
    0x0, 0x4d, 0xff, 0xf0, 0x15, 0x0, 0x0, 0x0,
    0x0, 0x0, 0x0, 0x0, 0x0, 0x0, 0x0, 0x0,
    0x0, 0x0, 0xb7, 0xff, 0x74, 0x0, 0x0, 0x0,
    0x0, 0x0, 0x0, 0x0, 0x0, 0x0, 0x0, 0x0,
    0x0, 0x0, 0x22, 0xfe, 0xdb, 0x6, 0x0, 0x0,
    0x0, 0x0, 0x0, 0x0, 0x0, 0x0, 0x0, 0x0,
    0x0, 0x0, 0x0, 0x2, 0x8, 0x4, 0x0, 0x0,
    0x0, 0x0, 0x0, 0x0, 0x0, 0x0, 0x0, 0x0,
    0x0, 0x0, 0x0, 0x0, 0x0, 0x0, 0x0, 0x0,
    0x0, 0x0, 0x0, 0x0, 0x0, 0x0, 0x0, 0x0,
    0x0, 0x0, 0xd, 0x6e, 0xb6, 0xe3, 0xf8, 0xef,
    0xd4, 0x92, 0x35, 0x0, 0x0, 0x0, 0x0, 0x0,
    0x0, 0x0, 0x62, 0xed, 0xff, 0xff, 0xff, 0xff,
    0xff, 0xff, 0xff, 0xff, 0xa3, 0xc, 0x0, 0x0,
    0x0, 0x0, 0x8f, 0xff, 0xff, 0xdb, 0x73, 0x34,
    0x1b, 0x25, 0x4f, 0xaa, 0xff, 0xff, 0xc6, 0x3,
    0x0, 0x0, 0x75, 0xff, 0xff, 0x86, 0x3, 0x0,
    0x0, 0x0, 0x0, 0x0, 0x0, 0x42, 0xe8, 0x51,
    0x0, 0x0, 0x20, 0xf8, 0xff, 0x81, 0x0, 0x0,
    0x0, 0x0, 0x0, 0x0, 0x0, 0x0, 0x0, 0x8,
    0x0, 0x0, 0x0, 0x91, 0xff, 0xd5, 0x3, 0x0,
    0x0, 0x0, 0x0, 0x0, 0x0, 0x0, 0x0, 0x0,
    0x0, 0x0, 0x0, 0x0, 0xde, 0xff, 0x72, 0x0,
    0x0, 0x0, 0x0, 0x0, 0x0, 0x0, 0x0, 0x0,
    0x0, 0x0, 0x0, 0x0, 0x6, 0xff, 0xff, 0x3a,
    0x0, 0x0, 0x0, 0x0, 0x0, 0x0, 0x0, 0x0,
    0x0, 0x0, 0x0, 0x0, 0x0, 0x16, 0xff, 0xff,
    0x29, 0x0, 0x0, 0x0, 0x0, 0x0, 0x0, 0x0,
    0x0, 0x0, 0x0, 0x0, 0x0, 0x0, 0x6, 0xff,
    0xff, 0x3a, 0x0, 0x0, 0x0, 0x0, 0x0, 0x0,
    0x0, 0x0, 0x0, 0x0, 0x0, 0x0, 0x0, 0x0,
    0xde, 0xff, 0x72, 0x0, 0x0, 0x0, 0x0, 0x0,
    0x0, 0x0, 0x0, 0x0, 0x0, 0x0, 0x0, 0x0,
    0x0, 0x92, 0xff, 0xd5, 0x3, 0x0, 0x0, 0x0,
    0x0, 0x0, 0x0, 0x0, 0x0, 0x0, 0x0, 0x0,
    0x0, 0x0, 0x22, 0xf9, 0xff, 0x81, 0x0, 0x0,
    0x0, 0x0, 0x0, 0x0, 0x0, 0x0, 0x0, 0x17,
    0x1d, 0x0, 0x0, 0x0, 0x7a, 0xff, 0xff, 0x85,
    0x3, 0x0, 0x0, 0x0, 0x0, 0x0, 0x0, 0x32,
    0xde, 0xe2, 0x28, 0x0, 0x0, 0x0, 0x97, 0xff,
    0xff, 0xda, 0x72, 0x33, 0x1a, 0x25, 0x4e, 0xa5,
    0xfd, 0xff, 0xeb, 0x33, 0x0, 0x0, 0x0, 0x0,
    0x67, 0xee, 0xff, 0xff, 0xff, 0xff, 0xff, 0xff,
    0xff, 0xff, 0xbb, 0x24, 0x0, 0x0, 0x0, 0x0,
    0x0, 0x0, 0xf, 0x6f, 0xb8, 0xe5, 0xf9, 0xef,
    0xd5, 0x97, 0x41, 0x0, 0x0, 0x0,

    /* U+0107 "ć" */
    0x0, 0x0, 0x0, 0x0, 0x0, 0x0, 0xad, 0xff,
    0xa2, 0x0, 0x0, 0x0, 0x0, 0x0, 0x0, 0x0,
    0x0, 0x1b, 0xfb, 0xf5, 0x1c, 0x0, 0x0, 0x0,
    0x0, 0x0, 0x0, 0x0, 0x0, 0x80, 0xff, 0x80,
    0x0, 0x0, 0x0, 0x0, 0x0, 0x0, 0x0, 0x0,
    0x0, 0x5, 0x8, 0x1, 0x0, 0x0, 0x0, 0x0,
    0x0, 0x0, 0x0, 0x0, 0x0, 0x0, 0x0, 0x0,
    0x0, 0x0, 0x0, 0x0, 0x0, 0x0, 0x0, 0x27,
    0x9b, 0xde, 0xf8, 0xe5, 0xb5, 0x48, 0x0, 0x0,
    0x0, 0x0, 0x60, 0xf9, 0xff, 0xff, 0xff, 0xff,
    0xff, 0xff, 0x8e, 0x1, 0x0, 0x45, 0xfd, 0xff,
    0xb2, 0x2c, 0x3, 0x1d, 0x85, 0xfe, 0xff, 0x64,
    0x0, 0xd2, 0xff, 0xb0, 0x1, 0x0, 0x0, 0x0,
    0x0, 0x80, 0xd3, 0x5f, 0x25, 0xff, 0xff, 0x26,
    0x0, 0x0, 0x0, 0x0, 0x0, 0x2, 0x0, 0x0,
    0x49, 0xff, 0xeb, 0x0, 0x0, 0x0, 0x0, 0x0,
    0x0, 0x0, 0x0, 0x0, 0x4a, 0xff, 0xea, 0x0,
    0x0, 0x0, 0x0, 0x0, 0x0, 0x0, 0x0, 0x0,
    0x24, 0xff, 0xff, 0x25, 0x0, 0x0, 0x0, 0x0,
    0x0, 0x0, 0x1, 0x0, 0x0, 0xd0, 0xff, 0xb0,
    0x1, 0x0, 0x0, 0x0, 0x0, 0x63, 0xdc, 0x6d,
    0x0, 0x43, 0xfd, 0xff, 0xb2, 0x2c, 0x3, 0x1a,
    0x79, 0xfa, 0xff, 0x79, 0x0, 0x0, 0x61, 0xf9,
    0xff, 0xff, 0xff, 0xff, 0xff, 0xff, 0x9e, 0x4,
    0x0, 0x0, 0x0, 0x28, 0x9c, 0xe0, 0xf9, 0xe7,
    0xb9, 0x4f, 0x0, 0x0,

    /* U+0108 "Ĉ" */
    0x0, 0x0, 0x0, 0x0, 0x0, 0x0, 0x0, 0x0,
    0x99, 0xff, 0xf6, 0x32, 0x0, 0x0, 0x0, 0x0,
    0x0, 0x0, 0x0, 0x0, 0x0, 0x0, 0x0, 0x0,
    0x74, 0xff, 0xc7, 0xf4, 0xe3, 0x18, 0x0, 0x0,
    0x0, 0x0, 0x0, 0x0, 0x0, 0x0, 0x0, 0x0,
    0x4f, 0xfd, 0xd9, 0xf, 0x52, 0xfe, 0xc7, 0x7,
    0x0, 0x0, 0x0, 0x0, 0x0, 0x0, 0x0, 0x0,
    0x0, 0x0, 0x0, 0x0, 0x0, 0x0, 0x0, 0x0,
    0x0, 0x0, 0x0, 0x0, 0x0, 0x0, 0x0, 0x0,
    0x0, 0x0, 0x0, 0x0, 0x0, 0x0, 0x0, 0x0,
    0x0, 0x0, 0x0, 0x0, 0x0, 0x0, 0x0, 0x0,
    0x0, 0x0, 0xd, 0x6e, 0xb6, 0xe3, 0xf8, 0xef,
    0xd4, 0x92, 0x35, 0x0, 0x0, 0x0, 0x0, 0x0,
    0x0, 0x0, 0x62, 0xed, 0xff, 0xff, 0xff, 0xff,
    0xff, 0xff, 0xff, 0xff, 0xa3, 0xc, 0x0, 0x0,
    0x0, 0x0, 0x8f, 0xff, 0xff, 0xdb, 0x73, 0x34,
    0x1b, 0x25, 0x4f, 0xaa, 0xff, 0xff, 0xc6, 0x3,
    0x0, 0x0, 0x75, 0xff, 0xff, 0x86, 0x3, 0x0,
    0x0, 0x0, 0x0, 0x0, 0x0, 0x42, 0xe8, 0x51,
    0x0, 0x0, 0x20, 0xf8, 0xff, 0x81, 0x0, 0x0,
    0x0, 0x0, 0x0, 0x0, 0x0, 0x0, 0x0, 0x8,
    0x0, 0x0, 0x0, 0x91, 0xff, 0xd5, 0x3, 0x0,
    0x0, 0x0, 0x0, 0x0, 0x0, 0x0, 0x0, 0x0,
    0x0, 0x0, 0x0, 0x0, 0xde, 0xff, 0x72, 0x0,
    0x0, 0x0, 0x0, 0x0, 0x0, 0x0, 0x0, 0x0,
    0x0, 0x0, 0x0, 0x0, 0x6, 0xff, 0xff, 0x3a,
    0x0, 0x0, 0x0, 0x0, 0x0, 0x0, 0x0, 0x0,
    0x0, 0x0, 0x0, 0x0, 0x0, 0x16, 0xff, 0xff,
    0x29, 0x0, 0x0, 0x0, 0x0, 0x0, 0x0, 0x0,
    0x0, 0x0, 0x0, 0x0, 0x0, 0x0, 0x6, 0xff,
    0xff, 0x3a, 0x0, 0x0, 0x0, 0x0, 0x0, 0x0,
    0x0, 0x0, 0x0, 0x0, 0x0, 0x0, 0x0, 0x0,
    0xde, 0xff, 0x72, 0x0, 0x0, 0x0, 0x0, 0x0,
    0x0, 0x0, 0x0, 0x0, 0x0, 0x0, 0x0, 0x0,
    0x0, 0x92, 0xff, 0xd5, 0x3, 0x0, 0x0, 0x0,
    0x0, 0x0, 0x0, 0x0, 0x0, 0x0, 0x0, 0x0,
    0x0, 0x0, 0x22, 0xf9, 0xff, 0x81, 0x0, 0x0,
    0x0, 0x0, 0x0, 0x0, 0x0, 0x0, 0x0, 0x17,
    0x1d, 0x0, 0x0, 0x0, 0x7a, 0xff, 0xff, 0x85,
    0x3, 0x0, 0x0, 0x0, 0x0, 0x0, 0x0, 0x32,
    0xde, 0xe2, 0x28, 0x0, 0x0, 0x0, 0x97, 0xff,
    0xff, 0xda, 0x72, 0x33, 0x1a, 0x25, 0x4e, 0xa5,
    0xfd, 0xff, 0xeb, 0x33, 0x0, 0x0, 0x0, 0x0,
    0x67, 0xee, 0xff, 0xff, 0xff, 0xff, 0xff, 0xff,
    0xff, 0xff, 0xbb, 0x24, 0x0, 0x0, 0x0, 0x0,
    0x0, 0x0, 0xf, 0x6f, 0xb8, 0xe5, 0xf9, 0xef,
    0xd5, 0x97, 0x41, 0x0, 0x0, 0x0,

    /* U+0109 "ĉ" */
    0x0, 0x0, 0x0, 0x0, 0xb, 0xcc, 0xff, 0xdc,
    0x13, 0x0, 0x0, 0x0, 0x0, 0x0, 0x0, 0x4,
    0xb6, 0xff, 0xae, 0xff, 0xc2, 0x6, 0x0, 0x0,
    0x0, 0x0, 0x0, 0x83, 0xe8, 0x93, 0x0, 0x7d,
    0xe8, 0x8a, 0x0, 0x0, 0x0, 0x0, 0x0, 0x0,
    0x0, 0x0, 0x0, 0x0, 0x0, 0x0, 0x0, 0x0,
    0x0, 0x0, 0x0, 0x0, 0x0, 0x0, 0x0, 0x0,
    0x0, 0x0, 0x0, 0x0, 0x0, 0x0, 0x0, 0x27,
    0x9b, 0xde, 0xf8, 0xe5, 0xb5, 0x48, 0x0, 0x0,
    0x0, 0x0, 0x60, 0xf9, 0xff, 0xff, 0xff, 0xff,
    0xff, 0xff, 0x8e, 0x1, 0x0, 0x45, 0xfd, 0xff,
    0xb2, 0x2c, 0x3, 0x1d, 0x85, 0xfe, 0xff, 0x64,
    0x0, 0xd2, 0xff, 0xb0, 0x1, 0x0, 0x0, 0x0,
    0x0, 0x80, 0xd3, 0x5f, 0x25, 0xff, 0xff, 0x26,
    0x0, 0x0, 0x0, 0x0, 0x0, 0x2, 0x0, 0x0,
    0x49, 0xff, 0xeb, 0x0, 0x0, 0x0, 0x0, 0x0,
    0x0, 0x0, 0x0, 0x0, 0x4a, 0xff, 0xea, 0x0,
    0x0, 0x0, 0x0, 0x0, 0x0, 0x0, 0x0, 0x0,
    0x24, 0xff, 0xff, 0x25, 0x0, 0x0, 0x0, 0x0,
    0x0, 0x0, 0x1, 0x0, 0x0, 0xd0, 0xff, 0xb0,
    0x1, 0x0, 0x0, 0x0, 0x0, 0x63, 0xdc, 0x6d,
    0x0, 0x43, 0xfd, 0xff, 0xb2, 0x2c, 0x3, 0x1a,
    0x79, 0xfa, 0xff, 0x79, 0x0, 0x0, 0x61, 0xf9,
    0xff, 0xff, 0xff, 0xff, 0xff, 0xff, 0x9e, 0x4,
    0x0, 0x0, 0x0, 0x28, 0x9c, 0xe0, 0xf9, 0xe7,
    0xb9, 0x4f, 0x0, 0x0,

    /* U+010A "Ċ" */
    0x0, 0x0, 0x0, 0x0, 0x0, 0x0, 0x0, 0x0,
    0x7b, 0xf4, 0x61, 0x0, 0x0, 0x0, 0x0, 0x0,
    0x0, 0x0, 0x0, 0x0, 0x0, 0x0, 0x0, 0x0,
    0x0, 0xb9, 0xff, 0x9a, 0x0, 0x0, 0x0, 0x0,
    0x0, 0x0, 0x0, 0x0, 0x0, 0x0, 0x0, 0x0,
    0x0, 0x0, 0x1b, 0x6b, 0x12, 0x0, 0x0, 0x0,
    0x0, 0x0, 0x0, 0x0, 0x0, 0x0, 0x0, 0x0,
    0x0, 0x0, 0x0, 0x0, 0x0, 0x0, 0x0, 0x0,
    0x0, 0x0, 0x0, 0x0, 0x0, 0x0, 0x0, 0x0,
    0x0, 0x0, 0x0, 0x0, 0x0, 0x0, 0x0, 0x0,
    0x0, 0x0, 0x0, 0x0, 0x0, 0x0, 0x0, 0x0,
    0x0, 0x0, 0xd, 0x6e, 0xb6, 0xe3, 0xf8, 0xef,
    0xd4, 0x92, 0x35, 0x0, 0x0, 0x0, 0x0, 0x0,
    0x0, 0x0, 0x62, 0xed, 0xff, 0xff, 0xff, 0xff,
    0xff, 0xff, 0xff, 0xff, 0xa3, 0xc, 0x0, 0x0,
    0x0, 0x0, 0x8f, 0xff, 0xff, 0xdb, 0x73, 0x34,
    0x1b, 0x25, 0x4f, 0xaa, 0xff, 0xff, 0xc6, 0x3,
    0x0, 0x0, 0x75, 0xff, 0xff, 0x86, 0x3, 0x0,
    0x0, 0x0, 0x0, 0x0, 0x0, 0x42, 0xe8, 0x51,
    0x0, 0x0, 0x20, 0xf8, 0xff, 0x81, 0x0, 0x0,
    0x0, 0x0, 0x0, 0x0, 0x0, 0x0, 0x0, 0x8,
    0x0, 0x0, 0x0, 0x91, 0xff, 0xd5, 0x3, 0x0,
    0x0, 0x0, 0x0, 0x0, 0x0, 0x0, 0x0, 0x0,
    0x0, 0x0, 0x0, 0x0, 0xde, 0xff, 0x72, 0x0,
    0x0, 0x0, 0x0, 0x0, 0x0, 0x0, 0x0, 0x0,
    0x0, 0x0, 0x0, 0x0, 0x6, 0xff, 0xff, 0x3a,
    0x0, 0x0, 0x0, 0x0, 0x0, 0x0, 0x0, 0x0,
    0x0, 0x0, 0x0, 0x0, 0x0, 0x16, 0xff, 0xff,
    0x29, 0x0, 0x0, 0x0, 0x0, 0x0, 0x0, 0x0,
    0x0, 0x0, 0x0, 0x0, 0x0, 0x0, 0x6, 0xff,
    0xff, 0x3a, 0x0, 0x0, 0x0, 0x0, 0x0, 0x0,
    0x0, 0x0, 0x0, 0x0, 0x0, 0x0, 0x0, 0x0,
    0xde, 0xff, 0x72, 0x0, 0x0, 0x0, 0x0, 0x0,
    0x0, 0x0, 0x0, 0x0, 0x0, 0x0, 0x0, 0x0,
    0x0, 0x92, 0xff, 0xd5, 0x3, 0x0, 0x0, 0x0,
    0x0, 0x0, 0x0, 0x0, 0x0, 0x0, 0x0, 0x0,
    0x0, 0x0, 0x22, 0xf9, 0xff, 0x81, 0x0, 0x0,
    0x0, 0x0, 0x0, 0x0, 0x0, 0x0, 0x0, 0x17,
    0x1d, 0x0, 0x0, 0x0, 0x7a, 0xff, 0xff, 0x85,
    0x3, 0x0, 0x0, 0x0, 0x0, 0x0, 0x0, 0x32,
    0xde, 0xe2, 0x28, 0x0, 0x0, 0x0, 0x97, 0xff,
    0xff, 0xda, 0x72, 0x33, 0x1a, 0x25, 0x4e, 0xa5,
    0xfd, 0xff, 0xeb, 0x33, 0x0, 0x0, 0x0, 0x0,
    0x67, 0xee, 0xff, 0xff, 0xff, 0xff, 0xff, 0xff,
    0xff, 0xff, 0xbb, 0x24, 0x0, 0x0, 0x0, 0x0,
    0x0, 0x0, 0xf, 0x6f, 0xb8, 0xe5, 0xf9, 0xef,
    0xd5, 0x97, 0x41, 0x0, 0x0, 0x0,

    /* U+010B "ċ" */
    0x0, 0x0, 0x0, 0x0, 0x0, 0x6c, 0xf3, 0x88,
    0x0, 0x0, 0x0, 0x0, 0x0, 0x0, 0x0, 0x0,
    0x0, 0xc0, 0xff, 0xdc, 0x0, 0x0, 0x0, 0x0,
    0x0, 0x0, 0x0, 0x0, 0x0, 0x33, 0xa6, 0x46,
    0x0, 0x0, 0x0, 0x0, 0x0, 0x0, 0x0, 0x0,
    0x0, 0x0, 0x0, 0x0, 0x0, 0x0, 0x0, 0x0,
    0x0, 0x0, 0x0, 0x0, 0x0, 0x0, 0x0, 0x0,
    0x0, 0x0, 0x0, 0x0, 0x0, 0x0, 0x0, 0x27,
    0x9b, 0xde, 0xf8, 0xe5, 0xb5, 0x48, 0x0, 0x0,
    0x0, 0x0, 0x60, 0xf9, 0xff, 0xff, 0xff, 0xff,
    0xff, 0xff, 0x8e, 0x1, 0x0, 0x45, 0xfd, 0xff,
    0xb2, 0x2c, 0x3, 0x1d, 0x85, 0xfe, 0xff, 0x64,
    0x0, 0xd2, 0xff, 0xb0, 0x1, 0x0, 0x0, 0x0,
    0x0, 0x80, 0xd3, 0x5f, 0x25, 0xff, 0xff, 0x26,
    0x0, 0x0, 0x0, 0x0, 0x0, 0x2, 0x0, 0x0,
    0x49, 0xff, 0xeb, 0x0, 0x0, 0x0, 0x0, 0x0,
    0x0, 0x0, 0x0, 0x0, 0x4a, 0xff, 0xea, 0x0,
    0x0, 0x0, 0x0, 0x0, 0x0, 0x0, 0x0, 0x0,
    0x24, 0xff, 0xff, 0x25, 0x0, 0x0, 0x0, 0x0,
    0x0, 0x0, 0x1, 0x0, 0x0, 0xd0, 0xff, 0xb0,
    0x1, 0x0, 0x0, 0x0, 0x0, 0x63, 0xdc, 0x6d,
    0x0, 0x43, 0xfd, 0xff, 0xb2, 0x2c, 0x3, 0x1a,
    0x79, 0xfa, 0xff, 0x79, 0x0, 0x0, 0x61, 0xf9,
    0xff, 0xff, 0xff, 0xff, 0xff, 0xff, 0x9e, 0x4,
    0x0, 0x0, 0x0, 0x28, 0x9c, 0xe0, 0xf9, 0xe7,
    0xb9, 0x4f, 0x0, 0x0,

    /* U+010C "Č" */
    0x0, 0x0, 0x0, 0x0, 0x0, 0x0, 0x56, 0x80,
    0x39, 0x0, 0x3a, 0x80, 0x62, 0x0, 0x0, 0x0,
    0x0, 0x0, 0x0, 0x0, 0x0, 0x0, 0x0, 0x17,
    0xd7, 0xf4, 0x75, 0xf4, 0xe0, 0x21, 0x0, 0x0,
    0x0, 0x0, 0x0, 0x0, 0x0, 0x0, 0x0, 0x0,
    0x0, 0x19, 0xd9, 0xff, 0xdc, 0x1e, 0x0, 0x0,
    0x0, 0x0, 0x0, 0x0, 0x0, 0x0, 0x0, 0x0,
    0x0, 0x0, 0x0, 0x0, 0x0, 0x0, 0x0, 0x0,
    0x0, 0x0, 0x0, 0x0, 0x0, 0x0, 0x0, 0x0,
    0x0, 0x0, 0x0, 0x0, 0x0, 0x0, 0x0, 0x0,
    0x0, 0x0, 0x0, 0x0, 0x0, 0x0, 0x0, 0x0,
    0x0, 0x0, 0xd, 0x6e, 0xb6, 0xe3, 0xf8, 0xef,
    0xd4, 0x92, 0x35, 0x0, 0x0, 0x0, 0x0, 0x0,
    0x0, 0x0, 0x62, 0xed, 0xff, 0xff, 0xff, 0xff,
    0xff, 0xff, 0xff, 0xff, 0xa3, 0xc, 0x0, 0x0,
    0x0, 0x0, 0x8f, 0xff, 0xff, 0xdb, 0x73, 0x34,
    0x1b, 0x25, 0x4f, 0xaa, 0xff, 0xff, 0xc6, 0x3,
    0x0, 0x0, 0x75, 0xff, 0xff, 0x86, 0x3, 0x0,
    0x0, 0x0, 0x0, 0x0, 0x0, 0x42, 0xe8, 0x51,
    0x0, 0x0, 0x20, 0xf8, 0xff, 0x81, 0x0, 0x0,
    0x0, 0x0, 0x0, 0x0, 0x0, 0x0, 0x0, 0x8,
    0x0, 0x0, 0x0, 0x91, 0xff, 0xd5, 0x3, 0x0,
    0x0, 0x0, 0x0, 0x0, 0x0, 0x0, 0x0, 0x0,
    0x0, 0x0, 0x0, 0x0, 0xde, 0xff, 0x72, 0x0,
    0x0, 0x0, 0x0, 0x0, 0x0, 0x0, 0x0, 0x0,
    0x0, 0x0, 0x0, 0x0, 0x6, 0xff, 0xff, 0x3a,
    0x0, 0x0, 0x0, 0x0, 0x0, 0x0, 0x0, 0x0,
    0x0, 0x0, 0x0, 0x0, 0x0, 0x16, 0xff, 0xff,
    0x29, 0x0, 0x0, 0x0, 0x0, 0x0, 0x0, 0x0,
    0x0, 0x0, 0x0, 0x0, 0x0, 0x0, 0x6, 0xff,
    0xff, 0x3a, 0x0, 0x0, 0x0, 0x0, 0x0, 0x0,
    0x0, 0x0, 0x0, 0x0, 0x0, 0x0, 0x0, 0x0,
    0xde, 0xff, 0x72, 0x0, 0x0, 0x0, 0x0, 0x0,
    0x0, 0x0, 0x0, 0x0, 0x0, 0x0, 0x0, 0x0,
    0x0, 0x92, 0xff, 0xd5, 0x3, 0x0, 0x0, 0x0,
    0x0, 0x0, 0x0, 0x0, 0x0, 0x0, 0x0, 0x0,
    0x0, 0x0, 0x22, 0xf9, 0xff, 0x81, 0x0, 0x0,
    0x0, 0x0, 0x0, 0x0, 0x0, 0x0, 0x0, 0x17,
    0x1d, 0x0, 0x0, 0x0, 0x7a, 0xff, 0xff, 0x85,
    0x3, 0x0, 0x0, 0x0, 0x0, 0x0, 0x0, 0x32,
    0xde, 0xe2, 0x28, 0x0, 0x0, 0x0, 0x97, 0xff,
    0xff, 0xda, 0x72, 0x33, 0x1a, 0x25, 0x4e, 0xa5,
    0xfd, 0xff, 0xeb, 0x33, 0x0, 0x0, 0x0, 0x0,
    0x67, 0xee, 0xff, 0xff, 0xff, 0xff, 0xff, 0xff,
    0xff, 0xff, 0xbb, 0x24, 0x0, 0x0, 0x0, 0x0,
    0x0, 0x0, 0xf, 0x6f, 0xb8, 0xe5, 0xf9, 0xef,
    0xd5, 0x97, 0x41, 0x0, 0x0, 0x0,

    /* U+010D "č" */
    0x0, 0x0, 0x0, 0x56, 0xfe, 0xc6, 0x8, 0x79,
    0xff, 0xbd, 0x5, 0x0, 0x0, 0x0, 0x0, 0x0,
    0x77, 0xff, 0xcf, 0xfe, 0xce, 0xd, 0x0, 0x0,
    0x0, 0x0, 0x0, 0x0, 0x0, 0x90, 0xdc, 0xc8,
    0x17, 0x0, 0x0, 0x0, 0x0, 0x0, 0x0, 0x0,
    0x0, 0x0, 0x0, 0x0, 0x0, 0x0, 0x0, 0x0,
    0x0, 0x0, 0x0, 0x0, 0x0, 0x0, 0x0, 0x0,
    0x0, 0x0, 0x0, 0x0, 0x0, 0x0, 0x0, 0x27,
    0x9b, 0xde, 0xf8, 0xe5, 0xb5, 0x48, 0x0, 0x0,
    0x0, 0x0, 0x60, 0xf9, 0xff, 0xff, 0xff, 0xff,
    0xff, 0xff, 0x8e, 0x1, 0x0, 0x45, 0xfd, 0xff,
    0xb2, 0x2c, 0x3, 0x1d, 0x85, 0xfe, 0xff, 0x64,
    0x0, 0xd2, 0xff, 0xb0, 0x1, 0x0, 0x0, 0x0,
    0x0, 0x80, 0xd3, 0x5f, 0x25, 0xff, 0xff, 0x26,
    0x0, 0x0, 0x0, 0x0, 0x0, 0x2, 0x0, 0x0,
    0x49, 0xff, 0xeb, 0x0, 0x0, 0x0, 0x0, 0x0,
    0x0, 0x0, 0x0, 0x0, 0x4a, 0xff, 0xea, 0x0,
    0x0, 0x0, 0x0, 0x0, 0x0, 0x0, 0x0, 0x0,
    0x24, 0xff, 0xff, 0x25, 0x0, 0x0, 0x0, 0x0,
    0x0, 0x0, 0x1, 0x0, 0x0, 0xd0, 0xff, 0xb0,
    0x1, 0x0, 0x0, 0x0, 0x0, 0x63, 0xdc, 0x6d,
    0x0, 0x43, 0xfd, 0xff, 0xb2, 0x2c, 0x3, 0x1a,
    0x79, 0xfa, 0xff, 0x79, 0x0, 0x0, 0x61, 0xf9,
    0xff, 0xff, 0xff, 0xff, 0xff, 0xff, 0x9e, 0x4,
    0x0, 0x0, 0x0, 0x28, 0x9c, 0xe0, 0xf9, 0xe7,
    0xb9, 0x4f, 0x0, 0x0,

    /* U+010E "Ď" */
    0x0, 0x0, 0x0, 0x5b, 0x80, 0x36, 0x0, 0x33,
    0x80, 0x67, 0x0, 0x0, 0x0, 0x0, 0x0, 0x0,
    0x0, 0x0, 0x28, 0xf1, 0xeb, 0x42, 0xe8, 0xf6,
    0x36, 0x0, 0x0, 0x0, 0x0, 0x0, 0x0, 0x0,
    0x0, 0x0, 0x49, 0xfd, 0xff, 0xfe, 0x53, 0x0,
    0x0, 0x0, 0x0, 0x0, 0x0, 0x0, 0x0, 0x0,
    0x0, 0x0, 0x54, 0x80, 0x57, 0x0, 0x0, 0x0,
    0x0, 0x0, 0x0, 0x0, 0x0, 0x0, 0x0, 0x0,
    0x0, 0x0, 0x0, 0x0, 0x0, 0x0, 0x0, 0x0,
    0x0, 0x0, 0x0, 0x44, 0xff, 0xff, 0xff, 0xff,
    0xff, 0xf5, 0xe0, 0xae, 0x64, 0x8, 0x0, 0x0,
    0x0, 0x0, 0x44, 0xff, 0xff, 0xff, 0xff, 0xff,
    0xff, 0xff, 0xff, 0xff, 0xe5, 0x4b, 0x0, 0x0,
    0x0, 0x44, 0xff, 0xf1, 0x18, 0x18, 0x18, 0x23,
    0x3e, 0x7e, 0xe5, 0xff, 0xfd, 0x68, 0x0, 0x0,
    0x44, 0xff, 0xf0, 0x0, 0x0, 0x0, 0x0, 0x0,
    0x0, 0x9, 0xa5, 0xff, 0xfb, 0x3e, 0x0, 0x44,
    0xff, 0xf0, 0x0, 0x0, 0x0, 0x0, 0x0, 0x0,
    0x0, 0x2, 0xba, 0xff, 0xcd, 0x1, 0x44, 0xff,
    0xf0, 0x0, 0x0, 0x0, 0x0, 0x0, 0x0, 0x0,
    0x0, 0x2a, 0xfe, 0xff, 0x39, 0x44, 0xff, 0xf0,
    0x0, 0x0, 0x0, 0x0, 0x0, 0x0, 0x0, 0x0,
    0x0, 0xd2, 0xff, 0x7c, 0x44, 0xff, 0xf0, 0x0,
    0x0, 0x0, 0x0, 0x0, 0x0, 0x0, 0x0, 0x0,
    0xa3, 0xff, 0x9e, 0x44, 0xff, 0xf0, 0x0, 0x0,
    0x0, 0x0, 0x0, 0x0, 0x0, 0x0, 0x0, 0x95,
    0xff, 0xae, 0x44, 0xff, 0xf0, 0x0, 0x0, 0x0,
    0x0, 0x0, 0x0, 0x0, 0x0, 0x0, 0xa4, 0xff,
    0x9e, 0x44, 0xff, 0xf0, 0x0, 0x0, 0x0, 0x0,
    0x0, 0x0, 0x0, 0x0, 0x0, 0xd2, 0xff, 0x7d,
    0x44, 0xff, 0xf0, 0x0, 0x0, 0x0, 0x0, 0x0,
    0x0, 0x0, 0x0, 0x29, 0xfe, 0xff, 0x3a, 0x44,
    0xff, 0xf0, 0x0, 0x0, 0x0, 0x0, 0x0, 0x0,
    0x0, 0x2, 0xb7, 0xff, 0xd1, 0x1, 0x44, 0xff,
    0xf0, 0x0, 0x0, 0x0, 0x0, 0x0, 0x0, 0x8,
    0xa1, 0xff, 0xfd, 0x44, 0x0, 0x44, 0xff, 0xf1,
    0x18, 0x18, 0x18, 0x21, 0x3c, 0x7c, 0xe4, 0xff,
    0xfe, 0x6f, 0x0, 0x0, 0x44, 0xff, 0xff, 0xff,
    0xff, 0xff, 0xff, 0xff, 0xff, 0xff, 0xe8, 0x50,
    0x0, 0x0, 0x0, 0x44, 0xff, 0xff, 0xff, 0xff,
    0xff, 0xf6, 0xe1, 0xb0, 0x67, 0x9, 0x0, 0x0,
    0x0, 0x0,

    /* U+010F "ď" */
    0x0, 0x0, 0x0, 0x0, 0x0, 0x0, 0x0, 0x0,
    0x0, 0x0, 0xbc, 0xff, 0x7c, 0x0, 0xfc, 0xff,
    0x55, 0x0, 0x0, 0x0, 0x0, 0x0, 0x0, 0x0,
    0x0, 0x0, 0x0, 0xbc, 0xff, 0x7c, 0x0, 0xfc,
    0xff, 0x28, 0x0, 0x0, 0x0, 0x0, 0x0, 0x0,
    0x0, 0x0, 0x0, 0x0, 0xbc, 0xff, 0x7c, 0x0,
    0xfc, 0xf7, 0x3, 0x0, 0x0, 0x0, 0x0, 0x0,
    0x0, 0x0, 0x0, 0x0, 0x0, 0xbc, 0xff, 0x7c,
    0x0, 0xfc, 0xce, 0x0, 0x0, 0x0, 0x0, 0x0,
    0x0, 0x0, 0x0, 0x0, 0x0, 0x0, 0xbc, 0xff,
    0x7c, 0x0, 0xf8, 0x9f, 0x0, 0x0, 0x0, 0x0,
    0x36, 0xae, 0xeb, 0xf7, 0xd4, 0x79, 0x7, 0xb8,
    0xff, 0x7c, 0x0, 0x0, 0x0, 0x0, 0x0, 0x0,
    0x6a, 0xfd, 0xff, 0xff, 0xff, 0xff, 0xff, 0xcb,
    0xb4, 0xff, 0x7c, 0x0, 0x0, 0x0, 0x0, 0x0,
    0x45, 0xfe, 0xff, 0xae, 0x2c, 0x3, 0x1b, 0x83,
    0xfd, 0xff, 0xff, 0x7c, 0x0, 0x0, 0x0, 0x0,
    0x0, 0xd0, 0xff, 0xab, 0x1, 0x0, 0x0, 0x0,
    0x0, 0x6f, 0xff, 0xff, 0x7c, 0x0, 0x0, 0x0,
    0x0, 0x23, 0xff, 0xff, 0x23, 0x0, 0x0, 0x0,
    0x0, 0x0, 0x2, 0xe2, 0xff, 0x7c, 0x0, 0x0,
    0x0, 0x0, 0x49, 0xff, 0xea, 0x0, 0x0, 0x0,
    0x0, 0x0, 0x0, 0x0, 0xab, 0xff, 0x7c, 0x0,
    0x0, 0x0, 0x0, 0x4a, 0xff, 0xea, 0x0, 0x0,
    0x0, 0x0, 0x0, 0x0, 0x0, 0xab, 0xff, 0x7c,
    0x0, 0x0, 0x0, 0x0, 0x24, 0xff, 0xff, 0x22,
    0x0, 0x0, 0x0, 0x0, 0x0, 0x2, 0xe0, 0xff,
    0x7c, 0x0, 0x0, 0x0, 0x0, 0x0, 0xd0, 0xff,
    0xaa, 0x0, 0x0, 0x0, 0x0, 0x0, 0x6b, 0xff,
    0xff, 0x7c, 0x0, 0x0, 0x0, 0x0, 0x0, 0x45,
    0xfe, 0xff, 0xad, 0x2c, 0x2, 0x19, 0x80, 0xfd,
    0xff, 0xff, 0x7c, 0x0, 0x0, 0x0, 0x0, 0x0,
    0x0, 0x6b, 0xfd, 0xff, 0xff, 0xff, 0xff, 0xff,
    0xcb, 0xac, 0xff, 0x7c, 0x0, 0x0, 0x0, 0x0,
    0x0, 0x0, 0x0, 0x36, 0xae, 0xec, 0xf7, 0xd5,
    0x7a, 0x7, 0xa0, 0xff, 0x7c, 0x0, 0x0, 0x0,
    0x0,

    /* U+0110 "Đ" */
    0x0, 0x0, 0x44, 0xff, 0xff, 0xff, 0xff, 0xff,
    0xf5, 0xe0, 0xae, 0x64, 0x8, 0x0, 0x0, 0x0,
    0x0, 0x0, 0x0, 0x44, 0xff, 0xff, 0xff, 0xff,
    0xff, 0xff, 0xff, 0xff, 0xff, 0xe5, 0x4b, 0x0,
    0x0, 0x0, 0x0, 0x0, 0x44, 0xff, 0xf1, 0x18,
    0x18, 0x18, 0x23, 0x3e, 0x7e, 0xe5, 0xff, 0xfd,
    0x68, 0x0, 0x0, 0x0, 0x0, 0x44, 0xff, 0xf0,
    0x0, 0x0, 0x0, 0x0, 0x0, 0x0, 0x9, 0xa5,
    0xff, 0xfb, 0x3e, 0x0, 0x0, 0x0, 0x44, 0xff,
    0xf0, 0x0, 0x0, 0x0, 0x0, 0x0, 0x0, 0x0,
    0x2, 0xba, 0xff, 0xcd, 0x1, 0x0, 0x0, 0x44,
    0xff, 0xf0, 0x0, 0x0, 0x0, 0x0, 0x0, 0x0,
    0x0, 0x0, 0x2a, 0xfe, 0xff, 0x39, 0x0, 0x0,
    0x44, 0xff, 0xf0, 0x0, 0x0, 0x0, 0x0, 0x0,
    0x0, 0x0, 0x0, 0x0, 0xd2, 0xff, 0x7c, 0x21,
    0xb4, 0xc8, 0xff, 0xfb, 0xb4, 0xb4, 0xb4, 0xb4,
    0x2d, 0x0, 0x0, 0x0, 0x0, 0xa3, 0xff, 0x9e,
    0x30, 0xff, 0xff, 0xff, 0xff, 0xff, 0xff, 0xff,
    0xff, 0x40, 0x0, 0x0, 0x0, 0x0, 0x95, 0xff,
    0xae, 0x0, 0x0, 0x44, 0xff, 0xf0, 0x0, 0x0,
    0x0, 0x0, 0x0, 0x0, 0x0, 0x0, 0x0, 0xa4,
    0xff, 0x9e, 0x0, 0x0, 0x44, 0xff, 0xf0, 0x0,
    0x0, 0x0, 0x0, 0x0, 0x0, 0x0, 0x0, 0x0,
    0xd2, 0xff, 0x7d, 0x0, 0x0, 0x44, 0xff, 0xf0,
    0x0, 0x0, 0x0, 0x0, 0x0, 0x0, 0x0, 0x0,
    0x29, 0xfe, 0xff, 0x3a, 0x0, 0x0, 0x44, 0xff,
    0xf0, 0x0, 0x0, 0x0, 0x0, 0x0, 0x0, 0x0,
    0x2, 0xb7, 0xff, 0xd1, 0x1, 0x0, 0x0, 0x44,
    0xff, 0xf0, 0x0, 0x0, 0x0, 0x0, 0x0, 0x0,
    0x8, 0xa1, 0xff, 0xfd, 0x44, 0x0, 0x0, 0x0,
    0x44, 0xff, 0xf1, 0x18, 0x18, 0x18, 0x21, 0x3c,
    0x7c, 0xe4, 0xff, 0xfe, 0x6f, 0x0, 0x0, 0x0,
    0x0, 0x44, 0xff, 0xff, 0xff, 0xff, 0xff, 0xff,
    0xff, 0xff, 0xff, 0xe8, 0x50, 0x0, 0x0, 0x0,
    0x0, 0x0, 0x44, 0xff, 0xff, 0xff, 0xff, 0xff,
    0xf6, 0xe1, 0xb0, 0x67, 0x9, 0x0, 0x0, 0x0,
    0x0,

    /* U+0111 "đ" */
    0x0, 0x0, 0x0, 0x0, 0x0, 0x0, 0x0, 0x0,
    0x0, 0x0, 0xbc, 0xff, 0x7c, 0x0, 0x0, 0x0,
    0x0, 0x0, 0x0, 0x0, 0x0, 0x22, 0xb8, 0xb8,
    0xb8, 0xec, 0xff, 0xda, 0xb8, 0x2, 0x0, 0x0,
    0x0, 0x0, 0x0, 0x0, 0x30, 0xff, 0xff, 0xff,
    0xff, 0xff, 0xff, 0xff, 0x4, 0x0, 0x0, 0x0,
    0x0, 0x0, 0x0, 0x0, 0x0, 0x0, 0x0, 0xbc,
    0xff, 0x7c, 0x0, 0x0, 0x0, 0x0, 0x0, 0x0,
    0x0, 0x0, 0x0, 0x0, 0x0, 0x0, 0xbc, 0xff,
    0x7c, 0x0, 0x0, 0x0, 0x0, 0x0, 0x36, 0xae,
    0xeb, 0xf7, 0xd4, 0x79, 0x7, 0xb7, 0xff, 0x7c,
    0x0, 0x0, 0x0, 0x0, 0x6a, 0xfd, 0xff, 0xff,
    0xff, 0xff, 0xff, 0xcb, 0xb3, 0xff, 0x7c, 0x0,
    0x0, 0x0, 0x45, 0xfe, 0xff, 0xae, 0x2c, 0x3,
    0x1b, 0x83, 0xfd, 0xff, 0xff, 0x7c, 0x0, 0x0,
    0x0, 0xd0, 0xff, 0xab, 0x1, 0x0, 0x0, 0x0,
    0x0, 0x6f, 0xff, 0xff, 0x7c, 0x0, 0x0, 0x23,
    0xff, 0xff, 0x23, 0x0, 0x0, 0x0, 0x0, 0x0,
    0x2, 0xe2, 0xff, 0x7c, 0x0, 0x0, 0x49, 0xff,
    0xea, 0x0, 0x0, 0x0, 0x0, 0x0, 0x0, 0x0,
    0xab, 0xff, 0x7c, 0x0, 0x0, 0x4a, 0xff, 0xea,
    0x0, 0x0, 0x0, 0x0, 0x0, 0x0, 0x0, 0xab,
    0xff, 0x7c, 0x0, 0x0, 0x24, 0xff, 0xff, 0x22,
    0x0, 0x0, 0x0, 0x0, 0x0, 0x2, 0xe0, 0xff,
    0x7c, 0x0, 0x0, 0x0, 0xd0, 0xff, 0xaa, 0x0,
    0x0, 0x0, 0x0, 0x0, 0x6b, 0xff, 0xff, 0x7c,
    0x0, 0x0, 0x0, 0x45, 0xfe, 0xff, 0xad, 0x2c,
    0x2, 0x19, 0x80, 0xfd, 0xff, 0xff, 0x7c, 0x0,
    0x0, 0x0, 0x0, 0x6b, 0xfd, 0xff, 0xff, 0xff,
    0xff, 0xff, 0xcb, 0xac, 0xff, 0x7c, 0x0, 0x0,
    0x0, 0x0, 0x0, 0x36, 0xae, 0xec, 0xf7, 0xd5,
    0x7a, 0x7, 0xa0, 0xff, 0x7c, 0x0, 0x0,

    /* U+0112 "Ē" */
    0x0, 0x0, 0xc4, 0xff, 0xff, 0xff, 0xff, 0xff,
    0xf4, 0x0, 0x0, 0x0, 0x0, 0x8c, 0xb8, 0xb8,
    0xb8, 0xb8, 0xb8, 0xaf, 0x0, 0x0, 0x0, 0x0,
    0x0, 0x0, 0x0, 0x0, 0x0, 0x0, 0x0, 0x0,
    0x0, 0x0, 0x0, 0x0, 0x0, 0x0, 0x0, 0x0,
    0x0, 0x0, 0x0, 0x0, 0x44, 0xff, 0xff, 0xff,
    0xff, 0xff, 0xff, 0xff, 0xff, 0xff, 0xc4, 0x44,
    0xff, 0xff, 0xff, 0xff, 0xff, 0xff, 0xff, 0xff,
    0xff, 0xc4, 0x44, 0xff, 0xf1, 0x18, 0x18, 0x18,
    0x18, 0x18, 0x18, 0x18, 0x12, 0x44, 0xff, 0xf0,
    0x0, 0x0, 0x0, 0x0, 0x0, 0x0, 0x0, 0x0,
    0x44, 0xff, 0xf0, 0x0, 0x0, 0x0, 0x0, 0x0,
    0x0, 0x0, 0x0, 0x44, 0xff, 0xf0, 0x0, 0x0,
    0x0, 0x0, 0x0, 0x0, 0x0, 0x0, 0x44, 0xff,
    0xf0, 0x0, 0x0, 0x0, 0x0, 0x0, 0x0, 0x0,
    0x0, 0x44, 0xff, 0xf0, 0xc, 0xc, 0xc, 0xc,
    0xc, 0xc, 0xb, 0x0, 0x44, 0xff, 0xff, 0xff,
    0xff, 0xff, 0xff, 0xff, 0xff, 0xfc, 0x0, 0x44,
    0xff, 0xff, 0xff, 0xff, 0xff, 0xff, 0xff, 0xff,
    0xfc, 0x0, 0x44, 0xff, 0xf0, 0x0, 0x0, 0x0,
    0x0, 0x0, 0x0, 0x0, 0x0, 0x44, 0xff, 0xf0,
    0x0, 0x0, 0x0, 0x0, 0x0, 0x0, 0x0, 0x0,
    0x44, 0xff, 0xf0, 0x0, 0x0, 0x0, 0x0, 0x0,
    0x0, 0x0, 0x0, 0x44, 0xff, 0xf0, 0x0, 0x0,
    0x0, 0x0, 0x0, 0x0, 0x0, 0x0, 0x44, 0xff,
    0xf1, 0x18, 0x18, 0x18, 0x18, 0x18, 0x18, 0x18,
    0x12, 0x44, 0xff, 0xff, 0xff, 0xff, 0xff, 0xff,
    0xff, 0xff, 0xff, 0xc4, 0x44, 0xff, 0xff, 0xff,
    0xff, 0xff, 0xff, 0xff, 0xff, 0xff, 0xc4,

    /* U+0113 "ē" */
    0x0, 0x0, 0x0, 0xd4, 0xff, 0xff, 0xff, 0xff,
    0xff, 0xe4, 0x0, 0x0, 0x0, 0x0, 0x0, 0x0,
    0x95, 0xb4, 0xb4, 0xb4, 0xb4, 0xb4, 0xa0, 0x0,
    0x0, 0x0, 0x0, 0x0, 0x0, 0x0, 0x0, 0x0,
    0x0, 0x0, 0x0, 0x0, 0x0, 0x0, 0x0, 0x0,
    0x0, 0x0, 0x0, 0x0, 0x0, 0x0, 0x0, 0x0,
    0x0, 0x0, 0x0, 0x0, 0x0, 0x0, 0x0, 0x0,
    0x0, 0x0, 0x0, 0x0, 0x0, 0x0, 0x0, 0x0,
    0x0, 0x0, 0x0, 0x0, 0x36, 0xaa, 0xe7, 0xfa,
    0xe9, 0xb3, 0x49, 0x0, 0x0, 0x0, 0x0, 0x0,
    0x70, 0xfe, 0xff, 0xff, 0xff, 0xff, 0xff, 0xff,
    0x90, 0x0, 0x0, 0x0, 0x4c, 0xff, 0xfc, 0x80,
    0x1e, 0x4, 0x1d, 0x77, 0xf9, 0xff, 0x5e, 0x0,
    0x0, 0xd6, 0xff, 0x73, 0x0, 0x0, 0x0, 0x0,
    0x0, 0x6c, 0xff, 0xd4, 0x0, 0x26, 0xff, 0xff,
    0xd6, 0xd0, 0xd0, 0xd0, 0xd0, 0xd0, 0xd9, 0xff,
    0xff, 0x12, 0x49, 0xff, 0xff, 0xff, 0xff, 0xff,
    0xff, 0xff, 0xff, 0xff, 0xff, 0xff, 0x29, 0x4a,
    0xff, 0xf8, 0x1, 0x0, 0x0, 0x0, 0x0, 0x0,
    0x0, 0x0, 0x0, 0x0, 0x26, 0xff, 0xff, 0x36,
    0x0, 0x0, 0x0, 0x0, 0x0, 0x1, 0xa, 0x0,
    0x0, 0x0, 0xd5, 0xff, 0xbe, 0x4, 0x0, 0x0,
    0x0, 0x0, 0x73, 0xe8, 0x6d, 0x0, 0x0, 0x4b,
    0xfe, 0xff, 0xbd, 0x35, 0x3, 0x1a, 0x85, 0xfe,
    0xff, 0x82, 0x0, 0x0, 0x0, 0x6c, 0xfc, 0xff,
    0xff, 0xff, 0xff, 0xff, 0xff, 0x98, 0x4, 0x0,
    0x0, 0x0, 0x0, 0x30, 0xa3, 0xe4, 0xf9, 0xe4,
    0xb1, 0x46, 0x0, 0x0, 0x0,

    /* U+0114 "Ĕ" */
    0x0, 0x0, 0x24, 0x80, 0x3e, 0x0, 0x0, 0x7c,
    0x61, 0x0, 0x0, 0x0, 0x0, 0x1f, 0xfe, 0xc9,
    0x14, 0x5b, 0xff, 0x99, 0x0, 0x0, 0x0, 0x0,
    0x0, 0x86, 0xff, 0xff, 0xff, 0xe7, 0x1b, 0x0,
    0x0, 0x0, 0x0, 0x0, 0x0, 0x4d, 0x94, 0x7d,
    0x15, 0x0, 0x0, 0x0, 0x0, 0x0, 0x0, 0x0,
    0x0, 0x0, 0x0, 0x0, 0x0, 0x0, 0x0, 0x44,
    0xff, 0xff, 0xff, 0xff, 0xff, 0xff, 0xff, 0xff,
    0xff, 0xc4, 0x44, 0xff, 0xff, 0xff, 0xff, 0xff,
    0xff, 0xff, 0xff, 0xff, 0xc4, 0x44, 0xff, 0xf1,
    0x18, 0x18, 0x18, 0x18, 0x18, 0x18, 0x18, 0x12,
    0x44, 0xff, 0xf0, 0x0, 0x0, 0x0, 0x0, 0x0,
    0x0, 0x0, 0x0, 0x44, 0xff, 0xf0, 0x0, 0x0,
    0x0, 0x0, 0x0, 0x0, 0x0, 0x0, 0x44, 0xff,
    0xf0, 0x0, 0x0, 0x0, 0x0, 0x0, 0x0, 0x0,
    0x0, 0x44, 0xff, 0xf0, 0x0, 0x0, 0x0, 0x0,
    0x0, 0x0, 0x0, 0x0, 0x44, 0xff, 0xf0, 0xc,
    0xc, 0xc, 0xc, 0xc, 0xc, 0xb, 0x0, 0x44,
    0xff, 0xff, 0xff, 0xff, 0xff, 0xff, 0xff, 0xff,
    0xfc, 0x0, 0x44, 0xff, 0xff, 0xff, 0xff, 0xff,
    0xff, 0xff, 0xff, 0xfc, 0x0, 0x44, 0xff, 0xf0,
    0x0, 0x0, 0x0, 0x0, 0x0, 0x0, 0x0, 0x0,
    0x44, 0xff, 0xf0, 0x0, 0x0, 0x0, 0x0, 0x0,
    0x0, 0x0, 0x0, 0x44, 0xff, 0xf0, 0x0, 0x0,
    0x0, 0x0, 0x0, 0x0, 0x0, 0x0, 0x44, 0xff,
    0xf0, 0x0, 0x0, 0x0, 0x0, 0x0, 0x0, 0x0,
    0x0, 0x44, 0xff, 0xf1, 0x18, 0x18, 0x18, 0x18,
    0x18, 0x18, 0x18, 0x12, 0x44, 0xff, 0xff, 0xff,
    0xff, 0xff, 0xff, 0xff, 0xff, 0xff, 0xc4, 0x44,
    0xff, 0xff, 0xff, 0xff, 0xff, 0xff, 0xff, 0xff,
    0xff, 0xc4,

    /* U+0115 "ĕ" */
    0x0, 0x0, 0x0, 0x7b, 0xff, 0x74, 0x8, 0x7c,
    0xff, 0x6e, 0x0, 0x0, 0x0, 0x0, 0x0, 0x0,
    0x15, 0xde, 0xff, 0xff, 0xff, 0xda, 0x10, 0x0,
    0x0, 0x0, 0x0, 0x0, 0x0, 0x0, 0xd, 0x70,
    0x95, 0x6f, 0xb, 0x0, 0x0, 0x0, 0x0, 0x0,
    0x0, 0x0, 0x0, 0x0, 0x0, 0x0, 0x0, 0x0,
    0x0, 0x0, 0x0, 0x0, 0x0, 0x0, 0x0, 0x0,
    0x0, 0x0, 0x0, 0x0, 0x0, 0x0, 0x0, 0x0,
    0x0, 0x0, 0x0, 0x0, 0x36, 0xaa, 0xe7, 0xfa,
    0xe9, 0xb3, 0x49, 0x0, 0x0, 0x0, 0x0, 0x0,
    0x70, 0xfe, 0xff, 0xff, 0xff, 0xff, 0xff, 0xff,
    0x90, 0x0, 0x0, 0x0, 0x4c, 0xff, 0xfc, 0x80,
    0x1e, 0x4, 0x1d, 0x77, 0xf9, 0xff, 0x5e, 0x0,
    0x0, 0xd6, 0xff, 0x73, 0x0, 0x0, 0x0, 0x0,
    0x0, 0x6c, 0xff, 0xd4, 0x0, 0x26, 0xff, 0xff,
    0xd6, 0xd0, 0xd0, 0xd0, 0xd0, 0xd0, 0xd9, 0xff,
    0xff, 0x12, 0x49, 0xff, 0xff, 0xff, 0xff, 0xff,
    0xff, 0xff, 0xff, 0xff, 0xff, 0xff, 0x29, 0x4a,
    0xff, 0xf8, 0x1, 0x0, 0x0, 0x0, 0x0, 0x0,
    0x0, 0x0, 0x0, 0x0, 0x26, 0xff, 0xff, 0x36,
    0x0, 0x0, 0x0, 0x0, 0x0, 0x1, 0xa, 0x0,
    0x0, 0x0, 0xd5, 0xff, 0xbe, 0x4, 0x0, 0x0,
    0x0, 0x0, 0x73, 0xe8, 0x6d, 0x0, 0x0, 0x4b,
    0xfe, 0xff, 0xbd, 0x35, 0x3, 0x1a, 0x85, 0xfe,
    0xff, 0x82, 0x0, 0x0, 0x0, 0x6c, 0xfc, 0xff,
    0xff, 0xff, 0xff, 0xff, 0xff, 0x98, 0x4, 0x0,
    0x0, 0x0, 0x0, 0x30, 0xa3, 0xe4, 0xf9, 0xe4,
    0xb1, 0x46, 0x0, 0x0, 0x0,

    /* U+0116 "Ė" */
    0x0, 0x0, 0x0, 0x0, 0x4, 0x61, 0x39, 0x0,
    0x0, 0x0, 0x0, 0x0, 0x0, 0x0, 0x0, 0x5f,
    0xff, 0xf5, 0x2, 0x0, 0x0, 0x0, 0x0, 0x0,
    0x0, 0x0, 0x2c, 0xe7, 0xb1, 0x0, 0x0, 0x0,
    0x0, 0x0, 0x0, 0x0, 0x0, 0x0, 0x0, 0x0,
    0x0, 0x0, 0x0, 0x0, 0x0, 0x0, 0x0, 0x0,
    0x0, 0x0, 0x0, 0x0, 0x0, 0x0, 0x0, 0x44,
    0xff, 0xff, 0xff, 0xff, 0xff, 0xff, 0xff, 0xff,
    0xff, 0xc4, 0x44, 0xff, 0xff, 0xff, 0xff, 0xff,
    0xff, 0xff, 0xff, 0xff, 0xc4, 0x44, 0xff, 0xf1,
    0x18, 0x18, 0x18, 0x18, 0x18, 0x18, 0x18, 0x12,
    0x44, 0xff, 0xf0, 0x0, 0x0, 0x0, 0x0, 0x0,
    0x0, 0x0, 0x0, 0x44, 0xff, 0xf0, 0x0, 0x0,
    0x0, 0x0, 0x0, 0x0, 0x0, 0x0, 0x44, 0xff,
    0xf0, 0x0, 0x0, 0x0, 0x0, 0x0, 0x0, 0x0,
    0x0, 0x44, 0xff, 0xf0, 0x0, 0x0, 0x0, 0x0,
    0x0, 0x0, 0x0, 0x0, 0x44, 0xff, 0xf0, 0xc,
    0xc, 0xc, 0xc, 0xc, 0xc, 0xb, 0x0, 0x44,
    0xff, 0xff, 0xff, 0xff, 0xff, 0xff, 0xff, 0xff,
    0xfc, 0x0, 0x44, 0xff, 0xff, 0xff, 0xff, 0xff,
    0xff, 0xff, 0xff, 0xfc, 0x0, 0x44, 0xff, 0xf0,
    0x0, 0x0, 0x0, 0x0, 0x0, 0x0, 0x0, 0x0,
    0x44, 0xff, 0xf0, 0x0, 0x0, 0x0, 0x0, 0x0,
    0x0, 0x0, 0x0, 0x44, 0xff, 0xf0, 0x0, 0x0,
    0x0, 0x0, 0x0, 0x0, 0x0, 0x0, 0x44, 0xff,
    0xf0, 0x0, 0x0, 0x0, 0x0, 0x0, 0x0, 0x0,
    0x0, 0x44, 0xff, 0xf1, 0x18, 0x18, 0x18, 0x18,
    0x18, 0x18, 0x18, 0x12, 0x44, 0xff, 0xff, 0xff,
    0xff, 0xff, 0xff, 0xff, 0xff, 0xff, 0xc4, 0x44,
    0xff, 0xff, 0xff, 0xff, 0xff, 0xff, 0xff, 0xff,
    0xff, 0xc4,

    /* U+0117 "ė" */
    0x0, 0x0, 0x0, 0x0, 0x0, 0x73, 0xf4, 0x81,
    0x0, 0x0, 0x0, 0x0, 0x0, 0x0, 0x0, 0x0,
    0x0, 0x0, 0xc8, 0xff, 0xd5, 0x0, 0x0, 0x0,
    0x0, 0x0, 0x0, 0x0, 0x0, 0x0, 0x0, 0x37,
    0xa7, 0x43, 0x0, 0x0, 0x0, 0x0, 0x0, 0x0,
    0x0, 0x0, 0x0, 0x0, 0x0, 0x0, 0x0, 0x0,
    0x0, 0x0, 0x0, 0x0, 0x0, 0x0, 0x0, 0x0,
    0x0, 0x0, 0x0, 0x0, 0x0, 0x0, 0x0, 0x0,
    0x0, 0x0, 0x0, 0x0, 0x36, 0xaa, 0xe7, 0xfa,
    0xe9, 0xb3, 0x49, 0x0, 0x0, 0x0, 0x0, 0x0,
    0x70, 0xfe, 0xff, 0xff, 0xff, 0xff, 0xff, 0xff,
    0x90, 0x0, 0x0, 0x0, 0x4c, 0xff, 0xfc, 0x80,
    0x1e, 0x4, 0x1d, 0x77, 0xf9, 0xff, 0x5e, 0x0,
    0x0, 0xd6, 0xff, 0x73, 0x0, 0x0, 0x0, 0x0,
    0x0, 0x6c, 0xff, 0xd4, 0x0, 0x26, 0xff, 0xff,
    0xd6, 0xd0, 0xd0, 0xd0, 0xd0, 0xd0, 0xd9, 0xff,
    0xff, 0x12, 0x49, 0xff, 0xff, 0xff, 0xff, 0xff,
    0xff, 0xff, 0xff, 0xff, 0xff, 0xff, 0x29, 0x4a,
    0xff, 0xf8, 0x1, 0x0, 0x0, 0x0, 0x0, 0x0,
    0x0, 0x0, 0x0, 0x0, 0x26, 0xff, 0xff, 0x36,
    0x0, 0x0, 0x0, 0x0, 0x0, 0x1, 0xa, 0x0,
    0x0, 0x0, 0xd5, 0xff, 0xbe, 0x4, 0x0, 0x0,
    0x0, 0x0, 0x73, 0xe8, 0x6d, 0x0, 0x0, 0x4b,
    0xfe, 0xff, 0xbd, 0x35, 0x3, 0x1a, 0x85, 0xfe,
    0xff, 0x82, 0x0, 0x0, 0x0, 0x6c, 0xfc, 0xff,
    0xff, 0xff, 0xff, 0xff, 0xff, 0x98, 0x4, 0x0,
    0x0, 0x0, 0x0, 0x30, 0xa3, 0xe4, 0xf9, 0xe4,
    0xb1, 0x46, 0x0, 0x0, 0x0,

    /* U+0118 "Ę" */
    0x44, 0xff, 0xff, 0xff, 0xff, 0xff, 0xff, 0xff,
    0xff, 0xff, 0xc4, 0x0, 0x44, 0xff, 0xff, 0xff,
    0xff, 0xff, 0xff, 0xff, 0xff, 0xff, 0xc4, 0x0,
    0x44, 0xff, 0xf1, 0x18, 0x18, 0x18, 0x18, 0x18,
    0x18, 0x18, 0x12, 0x0, 0x44, 0xff, 0xf0, 0x0,
    0x0, 0x0, 0x0, 0x0, 0x0, 0x0, 0x0, 0x0,
    0x44, 0xff, 0xf0, 0x0, 0x0, 0x0, 0x0, 0x0,
    0x0, 0x0, 0x0, 0x0, 0x44, 0xff, 0xf0, 0x0,
    0x0, 0x0, 0x0, 0x0, 0x0, 0x0, 0x0, 0x0,
    0x44, 0xff, 0xf0, 0x0, 0x0, 0x0, 0x0, 0x0,
    0x0, 0x0, 0x0, 0x0, 0x44, 0xff, 0xff, 0xff,
    0xff, 0xff, 0xff, 0xff, 0xff, 0xfc, 0x0, 0x0,
    0x44, 0xff, 0xff, 0xff, 0xff, 0xff, 0xff, 0xff,
    0xff, 0xfc, 0x0, 0x0, 0x44, 0xff, 0xf0, 0xc,
    0xc, 0xc, 0xc, 0xc, 0xc, 0xb, 0x0, 0x0,
    0x44, 0xff, 0xf0, 0x0, 0x0, 0x0, 0x0, 0x0,
    0x0, 0x0, 0x0, 0x0, 0x44, 0xff, 0xf0, 0x0,
    0x0, 0x0, 0x0, 0x0, 0x0, 0x0, 0x0, 0x0,
    0x44, 0xff, 0xf0, 0x0, 0x0, 0x0, 0x0, 0x0,
    0x0, 0x0, 0x0, 0x0, 0x44, 0xff, 0xf0, 0x0,
    0x0, 0x0, 0x0, 0x0, 0x0, 0x0, 0x0, 0x0,
    0x44, 0xff, 0xf1, 0x18, 0x18, 0x18, 0x18, 0x18,
    0x18, 0x18, 0x12, 0x0, 0x44, 0xff, 0xff, 0xff,
    0xff, 0xff, 0xff, 0xff, 0xff, 0xff, 0xc4, 0x0,
    0x44, 0xff, 0xff, 0xff, 0xff, 0xff, 0xff, 0xff,
    0xff, 0xff, 0xc4, 0x0, 0x0, 0x0, 0x0, 0x0,
    0x0, 0x0, 0x0, 0x20, 0xdf, 0xe7, 0x39, 0x0,
    0x0, 0x0, 0x0, 0x0, 0x0, 0x0, 0x0, 0xb4,
    0xff, 0x39, 0x0, 0x0, 0x0, 0x0, 0x0, 0x0,
    0x0, 0x0, 0x0, 0xe5, 0xff, 0x27, 0x0, 0x0,
    0x0, 0x0, 0x0, 0x0, 0x0, 0x0, 0x0, 0xaa,
    0xff, 0xef, 0xcb, 0x6, 0x0, 0x0, 0x0, 0x0,
    0x0, 0x0, 0x0, 0x14, 0xa6, 0xee, 0xf0, 0x3b,

    /* U+0119 "ę" */
    0x0, 0x0, 0x0, 0x36, 0xaa, 0xe7, 0xfa, 0xe9,
    0xb3, 0x49, 0x0, 0x0, 0x0, 0x0, 0x0, 0x70,
    0xfe, 0xff, 0xff, 0xff, 0xff, 0xff, 0xff, 0x90,
    0x0, 0x0, 0x0, 0x4c, 0xff, 0xfc, 0x80, 0x1e,
    0x4, 0x1d, 0x77, 0xf9, 0xff, 0x5e, 0x0, 0x0,
    0xd6, 0xff, 0x73, 0x0, 0x0, 0x0, 0x0, 0x0,
    0x6c, 0xff, 0xd4, 0x0, 0x26, 0xff, 0xff, 0xd6,
    0xd0, 0xd0, 0xd0, 0xd0, 0xd0, 0xd9, 0xff, 0xff,
    0x12, 0x49, 0xff, 0xff, 0xff, 0xff, 0xff, 0xff,
    0xff, 0xff, 0xff, 0xff, 0xff, 0x29, 0x4a, 0xff,
    0xf8, 0x1, 0x0, 0x0, 0x0, 0x0, 0x0, 0x0,
    0x0, 0x0, 0x0, 0x26, 0xff, 0xff, 0x36, 0x0,
    0x0, 0x0, 0x0, 0x0, 0x1, 0xa, 0x0, 0x0,
    0x0, 0xd5, 0xff, 0xbe, 0x4, 0x0, 0x0, 0x0,
    0x0, 0x73, 0xe8, 0x6d, 0x0, 0x0, 0x4b, 0xfe,
    0xff, 0xbd, 0x35, 0x3, 0x1a, 0x85, 0xfe, 0xff,
    0x85, 0x0, 0x0, 0x0, 0x6b, 0xfc, 0xff, 0xff,
    0xff, 0xff, 0xff, 0xff, 0x9c, 0x4, 0x0, 0x0,
    0x0, 0x0, 0x2d, 0x9d, 0xde, 0xf8, 0xff, 0xff,
    0x7c, 0x0, 0x0, 0x0, 0x0, 0x0, 0x0, 0x0,
    0x0, 0x0, 0xa2, 0xff, 0x72, 0x0, 0x0, 0x0,
    0x0, 0x0, 0x0, 0x0, 0x0, 0x0, 0x3e, 0xff,
    0xbc, 0x0, 0x0, 0x0, 0x0, 0x0, 0x0, 0x0,
    0x0, 0x0, 0x0, 0x5b, 0xff, 0xb5, 0x0, 0x0,
    0x0, 0x0, 0x0, 0x0, 0x0, 0x0, 0x0, 0x0,
    0x1e, 0xf6, 0xff, 0xdc, 0x6d, 0x0, 0x0, 0x0,
    0x0, 0x0, 0x0, 0x0, 0x0, 0x0, 0x46, 0xd0,
    0xf7, 0xb3, 0x0, 0x0, 0x0,

    /* U+011A "Ě" */
    0x0, 0x0, 0x3d, 0x80, 0x54, 0x0, 0x15, 0x7f,
    0x7c, 0x9, 0x0, 0x0, 0x0, 0xb, 0xd1, 0xfd,
    0x53, 0xc3, 0xff, 0x69, 0x0, 0x0, 0x0, 0x0,
    0x0, 0x20, 0xea, 0xff, 0xff, 0x8e, 0x0, 0x0,
    0x0, 0x0, 0x0, 0x0, 0x0, 0x36, 0x80, 0x72,
    0x2, 0x0, 0x0, 0x0, 0x0, 0x0, 0x0, 0x0,
    0x0, 0x0, 0x0, 0x0, 0x0, 0x0, 0x0, 0x44,
    0xff, 0xff, 0xff, 0xff, 0xff, 0xff, 0xff, 0xff,
    0xff, 0xc4, 0x44, 0xff, 0xff, 0xff, 0xff, 0xff,
    0xff, 0xff, 0xff, 0xff, 0xc4, 0x44, 0xff, 0xf1,
    0x18, 0x18, 0x18, 0x18, 0x18, 0x18, 0x18, 0x12,
    0x44, 0xff, 0xf0, 0x0, 0x0, 0x0, 0x0, 0x0,
    0x0, 0x0, 0x0, 0x44, 0xff, 0xf0, 0x0, 0x0,
    0x0, 0x0, 0x0, 0x0, 0x0, 0x0, 0x44, 0xff,
    0xf0, 0x0, 0x0, 0x0, 0x0, 0x0, 0x0, 0x0,
    0x0, 0x44, 0xff, 0xf0, 0x0, 0x0, 0x0, 0x0,
    0x0, 0x0, 0x0, 0x0, 0x44, 0xff, 0xf0, 0xc,
    0xc, 0xc, 0xc, 0xc, 0xc, 0xb, 0x0, 0x44,
    0xff, 0xff, 0xff, 0xff, 0xff, 0xff, 0xff, 0xff,
    0xfc, 0x0, 0x44, 0xff, 0xff, 0xff, 0xff, 0xff,
    0xff, 0xff, 0xff, 0xfc, 0x0, 0x44, 0xff, 0xf0,
    0x0, 0x0, 0x0, 0x0, 0x0, 0x0, 0x0, 0x0,
    0x44, 0xff, 0xf0, 0x0, 0x0, 0x0, 0x0, 0x0,
    0x0, 0x0, 0x0, 0x44, 0xff, 0xf0, 0x0, 0x0,
    0x0, 0x0, 0x0, 0x0, 0x0, 0x0, 0x44, 0xff,
    0xf0, 0x0, 0x0, 0x0, 0x0, 0x0, 0x0, 0x0,
    0x0, 0x44, 0xff, 0xf1, 0x18, 0x18, 0x18, 0x18,
    0x18, 0x18, 0x18, 0x12, 0x44, 0xff, 0xff, 0xff,
    0xff, 0xff, 0xff, 0xff, 0xff, 0xff, 0xc4, 0x44,
    0xff, 0xff, 0xff, 0xff, 0xff, 0xff, 0xff, 0xff,
    0xff, 0xc4,

    /* U+011B "ě" */
    0x0, 0x0, 0x0, 0x91, 0xff, 0x93, 0x2, 0xb1,
    0xff, 0x83, 0x0, 0x0, 0x0, 0x0, 0x0, 0x0,
    0x2, 0xb1, 0xff, 0xce, 0xff, 0x9d, 0x0, 0x0,
    0x0, 0x0, 0x0, 0x0, 0x0, 0x0, 0xb, 0xbb,
    0xdc, 0xa7, 0x3, 0x0, 0x0, 0x0, 0x0, 0x0,
    0x0, 0x0, 0x0, 0x0, 0x0, 0x0, 0x0, 0x0,
    0x0, 0x0, 0x0, 0x0, 0x0, 0x0, 0x0, 0x0,
    0x0, 0x0, 0x0, 0x0, 0x0, 0x0, 0x0, 0x0,
    0x0, 0x0, 0x0, 0x0, 0x36, 0xaa, 0xe7, 0xfa,
    0xe9, 0xb3, 0x49, 0x0, 0x0, 0x0, 0x0, 0x0,
    0x70, 0xfe, 0xff, 0xff, 0xff, 0xff, 0xff, 0xff,
    0x90, 0x0, 0x0, 0x0, 0x4c, 0xff, 0xfc, 0x80,
    0x1e, 0x4, 0x1d, 0x77, 0xf9, 0xff, 0x5e, 0x0,
    0x0, 0xd6, 0xff, 0x73, 0x0, 0x0, 0x0, 0x0,
    0x0, 0x6c, 0xff, 0xd4, 0x0, 0x26, 0xff, 0xff,
    0xd6, 0xd0, 0xd0, 0xd0, 0xd0, 0xd0, 0xd9, 0xff,
    0xff, 0x12, 0x49, 0xff, 0xff, 0xff, 0xff, 0xff,
    0xff, 0xff, 0xff, 0xff, 0xff, 0xff, 0x29, 0x4a,
    0xff, 0xf8, 0x1, 0x0, 0x0, 0x0, 0x0, 0x0,
    0x0, 0x0, 0x0, 0x0, 0x26, 0xff, 0xff, 0x36,
    0x0, 0x0, 0x0, 0x0, 0x0, 0x1, 0xa, 0x0,
    0x0, 0x0, 0xd5, 0xff, 0xbe, 0x4, 0x0, 0x0,
    0x0, 0x0, 0x73, 0xe8, 0x6d, 0x0, 0x0, 0x4b,
    0xfe, 0xff, 0xbd, 0x35, 0x3, 0x1a, 0x85, 0xfe,
    0xff, 0x82, 0x0, 0x0, 0x0, 0x6c, 0xfc, 0xff,
    0xff, 0xff, 0xff, 0xff, 0xff, 0x98, 0x4, 0x0,
    0x0, 0x0, 0x0, 0x30, 0xa3, 0xe4, 0xf9, 0xe4,
    0xb1, 0x46, 0x0, 0x0, 0x0,

    /* U+011C "Ĝ" */
    0x0, 0x0, 0x0, 0x0, 0x0, 0x0, 0x0, 0x0,
    0x92, 0xff, 0xf8, 0x38, 0x0, 0x0, 0x0, 0x0,
    0x0, 0x0, 0x0, 0x0, 0x0, 0x0, 0x0, 0x0,
    0x0, 0x0, 0x6c, 0xff, 0xc8, 0xf2, 0xe7, 0x1c,
    0x0, 0x0, 0x0, 0x0, 0x0, 0x0, 0x0, 0x0,
    0x0, 0x0, 0x0, 0x0, 0x48, 0xfc, 0xdb, 0x11,
    0x4e, 0xfe, 0xcc, 0x9, 0x0, 0x0, 0x0, 0x0,
    0x0, 0x0, 0x0, 0x0, 0x0, 0x0, 0x0, 0x0,
    0x0, 0x0, 0x0, 0x0, 0x0, 0x0, 0x0, 0x0,
    0x0, 0x0, 0x0, 0x0, 0x0, 0x0, 0x0, 0x0,
    0x0, 0x0, 0x0, 0x0, 0x0, 0x0, 0x0, 0x0,
    0x0, 0x0, 0x0, 0x0, 0x0, 0x0, 0x0, 0x0,
    0x0, 0x0, 0x0, 0x0, 0xa, 0x68, 0xb3, 0xe2,
    0xf7, 0xf0, 0xd6, 0x98, 0x44, 0x0, 0x0, 0x0,
    0x0, 0x0, 0x0, 0x0, 0x0, 0x0, 0x57, 0xe8,
    0xff, 0xff, 0xff, 0xff, 0xff, 0xff, 0xff, 0xff,
    0xc5, 0x23, 0x0, 0x0, 0x0, 0x0, 0x0, 0x0,
    0x84, 0xff, 0xff, 0xdf, 0x76, 0x35, 0x1b, 0x25,
    0x4c, 0x9e, 0xfa, 0xff, 0xda, 0x5, 0x0, 0x0,
    0x0, 0x0, 0x6b, 0xff, 0xff, 0x8d, 0x5, 0x0,
    0x0, 0x0, 0x0, 0x0, 0x0, 0x28, 0xc5, 0x2e,
    0x0, 0x0, 0x0, 0x0, 0x1c, 0xf6, 0xff, 0x8b,
    0x0, 0x0, 0x0, 0x0, 0x0, 0x0, 0x0, 0x0,
    0x0, 0x0, 0x0, 0x0, 0x0, 0x0, 0x0, 0x8d,
    0xff, 0xdb, 0x5, 0x0, 0x0, 0x0, 0x0, 0x0,
    0x0, 0x0, 0x0, 0x0, 0x0, 0x0, 0x0, 0x0,
    0x0, 0x0, 0xdb, 0xff, 0x76, 0x0, 0x0, 0x0,
    0x0, 0x0, 0x0, 0x0, 0x0, 0x0, 0x0, 0x0,
    0x0, 0x0, 0x0, 0x0, 0x5, 0xfe, 0xff, 0x3b,
    0x0, 0x0, 0x0, 0x0, 0x0, 0x1, 0x8, 0x8,
    0x8, 0x8, 0x8, 0x8, 0x8, 0x8, 0x1, 0x16,
    0xff, 0xff, 0x29, 0x0, 0x0, 0x0, 0x0, 0x0,
    0x30, 0xff, 0xff, 0xff, 0xff, 0xff, 0xff, 0xff,
    0xff, 0x31, 0x5, 0xfe, 0xff, 0x3b, 0x0, 0x0,
    0x0, 0x0, 0x0, 0x30, 0xff, 0xff, 0xff, 0xff,
    0xff, 0xff, 0xff, 0xff, 0x3c, 0x0, 0xdc, 0xff,
    0x75, 0x0, 0x0, 0x0, 0x0, 0x0, 0x0, 0x0,
    0x0, 0x0, 0x0, 0x0, 0xc, 0xfd, 0xff, 0x26,
    0x0, 0x8d, 0xff, 0xdb, 0x5, 0x0, 0x0, 0x0,
    0x0, 0x0, 0x0, 0x0, 0x0, 0x0, 0x0, 0x55,
    0xff, 0xec, 0x2, 0x0, 0x1c, 0xf6, 0xff, 0x8a,
    0x0, 0x0, 0x0, 0x0, 0x0, 0x0, 0x0, 0x0,
    0x0, 0x9, 0xd6, 0xff, 0x94, 0x0, 0x0, 0x0,
    0x6c, 0xff, 0xff, 0x8d, 0x5, 0x0, 0x0, 0x0,
    0x0, 0x0, 0x0, 0x15, 0xbe, 0xff, 0xeb, 0x18,
    0x0, 0x0, 0x0, 0x0, 0x84, 0xff, 0xff, 0xdf,
    0x75, 0x35, 0x1b, 0x1f, 0x42, 0x8a, 0xee, 0xff,
    0xf1, 0x3a, 0x0, 0x0, 0x0, 0x0, 0x0, 0x0,
    0x58, 0xe8, 0xff, 0xff, 0xff, 0xff, 0xff, 0xff,
    0xff, 0xff, 0xce, 0x28, 0x0, 0x0, 0x0, 0x0,
    0x0, 0x0, 0x0, 0x0, 0xa, 0x69, 0xb4, 0xe3,
    0xf8, 0xf2, 0xdb, 0xa1, 0x4f, 0x1, 0x0, 0x0,
    0x0, 0x0,

    /* U+011D "ĝ" */
    0x0, 0x0, 0x0, 0x0, 0x7, 0xc1, 0xff, 0xe4,
    0x1b, 0x0, 0x0, 0x0, 0x0, 0x0, 0x0, 0x0,
    0x1, 0xa8, 0xff, 0xb1, 0xfc, 0xcf, 0xc, 0x0,
    0x0, 0x0, 0x0, 0x0, 0x0, 0x74, 0xe8, 0xa3,
    0x1, 0x6b, 0xe8, 0x9b, 0x0, 0x0, 0x0, 0x0,
    0x0, 0x0, 0x0, 0x0, 0x0, 0x0, 0x0, 0x0,
    0x0, 0x0, 0x0, 0x0, 0x0, 0x0, 0x0, 0x0,
    0x0, 0x0, 0x0, 0x0, 0x0, 0x0, 0x0, 0x0,
    0x0, 0x0, 0x0, 0x0, 0x36, 0xae, 0xeb, 0xf7,
    0xd4, 0x78, 0x6, 0xa0, 0xff, 0x7c, 0x0, 0x0,
    0x6a, 0xfd, 0xff, 0xff, 0xff, 0xff, 0xff, 0xc8,
    0xab, 0xff, 0x7c, 0x0, 0x46, 0xfe, 0xff, 0xae,
    0x2c, 0x3, 0x1b, 0x83, 0xfd, 0xff, 0xff, 0x7c,
    0x0, 0xd1, 0xff, 0xab, 0x1, 0x0, 0x0, 0x0,
    0x0, 0x6f, 0xff, 0xff, 0x7c, 0x24, 0xff, 0xff,
    0x23, 0x0, 0x0, 0x0, 0x0, 0x0, 0x2, 0xe2,
    0xff, 0x7c, 0x49, 0xff, 0xea, 0x0, 0x0, 0x0,
    0x0, 0x0, 0x0, 0x0, 0xab, 0xff, 0x7c, 0x4a,
    0xff, 0xea, 0x0, 0x0, 0x0, 0x0, 0x0, 0x0,
    0x0, 0xab, 0xff, 0x7c, 0x24, 0xff, 0xff, 0x22,
    0x0, 0x0, 0x0, 0x0, 0x0, 0x2, 0xe0, 0xff,
    0x7c, 0x0, 0xd2, 0xff, 0xaa, 0x0, 0x0, 0x0,
    0x0, 0x0, 0x6b, 0xff, 0xff, 0x7c, 0x0, 0x48,
    0xfe, 0xff, 0xad, 0x2c, 0x2, 0x19, 0x80, 0xfd,
    0xff, 0xff, 0x7c, 0x0, 0x0, 0x6e, 0xfe, 0xff,
    0xff, 0xff, 0xff, 0xff, 0xc8, 0xab, 0xff, 0x7c,
    0x0, 0x0, 0x0, 0x38, 0xaf, 0xed, 0xf7, 0xd4,
    0x78, 0x6, 0xa8, 0xff, 0x72, 0x0, 0x0, 0x1,
    0x8, 0x0, 0x0, 0x0, 0x0, 0x0, 0x0, 0xd5,
    0xff, 0x55, 0x0, 0x63, 0xdb, 0x9e, 0x0, 0x0,
    0x0, 0x0, 0x0, 0x4d, 0xff, 0xf9, 0x15, 0x0,
    0x61, 0xff, 0xff, 0x9f, 0x28, 0x3, 0x16, 0x6d,
    0xf4, 0xff, 0x90, 0x0, 0x0, 0x1, 0x89, 0xff,
    0xff, 0xff, 0xff, 0xff, 0xff, 0xff, 0xb1, 0x6,
    0x0, 0x0, 0x0, 0x0, 0x3d, 0xaa, 0xde, 0xf9,
    0xed, 0xba, 0x58, 0x1, 0x0, 0x0,

    /* U+011E "Ğ" */
    0x0, 0x0, 0x0, 0x0, 0x0, 0x0, 0x24, 0x80,
    0x3e, 0x0, 0x0, 0x7c, 0x61, 0x0, 0x0, 0x0,
    0x0, 0x0, 0x0, 0x0, 0x0, 0x0, 0x0, 0x0,
    0x0, 0x1f, 0xfe, 0xc9, 0x14, 0x5b, 0xff, 0x99,
    0x0, 0x0, 0x0, 0x0, 0x0, 0x0, 0x0, 0x0,
    0x0, 0x0, 0x0, 0x0, 0x0, 0x86, 0xff, 0xff,
    0xff, 0xe7, 0x1b, 0x0, 0x0, 0x0, 0x0, 0x0,
    0x0, 0x0, 0x0, 0x0, 0x0, 0x0, 0x0, 0x0,
    0x0, 0x4d, 0x94, 0x7d, 0x15, 0x0, 0x0, 0x0,
    0x0, 0x0, 0x0, 0x0, 0x0, 0x0, 0x0, 0x0,
    0x0, 0x0, 0x0, 0x0, 0x0, 0x0, 0x0, 0x0,
    0x0, 0x0, 0x0, 0x0, 0x0, 0x0, 0x0, 0x0,
    0x0, 0x0, 0x0, 0x0, 0xa, 0x68, 0xb3, 0xe2,
    0xf7, 0xf0, 0xd6, 0x98, 0x44, 0x0, 0x0, 0x0,
    0x0, 0x0, 0x0, 0x0, 0x0, 0x0, 0x57, 0xe8,
    0xff, 0xff, 0xff, 0xff, 0xff, 0xff, 0xff, 0xff,
    0xc5, 0x23, 0x0, 0x0, 0x0, 0x0, 0x0, 0x0,
    0x84, 0xff, 0xff, 0xdf, 0x76, 0x35, 0x1b, 0x25,
    0x4c, 0x9e, 0xfa, 0xff, 0xda, 0x5, 0x0, 0x0,
    0x0, 0x0, 0x6b, 0xff, 0xff, 0x8d, 0x5, 0x0,
    0x0, 0x0, 0x0, 0x0, 0x0, 0x28, 0xc5, 0x2e,
    0x0, 0x0, 0x0, 0x0, 0x1c, 0xf6, 0xff, 0x8b,
    0x0, 0x0, 0x0, 0x0, 0x0, 0x0, 0x0, 0x0,
    0x0, 0x0, 0x0, 0x0, 0x0, 0x0, 0x0, 0x8d,
    0xff, 0xdb, 0x5, 0x0, 0x0, 0x0, 0x0, 0x0,
    0x0, 0x0, 0x0, 0x0, 0x0, 0x0, 0x0, 0x0,
    0x0, 0x0, 0xdb, 0xff, 0x76, 0x0, 0x0, 0x0,
    0x0, 0x0, 0x0, 0x0, 0x0, 0x0, 0x0, 0x0,
    0x0, 0x0, 0x0, 0x0, 0x5, 0xfe, 0xff, 0x3b,
    0x0, 0x0, 0x0, 0x0, 0x0, 0x1, 0x8, 0x8,
    0x8, 0x8, 0x8, 0x8, 0x8, 0x8, 0x1, 0x16,
    0xff, 0xff, 0x29, 0x0, 0x0, 0x0, 0x0, 0x0,
    0x30, 0xff, 0xff, 0xff, 0xff, 0xff, 0xff, 0xff,
    0xff, 0x31, 0x5, 0xfe, 0xff, 0x3b, 0x0, 0x0,
    0x0, 0x0, 0x0, 0x30, 0xff, 0xff, 0xff, 0xff,
    0xff, 0xff, 0xff, 0xff, 0x3c, 0x0, 0xdc, 0xff,
    0x75, 0x0, 0x0, 0x0, 0x0, 0x0, 0x0, 0x0,
    0x0, 0x0, 0x0, 0x0, 0xc, 0xfd, 0xff, 0x26,
    0x0, 0x8d, 0xff, 0xdb, 0x5, 0x0, 0x0, 0x0,
    0x0, 0x0, 0x0, 0x0, 0x0, 0x0, 0x0, 0x55,
    0xff, 0xec, 0x2, 0x0, 0x1c, 0xf6, 0xff, 0x8a,
    0x0, 0x0, 0x0, 0x0, 0x0, 0x0, 0x0, 0x0,
    0x0, 0x9, 0xd6, 0xff, 0x94, 0x0, 0x0, 0x0,
    0x6c, 0xff, 0xff, 0x8d, 0x5, 0x0, 0x0, 0x0,
    0x0, 0x0, 0x0, 0x15, 0xbe, 0xff, 0xeb, 0x18,
    0x0, 0x0, 0x0, 0x0, 0x84, 0xff, 0xff, 0xdf,
    0x75, 0x35, 0x1b, 0x1f, 0x42, 0x8a, 0xee, 0xff,
    0xf1, 0x3a, 0x0, 0x0, 0x0, 0x0, 0x0, 0x0,
    0x58, 0xe8, 0xff, 0xff, 0xff, 0xff, 0xff, 0xff,
    0xff, 0xff, 0xce, 0x28, 0x0, 0x0, 0x0, 0x0,
    0x0, 0x0, 0x0, 0x0, 0xa, 0x69, 0xb4, 0xe3,
    0xf8, 0xf2, 0xdb, 0xa1, 0x4f, 0x1, 0x0, 0x0,
    0x0, 0x0,

    /* U+011F "ğ" */
    0x0, 0x0, 0x0, 0xb, 0xfb, 0xd5, 0x18, 0x23,
    0xe8, 0xe6, 0x0, 0x0, 0x0, 0x0, 0x0, 0x0,
    0x0, 0x80, 0xff, 0xff, 0xff, 0xfe, 0x61, 0x0,
    0x0, 0x0, 0x0, 0x0, 0x0, 0x0, 0x0, 0x42,
    0x8c, 0x89, 0x35, 0x0, 0x0, 0x0, 0x0, 0x0,
    0x0, 0x0, 0x0, 0x0, 0x0, 0x0, 0x0, 0x0,
    0x0, 0x0, 0x0, 0x0, 0x0, 0x0, 0x0, 0x0,
    0x0, 0x0, 0x0, 0x0, 0x0, 0x0, 0x0, 0x0,
    0x0, 0x0, 0x0, 0x0, 0x36, 0xae, 0xeb, 0xf7,
    0xd4, 0x78, 0x6, 0xa0, 0xff, 0x7c, 0x0, 0x0,
    0x6a, 0xfd, 0xff, 0xff, 0xff, 0xff, 0xff, 0xc8,
    0xab, 0xff, 0x7c, 0x0, 0x46, 0xfe, 0xff, 0xae,
    0x2c, 0x3, 0x1b, 0x83, 0xfd, 0xff, 0xff, 0x7c,
    0x0, 0xd1, 0xff, 0xab, 0x1, 0x0, 0x0, 0x0,
    0x0, 0x6f, 0xff, 0xff, 0x7c, 0x24, 0xff, 0xff,
    0x23, 0x0, 0x0, 0x0, 0x0, 0x0, 0x2, 0xe2,
    0xff, 0x7c, 0x49, 0xff, 0xea, 0x0, 0x0, 0x0,
    0x0, 0x0, 0x0, 0x0, 0xab, 0xff, 0x7c, 0x4a,
    0xff, 0xea, 0x0, 0x0, 0x0, 0x0, 0x0, 0x0,
    0x0, 0xab, 0xff, 0x7c, 0x24, 0xff, 0xff, 0x22,
    0x0, 0x0, 0x0, 0x0, 0x0, 0x2, 0xe0, 0xff,
    0x7c, 0x0, 0xd2, 0xff, 0xaa, 0x0, 0x0, 0x0,
    0x0, 0x0, 0x6b, 0xff, 0xff, 0x7c, 0x0, 0x48,
    0xfe, 0xff, 0xad, 0x2c, 0x2, 0x19, 0x80, 0xfd,
    0xff, 0xff, 0x7c, 0x0, 0x0, 0x6e, 0xfe, 0xff,
    0xff, 0xff, 0xff, 0xff, 0xc8, 0xab, 0xff, 0x7c,
    0x0, 0x0, 0x0, 0x38, 0xaf, 0xed, 0xf7, 0xd4,
    0x78, 0x6, 0xa8, 0xff, 0x72, 0x0, 0x0, 0x1,
    0x8, 0x0, 0x0, 0x0, 0x0, 0x0, 0x0, 0xd5,
    0xff, 0x55, 0x0, 0x63, 0xdb, 0x9e, 0x0, 0x0,
    0x0, 0x0, 0x0, 0x4d, 0xff, 0xf9, 0x15, 0x0,
    0x61, 0xff, 0xff, 0x9f, 0x28, 0x3, 0x16, 0x6d,
    0xf4, 0xff, 0x90, 0x0, 0x0, 0x1, 0x89, 0xff,
    0xff, 0xff, 0xff, 0xff, 0xff, 0xff, 0xb1, 0x6,
    0x0, 0x0, 0x0, 0x0, 0x3d, 0xaa, 0xde, 0xf9,
    0xed, 0xba, 0x58, 0x1, 0x0, 0x0,

    /* U+0120 "Ġ" */
    0x0, 0x0, 0x0, 0x0, 0x0, 0x0, 0x0, 0x0,
    0x6a, 0xf4, 0x71, 0x0, 0x0, 0x0, 0x0, 0x0,
    0x0, 0x0, 0x0, 0x0, 0x0, 0x0, 0x0, 0x0,
    0x0, 0x0, 0x0, 0xa8, 0xff, 0xaa, 0x0, 0x0,
    0x0, 0x0, 0x0, 0x0, 0x0, 0x0, 0x0, 0x0,
    0x0, 0x0, 0x0, 0x0, 0x0, 0x0, 0x14, 0x6b,
    0x19, 0x0, 0x0, 0x0, 0x0, 0x0, 0x0, 0x0,
    0x0, 0x0, 0x0, 0x0, 0x0, 0x0, 0x0, 0x0,
    0x0, 0x0, 0x0, 0x0, 0x0, 0x0, 0x0, 0x0,
    0x0, 0x0, 0x0, 0x0, 0x0, 0x0, 0x0, 0x0,
    0x0, 0x0, 0x0, 0x0, 0x0, 0x0, 0x0, 0x0,
    0x0, 0x0, 0x0, 0x0, 0x0, 0x0, 0x0, 0x0,
    0x0, 0x0, 0x0, 0x0, 0xa, 0x68, 0xb3, 0xe2,
    0xf7, 0xf0, 0xd6, 0x98, 0x44, 0x0, 0x0, 0x0,
    0x0, 0x0, 0x0, 0x0, 0x0, 0x0, 0x57, 0xe8,
    0xff, 0xff, 0xff, 0xff, 0xff, 0xff, 0xff, 0xff,
    0xc5, 0x23, 0x0, 0x0, 0x0, 0x0, 0x0, 0x0,
    0x84, 0xff, 0xff, 0xdf, 0x76, 0x35, 0x1b, 0x25,
    0x4c, 0x9e, 0xfa, 0xff, 0xda, 0x5, 0x0, 0x0,
    0x0, 0x0, 0x6b, 0xff, 0xff, 0x8d, 0x5, 0x0,
    0x0, 0x0, 0x0, 0x0, 0x0, 0x28, 0xc5, 0x2e,
    0x0, 0x0, 0x0, 0x0, 0x1c, 0xf6, 0xff, 0x8b,
    0x0, 0x0, 0x0, 0x0, 0x0, 0x0, 0x0, 0x0,
    0x0, 0x0, 0x0, 0x0, 0x0, 0x0, 0x0, 0x8d,
    0xff, 0xdb, 0x5, 0x0, 0x0, 0x0, 0x0, 0x0,
    0x0, 0x0, 0x0, 0x0, 0x0, 0x0, 0x0, 0x0,
    0x0, 0x0, 0xdb, 0xff, 0x76, 0x0, 0x0, 0x0,
    0x0, 0x0, 0x0, 0x0, 0x0, 0x0, 0x0, 0x0,
    0x0, 0x0, 0x0, 0x0, 0x5, 0xfe, 0xff, 0x3b,
    0x0, 0x0, 0x0, 0x0, 0x0, 0x1, 0x8, 0x8,
    0x8, 0x8, 0x8, 0x8, 0x8, 0x8, 0x1, 0x16,
    0xff, 0xff, 0x29, 0x0, 0x0, 0x0, 0x0, 0x0,
    0x30, 0xff, 0xff, 0xff, 0xff, 0xff, 0xff, 0xff,
    0xff, 0x31, 0x5, 0xfe, 0xff, 0x3b, 0x0, 0x0,
    0x0, 0x0, 0x0, 0x30, 0xff, 0xff, 0xff, 0xff,
    0xff, 0xff, 0xff, 0xff, 0x3c, 0x0, 0xdc, 0xff,
    0x75, 0x0, 0x0, 0x0, 0x0, 0x0, 0x0, 0x0,
    0x0, 0x0, 0x0, 0x0, 0xc, 0xfd, 0xff, 0x26,
    0x0, 0x8d, 0xff, 0xdb, 0x5, 0x0, 0x0, 0x0,
    0x0, 0x0, 0x0, 0x0, 0x0, 0x0, 0x0, 0x55,
    0xff, 0xec, 0x2, 0x0, 0x1c, 0xf6, 0xff, 0x8a,
    0x0, 0x0, 0x0, 0x0, 0x0, 0x0, 0x0, 0x0,
    0x0, 0x9, 0xd6, 0xff, 0x94, 0x0, 0x0, 0x0,
    0x6c, 0xff, 0xff, 0x8d, 0x5, 0x0, 0x0, 0x0,
    0x0, 0x0, 0x0, 0x15, 0xbe, 0xff, 0xeb, 0x18,
    0x0, 0x0, 0x0, 0x0, 0x84, 0xff, 0xff, 0xdf,
    0x75, 0x35, 0x1b, 0x1f, 0x42, 0x8a, 0xee, 0xff,
    0xf1, 0x3a, 0x0, 0x0, 0x0, 0x0, 0x0, 0x0,
    0x58, 0xe8, 0xff, 0xff, 0xff, 0xff, 0xff, 0xff,
    0xff, 0xff, 0xce, 0x28, 0x0, 0x0, 0x0, 0x0,
    0x0, 0x0, 0x0, 0x0, 0xa, 0x69, 0xb4, 0xe3,
    0xf8, 0xf2, 0xdb, 0xa1, 0x4f, 0x1, 0x0, 0x0,
    0x0, 0x0,

    /* U+0121 "ġ" */
    0x0, 0x0, 0x0, 0x0, 0x0, 0x36, 0xe9, 0xc2,
    0x6, 0x0, 0x0, 0x0, 0x0, 0x0, 0x0, 0x0,
    0x0, 0x0, 0x7c, 0xff, 0xff, 0x21, 0x0, 0x0,
    0x0, 0x0, 0x0, 0x0, 0x0, 0x0, 0x0, 0x14,
    0x9c, 0x71, 0x0, 0x0, 0x0, 0x0, 0x0, 0x0,
    0x0, 0x0, 0x0, 0x0, 0x0, 0x0, 0x0, 0x0,
    0x0, 0x0, 0x0, 0x0, 0x0, 0x0, 0x0, 0x0,
    0x0, 0x0, 0x0, 0x0, 0x0, 0x0, 0x0, 0x0,
    0x0, 0x0, 0x0, 0x0, 0x36, 0xae, 0xeb, 0xf7,
    0xd4, 0x78, 0x6, 0xa0, 0xff, 0x7c, 0x0, 0x0,
    0x6a, 0xfd, 0xff, 0xff, 0xff, 0xff, 0xff, 0xc8,
    0xab, 0xff, 0x7c, 0x0, 0x46, 0xfe, 0xff, 0xae,
    0x2c, 0x3, 0x1b, 0x83, 0xfd, 0xff, 0xff, 0x7c,
    0x0, 0xd1, 0xff, 0xab, 0x1, 0x0, 0x0, 0x0,
    0x0, 0x6f, 0xff, 0xff, 0x7c, 0x24, 0xff, 0xff,
    0x23, 0x0, 0x0, 0x0, 0x0, 0x0, 0x2, 0xe2,
    0xff, 0x7c, 0x49, 0xff, 0xea, 0x0, 0x0, 0x0,
    0x0, 0x0, 0x0, 0x0, 0xab, 0xff, 0x7c, 0x4a,
    0xff, 0xea, 0x0, 0x0, 0x0, 0x0, 0x0, 0x0,
    0x0, 0xab, 0xff, 0x7c, 0x24, 0xff, 0xff, 0x22,
    0x0, 0x0, 0x0, 0x0, 0x0, 0x2, 0xe0, 0xff,
    0x7c, 0x0, 0xd2, 0xff, 0xaa, 0x0, 0x0, 0x0,
    0x0, 0x0, 0x6b, 0xff, 0xff, 0x7c, 0x0, 0x48,
    0xfe, 0xff, 0xad, 0x2c, 0x2, 0x19, 0x80, 0xfd,
    0xff, 0xff, 0x7c, 0x0, 0x0, 0x6e, 0xfe, 0xff,
    0xff, 0xff, 0xff, 0xff, 0xc8, 0xab, 0xff, 0x7c,
    0x0, 0x0, 0x0, 0x38, 0xaf, 0xed, 0xf7, 0xd4,
    0x78, 0x6, 0xa8, 0xff, 0x72, 0x0, 0x0, 0x1,
    0x8, 0x0, 0x0, 0x0, 0x0, 0x0, 0x0, 0xd5,
    0xff, 0x55, 0x0, 0x63, 0xdb, 0x9e, 0x0, 0x0,
    0x0, 0x0, 0x0, 0x4d, 0xff, 0xf9, 0x15, 0x0,
    0x61, 0xff, 0xff, 0x9f, 0x28, 0x3, 0x16, 0x6d,
    0xf4, 0xff, 0x90, 0x0, 0x0, 0x1, 0x89, 0xff,
    0xff, 0xff, 0xff, 0xff, 0xff, 0xff, 0xb1, 0x6,
    0x0, 0x0, 0x0, 0x0, 0x3d, 0xaa, 0xde, 0xf9,
    0xed, 0xba, 0x58, 0x1, 0x0, 0x0,

    /* U+0122 "Ģ" */
    0x0, 0x0, 0x0, 0x0, 0x0, 0xa, 0x68, 0xb3,
    0xe2, 0xf7, 0xf0, 0xd6, 0x98, 0x44, 0x0, 0x0,
    0x0, 0x0, 0x0, 0x0, 0x0, 0x0, 0x0, 0x57,
    0xe8, 0xff, 0xff, 0xff, 0xff, 0xff, 0xff, 0xff,
    0xff, 0xc5, 0x23, 0x0, 0x0, 0x0, 0x0, 0x0,
    0x0, 0x84, 0xff, 0xff, 0xdf, 0x76, 0x35, 0x1b,
    0x25, 0x4c, 0x9e, 0xfa, 0xff, 0xda, 0x5, 0x0,
    0x0, 0x0, 0x0, 0x6b, 0xff, 0xff, 0x8d, 0x5,
    0x0, 0x0, 0x0, 0x0, 0x0, 0x0, 0x28, 0xc5,
    0x2e, 0x0, 0x0, 0x0, 0x0, 0x1c, 0xf6, 0xff,
    0x8b, 0x0, 0x0, 0x0, 0x0, 0x0, 0x0, 0x0,
    0x0, 0x0, 0x0, 0x0, 0x0, 0x0, 0x0, 0x0,
    0x8d, 0xff, 0xdb, 0x5, 0x0, 0x0, 0x0, 0x0,
    0x0, 0x0, 0x0, 0x0, 0x0, 0x0, 0x0, 0x0,
    0x0, 0x0, 0x0, 0xdb, 0xff, 0x76, 0x0, 0x0,
    0x0, 0x0, 0x0, 0x0, 0x0, 0x0, 0x0, 0x0,
    0x0, 0x0, 0x0, 0x0, 0x0, 0x5, 0xfe, 0xff,
    0x3b, 0x0, 0x0, 0x0, 0x0, 0x0, 0x1, 0x8,
    0x8, 0x8, 0x8, 0x8, 0x8, 0x8, 0x8, 0x1,
    0x16, 0xff, 0xff, 0x29, 0x0, 0x0, 0x0, 0x0,
    0x0, 0x30, 0xff, 0xff, 0xff, 0xff, 0xff, 0xff,
    0xff, 0xff, 0x31, 0x5, 0xfe, 0xff, 0x3b, 0x0,
    0x0, 0x0, 0x0, 0x0, 0x30, 0xff, 0xff, 0xff,
    0xff, 0xff, 0xff, 0xff, 0xff, 0x3c, 0x0, 0xdc,
    0xff, 0x75, 0x0, 0x0, 0x0, 0x0, 0x0, 0x0,
    0x0, 0x0, 0x0, 0x0, 0x0, 0xc, 0xfd, 0xff,
    0x26, 0x0, 0x8d, 0xff, 0xdb, 0x5, 0x0, 0x0,
    0x0, 0x0, 0x0, 0x0, 0x0, 0x0, 0x0, 0x0,
    0x55, 0xff, 0xec, 0x2, 0x0, 0x1c, 0xf6, 0xff,
    0x8a, 0x0, 0x0, 0x0, 0x0, 0x0, 0x0, 0x0,
    0x0, 0x0, 0x9, 0xd6, 0xff, 0x94, 0x0, 0x0,
    0x0, 0x6c, 0xff, 0xff, 0x8d, 0x5, 0x0, 0x0,
    0x0, 0x0, 0x0, 0x0, 0x15, 0xbe, 0xff, 0xeb,
    0x18, 0x0, 0x0, 0x0, 0x0, 0x84, 0xff, 0xff,
    0xdf, 0x75, 0x35, 0x1b, 0x1f, 0x42, 0x8a, 0xee,
    0xff, 0xf1, 0x3a, 0x0, 0x0, 0x0, 0x0, 0x0,
    0x0, 0x58, 0xe8, 0xff, 0xff, 0xff, 0xff, 0xff,
    0xff, 0xff, 0xff, 0xce, 0x28, 0x0, 0x0, 0x0,
    0x0, 0x0, 0x0, 0x0, 0x0, 0xa, 0x69, 0xb4,
    0xe3, 0xf8, 0xf2, 0xdb, 0xa1, 0x4f, 0x1, 0x0,
    0x0, 0x0, 0x0, 0x0, 0x0, 0x0, 0x0, 0x0,
    0x0, 0x0, 0x0, 0x0, 0x0, 0x0, 0x0, 0x0,
    0x0, 0x0, 0x0, 0x0, 0x0, 0x0, 0x0, 0x0,
    0x0, 0x0, 0x0, 0x0, 0x0, 0x0, 0xf, 0xcb,
    0xe6, 0x32, 0x0, 0x0, 0x0, 0x0, 0x0, 0x0,
    0x0, 0x0, 0x0, 0x0, 0x0, 0x0, 0x0, 0x0,
    0x0, 0x44, 0xff, 0xff, 0x81, 0x0, 0x0, 0x0,
    0x0, 0x0, 0x0, 0x0, 0x0, 0x0, 0x0, 0x0,
    0x0, 0x0, 0x0, 0x0, 0x7, 0xad, 0xfe, 0x39,
    0x0, 0x0, 0x0, 0x0, 0x0, 0x0, 0x0, 0x0,
    0x0, 0x0, 0x0, 0x0, 0x0, 0x0, 0x0, 0x6,
    0xd0, 0x8f, 0x0, 0x0, 0x0, 0x0, 0x0, 0x0,
    0x0, 0x0, 0x0, 0x0, 0x0, 0x0, 0x0, 0x0,
    0x0, 0x0, 0x2, 0x66, 0x8, 0x0, 0x0, 0x0,
    0x0, 0x0, 0x0, 0x0, 0x0,

    /* U+0123 "ģ" */
    0x0, 0x0, 0x0, 0x0, 0x0, 0x0, 0x1a, 0x5b,
    0x0, 0x0, 0x0, 0x0, 0x0, 0x0, 0x0, 0x0,
    0x0, 0x0, 0x1, 0xb8, 0xb1, 0x0, 0x0, 0x0,
    0x0, 0x0, 0x0, 0x0, 0x0, 0x0, 0x0, 0x62,
    0xff, 0x90, 0x0, 0x0, 0x0, 0x0, 0x0, 0x0,
    0x0, 0x0, 0x0, 0x0, 0xaa, 0xff, 0xff, 0x1c,
    0x0, 0x0, 0x0, 0x0, 0x0, 0x0, 0x0, 0x0,
    0x0, 0x4e, 0xef, 0xb2, 0x2, 0x0, 0x0, 0x0,
    0x0, 0x0, 0x0, 0x0, 0x0, 0x0, 0x0, 0x0,
    0x0, 0x0, 0x0, 0x0, 0x0, 0x0, 0x0, 0x0,
    0x0, 0x0, 0x0, 0x0, 0x0, 0x0, 0x0, 0x0,
    0x0, 0x0, 0x0, 0x0, 0x0, 0x0, 0x36, 0xae,
    0xeb, 0xf7, 0xd4, 0x78, 0x6, 0xa0, 0xff, 0x7c,
    0x0, 0x0, 0x6a, 0xfd, 0xff, 0xff, 0xff, 0xff,
    0xff, 0xc8, 0xab, 0xff, 0x7c, 0x0, 0x46, 0xfe,
    0xff, 0xae, 0x2c, 0x3, 0x1b, 0x83, 0xfd, 0xff,
    0xff, 0x7c, 0x0, 0xd1, 0xff, 0xab, 0x1, 0x0,
    0x0, 0x0, 0x0, 0x6f, 0xff, 0xff, 0x7c, 0x24,
    0xff, 0xff, 0x23, 0x0, 0x0, 0x0, 0x0, 0x0,
    0x2, 0xe2, 0xff, 0x7c, 0x49, 0xff, 0xea, 0x0,
    0x0, 0x0, 0x0, 0x0, 0x0, 0x0, 0xab, 0xff,
    0x7c, 0x4a, 0xff, 0xea, 0x0, 0x0, 0x0, 0x0,
    0x0, 0x0, 0x0, 0xab, 0xff, 0x7c, 0x24, 0xff,
    0xff, 0x22, 0x0, 0x0, 0x0, 0x0, 0x0, 0x2,
    0xe0, 0xff, 0x7c, 0x0, 0xd2, 0xff, 0xaa, 0x0,
    0x0, 0x0, 0x0, 0x0, 0x6b, 0xff, 0xff, 0x7c,
    0x0, 0x48, 0xfe, 0xff, 0xad, 0x2c, 0x2, 0x19,
    0x80, 0xfd, 0xff, 0xff, 0x7c, 0x0, 0x0, 0x6e,
    0xfe, 0xff, 0xff, 0xff, 0xff, 0xff, 0xc8, 0xab,
    0xff, 0x7c, 0x0, 0x0, 0x0, 0x38, 0xaf, 0xed,
    0xf7, 0xd4, 0x78, 0x6, 0xa8, 0xff, 0x72, 0x0,
    0x0, 0x1, 0x8, 0x0, 0x0, 0x0, 0x0, 0x0,
    0x0, 0xd5, 0xff, 0x55, 0x0, 0x63, 0xdb, 0x9e,
    0x0, 0x0, 0x0, 0x0, 0x0, 0x4d, 0xff, 0xf9,
    0x15, 0x0, 0x61, 0xff, 0xff, 0x9f, 0x28, 0x3,
    0x16, 0x6d, 0xf4, 0xff, 0x90, 0x0, 0x0, 0x1,
    0x89, 0xff, 0xff, 0xff, 0xff, 0xff, 0xff, 0xff,
    0xb1, 0x6, 0x0, 0x0, 0x0, 0x0, 0x3d, 0xaa,
    0xde, 0xf9, 0xed, 0xba, 0x58, 0x1, 0x0, 0x0,

    /* U+0124 "Ĥ" */
    0x0, 0x0, 0x0, 0x0, 0x0, 0x3, 0x75, 0x80,
    0x32, 0x0, 0x0, 0x0, 0x0, 0x0, 0x0, 0x0,
    0x0, 0x0, 0x0, 0x97, 0xff, 0xff, 0xe6, 0x1b,
    0x0, 0x0, 0x0, 0x0, 0x0, 0x0, 0x0, 0x0,
    0x74, 0xff, 0xbd, 0x51, 0xfd, 0xcb, 0x9, 0x0,
    0x0, 0x0, 0x0, 0x0, 0x0, 0xc, 0x7d, 0x7f,
    0x12, 0x0, 0x56, 0x80, 0x39, 0x0, 0x0, 0x0,
    0x0, 0x0, 0x0, 0x0, 0x0, 0x0, 0x0, 0x0,
    0x0, 0x0, 0x0, 0x0, 0x0, 0x0, 0x44, 0xff,
    0xf0, 0x0, 0x0, 0x0, 0x0, 0x0, 0x0, 0x0,
    0x0, 0x78, 0xff, 0xbc, 0x44, 0xff, 0xf0, 0x0,
    0x0, 0x0, 0x0, 0x0, 0x0, 0x0, 0x0, 0x78,
    0xff, 0xbc, 0x44, 0xff, 0xf0, 0x0, 0x0, 0x0,
    0x0, 0x0, 0x0, 0x0, 0x0, 0x78, 0xff, 0xbc,
    0x44, 0xff, 0xf0, 0x0, 0x0, 0x0, 0x0, 0x0,
    0x0, 0x0, 0x0, 0x78, 0xff, 0xbc, 0x44, 0xff,
    0xf0, 0x0, 0x0, 0x0, 0x0, 0x0, 0x0, 0x0,
    0x0, 0x78, 0xff, 0xbc, 0x44, 0xff, 0xf0, 0x0,
    0x0, 0x0, 0x0, 0x0, 0x0, 0x0, 0x0, 0x78,
    0xff, 0xbc, 0x44, 0xff, 0xf0, 0x0, 0x0, 0x0,
    0x0, 0x0, 0x0, 0x0, 0x0, 0x78, 0xff, 0xbc,
    0x44, 0xff, 0xff, 0xff, 0xff, 0xff, 0xff, 0xff,
    0xff, 0xff, 0xff, 0xff, 0xff, 0xbc, 0x44, 0xff,
    0xff, 0xff, 0xff, 0xff, 0xff, 0xff, 0xff, 0xff,
    0xff, 0xff, 0xff, 0xbc, 0x44, 0xff, 0xf0, 0xc,
    0xc, 0xc, 0xc, 0xc, 0xc, 0xc, 0xc, 0x7e,
    0xff, 0xbc, 0x44, 0xff, 0xf0, 0x0, 0x0, 0x0,
    0x0, 0x0, 0x0, 0x0, 0x0, 0x78, 0xff, 0xbc,
    0x44, 0xff, 0xf0, 0x0, 0x0, 0x0, 0x0, 0x0,
    0x0, 0x0, 0x0, 0x78, 0xff, 0xbc, 0x44, 0xff,
    0xf0, 0x0, 0x0, 0x0, 0x0, 0x0, 0x0, 0x0,
    0x0, 0x78, 0xff, 0xbc, 0x44, 0xff, 0xf0, 0x0,
    0x0, 0x0, 0x0, 0x0, 0x0, 0x0, 0x0, 0x78,
    0xff, 0xbc, 0x44, 0xff, 0xf0, 0x0, 0x0, 0x0,
    0x0, 0x0, 0x0, 0x0, 0x0, 0x78, 0xff, 0xbc,
    0x44, 0xff, 0xf0, 0x0, 0x0, 0x0, 0x0, 0x0,
    0x0, 0x0, 0x0, 0x78, 0xff, 0xbc, 0x44, 0xff,
    0xf0, 0x0, 0x0, 0x0, 0x0, 0x0, 0x0, 0x0,
    0x0, 0x78, 0xff, 0xbc,

    /* U+0125 "ĥ" */
    0x0, 0x0, 0x0, 0x0, 0x33, 0x80, 0x74, 0x3,
    0x0, 0x0, 0x0, 0x0, 0x0, 0x0, 0x21, 0xe9,
    0xff, 0xff, 0x8e, 0x0, 0x0, 0x0, 0x0, 0x0,
    0x10, 0xd6, 0xfd, 0x51, 0xbd, 0xff, 0x61, 0x0,
    0x0, 0x0, 0x0, 0x44, 0x80, 0x56, 0x0, 0x12,
    0x7f, 0x79, 0x6, 0x0, 0x0, 0x0, 0x0, 0x0,
    0x0, 0x0, 0x0, 0x0, 0x0, 0x0, 0x0, 0xa8,
    0xff, 0x8c, 0x0, 0x0, 0x0, 0x0, 0x0, 0x0,
    0x0, 0x0, 0xa8, 0xff, 0x8c, 0x0, 0x0, 0x0,
    0x0, 0x0, 0x0, 0x0, 0x0, 0xa8, 0xff, 0x8c,
    0x0, 0x0, 0x0, 0x0, 0x0, 0x0, 0x0, 0x0,
    0xa8, 0xff, 0x8c, 0x0, 0x0, 0x0, 0x0, 0x0,
    0x0, 0x0, 0x0, 0xa8, 0xff, 0x8c, 0x0, 0x0,
    0x0, 0x0, 0x0, 0x0, 0x0, 0x0, 0xa8, 0xff,
    0x88, 0x17, 0x95, 0xe5, 0xf9, 0xdb, 0x88, 0xb,
    0x0, 0xa8, 0xff, 0x9c, 0xe8, 0xff, 0xff, 0xff,
    0xff, 0xff, 0xc5, 0x5, 0xa8, 0xff, 0xff, 0xe8,
    0x4d, 0x6, 0x1b, 0x8c, 0xff, 0xff, 0x5f, 0xa8,
    0xff, 0xff, 0x3d, 0x0, 0x0, 0x0, 0x0, 0xc6,
    0xff, 0xa6, 0xa8, 0xff, 0xc2, 0x0, 0x0, 0x0,
    0x0, 0x0, 0x89, 0xff, 0xbf, 0xa8, 0xff, 0x95,
    0x0, 0x0, 0x0, 0x0, 0x0, 0x74, 0xff, 0xc4,
    0xa8, 0xff, 0x8c, 0x0, 0x0, 0x0, 0x0, 0x0,
    0x74, 0xff, 0xc4, 0xa8, 0xff, 0x8c, 0x0, 0x0,
    0x0, 0x0, 0x0, 0x74, 0xff, 0xc4, 0xa8, 0xff,
    0x8c, 0x0, 0x0, 0x0, 0x0, 0x0, 0x74, 0xff,
    0xc4, 0xa8, 0xff, 0x8c, 0x0, 0x0, 0x0, 0x0,
    0x0, 0x74, 0xff, 0xc4, 0xa8, 0xff, 0x8c, 0x0,
    0x0, 0x0, 0x0, 0x0, 0x74, 0xff, 0xc4, 0xa8,
    0xff, 0x8c, 0x0, 0x0, 0x0, 0x0, 0x0, 0x74,
    0xff, 0xc4,

    /* U+0126 "Ħ" */
    0x0, 0x44, 0xff, 0xf0, 0x0, 0x0, 0x0, 0x0,
    0x0, 0x0, 0x0, 0x0, 0x78, 0xff, 0xbc, 0x0,
    0x0, 0x0, 0x44, 0xff, 0xf0, 0x0, 0x0, 0x0,
    0x0, 0x0, 0x0, 0x0, 0x0, 0x78, 0xff, 0xbc,
    0x0, 0x0, 0x0, 0x44, 0xff, 0xf0, 0x0, 0x0,
    0x0, 0x0, 0x0, 0x0, 0x0, 0x0, 0x78, 0xff,
    0xbc, 0x0, 0x0, 0x95, 0xcb, 0xff, 0xfb, 0xb8,
    0xb8, 0xb8, 0xb8, 0xb8, 0xb8, 0xb8, 0xb8, 0xd9,
    0xff, 0xec, 0xb8, 0x30, 0xd0, 0xff, 0xff, 0xff,
    0xff, 0xff, 0xff, 0xff, 0xff, 0xff, 0xff, 0xff,
    0xff, 0xff, 0xff, 0xff, 0x44, 0x0, 0x44, 0xff,
    0xf0, 0x0, 0x0, 0x0, 0x0, 0x0, 0x0, 0x0,
    0x0, 0x78, 0xff, 0xbc, 0x0, 0x0, 0x0, 0x44,
    0xff, 0xf0, 0x0, 0x0, 0x0, 0x0, 0x0, 0x0,
    0x0, 0x0, 0x78, 0xff, 0xbc, 0x0, 0x0, 0x0,
    0x44, 0xff, 0xff, 0xff, 0xff, 0xff, 0xff, 0xff,
    0xff, 0xff, 0xff, 0xff, 0xff, 0xbc, 0x0, 0x0,
    0x0, 0x44, 0xff, 0xff, 0xff, 0xff, 0xff, 0xff,
    0xff, 0xff, 0xff, 0xff, 0xff, 0xff, 0xbc, 0x0,
    0x0, 0x0, 0x44, 0xff, 0xf0, 0xc, 0xc, 0xc,
    0xc, 0xc, 0xc, 0xc, 0xc, 0x7e, 0xff, 0xbc,
    0x0, 0x0, 0x0, 0x44, 0xff, 0xf0, 0x0, 0x0,
    0x0, 0x0, 0x0, 0x0, 0x0, 0x0, 0x78, 0xff,
    0xbc, 0x0, 0x0, 0x0, 0x44, 0xff, 0xf0, 0x0,
    0x0, 0x0, 0x0, 0x0, 0x0, 0x0, 0x0, 0x78,
    0xff, 0xbc, 0x0, 0x0, 0x0, 0x44, 0xff, 0xf0,
    0x0, 0x0, 0x0, 0x0, 0x0, 0x0, 0x0, 0x0,
    0x78, 0xff, 0xbc, 0x0, 0x0, 0x0, 0x44, 0xff,
    0xf0, 0x0, 0x0, 0x0, 0x0, 0x0, 0x0, 0x0,
    0x0, 0x78, 0xff, 0xbc, 0x0, 0x0, 0x0, 0x44,
    0xff, 0xf0, 0x0, 0x0, 0x0, 0x0, 0x0, 0x0,
    0x0, 0x0, 0x78, 0xff, 0xbc, 0x0, 0x0, 0x0,
    0x44, 0xff, 0xf0, 0x0, 0x0, 0x0, 0x0, 0x0,
    0x0, 0x0, 0x0, 0x78, 0xff, 0xbc, 0x0, 0x0,
    0x0, 0x44, 0xff, 0xf0, 0x0, 0x0, 0x0, 0x0,
    0x0, 0x0, 0x0, 0x0, 0x78, 0xff, 0xbc, 0x0,
    0x0,

    /* U+0127 "ħ" */
    0x0, 0x0, 0xa8, 0xff, 0x8c, 0x0, 0x0, 0x0,
    0x0, 0x0, 0x0, 0x0, 0x0, 0x0, 0x0, 0xa8,
    0xff, 0x8c, 0x0, 0x0, 0x0, 0x0, 0x0, 0x0,
    0x0, 0x0, 0x30, 0xff, 0xff, 0xff, 0xff, 0xff,
    0xff, 0xff, 0x4, 0x0, 0x0, 0x0, 0x0, 0x22,
    0xb8, 0xe7, 0xff, 0xdf, 0xb8, 0xb8, 0xb8, 0x2,
    0x0, 0x0, 0x0, 0x0, 0x0, 0x0, 0xa8, 0xff,
    0x8c, 0x0, 0x0, 0x0, 0x0, 0x0, 0x0, 0x0,
    0x0, 0x0, 0x0, 0xa8, 0xff, 0x89, 0x17, 0x95,
    0xe5, 0xf9, 0xdb, 0x88, 0xb, 0x0, 0x0, 0x0,
    0xa8, 0xff, 0x9d, 0xe8, 0xff, 0xff, 0xff, 0xff,
    0xff, 0xc5, 0x5, 0x0, 0x0, 0xa8, 0xff, 0xff,
    0xe8, 0x4d, 0x6, 0x1b, 0x8c, 0xff, 0xff, 0x5f,
    0x0, 0x0, 0xa8, 0xff, 0xff, 0x3d, 0x0, 0x0,
    0x0, 0x0, 0xc6, 0xff, 0xa6, 0x0, 0x0, 0xa8,
    0xff, 0xc2, 0x0, 0x0, 0x0, 0x0, 0x0, 0x89,
    0xff, 0xbf, 0x0, 0x0, 0xa8, 0xff, 0x95, 0x0,
    0x0, 0x0, 0x0, 0x0, 0x74, 0xff, 0xc4, 0x0,
    0x0, 0xa8, 0xff, 0x8c, 0x0, 0x0, 0x0, 0x0,
    0x0, 0x74, 0xff, 0xc4, 0x0, 0x0, 0xa8, 0xff,
    0x8c, 0x0, 0x0, 0x0, 0x0, 0x0, 0x74, 0xff,
    0xc4, 0x0, 0x0, 0xa8, 0xff, 0x8c, 0x0, 0x0,
    0x0, 0x0, 0x0, 0x74, 0xff, 0xc4, 0x0, 0x0,
    0xa8, 0xff, 0x8c, 0x0, 0x0, 0x0, 0x0, 0x0,
    0x74, 0xff, 0xc4, 0x0, 0x0, 0xa8, 0xff, 0x8c,
    0x0, 0x0, 0x0, 0x0, 0x0, 0x74, 0xff, 0xc4,
    0x0, 0x0, 0xa8, 0xff, 0x8c, 0x0, 0x0, 0x0,
    0x0, 0x0, 0x74, 0xff, 0xc4,

    /* U+0128 "Ĩ" */
    0x0, 0x27, 0xc2, 0xf3, 0xbc, 0x4c, 0x2e, 0xff,
    0xc6, 0x1, 0xd3, 0xff, 0xff, 0xff, 0xff, 0xff,
    0xff, 0x78, 0x1f, 0xf8, 0xc4, 0x11, 0x6b, 0xd0,
    0xe7, 0x8e, 0x5, 0x0, 0x0, 0x0, 0x0, 0x0,
    0x0, 0x0, 0x0, 0x0, 0x0, 0x0, 0x0, 0x44,
    0xff, 0xf0, 0x0, 0x0, 0x0, 0x0, 0x0, 0x0,
    0x44, 0xff, 0xf0, 0x0, 0x0, 0x0, 0x0, 0x0,
    0x0, 0x44, 0xff, 0xf0, 0x0, 0x0, 0x0, 0x0,
    0x0, 0x0, 0x44, 0xff, 0xf0, 0x0, 0x0, 0x0,
    0x0, 0x0, 0x0, 0x44, 0xff, 0xf0, 0x0, 0x0,
    0x0, 0x0, 0x0, 0x0, 0x44, 0xff, 0xf0, 0x0,
    0x0, 0x0, 0x0, 0x0, 0x0, 0x44, 0xff, 0xf0,
    0x0, 0x0, 0x0, 0x0, 0x0, 0x0, 0x44, 0xff,
    0xf0, 0x0, 0x0, 0x0, 0x0, 0x0, 0x0, 0x44,
    0xff, 0xf0, 0x0, 0x0, 0x0, 0x0, 0x0, 0x0,
    0x44, 0xff, 0xf0, 0x0, 0x0, 0x0, 0x0, 0x0,
    0x0, 0x44, 0xff, 0xf0, 0x0, 0x0, 0x0, 0x0,
    0x0, 0x0, 0x44, 0xff, 0xf0, 0x0, 0x0, 0x0,
    0x0, 0x0, 0x0, 0x44, 0xff, 0xf0, 0x0, 0x0,
    0x0, 0x0, 0x0, 0x0, 0x44, 0xff, 0xf0, 0x0,
    0x0, 0x0, 0x0, 0x0, 0x0, 0x44, 0xff, 0xf0,
    0x0, 0x0, 0x0, 0x0, 0x0, 0x0, 0x44, 0xff,
    0xf0, 0x0, 0x0, 0x0, 0x0, 0x0, 0x0, 0x44,
    0xff, 0xf0, 0x0, 0x0, 0x0,

    /* U+0129 "ĩ" */
    0x0, 0x3f, 0xd3, 0xf0, 0xa8, 0x38, 0x5d, 0xff,
    0x96, 0x14, 0xef, 0xff, 0xff, 0xff, 0xff, 0xff,
    0xff, 0x49, 0x4d, 0xf8, 0x9a, 0x17, 0x80, 0xdd,
    0xdf, 0x6d, 0x0, 0x0, 0x0, 0x0, 0x0, 0x0,
    0x0, 0x0, 0x0, 0x0, 0x0, 0x0, 0x0, 0x0,
    0x0, 0x0, 0x0, 0x0, 0x0, 0x0, 0x0, 0x0,
    0x78, 0xff, 0xc0, 0x0, 0x0, 0x0, 0x0, 0x0,
    0x0, 0x78, 0xff, 0xc0, 0x0, 0x0, 0x0, 0x0,
    0x0, 0x0, 0x78, 0xff, 0xc0, 0x0, 0x0, 0x0,
    0x0, 0x0, 0x0, 0x78, 0xff, 0xc0, 0x0, 0x0,
    0x0, 0x0, 0x0, 0x0, 0x78, 0xff, 0xc0, 0x0,
    0x0, 0x0, 0x0, 0x0, 0x0, 0x78, 0xff, 0xc0,
    0x0, 0x0, 0x0, 0x0, 0x0, 0x0, 0x78, 0xff,
    0xc0, 0x0, 0x0, 0x0, 0x0, 0x0, 0x0, 0x78,
    0xff, 0xc0, 0x0, 0x0, 0x0, 0x0, 0x0, 0x0,
    0x78, 0xff, 0xc0, 0x0, 0x0, 0x0, 0x0, 0x0,
    0x0, 0x78, 0xff, 0xc0, 0x0, 0x0, 0x0, 0x0,
    0x0, 0x0, 0x78, 0xff, 0xc0, 0x0, 0x0, 0x0,
    0x0, 0x0, 0x0, 0x78, 0xff, 0xc0, 0x0, 0x0,
    0x0,

    /* U+012A "Ī" */
    0x24, 0xff, 0xff, 0xff, 0xff, 0xff, 0xd0, 0x19,
    0xb8, 0xb8, 0xb8, 0xb8, 0xb8, 0x95, 0x0, 0x0,
    0x0, 0x0, 0x0, 0x0, 0x0, 0x0, 0x0, 0x0,
    0x0, 0x0, 0x0, 0x0, 0x0, 0x0, 0x44, 0xff,
    0xf0, 0x0, 0x0, 0x0, 0x0, 0x44, 0xff, 0xf0,
    0x0, 0x0, 0x0, 0x0, 0x44, 0xff, 0xf0, 0x0,
    0x0, 0x0, 0x0, 0x44, 0xff, 0xf0, 0x0, 0x0,
    0x0, 0x0, 0x44, 0xff, 0xf0, 0x0, 0x0, 0x0,
    0x0, 0x44, 0xff, 0xf0, 0x0, 0x0, 0x0, 0x0,
    0x44, 0xff, 0xf0, 0x0, 0x0, 0x0, 0x0, 0x44,
    0xff, 0xf0, 0x0, 0x0, 0x0, 0x0, 0x44, 0xff,
    0xf0, 0x0, 0x0, 0x0, 0x0, 0x44, 0xff, 0xf0,
    0x0, 0x0, 0x0, 0x0, 0x44, 0xff, 0xf0, 0x0,
    0x0, 0x0, 0x0, 0x44, 0xff, 0xf0, 0x0, 0x0,
    0x0, 0x0, 0x44, 0xff, 0xf0, 0x0, 0x0, 0x0,
    0x0, 0x44, 0xff, 0xf0, 0x0, 0x0, 0x0, 0x0,
    0x44, 0xff, 0xf0, 0x0, 0x0, 0x0, 0x0, 0x44,
    0xff, 0xf0, 0x0, 0x0, 0x0, 0x0, 0x44, 0xff,
    0xf0, 0x0, 0x0,

    /* U+012B "ī" */
    0x81, 0xb4, 0xb4, 0xb4, 0xb4, 0xb4, 0xb4, 0xb8,
    0xff, 0xff, 0xff, 0xff, 0xff, 0xff, 0x0, 0x0,
    0x0, 0x0, 0x0, 0x0, 0x0, 0x0, 0x0, 0x0,
    0x0, 0x0, 0x0, 0x0, 0x0, 0x0, 0x0, 0x0,
    0x0, 0x0, 0x0, 0x0, 0x0, 0x78, 0xff, 0xc0,
    0x0, 0x0, 0x0, 0x0, 0x78, 0xff, 0xc0, 0x0,
    0x0, 0x0, 0x0, 0x78, 0xff, 0xc0, 0x0, 0x0,
    0x0, 0x0, 0x78, 0xff, 0xc0, 0x0, 0x0, 0x0,
    0x0, 0x78, 0xff, 0xc0, 0x0, 0x0, 0x0, 0x0,
    0x78, 0xff, 0xc0, 0x0, 0x0, 0x0, 0x0, 0x78,
    0xff, 0xc0, 0x0, 0x0, 0x0, 0x0, 0x78, 0xff,
    0xc0, 0x0, 0x0, 0x0, 0x0, 0x78, 0xff, 0xc0,
    0x0, 0x0, 0x0, 0x0, 0x78, 0xff, 0xc0, 0x0,
    0x0, 0x0, 0x0, 0x78, 0xff, 0xc0, 0x0, 0x0,
    0x0, 0x0, 0x78, 0xff, 0xc0, 0x0, 0x0,

    /* U+012C "Ĭ" */
    0x18, 0x80, 0x49, 0x0, 0x0, 0x71, 0x6d, 0xd,
    0xf8, 0xd8, 0x1b, 0x46, 0xfd, 0xb1, 0x0, 0x6f,
    0xff, 0xff, 0xff, 0xf0, 0x2a, 0x0, 0x0, 0x42,
    0x91, 0x83, 0x1e, 0x0, 0x0, 0x0, 0x0, 0x0,
    0x0, 0x0, 0x0, 0x0, 0x0, 0x44, 0xff, 0xf0,
    0x0, 0x0, 0x0, 0x0, 0x44, 0xff, 0xf0, 0x0,
    0x0, 0x0, 0x0, 0x44, 0xff, 0xf0, 0x0, 0x0,
    0x0, 0x0, 0x44, 0xff, 0xf0, 0x0, 0x0, 0x0,
    0x0, 0x44, 0xff, 0xf0, 0x0, 0x0, 0x0, 0x0,
    0x44, 0xff, 0xf0, 0x0, 0x0, 0x0, 0x0, 0x44,
    0xff, 0xf0, 0x0, 0x0, 0x0, 0x0, 0x44, 0xff,
    0xf0, 0x0, 0x0, 0x0, 0x0, 0x44, 0xff, 0xf0,
    0x0, 0x0, 0x0, 0x0, 0x44, 0xff, 0xf0, 0x0,
    0x0, 0x0, 0x0, 0x44, 0xff, 0xf0, 0x0, 0x0,
    0x0, 0x0, 0x44, 0xff, 0xf0, 0x0, 0x0, 0x0,
    0x0, 0x44, 0xff, 0xf0, 0x0, 0x0, 0x0, 0x0,
    0x44, 0xff, 0xf0, 0x0, 0x0, 0x0, 0x0, 0x44,
    0xff, 0xf0, 0x0, 0x0, 0x0, 0x0, 0x44, 0xff,
    0xf0, 0x0, 0x0, 0x0, 0x0, 0x44, 0xff, 0xf0,
    0x0, 0x0,

    /* U+012D "ĭ" */
    0x57, 0xff, 0x7a, 0x0, 0x30, 0xff, 0x9d, 0x10,
    0xe3, 0xf9, 0xae, 0xe6, 0xfd, 0x3e, 0x0, 0x28,
    0xb9, 0xf3, 0xd5, 0x51, 0x0, 0x0, 0x0, 0x0,
    0x0, 0x0, 0x0, 0x0, 0x0, 0x0, 0x0, 0x0,
    0x0, 0x0, 0x0, 0x0, 0x0, 0x78, 0xff, 0xc0,
    0x0, 0x0, 0x0, 0x0, 0x78, 0xff, 0xc0, 0x0,
    0x0, 0x0, 0x0, 0x78, 0xff, 0xc0, 0x0, 0x0,
    0x0, 0x0, 0x78, 0xff, 0xc0, 0x0, 0x0, 0x0,
    0x0, 0x78, 0xff, 0xc0, 0x0, 0x0, 0x0, 0x0,
    0x78, 0xff, 0xc0, 0x0, 0x0, 0x0, 0x0, 0x78,
    0xff, 0xc0, 0x0, 0x0, 0x0, 0x0, 0x78, 0xff,
    0xc0, 0x0, 0x0, 0x0, 0x0, 0x78, 0xff, 0xc0,
    0x0, 0x0, 0x0, 0x0, 0x78, 0xff, 0xc0, 0x0,
    0x0, 0x0, 0x0, 0x78, 0xff, 0xc0, 0x0, 0x0,
    0x0, 0x0, 0x78, 0xff, 0xc0, 0x0, 0x0,

    /* U+012E "Į" */
    0x0, 0x44, 0xff, 0xf0, 0x0, 0x0, 0x44, 0xff,
    0xf0, 0x0, 0x0, 0x44, 0xff, 0xf0, 0x0, 0x0,
    0x44, 0xff, 0xf0, 0x0, 0x0, 0x44, 0xff, 0xf0,
    0x0, 0x0, 0x44, 0xff, 0xf0, 0x0, 0x0, 0x44,
    0xff, 0xf0, 0x0, 0x0, 0x44, 0xff, 0xf0, 0x0,
    0x0, 0x44, 0xff, 0xf0, 0x0, 0x0, 0x44, 0xff,
    0xf0, 0x0, 0x0, 0x44, 0xff, 0xf0, 0x0, 0x0,
    0x44, 0xff, 0xf0, 0x0, 0x0, 0x44, 0xff, 0xf0,
    0x0, 0x0, 0x44, 0xff, 0xf0, 0x0, 0x0, 0x44,
    0xff, 0xf0, 0x0, 0x0, 0x44, 0xff, 0xf0, 0x0,
    0x0, 0x4d, 0xff, 0xe6, 0x0, 0x1d, 0xe8, 0xe7,
    0x2a, 0x0, 0x98, 0xff, 0x56, 0x0, 0x0, 0xb8,
    0xff, 0x59, 0x0, 0x0, 0x75, 0xff, 0xf8, 0xd7,
    0x21, 0x3, 0x88, 0xe6, 0xf5, 0x65,

    /* U+012F "į" */
    0x0, 0x6e, 0xf2, 0xaa, 0x2, 0x0, 0xdf, 0xff,
    0xff, 0x26, 0x0, 0x7f, 0xfe, 0xbe, 0x4, 0x0,
    0x0, 0x8, 0x0, 0x0, 0x0, 0x0, 0x0, 0x0,
    0x0, 0x0, 0x78, 0xff, 0xc0, 0x0, 0x0, 0x78,
    0xff, 0xc0, 0x0, 0x0, 0x78, 0xff, 0xc0, 0x0,
    0x0, 0x78, 0xff, 0xc0, 0x0, 0x0, 0x78, 0xff,
    0xc0, 0x0, 0x0, 0x78, 0xff, 0xc0, 0x0, 0x0,
    0x78, 0xff, 0xc0, 0x0, 0x0, 0x78, 0xff, 0xc0,
    0x0, 0x0, 0x78, 0xff, 0xc0, 0x0, 0x0, 0x78,
    0xff, 0xc0, 0x0, 0x0, 0x78, 0xff, 0xc0, 0x0,
    0x0, 0x87, 0xff, 0xaf, 0x0, 0x4a, 0xfc, 0xc3,
    0xd, 0x0, 0xce, 0xff, 0x21, 0x0, 0x0, 0xe7,
    0xff, 0x29, 0x0, 0x0, 0xa3, 0xff, 0xf0, 0xcb,
    0x5, 0x11, 0xa2, 0xed, 0xef, 0x38,

    /* U+0130 "İ" */
    0x2, 0x5e, 0x3e, 0x0, 0x56, 0xff, 0xf9, 0x7,
    0x26, 0xe4, 0xba, 0x0, 0x0, 0x0, 0x0, 0x0,
    0x0, 0x0, 0x0, 0x0, 0x44, 0xff, 0xf0, 0x0,
    0x44, 0xff, 0xf0, 0x0, 0x44, 0xff, 0xf0, 0x0,
    0x44, 0xff, 0xf0, 0x0, 0x44, 0xff, 0xf0, 0x0,
    0x44, 0xff, 0xf0, 0x0, 0x44, 0xff, 0xf0, 0x0,
    0x44, 0xff, 0xf0, 0x0, 0x44, 0xff, 0xf0, 0x0,
    0x44, 0xff, 0xf0, 0x0, 0x44, 0xff, 0xf0, 0x0,
    0x44, 0xff, 0xf0, 0x0, 0x44, 0xff, 0xf0, 0x0,
    0x44, 0xff, 0xf0, 0x0, 0x44, 0xff, 0xf0, 0x0,
    0x44, 0xff, 0xf0, 0x0, 0x44, 0xff, 0xf0, 0x0,

    /* U+0131 "ı" */
    0x78, 0xff, 0xc0, 0x78, 0xff, 0xc0, 0x78, 0xff,
    0xc0, 0x78, 0xff, 0xc0, 0x78, 0xff, 0xc0, 0x78,
    0xff, 0xc0, 0x78, 0xff, 0xc0, 0x78, 0xff, 0xc0,
    0x78, 0xff, 0xc0, 0x78, 0xff, 0xc0, 0x78, 0xff,
    0xc0, 0x78, 0xff, 0xc0,

    /* U+0134 "Ĵ" */
    0x0, 0x0, 0x0, 0x0, 0x0, 0x0, 0x0, 0x0,
    0x18, 0x7f, 0x7f, 0x1d, 0x0, 0x0, 0x0, 0x0,
    0x0, 0x0, 0x0, 0x0, 0x0, 0x1c, 0xd9, 0xf5,
    0xf1, 0xdd, 0x1c, 0x0, 0x0, 0x0, 0x0, 0x0,
    0x0, 0x0, 0x1f, 0xdf, 0xf6, 0x42, 0x37, 0xf1,
    0xdc, 0x1c, 0x0, 0x0, 0x0, 0x0, 0x0, 0x0,
    0x0, 0x0, 0x0, 0x0, 0x0, 0x0, 0x0, 0x0,
    0x0, 0x0, 0x0, 0x0, 0x0, 0x0, 0x0, 0x0,
    0x0, 0x0, 0x0, 0x0, 0x0, 0x0, 0x0, 0x0,
    0x0, 0x0, 0x0, 0x0, 0x0, 0x0, 0x14, 0xff,
    0xff, 0x24, 0x0, 0x0, 0x0, 0x0, 0x0, 0x0,
    0x0, 0x0, 0x0, 0x0, 0x14, 0xff, 0xff, 0x24,
    0x0, 0x0, 0x0, 0x0, 0x0, 0x0, 0x0, 0x0,
    0x0, 0x0, 0x14, 0xff, 0xff, 0x24, 0x0, 0x0,
    0x0, 0x0, 0x0, 0x0, 0x0, 0x0, 0x0, 0x0,
    0x14, 0xff, 0xff, 0x24, 0x0, 0x0, 0x0, 0x0,
    0x0, 0x0, 0x0, 0x0, 0x0, 0x0, 0x14, 0xff,
    0xff, 0x24, 0x0, 0x0, 0x0, 0x0, 0x0, 0x0,
    0x0, 0x0, 0x0, 0x0, 0x14, 0xff, 0xff, 0x24,
    0x0, 0x0, 0x0, 0x0, 0x0, 0x0, 0x0, 0x0,
    0x0, 0x0, 0x14, 0xff, 0xff, 0x24, 0x0, 0x0,
    0x0, 0x0, 0x0, 0x0, 0x0, 0x0, 0x0, 0x0,
    0x14, 0xff, 0xff, 0x24, 0x0, 0x0, 0x0, 0x0,
    0x0, 0x0, 0x0, 0x0, 0x0, 0x0, 0x14, 0xff,
    0xff, 0x24, 0x0, 0x0, 0x0, 0x0, 0x0, 0x0,
    0x0, 0x0, 0x0, 0x0, 0x14, 0xff, 0xff, 0x24,
    0x0, 0x0, 0x0, 0x0, 0x0, 0x0, 0x0, 0x0,
    0x0, 0x0, 0x14, 0xff, 0xff, 0x24, 0x0, 0x0,
    0x0, 0x0, 0x0, 0x0, 0x0, 0x0, 0x0, 0x0,
    0x16, 0xff, 0xff, 0x21, 0x0, 0x0, 0x1, 0x42,
    0x7f, 0x0, 0x0, 0x0, 0x0, 0x0, 0x36, 0xff,
    0xff, 0xe, 0x0, 0x0, 0x37, 0xff, 0xff, 0x43,
    0x0, 0x0, 0x0, 0x0, 0x9b, 0xff, 0xd9, 0x0,
    0x0, 0x0, 0x0, 0xbd, 0xff, 0xef, 0x69, 0x23,
    0x2f, 0x90, 0xfe, 0xff, 0x70, 0x0, 0x0, 0x0,
    0x0, 0x14, 0xd4, 0xff, 0xff, 0xff, 0xff, 0xff,
    0xff, 0xb2, 0x3, 0x0, 0x0, 0x0, 0x0, 0x0,
    0xd, 0x7f, 0xd4, 0xf9, 0xf5, 0xca, 0x6a, 0x3,
    0x0, 0x0, 0x0, 0x0,

    /* U+0135 "ĵ" */
    0x0, 0x0, 0x9, 0xc1, 0xff, 0xe8, 0x24, 0x0,
    0x0, 0x0, 0x6, 0xb8, 0xff, 0x94, 0xf3, 0xde,
    0x19, 0x0, 0x0, 0x64, 0xb4, 0x77, 0x0, 0x44,
    0xb4, 0x86, 0x0, 0x0, 0x0, 0x0, 0x0, 0x0,
    0x0, 0x0, 0x0, 0x0, 0x0, 0x0, 0x0, 0x0,
    0x0, 0x0, 0x0, 0x0, 0x0, 0x0, 0x0, 0x0,
    0x78, 0xff, 0xc0, 0x0, 0x0, 0x0, 0x0, 0x0,
    0x0, 0x78, 0xff, 0xc0, 0x0, 0x0, 0x0, 0x0,
    0x0, 0x0, 0x78, 0xff, 0xc0, 0x0, 0x0, 0x0,
    0x0, 0x0, 0x0, 0x78, 0xff, 0xc0, 0x0, 0x0,
    0x0, 0x0, 0x0, 0x0, 0x78, 0xff, 0xc0, 0x0,
    0x0, 0x0, 0x0, 0x0, 0x0, 0x78, 0xff, 0xc0,
    0x0, 0x0, 0x0, 0x0, 0x0, 0x0, 0x78, 0xff,
    0xc0, 0x0, 0x0, 0x0, 0x0, 0x0, 0x0, 0x78,
    0xff, 0xc0, 0x0, 0x0, 0x0, 0x0, 0x0, 0x0,
    0x78, 0xff, 0xc0, 0x0, 0x0, 0x0, 0x0, 0x0,
    0x0, 0x78, 0xff, 0xc0, 0x0, 0x0, 0x0, 0x0,
    0x0, 0x0, 0x78, 0xff, 0xc0, 0x0, 0x0, 0x0,
    0x0, 0x0, 0x0, 0x78, 0xff, 0xc0, 0x0, 0x0,
    0x0, 0x0, 0x0, 0x0, 0x78, 0xff, 0xc0, 0x0,
    0x0, 0x0, 0x0, 0x0, 0x0, 0x7f, 0xff, 0xb0,
    0x0, 0x0, 0x0, 0x0, 0x9, 0x12, 0xcc, 0xff,
    0x8d, 0x0, 0x0, 0x0, 0x0, 0xb1, 0xff, 0xff,
    0xfc, 0x27, 0x0, 0x0, 0x0, 0x2, 0xd5, 0xf2,
    0xc8, 0x43, 0x0, 0x0, 0x0, 0x0,

    /* U+0136 "Ķ" */
    0x44, 0xff, 0xf0, 0x0, 0x0, 0x0, 0x0, 0x0,
    0x0, 0xa, 0xcb, 0xff, 0xef, 0x29, 0x44, 0xff,
    0xf0, 0x0, 0x0, 0x0, 0x0, 0x0, 0x2, 0xb0,
    0xff, 0xf9, 0x40, 0x0, 0x44, 0xff, 0xf0, 0x0,
    0x0, 0x0, 0x0, 0x0, 0x8f, 0xff, 0xfe, 0x5a,
    0x0, 0x0, 0x44, 0xff, 0xf0, 0x0, 0x0, 0x0,
    0x0, 0x6b, 0xff, 0xff, 0x79, 0x0, 0x0, 0x0,
    0x44, 0xff, 0xf0, 0x0, 0x0, 0x0, 0x4b, 0xfc,
    0xff, 0x9a, 0x0, 0x0, 0x0, 0x0, 0x44, 0xff,
    0xf0, 0x0, 0x0, 0x30, 0xf3, 0xff, 0xb6, 0x4,
    0x0, 0x0, 0x0, 0x0, 0x44, 0xff, 0xf0, 0x0,
    0x1c, 0xe4, 0xff, 0xce, 0xc, 0x0, 0x0, 0x0,
    0x0, 0x0, 0x44, 0xff, 0xf0, 0xc, 0xd0, 0xff,
    0xff, 0x42, 0x0, 0x0, 0x0, 0x0, 0x0, 0x0,
    0x44, 0xff, 0xf3, 0xb6, 0xff, 0xff, 0xff, 0xcf,
    0x6, 0x0, 0x0, 0x0, 0x0, 0x0, 0x44, 0xff,
    0xff, 0xff, 0xf9, 0x69, 0xf7, 0xff, 0x8c, 0x0,
    0x0, 0x0, 0x0, 0x0, 0x44, 0xff, 0xff, 0xfe,
    0x5b, 0x0, 0x6d, 0xff, 0xfe, 0x43, 0x0, 0x0,
    0x0, 0x0, 0x44, 0xff, 0xff, 0x7a, 0x0, 0x0,
    0x1, 0xb7, 0xff, 0xe4, 0x12, 0x0, 0x0, 0x0,
    0x44, 0xff, 0xf1, 0x0, 0x0, 0x0, 0x0, 0x18,
    0xeb, 0xff, 0xad, 0x0, 0x0, 0x0, 0x44, 0xff,
    0xf0, 0x0, 0x0, 0x0, 0x0, 0x0, 0x4e, 0xff,
    0xff, 0x63, 0x0, 0x0, 0x44, 0xff, 0xf0, 0x0,
    0x0, 0x0, 0x0, 0x0, 0x0, 0x99, 0xff, 0xf4,
    0x24, 0x0, 0x44, 0xff, 0xf0, 0x0, 0x0, 0x0,
    0x0, 0x0, 0x0, 0xa, 0xd9, 0xff, 0xca, 0x4,
    0x44, 0xff, 0xf0, 0x0, 0x0, 0x0, 0x0, 0x0,
    0x0, 0x0, 0x34, 0xfa, 0xff, 0x85, 0x0, 0x0,
    0x0, 0x0, 0x0, 0x0, 0x0, 0x0, 0x0, 0x0,
    0x0, 0x0, 0x0, 0x0, 0x0, 0x0, 0x0, 0x0,
    0x0, 0x79, 0xf3, 0x86, 0x0, 0x0, 0x0, 0x0,
    0x0, 0x0, 0x0, 0x0, 0x0, 0x0, 0x0, 0xdc,
    0xff, 0xe9, 0x0, 0x0, 0x0, 0x0, 0x0, 0x0,
    0x0, 0x0, 0x0, 0x0, 0x0, 0x52, 0xfa, 0x9f,
    0x0, 0x0, 0x0, 0x0, 0x0, 0x0, 0x0, 0x0,
    0x0, 0x0, 0x0, 0x6f, 0xe5, 0x12, 0x0, 0x0,
    0x0, 0x0, 0x0, 0x0, 0x0, 0x0, 0x0, 0x0,
    0x0, 0x33, 0x3e, 0x0, 0x0, 0x0, 0x0, 0x0,
    0x0, 0x0,

    /* U+0137 "ķ" */
    0xa8, 0xff, 0x8c, 0x0, 0x0, 0x0, 0x0, 0x0,
    0x0, 0x0, 0x0, 0xa8, 0xff, 0x8c, 0x0, 0x0,
    0x0, 0x0, 0x0, 0x0, 0x0, 0x0, 0xa8, 0xff,
    0x8c, 0x0, 0x0, 0x0, 0x0, 0x0, 0x0, 0x0,
    0x0, 0xa8, 0xff, 0x8c, 0x0, 0x0, 0x0, 0x0,
    0x0, 0x0, 0x0, 0x0, 0xa8, 0xff, 0x8c, 0x0,
    0x0, 0x0, 0x0, 0x0, 0x0, 0x0, 0x0, 0xa8,
    0xff, 0x8c, 0x0, 0x0, 0x0, 0xd, 0xc9, 0xff,
    0xe9, 0x28, 0xa8, 0xff, 0x8c, 0x0, 0x0, 0xa,
    0xc3, 0xff, 0xeb, 0x2b, 0x0, 0xa8, 0xff, 0x8c,
    0x0, 0x8, 0xbc, 0xff, 0xed, 0x2e, 0x0, 0x0,
    0xa8, 0xff, 0x8c, 0x6, 0xb5, 0xff, 0xef, 0x32,
    0x0, 0x0, 0x0, 0xa8, 0xff, 0x90, 0xae, 0xff,
    0xfc, 0x36, 0x0, 0x0, 0x0, 0x0, 0xa8, 0xff,
    0xf6, 0xff, 0xff, 0xff, 0x60, 0x0, 0x0, 0x0,
    0x0, 0xa8, 0xff, 0xff, 0xf6, 0xb6, 0xff, 0xef,
    0x1a, 0x0, 0x0, 0x0, 0xa8, 0xff, 0xf6, 0x45,
    0xa, 0xdd, 0xff, 0xb3, 0x0, 0x0, 0x0, 0xa8,
    0xff, 0x90, 0x0, 0x0, 0x42, 0xff, 0xff, 0x5d,
    0x0, 0x0, 0xa8, 0xff, 0x8c, 0x0, 0x0, 0x0,
    0x9a, 0xff, 0xee, 0x18, 0x0, 0xa8, 0xff, 0x8c,
    0x0, 0x0, 0x0, 0xe, 0xe4, 0xff, 0xb0, 0x0,
    0xa8, 0xff, 0x8c, 0x0, 0x0, 0x0, 0x0, 0x4c,
    0xff, 0xff, 0x5b, 0x0, 0x0, 0x0, 0x0, 0x0,
    0x0, 0x0, 0x0, 0x0, 0x0, 0x0, 0x0, 0x0,
    0x0, 0x38, 0xe8, 0xc6, 0xa, 0x0, 0x0, 0x0,
    0x0, 0x0, 0x0, 0x0, 0x89, 0xff, 0xff, 0x39,
    0x0, 0x0, 0x0, 0x0, 0x0, 0x0, 0x0, 0x22,
    0xd9, 0xe6, 0xa, 0x0, 0x0, 0x0, 0x0, 0x0,
    0x0, 0x0, 0x28, 0xf5, 0x49, 0x0, 0x0, 0x0,
    0x0, 0x0, 0x0, 0x0, 0x0, 0x11, 0x60, 0x0,
    0x0, 0x0, 0x0, 0x0, 0x0,

    /* U+0138 "ĸ" */
    0xa8, 0xff, 0x8c, 0x0, 0x0, 0x0, 0x1b, 0xe2,
    0xff, 0xcd, 0xd, 0xa8, 0xff, 0x8c, 0x0, 0x0,
    0xf, 0xd2, 0xff, 0xd9, 0x15, 0x0, 0xa8, 0xff,
    0x8c, 0x0, 0x6, 0xbe, 0xff, 0xe3, 0x1e, 0x0,
    0x0, 0xa8, 0xff, 0x8c, 0x1, 0xa7, 0xff, 0xec,
    0x29, 0x0, 0x0, 0x0, 0xa8, 0xff, 0x8c, 0x8e,
    0xff, 0xf3, 0x35, 0x0, 0x0, 0x0, 0x0, 0xa8,
    0xff, 0xe3, 0xff, 0xff, 0x50, 0x0, 0x0, 0x0,
    0x0, 0x0, 0xa8, 0xff, 0x9f, 0xdb, 0xff, 0xb7,
    0x4, 0x0, 0x0, 0x0, 0x0, 0xa8, 0xff, 0x8c,
    0x26, 0xed, 0xff, 0x99, 0x0, 0x0, 0x0, 0x0,
    0xa8, 0xff, 0x8c, 0x0, 0x3f, 0xfa, 0xff, 0x77,
    0x0, 0x0, 0x0, 0xa8, 0xff, 0x8c, 0x0, 0x0,
    0x5f, 0xff, 0xfe, 0x56, 0x0, 0x0, 0xa8, 0xff,
    0x8c, 0x0, 0x0, 0x0, 0x84, 0xff, 0xf7, 0x3b,
    0x0, 0xa8, 0xff, 0x8c, 0x0, 0x0, 0x0, 0x1,
    0xa8, 0xff, 0xeb, 0x24,

    /* U+0139 "Ĺ" */
    0x0, 0x0, 0x7, 0x8, 0x4, 0x0, 0x0, 0x0,
    0x0, 0x0, 0x0, 0x0, 0x1b, 0xfc, 0xfe, 0x37,
    0x0, 0x0, 0x0, 0x0, 0x0, 0x0, 0x0, 0x82,
    0xff, 0xa5, 0x0, 0x0, 0x0, 0x0, 0x0, 0x0,
    0x0, 0x4, 0xe6, 0xf6, 0x1d, 0x0, 0x0, 0x0,
    0x0, 0x0, 0x0, 0x0, 0x0, 0x0, 0x0, 0x0,
    0x0, 0x0, 0x0, 0x0, 0x0, 0x0, 0x0, 0x44,
    0xff, 0xf0, 0x0, 0x0, 0x0, 0x0, 0x0, 0x0,
    0x0, 0x0, 0x44, 0xff, 0xf0, 0x0, 0x0, 0x0,
    0x0, 0x0, 0x0, 0x0, 0x0, 0x44, 0xff, 0xf0,
    0x0, 0x0, 0x0, 0x0, 0x0, 0x0, 0x0, 0x0,
    0x44, 0xff, 0xf0, 0x0, 0x0, 0x0, 0x0, 0x0,
    0x0, 0x0, 0x0, 0x44, 0xff, 0xf0, 0x0, 0x0,
    0x0, 0x0, 0x0, 0x0, 0x0, 0x0, 0x44, 0xff,
    0xf0, 0x0, 0x0, 0x0, 0x0, 0x0, 0x0, 0x0,
    0x0, 0x44, 0xff, 0xf0, 0x0, 0x0, 0x0, 0x0,
    0x0, 0x0, 0x0, 0x0, 0x44, 0xff, 0xf0, 0x0,
    0x0, 0x0, 0x0, 0x0, 0x0, 0x0, 0x0, 0x44,
    0xff, 0xf0, 0x0, 0x0, 0x0, 0x0, 0x0, 0x0,
    0x0, 0x0, 0x44, 0xff, 0xf0, 0x0, 0x0, 0x0,
    0x0, 0x0, 0x0, 0x0, 0x0, 0x44, 0xff, 0xf0,
    0x0, 0x0, 0x0, 0x0, 0x0, 0x0, 0x0, 0x0,
    0x44, 0xff, 0xf0, 0x0, 0x0, 0x0, 0x0, 0x0,
    0x0, 0x0, 0x0, 0x44, 0xff, 0xf0, 0x0, 0x0,
    0x0, 0x0, 0x0, 0x0, 0x0, 0x0, 0x44, 0xff,
    0xf0, 0x0, 0x0, 0x0, 0x0, 0x0, 0x0, 0x0,
    0x0, 0x44, 0xff, 0xf1, 0x18, 0x18, 0x18, 0x18,
    0x18, 0x18, 0x18, 0x9, 0x44, 0xff, 0xff, 0xff,
    0xff, 0xff, 0xff, 0xff, 0xff, 0xff, 0x60, 0x44,
    0xff, 0xff, 0xff, 0xff, 0xff, 0xff, 0xff, 0xff,
    0xff, 0x60,

    /* U+013A "ĺ" */
    0x0, 0x2, 0x8, 0x8, 0x1, 0x0, 0x7c, 0xff,
    0xd2, 0x3, 0x3, 0xe2, 0xff, 0x43, 0x0, 0x4f,
    0xff, 0xb1, 0x0, 0x0, 0x0, 0x0, 0x0, 0x0,
    0x0, 0xa8, 0xff, 0x8c, 0x0, 0x0, 0xa8, 0xff,
    0x8c, 0x0, 0x0, 0xa8, 0xff, 0x8c, 0x0, 0x0,
    0xa8, 0xff, 0x8c, 0x0, 0x0, 0xa8, 0xff, 0x8c,
    0x0, 0x0, 0xa8, 0xff, 0x8c, 0x0, 0x0, 0xa8,
    0xff, 0x8c, 0x0, 0x0, 0xa8, 0xff, 0x8c, 0x0,
    0x0, 0xa8, 0xff, 0x8c, 0x0, 0x0, 0xa8, 0xff,
    0x8c, 0x0, 0x0, 0xa8, 0xff, 0x8c, 0x0, 0x0,
    0xa8, 0xff, 0x8c, 0x0, 0x0, 0xa8, 0xff, 0x8c,
    0x0, 0x0, 0xa8, 0xff, 0x8c, 0x0, 0x0, 0xa8,
    0xff, 0x8c, 0x0, 0x0, 0xa8, 0xff, 0x8c, 0x0,
    0x0, 0xa8, 0xff, 0x8c, 0x0, 0x0,

    /* U+013B "Ļ" */
    0x44, 0xff, 0xf0, 0x0, 0x0, 0x0, 0x0, 0x0,
    0x0, 0x0, 0x0, 0x44, 0xff, 0xf0, 0x0, 0x0,
    0x0, 0x0, 0x0, 0x0, 0x0, 0x0, 0x44, 0xff,
    0xf0, 0x0, 0x0, 0x0, 0x0, 0x0, 0x0, 0x0,
    0x0, 0x44, 0xff, 0xf0, 0x0, 0x0, 0x0, 0x0,
    0x0, 0x0, 0x0, 0x0, 0x44, 0xff, 0xf0, 0x0,
    0x0, 0x0, 0x0, 0x0, 0x0, 0x0, 0x0, 0x44,
    0xff, 0xf0, 0x0, 0x0, 0x0, 0x0, 0x0, 0x0,
    0x0, 0x0, 0x44, 0xff, 0xf0, 0x0, 0x0, 0x0,
    0x0, 0x0, 0x0, 0x0, 0x0, 0x44, 0xff, 0xf0,
    0x0, 0x0, 0x0, 0x0, 0x0, 0x0, 0x0, 0x0,
    0x44, 0xff, 0xf0, 0x0, 0x0, 0x0, 0x0, 0x0,
    0x0, 0x0, 0x0, 0x44, 0xff, 0xf0, 0x0, 0x0,
    0x0, 0x0, 0x0, 0x0, 0x0, 0x0, 0x44, 0xff,
    0xf0, 0x0, 0x0, 0x0, 0x0, 0x0, 0x0, 0x0,
    0x0, 0x44, 0xff, 0xf0, 0x0, 0x0, 0x0, 0x0,
    0x0, 0x0, 0x0, 0x0, 0x44, 0xff, 0xf0, 0x0,
    0x0, 0x0, 0x0, 0x0, 0x0, 0x0, 0x0, 0x44,
    0xff, 0xf0, 0x0, 0x0, 0x0, 0x0, 0x0, 0x0,
    0x0, 0x0, 0x44, 0xff, 0xf1, 0x18, 0x18, 0x18,
    0x18, 0x18, 0x18, 0x18, 0x9, 0x44, 0xff, 0xff,
    0xff, 0xff, 0xff, 0xff, 0xff, 0xff, 0xff, 0x60,
    0x44, 0xff, 0xff, 0xff, 0xff, 0xff, 0xff, 0xff,
    0xff, 0xff, 0x60, 0x0, 0x0, 0x0, 0x0, 0x0,
    0x0, 0x0, 0x0, 0x0, 0x0, 0x0, 0x0, 0x0,
    0x0, 0x0, 0x71, 0xf3, 0x8d, 0x0, 0x0, 0x0,
    0x0, 0x0, 0x0, 0x0, 0x0, 0xd1, 0xff, 0xf2,
    0x0, 0x0, 0x0, 0x0, 0x0, 0x0, 0x0, 0x0,
    0x4b, 0xf8, 0xab, 0x0, 0x0, 0x0, 0x0, 0x0,
    0x0, 0x0, 0x0, 0x67, 0xeb, 0x17, 0x0, 0x0,
    0x0, 0x0, 0x0, 0x0, 0x0, 0x0, 0x2e, 0x44,
    0x0, 0x0, 0x0, 0x0, 0x0,

    /* U+013C "ļ" */
    0xa8, 0xff, 0x8c, 0xa8, 0xff, 0x8c, 0xa8, 0xff,
    0x8c, 0xa8, 0xff, 0x8c, 0xa8, 0xff, 0x8c, 0xa8,
    0xff, 0x8c, 0xa8, 0xff, 0x8c, 0xa8, 0xff, 0x8c,
    0xa8, 0xff, 0x8c, 0xa8, 0xff, 0x8c, 0xa8, 0xff,
    0x8c, 0xa8, 0xff, 0x8c, 0xa8, 0xff, 0x8c, 0xa8,
    0xff, 0x8c, 0xa8, 0xff, 0x8c, 0xa8, 0xff, 0x8c,
    0xa8, 0xff, 0x8c, 0x0, 0x0, 0x0, 0x88, 0xf3,
    0x77, 0xec, 0xff, 0xd9, 0x5f, 0xfe, 0x8f, 0x7f,
    0xdb, 0xb, 0x3b, 0x35, 0x0,

    /* U+013D "Ľ" */
    0x44, 0xff, 0xf0, 0x0, 0x0, 0x0, 0xa8, 0xff,
    0xa9, 0x0, 0x0, 0x44, 0xff, 0xf0, 0x0, 0x0,
    0x0, 0xa8, 0xff, 0x7c, 0x0, 0x0, 0x44, 0xff,
    0xf0, 0x0, 0x0, 0x0, 0xa8, 0xff, 0x4f, 0x0,
    0x0, 0x44, 0xff, 0xf0, 0x0, 0x0, 0x0, 0xa8,
    0xff, 0x22, 0x0, 0x0, 0x44, 0xff, 0xf0, 0x0,
    0x0, 0x0, 0xa5, 0xf0, 0x1, 0x0, 0x0, 0x44,
    0xff, 0xf0, 0x0, 0x0, 0x0, 0x0, 0x0, 0x0,
    0x0, 0x0, 0x44, 0xff, 0xf0, 0x0, 0x0, 0x0,
    0x0, 0x0, 0x0, 0x0, 0x0, 0x44, 0xff, 0xf0,
    0x0, 0x0, 0x0, 0x0, 0x0, 0x0, 0x0, 0x0,
    0x44, 0xff, 0xf0, 0x0, 0x0, 0x0, 0x0, 0x0,
    0x0, 0x0, 0x0, 0x44, 0xff, 0xf0, 0x0, 0x0,
    0x0, 0x0, 0x0, 0x0, 0x0, 0x0, 0x44, 0xff,
    0xf0, 0x0, 0x0, 0x0, 0x0, 0x0, 0x0, 0x0,
    0x0, 0x44, 0xff, 0xf0, 0x0, 0x0, 0x0, 0x0,
    0x0, 0x0, 0x0, 0x0, 0x44, 0xff, 0xf0, 0x0,
    0x0, 0x0, 0x0, 0x0, 0x0, 0x0, 0x0, 0x44,
    0xff, 0xf0, 0x0, 0x0, 0x0, 0x0, 0x0, 0x0,
    0x0, 0x0, 0x44, 0xff, 0xf1, 0x18, 0x18, 0x18,
    0x18, 0x18, 0x18, 0x18, 0x9, 0x44, 0xff, 0xff,
    0xff, 0xff, 0xff, 0xff, 0xff, 0xff, 0xff, 0x60,
    0x44, 0xff, 0xff, 0xff, 0xff, 0xff, 0xff, 0xff,
    0xff, 0xff, 0x60,

    /* U+013E "ľ" */
    0x2c, 0xff, 0xff, 0x8, 0x70, 0xff, 0xe1, 0x2c,
    0xff, 0xff, 0x8, 0x70, 0xff, 0xb5, 0x2c, 0xff,
    0xff, 0x8, 0x70, 0xff, 0x89, 0x2c, 0xff, 0xff,
    0x8, 0x70, 0xff, 0x5d, 0x2c, 0xff, 0xff, 0x8,
    0x6e, 0xfc, 0x30, 0x2c, 0xff, 0xff, 0x8, 0x0,
    0x0, 0x0, 0x2c, 0xff, 0xff, 0x8, 0x0, 0x0,
    0x0, 0x2c, 0xff, 0xff, 0x8, 0x0, 0x0, 0x0,
    0x2c, 0xff, 0xff, 0x8, 0x0, 0x0, 0x0, 0x2c,
    0xff, 0xff, 0x8, 0x0, 0x0, 0x0, 0x2c, 0xff,
    0xff, 0x8, 0x0, 0x0, 0x0, 0x2c, 0xff, 0xff,
    0x8, 0x0, 0x0, 0x0, 0x2c, 0xff, 0xff, 0x8,
    0x0, 0x0, 0x0, 0x2c, 0xff, 0xff, 0x8, 0x0,
    0x0, 0x0, 0x2c, 0xff, 0xff, 0x8, 0x0, 0x0,
    0x0, 0x2c, 0xff, 0xff, 0x8, 0x0, 0x0, 0x0,
    0x2c, 0xff, 0xff, 0x8, 0x0, 0x0, 0x0,

    /* U+013F "Ŀ" */
    0x44, 0xff, 0xf0, 0x0, 0x0, 0x0, 0x0, 0x0,
    0x0, 0x0, 0x0, 0x44, 0xff, 0xf0, 0x0, 0x0,
    0x0, 0x0, 0x0, 0x0, 0x0, 0x0, 0x44, 0xff,
    0xf0, 0x0, 0x0, 0x0, 0x0, 0x0, 0x0, 0x0,
    0x0, 0x44, 0xff, 0xf0, 0x0, 0x0, 0x0, 0x0,
    0x0, 0x0, 0x0, 0x0, 0x44, 0xff, 0xf0, 0x0,
    0x0, 0x0, 0x0, 0x0, 0x0, 0x0, 0x0, 0x44,
    0xff, 0xf0, 0x0, 0x0, 0x0, 0x0, 0x0, 0x0,
    0x0, 0x0, 0x44, 0xff, 0xf0, 0x0, 0x0, 0x0,
    0x0, 0x0, 0x0, 0x0, 0x0, 0x44, 0xff, 0xf0,
    0x0, 0x0, 0x78, 0xf3, 0xb1, 0x4, 0x0, 0x0,
    0x44, 0xff, 0xf0, 0x0, 0x0, 0xf3, 0xff, 0xff,
    0x36, 0x0, 0x0, 0x44, 0xff, 0xf0, 0x0, 0x0,
    0xa8, 0xff, 0xdf, 0xd, 0x0, 0x0, 0x44, 0xff,
    0xf0, 0x0, 0x0, 0x2, 0x2b, 0xa, 0x0, 0x0,
    0x0, 0x44, 0xff, 0xf0, 0x0, 0x0, 0x0, 0x0,
    0x0, 0x0, 0x0, 0x0, 0x44, 0xff, 0xf0, 0x0,
    0x0, 0x0, 0x0, 0x0, 0x0, 0x0, 0x0, 0x44,
    0xff, 0xf0, 0x0, 0x0, 0x0, 0x0, 0x0, 0x0,
    0x0, 0x0, 0x44, 0xff, 0xf1, 0x18, 0x18, 0x18,
    0x18, 0x18, 0x18, 0x18, 0x9, 0x44, 0xff, 0xff,
    0xff, 0xff, 0xff, 0xff, 0xff, 0xff, 0xff, 0x60,
    0x44, 0xff, 0xff, 0xff, 0xff, 0xff, 0xff, 0xff,
    0xff, 0xff, 0x60,

    /* U+0141 "Ł" */
    0x0, 0x0, 0x74, 0xff, 0xc4, 0x0, 0x0, 0x0,
    0x0, 0x0, 0x0, 0x0, 0x0, 0x0, 0x0, 0x74,
    0xff, 0xc4, 0x0, 0x0, 0x0, 0x0, 0x0, 0x0,
    0x0, 0x0, 0x0, 0x0, 0x74, 0xff, 0xc4, 0x0,
    0x0, 0x0, 0x0, 0x0, 0x0, 0x0, 0x0, 0x0,
    0x0, 0x74, 0xff, 0xc4, 0x0, 0x0, 0x0, 0x0,
    0x0, 0x0, 0x0, 0x0, 0x0, 0x0, 0x74, 0xff,
    0xc4, 0x0, 0x0, 0x7, 0x0, 0x0, 0x0, 0x0,
    0x0, 0x0, 0x0, 0x74, 0xff, 0xc4, 0x1, 0x60,
    0xe7, 0x2f, 0x0, 0x0, 0x0, 0x0, 0x0, 0x0,
    0x74, 0xff, 0xda, 0xc2, 0xff, 0xfe, 0x76, 0x0,
    0x0, 0x0, 0x0, 0x0, 0x0, 0x74, 0xff, 0xff,
    0xff, 0xd4, 0x3d, 0x0, 0x0, 0x0, 0x0, 0x0,
    0x0, 0x28, 0xc9, 0xff, 0xf6, 0x78, 0x5, 0x0,
    0x0, 0x0, 0x0, 0x0, 0x0, 0x7f, 0xf9, 0xff,
    0xff, 0xc4, 0x0, 0x0, 0x0, 0x0, 0x0, 0x0,
    0x0, 0x0, 0x89, 0xf4, 0xc7, 0xff, 0xc4, 0x0,
    0x0, 0x0, 0x0, 0x0, 0x0, 0x0, 0x0, 0xa,
    0x1e, 0x74, 0xff, 0xc4, 0x0, 0x0, 0x0, 0x0,
    0x0, 0x0, 0x0, 0x0, 0x0, 0x0, 0x74, 0xff,
    0xc4, 0x0, 0x0, 0x0, 0x0, 0x0, 0x0, 0x0,
    0x0, 0x0, 0x0, 0x74, 0xff, 0xc4, 0x0, 0x0,
    0x0, 0x0, 0x0, 0x0, 0x0, 0x0, 0x0, 0x0,
    0x74, 0xff, 0xc9, 0x18, 0x18, 0x18, 0x18, 0x18,
    0x18, 0x18, 0x4, 0x0, 0x0, 0x74, 0xff, 0xff,
    0xff, 0xff, 0xff, 0xff, 0xff, 0xff, 0xff, 0x34,
    0x0, 0x0, 0x74, 0xff, 0xff, 0xff, 0xff, 0xff,
    0xff, 0xff, 0xff, 0xff, 0x34,

    /* U+0142 "ł" */
    0x0, 0x0, 0x0, 0xd4, 0xff, 0x60, 0x0, 0x0,
    0x0, 0x0, 0x0, 0x0, 0xd4, 0xff, 0x60, 0x0,
    0x0, 0x0, 0x0, 0x0, 0x0, 0xd4, 0xff, 0x60,
    0x0, 0x0, 0x0, 0x0, 0x0, 0x0, 0xd4, 0xff,
    0x60, 0x0, 0x0, 0x0, 0x0, 0x0, 0x0, 0xd4,
    0xff, 0x60, 0x0, 0x0, 0x0, 0x0, 0x0, 0x0,
    0xd4, 0xff, 0x64, 0x84, 0x67, 0x0, 0x0, 0x0,
    0x0, 0xd4, 0xff, 0xf0, 0xff, 0xed, 0xe, 0x0,
    0x0, 0x1, 0xda, 0xff, 0xff, 0xcd, 0x26, 0x0,
    0x0, 0x17, 0xb9, 0xff, 0xff, 0xa2, 0x6, 0x0,
    0x0, 0x14, 0xe8, 0xff, 0xff, 0xff, 0x60, 0x0,
    0x0, 0x0, 0x0, 0x8f, 0x9f, 0xdc, 0xff, 0x60,
    0x0, 0x0, 0x0, 0x0, 0x1, 0x0, 0xd4, 0xff,
    0x60, 0x0, 0x0, 0x0, 0x0, 0x0, 0x0, 0xd4,
    0xff, 0x60, 0x0, 0x0, 0x0, 0x0, 0x0, 0x0,
    0xd4, 0xff, 0x60, 0x0, 0x0, 0x0, 0x0, 0x0,
    0x0, 0xd4, 0xff, 0x60, 0x0, 0x0, 0x0, 0x0,
    0x0, 0x0, 0xd4, 0xff, 0x60, 0x0, 0x0, 0x0,
    0x0, 0x0, 0x0, 0xd4, 0xff, 0x60, 0x0, 0x0,
    0x0,

    /* U+0143 "Ń" */
    0x0, 0x0, 0x0, 0x0, 0x0, 0x0, 0x0, 0x0,
    0x8, 0x8, 0x2, 0x0, 0x0, 0x0, 0x0, 0x0,
    0x0, 0x0, 0x0, 0x0, 0x0, 0x4c, 0xff, 0xf0,
    0x15, 0x0, 0x0, 0x0, 0x0, 0x0, 0x0, 0x0,
    0x0, 0x0, 0x0, 0xb4, 0xff, 0x73, 0x0, 0x0,
    0x0, 0x0, 0x0, 0x0, 0x0, 0x0, 0x0, 0x0,
    0x1e, 0xfd, 0xdb, 0x6, 0x0, 0x0, 0x0, 0x0,
    0x0, 0x0, 0x0, 0x0, 0x0, 0x0, 0x0, 0x0,
    0x0, 0x0, 0x0, 0x0, 0x0, 0x0, 0x44, 0xff,
    0xff, 0xbb, 0x0, 0x0, 0x0, 0x0, 0x0, 0x0,
    0x0, 0x3c, 0xff, 0xf8, 0x44, 0xff, 0xff, 0xff,
    0x5e, 0x0, 0x0, 0x0, 0x0, 0x0, 0x0, 0x3c,
    0xff, 0xf8, 0x44, 0xff, 0xff, 0xff, 0xeb, 0x13,
    0x0, 0x0, 0x0, 0x0, 0x0, 0x3c, 0xff, 0xf8,
    0x44, 0xff, 0xe1, 0xd1, 0xff, 0xa1, 0x0, 0x0,
    0x0, 0x0, 0x0, 0x3c, 0xff, 0xf8, 0x44, 0xff,
    0xe1, 0x37, 0xfd, 0xff, 0x43, 0x0, 0x0, 0x0,
    0x0, 0x3c, 0xff, 0xf8, 0x44, 0xff, 0xe8, 0x0,
    0x94, 0xff, 0xdb, 0x8, 0x0, 0x0, 0x0, 0x3c,
    0xff, 0xf8, 0x44, 0xff, 0xef, 0x0, 0xd, 0xe4,
    0xff, 0x86, 0x0, 0x0, 0x0, 0x3c, 0xff, 0xf8,
    0x44, 0xff, 0xf0, 0x0, 0x0, 0x51, 0xff, 0xfa,
    0x2c, 0x0, 0x0, 0x3c, 0xff, 0xf8, 0x44, 0xff,
    0xf0, 0x0, 0x0, 0x0, 0xaf, 0xff, 0xc6, 0x2,
    0x0, 0x3c, 0xff, 0xf8, 0x44, 0xff, 0xf0, 0x0,
    0x0, 0x0, 0x1c, 0xf2, 0xff, 0x6a, 0x0, 0x3c,
    0xff, 0xf8, 0x44, 0xff, 0xf0, 0x0, 0x0, 0x0,
    0x0, 0x6d, 0xff, 0xf1, 0x1a, 0x38, 0xff, 0xf8,
    0x44, 0xff, 0xf0, 0x0, 0x0, 0x0, 0x0, 0x2,
    0xc9, 0xff, 0xae, 0x31, 0xff, 0xf8, 0x44, 0xff,
    0xf0, 0x0, 0x0, 0x0, 0x0, 0x0, 0x2e, 0xfb,
    0xff, 0x78, 0xff, 0xf8, 0x44, 0xff, 0xf0, 0x0,
    0x0, 0x0, 0x0, 0x0, 0x0, 0x89, 0xff, 0xf7,
    0xff, 0xf8, 0x44, 0xff, 0xf0, 0x0, 0x0, 0x0,
    0x0, 0x0, 0x0, 0x9, 0xdd, 0xff, 0xff, 0xf8,
    0x44, 0xff, 0xf0, 0x0, 0x0, 0x0, 0x0, 0x0,
    0x0, 0x0, 0x46, 0xff, 0xff, 0xf8, 0x44, 0xff,
    0xf0, 0x0, 0x0, 0x0, 0x0, 0x0, 0x0, 0x0,
    0x0, 0xa5, 0xff, 0xf8,

    /* U+0144 "ń" */
    0x0, 0x0, 0x0, 0x0, 0x0, 0x41, 0xff, 0xf5,
    0x1c, 0x0, 0x0, 0x0, 0x0, 0x0, 0x0, 0x0,
    0xa9, 0xff, 0x80, 0x0, 0x0, 0x0, 0x0, 0x0,
    0x0, 0x0, 0x16, 0xf9, 0xe3, 0xa, 0x0, 0x0,
    0x0, 0x0, 0x0, 0x0, 0x0, 0x2, 0x8, 0x5,
    0x0, 0x0, 0x0, 0x0, 0x0, 0x0, 0x0, 0x0,
    0x0, 0x0, 0x0, 0x0, 0x0, 0x0, 0x0, 0xa8,
    0xff, 0x74, 0x17, 0x95, 0xe5, 0xf9, 0xdb, 0x88,
    0xb, 0x0, 0xa8, 0xff, 0x95, 0xe8, 0xff, 0xff,
    0xff, 0xff, 0xff, 0xc5, 0x5, 0xa8, 0xff, 0xff,
    0xde, 0x41, 0x4, 0x1c, 0x8d, 0xff, 0xff, 0x5f,
    0xa8, 0xff, 0xfd, 0x2f, 0x0, 0x0, 0x0, 0x0,
    0xc1, 0xff, 0xa6, 0xa8, 0xff, 0xba, 0x0, 0x0,
    0x0, 0x0, 0x0, 0x83, 0xff, 0xbf, 0xa8, 0xff,
    0x92, 0x0, 0x0, 0x0, 0x0, 0x0, 0x74, 0xff,
    0xc4, 0xa8, 0xff, 0x8c, 0x0, 0x0, 0x0, 0x0,
    0x0, 0x74, 0xff, 0xc4, 0xa8, 0xff, 0x8c, 0x0,
    0x0, 0x0, 0x0, 0x0, 0x74, 0xff, 0xc4, 0xa8,
    0xff, 0x8c, 0x0, 0x0, 0x0, 0x0, 0x0, 0x74,
    0xff, 0xc4, 0xa8, 0xff, 0x8c, 0x0, 0x0, 0x0,
    0x0, 0x0, 0x74, 0xff, 0xc4, 0xa8, 0xff, 0x8c,
    0x0, 0x0, 0x0, 0x0, 0x0, 0x74, 0xff, 0xc4,
    0xa8, 0xff, 0x8c, 0x0, 0x0, 0x0, 0x0, 0x0,
    0x74, 0xff, 0xc4,

    /* U+0145 "Ņ" */
    0x44, 0xff, 0xff, 0xbb, 0x0, 0x0, 0x0, 0x0,
    0x0, 0x0, 0x0, 0x3c, 0xff, 0xf8, 0x44, 0xff,
    0xff, 0xff, 0x5e, 0x0, 0x0, 0x0, 0x0, 0x0,
    0x0, 0x3c, 0xff, 0xf8, 0x44, 0xff, 0xff, 0xff,
    0xeb, 0x13, 0x0, 0x0, 0x0, 0x0, 0x0, 0x3c,
    0xff, 0xf8, 0x44, 0xff, 0xe1, 0xd1, 0xff, 0xa1,
    0x0, 0x0, 0x0, 0x0, 0x0, 0x3c, 0xff, 0xf8,
    0x44, 0xff, 0xe1, 0x37, 0xfd, 0xff, 0x43, 0x0,
    0x0, 0x0, 0x0, 0x3c, 0xff, 0xf8, 0x44, 0xff,
    0xe8, 0x0, 0x94, 0xff, 0xdb, 0x8, 0x0, 0x0,
    0x0, 0x3c, 0xff, 0xf8, 0x44, 0xff, 0xef, 0x0,
    0xd, 0xe4, 0xff, 0x86, 0x0, 0x0, 0x0, 0x3c,
    0xff, 0xf8, 0x44, 0xff, 0xf0, 0x0, 0x0, 0x51,
    0xff, 0xfa, 0x2c, 0x0, 0x0, 0x3c, 0xff, 0xf8,
    0x44, 0xff, 0xf0, 0x0, 0x0, 0x0, 0xaf, 0xff,
    0xc6, 0x2, 0x0, 0x3c, 0xff, 0xf8, 0x44, 0xff,
    0xf0, 0x0, 0x0, 0x0, 0x1c, 0xf2, 0xff, 0x6a,
    0x0, 0x3c, 0xff, 0xf8, 0x44, 0xff, 0xf0, 0x0,
    0x0, 0x0, 0x0, 0x6d, 0xff, 0xf1, 0x1a, 0x38,
    0xff, 0xf8, 0x44, 0xff, 0xf0, 0x0, 0x0, 0x0,
    0x0, 0x2, 0xc9, 0xff, 0xae, 0x31, 0xff, 0xf8,
    0x44, 0xff, 0xf0, 0x0, 0x0, 0x0, 0x0, 0x0,
    0x2e, 0xfb, 0xff, 0x78, 0xff, 0xf8, 0x44, 0xff,
    0xf0, 0x0, 0x0, 0x0, 0x0, 0x0, 0x0, 0x89,
    0xff, 0xf7, 0xff, 0xf8, 0x44, 0xff, 0xf0, 0x0,
    0x0, 0x0, 0x0, 0x0, 0x0, 0x9, 0xdd, 0xff,
    0xff, 0xf8, 0x44, 0xff, 0xf0, 0x0, 0x0, 0x0,
    0x0, 0x0, 0x0, 0x0, 0x46, 0xff, 0xff, 0xf8,
    0x44, 0xff, 0xf0, 0x0, 0x0, 0x0, 0x0, 0x0,
    0x0, 0x0, 0x0, 0xa5, 0xff, 0xf8, 0x0, 0x0,
    0x0, 0x0, 0x0, 0x0, 0x0, 0x0, 0x0, 0x0,
    0x0, 0x0, 0x0, 0x0, 0x0, 0x0, 0x0, 0x0,
    0x0, 0x0, 0x9e, 0xf2, 0x60, 0x0, 0x0, 0x0,
    0x0, 0x0, 0x0, 0x0, 0x0, 0x0, 0x0, 0x6,
    0xfe, 0xff, 0xc1, 0x0, 0x0, 0x0, 0x0, 0x0,
    0x0, 0x0, 0x0, 0x0, 0x0, 0x0, 0x77, 0xff,
    0x77, 0x0, 0x0, 0x0, 0x0, 0x0, 0x0, 0x0,
    0x0, 0x0, 0x0, 0x0, 0x99, 0xca, 0x4, 0x0,
    0x0, 0x0, 0x0, 0x0, 0x0, 0x0, 0x0, 0x0,
    0x0, 0x0, 0x4a, 0x27, 0x0, 0x0, 0x0, 0x0,
    0x0, 0x0,

    /* U+0146 "ņ" */
    0xa8, 0xff, 0x74, 0x17, 0x95, 0xe5, 0xf9, 0xdb,
    0x88, 0xb, 0x0, 0xa8, 0xff, 0x95, 0xe8, 0xff,
    0xff, 0xff, 0xff, 0xff, 0xc5, 0x5, 0xa8, 0xff,
    0xff, 0xde, 0x41, 0x4, 0x1c, 0x8d, 0xff, 0xff,
    0x5f, 0xa8, 0xff, 0xfd, 0x2f, 0x0, 0x0, 0x0,
    0x0, 0xc1, 0xff, 0xa6, 0xa8, 0xff, 0xba, 0x0,
    0x0, 0x0, 0x0, 0x0, 0x83, 0xff, 0xbf, 0xa8,
    0xff, 0x92, 0x0, 0x0, 0x0, 0x0, 0x0, 0x74,
    0xff, 0xc4, 0xa8, 0xff, 0x8c, 0x0, 0x0, 0x0,
    0x0, 0x0, 0x74, 0xff, 0xc4, 0xa8, 0xff, 0x8c,
    0x0, 0x0, 0x0, 0x0, 0x0, 0x74, 0xff, 0xc4,
    0xa8, 0xff, 0x8c, 0x0, 0x0, 0x0, 0x0, 0x0,
    0x74, 0xff, 0xc4, 0xa8, 0xff, 0x8c, 0x0, 0x0,
    0x0, 0x0, 0x0, 0x74, 0xff, 0xc4, 0xa8, 0xff,
    0x8c, 0x0, 0x0, 0x0, 0x0, 0x0, 0x74, 0xff,
    0xc4, 0xa8, 0xff, 0x8c, 0x0, 0x0, 0x0, 0x0,
    0x0, 0x74, 0xff, 0xc4, 0x0, 0x0, 0x0, 0x0,
    0x0, 0x0, 0x0, 0x0, 0x0, 0x0, 0x0, 0x0,
    0x0, 0x0, 0x0, 0x71, 0xf3, 0x8d, 0x0, 0x0,
    0x0, 0x0, 0x0, 0x0, 0x0, 0x0, 0xd1, 0xff,
    0xf2, 0x0, 0x0, 0x0, 0x0, 0x0, 0x0, 0x0,
    0x0, 0x4b, 0xf8, 0xab, 0x0, 0x0, 0x0, 0x0,
    0x0, 0x0, 0x0, 0x0, 0x67, 0xeb, 0x17, 0x0,
    0x0, 0x0, 0x0, 0x0, 0x0, 0x0, 0x0, 0x2e,
    0x44, 0x0, 0x0, 0x0, 0x0, 0x0,

    /* U+0147 "Ň" */
    0x0, 0x0, 0x0, 0x0, 0x5f, 0x80, 0x30, 0x0,
    0x39, 0x80, 0x63, 0x0, 0x0, 0x0, 0x0, 0x0,
    0x0, 0x0, 0x2d, 0xf3, 0xe6, 0x42, 0xed, 0xf4,
    0x31, 0x0, 0x0, 0x0, 0x0, 0x0, 0x0, 0x0,
    0x0, 0x50, 0xfe, 0xff, 0xfd, 0x4d, 0x0, 0x0,
    0x0, 0x0, 0x0, 0x0, 0x0, 0x0, 0x0, 0x0,
    0x58, 0x80, 0x53, 0x0, 0x0, 0x0, 0x0, 0x0,
    0x0, 0x0, 0x0, 0x0, 0x0, 0x0, 0x0, 0x0,
    0x0, 0x0, 0x0, 0x0, 0x0, 0x0, 0x44, 0xff,
    0xff, 0xbb, 0x0, 0x0, 0x0, 0x0, 0x0, 0x0,
    0x0, 0x3c, 0xff, 0xf8, 0x44, 0xff, 0xff, 0xff,
    0x5e, 0x0, 0x0, 0x0, 0x0, 0x0, 0x0, 0x3c,
    0xff, 0xf8, 0x44, 0xff, 0xff, 0xff, 0xeb, 0x13,
    0x0, 0x0, 0x0, 0x0, 0x0, 0x3c, 0xff, 0xf8,
    0x44, 0xff, 0xe1, 0xd1, 0xff, 0xa1, 0x0, 0x0,
    0x0, 0x0, 0x0, 0x3c, 0xff, 0xf8, 0x44, 0xff,
    0xe1, 0x37, 0xfd, 0xff, 0x43, 0x0, 0x0, 0x0,
    0x0, 0x3c, 0xff, 0xf8, 0x44, 0xff, 0xe8, 0x0,
    0x94, 0xff, 0xdb, 0x8, 0x0, 0x0, 0x0, 0x3c,
    0xff, 0xf8, 0x44, 0xff, 0xef, 0x0, 0xd, 0xe4,
    0xff, 0x86, 0x0, 0x0, 0x0, 0x3c, 0xff, 0xf8,
    0x44, 0xff, 0xf0, 0x0, 0x0, 0x51, 0xff, 0xfa,
    0x2c, 0x0, 0x0, 0x3c, 0xff, 0xf8, 0x44, 0xff,
    0xf0, 0x0, 0x0, 0x0, 0xaf, 0xff, 0xc6, 0x2,
    0x0, 0x3c, 0xff, 0xf8, 0x44, 0xff, 0xf0, 0x0,
    0x0, 0x0, 0x1c, 0xf2, 0xff, 0x6a, 0x0, 0x3c,
    0xff, 0xf8, 0x44, 0xff, 0xf0, 0x0, 0x0, 0x0,
    0x0, 0x6d, 0xff, 0xf1, 0x1a, 0x38, 0xff, 0xf8,
    0x44, 0xff, 0xf0, 0x0, 0x0, 0x0, 0x0, 0x2,
    0xc9, 0xff, 0xae, 0x31, 0xff, 0xf8, 0x44, 0xff,
    0xf0, 0x0, 0x0, 0x0, 0x0, 0x0, 0x2e, 0xfb,
    0xff, 0x78, 0xff, 0xf8, 0x44, 0xff, 0xf0, 0x0,
    0x0, 0x0, 0x0, 0x0, 0x0, 0x89, 0xff, 0xf7,
    0xff, 0xf8, 0x44, 0xff, 0xf0, 0x0, 0x0, 0x0,
    0x0, 0x0, 0x0, 0x9, 0xdd, 0xff, 0xff, 0xf8,
    0x44, 0xff, 0xf0, 0x0, 0x0, 0x0, 0x0, 0x0,
    0x0, 0x0, 0x46, 0xff, 0xff, 0xf8, 0x44, 0xff,
    0xf0, 0x0, 0x0, 0x0, 0x0, 0x0, 0x0, 0x0,
    0x0, 0xa5, 0xff, 0xf8,

    /* U+0148 "ň" */
    0x0, 0x0, 0x66, 0xff, 0xb7, 0x4, 0x8b, 0xff,
    0xae, 0x1, 0x0, 0x0, 0x0, 0x0, 0x88, 0xff,
    0xcc, 0xff, 0xc1, 0x8, 0x0, 0x0, 0x0, 0x0,
    0x0, 0x1, 0x9f, 0xdc, 0xc0, 0x10, 0x0, 0x0,
    0x0, 0x0, 0x0, 0x0, 0x0, 0x0, 0x0, 0x0,
    0x0, 0x0, 0x0, 0x0, 0x0, 0x0, 0x0, 0x0,
    0x0, 0x0, 0x0, 0x0, 0x0, 0x0, 0x0, 0xa8,
    0xff, 0x74, 0x17, 0x95, 0xe5, 0xf9, 0xdb, 0x88,
    0xb, 0x0, 0xa8, 0xff, 0x95, 0xe8, 0xff, 0xff,
    0xff, 0xff, 0xff, 0xc5, 0x5, 0xa8, 0xff, 0xff,
    0xde, 0x41, 0x4, 0x1c, 0x8d, 0xff, 0xff, 0x5f,
    0xa8, 0xff, 0xfd, 0x2f, 0x0, 0x0, 0x0, 0x0,
    0xc1, 0xff, 0xa6, 0xa8, 0xff, 0xba, 0x0, 0x0,
    0x0, 0x0, 0x0, 0x83, 0xff, 0xbf, 0xa8, 0xff,
    0x92, 0x0, 0x0, 0x0, 0x0, 0x0, 0x74, 0xff,
    0xc4, 0xa8, 0xff, 0x8c, 0x0, 0x0, 0x0, 0x0,
    0x0, 0x74, 0xff, 0xc4, 0xa8, 0xff, 0x8c, 0x0,
    0x0, 0x0, 0x0, 0x0, 0x74, 0xff, 0xc4, 0xa8,
    0xff, 0x8c, 0x0, 0x0, 0x0, 0x0, 0x0, 0x74,
    0xff, 0xc4, 0xa8, 0xff, 0x8c, 0x0, 0x0, 0x0,
    0x0, 0x0, 0x74, 0xff, 0xc4, 0xa8, 0xff, 0x8c,
    0x0, 0x0, 0x0, 0x0, 0x0, 0x74, 0xff, 0xc4,
    0xa8, 0xff, 0x8c, 0x0, 0x0, 0x0, 0x0, 0x0,
    0x74, 0xff, 0xc4,

    /* U+014A "Ŋ" */
    0x44, 0xff, 0xff, 0xbb, 0x0, 0x0, 0x0, 0x0,
    0x0, 0x0, 0x0, 0x3c, 0xff, 0xf8, 0x44, 0xff,
    0xff, 0xff, 0x5e, 0x0, 0x0, 0x0, 0x0, 0x0,
    0x0, 0x3c, 0xff, 0xf8, 0x44, 0xff, 0xff, 0xff,
    0xeb, 0x13, 0x0, 0x0, 0x0, 0x0, 0x0, 0x3c,
    0xff, 0xf8, 0x44, 0xff, 0xe0, 0xd0, 0xff, 0xa1,
    0x0, 0x0, 0x0, 0x0, 0x0, 0x3c, 0xff, 0xf8,
    0x44, 0xff, 0xe1, 0x34, 0xfc, 0xff, 0x43, 0x0,
    0x0, 0x0, 0x0, 0x3c, 0xff, 0xf8, 0x44, 0xff,
    0xe8, 0x0, 0x8d, 0xff, 0xdb, 0x8, 0x0, 0x0,
    0x0, 0x3c, 0xff, 0xf8, 0x44, 0xff, 0xef, 0x0,
    0xa, 0xde, 0xff, 0x86, 0x0, 0x0, 0x0, 0x3c,
    0xff, 0xf8, 0x44, 0xff, 0xf0, 0x0, 0x0, 0x45,
    0xff, 0xfa, 0x2c, 0x0, 0x0, 0x3c, 0xff, 0xf8,
    0x44, 0xff, 0xf0, 0x0, 0x0, 0x0, 0xa1, 0xff,
    0xc6, 0x2, 0x0, 0x3c, 0xff, 0xf8, 0x44, 0xff,
    0xf0, 0x0, 0x0, 0x0, 0x12, 0xe9, 0xff, 0x6a,
    0x0, 0x3c, 0xff, 0xf8, 0x44, 0xff, 0xf0, 0x0,
    0x0, 0x0, 0x0, 0x58, 0xff, 0xf1, 0x1a, 0x38,
    0xff, 0xf8, 0x44, 0xff, 0xf0, 0x0, 0x0, 0x0,
    0x0, 0x0, 0xb3, 0xff, 0xae, 0x31, 0xff, 0xf8,
    0x44, 0xff, 0xf0, 0x0, 0x0, 0x0, 0x0, 0x0,
    0x1d, 0xf2, 0xff, 0x78, 0xff, 0xf8, 0x44, 0xff,
    0xf0, 0x0, 0x0, 0x0, 0x0, 0x0, 0x0, 0x6c,
    0xff, 0xf7, 0xff, 0xf8, 0x44, 0xff, 0xf0, 0x0,
    0x0, 0x0, 0x0, 0x0, 0x0, 0x2, 0xc5, 0xff,
    0xff, 0xf8, 0x44, 0xff, 0xf0, 0x0, 0x0, 0x0,
    0x0, 0x0, 0x0, 0x0, 0x29, 0xf9, 0xff, 0xf8,
    0x44, 0xff, 0xf0, 0x0, 0x0, 0x0, 0x0, 0x0,
    0x0, 0x0, 0x0, 0x7f, 0xff, 0xf8, 0x0, 0x0,
    0x0, 0x0, 0x0, 0x0, 0x0, 0x0, 0x0, 0x0,
    0x0, 0x3c, 0xff, 0xf8, 0x0, 0x0, 0x0, 0x0,
    0x0, 0x0, 0x0, 0x0, 0x0, 0x0, 0x0, 0x3f,
    0xff, 0xee, 0x0, 0x0, 0x0, 0x0, 0x0, 0x0,
    0x0, 0x0, 0x0, 0x6, 0x7, 0x93, 0xff, 0xca,
    0x0, 0x0, 0x0, 0x0, 0x0, 0x0, 0x0, 0x0,
    0x0, 0x74, 0xff, 0xff, 0xff, 0x60, 0x0, 0x0,
    0x0, 0x0, 0x0, 0x0, 0x0, 0x0, 0x0, 0x9f,
    0xf5, 0xd5, 0x69, 0x1,

    /* U+014B "ŋ" */
    0xa8, 0xff, 0x74, 0x17, 0x95, 0xe5, 0xf9, 0xdc,
    0x89, 0xc, 0x0, 0xa8, 0xff, 0x95, 0xe8, 0xff,
    0xff, 0xff, 0xff, 0xff, 0xc8, 0x6, 0xa8, 0xff,
    0xff, 0xde, 0x41, 0x4, 0x1a, 0x82, 0xff, 0xff,
    0x63, 0xa8, 0xff, 0xfd, 0x2f, 0x0, 0x0, 0x0,
    0x0, 0xbb, 0xff, 0xa8, 0xa8, 0xff, 0xba, 0x0,
    0x0, 0x0, 0x0, 0x0, 0x83, 0xff, 0xc0, 0xa8,
    0xff, 0x92, 0x0, 0x0, 0x0, 0x0, 0x0, 0x74,
    0xff, 0xc4, 0xa8, 0xff, 0x8c, 0x0, 0x0, 0x0,
    0x0, 0x0, 0x74, 0xff, 0xc4, 0xa8, 0xff, 0x8c,
    0x0, 0x0, 0x0, 0x0, 0x0, 0x74, 0xff, 0xc4,
    0xa8, 0xff, 0x8c, 0x0, 0x0, 0x0, 0x0, 0x0,
    0x74, 0xff, 0xc4, 0xa8, 0xff, 0x8c, 0x0, 0x0,
    0x0, 0x0, 0x0, 0x74, 0xff, 0xc4, 0xa8, 0xff,
    0x8c, 0x0, 0x0, 0x0, 0x0, 0x0, 0x74, 0xff,
    0xc4, 0xa8, 0xff, 0x8c, 0x0, 0x0, 0x0, 0x0,
    0x0, 0x74, 0xff, 0xc4, 0x0, 0x0, 0x0, 0x0,
    0x0, 0x0, 0x0, 0x0, 0x74, 0xff, 0xc4, 0x0,
    0x0, 0x0, 0x0, 0x0, 0x0, 0x0, 0x0, 0x7a,
    0xff, 0xba, 0x0, 0x0, 0x0, 0x0, 0x0, 0x0,
    0x8, 0x10, 0xc8, 0xff, 0x96, 0x0, 0x0, 0x0,
    0x0, 0x0, 0x0, 0xac, 0xff, 0xff, 0xfc, 0x30,
    0x0, 0x0, 0x0, 0x0, 0x0, 0x1, 0xd2, 0xf3,
    0xc9, 0x48, 0x0,

    /* U+014C "Ō" */
    0x0, 0x0, 0x0, 0x0, 0x0, 0x0, 0xa4, 0xff,
    0xff, 0xff, 0xff, 0xff, 0xff, 0x14, 0x0, 0x0,
    0x0, 0x0, 0x0, 0x0, 0x0, 0x0, 0x0, 0x0,
    0x0, 0x75, 0xb8, 0xb8, 0xb8, 0xb8, 0xb8, 0xb8,
    0xe, 0x0, 0x0, 0x0, 0x0, 0x0, 0x0, 0x0,
    0x0, 0x0, 0x0, 0x0, 0x0, 0x0, 0x0, 0x0,
    0x0, 0x0, 0x0, 0x0, 0x0, 0x0, 0x0, 0x0,
    0x0, 0x0, 0x0, 0x0, 0x0, 0x0, 0x0, 0x0,
    0x0, 0x0, 0x0, 0x0, 0x0, 0x0, 0x0, 0x0,
    0x0, 0x0, 0x0, 0x0, 0x0, 0x0, 0x0, 0x0,
    0x0, 0xe, 0x70, 0xb9, 0xe4, 0xf9, 0xee, 0xd2,
    0x91, 0x35, 0x0, 0x0, 0x0, 0x0, 0x0, 0x0,
    0x0, 0x0, 0x0, 0x63, 0xee, 0xff, 0xff, 0xff,
    0xff, 0xff, 0xff, 0xff, 0xff, 0xad, 0x12, 0x0,
    0x0, 0x0, 0x0, 0x0, 0x0, 0x8f, 0xff, 0xff,
    0xd7, 0x6e, 0x31, 0x1a, 0x25, 0x50, 0xa5, 0xfc,
    0xff, 0xde, 0x20, 0x0, 0x0, 0x0, 0x0, 0x75,
    0xff, 0xff, 0x82, 0x2, 0x0, 0x0, 0x0, 0x0,
    0x0, 0x0, 0x34, 0xe2, 0xff, 0xd5, 0xd, 0x0,
    0x0, 0x20, 0xf8, 0xff, 0x81, 0x0, 0x0, 0x0,
    0x0, 0x0, 0x0, 0x0, 0x0, 0x0, 0x26, 0xee,
    0xff, 0x87, 0x0, 0x0, 0x90, 0xff, 0xd7, 0x3,
    0x0, 0x0, 0x0, 0x0, 0x0, 0x0, 0x0, 0x0,
    0x0, 0x0, 0x6c, 0xff, 0xf5, 0xa, 0x0, 0xdd,
    0xff, 0x73, 0x0, 0x0, 0x0, 0x0, 0x0, 0x0,
    0x0, 0x0, 0x0, 0x0, 0x0, 0xb, 0xf8, 0xff,
    0x4c, 0x6, 0xff, 0xff, 0x3b, 0x0, 0x0, 0x0,
    0x0, 0x0, 0x0, 0x0, 0x0, 0x0, 0x0, 0x0,
    0x0, 0xcc, 0xff, 0x74, 0x16, 0xff, 0xff, 0x29,
    0x0, 0x0, 0x0, 0x0, 0x0, 0x0, 0x0, 0x0,
    0x0, 0x0, 0x0, 0x0, 0xba, 0xff, 0x86, 0x6,
    0xff, 0xff, 0x3b, 0x0, 0x0, 0x0, 0x0, 0x0,
    0x0, 0x0, 0x0, 0x0, 0x0, 0x0, 0x0, 0xcb,
    0xff, 0x74, 0x0, 0xde, 0xff, 0x73, 0x0, 0x0,
    0x0, 0x0, 0x0, 0x0, 0x0, 0x0, 0x0, 0x0,
    0x0, 0xb, 0xf8, 0xff, 0x4d, 0x0, 0x91, 0xff,
    0xd7, 0x3, 0x0, 0x0, 0x0, 0x0, 0x0, 0x0,
    0x0, 0x0, 0x0, 0x0, 0x6b, 0xff, 0xf6, 0xa,
    0x0, 0x21, 0xf8, 0xff, 0x80, 0x0, 0x0, 0x0,
    0x0, 0x0, 0x0, 0x0, 0x0, 0x0, 0x25, 0xed,
    0xff, 0x8a, 0x0, 0x0, 0x0, 0x76, 0xff, 0xff,
    0x81, 0x2, 0x0, 0x0, 0x0, 0x0, 0x0, 0x0,
    0x34, 0xe2, 0xff, 0xd8, 0xf, 0x0, 0x0, 0x0,
    0x0, 0x90, 0xff, 0xff, 0xd7, 0x6e, 0x31, 0x1a,
    0x24, 0x4f, 0xa4, 0xfc, 0xff, 0xe0, 0x23, 0x0,
    0x0, 0x0, 0x0, 0x0, 0x0, 0x64, 0xee, 0xff,
    0xff, 0xff, 0xff, 0xff, 0xff, 0xff, 0xff, 0xae,
    0x13, 0x0, 0x0, 0x0, 0x0, 0x0, 0x0, 0x0,
    0x0, 0xf, 0x71, 0xbb, 0xe6, 0xf9, 0xef, 0xd3,
    0x92, 0x35, 0x0, 0x0, 0x0, 0x0, 0x0,

    /* U+014D "ō" */
    0x0, 0x0, 0x0, 0xa4, 0xff, 0xff, 0xff, 0xff,
    0xff, 0xff, 0x14, 0x0, 0x0, 0x0, 0x0, 0x0,
    0x73, 0xb4, 0xb4, 0xb4, 0xb4, 0xb4, 0xb4, 0xe,
    0x0, 0x0, 0x0, 0x0, 0x0, 0x0, 0x0, 0x0,
    0x0, 0x0, 0x0, 0x0, 0x0, 0x0, 0x0, 0x0,
    0x0, 0x0, 0x0, 0x0, 0x0, 0x0, 0x0, 0x0,
    0x0, 0x0, 0x0, 0x0, 0x0, 0x0, 0x0, 0x0,
    0x0, 0x0, 0x0, 0x0, 0x0, 0x0, 0x0, 0x0,
    0x0, 0x0, 0x0, 0x0, 0x27, 0x9b, 0xde, 0xf8,
    0xee, 0xbe, 0x5e, 0x2, 0x0, 0x0, 0x0, 0x0,
    0x60, 0xf9, 0xff, 0xff, 0xff, 0xff, 0xff, 0xff,
    0xba, 0xd, 0x0, 0x0, 0x45, 0xfd, 0xff, 0xb6,
    0x32, 0x4, 0x15, 0x70, 0xf6, 0xff, 0xaf, 0x0,
    0x0, 0xd2, 0xff, 0xaf, 0x1, 0x0, 0x0, 0x0,
    0x0, 0x43, 0xfe, 0xff, 0x40, 0x25, 0xff, 0xff,
    0x24, 0x0, 0x0, 0x0, 0x0, 0x0, 0x0, 0xb5,
    0xff, 0x93, 0x49, 0xff, 0xea, 0x0, 0x0, 0x0,
    0x0, 0x0, 0x0, 0x0, 0x7b, 0xff, 0xb8, 0x4a,
    0xff, 0xea, 0x0, 0x0, 0x0, 0x0, 0x0, 0x0,
    0x0, 0x7b, 0xff, 0xb8, 0x25, 0xff, 0xff, 0x22,
    0x0, 0x0, 0x0, 0x0, 0x0, 0x0, 0xb3, 0xff,
    0x94, 0x0, 0xd2, 0xff, 0xac, 0x1, 0x0, 0x0,
    0x0, 0x0, 0x40, 0xfd, 0xff, 0x41, 0x0, 0x45,
    0xfd, 0xff, 0xb2, 0x30, 0x3, 0x14, 0x6c, 0xf4,
    0xff, 0xb0, 0x0, 0x0, 0x0, 0x61, 0xf9, 0xff,
    0xff, 0xff, 0xff, 0xff, 0xff, 0xba, 0xd, 0x0,
    0x0, 0x0, 0x0, 0x28, 0x9c, 0xe0, 0xf9, 0xef,
    0xc0, 0x5f, 0x3, 0x0, 0x0,

    /* U+014E "Ŏ" */
    0x0, 0x0, 0x0, 0x0, 0x0, 0x0, 0x28, 0x80,
    0x3b, 0x0, 0x0, 0x7e, 0x5f, 0x0, 0x0, 0x0,
    0x0, 0x0, 0x0, 0x0, 0x0, 0x0, 0x0, 0x0,
    0x0, 0x26, 0xff, 0xc5, 0x13, 0x5f, 0xff, 0x95,
    0x0, 0x0, 0x0, 0x0, 0x0, 0x0, 0x0, 0x0,
    0x0, 0x0, 0x0, 0x0, 0x0, 0x8e, 0xff, 0xff,
    0xff, 0xe5, 0x18, 0x0, 0x0, 0x0, 0x0, 0x0,
    0x0, 0x0, 0x0, 0x0, 0x0, 0x0, 0x0, 0x0,
    0x0, 0x50, 0x94, 0x7c, 0x14, 0x0, 0x0, 0x0,
    0x0, 0x0, 0x0, 0x0, 0x0, 0x0, 0x0, 0x0,
    0x0, 0x0, 0x0, 0x0, 0x0, 0x0, 0x0, 0x0,
    0x0, 0x0, 0x0, 0x0, 0x0, 0x0, 0x0, 0x0,
    0x0, 0x0, 0x0, 0x0, 0xe, 0x70, 0xb9, 0xe4,
    0xf9, 0xee, 0xd2, 0x91, 0x35, 0x0, 0x0, 0x0,
    0x0, 0x0, 0x0, 0x0, 0x0, 0x0, 0x63, 0xee,
    0xff, 0xff, 0xff, 0xff, 0xff, 0xff, 0xff, 0xff,
    0xad, 0x12, 0x0, 0x0, 0x0, 0x0, 0x0, 0x0,
    0x8f, 0xff, 0xff, 0xd7, 0x6e, 0x31, 0x1a, 0x25,
    0x50, 0xa5, 0xfc, 0xff, 0xde, 0x20, 0x0, 0x0,
    0x0, 0x0, 0x75, 0xff, 0xff, 0x82, 0x2, 0x0,
    0x0, 0x0, 0x0, 0x0, 0x0, 0x34, 0xe2, 0xff,
    0xd5, 0xd, 0x0, 0x0, 0x20, 0xf8, 0xff, 0x81,
    0x0, 0x0, 0x0, 0x0, 0x0, 0x0, 0x0, 0x0,
    0x0, 0x26, 0xee, 0xff, 0x87, 0x0, 0x0, 0x90,
    0xff, 0xd7, 0x3, 0x0, 0x0, 0x0, 0x0, 0x0,
    0x0, 0x0, 0x0, 0x0, 0x0, 0x6c, 0xff, 0xf5,
    0xa, 0x0, 0xdd, 0xff, 0x73, 0x0, 0x0, 0x0,
    0x0, 0x0, 0x0, 0x0, 0x0, 0x0, 0x0, 0x0,
    0xb, 0xf8, 0xff, 0x4c, 0x6, 0xff, 0xff, 0x3b,
    0x0, 0x0, 0x0, 0x0, 0x0, 0x0, 0x0, 0x0,
    0x0, 0x0, 0x0, 0x0, 0xcc, 0xff, 0x74, 0x16,
    0xff, 0xff, 0x29, 0x0, 0x0, 0x0, 0x0, 0x0,
    0x0, 0x0, 0x0, 0x0, 0x0, 0x0, 0x0, 0xba,
    0xff, 0x86, 0x6, 0xff, 0xff, 0x3b, 0x0, 0x0,
    0x0, 0x0, 0x0, 0x0, 0x0, 0x0, 0x0, 0x0,
    0x0, 0x0, 0xcb, 0xff, 0x74, 0x0, 0xde, 0xff,
    0x73, 0x0, 0x0, 0x0, 0x0, 0x0, 0x0, 0x0,
    0x0, 0x0, 0x0, 0x0, 0xb, 0xf8, 0xff, 0x4d,
    0x0, 0x91, 0xff, 0xd7, 0x3, 0x0, 0x0, 0x0,
    0x0, 0x0, 0x0, 0x0, 0x0, 0x0, 0x0, 0x6b,
    0xff, 0xf6, 0xa, 0x0, 0x21, 0xf8, 0xff, 0x80,
    0x0, 0x0, 0x0, 0x0, 0x0, 0x0, 0x0, 0x0,
    0x0, 0x25, 0xed, 0xff, 0x8a, 0x0, 0x0, 0x0,
    0x76, 0xff, 0xff, 0x81, 0x2, 0x0, 0x0, 0x0,
    0x0, 0x0, 0x0, 0x34, 0xe2, 0xff, 0xd8, 0xf,
    0x0, 0x0, 0x0, 0x0, 0x90, 0xff, 0xff, 0xd7,
    0x6e, 0x31, 0x1a, 0x24, 0x4f, 0xa4, 0xfc, 0xff,
    0xe0, 0x23, 0x0, 0x0, 0x0, 0x0, 0x0, 0x0,
    0x64, 0xee, 0xff, 0xff, 0xff, 0xff, 0xff, 0xff,
    0xff, 0xff, 0xae, 0x13, 0x0, 0x0, 0x0, 0x0,
    0x0, 0x0, 0x0, 0x0, 0xf, 0x71, 0xbb, 0xe6,
    0xf9, 0xef, 0xd3, 0x92, 0x35, 0x0, 0x0, 0x0,
    0x0, 0x0,

    /* U+014F "ŏ" */
    0x0, 0x0, 0x0, 0x3f, 0xff, 0xaa, 0xc, 0x41,
    0xfe, 0xae, 0x0, 0x0, 0x0, 0x0, 0x0, 0x0,
    0x2, 0xb5, 0xff, 0xff, 0xff, 0xf4, 0x33, 0x0,
    0x0, 0x0, 0x0, 0x0, 0x0, 0x0, 0x2, 0x5a,
    0x93, 0x7f, 0x1e, 0x0, 0x0, 0x0, 0x0, 0x0,
    0x0, 0x0, 0x0, 0x0, 0x0, 0x0, 0x0, 0x0,
    0x0, 0x0, 0x0, 0x0, 0x0, 0x0, 0x0, 0x0,
    0x0, 0x0, 0x0, 0x0, 0x0, 0x0, 0x0, 0x0,
    0x0, 0x0, 0x0, 0x0, 0x27, 0x9b, 0xde, 0xf8,
    0xee, 0xbe, 0x5e, 0x2, 0x0, 0x0, 0x0, 0x0,
    0x60, 0xf9, 0xff, 0xff, 0xff, 0xff, 0xff, 0xff,
    0xba, 0xd, 0x0, 0x0, 0x45, 0xfd, 0xff, 0xb6,
    0x32, 0x4, 0x15, 0x70, 0xf6, 0xff, 0xaf, 0x0,
    0x0, 0xd2, 0xff, 0xaf, 0x1, 0x0, 0x0, 0x0,
    0x0, 0x43, 0xfe, 0xff, 0x40, 0x25, 0xff, 0xff,
    0x24, 0x0, 0x0, 0x0, 0x0, 0x0, 0x0, 0xb5,
    0xff, 0x93, 0x49, 0xff, 0xea, 0x0, 0x0, 0x0,
    0x0, 0x0, 0x0, 0x0, 0x7b, 0xff, 0xb8, 0x4a,
    0xff, 0xea, 0x0, 0x0, 0x0, 0x0, 0x0, 0x0,
    0x0, 0x7b, 0xff, 0xb8, 0x25, 0xff, 0xff, 0x22,
    0x0, 0x0, 0x0, 0x0, 0x0, 0x0, 0xb3, 0xff,
    0x94, 0x0, 0xd2, 0xff, 0xac, 0x1, 0x0, 0x0,
    0x0, 0x0, 0x40, 0xfd, 0xff, 0x41, 0x0, 0x45,
    0xfd, 0xff, 0xb2, 0x30, 0x3, 0x14, 0x6c, 0xf4,
    0xff, 0xb0, 0x0, 0x0, 0x0, 0x61, 0xf9, 0xff,
    0xff, 0xff, 0xff, 0xff, 0xff, 0xba, 0xd, 0x0,
    0x0, 0x0, 0x0, 0x28, 0x9c, 0xe0, 0xf9, 0xef,
    0xc0, 0x5f, 0x3, 0x0, 0x0,

    /* U+0150 "Ő" */
    0x0, 0x0, 0x0, 0x0, 0x0, 0x0, 0x0, 0x31,
    0xff, 0xfa, 0x27, 0x3d, 0xff, 0xf7, 0x1f, 0x0,
    0x0, 0x0, 0x0, 0x0, 0x0, 0x0, 0x0, 0x0,
    0x0, 0x0, 0x9b, 0xff, 0x90, 0x0, 0xa5, 0xff,
    0x84, 0x0, 0x0, 0x0, 0x0, 0x0, 0x0, 0x0,
    0x0, 0x0, 0x0, 0x0, 0xf, 0xf4, 0xec, 0x11,
    0x14, 0xf8, 0xe5, 0xb, 0x0, 0x0, 0x0, 0x0,
    0x0, 0x0, 0x0, 0x0, 0x0, 0x0, 0x0, 0x1,
    0x8, 0x5, 0x0, 0x2, 0x8, 0x5, 0x0, 0x0,
    0x0, 0x0, 0x0, 0x0, 0x0, 0x0, 0x0, 0x0,
    0x0, 0x0, 0x0, 0x0, 0x0, 0x0, 0x0, 0x0,
    0x0, 0x0, 0x0, 0x0, 0x0, 0x0, 0x0, 0x0,
    0x0, 0x0, 0x0, 0x0, 0xe, 0x70, 0xb9, 0xe4,
    0xf9, 0xee, 0xd2, 0x91, 0x35, 0x0, 0x0, 0x0,
    0x0, 0x0, 0x0, 0x0, 0x0, 0x0, 0x63, 0xee,
    0xff, 0xff, 0xff, 0xff, 0xff, 0xff, 0xff, 0xff,
    0xad, 0x12, 0x0, 0x0, 0x0, 0x0, 0x0, 0x0,
    0x8f, 0xff, 0xff, 0xd7, 0x6e, 0x31, 0x1a, 0x25,
    0x50, 0xa5, 0xfc, 0xff, 0xde, 0x20, 0x0, 0x0,
    0x0, 0x0, 0x75, 0xff, 0xff, 0x82, 0x2, 0x0,
    0x0, 0x0, 0x0, 0x0, 0x0, 0x34, 0xe2, 0xff,
    0xd5, 0xd, 0x0, 0x0, 0x20, 0xf8, 0xff, 0x81,
    0x0, 0x0, 0x0, 0x0, 0x0, 0x0, 0x0, 0x0,
    0x0, 0x26, 0xee, 0xff, 0x87, 0x0, 0x0, 0x90,
    0xff, 0xd7, 0x3, 0x0, 0x0, 0x0, 0x0, 0x0,
    0x0, 0x0, 0x0, 0x0, 0x0, 0x6c, 0xff, 0xf5,
    0xa, 0x0, 0xdd, 0xff, 0x73, 0x0, 0x0, 0x0,
    0x0, 0x0, 0x0, 0x0, 0x0, 0x0, 0x0, 0x0,
    0xb, 0xf8, 0xff, 0x4c, 0x6, 0xff, 0xff, 0x3b,
    0x0, 0x0, 0x0, 0x0, 0x0, 0x0, 0x0, 0x0,
    0x0, 0x0, 0x0, 0x0, 0xcc, 0xff, 0x74, 0x16,
    0xff, 0xff, 0x29, 0x0, 0x0, 0x0, 0x0, 0x0,
    0x0, 0x0, 0x0, 0x0, 0x0, 0x0, 0x0, 0xba,
    0xff, 0x86, 0x6, 0xff, 0xff, 0x3b, 0x0, 0x0,
    0x0, 0x0, 0x0, 0x0, 0x0, 0x0, 0x0, 0x0,
    0x0, 0x0, 0xcb, 0xff, 0x74, 0x0, 0xde, 0xff,
    0x73, 0x0, 0x0, 0x0, 0x0, 0x0, 0x0, 0x0,
    0x0, 0x0, 0x0, 0x0, 0xb, 0xf8, 0xff, 0x4d,
    0x0, 0x91, 0xff, 0xd7, 0x3, 0x0, 0x0, 0x0,
    0x0, 0x0, 0x0, 0x0, 0x0, 0x0, 0x0, 0x6b,
    0xff, 0xf6, 0xa, 0x0, 0x21, 0xf8, 0xff, 0x80,
    0x0, 0x0, 0x0, 0x0, 0x0, 0x0, 0x0, 0x0,
    0x0, 0x25, 0xed, 0xff, 0x8a, 0x0, 0x0, 0x0,
    0x76, 0xff, 0xff, 0x81, 0x2, 0x0, 0x0, 0x0,
    0x0, 0x0, 0x0, 0x34, 0xe2, 0xff, 0xd8, 0xf,
    0x0, 0x0, 0x0, 0x0, 0x90, 0xff, 0xff, 0xd7,
    0x6e, 0x31, 0x1a, 0x24, 0x4f, 0xa4, 0xfc, 0xff,
    0xe0, 0x23, 0x0, 0x0, 0x0, 0x0, 0x0, 0x0,
    0x64, 0xee, 0xff, 0xff, 0xff, 0xff, 0xff, 0xff,
    0xff, 0xff, 0xae, 0x13, 0x0, 0x0, 0x0, 0x0,
    0x0, 0x0, 0x0, 0x0, 0xf, 0x71, 0xbb, 0xe6,
    0xf9, 0xef, 0xd3, 0x92, 0x35, 0x0, 0x0, 0x0,
    0x0, 0x0,

    /* U+0151 "ő" */
    0x0, 0x0, 0x0, 0x0, 0x29, 0xff, 0xfc, 0x2a,
    0x34, 0xff, 0xf9, 0x24, 0x0, 0x0, 0x0, 0x0,
    0x0, 0x93, 0xff, 0x95, 0x0, 0x9f, 0xff, 0x8c,
    0x0, 0x0, 0x0, 0x0, 0x0, 0xb, 0xf0, 0xf0,
    0x14, 0x11, 0xf6, 0xea, 0xf, 0x0, 0x0, 0x0,
    0x0, 0x0, 0x1, 0x8, 0x5, 0x0, 0x1, 0x8,
    0x5, 0x0, 0x0, 0x0, 0x0, 0x0, 0x0, 0x0,
    0x0, 0x0, 0x0, 0x0, 0x0, 0x0, 0x0, 0x0,
    0x0, 0x0, 0x0, 0x0, 0x27, 0x9b, 0xde, 0xf8,
    0xee, 0xbe, 0x5e, 0x2, 0x0, 0x0, 0x0, 0x0,
    0x60, 0xf9, 0xff, 0xff, 0xff, 0xff, 0xff, 0xff,
    0xba, 0xd, 0x0, 0x0, 0x45, 0xfd, 0xff, 0xb6,
    0x32, 0x4, 0x15, 0x70, 0xf6, 0xff, 0xaf, 0x0,
    0x0, 0xd2, 0xff, 0xaf, 0x1, 0x0, 0x0, 0x0,
    0x0, 0x43, 0xfe, 0xff, 0x40, 0x25, 0xff, 0xff,
    0x24, 0x0, 0x0, 0x0, 0x0, 0x0, 0x0, 0xb5,
    0xff, 0x93, 0x49, 0xff, 0xea, 0x0, 0x0, 0x0,
    0x0, 0x0, 0x0, 0x0, 0x7b, 0xff, 0xb8, 0x4a,
    0xff, 0xea, 0x0, 0x0, 0x0, 0x0, 0x0, 0x0,
    0x0, 0x7b, 0xff, 0xb8, 0x25, 0xff, 0xff, 0x22,
    0x0, 0x0, 0x0, 0x0, 0x0, 0x0, 0xb3, 0xff,
    0x94, 0x0, 0xd2, 0xff, 0xac, 0x1, 0x0, 0x0,
    0x0, 0x0, 0x40, 0xfd, 0xff, 0x41, 0x0, 0x45,
    0xfd, 0xff, 0xb2, 0x30, 0x3, 0x14, 0x6c, 0xf4,
    0xff, 0xb0, 0x0, 0x0, 0x0, 0x61, 0xf9, 0xff,
    0xff, 0xff, 0xff, 0xff, 0xff, 0xba, 0xd, 0x0,
    0x0, 0x0, 0x0, 0x28, 0x9c, 0xe0, 0xf9, 0xef,
    0xc0, 0x5f, 0x3, 0x0, 0x0,

    /* U+0152 "Œ" */
    0x0, 0x0, 0x0, 0x0, 0x0, 0xe, 0x70, 0xb9,
    0xe4, 0xf9, 0xee, 0xd7, 0x9b, 0x49, 0x0, 0x0,
    0xb4, 0xff, 0xff, 0xff, 0xff, 0xff, 0xff, 0xff,
    0xff, 0xff, 0x54, 0x0, 0x0, 0x0, 0x0, 0x63,
    0xee, 0xff, 0xff, 0xff, 0xff, 0xff, 0xff, 0xff,
    0xff, 0xc8, 0x26, 0xb4, 0xff, 0xff, 0xff, 0xff,
    0xff, 0xff, 0xff, 0xff, 0xff, 0x54, 0x0, 0x0,
    0x0, 0x8f, 0xff, 0xff, 0xd7, 0x6e, 0x31, 0x1a,
    0x25, 0x50, 0xa5, 0xfc, 0xff, 0xee, 0xdc, 0xff,
    0x8c, 0x18, 0x18, 0x18, 0x18, 0x18, 0x18, 0x18,
    0x7, 0x0, 0x0, 0x75, 0xff, 0xff, 0x82, 0x2,
    0x0, 0x0, 0x0, 0x0, 0x0, 0x0, 0x34, 0xe2,
    0xff, 0xff, 0xff, 0x80, 0x0, 0x0, 0x0, 0x0,
    0x0, 0x0, 0x0, 0x0, 0x0, 0x20, 0xf8, 0xff,
    0x81, 0x0, 0x0, 0x0, 0x0, 0x0, 0x0, 0x0,
    0x0, 0x0, 0x26, 0xee, 0xff, 0xff, 0x80, 0x0,
    0x0, 0x0, 0x0, 0x0, 0x0, 0x0, 0x0, 0x0,
    0x90, 0xff, 0xd7, 0x3, 0x0, 0x0, 0x0, 0x0,
    0x0, 0x0, 0x0, 0x0, 0x0, 0x0, 0x6c, 0xff,
    0xff, 0x80, 0x0, 0x0, 0x0, 0x0, 0x0, 0x0,
    0x0, 0x0, 0x0, 0xdd, 0xff, 0x73, 0x0, 0x0,
    0x0, 0x0, 0x0, 0x0, 0x0, 0x0, 0x0, 0x0,
    0x0, 0xb, 0xf8, 0xff, 0x80, 0x0, 0x0, 0x0,
    0x0, 0x0, 0x0, 0x0, 0x0, 0x6, 0xff, 0xff,
    0x3b, 0x0, 0x0, 0x0, 0x0, 0x0, 0x0, 0x0,
    0x0, 0x0, 0x0, 0x0, 0x0, 0xcc, 0xff, 0xff,
    0xff, 0xff, 0xff, 0xff, 0xff, 0xff, 0x90, 0x0,
    0x16, 0xff, 0xff, 0x29, 0x0, 0x0, 0x0, 0x0,
    0x0, 0x0, 0x0, 0x0, 0x0, 0x0, 0x0, 0x0,
    0xba, 0xff, 0xff, 0xff, 0xff, 0xff, 0xff, 0xff,
    0xff, 0x90, 0x0, 0x6, 0xff, 0xff, 0x3b, 0x0,
    0x0, 0x0, 0x0, 0x0, 0x0, 0x0, 0x0, 0x0,
    0x0, 0x0, 0x0, 0xcb, 0xff, 0x86, 0xc, 0xc,
    0xc, 0xc, 0xc, 0xc, 0x6, 0x0, 0x0, 0xde,
    0xff, 0x73, 0x0, 0x0, 0x0, 0x0, 0x0, 0x0,
    0x0, 0x0, 0x0, 0x0, 0x0, 0xb, 0xf8, 0xff,
    0x80, 0x0, 0x0, 0x0, 0x0, 0x0, 0x0, 0x0,
    0x0, 0x0, 0x91, 0xff, 0xd7, 0x3, 0x0, 0x0,
    0x0, 0x0, 0x0, 0x0, 0x0, 0x0, 0x0, 0x0,
    0x6b, 0xff, 0xff, 0x80, 0x0, 0x0, 0x0, 0x0,
    0x0, 0x0, 0x0, 0x0, 0x0, 0x21, 0xf8, 0xff,
    0x80, 0x0, 0x0, 0x0, 0x0, 0x0, 0x0, 0x0,
    0x0, 0x0, 0x25, 0xed, 0xff, 0xff, 0x80, 0x0,
    0x0, 0x0, 0x0, 0x0, 0x0, 0x0, 0x0, 0x0,
    0x0, 0x76, 0xff, 0xff, 0x81, 0x2, 0x0, 0x0,
    0x0, 0x0, 0x0, 0x0, 0x34, 0xe2, 0xff, 0xff,
    0xff, 0x80, 0x0, 0x0, 0x0, 0x0, 0x0, 0x0,
    0x0, 0x0, 0x0, 0x0, 0x0, 0x90, 0xff, 0xff,
    0xd7, 0x6e, 0x31, 0x1a, 0x24, 0x4f, 0xa4, 0xfc,
    0xff, 0xe9, 0xd8, 0xff, 0x8c, 0x18, 0x18, 0x18,
    0x18, 0x18, 0x18, 0x18, 0x7, 0x0, 0x0, 0x0,
    0x0, 0x64, 0xee, 0xff, 0xff, 0xff, 0xff, 0xff,
    0xff, 0xff, 0xff, 0xc3, 0x22, 0xb4, 0xff, 0xff,
    0xff, 0xff, 0xff, 0xff, 0xff, 0xff, 0xff, 0x54,
    0x0, 0x0, 0x0, 0x0, 0x0, 0xf, 0x71, 0xbb,
    0xe6, 0xf9, 0xf0, 0xd7, 0x9b, 0x47, 0x0, 0x0,
    0xb4, 0xff, 0xff, 0xff, 0xff, 0xff, 0xff, 0xff,
    0xff, 0xff, 0x54,

    /* U+0153 "œ" */
    0x0, 0x0, 0x0, 0x27, 0x9b, 0xde, 0xf8, 0xea,
    0xbb, 0x59, 0x0, 0x0, 0x0, 0x30, 0xa2, 0xe3,
    0xf9, 0xe8, 0xaf, 0x46, 0x0, 0x0, 0x0, 0x0,
    0x0, 0x60, 0xf9, 0xff, 0xff, 0xff, 0xff, 0xff,
    0xff, 0xb6, 0x8, 0x62, 0xfa, 0xff, 0xff, 0xff,
    0xff, 0xff, 0xff, 0x89, 0x0, 0x0, 0x0, 0x45,
    0xfd, 0xff, 0xb6, 0x32, 0x4, 0x15, 0x70, 0xf6,
    0xff, 0xbd, 0xfa, 0xf9, 0x79, 0x1c, 0x4, 0x1e,
    0x78, 0xfa, 0xff, 0x56, 0x0, 0x0, 0xd2, 0xff,
    0xaf, 0x1, 0x0, 0x0, 0x0, 0x0, 0x43, 0xfe,
    0xff, 0xff, 0x61, 0x0, 0x0, 0x0, 0x0, 0x0,
    0x70, 0xff, 0xcc, 0x0, 0x25, 0xff, 0xff, 0x24,
    0x0, 0x0, 0x0, 0x0, 0x0, 0x0, 0xb5, 0xff,
    0xff, 0xd3, 0xd0, 0xd0, 0xd0, 0xd0, 0xd0, 0xd9,
    0xff, 0xfe, 0xe, 0x49, 0xff, 0xea, 0x0, 0x0,
    0x0, 0x0, 0x0, 0x0, 0x0, 0x7b, 0xff, 0xff,
    0xff, 0xff, 0xff, 0xff, 0xff, 0xff, 0xff, 0xff,
    0xff, 0x25, 0x4a, 0xff, 0xea, 0x0, 0x0, 0x0,
    0x0, 0x0, 0x0, 0x0, 0x7b, 0xff, 0xe9, 0x0,
    0x0, 0x0, 0x0, 0x0, 0x0, 0x0, 0x0, 0x0,
    0x0, 0x24, 0xff, 0xff, 0x22, 0x0, 0x0, 0x0,
    0x0, 0x0, 0x0, 0xb3, 0xff, 0xff, 0x27, 0x0,
    0x0, 0x0, 0x0, 0x0, 0x2, 0x9, 0x0, 0x0,
    0x0, 0xd0, 0xff, 0xac, 0x1, 0x0, 0x0, 0x0,
    0x0, 0x40, 0xfd, 0xff, 0xff, 0xb1, 0x1, 0x0,
    0x0, 0x0, 0x0, 0x75, 0xe7, 0x6a, 0x0, 0x0,
    0x43, 0xfd, 0xff, 0xb2, 0x30, 0x3, 0x14, 0x6c,
    0xf4, 0xff, 0x90, 0xf1, 0xff, 0xb5, 0x31, 0x3,
    0x1b, 0x85, 0xfe, 0xff, 0x80, 0x0, 0x0, 0x0,
    0x61, 0xf9, 0xff, 0xff, 0xff, 0xff, 0xff, 0xff,
    0x99, 0x1, 0x4c, 0xf4, 0xff, 0xff, 0xff, 0xff,
    0xff, 0xff, 0x9a, 0x4, 0x0, 0x0, 0x0, 0x0,
    0x28, 0x9c, 0xe0, 0xf9, 0xe9, 0xb6, 0x4d, 0x0,
    0x0, 0x0, 0x27, 0x9b, 0xe0, 0xf8, 0xe4, 0xb2,
    0x49, 0x0, 0x0, 0x0,

    /* U+0154 "Ŕ" */
    0x0, 0x0, 0x0, 0x0, 0x0, 0x1, 0x8, 0x8,
    0x2, 0x0, 0x0, 0x0, 0x0, 0x0, 0x0, 0x0,
    0x0, 0x0, 0x5c, 0xff, 0xe8, 0xd, 0x0, 0x0,
    0x0, 0x0, 0x0, 0x0, 0x0, 0x0, 0x0, 0xc6,
    0xff, 0x63, 0x0, 0x0, 0x0, 0x0, 0x0, 0x0,
    0x0, 0x0, 0x0, 0x2f, 0xff, 0xcf, 0x2, 0x0,
    0x0, 0x0, 0x0, 0x0, 0x0, 0x0, 0x0, 0x0,
    0x0, 0x0, 0x0, 0x0, 0x0, 0x0, 0x0, 0x0,
    0x0, 0x44, 0xff, 0xff, 0xff, 0xff, 0xff, 0xfd,
    0xe8, 0xa9, 0x32, 0x0, 0x0, 0x0, 0x44, 0xff,
    0xff, 0xff, 0xff, 0xff, 0xff, 0xff, 0xff, 0xfb,
    0x64, 0x0, 0x0, 0x44, 0xff, 0xf1, 0x18, 0x18,
    0x18, 0x1b, 0x42, 0xbf, 0xff, 0xfd, 0x3a, 0x0,
    0x44, 0xff, 0xf0, 0x0, 0x0, 0x0, 0x0, 0x0,
    0x4, 0xca, 0xff, 0xb1, 0x0, 0x44, 0xff, 0xf0,
    0x0, 0x0, 0x0, 0x0, 0x0, 0x0, 0x66, 0xff,
    0xe6, 0x0, 0x44, 0xff, 0xf0, 0x0, 0x0, 0x0,
    0x0, 0x0, 0x0, 0x65, 0xff, 0xe8, 0x0, 0x44,
    0xff, 0xf0, 0x0, 0x0, 0x0, 0x0, 0x0, 0x2,
    0xc2, 0xff, 0xb1, 0x0, 0x44, 0xff, 0xf0, 0x0,
    0x0, 0x0, 0x5, 0x30, 0xb3, 0xff, 0xfd, 0x39,
    0x0, 0x44, 0xff, 0xff, 0xff, 0xff, 0xff, 0xff,
    0xff, 0xff, 0xf8, 0x5c, 0x0, 0x0, 0x44, 0xff,
    0xff, 0xff, 0xff, 0xff, 0xff, 0xf9, 0x9c, 0x2f,
    0x0, 0x0, 0x0, 0x44, 0xff, 0xf0, 0xc, 0xc,
    0x53, 0xff, 0xfc, 0x37, 0x0, 0x0, 0x0, 0x0,
    0x44, 0xff, 0xf0, 0x0, 0x0, 0x0, 0xa5, 0xff,
    0xd8, 0x9, 0x0, 0x0, 0x0, 0x44, 0xff, 0xf0,
    0x0, 0x0, 0x0, 0x12, 0xe8, 0xff, 0x90, 0x0,
    0x0, 0x0, 0x44, 0xff, 0xf0, 0x0, 0x0, 0x0,
    0x0, 0x50, 0xff, 0xfe, 0x40, 0x0, 0x0, 0x44,
    0xff, 0xf0, 0x0, 0x0, 0x0, 0x0, 0x0, 0xa6,
    0xff, 0xdf, 0xc, 0x0, 0x44, 0xff, 0xf0, 0x0,
    0x0, 0x0, 0x0, 0x0, 0x13, 0xe8, 0xff, 0x9a,
    0x0, 0x44, 0xff, 0xf0, 0x0, 0x0, 0x0, 0x0,
    0x0, 0x0, 0x51, 0xff, 0xff, 0x49,

    /* U+0155 "ŕ" */
    0x0, 0x0, 0x0, 0x1f, 0xfd, 0xfe, 0x34, 0x0,
    0x0, 0x0, 0x0, 0x87, 0xff, 0xa1, 0x0, 0x0,
    0x0, 0x0, 0x6, 0xe9, 0xf5, 0x1b, 0x0, 0x0,
    0x0, 0x0, 0x1, 0x8, 0x6, 0x0, 0x0, 0x0,
    0x0, 0x0, 0x0, 0x0, 0x0, 0x0, 0x0, 0x0,
    0xa8, 0xff, 0x74, 0x19, 0x9d, 0xeb, 0xff, 0x77,
    0xa8, 0xff, 0x89, 0xe4, 0xff, 0xff, 0xff, 0x30,
    0xa8, 0xff, 0xf6, 0xfb, 0x8a, 0x48, 0x4e, 0x1,
    0xa8, 0xff, 0xff, 0x51, 0x0, 0x0, 0x0, 0x0,
    0xa8, 0xff, 0xc3, 0x0, 0x0, 0x0, 0x0, 0x0,
    0xa8, 0xff, 0x93, 0x0, 0x0, 0x0, 0x0, 0x0,
    0xa8, 0xff, 0x8c, 0x0, 0x0, 0x0, 0x0, 0x0,
    0xa8, 0xff, 0x8c, 0x0, 0x0, 0x0, 0x0, 0x0,
    0xa8, 0xff, 0x8c, 0x0, 0x0, 0x0, 0x0, 0x0,
    0xa8, 0xff, 0x8c, 0x0, 0x0, 0x0, 0x0, 0x0,
    0xa8, 0xff, 0x8c, 0x0, 0x0, 0x0, 0x0, 0x0,
    0xa8, 0xff, 0x8c, 0x0, 0x0, 0x0, 0x0, 0x0,

    /* U+0156 "Ŗ" */
    0x44, 0xff, 0xff, 0xff, 0xff, 0xff, 0xfd, 0xe8,
    0xa9, 0x32, 0x0, 0x0, 0x0, 0x44, 0xff, 0xff,
    0xff, 0xff, 0xff, 0xff, 0xff, 0xff, 0xfb, 0x64,
    0x0, 0x0, 0x44, 0xff, 0xf1, 0x18, 0x18, 0x18,
    0x1b, 0x42, 0xbf, 0xff, 0xfd, 0x3a, 0x0, 0x44,
    0xff, 0xf0, 0x0, 0x0, 0x0, 0x0, 0x0, 0x4,
    0xca, 0xff, 0xb1, 0x0, 0x44, 0xff, 0xf0, 0x0,
    0x0, 0x0, 0x0, 0x0, 0x0, 0x66, 0xff, 0xe6,
    0x0, 0x44, 0xff, 0xf0, 0x0, 0x0, 0x0, 0x0,
    0x0, 0x0, 0x65, 0xff, 0xe8, 0x0, 0x44, 0xff,
    0xf0, 0x0, 0x0, 0x0, 0x0, 0x0, 0x2, 0xc2,
    0xff, 0xb1, 0x0, 0x44, 0xff, 0xf0, 0x0, 0x0,
    0x0, 0x5, 0x30, 0xb3, 0xff, 0xfd, 0x39, 0x0,
    0x44, 0xff, 0xff, 0xff, 0xff, 0xff, 0xff, 0xff,
    0xff, 0xf8, 0x5c, 0x0, 0x0, 0x44, 0xff, 0xff,
    0xff, 0xff, 0xff, 0xff, 0xf9, 0x9c, 0x2f, 0x0,
    0x0, 0x0, 0x44, 0xff, 0xf0, 0xc, 0xc, 0x53,
    0xff, 0xfc, 0x37, 0x0, 0x0, 0x0, 0x0, 0x44,
    0xff, 0xf0, 0x0, 0x0, 0x0, 0xa5, 0xff, 0xd8,
    0x9, 0x0, 0x0, 0x0, 0x44, 0xff, 0xf0, 0x0,
    0x0, 0x0, 0x12, 0xe8, 0xff, 0x90, 0x0, 0x0,
    0x0, 0x44, 0xff, 0xf0, 0x0, 0x0, 0x0, 0x0,
    0x50, 0xff, 0xfe, 0x40, 0x0, 0x0, 0x44, 0xff,
    0xf0, 0x0, 0x0, 0x0, 0x0, 0x0, 0xa6, 0xff,
    0xdf, 0xc, 0x0, 0x44, 0xff, 0xf0, 0x0, 0x0,
    0x0, 0x0, 0x0, 0x13, 0xe8, 0xff, 0x9a, 0x0,
    0x44, 0xff, 0xf0, 0x0, 0x0, 0x0, 0x0, 0x0,
    0x0, 0x51, 0xff, 0xff, 0x49, 0x0, 0x0, 0x0,
    0x0, 0x0, 0x0, 0x0, 0x0, 0x0, 0x0, 0x0,
    0x0, 0x0, 0x0, 0x0, 0x0, 0x0, 0x6, 0xbd,
    0xec, 0x43, 0x0, 0x0, 0x0, 0x0, 0x0, 0x0,
    0x0, 0x0, 0x0, 0x2c, 0xff, 0xff, 0x99, 0x0,
    0x0, 0x0, 0x0, 0x0, 0x0, 0x0, 0x0, 0x0,
    0x1, 0x9b, 0xff, 0x4f, 0x0, 0x0, 0x0, 0x0,
    0x0, 0x0, 0x0, 0x0, 0x0, 0x1, 0xbd, 0xa7,
    0x0, 0x0, 0x0, 0x0, 0x0, 0x0, 0x0, 0x0,
    0x0, 0x0, 0x0, 0x5f, 0x11, 0x0, 0x0, 0x0,
    0x0, 0x0, 0x0,

    /* U+0157 "ŗ" */
    0xa8, 0xff, 0x74, 0x19, 0x9d, 0xeb, 0xff, 0x77,
    0xa8, 0xff, 0x89, 0xe4, 0xff, 0xff, 0xff, 0x30,
    0xa8, 0xff, 0xf6, 0xfb, 0x8a, 0x48, 0x4e, 0x1,
    0xa8, 0xff, 0xff, 0x51, 0x0, 0x0, 0x0, 0x0,
    0xa8, 0xff, 0xc3, 0x0, 0x0, 0x0, 0x0, 0x0,
    0xa8, 0xff, 0x93, 0x0, 0x0, 0x0, 0x0, 0x0,
    0xa8, 0xff, 0x8c, 0x0, 0x0, 0x0, 0x0, 0x0,
    0xa8, 0xff, 0x8c, 0x0, 0x0, 0x0, 0x0, 0x0,
    0xa8, 0xff, 0x8c, 0x0, 0x0, 0x0, 0x0, 0x0,
    0xa8, 0xff, 0x8c, 0x0, 0x0, 0x0, 0x0, 0x0,
    0xa8, 0xff, 0x8c, 0x0, 0x0, 0x0, 0x0, 0x0,
    0xa8, 0xff, 0x8c, 0x0, 0x0, 0x0, 0x0, 0x0,
    0x0, 0x0, 0x0, 0x0, 0x0, 0x0, 0x0, 0x0,
    0x88, 0xf3, 0x77, 0x0, 0x0, 0x0, 0x0, 0x0,
    0xec, 0xff, 0xd9, 0x0, 0x0, 0x0, 0x0, 0x0,
    0x5f, 0xfe, 0x8f, 0x0, 0x0, 0x0, 0x0, 0x0,
    0x7f, 0xdb, 0xb, 0x0, 0x0, 0x0, 0x0, 0x0,
    0x3b, 0x35, 0x0, 0x0, 0x0, 0x0, 0x0, 0x0,

    /* U+0158 "Ř" */
    0x0, 0x0, 0x41, 0x80, 0x50, 0x0, 0x18, 0x7f,
    0x7b, 0x8, 0x0, 0x0, 0x0, 0x0, 0x0, 0xe,
    0xd6, 0xfc, 0x51, 0xc9, 0xff, 0x65, 0x0, 0x0,
    0x0, 0x0, 0x0, 0x0, 0x0, 0x23, 0xed, 0xff,
    0xff, 0x8a, 0x0, 0x0, 0x0, 0x0, 0x0, 0x0,
    0x0, 0x0, 0x0, 0x38, 0x80, 0x71, 0x1, 0x0,
    0x0, 0x0, 0x0, 0x0, 0x0, 0x0, 0x0, 0x0,
    0x0, 0x0, 0x0, 0x0, 0x0, 0x0, 0x0, 0x0,
    0x0, 0x44, 0xff, 0xff, 0xff, 0xff, 0xff, 0xfd,
    0xe8, 0xa9, 0x32, 0x0, 0x0, 0x0, 0x44, 0xff,
    0xff, 0xff, 0xff, 0xff, 0xff, 0xff, 0xff, 0xfb,
    0x64, 0x0, 0x0, 0x44, 0xff, 0xf1, 0x18, 0x18,
    0x18, 0x1b, 0x42, 0xbf, 0xff, 0xfd, 0x3a, 0x0,
    0x44, 0xff, 0xf0, 0x0, 0x0, 0x0, 0x0, 0x0,
    0x4, 0xca, 0xff, 0xb1, 0x0, 0x44, 0xff, 0xf0,
    0x0, 0x0, 0x0, 0x0, 0x0, 0x0, 0x66, 0xff,
    0xe6, 0x0, 0x44, 0xff, 0xf0, 0x0, 0x0, 0x0,
    0x0, 0x0, 0x0, 0x65, 0xff, 0xe8, 0x0, 0x44,
    0xff, 0xf0, 0x0, 0x0, 0x0, 0x0, 0x0, 0x2,
    0xc2, 0xff, 0xb1, 0x0, 0x44, 0xff, 0xf0, 0x0,
    0x0, 0x0, 0x5, 0x30, 0xb3, 0xff, 0xfd, 0x39,
    0x0, 0x44, 0xff, 0xff, 0xff, 0xff, 0xff, 0xff,
    0xff, 0xff, 0xf8, 0x5c, 0x0, 0x0, 0x44, 0xff,
    0xff, 0xff, 0xff, 0xff, 0xff, 0xf9, 0x9c, 0x2f,
    0x0, 0x0, 0x0, 0x44, 0xff, 0xf0, 0xc, 0xc,
    0x53, 0xff, 0xfc, 0x37, 0x0, 0x0, 0x0, 0x0,
    0x44, 0xff, 0xf0, 0x0, 0x0, 0x0, 0xa5, 0xff,
    0xd8, 0x9, 0x0, 0x0, 0x0, 0x44, 0xff, 0xf0,
    0x0, 0x0, 0x0, 0x12, 0xe8, 0xff, 0x90, 0x0,
    0x0, 0x0, 0x44, 0xff, 0xf0, 0x0, 0x0, 0x0,
    0x0, 0x50, 0xff, 0xfe, 0x40, 0x0, 0x0, 0x44,
    0xff, 0xf0, 0x0, 0x0, 0x0, 0x0, 0x0, 0xa6,
    0xff, 0xdf, 0xc, 0x0, 0x44, 0xff, 0xf0, 0x0,
    0x0, 0x0, 0x0, 0x0, 0x13, 0xe8, 0xff, 0x9a,
    0x0, 0x44, 0xff, 0xf0, 0x0, 0x0, 0x0, 0x0,
    0x0, 0x0, 0x51, 0xff, 0xff, 0x49,

    /* U+0159 "ř" */
    0x5e, 0xff, 0xc0, 0x6, 0x84, 0xff, 0xb4, 0x2,
    0x0, 0x7f, 0xff, 0xd0, 0xff, 0xc6, 0xa, 0x0,
    0x0, 0x0, 0x95, 0xd8, 0xc0, 0x12, 0x0, 0x0,
    0x0, 0x0, 0x0, 0x0, 0x0, 0x0, 0x0, 0x0,
    0x0, 0x0, 0x0, 0x0, 0x0, 0x0, 0x0, 0x0,
    0xa8, 0xff, 0x74, 0x19, 0x9d, 0xeb, 0xff, 0x77,
    0xa8, 0xff, 0x89, 0xe4, 0xff, 0xff, 0xff, 0x30,
    0xa8, 0xff, 0xf6, 0xfb, 0x8a, 0x48, 0x4e, 0x1,
    0xa8, 0xff, 0xff, 0x51, 0x0, 0x0, 0x0, 0x0,
    0xa8, 0xff, 0xc3, 0x0, 0x0, 0x0, 0x0, 0x0,
    0xa8, 0xff, 0x93, 0x0, 0x0, 0x0, 0x0, 0x0,
    0xa8, 0xff, 0x8c, 0x0, 0x0, 0x0, 0x0, 0x0,
    0xa8, 0xff, 0x8c, 0x0, 0x0, 0x0, 0x0, 0x0,
    0xa8, 0xff, 0x8c, 0x0, 0x0, 0x0, 0x0, 0x0,
    0xa8, 0xff, 0x8c, 0x0, 0x0, 0x0, 0x0, 0x0,
    0xa8, 0xff, 0x8c, 0x0, 0x0, 0x0, 0x0, 0x0,
    0xa8, 0xff, 0x8c, 0x0, 0x0, 0x0, 0x0, 0x0,

    /* U+015A "Ś" */
    0x0, 0x0, 0x0, 0x0, 0x0, 0x0, 0x89, 0xff,
    0xc9, 0x1, 0x0, 0x0, 0x0, 0x0, 0x0, 0x0,
    0x0, 0x0, 0x7, 0xeb, 0xff, 0x39, 0x0, 0x0,
    0x0, 0x0, 0x0, 0x0, 0x0, 0x0, 0x0, 0x5c,
    0xff, 0xa5, 0x0, 0x0, 0x0, 0x0, 0x0, 0x0,
    0x0, 0x0, 0x0, 0x0, 0x4, 0x8, 0x2, 0x0,
    0x0, 0x0, 0x0, 0x0, 0x0, 0x0, 0x0, 0x0,
    0x0, 0x0, 0x0, 0x0, 0x0, 0x0, 0x0, 0x0,
    0x0, 0x0, 0x0, 0x0, 0x3e, 0xae, 0xe8, 0xf8,
    0xdd, 0xa8, 0x36, 0x0, 0x0, 0x0, 0x0, 0x0,
    0x80, 0xfe, 0xff, 0xff, 0xff, 0xff, 0xff, 0xff,
    0x7b, 0x0, 0x0, 0x0, 0x4c, 0xff, 0xff, 0xb5,
    0x3f, 0x1d, 0x3b, 0xad, 0xff, 0xff, 0x56, 0x0,
    0x0, 0xae, 0xff, 0xbf, 0x2, 0x0, 0x0, 0x0,
    0x0, 0xa4, 0xde, 0x62, 0x0, 0x0, 0xc2, 0xff,
    0x82, 0x0, 0x0, 0x0, 0x0, 0x0, 0x9, 0x1,
    0x0, 0x0, 0x0, 0x96, 0xff, 0xd6, 0xd, 0x0,
    0x0, 0x0, 0x0, 0x0, 0x0, 0x0, 0x0, 0x0,
    0x25, 0xf2, 0xff, 0xe1, 0x6c, 0xf, 0x0, 0x0,
    0x0, 0x0, 0x0, 0x0, 0x0, 0x0, 0x3a, 0xde,
    0xff, 0xff, 0xf8, 0xad, 0x50, 0x2, 0x0, 0x0,
    0x0, 0x0, 0x0, 0x0, 0x9, 0x68, 0xc7, 0xff,
    0xff, 0xff, 0xda, 0x41, 0x0, 0x0, 0x0, 0x0,
    0x0, 0x0, 0x0, 0x0, 0x21, 0x7d, 0xe8, 0xff,
    0xfb, 0x51, 0x0, 0x0, 0x0, 0x0, 0x0, 0x0,
    0x0, 0x0, 0x0, 0xd, 0xb9, 0xff, 0xea, 0x8,
    0x0, 0x0, 0x1b, 0x0, 0x0, 0x0, 0x0, 0x0,
    0x0, 0x19, 0xff, 0xff, 0x40, 0x2d, 0xce, 0xf5,
    0x12, 0x0, 0x0, 0x0, 0x0, 0x0, 0x5, 0xf9,
    0xff, 0x50, 0xb, 0xec, 0xff, 0xad, 0x2, 0x0,
    0x0, 0x0, 0x0, 0x58, 0xff, 0xff, 0x2b, 0x0,
    0x67, 0xff, 0xff, 0xc6, 0x4d, 0x1f, 0x31, 0x81,
    0xf6, 0xff, 0xc0, 0x0, 0x0, 0x0, 0x75, 0xfe,
    0xff, 0xff, 0xff, 0xff, 0xff, 0xff, 0xd0, 0x19,
    0x0, 0x0, 0x0, 0x0, 0x36, 0xa6, 0xe5, 0xfb,
    0xef, 0xc0, 0x67, 0x5, 0x0, 0x0,

    /* U+015B "ś" */
    0x0, 0x0, 0x0, 0x0, 0x0, 0x99, 0xff, 0xba,
    0x0, 0x0, 0x0, 0x0, 0x0, 0x0, 0x0, 0xd,
    0xf3, 0xfc, 0x2b, 0x0, 0x0, 0x0, 0x0, 0x0,
    0x0, 0x0, 0x69, 0xff, 0x95, 0x0, 0x0, 0x0,
    0x0, 0x0, 0x0, 0x0, 0x0, 0x4, 0x8, 0x2,
    0x0, 0x0, 0x0, 0x0, 0x0, 0x0, 0x0, 0x0,
    0x0, 0x0, 0x0, 0x0, 0x0, 0x0, 0x0, 0x0,
    0x0, 0x31, 0xa6, 0xdd, 0xf7, 0xe2, 0xa2, 0x2e,
    0x0, 0x0, 0x0, 0x5e, 0xfd, 0xff, 0xff, 0xf7,
    0xff, 0xff, 0xf8, 0x56, 0x0, 0x2, 0xec, 0xff,
    0xae, 0x1a, 0x0, 0x21, 0xa6, 0xff, 0xd8, 0x6,
    0xc, 0xff, 0xff, 0x42, 0x0, 0x0, 0x0, 0x2,
    0x48, 0x4, 0x0, 0x0, 0xc9, 0xff, 0xe2, 0x6f,
    0x29, 0x1, 0x0, 0x0, 0x0, 0x0, 0x0, 0x22,
    0xca, 0xff, 0xff, 0xff, 0xeb, 0x9e, 0x38, 0x0,
    0x0, 0x0, 0x0, 0x2, 0x3f, 0x90, 0xcf, 0xfd,
    0xff, 0xfe, 0x77, 0x0, 0x0, 0x0, 0x0, 0x0,
    0x0, 0x0, 0x16, 0x97, 0xff, 0xfc, 0x20, 0x1f,
    0x9f, 0xcf, 0x7, 0x0, 0x0, 0x0, 0x1, 0xf7,
    0xff, 0x4d, 0x10, 0xeb, 0xff, 0xc0, 0x2d, 0x0,
    0x10, 0x86, 0xff, 0xfe, 0x26, 0x0, 0x3d, 0xef,
    0xff, 0xff, 0xf8, 0xff, 0xff, 0xff, 0x82, 0x0,
    0x0, 0x0, 0x1e, 0x91, 0xda, 0xf7, 0xe2, 0xb3,
    0x3f, 0x0, 0x0,

    /* U+015C "Ŝ" */
    0x0, 0x0, 0x0, 0x0, 0x16, 0xdf, 0xff, 0xc5,
    0x6, 0x0, 0x0, 0x0, 0x0, 0x0, 0x0, 0x0,
    0x8, 0xc7, 0xff, 0xbb, 0xff, 0x9f, 0x0, 0x0,
    0x0, 0x0, 0x0, 0x0, 0x0, 0xa9, 0xff, 0x8c,
    0x1, 0xab, 0xff, 0x72, 0x0, 0x0, 0x0, 0x0,
    0x0, 0x0, 0x0, 0x0, 0x0, 0x0, 0x0, 0x0,
    0x0, 0x0, 0x0, 0x0, 0x0, 0x0, 0x0, 0x0,
    0x0, 0x0, 0x0, 0x0, 0x0, 0x0, 0x0, 0x0,
    0x0, 0x0, 0x0, 0x0, 0x3e, 0xae, 0xe8, 0xf8,
    0xdd, 0xa8, 0x36, 0x0, 0x0, 0x0, 0x0, 0x0,
    0x80, 0xfe, 0xff, 0xff, 0xff, 0xff, 0xff, 0xff,
    0x7b, 0x0, 0x0, 0x0, 0x4c, 0xff, 0xff, 0xb5,
    0x3f, 0x1d, 0x3b, 0xad, 0xff, 0xff, 0x56, 0x0,
    0x0, 0xae, 0xff, 0xbf, 0x2, 0x0, 0x0, 0x0,
    0x0, 0xa4, 0xde, 0x62, 0x0, 0x0, 0xc2, 0xff,
    0x82, 0x0, 0x0, 0x0, 0x0, 0x0, 0x9, 0x1,
    0x0, 0x0, 0x0, 0x96, 0xff, 0xd6, 0xd, 0x0,
    0x0, 0x0, 0x0, 0x0, 0x0, 0x0, 0x0, 0x0,
    0x25, 0xf2, 0xff, 0xe1, 0x6c, 0xf, 0x0, 0x0,
    0x0, 0x0, 0x0, 0x0, 0x0, 0x0, 0x3a, 0xde,
    0xff, 0xff, 0xf8, 0xad, 0x50, 0x2, 0x0, 0x0,
    0x0, 0x0, 0x0, 0x0, 0x9, 0x68, 0xc7, 0xff,
    0xff, 0xff, 0xda, 0x41, 0x0, 0x0, 0x0, 0x0,
    0x0, 0x0, 0x0, 0x0, 0x21, 0x7d, 0xe8, 0xff,
    0xfb, 0x51, 0x0, 0x0, 0x0, 0x0, 0x0, 0x0,
    0x0, 0x0, 0x0, 0xd, 0xb9, 0xff, 0xea, 0x8,
    0x0, 0x0, 0x1b, 0x0, 0x0, 0x0, 0x0, 0x0,
    0x0, 0x19, 0xff, 0xff, 0x40, 0x2d, 0xce, 0xf5,
    0x12, 0x0, 0x0, 0x0, 0x0, 0x0, 0x5, 0xf9,
    0xff, 0x50, 0xb, 0xec, 0xff, 0xad, 0x2, 0x0,
    0x0, 0x0, 0x0, 0x58, 0xff, 0xff, 0x2b, 0x0,
    0x67, 0xff, 0xff, 0xc6, 0x4d, 0x1f, 0x31, 0x81,
    0xf6, 0xff, 0xc0, 0x0, 0x0, 0x0, 0x75, 0xfe,
    0xff, 0xff, 0xff, 0xff, 0xff, 0xff, 0xd0, 0x19,
    0x0, 0x0, 0x0, 0x0, 0x36, 0xa6, 0xe5, 0xfb,
    0xef, 0xc0, 0x67, 0x5, 0x0, 0x0,

    /* U+015D "ŝ" */
    0x0, 0x0, 0x0, 0xd, 0xcf, 0xff, 0xd9, 0x12,
    0x0, 0x0, 0x0, 0x0, 0x0, 0x5, 0xb9, 0xff,
    0xae, 0xff, 0xbf, 0x5, 0x0, 0x0, 0x0, 0x0,
    0x86, 0xe8, 0x93, 0x0, 0x7d, 0xe8, 0x87, 0x0,
    0x0, 0x0, 0x0, 0x0, 0x0, 0x0, 0x0, 0x0,
    0x0, 0x0, 0x0, 0x0, 0x0, 0x0, 0x0, 0x0,
    0x0, 0x0, 0x0, 0x0, 0x0, 0x0, 0x0, 0x0,
    0x0, 0x31, 0xa6, 0xdd, 0xf7, 0xe2, 0xa2, 0x2e,
    0x0, 0x0, 0x0, 0x5e, 0xfd, 0xff, 0xff, 0xf7,
    0xff, 0xff, 0xf8, 0x56, 0x0, 0x2, 0xec, 0xff,
    0xae, 0x1a, 0x0, 0x21, 0xa6, 0xff, 0xd8, 0x6,
    0xc, 0xff, 0xff, 0x42, 0x0, 0x0, 0x0, 0x2,
    0x48, 0x4, 0x0, 0x0, 0xc9, 0xff, 0xe2, 0x6f,
    0x29, 0x1, 0x0, 0x0, 0x0, 0x0, 0x0, 0x22,
    0xca, 0xff, 0xff, 0xff, 0xeb, 0x9e, 0x38, 0x0,
    0x0, 0x0, 0x0, 0x2, 0x3f, 0x90, 0xcf, 0xfd,
    0xff, 0xfe, 0x77, 0x0, 0x0, 0x0, 0x0, 0x0,
    0x0, 0x0, 0x16, 0x97, 0xff, 0xfc, 0x20, 0x1f,
    0x9f, 0xcf, 0x7, 0x0, 0x0, 0x0, 0x1, 0xf7,
    0xff, 0x4d, 0x10, 0xeb, 0xff, 0xc0, 0x2d, 0x0,
    0x10, 0x86, 0xff, 0xfe, 0x26, 0x0, 0x3d, 0xef,
    0xff, 0xff, 0xf8, 0xff, 0xff, 0xff, 0x82, 0x0,
    0x0, 0x0, 0x1e, 0x91, 0xda, 0xf7, 0xe2, 0xb3,
    0x3f, 0x0, 0x0,

    /* U+015E "Ş" */
    0x0, 0x0, 0x0, 0x3c, 0xad, 0xe8, 0xf8, 0xdd,
    0xa8, 0x36, 0x0, 0x0, 0x0, 0x0, 0x0, 0x7c,
    0xfe, 0xff, 0xff, 0xff, 0xff, 0xff, 0xff, 0x7a,
    0x0, 0x0, 0x0, 0x49, 0xff, 0xff, 0xb5, 0x3f,
    0x1d, 0x3b, 0xad, 0xff, 0xff, 0x54, 0x0, 0x0,
    0xad, 0xff, 0xc0, 0x2, 0x0, 0x0, 0x0, 0x0,
    0xa6, 0xe1, 0x65, 0x0, 0x0, 0xc2, 0xff, 0x82,
    0x0, 0x0, 0x0, 0x0, 0x0, 0xb, 0x2, 0x0,
    0x0, 0x0, 0x99, 0xff, 0xd2, 0x9, 0x0, 0x0,
    0x0, 0x0, 0x0, 0x0, 0x0, 0x0, 0x0, 0x29,
    0xf6, 0xff, 0xd9, 0x60, 0x9, 0x0, 0x0, 0x0,
    0x0, 0x0, 0x0, 0x0, 0x0, 0x44, 0xe7, 0xff,
    0xff, 0xf2, 0xa1, 0x42, 0x0, 0x0, 0x0, 0x0,
    0x0, 0x0, 0x0, 0xf, 0x78, 0xd7, 0xff, 0xff,
    0xff, 0xcc, 0x33, 0x0, 0x0, 0x0, 0x0, 0x0,
    0x0, 0x0, 0x0, 0x30, 0x8d, 0xf0, 0xff, 0xf7,
    0x43, 0x0, 0x0, 0x0, 0x0, 0x0, 0x0, 0x0,
    0x0, 0x0, 0x14, 0xc4, 0xff, 0xe3, 0x5, 0x0,
    0x0, 0xf, 0x0, 0x0, 0x0, 0x0, 0x0, 0x0,
    0x1f, 0xff, 0xff, 0x3c, 0x29, 0xbc, 0xf0, 0xe,
    0x0, 0x0, 0x0, 0x0, 0x0, 0x3, 0xf8, 0xff,
    0x51, 0x12, 0xf5, 0xff, 0x9e, 0x0, 0x0, 0x0,
    0x0, 0x0, 0x4a, 0xff, 0xff, 0x32, 0x0, 0x77,
    0xff, 0xff, 0xb3, 0x35, 0x7, 0x19, 0x69, 0xee,
    0xff, 0xd0, 0x1, 0x0, 0x0, 0x8b, 0xfe, 0xff,
    0xff, 0xff, 0xff, 0xff, 0xff, 0xe5, 0x27, 0x0,
    0x0, 0x0, 0x0, 0x3a, 0xaa, 0xed, 0xff, 0xf9,
    0xd6, 0x88, 0x13, 0x0, 0x0, 0x0, 0x0, 0x0,
    0x0, 0x0, 0x9a, 0xff, 0xf3, 0x73, 0x0, 0x0,
    0x0, 0x0, 0x0, 0x0, 0x0, 0x0, 0x0, 0x58,
    0x6a, 0x8a, 0xfe, 0x28, 0x0, 0x0, 0x0, 0x0,
    0x0, 0x0, 0x0, 0x0, 0x1f, 0x0, 0x1d, 0xff,
    0x50, 0x0, 0x0, 0x0, 0x0, 0x0, 0x0, 0x0,
    0x1f, 0xf9, 0x86, 0x9f, 0xfa, 0x20, 0x0, 0x0,
    0x0, 0x0, 0x0, 0x0, 0x0, 0x0, 0x70, 0xec,
    0xe3, 0x59, 0x0, 0x0, 0x0, 0x0,

    /* U+015F "ş" */
    0x0, 0x0, 0x31, 0xa6, 0xdd, 0xf7, 0xe2, 0xa0,
    0x2c, 0x0, 0x0, 0x0, 0x5e, 0xfd, 0xff, 0xff,
    0xf7, 0xff, 0xff, 0xf7, 0x53, 0x0, 0x2, 0xec,
    0xff, 0xaf, 0x1a, 0x0, 0x21, 0xa7, 0xff, 0xd9,
    0x6, 0xc, 0xff, 0xff, 0x40, 0x0, 0x0, 0x0,
    0x3, 0x4c, 0x5, 0x0, 0x0, 0xcd, 0xff, 0xde,
    0x64, 0x1d, 0x0, 0x0, 0x0, 0x0, 0x0, 0x0,
    0x27, 0xd3, 0xff, 0xff, 0xff, 0xe0, 0x91, 0x2c,
    0x0, 0x0, 0x0, 0x0, 0x4, 0x4b, 0x9c, 0xdb,
    0xff, 0xff, 0xfa, 0x68, 0x0, 0x0, 0x0, 0x0,
    0x0, 0x0, 0x0, 0x20, 0xa2, 0xff, 0xf9, 0x1b,
    0x1c, 0x93, 0xc3, 0x4, 0x0, 0x0, 0x0, 0x3,
    0xf7, 0xff, 0x4c, 0x15, 0xf1, 0xff, 0xb4, 0x1e,
    0x0, 0x7, 0x76, 0xff, 0xff, 0x2e, 0x0, 0x46,
    0xf7, 0xff, 0xfe, 0xe9, 0xf8, 0xff, 0xff, 0x9d,
    0x0, 0x0, 0x0, 0x24, 0xa2, 0xea, 0xff, 0xf2,
    0xc9, 0x5d, 0x1, 0x0, 0x0, 0x0, 0x0, 0x0,
    0x8a, 0xff, 0xf5, 0x81, 0x0, 0x0, 0x0, 0x0,
    0x0, 0x0, 0x0, 0x4e, 0x71, 0x7d, 0xff, 0x36,
    0x0, 0x0, 0x0, 0x0, 0x0, 0x0, 0x1c, 0x4,
    0xd, 0xff, 0x60, 0x0, 0x0, 0x0, 0x0, 0x0,
    0x13, 0xf4, 0x92, 0x94, 0xfd, 0x2c, 0x0, 0x0,
    0x0, 0x0, 0x0, 0x0, 0x63, 0xe8, 0xe6, 0x66,
    0x0, 0x0, 0x0,

    /* U+0160 "Š" */
    0x0, 0x0, 0x0, 0x4a, 0x80, 0x45, 0x0, 0x2d,
    0x80, 0x6d, 0x0, 0x0, 0x0, 0x0, 0x0, 0x0,
    0xe, 0xc8, 0xfa, 0x77, 0xeb, 0xea, 0x2f, 0x0,
    0x0, 0x0, 0x0, 0x0, 0x0, 0x0, 0xf, 0xca,
    0xff, 0xe8, 0x2b, 0x0, 0x0, 0x0, 0x0, 0x0,
    0x0, 0x0, 0x0, 0x0, 0x0, 0x0, 0x0, 0x0,
    0x0, 0x0, 0x0, 0x0, 0x0, 0x0, 0x0, 0x0,
    0x0, 0x0, 0x0, 0x0, 0x0, 0x0, 0x0, 0x0,
    0x0, 0x0, 0x0, 0x0, 0x3e, 0xae, 0xe8, 0xf8,
    0xdd, 0xa8, 0x36, 0x0, 0x0, 0x0, 0x0, 0x0,
    0x80, 0xfe, 0xff, 0xff, 0xff, 0xff, 0xff, 0xff,
    0x7b, 0x0, 0x0, 0x0, 0x4c, 0xff, 0xff, 0xb5,
    0x3f, 0x1d, 0x3b, 0xad, 0xff, 0xff, 0x56, 0x0,
    0x0, 0xae, 0xff, 0xbf, 0x2, 0x0, 0x0, 0x0,
    0x0, 0xa4, 0xde, 0x62, 0x0, 0x0, 0xc2, 0xff,
    0x82, 0x0, 0x0, 0x0, 0x0, 0x0, 0x9, 0x1,
    0x0, 0x0, 0x0, 0x96, 0xff, 0xd6, 0xd, 0x0,
    0x0, 0x0, 0x0, 0x0, 0x0, 0x0, 0x0, 0x0,
    0x25, 0xf2, 0xff, 0xe1, 0x6c, 0xf, 0x0, 0x0,
    0x0, 0x0, 0x0, 0x0, 0x0, 0x0, 0x3a, 0xde,
    0xff, 0xff, 0xf8, 0xad, 0x50, 0x2, 0x0, 0x0,
    0x0, 0x0, 0x0, 0x0, 0x9, 0x68, 0xc7, 0xff,
    0xff, 0xff, 0xda, 0x41, 0x0, 0x0, 0x0, 0x0,
    0x0, 0x0, 0x0, 0x0, 0x21, 0x7d, 0xe8, 0xff,
    0xfb, 0x51, 0x0, 0x0, 0x0, 0x0, 0x0, 0x0,
    0x0, 0x0, 0x0, 0xd, 0xb9, 0xff, 0xea, 0x8,
    0x0, 0x0, 0x1b, 0x0, 0x0, 0x0, 0x0, 0x0,
    0x0, 0x19, 0xff, 0xff, 0x40, 0x2d, 0xce, 0xf5,
    0x12, 0x0, 0x0, 0x0, 0x0, 0x0, 0x5, 0xf9,
    0xff, 0x50, 0xb, 0xec, 0xff, 0xad, 0x2, 0x0,
    0x0, 0x0, 0x0, 0x58, 0xff, 0xff, 0x2b, 0x0,
    0x67, 0xff, 0xff, 0xc6, 0x4d, 0x1f, 0x31, 0x81,
    0xf6, 0xff, 0xc0, 0x0, 0x0, 0x0, 0x75, 0xfe,
    0xff, 0xff, 0xff, 0xff, 0xff, 0xff, 0xd0, 0x19,
    0x0, 0x0, 0x0, 0x0, 0x36, 0xa6, 0xe5, 0xfb,
    0xef, 0xc0, 0x67, 0x5, 0x0, 0x0,

    /* U+0161 "š" */
    0x0, 0x0, 0x8e, 0xff, 0x97, 0x2, 0xad, 0xff,
    0x87, 0x0, 0x0, 0x0, 0x0, 0x2, 0xae, 0xff,
    0xce, 0xff, 0xa1, 0x1, 0x0, 0x0, 0x0, 0x0,
    0x0, 0x9, 0xb9, 0xdc, 0xaa, 0x4, 0x0, 0x0,
    0x0, 0x0, 0x0, 0x0, 0x0, 0x0, 0x0, 0x0,
    0x0, 0x0, 0x0, 0x0, 0x0, 0x0, 0x0, 0x0,
    0x0, 0x0, 0x0, 0x0, 0x0, 0x0, 0x0, 0x0,
    0x0, 0x31, 0xa6, 0xdd, 0xf7, 0xe2, 0xa2, 0x2e,
    0x0, 0x0, 0x0, 0x5e, 0xfd, 0xff, 0xff, 0xf7,
    0xff, 0xff, 0xf8, 0x56, 0x0, 0x2, 0xec, 0xff,
    0xae, 0x1a, 0x0, 0x21, 0xa6, 0xff, 0xd8, 0x6,
    0xc, 0xff, 0xff, 0x42, 0x0, 0x0, 0x0, 0x2,
    0x48, 0x4, 0x0, 0x0, 0xc9, 0xff, 0xe2, 0x6f,
    0x29, 0x1, 0x0, 0x0, 0x0, 0x0, 0x0, 0x22,
    0xca, 0xff, 0xff, 0xff, 0xeb, 0x9e, 0x38, 0x0,
    0x0, 0x0, 0x0, 0x2, 0x3f, 0x90, 0xcf, 0xfd,
    0xff, 0xfe, 0x77, 0x0, 0x0, 0x0, 0x0, 0x0,
    0x0, 0x0, 0x16, 0x97, 0xff, 0xfc, 0x20, 0x1f,
    0x9f, 0xcf, 0x7, 0x0, 0x0, 0x0, 0x1, 0xf7,
    0xff, 0x4d, 0x10, 0xeb, 0xff, 0xc0, 0x2d, 0x0,
    0x10, 0x86, 0xff, 0xfe, 0x26, 0x0, 0x3d, 0xef,
    0xff, 0xff, 0xf8, 0xff, 0xff, 0xff, 0x82, 0x0,
    0x0, 0x0, 0x1e, 0x91, 0xda, 0xf7, 0xe2, 0xb3,
    0x3f, 0x0, 0x0,

    /* U+0162 "Ţ" */
    0x6c, 0xff, 0xff, 0xff, 0xff, 0xff, 0xff, 0xff,
    0xff, 0xff, 0xff, 0xff, 0x64, 0x6c, 0xff, 0xff,
    0xff, 0xff, 0xff, 0xff, 0xff, 0xff, 0xff, 0xff,
    0xff, 0x64, 0xa, 0x18, 0x18, 0x18, 0x18, 0xa9,
    0xff, 0x9e, 0x18, 0x18, 0x18, 0x18, 0x9, 0x0,
    0x0, 0x0, 0x0, 0x0, 0xa0, 0xff, 0x94, 0x0,
    0x0, 0x0, 0x0, 0x0, 0x0, 0x0, 0x0, 0x0,
    0x0, 0xa0, 0xff, 0x94, 0x0, 0x0, 0x0, 0x0,
    0x0, 0x0, 0x0, 0x0, 0x0, 0x0, 0xa0, 0xff,
    0x94, 0x0, 0x0, 0x0, 0x0, 0x0, 0x0, 0x0,
    0x0, 0x0, 0x0, 0xa0, 0xff, 0x94, 0x0, 0x0,
    0x0, 0x0, 0x0, 0x0, 0x0, 0x0, 0x0, 0x0,
    0xa0, 0xff, 0x94, 0x0, 0x0, 0x0, 0x0, 0x0,
    0x0, 0x0, 0x0, 0x0, 0x0, 0xa0, 0xff, 0x94,
    0x0, 0x0, 0x0, 0x0, 0x0, 0x0, 0x0, 0x0,
    0x0, 0x0, 0xa0, 0xff, 0x94, 0x0, 0x0, 0x0,
    0x0, 0x0, 0x0, 0x0, 0x0, 0x0, 0x0, 0xa0,
    0xff, 0x94, 0x0, 0x0, 0x0, 0x0, 0x0, 0x0,
    0x0, 0x0, 0x0, 0x0, 0xa0, 0xff, 0x94, 0x0,
    0x0, 0x0, 0x0, 0x0, 0x0, 0x0, 0x0, 0x0,
    0x0, 0xa0, 0xff, 0x94, 0x0, 0x0, 0x0, 0x0,
    0x0, 0x0, 0x0, 0x0, 0x0, 0x0, 0xa0, 0xff,
    0x94, 0x0, 0x0, 0x0, 0x0, 0x0, 0x0, 0x0,
    0x0, 0x0, 0x0, 0xa0, 0xff, 0x94, 0x0, 0x0,
    0x0, 0x0, 0x0, 0x0, 0x0, 0x0, 0x0, 0x0,
    0xa0, 0xff, 0x94, 0x0, 0x0, 0x0, 0x0, 0x0,
    0x0, 0x0, 0x0, 0x0, 0x0, 0xa0, 0xff, 0x95,
    0x0, 0x0, 0x0, 0x0, 0x0, 0x0, 0x0, 0x0,
    0x0, 0x0, 0x87, 0xff, 0xf0, 0x63, 0x0, 0x0,
    0x0, 0x0, 0x0, 0x0, 0x0, 0x0, 0x0, 0x84,
    0x64, 0x99, 0xf9, 0x18, 0x0, 0x0, 0x0, 0x0,
    0x0, 0x0, 0x0, 0x0, 0x21, 0x0, 0x31, 0xff,
    0x3c, 0x0, 0x0, 0x0, 0x0, 0x0, 0x0, 0x0,
    0x2f, 0xfb, 0x7c, 0xac, 0xf3, 0x12, 0x0, 0x0,
    0x0, 0x0, 0x0, 0x0, 0x0, 0x0, 0x7d, 0xef,
    0xde, 0x4b, 0x0, 0x0, 0x0, 0x0,

    /* U+0163 "ţ" */
    0x0, 0x0, 0x5c, 0xff, 0xd8, 0x0, 0x0, 0x0,
    0x0, 0x0, 0x0, 0x5c, 0xff, 0xd8, 0x0, 0x0,
    0x0, 0x0, 0x0, 0x0, 0x5c, 0xff, 0xd8, 0x0,
    0x0, 0x0, 0x0, 0x0, 0x0, 0x5c, 0xff, 0xd8,
    0x0, 0x0, 0x0, 0x0, 0x6c, 0xff, 0xff, 0xff,
    0xff, 0xff, 0xff, 0xbc, 0x0, 0x6c, 0xff, 0xff,
    0xff, 0xff, 0xff, 0xff, 0xbc, 0x0, 0x0, 0x0,
    0x5c, 0xff, 0xd8, 0x0, 0x0, 0x0, 0x0, 0x0,
    0x0, 0x5c, 0xff, 0xd8, 0x0, 0x0, 0x0, 0x0,
    0x0, 0x0, 0x5c, 0xff, 0xd8, 0x0, 0x0, 0x0,
    0x0, 0x0, 0x0, 0x5c, 0xff, 0xd8, 0x0, 0x0,
    0x0, 0x0, 0x0, 0x0, 0x5c, 0xff, 0xd8, 0x0,
    0x0, 0x0, 0x0, 0x0, 0x0, 0x5c, 0xff, 0xd8,
    0x0, 0x0, 0x0, 0x0, 0x0, 0x0, 0x58, 0xff,
    0xe8, 0x0, 0x0, 0x0, 0x0, 0x0, 0x0, 0x32,
    0xff, 0xff, 0x62, 0x12, 0x12, 0x0, 0x0, 0x0,
    0x2, 0xc6, 0xff, 0xff, 0xff, 0x95, 0x0, 0x0,
    0x0, 0x0, 0x17, 0xcd, 0xff, 0xf5, 0xbb, 0x0,
    0x0, 0x0, 0x0, 0x25, 0xf4, 0xfe, 0xc4, 0x18,
    0x0, 0x0, 0x0, 0x0, 0x1c, 0x83, 0x4b, 0xe7,
    0x97, 0x0, 0x0, 0x0, 0x0, 0x4, 0x1e, 0x0,
    0xa5, 0xc0, 0x0, 0x0, 0x0, 0x0, 0xa5, 0xd3,
    0x61, 0xed, 0x88, 0x0, 0x0, 0x0, 0x0, 0x21,
    0xc5, 0xf2, 0xa7, 0xc, 0x0,

    /* U+0164 "Ť" */
    0x0, 0x0, 0x0, 0x5b, 0x80, 0x34, 0x0, 0x35,
    0x80, 0x67, 0x0, 0x0, 0x0, 0x0, 0x0, 0x0,
    0x28, 0xf1, 0xea, 0x42, 0xea, 0xf6, 0x36, 0x0,
    0x0, 0x0, 0x0, 0x0, 0x0, 0x0, 0x49, 0xfd,
    0xff, 0xfe, 0x53, 0x0, 0x0, 0x0, 0x0, 0x0,
    0x0, 0x0, 0x0, 0x0, 0x54, 0x80, 0x57, 0x0,
    0x0, 0x0, 0x0, 0x0, 0x0, 0x0, 0x0, 0x0,
    0x0, 0x0, 0x0, 0x0, 0x0, 0x0, 0x0, 0x0,
    0x0, 0x6c, 0xff, 0xff, 0xff, 0xff, 0xff, 0xff,
    0xff, 0xff, 0xff, 0xff, 0xff, 0x64, 0x6c, 0xff,
    0xff, 0xff, 0xff, 0xff, 0xff, 0xff, 0xff, 0xff,
    0xff, 0xff, 0x64, 0xa, 0x18, 0x18, 0x18, 0x18,
    0xa9, 0xff, 0x9e, 0x18, 0x18, 0x18, 0x18, 0x9,
    0x0, 0x0, 0x0, 0x0, 0x0, 0xa0, 0xff, 0x94,
    0x0, 0x0, 0x0, 0x0, 0x0, 0x0, 0x0, 0x0,
    0x0, 0x0, 0xa0, 0xff, 0x94, 0x0, 0x0, 0x0,
    0x0, 0x0, 0x0, 0x0, 0x0, 0x0, 0x0, 0xa0,
    0xff, 0x94, 0x0, 0x0, 0x0, 0x0, 0x0, 0x0,
    0x0, 0x0, 0x0, 0x0, 0xa0, 0xff, 0x94, 0x0,
    0x0, 0x0, 0x0, 0x0, 0x0, 0x0, 0x0, 0x0,
    0x0, 0xa0, 0xff, 0x94, 0x0, 0x0, 0x0, 0x0,
    0x0, 0x0, 0x0, 0x0, 0x0, 0x0, 0xa0, 0xff,
    0x94, 0x0, 0x0, 0x0, 0x0, 0x0, 0x0, 0x0,
    0x0, 0x0, 0x0, 0xa0, 0xff, 0x94, 0x0, 0x0,
    0x0, 0x0, 0x0, 0x0, 0x0, 0x0, 0x0, 0x0,
    0xa0, 0xff, 0x94, 0x0, 0x0, 0x0, 0x0, 0x0,
    0x0, 0x0, 0x0, 0x0, 0x0, 0xa0, 0xff, 0x94,
    0x0, 0x0, 0x0, 0x0, 0x0, 0x0, 0x0, 0x0,
    0x0, 0x0, 0xa0, 0xff, 0x94, 0x0, 0x0, 0x0,
    0x0, 0x0, 0x0, 0x0, 0x0, 0x0, 0x0, 0xa0,
    0xff, 0x94, 0x0, 0x0, 0x0, 0x0, 0x0, 0x0,
    0x0, 0x0, 0x0, 0x0, 0xa0, 0xff, 0x94, 0x0,
    0x0, 0x0, 0x0, 0x0, 0x0, 0x0, 0x0, 0x0,
    0x0, 0xa0, 0xff, 0x94, 0x0, 0x0, 0x0, 0x0,
    0x0, 0x0, 0x0, 0x0, 0x0, 0x0, 0xa0, 0xff,
    0x94, 0x0, 0x0, 0x0, 0x0, 0x0,

    /* U+0165 "ť" */
    0x0, 0x0, 0x0, 0x0, 0x0, 0x0, 0x9c, 0xff,
    0x81, 0x0, 0x0, 0x12, 0x34, 0x2b, 0x0, 0x9c,
    0xff, 0x54, 0x0, 0x0, 0x5c, 0xff, 0xd8, 0x0,
    0x9c, 0xff, 0x27, 0x0, 0x0, 0x5c, 0xff, 0xd8,
    0x0, 0x83, 0xd3, 0x3, 0x0, 0x0, 0x5c, 0xff,
    0xd8, 0x0, 0x0, 0x0, 0x0, 0x6c, 0xff, 0xff,
    0xff, 0xff, 0xff, 0xff, 0xbc, 0x0, 0x6c, 0xff,
    0xff, 0xff, 0xff, 0xff, 0xff, 0xbc, 0x0, 0x0,
    0x0, 0x5c, 0xff, 0xd8, 0x0, 0x0, 0x0, 0x0,
    0x0, 0x0, 0x5c, 0xff, 0xd8, 0x0, 0x0, 0x0,
    0x0, 0x0, 0x0, 0x5c, 0xff, 0xd8, 0x0, 0x0,
    0x0, 0x0, 0x0, 0x0, 0x5c, 0xff, 0xd8, 0x0,
    0x0, 0x0, 0x0, 0x0, 0x0, 0x5c, 0xff, 0xd8,
    0x0, 0x0, 0x0, 0x0, 0x0, 0x0, 0x5c, 0xff,
    0xd8, 0x0, 0x0, 0x0, 0x0, 0x0, 0x0, 0x59,
    0xff, 0xe8, 0x0, 0x0, 0x0, 0x0, 0x0, 0x0,
    0x35, 0xff, 0xff, 0x62, 0x12, 0x12, 0x0, 0x0,
    0x0, 0x3, 0xc9, 0xff, 0xff, 0xff, 0x95, 0x0,
    0x0, 0x0, 0x0, 0x18, 0xa4, 0xea, 0xf7, 0xbe,
    0x0,

    /* U+0166 "Ŧ" */
    0x6c, 0xff, 0xff, 0xff, 0xff, 0xff, 0xff, 0xff,
    0xff, 0xff, 0xff, 0xff, 0x64, 0x6c, 0xff, 0xff,
    0xff, 0xff, 0xff, 0xff, 0xff, 0xff, 0xff, 0xff,
    0xff, 0x64, 0xa, 0x18, 0x18, 0x18, 0x18, 0xa9,
    0xff, 0x9e, 0x18, 0x18, 0x18, 0x18, 0x9, 0x0,
    0x0, 0x0, 0x0, 0x0, 0xa0, 0xff, 0x94, 0x0,
    0x0, 0x0, 0x0, 0x0, 0x0, 0x0, 0x0, 0x0,
    0x0, 0xa0, 0xff, 0x94, 0x0, 0x0, 0x0, 0x0,
    0x0, 0x0, 0x0, 0x0, 0x0, 0x0, 0xa0, 0xff,
    0x94, 0x0, 0x0, 0x0, 0x0, 0x0, 0x0, 0x0,
    0x0, 0x0, 0x0, 0xa0, 0xff, 0x94, 0x0, 0x0,
    0x0, 0x0, 0x0, 0x0, 0x0, 0x7e, 0xb4, 0xb4,
    0xe3, 0xff, 0xdf, 0xb4, 0xb4, 0x76, 0x0, 0x0,
    0x0, 0x0, 0xb4, 0xff, 0xff, 0xff, 0xff, 0xff,
    0xff, 0xff, 0xa8, 0x0, 0x0, 0x0, 0x0, 0x0,
    0x0, 0x0, 0xa0, 0xff, 0x94, 0x0, 0x0, 0x0,
    0x0, 0x0, 0x0, 0x0, 0x0, 0x0, 0x0, 0xa0,
    0xff, 0x94, 0x0, 0x0, 0x0, 0x0, 0x0, 0x0,
    0x0, 0x0, 0x0, 0x0, 0xa0, 0xff, 0x94, 0x0,
    0x0, 0x0, 0x0, 0x0, 0x0, 0x0, 0x0, 0x0,
    0x0, 0xa0, 0xff, 0x94, 0x0, 0x0, 0x0, 0x0,
    0x0, 0x0, 0x0, 0x0, 0x0, 0x0, 0xa0, 0xff,
    0x94, 0x0, 0x0, 0x0, 0x0, 0x0, 0x0, 0x0,
    0x0, 0x0, 0x0, 0xa0, 0xff, 0x94, 0x0, 0x0,
    0x0, 0x0, 0x0, 0x0, 0x0, 0x0, 0x0, 0x0,
    0xa0, 0xff, 0x94, 0x0, 0x0, 0x0, 0x0, 0x0,
    0x0, 0x0, 0x0, 0x0, 0x0, 0xa0, 0xff, 0x94,
    0x0, 0x0, 0x0, 0x0, 0x0,

    /* U+0167 "ŧ" */
    0x0, 0x0, 0x2e, 0x80, 0x6c, 0x0, 0x0, 0x0,
    0x0, 0x0, 0x0, 0x5c, 0xff, 0xd8, 0x0, 0x0,
    0x0, 0x0, 0x0, 0x0, 0x5c, 0xff, 0xd8, 0x0,
    0x0, 0x0, 0x0, 0x0, 0x0, 0x5c, 0xff, 0xd8,
    0x0, 0x0, 0x0, 0x0, 0x6c, 0xff, 0xff, 0xff,
    0xff, 0xff, 0xff, 0xbc, 0x0, 0x6c, 0xff, 0xff,
    0xff, 0xff, 0xff, 0xff, 0xbc, 0x0, 0x0, 0x0,
    0x5c, 0xff, 0xd8, 0x0, 0x0, 0x0, 0x0, 0x0,
    0x0, 0x5c, 0xff, 0xd8, 0x0, 0x0, 0x0, 0x0,
    0x0, 0x0, 0x5c, 0xff, 0xd8, 0x0, 0x0, 0x0,
    0x0, 0x6c, 0xff, 0xff, 0xff, 0xff, 0xff, 0xff,
    0xbc, 0x0, 0x6c, 0xff, 0xff, 0xff, 0xff, 0xff,
    0xff, 0xbc, 0x0, 0x0, 0x0, 0x5c, 0xff, 0xd8,
    0x0, 0x0, 0x0, 0x0, 0x0, 0x0, 0x5c, 0xff,
    0xe1, 0x0, 0x0, 0x0, 0x0, 0x0, 0x0, 0x40,
    0xff, 0xfe, 0x55, 0x10, 0xf, 0x0, 0x0, 0x0,
    0x9, 0xdd, 0xff, 0xff, 0xff, 0x93, 0x0, 0x0,
    0x0, 0x0, 0x24, 0xaf, 0xed, 0xf7, 0xbd, 0x0,

    /* U+0168 "Ũ" */
    0x0, 0x0, 0x0, 0x32, 0xc6, 0xe9, 0xa7, 0x36,
    0x46, 0xf8, 0xa2, 0x0, 0x0, 0x0, 0x0, 0x0,
    0xb, 0xe5, 0xff, 0xff, 0xff, 0xff, 0xff, 0xff,
    0x5c, 0x0, 0x0, 0x0, 0x0, 0x0, 0x3f, 0xff,
    0xb0, 0x1c, 0x81, 0xe1, 0xea, 0x81, 0x0, 0x0,
    0x0, 0x0, 0x0, 0x0, 0x0, 0x0, 0x0, 0x0,
    0x0, 0x0, 0x0, 0x0, 0x0, 0x0, 0x0, 0x0,
    0x0, 0x0, 0x0, 0x0, 0x0, 0x0, 0x0, 0x0,
    0x0, 0x0, 0x0, 0x0, 0x0, 0x0, 0xa8, 0xff,
    0x8c, 0x0, 0x0, 0x0, 0x0, 0x0, 0x0, 0x0,
    0x24, 0xff, 0xff, 0x10, 0xa8, 0xff, 0x8c, 0x0,
    0x0, 0x0, 0x0, 0x0, 0x0, 0x0, 0x24, 0xff,
    0xff, 0x10, 0xa8, 0xff, 0x8c, 0x0, 0x0, 0x0,
    0x0, 0x0, 0x0, 0x0, 0x24, 0xff, 0xff, 0x10,
    0xa8, 0xff, 0x8c, 0x0, 0x0, 0x0, 0x0, 0x0,
    0x0, 0x0, 0x24, 0xff, 0xff, 0x10, 0xa8, 0xff,
    0x8c, 0x0, 0x0, 0x0, 0x0, 0x0, 0x0, 0x0,
    0x24, 0xff, 0xff, 0x10, 0xa8, 0xff, 0x8c, 0x0,
    0x0, 0x0, 0x0, 0x0, 0x0, 0x0, 0x24, 0xff,
    0xff, 0x10, 0xa8, 0xff, 0x8c, 0x0, 0x0, 0x0,
    0x0, 0x0, 0x0, 0x0, 0x24, 0xff, 0xff, 0x10,
    0xa8, 0xff, 0x8c, 0x0, 0x0, 0x0, 0x0, 0x0,
    0x0, 0x0, 0x24, 0xff, 0xff, 0x10, 0xa8, 0xff,
    0x8c, 0x0, 0x0, 0x0, 0x0, 0x0, 0x0, 0x0,
    0x24, 0xff, 0xff, 0x10, 0xa8, 0xff, 0x8c, 0x0,
    0x0, 0x0, 0x0, 0x0, 0x0, 0x0, 0x24, 0xff,
    0xff, 0x10, 0xa5, 0xff, 0x8d, 0x0, 0x0, 0x0,
    0x0, 0x0, 0x0, 0x0, 0x26, 0xff, 0xff, 0xc,
    0x93, 0xff, 0xa2, 0x0, 0x0, 0x0, 0x0, 0x0,
    0x0, 0x0, 0x3b, 0xff, 0xfa, 0x0, 0x61, 0xff,
    0xe3, 0x3, 0x0, 0x0, 0x0, 0x0, 0x0, 0x0,
    0x80, 0xff, 0xcc, 0x0, 0x13, 0xf3, 0xff, 0x7b,
    0x0, 0x0, 0x0, 0x0, 0x0, 0x24, 0xef, 0xff,
    0x77, 0x0, 0x0, 0x72, 0xff, 0xff, 0x9f, 0x3b,
    0x19, 0x26, 0x6d, 0xea, 0xff, 0xdb, 0xc, 0x0,
    0x0, 0x0, 0x87, 0xff, 0xff, 0xff, 0xff, 0xff,
    0xff, 0xff, 0xdb, 0x26, 0x0, 0x0, 0x0, 0x0,
    0x0, 0x39, 0xa6, 0xe3, 0xfa, 0xf0, 0xc7, 0x74,
    0xb, 0x0, 0x0, 0x0,

    /* U+0169 "ũ" */
    0x0, 0x0, 0x46, 0xd6, 0xef, 0xa3, 0x33, 0x66,
    0xff, 0x8a, 0x0, 0x0, 0x1b, 0xf4, 0xff, 0xff,
    0xff, 0xff, 0xff, 0xff, 0x3e, 0x0, 0x0, 0x59,
    0xf8, 0x90, 0x19, 0x84, 0xdf, 0xdd, 0x65, 0x0,
    0x0, 0x0, 0x0, 0x0, 0x0, 0x0, 0x0, 0x0,
    0x0, 0x0, 0x0, 0x0, 0x0, 0x0, 0x0, 0x0,
    0x0, 0x0, 0x0, 0x0, 0x0, 0x0, 0x0, 0xc0,
    0xff, 0x74, 0x0, 0x0, 0x0, 0x0, 0x0, 0x8c,
    0xff, 0xa8, 0xc0, 0xff, 0x74, 0x0, 0x0, 0x0,
    0x0, 0x0, 0x8c, 0xff, 0xa8, 0xc0, 0xff, 0x74,
    0x0, 0x0, 0x0, 0x0, 0x0, 0x8c, 0xff, 0xa8,
    0xc0, 0xff, 0x74, 0x0, 0x0, 0x0, 0x0, 0x0,
    0x8c, 0xff, 0xa8, 0xc0, 0xff, 0x74, 0x0, 0x0,
    0x0, 0x0, 0x0, 0x8c, 0xff, 0xa8, 0xc0, 0xff,
    0x74, 0x0, 0x0, 0x0, 0x0, 0x0, 0x8c, 0xff,
    0xa8, 0xc0, 0xff, 0x74, 0x0, 0x0, 0x0, 0x0,
    0x0, 0x92, 0xff, 0xa8, 0xbc, 0xff, 0x82, 0x0,
    0x0, 0x0, 0x0, 0x0, 0xba, 0xff, 0xa8, 0xa3,
    0xff, 0xc0, 0x0, 0x0, 0x0, 0x0, 0x2e, 0xfc,
    0xff, 0xa8, 0x5d, 0xff, 0xff, 0x8c, 0x1b, 0x4,
    0x3e, 0xdd, 0xff, 0xff, 0xa8, 0x5, 0xc6, 0xff,
    0xff, 0xff, 0xff, 0xff, 0xe9, 0x96, 0xff, 0xa8,
    0x0, 0xb, 0x88, 0xdd, 0xfa, 0xe6, 0x98, 0x19,
    0x74, 0xff, 0xa8,

    /* U+016A "Ū" */
    0x0, 0x0, 0x0, 0xa8, 0xff, 0xff, 0xff, 0xff,
    0xff, 0xff, 0x10, 0x0, 0x0, 0x0, 0x0, 0x0,
    0x0, 0x78, 0xb8, 0xb8, 0xb8, 0xb8, 0xb8, 0xb8,
    0xb, 0x0, 0x0, 0x0, 0x0, 0x0, 0x0, 0x0,
    0x0, 0x0, 0x0, 0x0, 0x0, 0x0, 0x0, 0x0,
    0x0, 0x0, 0x0, 0x0, 0x0, 0x0, 0x0, 0x0,
    0x0, 0x0, 0x0, 0x0, 0x0, 0x0, 0x0, 0x0,
    0xa8, 0xff, 0x8c, 0x0, 0x0, 0x0, 0x0, 0x0,
    0x0, 0x0, 0x24, 0xff, 0xff, 0x10, 0xa8, 0xff,
    0x8c, 0x0, 0x0, 0x0, 0x0, 0x0, 0x0, 0x0,
    0x24, 0xff, 0xff, 0x10, 0xa8, 0xff, 0x8c, 0x0,
    0x0, 0x0, 0x0, 0x0, 0x0, 0x0, 0x24, 0xff,
    0xff, 0x10, 0xa8, 0xff, 0x8c, 0x0, 0x0, 0x0,
    0x0, 0x0, 0x0, 0x0, 0x24, 0xff, 0xff, 0x10,
    0xa8, 0xff, 0x8c, 0x0, 0x0, 0x0, 0x0, 0x0,
    0x0, 0x0, 0x24, 0xff, 0xff, 0x10, 0xa8, 0xff,
    0x8c, 0x0, 0x0, 0x0, 0x0, 0x0, 0x0, 0x0,
    0x24, 0xff, 0xff, 0x10, 0xa8, 0xff, 0x8c, 0x0,
    0x0, 0x0, 0x0, 0x0, 0x0, 0x0, 0x24, 0xff,
    0xff, 0x10, 0xa8, 0xff, 0x8c, 0x0, 0x0, 0x0,
    0x0, 0x0, 0x0, 0x0, 0x24, 0xff, 0xff, 0x10,
    0xa8, 0xff, 0x8c, 0x0, 0x0, 0x0, 0x0, 0x0,
    0x0, 0x0, 0x24, 0xff, 0xff, 0x10, 0xa8, 0xff,
    0x8c, 0x0, 0x0, 0x0, 0x0, 0x0, 0x0, 0x0,
    0x24, 0xff, 0xff, 0x10, 0xa5, 0xff, 0x8d, 0x0,
    0x0, 0x0, 0x0, 0x0, 0x0, 0x0, 0x26, 0xff,
    0xff, 0xc, 0x93, 0xff, 0xa2, 0x0, 0x0, 0x0,
    0x0, 0x0, 0x0, 0x0, 0x3b, 0xff, 0xfa, 0x0,
    0x61, 0xff, 0xe3, 0x3, 0x0, 0x0, 0x0, 0x0,
    0x0, 0x0, 0x80, 0xff, 0xcc, 0x0, 0x13, 0xf3,
    0xff, 0x7b, 0x0, 0x0, 0x0, 0x0, 0x0, 0x24,
    0xef, 0xff, 0x77, 0x0, 0x0, 0x72, 0xff, 0xff,
    0x9f, 0x3b, 0x19, 0x26, 0x6d, 0xea, 0xff, 0xdb,
    0xc, 0x0, 0x0, 0x0, 0x87, 0xff, 0xff, 0xff,
    0xff, 0xff, 0xff, 0xff, 0xdb, 0x26, 0x0, 0x0,
    0x0, 0x0, 0x0, 0x39, 0xa6, 0xe3, 0xfa, 0xf0,
    0xc7, 0x74, 0xb, 0x0, 0x0, 0x0,

    /* U+016B "ū" */
    0x0, 0x0, 0xdc, 0xff, 0xff, 0xff, 0xff, 0xff,
    0xdc, 0x0, 0x0, 0x0, 0x0, 0x9a, 0xb4, 0xb4,
    0xb4, 0xb4, 0xb4, 0x9a, 0x0, 0x0, 0x0, 0x0,
    0x0, 0x0, 0x0, 0x0, 0x0, 0x0, 0x0, 0x0,
    0x0, 0x0, 0x0, 0x0, 0x0, 0x0, 0x0, 0x0,
    0x0, 0x0, 0x0, 0x0, 0x0, 0x0, 0x0, 0x0,
    0x0, 0x0, 0x0, 0x0, 0x0, 0x0, 0x0, 0xc0,
    0xff, 0x74, 0x0, 0x0, 0x0, 0x0, 0x0, 0x8c,
    0xff, 0xa8, 0xc0, 0xff, 0x74, 0x0, 0x0, 0x0,
    0x0, 0x0, 0x8c, 0xff, 0xa8, 0xc0, 0xff, 0x74,
    0x0, 0x0, 0x0, 0x0, 0x0, 0x8c, 0xff, 0xa8,
    0xc0, 0xff, 0x74, 0x0, 0x0, 0x0, 0x0, 0x0,
    0x8c, 0xff, 0xa8, 0xc0, 0xff, 0x74, 0x0, 0x0,
    0x0, 0x0, 0x0, 0x8c, 0xff, 0xa8, 0xc0, 0xff,
    0x74, 0x0, 0x0, 0x0, 0x0, 0x0, 0x8c, 0xff,
    0xa8, 0xc0, 0xff, 0x74, 0x0, 0x0, 0x0, 0x0,
    0x0, 0x92, 0xff, 0xa8, 0xbc, 0xff, 0x82, 0x0,
    0x0, 0x0, 0x0, 0x0, 0xba, 0xff, 0xa8, 0xa3,
    0xff, 0xc0, 0x0, 0x0, 0x0, 0x0, 0x2e, 0xfc,
    0xff, 0xa8, 0x5d, 0xff, 0xff, 0x8c, 0x1b, 0x4,
    0x3e, 0xdd, 0xff, 0xff, 0xa8, 0x5, 0xc6, 0xff,
    0xff, 0xff, 0xff, 0xff, 0xe9, 0x96, 0xff, 0xa8,
    0x0, 0xb, 0x88, 0xdd, 0xfa, 0xe6, 0x98, 0x19,
    0x74, 0xff, 0xa8,

    /* U+016C "Ŭ" */
    0x0, 0x0, 0x0, 0x2a, 0x80, 0x39, 0x0, 0x1,
    0x7f, 0x5d, 0x0, 0x0, 0x0, 0x0, 0x0, 0x0,
    0x0, 0x2a, 0xff, 0xc2, 0x12, 0x63, 0xff, 0x91,
    0x0, 0x0, 0x0, 0x0, 0x0, 0x0, 0x0, 0x0,
    0x92, 0xff, 0xff, 0xff, 0xe3, 0x16, 0x0, 0x0,
    0x0, 0x0, 0x0, 0x0, 0x0, 0x0, 0x0, 0x52,
    0x95, 0x7b, 0x12, 0x0, 0x0, 0x0, 0x0, 0x0,
    0x0, 0x0, 0x0, 0x0, 0x0, 0x0, 0x0, 0x0,
    0x0, 0x0, 0x0, 0x0, 0x0, 0x0, 0xa8, 0xff,
    0x8c, 0x0, 0x0, 0x0, 0x0, 0x0, 0x0, 0x0,
    0x24, 0xff, 0xff, 0x10, 0xa8, 0xff, 0x8c, 0x0,
    0x0, 0x0, 0x0, 0x0, 0x0, 0x0, 0x24, 0xff,
    0xff, 0x10, 0xa8, 0xff, 0x8c, 0x0, 0x0, 0x0,
    0x0, 0x0, 0x0, 0x0, 0x24, 0xff, 0xff, 0x10,
    0xa8, 0xff, 0x8c, 0x0, 0x0, 0x0, 0x0, 0x0,
    0x0, 0x0, 0x24, 0xff, 0xff, 0x10, 0xa8, 0xff,
    0x8c, 0x0, 0x0, 0x0, 0x0, 0x0, 0x0, 0x0,
    0x24, 0xff, 0xff, 0x10, 0xa8, 0xff, 0x8c, 0x0,
    0x0, 0x0, 0x0, 0x0, 0x0, 0x0, 0x24, 0xff,
    0xff, 0x10, 0xa8, 0xff, 0x8c, 0x0, 0x0, 0x0,
    0x0, 0x0, 0x0, 0x0, 0x24, 0xff, 0xff, 0x10,
    0xa8, 0xff, 0x8c, 0x0, 0x0, 0x0, 0x0, 0x0,
    0x0, 0x0, 0x24, 0xff, 0xff, 0x10, 0xa8, 0xff,
    0x8c, 0x0, 0x0, 0x0, 0x0, 0x0, 0x0, 0x0,
    0x24, 0xff, 0xff, 0x10, 0xa8, 0xff, 0x8c, 0x0,
    0x0, 0x0, 0x0, 0x0, 0x0, 0x0, 0x24, 0xff,
    0xff, 0x10, 0xa5, 0xff, 0x8d, 0x0, 0x0, 0x0,
    0x0, 0x0, 0x0, 0x0, 0x26, 0xff, 0xff, 0xc,
    0x93, 0xff, 0xa2, 0x0, 0x0, 0x0, 0x0, 0x0,
    0x0, 0x0, 0x3b, 0xff, 0xfa, 0x0, 0x61, 0xff,
    0xe3, 0x3, 0x0, 0x0, 0x0, 0x0, 0x0, 0x0,
    0x80, 0xff, 0xcc, 0x0, 0x13, 0xf3, 0xff, 0x7b,
    0x0, 0x0, 0x0, 0x0, 0x0, 0x24, 0xef, 0xff,
    0x77, 0x0, 0x0, 0x72, 0xff, 0xff, 0x9f, 0x3b,
    0x19, 0x26, 0x6d, 0xea, 0xff, 0xdb, 0xc, 0x0,
    0x0, 0x0, 0x87, 0xff, 0xff, 0xff, 0xff, 0xff,
    0xff, 0xff, 0xdb, 0x26, 0x0, 0x0, 0x0, 0x0,
    0x0, 0x39, 0xa6, 0xe3, 0xfa, 0xf0, 0xc7, 0x74,
    0xb, 0x0, 0x0, 0x0,

    /* U+016D "ŭ" */
    0x0, 0x0, 0x77, 0xff, 0x56, 0x0, 0x50, 0xff,
    0x79, 0x0, 0x0, 0x0, 0x0, 0x21, 0xf2, 0xf2,
    0xaf, 0xf1, 0xf4, 0x23, 0x0, 0x0, 0x0, 0x0,
    0x0, 0x38, 0xc6, 0xf3, 0xca, 0x3b, 0x0, 0x0,
    0x0, 0x0, 0x0, 0x0, 0x0, 0x0, 0x0, 0x0,
    0x0, 0x0, 0x0, 0x0, 0x0, 0x0, 0x0, 0x0,
    0x0, 0x0, 0x0, 0x0, 0x0, 0x0, 0x0, 0xc0,
    0xff, 0x74, 0x0, 0x0, 0x0, 0x0, 0x0, 0x8c,
    0xff, 0xa8, 0xc0, 0xff, 0x74, 0x0, 0x0, 0x0,
    0x0, 0x0, 0x8c, 0xff, 0xa8, 0xc0, 0xff, 0x74,
    0x0, 0x0, 0x0, 0x0, 0x0, 0x8c, 0xff, 0xa8,
    0xc0, 0xff, 0x74, 0x0, 0x0, 0x0, 0x0, 0x0,
    0x8c, 0xff, 0xa8, 0xc0, 0xff, 0x74, 0x0, 0x0,
    0x0, 0x0, 0x0, 0x8c, 0xff, 0xa8, 0xc0, 0xff,
    0x74, 0x0, 0x0, 0x0, 0x0, 0x0, 0x8c, 0xff,
    0xa8, 0xc0, 0xff, 0x74, 0x0, 0x0, 0x0, 0x0,
    0x0, 0x92, 0xff, 0xa8, 0xbc, 0xff, 0x82, 0x0,
    0x0, 0x0, 0x0, 0x0, 0xba, 0xff, 0xa8, 0xa3,
    0xff, 0xc0, 0x0, 0x0, 0x0, 0x0, 0x2e, 0xfc,
    0xff, 0xa8, 0x5d, 0xff, 0xff, 0x8c, 0x1b, 0x4,
    0x3e, 0xdd, 0xff, 0xff, 0xa8, 0x5, 0xc6, 0xff,
    0xff, 0xff, 0xff, 0xff, 0xe9, 0x96, 0xff, 0xa8,
    0x0, 0xb, 0x88, 0xdd, 0xfa, 0xe6, 0x98, 0x19,
    0x74, 0xff, 0xa8,

    /* U+016E "Ů" */
    0x0, 0x0, 0x0, 0x0, 0x0, 0x0, 0xe, 0x2,
    0x0, 0x0, 0x0, 0x0, 0x0, 0x0, 0x0, 0x0,
    0x0, 0x0, 0x1f, 0xca, 0xff, 0xee, 0x5d, 0x0,
    0x0, 0x0, 0x0, 0x0, 0x0, 0x0, 0x0, 0x0,
    0xa8, 0xe4, 0x63, 0xab, 0xf9, 0x11, 0x0, 0x0,
    0x0, 0x0, 0x0, 0x0, 0x0, 0x0, 0xb3, 0xd3,
    0x2f, 0x85, 0xff, 0x1a, 0x0, 0x0, 0x0, 0x0,
    0x0, 0x0, 0x0, 0x0, 0x33, 0xea, 0xff, 0xfe,
    0x85, 0x0, 0x0, 0x0, 0x0, 0x0, 0x0, 0x0,
    0x0, 0x0, 0x0, 0xd, 0x3c, 0x21, 0x0, 0x0,
    0x0, 0x0, 0x0, 0x0, 0x0, 0x0, 0x0, 0x0,
    0x0, 0x0, 0x0, 0x0, 0x0, 0x0, 0x0, 0x0,
    0x0, 0x0, 0xa8, 0xff, 0x8c, 0x0, 0x0, 0x0,
    0x0, 0x0, 0x0, 0x0, 0x24, 0xff, 0xff, 0x10,
    0xa8, 0xff, 0x8c, 0x0, 0x0, 0x0, 0x0, 0x0,
    0x0, 0x0, 0x24, 0xff, 0xff, 0x10, 0xa8, 0xff,
    0x8c, 0x0, 0x0, 0x0, 0x0, 0x0, 0x0, 0x0,
    0x24, 0xff, 0xff, 0x10, 0xa8, 0xff, 0x8c, 0x0,
    0x0, 0x0, 0x0, 0x0, 0x0, 0x0, 0x24, 0xff,
    0xff, 0x10, 0xa8, 0xff, 0x8c, 0x0, 0x0, 0x0,
    0x0, 0x0, 0x0, 0x0, 0x24, 0xff, 0xff, 0x10,
    0xa8, 0xff, 0x8c, 0x0, 0x0, 0x0, 0x0, 0x0,
    0x0, 0x0, 0x24, 0xff, 0xff, 0x10, 0xa8, 0xff,
    0x8c, 0x0, 0x0, 0x0, 0x0, 0x0, 0x0, 0x0,
    0x24, 0xff, 0xff, 0x10, 0xa8, 0xff, 0x8c, 0x0,
    0x0, 0x0, 0x0, 0x0, 0x0, 0x0, 0x24, 0xff,
    0xff, 0x10, 0xa8, 0xff, 0x8c, 0x0, 0x0, 0x0,
    0x0, 0x0, 0x0, 0x0, 0x24, 0xff, 0xff, 0x10,
    0xa8, 0xff, 0x8c, 0x0, 0x0, 0x0, 0x0, 0x0,
    0x0, 0x0, 0x24, 0xff, 0xff, 0x10, 0xa5, 0xff,
    0x8d, 0x0, 0x0, 0x0, 0x0, 0x0, 0x0, 0x0,
    0x26, 0xff, 0xff, 0xc, 0x93, 0xff, 0xa2, 0x0,
    0x0, 0x0, 0x0, 0x0, 0x0, 0x0, 0x3b, 0xff,
    0xfa, 0x0, 0x61, 0xff, 0xe3, 0x3, 0x0, 0x0,
    0x0, 0x0, 0x0, 0x0, 0x80, 0xff, 0xcc, 0x0,
    0x13, 0xf3, 0xff, 0x7b, 0x0, 0x0, 0x0, 0x0,
    0x0, 0x24, 0xef, 0xff, 0x77, 0x0, 0x0, 0x72,
    0xff, 0xff, 0x9f, 0x3b, 0x19, 0x26, 0x6d, 0xea,
    0xff, 0xdb, 0xc, 0x0, 0x0, 0x0, 0x87, 0xff,
    0xff, 0xff, 0xff, 0xff, 0xff, 0xff, 0xdb, 0x26,
    0x0, 0x0, 0x0, 0x0, 0x0, 0x39, 0xa6, 0xe3,
    0xfa, 0xf0, 0xc7, 0x74, 0xb, 0x0, 0x0, 0x0,

    /* U+016F "ů" */
    0x0, 0x0, 0x0, 0x0, 0x0, 0xe, 0x0, 0x0,
    0x0, 0x0, 0x0, 0x0, 0x0, 0x0, 0x25, 0xd2,
    0xff, 0xd3, 0x25, 0x0, 0x0, 0x0, 0x0, 0x0,
    0x0, 0xba, 0xde, 0x5c, 0xdc, 0xb9, 0x0, 0x0,
    0x0, 0x0, 0x0, 0x0, 0xf0, 0x7e, 0x0, 0x7a,
    0xf2, 0x0, 0x0, 0x0, 0x0, 0x0, 0x0, 0xca,
    0xca, 0x2d, 0xc7, 0xca, 0x0, 0x0, 0x0, 0x0,
    0x0, 0x0, 0x3c, 0xef, 0xff, 0xf0, 0x3c, 0x0,
    0x0, 0x0, 0x0, 0x0, 0x0, 0x0, 0x12, 0x3e,
    0x12, 0x0, 0x0, 0x0, 0x0, 0x0, 0x0, 0x0,
    0x0, 0x0, 0x0, 0x0, 0x0, 0x0, 0x0, 0x0,
    0xc0, 0xff, 0x74, 0x0, 0x0, 0x0, 0x0, 0x0,
    0x8c, 0xff, 0xa8, 0xc0, 0xff, 0x74, 0x0, 0x0,
    0x0, 0x0, 0x0, 0x8c, 0xff, 0xa8, 0xc0, 0xff,
    0x74, 0x0, 0x0, 0x0, 0x0, 0x0, 0x8c, 0xff,
    0xa8, 0xc0, 0xff, 0x74, 0x0, 0x0, 0x0, 0x0,
    0x0, 0x8c, 0xff, 0xa8, 0xc0, 0xff, 0x74, 0x0,
    0x0, 0x0, 0x0, 0x0, 0x8c, 0xff, 0xa8, 0xc0,
    0xff, 0x74, 0x0, 0x0, 0x0, 0x0, 0x0, 0x8c,
    0xff, 0xa8, 0xc0, 0xff, 0x74, 0x0, 0x0, 0x0,
    0x0, 0x0, 0x92, 0xff, 0xa8, 0xbc, 0xff, 0x82,
    0x0, 0x0, 0x0, 0x0, 0x0, 0xba, 0xff, 0xa8,
    0xa3, 0xff, 0xc0, 0x0, 0x0, 0x0, 0x0, 0x2e,
    0xfc, 0xff, 0xa8, 0x5d, 0xff, 0xff, 0x8c, 0x1b,
    0x4, 0x3e, 0xdd, 0xff, 0xff, 0xa8, 0x5, 0xc6,
    0xff, 0xff, 0xff, 0xff, 0xff, 0xe9, 0x96, 0xff,
    0xa8, 0x0, 0xb, 0x88, 0xdd, 0xfa, 0xe6, 0x98,
    0x19, 0x74, 0xff, 0xa8,

    /* U+0170 "Ű" */
    0x0, 0x0, 0x0, 0x0, 0x61, 0xff, 0xe6, 0xc,
    0x69, 0xff, 0xdf, 0x7, 0x0, 0x0, 0x0, 0x0,
    0x0, 0x0, 0xcb, 0xff, 0x60, 0x0, 0xd2, 0xff,
    0x55, 0x0, 0x0, 0x0, 0x0, 0x0, 0x0, 0x33,
    0xff, 0xcb, 0x1, 0x3c, 0xff, 0xc4, 0x0, 0x0,
    0x0, 0x0, 0x0, 0x0, 0x0, 0x3, 0x8, 0x4,
    0x0, 0x3, 0x8, 0x3, 0x0, 0x0, 0x0, 0x0,
    0x0, 0x0, 0x0, 0x0, 0x0, 0x0, 0x0, 0x0,
    0x0, 0x0, 0x0, 0x0, 0x0, 0x0, 0xa8, 0xff,
    0x8c, 0x0, 0x0, 0x0, 0x0, 0x0, 0x0, 0x0,
    0x24, 0xff, 0xff, 0x10, 0xa8, 0xff, 0x8c, 0x0,
    0x0, 0x0, 0x0, 0x0, 0x0, 0x0, 0x24, 0xff,
    0xff, 0x10, 0xa8, 0xff, 0x8c, 0x0, 0x0, 0x0,
    0x0, 0x0, 0x0, 0x0, 0x24, 0xff, 0xff, 0x10,
    0xa8, 0xff, 0x8c, 0x0, 0x0, 0x0, 0x0, 0x0,
    0x0, 0x0, 0x24, 0xff, 0xff, 0x10, 0xa8, 0xff,
    0x8c, 0x0, 0x0, 0x0, 0x0, 0x0, 0x0, 0x0,
    0x24, 0xff, 0xff, 0x10, 0xa8, 0xff, 0x8c, 0x0,
    0x0, 0x0, 0x0, 0x0, 0x0, 0x0, 0x24, 0xff,
    0xff, 0x10, 0xa8, 0xff, 0x8c, 0x0, 0x0, 0x0,
    0x0, 0x0, 0x0, 0x0, 0x24, 0xff, 0xff, 0x10,
    0xa8, 0xff, 0x8c, 0x0, 0x0, 0x0, 0x0, 0x0,
    0x0, 0x0, 0x24, 0xff, 0xff, 0x10, 0xa8, 0xff,
    0x8c, 0x0, 0x0, 0x0, 0x0, 0x0, 0x0, 0x0,
    0x24, 0xff, 0xff, 0x10, 0xa8, 0xff, 0x8c, 0x0,
    0x0, 0x0, 0x0, 0x0, 0x0, 0x0, 0x24, 0xff,
    0xff, 0x10, 0xa5, 0xff, 0x8d, 0x0, 0x0, 0x0,
    0x0, 0x0, 0x0, 0x0, 0x26, 0xff, 0xff, 0xc,
    0x93, 0xff, 0xa2, 0x0, 0x0, 0x0, 0x0, 0x0,
    0x0, 0x0, 0x3b, 0xff, 0xfa, 0x0, 0x61, 0xff,
    0xe3, 0x3, 0x0, 0x0, 0x0, 0x0, 0x0, 0x0,
    0x80, 0xff, 0xcc, 0x0, 0x13, 0xf3, 0xff, 0x7b,
    0x0, 0x0, 0x0, 0x0, 0x0, 0x24, 0xef, 0xff,
    0x77, 0x0, 0x0, 0x72, 0xff, 0xff, 0x9f, 0x3b,
    0x19, 0x26, 0x6d, 0xea, 0xff, 0xdb, 0xc, 0x0,
    0x0, 0x0, 0x87, 0xff, 0xff, 0xff, 0xff, 0xff,
    0xff, 0xff, 0xdb, 0x26, 0x0, 0x0, 0x0, 0x0,
    0x0, 0x39, 0xa6, 0xe3, 0xfa, 0xf0, 0xc7, 0x74,
    0xb, 0x0, 0x0, 0x0,

    /* U+0171 "ű" */
    0x0, 0x0, 0x0, 0x81, 0xff, 0xcf, 0x2, 0x8d,
    0xff, 0xc6, 0x0, 0x0, 0x0, 0x4, 0xe5, 0xff,
    0x40, 0x7, 0xec, 0xfe, 0x37, 0x0, 0x0, 0x0,
    0x54, 0xff, 0xad, 0x0, 0x5d, 0xff, 0xa4, 0x0,
    0x0, 0x0, 0x0, 0x4, 0x8, 0x3, 0x0, 0x4,
    0x8, 0x2, 0x0, 0x0, 0x0, 0x0, 0x0, 0x0,
    0x0, 0x0, 0x0, 0x0, 0x0, 0x0, 0x0, 0xc0,
    0xff, 0x74, 0x0, 0x0, 0x0, 0x0, 0x0, 0x8c,
    0xff, 0xa8, 0xc0, 0xff, 0x74, 0x0, 0x0, 0x0,
    0x0, 0x0, 0x8c, 0xff, 0xa8, 0xc0, 0xff, 0x74,
    0x0, 0x0, 0x0, 0x0, 0x0, 0x8c, 0xff, 0xa8,
    0xc0, 0xff, 0x74, 0x0, 0x0, 0x0, 0x0, 0x0,
    0x8c, 0xff, 0xa8, 0xc0, 0xff, 0x74, 0x0, 0x0,
    0x0, 0x0, 0x0, 0x8c, 0xff, 0xa8, 0xc0, 0xff,
    0x74, 0x0, 0x0, 0x0, 0x0, 0x0, 0x8c, 0xff,
    0xa8, 0xc0, 0xff, 0x74, 0x0, 0x0, 0x0, 0x0,
    0x0, 0x92, 0xff, 0xa8, 0xbc, 0xff, 0x82, 0x0,
    0x0, 0x0, 0x0, 0x0, 0xba, 0xff, 0xa8, 0xa3,
    0xff, 0xc0, 0x0, 0x0, 0x0, 0x0, 0x2e, 0xfc,
    0xff, 0xa8, 0x5d, 0xff, 0xff, 0x8c, 0x1b, 0x4,
    0x3e, 0xdd, 0xff, 0xff, 0xa8, 0x5, 0xc6, 0xff,
    0xff, 0xff, 0xff, 0xff, 0xe9, 0x96, 0xff, 0xa8,
    0x0, 0xb, 0x88, 0xdd, 0xfa, 0xe6, 0x98, 0x19,
    0x74, 0xff, 0xa8,

    /* U+0172 "Ų" */
    0xa8, 0xff, 0x8c, 0x0, 0x0, 0x0, 0x0, 0x0,
    0x0, 0x0, 0x24, 0xff, 0xff, 0x10, 0xa8, 0xff,
    0x8c, 0x0, 0x0, 0x0, 0x0, 0x0, 0x0, 0x0,
    0x24, 0xff, 0xff, 0x10, 0xa8, 0xff, 0x8c, 0x0,
    0x0, 0x0, 0x0, 0x0, 0x0, 0x0, 0x24, 0xff,
    0xff, 0x10, 0xa8, 0xff, 0x8c, 0x0, 0x0, 0x0,
    0x0, 0x0, 0x0, 0x0, 0x24, 0xff, 0xff, 0x10,
    0xa8, 0xff, 0x8c, 0x0, 0x0, 0x0, 0x0, 0x0,
    0x0, 0x0, 0x24, 0xff, 0xff, 0x10, 0xa8, 0xff,
    0x8c, 0x0, 0x0, 0x0, 0x0, 0x0, 0x0, 0x0,
    0x24, 0xff, 0xff, 0x10, 0xa8, 0xff, 0x8c, 0x0,
    0x0, 0x0, 0x0, 0x0, 0x0, 0x0, 0x24, 0xff,
    0xff, 0x10, 0xa8, 0xff, 0x8c, 0x0, 0x0, 0x0,
    0x0, 0x0, 0x0, 0x0, 0x24, 0xff, 0xff, 0x10,
    0xa8, 0xff, 0x8c, 0x0, 0x0, 0x0, 0x0, 0x0,
    0x0, 0x0, 0x24, 0xff, 0xff, 0x10, 0xa8, 0xff,
    0x8c, 0x0, 0x0, 0x0, 0x0, 0x0, 0x0, 0x0,
    0x24, 0xff, 0xff, 0x10, 0xa5, 0xff, 0x8d, 0x0,
    0x0, 0x0, 0x0, 0x0, 0x0, 0x0, 0x26, 0xff,
    0xff, 0xa, 0x93, 0xff, 0xa2, 0x0, 0x0, 0x0,
    0x0, 0x0, 0x0, 0x0, 0x3b, 0xff, 0xf5, 0x0,
    0x61, 0xff, 0xe3, 0x3, 0x0, 0x0, 0x0, 0x0,
    0x0, 0x0, 0x80, 0xff, 0xcc, 0x0, 0x13, 0xf3,
    0xff, 0x7b, 0x0, 0x0, 0x0, 0x0, 0x0, 0x24,
    0xef, 0xff, 0x7d, 0x0, 0x0, 0x72, 0xff, 0xff,
    0x9f, 0x3b, 0x19, 0x26, 0x6d, 0xea, 0xff, 0xe6,
    0xe, 0x0, 0x0, 0x0, 0x87, 0xff, 0xff, 0xff,
    0xff, 0xff, 0xff, 0xff, 0xe6, 0x2f, 0x0, 0x0,
    0x0, 0x0, 0x0, 0x39, 0xa6, 0xe3, 0xfb, 0xff,
    0xff, 0xd3, 0x1e, 0x0, 0x0, 0x0, 0x0, 0x0,
    0x0, 0x0, 0x0, 0x0, 0x55, 0xfd, 0xc7, 0x10,
    0x0, 0x0, 0x0, 0x0, 0x0, 0x0, 0x0, 0x0,
    0x0, 0x3, 0xea, 0xf8, 0x18, 0x0, 0x0, 0x0,
    0x0, 0x0, 0x0, 0x0, 0x0, 0x0, 0x0, 0xb,
    0xff, 0xf4, 0xe, 0x0, 0x0, 0x0, 0x0, 0x0,
    0x0, 0x0, 0x0, 0x0, 0x0, 0x0, 0xc5, 0xff,
    0xe9, 0xb3, 0x0, 0x0, 0x0, 0x0, 0x0, 0x0,
    0x0, 0x0, 0x0, 0x0, 0x1d, 0xb2, 0xf2, 0xe9,
    0x1b, 0x0, 0x0, 0x0,

    /* U+0173 "ų" */
    0xc0, 0xff, 0x74, 0x0, 0x0, 0x0, 0x0, 0x0,
    0x8c, 0xff, 0xa8, 0x0, 0xc0, 0xff, 0x74, 0x0,
    0x0, 0x0, 0x0, 0x0, 0x8c, 0xff, 0xa8, 0x0,
    0xc0, 0xff, 0x74, 0x0, 0x0, 0x0, 0x0, 0x0,
    0x8c, 0xff, 0xa8, 0x0, 0xc0, 0xff, 0x74, 0x0,
    0x0, 0x0, 0x0, 0x0, 0x8c, 0xff, 0xa8, 0x0,
    0xc0, 0xff, 0x74, 0x0, 0x0, 0x0, 0x0, 0x0,
    0x8c, 0xff, 0xa8, 0x0, 0xc0, 0xff, 0x74, 0x0,
    0x0, 0x0, 0x0, 0x0, 0x8c, 0xff, 0xa8, 0x0,
    0xc0, 0xff, 0x74, 0x0, 0x0, 0x0, 0x0, 0x0,
    0x92, 0xff, 0xa8, 0x0, 0xbc, 0xff, 0x82, 0x0,
    0x0, 0x0, 0x0, 0x0, 0xba, 0xff, 0xa8, 0x0,
    0xa3, 0xff, 0xc0, 0x0, 0x0, 0x0, 0x0, 0x2e,
    0xfc, 0xff, 0xa8, 0x0, 0x5d, 0xff, 0xff, 0x8c,
    0x1b, 0x4, 0x3e, 0xdd, 0xff, 0xff, 0xa8, 0x0,
    0x5, 0xc6, 0xff, 0xff, 0xff, 0xff, 0xff, 0xe9,
    0x96, 0xff, 0xa8, 0x0, 0x0, 0xb, 0x88, 0xdd,
    0xfa, 0xe6, 0x98, 0x19, 0x89, 0xff, 0x93, 0x0,
    0x0, 0x0, 0x0, 0x0, 0x0, 0x0, 0x0, 0x5e,
    0xff, 0xad, 0x5, 0x0, 0x0, 0x0, 0x0, 0x0,
    0x0, 0x0, 0x0, 0xe3, 0xfc, 0xf, 0x0, 0x0,
    0x0, 0x0, 0x0, 0x0, 0x0, 0x0, 0x1, 0xf9,
    0xfd, 0x18, 0x0, 0x0, 0x0, 0x0, 0x0, 0x0,
    0x0, 0x0, 0x0, 0xb5, 0xff, 0xec, 0xbd, 0x0,
    0x0, 0x0, 0x0, 0x0, 0x0, 0x0, 0x0, 0x17,
    0xaa, 0xf0, 0xeb, 0x27,

    /* U+0174 "Ŵ" */
    0x0, 0x0, 0x0, 0x0, 0x0, 0x0, 0x0, 0x0,
    0x0, 0x7, 0x79, 0x80, 0x2a, 0x0, 0x0, 0x0,
    0x0, 0x0, 0x0, 0x0, 0x0, 0x0, 0x0, 0x0,
    0x0, 0x0, 0x0, 0x0, 0x0, 0x0, 0x1, 0xa6,
    0xff, 0xff, 0xde, 0x13, 0x0, 0x0, 0x0, 0x0,
    0x0, 0x0, 0x0, 0x0, 0x0, 0x0, 0x0, 0x0,
    0x0, 0x0, 0x0, 0x0, 0x84, 0xff, 0xac, 0x60,
    0xff, 0xbf, 0x5, 0x0, 0x0, 0x0, 0x0, 0x0,
    0x0, 0x0, 0x0, 0x0, 0x0, 0x0, 0x0, 0x0,
    0x0, 0x12, 0x7f, 0x7c, 0xb, 0x0, 0x60, 0x80,
    0x31, 0x0, 0x0, 0x0, 0x0, 0x0, 0x0, 0x0,
    0x0, 0x0, 0x0, 0x0, 0x0, 0x0, 0x0, 0x0,
    0x0, 0x0, 0x0, 0x0, 0x0, 0x0, 0x0, 0x0,
    0x0, 0x0, 0x0, 0x0, 0x0, 0x0, 0x79, 0xff,
    0xd2, 0x0, 0x0, 0x0, 0x0, 0x0, 0x0, 0x0,
    0x0, 0x0, 0x0, 0x0, 0x0, 0x0, 0x0, 0x0,
    0x0, 0xb1, 0xff, 0x9c, 0x31, 0xff, 0xff, 0x18,
    0x0, 0x0, 0x0, 0x0, 0x0, 0x0, 0x0, 0x0,
    0x0, 0x0, 0x0, 0x0, 0x0, 0x0, 0x2, 0xef,
    0xff, 0x57, 0x1, 0xe7, 0xff, 0x5d, 0x0, 0x0,
    0x0, 0x0, 0x0, 0x5, 0xb2, 0xb8, 0x38, 0x0,
    0x0, 0x0, 0x0, 0x0, 0x34, 0xff, 0xfe, 0x14,
    0x0, 0xa1, 0xff, 0xa2, 0x0, 0x0, 0x0, 0x0,
    0x0, 0x49, 0xff, 0xff, 0x98, 0x0, 0x0, 0x0,
    0x0, 0x0, 0x75, 0xff, 0xcd, 0x0, 0x0, 0x59,
    0xff, 0xe7, 0x0, 0x0, 0x0, 0x0, 0x0, 0x9f,
    0xff, 0xff, 0xea, 0x3, 0x0, 0x0, 0x0, 0x0,
    0xb7, 0xff, 0x88, 0x0, 0x0, 0x14, 0xfd, 0xff,
    0x2d, 0x0, 0x0, 0x0, 0x5, 0xee, 0xff, 0xf7,
    0xff, 0x44, 0x0, 0x0, 0x0, 0x4, 0xf3, 0xff,
    0x43, 0x0, 0x0, 0x0, 0xca, 0xff, 0x72, 0x0,
    0x0, 0x0, 0x4a, 0xff, 0xdf, 0x91, 0xff, 0x99,
    0x0, 0x0, 0x0, 0x3a, 0xff, 0xf6, 0x7, 0x0,
    0x0, 0x0, 0x82, 0xff, 0xb8, 0x0, 0x0, 0x0,
    0xa0, 0xff, 0x8c, 0x3c, 0xff, 0xeb, 0x4, 0x0,
    0x0, 0x7b, 0xff, 0xb8, 0x0, 0x0, 0x0, 0x0,
    0x3a, 0xff, 0xf6, 0x7, 0x0, 0x6, 0xef, 0xff,
    0x38, 0x1, 0xe5, 0xff, 0x45, 0x0, 0x0, 0xbd,
    0xff, 0x73, 0x0, 0x0, 0x0, 0x0, 0x3, 0xef,
    0xff, 0x42, 0x0, 0x4c, 0xff, 0xe2, 0x1, 0x0,
    0x93, 0xff, 0x9b, 0x0, 0x7, 0xf6, 0xff, 0x2e,
    0x0, 0x0, 0x0, 0x0, 0x0, 0xab, 0xff, 0x88,
    0x0, 0xa2, 0xff, 0x8f, 0x0, 0x0, 0x3e, 0xff,
    0xec, 0x4, 0x40, 0xff, 0xe8, 0x1, 0x0, 0x0,
    0x0, 0x0, 0x0, 0x63, 0xff, 0xcd, 0x6, 0xf0,
    0xff, 0x3b, 0x0, 0x0, 0x2, 0xe7, 0xff, 0x47,
    0x81, 0xff, 0xa4, 0x0, 0x0, 0x0, 0x0, 0x0,
    0x0, 0x1b, 0xff, 0xfe, 0x62, 0xff, 0xe5, 0x1,
    0x0, 0x0, 0x0, 0x95, 0xff, 0x9c, 0xc3, 0xff,
    0x5e, 0x0, 0x0, 0x0, 0x0, 0x0, 0x0, 0x0,
    0xd4, 0xff, 0xeb, 0xff, 0x92, 0x0, 0x0, 0x0,
    0x0, 0x40, 0xff, 0xf0, 0xfa, 0xff, 0x1a, 0x0,
    0x0, 0x0, 0x0, 0x0, 0x0, 0x0, 0x8c, 0xff,
    0xff, 0xff, 0x3e, 0x0, 0x0, 0x0, 0x0, 0x2,
    0xe9, 0xff, 0xff, 0xd4, 0x0, 0x0, 0x0, 0x0,
    0x0, 0x0, 0x0, 0x0, 0x44, 0xff, 0xff, 0xe7,
    0x2, 0x0, 0x0, 0x0, 0x0, 0x0, 0x97, 0xff,
    0xff, 0x8f, 0x0, 0x0, 0x0, 0x0, 0x0, 0x0,
    0x0, 0x0, 0x7, 0xf4, 0xff, 0x96, 0x0, 0x0,
    0x0, 0x0, 0x0, 0x0, 0x42, 0xff, 0xff, 0x4a,
    0x0, 0x0, 0x0, 0x0,

    /* U+0175 "ŵ" */
    0x0, 0x0, 0x0, 0x0, 0x0, 0x0, 0x0, 0x69,
    0xff, 0xff, 0x6f, 0x0, 0x0, 0x0, 0x0, 0x0,
    0x0, 0x0, 0x0, 0x0, 0x0, 0x0, 0x0, 0x0,
    0x5d, 0xfe, 0xc7, 0xbf, 0xfe, 0x59, 0x0, 0x0,
    0x0, 0x0, 0x0, 0x0, 0x0, 0x0, 0x0, 0x0,
    0x0, 0x21, 0xb4, 0xad, 0x13, 0xf, 0xa9, 0xb2,
    0x1c, 0x0, 0x0, 0x0, 0x0, 0x0, 0x0, 0x0,
    0x0, 0x0, 0x0, 0x0, 0x0, 0x0, 0x0, 0x0,
    0x0, 0x0, 0x0, 0x0, 0x0, 0x0, 0x0, 0x0,
    0x0, 0x0, 0x0, 0x0, 0x0, 0x0, 0x0, 0x0,
    0x0, 0x0, 0x0, 0x0, 0x0, 0x0, 0x0, 0x0,
    0x0, 0x0, 0xc0, 0xff, 0x8c, 0x0, 0x0, 0x0,
    0x0, 0x39, 0xff, 0xff, 0x60, 0x0, 0x0, 0x0,
    0x0, 0x65, 0xff, 0xd6, 0x6f, 0xff, 0xd6, 0x0,
    0x0, 0x0, 0x0, 0x8b, 0xff, 0xff, 0xb3, 0x0,
    0x0, 0x0, 0x0, 0xae, 0xff, 0x85, 0x1e, 0xff,
    0xff, 0x20, 0x0, 0x0, 0x0, 0xdc, 0xff, 0xfd,
    0xf8, 0xc, 0x0, 0x0, 0x5, 0xf2, 0xff, 0x34,
    0x0, 0xcd, 0xff, 0x69, 0x0, 0x0, 0x2e, 0xff,
    0xce, 0xbf, 0xff, 0x57, 0x0, 0x0, 0x41, 0xff,
    0xe3, 0x0, 0x0, 0x7c, 0xff, 0xb3, 0x0, 0x0,
    0x80, 0xff, 0x7d, 0x6e, 0xff, 0xa9, 0x0, 0x0,
    0x8a, 0xff, 0x92, 0x0, 0x0, 0x2b, 0xff, 0xf5,
    0x7, 0x0, 0xd1, 0xff, 0x2d, 0x1d, 0xff, 0xf3,
    0x8, 0x0, 0xd3, 0xff, 0x41, 0x0, 0x0, 0x0,
    0xda, 0xff, 0x46, 0x23, 0xff, 0xdc, 0x0, 0x0,
    0xcb, 0xff, 0x4d, 0x1c, 0xff, 0xed, 0x4, 0x0,
    0x0, 0x0, 0x89, 0xff, 0x90, 0x75, 0xff, 0x8b,
    0x0, 0x0, 0x7a, 0xff, 0x9f, 0x66, 0xff, 0x9f,
    0x0, 0x0, 0x0, 0x0, 0x38, 0xff, 0xda, 0xc6,
    0xff, 0x3a, 0x0, 0x0, 0x29, 0xff, 0xed, 0xb3,
    0xff, 0x4e, 0x0, 0x0, 0x0, 0x0, 0x1, 0xe5,
    0xff, 0xff, 0xe7, 0x2, 0x0, 0x0, 0x0, 0xd7,
    0xff, 0xff, 0xf4, 0x9, 0x0, 0x0, 0x0, 0x0,
    0x0, 0x96, 0xff, 0xff, 0x98, 0x0, 0x0, 0x0,
    0x0, 0x86, 0xff, 0xff, 0xac, 0x0, 0x0, 0x0,
    0x0, 0x0, 0x0, 0x45, 0xff, 0xff, 0x48, 0x0,
    0x0, 0x0, 0x0, 0x35, 0xff, 0xff, 0x5c, 0x0,
    0x0, 0x0,

    /* U+0176 "Ŷ" */
    0x0, 0x0, 0x0, 0x0, 0x0, 0x6, 0x78, 0x80,
    0x2c, 0x0, 0x0, 0x0, 0x0, 0x0, 0x0, 0x0,
    0x0, 0x0, 0x0, 0xa2, 0xff, 0xff, 0xe0, 0x15,
    0x0, 0x0, 0x0, 0x0, 0x0, 0x0, 0x0, 0x0,
    0x80, 0xff, 0xaf, 0x5d, 0xff, 0xc2, 0x5, 0x0,
    0x0, 0x0, 0x0, 0x0, 0x0, 0x11, 0x7f, 0x7d,
    0xc, 0x0, 0x5e, 0x80, 0x33, 0x0, 0x0, 0x0,
    0x0, 0x0, 0x0, 0x0, 0x0, 0x0, 0x0, 0x0,
    0x0, 0x0, 0x0, 0x0, 0x0, 0x0, 0x67, 0xff,
    0xfc, 0x31, 0x0, 0x0, 0x0, 0x0, 0x0, 0x0,
    0xb, 0xe2, 0xff, 0xa7, 0x1, 0xc2, 0xff, 0xc9,
    0x2, 0x0, 0x0, 0x0, 0x0, 0x0, 0x88, 0xff,
    0xef, 0x17, 0x0, 0x27, 0xf8, 0xff, 0x69, 0x0,
    0x0, 0x0, 0x0, 0x27, 0xf9, 0xff, 0x67, 0x0,
    0x0, 0x0, 0x7d, 0xff, 0xef, 0x17, 0x0, 0x0,
    0x0, 0xbb, 0xff, 0xc5, 0x1, 0x0, 0x0, 0x0,
    0x5, 0xd4, 0xff, 0xa4, 0x0, 0x0, 0x56, 0xff,
    0xfa, 0x2c, 0x0, 0x0, 0x0, 0x0, 0x0, 0x39,
    0xfd, 0xff, 0x42, 0xb, 0xe3, 0xff, 0x87, 0x0,
    0x0, 0x0, 0x0, 0x0, 0x0, 0x0, 0x93, 0xff,
    0xd8, 0x91, 0xff, 0xdd, 0x9, 0x0, 0x0, 0x0,
    0x0, 0x0, 0x0, 0x0, 0xd, 0xe3, 0xff, 0xff,
    0xff, 0x47, 0x0, 0x0, 0x0, 0x0, 0x0, 0x0,
    0x0, 0x0, 0x0, 0x4d, 0xff, 0xff, 0xa7, 0x0,
    0x0, 0x0, 0x0, 0x0, 0x0, 0x0, 0x0, 0x0,
    0x0, 0x0, 0xec, 0xff, 0x48, 0x0, 0x0, 0x0,
    0x0, 0x0, 0x0, 0x0, 0x0, 0x0, 0x0, 0x0,
    0xec, 0xff, 0x48, 0x0, 0x0, 0x0, 0x0, 0x0,
    0x0, 0x0, 0x0, 0x0, 0x0, 0x0, 0xec, 0xff,
    0x48, 0x0, 0x0, 0x0, 0x0, 0x0, 0x0, 0x0,
    0x0, 0x0, 0x0, 0x0, 0xec, 0xff, 0x48, 0x0,
    0x0, 0x0, 0x0, 0x0, 0x0, 0x0, 0x0, 0x0,
    0x0, 0x0, 0xec, 0xff, 0x48, 0x0, 0x0, 0x0,
    0x0, 0x0, 0x0, 0x0, 0x0, 0x0, 0x0, 0x0,
    0xec, 0xff, 0x48, 0x0, 0x0, 0x0, 0x0, 0x0,
    0x0, 0x0, 0x0, 0x0, 0x0, 0x0, 0xec, 0xff,
    0x48, 0x0, 0x0, 0x0, 0x0, 0x0, 0x0, 0x0,
    0x0, 0x0, 0x0, 0x0, 0xec, 0xff, 0x48, 0x0,
    0x0, 0x0, 0x0, 0x0,

    /* U+0177 "ŷ" */
    0x0, 0x0, 0x0, 0x0, 0x6a, 0xff, 0xff, 0x70,
    0x0, 0x0, 0x0, 0x0, 0x0, 0x0, 0x0, 0x5f,
    0xfe, 0xc6, 0xbf, 0xfe, 0x5b, 0x0, 0x0, 0x0,
    0x0, 0x0, 0x21, 0xb0, 0xa9, 0x12, 0xe, 0xa6,
    0xae, 0x1c, 0x0, 0x0, 0x0, 0x0, 0x0, 0x0,
    0x0, 0x0, 0x0, 0x0, 0x0, 0x0, 0x0, 0x0,
    0x0, 0x0, 0x0, 0x0, 0x0, 0x0, 0x0, 0x0,
    0x0, 0x0, 0x0, 0x0, 0xb0, 0xff, 0xb4, 0x0,
    0x0, 0x0, 0x0, 0x0, 0x0, 0xc0, 0xff, 0xa3,
    0x40, 0xff, 0xfd, 0x20, 0x0, 0x0, 0x0, 0x0,
    0x27, 0xff, 0xff, 0x35, 0x0, 0xcf, 0xff, 0x88,
    0x0, 0x0, 0x0, 0x0, 0x8d, 0xff, 0xc5, 0x0,
    0x0, 0x60, 0xff, 0xea, 0x7, 0x0, 0x0, 0x7,
    0xec, 0xff, 0x56, 0x0, 0x0, 0x6, 0xe8, 0xff,
    0x5c, 0x0, 0x0, 0x5b, 0xff, 0xe3, 0x4, 0x0,
    0x0, 0x0, 0x7f, 0xff, 0xc5, 0x0, 0x0, 0xc2,
    0xff, 0x78, 0x0, 0x0, 0x0, 0x0, 0x16, 0xf8,
    0xff, 0x2f, 0x29, 0xff, 0xf6, 0x13, 0x0, 0x0,
    0x0, 0x0, 0x0, 0x9f, 0xff, 0x99, 0x90, 0xff,
    0x9a, 0x0, 0x0, 0x0, 0x0, 0x0, 0x0, 0x2e,
    0xff, 0xf4, 0xef, 0xff, 0x2c, 0x0, 0x0, 0x0,
    0x0, 0x0, 0x0, 0x0, 0xbe, 0xff, 0xff, 0xbc,
    0x0, 0x0, 0x0, 0x0, 0x0, 0x0, 0x0, 0x0,
    0x4e, 0xff, 0xff, 0x4d, 0x0, 0x0, 0x0, 0x0,
    0x0, 0x0, 0x0, 0x0, 0x45, 0xff, 0xdc, 0x2,
    0x0, 0x0, 0x0, 0x0, 0x0, 0x0, 0x0, 0x0,
    0xbb, 0xff, 0x6f, 0x0, 0x0, 0x0, 0x0, 0x0,
    0x0, 0x0, 0x0, 0x31, 0xff, 0xf2, 0xe, 0x0,
    0x0, 0x0, 0x0, 0x0, 0x0, 0x0, 0x0, 0xa6,
    0xff, 0x91, 0x0, 0x0, 0x0, 0x0, 0x0, 0x0,
    0x0, 0x0, 0x1f, 0xfb, 0xfe, 0x24, 0x0, 0x0,
    0x0, 0x0, 0x0, 0x0, 0x0, 0x0, 0x91, 0xff,
    0xb3, 0x0, 0x0, 0x0, 0x0, 0x0, 0x0, 0x0,

    /* U+0178 "Ÿ" */
    0x0, 0x0, 0x0, 0x7, 0xc2, 0xea, 0x37, 0x4,
    0xbd, 0xec, 0x3d, 0x0, 0x0, 0x0, 0x0, 0x0,
    0x0, 0x24, 0xff, 0xff, 0x78, 0x1c, 0xff, 0xff,
    0x80, 0x0, 0x0, 0x0, 0x0, 0x0, 0x0, 0x0,
    0x74, 0x9b, 0x12, 0x0, 0x6e, 0x9d, 0x15, 0x0,
    0x0, 0x0, 0x0, 0x0, 0x0, 0x0, 0x0, 0x0,
    0x0, 0x0, 0x0, 0x0, 0x0, 0x0, 0x0, 0x0,
    0x67, 0xff, 0xfc, 0x31, 0x0, 0x0, 0x0, 0x0,
    0x0, 0x0, 0xb, 0xe2, 0xff, 0xa7, 0x1, 0xc2,
    0xff, 0xc9, 0x2, 0x0, 0x0, 0x0, 0x0, 0x0,
    0x88, 0xff, 0xef, 0x17, 0x0, 0x27, 0xf8, 0xff,
    0x69, 0x0, 0x0, 0x0, 0x0, 0x27, 0xf9, 0xff,
    0x67, 0x0, 0x0, 0x0, 0x7d, 0xff, 0xef, 0x17,
    0x0, 0x0, 0x0, 0xbb, 0xff, 0xc5, 0x1, 0x0,
    0x0, 0x0, 0x5, 0xd4, 0xff, 0xa4, 0x0, 0x0,
    0x56, 0xff, 0xfa, 0x2c, 0x0, 0x0, 0x0, 0x0,
    0x0, 0x39, 0xfd, 0xff, 0x42, 0xb, 0xe3, 0xff,
    0x87, 0x0, 0x0, 0x0, 0x0, 0x0, 0x0, 0x0,
    0x93, 0xff, 0xd8, 0x91, 0xff, 0xdd, 0x9, 0x0,
    0x0, 0x0, 0x0, 0x0, 0x0, 0x0, 0xd, 0xe3,
    0xff, 0xff, 0xff, 0x47, 0x0, 0x0, 0x0, 0x0,
    0x0, 0x0, 0x0, 0x0, 0x0, 0x4d, 0xff, 0xff,
    0xa7, 0x0, 0x0, 0x0, 0x0, 0x0, 0x0, 0x0,
    0x0, 0x0, 0x0, 0x0, 0xec, 0xff, 0x48, 0x0,
    0x0, 0x0, 0x0, 0x0, 0x0, 0x0, 0x0, 0x0,
    0x0, 0x0, 0xec, 0xff, 0x48, 0x0, 0x0, 0x0,
    0x0, 0x0, 0x0, 0x0, 0x0, 0x0, 0x0, 0x0,
    0xec, 0xff, 0x48, 0x0, 0x0, 0x0, 0x0, 0x0,
    0x0, 0x0, 0x0, 0x0, 0x0, 0x0, 0xec, 0xff,
    0x48, 0x0, 0x0, 0x0, 0x0, 0x0, 0x0, 0x0,
    0x0, 0x0, 0x0, 0x0, 0xec, 0xff, 0x48, 0x0,
    0x0, 0x0, 0x0, 0x0, 0x0, 0x0, 0x0, 0x0,
    0x0, 0x0, 0xec, 0xff, 0x48, 0x0, 0x0, 0x0,
    0x0, 0x0, 0x0, 0x0, 0x0, 0x0, 0x0, 0x0,
    0xec, 0xff, 0x48, 0x0, 0x0, 0x0, 0x0, 0x0,
    0x0, 0x0, 0x0, 0x0, 0x0, 0x0, 0xec, 0xff,
    0x48, 0x0, 0x0, 0x0, 0x0, 0x0,

    /* U+0179 "Ź" */
    0x0, 0x0, 0x0, 0x0, 0x0, 0x0, 0x0, 0x8,
    0x8, 0x2, 0x0, 0x0, 0x0, 0x0, 0x0, 0x0,
    0x0, 0x0, 0x0, 0x50, 0xff, 0xee, 0x13, 0x0,
    0x0, 0x0, 0x0, 0x0, 0x0, 0x0, 0x0, 0x0,
    0xba, 0xff, 0x6f, 0x0, 0x0, 0x0, 0x0, 0x0,
    0x0, 0x0, 0x0, 0x0, 0x24, 0xfe, 0xd8, 0x5,
    0x0, 0x0, 0x0, 0x0, 0x0, 0x0, 0x0, 0x0,
    0x0, 0x0, 0x0, 0x0, 0x0, 0x0, 0x0, 0x0,
    0x0, 0x0, 0xd8, 0xff, 0xff, 0xff, 0xff, 0xff,
    0xff, 0xff, 0xff, 0xff, 0xff, 0x7c, 0x0, 0xd8,
    0xff, 0xff, 0xff, 0xff, 0xff, 0xff, 0xff, 0xff,
    0xff, 0xff, 0x7c, 0x0, 0x14, 0x18, 0x18, 0x18,
    0x18, 0x18, 0x18, 0x18, 0x79, 0xff, 0xff, 0x4c,
    0x0, 0x0, 0x0, 0x0, 0x0, 0x0, 0x0, 0x0,
    0x27, 0xf4, 0xff, 0x99, 0x0, 0x0, 0x0, 0x0,
    0x0, 0x0, 0x0, 0x0, 0x6, 0xcf, 0xff, 0xd6,
    0xa, 0x0, 0x0, 0x0, 0x0, 0x0, 0x0, 0x0,
    0x0, 0x90, 0xff, 0xf8, 0x2f, 0x0, 0x0, 0x0,
    0x0, 0x0, 0x0, 0x0, 0x0, 0x49, 0xfe, 0xff,
    0x6d, 0x0, 0x0, 0x0, 0x0, 0x0, 0x0, 0x0,
    0x0, 0x18, 0xe9, 0xff, 0xb4, 0x0, 0x0, 0x0,
    0x0, 0x0, 0x0, 0x0, 0x0, 0x1, 0xb9, 0xff,
    0xe6, 0x14, 0x0, 0x0, 0x0, 0x0, 0x0, 0x0,
    0x0, 0x0, 0x75, 0xff, 0xfe, 0x43, 0x0, 0x0,
    0x0, 0x0, 0x0, 0x0, 0x0, 0x0, 0x33, 0xfa,
    0xff, 0x88, 0x0, 0x0, 0x0, 0x0, 0x0, 0x0,
    0x0, 0x0, 0xc, 0xda, 0xff, 0xc9, 0x5, 0x0,
    0x0, 0x0, 0x0, 0x0, 0x0, 0x0, 0x0, 0xa1,
    0xff, 0xf2, 0x23, 0x0, 0x0, 0x0, 0x0, 0x0,
    0x0, 0x0, 0x0, 0x5a, 0xff, 0xff, 0x5c, 0x0,
    0x0, 0x0, 0x0, 0x0, 0x0, 0x0, 0x0, 0x1a,
    0xf1, 0xff, 0xb3, 0x18, 0x18, 0x18, 0x18, 0x18,
    0x18, 0x18, 0x18, 0xd, 0x3c, 0xff, 0xff, 0xff,
    0xff, 0xff, 0xff, 0xff, 0xff, 0xff, 0xff, 0xff,
    0x94, 0x3c, 0xff, 0xff, 0xff, 0xff, 0xff, 0xff,
    0xff, 0xff, 0xff, 0xff, 0xff, 0x94,

    /* U+017A "ź" */
    0x0, 0x0, 0x0, 0x0, 0x0, 0x41, 0xff, 0xf5,
    0x1c, 0x0, 0x0, 0x0, 0x0, 0x0, 0x0, 0x0,
    0xab, 0xff, 0x80, 0x0, 0x0, 0x0, 0x0, 0x0,
    0x0, 0x0, 0x19, 0xfb, 0xe3, 0xa, 0x0, 0x0,
    0x0, 0x0, 0x0, 0x0, 0x0, 0x2, 0x8, 0x5,
    0x0, 0x0, 0x0, 0x0, 0x0, 0x0, 0x0, 0x0,
    0x0, 0x0, 0x0, 0x0, 0x0, 0x0, 0x0, 0xc,
    0xff, 0xff, 0xff, 0xff, 0xff, 0xff, 0xff, 0xff,
    0xff, 0x2c, 0xc, 0xff, 0xff, 0xff, 0xff, 0xff,
    0xff, 0xff, 0xff, 0xff, 0x2b, 0x0, 0x0, 0x0,
    0x0, 0x0, 0x0, 0x14, 0xde, 0xff, 0xad, 0x1,
    0x0, 0x0, 0x0, 0x0, 0x0, 0x5, 0xc0, 0xff,
    0xcf, 0xb, 0x0, 0x0, 0x0, 0x0, 0x0, 0x0,
    0x9a, 0xff, 0xe8, 0x1e, 0x0, 0x0, 0x0, 0x0,
    0x0, 0x0, 0x6f, 0xff, 0xf9, 0x3a, 0x0, 0x0,
    0x0, 0x0, 0x0, 0x0, 0x45, 0xfc, 0xff, 0x60,
    0x0, 0x0, 0x0, 0x0, 0x0, 0x0, 0x26, 0xef,
    0xff, 0x8c, 0x0, 0x0, 0x0, 0x0, 0x0, 0x0,
    0x10, 0xd9, 0xff, 0xb6, 0x2, 0x0, 0x0, 0x0,
    0x0, 0x0, 0x3, 0xba, 0xff, 0xd7, 0xe, 0x0,
    0x0, 0x0, 0x0, 0x0, 0x0, 0x3b, 0xff, 0xff,
    0xff, 0xff, 0xff, 0xff, 0xff, 0xff, 0xff, 0x44,
    0x3c, 0xff, 0xff, 0xff, 0xff, 0xff, 0xff, 0xff,
    0xff, 0xff, 0x44,

    /* U+017B "Ż" */
    0x0, 0x0, 0x0, 0x0, 0x0, 0x1, 0x5c, 0x41,
    0x0, 0x0, 0x0, 0x0, 0x0, 0x0, 0x0, 0x0,
    0x0, 0x0, 0x4e, 0xff, 0xfb, 0xd, 0x0, 0x0,
    0x0, 0x0, 0x0, 0x0, 0x0, 0x0, 0x0, 0x21,
    0xe1, 0xc0, 0x2, 0x0, 0x0, 0x0, 0x0, 0x0,
    0x0, 0x0, 0x0, 0x0, 0x0, 0x0, 0x0, 0x0,
    0x0, 0x0, 0x0, 0x0, 0x0, 0x0, 0x0, 0x0,
    0x0, 0x0, 0x0, 0x0, 0x0, 0x0, 0x0, 0x0,
    0x0, 0x0, 0xd8, 0xff, 0xff, 0xff, 0xff, 0xff,
    0xff, 0xff, 0xff, 0xff, 0xff, 0x7c, 0x0, 0xd8,
    0xff, 0xff, 0xff, 0xff, 0xff, 0xff, 0xff, 0xff,
    0xff, 0xff, 0x7c, 0x0, 0x14, 0x18, 0x18, 0x18,
    0x18, 0x18, 0x18, 0x18, 0x79, 0xff, 0xff, 0x4c,
    0x0, 0x0, 0x0, 0x0, 0x0, 0x0, 0x0, 0x0,
    0x27, 0xf4, 0xff, 0x99, 0x0, 0x0, 0x0, 0x0,
    0x0, 0x0, 0x0, 0x0, 0x6, 0xcf, 0xff, 0xd6,
    0xa, 0x0, 0x0, 0x0, 0x0, 0x0, 0x0, 0x0,
    0x0, 0x90, 0xff, 0xf8, 0x2f, 0x0, 0x0, 0x0,
    0x0, 0x0, 0x0, 0x0, 0x0, 0x49, 0xfe, 0xff,
    0x6d, 0x0, 0x0, 0x0, 0x0, 0x0, 0x0, 0x0,
    0x0, 0x18, 0xe9, 0xff, 0xb4, 0x0, 0x0, 0x0,
    0x0, 0x0, 0x0, 0x0, 0x0, 0x1, 0xb9, 0xff,
    0xe6, 0x14, 0x0, 0x0, 0x0, 0x0, 0x0, 0x0,
    0x0, 0x0, 0x75, 0xff, 0xfe, 0x43, 0x0, 0x0,
    0x0, 0x0, 0x0, 0x0, 0x0, 0x0, 0x33, 0xfa,
    0xff, 0x88, 0x0, 0x0, 0x0, 0x0, 0x0, 0x0,
    0x0, 0x0, 0xc, 0xda, 0xff, 0xc9, 0x5, 0x0,
    0x0, 0x0, 0x0, 0x0, 0x0, 0x0, 0x0, 0xa1,
    0xff, 0xf2, 0x23, 0x0, 0x0, 0x0, 0x0, 0x0,
    0x0, 0x0, 0x0, 0x5a, 0xff, 0xff, 0x5c, 0x0,
    0x0, 0x0, 0x0, 0x0, 0x0, 0x0, 0x0, 0x1a,
    0xf1, 0xff, 0xb3, 0x18, 0x18, 0x18, 0x18, 0x18,
    0x18, 0x18, 0x18, 0xd, 0x3c, 0xff, 0xff, 0xff,
    0xff, 0xff, 0xff, 0xff, 0xff, 0xff, 0xff, 0xff,
    0x94, 0x3c, 0xff, 0xff, 0xff, 0xff, 0xff, 0xff,
    0xff, 0xff, 0xff, 0xff, 0xff, 0x94,

    /* U+017C "ż" */
    0x0, 0x0, 0x0, 0x0, 0x54, 0xf1, 0xa2, 0x0,
    0x0, 0x0, 0x0, 0x0, 0x0, 0x0, 0x0, 0xa4,
    0xff, 0xf7, 0x1, 0x0, 0x0, 0x0, 0x0, 0x0,
    0x0, 0x0, 0x24, 0xa4, 0x57, 0x0, 0x0, 0x0,
    0x0, 0x0, 0x0, 0x0, 0x0, 0x0, 0x0, 0x0,
    0x0, 0x0, 0x0, 0x0, 0x0, 0x0, 0x0, 0x0,
    0x0, 0x0, 0x0, 0x0, 0x0, 0x0, 0x0, 0xc,
    0xff, 0xff, 0xff, 0xff, 0xff, 0xff, 0xff, 0xff,
    0xff, 0x2c, 0xc, 0xff, 0xff, 0xff, 0xff, 0xff,
    0xff, 0xff, 0xff, 0xff, 0x2b, 0x0, 0x0, 0x0,
    0x0, 0x0, 0x0, 0x14, 0xde, 0xff, 0xad, 0x1,
    0x0, 0x0, 0x0, 0x0, 0x0, 0x5, 0xc0, 0xff,
    0xcf, 0xb, 0x0, 0x0, 0x0, 0x0, 0x0, 0x0,
    0x9a, 0xff, 0xe8, 0x1e, 0x0, 0x0, 0x0, 0x0,
    0x0, 0x0, 0x6f, 0xff, 0xf9, 0x3a, 0x0, 0x0,
    0x0, 0x0, 0x0, 0x0, 0x45, 0xfc, 0xff, 0x60,
    0x0, 0x0, 0x0, 0x0, 0x0, 0x0, 0x26, 0xef,
    0xff, 0x8c, 0x0, 0x0, 0x0, 0x0, 0x0, 0x0,
    0x10, 0xd9, 0xff, 0xb6, 0x2, 0x0, 0x0, 0x0,
    0x0, 0x0, 0x3, 0xba, 0xff, 0xd7, 0xe, 0x0,
    0x0, 0x0, 0x0, 0x0, 0x0, 0x3b, 0xff, 0xff,
    0xff, 0xff, 0xff, 0xff, 0xff, 0xff, 0xff, 0x44,
    0x3c, 0xff, 0xff, 0xff, 0xff, 0xff, 0xff, 0xff,
    0xff, 0xff, 0x44,

    /* U+017D "Ž" */
    0x0, 0x0, 0x0, 0x27, 0x80, 0x68, 0x0, 0x6,
    0x79, 0x80, 0x1b, 0x0, 0x0, 0x0, 0x0, 0x0,
    0x1, 0xb0, 0xff, 0x74, 0x9f, 0xff, 0x95, 0x0,
    0x0, 0x0, 0x0, 0x0, 0x0, 0x0, 0xc, 0xd2,
    0xff, 0xff, 0xb6, 0x3, 0x0, 0x0, 0x0, 0x0,
    0x0, 0x0, 0x0, 0x0, 0x20, 0x80, 0x7d, 0xd,
    0x0, 0x0, 0x0, 0x0, 0x0, 0x0, 0x0, 0x0,
    0x0, 0x0, 0x0, 0x0, 0x0, 0x0, 0x0, 0x0,
    0x0, 0x0, 0xd8, 0xff, 0xff, 0xff, 0xff, 0xff,
    0xff, 0xff, 0xff, 0xff, 0xff, 0x7c, 0x0, 0xd8,
    0xff, 0xff, 0xff, 0xff, 0xff, 0xff, 0xff, 0xff,
    0xff, 0xff, 0x7c, 0x0, 0x14, 0x18, 0x18, 0x18,
    0x18, 0x18, 0x18, 0x18, 0x79, 0xff, 0xff, 0x4c,
    0x0, 0x0, 0x0, 0x0, 0x0, 0x0, 0x0, 0x0,
    0x27, 0xf4, 0xff, 0x99, 0x0, 0x0, 0x0, 0x0,
    0x0, 0x0, 0x0, 0x0, 0x6, 0xcf, 0xff, 0xd6,
    0xa, 0x0, 0x0, 0x0, 0x0, 0x0, 0x0, 0x0,
    0x0, 0x90, 0xff, 0xf8, 0x2f, 0x0, 0x0, 0x0,
    0x0, 0x0, 0x0, 0x0, 0x0, 0x49, 0xfe, 0xff,
    0x6d, 0x0, 0x0, 0x0, 0x0, 0x0, 0x0, 0x0,
    0x0, 0x18, 0xe9, 0xff, 0xb4, 0x0, 0x0, 0x0,
    0x0, 0x0, 0x0, 0x0, 0x0, 0x1, 0xb9, 0xff,
    0xe6, 0x14, 0x0, 0x0, 0x0, 0x0, 0x0, 0x0,
    0x0, 0x0, 0x75, 0xff, 0xfe, 0x43, 0x0, 0x0,
    0x0, 0x0, 0x0, 0x0, 0x0, 0x0, 0x33, 0xfa,
    0xff, 0x88, 0x0, 0x0, 0x0, 0x0, 0x0, 0x0,
    0x0, 0x0, 0xc, 0xda, 0xff, 0xc9, 0x5, 0x0,
    0x0, 0x0, 0x0, 0x0, 0x0, 0x0, 0x0, 0xa1,
    0xff, 0xf2, 0x23, 0x0, 0x0, 0x0, 0x0, 0x0,
    0x0, 0x0, 0x0, 0x5a, 0xff, 0xff, 0x5c, 0x0,
    0x0, 0x0, 0x0, 0x0, 0x0, 0x0, 0x0, 0x1a,
    0xf1, 0xff, 0xb3, 0x18, 0x18, 0x18, 0x18, 0x18,
    0x18, 0x18, 0x18, 0xd, 0x3c, 0xff, 0xff, 0xff,
    0xff, 0xff, 0xff, 0xff, 0xff, 0xff, 0xff, 0xff,
    0x94, 0x3c, 0xff, 0xff, 0xff, 0xff, 0xff, 0xff,
    0xff, 0xff, 0xff, 0xff, 0xff, 0x94,

    /* U+017E "ž" */
    0x0, 0x0, 0x47, 0xf9, 0xd2, 0x11, 0x75, 0xff,
    0xba, 0x6, 0x0, 0x0, 0x0, 0x0, 0x56, 0xfd,
    0xe1, 0xff, 0xc0, 0xa, 0x0, 0x0, 0x0, 0x0,
    0x0, 0x0, 0x5d, 0xa8, 0x99, 0xc, 0x0, 0x0,
    0x0, 0x0, 0x0, 0x0, 0x0, 0x0, 0x0, 0x0,
    0x0, 0x0, 0x0, 0x0, 0x0, 0x0, 0x0, 0x0,
    0x0, 0x0, 0x0, 0x0, 0x0, 0x0, 0x0, 0xc,
    0xff, 0xff, 0xff, 0xff, 0xff, 0xff, 0xff, 0xff,
    0xff, 0x2c, 0xc, 0xff, 0xff, 0xff, 0xff, 0xff,
    0xff, 0xff, 0xff, 0xff, 0x2b, 0x0, 0x0, 0x0,
    0x0, 0x0, 0x0, 0x14, 0xde, 0xff, 0xad, 0x1,
    0x0, 0x0, 0x0, 0x0, 0x0, 0x5, 0xc0, 0xff,
    0xcf, 0xb, 0x0, 0x0, 0x0, 0x0, 0x0, 0x0,
    0x9a, 0xff, 0xe8, 0x1e, 0x0, 0x0, 0x0, 0x0,
    0x0, 0x0, 0x6f, 0xff, 0xf9, 0x3a, 0x0, 0x0,
    0x0, 0x0, 0x0, 0x0, 0x45, 0xfc, 0xff, 0x60,
    0x0, 0x0, 0x0, 0x0, 0x0, 0x0, 0x26, 0xef,
    0xff, 0x8c, 0x0, 0x0, 0x0, 0x0, 0x0, 0x0,
    0x10, 0xd9, 0xff, 0xb6, 0x2, 0x0, 0x0, 0x0,
    0x0, 0x0, 0x3, 0xba, 0xff, 0xd7, 0xe, 0x0,
    0x0, 0x0, 0x0, 0x0, 0x0, 0x3b, 0xff, 0xff,
    0xff, 0xff, 0xff, 0xff, 0xff, 0xff, 0xff, 0x44,
    0x3c, 0xff, 0xff, 0xff, 0xff, 0xff, 0xff, 0xff,
    0xff, 0xff, 0x44,

    /* U+0192 "ƒ" */
    0x0, 0x0, 0x0, 0x0, 0x0, 0x0, 0x0, 0x0,
    0xf, 0x88, 0xdd, 0xf8, 0xdf, 0x10, 0x0, 0x0,
    0x0, 0x0, 0x0, 0x0, 0x0, 0x8, 0xc9, 0xff,
    0xff, 0xff, 0xb9, 0x0, 0x0, 0x0, 0x0, 0x0,
    0x0, 0x0, 0x0, 0x61, 0xff, 0xe5, 0x32, 0x6,
    0xf, 0x0, 0x0, 0x0, 0x0, 0x0, 0x0, 0x0,
    0x0, 0xaf, 0xff, 0x7e, 0x0, 0x0, 0x0, 0x0,
    0x0, 0x0, 0x0, 0x0, 0x0, 0x0, 0x0, 0xe5,
    0xff, 0x43, 0x0, 0x0, 0x0, 0x0, 0x0, 0x0,
    0x0, 0x0, 0x0, 0x0, 0x1a, 0xff, 0xfd, 0xe,
    0x0, 0x0, 0x0, 0x0, 0x0, 0x0, 0x0, 0x0,
    0x0, 0x0, 0x51, 0xff, 0xd4, 0x0, 0x0, 0x0,
    0x0, 0x0, 0x0, 0x0, 0x0, 0x4a, 0xfc, 0xfc,
    0xfd, 0xff, 0xfe, 0xfc, 0xfc, 0xc0, 0x0, 0x0,
    0x0, 0x0, 0x0, 0x4c, 0xff, 0xff, 0xff, 0xff,
    0xff, 0xff, 0xff, 0xc4, 0x0, 0x0, 0x0, 0x0,
    0x0, 0x0, 0x0, 0x0, 0xed, 0xff, 0x32, 0x0,
    0x0, 0x0, 0x0, 0x0, 0x0, 0x0, 0x0, 0x0,
    0x0, 0x20, 0xff, 0xf9, 0x6, 0x0, 0x0, 0x0,
    0x0, 0x0, 0x0, 0x0, 0x0, 0x0, 0x0, 0x53,
    0xff, 0xcd, 0x0, 0x0, 0x0, 0x0, 0x0, 0x0,
    0x0, 0x0, 0x0, 0x0, 0x0, 0x86, 0xff, 0x9a,
    0x0, 0x0, 0x0, 0x0, 0x0, 0x0, 0x0, 0x0,
    0x0, 0x0, 0x0, 0xb8, 0xff, 0x67, 0x0, 0x0,
    0x0, 0x0, 0x0, 0x0, 0x0, 0x0, 0x0, 0x0,
    0x0, 0xea, 0xff, 0x35, 0x0, 0x0, 0x0, 0x0,
    0x0, 0x0, 0x0, 0x0, 0x0, 0x0, 0x1e, 0xff,
    0xfa, 0x7, 0x0, 0x0, 0x0, 0x0, 0x0, 0x0,
    0x0, 0x0, 0x0, 0x0, 0x50, 0xff, 0xcf, 0x0,
    0x0, 0x0, 0x0, 0x0, 0x0, 0x0, 0x0, 0x0,
    0x0, 0x0, 0x83, 0xff, 0x9d, 0x0, 0x0, 0x0,
    0x0, 0x0, 0x0, 0x0, 0x0, 0x0, 0x0, 0x0,
    0xbb, 0xff, 0x6a, 0x0, 0x0, 0x0, 0x0, 0x0,
    0x0, 0x0, 0x0, 0x19, 0xc, 0x57, 0xfc, 0xfe,
    0x1d, 0x0, 0x0, 0x0, 0x0, 0x0, 0x0, 0x0,
    0x0, 0xba, 0xff, 0xff, 0xff, 0x8e, 0x0, 0x0,
    0x0, 0x0, 0x0, 0x0, 0x0, 0x0, 0x1, 0xce,
    0xf8, 0xd8, 0x71, 0x3, 0x0, 0x0, 0x0, 0x0,
    0x0, 0x0, 0x0, 0x0,

    /* U+01FA "Ǻ" */
    0x0, 0x0, 0x0, 0x0, 0x0, 0x0, 0x0, 0x40,
    0xff, 0xe0, 0x6, 0x0, 0x0, 0x0, 0x0, 0x0,
    0x0, 0x0, 0x0, 0x0, 0x0, 0x0, 0x1, 0xb3,
    0xff, 0x5f, 0x0, 0x0, 0x0, 0x0, 0x0, 0x0,
    0x0, 0x0, 0x0, 0x0, 0x0, 0x6, 0xbe, 0xff,
    0xff, 0xc2, 0xb, 0x0, 0x0, 0x0, 0x0, 0x0,
    0x0, 0x0, 0x0, 0x0, 0x0, 0x5b, 0xff, 0x7f,
    0x79, 0xff, 0x66, 0x0, 0x0, 0x0, 0x0, 0x0,
    0x0, 0x0, 0x0, 0x0, 0x0, 0x68, 0xff, 0x43,
    0x3b, 0xff, 0x6f, 0x0, 0x0, 0x0, 0x0, 0x0,
    0x0, 0x0, 0x0, 0x0, 0x0, 0x18, 0xe9, 0xff,
    0xff, 0xec, 0x1d, 0x0, 0x0, 0x0, 0x0, 0x0,
    0x0, 0x0, 0x0, 0x0, 0x0, 0x0, 0xc5, 0xff,
    0xff, 0xce, 0x0, 0x0, 0x0, 0x0, 0x0, 0x0,
    0x0, 0x0, 0x0, 0x0, 0x0, 0x27, 0xff, 0xe6,
    0xe1, 0xff, 0x2f, 0x0, 0x0, 0x0, 0x0, 0x0,
    0x0, 0x0, 0x0, 0x0, 0x0, 0x89, 0xff, 0x8b,
    0x84, 0xff, 0x92, 0x0, 0x0, 0x0, 0x0, 0x0,
    0x0, 0x0, 0x0, 0x0, 0x4, 0xe7, 0xff, 0x2d,
    0x26, 0xff, 0xed, 0x7, 0x0, 0x0, 0x0, 0x0,
    0x0, 0x0, 0x0, 0x0, 0x4e, 0xff, 0xcf, 0x0,
    0x0, 0xc8, 0xff, 0x56, 0x0, 0x0, 0x0, 0x0,
    0x0, 0x0, 0x0, 0x0, 0xb0, 0xff, 0x71, 0x0,
    0x0, 0x6a, 0xff, 0xb8, 0x0, 0x0, 0x0, 0x0,
    0x0, 0x0, 0x0, 0x17, 0xfb, 0xfb, 0x17, 0x0,
    0x0, 0x12, 0xf9, 0xfd, 0x1d, 0x0, 0x0, 0x0,
    0x0, 0x0, 0x0, 0x75, 0xff, 0xb5, 0x0, 0x0,
    0x0, 0x0, 0xae, 0xff, 0x7d, 0x0, 0x0, 0x0,
    0x0, 0x0, 0x0, 0xd6, 0xff, 0x57, 0x0, 0x0,
    0x0, 0x0, 0x4f, 0xff, 0xdd, 0x1, 0x0, 0x0,
    0x0, 0x0, 0x39, 0xff, 0xff, 0xff, 0xff, 0xff,
    0xff, 0xff, 0xff, 0xff, 0xff, 0x41, 0x0, 0x0,
    0x0, 0x0, 0x9c, 0xff, 0xff, 0xff, 0xff, 0xff,
    0xff, 0xff, 0xff, 0xff, 0xff, 0xa3, 0x0, 0x0,
    0x0, 0xb, 0xf2, 0xff, 0x47, 0x8, 0x8, 0x8,
    0x8, 0x8, 0x8, 0x39, 0xff, 0xf6, 0xf, 0x0,
    0x0, 0x60, 0xff, 0xe8, 0x3, 0x0, 0x0, 0x0,
    0x0, 0x0, 0x0, 0x0, 0xde, 0xff, 0x68, 0x0,
    0x0, 0xc3, 0xff, 0x94, 0x0, 0x0, 0x0, 0x0,
    0x0, 0x0, 0x0, 0x0, 0x8a, 0xff, 0xca, 0x0,
    0x25, 0xff, 0xff, 0x3d, 0x0, 0x0, 0x0, 0x0,
    0x0, 0x0, 0x0, 0x0, 0x34, 0xff, 0xff, 0x2c,
    0x87, 0xff, 0xe5, 0x1, 0x0, 0x0, 0x0, 0x0,
    0x0, 0x0, 0x0, 0x0, 0x0, 0xde, 0xff, 0x8e,

    /* U+01FB "ǻ" */
    0x0, 0x0, 0x0, 0x0, 0x0, 0x0, 0x79, 0x84,
    0x3a, 0x0, 0x0, 0x0, 0x0, 0x0, 0x0, 0x0,
    0x0, 0x40, 0xff, 0xeb, 0x11, 0x0, 0x0, 0x0,
    0x0, 0x0, 0x0, 0x0, 0x0, 0x98, 0xef, 0x60,
    0x0, 0x0, 0x0, 0x0, 0x0, 0x0, 0x0, 0x0,
    0x5b, 0xf1, 0xfd, 0xa0, 0x3, 0x0, 0x0, 0x0,
    0x0, 0x0, 0x0, 0x19, 0xf8, 0xa8, 0x71, 0xfe,
    0x64, 0x0, 0x0, 0x0, 0x0, 0x0, 0x0, 0x48,
    0xff, 0x26, 0x0, 0xd2, 0x9b, 0x0, 0x0, 0x0,
    0x0, 0x0, 0x0, 0x23, 0xfe, 0x84, 0x42, 0xf8,
    0x75, 0x0, 0x0, 0x0, 0x0, 0x0, 0x0, 0x0,
    0x82, 0xff, 0xff, 0xc9, 0xb, 0x0, 0x0, 0x0,
    0x0, 0x0, 0x0, 0x0, 0x0, 0x25, 0x38, 0x4,
    0x0, 0x0, 0x0, 0x0, 0x0, 0x0, 0x0, 0x0,
    0x0, 0x0, 0x0, 0x0, 0x0, 0x0, 0x0, 0x0,
    0x0, 0x0, 0x23, 0x97, 0xdc, 0xf7, 0xf3, 0xcb,
    0x76, 0x8, 0x0, 0x0, 0x0, 0x4d, 0xf6, 0xff,
    0xff, 0xf9, 0xfe, 0xff, 0xff, 0xcd, 0xe, 0x0,
    0x0, 0x66, 0xe7, 0xbe, 0x32, 0x0, 0x8, 0x57,
    0xeb, 0xff, 0x92, 0x0, 0x0, 0x0, 0xa, 0x5,
    0x0, 0x0, 0x0, 0x0, 0x47, 0xff, 0xec, 0x0,
    0x0, 0x0, 0x36, 0xa6, 0xe3, 0xfa, 0xec, 0xca,
    0x7c, 0xff, 0xff, 0xf, 0x0, 0x5c, 0xfd, 0xff,
    0xfc, 0xd9, 0xd1, 0xf2, 0xff, 0xff, 0xff, 0x18,
    0xe, 0xf3, 0xff, 0xbe, 0x1e, 0x0, 0x0, 0x3,
    0x61, 0xff, 0xff, 0x18, 0x46, 0xff, 0xff, 0x1a,
    0x0, 0x0, 0x0, 0x0, 0x2f, 0xff, 0xff, 0x18,
    0x46, 0xff, 0xfe, 0x13, 0x0, 0x0, 0x0, 0x1,
    0xb0, 0xff, 0xff, 0x18, 0xd, 0xf2, 0xff, 0xb6,
    0x1f, 0x0, 0x22, 0xac, 0xff, 0xff, 0xff, 0x18,
    0x0, 0x5a, 0xfc, 0xff, 0xff, 0xf7, 0xff, 0xff,
    0x7e, 0xff, 0xff, 0x18, 0x0, 0x0, 0x3a, 0xb4,
    0xf0, 0xf7, 0xcb, 0x55, 0x8, 0xff, 0xff, 0x18,

    /* U+01FC "Ǽ" */
    0x0, 0x0, 0x0, 0x0, 0x0, 0x0, 0x0, 0x0,
    0x0, 0x0, 0x0, 0x0, 0x0, 0x0, 0x0, 0x0,
    0x5, 0x8, 0x5, 0x0, 0x0, 0x0, 0x0, 0x0,
    0x0, 0x0, 0x0, 0x0, 0x0, 0x0, 0x0, 0x0,
    0x0, 0x0, 0x0, 0x0, 0x0, 0x5, 0xe7, 0xff,
    0x65, 0x0, 0x0, 0x0, 0x0, 0x0, 0x0, 0x0,
    0x0, 0x0, 0x0, 0x0, 0x0, 0x0, 0x0, 0x0,
    0x0, 0x0, 0x0, 0x56, 0xff, 0xd0, 0x2, 0x0,
    0x0, 0x0, 0x0, 0x0, 0x0, 0x0, 0x0, 0x0,
    0x0, 0x0, 0x0, 0x0, 0x0, 0x0, 0x0, 0x0,
    0x0, 0xbf, 0xff, 0x41, 0x0, 0x0, 0x0, 0x0,
    0x0, 0x0, 0x0, 0x0, 0x0, 0x0, 0x0, 0x0,
    0x0, 0x0, 0x0, 0x0, 0x0, 0x0, 0x0, 0x0,
    0x0, 0x0, 0x0, 0x0, 0x0, 0x0, 0x0, 0x0,
    0x0, 0x0, 0x0, 0x0, 0x0, 0x0, 0x0, 0x4,
    0xd2, 0xff, 0xff, 0xff, 0xff, 0xff, 0xff, 0xff,
    0xff, 0xff, 0xff, 0xcc, 0x0, 0x0, 0x0, 0x0,
    0x0, 0x0, 0x0, 0x0, 0x0, 0x73, 0xff, 0xff,
    0xff, 0xff, 0xff, 0xff, 0xff, 0xff, 0xff, 0xff,
    0xff, 0xcc, 0x0, 0x0, 0x0, 0x0, 0x0, 0x0,
    0x0, 0x0, 0x1b, 0xf3, 0xff, 0xa4, 0xff, 0xf8,
    0x18, 0x18, 0x18, 0x18, 0x18, 0x18, 0x18, 0x13,
    0x0, 0x0, 0x0, 0x0, 0x0, 0x0, 0x0, 0x0,
    0xab, 0xff, 0xc5, 0x3d, 0xff, 0xf8, 0x0, 0x0,
    0x0, 0x0, 0x0, 0x0, 0x0, 0x0, 0x0, 0x0,
    0x0, 0x0, 0x0, 0x0, 0x0, 0x47, 0xff, 0xfa,
    0x2c, 0x3c, 0xff, 0xf8, 0x0, 0x0, 0x0, 0x0,
    0x0, 0x0, 0x0, 0x0, 0x0, 0x0, 0x0, 0x0,
    0x0, 0x0, 0x7, 0xdb, 0xff, 0x87, 0x0, 0x3c,
    0xff, 0xf8, 0x0, 0x0, 0x0, 0x0, 0x0, 0x0,
    0x0, 0x0, 0x0, 0x0, 0x0, 0x0, 0x0, 0x0,
    0x80, 0xff, 0xdd, 0x9, 0x0, 0x3c, 0xff, 0xf8,
    0x0, 0x0, 0x0, 0x0, 0x0, 0x0, 0x0, 0x0,
    0x0, 0x0, 0x0, 0x0, 0x0, 0x23, 0xf7, 0xff,
    0x47, 0x0, 0x0, 0x3c, 0xff, 0xf8, 0xc, 0xc,
    0xc, 0xc, 0xc, 0xc, 0xc, 0x0, 0x0, 0x0,
    0x0, 0x0, 0x0, 0xb7, 0xff, 0xa7, 0x0, 0x0,
    0x0, 0x3c, 0xff, 0xff, 0xff, 0xff, 0xff, 0xff,
    0xff, 0xff, 0xff, 0x8, 0x0, 0x0, 0x0, 0x0,
    0x55, 0xff, 0xef, 0x17, 0x0, 0x0, 0x0, 0x3c,
    0xff, 0xff, 0xff, 0xff, 0xff, 0xff, 0xff, 0xff,
    0xff, 0x8, 0x0, 0x0, 0x0, 0xc, 0xe4, 0xff,
    0xff, 0xff, 0xff, 0xff, 0xff, 0xff, 0xff, 0xf8,
    0x0, 0x0, 0x0, 0x0, 0x0, 0x0, 0x0, 0x0,
    0x0, 0x0, 0x0, 0x8d, 0xff, 0xff, 0xff, 0xff,
    0xff, 0xff, 0xff, 0xff, 0xff, 0xf8, 0x0, 0x0,
    0x0, 0x0, 0x0, 0x0, 0x0, 0x0, 0x0, 0x0,
    0x2d, 0xfb, 0xff, 0x41, 0x8, 0x8, 0x8, 0x8,
    0x8, 0x42, 0xff, 0xf8, 0x0, 0x0, 0x0, 0x0,
    0x0, 0x0, 0x0, 0x0, 0x0, 0x1, 0xc4, 0xff,
    0xae, 0x0, 0x0, 0x0, 0x0, 0x0, 0x0, 0x3c,
    0xff, 0xf8, 0x0, 0x0, 0x0, 0x0, 0x0, 0x0,
    0x0, 0x0, 0x0, 0x62, 0xff, 0xfa, 0x25, 0x0,
    0x0, 0x0, 0x0, 0x0, 0x0, 0x3c, 0xff, 0xf8,
    0x18, 0x18, 0x18, 0x18, 0x18, 0x18, 0x18, 0x13,
    0x12, 0xeb, 0xff, 0x91, 0x0, 0x0, 0x0, 0x0,
    0x0, 0x0, 0x0, 0x3c, 0xff, 0xff, 0xff, 0xff,
    0xff, 0xff, 0xff, 0xff, 0xff, 0xcc, 0x9a, 0xff,
    0xef, 0x13, 0x0, 0x0, 0x0, 0x0, 0x0, 0x0,
    0x0, 0x3c, 0xff, 0xff, 0xff, 0xff, 0xff, 0xff,
    0xff, 0xff, 0xff, 0xcc,

    /* U+01FD "ǽ" */
    0x0, 0x0, 0x0, 0x0, 0x0, 0x0, 0x0, 0x0,
    0x0, 0x0, 0x85, 0xff, 0xc9, 0x1, 0x0, 0x0,
    0x0, 0x0, 0x0, 0x0, 0x0, 0x0, 0x0, 0x0,
    0x0, 0x0, 0x0, 0x0, 0x0, 0x0, 0x5, 0xe8,
    0xff, 0x3a, 0x0, 0x0, 0x0, 0x0, 0x0, 0x0,
    0x0, 0x0, 0x0, 0x0, 0x0, 0x0, 0x0, 0x0,
    0x0, 0x0, 0x0, 0x58, 0xff, 0xa8, 0x0, 0x0,
    0x0, 0x0, 0x0, 0x0, 0x0, 0x0, 0x0, 0x0,
    0x0, 0x0, 0x0, 0x0, 0x0, 0x0, 0x0, 0x0,
    0x4, 0x8, 0x2, 0x0, 0x0, 0x0, 0x0, 0x0,
    0x0, 0x0, 0x0, 0x0, 0x0, 0x0, 0x0, 0x0,
    0x0, 0x0, 0x0, 0x0, 0x0, 0x0, 0x0, 0x0,
    0x0, 0x0, 0x0, 0x0, 0x0, 0x0, 0x0, 0x0,
    0x0, 0x0, 0x0, 0x12, 0x87, 0xd5, 0xf4, 0xf0,
    0xc7, 0x67, 0x2, 0x0, 0x8, 0x79, 0xd1, 0xf5,
    0xf3, 0xcd, 0x78, 0xb, 0x0, 0x0, 0x0, 0x21,
    0xe3, 0xff, 0xff, 0xff, 0xff, 0xff, 0xff, 0xb6,
    0x15, 0xd0, 0xff, 0xff, 0xff, 0xff, 0xff, 0xff,
    0xd6, 0x1a, 0x0, 0x0, 0x6d, 0xf3, 0xdc, 0x4a,
    0x9, 0xd, 0x50, 0xde, 0xff, 0xed, 0xff, 0xbc,
    0x3a, 0x8, 0x10, 0x49, 0xd2, 0xff, 0xc0, 0x0,
    0x0, 0x0, 0xc, 0x16, 0x0, 0x0, 0x0, 0x0,
    0x27, 0xff, 0xff, 0xca, 0x4, 0x0, 0x0, 0x0,
    0x0, 0x13, 0xf5, 0xff, 0x37, 0x0, 0x0, 0x35,
    0xa7, 0xe4, 0xfa, 0xef, 0xd6, 0x92, 0xf5, 0xff,
    0xe7, 0xd0, 0xd0, 0xd0, 0xd0, 0xd0, 0xd0, 0xf6,
    0xff, 0x76, 0x0, 0x5f, 0xfd, 0xff, 0xfb, 0xd9,
    0xcf, 0xed, 0xff, 0xff, 0xff, 0xff, 0xff, 0xff,
    0xff, 0xff, 0xff, 0xff, 0xff, 0xff, 0x90, 0x10,
    0xf5, 0xff, 0xbf, 0x1f, 0x0, 0x0, 0x0, 0x33,
    0xf9, 0xff, 0x55, 0x0, 0x0, 0x0, 0x0, 0x0,
    0x0, 0x0, 0x0, 0x0, 0x47, 0xff, 0xfe, 0x17,
    0x0, 0x0, 0x0, 0x0, 0x1f, 0xff, 0xff, 0x93,
    0x0, 0x0, 0x0, 0x0, 0x0, 0x0, 0xb, 0x0,
    0x0, 0x46, 0xff, 0xfe, 0x16, 0x0, 0x0, 0x0,
    0x1, 0xad, 0xff, 0xff, 0xf5, 0x29, 0x0, 0x0,
    0x0, 0x0, 0x1d, 0xeb, 0xa5, 0x1a, 0xe, 0xf2,
    0xff, 0xc1, 0x2b, 0x3, 0x2f, 0xb5, 0xff, 0xea,
    0xb7, 0xff, 0xea, 0x5d, 0xd, 0x9, 0x4c, 0xe0,
    0xff, 0xdd, 0xd, 0x0, 0x5d, 0xfd, 0xff, 0xff,
    0xff, 0xff, 0xff, 0xee, 0x3d, 0xe, 0xc5, 0xff,
    0xff, 0xff, 0xff, 0xff, 0xff, 0xda, 0x29, 0x0,
    0x0, 0x0, 0x3c, 0xb5, 0xf0, 0xf7, 0xdb, 0x91,
    0x1d, 0x0, 0x0, 0x4, 0x6b, 0xc8, 0xf1, 0xf0,
    0xcd, 0x74, 0xe, 0x0, 0x0,

    /* U+01FE "Ǿ" */
    0x0, 0x0, 0x0, 0x0, 0x0, 0x0, 0x0, 0x0,
    0x0, 0x31, 0xff, 0xfa, 0x25, 0x0, 0x0, 0x0,
    0x0, 0x0, 0x0, 0x0, 0x0, 0x0, 0x0, 0x0,
    0x0, 0x0, 0x0, 0x0, 0x9b, 0xff, 0x8d, 0x0,
    0x0, 0x0, 0x0, 0x0, 0x0, 0x0, 0x0, 0x0,
    0x0, 0x0, 0x0, 0x0, 0x0, 0x0, 0xf, 0xf4,
    0xec, 0x10, 0x0, 0x0, 0x0, 0x0, 0x0, 0x0,
    0x0, 0x0, 0x0, 0x0, 0x0, 0x0, 0x0, 0x0,
    0x0, 0x1, 0x8, 0x5, 0x0, 0x0, 0x0, 0x1,
    0x0, 0x0, 0x0, 0x0, 0x0, 0x0, 0x0, 0x0,
    0x0, 0x0, 0x0, 0x0, 0x0, 0x0, 0x0, 0x0,
    0x0, 0x0, 0x9b, 0x3b, 0x0, 0x0, 0x0, 0x0,
    0x0, 0x0, 0x0, 0x0, 0xf, 0x70, 0xb9, 0xe4,
    0xf8, 0xe9, 0xca, 0x81, 0x43, 0xfb, 0xe5, 0x3,
    0x0, 0x0, 0x0, 0x0, 0x0, 0x0, 0x65, 0xee,
    0xff, 0xff, 0xff, 0xff, 0xff, 0xff, 0xff, 0xff,
    0xff, 0x6e, 0x0, 0x0, 0x0, 0x0, 0x0, 0x0,
    0x93, 0xff, 0xff, 0xd8, 0x6f, 0x32, 0x1a, 0x27,
    0x51, 0xc9, 0xff, 0xff, 0xcd, 0x14, 0x0, 0x0,
    0x0, 0x0, 0x78, 0xff, 0xff, 0x85, 0x3, 0x0,
    0x0, 0x0, 0x0, 0x13, 0xe8, 0xf6, 0xe3, 0xff,
    0xcb, 0x4, 0x0, 0x0, 0x21, 0xf9, 0xff, 0x83,
    0x0, 0x0, 0x0, 0x0, 0x0, 0x0, 0xa6, 0xff,
    0x72, 0x24, 0xee, 0xff, 0x78, 0x0, 0x0, 0x92,
    0xff, 0xd7, 0x3, 0x0, 0x0, 0x0, 0x0, 0x0,
    0x50, 0xff, 0xc5, 0x2, 0x0, 0x6a, 0xff, 0xe8,
    0x4, 0x0, 0xdf, 0xff, 0x73, 0x0, 0x0, 0x0,
    0x0, 0x0, 0x12, 0xe7, 0xf6, 0x26, 0x0, 0x0,
    0xc, 0xf7, 0xff, 0x44, 0x6, 0xff, 0xff, 0x3b,
    0x0, 0x0, 0x0, 0x0, 0x0, 0xa5, 0xff, 0x72,
    0x0, 0x0, 0x0, 0x0, 0xcc, 0xff, 0x6d, 0x15,
    0xff, 0xff, 0x29, 0x0, 0x0, 0x0, 0x0, 0x4f,
    0xff, 0xc5, 0x2, 0x0, 0x0, 0x0, 0x0, 0xba,
    0xff, 0x84, 0x2, 0xfb, 0xff, 0x3c, 0x0, 0x0,
    0x0, 0x12, 0xe7, 0xf7, 0x27, 0x0, 0x0, 0x0,
    0x0, 0x0, 0xcc, 0xff, 0x74, 0x0, 0xd7, 0xff,
    0x72, 0x0, 0x0, 0x0, 0xa4, 0xff, 0x73, 0x0,
    0x0, 0x0, 0x0, 0x0, 0xc, 0xf9, 0xff, 0x4d,
    0x0, 0x81, 0xff, 0xd4, 0x4, 0x0, 0x4e, 0xff,
    0xc6, 0x2, 0x0, 0x0, 0x0, 0x0, 0x0, 0x6d,
    0xff, 0xf6, 0xa, 0x0, 0x1c, 0xf2, 0xff, 0x81,
    0x11, 0xe6, 0xf7, 0x27, 0x0, 0x0, 0x0, 0x0,
    0x0, 0x26, 0xee, 0xff, 0x89, 0x0, 0x0, 0x0,
    0x68, 0xff, 0xff, 0xd7, 0xff, 0x73, 0x0, 0x0,
    0x0, 0x0, 0x0, 0x34, 0xe2, 0xff, 0xd7, 0xe,
    0x0, 0x0, 0x0, 0x0, 0x7e, 0xff, 0xff, 0xfd,
    0x78, 0x34, 0x1b, 0x24, 0x4f, 0xa4, 0xfc, 0xff,
    0xe1, 0x22, 0x0, 0x0, 0x0, 0x0, 0x0, 0xe,
    0xec, 0xff, 0xff, 0xff, 0xff, 0xff, 0xff, 0xff,
    0xff, 0xff, 0xb1, 0x14, 0x0, 0x0, 0x0, 0x0,
    0x0, 0x0, 0x63, 0xff, 0x8b, 0x5f, 0xb5, 0xdf,
    0xf8, 0xef, 0xd3, 0x93, 0x37, 0x0, 0x0, 0x0,
    0x0, 0x0, 0x0, 0x0, 0x0, 0x0, 0x41, 0x7,
    0x0, 0x0, 0x0, 0x0, 0x0, 0x0, 0x0, 0x0,
    0x0, 0x0, 0x0, 0x0, 0x0,

    /* U+01FF "ǿ" */
    0x0, 0x0, 0x0, 0x0, 0x0, 0x0, 0x4d, 0xff,
    0xf0, 0x15, 0x0, 0x0, 0x0, 0x0, 0x0, 0x0,
    0x0, 0x0, 0x0, 0xb7, 0xff, 0x74, 0x0, 0x0,
    0x0, 0x0, 0x0, 0x0, 0x0, 0x0, 0x0, 0x22,
    0xfe, 0xdb, 0x6, 0x0, 0x0, 0x0, 0x0, 0x0,
    0x0, 0x0, 0x0, 0x0, 0x2, 0x8, 0x4, 0x0,
    0x0, 0x0, 0x0, 0x0, 0x0, 0x0, 0x0, 0x0,
    0x0, 0x0, 0x0, 0x0, 0x0, 0x11, 0x27, 0x0,
    0x0, 0x0, 0x0, 0x0, 0x29, 0x9c, 0xdf, 0xf9,
    0xeb, 0xb8, 0xb8, 0xfa, 0x26, 0x0, 0x0, 0x0,
    0x61, 0xf9, 0xff, 0xff, 0xff, 0xff, 0xff, 0xff,
    0xe2, 0x8, 0x0, 0x0, 0x45, 0xfd, 0xff, 0xb2,
    0x30, 0x3, 0x1f, 0xf1, 0xff, 0xff, 0xa6, 0x0,
    0x0, 0xd3, 0xff, 0xad, 0x1, 0x0, 0x0, 0x8b,
    0xff, 0x90, 0xfd, 0xff, 0x3b, 0x26, 0xff, 0xff,
    0x24, 0x0, 0x0, 0x37, 0xfc, 0xb0, 0x0, 0xb3,
    0xff, 0x90, 0x49, 0xff, 0xea, 0x0, 0x0, 0x7,
    0xd5, 0xee, 0x19, 0x0, 0x7b, 0xff, 0xb6, 0x48,
    0xff, 0xea, 0x0, 0x0, 0x86, 0xff, 0x5e, 0x0,
    0x0, 0x7b, 0xff, 0xb9, 0x23, 0xff, 0xff, 0x24,
    0x33, 0xfb, 0xb6, 0x0, 0x0, 0x0, 0xb4, 0xff,
    0x95, 0x0, 0xce, 0xff, 0xb0, 0xd2, 0xf1, 0x1c,
    0x0, 0x0, 0x41, 0xfe, 0xff, 0x43, 0x0, 0x3f,
    0xfc, 0xff, 0xff, 0x8b, 0x4, 0x14, 0x6c, 0xf4,
    0xff, 0xb2, 0x0, 0x0, 0x0, 0x73, 0xff, 0xff,
    0xff, 0xff, 0xff, 0xff, 0xff, 0xbd, 0xe, 0x0,
    0x0, 0x0, 0x9c, 0xf9, 0x9d, 0xdd, 0xf9, 0xef,
    0xc0, 0x61, 0x3, 0x0, 0x0, 0x0, 0x0, 0x2,
    0x31, 0x0, 0x0, 0x0, 0x0, 0x0, 0x0, 0x0,
    0x0, 0x0,

    /* U+0218 "Ș" */
    0x0, 0x0, 0x0, 0x3e, 0xae, 0xe8, 0xf8, 0xdd,
    0xa8, 0x36, 0x0, 0x0, 0x0, 0x0, 0x0, 0x80,
    0xfe, 0xff, 0xff, 0xff, 0xff, 0xff, 0xff, 0x7b,
    0x0, 0x0, 0x0, 0x4c, 0xff, 0xff, 0xb5, 0x3f,
    0x1d, 0x3b, 0xad, 0xff, 0xff, 0x56, 0x0, 0x0,
    0xae, 0xff, 0xbf, 0x2, 0x0, 0x0, 0x0, 0x0,
    0xa4, 0xde, 0x62, 0x0, 0x0, 0xc2, 0xff, 0x82,
    0x0, 0x0, 0x0, 0x0, 0x0, 0x9, 0x1, 0x0,
    0x0, 0x0, 0x96, 0xff, 0xd6, 0xd, 0x0, 0x0,
    0x0, 0x0, 0x0, 0x0, 0x0, 0x0, 0x0, 0x25,
    0xf2, 0xff, 0xe1, 0x6c, 0xf, 0x0, 0x0, 0x0,
    0x0, 0x0, 0x0, 0x0, 0x0, 0x3a, 0xde, 0xff,
    0xff, 0xf8, 0xad, 0x50, 0x2, 0x0, 0x0, 0x0,
    0x0, 0x0, 0x0, 0x9, 0x68, 0xc7, 0xff, 0xff,
    0xff, 0xda, 0x41, 0x0, 0x0, 0x0, 0x0, 0x0,
    0x0, 0x0, 0x0, 0x21, 0x7d, 0xe8, 0xff, 0xfb,
    0x51, 0x0, 0x0, 0x0, 0x0, 0x0, 0x0, 0x0,
    0x0, 0x0, 0xd, 0xb9, 0xff, 0xea, 0x8, 0x0,
    0x0, 0x1b, 0x0, 0x0, 0x0, 0x0, 0x0, 0x0,
    0x19, 0xff, 0xff, 0x40, 0x2d, 0xce, 0xf5, 0x12,
    0x0, 0x0, 0x0, 0x0, 0x0, 0x5, 0xf9, 0xff,
    0x50, 0xb, 0xec, 0xff, 0xad, 0x2, 0x0, 0x0,
    0x0, 0x0, 0x58, 0xff, 0xff, 0x2b, 0x0, 0x67,
    0xff, 0xff, 0xc6, 0x4d, 0x1f, 0x31, 0x81, 0xf6,
    0xff, 0xc0, 0x0, 0x0, 0x0, 0x75, 0xfe, 0xff,
    0xff, 0xff, 0xff, 0xff, 0xff, 0xd0, 0x19, 0x0,
    0x0, 0x0, 0x0, 0x36, 0xa6, 0xe5, 0xfb, 0xef,
    0xc0, 0x67, 0x5, 0x0, 0x0, 0x0, 0x0, 0x0,
    0x0, 0x0, 0x0, 0x0, 0x0, 0x0, 0x0, 0x0,
    0x0, 0x0, 0x0, 0x0, 0x0, 0x0, 0x0, 0x22,
    0xdd, 0xd7, 0x1a, 0x0, 0x0, 0x0, 0x0, 0x0,
    0x0, 0x0, 0x0, 0x0, 0x69, 0xff, 0xff, 0x5d,
    0x0, 0x0, 0x0, 0x0, 0x0, 0x0, 0x0, 0x0,
    0x0, 0x14, 0xc7, 0xf6, 0x1e, 0x0, 0x0, 0x0,
    0x0, 0x0, 0x0, 0x0, 0x0, 0x0, 0x16, 0xe9,
    0x6b, 0x0, 0x0, 0x0, 0x0, 0x0, 0x0, 0x0,
    0x0, 0x0, 0x0, 0x9, 0x68, 0x0, 0x0, 0x0,
    0x0, 0x0, 0x0,

    /* U+0219 "ș" */
    0x0, 0x0, 0x31, 0xa6, 0xdd, 0xf7, 0xe2, 0xa2,
    0x2e, 0x0, 0x0, 0x0, 0x5e, 0xfd, 0xff, 0xff,
    0xf7, 0xff, 0xff, 0xf8, 0x56, 0x0, 0x2, 0xec,
    0xff, 0xae, 0x1a, 0x0, 0x21, 0xa6, 0xff, 0xd8,
    0x6, 0xc, 0xff, 0xff, 0x42, 0x0, 0x0, 0x0,
    0x2, 0x48, 0x4, 0x0, 0x0, 0xc9, 0xff, 0xe2,
    0x6f, 0x29, 0x1, 0x0, 0x0, 0x0, 0x0, 0x0,
    0x22, 0xca, 0xff, 0xff, 0xff, 0xeb, 0x9e, 0x38,
    0x0, 0x0, 0x0, 0x0, 0x2, 0x3f, 0x90, 0xcf,
    0xfd, 0xff, 0xfe, 0x77, 0x0, 0x0, 0x0, 0x0,
    0x0, 0x0, 0x0, 0x16, 0x97, 0xff, 0xfc, 0x20,
    0x1f, 0x9f, 0xcf, 0x7, 0x0, 0x0, 0x0, 0x1,
    0xf7, 0xff, 0x4d, 0x10, 0xeb, 0xff, 0xc0, 0x2d,
    0x0, 0x10, 0x86, 0xff, 0xfe, 0x26, 0x0, 0x3d,
    0xef, 0xff, 0xff, 0xf8, 0xff, 0xff, 0xff, 0x82,
    0x0, 0x0, 0x0, 0x1e, 0x91, 0xda, 0xf7, 0xe2,
    0xb3, 0x3f, 0x0, 0x0, 0x0, 0x0, 0x0, 0x0,
    0x0, 0x0, 0x0, 0x0, 0x0, 0x0, 0x0, 0x0,
    0x0, 0x0, 0x0, 0x4a, 0xee, 0xb6, 0x3, 0x0,
    0x0, 0x0, 0x0, 0x0, 0x0, 0x0, 0xa4, 0xff,
    0xff, 0x21, 0x0, 0x0, 0x0, 0x0, 0x0, 0x0,
    0x0, 0x30, 0xe4, 0xd5, 0x2, 0x0, 0x0, 0x0,
    0x0, 0x0, 0x0, 0x0, 0x3a, 0xf8, 0x35, 0x0,
    0x0, 0x0, 0x0, 0x0, 0x0, 0x0, 0x0, 0x19,
    0x58, 0x0, 0x0, 0x0, 0x0, 0x0,

    /* U+021A "Ț" */
    0x6c, 0xff, 0xff, 0xff, 0xff, 0xff, 0xff, 0xff,
    0xff, 0xff, 0xff, 0xff, 0x64, 0x6c, 0xff, 0xff,
    0xff, 0xff, 0xff, 0xff, 0xff, 0xff, 0xff, 0xff,
    0xff, 0x64, 0xa, 0x18, 0x18, 0x18, 0x18, 0xa9,
    0xff, 0x9e, 0x18, 0x18, 0x18, 0x18, 0x9, 0x0,
    0x0, 0x0, 0x0, 0x0, 0xa0, 0xff, 0x94, 0x0,
    0x0, 0x0, 0x0, 0x0, 0x0, 0x0, 0x0, 0x0,
    0x0, 0xa0, 0xff, 0x94, 0x0, 0x0, 0x0, 0x0,
    0x0, 0x0, 0x0, 0x0, 0x0, 0x0, 0xa0, 0xff,
    0x94, 0x0, 0x0, 0x0, 0x0, 0x0, 0x0, 0x0,
    0x0, 0x0, 0x0, 0xa0, 0xff, 0x94, 0x0, 0x0,
    0x0, 0x0, 0x0, 0x0, 0x0, 0x0, 0x0, 0x0,
    0xa0, 0xff, 0x94, 0x0, 0x0, 0x0, 0x0, 0x0,
    0x0, 0x0, 0x0, 0x0, 0x0, 0xa0, 0xff, 0x94,
    0x0, 0x0, 0x0, 0x0, 0x0, 0x0, 0x0, 0x0,
    0x0, 0x0, 0xa0, 0xff, 0x94, 0x0, 0x0, 0x0,
    0x0, 0x0, 0x0, 0x0, 0x0, 0x0, 0x0, 0xa0,
    0xff, 0x94, 0x0, 0x0, 0x0, 0x0, 0x0, 0x0,
    0x0, 0x0, 0x0, 0x0, 0xa0, 0xff, 0x94, 0x0,
    0x0, 0x0, 0x0, 0x0, 0x0, 0x0, 0x0, 0x0,
    0x0, 0xa0, 0xff, 0x94, 0x0, 0x0, 0x0, 0x0,
    0x0, 0x0, 0x0, 0x0, 0x0, 0x0, 0xa0, 0xff,
    0x94, 0x0, 0x0, 0x0, 0x0, 0x0, 0x0, 0x0,
    0x0, 0x0, 0x0, 0xa0, 0xff, 0x94, 0x0, 0x0,
    0x0, 0x0, 0x0, 0x0, 0x0, 0x0, 0x0, 0x0,
    0xa0, 0xff, 0x94, 0x0, 0x0, 0x0, 0x0, 0x0,
    0x0, 0x0, 0x0, 0x0, 0x0, 0xa0, 0xff, 0x94,
    0x0, 0x0, 0x0, 0x0, 0x0, 0x0, 0x0, 0x0,
    0x0, 0x0, 0x0, 0x0, 0x0, 0x0, 0x0, 0x0,
    0x0, 0x0, 0x0, 0x0, 0x0, 0x0, 0x0, 0x80,
    0xf3, 0x7f, 0x0, 0x0, 0x0, 0x0, 0x0, 0x0,
    0x0, 0x0, 0x0, 0x0, 0xe4, 0xff, 0xe1, 0x0,
    0x0, 0x0, 0x0, 0x0, 0x0, 0x0, 0x0, 0x0,
    0x0, 0x58, 0xfc, 0x97, 0x0, 0x0, 0x0, 0x0,
    0x0, 0x0, 0x0, 0x0, 0x0, 0x0, 0x77, 0xe0,
    0xe, 0x0, 0x0, 0x0, 0x0, 0x0, 0x0, 0x0,
    0x0, 0x0, 0x0, 0x37, 0x39, 0x0, 0x0, 0x0,
    0x0, 0x0, 0x0,

    /* U+021B "ț" */
    0x0, 0x0, 0x2e, 0x80, 0x6c, 0x0, 0x0, 0x0,
    0x0, 0x0, 0x0, 0x5c, 0xff, 0xd8, 0x0, 0x0,
    0x0, 0x0, 0x0, 0x0, 0x5c, 0xff, 0xd8, 0x0,
    0x0, 0x0, 0x0, 0x0, 0x0, 0x5c, 0xff, 0xd8,
    0x0, 0x0, 0x0, 0x0, 0x6c, 0xff, 0xff, 0xff,
    0xff, 0xff, 0xff, 0xbc, 0x0, 0x6c, 0xff, 0xff,
    0xff, 0xff, 0xff, 0xff, 0xbc, 0x0, 0x0, 0x0,
    0x5c, 0xff, 0xd8, 0x0, 0x0, 0x0, 0x0, 0x0,
    0x0, 0x5c, 0xff, 0xd8, 0x0, 0x0, 0x0, 0x0,
    0x0, 0x0, 0x5c, 0xff, 0xd8, 0x0, 0x0, 0x0,
    0x0, 0x0, 0x0, 0x5c, 0xff, 0xd8, 0x0, 0x0,
    0x0, 0x0, 0x0, 0x0, 0x5c, 0xff, 0xd8, 0x0,
    0x0, 0x0, 0x0, 0x0, 0x0, 0x5c, 0xff, 0xd8,
    0x0, 0x0, 0x0, 0x0, 0x0, 0x0, 0x59, 0xff,
    0xe8, 0x0, 0x0, 0x0, 0x0, 0x0, 0x0, 0x35,
    0xff, 0xff, 0x62, 0x12, 0x12, 0x0, 0x0, 0x0,
    0x3, 0xc9, 0xff, 0xff, 0xff, 0x95, 0x0, 0x0,
    0x0, 0x0, 0x18, 0xa4, 0xea, 0xf7, 0xbe, 0x0,
    0x0, 0x0, 0x0, 0x0, 0x0, 0x0, 0x0, 0x0,
    0x0, 0x0, 0x0, 0x0, 0x0, 0xa8, 0xf0, 0x56,
    0x0, 0x0, 0x0, 0x0, 0x0, 0x11, 0xff, 0xff,
    0xb5, 0x0, 0x0, 0x0, 0x0, 0x0, 0x0, 0x83,
    0xff, 0x6b, 0x0, 0x0, 0x0, 0x0, 0x0, 0x0,
    0xa5, 0xc1, 0x2, 0x0, 0x0, 0x0, 0x0, 0x0,
    0x0, 0x51, 0x1f, 0x0, 0x0, 0x0,

    /* U+0237 "ȷ" */
    0x0, 0x0, 0x0, 0x78, 0xff, 0xc0, 0x0, 0x0,
    0x0, 0x78, 0xff, 0xc0, 0x0, 0x0, 0x0, 0x78,
    0xff, 0xc0, 0x0, 0x0, 0x0, 0x78, 0xff, 0xc0,
    0x0, 0x0, 0x0, 0x78, 0xff, 0xc0, 0x0, 0x0,
    0x0, 0x78, 0xff, 0xc0, 0x0, 0x0, 0x0, 0x78,
    0xff, 0xc0, 0x0, 0x0, 0x0, 0x78, 0xff, 0xc0,
    0x0, 0x0, 0x0, 0x78, 0xff, 0xc0, 0x0, 0x0,
    0x0, 0x78, 0xff, 0xc0, 0x0, 0x0, 0x0, 0x78,
    0xff, 0xc0, 0x0, 0x0, 0x0, 0x78, 0xff, 0xc0,
    0x0, 0x0, 0x0, 0x78, 0xff, 0xc0, 0x0, 0x0,
    0x0, 0x7f, 0xff, 0xb0, 0x0, 0x9, 0x12, 0xcc,
    0xff, 0x8d, 0x0, 0xb1, 0xff, 0xff, 0xfc, 0x27,
    0x2, 0xd5, 0xf2, 0xc8, 0x43, 0x0,

    /* U+2013 "–" */
    0x85, 0xcc, 0xcc, 0xcc, 0xcc, 0xcc, 0xcc, 0xcc,
    0xcc, 0xcc, 0xcc, 0xaf, 0xa8, 0xff, 0xff, 0xff,
    0xff, 0xff, 0xff, 0xff, 0xff, 0xff, 0xff, 0xdc,

    /* U+2014 "—" */
    0x85, 0xcc, 0xcc, 0xcc, 0xcc, 0xcc, 0xcc, 0xcc,
    0xcc, 0xcc, 0xcc, 0xcc, 0xcc, 0xcc, 0xcc, 0xcc,
    0xcc, 0xcc, 0xcc, 0xc, 0xa8, 0xff, 0xff, 0xff,
    0xff, 0xff, 0xff, 0xff, 0xff, 0xff, 0xff, 0xff,
    0xff, 0xff, 0xff, 0xff, 0xff, 0xff, 0xff, 0x10,

    /* U+2018 "‘" */
    0x0, 0x0, 0x51, 0x4, 0x0, 0x55, 0xfa, 0x2b,
    0x19, 0xed, 0x81, 0x0, 0x9f, 0xff, 0xe9, 0x22,
    0xcc, 0xff, 0xff, 0x5f, 0x57, 0xef, 0xc9, 0x12,

    /* U+2019 "’" */
    0x57, 0xee, 0xc9, 0x12, 0xcc, 0xff, 0xff, 0x5f,
    0x7c, 0xff, 0xff, 0x2e, 0xc, 0xe2, 0x99, 0x0,
    0x93, 0xdd, 0xc, 0x0, 0x23, 0x31, 0x0, 0x0,

    /* U+201A "‚" */
    0x57, 0xee, 0xc9, 0x12, 0xcc, 0xff, 0xff, 0x5f,
    0x7c, 0xff, 0xfe, 0x2d, 0xc, 0xe2, 0x98, 0x0,
    0x93, 0xdc, 0xb, 0x0, 0x23, 0x31, 0x0, 0x0,

    /* U+201C "“" */
    0x0, 0x0, 0x51, 0x4, 0x0, 0x0, 0x44, 0x11,
    0x0, 0x55, 0xfa, 0x2b, 0x0, 0x27, 0xf6, 0x5d,
    0x19, 0xed, 0x81, 0x0, 0x4, 0xcb, 0xba, 0x0,
    0x9f, 0xff, 0xe9, 0x22, 0x67, 0xff, 0xf9, 0x4b,
    0xcc, 0xff, 0xff, 0x5f, 0x94, 0xff, 0xff, 0x97,
    0x57, 0xef, 0xc9, 0x12, 0x2f, 0xdf, 0xe1, 0x32,

    /* U+201D "”" */
    0x57, 0xee, 0xc9, 0x12, 0x2e, 0xdd, 0xe1, 0x32,
    0xcc, 0xff, 0xff, 0x5f, 0x93, 0xff, 0xff, 0x97,
    0x7c, 0xff, 0xff, 0x2e, 0x49, 0xf8, 0xff, 0x66,
    0xc, 0xe2, 0x99, 0x0, 0x0, 0xb6, 0xcf, 0x6,
    0x93, 0xdd, 0xc, 0x0, 0x5b, 0xf7, 0x2b, 0x0,
    0x23, 0x31, 0x0, 0x0, 0xf, 0x45, 0x0, 0x0,

    /* U+201E "„" */
    0x57, 0xee, 0xc9, 0x12, 0x2e, 0xdd, 0xe1, 0x32,
    0xcc, 0xff, 0xff, 0x5f, 0x93, 0xff, 0xff, 0x97,
    0x7c, 0xff, 0xfe, 0x2d, 0x49, 0xf8, 0xff, 0x65,
    0xc, 0xe2, 0x98, 0x0, 0x0, 0xb6, 0xcd, 0x5,
    0x93, 0xdc, 0xb, 0x0, 0x5b, 0xf7, 0x2a, 0x0,
    0x23, 0x31, 0x0, 0x0, 0xf, 0x45, 0x0, 0x0,

    /* U+2022 "•" */
    0x0, 0x0, 0x52, 0x9f, 0x8d, 0x21, 0x0, 0x0,
    0x79, 0xff, 0xff, 0xff, 0xf1, 0x22, 0x1, 0xf1,
    0xff, 0xff, 0xff, 0xff, 0x8f, 0x6, 0xfb, 0xff,
    0xff, 0xff, 0xff, 0x9d, 0x0, 0xac, 0xff, 0xff,
    0xff, 0xff, 0x48, 0x0, 0x10, 0xa1, 0xef, 0xdd,
    0x61, 0x0,

    /* U+2026 "…" */
    0x0, 0x26, 0x11, 0x0, 0x0, 0x0, 0x7, 0x2b,
    0x4, 0x0, 0x0, 0x0, 0x15, 0x22, 0x0, 0x81,
    0xff, 0xf0, 0x25, 0x0, 0x6, 0xd0, 0xff, 0xbd,
    0x0, 0x0, 0x37, 0xf6, 0xff, 0x6a, 0xcb, 0xff,
    0xff, 0x5f, 0x0, 0x23, 0xff, 0xff, 0xff, 0x8,
    0x0, 0x77, 0xff, 0xff, 0xb3, 0x57, 0xee, 0xc9,
    0x12, 0x0, 0x0, 0x9f, 0xf4, 0x8a, 0x0, 0x0,
    0x1e, 0xd4, 0xe9, 0x45,

    /* U+2039 "‹" */
    0x0, 0x0, 0x0, 0x0, 0x0, 0x48, 0x1c, 0x0,
    0x0, 0x0, 0x0, 0x0, 0x44, 0xf8, 0xd4, 0x3,
    0x0, 0x0, 0x0, 0x38, 0xf4, 0xf6, 0x3f, 0x0,
    0x0, 0x0, 0x2d, 0xee, 0xf9, 0x47, 0x0, 0x0,
    0x0, 0x23, 0xe6, 0xfb, 0x50, 0x0, 0x0, 0x0,
    0x0, 0xce, 0xff, 0x82, 0x0, 0x0, 0x0, 0x0,
    0x0, 0x3a, 0xf5, 0xf1, 0x34, 0x0, 0x0, 0x0,
    0x0, 0x0, 0x46, 0xf9, 0xed, 0x2e, 0x0, 0x0,
    0x0, 0x0, 0x0, 0x53, 0xfc, 0xe9, 0x28, 0x0,
    0x0, 0x0, 0x0, 0x0, 0x61, 0xfe, 0xd6, 0x3,
    0x0, 0x0, 0x0, 0x0, 0x0, 0x67, 0x31, 0x0,

    /* U+203A "›" */
    0x0, 0x57, 0xd, 0x0, 0x0, 0x0, 0x0, 0x4c,
    0xff, 0xbf, 0x8, 0x0, 0x0, 0x0, 0x2, 0xa7,
    0xff, 0xb1, 0x4, 0x0, 0x0, 0x0, 0x4, 0xb0,
    0xff, 0xa2, 0x1, 0x0, 0x0, 0x0, 0x7, 0xb9,
    0xff, 0x91, 0x0, 0x0, 0x0, 0x0, 0xc, 0xea,
    0xff, 0x56, 0x0, 0x0, 0x0, 0x99, 0xff, 0xb3,
    0x4, 0x0, 0x0, 0x90, 0xff, 0xc0, 0x8, 0x0,
    0x0, 0x86, 0xff, 0xcb, 0xd, 0x0, 0x0, 0x4e,
    0xff, 0xd6, 0x14, 0x0, 0x0, 0x0, 0x1, 0x7b,
    0x1b, 0x0, 0x0, 0x0, 0x0,

    /* U+2044 "⁄" */
    0x0, 0x0, 0x0, 0x0, 0x0, 0x0, 0x0, 0x0,
    0x0, 0x0, 0x0, 0x4, 0x3, 0x0, 0x0, 0x0,
    0x0, 0x0, 0x0, 0x0, 0x0, 0x0, 0x0, 0x0,
    0x0, 0x81, 0xc9, 0x15, 0x0, 0x0, 0x0, 0x0,
    0x0, 0x0, 0x0, 0x0, 0x0, 0x0, 0x32, 0xfb,
    0xc4, 0x2, 0x0, 0x0, 0x0, 0x0, 0x0, 0x0,
    0x0, 0x0, 0x0, 0x7, 0xd4, 0xf5, 0x24, 0x0,
    0x0, 0x0, 0x0, 0x0, 0x0, 0x0, 0x0, 0x0,
    0x0, 0x89, 0xff, 0x6b, 0x0, 0x0, 0x0, 0x0,
    0x0, 0x0, 0x0, 0x0, 0x0, 0x0, 0x39, 0xfd,
    0xbd, 0x1, 0x0, 0x0, 0x0, 0x0, 0x0, 0x0,
    0x0, 0x0, 0x0, 0x9, 0xda, 0xf1, 0x1e, 0x0,
    0x0, 0x0, 0x0, 0x0, 0x0, 0x0, 0x0, 0x0,
    0x0, 0x92, 0xff, 0x62, 0x0, 0x0, 0x0, 0x0,
    0x0, 0x0, 0x0, 0x0, 0x0, 0x0, 0x40, 0xfe,
    0xb5, 0x0, 0x0, 0x0, 0x0, 0x0, 0x0, 0x0,
    0x0, 0x0, 0x0, 0xd, 0xdf, 0xee, 0x19, 0x0,
    0x0, 0x0, 0x0, 0x0, 0x0, 0x0, 0x0, 0x0,
    0x0, 0x9a, 0xff, 0x5a, 0x0, 0x0, 0x0, 0x0,
    0x0, 0x0, 0x0, 0x0, 0x0, 0x0, 0x48, 0xff,
    0xac, 0x0, 0x0, 0x0, 0x0, 0x0, 0x0, 0x0,
    0x0, 0x0, 0x0, 0x10, 0xe4, 0xe9, 0x15, 0x0,
    0x0, 0x0, 0x0, 0x0, 0x0, 0x0, 0x0, 0x0,
    0x0, 0xa3, 0xff, 0x51, 0x0, 0x0, 0x0, 0x0,
    0x0, 0x0, 0x0, 0x0, 0x0, 0x0, 0x50, 0xff,
    0xa3, 0x0, 0x0, 0x0, 0x0, 0x0, 0x0, 0x0,
    0x0, 0x0, 0x0, 0x14, 0xe9, 0xe5, 0x11, 0x0,
    0x0, 0x0, 0x0, 0x0, 0x0, 0x0, 0x0, 0x0,
    0x0, 0xab, 0xff, 0x49, 0x0, 0x0, 0x0, 0x0,
    0x0, 0x0, 0x0, 0x0, 0x0, 0x0, 0xd, 0xc5,
    0x9b, 0x0, 0x0, 0x0, 0x0, 0x0, 0x0, 0x0,
    0x0, 0x0, 0x0, 0x0, 0x0, 0x1, 0x8, 0x0,
    0x0, 0x0, 0x0, 0x0, 0x0, 0x0, 0x0, 0x0,
    0x0, 0x0,

    /* U+2074 "⁴" */
    0x0, 0x0, 0x0, 0x0, 0x7f, 0xff, 0x74, 0x0,
    0x0, 0x0, 0x0, 0x31, 0xfa, 0xff, 0x74, 0x0,
    0x0, 0x0, 0x6, 0xd2, 0xe7, 0xff, 0x74, 0x0,
    0x0, 0x0, 0x87, 0xf1, 0x56, 0xff, 0x74, 0x0,
    0x0, 0x38, 0xfc, 0x5e, 0x38, 0xff, 0x74, 0x0,
    0x9, 0xd8, 0xc2, 0x20, 0x51, 0xff, 0x85, 0x13,
    0x51, 0xff, 0xff, 0xff, 0xff, 0xff, 0xff, 0x9c,
    0x1a, 0x50, 0x50, 0x50, 0x76, 0xff, 0x9f, 0x30,
    0x0, 0x0, 0x0, 0x0, 0x38, 0xff, 0x74, 0x0,

    /* U+20A3 "₣" */
    0x0, 0x0, 0xb, 0x14, 0x14, 0x14, 0x14, 0x14,
    0x14, 0x14, 0x14, 0x14, 0x6, 0x0, 0x0, 0x98,
    0xff, 0xff, 0xff, 0xff, 0xff, 0xff, 0xff, 0xff,
    0xff, 0x58, 0x0, 0x0, 0x98, 0xff, 0xff, 0xff,
    0xff, 0xff, 0xff, 0xff, 0xff, 0xff, 0x58, 0x0,
    0x0, 0x98, 0xff, 0x9c, 0x0, 0x0, 0x0, 0x0,
    0x0, 0x0, 0x0, 0x0, 0x0, 0x0, 0x98, 0xff,
    0x9c, 0x0, 0x0, 0x0, 0x0, 0x0, 0x0, 0x0,
    0x0, 0x0, 0x0, 0x98, 0xff, 0x9c, 0x0, 0x0,
    0x0, 0x0, 0x0, 0x0, 0x0, 0x0, 0x0, 0x0,
    0x98, 0xff, 0x9c, 0x0, 0x0, 0x0, 0x0, 0x0,
    0x0, 0x0, 0x0, 0x0, 0x0, 0x98, 0xff, 0x9c,
    0x0, 0x0, 0x0, 0x0, 0x0, 0x0, 0x0, 0x0,
    0x0, 0x0, 0x98, 0xff, 0xff, 0xff, 0xff, 0xff,
    0xff, 0xff, 0xff, 0x90, 0x0, 0x0, 0x0, 0x98,
    0xff, 0xff, 0xff, 0xff, 0xff, 0xff, 0xff, 0xff,
    0x90, 0x0, 0x0, 0x0, 0x98, 0xff, 0x9f, 0x8,
    0x8, 0x8, 0x8, 0x8, 0x8, 0x4, 0x0, 0x0,
    0x0, 0x98, 0xff, 0x9c, 0x0, 0x0, 0x0, 0x0,
    0x0, 0x0, 0x0, 0x0, 0x56, 0xcc, 0xea, 0xff,
    0xeb, 0xcc, 0xcc, 0xac, 0x0, 0x0, 0x0, 0x0,
    0x0, 0x6c, 0xff, 0xff, 0xff, 0xff, 0xff, 0xff,
    0xd8, 0x0, 0x0, 0x0, 0x0, 0x0, 0x0, 0x0,
    0x98, 0xff, 0x9c, 0x0, 0x0, 0x0, 0x0, 0x0,
    0x0, 0x0, 0x0, 0x0, 0x0, 0x98, 0xff, 0x9c,
    0x0, 0x0, 0x0, 0x0, 0x0, 0x0, 0x0, 0x0,
    0x0, 0x0, 0x98, 0xff, 0x9c, 0x0, 0x0, 0x0,
    0x0, 0x0, 0x0, 0x0, 0x0,

    /* U+20A4 "₤" */
    0x0, 0x0, 0x0, 0x43, 0xb9, 0xf0, 0xf2, 0xcb,
    0x65, 0x4, 0x0, 0x0, 0x0, 0x0, 0x0, 0x71,
    0xfe, 0xff, 0xff, 0xff, 0xff, 0xff, 0xb0, 0x5,
    0x0, 0x0, 0x0, 0x33, 0xfe, 0xff, 0xae, 0x37,
    0x25, 0x70, 0xfa, 0xff, 0x77, 0x0, 0x0, 0x0,
    0x99, 0xff, 0xca, 0x2, 0x0, 0x0, 0x0, 0x75,
    0xf3, 0x83, 0x0, 0x0, 0x0, 0xc0, 0xff, 0x7e,
    0x0, 0x0, 0x0, 0x0, 0xa, 0xf, 0x0, 0x0,
    0x0, 0x0, 0xac, 0xff, 0x8c, 0x0, 0x0, 0x0,
    0x0, 0x0, 0x0, 0x0, 0x0, 0x0, 0x0, 0x64,
    0xff, 0xd4, 0x0, 0x0, 0x0, 0x0, 0x0, 0x0,
    0x0, 0x0, 0x0, 0x2f, 0xd4, 0xff, 0xff, 0xce,
    0xcc, 0xcc, 0xcc, 0x9, 0x0, 0x0, 0x0, 0x0,
    0x3c, 0xff, 0xff, 0xff, 0xff, 0xff, 0xff, 0xff,
    0xc, 0x0, 0x0, 0x0, 0x0, 0x0, 0x0, 0x14,
    0xfc, 0xf8, 0x9, 0x0, 0x0, 0x0, 0x0, 0x0,
    0x0, 0x0, 0x0, 0x0, 0x0, 0xcd, 0xff, 0x35,
    0x0, 0x0, 0x0, 0x0, 0x0, 0x0, 0x0, 0x2f,
    0xcc, 0xcc, 0xf0, 0xff, 0xda, 0xcc, 0xcc, 0x9,
    0x0, 0x0, 0x0, 0x0, 0x3c, 0xff, 0xff, 0xff,
    0xff, 0xff, 0xff, 0xff, 0xc, 0x0, 0x0, 0x0,
    0x0, 0x0, 0x0, 0x63, 0xff, 0xc3, 0x0, 0x0,
    0x0, 0x0, 0x0, 0x49, 0x5, 0x0, 0x0, 0x58,
    0xf2, 0xfc, 0x48, 0x14, 0x14, 0x14, 0x1e, 0x84,
    0xff, 0xd2, 0x1, 0x38, 0xff, 0xff, 0xff, 0xff,
    0xff, 0xff, 0xff, 0xff, 0xff, 0xff, 0x5f, 0x0,
    0x3c, 0xff, 0xff, 0xff, 0xff, 0xff, 0xff, 0xff,
    0xf7, 0xcd, 0x54, 0x0, 0x0,

    /* U+20A9 "₩" */
    0x0, 0xa7, 0xff, 0xb8, 0x0, 0x0, 0x0, 0x0,
    0x0, 0x0, 0x83, 0xff, 0xfc, 0x14, 0x0, 0x0,
    0x0, 0x0, 0x0, 0x5a, 0xff, 0xf9, 0xc, 0x0,
    0x5b, 0xff, 0xf5, 0x6, 0x0, 0x0, 0x0, 0x0,
    0x0, 0xd7, 0xff, 0xff, 0x61, 0x0, 0x0, 0x0,
    0x0, 0x0, 0x9c, 0xff, 0xbb, 0x0, 0x0, 0x13,
    0xfc, 0xff, 0x3d, 0x0, 0x0, 0x0, 0x0, 0x2d,
    0xff, 0xff, 0xff, 0xb2, 0x0, 0x0, 0x0, 0x0,
    0x0, 0xde, 0xff, 0x70, 0x0, 0x0, 0x0, 0xc4,
    0xff, 0x80, 0x0, 0x0, 0x0, 0x0, 0x82, 0xff,
    0xa3, 0xfa, 0xf7, 0xc, 0x0, 0x0, 0x0, 0x20,
    0xff, 0xff, 0x25, 0x0, 0x0, 0x0, 0x79, 0xff,
    0xc2, 0x0, 0x0, 0x0, 0x0, 0xd7, 0xff, 0x46,
    0xbc, 0xff, 0x55, 0x0, 0x0, 0x0, 0x63, 0xff,
    0xda, 0x0, 0x0, 0x0, 0x0, 0x2d, 0xff, 0xfa,
    0xa, 0x0, 0x0, 0x2c, 0xff, 0xf1, 0x6, 0x71,
    0xff, 0xa6, 0x0, 0x0, 0x0, 0xa6, 0xff, 0x90,
    0x0, 0x0, 0x2f, 0xcc, 0xcc, 0xff, 0xff, 0xd5,
    0xcc, 0xcc, 0xdf, 0xff, 0xf4, 0xcc, 0xd9, 0xff,
    0xf7, 0xcc, 0xcc, 0xcc, 0xf5, 0xff, 0xe0, 0xcc,
    0x75, 0x3c, 0xff, 0xff, 0xff, 0xff, 0xff, 0xff,
    0xff, 0xff, 0xff, 0xff, 0xff, 0xff, 0xff, 0xff,
    0xff, 0xff, 0xff, 0xff, 0xff, 0xff, 0xff, 0x94,
    0x0, 0x0, 0x0, 0x5f, 0xff, 0xc1, 0x0, 0x1a,
    0xff, 0xf9, 0xc, 0x0, 0x0, 0x90, 0xff, 0x8b,
    0x0, 0x63, 0xff, 0xbd, 0x0, 0x0, 0x0, 0x0,
    0x0, 0x0, 0x1b, 0xff, 0xf7, 0x6, 0x66, 0xff,
    0xb8, 0x0, 0x0, 0x0, 0x47, 0xff, 0xd2, 0x0,
    0x9f, 0xff, 0x7a, 0x0, 0x0, 0x0, 0x0, 0x0,
    0x0, 0x0, 0xd8, 0xff, 0x3a, 0xb2, 0xff, 0x6c,
    0x0, 0x0, 0x0, 0x8, 0xf5, 0xff, 0x1a, 0xdb,
    0xff, 0x36, 0x0, 0x0, 0x0, 0x0, 0x0, 0x0,
    0x0, 0x94, 0xff, 0x7f, 0xf5, 0xff, 0x20, 0x0,
    0x0, 0x0, 0x0, 0xb5, 0xff, 0x78, 0xff, 0xf0,
    0x3, 0x0, 0x0, 0x0, 0x0, 0x0, 0x0, 0x0,
    0x51, 0xff, 0xee, 0xff, 0xd3, 0x0, 0x0, 0x0,
    0x0, 0x0, 0x6c, 0xff, 0xef, 0xff, 0xaf, 0x0,
    0x0, 0x0, 0x0, 0x0, 0x0, 0x0, 0x0, 0x10,
    0xfc, 0xff, 0xff, 0x86, 0x0, 0x0, 0x0, 0x0,
    0x0, 0x23, 0xff, 0xff, 0xff, 0x6c, 0x0, 0x0,
    0x0, 0x0, 0x0, 0x0, 0x0, 0x0, 0x0, 0xca,
    0xff, 0xff, 0x3a, 0x0, 0x0, 0x0, 0x0, 0x0,
    0x0, 0xda, 0xff, 0xff, 0x28, 0x0, 0x0, 0x0,
    0x0, 0x0, 0x0, 0x0, 0x0, 0x0, 0x86, 0xff,
    0xeb, 0x2, 0x0, 0x0, 0x0, 0x0, 0x0, 0x0,
    0x91, 0xff, 0xe5, 0x0, 0x0, 0x0, 0x0, 0x0,

    /* U+20AB "₫" */
    0x0, 0x0, 0x0, 0x0, 0x0, 0x0, 0x0, 0x0,
    0x0, 0x0, 0x33, 0x38, 0xf, 0x0, 0x0, 0x0,
    0x0, 0x0, 0x0, 0x0, 0x0, 0x0, 0x0, 0x0,
    0xec, 0xff, 0x48, 0x0, 0x0, 0x0, 0x0, 0x0,
    0x0, 0x0, 0x48, 0xff, 0xff, 0xff, 0xff, 0xff,
    0xff, 0xd4, 0x0, 0x0, 0x0, 0x0, 0x0, 0x0,
    0x32, 0xb4, 0xb4, 0xb4, 0xfa, 0xff, 0xc9, 0x95,
    0x0, 0x0, 0x0, 0x0, 0x0, 0x0, 0x0, 0x0,
    0x0, 0x0, 0xec, 0xff, 0x48, 0x0, 0x0, 0x0,
    0x0, 0x3a, 0xb0, 0xec, 0xf7, 0xd4, 0x73, 0x3,
    0xe8, 0xff, 0x48, 0x0, 0x0, 0x0, 0x6f, 0xfe,
    0xff, 0xff, 0xff, 0xff, 0xff, 0xa9, 0xdc, 0xff,
    0x48, 0x0, 0x0, 0x48, 0xfe, 0xff, 0xa9, 0x2c,
    0x6, 0x1e, 0x87, 0xfe, 0xff, 0xff, 0x48, 0x0,
    0x0, 0xd3, 0xff, 0xa5, 0x0, 0x0, 0x0, 0x0,
    0x0, 0x8e, 0xff, 0xff, 0x48, 0x0, 0x25, 0xff,
    0xff, 0x20, 0x0, 0x0, 0x0, 0x0, 0x0, 0x13,
    0xff, 0xff, 0x48, 0x0, 0x49, 0xff, 0xea, 0x0,
    0x0, 0x0, 0x0, 0x0, 0x0, 0x0, 0xe7, 0xff,
    0x48, 0x0, 0x4a, 0xff, 0xe9, 0x0, 0x0, 0x0,
    0x0, 0x0, 0x0, 0x0, 0xe7, 0xff, 0x48, 0x0,
    0x26, 0xff, 0xff, 0x1e, 0x0, 0x0, 0x0, 0x0,
    0x0, 0x12, 0xff, 0xff, 0x48, 0x0, 0x0, 0xd5,
    0xff, 0xa0, 0x0, 0x0, 0x0, 0x0, 0x0, 0x8c,
    0xff, 0xff, 0x48, 0x0, 0x0, 0x4d, 0xff, 0xff,
    0xa1, 0x27, 0x2, 0x19, 0x82, 0xfd, 0xff, 0xff,
    0x48, 0x0, 0x0, 0x0, 0x75, 0xfe, 0xff, 0xff,
    0xff, 0xff, 0xff, 0xac, 0xd5, 0xff, 0x48, 0x0,
    0x0, 0x0, 0x0, 0x3e, 0xb3, 0xed, 0xf8, 0xd6,
    0x74, 0x3, 0xd4, 0xff, 0x48, 0x0, 0x0, 0x0,
    0x0, 0x0, 0x0, 0x0, 0x0, 0x0, 0x0, 0x0,
    0x0, 0x0, 0x0, 0x0, 0x0, 0x0, 0x0, 0x0,
    0x0, 0x0, 0x0, 0x0, 0x0, 0x0, 0x0, 0x0,
    0x0, 0x0, 0x0, 0x50, 0xff, 0xff, 0xff, 0xff,
    0xff, 0xff, 0xff, 0xff, 0xff, 0xff, 0x48, 0x0,
    0x0, 0x3f, 0xcc, 0xcc, 0xcc, 0xcc, 0xcc, 0xcc,
    0xcc, 0xcc, 0xcc, 0xcc, 0x39, 0x0,

    /* U+20AC "€" */
    0x0, 0x0, 0x0, 0x0, 0x0, 0x0, 0x5, 0x5c,
    0xb5, 0xe8, 0xf9, 0xe2, 0xb7, 0x51, 0x2, 0x0,
    0x0, 0x0, 0x0, 0x0, 0x2c, 0xd2, 0xff, 0xff,
    0xff, 0xff, 0xff, 0xff, 0xd6, 0x4, 0x0, 0x0,
    0x0, 0x0, 0x32, 0xef, 0xff, 0xee, 0x81, 0x39,
    0x22, 0x3c, 0x8c, 0x46, 0x0, 0x0, 0x0, 0x0,
    0xc, 0xe0, 0xff, 0xd7, 0x1a, 0x0, 0x0, 0x0,
    0x0, 0x0, 0x0, 0x0, 0x0, 0x0, 0x0, 0x80,
    0xff, 0xf0, 0x19, 0x0, 0x0, 0x0, 0x0, 0x0,
    0x0, 0x0, 0x0, 0x0, 0x0, 0x3, 0xe6, 0xff,
    0x7d, 0x0, 0x0, 0x0, 0x0, 0x0, 0x0, 0x0,
    0x0, 0x0, 0x6c, 0xff, 0xff, 0xff, 0xff, 0xff,
    0xff, 0xff, 0xff, 0xff, 0x94, 0x0, 0x0, 0x0,
    0x0, 0x56, 0xcc, 0xe3, 0xff, 0xf5, 0xcc, 0xcc,
    0xcc, 0xcc, 0xcc, 0x75, 0x0, 0x0, 0x0, 0x0,
    0x0, 0x0, 0x7c, 0xff, 0xc4, 0x0, 0x0, 0x0,
    0x0, 0x0, 0x0, 0x0, 0x0, 0x0, 0x0, 0x56,
    0xcc, 0xe3, 0xff, 0xf5, 0xcc, 0xcc, 0xcc, 0xcc,
    0xcc, 0x75, 0x0, 0x0, 0x0, 0x0, 0x6c, 0xff,
    0xff, 0xff, 0xff, 0xff, 0xff, 0xff, 0xff, 0xff,
    0x94, 0x0, 0x0, 0x0, 0x0, 0x0, 0x0, 0x3,
    0xe6, 0xff, 0x7d, 0x0, 0x0, 0x0, 0x0, 0x0,
    0x0, 0x0, 0x0, 0x0, 0x0, 0x0, 0x0, 0x80,
    0xff, 0xf0, 0x19, 0x0, 0x0, 0x0, 0x0, 0x0,
    0x0, 0x0, 0x0, 0x0, 0x0, 0x0, 0xd, 0xe0,
    0xff, 0xd7, 0x1a, 0x0, 0x0, 0x0, 0x0, 0x0,
    0x0, 0x0, 0x0, 0x0, 0x0, 0x0, 0x32, 0xef,
    0xff, 0xee, 0x81, 0x38, 0x21, 0x38, 0x74, 0x95,
    0x0, 0x0, 0x0, 0x0, 0x0, 0x0, 0x2c, 0xd3,
    0xff, 0xff, 0xff, 0xff, 0xff, 0xff, 0xff, 0x3b,
    0x0, 0x0, 0x0, 0x0, 0x0, 0x0, 0x5, 0x5d,
    0xb6, 0xe9, 0xfa, 0xe5, 0xc4, 0x70, 0x11,

    /* U+20AE "₮" */
    0x8, 0x14, 0x14, 0x14, 0x14, 0x14, 0x14, 0x14,
    0x14, 0x14, 0x14, 0x14, 0x0, 0x6c, 0xff, 0xff,
    0xff, 0xff, 0xff, 0xff, 0xff, 0xff, 0xff, 0xff,
    0xff, 0xc, 0x6c, 0xff, 0xff, 0xff, 0xff, 0xff,
    0xff, 0xff, 0xff, 0xff, 0xff, 0xff, 0xc, 0x0,
    0x0, 0x0, 0x0, 0x0, 0xcc, 0xff, 0x6c, 0x0,
    0x0, 0x0, 0x0, 0x0, 0x0, 0x0, 0x0, 0x0,
    0x0, 0xcc, 0xff, 0x6c, 0x0, 0x3e, 0x56, 0x0,
    0x0, 0x0, 0x0, 0x0, 0x0, 0x0, 0xcc, 0xff,
    0x81, 0xa0, 0xff, 0x7c, 0x0, 0x0, 0x0, 0x0,
    0x0, 0x0, 0x0, 0xcc, 0xff, 0xff, 0xff, 0xe7,
    0x3e, 0x0, 0x0, 0x0, 0x0, 0x0, 0x0, 0x49,
    0xee, 0xff, 0xfd, 0x93, 0xf, 0x0, 0x0, 0x0,
    0x0, 0x0, 0x1c, 0xac, 0xff, 0xff, 0xff, 0x77,
    0x0, 0x2, 0x1f, 0x0, 0x0, 0x0, 0x0, 0xd6,
    0xff, 0xdf, 0xe8, 0xff, 0x6c, 0x2f, 0xc8, 0x7c,
    0x0, 0x0, 0x0, 0x0, 0xd6, 0x87, 0xa, 0xcc,
    0xff, 0xd0, 0xfb, 0xff, 0x73, 0x0, 0x0, 0x0,
    0x0, 0x1a, 0x0, 0x4, 0xd6, 0xff, 0xff, 0xed,
    0x66, 0x1, 0x0, 0x0, 0x0, 0x0, 0x0, 0x38,
    0xd0, 0xff, 0xff, 0xb5, 0x15, 0x0, 0x0, 0x0,
    0x0, 0x0, 0x0, 0x8c, 0xfe, 0xff, 0xfe, 0xff,
    0x6c, 0x0, 0x0, 0x0, 0x0, 0x0, 0x0, 0x0,
    0xdc, 0xe7, 0x5a, 0xcc, 0xff, 0x6c, 0x0, 0x0,
    0x0, 0x0, 0x0, 0x0, 0x0, 0x75, 0xf, 0x0,
    0xcc, 0xff, 0x6c, 0x0, 0x0, 0x0, 0x0, 0x0,
    0x0, 0x0, 0x0, 0x0, 0x0, 0xcc, 0xff, 0x6c,
    0x0, 0x0, 0x0, 0x0, 0x0,

    /* U+20B1 "₱" */
    0x0, 0x0, 0xb, 0x14, 0x14, 0x14, 0x14, 0x13,
    0x9, 0x0, 0x0, 0x0, 0x0, 0x0, 0x0, 0x0,
    0x0, 0x98, 0xff, 0xff, 0xff, 0xff, 0xff, 0xff,
    0xdd, 0x7d, 0x9, 0x0, 0x0, 0x0, 0x0, 0x0,
    0x98, 0xff, 0xff, 0xff, 0xff, 0xff, 0xff, 0xff,
    0xff, 0xd1, 0x15, 0x0, 0x0, 0x0, 0x0, 0x98,
    0xff, 0x9c, 0x0, 0x0, 0x0, 0x14, 0x62, 0xf3,
    0xff, 0xb1, 0x0, 0x0, 0x0, 0x0, 0x98, 0xff,
    0x9c, 0x0, 0x0, 0x0, 0x0, 0x0, 0x58, 0xff,
    0xff, 0x20, 0x0, 0x6c, 0xff, 0xff, 0xff, 0xff,
    0xff, 0xff, 0xff, 0xff, 0xff, 0xff, 0xff, 0xff,
    0xff, 0xc8, 0x56, 0xcc, 0xea, 0xff, 0xeb, 0xcc,
    0xcc, 0xcc, 0xcc, 0xcc, 0xd4, 0xff, 0xff, 0xd7,
    0x9f, 0x0, 0x0, 0x98, 0xff, 0x9c, 0x0, 0x0,
    0x0, 0x9, 0x3b, 0xbf, 0xff, 0xef, 0xe, 0x0,
    0x0, 0x0, 0x98, 0xff, 0xff, 0xff, 0xff, 0xff,
    0xff, 0xff, 0xff, 0xf7, 0x4e, 0x0, 0x0, 0x0,
    0x0, 0x98, 0xff, 0xff, 0xff, 0xff, 0xff, 0xfe,
    0xe7, 0x96, 0x25, 0x0, 0x0, 0x0, 0x0, 0x0,
    0x98, 0xff, 0xa5, 0x18, 0x18, 0x18, 0x8, 0x0,
    0x0, 0x0, 0x0, 0x0, 0x0, 0x0, 0x0, 0x98,
    0xff, 0x9c, 0x0, 0x0, 0x0, 0x0, 0x0, 0x0,
    0x0, 0x0, 0x0, 0x0, 0x0, 0x0, 0x98, 0xff,
    0x9c, 0x0, 0x0, 0x0, 0x0, 0x0, 0x0, 0x0,
    0x0, 0x0, 0x0, 0x0, 0x0, 0x98, 0xff, 0x9c,
    0x0, 0x0, 0x0, 0x0, 0x0, 0x0, 0x0, 0x0,
    0x0, 0x0, 0x0, 0x0, 0x98, 0xff, 0x9c, 0x0,
    0x0, 0x0, 0x0, 0x0, 0x0, 0x0, 0x0, 0x0,
    0x0, 0x0, 0x0, 0x98, 0xff, 0x9c, 0x0, 0x0,
    0x0, 0x0, 0x0, 0x0, 0x0, 0x0, 0x0, 0x0,
    0x0, 0x0, 0x98, 0xff, 0x9c, 0x0, 0x0, 0x0,
    0x0, 0x0, 0x0, 0x0, 0x0, 0x0, 0x0,

    /* U+20B8 "₸" */
    0x6c, 0xff, 0xff, 0xff, 0xff, 0xff, 0xff, 0xff,
    0xff, 0xff, 0xff, 0xff, 0xc, 0x56, 0xcc, 0xcc,
    0xcc, 0xcc, 0xcc, 0xcc, 0xcc, 0xcc, 0xcc, 0xcc,
    0xcc, 0x9, 0x0, 0x0, 0x0, 0x0, 0x0, 0x0,
    0x0, 0x0, 0x0, 0x0, 0x0, 0x0, 0x0, 0x57,
    0xd0, 0xd0, 0xd0, 0xd0, 0xd0, 0xd0, 0xd0, 0xd0,
    0xd0, 0xd0, 0xd0, 0x9, 0x6c, 0xff, 0xff, 0xff,
    0xff, 0xff, 0xff, 0xff, 0xff, 0xff, 0xff, 0xff,
    0xc, 0x0, 0x0, 0x0, 0x0, 0x0, 0xcc, 0xff,
    0x6c, 0x0, 0x0, 0x0, 0x0, 0x0, 0x0, 0x0,
    0x0, 0x0, 0x0, 0xcc, 0xff, 0x6c, 0x0, 0x0,
    0x0, 0x0, 0x0, 0x0, 0x0, 0x0, 0x0, 0x0,
    0xcc, 0xff, 0x6c, 0x0, 0x0, 0x0, 0x0, 0x0,
    0x0, 0x0, 0x0, 0x0, 0x0, 0xcc, 0xff, 0x6c,
    0x0, 0x0, 0x0, 0x0, 0x0, 0x0, 0x0, 0x0,
    0x0, 0x0, 0xcc, 0xff, 0x6c, 0x0, 0x0, 0x0,
    0x0, 0x0, 0x0, 0x0, 0x0, 0x0, 0x0, 0xcc,
    0xff, 0x6c, 0x0, 0x0, 0x0, 0x0, 0x0, 0x0,
    0x0, 0x0, 0x0, 0x0, 0xcc, 0xff, 0x6c, 0x0,
    0x0, 0x0, 0x0, 0x0, 0x0, 0x0, 0x0, 0x0,
    0x0, 0xcc, 0xff, 0x6c, 0x0, 0x0, 0x0, 0x0,
    0x0, 0x0, 0x0, 0x0, 0x0, 0x0, 0xcc, 0xff,
    0x6c, 0x0, 0x0, 0x0, 0x0, 0x0, 0x0, 0x0,
    0x0, 0x0, 0x0, 0xcc, 0xff, 0x6c, 0x0, 0x0,
    0x0, 0x0, 0x0, 0x0, 0x0, 0x0, 0x0, 0x0,
    0xcc, 0xff, 0x6c, 0x0, 0x0, 0x0, 0x0, 0x0,

    /* U+20B9 "₹" */
    0x2d, 0x6c, 0x6c, 0x6c, 0x6c, 0x6c, 0x6c, 0x6c,
    0x6c, 0x6c, 0x6c, 0x6c, 0x52, 0x6c, 0xff, 0xff,
    0xff, 0xff, 0xff, 0xff, 0xff, 0xff, 0xff, 0xff,
    0xff, 0xc4, 0x2b, 0x68, 0x68, 0x68, 0x68, 0x68,
    0x79, 0xbf, 0xff, 0xff, 0x9e, 0x68, 0x4f, 0x0,
    0x0, 0x0, 0x0, 0x0, 0x0, 0x0, 0x0, 0x93,
    0xff, 0xe1, 0x4, 0x0, 0x3e, 0x94, 0x94, 0x94,
    0x94, 0x94, 0x94, 0x94, 0xa2, 0xff, 0xff, 0xa9,
    0x71, 0x6c, 0xff, 0xff, 0xff, 0xff, 0xff, 0xff,
    0xff, 0xff, 0xff, 0xff, 0xff, 0xc4, 0x1c, 0x44,
    0x44, 0x44, 0x44, 0x44, 0x44, 0x44, 0x68, 0xff,
    0xff, 0x68, 0x34, 0x0, 0x0, 0x0, 0x0, 0x0,
    0x0, 0x0, 0x1b, 0xc9, 0xff, 0xdb, 0x3, 0x0,
    0x0, 0x0, 0x39, 0xb8, 0xb8, 0xb8, 0xcc, 0xfb,
    0xff, 0xf5, 0x3a, 0x0, 0x0, 0x0, 0x0, 0x50,
    0xff, 0xff, 0xff, 0xff, 0xff, 0xcc, 0x32, 0x0,
    0x0, 0x0, 0x0, 0x0, 0x38, 0xfe, 0xff, 0xdc,
    0x55, 0x2b, 0x0, 0x0, 0x0, 0x0, 0x0, 0x0,
    0x0, 0x0, 0x67, 0xff, 0xff, 0x97, 0x1, 0x0,
    0x0, 0x0, 0x0, 0x0, 0x0, 0x0, 0x0, 0x0,
    0x71, 0xff, 0xff, 0x95, 0x0, 0x0, 0x0, 0x0,
    0x0, 0x0, 0x0, 0x0, 0x0, 0x0, 0x7b, 0xff,
    0xff, 0x93, 0x0, 0x0, 0x0, 0x0, 0x0, 0x0,
    0x0, 0x0, 0x0, 0x0, 0x85, 0xff, 0xff, 0x90,
    0x0, 0x0, 0x0, 0x0, 0x0, 0x0, 0x0, 0x0,
    0x0, 0x0, 0x90, 0xff, 0xff, 0x8e, 0x0, 0x0,
    0x0, 0x0, 0x0, 0x0, 0x0, 0x0, 0x0, 0x0,
    0x9a, 0xff, 0xff, 0x8b, 0x0,

    /* U+20BA "₺" */
    0x0, 0x0, 0x0, 0x5c, 0xff, 0xdc, 0x0, 0x0,
    0x0, 0x0, 0x0, 0x0, 0x0, 0x0, 0x0, 0x0,
    0x5c, 0xff, 0xdc, 0x0, 0x0, 0x0, 0x0, 0x0,
    0x0, 0x0, 0x0, 0x0, 0x0, 0x5c, 0xff, 0xdc,
    0x0, 0x32, 0xb6, 0x0, 0x0, 0x0, 0x0, 0x0,
    0x0, 0x0, 0x5c, 0xff, 0xe3, 0x91, 0xfc, 0xec,
    0x0, 0x0, 0x0, 0x0, 0x0, 0x0, 0x0, 0x5c,
    0xff, 0xff, 0xff, 0xf0, 0x68, 0x0, 0x0, 0x0,
    0x0, 0x0, 0x0, 0x39, 0xd2, 0xff, 0xff, 0xa7,
    0x18, 0x0, 0x0, 0x0, 0x0, 0x0, 0x11, 0x99,
    0xfe, 0xff, 0xff, 0xdc, 0x0, 0x0, 0x47, 0x0,
    0x0, 0x0, 0x0, 0x6c, 0xff, 0xee, 0xaf, 0xff,
    0xdc, 0x1e, 0xb3, 0xec, 0x0, 0x0, 0x0, 0x0,
    0x6b, 0xa3, 0x15, 0x5c, 0xff, 0xf5, 0xf4, 0xff,
    0xce, 0x0, 0x0, 0x0, 0x0, 0x8, 0x0, 0x0,
    0x81, 0xff, 0xff, 0xf7, 0x7f, 0x7, 0x0, 0x0,
    0x0, 0x0, 0x0, 0x29, 0xbd, 0xff, 0xff, 0xec,
    0x23, 0x0, 0x0, 0x0, 0xe6, 0xff, 0x41, 0x4d,
    0xfa, 0xff, 0xec, 0xff, 0xdc, 0x0, 0x0, 0x0,
    0x2e, 0xff, 0xfd, 0x17, 0x6c, 0xe7, 0x60, 0x5d,
    0xff, 0xdc, 0x0, 0x0, 0xe, 0xcb, 0xff, 0xb5,
    0x0, 0x28, 0xd, 0x0, 0x5c, 0xff, 0xe0, 0x2a,
    0x66, 0xde, 0xff, 0xee, 0x25, 0x0, 0x0, 0x0,
    0x0, 0x5c, 0xff, 0xff, 0xff, 0xff, 0xff, 0xe1,
    0x33, 0x0, 0x0, 0x0, 0x0, 0x0, 0x5c, 0xff,
    0xff, 0xf0, 0xc6, 0x74, 0xc, 0x0, 0x0, 0x0,

    /* U+20BD "₽" */
    0x0, 0x0, 0xb, 0x14, 0x14, 0x14, 0x14, 0x13,
    0x8, 0x0, 0x0, 0x0, 0x0, 0x0, 0x0, 0x0,
    0x98, 0xff, 0xff, 0xff, 0xff, 0xff, 0xff, 0xdf,
    0x84, 0xc, 0x0, 0x0, 0x0, 0x0, 0x98, 0xff,
    0xff, 0xff, 0xff, 0xff, 0xff, 0xff, 0xff, 0xd6,
    0x16, 0x0, 0x0, 0x0, 0x98, 0xff, 0x9c, 0x0,
    0x0, 0x0, 0x15, 0x65, 0xf1, 0xff, 0xb6, 0x0,
    0x0, 0x0, 0x98, 0xff, 0x9c, 0x0, 0x0, 0x0,
    0x0, 0x0, 0x55, 0xff, 0xff, 0x22, 0x0, 0x0,
    0x98, 0xff, 0x9c, 0x0, 0x0, 0x0, 0x0, 0x0,
    0x4, 0xf7, 0xff, 0x4e, 0x0, 0x0, 0x98, 0xff,
    0x9c, 0x0, 0x0, 0x0, 0x0, 0x0, 0xb, 0xfd,
    0xff, 0x47, 0x0, 0x0, 0x98, 0xff, 0x9c, 0x0,
    0x0, 0x0, 0x0, 0x0, 0x83, 0xff, 0xf9, 0x11,
    0x0, 0x0, 0x98, 0xff, 0xb9, 0x4c, 0x4c, 0x4c,
    0x60, 0xab, 0xff, 0xff, 0x87, 0x0, 0x6c, 0xff,
    0xff, 0xff, 0xff, 0xff, 0xff, 0xff, 0xff, 0xff,
    0xff, 0x9c, 0x3, 0x0, 0x56, 0xcc, 0xea, 0xff,
    0xeb, 0xcc, 0xcc, 0xcc, 0xc2, 0x99, 0x3d, 0x0,
    0x0, 0x0, 0x0, 0x0, 0x98, 0xff, 0x9c, 0x0,
    0x0, 0x0, 0x0, 0x0, 0x0, 0x0, 0x0, 0x0,
    0x56, 0xcc, 0xea, 0xff, 0xeb, 0xcc, 0xcc, 0xac,
    0x0, 0x0, 0x0, 0x0, 0x0, 0x0, 0x6c, 0xff,
    0xff, 0xff, 0xff, 0xff, 0xff, 0xd8, 0x0, 0x0,
    0x0, 0x0, 0x0, 0x0, 0x0, 0x0, 0x98, 0xff,
    0x9c, 0x0, 0x0, 0x0, 0x0, 0x0, 0x0, 0x0,
    0x0, 0x0, 0x0, 0x0, 0x98, 0xff, 0x9c, 0x0,
    0x0, 0x0, 0x0, 0x0, 0x0, 0x0, 0x0, 0x0,
    0x0, 0x0, 0x98, 0xff, 0x9c, 0x0, 0x0, 0x0,
    0x0, 0x0, 0x0, 0x0, 0x0, 0x0,

    /* U+2116 "№" */
    0xb, 0x30, 0x30, 0x18, 0x0, 0x0, 0x0, 0x0,
    0x0, 0x0, 0x0, 0x9, 0x30, 0x30, 0x0, 0x0,
    0x0, 0x0, 0x3e, 0x81, 0x83, 0x43, 0x0, 0x0,
    0x0, 0x3c, 0xff, 0xff, 0xd9, 0x7, 0x0, 0x0,
    0x0, 0x0, 0x0, 0x0, 0x34, 0xff, 0xff, 0x0,
    0x0, 0x4, 0xa5, 0xff, 0xff, 0xff, 0xff, 0xac,
    0x5, 0x0, 0x3c, 0xff, 0xff, 0xff, 0x81, 0x0,
    0x0, 0x0, 0x0, 0x0, 0x0, 0x34, 0xff, 0xff,
    0x0, 0x0, 0x81, 0xff, 0xaf, 0x24, 0x1e, 0x9e,
    0xff, 0x8d, 0x0, 0x3c, 0xff, 0xff, 0xff, 0xf9,
    0x27, 0x0, 0x0, 0x0, 0x0, 0x0, 0x34, 0xff,
    0xff, 0x0, 0x1, 0xec, 0xe8, 0x9, 0x0, 0x0,
    0x3, 0xdc, 0xf5, 0x6, 0x3c, 0xff, 0xe3, 0xb5,
    0xff, 0xc0, 0x0, 0x0, 0x0, 0x0, 0x0, 0x34,
    0xff, 0xff, 0x0, 0xe, 0xff, 0xbe, 0x0, 0x0,
    0x0, 0x0, 0xaf, 0xff, 0x1d, 0x3c, 0xff, 0xea,
    0x20, 0xf5, 0xff, 0x61, 0x0, 0x0, 0x0, 0x0,
    0x34, 0xff, 0xff, 0x0, 0x1, 0xef, 0xe5, 0x6,
    0x0, 0x0, 0x2, 0xd8, 0xf7, 0x8, 0x3c, 0xff,
    0xf1, 0x0, 0x77, 0xff, 0xec, 0x14, 0x0, 0x0,
    0x0, 0x34, 0xff, 0xff, 0x0, 0x0, 0x8c, 0xff,
    0xa1, 0x14, 0xf, 0x8f, 0xff, 0x9a, 0x0, 0x3c,
    0xff, 0xf7, 0x0, 0x4, 0xd2, 0xff, 0xa1, 0x0,
    0x0, 0x0, 0x34, 0xff, 0xff, 0x0, 0x0, 0x8,
    0xb9, 0xff, 0xff, 0xff, 0xff, 0xc1, 0xb, 0x0,
    0x3c, 0xff, 0xf8, 0x0, 0x0, 0x39, 0xfe, 0xff,
    0x41, 0x0, 0x0, 0x34, 0xff, 0xff, 0x0, 0x0,
    0x0, 0x1, 0x52, 0x96, 0x98, 0x59, 0x3, 0x0,
    0x0, 0x3c, 0xff, 0xf8, 0x0, 0x0, 0x0, 0x98,
    0xff, 0xd9, 0x7, 0x0, 0x34, 0xff, 0xff, 0x0,
    0x0, 0x0, 0x0, 0x0, 0x0, 0x0, 0x0, 0x0,
    0x0, 0x0, 0x3c, 0xff, 0xf8, 0x0, 0x0, 0x0,
    0x10, 0xe8, 0xff, 0x80, 0x0, 0x33, 0xff, 0xff,
    0x0, 0x0, 0x24, 0x70, 0x70, 0x70, 0x70, 0x70,
    0x70, 0x2b, 0x0, 0x3c, 0xff, 0xf8, 0x0, 0x0,
    0x0, 0x0, 0x59, 0xff, 0xf8, 0x27, 0x2f, 0xff,
    0xff, 0x0, 0x0, 0x54, 0xff, 0xff, 0xff, 0xff,
    0xff, 0xff, 0x64, 0x0, 0x3c, 0xff, 0xf8, 0x0,
    0x0, 0x0, 0x0, 0x0, 0xb9, 0xff, 0xbf, 0x29,
    0xff, 0xff, 0x0, 0x0, 0x17, 0x48, 0x48, 0x48,
    0x48, 0x48, 0x48, 0x1c, 0x0, 0x3c, 0xff, 0xf8,
    0x0, 0x0, 0x0, 0x0, 0x0, 0x23, 0xf7, 0xff,
    0x81, 0xff, 0xff, 0x0, 0x0, 0x0, 0x0, 0x0,
    0x0, 0x0, 0x0, 0x0, 0x0, 0x0, 0x3c, 0xff,
    0xf8, 0x0, 0x0, 0x0, 0x0, 0x0, 0x0, 0x7b,
    0xff, 0xf9, 0xff, 0xff, 0x0, 0x0, 0x0, 0x0,
    0x0, 0x0, 0x0, 0x0, 0x0, 0x0, 0x0, 0x3c,
    0xff, 0xf8, 0x0, 0x0, 0x0, 0x0, 0x0, 0x0,
    0x5, 0xd5, 0xff, 0xff, 0xff, 0x0, 0x0, 0x0,
    0x0, 0x0, 0x0, 0x0, 0x0, 0x0, 0x0, 0x0,
    0x3c, 0xff, 0xf8, 0x0, 0x0, 0x0, 0x0, 0x0,
    0x0, 0x0, 0x3d, 0xfe, 0xff, 0xff, 0x0, 0x0,
    0x0, 0x0, 0x0, 0x0, 0x0, 0x0, 0x0, 0x0,
    0x0, 0x3c, 0xff, 0xf8, 0x0, 0x0, 0x0, 0x0,
    0x0, 0x0, 0x0, 0x0, 0x9c, 0xff, 0xff, 0x0,
    0x0, 0x0, 0x0, 0x0, 0x0, 0x0, 0x0, 0x0,
    0x0, 0x0
};


/*---------------------
 *  GLYPH DESCRIPTION
 *--------------------*/

static const lv_font_fmt_txt_glyph_dsc_t glyph_dsc[] = {
    {.bitmap_index = 0, .adv_w = 0, .box_w = 0, .box_h = 0, .ofs_x = 0, .ofs_y = 0} /* id = 0 reserved */,
    {.bitmap_index = 0, .adv_w = 84, .box_w = 0, .box_h = 0, .ofs_x = 0, .ofs_y = 0},
    {.bitmap_index = 0, .adv_w = 89, .box_w = 4, .box_h = 17, .ofs_x = 1, .ofs_y = 0},
    {.bitmap_index = 68, .adv_w = 123, .box_w = 6, .box_h = 6, .ofs_x = 1, .ofs_y = 11},
    {.bitmap_index = 104, .adv_w = 243, .box_w = 15, .box_h = 16, .ofs_x = 0, .ofs_y = 0},
    {.bitmap_index = 344, .adv_w = 205, .box_w = 12, .box_h = 21, .ofs_x = 0, .ofs_y = -2},
    {.bitmap_index = 596, .adv_w = 313, .box_w = 19, .box_h = 17, .ofs_x = 0, .ofs_y = 0},
    {.bitmap_index = 919, .adv_w = 237, .box_w = 15, .box_h = 17, .ofs_x = 0, .ofs_y = 0},
    {.bitmap_index = 1174, .adv_w = 66, .box_w = 3, .box_h = 6, .ofs_x = 1, .ofs_y = 11},
    {.bitmap_index = 1192, .adv_w = 127, .box_w = 7, .box_h = 23, .ofs_x = 1, .ofs_y = -4},
    {.bitmap_index = 1353, .adv_w = 127, .box_w = 7, .box_h = 23, .ofs_x = 0, .ofs_y = -4},
    {.bitmap_index = 1514, .adv_w = 167, .box_w = 10, .box_h = 9, .ofs_x = 0, .ofs_y = 8},
    {.bitmap_index = 1604, .adv_w = 211, .box_w = 11, .box_h = 11, .ofs_x = 1, .ofs_y = 1},
    {.bitmap_index = 1725, .adv_w = 89, .box_w = 4, .box_h = 6, .ofs_x = 1, .ofs_y = -3},
    {.bitmap_index = 1749, .adv_w = 166, .box_w = 9, .box_h = 2, .ofs_x = 1, .ofs_y = 6},
    {.bitmap_index = 1767, .adv_w = 89, .box_w = 4, .box_h = 4, .ofs_x = 1, .ofs_y = 0},
    {.bitmap_index = 1783, .adv_w = 168, .box_w = 10, .box_h = 17, .ofs_x = 0, .ofs_y = 0},
    {.bitmap_index = 1953, .adv_w = 245, .box_w = 14, .box_h = 17, .ofs_x = 1, .ofs_y = 0},
    {.bitmap_index = 2191, .adv_w = 147, .box_w = 8, .box_h = 17, .ofs_x = 0, .ofs_y = 0},
    {.bitmap_index = 2327, .adv_w = 200, .box_w = 12, .box_h = 17, .ofs_x = 0, .ofs_y = 0},
    {.bitmap_index = 2531, .adv_w = 204, .box_w = 12, .box_h = 17, .ofs_x = 0, .ofs_y = 0},
    {.bitmap_index = 2735, .adv_w = 226, .box_w = 14, .box_h = 16, .ofs_x = 0, .ofs_y = 0},
    {.bitmap_index = 2959, .adv_w = 213, .box_w = 13, .box_h = 17, .ofs_x = 0, .ofs_y = 0},
    {.bitmap_index = 3180, .adv_w = 211, .box_w = 13, .box_h = 18, .ofs_x = 0, .ofs_y = 0},
    {.bitmap_index = 3414, .adv_w = 201, .box_w = 12, .box_h = 18, .ofs_x = 0, .ofs_y = -1},
    {.bitmap_index = 3630, .adv_w = 209, .box_w = 13, .box_h = 17, .ofs_x = 0, .ofs_y = 0},
    {.bitmap_index = 3851, .adv_w = 211, .box_w = 13, .box_h = 18, .ofs_x = 0, .ofs_y = -1},
    {.bitmap_index = 4085, .adv_w = 89, .box_w = 4, .box_h = 12, .ofs_x = 1, .ofs_y = 0},
    {.bitmap_index = 4133, .adv_w = 89, .box_w = 4, .box_h = 14, .ofs_x = 1, .ofs_y = -2},
    {.bitmap_index = 4189, .adv_w = 194, .box_w = 10, .box_h = 11, .ofs_x = 1, .ofs_y = 1},
    {.bitmap_index = 4299, .adv_w = 216, .box_w = 12, .box_h = 6, .ofs_x = 1, .ofs_y = 4},
    {.bitmap_index = 4371, .adv_w = 194, .box_w = 10, .box_h = 11, .ofs_x = 1, .ofs_y = 1},
    {.bitmap_index = 4481, .adv_w = 189, .box_w = 11, .box_h = 17, .ofs_x = 0, .ofs_y = 0},
    {.bitmap_index = 4668, .adv_w = 333, .box_w = 19, .box_h = 19, .ofs_x = 1, .ofs_y = -2},
    {.bitmap_index = 5029, .adv_w = 257, .box_w = 16, .box_h = 17, .ofs_x = 0, .ofs_y = 0},
    {.bitmap_index = 5301, .adv_w = 228, .box_w = 13, .box_h = 17, .ofs_x = 1, .ofs_y = 0},
    {.bitmap_index = 5522, .adv_w = 280, .box_w = 17, .box_h = 17, .ofs_x = 0, .ofs_y = 0},
    {.bitmap_index = 5811, .adv_w = 265, .box_w = 15, .box_h = 17, .ofs_x = 1, .ofs_y = 0},
    {.bitmap_index = 6066, .adv_w = 208, .box_w = 11, .box_h = 17, .ofs_x = 1, .ofs_y = 0},
    {.bitmap_index = 6253, .adv_w = 200, .box_w = 11, .box_h = 17, .ofs_x = 1, .ofs_y = 0},
    {.bitmap_index = 6440, .adv_w = 308, .box_w = 19, .box_h = 17, .ofs_x = 0, .ofs_y = 0},
    {.bitmap_index = 6763, .adv_w = 263, .box_w = 14, .box_h = 17, .ofs_x = 1, .ofs_y = 0},
    {.bitmap_index = 7001, .adv_w = 91, .box_w = 3, .box_h = 17, .ofs_x = 1, .ofs_y = 0},
    {.bitmap_index = 7052, .adv_w = 201, .box_w = 12, .box_h = 17, .ofs_x = 0, .ofs_y = 0},
    {.bitmap_index = 7256, .adv_w = 239, .box_w = 14, .box_h = 17, .ofs_x = 1, .ofs_y = 0},
    {.bitmap_index = 7494, .adv_w = 191, .box_w = 11, .box_h = 17, .ofs_x = 1, .ofs_y = 0},
    {.bitmap_index = 7681, .adv_w = 319, .box_w = 18, .box_h = 17, .ofs_x = 1, .ofs_y = 0},
    {.bitmap_index = 7987, .adv_w = 267, .box_w = 14, .box_h = 17, .ofs_x = 1, .ofs_y = 0},
    {.bitmap_index = 8225, .adv_w = 311, .box_w = 19, .box_h = 17, .ofs_x = 0, .ofs_y = 0},
    {.bitmap_index = 8548, .adv_w = 217, .box_w = 12, .box_h = 17, .ofs_x = 1, .ofs_y = 0},
    {.bitmap_index = 8752, .adv_w = 311, .box_w = 19, .box_h = 18, .ofs_x = 0, .ofs_y = -1},
    {.bitmap_index = 9094, .adv_w = 222, .box_w = 13, .box_h = 17, .ofs_x = 1, .ofs_y = 0},
    {.bitmap_index = 9315, .adv_w = 212, .box_w = 13, .box_h = 17, .ofs_x = 0, .ofs_y = 0},
    {.bitmap_index = 9536, .adv_w = 207, .box_w = 13, .box_h = 17, .ofs_x = 0, .ofs_y = 0},
    {.bitmap_index = 9757, .adv_w = 247, .box_w = 14, .box_h = 17, .ofs_x = 1, .ofs_y = 0},
    {.bitmap_index = 9995, .adv_w = 243, .box_w = 15, .box_h = 17, .ofs_x = 0, .ofs_y = 0},
    {.bitmap_index = 10250, .adv_w = 354, .box_w = 22, .box_h = 17, .ofs_x = 0, .ofs_y = 0},
    {.bitmap_index = 10624, .adv_w = 243, .box_w = 15, .box_h = 17, .ofs_x = 0, .ofs_y = 0},
    {.bitmap_index = 10879, .adv_w = 228, .box_w = 14, .box_h = 17, .ofs_x = 0, .ofs_y = 0},
    {.bitmap_index = 11117, .adv_w = 217, .box_w = 13, .box_h = 17, .ofs_x = 0, .ofs_y = 0},
    {.bitmap_index = 11338, .adv_w = 118, .box_w = 6, .box_h = 22, .ofs_x = 1, .ofs_y = -3},
    {.bitmap_index = 11470, .adv_w = 168, .box_w = 10, .box_h = 17, .ofs_x = 0, .ofs_y = 0},
    {.bitmap_index = 11640, .adv_w = 118, .box_w = 6, .box_h = 22, .ofs_x = 0, .ofs_y = -3},
    {.bitmap_index = 11772, .adv_w = 180, .box_w = 11, .box_h = 8, .ofs_x = 0, .ofs_y = 10},
    {.bitmap_index = 11860, .adv_w = 184, .box_w = 12, .box_h = 2, .ofs_x = 0, .ofs_y = -5},
    {.bitmap_index = 11884, .adv_w = 154, .box_w = 4, .box_h = 4, .ofs_x = 2, .ofs_y = 14},
    {.bitmap_index = 11900, .adv_w = 196, .box_w = 12, .box_h = 12, .ofs_x = 0, .ofs_y = 0},
    {.bitmap_index = 12044, .adv_w = 221, .box_w = 13, .box_h = 17, .ofs_x = 1, .ofs_y = 0},
    {.bitmap_index = 12265, .adv_w = 200, .box_w = 12, .box_h = 12, .ofs_x = 0, .ofs_y = 0},
    {.bitmap_index = 12409, .adv_w = 221, .box_w = 13, .box_h = 17, .ofs_x = 0, .ofs_y = 0},
    {.bitmap_index = 12630, .adv_w = 206, .box_w = 13, .box_h = 12, .ofs_x = 0, .ofs_y = 0},
    {.bitmap_index = 12786, .adv_w = 141, .box_w = 9, .box_h = 17, .ofs_x = 0, .ofs_y = 0},
    {.bitmap_index = 12939, .adv_w = 221, .box_w = 13, .box_h = 17, .ofs_x = 0, .ofs_y = -5},
    {.bitmap_index = 13160, .adv_w = 208, .box_w = 11, .box_h = 17, .ofs_x = 1, .ofs_y = 0},
    {.bitmap_index = 13347, .adv_w = 84, .box_w = 4, .box_h = 17, .ofs_x = 1, .ofs_y = 0},
    {.bitmap_index = 13415, .adv_w = 84, .box_w = 7, .box_h = 22, .ofs_x = -2, .ofs_y = -5},
    {.bitmap_index = 13569, .adv_w = 185, .box_w = 11, .box_h = 17, .ofs_x = 1, .ofs_y = 0},
    {.bitmap_index = 13756, .adv_w = 78, .box_w = 3, .box_h = 17, .ofs_x = 1, .ofs_y = 0},
    {.bitmap_index = 13807, .adv_w = 327, .box_w = 19, .box_h = 12, .ofs_x = 1, .ofs_y = 0},
    {.bitmap_index = 14035, .adv_w = 208, .box_w = 11, .box_h = 12, .ofs_x = 1, .ofs_y = 0},
    {.bitmap_index = 14167, .adv_w = 215, .box_w = 13, .box_h = 12, .ofs_x = 0, .ofs_y = 0},
    {.bitmap_index = 14323, .adv_w = 220, .box_w = 13, .box_h = 17, .ofs_x = 1, .ofs_y = -5},
    {.bitmap_index = 14544, .adv_w = 220, .box_w = 13, .box_h = 17, .ofs_x = 0, .ofs_y = -5},
    {.bitmap_index = 14765, .adv_w = 139, .box_w = 8, .box_h = 12, .ofs_x = 1, .ofs_y = 0},
    {.bitmap_index = 14861, .adv_w = 175, .box_w = 11, .box_h = 12, .ofs_x = 0, .ofs_y = 0},
    {.bitmap_index = 14993, .adv_w = 136, .box_w = 9, .box_h = 16, .ofs_x = 0, .ofs_y = 0},
    {.bitmap_index = 15137, .adv_w = 208, .box_w = 11, .box_h = 12, .ofs_x = 1, .ofs_y = 0},
    {.bitmap_index = 15269, .adv_w = 191, .box_w = 12, .box_h = 12, .ofs_x = 0, .ofs_y = 0},
    {.bitmap_index = 15413, .adv_w = 290, .box_w = 18, .box_h = 12, .ofs_x = 0, .ofs_y = 0},
    {.bitmap_index = 15629, .adv_w = 181, .box_w = 12, .box_h = 12, .ofs_x = 0, .ofs_y = 0},
    {.bitmap_index = 15773, .adv_w = 191, .box_w = 12, .box_h = 17, .ofs_x = 0, .ofs_y = -5},
    {.bitmap_index = 15977, .adv_w = 177, .box_w = 11, .box_h = 12, .ofs_x = 0, .ofs_y = 0},
    {.bitmap_index = 16109, .adv_w = 122, .box_w = 7, .box_h = 22, .ofs_x = 0, .ofs_y = -3},
    {.bitmap_index = 16263, .adv_w = 88, .box_w = 3, .box_h = 22, .ofs_x = 1, .ofs_y = -3},
    {.bitmap_index = 16329, .adv_w = 122, .box_w = 8, .box_h = 22, .ofs_x = 0, .ofs_y = -3},
    {.bitmap_index = 16505, .adv_w = 204, .box_w = 12, .box_h = 4, .ofs_x = 0, .ofs_y = 6},
    {.bitmap_index = 16553, .adv_w = 84, .box_w = 0, .box_h = 0, .ofs_x = 0, .ofs_y = 0},
    {.bitmap_index = 16553, .adv_w = 89, .box_w = 4, .box_h = 17, .ofs_x = 1, .ofs_y = -5},
    {.bitmap_index = 16621, .adv_w = 200, .box_w = 12, .box_h = 17, .ofs_x = 0, .ofs_y = 0},
    {.bitmap_index = 16825, .adv_w = 199, .box_w = 13, .box_h = 17, .ofs_x = 0, .ofs_y = 0},
    {.bitmap_index = 17046, .adv_w = 230, .box_w = 12, .box_h = 12, .ofs_x = 1, .ofs_y = 2},
    {.bitmap_index = 17190, .adv_w = 220, .box_w = 14, .box_h = 16, .ofs_x = 0, .ofs_y = 0},
    {.bitmap_index = 17414, .adv_w = 88, .box_w = 3, .box_h = 21, .ofs_x = 1, .ofs_y = -3},
    {.bitmap_index = 17477, .adv_w = 205, .box_w = 12, .box_h = 22, .ofs_x = 0, .ofs_y = -5},
    {.bitmap_index = 17741, .adv_w = 154, .box_w = 8, .box_h = 3, .ofs_x = 1, .ofs_y = 14},
    {.bitmap_index = 17765, .adv_w = 204, .box_w = 12, .box_h = 12, .ofs_x = 0, .ofs_y = 6},
    {.bitmap_index = 17909, .adv_w = 184, .box_w = 11, .box_h = 11, .ofs_x = 0, .ofs_y = 6},
    {.bitmap_index = 18030, .adv_w = 214, .box_w = 12, .box_h = 11, .ofs_x = 0, .ofs_y = 1},
    {.bitmap_index = 18162, .adv_w = 216, .box_w = 11, .box_h = 7, .ofs_x = 1, .ofs_y = 2},
    {.bitmap_index = 18239, .adv_w = 166, .box_w = 9, .box_h = 2, .ofs_x = 1, .ofs_y = 6},
    {.bitmap_index = 18257, .adv_w = 204, .box_w = 12, .box_h = 12, .ofs_x = 0, .ofs_y = 6},
    {.bitmap_index = 18401, .adv_w = 154, .box_w = 8, .box_h = 2, .ofs_x = 1, .ofs_y = 15},
    {.bitmap_index = 18417, .adv_w = 125, .box_w = 8, .box_h = 6, .ofs_x = 0, .ofs_y = 10},
    {.bitmap_index = 18465, .adv_w = 211, .box_w = 11, .box_h = 13, .ofs_x = 1, .ofs_y = 0},
    {.bitmap_index = 18608, .adv_w = 117, .box_w = 7, .box_h = 9, .ofs_x = 0, .ofs_y = 8},
    {.bitmap_index = 18671, .adv_w = 124, .box_w = 7, .box_h = 9, .ofs_x = 0, .ofs_y = 8},
    {.bitmap_index = 18734, .adv_w = 154, .box_w = 5, .box_h = 4, .ofs_x = 3, .ofs_y = 14},
    {.bitmap_index = 18754, .adv_w = 208, .box_w = 11, .box_h = 17, .ofs_x = 1, .ofs_y = -5},
    {.bitmap_index = 18941, .adv_w = 240, .box_w = 14, .box_h = 22, .ofs_x = 0, .ofs_y = -5},
    {.bitmap_index = 19249, .adv_w = 68, .box_w = 4, .box_h = 4, .ofs_x = 0, .ofs_y = 6},
    {.bitmap_index = 19265, .adv_w = 154, .box_w = 6, .box_h = 7, .ofs_x = 1, .ofs_y = -6},
    {.bitmap_index = 19307, .adv_w = 93, .box_w = 5, .box_h = 9, .ofs_x = 0, .ofs_y = 8},
    {.bitmap_index = 19352, .adv_w = 198, .box_w = 12, .box_h = 11, .ofs_x = 0, .ofs_y = 6},
    {.bitmap_index = 19484, .adv_w = 214, .box_w = 12, .box_h = 11, .ofs_x = 1, .ofs_y = 1},
    {.bitmap_index = 19616, .adv_w = 283, .box_w = 16, .box_h = 19, .ofs_x = 1, .ofs_y = -1},
    {.bitmap_index = 19920, .adv_w = 298, .box_w = 17, .box_h = 19, .ofs_x = 1, .ofs_y = -1},
    {.bitmap_index = 20243, .adv_w = 318, .box_w = 18, .box_h = 18, .ofs_x = 1, .ofs_y = -1},
    {.bitmap_index = 20567, .adv_w = 185, .box_w = 11, .box_h = 17, .ofs_x = 0, .ofs_y = -5},
    {.bitmap_index = 20754, .adv_w = 257, .box_w = 16, .box_h = 22, .ofs_x = 0, .ofs_y = 0},
    {.bitmap_index = 21106, .adv_w = 257, .box_w = 16, .box_h = 22, .ofs_x = 0, .ofs_y = 0},
    {.bitmap_index = 21458, .adv_w = 257, .box_w = 16, .box_h = 22, .ofs_x = 0, .ofs_y = 0},
    {.bitmap_index = 21810, .adv_w = 257, .box_w = 16, .box_h = 21, .ofs_x = 0, .ofs_y = 0},
    {.bitmap_index = 22146, .adv_w = 257, .box_w = 16, .box_h = 21, .ofs_x = 0, .ofs_y = 0},
    {.bitmap_index = 22482, .adv_w = 257, .box_w = 16, .box_h = 21, .ofs_x = 0, .ofs_y = 0},
    {.bitmap_index = 22818, .adv_w = 369, .box_w = 22, .box_h = 17, .ofs_x = 0, .ofs_y = 0},
    {.bitmap_index = 23192, .adv_w = 280, .box_w = 17, .box_h = 22, .ofs_x = 0, .ofs_y = -5},
    {.bitmap_index = 23566, .adv_w = 208, .box_w = 11, .box_h = 22, .ofs_x = 1, .ofs_y = 0},
    {.bitmap_index = 23808, .adv_w = 208, .box_w = 11, .box_h = 22, .ofs_x = 1, .ofs_y = 0},
    {.bitmap_index = 24050, .adv_w = 208, .box_w = 11, .box_h = 22, .ofs_x = 1, .ofs_y = 0},
    {.bitmap_index = 24292, .adv_w = 208, .box_w = 11, .box_h = 21, .ofs_x = 1, .ofs_y = 0},
    {.bitmap_index = 24523, .adv_w = 91, .box_w = 4, .box_h = 22, .ofs_x = 0, .ofs_y = 0},
    {.bitmap_index = 24611, .adv_w = 91, .box_w = 5, .box_h = 22, .ofs_x = 1, .ofs_y = 0},
    {.bitmap_index = 24721, .adv_w = 91, .box_w = 8, .box_h = 22, .ofs_x = -1, .ofs_y = 0},
    {.bitmap_index = 24897, .adv_w = 91, .box_w = 7, .box_h = 22, .ofs_x = -1, .ofs_y = 0},
    {.bitmap_index = 25051, .adv_w = 288, .box_w = 17, .box_h = 17, .ofs_x = 1, .ofs_y = 0},
    {.bitmap_index = 25340, .adv_w = 267, .box_w = 14, .box_h = 21, .ofs_x = 1, .ofs_y = 0},
    {.bitmap_index = 25634, .adv_w = 311, .box_w = 19, .box_h = 22, .ofs_x = 0, .ofs_y = 0},
    {.bitmap_index = 26052, .adv_w = 311, .box_w = 19, .box_h = 22, .ofs_x = 0, .ofs_y = 0},
    {.bitmap_index = 26470, .adv_w = 311, .box_w = 19, .box_h = 22, .ofs_x = 0, .ofs_y = 0},
    {.bitmap_index = 26888, .adv_w = 311, .box_w = 19, .box_h = 22, .ofs_x = 0, .ofs_y = 0},
    {.bitmap_index = 27306, .adv_w = 311, .box_w = 19, .box_h = 22, .ofs_x = 0, .ofs_y = 0},
    {.bitmap_index = 27724, .adv_w = 208, .box_w = 11, .box_h = 11, .ofs_x = 1, .ofs_y = 1},
    {.bitmap_index = 27845, .adv_w = 311, .box_w = 19, .box_h = 19, .ofs_x = 0, .ofs_y = -1},
    {.bitmap_index = 28206, .adv_w = 247, .box_w = 14, .box_h = 22, .ofs_x = 1, .ofs_y = 0},
    {.bitmap_index = 28514, .adv_w = 247, .box_w = 14, .box_h = 22, .ofs_x = 1, .ofs_y = 0},
    {.bitmap_index = 28822, .adv_w = 247, .box_w = 14, .box_h = 22, .ofs_x = 1, .ofs_y = 0},
    {.bitmap_index = 29130, .adv_w = 247, .box_w = 14, .box_h = 22, .ofs_x = 1, .ofs_y = 0},
    {.bitmap_index = 29438, .adv_w = 228, .box_w = 14, .box_h = 22, .ofs_x = 0, .ofs_y = 0},
    {.bitmap_index = 29746, .adv_w = 217, .box_w = 12, .box_h = 17, .ofs_x = 1, .ofs_y = 0},
    {.bitmap_index = 29950, .adv_w = 216, .box_w = 12, .box_h = 17, .ofs_x = 1, .ofs_y = 0},
    {.bitmap_index = 30154, .adv_w = 196, .box_w = 12, .box_h = 17, .ofs_x = 0, .ofs_y = 0},
    {.bitmap_index = 30358, .adv_w = 196, .box_w = 12, .box_h = 17, .ofs_x = 0, .ofs_y = 0},
    {.bitmap_index = 30562, .adv_w = 196, .box_w = 12, .box_h = 17, .ofs_x = 0, .ofs_y = 0},
    {.bitmap_index = 30766, .adv_w = 196, .box_w = 12, .box_h = 17, .ofs_x = 0, .ofs_y = 0},
    {.bitmap_index = 30970, .adv_w = 196, .box_w = 12, .box_h = 17, .ofs_x = 0, .ofs_y = 0},
    {.bitmap_index = 31174, .adv_w = 196, .box_w = 12, .box_h = 20, .ofs_x = 0, .ofs_y = 0},
    {.bitmap_index = 31414, .adv_w = 340, .box_w = 21, .box_h = 12, .ofs_x = 0, .ofs_y = 0},
    {.bitmap_index = 31666, .adv_w = 200, .box_w = 12, .box_h = 17, .ofs_x = 0, .ofs_y = -5},
    {.bitmap_index = 31870, .adv_w = 206, .box_w = 13, .box_h = 17, .ofs_x = 0, .ofs_y = 0},
    {.bitmap_index = 32091, .adv_w = 206, .box_w = 13, .box_h = 17, .ofs_x = 0, .ofs_y = 0},
    {.bitmap_index = 32312, .adv_w = 206, .box_w = 13, .box_h = 17, .ofs_x = 0, .ofs_y = 0},
    {.bitmap_index = 32533, .adv_w = 206, .box_w = 13, .box_h = 17, .ofs_x = 0, .ofs_y = 0},
    {.bitmap_index = 32754, .adv_w = 84, .box_w = 4, .box_h = 17, .ofs_x = 0, .ofs_y = 0},
    {.bitmap_index = 32822, .adv_w = 84, .box_w = 5, .box_h = 17, .ofs_x = 1, .ofs_y = 0},
    {.bitmap_index = 32907, .adv_w = 84, .box_w = 8, .box_h = 17, .ofs_x = -1, .ofs_y = 0},
    {.bitmap_index = 33043, .adv_w = 84, .box_w = 7, .box_h = 17, .ofs_x = -1, .ofs_y = 0},
    {.bitmap_index = 33162, .adv_w = 219, .box_w = 13, .box_h = 18, .ofs_x = 0, .ofs_y = 0},
    {.bitmap_index = 33396, .adv_w = 208, .box_w = 11, .box_h = 17, .ofs_x = 1, .ofs_y = 0},
    {.bitmap_index = 33583, .adv_w = 215, .box_w = 13, .box_h = 17, .ofs_x = 0, .ofs_y = 0},
    {.bitmap_index = 33804, .adv_w = 215, .box_w = 13, .box_h = 17, .ofs_x = 0, .ofs_y = 0},
    {.bitmap_index = 34025, .adv_w = 215, .box_w = 13, .box_h = 17, .ofs_x = 0, .ofs_y = 0},
    {.bitmap_index = 34246, .adv_w = 215, .box_w = 13, .box_h = 17, .ofs_x = 0, .ofs_y = 0},
    {.bitmap_index = 34467, .adv_w = 215, .box_w = 13, .box_h = 17, .ofs_x = 0, .ofs_y = 0},
    {.bitmap_index = 34688, .adv_w = 211, .box_w = 11, .box_h = 12, .ofs_x = 1, .ofs_y = 0},
    {.bitmap_index = 34820, .adv_w = 215, .box_w = 13, .box_h = 14, .ofs_x = 0, .ofs_y = -1},
    {.bitmap_index = 35002, .adv_w = 208, .box_w = 11, .box_h = 17, .ofs_x = 1, .ofs_y = 0},
    {.bitmap_index = 35189, .adv_w = 208, .box_w = 11, .box_h = 17, .ofs_x = 1, .ofs_y = 0},
    {.bitmap_index = 35376, .adv_w = 208, .box_w = 11, .box_h = 17, .ofs_x = 1, .ofs_y = 0},
    {.bitmap_index = 35563, .adv_w = 208, .box_w = 11, .box_h = 17, .ofs_x = 1, .ofs_y = 0},
    {.bitmap_index = 35750, .adv_w = 191, .box_w = 12, .box_h = 22, .ofs_x = 0, .ofs_y = -5},
    {.bitmap_index = 36014, .adv_w = 221, .box_w = 13, .box_h = 22, .ofs_x = 1, .ofs_y = -5},
    {.bitmap_index = 36300, .adv_w = 191, .box_w = 12, .box_h = 22, .ofs_x = 0, .ofs_y = -5},
    {.bitmap_index = 36564, .adv_w = 257, .box_w = 16, .box_h = 21, .ofs_x = 0, .ofs_y = 0},
    {.bitmap_index = 36900, .adv_w = 196, .box_w = 12, .box_h = 17, .ofs_x = 0, .ofs_y = 0},
    {.bitmap_index = 37104, .adv_w = 257, .box_w = 16, .box_h = 22, .ofs_x = 0, .ofs_y = 0},
    {.bitmap_index = 37456, .adv_w = 196, .box_w = 12, .box_h = 17, .ofs_x = 0, .ofs_y = 0},
    {.bitmap_index = 37660, .adv_w = 257, .box_w = 17, .box_h = 22, .ofs_x = 0, .ofs_y = -5},
    {.bitmap_index = 38034, .adv_w = 196, .box_w = 12, .box_h = 17, .ofs_x = 0, .ofs_y = -5},
    {.bitmap_index = 38238, .adv_w = 280, .box_w = 17, .box_h = 22, .ofs_x = 0, .ofs_y = 0},
    {.bitmap_index = 38612, .adv_w = 200, .box_w = 12, .box_h = 17, .ofs_x = 0, .ofs_y = 0},
    {.bitmap_index = 38816, .adv_w = 280, .box_w = 17, .box_h = 22, .ofs_x = 0, .ofs_y = 0},
    {.bitmap_index = 39190, .adv_w = 200, .box_w = 12, .box_h = 17, .ofs_x = 0, .ofs_y = 0},
    {.bitmap_index = 39394, .adv_w = 280, .box_w = 17, .box_h = 22, .ofs_x = 0, .ofs_y = 0},
    {.bitmap_index = 39768, .adv_w = 200, .box_w = 12, .box_h = 17, .ofs_x = 0, .ofs_y = 0},
    {.bitmap_index = 39972, .adv_w = 280, .box_w = 17, .box_h = 22, .ofs_x = 0, .ofs_y = 0},
    {.bitmap_index = 40346, .adv_w = 200, .box_w = 12, .box_h = 17, .ofs_x = 0, .ofs_y = 0},
    {.bitmap_index = 40550, .adv_w = 265, .box_w = 15, .box_h = 22, .ofs_x = 1, .ofs_y = 0},
    {.bitmap_index = 40880, .adv_w = 253, .box_w = 17, .box_h = 17, .ofs_x = 0, .ofs_y = 0},
    {.bitmap_index = 41169, .adv_w = 265, .box_w = 17, .box_h = 17, .ofs_x = -1, .ofs_y = 0},
    {.bitmap_index = 41458, .adv_w = 221, .box_w = 15, .box_h = 17, .ofs_x = 0, .ofs_y = 0},
    {.bitmap_index = 41713, .adv_w = 208, .box_w = 11, .box_h = 21, .ofs_x = 1, .ofs_y = 0},
    {.bitmap_index = 41944, .adv_w = 206, .box_w = 13, .box_h = 17, .ofs_x = 0, .ofs_y = 0},
    {.bitmap_index = 42165, .adv_w = 208, .box_w = 11, .box_h = 22, .ofs_x = 1, .ofs_y = 0},
    {.bitmap_index = 42407, .adv_w = 206, .box_w = 13, .box_h = 17, .ofs_x = 0, .ofs_y = 0},
    {.bitmap_index = 42628, .adv_w = 208, .box_w = 11, .box_h = 22, .ofs_x = 1, .ofs_y = 0},
    {.bitmap_index = 42870, .adv_w = 206, .box_w = 13, .box_h = 17, .ofs_x = 0, .ofs_y = 0},
    {.bitmap_index = 43091, .adv_w = 208, .box_w = 12, .box_h = 22, .ofs_x = 1, .ofs_y = -5},
    {.bitmap_index = 43355, .adv_w = 206, .box_w = 13, .box_h = 17, .ofs_x = 0, .ofs_y = -5},
    {.bitmap_index = 43576, .adv_w = 208, .box_w = 11, .box_h = 22, .ofs_x = 1, .ofs_y = 0},
    {.bitmap_index = 43818, .adv_w = 206, .box_w = 13, .box_h = 17, .ofs_x = 0, .ofs_y = 0},
    {.bitmap_index = 44039, .adv_w = 308, .box_w = 19, .box_h = 22, .ofs_x = 0, .ofs_y = 0},
    {.bitmap_index = 44457, .adv_w = 221, .box_w = 13, .box_h = 22, .ofs_x = 0, .ofs_y = -5},
    {.bitmap_index = 44743, .adv_w = 308, .box_w = 19, .box_h = 22, .ofs_x = 0, .ofs_y = 0},
    {.bitmap_index = 45161, .adv_w = 221, .box_w = 13, .box_h = 22, .ofs_x = 0, .ofs_y = -5},
    {.bitmap_index = 45447, .adv_w = 308, .box_w = 19, .box_h = 22, .ofs_x = 0, .ofs_y = 0},
    {.bitmap_index = 45865, .adv_w = 221, .box_w = 13, .box_h = 22, .ofs_x = 0, .ofs_y = -5},
    {.bitmap_index = 46151, .adv_w = 308, .box_w = 19, .box_h = 23, .ofs_x = 0, .ofs_y = -6},
    {.bitmap_index = 46588, .adv_w = 221, .box_w = 13, .box_h = 24, .ofs_x = 0, .ofs_y = -5},
    {.bitmap_index = 46900, .adv_w = 263, .box_w = 14, .box_h = 22, .ofs_x = 1, .ofs_y = 0},
    {.bitmap_index = 47208, .adv_w = 208, .box_w = 11, .box_h = 22, .ofs_x = 1, .ofs_y = 0},
    {.bitmap_index = 47450, .adv_w = 263, .box_w = 17, .box_h = 17, .ofs_x = 0, .ofs_y = 0},
    {.bitmap_index = 47739, .adv_w = 208, .box_w = 13, .box_h = 17, .ofs_x = -1, .ofs_y = 0},
    {.bitmap_index = 47960, .adv_w = 91, .box_w = 9, .box_h = 21, .ofs_x = -2, .ofs_y = 0},
    {.bitmap_index = 48149, .adv_w = 84, .box_w = 9, .box_h = 17, .ofs_x = -2, .ofs_y = 0},
    {.bitmap_index = 48302, .adv_w = 91, .box_w = 7, .box_h = 21, .ofs_x = -1, .ofs_y = 0},
    {.bitmap_index = 48449, .adv_w = 84, .box_w = 7, .box_h = 17, .ofs_x = -1, .ofs_y = 0},
    {.bitmap_index = 48568, .adv_w = 91, .box_w = 7, .box_h = 22, .ofs_x = -1, .ofs_y = 0},
    {.bitmap_index = 48722, .adv_w = 84, .box_w = 7, .box_h = 17, .ofs_x = -1, .ofs_y = 0},
    {.bitmap_index = 48841, .adv_w = 91, .box_w = 5, .box_h = 22, .ofs_x = 0, .ofs_y = -5},
    {.bitmap_index = 48951, .adv_w = 84, .box_w = 5, .box_h = 22, .ofs_x = 0, .ofs_y = -5},
    {.bitmap_index = 49061, .adv_w = 91, .box_w = 4, .box_h = 22, .ofs_x = 1, .ofs_y = 0},
    {.bitmap_index = 49149, .adv_w = 84, .box_w = 3, .box_h = 12, .ofs_x = 1, .ofs_y = 0},
    {.bitmap_index = 49185, .adv_w = 201, .box_w = 14, .box_h = 22, .ofs_x = 0, .ofs_y = 0},
    {.bitmap_index = 49493, .adv_w = 84, .box_w = 9, .box_h = 22, .ofs_x = -2, .ofs_y = -5},
    {.bitmap_index = 49691, .adv_w = 234, .box_w = 14, .box_h = 23, .ofs_x = 1, .ofs_y = -6},
    {.bitmap_index = 50013, .adv_w = 182, .box_w = 11, .box_h = 23, .ofs_x = 1, .ofs_y = -6},
    {.bitmap_index = 50266, .adv_w = 182, .box_w = 11, .box_h = 12, .ofs_x = 1, .ofs_y = 0},
    {.bitmap_index = 50398, .adv_w = 191, .box_w = 11, .box_h = 22, .ofs_x = 1, .ofs_y = 0},
    {.bitmap_index = 50640, .adv_w = 78, .box_w = 5, .box_h = 22, .ofs_x = 1, .ofs_y = 0},
    {.bitmap_index = 50750, .adv_w = 191, .box_w = 11, .box_h = 23, .ofs_x = 1, .ofs_y = -6},
    {.bitmap_index = 51003, .adv_w = 78, .box_w = 3, .box_h = 23, .ofs_x = 1, .ofs_y = -6},
    {.bitmap_index = 51072, .adv_w = 191, .box_w = 11, .box_h = 17, .ofs_x = 1, .ofs_y = 0},
    {.bitmap_index = 51259, .adv_w = 118, .box_w = 7, .box_h = 17, .ofs_x = 1, .ofs_y = 0},
    {.bitmap_index = 51378, .adv_w = 191, .box_w = 11, .box_h = 17, .ofs_x = 1, .ofs_y = 0},
    {.bitmap_index = 51565, .adv_w = 220, .box_w = 13, .box_h = 17, .ofs_x = 1, .ofs_y = 0},
    {.bitmap_index = 51786, .adv_w = 140, .box_w = 9, .box_h = 17, .ofs_x = 0, .ofs_y = 0},
    {.bitmap_index = 51939, .adv_w = 267, .box_w = 14, .box_h = 22, .ofs_x = 1, .ofs_y = 0},
    {.bitmap_index = 52247, .adv_w = 208, .box_w = 11, .box_h = 17, .ofs_x = 1, .ofs_y = 0},
    {.bitmap_index = 52434, .adv_w = 267, .box_w = 14, .box_h = 23, .ofs_x = 1, .ofs_y = -6},
    {.bitmap_index = 52756, .adv_w = 208, .box_w = 11, .box_h = 18, .ofs_x = 1, .ofs_y = -6},
    {.bitmap_index = 52954, .adv_w = 267, .box_w = 14, .box_h = 22, .ofs_x = 1, .ofs_y = 0},
    {.bitmap_index = 53262, .adv_w = 208, .box_w = 11, .box_h = 17, .ofs_x = 1, .ofs_y = 0},
    {.bitmap_index = 53449, .adv_w = 267, .box_w = 14, .box_h = 22, .ofs_x = 1, .ofs_y = -5},
    {.bitmap_index = 53757, .adv_w = 208, .box_w = 11, .box_h = 17, .ofs_x = 1, .ofs_y = -5},
    {.bitmap_index = 53944, .adv_w = 311, .box_w = 19, .box_h = 21, .ofs_x = 0, .ofs_y = 0},
    {.bitmap_index = 54343, .adv_w = 215, .box_w = 13, .box_h = 17, .ofs_x = 0, .ofs_y = 0},
    {.bitmap_index = 54564, .adv_w = 311, .box_w = 19, .box_h = 22, .ofs_x = 0, .ofs_y = 0},
    {.bitmap_index = 54982, .adv_w = 215, .box_w = 13, .box_h = 17, .ofs_x = 0, .ofs_y = 0},
    {.bitmap_index = 55203, .adv_w = 311, .box_w = 19, .box_h = 22, .ofs_x = 0, .ofs_y = 0},
    {.bitmap_index = 55621, .adv_w = 215, .box_w = 13, .box_h = 17, .ofs_x = 0, .ofs_y = 0},
    {.bitmap_index = 55842, .adv_w = 441, .box_w = 27, .box_h = 17, .ofs_x = 0, .ofs_y = 0},
    {.bitmap_index = 56301, .adv_w = 366, .box_w = 23, .box_h = 12, .ofs_x = 0, .ofs_y = 0},
    {.bitmap_index = 56577, .adv_w = 222, .box_w = 13, .box_h = 22, .ofs_x = 1, .ofs_y = 0},
    {.bitmap_index = 56863, .adv_w = 139, .box_w = 8, .box_h = 17, .ofs_x = 1, .ofs_y = 0},
    {.bitmap_index = 56999, .adv_w = 217, .box_w = 13, .box_h = 23, .ofs_x = 1, .ofs_y = -6},
    {.bitmap_index = 57298, .adv_w = 139, .box_w = 8, .box_h = 18, .ofs_x = 1, .ofs_y = -6},
    {.bitmap_index = 57442, .adv_w = 222, .box_w = 13, .box_h = 22, .ofs_x = 1, .ofs_y = 0},
    {.bitmap_index = 57728, .adv_w = 139, .box_w = 8, .box_h = 17, .ofs_x = 1, .ofs_y = 0},
    {.bitmap_index = 57864, .adv_w = 212, .box_w = 13, .box_h = 22, .ofs_x = 0, .ofs_y = 0},
    {.bitmap_index = 58150, .adv_w = 175, .box_w = 11, .box_h = 17, .ofs_x = 0, .ofs_y = 0},
    {.bitmap_index = 58337, .adv_w = 212, .box_w = 13, .box_h = 22, .ofs_x = 0, .ofs_y = 0},
    {.bitmap_index = 58623, .adv_w = 175, .box_w = 11, .box_h = 17, .ofs_x = 0, .ofs_y = 0},
    {.bitmap_index = 58810, .adv_w = 212, .box_w = 13, .box_h = 22, .ofs_x = 0, .ofs_y = -5},
    {.bitmap_index = 59096, .adv_w = 175, .box_w = 11, .box_h = 17, .ofs_x = 0, .ofs_y = -5},
    {.bitmap_index = 59283, .adv_w = 212, .box_w = 13, .box_h = 22, .ofs_x = 0, .ofs_y = 0},
    {.bitmap_index = 59569, .adv_w = 175, .box_w = 11, .box_h = 17, .ofs_x = 0, .ofs_y = 0},
    {.bitmap_index = 59756, .adv_w = 207, .box_w = 13, .box_h = 22, .ofs_x = 0, .ofs_y = -5},
    {.bitmap_index = 60042, .adv_w = 136, .box_w = 9, .box_h = 21, .ofs_x = 0, .ofs_y = -5},
    {.bitmap_index = 60231, .adv_w = 207, .box_w = 13, .box_h = 22, .ofs_x = 0, .ofs_y = 0},
    {.bitmap_index = 60517, .adv_w = 136, .box_w = 9, .box_h = 17, .ofs_x = 0, .ofs_y = 0},
    {.bitmap_index = 60670, .adv_w = 207, .box_w = 13, .box_h = 17, .ofs_x = 0, .ofs_y = 0},
    {.bitmap_index = 60891, .adv_w = 136, .box_w = 9, .box_h = 16, .ofs_x = 0, .ofs_y = 0},
    {.bitmap_index = 61035, .adv_w = 247, .box_w = 14, .box_h = 22, .ofs_x = 1, .ofs_y = 0},
    {.bitmap_index = 61343, .adv_w = 208, .box_w = 11, .box_h = 17, .ofs_x = 1, .ofs_y = 0},
    {.bitmap_index = 61530, .adv_w = 247, .box_w = 14, .box_h = 21, .ofs_x = 1, .ofs_y = 0},
    {.bitmap_index = 61824, .adv_w = 208, .box_w = 11, .box_h = 17, .ofs_x = 1, .ofs_y = 0},
    {.bitmap_index = 62011, .adv_w = 247, .box_w = 14, .box_h = 22, .ofs_x = 1, .ofs_y = 0},
    {.bitmap_index = 62319, .adv_w = 208, .box_w = 11, .box_h = 17, .ofs_x = 1, .ofs_y = 0},
    {.bitmap_index = 62506, .adv_w = 247, .box_w = 14, .box_h = 24, .ofs_x = 1, .ofs_y = 0},
    {.bitmap_index = 62842, .adv_w = 208, .box_w = 11, .box_h = 20, .ofs_x = 1, .ofs_y = 0},
    {.bitmap_index = 63062, .adv_w = 247, .box_w = 14, .box_h = 22, .ofs_x = 1, .ofs_y = 0},
    {.bitmap_index = 63370, .adv_w = 208, .box_w = 11, .box_h = 17, .ofs_x = 1, .ofs_y = 0},
    {.bitmap_index = 63557, .adv_w = 247, .box_w = 14, .box_h = 22, .ofs_x = 1, .ofs_y = -5},
    {.bitmap_index = 63865, .adv_w = 208, .box_w = 12, .box_h = 17, .ofs_x = 1, .ofs_y = -5},
    {.bitmap_index = 64069, .adv_w = 354, .box_w = 22, .box_h = 22, .ofs_x = 0, .ofs_y = 0},
    {.bitmap_index = 64553, .adv_w = 290, .box_w = 18, .box_h = 17, .ofs_x = 0, .ofs_y = 0},
    {.bitmap_index = 64859, .adv_w = 228, .box_w = 14, .box_h = 22, .ofs_x = 0, .ofs_y = 0},
    {.bitmap_index = 65167, .adv_w = 191, .box_w = 12, .box_h = 22, .ofs_x = 0, .ofs_y = -5},
    {.bitmap_index = 65431, .adv_w = 228, .box_w = 14, .box_h = 21, .ofs_x = 0, .ofs_y = 0},
    {.bitmap_index = 65725, .adv_w = 217, .box_w = 13, .box_h = 22, .ofs_x = 0, .ofs_y = 0},
    {.bitmap_index = 66011, .adv_w = 177, .box_w = 11, .box_h = 17, .ofs_x = 0, .ofs_y = 0},
    {.bitmap_index = 66198, .adv_w = 217, .box_w = 13, .box_h = 22, .ofs_x = 0, .ofs_y = 0},
    {.bitmap_index = 66484, .adv_w = 177, .box_w = 11, .box_h = 17, .ofs_x = 0, .ofs_y = 0},
    {.bitmap_index = 66671, .adv_w = 217, .box_w = 13, .box_h = 22, .ofs_x = 0, .ofs_y = 0},
    {.bitmap_index = 66957, .adv_w = 177, .box_w = 11, .box_h = 17, .ofs_x = 0, .ofs_y = 0},
    {.bitmap_index = 67144, .adv_w = 216, .box_w = 14, .box_h = 22, .ofs_x = 0, .ofs_y = -5},
    {.bitmap_index = 67452, .adv_w = 257, .box_w = 16, .box_h = 22, .ofs_x = 0, .ofs_y = 0},
    {.bitmap_index = 67804, .adv_w = 196, .box_w = 12, .box_h = 22, .ofs_x = 0, .ofs_y = 0},
    {.bitmap_index = 68068, .adv_w = 369, .box_w = 22, .box_h = 22, .ofs_x = 0, .ofs_y = 0},
    {.bitmap_index = 68552, .adv_w = 340, .box_w = 21, .box_h = 17, .ofs_x = 0, .ofs_y = 0},
    {.bitmap_index = 68909, .adv_w = 311, .box_w = 19, .box_h = 23, .ofs_x = 0, .ofs_y = -1},
    {.bitmap_index = 69346, .adv_w = 215, .box_w = 13, .box_h = 18, .ofs_x = 0, .ofs_y = -1},
    {.bitmap_index = 69580, .adv_w = 212, .box_w = 13, .box_h = 23, .ofs_x = 0, .ofs_y = -6},
    {.bitmap_index = 69879, .adv_w = 175, .box_w = 11, .box_h = 18, .ofs_x = 0, .ofs_y = -6},
    {.bitmap_index = 70077, .adv_w = 207, .box_w = 13, .box_h = 23, .ofs_x = 0, .ofs_y = -6},
    {.bitmap_index = 70376, .adv_w = 136, .box_w = 9, .box_h = 22, .ofs_x = 0, .ofs_y = -6},
    {.bitmap_index = 70574, .adv_w = 84, .box_w = 6, .box_h = 17, .ofs_x = -2, .ofs_y = -5},
    {.bitmap_index = 70676, .adv_w = 227, .box_w = 12, .box_h = 2, .ofs_x = 1, .ofs_y = 6},
    {.bitmap_index = 70700, .adv_w = 343, .box_w = 20, .box_h = 2, .ofs_x = 1, .ofs_y = 6},
    {.bitmap_index = 70740, .adv_w = 89, .box_w = 4, .box_h = 6, .ofs_x = 1, .ofs_y = 12},
    {.bitmap_index = 70764, .adv_w = 89, .box_w = 4, .box_h = 6, .ofs_x = 1, .ofs_y = 11},
    {.bitmap_index = 70788, .adv_w = 89, .box_w = 4, .box_h = 6, .ofs_x = 1, .ofs_y = -3},
    {.bitmap_index = 70812, .adv_w = 157, .box_w = 8, .box_h = 6, .ofs_x = 1, .ofs_y = 12},
    {.bitmap_index = 70860, .adv_w = 157, .box_w = 8, .box_h = 6, .ofs_x = 1, .ofs_y = 11},
    {.bitmap_index = 70908, .adv_w = 157, .box_w = 8, .box_h = 6, .ofs_x = 1, .ofs_y = -3},
    {.bitmap_index = 70956, .adv_w = 154, .box_w = 7, .box_h = 6, .ofs_x = 1, .ofs_y = 5},
    {.bitmap_index = 70998, .adv_w = 270, .box_w = 15, .box_h = 4, .ofs_x = 1, .ofs_y = 0},
    {.bitmap_index = 71058, .adv_w = 137, .box_w = 8, .box_h = 11, .ofs_x = 0, .ofs_y = 1},
    {.bitmap_index = 71146, .adv_w = 137, .box_w = 7, .box_h = 11, .ofs_x = 1, .ofs_y = 1},
    {.bitmap_index = 71223, .adv_w = 65, .box_w = 14, .box_h = 19, .ofs_x = -5, .ofs_y = -1},
    {.bitmap_index = 71489, .adv_w = 132, .box_w = 8, .box_h = 9, .ofs_x = 0, .ofs_y = 8},
    {.bitmap_index = 71561, .adv_w = 211, .box_w = 13, .box_h = 17, .ofs_x = 0, .ofs_y = 0},
    {.bitmap_index = 71782, .adv_w = 199, .box_w = 13, .box_h = 17, .ofs_x = 0, .ofs_y = 0},
    {.bitmap_index = 72003, .adv_w = 374, .box_w = 23, .box_h = 16, .ofs_x = 0, .ofs_y = 0},
    {.bitmap_index = 72371, .adv_w = 218, .box_w = 14, .box_h = 21, .ofs_x = 0, .ofs_y = -4},
    {.bitmap_index = 72665, .adv_w = 242, .box_w = 15, .box_h = 17, .ofs_x = 0, .ofs_y = 0},
    {.bitmap_index = 72920, .adv_w = 202, .box_w = 13, .box_h = 17, .ofs_x = 0, .ofs_y = 0},
    {.bitmap_index = 73141, .adv_w = 243, .box_w = 15, .box_h = 17, .ofs_x = 0, .ofs_y = 0},
    {.bitmap_index = 73396, .adv_w = 202, .box_w = 13, .box_h = 16, .ofs_x = 0, .ofs_y = 0},
    {.bitmap_index = 73604, .adv_w = 214, .box_w = 13, .box_h = 17, .ofs_x = 0, .ofs_y = 0},
    {.bitmap_index = 73825, .adv_w = 206, .box_w = 13, .box_h = 16, .ofs_x = 0, .ofs_y = 0},
    {.bitmap_index = 74033, .adv_w = 223, .box_w = 14, .box_h = 17, .ofs_x = 0, .ofs_y = 0},
    {.bitmap_index = 74271, .adv_w = 414, .box_w = 25, .box_h = 18, .ofs_x = 1, .ofs_y = 0}
};

/*---------------------
 *  CHARACTER MAPPING
 *--------------------*/

static const uint16_t unicode_list_5[] = {
    0x0, 0x68, 0x69, 0x6a, 0x6b, 0x6c, 0x6d, 0x86,
    0x87, 0x88, 0x89, 0xa5, 0x1e81, 0x1e82, 0x1e86, 0x1e87,
    0x1e88, 0x1e8a, 0x1e8b, 0x1e8c, 0x1e90, 0x1e94, 0x1ea7, 0x1ea8,
    0x1eb2, 0x1ee2, 0x1f11, 0x1f12, 0x1f17, 0x1f19, 0x1f1a, 0x1f1c,
    0x1f1f, 0x1f26, 0x1f27, 0x1f28, 0x1f2b, 0x1f84
};

/*Collect the unicode lists and glyph_id offsets*/
static const lv_font_fmt_txt_cmap_t cmaps[] =
{
    {
        .range_start = 32, .range_length = 95, .glyph_id_start = 1,
        .unicode_list = NULL, .glyph_id_ofs_list = NULL, .list_length = 0, .type = LV_FONT_FMT_TXT_CMAP_FORMAT0_TINY
    },
    {
        .range_start = 160, .range_length = 146, .glyph_id_start = 96,
        .unicode_list = NULL, .glyph_id_ofs_list = NULL, .list_length = 0, .type = LV_FONT_FMT_TXT_CMAP_FORMAT0_TINY
    },
    {
        .range_start = 308, .range_length = 12, .glyph_id_start = 242,
        .unicode_list = NULL, .glyph_id_ofs_list = NULL, .list_length = 0, .type = LV_FONT_FMT_TXT_CMAP_FORMAT0_TINY
    },
    {
        .range_start = 321, .range_length = 8, .glyph_id_start = 254,
        .unicode_list = NULL, .glyph_id_ofs_list = NULL, .list_length = 0, .type = LV_FONT_FMT_TXT_CMAP_FORMAT0_TINY
    },
    {
        .range_start = 330, .range_length = 53, .glyph_id_start = 262,
        .unicode_list = NULL, .glyph_id_ofs_list = NULL, .list_length = 0, .type = LV_FONT_FMT_TXT_CMAP_FORMAT0_TINY
    },
    {
        .range_start = 402, .range_length = 8069, .glyph_id_start = 315,
        .unicode_list = unicode_list_5, .glyph_id_ofs_list = NULL, .list_length = 38, .type = LV_FONT_FMT_TXT_CMAP_SPARSE_TINY
    }
};

/*-----------------
 *    KERNING
 *----------------*/


/*Map glyph_ids to kern left classes*/
static const uint8_t kern_left_class_mapping[] =
{
    0, 1, 0, 2, 3, 0, 4, 5,
    2, 6, 0, 7, 8, 9, 10, 9,
    11, 12, 13, 14, 15, 16, 17, 18,
    19, 20, 21, 22, 22, 0, 0, 23,
    24, 25, 26, 27, 28, 29, 30, 31,
    32, 33, 33, 34, 35, 36, 33, 33,
    37, 38, 37, 39, 40, 41, 42, 43,
    44, 45, 46, 47, 6, 48, 0, 0,
    49, 0, 50, 51, 52, 53, 54, 55,
    56, 57, 58, 59, 60, 61, 57, 57,
    62, 63, 64, 65, 66, 67, 68, 69,
    70, 71, 72, 73, 6, 0, 0, 0,
    1, 0, 0, 0, 0, 0, 0, 0,
    0, 74, 0, 75, 0, 10, 74, 0,
    0, 0, 0, 0, 0, 68, 0, 76,
    0, 0, 0, 77, 0, 0, 0, 78,
    26, 26, 26, 26, 26, 26, 30, 28,
    30, 30, 30, 30, 33, 79, 79, 79,
    29, 33, 37, 37, 37, 37, 37, 0,
    37, 42, 42, 42, 42, 46, 80, 81,
    50, 50, 50, 50, 50, 50, 54, 52,
    54, 54, 54, 54, 58, 82, 82, 82,
    83, 57, 62, 62, 62, 62, 62, 0,
    62, 68, 68, 68, 68, 72, 51, 72,
    0, 0, 0, 0, 0, 0, 0, 0,
    0, 0, 0, 0, 0, 0, 0, 0,
    0, 0, 0, 0, 0, 0, 0, 0,
    0, 0, 0, 0, 0, 0, 0, 0,
    0, 0, 0, 0, 0, 0, 0, 0,
    0, 0, 0, 0, 0, 0, 0, 0,
    0, 84, 0, 0, 0, 0, 0, 0,
    0, 0, 0, 0, 85, 0, 0, 86,
    0, 0, 0, 0, 0, 0, 0, 0,
    0, 0, 0, 0, 0, 0, 30, 54,
    0, 0, 0, 0, 0, 0, 0, 0,
    0, 0, 0, 0, 0, 0, 0, 0,
    0, 0, 0, 0, 0, 0, 0, 0,
    0, 0, 0, 0, 0, 0, 0, 0,
    0, 0, 0, 0, 0, 0, 0, 0,
    0, 0, 0, 0, 0, 0, 0, 0,
    0, 0, 0, 0, 0, 0, 0, 10,
    10, 87, 88, 89, 87, 88, 89, 90,
    9, 75, 77, 0, 0, 0, 0, 0,
    0, 0, 0, 0, 0, 0, 0, 0,
    0
};

/*Map glyph_ids to kern right classes*/
static const uint8_t kern_right_class_mapping[] =
{
    0, 0, 0, 1, 2, 0, 3, 4,
    1, 0, 5, 6, 0, 7, 8, 7,
    9, 10, 11, 12, 13, 14, 15, 16,
    17, 18, 19, 20, 20, 0, 0, 0,
    21, 22, 23, 0, 24, 0, 0, 0,
    24, 0, 0, 25, 0, 0, 0, 0,
    24, 0, 24, 0, 26, 27, 28, 29,
    30, 31, 32, 33, 0, 34, 5, 0,
    35, 0, 36, 37, 38, 38, 38, 39,
    40, 37, 41, 42, 37, 37, 43, 43,
    38, 44, 38, 45, 46, 47, 48, 49,
    50, 51, 52, 53, 0, 0, 5, 0,
    0, 0, 0, 0, 0, 0, 0, 0,
    0, 54, 55, 56, 0, 8, 54, 0,
    0, 0, 57, 58, 0, 44, 0, 59,
    0, 60, 55, 61, 62, 63, 58, 64,
    23, 23, 23, 23, 23, 23, 65, 24,
    0, 0, 0, 0, 66, 0, 66, 66,
    0, 0, 24, 24, 24, 24, 24, 0,
    24, 28, 28, 28, 28, 32, 0, 37,
    36, 36, 36, 36, 36, 36, 36, 38,
    38, 38, 38, 38, 67, 68, 67, 67,
    69, 43, 38, 38, 38, 38, 38, 0,
    38, 48, 48, 48, 48, 52, 37, 52,
    0, 0, 0, 0, 0, 0, 0, 0,
    0, 0, 0, 0, 0, 0, 0, 0,
    0, 0, 0, 0, 0, 0, 0, 0,
    0, 0, 0, 0, 0, 0, 0, 0,
    0, 0, 0, 0, 0, 0, 0, 0,
    0, 0, 0, 0, 0, 0, 0, 0,
    0, 43, 0, 0, 0, 0, 0, 0,
    0, 0, 0, 0, 0, 0, 0, 70,
    0, 0, 0, 0, 0, 0, 0, 0,
    0, 0, 0, 0, 0, 0, 24, 38,
    0, 0, 0, 0, 0, 0, 0, 0,
    0, 0, 0, 0, 0, 0, 0, 0,
    0, 0, 0, 0, 0, 0, 0, 0,
    0, 0, 0, 0, 0, 0, 0, 0,
    0, 0, 0, 0, 0, 0, 0, 0,
    0, 0, 0, 0, 0, 0, 0, 0,
    0, 0, 0, 0, 0, 0, 0, 8,
    8, 71, 72, 73, 71, 72, 73, 74,
    7, 56, 61, 0, 75, 0, 0, 0,
    0, 0, 0, 0, 0, 0, 0, 0,
    0
};

/*Kern values between classes*/
static const int8_t kern_class_values[] =
{
    0, 0, 0, 0, 0, 0, 0, 0,
    0, 0, 0, 0, 0, 0, 0, 0,
    0, 0, 0, 0, 0, 0, -12, -8,
    -23, -12, -15, -8, -15, -15, -8, -15,
    0, 0, 0, 0, 0, 0, -8, 0,
    0, 0, 0, 0, 0, 0, 0, 0,
    0, 0, 0, 0, 0, 0, 0, 0,
    0, 0, 0, 0, 0, 0, 0, 0,
    -15, 0, 0, 0, 0, 0, 0, 0,
    0, 0, 0, 0, 0, 0, 0, 0,
    0, 0, 0, 0, 0, 0, 0, 0,
    -15, 0, -12, 0, 0, 0, 0, 0,
    0, -12, 0, 0, 0, 0, 0, 0,
    0, 0, 0, 0, 0, 0, 0, 0,
    0, 0, 0, 0, 0, 0, 0, 0,
    0, 0, 0, 0, 0, 0, 0, 0,
    0, 0, 0, 0, 0, 0, 0, 0,
    0, 0, 0, -27, 0, 0, 0, 0,
    0, 0, 0, 0, 0, 0, 0, 0,
    0, 0, 0, 0, 0, 0, 0, 0,
    0, 0, 0, 0, 0, 0, 0, 0,
    0, 0, 0, 0, 0, 0, 0, 0,
    -4, 0, 0, 0, 0, 0, 0, 0,
    0, 0, 0, 0, 0, 0, 0, 0,
    0, 0, 0, 0, 0, 0, 0, 0,
    0, 0, 0, 0, 0, 0, 0, 0,
    0, 0, 0, 0, 0, 0, -15, 0,
    0, 0, 0, 0, 0, 0, 0, 0,
    0, 0, 0, 0, 0, 0, 0, 0,
    0, 0, 0, 0, 0, 0, 0, 0,
    0, 0, 0, 0, 0, 0, 0, 0,
    0, 0, 0, 0, 0, -8, 0, 0,
    0, 0, 0, 0, 0, 0, 0, 0,
    0, 0, 0, 0, 0, 0, 0, 0,
    0, 0, 0, 0, 0, 0, 0, 0,
    0, 0, 0, 0, 0, 0, 0, 0,
    0, 0, 0, 0, 0, 0, 0, 0,
    0, 0, 0, 0, 0, 0, 0, 0,
    0, 0, 0, 0, 0, 0, 0, 0,
    0, 0, 0, 0, 0, 0, 0, 0,
    0, 0, 0, 0, 0, 0, -19, 0,
    -15, -12, 0, -23, 0, 0, 0, 0,
    0, 0, 0, 0, 0, 0, 0, 0,
    0, 0, 0, 0, -4, 0, 0, -4,
    0, 0, 0, 0, 0, 0, 0, 0,
    0, 0, 0, 0, 0, 0, 0, 0,
    0, 0, 0, 0, 0, 0, 0, 0,
    0, 0, 0, 0, 0, 0, 0, 0,
    0, 0, 0, 0, -8, 0, 0, 0,
    0, 0, 0, 0, 0, 0, 0, 0,
    0, 0, 0, 0, 0, 0, 0, 0,
    0, 0, 0, 0, 0, -4, 0, 0,
    8, 0, 0, 0, 0, 0, 0, 0,
    0, 0, 0, 0, 0, 0, 0, 0,
    0, 0, 0, 0, 0, 0, 0, 0,
    0, 0, 0, 0, 0, 0, 0, 0,
    0, 0, 0, 0, 0, 0, 0, 0,
    0, 0, 0, 0, 0, 0, 0, 0,
    0, 0, 0, 0, 0, 0, 0, 0,
    -15, 0, -50, 0, 0, 0, 0, 0,
    -8, 0, 0, 0, 0, 0, 0, 0,
    0, -12, 0, 0, 0, 0, 0, 0,
    0, 0, 0, 0, 0, 0, 0, 0,
    0, 0, 0, 0, 0, 0, 0, 0,
    0, 0, -38, 0, 0, 0, 0, 0,
    0, 0, 0, 0, 0, 0, 0, 0,
    0, 0, 0, 0, 0, 0, 0, -12,
    0, -4, 0, 0, 0, 0, 0, 0,
    0, 0, 0, 0, 0, 0, 0, 0,
    0, 0, 0, 0, 0, 0, 0, 0,
    0, 0, 0, 0, 0, 0, 0, 0,
    0, 0, 0, 0, 0, 0, 0, 0,
    0, 0, 0, 0, 0, 0, 0, 0,
    0, 0, 0, 0, 0, 0, 0, 0,
    0, 0, 0, 0, 0, 0, 0, 0,
    0, 0, 0, 0, 0, 0, 0, 0,
    0, 0, -15, 0, 0, 0, 0, 0,
    0, 0, 0, 0, 0, 0, 0, -8,
    0, 0, -23, -4, -31, -23, 0, -31,
    0, 0, 0, 0, 0, 0, -15, 0,
    0, -8, 0, 0, 0, 0, -23, 0,
    -19, -12, 0, -15, 0, 0, 0, 0,
    0, 0, 0, 0, 0, 0, 0, 0,
    0, 0, 0, 0, 0, 0, 0, 0,
    0, 0, 0, 0, 0, 0, 0, 0,
    0, 0, -46, 0, 0, -12, 0, -4,
    0, 0, 0, 0, 0, 0, 0, 0,
    0, 0, 0, 0, 0, -15, 0, -8,
    -8, 0, -15, 0, 0, 0, 0, 0,
    0, 0, 0, 0, 0, 0, 0, 0,
    0, 0, 0, 0, 0, 0, 0, 0,
    0, 0, 0, 0, 0, 0, 0, 0,
    0, 0, 0, 0, 0, 0, 0, 0,
    0, 0, 0, 0, 0, 0, 0, 0,
    0, 0, 0, 0, 0, 0, -73, -8,
    0, 0, 0, -23, -4, -15, 0, 0,
    0, 0, 0, 0, -27, -8, -42, 0,
    0, 0, 0, 0, 0, 0, 0, 0,
    0, -23, 0, -31, -12, -27, -15, 0,
    -15, -12, 0, -23, 0, -19, -12, -12,
    -12, -8, -19, 0, 0, 0, 0, 0,
    0, 0, 0, 0, 0, 0, -46, 0,
    -4, -15, -19, 0, 0, 0, 0, 0,
    0, 0, 0, 0, 0, 0, 0, 0,
    0, 0, 0, -4, -4, 0, 0, 0,
    0, -4, 0, 0, 0, 0, 0, 0,
    0, 0, 0, -4, 0, -4, 0, 0,
    0, 0, 0, 0, 0, 0, 0, 0,
    0, 0, 0, 0, 0, 0, 0, 0,
    0, 0, 0, 0, 0, 0, 0, 0,
    0, 0, 0, 0, 0, 0, 0, 0,
    0, -8, 0, 0, 0, 0, 0, 0,
    0, 0, 0, 0, 0, 0, 0, 0,
    0, 0, 0, 0, 0, 0, 0, 4,
    0, 0, 4, 2, 0, 0, 0, 0,
    0, 0, 0, 0, 0, 0, 0, 0,
    0, 0, 0, 0, 0, 0, 0, 0,
    0, 0, 0, 0, 0, 0, 0, 0,
    0, 0, 0, 0, 0, 0, 0, 0,
    0, 0, 0, 0, 0, 0, 0, 0,
    0, 0, 0, 0, 0, 0, 0, 0,
    0, 0, 0, 0, 0, 0, 0, 0,
    0, 0, 0, 0, 0, 0, 0, 0,
    0, -4, 0, 0, 0, 0, 0, 0,
    0, 0, 0, 0, 0, 0, 0, 0,
    0, 0, 0, 0, 0, 0, 0, 0,
    0, 0, 0, 0, 0, 0, 0, 0,
    0, 0, 0, 0, 0, 0, 0, 0,
    0, 0, 0, 0, 0, 0, 0, 0,
    0, 0, 0, 0, 0, 0, 0, 0,
    0, 0, 0, 0, 0, 0, 0, 0,
    0, 0, 0, 0, 0, 0, 0, 0,
    -4, 0, 0, 0, -4, 0, 0, 0,
    0, 0, 0, 0, 0, 0, 0, 0,
    0, 0, 0, 0, 0, 0, 0, 0,
    0, 0, 0, 0, 0, 0, 0, 0,
    0, 0, 0, 0, 0, 0, 0, 0,
    0, 0, 0, 0, 0, 0, 0, 0,
    0, 0, 0, 0, 0, 0, 0, 0,
    0, 0, 0, 0, 0, 0, 0, 0,
    0, 0, 0, 0, 0, 0, 0, 0,
    0, 0, 0, 0, 0, 0, 0, -4,
    0, 0, 0, 0, 0, 0, 0, 0,
    0, 0, 0, 0, 0, 0, 0, 0,
    0, -4, 0, 0, 0, 0, 0, 0,
    0, 0, 0, 0, 0, 0, 0, 0,
    0, 0, 0, 0, 0, 0, 0, 0,
    0, 0, 0, 0, 0, -4, -4, 0,
    -8, 0, 0, 0, 0, 0, 0, 0,
    0, 0, 0, 0, 0, 0, 0, -8,
    0, 0, -4, 0, 0, 0, 0, 0,
    0, 0, -8, 0, 0, 0, 0, 0,
    -4, 0, 0, 0, 0, 0, 0, 0,
    0, 0, 0, 0, 0, 0, 0, 0,
    0, 0, 0, 0, 0, 0, 0, 0,
    0, 0, 0, 0, 0, 0, 0, 0,
    0, 0, 0, 0, 0, 0, 0, 0,
    0, -4, 0, 0, 0, -4, -4, 0,
    0, 0, 0, 0, 0, 0, -8, 0,
    0, 0, 0, 0, 0, -8, 0, 0,
    0, 0, 0, 0, 0, -12, 0, 0,
    0, 0, 0, -4, 0, 0, 0, 0,
    0, 0, 0, 0, 0, -4, 0, -8,
    -4, 0, -12, 0, 0, 0, 0, 0,
    0, 0, 0, 0, 0, 0, 0, 0,
    0, 0, 0, 0, 0, 0, 0, 0,
    0, 0, 0, 0, 0, 0, -8, 0,
    -4, 0, 0, 0, 0, 0, 0, 0,
    0, -15, 0, 0, 0, -4, 0, 0,
    0, 0, 0, 0, -42, 0, -27, -4,
    0, 0, 0, -27, -4, -23, 0, -8,
    0, 0, 0, 0, -19, 0, -31, 0,
    0, 0, 0, 0, 0, 0, 0, 0,
    0, -4, 0, -15, 0, -15, 0, 0,
    0, -4, 0, -12, 0, 0, 0, 0,
    0, 0, 0, 0, 0, 0, 0, 0,
    0, 0, 0, 0, 0, 0, -38, 0,
    0, 0, -12, 0, 0, 0, 0, 0,
    -4, 0, 0, 0, 0, 0, 0, 0,
    0, 0, 0, 0, 0, 0, 0, 0,
    0, 0, 0, 0, 0, 0, 0, 0,
    0, 0, 0, 0, 0, -4, 0, 0,
    0, 0, 0, 0, 0, 0, 0, 0,
    0, 0, 0, 0, 0, 0, 0, 0,
    0, 0, 0, 0, 0, 0, 0, 0,
    0, 0, 0, 0, -4, 0, 0, 0,
    0, 0, 0, 0, 0, 0, 0, 0,
    0, 0, 0, -4, 0, 0, 0, 0,
    0, 0, -19, 0, -8, 0, 0, 0,
    0, -12, 0, -8, 0, 0, 0, 0,
    0, 0, -12, 0, 0, 0, 0, 0,
    -4, 0, 0, 0, 0, 0, 0, 0,
    0, 0, 0, 0, 0, 0, 0, 0,
    0, 0, 0, 0, 0, 0, 0, 0,
    0, 0, 0, 0, 0, 0, 0, 0,
    0, 0, 0, 0, -19, 0, 0, 0,
    0, 0, 0, 0, 0, 0, 0, 0,
    0, 0, 0, 0, 0, 0, 0, 0,
    0, 0, 0, 0, 0, 0, 0, 0,
    0, 0, 0, 0, 0, 0, 0, 0,
    0, 0, 0, 0, -4, 0, -8, 0,
    0, 0, 0, 0, 0, 0, 0, 0,
    0, 0, 0, 0, 0, 0, 0, 0,
    0, 0, 0, 0, 0, 0, 0, 0,
    0, 0, 0, 0, 0, 0, 0, 0,
    0, 0, 0, 0, 0, 0, 0, 0,
    0, 0, 0, 0, 0, 0, 0, 0,
    0, 0, 0, 0, -8, -4, 0, 0,
    0, 0, 0, 0, 0, 0, 0, 0,
    0, 0, 0, 0, 0, 0, 0, 0,
    0, 0, 0, 0, 0, 0, 0, 0,
    0, 0, 0, 0, 0, 0, 0, 0,
    0, 0, 0, 0, 0, 0, 0, 0,
    0, 0, 0, 0, 0, 0, 0, 0,
    0, 0, 0, 0, 0, 0, 0, 0,
    0, 0, 0, 0, 0, 0, 0, 0,
    0, 0, 0, 0, 0, 0, 0, 0,
    0, 0, 0, 0, 0, 0, 0, 0,
    0, 0, 0, -12, 0, 0, 0, 0,
    0, 0, 0, -4, 0, 0, 0, 0,
    0, 0, 0, 0, 0, 0, 0, 0,
    0, 0, 0, 0, 0, 0, 0, 0,
    0, 0, 0, 0, 0, 0, 0, 0,
    0, 0, 0, 0, 0, -19, 0, 0,
    0, 0, 0, 0, 0, 0, 0, 0,
    0, 0, 0, 0, 0, 0, 0, 0,
    0, 0, -12, 0, 0, 0, 0, 0,
    0, 0, 0, 0, 0, 0, -4, 0,
    0, 0, -12, 0, -12, -4, -8, -19,
    0, 0, 0, 0, 0, 0, 0, 0,
    0, 0, 0, 0, 0, 0, 0, 0,
    0, 0, 0, 0, 0, 0, 0, 0,
    0, 0, 0, 0, 0, 0, 0, 0,
    -12, 0, 0, 0, 0, 0, 0, 0,
    0, 0, 0, -12, 0, 0, -4, 0,
    -19, 0, 0, 0, 0, -8, 0, 0,
    0, 0, 0, 0, 0, -8, 0, -15,
    0, 0, -8, 0, 0, -25, -4, -27,
    -19, 0, -29, 0, -35, 0, 0, 0,
    -6, -13, -4, 0, 0, 0, 2, 0,
    0, -13, -10, -19, -15, 0, -17, 0,
    -31, -27, 0, 0, 0, 0, 0, 0,
    0, 0, 0, 0, 0, 0, 0, -8,
    0, -23, -19, 0, -15, 0, 0, 0,
    0, 4, 0, 0, 0, 0, -8, 0,
    0, 0, 0, 0, 0, 0, 0, 0,
    0, 0, -8, 0, -4, 0, 0, 0,
    -4, 0, -4, -4, -6, -12, 0, -23,
    0, 0, 0, 0, -4, 0, 0, 0,
    0, 0, 0, 0, -4, 0, -4, 0,
    -2, -4, 0, -4, 0, 0, 0, 0,
    0, 0, 0, 0, 0, 0, -8, 0,
    0, 0, -2, 0, 0, 0, 0, 0,
    0, 0, 0, 0, 0, 0, 0, 0,
    0, 0, 0, 0, 0, 0, 0, 0,
    0, 0, 0, 0, 0, -4, 0, 0,
    -4, 0, 0, 0, 0, 0, 0, 0,
    0, 0, 0, 0, -8, -4, -8, -12,
    -6, -4, 0, -4, -4, -4, -4, -12,
    -6, -8, -8, -4, -8, -4, 0, 0,
    0, 0, 0, 0, 0, 0, 0, 0,
    0, 0, 0, -4, -4, -8, 0, 0,
    0, 0, 0, 0, 0, 0, 0, 0,
    0, 0, -8, 0, -12, 0, 0, 0,
    0, 0, 0, 0, 0, 0, 0, 0,
    -4, 0, -12, 0, -4, 0, -12, 0,
    -4, -4, -8, -12, 0, -12, 0, 0,
    0, -6, 0, -4, 0, -4, 0, -4,
    -8, -4, -4, 0, -2, 0, -4, -2,
    -4, 0, -4, 0, 0, 0, 0, 0,
    0, 0, 0, -8, -15, 0, 0, 0,
    -8, 0, -4, -4, 0, 0, 0, 0,
    0, 0, 0, 0, 0, 0, 0, 0,
    0, 0, 0, 0, -4, 0, 0, 0,
    0, 0, 0, 0, 0, 0, -8, -4,
    0, 0, 0, 0, 0, 0, 0, 0,
    0, 0, -6, 0, -8, -8, -4, 0,
    -4, -4, 0, -4, 0, -8, -4, -8,
    -4, -4, -8, 0, 0, 0, 0, 0,
    0, 0, 0, 0, 0, 0, 0, 0,
    0, 0, 0, -8, 0, -4, 0, 0,
    0, 0, 0, 0, 0, 0, 0, 0,
    -19, 0, -23, 0, 0, 0, 0, -8,
    0, 0, 0, 0, 0, 0, 0, 0,
    -23, -4, -35, 0, 0, 0, 0, 0,
    -4, 0, 0, 0, -23, -8, 0, -12,
    -4, -8, -4, 0, -4, -8, -8, -8,
    -4, -8, -8, -4, -8, -8, -4, 0,
    0, -4, 0, 0, 0, 0, 0, 0,
    0, -15, -27, 0, 2, -4, -10, 0,
    0, 0, -12, 0, 0, 0, 0, 0,
    0, 0, 0, -8, 0, -8, 0, 0,
    0, 0, 0, 0, 0, 0, 0, 0,
    0, -8, 0, -4, 0, -4, 0, -10,
    0, -4, -4, -8, -8, -4, -15, -12,
    -6, 0, -2, -4, 0, 0, 0, 0,
    -4, -8, 0, -8, 0, -4, -4, -4,
    -4, 0, 0, 0, 0, 0, 0, 0,
    0, 0, 0, 0, -4, -8, 0, 0,
    0, -4, 0, -8, 0, 0, 0, 0,
    0, 0, 0, 0, 0, 0, 0, 0,
    0, 0, 0, 0, 0, 0, 0, 0,
    0, 0, 0, 0, 0, 0, 0, -4,
    0, 0, 0, 0, -6, 0, 0, 0,
    0, 0, 0, -6, 0, 0, -8, 0,
    0, 0, 0, 0, 0, 0, -4, -4,
    -4, -4, 0, -4, 0, 0, 0, 0,
    0, 0, 0, 0, 0, 0, 0, 0,
    0, 0, 0, 0, -4, 0, 0, 0,
    0, 0, 0, 0, 0, 0, 0, 0,
    0, 0, 0, 0, 0, 0, 0, 0,
    0, 0, 0, 0, 0, 0, 0, 0,
    0, -4, -4, -8, 0, 0, 0, 0,
    0, 0, 0, 0, 0, -8, 0, 0,
    -4, -4, 0, 0, 0, 0, -4, -4,
    0, -6, -4, -4, 0, -4, -2, -4,
    0, 0, 0, 0, 0, 0, 0, 0,
    0, 0, 0, -8, 0, 0, 0, 0,
    0, 0, 0, 0, 0, 0, 0, -4,
    0, 0, 0, 0, 0, 0, 0, 0,
    0, 0, 0, 0, 0, 0, 0, 0,
    0, 0, 0, -8, 0, -12, -4, 0,
    0, 0, 0, 0, 0, 0, 0, 0,
    0, -4, 0, -8, -12, -4, 0, 0,
    0, 0, 0, -4, -15, -8, -17, -12,
    0, -15, 0, -4, -8, -15, 0, 0,
    0, 0, 0, 0, 0, 0, 0, 0,
    0, 0, -8, 0, -4, 0, 0, -19,
    0, 0, 0, -8, 0, 0, 0, 0,
    0, 0, 0, -15, 0, 0, 0, 0,
    0, 0, 0, -12, 0, -23, 0, 0,
    -6, 0, 0, -29, -4, -23, -15, 0,
    -35, 0, -38, 0, 0, 0, 0, -15,
    -4, 0, 0, 0, 0, 0, -4, -17,
    -4, -19, -12, 0, -15, 0, -27, -23,
    0, 0, 0, 0, 0, 0, 0, 0,
    0, 0, 0, 0, 0, -8, 0, -31,
    -23, 0, 0, 0, 0, 0, 0, 0,
    0, 0, -8, 0, -15, 0, 0, 0,
    0, 0, 0, 0, 0, 0, 0, 0,
    -4, 0, -8, -4, -4, 0, -12, 0,
    -12, -4, -13, -15, 0, -15, -23, 0,
    0, 0, 0, 0, -2, 0, -2, 0,
    0, 0, -4, 0, -2, 0, -4, -4,
    0, 0, -4, 0, 0, 0, 0, 0,
    0, 0, 0, -8, -15, 0, -4, -2,
    -4, 0, -4, -4, 0, 0, 0, 0,
    0, 0, 0, 0, 0, -31, 0, -35,
    0, 0, 0, 0, -15, 0, 0, 0,
    0, 0, 0, 0, 0, -27, -4, -50,
    0, 0, 0, 0, 0, -8, -12, 0,
    -8, -38, -8, 2, -13, 0, -10, 0,
    0, 0, 0, 0, -6, 0, -4, 0,
    0, 0, 0, 0, 0, 0, -12, 0,
    0, 0, 0, 0, 0, 0, -27, -42,
    0, 0, 0, -15, 0, 0, 0, -23,
    -8, 0, 0, 0, 0, 0, 0, 0,
    0, 0, 0, 0, -4, 0, 0, -8,
    0, 0, 0, 0, 0, 0, 0, 0,
    0, 0, -4, 0, 0, 0, 0, 0,
    0, -8, 0, -8, 0, -2, 0, -4,
    -4, -4, 0, 0, 0, 0, 0, -4,
    -8, -4, 0, 0, 0, 0, 0, 0,
    -4, 0, 0, 0, 0, 0, 0, 0,
    0, 0, 0, 0, 0, 0, -8, 0,
    0, 0, 0, -12, 0, 0, 0, 0,
    0, 0, 0, 0, 0, -4, 0, 0,
    0, 0, 0, 0, 0, 0, 0, 0,
    0, 0, 0, -4, 0, 0, 0, -4,
    0, -4, -4, -4, -12, 0, 0, 0,
    0, 0, 0, -10, 0, 0, 0, 0,
    0, 0, 0, -10, -6, -6, -4, 0,
    -8, 0, 0, 0, 0, 0, 0, 0,
    0, 0, 0, 0, 0, -4, 0, 0,
    0, 0, 0, 0, 0, 0, 0, 0,
    0, -15, 0, -15, 0, 0, -23, -15,
    -42, -4, 0, 0, 0, -19, 0, -15,
    0, 0, 0, 0, 0, -12, -25, -12,
    -42, -4, 0, 0, 0, 0, 0, 0,
    0, 0, -31, -29, 0, -31, -12, -23,
    -12, 0, -23, -31, -23, -31, -15, -23,
    -25, -27, -15, -23, -15, 0, 0, -15,
    0, 0, 0, 0, -12, 0, 0, 0,
    -35, 0, 2, -15, -12, 0, 0, 0,
    -27, -15, 0, 0, 0, 0, 0, 0,
    0, -4, 0, -4, 0, 0, 0, 0,
    -4, 0, 0, 0, 0, 0, 0, 0,
    0, 0, 0, 0, 0, 0, 0, 0,
    0, 0, 0, 0, 0, -8, 0, 0,
    0, 0, 0, 0, 0, 0, 0, 0,
    0, -4, 0, 0, 0, 0, 0, 0,
    0, 0, 0, 0, 0, 0, 0, 0,
    0, 0, -4, 0, 0, 0, 0, 0,
    0, 0, 0, 0, 0, 0, 0, -12,
    0, -12, 0, 0, -31, -8, -35, -4,
    0, 0, -4, -23, 0, -15, 0, -8,
    -4, 0, 0, -12, -27, -12, -38, 0,
    0, 0, 0, 0, 0, 0, 0, 0,
    -31, -19, 0, -19, -8, -19, -8, 0,
    -15, -12, -12, -17, -4, -13, -4, 0,
    -8, -4, -4, 0, 0, -23, 0, 0,
    -8, 0, 0, 0, 0, 0, -31, 0,
    0, -8, -12, 0, 0, 0, -19, -15,
    0, 0, -8, 0, -4, 0, 0, -23,
    -12, -27, 0, 0, 0, 0, -15, 0,
    -8, 0, 0, 0, -4, 0, -4, -17,
    -4, -27, 0, 0, 0, 0, 0, 0,
    0, 0, 0, -19, -15, 0, -21, -12,
    -19, -8, -4, -15, -12, -12, -15, -8,
    -12, -8, -8, -8, -4, -8, 0, 0,
    -12, 0, 0, 0, 0, 0, 0, 0,
    -23, -23, 0, 0, -8, -12, 0, 0,
    0, -15, -8, 0, 0, 0, 0, -4,
    0, -8, 0, 0, 0, 0, 0, 0,
    0, -8, 0, 0, 0, 0, 0, 0,
    -8, -8, 0, -13, -8, -4, 0, 0,
    0, 0, 0, 0, 0, 0, 0, 0,
    0, -10, -8, -8, 0, 0, -4, -4,
    0, -8, -12, -8, -12, -12, 0, -19,
    0, -12, 0, -15, 0, 0, 0, 0,
    0, 0, 0, 0, 0, 0, 0, 0,
    -8, 0, -12, 0, 0, -15, 0, 0,
    -19, 0, -19, 0, 0, -31, -15, -38,
    0, 0, 0, 0, -31, 0, 0, 0,
    -4, 0, -8, 0, -23, -29, -15, -46,
    -6, 0, 0, 0, 0, 0, 0, -4,
    0, -23, -33, -12, -38, -19, -35, -15,
    0, -27, -27, -27, -33, -15, -29, -19,
    -19, -15, -15, -19, 0, 0, -23, 0,
    0, -4, 0, -12, 0, 0, 0, -38,
    0, -15, -19, -15, 0, 0, 0, -23,
    -15, 0, 0, 0, 0, 0, 0, 0,
    0, 0, 0, 0, 0, 0, 0, -4,
    0, 0, 0, 0, 0, 0, 0, 0,
    0, -8, 0, 0, 0, 0, 0, 0,
    0, 0, 0, 0, 0, 0, 0, -4,
    -4, 0, 0, 0, 0, 0, 0, 0,
    -8, -4, -8, -12, 0, -12, 0, 0,
    0, 0, 0, 0, 0, 0, 0, 0,
    0, 0, 0, 0, 0, 0, -8, 0,
    0, 0, 0, 0, 0, 0, 0, 0,
    0, 0, 0, 0, 0, 0, 0, 0,
    0, 0, 0, 0, 0, 0, 0, 0,
    0, 0, 0, 0, -12, 0, 0, -23,
    -8, -31, -19, 0, -23, 0, 0, 0,
    0, 0, 0, 0, 0, 0, 0, 0,
    0, 0, 0, -4, 0, -15, -8, 0,
    -15, 0, 0, 0, 0, 0, 0, 0,
    0, 0, 0, 0, 0, 0, 0, 0,
    0, 0, 0, 0, 0, 0, 0, 0,
    0, 0, 0, 0, 0, 0, 0, 0,
    0, 0, 0, 0, 0, 0, 0, 0,
    0, 0, 0, 0, 0, 0, 0, -23,
    0, 0, -31, -8, -31, -19, 0, -23,
    0, 0, 0, 0, 0, 0, 0, 0,
    0, 38, 0, 0, 0, 0, -19, -8,
    -19, -12, 0, 0, 0, 0, 0, 0,
    0, 0, 0, 0, 0, 0, 0, 0,
    0, 0, 0, 0, 0, 0, 0, 0,
    0, 0, 0, 0, 0, 0, 0, 0,
    0, 0, 0, 0, 0, 0, 0, 0,
    0, 0, 0, 0, 0, 0, 0, 0,
    0, 0, 0, 0, 0, 0, 0, 0,
    0, 0, 0, 0, -15, 0, -2, 0,
    -2, -4, -2, 0, 0, 0, 0, 0,
    -2, -4, 0, -4, -4, -2, -4, 4,
    0, 0, 0, 0, 0, 0, 0, 0,
    0, 0, 0, 0, 0, 0, 0, 0,
    0, 0, 0, 0, 0, 0, 0, 0,
    0, 0, 0, 0, 0, 0, -8, 0,
    0, 0, 0, 0, 0, 0, 0, 0,
    0, 0, -23, 0, 0, 0, 0, 0,
    0, 0, 0, 0, 0, 0, 0, -23,
    -8, 0, -2, 0, -4, 0, -2, -2,
    -2, -2, -4, -2, -6, -2, -6, -4,
    -6, -8, -4, 0, 0, 0, 0, 0,
    0, 0, 0, 0, 0, 0, 0, 0,
    -2, -2, 0, 0, -4, 0, 0, 0,
    0, 0, 0, 0, 0, 0, 0, 0,
    0, 0, 0, 0, 0, 0, 0, 0,
    0, 0, 0, 0, 0, 0, 0, 0,
    0, 0, 0, 0, 0, 0, 0, 0,
    0, 0, -19, 0, -2, 0, -2, 0,
    -2, 0, -2, 0, -2, -2, 0, -2,
    0, 0, 0, 0, 0, 0, 0, 0,
    0, 0, 0, 0, 0, 0, 0, 0,
    0, 0, 0, 0, 0, 0, 0, 0,
    0, 0, 0, 0, 0, 0, 0, 0,
    0, 0, 0, 0, 0, 0, 0, 0,
    0, 0, 0, 0, 0, 0, 0, 0,
    0, 0, 0, 0, 0, 0, 0, 0,
    0, 0, 0, 0, 0, 0, 0, -2,
    0, -2, 2, -2, 0, 0, 0, 0,
    0, -2, 0, 0, 0, 0, 0, 0,
    6, 0, 0, 0, 0, 0, 0, 0,
    0, 0, 0, 0, 0, 0, 0, 0,
    0, 0, 0, 0, 0, 0, 0, 0,
    0, 0, 0, 0, 0, 0, 0, 0,
    0, 0, 0, 0, 0, 0, 0, 0,
    0, 0, 0, 0, 0, 0, 0, 0,
    0, 0, 0, 0, 0, 0, 0, 0,
    -19, 0, 2, 0, 2, -4, 2, 0,
    0, 0, 0, 0, 2, -6, 0, -4,
    -4, -4, -4, -2, 0, 0, 0, 0,
    0, 0, 0, 0, 0, 0, 0, 0,
    0, 0, 0, 0, 0, 0, 0, 0,
    0, 0, 0, 0, 0, -8, 8, 0,
    -27, 0, -23, 0, 0, 0, 0, 0,
    0, 0, 0, 0, 0, 0, 0, 0,
    0, 0, 0, 0, 0, 0, 0, 0,
    0, 0, 0, 0, -19, -8, 0, -12,
    -8, -10, -4, 0, -4, -4, 0, -8,
    -4, -4, 0, 0, 0, 0, -4, 0,
    0, 0, 0, 0, 0, 0, 0, 0,
    0, -8, 0, 0, 8, -4, -8, 0,
    0, 0, -12, 0, 0, 0, 0, 0,
    0, 0, 0, 0, 0, 0, 0, 0,
    0, 0, 0, -4, 0, 0, 0, 0,
    0, 0, 0, 0, 0, 0, 0, 0,
    0, 0, 0, 0, 0, 0, -12, 0,
    -2, 0, -2, 0, -2, 0, 4, 0,
    0, 0, -2, -2, -2, 0, 0, 0,
    0, 4, 0, 0, 0, 0, 0, 0,
    0, 0, 0, 0, 0, 0, 0, 0,
    0, 0, 0, 0, 0, 0, 0, 0,
    0, 0, 0, 0, 0, 0, 0, 0,
    0, 0, 0, 0, 0, 0, 0, 0,
    0, 0, 0, 0, -8, 0, 0, 0,
    0, 0, -12, 0, -12, -4, 0, -15,
    0, -19, 0, -2, 0, 0, -4, -2,
    0, 0, 0, 0, 0, -2, -10, 0,
    -8, -4, -2, -4, 0, 0, 0, 0,
    0, 0, 0, 0, 0, 0, 0, 0,
    0, 0, 0, 0, 0, 0, -12, -8,
    0, 0, 0, 0, 0, 0, 0, 0,
    0, 0, 0, 0, 0, 0, 0, 0,
    0, 0, 0, 0, 0, 0, 0, 0,
    0, 0, 0, 0, 0, 0, 0, 0,
    0, 0, 0, 0, 0, 0, -2, 0,
    -2, 0, -2, 0, 0, 0, 0, 0,
    0, -2, 0, 0, 0, 0, 0, 0,
    0, 0, 0, 0, 0, 0, 0, 0,
    0, 0, 0, 0, 0, 0, 0, 0,
    0, 0, 0, 0, 0, 0, 0, 0,
    0, 0, 0, 0, 0, 0, 0, 0,
    0, 0, 0, 0, 0, 0, 0, 0,
    0, 0, 0, 0, 0, 0, 0, 0,
    0, 0, 0, 0, 0, 0, 0, 0,
    0, -2, 0, -2, 2, -2, 0, 8,
    0, 0, 0, -2, 0, 0, 0, 0,
    0, 0, 6, 0, 0, 0, 0, 0,
    0, 0, 0, 0, 0, 0, 0, 0,
    0, 0, -4, 0, 0, 0, 0, 0,
    0, 0, 0, 0, 0, 0, 0, 0,
    0, 0, 0, 0, 0, 0, 0, 0,
    0, 0, 0, 0, 0, 0, 0, 0,
    0, 0, 0, 0, 0, 0, 0, 0,
    0, 0, -12, 0, -4, 0, -6, 0,
    -4, 0, 0, 0, 0, 0, -4, 0,
    0, 0, 0, 0, 0, 0, 0, 0,
    -15, 0, 0, 0, 0, 0, 0, 0,
    0, 0, 0, 0, 0, -4, 0, 0,
    0, 0, 0, 0, 0, 0, 0, 0,
    0, 0, 0, 0, 0, 0, 0, 0,
    0, 0, 0, 0, 0, 0, 0, 0,
    0, 0, 0, 0, 0, 0, 0, 0,
    0, 0, 0, 0, 0, 0, 0, -2,
    0, -2, 0, -2, 0, 0, 0, 0,
    0, -2, 2, 0, 0, 0, 0, 0,
    4, 0, 0, 0, 0, 0, 0, 0,
    0, 0, 0, 0, 0, 0, 0, 0,
    0, 0, 0, 0, 0, 0, 0, 0,
    0, 0, 0, 0, 0, 0, 0, -8,
    0, 0, 0, 0, 0, 0, 0, 0,
    0, 0, 0, -15, 0, 0, 0, 0,
    0, 0, 0, 0, 0, 0, 0, 0,
    -23, 0, 0, -2, 0, -6, 0, -4,
    -2, -4, -2, -4, -2, -6, -2, -4,
    -4, -4, -8, -4, 0, 0, 0, 0,
    0, 0, 0, -8, 0, 0, 0, 0,
    0, -4, -4, 0, 0, -19, 0, 0,
    0, 0, 0, 0, 0, 0, 0, 0,
    0, 0, -8, 0, 0, 0, 0, 0,
    0, 0, 0, 0, 0, 0, -12, 0,
    0, 0, 0, 0, 0, 0, 0, 0,
    0, 0, 0, -23, -8, 0, -4, 0,
    -6, 0, -2, -2, -2, -4, -2, -2,
    -8, -2, -4, -4, -4, -8, -4, 0,
    0, 0, 0, 0, 0, 0, 0, 0,
    0, -12, 0, 0, -2, -2, 0, 0,
    -8, 0, 0, 0, 0, 0, 0, 0,
    0, 0, 0, 0, 0, 0, 0, 0,
    0, 0, 0, 0, 0, 0, 0, 0,
    0, 0, 0, 0, 0, 0, 0, 0,
    0, 0, 0, 0, 0, 0, 0, 0,
    -2, 0, -2, 2, -2, 0, 13, 0,
    0, 0, -2, 2, 0, 0, 0, 0,
    0, 6, 0, 0, 0, 0, 0, 0,
    0, 0, 0, 0, 0, 0, 0, 0,
    0, 0, 0, 0, 0, 0, 0, 0,
    0, 0, 0, 0, 0, 0, -35, 0,
    -27, 0, 0, 0, 0, 0, 0, 0,
    0, 0, 0, 0, 0, 0, 0, 0,
    0, 0, 0, 0, 0, 0, 0, 0,
    0, 0, -19, -8, 2, -12, 0, -10,
    0, 0, 0, 0, 0, -8, 4, 0,
    4, 4, 4, 4, -4, 0, 0, -4,
    0, 0, 0, 0, 0, 0, 0, -15,
    0, 0, 0, 0, -12, 0, 0, 0,
    -19, 0, 0, 0, 0, 0, 0, 0,
    0, 0, 0, 0, 0, 0, 0, 0,
    0, 0, 0, 0, 0, 0, 0, 0,
    0, 0, 0, 0, 0, 0, 0, 0,
    0, 0, 0, 0, -23, 0, 2, 0,
    2, 0, 2, -2, -2, -2, -2, -2,
    0, -2, 0, 0, 0, 0, 0, 0,
    0, 0, 0, 0, 0, 0, 0, 0,
    0, 0, 0, 0, 0, -2, -2, 0,
    0, 0, 0, 0, 0, 0, 0, 0,
    0, 0, 0, 0, 0, 0, 0, 0,
    0, 0, 0, 0, 0, 0, 0, 0,
    0, 0, 0, 0, 0, 0, 0, 0,
    0, 0, 0, 0, 0, 0, 0, -12,
    0, -4, 2, -2, 4, -2, 2, 0,
    2, 2, 0, 4, -2, 0, 2, 6,
    6, 2, 4, 0, 0, -4, 0, 0,
    0, 0, 0, 0, 0, 0, 0, 0,
    0, 2, -4, 0, 0, 0, 0, 0,
    0, 0, 0, 0, 0, 0, 0, 0,
    0, -4, 0, 0, 0, 0, 0, 0,
    0, 0, 0, 0, 0, 0, 0, 0,
    0, 0, 0, 0, 0, 0, 0, 0,
    0, 0, -15, 0, -2, 0, -2, 2,
    -2, 0, 0, 0, 0, 0, -2, 2,
    0, 0, 0, 0, 0, 6, 0, 0,
    0, 0, 0, 0, 0, 0, 0, 0,
    0, 0, 0, 0, 0, 0, 0, 0,
    0, 0, 0, 0, 0, 0, 0, 0,
    0, 0, -19, 0, -19, 0, 0, 0,
    0, 0, 0, 0, 0, 0, 0, 0,
    0, 0, 0, 0, 0, 0, 0, 0,
    0, 0, 0, 0, 0, 0, -19, -4,
    0, -6, 0, -6, 0, 0, 0, 0,
    0, -4, 0, 0, 0, 0, 0, 0,
    0, 0, 0, 0, 0, 0, 0, 0,
    0, 0, 0, -12, 0, 0, 0, 0,
    -8, 0, 0, 0, -19, 0, 0, 0,
    0, 0, 0, 0, 0, -12, 0, -15,
    0, 0, 0, 0, 0, 0, 0, 0,
    0, 0, 0, 0, 0, 0, 0, 0,
    0, 0, 0, 0, 0, 0, 0, 0,
    0, -12, -4, 0, -4, 0, -4, 0,
    0, 0, 0, 0, 0, 0, 0, 0,
    0, 0, 0, 0, 0, 0, 0, 0,
    0, 0, 0, 0, 0, 0, 0, 0,
    0, 0, 0, -4, 0, 0, 0, -12,
    0, 0, 0, 0, 0, 0, 0, 0,
    0, 0, 0, 0, 0, 0, 0, 0,
    0, 0, 0, 0, 0, 0, 0, 0,
    0, 0, 0, 0, 0, 0, 0, 0,
    0, 0, 0, -12, 0, -4, 0, -6,
    0, -6, 0, 0, 0, 0, 0, -6,
    0, 0, 0, 0, 0, 0, 0, 0,
    0, -12, 0, 0, 0, 0, 0, 0,
    0, 0, 0, 0, 0, 0, -4, 0,
    0, 0, 0, 0, 0, 0, 0, 0,
    -8, 0, 0, -27, 0, -27, 0, 0,
    0, 0, 0, 0, 0, 0, 0, 0,
    0, 0, 0, 0, 0, 0, 0, 0,
    0, 0, 0, 0, 0, 0, -8, -23,
    -10, -4, -8, 0, -8, 0, 0, 0,
    0, 0, -4, 0, 0, 0, 0, 0,
    0, 0, 0, 0, 0, 0, 0, 0,
    0, 0, 0, 0, -23, 0, 0, 0,
    0, -12, 0, 0, 0, -19, 0, 0,
    0, 0, 0, 0, 0, 0, 0, 0,
    0, 0, 0, 0, 0, 0, 0, 0,
    0, 0, 0, 0, 0, 0, 0, 0,
    0, 0, 0, 0, 0, 0, 0, 0,
    0, -12, 0, -4, 4, -4, 0, -4,
    4, 4, 0, 4, 0, 0, 0, 0,
    0, 0, 0, 0, 0, 0, 0, 0,
    0, 0, 0, 0, 0, 0, 0, 0,
    0, 0, 2, 2, 0, 0, 0, 0,
    0, 0, 0, 0, 0, 0, 0, 0,
    0, 0, 0, 0, 0, 0, 0, 0,
    0, 0, 0, 0, 0, 0, 0, 0,
    0, -8, 0, -31, 0, 0, 0, 0,
    0, 0, 0, 0, 0, 0, 0, 0,
    0, 0, 0, 0, 0, 0, 0, 0,
    0, 0, 0, 0, 0, 0, 0, 0,
    0, 0, 0, 0, 0, 0, 0, 0,
    0, 0, 0, 0, 0, 0, 0, 0,
    0, 0, 0, 0, 0, 0, 0, 0,
    0, 0, 0, 0, 0, 0, 0, 0,
    0, 0, 0, 0, 0, 0, 0, 0,
    0, 0, 0, 0, 0, 0, 0, 0,
    -12, 0, 0, 0, 0, -12, 0, 0,
    0, 0, 0, -8, 0, 0, 0, -8,
    0, 0, 0, 0, 0, 0, 0, 0,
    0, 0, 0, 0, 0, 0, 0, 0,
    0, 0, 0, 0, 0, 0, 0, 0,
    0, 0, -12, 0, 0, 0, 0, 0,
    0, 0, 0, 0, 0, 0, 0, 0,
    0, 0, 0, 0, 0, 0, 0, 0,
    0, 0, 0, 0, 0, 0, 0, 0,
    0, 0, 0, 0, 0, -8, 0, 0,
    -4, 0, 0, 0, 0, 0, 0, 0,
    0, 0, 0, 0, 0, 0, 0, 0,
    0, 0, 0, 0, 0, 0, 0, 0,
    0, 0, 0, 0, 0, 0, 0, 0,
    0, 0, 0, 0, 0, 0, 0, 0,
    0, 0, 0, 0, 0, 0, 0, 0,
    0, 0, 0, 0, 0, 0, 0, 0,
    0, 0, 0, 0, 0, 0, 0, 0,
    0, 0, 0, 0, 0, 0, -15, 0,
    -23, -12, -12, -27, 0, 0, 0, 0,
    0, 0, 0, 0, 0, -4, 0, 0,
    0, 0, 0, 0, 0, 0, -12, -12,
    0, 0, 0, 0, 0, 0, 0, 0,
    0, 0, 0, 0, 0, 0, 0, 0,
    0, 0, 0, 0, 0, 0, 0, 0,
    0, 0, 0, 0, 0, 0, 0, 0,
    -19, 0, 0, 0, 0, 0, 0, 0,
    0, 0, 0, 0, 0, 0, -19, -12,
    0, -35, -15, -38, -35, 0, -42, -8,
    0, 0, -12, 0, -23, -23, 0, -15,
    0, -15, 0, 0, -19, -23, -15, -23,
    -19, -15, -15, 0, 0, 0, 0, 0,
    0, 0, 0, 0, 0, 0, 0, 0,
    0, -15, -15, -19, 0, 0, 0, 0,
    0, 0, 0, 0, 0, 0, 0, 0,
    0, 0, 0, 0, 0, 0, 0, 0,
    0, 0, 0, 0, 0, 0, 0, 0,
    0, -4, 0, 0, 0, 0, -6, 0,
    0, 0, 0, 0, 0, -6, 0, 0,
    -8, 0, 0, 0, 0, 0, 0, 0,
    -4, -4, -4, -4, 0, -4, 0, 0,
    0, 0, 0, 0, 0, 0, 0, 0,
    0, 0, 0, 12, 0, 0, -4, 0,
    0, 0, 0, 0, 0, 0, 0, 0,
    0, 0, 0, -15, 0, -15, 0, 0,
    0, 0, 0, 0, 0, 0, 0, 0,
    0, -8, 0, -12, 0, -8, 0, -8,
    0, -4, 0, -8, -15, 0, -15, -31,
    0, 0, 0, 0, 0, 0, 0, 0,
    0, 0, 0, 0, 0, 0, 0, 0,
    0, 0, 0, 0, 0, 0, 0, 0,
    0, 0, 0, 0, -8, -19, 0, 0,
    0, 0, 0, 0, 0, -19, 0, 0,
    0, 0, 0, 0, 0, 0, -8, 0,
    0, 0, 0, 0, 0, 0, 0, 0,
    0, 0, 0, 0, 0, 0, 0, 0,
    0, 0, 0, 0, 0, 0, 0, 0,
    0, 0, -8, 0, 0, 0, -4, 0,
    0, 0, 0, 0, 0, 0, -4, 0,
    -4, 0, -4, -4, 0, 0, 0, 0,
    0, 0, 0, 0, 0, 0, 0, 0,
    0, 0, 0, 0, 0, 0, 0, 0,
    0, 0, 0, 0, 0, 0, 0, 0,
    0, 0, 0, 0, 0, 0, 0, 0,
    0, 0, 0, 0, 0, 0, 0, 0,
    0, 0, 0, 0, 0, 0, 0, 0,
    0, 0, 0, 0, 0, 0, -2, 0,
    -2, 0, -2, 0, 0, 0, 0, 0,
    0, -2, 0, 0, 0, 0, 0, 0,
    0, 0, 0, 0, 0, 0, 0, 0,
    0, 0, 0, 0, 0, 15, 0, 0,
    0, 0, 0, 0, 0, 0, 0, 0,
    0, 0, 0, 0, 0, 0, 0, 0,
    0, 0, 0, 0, 0, 0, 0, 0,
    0, 0, -8, 0, 0, 0, 0, 0,
    0, 0, 0, 0, 0, 0, 0, 0,
    0, 0, 0, 0, 0, 0, 0, 0,
    0, 0, 0, 0, -4, 0, 0, 0,
    0, 0, 0, 0, 0, 0, 0, 0,
    0, 0, 0, 0, 0, 0, 0, 0,
    0, 0, 0, 0, 0, 0, 0, 0,
    0, 0, 0, 0, 0, 0, 0, 0,
    0, 0, 0, 0, 0, 0, 0, 0,
    0, 0, 0, 0, 0, 0, 0, 0,
    0, 0, 0, 0, 0, 0, 0, 0,
    0, 0, 0, 0, -2, 0, -2, -2,
    -2, 0, 0, 0, 0, 0, -2, -4,
    0, 0, 0, 0, 0, 0, 0, 0,
    0, 0, 0, 0, 0, 0, 0, 0,
    0, 0, 0, 0, 0, 0, 0, 0,
    0, 0, 0, 0, 0, 0, 0, 0,
    0, 0, 0, 0, 0, 0, 0, 0,
    0, 0, 0, 0, 0, 0, 0, 0,
    0, 0, 0, 0, 0, 0, 0, 0,
    0, 0, 0, 0, 0, 0, 0, 0,
    0, 0, 0, 0, 0, 0, 0, 0,
    0, 0, 0, 0, 0, 0, 0, 0,
    0, 0, 0, 0, 0, 0, 0, 0,
    0, 0, 0, 0, 0, 0, 0, 0,
    0, -8, 0, 0, 0, 0, 0, 0,
    0, 0, 0, 0, 0, 0, 0, 0,
    0, 0, 0, 0, 0, 0, 0, 0,
    0, 0, 0, 0, 0, 0, 0, 0,
    0, 0, 0, 0, 0, 0, 0, 0,
    0, 0, 0, 0, 0, 0, 0, 0,
    0, 0, 0, 0, 0, 0, 0, 0,
    0, 0, 0, 0, 0, 0, 0, 0,
    0, 0, 0, 0, 0, 0, 0, 0,
    0, 0, 0, 0, -19, 0, 0, 0,
    0, 0, 0, 0, 0, 0, 0, 0,
    0, 0, 0, 0, 0, 0, 0, -27,
    0, -15, 0, 0, 0, 0, 0, 0,
    -23, -4, -31, 0, 0, 0, 0, 0,
    0, 0, 0, 0, 0, 0, 0, -23,
    0, -12, 0, 0, 0, -8, 0, -15,
    0, 0, 0, 0, 0, 0, 0, 0,
    0, 0, 0, 0, 0, 0, 0, 0,
    0, 0, -46, 0, 0, 0, 0, 0,
    -8, 0, 0, 0, 0, 0, 0, 0,
    0, 0, 0, 0, 0, 0, 0, 0,
    0, 0, 0, 0, 0, 0, 0, 0,
    0, 0, 0, -23, -12, -19, 0, 0,
    0, 0, 0, 0, 0, 0, 0, 0,
    0, 0, -19, -12, -15, -12, 0, -12,
    -15, -12, -19, -8, -15, -12, -8, 0,
    -8, 0, 0, 0, 0, 0, 0, 0,
    0, 0, 0, 0, 0, -46, 0, -12,
    -12, 0, 0, 0, -12, 0, 0, 0,
    0, 0, 0, 0, 0, 0, 0, 0,
    0, 0, -27, 0, 0, 0, 0, 0,
    0, 0, 0, 0, 0, 0, 0, 0,
    0, 0, -27, 0, -15, -15, 0, -23,
    0, 0, 0, 0, 0, 0, -12, 0,
    0, 0, 0, 0, 0, 0, -15, 0,
    -15, -15, 0, -19, 0, 0, 0, 0,
    0, 0, 0, 0, 0, 0, 0, 0,
    0, 0, 0, 0, 0, 0, 0, -8,
    -19, 0, 0, 0, 0, 0, 0, 0,
    0, 0, 0, 0, 0, 0, 0, 0,
    0, 0, 0, 0, 0, 0, 0, 0,
    0, -15, 0, 0, 0, -15, 0, -12,
    -8, -12, -15, 0, 0, 0, 0, 0,
    0, 0, 0, 0, 0, 0, 0, 0,
    0, 0, 0, 0, 0, 0, 0, 0,
    0, 0, 0, 0, 0, 0, 0, 0,
    0, 0, 0, 0, 0, 0, 0, 0,
    0, 0, 0, 0, 0, 0
};


/*Collect the kern class' data in one place*/
static const lv_font_fmt_txt_kern_classes_t kern_classes =
{
    .class_pair_values   = kern_class_values,
    .left_class_mapping  = kern_left_class_mapping,
    .right_class_mapping = kern_right_class_mapping,
    .left_class_cnt      = 90,
    .right_class_cnt     = 75,
};

/*--------------------
 *  ALL CUSTOM DATA
 *--------------------*/

#if LVGL_VERSION_MAJOR == 8
/*Store all the custom data of the font*/
static  lv_font_fmt_txt_glyph_cache_t cache;
#endif

#if LVGL_VERSION_MAJOR >= 8
static const lv_font_fmt_txt_dsc_t font_dsc = {
#else
static lv_font_fmt_txt_dsc_t font_dsc = {
#endif
    .glyph_bitmap = glyph_bitmap,
    .glyph_dsc = glyph_dsc,
    .cmaps = cmaps,
    .kern_dsc = &kern_classes,
    .kern_scale = 16,
    .cmap_num = 6,
    .bpp = 8,
    .kern_classes = 1,
    .bitmap_format = 0,
#if LVGL_VERSION_MAJOR == 8
    .cache = &cache
#endif
};



/*-----------------
 *  PUBLIC FONT
 *----------------*/

/*Initialize a public general font descriptor*/
#if LVGL_VERSION_MAJOR >= 8
const lv_font_t ProductSansRegular_24 = {
#else
lv_font_t ProductSansRegular_24 = {
#endif
    .get_glyph_dsc = lv_font_get_glyph_dsc_fmt_txt,    /*Function pointer to get glyph's data*/
    .get_glyph_bitmap = lv_font_get_bitmap_fmt_txt,    /*Function pointer to get glyph's bitmap*/
    .line_height = 30,          /*The maximum line height required by the font*/
    .base_line = 6,             /*Baseline measured from the bottom of the line*/
#if !(LVGL_VERSION_MAJOR == 6 && LVGL_VERSION_MINOR == 0)
    .subpx = LV_FONT_SUBPX_NONE,
#endif
#if LV_VERSION_CHECK(7, 4, 0) || LVGL_VERSION_MAJOR >= 8
    .underline_position = -10,
    .underline_thickness = 2,
#endif
    .dsc = &font_dsc,          /*The custom font data. Will be accessed by `get_glyph_bitmap/dsc` */
#if LV_VERSION_CHECK(8, 2, 0) || LVGL_VERSION_MAJOR >= 9
    .fallback = NULL,
#endif
    .user_data = NULL,
};



#endif /*#if PRODUCTSANSREGULAR_24*/

