/*******************************************************************************
 * Size: 20 px
 * Bpp: 8
 * Opts: --size 20 --bpp 8 --format lvgl --font /Users/garrett/Documents/GWatch-Paris/components/fonts/files/ProductSans-Bold.ttf --output /Users/garrett/Documents/GWatch-Paris/components/fonts/generated/ProductSansBold_20.c --no-compress --range 0x20-0x7F,0xA0-0x17F --symbols ’—
 ******************************************************************************/

#ifdef LV_LVGL_H_INCLUDE_SIMPLE
#include "lvgl.h"
#else
#include "lvgl/lvgl.h"
#endif

#ifndef PRODUCTSANSBOLD_20
#define PRODUCTSANSBOLD_20 1
#endif

#if PRODUCTSANSBOLD_20

/*-----------------
 *    BITMAPS
 *----------------*/

/*Store the image of the glyphs*/
static LV_ATTRIBUTE_LARGE_CONST const uint8_t glyph_bitmap[] = {
    /* U+0020 " " */

    /* U+0021 "!" */
    0x0, 0xa8, 0xff, 0xff, 0xc, 0x0, 0xa8, 0xff,
    0xff, 0xc, 0x0, 0xa8, 0xff, 0xff, 0xc, 0x0,
    0xa8, 0xff, 0xff, 0xc, 0x0, 0xa2, 0xff, 0xff,
    0x5, 0x0, 0x95, 0xff, 0xf8, 0x0, 0x0, 0x87,
    0xff, 0xea, 0x0, 0x0, 0x79, 0xff, 0xdc, 0x0,
    0x0, 0x6b, 0xff, 0xce, 0x0, 0x0, 0x1b, 0x48,
    0x37, 0x0, 0x0, 0xe, 0x5d, 0x2f, 0x0, 0x0,
    0xca, 0xff, 0xfc, 0x30, 0x2, 0xf9, 0xff, 0xff,
    0x5d, 0x0, 0x72, 0xf2, 0xc0, 0xc,

    /* U+0022 "\"" */
    0x20, 0xff, 0xff, 0x44, 0xb0, 0xff, 0xb4, 0x20,
    0xff, 0xff, 0x44, 0xb0, 0xff, 0xb4, 0x20, 0xff,
    0xff, 0x44, 0xb0, 0xff, 0xb4, 0x20, 0xff, 0xff,
    0x44, 0xb0, 0xff, 0xb4, 0xf, 0x78, 0x78, 0x1f,
    0x52, 0x78, 0x54,

    /* U+0023 "#" */
    0x0, 0x0, 0x0, 0x0, 0x67, 0x80, 0x34, 0x0,
    0x2b, 0x80, 0x6e, 0x0, 0x0, 0x0, 0x0, 0x0,
    0x0, 0xec, 0xff, 0x4b, 0x0, 0x75, 0xff, 0xbf,
    0x0, 0x0, 0x0, 0x0, 0x0, 0x14, 0xff, 0xff,
    0x23, 0x0, 0x9e, 0xff, 0x97, 0x0, 0x0, 0x0,
    0x0, 0x0, 0x3c, 0xff, 0xf8, 0x3, 0x0, 0xc7,
    0xff, 0x6f, 0x0, 0x0, 0x0, 0xb4, 0xff, 0xff,
    0xff, 0xff, 0xff, 0xff, 0xff, 0xff, 0xff, 0xff,
    0x93, 0x0, 0xdc, 0xff, 0xff, 0xff, 0xff, 0xff,
    0xff, 0xff, 0xff, 0xff, 0xff, 0x6c, 0x0, 0x3,
    0x4, 0xb4, 0xff, 0x80, 0x4, 0x31, 0xff, 0xf8,
    0x7, 0x4, 0x1, 0x0, 0x0, 0x0, 0xd9, 0xff,
    0x52, 0x0, 0x5a, 0xff, 0xd1, 0x0, 0x0, 0x0,
    0x4a, 0xff, 0xff, 0xff, 0xff, 0xff, 0xff, 0xff,
    0xff, 0xff, 0xff, 0xfb, 0x4, 0x76, 0xff, 0xff,
    0xff, 0xff, 0xff, 0xff, 0xff, 0xff, 0xff, 0xff,
    0xd8, 0x0, 0x2, 0x4, 0x4d, 0xff, 0xea, 0x4,
    0x4, 0xda, 0xff, 0x60, 0x4, 0x3, 0x0, 0x0,
    0x0, 0x6f, 0xff, 0xc6, 0x0, 0x3, 0xfa, 0xff,
    0x38, 0x0, 0x0, 0x0, 0x0, 0x0, 0x94, 0xff,
    0xa2, 0x0, 0x22, 0xff, 0xff, 0x13, 0x0, 0x0,
    0x0, 0x0, 0x0, 0xb9, 0xff, 0x7e, 0x0, 0x46,
    0xff, 0xee, 0x0, 0x0, 0x0, 0x0,

    /* U+0024 "$" */
    0x0, 0x0, 0x0, 0x0, 0x15, 0x74, 0x44, 0x0,
    0x0, 0x0, 0x0, 0x0, 0x0, 0x0, 0x0, 0x30,
    0xff, 0x98, 0x0, 0x0, 0x0, 0x0, 0x0, 0x0,
    0x5, 0x62, 0xb5, 0xff, 0xdc, 0x71, 0xf, 0x0,
    0x0, 0x0, 0xf, 0xcb, 0xff, 0xff, 0xff, 0xff,
    0xff, 0xe2, 0x27, 0x0, 0x0, 0x96, 0xff, 0xff,
    0xd8, 0xff, 0xf1, 0xff, 0xff, 0xd1, 0x1, 0x0,
    0xde, 0xff, 0xa8, 0x30, 0xff, 0x98, 0x7e, 0xc0,
    0x4f, 0x1, 0x0, 0xe4, 0xff, 0xaf, 0x30, 0xff,
    0x98, 0x0, 0x0, 0x0, 0x0, 0x0, 0x8c, 0xff,
    0xff, 0xce, 0xff, 0x98, 0x0, 0x0, 0x0, 0x0,
    0x0, 0x9, 0xbf, 0xff, 0xff, 0xff, 0xdc, 0x52,
    0x2, 0x0, 0x0, 0x0, 0x0, 0x3, 0x70, 0xe4,
    0xff, 0xff, 0xff, 0xc3, 0x1d, 0x0, 0x0, 0x0,
    0x0, 0x0, 0x31, 0xff, 0xf6, 0xff, 0xff, 0xcd,
    0x5, 0x0, 0x6, 0x44, 0x0, 0x30, 0xff, 0x98,
    0x84, 0xff, 0xff, 0x44, 0x44, 0xe9, 0xff, 0x37,
    0x30, 0xff, 0x98, 0x3d, 0xff, 0xff, 0x58, 0x18,
    0xfa, 0xff, 0xe9, 0x7f, 0xff, 0xb8, 0xc9, 0xff,
    0xff, 0x2d, 0x0, 0x6e, 0xff, 0xff, 0xff, 0xff,
    0xff, 0xff, 0xff, 0xa0, 0x0, 0x0, 0x0, 0x5d,
    0xe5, 0xff, 0xff, 0xff, 0xf8, 0x8c, 0x8, 0x0,
    0x0, 0x0, 0x0, 0x1, 0x53, 0xff, 0xad, 0xa,
    0x0, 0x0, 0x0, 0x0, 0x0, 0x0, 0x0, 0x30,
    0xff, 0x98, 0x0, 0x0, 0x0, 0x0,

    /* U+0025 "%" */
    0x0, 0x7, 0x87, 0xea, 0xf6, 0xb4, 0x22, 0x0,
    0x0, 0x0, 0x0, 0x48, 0xb3, 0x1b, 0x0, 0x0,
    0x0, 0x0, 0xa9, 0xff, 0xff, 0xfb, 0xff, 0xea,
    0x15, 0x0, 0x0, 0x11, 0xe5, 0xff, 0x54, 0x0,
    0x0, 0x0, 0x33, 0xff, 0xf7, 0x2e, 0xd, 0xc7,
    0xff, 0x89, 0x0, 0x0, 0xa6, 0xff, 0xa4, 0x0,
    0x0, 0x0, 0x0, 0x55, 0xff, 0xd1, 0x0, 0x0,
    0x7e, 0xff, 0xad, 0x0, 0x55, 0xff, 0xe4, 0x10,
    0x0, 0x0, 0x0, 0x0, 0x2e, 0xff, 0xf9, 0x3d,
    0x18, 0xcf, 0xff, 0x83, 0x18, 0xec, 0xff, 0x47,
    0x0, 0x0, 0x0, 0x0, 0x0, 0x0, 0xa0, 0xff,
    0xff, 0xff, 0xff, 0xe5, 0x11, 0xb3, 0xff, 0x96,
    0x0, 0x0, 0x0, 0x0, 0x0, 0x0, 0x0, 0x4,
    0x78, 0xd7, 0xe3, 0xa4, 0x1a, 0x63, 0xff, 0xdc,
    0xb, 0x0, 0x0, 0x0, 0x0, 0x0, 0x0, 0x0,
    0x0, 0x0, 0x0, 0x0, 0x0, 0x1f, 0xf2, 0xfd,
    0x3a, 0x2e, 0xba, 0xe9, 0xcf, 0x5a, 0x0, 0x0,
    0x0, 0x0, 0x0, 0x0, 0x0, 0x1, 0xbf, 0xff,
    0x88, 0x2b, 0xf8, 0xff, 0xff, 0xff, 0xff, 0x6f,
    0x0, 0x0, 0x0, 0x0, 0x0, 0x0, 0x70, 0xff,
    0xd2, 0x6, 0xb1, 0xff, 0xa9, 0xe, 0x6a, 0xff,
    0xf4, 0xa, 0x0, 0x0, 0x0, 0x0, 0x28, 0xf7,
    0xfa, 0x2f, 0x0, 0xd9, 0xff, 0x4d, 0x0, 0x6,
    0xff, 0xff, 0x29, 0x0, 0x0, 0x0, 0x4, 0xca,
    0xff, 0x7a, 0x0, 0x0, 0xb7, 0xff, 0x9c, 0x3,
    0x59, 0xff, 0xf8, 0xc, 0x0, 0x0, 0x0, 0x7d,
    0xff, 0xc7, 0x3, 0x0, 0x0, 0x35, 0xfc, 0xff,
    0xfa, 0xff, 0xff, 0x7d, 0x0, 0x0, 0x0, 0x0,
    0x31, 0xc4, 0x25, 0x0, 0x0, 0x0, 0x0, 0x3f,
    0xcd, 0xfa, 0xe2, 0x6e, 0x1, 0x0,

    /* U+0026 "&" */
    0x0, 0x0, 0x0, 0x3d, 0xc4, 0xf8, 0xe9, 0xa5,
    0x1b, 0x0, 0x0, 0x0, 0x0, 0x0, 0x0, 0x40,
    0xfd, 0xff, 0xff, 0xff, 0xff, 0xda, 0x9, 0x0,
    0x0, 0x0, 0x0, 0x0, 0xc5, 0xff, 0xe8, 0x59,
    0x7c, 0xff, 0xc0, 0x20, 0x0, 0x0, 0x0, 0x0,
    0x0, 0xdb, 0xff, 0xa9, 0x0, 0x0, 0x29, 0x0,
    0x0, 0x0, 0x0, 0x0, 0x0, 0x0, 0x9c, 0xff,
    0xf9, 0x3b, 0x0, 0x0, 0x0, 0x0, 0x0, 0x0,
    0x0, 0x0, 0x0, 0x47, 0xff, 0xff, 0xed, 0x29,
    0x0, 0x0, 0x0, 0x0, 0x0, 0x0, 0x0, 0x2f,
    0xf3, 0xff, 0xff, 0xff, 0xe2, 0x1b, 0x0, 0x0,
    0x0, 0x0, 0x0, 0x0, 0xce, 0xff, 0xd7, 0x57,
    0xf8, 0xff, 0xd3, 0x10, 0x0, 0x46, 0x15, 0x0,
    0x29, 0xff, 0xff, 0x58, 0x0, 0x55, 0xfd, 0xff,
    0xc1, 0x2d, 0xf6, 0xf0, 0x3a, 0x40, 0xff, 0xff,
    0x4c, 0x0, 0x0, 0x6b, 0xff, 0xff, 0xf7, 0xff,
    0xd3, 0x6, 0x1b, 0xfe, 0xff, 0xb3, 0x1, 0x0,
    0x0, 0x83, 0xff, 0xff, 0xfd, 0x31, 0x0, 0x0,
    0xaf, 0xff, 0xff, 0xc9, 0x6e, 0x61, 0xaa, 0xff,
    0xff, 0xff, 0x73, 0x0, 0x0, 0x13, 0xcf, 0xff,
    0xff, 0xff, 0xff, 0xff, 0xff, 0xee, 0xff, 0xfb,
    0x27, 0x0, 0x0, 0x8, 0x72, 0xcc, 0xf5, 0xf6,
    0xca, 0x63, 0x12, 0xc2, 0x41, 0x0,

    /* U+0027 "'" */
    0x20, 0xff, 0xff, 0x44, 0x20, 0xff, 0xff, 0x44,
    0x20, 0xff, 0xff, 0x44, 0x20, 0xff, 0xff, 0x44,
    0xf, 0x78, 0x78, 0x1f,

    /* U+0028 "(" */
    0x0, 0x0, 0x0, 0x23, 0xd, 0x0, 0x0, 0x0,
    0xf, 0xde, 0xe0, 0x40, 0x0, 0x0, 0x98, 0xff,
    0xff, 0x62, 0x0, 0x27, 0xfb, 0xff, 0xb3, 0x0,
    0x0, 0xa1, 0xff, 0xfe, 0x2c, 0x0, 0x7, 0xf1,
    0xff, 0xb1, 0x0, 0x0, 0x4c, 0xff, 0xff, 0x61,
    0x0, 0x0, 0x86, 0xff, 0xff, 0x1e, 0x0, 0x0,
    0xa7, 0xff, 0xfd, 0x3, 0x0, 0x0, 0xb4, 0xff,
    0xed, 0x0, 0x0, 0x0, 0xac, 0xff, 0xfa, 0x1,
    0x0, 0x0, 0x91, 0xff, 0xff, 0x13, 0x0, 0x0,
    0x60, 0xff, 0xff, 0x4c, 0x0, 0x0, 0x14, 0xfc,
    0xff, 0x98, 0x0, 0x0, 0x0, 0xbc, 0xff, 0xf2,
    0x13, 0x0, 0x0, 0x4d, 0xff, 0xff, 0x89, 0x0,
    0x0, 0x0, 0xc2, 0xff, 0xfb, 0x35, 0x0, 0x0,
    0x2d, 0xf7, 0xfc, 0x6f, 0x0, 0x0, 0x0, 0x52,
    0x39, 0x0,

    /* U+0029 ")" */
    0x0, 0x4, 0x2c, 0x0, 0x0, 0x0, 0x27, 0xca,
    0xf3, 0x25, 0x0, 0x0, 0x37, 0xfc, 0xff, 0xbf,
    0x0, 0x0, 0x0, 0x85, 0xff, 0xff, 0x48, 0x0,
    0x0, 0xe, 0xee, 0xff, 0xc5, 0x0, 0x0, 0x0,
    0x85, 0xff, 0xff, 0x1e, 0x0, 0x0, 0x35, 0xff,
    0xff, 0x72, 0x0, 0x0, 0x1, 0xee, 0xff, 0xb0,
    0x0, 0x0, 0x0, 0xd3, 0xff, 0xd5, 0x0, 0x0,
    0x0, 0xbe, 0xff, 0xe3, 0x0, 0x0, 0x0, 0xcc,
    0xff, 0xda, 0x0, 0x0, 0x0, 0xe4, 0xff, 0xbd,
    0x0, 0x0, 0x1f, 0xff, 0xff, 0x87, 0x0, 0x0,
    0x6b, 0xff, 0xff, 0x36, 0x0, 0x2, 0xd6, 0xff,
    0xe0, 0x0, 0x0, 0x5a, 0xff, 0xff, 0x71, 0x0,
    0x17, 0xea, 0xff, 0xe1, 0x7, 0x0, 0x48, 0xf4,
    0xff, 0x4f, 0x0, 0x0, 0x0, 0x23, 0x68, 0x0,
    0x0, 0x0,

    /* U+002A "*" */
    0x0, 0x0, 0x0, 0x4c, 0xff, 0x94, 0x0, 0x0,
    0x0, 0x0, 0x37, 0x11, 0x4c, 0xff, 0x94, 0x5,
    0x43, 0x0, 0x2, 0xe5, 0xf9, 0xd5, 0xff, 0xe2,
    0xed, 0xff, 0x2f, 0xe, 0x95, 0xeb, 0xff, 0xff,
    0xff, 0xf8, 0xae, 0x2e, 0x0, 0x0, 0x39, 0xff,
    0xff, 0xff, 0x81, 0x0, 0x0, 0x0, 0xe, 0xdc,
    0xff, 0x92, 0xf6, 0xfa, 0x37, 0x0, 0x0, 0x24,
    0xd5, 0xaa, 0x0, 0x63, 0xf1, 0x50, 0x0, 0x0,
    0x0, 0x9, 0xc, 0x0, 0x0, 0x15, 0x0, 0x0,

    /* U+002B "+" */
    0x0, 0x0, 0x0, 0x7c, 0xff, 0xd8, 0x0, 0x0,
    0x0, 0x0, 0x0, 0x0, 0x0, 0x7c, 0xff, 0xd8,
    0x0, 0x0, 0x0, 0x0, 0x0, 0x0, 0x0, 0x7c,
    0xff, 0xd8, 0x0, 0x0, 0x0, 0x0, 0x42, 0x4c,
    0x4c, 0xa3, 0xff, 0xe3, 0x4c, 0x4c, 0x4c, 0x14,
    0xe0, 0xff, 0xff, 0xff, 0xff, 0xff, 0xff, 0xff,
    0xff, 0x44, 0xe0, 0xff, 0xff, 0xff, 0xff, 0xff,
    0xff, 0xff, 0xff, 0x44, 0x0, 0x0, 0x0, 0x7c,
    0xff, 0xd8, 0x0, 0x0, 0x0, 0x0, 0x0, 0x0,
    0x0, 0x7c, 0xff, 0xd8, 0x0, 0x0, 0x0, 0x0,
    0x0, 0x0, 0x0, 0x7c, 0xff, 0xd8, 0x0, 0x0,
    0x0, 0x0, 0x0, 0x0, 0x0, 0x1, 0x4, 0x3,
    0x0, 0x0, 0x0, 0x0,

    /* U+002C "," */
    0x0, 0x6b, 0xf1, 0xc4, 0x10, 0x0, 0xf2, 0xff,
    0xff, 0x65, 0x0, 0xbc, 0xff, 0xff, 0x39, 0x0,
    0x2b, 0xfe, 0xa0, 0x0, 0x1, 0xc0, 0xe4, 0x10,
    0x0, 0x3, 0x77, 0x47, 0x0, 0x0,

    /* U+002D "-" */
    0x3f, 0x48, 0x48, 0x48, 0x48, 0x48, 0x41, 0xe0,
    0xff, 0xff, 0xff, 0xff, 0xff, 0xe8, 0xe0, 0xff,
    0xff, 0xff, 0xff, 0xff, 0xe8,

    /* U+002E "." */
    0x0, 0xe, 0x5d, 0x2f, 0x0, 0x0, 0xca, 0xff,
    0xfc, 0x30, 0x2, 0xf9, 0xff, 0xff, 0x5d, 0x0,
    0x72, 0xf2, 0xc0, 0xc,

    /* U+002F "/" */
    0x0, 0x0, 0x0, 0x0, 0x0, 0x0, 0xbb, 0xff,
    0xd8, 0x1, 0x0, 0x0, 0x0, 0x0, 0x0, 0x28,
    0xfe, 0xff, 0x6c, 0x0, 0x0, 0x0, 0x0, 0x0,
    0x0, 0x94, 0xff, 0xf2, 0xd, 0x0, 0x0, 0x0,
    0x0, 0x0, 0xd, 0xf2, 0xff, 0x93, 0x0, 0x0,
    0x0, 0x0, 0x0, 0x0, 0x6d, 0xff, 0xfe, 0x28,
    0x0, 0x0, 0x0, 0x0, 0x0, 0x1, 0xd8, 0xff,
    0xba, 0x0, 0x0, 0x0, 0x0, 0x0, 0x0, 0x46,
    0xff, 0xff, 0x4d, 0x0, 0x0, 0x0, 0x0, 0x0,
    0x0, 0xb3, 0xff, 0xde, 0x2, 0x0, 0x0, 0x0,
    0x0, 0x0, 0x21, 0xfd, 0xff, 0x74, 0x0, 0x0,
    0x0, 0x0, 0x0, 0x0, 0x8c, 0xff, 0xf6, 0x12,
    0x0, 0x0, 0x0, 0x0, 0x0, 0xa, 0xee, 0xff,
    0x9b, 0x0, 0x0, 0x0, 0x0, 0x0, 0x0, 0x65,
    0xff, 0xff, 0x2f, 0x0, 0x0, 0x0, 0x0, 0x0,
    0x0, 0xd0, 0xff, 0xc2, 0x0, 0x0, 0x0, 0x0,
    0x0, 0x0, 0x3e, 0xff, 0xff, 0x56, 0x0, 0x0,
    0x0, 0x0, 0x0, 0x0,

    /* U+0030 "0" */
    0x0, 0x0, 0x0, 0x11, 0x8a, 0xdc, 0xf8, 0xe6,
    0xa2, 0x28, 0x0, 0x0, 0x0, 0x0, 0x0, 0x27,
    0xe4, 0xff, 0xff, 0xff, 0xff, 0xff, 0xf8, 0x51,
    0x0, 0x0, 0x0, 0x8, 0xd8, 0xff, 0xff, 0xba,
    0x7c, 0xa2, 0xfc, 0xff, 0xf8, 0x27, 0x0, 0x0,
    0x6a, 0xff, 0xff, 0x89, 0x0, 0x0, 0x0, 0x52,
    0xff, 0xff, 0xa7, 0x0, 0x0, 0xc6, 0xff, 0xf1,
    0xc, 0x0, 0x0, 0x0, 0x0, 0xc7, 0xff, 0xf9,
    0x8, 0x4, 0xf9, 0xff, 0xac, 0x0, 0x0, 0x0,
    0x0, 0x0, 0x73, 0xff, 0xff, 0x39, 0x17, 0xff,
    0xff, 0x8e, 0x0, 0x0, 0x0, 0x0, 0x0, 0x53,
    0xff, 0xff, 0x52, 0x18, 0xff, 0xff, 0x8d, 0x0,
    0x0, 0x0, 0x0, 0x0, 0x54, 0xff, 0xff, 0x52,
    0x4, 0xfa, 0xff, 0xab, 0x0, 0x0, 0x0, 0x0,
    0x0, 0x73, 0xff, 0xff, 0x3a, 0x0, 0xc7, 0xff,
    0xf0, 0xb, 0x0, 0x0, 0x0, 0x0, 0xc5, 0xff,
    0xf9, 0x9, 0x0, 0x6b, 0xff, 0xff, 0x87, 0x0,
    0x0, 0x0, 0x4f, 0xff, 0xff, 0xa9, 0x0, 0x0,
    0x8, 0xda, 0xff, 0xff, 0xb7, 0x7b, 0xa0, 0xfb,
    0xff, 0xf9, 0x28, 0x0, 0x0, 0x0, 0x29, 0xe6,
    0xff, 0xff, 0xff, 0xff, 0xff, 0xf9, 0x54, 0x0,
    0x0, 0x0, 0x0, 0x0, 0x13, 0x8e, 0xdd, 0xf9,
    0xe7, 0xa6, 0x2b, 0x0, 0x0, 0x0,

    /* U+0031 "1" */
    0x0, 0x0, 0x0, 0x5, 0x5c, 0x84, 0x69, 0x0,
    0xc, 0x71, 0xe3, 0xff, 0xff, 0xcc, 0xe, 0xec,
    0xff, 0xff, 0xff, 0xff, 0xcc, 0x0, 0xb1, 0xff,
    0xd0, 0xeb, 0xff, 0xcc, 0x0, 0x2d, 0x3b, 0x0,
    0xd0, 0xff, 0xcc, 0x0, 0x0, 0x0, 0x0, 0xd0,
    0xff, 0xcc, 0x0, 0x0, 0x0, 0x0, 0xd0, 0xff,
    0xcc, 0x0, 0x0, 0x0, 0x0, 0xd0, 0xff, 0xcc,
    0x0, 0x0, 0x0, 0x0, 0xd0, 0xff, 0xcc, 0x0,
    0x0, 0x0, 0x0, 0xd0, 0xff, 0xcc, 0x0, 0x0,
    0x0, 0x0, 0xd0, 0xff, 0xcc, 0x0, 0x0, 0x0,
    0x0, 0xd0, 0xff, 0xcc, 0x0, 0x0, 0x0, 0x0,
    0xd0, 0xff, 0xcc, 0x0, 0x0, 0x0, 0x0, 0xd0,
    0xff, 0xcc,

    /* U+0032 "2" */
    0x0, 0x0, 0x23, 0xa4, 0xeb, 0xf9, 0xdb, 0x86,
    0xc, 0x0, 0x0, 0x0, 0x3a, 0xf6, 0xff, 0xff,
    0xff, 0xff, 0xff, 0xd1, 0xc, 0x0, 0x5, 0xe1,
    0xff, 0xfd, 0xa0, 0x80, 0xd4, 0xff, 0xff, 0x7d,
    0x0, 0x8, 0x6e, 0xd6, 0x7d, 0x0, 0x0, 0xe,
    0xee, 0xff, 0xc1, 0x0, 0x0, 0x0, 0x0, 0x5,
    0x0, 0x0, 0x0, 0xdb, 0xff, 0xbf, 0x0, 0x0,
    0x0, 0x0, 0x0, 0x0, 0x0, 0x3f, 0xff, 0xff,
    0x8a, 0x0, 0x0, 0x0, 0x0, 0x0, 0x0, 0x1c,
    0xe6, 0xff, 0xf5, 0x1f, 0x0, 0x0, 0x0, 0x0,
    0x0, 0x17, 0xd8, 0xff, 0xff, 0x64, 0x0, 0x0,
    0x0, 0x0, 0x0, 0x18, 0xd6, 0xff, 0xff, 0x81,
    0x0, 0x0, 0x0, 0x0, 0x0, 0x18, 0xd7, 0xff,
    0xff, 0x83, 0x0, 0x0, 0x0, 0x0, 0x0, 0x17,
    0xd6, 0xff, 0xff, 0x83, 0x0, 0x0, 0x0, 0x0,
    0x0, 0x7, 0xd5, 0xff, 0xff, 0xc1, 0x44, 0x44,
    0x44, 0x44, 0x44, 0x1, 0x14, 0xff, 0xff, 0xff,
    0xff, 0xff, 0xff, 0xff, 0xff, 0xff, 0x4, 0x14,
    0xff, 0xff, 0xff, 0xff, 0xff, 0xff, 0xff, 0xff,
    0xff, 0x4,

    /* U+0033 "3" */
    0x0, 0x0, 0x15, 0x90, 0xe4, 0xfb, 0xe5, 0x96,
    0x19, 0x0, 0x0, 0x0, 0x1e, 0xe2, 0xff, 0xff,
    0xff, 0xff, 0xff, 0xef, 0x29, 0x0, 0x0, 0xb4,
    0xff, 0xff, 0xa5, 0x6d, 0xb4, 0xff, 0xff, 0xae,
    0x0, 0x0, 0x1d, 0x84, 0x95, 0x0, 0x0, 0x2,
    0xde, 0xff, 0xdf, 0x0, 0x0, 0x0, 0x0, 0x0,
    0x0, 0x0, 0x5, 0xe6, 0xff, 0xc3, 0x0, 0x0,
    0x0, 0x0, 0x0, 0x54, 0x67, 0xbf, 0xff, 0xff,
    0x59, 0x0, 0x0, 0x0, 0x0, 0x0, 0xec, 0xff,
    0xff, 0xff, 0x81, 0x0, 0x0, 0x0, 0x0, 0x0,
    0x0, 0xec, 0xff, 0xff, 0xff, 0xf3, 0x51, 0x0,
    0x0, 0x0, 0x0, 0x0, 0x0, 0x8, 0x3b, 0xd9,
    0xff, 0xf4, 0x16, 0x0, 0x0, 0x2a, 0x1c, 0x0,
    0x0, 0x0, 0x5e, 0xff, 0xff, 0x55, 0x18, 0xca,
    0xff, 0xa7, 0x0, 0x0, 0x0, 0x8f, 0xff, 0xff,
    0x5a, 0x0, 0xcb, 0xff, 0xff, 0xca, 0x91, 0xb7,
    0xff, 0xff, 0xf9, 0x1a, 0x0, 0x29, 0xe7, 0xff,
    0xff, 0xff, 0xff, 0xff, 0xfe, 0x6c, 0x0, 0x0,
    0x0, 0x1b, 0x8e, 0xd9, 0xf8, 0xed, 0xb1, 0x33,
    0x0, 0x0,

    /* U+0034 "4" */
    0x0, 0x0, 0x0, 0x0, 0x0, 0x0, 0x26, 0x80,
    0x80, 0x5c, 0x0, 0x0, 0x0, 0x0, 0x0, 0x0,
    0x0, 0x4, 0xcc, 0xff, 0xff, 0xb8, 0x0, 0x0,
    0x0, 0x0, 0x0, 0x0, 0x0, 0x81, 0xff, 0xff,
    0xff, 0xb8, 0x0, 0x0, 0x0, 0x0, 0x0, 0x0,
    0x35, 0xfb, 0xff, 0xff, 0xff, 0xb8, 0x0, 0x0,
    0x0, 0x0, 0x0, 0x9, 0xd8, 0xff, 0xcb, 0xe9,
    0xff, 0xb8, 0x0, 0x0, 0x0, 0x0, 0x0, 0x93,
    0xff, 0xf6, 0x28, 0xe0, 0xff, 0xb8, 0x0, 0x0,
    0x0, 0x0, 0x44, 0xfe, 0xff, 0x6d, 0x0, 0xe0,
    0xff, 0xb8, 0x0, 0x0, 0x0, 0x10, 0xe3, 0xff,
    0xbb, 0x1, 0x0, 0xe0, 0xff, 0xb8, 0x0, 0x0,
    0x0, 0xa5, 0xff, 0xef, 0x1c, 0x0, 0x0, 0xe0,
    0xff, 0xb8, 0x0, 0x0, 0x2b, 0xff, 0xff, 0xff,
    0xff, 0xff, 0xff, 0xff, 0xff, 0xff, 0xff, 0x70,
    0x34, 0xff, 0xff, 0xff, 0xff, 0xff, 0xff, 0xff,
    0xff, 0xff, 0xff, 0x70, 0x15, 0x6c, 0x6c, 0x6c,
    0x6c, 0x6c, 0x6c, 0xed, 0xff, 0xd6, 0x6c, 0x2f,
    0x0, 0x0, 0x0, 0x0, 0x0, 0x0, 0x0, 0xe0,
    0xff, 0xb8, 0x0, 0x0, 0x0, 0x0, 0x0, 0x0,
    0x0, 0x0, 0x0, 0xe0, 0xff, 0xb8, 0x0, 0x0,

    /* U+0035 "5" */
    0x0, 0x13, 0xff, 0xff, 0xff, 0xff, 0xff, 0xff,
    0xff, 0xb0, 0x0, 0x0, 0x2f, 0xff, 0xff, 0xff,
    0xff, 0xff, 0xff, 0xff, 0xb0, 0x0, 0x0, 0x4c,
    0xff, 0xff, 0x5a, 0x48, 0x48, 0x48, 0x48, 0x31,
    0x0, 0x0, 0x69, 0xff, 0xf7, 0x2, 0x0, 0x0,
    0x0, 0x0, 0x0, 0x0, 0x0, 0x86, 0xff, 0xd4,
    0x0, 0x0, 0x0, 0x0, 0x0, 0x0, 0x0, 0x0,
    0xa2, 0xff, 0xc4, 0x94, 0xe0, 0xf7, 0xc6, 0x4c,
    0x0, 0x0, 0x0, 0xbf, 0xff, 0xff, 0xff, 0xff,
    0xff, 0xff, 0xff, 0x5e, 0x0, 0x0, 0x38, 0xac,
    0xfc, 0xa5, 0x58, 0x82, 0xf5, 0xff, 0xf1, 0x18,
    0x0, 0x0, 0x0, 0x12, 0x0, 0x0, 0x0, 0x61,
    0xff, 0xff, 0x66, 0x0, 0x0, 0x3b, 0x20, 0x0,
    0x0, 0x0, 0x25, 0xff, 0xff, 0x7d, 0x10, 0xdc,
    0xff, 0xa2, 0x0, 0x0, 0x0, 0x6a, 0xff, 0xff,
    0x61, 0x0, 0xbf, 0xff, 0xff, 0xb0, 0x6e, 0x96,
    0xfa, 0xff, 0xf3, 0x14, 0x0, 0x1c, 0xda, 0xff,
    0xff, 0xff, 0xff, 0xff, 0xf9, 0x58, 0x0, 0x0,
    0x0, 0x12, 0x81, 0xd6, 0xf7, 0xec, 0xac, 0x27,
    0x0, 0x0,

    /* U+0036 "6" */
    0x0, 0x0, 0x0, 0x0, 0x0, 0x1, 0xb, 0x0,
    0x0, 0x0, 0x0, 0x0, 0x0, 0x0, 0x0, 0x0,
    0x73, 0xdd, 0x3c, 0x0, 0x0, 0x0, 0x0, 0x0,
    0x0, 0x0, 0x2f, 0xf8, 0xff, 0xce, 0x1, 0x0,
    0x0, 0x0, 0x0, 0x0, 0x9, 0xd5, 0xff, 0xf6,
    0x2a, 0x0, 0x0, 0x0, 0x0, 0x0, 0x0, 0x94,
    0xff, 0xff, 0x6a, 0x0, 0x0, 0x0, 0x0, 0x0,
    0x0, 0x48, 0xff, 0xff, 0xb3, 0x0, 0x0, 0x0,
    0x0, 0x0, 0x0, 0xc, 0xe2, 0xff, 0xff, 0xe6,
    0xf6, 0xd0, 0x5c, 0x0, 0x0, 0x0, 0x7f, 0xff,
    0xff, 0xff, 0xff, 0xff, 0xff, 0xff, 0x74, 0x0,
    0x2, 0xe5, 0xff, 0xfe, 0x86, 0x39, 0x5e, 0xe7,
    0xff, 0xf8, 0x22, 0x1f, 0xff, 0xff, 0x9c, 0x0,
    0x0, 0x0, 0x48, 0xff, 0xff, 0x74, 0x2c, 0xff,
    0xff, 0x69, 0x0, 0x0, 0x0, 0x13, 0xff, 0xff,
    0x88, 0xc, 0xfa, 0xff, 0xb7, 0x0, 0x0, 0x0,
    0x63, 0xff, 0xff, 0x65, 0x0, 0xa3, 0xff, 0xff,
    0xbd, 0x70, 0x96, 0xfa, 0xff, 0xee, 0x12, 0x0,
    0x12, 0xce, 0xff, 0xff, 0xff, 0xff, 0xff, 0xf7,
    0x4a, 0x0, 0x0, 0x0, 0x5, 0x7b, 0xd9, 0xf9,
    0xeb, 0xa6, 0x2a, 0x0, 0x0,

    /* U+0037 "7" */
    0x12, 0x74, 0x74, 0x74, 0x74, 0x74, 0x74, 0x74,
    0x74, 0x74, 0xe, 0x2d, 0xff, 0xff, 0xff, 0xff,
    0xff, 0xff, 0xff, 0xff, 0xff, 0x20, 0x32, 0xff,
    0xff, 0xff, 0xff, 0xff, 0xff, 0xff, 0xff, 0xff,
    0x20, 0x0, 0x0, 0x0, 0x0, 0x0, 0x0, 0x1a,
    0xf6, 0xff, 0xe0, 0x7, 0x0, 0x0, 0x0, 0x0,
    0x0, 0x0, 0xa0, 0xff, 0xff, 0x55, 0x0, 0x0,
    0x0, 0x0, 0x0, 0x0, 0x32, 0xfe, 0xff, 0xc1,
    0x0, 0x0, 0x0, 0x0, 0x0, 0x0, 0x0, 0xc1,
    0xff, 0xfd, 0x31, 0x0, 0x0, 0x0, 0x0, 0x0,
    0x0, 0x54, 0xff, 0xff, 0x9b, 0x0, 0x0, 0x0,
    0x0, 0x0, 0x0, 0x7, 0xdd, 0xff, 0xf1, 0x17,
    0x0, 0x0, 0x0, 0x0, 0x0, 0x0, 0x77, 0xff,
    0xff, 0x75, 0x0, 0x0, 0x0, 0x0, 0x0, 0x0,
    0x16, 0xf1, 0xff, 0xdb, 0x6, 0x0, 0x0, 0x0,
    0x0, 0x0, 0x0, 0x99, 0xff, 0xff, 0x4e, 0x0,
    0x0, 0x0, 0x0, 0x0, 0x0, 0x2d, 0xfc, 0xff,
    0xbb, 0x0, 0x0, 0x0, 0x0, 0x0, 0x0, 0x0,
    0x2b, 0xbe, 0xfc, 0x2c, 0x0, 0x0, 0x0, 0x0,
    0x0, 0x0, 0x0, 0x0, 0x0, 0x2b, 0x0, 0x0,
    0x0, 0x0, 0x0, 0x0, 0x0,

    /* U+0038 "8" */
    0x0, 0x0, 0x6, 0x72, 0xd7, 0xf9, 0xee, 0xae,
    0x2d, 0x0, 0x0, 0x0, 0x4, 0xc1, 0xff, 0xff,
    0xff, 0xff, 0xff, 0xfd, 0x58, 0x0, 0x0, 0x71,
    0xff, 0xff, 0xb7, 0x5c, 0x77, 0xef, 0xff, 0xee,
    0x8, 0x0, 0xb1, 0xff, 0xe7, 0x4, 0x0, 0x0,
    0x68, 0xff, 0xff, 0x39, 0x0, 0xa4, 0xff, 0xe6,
    0x4, 0x0, 0x0, 0x67, 0xff, 0xff, 0x2a, 0x0,
    0x3e, 0xfd, 0xff, 0xb0, 0x50, 0x6c, 0xec, 0xff,
    0xc0, 0x0, 0x0, 0x0, 0x67, 0xff, 0xff, 0xff,
    0xff, 0xff, 0xd8, 0x15, 0x0, 0x0, 0x21, 0xd9,
    0xff, 0xff, 0xff, 0xff, 0xff, 0xfd, 0x80, 0x0,
    0x0, 0xc9, 0xff, 0xef, 0x51, 0xc, 0x21, 0xa6,
    0xff, 0xff, 0x4b, 0x1d, 0xff, 0xff, 0x80, 0x0,
    0x0, 0x0, 0x6, 0xf8, 0xff, 0xa0, 0x26, 0xff,
    0xff, 0xa4, 0x0, 0x0, 0x0, 0x22, 0xfe, 0xff,
    0xaa, 0x1, 0xdb, 0xff, 0xff, 0xad, 0x6e, 0x80,
    0xe4, 0xff, 0xff, 0x60, 0x0, 0x39, 0xf1, 0xff,
    0xff, 0xff, 0xff, 0xff, 0xff, 0xad, 0x2, 0x0,
    0x0, 0x16, 0x8f, 0xdf, 0xfa, 0xf2, 0xc2, 0x5f,
    0x1, 0x0,

    /* U+0039 "9" */
    0x0, 0x0, 0xb, 0x7e, 0xd8, 0xf9, 0xe8, 0xa3,
    0x29, 0x0, 0x0, 0x0, 0x13, 0xd2, 0xff, 0xff,
    0xff, 0xff, 0xff, 0xf6, 0x48, 0x0, 0x0, 0xa5,
    0xff, 0xff, 0xbe, 0x71, 0x96, 0xf9, 0xff, 0xed,
    0xf, 0xe, 0xfb, 0xff, 0xba, 0x1, 0x0, 0x0,
    0x5d, 0xff, 0xff, 0x61, 0x2d, 0xff, 0xff, 0x6d,
    0x0, 0x0, 0x0, 0xe, 0xff, 0xff, 0x88, 0x1a,
    0xff, 0xff, 0x9e, 0x0, 0x0, 0x0, 0x40, 0xff,
    0xff, 0x7a, 0x0, 0xc4, 0xff, 0xfe, 0x87, 0x38,
    0x5d, 0xe5, 0xff, 0xff, 0x40, 0x0, 0x28, 0xf4,
    0xff, 0xff, 0xff, 0xff, 0xff, 0xff, 0xd6, 0x2,
    0x0, 0x0, 0x2d, 0xb4, 0xf4, 0xe4, 0xfe, 0xff,
    0xff, 0x4a, 0x0, 0x0, 0x0, 0x0, 0x0, 0x0,
    0x57, 0xff, 0xff, 0xa3, 0x0, 0x0, 0x0, 0x0,
    0x0, 0x0, 0x1d, 0xef, 0xff, 0xe0, 0xf, 0x0,
    0x0, 0x0, 0x0, 0x0, 0x2, 0xbf, 0xff, 0xfd,
    0x3d, 0x0, 0x0, 0x0, 0x0, 0x0, 0x0, 0x71,
    0xff, 0xff, 0x84, 0x0, 0x0, 0x0, 0x0, 0x0,
    0x0, 0x0, 0x16, 0xaf, 0xc9, 0x4, 0x0, 0x0,
    0x0, 0x0, 0x0, 0x0, 0x0, 0x0, 0x0, 0xd,
    0x0, 0x0, 0x0, 0x0, 0x0,

    /* U+003A ":" */
    0x0, 0x6f, 0xf1, 0xbd, 0xb, 0x2, 0xf9, 0xff,
    0xff, 0x5d, 0x0, 0xcc, 0xff, 0xfc, 0x31, 0x0,
    0x10, 0x62, 0x33, 0x0, 0x0, 0x0, 0x0, 0x0,
    0x0, 0x0, 0x0, 0x0, 0x0, 0x0, 0x0, 0xe,
    0x5d, 0x2f, 0x0, 0x0, 0xca, 0xff, 0xfc, 0x30,
    0x2, 0xf9, 0xff, 0xff, 0x5d, 0x0, 0x72, 0xf2,
    0xc0, 0xc,

    /* U+003B ";" */
    0x0, 0x68, 0xf0, 0xc2, 0xe, 0x0, 0xf1, 0xff,
    0xff, 0x65, 0x0, 0xc2, 0xff, 0xfe, 0x38, 0x0,
    0xe, 0x61, 0x36, 0x0, 0x0, 0x0, 0x0, 0x0,
    0x0, 0x0, 0x0, 0x0, 0x0, 0x0, 0x0, 0x1d,
    0x81, 0x54, 0x0, 0x0, 0xd1, 0xff, 0xff, 0x45,
    0x0, 0xed, 0xff, 0xff, 0x60, 0x0, 0x4b, 0xfe,
    0xe0, 0xa, 0x0, 0x77, 0xfe, 0x42, 0x0, 0x4,
    0xd5, 0x94, 0x0, 0x0, 0x0, 0xa, 0x9, 0x0,
    0x0,

    /* U+003C "<" */
    0x0, 0x0, 0x0, 0x0, 0x0, 0x0, 0x0, 0x0,
    0x6, 0x0, 0x0, 0x0, 0x0, 0x0, 0x0, 0x47,
    0xbc, 0x6b, 0x0, 0x0, 0x0, 0x5, 0x5e, 0xd2,
    0xff, 0xff, 0x6c, 0x0, 0xe, 0x74, 0xe4, 0xff,
    0xff, 0xff, 0xc8, 0x33, 0x80, 0xf1, 0xff, 0xff,
    0xf7, 0x9f, 0x33, 0x0, 0x0, 0xe0, 0xff, 0xff,
    0xa8, 0x13, 0x0, 0x0, 0x0, 0x0, 0xc1, 0xff,
    0xff, 0xff, 0xc1, 0x55, 0x4, 0x0, 0x0, 0x1,
    0x4d, 0xc1, 0xff, 0xff, 0xff, 0xe4, 0x7b, 0x13,
    0x0, 0x0, 0x0, 0x36, 0xab, 0xfc, 0xff, 0xff,
    0x6c, 0x0, 0x0, 0x0, 0x0, 0x0, 0x22, 0x94,
    0xf5, 0x6c, 0x0, 0x0, 0x0, 0x0, 0x0, 0x0,
    0x0, 0x13, 0x26,

    /* U+003D "=" */
    0xe0, 0xff, 0xff, 0xff, 0xff, 0xff, 0xff, 0xff,
    0xff, 0x80, 0xe0, 0xff, 0xff, 0xff, 0xff, 0xff,
    0xff, 0xff, 0xff, 0x80, 0x42, 0x4c, 0x4c, 0x4c,
    0x4c, 0x4c, 0x4c, 0x4c, 0x4c, 0x26, 0x0, 0x0,
    0x0, 0x0, 0x0, 0x0, 0x0, 0x0, 0x0, 0x0,
    0xe0, 0xff, 0xff, 0xff, 0xff, 0xff, 0xff, 0xff,
    0xff, 0x80, 0xe0, 0xff, 0xff, 0xff, 0xff, 0xff,
    0xff, 0xff, 0xff, 0x80, 0x3f, 0x48, 0x48, 0x48,
    0x48, 0x48, 0x48, 0x48, 0x48, 0x24,

    /* U+003E ">" */
    0x6, 0x0, 0x0, 0x0, 0x0, 0x0, 0x0, 0x0,
    0x0, 0xbf, 0x90, 0x1f, 0x0, 0x0, 0x0, 0x0,
    0x0, 0x0, 0xcc, 0xff, 0xfb, 0xa7, 0x32, 0x0,
    0x0, 0x0, 0x0, 0x71, 0xe9, 0xff, 0xff, 0xff,
    0xbd, 0x49, 0x0, 0x0, 0x0, 0x6, 0x5c, 0xc8,
    0xff, 0xff, 0xff, 0xd3, 0x3e, 0x0, 0x0, 0x0,
    0x0, 0x38, 0xe3, 0xff, 0xff, 0x80, 0x0, 0x0,
    0x17, 0x7d, 0xe5, 0xff, 0xff, 0xfd, 0x64, 0x35,
    0xa4, 0xf9, 0xff, 0xff, 0xf5, 0x96, 0x23, 0x0,
    0xcc, 0xff, 0xff, 0xea, 0x7f, 0x14, 0x0, 0x0,
    0x0, 0xcc, 0xda, 0x68, 0x8, 0x0, 0x0, 0x0,
    0x0, 0x0, 0x37, 0x2, 0x0, 0x0, 0x0, 0x0,
    0x0, 0x0, 0x0,

    /* U+003F "?" */
    0x0, 0x0, 0x3c, 0xbd, 0xf5, 0xf5, 0xc7, 0x50,
    0x0, 0x0, 0x0, 0x5c, 0xfe, 0xff, 0xff, 0xff,
    0xff, 0xff, 0x8a, 0x0, 0x11, 0xf4, 0xff, 0xec,
    0x80, 0x78, 0xe9, 0xff, 0xfd, 0x1e, 0x8, 0x5c,
    0xbe, 0x3c, 0x0, 0x0, 0x5b, 0xff, 0xff, 0x47,
    0x0, 0x0, 0x0, 0x0, 0x0, 0x0, 0x80, 0xff,
    0xff, 0x25, 0x0, 0x0, 0x0, 0x0, 0x0, 0x6d,
    0xfe, 0xff, 0xa8, 0x0, 0x0, 0x0, 0x0, 0x0,
    0x74, 0xff, 0xff, 0xba, 0x9, 0x0, 0x0, 0x0,
    0x0, 0x12, 0xf9, 0xff, 0xca, 0x7, 0x0, 0x0,
    0x0, 0x0, 0x0, 0x38, 0xff, 0xff, 0x6b, 0x0,
    0x0, 0x0, 0x0, 0x0, 0x0, 0x7, 0x20, 0x20,
    0xc, 0x0, 0x0, 0x0, 0x0, 0x0, 0x0, 0x0,
    0x49, 0x50, 0x1, 0x0, 0x0, 0x0, 0x0, 0x0,
    0x0, 0x70, 0xff, 0xff, 0x86, 0x0, 0x0, 0x0,
    0x0, 0x0, 0x0, 0xa1, 0xff, 0xff, 0xb8, 0x0,
    0x0, 0x0, 0x0, 0x0, 0x0, 0x30, 0xdd, 0xe4,
    0x3d, 0x0, 0x0, 0x0,

    /* U+0040 "@" */
    0x0, 0x0, 0x0, 0x0, 0x0, 0x1f, 0x72, 0xac,
    0xc3, 0xbb, 0x9c, 0x54, 0x7, 0x0, 0x0, 0x0,
    0x0, 0x0, 0x0, 0x0, 0x9, 0x93, 0xfa, 0xff,
    0xff, 0xff, 0xff, 0xff, 0xff, 0xe2, 0x55, 0x0,
    0x0, 0x0, 0x0, 0x0, 0xf, 0xcc, 0xff, 0xe8,
    0x75, 0x28, 0x8, 0x11, 0x40, 0xa2, 0xfd, 0xff,
    0x7b, 0x0, 0x0, 0x0, 0x0, 0xb2, 0xff, 0xbe,
    0x12, 0x0, 0x0, 0x0, 0x0, 0x0, 0x0, 0x45,
    0xf2, 0xff, 0x51, 0x0, 0x0, 0x4a, 0xff, 0xde,
    0xe, 0x4, 0x7b, 0xe4, 0xf1, 0xb4, 0x8e, 0xff,
    0x8c, 0x4d, 0xff, 0xdd, 0x5, 0x0, 0xb3, 0xff,
    0x60, 0x0, 0xa6, 0xff, 0xff, 0xf4, 0xff, 0xff,
    0xff, 0x8c, 0x0, 0xba, 0xff, 0x45, 0x1, 0xf5,
    0xfe, 0x10, 0x3f, 0xff, 0xef, 0x35, 0x0, 0x43,
    0xf7, 0xff, 0x8c, 0x0, 0x63, 0xff, 0x86, 0x14,
    0xff, 0xeb, 0x0, 0x7f, 0xff, 0x8e, 0x0, 0x0,
    0x0, 0x9f, 0xff, 0x8c, 0x0, 0x40, 0xff, 0x9f,
    0x15, 0xff, 0xeb, 0x0, 0x80, 0xff, 0x84, 0x0,
    0x0, 0x0, 0x93, 0xff, 0x8c, 0x0, 0x49, 0xff,
    0x90, 0x1, 0xf6, 0xfe, 0x13, 0x42, 0xff, 0xdd,
    0x13, 0x0, 0x1d, 0xe8, 0xff, 0xae, 0x0, 0x91,
    0xff, 0x61, 0x0, 0xb4, 0xff, 0x69, 0x0, 0xa7,
    0xff, 0xef, 0xc3, 0xf2, 0xf4, 0xe9, 0xfe, 0xcb,
    0xfd, 0xe6, 0x9, 0x0, 0x4c, 0xff, 0xe6, 0x15,
    0x4, 0x7c, 0xe4, 0xf9, 0xcd, 0x3f, 0x35, 0xcd,
    0xf8, 0xc8, 0x25, 0x0, 0x0, 0x0, 0xb5, 0xff,
    0xcb, 0x19, 0x0, 0x0, 0x0, 0x0, 0x0, 0x0,
    0x0, 0x0, 0x0, 0x0, 0x0, 0x0, 0x0, 0x10,
    0xce, 0xff, 0xee, 0x7c, 0x2a, 0x8, 0x19, 0x55,
    0x68, 0x0, 0x0, 0x0, 0x0, 0x0, 0x0, 0x0,
    0x0, 0xa, 0x98, 0xfc, 0xff, 0xff, 0xff, 0xff,
    0xff, 0xe8, 0x4, 0x0, 0x0, 0x0, 0x0, 0x0,
    0x0, 0x0, 0x0, 0x0, 0x22, 0x75, 0xad, 0xc4,
    0xb8, 0x94, 0x48, 0x2, 0x0, 0x0, 0x0, 0x0,

    /* U+0041 "A" */
    0x0, 0x0, 0x0, 0x0, 0x0, 0x92, 0xff, 0xff,
    0xe2, 0x2, 0x0, 0x0, 0x0, 0x0, 0x0, 0x0,
    0x0, 0x0, 0x0, 0x7, 0xec, 0xff, 0xff, 0xff,
    0x47, 0x0, 0x0, 0x0, 0x0, 0x0, 0x0, 0x0,
    0x0, 0x0, 0x57, 0xff, 0xff, 0xfd, 0xff, 0xa9,
    0x0, 0x0, 0x0, 0x0, 0x0, 0x0, 0x0, 0x0,
    0x0, 0xb9, 0xff, 0xe6, 0x99, 0xff, 0xf8, 0x12,
    0x0, 0x0, 0x0, 0x0, 0x0, 0x0, 0x0, 0x1d,
    0xfd, 0xff, 0x97, 0x44, 0xff, 0xff, 0x6e, 0x0,
    0x0, 0x0, 0x0, 0x0, 0x0, 0x0, 0x7e, 0xff,
    0xff, 0x39, 0x2, 0xe3, 0xff, 0xd0, 0x0, 0x0,
    0x0, 0x0, 0x0, 0x0, 0x1, 0xdf, 0xff, 0xd8,
    0x0, 0x0, 0x85, 0xff, 0xff, 0x32, 0x0, 0x0,
    0x0, 0x0, 0x0, 0x44, 0xff, 0xff, 0x78, 0x0,
    0x0, 0x25, 0xff, 0xff, 0x94, 0x0, 0x0, 0x0,
    0x0, 0x0, 0xa6, 0xff, 0xff, 0xff, 0xff, 0xff,
    0xff, 0xff, 0xff, 0xee, 0x8, 0x0, 0x0, 0x0,
    0x10, 0xf7, 0xff, 0xff, 0xff, 0xff, 0xff, 0xff,
    0xff, 0xff, 0xff, 0x59, 0x0, 0x0, 0x0, 0x6b,
    0xff, 0xff, 0xa0, 0x74, 0x74, 0x74, 0x74, 0x76,
    0xfb, 0xff, 0xbb, 0x0, 0x0, 0x0, 0xce, 0xff,
    0xfb, 0x13, 0x0, 0x0, 0x0, 0x0, 0x0, 0xbc,
    0xff, 0xfe, 0x1f, 0x0, 0x30, 0xff, 0xff, 0xb8,
    0x0, 0x0, 0x0, 0x0, 0x0, 0x0, 0x67, 0xff,
    0xff, 0x80, 0x0, 0x93, 0xff, 0xff, 0x62, 0x0,
    0x0, 0x0, 0x0, 0x0, 0x0, 0x15, 0xfc, 0xff,
    0xe0, 0x2,

    /* U+0042 "B" */
    0x90, 0xff, 0xff, 0xff, 0xff, 0xff, 0xf5, 0xc2,
    0x48, 0x0, 0x0, 0x90, 0xff, 0xff, 0xff, 0xff,
    0xff, 0xff, 0xff, 0xff, 0x7a, 0x0, 0x90, 0xff,
    0xff, 0x79, 0x64, 0x64, 0x80, 0xee, 0xff, 0xfd,
    0x2c, 0x90, 0xff, 0xff, 0x24, 0x0, 0x0, 0x0,
    0x5a, 0xff, 0xff, 0x63, 0x90, 0xff, 0xff, 0x24,
    0x0, 0x0, 0x0, 0x53, 0xff, 0xff, 0x49, 0x90,
    0xff, 0xff, 0x65, 0x4c, 0x4c, 0x6a, 0xe5, 0xff,
    0xcf, 0x3, 0x90, 0xff, 0xff, 0xff, 0xff, 0xff,
    0xff, 0xff, 0xc8, 0x15, 0x0, 0x90, 0xff, 0xff,
    0xff, 0xff, 0xff, 0xff, 0xff, 0xfe, 0x9c, 0x5,
    0x90, 0xff, 0xff, 0x24, 0x0, 0x0, 0xf, 0x73,
    0xff, 0xff, 0x82, 0x90, 0xff, 0xff, 0x24, 0x0,
    0x0, 0x0, 0x0, 0xd5, 0xff, 0xd8, 0x90, 0xff,
    0xff, 0x24, 0x0, 0x0, 0x0, 0xc, 0xec, 0xff,
    0xe4, 0x90, 0xff, 0xff, 0x87, 0x74, 0x74, 0x80,
    0xd3, 0xff, 0xff, 0xa3, 0x90, 0xff, 0xff, 0xff,
    0xff, 0xff, 0xff, 0xff, 0xff, 0xe2, 0x1c, 0x90,
    0xff, 0xff, 0xff, 0xff, 0xff, 0xfb, 0xdc, 0x82,
    0xf, 0x0,

    /* U+0043 "C" */
    0x0, 0x0, 0x0, 0x0, 0x1a, 0x82, 0xcb, 0xee,
    0xf8, 0xe2, 0xa7, 0x46, 0x0, 0x0, 0x0, 0x0,
    0x0, 0x70, 0xf7, 0xff, 0xff, 0xff, 0xff, 0xff,
    0xff, 0xff, 0xa9, 0x8, 0x0, 0x0, 0x84, 0xff,
    0xff, 0xff, 0xd3, 0x96, 0x8b, 0xb0, 0xf7, 0xff,
    0xfb, 0x49, 0x0, 0x41, 0xff, 0xff, 0xed, 0x4b,
    0x0, 0x0, 0x0, 0x0, 0x1e, 0xba, 0x4a, 0x0,
    0x0, 0xc3, 0xff, 0xff, 0x4c, 0x0, 0x0, 0x0,
    0x0, 0x0, 0x0, 0x0, 0x0, 0x0, 0x15, 0xfe,
    0xff, 0xb4, 0x0, 0x0, 0x0, 0x0, 0x0, 0x0,
    0x0, 0x0, 0x0, 0x0, 0x37, 0xff, 0xff, 0x7c,
    0x0, 0x0, 0x0, 0x0, 0x0, 0x0, 0x0, 0x0,
    0x0, 0x0, 0x37, 0xff, 0xff, 0x7b, 0x0, 0x0,
    0x0, 0x0, 0x0, 0x0, 0x0, 0x0, 0x0, 0x0,
    0x15, 0xfe, 0xff, 0xb4, 0x0, 0x0, 0x0, 0x0,
    0x0, 0x0, 0x0, 0x0, 0x0, 0x0, 0x0, 0xc3,
    0xff, 0xff, 0x4b, 0x0, 0x0, 0x0, 0x0, 0x0,
    0x0, 0x5, 0xa, 0x0, 0x0, 0x41, 0xff, 0xff,
    0xee, 0x5c, 0x0, 0x0, 0x0, 0x0, 0x19, 0xb8,
    0xc7, 0x12, 0x0, 0x0, 0x83, 0xff, 0xff, 0xff,
    0xd4, 0x99, 0x8f, 0xb2, 0xf6, 0xff, 0xff, 0xae,
    0x0, 0x0, 0x0, 0x71, 0xf8, 0xff, 0xff, 0xff,
    0xff, 0xff, 0xff, 0xff, 0xc1, 0x15, 0x0, 0x0,
    0x0, 0x0, 0x1c, 0x86, 0xce, 0xf0, 0xf8, 0xe2,
    0xab, 0x52, 0x0, 0x0,

    /* U+0044 "D" */
    0x90, 0xff, 0xff, 0xff, 0xff, 0xfa, 0xe6, 0xb5,
    0x65, 0x7, 0x0, 0x0, 0x0, 0x90, 0xff, 0xff,
    0xff, 0xff, 0xff, 0xff, 0xff, 0xff, 0xde, 0x33,
    0x0, 0x0, 0x90, 0xff, 0xff, 0x98, 0x88, 0x8e,
    0xac, 0xee, 0xff, 0xff, 0xf1, 0x2b, 0x0, 0x90,
    0xff, 0xff, 0x24, 0x0, 0x0, 0x0, 0xa, 0x94,
    0xff, 0xff, 0xc7, 0x0, 0x90, 0xff, 0xff, 0x24,
    0x0, 0x0, 0x0, 0x0, 0x0, 0xb5, 0xff, 0xff,
    0x36, 0x90, 0xff, 0xff, 0x24, 0x0, 0x0, 0x0,
    0x0, 0x0, 0x47, 0xff, 0xff, 0x7b, 0x90, 0xff,
    0xff, 0x24, 0x0, 0x0, 0x0, 0x0, 0x0, 0x19,
    0xff, 0xff, 0x98, 0x90, 0xff, 0xff, 0x24, 0x0,
    0x0, 0x0, 0x0, 0x0, 0x1a, 0xff, 0xff, 0x98,
    0x90, 0xff, 0xff, 0x24, 0x0, 0x0, 0x0, 0x0,
    0x0, 0x46, 0xff, 0xff, 0x7c, 0x90, 0xff, 0xff,
    0x24, 0x0, 0x0, 0x0, 0x0, 0x0, 0xb4, 0xff,
    0xff, 0x39, 0x90, 0xff, 0xff, 0x24, 0x0, 0x0,
    0x0, 0xb, 0x95, 0xff, 0xff, 0xca, 0x0, 0x90,
    0xff, 0xff, 0x98, 0x88, 0x8e, 0xab, 0xee, 0xff,
    0xff, 0xf3, 0x2e, 0x0, 0x90, 0xff, 0xff, 0xff,
    0xff, 0xff, 0xff, 0xff, 0xff, 0xe0, 0x35, 0x0,
    0x0, 0x90, 0xff, 0xff, 0xff, 0xff, 0xfa, 0xe7,
    0xb8, 0x69, 0x8, 0x0, 0x0, 0x0,

    /* U+0045 "E" */
    0x90, 0xff, 0xff, 0xff, 0xff, 0xff, 0xff, 0xff,
    0xff, 0x84, 0x90, 0xff, 0xff, 0xff, 0xff, 0xff,
    0xff, 0xff, 0xff, 0x84, 0x90, 0xff, 0xff, 0x98,
    0x88, 0x88, 0x88, 0x88, 0x88, 0x46, 0x90, 0xff,
    0xff, 0x24, 0x0, 0x0, 0x0, 0x0, 0x0, 0x0,
    0x90, 0xff, 0xff, 0x24, 0x0, 0x0, 0x0, 0x0,
    0x0, 0x0, 0x90, 0xff, 0xff, 0x95, 0x84, 0x84,
    0x84, 0x84, 0x73, 0x0, 0x90, 0xff, 0xff, 0xff,
    0xff, 0xff, 0xff, 0xff, 0xe0, 0x0, 0x90, 0xff,
    0xff, 0xff, 0xff, 0xff, 0xff, 0xff, 0xe0, 0x0,
    0x90, 0xff, 0xff, 0x24, 0x0, 0x0, 0x0, 0x0,
    0x0, 0x0, 0x90, 0xff, 0xff, 0x24, 0x0, 0x0,
    0x0, 0x0, 0x0, 0x0, 0x90, 0xff, 0xff, 0x24,
    0x0, 0x0, 0x0, 0x0, 0x0, 0x0, 0x90, 0xff,
    0xff, 0x98, 0x88, 0x88, 0x88, 0x88, 0x88, 0x46,
    0x90, 0xff, 0xff, 0xff, 0xff, 0xff, 0xff, 0xff,
    0xff, 0x84, 0x90, 0xff, 0xff, 0xff, 0xff, 0xff,
    0xff, 0xff, 0xff, 0x84,

    /* U+0046 "F" */
    0x90, 0xff, 0xff, 0xff, 0xff, 0xff, 0xff, 0xff,
    0xff, 0x84, 0x90, 0xff, 0xff, 0xff, 0xff, 0xff,
    0xff, 0xff, 0xff, 0x84, 0x90, 0xff, 0xff, 0x98,
    0x88, 0x88, 0x88, 0x88, 0x88, 0x46, 0x90, 0xff,
    0xff, 0x24, 0x0, 0x0, 0x0, 0x0, 0x0, 0x0,
    0x90, 0xff, 0xff, 0x24, 0x0, 0x0, 0x0, 0x0,
    0x0, 0x0, 0x90, 0xff, 0xff, 0x24, 0x0, 0x0,
    0x0, 0x0, 0x0, 0x0, 0x90, 0xff, 0xff, 0xff,
    0xff, 0xff, 0xff, 0xff, 0xe0, 0x0, 0x90, 0xff,
    0xff, 0xff, 0xff, 0xff, 0xff, 0xff, 0xe0, 0x0,
    0x90, 0xff, 0xff, 0x95, 0x84, 0x84, 0x84, 0x84,
    0x73, 0x0, 0x90, 0xff, 0xff, 0x24, 0x0, 0x0,
    0x0, 0x0, 0x0, 0x0, 0x90, 0xff, 0xff, 0x24,
    0x0, 0x0, 0x0, 0x0, 0x0, 0x0, 0x90, 0xff,
    0xff, 0x24, 0x0, 0x0, 0x0, 0x0, 0x0, 0x0,
    0x90, 0xff, 0xff, 0x24, 0x0, 0x0, 0x0, 0x0,
    0x0, 0x0, 0x90, 0xff, 0xff, 0x24, 0x0, 0x0,
    0x0, 0x0, 0x0, 0x0,

    /* U+0047 "G" */
    0x0, 0x0, 0x0, 0x0, 0x19, 0x82, 0xc9, 0xee,
    0xf8, 0xe3, 0xae, 0x55, 0x1, 0x0, 0x0, 0x0,
    0x0, 0x0, 0x0, 0x6d, 0xf7, 0xff, 0xff, 0xff,
    0xff, 0xff, 0xff, 0xff, 0xc9, 0x1c, 0x0, 0x0,
    0x0, 0x0, 0x82, 0xff, 0xff, 0xff, 0xd6, 0x97,
    0x8a, 0xa3, 0xe7, 0xff, 0xfc, 0x62, 0x0, 0x0,
    0x0, 0x41, 0xff, 0xff, 0xef, 0x51, 0x0, 0x0,
    0x0, 0x0, 0x6, 0x78, 0x48, 0x0, 0x0, 0x0,
    0x0, 0xc4, 0xff, 0xfe, 0x40, 0x0, 0x0, 0x0,
    0x0, 0x0, 0x0, 0x0, 0x0, 0x0, 0x0, 0x0,
    0x15, 0xfe, 0xff, 0xb7, 0x0, 0x0, 0x0, 0x0,
    0x0, 0x0, 0x0, 0x0, 0x0, 0x0, 0x0, 0x0,
    0x37, 0xff, 0xff, 0x7c, 0x0, 0x0, 0x0, 0x0,
    0xc4, 0xff, 0xff, 0xff, 0xff, 0xff, 0xff, 0x56,
    0x37, 0xff, 0xff, 0x7c, 0x0, 0x0, 0x0, 0x0,
    0xc4, 0xff, 0xff, 0xff, 0xff, 0xff, 0xff, 0x61,
    0x15, 0xfe, 0xff, 0xb7, 0x0, 0x0, 0x0, 0x0,
    0x37, 0x48, 0x48, 0x48, 0x92, 0xff, 0xff, 0x49,
    0x0, 0xc4, 0xff, 0xfe, 0x40, 0x0, 0x0, 0x0,
    0x0, 0x0, 0x0, 0x3, 0xc6, 0xff, 0xfb, 0x10,
    0x0, 0x42, 0xff, 0xff, 0xf0, 0x64, 0x2, 0x0,
    0x0, 0x0, 0x12, 0xa4, 0xff, 0xff, 0xa2, 0x0,
    0x0, 0x0, 0x82, 0xff, 0xff, 0xff, 0xd9, 0x9b,
    0x8d, 0xa8, 0xee, 0xff, 0xff, 0xe3, 0x16, 0x0,
    0x0, 0x0, 0x0, 0x6d, 0xf7, 0xff, 0xff, 0xff,
    0xff, 0xff, 0xff, 0xff, 0xcf, 0x20, 0x0, 0x0,
    0x0, 0x0, 0x0, 0x0, 0x18, 0x82, 0xca, 0xef,
    0xf9, 0xe6, 0xb3, 0x5d, 0x3, 0x0, 0x0, 0x0,

    /* U+0048 "H" */
    0x90, 0xff, 0xff, 0x24, 0x0, 0x0, 0x0, 0x0,
    0x0, 0xd8, 0xff, 0xdc, 0x90, 0xff, 0xff, 0x24,
    0x0, 0x0, 0x0, 0x0, 0x0, 0xd8, 0xff, 0xdc,
    0x90, 0xff, 0xff, 0x24, 0x0, 0x0, 0x0, 0x0,
    0x0, 0xd8, 0xff, 0xdc, 0x90, 0xff, 0xff, 0x24,
    0x0, 0x0, 0x0, 0x0, 0x0, 0xd8, 0xff, 0xdc,
    0x90, 0xff, 0xff, 0x24, 0x0, 0x0, 0x0, 0x0,
    0x0, 0xd8, 0xff, 0xdc, 0x90, 0xff, 0xff, 0x98,
    0x88, 0x88, 0x88, 0x88, 0x88, 0xed, 0xff, 0xdc,
    0x90, 0xff, 0xff, 0xff, 0xff, 0xff, 0xff, 0xff,
    0xff, 0xff, 0xff, 0xdc, 0x90, 0xff, 0xff, 0xff,
    0xff, 0xff, 0xff, 0xff, 0xff, 0xff, 0xff, 0xdc,
    0x90, 0xff, 0xff, 0x24, 0x0, 0x0, 0x0, 0x0,
    0x0, 0xd8, 0xff, 0xdc, 0x90, 0xff, 0xff, 0x24,
    0x0, 0x0, 0x0, 0x0, 0x0, 0xd8, 0xff, 0xdc,
    0x90, 0xff, 0xff, 0x24, 0x0, 0x0, 0x0, 0x0,
    0x0, 0xd8, 0xff, 0xdc, 0x90, 0xff, 0xff, 0x24,
    0x0, 0x0, 0x0, 0x0, 0x0, 0xd8, 0xff, 0xdc,
    0x90, 0xff, 0xff, 0x24, 0x0, 0x0, 0x0, 0x0,
    0x0, 0xd8, 0xff, 0xdc, 0x90, 0xff, 0xff, 0x24,
    0x0, 0x0, 0x0, 0x0, 0x0, 0xd8, 0xff, 0xdc,

    /* U+0049 "I" */
    0x90, 0xff, 0xff, 0x24, 0x90, 0xff, 0xff, 0x24,
    0x90, 0xff, 0xff, 0x24, 0x90, 0xff, 0xff, 0x24,
    0x90, 0xff, 0xff, 0x24, 0x90, 0xff, 0xff, 0x24,
    0x90, 0xff, 0xff, 0x24, 0x90, 0xff, 0xff, 0x24,
    0x90, 0xff, 0xff, 0x24, 0x90, 0xff, 0xff, 0x24,
    0x90, 0xff, 0xff, 0x24, 0x90, 0xff, 0xff, 0x24,
    0x90, 0xff, 0xff, 0x24, 0x90, 0xff, 0xff, 0x24,

    /* U+004A "J" */
    0x0, 0x0, 0x0, 0x0, 0x0, 0x0, 0x0, 0xcc,
    0xff, 0xe8, 0x0, 0x0, 0x0, 0x0, 0x0, 0x0,
    0x0, 0xcc, 0xff, 0xe8, 0x0, 0x0, 0x0, 0x0,
    0x0, 0x0, 0x0, 0xcc, 0xff, 0xe8, 0x0, 0x0,
    0x0, 0x0, 0x0, 0x0, 0x0, 0xcc, 0xff, 0xe8,
    0x0, 0x0, 0x0, 0x0, 0x0, 0x0, 0x0, 0xcc,
    0xff, 0xe8, 0x0, 0x0, 0x0, 0x0, 0x0, 0x0,
    0x0, 0xcc, 0xff, 0xe8, 0x0, 0x0, 0x0, 0x0,
    0x0, 0x0, 0x0, 0xcc, 0xff, 0xe8, 0x0, 0x0,
    0x0, 0x0, 0x0, 0x0, 0x0, 0xcc, 0xff, 0xe8,
    0x0, 0x0, 0x0, 0x0, 0x0, 0x0, 0x0, 0xcc,
    0xff, 0xe8, 0x0, 0x0, 0x2d, 0x3, 0x0, 0x0,
    0x0, 0xd5, 0xff, 0xe3, 0x37, 0xc9, 0xff, 0x63,
    0x0, 0x0, 0x21, 0xfa, 0xff, 0xc5, 0x1c, 0xf9,
    0xff, 0xfc, 0xac, 0x95, 0xe7, 0xff, 0xff, 0x71,
    0x0, 0x5e, 0xfd, 0xff, 0xff, 0xff, 0xff, 0xff,
    0xc5, 0x7, 0x0, 0x0, 0x39, 0xb1, 0xe7, 0xf9,
    0xd7, 0x7e, 0x8, 0x0,

    /* U+004B "K" */
    0x90, 0xff, 0xff, 0x24, 0x0, 0x0, 0x0, 0xf,
    0xd4, 0xff, 0xff, 0x7b, 0x0, 0x90, 0xff, 0xff,
    0x24, 0x0, 0x0, 0x5, 0xbc, 0xff, 0xff, 0x9a,
    0x0, 0x0, 0x90, 0xff, 0xff, 0x24, 0x0, 0x0,
    0xa0, 0xff, 0xff, 0xb3, 0x3, 0x0, 0x0, 0x90,
    0xff, 0xff, 0x24, 0x0, 0x80, 0xff, 0xff, 0xc9,
    0xa, 0x0, 0x0, 0x0, 0x90, 0xff, 0xff, 0x24,
    0x5f, 0xff, 0xff, 0xdb, 0x15, 0x0, 0x0, 0x0,
    0x0, 0x90, 0xff, 0xff, 0x67, 0xfa, 0xff, 0xea,
    0x23, 0x0, 0x0, 0x0, 0x0, 0x0, 0x90, 0xff,
    0xff, 0xfe, 0xff, 0xff, 0xe7, 0x15, 0x0, 0x0,
    0x0, 0x0, 0x0, 0x90, 0xff, 0xff, 0xff, 0xff,
    0xff, 0xff, 0xb3, 0x0, 0x0, 0x0, 0x0, 0x0,
    0x90, 0xff, 0xff, 0xff, 0x75, 0xdd, 0xff, 0xff,
    0x6b, 0x0, 0x0, 0x0, 0x0, 0x90, 0xff, 0xff,
    0x89, 0x0, 0x37, 0xfb, 0xff, 0xf6, 0x2a, 0x0,
    0x0, 0x0, 0x90, 0xff, 0xff, 0x24, 0x0, 0x0,
    0x7a, 0xff, 0xff, 0xd0, 0x7, 0x0, 0x0, 0x90,
    0xff, 0xff, 0x24, 0x0, 0x0, 0x2, 0xbe, 0xff,
    0xff, 0x8f, 0x0, 0x0, 0x90, 0xff, 0xff, 0x24,
    0x0, 0x0, 0x0, 0x1b, 0xed, 0xff, 0xfe, 0x47,
    0x0, 0x90, 0xff, 0xff, 0x24, 0x0, 0x0, 0x0,
    0x0, 0x51, 0xff, 0xff, 0xe7, 0x15,

    /* U+004C "L" */
    0x90, 0xff, 0xff, 0x24, 0x0, 0x0, 0x0, 0x0,
    0x0, 0x0, 0x90, 0xff, 0xff, 0x24, 0x0, 0x0,
    0x0, 0x0, 0x0, 0x0, 0x90, 0xff, 0xff, 0x24,
    0x0, 0x0, 0x0, 0x0, 0x0, 0x0, 0x90, 0xff,
    0xff, 0x24, 0x0, 0x0, 0x0, 0x0, 0x0, 0x0,
    0x90, 0xff, 0xff, 0x24, 0x0, 0x0, 0x0, 0x0,
    0x0, 0x0, 0x90, 0xff, 0xff, 0x24, 0x0, 0x0,
    0x0, 0x0, 0x0, 0x0, 0x90, 0xff, 0xff, 0x24,
    0x0, 0x0, 0x0, 0x0, 0x0, 0x0, 0x90, 0xff,
    0xff, 0x24, 0x0, 0x0, 0x0, 0x0, 0x0, 0x0,
    0x90, 0xff, 0xff, 0x24, 0x0, 0x0, 0x0, 0x0,
    0x0, 0x0, 0x90, 0xff, 0xff, 0x24, 0x0, 0x0,
    0x0, 0x0, 0x0, 0x0, 0x90, 0xff, 0xff, 0x24,
    0x0, 0x0, 0x0, 0x0, 0x0, 0x0, 0x90, 0xff,
    0xff, 0x98, 0x88, 0x88, 0x88, 0x88, 0x88, 0x1b,
    0x90, 0xff, 0xff, 0xff, 0xff, 0xff, 0xff, 0xff,
    0xff, 0x34, 0x90, 0xff, 0xff, 0xff, 0xff, 0xff,
    0xff, 0xff, 0xff, 0x34,

    /* U+004D "M" */
    0x90, 0xff, 0xff, 0x63, 0x0, 0x0, 0x0, 0x0,
    0x0, 0x0, 0x0, 0x47, 0xff, 0xff, 0xb4, 0x90,
    0xff, 0xff, 0xea, 0x10, 0x0, 0x0, 0x0, 0x0,
    0x0, 0x5, 0xd8, 0xff, 0xff, 0xb4, 0x90, 0xff,
    0xff, 0xff, 0x93, 0x0, 0x0, 0x0, 0x0, 0x0,
    0x76, 0xff, 0xff, 0xff, 0xb4, 0x90, 0xff, 0xff,
    0xff, 0xfc, 0x2e, 0x0, 0x0, 0x0, 0x1a, 0xf3,
    0xff, 0xff, 0xff, 0xb4, 0x90, 0xff, 0xfc, 0xf5,
    0xff, 0xc1, 0x0, 0x0, 0x0, 0xa5, 0xff, 0xfc,
    0xf4, 0xff, 0xb4, 0x90, 0xff, 0xfb, 0x78, 0xff,
    0xff, 0x5a, 0x0, 0x3c, 0xff, 0xff, 0x94, 0xde,
    0xff, 0xb4, 0x90, 0xff, 0xff, 0x14, 0xdb, 0xff,
    0xe5, 0xf, 0xcf, 0xff, 0xed, 0x12, 0xf1, 0xff,
    0xb4, 0x90, 0xff, 0xff, 0x17, 0x4d, 0xff, 0xff,
    0xd6, 0xff, 0xff, 0x6b, 0x0, 0xfb, 0xff, 0xb4,
    0x90, 0xff, 0xff, 0x18, 0x0, 0xb6, 0xff, 0xff,
    0xff, 0xd3, 0x3, 0x0, 0xfc, 0xff, 0xb4, 0x90,
    0xff, 0xff, 0x18, 0x0, 0x27, 0xfa, 0xff, 0xff,
    0x43, 0x0, 0x0, 0xfc, 0xff, 0xb4, 0x90, 0xff,
    0xff, 0x18, 0x0, 0x0, 0x8c, 0xff, 0xae, 0x0,
    0x0, 0x0, 0xfc, 0xff, 0xb4, 0x90, 0xff, 0xff,
    0x18, 0x0, 0x0, 0x1, 0x8, 0x3, 0x0, 0x0,
    0x0, 0xfc, 0xff, 0xb4, 0x90, 0xff, 0xff, 0x18,
    0x0, 0x0, 0x0, 0x0, 0x0, 0x0, 0x0, 0x0,
    0xfc, 0xff, 0xb4, 0x90, 0xff, 0xff, 0x18, 0x0,
    0x0, 0x0, 0x0, 0x0, 0x0, 0x0, 0x0, 0xfc,
    0xff, 0xb4,

    /* U+004E "N" */
    0x90, 0xff, 0xff, 0xda, 0x7, 0x0, 0x0, 0x0,
    0x0, 0xa8, 0xff, 0xff, 0x4, 0x90, 0xff, 0xff,
    0xff, 0x7f, 0x0, 0x0, 0x0, 0x0, 0xa8, 0xff,
    0xff, 0x4, 0x90, 0xff, 0xff, 0xff, 0xf8, 0x24,
    0x0, 0x0, 0x0, 0xa8, 0xff, 0xff, 0x4, 0x90,
    0xff, 0xff, 0xff, 0xff, 0xb9, 0x0, 0x0, 0x0,
    0xa8, 0xff, 0xff, 0x4, 0x90, 0xff, 0xf7, 0xa9,
    0xff, 0xff, 0x56, 0x0, 0x0, 0xa8, 0xff, 0xff,
    0x4, 0x90, 0xff, 0xff, 0x1e, 0xf1, 0xff, 0xe5,
    0xe, 0x0, 0xa8, 0xff, 0xff, 0x4, 0x90, 0xff,
    0xff, 0x13, 0x6d, 0xff, 0xff, 0x91, 0x0, 0xa7,
    0xff, 0xff, 0x4, 0x90, 0xff, 0xff, 0x18, 0x3,
    0xcc, 0xff, 0xfc, 0x31, 0x9c, 0xff, 0xff, 0x4,
    0x90, 0xff, 0xff, 0x18, 0x0, 0x34, 0xfd, 0xff,
    0xc9, 0x8f, 0xff, 0xff, 0x4, 0x90, 0xff, 0xff,
    0x18, 0x0, 0x0, 0x95, 0xff, 0xff, 0xe5, 0xff,
    0xff, 0x4, 0x90, 0xff, 0xff, 0x18, 0x0, 0x0,
    0xf, 0xe7, 0xff, 0xff, 0xff, 0xff, 0x4, 0x90,
    0xff, 0xff, 0x18, 0x0, 0x0, 0x0, 0x5a, 0xff,
    0xff, 0xff, 0xff, 0x4, 0x90, 0xff, 0xff, 0x18,
    0x0, 0x0, 0x0, 0x0, 0xbc, 0xff, 0xff, 0xff,
    0x4, 0x90, 0xff, 0xff, 0x18, 0x0, 0x0, 0x0,
    0x0, 0x26, 0xf8, 0xff, 0xff, 0x4,

    /* U+004F "O" */
    0x0, 0x0, 0x0, 0x0, 0x1b, 0x84, 0xcd, 0xef,
    0xf8, 0xe1, 0xa6, 0x4a, 0x0, 0x0, 0x0, 0x0,
    0x0, 0x0, 0x0, 0x73, 0xf8, 0xff, 0xff, 0xff,
    0xff, 0xff, 0xff, 0xff, 0xc2, 0x1a, 0x0, 0x0,
    0x0, 0x0, 0x87, 0xff, 0xff, 0xff, 0xd0, 0x95,
    0x8b, 0xb0, 0xf6, 0xff, 0xff, 0xdf, 0x17, 0x0,
    0x0, 0x44, 0xff, 0xff, 0xec, 0x4b, 0x0, 0x0,
    0x0, 0x0, 0x16, 0xb2, 0xff, 0xff, 0xb1, 0x0,
    0x0, 0xc4, 0xff, 0xfe, 0x3b, 0x0, 0x0, 0x0,
    0x0, 0x0, 0x0, 0x4, 0xc4, 0xff, 0xff, 0x31,
    0x15, 0xfe, 0xff, 0xb5, 0x0, 0x0, 0x0, 0x0,
    0x0, 0x0, 0x0, 0x0, 0x45, 0xff, 0xff, 0x82,
    0x37, 0xff, 0xff, 0x7c, 0x0, 0x0, 0x0, 0x0,
    0x0, 0x0, 0x0, 0x0, 0xc, 0xff, 0xff, 0xa6,
    0x38, 0xff, 0xff, 0x7c, 0x0, 0x0, 0x0, 0x0,
    0x0, 0x0, 0x0, 0x0, 0xc, 0xff, 0xff, 0xa6,
    0x15, 0xfe, 0xff, 0xb5, 0x0, 0x0, 0x0, 0x0,
    0x0, 0x0, 0x0, 0x0, 0x45, 0xff, 0xff, 0x82,
    0x0, 0xc4, 0xff, 0xfe, 0x3a, 0x0, 0x0, 0x0,
    0x0, 0x0, 0x0, 0x4, 0xc3, 0xff, 0xff, 0x31,
    0x0, 0x44, 0xff, 0xff, 0xeb, 0x58, 0x0, 0x0,
    0x0, 0x0, 0x20, 0xb5, 0xff, 0xff, 0xb1, 0x0,
    0x0, 0x0, 0x87, 0xff, 0xff, 0xff, 0xd2, 0x98,
    0x8e, 0xb1, 0xf7, 0xff, 0xff, 0xdf, 0x17, 0x0,
    0x0, 0x0, 0x0, 0x74, 0xf9, 0xff, 0xff, 0xff,
    0xff, 0xff, 0xff, 0xff, 0xc3, 0x1b, 0x0, 0x0,
    0x0, 0x0, 0x0, 0x0, 0x1d, 0x88, 0xce, 0xf1,
    0xf8, 0xe2, 0xa9, 0x4e, 0x0, 0x0, 0x0, 0x0,

    /* U+0050 "P" */
    0x90, 0xff, 0xff, 0xff, 0xff, 0xfc, 0xe3, 0x9a,
    0x20, 0x0, 0x0, 0x90, 0xff, 0xff, 0xff, 0xff,
    0xff, 0xff, 0xff, 0xf0, 0x34, 0x0, 0x90, 0xff,
    0xff, 0x98, 0x88, 0x8d, 0xc4, 0xff, 0xff, 0xd8,
    0x2, 0x90, 0xff, 0xff, 0x24, 0x0, 0x0, 0x0,
    0xa7, 0xff, 0xff, 0x39, 0x90, 0xff, 0xff, 0x24,
    0x0, 0x0, 0x0, 0x63, 0xff, 0xff, 0x55, 0x90,
    0xff, 0xff, 0x24, 0x0, 0x0, 0x0, 0xab, 0xff,
    0xff, 0x38, 0x90, 0xff, 0xff, 0x98, 0x88, 0x8c,
    0xc3, 0xff, 0xff, 0xd8, 0x2, 0x90, 0xff, 0xff,
    0xff, 0xff, 0xff, 0xff, 0xff, 0xf0, 0x34, 0x0,
    0x90, 0xff, 0xff, 0xff, 0xff, 0xfd, 0xe4, 0x9b,
    0x20, 0x0, 0x0, 0x90, 0xff, 0xff, 0x24, 0x0,
    0x0, 0x0, 0x0, 0x0, 0x0, 0x0, 0x90, 0xff,
    0xff, 0x24, 0x0, 0x0, 0x0, 0x0, 0x0, 0x0,
    0x0, 0x90, 0xff, 0xff, 0x24, 0x0, 0x0, 0x0,
    0x0, 0x0, 0x0, 0x0, 0x90, 0xff, 0xff, 0x24,
    0x0, 0x0, 0x0, 0x0, 0x0, 0x0, 0x0, 0x90,
    0xff, 0xff, 0x24, 0x0, 0x0, 0x0, 0x0, 0x0,
    0x0, 0x0,

    /* U+0051 "Q" */
    0x0, 0x0, 0x0, 0x0, 0x1b, 0x84, 0xcd, 0xef,
    0xf8, 0xe1, 0xa6, 0x4b, 0x0, 0x0, 0x0, 0x0,
    0x0, 0x0, 0x0, 0x73, 0xf8, 0xff, 0xff, 0xff,
    0xff, 0xff, 0xff, 0xff, 0xc3, 0x1c, 0x0, 0x0,
    0x0, 0x0, 0x87, 0xff, 0xff, 0xff, 0xd0, 0x95,
    0x8b, 0xb0, 0xf6, 0xff, 0xff, 0xe1, 0x19, 0x0,
    0x0, 0x44, 0xff, 0xff, 0xec, 0x4b, 0x0, 0x0,
    0x0, 0x0, 0x16, 0xb2, 0xff, 0xff, 0xb6, 0x0,
    0x0, 0xc4, 0xff, 0xfe, 0x3b, 0x0, 0x0, 0x0,
    0x0, 0x0, 0x0, 0x4, 0xc4, 0xff, 0xff, 0x34,
    0x15, 0xfe, 0xff, 0xb5, 0x0, 0x0, 0x0, 0x0,
    0x0, 0x0, 0x0, 0x0, 0x45, 0xff, 0xff, 0x84,
    0x37, 0xff, 0xff, 0x7c, 0x0, 0x0, 0x0, 0x0,
    0x0, 0x0, 0x0, 0x0, 0xc, 0xff, 0xff, 0xa8,
    0x38, 0xff, 0xff, 0x7c, 0x0, 0x0, 0x0, 0x0,
    0x0, 0x0, 0x8, 0x0, 0xc, 0xff, 0xff, 0xa4,
    0x15, 0xfe, 0xff, 0xb5, 0x0, 0x0, 0x0, 0x0,
    0x1c, 0xae, 0xc1, 0x2, 0x48, 0xff, 0xff, 0x80,
    0x0, 0xc4, 0xff, 0xfe, 0x3a, 0x0, 0x0, 0x0,
    0x67, 0xff, 0xff, 0x83, 0xd3, 0xff, 0xff, 0x2d,
    0x0, 0x44, 0xff, 0xff, 0xeb, 0x58, 0x0, 0x0,
    0x0, 0xac, 0xff, 0xff, 0xff, 0xff, 0xa7, 0x0,
    0x0, 0x0, 0x87, 0xff, 0xff, 0xff, 0xd2, 0x98,
    0x8e, 0xc0, 0xff, 0xff, 0xff, 0xd0, 0x11, 0x0,
    0x0, 0x0, 0x0, 0x74, 0xf9, 0xff, 0xff, 0xff,
    0xff, 0xff, 0xff, 0xff, 0xff, 0xa3, 0x0, 0x0,
    0x0, 0x0, 0x0, 0x0, 0x1d, 0x88, 0xce, 0xf1,
    0xf8, 0xdf, 0xa3, 0xb0, 0xff, 0xff, 0x34, 0x0,
    0x0, 0x0, 0x0, 0x0, 0x0, 0x0, 0x0, 0x0,
    0x0, 0x0, 0x0, 0xc, 0xc5, 0x4f, 0x0, 0x0,
    0x0, 0x0, 0x0, 0x0, 0x0, 0x0, 0x0, 0x0,
    0x0, 0x0, 0x0, 0x0, 0x0, 0x0, 0x0, 0x0,

    /* U+0052 "R" */
    0x90, 0xff, 0xff, 0xff, 0xff, 0xfe, 0xeb, 0xab,
    0x31, 0x0, 0x0, 0x0, 0x90, 0xff, 0xff, 0xff,
    0xff, 0xff, 0xff, 0xff, 0xf9, 0x4e, 0x0, 0x0,
    0x90, 0xff, 0xff, 0x87, 0x74, 0x76, 0xa9, 0xff,
    0xff, 0xeb, 0xb, 0x0, 0x90, 0xff, 0xff, 0x24,
    0x0, 0x0, 0x0, 0x8c, 0xff, 0xff, 0x4d, 0x0,
    0x90, 0xff, 0xff, 0x24, 0x0, 0x0, 0x0, 0x4f,
    0xff, 0xff, 0x67, 0x0, 0x90, 0xff, 0xff, 0x24,
    0x0, 0x0, 0x0, 0x90, 0xff, 0xff, 0x43, 0x0,
    0x90, 0xff, 0xff, 0x87, 0x74, 0x76, 0xaa, 0xff,
    0xff, 0xd6, 0x4, 0x0, 0x90, 0xff, 0xff, 0xff,
    0xff, 0xff, 0xff, 0xff, 0xe5, 0x2a, 0x0, 0x0,
    0x90, 0xff, 0xff, 0xff, 0xff, 0xff, 0xff, 0xa8,
    0x10, 0x0, 0x0, 0x0, 0x90, 0xff, 0xff, 0x24,
    0x3d, 0xfc, 0xff, 0xde, 0xe, 0x0, 0x0, 0x0,
    0x90, 0xff, 0xff, 0x24, 0x0, 0x7d, 0xff, 0xff,
    0xa7, 0x0, 0x0, 0x0, 0x90, 0xff, 0xff, 0x24,
    0x0, 0x2, 0xbd, 0xff, 0xff, 0x62, 0x0, 0x0,
    0x90, 0xff, 0xff, 0x24, 0x0, 0x0, 0x19, 0xea,
    0xff, 0xf4, 0x27, 0x0, 0x90, 0xff, 0xff, 0x24,
    0x0, 0x0, 0x0, 0x48, 0xfe, 0xff, 0xcf, 0x7,

    /* U+0053 "S" */
    0x0, 0x0, 0x15, 0x8e, 0xe0, 0xfa, 0xed, 0xae,
    0x30, 0x0, 0x0, 0x0, 0x2b, 0xed, 0xff, 0xff,
    0xff, 0xff, 0xff, 0xfc, 0x52, 0x0, 0x0, 0xba,
    0xff, 0xff, 0xb7, 0x79, 0x98, 0xf9, 0xff, 0xf0,
    0x10, 0x0, 0xf3, 0xff, 0xc1, 0x0, 0x0, 0x0,
    0x58, 0x9e, 0x3c, 0x0, 0x0, 0xdc, 0xff, 0xe0,
    0x15, 0x0, 0x0, 0x0, 0x0, 0x0, 0x0, 0x0,
    0x5d, 0xff, 0xff, 0xef, 0x8e, 0x35, 0x0, 0x0,
    0x0, 0x0, 0x0, 0x0, 0x64, 0xf2, 0xff, 0xff,
    0xff, 0xd5, 0x61, 0x0, 0x0, 0x0, 0x0, 0x0,
    0xe, 0x6a, 0xc7, 0xff, 0xff, 0xff, 0xab, 0x1,
    0x0, 0x0, 0x0, 0x0, 0x0, 0x0, 0x30, 0xc8,
    0xff, 0xff, 0x61, 0x2, 0x42, 0x9f, 0x26, 0x0,
    0x0, 0x0, 0x17, 0xff, 0xff, 0xab, 0x4f, 0xff,
    0xff, 0xb8, 0x6, 0x0, 0x0, 0x34, 0xff, 0xff,
    0xa9, 0x2, 0xd4, 0xff, 0xff, 0xdb, 0x96, 0x9f,
    0xf0, 0xff, 0xff, 0x62, 0x0, 0x20, 0xe0, 0xff,
    0xff, 0xff, 0xff, 0xff, 0xff, 0xaf, 0x2, 0x0,
    0x0, 0x10, 0x7c, 0xd0, 0xf3, 0xe8, 0xbc, 0x53,
    0x2, 0x0,

    /* U+0054 "T" */
    0x84, 0xff, 0xff, 0xff, 0xff, 0xff, 0xff, 0xff,
    0xff, 0xff, 0xff, 0x30, 0x84, 0xff, 0xff, 0xff,
    0xff, 0xff, 0xff, 0xff, 0xff, 0xff, 0xff, 0x30,
    0x46, 0x88, 0x88, 0x88, 0xc5, 0xff, 0xff, 0x9e,
    0x88, 0x88, 0x88, 0x19, 0x0, 0x0, 0x0, 0x0,
    0x84, 0xff, 0xff, 0x30, 0x0, 0x0, 0x0, 0x0,
    0x0, 0x0, 0x0, 0x0, 0x84, 0xff, 0xff, 0x30,
    0x0, 0x0, 0x0, 0x0, 0x0, 0x0, 0x0, 0x0,
    0x84, 0xff, 0xff, 0x30, 0x0, 0x0, 0x0, 0x0,
    0x0, 0x0, 0x0, 0x0, 0x84, 0xff, 0xff, 0x30,
    0x0, 0x0, 0x0, 0x0, 0x0, 0x0, 0x0, 0x0,
    0x84, 0xff, 0xff, 0x30, 0x0, 0x0, 0x0, 0x0,
    0x0, 0x0, 0x0, 0x0, 0x84, 0xff, 0xff, 0x30,
    0x0, 0x0, 0x0, 0x0, 0x0, 0x0, 0x0, 0x0,
    0x84, 0xff, 0xff, 0x30, 0x0, 0x0, 0x0, 0x0,
    0x0, 0x0, 0x0, 0x0, 0x84, 0xff, 0xff, 0x30,
    0x0, 0x0, 0x0, 0x0, 0x0, 0x0, 0x0, 0x0,
    0x84, 0xff, 0xff, 0x30, 0x0, 0x0, 0x0, 0x0,
    0x0, 0x0, 0x0, 0x0, 0x84, 0xff, 0xff, 0x30,
    0x0, 0x0, 0x0, 0x0, 0x0, 0x0, 0x0, 0x0,
    0x84, 0xff, 0xff, 0x30, 0x0, 0x0, 0x0, 0x0,

    /* U+0055 "U" */
    0xe0, 0xff, 0xd0, 0x0, 0x0, 0x0, 0x0, 0x0,
    0x70, 0xff, 0xff, 0x44, 0xe0, 0xff, 0xd0, 0x0,
    0x0, 0x0, 0x0, 0x0, 0x70, 0xff, 0xff, 0x44,
    0xe0, 0xff, 0xd0, 0x0, 0x0, 0x0, 0x0, 0x0,
    0x70, 0xff, 0xff, 0x44, 0xe0, 0xff, 0xd0, 0x0,
    0x0, 0x0, 0x0, 0x0, 0x70, 0xff, 0xff, 0x44,
    0xe0, 0xff, 0xd0, 0x0, 0x0, 0x0, 0x0, 0x0,
    0x70, 0xff, 0xff, 0x44, 0xe0, 0xff, 0xd0, 0x0,
    0x0, 0x0, 0x0, 0x0, 0x70, 0xff, 0xff, 0x44,
    0xe0, 0xff, 0xd0, 0x0, 0x0, 0x0, 0x0, 0x0,
    0x70, 0xff, 0xff, 0x44, 0xe0, 0xff, 0xd0, 0x0,
    0x0, 0x0, 0x0, 0x0, 0x70, 0xff, 0xff, 0x44,
    0xda, 0xff, 0xd8, 0x0, 0x0, 0x0, 0x0, 0x0,
    0x78, 0xff, 0xff, 0x3e, 0xc2, 0xff, 0xf9, 0xb,
    0x0, 0x0, 0x0, 0x0, 0xa5, 0xff, 0xff, 0x23,
    0x84, 0xff, 0xff, 0x91, 0x1, 0x0, 0x0, 0x36,
    0xfa, 0xff, 0xe1, 0x0, 0x1b, 0xf4, 0xff, 0xff,
    0xcc, 0x95, 0xae, 0xf9, 0xff, 0xff, 0x69, 0x0,
    0x0, 0x51, 0xf8, 0xff, 0xff, 0xff, 0xff, 0xff,
    0xff, 0x9c, 0x0, 0x0, 0x0, 0x0, 0x2a, 0x9f,
    0xe1, 0xfa, 0xee, 0xba, 0x52, 0x0, 0x0, 0x0,

    /* U+0056 "V" */
    0x96, 0xff, 0xff, 0x54, 0x0, 0x0, 0x0, 0x0,
    0x0, 0x0, 0xbf, 0xff, 0xff, 0x2b, 0x39, 0xff,
    0xff, 0xaf, 0x0, 0x0, 0x0, 0x0, 0x0, 0x1e,
    0xfe, 0xff, 0xcc, 0x0, 0x0, 0xdc, 0xff, 0xf8,
    0x10, 0x0, 0x0, 0x0, 0x0, 0x7a, 0xff, 0xff,
    0x6d, 0x0, 0x0, 0x80, 0xff, 0xff, 0x63, 0x0,
    0x0, 0x0, 0x0, 0xd7, 0xff, 0xfa, 0x13, 0x0,
    0x0, 0x24, 0xff, 0xff, 0xbd, 0x0, 0x0, 0x0,
    0x35, 0xff, 0xff, 0xae, 0x0, 0x0, 0x0, 0x0,
    0xc7, 0xff, 0xfd, 0x1a, 0x0, 0x0, 0x93, 0xff,
    0xff, 0x4e, 0x0, 0x0, 0x0, 0x0, 0x6b, 0xff,
    0xff, 0x72, 0x0, 0x5, 0xeb, 0xff, 0xea, 0x5,
    0x0, 0x0, 0x0, 0x0, 0x13, 0xfa, 0xff, 0xcc,
    0x0, 0x4e, 0xff, 0xff, 0x8f, 0x0, 0x0, 0x0,
    0x0, 0x0, 0x0, 0xb1, 0xff, 0xff, 0x24, 0xa9,
    0xff, 0xff, 0x30, 0x0, 0x0, 0x0, 0x0, 0x0,
    0x0, 0x55, 0xff, 0xff, 0x76, 0xf3, 0xff, 0xd1,
    0x0, 0x0, 0x0, 0x0, 0x0, 0x0, 0x0, 0x8,
    0xf0, 0xff, 0xf3, 0xff, 0xff, 0x71, 0x0, 0x0,
    0x0, 0x0, 0x0, 0x0, 0x0, 0x0, 0x9c, 0xff,
    0xff, 0xff, 0xfb, 0x16, 0x0, 0x0, 0x0, 0x0,
    0x0, 0x0, 0x0, 0x0, 0x3f, 0xff, 0xff, 0xff,
    0xb2, 0x0, 0x0, 0x0, 0x0, 0x0, 0x0, 0x0,
    0x0, 0x0, 0x1, 0xe0, 0xff, 0xff, 0x53, 0x0,
    0x0, 0x0, 0x0, 0x0,

    /* U+0057 "W" */
    0x8c, 0xff, 0xff, 0x52, 0x0, 0x0, 0x0, 0x0,
    0x0, 0x0, 0x0, 0x0, 0x0, 0x0, 0x0, 0x39,
    0xff, 0xff, 0xa0, 0x43, 0xff, 0xff, 0x98, 0x0,
    0x0, 0x0, 0x0, 0x15, 0x20, 0x1c, 0x0, 0x0,
    0x0, 0x0, 0x7b, 0xff, 0xff, 0x5b, 0x6, 0xf4,
    0xff, 0xdd, 0x0, 0x0, 0x0, 0x0, 0xd8, 0xff,
    0xfd, 0x17, 0x0, 0x0, 0x0, 0xbc, 0xff, 0xfe,
    0x16, 0x0, 0xb2, 0xff, 0xff, 0x23, 0x0, 0x0,
    0x2d, 0xff, 0xff, 0xff, 0x69, 0x0, 0x0, 0x7,
    0xf6, 0xff, 0xcf, 0x0, 0x0, 0x6a, 0xff, 0xff,
    0x69, 0x0, 0x0, 0x81, 0xff, 0xff, 0xff, 0xbd,
    0x0, 0x0, 0x3f, 0xff, 0xff, 0x8a, 0x0, 0x0,
    0x21, 0xff, 0xff, 0xae, 0x0, 0x0, 0xd5, 0xff,
    0xee, 0xff, 0xfc, 0x15, 0x0, 0x81, 0xff, 0xff,
    0x44, 0x0, 0x0, 0x0, 0xd9, 0xff, 0xf0, 0x3,
    0x28, 0xff, 0xff, 0x6a, 0xfe, 0xff, 0x66, 0x0,
    0xc3, 0xff, 0xf6, 0x7, 0x0, 0x0, 0x0, 0x90,
    0xff, 0xff, 0x3a, 0x7d, 0xff, 0xf9, 0x10, 0xca,
    0xff, 0xba, 0xa, 0xf9, 0xff, 0xb8, 0x0, 0x0,
    0x0, 0x0, 0x47, 0xff, 0xff, 0x79, 0xcc, 0xff,
    0xb4, 0x0, 0x76, 0xff, 0xfb, 0x4f, 0xff, 0xff,
    0x73, 0x0, 0x0, 0x0, 0x0, 0x8, 0xf6, 0xff,
    0xca, 0xfe, 0xff, 0x5f, 0x0, 0x21, 0xff, 0xff,
    0xcb, 0xff, 0xff, 0x2d, 0x0, 0x0, 0x0, 0x0,
    0x0, 0xb6, 0xff, 0xff, 0xff, 0xf9, 0x10, 0x0,
    0x0, 0xcd, 0xff, 0xff, 0xff, 0xe7, 0x0, 0x0,
    0x0, 0x0, 0x0, 0x0, 0x6e, 0xff, 0xff, 0xff,
    0xb4, 0x0, 0x0, 0x0, 0x78, 0xff, 0xff, 0xff,
    0xa2, 0x0, 0x0, 0x0, 0x0, 0x0, 0x0, 0x25,
    0xff, 0xff, 0xff, 0x5f, 0x0, 0x0, 0x0, 0x23,
    0xff, 0xff, 0xff, 0x5c, 0x0, 0x0, 0x0, 0x0,
    0x0, 0x0, 0x0, 0xdc, 0xff, 0xfa, 0x10, 0x0,
    0x0, 0x0, 0x0, 0xce, 0xff, 0xfe, 0x17, 0x0,
    0x0, 0x0,

    /* U+0058 "X" */
    0x13, 0xea, 0xff, 0xff, 0x51, 0x0, 0x0, 0x0,
    0x0, 0x92, 0xff, 0xff, 0xbf, 0x1, 0x0, 0x58,
    0xff, 0xff, 0xe1, 0xb, 0x0, 0x0, 0x30, 0xfc,
    0xff, 0xf6, 0x23, 0x0, 0x0, 0x0, 0xb2, 0xff,
    0xff, 0x88, 0x0, 0x1, 0xc7, 0xff, 0xff, 0x74,
    0x0, 0x0, 0x0, 0x0, 0x1b, 0xf1, 0xff, 0xfa,
    0x29, 0x65, 0xff, 0xff, 0xca, 0x3, 0x0, 0x0,
    0x0, 0x0, 0x0, 0x67, 0xff, 0xff, 0xc8, 0xec,
    0xff, 0xfa, 0x2d, 0x0, 0x0, 0x0, 0x0, 0x0,
    0x0, 0x1, 0xbf, 0xff, 0xff, 0xff, 0xff, 0x81,
    0x0, 0x0, 0x0, 0x0, 0x0, 0x0, 0x0, 0x0,
    0x2b, 0xff, 0xff, 0xff, 0xe4, 0x6, 0x0, 0x0,
    0x0, 0x0, 0x0, 0x0, 0x0, 0x0, 0x82, 0xff,
    0xff, 0xff, 0xff, 0x42, 0x0, 0x0, 0x0, 0x0,
    0x0, 0x0, 0x0, 0x2c, 0xfa, 0xff, 0xfd, 0xff,
    0xff, 0xdc, 0x9, 0x0, 0x0, 0x0, 0x0, 0x0,
    0x2, 0xc8, 0xff, 0xff, 0x75, 0xb5, 0xff, 0xff,
    0x8a, 0x0, 0x0, 0x0, 0x0, 0x0, 0x70, 0xff,
    0xff, 0xd3, 0x4, 0x21, 0xf6, 0xff, 0xfc, 0x33,
    0x0, 0x0, 0x0, 0x1f, 0xf4, 0xff, 0xfe, 0x3b,
    0x0, 0x0, 0x79, 0xff, 0xff, 0xcf, 0x4, 0x0,
    0x0, 0xb8, 0xff, 0xff, 0x9c, 0x0, 0x0, 0x0,
    0x5, 0xd4, 0xff, 0xff, 0x78, 0x0, 0x5e, 0xff,
    0xff, 0xeb, 0x13, 0x0, 0x0, 0x0, 0x0, 0x3c,
    0xfe, 0xff, 0xf7, 0x26,

    /* U+0059 "Y" */
    0x72, 0xff, 0xff, 0xc1, 0x0, 0x0, 0x0, 0x0,
    0x1b, 0xf4, 0xff, 0xfc, 0x32, 0x2, 0xc9, 0xff,
    0xff, 0x60, 0x0, 0x0, 0x0, 0xa8, 0xff, 0xff,
    0x8d, 0x0, 0x0, 0x2d, 0xfa, 0xff, 0xeb, 0x12,
    0x0, 0x3f, 0xff, 0xff, 0xe0, 0xb, 0x0, 0x0,
    0x0, 0x82, 0xff, 0xff, 0x9b, 0x3, 0xd3, 0xff,
    0xff, 0x49, 0x0, 0x0, 0x0, 0x0, 0x6, 0xd6,
    0xff, 0xfe, 0xa5, 0xff, 0xff, 0xa7, 0x0, 0x0,
    0x0, 0x0, 0x0, 0x0, 0x3a, 0xfd, 0xff, 0xff,
    0xff, 0xee, 0x17, 0x0, 0x0, 0x0, 0x0, 0x0,
    0x0, 0x0, 0x93, 0xff, 0xff, 0xff, 0x63, 0x0,
    0x0, 0x0, 0x0, 0x0, 0x0, 0x0, 0x0, 0xc,
    0xf7, 0xff, 0xd6, 0x1, 0x0, 0x0, 0x0, 0x0,
    0x0, 0x0, 0x0, 0x0, 0x0, 0xf0, 0xff, 0xc4,
    0x0, 0x0, 0x0, 0x0, 0x0, 0x0, 0x0, 0x0,
    0x0, 0x0, 0xf0, 0xff, 0xc4, 0x0, 0x0, 0x0,
    0x0, 0x0, 0x0, 0x0, 0x0, 0x0, 0x0, 0xf0,
    0xff, 0xc4, 0x0, 0x0, 0x0, 0x0, 0x0, 0x0,
    0x0, 0x0, 0x0, 0x0, 0xf0, 0xff, 0xc4, 0x0,
    0x0, 0x0, 0x0, 0x0, 0x0, 0x0, 0x0, 0x0,
    0x0, 0xf0, 0xff, 0xc4, 0x0, 0x0, 0x0, 0x0,
    0x0, 0x0, 0x0, 0x0, 0x0, 0x0, 0xf0, 0xff,
    0xc4, 0x0, 0x0, 0x0, 0x0, 0x0,

    /* U+005A "Z" */
    0xc, 0xff, 0xff, 0xff, 0xff, 0xff, 0xff, 0xff,
    0xff, 0xff, 0xff, 0xc, 0xc, 0xff, 0xff, 0xff,
    0xff, 0xff, 0xff, 0xff, 0xff, 0xff, 0xff, 0xc,
    0x6, 0x88, 0x88, 0x88, 0x88, 0x88, 0x88, 0xaa,
    0xff, 0xff, 0xf9, 0x8, 0x0, 0x0, 0x0, 0x0,
    0x0, 0x0, 0xe, 0xd6, 0xff, 0xff, 0x61, 0x0,
    0x0, 0x0, 0x0, 0x0, 0x0, 0x2, 0xb6, 0xff,
    0xff, 0x8f, 0x0, 0x0, 0x0, 0x0, 0x0, 0x0,
    0x0, 0x8d, 0xff, 0xff, 0xba, 0x3, 0x0, 0x0,
    0x0, 0x0, 0x0, 0x0, 0x60, 0xff, 0xff, 0xdb,
    0x11, 0x0, 0x0, 0x0, 0x0, 0x0, 0x0, 0x3b,
    0xf9, 0xff, 0xf1, 0x29, 0x0, 0x0, 0x0, 0x0,
    0x0, 0x0, 0x1e, 0xe9, 0xff, 0xfd, 0x4c, 0x0,
    0x0, 0x0, 0x0, 0x0, 0x0, 0xb, 0xd0, 0xff,
    0xff, 0x78, 0x0, 0x0, 0x0, 0x0, 0x0, 0x0,
    0x1, 0xae, 0xff, 0xff, 0xa6, 0x0, 0x0, 0x0,
    0x0, 0x0, 0x0, 0x0, 0x51, 0xff, 0xff, 0xfc,
    0x91, 0x88, 0x88, 0x88, 0x88, 0x88, 0x88, 0x11,
    0x5c, 0xff, 0xff, 0xff, 0xff, 0xff, 0xff, 0xff,
    0xff, 0xff, 0xff, 0x20, 0x5c, 0xff, 0xff, 0xff,
    0xff, 0xff, 0xff, 0xff, 0xff, 0xff, 0xff, 0x20,

    /* U+005B "[" */
    0x12, 0x20, 0x20, 0x20, 0x20, 0xd, 0x90, 0xff,
    0xff, 0xff, 0xff, 0x68, 0x90, 0xff, 0xff, 0xff,
    0xff, 0x68, 0x90, 0xff, 0xff, 0x0, 0x0, 0x0,
    0x90, 0xff, 0xff, 0x0, 0x0, 0x0, 0x90, 0xff,
    0xff, 0x0, 0x0, 0x0, 0x90, 0xff, 0xff, 0x0,
    0x0, 0x0, 0x90, 0xff, 0xff, 0x0, 0x0, 0x0,
    0x90, 0xff, 0xff, 0x0, 0x0, 0x0, 0x90, 0xff,
    0xff, 0x0, 0x0, 0x0, 0x90, 0xff, 0xff, 0x0,
    0x0, 0x0, 0x90, 0xff, 0xff, 0x0, 0x0, 0x0,
    0x90, 0xff, 0xff, 0x0, 0x0, 0x0, 0x90, 0xff,
    0xff, 0x0, 0x0, 0x0, 0x90, 0xff, 0xff, 0x0,
    0x0, 0x0, 0x90, 0xff, 0xff, 0x0, 0x0, 0x0,
    0x90, 0xff, 0xff, 0x24, 0x24, 0xe, 0x90, 0xff,
    0xff, 0xff, 0xff, 0x68, 0x90, 0xff, 0xff, 0xff,
    0xff, 0x68,

    /* U+005C "\\" */
    0x3e, 0xff, 0xff, 0x55, 0x0, 0x0, 0x0, 0x0,
    0x0, 0x0, 0x0, 0xd1, 0xff, 0xc2, 0x0, 0x0,
    0x0, 0x0, 0x0, 0x0, 0x0, 0x65, 0xff, 0xff,
    0x2f, 0x0, 0x0, 0x0, 0x0, 0x0, 0x0, 0xa,
    0xee, 0xff, 0x9b, 0x0, 0x0, 0x0, 0x0, 0x0,
    0x0, 0x0, 0x8c, 0xff, 0xf6, 0x11, 0x0, 0x0,
    0x0, 0x0, 0x0, 0x0, 0x21, 0xfd, 0xff, 0x74,
    0x0, 0x0, 0x0, 0x0, 0x0, 0x0, 0x0, 0xb3,
    0xff, 0xde, 0x2, 0x0, 0x0, 0x0, 0x0, 0x0,
    0x0, 0x46, 0xff, 0xff, 0x4d, 0x0, 0x0, 0x0,
    0x0, 0x0, 0x0, 0x1, 0xd8, 0xff, 0xba, 0x0,
    0x0, 0x0, 0x0, 0x0, 0x0, 0x0, 0x6d, 0xff,
    0xfe, 0x27, 0x0, 0x0, 0x0, 0x0, 0x0, 0x0,
    0xd, 0xf2, 0xff, 0x93, 0x0, 0x0, 0x0, 0x0,
    0x0, 0x0, 0x0, 0x94, 0xff, 0xf2, 0xd, 0x0,
    0x0, 0x0, 0x0, 0x0, 0x0, 0x28, 0xfe, 0xff,
    0x6c, 0x0, 0x0, 0x0, 0x0, 0x0, 0x0, 0x0,
    0xba, 0xff, 0xd8, 0x1,

    /* U+005D "]" */
    0xb, 0x20, 0x20, 0x20, 0x20, 0x13, 0x5c, 0xff,
    0xff, 0xff, 0xff, 0x98, 0x5c, 0xff, 0xff, 0xff,
    0xff, 0x98, 0x0, 0x0, 0x0, 0xf4, 0xff, 0x98,
    0x0, 0x0, 0x0, 0xf4, 0xff, 0x98, 0x0, 0x0,
    0x0, 0xf4, 0xff, 0x98, 0x0, 0x0, 0x0, 0xf4,
    0xff, 0x98, 0x0, 0x0, 0x0, 0xf4, 0xff, 0x98,
    0x0, 0x0, 0x0, 0xf4, 0xff, 0x98, 0x0, 0x0,
    0x0, 0xf4, 0xff, 0x98, 0x0, 0x0, 0x0, 0xf4,
    0xff, 0x98, 0x0, 0x0, 0x0, 0xf4, 0xff, 0x98,
    0x0, 0x0, 0x0, 0xf4, 0xff, 0x98, 0x0, 0x0,
    0x0, 0xf4, 0xff, 0x98, 0x0, 0x0, 0x0, 0xf4,
    0xff, 0x98, 0x0, 0x0, 0x0, 0xf4, 0xff, 0x98,
    0xc, 0x24, 0x24, 0xf5, 0xff, 0x98, 0x5c, 0xff,
    0xff, 0xff, 0xff, 0x98, 0x5c, 0xff, 0xff, 0xff,
    0xff, 0x98,

    /* U+005E "^" */
    0x0, 0x0, 0x0, 0x42, 0xff, 0xff, 0x8d, 0x0,
    0x0, 0x0, 0x0, 0x0, 0x0, 0x9, 0xdb, 0xff,
    0xff, 0xfc, 0x33, 0x0, 0x0, 0x0, 0x0, 0x0,
    0x89, 0xff, 0xf1, 0xc7, 0xff, 0xcf, 0x4, 0x0,
    0x0, 0x0, 0x30, 0xfb, 0xff, 0x70, 0x28, 0xfa,
    0xff, 0x77, 0x0, 0x0, 0x3, 0xcb, 0xff, 0xd2,
    0x4, 0x0, 0x89, 0xff, 0xf6, 0x23, 0x0, 0x72,
    0xff, 0xff, 0x3d, 0x0, 0x0, 0xc, 0xe4, 0xff,
    0xbd, 0x0,

    /* U+005F "_" */
    0x4c, 0x4c, 0x4c, 0x4c, 0x4c, 0x4c, 0x4c, 0x4c,
    0x4c, 0x4a, 0xff, 0xff, 0xff, 0xff, 0xff, 0xff,
    0xff, 0xff, 0xff, 0xfc, 0xff, 0xff, 0xff, 0xff,
    0xff, 0xff, 0xff, 0xff, 0xff, 0xfc,

    /* U+0060 "`" */
    0x1, 0x94, 0xb0, 0xaf, 0xf, 0x0, 0x4b, 0xff,
    0xff, 0x59, 0x0, 0x0, 0xa1, 0xff, 0xa8,

    /* U+0061 "a" */
    0x0, 0x3, 0x68, 0xc8, 0xf2, 0xf8, 0xda, 0x8d,
    0x11, 0x0, 0x7, 0xb9, 0xff, 0xff, 0xff, 0xff,
    0xff, 0xff, 0xd7, 0xd, 0x0, 0x43, 0xad, 0x69,
    0x2b, 0x26, 0x7e, 0xff, 0xff, 0x72, 0x0, 0x2,
    0x61, 0xb7, 0xd8, 0xcf, 0x9c, 0xee, 0xff, 0xac,
    0x0, 0xa5, 0xff, 0xff, 0xff, 0xff, 0xff, 0xff,
    0xff, 0xbb, 0x40, 0xff, 0xff, 0xb0, 0x1b, 0xe,
    0x45, 0xf1, 0xff, 0xbc, 0x69, 0xff, 0xff, 0x3d,
    0x0, 0x0, 0x1a, 0xfc, 0xff, 0xbc, 0x4a, 0xff,
    0xff, 0xa3, 0x14, 0x2e, 0xc6, 0xff, 0xff, 0xbc,
    0x2, 0xc1, 0xff, 0xff, 0xff, 0xff, 0xf8, 0xf7,
    0xff, 0xbc, 0x0, 0xf, 0x91, 0xe0, 0xf7, 0xc9,
    0x34, 0xd8, 0xff, 0xbc,

    /* U+0062 "b" */
    0xe0, 0xff, 0xbc, 0x0, 0x0, 0x0, 0x0, 0x0,
    0x0, 0x0, 0x0, 0xe0, 0xff, 0xbc, 0x0, 0x0,
    0x0, 0x0, 0x0, 0x0, 0x0, 0x0, 0xe0, 0xff,
    0xbc, 0x0, 0x0, 0x0, 0x0, 0x0, 0x0, 0x0,
    0x0, 0xe0, 0xff, 0xbc, 0x0, 0x0, 0x0, 0x0,
    0x0, 0x0, 0x0, 0x0, 0xe0, 0xff, 0xaf, 0x4c,
    0xcb, 0xf7, 0xe8, 0x9b, 0x1b, 0x0, 0x0, 0xe0,
    0xff, 0xd9, 0xfd, 0xff, 0xff, 0xff, 0xff, 0xe8,
    0x27, 0x0, 0xe0, 0xff, 0xff, 0xee, 0x88, 0x76,
    0xc9, 0xff, 0xff, 0xcb, 0x0, 0xe0, 0xff, 0xf3,
    0x24, 0x0, 0x0, 0x2, 0xb4, 0xff, 0xff, 0x35,
    0xe0, 0xff, 0xad, 0x0, 0x0, 0x0, 0x0, 0x4a,
    0xff, 0xff, 0x64, 0xe0, 0xff, 0xac, 0x0, 0x0,
    0x0, 0x0, 0x4a, 0xff, 0xff, 0x64, 0xe0, 0xff,
    0xf2, 0x21, 0x0, 0x0, 0x1, 0xb2, 0xff, 0xff,
    0x36, 0xe0, 0xff, 0xff, 0xec, 0x84, 0x73, 0xc6,
    0xff, 0xff, 0xcd, 0x1, 0xe0, 0xff, 0xe5, 0xff,
    0xff, 0xff, 0xff, 0xff, 0xe9, 0x29, 0x0, 0xe0,
    0xff, 0x94, 0x5d, 0xd2, 0xf8, 0xe9, 0x9b, 0x1b,
    0x0, 0x0,

    /* U+0063 "c" */
    0x0, 0x0, 0x11, 0x86, 0xd8, 0xf8, 0xe8, 0xb6,
    0x41, 0x0, 0x0, 0x0, 0x1f, 0xdf, 0xff, 0xff,
    0xff, 0xff, 0xff, 0xfe, 0x6d, 0x0, 0x0, 0xc5,
    0xff, 0xff, 0xc1, 0x72, 0x86, 0xf0, 0xff, 0xf5,
    0x18, 0x33, 0xff, 0xff, 0xa9, 0x0, 0x0, 0x0,
    0x37, 0x73, 0x15, 0x0, 0x64, 0xff, 0xff, 0x46,
    0x0, 0x0, 0x0, 0x0, 0x0, 0x0, 0x0, 0x65,
    0xff, 0xff, 0x45, 0x0, 0x0, 0x0, 0x0, 0x0,
    0x0, 0x0, 0x33, 0xff, 0xff, 0xa7, 0x0, 0x0,
    0x0, 0x2d, 0x87, 0x1e, 0x0, 0x0, 0xc4, 0xff,
    0xff, 0xbd, 0x71, 0x84, 0xec, 0xff, 0xfb, 0x29,
    0x0, 0x1f, 0xdf, 0xff, 0xff, 0xff, 0xff, 0xff,
    0xfe, 0x76, 0x0, 0x0, 0x0, 0x11, 0x86, 0xd9,
    0xf9, 0xe9, 0xb8, 0x44, 0x0, 0x0,

    /* U+0064 "d" */
    0x0, 0x0, 0x0, 0x0, 0x0, 0x0, 0x0, 0x0,
    0xbc, 0xff, 0xe0, 0x0, 0x0, 0x0, 0x0, 0x0,
    0x0, 0x0, 0x0, 0xbc, 0xff, 0xe0, 0x0, 0x0,
    0x0, 0x0, 0x0, 0x0, 0x0, 0x0, 0xbc, 0xff,
    0xe0, 0x0, 0x0, 0x0, 0x0, 0x0, 0x0, 0x0,
    0x0, 0xbc, 0xff, 0xe0, 0x0, 0x0, 0x1b, 0x9b,
    0xe8, 0xf7, 0xcb, 0x4c, 0xb1, 0xff, 0xe0, 0x0,
    0x27, 0xe8, 0xff, 0xff, 0xff, 0xff, 0xfd, 0xda,
    0xff, 0xe0, 0x0, 0xcb, 0xff, 0xff, 0xc9, 0x76,
    0x88, 0xee, 0xff, 0xff, 0xe0, 0x36, 0xff, 0xff,
    0xb4, 0x2, 0x0, 0x0, 0x24, 0xf3, 0xff, 0xe0,
    0x65, 0xff, 0xff, 0x49, 0x0, 0x0, 0x0, 0x0,
    0xae, 0xff, 0xe0, 0x65, 0xff, 0xff, 0x49, 0x0,
    0x0, 0x0, 0x0, 0xae, 0xff, 0xe0, 0x36, 0xff,
    0xff, 0xb2, 0x1, 0x0, 0x0, 0x21, 0xf2, 0xff,
    0xe0, 0x1, 0xcd, 0xff, 0xff, 0xc6, 0x74, 0x86,
    0xec, 0xff, 0xff, 0xe0, 0x0, 0x29, 0xea, 0xff,
    0xff, 0xff, 0xff, 0xff, 0xe5, 0xff, 0xe0, 0x0,
    0x0, 0x1b, 0x9b, 0xe9, 0xf8, 0xd2, 0x5d, 0x94,
    0xff, 0xe0,

    /* U+0065 "e" */
    0x0, 0x0, 0xf, 0x84, 0xd9, 0xf9, 0xea, 0xaa,
    0x30, 0x0, 0x0, 0x0, 0x1b, 0xdb, 0xff, 0xff,
    0xff, 0xff, 0xff, 0xf8, 0x49, 0x0, 0x0, 0xbf,
    0xff, 0xfb, 0x75, 0x2b, 0x4d, 0xd7, 0xff, 0xe9,
    0x9, 0x30, 0xff, 0xff, 0x84, 0x0, 0x0, 0x0,
    0x29, 0xff, 0xff, 0x53, 0x63, 0xff, 0xff, 0xff,
    0xff, 0xff, 0xff, 0xff, 0xff, 0xff, 0x82, 0x65,
    0xff, 0xff, 0xdb, 0xd4, 0xd4, 0xd4, 0xd4, 0xd4,
    0xd4, 0x74, 0x33, 0xff, 0xff, 0x6f, 0x0, 0x0,
    0x0, 0x9, 0x4e, 0x3, 0x0, 0x0, 0xc4, 0xff,
    0xfb, 0x8f, 0x52, 0x5e, 0xca, 0xff, 0xde, 0x23,
    0x0, 0x1f, 0xdf, 0xff, 0xff, 0xff, 0xff, 0xff,
    0xff, 0x93, 0x0, 0x0, 0x0, 0x10, 0x85, 0xd8,
    0xf9, 0xec, 0xbd, 0x51, 0x0, 0x0,

    /* U+0066 "f" */
    0x0, 0x0, 0x0, 0x44, 0xbf, 0xee, 0xf0, 0x97,
    0x0, 0x0, 0x40, 0xfc, 0xff, 0xff, 0xff, 0x7b,
    0x0, 0x0, 0xae, 0xff, 0xff, 0x99, 0x7a, 0x21,
    0x0, 0x0, 0xc3, 0xff, 0xe1, 0x0, 0x0, 0x0,
    0x84, 0xff, 0xff, 0xff, 0xff, 0xff, 0xff, 0x4c,
    0x84, 0xff, 0xff, 0xff, 0xff, 0xff, 0xff, 0x4c,
    0x1a, 0x34, 0xd0, 0xff, 0xe3, 0x34, 0x34, 0xf,
    0x0, 0x0, 0xc4, 0xff, 0xdc, 0x0, 0x0, 0x0,
    0x0, 0x0, 0xc4, 0xff, 0xdc, 0x0, 0x0, 0x0,
    0x0, 0x0, 0xc4, 0xff, 0xdc, 0x0, 0x0, 0x0,
    0x0, 0x0, 0xc4, 0xff, 0xdc, 0x0, 0x0, 0x0,
    0x0, 0x0, 0xc4, 0xff, 0xdc, 0x0, 0x0, 0x0,
    0x0, 0x0, 0xc4, 0xff, 0xdc, 0x0, 0x0, 0x0,
    0x0, 0x0, 0xc4, 0xff, 0xdc, 0x0, 0x0, 0x0,

    /* U+0067 "g" */
    0x0, 0x0, 0x1d, 0x9f, 0xeb, 0xf8, 0xce, 0x57,
    0xb0, 0xff, 0xd0, 0x0, 0x28, 0xea, 0xff, 0xff,
    0xff, 0xff, 0xff, 0xf2, 0xff, 0xd0, 0x0, 0xca,
    0xff, 0xff, 0xb7, 0x63, 0x80, 0xee, 0xff, 0xff,
    0xd0, 0x35, 0xff, 0xff, 0xad, 0x0, 0x0, 0x0,
    0x2f, 0xfa, 0xff, 0xd0, 0x64, 0xff, 0xff, 0x49,
    0x0, 0x0, 0x0, 0x0, 0xc9, 0xff, 0xd0, 0x65,
    0xff, 0xff, 0x47, 0x0, 0x0, 0x0, 0x0, 0xc8,
    0xff, 0xd0, 0x37, 0xff, 0xff, 0xa7, 0x0, 0x0,
    0x0, 0x2c, 0xfa, 0xff, 0xd0, 0x1, 0xcd, 0xff,
    0xff, 0xb2, 0x62, 0x7c, 0xec, 0xff, 0xff, 0xd0,
    0x0, 0x2a, 0xec, 0xff, 0xff, 0xff, 0xff, 0xfb,
    0xe6, 0xff, 0xcf, 0x0, 0x0, 0x20, 0xa3, 0xec,
    0xf7, 0xc9, 0x47, 0xbd, 0xff, 0xc1, 0x0, 0x9,
    0x4d, 0x40, 0x0, 0x0, 0x0, 0x19, 0xf2, 0xff,
    0x91, 0xa, 0xe7, 0xff, 0xf6, 0x84, 0x50, 0x6b,
    0xdb, 0xff, 0xfd, 0x2d, 0x0, 0x50, 0xf7, 0xff,
    0xff, 0xff, 0xff, 0xff, 0xff, 0x72, 0x0, 0x0,
    0x0, 0x27, 0x9c, 0xd9, 0xf7, 0xed, 0xb6, 0x44,
    0x0, 0x0,

    /* U+0068 "h" */
    0xe0, 0xff, 0xbc, 0x0, 0x0, 0x0, 0x0, 0x0,
    0x0, 0x0, 0xe0, 0xff, 0xbc, 0x0, 0x0, 0x0,
    0x0, 0x0, 0x0, 0x0, 0xe0, 0xff, 0xbc, 0x0,
    0x0, 0x0, 0x0, 0x0, 0x0, 0x0, 0xe0, 0xff,
    0xbb, 0x0, 0x0, 0x0, 0x0, 0x0, 0x0, 0x0,
    0xe0, 0xff, 0xac, 0x3d, 0xc4, 0xf6, 0xec, 0xa2,
    0x14, 0x0, 0xe0, 0xff, 0xd0, 0xf9, 0xff, 0xff,
    0xff, 0xff, 0xba, 0x0, 0xe0, 0xff, 0xff, 0xee,
    0x83, 0x7e, 0xef, 0xff, 0xff, 0x2f, 0xe0, 0xff,
    0xff, 0x3b, 0x0, 0x0, 0x62, 0xff, 0xff, 0x5a,
    0xe0, 0xff, 0xd9, 0x0, 0x0, 0x0, 0x33, 0xff,
    0xff, 0x6f, 0xe0, 0xff, 0xbd, 0x0, 0x0, 0x0,
    0x30, 0xff, 0xff, 0x70, 0xe0, 0xff, 0xbc, 0x0,
    0x0, 0x0, 0x30, 0xff, 0xff, 0x70, 0xe0, 0xff,
    0xbc, 0x0, 0x0, 0x0, 0x30, 0xff, 0xff, 0x70,
    0xe0, 0xff, 0xbc, 0x0, 0x0, 0x0, 0x30, 0xff,
    0xff, 0x70, 0xe0, 0xff, 0xbc, 0x0, 0x0, 0x0,
    0x30, 0xff, 0xff, 0x70,

    /* U+0069 "i" */
    0x0, 0x84, 0xf2, 0xab, 0x3, 0xb, 0xff, 0xff,
    0xff, 0x3a, 0x0, 0xce, 0xff, 0xe9, 0x13, 0x0,
    0xc, 0x47, 0x15, 0x0, 0x0, 0xb8, 0xff, 0xe8,
    0x0, 0x0, 0xb8, 0xff, 0xe8, 0x0, 0x0, 0xb8,
    0xff, 0xe8, 0x0, 0x0, 0xb8, 0xff, 0xe8, 0x0,
    0x0, 0xb8, 0xff, 0xe8, 0x0, 0x0, 0xb8, 0xff,
    0xe8, 0x0, 0x0, 0xb8, 0xff, 0xe8, 0x0, 0x0,
    0xb8, 0xff, 0xe8, 0x0, 0x0, 0xb8, 0xff, 0xe8,
    0x0, 0x0, 0xb8, 0xff, 0xe8, 0x0,

    /* U+006A "j" */
    0x0, 0x0, 0x84, 0xf2, 0xab, 0x3, 0x0, 0xb,
    0xff, 0xff, 0xff, 0x3a, 0x0, 0x0, 0xce, 0xff,
    0xe9, 0x13, 0x0, 0x0, 0xc, 0x47, 0x15, 0x0,
    0x0, 0x0, 0xb8, 0xff, 0xe8, 0x0, 0x0, 0x0,
    0xb8, 0xff, 0xe8, 0x0, 0x0, 0x0, 0xb8, 0xff,
    0xe8, 0x0, 0x0, 0x0, 0xb8, 0xff, 0xe8, 0x0,
    0x0, 0x0, 0xb8, 0xff, 0xe8, 0x0, 0x0, 0x0,
    0xb8, 0xff, 0xe8, 0x0, 0x0, 0x0, 0xb8, 0xff,
    0xe8, 0x0, 0x0, 0x0, 0xb8, 0xff, 0xe8, 0x0,
    0x0, 0x0, 0xb8, 0xff, 0xe8, 0x0, 0x0, 0x0,
    0xb8, 0xff, 0xe8, 0x0, 0x0, 0x0, 0xbc, 0xff,
    0xe5, 0x0, 0x32, 0x72, 0xf5, 0xff, 0xcc, 0x0,
    0x9b, 0xff, 0xff, 0xff, 0x68, 0x0, 0xbd, 0xfa,
    0xe0, 0x79, 0x1, 0x0,

    /* U+006B "k" */
    0xe0, 0xff, 0xbc, 0x0, 0x0, 0x0, 0x0, 0x0,
    0x0, 0x0, 0xe0, 0xff, 0xbc, 0x0, 0x0, 0x0,
    0x0, 0x0, 0x0, 0x0, 0xe0, 0xff, 0xbc, 0x0,
    0x0, 0x0, 0x0, 0x0, 0x0, 0x0, 0xe0, 0xff,
    0xbc, 0x0, 0x0, 0x0, 0x0, 0x0, 0x0, 0x0,
    0xe0, 0xff, 0xbc, 0x0, 0x0, 0x5a, 0xfd, 0xff,
    0xe4, 0x21, 0xe0, 0xff, 0xbc, 0x0, 0x54, 0xfc,
    0xff, 0xe4, 0x24, 0x0, 0xe0, 0xff, 0xbc, 0x4f,
    0xfa, 0xff, 0xe5, 0x25, 0x0, 0x0, 0xe0, 0xff,
    0xe9, 0xf9, 0xff, 0xed, 0x26, 0x0, 0x0, 0x0,
    0xe0, 0xff, 0xff, 0xff, 0xff, 0xfb, 0x30, 0x0,
    0x0, 0x0, 0xe0, 0xff, 0xff, 0xea, 0xfd, 0xff,
    0xcc, 0x3, 0x0, 0x0, 0xe0, 0xff, 0xeb, 0x28,
    0x93, 0xff, 0xff, 0x73, 0x0, 0x0, 0xe0, 0xff,
    0xbc, 0x0, 0xf, 0xe6, 0xff, 0xf5, 0x21, 0x0,
    0xe0, 0xff, 0xbc, 0x0, 0x0, 0x58, 0xff, 0xff,
    0xb9, 0x0, 0xe0, 0xff, 0xbc, 0x0, 0x0, 0x0,
    0xba, 0xff, 0xff, 0x5e,

    /* U+006C "l" */
    0xe0, 0xff, 0xbc, 0xe0, 0xff, 0xbc, 0xe0, 0xff,
    0xbc, 0xe0, 0xff, 0xbc, 0xe0, 0xff, 0xbc, 0xe0,
    0xff, 0xbc, 0xe0, 0xff, 0xbc, 0xe0, 0xff, 0xbc,
    0xe0, 0xff, 0xbc, 0xe0, 0xff, 0xbc, 0xe0, 0xff,
    0xbc, 0xe0, 0xff, 0xbc, 0xe0, 0xff, 0xbc, 0xe0,
    0xff, 0xbc,

    /* U+006D "m" */
    0xe0, 0xff, 0x94, 0x45, 0xc6, 0xf7, 0xe5, 0x84,
    0x4, 0x2c, 0xb3, 0xef, 0xf5, 0xb2, 0x1d, 0x0,
    0xe0, 0xff, 0xd8, 0xfc, 0xff, 0xff, 0xff, 0xff,
    0xb0, 0xf3, 0xff, 0xff, 0xff, 0xff, 0xdf, 0x6,
    0xe0, 0xff, 0xff, 0xe5, 0x7a, 0x8f, 0xfc, 0xff,
    0xff, 0xff, 0xa4, 0x72, 0xd6, 0xff, 0xff, 0x58,
    0xe0, 0xff, 0xff, 0x2f, 0x0, 0x0, 0xa5, 0xff,
    0xff, 0x99, 0x0, 0x0, 0x37, 0xff, 0xff, 0x81,
    0xe0, 0xff, 0xd5, 0x0, 0x0, 0x0, 0x7e, 0xff,
    0xff, 0x3e, 0x0, 0x0, 0x12, 0xff, 0xff, 0x90,
    0xe0, 0xff, 0xbd, 0x0, 0x0, 0x0, 0x7c, 0xff,
    0xff, 0x25, 0x0, 0x0, 0x10, 0xff, 0xff, 0x90,
    0xe0, 0xff, 0xbc, 0x0, 0x0, 0x0, 0x7c, 0xff,
    0xff, 0x24, 0x0, 0x0, 0x10, 0xff, 0xff, 0x90,
    0xe0, 0xff, 0xbc, 0x0, 0x0, 0x0, 0x7c, 0xff,
    0xff, 0x24, 0x0, 0x0, 0x10, 0xff, 0xff, 0x90,
    0xe0, 0xff, 0xbc, 0x0, 0x0, 0x0, 0x7c, 0xff,
    0xff, 0x24, 0x0, 0x0, 0x10, 0xff, 0xff, 0x90,
    0xe0, 0xff, 0xbc, 0x0, 0x0, 0x0, 0x7c, 0xff,
    0xff, 0x24, 0x0, 0x0, 0x10, 0xff, 0xff, 0x90,

    /* U+006E "n" */
    0xe0, 0xff, 0x94, 0x46, 0xc6, 0xf6, 0xeb, 0x94,
    0xa, 0x0, 0xe0, 0xff, 0xd8, 0xfc, 0xff, 0xff,
    0xff, 0xff, 0xb4, 0x0, 0xe0, 0xff, 0xff, 0xee,
    0x82, 0x7d, 0xed, 0xff, 0xff, 0x2b, 0xe0, 0xff,
    0xff, 0x38, 0x0, 0x0, 0x5f, 0xff, 0xff, 0x58,
    0xe0, 0xff, 0xd8, 0x0, 0x0, 0x0, 0x33, 0xff,
    0xff, 0x6f, 0xe0, 0xff, 0xbd, 0x0, 0x0, 0x0,
    0x30, 0xff, 0xff, 0x70, 0xe0, 0xff, 0xbc, 0x0,
    0x0, 0x0, 0x30, 0xff, 0xff, 0x70, 0xe0, 0xff,
    0xbc, 0x0, 0x0, 0x0, 0x30, 0xff, 0xff, 0x70,
    0xe0, 0xff, 0xbc, 0x0, 0x0, 0x0, 0x30, 0xff,
    0xff, 0x70, 0xe0, 0xff, 0xbc, 0x0, 0x0, 0x0,
    0x30, 0xff, 0xff, 0x70,

    /* U+006F "o" */
    0x0, 0x0, 0x11, 0x86, 0xd8, 0xf8, 0xee, 0xb8,
    0x48, 0x0, 0x0, 0x0, 0x1f, 0xdf, 0xff, 0xff,
    0xff, 0xff, 0xff, 0xff, 0x84, 0x0, 0x0, 0xc5,
    0xff, 0xff, 0xc1, 0x73, 0x8c, 0xf2, 0xff, 0xff,
    0x4a, 0x33, 0xff, 0xff, 0xac, 0x0, 0x0, 0x0,
    0x2f, 0xf9, 0xff, 0xb6, 0x64, 0xff, 0xff, 0x47,
    0x0, 0x0, 0x0, 0x0, 0xc2, 0xff, 0xe8, 0x65,
    0xff, 0xff, 0x46, 0x0, 0x0, 0x0, 0x0, 0xc2,
    0xff, 0xe7, 0x34, 0xff, 0xff, 0xaa, 0x0, 0x0,
    0x0, 0x2d, 0xf9, 0xff, 0xb7, 0x0, 0xc7, 0xff,
    0xff, 0xbd, 0x71, 0x89, 0xf0, 0xff, 0xff, 0x4d,
    0x0, 0x21, 0xe1, 0xff, 0xff, 0xff, 0xff, 0xff,
    0xff, 0x87, 0x0, 0x0, 0x0, 0x12, 0x87, 0xd9,
    0xf9, 0xef, 0xb8, 0x49, 0x0, 0x0,

    /* U+0070 "p" */
    0xf4, 0xff, 0x80, 0x66, 0xd5, 0xf8, 0xe4, 0x91,
    0x13, 0x0, 0x0, 0xf4, 0xff, 0xe4, 0xff, 0xff,
    0xff, 0xff, 0xff, 0xde, 0x19, 0x0, 0xf4, 0xff,
    0xff, 0xe7, 0x83, 0x79, 0xd2, 0xff, 0xff, 0xb4,
    0x0, 0xf4, 0xff, 0xea, 0x18, 0x0, 0x0, 0x4,
    0xc5, 0xff, 0xff, 0x1f, 0xf4, 0xff, 0x99, 0x0,
    0x0, 0x0, 0x0, 0x5e, 0xff, 0xff, 0x50, 0xf4,
    0xff, 0x98, 0x0, 0x0, 0x0, 0x0, 0x5e, 0xff,
    0xff, 0x4f, 0xf4, 0xff, 0xe9, 0x16, 0x0, 0x0,
    0x4, 0xc3, 0xff, 0xff, 0x20, 0xf4, 0xff, 0xff,
    0xe5, 0x80, 0x76, 0xcf, 0xff, 0xff, 0xb6, 0x0,
    0xf4, 0xff, 0xd8, 0xff, 0xff, 0xff, 0xff, 0xff,
    0xdf, 0x1b, 0x0, 0xf4, 0xff, 0x9b, 0x5c, 0xd3,
    0xf8, 0xe4, 0x91, 0x14, 0x0, 0x0, 0xf4, 0xff,
    0xa8, 0x0, 0x0, 0x0, 0x0, 0x0, 0x0, 0x0,
    0x0, 0xf4, 0xff, 0xa8, 0x0, 0x0, 0x0, 0x0,
    0x0, 0x0, 0x0, 0x0, 0xf4, 0xff, 0xa8, 0x0,
    0x0, 0x0, 0x0, 0x0, 0x0, 0x0, 0x0, 0xf4,
    0xff, 0xa8, 0x0, 0x0, 0x0, 0x0, 0x0, 0x0,
    0x0, 0x0,

    /* U+0071 "q" */
    0x0, 0x0, 0x1b, 0x9b, 0xe8, 0xf8, 0xcf, 0x59,
    0x94, 0xff, 0xe0, 0x0, 0x27, 0xe8, 0xff, 0xff,
    0xff, 0xff, 0xff, 0xe4, 0xff, 0xe0, 0x0, 0xcb,
    0xff, 0xff, 0xc9, 0x76, 0x88, 0xee, 0xff, 0xff,
    0xe0, 0x36, 0xff, 0xff, 0xb4, 0x2, 0x0, 0x0,
    0x24, 0xf3, 0xff, 0xe0, 0x65, 0xff, 0xff, 0x49,
    0x0, 0x0, 0x0, 0x0, 0xae, 0xff, 0xe0, 0x65,
    0xff, 0xff, 0x49, 0x0, 0x0, 0x0, 0x0, 0xae,
    0xff, 0xe0, 0x36, 0xff, 0xff, 0xb2, 0x1, 0x0,
    0x0, 0x21, 0xf2, 0xff, 0xe0, 0x1, 0xcd, 0xff,
    0xff, 0xc6, 0x74, 0x86, 0xec, 0xff, 0xff, 0xe0,
    0x0, 0x29, 0xea, 0xff, 0xff, 0xff, 0xff, 0xfd,
    0xda, 0xff, 0xe0, 0x0, 0x0, 0x1b, 0x9b, 0xe9,
    0xf8, 0xce, 0x4f, 0xb0, 0xff, 0xe0, 0x0, 0x0,
    0x0, 0x0, 0x0, 0x0, 0x0, 0x0, 0xbc, 0xff,
    0xe0, 0x0, 0x0, 0x0, 0x0, 0x0, 0x0, 0x0,
    0x0, 0xbc, 0xff, 0xe0, 0x0, 0x0, 0x0, 0x0,
    0x0, 0x0, 0x0, 0x0, 0xbc, 0xff, 0xe0, 0x0,
    0x0, 0x0, 0x0, 0x0, 0x0, 0x0, 0x0, 0xbc,
    0xff, 0xe0,

    /* U+0072 "r" */
    0xe0, 0xff, 0x94, 0x4b, 0xcd, 0xf9, 0xe4, 0x1,
    0xe0, 0xff, 0xd3, 0xfc, 0xff, 0xff, 0xaf, 0x0,
    0xe0, 0xff, 0xff, 0xf6, 0x96, 0x7e, 0x4d, 0x0,
    0xe0, 0xff, 0xff, 0x44, 0x0, 0x0, 0x0, 0x0,
    0xe0, 0xff, 0xd9, 0x0, 0x0, 0x0, 0x0, 0x0,
    0xe0, 0xff, 0xbd, 0x0, 0x0, 0x0, 0x0, 0x0,
    0xe0, 0xff, 0xbc, 0x0, 0x0, 0x0, 0x0, 0x0,
    0xe0, 0xff, 0xbc, 0x0, 0x0, 0x0, 0x0, 0x0,
    0xe0, 0xff, 0xbc, 0x0, 0x0, 0x0, 0x0, 0x0,
    0xe0, 0xff, 0xbc, 0x0, 0x0, 0x0, 0x0, 0x0,

    /* U+0073 "s" */
    0x0, 0x4, 0x70, 0xcf, 0xf3, 0xee, 0xbf, 0x53,
    0x0, 0x0, 0x0, 0xa3, 0xff, 0xff, 0xff, 0xff,
    0xff, 0xff, 0x74, 0x0, 0x15, 0xff, 0xff, 0xaf,
    0x2c, 0x41, 0xc8, 0xd4, 0x6c, 0x0, 0x7, 0xf8,
    0xff, 0xd2, 0x59, 0x16, 0x6, 0x0, 0x0, 0x0,
    0x0, 0x6b, 0xfc, 0xff, 0xff, 0xff, 0xd2, 0x71,
    0x3, 0x0, 0x0, 0x0, 0x2a, 0x87, 0xc2, 0xf6,
    0xff, 0xff, 0xa9, 0x0, 0x0, 0x25, 0x82, 0xc,
    0x0, 0x9, 0xa9, 0xff, 0xff, 0x19, 0x47, 0xfe,
    0xff, 0xc9, 0x58, 0x54, 0xcf, 0xff, 0xfd, 0x17,
    0x2, 0xae, 0xff, 0xff, 0xff, 0xff, 0xff, 0xff,
    0x86, 0x0, 0x0, 0x4, 0x65, 0xc7, 0xee, 0xed,
    0xc3, 0x59, 0x1, 0x0,

    /* U+0074 "t" */
    0x0, 0x0, 0xcc, 0xff, 0xd0, 0x0, 0x0, 0x0,
    0x0, 0x0, 0xcc, 0xff, 0xd0, 0x0, 0x0, 0x0,
    0x0, 0x0, 0xcc, 0xff, 0xd0, 0x0, 0x0, 0x0,
    0x84, 0xff, 0xff, 0xff, 0xff, 0xff, 0xff, 0x38,
    0x84, 0xff, 0xff, 0xff, 0xff, 0xff, 0xff, 0x38,
    0x1a, 0x34, 0xd6, 0xff, 0xd9, 0x34, 0x34, 0xb,
    0x0, 0x0, 0xcc, 0xff, 0xd0, 0x0, 0x0, 0x0,
    0x0, 0x0, 0xcc, 0xff, 0xd0, 0x0, 0x0, 0x0,
    0x0, 0x0, 0xcc, 0xff, 0xd0, 0x0, 0x0, 0x0,
    0x0, 0x0, 0xc7, 0xff, 0xde, 0x0, 0x0, 0x0,
    0x0, 0x0, 0xa6, 0xff, 0xff, 0x9c, 0x8a, 0x4,
    0x0, 0x0, 0x44, 0xff, 0xff, 0xff, 0xff, 0x46,
    0x0, 0x0, 0x0, 0x5c, 0xd4, 0xf7, 0xe2, 0x5d,

    /* U+0075 "u" */
    0xf4, 0xff, 0xa8, 0x0, 0x0, 0x0, 0x44, 0xff,
    0xff, 0x5c, 0xf4, 0xff, 0xa8, 0x0, 0x0, 0x0,
    0x44, 0xff, 0xff, 0x5c, 0xf4, 0xff, 0xa8, 0x0,
    0x0, 0x0, 0x44, 0xff, 0xff, 0x5c, 0xf4, 0xff,
    0xa8, 0x0, 0x0, 0x0, 0x44, 0xff, 0xff, 0x5c,
    0xf4, 0xff, 0xa8, 0x0, 0x0, 0x0, 0x45, 0xff,
    0xff, 0x5c, 0xf3, 0xff, 0xab, 0x0, 0x0, 0x0,
    0x5f, 0xff, 0xff, 0x5c, 0xdf, 0xff, 0xd4, 0x0,
    0x0, 0x1, 0xbc, 0xff, 0xff, 0x5c, 0xb3, 0xff,
    0xff, 0xac, 0x70, 0xb6, 0xff, 0xff, 0xff, 0x5c,
    0x3d, 0xff, 0xff, 0xff, 0xff, 0xff, 0xd4, 0xff,
    0xff, 0x5c, 0x0, 0x58, 0xd4, 0xf9, 0xe7, 0x92,
    0x25, 0xff, 0xff, 0x5c,

    /* U+0076 "v" */
    0xb7, 0xff, 0xff, 0x40, 0x0, 0x0, 0x0, 0x1c,
    0xfd, 0xff, 0xd8, 0x1, 0x4b, 0xff, 0xff, 0xa2,
    0x0, 0x0, 0x0, 0x7c, 0xff, 0xff, 0x6d, 0x0,
    0x2, 0xde, 0xff, 0xf5, 0xe, 0x0, 0x1, 0xdd,
    0xff, 0xf3, 0xe, 0x0, 0x0, 0x75, 0xff, 0xff,
    0x66, 0x0, 0x41, 0xff, 0xff, 0x95, 0x0, 0x0,
    0x0, 0x12, 0xf7, 0xff, 0xc8, 0x0, 0xa4, 0xff,
    0xff, 0x2a, 0x0, 0x0, 0x0, 0x0, 0x9f, 0xff,
    0xff, 0x39, 0xf6, 0xff, 0xbd, 0x0, 0x0, 0x0,
    0x0, 0x0, 0x33, 0xff, 0xff, 0xe4, 0xff, 0xff,
    0x51, 0x0, 0x0, 0x0, 0x0, 0x0, 0x0, 0xc8,
    0xff, 0xff, 0xff, 0xe2, 0x3, 0x0, 0x0, 0x0,
    0x0, 0x0, 0x0, 0x5d, 0xff, 0xff, 0xff, 0x79,
    0x0, 0x0, 0x0, 0x0, 0x0, 0x0, 0x0, 0x7,
    0xea, 0xff, 0xf8, 0x15, 0x0, 0x0, 0x0, 0x0,

    /* U+0077 "w" */
    0xc4, 0xff, 0xff, 0x24, 0x0, 0x0, 0x70, 0xff,
    0xff, 0x93, 0x0, 0x0, 0x8, 0xf8, 0xff, 0xdb,
    0x0, 0x74, 0xff, 0xff, 0x67, 0x0, 0x0, 0xbf,
    0xff, 0xff, 0xe2, 0x0, 0x0, 0x43, 0xff, 0xff,
    0x8b, 0x0, 0x23, 0xff, 0xff, 0xa9, 0x0, 0x12,
    0xfb, 0xff, 0xff, 0xff, 0x33, 0x0, 0x85, 0xff,
    0xff, 0x3a, 0x0, 0x0, 0xd3, 0xff, 0xea, 0x1,
    0x5d, 0xff, 0xf8, 0xf4, 0xff, 0x83, 0x0, 0xc7,
    0xff, 0xe8, 0x2, 0x0, 0x0, 0x83, 0xff, 0xff,
    0x2e, 0xac, 0xff, 0xb3, 0xa8, 0xff, 0xd3, 0xc,
    0xfb, 0xff, 0x99, 0x0, 0x0, 0x0, 0x32, 0xff,
    0xff, 0x78, 0xf3, 0xff, 0x64, 0x58, 0xff, 0xff,
    0x6c, 0xff, 0xff, 0x49, 0x0, 0x0, 0x0, 0x0,
    0xe1, 0xff, 0xf1, 0xff, 0xfd, 0x17, 0xe, 0xf9,
    0xff, 0xf1, 0xff, 0xf2, 0x6, 0x0, 0x0, 0x0,
    0x0, 0x91, 0xff, 0xff, 0xff, 0xc5, 0x0, 0x0,
    0xb8, 0xff, 0xff, 0xff, 0xa8, 0x0, 0x0, 0x0,
    0x0, 0x0, 0x41, 0xff, 0xff, 0xff, 0x76, 0x0,
    0x0, 0x68, 0xff, 0xff, 0xff, 0x58, 0x0, 0x0,
    0x0, 0x0, 0x0, 0x3, 0xec, 0xff, 0xff, 0x27,
    0x0, 0x0, 0x19, 0xfe, 0xff, 0xf9, 0xe, 0x0,
    0x0, 0x0,

    /* U+0078 "x" */
    0x75, 0xff, 0xff, 0x9d, 0x0, 0x0, 0x66, 0xff,
    0xff, 0xbd, 0x1, 0x2, 0xc2, 0xff, 0xff, 0x42,
    0x13, 0xed, 0xff, 0xef, 0x1c, 0x0, 0x0, 0x22,
    0xf3, 0xff, 0xdc, 0xa6, 0xff, 0xff, 0x59, 0x0,
    0x0, 0x0, 0x0, 0x67, 0xff, 0xff, 0xff, 0xff,
    0xa5, 0x0, 0x0, 0x0, 0x0, 0x0, 0x0, 0xb8,
    0xff, 0xff, 0xe4, 0x10, 0x0, 0x0, 0x0, 0x0,
    0x0, 0x5, 0xd0, 0xff, 0xff, 0xef, 0x1b, 0x0,
    0x0, 0x0, 0x0, 0x0, 0x81, 0xff, 0xff, 0xff,
    0xff, 0xb8, 0x0, 0x0, 0x0, 0x0, 0x31, 0xfa,
    0xff, 0xce, 0x9b, 0xff, 0xff, 0x66, 0x0, 0x0,
    0x5, 0xd1, 0xff, 0xfd, 0x35, 0xe, 0xe3, 0xff,
    0xf3, 0x20, 0x0, 0x82, 0xff, 0xff, 0x93, 0x0,
    0x0, 0x4e, 0xff, 0xff, 0xbf, 0x1,

    /* U+0079 "y" */
    0xb3, 0xff, 0xff, 0x45, 0x0, 0x0, 0x0, 0x25,
    0xfe, 0xff, 0xc3, 0x41, 0xff, 0xff, 0xb1, 0x0,
    0x0, 0x0, 0x8b, 0xff, 0xff, 0x53, 0x0, 0xce,
    0xff, 0xfd, 0x20, 0x0, 0x6, 0xeb, 0xff, 0xdf,
    0x3, 0x0, 0x5d, 0xff, 0xff, 0x89, 0x0, 0x59,
    0xff, 0xff, 0x72, 0x0, 0x0, 0x5, 0xe5, 0xff,
    0xec, 0x8, 0xc1, 0xff, 0xf3, 0xf, 0x0, 0x0,
    0x0, 0x79, 0xff, 0xff, 0x8c, 0xff, 0xff, 0x92,
    0x0, 0x0, 0x0, 0x0, 0x11, 0xf4, 0xff, 0xff,
    0xff, 0xfd, 0x24, 0x0, 0x0, 0x0, 0x0, 0x0,
    0x94, 0xff, 0xff, 0xff, 0xb1, 0x0, 0x0, 0x0,
    0x0, 0x0, 0x0, 0x24, 0xfd, 0xff, 0xff, 0x41,
    0x0, 0x0, 0x0, 0x0, 0x0, 0x0, 0x5, 0xeb,
    0xff, 0xd0, 0x0, 0x0, 0x0, 0x0, 0x0, 0x0,
    0x0, 0x60, 0xff, 0xff, 0x60, 0x0, 0x0, 0x0,
    0x0, 0x0, 0x0, 0x1, 0xd4, 0xff, 0xe9, 0x7,
    0x0, 0x0, 0x0, 0x0, 0x0, 0x0, 0x4c, 0xff,
    0xff, 0x80, 0x0, 0x0, 0x0, 0x0, 0x0, 0x0,
    0x0, 0xc1, 0xff, 0xf8, 0x17, 0x0, 0x0, 0x0,
    0x0, 0x0,

    /* U+007A "z" */
    0x34, 0xff, 0xff, 0xff, 0xff, 0xff, 0xff, 0xff,
    0xdc, 0x34, 0xff, 0xff, 0xff, 0xff, 0xff, 0xff,
    0xff, 0xdc, 0xa, 0x34, 0x34, 0x34, 0x34, 0xc4,
    0xff, 0xff, 0x84, 0x0, 0x0, 0x0, 0x0, 0x82,
    0xff, 0xff, 0xa3, 0x1, 0x0, 0x0, 0x0, 0x63,
    0xff, 0xff, 0xbc, 0x5, 0x0, 0x0, 0x0, 0x4a,
    0xfb, 0xff, 0xd1, 0xe, 0x0, 0x0, 0x0, 0x34,
    0xf4, 0xff, 0xe2, 0x1b, 0x0, 0x0, 0x0, 0x1f,
    0xe8, 0xff, 0xfd, 0x63, 0x38, 0x38, 0x38, 0x34,
    0x5c, 0xff, 0xff, 0xff, 0xff, 0xff, 0xff, 0xff,
    0xf0, 0x5c, 0xff, 0xff, 0xff, 0xff, 0xff, 0xff,
    0xff, 0xf0,

    /* U+007B "{" */
    0x0, 0x0, 0x0, 0x0, 0x2, 0x1c, 0x3, 0x0,
    0x0, 0x13, 0xa4, 0xf7, 0xff, 0x18, 0x0, 0x0,
    0xb0, 0xff, 0xff, 0xff, 0x18, 0x0, 0x14, 0xff,
    0xff, 0xbb, 0x12, 0x0, 0x0, 0x37, 0xff, 0xff,
    0x57, 0x0, 0x0, 0x0, 0x3c, 0xff, 0xff, 0x50,
    0x0, 0x0, 0x0, 0x3c, 0xff, 0xff, 0x50, 0x0,
    0x0, 0x0, 0x40, 0xff, 0xff, 0x4c, 0x0, 0x0,
    0x1c, 0xac, 0xff, 0xff, 0x2a, 0x0, 0x0, 0x84,
    0xff, 0xfc, 0x7f, 0x0, 0x0, 0x0, 0x84, 0xff,
    0xff, 0xae, 0x2, 0x0, 0x0, 0x6, 0x90, 0xff,
    0xff, 0x35, 0x0, 0x0, 0x0, 0x3e, 0xff, 0xff,
    0x4e, 0x0, 0x0, 0x0, 0x3c, 0xff, 0xff, 0x50,
    0x0, 0x0, 0x0, 0x3c, 0xff, 0xff, 0x50, 0x0,
    0x0, 0x0, 0x33, 0xff, 0xff, 0x5b, 0x0, 0x0,
    0x0, 0xe, 0xfe, 0xff, 0xce, 0x35, 0x3, 0x0,
    0x0, 0x9c, 0xff, 0xff, 0xff, 0x18, 0x0, 0x0,
    0x8, 0x84, 0xdb, 0xfc, 0x18,

    /* U+007C "|" */
    0x2, 0x4, 0x3, 0x90, 0xff, 0xd8, 0x90, 0xff,
    0xd8, 0x90, 0xff, 0xd8, 0x90, 0xff, 0xd8, 0x90,
    0xff, 0xd8, 0x90, 0xff, 0xd8, 0x90, 0xff, 0xd8,
    0x90, 0xff, 0xd8, 0x90, 0xff, 0xd8, 0x90, 0xff,
    0xd8, 0x90, 0xff, 0xd8, 0x90, 0xff, 0xd8, 0x90,
    0xff, 0xd8, 0x90, 0xff, 0xd8, 0x90, 0xff, 0xd8,
    0x90, 0xff, 0xd8, 0x90, 0xff, 0xd8, 0x90, 0xff,
    0xd8,

    /* U+007D "}" */
    0xb, 0x17, 0x0, 0x0, 0x0, 0x0, 0x0, 0x5c,
    0xff, 0xf0, 0x7e, 0x3, 0x0, 0x0, 0x5c, 0xff,
    0xff, 0xff, 0x70, 0x0, 0x0, 0x0, 0x28, 0xe6,
    0xff, 0xd3, 0x0, 0x0, 0x0, 0x0, 0x9b, 0xff,
    0xf7, 0x0, 0x0, 0x0, 0x0, 0x94, 0xff, 0xfc,
    0x0, 0x0, 0x0, 0x0, 0x94, 0xff, 0xfc, 0x0,
    0x0, 0x0, 0x0, 0x91, 0xff, 0xfd, 0x3, 0x0,
    0x0, 0x0, 0x70, 0xff, 0xff, 0x7b, 0xd, 0x0,
    0x0, 0xd, 0xb1, 0xff, 0xff, 0x44, 0x0, 0x0,
    0x19, 0xd3, 0xff, 0xff, 0x44, 0x0, 0x0, 0x79,
    0xff, 0xff, 0x54, 0x1, 0x0, 0x0, 0x92, 0xff,
    0xfd, 0x1, 0x0, 0x0, 0x0, 0x94, 0xff, 0xfc,
    0x0, 0x0, 0x0, 0x0, 0x94, 0xff, 0xfc, 0x0,
    0x0, 0x0, 0x0, 0x9e, 0xff, 0xf3, 0x0, 0x0,
    0xc, 0x4a, 0xf0, 0xff, 0xcd, 0x0, 0x0, 0x5c,
    0xff, 0xff, 0xff, 0x5b, 0x0, 0x0, 0x5c, 0xf7,
    0xd0, 0x5f, 0x0, 0x0, 0x0,

    /* U+007E "~" */
    0x0, 0x0, 0x11, 0x2d, 0xe, 0x0, 0x0, 0x0,
    0x7, 0xc, 0x5, 0x0, 0x74, 0xfd, 0xff, 0xfc,
    0xc0, 0x68, 0x4a, 0xe1, 0xff, 0x5b, 0x1f, 0xfc,
    0xff, 0xff, 0xff, 0xff, 0xff, 0xff, 0xff, 0xf8,
    0x1d, 0x40, 0xd4, 0xbd, 0x16, 0x2d, 0x7f, 0xcd,
    0xf5, 0xdc, 0x52, 0x0,

    /* U+00A0 " " */

    /* U+00A1 "¡" */
    0x0, 0x6f, 0xf1, 0xbd, 0xb, 0x2, 0xf9, 0xff,
    0xff, 0x5d, 0x0, 0xcc, 0xff, 0xfc, 0x31, 0x0,
    0xf, 0x5e, 0x31, 0x0, 0x0, 0x1b, 0x48, 0x37,
    0x0, 0x0, 0x6b, 0xff, 0xce, 0x0, 0x0, 0x79,
    0xff, 0xdc, 0x0, 0x0, 0x87, 0xff, 0xea, 0x0,
    0x0, 0x95, 0xff, 0xf8, 0x0, 0x0, 0xa2, 0xff,
    0xff, 0x5, 0x0, 0xa8, 0xff, 0xff, 0xc, 0x0,
    0xa8, 0xff, 0xff, 0xc, 0x0, 0xa8, 0xff, 0xff,
    0xc, 0x0, 0xa8, 0xff, 0xff, 0xc,

    /* U+00A2 "¢" */
    0x0, 0x0, 0x0, 0x0, 0x23, 0x84, 0x48, 0x0,
    0x0, 0x0, 0x0, 0x0, 0x0, 0x0, 0x0, 0x44,
    0xff, 0x8c, 0x0, 0x0, 0x0, 0x0, 0x0, 0x0,
    0x4, 0x69, 0xc8, 0xff, 0xe3, 0x91, 0x1f, 0x0,
    0x0, 0x0, 0x12, 0xbf, 0xff, 0xff, 0xff, 0xff,
    0xff, 0xf4, 0x3e, 0x0, 0x0, 0xa4, 0xff, 0xfd,
    0xbf, 0xff, 0xc7, 0xe3, 0xff, 0xe7, 0xa, 0x26,
    0xfe, 0xff, 0x7a, 0x44, 0xff, 0x8c, 0x2a, 0x8e,
    0x2a, 0x0, 0x5f, 0xff, 0xff, 0xf, 0x44, 0xff,
    0x8c, 0x0, 0x0, 0x0, 0x0, 0x6a, 0xff, 0xfb,
    0x2, 0x44, 0xff, 0x8c, 0x0, 0x0, 0x0, 0x0,
    0x49, 0xff, 0xff, 0x36, 0x44, 0xff, 0x8c, 0x0,
    0x2b, 0x0, 0x0, 0x8, 0xe1, 0xff, 0xd2, 0x62,
    0xff, 0x90, 0x7f, 0xff, 0xc9, 0x15, 0x0, 0x52,
    0xfc, 0xff, 0xff, 0xff, 0xfd, 0xff, 0xff, 0xa2,
    0x0, 0x0, 0x0, 0x45, 0xe1, 0xff, 0xff, 0xff,
    0xfc, 0x91, 0x4, 0x0, 0x0, 0x0, 0x0, 0x3,
    0x67, 0xff, 0xab, 0x14, 0x0, 0x0, 0x0, 0x0,
    0x0, 0x0, 0x0, 0x44, 0xff, 0x8c, 0x0, 0x0,
    0x0, 0x0,

    /* U+00A3 "£" */
    0x0, 0x0, 0x3c, 0xc1, 0xf5, 0xe9, 0xb8, 0x3b,
    0x0, 0x0, 0x0, 0x0, 0x5d, 0xfe, 0xff, 0xff,
    0xff, 0xff, 0xfc, 0x4e, 0x0, 0x0, 0x11, 0xf2,
    0xff, 0xdd, 0x61, 0x6d, 0xeb, 0xff, 0xe5, 0x5,
    0x0, 0x4c, 0xff, 0xff, 0x44, 0x0, 0x0, 0x4f,
    0x95, 0x2d, 0x0, 0x0, 0x4a, 0xff, 0xff, 0x33,
    0x0, 0x0, 0x0, 0x0, 0x0, 0x0, 0x0, 0x11,
    0xf6, 0xff, 0x83, 0x0, 0x0, 0x0, 0x0, 0x0,
    0x0, 0x0, 0x0, 0x85, 0xff, 0xf6, 0x20, 0x0,
    0x0, 0x0, 0x0, 0x0, 0x0, 0x49, 0xf9, 0xff,
    0xff, 0xfb, 0xf8, 0xf8, 0xb, 0x0, 0x0, 0x0,
    0x4c, 0xff, 0xff, 0xff, 0xff, 0xff, 0xff, 0xc,
    0x0, 0x0, 0x0, 0x0, 0x0, 0x81, 0xff, 0xcb,
    0x0, 0x0, 0x0, 0x0, 0x0, 0x0, 0x0, 0x4,
    0xd3, 0xff, 0x83, 0x0, 0x0, 0x0, 0x50, 0x16,
    0x0, 0x12, 0xaa, 0xff, 0xf9, 0x56, 0x4c, 0x4c,
    0x71, 0xfa, 0xf7, 0x3a, 0x5c, 0xff, 0xff, 0xff,
    0xff, 0xff, 0xff, 0xff, 0xff, 0xda, 0x7, 0x5c,
    0xff, 0xff, 0xff, 0xff, 0xff, 0xff, 0xee, 0xb0,
    0x20, 0x0,

    /* U+00A4 "¤" */
    0x0, 0x2b, 0x0, 0x0, 0x0, 0x0, 0x0, 0x0,
    0x29, 0x1, 0x6c, 0xfe, 0x85, 0xad, 0xea, 0xf0,
    0xbd, 0x76, 0xf6, 0x9b, 0x33, 0xee, 0xff, 0xff,
    0xff, 0xff, 0xff, 0xff, 0xfa, 0x54, 0x1, 0xda,
    0xff, 0xc1, 0x2c, 0x21, 0xa6, 0xff, 0xf5, 0x11,
    0x2e, 0xff, 0xfc, 0x18, 0x0, 0x0, 0x7, 0xe6,
    0xff, 0x59, 0x48, 0xff, 0xe3, 0x0, 0x0, 0x0,
    0x0, 0xbb, 0xff, 0x73, 0x2e, 0xff, 0xfc, 0x17,
    0x0, 0x0, 0x6, 0xe5, 0xff, 0x59, 0x1, 0xda,
    0xff, 0xc0, 0x29, 0x1f, 0xa4, 0xff, 0xf5, 0x11,
    0x36, 0xee, 0xff, 0xff, 0xff, 0xff, 0xff, 0xff,
    0xfa, 0x57, 0x69, 0xfe, 0x86, 0xb0, 0xed, 0xf2,
    0xc1, 0x77, 0xf7, 0x98, 0x0, 0x2d, 0x0, 0x0,
    0x0, 0x0, 0x0, 0x0, 0x2c, 0x1,

    /* U+00A5 "¥" */
    0x4e, 0x80, 0x80, 0x4a, 0x0, 0x0, 0x0, 0x0,
    0x1, 0x76, 0x80, 0x80, 0x20, 0x29, 0xf9, 0xff,
    0xf0, 0x16, 0x0, 0x0, 0x0, 0x5e, 0xff, 0xff,
    0xc6, 0x1, 0x0, 0x81, 0xff, 0xff, 0x9d, 0x0,
    0x0, 0xa, 0xe4, 0xff, 0xfb, 0x2d, 0x0, 0x0,
    0x7, 0xd8, 0xff, 0xfe, 0x36, 0x0, 0x81, 0xff,
    0xff, 0x88, 0x0, 0x0, 0x0, 0x0, 0x3f, 0xfe,
    0xff, 0xc2, 0x14, 0xf5, 0xff, 0xde, 0x9, 0x0,
    0x0, 0x0, 0x16, 0x4c, 0xcb, 0xff, 0xff, 0xae,
    0xff, 0xff, 0x8f, 0x47, 0x0, 0x0, 0x0, 0x4c,
    0xff, 0xff, 0xff, 0xff, 0xff, 0xff, 0xff, 0xff,
    0xf0, 0x0, 0x0, 0x0, 0x4c, 0xff, 0xff, 0xff,
    0xff, 0xff, 0xff, 0xff, 0xff, 0xf0, 0x0, 0x0,
    0x0, 0x0, 0x0, 0x0, 0x0, 0xff, 0xff, 0xb4,
    0x0, 0x0, 0x0, 0x0, 0x0, 0x0, 0x4c, 0xff,
    0xff, 0xff, 0xff, 0xff, 0xff, 0xff, 0xff, 0xf0,
    0x0, 0x0, 0x0, 0x4c, 0xff, 0xff, 0xff, 0xff,
    0xff, 0xff, 0xff, 0xff, 0xf0, 0x0, 0x0, 0x0,
    0x16, 0x4c, 0x4c, 0x4c, 0xff, 0xff, 0xca, 0x4c,
    0x4c, 0x47, 0x0, 0x0, 0x0, 0x0, 0x0, 0x0,
    0x0, 0xff, 0xff, 0xb4, 0x0, 0x0, 0x0, 0x0,
    0x0, 0x0, 0x0, 0x0, 0x0, 0x0, 0xff, 0xff,
    0xb4, 0x0, 0x0, 0x0, 0x0, 0x0,

    /* U+00A6 "¦" */
    0x4a, 0x84, 0x6f, 0x90, 0xff, 0xd8, 0x90, 0xff,
    0xd8, 0x90, 0xff, 0xd8, 0x90, 0xff, 0xd8, 0x90,
    0xff, 0xd8, 0x90, 0xff, 0xd8, 0x90, 0xff, 0xd8,
    0x0, 0x0, 0x0, 0x14, 0x24, 0x1e, 0x90, 0xff,
    0xd8, 0x90, 0xff, 0xd8, 0x90, 0xff, 0xd8, 0x90,
    0xff, 0xd8, 0x90, 0xff, 0xd8, 0x90, 0xff, 0xd8,
    0x90, 0xff, 0xd8, 0x90, 0xff, 0xd8,

    /* U+00A7 "§" */
    0x0, 0x0, 0x12, 0x8a, 0xe0, 0xfa, 0xe7, 0x9a,
    0x1c, 0x0, 0x0, 0x0, 0x1b, 0xe4, 0xff, 0xff,
    0xff, 0xff, 0xff, 0xec, 0x2a, 0x0, 0x0, 0x96,
    0xff, 0xff, 0xb1, 0x6c, 0x9a, 0xfe, 0xff, 0xbf,
    0x0, 0x0, 0xc1, 0xff, 0xe9, 0x1, 0x0, 0x0,
    0x79, 0x7b, 0x1f, 0x0, 0x0, 0x98, 0xff, 0xff,
    0x84, 0x13, 0x0, 0x0, 0x0, 0x0, 0x0, 0x0,
    0x1c, 0xe3, 0xff, 0xff, 0xfb, 0xb9, 0x57, 0x6,
    0x0, 0x0, 0x0, 0x6, 0xb6, 0xff, 0xff, 0xff,
    0xff, 0xff, 0xd5, 0x2d, 0x0, 0x0, 0x81, 0xff,
    0xf5, 0x43, 0x51, 0xc3, 0xff, 0xff, 0xe1, 0xe,
    0x0, 0xc2, 0xff, 0xbb, 0x0, 0x0, 0x1, 0x9e,
    0xff, 0xff, 0x4a, 0x0, 0xa1, 0xff, 0xf3, 0x36,
    0x0, 0x0, 0x46, 0xff, 0xff, 0x5c, 0x0, 0x25,
    0xef, 0xff, 0xfd, 0xb3, 0x57, 0x92, 0xff, 0xf6,
    0x1c, 0x0, 0x0, 0x21, 0xa9, 0xfa, 0xff, 0xff,
    0xff, 0xff, 0x65, 0x0, 0x0, 0x0, 0x0, 0x0,
    0x13, 0x64, 0xca, 0xff, 0xff, 0xbe, 0x1, 0x0,
    0xc, 0x5c, 0x30, 0x0, 0x0, 0x0, 0x94, 0xff,
    0xff, 0x39, 0xe, 0xf2, 0xff, 0xbc, 0x2, 0x0,
    0x0, 0x61, 0xff, 0xff, 0x4e, 0x0, 0xa8, 0xff,
    0xff, 0xc5, 0x71, 0x82, 0xed, 0xff, 0xfa, 0x19,
    0x0, 0x10, 0xd3, 0xff, 0xff, 0xff, 0xff, 0xff,
    0xff, 0x63, 0x0, 0x0, 0x0, 0x9, 0x7a, 0xda,
    0xf9, 0xe4, 0xb4, 0x3d, 0x0, 0x0,

    /* U+00A8 "¨" */
    0x49, 0xca, 0x74, 0x0, 0x6a, 0xcb, 0x52, 0xc3,
    0xff, 0xfc, 0x2, 0xf3, 0xff, 0xcf, 0x66, 0xf3,
    0x9a, 0x0, 0x8e, 0xf3, 0x70,

    /* U+00A9 "©" */
    0x0, 0x0, 0x18, 0x94, 0xe0, 0xee, 0xcc, 0x68,
    0x2, 0x0, 0x0, 0x24, 0xe2, 0x86, 0x16, 0x1,
    0x30, 0xbc, 0xaa, 0x2, 0x0, 0xc4, 0x68, 0x1d,
    0xb3, 0xdc, 0x96, 0x5, 0xbf, 0x67, 0x24, 0xda,
    0x0, 0xbc, 0x5d, 0x2, 0x38, 0x0, 0x37, 0xc7,
    0x42, 0xb6, 0x0, 0xeb, 0x0, 0x0, 0x0, 0x0,
    0x12, 0xe5, 0x24, 0xdb, 0x0, 0xbb, 0x5b, 0x3,
    0x58, 0x9, 0x38, 0xc8, 0x0, 0xc6, 0x6b, 0x1e,
    0xb6, 0xe2, 0x9c, 0x9, 0xc1, 0x69, 0x0, 0x26,
    0xe4, 0x87, 0x18, 0x3, 0x31, 0xbe, 0xad, 0x2,
    0x0, 0x0, 0x19, 0x95, 0xe0, 0xf0, 0xcc, 0x69,
    0x2, 0x0,

    /* U+00AA "ª" */
    0x0, 0x1, 0x6a, 0xcf, 0xf6, 0xe8, 0xbe, 0x4a,
    0x0, 0x0, 0x0, 0x9a, 0xff, 0xff, 0xec, 0xf8,
    0xff, 0xff, 0x6e, 0x0, 0x0, 0x2d, 0xae, 0x61,
    0x0, 0xa, 0xac, 0xff, 0xea, 0x1, 0x0, 0x0,
    0x3c, 0x8d, 0xa4, 0x8b, 0x7e, 0xff, 0xff, 0x12,
    0x0, 0x81, 0xff, 0xff, 0xff, 0xff, 0xff, 0xff,
    0xff, 0x18, 0x19, 0xfe, 0xff, 0x8a, 0xc, 0x16,
    0x7e, 0xff, 0xff, 0x18, 0x1f, 0xff, 0xff, 0x57,
    0x0, 0x12, 0xbe, 0xff, 0xff, 0x18, 0x0, 0xc8,
    0xff, 0xfd, 0xdc, 0xf8, 0xf0, 0xff, 0xff, 0x18,
    0x0, 0x16, 0x9e, 0xe8, 0xf4, 0xa5, 0x38, 0xb8,
    0xb8, 0x11,

    /* U+00AB "«" */
    0x0, 0x0, 0x0, 0x0, 0x54, 0x79, 0x0, 0x0,
    0xf, 0xa4, 0x1a, 0x0, 0x0, 0x0, 0x47, 0xf9,
    0xff, 0x4a, 0x9, 0xc3, 0xff, 0xbe, 0x0, 0x0,
    0x3c, 0xf5, 0xff, 0x92, 0x5, 0xb6, 0xff, 0xe4,
    0x21, 0x0, 0x31, 0xf0, 0xff, 0x9e, 0x3, 0xa8,
    0xff, 0xeb, 0x29, 0x0, 0xb, 0xe8, 0xff, 0xca,
    0x3, 0x7b, 0xff, 0xff, 0x41, 0x0, 0x0, 0x0,
    0x67, 0xff, 0xfe, 0x5c, 0x16, 0xd9, 0xff, 0xc3,
    0xa, 0x0, 0x0, 0x0, 0x77, 0xff, 0xfb, 0x4f,
    0x1e, 0xe2, 0xff, 0xb8, 0x6, 0x0, 0x0, 0x0,
    0x88, 0xff, 0xf8, 0x3c, 0x27, 0xea, 0xff, 0xa8,
    0x0, 0x0, 0x0, 0x0, 0x98, 0xbf, 0xe, 0x0,
    0x32, 0xe7, 0x4c, 0x0, 0x0, 0x0, 0x0, 0x2,
    0x6, 0x0, 0x0, 0x0, 0x9, 0x0,

    /* U+00AC "¬" */
    0x3, 0x40, 0x40, 0x40, 0x40, 0x40, 0x40, 0x40,
    0x40, 0x40, 0x12, 0xc, 0xff, 0xff, 0xff, 0xff,
    0xff, 0xff, 0xff, 0xff, 0xff, 0x48, 0xc, 0xff,
    0xff, 0xff, 0xff, 0xff, 0xff, 0xff, 0xff, 0xff,
    0x48, 0x0, 0x0, 0x0, 0x0, 0x0, 0x0, 0x0,
    0x4, 0xff, 0xff, 0x48, 0x0, 0x0, 0x0, 0x0,
    0x0, 0x0, 0x0, 0x4, 0xff, 0xff, 0x48, 0x0,
    0x0, 0x0, 0x0, 0x0, 0x0, 0x0, 0x4, 0xff,
    0xff, 0x48, 0x0, 0x0, 0x0, 0x0, 0x0, 0x0,
    0x0, 0x2, 0x80, 0x80, 0x24,

    /* U+00AD "­" */
    0x3f, 0x48, 0x48, 0x48, 0x48, 0x48, 0x41, 0xe0,
    0xff, 0xff, 0xff, 0xff, 0xff, 0xe8, 0xe0, 0xff,
    0xff, 0xff, 0xff, 0xff, 0xe8,

    /* U+00AE "®" */
    0x0, 0x0, 0x18, 0x94, 0xe0, 0xee, 0xcc, 0x68,
    0x2, 0x0, 0x0, 0x24, 0xe2, 0x86, 0x16, 0x1,
    0x30, 0xbc, 0xaa, 0x2, 0x0, 0xc4, 0x68, 0x33,
    0xe6, 0xdb, 0x9c, 0x2, 0xbf, 0x67, 0x24, 0xda,
    0x0, 0x38, 0xb4, 0x2, 0xe0, 0x1c, 0x37, 0xc7,
    0x42, 0xb6, 0x0, 0x38, 0xf1, 0xe8, 0x99, 0x0,
    0x12, 0xe5, 0x24, 0xdb, 0x0, 0x38, 0xb4, 0x6e,
    0x8e, 0x0, 0x38, 0xc8, 0x0, 0xc6, 0x6b, 0x21,
    0x6a, 0x2, 0x86, 0x14, 0xc1, 0x69, 0x0, 0x26,
    0xe4, 0x87, 0x18, 0x3, 0x31, 0xbe, 0xad, 0x2,
    0x0, 0x0, 0x19, 0x95, 0xe0, 0xf0, 0xcc, 0x69,
    0x2, 0x0,

    /* U+00AF "¯" */
    0xc5, 0xf8, 0xf8, 0xf8, 0xf8, 0xf8, 0x1f, 0xcc,
    0xff, 0xff, 0xff, 0xff, 0xff, 0x20,

    /* U+00B0 "°" */
    0x0, 0x4b, 0xd5, 0xef, 0xa0, 0xc, 0x1d, 0xf7,
    0xd1, 0x98, 0xfd, 0x90, 0x4f, 0xff, 0x49, 0x0,
    0xc9, 0xcd, 0x1e, 0xf8, 0xd1, 0x98, 0xfd, 0x92,
    0x0, 0x4f, 0xd9, 0xf1, 0xa4, 0xd,

    /* U+00B1 "±" */
    0x0, 0x0, 0x0, 0x7c, 0xff, 0xd8, 0x0, 0x0,
    0x0, 0x0, 0x0, 0x0, 0x0, 0x7c, 0xff, 0xd8,
    0x0, 0x0, 0x0, 0x0, 0x1f, 0x24, 0x24, 0x8e,
    0xff, 0xdd, 0x24, 0x24, 0x24, 0x9, 0xe0, 0xff,
    0xff, 0xff, 0xff, 0xff, 0xff, 0xff, 0xff, 0x44,
    0xe0, 0xff, 0xff, 0xff, 0xff, 0xff, 0xff, 0xff,
    0xff, 0x44, 0x0, 0x0, 0x0, 0x7c, 0xff, 0xd8,
    0x0, 0x0, 0x0, 0x0, 0x0, 0x0, 0x0, 0x7c,
    0xff, 0xd8, 0x0, 0x0, 0x0, 0x0, 0x0, 0x0,
    0x0, 0x57, 0xb4, 0x97, 0x0, 0x0, 0x0, 0x0,
    0x42, 0x4c, 0x4c, 0x4c, 0x4c, 0x4c, 0x4c, 0x4c,
    0x4c, 0x14, 0xe0, 0xff, 0xff, 0xff, 0xff, 0xff,
    0xff, 0xff, 0xff, 0x44, 0xe0, 0xff, 0xff, 0xff,
    0xff, 0xff, 0xff, 0xff, 0xff, 0x44,

    /* U+00B2 "²" */
    0x0, 0x79, 0xe7, 0xf0, 0xab, 0x13, 0x51, 0xff,
    0xd4, 0xc0, 0xff, 0x99, 0x3, 0x46, 0x18, 0x31,
    0xff, 0x9b, 0x0, 0x0, 0x1e, 0xd9, 0xe8, 0x1d,
    0x0, 0x2d, 0xe4, 0xdf, 0x25, 0x0, 0x33, 0xef,
    0xff, 0xad, 0x94, 0x73, 0x70, 0xff, 0xff, 0xff,
    0xff, 0xc8,

    /* U+00B3 "³" */
    0x0, 0x6e, 0xe2, 0xf6, 0xca, 0x3b, 0x0, 0x17,
    0xa7, 0xb6, 0xb8, 0xff, 0xb5, 0x0, 0x0, 0x0,
    0xa0, 0xff, 0xff, 0x3d, 0x0, 0x0, 0x0, 0x2f,
    0x64, 0xf4, 0xcb, 0x0, 0x20, 0x99, 0x3d, 0x0,
    0xc5, 0xfd, 0x5, 0x3d, 0xff, 0xde, 0x9d, 0xfe,
    0xc2, 0x0, 0x0, 0x65, 0xde, 0xf4, 0xb6, 0x1e,
    0x0,

    /* U+00B4 "´" */
    0x28, 0xb0, 0xb0, 0x7c, 0x7e, 0xff, 0xf9, 0x2b,
    0xcd, 0xff, 0x79, 0x0,

    /* U+00B5 "µ" */
    0xf4, 0xff, 0xa8, 0x0, 0x0, 0x0, 0x44, 0xff,
    0xff, 0x5c, 0xf4, 0xff, 0xa8, 0x0, 0x0, 0x0,
    0x44, 0xff, 0xff, 0x5c, 0xf4, 0xff, 0xa8, 0x0,
    0x0, 0x0, 0x44, 0xff, 0xff, 0x5c, 0xf4, 0xff,
    0xa8, 0x0, 0x0, 0x0, 0x44, 0xff, 0xff, 0x5c,
    0xf4, 0xff, 0xa8, 0x0, 0x0, 0x0, 0x45, 0xff,
    0xff, 0x5c, 0xf4, 0xff, 0xac, 0x0, 0x0, 0x0,
    0x5f, 0xff, 0xff, 0x5c, 0xf4, 0xff, 0xda, 0x2,
    0x0, 0x1, 0xbc, 0xff, 0xff, 0x5c, 0xf4, 0xff,
    0xff, 0xb4, 0x70, 0xb6, 0xff, 0xff, 0xff, 0x5c,
    0xf4, 0xff, 0xff, 0xff, 0xff, 0xff, 0xed, 0xff,
    0xff, 0x5c, 0xf4, 0xff, 0xeb, 0xf4, 0xf7, 0xb9,
    0x30, 0xff, 0xff, 0x5c, 0xf4, 0xff, 0x96, 0x0,
    0x0, 0x0, 0x0, 0x0, 0x0, 0x0, 0xf4, 0xff,
    0xa7, 0x0, 0x0, 0x0, 0x0, 0x0, 0x0, 0x0,
    0xf4, 0xff, 0xa8, 0x0, 0x0, 0x0, 0x0, 0x0,
    0x0, 0x0, 0xf4, 0xff, 0xa8, 0x0, 0x0, 0x0,
    0x0, 0x0, 0x0, 0x0,

    /* U+00B6 "¶" */
    0x0, 0x0, 0x4a, 0xc5, 0xf6, 0xff, 0xff, 0xff,
    0xff, 0xff, 0xff, 0x44, 0x0, 0x7c, 0xff, 0xff,
    0xff, 0xff, 0xff, 0xff, 0xff, 0xff, 0xff, 0x44,
    0x2f, 0xfd, 0xff, 0xff, 0xff, 0xff, 0xff, 0xb1,
    0x1c, 0xf1, 0xff, 0x44, 0x75, 0xff, 0xff, 0xff,
    0xff, 0xff, 0xff, 0xa8, 0x0, 0xf0, 0xff, 0x44,
    0x78, 0xff, 0xff, 0xff, 0xff, 0xff, 0xff, 0xa8,
    0x0, 0xf0, 0xff, 0x44, 0x3d, 0xff, 0xff, 0xff,
    0xff, 0xff, 0xff, 0xa8, 0x0, 0xf0, 0xff, 0x44,
    0x0, 0x9b, 0xff, 0xff, 0xff, 0xff, 0xff, 0xa8,
    0x0, 0xf0, 0xff, 0x44, 0x0, 0x5, 0x71, 0xe8,
    0xff, 0xff, 0xff, 0xa8, 0x0, 0xf0, 0xff, 0x44,
    0x0, 0x0, 0x0, 0x1, 0x1a, 0x9c, 0xff, 0xa8,
    0x0, 0xf0, 0xff, 0x44, 0x0, 0x0, 0x0, 0x0,
    0x0, 0x8c, 0xff, 0xa8, 0x0, 0xf0, 0xff, 0x44,
    0x0, 0x0, 0x0, 0x0, 0x0, 0x8c, 0xff, 0xa8,
    0x0, 0xf0, 0xff, 0x44, 0x0, 0x0, 0x0, 0x0,
    0x0, 0x8c, 0xff, 0xa8, 0x0, 0xf0, 0xff, 0x44,
    0x0, 0x0, 0x0, 0x0, 0x0, 0x8c, 0xff, 0xa8,
    0x0, 0xf0, 0xff, 0x44, 0x0, 0x0, 0x0, 0x0,
    0x0, 0x8c, 0xff, 0xa8, 0x0, 0xf0, 0xff, 0x44,
    0x0, 0x0, 0x0, 0x0, 0x0, 0x8c, 0xff, 0xa8,
    0x0, 0xf0, 0xff, 0x44, 0x0, 0x0, 0x0, 0x0,
    0x0, 0x8c, 0xff, 0xa8, 0x0, 0xf0, 0xff, 0x44,
    0x0, 0x0, 0x0, 0x0, 0x0, 0x8c, 0xff, 0xa8,
    0x0, 0xf0, 0xff, 0x44, 0x0, 0x0, 0x0, 0x0,
    0x0, 0x8c, 0xff, 0xa8, 0x0, 0xf0, 0xff, 0x44,

    /* U+00B7 "·" */
    0x0, 0x42, 0x5a, 0x5, 0x58, 0xff, 0xff, 0x9c,
    0x89, 0xff, 0xff, 0xcd, 0x22, 0xd3, 0xeb, 0x4e,

    /* U+00B8 "¸" */
    0x0, 0xf, 0x10, 0x0, 0x0, 0x1, 0xde, 0x93,
    0xb, 0x0, 0x2e, 0xf9, 0xff, 0xee, 0x30, 0x17,
    0x67, 0x38, 0xfe, 0x7e, 0x37, 0xf2, 0xff, 0xed,
    0x2e, 0x0, 0x10, 0x32, 0xc, 0x0,

    /* U+00B9 "¹" */
    0x5, 0x5b, 0xcd, 0xff, 0x3c, 0x51, 0xff, 0xff,
    0xff, 0x3c, 0x3, 0x5a, 0x93, 0xff, 0x3c, 0x0,
    0x0, 0x8c, 0xff, 0x3c, 0x0, 0x0, 0x8c, 0xff,
    0x3c, 0x0, 0x0, 0x8c, 0xff, 0x3c, 0x0, 0x0,
    0x8c, 0xff, 0x3c,

    /* U+00BA "º" */
    0x0, 0x0, 0x22, 0xa2, 0xe9, 0xf9, 0xd8, 0x7d,
    0x8, 0x0, 0x0, 0x24, 0xef, 0xff, 0xff, 0xff,
    0xff, 0xff, 0xc5, 0x8, 0x0, 0xc2, 0xff, 0xee,
    0x69, 0x3e, 0x95, 0xff, 0xff, 0x7c, 0x24, 0xff,
    0xff, 0x5a, 0x0, 0x0, 0x0, 0xb0, 0xff, 0xd6,
    0x42, 0xff, 0xff, 0x1c, 0x0, 0x0, 0x0, 0x6d,
    0xff, 0xf5, 0x2d, 0xff, 0xff, 0x46, 0x0, 0x0,
    0x0, 0x9a, 0xff, 0xe0, 0x1, 0xda, 0xff, 0xd9,
    0x35, 0xc, 0x61, 0xfc, 0xff, 0x91, 0x0, 0x3d,
    0xfd, 0xff, 0xff, 0xff, 0xff, 0xff, 0xe2, 0x16,
    0x0, 0x0, 0x45, 0xd2, 0xff, 0xff, 0xfb, 0xad,
    0x1c, 0x0, 0x0, 0x0, 0x0, 0x0, 0x19, 0x29,
    0xd, 0x0, 0x0, 0x0,

    /* U+00BB "»" */
    0x9, 0x9e, 0x27, 0x0, 0x0, 0x4f, 0x7f, 0x0,
    0x0, 0x0, 0x0, 0x8b, 0xff, 0xe2, 0x1e, 0x1d,
    0xf9, 0xff, 0x75, 0x0, 0x0, 0x0, 0xb, 0xc6,
    0xff, 0xd9, 0x16, 0x60, 0xfe, 0xff, 0x66, 0x0,
    0x0, 0x0, 0x10, 0xd0, 0xff, 0xce, 0xf, 0x6d,
    0xff, 0xfd, 0x58, 0x0, 0x0, 0x0, 0x18, 0xf4,
    0xff, 0xaf, 0x0, 0x99, 0xff, 0xfa, 0x2c, 0x0,
    0x0, 0x9a, 0xff, 0xf1, 0x31, 0x34, 0xf2, 0xff,
    0x99, 0x0, 0x0, 0x8b, 0xff, 0xf6, 0x3d, 0x2b,
    0xec, 0xff, 0xa8, 0x2, 0x0, 0x75, 0xff, 0xfb,
    0x4b, 0x1a, 0xe6, 0xff, 0xb6, 0x5, 0x0, 0x0,
    0x2a, 0xe1, 0x5a, 0x0, 0x2, 0x97, 0xc2, 0x9,
    0x0, 0x0, 0x0, 0x0, 0x9, 0x0, 0x0, 0x0,
    0x0, 0x8, 0x0, 0x0, 0x0, 0x0,

    /* U+00BC "¼" */
    0x0, 0x0, 0x0, 0x31, 0x2b, 0x0, 0x0, 0x0,
    0x0, 0x0, 0x0, 0x3a, 0x13, 0x0, 0x0, 0x0,
    0x58, 0xce, 0xff, 0xb8, 0x0, 0x0, 0x0, 0x0,
    0x0, 0x16, 0xeb, 0xe7, 0x13, 0x0, 0x0, 0xc8,
    0xf7, 0xff, 0xb8, 0x0, 0x0, 0x0, 0x0, 0x0,
    0xae, 0xff, 0x9b, 0x0, 0x0, 0x0, 0x28, 0x20,
    0xff, 0xb8, 0x0, 0x0, 0x0, 0x0, 0x5c, 0xff,
    0xe1, 0xe, 0x0, 0x0, 0x0, 0x0, 0x10, 0xff,
    0xb8, 0x0, 0x0, 0x0, 0x19, 0xee, 0xfe, 0x43,
    0x0, 0x0, 0x0, 0x0, 0x0, 0x10, 0xff, 0xb8,
    0x0, 0x0, 0x0, 0xb4, 0xff, 0x94, 0x0, 0x0,
    0x0, 0x0, 0x0, 0x0, 0x10, 0xff, 0xb8, 0x0,
    0x0, 0x62, 0xff, 0xdc, 0xb, 0x0, 0x0, 0x0,
    0x0, 0x0, 0x0, 0x10, 0xff, 0xb8, 0x0, 0x1d,
    0xf1, 0xfd, 0x3d, 0x0, 0x1e, 0x3c, 0x14, 0x0,
    0x0, 0x0, 0x0, 0x0, 0x0, 0x0, 0xba, 0xff,
    0x8d, 0x0, 0x17, 0xe5, 0xff, 0x58, 0x0, 0x0,
    0x0, 0x0, 0x0, 0x0, 0x69, 0xff, 0xd8, 0x8,
    0x5, 0xc2, 0xfa, 0xff, 0x58, 0x0, 0x0, 0x0,
    0x0, 0x0, 0x21, 0xf3, 0xfc, 0x37, 0x0, 0x93,
    0xe6, 0x77, 0xff, 0x58, 0x0, 0x0, 0x0, 0x0,
    0x1, 0xc0, 0xff, 0x87, 0x0, 0x5e, 0xff, 0x60,
    0x76, 0xff, 0x6f, 0xa, 0x0, 0x0, 0x0, 0x6f,
    0xff, 0xd3, 0x6, 0x0, 0xcf, 0xff, 0xff, 0xff,
    0xff, 0xff, 0x4c, 0x0, 0x0, 0x25, 0xf6, 0xfb,
    0x32, 0x0, 0x0, 0x44, 0x54, 0x54, 0x94, 0xff,
    0x8f, 0x18, 0x0, 0x0, 0x45, 0xec, 0x80, 0x0,
    0x0, 0x0, 0x0, 0x0, 0x0, 0x60, 0xff, 0x58,
    0x0, 0x0, 0x0, 0x0, 0x16, 0x5, 0x0, 0x0,
    0x0, 0x0, 0x0, 0x0, 0x0, 0x0, 0x0, 0x0,

    /* U+00BD "½" */
    0x0, 0x0, 0x0, 0x31, 0x2b, 0x0, 0x0, 0x0,
    0x0, 0x0, 0x0, 0x46, 0x8, 0x0, 0x0, 0x0,
    0x0, 0x5e, 0xd1, 0xff, 0xb8, 0x0, 0x0, 0x0,
    0x0, 0x0, 0x32, 0xfb, 0xce, 0x2, 0x0, 0x0,
    0x0, 0xc3, 0xf1, 0xff, 0xb8, 0x0, 0x0, 0x0,
    0x0, 0x6, 0xd3, 0xff, 0x6b, 0x0, 0x0, 0x0,
    0x0, 0x20, 0x1a, 0xff, 0xb8, 0x0, 0x0, 0x0,
    0x0, 0x87, 0xff, 0xbe, 0x1, 0x0, 0x0, 0x0,
    0x0, 0x0, 0x10, 0xff, 0xb8, 0x0, 0x0, 0x0,
    0x36, 0xfc, 0xf2, 0x20, 0x0, 0x0, 0x0, 0x0,
    0x0, 0x0, 0x10, 0xff, 0xb8, 0x0, 0x0, 0x8,
    0xd7, 0xff, 0x66, 0x0, 0x0, 0x0, 0x0, 0x0,
    0x0, 0x0, 0x10, 0xff, 0xb8, 0x0, 0x0, 0x8d,
    0xff, 0xb9, 0x0, 0x0, 0x0, 0x0, 0x0, 0x0,
    0x0, 0x0, 0x10, 0xff, 0xb8, 0x0, 0x3b, 0xfd,
    0xf0, 0x1d, 0x9, 0x65, 0x84, 0x50, 0x1, 0x0,
    0x0, 0x0, 0x0, 0x0, 0x0, 0xa, 0xdb, 0xff,
    0x61, 0x2, 0xc7, 0xff, 0xff, 0xff, 0x93, 0x0,
    0x0, 0x0, 0x0, 0x0, 0x0, 0x92, 0xff, 0xb5,
    0x0, 0x16, 0xb2, 0x96, 0x1a, 0xea, 0xf0, 0x0,
    0x0, 0x0, 0x0, 0x0, 0x40, 0xfe, 0xee, 0x1a,
    0x0, 0x0, 0x0, 0x0, 0x26, 0xfa, 0xc3, 0x0,
    0x0, 0x0, 0x0, 0xc, 0xde, 0xff, 0x5c, 0x0,
    0x0, 0x0, 0x0, 0x1f, 0xe1, 0xf3, 0x2e, 0x0,
    0x0, 0x0, 0x0, 0x98, 0xff, 0xb0, 0x0, 0x0,
    0x0, 0x0, 0x1b, 0xdd, 0xf4, 0x3f, 0x0, 0x0,
    0x0, 0x0, 0x45, 0xff, 0xec, 0x17, 0x0, 0x0,
    0x0, 0x10, 0xd9, 0xff, 0xc6, 0x90, 0x90, 0x6,
    0x0, 0x0, 0x63, 0xf7, 0x57, 0x0, 0x0, 0x0,
    0x0, 0x30, 0xff, 0xff, 0xff, 0xff, 0xff, 0xc,
    0x0, 0x0, 0x0, 0x1b, 0x0, 0x0, 0x0, 0x0,
    0x0, 0x0, 0x0, 0x0, 0x0, 0x0, 0x0, 0x0,

    /* U+00BE "¾" */
    0x0, 0x0, 0x3e, 0x79, 0x60, 0x8, 0x0, 0x0,
    0x0, 0x0, 0x0, 0x0, 0x38, 0x3f, 0x0, 0x0,
    0x0, 0x6e, 0xff, 0xff, 0xff, 0xc9, 0x4, 0x0,
    0x0, 0x0, 0x0, 0xa, 0xdb, 0xfe, 0x37, 0x0,
    0x0, 0x50, 0xc4, 0x1b, 0xa5, 0xff, 0x35, 0x0,
    0x0, 0x0, 0x0, 0x91, 0xff, 0xb5, 0x0, 0x0,
    0x0, 0x0, 0x3, 0x21, 0xb2, 0xfd, 0x1d, 0x0,
    0x0, 0x0, 0x3e, 0xfe, 0xef, 0x1b, 0x0, 0x0,
    0x0, 0x0, 0x24, 0xff, 0xff, 0xaf, 0x0, 0x0,
    0x0, 0xa, 0xdc, 0xff, 0x5f, 0x0, 0x0, 0x0,
    0x0, 0x7, 0x31, 0x4b, 0x99, 0xff, 0x65, 0x0,
    0x0, 0x93, 0xff, 0xb5, 0x0, 0x0, 0x0, 0x0,
    0x0, 0xd3, 0xfb, 0x9a, 0xc7, 0xff, 0x64, 0x0,
    0x3f, 0xfe, 0xef, 0x1b, 0x0, 0x0, 0x0, 0x0,
    0x0, 0x2b, 0xbf, 0xf6, 0xe5, 0x83, 0x2, 0xb,
    0xdd, 0xff, 0x5f, 0x0, 0x5, 0x3c, 0x2c, 0x0,
    0x0, 0x0, 0x0, 0x0, 0x0, 0x0, 0x0, 0x94,
    0xff, 0xb4, 0x0, 0x0, 0x96, 0xff, 0xbc, 0x0,
    0x0, 0x0, 0x0, 0x0, 0x0, 0x0, 0x40, 0xfe,
    0xef, 0x1a, 0x0, 0x61, 0xf6, 0xff, 0xbc, 0x0,
    0x0, 0x0, 0x0, 0x0, 0x0, 0xb, 0xde, 0xff,
    0x5e, 0x0, 0x35, 0xf8, 0x5b, 0xfc, 0xbc, 0x0,
    0x0, 0x0, 0x0, 0x0, 0x0, 0x95, 0xff, 0xb3,
    0x0, 0x16, 0xe3, 0xb6, 0x24, 0xfc, 0xc5, 0x19,
    0x0, 0x0, 0x0, 0x0, 0x42, 0xfe, 0xee, 0x1a,
    0x0, 0x6b, 0xff, 0xff, 0xff, 0xff, 0xff, 0xb4,
    0x0, 0x0, 0x0, 0xc, 0xdf, 0xff, 0x5d, 0x0,
    0x0, 0x23, 0x54, 0x54, 0x54, 0xfd, 0xd2, 0x3b,
    0x0, 0x0, 0x0, 0x25, 0xd6, 0xb2, 0x0, 0x0,
    0x0, 0x0, 0x0, 0x0, 0x0, 0xfc, 0xbc, 0x0,
    0x0, 0x0, 0x0, 0x0, 0x8, 0x12, 0x0, 0x0,
    0x0, 0x0, 0x0, 0x0, 0x0, 0x0, 0x0, 0x0,

    /* U+00BF "¿" */
    0x0, 0x0, 0x0, 0x33, 0xdf, 0xdf, 0x34, 0x0,
    0x0, 0x0, 0x0, 0x0, 0x0, 0xa9, 0xff, 0xff,
    0xac, 0x0, 0x0, 0x0, 0x0, 0x0, 0x0, 0x7a,
    0xff, 0xff, 0x7c, 0x0, 0x0, 0x0, 0x0, 0x0,
    0x0, 0x1, 0x4e, 0x4d, 0x1, 0x0, 0x0, 0x0,
    0x0, 0x0, 0x0, 0xa, 0x20, 0x20, 0x9, 0x0,
    0x0, 0x0, 0x0, 0x0, 0x0, 0x63, 0xff, 0xff,
    0x47, 0x0, 0x0, 0x0, 0x0, 0x0, 0x4, 0xbe,
    0xff, 0xfc, 0x1b, 0x0, 0x0, 0x0, 0x0, 0x6,
    0xaf, 0xff, 0xff, 0x7d, 0x0, 0x0, 0x0, 0x0,
    0x0, 0x9b, 0xff, 0xff, 0x77, 0x0, 0x0, 0x0,
    0x0, 0x0, 0x1a, 0xfd, 0xff, 0x8b, 0x0, 0x0,
    0x0, 0x0, 0x0, 0x0, 0x3c, 0xff, 0xff, 0x67,
    0x0, 0x0, 0x2f, 0xc3, 0x62, 0xa, 0x15, 0xfa,
    0xff, 0xed, 0x7b, 0x7c, 0xe7, 0xff, 0xf9, 0x1a,
    0x0, 0x70, 0xff, 0xff, 0xff, 0xff, 0xff, 0xff,
    0x69, 0x0, 0x0, 0x0, 0x4b, 0xc3, 0xf4, 0xf7,
    0xc6, 0x47, 0x0, 0x0,

    /* U+00C0 "À" */
    0x0, 0x0, 0x0, 0x0, 0x41, 0xfe, 0xff, 0xa2,
    0x0, 0x0, 0x0, 0x0, 0x0, 0x0, 0x0, 0x0,
    0x0, 0x0, 0x0, 0x0, 0x96, 0xff, 0xed, 0x4,
    0x0, 0x0, 0x0, 0x0, 0x0, 0x0, 0x0, 0x0,
    0x0, 0x0, 0x0, 0xc, 0xa8, 0xb0, 0x24, 0x0,
    0x0, 0x0, 0x0, 0x0, 0x0, 0x0, 0x0, 0x0,
    0x0, 0x0, 0x0, 0x0, 0x0, 0x0, 0x0, 0x0,
    0x0, 0x0, 0x0, 0x0, 0x0, 0x0, 0x0, 0x0,
    0x0, 0x92, 0xff, 0xff, 0xe2, 0x2, 0x0, 0x0,
    0x0, 0x0, 0x0, 0x0, 0x0, 0x0, 0x0, 0x7,
    0xec, 0xff, 0xff, 0xff, 0x47, 0x0, 0x0, 0x0,
    0x0, 0x0, 0x0, 0x0, 0x0, 0x0, 0x57, 0xff,
    0xff, 0xfd, 0xff, 0xa9, 0x0, 0x0, 0x0, 0x0,
    0x0, 0x0, 0x0, 0x0, 0x0, 0xb9, 0xff, 0xe6,
    0x99, 0xff, 0xf8, 0x12, 0x0, 0x0, 0x0, 0x0,
    0x0, 0x0, 0x0, 0x1d, 0xfd, 0xff, 0x97, 0x44,
    0xff, 0xff, 0x6e, 0x0, 0x0, 0x0, 0x0, 0x0,
    0x0, 0x0, 0x7e, 0xff, 0xff, 0x39, 0x2, 0xe3,
    0xff, 0xd0, 0x0, 0x0, 0x0, 0x0, 0x0, 0x0,
    0x1, 0xdf, 0xff, 0xd8, 0x0, 0x0, 0x85, 0xff,
    0xff, 0x32, 0x0, 0x0, 0x0, 0x0, 0x0, 0x44,
    0xff, 0xff, 0x78, 0x0, 0x0, 0x25, 0xff, 0xff,
    0x94, 0x0, 0x0, 0x0, 0x0, 0x0, 0xa6, 0xff,
    0xff, 0xff, 0xff, 0xff, 0xff, 0xff, 0xff, 0xee,
    0x8, 0x0, 0x0, 0x0, 0x10, 0xf7, 0xff, 0xff,
    0xff, 0xff, 0xff, 0xff, 0xff, 0xff, 0xff, 0x59,
    0x0, 0x0, 0x0, 0x6b, 0xff, 0xff, 0xa0, 0x74,
    0x74, 0x74, 0x74, 0x76, 0xfb, 0xff, 0xbb, 0x0,
    0x0, 0x0, 0xce, 0xff, 0xfb, 0x13, 0x0, 0x0,
    0x0, 0x0, 0x0, 0xbc, 0xff, 0xfe, 0x1f, 0x0,
    0x30, 0xff, 0xff, 0xb8, 0x0, 0x0, 0x0, 0x0,
    0x0, 0x0, 0x67, 0xff, 0xff, 0x80, 0x0, 0x93,
    0xff, 0xff, 0x62, 0x0, 0x0, 0x0, 0x0, 0x0,
    0x0, 0x15, 0xfc, 0xff, 0xe0, 0x2,

    /* U+00C1 "Á" */
    0x0, 0x0, 0x0, 0x0, 0x0, 0x0, 0x51, 0xff,
    0xff, 0x91, 0x0, 0x0, 0x0, 0x0, 0x0, 0x0,
    0x0, 0x0, 0x0, 0x0, 0x0, 0xa1, 0xff, 0xda,
    0xa, 0x0, 0x0, 0x0, 0x0, 0x0, 0x0, 0x0,
    0x0, 0x0, 0x0, 0x0, 0x9d, 0xb0, 0x39, 0x0,
    0x0, 0x0, 0x0, 0x0, 0x0, 0x0, 0x0, 0x0,
    0x0, 0x0, 0x0, 0x0, 0x0, 0x0, 0x0, 0x0,
    0x0, 0x0, 0x0, 0x0, 0x0, 0x0, 0x0, 0x0,
    0x0, 0x92, 0xff, 0xff, 0xe2, 0x2, 0x0, 0x0,
    0x0, 0x0, 0x0, 0x0, 0x0, 0x0, 0x0, 0x7,
    0xec, 0xff, 0xff, 0xff, 0x47, 0x0, 0x0, 0x0,
    0x0, 0x0, 0x0, 0x0, 0x0, 0x0, 0x57, 0xff,
    0xff, 0xfd, 0xff, 0xa9, 0x0, 0x0, 0x0, 0x0,
    0x0, 0x0, 0x0, 0x0, 0x0, 0xb9, 0xff, 0xe6,
    0x99, 0xff, 0xf8, 0x12, 0x0, 0x0, 0x0, 0x0,
    0x0, 0x0, 0x0, 0x1d, 0xfd, 0xff, 0x97, 0x44,
    0xff, 0xff, 0x6e, 0x0, 0x0, 0x0, 0x0, 0x0,
    0x0, 0x0, 0x7e, 0xff, 0xff, 0x39, 0x2, 0xe3,
    0xff, 0xd0, 0x0, 0x0, 0x0, 0x0, 0x0, 0x0,
    0x1, 0xdf, 0xff, 0xd8, 0x0, 0x0, 0x85, 0xff,
    0xff, 0x32, 0x0, 0x0, 0x0, 0x0, 0x0, 0x44,
    0xff, 0xff, 0x78, 0x0, 0x0, 0x25, 0xff, 0xff,
    0x94, 0x0, 0x0, 0x0, 0x0, 0x0, 0xa6, 0xff,
    0xff, 0xff, 0xff, 0xff, 0xff, 0xff, 0xff, 0xee,
    0x8, 0x0, 0x0, 0x0, 0x10, 0xf7, 0xff, 0xff,
    0xff, 0xff, 0xff, 0xff, 0xff, 0xff, 0xff, 0x59,
    0x0, 0x0, 0x0, 0x6b, 0xff, 0xff, 0xa0, 0x74,
    0x74, 0x74, 0x74, 0x76, 0xfb, 0xff, 0xbb, 0x0,
    0x0, 0x0, 0xce, 0xff, 0xfb, 0x13, 0x0, 0x0,
    0x0, 0x0, 0x0, 0xbc, 0xff, 0xfe, 0x1f, 0x0,
    0x30, 0xff, 0xff, 0xb8, 0x0, 0x0, 0x0, 0x0,
    0x0, 0x0, 0x67, 0xff, 0xff, 0x80, 0x0, 0x93,
    0xff, 0xff, 0x62, 0x0, 0x0, 0x0, 0x0, 0x0,
    0x0, 0x15, 0xfc, 0xff, 0xe0, 0x2,

    /* U+00C2 "Â" */
    0x0, 0x0, 0x0, 0x0, 0x0, 0x1, 0x23, 0x24,
    0xc, 0x0, 0x0, 0x0, 0x0, 0x0, 0x0, 0x0,
    0x0, 0x0, 0x0, 0x0, 0x96, 0xff, 0xff, 0xcf,
    0xd, 0x0, 0x0, 0x0, 0x0, 0x0, 0x0, 0x0,
    0x0, 0x0, 0x89, 0xff, 0xdc, 0xa6, 0xff, 0xbb,
    0x5, 0x0, 0x0, 0x0, 0x0, 0x0, 0x0, 0x0,
    0x14, 0x6c, 0x6c, 0x2a, 0x9, 0x6a, 0x6c, 0x29,
    0x0, 0x0, 0x0, 0x0, 0x0, 0x0, 0x0, 0x0,
    0x0, 0x0, 0x0, 0x0, 0x0, 0x0, 0x0, 0x0,
    0x0, 0x0, 0x0, 0x0, 0x0, 0x0, 0x0, 0x0,
    0x92, 0xff, 0xff, 0xe2, 0x2, 0x0, 0x0, 0x0,
    0x0, 0x0, 0x0, 0x0, 0x0, 0x0, 0x7, 0xec,
    0xff, 0xff, 0xff, 0x47, 0x0, 0x0, 0x0, 0x0,
    0x0, 0x0, 0x0, 0x0, 0x0, 0x57, 0xff, 0xff,
    0xfd, 0xff, 0xa9, 0x0, 0x0, 0x0, 0x0, 0x0,
    0x0, 0x0, 0x0, 0x0, 0xb9, 0xff, 0xe6, 0x99,
    0xff, 0xf8, 0x12, 0x0, 0x0, 0x0, 0x0, 0x0,
    0x0, 0x0, 0x1d, 0xfd, 0xff, 0x97, 0x44, 0xff,
    0xff, 0x6e, 0x0, 0x0, 0x0, 0x0, 0x0, 0x0,
    0x0, 0x7e, 0xff, 0xff, 0x39, 0x2, 0xe3, 0xff,
    0xd0, 0x0, 0x0, 0x0, 0x0, 0x0, 0x0, 0x1,
    0xdf, 0xff, 0xd8, 0x0, 0x0, 0x85, 0xff, 0xff,
    0x32, 0x0, 0x0, 0x0, 0x0, 0x0, 0x44, 0xff,
    0xff, 0x78, 0x0, 0x0, 0x25, 0xff, 0xff, 0x94,
    0x0, 0x0, 0x0, 0x0, 0x0, 0xa6, 0xff, 0xff,
    0xff, 0xff, 0xff, 0xff, 0xff, 0xff, 0xee, 0x8,
    0x0, 0x0, 0x0, 0x10, 0xf7, 0xff, 0xff, 0xff,
    0xff, 0xff, 0xff, 0xff, 0xff, 0xff, 0x59, 0x0,
    0x0, 0x0, 0x6b, 0xff, 0xff, 0xa0, 0x74, 0x74,
    0x74, 0x74, 0x76, 0xfb, 0xff, 0xbb, 0x0, 0x0,
    0x0, 0xce, 0xff, 0xfb, 0x13, 0x0, 0x0, 0x0,
    0x0, 0x0, 0xbc, 0xff, 0xfe, 0x1f, 0x0, 0x30,
    0xff, 0xff, 0xb8, 0x0, 0x0, 0x0, 0x0, 0x0,
    0x0, 0x67, 0xff, 0xff, 0x80, 0x0, 0x93, 0xff,
    0xff, 0x62, 0x0, 0x0, 0x0, 0x0, 0x0, 0x0,
    0x15, 0xfc, 0xff, 0xe0, 0x2,

    /* U+00C3 "Ã" */
    0x0, 0x0, 0x0, 0x0, 0x66, 0xe8, 0xe1, 0x70,
    0x30, 0xb0, 0x76, 0x0, 0x0, 0x0, 0x0, 0x0,
    0x0, 0x0, 0x23, 0xfc, 0xff, 0xff, 0xff, 0xff,
    0xff, 0x78, 0x0, 0x0, 0x0, 0x0, 0x0, 0x0,
    0x0, 0x32, 0xa4, 0x61, 0x2e, 0xb7, 0xe8, 0xa1,
    0x9, 0x0, 0x0, 0x0, 0x0, 0x0, 0x0, 0x0,
    0x0, 0x0, 0x0, 0x0, 0x0, 0x0, 0x0, 0x0,
    0x0, 0x0, 0x0, 0x0, 0x0, 0x0, 0x0, 0x0,
    0x0, 0x92, 0xff, 0xff, 0xe2, 0x2, 0x0, 0x0,
    0x0, 0x0, 0x0, 0x0, 0x0, 0x0, 0x0, 0x7,
    0xec, 0xff, 0xff, 0xff, 0x47, 0x0, 0x0, 0x0,
    0x0, 0x0, 0x0, 0x0, 0x0, 0x0, 0x57, 0xff,
    0xff, 0xfd, 0xff, 0xa9, 0x0, 0x0, 0x0, 0x0,
    0x0, 0x0, 0x0, 0x0, 0x0, 0xb9, 0xff, 0xe6,
    0x99, 0xff, 0xf8, 0x12, 0x0, 0x0, 0x0, 0x0,
    0x0, 0x0, 0x0, 0x1d, 0xfd, 0xff, 0x97, 0x44,
    0xff, 0xff, 0x6e, 0x0, 0x0, 0x0, 0x0, 0x0,
    0x0, 0x0, 0x7e, 0xff, 0xff, 0x39, 0x2, 0xe3,
    0xff, 0xd0, 0x0, 0x0, 0x0, 0x0, 0x0, 0x0,
    0x1, 0xdf, 0xff, 0xd8, 0x0, 0x0, 0x85, 0xff,
    0xff, 0x32, 0x0, 0x0, 0x0, 0x0, 0x0, 0x44,
    0xff, 0xff, 0x78, 0x0, 0x0, 0x25, 0xff, 0xff,
    0x94, 0x0, 0x0, 0x0, 0x0, 0x0, 0xa6, 0xff,
    0xff, 0xff, 0xff, 0xff, 0xff, 0xff, 0xff, 0xee,
    0x8, 0x0, 0x0, 0x0, 0x10, 0xf7, 0xff, 0xff,
    0xff, 0xff, 0xff, 0xff, 0xff, 0xff, 0xff, 0x59,
    0x0, 0x0, 0x0, 0x6b, 0xff, 0xff, 0xa0, 0x74,
    0x74, 0x74, 0x74, 0x76, 0xfb, 0xff, 0xbb, 0x0,
    0x0, 0x0, 0xce, 0xff, 0xfb, 0x13, 0x0, 0x0,
    0x0, 0x0, 0x0, 0xbc, 0xff, 0xfe, 0x1f, 0x0,
    0x30, 0xff, 0xff, 0xb8, 0x0, 0x0, 0x0, 0x0,
    0x0, 0x0, 0x67, 0xff, 0xff, 0x80, 0x0, 0x93,
    0xff, 0xff, 0x62, 0x0, 0x0, 0x0, 0x0, 0x0,
    0x0, 0x15, 0xfc, 0xff, 0xe0, 0x2,

    /* U+00C4 "Ä" */
    0x0, 0x0, 0x0, 0x4, 0xb7, 0xee, 0x4a, 0x14,
    0xd2, 0xe2, 0x2a, 0x0, 0x0, 0x0, 0x0, 0x0,
    0x0, 0x0, 0x23, 0xff, 0xff, 0xa3, 0x4f, 0xff,
    0xff, 0x73, 0x0, 0x0, 0x0, 0x0, 0x0, 0x0,
    0x0, 0x0, 0x8f, 0xc6, 0x32, 0x9, 0xaa, 0xba,
    0x19, 0x0, 0x0, 0x0, 0x0, 0x0, 0x0, 0x0,
    0x0, 0x0, 0x0, 0x0, 0x0, 0x0, 0x0, 0x0,
    0x0, 0x0, 0x0, 0x0, 0x0, 0x0, 0x0, 0x0,
    0x0, 0x92, 0xff, 0xff, 0xe2, 0x2, 0x0, 0x0,
    0x0, 0x0, 0x0, 0x0, 0x0, 0x0, 0x0, 0x7,
    0xec, 0xff, 0xff, 0xff, 0x47, 0x0, 0x0, 0x0,
    0x0, 0x0, 0x0, 0x0, 0x0, 0x0, 0x57, 0xff,
    0xff, 0xfd, 0xff, 0xa9, 0x0, 0x0, 0x0, 0x0,
    0x0, 0x0, 0x0, 0x0, 0x0, 0xb9, 0xff, 0xe6,
    0x99, 0xff, 0xf8, 0x12, 0x0, 0x0, 0x0, 0x0,
    0x0, 0x0, 0x0, 0x1d, 0xfd, 0xff, 0x97, 0x44,
    0xff, 0xff, 0x6e, 0x0, 0x0, 0x0, 0x0, 0x0,
    0x0, 0x0, 0x7e, 0xff, 0xff, 0x39, 0x2, 0xe3,
    0xff, 0xd0, 0x0, 0x0, 0x0, 0x0, 0x0, 0x0,
    0x1, 0xdf, 0xff, 0xd8, 0x0, 0x0, 0x85, 0xff,
    0xff, 0x32, 0x0, 0x0, 0x0, 0x0, 0x0, 0x44,
    0xff, 0xff, 0x78, 0x0, 0x0, 0x25, 0xff, 0xff,
    0x94, 0x0, 0x0, 0x0, 0x0, 0x0, 0xa6, 0xff,
    0xff, 0xff, 0xff, 0xff, 0xff, 0xff, 0xff, 0xee,
    0x8, 0x0, 0x0, 0x0, 0x10, 0xf7, 0xff, 0xff,
    0xff, 0xff, 0xff, 0xff, 0xff, 0xff, 0xff, 0x59,
    0x0, 0x0, 0x0, 0x6b, 0xff, 0xff, 0xa0, 0x74,
    0x74, 0x74, 0x74, 0x76, 0xfb, 0xff, 0xbb, 0x0,
    0x0, 0x0, 0xce, 0xff, 0xfb, 0x13, 0x0, 0x0,
    0x0, 0x0, 0x0, 0xbc, 0xff, 0xfe, 0x1f, 0x0,
    0x30, 0xff, 0xff, 0xb8, 0x0, 0x0, 0x0, 0x0,
    0x0, 0x0, 0x67, 0xff, 0xff, 0x80, 0x0, 0x93,
    0xff, 0xff, 0x62, 0x0, 0x0, 0x0, 0x0, 0x0,
    0x0, 0x15, 0xfc, 0xff, 0xe0, 0x2,

    /* U+00C5 "Å" */
    0x0, 0x0, 0x0, 0x0, 0x0, 0x2c, 0xa4, 0xb4,
    0x57, 0x0, 0x0, 0x0, 0x0, 0x0, 0x0, 0x0,
    0x0, 0x0, 0x0, 0x18, 0xf0, 0xff, 0xff, 0xff,
    0x53, 0x0, 0x0, 0x0, 0x0, 0x0, 0x0, 0x0,
    0x0, 0x0, 0x5f, 0xff, 0x8e, 0x42, 0xff, 0xb0,
    0x0, 0x0, 0x0, 0x0, 0x0, 0x0, 0x0, 0x0,
    0x0, 0x4c, 0xff, 0x8e, 0x41, 0xff, 0x9d, 0x0,
    0x0, 0x0, 0x0, 0x0, 0x0, 0x0, 0x0, 0x0,
    0x2, 0xde, 0xff, 0xff, 0xff, 0x33, 0x0, 0x0,
    0x0, 0x0, 0x0, 0x0, 0x0, 0x0, 0x0, 0x17,
    0xfb, 0xff, 0xff, 0xff, 0x66, 0x0, 0x0, 0x0,
    0x0, 0x0, 0x0, 0x0, 0x0, 0x0, 0x74, 0xff,
    0xff, 0xfd, 0xff, 0xc6, 0x0, 0x0, 0x0, 0x0,
    0x0, 0x0, 0x0, 0x0, 0x0, 0xd3, 0xff, 0xe6,
    0x99, 0xff, 0xff, 0x26, 0x0, 0x0, 0x0, 0x0,
    0x0, 0x0, 0x0, 0x34, 0xff, 0xff, 0x97, 0x44,
    0xff, 0xff, 0x86, 0x0, 0x0, 0x0, 0x0, 0x0,
    0x0, 0x0, 0x94, 0xff, 0xff, 0x39, 0x2, 0xe3,
    0xff, 0xe3, 0x2, 0x0, 0x0, 0x0, 0x0, 0x0,
    0x6, 0xed, 0xff, 0xd8, 0x0, 0x0, 0x85, 0xff,
    0xff, 0x45, 0x0, 0x0, 0x0, 0x0, 0x0, 0x54,
    0xff, 0xff, 0x78, 0x0, 0x0, 0x25, 0xff, 0xff,
    0xa5, 0x0, 0x0, 0x0, 0x0, 0x0, 0xb4, 0xff,
    0xff, 0xff, 0xff, 0xff, 0xff, 0xff, 0xff, 0xf6,
    0xe, 0x0, 0x0, 0x0, 0x17, 0xfb, 0xff, 0xff,
    0xff, 0xff, 0xff, 0xff, 0xff, 0xff, 0xff, 0x64,
    0x0, 0x0, 0x0, 0x74, 0xff, 0xff, 0xa1, 0x74,
    0x74, 0x74, 0x74, 0x76, 0xfb, 0xff, 0xc4, 0x0,
    0x0, 0x0, 0xd3, 0xff, 0xfb, 0x14, 0x0, 0x0,
    0x0, 0x0, 0x0, 0xbc, 0xff, 0xff, 0x24, 0x0,
    0x34, 0xff, 0xff, 0xb9, 0x0, 0x0, 0x0, 0x0,
    0x0, 0x0, 0x67, 0xff, 0xff, 0x84, 0x0, 0x94,
    0xff, 0xff, 0x63, 0x0, 0x0, 0x0, 0x0, 0x0,
    0x0, 0x15, 0xfc, 0xff, 0xe1, 0x2,

    /* U+00C6 "Æ" */
    0x0, 0x0, 0x0, 0x0, 0x0, 0x0, 0x0, 0x5,
    0xd7, 0xff, 0xff, 0xff, 0xff, 0xff, 0xff, 0xff,
    0xff, 0xff, 0xff, 0x10, 0x0, 0x0, 0x0, 0x0,
    0x0, 0x0, 0x0, 0x75, 0xff, 0xff, 0xff, 0xff,
    0xff, 0xff, 0xff, 0xff, 0xff, 0xff, 0xff, 0x10,
    0x0, 0x0, 0x0, 0x0, 0x0, 0x0, 0x1a, 0xf3,
    0xff, 0xd8, 0xff, 0xff, 0xda, 0x88, 0x88, 0x88,
    0x88, 0x88, 0x88, 0x8, 0x0, 0x0, 0x0, 0x0,
    0x0, 0x0, 0xa7, 0xff, 0xff, 0x4b, 0xff, 0xff,
    0xb0, 0x0, 0x0, 0x0, 0x0, 0x0, 0x0, 0x0,
    0x0, 0x0, 0x0, 0x0, 0x0, 0x40, 0xff, 0xff,
    0xb5, 0x4, 0xff, 0xff, 0xb0, 0x0, 0x0, 0x0,
    0x0, 0x0, 0x0, 0x0, 0x0, 0x0, 0x0, 0x0,
    0x4, 0xd4, 0xff, 0xf8, 0x24, 0x4, 0xff, 0xff,
    0xd9, 0x84, 0x84, 0x84, 0x84, 0x84, 0x37, 0x0,
    0x0, 0x0, 0x0, 0x0, 0x72, 0xff, 0xff, 0x84,
    0x0, 0x4, 0xff, 0xff, 0xff, 0xff, 0xff, 0xff,
    0xff, 0xff, 0x6c, 0x0, 0x0, 0x0, 0x0, 0x18,
    0xf1, 0xff, 0xe1, 0xa, 0x0, 0x4, 0xff, 0xff,
    0xff, 0xff, 0xff, 0xff, 0xff, 0xff, 0x6c, 0x0,
    0x0, 0x0, 0x0, 0xa3, 0xff, 0xff, 0xff, 0xff,
    0xff, 0xff, 0xff, 0xff, 0xb0, 0x0, 0x0, 0x0,
    0x0, 0x0, 0x0, 0x0, 0x0, 0x0, 0x3d, 0xff,
    0xff, 0xff, 0xff, 0xff, 0xff, 0xff, 0xff, 0xff,
    0xb0, 0x0, 0x0, 0x0, 0x0, 0x0, 0x0, 0x0,
    0x0, 0x3, 0xd1, 0xff, 0xff, 0x91, 0x88, 0x88,
    0x88, 0x89, 0xff, 0xff, 0xb0, 0x0, 0x0, 0x0,
    0x0, 0x0, 0x0, 0x0, 0x0, 0x6e, 0xff, 0xff,
    0xa6, 0x0, 0x0, 0x0, 0x0, 0x4, 0xff, 0xff,
    0xda, 0x88, 0x88, 0x88, 0x88, 0x88, 0x88, 0x8,
    0x16, 0xf0, 0xff, 0xf7, 0x1e, 0x0, 0x0, 0x0,
    0x0, 0x4, 0xff, 0xff, 0xff, 0xff, 0xff, 0xff,
    0xff, 0xff, 0xff, 0x10, 0xa0, 0xff, 0xff, 0x84,
    0x0, 0x0, 0x0, 0x0, 0x0, 0x4, 0xff, 0xff,
    0xff, 0xff, 0xff, 0xff, 0xff, 0xff, 0xff, 0x10,

    /* U+00C7 "Ç" */
    0x0, 0x0, 0x0, 0x0, 0x1a, 0x82, 0xcb, 0xee,
    0xf8, 0xe2, 0xa7, 0x46, 0x0, 0x0, 0x0, 0x0,
    0x0, 0x70, 0xf7, 0xff, 0xff, 0xff, 0xff, 0xff,
    0xff, 0xff, 0xa9, 0x8, 0x0, 0x0, 0x84, 0xff,
    0xff, 0xff, 0xd4, 0x96, 0x8b, 0xb0, 0xf7, 0xff,
    0xfb, 0x49, 0x0, 0x41, 0xff, 0xff, 0xec, 0x5d,
    0x0, 0x0, 0x0, 0x0, 0x1f, 0xbe, 0x4c, 0x0,
    0x0, 0xc3, 0xff, 0xfe, 0x3c, 0x0, 0x0, 0x0,
    0x0, 0x0, 0x0, 0x0, 0x0, 0x0, 0x15, 0xfe,
    0xff, 0xb5, 0x0, 0x0, 0x0, 0x0, 0x0, 0x0,
    0x0, 0x0, 0x0, 0x0, 0x37, 0xff, 0xff, 0x7c,
    0x0, 0x0, 0x0, 0x0, 0x0, 0x0, 0x0, 0x0,
    0x0, 0x0, 0x39, 0xff, 0xff, 0x7b, 0x0, 0x0,
    0x0, 0x0, 0x0, 0x0, 0x0, 0x0, 0x0, 0x0,
    0x16, 0xfe, 0xff, 0xb3, 0x0, 0x0, 0x0, 0x0,
    0x0, 0x0, 0x0, 0x0, 0x0, 0x0, 0x0, 0xc7,
    0xff, 0xfe, 0x47, 0x0, 0x0, 0x0, 0x0, 0x0,
    0x0, 0x4, 0x9, 0x0, 0x0, 0x4a, 0xff, 0xff,
    0xeb, 0x54, 0x0, 0x0, 0x0, 0x0, 0x17, 0xb5,
    0xc8, 0x16, 0x0, 0x0, 0x91, 0xff, 0xff, 0xff,
    0xcd, 0x91, 0x87, 0xab, 0xf4, 0xff, 0xff, 0xaf,
    0x0, 0x0, 0x0, 0x7e, 0xfa, 0xff, 0xff, 0xff,
    0xff, 0xff, 0xff, 0xff, 0xc0, 0x13, 0x0, 0x0,
    0x0, 0x0, 0x27, 0x90, 0xd3, 0xfd, 0xfc, 0xe6,
    0xb3, 0x57, 0x1, 0x0, 0x0, 0x0, 0x0, 0x0,
    0x0, 0x0, 0x1f, 0xfb, 0x9c, 0x30, 0x0, 0x0,
    0x0, 0x0, 0x0, 0x0, 0x0, 0x0, 0x0, 0x0,
    0x2f, 0xaf, 0xb9, 0xfb, 0x2f, 0x0, 0x0, 0x0,
    0x0, 0x0, 0x0, 0x0, 0x0, 0x0, 0x48, 0x9c,
    0x76, 0xff, 0x57, 0x0, 0x0, 0x0, 0x0, 0x0,
    0x0, 0x0, 0x0, 0x0, 0x2d, 0xd4, 0xf5, 0xab,
    0x7, 0x0, 0x0, 0x0,

    /* U+00C8 "È" */
    0x0, 0x0, 0x64, 0xff, 0xff, 0x7f, 0x0, 0x0,
    0x0, 0x0, 0x0, 0x0, 0x0, 0xb9, 0xff, 0xd0,
    0x0, 0x0, 0x0, 0x0, 0x0, 0x0, 0x0, 0x1d,
    0xaf, 0xaf, 0xe, 0x0, 0x0, 0x0, 0x0, 0x0,
    0x0, 0x0, 0x0, 0x0, 0x0, 0x0, 0x0, 0x0,
    0x90, 0xff, 0xff, 0xff, 0xff, 0xff, 0xff, 0xff,
    0xff, 0x84, 0x90, 0xff, 0xff, 0xff, 0xff, 0xff,
    0xff, 0xff, 0xff, 0x84, 0x90, 0xff, 0xff, 0x98,
    0x88, 0x88, 0x88, 0x88, 0x88, 0x46, 0x90, 0xff,
    0xff, 0x24, 0x0, 0x0, 0x0, 0x0, 0x0, 0x0,
    0x90, 0xff, 0xff, 0x24, 0x0, 0x0, 0x0, 0x0,
    0x0, 0x0, 0x90, 0xff, 0xff, 0x95, 0x84, 0x84,
    0x84, 0x84, 0x73, 0x0, 0x90, 0xff, 0xff, 0xff,
    0xff, 0xff, 0xff, 0xff, 0xe0, 0x0, 0x90, 0xff,
    0xff, 0xff, 0xff, 0xff, 0xff, 0xff, 0xe0, 0x0,
    0x90, 0xff, 0xff, 0x24, 0x0, 0x0, 0x0, 0x0,
    0x0, 0x0, 0x90, 0xff, 0xff, 0x24, 0x0, 0x0,
    0x0, 0x0, 0x0, 0x0, 0x90, 0xff, 0xff, 0x24,
    0x0, 0x0, 0x0, 0x0, 0x0, 0x0, 0x90, 0xff,
    0xff, 0x98, 0x88, 0x88, 0x88, 0x88, 0x88, 0x46,
    0x90, 0xff, 0xff, 0xff, 0xff, 0xff, 0xff, 0xff,
    0xff, 0x84, 0x90, 0xff, 0xff, 0xff, 0xff, 0xff,
    0xff, 0xff, 0xff, 0x84,

    /* U+00C9 "É" */
    0x0, 0x0, 0x0, 0x0, 0x79, 0xff, 0xff, 0x65,
    0x0, 0x0, 0x0, 0x0, 0x0, 0x0, 0xc9, 0xff,
    0xba, 0x0, 0x0, 0x0, 0x0, 0x0, 0x0, 0x9,
    0xae, 0xaf, 0x1e, 0x0, 0x0, 0x0, 0x0, 0x0,
    0x0, 0x0, 0x0, 0x0, 0x0, 0x0, 0x0, 0x0,
    0x90, 0xff, 0xff, 0xff, 0xff, 0xff, 0xff, 0xff,
    0xff, 0x84, 0x90, 0xff, 0xff, 0xff, 0xff, 0xff,
    0xff, 0xff, 0xff, 0x84, 0x90, 0xff, 0xff, 0x98,
    0x88, 0x88, 0x88, 0x88, 0x88, 0x46, 0x90, 0xff,
    0xff, 0x24, 0x0, 0x0, 0x0, 0x0, 0x0, 0x0,
    0x90, 0xff, 0xff, 0x24, 0x0, 0x0, 0x0, 0x0,
    0x0, 0x0, 0x90, 0xff, 0xff, 0x95, 0x84, 0x84,
    0x84, 0x84, 0x73, 0x0, 0x90, 0xff, 0xff, 0xff,
    0xff, 0xff, 0xff, 0xff, 0xe0, 0x0, 0x90, 0xff,
    0xff, 0xff, 0xff, 0xff, 0xff, 0xff, 0xe0, 0x0,
    0x90, 0xff, 0xff, 0x24, 0x0, 0x0, 0x0, 0x0,
    0x0, 0x0, 0x90, 0xff, 0xff, 0x24, 0x0, 0x0,
    0x0, 0x0, 0x0, 0x0, 0x90, 0xff, 0xff, 0x24,
    0x0, 0x0, 0x0, 0x0, 0x0, 0x0, 0x90, 0xff,
    0xff, 0x98, 0x88, 0x88, 0x88, 0x88, 0x88, 0x46,
    0x90, 0xff, 0xff, 0xff, 0xff, 0xff, 0xff, 0xff,
    0xff, 0x84, 0x90, 0xff, 0xff, 0xff, 0xff, 0xff,
    0xff, 0xff, 0xff, 0x84,

    /* U+00CA "Ê" */
    0x0, 0x0, 0x0, 0x8, 0x24, 0x24, 0x6, 0x0,
    0x0, 0x0, 0x0, 0x0, 0x7, 0xbc, 0xff, 0xff,
    0xaf, 0x2, 0x0, 0x0, 0x0, 0x4, 0xb1, 0xff,
    0xbd, 0xc5, 0xff, 0x94, 0x0, 0x0, 0x0, 0x26,
    0x6c, 0x6c, 0x17, 0x1b, 0x6c, 0x6c, 0x17, 0x0,
    0x0, 0x0, 0x0, 0x0, 0x0, 0x0, 0x0, 0x0,
    0x0, 0x0, 0x90, 0xff, 0xff, 0xff, 0xff, 0xff,
    0xff, 0xff, 0xff, 0x84, 0x90, 0xff, 0xff, 0xff,
    0xff, 0xff, 0xff, 0xff, 0xff, 0x84, 0x90, 0xff,
    0xff, 0x98, 0x88, 0x88, 0x88, 0x88, 0x88, 0x46,
    0x90, 0xff, 0xff, 0x24, 0x0, 0x0, 0x0, 0x0,
    0x0, 0x0, 0x90, 0xff, 0xff, 0x24, 0x0, 0x0,
    0x0, 0x0, 0x0, 0x0, 0x90, 0xff, 0xff, 0x95,
    0x84, 0x84, 0x84, 0x84, 0x73, 0x0, 0x90, 0xff,
    0xff, 0xff, 0xff, 0xff, 0xff, 0xff, 0xe0, 0x0,
    0x90, 0xff, 0xff, 0xff, 0xff, 0xff, 0xff, 0xff,
    0xe0, 0x0, 0x90, 0xff, 0xff, 0x24, 0x0, 0x0,
    0x0, 0x0, 0x0, 0x0, 0x90, 0xff, 0xff, 0x24,
    0x0, 0x0, 0x0, 0x0, 0x0, 0x0, 0x90, 0xff,
    0xff, 0x24, 0x0, 0x0, 0x0, 0x0, 0x0, 0x0,
    0x90, 0xff, 0xff, 0x98, 0x88, 0x88, 0x88, 0x88,
    0x88, 0x46, 0x90, 0xff, 0xff, 0xff, 0xff, 0xff,
    0xff, 0xff, 0xff, 0x84, 0x90, 0xff, 0xff, 0xff,
    0xff, 0xff, 0xff, 0xff, 0xff, 0x84,

    /* U+00CB "Ë" */
    0x0, 0x1f, 0xda, 0xd9, 0x1c, 0x3e, 0xea, 0xc1,
    0x7, 0x0, 0x0, 0x63, 0xff, 0xff, 0x5f, 0x93,
    0xff, 0xff, 0x2f, 0x0, 0x0, 0x11, 0xb3, 0xb2,
    0xf, 0x29, 0xc3, 0x9a, 0x2, 0x0, 0x0, 0x0,
    0x0, 0x0, 0x0, 0x0, 0x0, 0x0, 0x0, 0x0,
    0x90, 0xff, 0xff, 0xff, 0xff, 0xff, 0xff, 0xff,
    0xff, 0x84, 0x90, 0xff, 0xff, 0xff, 0xff, 0xff,
    0xff, 0xff, 0xff, 0x84, 0x90, 0xff, 0xff, 0x98,
    0x88, 0x88, 0x88, 0x88, 0x88, 0x46, 0x90, 0xff,
    0xff, 0x24, 0x0, 0x0, 0x0, 0x0, 0x0, 0x0,
    0x90, 0xff, 0xff, 0x24, 0x0, 0x0, 0x0, 0x0,
    0x0, 0x0, 0x90, 0xff, 0xff, 0x95, 0x84, 0x84,
    0x84, 0x84, 0x73, 0x0, 0x90, 0xff, 0xff, 0xff,
    0xff, 0xff, 0xff, 0xff, 0xe0, 0x0, 0x90, 0xff,
    0xff, 0xff, 0xff, 0xff, 0xff, 0xff, 0xe0, 0x0,
    0x90, 0xff, 0xff, 0x24, 0x0, 0x0, 0x0, 0x0,
    0x0, 0x0, 0x90, 0xff, 0xff, 0x24, 0x0, 0x0,
    0x0, 0x0, 0x0, 0x0, 0x90, 0xff, 0xff, 0x24,
    0x0, 0x0, 0x0, 0x0, 0x0, 0x0, 0x90, 0xff,
    0xff, 0x98, 0x88, 0x88, 0x88, 0x88, 0x88, 0x46,
    0x90, 0xff, 0xff, 0xff, 0xff, 0xff, 0xff, 0xff,
    0xff, 0x84, 0x90, 0xff, 0xff, 0xff, 0xff, 0xff,
    0xff, 0xff, 0xff, 0x84,

    /* U+00CC "Ì" */
    0x8c, 0xff, 0xff, 0x56, 0x0, 0x8, 0xd8, 0xff,
    0xa5, 0x0, 0x0, 0x38, 0xb0, 0x9f, 0x0, 0x0,
    0x0, 0x0, 0x0, 0x0, 0x0, 0x90, 0xff, 0xff,
    0x24, 0x0, 0x90, 0xff, 0xff, 0x24, 0x0, 0x90,
    0xff, 0xff, 0x24, 0x0, 0x90, 0xff, 0xff, 0x24,
    0x0, 0x90, 0xff, 0xff, 0x24, 0x0, 0x90, 0xff,
    0xff, 0x24, 0x0, 0x90, 0xff, 0xff, 0x24, 0x0,
    0x90, 0xff, 0xff, 0x24, 0x0, 0x90, 0xff, 0xff,
    0x24, 0x0, 0x90, 0xff, 0xff, 0x24, 0x0, 0x90,
    0xff, 0xff, 0x24, 0x0, 0x90, 0xff, 0xff, 0x24,
    0x0, 0x90, 0xff, 0xff, 0x24, 0x0, 0x90, 0xff,
    0xff, 0x24,

    /* U+00CD "Í" */
    0x0, 0xb9, 0xff, 0xfa, 0x2f, 0xe, 0xf9, 0xff,
    0x7e, 0x0, 0x34, 0xb0, 0x9f, 0x5, 0x0, 0x0,
    0x0, 0x0, 0x0, 0x0, 0x90, 0xff, 0xff, 0x24,
    0x0, 0x90, 0xff, 0xff, 0x24, 0x0, 0x90, 0xff,
    0xff, 0x24, 0x0, 0x90, 0xff, 0xff, 0x24, 0x0,
    0x90, 0xff, 0xff, 0x24, 0x0, 0x90, 0xff, 0xff,
    0x24, 0x0, 0x90, 0xff, 0xff, 0x24, 0x0, 0x90,
    0xff, 0xff, 0x24, 0x0, 0x90, 0xff, 0xff, 0x24,
    0x0, 0x90, 0xff, 0xff, 0x24, 0x0, 0x90, 0xff,
    0xff, 0x24, 0x0, 0x90, 0xff, 0xff, 0x24, 0x0,
    0x90, 0xff, 0xff, 0x24, 0x0, 0x90, 0xff, 0xff,
    0x24, 0x0,

    /* U+00CE "Î" */
    0x0, 0x0, 0xe, 0x24, 0x23, 0x0, 0x0, 0x0,
    0x0, 0x18, 0xdb, 0xff, 0xff, 0x81, 0x0, 0x0,
    0x12, 0xd3, 0xff, 0xa0, 0xe2, 0xff, 0x65, 0x0,
    0x3b, 0x6c, 0x69, 0x6, 0x2f, 0x6c, 0x68, 0x6,
    0x0, 0x0, 0x0, 0x0, 0x0, 0x0, 0x0, 0x0,
    0x0, 0x0, 0x90, 0xff, 0xff, 0x24, 0x0, 0x0,
    0x0, 0x0, 0x90, 0xff, 0xff, 0x24, 0x0, 0x0,
    0x0, 0x0, 0x90, 0xff, 0xff, 0x24, 0x0, 0x0,
    0x0, 0x0, 0x90, 0xff, 0xff, 0x24, 0x0, 0x0,
    0x0, 0x0, 0x90, 0xff, 0xff, 0x24, 0x0, 0x0,
    0x0, 0x0, 0x90, 0xff, 0xff, 0x24, 0x0, 0x0,
    0x0, 0x0, 0x90, 0xff, 0xff, 0x24, 0x0, 0x0,
    0x0, 0x0, 0x90, 0xff, 0xff, 0x24, 0x0, 0x0,
    0x0, 0x0, 0x90, 0xff, 0xff, 0x24, 0x0, 0x0,
    0x0, 0x0, 0x90, 0xff, 0xff, 0x24, 0x0, 0x0,
    0x0, 0x0, 0x90, 0xff, 0xff, 0x24, 0x0, 0x0,
    0x0, 0x0, 0x90, 0xff, 0xff, 0x24, 0x0, 0x0,
    0x0, 0x0, 0x90, 0xff, 0xff, 0x24, 0x0, 0x0,
    0x0, 0x0, 0x90, 0xff, 0xff, 0x24, 0x0, 0x0,

    /* U+00CF "Ï" */
    0x12, 0xd2, 0xdf, 0x22, 0x74, 0xf3, 0x7f, 0x42,
    0xff, 0xff, 0x61, 0xcd, 0xff, 0xd9, 0x3, 0x8e,
    0x9b, 0xc, 0x41, 0xaf, 0x48, 0x0, 0x0, 0x0,
    0x0, 0x0, 0x0, 0x0, 0x0, 0x0, 0x90, 0xff,
    0xff, 0x24, 0x0, 0x0, 0x0, 0x90, 0xff, 0xff,
    0x24, 0x0, 0x0, 0x0, 0x90, 0xff, 0xff, 0x24,
    0x0, 0x0, 0x0, 0x90, 0xff, 0xff, 0x24, 0x0,
    0x0, 0x0, 0x90, 0xff, 0xff, 0x24, 0x0, 0x0,
    0x0, 0x90, 0xff, 0xff, 0x24, 0x0, 0x0, 0x0,
    0x90, 0xff, 0xff, 0x24, 0x0, 0x0, 0x0, 0x90,
    0xff, 0xff, 0x24, 0x0, 0x0, 0x0, 0x90, 0xff,
    0xff, 0x24, 0x0, 0x0, 0x0, 0x90, 0xff, 0xff,
    0x24, 0x0, 0x0, 0x0, 0x90, 0xff, 0xff, 0x24,
    0x0, 0x0, 0x0, 0x90, 0xff, 0xff, 0x24, 0x0,
    0x0, 0x0, 0x90, 0xff, 0xff, 0x24, 0x0, 0x0,
    0x0, 0x90, 0xff, 0xff, 0x24, 0x0,

    /* U+00D0 "Ð" */
    0x0, 0x5c, 0xff, 0xff, 0xff, 0xff, 0xfd, 0xeb,
    0xc3, 0x79, 0x12, 0x0, 0x0, 0x0, 0x0, 0x5c,
    0xff, 0xff, 0xff, 0xff, 0xff, 0xff, 0xff, 0xff,
    0xf1, 0x54, 0x0, 0x0, 0x0, 0x5c, 0xff, 0xff,
    0xb1, 0x88, 0x8b, 0xa2, 0xe1, 0xff, 0xff, 0xfe,
    0x51, 0x0, 0x0, 0x5c, 0xff, 0xff, 0x58, 0x0,
    0x0, 0x0, 0x3, 0x6b, 0xfc, 0xff, 0xec, 0xd,
    0x0, 0x5c, 0xff, 0xff, 0x58, 0x0, 0x0, 0x0,
    0x0, 0x0, 0x82, 0xff, 0xff, 0x6a, 0x26, 0x78,
    0xff, 0xff, 0x74, 0x2c, 0x2c, 0x2c, 0x0, 0x0,
    0x15, 0xfe, 0xff, 0xaf, 0xe0, 0xff, 0xff, 0xff,
    0xff, 0xff, 0xff, 0xff, 0x4, 0x0, 0x0, 0xe5,
    0xff, 0xcc, 0xe0, 0xff, 0xff, 0xff, 0xff, 0xff,
    0xff, 0xff, 0x4, 0x0, 0x0, 0xe6, 0xff, 0xcc,
    0x0, 0x5c, 0xff, 0xff, 0x58, 0x0, 0x0, 0x0,
    0x0, 0x0, 0x14, 0xfe, 0xff, 0xb0, 0x0, 0x5c,
    0xff, 0xff, 0x58, 0x0, 0x0, 0x0, 0x0, 0x0,
    0x81, 0xff, 0xff, 0x6d, 0x0, 0x5c, 0xff, 0xff,
    0x58, 0x0, 0x0, 0x0, 0x3, 0x6c, 0xfc, 0xff,
    0xee, 0xf, 0x0, 0x5c, 0xff, 0xff, 0xb1, 0x88,
    0x8b, 0xa2, 0xe1, 0xff, 0xff, 0xfe, 0x55, 0x0,
    0x0, 0x5c, 0xff, 0xff, 0xff, 0xff, 0xff, 0xff,
    0xff, 0xff, 0xf2, 0x58, 0x0, 0x0, 0x0, 0x5c,
    0xff, 0xff, 0xff, 0xff, 0xfd, 0xec, 0xc5, 0x7d,
    0x14, 0x0, 0x0, 0x0,

    /* U+00D1 "Ñ" */
    0x0, 0x0, 0x0, 0x42, 0xda, 0xec, 0x8f, 0x1b,
    0xac, 0x9a, 0x0, 0x0, 0x0, 0x0, 0x0, 0x2,
    0xe9, 0xff, 0xfe, 0xff, 0xff, 0xff, 0xac, 0x0,
    0x0, 0x0, 0x0, 0x0, 0x11, 0xa4, 0x82, 0x1b,
    0xa0, 0xe8, 0xba, 0x1d, 0x0, 0x0, 0x0, 0x0,
    0x0, 0x0, 0x0, 0x0, 0x0, 0x0, 0x0, 0x0,
    0x0, 0x0, 0x0, 0x0, 0x90, 0xff, 0xff, 0xda,
    0x7, 0x0, 0x0, 0x0, 0x0, 0xa8, 0xff, 0xff,
    0x4, 0x90, 0xff, 0xff, 0xff, 0x7f, 0x0, 0x0,
    0x0, 0x0, 0xa8, 0xff, 0xff, 0x4, 0x90, 0xff,
    0xff, 0xff, 0xf8, 0x24, 0x0, 0x0, 0x0, 0xa8,
    0xff, 0xff, 0x4, 0x90, 0xff, 0xff, 0xff, 0xff,
    0xb9, 0x0, 0x0, 0x0, 0xa8, 0xff, 0xff, 0x4,
    0x90, 0xff, 0xf7, 0xa9, 0xff, 0xff, 0x56, 0x0,
    0x0, 0xa8, 0xff, 0xff, 0x4, 0x90, 0xff, 0xff,
    0x1e, 0xf1, 0xff, 0xe5, 0xe, 0x0, 0xa8, 0xff,
    0xff, 0x4, 0x90, 0xff, 0xff, 0x13, 0x6d, 0xff,
    0xff, 0x91, 0x0, 0xa7, 0xff, 0xff, 0x4, 0x90,
    0xff, 0xff, 0x18, 0x3, 0xcc, 0xff, 0xfc, 0x31,
    0x9c, 0xff, 0xff, 0x4, 0x90, 0xff, 0xff, 0x18,
    0x0, 0x34, 0xfd, 0xff, 0xc9, 0x8f, 0xff, 0xff,
    0x4, 0x90, 0xff, 0xff, 0x18, 0x0, 0x0, 0x95,
    0xff, 0xff, 0xe5, 0xff, 0xff, 0x4, 0x90, 0xff,
    0xff, 0x18, 0x0, 0x0, 0xf, 0xe7, 0xff, 0xff,
    0xff, 0xff, 0x4, 0x90, 0xff, 0xff, 0x18, 0x0,
    0x0, 0x0, 0x5a, 0xff, 0xff, 0xff, 0xff, 0x4,
    0x90, 0xff, 0xff, 0x18, 0x0, 0x0, 0x0, 0x0,
    0xbc, 0xff, 0xff, 0xff, 0x4, 0x90, 0xff, 0xff,
    0x18, 0x0, 0x0, 0x0, 0x0, 0x26, 0xf8, 0xff,
    0xff, 0x4,

    /* U+00D2 "Ò" */
    0x0, 0x0, 0x0, 0x0, 0x0, 0x4f, 0xff, 0xff,
    0x93, 0x0, 0x0, 0x0, 0x0, 0x0, 0x0, 0x0,
    0x0, 0x0, 0x0, 0x0, 0x0, 0x0, 0xa6, 0xff,
    0xe3, 0x0, 0x0, 0x0, 0x0, 0x0, 0x0, 0x0,
    0x0, 0x0, 0x0, 0x0, 0x0, 0x0, 0x13, 0xac,
    0xb0, 0x1b, 0x0, 0x0, 0x0, 0x0, 0x0, 0x0,
    0x0, 0x0, 0x0, 0x0, 0x0, 0x0, 0x0, 0x0,
    0x0, 0x0, 0x0, 0x0, 0x0, 0x0, 0x0, 0x0,
    0x0, 0x0, 0x0, 0x0, 0x1b, 0x84, 0xcd, 0xef,
    0xf8, 0xe1, 0xa6, 0x4a, 0x0, 0x0, 0x0, 0x0,
    0x0, 0x0, 0x0, 0x73, 0xf8, 0xff, 0xff, 0xff,
    0xff, 0xff, 0xff, 0xff, 0xc2, 0x1a, 0x0, 0x0,
    0x0, 0x0, 0x87, 0xff, 0xff, 0xff, 0xd0, 0x95,
    0x8b, 0xb0, 0xf6, 0xff, 0xff, 0xdf, 0x17, 0x0,
    0x0, 0x44, 0xff, 0xff, 0xec, 0x4b, 0x0, 0x0,
    0x0, 0x0, 0x16, 0xb2, 0xff, 0xff, 0xb1, 0x0,
    0x0, 0xc4, 0xff, 0xfe, 0x3b, 0x0, 0x0, 0x0,
    0x0, 0x0, 0x0, 0x4, 0xc4, 0xff, 0xff, 0x31,
    0x15, 0xfe, 0xff, 0xb5, 0x0, 0x0, 0x0, 0x0,
    0x0, 0x0, 0x0, 0x0, 0x45, 0xff, 0xff, 0x82,
    0x37, 0xff, 0xff, 0x7c, 0x0, 0x0, 0x0, 0x0,
    0x0, 0x0, 0x0, 0x0, 0xc, 0xff, 0xff, 0xa6,
    0x38, 0xff, 0xff, 0x7c, 0x0, 0x0, 0x0, 0x0,
    0x0, 0x0, 0x0, 0x0, 0xc, 0xff, 0xff, 0xa6,
    0x15, 0xfe, 0xff, 0xb5, 0x0, 0x0, 0x0, 0x0,
    0x0, 0x0, 0x0, 0x0, 0x45, 0xff, 0xff, 0x82,
    0x0, 0xc4, 0xff, 0xfe, 0x3a, 0x0, 0x0, 0x0,
    0x0, 0x0, 0x0, 0x4, 0xc3, 0xff, 0xff, 0x31,
    0x0, 0x44, 0xff, 0xff, 0xeb, 0x58, 0x0, 0x0,
    0x0, 0x0, 0x20, 0xb5, 0xff, 0xff, 0xb1, 0x0,
    0x0, 0x0, 0x87, 0xff, 0xff, 0xff, 0xd2, 0x98,
    0x8e, 0xb1, 0xf7, 0xff, 0xff, 0xdf, 0x17, 0x0,
    0x0, 0x0, 0x0, 0x74, 0xf9, 0xff, 0xff, 0xff,
    0xff, 0xff, 0xff, 0xff, 0xc3, 0x1b, 0x0, 0x0,
    0x0, 0x0, 0x0, 0x0, 0x1d, 0x88, 0xce, 0xf1,
    0xf8, 0xe2, 0xa9, 0x4e, 0x0, 0x0, 0x0, 0x0,

    /* U+00D3 "Ó" */
    0x0, 0x0, 0x0, 0x0, 0x0, 0x0, 0x0, 0x28,
    0xff, 0xff, 0xb9, 0x0, 0x0, 0x0, 0x0, 0x0,
    0x0, 0x0, 0x0, 0x0, 0x0, 0x0, 0x0, 0x79,
    0xff, 0xf1, 0x1d, 0x0, 0x0, 0x0, 0x0, 0x0,
    0x0, 0x0, 0x0, 0x0, 0x0, 0x0, 0x0, 0x81,
    0xb0, 0x56, 0x0, 0x0, 0x0, 0x0, 0x0, 0x0,
    0x0, 0x0, 0x0, 0x0, 0x0, 0x0, 0x0, 0x0,
    0x0, 0x0, 0x0, 0x0, 0x0, 0x0, 0x0, 0x0,
    0x0, 0x0, 0x0, 0x0, 0x1b, 0x84, 0xcd, 0xef,
    0xf8, 0xe1, 0xa6, 0x4a, 0x0, 0x0, 0x0, 0x0,
    0x0, 0x0, 0x0, 0x73, 0xf8, 0xff, 0xff, 0xff,
    0xff, 0xff, 0xff, 0xff, 0xc2, 0x1a, 0x0, 0x0,
    0x0, 0x0, 0x87, 0xff, 0xff, 0xff, 0xd0, 0x95,
    0x8b, 0xb0, 0xf6, 0xff, 0xff, 0xdf, 0x17, 0x0,
    0x0, 0x44, 0xff, 0xff, 0xec, 0x4b, 0x0, 0x0,
    0x0, 0x0, 0x16, 0xb2, 0xff, 0xff, 0xb1, 0x0,
    0x0, 0xc4, 0xff, 0xfe, 0x3b, 0x0, 0x0, 0x0,
    0x0, 0x0, 0x0, 0x4, 0xc4, 0xff, 0xff, 0x31,
    0x15, 0xfe, 0xff, 0xb5, 0x0, 0x0, 0x0, 0x0,
    0x0, 0x0, 0x0, 0x0, 0x45, 0xff, 0xff, 0x82,
    0x37, 0xff, 0xff, 0x7c, 0x0, 0x0, 0x0, 0x0,
    0x0, 0x0, 0x0, 0x0, 0xc, 0xff, 0xff, 0xa6,
    0x38, 0xff, 0xff, 0x7c, 0x0, 0x0, 0x0, 0x0,
    0x0, 0x0, 0x0, 0x0, 0xc, 0xff, 0xff, 0xa6,
    0x15, 0xfe, 0xff, 0xb5, 0x0, 0x0, 0x0, 0x0,
    0x0, 0x0, 0x0, 0x0, 0x45, 0xff, 0xff, 0x82,
    0x0, 0xc4, 0xff, 0xfe, 0x3a, 0x0, 0x0, 0x0,
    0x0, 0x0, 0x0, 0x4, 0xc3, 0xff, 0xff, 0x31,
    0x0, 0x44, 0xff, 0xff, 0xeb, 0x58, 0x0, 0x0,
    0x0, 0x0, 0x20, 0xb5, 0xff, 0xff, 0xb1, 0x0,
    0x0, 0x0, 0x87, 0xff, 0xff, 0xff, 0xd2, 0x98,
    0x8e, 0xb1, 0xf7, 0xff, 0xff, 0xdf, 0x17, 0x0,
    0x0, 0x0, 0x0, 0x74, 0xf9, 0xff, 0xff, 0xff,
    0xff, 0xff, 0xff, 0xff, 0xc3, 0x1b, 0x0, 0x0,
    0x0, 0x0, 0x0, 0x0, 0x1d, 0x88, 0xce, 0xf1,
    0xf8, 0xe2, 0xa9, 0x4e, 0x0, 0x0, 0x0, 0x0,

    /* U+00D4 "Ô" */
    0x0, 0x0, 0x0, 0x0, 0x0, 0x0, 0x0, 0x23,
    0x24, 0xf, 0x0, 0x0, 0x0, 0x0, 0x0, 0x0,
    0x0, 0x0, 0x0, 0x0, 0x0, 0x0, 0x88, 0xff,
    0xff, 0xd9, 0x14, 0x0, 0x0, 0x0, 0x0, 0x0,
    0x0, 0x0, 0x0, 0x0, 0x0, 0x7d, 0xff, 0xe3,
    0x9b, 0xff, 0xc9, 0xa, 0x0, 0x0, 0x0, 0x0,
    0x0, 0x0, 0x0, 0x0, 0xd, 0x67, 0x68, 0x2e,
    0x4, 0x64, 0x68, 0x2f, 0x0, 0x0, 0x0, 0x0,
    0x0, 0x0, 0x0, 0x0, 0x0, 0x0, 0x0, 0x0,
    0x0, 0x0, 0x0, 0x0, 0x0, 0x0, 0x0, 0x0,
    0x0, 0x0, 0x0, 0x0, 0x1b, 0x84, 0xcd, 0xef,
    0xf8, 0xe1, 0xa6, 0x4a, 0x0, 0x0, 0x0, 0x0,
    0x0, 0x0, 0x0, 0x73, 0xf8, 0xff, 0xff, 0xff,
    0xff, 0xff, 0xff, 0xff, 0xc2, 0x1a, 0x0, 0x0,
    0x0, 0x0, 0x87, 0xff, 0xff, 0xff, 0xd0, 0x95,
    0x8b, 0xb0, 0xf6, 0xff, 0xff, 0xdf, 0x17, 0x0,
    0x0, 0x44, 0xff, 0xff, 0xec, 0x4b, 0x0, 0x0,
    0x0, 0x0, 0x16, 0xb2, 0xff, 0xff, 0xb1, 0x0,
    0x0, 0xc4, 0xff, 0xfe, 0x3b, 0x0, 0x0, 0x0,
    0x0, 0x0, 0x0, 0x4, 0xc4, 0xff, 0xff, 0x31,
    0x15, 0xfe, 0xff, 0xb5, 0x0, 0x0, 0x0, 0x0,
    0x0, 0x0, 0x0, 0x0, 0x45, 0xff, 0xff, 0x82,
    0x37, 0xff, 0xff, 0x7c, 0x0, 0x0, 0x0, 0x0,
    0x0, 0x0, 0x0, 0x0, 0xc, 0xff, 0xff, 0xa6,
    0x38, 0xff, 0xff, 0x7c, 0x0, 0x0, 0x0, 0x0,
    0x0, 0x0, 0x0, 0x0, 0xc, 0xff, 0xff, 0xa6,
    0x15, 0xfe, 0xff, 0xb5, 0x0, 0x0, 0x0, 0x0,
    0x0, 0x0, 0x0, 0x0, 0x45, 0xff, 0xff, 0x82,
    0x0, 0xc4, 0xff, 0xfe, 0x3a, 0x0, 0x0, 0x0,
    0x0, 0x0, 0x0, 0x4, 0xc3, 0xff, 0xff, 0x31,
    0x0, 0x44, 0xff, 0xff, 0xeb, 0x58, 0x0, 0x0,
    0x0, 0x0, 0x20, 0xb5, 0xff, 0xff, 0xb1, 0x0,
    0x0, 0x0, 0x87, 0xff, 0xff, 0xff, 0xd2, 0x98,
    0x8e, 0xb1, 0xf7, 0xff, 0xff, 0xdf, 0x17, 0x0,
    0x0, 0x0, 0x0, 0x74, 0xf9, 0xff, 0xff, 0xff,
    0xff, 0xff, 0xff, 0xff, 0xc3, 0x1b, 0x0, 0x0,
    0x0, 0x0, 0x0, 0x0, 0x1d, 0x88, 0xce, 0xf1,
    0xf8, 0xe2, 0xa9, 0x4e, 0x0, 0x0, 0x0, 0x0,

    /* U+00D5 "Õ" */
    0x0, 0x0, 0x0, 0x0, 0x0, 0x83, 0xec, 0xfd,
    0xf9, 0xf5, 0xfc, 0xa7, 0x0, 0x0, 0x0, 0x0,
    0x0, 0x0, 0x0, 0x0, 0x33, 0xfc, 0xf9, 0xf7,
    0xfd, 0xfa, 0xc3, 0x23, 0x0, 0x0, 0x0, 0x0,
    0x0, 0x0, 0x0, 0x0, 0x0, 0x0, 0x0, 0x0,
    0x0, 0x0, 0x0, 0x0, 0x0, 0x0, 0x0, 0x0,
    0x0, 0x0, 0x0, 0x0, 0x0, 0x0, 0x0, 0x0,
    0x0, 0x0, 0x0, 0x0, 0x0, 0x0, 0x0, 0x0,
    0x0, 0x0, 0x0, 0x0, 0x1b, 0x84, 0xcd, 0xef,
    0xf8, 0xe1, 0xa6, 0x4a, 0x0, 0x0, 0x0, 0x0,
    0x0, 0x0, 0x0, 0x73, 0xf8, 0xff, 0xff, 0xff,
    0xff, 0xff, 0xff, 0xff, 0xc2, 0x1a, 0x0, 0x0,
    0x0, 0x0, 0x87, 0xff, 0xff, 0xff, 0xd0, 0x95,
    0x8b, 0xb0, 0xf6, 0xff, 0xff, 0xdf, 0x17, 0x0,
    0x0, 0x44, 0xff, 0xff, 0xec, 0x4b, 0x0, 0x0,
    0x0, 0x0, 0x16, 0xb2, 0xff, 0xff, 0xb1, 0x0,
    0x0, 0xc4, 0xff, 0xfe, 0x3b, 0x0, 0x0, 0x0,
    0x0, 0x0, 0x0, 0x4, 0xc4, 0xff, 0xff, 0x31,
    0x15, 0xfe, 0xff, 0xb5, 0x0, 0x0, 0x0, 0x0,
    0x0, 0x0, 0x0, 0x0, 0x45, 0xff, 0xff, 0x82,
    0x37, 0xff, 0xff, 0x7c, 0x0, 0x0, 0x0, 0x0,
    0x0, 0x0, 0x0, 0x0, 0xc, 0xff, 0xff, 0xa6,
    0x38, 0xff, 0xff, 0x7c, 0x0, 0x0, 0x0, 0x0,
    0x0, 0x0, 0x0, 0x0, 0xc, 0xff, 0xff, 0xa6,
    0x15, 0xfe, 0xff, 0xb5, 0x0, 0x0, 0x0, 0x0,
    0x0, 0x0, 0x0, 0x0, 0x45, 0xff, 0xff, 0x82,
    0x0, 0xc4, 0xff, 0xfe, 0x3a, 0x0, 0x0, 0x0,
    0x0, 0x0, 0x0, 0x4, 0xc3, 0xff, 0xff, 0x31,
    0x0, 0x44, 0xff, 0xff, 0xeb, 0x58, 0x0, 0x0,
    0x0, 0x0, 0x20, 0xb5, 0xff, 0xff, 0xb1, 0x0,
    0x0, 0x0, 0x87, 0xff, 0xff, 0xff, 0xd2, 0x98,
    0x8e, 0xb1, 0xf7, 0xff, 0xff, 0xdf, 0x17, 0x0,
    0x0, 0x0, 0x0, 0x74, 0xf9, 0xff, 0xff, 0xff,
    0xff, 0xff, 0xff, 0xff, 0xc3, 0x1b, 0x0, 0x0,
    0x0, 0x0, 0x0, 0x0, 0x1d, 0x88, 0xce, 0xf1,
    0xf8, 0xe2, 0xa9, 0x4e, 0x0, 0x0, 0x0, 0x0,

    /* U+00D6 "Ö" */
    0x0, 0x0, 0x0, 0x0, 0x1, 0xab, 0xf0, 0x55,
    0xd, 0xc9, 0xe6, 0x33, 0x0, 0x0, 0x0, 0x0,
    0x0, 0x0, 0x0, 0x0, 0x13, 0xff, 0xff, 0xaf,
    0x3f, 0xff, 0xff, 0x83, 0x0, 0x0, 0x0, 0x0,
    0x0, 0x0, 0x0, 0x0, 0x0, 0x83, 0xc9, 0x3c,
    0x5, 0xa1, 0xbe, 0x20, 0x0, 0x0, 0x0, 0x0,
    0x0, 0x0, 0x0, 0x0, 0x0, 0x0, 0x0, 0x0,
    0x0, 0x0, 0x0, 0x0, 0x0, 0x0, 0x0, 0x0,
    0x0, 0x0, 0x0, 0x0, 0x1b, 0x84, 0xcd, 0xef,
    0xf8, 0xe1, 0xa6, 0x4a, 0x0, 0x0, 0x0, 0x0,
    0x0, 0x0, 0x0, 0x73, 0xf8, 0xff, 0xff, 0xff,
    0xff, 0xff, 0xff, 0xff, 0xc2, 0x1a, 0x0, 0x0,
    0x0, 0x0, 0x87, 0xff, 0xff, 0xff, 0xd0, 0x95,
    0x8b, 0xb0, 0xf6, 0xff, 0xff, 0xdf, 0x17, 0x0,
    0x0, 0x44, 0xff, 0xff, 0xec, 0x4b, 0x0, 0x0,
    0x0, 0x0, 0x16, 0xb2, 0xff, 0xff, 0xb1, 0x0,
    0x0, 0xc4, 0xff, 0xfe, 0x3b, 0x0, 0x0, 0x0,
    0x0, 0x0, 0x0, 0x4, 0xc4, 0xff, 0xff, 0x31,
    0x15, 0xfe, 0xff, 0xb5, 0x0, 0x0, 0x0, 0x0,
    0x0, 0x0, 0x0, 0x0, 0x45, 0xff, 0xff, 0x82,
    0x37, 0xff, 0xff, 0x7c, 0x0, 0x0, 0x0, 0x0,
    0x0, 0x0, 0x0, 0x0, 0xc, 0xff, 0xff, 0xa6,
    0x38, 0xff, 0xff, 0x7c, 0x0, 0x0, 0x0, 0x0,
    0x0, 0x0, 0x0, 0x0, 0xc, 0xff, 0xff, 0xa6,
    0x15, 0xfe, 0xff, 0xb5, 0x0, 0x0, 0x0, 0x0,
    0x0, 0x0, 0x0, 0x0, 0x45, 0xff, 0xff, 0x82,
    0x0, 0xc4, 0xff, 0xfe, 0x3a, 0x0, 0x0, 0x0,
    0x0, 0x0, 0x0, 0x4, 0xc3, 0xff, 0xff, 0x31,
    0x0, 0x44, 0xff, 0xff, 0xeb, 0x58, 0x0, 0x0,
    0x0, 0x0, 0x20, 0xb5, 0xff, 0xff, 0xb1, 0x0,
    0x0, 0x0, 0x87, 0xff, 0xff, 0xff, 0xd2, 0x98,
    0x8e, 0xb1, 0xf7, 0xff, 0xff, 0xdf, 0x17, 0x0,
    0x0, 0x0, 0x0, 0x74, 0xf9, 0xff, 0xff, 0xff,
    0xff, 0xff, 0xff, 0xff, 0xc3, 0x1b, 0x0, 0x0,
    0x0, 0x0, 0x0, 0x0, 0x1d, 0x88, 0xce, 0xf1,
    0xf8, 0xe2, 0xa9, 0x4e, 0x0, 0x0, 0x0, 0x0,

    /* U+00D7 "×" */
    0x0, 0x0, 0x0, 0x0, 0x0, 0x0, 0x0, 0x0,
    0x0, 0x0, 0x0, 0x6, 0xb0, 0x62, 0x0, 0x0,
    0x0, 0x0, 0x37, 0xc6, 0x19, 0x0, 0x89, 0xff,
    0xfe, 0x70, 0x0, 0x0, 0x40, 0xf3, 0xff, 0xc0,
    0x0, 0xd, 0xc1, 0xff, 0xff, 0x7e, 0x49, 0xf6,
    0xff, 0xe1, 0x25, 0x0, 0x0, 0x9, 0xb7, 0xff,
    0xff, 0xfd, 0xff, 0xda, 0x1e, 0x0, 0x0, 0x0,
    0x0, 0x6, 0xcf, 0xff, 0xff, 0xf2, 0x1a, 0x0,
    0x0, 0x0, 0x0, 0x0, 0x73, 0xff, 0xff, 0xff,
    0xff, 0xa6, 0x4, 0x0, 0x0, 0x0, 0x7f, 0xff,
    0xff, 0xc1, 0x93, 0xff, 0xff, 0xb0, 0x7, 0x0,
    0x7a, 0xff, 0xff, 0xb6, 0x9, 0x0, 0x84, 0xff,
    0xff, 0xb1, 0x0, 0x23, 0xe2, 0xab, 0x5, 0x0,
    0x0, 0x0, 0x77, 0xf6, 0x46, 0x0, 0x0, 0x19,
    0x3, 0x0, 0x0, 0x0, 0x0, 0x0, 0x1c, 0x0,
    0x0,

    /* U+00D8 "Ø" */
    0x0, 0x0, 0x0, 0x0, 0x0, 0x0, 0x0, 0x0,
    0x0, 0x0, 0x0, 0x1f, 0x4d, 0x0, 0x0, 0x0,
    0x0, 0x0, 0x0, 0x0, 0x1c, 0x84, 0xcd, 0xef,
    0xf7, 0xde, 0xa1, 0xc2, 0xff, 0x83, 0x0, 0x0,
    0x0, 0x0, 0x1, 0x76, 0xf8, 0xff, 0xff, 0xff,
    0xff, 0xff, 0xff, 0xff, 0xff, 0x47, 0x0, 0x0,
    0x0, 0x0, 0x8c, 0xff, 0xff, 0xff, 0xd0, 0x95,
    0x8a, 0xbb, 0xff, 0xff, 0xff, 0xd1, 0x13, 0x0,
    0x0, 0x48, 0xff, 0xff, 0xec, 0x4b, 0x0, 0x0,
    0x0, 0xab, 0xff, 0xfa, 0xff, 0xff, 0xa7, 0x0,
    0x0, 0xc8, 0xff, 0xfe, 0x3b, 0x0, 0x0, 0x0,
    0x5b, 0xff, 0xfd, 0x40, 0xc5, 0xff, 0xff, 0x2b,
    0x17, 0xff, 0xff, 0xb5, 0x0, 0x0, 0x0, 0x1b,
    0xee, 0xff, 0x88, 0x0, 0x46, 0xff, 0xff, 0x80,
    0x38, 0xff, 0xff, 0x7c, 0x0, 0x0, 0x0, 0xb8,
    0xff, 0xd1, 0x6, 0x0, 0xc, 0xff, 0xff, 0xa4,
    0x35, 0xff, 0xff, 0x7c, 0x0, 0x0, 0x68, 0xff,
    0xf9, 0x2e, 0x0, 0x0, 0xc, 0xff, 0xff, 0xa7,
    0x13, 0xfd, 0xff, 0xb3, 0x0, 0x22, 0xf4, 0xff,
    0x76, 0x0, 0x0, 0x0, 0x45, 0xff, 0xff, 0x84,
    0x0, 0xbf, 0xff, 0xfd, 0x3d, 0xc3, 0xff, 0xc3,
    0x2, 0x0, 0x0, 0x4, 0xc3, 0xff, 0xff, 0x34,
    0x0, 0x3c, 0xfe, 0xff, 0xfa, 0xff, 0xf3, 0x22,
    0x0, 0x0, 0x20, 0xb5, 0xff, 0xff, 0xb6, 0x0,
    0x0, 0x0, 0x77, 0xff, 0xff, 0xff, 0xe6, 0x98,
    0x8e, 0xb1, 0xf7, 0xff, 0xff, 0xe2, 0x19, 0x0,
    0x0, 0x0, 0x1, 0xd9, 0xff, 0xff, 0xff, 0xff,
    0xff, 0xff, 0xff, 0xff, 0xc4, 0x1c, 0x0, 0x0,
    0x0, 0x0, 0x26, 0xed, 0xf9, 0x89, 0xca, 0xee,
    0xf8, 0xe2, 0xa9, 0x4f, 0x0, 0x0, 0x0, 0x0,
    0x0, 0x0, 0x0, 0x16, 0x52, 0x0, 0x0, 0x0,
    0x0, 0x0, 0x0, 0x0, 0x0, 0x0, 0x0, 0x0,

    /* U+00D9 "Ù" */
    0x0, 0x0, 0x0, 0xb7, 0xff, 0xff, 0x2b, 0x0,
    0x0, 0x0, 0x0, 0x0, 0x0, 0x0, 0x0, 0x1c,
    0xf1, 0xff, 0x7c, 0x0, 0x0, 0x0, 0x0, 0x0,
    0x0, 0x0, 0x0, 0x0, 0x56, 0xb0, 0x84, 0x0,
    0x0, 0x0, 0x0, 0x0, 0x0, 0x0, 0x0, 0x0,
    0x0, 0x0, 0x0, 0x0, 0x0, 0x0, 0x0, 0x0,
    0xe0, 0xff, 0xd0, 0x0, 0x0, 0x0, 0x0, 0x0,
    0x70, 0xff, 0xff, 0x44, 0xe0, 0xff, 0xd0, 0x0,
    0x0, 0x0, 0x0, 0x0, 0x70, 0xff, 0xff, 0x44,
    0xe0, 0xff, 0xd0, 0x0, 0x0, 0x0, 0x0, 0x0,
    0x70, 0xff, 0xff, 0x44, 0xe0, 0xff, 0xd0, 0x0,
    0x0, 0x0, 0x0, 0x0, 0x70, 0xff, 0xff, 0x44,
    0xe0, 0xff, 0xd0, 0x0, 0x0, 0x0, 0x0, 0x0,
    0x70, 0xff, 0xff, 0x44, 0xe0, 0xff, 0xd0, 0x0,
    0x0, 0x0, 0x0, 0x0, 0x70, 0xff, 0xff, 0x44,
    0xe0, 0xff, 0xd0, 0x0, 0x0, 0x0, 0x0, 0x0,
    0x70, 0xff, 0xff, 0x44, 0xe0, 0xff, 0xd0, 0x0,
    0x0, 0x0, 0x0, 0x0, 0x70, 0xff, 0xff, 0x44,
    0xda, 0xff, 0xd8, 0x0, 0x0, 0x0, 0x0, 0x0,
    0x78, 0xff, 0xff, 0x3e, 0xc2, 0xff, 0xf9, 0xb,
    0x0, 0x0, 0x0, 0x0, 0xa5, 0xff, 0xff, 0x23,
    0x84, 0xff, 0xff, 0x91, 0x1, 0x0, 0x0, 0x36,
    0xfa, 0xff, 0xe1, 0x0, 0x1b, 0xf4, 0xff, 0xff,
    0xcc, 0x95, 0xae, 0xf9, 0xff, 0xff, 0x69, 0x0,
    0x0, 0x51, 0xf8, 0xff, 0xff, 0xff, 0xff, 0xff,
    0xff, 0x9c, 0x0, 0x0, 0x0, 0x0, 0x2a, 0x9f,
    0xe1, 0xfa, 0xee, 0xba, 0x52, 0x0, 0x0, 0x0,

    /* U+00DA "Ú" */
    0x0, 0x0, 0x0, 0x0, 0x0, 0xc8, 0xff, 0xf5,
    0x24, 0x0, 0x0, 0x0, 0x0, 0x0, 0x0, 0x0,
    0x18, 0xfe, 0xff, 0x6e, 0x0, 0x0, 0x0, 0x0,
    0x0, 0x0, 0x0, 0x0, 0x3d, 0xb0, 0x97, 0x1,
    0x0, 0x0, 0x0, 0x0, 0x0, 0x0, 0x0, 0x0,
    0x0, 0x0, 0x0, 0x0, 0x0, 0x0, 0x0, 0x0,
    0xe0, 0xff, 0xd0, 0x0, 0x0, 0x0, 0x0, 0x0,
    0x70, 0xff, 0xff, 0x44, 0xe0, 0xff, 0xd0, 0x0,
    0x0, 0x0, 0x0, 0x0, 0x70, 0xff, 0xff, 0x44,
    0xe0, 0xff, 0xd0, 0x0, 0x0, 0x0, 0x0, 0x0,
    0x70, 0xff, 0xff, 0x44, 0xe0, 0xff, 0xd0, 0x0,
    0x0, 0x0, 0x0, 0x0, 0x70, 0xff, 0xff, 0x44,
    0xe0, 0xff, 0xd0, 0x0, 0x0, 0x0, 0x0, 0x0,
    0x70, 0xff, 0xff, 0x44, 0xe0, 0xff, 0xd0, 0x0,
    0x0, 0x0, 0x0, 0x0, 0x70, 0xff, 0xff, 0x44,
    0xe0, 0xff, 0xd0, 0x0, 0x0, 0x0, 0x0, 0x0,
    0x70, 0xff, 0xff, 0x44, 0xe0, 0xff, 0xd0, 0x0,
    0x0, 0x0, 0x0, 0x0, 0x70, 0xff, 0xff, 0x44,
    0xda, 0xff, 0xd8, 0x0, 0x0, 0x0, 0x0, 0x0,
    0x78, 0xff, 0xff, 0x3e, 0xc2, 0xff, 0xf9, 0xb,
    0x0, 0x0, 0x0, 0x0, 0xa5, 0xff, 0xff, 0x23,
    0x84, 0xff, 0xff, 0x91, 0x1, 0x0, 0x0, 0x36,
    0xfa, 0xff, 0xe1, 0x0, 0x1b, 0xf4, 0xff, 0xff,
    0xcc, 0x95, 0xae, 0xf9, 0xff, 0xff, 0x69, 0x0,
    0x0, 0x51, 0xf8, 0xff, 0xff, 0xff, 0xff, 0xff,
    0xff, 0x9c, 0x0, 0x0, 0x0, 0x0, 0x2a, 0x9f,
    0xe1, 0xfa, 0xee, 0xba, 0x52, 0x0, 0x0, 0x0,

    /* U+00DB "Û" */
    0x0, 0x0, 0x0, 0x0, 0x12, 0x24, 0x1f, 0x0,
    0x0, 0x0, 0x0, 0x0, 0x0, 0x0, 0x0, 0x26,
    0xe9, 0xff, 0xff, 0x62, 0x0, 0x0, 0x0, 0x0,
    0x0, 0x0, 0x1f, 0xe2, 0xff, 0x91, 0xf1, 0xfb,
    0x49, 0x0, 0x0, 0x0, 0x0, 0x0, 0x46, 0x6c,
    0x62, 0x0, 0x3c, 0x6c, 0x60, 0x1, 0x0, 0x0,
    0x0, 0x0, 0x0, 0x0, 0x0, 0x0, 0x0, 0x0,
    0x0, 0x0, 0x0, 0x0, 0xe0, 0xff, 0xd0, 0x0,
    0x0, 0x0, 0x0, 0x0, 0x70, 0xff, 0xff, 0x44,
    0xe0, 0xff, 0xd0, 0x0, 0x0, 0x0, 0x0, 0x0,
    0x70, 0xff, 0xff, 0x44, 0xe0, 0xff, 0xd0, 0x0,
    0x0, 0x0, 0x0, 0x0, 0x70, 0xff, 0xff, 0x44,
    0xe0, 0xff, 0xd0, 0x0, 0x0, 0x0, 0x0, 0x0,
    0x70, 0xff, 0xff, 0x44, 0xe0, 0xff, 0xd0, 0x0,
    0x0, 0x0, 0x0, 0x0, 0x70, 0xff, 0xff, 0x44,
    0xe0, 0xff, 0xd0, 0x0, 0x0, 0x0, 0x0, 0x0,
    0x70, 0xff, 0xff, 0x44, 0xe0, 0xff, 0xd0, 0x0,
    0x0, 0x0, 0x0, 0x0, 0x70, 0xff, 0xff, 0x44,
    0xe0, 0xff, 0xd0, 0x0, 0x0, 0x0, 0x0, 0x0,
    0x70, 0xff, 0xff, 0x44, 0xda, 0xff, 0xd8, 0x0,
    0x0, 0x0, 0x0, 0x0, 0x78, 0xff, 0xff, 0x3e,
    0xc2, 0xff, 0xf9, 0xb, 0x0, 0x0, 0x0, 0x0,
    0xa5, 0xff, 0xff, 0x23, 0x84, 0xff, 0xff, 0x91,
    0x1, 0x0, 0x0, 0x36, 0xfa, 0xff, 0xe1, 0x0,
    0x1b, 0xf4, 0xff, 0xff, 0xcc, 0x95, 0xae, 0xf9,
    0xff, 0xff, 0x69, 0x0, 0x0, 0x51, 0xf8, 0xff,
    0xff, 0xff, 0xff, 0xff, 0xff, 0x9c, 0x0, 0x0,
    0x0, 0x0, 0x2a, 0x9f, 0xe1, 0xfa, 0xee, 0xba,
    0x52, 0x0, 0x0, 0x0,

    /* U+00DC "Ü" */
    0x0, 0x0, 0x44, 0xec, 0xba, 0x5, 0x6a, 0xf3,
    0x95, 0x0, 0x0, 0x0, 0x0, 0x0, 0x9b, 0xff,
    0xff, 0x27, 0xcb, 0xff, 0xf7, 0x0, 0x0, 0x0,
    0x0, 0x0, 0x2d, 0xc4, 0x92, 0x0, 0x4d, 0xcb,
    0x70, 0x0, 0x0, 0x0, 0x0, 0x0, 0x0, 0x0,
    0x0, 0x0, 0x0, 0x0, 0x0, 0x0, 0x0, 0x0,
    0xe0, 0xff, 0xd0, 0x0, 0x0, 0x0, 0x0, 0x0,
    0x70, 0xff, 0xff, 0x44, 0xe0, 0xff, 0xd0, 0x0,
    0x0, 0x0, 0x0, 0x0, 0x70, 0xff, 0xff, 0x44,
    0xe0, 0xff, 0xd0, 0x0, 0x0, 0x0, 0x0, 0x0,
    0x70, 0xff, 0xff, 0x44, 0xe0, 0xff, 0xd0, 0x0,
    0x0, 0x0, 0x0, 0x0, 0x70, 0xff, 0xff, 0x44,
    0xe0, 0xff, 0xd0, 0x0, 0x0, 0x0, 0x0, 0x0,
    0x70, 0xff, 0xff, 0x44, 0xe0, 0xff, 0xd0, 0x0,
    0x0, 0x0, 0x0, 0x0, 0x70, 0xff, 0xff, 0x44,
    0xe0, 0xff, 0xd0, 0x0, 0x0, 0x0, 0x0, 0x0,
    0x70, 0xff, 0xff, 0x44, 0xe0, 0xff, 0xd0, 0x0,
    0x0, 0x0, 0x0, 0x0, 0x70, 0xff, 0xff, 0x44,
    0xda, 0xff, 0xd8, 0x0, 0x0, 0x0, 0x0, 0x0,
    0x78, 0xff, 0xff, 0x3e, 0xc2, 0xff, 0xf9, 0xb,
    0x0, 0x0, 0x0, 0x0, 0xa5, 0xff, 0xff, 0x23,
    0x84, 0xff, 0xff, 0x91, 0x1, 0x0, 0x0, 0x36,
    0xfa, 0xff, 0xe1, 0x0, 0x1b, 0xf4, 0xff, 0xff,
    0xcc, 0x95, 0xae, 0xf9, 0xff, 0xff, 0x69, 0x0,
    0x0, 0x51, 0xf8, 0xff, 0xff, 0xff, 0xff, 0xff,
    0xff, 0x9c, 0x0, 0x0, 0x0, 0x0, 0x2a, 0x9f,
    0xe1, 0xfa, 0xee, 0xba, 0x52, 0x0, 0x0, 0x0,

    /* U+00DD "Ý" */
    0x0, 0x0, 0x0, 0x0, 0x0, 0x16, 0xfd, 0xff,
    0xca, 0x3, 0x0, 0x0, 0x0, 0x0, 0x0, 0x0,
    0x0, 0x0, 0x65, 0xff, 0xf8, 0x2a, 0x0, 0x0,
    0x0, 0x0, 0x0, 0x0, 0x0, 0x0, 0x0, 0x73,
    0xb0, 0x64, 0x0, 0x0, 0x0, 0x0, 0x0, 0x0,
    0x0, 0x0, 0x0, 0x0, 0x0, 0x0, 0x0, 0x0,
    0x0, 0x0, 0x0, 0x0, 0x72, 0xff, 0xff, 0xc1,
    0x0, 0x0, 0x0, 0x0, 0x1b, 0xf4, 0xff, 0xfc,
    0x32, 0x2, 0xc9, 0xff, 0xff, 0x60, 0x0, 0x0,
    0x0, 0xa8, 0xff, 0xff, 0x8d, 0x0, 0x0, 0x2d,
    0xfa, 0xff, 0xeb, 0x12, 0x0, 0x3f, 0xff, 0xff,
    0xe0, 0xb, 0x0, 0x0, 0x0, 0x82, 0xff, 0xff,
    0x9b, 0x3, 0xd3, 0xff, 0xff, 0x49, 0x0, 0x0,
    0x0, 0x0, 0x6, 0xd6, 0xff, 0xfe, 0xa5, 0xff,
    0xff, 0xa7, 0x0, 0x0, 0x0, 0x0, 0x0, 0x0,
    0x3a, 0xfd, 0xff, 0xff, 0xff, 0xee, 0x17, 0x0,
    0x0, 0x0, 0x0, 0x0, 0x0, 0x0, 0x93, 0xff,
    0xff, 0xff, 0x63, 0x0, 0x0, 0x0, 0x0, 0x0,
    0x0, 0x0, 0x0, 0xc, 0xf7, 0xff, 0xd6, 0x1,
    0x0, 0x0, 0x0, 0x0, 0x0, 0x0, 0x0, 0x0,
    0x0, 0xf0, 0xff, 0xc4, 0x0, 0x0, 0x0, 0x0,
    0x0, 0x0, 0x0, 0x0, 0x0, 0x0, 0xf0, 0xff,
    0xc4, 0x0, 0x0, 0x0, 0x0, 0x0, 0x0, 0x0,
    0x0, 0x0, 0x0, 0xf0, 0xff, 0xc4, 0x0, 0x0,
    0x0, 0x0, 0x0, 0x0, 0x0, 0x0, 0x0, 0x0,
    0xf0, 0xff, 0xc4, 0x0, 0x0, 0x0, 0x0, 0x0,
    0x0, 0x0, 0x0, 0x0, 0x0, 0xf0, 0xff, 0xc4,
    0x0, 0x0, 0x0, 0x0, 0x0, 0x0, 0x0, 0x0,
    0x0, 0x0, 0xf0, 0xff, 0xc4, 0x0, 0x0, 0x0,
    0x0, 0x0,

    /* U+00DE "Þ" */
    0x90, 0xff, 0xff, 0x24, 0x0, 0x0, 0x0, 0x0,
    0x0, 0x0, 0x0, 0x90, 0xff, 0xff, 0x24, 0x0,
    0x0, 0x0, 0x0, 0x0, 0x0, 0x0, 0x90, 0xff,
    0xff, 0xff, 0xff, 0xfc, 0xe3, 0x9a, 0x1f, 0x0,
    0x0, 0x90, 0xff, 0xff, 0xff, 0xff, 0xff, 0xff,
    0xff, 0xef, 0x32, 0x0, 0x90, 0xff, 0xff, 0x98,
    0x88, 0x8d, 0xc5, 0xff, 0xff, 0xd7, 0x1, 0x90,
    0xff, 0xff, 0x24, 0x0, 0x0, 0x0, 0xad, 0xff,
    0xff, 0x37, 0x90, 0xff, 0xff, 0x24, 0x0, 0x0,
    0x0, 0x64, 0xff, 0xff, 0x55, 0x90, 0xff, 0xff,
    0x24, 0x0, 0x0, 0x0, 0xa6, 0xff, 0xff, 0x39,
    0x90, 0xff, 0xff, 0x98, 0x88, 0x8c, 0xc1, 0xff,
    0xff, 0xd8, 0x2, 0x90, 0xff, 0xff, 0xff, 0xff,
    0xff, 0xff, 0xff, 0xf0, 0x34, 0x0, 0x90, 0xff,
    0xff, 0xff, 0xff, 0xfd, 0xe4, 0x9b, 0x20, 0x0,
    0x0, 0x90, 0xff, 0xff, 0x24, 0x0, 0x0, 0x0,
    0x0, 0x0, 0x0, 0x0, 0x90, 0xff, 0xff, 0x24,
    0x0, 0x0, 0x0, 0x0, 0x0, 0x0, 0x0, 0x90,
    0xff, 0xff, 0x24, 0x0, 0x0, 0x0, 0x0, 0x0,
    0x0, 0x0,

    /* U+00DF "ß" */
    0x0, 0x0, 0x4c, 0xc8, 0xf5, 0xed, 0xc6, 0x63,
    0x4, 0x0, 0x0, 0x0, 0x8b, 0xff, 0xff, 0xff,
    0xff, 0xff, 0xff, 0xa1, 0x0, 0x0, 0x30, 0xff,
    0xff, 0xe9, 0x7c, 0x76, 0xdc, 0xff, 0xff, 0x39,
    0x0, 0x7a, 0xff, 0xff, 0x47, 0x0, 0x0, 0x37,
    0xff, 0xff, 0x56, 0x0, 0x8f, 0xff, 0xff, 0x13,
    0x0, 0x15, 0x9a, 0xff, 0xfa, 0x1d, 0x0, 0x90,
    0xff, 0xff, 0x10, 0x84, 0xff, 0xff, 0xf8, 0x5c,
    0x0, 0x0, 0x90, 0xff, 0xff, 0x10, 0x84, 0xff,
    0xff, 0xf6, 0x71, 0x0, 0x0, 0x90, 0xff, 0xff,
    0x10, 0x23, 0x5a, 0xc2, 0xff, 0xff, 0x6d, 0x0,
    0x90, 0xff, 0xff, 0x10, 0x0, 0x0, 0x5, 0xd5,
    0xff, 0xe2, 0x0, 0x90, 0xff, 0xff, 0x10, 0x0,
    0x0, 0x0, 0x9c, 0xff, 0xff, 0x7, 0x90, 0xff,
    0xff, 0x10, 0x0, 0x0, 0x5, 0xd4, 0xff, 0xf5,
    0x1, 0x90, 0xff, 0xff, 0x10, 0x52, 0x6f, 0xc5,
    0xff, 0xff, 0xa8, 0x0, 0x90, 0xff, 0xff, 0x10,
    0xbc, 0xff, 0xff, 0xff, 0xe5, 0x1e, 0x0, 0x90,
    0xff, 0xff, 0x10, 0xb4, 0xfc, 0xe2, 0x8d, 0xf,
    0x0, 0x0,

    /* U+00E0 "à" */
    0x0, 0x0, 0x17, 0xec, 0xff, 0xdf, 0x0, 0x0,
    0x0, 0x0, 0x0, 0x0, 0x0, 0x5a, 0xff, 0xff,
    0x30, 0x0, 0x0, 0x0, 0x0, 0x0, 0x0, 0x0,
    0x8b, 0xb0, 0x4f, 0x0, 0x0, 0x0, 0x0, 0x0,
    0x0, 0x0, 0x0, 0x0, 0x0, 0x0, 0x0, 0x0,
    0x0, 0x3, 0x68, 0xc8, 0xf2, 0xf8, 0xda, 0x8d,
    0x11, 0x0, 0x7, 0xb9, 0xff, 0xff, 0xff, 0xff,
    0xff, 0xff, 0xd7, 0xd, 0x0, 0x43, 0xad, 0x69,
    0x2b, 0x26, 0x7e, 0xff, 0xff, 0x72, 0x0, 0x2,
    0x61, 0xb7, 0xd8, 0xcf, 0x9c, 0xee, 0xff, 0xac,
    0x0, 0xa5, 0xff, 0xff, 0xff, 0xff, 0xff, 0xff,
    0xff, 0xbb, 0x40, 0xff, 0xff, 0xb0, 0x1b, 0xe,
    0x45, 0xf1, 0xff, 0xbc, 0x69, 0xff, 0xff, 0x3d,
    0x0, 0x0, 0x1a, 0xfc, 0xff, 0xbc, 0x4a, 0xff,
    0xff, 0xa3, 0x14, 0x2e, 0xc6, 0xff, 0xff, 0xbc,
    0x2, 0xc1, 0xff, 0xff, 0xff, 0xff, 0xf8, 0xf7,
    0xff, 0xbc, 0x0, 0xf, 0x91, 0xe0, 0xf7, 0xc9,
    0x34, 0xd8, 0xff, 0xbc,

    /* U+00E1 "á" */
    0x0, 0x0, 0x0, 0x0, 0x2d, 0xff, 0xff, 0xb5,
    0x0, 0x0, 0x0, 0x0, 0x0, 0x0, 0x7d, 0xff,
    0xee, 0x1a, 0x0, 0x0, 0x0, 0x0, 0x0, 0x0,
    0x84, 0xb0, 0x51, 0x0, 0x0, 0x0, 0x0, 0x0,
    0x0, 0x0, 0x0, 0x0, 0x0, 0x0, 0x0, 0x0,
    0x0, 0x3, 0x68, 0xc8, 0xf2, 0xf8, 0xda, 0x8d,
    0x11, 0x0, 0x7, 0xb9, 0xff, 0xff, 0xff, 0xff,
    0xff, 0xff, 0xd7, 0xd, 0x0, 0x43, 0xad, 0x69,
    0x2b, 0x26, 0x7e, 0xff, 0xff, 0x72, 0x0, 0x2,
    0x61, 0xb7, 0xd8, 0xcf, 0x9c, 0xee, 0xff, 0xac,
    0x0, 0xa5, 0xff, 0xff, 0xff, 0xff, 0xff, 0xff,
    0xff, 0xbb, 0x40, 0xff, 0xff, 0xb0, 0x1b, 0xe,
    0x45, 0xf1, 0xff, 0xbc, 0x69, 0xff, 0xff, 0x3d,
    0x0, 0x0, 0x1a, 0xfc, 0xff, 0xbc, 0x4a, 0xff,
    0xff, 0xa3, 0x14, 0x2e, 0xc6, 0xff, 0xff, 0xbc,
    0x2, 0xc1, 0xff, 0xff, 0xff, 0xff, 0xf8, 0xf7,
    0xff, 0xbc, 0x0, 0xf, 0x91, 0xe0, 0xf7, 0xc9,
    0x34, 0xd8, 0xff, 0xbc,

    /* U+00E2 "â" */
    0x0, 0x0, 0x0, 0x65, 0xff, 0xff, 0xc4, 0x8,
    0x0, 0x0, 0x0, 0x0, 0x5a, 0xfd, 0xf1, 0xbb,
    0xff, 0xae, 0x2, 0x0, 0x0, 0xd, 0x8b, 0x90,
    0x48, 0xd, 0x8c, 0x90, 0x37, 0x0, 0x0, 0x0,
    0x0, 0x0, 0x0, 0x0, 0x0, 0x0, 0x0, 0x0,
    0x0, 0x3, 0x68, 0xc8, 0xf2, 0xf8, 0xda, 0x8d,
    0x11, 0x0, 0x7, 0xb9, 0xff, 0xff, 0xff, 0xff,
    0xff, 0xff, 0xd7, 0xd, 0x0, 0x43, 0xad, 0x69,
    0x2b, 0x26, 0x7e, 0xff, 0xff, 0x72, 0x0, 0x2,
    0x61, 0xb7, 0xd8, 0xcf, 0x9c, 0xee, 0xff, 0xac,
    0x0, 0xa5, 0xff, 0xff, 0xff, 0xff, 0xff, 0xff,
    0xff, 0xbb, 0x40, 0xff, 0xff, 0xb0, 0x1b, 0xe,
    0x45, 0xf1, 0xff, 0xbc, 0x69, 0xff, 0xff, 0x3d,
    0x0, 0x0, 0x1a, 0xfc, 0xff, 0xbc, 0x4a, 0xff,
    0xff, 0xa3, 0x14, 0x2e, 0xc6, 0xff, 0xff, 0xbc,
    0x2, 0xc1, 0xff, 0xff, 0xff, 0xff, 0xf8, 0xf7,
    0xff, 0xbc, 0x0, 0xf, 0x91, 0xe0, 0xf7, 0xc9,
    0x34, 0xd8, 0xff, 0xbc,

    /* U+00E3 "ã" */
    0x0, 0x0, 0x5a, 0xe1, 0xfd, 0xfa, 0xf4, 0xff,
    0xdd, 0x0, 0x0, 0x9, 0xf6, 0xfa, 0xf6, 0xfb,
    0xfd, 0xd5, 0x3f, 0x0, 0x0, 0x0, 0x0, 0x0,
    0x0, 0x0, 0x0, 0x0, 0x0, 0x0, 0x0, 0x0,
    0x0, 0x0, 0x0, 0x0, 0x0, 0x0, 0x0, 0x0,
    0x0, 0x3, 0x68, 0xc8, 0xf2, 0xf8, 0xda, 0x8d,
    0x11, 0x0, 0x7, 0xb9, 0xff, 0xff, 0xff, 0xff,
    0xff, 0xff, 0xd7, 0xd, 0x0, 0x43, 0xad, 0x69,
    0x2b, 0x26, 0x7e, 0xff, 0xff, 0x72, 0x0, 0x2,
    0x61, 0xb7, 0xd8, 0xcf, 0x9c, 0xee, 0xff, 0xac,
    0x0, 0xa5, 0xff, 0xff, 0xff, 0xff, 0xff, 0xff,
    0xff, 0xbb, 0x40, 0xff, 0xff, 0xb0, 0x1b, 0xe,
    0x45, 0xf1, 0xff, 0xbc, 0x69, 0xff, 0xff, 0x3d,
    0x0, 0x0, 0x1a, 0xfc, 0xff, 0xbc, 0x4a, 0xff,
    0xff, 0xa3, 0x14, 0x2e, 0xc6, 0xff, 0xff, 0xbc,
    0x2, 0xc1, 0xff, 0xff, 0xff, 0xff, 0xf8, 0xf7,
    0xff, 0xbc, 0x0, 0xf, 0x91, 0xe0, 0xf7, 0xc9,
    0x34, 0xd8, 0xff, 0xbc,

    /* U+00E4 "ä" */
    0x0, 0x0, 0x86, 0xf3, 0x79, 0x1, 0xae, 0xf0,
    0x52, 0x0, 0x0, 0x0, 0xe7, 0xff, 0xdb, 0x17,
    0xff, 0xff, 0xab, 0x0, 0x0, 0x0, 0x63, 0xcb,
    0x58, 0x0, 0x86, 0xc8, 0x39, 0x0, 0x0, 0x0,
    0x0, 0x0, 0x0, 0x0, 0x0, 0x0, 0x0, 0x0,
    0x0, 0x3, 0x68, 0xc8, 0xf2, 0xf8, 0xda, 0x8d,
    0x11, 0x0, 0x7, 0xb9, 0xff, 0xff, 0xff, 0xff,
    0xff, 0xff, 0xd7, 0xd, 0x0, 0x43, 0xad, 0x69,
    0x2b, 0x26, 0x7e, 0xff, 0xff, 0x72, 0x0, 0x2,
    0x61, 0xb7, 0xd8, 0xcf, 0x9c, 0xee, 0xff, 0xac,
    0x0, 0xa5, 0xff, 0xff, 0xff, 0xff, 0xff, 0xff,
    0xff, 0xbb, 0x40, 0xff, 0xff, 0xb0, 0x1b, 0xe,
    0x45, 0xf1, 0xff, 0xbc, 0x69, 0xff, 0xff, 0x3d,
    0x0, 0x0, 0x1a, 0xfc, 0xff, 0xbc, 0x4a, 0xff,
    0xff, 0xa3, 0x14, 0x2e, 0xc6, 0xff, 0xff, 0xbc,
    0x2, 0xc1, 0xff, 0xff, 0xff, 0xff, 0xf8, 0xf7,
    0xff, 0xbc, 0x0, 0xf, 0x91, 0xe0, 0xf7, 0xc9,
    0x34, 0xd8, 0xff, 0xbc,

    /* U+00E5 "å" */
    0x0, 0x0, 0x0, 0x0, 0x1, 0x12, 0x0, 0x0,
    0x0, 0x0, 0x0, 0x0, 0x0, 0x26, 0xdd, 0xff,
    0xc1, 0xb, 0x0, 0x0, 0x0, 0x0, 0x0, 0xa4,
    0xea, 0x73, 0xfe, 0x6f, 0x0, 0x0, 0x0, 0x0,
    0x0, 0xae, 0xdd, 0x43, 0xfb, 0x7a, 0x0, 0x0,
    0x0, 0x0, 0x0, 0x3f, 0xf5, 0xff, 0xe3, 0x1a,
    0x0, 0x0, 0x0, 0x0, 0x0, 0x0, 0x19, 0x42,
    0xd, 0x0, 0x0, 0x0, 0x0, 0x0, 0x0, 0x0,
    0x0, 0x0, 0x0, 0x0, 0x0, 0x0, 0x0, 0x3,
    0x68, 0xc8, 0xf2, 0xf8, 0xda, 0x8d, 0x11, 0x0,
    0x7, 0xb9, 0xff, 0xff, 0xff, 0xff, 0xff, 0xff,
    0xd7, 0xd, 0x0, 0x43, 0xad, 0x69, 0x2b, 0x26,
    0x7e, 0xff, 0xff, 0x72, 0x0, 0x2, 0x61, 0xb7,
    0xd8, 0xcf, 0x9c, 0xee, 0xff, 0xac, 0x0, 0xa5,
    0xff, 0xff, 0xff, 0xff, 0xff, 0xff, 0xff, 0xbb,
    0x40, 0xff, 0xff, 0xb0, 0x1b, 0xe, 0x45, 0xf1,
    0xff, 0xbc, 0x69, 0xff, 0xff, 0x3d, 0x0, 0x0,
    0x1a, 0xfc, 0xff, 0xbc, 0x4a, 0xff, 0xff, 0xa3,
    0x14, 0x2e, 0xc6, 0xff, 0xff, 0xbc, 0x2, 0xc1,
    0xff, 0xff, 0xff, 0xff, 0xf8, 0xf7, 0xff, 0xbc,
    0x0, 0xf, 0x91, 0xe0, 0xf7, 0xc9, 0x34, 0xd8,
    0xff, 0xbc,

    /* U+00E6 "æ" */
    0x0, 0x0, 0x4b, 0xbe, 0xef, 0xf5, 0xcb, 0x61,
    0x1, 0x1f, 0xa0, 0xe8, 0xf9, 0xdf, 0x96, 0x1d,
    0x0, 0x0, 0x0, 0x6a, 0xff, 0xff, 0xff, 0xff,
    0xff, 0xff, 0xa8, 0xed, 0xff, 0xff, 0xff, 0xff,
    0xff, 0xed, 0x2c, 0x0, 0x0, 0x4e, 0x94, 0x75,
    0x2a, 0x24, 0x78, 0xfe, 0xff, 0xfd, 0x7e, 0x38,
    0x1f, 0x42, 0xc2, 0xff, 0xc3, 0x0, 0x0, 0xa,
    0x7d, 0xd5, 0xf8, 0xef, 0xbc, 0xf3, 0xff, 0xff,
    0xff, 0xff, 0xff, 0xff, 0xff, 0xff, 0xff, 0x15,
    0x1, 0xb8, 0xff, 0xff, 0xff, 0xff, 0xff, 0xff,
    0xff, 0xff, 0xff, 0xff, 0xff, 0xff, 0xff, 0xff,
    0xff, 0x2b, 0x47, 0xff, 0xff, 0xb5, 0x23, 0x12,
    0x3a, 0xef, 0xff, 0xe0, 0x8, 0x8, 0x8, 0x8,
    0x8, 0x8, 0x8, 0x1, 0x6a, 0xff, 0xff, 0x3d,
    0x0, 0x0, 0x20, 0xfe, 0xff, 0xff, 0x4a, 0x0,
    0x0, 0x0, 0x80, 0x97, 0x13, 0x0, 0x47, 0xff,
    0xff, 0xa1, 0x13, 0x31, 0xca, 0xff, 0xff, 0xff,
    0xf3, 0x7f, 0x51, 0x8e, 0xfe, 0xff, 0xc3, 0x0,
    0x1, 0xbe, 0xff, 0xff, 0xff, 0xff, 0xff, 0xdf,
    0x4f, 0xed, 0xff, 0xff, 0xff, 0xff, 0xff, 0xe7,
    0x2c, 0x0, 0x0, 0xd, 0x8c, 0xdc, 0xf8, 0xdd,
    0x8b, 0x10, 0x0, 0x1c, 0x9d, 0xe6, 0xf8, 0xdd,
    0x92, 0x1a, 0x0, 0x0,

    /* U+00E7 "ç" */
    0x0, 0x0, 0x10, 0x82, 0xd7, 0xf8, 0xe8, 0xb6,
    0x41, 0x0, 0x0, 0x0, 0x1f, 0xdf, 0xff, 0xff,
    0xff, 0xff, 0xff, 0xfe, 0x6d, 0x0, 0x0, 0xc5,
    0xff, 0xff, 0xc1, 0x72, 0x86, 0xf0, 0xff, 0xf5,
    0x18, 0x33, 0xff, 0xff, 0xaa, 0x0, 0x0, 0x0,
    0x38, 0x76, 0x16, 0x0, 0x64, 0xff, 0xff, 0x46,
    0x0, 0x0, 0x0, 0x0, 0x0, 0x0, 0x0, 0x66,
    0xff, 0xff, 0x45, 0x0, 0x0, 0x0, 0x0, 0x0,
    0x0, 0x0, 0x37, 0xff, 0xff, 0xa3, 0x0, 0x0,
    0x0, 0x29, 0x81, 0x1d, 0x0, 0x0, 0xcc, 0xff,
    0xff, 0xb6, 0x69, 0x7c, 0xe9, 0xff, 0xfc, 0x2b,
    0x0, 0x25, 0xdc, 0xff, 0xff, 0xff, 0xff, 0xff,
    0xff, 0x83, 0x0, 0x0, 0x0, 0x11, 0x90, 0xe3,
    0xff, 0xf1, 0xc6, 0x54, 0x0, 0x0, 0x0, 0x0,
    0x0, 0x0, 0x82, 0xf4, 0x65, 0xf, 0x0, 0x0,
    0x0, 0x0, 0x0, 0x0, 0x0, 0x6c, 0xaf, 0xdf,
    0xc9, 0x0, 0x0, 0x0, 0x0, 0x0, 0x0, 0x2,
    0x85, 0x7e, 0xb7, 0xf2, 0x0, 0x0, 0x0, 0x0,
    0x0, 0x0, 0x0, 0x73, 0xf0, 0xe6, 0x5e, 0x0,
    0x0, 0x0,

    /* U+00E8 "è" */
    0x0, 0x0, 0x9, 0xda, 0xff, 0xf5, 0xa, 0x0,
    0x0, 0x0, 0x0, 0x0, 0x0, 0x0, 0x3c, 0xfd,
    0xff, 0x50, 0x0, 0x0, 0x0, 0x0, 0x0, 0x0,
    0x0, 0x0, 0x75, 0xb0, 0x65, 0x0, 0x0, 0x0,
    0x0, 0x0, 0x0, 0x0, 0x0, 0x0, 0x0, 0x0,
    0x0, 0x0, 0x0, 0x0, 0x0, 0x0, 0xf, 0x84,
    0xd9, 0xf9, 0xea, 0xaa, 0x30, 0x0, 0x0, 0x0,
    0x1b, 0xdb, 0xff, 0xff, 0xff, 0xff, 0xff, 0xf8,
    0x49, 0x0, 0x0, 0xbf, 0xff, 0xfb, 0x75, 0x2b,
    0x4d, 0xd7, 0xff, 0xe9, 0x9, 0x30, 0xff, 0xff,
    0x84, 0x0, 0x0, 0x0, 0x29, 0xff, 0xff, 0x53,
    0x63, 0xff, 0xff, 0xff, 0xff, 0xff, 0xff, 0xff,
    0xff, 0xff, 0x82, 0x65, 0xff, 0xff, 0xdb, 0xd4,
    0xd4, 0xd4, 0xd4, 0xd4, 0xd4, 0x74, 0x33, 0xff,
    0xff, 0x6f, 0x0, 0x0, 0x0, 0x9, 0x4e, 0x3,
    0x0, 0x0, 0xc4, 0xff, 0xfb, 0x8f, 0x52, 0x5e,
    0xca, 0xff, 0xde, 0x23, 0x0, 0x1f, 0xdf, 0xff,
    0xff, 0xff, 0xff, 0xff, 0xff, 0x93, 0x0, 0x0,
    0x0, 0x10, 0x85, 0xd8, 0xf9, 0xec, 0xbd, 0x51,
    0x0, 0x0,

    /* U+00E9 "é" */
    0x0, 0x0, 0x0, 0x0, 0x2, 0xe9, 0xff, 0xe5,
    0x10, 0x0, 0x0, 0x0, 0x0, 0x0, 0x0, 0x3a,
    0xff, 0xff, 0x4b, 0x0, 0x0, 0x0, 0x0, 0x0,
    0x0, 0x0, 0x55, 0xb0, 0x80, 0x0, 0x0, 0x0,
    0x0, 0x0, 0x0, 0x0, 0x0, 0x0, 0x0, 0x0,
    0x0, 0x0, 0x0, 0x0, 0x0, 0x0, 0xf, 0x84,
    0xd9, 0xf9, 0xea, 0xaa, 0x30, 0x0, 0x0, 0x0,
    0x1b, 0xdb, 0xff, 0xff, 0xff, 0xff, 0xff, 0xf8,
    0x49, 0x0, 0x0, 0xbf, 0xff, 0xfb, 0x75, 0x2b,
    0x4d, 0xd7, 0xff, 0xe9, 0x9, 0x30, 0xff, 0xff,
    0x84, 0x0, 0x0, 0x0, 0x29, 0xff, 0xff, 0x53,
    0x63, 0xff, 0xff, 0xff, 0xff, 0xff, 0xff, 0xff,
    0xff, 0xff, 0x82, 0x65, 0xff, 0xff, 0xdb, 0xd4,
    0xd4, 0xd4, 0xd4, 0xd4, 0xd4, 0x74, 0x33, 0xff,
    0xff, 0x6f, 0x0, 0x0, 0x0, 0x9, 0x4e, 0x3,
    0x0, 0x0, 0xc4, 0xff, 0xfb, 0x8f, 0x52, 0x5e,
    0xca, 0xff, 0xde, 0x23, 0x0, 0x1f, 0xdf, 0xff,
    0xff, 0xff, 0xff, 0xff, 0xff, 0x93, 0x0, 0x0,
    0x0, 0x10, 0x85, 0xd8, 0xf9, 0xec, 0xbd, 0x51,
    0x0, 0x0,

    /* U+00EA "ê" */
    0x0, 0x0, 0x0, 0x1c, 0xe0, 0xff, 0xf7, 0x3c,
    0x0, 0x0, 0x0, 0x0, 0x0, 0x15, 0xd8, 0xff,
    0xb1, 0xfd, 0xee, 0x29, 0x0, 0x0, 0x0, 0x0,
    0x60, 0x94, 0x84, 0x2, 0x62, 0x94, 0x74, 0x0,
    0x0, 0x0, 0x0, 0x0, 0x0, 0x0, 0x0, 0x0,
    0x0, 0x0, 0x0, 0x0, 0x0, 0x0, 0xf, 0x84,
    0xd9, 0xf9, 0xea, 0xaa, 0x30, 0x0, 0x0, 0x0,
    0x1b, 0xdb, 0xff, 0xff, 0xff, 0xff, 0xff, 0xf8,
    0x49, 0x0, 0x0, 0xbf, 0xff, 0xfb, 0x75, 0x2b,
    0x4d, 0xd7, 0xff, 0xe9, 0x9, 0x30, 0xff, 0xff,
    0x84, 0x0, 0x0, 0x0, 0x29, 0xff, 0xff, 0x53,
    0x63, 0xff, 0xff, 0xff, 0xff, 0xff, 0xff, 0xff,
    0xff, 0xff, 0x82, 0x65, 0xff, 0xff, 0xdb, 0xd4,
    0xd4, 0xd4, 0xd4, 0xd4, 0xd4, 0x74, 0x33, 0xff,
    0xff, 0x6f, 0x0, 0x0, 0x0, 0x9, 0x4e, 0x3,
    0x0, 0x0, 0xc4, 0xff, 0xfb, 0x8f, 0x52, 0x5e,
    0xca, 0xff, 0xde, 0x23, 0x0, 0x1f, 0xdf, 0xff,
    0xff, 0xff, 0xff, 0xff, 0xff, 0x93, 0x0, 0x0,
    0x0, 0x10, 0x85, 0xd8, 0xf9, 0xec, 0xbd, 0x51,
    0x0, 0x0,

    /* U+00EB "ë" */
    0x0, 0x0, 0x66, 0xf2, 0x9a, 0x0, 0x8e, 0xf3,
    0x70, 0x0, 0x0, 0x0, 0x0, 0xc3, 0xff, 0xfc,
    0x2, 0xf3, 0xff, 0xcf, 0x0, 0x0, 0x0, 0x0,
    0x49, 0xcb, 0x74, 0x0, 0x6a, 0xcb, 0x52, 0x0,
    0x0, 0x0, 0x0, 0x0, 0x0, 0x0, 0x0, 0x0,
    0x0, 0x0, 0x0, 0x0, 0x0, 0x0, 0xf, 0x84,
    0xd9, 0xf9, 0xea, 0xaa, 0x30, 0x0, 0x0, 0x0,
    0x1b, 0xdb, 0xff, 0xff, 0xff, 0xff, 0xff, 0xf8,
    0x49, 0x0, 0x0, 0xbf, 0xff, 0xfb, 0x75, 0x2b,
    0x4d, 0xd7, 0xff, 0xe9, 0x9, 0x30, 0xff, 0xff,
    0x84, 0x0, 0x0, 0x0, 0x29, 0xff, 0xff, 0x53,
    0x63, 0xff, 0xff, 0xff, 0xff, 0xff, 0xff, 0xff,
    0xff, 0xff, 0x82, 0x65, 0xff, 0xff, 0xdb, 0xd4,
    0xd4, 0xd4, 0xd4, 0xd4, 0xd4, 0x74, 0x33, 0xff,
    0xff, 0x6f, 0x0, 0x0, 0x0, 0x9, 0x4e, 0x3,
    0x0, 0x0, 0xc4, 0xff, 0xfb, 0x8f, 0x52, 0x5e,
    0xca, 0xff, 0xde, 0x23, 0x0, 0x1f, 0xdf, 0xff,
    0xff, 0xff, 0xff, 0xff, 0xff, 0x93, 0x0, 0x0,
    0x0, 0x10, 0x85, 0xd8, 0xf9, 0xec, 0xbd, 0x51,
    0x0, 0x0,

    /* U+00EC "ì" */
    0x8, 0xd7, 0xff, 0xf7, 0xc, 0x0, 0x38, 0xfd,
    0xff, 0x54, 0x0, 0x0, 0x72, 0xb0, 0x68, 0x0,
    0x0, 0x0, 0x0, 0x0, 0x0, 0x0, 0xb8, 0xff,
    0xe8, 0x0, 0x0, 0xb8, 0xff, 0xe8, 0x0, 0x0,
    0xb8, 0xff, 0xe8, 0x0, 0x0, 0xb8, 0xff, 0xe8,
    0x0, 0x0, 0xb8, 0xff, 0xe8, 0x0, 0x0, 0xb8,
    0xff, 0xe8, 0x0, 0x0, 0xb8, 0xff, 0xe8, 0x0,
    0x0, 0xb8, 0xff, 0xe8, 0x0, 0x0, 0xb8, 0xff,
    0xe8, 0x0, 0x0, 0xb8, 0xff, 0xe8,

    /* U+00ED "í" */
    0x0, 0xcd, 0xff, 0xf4, 0x21, 0x1d, 0xff, 0xff,
    0x6a, 0x0, 0x42, 0xb0, 0x95, 0x1, 0x0, 0x0,
    0x0, 0x0, 0x0, 0x0, 0xb8, 0xff, 0xe8, 0x0,
    0x0, 0xb8, 0xff, 0xe8, 0x0, 0x0, 0xb8, 0xff,
    0xe8, 0x0, 0x0, 0xb8, 0xff, 0xe8, 0x0, 0x0,
    0xb8, 0xff, 0xe8, 0x0, 0x0, 0xb8, 0xff, 0xe8,
    0x0, 0x0, 0xb8, 0xff, 0xe8, 0x0, 0x0, 0xb8,
    0xff, 0xe8, 0x0, 0x0, 0xb8, 0xff, 0xe8, 0x0,
    0x0, 0xb8, 0xff, 0xe8, 0x0, 0x0,

    /* U+00EE "î" */
    0x0, 0x20, 0xe4, 0xff, 0xf5, 0x37, 0x0, 0x0,
    0x19, 0xdc, 0xff, 0xb0, 0xfe, 0xeb, 0x25, 0x0,
    0x61, 0x90, 0x7f, 0x1, 0x63, 0x90, 0x6d, 0x0,
    0x0, 0x0, 0x0, 0x0, 0x0, 0x0, 0x0, 0x0,
    0x0, 0x0, 0xb8, 0xff, 0xe8, 0x0, 0x0, 0x0,
    0x0, 0x0, 0xb8, 0xff, 0xe8, 0x0, 0x0, 0x0,
    0x0, 0x0, 0xb8, 0xff, 0xe8, 0x0, 0x0, 0x0,
    0x0, 0x0, 0xb8, 0xff, 0xe8, 0x0, 0x0, 0x0,
    0x0, 0x0, 0xb8, 0xff, 0xe8, 0x0, 0x0, 0x0,
    0x0, 0x0, 0xb8, 0xff, 0xe8, 0x0, 0x0, 0x0,
    0x0, 0x0, 0xb8, 0xff, 0xe8, 0x0, 0x0, 0x0,
    0x0, 0x0, 0xb8, 0xff, 0xe8, 0x0, 0x0, 0x0,
    0x0, 0x0, 0xb8, 0xff, 0xe8, 0x0, 0x0, 0x0,
    0x0, 0x0, 0xb8, 0xff, 0xe8, 0x0, 0x0, 0x0,

    /* U+00EF "ï" */
    0x2b, 0xe3, 0xce, 0x10, 0xb3, 0xee, 0x48, 0x6d,
    0xff, 0xff, 0x4b, 0xff, 0xff, 0x95, 0xf, 0x9a,
    0x85, 0x1, 0x6a, 0xa6, 0x20, 0x0, 0x0, 0x0,
    0x0, 0x0, 0x0, 0x0, 0x0, 0x0, 0xb8, 0xff,
    0xe8, 0x0, 0x0, 0x0, 0x0, 0xb8, 0xff, 0xe8,
    0x0, 0x0, 0x0, 0x0, 0xb8, 0xff, 0xe8, 0x0,
    0x0, 0x0, 0x0, 0xb8, 0xff, 0xe8, 0x0, 0x0,
    0x0, 0x0, 0xb8, 0xff, 0xe8, 0x0, 0x0, 0x0,
    0x0, 0xb8, 0xff, 0xe8, 0x0, 0x0, 0x0, 0x0,
    0xb8, 0xff, 0xe8, 0x0, 0x0, 0x0, 0x0, 0xb8,
    0xff, 0xe8, 0x0, 0x0, 0x0, 0x0, 0xb8, 0xff,
    0xe8, 0x0, 0x0, 0x0, 0x0, 0xb8, 0xff, 0xe8,
    0x0, 0x0,

    /* U+00F0 "ð" */
    0x0, 0x0, 0x16, 0xcd, 0x83, 0x23, 0x0, 0x6,
    0x40, 0x0, 0x0, 0x0, 0x0, 0x7c, 0xff, 0xff,
    0xfc, 0xb0, 0xe8, 0xfb, 0x1c, 0x0, 0x0, 0x0,
    0x13, 0x8b, 0xff, 0xff, 0xff, 0xff, 0x97, 0x10,
    0x0, 0x0, 0x0, 0x6, 0xec, 0xff, 0xd0, 0xe3,
    0xff, 0xd0, 0xb, 0x0, 0x0, 0x0, 0x0, 0x59,
    0x3f, 0x0, 0x1f, 0xeb, 0xff, 0x89, 0x0, 0x0,
    0x0, 0xc, 0x85, 0xde, 0xf6, 0xce, 0xba, 0xff,
    0xf4, 0x12, 0x0, 0xc, 0xce, 0xff, 0xff, 0xff,
    0xff, 0xff, 0xff, 0xff, 0x57, 0x0, 0x92, 0xff,
    0xff, 0xb2, 0x58, 0x76, 0xf0, 0xff, 0xff, 0x95,
    0x6, 0xf3, 0xff, 0xbf, 0x0, 0x0, 0x0, 0x46,
    0xff, 0xff, 0xaf, 0x28, 0xff, 0xff, 0x66, 0x0,
    0x0, 0x0, 0x0, 0xf0, 0xff, 0xbe, 0x28, 0xff,
    0xff, 0x68, 0x0, 0x0, 0x0, 0x0, 0xf1, 0xff,
    0xac, 0x5, 0xf0, 0xff, 0xc1, 0x0, 0x0, 0x0,
    0x4a, 0xff, 0xff, 0x70, 0x0, 0x89, 0xff, 0xff,
    0xb6, 0x5e, 0x7c, 0xf2, 0xff, 0xf1, 0x12, 0x0,
    0x8, 0xc1, 0xff, 0xff, 0xff, 0xff, 0xff, 0xfa,
    0x50, 0x0, 0x0, 0x0, 0x6, 0x75, 0xd4, 0xf9,
    0xec, 0xad, 0x32, 0x0, 0x0,

    /* U+00F1 "ñ" */
    0x0, 0x17, 0xba, 0xf7, 0xfc, 0xf6, 0xfa, 0xff,
    0x4d, 0x0, 0x0, 0x91, 0xfc, 0xf7, 0xf8, 0xff,
    0xf0, 0x90, 0x2, 0x0, 0x0, 0x0, 0x0, 0x0,
    0x0, 0x0, 0x0, 0x0, 0x0, 0x0, 0x0, 0x0,
    0x0, 0x0, 0x0, 0x0, 0x0, 0x0, 0x0, 0x0,
    0xe0, 0xff, 0x94, 0x46, 0xc6, 0xf6, 0xeb, 0x94,
    0xa, 0x0, 0xe0, 0xff, 0xd8, 0xfc, 0xff, 0xff,
    0xff, 0xff, 0xb4, 0x0, 0xe0, 0xff, 0xff, 0xee,
    0x82, 0x7d, 0xed, 0xff, 0xff, 0x2b, 0xe0, 0xff,
    0xff, 0x38, 0x0, 0x0, 0x5f, 0xff, 0xff, 0x58,
    0xe0, 0xff, 0xd8, 0x0, 0x0, 0x0, 0x33, 0xff,
    0xff, 0x6f, 0xe0, 0xff, 0xbd, 0x0, 0x0, 0x0,
    0x30, 0xff, 0xff, 0x70, 0xe0, 0xff, 0xbc, 0x0,
    0x0, 0x0, 0x30, 0xff, 0xff, 0x70, 0xe0, 0xff,
    0xbc, 0x0, 0x0, 0x0, 0x30, 0xff, 0xff, 0x70,
    0xe0, 0xff, 0xbc, 0x0, 0x0, 0x0, 0x30, 0xff,
    0xff, 0x70, 0xe0, 0xff, 0xbc, 0x0, 0x0, 0x0,
    0x30, 0xff, 0xff, 0x70,

    /* U+00F2 "ò" */
    0x0, 0x0, 0x8, 0xd7, 0xff, 0xf7, 0xc, 0x0,
    0x0, 0x0, 0x0, 0x0, 0x0, 0x0, 0x38, 0xfd,
    0xff, 0x54, 0x0, 0x0, 0x0, 0x0, 0x0, 0x0,
    0x0, 0x0, 0x72, 0xb0, 0x68, 0x0, 0x0, 0x0,
    0x0, 0x0, 0x0, 0x0, 0x0, 0x0, 0x0, 0x0,
    0x0, 0x0, 0x0, 0x0, 0x0, 0x0, 0x11, 0x86,
    0xd8, 0xf8, 0xee, 0xb8, 0x48, 0x0, 0x0, 0x0,
    0x1f, 0xdf, 0xff, 0xff, 0xff, 0xff, 0xff, 0xff,
    0x84, 0x0, 0x0, 0xc5, 0xff, 0xff, 0xc1, 0x73,
    0x8c, 0xf2, 0xff, 0xff, 0x4a, 0x33, 0xff, 0xff,
    0xac, 0x0, 0x0, 0x0, 0x2f, 0xf9, 0xff, 0xb6,
    0x64, 0xff, 0xff, 0x47, 0x0, 0x0, 0x0, 0x0,
    0xc2, 0xff, 0xe8, 0x65, 0xff, 0xff, 0x46, 0x0,
    0x0, 0x0, 0x0, 0xc2, 0xff, 0xe7, 0x34, 0xff,
    0xff, 0xaa, 0x0, 0x0, 0x0, 0x2d, 0xf9, 0xff,
    0xb7, 0x0, 0xc7, 0xff, 0xff, 0xbd, 0x71, 0x89,
    0xf0, 0xff, 0xff, 0x4d, 0x0, 0x21, 0xe1, 0xff,
    0xff, 0xff, 0xff, 0xff, 0xff, 0x87, 0x0, 0x0,
    0x0, 0x12, 0x87, 0xd9, 0xf9, 0xef, 0xb8, 0x49,
    0x0, 0x0,

    /* U+00F3 "ó" */
    0x0, 0x0, 0x0, 0x0, 0x0, 0xa9, 0xff, 0xfd,
    0x3c, 0x0, 0x0, 0x0, 0x0, 0x0, 0x0, 0x6,
    0xf2, 0xff, 0x8e, 0x0, 0x0, 0x0, 0x0, 0x0,
    0x0, 0x0, 0x29, 0xb0, 0xa5, 0x9, 0x0, 0x0,
    0x0, 0x0, 0x0, 0x0, 0x0, 0x0, 0x0, 0x0,
    0x0, 0x0, 0x0, 0x0, 0x0, 0x0, 0x11, 0x86,
    0xd8, 0xf8, 0xee, 0xb8, 0x48, 0x0, 0x0, 0x0,
    0x1f, 0xdf, 0xff, 0xff, 0xff, 0xff, 0xff, 0xff,
    0x84, 0x0, 0x0, 0xc5, 0xff, 0xff, 0xc1, 0x73,
    0x8c, 0xf2, 0xff, 0xff, 0x4a, 0x33, 0xff, 0xff,
    0xac, 0x0, 0x0, 0x0, 0x2f, 0xf9, 0xff, 0xb6,
    0x64, 0xff, 0xff, 0x47, 0x0, 0x0, 0x0, 0x0,
    0xc2, 0xff, 0xe8, 0x65, 0xff, 0xff, 0x46, 0x0,
    0x0, 0x0, 0x0, 0xc2, 0xff, 0xe7, 0x34, 0xff,
    0xff, 0xaa, 0x0, 0x0, 0x0, 0x2d, 0xf9, 0xff,
    0xb7, 0x0, 0xc7, 0xff, 0xff, 0xbd, 0x71, 0x89,
    0xf0, 0xff, 0xff, 0x4d, 0x0, 0x21, 0xe1, 0xff,
    0xff, 0xff, 0xff, 0xff, 0xff, 0x87, 0x0, 0x0,
    0x0, 0x12, 0x87, 0xd9, 0xf9, 0xef, 0xb8, 0x49,
    0x0, 0x0,

    /* U+00F4 "ô" */
    0x0, 0x0, 0x0, 0xe, 0xcb, 0xff, 0xfe, 0x5a,
    0x0, 0x0, 0x0, 0x0, 0x0, 0x9, 0xc2, 0xff,
    0xb9, 0xf4, 0xf9, 0x43, 0x0, 0x0, 0x0, 0x0,
    0x4a, 0x90, 0x8b, 0xb, 0x4b, 0x90, 0x81, 0x4,
    0x0, 0x0, 0x0, 0x0, 0x0, 0x0, 0x0, 0x0,
    0x0, 0x0, 0x0, 0x0, 0x0, 0x0, 0x11, 0x86,
    0xd8, 0xf8, 0xee, 0xb8, 0x48, 0x0, 0x0, 0x0,
    0x1f, 0xdf, 0xff, 0xff, 0xff, 0xff, 0xff, 0xff,
    0x84, 0x0, 0x0, 0xc5, 0xff, 0xff, 0xc1, 0x73,
    0x8c, 0xf2, 0xff, 0xff, 0x4a, 0x33, 0xff, 0xff,
    0xac, 0x0, 0x0, 0x0, 0x2f, 0xf9, 0xff, 0xb6,
    0x64, 0xff, 0xff, 0x47, 0x0, 0x0, 0x0, 0x0,
    0xc2, 0xff, 0xe8, 0x65, 0xff, 0xff, 0x46, 0x0,
    0x0, 0x0, 0x0, 0xc2, 0xff, 0xe7, 0x34, 0xff,
    0xff, 0xaa, 0x0, 0x0, 0x0, 0x2d, 0xf9, 0xff,
    0xb7, 0x0, 0xc7, 0xff, 0xff, 0xbd, 0x71, 0x89,
    0xf0, 0xff, 0xff, 0x4d, 0x0, 0x21, 0xe1, 0xff,
    0xff, 0xff, 0xff, 0xff, 0xff, 0x87, 0x0, 0x0,
    0x0, 0x12, 0x87, 0xd9, 0xf9, 0xef, 0xb8, 0x49,
    0x0, 0x0,

    /* U+00F5 "õ" */
    0x0, 0x0, 0x25, 0xc4, 0xf9, 0xfc, 0xf6, 0xfb,
    0xff, 0x31, 0x0, 0x0, 0x0, 0xa9, 0xfc, 0xf6,
    0xf9, 0xff, 0xec, 0x7e, 0x0, 0x0, 0x0, 0x0,
    0x0, 0x0, 0x0, 0x0, 0x0, 0x0, 0x0, 0x0,
    0x0, 0x0, 0x0, 0x0, 0x0, 0x0, 0x0, 0x0,
    0x0, 0x0, 0x0, 0x0, 0x0, 0x0, 0x11, 0x86,
    0xd8, 0xf8, 0xee, 0xb8, 0x48, 0x0, 0x0, 0x0,
    0x1f, 0xdf, 0xff, 0xff, 0xff, 0xff, 0xff, 0xff,
    0x84, 0x0, 0x0, 0xc5, 0xff, 0xff, 0xc1, 0x73,
    0x8c, 0xf2, 0xff, 0xff, 0x4a, 0x33, 0xff, 0xff,
    0xac, 0x0, 0x0, 0x0, 0x2f, 0xf9, 0xff, 0xb6,
    0x64, 0xff, 0xff, 0x47, 0x0, 0x0, 0x0, 0x0,
    0xc2, 0xff, 0xe8, 0x65, 0xff, 0xff, 0x46, 0x0,
    0x0, 0x0, 0x0, 0xc2, 0xff, 0xe7, 0x34, 0xff,
    0xff, 0xaa, 0x0, 0x0, 0x0, 0x2d, 0xf9, 0xff,
    0xb7, 0x0, 0xc7, 0xff, 0xff, 0xbd, 0x71, 0x89,
    0xf0, 0xff, 0xff, 0x4d, 0x0, 0x21, 0xe1, 0xff,
    0xff, 0xff, 0xff, 0xff, 0xff, 0x87, 0x0, 0x0,
    0x0, 0x12, 0x87, 0xd9, 0xf9, 0xef, 0xb8, 0x49,
    0x0, 0x0,

    /* U+00F6 "ö" */
    0x0, 0x0, 0x36, 0xe7, 0xc7, 0xb, 0x5a, 0xf1,
    0xa7, 0x0, 0x0, 0x0, 0x0, 0x87, 0xff, 0xff,
    0x3b, 0xb7, 0xff, 0xff, 0xb, 0x0, 0x0, 0x0,
    0x22, 0xbf, 0x9f, 0x4, 0x3f, 0xc9, 0x7f, 0x0,
    0x0, 0x0, 0x0, 0x0, 0x0, 0x0, 0x0, 0x0,
    0x0, 0x0, 0x0, 0x0, 0x0, 0x0, 0x11, 0x86,
    0xd8, 0xf8, 0xee, 0xb8, 0x48, 0x0, 0x0, 0x0,
    0x1f, 0xdf, 0xff, 0xff, 0xff, 0xff, 0xff, 0xff,
    0x84, 0x0, 0x0, 0xc5, 0xff, 0xff, 0xc1, 0x73,
    0x8c, 0xf2, 0xff, 0xff, 0x4a, 0x33, 0xff, 0xff,
    0xac, 0x0, 0x0, 0x0, 0x2f, 0xf9, 0xff, 0xb6,
    0x64, 0xff, 0xff, 0x47, 0x0, 0x0, 0x0, 0x0,
    0xc2, 0xff, 0xe8, 0x65, 0xff, 0xff, 0x46, 0x0,
    0x0, 0x0, 0x0, 0xc2, 0xff, 0xe7, 0x34, 0xff,
    0xff, 0xaa, 0x0, 0x0, 0x0, 0x2d, 0xf9, 0xff,
    0xb7, 0x0, 0xc7, 0xff, 0xff, 0xbd, 0x71, 0x89,
    0xf0, 0xff, 0xff, 0x4d, 0x0, 0x21, 0xe1, 0xff,
    0xff, 0xff, 0xff, 0xff, 0xff, 0x87, 0x0, 0x0,
    0x0, 0x12, 0x87, 0xd9, 0xf9, 0xef, 0xb8, 0x49,
    0x0, 0x0,

    /* U+00F7 "÷" */
    0x0, 0x0, 0x0, 0x6d, 0xf2, 0xba, 0x7, 0x0,
    0x0, 0x0, 0x0, 0x0, 0x0, 0xe7, 0xff, 0xff,
    0x43, 0x0, 0x0, 0x0, 0x0, 0x0, 0x0, 0x9f,
    0xff, 0xe7, 0x14, 0x0, 0x0, 0x0, 0x0, 0x0,
    0x0, 0x1, 0x2e, 0xe, 0x0, 0x0, 0x0, 0x0,
    0xe0, 0xff, 0xff, 0xff, 0xff, 0xff, 0xff, 0xff,
    0xff, 0x44, 0xe0, 0xff, 0xff, 0xff, 0xff, 0xff,
    0xff, 0xff, 0xff, 0x44, 0x1f, 0x24, 0x24, 0x24,
    0x24, 0x24, 0x24, 0x24, 0x24, 0x9, 0x0, 0x0,
    0x0, 0x1, 0x2e, 0xe, 0x0, 0x0, 0x0, 0x0,
    0x0, 0x0, 0x0, 0xa0, 0xff, 0xe7, 0x14, 0x0,
    0x0, 0x0, 0x0, 0x0, 0x0, 0xe7, 0xff, 0xff,
    0x43, 0x0, 0x0, 0x0, 0x0, 0x0, 0x0, 0x6d,
    0xf2, 0xba, 0x7, 0x0, 0x0, 0x0,

    /* U+00F8 "ø" */
    0x0, 0x0, 0x0, 0x0, 0x0, 0x0, 0x0, 0x6,
    0x4f, 0x0, 0x0, 0x0, 0x0, 0x12, 0x86, 0xd8,
    0xf8, 0xef, 0xd5, 0xff, 0xab, 0x0, 0x0, 0x21,
    0xe1, 0xff, 0xff, 0xff, 0xff, 0xff, 0xff, 0xa0,
    0x0, 0x0, 0xc7, 0xff, 0xfa, 0x8d, 0x48, 0xe4,
    0xff, 0xff, 0xff, 0x48, 0x34, 0xff, 0xff, 0x70,
    0x0, 0x72, 0xff, 0xeb, 0xde, 0xff, 0xb6, 0x64,
    0xff, 0xff, 0x13, 0x25, 0xf6, 0xff, 0x56, 0x86,
    0xff, 0xe7, 0x64, 0xff, 0xff, 0x10, 0xc4, 0xff,
    0xac, 0x0, 0x8e, 0xff, 0xe8, 0x35, 0xff, 0xff,
    0xc1, 0xff, 0xeb, 0x16, 0xd, 0xdf, 0xff, 0xb8,
    0x1, 0xc9, 0xff, 0xff, 0xff, 0x8d, 0x58, 0xd1,
    0xff, 0xff, 0x4f, 0x0, 0x22, 0xf9, 0xff, 0xff,
    0xff, 0xff, 0xff, 0xff, 0x8c, 0x0, 0x0, 0x26,
    0xee, 0xf3, 0xd8, 0xf9, 0xf0, 0xbb, 0x4d, 0x0,
    0x0, 0x0, 0x0, 0x12, 0x3f, 0x0, 0x0, 0x0,
    0x0, 0x0, 0x0, 0x0,

    /* U+00F9 "ù" */
    0x0, 0x0, 0xa8, 0xff, 0xff, 0x3b, 0x0, 0x0,
    0x0, 0x0, 0x0, 0x0, 0x14, 0xe9, 0xff, 0x8c,
    0x0, 0x0, 0x0, 0x0, 0x0, 0x0, 0x0, 0x4b,
    0xb0, 0x8f, 0x0, 0x0, 0x0, 0x0, 0x0, 0x0,
    0x0, 0x0, 0x0, 0x0, 0x0, 0x0, 0x0, 0x0,
    0xf4, 0xff, 0xa8, 0x0, 0x0, 0x0, 0x44, 0xff,
    0xff, 0x5c, 0xf4, 0xff, 0xa8, 0x0, 0x0, 0x0,
    0x44, 0xff, 0xff, 0x5c, 0xf4, 0xff, 0xa8, 0x0,
    0x0, 0x0, 0x44, 0xff, 0xff, 0x5c, 0xf4, 0xff,
    0xa8, 0x0, 0x0, 0x0, 0x44, 0xff, 0xff, 0x5c,
    0xf4, 0xff, 0xa8, 0x0, 0x0, 0x0, 0x45, 0xff,
    0xff, 0x5c, 0xf3, 0xff, 0xab, 0x0, 0x0, 0x0,
    0x5f, 0xff, 0xff, 0x5c, 0xdf, 0xff, 0xd4, 0x0,
    0x0, 0x1, 0xbc, 0xff, 0xff, 0x5c, 0xb3, 0xff,
    0xff, 0xac, 0x70, 0xb6, 0xff, 0xff, 0xff, 0x5c,
    0x3d, 0xff, 0xff, 0xff, 0xff, 0xff, 0xd4, 0xff,
    0xff, 0x5c, 0x0, 0x58, 0xd4, 0xf9, 0xe7, 0x92,
    0x25, 0xff, 0xff, 0x5c,

    /* U+00FA "ú" */
    0x0, 0x0, 0x0, 0x0, 0xc1, 0xff, 0xf7, 0x27,
    0x0, 0x0, 0x0, 0x0, 0x0, 0x14, 0xfc, 0xff,
    0x72, 0x0, 0x0, 0x0, 0x0, 0x0, 0x0, 0x3a,
    0xb0, 0x99, 0x2, 0x0, 0x0, 0x0, 0x0, 0x0,
    0x0, 0x0, 0x0, 0x0, 0x0, 0x0, 0x0, 0x0,
    0xf4, 0xff, 0xa8, 0x0, 0x0, 0x0, 0x44, 0xff,
    0xff, 0x5c, 0xf4, 0xff, 0xa8, 0x0, 0x0, 0x0,
    0x44, 0xff, 0xff, 0x5c, 0xf4, 0xff, 0xa8, 0x0,
    0x0, 0x0, 0x44, 0xff, 0xff, 0x5c, 0xf4, 0xff,
    0xa8, 0x0, 0x0, 0x0, 0x44, 0xff, 0xff, 0x5c,
    0xf4, 0xff, 0xa8, 0x0, 0x0, 0x0, 0x45, 0xff,
    0xff, 0x5c, 0xf3, 0xff, 0xab, 0x0, 0x0, 0x0,
    0x5f, 0xff, 0xff, 0x5c, 0xdf, 0xff, 0xd4, 0x0,
    0x0, 0x1, 0xbc, 0xff, 0xff, 0x5c, 0xb3, 0xff,
    0xff, 0xac, 0x70, 0xb6, 0xff, 0xff, 0xff, 0x5c,
    0x3d, 0xff, 0xff, 0xff, 0xff, 0xff, 0xd4, 0xff,
    0xff, 0x5c, 0x0, 0x58, 0xd4, 0xf9, 0xe7, 0x92,
    0x25, 0xff, 0xff, 0x5c,

    /* U+00FB "û" */
    0x0, 0x0, 0x10, 0xd0, 0xff, 0xfd, 0x53, 0x0,
    0x0, 0x0, 0x0, 0xc, 0xc7, 0xff, 0xb8, 0xf6,
    0xf7, 0x3d, 0x0, 0x0, 0x0, 0x4f, 0x90, 0x8a,
    0x9, 0x4f, 0x90, 0x7e, 0x3, 0x0, 0x0, 0x0,
    0x0, 0x0, 0x0, 0x0, 0x0, 0x0, 0x0, 0x0,
    0xf4, 0xff, 0xa8, 0x0, 0x0, 0x0, 0x44, 0xff,
    0xff, 0x5c, 0xf4, 0xff, 0xa8, 0x0, 0x0, 0x0,
    0x44, 0xff, 0xff, 0x5c, 0xf4, 0xff, 0xa8, 0x0,
    0x0, 0x0, 0x44, 0xff, 0xff, 0x5c, 0xf4, 0xff,
    0xa8, 0x0, 0x0, 0x0, 0x44, 0xff, 0xff, 0x5c,
    0xf4, 0xff, 0xa8, 0x0, 0x0, 0x0, 0x45, 0xff,
    0xff, 0x5c, 0xf3, 0xff, 0xab, 0x0, 0x0, 0x0,
    0x5f, 0xff, 0xff, 0x5c, 0xdf, 0xff, 0xd4, 0x0,
    0x0, 0x1, 0xbc, 0xff, 0xff, 0x5c, 0xb3, 0xff,
    0xff, 0xac, 0x70, 0xb6, 0xff, 0xff, 0xff, 0x5c,
    0x3d, 0xff, 0xff, 0xff, 0xff, 0xff, 0xd4, 0xff,
    0xff, 0x5c, 0x0, 0x58, 0xd4, 0xf9, 0xe7, 0x92,
    0x25, 0xff, 0xff, 0x5c,

    /* U+00FC "ü" */
    0x0, 0x33, 0xe6, 0xcb, 0xd, 0x55, 0xf0, 0xab,
    0x1, 0x0, 0x0, 0x83, 0xff, 0xff, 0x3f, 0xaf,
    0xff, 0xff, 0x13, 0x0, 0x0, 0x20, 0xbe, 0xa3,
    0x5, 0x3c, 0xc8, 0x83, 0x0, 0x0, 0x0, 0x0,
    0x0, 0x0, 0x0, 0x0, 0x0, 0x0, 0x0, 0x0,
    0xf4, 0xff, 0xa8, 0x0, 0x0, 0x0, 0x44, 0xff,
    0xff, 0x5c, 0xf4, 0xff, 0xa8, 0x0, 0x0, 0x0,
    0x44, 0xff, 0xff, 0x5c, 0xf4, 0xff, 0xa8, 0x0,
    0x0, 0x0, 0x44, 0xff, 0xff, 0x5c, 0xf4, 0xff,
    0xa8, 0x0, 0x0, 0x0, 0x44, 0xff, 0xff, 0x5c,
    0xf4, 0xff, 0xa8, 0x0, 0x0, 0x0, 0x45, 0xff,
    0xff, 0x5c, 0xf3, 0xff, 0xab, 0x0, 0x0, 0x0,
    0x5f, 0xff, 0xff, 0x5c, 0xdf, 0xff, 0xd4, 0x0,
    0x0, 0x1, 0xbc, 0xff, 0xff, 0x5c, 0xb3, 0xff,
    0xff, 0xac, 0x70, 0xb6, 0xff, 0xff, 0xff, 0x5c,
    0x3d, 0xff, 0xff, 0xff, 0xff, 0xff, 0xd4, 0xff,
    0xff, 0x5c, 0x0, 0x58, 0xd4, 0xf9, 0xe7, 0x92,
    0x25, 0xff, 0xff, 0x5c,

    /* U+00FD "ý" */
    0x0, 0x0, 0x0, 0x0, 0x0, 0xc8, 0xff, 0xf5,
    0x24, 0x0, 0x0, 0x0, 0x0, 0x0, 0x0, 0x18,
    0xfe, 0xff, 0x6e, 0x0, 0x0, 0x0, 0x0, 0x0,
    0x0, 0x0, 0x3d, 0xb0, 0x97, 0x1, 0x0, 0x0,
    0x0, 0x0, 0x0, 0x0, 0x0, 0x0, 0x0, 0x0,
    0x0, 0x0, 0x0, 0x0, 0xb3, 0xff, 0xff, 0x45,
    0x0, 0x0, 0x0, 0x25, 0xfe, 0xff, 0xc3, 0x41,
    0xff, 0xff, 0xb1, 0x0, 0x0, 0x0, 0x8b, 0xff,
    0xff, 0x53, 0x0, 0xce, 0xff, 0xfd, 0x20, 0x0,
    0x6, 0xeb, 0xff, 0xdf, 0x3, 0x0, 0x5d, 0xff,
    0xff, 0x89, 0x0, 0x59, 0xff, 0xff, 0x72, 0x0,
    0x0, 0x5, 0xe5, 0xff, 0xec, 0x8, 0xc1, 0xff,
    0xf3, 0xf, 0x0, 0x0, 0x0, 0x79, 0xff, 0xff,
    0x8c, 0xff, 0xff, 0x92, 0x0, 0x0, 0x0, 0x0,
    0x11, 0xf4, 0xff, 0xff, 0xff, 0xfd, 0x24, 0x0,
    0x0, 0x0, 0x0, 0x0, 0x94, 0xff, 0xff, 0xff,
    0xb1, 0x0, 0x0, 0x0, 0x0, 0x0, 0x0, 0x24,
    0xfd, 0xff, 0xff, 0x41, 0x0, 0x0, 0x0, 0x0,
    0x0, 0x0, 0x5, 0xeb, 0xff, 0xd0, 0x0, 0x0,
    0x0, 0x0, 0x0, 0x0, 0x0, 0x60, 0xff, 0xff,
    0x60, 0x0, 0x0, 0x0, 0x0, 0x0, 0x0, 0x1,
    0xd4, 0xff, 0xe9, 0x7, 0x0, 0x0, 0x0, 0x0,
    0x0, 0x0, 0x4c, 0xff, 0xff, 0x80, 0x0, 0x0,
    0x0, 0x0, 0x0, 0x0, 0x0, 0xc1, 0xff, 0xf8,
    0x17, 0x0, 0x0, 0x0, 0x0, 0x0,

    /* U+00FE "þ" */
    0xe0, 0xff, 0xbc, 0x0, 0x0, 0x0, 0x0, 0x0,
    0x0, 0x0, 0x0, 0xe0, 0xff, 0xbc, 0x0, 0x0,
    0x0, 0x0, 0x0, 0x0, 0x0, 0x0, 0xe0, 0xff,
    0xbc, 0x0, 0x0, 0x0, 0x0, 0x0, 0x0, 0x0,
    0x0, 0xe0, 0xff, 0xbc, 0x0, 0x0, 0x0, 0x0,
    0x0, 0x0, 0x0, 0x0, 0xe0, 0xff, 0xaf, 0x4c,
    0xcb, 0xf7, 0xe8, 0x9b, 0x1b, 0x0, 0x0, 0xe0,
    0xff, 0xd9, 0xfd, 0xff, 0xff, 0xff, 0xff, 0xe8,
    0x27, 0x0, 0xe0, 0xff, 0xff, 0xee, 0x88, 0x76,
    0xc9, 0xff, 0xff, 0xcb, 0x0, 0xe0, 0xff, 0xf3,
    0x24, 0x0, 0x0, 0x2, 0xb4, 0xff, 0xff, 0x35,
    0xe0, 0xff, 0xad, 0x0, 0x0, 0x0, 0x0, 0x4a,
    0xff, 0xff, 0x64, 0xe0, 0xff, 0xac, 0x0, 0x0,
    0x0, 0x0, 0x4a, 0xff, 0xff, 0x64, 0xe0, 0xff,
    0xf2, 0x21, 0x0, 0x0, 0x1, 0xb2, 0xff, 0xff,
    0x36, 0xe0, 0xff, 0xff, 0xec, 0x84, 0x73, 0xc6,
    0xff, 0xff, 0xcd, 0x1, 0xe0, 0xff, 0xda, 0xfd,
    0xff, 0xff, 0xff, 0xff, 0xe9, 0x29, 0x0, 0xe0,
    0xff, 0xaf, 0x4f, 0xce, 0xf8, 0xe9, 0x9b, 0x1b,
    0x0, 0x0, 0xe0, 0xff, 0xbc, 0x0, 0x0, 0x0,
    0x0, 0x0, 0x0, 0x0, 0x0, 0xe0, 0xff, 0xbc,
    0x0, 0x0, 0x0, 0x0, 0x0, 0x0, 0x0, 0x0,
    0xe0, 0xff, 0xbc, 0x0, 0x0, 0x0, 0x0, 0x0,
    0x0, 0x0, 0x0, 0xe0, 0xff, 0xbc, 0x0, 0x0,
    0x0, 0x0, 0x0, 0x0, 0x0, 0x0,

    /* U+00FF "ÿ" */
    0x0, 0x0, 0x5d, 0xf1, 0xa4, 0x0, 0x86, 0xf3,
    0x79, 0x0, 0x0, 0x0, 0x0, 0xbb, 0xff, 0xff,
    0x8, 0xe7, 0xff, 0xdb, 0x0, 0x0, 0x0, 0x0,
    0x41, 0xca, 0x7c, 0x0, 0x64, 0xcc, 0x58, 0x0,
    0x0, 0x0, 0x0, 0x0, 0x0, 0x0, 0x0, 0x0,
    0x0, 0x0, 0x0, 0x0, 0xb3, 0xff, 0xff, 0x45,
    0x0, 0x0, 0x0, 0x25, 0xfe, 0xff, 0xc3, 0x41,
    0xff, 0xff, 0xb1, 0x0, 0x0, 0x0, 0x8b, 0xff,
    0xff, 0x53, 0x0, 0xce, 0xff, 0xfd, 0x20, 0x0,
    0x6, 0xeb, 0xff, 0xdf, 0x3, 0x0, 0x5d, 0xff,
    0xff, 0x89, 0x0, 0x59, 0xff, 0xff, 0x72, 0x0,
    0x0, 0x5, 0xe5, 0xff, 0xec, 0x8, 0xc1, 0xff,
    0xf3, 0xf, 0x0, 0x0, 0x0, 0x79, 0xff, 0xff,
    0x8c, 0xff, 0xff, 0x92, 0x0, 0x0, 0x0, 0x0,
    0x11, 0xf4, 0xff, 0xff, 0xff, 0xfd, 0x24, 0x0,
    0x0, 0x0, 0x0, 0x0, 0x94, 0xff, 0xff, 0xff,
    0xb1, 0x0, 0x0, 0x0, 0x0, 0x0, 0x0, 0x24,
    0xfd, 0xff, 0xff, 0x41, 0x0, 0x0, 0x0, 0x0,
    0x0, 0x0, 0x5, 0xeb, 0xff, 0xd0, 0x0, 0x0,
    0x0, 0x0, 0x0, 0x0, 0x0, 0x60, 0xff, 0xff,
    0x60, 0x0, 0x0, 0x0, 0x0, 0x0, 0x0, 0x1,
    0xd4, 0xff, 0xe9, 0x7, 0x0, 0x0, 0x0, 0x0,
    0x0, 0x0, 0x4c, 0xff, 0xff, 0x80, 0x0, 0x0,
    0x0, 0x0, 0x0, 0x0, 0x0, 0xc1, 0xff, 0xf8,
    0x17, 0x0, 0x0, 0x0, 0x0, 0x0,

    /* U+0100 "Ā" */
    0x0, 0x0, 0x0, 0x0, 0xc5, 0xf8, 0xf8, 0xf8,
    0xf8, 0xf8, 0x1f, 0x0, 0x0, 0x0, 0x0, 0x0,
    0x0, 0x0, 0x0, 0xcc, 0xff, 0xff, 0xff, 0xff,
    0xff, 0x20, 0x0, 0x0, 0x0, 0x0, 0x0, 0x0,
    0x0, 0x0, 0x0, 0x0, 0x0, 0x0, 0x0, 0x0,
    0x0, 0x0, 0x0, 0x0, 0x0, 0x0, 0x0, 0x0,
    0x0, 0x0, 0x0, 0x0, 0x0, 0x0, 0x0, 0x0,
    0x0, 0x0, 0x0, 0x0, 0x0, 0x0, 0x0, 0x0,
    0x0, 0x92, 0xff, 0xff, 0xe2, 0x2, 0x0, 0x0,
    0x0, 0x0, 0x0, 0x0, 0x0, 0x0, 0x0, 0x7,
    0xec, 0xff, 0xff, 0xff, 0x47, 0x0, 0x0, 0x0,
    0x0, 0x0, 0x0, 0x0, 0x0, 0x0, 0x57, 0xff,
    0xff, 0xfd, 0xff, 0xa9, 0x0, 0x0, 0x0, 0x0,
    0x0, 0x0, 0x0, 0x0, 0x0, 0xb9, 0xff, 0xe6,
    0x99, 0xff, 0xf8, 0x12, 0x0, 0x0, 0x0, 0x0,
    0x0, 0x0, 0x0, 0x1d, 0xfd, 0xff, 0x97, 0x44,
    0xff, 0xff, 0x6e, 0x0, 0x0, 0x0, 0x0, 0x0,
    0x0, 0x0, 0x7e, 0xff, 0xff, 0x39, 0x2, 0xe3,
    0xff, 0xd0, 0x0, 0x0, 0x0, 0x0, 0x0, 0x0,
    0x1, 0xdf, 0xff, 0xd8, 0x0, 0x0, 0x85, 0xff,
    0xff, 0x32, 0x0, 0x0, 0x0, 0x0, 0x0, 0x44,
    0xff, 0xff, 0x78, 0x0, 0x0, 0x25, 0xff, 0xff,
    0x94, 0x0, 0x0, 0x0, 0x0, 0x0, 0xa6, 0xff,
    0xff, 0xff, 0xff, 0xff, 0xff, 0xff, 0xff, 0xee,
    0x8, 0x0, 0x0, 0x0, 0x10, 0xf7, 0xff, 0xff,
    0xff, 0xff, 0xff, 0xff, 0xff, 0xff, 0xff, 0x59,
    0x0, 0x0, 0x0, 0x6b, 0xff, 0xff, 0xa0, 0x74,
    0x74, 0x74, 0x74, 0x76, 0xfb, 0xff, 0xbb, 0x0,
    0x0, 0x0, 0xce, 0xff, 0xfb, 0x13, 0x0, 0x0,
    0x0, 0x0, 0x0, 0xbc, 0xff, 0xfe, 0x1f, 0x0,
    0x30, 0xff, 0xff, 0xb8, 0x0, 0x0, 0x0, 0x0,
    0x0, 0x0, 0x67, 0xff, 0xff, 0x80, 0x0, 0x93,
    0xff, 0xff, 0x62, 0x0, 0x0, 0x0, 0x0, 0x0,
    0x0, 0x15, 0xfc, 0xff, 0xe0, 0x2,

    /* U+0101 "ā" */
    0x0, 0x0, 0x7c, 0xff, 0xff, 0xff, 0xff, 0xff,
    0x70, 0x0, 0x0, 0x0, 0x78, 0xf8, 0xf8, 0xf8,
    0xf8, 0xf8, 0x6c, 0x0, 0x0, 0x0, 0x0, 0x0,
    0x0, 0x0, 0x0, 0x0, 0x0, 0x0, 0x0, 0x0,
    0x0, 0x0, 0x0, 0x0, 0x0, 0x0, 0x0, 0x0,
    0x0, 0x3, 0x68, 0xc8, 0xf2, 0xf8, 0xda, 0x8d,
    0x11, 0x0, 0x7, 0xb9, 0xff, 0xff, 0xff, 0xff,
    0xff, 0xff, 0xd7, 0xd, 0x0, 0x43, 0xad, 0x69,
    0x2b, 0x26, 0x7e, 0xff, 0xff, 0x72, 0x0, 0x2,
    0x61, 0xb7, 0xd8, 0xcf, 0x9c, 0xee, 0xff, 0xac,
    0x0, 0xa5, 0xff, 0xff, 0xff, 0xff, 0xff, 0xff,
    0xff, 0xbb, 0x40, 0xff, 0xff, 0xb0, 0x1b, 0xe,
    0x45, 0xf1, 0xff, 0xbc, 0x69, 0xff, 0xff, 0x3d,
    0x0, 0x0, 0x1a, 0xfc, 0xff, 0xbc, 0x4a, 0xff,
    0xff, 0xa3, 0x14, 0x2e, 0xc6, 0xff, 0xff, 0xbc,
    0x2, 0xc1, 0xff, 0xff, 0xff, 0xff, 0xf8, 0xf7,
    0xff, 0xbc, 0x0, 0xf, 0x91, 0xe0, 0xf7, 0xc9,
    0x34, 0xd8, 0xff, 0xbc,

    /* U+0102 "Ă" */
    0x0, 0x0, 0x0, 0x0, 0x78, 0xff, 0x70, 0x19,
    0xff, 0xc8, 0x0, 0x0, 0x0, 0x0, 0x0, 0x0,
    0x0, 0x0, 0x0, 0x29, 0xfa, 0xf5, 0xe2, 0xff,
    0x78, 0x0, 0x0, 0x0, 0x0, 0x0, 0x0, 0x0,
    0x0, 0x0, 0x0, 0x52, 0xda, 0xed, 0x8f, 0x5,
    0x0, 0x0, 0x0, 0x0, 0x0, 0x0, 0x0, 0x0,
    0x0, 0x0, 0x0, 0x0, 0x0, 0x0, 0x0, 0x0,
    0x0, 0x0, 0x0, 0x0, 0x0, 0x0, 0x0, 0x0,
    0x0, 0x92, 0xff, 0xff, 0xe2, 0x2, 0x0, 0x0,
    0x0, 0x0, 0x0, 0x0, 0x0, 0x0, 0x0, 0x7,
    0xec, 0xff, 0xff, 0xff, 0x47, 0x0, 0x0, 0x0,
    0x0, 0x0, 0x0, 0x0, 0x0, 0x0, 0x57, 0xff,
    0xff, 0xfd, 0xff, 0xa9, 0x0, 0x0, 0x0, 0x0,
    0x0, 0x0, 0x0, 0x0, 0x0, 0xb9, 0xff, 0xe6,
    0x99, 0xff, 0xf8, 0x12, 0x0, 0x0, 0x0, 0x0,
    0x0, 0x0, 0x0, 0x1d, 0xfd, 0xff, 0x97, 0x44,
    0xff, 0xff, 0x6e, 0x0, 0x0, 0x0, 0x0, 0x0,
    0x0, 0x0, 0x7e, 0xff, 0xff, 0x39, 0x2, 0xe3,
    0xff, 0xd0, 0x0, 0x0, 0x0, 0x0, 0x0, 0x0,
    0x1, 0xdf, 0xff, 0xd8, 0x0, 0x0, 0x85, 0xff,
    0xff, 0x32, 0x0, 0x0, 0x0, 0x0, 0x0, 0x44,
    0xff, 0xff, 0x78, 0x0, 0x0, 0x25, 0xff, 0xff,
    0x94, 0x0, 0x0, 0x0, 0x0, 0x0, 0xa6, 0xff,
    0xff, 0xff, 0xff, 0xff, 0xff, 0xff, 0xff, 0xee,
    0x8, 0x0, 0x0, 0x0, 0x10, 0xf7, 0xff, 0xff,
    0xff, 0xff, 0xff, 0xff, 0xff, 0xff, 0xff, 0x59,
    0x0, 0x0, 0x0, 0x6b, 0xff, 0xff, 0xa0, 0x74,
    0x74, 0x74, 0x74, 0x76, 0xfb, 0xff, 0xbb, 0x0,
    0x0, 0x0, 0xce, 0xff, 0xfb, 0x13, 0x0, 0x0,
    0x0, 0x0, 0x0, 0xbc, 0xff, 0xfe, 0x1f, 0x0,
    0x30, 0xff, 0xff, 0xb8, 0x0, 0x0, 0x0, 0x0,
    0x0, 0x0, 0x67, 0xff, 0xff, 0x80, 0x0, 0x93,
    0xff, 0xff, 0x62, 0x0, 0x0, 0x0, 0x0, 0x0,
    0x0, 0x15, 0xfc, 0xff, 0xe0, 0x2,

    /* U+0103 "ă" */
    0x0, 0x0, 0x31, 0xff, 0xf0, 0xce, 0xfa, 0xee,
    0x4, 0x0, 0x0, 0x0, 0x0, 0x61, 0xdb, 0xf7,
    0xca, 0x3b, 0x0, 0x0, 0x0, 0x0, 0x0, 0x0,
    0x0, 0x0, 0x0, 0x0, 0x0, 0x0, 0x0, 0x0,
    0x0, 0x0, 0x0, 0x0, 0x0, 0x0, 0x0, 0x0,
    0x0, 0x3, 0x68, 0xc8, 0xf2, 0xf8, 0xda, 0x8d,
    0x11, 0x0, 0x7, 0xb9, 0xff, 0xff, 0xff, 0xff,
    0xff, 0xff, 0xd7, 0xd, 0x0, 0x43, 0xad, 0x69,
    0x2b, 0x26, 0x7e, 0xff, 0xff, 0x72, 0x0, 0x2,
    0x61, 0xb7, 0xd8, 0xcf, 0x9c, 0xee, 0xff, 0xac,
    0x0, 0xa5, 0xff, 0xff, 0xff, 0xff, 0xff, 0xff,
    0xff, 0xbb, 0x40, 0xff, 0xff, 0xb0, 0x1b, 0xe,
    0x45, 0xf1, 0xff, 0xbc, 0x69, 0xff, 0xff, 0x3d,
    0x0, 0x0, 0x1a, 0xfc, 0xff, 0xbc, 0x4a, 0xff,
    0xff, 0xa3, 0x14, 0x2e, 0xc6, 0xff, 0xff, 0xbc,
    0x2, 0xc1, 0xff, 0xff, 0xff, 0xff, 0xf8, 0xf7,
    0xff, 0xbc, 0x0, 0xf, 0x91, 0xe0, 0xf7, 0xc9,
    0x34, 0xd8, 0xff, 0xbc,

    /* U+0104 "Ą" */
    0x0, 0x0, 0x0, 0x0, 0x0, 0x92, 0xff, 0xff,
    0xe2, 0x2, 0x0, 0x0, 0x0, 0x0, 0x0, 0x0,
    0x0, 0x0, 0x0, 0x7, 0xec, 0xff, 0xff, 0xff,
    0x47, 0x0, 0x0, 0x0, 0x0, 0x0, 0x0, 0x0,
    0x0, 0x0, 0x57, 0xff, 0xff, 0xf3, 0xff, 0xa9,
    0x0, 0x0, 0x0, 0x0, 0x0, 0x0, 0x0, 0x0,
    0x0, 0xb9, 0xff, 0xd7, 0x85, 0xff, 0xf8, 0x12,
    0x0, 0x0, 0x0, 0x0, 0x0, 0x0, 0x0, 0x1d,
    0xfd, 0xff, 0x7e, 0x2b, 0xff, 0xff, 0x6e, 0x0,
    0x0, 0x0, 0x0, 0x0, 0x0, 0x0, 0x7e, 0xff,
    0xfc, 0x1c, 0x0, 0xc6, 0xff, 0xd0, 0x0, 0x0,
    0x0, 0x0, 0x0, 0x0, 0x1, 0xdf, 0xff, 0xb2,
    0x0, 0x0, 0x60, 0xff, 0xff, 0x32, 0x0, 0x0,
    0x0, 0x0, 0x0, 0x44, 0xff, 0xff, 0xaa, 0x74,
    0x74, 0x7d, 0xff, 0xff, 0x94, 0x0, 0x0, 0x0,
    0x0, 0x0, 0xa6, 0xff, 0xff, 0xff, 0xff, 0xff,
    0xff, 0xff, 0xff, 0xee, 0x8, 0x0, 0x0, 0x0,
    0x10, 0xf7, 0xff, 0xff, 0xff, 0xff, 0xff, 0xff,
    0xff, 0xff, 0xff, 0x59, 0x0, 0x0, 0x0, 0x6b,
    0xff, 0xff, 0x41, 0x0, 0x0, 0x0, 0x0, 0x2,
    0xeb, 0xff, 0xbb, 0x0, 0x0, 0x0, 0xce, 0xff,
    0xf0, 0x5, 0x0, 0x0, 0x0, 0x0, 0x0, 0xa3,
    0xff, 0xfe, 0x1f, 0x0, 0x30, 0xff, 0xff, 0xa9,
    0x0, 0x0, 0x0, 0x0, 0x0, 0x0, 0x57, 0xff,
    0xff, 0x80, 0x0, 0x93, 0xff, 0xff, 0x5d, 0x0,
    0x0, 0x0, 0x0, 0x0, 0x0, 0x10, 0xf8, 0xff,
    0xe0, 0x2, 0x0, 0x0, 0x0, 0x0, 0x0, 0x0,
    0x0, 0x0, 0x0, 0x0, 0xd, 0xcd, 0xfb, 0x65,
    0x0, 0x0, 0x0, 0x0, 0x0, 0x0, 0x0, 0x0,
    0x0, 0x0, 0x0, 0x6e, 0xff, 0xcc, 0x0, 0x0,
    0x0, 0x0, 0x0, 0x0, 0x0, 0x0, 0x0, 0x0,
    0x0, 0x0, 0x62, 0xff, 0xff, 0xee, 0x2a, 0x0,
    0x0, 0x0, 0x0, 0x0, 0x0, 0x0, 0x0, 0x0,
    0x0, 0x4, 0x95, 0xed, 0xf5, 0x69,

    /* U+0105 "ą" */
    0x0, 0x3, 0x68, 0xc8, 0xf2, 0xf8, 0xdb, 0x90,
    0x14, 0x0, 0x0, 0x7, 0xb9, 0xff, 0xff, 0xff,
    0xff, 0xff, 0xff, 0xdc, 0x10, 0x0, 0x0, 0x43,
    0xad, 0x69, 0x2b, 0x26, 0x7e, 0xff, 0xff, 0x79,
    0x0, 0x0, 0x2, 0x61, 0xb7, 0xd8, 0xcf, 0x9c,
    0xee, 0xff, 0xaf, 0x0, 0x0, 0xa5, 0xff, 0xff,
    0xff, 0xff, 0xff, 0xff, 0xff, 0xbb, 0x0, 0x40,
    0xff, 0xff, 0xb0, 0x1b, 0xe, 0x45, 0xf1, 0xff,
    0xbc, 0x0, 0x69, 0xff, 0xff, 0x3d, 0x0, 0x0,
    0x1a, 0xfc, 0xff, 0xbc, 0x0, 0x4a, 0xff, 0xff,
    0xa3, 0x14, 0x2e, 0xc6, 0xff, 0xff, 0xbc, 0x0,
    0x2, 0xc1, 0xff, 0xff, 0xff, 0xff, 0xee, 0xf2,
    0xff, 0xbc, 0x0, 0x0, 0xf, 0x91, 0xe0, 0xf6,
    0xc1, 0x27, 0xd5, 0xff, 0xac, 0x0, 0x0, 0x0,
    0x0, 0x0, 0x0, 0x0, 0x5d, 0xff, 0xc3, 0xd,
    0x0, 0x0, 0x0, 0x0, 0x0, 0x0, 0x0, 0xce,
    0xff, 0x7b, 0x0, 0x0, 0x0, 0x0, 0x0, 0x0,
    0x0, 0x0, 0xb2, 0xff, 0xfe, 0xc6, 0x0, 0x0,
    0x0, 0x0, 0x0, 0x0, 0x0, 0x21, 0xbd, 0xf5,
    0xe8, 0x1f,

    /* U+0106 "Ć" */
    0x0, 0x0, 0x0, 0x0, 0x0, 0x0, 0x0, 0x48,
    0xff, 0xff, 0x99, 0x0, 0x0, 0x0, 0x0, 0x0,
    0x0, 0x0, 0x0, 0x0, 0x0, 0x96, 0xff, 0xe1,
    0xd, 0x0, 0x0, 0x0, 0x0, 0x0, 0x0, 0x0,
    0x0, 0x0, 0x0, 0x95, 0xb0, 0x40, 0x0, 0x0,
    0x0, 0x0, 0x0, 0x0, 0x0, 0x0, 0x0, 0x0,
    0x0, 0x0, 0x0, 0x0, 0x0, 0x0, 0x0, 0x0,
    0x0, 0x0, 0x0, 0x0, 0x1a, 0x82, 0xcb, 0xee,
    0xf8, 0xe2, 0xa7, 0x46, 0x0, 0x0, 0x0, 0x0,
    0x0, 0x70, 0xf7, 0xff, 0xff, 0xff, 0xff, 0xff,
    0xff, 0xff, 0xa9, 0x8, 0x0, 0x0, 0x84, 0xff,
    0xff, 0xff, 0xd3, 0x96, 0x8b, 0xb0, 0xf7, 0xff,
    0xfb, 0x49, 0x0, 0x41, 0xff, 0xff, 0xed, 0x4b,
    0x0, 0x0, 0x0, 0x0, 0x1e, 0xba, 0x4a, 0x0,
    0x0, 0xc3, 0xff, 0xff, 0x4c, 0x0, 0x0, 0x0,
    0x0, 0x0, 0x0, 0x0, 0x0, 0x0, 0x15, 0xfe,
    0xff, 0xb4, 0x0, 0x0, 0x0, 0x0, 0x0, 0x0,
    0x0, 0x0, 0x0, 0x0, 0x37, 0xff, 0xff, 0x7c,
    0x0, 0x0, 0x0, 0x0, 0x0, 0x0, 0x0, 0x0,
    0x0, 0x0, 0x37, 0xff, 0xff, 0x7b, 0x0, 0x0,
    0x0, 0x0, 0x0, 0x0, 0x0, 0x0, 0x0, 0x0,
    0x15, 0xfe, 0xff, 0xb4, 0x0, 0x0, 0x0, 0x0,
    0x0, 0x0, 0x0, 0x0, 0x0, 0x0, 0x0, 0xc3,
    0xff, 0xff, 0x4b, 0x0, 0x0, 0x0, 0x0, 0x0,
    0x0, 0x5, 0xa, 0x0, 0x0, 0x41, 0xff, 0xff,
    0xee, 0x5c, 0x0, 0x0, 0x0, 0x0, 0x19, 0xb8,
    0xc7, 0x12, 0x0, 0x0, 0x83, 0xff, 0xff, 0xff,
    0xd4, 0x99, 0x8f, 0xb2, 0xf6, 0xff, 0xff, 0xae,
    0x0, 0x0, 0x0, 0x71, 0xf8, 0xff, 0xff, 0xff,
    0xff, 0xff, 0xff, 0xff, 0xc1, 0x15, 0x0, 0x0,
    0x0, 0x0, 0x1c, 0x86, 0xce, 0xf0, 0xf8, 0xe2,
    0xab, 0x52, 0x0, 0x0,

    /* U+0107 "ć" */
    0x0, 0x0, 0x0, 0x0, 0x3, 0xec, 0xff, 0xe3,
    0xe, 0x0, 0x0, 0x0, 0x0, 0x0, 0x0, 0x41,
    0xff, 0xff, 0x47, 0x0, 0x0, 0x0, 0x0, 0x0,
    0x0, 0x0, 0x5b, 0xb0, 0x7d, 0x0, 0x0, 0x0,
    0x0, 0x0, 0x0, 0x0, 0x0, 0x0, 0x0, 0x0,
    0x0, 0x0, 0x0, 0x0, 0x0, 0x0, 0x11, 0x86,
    0xd8, 0xf8, 0xe8, 0xb6, 0x41, 0x0, 0x0, 0x0,
    0x1f, 0xdf, 0xff, 0xff, 0xff, 0xff, 0xff, 0xfe,
    0x6d, 0x0, 0x0, 0xc5, 0xff, 0xff, 0xc1, 0x72,
    0x86, 0xf0, 0xff, 0xf5, 0x18, 0x33, 0xff, 0xff,
    0xa9, 0x0, 0x0, 0x0, 0x37, 0x73, 0x15, 0x0,
    0x64, 0xff, 0xff, 0x46, 0x0, 0x0, 0x0, 0x0,
    0x0, 0x0, 0x0, 0x65, 0xff, 0xff, 0x45, 0x0,
    0x0, 0x0, 0x0, 0x0, 0x0, 0x0, 0x33, 0xff,
    0xff, 0xa7, 0x0, 0x0, 0x0, 0x2d, 0x87, 0x1e,
    0x0, 0x0, 0xc4, 0xff, 0xff, 0xbd, 0x71, 0x84,
    0xec, 0xff, 0xfb, 0x29, 0x0, 0x1f, 0xdf, 0xff,
    0xff, 0xff, 0xff, 0xff, 0xfe, 0x76, 0x0, 0x0,
    0x0, 0x11, 0x86, 0xd9, 0xf9, 0xe9, 0xb8, 0x44,
    0x0, 0x0,

    /* U+0108 "Ĉ" */
    0x0, 0x0, 0x0, 0x0, 0x0, 0x0, 0x0, 0x23,
    0x24, 0xf, 0x0, 0x0, 0x0, 0x0, 0x0, 0x0,
    0x0, 0x0, 0x0, 0x0, 0x88, 0xff, 0xff, 0xd9,
    0x14, 0x0, 0x0, 0x0, 0x0, 0x0, 0x0, 0x0,
    0x0, 0x7d, 0xff, 0xe3, 0x9b, 0xff, 0xc9, 0xa,
    0x0, 0x0, 0x0, 0x0, 0x0, 0x0, 0xd, 0x67,
    0x68, 0x2e, 0x4, 0x64, 0x68, 0x2f, 0x0, 0x0,
    0x0, 0x0, 0x0, 0x0, 0x0, 0x0, 0x0, 0x0,
    0x0, 0x0, 0x0, 0x0, 0x0, 0x0, 0x0, 0x0,
    0x0, 0x0, 0x1a, 0x82, 0xcb, 0xee, 0xf8, 0xe2,
    0xa7, 0x46, 0x0, 0x0, 0x0, 0x0, 0x0, 0x70,
    0xf7, 0xff, 0xff, 0xff, 0xff, 0xff, 0xff, 0xff,
    0xa9, 0x8, 0x0, 0x0, 0x84, 0xff, 0xff, 0xff,
    0xd3, 0x96, 0x8b, 0xb0, 0xf7, 0xff, 0xfb, 0x49,
    0x0, 0x41, 0xff, 0xff, 0xed, 0x4b, 0x0, 0x0,
    0x0, 0x0, 0x1e, 0xba, 0x4a, 0x0, 0x0, 0xc3,
    0xff, 0xff, 0x4c, 0x0, 0x0, 0x0, 0x0, 0x0,
    0x0, 0x0, 0x0, 0x0, 0x15, 0xfe, 0xff, 0xb4,
    0x0, 0x0, 0x0, 0x0, 0x0, 0x0, 0x0, 0x0,
    0x0, 0x0, 0x37, 0xff, 0xff, 0x7c, 0x0, 0x0,
    0x0, 0x0, 0x0, 0x0, 0x0, 0x0, 0x0, 0x0,
    0x37, 0xff, 0xff, 0x7b, 0x0, 0x0, 0x0, 0x0,
    0x0, 0x0, 0x0, 0x0, 0x0, 0x0, 0x15, 0xfe,
    0xff, 0xb4, 0x0, 0x0, 0x0, 0x0, 0x0, 0x0,
    0x0, 0x0, 0x0, 0x0, 0x0, 0xc3, 0xff, 0xff,
    0x4b, 0x0, 0x0, 0x0, 0x0, 0x0, 0x0, 0x5,
    0xa, 0x0, 0x0, 0x41, 0xff, 0xff, 0xee, 0x5c,
    0x0, 0x0, 0x0, 0x0, 0x19, 0xb8, 0xc7, 0x12,
    0x0, 0x0, 0x83, 0xff, 0xff, 0xff, 0xd4, 0x99,
    0x8f, 0xb2, 0xf6, 0xff, 0xff, 0xae, 0x0, 0x0,
    0x0, 0x71, 0xf8, 0xff, 0xff, 0xff, 0xff, 0xff,
    0xff, 0xff, 0xc1, 0x15, 0x0, 0x0, 0x0, 0x0,
    0x1c, 0x86, 0xce, 0xf0, 0xf8, 0xe2, 0xab, 0x52,
    0x0, 0x0,

    /* U+0109 "ĉ" */
    0x0, 0x0, 0x0, 0x15, 0xd7, 0xff, 0xfa, 0x46,
    0x0, 0x0, 0x0, 0x0, 0x0, 0x10, 0xcf, 0xff,
    0xb4, 0xfa, 0xf3, 0x32, 0x0, 0x0, 0x0, 0x0,
    0x55, 0x90, 0x86, 0x5, 0x58, 0x90, 0x77, 0x1,
    0x0, 0x0, 0x0, 0x0, 0x0, 0x0, 0x0, 0x0,
    0x0, 0x0, 0x0, 0x0, 0x0, 0x0, 0x11, 0x86,
    0xd8, 0xf8, 0xe8, 0xb6, 0x41, 0x0, 0x0, 0x0,
    0x1f, 0xdf, 0xff, 0xff, 0xff, 0xff, 0xff, 0xfe,
    0x6d, 0x0, 0x0, 0xc5, 0xff, 0xff, 0xc1, 0x72,
    0x86, 0xf0, 0xff, 0xf5, 0x18, 0x33, 0xff, 0xff,
    0xa9, 0x0, 0x0, 0x0, 0x37, 0x73, 0x15, 0x0,
    0x64, 0xff, 0xff, 0x46, 0x0, 0x0, 0x0, 0x0,
    0x0, 0x0, 0x0, 0x65, 0xff, 0xff, 0x45, 0x0,
    0x0, 0x0, 0x0, 0x0, 0x0, 0x0, 0x33, 0xff,
    0xff, 0xa7, 0x0, 0x0, 0x0, 0x2d, 0x87, 0x1e,
    0x0, 0x0, 0xc4, 0xff, 0xff, 0xbd, 0x71, 0x84,
    0xec, 0xff, 0xfb, 0x29, 0x0, 0x1f, 0xdf, 0xff,
    0xff, 0xff, 0xff, 0xff, 0xfe, 0x76, 0x0, 0x0,
    0x0, 0x11, 0x86, 0xd9, 0xf9, 0xe9, 0xb8, 0x44,
    0x0, 0x0,

    /* U+010A "Ċ" */
    0x0, 0x0, 0x0, 0x0, 0x0, 0x0, 0x14, 0xaf,
    0xa0, 0x6, 0x0, 0x0, 0x0, 0x0, 0x0, 0x0,
    0x0, 0x0, 0x0, 0x0, 0x6e, 0xff, 0xff, 0x4a,
    0x0, 0x0, 0x0, 0x0, 0x0, 0x0, 0x0, 0x0,
    0x0, 0x0, 0x27, 0xe1, 0xd2, 0x13, 0x0, 0x0,
    0x0, 0x0, 0x0, 0x0, 0x0, 0x0, 0x0, 0x0,
    0x0, 0x0, 0x0, 0x0, 0x0, 0x0, 0x0, 0x0,
    0x0, 0x0, 0x0, 0x0, 0x0, 0x0, 0x0, 0x0,
    0x0, 0x0, 0x0, 0x0, 0x0, 0x0, 0x0, 0x0,
    0x0, 0x0, 0x1a, 0x82, 0xcb, 0xee, 0xf8, 0xe2,
    0xa7, 0x46, 0x0, 0x0, 0x0, 0x0, 0x0, 0x70,
    0xf7, 0xff, 0xff, 0xff, 0xff, 0xff, 0xff, 0xff,
    0xa9, 0x8, 0x0, 0x0, 0x84, 0xff, 0xff, 0xff,
    0xd3, 0x96, 0x8b, 0xb0, 0xf7, 0xff, 0xfb, 0x49,
    0x0, 0x41, 0xff, 0xff, 0xed, 0x4b, 0x0, 0x0,
    0x0, 0x0, 0x1e, 0xba, 0x4a, 0x0, 0x0, 0xc3,
    0xff, 0xff, 0x4c, 0x0, 0x0, 0x0, 0x0, 0x0,
    0x0, 0x0, 0x0, 0x0, 0x15, 0xfe, 0xff, 0xb4,
    0x0, 0x0, 0x0, 0x0, 0x0, 0x0, 0x0, 0x0,
    0x0, 0x0, 0x37, 0xff, 0xff, 0x7c, 0x0, 0x0,
    0x0, 0x0, 0x0, 0x0, 0x0, 0x0, 0x0, 0x0,
    0x37, 0xff, 0xff, 0x7b, 0x0, 0x0, 0x0, 0x0,
    0x0, 0x0, 0x0, 0x0, 0x0, 0x0, 0x15, 0xfe,
    0xff, 0xb4, 0x0, 0x0, 0x0, 0x0, 0x0, 0x0,
    0x0, 0x0, 0x0, 0x0, 0x0, 0xc3, 0xff, 0xff,
    0x4b, 0x0, 0x0, 0x0, 0x0, 0x0, 0x0, 0x5,
    0xa, 0x0, 0x0, 0x41, 0xff, 0xff, 0xee, 0x5c,
    0x0, 0x0, 0x0, 0x0, 0x19, 0xb8, 0xc7, 0x12,
    0x0, 0x0, 0x83, 0xff, 0xff, 0xff, 0xd4, 0x99,
    0x8f, 0xb2, 0xf6, 0xff, 0xff, 0xae, 0x0, 0x0,
    0x0, 0x71, 0xf8, 0xff, 0xff, 0xff, 0xff, 0xff,
    0xff, 0xff, 0xc1, 0x15, 0x0, 0x0, 0x0, 0x0,
    0x1c, 0x86, 0xce, 0xf0, 0xf8, 0xe2, 0xab, 0x52,
    0x0, 0x0,

    /* U+010B "ċ" */
    0x0, 0x0, 0x0, 0x0, 0x5d, 0xf1, 0xb3, 0x3,
    0x0, 0x0, 0x0, 0x0, 0x0, 0x0, 0x0, 0xc4,
    0xff, 0xff, 0x27, 0x0, 0x0, 0x0, 0x0, 0x0,
    0x0, 0x0, 0x5c, 0xf1, 0xb3, 0x3, 0x0, 0x0,
    0x0, 0x0, 0x0, 0x0, 0x0, 0x0, 0x0, 0x0,
    0x0, 0x0, 0x0, 0x0, 0x0, 0x0, 0x11, 0x86,
    0xd8, 0xf8, 0xe8, 0xb6, 0x41, 0x0, 0x0, 0x0,
    0x1f, 0xdf, 0xff, 0xff, 0xff, 0xff, 0xff, 0xfe,
    0x6d, 0x0, 0x0, 0xc5, 0xff, 0xff, 0xc1, 0x72,
    0x86, 0xf0, 0xff, 0xf5, 0x18, 0x33, 0xff, 0xff,
    0xa9, 0x0, 0x0, 0x0, 0x37, 0x73, 0x15, 0x0,
    0x64, 0xff, 0xff, 0x46, 0x0, 0x0, 0x0, 0x0,
    0x0, 0x0, 0x0, 0x65, 0xff, 0xff, 0x45, 0x0,
    0x0, 0x0, 0x0, 0x0, 0x0, 0x0, 0x33, 0xff,
    0xff, 0xa7, 0x0, 0x0, 0x0, 0x2d, 0x87, 0x1e,
    0x0, 0x0, 0xc4, 0xff, 0xff, 0xbd, 0x71, 0x84,
    0xec, 0xff, 0xfb, 0x29, 0x0, 0x1f, 0xdf, 0xff,
    0xff, 0xff, 0xff, 0xff, 0xfe, 0x76, 0x0, 0x0,
    0x0, 0x11, 0x86, 0xd9, 0xf9, 0xe9, 0xb8, 0x44,
    0x0, 0x0,

    /* U+010C "Č" */
    0x0, 0x0, 0x0, 0x0, 0x14, 0x3c, 0x3c, 0x8,
    0xa, 0x3c, 0x3c, 0x17, 0x0, 0x0, 0x0, 0x0,
    0x0, 0x0, 0x7, 0xc1, 0xff, 0x9b, 0xa5, 0xff,
    0xcc, 0xe, 0x0, 0x0, 0x0, 0x0, 0x0, 0x0,
    0x0, 0x10, 0xd4, 0xff, 0xff, 0xd4, 0x13, 0x0,
    0x0, 0x0, 0x0, 0x0, 0x0, 0x0, 0x0, 0x0,
    0x19, 0x54, 0x54, 0x17, 0x0, 0x0, 0x0, 0x0,
    0x0, 0x0, 0x0, 0x0, 0x0, 0x0, 0x0, 0x0,
    0x0, 0x0, 0x0, 0x0, 0x0, 0x0, 0x0, 0x0,
    0x0, 0x0, 0x1a, 0x82, 0xcb, 0xee, 0xf8, 0xe2,
    0xa7, 0x46, 0x0, 0x0, 0x0, 0x0, 0x0, 0x70,
    0xf7, 0xff, 0xff, 0xff, 0xff, 0xff, 0xff, 0xff,
    0xa9, 0x8, 0x0, 0x0, 0x84, 0xff, 0xff, 0xff,
    0xd3, 0x96, 0x8b, 0xb0, 0xf7, 0xff, 0xfb, 0x49,
    0x0, 0x41, 0xff, 0xff, 0xed, 0x4b, 0x0, 0x0,
    0x0, 0x0, 0x1e, 0xba, 0x4a, 0x0, 0x0, 0xc3,
    0xff, 0xff, 0x4c, 0x0, 0x0, 0x0, 0x0, 0x0,
    0x0, 0x0, 0x0, 0x0, 0x15, 0xfe, 0xff, 0xb4,
    0x0, 0x0, 0x0, 0x0, 0x0, 0x0, 0x0, 0x0,
    0x0, 0x0, 0x37, 0xff, 0xff, 0x7c, 0x0, 0x0,
    0x0, 0x0, 0x0, 0x0, 0x0, 0x0, 0x0, 0x0,
    0x37, 0xff, 0xff, 0x7b, 0x0, 0x0, 0x0, 0x0,
    0x0, 0x0, 0x0, 0x0, 0x0, 0x0, 0x15, 0xfe,
    0xff, 0xb4, 0x0, 0x0, 0x0, 0x0, 0x0, 0x0,
    0x0, 0x0, 0x0, 0x0, 0x0, 0xc3, 0xff, 0xff,
    0x4b, 0x0, 0x0, 0x0, 0x0, 0x0, 0x0, 0x5,
    0xa, 0x0, 0x0, 0x41, 0xff, 0xff, 0xee, 0x5c,
    0x0, 0x0, 0x0, 0x0, 0x19, 0xb8, 0xc7, 0x12,
    0x0, 0x0, 0x83, 0xff, 0xff, 0xff, 0xd4, 0x99,
    0x8f, 0xb2, 0xf6, 0xff, 0xff, 0xae, 0x0, 0x0,
    0x0, 0x71, 0xf8, 0xff, 0xff, 0xff, 0xff, 0xff,
    0xff, 0xff, 0xc1, 0x15, 0x0, 0x0, 0x0, 0x0,
    0x1c, 0x86, 0xce, 0xf0, 0xf8, 0xe2, 0xab, 0x52,
    0x0, 0x0,

    /* U+010D "č" */
    0x0, 0x0, 0x36, 0xf1, 0xfd, 0x60, 0xbb, 0xff,
    0xc4, 0xc, 0x0, 0x0, 0x0, 0x0, 0x39, 0xf2,
    0xff, 0xff, 0xbd, 0xb, 0x0, 0x0, 0x0, 0x0,
    0x0, 0x0, 0x2b, 0x54, 0x53, 0x8, 0x0, 0x0,
    0x0, 0x0, 0x0, 0x0, 0x0, 0x0, 0x0, 0x0,
    0x0, 0x0, 0x0, 0x0, 0x0, 0x0, 0x11, 0x86,
    0xd8, 0xf8, 0xe8, 0xb6, 0x41, 0x0, 0x0, 0x0,
    0x1f, 0xdf, 0xff, 0xff, 0xff, 0xff, 0xff, 0xfe,
    0x6d, 0x0, 0x0, 0xc5, 0xff, 0xff, 0xc1, 0x72,
    0x86, 0xf0, 0xff, 0xf5, 0x18, 0x33, 0xff, 0xff,
    0xa9, 0x0, 0x0, 0x0, 0x37, 0x73, 0x15, 0x0,
    0x64, 0xff, 0xff, 0x46, 0x0, 0x0, 0x0, 0x0,
    0x0, 0x0, 0x0, 0x65, 0xff, 0xff, 0x45, 0x0,
    0x0, 0x0, 0x0, 0x0, 0x0, 0x0, 0x33, 0xff,
    0xff, 0xa7, 0x0, 0x0, 0x0, 0x2d, 0x87, 0x1e,
    0x0, 0x0, 0xc4, 0xff, 0xff, 0xbd, 0x71, 0x84,
    0xec, 0xff, 0xfb, 0x29, 0x0, 0x1f, 0xdf, 0xff,
    0xff, 0xff, 0xff, 0xff, 0xfe, 0x76, 0x0, 0x0,
    0x0, 0x11, 0x86, 0xd9, 0xf9, 0xe9, 0xb8, 0x44,
    0x0, 0x0,

    /* U+010E "Ď" */
    0x0, 0x0, 0x2e, 0x3c, 0x2a, 0x0, 0x25, 0x3c,
    0x38, 0x0, 0x0, 0x0, 0x0, 0x0, 0x0, 0x40,
    0xf8, 0xf8, 0x57, 0xf1, 0xff, 0x69, 0x0, 0x0,
    0x0, 0x0, 0x0, 0x0, 0x0, 0x57, 0xfe, 0xff,
    0xff, 0x78, 0x0, 0x0, 0x0, 0x0, 0x0, 0x0,
    0x0, 0x0, 0x0, 0x3e, 0x54, 0x46, 0x0, 0x0,
    0x0, 0x0, 0x0, 0x0, 0x90, 0xff, 0xff, 0xff,
    0xff, 0xfa, 0xe6, 0xb5, 0x65, 0x7, 0x0, 0x0,
    0x0, 0x90, 0xff, 0xff, 0xff, 0xff, 0xff, 0xff,
    0xff, 0xff, 0xde, 0x33, 0x0, 0x0, 0x90, 0xff,
    0xff, 0x98, 0x88, 0x8e, 0xac, 0xee, 0xff, 0xff,
    0xf1, 0x2b, 0x0, 0x90, 0xff, 0xff, 0x24, 0x0,
    0x0, 0x0, 0xa, 0x94, 0xff, 0xff, 0xc7, 0x0,
    0x90, 0xff, 0xff, 0x24, 0x0, 0x0, 0x0, 0x0,
    0x0, 0xb5, 0xff, 0xff, 0x36, 0x90, 0xff, 0xff,
    0x24, 0x0, 0x0, 0x0, 0x0, 0x0, 0x47, 0xff,
    0xff, 0x7b, 0x90, 0xff, 0xff, 0x24, 0x0, 0x0,
    0x0, 0x0, 0x0, 0x19, 0xff, 0xff, 0x98, 0x90,
    0xff, 0xff, 0x24, 0x0, 0x0, 0x0, 0x0, 0x0,
    0x1a, 0xff, 0xff, 0x98, 0x90, 0xff, 0xff, 0x24,
    0x0, 0x0, 0x0, 0x0, 0x0, 0x46, 0xff, 0xff,
    0x7c, 0x90, 0xff, 0xff, 0x24, 0x0, 0x0, 0x0,
    0x0, 0x0, 0xb4, 0xff, 0xff, 0x39, 0x90, 0xff,
    0xff, 0x24, 0x0, 0x0, 0x0, 0xb, 0x95, 0xff,
    0xff, 0xca, 0x0, 0x90, 0xff, 0xff, 0x98, 0x88,
    0x8e, 0xab, 0xee, 0xff, 0xff, 0xf3, 0x2e, 0x0,
    0x90, 0xff, 0xff, 0xff, 0xff, 0xff, 0xff, 0xff,
    0xff, 0xe0, 0x35, 0x0, 0x0, 0x90, 0xff, 0xff,
    0xff, 0xff, 0xfa, 0xe7, 0xb8, 0x69, 0x8, 0x0,
    0x0, 0x0,

    /* U+010F "ď" */
    0x0, 0x0, 0x0, 0x0, 0x0, 0x0, 0x0, 0x0,
    0xbc, 0xff, 0xe0, 0x4, 0xff, 0xff, 0xa1, 0x0,
    0x0, 0x0, 0x0, 0x0, 0x0, 0x0, 0x0, 0xbc,
    0xff, 0xe0, 0x4, 0xff, 0xff, 0x6d, 0x0, 0x0,
    0x0, 0x0, 0x0, 0x0, 0x0, 0x0, 0xbc, 0xff,
    0xe0, 0x4, 0xff, 0xff, 0x39, 0x0, 0x0, 0x0,
    0x0, 0x0, 0x0, 0x0, 0x0, 0xbc, 0xff, 0xe0,
    0x4, 0xff, 0xfb, 0x9, 0x0, 0x0, 0x1b, 0x9b,
    0xe8, 0xf7, 0xca, 0x47, 0xb2, 0xff, 0xe0, 0x1,
    0x5c, 0x50, 0x0, 0x0, 0x27, 0xe8, 0xff, 0xff,
    0xff, 0xff, 0xfb, 0xd5, 0xff, 0xe0, 0x0, 0x0,
    0x0, 0x0, 0x0, 0xcb, 0xff, 0xff, 0xc9, 0x76,
    0x88, 0xee, 0xff, 0xff, 0xe0, 0x0, 0x0, 0x0,
    0x0, 0x36, 0xff, 0xff, 0xb4, 0x2, 0x0, 0x0,
    0x24, 0xf3, 0xff, 0xe0, 0x0, 0x0, 0x0, 0x0,
    0x65, 0xff, 0xff, 0x49, 0x0, 0x0, 0x0, 0x0,
    0xae, 0xff, 0xe0, 0x0, 0x0, 0x0, 0x0, 0x65,
    0xff, 0xff, 0x49, 0x0, 0x0, 0x0, 0x0, 0xae,
    0xff, 0xe0, 0x0, 0x0, 0x0, 0x0, 0x36, 0xff,
    0xff, 0xb2, 0x1, 0x0, 0x0, 0x21, 0xf2, 0xff,
    0xe0, 0x0, 0x0, 0x0, 0x0, 0x1, 0xcd, 0xff,
    0xff, 0xc6, 0x74, 0x86, 0xec, 0xff, 0xff, 0xe0,
    0x0, 0x0, 0x0, 0x0, 0x0, 0x29, 0xea, 0xff,
    0xff, 0xff, 0xff, 0xff, 0xe5, 0xff, 0xe0, 0x0,
    0x0, 0x0, 0x0, 0x0, 0x0, 0x1b, 0x9b, 0xe9,
    0xf8, 0xd2, 0x5d, 0x94, 0xff, 0xe0, 0x0, 0x0,
    0x0, 0x0,

    /* U+0110 "Đ" */
    0x0, 0x0, 0xb4, 0xff, 0xff, 0xff, 0xff, 0xf8,
    0xe2, 0xab, 0x56, 0x2, 0x0, 0x0, 0x0, 0x0,
    0x0, 0xb4, 0xff, 0xff, 0xff, 0xff, 0xff, 0xff,
    0xff, 0xff, 0xce, 0x22, 0x0, 0x0, 0x0, 0x0,
    0xb4, 0xff, 0xff, 0x88, 0x88, 0x90, 0xb2, 0xf4,
    0xff, 0xff, 0xe2, 0x18, 0x0, 0x0, 0x0, 0xb4,
    0xff, 0xff, 0x0, 0x0, 0x0, 0x0, 0x12, 0xb0,
    0xff, 0xff, 0xa4, 0x0, 0x0, 0x0, 0xb4, 0xff,
    0xff, 0x0, 0x0, 0x0, 0x0, 0x0, 0x6, 0xd3,
    0xff, 0xfd, 0x15, 0x6, 0x2c, 0xc1, 0xff, 0xff,
    0x2c, 0x2c, 0x2c, 0x1e, 0x0, 0x0, 0x6b, 0xff,
    0xff, 0x57, 0x28, 0xff, 0xff, 0xff, 0xff, 0xff,
    0xff, 0xff, 0xb0, 0x0, 0x0, 0x3d, 0xff, 0xff,
    0x74, 0x28, 0xff, 0xff, 0xff, 0xff, 0xff, 0xff,
    0xff, 0xb0, 0x0, 0x0, 0x3e, 0xff, 0xff, 0x74,
    0x0, 0x0, 0xb4, 0xff, 0xff, 0x0, 0x0, 0x0,
    0x0, 0x0, 0x0, 0x6a, 0xff, 0xff, 0x58, 0x0,
    0x0, 0xb4, 0xff, 0xff, 0x0, 0x0, 0x0, 0x0,
    0x0, 0x6, 0xd2, 0xff, 0xfd, 0x17, 0x0, 0x0,
    0xb4, 0xff, 0xff, 0x0, 0x0, 0x0, 0x0, 0x13,
    0xb0, 0xff, 0xff, 0xa7, 0x0, 0x0, 0x0, 0xb4,
    0xff, 0xff, 0x88, 0x88, 0x90, 0xb2, 0xf4, 0xff,
    0xff, 0xe5, 0x1a, 0x0, 0x0, 0x0, 0xb4, 0xff,
    0xff, 0xff, 0xff, 0xff, 0xff, 0xff, 0xff, 0xd1,
    0x25, 0x0, 0x0, 0x0, 0x0, 0xb4, 0xff, 0xff,
    0xff, 0xff, 0xf8, 0xe3, 0xaf, 0x59, 0x3, 0x0,
    0x0, 0x0,

    /* U+0111 "đ" */
    0x0, 0x0, 0x0, 0x0, 0x0, 0x0, 0x0, 0x0,
    0xbc, 0xff, 0xe0, 0x0, 0x0, 0x0, 0x0, 0x0,
    0x0, 0x0, 0x68, 0xff, 0xff, 0xff, 0xff, 0xff,
    0xff, 0x10, 0x0, 0x0, 0x0, 0x0, 0x0, 0x51,
    0xc8, 0xc8, 0xf1, 0xff, 0xf9, 0xc8, 0xc, 0x0,
    0x0, 0x0, 0x0, 0x0, 0x0, 0x0, 0x0, 0xbc,
    0xff, 0xe0, 0x0, 0x0, 0x0, 0x0, 0x1b, 0x9b,
    0xe8, 0xf7, 0xcb, 0x4c, 0xaf, 0xff, 0xe0, 0x0,
    0x0, 0x0, 0x27, 0xe8, 0xff, 0xff, 0xff, 0xff,
    0xfd, 0xda, 0xff, 0xe0, 0x0, 0x0, 0x0, 0xcb,
    0xff, 0xff, 0xc9, 0x76, 0x88, 0xee, 0xff, 0xff,
    0xe0, 0x0, 0x0, 0x36, 0xff, 0xff, 0xb4, 0x2,
    0x0, 0x0, 0x24, 0xf3, 0xff, 0xe0, 0x0, 0x0,
    0x65, 0xff, 0xff, 0x49, 0x0, 0x0, 0x0, 0x0,
    0xae, 0xff, 0xe0, 0x0, 0x0, 0x65, 0xff, 0xff,
    0x49, 0x0, 0x0, 0x0, 0x0, 0xae, 0xff, 0xe0,
    0x0, 0x0, 0x36, 0xff, 0xff, 0xb2, 0x1, 0x0,
    0x0, 0x21, 0xf2, 0xff, 0xe0, 0x0, 0x0, 0x1,
    0xcd, 0xff, 0xff, 0xc6, 0x74, 0x86, 0xec, 0xff,
    0xff, 0xe0, 0x0, 0x0, 0x0, 0x29, 0xea, 0xff,
    0xff, 0xff, 0xff, 0xff, 0xe5, 0xff, 0xe0, 0x0,
    0x0, 0x0, 0x0, 0x1b, 0x9b, 0xe9, 0xf8, 0xd2,
    0x5d, 0x94, 0xff, 0xe0, 0x0, 0x0,

    /* U+0112 "Ē" */
    0x0, 0x17, 0xf8, 0xf8, 0xf8, 0xf8, 0xf8, 0xc9,
    0x0, 0x0, 0x0, 0x18, 0xff, 0xff, 0xff, 0xff,
    0xff, 0xd0, 0x0, 0x0, 0x0, 0x0, 0x0, 0x0,
    0x0, 0x0, 0x0, 0x0, 0x0, 0x0, 0x0, 0x0,
    0x0, 0x0, 0x0, 0x0, 0x0, 0x0, 0x0, 0x0,
    0x90, 0xff, 0xff, 0xff, 0xff, 0xff, 0xff, 0xff,
    0xff, 0x84, 0x90, 0xff, 0xff, 0xff, 0xff, 0xff,
    0xff, 0xff, 0xff, 0x84, 0x90, 0xff, 0xff, 0x98,
    0x88, 0x88, 0x88, 0x88, 0x88, 0x46, 0x90, 0xff,
    0xff, 0x24, 0x0, 0x0, 0x0, 0x0, 0x0, 0x0,
    0x90, 0xff, 0xff, 0x24, 0x0, 0x0, 0x0, 0x0,
    0x0, 0x0, 0x90, 0xff, 0xff, 0x95, 0x84, 0x84,
    0x84, 0x84, 0x73, 0x0, 0x90, 0xff, 0xff, 0xff,
    0xff, 0xff, 0xff, 0xff, 0xe0, 0x0, 0x90, 0xff,
    0xff, 0xff, 0xff, 0xff, 0xff, 0xff, 0xe0, 0x0,
    0x90, 0xff, 0xff, 0x24, 0x0, 0x0, 0x0, 0x0,
    0x0, 0x0, 0x90, 0xff, 0xff, 0x24, 0x0, 0x0,
    0x0, 0x0, 0x0, 0x0, 0x90, 0xff, 0xff, 0x24,
    0x0, 0x0, 0x0, 0x0, 0x0, 0x0, 0x90, 0xff,
    0xff, 0x98, 0x88, 0x88, 0x88, 0x88, 0x88, 0x46,
    0x90, 0xff, 0xff, 0xff, 0xff, 0xff, 0xff, 0xff,
    0xff, 0x84, 0x90, 0xff, 0xff, 0xff, 0xff, 0xff,
    0xff, 0xff, 0xff, 0x84,

    /* U+0113 "ē" */
    0x0, 0x0, 0x50, 0xff, 0xff, 0xff, 0xff, 0xff,
    0x98, 0x0, 0x0, 0x0, 0x0, 0x4d, 0xf8, 0xf8,
    0xf8, 0xf8, 0xf8, 0x93, 0x0, 0x0, 0x0, 0x0,
    0x0, 0x0, 0x0, 0x0, 0x0, 0x0, 0x0, 0x0,
    0x0, 0x0, 0x0, 0x0, 0x0, 0x0, 0x0, 0x0,
    0x0, 0x0, 0x0, 0x0, 0x0, 0x0, 0xf, 0x84,
    0xd9, 0xf9, 0xea, 0xaa, 0x30, 0x0, 0x0, 0x0,
    0x1b, 0xdb, 0xff, 0xff, 0xff, 0xff, 0xff, 0xf8,
    0x49, 0x0, 0x0, 0xbf, 0xff, 0xfb, 0x75, 0x2b,
    0x4d, 0xd7, 0xff, 0xe9, 0x9, 0x30, 0xff, 0xff,
    0x84, 0x0, 0x0, 0x0, 0x29, 0xff, 0xff, 0x53,
    0x63, 0xff, 0xff, 0xff, 0xff, 0xff, 0xff, 0xff,
    0xff, 0xff, 0x82, 0x65, 0xff, 0xff, 0xdb, 0xd4,
    0xd4, 0xd4, 0xd4, 0xd4, 0xd4, 0x74, 0x33, 0xff,
    0xff, 0x6f, 0x0, 0x0, 0x0, 0x9, 0x4e, 0x3,
    0x0, 0x0, 0xc4, 0xff, 0xfb, 0x8f, 0x52, 0x5e,
    0xca, 0xff, 0xde, 0x23, 0x0, 0x1f, 0xdf, 0xff,
    0xff, 0xff, 0xff, 0xff, 0xff, 0x93, 0x0, 0x0,
    0x0, 0x10, 0x85, 0xd8, 0xf9, 0xec, 0xbd, 0x51,
    0x0, 0x0,

    /* U+0114 "Ĕ" */
    0x0, 0x0, 0xa2, 0xff, 0x45, 0x45, 0xff, 0xa0,
    0x0, 0x0, 0x0, 0x0, 0x4f, 0xff, 0xec, 0xeb,
    0xff, 0x50, 0x0, 0x0, 0x0, 0x0, 0x0, 0x70,
    0xe4, 0xe5, 0x74, 0x0, 0x0, 0x0, 0x0, 0x0,
    0x0, 0x0, 0x0, 0x0, 0x0, 0x0, 0x0, 0x0,
    0x90, 0xff, 0xff, 0xff, 0xff, 0xff, 0xff, 0xff,
    0xff, 0x84, 0x90, 0xff, 0xff, 0xff, 0xff, 0xff,
    0xff, 0xff, 0xff, 0x84, 0x90, 0xff, 0xff, 0x98,
    0x88, 0x88, 0x88, 0x88, 0x88, 0x46, 0x90, 0xff,
    0xff, 0x24, 0x0, 0x0, 0x0, 0x0, 0x0, 0x0,
    0x90, 0xff, 0xff, 0x24, 0x0, 0x0, 0x0, 0x0,
    0x0, 0x0, 0x90, 0xff, 0xff, 0x95, 0x84, 0x84,
    0x84, 0x84, 0x73, 0x0, 0x90, 0xff, 0xff, 0xff,
    0xff, 0xff, 0xff, 0xff, 0xe0, 0x0, 0x90, 0xff,
    0xff, 0xff, 0xff, 0xff, 0xff, 0xff, 0xe0, 0x0,
    0x90, 0xff, 0xff, 0x24, 0x0, 0x0, 0x0, 0x0,
    0x0, 0x0, 0x90, 0xff, 0xff, 0x24, 0x0, 0x0,
    0x0, 0x0, 0x0, 0x0, 0x90, 0xff, 0xff, 0x24,
    0x0, 0x0, 0x0, 0x0, 0x0, 0x0, 0x90, 0xff,
    0xff, 0x98, 0x88, 0x88, 0x88, 0x88, 0x88, 0x46,
    0x90, 0xff, 0xff, 0xff, 0xff, 0xff, 0xff, 0xff,
    0xff, 0x84, 0x90, 0xff, 0xff, 0xff, 0xff, 0xff,
    0xff, 0xff, 0xff, 0x84,

    /* U+0115 "ĕ" */
    0x0, 0x0, 0x4, 0xee, 0xfa, 0xce, 0xef, 0xff,
    0x32, 0x0, 0x0, 0x0, 0x0, 0x0, 0x3b, 0xc9,
    0xf6, 0xdd, 0x64, 0x0, 0x0, 0x0, 0x0, 0x0,
    0x0, 0x0, 0x0, 0x0, 0x0, 0x0, 0x0, 0x0,
    0x0, 0x0, 0x0, 0x0, 0x0, 0x0, 0x0, 0x0,
    0x0, 0x0, 0x0, 0x0, 0x0, 0x0, 0xf, 0x84,
    0xd9, 0xf9, 0xea, 0xaa, 0x30, 0x0, 0x0, 0x0,
    0x1b, 0xdb, 0xff, 0xff, 0xff, 0xff, 0xff, 0xf8,
    0x49, 0x0, 0x0, 0xbf, 0xff, 0xfb, 0x75, 0x2b,
    0x4d, 0xd7, 0xff, 0xe9, 0x9, 0x30, 0xff, 0xff,
    0x84, 0x0, 0x0, 0x0, 0x29, 0xff, 0xff, 0x53,
    0x63, 0xff, 0xff, 0xff, 0xff, 0xff, 0xff, 0xff,
    0xff, 0xff, 0x82, 0x65, 0xff, 0xff, 0xdb, 0xd4,
    0xd4, 0xd4, 0xd4, 0xd4, 0xd4, 0x74, 0x33, 0xff,
    0xff, 0x6f, 0x0, 0x0, 0x0, 0x9, 0x4e, 0x3,
    0x0, 0x0, 0xc4, 0xff, 0xfb, 0x8f, 0x52, 0x5e,
    0xca, 0xff, 0xde, 0x23, 0x0, 0x1f, 0xdf, 0xff,
    0xff, 0xff, 0xff, 0xff, 0xff, 0x93, 0x0, 0x0,
    0x0, 0x10, 0x85, 0xd8, 0xf9, 0xec, 0xbd, 0x51,
    0x0, 0x0,

    /* U+0116 "Ė" */
    0x0, 0x0, 0x0, 0x1a, 0xd7, 0xda, 0x1d, 0x0,
    0x0, 0x0, 0x0, 0x0, 0x0, 0x5a, 0xff, 0xff,
    0x5e, 0x0, 0x0, 0x0, 0x0, 0x0, 0x0, 0xd,
    0xa9, 0xac, 0xe, 0x0, 0x0, 0x0, 0x0, 0x0,
    0x0, 0x0, 0x0, 0x0, 0x0, 0x0, 0x0, 0x0,
    0x90, 0xff, 0xff, 0xff, 0xff, 0xff, 0xff, 0xff,
    0xff, 0x84, 0x90, 0xff, 0xff, 0xff, 0xff, 0xff,
    0xff, 0xff, 0xff, 0x84, 0x90, 0xff, 0xff, 0x98,
    0x88, 0x88, 0x88, 0x88, 0x88, 0x46, 0x90, 0xff,
    0xff, 0x24, 0x0, 0x0, 0x0, 0x0, 0x0, 0x0,
    0x90, 0xff, 0xff, 0x24, 0x0, 0x0, 0x0, 0x0,
    0x0, 0x0, 0x90, 0xff, 0xff, 0x95, 0x84, 0x84,
    0x84, 0x84, 0x73, 0x0, 0x90, 0xff, 0xff, 0xff,
    0xff, 0xff, 0xff, 0xff, 0xe0, 0x0, 0x90, 0xff,
    0xff, 0xff, 0xff, 0xff, 0xff, 0xff, 0xe0, 0x0,
    0x90, 0xff, 0xff, 0x24, 0x0, 0x0, 0x0, 0x0,
    0x0, 0x0, 0x90, 0xff, 0xff, 0x24, 0x0, 0x0,
    0x0, 0x0, 0x0, 0x0, 0x90, 0xff, 0xff, 0x24,
    0x0, 0x0, 0x0, 0x0, 0x0, 0x0, 0x90, 0xff,
    0xff, 0x98, 0x88, 0x88, 0x88, 0x88, 0x88, 0x46,
    0x90, 0xff, 0xff, 0xff, 0xff, 0xff, 0xff, 0xff,
    0xff, 0x84, 0x90, 0xff, 0xff, 0xff, 0xff, 0xff,
    0xff, 0xff, 0xff, 0x84,

    /* U+0117 "ė" */
    0x0, 0x0, 0x0, 0x0, 0x6a, 0xf2, 0xa7, 0x0,
    0x0, 0x0, 0x0, 0x0, 0x0, 0x0, 0x0, 0xd4,
    0xff, 0xff, 0x17, 0x0, 0x0, 0x0, 0x0, 0x0,
    0x0, 0x0, 0x6a, 0xf3, 0xa7, 0x0, 0x0, 0x0,
    0x0, 0x0, 0x0, 0x0, 0x0, 0x0, 0x0, 0x0,
    0x0, 0x0, 0x0, 0x0, 0x0, 0x0, 0xf, 0x84,
    0xd9, 0xf9, 0xea, 0xaa, 0x30, 0x0, 0x0, 0x0,
    0x1b, 0xdb, 0xff, 0xff, 0xff, 0xff, 0xff, 0xf8,
    0x49, 0x0, 0x0, 0xbf, 0xff, 0xfb, 0x75, 0x2b,
    0x4d, 0xd7, 0xff, 0xe9, 0x9, 0x30, 0xff, 0xff,
    0x84, 0x0, 0x0, 0x0, 0x29, 0xff, 0xff, 0x53,
    0x63, 0xff, 0xff, 0xff, 0xff, 0xff, 0xff, 0xff,
    0xff, 0xff, 0x82, 0x65, 0xff, 0xff, 0xdb, 0xd4,
    0xd4, 0xd4, 0xd4, 0xd4, 0xd4, 0x74, 0x33, 0xff,
    0xff, 0x6f, 0x0, 0x0, 0x0, 0x9, 0x4e, 0x3,
    0x0, 0x0, 0xc4, 0xff, 0xfb, 0x8f, 0x52, 0x5e,
    0xca, 0xff, 0xde, 0x23, 0x0, 0x1f, 0xdf, 0xff,
    0xff, 0xff, 0xff, 0xff, 0xff, 0x93, 0x0, 0x0,
    0x0, 0x10, 0x85, 0xd8, 0xf9, 0xec, 0xbd, 0x51,
    0x0, 0x0,

    /* U+0118 "Ę" */
    0x90, 0xff, 0xff, 0xff, 0xff, 0xff, 0xff, 0xff,
    0xff, 0x84, 0x0, 0x90, 0xff, 0xff, 0xff, 0xff,
    0xff, 0xff, 0xff, 0xff, 0x84, 0x0, 0x90, 0xff,
    0xff, 0x98, 0x88, 0x88, 0x88, 0x88, 0x88, 0x46,
    0x0, 0x90, 0xff, 0xff, 0x24, 0x0, 0x0, 0x0,
    0x0, 0x0, 0x0, 0x0, 0x90, 0xff, 0xff, 0x24,
    0x0, 0x0, 0x0, 0x0, 0x0, 0x0, 0x0, 0x90,
    0xff, 0xff, 0x95, 0x84, 0x84, 0x84, 0x84, 0x73,
    0x0, 0x0, 0x90, 0xff, 0xff, 0xff, 0xff, 0xff,
    0xff, 0xff, 0xe0, 0x0, 0x0, 0x90, 0xff, 0xff,
    0xff, 0xff, 0xff, 0xff, 0xff, 0xe0, 0x0, 0x0,
    0x90, 0xff, 0xff, 0x24, 0x0, 0x0, 0x0, 0x0,
    0x0, 0x0, 0x0, 0x90, 0xff, 0xff, 0x24, 0x0,
    0x0, 0x0, 0x0, 0x0, 0x0, 0x0, 0x90, 0xff,
    0xff, 0x24, 0x0, 0x0, 0x0, 0x0, 0x0, 0x0,
    0x0, 0x90, 0xff, 0xff, 0x98, 0x88, 0x88, 0x88,
    0x88, 0x88, 0x46, 0x0, 0x90, 0xff, 0xff, 0xff,
    0xff, 0xff, 0xff, 0xff, 0xff, 0x84, 0x0, 0x90,
    0xff, 0xff, 0xff, 0xff, 0xff, 0xff, 0xff, 0xff,
    0x84, 0x0, 0x0, 0x0, 0x0, 0x0, 0x0, 0x0,
    0x62, 0xfc, 0xba, 0x17, 0x0, 0x0, 0x0, 0x0,
    0x0, 0x0, 0x4, 0xf4, 0xff, 0x3c, 0x0, 0x0,
    0x0, 0x0, 0x0, 0x0, 0x0, 0x2, 0xf0, 0xff,
    0xf7, 0x92, 0x0, 0x0, 0x0, 0x0, 0x0, 0x0,
    0x0, 0x49, 0xd5, 0xf8, 0xcf, 0x2,

    /* U+0119 "ę" */
    0x0, 0x0, 0xf, 0x84, 0xd9, 0xf9, 0xee, 0xb8,
    0x4a, 0x0, 0x0, 0x0, 0x1b, 0xdb, 0xff, 0xff,
    0xff, 0xff, 0xff, 0xff, 0x7b, 0x0, 0x0, 0xbf,
    0xff, 0xd5, 0x50, 0x26, 0x3a, 0x9d, 0xff, 0xfd,
    0x27, 0x30, 0xff, 0xff, 0xe3, 0xd4, 0xd4, 0xd4,
    0xd5, 0xff, 0xff, 0x75, 0x63, 0xff, 0xff, 0xff,
    0xff, 0xff, 0xff, 0xff, 0xff, 0xff, 0x8c, 0x65,
    0xff, 0xff, 0x45, 0x0, 0x0, 0x0, 0x0, 0x0,
    0x0, 0x0, 0x35, 0xff, 0xff, 0xae, 0x0, 0x0,
    0x0, 0x30, 0xcc, 0x57, 0x2, 0x0, 0xc9, 0xff,
    0xff, 0xae, 0x56, 0x69, 0xe4, 0xff, 0xf5, 0x25,
    0x0, 0x22, 0xe0, 0xff, 0xff, 0xff, 0xff, 0xff,
    0xf6, 0x4a, 0x0, 0x0, 0x0, 0x11, 0x87, 0xda,
    0xfa, 0xff, 0xea, 0x36, 0x0, 0x0, 0x0, 0x0,
    0x0, 0x0, 0x6, 0xbd, 0xfb, 0x32, 0x0, 0x0,
    0x0, 0x0, 0x0, 0x0, 0x0, 0x58, 0xff, 0xe4,
    0x2, 0x0, 0x0, 0x0, 0x0, 0x0, 0x0, 0x0,
    0x4d, 0xff, 0xff, 0xf1, 0x3f, 0x0, 0x0, 0x0,
    0x0, 0x0, 0x0, 0x0, 0x85, 0xe9, 0xf7, 0x7b,
    0x0, 0x0,

    /* U+011A "Ě" */
    0x0, 0x14, 0x3c, 0x3c, 0x8, 0xa, 0x3c, 0x3c,
    0x17, 0x0, 0x0, 0x7, 0xc1, 0xff, 0x9b, 0xa5,
    0xff, 0xcc, 0xe, 0x0, 0x0, 0x0, 0x10, 0xd4,
    0xff, 0xff, 0xd4, 0x13, 0x0, 0x0, 0x0, 0x0,
    0x0, 0x19, 0x54, 0x54, 0x17, 0x0, 0x0, 0x0,
    0x90, 0xff, 0xff, 0xff, 0xff, 0xff, 0xff, 0xff,
    0xff, 0x84, 0x90, 0xff, 0xff, 0xff, 0xff, 0xff,
    0xff, 0xff, 0xff, 0x84, 0x90, 0xff, 0xff, 0x98,
    0x88, 0x88, 0x88, 0x88, 0x88, 0x46, 0x90, 0xff,
    0xff, 0x24, 0x0, 0x0, 0x0, 0x0, 0x0, 0x0,
    0x90, 0xff, 0xff, 0x24, 0x0, 0x0, 0x0, 0x0,
    0x0, 0x0, 0x90, 0xff, 0xff, 0x95, 0x84, 0x84,
    0x84, 0x84, 0x73, 0x0, 0x90, 0xff, 0xff, 0xff,
    0xff, 0xff, 0xff, 0xff, 0xe0, 0x0, 0x90, 0xff,
    0xff, 0xff, 0xff, 0xff, 0xff, 0xff, 0xe0, 0x0,
    0x90, 0xff, 0xff, 0x24, 0x0, 0x0, 0x0, 0x0,
    0x0, 0x0, 0x90, 0xff, 0xff, 0x24, 0x0, 0x0,
    0x0, 0x0, 0x0, 0x0, 0x90, 0xff, 0xff, 0x24,
    0x0, 0x0, 0x0, 0x0, 0x0, 0x0, 0x90, 0xff,
    0xff, 0x98, 0x88, 0x88, 0x88, 0x88, 0x88, 0x46,
    0x90, 0xff, 0xff, 0xff, 0xff, 0xff, 0xff, 0xff,
    0xff, 0x84, 0x90, 0xff, 0xff, 0xff, 0xff, 0xff,
    0xff, 0xff, 0xff, 0x84,

    /* U+011B "ě" */
    0x0, 0x0, 0x61, 0xfe, 0xed, 0x4b, 0xdf, 0xff,
    0x99, 0x0, 0x0, 0x0, 0x0, 0x0, 0x65, 0xfe,
    0xff, 0xff, 0x90, 0x0, 0x0, 0x0, 0x0, 0x0,
    0x0, 0x0, 0x3e, 0x54, 0x49, 0x0, 0x0, 0x0,
    0x0, 0x0, 0x0, 0x0, 0x0, 0x0, 0x0, 0x0,
    0x0, 0x0, 0x0, 0x0, 0x0, 0x0, 0xf, 0x84,
    0xd9, 0xf9, 0xea, 0xaa, 0x30, 0x0, 0x0, 0x0,
    0x1b, 0xdb, 0xff, 0xff, 0xff, 0xff, 0xff, 0xf8,
    0x49, 0x0, 0x0, 0xbf, 0xff, 0xfb, 0x75, 0x2b,
    0x4d, 0xd7, 0xff, 0xe9, 0x9, 0x30, 0xff, 0xff,
    0x84, 0x0, 0x0, 0x0, 0x29, 0xff, 0xff, 0x53,
    0x63, 0xff, 0xff, 0xff, 0xff, 0xff, 0xff, 0xff,
    0xff, 0xff, 0x82, 0x65, 0xff, 0xff, 0xdb, 0xd4,
    0xd4, 0xd4, 0xd4, 0xd4, 0xd4, 0x74, 0x33, 0xff,
    0xff, 0x6f, 0x0, 0x0, 0x0, 0x9, 0x4e, 0x3,
    0x0, 0x0, 0xc4, 0xff, 0xfb, 0x8f, 0x52, 0x5e,
    0xca, 0xff, 0xde, 0x23, 0x0, 0x1f, 0xdf, 0xff,
    0xff, 0xff, 0xff, 0xff, 0xff, 0x93, 0x0, 0x0,
    0x0, 0x10, 0x85, 0xd8, 0xf9, 0xec, 0xbd, 0x51,
    0x0, 0x0,

    /* U+011C "Ĝ" */
    0x0, 0x0, 0x0, 0x0, 0x0, 0x0, 0x0, 0x21,
    0x24, 0x11, 0x0, 0x0, 0x0, 0x0, 0x0, 0x0,
    0x0, 0x0, 0x0, 0x0, 0x0, 0x0, 0x78, 0xff,
    0xff, 0xe2, 0x1b, 0x0, 0x0, 0x0, 0x0, 0x0,
    0x0, 0x0, 0x0, 0x0, 0x0, 0x6c, 0xff, 0xeb,
    0x93, 0xff, 0xd3, 0x10, 0x0, 0x0, 0x0, 0x0,
    0x0, 0x0, 0x0, 0x0, 0x8, 0x66, 0x68, 0x34,
    0x1, 0x60, 0x68, 0x36, 0x0, 0x0, 0x0, 0x0,
    0x0, 0x0, 0x0, 0x0, 0x0, 0x0, 0x0, 0x0,
    0x0, 0x0, 0x0, 0x0, 0x0, 0x0, 0x0, 0x0,
    0x0, 0x0, 0x0, 0x0, 0x19, 0x82, 0xc9, 0xee,
    0xf8, 0xe3, 0xae, 0x55, 0x1, 0x0, 0x0, 0x0,
    0x0, 0x0, 0x0, 0x6d, 0xf7, 0xff, 0xff, 0xff,
    0xff, 0xff, 0xff, 0xff, 0xc9, 0x1c, 0x0, 0x0,
    0x0, 0x0, 0x82, 0xff, 0xff, 0xff, 0xd6, 0x97,
    0x8a, 0xa3, 0xe7, 0xff, 0xfc, 0x62, 0x0, 0x0,
    0x0, 0x41, 0xff, 0xff, 0xef, 0x51, 0x0, 0x0,
    0x0, 0x0, 0x6, 0x78, 0x48, 0x0, 0x0, 0x0,
    0x0, 0xc4, 0xff, 0xfe, 0x40, 0x0, 0x0, 0x0,
    0x0, 0x0, 0x0, 0x0, 0x0, 0x0, 0x0, 0x0,
    0x15, 0xfe, 0xff, 0xb7, 0x0, 0x0, 0x0, 0x0,
    0x0, 0x0, 0x0, 0x0, 0x0, 0x0, 0x0, 0x0,
    0x37, 0xff, 0xff, 0x7c, 0x0, 0x0, 0x0, 0x0,
    0xc4, 0xff, 0xff, 0xff, 0xff, 0xff, 0xff, 0x56,
    0x37, 0xff, 0xff, 0x7c, 0x0, 0x0, 0x0, 0x0,
    0xc4, 0xff, 0xff, 0xff, 0xff, 0xff, 0xff, 0x61,
    0x15, 0xfe, 0xff, 0xb7, 0x0, 0x0, 0x0, 0x0,
    0x37, 0x48, 0x48, 0x48, 0x92, 0xff, 0xff, 0x49,
    0x0, 0xc4, 0xff, 0xfe, 0x40, 0x0, 0x0, 0x0,
    0x0, 0x0, 0x0, 0x3, 0xc6, 0xff, 0xfb, 0x10,
    0x0, 0x42, 0xff, 0xff, 0xf0, 0x64, 0x2, 0x0,
    0x0, 0x0, 0x12, 0xa4, 0xff, 0xff, 0xa2, 0x0,
    0x0, 0x0, 0x82, 0xff, 0xff, 0xff, 0xd9, 0x9b,
    0x8d, 0xa8, 0xee, 0xff, 0xff, 0xe3, 0x16, 0x0,
    0x0, 0x0, 0x0, 0x6d, 0xf7, 0xff, 0xff, 0xff,
    0xff, 0xff, 0xff, 0xff, 0xcf, 0x20, 0x0, 0x0,
    0x0, 0x0, 0x0, 0x0, 0x18, 0x82, 0xca, 0xef,
    0xf9, 0xe6, 0xb3, 0x5d, 0x3, 0x0, 0x0, 0x0,

    /* U+011D "ĝ" */
    0x0, 0x0, 0x0, 0x10, 0xd0, 0xff, 0xfd, 0x53,
    0x0, 0x0, 0x0, 0x0, 0x0, 0xc, 0xc7, 0xff,
    0xb8, 0xf6, 0xf7, 0x3d, 0x0, 0x0, 0x0, 0x0,
    0x4f, 0x90, 0x8a, 0x9, 0x4f, 0x90, 0x7e, 0x3,
    0x0, 0x0, 0x0, 0x0, 0x0, 0x0, 0x0, 0x0,
    0x0, 0x0, 0x0, 0x0, 0x0, 0x0, 0x1d, 0x9f,
    0xeb, 0xf8, 0xce, 0x57, 0xb0, 0xff, 0xd0, 0x0,
    0x28, 0xea, 0xff, 0xff, 0xff, 0xff, 0xff, 0xf2,
    0xff, 0xd0, 0x0, 0xca, 0xff, 0xff, 0xb7, 0x63,
    0x80, 0xee, 0xff, 0xff, 0xd0, 0x35, 0xff, 0xff,
    0xad, 0x0, 0x0, 0x0, 0x2f, 0xfa, 0xff, 0xd0,
    0x64, 0xff, 0xff, 0x49, 0x0, 0x0, 0x0, 0x0,
    0xc9, 0xff, 0xd0, 0x65, 0xff, 0xff, 0x47, 0x0,
    0x0, 0x0, 0x0, 0xc8, 0xff, 0xd0, 0x37, 0xff,
    0xff, 0xa7, 0x0, 0x0, 0x0, 0x2c, 0xfa, 0xff,
    0xd0, 0x1, 0xcd, 0xff, 0xff, 0xb2, 0x62, 0x7c,
    0xec, 0xff, 0xff, 0xd0, 0x0, 0x2a, 0xec, 0xff,
    0xff, 0xff, 0xff, 0xfb, 0xe6, 0xff, 0xcf, 0x0,
    0x0, 0x20, 0xa3, 0xec, 0xf7, 0xc9, 0x47, 0xbd,
    0xff, 0xc1, 0x0, 0x9, 0x4d, 0x40, 0x0, 0x0,
    0x0, 0x19, 0xf2, 0xff, 0x91, 0xa, 0xe7, 0xff,
    0xf6, 0x84, 0x50, 0x6b, 0xdb, 0xff, 0xfd, 0x2d,
    0x0, 0x50, 0xf7, 0xff, 0xff, 0xff, 0xff, 0xff,
    0xff, 0x72, 0x0, 0x0, 0x0, 0x27, 0x9c, 0xd9,
    0xf7, 0xed, 0xb6, 0x44, 0x0, 0x0,

    /* U+011E "Ğ" */
    0x0, 0x0, 0x0, 0x0, 0x0, 0x68, 0xff, 0x8f,
    0x23, 0xfc, 0xd6, 0x0, 0x0, 0x0, 0x0, 0x0,
    0x0, 0x0, 0x0, 0x0, 0x0, 0x18, 0xec, 0xff,
    0xff, 0xff, 0x75, 0x0, 0x0, 0x0, 0x0, 0x0,
    0x0, 0x0, 0x0, 0x0, 0x0, 0x0, 0x25, 0x9c,
    0xb4, 0x64, 0x1, 0x0, 0x0, 0x0, 0x0, 0x0,
    0x0, 0x0, 0x0, 0x0, 0x0, 0x0, 0x0, 0x0,
    0x0, 0x0, 0x0, 0x0, 0x0, 0x0, 0x0, 0x0,
    0x0, 0x0, 0x0, 0x0, 0x19, 0x82, 0xc9, 0xee,
    0xf8, 0xe3, 0xae, 0x55, 0x1, 0x0, 0x0, 0x0,
    0x0, 0x0, 0x0, 0x6d, 0xf7, 0xff, 0xff, 0xff,
    0xff, 0xff, 0xff, 0xff, 0xc9, 0x1c, 0x0, 0x0,
    0x0, 0x0, 0x82, 0xff, 0xff, 0xff, 0xd6, 0x97,
    0x8a, 0xa3, 0xe7, 0xff, 0xfc, 0x62, 0x0, 0x0,
    0x0, 0x41, 0xff, 0xff, 0xef, 0x51, 0x0, 0x0,
    0x0, 0x0, 0x6, 0x78, 0x48, 0x0, 0x0, 0x0,
    0x0, 0xc4, 0xff, 0xfe, 0x40, 0x0, 0x0, 0x0,
    0x0, 0x0, 0x0, 0x0, 0x0, 0x0, 0x0, 0x0,
    0x15, 0xfe, 0xff, 0xb7, 0x0, 0x0, 0x0, 0x0,
    0x0, 0x0, 0x0, 0x0, 0x0, 0x0, 0x0, 0x0,
    0x37, 0xff, 0xff, 0x7c, 0x0, 0x0, 0x0, 0x0,
    0xc4, 0xff, 0xff, 0xff, 0xff, 0xff, 0xff, 0x56,
    0x37, 0xff, 0xff, 0x7c, 0x0, 0x0, 0x0, 0x0,
    0xc4, 0xff, 0xff, 0xff, 0xff, 0xff, 0xff, 0x61,
    0x15, 0xfe, 0xff, 0xb7, 0x0, 0x0, 0x0, 0x0,
    0x37, 0x48, 0x48, 0x48, 0x92, 0xff, 0xff, 0x49,
    0x0, 0xc4, 0xff, 0xfe, 0x40, 0x0, 0x0, 0x0,
    0x0, 0x0, 0x0, 0x3, 0xc6, 0xff, 0xfb, 0x10,
    0x0, 0x42, 0xff, 0xff, 0xf0, 0x64, 0x2, 0x0,
    0x0, 0x0, 0x12, 0xa4, 0xff, 0xff, 0xa2, 0x0,
    0x0, 0x0, 0x82, 0xff, 0xff, 0xff, 0xd9, 0x9b,
    0x8d, 0xa8, 0xee, 0xff, 0xff, 0xe3, 0x16, 0x0,
    0x0, 0x0, 0x0, 0x6d, 0xf7, 0xff, 0xff, 0xff,
    0xff, 0xff, 0xff, 0xff, 0xcf, 0x20, 0x0, 0x0,
    0x0, 0x0, 0x0, 0x0, 0x18, 0x82, 0xca, 0xef,
    0xf9, 0xe6, 0xb3, 0x5d, 0x3, 0x0, 0x0, 0x0,

    /* U+011F "ğ" */
    0x0, 0x0, 0x0, 0x92, 0xff, 0xdc, 0xdc, 0xff,
    0x92, 0x0, 0x0, 0x0, 0x0, 0x0, 0xd, 0x9f,
    0xee, 0xef, 0xa2, 0xd, 0x0, 0x0, 0x0, 0x0,
    0x0, 0x0, 0x0, 0x0, 0x0, 0x0, 0x0, 0x0,
    0x0, 0x0, 0x0, 0x0, 0x0, 0x0, 0x0, 0x0,
    0x0, 0x0, 0x0, 0x0, 0x0, 0x0, 0x1d, 0x9f,
    0xeb, 0xf8, 0xce, 0x57, 0xb0, 0xff, 0xd0, 0x0,
    0x28, 0xea, 0xff, 0xff, 0xff, 0xff, 0xff, 0xf2,
    0xff, 0xd0, 0x0, 0xca, 0xff, 0xff, 0xb7, 0x63,
    0x80, 0xee, 0xff, 0xff, 0xd0, 0x35, 0xff, 0xff,
    0xad, 0x0, 0x0, 0x0, 0x2f, 0xfa, 0xff, 0xd0,
    0x64, 0xff, 0xff, 0x49, 0x0, 0x0, 0x0, 0x0,
    0xc9, 0xff, 0xd0, 0x65, 0xff, 0xff, 0x47, 0x0,
    0x0, 0x0, 0x0, 0xc8, 0xff, 0xd0, 0x37, 0xff,
    0xff, 0xa7, 0x0, 0x0, 0x0, 0x2c, 0xfa, 0xff,
    0xd0, 0x1, 0xcd, 0xff, 0xff, 0xb2, 0x62, 0x7c,
    0xec, 0xff, 0xff, 0xd0, 0x0, 0x2a, 0xec, 0xff,
    0xff, 0xff, 0xff, 0xfb, 0xe6, 0xff, 0xcf, 0x0,
    0x0, 0x20, 0xa3, 0xec, 0xf7, 0xc9, 0x47, 0xbd,
    0xff, 0xc1, 0x0, 0x9, 0x4d, 0x40, 0x0, 0x0,
    0x0, 0x19, 0xf2, 0xff, 0x91, 0xa, 0xe7, 0xff,
    0xf6, 0x84, 0x50, 0x6b, 0xdb, 0xff, 0xfd, 0x2d,
    0x0, 0x50, 0xf7, 0xff, 0xff, 0xff, 0xff, 0xff,
    0xff, 0x72, 0x0, 0x0, 0x0, 0x27, 0x9c, 0xd9,
    0xf7, 0xed, 0xb6, 0x44, 0x0, 0x0,

    /* U+0120 "Ġ" */
    0x0, 0x0, 0x0, 0x0, 0x0, 0x0, 0xc, 0xa7,
    0xaa, 0xd, 0x0, 0x0, 0x0, 0x0, 0x0, 0x0,
    0x0, 0x0, 0x0, 0x0, 0x0, 0x0, 0x5a, 0xff,
    0xff, 0x5e, 0x0, 0x0, 0x0, 0x0, 0x0, 0x0,
    0x0, 0x0, 0x0, 0x0, 0x0, 0x0, 0x1b, 0xd9,
    0xdc, 0x1d, 0x0, 0x0, 0x0, 0x0, 0x0, 0x0,
    0x0, 0x0, 0x0, 0x0, 0x0, 0x0, 0x0, 0x0,
    0x0, 0x0, 0x0, 0x0, 0x0, 0x0, 0x0, 0x0,
    0x0, 0x0, 0x0, 0x0, 0x0, 0x0, 0x0, 0x0,
    0x0, 0x0, 0x0, 0x0, 0x0, 0x0, 0x0, 0x0,
    0x0, 0x0, 0x0, 0x0, 0x19, 0x82, 0xc9, 0xee,
    0xf8, 0xe3, 0xae, 0x55, 0x1, 0x0, 0x0, 0x0,
    0x0, 0x0, 0x0, 0x6d, 0xf7, 0xff, 0xff, 0xff,
    0xff, 0xff, 0xff, 0xff, 0xc9, 0x1c, 0x0, 0x0,
    0x0, 0x0, 0x82, 0xff, 0xff, 0xff, 0xd6, 0x97,
    0x8a, 0xa3, 0xe7, 0xff, 0xfc, 0x62, 0x0, 0x0,
    0x0, 0x41, 0xff, 0xff, 0xef, 0x51, 0x0, 0x0,
    0x0, 0x0, 0x6, 0x78, 0x48, 0x0, 0x0, 0x0,
    0x0, 0xc4, 0xff, 0xfe, 0x40, 0x0, 0x0, 0x0,
    0x0, 0x0, 0x0, 0x0, 0x0, 0x0, 0x0, 0x0,
    0x15, 0xfe, 0xff, 0xb7, 0x0, 0x0, 0x0, 0x0,
    0x0, 0x0, 0x0, 0x0, 0x0, 0x0, 0x0, 0x0,
    0x37, 0xff, 0xff, 0x7c, 0x0, 0x0, 0x0, 0x0,
    0xc4, 0xff, 0xff, 0xff, 0xff, 0xff, 0xff, 0x56,
    0x37, 0xff, 0xff, 0x7c, 0x0, 0x0, 0x0, 0x0,
    0xc4, 0xff, 0xff, 0xff, 0xff, 0xff, 0xff, 0x61,
    0x15, 0xfe, 0xff, 0xb7, 0x0, 0x0, 0x0, 0x0,
    0x37, 0x48, 0x48, 0x48, 0x92, 0xff, 0xff, 0x49,
    0x0, 0xc4, 0xff, 0xfe, 0x40, 0x0, 0x0, 0x0,
    0x0, 0x0, 0x0, 0x3, 0xc6, 0xff, 0xfb, 0x10,
    0x0, 0x42, 0xff, 0xff, 0xf0, 0x64, 0x2, 0x0,
    0x0, 0x0, 0x12, 0xa4, 0xff, 0xff, 0xa2, 0x0,
    0x0, 0x0, 0x82, 0xff, 0xff, 0xff, 0xd9, 0x9b,
    0x8d, 0xa8, 0xee, 0xff, 0xff, 0xe3, 0x16, 0x0,
    0x0, 0x0, 0x0, 0x6d, 0xf7, 0xff, 0xff, 0xff,
    0xff, 0xff, 0xff, 0xff, 0xcf, 0x20, 0x0, 0x0,
    0x0, 0x0, 0x0, 0x0, 0x18, 0x82, 0xca, 0xef,
    0xf9, 0xe6, 0xb3, 0x5d, 0x3, 0x0, 0x0, 0x0,

    /* U+0121 "ġ" */
    0x0, 0x0, 0x0, 0x0, 0x38, 0xe6, 0xd2, 0x16,
    0x0, 0x0, 0x0, 0x0, 0x0, 0x0, 0x0, 0x94,
    0xff, 0xff, 0x5b, 0x0, 0x0, 0x0, 0x0, 0x0,
    0x0, 0x0, 0x38, 0xe6, 0xd3, 0x16, 0x0, 0x0,
    0x0, 0x0, 0x0, 0x0, 0x0, 0x0, 0x0, 0x0,
    0x0, 0x0, 0x0, 0x0, 0x0, 0x0, 0x1d, 0x9f,
    0xeb, 0xf8, 0xce, 0x57, 0xb0, 0xff, 0xd0, 0x0,
    0x28, 0xea, 0xff, 0xff, 0xff, 0xff, 0xff, 0xf2,
    0xff, 0xd0, 0x0, 0xca, 0xff, 0xff, 0xb7, 0x63,
    0x80, 0xee, 0xff, 0xff, 0xd0, 0x35, 0xff, 0xff,
    0xad, 0x0, 0x0, 0x0, 0x2f, 0xfa, 0xff, 0xd0,
    0x64, 0xff, 0xff, 0x49, 0x0, 0x0, 0x0, 0x0,
    0xc9, 0xff, 0xd0, 0x65, 0xff, 0xff, 0x47, 0x0,
    0x0, 0x0, 0x0, 0xc8, 0xff, 0xd0, 0x37, 0xff,
    0xff, 0xa7, 0x0, 0x0, 0x0, 0x2c, 0xfa, 0xff,
    0xd0, 0x1, 0xcd, 0xff, 0xff, 0xb2, 0x62, 0x7c,
    0xec, 0xff, 0xff, 0xd0, 0x0, 0x2a, 0xec, 0xff,
    0xff, 0xff, 0xff, 0xfb, 0xe6, 0xff, 0xcf, 0x0,
    0x0, 0x20, 0xa3, 0xec, 0xf7, 0xc9, 0x47, 0xbd,
    0xff, 0xc1, 0x0, 0x9, 0x4d, 0x40, 0x0, 0x0,
    0x0, 0x19, 0xf2, 0xff, 0x91, 0xa, 0xe7, 0xff,
    0xf6, 0x84, 0x50, 0x6b, 0xdb, 0xff, 0xfd, 0x2d,
    0x0, 0x50, 0xf7, 0xff, 0xff, 0xff, 0xff, 0xff,
    0xff, 0x72, 0x0, 0x0, 0x0, 0x27, 0x9c, 0xd9,
    0xf7, 0xed, 0xb6, 0x44, 0x0, 0x0,

    /* U+0122 "Ģ" */
    0x0, 0x0, 0x0, 0x0, 0x19, 0x82, 0xc9, 0xee,
    0xf8, 0xe3, 0xae, 0x55, 0x1, 0x0, 0x0, 0x0,
    0x0, 0x0, 0x0, 0x6d, 0xf7, 0xff, 0xff, 0xff,
    0xff, 0xff, 0xff, 0xff, 0xc9, 0x1c, 0x0, 0x0,
    0x0, 0x0, 0x82, 0xff, 0xff, 0xff, 0xd6, 0x97,
    0x8a, 0xa3, 0xe7, 0xff, 0xfc, 0x62, 0x0, 0x0,
    0x0, 0x41, 0xff, 0xff, 0xef, 0x51, 0x0, 0x0,
    0x0, 0x0, 0x6, 0x78, 0x48, 0x0, 0x0, 0x0,
    0x0, 0xc4, 0xff, 0xfe, 0x40, 0x0, 0x0, 0x0,
    0x0, 0x0, 0x0, 0x0, 0x0, 0x0, 0x0, 0x0,
    0x15, 0xfe, 0xff, 0xb7, 0x0, 0x0, 0x0, 0x0,
    0x0, 0x0, 0x0, 0x0, 0x0, 0x0, 0x0, 0x0,
    0x37, 0xff, 0xff, 0x7c, 0x0, 0x0, 0x0, 0x0,
    0xc4, 0xff, 0xff, 0xff, 0xff, 0xff, 0xff, 0x56,
    0x37, 0xff, 0xff, 0x7c, 0x0, 0x0, 0x0, 0x0,
    0xc4, 0xff, 0xff, 0xff, 0xff, 0xff, 0xff, 0x61,
    0x15, 0xfe, 0xff, 0xb7, 0x0, 0x0, 0x0, 0x0,
    0x37, 0x48, 0x48, 0x48, 0x92, 0xff, 0xff, 0x49,
    0x0, 0xc4, 0xff, 0xfe, 0x40, 0x0, 0x0, 0x0,
    0x0, 0x0, 0x0, 0x3, 0xc6, 0xff, 0xfb, 0x10,
    0x0, 0x42, 0xff, 0xff, 0xf0, 0x64, 0x2, 0x0,
    0x0, 0x0, 0x12, 0xa4, 0xff, 0xff, 0xa2, 0x0,
    0x0, 0x0, 0x82, 0xff, 0xff, 0xff, 0xd9, 0x9b,
    0x8d, 0xa8, 0xee, 0xff, 0xff, 0xe3, 0x16, 0x0,
    0x0, 0x0, 0x0, 0x6d, 0xf7, 0xff, 0xff, 0xff,
    0xff, 0xff, 0xff, 0xff, 0xcf, 0x20, 0x0, 0x0,
    0x0, 0x0, 0x0, 0x0, 0x18, 0x82, 0xca, 0xef,
    0xf9, 0xe6, 0xb3, 0x5d, 0x3, 0x0, 0x0, 0x0,
    0x0, 0x0, 0x0, 0x0, 0x0, 0x0, 0x0, 0x20,
    0x73, 0x23, 0x0, 0x0, 0x0, 0x0, 0x0, 0x0,
    0x0, 0x0, 0x0, 0x0, 0x0, 0x0, 0x0, 0xcb,
    0xff, 0xd2, 0x0, 0x0, 0x0, 0x0, 0x0, 0x0,
    0x0, 0x0, 0x0, 0x0, 0x0, 0x0, 0x0, 0xab,
    0xff, 0xc7, 0x0, 0x0, 0x0, 0x0, 0x0, 0x0,
    0x0, 0x0, 0x0, 0x0, 0x0, 0x0, 0x0, 0x4a,
    0xfb, 0x35, 0x0, 0x0, 0x0, 0x0, 0x0, 0x0,
    0x0, 0x0, 0x0, 0x0, 0x0, 0x0, 0x0, 0xae,
    0x81, 0x0, 0x0, 0x0, 0x0, 0x0, 0x0, 0x0,
    0x0, 0x0, 0x0, 0x0, 0x0, 0x0, 0x0, 0x4,
    0x4, 0x0, 0x0, 0x0, 0x0, 0x0, 0x0, 0x0,

    /* U+0123 "ģ" */
    0x0, 0x0, 0x0, 0x0, 0x0, 0x6, 0x76, 0x8,
    0x0, 0x0, 0x0, 0x0, 0x0, 0x0, 0x0, 0x0,
    0x89, 0xdd, 0xa, 0x0, 0x0, 0x0, 0x0, 0x0,
    0x0, 0x0, 0x38, 0xfd, 0xa9, 0x0, 0x0, 0x0,
    0x0, 0x0, 0x0, 0x0, 0x0, 0x95, 0xff, 0xff,
    0x25, 0x0, 0x0, 0x0, 0x0, 0x0, 0x0, 0x0,
    0x41, 0xec, 0xc1, 0x7, 0x0, 0x0, 0x0, 0x0,
    0x0, 0x0, 0x0, 0x0, 0x0, 0x0, 0x0, 0x0,
    0x0, 0x0, 0x0, 0x0, 0x0, 0x0, 0x0, 0x0,
    0x0, 0x0, 0x0, 0x0, 0x0, 0x0, 0x0, 0x1d,
    0x9f, 0xeb, 0xf8, 0xce, 0x57, 0xb0, 0xff, 0xd0,
    0x0, 0x28, 0xea, 0xff, 0xff, 0xff, 0xff, 0xff,
    0xf2, 0xff, 0xd0, 0x0, 0xca, 0xff, 0xff, 0xb7,
    0x63, 0x80, 0xee, 0xff, 0xff, 0xd0, 0x35, 0xff,
    0xff, 0xad, 0x0, 0x0, 0x0, 0x2f, 0xfa, 0xff,
    0xd0, 0x64, 0xff, 0xff, 0x49, 0x0, 0x0, 0x0,
    0x0, 0xc9, 0xff, 0xd0, 0x65, 0xff, 0xff, 0x47,
    0x0, 0x0, 0x0, 0x0, 0xc8, 0xff, 0xd0, 0x37,
    0xff, 0xff, 0xa7, 0x0, 0x0, 0x0, 0x2c, 0xfa,
    0xff, 0xd0, 0x1, 0xcd, 0xff, 0xff, 0xb2, 0x62,
    0x7c, 0xec, 0xff, 0xff, 0xd0, 0x0, 0x2a, 0xec,
    0xff, 0xff, 0xff, 0xff, 0xfb, 0xe6, 0xff, 0xcf,
    0x0, 0x0, 0x20, 0xa3, 0xec, 0xf7, 0xc9, 0x47,
    0xbd, 0xff, 0xc1, 0x0, 0x9, 0x4d, 0x40, 0x0,
    0x0, 0x0, 0x19, 0xf2, 0xff, 0x91, 0xa, 0xe7,
    0xff, 0xf6, 0x84, 0x50, 0x6b, 0xdb, 0xff, 0xfd,
    0x2d, 0x0, 0x50, 0xf7, 0xff, 0xff, 0xff, 0xff,
    0xff, 0xff, 0x72, 0x0, 0x0, 0x0, 0x27, 0x9c,
    0xd9, 0xf7, 0xed, 0xb6, 0x44, 0x0, 0x0,

    /* U+0124 "Ĥ" */
    0x0, 0x0, 0x0, 0x0, 0x1, 0x23, 0x24, 0xc,
    0x0, 0x0, 0x0, 0x0, 0x0, 0x0, 0x0, 0x0,
    0x96, 0xff, 0xff, 0xcf, 0xd, 0x0, 0x0, 0x0,
    0x0, 0x0, 0x0, 0x89, 0xff, 0xdc, 0xa6, 0xff,
    0xbb, 0x5, 0x0, 0x0, 0x0, 0x0, 0x14, 0x6c,
    0x6c, 0x2a, 0x9, 0x6a, 0x6c, 0x29, 0x0, 0x0,
    0x0, 0x0, 0x0, 0x0, 0x0, 0x0, 0x0, 0x0,
    0x0, 0x0, 0x0, 0x0, 0x90, 0xff, 0xff, 0x24,
    0x0, 0x0, 0x0, 0x0, 0x0, 0xd8, 0xff, 0xdc,
    0x90, 0xff, 0xff, 0x24, 0x0, 0x0, 0x0, 0x0,
    0x0, 0xd8, 0xff, 0xdc, 0x90, 0xff, 0xff, 0x24,
    0x0, 0x0, 0x0, 0x0, 0x0, 0xd8, 0xff, 0xdc,
    0x90, 0xff, 0xff, 0x24, 0x0, 0x0, 0x0, 0x0,
    0x0, 0xd8, 0xff, 0xdc, 0x90, 0xff, 0xff, 0x24,
    0x0, 0x0, 0x0, 0x0, 0x0, 0xd8, 0xff, 0xdc,
    0x90, 0xff, 0xff, 0x98, 0x88, 0x88, 0x88, 0x88,
    0x88, 0xed, 0xff, 0xdc, 0x90, 0xff, 0xff, 0xff,
    0xff, 0xff, 0xff, 0xff, 0xff, 0xff, 0xff, 0xdc,
    0x90, 0xff, 0xff, 0xff, 0xff, 0xff, 0xff, 0xff,
    0xff, 0xff, 0xff, 0xdc, 0x90, 0xff, 0xff, 0x24,
    0x0, 0x0, 0x0, 0x0, 0x0, 0xd8, 0xff, 0xdc,
    0x90, 0xff, 0xff, 0x24, 0x0, 0x0, 0x0, 0x0,
    0x0, 0xd8, 0xff, 0xdc, 0x90, 0xff, 0xff, 0x24,
    0x0, 0x0, 0x0, 0x0, 0x0, 0xd8, 0xff, 0xdc,
    0x90, 0xff, 0xff, 0x24, 0x0, 0x0, 0x0, 0x0,
    0x0, 0xd8, 0xff, 0xdc, 0x90, 0xff, 0xff, 0x24,
    0x0, 0x0, 0x0, 0x0, 0x0, 0xd8, 0xff, 0xdc,
    0x90, 0xff, 0xff, 0x24, 0x0, 0x0, 0x0, 0x0,
    0x0, 0xd8, 0xff, 0xdc,

    /* U+0125 "ĥ" */
    0x0, 0x0, 0x0, 0x9, 0x24, 0x24, 0x5, 0x0,
    0x0, 0x0, 0x0, 0x0, 0x9, 0xc1, 0xff, 0xff,
    0xa8, 0x1, 0x0, 0x0, 0x0, 0x5, 0xb5, 0xff,
    0xba, 0xc8, 0xff, 0x8d, 0x0, 0x0, 0x0, 0x28,
    0x6c, 0x6c, 0x15, 0x1e, 0x6c, 0x6b, 0x14, 0x0,
    0x0, 0x0, 0x0, 0x0, 0x0, 0x0, 0x0, 0x0,
    0x0, 0x0, 0xe0, 0xff, 0xbc, 0x0, 0x0, 0x0,
    0x0, 0x0, 0x0, 0x0, 0xe0, 0xff, 0xbc, 0x0,
    0x0, 0x0, 0x0, 0x0, 0x0, 0x0, 0xe0, 0xff,
    0xbc, 0x0, 0x0, 0x0, 0x0, 0x0, 0x0, 0x0,
    0xe0, 0xff, 0xbb, 0x0, 0x0, 0x0, 0x0, 0x0,
    0x0, 0x0, 0xe0, 0xff, 0xac, 0x3d, 0xc4, 0xf6,
    0xec, 0xa2, 0x14, 0x0, 0xe0, 0xff, 0xd0, 0xf9,
    0xff, 0xff, 0xff, 0xff, 0xba, 0x0, 0xe0, 0xff,
    0xff, 0xee, 0x83, 0x7e, 0xef, 0xff, 0xff, 0x2f,
    0xe0, 0xff, 0xff, 0x3b, 0x0, 0x0, 0x62, 0xff,
    0xff, 0x5a, 0xe0, 0xff, 0xd9, 0x0, 0x0, 0x0,
    0x33, 0xff, 0xff, 0x6f, 0xe0, 0xff, 0xbd, 0x0,
    0x0, 0x0, 0x30, 0xff, 0xff, 0x70, 0xe0, 0xff,
    0xbc, 0x0, 0x0, 0x0, 0x30, 0xff, 0xff, 0x70,
    0xe0, 0xff, 0xbc, 0x0, 0x0, 0x0, 0x30, 0xff,
    0xff, 0x70, 0xe0, 0xff, 0xbc, 0x0, 0x0, 0x0,
    0x30, 0xff, 0xff, 0x70, 0xe0, 0xff, 0xbc, 0x0,
    0x0, 0x0, 0x30, 0xff, 0xff, 0x70,

    /* U+0126 "Ħ" */
    0x0, 0x90, 0xff, 0xff, 0x24, 0x0, 0x0, 0x0,
    0x0, 0x0, 0xd8, 0xff, 0xdc, 0x0, 0x0, 0x0,
    0x90, 0xff, 0xff, 0x24, 0x0, 0x0, 0x0, 0x0,
    0x0, 0xd8, 0xff, 0xdc, 0x0, 0x0, 0xc3, 0xf9,
    0xff, 0xff, 0xf2, 0xf0, 0xf0, 0xf0, 0xf0, 0xf0,
    0xfd, 0xff, 0xfd, 0xf0, 0x1e, 0xd0, 0xff, 0xff,
    0xff, 0xff, 0xff, 0xff, 0xff, 0xff, 0xff, 0xff,
    0xff, 0xff, 0xff, 0x20, 0x0, 0x90, 0xff, 0xff,
    0x24, 0x0, 0x0, 0x0, 0x0, 0x0, 0xd8, 0xff,
    0xdc, 0x0, 0x0, 0x0, 0x90, 0xff, 0xff, 0x98,
    0x88, 0x88, 0x88, 0x88, 0x88, 0xed, 0xff, 0xdc,
    0x0, 0x0, 0x0, 0x90, 0xff, 0xff, 0xff, 0xff,
    0xff, 0xff, 0xff, 0xff, 0xff, 0xff, 0xdc, 0x0,
    0x0, 0x0, 0x90, 0xff, 0xff, 0xff, 0xff, 0xff,
    0xff, 0xff, 0xff, 0xff, 0xff, 0xdc, 0x0, 0x0,
    0x0, 0x90, 0xff, 0xff, 0x24, 0x0, 0x0, 0x0,
    0x0, 0x0, 0xd8, 0xff, 0xdc, 0x0, 0x0, 0x0,
    0x90, 0xff, 0xff, 0x24, 0x0, 0x0, 0x0, 0x0,
    0x0, 0xd8, 0xff, 0xdc, 0x0, 0x0, 0x0, 0x90,
    0xff, 0xff, 0x24, 0x0, 0x0, 0x0, 0x0, 0x0,
    0xd8, 0xff, 0xdc, 0x0, 0x0, 0x0, 0x90, 0xff,
    0xff, 0x24, 0x0, 0x0, 0x0, 0x0, 0x0, 0xd8,
    0xff, 0xdc, 0x0, 0x0, 0x0, 0x90, 0xff, 0xff,
    0x24, 0x0, 0x0, 0x0, 0x0, 0x0, 0xd8, 0xff,
    0xdc, 0x0, 0x0, 0x0, 0x90, 0xff, 0xff, 0x24,
    0x0, 0x0, 0x0, 0x0, 0x0, 0xd8, 0xff, 0xdc,
    0x0, 0x0,

    /* U+0127 "ħ" */
    0x0, 0x0, 0xe0, 0xff, 0xbc, 0x0, 0x0, 0x0,
    0x0, 0x0, 0x0, 0x0, 0xc, 0xff, 0xff, 0xff,
    0xff, 0xff, 0xff, 0x6c, 0x0, 0x0, 0x0, 0x0,
    0x9, 0xc8, 0xf9, 0xff, 0xf1, 0xc8, 0xc8, 0x54,
    0x0, 0x0, 0x0, 0x0, 0x0, 0x0, 0xe0, 0xff,
    0xbb, 0x0, 0x0, 0x0, 0x0, 0x0, 0x0, 0x0,
    0x0, 0x0, 0xe0, 0xff, 0xac, 0x3d, 0xc4, 0xf6,
    0xec, 0xa2, 0x14, 0x0, 0x0, 0x0, 0xe0, 0xff,
    0xd0, 0xf9, 0xff, 0xff, 0xff, 0xff, 0xba, 0x0,
    0x0, 0x0, 0xe0, 0xff, 0xff, 0xee, 0x83, 0x7e,
    0xef, 0xff, 0xff, 0x2f, 0x0, 0x0, 0xe0, 0xff,
    0xff, 0x3b, 0x0, 0x0, 0x62, 0xff, 0xff, 0x5a,
    0x0, 0x0, 0xe0, 0xff, 0xd9, 0x0, 0x0, 0x0,
    0x33, 0xff, 0xff, 0x6f, 0x0, 0x0, 0xe0, 0xff,
    0xbd, 0x0, 0x0, 0x0, 0x30, 0xff, 0xff, 0x70,
    0x0, 0x0, 0xe0, 0xff, 0xbc, 0x0, 0x0, 0x0,
    0x30, 0xff, 0xff, 0x70, 0x0, 0x0, 0xe0, 0xff,
    0xbc, 0x0, 0x0, 0x0, 0x30, 0xff, 0xff, 0x70,
    0x0, 0x0, 0xe0, 0xff, 0xbc, 0x0, 0x0, 0x0,
    0x30, 0xff, 0xff, 0x70, 0x0, 0x0, 0xe0, 0xff,
    0xbc, 0x0, 0x0, 0x0, 0x30, 0xff, 0xff, 0x70,

    /* U+0128 "Ĩ" */
    0xc, 0xac, 0xf2, 0xc1, 0x3a, 0x6f, 0xb0, 0x34,
    0x80, 0xff, 0xfe, 0xff, 0xff, 0xff, 0xfa, 0x1e,
    0x70, 0xa4, 0x25, 0x63, 0xd9, 0xdc, 0x5a, 0x0,
    0x0, 0x0, 0x0, 0x0, 0x0, 0x0, 0x0, 0x0,
    0x0, 0x0, 0x90, 0xff, 0xff, 0x24, 0x0, 0x0,
    0x0, 0x0, 0x90, 0xff, 0xff, 0x24, 0x0, 0x0,
    0x0, 0x0, 0x90, 0xff, 0xff, 0x24, 0x0, 0x0,
    0x0, 0x0, 0x90, 0xff, 0xff, 0x24, 0x0, 0x0,
    0x0, 0x0, 0x90, 0xff, 0xff, 0x24, 0x0, 0x0,
    0x0, 0x0, 0x90, 0xff, 0xff, 0x24, 0x0, 0x0,
    0x0, 0x0, 0x90, 0xff, 0xff, 0x24, 0x0, 0x0,
    0x0, 0x0, 0x90, 0xff, 0xff, 0x24, 0x0, 0x0,
    0x0, 0x0, 0x90, 0xff, 0xff, 0x24, 0x0, 0x0,
    0x0, 0x0, 0x90, 0xff, 0xff, 0x24, 0x0, 0x0,
    0x0, 0x0, 0x90, 0xff, 0xff, 0x24, 0x0, 0x0,
    0x0, 0x0, 0x90, 0xff, 0xff, 0x24, 0x0, 0x0,
    0x0, 0x0, 0x90, 0xff, 0xff, 0x24, 0x0, 0x0,
    0x0, 0x0, 0x90, 0xff, 0xff, 0x24, 0x0, 0x0,

    /* U+0129 "ĩ" */
    0x3c, 0xd4, 0xfc, 0xfb, 0xf5, 0xfd, 0xfc, 0xd,
    0xd0, 0xfb, 0xf9, 0xfd, 0xff, 0xe3, 0x61, 0x0,
    0x0, 0x0, 0x0, 0x0, 0x0, 0x0, 0x0, 0x0,
    0x0, 0x0, 0x0, 0x0, 0x0, 0x0, 0x0, 0x0,
    0x0, 0x0, 0xb8, 0xff, 0xe8, 0x0, 0x0, 0x0,
    0x0, 0x0, 0xb8, 0xff, 0xe8, 0x0, 0x0, 0x0,
    0x0, 0x0, 0xb8, 0xff, 0xe8, 0x0, 0x0, 0x0,
    0x0, 0x0, 0xb8, 0xff, 0xe8, 0x0, 0x0, 0x0,
    0x0, 0x0, 0xb8, 0xff, 0xe8, 0x0, 0x0, 0x0,
    0x0, 0x0, 0xb8, 0xff, 0xe8, 0x0, 0x0, 0x0,
    0x0, 0x0, 0xb8, 0xff, 0xe8, 0x0, 0x0, 0x0,
    0x0, 0x0, 0xb8, 0xff, 0xe8, 0x0, 0x0, 0x0,
    0x0, 0x0, 0xb8, 0xff, 0xe8, 0x0, 0x0, 0x0,
    0x0, 0x0, 0xb8, 0xff, 0xe8, 0x0, 0x0, 0x0,

    /* U+012A "Ī" */
    0xec, 0xf8, 0xf8, 0xf8, 0xf8, 0x87, 0xf4, 0xff,
    0xff, 0xff, 0xff, 0x8c, 0x0, 0x0, 0x0, 0x0,
    0x0, 0x0, 0x0, 0x0, 0x0, 0x0, 0x0, 0x0,
    0x0, 0x90, 0xff, 0xff, 0x24, 0x0, 0x0, 0x90,
    0xff, 0xff, 0x24, 0x0, 0x0, 0x90, 0xff, 0xff,
    0x24, 0x0, 0x0, 0x90, 0xff, 0xff, 0x24, 0x0,
    0x0, 0x90, 0xff, 0xff, 0x24, 0x0, 0x0, 0x90,
    0xff, 0xff, 0x24, 0x0, 0x0, 0x90, 0xff, 0xff,
    0x24, 0x0, 0x0, 0x90, 0xff, 0xff, 0x24, 0x0,
    0x0, 0x90, 0xff, 0xff, 0x24, 0x0, 0x0, 0x90,
    0xff, 0xff, 0x24, 0x0, 0x0, 0x90, 0xff, 0xff,
    0x24, 0x0, 0x0, 0x90, 0xff, 0xff, 0x24, 0x0,
    0x0, 0x90, 0xff, 0xff, 0x24, 0x0, 0x0, 0x90,
    0xff, 0xff, 0x24, 0x0,

    /* U+012B "ī" */
    0x5c, 0xff, 0xff, 0xff, 0xff, 0xff, 0x90, 0x59,
    0xf8, 0xf8, 0xf8, 0xf8, 0xf8, 0x8b, 0x0, 0x0,
    0x0, 0x0, 0x0, 0x0, 0x0, 0x0, 0x0, 0x0,
    0x0, 0x0, 0x0, 0x0, 0x0, 0x0, 0xb8, 0xff,
    0xe8, 0x0, 0x0, 0x0, 0x0, 0xb8, 0xff, 0xe8,
    0x0, 0x0, 0x0, 0x0, 0xb8, 0xff, 0xe8, 0x0,
    0x0, 0x0, 0x0, 0xb8, 0xff, 0xe8, 0x0, 0x0,
    0x0, 0x0, 0xb8, 0xff, 0xe8, 0x0, 0x0, 0x0,
    0x0, 0xb8, 0xff, 0xe8, 0x0, 0x0, 0x0, 0x0,
    0xb8, 0xff, 0xe8, 0x0, 0x0, 0x0, 0x0, 0xb8,
    0xff, 0xe8, 0x0, 0x0, 0x0, 0x0, 0xb8, 0xff,
    0xe8, 0x0, 0x0, 0x0, 0x0, 0xb8, 0xff, 0xe8,
    0x0, 0x0,

    /* U+012C "Ĭ" */
    0xd4, 0xfe, 0x16, 0x75, 0xff, 0x6c, 0x80, 0xff,
    0xe1, 0xf6, 0xf8, 0x23, 0x7, 0x93, 0xed, 0xd9,
    0x4e, 0x0, 0x0, 0x0, 0x0, 0x0, 0x0, 0x0,
    0x0, 0x90, 0xff, 0xff, 0x24, 0x0, 0x0, 0x90,
    0xff, 0xff, 0x24, 0x0, 0x0, 0x90, 0xff, 0xff,
    0x24, 0x0, 0x0, 0x90, 0xff, 0xff, 0x24, 0x0,
    0x0, 0x90, 0xff, 0xff, 0x24, 0x0, 0x0, 0x90,
    0xff, 0xff, 0x24, 0x0, 0x0, 0x90, 0xff, 0xff,
    0x24, 0x0, 0x0, 0x90, 0xff, 0xff, 0x24, 0x0,
    0x0, 0x90, 0xff, 0xff, 0x24, 0x0, 0x0, 0x90,
    0xff, 0xff, 0x24, 0x0, 0x0, 0x90, 0xff, 0xff,
    0x24, 0x0, 0x0, 0x90, 0xff, 0xff, 0x24, 0x0,
    0x0, 0x90, 0xff, 0xff, 0x24, 0x0, 0x0, 0x90,
    0xff, 0xff, 0x24, 0x0,

    /* U+012D "ĭ" */
    0x9, 0xfb, 0xe4, 0x12, 0xb7, 0xff, 0x36, 0x0,
    0xa3, 0xff, 0xff, 0xff, 0xd1, 0x5, 0x0, 0x8,
    0x7c, 0xba, 0x93, 0x17, 0x0, 0x0, 0x0, 0x0,
    0x0, 0x0, 0x0, 0x0, 0x0, 0x0, 0xb8, 0xff,
    0xe8, 0x0, 0x0, 0x0, 0x0, 0xb8, 0xff, 0xe8,
    0x0, 0x0, 0x0, 0x0, 0xb8, 0xff, 0xe8, 0x0,
    0x0, 0x0, 0x0, 0xb8, 0xff, 0xe8, 0x0, 0x0,
    0x0, 0x0, 0xb8, 0xff, 0xe8, 0x0, 0x0, 0x0,
    0x0, 0xb8, 0xff, 0xe8, 0x0, 0x0, 0x0, 0x0,
    0xb8, 0xff, 0xe8, 0x0, 0x0, 0x0, 0x0, 0xb8,
    0xff, 0xe8, 0x0, 0x0, 0x0, 0x0, 0xb8, 0xff,
    0xe8, 0x0, 0x0, 0x0, 0x0, 0xb8, 0xff, 0xe8,
    0x0, 0x0,

    /* U+012E "Į" */
    0x0, 0x90, 0xff, 0xff, 0x24, 0x0, 0x90, 0xff,
    0xff, 0x24, 0x0, 0x90, 0xff, 0xff, 0x24, 0x0,
    0x90, 0xff, 0xff, 0x24, 0x0, 0x90, 0xff, 0xff,
    0x24, 0x0, 0x90, 0xff, 0xff, 0x24, 0x0, 0x90,
    0xff, 0xff, 0x24, 0x0, 0x90, 0xff, 0xff, 0x24,
    0x0, 0x90, 0xff, 0xff, 0x24, 0x0, 0x90, 0xff,
    0xff, 0x24, 0x0, 0x90, 0xff, 0xff, 0x24, 0x0,
    0x90, 0xff, 0xff, 0x24, 0x0, 0x90, 0xff, 0xff,
    0x24, 0x0, 0x85, 0xff, 0xf7, 0x19, 0x16, 0xeb,
    0xf7, 0x34, 0x0, 0x65, 0xff, 0xdc, 0x2, 0x0,
    0x49, 0xff, 0xff, 0xf1, 0x3b, 0x0, 0x84, 0xe9,
    0xf6, 0x77,

    /* U+012F "į" */
    0x0, 0x84, 0xf2, 0xab, 0x3, 0xb, 0xff, 0xff,
    0xff, 0x3a, 0x0, 0xce, 0xff, 0xe9, 0x13, 0x0,
    0xc, 0x47, 0x15, 0x0, 0x0, 0xb8, 0xff, 0xe8,
    0x0, 0x0, 0xb8, 0xff, 0xe8, 0x0, 0x0, 0xb8,
    0xff, 0xe8, 0x0, 0x0, 0xb8, 0xff, 0xe8, 0x0,
    0x0, 0xb8, 0xff, 0xe8, 0x0, 0x0, 0xb8, 0xff,
    0xe8, 0x0, 0x0, 0xb8, 0xff, 0xe8, 0x0, 0x0,
    0xb8, 0xff, 0xe8, 0x0, 0x0, 0xb8, 0xff, 0xe8,
    0x0, 0x0, 0xb9, 0xff, 0xcd, 0x0, 0x4a, 0xff,
    0xd3, 0x11, 0x0, 0xa7, 0xff, 0x9f, 0x0, 0x0,
    0x87, 0xff, 0xff, 0xe0, 0x9, 0xe, 0xa9, 0xf1,
    0xef, 0x3f,

    /* U+0130 "İ" */
    0x3e, 0xea, 0xba, 0x5, 0x92, 0xff, 0xff, 0x26,
    0x27, 0xbb, 0x8d, 0x0, 0x0, 0x0, 0x0, 0x0,
    0x90, 0xff, 0xff, 0x24, 0x90, 0xff, 0xff, 0x24,
    0x90, 0xff, 0xff, 0x24, 0x90, 0xff, 0xff, 0x24,
    0x90, 0xff, 0xff, 0x24, 0x90, 0xff, 0xff, 0x24,
    0x90, 0xff, 0xff, 0x24, 0x90, 0xff, 0xff, 0x24,
    0x90, 0xff, 0xff, 0x24, 0x90, 0xff, 0xff, 0x24,
    0x90, 0xff, 0xff, 0x24, 0x90, 0xff, 0xff, 0x24,
    0x90, 0xff, 0xff, 0x24, 0x90, 0xff, 0xff, 0x24,

    /* U+0131 "ı" */
    0xb8, 0xff, 0xe8, 0xb8, 0xff, 0xe8, 0xb8, 0xff,
    0xe8, 0xb8, 0xff, 0xe8, 0xb8, 0xff, 0xe8, 0xb8,
    0xff, 0xe8, 0xb8, 0xff, 0xe8, 0xb8, 0xff, 0xe8,
    0xb8, 0xff, 0xe8, 0xb8, 0xff, 0xe8,

    /* U+0134 "Ĵ" */
    0x0, 0x0, 0x0, 0x0, 0x0, 0x0, 0x0, 0x13,
    0x24, 0x1e, 0x0, 0x0, 0x0, 0x0, 0x0, 0x0,
    0x0, 0x0, 0x0, 0x2b, 0xec, 0xff, 0xff, 0x5e,
    0x0, 0x0, 0x0, 0x0, 0x0, 0x0, 0x0, 0x23,
    0xe6, 0xff, 0x8f, 0xf3, 0xfa, 0x46, 0x0, 0x0,
    0x0, 0x0, 0x0, 0x0, 0x4a, 0x6c, 0x5f, 0x0,
    0x3e, 0x6c, 0x5f, 0x0, 0x0, 0x0, 0x0, 0x0,
    0x0, 0x0, 0x0, 0x0, 0x0, 0x0, 0x0, 0x0,
    0x0, 0x0, 0x0, 0x0, 0x0, 0x0, 0x0, 0x0,
    0xcc, 0xff, 0xe8, 0x0, 0x0, 0x0, 0x0, 0x0,
    0x0, 0x0, 0x0, 0x0, 0x0, 0xcc, 0xff, 0xe8,
    0x0, 0x0, 0x0, 0x0, 0x0, 0x0, 0x0, 0x0,
    0x0, 0x0, 0xcc, 0xff, 0xe8, 0x0, 0x0, 0x0,
    0x0, 0x0, 0x0, 0x0, 0x0, 0x0, 0x0, 0xcc,
    0xff, 0xe8, 0x0, 0x0, 0x0, 0x0, 0x0, 0x0,
    0x0, 0x0, 0x0, 0x0, 0xcc, 0xff, 0xe8, 0x0,
    0x0, 0x0, 0x0, 0x0, 0x0, 0x0, 0x0, 0x0,
    0x0, 0xcc, 0xff, 0xe8, 0x0, 0x0, 0x0, 0x0,
    0x0, 0x0, 0x0, 0x0, 0x0, 0x0, 0xcc, 0xff,
    0xe8, 0x0, 0x0, 0x0, 0x0, 0x0, 0x0, 0x0,
    0x0, 0x0, 0x0, 0xcc, 0xff, 0xe8, 0x0, 0x0,
    0x0, 0x0, 0x0, 0x0, 0x0, 0x0, 0x0, 0x0,
    0xcc, 0xff, 0xe8, 0x0, 0x0, 0x0, 0x0, 0x0,
    0x2d, 0x3, 0x0, 0x0, 0x0, 0xd5, 0xff, 0xe3,
    0x0, 0x0, 0x0, 0x37, 0xc9, 0xff, 0x63, 0x0,
    0x0, 0x21, 0xfa, 0xff, 0xc5, 0x0, 0x0, 0x0,
    0x1c, 0xf9, 0xff, 0xfc, 0xac, 0x95, 0xe7, 0xff,
    0xff, 0x71, 0x0, 0x0, 0x0, 0x0, 0x5e, 0xfd,
    0xff, 0xff, 0xff, 0xff, 0xff, 0xc5, 0x7, 0x0,
    0x0, 0x0, 0x0, 0x0, 0x39, 0xb1, 0xe7, 0xf9,
    0xd7, 0x7e, 0x8, 0x0, 0x0, 0x0, 0x0,

    /* U+0135 "ĵ" */
    0x0, 0x20, 0xe4, 0xff, 0xf5, 0x37, 0x0, 0x0,
    0x19, 0xdc, 0xff, 0xb0, 0xfe, 0xeb, 0x25, 0x0,
    0x61, 0x90, 0x7f, 0x1, 0x63, 0x90, 0x6d, 0x0,
    0x0, 0x0, 0x0, 0x0, 0x0, 0x0, 0x0, 0x0,
    0x0, 0x0, 0xb8, 0xff, 0xe8, 0x0, 0x0, 0x0,
    0x0, 0x0, 0xb8, 0xff, 0xe8, 0x0, 0x0, 0x0,
    0x0, 0x0, 0xb8, 0xff, 0xe8, 0x0, 0x0, 0x0,
    0x0, 0x0, 0xb8, 0xff, 0xe8, 0x0, 0x0, 0x0,
    0x0, 0x0, 0xb8, 0xff, 0xe8, 0x0, 0x0, 0x0,
    0x0, 0x0, 0xb8, 0xff, 0xe8, 0x0, 0x0, 0x0,
    0x0, 0x0, 0xb8, 0xff, 0xe8, 0x0, 0x0, 0x0,
    0x0, 0x0, 0xb8, 0xff, 0xe8, 0x0, 0x0, 0x0,
    0x0, 0x0, 0xb8, 0xff, 0xe8, 0x0, 0x0, 0x0,
    0x0, 0x0, 0xb8, 0xff, 0xe8, 0x0, 0x0, 0x0,
    0x0, 0x0, 0xbc, 0xff, 0xe5, 0x0, 0x0, 0x0,
    0x31, 0x72, 0xf5, 0xff, 0xcc, 0x0, 0x0, 0x0,
    0x9b, 0xff, 0xff, 0xff, 0x68, 0x0, 0x0, 0x0,
    0xbd, 0xfa, 0xe0, 0x79, 0x1, 0x0, 0x0, 0x0,

    /* U+0136 "Ķ" */
    0x90, 0xff, 0xff, 0x24, 0x0, 0x0, 0x0, 0xf,
    0xd4, 0xff, 0xff, 0x7b, 0x0, 0x90, 0xff, 0xff,
    0x24, 0x0, 0x0, 0x5, 0xbc, 0xff, 0xff, 0x9a,
    0x0, 0x0, 0x90, 0xff, 0xff, 0x24, 0x0, 0x0,
    0xa0, 0xff, 0xff, 0xb3, 0x3, 0x0, 0x0, 0x90,
    0xff, 0xff, 0x24, 0x0, 0x80, 0xff, 0xff, 0xc9,
    0xa, 0x0, 0x0, 0x0, 0x90, 0xff, 0xff, 0x24,
    0x5f, 0xff, 0xff, 0xdb, 0x15, 0x0, 0x0, 0x0,
    0x0, 0x90, 0xff, 0xff, 0x67, 0xfa, 0xff, 0xea,
    0x23, 0x0, 0x0, 0x0, 0x0, 0x0, 0x90, 0xff,
    0xff, 0xfe, 0xff, 0xff, 0xe7, 0x15, 0x0, 0x0,
    0x0, 0x0, 0x0, 0x90, 0xff, 0xff, 0xff, 0xff,
    0xff, 0xff, 0xb3, 0x0, 0x0, 0x0, 0x0, 0x0,
    0x90, 0xff, 0xff, 0xff, 0x75, 0xdd, 0xff, 0xff,
    0x6b, 0x0, 0x0, 0x0, 0x0, 0x90, 0xff, 0xff,
    0x89, 0x0, 0x37, 0xfb, 0xff, 0xf6, 0x2a, 0x0,
    0x0, 0x0, 0x90, 0xff, 0xff, 0x24, 0x0, 0x0,
    0x7a, 0xff, 0xff, 0xd0, 0x7, 0x0, 0x0, 0x90,
    0xff, 0xff, 0x24, 0x0, 0x0, 0x2, 0xbe, 0xff,
    0xff, 0x8f, 0x0, 0x0, 0x90, 0xff, 0xff, 0x24,
    0x0, 0x0, 0x0, 0x1b, 0xed, 0xff, 0xfe, 0x47,
    0x0, 0x90, 0xff, 0xff, 0x24, 0x0, 0x0, 0x0,
    0x0, 0x51, 0xff, 0xff, 0xe7, 0x15, 0x0, 0x0,
    0x0, 0x0, 0x0, 0x0, 0x0, 0x0, 0x0, 0x0,
    0x0, 0x0, 0x0, 0x0, 0x0, 0x0, 0x0, 0x40,
    0xeb, 0xbf, 0x6, 0x0, 0x0, 0x0, 0x0, 0x0,
    0x0, 0x0, 0x0, 0x0, 0x8e, 0xff, 0xff, 0x2b,
    0x0, 0x0, 0x0, 0x0, 0x0, 0x0, 0x0, 0x0,
    0x0, 0x21, 0xef, 0xc9, 0x1, 0x0, 0x0, 0x0,
    0x0, 0x0, 0x0, 0x0, 0x0, 0x0, 0x4e, 0xf6,
    0x27, 0x0, 0x0, 0x0, 0x0, 0x0, 0x0, 0x0,
    0x0, 0x0, 0x0, 0x2b, 0x55, 0x0, 0x0, 0x0,
    0x0, 0x0, 0x0, 0x0,

    /* U+0137 "ķ" */
    0xe0, 0xff, 0xbc, 0x0, 0x0, 0x0, 0x0, 0x0,
    0x0, 0x0, 0xe0, 0xff, 0xbc, 0x0, 0x0, 0x0,
    0x0, 0x0, 0x0, 0x0, 0xe0, 0xff, 0xbc, 0x0,
    0x0, 0x0, 0x0, 0x0, 0x0, 0x0, 0xe0, 0xff,
    0xbc, 0x0, 0x0, 0x0, 0x0, 0x0, 0x0, 0x0,
    0xe0, 0xff, 0xbc, 0x0, 0x0, 0x5a, 0xfd, 0xff,
    0xe4, 0x21, 0xe0, 0xff, 0xbc, 0x0, 0x54, 0xfc,
    0xff, 0xe4, 0x24, 0x0, 0xe0, 0xff, 0xbc, 0x4f,
    0xfa, 0xff, 0xe5, 0x25, 0x0, 0x0, 0xe0, 0xff,
    0xe9, 0xf9, 0xff, 0xed, 0x26, 0x0, 0x0, 0x0,
    0xe0, 0xff, 0xff, 0xff, 0xff, 0xfb, 0x30, 0x0,
    0x0, 0x0, 0xe0, 0xff, 0xff, 0xea, 0xfd, 0xff,
    0xcc, 0x3, 0x0, 0x0, 0xe0, 0xff, 0xeb, 0x28,
    0x93, 0xff, 0xff, 0x73, 0x0, 0x0, 0xe0, 0xff,
    0xbc, 0x0, 0xf, 0xe6, 0xff, 0xf5, 0x21, 0x0,
    0xe0, 0xff, 0xbc, 0x0, 0x0, 0x58, 0xff, 0xff,
    0xb9, 0x0, 0xe0, 0xff, 0xbc, 0x0, 0x0, 0x0,
    0xba, 0xff, 0xff, 0x5e, 0x0, 0x0, 0x0, 0x0,
    0x0, 0x0, 0x0, 0x0, 0x0, 0x0, 0x0, 0x0,
    0x0, 0x9c, 0xf2, 0x63, 0x0, 0x0, 0x0, 0x0,
    0x0, 0x0, 0x2, 0xf7, 0xff, 0xbf, 0x0, 0x0,
    0x0, 0x0, 0x0, 0x0, 0x0, 0x7d, 0xff, 0x62,
    0x0, 0x0, 0x0, 0x0, 0x0, 0x0, 0x0, 0xba,
    0xb5, 0x0, 0x0, 0x0, 0x0, 0x0, 0x0, 0x0,
    0x1, 0x67, 0x19, 0x0, 0x0, 0x0, 0x0, 0x0,

    /* U+0138 "ĸ" */
    0xe0, 0xff, 0xbc, 0x0, 0x0, 0x4f, 0xff, 0xff,
    0xd5, 0x8, 0xe0, 0xff, 0xbc, 0x0, 0x1e, 0xee,
    0xff, 0xf3, 0x28, 0x0, 0xe0, 0xff, 0xbc, 0x4,
    0xc5, 0xff, 0xff, 0x57, 0x0, 0x0, 0xe0, 0xff,
    0xbc, 0x87, 0xff, 0xff, 0x93, 0x0, 0x0, 0x0,
    0xe0, 0xff, 0xef, 0xfe, 0xff, 0xd7, 0x6, 0x0,
    0x0, 0x0, 0xe0, 0xff, 0xcc, 0xda, 0xff, 0xfb,
    0x35, 0x0, 0x0, 0x0, 0xe0, 0xff, 0xbc, 0x35,
    0xfb, 0xff, 0xd9, 0xa, 0x0, 0x0, 0xe0, 0xff,
    0xbc, 0x0, 0x7c, 0xff, 0xff, 0x99, 0x0, 0x0,
    0xe0, 0xff, 0xbc, 0x0, 0x3, 0xc4, 0xff, 0xff,
    0x4d, 0x0, 0xe0, 0xff, 0xbc, 0x0, 0x0, 0x20,
    0xf1, 0xff, 0xea, 0x17,

    /* U+0139 "Ĺ" */
    0x0, 0xb9, 0xff, 0xfa, 0x2f, 0x0, 0x0, 0x0,
    0x0, 0x0, 0xe, 0xf9, 0xff, 0x7e, 0x0, 0x0,
    0x0, 0x0, 0x0, 0x0, 0x34, 0xb0, 0x9f, 0x5,
    0x0, 0x0, 0x0, 0x0, 0x0, 0x0, 0x0, 0x0,
    0x0, 0x0, 0x0, 0x0, 0x0, 0x0, 0x0, 0x0,
    0x90, 0xff, 0xff, 0x24, 0x0, 0x0, 0x0, 0x0,
    0x0, 0x0, 0x90, 0xff, 0xff, 0x24, 0x0, 0x0,
    0x0, 0x0, 0x0, 0x0, 0x90, 0xff, 0xff, 0x24,
    0x0, 0x0, 0x0, 0x0, 0x0, 0x0, 0x90, 0xff,
    0xff, 0x24, 0x0, 0x0, 0x0, 0x0, 0x0, 0x0,
    0x90, 0xff, 0xff, 0x24, 0x0, 0x0, 0x0, 0x0,
    0x0, 0x0, 0x90, 0xff, 0xff, 0x24, 0x0, 0x0,
    0x0, 0x0, 0x0, 0x0, 0x90, 0xff, 0xff, 0x24,
    0x0, 0x0, 0x0, 0x0, 0x0, 0x0, 0x90, 0xff,
    0xff, 0x24, 0x0, 0x0, 0x0, 0x0, 0x0, 0x0,
    0x90, 0xff, 0xff, 0x24, 0x0, 0x0, 0x0, 0x0,
    0x0, 0x0, 0x90, 0xff, 0xff, 0x24, 0x0, 0x0,
    0x0, 0x0, 0x0, 0x0, 0x90, 0xff, 0xff, 0x24,
    0x0, 0x0, 0x0, 0x0, 0x0, 0x0, 0x90, 0xff,
    0xff, 0x98, 0x88, 0x88, 0x88, 0x88, 0x88, 0x1b,
    0x90, 0xff, 0xff, 0xff, 0xff, 0xff, 0xff, 0xff,
    0xff, 0x34, 0x90, 0xff, 0xff, 0xff, 0xff, 0xff,
    0xff, 0xff, 0xff, 0x34,

    /* U+013A "ĺ" */
    0x13, 0xfc, 0xff, 0xcd, 0x4, 0x5e, 0xff, 0xf9,
    0x2d, 0x0, 0x6e, 0xb0, 0x67, 0x0, 0x0, 0x0,
    0x0, 0x0, 0x0, 0x0, 0xe0, 0xff, 0xbc, 0x0,
    0x0, 0xe0, 0xff, 0xbc, 0x0, 0x0, 0xe0, 0xff,
    0xbc, 0x0, 0x0, 0xe0, 0xff, 0xbc, 0x0, 0x0,
    0xe0, 0xff, 0xbc, 0x0, 0x0, 0xe0, 0xff, 0xbc,
    0x0, 0x0, 0xe0, 0xff, 0xbc, 0x0, 0x0, 0xe0,
    0xff, 0xbc, 0x0, 0x0, 0xe0, 0xff, 0xbc, 0x0,
    0x0, 0xe0, 0xff, 0xbc, 0x0, 0x0, 0xe0, 0xff,
    0xbc, 0x0, 0x0, 0xe0, 0xff, 0xbc, 0x0, 0x0,
    0xe0, 0xff, 0xbc, 0x0, 0x0, 0xe0, 0xff, 0xbc,
    0x0, 0x0,

    /* U+013B "Ļ" */
    0x90, 0xff, 0xff, 0x24, 0x0, 0x0, 0x0, 0x0,
    0x0, 0x0, 0x90, 0xff, 0xff, 0x24, 0x0, 0x0,
    0x0, 0x0, 0x0, 0x0, 0x90, 0xff, 0xff, 0x24,
    0x0, 0x0, 0x0, 0x0, 0x0, 0x0, 0x90, 0xff,
    0xff, 0x24, 0x0, 0x0, 0x0, 0x0, 0x0, 0x0,
    0x90, 0xff, 0xff, 0x24, 0x0, 0x0, 0x0, 0x0,
    0x0, 0x0, 0x90, 0xff, 0xff, 0x24, 0x0, 0x0,
    0x0, 0x0, 0x0, 0x0, 0x90, 0xff, 0xff, 0x24,
    0x0, 0x0, 0x0, 0x0, 0x0, 0x0, 0x90, 0xff,
    0xff, 0x24, 0x0, 0x0, 0x0, 0x0, 0x0, 0x0,
    0x90, 0xff, 0xff, 0x24, 0x0, 0x0, 0x0, 0x0,
    0x0, 0x0, 0x90, 0xff, 0xff, 0x24, 0x0, 0x0,
    0x0, 0x0, 0x0, 0x0, 0x90, 0xff, 0xff, 0x24,
    0x0, 0x0, 0x0, 0x0, 0x0, 0x0, 0x90, 0xff,
    0xff, 0x98, 0x88, 0x88, 0x88, 0x88, 0x88, 0x1b,
    0x90, 0xff, 0xff, 0xff, 0xff, 0xff, 0xff, 0xff,
    0xff, 0x34, 0x90, 0xff, 0xff, 0xff, 0xff, 0xff,
    0xff, 0xff, 0xff, 0x34, 0x0, 0x0, 0x0, 0x0,
    0x0, 0x0, 0x0, 0x0, 0x0, 0x0, 0x0, 0x0,
    0x0, 0x3b, 0xea, 0xc2, 0x7, 0x0, 0x0, 0x0,
    0x0, 0x0, 0x0, 0x87, 0xff, 0xff, 0x2f, 0x0,
    0x0, 0x0, 0x0, 0x0, 0x0, 0x1f, 0xeb, 0xcf,
    0x3, 0x0, 0x0, 0x0, 0x0, 0x0, 0x0, 0x49,
    0xf8, 0x2c, 0x0, 0x0, 0x0, 0x0, 0x0, 0x0,
    0x0, 0x29, 0x59, 0x0, 0x0, 0x0, 0x0, 0x0,

    /* U+013C "ļ" */
    0x0, 0xe0, 0xff, 0xbc, 0x0, 0xe0, 0xff, 0xbc,
    0x0, 0xe0, 0xff, 0xbc, 0x0, 0xe0, 0xff, 0xbc,
    0x0, 0xe0, 0xff, 0xbc, 0x0, 0xe0, 0xff, 0xbc,
    0x0, 0xe0, 0xff, 0xbc, 0x0, 0xe0, 0xff, 0xbc,
    0x0, 0xe0, 0xff, 0xbc, 0x0, 0xe0, 0xff, 0xbc,
    0x0, 0xe0, 0xff, 0xbc, 0x0, 0xe0, 0xff, 0xbc,
    0x0, 0xe0, 0xff, 0xbc, 0x0, 0xe0, 0xff, 0xbc,
    0x0, 0x0, 0x0, 0x0, 0x0, 0x8e, 0xf3, 0x70,
    0x0, 0xea, 0xff, 0xcf, 0x0, 0x6d, 0xff, 0x6e,
    0x0, 0xab, 0xc0, 0x1, 0x0, 0x60, 0x20, 0x0,

    /* U+013D "Ľ" */
    0x90, 0xff, 0xff, 0x24, 0x0, 0x30, 0xff, 0xff,
    0x79, 0x0, 0x90, 0xff, 0xff, 0x24, 0x0, 0x30,
    0xff, 0xff, 0x45, 0x0, 0x90, 0xff, 0xff, 0x24,
    0x0, 0x30, 0xff, 0xff, 0x11, 0x0, 0x90, 0xff,
    0xff, 0x24, 0x0, 0x30, 0xff, 0xdc, 0x0, 0x0,
    0x90, 0xff, 0xff, 0x24, 0x0, 0x11, 0x5c, 0x42,
    0x0, 0x0, 0x90, 0xff, 0xff, 0x24, 0x0, 0x0,
    0x0, 0x0, 0x0, 0x0, 0x90, 0xff, 0xff, 0x24,
    0x0, 0x0, 0x0, 0x0, 0x0, 0x0, 0x90, 0xff,
    0xff, 0x24, 0x0, 0x0, 0x0, 0x0, 0x0, 0x0,
    0x90, 0xff, 0xff, 0x24, 0x0, 0x0, 0x0, 0x0,
    0x0, 0x0, 0x90, 0xff, 0xff, 0x24, 0x0, 0x0,
    0x0, 0x0, 0x0, 0x0, 0x90, 0xff, 0xff, 0x24,
    0x0, 0x0, 0x0, 0x0, 0x0, 0x0, 0x90, 0xff,
    0xff, 0x98, 0x88, 0x88, 0x88, 0x88, 0x88, 0x1b,
    0x90, 0xff, 0xff, 0xff, 0xff, 0xff, 0xff, 0xff,
    0xff, 0x34, 0x90, 0xff, 0xff, 0xff, 0xff, 0xff,
    0xff, 0xff, 0xff, 0x34,

    /* U+013E "ľ" */
    0x7c, 0xff, 0xff, 0x24, 0xa0, 0xff, 0xfd, 0xb,
    0x7c, 0xff, 0xff, 0x24, 0xa0, 0xff, 0xd3, 0x0,
    0x7c, 0xff, 0xff, 0x24, 0xa0, 0xff, 0x9e, 0x0,
    0x7c, 0xff, 0xff, 0x24, 0xa0, 0xff, 0x69, 0x0,
    0x7c, 0xff, 0xff, 0x24, 0x39, 0x5c, 0x18, 0x0,
    0x7c, 0xff, 0xff, 0x24, 0x0, 0x0, 0x0, 0x0,
    0x7c, 0xff, 0xff, 0x24, 0x0, 0x0, 0x0, 0x0,
    0x7c, 0xff, 0xff, 0x24, 0x0, 0x0, 0x0, 0x0,
    0x7c, 0xff, 0xff, 0x24, 0x0, 0x0, 0x0, 0x0,
    0x7c, 0xff, 0xff, 0x24, 0x0, 0x0, 0x0, 0x0,
    0x7c, 0xff, 0xff, 0x24, 0x0, 0x0, 0x0, 0x0,
    0x7c, 0xff, 0xff, 0x24, 0x0, 0x0, 0x0, 0x0,
    0x7c, 0xff, 0xff, 0x24, 0x0, 0x0, 0x0, 0x0,
    0x7c, 0xff, 0xff, 0x24, 0x0, 0x0, 0x0, 0x0,

    /* U+013F "Ŀ" */
    0x90, 0xff, 0xff, 0x24, 0x0, 0x0, 0x0, 0x0,
    0x0, 0x0, 0x90, 0xff, 0xff, 0x24, 0x0, 0x0,
    0x0, 0x0, 0x0, 0x0, 0x90, 0xff, 0xff, 0x24,
    0x0, 0x0, 0x0, 0x0, 0x0, 0x0, 0x90, 0xff,
    0xff, 0x24, 0x0, 0x0, 0x0, 0x0, 0x0, 0x0,
    0x90, 0xff, 0xff, 0x24, 0x0, 0x0, 0x0, 0x0,
    0x0, 0x0, 0x90, 0xff, 0xff, 0x24, 0x0, 0x1c,
    0x63, 0x23, 0x0, 0x0, 0x90, 0xff, 0xff, 0x24,
    0xc, 0xe8, 0xff, 0xef, 0x14, 0x0, 0x90, 0xff,
    0xff, 0x24, 0x25, 0xff, 0xff, 0xff, 0x35, 0x0,
    0x90, 0xff, 0xff, 0x24, 0x0, 0x97, 0xf4, 0xa5,
    0x2, 0x0, 0x90, 0xff, 0xff, 0x24, 0x0, 0x0,
    0x0, 0x0, 0x0, 0x0, 0x90, 0xff, 0xff, 0x24,
    0x0, 0x0, 0x0, 0x0, 0x0, 0x0, 0x90, 0xff,
    0xff, 0x98, 0x88, 0x88, 0x88, 0x88, 0x88, 0x1b,
    0x90, 0xff, 0xff, 0xff, 0xff, 0xff, 0xff, 0xff,
    0xff, 0x34, 0x90, 0xff, 0xff, 0xff, 0xff, 0xff,
    0xff, 0xff, 0xff, 0x34,

    /* U+0141 "Ł" */
    0x0, 0x0, 0x0, 0xe8, 0xff, 0xcc, 0x0, 0x0,
    0x0, 0x0, 0x0, 0x0, 0x0, 0x0, 0x0, 0xe8,
    0xff, 0xcc, 0x0, 0x0, 0x0, 0x0, 0x0, 0x0,
    0x0, 0x0, 0x0, 0xe8, 0xff, 0xcc, 0x0, 0x0,
    0x0, 0x0, 0x0, 0x0, 0x0, 0x0, 0x0, 0xe8,
    0xff, 0xcc, 0x0, 0x2a, 0x10, 0x0, 0x0, 0x0,
    0x0, 0x0, 0x0, 0xe8, 0xff, 0xd4, 0x89, 0xfa,
    0x9a, 0x0, 0x0, 0x0, 0x0, 0x0, 0x0, 0xe8,
    0xff, 0xff, 0xff, 0xff, 0xbb, 0x5, 0x0, 0x0,
    0x0, 0x0, 0x19, 0xf1, 0xff, 0xff, 0xe7, 0x59,
    0x0, 0x0, 0x0, 0x0, 0x2, 0x6b, 0xf0, 0xff,
    0xff, 0xdd, 0xe, 0x0, 0x0, 0x0, 0x0, 0x0,
    0x4, 0xce, 0xff, 0xff, 0xff, 0xcc, 0x0, 0x0,
    0x0, 0x0, 0x0, 0x0, 0x0, 0x31, 0x80, 0xec,
    0xff, 0xcc, 0x0, 0x0, 0x0, 0x0, 0x0, 0x0,
    0x0, 0x0, 0x0, 0xe8, 0xff, 0xcc, 0x0, 0x0,
    0x0, 0x0, 0x0, 0x0, 0x0, 0x0, 0x0, 0xe8,
    0xff, 0xe7, 0x88, 0x88, 0x88, 0x88, 0x88, 0x74,
    0x0, 0x0, 0x0, 0xe8, 0xff, 0xff, 0xff, 0xff,
    0xff, 0xff, 0xff, 0xdc, 0x0, 0x0, 0x0, 0xe8,
    0xff, 0xff, 0xff, 0xff, 0xff, 0xff, 0xff, 0xdc,

    /* U+0142 "ł" */
    0x0, 0x0, 0x30, 0xff, 0xff, 0x70, 0x0, 0x0,
    0x0, 0x0, 0x30, 0xff, 0xff, 0x70, 0x0, 0x0,
    0x0, 0x0, 0x30, 0xff, 0xff, 0x70, 0x0, 0x0,
    0x0, 0x0, 0x30, 0xff, 0xff, 0x70, 0x16, 0x0,
    0x0, 0x0, 0x30, 0xff, 0xff, 0xc9, 0xf7, 0x45,
    0x0, 0x0, 0x30, 0xff, 0xff, 0xff, 0xff, 0xa3,
    0x0, 0x0, 0x75, 0xff, 0xff, 0xf9, 0x73, 0x1,
    0x13, 0xb0, 0xff, 0xff, 0xff, 0x78, 0x0, 0x0,
    0x16, 0xe4, 0xff, 0xff, 0xff, 0x70, 0x0, 0x0,
    0x0, 0x37, 0x6b, 0xff, 0xff, 0x70, 0x0, 0x0,
    0x0, 0x0, 0x30, 0xff, 0xff, 0x70, 0x0, 0x0,
    0x0, 0x0, 0x30, 0xff, 0xff, 0x70, 0x0, 0x0,
    0x0, 0x0, 0x30, 0xff, 0xff, 0x70, 0x0, 0x0,
    0x0, 0x0, 0x30, 0xff, 0xff, 0x70, 0x0, 0x0,

    /* U+0143 "Ń" */
    0x0, 0x0, 0x0, 0x0, 0x0, 0x0, 0xe3, 0xff,
    0xe7, 0x12, 0x0, 0x0, 0x0, 0x0, 0x0, 0x0,
    0x0, 0x0, 0x35, 0xff, 0xff, 0x4f, 0x0, 0x0,
    0x0, 0x0, 0x0, 0x0, 0x0, 0x0, 0x0, 0x52,
    0xb0, 0x82, 0x0, 0x0, 0x0, 0x0, 0x0, 0x0,
    0x0, 0x0, 0x0, 0x0, 0x0, 0x0, 0x0, 0x0,
    0x0, 0x0, 0x0, 0x0, 0x90, 0xff, 0xff, 0xda,
    0x7, 0x0, 0x0, 0x0, 0x0, 0xa8, 0xff, 0xff,
    0x4, 0x90, 0xff, 0xff, 0xff, 0x7f, 0x0, 0x0,
    0x0, 0x0, 0xa8, 0xff, 0xff, 0x4, 0x90, 0xff,
    0xff, 0xff, 0xf8, 0x24, 0x0, 0x0, 0x0, 0xa8,
    0xff, 0xff, 0x4, 0x90, 0xff, 0xff, 0xff, 0xff,
    0xb9, 0x0, 0x0, 0x0, 0xa8, 0xff, 0xff, 0x4,
    0x90, 0xff, 0xf7, 0xa9, 0xff, 0xff, 0x56, 0x0,
    0x0, 0xa8, 0xff, 0xff, 0x4, 0x90, 0xff, 0xff,
    0x1e, 0xf1, 0xff, 0xe5, 0xe, 0x0, 0xa8, 0xff,
    0xff, 0x4, 0x90, 0xff, 0xff, 0x13, 0x6d, 0xff,
    0xff, 0x91, 0x0, 0xa7, 0xff, 0xff, 0x4, 0x90,
    0xff, 0xff, 0x18, 0x3, 0xcc, 0xff, 0xfc, 0x31,
    0x9c, 0xff, 0xff, 0x4, 0x90, 0xff, 0xff, 0x18,
    0x0, 0x34, 0xfd, 0xff, 0xc9, 0x8f, 0xff, 0xff,
    0x4, 0x90, 0xff, 0xff, 0x18, 0x0, 0x0, 0x95,
    0xff, 0xff, 0xe5, 0xff, 0xff, 0x4, 0x90, 0xff,
    0xff, 0x18, 0x0, 0x0, 0xf, 0xe7, 0xff, 0xff,
    0xff, 0xff, 0x4, 0x90, 0xff, 0xff, 0x18, 0x0,
    0x0, 0x0, 0x5a, 0xff, 0xff, 0xff, 0xff, 0x4,
    0x90, 0xff, 0xff, 0x18, 0x0, 0x0, 0x0, 0x0,
    0xbc, 0xff, 0xff, 0xff, 0x4, 0x90, 0xff, 0xff,
    0x18, 0x0, 0x0, 0x0, 0x0, 0x26, 0xf8, 0xff,
    0xff, 0x4,

    /* U+0144 "ń" */
    0x0, 0x0, 0x0, 0x0, 0x75, 0xff, 0xff, 0x6d,
    0x0, 0x0, 0x0, 0x0, 0x0, 0x0, 0xc5, 0xff,
    0xbf, 0x1, 0x0, 0x0, 0x0, 0x0, 0x0, 0x8,
    0xad, 0xaf, 0x20, 0x0, 0x0, 0x0, 0x0, 0x0,
    0x0, 0x0, 0x0, 0x0, 0x0, 0x0, 0x0, 0x0,
    0xe0, 0xff, 0x94, 0x46, 0xc6, 0xf6, 0xeb, 0x94,
    0xa, 0x0, 0xe0, 0xff, 0xd8, 0xfc, 0xff, 0xff,
    0xff, 0xff, 0xb4, 0x0, 0xe0, 0xff, 0xff, 0xee,
    0x82, 0x7d, 0xed, 0xff, 0xff, 0x2b, 0xe0, 0xff,
    0xff, 0x38, 0x0, 0x0, 0x5f, 0xff, 0xff, 0x58,
    0xe0, 0xff, 0xd8, 0x0, 0x0, 0x0, 0x33, 0xff,
    0xff, 0x6f, 0xe0, 0xff, 0xbd, 0x0, 0x0, 0x0,
    0x30, 0xff, 0xff, 0x70, 0xe0, 0xff, 0xbc, 0x0,
    0x0, 0x0, 0x30, 0xff, 0xff, 0x70, 0xe0, 0xff,
    0xbc, 0x0, 0x0, 0x0, 0x30, 0xff, 0xff, 0x70,
    0xe0, 0xff, 0xbc, 0x0, 0x0, 0x0, 0x30, 0xff,
    0xff, 0x70, 0xe0, 0xff, 0xbc, 0x0, 0x0, 0x0,
    0x30, 0xff, 0xff, 0x70,

    /* U+0145 "Ņ" */
    0x90, 0xff, 0xff, 0xda, 0x7, 0x0, 0x0, 0x0,
    0x0, 0xa8, 0xff, 0xff, 0x4, 0x90, 0xff, 0xff,
    0xff, 0x7f, 0x0, 0x0, 0x0, 0x0, 0xa8, 0xff,
    0xff, 0x4, 0x90, 0xff, 0xff, 0xff, 0xf8, 0x24,
    0x0, 0x0, 0x0, 0xa8, 0xff, 0xff, 0x4, 0x90,
    0xff, 0xff, 0xff, 0xff, 0xb9, 0x0, 0x0, 0x0,
    0xa8, 0xff, 0xff, 0x4, 0x90, 0xff, 0xf7, 0xa9,
    0xff, 0xff, 0x56, 0x0, 0x0, 0xa8, 0xff, 0xff,
    0x4, 0x90, 0xff, 0xff, 0x1e, 0xf1, 0xff, 0xe5,
    0xe, 0x0, 0xa8, 0xff, 0xff, 0x4, 0x90, 0xff,
    0xff, 0x13, 0x6d, 0xff, 0xff, 0x91, 0x0, 0xa7,
    0xff, 0xff, 0x4, 0x90, 0xff, 0xff, 0x18, 0x3,
    0xcc, 0xff, 0xfc, 0x31, 0x9c, 0xff, 0xff, 0x4,
    0x90, 0xff, 0xff, 0x18, 0x0, 0x34, 0xfd, 0xff,
    0xc9, 0x8f, 0xff, 0xff, 0x4, 0x90, 0xff, 0xff,
    0x18, 0x0, 0x0, 0x95, 0xff, 0xff, 0xe5, 0xff,
    0xff, 0x4, 0x90, 0xff, 0xff, 0x18, 0x0, 0x0,
    0xf, 0xe7, 0xff, 0xff, 0xff, 0xff, 0x4, 0x90,
    0xff, 0xff, 0x18, 0x0, 0x0, 0x0, 0x5a, 0xff,
    0xff, 0xff, 0xff, 0x4, 0x90, 0xff, 0xff, 0x18,
    0x0, 0x0, 0x0, 0x0, 0xbc, 0xff, 0xff, 0xff,
    0x4, 0x90, 0xff, 0xff, 0x18, 0x0, 0x0, 0x0,
    0x0, 0x26, 0xf8, 0xff, 0xff, 0x4, 0x0, 0x0,
    0x0, 0x0, 0x0, 0x0, 0x0, 0x0, 0x0, 0x0,
    0x0, 0x0, 0x0, 0x0, 0x0, 0x0, 0x0, 0x5,
    0xbc, 0xec, 0x41, 0x0, 0x0, 0x0, 0x0, 0x0,
    0x0, 0x0, 0x0, 0x0, 0x22, 0xff, 0xff, 0x97,
    0x0, 0x0, 0x0, 0x0, 0x0, 0x0, 0x0, 0x0,
    0x0, 0x0, 0xa5, 0xfd, 0x39, 0x0, 0x0, 0x0,
    0x0, 0x0, 0x0, 0x0, 0x0, 0x0, 0x8, 0xda,
    0x89, 0x0, 0x0, 0x0, 0x0, 0x0, 0x0, 0x0,
    0x0, 0x0, 0x0, 0x7, 0x72, 0x7, 0x0, 0x0,
    0x0, 0x0, 0x0, 0x0,

    /* U+0146 "ņ" */
    0xe0, 0xff, 0x94, 0x46, 0xc6, 0xf6, 0xeb, 0x94,
    0xa, 0x0, 0xe0, 0xff, 0xd8, 0xfc, 0xff, 0xff,
    0xff, 0xff, 0xb4, 0x0, 0xe0, 0xff, 0xff, 0xee,
    0x82, 0x7d, 0xed, 0xff, 0xff, 0x2b, 0xe0, 0xff,
    0xff, 0x38, 0x0, 0x0, 0x5f, 0xff, 0xff, 0x58,
    0xe0, 0xff, 0xd8, 0x0, 0x0, 0x0, 0x33, 0xff,
    0xff, 0x6f, 0xe0, 0xff, 0xbd, 0x0, 0x0, 0x0,
    0x30, 0xff, 0xff, 0x70, 0xe0, 0xff, 0xbc, 0x0,
    0x0, 0x0, 0x30, 0xff, 0xff, 0x70, 0xe0, 0xff,
    0xbc, 0x0, 0x0, 0x0, 0x30, 0xff, 0xff, 0x70,
    0xe0, 0xff, 0xbc, 0x0, 0x0, 0x0, 0x30, 0xff,
    0xff, 0x70, 0xe0, 0xff, 0xbc, 0x0, 0x0, 0x0,
    0x30, 0xff, 0xff, 0x70, 0x0, 0x0, 0x0, 0x0,
    0x0, 0x0, 0x0, 0x0, 0x0, 0x0, 0x0, 0x0,
    0x0, 0x43, 0xec, 0xba, 0x5, 0x0, 0x0, 0x0,
    0x0, 0x0, 0x0, 0x93, 0xff, 0xff, 0x27, 0x0,
    0x0, 0x0, 0x0, 0x0, 0x0, 0x24, 0xf2, 0xc5,
    0x1, 0x0, 0x0, 0x0, 0x0, 0x0, 0x0, 0x55,
    0xf5, 0x24, 0x0, 0x0, 0x0, 0x0, 0x0, 0x0,
    0x0, 0x2e, 0x53, 0x0, 0x0, 0x0, 0x0, 0x0,

    /* U+0147 "Ň" */
    0x0, 0x0, 0x1, 0x3a, 0x3c, 0x1d, 0x0, 0x33,
    0x3c, 0x2b, 0x0, 0x0, 0x0, 0x0, 0x0, 0x0,
    0x71, 0xff, 0xe0, 0x62, 0xff, 0xf4, 0x3b, 0x0,
    0x0, 0x0, 0x0, 0x0, 0x0, 0x0, 0x8d, 0xff,
    0xff, 0xf8, 0x44, 0x0, 0x0, 0x0, 0x0, 0x0,
    0x0, 0x0, 0x0, 0x1, 0x4f, 0x54, 0x33, 0x0,
    0x0, 0x0, 0x0, 0x0, 0x90, 0xff, 0xff, 0xda,
    0x7, 0x0, 0x0, 0x0, 0x0, 0xa8, 0xff, 0xff,
    0x4, 0x90, 0xff, 0xff, 0xff, 0x7f, 0x0, 0x0,
    0x0, 0x0, 0xa8, 0xff, 0xff, 0x4, 0x90, 0xff,
    0xff, 0xff, 0xf8, 0x24, 0x0, 0x0, 0x0, 0xa8,
    0xff, 0xff, 0x4, 0x90, 0xff, 0xff, 0xff, 0xff,
    0xb9, 0x0, 0x0, 0x0, 0xa8, 0xff, 0xff, 0x4,
    0x90, 0xff, 0xf7, 0xa9, 0xff, 0xff, 0x56, 0x0,
    0x0, 0xa8, 0xff, 0xff, 0x4, 0x90, 0xff, 0xff,
    0x1e, 0xf1, 0xff, 0xe5, 0xe, 0x0, 0xa8, 0xff,
    0xff, 0x4, 0x90, 0xff, 0xff, 0x13, 0x6d, 0xff,
    0xff, 0x91, 0x0, 0xa7, 0xff, 0xff, 0x4, 0x90,
    0xff, 0xff, 0x18, 0x3, 0xcc, 0xff, 0xfc, 0x31,
    0x9c, 0xff, 0xff, 0x4, 0x90, 0xff, 0xff, 0x18,
    0x0, 0x34, 0xfd, 0xff, 0xc9, 0x8f, 0xff, 0xff,
    0x4, 0x90, 0xff, 0xff, 0x18, 0x0, 0x0, 0x95,
    0xff, 0xff, 0xe5, 0xff, 0xff, 0x4, 0x90, 0xff,
    0xff, 0x18, 0x0, 0x0, 0xf, 0xe7, 0xff, 0xff,
    0xff, 0xff, 0x4, 0x90, 0xff, 0xff, 0x18, 0x0,
    0x0, 0x0, 0x5a, 0xff, 0xff, 0xff, 0xff, 0x4,
    0x90, 0xff, 0xff, 0x18, 0x0, 0x0, 0x0, 0x0,
    0xbc, 0xff, 0xff, 0xff, 0x4, 0x90, 0xff, 0xff,
    0x18, 0x0, 0x0, 0x0, 0x0, 0x26, 0xf8, 0xff,
    0xff, 0x4,

    /* U+0148 "ň" */
    0x0, 0x2e, 0xec, 0xfe, 0x68, 0xb5, 0xff, 0xca,
    0xf, 0x0, 0x0, 0x0, 0x31, 0xee, 0xff, 0xff,
    0xc3, 0xe, 0x0, 0x0, 0x0, 0x0, 0x0, 0x27,
    0x54, 0x53, 0xa, 0x0, 0x0, 0x0, 0x0, 0x0,
    0x0, 0x0, 0x0, 0x0, 0x0, 0x0, 0x0, 0x0,
    0xe0, 0xff, 0x94, 0x46, 0xc6, 0xf6, 0xeb, 0x94,
    0xa, 0x0, 0xe0, 0xff, 0xd8, 0xfc, 0xff, 0xff,
    0xff, 0xff, 0xb4, 0x0, 0xe0, 0xff, 0xff, 0xee,
    0x82, 0x7d, 0xed, 0xff, 0xff, 0x2b, 0xe0, 0xff,
    0xff, 0x38, 0x0, 0x0, 0x5f, 0xff, 0xff, 0x58,
    0xe0, 0xff, 0xd8, 0x0, 0x0, 0x0, 0x33, 0xff,
    0xff, 0x6f, 0xe0, 0xff, 0xbd, 0x0, 0x0, 0x0,
    0x30, 0xff, 0xff, 0x70, 0xe0, 0xff, 0xbc, 0x0,
    0x0, 0x0, 0x30, 0xff, 0xff, 0x70, 0xe0, 0xff,
    0xbc, 0x0, 0x0, 0x0, 0x30, 0xff, 0xff, 0x70,
    0xe0, 0xff, 0xbc, 0x0, 0x0, 0x0, 0x30, 0xff,
    0xff, 0x70, 0xe0, 0xff, 0xbc, 0x0, 0x0, 0x0,
    0x30, 0xff, 0xff, 0x70,

    /* U+014A "Ŋ" */
    0x90, 0xff, 0xff, 0xdb, 0x8, 0x0, 0x0, 0x0,
    0x0, 0xa8, 0xff, 0xff, 0x4, 0x90, 0xff, 0xff,
    0xff, 0x84, 0x0, 0x0, 0x0, 0x0, 0xa8, 0xff,
    0xff, 0x4, 0x90, 0xff, 0xff, 0xff, 0xfa, 0x2a,
    0x0, 0x0, 0x0, 0xa8, 0xff, 0xff, 0x4, 0x90,
    0xff, 0xff, 0xff, 0xff, 0xc4, 0x1, 0x0, 0x0,
    0xa8, 0xff, 0xff, 0x4, 0x90, 0xff, 0xf7, 0xa8,
    0xff, 0xff, 0x66, 0x0, 0x0, 0xa8, 0xff, 0xff,
    0x4, 0x90, 0xff, 0xff, 0x1b, 0xee, 0xff, 0xef,
    0x17, 0x0, 0xa8, 0xff, 0xff, 0x4, 0x90, 0xff,
    0xff, 0x13, 0x63, 0xff, 0xff, 0xa7, 0x0, 0xa6,
    0xff, 0xff, 0x4, 0x90, 0xff, 0xff, 0x18, 0x1,
    0xc0, 0xff, 0xff, 0x48, 0x99, 0xff, 0xff, 0x4,
    0x90, 0xff, 0xff, 0x18, 0x0, 0x27, 0xf8, 0xff,
    0xdf, 0x94, 0xff, 0xff, 0x4, 0x90, 0xff, 0xff,
    0x18, 0x0, 0x0, 0x7e, 0xff, 0xff, 0xf5, 0xff,
    0xff, 0x4, 0x90, 0xff, 0xff, 0x18, 0x0, 0x0,
    0x6, 0xd5, 0xff, 0xff, 0xff, 0xff, 0x4, 0x90,
    0xff, 0xff, 0x18, 0x0, 0x0, 0x0, 0x3b, 0xfe,
    0xff, 0xff, 0xff, 0x4, 0x90, 0xff, 0xff, 0x18,
    0x0, 0x0, 0x0, 0x0, 0x99, 0xff, 0xff, 0xff,
    0x4, 0x90, 0xff, 0xff, 0x18, 0x0, 0x0, 0x0,
    0x0, 0xf, 0xe6, 0xff, 0xff, 0x4, 0x0, 0x0,
    0x0, 0x0, 0x0, 0x0, 0x0, 0x0, 0x0, 0xab,
    0xff, 0xfe, 0x2, 0x0, 0x0, 0x0, 0x0, 0x0,
    0x0, 0x0, 0x27, 0x6c, 0xec, 0xff, 0xe5, 0x0,
    0x0, 0x0, 0x0, 0x0, 0x0, 0x0, 0x0, 0x85,
    0xff, 0xff, 0xff, 0x89, 0x0, 0x0, 0x0, 0x0,
    0x0, 0x0, 0x0, 0x0, 0xa9, 0xfa, 0xe2, 0x83,
    0x6, 0x0,

    /* U+014B "ŋ" */
    0xe0, 0xff, 0x94, 0x46, 0xc6, 0xf6, 0xeb, 0x95,
    0xc, 0x0, 0xe0, 0xff, 0xd8, 0xfc, 0xff, 0xff,
    0xff, 0xff, 0xbc, 0x0, 0xe0, 0xff, 0xff, 0xee,
    0x82, 0x7b, 0xea, 0xff, 0xff, 0x32, 0xe0, 0xff,
    0xff, 0x38, 0x0, 0x0, 0x5b, 0xff, 0xff, 0x5d,
    0xe0, 0xff, 0xd8, 0x0, 0x0, 0x0, 0x32, 0xff,
    0xff, 0x70, 0xe0, 0xff, 0xbd, 0x0, 0x0, 0x0,
    0x30, 0xff, 0xff, 0x70, 0xe0, 0xff, 0xbc, 0x0,
    0x0, 0x0, 0x30, 0xff, 0xff, 0x70, 0xe0, 0xff,
    0xbc, 0x0, 0x0, 0x0, 0x30, 0xff, 0xff, 0x70,
    0xe0, 0xff, 0xbc, 0x0, 0x0, 0x0, 0x30, 0xff,
    0xff, 0x70, 0xe0, 0xff, 0xbc, 0x0, 0x0, 0x0,
    0x30, 0xff, 0xff, 0x70, 0x0, 0x0, 0x0, 0x0,
    0x0, 0x0, 0x33, 0xff, 0xff, 0x6e, 0x0, 0x0,
    0x0, 0x0, 0x0, 0x5f, 0xaa, 0xff, 0xff, 0x57,
    0x0, 0x0, 0x0, 0x0, 0x13, 0xfd, 0xff, 0xff,
    0xe6, 0xf, 0x0, 0x0, 0x0, 0x0, 0x41, 0xf0,
    0xf5, 0xc1, 0x33, 0x0,

    /* U+014C "Ō" */
    0x0, 0x0, 0x0, 0x0, 0x0, 0xb6, 0xf8, 0xf8,
    0xf8, 0xf8, 0xf8, 0x2e, 0x0, 0x0, 0x0, 0x0,
    0x0, 0x0, 0x0, 0x0, 0x0, 0xbc, 0xff, 0xff,
    0xff, 0xff, 0xff, 0x30, 0x0, 0x0, 0x0, 0x0,
    0x0, 0x0, 0x0, 0x0, 0x0, 0x0, 0x0, 0x0,
    0x0, 0x0, 0x0, 0x0, 0x0, 0x0, 0x0, 0x0,
    0x0, 0x0, 0x0, 0x0, 0x0, 0x0, 0x0, 0x0,
    0x0, 0x0, 0x0, 0x0, 0x0, 0x0, 0x0, 0x0,
    0x0, 0x0, 0x0, 0x0, 0x1b, 0x84, 0xcd, 0xef,
    0xf8, 0xe1, 0xa6, 0x4a, 0x0, 0x0, 0x0, 0x0,
    0x0, 0x0, 0x0, 0x73, 0xf8, 0xff, 0xff, 0xff,
    0xff, 0xff, 0xff, 0xff, 0xc2, 0x1a, 0x0, 0x0,
    0x0, 0x0, 0x87, 0xff, 0xff, 0xff, 0xd0, 0x95,
    0x8b, 0xb0, 0xf6, 0xff, 0xff, 0xdf, 0x17, 0x0,
    0x0, 0x44, 0xff, 0xff, 0xec, 0x4b, 0x0, 0x0,
    0x0, 0x0, 0x16, 0xb2, 0xff, 0xff, 0xb1, 0x0,
    0x0, 0xc4, 0xff, 0xfe, 0x3b, 0x0, 0x0, 0x0,
    0x0, 0x0, 0x0, 0x4, 0xc4, 0xff, 0xff, 0x31,
    0x15, 0xfe, 0xff, 0xb5, 0x0, 0x0, 0x0, 0x0,
    0x0, 0x0, 0x0, 0x0, 0x45, 0xff, 0xff, 0x82,
    0x37, 0xff, 0xff, 0x7c, 0x0, 0x0, 0x0, 0x0,
    0x0, 0x0, 0x0, 0x0, 0xc, 0xff, 0xff, 0xa6,
    0x38, 0xff, 0xff, 0x7c, 0x0, 0x0, 0x0, 0x0,
    0x0, 0x0, 0x0, 0x0, 0xc, 0xff, 0xff, 0xa6,
    0x15, 0xfe, 0xff, 0xb5, 0x0, 0x0, 0x0, 0x0,
    0x0, 0x0, 0x0, 0x0, 0x45, 0xff, 0xff, 0x82,
    0x0, 0xc4, 0xff, 0xfe, 0x3a, 0x0, 0x0, 0x0,
    0x0, 0x0, 0x0, 0x4, 0xc3, 0xff, 0xff, 0x31,
    0x0, 0x44, 0xff, 0xff, 0xeb, 0x58, 0x0, 0x0,
    0x0, 0x0, 0x20, 0xb5, 0xff, 0xff, 0xb1, 0x0,
    0x0, 0x0, 0x87, 0xff, 0xff, 0xff, 0xd2, 0x98,
    0x8e, 0xb1, 0xf7, 0xff, 0xff, 0xdf, 0x17, 0x0,
    0x0, 0x0, 0x0, 0x74, 0xf9, 0xff, 0xff, 0xff,
    0xff, 0xff, 0xff, 0xff, 0xc3, 0x1b, 0x0, 0x0,
    0x0, 0x0, 0x0, 0x0, 0x1d, 0x88, 0xce, 0xf1,
    0xf8, 0xe2, 0xa9, 0x4e, 0x0, 0x0, 0x0, 0x0,

    /* U+014D "ō" */
    0x0, 0x0, 0x34, 0xff, 0xff, 0xff, 0xff, 0xff,
    0xb8, 0x0, 0x0, 0x0, 0x0, 0x32, 0xf8, 0xf8,
    0xf8, 0xf8, 0xf8, 0xb2, 0x0, 0x0, 0x0, 0x0,
    0x0, 0x0, 0x0, 0x0, 0x0, 0x0, 0x0, 0x0,
    0x0, 0x0, 0x0, 0x0, 0x0, 0x0, 0x0, 0x0,
    0x0, 0x0, 0x0, 0x0, 0x0, 0x0, 0x11, 0x86,
    0xd8, 0xf8, 0xee, 0xb8, 0x48, 0x0, 0x0, 0x0,
    0x1f, 0xdf, 0xff, 0xff, 0xff, 0xff, 0xff, 0xff,
    0x84, 0x0, 0x0, 0xc5, 0xff, 0xff, 0xc1, 0x73,
    0x8c, 0xf2, 0xff, 0xff, 0x4a, 0x33, 0xff, 0xff,
    0xac, 0x0, 0x0, 0x0, 0x2f, 0xf9, 0xff, 0xb6,
    0x64, 0xff, 0xff, 0x47, 0x0, 0x0, 0x0, 0x0,
    0xc2, 0xff, 0xe8, 0x65, 0xff, 0xff, 0x46, 0x0,
    0x0, 0x0, 0x0, 0xc2, 0xff, 0xe7, 0x34, 0xff,
    0xff, 0xaa, 0x0, 0x0, 0x0, 0x2d, 0xf9, 0xff,
    0xb7, 0x0, 0xc7, 0xff, 0xff, 0xbd, 0x71, 0x89,
    0xf0, 0xff, 0xff, 0x4d, 0x0, 0x21, 0xe1, 0xff,
    0xff, 0xff, 0xff, 0xff, 0xff, 0x87, 0x0, 0x0,
    0x0, 0x12, 0x87, 0xd9, 0xf9, 0xef, 0xb8, 0x49,
    0x0, 0x0,

    /* U+014E "Ŏ" */
    0x0, 0x0, 0x0, 0x0, 0x0, 0x68, 0xff, 0x8f,
    0x23, 0xfc, 0xd6, 0x0, 0x0, 0x0, 0x0, 0x0,
    0x0, 0x0, 0x0, 0x0, 0x0, 0x18, 0xec, 0xff,
    0xff, 0xff, 0x75, 0x0, 0x0, 0x0, 0x0, 0x0,
    0x0, 0x0, 0x0, 0x0, 0x0, 0x0, 0x25, 0x9c,
    0xb4, 0x64, 0x1, 0x0, 0x0, 0x0, 0x0, 0x0,
    0x0, 0x0, 0x0, 0x0, 0x0, 0x0, 0x0, 0x0,
    0x0, 0x0, 0x0, 0x0, 0x0, 0x0, 0x0, 0x0,
    0x0, 0x0, 0x0, 0x0, 0x1b, 0x84, 0xcd, 0xef,
    0xf8, 0xe1, 0xa6, 0x4a, 0x0, 0x0, 0x0, 0x0,
    0x0, 0x0, 0x0, 0x73, 0xf8, 0xff, 0xff, 0xff,
    0xff, 0xff, 0xff, 0xff, 0xc2, 0x1a, 0x0, 0x0,
    0x0, 0x0, 0x87, 0xff, 0xff, 0xff, 0xd0, 0x95,
    0x8b, 0xb0, 0xf6, 0xff, 0xff, 0xdf, 0x17, 0x0,
    0x0, 0x44, 0xff, 0xff, 0xec, 0x4b, 0x0, 0x0,
    0x0, 0x0, 0x16, 0xb2, 0xff, 0xff, 0xb1, 0x0,
    0x0, 0xc4, 0xff, 0xfe, 0x3b, 0x0, 0x0, 0x0,
    0x0, 0x0, 0x0, 0x4, 0xc4, 0xff, 0xff, 0x31,
    0x15, 0xfe, 0xff, 0xb5, 0x0, 0x0, 0x0, 0x0,
    0x0, 0x0, 0x0, 0x0, 0x45, 0xff, 0xff, 0x82,
    0x37, 0xff, 0xff, 0x7c, 0x0, 0x0, 0x0, 0x0,
    0x0, 0x0, 0x0, 0x0, 0xc, 0xff, 0xff, 0xa6,
    0x38, 0xff, 0xff, 0x7c, 0x0, 0x0, 0x0, 0x0,
    0x0, 0x0, 0x0, 0x0, 0xc, 0xff, 0xff, 0xa6,
    0x15, 0xfe, 0xff, 0xb5, 0x0, 0x0, 0x0, 0x0,
    0x0, 0x0, 0x0, 0x0, 0x45, 0xff, 0xff, 0x82,
    0x0, 0xc4, 0xff, 0xfe, 0x3a, 0x0, 0x0, 0x0,
    0x0, 0x0, 0x0, 0x4, 0xc3, 0xff, 0xff, 0x31,
    0x0, 0x44, 0xff, 0xff, 0xeb, 0x58, 0x0, 0x0,
    0x0, 0x0, 0x20, 0xb5, 0xff, 0xff, 0xb1, 0x0,
    0x0, 0x0, 0x87, 0xff, 0xff, 0xff, 0xd2, 0x98,
    0x8e, 0xb1, 0xf7, 0xff, 0xff, 0xdf, 0x17, 0x0,
    0x0, 0x0, 0x0, 0x74, 0xf9, 0xff, 0xff, 0xff,
    0xff, 0xff, 0xff, 0xff, 0xc3, 0x1b, 0x0, 0x0,
    0x0, 0x0, 0x0, 0x0, 0x1d, 0x88, 0xce, 0xf1,
    0xf8, 0xe2, 0xa9, 0x4e, 0x0, 0x0, 0x0, 0x0,

    /* U+014F "ŏ" */
    0x0, 0x0, 0x0, 0xce, 0xff, 0xd1, 0xe8, 0xff,
    0x56, 0x0, 0x0, 0x0, 0x0, 0x0, 0x28, 0xbc,
    0xf5, 0xe5, 0x7d, 0x1, 0x0, 0x0, 0x0, 0x0,
    0x0, 0x0, 0x0, 0x0, 0x0, 0x0, 0x0, 0x0,
    0x0, 0x0, 0x0, 0x0, 0x0, 0x0, 0x0, 0x0,
    0x0, 0x0, 0x0, 0x0, 0x0, 0x0, 0x11, 0x86,
    0xd8, 0xf8, 0xee, 0xb8, 0x48, 0x0, 0x0, 0x0,
    0x1f, 0xdf, 0xff, 0xff, 0xff, 0xff, 0xff, 0xff,
    0x84, 0x0, 0x0, 0xc5, 0xff, 0xff, 0xc1, 0x73,
    0x8c, 0xf2, 0xff, 0xff, 0x4a, 0x33, 0xff, 0xff,
    0xac, 0x0, 0x0, 0x0, 0x2f, 0xf9, 0xff, 0xb6,
    0x64, 0xff, 0xff, 0x47, 0x0, 0x0, 0x0, 0x0,
    0xc2, 0xff, 0xe8, 0x65, 0xff, 0xff, 0x46, 0x0,
    0x0, 0x0, 0x0, 0xc2, 0xff, 0xe7, 0x34, 0xff,
    0xff, 0xaa, 0x0, 0x0, 0x0, 0x2d, 0xf9, 0xff,
    0xb7, 0x0, 0xc7, 0xff, 0xff, 0xbd, 0x71, 0x89,
    0xf0, 0xff, 0xff, 0x4d, 0x0, 0x21, 0xe1, 0xff,
    0xff, 0xff, 0xff, 0xff, 0xff, 0x87, 0x0, 0x0,
    0x0, 0x12, 0x87, 0xd9, 0xf9, 0xef, 0xb8, 0x49,
    0x0, 0x0,

    /* U+0150 "Ő" */
    0x0, 0x0, 0x0, 0x0, 0x0, 0xc, 0xf8, 0xff,
    0xd6, 0x1a, 0xfc, 0xff, 0xcd, 0x4, 0x0, 0x0,
    0x0, 0x0, 0x0, 0x0, 0x0, 0x55, 0xff, 0xfc,
    0x36, 0x5e, 0xff, 0xf9, 0x2d, 0x0, 0x0, 0x0,
    0x0, 0x0, 0x0, 0x0, 0x0, 0x68, 0xb0, 0x6f,
    0x0, 0x6e, 0xb0, 0x67, 0x0, 0x0, 0x0, 0x0,
    0x0, 0x0, 0x0, 0x0, 0x0, 0x0, 0x0, 0x0,
    0x0, 0x0, 0x0, 0x0, 0x0, 0x0, 0x0, 0x0,
    0x0, 0x0, 0x0, 0x0, 0x1b, 0x84, 0xcd, 0xef,
    0xf8, 0xe1, 0xa6, 0x4a, 0x0, 0x0, 0x0, 0x0,
    0x0, 0x0, 0x0, 0x73, 0xf8, 0xff, 0xff, 0xff,
    0xff, 0xff, 0xff, 0xff, 0xc2, 0x1a, 0x0, 0x0,
    0x0, 0x0, 0x87, 0xff, 0xff, 0xff, 0xd0, 0x95,
    0x8b, 0xb0, 0xf6, 0xff, 0xff, 0xdf, 0x17, 0x0,
    0x0, 0x44, 0xff, 0xff, 0xec, 0x4b, 0x0, 0x0,
    0x0, 0x0, 0x16, 0xb2, 0xff, 0xff, 0xb1, 0x0,
    0x0, 0xc4, 0xff, 0xfe, 0x3b, 0x0, 0x0, 0x0,
    0x0, 0x0, 0x0, 0x4, 0xc4, 0xff, 0xff, 0x31,
    0x15, 0xfe, 0xff, 0xb5, 0x0, 0x0, 0x0, 0x0,
    0x0, 0x0, 0x0, 0x0, 0x45, 0xff, 0xff, 0x82,
    0x37, 0xff, 0xff, 0x7c, 0x0, 0x0, 0x0, 0x0,
    0x0, 0x0, 0x0, 0x0, 0xc, 0xff, 0xff, 0xa6,
    0x38, 0xff, 0xff, 0x7c, 0x0, 0x0, 0x0, 0x0,
    0x0, 0x0, 0x0, 0x0, 0xc, 0xff, 0xff, 0xa6,
    0x15, 0xfe, 0xff, 0xb5, 0x0, 0x0, 0x0, 0x0,
    0x0, 0x0, 0x0, 0x0, 0x45, 0xff, 0xff, 0x82,
    0x0, 0xc4, 0xff, 0xfe, 0x3a, 0x0, 0x0, 0x0,
    0x0, 0x0, 0x0, 0x4, 0xc3, 0xff, 0xff, 0x31,
    0x0, 0x44, 0xff, 0xff, 0xeb, 0x58, 0x0, 0x0,
    0x0, 0x0, 0x20, 0xb5, 0xff, 0xff, 0xb1, 0x0,
    0x0, 0x0, 0x87, 0xff, 0xff, 0xff, 0xd2, 0x98,
    0x8e, 0xb1, 0xf7, 0xff, 0xff, 0xdf, 0x17, 0x0,
    0x0, 0x0, 0x0, 0x74, 0xf9, 0xff, 0xff, 0xff,
    0xff, 0xff, 0xff, 0xff, 0xc3, 0x1b, 0x0, 0x0,
    0x0, 0x0, 0x0, 0x0, 0x1d, 0x88, 0xce, 0xf1,
    0xf8, 0xe2, 0xa9, 0x4e, 0x0, 0x0, 0x0, 0x0,

    /* U+0151 "ő" */
    0x0, 0x0, 0x0, 0x90, 0xff, 0xff, 0x52, 0x9d,
    0xff, 0xfe, 0x43, 0x0, 0x0, 0x0, 0xde, 0xff,
    0xa6, 0x2, 0xea, 0xff, 0x96, 0x0, 0x0, 0x0,
    0x16, 0xb0, 0xac, 0x13, 0x21, 0xb0, 0xa8, 0xc,
    0x0, 0x0, 0x0, 0x0, 0x0, 0x0, 0x0, 0x0,
    0x0, 0x0, 0x0, 0x0, 0x0, 0x0, 0x11, 0x86,
    0xd8, 0xf8, 0xee, 0xb8, 0x48, 0x0, 0x0, 0x0,
    0x1f, 0xdf, 0xff, 0xff, 0xff, 0xff, 0xff, 0xff,
    0x84, 0x0, 0x0, 0xc5, 0xff, 0xff, 0xc1, 0x73,
    0x8c, 0xf2, 0xff, 0xff, 0x4a, 0x33, 0xff, 0xff,
    0xac, 0x0, 0x0, 0x0, 0x2f, 0xf9, 0xff, 0xb6,
    0x64, 0xff, 0xff, 0x47, 0x0, 0x0, 0x0, 0x0,
    0xc2, 0xff, 0xe8, 0x65, 0xff, 0xff, 0x46, 0x0,
    0x0, 0x0, 0x0, 0xc2, 0xff, 0xe7, 0x34, 0xff,
    0xff, 0xaa, 0x0, 0x0, 0x0, 0x2d, 0xf9, 0xff,
    0xb7, 0x0, 0xc7, 0xff, 0xff, 0xbd, 0x71, 0x89,
    0xf0, 0xff, 0xff, 0x4d, 0x0, 0x21, 0xe1, 0xff,
    0xff, 0xff, 0xff, 0xff, 0xff, 0x87, 0x0, 0x0,
    0x0, 0x12, 0x87, 0xd9, 0xf9, 0xef, 0xb8, 0x49,
    0x0, 0x0,

    /* U+0152 "Œ" */
    0x0, 0x0, 0x0, 0x0, 0x25, 0x8f, 0xd5, 0xf4,
    0xf5, 0xda, 0x98, 0x2b, 0x34, 0xff, 0xff, 0xff,
    0xff, 0xff, 0xff, 0xff, 0xff, 0xe0, 0x0, 0x0,
    0x1, 0x7f, 0xfb, 0xff, 0xff, 0xff, 0xff, 0xff,
    0xff, 0xfc, 0x9f, 0xff, 0xff, 0xff, 0xff, 0xff,
    0xff, 0xff, 0xff, 0xe0, 0x0, 0x0, 0x90, 0xff,
    0xff, 0xff, 0xd0, 0x95, 0x8b, 0xb0, 0xf6, 0xff,
    0xff, 0xff, 0xff, 0xc2, 0x88, 0x88, 0x88, 0x88,
    0x88, 0x77, 0x0, 0x47, 0xff, 0xff, 0xec, 0x4b,
    0x0, 0x0, 0x0, 0x0, 0x16, 0xb2, 0xff, 0xff,
    0xff, 0x7c, 0x0, 0x0, 0x0, 0x0, 0x0, 0x0,
    0x0, 0xc5, 0xff, 0xfe, 0x3b, 0x0, 0x0, 0x0,
    0x0, 0x0, 0x0, 0x4, 0xc4, 0xff, 0xff, 0x7c,
    0x0, 0x0, 0x0, 0x0, 0x0, 0x0, 0x15, 0xfe,
    0xff, 0xb5, 0x0, 0x0, 0x0, 0x0, 0x0, 0x0,
    0x0, 0x0, 0x45, 0xff, 0xff, 0xc0, 0x84, 0x84,
    0x84, 0x84, 0x84, 0x1e, 0x37, 0xff, 0xff, 0x7c,
    0x0, 0x0, 0x0, 0x0, 0x0, 0x0, 0x0, 0x0,
    0xc, 0xff, 0xff, 0xff, 0xff, 0xff, 0xff, 0xff,
    0xff, 0x3c, 0x38, 0xff, 0xff, 0x7c, 0x0, 0x0,
    0x0, 0x0, 0x0, 0x0, 0x0, 0x0, 0xc, 0xff,
    0xff, 0xff, 0xff, 0xff, 0xff, 0xff, 0xff, 0x3c,
    0x15, 0xfe, 0xff, 0xb5, 0x0, 0x0, 0x0, 0x0,
    0x0, 0x0, 0x0, 0x0, 0x45, 0xff, 0xff, 0x7c,
    0x0, 0x0, 0x0, 0x0, 0x0, 0x0, 0x0, 0xc5,
    0xff, 0xfe, 0x3a, 0x0, 0x0, 0x0, 0x0, 0x0,
    0x0, 0x4, 0xc3, 0xff, 0xff, 0x7c, 0x0, 0x0,
    0x0, 0x0, 0x0, 0x0, 0x0, 0x47, 0xff, 0xff,
    0xeb, 0x58, 0x0, 0x0, 0x0, 0x0, 0x20, 0xb5,
    0xff, 0xff, 0xff, 0x7c, 0x0, 0x0, 0x0, 0x0,
    0x0, 0x0, 0x0, 0x0, 0x90, 0xff, 0xff, 0xff,
    0xd2, 0x98, 0x8e, 0xb1, 0xf7, 0xff, 0xff, 0xff,
    0xff, 0xc2, 0x88, 0x88, 0x88, 0x88, 0x88, 0x77,
    0x0, 0x0, 0x1, 0x81, 0xfc, 0xff, 0xff, 0xff,
    0xff, 0xff, 0xff, 0xfd, 0xa2, 0xff, 0xff, 0xff,
    0xff, 0xff, 0xff, 0xff, 0xff, 0xe0, 0x0, 0x0,
    0x0, 0x0, 0x27, 0x93, 0xd7, 0xf5, 0xf6, 0xdc,
    0x9c, 0x2f, 0x34, 0xff, 0xff, 0xff, 0xff, 0xff,
    0xff, 0xff, 0xff, 0xe0,

    /* U+0153 "œ" */
    0x0, 0x0, 0x11, 0x86, 0xd8, 0xf8, 0xeb, 0xaa,
    0x2c, 0x0, 0x9, 0x82, 0xdc, 0xf9, 0xe4, 0x9a,
    0x1e, 0x0, 0x0, 0x0, 0x1f, 0xdf, 0xff, 0xff,
    0xff, 0xff, 0xff, 0xf8, 0x54, 0xcc, 0xff, 0xff,
    0xff, 0xff, 0xff, 0xec, 0x2d, 0x0, 0x0, 0xc5,
    0xff, 0xff, 0xc1, 0x73, 0x8c, 0xf2, 0xff, 0xff,
    0xff, 0xef, 0x60, 0x2b, 0x5d, 0xe8, 0xff, 0xcb,
    0x0, 0x33, 0xff, 0xff, 0xaf, 0x0, 0x0, 0x0,
    0x31, 0xfa, 0xff, 0xff, 0x54, 0x0, 0x0, 0x0,
    0x51, 0xff, 0xff, 0x2b, 0x64, 0xff, 0xff, 0x49,
    0x0, 0x0, 0x0, 0x0, 0xc4, 0xff, 0xff, 0xff,
    0xff, 0xff, 0xff, 0xff, 0xff, 0xff, 0x5a, 0x65,
    0xff, 0xff, 0x44, 0x0, 0x0, 0x0, 0x0, 0xbe,
    0xff, 0xff, 0xd4, 0xd4, 0xd4, 0xd4, 0xd4, 0xd4,
    0xd4, 0x52, 0x33, 0xff, 0xff, 0x9b, 0x0, 0x0,
    0x0, 0x21, 0xf6, 0xff, 0xff, 0x42, 0x0, 0x0,
    0x0, 0x17, 0x49, 0x2, 0x0, 0x0, 0xc4, 0xff,
    0xff, 0xa2, 0x55, 0x6d, 0xe2, 0xff, 0xff, 0xff,
    0xf0, 0x7f, 0x4f, 0x67, 0xdd, 0xff, 0xd7, 0xc,
    0x0, 0x1f, 0xdf, 0xff, 0xff, 0xff, 0xff, 0xff,
    0xf8, 0x5a, 0xd2, 0xff, 0xff, 0xff, 0xff, 0xff,
    0xfa, 0x5e, 0x0, 0x0, 0x0, 0x11, 0x86, 0xd9,
    0xf9, 0xeb, 0xac, 0x2c, 0x0, 0xb, 0x86, 0xdc,
    0xf9, 0xe6, 0xab, 0x35, 0x0, 0x0,

    /* U+0154 "Ŕ" */
    0x0, 0x0, 0x0, 0x0, 0x6c, 0xff, 0xff, 0x75,
    0x0, 0x0, 0x0, 0x0, 0x0, 0x0, 0x0, 0x0,
    0xba, 0xff, 0xc8, 0x3, 0x0, 0x0, 0x0, 0x0,
    0x0, 0x0, 0x0, 0x3, 0xaa, 0xb0, 0x28, 0x0,
    0x0, 0x0, 0x0, 0x0, 0x0, 0x0, 0x0, 0x0,
    0x0, 0x0, 0x0, 0x0, 0x0, 0x0, 0x0, 0x0,
    0x90, 0xff, 0xff, 0xff, 0xff, 0xfe, 0xeb, 0xab,
    0x31, 0x0, 0x0, 0x0, 0x90, 0xff, 0xff, 0xff,
    0xff, 0xff, 0xff, 0xff, 0xf9, 0x4e, 0x0, 0x0,
    0x90, 0xff, 0xff, 0x87, 0x74, 0x76, 0xa9, 0xff,
    0xff, 0xeb, 0xb, 0x0, 0x90, 0xff, 0xff, 0x24,
    0x0, 0x0, 0x0, 0x8c, 0xff, 0xff, 0x4d, 0x0,
    0x90, 0xff, 0xff, 0x24, 0x0, 0x0, 0x0, 0x4f,
    0xff, 0xff, 0x67, 0x0, 0x90, 0xff, 0xff, 0x24,
    0x0, 0x0, 0x0, 0x90, 0xff, 0xff, 0x43, 0x0,
    0x90, 0xff, 0xff, 0x87, 0x74, 0x76, 0xaa, 0xff,
    0xff, 0xd6, 0x4, 0x0, 0x90, 0xff, 0xff, 0xff,
    0xff, 0xff, 0xff, 0xff, 0xe5, 0x2a, 0x0, 0x0,
    0x90, 0xff, 0xff, 0xff, 0xff, 0xff, 0xff, 0xa8,
    0x10, 0x0, 0x0, 0x0, 0x90, 0xff, 0xff, 0x24,
    0x3d, 0xfc, 0xff, 0xde, 0xe, 0x0, 0x0, 0x0,
    0x90, 0xff, 0xff, 0x24, 0x0, 0x7d, 0xff, 0xff,
    0xa7, 0x0, 0x0, 0x0, 0x90, 0xff, 0xff, 0x24,
    0x0, 0x2, 0xbd, 0xff, 0xff, 0x62, 0x0, 0x0,
    0x90, 0xff, 0xff, 0x24, 0x0, 0x0, 0x19, 0xea,
    0xff, 0xf4, 0x27, 0x0, 0x90, 0xff, 0xff, 0x24,
    0x0, 0x0, 0x0, 0x48, 0xfe, 0xff, 0xcf, 0x7,

    /* U+0155 "ŕ" */
    0x0, 0x0, 0x2, 0xe9, 0xff, 0xe5, 0x10, 0x0,
    0x0, 0x0, 0x3a, 0xff, 0xff, 0x4b, 0x0, 0x0,
    0x0, 0x0, 0x55, 0xb0, 0x80, 0x0, 0x0, 0x0,
    0x0, 0x0, 0x0, 0x0, 0x0, 0x0, 0x0, 0x0,
    0xe0, 0xff, 0x94, 0x4b, 0xcd, 0xf9, 0xe4, 0x1,
    0xe0, 0xff, 0xd3, 0xfc, 0xff, 0xff, 0xaf, 0x0,
    0xe0, 0xff, 0xff, 0xf6, 0x96, 0x7e, 0x4d, 0x0,
    0xe0, 0xff, 0xff, 0x44, 0x0, 0x0, 0x0, 0x0,
    0xe0, 0xff, 0xd9, 0x0, 0x0, 0x0, 0x0, 0x0,
    0xe0, 0xff, 0xbd, 0x0, 0x0, 0x0, 0x0, 0x0,
    0xe0, 0xff, 0xbc, 0x0, 0x0, 0x0, 0x0, 0x0,
    0xe0, 0xff, 0xbc, 0x0, 0x0, 0x0, 0x0, 0x0,
    0xe0, 0xff, 0xbc, 0x0, 0x0, 0x0, 0x0, 0x0,
    0xe0, 0xff, 0xbc, 0x0, 0x0, 0x0, 0x0, 0x0,

    /* U+0156 "Ŗ" */
    0x90, 0xff, 0xff, 0xff, 0xff, 0xfe, 0xeb, 0xab,
    0x31, 0x0, 0x0, 0x0, 0x90, 0xff, 0xff, 0xff,
    0xff, 0xff, 0xff, 0xff, 0xf9, 0x4e, 0x0, 0x0,
    0x90, 0xff, 0xff, 0x87, 0x74, 0x76, 0xa9, 0xff,
    0xff, 0xeb, 0xb, 0x0, 0x90, 0xff, 0xff, 0x24,
    0x0, 0x0, 0x0, 0x8c, 0xff, 0xff, 0x4d, 0x0,
    0x90, 0xff, 0xff, 0x24, 0x0, 0x0, 0x0, 0x4f,
    0xff, 0xff, 0x67, 0x0, 0x90, 0xff, 0xff, 0x24,
    0x0, 0x0, 0x0, 0x90, 0xff, 0xff, 0x43, 0x0,
    0x90, 0xff, 0xff, 0x87, 0x74, 0x76, 0xaa, 0xff,
    0xff, 0xd6, 0x4, 0x0, 0x90, 0xff, 0xff, 0xff,
    0xff, 0xff, 0xff, 0xff, 0xe5, 0x2a, 0x0, 0x0,
    0x90, 0xff, 0xff, 0xff, 0xff, 0xff, 0xff, 0xa8,
    0x10, 0x0, 0x0, 0x0, 0x90, 0xff, 0xff, 0x24,
    0x3d, 0xfc, 0xff, 0xde, 0xe, 0x0, 0x0, 0x0,
    0x90, 0xff, 0xff, 0x24, 0x0, 0x7d, 0xff, 0xff,
    0xa7, 0x0, 0x0, 0x0, 0x90, 0xff, 0xff, 0x24,
    0x0, 0x2, 0xbd, 0xff, 0xff, 0x62, 0x0, 0x0,
    0x90, 0xff, 0xff, 0x24, 0x0, 0x0, 0x19, 0xea,
    0xff, 0xf4, 0x27, 0x0, 0x90, 0xff, 0xff, 0x24,
    0x0, 0x0, 0x0, 0x48, 0xfe, 0xff, 0xcf, 0x7,
    0x0, 0x0, 0x0, 0x0, 0x0, 0x0, 0x0, 0x0,
    0x0, 0x0, 0x0, 0x0, 0x0, 0x0, 0x0, 0x0,
    0x7f, 0xf3, 0x7d, 0x0, 0x0, 0x0, 0x0, 0x0,
    0x0, 0x0, 0x0, 0x0, 0xda, 0xff, 0xdf, 0x0,
    0x0, 0x0, 0x0, 0x0, 0x0, 0x0, 0x0, 0x0,
    0x5d, 0xff, 0x7e, 0x0, 0x0, 0x0, 0x0, 0x0,
    0x0, 0x0, 0x0, 0x0, 0x9b, 0xcc, 0x4, 0x0,
    0x0, 0x0, 0x0, 0x0, 0x0, 0x0, 0x0, 0x0,
    0x56, 0x2a, 0x0, 0x0, 0x0, 0x0, 0x0, 0x0,

    /* U+0157 "ŗ" */
    0xe0, 0xff, 0x94, 0x4b, 0xcd, 0xf9, 0xe4, 0x1,
    0xe0, 0xff, 0xd3, 0xfc, 0xff, 0xff, 0xaf, 0x0,
    0xe0, 0xff, 0xff, 0xf6, 0x96, 0x7e, 0x4d, 0x0,
    0xe0, 0xff, 0xff, 0x44, 0x0, 0x0, 0x0, 0x0,
    0xe0, 0xff, 0xd9, 0x0, 0x0, 0x0, 0x0, 0x0,
    0xe0, 0xff, 0xbd, 0x0, 0x0, 0x0, 0x0, 0x0,
    0xe0, 0xff, 0xbc, 0x0, 0x0, 0x0, 0x0, 0x0,
    0xe0, 0xff, 0xbc, 0x0, 0x0, 0x0, 0x0, 0x0,
    0xe0, 0xff, 0xbc, 0x0, 0x0, 0x0, 0x0, 0x0,
    0xe0, 0xff, 0xbc, 0x0, 0x0, 0x0, 0x0, 0x0,
    0x0, 0x0, 0x0, 0x0, 0x0, 0x0, 0x0, 0x0,
    0x83, 0xf3, 0x79, 0x0, 0x0, 0x0, 0x0, 0x0,
    0xdf, 0xff, 0xdb, 0x0, 0x0, 0x0, 0x0, 0x0,
    0x62, 0xff, 0x7a, 0x0, 0x0, 0x0, 0x0, 0x0,
    0xa1, 0xc9, 0x3, 0x0, 0x0, 0x0, 0x0, 0x0,
    0x5a, 0x27, 0x0, 0x0, 0x0, 0x0, 0x0, 0x0,

    /* U+0158 "Ř" */
    0x0, 0x12, 0x3c, 0x3c, 0xa, 0x8, 0x3c, 0x3c,
    0x19, 0x0, 0x0, 0x0, 0x0, 0x5, 0xbb, 0xff,
    0xa4, 0x9c, 0xff, 0xd2, 0x11, 0x0, 0x0, 0x0,
    0x0, 0x0, 0xd, 0xcf, 0xff, 0xff, 0xd9, 0x17,
    0x0, 0x0, 0x0, 0x0, 0x0, 0x0, 0x0, 0x16,
    0x54, 0x54, 0x1a, 0x0, 0x0, 0x0, 0x0, 0x0,
    0x90, 0xff, 0xff, 0xff, 0xff, 0xfe, 0xeb, 0xab,
    0x31, 0x0, 0x0, 0x0, 0x90, 0xff, 0xff, 0xff,
    0xff, 0xff, 0xff, 0xff, 0xf9, 0x4e, 0x0, 0x0,
    0x90, 0xff, 0xff, 0x87, 0x74, 0x76, 0xa9, 0xff,
    0xff, 0xeb, 0xb, 0x0, 0x90, 0xff, 0xff, 0x24,
    0x0, 0x0, 0x0, 0x8c, 0xff, 0xff, 0x4d, 0x0,
    0x90, 0xff, 0xff, 0x24, 0x0, 0x0, 0x0, 0x4f,
    0xff, 0xff, 0x67, 0x0, 0x90, 0xff, 0xff, 0x24,
    0x0, 0x0, 0x0, 0x90, 0xff, 0xff, 0x43, 0x0,
    0x90, 0xff, 0xff, 0x87, 0x74, 0x76, 0xaa, 0xff,
    0xff, 0xd6, 0x4, 0x0, 0x90, 0xff, 0xff, 0xff,
    0xff, 0xff, 0xff, 0xff, 0xe5, 0x2a, 0x0, 0x0,
    0x90, 0xff, 0xff, 0xff, 0xff, 0xff, 0xff, 0xa8,
    0x10, 0x0, 0x0, 0x0, 0x90, 0xff, 0xff, 0x24,
    0x3d, 0xfc, 0xff, 0xde, 0xe, 0x0, 0x0, 0x0,
    0x90, 0xff, 0xff, 0x24, 0x0, 0x7d, 0xff, 0xff,
    0xa7, 0x0, 0x0, 0x0, 0x90, 0xff, 0xff, 0x24,
    0x0, 0x2, 0xbd, 0xff, 0xff, 0x62, 0x0, 0x0,
    0x90, 0xff, 0xff, 0x24, 0x0, 0x0, 0x19, 0xea,
    0xff, 0xf4, 0x27, 0x0, 0x90, 0xff, 0xff, 0x24,
    0x0, 0x0, 0x0, 0x48, 0xfe, 0xff, 0xcf, 0x7,

    /* U+0159 "ř" */
    0x1, 0x9a, 0xff, 0xce, 0x55, 0xf8, 0xfc, 0x5c,
    0x0, 0x0, 0x1, 0x9e, 0xff, 0xff, 0xfa, 0x56,
    0x0, 0x0, 0x0, 0x0, 0x2, 0x4f, 0x54, 0x34,
    0x0, 0x0, 0x0, 0x0, 0x0, 0x0, 0x0, 0x0,
    0x0, 0x0, 0x0, 0x0, 0x0, 0xe0, 0xff, 0x94,
    0x4b, 0xcd, 0xf9, 0xe4, 0x1, 0x0, 0xe0, 0xff,
    0xd3, 0xfc, 0xff, 0xff, 0xaf, 0x0, 0x0, 0xe0,
    0xff, 0xff, 0xf6, 0x96, 0x7e, 0x4d, 0x0, 0x0,
    0xe0, 0xff, 0xff, 0x44, 0x0, 0x0, 0x0, 0x0,
    0x0, 0xe0, 0xff, 0xd9, 0x0, 0x0, 0x0, 0x0,
    0x0, 0x0, 0xe0, 0xff, 0xbd, 0x0, 0x0, 0x0,
    0x0, 0x0, 0x0, 0xe0, 0xff, 0xbc, 0x0, 0x0,
    0x0, 0x0, 0x0, 0x0, 0xe0, 0xff, 0xbc, 0x0,
    0x0, 0x0, 0x0, 0x0, 0x0, 0xe0, 0xff, 0xbc,
    0x0, 0x0, 0x0, 0x0, 0x0, 0x0, 0xe0, 0xff,
    0xbc, 0x0, 0x0, 0x0, 0x0, 0x0,

    /* U+015A "Ś" */
    0x0, 0x0, 0x0, 0x0, 0x0, 0xbd, 0xff, 0xf9,
    0x2c, 0x0, 0x0, 0x0, 0x0, 0x0, 0x0, 0x11,
    0xfb, 0xff, 0x7a, 0x0, 0x0, 0x0, 0x0, 0x0,
    0x0, 0x0, 0x37, 0xb0, 0x9d, 0x4, 0x0, 0x0,
    0x0, 0x0, 0x0, 0x0, 0x0, 0x0, 0x0, 0x0,
    0x0, 0x0, 0x0, 0x0, 0x0, 0x0, 0x15, 0x8e,
    0xe0, 0xfa, 0xed, 0xae, 0x30, 0x0, 0x0, 0x0,
    0x2b, 0xed, 0xff, 0xff, 0xff, 0xff, 0xff, 0xfc,
    0x52, 0x0, 0x0, 0xba, 0xff, 0xff, 0xb7, 0x79,
    0x98, 0xf9, 0xff, 0xf0, 0x10, 0x0, 0xf3, 0xff,
    0xc1, 0x0, 0x0, 0x0, 0x58, 0x9e, 0x3c, 0x0,
    0x0, 0xdc, 0xff, 0xe0, 0x15, 0x0, 0x0, 0x0,
    0x0, 0x0, 0x0, 0x0, 0x5d, 0xff, 0xff, 0xef,
    0x8e, 0x35, 0x0, 0x0, 0x0, 0x0, 0x0, 0x0,
    0x64, 0xf2, 0xff, 0xff, 0xff, 0xd5, 0x61, 0x0,
    0x0, 0x0, 0x0, 0x0, 0xe, 0x6a, 0xc7, 0xff,
    0xff, 0xff, 0xab, 0x1, 0x0, 0x0, 0x0, 0x0,
    0x0, 0x0, 0x30, 0xc8, 0xff, 0xff, 0x61, 0x2,
    0x42, 0x9f, 0x26, 0x0, 0x0, 0x0, 0x17, 0xff,
    0xff, 0xab, 0x4f, 0xff, 0xff, 0xb8, 0x6, 0x0,
    0x0, 0x34, 0xff, 0xff, 0xa9, 0x2, 0xd4, 0xff,
    0xff, 0xdb, 0x96, 0x9f, 0xf0, 0xff, 0xff, 0x62,
    0x0, 0x20, 0xe0, 0xff, 0xff, 0xff, 0xff, 0xff,
    0xff, 0xaf, 0x2, 0x0, 0x0, 0x10, 0x7c, 0xd0,
    0xf3, 0xe8, 0xbc, 0x53, 0x2, 0x0,

    /* U+015B "ś" */
    0x0, 0x0, 0x0, 0x0, 0x9d, 0xff, 0xfe, 0x43,
    0x0, 0x0, 0x0, 0x0, 0x0, 0x2, 0xea, 0xff,
    0x96, 0x0, 0x0, 0x0, 0x0, 0x0, 0x0, 0x21,
    0xb0, 0xa8, 0xc, 0x0, 0x0, 0x0, 0x0, 0x0,
    0x0, 0x0, 0x0, 0x0, 0x0, 0x0, 0x0, 0x0,
    0x0, 0x4, 0x70, 0xcf, 0xf3, 0xee, 0xbf, 0x53,
    0x0, 0x0, 0x0, 0xa3, 0xff, 0xff, 0xff, 0xff,
    0xff, 0xff, 0x74, 0x0, 0x15, 0xff, 0xff, 0xaf,
    0x2c, 0x41, 0xc8, 0xd4, 0x6c, 0x0, 0x7, 0xf8,
    0xff, 0xd2, 0x59, 0x16, 0x6, 0x0, 0x0, 0x0,
    0x0, 0x6b, 0xfc, 0xff, 0xff, 0xff, 0xd2, 0x71,
    0x3, 0x0, 0x0, 0x0, 0x2a, 0x87, 0xc2, 0xf6,
    0xff, 0xff, 0xa9, 0x0, 0x0, 0x25, 0x82, 0xc,
    0x0, 0x9, 0xa9, 0xff, 0xff, 0x19, 0x47, 0xfe,
    0xff, 0xc9, 0x58, 0x54, 0xcf, 0xff, 0xfd, 0x17,
    0x2, 0xae, 0xff, 0xff, 0xff, 0xff, 0xff, 0xff,
    0x86, 0x0, 0x0, 0x4, 0x65, 0xc7, 0xee, 0xed,
    0xc3, 0x59, 0x1, 0x0,

    /* U+015C "Ŝ" */
    0x0, 0x0, 0x0, 0x0, 0x16, 0x24, 0x1c, 0x0,
    0x0, 0x0, 0x0, 0x0, 0x0, 0x0, 0x38, 0xf3,
    0xff, 0xfc, 0x4d, 0x0, 0x0, 0x0, 0x0, 0x0,
    0x31, 0xef, 0xff, 0x86, 0xf9, 0xf6, 0x39, 0x0,
    0x0, 0x0, 0x0, 0x50, 0x68, 0x53, 0x0, 0x43,
    0x68, 0x54, 0x0, 0x0, 0x0, 0x0, 0x0, 0x0,
    0x0, 0x0, 0x0, 0x0, 0x0, 0x0, 0x0, 0x0,
    0x0, 0x15, 0x8e, 0xe0, 0xfa, 0xed, 0xae, 0x30,
    0x0, 0x0, 0x0, 0x2b, 0xed, 0xff, 0xff, 0xff,
    0xff, 0xff, 0xfc, 0x52, 0x0, 0x0, 0xba, 0xff,
    0xff, 0xb7, 0x79, 0x98, 0xf9, 0xff, 0xf0, 0x10,
    0x0, 0xf3, 0xff, 0xc1, 0x0, 0x0, 0x0, 0x58,
    0x9e, 0x3c, 0x0, 0x0, 0xdc, 0xff, 0xe0, 0x15,
    0x0, 0x0, 0x0, 0x0, 0x0, 0x0, 0x0, 0x5d,
    0xff, 0xff, 0xef, 0x8e, 0x35, 0x0, 0x0, 0x0,
    0x0, 0x0, 0x0, 0x64, 0xf2, 0xff, 0xff, 0xff,
    0xd5, 0x61, 0x0, 0x0, 0x0, 0x0, 0x0, 0xe,
    0x6a, 0xc7, 0xff, 0xff, 0xff, 0xab, 0x1, 0x0,
    0x0, 0x0, 0x0, 0x0, 0x0, 0x30, 0xc8, 0xff,
    0xff, 0x61, 0x2, 0x42, 0x9f, 0x26, 0x0, 0x0,
    0x0, 0x17, 0xff, 0xff, 0xab, 0x4f, 0xff, 0xff,
    0xb8, 0x6, 0x0, 0x0, 0x34, 0xff, 0xff, 0xa9,
    0x2, 0xd4, 0xff, 0xff, 0xdb, 0x96, 0x9f, 0xf0,
    0xff, 0xff, 0x62, 0x0, 0x20, 0xe0, 0xff, 0xff,
    0xff, 0xff, 0xff, 0xff, 0xaf, 0x2, 0x0, 0x0,
    0x10, 0x7c, 0xd0, 0xf3, 0xe8, 0xbc, 0x53, 0x2,
    0x0,

    /* U+015D "ŝ" */
    0x0, 0x0, 0x4, 0xb1, 0xff, 0xff, 0x7c, 0x0,
    0x0, 0x0, 0x0, 0x2, 0xa5, 0xff, 0xc9, 0xe4,
    0xff, 0x5f, 0x0, 0x0, 0x0, 0x36, 0x90, 0x8f,
    0x1b, 0x39, 0x90, 0x8a, 0xe, 0x0, 0x0, 0x0,
    0x0, 0x0, 0x0, 0x0, 0x0, 0x0, 0x0, 0x0,
    0x0, 0x4, 0x70, 0xcf, 0xf3, 0xee, 0xbf, 0x53,
    0x0, 0x0, 0x0, 0xa3, 0xff, 0xff, 0xff, 0xff,
    0xff, 0xff, 0x74, 0x0, 0x15, 0xff, 0xff, 0xaf,
    0x2c, 0x41, 0xc8, 0xd4, 0x6c, 0x0, 0x7, 0xf8,
    0xff, 0xd2, 0x59, 0x16, 0x6, 0x0, 0x0, 0x0,
    0x0, 0x6b, 0xfc, 0xff, 0xff, 0xff, 0xd2, 0x71,
    0x3, 0x0, 0x0, 0x0, 0x2a, 0x87, 0xc2, 0xf6,
    0xff, 0xff, 0xa9, 0x0, 0x0, 0x25, 0x82, 0xc,
    0x0, 0x9, 0xa9, 0xff, 0xff, 0x19, 0x47, 0xfe,
    0xff, 0xc9, 0x58, 0x54, 0xcf, 0xff, 0xfd, 0x17,
    0x2, 0xae, 0xff, 0xff, 0xff, 0xff, 0xff, 0xff,
    0x86, 0x0, 0x0, 0x4, 0x65, 0xc7, 0xee, 0xed,
    0xc3, 0x59, 0x1, 0x0,

    /* U+015E "Ş" */
    0x0, 0x0, 0x13, 0x8e, 0xe0, 0xfa, 0xed, 0xae,
    0x30, 0x0, 0x0, 0x0, 0x27, 0xeb, 0xff, 0xff,
    0xff, 0xff, 0xff, 0xfc, 0x52, 0x0, 0x0, 0xb6,
    0xff, 0xff, 0xb7, 0x79, 0x9a, 0xfa, 0xff, 0xf0,
    0x10, 0x0, 0xf3, 0xff, 0xc1, 0x0, 0x0, 0x0,
    0x5c, 0xa3, 0x3e, 0x0, 0x0, 0xe0, 0xff, 0xe0,
    0x15, 0x0, 0x0, 0x0, 0x0, 0x0, 0x0, 0x0,
    0x6a, 0xff, 0xff, 0xee, 0x8a, 0x31, 0x0, 0x0,
    0x0, 0x0, 0x0, 0x0, 0x7e, 0xfb, 0xff, 0xff,
    0xff, 0xd1, 0x5d, 0x0, 0x0, 0x0, 0x0, 0x0,
    0x22, 0x8a, 0xe4, 0xff, 0xff, 0xff, 0xa7, 0x0,
    0x0, 0x0, 0x0, 0x0, 0x0, 0x3, 0x50, 0xdc,
    0xff, 0xff, 0x5f, 0x0, 0x20, 0x7b, 0x1a, 0x0,
    0x0, 0x0, 0x24, 0xff, 0xff, 0xaa, 0x4e, 0xfe,
    0xff, 0x9c, 0x0, 0x0, 0x0, 0x20, 0xff, 0xff,
    0xaa, 0x7, 0xe2, 0xff, 0xff, 0xb6, 0x6a, 0x73,
    0xdb, 0xff, 0xff, 0x64, 0x0, 0x2d, 0xeb, 0xff,
    0xff, 0xff, 0xff, 0xff, 0xff, 0xa9, 0x1, 0x0,
    0x0, 0x13, 0x8b, 0xdb, 0xff, 0xf8, 0xcb, 0x5d,
    0x3, 0x0, 0x0, 0x0, 0x0, 0x0, 0x70, 0xfb,
    0x70, 0x17, 0x0, 0x0, 0x0, 0x0, 0x0, 0x0,
    0x0, 0x5c, 0xac, 0xd5, 0xde, 0x1, 0x0, 0x0,
    0x0, 0x0, 0x0, 0x0, 0x7a, 0x85, 0xaa, 0xfd,
    0x9, 0x0, 0x0, 0x0, 0x0, 0x0, 0x0, 0x63,
    0xeb, 0xeb, 0x6d, 0x0, 0x0, 0x0,

    /* U+015F "ş" */
    0x0, 0x4, 0x70, 0xcf, 0xf3, 0xee, 0xbf, 0x53,
    0x0, 0x0, 0x0, 0xa3, 0xff, 0xff, 0xff, 0xff,
    0xff, 0xff, 0x74, 0x0, 0x16, 0xff, 0xff, 0xae,
    0x2c, 0x41, 0xc8, 0xd1, 0x6b, 0x0, 0x6, 0xf7,
    0xff, 0xd4, 0x63, 0x21, 0x5, 0x0, 0x0, 0x0,
    0x0, 0x65, 0xfa, 0xff, 0xff, 0xff, 0xde, 0x7f,
    0x7, 0x0, 0x0, 0x0, 0x24, 0x7c, 0xb9, 0xf1,
    0xff, 0xff, 0xb7, 0x0, 0x0, 0x2e, 0x8b, 0xe,
    0x0, 0x6, 0xa5, 0xff, 0xff, 0x1d, 0x48, 0xff,
    0xff, 0xd1, 0x64, 0x60, 0xd5, 0xff, 0xfa, 0x12,
    0x0, 0x97, 0xff, 0xff, 0xff, 0xff, 0xff, 0xfd,
    0x68, 0x0, 0x0, 0x0, 0x45, 0x9d, 0xfa, 0xd9,
    0x95, 0x32, 0x0, 0x0, 0x0, 0x0, 0x0, 0x2d,
    0xff, 0xb5, 0x58, 0x0, 0x0, 0x0, 0x0, 0x0,
    0x0, 0x25, 0x9b, 0xa5, 0xff, 0x3f, 0x0, 0x0,
    0x0, 0x0, 0x0, 0x49, 0xa1, 0x76, 0xff, 0x58,
    0x0, 0x0, 0x0, 0x0, 0x0, 0x2d, 0xd3, 0xf4,
    0xa7, 0x6, 0x0, 0x0,

    /* U+0160 "Š" */
    0x0, 0x0, 0x23, 0x3c, 0x34, 0x0, 0x1a, 0x3c,
    0x3c, 0x7, 0x0, 0x0, 0x0, 0x23, 0xe9, 0xff,
    0x65, 0xd9, 0xff, 0x96, 0x0, 0x0, 0x0, 0x0,
    0x0, 0x34, 0xf4, 0xff, 0xff, 0xa3, 0x1, 0x0,
    0x0, 0x0, 0x0, 0x0, 0x0, 0x2f, 0x54, 0x51,
    0x3, 0x0, 0x0, 0x0, 0x0, 0x0, 0x0, 0x0,
    0x0, 0x0, 0x0, 0x0, 0x0, 0x0, 0x0, 0x0,
    0x0, 0x15, 0x8e, 0xe0, 0xfa, 0xed, 0xae, 0x30,
    0x0, 0x0, 0x0, 0x2b, 0xed, 0xff, 0xff, 0xff,
    0xff, 0xff, 0xfc, 0x52, 0x0, 0x0, 0xba, 0xff,
    0xff, 0xb7, 0x79, 0x98, 0xf9, 0xff, 0xf0, 0x10,
    0x0, 0xf3, 0xff, 0xc1, 0x0, 0x0, 0x0, 0x58,
    0x9e, 0x3c, 0x0, 0x0, 0xdc, 0xff, 0xe0, 0x15,
    0x0, 0x0, 0x0, 0x0, 0x0, 0x0, 0x0, 0x5d,
    0xff, 0xff, 0xef, 0x8e, 0x35, 0x0, 0x0, 0x0,
    0x0, 0x0, 0x0, 0x64, 0xf2, 0xff, 0xff, 0xff,
    0xd5, 0x61, 0x0, 0x0, 0x0, 0x0, 0x0, 0xe,
    0x6a, 0xc7, 0xff, 0xff, 0xff, 0xab, 0x1, 0x0,
    0x0, 0x0, 0x0, 0x0, 0x0, 0x30, 0xc8, 0xff,
    0xff, 0x61, 0x2, 0x42, 0x9f, 0x26, 0x0, 0x0,
    0x0, 0x17, 0xff, 0xff, 0xab, 0x4f, 0xff, 0xff,
    0xb8, 0x6, 0x0, 0x0, 0x34, 0xff, 0xff, 0xa9,
    0x2, 0xd4, 0xff, 0xff, 0xdb, 0x96, 0x9f, 0xf0,
    0xff, 0xff, 0x62, 0x0, 0x20, 0xe0, 0xff, 0xff,
    0xff, 0xff, 0xff, 0xff, 0xaf, 0x2, 0x0, 0x0,
    0x10, 0x7c, 0xd0, 0xf3, 0xe8, 0xbc, 0x53, 0x2,
    0x0,

    /* U+0161 "š" */
    0x0, 0x2e, 0xec, 0xfe, 0x68, 0xb5, 0xff, 0xca,
    0xf, 0x0, 0x0, 0x0, 0x31, 0xee, 0xff, 0xff,
    0xc3, 0xe, 0x0, 0x0, 0x0, 0x0, 0x0, 0x27,
    0x54, 0x53, 0xa, 0x0, 0x0, 0x0, 0x0, 0x0,
    0x0, 0x0, 0x0, 0x0, 0x0, 0x0, 0x0, 0x0,
    0x0, 0x4, 0x70, 0xcf, 0xf3, 0xee, 0xbf, 0x53,
    0x0, 0x0, 0x0, 0xa3, 0xff, 0xff, 0xff, 0xff,
    0xff, 0xff, 0x74, 0x0, 0x15, 0xff, 0xff, 0xaf,
    0x2c, 0x41, 0xc8, 0xd4, 0x6c, 0x0, 0x7, 0xf8,
    0xff, 0xd2, 0x59, 0x16, 0x6, 0x0, 0x0, 0x0,
    0x0, 0x6b, 0xfc, 0xff, 0xff, 0xff, 0xd2, 0x71,
    0x3, 0x0, 0x0, 0x0, 0x2a, 0x87, 0xc2, 0xf6,
    0xff, 0xff, 0xa9, 0x0, 0x0, 0x25, 0x82, 0xc,
    0x0, 0x9, 0xa9, 0xff, 0xff, 0x19, 0x47, 0xfe,
    0xff, 0xc9, 0x58, 0x54, 0xcf, 0xff, 0xfd, 0x17,
    0x2, 0xae, 0xff, 0xff, 0xff, 0xff, 0xff, 0xff,
    0x86, 0x0, 0x0, 0x4, 0x65, 0xc7, 0xee, 0xed,
    0xc3, 0x59, 0x1, 0x0,

    /* U+0162 "Ţ" */
    0x84, 0xff, 0xff, 0xff, 0xff, 0xff, 0xff, 0xff,
    0xff, 0xff, 0xff, 0x30, 0x84, 0xff, 0xff, 0xff,
    0xff, 0xff, 0xff, 0xff, 0xff, 0xff, 0xff, 0x30,
    0x46, 0x88, 0x88, 0x88, 0xc5, 0xff, 0xff, 0x9e,
    0x88, 0x88, 0x88, 0x19, 0x0, 0x0, 0x0, 0x0,
    0x84, 0xff, 0xff, 0x30, 0x0, 0x0, 0x0, 0x0,
    0x0, 0x0, 0x0, 0x0, 0x84, 0xff, 0xff, 0x30,
    0x0, 0x0, 0x0, 0x0, 0x0, 0x0, 0x0, 0x0,
    0x84, 0xff, 0xff, 0x30, 0x0, 0x0, 0x0, 0x0,
    0x0, 0x0, 0x0, 0x0, 0x84, 0xff, 0xff, 0x30,
    0x0, 0x0, 0x0, 0x0, 0x0, 0x0, 0x0, 0x0,
    0x84, 0xff, 0xff, 0x30, 0x0, 0x0, 0x0, 0x0,
    0x0, 0x0, 0x0, 0x0, 0x84, 0xff, 0xff, 0x30,
    0x0, 0x0, 0x0, 0x0, 0x0, 0x0, 0x0, 0x0,
    0x84, 0xff, 0xff, 0x30, 0x0, 0x0, 0x0, 0x0,
    0x0, 0x0, 0x0, 0x0, 0x84, 0xff, 0xff, 0x30,
    0x0, 0x0, 0x0, 0x0, 0x0, 0x0, 0x0, 0x0,
    0x84, 0xff, 0xff, 0x30, 0x0, 0x0, 0x0, 0x0,
    0x0, 0x0, 0x0, 0x0, 0x84, 0xff, 0xff, 0x30,
    0x0, 0x0, 0x0, 0x0, 0x0, 0x0, 0x0, 0x0,
    0x84, 0xff, 0xff, 0x30, 0x0, 0x0, 0x0, 0x0,
    0x0, 0x0, 0x0, 0x0, 0x2c, 0xfe, 0x69, 0xb,
    0x0, 0x0, 0x0, 0x0, 0x0, 0x0, 0x0, 0x0,
    0x50, 0xc8, 0xd6, 0xe0, 0xf, 0x0, 0x0, 0x0,
    0x0, 0x0, 0x0, 0x0, 0x5c, 0x8c, 0x8d, 0xff,
    0x34, 0x0, 0x0, 0x0, 0x0, 0x0, 0x0, 0x0,
    0x46, 0xe0, 0xf2, 0x95, 0x2, 0x0, 0x0, 0x0,

    /* U+0163 "ţ" */
    0x0, 0x0, 0x66, 0x80, 0x68, 0x0, 0x0, 0x0,
    0x0, 0x0, 0xcc, 0xff, 0xd0, 0x0, 0x0, 0x0,
    0x0, 0x0, 0xcc, 0xff, 0xd0, 0x0, 0x0, 0x0,
    0x0, 0x0, 0xcc, 0xff, 0xd0, 0x0, 0x0, 0x0,
    0x84, 0xff, 0xff, 0xff, 0xff, 0xff, 0xff, 0x38,
    0x84, 0xff, 0xff, 0xff, 0xff, 0xff, 0xff, 0x38,
    0x1a, 0x34, 0xd6, 0xff, 0xd9, 0x34, 0x34, 0xb,
    0x0, 0x0, 0xcc, 0xff, 0xd0, 0x0, 0x0, 0x0,
    0x0, 0x0, 0xcc, 0xff, 0xd0, 0x0, 0x0, 0x0,
    0x0, 0x0, 0xcc, 0xff, 0xd0, 0x0, 0x0, 0x0,
    0x0, 0x0, 0xc7, 0xff, 0xdd, 0x0, 0x0, 0x0,
    0x0, 0x0, 0xa6, 0xff, 0xff, 0x96, 0x82, 0x4,
    0x0, 0x0, 0x45, 0xff, 0xff, 0xff, 0xff, 0x44,
    0x0, 0x0, 0x0, 0x63, 0xff, 0xfc, 0xe2, 0x5c,
    0x0, 0x0, 0x0, 0x5c, 0xfc, 0x5f, 0xc, 0x0,
    0x0, 0x0, 0x0, 0x63, 0xbd, 0xdd, 0xd5, 0x0,
    0x0, 0x0, 0x0, 0x72, 0x7f, 0xa5, 0xfd, 0xa,
    0x0, 0x0, 0x0, 0x65, 0xec, 0xec, 0x71, 0x0,

    /* U+0164 "Ť" */
    0x0, 0x0, 0x1c, 0x3c, 0x3a, 0x1, 0x13, 0x3c,
    0x3c, 0xf, 0x0, 0x0, 0x0, 0x0, 0x13, 0xd9,
    0xff, 0x7d, 0xc3, 0xff, 0xb2, 0x4, 0x0, 0x0,
    0x0, 0x0, 0x0, 0x21, 0xe7, 0xff, 0xff, 0xbc,
    0x7, 0x0, 0x0, 0x0, 0x0, 0x0, 0x0, 0x0,
    0x25, 0x54, 0x53, 0xb, 0x0, 0x0, 0x0, 0x0,
    0x0, 0x0, 0x0, 0x0, 0x0, 0x0, 0x0, 0x0,
    0x0, 0x0, 0x0, 0x0, 0x84, 0xff, 0xff, 0xff,
    0xff, 0xff, 0xff, 0xff, 0xff, 0xff, 0xff, 0x30,
    0x84, 0xff, 0xff, 0xff, 0xff, 0xff, 0xff, 0xff,
    0xff, 0xff, 0xff, 0x30, 0x46, 0x88, 0x88, 0x88,
    0xc5, 0xff, 0xff, 0x9e, 0x88, 0x88, 0x88, 0x19,
    0x0, 0x0, 0x0, 0x0, 0x84, 0xff, 0xff, 0x30,
    0x0, 0x0, 0x0, 0x0, 0x0, 0x0, 0x0, 0x0,
    0x84, 0xff, 0xff, 0x30, 0x0, 0x0, 0x0, 0x0,
    0x0, 0x0, 0x0, 0x0, 0x84, 0xff, 0xff, 0x30,
    0x0, 0x0, 0x0, 0x0, 0x0, 0x0, 0x0, 0x0,
    0x84, 0xff, 0xff, 0x30, 0x0, 0x0, 0x0, 0x0,
    0x0, 0x0, 0x0, 0x0, 0x84, 0xff, 0xff, 0x30,
    0x0, 0x0, 0x0, 0x0, 0x0, 0x0, 0x0, 0x0,
    0x84, 0xff, 0xff, 0x30, 0x0, 0x0, 0x0, 0x0,
    0x0, 0x0, 0x0, 0x0, 0x84, 0xff, 0xff, 0x30,
    0x0, 0x0, 0x0, 0x0, 0x0, 0x0, 0x0, 0x0,
    0x84, 0xff, 0xff, 0x30, 0x0, 0x0, 0x0, 0x0,
    0x0, 0x0, 0x0, 0x0, 0x84, 0xff, 0xff, 0x30,
    0x0, 0x0, 0x0, 0x0, 0x0, 0x0, 0x0, 0x0,
    0x84, 0xff, 0xff, 0x30, 0x0, 0x0, 0x0, 0x0,
    0x0, 0x0, 0x0, 0x0, 0x84, 0xff, 0xff, 0x30,
    0x0, 0x0, 0x0, 0x0,

    /* U+0165 "ť" */
    0x0, 0x0, 0x0, 0x0, 0x0, 0x18, 0xff, 0xff,
    0x2c, 0x0, 0x0, 0x66, 0x80, 0x68, 0x18, 0xff,
    0xf9, 0x4, 0x0, 0x0, 0xcc, 0xff, 0xd0, 0x18,
    0xff, 0xd0, 0x0, 0x0, 0x0, 0xcc, 0xff, 0xd0,
    0x9, 0x60, 0x42, 0x0, 0x84, 0xff, 0xff, 0xff,
    0xff, 0xff, 0xff, 0x38, 0x0, 0x84, 0xff, 0xff,
    0xff, 0xff, 0xff, 0xff, 0x38, 0x0, 0x1a, 0x34,
    0xd6, 0xff, 0xd9, 0x34, 0x34, 0xb, 0x0, 0x0,
    0x0, 0xcc, 0xff, 0xd0, 0x0, 0x0, 0x0, 0x0,
    0x0, 0x0, 0xcc, 0xff, 0xd0, 0x0, 0x0, 0x0,
    0x0, 0x0, 0x0, 0xcc, 0xff, 0xd0, 0x0, 0x0,
    0x0, 0x0, 0x0, 0x0, 0xc7, 0xff, 0xde, 0x0,
    0x0, 0x0, 0x0, 0x0, 0x0, 0xa6, 0xff, 0xff,
    0x9c, 0x8a, 0x4, 0x0, 0x0, 0x0, 0x44, 0xff,
    0xff, 0xff, 0xff, 0x46, 0x0, 0x0, 0x0, 0x0,
    0x5c, 0xd4, 0xf7, 0xe2, 0x5d, 0x0,

    /* U+0166 "Ŧ" */
    0x84, 0xff, 0xff, 0xff, 0xff, 0xff, 0xff, 0xff,
    0xff, 0xff, 0xff, 0x30, 0x84, 0xff, 0xff, 0xff,
    0xff, 0xff, 0xff, 0xff, 0xff, 0xff, 0xff, 0x30,
    0x46, 0x88, 0x88, 0x88, 0xc5, 0xff, 0xff, 0x9e,
    0x88, 0x88, 0x88, 0x19, 0x0, 0x0, 0x0, 0x0,
    0x84, 0xff, 0xff, 0x30, 0x0, 0x0, 0x0, 0x0,
    0x0, 0x0, 0x0, 0x0, 0x84, 0xff, 0xff, 0x30,
    0x0, 0x0, 0x0, 0x0, 0x0, 0x1, 0x18, 0x18,
    0x8f, 0xff, 0xff, 0x43, 0x18, 0x10, 0x0, 0x0,
    0x0, 0x10, 0xff, 0xff, 0xff, 0xff, 0xff, 0xff,
    0xff, 0xb4, 0x0, 0x0, 0x0, 0x10, 0xff, 0xff,
    0xff, 0xff, 0xff, 0xff, 0xff, 0xb4, 0x0, 0x0,
    0x0, 0x0, 0x0, 0x0, 0x84, 0xff, 0xff, 0x30,
    0x0, 0x0, 0x0, 0x0, 0x0, 0x0, 0x0, 0x0,
    0x84, 0xff, 0xff, 0x30, 0x0, 0x0, 0x0, 0x0,
    0x0, 0x0, 0x0, 0x0, 0x84, 0xff, 0xff, 0x30,
    0x0, 0x0, 0x0, 0x0, 0x0, 0x0, 0x0, 0x0,
    0x84, 0xff, 0xff, 0x30, 0x0, 0x0, 0x0, 0x0,
    0x0, 0x0, 0x0, 0x0, 0x84, 0xff, 0xff, 0x30,
    0x0, 0x0, 0x0, 0x0, 0x0, 0x0, 0x0, 0x0,
    0x84, 0xff, 0xff, 0x30, 0x0, 0x0, 0x0, 0x0,

    /* U+0167 "ŧ" */
    0x0, 0x0, 0xcc, 0xff, 0xd0, 0x0, 0x0, 0x0,
    0x0, 0x0, 0xcc, 0xff, 0xd0, 0x0, 0x0, 0x0,
    0x0, 0x0, 0xcc, 0xff, 0xd0, 0x0, 0x0, 0x0,
    0x84, 0xff, 0xff, 0xff, 0xff, 0xff, 0xff, 0x38,
    0x84, 0xff, 0xff, 0xff, 0xff, 0xff, 0xff, 0x38,
    0x1a, 0x34, 0xd6, 0xff, 0xd9, 0x34, 0x34, 0xb,
    0x0, 0x0, 0xcc, 0xff, 0xd0, 0x0, 0x0, 0x0,
    0x84, 0xff, 0xff, 0xff, 0xff, 0xff, 0xf0, 0x0,
    0x7f, 0xf8, 0xfe, 0xff, 0xfe, 0xf8, 0xe8, 0x0,
    0x0, 0x0, 0xcb, 0xff, 0xd6, 0x0, 0x0, 0x0,
    0x0, 0x0, 0xb1, 0xff, 0xff, 0x9b, 0x83, 0x3,
    0x0, 0x0, 0x5c, 0xff, 0xff, 0xff, 0xff, 0x43,
    0x0, 0x0, 0x0, 0x6c, 0xda, 0xf8, 0xe2, 0x5c,

    /* U+0168 "Ũ" */
    0x0, 0x0, 0x32, 0xcd, 0xfb, 0xfc, 0xf5, 0xf9,
    0xfb, 0x1e, 0x0, 0x0, 0x0, 0x0, 0xbd, 0xfc,
    0xf6, 0xf9, 0xff, 0xe7, 0x71, 0x0, 0x0, 0x0,
    0x0, 0x0, 0x0, 0x0, 0x0, 0x0, 0x0, 0x0,
    0x0, 0x0, 0x0, 0x0, 0x0, 0x0, 0x0, 0x0,
    0x0, 0x0, 0x0, 0x0, 0x0, 0x0, 0x0, 0x0,
    0xe0, 0xff, 0xd0, 0x0, 0x0, 0x0, 0x0, 0x0,
    0x70, 0xff, 0xff, 0x44, 0xe0, 0xff, 0xd0, 0x0,
    0x0, 0x0, 0x0, 0x0, 0x70, 0xff, 0xff, 0x44,
    0xe0, 0xff, 0xd0, 0x0, 0x0, 0x0, 0x0, 0x0,
    0x70, 0xff, 0xff, 0x44, 0xe0, 0xff, 0xd0, 0x0,
    0x0, 0x0, 0x0, 0x0, 0x70, 0xff, 0xff, 0x44,
    0xe0, 0xff, 0xd0, 0x0, 0x0, 0x0, 0x0, 0x0,
    0x70, 0xff, 0xff, 0x44, 0xe0, 0xff, 0xd0, 0x0,
    0x0, 0x0, 0x0, 0x0, 0x70, 0xff, 0xff, 0x44,
    0xe0, 0xff, 0xd0, 0x0, 0x0, 0x0, 0x0, 0x0,
    0x70, 0xff, 0xff, 0x44, 0xe0, 0xff, 0xd0, 0x0,
    0x0, 0x0, 0x0, 0x0, 0x70, 0xff, 0xff, 0x44,
    0xda, 0xff, 0xd8, 0x0, 0x0, 0x0, 0x0, 0x0,
    0x78, 0xff, 0xff, 0x3e, 0xc2, 0xff, 0xf9, 0xb,
    0x0, 0x0, 0x0, 0x0, 0xa5, 0xff, 0xff, 0x23,
    0x84, 0xff, 0xff, 0x91, 0x1, 0x0, 0x0, 0x36,
    0xfa, 0xff, 0xe1, 0x0, 0x1b, 0xf4, 0xff, 0xff,
    0xcc, 0x95, 0xae, 0xf9, 0xff, 0xff, 0x69, 0x0,
    0x0, 0x51, 0xf8, 0xff, 0xff, 0xff, 0xff, 0xff,
    0xff, 0x9c, 0x0, 0x0, 0x0, 0x0, 0x2a, 0x9f,
    0xe1, 0xfa, 0xee, 0xba, 0x52, 0x0, 0x0, 0x0,

    /* U+0169 "ũ" */
    0x0, 0x22, 0xc2, 0xf9, 0xfc, 0xf6, 0xfb, 0xff,
    0x39, 0x0, 0x0, 0xa5, 0xfc, 0xf9, 0xfc, 0xff,
    0xec, 0x84, 0x0, 0x0, 0x0, 0x0, 0x0, 0x0,
    0x0, 0x0, 0x0, 0x0, 0x0, 0x0, 0x0, 0x0,
    0x0, 0x0, 0x0, 0x0, 0x0, 0x0, 0x0, 0x0,
    0xf4, 0xff, 0xa8, 0x0, 0x0, 0x0, 0x44, 0xff,
    0xff, 0x5c, 0xf4, 0xff, 0xa8, 0x0, 0x0, 0x0,
    0x44, 0xff, 0xff, 0x5c, 0xf4, 0xff, 0xa8, 0x0,
    0x0, 0x0, 0x44, 0xff, 0xff, 0x5c, 0xf4, 0xff,
    0xa8, 0x0, 0x0, 0x0, 0x44, 0xff, 0xff, 0x5c,
    0xf4, 0xff, 0xa8, 0x0, 0x0, 0x0, 0x45, 0xff,
    0xff, 0x5c, 0xf3, 0xff, 0xab, 0x0, 0x0, 0x0,
    0x5f, 0xff, 0xff, 0x5c, 0xdf, 0xff, 0xd4, 0x0,
    0x0, 0x1, 0xbc, 0xff, 0xff, 0x5c, 0xb3, 0xff,
    0xff, 0xac, 0x70, 0xb6, 0xff, 0xff, 0xff, 0x5c,
    0x3d, 0xff, 0xff, 0xff, 0xff, 0xff, 0xd4, 0xff,
    0xff, 0x5c, 0x0, 0x58, 0xd4, 0xf9, 0xe7, 0x92,
    0x25, 0xff, 0xff, 0x5c,

    /* U+016A "Ū" */
    0x0, 0x0, 0x45, 0xf8, 0xf8, 0xf8, 0xf8, 0xf8,
    0x9e, 0x0, 0x0, 0x0, 0x0, 0x0, 0x48, 0xff,
    0xff, 0xff, 0xff, 0xff, 0xa4, 0x0, 0x0, 0x0,
    0x0, 0x0, 0x0, 0x0, 0x0, 0x0, 0x0, 0x0,
    0x0, 0x0, 0x0, 0x0, 0x0, 0x0, 0x0, 0x0,
    0x0, 0x0, 0x0, 0x0, 0x0, 0x0, 0x0, 0x0,
    0xe0, 0xff, 0xd0, 0x0, 0x0, 0x0, 0x0, 0x0,
    0x70, 0xff, 0xff, 0x44, 0xe0, 0xff, 0xd0, 0x0,
    0x0, 0x0, 0x0, 0x0, 0x70, 0xff, 0xff, 0x44,
    0xe0, 0xff, 0xd0, 0x0, 0x0, 0x0, 0x0, 0x0,
    0x70, 0xff, 0xff, 0x44, 0xe0, 0xff, 0xd0, 0x0,
    0x0, 0x0, 0x0, 0x0, 0x70, 0xff, 0xff, 0x44,
    0xe0, 0xff, 0xd0, 0x0, 0x0, 0x0, 0x0, 0x0,
    0x70, 0xff, 0xff, 0x44, 0xe0, 0xff, 0xd0, 0x0,
    0x0, 0x0, 0x0, 0x0, 0x70, 0xff, 0xff, 0x44,
    0xe0, 0xff, 0xd0, 0x0, 0x0, 0x0, 0x0, 0x0,
    0x70, 0xff, 0xff, 0x44, 0xe0, 0xff, 0xd0, 0x0,
    0x0, 0x0, 0x0, 0x0, 0x70, 0xff, 0xff, 0x44,
    0xda, 0xff, 0xd8, 0x0, 0x0, 0x0, 0x0, 0x0,
    0x78, 0xff, 0xff, 0x3e, 0xc2, 0xff, 0xf9, 0xb,
    0x0, 0x0, 0x0, 0x0, 0xa5, 0xff, 0xff, 0x23,
    0x84, 0xff, 0xff, 0x91, 0x1, 0x0, 0x0, 0x36,
    0xfa, 0xff, 0xe1, 0x0, 0x1b, 0xf4, 0xff, 0xff,
    0xcc, 0x95, 0xae, 0xf9, 0xff, 0xff, 0x69, 0x0,
    0x0, 0x51, 0xf8, 0xff, 0xff, 0xff, 0xff, 0xff,
    0xff, 0x9c, 0x0, 0x0, 0x0, 0x0, 0x2a, 0x9f,
    0xe1, 0xfa, 0xee, 0xba, 0x52, 0x0, 0x0, 0x0,

    /* U+016B "ū" */
    0x0, 0x38, 0xff, 0xff, 0xff, 0xff, 0xff, 0xb4,
    0x0, 0x0, 0x0, 0x36, 0xf8, 0xf8, 0xf8, 0xf8,
    0xf8, 0xae, 0x0, 0x0, 0x0, 0x0, 0x0, 0x0,
    0x0, 0x0, 0x0, 0x0, 0x0, 0x0, 0x0, 0x0,
    0x0, 0x0, 0x0, 0x0, 0x0, 0x0, 0x0, 0x0,
    0xf4, 0xff, 0xa8, 0x0, 0x0, 0x0, 0x44, 0xff,
    0xff, 0x5c, 0xf4, 0xff, 0xa8, 0x0, 0x0, 0x0,
    0x44, 0xff, 0xff, 0x5c, 0xf4, 0xff, 0xa8, 0x0,
    0x0, 0x0, 0x44, 0xff, 0xff, 0x5c, 0xf4, 0xff,
    0xa8, 0x0, 0x0, 0x0, 0x44, 0xff, 0xff, 0x5c,
    0xf4, 0xff, 0xa8, 0x0, 0x0, 0x0, 0x45, 0xff,
    0xff, 0x5c, 0xf3, 0xff, 0xab, 0x0, 0x0, 0x0,
    0x5f, 0xff, 0xff, 0x5c, 0xdf, 0xff, 0xd4, 0x0,
    0x0, 0x1, 0xbc, 0xff, 0xff, 0x5c, 0xb3, 0xff,
    0xff, 0xac, 0x70, 0xb6, 0xff, 0xff, 0xff, 0x5c,
    0x3d, 0xff, 0xff, 0xff, 0xff, 0xff, 0xd4, 0xff,
    0xff, 0x5c, 0x0, 0x58, 0xd4, 0xf9, 0xe7, 0x92,
    0x25, 0xff, 0xff, 0x5c,

    /* U+016C "Ŭ" */
    0x0, 0x0, 0x1, 0xf0, 0xf2, 0x17, 0xa5, 0xff,
    0x4c, 0x0, 0x0, 0x0, 0x0, 0x0, 0x0, 0x8d,
    0xff, 0xff, 0xff, 0xde, 0xb, 0x0, 0x0, 0x0,
    0x0, 0x0, 0x0, 0x4, 0x6f, 0xb5, 0x96, 0x1b,
    0x0, 0x0, 0x0, 0x0, 0x0, 0x0, 0x0, 0x0,
    0x0, 0x0, 0x0, 0x0, 0x0, 0x0, 0x0, 0x0,
    0xe0, 0xff, 0xd0, 0x0, 0x0, 0x0, 0x0, 0x0,
    0x70, 0xff, 0xff, 0x44, 0xe0, 0xff, 0xd0, 0x0,
    0x0, 0x0, 0x0, 0x0, 0x70, 0xff, 0xff, 0x44,
    0xe0, 0xff, 0xd0, 0x0, 0x0, 0x0, 0x0, 0x0,
    0x70, 0xff, 0xff, 0x44, 0xe0, 0xff, 0xd0, 0x0,
    0x0, 0x0, 0x0, 0x0, 0x70, 0xff, 0xff, 0x44,
    0xe0, 0xff, 0xd0, 0x0, 0x0, 0x0, 0x0, 0x0,
    0x70, 0xff, 0xff, 0x44, 0xe0, 0xff, 0xd0, 0x0,
    0x0, 0x0, 0x0, 0x0, 0x70, 0xff, 0xff, 0x44,
    0xe0, 0xff, 0xd0, 0x0, 0x0, 0x0, 0x0, 0x0,
    0x70, 0xff, 0xff, 0x44, 0xe0, 0xff, 0xd0, 0x0,
    0x0, 0x0, 0x0, 0x0, 0x70, 0xff, 0xff, 0x44,
    0xda, 0xff, 0xd8, 0x0, 0x0, 0x0, 0x0, 0x0,
    0x78, 0xff, 0xff, 0x3e, 0xc2, 0xff, 0xf9, 0xb,
    0x0, 0x0, 0x0, 0x0, 0xa5, 0xff, 0xff, 0x23,
    0x84, 0xff, 0xff, 0x91, 0x1, 0x0, 0x0, 0x36,
    0xfa, 0xff, 0xe1, 0x0, 0x1b, 0xf4, 0xff, 0xff,
    0xcc, 0x95, 0xae, 0xf9, 0xff, 0xff, 0x69, 0x0,
    0x0, 0x51, 0xf8, 0xff, 0xff, 0xff, 0xff, 0xff,
    0xff, 0x9c, 0x0, 0x0, 0x0, 0x0, 0x2a, 0x9f,
    0xe1, 0xfa, 0xee, 0xba, 0x52, 0x0, 0x0, 0x0,

    /* U+016D "ŭ" */
    0x0, 0x0, 0xdc, 0xfc, 0x22, 0x91, 0xff, 0x62,
    0x0, 0x0, 0x0, 0x0, 0x7b, 0xff, 0xff, 0xff,
    0xec, 0x16, 0x0, 0x0, 0x0, 0x0, 0x2, 0x69,
    0xb7, 0xa0, 0x27, 0x0, 0x0, 0x0, 0x0, 0x0,
    0x0, 0x0, 0x0, 0x0, 0x0, 0x0, 0x0, 0x0,
    0xf4, 0xff, 0xa8, 0x0, 0x0, 0x0, 0x44, 0xff,
    0xff, 0x5c, 0xf4, 0xff, 0xa8, 0x0, 0x0, 0x0,
    0x44, 0xff, 0xff, 0x5c, 0xf4, 0xff, 0xa8, 0x0,
    0x0, 0x0, 0x44, 0xff, 0xff, 0x5c, 0xf4, 0xff,
    0xa8, 0x0, 0x0, 0x0, 0x44, 0xff, 0xff, 0x5c,
    0xf4, 0xff, 0xa8, 0x0, 0x0, 0x0, 0x45, 0xff,
    0xff, 0x5c, 0xf3, 0xff, 0xab, 0x0, 0x0, 0x0,
    0x5f, 0xff, 0xff, 0x5c, 0xdf, 0xff, 0xd4, 0x0,
    0x0, 0x1, 0xbc, 0xff, 0xff, 0x5c, 0xb3, 0xff,
    0xff, 0xac, 0x70, 0xb6, 0xff, 0xff, 0xff, 0x5c,
    0x3d, 0xff, 0xff, 0xff, 0xff, 0xff, 0xd4, 0xff,
    0xff, 0x5c, 0x0, 0x58, 0xd4, 0xf9, 0xe7, 0x92,
    0x25, 0xff, 0xff, 0x5c,

    /* U+016E "Ů" */
    0x0, 0x0, 0x0, 0x0, 0x0, 0x10, 0x1, 0x0,
    0x0, 0x0, 0x0, 0x0, 0x0, 0x0, 0x0, 0x5,
    0xb2, 0xff, 0xe1, 0x2e, 0x0, 0x0, 0x0, 0x0,
    0x0, 0x0, 0x0, 0x5a, 0xff, 0x7c, 0xe1, 0xb5,
    0x0, 0x0, 0x0, 0x0, 0x0, 0x0, 0x0, 0x67,
    0xff, 0x4c, 0xd0, 0xc3, 0x0, 0x0, 0x0, 0x0,
    0x0, 0x0, 0x0, 0x11, 0xdc, 0xff, 0xf9, 0x4d,
    0x0, 0x0, 0x0, 0x0, 0x0, 0x0, 0x0, 0x0,
    0xa, 0x41, 0x1d, 0x0, 0x0, 0x0, 0x0, 0x0,
    0xe0, 0xff, 0xd0, 0x0, 0x0, 0x0, 0x0, 0x0,
    0x70, 0xff, 0xff, 0x44, 0xe0, 0xff, 0xd0, 0x0,
    0x0, 0x0, 0x0, 0x0, 0x70, 0xff, 0xff, 0x44,
    0xe0, 0xff, 0xd0, 0x0, 0x0, 0x0, 0x0, 0x0,
    0x70, 0xff, 0xff, 0x44, 0xe0, 0xff, 0xd0, 0x0,
    0x0, 0x0, 0x0, 0x0, 0x70, 0xff, 0xff, 0x44,
    0xe0, 0xff, 0xd0, 0x0, 0x0, 0x0, 0x0, 0x0,
    0x70, 0xff, 0xff, 0x44, 0xe0, 0xff, 0xd0, 0x0,
    0x0, 0x0, 0x0, 0x0, 0x70, 0xff, 0xff, 0x44,
    0xe0, 0xff, 0xd0, 0x0, 0x0, 0x0, 0x0, 0x0,
    0x70, 0xff, 0xff, 0x44, 0xe0, 0xff, 0xd0, 0x0,
    0x0, 0x0, 0x0, 0x0, 0x70, 0xff, 0xff, 0x44,
    0xda, 0xff, 0xd8, 0x0, 0x0, 0x0, 0x0, 0x0,
    0x78, 0xff, 0xff, 0x3e, 0xc2, 0xff, 0xf9, 0xb,
    0x0, 0x0, 0x0, 0x0, 0xa5, 0xff, 0xff, 0x23,
    0x84, 0xff, 0xff, 0x91, 0x1, 0x0, 0x0, 0x36,
    0xfa, 0xff, 0xe1, 0x0, 0x1b, 0xf4, 0xff, 0xff,
    0xcc, 0x95, 0xae, 0xf9, 0xff, 0xff, 0x69, 0x0,
    0x0, 0x51, 0xf8, 0xff, 0xff, 0xff, 0xff, 0xff,
    0xff, 0x9c, 0x0, 0x0, 0x0, 0x0, 0x2a, 0x9f,
    0xe1, 0xfa, 0xee, 0xba, 0x52, 0x0, 0x0, 0x0,

    /* U+016F "ů" */
    0x0, 0x0, 0x0, 0x0, 0x10, 0x3, 0x0, 0x0,
    0x0, 0x0, 0x0, 0x0, 0x2, 0xaa, 0xff, 0xe9,
    0x3a, 0x0, 0x0, 0x0, 0x0, 0x0, 0x4a, 0xff,
    0x84, 0xd9, 0xc6, 0x0, 0x0, 0x0, 0x0, 0x0,
    0x57, 0xff, 0x58, 0xc5, 0xd3, 0x0, 0x0, 0x0,
    0x0, 0x0, 0xb, 0xd2, 0xff, 0xfb, 0x5b, 0x0,
    0x0, 0x0, 0x0, 0x0, 0x0, 0x7, 0x40, 0x21,
    0x0, 0x0, 0x0, 0x0, 0x0, 0x0, 0x0, 0x0,
    0x0, 0x0, 0x0, 0x0, 0x0, 0x0, 0xf4, 0xff,
    0xa8, 0x0, 0x0, 0x0, 0x44, 0xff, 0xff, 0x5c,
    0xf4, 0xff, 0xa8, 0x0, 0x0, 0x0, 0x44, 0xff,
    0xff, 0x5c, 0xf4, 0xff, 0xa8, 0x0, 0x0, 0x0,
    0x44, 0xff, 0xff, 0x5c, 0xf4, 0xff, 0xa8, 0x0,
    0x0, 0x0, 0x44, 0xff, 0xff, 0x5c, 0xf4, 0xff,
    0xa8, 0x0, 0x0, 0x0, 0x45, 0xff, 0xff, 0x5c,
    0xf3, 0xff, 0xab, 0x0, 0x0, 0x0, 0x5f, 0xff,
    0xff, 0x5c, 0xdf, 0xff, 0xd4, 0x0, 0x0, 0x1,
    0xbc, 0xff, 0xff, 0x5c, 0xb3, 0xff, 0xff, 0xac,
    0x70, 0xb6, 0xff, 0xff, 0xff, 0x5c, 0x3d, 0xff,
    0xff, 0xff, 0xff, 0xff, 0xd4, 0xff, 0xff, 0x5c,
    0x0, 0x58, 0xd4, 0xf9, 0xe7, 0x92, 0x25, 0xff,
    0xff, 0x5c,

    /* U+0170 "Ű" */
    0x0, 0x0, 0x0, 0xd8, 0xff, 0xef, 0x1b, 0xe0,
    0xff, 0xeb, 0x16, 0x0, 0x0, 0x0, 0x26, 0xff,
    0xff, 0x5e, 0x31, 0xff, 0xff, 0x56, 0x0, 0x0,
    0x0, 0x0, 0x48, 0xb0, 0x8e, 0x0, 0x50, 0xb0,
    0x88, 0x0, 0x0, 0x0, 0x0, 0x0, 0x0, 0x0,
    0x0, 0x0, 0x0, 0x0, 0x0, 0x0, 0x0, 0x0,
    0xe0, 0xff, 0xd0, 0x0, 0x0, 0x0, 0x0, 0x0,
    0x70, 0xff, 0xff, 0x44, 0xe0, 0xff, 0xd0, 0x0,
    0x0, 0x0, 0x0, 0x0, 0x70, 0xff, 0xff, 0x44,
    0xe0, 0xff, 0xd0, 0x0, 0x0, 0x0, 0x0, 0x0,
    0x70, 0xff, 0xff, 0x44, 0xe0, 0xff, 0xd0, 0x0,
    0x0, 0x0, 0x0, 0x0, 0x70, 0xff, 0xff, 0x44,
    0xe0, 0xff, 0xd0, 0x0, 0x0, 0x0, 0x0, 0x0,
    0x70, 0xff, 0xff, 0x44, 0xe0, 0xff, 0xd0, 0x0,
    0x0, 0x0, 0x0, 0x0, 0x70, 0xff, 0xff, 0x44,
    0xe0, 0xff, 0xd0, 0x0, 0x0, 0x0, 0x0, 0x0,
    0x70, 0xff, 0xff, 0x44, 0xe0, 0xff, 0xd0, 0x0,
    0x0, 0x0, 0x0, 0x0, 0x70, 0xff, 0xff, 0x44,
    0xda, 0xff, 0xd8, 0x0, 0x0, 0x0, 0x0, 0x0,
    0x78, 0xff, 0xff, 0x3e, 0xc2, 0xff, 0xf9, 0xb,
    0x0, 0x0, 0x0, 0x0, 0xa5, 0xff, 0xff, 0x23,
    0x84, 0xff, 0xff, 0x91, 0x1, 0x0, 0x0, 0x36,
    0xfa, 0xff, 0xe1, 0x0, 0x1b, 0xf4, 0xff, 0xff,
    0xcc, 0x95, 0xae, 0xf9, 0xff, 0xff, 0x69, 0x0,
    0x0, 0x51, 0xf8, 0xff, 0xff, 0xff, 0xff, 0xff,
    0xff, 0x9c, 0x0, 0x0, 0x0, 0x0, 0x2a, 0x9f,
    0xe1, 0xfa, 0xee, 0xba, 0x52, 0x0, 0x0, 0x0,

    /* U+0171 "ű" */
    0x0, 0x0, 0xad, 0xff, 0xfc, 0x38, 0xbd, 0xff,
    0xf9, 0x2c, 0x0, 0x8, 0xf4, 0xff, 0x88, 0x11,
    0xfb, 0xff, 0x7a, 0x0, 0x0, 0x2c, 0xb0, 0xa2,
    0x7, 0x37, 0xb0, 0x9d, 0x4, 0x0, 0x0, 0x0,
    0x0, 0x0, 0x0, 0x0, 0x0, 0x0, 0x0, 0x0,
    0xf4, 0xff, 0xa8, 0x0, 0x0, 0x0, 0x44, 0xff,
    0xff, 0x5c, 0xf4, 0xff, 0xa8, 0x0, 0x0, 0x0,
    0x44, 0xff, 0xff, 0x5c, 0xf4, 0xff, 0xa8, 0x0,
    0x0, 0x0, 0x44, 0xff, 0xff, 0x5c, 0xf4, 0xff,
    0xa8, 0x0, 0x0, 0x0, 0x44, 0xff, 0xff, 0x5c,
    0xf4, 0xff, 0xa8, 0x0, 0x0, 0x0, 0x45, 0xff,
    0xff, 0x5c, 0xf3, 0xff, 0xab, 0x0, 0x0, 0x0,
    0x5f, 0xff, 0xff, 0x5c, 0xdf, 0xff, 0xd4, 0x0,
    0x0, 0x1, 0xbc, 0xff, 0xff, 0x5c, 0xb3, 0xff,
    0xff, 0xac, 0x70, 0xb6, 0xff, 0xff, 0xff, 0x5c,
    0x3d, 0xff, 0xff, 0xff, 0xff, 0xff, 0xd4, 0xff,
    0xff, 0x5c, 0x0, 0x58, 0xd4, 0xf9, 0xe7, 0x92,
    0x25, 0xff, 0xff, 0x5c,

    /* U+0172 "Ų" */
    0xe0, 0xff, 0xd0, 0x0, 0x0, 0x0, 0x0, 0x0,
    0x70, 0xff, 0xff, 0x44, 0xe0, 0xff, 0xd0, 0x0,
    0x0, 0x0, 0x0, 0x0, 0x70, 0xff, 0xff, 0x44,
    0xe0, 0xff, 0xd0, 0x0, 0x0, 0x0, 0x0, 0x0,
    0x70, 0xff, 0xff, 0x44, 0xe0, 0xff, 0xd0, 0x0,
    0x0, 0x0, 0x0, 0x0, 0x70, 0xff, 0xff, 0x44,
    0xe0, 0xff, 0xd0, 0x0, 0x0, 0x0, 0x0, 0x0,
    0x70, 0xff, 0xff, 0x44, 0xe0, 0xff, 0xd0, 0x0,
    0x0, 0x0, 0x0, 0x0, 0x70, 0xff, 0xff, 0x44,
    0xe0, 0xff, 0xd0, 0x0, 0x0, 0x0, 0x0, 0x0,
    0x70, 0xff, 0xff, 0x44, 0xe0, 0xff, 0xd0, 0x0,
    0x0, 0x0, 0x0, 0x0, 0x70, 0xff, 0xff, 0x44,
    0xdb, 0xff, 0xd7, 0x0, 0x0, 0x0, 0x0, 0x0,
    0x77, 0xff, 0xff, 0x3b, 0xc4, 0xff, 0xf7, 0x8,
    0x0, 0x0, 0x0, 0x0, 0xa1, 0xff, 0xff, 0x20,
    0x88, 0xff, 0xff, 0x85, 0x0, 0x0, 0x0, 0x2b,
    0xf7, 0xff, 0xd8, 0x0, 0x21, 0xf7, 0xff, 0xff,
    0xbd, 0x85, 0x9e, 0xf4, 0xff, 0xff, 0x5c, 0x0,
    0x0, 0x60, 0xfd, 0xff, 0xff, 0xff, 0xff, 0xff,
    0xff, 0x89, 0x0, 0x0, 0x0, 0x0, 0x39, 0xb3,
    0xee, 0xff, 0xff, 0xee, 0x55, 0x0, 0x0, 0x0,
    0x0, 0x0, 0x0, 0x0, 0x21, 0xec, 0xee, 0x26,
    0x0, 0x0, 0x0, 0x0, 0x0, 0x0, 0x0, 0x0,
    0x86, 0xff, 0xc0, 0x0, 0x0, 0x0, 0x0, 0x0,
    0x0, 0x0, 0x0, 0x0, 0x6b, 0xff, 0xff, 0xed,
    0x1c, 0x0, 0x0, 0x0, 0x0, 0x0, 0x0, 0x0,
    0x5, 0x9a, 0xee, 0xf3, 0x5a, 0x0, 0x0, 0x0,

    /* U+0173 "ų" */
    0xf4, 0xff, 0xa8, 0x0, 0x0, 0x0, 0x44, 0xff,
    0xff, 0x5c, 0xf4, 0xff, 0xa8, 0x0, 0x0, 0x0,
    0x44, 0xff, 0xff, 0x5c, 0xf4, 0xff, 0xa8, 0x0,
    0x0, 0x0, 0x44, 0xff, 0xff, 0x5c, 0xf4, 0xff,
    0xa8, 0x0, 0x0, 0x0, 0x44, 0xff, 0xff, 0x5c,
    0xf4, 0xff, 0xa8, 0x0, 0x0, 0x0, 0x45, 0xff,
    0xff, 0x5c, 0xf3, 0xff, 0xab, 0x0, 0x0, 0x0,
    0x5f, 0xff, 0xff, 0x5c, 0xdf, 0xff, 0xd4, 0x0,
    0x0, 0x1, 0xbc, 0xff, 0xff, 0x5c, 0xb3, 0xff,
    0xff, 0xac, 0x70, 0xb6, 0xff, 0xff, 0xff, 0x5c,
    0x3d, 0xff, 0xff, 0xff, 0xff, 0xff, 0xc3, 0xff,
    0xff, 0x5c, 0x0, 0x58, 0xd4, 0xf9, 0xe5, 0x89,
    0x23, 0xff, 0xff, 0x4c, 0x0, 0x0, 0x0, 0x0,
    0x0, 0x1, 0xbf, 0xff, 0x6a, 0x0, 0x0, 0x0,
    0x0, 0x0, 0x0, 0x2d, 0xff, 0xff, 0x17, 0x0,
    0x0, 0x0, 0x0, 0x0, 0x0, 0x17, 0xfb, 0xff,
    0xf4, 0x70, 0x0, 0x0, 0x0, 0x0, 0x0, 0x0,
    0x5a, 0xdd, 0xf9, 0xab,

    /* U+0174 "Ŵ" */
    0x0, 0x0, 0x0, 0x0, 0x0, 0x0, 0x0, 0x0,
    0x15, 0x24, 0x1d, 0x0, 0x0, 0x0, 0x0, 0x0,
    0x0, 0x0, 0x0, 0x0, 0x0, 0x0, 0x0, 0x0,
    0x0, 0x0, 0x30, 0xef, 0xff, 0xfe, 0x57, 0x0,
    0x0, 0x0, 0x0, 0x0, 0x0, 0x0, 0x0, 0x0,
    0x0, 0x0, 0x0, 0x0, 0x28, 0xea, 0xff, 0x8b,
    0xf6, 0xf8, 0x40, 0x0, 0x0, 0x0, 0x0, 0x0,
    0x0, 0x0, 0x0, 0x0, 0x0, 0x0, 0x0, 0x4d,
    0x6c, 0x5c, 0x0, 0x42, 0x6c, 0x5c, 0x0, 0x0,
    0x0, 0x0, 0x0, 0x0, 0x0, 0x0, 0x0, 0x0,
    0x0, 0x0, 0x0, 0x0, 0x0, 0x0, 0x0, 0x0,
    0x0, 0x0, 0x0, 0x0, 0x0, 0x0, 0x0, 0x8c,
    0xff, 0xff, 0x52, 0x0, 0x0, 0x0, 0x0, 0x0,
    0x0, 0x0, 0x0, 0x0, 0x0, 0x0, 0x39, 0xff,
    0xff, 0xa0, 0x43, 0xff, 0xff, 0x98, 0x0, 0x0,
    0x0, 0x0, 0x15, 0x20, 0x1c, 0x0, 0x0, 0x0,
    0x0, 0x7b, 0xff, 0xff, 0x5b, 0x6, 0xf4, 0xff,
    0xdd, 0x0, 0x0, 0x0, 0x0, 0xd8, 0xff, 0xfd,
    0x17, 0x0, 0x0, 0x0, 0xbc, 0xff, 0xfe, 0x16,
    0x0, 0xb2, 0xff, 0xff, 0x23, 0x0, 0x0, 0x2d,
    0xff, 0xff, 0xff, 0x69, 0x0, 0x0, 0x7, 0xf6,
    0xff, 0xcf, 0x0, 0x0, 0x6a, 0xff, 0xff, 0x69,
    0x0, 0x0, 0x81, 0xff, 0xff, 0xff, 0xbd, 0x0,
    0x0, 0x3f, 0xff, 0xff, 0x8a, 0x0, 0x0, 0x21,
    0xff, 0xff, 0xae, 0x0, 0x0, 0xd5, 0xff, 0xee,
    0xff, 0xfc, 0x15, 0x0, 0x81, 0xff, 0xff, 0x44,
    0x0, 0x0, 0x0, 0xd9, 0xff, 0xf0, 0x3, 0x28,
    0xff, 0xff, 0x6a, 0xfe, 0xff, 0x66, 0x0, 0xc3,
    0xff, 0xf6, 0x7, 0x0, 0x0, 0x0, 0x90, 0xff,
    0xff, 0x3a, 0x7d, 0xff, 0xf9, 0x10, 0xca, 0xff,
    0xba, 0xa, 0xf9, 0xff, 0xb8, 0x0, 0x0, 0x0,
    0x0, 0x47, 0xff, 0xff, 0x79, 0xcc, 0xff, 0xb4,
    0x0, 0x76, 0xff, 0xfb, 0x4f, 0xff, 0xff, 0x73,
    0x0, 0x0, 0x0, 0x0, 0x8, 0xf6, 0xff, 0xca,
    0xfe, 0xff, 0x5f, 0x0, 0x21, 0xff, 0xff, 0xcb,
    0xff, 0xff, 0x2d, 0x0, 0x0, 0x0, 0x0, 0x0,
    0xb6, 0xff, 0xff, 0xff, 0xf9, 0x10, 0x0, 0x0,
    0xcd, 0xff, 0xff, 0xff, 0xe7, 0x0, 0x0, 0x0,
    0x0, 0x0, 0x0, 0x6e, 0xff, 0xff, 0xff, 0xb4,
    0x0, 0x0, 0x0, 0x78, 0xff, 0xff, 0xff, 0xa2,
    0x0, 0x0, 0x0, 0x0, 0x0, 0x0, 0x25, 0xff,
    0xff, 0xff, 0x5f, 0x0, 0x0, 0x0, 0x23, 0xff,
    0xff, 0xff, 0x5c, 0x0, 0x0, 0x0, 0x0, 0x0,
    0x0, 0x0, 0xdc, 0xff, 0xfa, 0x10, 0x0, 0x0,
    0x0, 0x0, 0xce, 0xff, 0xfe, 0x17, 0x0, 0x0,
    0x0,

    /* U+0175 "ŵ" */
    0x0, 0x0, 0x0, 0x0, 0x0, 0x0, 0x98, 0xff,
    0xff, 0x99, 0x0, 0x0, 0x0, 0x0, 0x0, 0x0,
    0x0, 0x0, 0x0, 0x0, 0x0, 0x0, 0x8b, 0xff,
    0xd9, 0xd4, 0xff, 0x7d, 0x0, 0x0, 0x0, 0x0,
    0x0, 0x0, 0x0, 0x0, 0x0, 0x0, 0x26, 0x90,
    0x90, 0x2b, 0x27, 0x90, 0x8f, 0x1b, 0x0, 0x0,
    0x0, 0x0, 0x0, 0x0, 0x0, 0x0, 0x0, 0x0,
    0x0, 0x0, 0x0, 0x0, 0x0, 0x0, 0x0, 0x0,
    0x0, 0x0, 0x0, 0x0, 0xc4, 0xff, 0xff, 0x24,
    0x0, 0x0, 0x70, 0xff, 0xff, 0x93, 0x0, 0x0,
    0x8, 0xf8, 0xff, 0xdb, 0x0, 0x74, 0xff, 0xff,
    0x67, 0x0, 0x0, 0xbf, 0xff, 0xff, 0xe2, 0x0,
    0x0, 0x43, 0xff, 0xff, 0x8b, 0x0, 0x23, 0xff,
    0xff, 0xa9, 0x0, 0x12, 0xfb, 0xff, 0xff, 0xff,
    0x33, 0x0, 0x85, 0xff, 0xff, 0x3a, 0x0, 0x0,
    0xd3, 0xff, 0xea, 0x1, 0x5d, 0xff, 0xf8, 0xf4,
    0xff, 0x83, 0x0, 0xc7, 0xff, 0xe8, 0x2, 0x0,
    0x0, 0x83, 0xff, 0xff, 0x2e, 0xac, 0xff, 0xb3,
    0xa8, 0xff, 0xd3, 0xc, 0xfb, 0xff, 0x99, 0x0,
    0x0, 0x0, 0x32, 0xff, 0xff, 0x78, 0xf3, 0xff,
    0x64, 0x58, 0xff, 0xff, 0x6c, 0xff, 0xff, 0x49,
    0x0, 0x0, 0x0, 0x0, 0xe1, 0xff, 0xf1, 0xff,
    0xfd, 0x17, 0xe, 0xf9, 0xff, 0xf1, 0xff, 0xf2,
    0x6, 0x0, 0x0, 0x0, 0x0, 0x91, 0xff, 0xff,
    0xff, 0xc5, 0x0, 0x0, 0xb8, 0xff, 0xff, 0xff,
    0xa8, 0x0, 0x0, 0x0, 0x0, 0x0, 0x41, 0xff,
    0xff, 0xff, 0x76, 0x0, 0x0, 0x68, 0xff, 0xff,
    0xff, 0x58, 0x0, 0x0, 0x0, 0x0, 0x0, 0x3,
    0xec, 0xff, 0xff, 0x27, 0x0, 0x0, 0x19, 0xfe,
    0xff, 0xf9, 0xe, 0x0, 0x0, 0x0,

    /* U+0176 "Ŷ" */
    0x0, 0x0, 0x0, 0x0, 0x0, 0x1c, 0x24, 0x15,
    0x0, 0x0, 0x0, 0x0, 0x0, 0x0, 0x0, 0x0,
    0x0, 0x59, 0xfd, 0xff, 0xf0, 0x2c, 0x0, 0x0,
    0x0, 0x0, 0x0, 0x0, 0x0, 0x4e, 0xfb, 0xf8,
    0x8b, 0xff, 0xe3, 0x1b, 0x0, 0x0, 0x0, 0x0,
    0x0, 0x0, 0x64, 0x6c, 0x44, 0x0, 0x5a, 0x6c,
    0x43, 0x0, 0x0, 0x0, 0x0, 0x0, 0x0, 0x0,
    0x0, 0x0, 0x0, 0x0, 0x0, 0x0, 0x0, 0x0,
    0x0, 0x72, 0xff, 0xff, 0xc1, 0x0, 0x0, 0x0,
    0x0, 0x1b, 0xf4, 0xff, 0xfc, 0x32, 0x2, 0xc9,
    0xff, 0xff, 0x60, 0x0, 0x0, 0x0, 0xa8, 0xff,
    0xff, 0x8d, 0x0, 0x0, 0x2d, 0xfa, 0xff, 0xeb,
    0x12, 0x0, 0x3f, 0xff, 0xff, 0xe0, 0xb, 0x0,
    0x0, 0x0, 0x82, 0xff, 0xff, 0x9b, 0x3, 0xd3,
    0xff, 0xff, 0x49, 0x0, 0x0, 0x0, 0x0, 0x6,
    0xd6, 0xff, 0xfe, 0xa5, 0xff, 0xff, 0xa7, 0x0,
    0x0, 0x0, 0x0, 0x0, 0x0, 0x3a, 0xfd, 0xff,
    0xff, 0xff, 0xee, 0x17, 0x0, 0x0, 0x0, 0x0,
    0x0, 0x0, 0x0, 0x93, 0xff, 0xff, 0xff, 0x63,
    0x0, 0x0, 0x0, 0x0, 0x0, 0x0, 0x0, 0x0,
    0xc, 0xf7, 0xff, 0xd6, 0x1, 0x0, 0x0, 0x0,
    0x0, 0x0, 0x0, 0x0, 0x0, 0x0, 0xf0, 0xff,
    0xc4, 0x0, 0x0, 0x0, 0x0, 0x0, 0x0, 0x0,
    0x0, 0x0, 0x0, 0xf0, 0xff, 0xc4, 0x0, 0x0,
    0x0, 0x0, 0x0, 0x0, 0x0, 0x0, 0x0, 0x0,
    0xf0, 0xff, 0xc4, 0x0, 0x0, 0x0, 0x0, 0x0,
    0x0, 0x0, 0x0, 0x0, 0x0, 0xf0, 0xff, 0xc4,
    0x0, 0x0, 0x0, 0x0, 0x0, 0x0, 0x0, 0x0,
    0x0, 0x0, 0xf0, 0xff, 0xc4, 0x0, 0x0, 0x0,
    0x0, 0x0, 0x0, 0x0, 0x0, 0x0, 0x0, 0xf0,
    0xff, 0xc4, 0x0, 0x0, 0x0, 0x0, 0x0,

    /* U+0177 "ŷ" */
    0x0, 0x0, 0x0, 0x25, 0xe8, 0xff, 0xf3, 0x32,
    0x0, 0x0, 0x0, 0x0, 0x0, 0x1e, 0xe1, 0xff,
    0xad, 0xff, 0xe8, 0x21, 0x0, 0x0, 0x0, 0x0,
    0x67, 0x90, 0x79, 0x0, 0x68, 0x90, 0x69, 0x0,
    0x0, 0x0, 0x0, 0x0, 0x0, 0x0, 0x0, 0x0,
    0x0, 0x0, 0x0, 0x0, 0xb3, 0xff, 0xff, 0x45,
    0x0, 0x0, 0x0, 0x25, 0xfe, 0xff, 0xc3, 0x41,
    0xff, 0xff, 0xb1, 0x0, 0x0, 0x0, 0x8b, 0xff,
    0xff, 0x53, 0x0, 0xce, 0xff, 0xfd, 0x20, 0x0,
    0x6, 0xeb, 0xff, 0xdf, 0x3, 0x0, 0x5d, 0xff,
    0xff, 0x89, 0x0, 0x59, 0xff, 0xff, 0x72, 0x0,
    0x0, 0x5, 0xe5, 0xff, 0xec, 0x8, 0xc1, 0xff,
    0xf3, 0xf, 0x0, 0x0, 0x0, 0x79, 0xff, 0xff,
    0x8c, 0xff, 0xff, 0x92, 0x0, 0x0, 0x0, 0x0,
    0x11, 0xf4, 0xff, 0xff, 0xff, 0xfd, 0x24, 0x0,
    0x0, 0x0, 0x0, 0x0, 0x94, 0xff, 0xff, 0xff,
    0xb1, 0x0, 0x0, 0x0, 0x0, 0x0, 0x0, 0x24,
    0xfd, 0xff, 0xff, 0x41, 0x0, 0x0, 0x0, 0x0,
    0x0, 0x0, 0x5, 0xeb, 0xff, 0xd0, 0x0, 0x0,
    0x0, 0x0, 0x0, 0x0, 0x0, 0x60, 0xff, 0xff,
    0x60, 0x0, 0x0, 0x0, 0x0, 0x0, 0x0, 0x1,
    0xd4, 0xff, 0xe9, 0x7, 0x0, 0x0, 0x0, 0x0,
    0x0, 0x0, 0x4c, 0xff, 0xff, 0x80, 0x0, 0x0,
    0x0, 0x0, 0x0, 0x0, 0x0, 0xc1, 0xff, 0xf8,
    0x17, 0x0, 0x0, 0x0, 0x0, 0x0,

    /* U+0178 "Ÿ" */
    0x0, 0x0, 0x0, 0x80, 0xf3, 0x7d, 0x1, 0xab,
    0xf0, 0x55, 0x0, 0x0, 0x0, 0x0, 0x0, 0x0,
    0xe3, 0xff, 0xdf, 0x13, 0xff, 0xff, 0xaf, 0x0,
    0x0, 0x0, 0x0, 0x0, 0x0, 0x5e, 0xcc, 0x5b,
    0x0, 0x83, 0xc9, 0x3b, 0x0, 0x0, 0x0, 0x0,
    0x0, 0x0, 0x0, 0x0, 0x0, 0x0, 0x0, 0x0,
    0x0, 0x0, 0x0, 0x0, 0x72, 0xff, 0xff, 0xc1,
    0x0, 0x0, 0x0, 0x0, 0x1b, 0xf4, 0xff, 0xfc,
    0x32, 0x2, 0xc9, 0xff, 0xff, 0x60, 0x0, 0x0,
    0x0, 0xa8, 0xff, 0xff, 0x8d, 0x0, 0x0, 0x2d,
    0xfa, 0xff, 0xeb, 0x12, 0x0, 0x3f, 0xff, 0xff,
    0xe0, 0xb, 0x0, 0x0, 0x0, 0x82, 0xff, 0xff,
    0x9b, 0x3, 0xd3, 0xff, 0xff, 0x49, 0x0, 0x0,
    0x0, 0x0, 0x6, 0xd6, 0xff, 0xfe, 0xa5, 0xff,
    0xff, 0xa7, 0x0, 0x0, 0x0, 0x0, 0x0, 0x0,
    0x3a, 0xfd, 0xff, 0xff, 0xff, 0xee, 0x17, 0x0,
    0x0, 0x0, 0x0, 0x0, 0x0, 0x0, 0x93, 0xff,
    0xff, 0xff, 0x63, 0x0, 0x0, 0x0, 0x0, 0x0,
    0x0, 0x0, 0x0, 0xc, 0xf7, 0xff, 0xd6, 0x1,
    0x0, 0x0, 0x0, 0x0, 0x0, 0x0, 0x0, 0x0,
    0x0, 0xf0, 0xff, 0xc4, 0x0, 0x0, 0x0, 0x0,
    0x0, 0x0, 0x0, 0x0, 0x0, 0x0, 0xf0, 0xff,
    0xc4, 0x0, 0x0, 0x0, 0x0, 0x0, 0x0, 0x0,
    0x0, 0x0, 0x0, 0xf0, 0xff, 0xc4, 0x0, 0x0,
    0x0, 0x0, 0x0, 0x0, 0x0, 0x0, 0x0, 0x0,
    0xf0, 0xff, 0xc4, 0x0, 0x0, 0x0, 0x0, 0x0,
    0x0, 0x0, 0x0, 0x0, 0x0, 0xf0, 0xff, 0xc4,
    0x0, 0x0, 0x0, 0x0, 0x0, 0x0, 0x0, 0x0,
    0x0, 0x0, 0xf0, 0xff, 0xc4, 0x0, 0x0, 0x0,
    0x0, 0x0,

    /* U+0179 "Ź" */
    0x0, 0x0, 0x0, 0x0, 0x0, 0x81, 0xff, 0xff,
    0x61, 0x0, 0x0, 0x0, 0x0, 0x0, 0x0, 0x0,
    0x0, 0xd1, 0xff, 0xb6, 0x0, 0x0, 0x0, 0x0,
    0x0, 0x0, 0x0, 0x0, 0xe, 0xaf, 0xae, 0x1b,
    0x0, 0x0, 0x0, 0x0, 0x0, 0x0, 0x0, 0x0,
    0x0, 0x0, 0x0, 0x0, 0x0, 0x0, 0x0, 0x0,
    0xc, 0xff, 0xff, 0xff, 0xff, 0xff, 0xff, 0xff,
    0xff, 0xff, 0xff, 0xc, 0xc, 0xff, 0xff, 0xff,
    0xff, 0xff, 0xff, 0xff, 0xff, 0xff, 0xff, 0xc,
    0x6, 0x88, 0x88, 0x88, 0x88, 0x88, 0x88, 0xaa,
    0xff, 0xff, 0xf9, 0x8, 0x0, 0x0, 0x0, 0x0,
    0x0, 0x0, 0xe, 0xd6, 0xff, 0xff, 0x61, 0x0,
    0x0, 0x0, 0x0, 0x0, 0x0, 0x2, 0xb6, 0xff,
    0xff, 0x8f, 0x0, 0x0, 0x0, 0x0, 0x0, 0x0,
    0x0, 0x8d, 0xff, 0xff, 0xba, 0x3, 0x0, 0x0,
    0x0, 0x0, 0x0, 0x0, 0x60, 0xff, 0xff, 0xdb,
    0x11, 0x0, 0x0, 0x0, 0x0, 0x0, 0x0, 0x3b,
    0xf9, 0xff, 0xf1, 0x29, 0x0, 0x0, 0x0, 0x0,
    0x0, 0x0, 0x1e, 0xe9, 0xff, 0xfd, 0x4c, 0x0,
    0x0, 0x0, 0x0, 0x0, 0x0, 0xb, 0xd0, 0xff,
    0xff, 0x78, 0x0, 0x0, 0x0, 0x0, 0x0, 0x0,
    0x1, 0xae, 0xff, 0xff, 0xa6, 0x0, 0x0, 0x0,
    0x0, 0x0, 0x0, 0x0, 0x51, 0xff, 0xff, 0xfc,
    0x91, 0x88, 0x88, 0x88, 0x88, 0x88, 0x88, 0x11,
    0x5c, 0xff, 0xff, 0xff, 0xff, 0xff, 0xff, 0xff,
    0xff, 0xff, 0xff, 0x20, 0x5c, 0xff, 0xff, 0xff,
    0xff, 0xff, 0xff, 0xff, 0xff, 0xff, 0xff, 0x20,

    /* U+017A "ź" */
    0x0, 0x0, 0x0, 0x0, 0x6c, 0xff, 0xff, 0x75,
    0x0, 0x0, 0x0, 0x0, 0x0, 0xba, 0xff, 0xc8,
    0x3, 0x0, 0x0, 0x0, 0x0, 0x3, 0xaa, 0xb0,
    0x28, 0x0, 0x0, 0x0, 0x0, 0x0, 0x0, 0x0,
    0x0, 0x0, 0x0, 0x0, 0x34, 0xff, 0xff, 0xff,
    0xff, 0xff, 0xff, 0xff, 0xdc, 0x34, 0xff, 0xff,
    0xff, 0xff, 0xff, 0xff, 0xff, 0xdc, 0xa, 0x34,
    0x34, 0x34, 0x34, 0xc4, 0xff, 0xff, 0x84, 0x0,
    0x0, 0x0, 0x0, 0x82, 0xff, 0xff, 0xa3, 0x1,
    0x0, 0x0, 0x0, 0x63, 0xff, 0xff, 0xbc, 0x5,
    0x0, 0x0, 0x0, 0x4a, 0xfb, 0xff, 0xd1, 0xe,
    0x0, 0x0, 0x0, 0x34, 0xf4, 0xff, 0xe2, 0x1b,
    0x0, 0x0, 0x0, 0x1f, 0xe8, 0xff, 0xfd, 0x63,
    0x38, 0x38, 0x38, 0x34, 0x5c, 0xff, 0xff, 0xff,
    0xff, 0xff, 0xff, 0xff, 0xf0, 0x5c, 0xff, 0xff,
    0xff, 0xff, 0xff, 0xff, 0xff, 0xf0,

    /* U+017B "Ż" */
    0x0, 0x0, 0x0, 0x0, 0x17, 0xd5, 0xdd, 0x20,
    0x0, 0x0, 0x0, 0x0, 0x0, 0x0, 0x0, 0x0,
    0x53, 0xff, 0xff, 0x63, 0x0, 0x0, 0x0, 0x0,
    0x0, 0x0, 0x0, 0x0, 0xa, 0xa7, 0xaf, 0x11,
    0x0, 0x0, 0x0, 0x0, 0x0, 0x0, 0x0, 0x0,
    0x0, 0x0, 0x0, 0x0, 0x0, 0x0, 0x0, 0x0,
    0xc, 0xff, 0xff, 0xff, 0xff, 0xff, 0xff, 0xff,
    0xff, 0xff, 0xff, 0xc, 0xc, 0xff, 0xff, 0xff,
    0xff, 0xff, 0xff, 0xff, 0xff, 0xff, 0xff, 0xc,
    0x6, 0x88, 0x88, 0x88, 0x88, 0x88, 0x88, 0xaa,
    0xff, 0xff, 0xf9, 0x8, 0x0, 0x0, 0x0, 0x0,
    0x0, 0x0, 0xe, 0xd6, 0xff, 0xff, 0x61, 0x0,
    0x0, 0x0, 0x0, 0x0, 0x0, 0x2, 0xb6, 0xff,
    0xff, 0x8f, 0x0, 0x0, 0x0, 0x0, 0x0, 0x0,
    0x0, 0x8d, 0xff, 0xff, 0xba, 0x3, 0x0, 0x0,
    0x0, 0x0, 0x0, 0x0, 0x60, 0xff, 0xff, 0xdb,
    0x11, 0x0, 0x0, 0x0, 0x0, 0x0, 0x0, 0x3b,
    0xf9, 0xff, 0xf1, 0x29, 0x0, 0x0, 0x0, 0x0,
    0x0, 0x0, 0x1e, 0xe9, 0xff, 0xfd, 0x4c, 0x0,
    0x0, 0x0, 0x0, 0x0, 0x0, 0xb, 0xd0, 0xff,
    0xff, 0x78, 0x0, 0x0, 0x0, 0x0, 0x0, 0x0,
    0x1, 0xae, 0xff, 0xff, 0xa6, 0x0, 0x0, 0x0,
    0x0, 0x0, 0x0, 0x0, 0x51, 0xff, 0xff, 0xfc,
    0x91, 0x88, 0x88, 0x88, 0x88, 0x88, 0x88, 0x11,
    0x5c, 0xff, 0xff, 0xff, 0xff, 0xff, 0xff, 0xff,
    0xff, 0xff, 0xff, 0x20, 0x5c, 0xff, 0xff, 0xff,
    0xff, 0xff, 0xff, 0xff, 0xff, 0xff, 0xff, 0x20,

    /* U+017C "ż" */
    0x0, 0x0, 0x0, 0x33, 0xe4, 0xd4, 0x18, 0x0,
    0x0, 0x0, 0x0, 0x0, 0x8c, 0xff, 0xff, 0x5f,
    0x0, 0x0, 0x0, 0x0, 0x0, 0x33, 0xe4, 0xd4,
    0x18, 0x0, 0x0, 0x0, 0x0, 0x0, 0x0, 0x0,
    0x0, 0x0, 0x0, 0x0, 0x34, 0xff, 0xff, 0xff,
    0xff, 0xff, 0xff, 0xff, 0xdc, 0x34, 0xff, 0xff,
    0xff, 0xff, 0xff, 0xff, 0xff, 0xdc, 0xa, 0x34,
    0x34, 0x34, 0x34, 0xc4, 0xff, 0xff, 0x84, 0x0,
    0x0, 0x0, 0x0, 0x82, 0xff, 0xff, 0xa3, 0x1,
    0x0, 0x0, 0x0, 0x63, 0xff, 0xff, 0xbc, 0x5,
    0x0, 0x0, 0x0, 0x4a, 0xfb, 0xff, 0xd1, 0xe,
    0x0, 0x0, 0x0, 0x34, 0xf4, 0xff, 0xe2, 0x1b,
    0x0, 0x0, 0x0, 0x1f, 0xe8, 0xff, 0xfd, 0x63,
    0x38, 0x38, 0x38, 0x34, 0x5c, 0xff, 0xff, 0xff,
    0xff, 0xff, 0xff, 0xff, 0xf0, 0x5c, 0xff, 0xff,
    0xff, 0xff, 0xff, 0xff, 0xff, 0xf0,

    /* U+017D "Ž" */
    0x0, 0x0, 0xe, 0x3c, 0x3c, 0xe, 0x5, 0x3c,
    0x3c, 0x1d, 0x0, 0x0, 0x0, 0x0, 0x2, 0xae,
    0xff, 0xb0, 0x8e, 0xff, 0xdb, 0x18, 0x0, 0x0,
    0x0, 0x0, 0x0, 0x8, 0xc4, 0xff, 0xff, 0xe2,
    0x1e, 0x0, 0x0, 0x0, 0x0, 0x0, 0x0, 0x0,
    0x11, 0x54, 0x54, 0x1f, 0x0, 0x0, 0x0, 0x0,
    0xc, 0xff, 0xff, 0xff, 0xff, 0xff, 0xff, 0xff,
    0xff, 0xff, 0xff, 0xc, 0xc, 0xff, 0xff, 0xff,
    0xff, 0xff, 0xff, 0xff, 0xff, 0xff, 0xff, 0xc,
    0x6, 0x88, 0x88, 0x88, 0x88, 0x88, 0x88, 0xaa,
    0xff, 0xff, 0xf9, 0x8, 0x0, 0x0, 0x0, 0x0,
    0x0, 0x0, 0xe, 0xd6, 0xff, 0xff, 0x61, 0x0,
    0x0, 0x0, 0x0, 0x0, 0x0, 0x2, 0xb6, 0xff,
    0xff, 0x8f, 0x0, 0x0, 0x0, 0x0, 0x0, 0x0,
    0x0, 0x8d, 0xff, 0xff, 0xba, 0x3, 0x0, 0x0,
    0x0, 0x0, 0x0, 0x0, 0x60, 0xff, 0xff, 0xdb,
    0x11, 0x0, 0x0, 0x0, 0x0, 0x0, 0x0, 0x3b,
    0xf9, 0xff, 0xf1, 0x29, 0x0, 0x0, 0x0, 0x0,
    0x0, 0x0, 0x1e, 0xe9, 0xff, 0xfd, 0x4c, 0x0,
    0x0, 0x0, 0x0, 0x0, 0x0, 0xb, 0xd0, 0xff,
    0xff, 0x78, 0x0, 0x0, 0x0, 0x0, 0x0, 0x0,
    0x1, 0xae, 0xff, 0xff, 0xa6, 0x0, 0x0, 0x0,
    0x0, 0x0, 0x0, 0x0, 0x51, 0xff, 0xff, 0xfc,
    0x91, 0x88, 0x88, 0x88, 0x88, 0x88, 0x88, 0x11,
    0x5c, 0xff, 0xff, 0xff, 0xff, 0xff, 0xff, 0xff,
    0xff, 0xff, 0xff, 0x20, 0x5c, 0xff, 0xff, 0xff,
    0xff, 0xff, 0xff, 0xff, 0xff, 0xff, 0xff, 0x20,

    /* U+017E "ž" */
    0x0, 0x1f, 0xe0, 0xff, 0x7e, 0x9b, 0xff, 0xdc,
    0x1c, 0x0, 0x0, 0x21, 0xe2, 0xff, 0xff, 0xd6,
    0x1a, 0x0, 0x0, 0x0, 0x0, 0x1e, 0x54, 0x54,
    0x14, 0x0, 0x0, 0x0, 0x0, 0x0, 0x0, 0x0,
    0x0, 0x0, 0x0, 0x0, 0x34, 0xff, 0xff, 0xff,
    0xff, 0xff, 0xff, 0xff, 0xdc, 0x34, 0xff, 0xff,
    0xff, 0xff, 0xff, 0xff, 0xff, 0xdc, 0xa, 0x34,
    0x34, 0x34, 0x34, 0xc4, 0xff, 0xff, 0x84, 0x0,
    0x0, 0x0, 0x0, 0x82, 0xff, 0xff, 0xa3, 0x1,
    0x0, 0x0, 0x0, 0x63, 0xff, 0xff, 0xbc, 0x5,
    0x0, 0x0, 0x0, 0x4a, 0xfb, 0xff, 0xd1, 0xe,
    0x0, 0x0, 0x0, 0x34, 0xf4, 0xff, 0xe2, 0x1b,
    0x0, 0x0, 0x0, 0x1f, 0xe8, 0xff, 0xfd, 0x63,
    0x38, 0x38, 0x38, 0x34, 0x5c, 0xff, 0xff, 0xff,
    0xff, 0xff, 0xff, 0xff, 0xf0, 0x5c, 0xff, 0xff,
    0xff, 0xff, 0xff, 0xff, 0xff, 0xf0,

    /* U+2014 "—" */
    0x3f, 0x48, 0x48, 0x48, 0x48, 0x48, 0x48, 0x48,
    0x48, 0x48, 0x48, 0x48, 0x48, 0x48, 0x48, 0x48,
    0xf, 0xe0, 0xff, 0xff, 0xff, 0xff, 0xff, 0xff,
    0xff, 0xff, 0xff, 0xff, 0xff, 0xff, 0xff, 0xff,
    0xff, 0x38, 0xe0, 0xff, 0xff, 0xff, 0xff, 0xff,
    0xff, 0xff, 0xff, 0xff, 0xff, 0xff, 0xff, 0xff,
    0xff, 0xff, 0x38,

    /* U+2019 "’" */
    0x0, 0x72, 0xf1, 0xbf, 0xc, 0x3, 0xfa, 0xff,
    0xff, 0x5d, 0x0, 0xc8, 0xff, 0xfe, 0x31, 0x0,
    0x36, 0xff, 0x97, 0x0, 0x0, 0xc2, 0xdd, 0xb,
    0x0, 0x0, 0x27, 0x33, 0x0, 0x0
};


/*---------------------
 *  GLYPH DESCRIPTION
 *--------------------*/

static const lv_font_fmt_txt_glyph_dsc_t glyph_dsc[] = {
    {.bitmap_index = 0, .adv_w = 0, .box_w = 0, .box_h = 0, .ofs_x = 0, .ofs_y = 0} /* id = 0 reserved */,
    {.bitmap_index = 0, .adv_w = 70, .box_w = 0, .box_h = 0, .ofs_x = 0, .ofs_y = 0},
    {.bitmap_index = 0, .adv_w = 86, .box_w = 5, .box_h = 14, .ofs_x = 0, .ofs_y = 0},
    {.bitmap_index = 70, .adv_w = 121, .box_w = 7, .box_h = 5, .ofs_x = 0, .ofs_y = 9},
    {.bitmap_index = 105, .adv_w = 210, .box_w = 13, .box_h = 14, .ofs_x = 0, .ofs_y = 0},
    {.bitmap_index = 287, .adv_w = 179, .box_w = 11, .box_h = 18, .ofs_x = 0, .ofs_y = -2},
    {.bitmap_index = 485, .adv_w = 269, .box_w = 17, .box_h = 14, .ofs_x = 0, .ofs_y = 0},
    {.bitmap_index = 723, .adv_w = 207, .box_w = 13, .box_h = 14, .ofs_x = 0, .ofs_y = 0},
    {.bitmap_index = 905, .adv_w = 66, .box_w = 4, .box_h = 5, .ofs_x = 0, .ofs_y = 9},
    {.bitmap_index = 925, .adv_w = 115, .box_w = 6, .box_h = 19, .ofs_x = 1, .ofs_y = -3},
    {.bitmap_index = 1039, .adv_w = 115, .box_w = 6, .box_h = 19, .ofs_x = 0, .ofs_y = -3},
    {.bitmap_index = 1153, .adv_w = 148, .box_w = 9, .box_h = 8, .ofs_x = 0, .ofs_y = 6},
    {.bitmap_index = 1225, .adv_w = 182, .box_w = 10, .box_h = 10, .ofs_x = 1, .ofs_y = 0},
    {.bitmap_index = 1325, .adv_w = 87, .box_w = 5, .box_h = 6, .ofs_x = 0, .ofs_y = -3},
    {.bitmap_index = 1355, .adv_w = 144, .box_w = 7, .box_h = 3, .ofs_x = 1, .ofs_y = 5},
    {.bitmap_index = 1376, .adv_w = 86, .box_w = 5, .box_h = 4, .ofs_x = 0, .ofs_y = 0},
    {.bitmap_index = 1396, .adv_w = 154, .box_w = 10, .box_h = 14, .ofs_x = 0, .ofs_y = 0},
    {.bitmap_index = 1536, .adv_w = 212, .box_w = 13, .box_h = 14, .ofs_x = 0, .ofs_y = 0},
    {.bitmap_index = 1718, .adv_w = 136, .box_w = 7, .box_h = 14, .ofs_x = 0, .ofs_y = 0},
    {.bitmap_index = 1816, .adv_w = 174, .box_w = 11, .box_h = 14, .ofs_x = 0, .ofs_y = 0},
    {.bitmap_index = 1970, .adv_w = 179, .box_w = 11, .box_h = 14, .ofs_x = 0, .ofs_y = 0},
    {.bitmap_index = 2124, .adv_w = 197, .box_w = 12, .box_h = 14, .ofs_x = 0, .ofs_y = 0},
    {.bitmap_index = 2292, .adv_w = 184, .box_w = 11, .box_h = 14, .ofs_x = 0, .ofs_y = 0},
    {.bitmap_index = 2446, .adv_w = 182, .box_w = 11, .box_h = 15, .ofs_x = 0, .ofs_y = 0},
    {.bitmap_index = 2611, .adv_w = 175, .box_w = 11, .box_h = 15, .ofs_x = 0, .ofs_y = -1},
    {.bitmap_index = 2776, .adv_w = 184, .box_w = 11, .box_h = 14, .ofs_x = 0, .ofs_y = 0},
    {.bitmap_index = 2930, .adv_w = 182, .box_w = 11, .box_h = 15, .ofs_x = 0, .ofs_y = -1},
    {.bitmap_index = 3095, .adv_w = 86, .box_w = 5, .box_h = 10, .ofs_x = 0, .ofs_y = 0},
    {.bitmap_index = 3145, .adv_w = 87, .box_w = 5, .box_h = 13, .ofs_x = 0, .ofs_y = -3},
    {.bitmap_index = 3210, .adv_w = 170, .box_w = 9, .box_h = 11, .ofs_x = 1, .ofs_y = 0},
    {.bitmap_index = 3309, .adv_w = 186, .box_w = 10, .box_h = 7, .ofs_x = 1, .ofs_y = 3},
    {.bitmap_index = 3379, .adv_w = 170, .box_w = 9, .box_h = 11, .ofs_x = 1, .ofs_y = 0},
    {.bitmap_index = 3478, .adv_w = 164, .box_w = 10, .box_h = 14, .ofs_x = 0, .ofs_y = 0},
    {.bitmap_index = 3618, .adv_w = 281, .box_w = 17, .box_h = 16, .ofs_x = 0, .ofs_y = -2},
    {.bitmap_index = 3890, .adv_w = 229, .box_w = 15, .box_h = 14, .ofs_x = 0, .ofs_y = 0},
    {.bitmap_index = 4100, .adv_w = 201, .box_w = 11, .box_h = 14, .ofs_x = 1, .ofs_y = 0},
    {.bitmap_index = 4254, .adv_w = 235, .box_w = 14, .box_h = 14, .ofs_x = 0, .ofs_y = 0},
    {.bitmap_index = 4450, .adv_w = 230, .box_w = 13, .box_h = 14, .ofs_x = 1, .ofs_y = 0},
    {.bitmap_index = 4632, .adv_w = 185, .box_w = 10, .box_h = 14, .ofs_x = 1, .ofs_y = 0},
    {.bitmap_index = 4772, .adv_w = 179, .box_w = 10, .box_h = 14, .ofs_x = 1, .ofs_y = 0},
    {.bitmap_index = 4912, .adv_w = 259, .box_w = 16, .box_h = 14, .ofs_x = 0, .ofs_y = 0},
    {.bitmap_index = 5136, .adv_w = 229, .box_w = 12, .box_h = 14, .ofs_x = 1, .ofs_y = 0},
    {.bitmap_index = 5304, .adv_w = 89, .box_w = 4, .box_h = 14, .ofs_x = 1, .ofs_y = 0},
    {.bitmap_index = 5360, .adv_w = 178, .box_w = 10, .box_h = 14, .ofs_x = 0, .ofs_y = 0},
    {.bitmap_index = 5500, .adv_w = 214, .box_w = 13, .box_h = 14, .ofs_x = 1, .ofs_y = 0},
    {.bitmap_index = 5682, .adv_w = 171, .box_w = 10, .box_h = 14, .ofs_x = 1, .ofs_y = 0},
    {.bitmap_index = 5822, .adv_w = 274, .box_w = 15, .box_h = 14, .ofs_x = 1, .ofs_y = 0},
    {.bitmap_index = 6032, .adv_w = 231, .box_w = 13, .box_h = 14, .ofs_x = 1, .ofs_y = 0},
    {.bitmap_index = 6214, .adv_w = 263, .box_w = 16, .box_h = 14, .ofs_x = 0, .ofs_y = 0},
    {.bitmap_index = 6438, .adv_w = 189, .box_w = 11, .box_h = 14, .ofs_x = 1, .ofs_y = 0},
    {.bitmap_index = 6592, .adv_w = 263, .box_w = 16, .box_h = 16, .ofs_x = 0, .ofs_y = -2},
    {.bitmap_index = 6848, .adv_w = 198, .box_w = 12, .box_h = 14, .ofs_x = 1, .ofs_y = 0},
    {.bitmap_index = 7016, .adv_w = 184, .box_w = 11, .box_h = 14, .ofs_x = 0, .ofs_y = 0},
    {.bitmap_index = 7170, .adv_w = 187, .box_w = 12, .box_h = 14, .ofs_x = 0, .ofs_y = 0},
    {.bitmap_index = 7338, .adv_w = 214, .box_w = 12, .box_h = 14, .ofs_x = 1, .ofs_y = 0},
    {.bitmap_index = 7506, .adv_w = 218, .box_w = 14, .box_h = 14, .ofs_x = 0, .ofs_y = 0},
    {.bitmap_index = 7702, .adv_w = 305, .box_w = 19, .box_h = 14, .ofs_x = 0, .ofs_y = 0},
    {.bitmap_index = 7968, .adv_w = 220, .box_w = 14, .box_h = 14, .ofs_x = 0, .ofs_y = 0},
    {.bitmap_index = 8164, .adv_w = 204, .box_w = 13, .box_h = 14, .ofs_x = 0, .ofs_y = 0},
    {.bitmap_index = 8346, .adv_w = 191, .box_w = 12, .box_h = 14, .ofs_x = 0, .ofs_y = 0},
    {.bitmap_index = 8514, .adv_w = 113, .box_w = 6, .box_h = 19, .ofs_x = 1, .ofs_y = -2},
    {.bitmap_index = 8628, .adv_w = 154, .box_w = 10, .box_h = 14, .ofs_x = 0, .ofs_y = 0},
    {.bitmap_index = 8768, .adv_w = 113, .box_w = 6, .box_h = 19, .ofs_x = 0, .ofs_y = -2},
    {.bitmap_index = 8882, .adv_w = 165, .box_w = 11, .box_h = 6, .ofs_x = 0, .ofs_y = 8},
    {.bitmap_index = 8948, .adv_w = 160, .box_w = 10, .box_h = 3, .ofs_x = 0, .ofs_y = -4},
    {.bitmap_index = 8978, .adv_w = 142, .box_w = 5, .box_h = 3, .ofs_x = 1, .ofs_y = 12},
    {.bitmap_index = 8993, .adv_w = 171, .box_w = 10, .box_h = 10, .ofs_x = 0, .ofs_y = 0},
    {.bitmap_index = 9093, .adv_w = 192, .box_w = 11, .box_h = 14, .ofs_x = 1, .ofs_y = 0},
    {.bitmap_index = 9247, .adv_w = 174, .box_w = 11, .box_h = 10, .ofs_x = 0, .ofs_y = 0},
    {.bitmap_index = 9357, .adv_w = 192, .box_w = 11, .box_h = 14, .ofs_x = 0, .ofs_y = 0},
    {.bitmap_index = 9511, .adv_w = 178, .box_w = 11, .box_h = 10, .ofs_x = 0, .ofs_y = 0},
    {.bitmap_index = 9621, .adv_w = 127, .box_w = 8, .box_h = 14, .ofs_x = 0, .ofs_y = 0},
    {.bitmap_index = 9733, .adv_w = 191, .box_w = 11, .box_h = 14, .ofs_x = 0, .ofs_y = -4},
    {.bitmap_index = 9887, .adv_w = 184, .box_w = 10, .box_h = 14, .ofs_x = 1, .ofs_y = 0},
    {.bitmap_index = 10027, .adv_w = 83, .box_w = 5, .box_h = 14, .ofs_x = 0, .ofs_y = 0},
    {.bitmap_index = 10097, .adv_w = 83, .box_w = 6, .box_h = 18, .ofs_x = -1, .ofs_y = -4},
    {.bitmap_index = 10205, .adv_w = 170, .box_w = 10, .box_h = 14, .ofs_x = 1, .ofs_y = 0},
    {.bitmap_index = 10345, .adv_w = 78, .box_w = 3, .box_h = 14, .ofs_x = 1, .ofs_y = 0},
    {.bitmap_index = 10387, .adv_w = 282, .box_w = 16, .box_h = 10, .ofs_x = 1, .ofs_y = 0},
    {.bitmap_index = 10547, .adv_w = 184, .box_w = 10, .box_h = 10, .ofs_x = 1, .ofs_y = 0},
    {.bitmap_index = 10647, .adv_w = 184, .box_w = 11, .box_h = 10, .ofs_x = 0, .ofs_y = 0},
    {.bitmap_index = 10757, .adv_w = 191, .box_w = 11, .box_h = 14, .ofs_x = 1, .ofs_y = -4},
    {.bitmap_index = 10911, .adv_w = 191, .box_w = 11, .box_h = 14, .ofs_x = 0, .ofs_y = -4},
    {.bitmap_index = 11065, .adv_w = 130, .box_w = 8, .box_h = 10, .ofs_x = 1, .ofs_y = 0},
    {.bitmap_index = 11145, .adv_w = 155, .box_w = 10, .box_h = 10, .ofs_x = 0, .ofs_y = 0},
    {.bitmap_index = 11245, .adv_w = 128, .box_w = 8, .box_h = 13, .ofs_x = 0, .ofs_y = 0},
    {.bitmap_index = 11349, .adv_w = 184, .box_w = 10, .box_h = 10, .ofs_x = 1, .ofs_y = 0},
    {.bitmap_index = 11449, .adv_w = 178, .box_w = 12, .box_h = 10, .ofs_x = 0, .ofs_y = 0},
    {.bitmap_index = 11569, .adv_w = 258, .box_w = 17, .box_h = 10, .ofs_x = 0, .ofs_y = 0},
    {.bitmap_index = 11739, .adv_w = 164, .box_w = 11, .box_h = 10, .ofs_x = 0, .ofs_y = 0},
    {.bitmap_index = 11849, .adv_w = 177, .box_w = 11, .box_h = 14, .ofs_x = 0, .ofs_y = -4},
    {.bitmap_index = 12003, .adv_w = 153, .box_w = 9, .box_h = 10, .ofs_x = 0, .ofs_y = 0},
    {.bitmap_index = 12093, .adv_w = 108, .box_w = 7, .box_h = 19, .ofs_x = 0, .ofs_y = -2},
    {.bitmap_index = 12226, .adv_w = 84, .box_w = 3, .box_h = 19, .ofs_x = 1, .ofs_y = -2},
    {.bitmap_index = 12283, .adv_w = 108, .box_w = 7, .box_h = 19, .ofs_x = 0, .ofs_y = -2},
    {.bitmap_index = 12416, .adv_w = 177, .box_w = 11, .box_h = 4, .ofs_x = 0, .ofs_y = 4},
    {.bitmap_index = 12460, .adv_w = 70, .box_w = 0, .box_h = 0, .ofs_x = 0, .ofs_y = 0},
    {.bitmap_index = 12460, .adv_w = 86, .box_w = 5, .box_h = 14, .ofs_x = 0, .ofs_y = -4},
    {.bitmap_index = 12530, .adv_w = 172, .box_w = 11, .box_h = 14, .ofs_x = 0, .ofs_y = 0},
    {.bitmap_index = 12684, .adv_w = 172, .box_w = 11, .box_h = 14, .ofs_x = 0, .ofs_y = 0},
    {.bitmap_index = 12838, .adv_w = 195, .box_w = 10, .box_h = 11, .ofs_x = 1, .ofs_y = 1},
    {.bitmap_index = 12948, .adv_w = 202, .box_w = 13, .box_h = 14, .ofs_x = 0, .ofs_y = 0},
    {.bitmap_index = 13130, .adv_w = 84, .box_w = 3, .box_h = 18, .ofs_x = 1, .ofs_y = -2},
    {.bitmap_index = 13184, .adv_w = 179, .box_w = 11, .box_h = 18, .ofs_x = 0, .ofs_y = -4},
    {.bitmap_index = 13382, .adv_w = 145, .box_w = 7, .box_h = 3, .ofs_x = 1, .ofs_y = 12},
    {.bitmap_index = 13403, .adv_w = 170, .box_w = 10, .box_h = 9, .ofs_x = 0, .ofs_y = 5},
    {.bitmap_index = 13493, .adv_w = 158, .box_w = 10, .box_h = 9, .ofs_x = 0, .ofs_y = 5},
    {.bitmap_index = 13583, .adv_w = 195, .box_w = 11, .box_h = 10, .ofs_x = 0, .ofs_y = 0},
    {.bitmap_index = 13693, .adv_w = 190, .box_w = 11, .box_h = 7, .ofs_x = 0, .ofs_y = 2},
    {.bitmap_index = 13770, .adv_w = 144, .box_w = 7, .box_h = 3, .ofs_x = 1, .ofs_y = 5},
    {.bitmap_index = 13791, .adv_w = 170, .box_w = 10, .box_h = 9, .ofs_x = 0, .ofs_y = 5},
    {.bitmap_index = 13881, .adv_w = 133, .box_w = 7, .box_h = 2, .ofs_x = 1, .ofs_y = 12},
    {.bitmap_index = 13895, .adv_w = 104, .box_w = 6, .box_h = 5, .ofs_x = 0, .ofs_y = 9},
    {.bitmap_index = 13925, .adv_w = 182, .box_w = 10, .box_h = 11, .ofs_x = 1, .ofs_y = 0},
    {.bitmap_index = 14035, .adv_w = 101, .box_w = 6, .box_h = 7, .ofs_x = 0, .ofs_y = 7},
    {.bitmap_index = 14077, .adv_w = 107, .box_w = 7, .box_h = 7, .ofs_x = 0, .ofs_y = 7},
    {.bitmap_index = 14126, .adv_w = 142, .box_w = 4, .box_h = 3, .ofs_x = 3, .ofs_y = 12},
    {.bitmap_index = 14138, .adv_w = 184, .box_w = 10, .box_h = 14, .ofs_x = 1, .ofs_y = -4},
    {.bitmap_index = 14278, .adv_w = 206, .box_w = 12, .box_h = 18, .ofs_x = 0, .ofs_y = -4},
    {.bitmap_index = 14494, .adv_w = 68, .box_w = 4, .box_h = 4, .ofs_x = 0, .ofs_y = 5},
    {.bitmap_index = 14510, .adv_w = 132, .box_w = 5, .box_h = 6, .ofs_x = 1, .ofs_y = -5},
    {.bitmap_index = 14540, .adv_w = 87, .box_w = 5, .box_h = 7, .ofs_x = 0, .ofs_y = 7},
    {.bitmap_index = 14575, .adv_w = 171, .box_w = 10, .box_h = 10, .ofs_x = 0, .ofs_y = 4},
    {.bitmap_index = 14675, .adv_w = 195, .box_w = 11, .box_h = 10, .ofs_x = 1, .ofs_y = 0},
    {.bitmap_index = 14785, .adv_w = 247, .box_w = 15, .box_h = 16, .ofs_x = 0, .ofs_y = -1},
    {.bitmap_index = 15025, .adv_w = 259, .box_w = 16, .box_h = 16, .ofs_x = 0, .ofs_y = -1},
    {.bitmap_index = 15281, .adv_w = 270, .box_w = 16, .box_h = 16, .ofs_x = 0, .ofs_y = -1},
    {.bitmap_index = 15537, .adv_w = 161, .box_w = 10, .box_h = 14, .ofs_x = 0, .ofs_y = -4},
    {.bitmap_index = 15677, .adv_w = 229, .box_w = 15, .box_h = 18, .ofs_x = 0, .ofs_y = 0},
    {.bitmap_index = 15947, .adv_w = 229, .box_w = 15, .box_h = 18, .ofs_x = 0, .ofs_y = 0},
    {.bitmap_index = 16217, .adv_w = 229, .box_w = 15, .box_h = 19, .ofs_x = 0, .ofs_y = 0},
    {.bitmap_index = 16502, .adv_w = 229, .box_w = 15, .box_h = 18, .ofs_x = 0, .ofs_y = 0},
    {.bitmap_index = 16772, .adv_w = 229, .box_w = 15, .box_h = 18, .ofs_x = 0, .ofs_y = 0},
    {.bitmap_index = 17042, .adv_w = 229, .box_w = 15, .box_h = 18, .ofs_x = 0, .ofs_y = 0},
    {.bitmap_index = 17312, .adv_w = 322, .box_w = 20, .box_h = 14, .ofs_x = 0, .ofs_y = 0},
    {.bitmap_index = 17592, .adv_w = 235, .box_w = 14, .box_h = 18, .ofs_x = 0, .ofs_y = -4},
    {.bitmap_index = 17844, .adv_w = 185, .box_w = 10, .box_h = 18, .ofs_x = 1, .ofs_y = 0},
    {.bitmap_index = 18024, .adv_w = 185, .box_w = 10, .box_h = 18, .ofs_x = 1, .ofs_y = 0},
    {.bitmap_index = 18204, .adv_w = 185, .box_w = 10, .box_h = 19, .ofs_x = 1, .ofs_y = 0},
    {.bitmap_index = 18394, .adv_w = 185, .box_w = 10, .box_h = 18, .ofs_x = 1, .ofs_y = 0},
    {.bitmap_index = 18574, .adv_w = 89, .box_w = 5, .box_h = 18, .ofs_x = 0, .ofs_y = 0},
    {.bitmap_index = 18664, .adv_w = 89, .box_w = 5, .box_h = 18, .ofs_x = 1, .ofs_y = 0},
    {.bitmap_index = 18754, .adv_w = 89, .box_w = 8, .box_h = 19, .ofs_x = -1, .ofs_y = 0},
    {.bitmap_index = 18906, .adv_w = 89, .box_w = 7, .box_h = 18, .ofs_x = -1, .ofs_y = 0},
    {.bitmap_index = 19032, .adv_w = 249, .box_w = 14, .box_h = 14, .ofs_x = 1, .ofs_y = 0},
    {.bitmap_index = 19228, .adv_w = 231, .box_w = 13, .box_h = 18, .ofs_x = 1, .ofs_y = 0},
    {.bitmap_index = 19462, .adv_w = 263, .box_w = 16, .box_h = 18, .ofs_x = 0, .ofs_y = 0},
    {.bitmap_index = 19750, .adv_w = 263, .box_w = 16, .box_h = 18, .ofs_x = 0, .ofs_y = 0},
    {.bitmap_index = 20038, .adv_w = 263, .box_w = 16, .box_h = 19, .ofs_x = 0, .ofs_y = 0},
    {.bitmap_index = 20342, .adv_w = 263, .box_w = 16, .box_h = 18, .ofs_x = 0, .ofs_y = 0},
    {.bitmap_index = 20630, .adv_w = 263, .box_w = 16, .box_h = 18, .ofs_x = 0, .ofs_y = 0},
    {.bitmap_index = 20918, .adv_w = 196, .box_w = 11, .box_h = 11, .ofs_x = 1, .ofs_y = 0},
    {.bitmap_index = 21039, .adv_w = 263, .box_w = 16, .box_h = 16, .ofs_x = 0, .ofs_y = -1},
    {.bitmap_index = 21295, .adv_w = 214, .box_w = 12, .box_h = 18, .ofs_x = 1, .ofs_y = 0},
    {.bitmap_index = 21511, .adv_w = 214, .box_w = 12, .box_h = 18, .ofs_x = 1, .ofs_y = 0},
    {.bitmap_index = 21727, .adv_w = 214, .box_w = 12, .box_h = 19, .ofs_x = 1, .ofs_y = 0},
    {.bitmap_index = 21955, .adv_w = 214, .box_w = 12, .box_h = 18, .ofs_x = 1, .ofs_y = 0},
    {.bitmap_index = 22171, .adv_w = 204, .box_w = 13, .box_h = 18, .ofs_x = 0, .ofs_y = 0},
    {.bitmap_index = 22405, .adv_w = 189, .box_w = 11, .box_h = 14, .ofs_x = 1, .ofs_y = 0},
    {.bitmap_index = 22559, .adv_w = 187, .box_w = 11, .box_h = 14, .ofs_x = 1, .ofs_y = 0},
    {.bitmap_index = 22713, .adv_w = 171, .box_w = 10, .box_h = 14, .ofs_x = 0, .ofs_y = 0},
    {.bitmap_index = 22853, .adv_w = 171, .box_w = 10, .box_h = 14, .ofs_x = 0, .ofs_y = 0},
    {.bitmap_index = 22993, .adv_w = 171, .box_w = 10, .box_h = 14, .ofs_x = 0, .ofs_y = 0},
    {.bitmap_index = 23133, .adv_w = 171, .box_w = 10, .box_h = 14, .ofs_x = 0, .ofs_y = 0},
    {.bitmap_index = 23273, .adv_w = 171, .box_w = 10, .box_h = 14, .ofs_x = 0, .ofs_y = 0},
    {.bitmap_index = 23413, .adv_w = 171, .box_w = 10, .box_h = 17, .ofs_x = 0, .ofs_y = 0},
    {.bitmap_index = 23583, .adv_w = 284, .box_w = 18, .box_h = 10, .ofs_x = 0, .ofs_y = 0},
    {.bitmap_index = 23763, .adv_w = 174, .box_w = 11, .box_h = 14, .ofs_x = 0, .ofs_y = -4},
    {.bitmap_index = 23917, .adv_w = 178, .box_w = 11, .box_h = 14, .ofs_x = 0, .ofs_y = 0},
    {.bitmap_index = 24071, .adv_w = 178, .box_w = 11, .box_h = 14, .ofs_x = 0, .ofs_y = 0},
    {.bitmap_index = 24225, .adv_w = 178, .box_w = 11, .box_h = 14, .ofs_x = 0, .ofs_y = 0},
    {.bitmap_index = 24379, .adv_w = 178, .box_w = 11, .box_h = 14, .ofs_x = 0, .ofs_y = 0},
    {.bitmap_index = 24533, .adv_w = 83, .box_w = 5, .box_h = 14, .ofs_x = -1, .ofs_y = 0},
    {.bitmap_index = 24603, .adv_w = 83, .box_w = 5, .box_h = 14, .ofs_x = 1, .ofs_y = 0},
    {.bitmap_index = 24673, .adv_w = 83, .box_w = 8, .box_h = 14, .ofs_x = -1, .ofs_y = 0},
    {.bitmap_index = 24785, .adv_w = 83, .box_w = 7, .box_h = 14, .ofs_x = -1, .ofs_y = 0},
    {.bitmap_index = 24883, .adv_w = 185, .box_w = 11, .box_h = 15, .ofs_x = 0, .ofs_y = 0},
    {.bitmap_index = 25048, .adv_w = 184, .box_w = 10, .box_h = 14, .ofs_x = 1, .ofs_y = 0},
    {.bitmap_index = 25188, .adv_w = 184, .box_w = 11, .box_h = 14, .ofs_x = 0, .ofs_y = 0},
    {.bitmap_index = 25342, .adv_w = 184, .box_w = 11, .box_h = 14, .ofs_x = 0, .ofs_y = 0},
    {.bitmap_index = 25496, .adv_w = 184, .box_w = 11, .box_h = 14, .ofs_x = 0, .ofs_y = 0},
    {.bitmap_index = 25650, .adv_w = 184, .box_w = 11, .box_h = 14, .ofs_x = 0, .ofs_y = 0},
    {.bitmap_index = 25804, .adv_w = 184, .box_w = 11, .box_h = 14, .ofs_x = 0, .ofs_y = 0},
    {.bitmap_index = 25958, .adv_w = 182, .box_w = 10, .box_h = 11, .ofs_x = 1, .ofs_y = 0},
    {.bitmap_index = 26068, .adv_w = 184, .box_w = 11, .box_h = 12, .ofs_x = 0, .ofs_y = -1},
    {.bitmap_index = 26200, .adv_w = 184, .box_w = 10, .box_h = 14, .ofs_x = 1, .ofs_y = 0},
    {.bitmap_index = 26340, .adv_w = 184, .box_w = 10, .box_h = 14, .ofs_x = 1, .ofs_y = 0},
    {.bitmap_index = 26480, .adv_w = 184, .box_w = 10, .box_h = 14, .ofs_x = 1, .ofs_y = 0},
    {.bitmap_index = 26620, .adv_w = 184, .box_w = 10, .box_h = 14, .ofs_x = 1, .ofs_y = 0},
    {.bitmap_index = 26760, .adv_w = 177, .box_w = 11, .box_h = 18, .ofs_x = 0, .ofs_y = -4},
    {.bitmap_index = 26958, .adv_w = 192, .box_w = 11, .box_h = 18, .ofs_x = 1, .ofs_y = -4},
    {.bitmap_index = 27156, .adv_w = 177, .box_w = 11, .box_h = 18, .ofs_x = 0, .ofs_y = -4},
    {.bitmap_index = 27354, .adv_w = 229, .box_w = 15, .box_h = 18, .ofs_x = 0, .ofs_y = 0},
    {.bitmap_index = 27624, .adv_w = 171, .box_w = 10, .box_h = 14, .ofs_x = 0, .ofs_y = 0},
    {.bitmap_index = 27764, .adv_w = 229, .box_w = 15, .box_h = 18, .ofs_x = 0, .ofs_y = 0},
    {.bitmap_index = 28034, .adv_w = 171, .box_w = 10, .box_h = 14, .ofs_x = 0, .ofs_y = 0},
    {.bitmap_index = 28174, .adv_w = 229, .box_w = 15, .box_h = 18, .ofs_x = 0, .ofs_y = -4},
    {.bitmap_index = 28444, .adv_w = 171, .box_w = 11, .box_h = 14, .ofs_x = 0, .ofs_y = -4},
    {.bitmap_index = 28598, .adv_w = 235, .box_w = 14, .box_h = 18, .ofs_x = 0, .ofs_y = 0},
    {.bitmap_index = 28850, .adv_w = 174, .box_w = 11, .box_h = 14, .ofs_x = 0, .ofs_y = 0},
    {.bitmap_index = 29004, .adv_w = 235, .box_w = 14, .box_h = 19, .ofs_x = 0, .ofs_y = 0},
    {.bitmap_index = 29270, .adv_w = 174, .box_w = 11, .box_h = 14, .ofs_x = 0, .ofs_y = 0},
    {.bitmap_index = 29424, .adv_w = 235, .box_w = 14, .box_h = 19, .ofs_x = 0, .ofs_y = 0},
    {.bitmap_index = 29690, .adv_w = 174, .box_w = 11, .box_h = 14, .ofs_x = 0, .ofs_y = 0},
    {.bitmap_index = 29844, .adv_w = 235, .box_w = 14, .box_h = 19, .ofs_x = 0, .ofs_y = 0},
    {.bitmap_index = 30110, .adv_w = 174, .box_w = 11, .box_h = 14, .ofs_x = 0, .ofs_y = 0},
    {.bitmap_index = 30264, .adv_w = 230, .box_w = 13, .box_h = 18, .ofs_x = 1, .ofs_y = 0},
    {.bitmap_index = 30498, .adv_w = 228, .box_w = 15, .box_h = 14, .ofs_x = 0, .ofs_y = 0},
    {.bitmap_index = 30708, .adv_w = 228, .box_w = 15, .box_h = 14, .ofs_x = -1, .ofs_y = 0},
    {.bitmap_index = 30918, .adv_w = 190, .box_w = 13, .box_h = 14, .ofs_x = 0, .ofs_y = 0},
    {.bitmap_index = 31100, .adv_w = 185, .box_w = 10, .box_h = 18, .ofs_x = 1, .ofs_y = 0},
    {.bitmap_index = 31280, .adv_w = 178, .box_w = 11, .box_h = 14, .ofs_x = 0, .ofs_y = 0},
    {.bitmap_index = 31434, .adv_w = 185, .box_w = 10, .box_h = 18, .ofs_x = 1, .ofs_y = 0},
    {.bitmap_index = 31614, .adv_w = 178, .box_w = 11, .box_h = 14, .ofs_x = 0, .ofs_y = 0},
    {.bitmap_index = 31768, .adv_w = 185, .box_w = 10, .box_h = 18, .ofs_x = 1, .ofs_y = 0},
    {.bitmap_index = 31948, .adv_w = 178, .box_w = 11, .box_h = 14, .ofs_x = 0, .ofs_y = 0},
    {.bitmap_index = 32102, .adv_w = 185, .box_w = 11, .box_h = 18, .ofs_x = 1, .ofs_y = -4},
    {.bitmap_index = 32300, .adv_w = 178, .box_w = 11, .box_h = 14, .ofs_x = 0, .ofs_y = -4},
    {.bitmap_index = 32454, .adv_w = 185, .box_w = 10, .box_h = 18, .ofs_x = 1, .ofs_y = 0},
    {.bitmap_index = 32634, .adv_w = 178, .box_w = 11, .box_h = 14, .ofs_x = 0, .ofs_y = 0},
    {.bitmap_index = 32788, .adv_w = 259, .box_w = 16, .box_h = 19, .ofs_x = 0, .ofs_y = 0},
    {.bitmap_index = 33092, .adv_w = 191, .box_w = 11, .box_h = 18, .ofs_x = 0, .ofs_y = -4},
    {.bitmap_index = 33290, .adv_w = 259, .box_w = 16, .box_h = 18, .ofs_x = 0, .ofs_y = 0},
    {.bitmap_index = 33578, .adv_w = 191, .box_w = 11, .box_h = 18, .ofs_x = 0, .ofs_y = -4},
    {.bitmap_index = 33776, .adv_w = 259, .box_w = 16, .box_h = 19, .ofs_x = 0, .ofs_y = 0},
    {.bitmap_index = 34080, .adv_w = 191, .box_w = 11, .box_h = 18, .ofs_x = 0, .ofs_y = -4},
    {.bitmap_index = 34278, .adv_w = 259, .box_w = 16, .box_h = 20, .ofs_x = 0, .ofs_y = -6},
    {.bitmap_index = 34598, .adv_w = 191, .box_w = 11, .box_h = 21, .ofs_x = 0, .ofs_y = -4},
    {.bitmap_index = 34829, .adv_w = 229, .box_w = 12, .box_h = 19, .ofs_x = 1, .ofs_y = 0},
    {.bitmap_index = 35057, .adv_w = 184, .box_w = 10, .box_h = 19, .ofs_x = 1, .ofs_y = 0},
    {.bitmap_index = 35247, .adv_w = 229, .box_w = 15, .box_h = 14, .ofs_x = 0, .ofs_y = 0},
    {.bitmap_index = 35457, .adv_w = 184, .box_w = 12, .box_h = 14, .ofs_x = -1, .ofs_y = 0},
    {.bitmap_index = 35625, .adv_w = 89, .box_w = 8, .box_h = 18, .ofs_x = -1, .ofs_y = 0},
    {.bitmap_index = 35769, .adv_w = 83, .box_w = 8, .box_h = 14, .ofs_x = -1, .ofs_y = 0},
    {.bitmap_index = 35881, .adv_w = 89, .box_w = 6, .box_h = 18, .ofs_x = 0, .ofs_y = 0},
    {.bitmap_index = 35989, .adv_w = 83, .box_w = 7, .box_h = 14, .ofs_x = -1, .ofs_y = 0},
    {.bitmap_index = 36087, .adv_w = 89, .box_w = 6, .box_h = 18, .ofs_x = 0, .ofs_y = 0},
    {.bitmap_index = 36195, .adv_w = 83, .box_w = 7, .box_h = 14, .ofs_x = -1, .ofs_y = 0},
    {.bitmap_index = 36293, .adv_w = 89, .box_w = 5, .box_h = 18, .ofs_x = 0, .ofs_y = -4},
    {.bitmap_index = 36383, .adv_w = 83, .box_w = 5, .box_h = 18, .ofs_x = 0, .ofs_y = -4},
    {.bitmap_index = 36473, .adv_w = 89, .box_w = 4, .box_h = 18, .ofs_x = 1, .ofs_y = 0},
    {.bitmap_index = 36545, .adv_w = 83, .box_w = 3, .box_h = 10, .ofs_x = 1, .ofs_y = 0},
    {.bitmap_index = 36575, .adv_w = 178, .box_w = 13, .box_h = 19, .ofs_x = 0, .ofs_y = 0},
    {.bitmap_index = 36822, .adv_w = 83, .box_w = 8, .box_h = 18, .ofs_x = -1, .ofs_y = -4},
    {.bitmap_index = 36966, .adv_w = 213, .box_w = 13, .box_h = 20, .ofs_x = 1, .ofs_y = -6},
    {.bitmap_index = 37226, .adv_w = 169, .box_w = 10, .box_h = 20, .ofs_x = 1, .ofs_y = -6},
    {.bitmap_index = 37426, .adv_w = 164, .box_w = 10, .box_h = 10, .ofs_x = 1, .ofs_y = 0},
    {.bitmap_index = 37526, .adv_w = 171, .box_w = 10, .box_h = 18, .ofs_x = 1, .ofs_y = 0},
    {.bitmap_index = 37706, .adv_w = 78, .box_w = 5, .box_h = 18, .ofs_x = 1, .ofs_y = 0},
    {.bitmap_index = 37796, .adv_w = 171, .box_w = 10, .box_h = 20, .ofs_x = 1, .ofs_y = -6},
    {.bitmap_index = 37996, .adv_w = 78, .box_w = 4, .box_h = 20, .ofs_x = 0, .ofs_y = -6},
    {.bitmap_index = 38076, .adv_w = 171, .box_w = 10, .box_h = 14, .ofs_x = 1, .ofs_y = 0},
    {.bitmap_index = 38216, .adv_w = 123, .box_w = 8, .box_h = 14, .ofs_x = 1, .ofs_y = 0},
    {.bitmap_index = 38328, .adv_w = 171, .box_w = 10, .box_h = 14, .ofs_x = 1, .ofs_y = 0},
    {.bitmap_index = 38468, .adv_w = 197, .box_w = 12, .box_h = 14, .ofs_x = 0, .ofs_y = 0},
    {.bitmap_index = 38636, .adv_w = 134, .box_w = 8, .box_h = 14, .ofs_x = 0, .ofs_y = 0},
    {.bitmap_index = 38748, .adv_w = 231, .box_w = 13, .box_h = 18, .ofs_x = 1, .ofs_y = 0},
    {.bitmap_index = 38982, .adv_w = 184, .box_w = 10, .box_h = 14, .ofs_x = 1, .ofs_y = 0},
    {.bitmap_index = 39122, .adv_w = 231, .box_w = 13, .box_h = 20, .ofs_x = 1, .ofs_y = -6},
    {.bitmap_index = 39382, .adv_w = 184, .box_w = 10, .box_h = 16, .ofs_x = 1, .ofs_y = -6},
    {.bitmap_index = 39542, .adv_w = 231, .box_w = 13, .box_h = 18, .ofs_x = 1, .ofs_y = 0},
    {.bitmap_index = 39776, .adv_w = 184, .box_w = 10, .box_h = 14, .ofs_x = 1, .ofs_y = 0},
    {.bitmap_index = 39916, .adv_w = 231, .box_w = 13, .box_h = 18, .ofs_x = 1, .ofs_y = -4},
    {.bitmap_index = 40150, .adv_w = 184, .box_w = 10, .box_h = 14, .ofs_x = 1, .ofs_y = -4},
    {.bitmap_index = 40290, .adv_w = 263, .box_w = 16, .box_h = 18, .ofs_x = 0, .ofs_y = 0},
    {.bitmap_index = 40578, .adv_w = 184, .box_w = 11, .box_h = 14, .ofs_x = 0, .ofs_y = 0},
    {.bitmap_index = 40732, .adv_w = 263, .box_w = 16, .box_h = 18, .ofs_x = 0, .ofs_y = 0},
    {.bitmap_index = 41020, .adv_w = 184, .box_w = 11, .box_h = 14, .ofs_x = 0, .ofs_y = 0},
    {.bitmap_index = 41174, .adv_w = 263, .box_w = 16, .box_h = 18, .ofs_x = 0, .ofs_y = 0},
    {.bitmap_index = 41462, .adv_w = 184, .box_w = 11, .box_h = 14, .ofs_x = 0, .ofs_y = 0},
    {.bitmap_index = 41616, .adv_w = 367, .box_w = 22, .box_h = 14, .ofs_x = 0, .ofs_y = 0},
    {.bitmap_index = 41924, .adv_w = 303, .box_w = 19, .box_h = 10, .ofs_x = 0, .ofs_y = 0},
    {.bitmap_index = 42114, .adv_w = 198, .box_w = 12, .box_h = 18, .ofs_x = 1, .ofs_y = 0},
    {.bitmap_index = 42330, .adv_w = 130, .box_w = 8, .box_h = 14, .ofs_x = 1, .ofs_y = 0},
    {.bitmap_index = 42442, .adv_w = 197, .box_w = 12, .box_h = 20, .ofs_x = 1, .ofs_y = -6},
    {.bitmap_index = 42682, .adv_w = 130, .box_w = 8, .box_h = 16, .ofs_x = 1, .ofs_y = -6},
    {.bitmap_index = 42810, .adv_w = 198, .box_w = 12, .box_h = 18, .ofs_x = 1, .ofs_y = 0},
    {.bitmap_index = 43026, .adv_w = 130, .box_w = 9, .box_h = 14, .ofs_x = 0, .ofs_y = 0},
    {.bitmap_index = 43152, .adv_w = 184, .box_w = 11, .box_h = 18, .ofs_x = 0, .ofs_y = 0},
    {.bitmap_index = 43350, .adv_w = 155, .box_w = 10, .box_h = 14, .ofs_x = 0, .ofs_y = 0},
    {.bitmap_index = 43490, .adv_w = 184, .box_w = 11, .box_h = 19, .ofs_x = 0, .ofs_y = 0},
    {.bitmap_index = 43699, .adv_w = 155, .box_w = 10, .box_h = 14, .ofs_x = 0, .ofs_y = 0},
    {.bitmap_index = 43839, .adv_w = 184, .box_w = 11, .box_h = 18, .ofs_x = 0, .ofs_y = -4},
    {.bitmap_index = 44037, .adv_w = 155, .box_w = 10, .box_h = 14, .ofs_x = 0, .ofs_y = -4},
    {.bitmap_index = 44177, .adv_w = 184, .box_w = 11, .box_h = 19, .ofs_x = 0, .ofs_y = 0},
    {.bitmap_index = 44386, .adv_w = 155, .box_w = 10, .box_h = 14, .ofs_x = 0, .ofs_y = 0},
    {.bitmap_index = 44526, .adv_w = 187, .box_w = 12, .box_h = 18, .ofs_x = 0, .ofs_y = -4},
    {.bitmap_index = 44742, .adv_w = 128, .box_w = 8, .box_h = 18, .ofs_x = 0, .ofs_y = -4},
    {.bitmap_index = 44886, .adv_w = 187, .box_w = 12, .box_h = 19, .ofs_x = 0, .ofs_y = 0},
    {.bitmap_index = 45114, .adv_w = 128, .box_w = 9, .box_h = 14, .ofs_x = 0, .ofs_y = 0},
    {.bitmap_index = 45240, .adv_w = 187, .box_w = 12, .box_h = 14, .ofs_x = 0, .ofs_y = 0},
    {.bitmap_index = 45408, .adv_w = 128, .box_w = 8, .box_h = 13, .ofs_x = 0, .ofs_y = 0},
    {.bitmap_index = 45512, .adv_w = 214, .box_w = 12, .box_h = 18, .ofs_x = 1, .ofs_y = 0},
    {.bitmap_index = 45728, .adv_w = 184, .box_w = 10, .box_h = 14, .ofs_x = 1, .ofs_y = 0},
    {.bitmap_index = 45868, .adv_w = 214, .box_w = 12, .box_h = 18, .ofs_x = 1, .ofs_y = 0},
    {.bitmap_index = 46084, .adv_w = 184, .box_w = 10, .box_h = 14, .ofs_x = 1, .ofs_y = 0},
    {.bitmap_index = 46224, .adv_w = 214, .box_w = 12, .box_h = 18, .ofs_x = 1, .ofs_y = 0},
    {.bitmap_index = 46440, .adv_w = 184, .box_w = 10, .box_h = 14, .ofs_x = 1, .ofs_y = 0},
    {.bitmap_index = 46580, .adv_w = 214, .box_w = 12, .box_h = 20, .ofs_x = 1, .ofs_y = 0},
    {.bitmap_index = 46820, .adv_w = 184, .box_w = 10, .box_h = 17, .ofs_x = 1, .ofs_y = 0},
    {.bitmap_index = 46990, .adv_w = 214, .box_w = 12, .box_h = 18, .ofs_x = 1, .ofs_y = 0},
    {.bitmap_index = 47206, .adv_w = 184, .box_w = 10, .box_h = 14, .ofs_x = 1, .ofs_y = 0},
    {.bitmap_index = 47346, .adv_w = 214, .box_w = 12, .box_h = 18, .ofs_x = 1, .ofs_y = -4},
    {.bitmap_index = 47562, .adv_w = 184, .box_w = 10, .box_h = 14, .ofs_x = 1, .ofs_y = -4},
    {.bitmap_index = 47702, .adv_w = 305, .box_w = 19, .box_h = 19, .ofs_x = 0, .ofs_y = 0},
    {.bitmap_index = 48063, .adv_w = 258, .box_w = 17, .box_h = 14, .ofs_x = 0, .ofs_y = 0},
    {.bitmap_index = 48301, .adv_w = 204, .box_w = 13, .box_h = 19, .ofs_x = 0, .ofs_y = 0},
    {.bitmap_index = 48548, .adv_w = 177, .box_w = 11, .box_h = 18, .ofs_x = 0, .ofs_y = -4},
    {.bitmap_index = 48746, .adv_w = 204, .box_w = 13, .box_h = 18, .ofs_x = 0, .ofs_y = 0},
    {.bitmap_index = 48980, .adv_w = 191, .box_w = 12, .box_h = 18, .ofs_x = 0, .ofs_y = 0},
    {.bitmap_index = 49196, .adv_w = 153, .box_w = 9, .box_h = 14, .ofs_x = 0, .ofs_y = 0},
    {.bitmap_index = 49322, .adv_w = 191, .box_w = 12, .box_h = 18, .ofs_x = 0, .ofs_y = 0},
    {.bitmap_index = 49538, .adv_w = 153, .box_w = 9, .box_h = 14, .ofs_x = 0, .ofs_y = 0},
    {.bitmap_index = 49664, .adv_w = 191, .box_w = 12, .box_h = 18, .ofs_x = 0, .ofs_y = 0},
    {.bitmap_index = 49880, .adv_w = 153, .box_w = 9, .box_h = 14, .ofs_x = 0, .ofs_y = 0},
    {.bitmap_index = 50006, .adv_w = 293, .box_w = 17, .box_h = 3, .ofs_x = 1, .ofs_y = 5},
    {.bitmap_index = 50057, .adv_w = 86, .box_w = 5, .box_h = 6, .ofs_x = 0, .ofs_y = 8}
};

/*---------------------
 *  CHARACTER MAPPING
 *--------------------*/

static const uint16_t unicode_list_5[] = {
    0x0, 0x5
};

/*Collect the unicode lists and glyph_id offsets*/
static const lv_font_fmt_txt_cmap_t cmaps[] =
{
    {
        .range_start = 32, .range_length = 95, .glyph_id_start = 1,
        .unicode_list = NULL, .glyph_id_ofs_list = NULL, .list_length = 0, .type = LV_FONT_FMT_TXT_CMAP_FORMAT0_TINY
    },
    {
        .range_start = 160, .range_length = 146, .glyph_id_start = 96,
        .unicode_list = NULL, .glyph_id_ofs_list = NULL, .list_length = 0, .type = LV_FONT_FMT_TXT_CMAP_FORMAT0_TINY
    },
    {
        .range_start = 308, .range_length = 12, .glyph_id_start = 242,
        .unicode_list = NULL, .glyph_id_ofs_list = NULL, .list_length = 0, .type = LV_FONT_FMT_TXT_CMAP_FORMAT0_TINY
    },
    {
        .range_start = 321, .range_length = 8, .glyph_id_start = 254,
        .unicode_list = NULL, .glyph_id_ofs_list = NULL, .list_length = 0, .type = LV_FONT_FMT_TXT_CMAP_FORMAT0_TINY
    },
    {
        .range_start = 330, .range_length = 53, .glyph_id_start = 262,
        .unicode_list = NULL, .glyph_id_ofs_list = NULL, .list_length = 0, .type = LV_FONT_FMT_TXT_CMAP_FORMAT0_TINY
    },
    {
        .range_start = 8212, .range_length = 6, .glyph_id_start = 315,
        .unicode_list = unicode_list_5, .glyph_id_ofs_list = NULL, .list_length = 2, .type = LV_FONT_FMT_TXT_CMAP_SPARSE_TINY
    }
};

/*-----------------
 *    KERNING
 *----------------*/


/*Map glyph_ids to kern left classes*/
static const uint8_t kern_left_class_mapping[] =
{
    0, 1, 0, 2, 3, 0, 4, 5,
    2, 6, 0, 7, 8, 9, 10, 9,
    11, 12, 13, 14, 15, 16, 17, 18,
    19, 20, 21, 22, 22, 0, 0, 23,
    24, 25, 26, 27, 28, 29, 30, 31,
    32, 33, 33, 34, 35, 36, 33, 33,
    37, 38, 37, 39, 40, 41, 42, 43,
    44, 45, 46, 47, 6, 48, 0, 0,
    49, 0, 50, 51, 52, 53, 54, 55,
    56, 57, 58, 59, 60, 61, 57, 57,
    62, 63, 64, 65, 66, 67, 68, 69,
    70, 71, 72, 73, 6, 0, 0, 0,
    1, 0, 0, 0, 0, 0, 0, 0,
    0, 74, 0, 75, 0, 10, 74, 0,
    0, 0, 0, 0, 0, 68, 0, 76,
    0, 0, 0, 77, 0, 0, 0, 78,
    26, 26, 26, 26, 26, 26, 30, 28,
    30, 30, 30, 30, 33, 79, 79, 79,
    29, 33, 37, 37, 37, 37, 37, 0,
    37, 42, 42, 42, 42, 46, 80, 81,
    50, 50, 50, 50, 50, 50, 54, 52,
    54, 54, 54, 54, 58, 82, 82, 82,
    83, 57, 62, 62, 62, 62, 62, 0,
    62, 68, 68, 68, 68, 72, 51, 72,
    0, 0, 0, 0, 0, 0, 0, 0,
    0, 0, 0, 0, 0, 0, 0, 0,
    0, 0, 0, 0, 0, 0, 0, 0,
    0, 0, 0, 0, 0, 0, 0, 0,
    0, 0, 0, 0, 0, 0, 0, 0,
    0, 0, 0, 0, 0, 0, 0, 0,
    0, 84, 0, 0, 0, 0, 0, 0,
    0, 0, 0, 0, 85, 0, 0, 86,
    0, 0, 0, 0, 0, 0, 0, 0,
    0, 0, 0, 0, 0, 0, 30, 54,
    0, 0, 0, 0, 0, 0, 0, 0,
    0, 0, 0, 0, 0, 0, 0, 0,
    0, 0, 0, 0, 0, 0, 0, 0,
    0, 0, 0, 0, 0, 0, 0, 0,
    0, 0, 0, 0, 0, 0, 0, 0,
    0, 0, 0, 10, 87
};

/*Map glyph_ids to kern right classes*/
static const uint8_t kern_right_class_mapping[] =
{
    0, 0, 0, 1, 2, 0, 3, 4,
    1, 0, 5, 6, 0, 7, 8, 7,
    9, 10, 11, 12, 13, 14, 15, 16,
    17, 18, 19, 20, 20, 0, 0, 0,
    21, 22, 23, 0, 24, 0, 0, 0,
    24, 0, 0, 25, 0, 0, 0, 0,
    24, 0, 24, 0, 26, 27, 28, 29,
    30, 31, 32, 33, 0, 34, 5, 0,
    35, 0, 36, 37, 38, 38, 38, 39,
    40, 37, 41, 42, 37, 37, 43, 43,
    38, 44, 38, 45, 46, 47, 48, 49,
    50, 51, 52, 53, 0, 0, 5, 0,
    0, 0, 0, 0, 0, 0, 0, 0,
    0, 54, 55, 56, 0, 8, 54, 0,
    0, 0, 57, 58, 0, 44, 0, 59,
    0, 60, 55, 61, 62, 63, 58, 64,
    23, 23, 23, 23, 23, 23, 65, 24,
    0, 0, 0, 0, 66, 0, 66, 66,
    0, 0, 24, 24, 24, 24, 24, 0,
    24, 28, 28, 28, 28, 32, 0, 37,
    36, 36, 36, 36, 36, 36, 36, 38,
    38, 38, 38, 38, 67, 68, 67, 67,
    69, 43, 38, 38, 38, 38, 38, 0,
    38, 48, 48, 48, 48, 52, 37, 52,
    0, 0, 0, 0, 0, 0, 0, 0,
    0, 0, 0, 0, 0, 0, 0, 0,
    0, 0, 0, 0, 0, 0, 0, 0,
    0, 0, 0, 0, 0, 0, 0, 0,
    0, 0, 0, 0, 0, 0, 0, 0,
    0, 0, 0, 0, 0, 0, 0, 0,
    0, 43, 0, 0, 0, 0, 0, 0,
    0, 0, 0, 0, 0, 0, 0, 70,
    0, 0, 0, 0, 0, 0, 0, 0,
    0, 0, 0, 0, 0, 0, 24, 38,
    0, 0, 0, 0, 0, 0, 0, 0,
    0, 0, 0, 0, 0, 0, 0, 0,
    0, 0, 0, 0, 0, 0, 0, 0,
    0, 0, 0, 0, 0, 0, 0, 0,
    0, 0, 0, 0, 0, 0, 0, 0,
    0, 0, 0, 8, 71
};

/*Kern values between classes*/
static const int8_t kern_class_values[] =
{
    0, 0, 0, 0, 0, 0, 0, 0,
    0, 0, 0, 0, 0, 0, 0, 0,
    0, 0, 0, 0, 0, 0, -10, -6,
    -19, -10, -13, -6, -13, -13, -6, -13,
    0, 0, 0, 0, 0, 0, -6, 0,
    0, 0, 0, 0, 0, 0, 0, 0,
    0, 0, 0, 0, 0, 0, 0, 0,
    0, 0, 0, 0, 0, 0, 0, 0,
    -13, 0, 0, 0, 0, 0, 0, 0,
    0, 0, 0, 0, 0, 0, 0, 0,
    0, 0, 0, 0, -13, 0, -10, 0,
    0, 0, 0, 0, 0, -10, 0, 0,
    0, 0, 0, 0, 0, 0, 0, 0,
    0, 0, 0, 0, 0, 0, 0, 0,
    0, 0, 0, 0, 0, 0, 0, 0,
    0, 0, 0, 0, 0, 0, 0, 0,
    0, 0, 0, 0, 0, 0, 0, -22,
    0, 0, 0, 0, 0, 0, 0, 0,
    0, 0, 0, 0, 0, 0, 0, 0,
    0, 0, 0, 0, 0, 0, 0, 0,
    0, 0, 0, 0, 0, 0, 0, 0,
    -3, 0, 0, 0, 0, 0, 0, 0,
    0, 0, 0, 0, 0, 0, 0, 0,
    0, 0, 0, 0, 0, 0, 0, 0,
    0, 0, 0, 0, 0, 0, 0, 0,
    0, 0, 0, 0, 0, 0, -13, 0,
    0, 0, 0, 0, 0, 0, 0, 0,
    0, 0, 0, 0, 0, 0, 0, 0,
    0, 0, 0, 0, 0, 0, 0, 0,
    0, 0, 0, 0, 0, 0, 0, 0,
    0, -6, 0, 0, 0, 0, 0, 0,
    0, 0, 0, 0, 0, 0, 0, 0,
    0, 0, 0, 0, 0, 0, 0, 0,
    0, 0, 0, 0, 0, 0, 0, 0,
    0, 0, 0, 0, 0, 0, 0, 0,
    0, 0, 0, 0, 0, 0, 0, 0,
    0, 0, 0, 0, 0, 0, 0, 0,
    0, 0, 0, 0, 0, 0, 0, 0,
    0, 0, 0, 0, 0, 0, -16, 0,
    -13, -10, 0, -19, 0, 0, 0, 0,
    0, 0, 0, 0, 0, 0, 0, 0,
    0, 0, 0, 0, -3, 0, 0, -3,
    0, 0, 0, 0, 0, 0, 0, 0,
    0, 0, 0, 0, 0, 0, 0, 0,
    0, 0, 0, 0, 0, 0, 0, 0,
    0, 0, 0, 0, 0, 0, 0, 0,
    -6, 0, 0, 0, 0, 0, 0, 0,
    0, 0, 0, 0, 0, 0, 0, 0,
    0, 0, 0, 0, 0, 0, 0, 0,
    0, -3, 0, 0, 6, 0, 0, 0,
    0, 0, 0, 0, 0, 0, 0, 0,
    0, 0, 0, 0, 0, 0, 0, 0,
    0, 0, 0, 0, 0, 0, 0, 0,
    0, 0, 0, 0, 0, 0, 0, 0,
    0, 0, 0, 0, 0, 0, 0, 0,
    0, 0, 0, 0, 0, 0, 0, 0,
    -13, 0, -42, 0, 0, 0, 0, 0,
    -6, 0, 0, 0, 0, 0, 0, 0,
    0, -10, 0, 0, 0, 0, 0, 0,
    0, 0, 0, 0, 0, 0, 0, 0,
    0, 0, 0, 0, 0, 0, 0, 0,
    0, 0, -32, 0, 0, 0, 0, 0,
    0, 0, 0, 0, 0, 0, 0, 0,
    0, 0, 0, -10, 0, -3, 0, 0,
    0, 0, 0, 0, 0, 0, 0, 0,
    0, 0, 0, 0, 0, 0, 0, 0,
    0, 0, 0, 0, 0, 0, 0, 0,
    0, 0, 0, 0, 0, 0, 0, 0,
    0, 0, 0, 0, 0, 0, 0, 0,
    0, 0, 0, 0, 0, 0, 0, 0,
    0, 0, 0, 0, 0, 0, 0, 0,
    0, 0, 0, 0, 0, 0, 0, 0,
    0, 0, -13, 0, 0, 0, 0, 0,
    0, 0, 0, 0, 0, 0, 0, -6,
    0, 0, -19, -3, -26, -19, 0, -26,
    0, 0, 0, 0, 0, 0, -13, 0,
    0, -6, 0, 0, 0, 0, -19, 0,
    -16, -10, 0, -13, 0, 0, 0, 0,
    0, 0, 0, 0, 0, 0, 0, 0,
    0, 0, 0, 0, 0, 0, 0, 0,
    0, 0, 0, 0, 0, 0, -38, 0,
    0, -10, 0, -3, 0, 0, 0, 0,
    0, 0, 0, 0, 0, 0, 0, 0,
    0, -13, 0, -6, -6, 0, -13, 0,
    0, 0, 0, 0, 0, 0, 0, 0,
    0, 0, 0, 0, 0, 0, 0, 0,
    0, 0, 0, 0, 0, 0, 0, 0,
    0, 0, 0, 0, 0, 0, 0, 0,
    0, 0, 0, 0, 0, 0, 0, 0,
    0, 0, 0, 0, 0, 0, -61, -6,
    0, 0, 0, -19, -3, -13, 0, 0,
    0, 0, 0, 0, -22, -6, -35, 0,
    0, 0, 0, 0, 0, 0, 0, 0,
    0, -19, 0, -26, -10, -22, -13, 0,
    -13, -10, 0, -19, 0, -16, -10, -10,
    -10, -6, -16, 0, 0, 0, 0, 0,
    0, 0, 0, 0, 0, 0, -38, 0,
    -3, -13, -16, 0, 0, 0, 0, 0,
    0, 0, 0, 0, 0, 0, 0, -3,
    -3, 0, 0, 0, 0, -3, 0, 0,
    0, 0, 0, 0, 0, 0, 0, -3,
    0, -3, 0, 0, 0, 0, 0, 0,
    0, 0, 0, 0, 0, 0, 0, 0,
    0, 0, 0, 0, 0, 0, 0, 0,
    0, 0, 0, 0, 0, 0, 0, 0,
    0, 0, 0, 0, 0, -6, 0, 0,
    0, 0, 0, 0, 0, 0, 0, 0,
    0, 0, 0, 0, 0, 0, 0, 3,
    0, 0, 3, 2, 0, 0, 0, 0,
    0, 0, 0, 0, 0, 0, 0, 0,
    0, 0, 0, 0, 0, 0, 0, 0,
    0, 0, 0, 0, 0, 0, 0, 0,
    0, 0, 0, 0, 0, 0, 0, 0,
    0, 0, 0, 0, 0, 0, 0, 0,
    0, 0, 0, 0, 0, 0, 0, 0,
    0, 0, 0, 0, 0, 0, 0, 0,
    0, 0, 0, 0, 0, -3, 0, 0,
    0, 0, 0, 0, 0, 0, 0, 0,
    0, 0, 0, 0, 0, 0, 0, 0,
    0, 0, 0, 0, 0, 0, 0, 0,
    0, 0, 0, 0, 0, 0, 0, 0,
    0, 0, 0, 0, 0, 0, 0, 0,
    0, 0, 0, 0, 0, 0, 0, 0,
    0, 0, 0, 0, 0, 0, 0, 0,
    0, 0, 0, 0, 0, 0, 0, 0,
    -3, 0, 0, 0, -3, 0, 0, 0,
    0, 0, 0, 0, 0, 0, 0, 0,
    0, 0, 0, 0, 0, 0, 0, 0,
    0, 0, 0, 0, 0, 0, 0, 0,
    0, 0, 0, 0, 0, 0, 0, 0,
    0, 0, 0, 0, 0, 0, 0, 0,
    0, 0, 0, 0, 0, 0, 0, 0,
    0, 0, 0, 0, 0, 0, 0, 0,
    0, 0, 0, 0, 0, 0, 0, 0,
    0, 0, 0, -3, 0, 0, 0, 0,
    0, 0, 0, 0, 0, 0, 0, 0,
    0, 0, 0, 0, 0, -3, 0, 0,
    0, 0, 0, 0, 0, 0, 0, 0,
    0, 0, 0, 0, 0, 0, 0, 0,
    0, 0, 0, 0, 0, 0, 0, 0,
    0, -3, -3, 0, -6, 0, 0, 0,
    0, 0, 0, 0, 0, 0, 0, 0,
    0, 0, -3, 0, 0, 0, 0, 0,
    0, 0, -6, 0, 0, 0, 0, 0,
    -3, 0, 0, 0, 0, 0, 0, 0,
    0, 0, 0, 0, 0, 0, 0, 0,
    0, 0, 0, 0, 0, 0, 0, 0,
    0, 0, 0, 0, 0, 0, 0, 0,
    0, 0, 0, 0, 0, 0, 0, 0,
    0, -3, 0, 0, 0, -3, -3, 0,
    0, 0, 0, 0, 0, 0, 0, 0,
    0, -6, 0, 0, 0, 0, 0, 0,
    0, -10, 0, 0, 0, 0, 0, -3,
    0, 0, 0, 0, 0, 0, 0, 0,
    0, -3, 0, -6, -3, 0, -10, 0,
    0, 0, 0, 0, 0, 0, 0, 0,
    0, 0, 0, 0, 0, 0, 0, 0,
    0, 0, 0, 0, 0, 0, 0, 0,
    0, 0, -6, 0, -3, 0, 0, 0,
    0, 0, 0, 0, 0, 0, 0, 0,
    0, 0, 0, 0, -35, 0, -22, -3,
    0, 0, 0, -22, -3, -19, 0, -6,
    0, 0, 0, 0, -16, 0, -26, 0,
    0, 0, 0, 0, 0, 0, 0, 0,
    0, -3, 0, -13, 0, -13, 0, 0,
    0, -3, 0, -10, 0, 0, 0, 0,
    0, 0, 0, 0, 0, 0, 0, 0,
    0, 0, 0, 0, 0, 0, -32, 0,
    0, 0, -10, 0, 0, 0, 0, 0,
    0, 0, 0, 0, 0, 0, 0, 0,
    0, 0, 0, 0, 0, 0, 0, 0,
    0, 0, 0, 0, 0, 0, 0, 0,
    0, -3, 0, 0, 0, 0, 0, 0,
    0, 0, 0, 0, 0, 0, 0, 0,
    0, 0, 0, 0, 0, 0, 0, 0,
    0, 0, 0, 0, 0, 0, 0, 0,
    -3, 0, 0, 0, 0, 0, 0, 0,
    0, 0, 0, 0, 0, 0, 0, 0,
    0, 0, -16, 0, -6, 0, 0, 0,
    0, -10, 0, -6, 0, 0, 0, 0,
    0, 0, -10, 0, 0, 0, 0, 0,
    -3, 0, 0, 0, 0, 0, 0, 0,
    0, 0, 0, 0, 0, 0, 0, 0,
    0, 0, 0, 0, 0, 0, 0, 0,
    0, 0, 0, 0, 0, 0, 0, 0,
    0, 0, 0, 0, -16, 0, 0, 0,
    0, 0, 0, 0, 0, 0, 0, 0,
    0, 0, 0, 0, 0, 0, 0, 0,
    0, 0, 0, 0, 0, 0, 0, 0,
    0, 0, 0, 0, 0, 0, 0, 0,
    -3, 0, -6, 0, 0, 0, 0, 0,
    0, 0, 0, 0, 0, 0, 0, 0,
    0, 0, 0, 0, 0, 0, 0, 0,
    0, 0, 0, 0, 0, 0, 0, 0,
    0, 0, 0, 0, 0, 0, 0, 0,
    0, 0, 0, 0, 0, 0, 0, 0,
    0, 0, 0, 0, -6, -3, 0, 0,
    0, 0, 0, 0, 0, 0, 0, 0,
    0, 0, 0, 0, 0, 0, 0, 0,
    0, 0, 0, 0, 0, 0, 0, 0,
    0, 0, 0, 0, 0, 0, 0, 0,
    0, 0, 0, 0, 0, 0, 0, 0,
    0, 0, 0, 0, 0, 0, 0, 0,
    0, 0, 0, 0, 0, 0, 0, 0,
    0, 0, 0, 0, 0, 0, 0, 0,
    0, 0, 0, 0, 0, 0, 0, 0,
    0, 0, 0, 0, 0, 0, 0, -10,
    0, 0, 0, 0, 0, 0, 0, -3,
    0, 0, 0, 0, 0, 0, 0, 0,
    0, 0, 0, 0, 0, 0, 0, 0,
    0, 0, 0, 0, 0, 0, 0, 0,
    0, 0, 0, 0, 0, 0, 0, 0,
    0, -16, 0, 0, 0, 0, 0, 0,
    0, 0, 0, 0, 0, 0, 0, 0,
    0, 0, -10, 0, 0, 0, 0, 0,
    0, 0, 0, 0, 0, 0, -3, 0,
    0, 0, -10, 0, -10, -3, -6, -16,
    0, 0, 0, 0, 0, 0, 0, 0,
    0, 0, 0, 0, 0, 0, 0, 0,
    0, 0, 0, 0, 0, 0, 0, 0,
    0, 0, 0, 0, 0, 0, 0, 0,
    -10, 0, 0, 0, 0, 0, 0, -10,
    0, 0, -3, 0, -16, 0, 0, 0,
    0, -6, 0, 0, 0, 0, 0, 0,
    0, -6, 0, -13, 0, 0, -6, 0,
    0, -21, -3, -22, -16, 0, -24, 0,
    -29, 0, 0, 0, -5, -11, -3, 0,
    0, 0, 2, 0, 0, -11, -8, -16,
    -13, 0, -14, 0, -26, -22, 0, 0,
    0, 0, 0, 0, 0, 0, 0, 0,
    0, 0, 0, -6, 0, -16, 0, 0,
    0, 3, 0, 0, 0, 0, -6, 0,
    0, 0, 0, 0, 0, 0, 0, 0,
    0, 0, -6, 0, -3, 0, 0, 0,
    -3, 0, -3, -3, -5, -10, 0, -19,
    0, 0, 0, 0, -3, 0, 0, 0,
    0, 0, 0, 0, -3, 0, -3, 0,
    -2, -3, 0, -3, 0, 0, 0, 0,
    0, 0, 0, 0, 0, 0, -6, 0,
    0, 0, -2, 0, 0, 0, 0, 0,
    0, 0, 0, 0, 0, 0, 0, 0,
    0, 0, 0, 0, 0, 0, 0, 0,
    0, -3, 0, 0, -3, 0, 0, 0,
    0, 0, 0, 0, 0, 0, 0, 0,
    -6, -3, -6, -10, -5, -3, 0, -3,
    -3, -3, -3, -10, -5, -6, -6, -3,
    -6, -3, 0, 0, 0, 0, 0, 0,
    0, 0, 0, 0, 0, 0, 0, -3,
    -3, -6, 0, 0, 0, 0, 0, 0,
    0, 0, -6, 0, -10, 0, 0, 0,
    0, 0, 0, 0, 0, 0, 0, 0,
    -3, 0, -10, 0, -3, 0, -10, 0,
    -3, -3, -6, -10, 0, -10, 0, 0,
    0, -5, 0, -3, 0, -3, 0, -3,
    -6, -3, -3, 0, -2, 0, -3, -2,
    -3, 0, -3, 0, 0, 0, 0, 0,
    0, 0, 0, -6, -13, 0, 0, 0,
    -6, 0, -3, 0, 0, 0, 0, 0,
    0, 0, 0, 0, 0, 0, 0, 0,
    -3, 0, 0, 0, 0, 0, 0, 0,
    0, 0, -6, -3, 0, 0, 0, 0,
    0, 0, 0, 0, 0, 0, -5, 0,
    -6, -6, -3, 0, -3, -3, 0, -3,
    0, -6, -3, -6, -3, -3, -6, 0,
    0, 0, 0, 0, 0, 0, 0, 0,
    0, 0, 0, 0, 0, 0, 0, -6,
    0, 0, 0, 0, 0, 0, 0, 0,
    -16, 0, -19, 0, 0, 0, 0, -6,
    0, 0, 0, 0, 0, 0, 0, 0,
    -19, -3, -29, 0, 0, 0, 0, 0,
    -3, 0, 0, 0, -19, -6, 0, -10,
    -3, -6, -3, 0, -3, -6, -6, -6,
    -3, -6, -6, -3, -6, -6, -3, 0,
    0, -3, 0, 0, 0, 0, 0, 0,
    0, -13, -22, 0, 2, -3, -8, 0,
    0, 0, 0, 0, 0, 0, 0, -6,
    0, -6, 0, 0, 0, 0, 0, 0,
    0, 0, 0, 0, 0, -6, 0, -3,
    0, -3, 0, -8, 0, -3, -3, -6,
    -6, -3, -13, -10, -5, 0, -2, -3,
    0, 0, 0, 0, -3, -6, 0, -6,
    0, -3, -3, -3, -3, 0, 0, 0,
    0, 0, 0, 0, 0, 0, 0, 0,
    -3, -6, 0, 0, 0, -3, 0, 0,
    0, 0, 0, 0, 0, 0, 0, 0,
    0, 0, 0, 0, 0, 0, 0, 0,
    0, 0, 0, 0, 0, 0, 0, -3,
    0, 0, 0, 0, -5, 0, 0, 0,
    0, 0, 0, -5, 0, 0, -6, 0,
    0, 0, 0, 0, 0, 0, -3, -3,
    -3, -3, 0, -3, 0, 0, 0, 0,
    0, 0, 0, 0, 0, 0, 0, 0,
    0, 0, 0, 0, -3, 0, 0, 0,
    0, 0, 0, 0, 0, 0, 0, 0,
    0, 0, 0, 0, 0, 0, 0, 0,
    0, 0, 0, 0, 0, -3, -3, -6,
    0, 0, 0, 0, 0, 0, 0, 0,
    0, -6, 0, 0, -3, -3, 0, 0,
    0, 0, -3, -3, 0, -5, -3, -3,
    0, -3, -2, -3, 0, 0, 0, 0,
    0, 0, 0, 0, 0, 0, 0, -6,
    0, 0, 0, 0, 0, 0, 0, -3,
    0, 0, 0, 0, 0, 0, 0, 0,
    0, 0, 0, 0, 0, 0, 0, 0,
    0, 0, 0, -6, 0, -10, -3, 0,
    0, 0, 0, 0, 0, 0, 0, 0,
    0, -3, 0, -6, -10, -3, 0, 0,
    0, 0, 0, -3, -13, -6, -14, -10,
    0, -13, 0, -3, -6, -13, 0, 0,
    0, 0, 0, 0, 0, 0, 0, 0,
    0, 0, -6, 0, 0, 0, 0, -6,
    0, 0, 0, 0, 0, 0, 0, -13,
    0, 0, 0, 0, 0, 0, 0, -10,
    0, -19, 0, 0, -5, 0, 0, -24,
    -3, -19, -13, 0, -29, 0, -32, 0,
    0, 0, 0, -13, -3, 0, 0, 0,
    0, 0, -3, -14, -3, -16, -10, 0,
    -13, 0, -22, -19, 0, 0, 0, 0,
    0, 0, 0, 0, 0, 0, 0, 0,
    0, -6, 0, -19, 0, 0, 0, 0,
    0, 0, -6, 0, -13, 0, 0, 0,
    0, 0, 0, 0, 0, 0, 0, 0,
    -3, 0, -6, -3, -3, 0, -10, 0,
    -10, -3, -11, -13, 0, -13, -19, 0,
    0, 0, 0, 0, -2, 0, -2, 0,
    0, 0, -3, 0, -2, 0, -3, -3,
    0, 0, -3, 0, 0, 0, 0, 0,
    0, 0, 0, -6, -13, 0, -3, -2,
    -3, 0, -3, 0, 0, 0, 0, 0,
    0, -26, 0, -29, 0, 0, 0, 0,
    -13, 0, 0, 0, 0, 0, 0, 0,
    0, -22, -3, -42, 0, 0, 0, 0,
    0, -6, -10, 0, -6, -32, -6, 2,
    -11, 0, -8, 0, 0, 0, 0, 0,
    -5, 0, -3, 0, 0, 0, 0, 0,
    0, 0, -10, 0, 0, 0, 0, 0,
    0, 0, -22, -35, 0, 0, 0, -13,
    0, 0, 0, 0, 0, 0, 0, 0,
    0, 0, 0, 0, -3, 0, 0, -6,
    0, 0, 0, 0, 0, 0, 0, 0,
    0, 0, -3, 0, 0, 0, 0, 0,
    0, -6, 0, -6, 0, -2, 0, -3,
    -3, -3, 0, 0, 0, 0, 0, -3,
    -6, -3, 0, 0, 0, 0, 0, 0,
    -3, 0, 0, 0, 0, 0, 0, 0,
    0, 0, 0, 0, 0, 0, -6, 0,
    0, 0, 0, 0, 0, 0, 0, 0,
    0, -3, 0, 0, 0, 0, 0, 0,
    0, 0, 0, 0, 0, 0, 0, -3,
    0, 0, 0, -3, 0, -3, -3, -3,
    -10, 0, 0, 0, 0, 0, 0, -8,
    0, 0, 0, 0, 0, 0, 0, -8,
    -5, -5, -3, 0, -6, 0, 0, 0,
    0, 0, 0, 0, 0, 0, 0, 0,
    0, -3, 0, 0, 0, 0, 0, 0,
    0, -13, 0, -13, 0, 0, -19, -13,
    -35, -3, 0, 0, 0, -16, 0, -13,
    0, 0, 0, 0, 0, -10, -21, -10,
    -35, -3, 0, 0, 0, 0, 0, 0,
    0, 0, -26, -24, 0, -26, -10, -19,
    -10, 0, -19, -26, -19, -26, -13, -19,
    -21, -22, -13, -19, -13, 0, 0, -13,
    0, 0, 0, 0, -10, 0, 0, 0,
    -29, 0, 2, -13, -10, 0, 0, 0,
    0, 0, 0, 0, 0, -3, 0, -3,
    0, 0, 0, 0, -3, 0, 0, 0,
    0, 0, 0, 0, 0, 0, 0, 0,
    0, 0, 0, 0, 0, 0, 0, 0,
    0, -6, 0, 0, 0, 0, 0, 0,
    0, 0, 0, 0, 0, -3, 0, 0,
    0, 0, 0, 0, 0, 0, 0, 0,
    0, 0, 0, 0, 0, 0, -3, 0,
    0, 0, 0, 0, 0, 0, 0, -10,
    0, -10, 0, 0, -26, -6, -29, -3,
    0, 0, -3, -19, 0, -13, 0, -6,
    -3, 0, 0, -10, -22, -10, -32, 0,
    0, 0, 0, 0, 0, 0, 0, 0,
    -26, -16, 0, -16, -6, -16, -6, 0,
    -13, -10, -10, -14, -3, -11, -3, 0,
    -6, -3, -3, 0, 0, -19, 0, 0,
    -6, 0, 0, 0, 0, 0, -26, 0,
    0, -6, -10, 0, 0, 0, -6, 0,
    -3, 0, 0, -19, -10, -22, 0, 0,
    0, 0, -13, 0, -6, 0, 0, 0,
    -3, 0, -3, -14, -3, -22, 0, 0,
    0, 0, 0, 0, 0, 0, 0, -16,
    -13, 0, -18, -10, -16, -6, -3, -13,
    -10, -10, -13, -6, -10, -6, -6, -6,
    -3, -6, 0, 0, -10, 0, 0, 0,
    0, 0, 0, 0, -19, -19, 0, 0,
    -6, -10, 0, 0, 0, 0, 0, -3,
    0, -6, 0, 0, 0, 0, 0, 0,
    0, -6, 0, 0, 0, 0, 0, 0,
    -6, -6, 0, -11, -6, -3, 0, 0,
    0, 0, 0, 0, 0, 0, 0, 0,
    0, -8, -6, -6, 0, 0, -3, -3,
    0, -6, -10, -6, -10, -10, 0, -16,
    0, -10, 0, -13, 0, 0, 0, 0,
    0, 0, 0, 0, 0, 0, 0, 0,
    -6, 0, 0, 0, -16, 0, -16, 0,
    0, -26, -13, -32, 0, 0, 0, 0,
    -26, 0, 0, 0, -3, 0, -6, 0,
    -19, -24, -13, -38, -5, 0, 0, 0,
    0, 0, 0, -3, 0, -19, -27, -10,
    -32, -16, -29, -13, 0, -22, -22, -22,
    -27, -13, -24, -16, -16, -13, -13, -16,
    0, 0, -19, 0, 0, -3, 0, -10,
    0, 0, 0, -32, 0, -13, -16, -13,
    0, 0, 0, 0, 0, 0, 0, 0,
    0, 0, 0, 0, 0, 0, 0, -3,
    0, 0, 0, 0, 0, 0, 0, 0,
    0, -6, 0, 0, 0, 0, 0, 0,
    0, 0, 0, 0, 0, 0, 0, -3,
    -3, 0, 0, 0, 0, 0, 0, 0,
    -6, -3, -6, -10, 0, -10, 0, 0,
    0, 0, 0, 0, 0, 0, 0, 0,
    0, 0, 0, 0, 0, 0, -6, 0,
    0, 0, 0, 0, 0, 0, 0, 0,
    0, 0, 0, 0, 0, 0, 0, 0,
    0, 0, 0, 0, 0, 0, 0, 0,
    -10, 0, 0, -19, -6, -26, -16, 0,
    -19, 0, 0, 0, 0, 0, 0, 0,
    0, 0, 0, 0, 0, 0, 0, -3,
    0, -13, -6, 0, -13, 0, 0, 0,
    0, 0, 0, 0, 0, 0, 0, 0,
    0, 0, 0, 0, 0, 0, 0, 0,
    0, 0, 0, 0, 0, 0, 0, 0,
    0, 0, 0, 0, 0, 0, 0, 0,
    0, 0, 0, 0, 0, 0, 0, -19,
    0, 0, -26, -6, -26, -16, 0, -19,
    0, 0, 0, 0, 0, 0, 0, 0,
    0, 32, 0, 0, 0, 0, -16, -6,
    -16, -10, 0, 0, 0, 0, 0, 0,
    0, 0, 0, 0, 0, 0, 0, 0,
    0, 0, 0, 0, 0, 0, 0, 0,
    0, 0, 0, 0, 0, 0, 0, 0,
    0, 0, 0, 0, 0, 0, 0, 0,
    0, 0, 0, 0, 0, 0, 0, 0,
    0, 0, 0, 0, 0, 0, 0, 0,
    -13, 0, -2, 0, -2, -3, -2, 0,
    0, 0, 0, 0, -2, -3, 0, -3,
    -3, -2, -3, 3, 0, 0, 0, 0,
    0, 0, 0, 0, 0, 0, 0, 0,
    0, 0, 0, 0, 0, 0, 0, 0,
    0, 0, 0, 0, 0, 0, -6, 0,
    0, 0, 0, 0, 0, 0, 0, 0,
    0, 0, -19, 0, 0, 0, 0, 0,
    0, 0, 0, 0, 0, 0, 0, -19,
    -6, 0, -2, 0, -3, 0, -2, -2,
    -2, -2, -3, -2, -5, -2, -5, -3,
    -5, -6, -3, 0, 0, 0, 0, 0,
    0, 0, 0, 0, 0, 0, 0, 0,
    -2, -2, 0, 0, 0, 0, 0, 0,
    0, 0, 0, 0, 0, 0, 0, 0,
    0, 0, 0, 0, 0, 0, 0, 0,
    0, 0, 0, 0, 0, 0, 0, 0,
    0, 0, 0, 0, 0, 0, -16, 0,
    -2, 0, -2, 0, -2, 0, -2, 0,
    -2, -2, 0, -2, 0, 0, 0, 0,
    0, 0, 0, 0, 0, 0, 0, 0,
    0, 0, 0, 0, 0, 0, 0, 0,
    0, 0, 0, 0, 0, 0, 0, 0,
    0, 0, 0, 0, 0, 0, 0, 0,
    0, 0, 0, 0, 0, 0, 0, 0,
    0, 0, 0, 0, 0, 0, 0, 0,
    0, 0, 0, 0, 0, 0, 0, -2,
    0, -2, 2, -2, 0, 0, 0, 0,
    0, -2, 0, 0, 0, 0, 0, 0,
    5, 0, 0, 0, 0, 0, 0, 0,
    0, 0, 0, 0, 0, 0, 0, 0,
    0, 0, 0, 0, 0, 0, 0, 0,
    0, 0, 0, 0, 0, 0, 0, 0,
    0, 0, 0, 0, 0, 0, 0, 0,
    0, 0, 0, 0, 0, 0, 0, 0,
    0, 0, 0, 0, -16, 0, 2, 0,
    2, -3, 2, 0, 0, 0, 0, 0,
    2, -5, 0, -3, -3, -3, -3, -2,
    0, 0, 0, 0, 0, 0, 0, 0,
    0, 0, 0, 0, 0, 0, 0, 0,
    0, 0, 0, 0, 0, -6, 6, 0,
    -22, 0, -19, 0, 0, 0, 0, 0,
    0, 0, 0, 0, 0, 0, 0, 0,
    0, 0, 0, 0, 0, 0, 0, 0,
    0, 0, 0, 0, -16, -6, 0, -10,
    -6, -8, -3, 0, -3, -3, 0, -6,
    -3, -3, 0, 0, 0, 0, -3, 0,
    0, 0, 0, 0, 0, 0, 0, 0,
    0, -6, 0, 0, 6, -3, -6, 0,
    0, 0, 0, 0, 0, 0, 0, 0,
    0, 0, 0, 0, 0, 0, 0, -3,
    0, 0, 0, 0, 0, 0, 0, 0,
    0, 0, 0, 0, 0, 0, 0, 0,
    0, 0, -10, 0, -2, 0, -2, 0,
    -2, 0, 3, 0, 0, 0, -2, -2,
    -2, 0, 0, 0, 0, 3, 0, 0,
    0, 0, 0, 0, 0, 0, 0, 0,
    0, 0, 0, 0, 0, 0, 0, 0,
    0, 0, 0, 0, 0, 0, 0, 0,
    0, 0, 0, 0, 0, 0, 0, 0,
    0, 0, 0, 0, -6, 0, 0, 0,
    0, 0, -10, 0, -10, -3, 0, -13,
    0, -16, 0, -2, 0, 0, -3, -2,
    0, 0, 0, 0, 0, -2, -8, 0,
    -6, -3, -2, -3, 0, 0, 0, 0,
    0, 0, 0, 0, 0, 0, 0, 0,
    0, 0, 0, 0, 0, 0, -6, 0,
    0, 0, 0, 0, 0, 0, 0, 0,
    0, 0, 0, 0, 0, 0, 0, 0,
    0, 0, 0, 0, 0, 0, 0, 0,
    0, 0, 0, 0, 0, 0, 0, 0,
    0, 0, -2, 0, -2, 0, -2, 0,
    0, 0, 0, 0, 0, -2, 0, 0,
    0, 0, 0, 0, 0, 0, 0, 0,
    0, 0, 0, 0, 0, 0, 0, 0,
    0, 0, 0, 0, 0, 0, 0, 0,
    0, 0, 0, 0, 0, 0, 0, 0,
    0, 0, 0, 0, 0, 0, 0, 0,
    0, 0, 0, 0, 0, 0, 0, 0,
    0, 0, 0, 0, 0, 0, 0, 0,
    0, -2, 0, -2, 2, -2, 0, 6,
    0, 0, 0, -2, 0, 0, 0, 0,
    0, 0, 5, 0, 0, 0, 0, 0,
    0, 0, 0, 0, 0, 0, 0, 0,
    0, 0, -3, 0, 0, 0, 0, 0,
    0, 0, 0, 0, 0, 0, 0, 0,
    0, 0, 0, 0, 0, 0, 0, 0,
    0, 0, 0, 0, 0, 0, 0, 0,
    0, 0, 0, 0, 0, 0, -10, 0,
    -3, 0, -5, 0, -3, 0, 0, 0,
    0, 0, -3, 0, 0, 0, 0, 0,
    0, 0, 0, 0, -13, 0, 0, 0,
    0, 0, 0, 0, 0, 0, 0, 0,
    0, -3, 0, 0, 0, 0, 0, 0,
    0, 0, 0, 0, 0, 0, 0, 0,
    0, 0, 0, 0, 0, 0, 0, 0,
    0, 0, 0, 0, 0, 0, 0, 0,
    0, 0, 0, 0, 0, 0, 0, -2,
    0, -2, 0, -2, 0, 0, 0, 0,
    0, -2, 2, 0, 0, 0, 0, 0,
    3, 0, 0, 0, 0, 0, 0, 0,
    0, 0, 0, 0, 0, 0, 0, 0,
    0, 0, 0, 0, 0, 0, 0, 0,
    0, 0, 0, -6, 0, 0, 0, 0,
    0, 0, 0, 0, 0, 0, 0, -13,
    0, 0, 0, 0, 0, 0, 0, 0,
    0, 0, 0, 0, -19, 0, 0, -2,
    0, -5, 0, -3, -2, -3, -2, -3,
    -2, -5, -2, -3, -3, -3, -6, -3,
    0, 0, 0, 0, 0, 0, 0, -6,
    0, 0, 0, 0, 0, -3, -3, 0,
    0, 0, 0, 0, 0, 0, 0, 0,
    0, 0, -6, 0, 0, 0, 0, 0,
    0, 0, 0, 0, 0, 0, -10, 0,
    0, 0, 0, 0, 0, 0, 0, 0,
    0, 0, 0, -19, -6, 0, -3, 0,
    -5, 0, -2, -2, -2, -3, -2, -2,
    -6, -2, -3, -3, -3, -6, -3, 0,
    0, 0, 0, 0, 0, 0, 0, 0,
    0, -10, 0, 0, -2, -2, 0, 0,
    0, 0, 0, 0, 0, 0, 0, 0,
    0, 0, 0, 0, 0, 0, 0, 0,
    0, 0, 0, 0, 0, 0, 0, 0,
    0, 0, 0, 0, 0, 0, 0, 0,
    0, 0, 0, 0, -2, 0, -2, 2,
    -2, 0, 11, 0, 0, 0, -2, 2,
    0, 0, 0, 0, 0, 5, 0, 0,
    0, 0, 0, 0, 0, 0, 0, 0,
    0, 0, 0, 0, 0, 0, 0, 0,
    0, 0, 0, 0, 0, 0, -29, 0,
    -22, 0, 0, 0, 0, 0, 0, 0,
    0, 0, 0, 0, 0, 0, 0, 0,
    0, 0, 0, 0, 0, 0, 0, 0,
    0, 0, -16, -6, 2, -10, 0, -8,
    0, 0, 0, 0, 0, -6, 3, 0,
    3, 3, 3, 3, -3, 0, 0, -3,
    0, 0, 0, 0, 0, 0, 0, -13,
    0, 0, 0, 0, -10, 0, 0, 0,
    0, 0, 0, 0, 0, 0, 0, 0,
    0, 0, 0, 0, 0, 0, 0, 0,
    0, 0, 0, 0, 0, 0, 0, 0,
    0, 0, 0, 0, 0, 0, 0, 0,
    -19, 0, 2, 0, 2, 0, 2, -2,
    -2, -2, -2, -2, 0, -2, 0, 0,
    0, 0, 0, 0, 0, 0, 0, 0,
    0, 0, 0, 0, 0, 0, 0, 0,
    0, -2, -2, 0, 0, 0, 0, 0,
    0, 0, 0, 0, 0, 0, 0, 0,
    0, 0, 0, 0, 0, 0, 0, 0,
    0, 0, 0, 0, 0, 0, 0, 0,
    0, 0, 0, 0, 0, 0, 0, -10,
    0, -3, 2, -2, 3, -2, 2, 0,
    2, 2, 0, 3, -2, 0, 2, 5,
    5, 2, 3, 0, 0, -3, 0, 0,
    0, 0, 0, 0, 0, 0, 0, 0,
    0, 2, -3, 0, 0, 0, 0, 0,
    0, 0, 0, 0, 0, -3, 0, 0,
    0, 0, 0, 0, 0, 0, 0, 0,
    0, 0, 0, 0, 0, 0, 0, 0,
    0, 0, 0, 0, 0, 0, -13, 0,
    -2, 0, -2, 2, -2, 0, 0, 0,
    0, 0, -2, 2, 0, 0, 0, 0,
    0, 5, 0, 0, 0, 0, 0, 0,
    0, 0, 0, 0, 0, 0, 0, 0,
    0, 0, 0, 0, 0, 0, 0, 0,
    0, 0, -16, 0, -16, 0, 0, 0,
    0, 0, 0, 0, 0, 0, 0, 0,
    0, 0, 0, 0, 0, 0, 0, 0,
    0, 0, 0, 0, 0, 0, -16, -3,
    0, -5, 0, -5, 0, 0, 0, 0,
    0, -3, 0, 0, 0, 0, 0, 0,
    0, 0, 0, 0, 0, 0, 0, 0,
    0, 0, 0, -10, 0, 0, 0, 0,
    -6, 0, 0, 0, 0, 0, 0, 0,
    0, -10, 0, -13, 0, 0, 0, 0,
    0, 0, 0, 0, 0, 0, 0, 0,
    0, 0, 0, 0, 0, 0, 0, 0,
    0, 0, 0, 0, 0, -10, -3, 0,
    -3, 0, -3, 0, 0, 0, 0, 0,
    0, 0, 0, 0, 0, 0, 0, 0,
    0, 0, 0, 0, 0, 0, 0, 0,
    0, 0, 0, 0, 0, 0, 0, -3,
    0, 0, 0, 0, 0, 0, 0, 0,
    0, 0, 0, 0, 0, 0, 0, 0,
    0, 0, 0, 0, 0, 0, 0, 0,
    0, 0, 0, 0, 0, 0, 0, 0,
    0, 0, 0, -10, 0, -3, 0, -5,
    0, -5, 0, 0, 0, 0, 0, -5,
    0, 0, 0, 0, 0, 0, 0, 0,
    0, -10, 0, 0, 0, 0, 0, 0,
    0, 0, 0, 0, 0, 0, -3, 0,
    0, 0, 0, 0, -6, 0, 0, -22,
    0, -22, 0, 0, 0, 0, 0, 0,
    0, 0, 0, 0, 0, 0, 0, 0,
    0, 0, 0, 0, 0, 0, 0, 0,
    0, 0, -6, -19, -8, -3, -6, 0,
    -6, 0, 0, 0, 0, 0, -3, 0,
    0, 0, 0, 0, 0, 0, 0, 0,
    0, 0, 0, 0, 0, 0, 0, 0,
    -19, 0, 0, 0, 0, -10, 0, 0,
    0, 0, 0, 0, 0, 0, 0, 0,
    0, 0, 0, 0, 0, 0, 0, 0,
    0, 0, 0, 0, 0, 0, 0, 0,
    0, 0, 0, 0, 0, 0, 0, 0,
    0, -10, 0, -3, 3, -3, 0, -3,
    3, 3, 0, 3, 0, 0, 0, 0,
    0, 0, 0, 0, 0, 0, 0, 0,
    0, 0, 0, 0, 0, 0, 0, 0,
    0, 0, 2, 2, 0, 0, 0, 0,
    0, 0, 0, 0, 0, 0, 0, 0,
    0, 0, 0, 0, 0, 0, 0, 0,
    0, 0, 0, 0, 0, -6, 0, -26,
    0, 0, 0, 0, 0, 0, 0, 0,
    0, 0, 0, 0, 0, 0, 0, 0,
    0, 0, 0, 0, 0, 0, 0, 0,
    0, 0, 0, 0, 0, 0, 0, 0,
    0, 0, 0, 0, 0, 0, 0, 0,
    0, 0, 0, 0, 0, 0, 0, 0,
    0, 0, 0, 0, 0, 0, 0, 0,
    0, 0, 0, 0, 0, 0, 0, 0,
    0, 0, 0, 0, 0, 0, 0, 0,
    -10, 0, 0, 0, 0, -10, 0, 0,
    0, 0, 0, -6, 0, 0, 0, -6,
    0, 0, 0, 0, 0, 0, 0, 0,
    0, 0, 0, 0, 0, 0, 0, 0,
    0, 0, 0, 0, 0, 0, 0, 0,
    0, 0, -10, 0, 0, 0, 0, 0,
    0, 0, 0, 0, 0, 0, 0, 0,
    0, 0, 0, 0, 0, 0, 0, 0,
    0, 0, 0, 0, 0, 0, 0, 0,
    0, -6, 0, 0, -3, 0, 0, 0,
    0, 0, 0, 0, 0, 0, 0, 0,
    0, 0, 0, 0, 0, 0, 0, 0,
    0, 0, 0, 0, 0, 0, 0, 0,
    0, 0, 0, 0, 0, 0, 0, 0,
    0, 0, 0, 0, 0, 0, 0, 0,
    0, 0, 0, 0, 0, 0, 0, 0,
    0, 0, 0, 0, 0, 0, 0, 0,
    0, 0, 0, 0, 0, 0, -13, 0,
    -19, -10, -10, -22, 0, 0, 0, 0,
    0, 0, 0, 0, 0, -3, 0, 0,
    0, 0, 0, 0, 0, 0, -10, -10,
    0, 0, 0, 0, 0, 0, 0, 0,
    0, 0, 0, 0, 0, 0, 0, 0,
    0, 0, 0, 0, 0, 0, 0, 0,
    0, 0, 0, 0, -16, 0, 0, 0,
    0, 0, 0, 0, 0, 0, 0, 0,
    0, 0, -16, -10, 0, -29, -13, -32,
    -29, 0, -35, -6, 0, 0, -10, 0,
    -19, -19, 0, -13, 0, -13, 0, 0,
    -16, -19, -13, -19, -16, -13, -13, 0,
    0, 0, 0, 0, 0, 0, 0, 0,
    0, 0, 0, 0, 0, -13, -13, -16,
    0, 0, 0, 0, 0, 0, 0, 0,
    0, 0, 0, 0, 0, 0, 0, 0,
    0, 0, 0, 0, 0, 0, 0, 0,
    0, -3, 0, 0, 0, 0, -5, 0,
    0, 0, 0, 0, 0, -5, 0, 0,
    -6, 0, 0, 0, 0, 0, 0, 0,
    -3, -3, -3, -3, 0, -3, 0, 0,
    0, 0, 0, 0, 0, 0, 0, 0,
    0, 0, 0, 10, 0, 0, -3, 0,
    0, 0, 0, 0, 0, 0, 0, -13,
    0, -13, 0, 0, 0, 0, 0, 0,
    0, 0, 0, 0, 0, -6, 0, -10,
    0, -6, 0, -6, 0, -3, 0, -6,
    -13, 0, -13, -26, 0, 0, 0, 0,
    0, 0, 0, 0, 0, 0, 0, 0,
    0, 0, 0, 0, 0, 0, 0, 0,
    0, 0, 0, 0, 0, 0, 0, 0,
    -6, -16, 0, 0, 0, 0, 0, 0,
    0, 0, 0, 0, 0, 0, -6, 0,
    0, 0, 0, 0, 0, 0, 0, 0,
    0, 0, 0, 0, 0, 0, 0, 0,
    0, 0, 0, 0, 0, 0, 0, 0,
    0, 0, -6, 0, 0, 0, -3, 0,
    0, 0, 0, 0, 0, 0, -3, 0,
    -3, 0, -3, -3, 0, 0, 0, 0,
    0, 0, 0, 0, 0, 0, 0, 0,
    0, 0, 0, 0, 0, 0, 0, 0,
    0, 0, 0, 0, 0, 0, 0, 0,
    0, 0, 0, 0, 0, 0, 0, 0,
    0, 0, 0, 0, 0, 0, 0, 0,
    0, 0, 0, 0, 0, 0, 0, 0,
    0, 0, -2, 0, -2, 0, -2, 0,
    0, 0, 0, 0, 0, -2, 0, 0,
    0, 0, 0, 0, 0, 0, 0, 0,
    0, 0, 0, 0, 0, 0, 0, 0,
    0, 13, 0, 0, 0, 0, 0, 0,
    0, 0, 0, 0, 0, 0, 0, 0,
    0, 0, 0, 0, 0, 0, 0, 0,
    0, 0, -6, 0, 0, 0, 0, 0,
    0, 0, 0, 0, 0, 0, 0, 0,
    0, 0, 0, 0, 0, 0, 0, 0,
    0, 0, 0, 0, -3, 0, 0, 0,
    0, 0, 0, 0, 0, 0, 0, 0,
    0, 0, 0, 0, 0, 0, 0, 0,
    0, 0, 0, 0, 0, 0, 0, 0,
    0, 0, 0, 0, 0, 0, 0, 0,
    0, 0, 0, 0, 0, 0, 0, 0,
    0, 0, 0, 0, 0, 0, 0, 0,
    0, 0, 0, 0, 0, 0, 0, 0,
    -2, 0, -2, -2, -2, 0, 0, 0,
    0, 0, -2, -3, 0, 0, 0, 0,
    0, 0, 0, 0, 0, 0, 0, 0,
    0, 0, 0, 0, 0, 0, 0, 0,
    0, 0, 0, 0, 0, 0, 0, 0,
    0, 0, 0, 0, 0, 0, 0, 0,
    0, 0, 0, 0, 0, 0, 0, 0,
    0, 0, 0, 0, 0, 0, 0, 0,
    0, 0, 0, 0, 0, 0, 0, 0,
    0, 0, 0, 0, 0, 0, 0, 0,
    0, 0, 0, 0, 0, 0, 0, 0,
    0, 0, 0, 0, 0, 0, 0, 0,
    0, 0, 0, 0, 0, 0, 0, 0,
    0, -6, 0, 0, 0, 0, 0, 0,
    0, 0, 0, 0, 0, 0, 0, 0,
    0, 0, 0, 0, 0, 0, 0, 0,
    0, 0, 0, 0, 0, 0, 0, 0,
    0, 0, 0, 0, 0, 0, 0, 0,
    0, 0, 0, 0, 0, 0, 0, 0,
    0, 0, 0, 0, 0, 0, 0, 0,
    0, 0, 0, 0, 0, 0, 0, 0,
    0, 0, 0, 0, 0, 0, 0, 0,
    -16, 0, 0, 0, 0, 0, 0, 0,
    0, 0, 0, 0, 0, 0, 0, 0,
    0, 0, 0, 0, 0, 0, 0, 0,
    -19, -10, -16, 0, 0, 0, 0, 0,
    0, 0, 0, 0, 0, 0, 0, -16,
    -10, -13, -10, 0, -10, -13, -10, -16,
    -6, -13, -10, -6, 0, -6, 0, 0,
    0, 0, 0, 0, 0, 0, 0, 0,
    0, 0, -38, 0, -10, -10, 0, 0,
    -10
};


/*Collect the kern class' data in one place*/
static const lv_font_fmt_txt_kern_classes_t kern_classes =
{
    .class_pair_values   = kern_class_values,
    .left_class_mapping  = kern_left_class_mapping,
    .right_class_mapping = kern_right_class_mapping,
    .left_class_cnt      = 87,
    .right_class_cnt     = 71,
};

/*--------------------
 *  ALL CUSTOM DATA
 *--------------------*/

#if LVGL_VERSION_MAJOR == 8
/*Store all the custom data of the font*/
static  lv_font_fmt_txt_glyph_cache_t cache;
#endif

#if LVGL_VERSION_MAJOR >= 8
static const lv_font_fmt_txt_dsc_t font_dsc = {
#else
static lv_font_fmt_txt_dsc_t font_dsc = {
#endif
    .glyph_bitmap = glyph_bitmap,
    .glyph_dsc = glyph_dsc,
    .cmaps = cmaps,
    .kern_dsc = &kern_classes,
    .kern_scale = 16,
    .cmap_num = 6,
    .bpp = 8,
    .kern_classes = 1,
    .bitmap_format = 0,
#if LVGL_VERSION_MAJOR == 8
    .cache = &cache
#endif
};



/*-----------------
 *  PUBLIC FONT
 *----------------*/

/*Initialize a public general font descriptor*/
#if LVGL_VERSION_MAJOR >= 8
const lv_font_t ProductSansBold_20 = {
#else
lv_font_t ProductSansBold_20 = {
#endif
    .get_glyph_dsc = lv_font_get_glyph_dsc_fmt_txt,    /*Function pointer to get glyph's data*/
    .get_glyph_bitmap = lv_font_get_bitmap_fmt_txt,    /*Function pointer to get glyph's bitmap*/
    .line_height = 26,          /*The maximum line height required by the font*/
    .base_line = 6,             /*Baseline measured from the bottom of the line*/
#if !(LVGL_VERSION_MAJOR == 6 && LVGL_VERSION_MINOR == 0)
    .subpx = LV_FONT_SUBPX_NONE,
#endif
#if LV_VERSION_CHECK(7, 4, 0) || LVGL_VERSION_MAJOR >= 8
    .underline_position = -5,
    .underline_thickness = 1,
#endif
    .dsc = &font_dsc,          /*The custom font data. Will be accessed by `get_glyph_bitmap/dsc` */
#if LV_VERSION_CHECK(8, 2, 0) || LVGL_VERSION_MAJOR >= 9
    .fallback = NULL,
#endif
    .user_data = NULL,
};



#endif /*#if PRODUCTSANSBOLD_20*/

