/*******************************************************************************
 * Size: 20 px
 * Bpp: 8
 * Opts: --size 20 --bpp 8 --format lvgl --font /Users/garrett/Documents/GWatch-Paris/components/fonts/files/ProductSans-Regular.ttf --output /Users/garrett/Documents/GWatch-Paris/components/fonts/generated/ProductSansRegular_20.c --no-compress --range 0x20-0x7F,0xA0-0x17F --symbols ×÷→’—
 ******************************************************************************/

#ifdef LV_LVGL_H_INCLUDE_SIMPLE
#include "lvgl.h"
#else
#include "lvgl/lvgl.h"
#endif

#ifndef PRODUCTSANSREGULAR_20
#define PRODUCTSANSREGULAR_20 1
#endif

#if PRODUCTSANSREGULAR_20

/*-----------------
 *    BITMAPS
 *----------------*/

/*Store the image of the glyphs*/
static LV_ATTRIBUTE_LARGE_CONST const uint8_t glyph_bitmap[] = {
    /* U+0020 " " */

    /* U+0021 "!" */
    0x0, 0x98, 0xff, 0x3c, 0x0, 0x98, 0xff, 0x3c,
    0x0, 0x98, 0xff, 0x3c, 0x0, 0x98, 0xff, 0x3c,
    0x0, 0x96, 0xff, 0x3a, 0x0, 0x8f, 0xff, 0x32,
    0x0, 0x86, 0xff, 0x29, 0x0, 0x7c, 0xff, 0x1f,
    0x0, 0x73, 0xff, 0x16, 0x0, 0x50, 0xc0, 0xb,
    0x0, 0x0, 0x0, 0x0, 0x0, 0x59, 0xa1, 0x25,
    0x2, 0xfa, 0xff, 0xa1, 0x0, 0xa3, 0xf1, 0x53,

    /* U+0022 "\"" */
    0x20, 0xff, 0x90, 0x28, 0xff, 0x84, 0x20, 0xff,
    0x90, 0x28, 0xff, 0x84, 0x20, 0xff, 0x90, 0x28,
    0xff, 0x84, 0x20, 0xff, 0x90, 0x28, 0xff, 0x84,
    0xf, 0x78, 0x43, 0x12, 0x78, 0x3d,

    /* U+0023 "#" */
    0x0, 0x0, 0x0, 0x0, 0x57, 0x74, 0x0, 0x0,
    0x2d, 0x80, 0x1e, 0x0, 0x0, 0x0, 0x0, 0x0,
    0x0, 0xcf, 0xc9, 0x0, 0x0, 0x7c, 0xff, 0x1d,
    0x0, 0x0, 0x0, 0x0, 0x0, 0x2, 0xf6, 0x9f,
    0x0, 0x0, 0xa7, 0xf2, 0x0, 0x0, 0x0, 0x0,
    0x0, 0x0, 0x23, 0xff, 0x75, 0x0, 0x0, 0xd2,
    0xc9, 0x0, 0x0, 0x0, 0x0, 0xc9, 0xff, 0xff,
    0xff, 0xff, 0xff, 0xff, 0xff, 0xff, 0xff, 0xff,
    0x13, 0x0, 0x73, 0x80, 0xbc, 0xff, 0x8f, 0x80,
    0x94, 0xff, 0xb9, 0x80, 0x7a, 0x0, 0x0, 0x0,
    0x0, 0x93, 0xfe, 0x8, 0x0, 0x42, 0xff, 0x58,
    0x0, 0x0, 0x0, 0x0, 0x0, 0x0, 0xb6, 0xe4,
    0x0, 0x0, 0x63, 0xff, 0x36, 0x0, 0x0, 0x0,
    0x29, 0x80, 0x80, 0xe7, 0xe6, 0x80, 0x80, 0xbe,
    0xff, 0x8e, 0x80, 0x44, 0x0, 0x75, 0xff, 0xff,
    0xff, 0xff, 0xff, 0xff, 0xff, 0xff, 0xff, 0xff,
    0x6b, 0x0, 0x0, 0x0, 0x28, 0xff, 0x70, 0x0,
    0x0, 0xd8, 0xc3, 0x0, 0x0, 0x0, 0x0, 0x0,
    0x0, 0x4f, 0xff, 0x4a, 0x0, 0x3, 0xf9, 0x9c,
    0x0, 0x0, 0x0, 0x0, 0x0, 0x0, 0x76, 0xff,
    0x24, 0x0, 0x24, 0xff, 0x75, 0x0, 0x0, 0x0,
    0x0, 0x0, 0x0, 0x9d, 0xfa, 0x4, 0x0, 0x49,
    0xff, 0x4f, 0x0, 0x0, 0x0, 0x0,

    /* U+0024 "$" */
    0x0, 0x0, 0x0, 0x0, 0x27, 0x74, 0x15, 0x0,
    0x0, 0x0, 0x0, 0x0, 0x0, 0x0, 0x58, 0xff,
    0x30, 0x0, 0x0, 0x0, 0x0, 0x0, 0xf, 0x7b,
    0xcd, 0xff, 0xac, 0x44, 0x0, 0x0, 0x0, 0x25,
    0xe1, 0xff, 0xff, 0xff, 0xff, 0xff, 0x94, 0x0,
    0x0, 0xb9, 0xff, 0x8b, 0x68, 0xff, 0x5c, 0xca,
    0xff, 0x55, 0x0, 0xfa, 0xe2, 0x0, 0x58, 0xff,
    0x30, 0x22, 0x62, 0x9, 0x0, 0xe6, 0xf3, 0x14,
    0x58, 0xff, 0x30, 0x0, 0x0, 0x0, 0x0, 0x86,
    0xff, 0xd2, 0x89, 0xff, 0x30, 0x0, 0x0, 0x0,
    0x0, 0x7, 0xa7, 0xff, 0xff, 0xff, 0x70, 0x3,
    0x0, 0x0, 0x0, 0x0, 0x0, 0x47, 0xc8, 0xff,
    0xff, 0xd7, 0x39, 0x0, 0x0, 0x0, 0x0, 0x0,
    0x58, 0xff, 0xb6, 0xfd, 0xf8, 0x30, 0x0, 0x0,
    0x0, 0x0, 0x58, 0xff, 0x30, 0x60, 0xff, 0xad,
    0x31, 0xb7, 0x4e, 0x0, 0x58, 0xff, 0x30, 0x8,
    0xff, 0xd0, 0x2d, 0xff, 0xdb, 0x16, 0x58, 0xff,
    0x30, 0x4e, 0xff, 0xaa, 0x0, 0x8e, 0xff, 0xe8,
    0xb7, 0xff, 0xb6, 0xf9, 0xfc, 0x35, 0x0, 0x2,
    0x73, 0xf1, 0xff, 0xff, 0xff, 0xe0, 0x46, 0x0,
    0x0, 0x0, 0x0, 0x6, 0x7a, 0xff, 0x52, 0x0,
    0x0, 0x0, 0x0, 0x0, 0x0, 0x0, 0x58, 0xff,
    0x30, 0x0, 0x0, 0x0,

    /* U+0025 "%" */
    0x0, 0x10, 0x97, 0xe6, 0xeb, 0xa4, 0x18, 0x0,
    0x0, 0x0, 0x0, 0x3b, 0x84, 0x4, 0x0, 0x0,
    0x3, 0xc3, 0xe9, 0x72, 0x68, 0xdb, 0xde, 0xd,
    0x0, 0x0, 0xb, 0xdc, 0xba, 0x1, 0x0, 0x0,
    0x3a, 0xff, 0x4b, 0x0, 0x0, 0x2a, 0xff, 0x62,
    0x0, 0x0, 0x98, 0xef, 0x1c, 0x0, 0x0, 0x0,
    0x47, 0xff, 0x35, 0x0, 0x0, 0x14, 0xff, 0x6f,
    0x0, 0x47, 0xff, 0x5c, 0x0, 0x0, 0x0, 0x0,
    0xd, 0xe5, 0xc5, 0x2d, 0x24, 0xae, 0xf7, 0x21,
    0x11, 0xe4, 0xac, 0x0, 0x0, 0x0, 0x0, 0x0,
    0x0, 0x34, 0xd7, 0xff, 0xff, 0xe2, 0x45, 0x0,
    0xa6, 0xe8, 0x14, 0x0, 0x0, 0x0, 0x0, 0x0,
    0x0, 0x0, 0x2, 0x27, 0x2c, 0x5, 0x0, 0x55,
    0xff, 0x4d, 0x0, 0x2, 0x7, 0x0, 0x0, 0x0,
    0x0, 0x0, 0x0, 0x0, 0x0, 0x0, 0x18, 0xec,
    0x9d, 0x5, 0x8d, 0xf3, 0xff, 0xc7, 0x2d, 0x0,
    0x0, 0x0, 0x0, 0x0, 0x0, 0x0, 0xb3, 0xe0,
    0xe, 0x8b, 0xf8, 0x77, 0x51, 0xc7, 0xea, 0x17,
    0x0, 0x0, 0x0, 0x0, 0x0, 0x64, 0xfe, 0x40,
    0x9, 0xfb, 0x82, 0x0, 0x0, 0x16, 0xfa, 0x7c,
    0x0, 0x0, 0x0, 0x0, 0x20, 0xf2, 0x8f, 0x0,
    0x28, 0xff, 0x52, 0x0, 0x0, 0x0, 0xe2, 0x9d,
    0x0, 0x0, 0x0, 0x2, 0xc0, 0xd6, 0x8, 0x0,
    0x7, 0xf9, 0x8a, 0x0, 0x0, 0x1c, 0xfc, 0x78,
    0x0, 0x0, 0x0, 0x73, 0xfb, 0x34, 0x0, 0x0,
    0x0, 0x81, 0xfb, 0x86, 0x61, 0xd2, 0xe6, 0x13,
    0x0, 0x0, 0x0, 0x58, 0x72, 0x0, 0x0, 0x0,
    0x0, 0x3, 0x7e, 0xe6, 0xf7, 0xb8, 0x25, 0x0,

    /* U+0026 "&" */
    0x0, 0x0, 0x0, 0x49, 0xc9, 0xf4, 0xda, 0x61,
    0x0, 0x0, 0x0, 0x0, 0x0, 0x0, 0x52, 0xff,
    0xf8, 0xc7, 0xf3, 0xff, 0x5a, 0x0, 0x0, 0x0,
    0x0, 0x0, 0xc2, 0xff, 0x3e, 0x0, 0x27, 0xe6,
    0x68, 0x0, 0x0, 0x0, 0x0, 0x0, 0xc6, 0xff,
    0x19, 0x0, 0x0, 0x3, 0x0, 0x0, 0x0, 0x0,
    0x0, 0x0, 0x60, 0xff, 0xa2, 0x0, 0x0, 0x0,
    0x0, 0x0, 0x0, 0x0, 0x0, 0x0, 0x2c, 0xf5,
    0xff, 0x74, 0x0, 0x0, 0x0, 0x0, 0x0, 0x0,
    0x0, 0x30, 0xf4, 0xf0, 0xd9, 0xfd, 0x4a, 0x0,
    0x0, 0x0, 0x0, 0x0, 0x0, 0xcf, 0xf1, 0x29,
    0x1d, 0xe8, 0xf1, 0x2a, 0x0, 0x0, 0x0, 0x0,
    0x2a, 0xff, 0x8e, 0x0, 0x0, 0x3a, 0xf9, 0xdc,
    0x12, 0x1, 0xa9, 0x5a, 0x40, 0xff, 0x70, 0x0,
    0x0, 0x0, 0x60, 0xff, 0xbe, 0x72, 0xff, 0x83,
    0x19, 0xfe, 0xb8, 0x0, 0x0, 0x0, 0x0, 0x8d,
    0xff, 0xff, 0xd1, 0x5, 0x0, 0xac, 0xff, 0x8b,
    0x9, 0x0, 0x0, 0x20, 0xf2, 0xff, 0x80, 0x0,
    0x0, 0x11, 0xcc, 0xff, 0xea, 0xb9, 0xc0, 0xf5,
    0xfe, 0xec, 0xfb, 0x41, 0x0, 0x0, 0x7, 0x74,
    0xd0, 0xf7, 0xf3, 0xba, 0x42, 0x2e, 0xbf, 0x20,

    /* U+0027 "'" */
    0x20, 0xff, 0x90, 0x20, 0xff, 0x90, 0x20, 0xff,
    0x90, 0x20, 0xff, 0x90, 0xf, 0x78, 0x43,

    /* U+0028 "(" */
    0x0, 0x0, 0x0, 0x1d, 0xf, 0x0, 0x0, 0x0,
    0x6, 0xcc, 0xdf, 0xb, 0x0, 0x0, 0x8b, 0xff,
    0x85, 0x0, 0x0, 0x1d, 0xf9, 0xd8, 0x4, 0x0,
    0x0, 0x97, 0xff, 0x5f, 0x0, 0x0, 0x5, 0xf1,
    0xe9, 0x4, 0x0, 0x0, 0x43, 0xff, 0xa0, 0x0,
    0x0, 0x0, 0x80, 0xff, 0x5c, 0x0, 0x0, 0x0,
    0x9b, 0xff, 0x3c, 0x0, 0x0, 0x0, 0xb1, 0xff,
    0x26, 0x0, 0x0, 0x0, 0xa2, 0xff, 0x34, 0x0,
    0x0, 0x0, 0x89, 0xff, 0x4f, 0x0, 0x0, 0x0,
    0x57, 0xff, 0x8b, 0x0, 0x0, 0x0, 0x11, 0xfc,
    0xd5, 0x0, 0x0, 0x0, 0x0, 0xb9, 0xff, 0x3c,
    0x0, 0x0, 0x0, 0x3b, 0xff, 0xb7, 0x0, 0x0,
    0x0, 0x0, 0xb6, 0xff, 0x52, 0x0, 0x0, 0x0,
    0x1b, 0xeb, 0xea, 0xb, 0x0, 0x0, 0x0, 0x45,
    0x3c, 0x0,

    /* U+0029 ")" */
    0x0, 0x2d, 0x0, 0x0, 0x0, 0x0, 0x51, 0xfc,
    0x6e, 0x0, 0x0, 0x0, 0xd, 0xdd, 0xf9, 0x2d,
    0x0, 0x0, 0x0, 0x44, 0xff, 0xaf, 0x0, 0x0,
    0x0, 0x0, 0xc7, 0xfe, 0x2d, 0x0, 0x0, 0x0,
    0x55, 0xff, 0x8b, 0x0, 0x0, 0x0, 0xd, 0xf9,
    0xd8, 0x0, 0x0, 0x0, 0x0, 0xc1, 0xff, 0x17,
    0x0, 0x0, 0x0, 0xa1, 0xff, 0x32, 0x0, 0x0,
    0x0, 0x8b, 0xff, 0x48, 0x0, 0x0, 0x0, 0x9a,
    0xff, 0x39, 0x0, 0x0, 0x0, 0xb5, 0xff, 0x20,
    0x0, 0x0, 0x3, 0xee, 0xeb, 0x2, 0x0, 0x0,
    0x3d, 0xff, 0xa2, 0x0, 0x0, 0x0, 0xa5, 0xff,
    0x4d, 0x0, 0x0, 0x22, 0xfc, 0xd1, 0x1, 0x0,
    0x1, 0xb7, 0xff, 0x4f, 0x0, 0x0, 0x5a, 0xff,
    0xa1, 0x0, 0x0, 0x0, 0x4, 0x71, 0xc, 0x0,
    0x0, 0x0,

    /* U+002A "*" */
    0x0, 0x0, 0x0, 0x68, 0xff, 0x20, 0x0, 0x0,
    0x0, 0x39, 0x7, 0x68, 0xff, 0x20, 0x15, 0x2b,
    0xd, 0xf7, 0xef, 0xd0, 0xff, 0xc4, 0xfb, 0xbc,
    0x4, 0x48, 0x9e, 0xfc, 0xff, 0xea, 0x87, 0x2f,
    0x0, 0x0, 0x59, 0xff, 0xf3, 0xf0, 0x22, 0x0,
    0x0, 0x25, 0xf2, 0xc6, 0x26, 0xf1, 0xcb, 0x6,
    0x0, 0x11, 0x9f, 0x1f, 0x0, 0x55, 0x7a, 0x2,

    /* U+002B "+" */
    0x0, 0x0, 0x0, 0x44, 0xff, 0x44, 0x0, 0x0,
    0x0, 0x0, 0x0, 0x0, 0x44, 0xff, 0x44, 0x0,
    0x0, 0x0, 0x0, 0x0, 0x0, 0x44, 0xff, 0x44,
    0x0, 0x0, 0x0, 0x70, 0x80, 0x80, 0xa2, 0xff,
    0xa2, 0x80, 0x80, 0x70, 0xe0, 0xff, 0xff, 0xff,
    0xff, 0xff, 0xff, 0xff, 0xe0, 0x0, 0x0, 0x0,
    0x44, 0xff, 0x44, 0x0, 0x0, 0x0, 0x0, 0x0,
    0x0, 0x44, 0xff, 0x44, 0x0, 0x0, 0x0, 0x0,
    0x0, 0x0, 0x44, 0xff, 0x44, 0x0, 0x0, 0x0,
    0x0, 0x0, 0x0, 0x2b, 0xa4, 0x2b, 0x0, 0x0,
    0x0,

    /* U+002C "," */
    0x0, 0xa4, 0xf1, 0x54, 0x3, 0xfa, 0xff, 0xa2,
    0x0, 0x5e, 0xff, 0x43, 0x0, 0xa8, 0x9a, 0x0,
    0x4, 0x8d, 0xd, 0x0,

    /* U+002D "-" */
    0x70, 0x80, 0x80, 0x80, 0x80, 0x80, 0x42, 0xe0,
    0xff, 0xff, 0xff, 0xff, 0xff, 0x84,

    /* U+002E "." */
    0x0, 0x59, 0xa1, 0x25, 0x2, 0xfa, 0xff, 0xa1,
    0x0, 0xa3, 0xf1, 0x53,

    /* U+002F "/" */
    0x0, 0x0, 0x0, 0x0, 0x0, 0x0, 0xbb, 0xf1,
    0xc, 0x0, 0x0, 0x0, 0x0, 0x0, 0x28, 0xfe,
    0x90, 0x0, 0x0, 0x0, 0x0, 0x0, 0x0, 0x94,
    0xfe, 0x25, 0x0, 0x0, 0x0, 0x0, 0x0, 0xd,
    0xf2, 0xb7, 0x0, 0x0, 0x0, 0x0, 0x0, 0x0,
    0x6d, 0xff, 0x4b, 0x0, 0x0, 0x0, 0x0, 0x0,
    0x1, 0xd8, 0xdc, 0x2, 0x0, 0x0, 0x0, 0x0,
    0x0, 0x46, 0xff, 0x71, 0x0, 0x0, 0x0, 0x0,
    0x0, 0x0, 0xb3, 0xf5, 0x10, 0x0, 0x0, 0x0,
    0x0, 0x0, 0x21, 0xfd, 0x98, 0x0, 0x0, 0x0,
    0x0, 0x0, 0x0, 0x8c, 0xff, 0x2c, 0x0, 0x0,
    0x0, 0x0, 0x0, 0xa, 0xee, 0xbf, 0x0, 0x0,
    0x0, 0x0, 0x0, 0x0, 0x65, 0xff, 0x53, 0x0,
    0x0, 0x0, 0x0, 0x0, 0x0, 0xd0, 0xe2, 0x3,
    0x0, 0x0, 0x0, 0x0, 0x0, 0x3e, 0xff, 0x7a,
    0x0, 0x0, 0x0, 0x0, 0x0, 0x0,

    /* U+0030 "0" */
    0x0, 0x0, 0x0, 0x1c, 0x9d, 0xe6, 0xf8, 0xd9,
    0x7f, 0x8, 0x0, 0x0, 0x0, 0x0, 0x2f, 0xee,
    0xff, 0xe2, 0xc4, 0xef, 0xff, 0xcd, 0xf, 0x0,
    0x0, 0xb, 0xde, 0xff, 0x6e, 0x1, 0x0, 0x9,
    0xa4, 0xff, 0xa8, 0x0, 0x0, 0x72, 0xff, 0xa5,
    0x0, 0x0, 0x0, 0x0, 0x5, 0xdd, 0xff, 0x31,
    0x0, 0xcc, 0xff, 0x31, 0x0, 0x0, 0x0, 0x0,
    0x0, 0x6e, 0xff, 0x8b, 0x6, 0xfb, 0xf1, 0x0,
    0x0, 0x0, 0x0, 0x0, 0x0, 0x2e, 0xff, 0xc0,
    0x18, 0xff, 0xd3, 0x0, 0x0, 0x0, 0x0, 0x0,
    0x0, 0xf, 0xff, 0xd7, 0x18, 0xff, 0xd2, 0x0,
    0x0, 0x0, 0x0, 0x0, 0x0, 0xf, 0xff, 0xd6,
    0x5, 0xfb, 0xf1, 0x0, 0x0, 0x0, 0x0, 0x0,
    0x0, 0x2e, 0xff, 0xbf, 0x0, 0xcb, 0xff, 0x30,
    0x0, 0x0, 0x0, 0x0, 0x0, 0x6f, 0xff, 0x8b,
    0x0, 0x71, 0xff, 0xa4, 0x0, 0x0, 0x0, 0x0,
    0x4, 0xdd, 0xff, 0x31, 0x0, 0xb, 0xdf, 0xff,
    0x6c, 0x1, 0x0, 0x9, 0xa3, 0xff, 0xac, 0x0,
    0x0, 0x0, 0x31, 0xef, 0xff, 0xe1, 0xc3, 0xef,
    0xff, 0xd1, 0x12, 0x0, 0x0, 0x0, 0x0, 0x1e,
    0x9e, 0xe7, 0xf9, 0xdb, 0x82, 0xa, 0x0, 0x0,

    /* U+0031 "1" */
    0x0, 0x0, 0x0, 0x5, 0x5c, 0x84, 0x0, 0xc,
    0x71, 0xe3, 0xff, 0xff, 0xe, 0xec, 0xff, 0xf4,
    0xf6, 0xff, 0x0, 0x92, 0x75, 0x10, 0xd8, 0xff,
    0x0, 0x0, 0x0, 0x0, 0xd8, 0xff, 0x0, 0x0,
    0x0, 0x0, 0xd8, 0xff, 0x0, 0x0, 0x0, 0x0,
    0xd8, 0xff, 0x0, 0x0, 0x0, 0x0, 0xd8, 0xff,
    0x0, 0x0, 0x0, 0x0, 0xd8, 0xff, 0x0, 0x0,
    0x0, 0x0, 0xd8, 0xff, 0x0, 0x0, 0x0, 0x0,
    0xd8, 0xff, 0x0, 0x0, 0x0, 0x0, 0xd8, 0xff,
    0x0, 0x0, 0x0, 0x0, 0xd8, 0xff, 0x0, 0x0,
    0x0, 0x0, 0xd8, 0xff,

    /* U+0032 "2" */
    0x0, 0x0, 0x34, 0xb4, 0xeb, 0xf5, 0xc2, 0x4b,
    0x0, 0x0, 0x0, 0x4c, 0xf9, 0xff, 0xd0, 0xd1,
    0xfe, 0xff, 0x6b, 0x0, 0xa, 0xe9, 0xf6, 0x42,
    0x0, 0x0, 0x3b, 0xf5, 0xf7, 0x15, 0x1, 0x44,
    0x5d, 0x0, 0x0, 0x0, 0x0, 0x9b, 0xff, 0x4f,
    0x0, 0x0, 0x0, 0x0, 0x0, 0x0, 0x0, 0x9e,
    0xff, 0x48, 0x0, 0x0, 0x0, 0x0, 0x0, 0x0,
    0x14, 0xf0, 0xf5, 0xe, 0x0, 0x0, 0x0, 0x0,
    0x0, 0x4, 0xb9, 0xff, 0x82, 0x0, 0x0, 0x0,
    0x0, 0x0, 0x1, 0xa0, 0xff, 0xc5, 0x7, 0x0,
    0x0, 0x0, 0x0, 0x0, 0x94, 0xff, 0xd5, 0x15,
    0x0, 0x0, 0x0, 0x0, 0x0, 0x8f, 0xff, 0xd6,
    0x17, 0x0, 0x0, 0x0, 0x0, 0x0, 0x8b, 0xff,
    0xd8, 0x18, 0x0, 0x0, 0x0, 0x0, 0x0, 0x86,
    0xff, 0xd9, 0x19, 0x0, 0x0, 0x0, 0x0, 0x0,
    0x2f, 0xff, 0xff, 0xd1, 0xbc, 0xbc, 0xbc, 0xbc,
    0xbc, 0x60, 0x34, 0xff, 0xff, 0xff, 0xff, 0xff,
    0xff, 0xff, 0xff, 0x84,

    /* U+0033 "3" */
    0x0, 0x0, 0x2e, 0xae, 0xea, 0xf7, 0xc9, 0x59,
    0x0, 0x0, 0x0, 0x3a, 0xf4, 0xff, 0xd4, 0xcc,
    0xfb, 0xff, 0x83, 0x0, 0x0, 0xc8, 0xff, 0x5a,
    0x0, 0x0, 0x2a, 0xec, 0xfd, 0x1f, 0x0, 0x11,
    0x56, 0x0, 0x0, 0x0, 0x0, 0x95, 0xff, 0x53,
    0x0, 0x0, 0x0, 0x0, 0x0, 0x0, 0x0, 0xaf,
    0xff, 0x41, 0x0, 0x0, 0x0, 0x0, 0x0, 0x13,
    0x77, 0xff, 0xd6, 0x4, 0x0, 0x0, 0x0, 0x10,
    0xff, 0xff, 0xff, 0xd2, 0x1c, 0x0, 0x0, 0x0,
    0x0, 0xb, 0xb4, 0xc3, 0xf4, 0xfe, 0x92, 0x1,
    0x0, 0x0, 0x0, 0x0, 0x0, 0x0, 0x16, 0xc2,
    0xff, 0x69, 0x0, 0x0, 0x0, 0x0, 0x0, 0x0,
    0x0, 0x2e, 0xff, 0xbc, 0x13, 0x99, 0x8d, 0x0,
    0x0, 0x0, 0x0, 0x2f, 0xff, 0xc1, 0x5, 0xe1,
    0xfb, 0x54, 0x0, 0x0, 0x16, 0xc2, 0xff, 0x79,
    0x0, 0x3b, 0xf3, 0xff, 0xd9, 0xc9, 0xf6, 0xff,
    0xc3, 0x9, 0x0, 0x0, 0x27, 0xa5, 0xe5, 0xf9,
    0xd6, 0x79, 0x6, 0x0,

    /* U+0034 "4" */
    0x0, 0x0, 0x0, 0x0, 0x0, 0x0, 0x8, 0x7c,
    0x80, 0x12, 0x0, 0x0, 0x0, 0x0, 0x0, 0x0,
    0x0, 0x8f, 0xff, 0xff, 0x24, 0x0, 0x0, 0x0,
    0x0, 0x0, 0x0, 0x42, 0xfe, 0xff, 0xff, 0x24,
    0x0, 0x0, 0x0, 0x0, 0x0, 0x10, 0xe2, 0xe1,
    0xc5, 0xff, 0x24, 0x0, 0x0, 0x0, 0x0, 0x0,
    0xa5, 0xfd, 0x3f, 0xb4, 0xff, 0x24, 0x0, 0x0,
    0x0, 0x0, 0x57, 0xff, 0x8a, 0x0, 0xb4, 0xff,
    0x24, 0x0, 0x0, 0x0, 0x1b, 0xee, 0xd0, 0x6,
    0x0, 0xb4, 0xff, 0x24, 0x0, 0x0, 0x1, 0xba,
    0xf7, 0x2b, 0x0, 0x0, 0xb4, 0xff, 0x24, 0x0,
    0x0, 0x6f, 0xff, 0x6f, 0x0, 0x0, 0x0, 0xb4,
    0xff, 0x24, 0x0, 0x1b, 0xf7, 0xfd, 0xb5, 0xb4,
    0xb4, 0xb4, 0xe9, 0xff, 0xbe, 0xa3, 0x34, 0xff,
    0xff, 0xff, 0xff, 0xff, 0xff, 0xff, 0xff, 0xff,
    0xe8, 0x0, 0x0, 0x0, 0x0, 0x0, 0x0, 0x0,
    0xb4, 0xff, 0x24, 0x0, 0x0, 0x0, 0x0, 0x0,
    0x0, 0x0, 0x0, 0xb4, 0xff, 0x24, 0x0, 0x0,
    0x0, 0x0, 0x0, 0x0, 0x0, 0x0, 0xb4, 0xff,
    0x24, 0x0,

    /* U+0035 "5" */
    0x0, 0x0, 0xb1, 0xc0, 0xc0, 0xc0, 0xc0, 0xc0,
    0xc0, 0x39, 0x0, 0x0, 0xa, 0xff, 0xff, 0xff,
    0xff, 0xff, 0xff, 0xff, 0x4c, 0x0, 0x0, 0x2c,
    0xff, 0x96, 0x0, 0x0, 0x0, 0x0, 0x0, 0x0,
    0x0, 0x0, 0x4e, 0xff, 0x75, 0x0, 0x0, 0x0,
    0x0, 0x0, 0x0, 0x0, 0x0, 0x6f, 0xff, 0x53,
    0x0, 0x0, 0x0, 0x0, 0x0, 0x0, 0x0, 0x0,
    0x91, 0xff, 0x83, 0xca, 0xf4, 0xe9, 0x9d, 0x19,
    0x0, 0x0, 0x0, 0xb2, 0xff, 0xff, 0xd1, 0xb2,
    0xe1, 0xff, 0xe4, 0x1d, 0x0, 0x0, 0x26, 0x93,
    0x69, 0x0, 0x0, 0x4, 0x92, 0xff, 0xb0, 0x0,
    0x0, 0x0, 0x0, 0x0, 0x0, 0x0, 0x0, 0x5,
    0xe8, 0xfb, 0xa, 0x0, 0x5, 0x1c, 0x0, 0x0,
    0x0, 0x0, 0x0, 0xc4, 0xff, 0x1d, 0xe, 0xe7,
    0xc3, 0x0, 0x0, 0x0, 0x0, 0x7, 0xea, 0xf8,
    0x8, 0x0, 0xb5, 0xff, 0x83, 0x3, 0x0, 0x9,
    0x9f, 0xff, 0xa5, 0x0, 0x0, 0x19, 0xdd, 0xff,
    0xe6, 0xc7, 0xee, 0xff, 0xd9, 0x15, 0x0, 0x0,
    0x0, 0x12, 0x8a, 0xda, 0xf8, 0xdf, 0x8c, 0x10,
    0x0, 0x0,

    /* U+0036 "6" */
    0x0, 0x0, 0x0, 0x0, 0x0, 0x0, 0x10, 0x0,
    0x0, 0x0, 0x0, 0x0, 0x0, 0x0, 0x0, 0x0,
    0x61, 0xe8, 0x3d, 0x0, 0x0, 0x0, 0x0, 0x0,
    0x0, 0x0, 0x1c, 0xf0, 0xef, 0x1f, 0x0, 0x0,
    0x0, 0x0, 0x0, 0x0, 0x0, 0xb7, 0xff, 0x53,
    0x0, 0x0, 0x0, 0x0, 0x0, 0x0, 0x0, 0x65,
    0xff, 0x97, 0x0, 0x0, 0x0, 0x0, 0x0, 0x0,
    0x0, 0x1e, 0xf1, 0xd3, 0x8, 0x0, 0x0, 0x0,
    0x0, 0x0, 0x0, 0x0, 0xba, 0xff, 0xd7, 0xf3,
    0xed, 0x9f, 0x17, 0x0, 0x0, 0x0, 0x52, 0xff,
    0xff, 0xda, 0xac, 0xd9, 0xff, 0xe1, 0x1b, 0x0,
    0x0, 0xc8, 0xff, 0x89, 0x2, 0x0, 0x2, 0x8d,
    0xff, 0xb4, 0x0, 0x15, 0xff, 0xdc, 0x2, 0x0,
    0x0, 0x0, 0x3, 0xe2, 0xfd, 0x12, 0x2e, 0xff,
    0xb3, 0x0, 0x0, 0x0, 0x0, 0x0, 0xbc, 0xff,
    0x29, 0x12, 0xfd, 0xe2, 0x5, 0x0, 0x0, 0x0,
    0x7, 0xe7, 0xfa, 0xd, 0x0, 0xad, 0xff, 0x9b,
    0x7, 0x0, 0x8, 0x9e, 0xff, 0xa1, 0x0, 0x0,
    0x16, 0xda, 0xff, 0xec, 0xc7, 0xec, 0xff, 0xd0,
    0x10, 0x0, 0x0, 0x0, 0x11, 0x8e, 0xe2, 0xfa,
    0xdf, 0x85, 0xb, 0x0, 0x0,

    /* U+0037 "7" */
    0x20, 0xc0, 0xc0, 0xc0, 0xc0, 0xc0, 0xc0, 0xc0,
    0xc0, 0x7e, 0x31, 0xff, 0xff, 0xff, 0xff, 0xff,
    0xff, 0xff, 0xff, 0xa8, 0x0, 0x0, 0x0, 0x0,
    0x0, 0x0, 0x0, 0x91, 0xff, 0x6f, 0x0, 0x0,
    0x0, 0x0, 0x0, 0x0, 0x25, 0xfa, 0xdc, 0x6,
    0x0, 0x0, 0x0, 0x0, 0x0, 0x0, 0xb1, 0xff,
    0x54, 0x0, 0x0, 0x0, 0x0, 0x0, 0x0, 0x41,
    0xff, 0xc5, 0x0, 0x0, 0x0, 0x0, 0x0, 0x0,
    0x2, 0xcf, 0xff, 0x39, 0x0, 0x0, 0x0, 0x0,
    0x0, 0x0, 0x62, 0xff, 0xaa, 0x0, 0x0, 0x0,
    0x0, 0x0, 0x0, 0xb, 0xe6, 0xf9, 0x22, 0x0,
    0x0, 0x0, 0x0, 0x0, 0x0, 0x83, 0xff, 0x8e,
    0x0, 0x0, 0x0, 0x0, 0x0, 0x0, 0x1c, 0xf6,
    0xee, 0x11, 0x0, 0x0, 0x0, 0x0, 0x0, 0x0,
    0xa4, 0xff, 0x72, 0x0, 0x0, 0x0, 0x0, 0x0,
    0x0, 0x35, 0xfe, 0xdd, 0x6, 0x0, 0x0, 0x0,
    0x0, 0x0, 0x0, 0x3c, 0xd0, 0x56, 0x0, 0x0,
    0x0, 0x0, 0x0, 0x0, 0x0, 0x0, 0x1, 0x0,
    0x0, 0x0, 0x0, 0x0, 0x0, 0x0,

    /* U+0038 "8" */
    0x0, 0x0, 0x11, 0x95, 0xe5, 0xfa, 0xdf, 0x86,
    0x8, 0x0, 0x0, 0x0, 0xd, 0xd5, 0xff, 0xe9,
    0xc6, 0xef, 0xff, 0xc0, 0x3, 0x0, 0x0, 0x78,
    0xff, 0xaa, 0x7, 0x0, 0xe, 0xc3, 0xff, 0x5a,
    0x0, 0x0, 0xb2, 0xff, 0x35, 0x0, 0x0, 0x0,
    0x55, 0xff, 0x96, 0x0, 0x0, 0xa1, 0xff, 0x48,
    0x0, 0x0, 0x0, 0x68, 0xff, 0x83, 0x0, 0x0,
    0x38, 0xfc, 0xd6, 0x35, 0xa, 0x43, 0xe7, 0xf2,
    0x20, 0x0, 0x0, 0x0, 0x58, 0xfe, 0xff, 0xff,
    0xff, 0xf8, 0x3f, 0x0, 0x0, 0x0, 0x19, 0xcb,
    0xff, 0xde, 0xbe, 0xe5, 0xff, 0xbc, 0xd, 0x0,
    0x0, 0xc0, 0xff, 0x69, 0x0, 0x0, 0x4, 0x87,
    0xff, 0xa2, 0x0, 0x1d, 0xff, 0xcb, 0x0, 0x0,
    0x0, 0x0, 0x0, 0xe7, 0xf9, 0x3, 0x28, 0xff,
    0xcd, 0x0, 0x0, 0x0, 0x0, 0x1, 0xea, 0xff,
    0x8, 0x2, 0xe1, 0xff, 0x6f, 0x1, 0x0, 0x5,
    0x8b, 0xff, 0xc3, 0x0, 0x0, 0x43, 0xf7, 0xff,
    0xe5, 0xc5, 0xea, 0xff, 0xeb, 0x2b, 0x0, 0x0,
    0x0, 0x2a, 0xa6, 0xe9, 0xfb, 0xe3, 0x97, 0x1a,
    0x0, 0x0,

    /* U+0039 "9" */
    0x0, 0x0, 0xc, 0x86, 0xdf, 0xf9, 0xdf, 0x8a,
    0xe, 0x0, 0x0, 0x0, 0x11, 0xd0, 0xff, 0xed,
    0xc8, 0xef, 0xff, 0xd5, 0x13, 0x0, 0x0, 0xa5,
    0xff, 0x9e, 0x8, 0x0, 0xa, 0xa4, 0xff, 0xa7,
    0x0, 0x10, 0xfb, 0xe2, 0x6, 0x0, 0x0, 0x0,
    0x8, 0xe8, 0xfb, 0xe, 0x2e, 0xff, 0xb3, 0x0,
    0x0, 0x0, 0x0, 0x0, 0xbc, 0xff, 0x29, 0x17,
    0xff, 0xdb, 0x2, 0x0, 0x0, 0x0, 0x3, 0xe2,
    0xfe, 0x11, 0x0, 0xbd, 0xff, 0x86, 0x2, 0x0,
    0x3, 0x8d, 0xff, 0xc3, 0x0, 0x0, 0x24, 0xea,
    0xff, 0xd8, 0xac, 0xdb, 0xff, 0xff, 0x4d, 0x0,
    0x0, 0x0, 0x1e, 0xa4, 0xef, 0xf3, 0xd7, 0xff,
    0xb6, 0x0, 0x0, 0x0, 0x0, 0x0, 0x0, 0x0,
    0xa, 0xd6, 0xf0, 0x1b, 0x0, 0x0, 0x0, 0x0,
    0x0, 0x0, 0x0, 0x9c, 0xff, 0x60, 0x0, 0x0,
    0x0, 0x0, 0x0, 0x0, 0x0, 0x57, 0xff, 0xb4,
    0x0, 0x0, 0x0, 0x0, 0x0, 0x0, 0x0, 0x22,
    0xf1, 0xee, 0x19, 0x0, 0x0, 0x0, 0x0, 0x0,
    0x0, 0x0, 0x44, 0xeb, 0x5c, 0x0, 0x0, 0x0,
    0x0, 0x0, 0x0, 0x0, 0x0, 0x0, 0x11, 0x0,
    0x0, 0x0, 0x0, 0x0, 0x0,

    /* U+003A ":" */
    0x0, 0xa4, 0xf1, 0x54, 0x2, 0xfa, 0xff, 0xa1,
    0x0, 0x59, 0xa1, 0x25, 0x0, 0x0, 0x0, 0x0,
    0x0, 0x0, 0x0, 0x0, 0x0, 0x0, 0x0, 0x0,
    0x0, 0x0, 0x0, 0x0, 0x0, 0x59, 0xa1, 0x25,
    0x2, 0xfa, 0xff, 0xa1, 0x0, 0xa3, 0xf1, 0x53,

    /* U+003B ";" */
    0x0, 0xa4, 0xf1, 0x54, 0x2, 0xfa, 0xff, 0xa1,
    0x0, 0x59, 0xa1, 0x25, 0x0, 0x0, 0x0, 0x0,
    0x0, 0x0, 0x0, 0x0, 0x0, 0x0, 0x0, 0x0,
    0x0, 0x14, 0x41, 0x2, 0x1, 0xdf, 0xff, 0x85,
    0x2, 0xe2, 0xff, 0x92, 0x0, 0x48, 0xf2, 0x1e,
    0x4, 0xd5, 0x63, 0x0, 0x0, 0x3d, 0x0, 0x0,

    /* U+003C "<" */
    0x0, 0x0, 0x0, 0x0, 0x0, 0x0, 0xf, 0x6b,
    0x0, 0x0, 0x0, 0x0, 0x19, 0x8a, 0xf2, 0xeb,
    0x0, 0x0, 0x26, 0x9b, 0xf9, 0xf8, 0x9f, 0x2d,
    0x34, 0xac, 0xfd, 0xec, 0x84, 0x18, 0x0, 0x0,
    0xe0, 0xff, 0x88, 0x9, 0x0, 0x0, 0x0, 0x0,
    0x74, 0xeb, 0xfc, 0xa9, 0x36, 0x0, 0x0, 0x0,
    0x0, 0xa, 0x6e, 0xe0, 0xff, 0xc4, 0x52, 0x2,
    0x0, 0x0, 0x0, 0x4, 0x5e, 0xd4, 0xff, 0xcf,
    0x0, 0x0, 0x0, 0x0, 0x0, 0x1, 0x4e, 0xb1,

    /* U+003D "=" */
    0xe0, 0xff, 0xff, 0xff, 0xff, 0xff, 0xff, 0xff,
    0xff, 0x20, 0x70, 0x80, 0x80, 0x80, 0x80, 0x80,
    0x80, 0x80, 0x80, 0x10, 0x0, 0x0, 0x0, 0x0,
    0x0, 0x0, 0x0, 0x0, 0x0, 0x0, 0x70, 0x80,
    0x80, 0x80, 0x80, 0x80, 0x80, 0x80, 0x80, 0x10,
    0xe0, 0xff, 0xff, 0xff, 0xff, 0xff, 0xff, 0xff,
    0xff, 0x20,

    /* U+003E ">" */
    0x62, 0x18, 0x0, 0x0, 0x0, 0x0, 0x0, 0x0,
    0xcb, 0xf8, 0x99, 0x24, 0x0, 0x0, 0x0, 0x0,
    0x21, 0x91, 0xf3, 0xfd, 0xaa, 0x32, 0x0, 0x0,
    0x0, 0x0, 0xf, 0x75, 0xe3, 0xff, 0xbb, 0x43,
    0x0, 0x0, 0x0, 0x0, 0x4, 0x70, 0xfd, 0xff,
    0x0, 0x0, 0x0, 0x2a, 0x9b, 0xf7, 0xf3, 0x8d,
    0x0, 0x44, 0xb6, 0xfe, 0xea, 0x7d, 0x11, 0x0,
    0xb0, 0xff, 0xe0, 0x6d, 0x9, 0x0, 0x0, 0x0,
    0x9f, 0x5d, 0x4, 0x0, 0x0, 0x0, 0x0, 0x0,

    /* U+003F "?" */
    0x0, 0x0, 0x4c, 0xc5, 0xf3, 0xef, 0xb1, 0x2f,
    0x0, 0x0, 0x6b, 0xff, 0xf9, 0xc8, 0xda, 0xff,
    0xf6, 0x35, 0x16, 0xf7, 0xea, 0x27, 0x0, 0x0,
    0x71, 0xff, 0xb8, 0x0, 0x29, 0x41, 0x0, 0x0,
    0x0, 0x9, 0xff, 0xe0, 0x0, 0x0, 0x0, 0x0,
    0x0, 0x0, 0x3e, 0xff, 0xb7, 0x0, 0x0, 0x0,
    0x0, 0x0, 0x2c, 0xe7, 0xf7, 0x33, 0x0, 0x0,
    0x0, 0x0, 0x30, 0xed, 0xf4, 0x44, 0x0, 0x0,
    0x0, 0x0, 0x1, 0xda, 0xfe, 0x44, 0x0, 0x0,
    0x0, 0x0, 0x0, 0x20, 0xff, 0xc8, 0x0, 0x0,
    0x0, 0x0, 0x0, 0x0, 0x17, 0x98, 0x6d, 0x0,
    0x0, 0x0, 0x0, 0x0, 0x0, 0x0, 0x0, 0x0,
    0x0, 0x0, 0x0, 0x0, 0x0, 0x0, 0x19, 0x9c,
    0x6a, 0x0, 0x0, 0x0, 0x0, 0x0, 0x0, 0x86,
    0xff, 0xff, 0x16, 0x0, 0x0, 0x0, 0x0, 0x0,
    0x3e, 0xec, 0xba, 0x2, 0x0, 0x0,

    /* U+0040 "@" */
    0x0, 0x0, 0x0, 0x0, 0x0, 0x0, 0x0, 0x5,
    0x16, 0xe, 0x0, 0x0, 0x0, 0x0, 0x0, 0x0,
    0x0, 0x0, 0x0, 0x0, 0x0, 0x8, 0x5f, 0xc4,
    0xfa, 0xff, 0xff, 0xe4, 0x95, 0x23, 0x0, 0x0,
    0x0, 0x0, 0x0, 0x0, 0x0, 0x2c, 0xd6, 0xfd,
    0xb3, 0x6d, 0x53, 0x5f, 0x94, 0xeb, 0xf6, 0x5d,
    0x0, 0x0, 0x0, 0x0, 0x0, 0x2e, 0xf5, 0xda,
    0x30, 0x0, 0x0, 0x0, 0x0, 0x0, 0xf, 0xa0,
    0xff, 0x6c, 0x0, 0x0, 0x0, 0xb, 0xd9, 0xdc,
    0x14, 0x0, 0x0, 0x0, 0x0, 0x0, 0x0, 0x0,
    0x0, 0x98, 0xf8, 0x30, 0x0, 0x0, 0x77, 0xff,
    0x3a, 0x0, 0x1, 0x77, 0xe0, 0xf9, 0xcd, 0x44,
    0xff, 0x70, 0x6, 0xda, 0xbc, 0x0, 0x0, 0xd2,
    0xc5, 0x0, 0x0, 0x92, 0xff, 0xd0, 0x8e, 0xc0,
    0xfc, 0xff, 0x70, 0x0, 0x65, 0xff, 0x1e, 0x2,
    0xfa, 0x83, 0x0, 0x24, 0xfe, 0xb6, 0x4, 0x0,
    0x0, 0x94, 0xff, 0x70, 0x0, 0x1d, 0xff, 0x5a,
    0x19, 0xff, 0x6d, 0x0, 0x61, 0xff, 0x45, 0x0,
    0x0, 0x0, 0x20, 0xff, 0x70, 0x0, 0x2, 0xfc,
    0x75, 0xd, 0xff, 0x7d, 0x0, 0x68, 0xff, 0x34,
    0x0, 0x0, 0x0, 0xe, 0xff, 0x70, 0x0, 0x1,
    0xfc, 0x6a, 0x0, 0xdb, 0xb5, 0x0, 0x39, 0xff,
    0x74, 0x0, 0x0, 0x0, 0x4d, 0xff, 0x76, 0x0,
    0x1e, 0xff, 0x49, 0x0, 0x7b, 0xfa, 0x23, 0x0,
    0xbe, 0xf3, 0x60, 0x19, 0x4b, 0xe3, 0xf7, 0xc4,
    0x1c, 0x94, 0xe6, 0x6, 0x0, 0x16, 0xed, 0xc0,
    0x5, 0x11, 0xb2, 0xff, 0xff, 0xfb, 0x8a, 0x43,
    0xf2, 0xff, 0xf4, 0x4d, 0x0, 0x0, 0x0, 0x49,
    0xfd, 0xb4, 0xf, 0x0, 0x1b, 0x35, 0x13, 0x0,
    0x0, 0xf, 0x34, 0xf, 0x0, 0x0, 0x0, 0x0,
    0x0, 0x51, 0xf0, 0xeb, 0x81, 0x3c, 0x22, 0x2b,
    0x56, 0x33, 0x0, 0x0, 0x0, 0x0, 0x0, 0x0,
    0x0, 0x0, 0x0, 0x1f, 0x9e, 0xf3, 0xff, 0xff,
    0xff, 0xfd, 0x8c, 0x0, 0x0, 0x0, 0x0, 0x0,
    0x0, 0x0, 0x0, 0x0, 0x0, 0x0, 0x6, 0x31,
    0x47, 0x39, 0x14, 0x0, 0x0, 0x0, 0x0, 0x0,
    0x0,

    /* U+0041 "A" */
    0x0, 0x0, 0x0, 0x0, 0x0, 0x8e, 0xff, 0xe5,
    0x3, 0x0, 0x0, 0x0, 0x0, 0x0, 0x0, 0x0,
    0x0, 0x0, 0x5, 0xea, 0xfd, 0xff, 0x4b, 0x0,
    0x0, 0x0, 0x0, 0x0, 0x0, 0x0, 0x0, 0x0,
    0x53, 0xff, 0x83, 0xfb, 0xae, 0x0, 0x0, 0x0,
    0x0, 0x0, 0x0, 0x0, 0x0, 0x0, 0xb6, 0xfa,
    0x14, 0xb4, 0xfa, 0x16, 0x0, 0x0, 0x0, 0x0,
    0x0, 0x0, 0x0, 0x1c, 0xfd, 0xb1, 0x0, 0x56,
    0xff, 0x74, 0x0, 0x0, 0x0, 0x0, 0x0, 0x0,
    0x0, 0x7c, 0xff, 0x53, 0x0, 0x7, 0xef, 0xd7,
    0x0, 0x0, 0x0, 0x0, 0x0, 0x0, 0x1, 0xdd,
    0xee, 0x6, 0x0, 0x0, 0x9a, 0xff, 0x3a, 0x0,
    0x0, 0x0, 0x0, 0x0, 0x42, 0xff, 0x96, 0x0,
    0x0, 0x0, 0x3b, 0xff, 0x9c, 0x0, 0x0, 0x0,
    0x0, 0x0, 0xa4, 0xff, 0xce, 0xb4, 0xb4, 0xb4,
    0xb4, 0xfe, 0xf3, 0xc, 0x0, 0x0, 0x0, 0x10,
    0xf6, 0xff, 0xff, 0xff, 0xff, 0xff, 0xff, 0xff,
    0xff, 0x62, 0x0, 0x0, 0x0, 0x6a, 0xff, 0x82,
    0x0, 0x0, 0x0, 0x0, 0x0, 0x21, 0xff, 0xc5,
    0x0, 0x0, 0x0, 0xcd, 0xff, 0x28, 0x0, 0x0,
    0x0, 0x0, 0x0, 0x0, 0xc9, 0xff, 0x28, 0x0,
    0x30, 0xff, 0xce, 0x0, 0x0, 0x0, 0x0, 0x0,
    0x0, 0x0, 0x71, 0xff, 0x8b, 0x0, 0x93, 0xff,
    0x74, 0x0, 0x0, 0x0, 0x0, 0x0, 0x0, 0x0,
    0x1a, 0xfd, 0xe9, 0x5,

    /* U+0042 "B" */
    0x90, 0xff, 0xff, 0xff, 0xff, 0xfe, 0xe5, 0x92,
    0x10, 0x0, 0x0, 0x90, 0xff, 0xcf, 0xbc, 0xbc,
    0xbe, 0xe7, 0xff, 0xd7, 0xf, 0x0, 0x90, 0xff,
    0x48, 0x0, 0x0, 0x0, 0x6, 0xaa, 0xff, 0x81,
    0x0, 0x90, 0xff, 0x48, 0x0, 0x0, 0x0, 0x0,
    0x28, 0xff, 0xba, 0x0, 0x90, 0xff, 0x48, 0x0,
    0x0, 0x0, 0x0, 0x3e, 0xff, 0xaa, 0x0, 0x90,
    0xff, 0x48, 0x0, 0x0, 0x3, 0x35, 0xd6, 0xfe,
    0x47, 0x0, 0x90, 0xff, 0xff, 0xff, 0xff, 0xff,
    0xff, 0xf7, 0x52, 0x0, 0x0, 0x90, 0xff, 0xc9,
    0xb4, 0xb4, 0xb4, 0xcf, 0xff, 0xd4, 0x22, 0x0,
    0x90, 0xff, 0x48, 0x0, 0x0, 0x0, 0x0, 0x52,
    0xfe, 0xcf, 0x1, 0x90, 0xff, 0x48, 0x0, 0x0,
    0x0, 0x0, 0x0, 0xbe, 0xff, 0x27, 0x90, 0xff,
    0x48, 0x0, 0x0, 0x0, 0x0, 0x0, 0xbf, 0xff,
    0x2e, 0x90, 0xff, 0x48, 0x0, 0x0, 0x0, 0x0,
    0x53, 0xfe, 0xe7, 0x4, 0x90, 0xff, 0xcf, 0xbc,
    0xbc, 0xbc, 0xd4, 0xff, 0xfb, 0x4d, 0x0, 0x90,
    0xff, 0xff, 0xff, 0xff, 0xff, 0xf2, 0xb7, 0x38,
    0x0, 0x0,

    /* U+0043 "C" */
    0x0, 0x0, 0x0, 0x0, 0x22, 0x8d, 0xd1, 0xf0,
    0xf7, 0xde, 0x9e, 0x37, 0x0, 0x0, 0x0, 0x0,
    0x1, 0x7b, 0xfb, 0xff, 0xf3, 0xca, 0xc4, 0xe7,
    0xff, 0xfe, 0x90, 0x2, 0x0, 0x0, 0x90, 0xff,
    0xe4, 0x57, 0x4, 0x0, 0x0, 0x1, 0x42, 0xd6,
    0xef, 0x2a, 0x0, 0x4f, 0xff, 0xdc, 0x17, 0x0,
    0x0, 0x0, 0x0, 0x0, 0x0, 0x10, 0x29, 0x0,
    0x0, 0xcd, 0xff, 0x3b, 0x0, 0x0, 0x0, 0x0,
    0x0, 0x0, 0x0, 0x0, 0x0, 0x0, 0x18, 0xff,
    0xd6, 0x0, 0x0, 0x0, 0x0, 0x0, 0x0, 0x0,
    0x0, 0x0, 0x0, 0x0, 0x38, 0xff, 0xab, 0x0,
    0x0, 0x0, 0x0, 0x0, 0x0, 0x0, 0x0, 0x0,
    0x0, 0x0, 0x39, 0xff, 0xaa, 0x0, 0x0, 0x0,
    0x0, 0x0, 0x0, 0x0, 0x0, 0x0, 0x0, 0x0,
    0x18, 0xff, 0xd5, 0x0, 0x0, 0x0, 0x0, 0x0,
    0x0, 0x0, 0x0, 0x0, 0x0, 0x0, 0x0, 0xcd,
    0xff, 0x3a, 0x0, 0x0, 0x0, 0x0, 0x0, 0x0,
    0x0, 0x0, 0x0, 0x0, 0x0, 0x50, 0xff, 0xdb,
    0x17, 0x0, 0x0, 0x0, 0x0, 0x0, 0x0, 0x6,
    0x72, 0x7, 0x0, 0x0, 0x94, 0xff, 0xe4, 0x57,
    0x4, 0x0, 0x0, 0x1, 0x3d, 0xcb, 0xff, 0x95,
    0x0, 0x0, 0x2, 0x7e, 0xfc, 0xff, 0xf2, 0xc9,
    0xc4, 0xe6, 0xff, 0xff, 0xb2, 0xe, 0x0, 0x0,
    0x0, 0x0, 0x24, 0x8e, 0xd2, 0xf2, 0xf7, 0xde,
    0xa1, 0x43, 0x0, 0x0,

    /* U+0044 "D" */
    0x90, 0xff, 0xff, 0xff, 0xff, 0xf2, 0xd5, 0x94,
    0x2a, 0x0, 0x0, 0x0, 0x0, 0x90, 0xff, 0xcf,
    0xbc, 0xbc, 0xc9, 0xf0, 0xff, 0xfd, 0x84, 0x2,
    0x0, 0x0, 0x90, 0xff, 0x48, 0x0, 0x0, 0x0,
    0x3, 0x4d, 0xdf, 0xff, 0x8c, 0x0, 0x0, 0x90,
    0xff, 0x48, 0x0, 0x0, 0x0, 0x0, 0x0, 0x16,
    0xdf, 0xff, 0x39, 0x0, 0x90, 0xff, 0x48, 0x0,
    0x0, 0x0, 0x0, 0x0, 0x0, 0x52, 0xff, 0xaa,
    0x0, 0x90, 0xff, 0x48, 0x0, 0x0, 0x0, 0x0,
    0x0, 0x0, 0x6, 0xf5, 0xec, 0x0, 0x90, 0xff,
    0x48, 0x0, 0x0, 0x0, 0x0, 0x0, 0x0, 0x0,
    0xd6, 0xff, 0x9, 0x90, 0xff, 0x48, 0x0, 0x0,
    0x0, 0x0, 0x0, 0x0, 0x0, 0xd7, 0xff, 0x8,
    0x90, 0xff, 0x48, 0x0, 0x0, 0x0, 0x0, 0x0,
    0x0, 0x5, 0xf5, 0xed, 0x0, 0x90, 0xff, 0x48,
    0x0, 0x0, 0x0, 0x0, 0x0, 0x0, 0x51, 0xff,
    0xab, 0x0, 0x90, 0xff, 0x48, 0x0, 0x0, 0x0,
    0x0, 0x0, 0x14, 0xde, 0xff, 0x3b, 0x0, 0x90,
    0xff, 0x48, 0x0, 0x0, 0x0, 0x2, 0x4b, 0xdd,
    0xff, 0x8f, 0x0, 0x0, 0x90, 0xff, 0xcf, 0xbc,
    0xbc, 0xc8, 0xef, 0xff, 0xfe, 0x88, 0x2, 0x0,
    0x0, 0x90, 0xff, 0xff, 0xff, 0xff, 0xf3, 0xd6,
    0x95, 0x2c, 0x0, 0x0, 0x0, 0x0,

    /* U+0045 "E" */
    0x90, 0xff, 0xff, 0xff, 0xff, 0xff, 0xff, 0xff,
    0xcc, 0x90, 0xff, 0xcf, 0xbc, 0xbc, 0xbc, 0xbc,
    0xbc, 0x95, 0x90, 0xff, 0x48, 0x0, 0x0, 0x0,
    0x0, 0x0, 0x0, 0x90, 0xff, 0x48, 0x0, 0x0,
    0x0, 0x0, 0x0, 0x0, 0x90, 0xff, 0x48, 0x0,
    0x0, 0x0, 0x0, 0x0, 0x0, 0x90, 0xff, 0x48,
    0x0, 0x0, 0x0, 0x0, 0x0, 0x0, 0x90, 0xff,
    0xff, 0xff, 0xff, 0xff, 0xff, 0xff, 0x28, 0x90,
    0xff, 0xc9, 0xb4, 0xb4, 0xb4, 0xb4, 0xb4, 0x1c,
    0x90, 0xff, 0x48, 0x0, 0x0, 0x0, 0x0, 0x0,
    0x0, 0x90, 0xff, 0x48, 0x0, 0x0, 0x0, 0x0,
    0x0, 0x0, 0x90, 0xff, 0x48, 0x0, 0x0, 0x0,
    0x0, 0x0, 0x0, 0x90, 0xff, 0x48, 0x0, 0x0,
    0x0, 0x0, 0x0, 0x0, 0x90, 0xff, 0xcf, 0xbc,
    0xbc, 0xbc, 0xbc, 0xbc, 0x95, 0x90, 0xff, 0xff,
    0xff, 0xff, 0xff, 0xff, 0xff, 0xcc,

    /* U+0046 "F" */
    0x90, 0xff, 0xff, 0xff, 0xff, 0xff, 0xff, 0xff,
    0xcc, 0x90, 0xff, 0xcf, 0xbc, 0xbc, 0xbc, 0xbc,
    0xbc, 0x95, 0x90, 0xff, 0x48, 0x0, 0x0, 0x0,
    0x0, 0x0, 0x0, 0x90, 0xff, 0x48, 0x0, 0x0,
    0x0, 0x0, 0x0, 0x0, 0x90, 0xff, 0x48, 0x0,
    0x0, 0x0, 0x0, 0x0, 0x0, 0x90, 0xff, 0x48,
    0x0, 0x0, 0x0, 0x0, 0x0, 0x0, 0x90, 0xff,
    0xc9, 0xb4, 0xb4, 0xb4, 0xb4, 0xb4, 0x1c, 0x90,
    0xff, 0xff, 0xff, 0xff, 0xff, 0xff, 0xff, 0x28,
    0x90, 0xff, 0x48, 0x0, 0x0, 0x0, 0x0, 0x0,
    0x0, 0x90, 0xff, 0x48, 0x0, 0x0, 0x0, 0x0,
    0x0, 0x0, 0x90, 0xff, 0x48, 0x0, 0x0, 0x0,
    0x0, 0x0, 0x0, 0x90, 0xff, 0x48, 0x0, 0x0,
    0x0, 0x0, 0x0, 0x0, 0x90, 0xff, 0x48, 0x0,
    0x0, 0x0, 0x0, 0x0, 0x0, 0x90, 0xff, 0x48,
    0x0, 0x0, 0x0, 0x0, 0x0, 0x0,

    /* U+0047 "G" */
    0x0, 0x0, 0x0, 0x0, 0x1d, 0x89, 0xcf, 0xf0,
    0xf7, 0xe0, 0xa6, 0x4a, 0x0, 0x0, 0x0, 0x0,
    0x0, 0x0, 0x0, 0x71, 0xf9, 0xff, 0xf4, 0xca,
    0xc3, 0xe1, 0xff, 0xff, 0xbb, 0x11, 0x0, 0x0,
    0x0, 0x0, 0x86, 0xff, 0xe8, 0x5c, 0x5, 0x0,
    0x0, 0x0, 0x29, 0xa8, 0xcb, 0x1a, 0x0, 0x0,
    0x0, 0x47, 0xff, 0xe0, 0x1b, 0x0, 0x0, 0x0,
    0x0, 0x0, 0x0, 0x0, 0x4, 0x0, 0x0, 0x0,
    0x0, 0xc8, 0xff, 0x41, 0x0, 0x0, 0x0, 0x0,
    0x0, 0x0, 0x0, 0x0, 0x0, 0x0, 0x0, 0x0,
    0x17, 0xff, 0xd8, 0x0, 0x0, 0x0, 0x0, 0x0,
    0x0, 0x0, 0x0, 0x0, 0x0, 0x0, 0x0, 0x0,
    0x38, 0xff, 0xab, 0x0, 0x0, 0x0, 0x0, 0x0,
    0xd0, 0xff, 0xff, 0xff, 0xff, 0xff, 0xff, 0x2a,
    0x39, 0xff, 0xab, 0x0, 0x0, 0x0, 0x0, 0x0,
    0x92, 0xb4, 0xb4, 0xb4, 0xb4, 0xe5, 0xff, 0x2f,
    0x17, 0xff, 0xd8, 0x0, 0x0, 0x0, 0x0, 0x0,
    0x0, 0x0, 0x0, 0x0, 0x0, 0xc8, 0xff, 0x15,
    0x0, 0xc8, 0xff, 0x41, 0x0, 0x0, 0x0, 0x0,
    0x0, 0x0, 0x0, 0x0, 0x22, 0xfd, 0xd7, 0x0,
    0x0, 0x48, 0xff, 0xe0, 0x1b, 0x0, 0x0, 0x0,
    0x0, 0x0, 0x0, 0x6, 0xbe, 0xff, 0x6a, 0x0,
    0x0, 0x0, 0x86, 0xff, 0xe7, 0x5b, 0x5, 0x0,
    0x0, 0x0, 0x34, 0xc6, 0xff, 0xb9, 0x3, 0x0,
    0x0, 0x0, 0x0, 0x72, 0xf9, 0xff, 0xf3, 0xc9,
    0xc2, 0xe2, 0xff, 0xff, 0xa9, 0x9, 0x0, 0x0,
    0x0, 0x0, 0x0, 0x0, 0x1e, 0x8a, 0xd0, 0xf2,
    0xf8, 0xe1, 0xa6, 0x43, 0x0, 0x0, 0x0, 0x0,

    /* U+0048 "H" */
    0x90, 0xff, 0x48, 0x0, 0x0, 0x0, 0x0, 0x0,
    0x0, 0x90, 0xff, 0x48, 0x90, 0xff, 0x48, 0x0,
    0x0, 0x0, 0x0, 0x0, 0x0, 0x90, 0xff, 0x48,
    0x90, 0xff, 0x48, 0x0, 0x0, 0x0, 0x0, 0x0,
    0x0, 0x90, 0xff, 0x48, 0x90, 0xff, 0x48, 0x0,
    0x0, 0x0, 0x0, 0x0, 0x0, 0x90, 0xff, 0x48,
    0x90, 0xff, 0x48, 0x0, 0x0, 0x0, 0x0, 0x0,
    0x0, 0x90, 0xff, 0x48, 0x90, 0xff, 0x48, 0x0,
    0x0, 0x0, 0x0, 0x0, 0x0, 0x90, 0xff, 0x48,
    0x90, 0xff, 0xff, 0xff, 0xff, 0xff, 0xff, 0xff,
    0xff, 0xff, 0xff, 0x48, 0x90, 0xff, 0xc9, 0xb4,
    0xb4, 0xb4, 0xb4, 0xb4, 0xb4, 0xde, 0xff, 0x48,
    0x90, 0xff, 0x48, 0x0, 0x0, 0x0, 0x0, 0x0,
    0x0, 0x90, 0xff, 0x48, 0x90, 0xff, 0x48, 0x0,
    0x0, 0x0, 0x0, 0x0, 0x0, 0x90, 0xff, 0x48,
    0x90, 0xff, 0x48, 0x0, 0x0, 0x0, 0x0, 0x0,
    0x0, 0x90, 0xff, 0x48, 0x90, 0xff, 0x48, 0x0,
    0x0, 0x0, 0x0, 0x0, 0x0, 0x90, 0xff, 0x48,
    0x90, 0xff, 0x48, 0x0, 0x0, 0x0, 0x0, 0x0,
    0x0, 0x90, 0xff, 0x48, 0x90, 0xff, 0x48, 0x0,
    0x0, 0x0, 0x0, 0x0, 0x0, 0x90, 0xff, 0x48,

    /* U+0049 "I" */
    0x90, 0xff, 0x48, 0x90, 0xff, 0x48, 0x90, 0xff,
    0x48, 0x90, 0xff, 0x48, 0x90, 0xff, 0x48, 0x90,
    0xff, 0x48, 0x90, 0xff, 0x48, 0x90, 0xff, 0x48,
    0x90, 0xff, 0x48, 0x90, 0xff, 0x48, 0x90, 0xff,
    0x48, 0x90, 0xff, 0x48, 0x90, 0xff, 0x48, 0x90,
    0xff, 0x48,

    /* U+004A "J" */
    0x0, 0x0, 0x0, 0x0, 0x0, 0x0, 0x0, 0x90,
    0xff, 0x48, 0x0, 0x0, 0x0, 0x0, 0x0, 0x0,
    0x0, 0x90, 0xff, 0x48, 0x0, 0x0, 0x0, 0x0,
    0x0, 0x0, 0x0, 0x90, 0xff, 0x48, 0x0, 0x0,
    0x0, 0x0, 0x0, 0x0, 0x0, 0x90, 0xff, 0x48,
    0x0, 0x0, 0x0, 0x0, 0x0, 0x0, 0x0, 0x90,
    0xff, 0x48, 0x0, 0x0, 0x0, 0x0, 0x0, 0x0,
    0x0, 0x90, 0xff, 0x48, 0x0, 0x0, 0x0, 0x0,
    0x0, 0x0, 0x0, 0x90, 0xff, 0x48, 0x0, 0x0,
    0x0, 0x0, 0x0, 0x0, 0x0, 0x90, 0xff, 0x48,
    0x0, 0x0, 0x0, 0x0, 0x0, 0x0, 0x0, 0x90,
    0xff, 0x48, 0x0, 0x0, 0x0, 0x0, 0x0, 0x0,
    0x0, 0x94, 0xff, 0x44, 0x27, 0x9e, 0x5e, 0x0,
    0x0, 0x0, 0x0, 0xbd, 0xff, 0x2d, 0x2d, 0xfe,
    0xe9, 0x2b, 0x0, 0x0, 0x57, 0xff, 0xe4, 0x2,
    0x0, 0x82, 0xff, 0xfb, 0xcc, 0xd6, 0xff, 0xfe,
    0x55, 0x0, 0x0, 0x0, 0x56, 0xc5, 0xf0, 0xf4,
    0xc0, 0x45, 0x0, 0x0,

    /* U+004B "K" */
    0x90, 0xff, 0x48, 0x0, 0x0, 0x0, 0x0, 0x6,
    0xc0, 0xff, 0xaa, 0x1, 0x90, 0xff, 0x48, 0x0,
    0x0, 0x0, 0x1, 0xa4, 0xff, 0xc1, 0x7, 0x0,
    0x90, 0xff, 0x48, 0x0, 0x0, 0x0, 0x85, 0xff,
    0xd5, 0x11, 0x0, 0x0, 0x90, 0xff, 0x48, 0x0,
    0x0, 0x64, 0xff, 0xe5, 0x1e, 0x0, 0x0, 0x0,
    0x90, 0xff, 0x48, 0x0, 0x47, 0xfb, 0xf1, 0x2f,
    0x0, 0x0, 0x0, 0x0, 0x90, 0xff, 0x48, 0x2f,
    0xf2, 0xfa, 0x44, 0x0, 0x0, 0x0, 0x0, 0x0,
    0x90, 0xff, 0x64, 0xe4, 0xff, 0xec, 0x18, 0x0,
    0x0, 0x0, 0x0, 0x0, 0x90, 0xff, 0xf5, 0xff,
    0xc9, 0xff, 0xb9, 0x1, 0x0, 0x0, 0x0, 0x0,
    0x90, 0xff, 0xff, 0x96, 0x4, 0xc6, 0xff, 0x73,
    0x0, 0x0, 0x0, 0x0, 0x90, 0xff, 0xb2, 0x3,
    0x0, 0x21, 0xf1, 0xf9, 0x31, 0x0, 0x0, 0x0,
    0x90, 0xff, 0x48, 0x0, 0x0, 0x0, 0x5c, 0xff,
    0xd8, 0xa, 0x0, 0x0, 0x90, 0xff, 0x48, 0x0,
    0x0, 0x0, 0x0, 0xa5, 0xff, 0x9b, 0x0, 0x0,
    0x90, 0xff, 0x48, 0x0, 0x0, 0x0, 0x0, 0xf,
    0xdf, 0xff, 0x53, 0x0, 0x90, 0xff, 0x48, 0x0,
    0x0, 0x0, 0x0, 0x0, 0x3b, 0xfc, 0xee, 0x1d,

    /* U+004C "L" */
    0x90, 0xff, 0x48, 0x0, 0x0, 0x0, 0x0, 0x0,
    0x0, 0x90, 0xff, 0x48, 0x0, 0x0, 0x0, 0x0,
    0x0, 0x0, 0x90, 0xff, 0x48, 0x0, 0x0, 0x0,
    0x0, 0x0, 0x0, 0x90, 0xff, 0x48, 0x0, 0x0,
    0x0, 0x0, 0x0, 0x0, 0x90, 0xff, 0x48, 0x0,
    0x0, 0x0, 0x0, 0x0, 0x0, 0x90, 0xff, 0x48,
    0x0, 0x0, 0x0, 0x0, 0x0, 0x0, 0x90, 0xff,
    0x48, 0x0, 0x0, 0x0, 0x0, 0x0, 0x0, 0x90,
    0xff, 0x48, 0x0, 0x0, 0x0, 0x0, 0x0, 0x0,
    0x90, 0xff, 0x48, 0x0, 0x0, 0x0, 0x0, 0x0,
    0x0, 0x90, 0xff, 0x48, 0x0, 0x0, 0x0, 0x0,
    0x0, 0x0, 0x90, 0xff, 0x48, 0x0, 0x0, 0x0,
    0x0, 0x0, 0x0, 0x90, 0xff, 0x48, 0x0, 0x0,
    0x0, 0x0, 0x0, 0x0, 0x90, 0xff, 0xcf, 0xbc,
    0xbc, 0xbc, 0xbc, 0xbc, 0x5b, 0x90, 0xff, 0xff,
    0xff, 0xff, 0xff, 0xff, 0xff, 0x7c,

    /* U+004D "M" */
    0x90, 0xff, 0x92, 0x0, 0x0, 0x0, 0x0, 0x0,
    0x0, 0x0, 0x0, 0x10, 0xea, 0xff, 0x28, 0x90,
    0xff, 0xfb, 0x2c, 0x0, 0x0, 0x0, 0x0, 0x0,
    0x0, 0x0, 0x90, 0xff, 0xff, 0x28, 0x90, 0xff,
    0xff, 0xbd, 0x0, 0x0, 0x0, 0x0, 0x0, 0x0,
    0x29, 0xfb, 0xff, 0xff, 0x28, 0x90, 0xff, 0xd4,
    0xff, 0x53, 0x0, 0x0, 0x0, 0x0, 0x0, 0xb9,
    0xfe, 0xd3, 0xff, 0x28, 0x90, 0xff, 0x56, 0xf2,
    0xdf, 0x8, 0x0, 0x0, 0x0, 0x4f, 0xff, 0xa3,
    0xa4, 0xff, 0x28, 0x90, 0xff, 0x45, 0x76, 0xff,
    0x7e, 0x0, 0x0, 0x7, 0xdc, 0xf4, 0x1a, 0xad,
    0xff, 0x28, 0x90, 0xff, 0x48, 0x6, 0xda, 0xf5,
    0x1d, 0x0, 0x79, 0xff, 0x79, 0x0, 0xb0, 0xff,
    0x28, 0x90, 0xff, 0x48, 0x0, 0x4c, 0xff, 0xa9,
    0x1a, 0xf3, 0xdd, 0x7, 0x0, 0xb0, 0xff, 0x28,
    0x90, 0xff, 0x48, 0x0, 0x0, 0xb6, 0xff, 0xcb,
    0xff, 0x50, 0x0, 0x0, 0xb0, 0xff, 0x28, 0x90,
    0xff, 0x48, 0x0, 0x0, 0x27, 0xfa, 0xff, 0xbb,
    0x0, 0x0, 0x0, 0xb0, 0xff, 0x28, 0x90, 0xff,
    0x48, 0x0, 0x0, 0x0, 0x8c, 0xfb, 0x2b, 0x0,
    0x0, 0x0, 0xb0, 0xff, 0x28, 0x90, 0xff, 0x48,
    0x0, 0x0, 0x0, 0x1, 0x6, 0x0, 0x0, 0x0,
    0x0, 0xb0, 0xff, 0x28, 0x90, 0xff, 0x48, 0x0,
    0x0, 0x0, 0x0, 0x0, 0x0, 0x0, 0x0, 0x0,
    0xb0, 0xff, 0x28, 0x90, 0xff, 0x48, 0x0, 0x0,
    0x0, 0x0, 0x0, 0x0, 0x0, 0x0, 0x0, 0xb0,
    0xff, 0x28,

    /* U+004E "N" */
    0x90, 0xff, 0xec, 0x15, 0x0, 0x0, 0x0, 0x0,
    0x0, 0x5c, 0xff, 0x7c, 0x90, 0xff, 0xff, 0xa4,
    0x0, 0x0, 0x0, 0x0, 0x0, 0x5c, 0xff, 0x7c,
    0x90, 0xff, 0xe9, 0xff, 0x48, 0x0, 0x0, 0x0,
    0x0, 0x5c, 0xff, 0x7c, 0x90, 0xff, 0x63, 0xf8,
    0xe0, 0xb, 0x0, 0x0, 0x0, 0x5c, 0xff, 0x7c,
    0x90, 0xff, 0x42, 0x7e, 0xff, 0x8f, 0x0, 0x0,
    0x0, 0x5c, 0xff, 0x7c, 0x90, 0xff, 0x47, 0x6,
    0xd5, 0xfd, 0x35, 0x0, 0x0, 0x5c, 0xff, 0x7c,
    0x90, 0xff, 0x48, 0x0, 0x3a, 0xfe, 0xd1, 0x4,
    0x0, 0x5c, 0xff, 0x7c, 0x90, 0xff, 0x48, 0x0,
    0x0, 0x95, 0xff, 0x79, 0x0, 0x5c, 0xff, 0x7c,
    0x90, 0xff, 0x48, 0x0, 0x0, 0xe, 0xe3, 0xf7,
    0x25, 0x5a, 0xff, 0x7c, 0x90, 0xff, 0x48, 0x0,
    0x0, 0x0, 0x4e, 0xff, 0xbe, 0x53, 0xff, 0x7c,
    0x90, 0xff, 0x48, 0x0, 0x0, 0x0, 0x0, 0xab,
    0xff, 0xb0, 0xff, 0x7c, 0x90, 0xff, 0x48, 0x0,
    0x0, 0x0, 0x0, 0x18, 0xef, 0xff, 0xff, 0x7c,
    0x90, 0xff, 0x48, 0x0, 0x0, 0x0, 0x0, 0x0,
    0x65, 0xff, 0xff, 0x7c, 0x90, 0xff, 0x48, 0x0,
    0x0, 0x0, 0x0, 0x0, 0x1, 0xc0, 0xff, 0x7c,

    /* U+004F "O" */
    0x0, 0x0, 0x0, 0x0, 0x24, 0x90, 0xd4, 0xf2,
    0xf6, 0xdc, 0x9e, 0x38, 0x0, 0x0, 0x0, 0x0,
    0x0, 0x0, 0x1, 0x7c, 0xfb, 0xff, 0xf0, 0xc9,
    0xc5, 0xe8, 0xff, 0xff, 0xa0, 0x9, 0x0, 0x0,
    0x0, 0x0, 0x90, 0xff, 0xe4, 0x55, 0x4, 0x0,
    0x0, 0x0, 0x3e, 0xcd, 0xff, 0xba, 0x4, 0x0,
    0x0, 0x4e, 0xff, 0xdd, 0x17, 0x0, 0x0, 0x0,
    0x0, 0x0, 0x0, 0x8, 0xbc, 0xff, 0x7c, 0x0,
    0x0, 0xcc, 0xff, 0x3e, 0x0, 0x0, 0x0, 0x0,
    0x0, 0x0, 0x0, 0x0, 0x17, 0xf3, 0xf2, 0x8,
    0x18, 0xff, 0xd7, 0x0, 0x0, 0x0, 0x0, 0x0,
    0x0, 0x0, 0x0, 0x0, 0x0, 0xa4, 0xff, 0x46,
    0x38, 0xff, 0xab, 0x0, 0x0, 0x0, 0x0, 0x0,
    0x0, 0x0, 0x0, 0x0, 0x0, 0x78, 0xff, 0x68,
    0x39, 0xff, 0xaa, 0x0, 0x0, 0x0, 0x0, 0x0,
    0x0, 0x0, 0x0, 0x0, 0x0, 0x78, 0xff, 0x67,
    0x18, 0xff, 0xd7, 0x0, 0x0, 0x0, 0x0, 0x0,
    0x0, 0x0, 0x0, 0x0, 0x0, 0xa4, 0xff, 0x47,
    0x0, 0xcc, 0xff, 0x3d, 0x0, 0x0, 0x0, 0x0,
    0x0, 0x0, 0x0, 0x0, 0x17, 0xf3, 0xf3, 0x9,
    0x0, 0x4d, 0xff, 0xdc, 0x17, 0x0, 0x0, 0x0,
    0x0, 0x0, 0x0, 0x7, 0xbc, 0xff, 0x7e, 0x0,
    0x0, 0x0, 0x90, 0xff, 0xe3, 0x54, 0x3, 0x0,
    0x0, 0x0, 0x3d, 0xcc, 0xff, 0xbd, 0x5, 0x0,
    0x0, 0x0, 0x1, 0x7d, 0xfc, 0xff, 0xf0, 0xc7,
    0xc4, 0xe7, 0xff, 0xff, 0xa3, 0xa, 0x0, 0x0,
    0x0, 0x0, 0x0, 0x0, 0x25, 0x90, 0xd5, 0xf3,
    0xf7, 0xdd, 0x9f, 0x39, 0x0, 0x0, 0x0, 0x0,

    /* U+0050 "P" */
    0x90, 0xff, 0xff, 0xff, 0xff, 0xfa, 0xd8, 0x7c,
    0x6, 0x0, 0x90, 0xff, 0xcf, 0xbc, 0xbc, 0xc5,
    0xf2, 0xff, 0xc2, 0x7, 0x90, 0xff, 0x48, 0x0,
    0x0, 0x0, 0x13, 0xc1, 0xff, 0x74, 0x90, 0xff,
    0x48, 0x0, 0x0, 0x0, 0x0, 0x31, 0xff, 0xbd,
    0x90, 0xff, 0x48, 0x0, 0x0, 0x0, 0x0, 0x30,
    0xff, 0xbd, 0x90, 0xff, 0x48, 0x0, 0x0, 0x0,
    0x11, 0xbe, 0xff, 0x76, 0x90, 0xff, 0xcf, 0xbc,
    0xbc, 0xc4, 0xf2, 0xff, 0xc5, 0x8, 0x90, 0xff,
    0xff, 0xff, 0xff, 0xfb, 0xda, 0x7f, 0x8, 0x0,
    0x90, 0xff, 0x48, 0x0, 0x0, 0x0, 0x0, 0x0,
    0x0, 0x0, 0x90, 0xff, 0x48, 0x0, 0x0, 0x0,
    0x0, 0x0, 0x0, 0x0, 0x90, 0xff, 0x48, 0x0,
    0x0, 0x0, 0x0, 0x0, 0x0, 0x0, 0x90, 0xff,
    0x48, 0x0, 0x0, 0x0, 0x0, 0x0, 0x0, 0x0,
    0x90, 0xff, 0x48, 0x0, 0x0, 0x0, 0x0, 0x0,
    0x0, 0x0, 0x90, 0xff, 0x48, 0x0, 0x0, 0x0,
    0x0, 0x0, 0x0, 0x0,

    /* U+0051 "Q" */
    0x0, 0x0, 0x0, 0x0, 0x24, 0x90, 0xd4, 0xf2,
    0xf6, 0xdc, 0x9f, 0x39, 0x0, 0x0, 0x0, 0x0,
    0x0, 0x0, 0x1, 0x7c, 0xfb, 0xff, 0xf0, 0xc9,
    0xc5, 0xe8, 0xff, 0xff, 0xa2, 0xa, 0x0, 0x0,
    0x0, 0x0, 0x90, 0xff, 0xe4, 0x55, 0x4, 0x0,
    0x0, 0x0, 0x3e, 0xcd, 0xff, 0xbe, 0x5, 0x0,
    0x0, 0x4e, 0xff, 0xdd, 0x17, 0x0, 0x0, 0x0,
    0x0, 0x0, 0x0, 0x8, 0xbc, 0xff, 0x80, 0x0,
    0x0, 0xcc, 0xff, 0x3e, 0x0, 0x0, 0x0, 0x0,
    0x0, 0x0, 0x0, 0x0, 0x17, 0xf3, 0xf4, 0x9,
    0x18, 0xff, 0xd7, 0x0, 0x0, 0x0, 0x0, 0x0,
    0x0, 0x0, 0x0, 0x0, 0x0, 0xa4, 0xff, 0x48,
    0x38, 0xff, 0xab, 0x0, 0x0, 0x0, 0x0, 0x0,
    0x0, 0x0, 0x0, 0x0, 0x0, 0x78, 0xff, 0x68,
    0x39, 0xff, 0xaa, 0x0, 0x0, 0x0, 0x0, 0x0,
    0x0, 0x0, 0x0, 0x0, 0x0, 0x78, 0xff, 0x64,
    0x18, 0xff, 0xd7, 0x0, 0x0, 0x0, 0x0, 0x0,
    0x0, 0x11, 0x2f, 0x0, 0x0, 0xa3, 0xff, 0x40,
    0x0, 0xcc, 0xff, 0x3d, 0x0, 0x0, 0x0, 0x0,
    0x6, 0xdd, 0xe5, 0x14, 0x16, 0xf2, 0xea, 0x4,
    0x0, 0x4d, 0xff, 0xdc, 0x17, 0x0, 0x0, 0x0,
    0x0, 0x63, 0xff, 0xb3, 0xbb, 0xff, 0x6a, 0x0,
    0x0, 0x0, 0x90, 0xff, 0xe3, 0x54, 0x3, 0x0,
    0x0, 0x2, 0xc5, 0xff, 0xff, 0xa8, 0x2, 0x0,
    0x0, 0x0, 0x1, 0x7d, 0xfc, 0xff, 0xf0, 0xc7,
    0xc6, 0xeb, 0xff, 0xff, 0xff, 0x2e, 0x0, 0x0,
    0x0, 0x0, 0x0, 0x0, 0x25, 0x90, 0xd5, 0xf3,
    0xf4, 0xd5, 0x90, 0x65, 0xfe, 0xb7, 0x0, 0x0,
    0x0, 0x0, 0x0, 0x0, 0x0, 0x0, 0x0, 0x0,
    0x0, 0x0, 0x0, 0x0, 0x5f, 0x14, 0x0, 0x0,

    /* U+0052 "R" */
    0x90, 0xff, 0xff, 0xff, 0xff, 0xfa, 0xd8, 0x7c,
    0x6, 0x0, 0x0, 0x90, 0xff, 0xcf, 0xbc, 0xbc,
    0xc5, 0xf2, 0xff, 0xc2, 0x8, 0x0, 0x90, 0xff,
    0x48, 0x0, 0x0, 0x0, 0x13, 0xc1, 0xff, 0x76,
    0x0, 0x90, 0xff, 0x48, 0x0, 0x0, 0x0, 0x0,
    0x31, 0xff, 0xbe, 0x0, 0x90, 0xff, 0x48, 0x0,
    0x0, 0x0, 0x0, 0x30, 0xff, 0xb3, 0x0, 0x90,
    0xff, 0x48, 0x0, 0x0, 0x0, 0xf, 0xbb, 0xff,
    0x6a, 0x0, 0x90, 0xff, 0xc6, 0xb0, 0xb0, 0xbb,
    0xef, 0xff, 0xb5, 0x3, 0x0, 0x90, 0xff, 0xff,
    0xff, 0xff, 0xff, 0xd4, 0x6b, 0x2, 0x0, 0x0,
    0x90, 0xff, 0x48, 0x0, 0x5e, 0xff, 0xba, 0x0,
    0x0, 0x0, 0x0, 0x90, 0xff, 0x48, 0x0, 0x0,
    0xb8, 0xff, 0x64, 0x0, 0x0, 0x0, 0x90, 0xff,
    0x48, 0x0, 0x0, 0x1f, 0xf3, 0xf1, 0x1c, 0x0,
    0x0, 0x90, 0xff, 0x48, 0x0, 0x0, 0x0, 0x6e,
    0xff, 0xb5, 0x0, 0x0, 0x90, 0xff, 0x48, 0x0,
    0x0, 0x0, 0x2, 0xc6, 0xff, 0x5e, 0x0, 0x90,
    0xff, 0x48, 0x0, 0x0, 0x0, 0x0, 0x29, 0xf9,
    0xee, 0x18,

    /* U+0053 "S" */
    0x0, 0x0, 0x28, 0xa6, 0xe9, 0xf8, 0xda, 0x88,
    0x13, 0x0, 0x0, 0x0, 0x38, 0xf4, 0xff, 0xe4,
    0xc5, 0xeb, 0xff, 0xdd, 0x1f, 0x0, 0x0, 0xca,
    0xff, 0x78, 0x2, 0x0, 0x6, 0x90, 0xff, 0x9c,
    0x0, 0x0, 0xf8, 0xf0, 0x0, 0x0, 0x0, 0x0,
    0x3, 0x4a, 0x4, 0x0, 0x0, 0xd3, 0xfe, 0x38,
    0x0, 0x0, 0x0, 0x0, 0x0, 0x0, 0x0, 0x0,
    0x4c, 0xfc, 0xf9, 0x9a, 0x38, 0x0, 0x0, 0x0,
    0x0, 0x0, 0x0, 0x0, 0x3f, 0xcd, 0xff, 0xff,
    0xde, 0x7b, 0xe, 0x0, 0x0, 0x0, 0x0, 0x0,
    0x0, 0x2f, 0x87, 0xe3, 0xff, 0xe3, 0x2c, 0x0,
    0x0, 0x0, 0x0, 0x0, 0x0, 0x0, 0x4, 0x7a,
    0xff, 0xd1, 0x3, 0x0, 0x16, 0x18, 0x0, 0x0,
    0x0, 0x0, 0x0, 0xbc, 0xff, 0x2a, 0x4a, 0xfb,
    0xa3, 0x0, 0x0, 0x0, 0x0, 0x0, 0xb1, 0xff,
    0x3d, 0x9, 0xe8, 0xff, 0x81, 0x6, 0x0, 0x0,
    0x56, 0xfb, 0xf3, 0xd, 0x0, 0x34, 0xef, 0xff,
    0xec, 0xc5, 0xe0, 0xff, 0xfd, 0x5d, 0x0, 0x0,
    0x0, 0x1b, 0x94, 0xda, 0xf9, 0xe9, 0xab, 0x35,
    0x0, 0x0,

    /* U+0054 "T" */
    0x84, 0xff, 0xff, 0xff, 0xff, 0xff, 0xff, 0xff,
    0xff, 0xff, 0x50, 0x60, 0xbc, 0xbc, 0xbc, 0xdf,
    0xff, 0xd1, 0xbc, 0xbc, 0xbc, 0x3a, 0x0, 0x0,
    0x0, 0x0, 0x84, 0xff, 0x50, 0x0, 0x0, 0x0,
    0x0, 0x0, 0x0, 0x0, 0x0, 0x84, 0xff, 0x50,
    0x0, 0x0, 0x0, 0x0, 0x0, 0x0, 0x0, 0x0,
    0x84, 0xff, 0x50, 0x0, 0x0, 0x0, 0x0, 0x0,
    0x0, 0x0, 0x0, 0x84, 0xff, 0x50, 0x0, 0x0,
    0x0, 0x0, 0x0, 0x0, 0x0, 0x0, 0x84, 0xff,
    0x50, 0x0, 0x0, 0x0, 0x0, 0x0, 0x0, 0x0,
    0x0, 0x84, 0xff, 0x50, 0x0, 0x0, 0x0, 0x0,
    0x0, 0x0, 0x0, 0x0, 0x84, 0xff, 0x50, 0x0,
    0x0, 0x0, 0x0, 0x0, 0x0, 0x0, 0x0, 0x84,
    0xff, 0x50, 0x0, 0x0, 0x0, 0x0, 0x0, 0x0,
    0x0, 0x0, 0x84, 0xff, 0x50, 0x0, 0x0, 0x0,
    0x0, 0x0, 0x0, 0x0, 0x0, 0x84, 0xff, 0x50,
    0x0, 0x0, 0x0, 0x0, 0x0, 0x0, 0x0, 0x0,
    0x84, 0xff, 0x50, 0x0, 0x0, 0x0, 0x0, 0x0,
    0x0, 0x0, 0x0, 0x84, 0xff, 0x50, 0x0, 0x0,
    0x0, 0x0,

    /* U+0055 "U" */
    0xe0, 0xf4, 0x0, 0x0, 0x0, 0x0, 0x0, 0x0,
    0x20, 0xff, 0xb8, 0xe0, 0xf4, 0x0, 0x0, 0x0,
    0x0, 0x0, 0x0, 0x20, 0xff, 0xb8, 0xe0, 0xf4,
    0x0, 0x0, 0x0, 0x0, 0x0, 0x0, 0x20, 0xff,
    0xb8, 0xe0, 0xf4, 0x0, 0x0, 0x0, 0x0, 0x0,
    0x0, 0x20, 0xff, 0xb8, 0xe0, 0xf4, 0x0, 0x0,
    0x0, 0x0, 0x0, 0x0, 0x20, 0xff, 0xb8, 0xe0,
    0xf4, 0x0, 0x0, 0x0, 0x0, 0x0, 0x0, 0x20,
    0xff, 0xb8, 0xe0, 0xf4, 0x0, 0x0, 0x0, 0x0,
    0x0, 0x0, 0x20, 0xff, 0xb8, 0xe0, 0xf4, 0x0,
    0x0, 0x0, 0x0, 0x0, 0x0, 0x20, 0xff, 0xb8,
    0xde, 0xf6, 0x0, 0x0, 0x0, 0x0, 0x0, 0x0,
    0x22, 0xff, 0xb6, 0xcd, 0xff, 0x14, 0x0, 0x0,
    0x0, 0x0, 0x0, 0x41, 0xff, 0xa5, 0x95, 0xff,
    0x65, 0x0, 0x0, 0x0, 0x0, 0x0, 0x92, 0xff,
    0x71, 0x2b, 0xfb, 0xee, 0x49, 0x0, 0x0, 0x0,
    0x66, 0xfc, 0xf2, 0x14, 0x0, 0x65, 0xfd, 0xff,
    0xe3, 0xc6, 0xea, 0xff, 0xf8, 0x4e, 0x0, 0x0,
    0x0, 0x39, 0xaf, 0xeb, 0xfb, 0xe6, 0xa4, 0x2c,
    0x0, 0x0,

    /* U+0056 "V" */
    0x96, 0xff, 0x73, 0x0, 0x0, 0x0, 0x0, 0x0,
    0x0, 0x0, 0xd2, 0xff, 0x37, 0x3a, 0xff, 0xcc,
    0x0, 0x0, 0x0, 0x0, 0x0, 0x0, 0x2d, 0xff,
    0xd8, 0x0, 0x0, 0xdd, 0xff, 0x25, 0x0, 0x0,
    0x0, 0x0, 0x0, 0x8a, 0xff, 0x79, 0x0, 0x0,
    0x81, 0xff, 0x7d, 0x0, 0x0, 0x0, 0x0, 0x2,
    0xe3, 0xfd, 0x1d, 0x0, 0x0, 0x25, 0xff, 0xd5,
    0x0, 0x0, 0x0, 0x0, 0x42, 0xff, 0xbb, 0x0,
    0x0, 0x0, 0x0, 0xc9, 0xff, 0x2d, 0x0, 0x0,
    0x0, 0x9e, 0xff, 0x5c, 0x0, 0x0, 0x0, 0x0,
    0x6d, 0xff, 0x86, 0x0, 0x0, 0x8, 0xf1, 0xf2,
    0xa, 0x0, 0x0, 0x0, 0x0, 0x15, 0xfb, 0xdd,
    0x0, 0x0, 0x56, 0xff, 0x9d, 0x0, 0x0, 0x0,
    0x0, 0x0, 0x0, 0xb4, 0xff, 0x37, 0x0, 0xb2,
    0xff, 0x3e, 0x0, 0x0, 0x0, 0x0, 0x0, 0x0,
    0x58, 0xff, 0x8f, 0x13, 0xfa, 0xde, 0x1, 0x0,
    0x0, 0x0, 0x0, 0x0, 0x0, 0x9, 0xf1, 0xe5,
    0x6b, 0xff, 0x80, 0x0, 0x0, 0x0, 0x0, 0x0,
    0x0, 0x0, 0x0, 0x9f, 0xff, 0xed, 0xff, 0x22,
    0x0, 0x0, 0x0, 0x0, 0x0, 0x0, 0x0, 0x0,
    0x43, 0xff, 0xff, 0xc2, 0x0, 0x0, 0x0, 0x0,
    0x0, 0x0, 0x0, 0x0, 0x0, 0x2, 0xe4, 0xff,
    0x63, 0x0, 0x0, 0x0, 0x0, 0x0,

    /* U+0057 "W" */
    0x8c, 0xff, 0x5e, 0x0, 0x0, 0x0, 0x0, 0x0,
    0x0, 0x0, 0x0, 0x0, 0x0, 0x0, 0x0, 0x1,
    0xeb, 0xf5, 0x7, 0x43, 0xff, 0xa5, 0x0, 0x0,
    0x0, 0x0, 0x0, 0x12, 0x20, 0x5, 0x0, 0x0,
    0x0, 0x0, 0x30, 0xff, 0xb6, 0x0, 0x6, 0xf3,
    0xea, 0x1, 0x0, 0x0, 0x0, 0x0, 0xc6, 0xff,
    0x5d, 0x0, 0x0, 0x0, 0x0, 0x72, 0xff, 0x70,
    0x0, 0x0, 0xb1, 0xff, 0x32, 0x0, 0x0, 0x0,
    0x1e, 0xfe, 0xff, 0xb5, 0x0, 0x0, 0x0, 0x0,
    0xb5, 0xff, 0x2a, 0x0, 0x0, 0x68, 0xff, 0x78,
    0x0, 0x0, 0x0, 0x74, 0xff, 0xf6, 0xfa, 0x12,
    0x0, 0x0, 0x4, 0xf2, 0xe4, 0x0, 0x0, 0x0,
    0x1f, 0xff, 0xbf, 0x0, 0x0, 0x0, 0xca, 0xf7,
    0x77, 0xff, 0x63, 0x0, 0x0, 0x3a, 0xff, 0x9e,
    0x0, 0x0, 0x0, 0x0, 0xd7, 0xf9, 0xb, 0x0,
    0x21, 0xff, 0xaf, 0x17, 0xfd, 0xba, 0x0, 0x0,
    0x7c, 0xff, 0x58, 0x0, 0x0, 0x0, 0x0, 0x8e,
    0xff, 0x4c, 0x0, 0x78, 0xff, 0x5a, 0x0, 0xbf,
    0xfc, 0x15, 0x0, 0xbf, 0xfe, 0x14, 0x0, 0x0,
    0x0, 0x0, 0x45, 0xff, 0x92, 0x0, 0xce, 0xf7,
    0xd, 0x0, 0x6a, 0xff, 0x68, 0x8, 0xf8, 0xcc,
    0x0, 0x0, 0x0, 0x0, 0x0, 0x7, 0xf4, 0xd9,
    0x25, 0xff, 0xaf, 0x0, 0x0, 0x17, 0xfd, 0xbf,
    0x44, 0xff, 0x86, 0x0, 0x0, 0x0, 0x0, 0x0,
    0x0, 0xb3, 0xff, 0x9b, 0xff, 0x5a, 0x0, 0x0,
    0x0, 0xbf, 0xfd, 0x9f, 0xff, 0x40, 0x0, 0x0,
    0x0, 0x0, 0x0, 0x0, 0x6a, 0xff, 0xff, 0xf7,
    0xd, 0x0, 0x0, 0x0, 0x6a, 0xff, 0xff, 0xf4,
    0x6, 0x0, 0x0, 0x0, 0x0, 0x0, 0x0, 0x21,
    0xff, 0xff, 0xaf, 0x0, 0x0, 0x0, 0x0, 0x17,
    0xfd, 0xff, 0xb4, 0x0, 0x0, 0x0, 0x0, 0x0,
    0x0, 0x0, 0x0, 0xd8, 0xff, 0x5a, 0x0, 0x0,
    0x0, 0x0, 0x0, 0xbf, 0xff, 0x6e, 0x0, 0x0,
    0x0, 0x0,

    /* U+0058 "X" */
    0x1f, 0xf2, 0xf7, 0x27, 0x0, 0x0, 0x0, 0x0,
    0x0, 0x7c, 0xff, 0xb5, 0x0, 0x0, 0x67, 0xff,
    0xc3, 0x1, 0x0, 0x0, 0x0, 0x28, 0xf8, 0xef,
    0x1b, 0x0, 0x0, 0x0, 0xba, 0xff, 0x6b, 0x0,
    0x0, 0x2, 0xc5, 0xff, 0x5f, 0x0, 0x0, 0x0,
    0x0, 0x1e, 0xf1, 0xf3, 0x1e, 0x0, 0x6f, 0xff,
    0xb3, 0x0, 0x0, 0x0, 0x0, 0x0, 0x0, 0x65,
    0xff, 0xb7, 0x21, 0xf4, 0xee, 0x19, 0x0, 0x0,
    0x0, 0x0, 0x0, 0x0, 0x0, 0xb8, 0xff, 0xe3,
    0xff, 0x5c, 0x0, 0x0, 0x0, 0x0, 0x0, 0x0,
    0x0, 0x0, 0x1d, 0xfa, 0xff, 0xba, 0x0, 0x0,
    0x0, 0x0, 0x0, 0x0, 0x0, 0x0, 0x0, 0x5d,
    0xff, 0xff, 0xea, 0x15, 0x0, 0x0, 0x0, 0x0,
    0x0, 0x0, 0x0, 0x19, 0xee, 0xf7, 0x9e, 0xff,
    0xaa, 0x0, 0x0, 0x0, 0x0, 0x0, 0x0, 0x0,
    0xb1, 0xff, 0x76, 0x4, 0xce, 0xff, 0x53, 0x0,
    0x0, 0x0, 0x0, 0x0, 0x5c, 0xff, 0xc9, 0x3,
    0x0, 0x2f, 0xfa, 0xe9, 0x13, 0x0, 0x0, 0x0,
    0x18, 0xed, 0xf9, 0x2a, 0x0, 0x0, 0x0, 0x80,
    0xff, 0xa7, 0x0, 0x0, 0x0, 0xb0, 0xff, 0x7a,
    0x0, 0x0, 0x0, 0x0, 0x5, 0xd0, 0xff, 0x51,
    0x0, 0x5b, 0xff, 0xcc, 0x4, 0x0, 0x0, 0x0,
    0x0, 0x0, 0x31, 0xfb, 0xe8, 0x12,

    /* U+0059 "Y" */
    0x72, 0xff, 0xb6, 0x0, 0x0, 0x0, 0x0, 0x0,
    0x3, 0xce, 0xff, 0x52, 0x2, 0xc9, 0xff, 0x55,
    0x0, 0x0, 0x0, 0x0, 0x6f, 0xff, 0xb1, 0x0,
    0x0, 0x2d, 0xfa, 0xe6, 0xe, 0x0, 0x0, 0x19,
    0xf1, 0xf2, 0x1c, 0x0, 0x0, 0x0, 0x82, 0xff,
    0x93, 0x0, 0x0, 0xa7, 0xff, 0x6d, 0x0, 0x0,
    0x0, 0x0, 0x6, 0xd6, 0xfd, 0x35, 0x43, 0xff,
    0xc8, 0x2, 0x0, 0x0, 0x0, 0x0, 0x0, 0x3a,
    0xfd, 0xcf, 0xd8, 0xfb, 0x2e, 0x0, 0x0, 0x0,
    0x0, 0x0, 0x0, 0x0, 0x93, 0xff, 0xff, 0x87,
    0x0, 0x0, 0x0, 0x0, 0x0, 0x0, 0x0, 0x0,
    0xc, 0xf7, 0xf1, 0x9, 0x0, 0x0, 0x0, 0x0,
    0x0, 0x0, 0x0, 0x0, 0x0, 0xf0, 0xe8, 0x0,
    0x0, 0x0, 0x0, 0x0, 0x0, 0x0, 0x0, 0x0,
    0x0, 0xf0, 0xe8, 0x0, 0x0, 0x0, 0x0, 0x0,
    0x0, 0x0, 0x0, 0x0, 0x0, 0xf0, 0xe8, 0x0,
    0x0, 0x0, 0x0, 0x0, 0x0, 0x0, 0x0, 0x0,
    0x0, 0xf0, 0xe8, 0x0, 0x0, 0x0, 0x0, 0x0,
    0x0, 0x0, 0x0, 0x0, 0x0, 0xf0, 0xe8, 0x0,
    0x0, 0x0, 0x0, 0x0, 0x0, 0x0, 0x0, 0x0,
    0x0, 0xf0, 0xe8, 0x0, 0x0, 0x0, 0x0, 0x0,

    /* U+005A "Z" */
    0xc, 0xff, 0xff, 0xff, 0xff, 0xff, 0xff, 0xff,
    0xff, 0xff, 0x68, 0x8, 0xbc, 0xbc, 0xbc, 0xbc,
    0xbc, 0xbc, 0xbc, 0xf4, 0xff, 0x66, 0x0, 0x0,
    0x0, 0x0, 0x0, 0x0, 0x0, 0x4d, 0xff, 0xe2,
    0x12, 0x0, 0x0, 0x0, 0x0, 0x0, 0x0, 0x1b,
    0xec, 0xfc, 0x3c, 0x0, 0x0, 0x0, 0x0, 0x0,
    0x0, 0x3, 0xc1, 0xff, 0x7c, 0x0, 0x0, 0x0,
    0x0, 0x0, 0x0, 0x0, 0x81, 0xff, 0xbe, 0x2,
    0x0, 0x0, 0x0, 0x0, 0x0, 0x0, 0x3f, 0xfd,
    0xea, 0x19, 0x0, 0x0, 0x0, 0x0, 0x0, 0x0,
    0x14, 0xe4, 0xfe, 0x49, 0x0, 0x0, 0x0, 0x0,
    0x0, 0x0, 0x0, 0xb3, 0xff, 0x8c, 0x0, 0x0,
    0x0, 0x0, 0x0, 0x0, 0x0, 0x71, 0xff, 0xca,
    0x5, 0x0, 0x0, 0x0, 0x0, 0x0, 0x0, 0x33,
    0xf9, 0xf1, 0x22, 0x0, 0x0, 0x0, 0x0, 0x0,
    0x0, 0xd, 0xdb, 0xff, 0x58, 0x0, 0x0, 0x0,
    0x0, 0x0, 0x0, 0x0, 0x5a, 0xff, 0xf7, 0xbc,
    0xbc, 0xbc, 0xbc, 0xbc, 0xbc, 0xbc, 0x5b, 0x5c,
    0xff, 0xff, 0xff, 0xff, 0xff, 0xff, 0xff, 0xff,
    0xff, 0x7c,

    /* U+005B "[" */
    0x90, 0xff, 0xff, 0xff, 0x84, 0x90, 0xff, 0x90,
    0x80, 0x42, 0x90, 0xff, 0x20, 0x0, 0x0, 0x90,
    0xff, 0x20, 0x0, 0x0, 0x90, 0xff, 0x20, 0x0,
    0x0, 0x90, 0xff, 0x20, 0x0, 0x0, 0x90, 0xff,
    0x20, 0x0, 0x0, 0x90, 0xff, 0x20, 0x0, 0x0,
    0x90, 0xff, 0x20, 0x0, 0x0, 0x90, 0xff, 0x20,
    0x0, 0x0, 0x90, 0xff, 0x20, 0x0, 0x0, 0x90,
    0xff, 0x20, 0x0, 0x0, 0x90, 0xff, 0x20, 0x0,
    0x0, 0x90, 0xff, 0x20, 0x0, 0x0, 0x90, 0xff,
    0x20, 0x0, 0x0, 0x90, 0xff, 0x20, 0x0, 0x0,
    0x90, 0xff, 0x90, 0x80, 0x42, 0x90, 0xff, 0xff,
    0xff, 0x84,

    /* U+005C "\\" */
    0x3e, 0xff, 0x79, 0x0, 0x0, 0x0, 0x0, 0x0,
    0x0, 0x0, 0xd1, 0xe2, 0x3, 0x0, 0x0, 0x0,
    0x0, 0x0, 0x0, 0x65, 0xff, 0x53, 0x0, 0x0,
    0x0, 0x0, 0x0, 0x0, 0xa, 0xee, 0xbf, 0x0,
    0x0, 0x0, 0x0, 0x0, 0x0, 0x0, 0x8c, 0xff,
    0x2c, 0x0, 0x0, 0x0, 0x0, 0x0, 0x0, 0x21,
    0xfd, 0x98, 0x0, 0x0, 0x0, 0x0, 0x0, 0x0,
    0x0, 0xb3, 0xf4, 0x10, 0x0, 0x0, 0x0, 0x0,
    0x0, 0x0, 0x46, 0xff, 0x71, 0x0, 0x0, 0x0,
    0x0, 0x0, 0x0, 0x1, 0xd8, 0xdc, 0x2, 0x0,
    0x0, 0x0, 0x0, 0x0, 0x0, 0x6d, 0xff, 0x4b,
    0x0, 0x0, 0x0, 0x0, 0x0, 0x0, 0xd, 0xf2,
    0xb7, 0x0, 0x0, 0x0, 0x0, 0x0, 0x0, 0x0,
    0x94, 0xfe, 0x25, 0x0, 0x0, 0x0, 0x0, 0x0,
    0x0, 0x28, 0xfe, 0x90, 0x0, 0x0, 0x0, 0x0,
    0x0, 0x0, 0x0, 0xba, 0xf1, 0xc,

    /* U+005D "]" */
    0x5c, 0xff, 0xff, 0xff, 0xb8, 0x2e, 0x80, 0x80,
    0xfa, 0xb8, 0x0, 0x0, 0x0, 0xf4, 0xb8, 0x0,
    0x0, 0x0, 0xf4, 0xb8, 0x0, 0x0, 0x0, 0xf4,
    0xb8, 0x0, 0x0, 0x0, 0xf4, 0xb8, 0x0, 0x0,
    0x0, 0xf4, 0xb8, 0x0, 0x0, 0x0, 0xf4, 0xb8,
    0x0, 0x0, 0x0, 0xf4, 0xb8, 0x0, 0x0, 0x0,
    0xf4, 0xb8, 0x0, 0x0, 0x0, 0xf4, 0xb8, 0x0,
    0x0, 0x0, 0xf4, 0xb8, 0x0, 0x0, 0x0, 0xf4,
    0xb8, 0x0, 0x0, 0x0, 0xf4, 0xb8, 0x0, 0x0,
    0x0, 0xf4, 0xb8, 0x0, 0x0, 0x0, 0xf4, 0xb8,
    0x2e, 0x80, 0x80, 0xfa, 0xb8, 0x5c, 0xff, 0xff,
    0xff, 0xb8,

    /* U+005E "^" */
    0x0, 0x0, 0x0, 0x55, 0xff, 0xba, 0x0, 0x0,
    0x0, 0x0, 0x0, 0x0, 0xe, 0xe5, 0xee, 0xff,
    0x5a, 0x0, 0x0, 0x0, 0x0, 0x0, 0x95, 0xfe,
    0x37, 0xcd, 0xe8, 0x10, 0x0, 0x0, 0x0, 0x36,
    0xfd, 0x9d, 0x0, 0x3a, 0xff, 0x99, 0x0, 0x0,
    0x4, 0xd0, 0xf1, 0x16, 0x0, 0x0, 0xa4, 0xfe,
    0x3a, 0x0, 0x74, 0xff, 0x72, 0x0, 0x0, 0x0,
    0x1b, 0xf4, 0xd3, 0x5,

    /* U+005F "_" */
    0x80, 0x80, 0x80, 0x80, 0x80, 0x80, 0x80, 0x80,
    0x80, 0x4c, 0xff, 0xff, 0xff, 0xff, 0xff, 0xff,
    0xff, 0xff, 0xff, 0x98,

    /* U+0060 "`" */
    0x1, 0x7c, 0x86, 0x5, 0x0, 0x7e, 0xff, 0x57,
    0x0, 0xa, 0xe3, 0xbf,

    /* U+0061 "a" */
    0x0, 0x5, 0x75, 0xd2, 0xf6, 0xf2, 0xc1, 0x4c,
    0x0, 0x0, 0x3, 0xb9, 0xff, 0xf2, 0xaf, 0xbb,
    0xfc, 0xff, 0x66, 0x0, 0x0, 0x57, 0xc3, 0x1a,
    0x0, 0x0, 0x3a, 0xf7, 0xef, 0x6, 0x0, 0x0,
    0x0, 0x2, 0x19, 0x11, 0x0, 0xa0, 0xff, 0x2f,
    0x0, 0x2a, 0xae, 0xfa, 0xff, 0xff, 0xe5, 0xd2,
    0xff, 0x3b, 0x16, 0xee, 0xff, 0xaf, 0x65, 0x5f,
    0x86, 0xe8, 0xff, 0x3c, 0x62, 0xff, 0x9f, 0x0,
    0x0, 0x0, 0x0, 0xab, 0xff, 0x3c, 0x5a, 0xff,
    0xae, 0x0, 0x0, 0x0, 0x5d, 0xfd, 0xff, 0x3c,
    0xc, 0xdc, 0xff, 0xd3, 0xa5, 0xcf, 0xfc, 0xc9,
    0xff, 0x3c, 0x0, 0x16, 0x95, 0xe0, 0xf7, 0xcc,
    0x48, 0x84, 0xff, 0x3c,

    /* U+0062 "b" */
    0xe0, 0xf4, 0x0, 0x0, 0x0, 0x0, 0x0, 0x0,
    0x0, 0x0, 0xe0, 0xf4, 0x0, 0x0, 0x0, 0x0,
    0x0, 0x0, 0x0, 0x0, 0xe0, 0xf4, 0x0, 0x0,
    0x0, 0x0, 0x0, 0x0, 0x0, 0x0, 0xe0, 0xf4,
    0x0, 0x0, 0x0, 0x0, 0x0, 0x0, 0x0, 0x0,
    0xe0, 0xf0, 0x14, 0x97, 0xe7, 0xf7, 0xd0, 0x63,
    0x0, 0x0, 0xe0, 0xee, 0xd6, 0xf7, 0xc5, 0xc5,
    0xf8, 0xff, 0x93, 0x0, 0xe0, 0xff, 0xd7, 0x24,
    0x0, 0x0, 0x26, 0xd9, 0xff, 0x4e, 0xe0, 0xff,
    0x3b, 0x0, 0x0, 0x0, 0x0, 0x3d, 0xff, 0xb9,
    0xe0, 0xf4, 0x1, 0x0, 0x0, 0x0, 0x0, 0x1,
    0xf4, 0xe8, 0xe0, 0xf3, 0x1, 0x0, 0x0, 0x0,
    0x0, 0x1, 0xf4, 0xe8, 0xe0, 0xff, 0x37, 0x0,
    0x0, 0x0, 0x0, 0x3b, 0xff, 0xba, 0xe0, 0xff,
    0xd3, 0x1f, 0x0, 0x0, 0x23, 0xd7, 0xff, 0x50,
    0xe0, 0xeb, 0xd7, 0xf5, 0xbf, 0xc0, 0xf6, 0xff,
    0x94, 0x0, 0xe0, 0xe0, 0x14, 0x97, 0xe7, 0xf8,
    0xd1, 0x64, 0x0, 0x0,

    /* U+0063 "c" */
    0x0, 0x0, 0x17, 0x92, 0xe0, 0xf9, 0xe1, 0x97,
    0x1b, 0x0, 0x0, 0x25, 0xe5, 0xff, 0xe2, 0xb6,
    0xd9, 0xff, 0xe6, 0x25, 0x1, 0xcc, 0xff, 0x84,
    0x2, 0x0, 0x0, 0x72, 0xff, 0xa7, 0x38, 0xff,
    0xc4, 0x0, 0x0, 0x0, 0x0, 0x0, 0x3f, 0x3,
    0x65, 0xff, 0x7d, 0x0, 0x0, 0x0, 0x0, 0x0,
    0x0, 0x0, 0x66, 0xff, 0x7d, 0x0, 0x0, 0x0,
    0x0, 0x0, 0x0, 0x0, 0x37, 0xff, 0xc3, 0x0,
    0x0, 0x0, 0x0, 0x0, 0x38, 0x4, 0x1, 0xcc,
    0xff, 0x80, 0x2, 0x0, 0x0, 0x5d, 0xff, 0xb3,
    0x0, 0x27, 0xe7, 0xff, 0xde, 0xb1, 0xd2, 0xff,
    0xed, 0x30, 0x0, 0x0, 0x19, 0x94, 0xe1, 0xf9,
    0xe3, 0x9d, 0x22, 0x0,

    /* U+0064 "d" */
    0x0, 0x0, 0x0, 0x0, 0x0, 0x0, 0x0, 0x0,
    0x70, 0xff, 0x68, 0x0, 0x0, 0x0, 0x0, 0x0,
    0x0, 0x0, 0x0, 0x70, 0xff, 0x68, 0x0, 0x0,
    0x0, 0x0, 0x0, 0x0, 0x0, 0x0, 0x70, 0xff,
    0x68, 0x0, 0x0, 0x0, 0x0, 0x0, 0x0, 0x0,
    0x0, 0x70, 0xff, 0x68, 0x0, 0x0, 0x1e, 0xa1,
    0xea, 0xf6, 0xc9, 0x54, 0x6d, 0xff, 0x68, 0x0,
    0x29, 0xea, 0xff, 0xe1, 0xb8, 0xdf, 0xff, 0xc4,
    0xff, 0x68, 0x0, 0xcc, 0xff, 0x81, 0x2, 0x0,
    0x1, 0x79, 0xff, 0xff, 0x68, 0x36, 0xff, 0xc2,
    0x0, 0x0, 0x0, 0x0, 0x0, 0xb8, 0xff, 0x68,
    0x65, 0xff, 0x7d, 0x0, 0x0, 0x0, 0x0, 0x0,
    0x72, 0xff, 0x68, 0x66, 0xff, 0x7c, 0x0, 0x0,
    0x0, 0x0, 0x0, 0x72, 0xff, 0x68, 0x37, 0xff,
    0xc0, 0x0, 0x0, 0x0, 0x0, 0x0, 0xb5, 0xff,
    0x68, 0x1, 0xcd, 0xff, 0x7d, 0x1, 0x0, 0x0,
    0x71, 0xff, 0xff, 0x68, 0x0, 0x29, 0xea, 0xff,
    0xde, 0xb4, 0xda, 0xff, 0xc3, 0xff, 0x68, 0x0,
    0x0, 0x1f, 0xa2, 0xec, 0xf7, 0xca, 0x55, 0x5c,
    0xff, 0x68,

    /* U+0065 "e" */
    0x0, 0x0, 0x1f, 0x9e, 0xe7, 0xfa, 0xe2, 0x98,
    0x1a, 0x0, 0x0, 0x0, 0x2b, 0xeb, 0xff, 0xce,
    0xb4, 0xd7, 0xff, 0xe7, 0x20, 0x0, 0x1, 0xd0,
    0xf7, 0x46, 0x0, 0x0, 0x0, 0x5a, 0xff, 0xaf,
    0x0, 0x39, 0xff, 0xd9, 0x80, 0x80, 0x80, 0x80,
    0x80, 0xf1, 0xf9, 0x8, 0x66, 0xff, 0xff, 0xff,
    0xff, 0xff, 0xff, 0xff, 0xff, 0xff, 0x21, 0x66,
    0xff, 0x88, 0x0, 0x0, 0x0, 0x0, 0x0, 0x0,
    0x0, 0x0, 0x39, 0xff, 0xcf, 0x2, 0x0, 0x0,
    0x0, 0x0, 0x4c, 0x7, 0x0, 0x1, 0xd1, 0xff,
    0x8e, 0x4, 0x0, 0x0, 0x6e, 0xff, 0xbb, 0x0,
    0x0, 0x2b, 0xeb, 0xff, 0xe3, 0xb3, 0xd5, 0xff,
    0xea, 0x30, 0x0, 0x0, 0x0, 0x1c, 0x99, 0xe4,
    0xf9, 0xe0, 0x95, 0x1c, 0x0, 0x0,

    /* U+0066 "f" */
    0x0, 0x0, 0x0, 0x56, 0xcf, 0xf6, 0xe5, 0x20,
    0x0, 0x0, 0x4b, 0xff, 0xf9, 0xbb, 0xbf, 0x1,
    0x0, 0x0, 0x9f, 0xff, 0x53, 0x0, 0x0, 0x0,
    0x0, 0x0, 0xb0, 0xff, 0x28, 0x0, 0x0, 0x0,
    0x84, 0xff, 0xff, 0xff, 0xff, 0xff, 0xb8, 0x0,
    0x56, 0xa8, 0xe4, 0xff, 0xb5, 0xa8, 0x78, 0x0,
    0x0, 0x0, 0xb0, 0xff, 0x28, 0x0, 0x0, 0x0,
    0x0, 0x0, 0xb0, 0xff, 0x28, 0x0, 0x0, 0x0,
    0x0, 0x0, 0xb0, 0xff, 0x28, 0x0, 0x0, 0x0,
    0x0, 0x0, 0xb0, 0xff, 0x28, 0x0, 0x0, 0x0,
    0x0, 0x0, 0xb0, 0xff, 0x28, 0x0, 0x0, 0x0,
    0x0, 0x0, 0xb0, 0xff, 0x28, 0x0, 0x0, 0x0,
    0x0, 0x0, 0xb0, 0xff, 0x28, 0x0, 0x0, 0x0,
    0x0, 0x0, 0xb0, 0xff, 0x28, 0x0, 0x0, 0x0,

    /* U+0067 "g" */
    0x0, 0x0, 0x1e, 0xa1, 0xea, 0xf6, 0xc7, 0x51,
    0x5c, 0xff, 0x68, 0x0, 0x29, 0xea, 0xff, 0xe1,
    0xb8, 0xdf, 0xff, 0xbf, 0xff, 0x68, 0x1, 0xcd,
    0xff, 0x81, 0x2, 0x0, 0x1, 0x79, 0xff, 0xff,
    0x68, 0x37, 0xff, 0xc2, 0x0, 0x0, 0x0, 0x0,
    0x0, 0xb8, 0xff, 0x68, 0x66, 0xff, 0x7d, 0x0,
    0x0, 0x0, 0x0, 0x0, 0x72, 0xff, 0x68, 0x66,
    0xff, 0x7c, 0x0, 0x0, 0x0, 0x0, 0x0, 0x72,
    0xff, 0x68, 0x37, 0xff, 0xc0, 0x0, 0x0, 0x0,
    0x0, 0x0, 0xb5, 0xff, 0x68, 0x1, 0xcf, 0xff,
    0x7d, 0x1, 0x0, 0x0, 0x71, 0xff, 0xff, 0x68,
    0x0, 0x2b, 0xec, 0xff, 0xde, 0xb4, 0xda, 0xff,
    0xc2, 0xff, 0x68, 0x0, 0x0, 0x20, 0xa3, 0xec,
    0xf7, 0xca, 0x54, 0x69, 0xff, 0x5f, 0x0, 0x2,
    0x2f, 0x0, 0x0, 0x0, 0x0, 0x0, 0x9f, 0xff,
    0x3b, 0x0, 0xc7, 0xfd, 0x55, 0x0, 0x0, 0x0,
    0x52, 0xfc, 0xde, 0x4, 0x0, 0x46, 0xf5, 0xff,
    0xd1, 0xb0, 0xd3, 0xff, 0xf4, 0x3d, 0x0, 0x0,
    0x0, 0x2a, 0xa1, 0xe2, 0xfa, 0xe6, 0xa3, 0x27,
    0x0, 0x0,

    /* U+0068 "h" */
    0xe0, 0xf4, 0x0, 0x0, 0x0, 0x0, 0x0, 0x0,
    0x0, 0xe0, 0xf4, 0x0, 0x0, 0x0, 0x0, 0x0,
    0x0, 0x0, 0xe0, 0xf4, 0x0, 0x0, 0x0, 0x0,
    0x0, 0x0, 0x0, 0xe0, 0xf4, 0x0, 0x0, 0x0,
    0x0, 0x0, 0x0, 0x0, 0xe0, 0xf0, 0x15, 0x9b,
    0xeb, 0xf6, 0xc3, 0x3f, 0x0, 0xe0, 0xee, 0xd8,
    0xef, 0xba, 0xd7, 0xff, 0xf8, 0x22, 0xe0, 0xff,
    0xce, 0x15, 0x0, 0x1, 0x94, 0xff, 0x92, 0xe0,
    0xff, 0x39, 0x0, 0x0, 0x0, 0x26, 0xff, 0xbb,
    0xe0, 0xfa, 0x3, 0x0, 0x0, 0x0, 0xd, 0xff,
    0xcc, 0xe0, 0xf4, 0x0, 0x0, 0x0, 0x0, 0xc,
    0xff, 0xcc, 0xe0, 0xf4, 0x0, 0x0, 0x0, 0x0,
    0xc, 0xff, 0xcc, 0xe0, 0xf4, 0x0, 0x0, 0x0,
    0x0, 0xc, 0xff, 0xcc, 0xe0, 0xf4, 0x0, 0x0,
    0x0, 0x0, 0xc, 0xff, 0xcc, 0xe0, 0xf4, 0x0,
    0x0, 0x0, 0x0, 0xc, 0xff, 0xcc,

    /* U+0069 "i" */
    0x1, 0xb7, 0xe9, 0x32, 0xa, 0xfb, 0xff, 0x6d,
    0x0, 0x4c, 0x79, 0x9, 0x0, 0x0, 0x0, 0x0,
    0x0, 0xb8, 0xff, 0x20, 0x0, 0xb8, 0xff, 0x20,
    0x0, 0xb8, 0xff, 0x20, 0x0, 0xb8, 0xff, 0x20,
    0x0, 0xb8, 0xff, 0x20, 0x0, 0xb8, 0xff, 0x20,
    0x0, 0xb8, 0xff, 0x20, 0x0, 0xb8, 0xff, 0x20,
    0x0, 0xb8, 0xff, 0x20, 0x0, 0xb8, 0xff, 0x20,

    /* U+006A "j" */
    0x0, 0x1, 0xb7, 0xe9, 0x32, 0x0, 0xa, 0xfb,
    0xff, 0x6d, 0x0, 0x0, 0x4c, 0x79, 0x9, 0x0,
    0x0, 0x0, 0x0, 0x0, 0x0, 0x0, 0xb8, 0xff,
    0x20, 0x0, 0x0, 0xb8, 0xff, 0x20, 0x0, 0x0,
    0xb8, 0xff, 0x20, 0x0, 0x0, 0xb8, 0xff, 0x20,
    0x0, 0x0, 0xb8, 0xff, 0x20, 0x0, 0x0, 0xb8,
    0xff, 0x20, 0x0, 0x0, 0xb8, 0xff, 0x20, 0x0,
    0x0, 0xb8, 0xff, 0x20, 0x0, 0x0, 0xb8, 0xff,
    0x20, 0x0, 0x0, 0xb8, 0xff, 0x20, 0x0, 0x0,
    0xb8, 0xff, 0x1e, 0x0, 0x0, 0xd4, 0xfe, 0x8,
    0x67, 0xc3, 0xff, 0xc0, 0x0, 0xb4, 0xf2, 0xb8,
    0x21, 0x0,

    /* U+006B "k" */
    0xe0, 0xf4, 0x0, 0x0, 0x0, 0x0, 0x0, 0x0,
    0x0, 0xe0, 0xf4, 0x0, 0x0, 0x0, 0x0, 0x0,
    0x0, 0x0, 0xe0, 0xf4, 0x0, 0x0, 0x0, 0x0,
    0x0, 0x0, 0x0, 0xe0, 0xf4, 0x0, 0x0, 0x0,
    0x0, 0x0, 0x0, 0x0, 0xe0, 0xf4, 0x0, 0x0,
    0x0, 0x4c, 0xfa, 0xf0, 0x34, 0xe0, 0xf4, 0x0,
    0x0, 0x45, 0xf8, 0xf1, 0x37, 0x0, 0xe0, 0xf4,
    0x0, 0x3f, 0xf6, 0xf3, 0x3a, 0x0, 0x0, 0xe0,
    0xf4, 0x38, 0xf3, 0xf4, 0x3d, 0x0, 0x0, 0x0,
    0xe0, 0xfb, 0xf0, 0xff, 0xf4, 0x21, 0x0, 0x0,
    0x0, 0xe0, 0xff, 0xf9, 0xa3, 0xff, 0xbe, 0x1,
    0x0, 0x0, 0xe0, 0xfd, 0x4c, 0x1, 0xc3, 0xff,
    0x69, 0x0, 0x0, 0xe0, 0xf4, 0x0, 0x0, 0x26,
    0xf7, 0xf3, 0x1f, 0x0, 0xe0, 0xf4, 0x0, 0x0,
    0x0, 0x77, 0xff, 0xbc, 0x0, 0xe0, 0xf4, 0x0,
    0x0, 0x0, 0x3, 0xcb, 0xff, 0x67,

    /* U+006C "l" */
    0xe0, 0xf4, 0xe0, 0xf4, 0xe0, 0xf4, 0xe0, 0xf4,
    0xe0, 0xf4, 0xe0, 0xf4, 0xe0, 0xf4, 0xe0, 0xf4,
    0xe0, 0xf4, 0xe0, 0xf4, 0xe0, 0xf4, 0xe0, 0xf4,
    0xe0, 0xf4, 0xe0, 0xf4,

    /* U+006D "m" */
    0xe0, 0xe0, 0x15, 0x9c, 0xee, 0xee, 0xa5, 0x16,
    0x3, 0x77, 0xdc, 0xf9, 0xdc, 0x6b, 0x0, 0xe0,
    0xea, 0xd8, 0xe8, 0xb8, 0xe1, 0xff, 0xd1, 0x9f,
    0xfe, 0xc8, 0xc0, 0xfa, 0xff, 0x56, 0xe0, 0xff,
    0xc1, 0xd, 0x0, 0x6, 0xc5, 0xff, 0xff, 0x57,
    0x0, 0x0, 0x47, 0xff, 0xc8, 0xe0, 0xff, 0x30,
    0x0, 0x0, 0x0, 0x70, 0xff, 0xb8, 0x0, 0x0,
    0x0, 0x0, 0xec, 0xef, 0xe0, 0xf9, 0x2, 0x0,
    0x0, 0x0, 0x5c, 0xff, 0x84, 0x0, 0x0, 0x0,
    0x0, 0xd8, 0xff, 0xe0, 0xf4, 0x0, 0x0, 0x0,
    0x0, 0x5c, 0xff, 0x7c, 0x0, 0x0, 0x0, 0x0,
    0xd8, 0xff, 0xe0, 0xf4, 0x0, 0x0, 0x0, 0x0,
    0x5c, 0xff, 0x7c, 0x0, 0x0, 0x0, 0x0, 0xd8,
    0xff, 0xe0, 0xf4, 0x0, 0x0, 0x0, 0x0, 0x5c,
    0xff, 0x7c, 0x0, 0x0, 0x0, 0x0, 0xd8, 0xff,
    0xe0, 0xf4, 0x0, 0x0, 0x0, 0x0, 0x5c, 0xff,
    0x7c, 0x0, 0x0, 0x0, 0x0, 0xd8, 0xff, 0xe0,
    0xf4, 0x0, 0x0, 0x0, 0x0, 0x5c, 0xff, 0x7c,
    0x0, 0x0, 0x0, 0x0, 0xd8, 0xff,

    /* U+006E "n" */
    0xe0, 0xe0, 0x15, 0x9b, 0xeb, 0xf6, 0xc3, 0x3f,
    0x0, 0xe0, 0xea, 0xd8, 0xea, 0xb8, 0xd8, 0xff,
    0xf8, 0x22, 0xe0, 0xff, 0xc2, 0xf, 0x0, 0x1,
    0x8e, 0xff, 0x92, 0xe0, 0xff, 0x30, 0x0, 0x0,
    0x0, 0x23, 0xff, 0xbb, 0xe0, 0xf9, 0x2, 0x0,
    0x0, 0x0, 0xc, 0xff, 0xcc, 0xe0, 0xf4, 0x0,
    0x0, 0x0, 0x0, 0xc, 0xff, 0xcc, 0xe0, 0xf4,
    0x0, 0x0, 0x0, 0x0, 0xc, 0xff, 0xcc, 0xe0,
    0xf4, 0x0, 0x0, 0x0, 0x0, 0xc, 0xff, 0xcc,
    0xe0, 0xf4, 0x0, 0x0, 0x0, 0x0, 0xc, 0xff,
    0xcc, 0xe0, 0xf4, 0x0, 0x0, 0x0, 0x0, 0xc,
    0xff, 0xcc,

    /* U+006F "o" */
    0x0, 0x0, 0x17, 0x92, 0xe0, 0xfa, 0xe8, 0xa6,
    0x29, 0x0, 0x0, 0x0, 0x25, 0xe5, 0xff, 0xe5,
    0xb8, 0xd9, 0xff, 0xf5, 0x45, 0x0, 0x1, 0xcc,
    0xff, 0x85, 0x4, 0x0, 0x0, 0x5d, 0xfc, 0xee,
    0x11, 0x38, 0xff, 0xc3, 0x0, 0x0, 0x0, 0x0,
    0x0, 0x92, 0xff, 0x6b, 0x65, 0xff, 0x7d, 0x0,
    0x0, 0x0, 0x0, 0x0, 0x4a, 0xff, 0x98, 0x66,
    0xff, 0x7c, 0x0, 0x0, 0x0, 0x0, 0x0, 0x4a,
    0xff, 0x98, 0x38, 0xff, 0xc0, 0x0, 0x0, 0x0,
    0x0, 0x0, 0x8e, 0xff, 0x6b, 0x1, 0xce, 0xff,
    0x7e, 0x2, 0x0, 0x0, 0x55, 0xfb, 0xef, 0x12,
    0x0, 0x27, 0xe7, 0xff, 0xe0, 0xb4, 0xd4, 0xff,
    0xf6, 0x48, 0x0, 0x0, 0x0, 0x19, 0x94, 0xe1,
    0xfa, 0xe9, 0xa7, 0x2b, 0x0, 0x0,

    /* U+0070 "p" */
    0xf4, 0xcc, 0x1a, 0xa0, 0xea, 0xf7, 0xca, 0x57,
    0x0, 0x0, 0xf4, 0xdf, 0xe1, 0xf4, 0xc0, 0xc9,
    0xfa, 0xff, 0x7f, 0x0, 0xf4, 0xff, 0xcb, 0x1b,
    0x0, 0x0, 0x30, 0xe3, 0xfe, 0x3b, 0xf4, 0xff,
    0x28, 0x0, 0x0, 0x0, 0x0, 0x51, 0xff, 0xa5,
    0xf4, 0xe1, 0x0, 0x0, 0x0, 0x0, 0x0, 0xb,
    0xfe, 0xd4, 0xf4, 0xe0, 0x0, 0x0, 0x0, 0x0,
    0x0, 0xb, 0xfe, 0xd4, 0xf4, 0xfe, 0x25, 0x0,
    0x0, 0x0, 0x0, 0x4f, 0xff, 0xa6, 0xf4, 0xff,
    0xc7, 0x18, 0x0, 0x0, 0x2c, 0xe2, 0xff, 0x3d,
    0xf4, 0xe3, 0xe3, 0xf2, 0xbc, 0xc4, 0xf9, 0xff,
    0x80, 0x0, 0xf4, 0xdc, 0x1b, 0xa1, 0xea, 0xf7,
    0xcb, 0x58, 0x0, 0x0, 0xf4, 0xe0, 0x0, 0x0,
    0x0, 0x0, 0x0, 0x0, 0x0, 0x0, 0xf4, 0xe0,
    0x0, 0x0, 0x0, 0x0, 0x0, 0x0, 0x0, 0x0,
    0xf4, 0xe0, 0x0, 0x0, 0x0, 0x0, 0x0, 0x0,
    0x0, 0x0, 0xf4, 0xe0, 0x0, 0x0, 0x0, 0x0,
    0x0, 0x0, 0x0, 0x0,

    /* U+0071 "q" */
    0x0, 0x0, 0x1e, 0xa1, 0xea, 0xf6, 0xc9, 0x54,
    0x5c, 0xff, 0x68, 0x0, 0x29, 0xea, 0xff, 0xe1,
    0xb8, 0xdf, 0xff, 0xc1, 0xff, 0x68, 0x0, 0xcc,
    0xff, 0x81, 0x2, 0x0, 0x1, 0x79, 0xff, 0xff,
    0x68, 0x36, 0xff, 0xc2, 0x0, 0x0, 0x0, 0x0,
    0x0, 0xb8, 0xff, 0x68, 0x65, 0xff, 0x7d, 0x0,
    0x0, 0x0, 0x0, 0x0, 0x72, 0xff, 0x68, 0x66,
    0xff, 0x7c, 0x0, 0x0, 0x0, 0x0, 0x0, 0x72,
    0xff, 0x68, 0x37, 0xff, 0xc0, 0x0, 0x0, 0x0,
    0x0, 0x0, 0xb5, 0xff, 0x68, 0x1, 0xcd, 0xff,
    0x7d, 0x1, 0x0, 0x0, 0x71, 0xff, 0xff, 0x68,
    0x0, 0x29, 0xea, 0xff, 0xde, 0xb4, 0xda, 0xff,
    0xc6, 0xff, 0x68, 0x0, 0x0, 0x1f, 0xa2, 0xec,
    0xf7, 0xca, 0x55, 0x6c, 0xff, 0x68, 0x0, 0x0,
    0x0, 0x0, 0x0, 0x0, 0x0, 0x0, 0x70, 0xff,
    0x68, 0x0, 0x0, 0x0, 0x0, 0x0, 0x0, 0x0,
    0x0, 0x70, 0xff, 0x68, 0x0, 0x0, 0x0, 0x0,
    0x0, 0x0, 0x0, 0x0, 0x70, 0xff, 0x68, 0x0,
    0x0, 0x0, 0x0, 0x0, 0x0, 0x0, 0x0, 0x70,
    0xff, 0x68,

    /* U+0072 "r" */
    0xe0, 0xe0, 0x14, 0xa2, 0xf2, 0xfb, 0xf, 0xe0,
    0xe4, 0xcf, 0xff, 0xe6, 0xb8, 0x0, 0xe0, 0xff,
    0xdb, 0x2b, 0x0, 0x0, 0x0, 0xe0, 0xff, 0x3e,
    0x0, 0x0, 0x0, 0x0, 0xe0, 0xfa, 0x3, 0x0,
    0x0, 0x0, 0x0, 0xe0, 0xf4, 0x0, 0x0, 0x0,
    0x0, 0x0, 0xe0, 0xf4, 0x0, 0x0, 0x0, 0x0,
    0x0, 0xe0, 0xf4, 0x0, 0x0, 0x0, 0x0, 0x0,
    0xe0, 0xf4, 0x0, 0x0, 0x0, 0x0, 0x0, 0xe0,
    0xf4, 0x0, 0x0, 0x0, 0x0, 0x0,

    /* U+0073 "s" */
    0x0, 0x11, 0x86, 0xda, 0xf7, 0xe3, 0x96, 0x16,
    0x0, 0x2, 0xce, 0xff, 0xd8, 0xa8, 0xcf, 0xff,
    0xe2, 0x13, 0x30, 0xff, 0xc7, 0x3, 0x0, 0x0,
    0x76, 0x9c, 0x21, 0x18, 0xfb, 0xea, 0x4d, 0x7,
    0x0, 0x0, 0x0, 0x0, 0x0, 0x65, 0xf7, 0xff,
    0xf6, 0xbb, 0x6a, 0xa, 0x0, 0x0, 0x0, 0x16,
    0x67, 0xa9, 0xe9, 0xff, 0xdb, 0x15, 0x0, 0x1e,
    0x14, 0x0, 0x0, 0x4, 0x99, 0xff, 0x80, 0x46,
    0xfd, 0xb4, 0x7, 0x0, 0x0, 0x6e, 0xff, 0x90,
    0x2, 0xb7, 0xff, 0xe3, 0xa5, 0xbd, 0xfd, 0xf4,
    0x2c, 0x0, 0x5, 0x74, 0xd4, 0xf6, 0xe5, 0xa7,
    0x29, 0x0,

    /* U+0074 "t" */
    0x0, 0x0, 0xcc, 0xff, 0xc, 0x0, 0x0, 0x0,
    0x0, 0xcc, 0xff, 0xc, 0x0, 0x0, 0x0, 0x0,
    0xcc, 0xff, 0xc, 0x0, 0x0, 0x84, 0xff, 0xff,
    0xff, 0xff, 0xff, 0x70, 0x56, 0xa8, 0xee, 0xff,
    0xac, 0xa8, 0x49, 0x0, 0x0, 0xcc, 0xff, 0xc,
    0x0, 0x0, 0x0, 0x0, 0xcc, 0xff, 0xc, 0x0,
    0x0, 0x0, 0x0, 0xcc, 0xff, 0xc, 0x0, 0x0,
    0x0, 0x0, 0xcc, 0xff, 0xc, 0x0, 0x0, 0x0,
    0x0, 0xcc, 0xff, 0xe, 0x0, 0x0, 0x0, 0x0,
    0xbd, 0xff, 0x37, 0x0, 0x0, 0x0, 0x0, 0x78,
    0xff, 0xec, 0xbf, 0x39, 0x0, 0x0, 0x6, 0x91,
    0xeb, 0xed, 0x73,

    /* U+0075 "u" */
    0xf4, 0xe0, 0x0, 0x0, 0x0, 0x0, 0x20, 0xff,
    0xb8, 0xf4, 0xe0, 0x0, 0x0, 0x0, 0x0, 0x20,
    0xff, 0xb8, 0xf4, 0xe0, 0x0, 0x0, 0x0, 0x0,
    0x20, 0xff, 0xb8, 0xf4, 0xe0, 0x0, 0x0, 0x0,
    0x0, 0x20, 0xff, 0xb8, 0xf4, 0xe0, 0x0, 0x0,
    0x0, 0x0, 0x20, 0xff, 0xb8, 0xf4, 0xe0, 0x0,
    0x0, 0x0, 0x0, 0x28, 0xff, 0xb8, 0xe5, 0xf4,
    0x1, 0x0, 0x0, 0x0, 0x5c, 0xff, 0xb8, 0xbc,
    0xff, 0x63, 0x0, 0x0, 0x1c, 0xdd, 0xff, 0xb8,
    0x45, 0xff, 0xff, 0xc8, 0xb6, 0xf0, 0xc5, 0xff,
    0xb8, 0x0, 0x5a, 0xd2, 0xf9, 0xe5, 0x89, 0x16,
    0xff, 0xb8,

    /* U+0076 "v" */
    0xba, 0xff, 0x42, 0x0, 0x0, 0x0, 0x0, 0x45,
    0xff, 0xac, 0x54, 0xff, 0xa1, 0x0, 0x0, 0x0,
    0x0, 0xa5, 0xff, 0x46, 0x5, 0xe9, 0xf4, 0xc,
    0x0, 0x0, 0xe, 0xf6, 0xde, 0x1, 0x0, 0x89,
    0xff, 0x5f, 0x0, 0x0, 0x66, 0xff, 0x79, 0x0,
    0x0, 0x24, 0xfe, 0xbe, 0x0, 0x0, 0xc7, 0xfa,
    0x18, 0x0, 0x0, 0x0, 0xbe, 0xfe, 0x1f, 0x27,
    0xff, 0xac, 0x0, 0x0, 0x0, 0x0, 0x58, 0xff,
    0x7c, 0x88, 0xff, 0x46, 0x0, 0x0, 0x0, 0x0,
    0x6, 0xeb, 0xdc, 0xe5, 0xde, 0x1, 0x0, 0x0,
    0x0, 0x0, 0x0, 0x8d, 0xff, 0xff, 0x79, 0x0,
    0x0, 0x0, 0x0, 0x0, 0x0, 0x27, 0xff, 0xfb,
    0x18, 0x0, 0x0, 0x0,

    /* U+0077 "w" */
    0xc4, 0xff, 0x25, 0x0, 0x0, 0x0, 0x8a, 0xff,
    0xac, 0x0, 0x0, 0x0, 0xb, 0xf9, 0xd7, 0x73,
    0xff, 0x6f, 0x0, 0x0, 0x0, 0xdb, 0xff, 0xf5,
    0x9, 0x0, 0x0, 0x4f, 0xff, 0x86, 0x22, 0xff,
    0xb9, 0x0, 0x0, 0x2e, 0xff, 0xdb, 0xff, 0x51,
    0x0, 0x0, 0x99, 0xff, 0x35, 0x0, 0xd1, 0xf8,
    0xa, 0x0, 0x80, 0xff, 0x43, 0xff, 0xa3, 0x0,
    0x0, 0xe1, 0xe3, 0x1, 0x0, 0x81, 0xff, 0x4d,
    0x0, 0xd2, 0xd4, 0x0, 0xcc, 0xef, 0x5, 0x2c,
    0xff, 0x93, 0x0, 0x0, 0x30, 0xff, 0x98, 0x23,
    0xff, 0x83, 0x0, 0x7a, 0xff, 0x47, 0x76, 0xff,
    0x43, 0x0, 0x0, 0x0, 0xde, 0xe1, 0x76, 0xff,
    0x32, 0x0, 0x29, 0xff, 0x99, 0xbf, 0xee, 0x4,
    0x0, 0x0, 0x0, 0x8e, 0xff, 0xe6, 0xe1, 0x0,
    0x0, 0x0, 0xd7, 0xeb, 0xfa, 0xa1, 0x0, 0x0,
    0x0, 0x0, 0x3d, 0xff, 0xff, 0x90, 0x0, 0x0,
    0x0, 0x86, 0xff, 0xff, 0x50, 0x0, 0x0, 0x0,
    0x0, 0x2, 0xe9, 0xff, 0x40, 0x0, 0x0, 0x0,
    0x35, 0xff, 0xf6, 0xa, 0x0, 0x0,

    /* U+0078 "x" */
    0x6c, 0xff, 0xa7, 0x0, 0x0, 0x0, 0x48, 0xff,
    0xd3, 0x7, 0x1, 0xba, 0xff, 0x57, 0x0, 0xd,
    0xe1, 0xf9, 0x2e, 0x0, 0x0, 0x1c, 0xef, 0xed,
    0x19, 0x97, 0xff, 0x75, 0x0, 0x0, 0x0, 0x0,
    0x5b, 0xff, 0xd0, 0xfe, 0xc0, 0x2, 0x0, 0x0,
    0x0, 0x0, 0x0, 0xab, 0xff, 0xf2, 0x1f, 0x0,
    0x0, 0x0, 0x0, 0x0, 0x2, 0xc2, 0xff, 0xfb,
    0x34, 0x0, 0x0, 0x0, 0x0, 0x0, 0x74, 0xff,
    0xb5, 0xfb, 0xd6, 0x8, 0x0, 0x0, 0x0, 0x2a,
    0xf8, 0xe1, 0xc, 0x85, 0xff, 0x90, 0x0, 0x0,
    0x4, 0xcd, 0xff, 0x48, 0x0, 0x7, 0xd5, 0xfe,
    0x41, 0x0, 0x81, 0xff, 0xa2, 0x0, 0x0, 0x0,
    0x37, 0xfd, 0xe1, 0xe,

    /* U+0079 "y" */
    0xb4, 0xff, 0x49, 0x0, 0x0, 0x0, 0x0, 0x54,
    0xff, 0xa7, 0x42, 0xff, 0xb4, 0x0, 0x0, 0x0,
    0x0, 0xbc, 0xff, 0x37, 0x0, 0xcf, 0xfd, 0x21,
    0x0, 0x0, 0x24, 0xfe, 0xc7, 0x0, 0x0, 0x5e,
    0xff, 0x8a, 0x0, 0x0, 0x8b, 0xff, 0x56, 0x0,
    0x0, 0x6, 0xe6, 0xec, 0x8, 0x7, 0xeb, 0xe2,
    0x4, 0x0, 0x0, 0x0, 0x7b, 0xff, 0x60, 0x5a,
    0xff, 0x76, 0x0, 0x0, 0x0, 0x0, 0x13, 0xf5,
    0xcb, 0xc1, 0xf4, 0x11, 0x0, 0x0, 0x0, 0x0,
    0x0, 0x97, 0xff, 0xff, 0x95, 0x0, 0x0, 0x0,
    0x0, 0x0, 0x0, 0x27, 0xfe, 0xfe, 0x26, 0x0,
    0x0, 0x0, 0x0, 0x0, 0x0, 0x17, 0xf8, 0xb5,
    0x0, 0x0, 0x0, 0x0, 0x0, 0x0, 0x0, 0x86,
    0xff, 0x44, 0x0, 0x0, 0x0, 0x0, 0x0, 0x0,
    0xd, 0xef, 0xd3, 0x0, 0x0, 0x0, 0x0, 0x0,
    0x0, 0x0, 0x75, 0xff, 0x64, 0x0, 0x0, 0x0,
    0x0, 0x0, 0x0, 0x6, 0xe5, 0xeb, 0x8, 0x0,
    0x0, 0x0, 0x0, 0x0,

    /* U+007A "z" */
    0x34, 0xff, 0xff, 0xff, 0xff, 0xff, 0xff, 0xff,
    0x7c, 0x22, 0xa8, 0xa8, 0xa8, 0xa8, 0xa8, 0xf8,
    0xff, 0x69, 0x0, 0x0, 0x0, 0x0, 0x0, 0x7a,
    0xff, 0xb6, 0x2, 0x0, 0x0, 0x0, 0x0, 0x4e,
    0xfe, 0xd7, 0xe, 0x0, 0x0, 0x0, 0x0, 0x2d,
    0xf3, 0xee, 0x24, 0x0, 0x0, 0x0, 0x0, 0x14,
    0xde, 0xfb, 0x43, 0x0, 0x0, 0x0, 0x0, 0x5,
    0xc0, 0xff, 0x6c, 0x0, 0x0, 0x0, 0x0, 0x0,
    0x99, 0xff, 0x9a, 0x0, 0x0, 0x0, 0x0, 0x0,
    0x49, 0xff, 0xfe, 0xad, 0xa8, 0xa8, 0xa8, 0xa8,
    0x5e, 0x5c, 0xff, 0xff, 0xff, 0xff, 0xff, 0xff,
    0xff, 0x90,

    /* U+007B "{" */
    0x0, 0x0, 0x9, 0x89, 0xe0, 0xb6, 0x0, 0x0,
    0x95, 0xff, 0xbe, 0x5f, 0x0, 0x0, 0xef, 0xd4,
    0x1, 0x0, 0x0, 0xb, 0xff, 0xa6, 0x0, 0x0,
    0x0, 0xc, 0xff, 0xa4, 0x0, 0x0, 0x0, 0xc,
    0xff, 0xa4, 0x0, 0x0, 0x0, 0x15, 0xff, 0xa0,
    0x0, 0x0, 0x5, 0x7a, 0xff, 0x75, 0x0, 0x0,
    0x84, 0xff, 0xaf, 0x7, 0x0, 0x0, 0x48, 0xda,
    0xf6, 0x32, 0x0, 0x0, 0x0, 0x33, 0xff, 0x90,
    0x0, 0x0, 0x0, 0xe, 0xff, 0xa3, 0x0, 0x0,
    0x0, 0xc, 0xff, 0xa4, 0x0, 0x0, 0x0, 0xc,
    0xff, 0xa4, 0x0, 0x0, 0x0, 0x9, 0xff, 0xa8,
    0x0, 0x0, 0x0, 0x0, 0xe9, 0xd8, 0x2, 0x0,
    0x0, 0x0, 0x85, 0xff, 0xc0, 0x5f, 0x0, 0x0,
    0x5, 0x81, 0xdf, 0xb6,

    /* U+007C "|" */
    0x90, 0xff, 0x20, 0x90, 0xff, 0x20, 0x90, 0xff,
    0x20, 0x90, 0xff, 0x20, 0x90, 0xff, 0x20, 0x90,
    0xff, 0x20, 0x90, 0xff, 0x20, 0x90, 0xff, 0x20,
    0x90, 0xff, 0x20, 0x90, 0xff, 0x20, 0x90, 0xff,
    0x20, 0x90, 0xff, 0x20, 0x90, 0xff, 0x20, 0x90,
    0xff, 0x20, 0x90, 0xff, 0x20, 0x90, 0xff, 0x20,
    0x90, 0xff, 0x20, 0x90, 0xff, 0x20,

    /* U+007D "}" */
    0x5c, 0xee, 0xb5, 0x29, 0x0, 0x0, 0x2e, 0x9b,
    0xf8, 0xe2, 0xd, 0x0, 0x0, 0x0, 0x7a, 0xff,
    0x4b, 0x0, 0x0, 0x0, 0x4b, 0xff, 0x67, 0x0,
    0x0, 0x0, 0x48, 0xff, 0x68, 0x0, 0x0, 0x0,
    0x48, 0xff, 0x68, 0x0, 0x0, 0x0, 0x45, 0xff,
    0x70, 0x0, 0x0, 0x0, 0x1d, 0xfd, 0xc6, 0x14,
    0x0, 0x0, 0x0, 0x60, 0xfc, 0xe0, 0x0, 0x0,
    0x2, 0xc9, 0xf9, 0x85, 0x0, 0x0, 0x35, 0xff,
    0x8e, 0x0, 0x0, 0x0, 0x48, 0xff, 0x69, 0x0,
    0x0, 0x0, 0x48, 0xff, 0x68, 0x0, 0x0, 0x0,
    0x48, 0xff, 0x68, 0x0, 0x0, 0x0, 0x4c, 0xff,
    0x65, 0x0, 0x0, 0x0, 0x7f, 0xff, 0x44, 0x0,
    0x2e, 0x9c, 0xfa, 0xd9, 0x7, 0x0, 0x5c, 0xee,
    0xb0, 0x21, 0x0, 0x0,

    /* U+007E "~" */
    0x0, 0x53, 0xe0, 0xea, 0xa5, 0x45, 0x1, 0x0,
    0x71, 0xa1, 0x1b, 0xf7, 0xdc, 0xbb, 0xfa, 0xff,
    0xe3, 0xb0, 0xf9, 0xaa, 0x36, 0xb4, 0x29, 0x0,
    0x14, 0x70, 0xc8, 0xf6, 0xbb, 0x19,

    /* U+00A0 " " */

    /* U+00A1 "¡" */
    0x0, 0xa3, 0xf1, 0x53, 0x2, 0xfa, 0xff, 0xa1,
    0x0, 0x59, 0xa1, 0x25, 0x0, 0x0, 0x0, 0x0,
    0x0, 0x50, 0xc0, 0xb, 0x0, 0x73, 0xff, 0x16,
    0x0, 0x7c, 0xff, 0x1f, 0x0, 0x86, 0xff, 0x29,
    0x0, 0x8f, 0xff, 0x32, 0x0, 0x96, 0xff, 0x3a,
    0x0, 0x98, 0xff, 0x3c, 0x0, 0x98, 0xff, 0x3c,
    0x0, 0x98, 0xff, 0x3c, 0x0, 0x98, 0xff, 0x3c,

    /* U+00A2 "¢" */
    0x0, 0x0, 0x0, 0x0, 0x1a, 0x84, 0x29, 0x0,
    0x0, 0x0, 0x0, 0x0, 0x0, 0x0, 0x34, 0xff,
    0x50, 0x0, 0x0, 0x0, 0x0, 0x0, 0x7, 0x6e,
    0xc6, 0xff, 0xd5, 0x82, 0x10, 0x0, 0x0, 0x15,
    0xd0, 0xff, 0xf8, 0xff, 0xf8, 0xff, 0xde, 0x1c,
    0x0, 0xb4, 0xff, 0xa0, 0x40, 0xff, 0x54, 0x8d,
    0xff, 0xaa, 0x28, 0xff, 0xd7, 0x2, 0x34, 0xff,
    0x50, 0x2, 0x65, 0x12, 0x60, 0xff, 0x83, 0x0,
    0x34, 0xff, 0x50, 0x0, 0x0, 0x0, 0x6a, 0xff,
    0x73, 0x0, 0x34, 0xff, 0x50, 0x0, 0x0, 0x0,
    0x4a, 0xff, 0xa3, 0x0, 0x34, 0xff, 0x50, 0x0,
    0x2, 0x0, 0x9, 0xec, 0xf9, 0x31, 0x34, 0xff,
    0x50, 0x1a, 0xe1, 0x84, 0x0, 0x59, 0xfe, 0xee,
    0x9f, 0xff, 0xa3, 0xe1, 0xff, 0x6a, 0x0, 0x0,
    0x59, 0xe8, 0xff, 0xff, 0xff, 0xf3, 0x72, 0x0,
    0x0, 0x0, 0x0, 0x6, 0x5f, 0xff, 0x7a, 0xd,
    0x0, 0x0, 0x0, 0x0, 0x0, 0x0, 0x34, 0xff,
    0x50, 0x0, 0x0, 0x0,

    /* U+00A3 "£" */
    0x0, 0x0, 0x5c, 0xcf, 0xf8, 0xe4, 0x99, 0x18,
    0x0, 0x0, 0x0, 0x0, 0x7b, 0xff, 0xf9, 0xca,
    0xdf, 0xff, 0xdb, 0x15, 0x0, 0x0, 0x19, 0xfa,
    0xee, 0x2a, 0x0, 0x1, 0x8a, 0xff, 0x81, 0x0,
    0x0, 0x51, 0xff, 0x91, 0x0, 0x0, 0x0, 0x9,
    0x4f, 0x3, 0x0, 0x0, 0x4a, 0xff, 0x95, 0x0,
    0x0, 0x0, 0x0, 0x0, 0x0, 0x0, 0x0, 0x10,
    0xf7, 0xe5, 0x6, 0x0, 0x0, 0x0, 0x0, 0x0,
    0x0, 0x0, 0x0, 0x94, 0xff, 0x71, 0x0, 0x0,
    0x0, 0x0, 0x0, 0x0, 0x0, 0x2f, 0x96, 0xff,
    0xef, 0x84, 0x84, 0x5c, 0x0, 0x0, 0x0, 0x0,
    0x5c, 0xff, 0xff, 0xff, 0xff, 0xff, 0xb4, 0x0,
    0x0, 0x0, 0x0, 0x0, 0x0, 0x6f, 0xff, 0x5d,
    0x0, 0x0, 0x0, 0x0, 0x0, 0x0, 0x0, 0x0,
    0x9d, 0xff, 0x2f, 0x0, 0x0, 0x0, 0x0, 0x0,
    0x0, 0x0, 0x37, 0xf7, 0xbf, 0x0, 0x0, 0x0,
    0x3, 0x9f, 0x7c, 0x1, 0x3f, 0xf8, 0xff, 0xd4,
    0xc0, 0xc0, 0xc0, 0xe1, 0xff, 0xa2, 0x0, 0x5c,
    0xff, 0xff, 0xff, 0xff, 0xff, 0xff, 0xeb, 0x95,
    0x8, 0x0,

    /* U+00A4 "¤" */
    0x31, 0x98, 0x5, 0x48, 0x81, 0x7f, 0x44, 0x6,
    0x9c, 0x2c, 0x6d, 0xff, 0xea, 0xff, 0xff, 0xff,
    0xff, 0xea, 0xfe, 0x66, 0x0, 0xc4, 0xff, 0x85,
    0x18, 0x1a, 0x90, 0xff, 0xbd, 0x0, 0x23, 0xff,
    0xab, 0x0, 0x0, 0x0, 0x0, 0xb7, 0xfd, 0x1a,
    0x4d, 0xff, 0x65, 0x0, 0x0, 0x0, 0x0, 0x6e,
    0xff, 0x41, 0x39, 0xff, 0x7f, 0x0, 0x0, 0x0,
    0x0, 0x88, 0xff, 0x2e, 0x4, 0xdd, 0xeb, 0x22,
    0x0, 0x0, 0x2a, 0xf1, 0xda, 0x2, 0x24, 0xe2,
    0xff, 0xf3, 0xab, 0xac, 0xf6, 0xff, 0xe0, 0x21,
    0x79, 0xe9, 0x58, 0xb2, 0xed, 0xeb, 0xab, 0x59,
    0xed, 0x71, 0x0, 0x17, 0x0, 0x0, 0x0, 0x0,
    0x0, 0x0, 0x17, 0x0,

    /* U+00A5 "¥" */
    0x4d, 0x80, 0x3f, 0x0, 0x0, 0x0, 0x0, 0x0,
    0x9, 0x7e, 0x7d, 0x8, 0x25, 0xf6, 0xe6, 0xe,
    0x0, 0x0, 0x0, 0x0, 0x82, 0xff, 0x8e, 0x0,
    0x0, 0x73, 0xff, 0x91, 0x0, 0x0, 0x0, 0x22,
    0xf7, 0xdd, 0xa, 0x0, 0x0, 0x2, 0xc7, 0xfc,
    0x32, 0x0, 0x0, 0xb4, 0xff, 0x43, 0x0, 0x0,
    0x0, 0x0, 0x29, 0xf8, 0xc9, 0x2, 0x4e, 0xff,
    0x9c, 0x0, 0x0, 0x0, 0x0, 0x0, 0x0, 0x78,
    0xff, 0x71, 0xde, 0xe6, 0x10, 0x0, 0x0, 0x0,
    0x0, 0x94, 0xff, 0xff, 0xff, 0xff, 0xff, 0xff,
    0xff, 0xff, 0x4, 0x0, 0x0, 0x4a, 0x80, 0x80,
    0x94, 0xff, 0xd8, 0x80, 0x80, 0x80, 0x2, 0x0,
    0x0, 0x0, 0x0, 0x0, 0x28, 0xff, 0xb0, 0x0,
    0x0, 0x0, 0x0, 0x0, 0x0, 0x94, 0xff, 0xff,
    0xff, 0xff, 0xff, 0xff, 0xff, 0xff, 0x4, 0x0,
    0x0, 0x4a, 0x80, 0x80, 0x94, 0xff, 0xd8, 0x80,
    0x80, 0x80, 0x2, 0x0, 0x0, 0x0, 0x0, 0x0,
    0x28, 0xff, 0xb0, 0x0, 0x0, 0x0, 0x0, 0x0,
    0x0, 0x0, 0x0, 0x0, 0x28, 0xff, 0xb0, 0x0,
    0x0, 0x0, 0x0, 0x0, 0x0, 0x0, 0x0, 0x0,
    0x28, 0xff, 0xb0, 0x0, 0x0, 0x0, 0x0, 0x0,

    /* U+00A6 "¦" */
    0x4a, 0x84, 0x10, 0x90, 0xff, 0x20, 0x90, 0xff,
    0x20, 0x90, 0xff, 0x20, 0x90, 0xff, 0x20, 0x90,
    0xff, 0x20, 0x90, 0xff, 0x20, 0x90, 0xff, 0x20,
    0x0, 0x0, 0x0, 0x14, 0x24, 0x4, 0x90, 0xff,
    0x20, 0x90, 0xff, 0x20, 0x90, 0xff, 0x20, 0x90,
    0xff, 0x20, 0x90, 0xff, 0x20, 0x90, 0xff, 0x20,
    0x90, 0xff, 0x20, 0x90, 0xff, 0x20,

    /* U+00A7 "§" */
    0x0, 0x0, 0x1c, 0x9c, 0xde, 0xf5, 0xd0, 0x65,
    0x1, 0x0, 0x0, 0x23, 0xec, 0xff, 0xe5, 0xc6,
    0xf4, 0xff, 0xa0, 0x0, 0x0, 0x99, 0xff, 0x90,
    0x3, 0x0, 0x18, 0xcf, 0xff, 0x3a, 0x0, 0xb2,
    0xff, 0x37, 0x0, 0x0, 0x0, 0x24, 0x27, 0x0,
    0x0, 0x71, 0xff, 0xcf, 0x32, 0x0, 0x0, 0x0,
    0x0, 0x0, 0x0, 0x3, 0xa2, 0xff, 0xff, 0xcf,
    0x77, 0x16, 0x0, 0x0, 0x0, 0x7, 0xb4, 0xff,
    0xd3, 0xed, 0xff, 0xf5, 0x72, 0x0, 0x0, 0x7c,
    0xff, 0x93, 0x0, 0x5, 0x58, 0xe5, 0xff, 0x5b,
    0x0, 0xb1, 0xff, 0x31, 0x0, 0x0, 0x0, 0x37,
    0xff, 0xc4, 0x0, 0x80, 0xff, 0xb0, 0x10, 0x0,
    0x0, 0xf, 0xff, 0xde, 0x0, 0xb, 0xc5, 0xff,
    0xf3, 0xa4, 0x4d, 0x80, 0xff, 0x9f, 0x0, 0x0,
    0x2, 0x60, 0xc3, 0xfe, 0xff, 0xff, 0xdc, 0x14,
    0x0, 0x0, 0x0, 0x0, 0x0, 0x1b, 0x7e, 0xf4,
    0xfd, 0x4b, 0x0, 0x4, 0x21, 0x0, 0x0, 0x0,
    0x0, 0x4b, 0xff, 0xc3, 0xe, 0xe8, 0xda, 0x4,
    0x0, 0x0, 0x0, 0xc, 0xff, 0xe0, 0x0, 0xb3,
    0xff, 0x9b, 0x7, 0x0, 0x5, 0x8a, 0xff, 0xb4,
    0x0, 0x18, 0xdd, 0xff, 0xea, 0xc5, 0xe9, 0xff,
    0xee, 0x2b, 0x0, 0x0, 0x12, 0x8b, 0xda, 0xf6,
    0xd9, 0x93, 0x19, 0x0,

    /* U+00A8 "¨" */
    0xa, 0x2f, 0x0, 0x0, 0x2e, 0xc, 0xb0, 0xff,
    0x55, 0x54, 0xff, 0xb3, 0x83, 0xee, 0x37, 0x34,
    0xed, 0x87,

    /* U+00A9 "©" */
    0x0, 0x0, 0x17, 0x95, 0xe0, 0xee, 0xcc, 0x66,
    0x1, 0x0, 0x0, 0x23, 0xdf, 0x78, 0x14, 0x1,
    0x2c, 0xb0, 0xa6, 0x1, 0x0, 0xc7, 0x5b, 0x1c,
    0xb3, 0xdd, 0x95, 0x5, 0xb2, 0x67, 0x26, 0xd8,
    0x0, 0xbb, 0x5b, 0x2, 0x3a, 0x0, 0x34, 0xc8,
    0x42, 0xb5, 0x0, 0xeb, 0x1, 0x0, 0x0, 0x0,
    0x12, 0xe5, 0x26, 0xdb, 0x0, 0xbb, 0x5f, 0x3,
    0x59, 0x9, 0x38, 0xc8, 0x0, 0xc9, 0x62, 0x1e,
    0xb6, 0xdd, 0x98, 0xa, 0xb9, 0x69, 0x0, 0x26,
    0xe3, 0x7e, 0x18, 0x2, 0x31, 0xb7, 0xaa, 0x2,
    0x0, 0x0, 0x19, 0x97, 0xe1, 0xf1, 0xcd, 0x6a,
    0x1, 0x0,

    /* U+00AA "ª" */
    0x0, 0x2, 0x6d, 0xd1, 0xf6, 0xe3, 0xa8, 0x22,
    0x0, 0x0, 0x80, 0xff, 0xdf, 0xa1, 0xa9, 0xf7,
    0xf0, 0x24, 0x0, 0x5, 0x4a, 0xa, 0x7, 0x0,
    0x34, 0xff, 0x96, 0x0, 0x11, 0x8e, 0xe8, 0xff,
    0xf8, 0xbc, 0xf8, 0xbf, 0x0, 0xc5, 0xff, 0xa3,
    0x50, 0x4f, 0x90, 0xfd, 0xc4, 0x24, 0xff, 0xc6,
    0x0, 0x0, 0x0, 0xd, 0xfe, 0xc4, 0x19, 0xff,
    0xc7, 0x0, 0x0, 0x1, 0x93, 0xff, 0xc4, 0x0,
    0xb6, 0xff, 0xc0, 0x8e, 0xca, 0xe4, 0xf5, 0xc4,
    0x0, 0xf, 0x95, 0xe5, 0xf4, 0xb5, 0x24, 0xa9,
    0x8c,

    /* U+00AB "«" */
    0x0, 0x0, 0x0, 0x0, 0x4e, 0x27, 0x0, 0x0,
    0x4e, 0x27, 0x0, 0x0, 0x0, 0x47, 0xf9, 0xa3,
    0x0, 0x47, 0xf9, 0xa3, 0x0, 0x0, 0x3c, 0xf5,
    0xbe, 0x9, 0x3c, 0xf5, 0xbe, 0x9, 0x0, 0x31,
    0xf0, 0xc5, 0xb, 0x31, 0xf0, 0xc5, 0xb, 0x0,
    0xb, 0xe8, 0xea, 0xf, 0xb, 0xe8, 0xea, 0xf,
    0x0, 0x0, 0x0, 0x67, 0xff, 0x8a, 0x0, 0x67,
    0xff, 0x8a, 0x0, 0x0, 0x0, 0x0, 0x77, 0xff,
    0x7f, 0x0, 0x77, 0xff, 0x7f, 0x0, 0x0, 0x0,
    0x0, 0x88, 0xff, 0x75, 0x0, 0x88, 0xff, 0x75,
    0x0, 0x0, 0x0, 0x0, 0x93, 0x5f, 0x0, 0x0,
    0x93, 0x5f,

    /* U+00AC "¬" */
    0x6, 0x80, 0x80, 0x80, 0x80, 0x80, 0x80, 0x80,
    0x80, 0x52, 0xc, 0xff, 0xff, 0xff, 0xff, 0xff,
    0xff, 0xff, 0xff, 0xa4, 0x0, 0x0, 0x0, 0x0,
    0x0, 0x0, 0x0, 0x0, 0xcc, 0xa4, 0x0, 0x0,
    0x0, 0x0, 0x0, 0x0, 0x0, 0x0, 0xcc, 0xa4,
    0x0, 0x0, 0x0, 0x0, 0x0, 0x0, 0x0, 0x0,
    0xcc, 0xa4, 0x0, 0x0, 0x0, 0x0, 0x0, 0x0,
    0x0, 0x0, 0xcc, 0xa4,

    /* U+00AD "­" */
    0x70, 0x80, 0x80, 0x80, 0x80, 0x80, 0x42, 0xe0,
    0xff, 0xff, 0xff, 0xff, 0xff, 0x84,

    /* U+00AE "®" */
    0x0, 0x0, 0x17, 0x95, 0xe0, 0xee, 0xcc, 0x66,
    0x1, 0x0, 0x0, 0x23, 0xdf, 0x78, 0x14, 0x1,
    0x2c, 0xb0, 0xa6, 0x1, 0x0, 0xc7, 0x5b, 0x33,
    0xe6, 0xdc, 0x9a, 0x2, 0xb2, 0x67, 0x26, 0xd8,
    0x0, 0x38, 0xb4, 0x2, 0xe0, 0x1c, 0x34, 0xc8,
    0x42, 0xb5, 0x0, 0x38, 0xf1, 0xe8, 0x9b, 0x0,
    0x12, 0xe5, 0x26, 0xdb, 0x0, 0x38, 0xb4, 0x6f,
    0x8d, 0x0, 0x38, 0xc8, 0x0, 0xc9, 0x62, 0x22,
    0x6d, 0x2, 0x8a, 0x14, 0xb9, 0x69, 0x0, 0x26,
    0xe3, 0x7e, 0x18, 0x2, 0x31, 0xb7, 0xaa, 0x2,
    0x0, 0x0, 0x19, 0x97, 0xe1, 0xf1, 0xcd, 0x6a,
    0x1, 0x0,

    /* U+00AF "¯" */
    0x19, 0x20, 0x20, 0x20, 0x20, 0x19, 0xcc, 0xff,
    0xff, 0xff, 0xff, 0xcc, 0x3c, 0x4c, 0x4c, 0x4c,
    0x4c, 0x3c,

    /* U+00B0 "°" */
    0x0, 0x0, 0x0, 0x1, 0x0, 0x0, 0x0, 0x4c,
    0xdd, 0xf7, 0xa8, 0xd, 0x1b, 0xf6, 0x91, 0x4f,
    0xe6, 0x91, 0x4f, 0xff, 0xb, 0x0, 0x8b, 0xcf,
    0x28, 0xfe, 0x6d, 0x21, 0xd5, 0xa4, 0x0, 0x74,
    0xfb, 0xff, 0xd2, 0x1b, 0x0, 0x0, 0x12, 0x29,
    0x3, 0x0,

    /* U+00B1 "±" */
    0x0, 0x0, 0x0, 0x2f, 0xb4, 0x2f, 0x0, 0x0,
    0x0, 0x0, 0x0, 0x0, 0x44, 0xff, 0x44, 0x0,
    0x0, 0x0, 0x0, 0x0, 0x0, 0x44, 0xff, 0x44,
    0x0, 0x0, 0x0, 0x70, 0x80, 0x80, 0xa2, 0xff,
    0xa2, 0x80, 0x80, 0x70, 0xe0, 0xff, 0xff, 0xff,
    0xff, 0xff, 0xff, 0xff, 0xe0, 0x0, 0x0, 0x0,
    0x44, 0xff, 0x44, 0x0, 0x0, 0x0, 0x0, 0x0,
    0x0, 0x44, 0xff, 0x44, 0x0, 0x0, 0x0, 0x0,
    0x0, 0x0, 0x44, 0xff, 0x44, 0x0, 0x0, 0x0,
    0x0, 0x0, 0x0, 0x0, 0x0, 0x0, 0x0, 0x0,
    0x0, 0x70, 0x80, 0x80, 0x80, 0x80, 0x80, 0x80,
    0x80, 0x70, 0xe0, 0xff, 0xff, 0xff, 0xff, 0xff,
    0xff, 0xff, 0xe0,

    /* U+00B2 "²" */
    0x1, 0x85, 0xec, 0xec, 0x8c, 0x2, 0x55, 0xfc,
    0x6f, 0x77, 0xff, 0x5b, 0x0, 0x29, 0x0, 0x23,
    0xfe, 0x5a, 0x0, 0x0, 0x1d, 0xd7, 0xb4, 0x2,
    0x0, 0x2a, 0xe3, 0xa9, 0x6, 0x0, 0x34, 0xee,
    0xcf, 0x4a, 0x48, 0x25, 0x7c, 0xff, 0xff, 0xff,
    0xff, 0x84,

    /* U+00B3 "³" */
    0x0, 0x81, 0xeb, 0xf5, 0xbe, 0x20, 0x11, 0x8c,
    0x66, 0x62, 0xf7, 0x7e, 0x0, 0x0, 0xa4, 0xff,
    0xed, 0x19, 0x0, 0x0, 0x1e, 0x4a, 0xe7, 0x8f,
    0x22, 0x83, 0x0, 0x0, 0xab, 0xc4, 0x41, 0xff,
    0x89, 0x64, 0xf4, 0x87, 0x0, 0x6f, 0xe5, 0xef,
    0x9e, 0xb,

    /* U+00B4 "´" */
    0x6, 0x86, 0x7c, 0x1, 0x58, 0xff, 0x7d, 0x0,
    0xc0, 0xe3, 0x9, 0x0,

    /* U+00B5 "µ" */
    0xf4, 0xe0, 0x0, 0x0, 0x0, 0x0, 0x20, 0xff,
    0xb8, 0xf4, 0xe0, 0x0, 0x0, 0x0, 0x0, 0x20,
    0xff, 0xb8, 0xf4, 0xe0, 0x0, 0x0, 0x0, 0x0,
    0x20, 0xff, 0xb8, 0xf4, 0xe0, 0x0, 0x0, 0x0,
    0x0, 0x20, 0xff, 0xb8, 0xf4, 0xe0, 0x0, 0x0,
    0x0, 0x0, 0x20, 0xff, 0xb8, 0xf4, 0xe2, 0x0,
    0x0, 0x0, 0x0, 0x29, 0xff, 0xb8, 0xf4, 0xf9,
    0x4, 0x0, 0x0, 0x0, 0x5e, 0xff, 0xb8, 0xf4,
    0xff, 0x73, 0x0, 0x0, 0x1d, 0xde, 0xff, 0xb8,
    0xf4, 0xff, 0xff, 0xcc, 0xb7, 0xf1, 0xc7, 0xff,
    0xb8, 0xf4, 0xe5, 0xb3, 0xf2, 0xed, 0x9b, 0x1b,
    0xff, 0xb8, 0xf4, 0xdd, 0x0, 0x0, 0x0, 0x0,
    0x0, 0x0, 0x0, 0xf4, 0xe0, 0x0, 0x0, 0x0,
    0x0, 0x0, 0x0, 0x0, 0xf4, 0xe0, 0x0, 0x0,
    0x0, 0x0, 0x0, 0x0, 0x0, 0xf4, 0xe0, 0x0,
    0x0, 0x0, 0x0, 0x0, 0x0, 0x0,

    /* U+00B6 "¶" */
    0x0, 0x0, 0x5a, 0xc8, 0xf6, 0xff, 0xff, 0xff,
    0xff, 0xff, 0xe0, 0x0, 0x8c, 0xff, 0xff, 0xff,
    0xff, 0xff, 0xdf, 0xbc, 0xf2, 0xe0, 0x30, 0xff,
    0xff, 0xff, 0xff, 0xff, 0xff, 0x84, 0x0, 0xcc,
    0xe0, 0x75, 0xff, 0xff, 0xff, 0xff, 0xff, 0xff,
    0x84, 0x0, 0xcc, 0xe0, 0x79, 0xff, 0xff, 0xff,
    0xff, 0xff, 0xff, 0x84, 0x0, 0xcc, 0xe0, 0x3f,
    0xff, 0xff, 0xff, 0xff, 0xff, 0xff, 0x84, 0x0,
    0xcc, 0xe0, 0x0, 0xab, 0xff, 0xff, 0xff, 0xff,
    0xff, 0x84, 0x0, 0xcc, 0xe0, 0x0, 0x5, 0x80,
    0xeb, 0xff, 0xff, 0xff, 0x84, 0x0, 0xcc, 0xe0,
    0x0, 0x0, 0x0, 0x1, 0x1b, 0x46, 0xff, 0x84,
    0x0, 0xcc, 0xe0, 0x0, 0x0, 0x0, 0x0, 0x0,
    0x28, 0xff, 0x84, 0x0, 0xcc, 0xe0, 0x0, 0x0,
    0x0, 0x0, 0x0, 0x28, 0xff, 0x84, 0x0, 0xcc,
    0xe0, 0x0, 0x0, 0x0, 0x0, 0x0, 0x28, 0xff,
    0x84, 0x0, 0xcc, 0xe0, 0x0, 0x0, 0x0, 0x0,
    0x0, 0x28, 0xff, 0x84, 0x0, 0xcc, 0xe0, 0x0,
    0x0, 0x0, 0x0, 0x0, 0x28, 0xff, 0x84, 0x0,
    0xcc, 0xe0, 0x0, 0x0, 0x0, 0x0, 0x0, 0x28,
    0xff, 0x84, 0x0, 0xcc, 0xe0, 0x0, 0x0, 0x0,
    0x0, 0x0, 0x28, 0xff, 0x84, 0x0, 0xcc, 0xe0,
    0x0, 0x0, 0x0, 0x0, 0x0, 0x28, 0xff, 0x84,
    0x0, 0xcc, 0xe0, 0x0, 0x0, 0x0, 0x0, 0x0,
    0x28, 0xff, 0x84, 0x0, 0xcc, 0xe0,

    /* U+00B7 "·" */
    0x1a, 0x9d, 0x67, 0x0, 0x89, 0xff, 0xff, 0x12,
    0x41, 0xed, 0xb7, 0x2,

    /* U+00B8 "¸" */
    0x0, 0xbd, 0x4e, 0x0, 0x0, 0x23, 0xff, 0xfd,
    0xa2, 0x0, 0x0, 0x37, 0x20, 0xfa, 0x37, 0x36,
    0x80, 0x18, 0xf8, 0x39, 0x28, 0xe5, 0xff, 0xa9,
    0x0, 0x0, 0x5, 0x16, 0x0, 0x0,

    /* U+00B9 "¹" */
    0xd, 0x71, 0xe1, 0xa4, 0x4b, 0xd5, 0xe7, 0xa4,
    0x0, 0x0, 0xc4, 0xa4, 0x0, 0x0, 0xc4, 0xa4,
    0x0, 0x0, 0xc4, 0xa4, 0x0, 0x0, 0xc4, 0xa4,
    0x0, 0x0, 0xc4, 0xa4,

    /* U+00BA "º" */
    0x0, 0x0, 0x2b, 0xae, 0xef, 0xf7, 0xcb, 0x57,
    0x0, 0x0, 0x0, 0x36, 0xf3, 0xfe, 0xbb, 0xac,
    0xef, 0xff, 0x7d, 0x0, 0x0, 0xd5, 0xfe, 0x4b,
    0x0, 0x0, 0x1e, 0xe0, 0xfd, 0x29, 0x2a, 0xff,
    0xaf, 0x0, 0x0, 0x0, 0x0, 0x5e, 0xff, 0x7a,
    0x43, 0xff, 0x87, 0x0, 0x0, 0x0, 0x0, 0x33,
    0xff, 0x92, 0x2a, 0xff, 0xaf, 0x0, 0x0, 0x0,
    0x0, 0x5d, 0xff, 0x7a, 0x0, 0xd6, 0xfe, 0x4e,
    0x0, 0x0, 0x1c, 0xdf, 0xfe, 0x2a, 0x0, 0x3a,
    0xf6, 0xfe, 0xbf, 0xae, 0xf0, 0xff, 0x83, 0x0,
    0x0, 0x0, 0x2f, 0xb1, 0xf0, 0xf8, 0xcc, 0x5c,
    0x0, 0x0,

    /* U+00BB "»" */
    0x18, 0x5c, 0x0, 0x0, 0x18, 0x5c, 0x0, 0x0,
    0x0, 0x0, 0x84, 0xfe, 0x61, 0x0, 0x84, 0xfe,
    0x61, 0x0, 0x0, 0x0, 0x2, 0xa5, 0xfc, 0x52,
    0x2, 0xa5, 0xfc, 0x52, 0x0, 0x0, 0x0, 0x4,
    0xad, 0xf9, 0x45, 0x4, 0xad, 0xf9, 0x45, 0x0,
    0x0, 0x0, 0x5, 0xd4, 0xf4, 0x1a, 0x5, 0xd4,
    0xf4, 0x1a, 0x0, 0x0, 0x6b, 0xff, 0x82, 0x0,
    0x6b, 0xff, 0x82, 0x0, 0x0, 0x61, 0xfe, 0x94,
    0x0, 0x61, 0xfe, 0x94, 0x0, 0x0, 0x57, 0xfd,
    0xa4, 0x1, 0x57, 0xfd, 0xa4, 0x1, 0x0, 0x0,
    0x47, 0xa8, 0x4, 0x0, 0x47, 0xa8, 0x4, 0x0,
    0x0, 0x0,

    /* U+00BC "¼" */
    0x0, 0x0, 0x5, 0x39, 0x7, 0x0, 0x0, 0x0,
    0x0, 0x0, 0x0, 0x2a, 0x0, 0x0, 0x0, 0x6d,
    0xe1, 0xff, 0x20, 0x0, 0x0, 0x0, 0x0, 0x0,
    0x4a, 0xfe, 0x34, 0x0, 0x0, 0xa2, 0xaa, 0xff,
    0x20, 0x0, 0x0, 0x0, 0x0, 0x10, 0xe5, 0xab,
    0x0, 0x0, 0x0, 0x0, 0x48, 0xff, 0x20, 0x0,
    0x0, 0x0, 0x0, 0xa3, 0xe9, 0x14, 0x0, 0x0,
    0x0, 0x0, 0x48, 0xff, 0x20, 0x0, 0x0, 0x0,
    0x4f, 0xff, 0x52, 0x0, 0x0, 0x0, 0x0, 0x0,
    0x48, 0xff, 0x20, 0x0, 0x0, 0x13, 0xe8, 0xa5,
    0x0, 0x0, 0x0, 0x0, 0x0, 0x0, 0x48, 0xff,
    0x20, 0x0, 0x0, 0xa9, 0xe6, 0x12, 0x0, 0x0,
    0x0, 0x0, 0x0, 0x0, 0x48, 0xff, 0x20, 0x0,
    0x55, 0xff, 0x4c, 0x0, 0x0, 0x2f, 0x26, 0x0,
    0x0, 0x0, 0x0, 0x0, 0x0, 0x16, 0xeb, 0x9f,
    0x0, 0x0, 0x48, 0xfd, 0xa4, 0x0, 0x0, 0x0,
    0x0, 0x0, 0x0, 0xae, 0xe3, 0xf, 0x0, 0x20,
    0xe9, 0xeb, 0xa4, 0x0, 0x0, 0x0, 0x0, 0x0,
    0x5b, 0xff, 0x47, 0x0, 0x8, 0xcd, 0x72, 0xc4,
    0xa4, 0x0, 0x0, 0x0, 0x0, 0x19, 0xee, 0x9a,
    0x0, 0x0, 0x9d, 0xab, 0x0, 0xc4, 0xa4, 0x0,
    0x0, 0x0, 0x0, 0xb3, 0xe0, 0xd, 0x0, 0x2a,
    0xff, 0xff, 0xff, 0xff, 0xff, 0x98, 0x0, 0x0,
    0x61, 0xfe, 0x42, 0x0, 0x0, 0x9, 0x30, 0x30,
    0x30, 0xcf, 0xb5, 0x1c, 0x0, 0x0, 0xae, 0x94,
    0x0, 0x0, 0x0, 0x0, 0x0, 0x0, 0x0, 0xc4,
    0xa4, 0x0, 0x0, 0x0, 0x0, 0x6, 0x0, 0x0,
    0x0, 0x0, 0x0, 0x0, 0x0, 0x0, 0x0, 0x0,

    /* U+00BD "½" */
    0x0, 0x0, 0x0, 0x0, 0x0, 0x0, 0x0, 0x0,
    0x0, 0x0, 0x0, 0x6, 0x0, 0x0, 0x0, 0x0,
    0x2f, 0xa9, 0xfd, 0x20, 0x0, 0x0, 0x0, 0x0,
    0x0, 0x49, 0xdf, 0x15, 0x0, 0x0, 0x0, 0xd9,
    0xdc, 0xff, 0x20, 0x0, 0x0, 0x0, 0x0, 0x10,
    0xe5, 0xab, 0x0, 0x0, 0x0, 0x0, 0xc, 0x48,
    0xff, 0x20, 0x0, 0x0, 0x0, 0x0, 0xa3, 0xe9,
    0x15, 0x0, 0x0, 0x0, 0x0, 0x0, 0x48, 0xff,
    0x20, 0x0, 0x0, 0x0, 0x50, 0xff, 0x52, 0x0,
    0x0, 0x0, 0x0, 0x0, 0x0, 0x48, 0xff, 0x20,
    0x0, 0x0, 0x13, 0xe8, 0xa5, 0x0, 0x0, 0x0,
    0x0, 0x0, 0x0, 0x0, 0x48, 0xff, 0x20, 0x0,
    0x0, 0xa9, 0xe6, 0x12, 0x0, 0x0, 0x0, 0x0,
    0x0, 0x0, 0x0, 0x48, 0xff, 0x20, 0x0, 0x56,
    0xff, 0x4c, 0x0, 0x0, 0x1, 0x0, 0x0, 0x0,
    0x0, 0x0, 0x10, 0x3c, 0x7, 0x17, 0xeb, 0x9e,
    0x0, 0x9, 0xa2, 0xf7, 0xec, 0x75, 0x0, 0x0,
    0x0, 0x0, 0x0, 0x0, 0xaf, 0xe3, 0xf, 0x0,
    0x75, 0xf2, 0x53, 0x83, 0xff, 0x38, 0x0, 0x0,
    0x0, 0x0, 0x5d, 0xff, 0x46, 0x0, 0x0, 0x1,
    0x26, 0x0, 0x3c, 0xff, 0x42, 0x0, 0x0, 0x0,
    0x1a, 0xee, 0x98, 0x0, 0x0, 0x0, 0x0, 0x0,
    0x1e, 0xde, 0xb6, 0x1, 0x0, 0x0, 0x0, 0xb5,
    0xdf, 0xc, 0x0, 0x0, 0x0, 0x0, 0x22, 0xe0,
    0xb9, 0xa, 0x0, 0x0, 0x0, 0x63, 0xfe, 0x41,
    0x0, 0x0, 0x0, 0x0, 0x27, 0xe4, 0xb9, 0x13,
    0xc, 0x4, 0x0, 0x6, 0xe4, 0x92, 0x0, 0x0,
    0x0, 0x0, 0x0, 0x97, 0xff, 0xff, 0xff, 0xff,
    0x68, 0x0, 0x0, 0x1d, 0xa, 0x0, 0x0, 0x0,
    0x0, 0x0, 0x21, 0x38, 0x38, 0x38, 0x38, 0x16,

    /* U+00BE "¾" */
    0x0, 0x0, 0x0, 0x1, 0x0, 0x0, 0x0, 0x0,
    0x0, 0x0, 0x0, 0x0, 0x0, 0x0, 0x0, 0x0,
    0x0, 0x24, 0xcb, 0xfd, 0xde, 0x4a, 0x0, 0x0,
    0x0, 0x0, 0x0, 0x0, 0x76, 0x9c, 0x0, 0x0,
    0x0, 0x7c, 0xd0, 0x4d, 0xb4, 0xee, 0x1, 0x0,
    0x0, 0x0, 0x0, 0x2e, 0xf9, 0x76, 0x0, 0x0,
    0x0, 0x0, 0x1, 0x4, 0x91, 0xec, 0x2, 0x0,
    0x0, 0x0, 0x6, 0xd2, 0xc3, 0x2, 0x0, 0x0,
    0x0, 0x0, 0x28, 0xff, 0xff, 0x77, 0x0, 0x0,
    0x0, 0x0, 0x8a, 0xf3, 0x21, 0x0, 0x0, 0x0,
    0x0, 0x0, 0x9, 0x33, 0x83, 0xfa, 0x25, 0x0,
    0x0, 0x3d, 0xfd, 0x63, 0x0, 0x0, 0x0, 0x0,
    0x0, 0xbf, 0x9a, 0x11, 0x6b, 0xff, 0x31, 0x0,
    0xd, 0xdf, 0xb2, 0x0, 0x0, 0x0, 0x0, 0x0,
    0x0, 0x56, 0xf2, 0xff, 0xfd, 0x90, 0x0, 0x0,
    0x9e, 0xeb, 0x17, 0x0, 0x0, 0x39, 0x1b, 0x0,
    0x0, 0x0, 0xb, 0x2e, 0x15, 0x0, 0x0, 0x4f,
    0xff, 0x52, 0x0, 0x0, 0x73, 0xff, 0x74, 0x0,
    0x0, 0x0, 0x0, 0x0, 0x0, 0x0, 0x16, 0xea,
    0xa0, 0x0, 0x0, 0x3e, 0xec, 0xfa, 0x74, 0x0,
    0x0, 0x0, 0x0, 0x0, 0x0, 0x0, 0xb1, 0xe1,
    0xe, 0x0, 0x19, 0xe6, 0x4d, 0xf0, 0x74, 0x0,
    0x0, 0x0, 0x0, 0x0, 0x0, 0x63, 0xfe, 0x40,
    0x0, 0x5, 0xc4, 0x7e, 0x0, 0xf0, 0x74, 0x0,
    0x0, 0x0, 0x0, 0x0, 0x21, 0xf2, 0x8d, 0x0,
    0x0, 0x56, 0xff, 0xff, 0xff, 0xff, 0xff, 0x6c,
    0x0, 0x0, 0x0, 0x2, 0xc3, 0xd4, 0x8, 0x0,
    0x0, 0x11, 0x30, 0x30, 0x30, 0xf3, 0x8e, 0x14,
    0x0, 0x0, 0x0, 0x2c, 0xe8, 0x31, 0x0, 0x0,
    0x0, 0x0, 0x0, 0x0, 0x0, 0xf0, 0x74, 0x0,
    0x0, 0x0, 0x0, 0x0, 0x7, 0x0, 0x0, 0x0,
    0x0, 0x0, 0x0, 0x0, 0x0, 0x0, 0x0, 0x0,

    /* U+00BF "¿" */
    0x0, 0x0, 0x0, 0x30, 0xe7, 0xc7, 0x8, 0x0,
    0x0, 0x0, 0x0, 0x0, 0x71, 0xff, 0xff, 0x29,
    0x0, 0x0, 0x0, 0x0, 0x0, 0x11, 0x97, 0x77,
    0x0, 0x0, 0x0, 0x0, 0x0, 0x0, 0x0, 0x0,
    0x0, 0x0, 0x0, 0x0, 0x0, 0x0, 0x0, 0xb,
    0x98, 0x79, 0x0, 0x0, 0x0, 0x0, 0x0, 0x0,
    0x24, 0xff, 0xc4, 0x0, 0x0, 0x0, 0x0, 0x0,
    0x0, 0xa0, 0xff, 0x7f, 0x0, 0x0, 0x0, 0x0,
    0x1, 0x95, 0xff, 0xb8, 0x6, 0x0, 0x0, 0x0,
    0x0, 0x85, 0xff, 0xae, 0x6, 0x0, 0x0, 0x0,
    0x0, 0x17, 0xfb, 0xda, 0x7, 0x0, 0x0, 0x0,
    0x0, 0x0, 0x3d, 0xff, 0xab, 0x0, 0x0, 0x0,
    0x0, 0x5a, 0xe, 0x18, 0xfd, 0xed, 0x22, 0x0,
    0x0, 0x6e, 0xff, 0xb1, 0x0, 0x8b, 0xff, 0xf8,
    0xc8, 0xd8, 0xff, 0xe9, 0x27, 0x0, 0x0, 0x59,
    0xc9, 0xf2, 0xe8, 0xa5, 0x22, 0x0,

    /* U+00C0 "À" */
    0x0, 0x0, 0x0, 0x0, 0x50, 0xff, 0x9b, 0x0,
    0x0, 0x0, 0x0, 0x0, 0x0, 0x0, 0x0, 0x0,
    0x0, 0x0, 0x0, 0xbe, 0xf4, 0xf, 0x0, 0x0,
    0x0, 0x0, 0x0, 0x0, 0x0, 0x0, 0x0, 0x0,
    0x0, 0x29, 0x88, 0x2c, 0x0, 0x0, 0x0, 0x0,
    0x0, 0x0, 0x0, 0x0, 0x0, 0x0, 0x0, 0x0,
    0x0, 0x0, 0x0, 0x0, 0x0, 0x0, 0x0, 0x0,
    0x0, 0x0, 0x0, 0x0, 0x0, 0x8e, 0xff, 0xe5,
    0x3, 0x0, 0x0, 0x0, 0x0, 0x0, 0x0, 0x0,
    0x0, 0x0, 0x5, 0xea, 0xfd, 0xff, 0x4b, 0x0,
    0x0, 0x0, 0x0, 0x0, 0x0, 0x0, 0x0, 0x0,
    0x53, 0xff, 0x83, 0xfb, 0xae, 0x0, 0x0, 0x0,
    0x0, 0x0, 0x0, 0x0, 0x0, 0x0, 0xb6, 0xfa,
    0x14, 0xb4, 0xfa, 0x16, 0x0, 0x0, 0x0, 0x0,
    0x0, 0x0, 0x0, 0x1c, 0xfd, 0xb1, 0x0, 0x56,
    0xff, 0x74, 0x0, 0x0, 0x0, 0x0, 0x0, 0x0,
    0x0, 0x7c, 0xff, 0x53, 0x0, 0x7, 0xef, 0xd7,
    0x0, 0x0, 0x0, 0x0, 0x0, 0x0, 0x1, 0xdd,
    0xee, 0x6, 0x0, 0x0, 0x9a, 0xff, 0x3a, 0x0,
    0x0, 0x0, 0x0, 0x0, 0x42, 0xff, 0x96, 0x0,
    0x0, 0x0, 0x3b, 0xff, 0x9c, 0x0, 0x0, 0x0,
    0x0, 0x0, 0xa4, 0xff, 0xce, 0xb4, 0xb4, 0xb4,
    0xb4, 0xfe, 0xf3, 0xc, 0x0, 0x0, 0x0, 0x10,
    0xf6, 0xff, 0xff, 0xff, 0xff, 0xff, 0xff, 0xff,
    0xff, 0x62, 0x0, 0x0, 0x0, 0x6a, 0xff, 0x82,
    0x0, 0x0, 0x0, 0x0, 0x0, 0x21, 0xff, 0xc5,
    0x0, 0x0, 0x0, 0xcd, 0xff, 0x28, 0x0, 0x0,
    0x0, 0x0, 0x0, 0x0, 0xc9, 0xff, 0x28, 0x0,
    0x30, 0xff, 0xce, 0x0, 0x0, 0x0, 0x0, 0x0,
    0x0, 0x0, 0x71, 0xff, 0x8b, 0x0, 0x93, 0xff,
    0x74, 0x0, 0x0, 0x0, 0x0, 0x0, 0x0, 0x0,
    0x1a, 0xfd, 0xe9, 0x5,

    /* U+00C1 "Á" */
    0x0, 0x0, 0x0, 0x0, 0x0, 0x0, 0x41, 0xff,
    0xaa, 0x0, 0x0, 0x0, 0x0, 0x0, 0x0, 0x0,
    0x0, 0x0, 0x0, 0x0, 0xa9, 0xf8, 0x21, 0x0,
    0x0, 0x0, 0x0, 0x0, 0x0, 0x0, 0x0, 0x0,
    0x0, 0x1, 0x82, 0x5a, 0x0, 0x0, 0x0, 0x0,
    0x0, 0x0, 0x0, 0x0, 0x0, 0x0, 0x0, 0x0,
    0x0, 0x0, 0x0, 0x0, 0x0, 0x0, 0x0, 0x0,
    0x0, 0x0, 0x0, 0x0, 0x0, 0x8e, 0xff, 0xe5,
    0x3, 0x0, 0x0, 0x0, 0x0, 0x0, 0x0, 0x0,
    0x0, 0x0, 0x5, 0xea, 0xfd, 0xff, 0x4b, 0x0,
    0x0, 0x0, 0x0, 0x0, 0x0, 0x0, 0x0, 0x0,
    0x53, 0xff, 0x83, 0xfb, 0xae, 0x0, 0x0, 0x0,
    0x0, 0x0, 0x0, 0x0, 0x0, 0x0, 0xb6, 0xfa,
    0x14, 0xb4, 0xfa, 0x16, 0x0, 0x0, 0x0, 0x0,
    0x0, 0x0, 0x0, 0x1c, 0xfd, 0xb1, 0x0, 0x56,
    0xff, 0x74, 0x0, 0x0, 0x0, 0x0, 0x0, 0x0,
    0x0, 0x7c, 0xff, 0x53, 0x0, 0x7, 0xef, 0xd7,
    0x0, 0x0, 0x0, 0x0, 0x0, 0x0, 0x1, 0xdd,
    0xee, 0x6, 0x0, 0x0, 0x9a, 0xff, 0x3a, 0x0,
    0x0, 0x0, 0x0, 0x0, 0x42, 0xff, 0x96, 0x0,
    0x0, 0x0, 0x3b, 0xff, 0x9c, 0x0, 0x0, 0x0,
    0x0, 0x0, 0xa4, 0xff, 0xce, 0xb4, 0xb4, 0xb4,
    0xb4, 0xfe, 0xf3, 0xc, 0x0, 0x0, 0x0, 0x10,
    0xf6, 0xff, 0xff, 0xff, 0xff, 0xff, 0xff, 0xff,
    0xff, 0x62, 0x0, 0x0, 0x0, 0x6a, 0xff, 0x82,
    0x0, 0x0, 0x0, 0x0, 0x0, 0x21, 0xff, 0xc5,
    0x0, 0x0, 0x0, 0xcd, 0xff, 0x28, 0x0, 0x0,
    0x0, 0x0, 0x0, 0x0, 0xc9, 0xff, 0x28, 0x0,
    0x30, 0xff, 0xce, 0x0, 0x0, 0x0, 0x0, 0x0,
    0x0, 0x0, 0x71, 0xff, 0x8b, 0x0, 0x93, 0xff,
    0x74, 0x0, 0x0, 0x0, 0x0, 0x0, 0x0, 0x0,
    0x1a, 0xfd, 0xe9, 0x5,

    /* U+00C2 "Â" */
    0x0, 0x0, 0x0, 0x0, 0x0, 0x8e, 0xff, 0xd6,
    0xe, 0x0, 0x0, 0x0, 0x0, 0x0, 0x0, 0x0,
    0x0, 0x0, 0x68, 0xff, 0x84, 0xeb, 0xb5, 0x2,
    0x0, 0x0, 0x0, 0x0, 0x0, 0x0, 0x0, 0x9,
    0x7c, 0x65, 0x0, 0x38, 0x80, 0x2b, 0x0, 0x0,
    0x0, 0x0, 0x0, 0x0, 0x0, 0x0, 0x0, 0x0,
    0x0, 0x0, 0x0, 0x0, 0x0, 0x0, 0x0, 0x0,
    0x0, 0x0, 0x0, 0x0, 0x0, 0x8e, 0xff, 0xe5,
    0x3, 0x0, 0x0, 0x0, 0x0, 0x0, 0x0, 0x0,
    0x0, 0x0, 0x5, 0xea, 0xfd, 0xff, 0x4b, 0x0,
    0x0, 0x0, 0x0, 0x0, 0x0, 0x0, 0x0, 0x0,
    0x53, 0xff, 0x83, 0xfb, 0xae, 0x0, 0x0, 0x0,
    0x0, 0x0, 0x0, 0x0, 0x0, 0x0, 0xb6, 0xfa,
    0x14, 0xb4, 0xfa, 0x16, 0x0, 0x0, 0x0, 0x0,
    0x0, 0x0, 0x0, 0x1c, 0xfd, 0xb1, 0x0, 0x56,
    0xff, 0x74, 0x0, 0x0, 0x0, 0x0, 0x0, 0x0,
    0x0, 0x7c, 0xff, 0x53, 0x0, 0x7, 0xef, 0xd7,
    0x0, 0x0, 0x0, 0x0, 0x0, 0x0, 0x1, 0xdd,
    0xee, 0x6, 0x0, 0x0, 0x9a, 0xff, 0x3a, 0x0,
    0x0, 0x0, 0x0, 0x0, 0x42, 0xff, 0x96, 0x0,
    0x0, 0x0, 0x3b, 0xff, 0x9c, 0x0, 0x0, 0x0,
    0x0, 0x0, 0xa4, 0xff, 0xce, 0xb4, 0xb4, 0xb4,
    0xb4, 0xfe, 0xf3, 0xc, 0x0, 0x0, 0x0, 0x10,
    0xf6, 0xff, 0xff, 0xff, 0xff, 0xff, 0xff, 0xff,
    0xff, 0x62, 0x0, 0x0, 0x0, 0x6a, 0xff, 0x82,
    0x0, 0x0, 0x0, 0x0, 0x0, 0x21, 0xff, 0xc5,
    0x0, 0x0, 0x0, 0xcd, 0xff, 0x28, 0x0, 0x0,
    0x0, 0x0, 0x0, 0x0, 0xc9, 0xff, 0x28, 0x0,
    0x30, 0xff, 0xce, 0x0, 0x0, 0x0, 0x0, 0x0,
    0x0, 0x0, 0x71, 0xff, 0x8b, 0x0, 0x93, 0xff,
    0x74, 0x0, 0x0, 0x0, 0x0, 0x0, 0x0, 0x0,
    0x1a, 0xfd, 0xe9, 0x5,

    /* U+00C3 "Ã" */
    0x0, 0x0, 0x0, 0x3, 0x9d, 0xf1, 0xb4, 0x31,
    0x97, 0xfc, 0x7, 0x0, 0x0, 0x0, 0x0, 0x0,
    0x0, 0x62, 0xff, 0xc4, 0xf9, 0xff, 0xff, 0xac,
    0x0, 0x0, 0x0, 0x0, 0x0, 0x0, 0x0, 0x5c,
    0x9b, 0x1, 0x21, 0x87, 0x79, 0x9, 0x0, 0x0,
    0x0, 0x0, 0x0, 0x0, 0x0, 0x0, 0x0, 0x0,
    0x0, 0x0, 0x0, 0x0, 0x0, 0x0, 0x0, 0x0,
    0x0, 0x0, 0x0, 0x0, 0x0, 0x8e, 0xff, 0xe5,
    0x3, 0x0, 0x0, 0x0, 0x0, 0x0, 0x0, 0x0,
    0x0, 0x0, 0x5, 0xea, 0xfd, 0xff, 0x4b, 0x0,
    0x0, 0x0, 0x0, 0x0, 0x0, 0x0, 0x0, 0x0,
    0x53, 0xff, 0x83, 0xfb, 0xae, 0x0, 0x0, 0x0,
    0x0, 0x0, 0x0, 0x0, 0x0, 0x0, 0xb6, 0xfa,
    0x14, 0xb4, 0xfa, 0x16, 0x0, 0x0, 0x0, 0x0,
    0x0, 0x0, 0x0, 0x1c, 0xfd, 0xb1, 0x0, 0x56,
    0xff, 0x74, 0x0, 0x0, 0x0, 0x0, 0x0, 0x0,
    0x0, 0x7c, 0xff, 0x53, 0x0, 0x7, 0xef, 0xd7,
    0x0, 0x0, 0x0, 0x0, 0x0, 0x0, 0x1, 0xdd,
    0xee, 0x6, 0x0, 0x0, 0x9a, 0xff, 0x3a, 0x0,
    0x0, 0x0, 0x0, 0x0, 0x42, 0xff, 0x96, 0x0,
    0x0, 0x0, 0x3b, 0xff, 0x9c, 0x0, 0x0, 0x0,
    0x0, 0x0, 0xa4, 0xff, 0xce, 0xb4, 0xb4, 0xb4,
    0xb4, 0xfe, 0xf3, 0xc, 0x0, 0x0, 0x0, 0x10,
    0xf6, 0xff, 0xff, 0xff, 0xff, 0xff, 0xff, 0xff,
    0xff, 0x62, 0x0, 0x0, 0x0, 0x6a, 0xff, 0x82,
    0x0, 0x0, 0x0, 0x0, 0x0, 0x21, 0xff, 0xc5,
    0x0, 0x0, 0x0, 0xcd, 0xff, 0x28, 0x0, 0x0,
    0x0, 0x0, 0x0, 0x0, 0xc9, 0xff, 0x28, 0x0,
    0x30, 0xff, 0xce, 0x0, 0x0, 0x0, 0x0, 0x0,
    0x0, 0x0, 0x71, 0xff, 0x8b, 0x0, 0x93, 0xff,
    0x74, 0x0, 0x0, 0x0, 0x0, 0x0, 0x0, 0x0,
    0x1a, 0xfd, 0xe9, 0x5,

    /* U+00C4 "Ä" */
    0x0, 0x0, 0x0, 0x7, 0xcf, 0xd2, 0x7, 0x7e,
    0xf0, 0x41, 0x0, 0x0, 0x0, 0x0, 0x0, 0x0,
    0x0, 0xf, 0xf1, 0xf4, 0xf, 0xa4, 0xff, 0x5f,
    0x0, 0x0, 0x0, 0x0, 0x0, 0x0, 0x0, 0x0,
    0x1b, 0x1d, 0x0, 0x7, 0x30, 0x0, 0x0, 0x0,
    0x0, 0x0, 0x0, 0x0, 0x0, 0x0, 0x0, 0x0,
    0x0, 0x0, 0x0, 0x0, 0x0, 0x0, 0x0, 0x0,
    0x0, 0x0, 0x0, 0x0, 0x0, 0x8e, 0xff, 0xe5,
    0x3, 0x0, 0x0, 0x0, 0x0, 0x0, 0x0, 0x0,
    0x0, 0x0, 0x5, 0xea, 0xfd, 0xff, 0x4b, 0x0,
    0x0, 0x0, 0x0, 0x0, 0x0, 0x0, 0x0, 0x0,
    0x53, 0xff, 0x83, 0xfb, 0xae, 0x0, 0x0, 0x0,
    0x0, 0x0, 0x0, 0x0, 0x0, 0x0, 0xb6, 0xfa,
    0x14, 0xb4, 0xfa, 0x16, 0x0, 0x0, 0x0, 0x0,
    0x0, 0x0, 0x0, 0x1c, 0xfd, 0xb1, 0x0, 0x56,
    0xff, 0x74, 0x0, 0x0, 0x0, 0x0, 0x0, 0x0,
    0x0, 0x7c, 0xff, 0x53, 0x0, 0x7, 0xef, 0xd7,
    0x0, 0x0, 0x0, 0x0, 0x0, 0x0, 0x1, 0xdd,
    0xee, 0x6, 0x0, 0x0, 0x9a, 0xff, 0x3a, 0x0,
    0x0, 0x0, 0x0, 0x0, 0x42, 0xff, 0x96, 0x0,
    0x0, 0x0, 0x3b, 0xff, 0x9c, 0x0, 0x0, 0x0,
    0x0, 0x0, 0xa4, 0xff, 0xce, 0xb4, 0xb4, 0xb4,
    0xb4, 0xfe, 0xf3, 0xc, 0x0, 0x0, 0x0, 0x10,
    0xf6, 0xff, 0xff, 0xff, 0xff, 0xff, 0xff, 0xff,
    0xff, 0x62, 0x0, 0x0, 0x0, 0x6a, 0xff, 0x82,
    0x0, 0x0, 0x0, 0x0, 0x0, 0x21, 0xff, 0xc5,
    0x0, 0x0, 0x0, 0xcd, 0xff, 0x28, 0x0, 0x0,
    0x0, 0x0, 0x0, 0x0, 0xc9, 0xff, 0x28, 0x0,
    0x30, 0xff, 0xce, 0x0, 0x0, 0x0, 0x0, 0x0,
    0x0, 0x0, 0x71, 0xff, 0x8b, 0x0, 0x93, 0xff,
    0x74, 0x0, 0x0, 0x0, 0x0, 0x0, 0x0, 0x0,
    0x1a, 0xfd, 0xe9, 0x5,

    /* U+00C5 "Å" */
    0x0, 0x0, 0x0, 0x0, 0x0, 0x0, 0x1, 0x0,
    0x0, 0x0, 0x0, 0x0, 0x0, 0x0, 0x0, 0x0,
    0x0, 0x0, 0x2, 0x9c, 0xf8, 0xcc, 0x20, 0x0,
    0x0, 0x0, 0x0, 0x0, 0x0, 0x0, 0x0, 0x0,
    0x4c, 0xfd, 0x54, 0xcb, 0xa3, 0x0, 0x0, 0x0,
    0x0, 0x0, 0x0, 0x0, 0x0, 0x0, 0x4c, 0xf7,
    0x1c, 0xb2, 0xa8, 0x0, 0x0, 0x0, 0x0, 0x0,
    0x0, 0x0, 0x0, 0x0, 0x3, 0xd1, 0xff, 0xff,
    0x30, 0x0, 0x0, 0x0, 0x0, 0x0, 0x0, 0x0,
    0x0, 0x0, 0xb, 0xf3, 0xfd, 0xff, 0x5c, 0x0,
    0x0, 0x0, 0x0, 0x0, 0x0, 0x0, 0x0, 0x0,
    0x61, 0xff, 0x83, 0xfb, 0xbd, 0x0, 0x0, 0x0,
    0x0, 0x0, 0x0, 0x0, 0x0, 0x0, 0xc3, 0xfa,
    0x14, 0xb4, 0xfe, 0x20, 0x0, 0x0, 0x0, 0x0,
    0x0, 0x0, 0x0, 0x24, 0xff, 0xb1, 0x0, 0x56,
    0xff, 0x80, 0x0, 0x0, 0x0, 0x0, 0x0, 0x0,
    0x0, 0x86, 0xff, 0x53, 0x0, 0x7, 0xef, 0xe0,
    0x1, 0x0, 0x0, 0x0, 0x0, 0x0, 0x3, 0xe4,
    0xee, 0x6, 0x0, 0x0, 0x9a, 0xff, 0x44, 0x0,
    0x0, 0x0, 0x0, 0x0, 0x49, 0xff, 0x96, 0x0,
    0x0, 0x0, 0x3b, 0xff, 0xa5, 0x0, 0x0, 0x0,
    0x0, 0x0, 0xab, 0xff, 0xce, 0xb4, 0xb4, 0xb4,
    0xb4, 0xfe, 0xf7, 0x10, 0x0, 0x0, 0x0, 0x13,
    0xf9, 0xff, 0xff, 0xff, 0xff, 0xff, 0xff, 0xff,
    0xff, 0x68, 0x0, 0x0, 0x0, 0x6e, 0xff, 0x82,
    0x0, 0x0, 0x0, 0x0, 0x0, 0x21, 0xff, 0xca,
    0x0, 0x0, 0x0, 0xcf, 0xff, 0x28, 0x0, 0x0,
    0x0, 0x0, 0x0, 0x0, 0xc9, 0xff, 0x2b, 0x0,
    0x32, 0xff, 0xce, 0x0, 0x0, 0x0, 0x0, 0x0,
    0x0, 0x0, 0x71, 0xff, 0x8d, 0x0, 0x93, 0xff,
    0x74, 0x0, 0x0, 0x0, 0x0, 0x0, 0x0, 0x0,
    0x1a, 0xfd, 0xe9, 0x5,

    /* U+00C6 "Æ" */
    0x0, 0x0, 0x0, 0x0, 0x0, 0x0, 0x0, 0x0,
    0x98, 0xff, 0xff, 0xff, 0xff, 0xff, 0xff, 0xff,
    0xff, 0xff, 0x28, 0x0, 0x0, 0x0, 0x0, 0x0,
    0x0, 0x0, 0x37, 0xfd, 0xf4, 0xff, 0xe7, 0xbc,
    0xbc, 0xbc, 0xbc, 0xbc, 0xbc, 0x1d, 0x0, 0x0,
    0x0, 0x0, 0x0, 0x0, 0x3, 0xcf, 0xfe, 0x71,
    0xff, 0xa4, 0x0, 0x0, 0x0, 0x0, 0x0, 0x0,
    0x0, 0x0, 0x0, 0x0, 0x0, 0x0, 0x0, 0x72,
    0xff, 0x9b, 0x34, 0xff, 0xa4, 0x0, 0x0, 0x0,
    0x0, 0x0, 0x0, 0x0, 0x0, 0x0, 0x0, 0x0,
    0x0, 0x1c, 0xf3, 0xe9, 0x11, 0x34, 0xff, 0xa4,
    0x0, 0x0, 0x0, 0x0, 0x0, 0x0, 0x0, 0x0,
    0x0, 0x0, 0x0, 0x0, 0xae, 0xff, 0x59, 0x0,
    0x34, 0xff, 0xa4, 0x0, 0x0, 0x0, 0x0, 0x0,
    0x0, 0x0, 0x0, 0x0, 0x0, 0x0, 0x4b, 0xff,
    0xb8, 0x0, 0x0, 0x34, 0xff, 0xff, 0xff, 0xff,
    0xff, 0xff, 0xff, 0x84, 0x0, 0x0, 0x0, 0x0,
    0xa, 0xdf, 0xf6, 0x21, 0x0, 0x0, 0x34, 0xff,
    0xe4, 0xb4, 0xb4, 0xb4, 0xb4, 0xb4, 0x5c, 0x0,
    0x0, 0x0, 0x0, 0x88, 0xff, 0xe8, 0xb4, 0xb4,
    0xb4, 0xc3, 0xff, 0xa4, 0x0, 0x0, 0x0, 0x0,
    0x0, 0x0, 0x0, 0x0, 0x0, 0x2a, 0xfa, 0xff,
    0xff, 0xff, 0xff, 0xff, 0xff, 0xff, 0xa4, 0x0,
    0x0, 0x0, 0x0, 0x0, 0x0, 0x0, 0x0, 0x1,
    0xc2, 0xff, 0x49, 0x0, 0x0, 0x0, 0x0, 0x34,
    0xff, 0xa4, 0x0, 0x0, 0x0, 0x0, 0x0, 0x0,
    0x0, 0x0, 0x62, 0xff, 0xb7, 0x0, 0x0, 0x0,
    0x0, 0x0, 0x34, 0xff, 0xa4, 0x0, 0x0, 0x0,
    0x0, 0x0, 0x0, 0x0, 0x13, 0xeb, 0xfb, 0x28,
    0x0, 0x0, 0x0, 0x0, 0x0, 0x34, 0xff, 0xe7,
    0xbc, 0xbc, 0xbc, 0xbc, 0xbc, 0xbc, 0x1d, 0x9d,
    0xff, 0x91, 0x0, 0x0, 0x0, 0x0, 0x0, 0x0,
    0x34, 0xff, 0xff, 0xff, 0xff, 0xff, 0xff, 0xff,
    0xff, 0x28,

    /* U+00C7 "Ç" */
    0x0, 0x0, 0x0, 0x0, 0x22, 0x8d, 0xd1, 0xf0,
    0xf7, 0xde, 0x9e, 0x37, 0x0, 0x0, 0x0, 0x0,
    0x1, 0x7b, 0xfb, 0xff, 0xf3, 0xca, 0xc4, 0xe7,
    0xff, 0xfe, 0x90, 0x2, 0x0, 0x0, 0x90, 0xff,
    0xe4, 0x57, 0x4, 0x0, 0x0, 0x1, 0x42, 0xd6,
    0xef, 0x2a, 0x0, 0x4f, 0xff, 0xdc, 0x17, 0x0,
    0x0, 0x0, 0x0, 0x0, 0x0, 0x10, 0x29, 0x0,
    0x0, 0xcd, 0xff, 0x3b, 0x0, 0x0, 0x0, 0x0,
    0x0, 0x0, 0x0, 0x0, 0x0, 0x0, 0x18, 0xff,
    0xd6, 0x0, 0x0, 0x0, 0x0, 0x0, 0x0, 0x0,
    0x0, 0x0, 0x0, 0x0, 0x38, 0xff, 0xab, 0x0,
    0x0, 0x0, 0x0, 0x0, 0x0, 0x0, 0x0, 0x0,
    0x0, 0x0, 0x3a, 0xff, 0xaa, 0x0, 0x0, 0x0,
    0x0, 0x0, 0x0, 0x0, 0x0, 0x0, 0x0, 0x0,
    0x18, 0xff, 0xd5, 0x0, 0x0, 0x0, 0x0, 0x0,
    0x0, 0x0, 0x0, 0x0, 0x0, 0x0, 0x0, 0xcc,
    0xff, 0x39, 0x0, 0x0, 0x0, 0x0, 0x0, 0x0,
    0x0, 0x0, 0x0, 0x0, 0x0, 0x50, 0xff, 0xda,
    0x15, 0x0, 0x0, 0x0, 0x0, 0x0, 0x0, 0x5,
    0x6e, 0x6, 0x0, 0x0, 0x94, 0xff, 0xe2, 0x53,
    0x3, 0x0, 0x0, 0x0, 0x39, 0xc7, 0xff, 0x94,
    0x0, 0x0, 0x1, 0x81, 0xfa, 0xff, 0xef, 0xc5,
    0xc0, 0xe3, 0xff, 0xff, 0xb5, 0x10, 0x0, 0x0,
    0x0, 0x0, 0x25, 0x8c, 0xcf, 0xfa, 0xfa, 0xe2,
    0xa8, 0x48, 0x0, 0x0, 0x0, 0x0, 0x0, 0x0,
    0x0, 0x0, 0x16, 0xf1, 0xe8, 0x84, 0x0, 0x0,
    0x0, 0x0, 0x0, 0x0, 0x0, 0x0, 0x0, 0x0,
    0x6, 0x4c, 0x3c, 0xfd, 0x30, 0x0, 0x0, 0x0,
    0x0, 0x0, 0x0, 0x0, 0x0, 0x0, 0x41, 0x8f,
    0x41, 0xfc, 0x31, 0x0, 0x0, 0x0, 0x0, 0x0,
    0x0, 0x0, 0x0, 0x0, 0x1d, 0xc9, 0xf2, 0x89,
    0x0, 0x0, 0x0, 0x0,

    /* U+00C8 "È" */
    0x0, 0x0, 0x2e, 0xfd, 0xbf, 0x0, 0x0, 0x0,
    0x0, 0x0, 0x0, 0x0, 0x9a, 0xff, 0x28, 0x0,
    0x0, 0x0, 0x0, 0x0, 0x0, 0x16, 0x88, 0x3f,
    0x0, 0x0, 0x0, 0x0, 0x0, 0x0, 0x0, 0x0,
    0x0, 0x0, 0x0, 0x0, 0x90, 0xff, 0xff, 0xff,
    0xff, 0xff, 0xff, 0xff, 0xcc, 0x90, 0xff, 0xcf,
    0xbc, 0xbc, 0xbc, 0xbc, 0xbc, 0x95, 0x90, 0xff,
    0x48, 0x0, 0x0, 0x0, 0x0, 0x0, 0x0, 0x90,
    0xff, 0x48, 0x0, 0x0, 0x0, 0x0, 0x0, 0x0,
    0x90, 0xff, 0x48, 0x0, 0x0, 0x0, 0x0, 0x0,
    0x0, 0x90, 0xff, 0x48, 0x0, 0x0, 0x0, 0x0,
    0x0, 0x0, 0x90, 0xff, 0xff, 0xff, 0xff, 0xff,
    0xff, 0xff, 0x28, 0x90, 0xff, 0xc9, 0xb4, 0xb4,
    0xb4, 0xb4, 0xb4, 0x1c, 0x90, 0xff, 0x48, 0x0,
    0x0, 0x0, 0x0, 0x0, 0x0, 0x90, 0xff, 0x48,
    0x0, 0x0, 0x0, 0x0, 0x0, 0x0, 0x90, 0xff,
    0x48, 0x0, 0x0, 0x0, 0x0, 0x0, 0x0, 0x90,
    0xff, 0x48, 0x0, 0x0, 0x0, 0x0, 0x0, 0x0,
    0x90, 0xff, 0xcf, 0xbc, 0xbc, 0xbc, 0xbc, 0xbc,
    0x95, 0x90, 0xff, 0xff, 0xff, 0xff, 0xff, 0xff,
    0xff, 0xcc,

    /* U+00C9 "É" */
    0x0, 0x0, 0x0, 0x0, 0x79, 0xff, 0x72, 0x0,
    0x0, 0x0, 0x0, 0x0, 0x2, 0xde, 0xdb, 0x6,
    0x0, 0x0, 0x0, 0x0, 0x0, 0x19, 0x88, 0x3c,
    0x0, 0x0, 0x0, 0x0, 0x0, 0x0, 0x0, 0x0,
    0x0, 0x0, 0x0, 0x0, 0x90, 0xff, 0xff, 0xff,
    0xff, 0xff, 0xff, 0xff, 0xcc, 0x90, 0xff, 0xcf,
    0xbc, 0xbc, 0xbc, 0xbc, 0xbc, 0x95, 0x90, 0xff,
    0x48, 0x0, 0x0, 0x0, 0x0, 0x0, 0x0, 0x90,
    0xff, 0x48, 0x0, 0x0, 0x0, 0x0, 0x0, 0x0,
    0x90, 0xff, 0x48, 0x0, 0x0, 0x0, 0x0, 0x0,
    0x0, 0x90, 0xff, 0x48, 0x0, 0x0, 0x0, 0x0,
    0x0, 0x0, 0x90, 0xff, 0xff, 0xff, 0xff, 0xff,
    0xff, 0xff, 0x28, 0x90, 0xff, 0xc9, 0xb4, 0xb4,
    0xb4, 0xb4, 0xb4, 0x1c, 0x90, 0xff, 0x48, 0x0,
    0x0, 0x0, 0x0, 0x0, 0x0, 0x90, 0xff, 0x48,
    0x0, 0x0, 0x0, 0x0, 0x0, 0x0, 0x90, 0xff,
    0x48, 0x0, 0x0, 0x0, 0x0, 0x0, 0x0, 0x90,
    0xff, 0x48, 0x0, 0x0, 0x0, 0x0, 0x0, 0x0,
    0x90, 0xff, 0xcf, 0xbc, 0xbc, 0xbc, 0xbc, 0xbc,
    0x95, 0x90, 0xff, 0xff, 0xff, 0xff, 0xff, 0xff,
    0xff, 0xcc,

    /* U+00CA "Ê" */
    0x0, 0x0, 0x0, 0x9c, 0xff, 0xcb, 0x9, 0x0,
    0x0, 0x0, 0x0, 0x77, 0xff, 0x81, 0xf2, 0xa7,
    0x0, 0x0, 0x0, 0xd, 0x7e, 0x5f, 0x0, 0x40,
    0x80, 0x23, 0x0, 0x0, 0x0, 0x0, 0x0, 0x0,
    0x0, 0x0, 0x0, 0x0, 0x90, 0xff, 0xff, 0xff,
    0xff, 0xff, 0xff, 0xff, 0xcc, 0x90, 0xff, 0xcf,
    0xbc, 0xbc, 0xbc, 0xbc, 0xbc, 0x95, 0x90, 0xff,
    0x48, 0x0, 0x0, 0x0, 0x0, 0x0, 0x0, 0x90,
    0xff, 0x48, 0x0, 0x0, 0x0, 0x0, 0x0, 0x0,
    0x90, 0xff, 0x48, 0x0, 0x0, 0x0, 0x0, 0x0,
    0x0, 0x90, 0xff, 0x48, 0x0, 0x0, 0x0, 0x0,
    0x0, 0x0, 0x90, 0xff, 0xff, 0xff, 0xff, 0xff,
    0xff, 0xff, 0x28, 0x90, 0xff, 0xc9, 0xb4, 0xb4,
    0xb4, 0xb4, 0xb4, 0x1c, 0x90, 0xff, 0x48, 0x0,
    0x0, 0x0, 0x0, 0x0, 0x0, 0x90, 0xff, 0x48,
    0x0, 0x0, 0x0, 0x0, 0x0, 0x0, 0x90, 0xff,
    0x48, 0x0, 0x0, 0x0, 0x0, 0x0, 0x0, 0x90,
    0xff, 0x48, 0x0, 0x0, 0x0, 0x0, 0x0, 0x0,
    0x90, 0xff, 0xcf, 0xbc, 0xbc, 0xbc, 0xbc, 0xbc,
    0x95, 0x90, 0xff, 0xff, 0xff, 0xff, 0xff, 0xff,
    0xff, 0xcc,

    /* U+00CB "Ë" */
    0x0, 0x18, 0xe1, 0xb6, 0x0, 0xa0, 0xe9, 0x26,
    0x0, 0x0, 0x28, 0xfc, 0xdf, 0x0, 0xc8, 0xff,
    0x3c, 0x0, 0x0, 0x0, 0x23, 0x14, 0x0, 0xe,
    0x29, 0x0, 0x0, 0x0, 0x0, 0x0, 0x0, 0x0,
    0x0, 0x0, 0x0, 0x0, 0x90, 0xff, 0xff, 0xff,
    0xff, 0xff, 0xff, 0xff, 0xcc, 0x90, 0xff, 0xcf,
    0xbc, 0xbc, 0xbc, 0xbc, 0xbc, 0x95, 0x90, 0xff,
    0x48, 0x0, 0x0, 0x0, 0x0, 0x0, 0x0, 0x90,
    0xff, 0x48, 0x0, 0x0, 0x0, 0x0, 0x0, 0x0,
    0x90, 0xff, 0x48, 0x0, 0x0, 0x0, 0x0, 0x0,
    0x0, 0x90, 0xff, 0x48, 0x0, 0x0, 0x0, 0x0,
    0x0, 0x0, 0x90, 0xff, 0xff, 0xff, 0xff, 0xff,
    0xff, 0xff, 0x28, 0x90, 0xff, 0xc9, 0xb4, 0xb4,
    0xb4, 0xb4, 0xb4, 0x1c, 0x90, 0xff, 0x48, 0x0,
    0x0, 0x0, 0x0, 0x0, 0x0, 0x90, 0xff, 0x48,
    0x0, 0x0, 0x0, 0x0, 0x0, 0x0, 0x90, 0xff,
    0x48, 0x0, 0x0, 0x0, 0x0, 0x0, 0x0, 0x90,
    0xff, 0x48, 0x0, 0x0, 0x0, 0x0, 0x0, 0x0,
    0x90, 0xff, 0xcf, 0xbc, 0xbc, 0xbc, 0xbc, 0xbc,
    0x95, 0x90, 0xff, 0xff, 0xff, 0xff, 0xff, 0xff,
    0xff, 0xcc,

    /* U+00CC "Ì" */
    0x98, 0xff, 0x53, 0x0, 0x15, 0xf0, 0xbc, 0x0,
    0x0, 0x50, 0x86, 0x7, 0x0, 0x0, 0x0, 0x0,
    0x0, 0x90, 0xff, 0x48, 0x0, 0x90, 0xff, 0x48,
    0x0, 0x90, 0xff, 0x48, 0x0, 0x90, 0xff, 0x48,
    0x0, 0x90, 0xff, 0x48, 0x0, 0x90, 0xff, 0x48,
    0x0, 0x90, 0xff, 0x48, 0x0, 0x90, 0xff, 0x48,
    0x0, 0x90, 0xff, 0x48, 0x0, 0x90, 0xff, 0x48,
    0x0, 0x90, 0xff, 0x48, 0x0, 0x90, 0xff, 0x48,
    0x0, 0x90, 0xff, 0x48, 0x0, 0x90, 0xff, 0x48,

    /* U+00CD "Í" */
    0x0, 0x9d, 0xff, 0x4e, 0xf, 0xf5, 0xbd, 0x0,
    0x2c, 0x88, 0x29, 0x0, 0x0, 0x0, 0x0, 0x0,
    0x90, 0xff, 0x48, 0x0, 0x90, 0xff, 0x48, 0x0,
    0x90, 0xff, 0x48, 0x0, 0x90, 0xff, 0x48, 0x0,
    0x90, 0xff, 0x48, 0x0, 0x90, 0xff, 0x48, 0x0,
    0x90, 0xff, 0x48, 0x0, 0x90, 0xff, 0x48, 0x0,
    0x90, 0xff, 0x48, 0x0, 0x90, 0xff, 0x48, 0x0,
    0x90, 0xff, 0x48, 0x0, 0x90, 0xff, 0x48, 0x0,
    0x90, 0xff, 0x48, 0x0, 0x90, 0xff, 0x48, 0x0,

    /* U+00CE "Î" */
    0x0, 0xc, 0xd0, 0xff, 0x91, 0x0, 0x0, 0x3,
    0xb5, 0xf0, 0x82, 0xff, 0x64, 0x0, 0x2d, 0x80,
    0x3d, 0x0, 0x62, 0x7a, 0x7, 0x0, 0x0, 0x0,
    0x0, 0x0, 0x0, 0x0, 0x0, 0x0, 0x90, 0xff,
    0x48, 0x0, 0x0, 0x0, 0x0, 0x90, 0xff, 0x48,
    0x0, 0x0, 0x0, 0x0, 0x90, 0xff, 0x48, 0x0,
    0x0, 0x0, 0x0, 0x90, 0xff, 0x48, 0x0, 0x0,
    0x0, 0x0, 0x90, 0xff, 0x48, 0x0, 0x0, 0x0,
    0x0, 0x90, 0xff, 0x48, 0x0, 0x0, 0x0, 0x0,
    0x90, 0xff, 0x48, 0x0, 0x0, 0x0, 0x0, 0x90,
    0xff, 0x48, 0x0, 0x0, 0x0, 0x0, 0x90, 0xff,
    0x48, 0x0, 0x0, 0x0, 0x0, 0x90, 0xff, 0x48,
    0x0, 0x0, 0x0, 0x0, 0x90, 0xff, 0x48, 0x0,
    0x0, 0x0, 0x0, 0x90, 0xff, 0x48, 0x0, 0x0,
    0x0, 0x0, 0x90, 0xff, 0x48, 0x0, 0x0, 0x0,
    0x0, 0x90, 0xff, 0x48, 0x0, 0x0,

    /* U+00CF "Ï" */
    0x7, 0xcf, 0xd3, 0x38, 0xec, 0x95, 0xf, 0xf1,
    0xf4, 0x58, 0xff, 0xbb, 0x0, 0x1b, 0x1d, 0x0,
    0x2b, 0xd, 0x0, 0x0, 0x0, 0x0, 0x0, 0x0,
    0x0, 0x0, 0x90, 0xff, 0x48, 0x0, 0x0, 0x0,
    0x90, 0xff, 0x48, 0x0, 0x0, 0x0, 0x90, 0xff,
    0x48, 0x0, 0x0, 0x0, 0x90, 0xff, 0x48, 0x0,
    0x0, 0x0, 0x90, 0xff, 0x48, 0x0, 0x0, 0x0,
    0x90, 0xff, 0x48, 0x0, 0x0, 0x0, 0x90, 0xff,
    0x48, 0x0, 0x0, 0x0, 0x90, 0xff, 0x48, 0x0,
    0x0, 0x0, 0x90, 0xff, 0x48, 0x0, 0x0, 0x0,
    0x90, 0xff, 0x48, 0x0, 0x0, 0x0, 0x90, 0xff,
    0x48, 0x0, 0x0, 0x0, 0x90, 0xff, 0x48, 0x0,
    0x0, 0x0, 0x90, 0xff, 0x48, 0x0, 0x0, 0x0,
    0x90, 0xff, 0x48, 0x0,

    /* U+00D0 "Ð" */
    0x0, 0x5c, 0xff, 0xff, 0xff, 0xff, 0xf6, 0xdd,
    0xa3, 0x41, 0x0, 0x0, 0x0, 0x0, 0x0, 0x5c,
    0xff, 0xdc, 0xbc, 0xbc, 0xc5, 0xe6, 0xff, 0xff,
    0xab, 0xc, 0x0, 0x0, 0x0, 0x5c, 0xff, 0x7c,
    0x0, 0x0, 0x0, 0x0, 0x37, 0xc5, 0xff, 0xbb,
    0x4, 0x0, 0x0, 0x5c, 0xff, 0x7c, 0x0, 0x0,
    0x0, 0x0, 0x0, 0x5, 0xbc, 0xff, 0x6d, 0x0,
    0x0, 0x5c, 0xff, 0x7c, 0x0, 0x0, 0x0, 0x0,
    0x0, 0x0, 0x22, 0xfc, 0xde, 0x0, 0x0, 0x5c,
    0xff, 0x7c, 0x0, 0x0, 0x0, 0x0, 0x0, 0x0,
    0x0, 0xc7, 0xff, 0x20, 0xe0, 0xff, 0xff, 0xff,
    0xff, 0xff, 0xff, 0x7c, 0x0, 0x0, 0x0, 0xa2,
    0xff, 0x3d, 0x70, 0xae, 0xff, 0xbe, 0x80, 0x80,
    0x80, 0x3e, 0x0, 0x0, 0x0, 0xa3, 0xff, 0x3c,
    0x0, 0x5c, 0xff, 0x7c, 0x0, 0x0, 0x0, 0x0,
    0x0, 0x0, 0x0, 0xc7, 0xff, 0x21, 0x0, 0x5c,
    0xff, 0x7c, 0x0, 0x0, 0x0, 0x0, 0x0, 0x0,
    0x21, 0xfb, 0xdf, 0x0, 0x0, 0x5c, 0xff, 0x7c,
    0x0, 0x0, 0x0, 0x0, 0x0, 0x4, 0xb9, 0xff,
    0x6f, 0x0, 0x0, 0x5c, 0xff, 0x7c, 0x0, 0x0,
    0x0, 0x0, 0x34, 0xc2, 0xff, 0xbe, 0x5, 0x0,
    0x0, 0x5c, 0xff, 0xdc, 0xbc, 0xbc, 0xc4, 0xe5,
    0xff, 0xff, 0xaf, 0xe, 0x0, 0x0, 0x0, 0x5c,
    0xff, 0xff, 0xff, 0xff, 0xf7, 0xdf, 0xa4, 0x44,
    0x0, 0x0, 0x0, 0x0,

    /* U+00D1 "Ñ" */
    0x0, 0x0, 0x0, 0x52, 0xe4, 0xdb, 0x61, 0x3c,
    0xff, 0x67, 0x0, 0x0, 0x0, 0x0, 0xd, 0xf2,
    0xdd, 0xe1, 0xff, 0xff, 0xf4, 0x1c, 0x0, 0x0,
    0x0, 0x0, 0x1e, 0xa0, 0x38, 0x7, 0x67, 0x8f,
    0x2f, 0x0, 0x0, 0x0, 0x0, 0x0, 0x0, 0x0,
    0x0, 0x0, 0x0, 0x0, 0x0, 0x0, 0x0, 0x0,
    0x90, 0xff, 0xec, 0x15, 0x0, 0x0, 0x0, 0x0,
    0x0, 0x5c, 0xff, 0x7c, 0x90, 0xff, 0xff, 0xa4,
    0x0, 0x0, 0x0, 0x0, 0x0, 0x5c, 0xff, 0x7c,
    0x90, 0xff, 0xe9, 0xff, 0x48, 0x0, 0x0, 0x0,
    0x0, 0x5c, 0xff, 0x7c, 0x90, 0xff, 0x63, 0xf8,
    0xe0, 0xb, 0x0, 0x0, 0x0, 0x5c, 0xff, 0x7c,
    0x90, 0xff, 0x42, 0x7e, 0xff, 0x8f, 0x0, 0x0,
    0x0, 0x5c, 0xff, 0x7c, 0x90, 0xff, 0x47, 0x6,
    0xd5, 0xfd, 0x35, 0x0, 0x0, 0x5c, 0xff, 0x7c,
    0x90, 0xff, 0x48, 0x0, 0x3a, 0xfe, 0xd1, 0x4,
    0x0, 0x5c, 0xff, 0x7c, 0x90, 0xff, 0x48, 0x0,
    0x0, 0x95, 0xff, 0x79, 0x0, 0x5c, 0xff, 0x7c,
    0x90, 0xff, 0x48, 0x0, 0x0, 0xe, 0xe3, 0xf7,
    0x25, 0x5a, 0xff, 0x7c, 0x90, 0xff, 0x48, 0x0,
    0x0, 0x0, 0x4e, 0xff, 0xbe, 0x53, 0xff, 0x7c,
    0x90, 0xff, 0x48, 0x0, 0x0, 0x0, 0x0, 0xab,
    0xff, 0xb0, 0xff, 0x7c, 0x90, 0xff, 0x48, 0x0,
    0x0, 0x0, 0x0, 0x18, 0xef, 0xff, 0xff, 0x7c,
    0x90, 0xff, 0x48, 0x0, 0x0, 0x0, 0x0, 0x0,
    0x65, 0xff, 0xff, 0x7c, 0x90, 0xff, 0x48, 0x0,
    0x0, 0x0, 0x0, 0x0, 0x1, 0xc0, 0xff, 0x7c,

    /* U+00D2 "Ò" */
    0x0, 0x0, 0x0, 0x0, 0x0, 0x4, 0xd7, 0xf9,
    0x16, 0x0, 0x0, 0x0, 0x0, 0x0, 0x0, 0x0,
    0x0, 0x0, 0x0, 0x0, 0x0, 0x0, 0x4a, 0xff,
    0x7a, 0x0, 0x0, 0x0, 0x0, 0x0, 0x0, 0x0,
    0x0, 0x0, 0x0, 0x0, 0x0, 0x0, 0x0, 0x74,
    0x6c, 0x0, 0x0, 0x0, 0x0, 0x0, 0x0, 0x0,
    0x0, 0x0, 0x0, 0x0, 0x0, 0x0, 0x0, 0x0,
    0x0, 0x0, 0x0, 0x0, 0x0, 0x0, 0x0, 0x0,
    0x0, 0x0, 0x0, 0x0, 0x24, 0x90, 0xd4, 0xf2,
    0xf6, 0xdc, 0x9e, 0x38, 0x0, 0x0, 0x0, 0x0,
    0x0, 0x0, 0x1, 0x7c, 0xfb, 0xff, 0xf0, 0xc9,
    0xc5, 0xe8, 0xff, 0xff, 0xa0, 0x9, 0x0, 0x0,
    0x0, 0x0, 0x90, 0xff, 0xe4, 0x55, 0x4, 0x0,
    0x0, 0x0, 0x3e, 0xcd, 0xff, 0xba, 0x4, 0x0,
    0x0, 0x4e, 0xff, 0xdd, 0x17, 0x0, 0x0, 0x0,
    0x0, 0x0, 0x0, 0x8, 0xbc, 0xff, 0x7c, 0x0,
    0x0, 0xcc, 0xff, 0x3e, 0x0, 0x0, 0x0, 0x0,
    0x0, 0x0, 0x0, 0x0, 0x17, 0xf3, 0xf2, 0x8,
    0x18, 0xff, 0xd7, 0x0, 0x0, 0x0, 0x0, 0x0,
    0x0, 0x0, 0x0, 0x0, 0x0, 0xa4, 0xff, 0x46,
    0x38, 0xff, 0xab, 0x0, 0x0, 0x0, 0x0, 0x0,
    0x0, 0x0, 0x0, 0x0, 0x0, 0x78, 0xff, 0x68,
    0x39, 0xff, 0xaa, 0x0, 0x0, 0x0, 0x0, 0x0,
    0x0, 0x0, 0x0, 0x0, 0x0, 0x78, 0xff, 0x67,
    0x18, 0xff, 0xd7, 0x0, 0x0, 0x0, 0x0, 0x0,
    0x0, 0x0, 0x0, 0x0, 0x0, 0xa4, 0xff, 0x47,
    0x0, 0xcc, 0xff, 0x3d, 0x0, 0x0, 0x0, 0x0,
    0x0, 0x0, 0x0, 0x0, 0x17, 0xf3, 0xf3, 0x9,
    0x0, 0x4d, 0xff, 0xdc, 0x17, 0x0, 0x0, 0x0,
    0x0, 0x0, 0x0, 0x7, 0xbc, 0xff, 0x7e, 0x0,
    0x0, 0x0, 0x90, 0xff, 0xe3, 0x54, 0x3, 0x0,
    0x0, 0x0, 0x3d, 0xcc, 0xff, 0xbd, 0x5, 0x0,
    0x0, 0x0, 0x1, 0x7d, 0xfc, 0xff, 0xf0, 0xc7,
    0xc4, 0xe7, 0xff, 0xff, 0xa3, 0xa, 0x0, 0x0,
    0x0, 0x0, 0x0, 0x0, 0x25, 0x90, 0xd5, 0xf3,
    0xf7, 0xdd, 0x9f, 0x39, 0x0, 0x0, 0x0, 0x0,

    /* U+00D3 "Ó" */
    0x0, 0x0, 0x0, 0x0, 0x0, 0x0, 0x0, 0x1,
    0xdb, 0xf4, 0x1a, 0x0, 0x0, 0x0, 0x0, 0x0,
    0x0, 0x0, 0x0, 0x0, 0x0, 0x0, 0x0, 0x47,
    0xff, 0x7d, 0x0, 0x0, 0x0, 0x0, 0x0, 0x0,
    0x0, 0x0, 0x0, 0x0, 0x0, 0x0, 0x0, 0x50,
    0x86, 0x9, 0x0, 0x0, 0x0, 0x0, 0x0, 0x0,
    0x0, 0x0, 0x0, 0x0, 0x0, 0x0, 0x0, 0x0,
    0x0, 0x0, 0x0, 0x0, 0x0, 0x0, 0x0, 0x0,
    0x0, 0x0, 0x0, 0x0, 0x24, 0x90, 0xd4, 0xf2,
    0xf6, 0xdc, 0x9e, 0x38, 0x0, 0x0, 0x0, 0x0,
    0x0, 0x0, 0x1, 0x7c, 0xfb, 0xff, 0xf0, 0xc9,
    0xc5, 0xe8, 0xff, 0xff, 0xa0, 0x9, 0x0, 0x0,
    0x0, 0x0, 0x90, 0xff, 0xe4, 0x55, 0x4, 0x0,
    0x0, 0x0, 0x3e, 0xcd, 0xff, 0xba, 0x4, 0x0,
    0x0, 0x4e, 0xff, 0xdd, 0x17, 0x0, 0x0, 0x0,
    0x0, 0x0, 0x0, 0x8, 0xbc, 0xff, 0x7c, 0x0,
    0x0, 0xcc, 0xff, 0x3e, 0x0, 0x0, 0x0, 0x0,
    0x0, 0x0, 0x0, 0x0, 0x17, 0xf3, 0xf2, 0x8,
    0x18, 0xff, 0xd7, 0x0, 0x0, 0x0, 0x0, 0x0,
    0x0, 0x0, 0x0, 0x0, 0x0, 0xa4, 0xff, 0x46,
    0x38, 0xff, 0xab, 0x0, 0x0, 0x0, 0x0, 0x0,
    0x0, 0x0, 0x0, 0x0, 0x0, 0x78, 0xff, 0x68,
    0x39, 0xff, 0xaa, 0x0, 0x0, 0x0, 0x0, 0x0,
    0x0, 0x0, 0x0, 0x0, 0x0, 0x78, 0xff, 0x67,
    0x18, 0xff, 0xd7, 0x0, 0x0, 0x0, 0x0, 0x0,
    0x0, 0x0, 0x0, 0x0, 0x0, 0xa4, 0xff, 0x47,
    0x0, 0xcc, 0xff, 0x3d, 0x0, 0x0, 0x0, 0x0,
    0x0, 0x0, 0x0, 0x0, 0x17, 0xf3, 0xf3, 0x9,
    0x0, 0x4d, 0xff, 0xdc, 0x17, 0x0, 0x0, 0x0,
    0x0, 0x0, 0x0, 0x7, 0xbc, 0xff, 0x7e, 0x0,
    0x0, 0x0, 0x90, 0xff, 0xe3, 0x54, 0x3, 0x0,
    0x0, 0x0, 0x3d, 0xcc, 0xff, 0xbd, 0x5, 0x0,
    0x0, 0x0, 0x1, 0x7d, 0xfc, 0xff, 0xf0, 0xc7,
    0xc4, 0xe7, 0xff, 0xff, 0xa3, 0xa, 0x0, 0x0,
    0x0, 0x0, 0x0, 0x0, 0x25, 0x90, 0xd5, 0xf3,
    0xf7, 0xdd, 0x9f, 0x39, 0x0, 0x0, 0x0, 0x0,

    /* U+00D4 "Ô" */
    0x0, 0x0, 0x0, 0x0, 0x0, 0x0, 0x2e, 0xf2,
    0xfe, 0x51, 0x0, 0x0, 0x0, 0x0, 0x0, 0x0,
    0x0, 0x0, 0x0, 0x0, 0x0, 0x19, 0xe3, 0xca,
    0xa4, 0xf4, 0x2e, 0x0, 0x0, 0x0, 0x0, 0x0,
    0x0, 0x0, 0x0, 0x0, 0x0, 0x4f, 0x80, 0x1b,
    0x7, 0x7a, 0x5f, 0x0, 0x0, 0x0, 0x0, 0x0,
    0x0, 0x0, 0x0, 0x0, 0x0, 0x0, 0x0, 0x0,
    0x0, 0x0, 0x0, 0x0, 0x0, 0x0, 0x0, 0x0,
    0x0, 0x0, 0x0, 0x0, 0x24, 0x90, 0xd4, 0xf2,
    0xf6, 0xdc, 0x9e, 0x38, 0x0, 0x0, 0x0, 0x0,
    0x0, 0x0, 0x1, 0x7c, 0xfb, 0xff, 0xf0, 0xc9,
    0xc5, 0xe8, 0xff, 0xff, 0xa0, 0x9, 0x0, 0x0,
    0x0, 0x0, 0x90, 0xff, 0xe4, 0x55, 0x4, 0x0,
    0x0, 0x0, 0x3e, 0xcd, 0xff, 0xba, 0x4, 0x0,
    0x0, 0x4e, 0xff, 0xdd, 0x17, 0x0, 0x0, 0x0,
    0x0, 0x0, 0x0, 0x8, 0xbc, 0xff, 0x7c, 0x0,
    0x0, 0xcc, 0xff, 0x3e, 0x0, 0x0, 0x0, 0x0,
    0x0, 0x0, 0x0, 0x0, 0x17, 0xf3, 0xf2, 0x8,
    0x18, 0xff, 0xd7, 0x0, 0x0, 0x0, 0x0, 0x0,
    0x0, 0x0, 0x0, 0x0, 0x0, 0xa4, 0xff, 0x46,
    0x38, 0xff, 0xab, 0x0, 0x0, 0x0, 0x0, 0x0,
    0x0, 0x0, 0x0, 0x0, 0x0, 0x78, 0xff, 0x68,
    0x39, 0xff, 0xaa, 0x0, 0x0, 0x0, 0x0, 0x0,
    0x0, 0x0, 0x0, 0x0, 0x0, 0x78, 0xff, 0x67,
    0x18, 0xff, 0xd7, 0x0, 0x0, 0x0, 0x0, 0x0,
    0x0, 0x0, 0x0, 0x0, 0x0, 0xa4, 0xff, 0x47,
    0x0, 0xcc, 0xff, 0x3d, 0x0, 0x0, 0x0, 0x0,
    0x0, 0x0, 0x0, 0x0, 0x17, 0xf3, 0xf3, 0x9,
    0x0, 0x4d, 0xff, 0xdc, 0x17, 0x0, 0x0, 0x0,
    0x0, 0x0, 0x0, 0x7, 0xbc, 0xff, 0x7e, 0x0,
    0x0, 0x0, 0x90, 0xff, 0xe3, 0x54, 0x3, 0x0,
    0x0, 0x0, 0x3d, 0xcc, 0xff, 0xbd, 0x5, 0x0,
    0x0, 0x0, 0x1, 0x7d, 0xfc, 0xff, 0xf0, 0xc7,
    0xc4, 0xe7, 0xff, 0xff, 0xa3, 0xa, 0x0, 0x0,
    0x0, 0x0, 0x0, 0x0, 0x25, 0x90, 0xd5, 0xf3,
    0xf7, 0xdd, 0x9f, 0x39, 0x0, 0x0, 0x0, 0x0,

    /* U+00D5 "Õ" */
    0x0, 0x0, 0x0, 0x0, 0x0, 0x55, 0xe6, 0xd9,
    0x5f, 0x40, 0xff, 0x5f, 0x0, 0x0, 0x0, 0x0,
    0x0, 0x0, 0x0, 0x0, 0x11, 0xf5, 0xdb, 0xe2,
    0xff, 0xff, 0xf0, 0x17, 0x0, 0x0, 0x0, 0x0,
    0x0, 0x0, 0x0, 0x0, 0x23, 0xa0, 0x36, 0x8,
    0x69, 0x8e, 0x2b, 0x0, 0x0, 0x0, 0x0, 0x0,
    0x0, 0x0, 0x0, 0x0, 0x0, 0x0, 0x0, 0x0,
    0x0, 0x0, 0x0, 0x0, 0x0, 0x0, 0x0, 0x0,
    0x0, 0x0, 0x0, 0x0, 0x24, 0x90, 0xd4, 0xf2,
    0xf6, 0xdc, 0x9e, 0x38, 0x0, 0x0, 0x0, 0x0,
    0x0, 0x0, 0x1, 0x7c, 0xfb, 0xff, 0xf0, 0xc9,
    0xc5, 0xe8, 0xff, 0xff, 0xa0, 0x9, 0x0, 0x0,
    0x0, 0x0, 0x90, 0xff, 0xe4, 0x55, 0x4, 0x0,
    0x0, 0x0, 0x3e, 0xcd, 0xff, 0xba, 0x4, 0x0,
    0x0, 0x4e, 0xff, 0xdd, 0x17, 0x0, 0x0, 0x0,
    0x0, 0x0, 0x0, 0x8, 0xbc, 0xff, 0x7c, 0x0,
    0x0, 0xcc, 0xff, 0x3e, 0x0, 0x0, 0x0, 0x0,
    0x0, 0x0, 0x0, 0x0, 0x17, 0xf3, 0xf2, 0x8,
    0x18, 0xff, 0xd7, 0x0, 0x0, 0x0, 0x0, 0x0,
    0x0, 0x0, 0x0, 0x0, 0x0, 0xa4, 0xff, 0x46,
    0x38, 0xff, 0xab, 0x0, 0x0, 0x0, 0x0, 0x0,
    0x0, 0x0, 0x0, 0x0, 0x0, 0x78, 0xff, 0x68,
    0x39, 0xff, 0xaa, 0x0, 0x0, 0x0, 0x0, 0x0,
    0x0, 0x0, 0x0, 0x0, 0x0, 0x78, 0xff, 0x67,
    0x18, 0xff, 0xd7, 0x0, 0x0, 0x0, 0x0, 0x0,
    0x0, 0x0, 0x0, 0x0, 0x0, 0xa4, 0xff, 0x47,
    0x0, 0xcc, 0xff, 0x3d, 0x0, 0x0, 0x0, 0x0,
    0x0, 0x0, 0x0, 0x0, 0x17, 0xf3, 0xf3, 0x9,
    0x0, 0x4d, 0xff, 0xdc, 0x17, 0x0, 0x0, 0x0,
    0x0, 0x0, 0x0, 0x7, 0xbc, 0xff, 0x7e, 0x0,
    0x0, 0x0, 0x90, 0xff, 0xe3, 0x54, 0x3, 0x0,
    0x0, 0x0, 0x3d, 0xcc, 0xff, 0xbd, 0x5, 0x0,
    0x0, 0x0, 0x1, 0x7d, 0xfc, 0xff, 0xf0, 0xc7,
    0xc4, 0xe7, 0xff, 0xff, 0xa3, 0xa, 0x0, 0x0,
    0x0, 0x0, 0x0, 0x0, 0x25, 0x90, 0xd5, 0xf3,
    0xf7, 0xdd, 0x9f, 0x39, 0x0, 0x0, 0x0, 0x0,

    /* U+00D6 "Ö" */
    0x0, 0x0, 0x0, 0x0, 0x0, 0x71, 0xf2, 0x4e,
    0x26, 0xe9, 0xa2, 0x0, 0x0, 0x0, 0x0, 0x0,
    0x0, 0x0, 0x0, 0x0, 0x0, 0x94, 0xff, 0x6f,
    0x3a, 0xfe, 0xcb, 0x0, 0x0, 0x0, 0x0, 0x0,
    0x0, 0x0, 0x0, 0x0, 0x0, 0x5, 0x32, 0x1,
    0x0, 0x28, 0x10, 0x0, 0x0, 0x0, 0x0, 0x0,
    0x0, 0x0, 0x0, 0x0, 0x0, 0x0, 0x0, 0x0,
    0x0, 0x0, 0x0, 0x0, 0x0, 0x0, 0x0, 0x0,
    0x0, 0x0, 0x0, 0x0, 0x24, 0x90, 0xd4, 0xf2,
    0xf6, 0xdc, 0x9e, 0x38, 0x0, 0x0, 0x0, 0x0,
    0x0, 0x0, 0x1, 0x7c, 0xfb, 0xff, 0xf0, 0xc9,
    0xc5, 0xe8, 0xff, 0xff, 0xa0, 0x9, 0x0, 0x0,
    0x0, 0x0, 0x90, 0xff, 0xe4, 0x55, 0x4, 0x0,
    0x0, 0x0, 0x3e, 0xcd, 0xff, 0xba, 0x4, 0x0,
    0x0, 0x4e, 0xff, 0xdd, 0x17, 0x0, 0x0, 0x0,
    0x0, 0x0, 0x0, 0x8, 0xbc, 0xff, 0x7c, 0x0,
    0x0, 0xcc, 0xff, 0x3e, 0x0, 0x0, 0x0, 0x0,
    0x0, 0x0, 0x0, 0x0, 0x17, 0xf3, 0xf2, 0x8,
    0x18, 0xff, 0xd7, 0x0, 0x0, 0x0, 0x0, 0x0,
    0x0, 0x0, 0x0, 0x0, 0x0, 0xa4, 0xff, 0x46,
    0x38, 0xff, 0xab, 0x0, 0x0, 0x0, 0x0, 0x0,
    0x0, 0x0, 0x0, 0x0, 0x0, 0x78, 0xff, 0x68,
    0x39, 0xff, 0xaa, 0x0, 0x0, 0x0, 0x0, 0x0,
    0x0, 0x0, 0x0, 0x0, 0x0, 0x78, 0xff, 0x67,
    0x18, 0xff, 0xd7, 0x0, 0x0, 0x0, 0x0, 0x0,
    0x0, 0x0, 0x0, 0x0, 0x0, 0xa4, 0xff, 0x47,
    0x0, 0xcc, 0xff, 0x3d, 0x0, 0x0, 0x0, 0x0,
    0x0, 0x0, 0x0, 0x0, 0x17, 0xf3, 0xf3, 0x9,
    0x0, 0x4d, 0xff, 0xdc, 0x17, 0x0, 0x0, 0x0,
    0x0, 0x0, 0x0, 0x7, 0xbc, 0xff, 0x7e, 0x0,
    0x0, 0x0, 0x90, 0xff, 0xe3, 0x54, 0x3, 0x0,
    0x0, 0x0, 0x3d, 0xcc, 0xff, 0xbd, 0x5, 0x0,
    0x0, 0x0, 0x1, 0x7d, 0xfc, 0xff, 0xf0, 0xc7,
    0xc4, 0xe7, 0xff, 0xff, 0xa3, 0xa, 0x0, 0x0,
    0x0, 0x0, 0x0, 0x0, 0x25, 0x90, 0xd5, 0xf3,
    0xf7, 0xdd, 0x9f, 0x39, 0x0, 0x0, 0x0, 0x0,

    /* U+00D7 "×" */
    0x5, 0x29, 0x0, 0x0, 0x0, 0x0, 0x0, 0x2e,
    0x0, 0x89, 0xf1, 0x3b, 0x0, 0x0, 0x0, 0x59,
    0xfb, 0x60, 0x10, 0xc7, 0xf4, 0x42, 0x0, 0x62,
    0xfd, 0xa9, 0x4, 0x0, 0xd, 0xc1, 0xf7, 0x96,
    0xfe, 0xa0, 0x3, 0x0, 0x0, 0x0, 0xa, 0xdd,
    0xff, 0xba, 0x1, 0x0, 0x0, 0x0, 0x0, 0x83,
    0xff, 0xdd, 0xfc, 0x5c, 0x0, 0x0, 0x0, 0x8c,
    0xff, 0x86, 0x5, 0xaa, 0xfd, 0x65, 0x0, 0x7f,
    0xff, 0x7d, 0x0, 0x0, 0x3, 0xa1, 0xfe, 0x57,
    0x20, 0x66, 0x0, 0x0, 0x0, 0x0, 0x1, 0x76,
    0xf,

    /* U+00D8 "Ø" */
    0x0, 0x0, 0x0, 0x0, 0x0, 0x0, 0x0, 0x0,
    0x0, 0x0, 0x0, 0x1, 0x33, 0x0, 0x0, 0x0,
    0x0, 0x0, 0x0, 0x0, 0x24, 0x90, 0xd4, 0xf2,
    0xf4, 0xd6, 0x8f, 0x85, 0xfe, 0x31, 0x0, 0x0,
    0x0, 0x0, 0x1, 0x7c, 0xfb, 0xff, 0xf1, 0xc9,
    0xc6, 0xe9, 0xff, 0xff, 0xda, 0x3, 0x0, 0x0,
    0x0, 0x0, 0x90, 0xff, 0xe5, 0x56, 0x4, 0x0,
    0x0, 0x2, 0xca, 0xff, 0xff, 0xaa, 0x1, 0x0,
    0x0, 0x4f, 0xff, 0xde, 0x19, 0x0, 0x0, 0x0,
    0x0, 0x63, 0xff, 0x63, 0xbb, 0xff, 0x69, 0x0,
    0x0, 0xce, 0xff, 0x3e, 0x0, 0x0, 0x0, 0x0,
    0x1e, 0xf1, 0xad, 0x0, 0x17, 0xf2, 0xe6, 0x3,
    0x19, 0xff, 0xd7, 0x0, 0x0, 0x0, 0x0, 0x1,
    0xbc, 0xea, 0x15, 0x0, 0x0, 0xa4, 0xff, 0x3f,
    0x39, 0xff, 0xaa, 0x0, 0x0, 0x0, 0x0, 0x6b,
    0xff, 0x52, 0x0, 0x0, 0x0, 0x78, 0xff, 0x64,
    0x34, 0xff, 0xac, 0x0, 0x0, 0x0, 0x23, 0xf4,
    0xa4, 0x0, 0x0, 0x0, 0x0, 0x78, 0xff, 0x68,
    0x12, 0xfd, 0xd8, 0x0, 0x0, 0x2, 0xc3, 0xe5,
    0x11, 0x0, 0x0, 0x0, 0x0, 0xa5, 0xff, 0x48,
    0x0, 0xbd, 0xff, 0x3e, 0x0, 0x74, 0xff, 0x48,
    0x0, 0x0, 0x0, 0x0, 0x17, 0xf4, 0xf3, 0x9,
    0x0, 0x3e, 0xfe, 0xdc, 0x43, 0xf7, 0x9a, 0x0,
    0x0, 0x0, 0x0, 0x7, 0xbc, 0xff, 0x80, 0x0,
    0x0, 0x0, 0x7d, 0xff, 0xff, 0xef, 0x14, 0x0,
    0x0, 0x0, 0x3d, 0xcc, 0xff, 0xbd, 0x5, 0x0,
    0x0, 0x0, 0x0, 0xaa, 0xff, 0xff, 0xf2, 0xca,
    0xc4, 0xe7, 0xff, 0xff, 0xa4, 0xa, 0x0, 0x0,
    0x0, 0x0, 0xb, 0xeb, 0xad, 0x80, 0xcf, 0xf0,
    0xf7, 0xde, 0xa0, 0x3b, 0x0, 0x0, 0x0, 0x0,
    0x0, 0x0, 0x0, 0x1e, 0x14, 0x0, 0x0, 0x0,
    0x0, 0x0, 0x0, 0x0, 0x0, 0x0, 0x0, 0x0,

    /* U+00D9 "Ù" */
    0x0, 0x0, 0x0, 0x6c, 0xff, 0x80, 0x0, 0x0,
    0x0, 0x0, 0x0, 0x0, 0x0, 0x0, 0x4, 0xd6,
    0xe5, 0x4, 0x0, 0x0, 0x0, 0x0, 0x0, 0x0,
    0x0, 0x0, 0x38, 0x88, 0x1f, 0x0, 0x0, 0x0,
    0x0, 0x0, 0x0, 0x0, 0x0, 0x0, 0x0, 0x0,
    0x0, 0x0, 0x0, 0x0, 0xe0, 0xf4, 0x0, 0x0,
    0x0, 0x0, 0x0, 0x0, 0x20, 0xff, 0xb8, 0xe0,
    0xf4, 0x0, 0x0, 0x0, 0x0, 0x0, 0x0, 0x20,
    0xff, 0xb8, 0xe0, 0xf4, 0x0, 0x0, 0x0, 0x0,
    0x0, 0x0, 0x20, 0xff, 0xb8, 0xe0, 0xf4, 0x0,
    0x0, 0x0, 0x0, 0x0, 0x0, 0x20, 0xff, 0xb8,
    0xe0, 0xf4, 0x0, 0x0, 0x0, 0x0, 0x0, 0x0,
    0x20, 0xff, 0xb8, 0xe0, 0xf4, 0x0, 0x0, 0x0,
    0x0, 0x0, 0x0, 0x20, 0xff, 0xb8, 0xe0, 0xf4,
    0x0, 0x0, 0x0, 0x0, 0x0, 0x0, 0x20, 0xff,
    0xb8, 0xe0, 0xf4, 0x0, 0x0, 0x0, 0x0, 0x0,
    0x0, 0x20, 0xff, 0xb8, 0xde, 0xf6, 0x0, 0x0,
    0x0, 0x0, 0x0, 0x0, 0x22, 0xff, 0xb6, 0xcd,
    0xff, 0x14, 0x0, 0x0, 0x0, 0x0, 0x0, 0x41,
    0xff, 0xa5, 0x95, 0xff, 0x65, 0x0, 0x0, 0x0,
    0x0, 0x0, 0x92, 0xff, 0x71, 0x2b, 0xfb, 0xee,
    0x49, 0x0, 0x0, 0x0, 0x66, 0xfc, 0xf2, 0x14,
    0x0, 0x65, 0xfd, 0xff, 0xe3, 0xc6, 0xea, 0xff,
    0xf8, 0x4e, 0x0, 0x0, 0x0, 0x39, 0xaf, 0xeb,
    0xfb, 0xe6, 0xa4, 0x2c, 0x0, 0x0,

    /* U+00DA "Ú" */
    0x0, 0x0, 0x0, 0x0, 0x0, 0xa9, 0xff, 0x42,
    0x0, 0x0, 0x0, 0x0, 0x0, 0x0, 0x0, 0x18,
    0xfa, 0xaf, 0x0, 0x0, 0x0, 0x0, 0x0, 0x0,
    0x0, 0x0, 0x35, 0x88, 0x21, 0x0, 0x0, 0x0,
    0x0, 0x0, 0x0, 0x0, 0x0, 0x0, 0x0, 0x0,
    0x0, 0x0, 0x0, 0x0, 0xe0, 0xf4, 0x0, 0x0,
    0x0, 0x0, 0x0, 0x0, 0x20, 0xff, 0xb8, 0xe0,
    0xf4, 0x0, 0x0, 0x0, 0x0, 0x0, 0x0, 0x20,
    0xff, 0xb8, 0xe0, 0xf4, 0x0, 0x0, 0x0, 0x0,
    0x0, 0x0, 0x20, 0xff, 0xb8, 0xe0, 0xf4, 0x0,
    0x0, 0x0, 0x0, 0x0, 0x0, 0x20, 0xff, 0xb8,
    0xe0, 0xf4, 0x0, 0x0, 0x0, 0x0, 0x0, 0x0,
    0x20, 0xff, 0xb8, 0xe0, 0xf4, 0x0, 0x0, 0x0,
    0x0, 0x0, 0x0, 0x20, 0xff, 0xb8, 0xe0, 0xf4,
    0x0, 0x0, 0x0, 0x0, 0x0, 0x0, 0x20, 0xff,
    0xb8, 0xe0, 0xf4, 0x0, 0x0, 0x0, 0x0, 0x0,
    0x0, 0x20, 0xff, 0xb8, 0xde, 0xf6, 0x0, 0x0,
    0x0, 0x0, 0x0, 0x0, 0x22, 0xff, 0xb6, 0xcd,
    0xff, 0x14, 0x0, 0x0, 0x0, 0x0, 0x0, 0x41,
    0xff, 0xa5, 0x95, 0xff, 0x65, 0x0, 0x0, 0x0,
    0x0, 0x0, 0x92, 0xff, 0x71, 0x2b, 0xfb, 0xee,
    0x49, 0x0, 0x0, 0x0, 0x66, 0xfc, 0xf2, 0x14,
    0x0, 0x65, 0xfd, 0xff, 0xe3, 0xc6, 0xea, 0xff,
    0xf8, 0x4e, 0x0, 0x0, 0x0, 0x39, 0xaf, 0xeb,
    0xfb, 0xe6, 0xa4, 0x2c, 0x0, 0x0,

    /* U+00DB "Û" */
    0x0, 0x0, 0x0, 0x8, 0xc5, 0xff, 0xa0, 0x0,
    0x0, 0x0, 0x0, 0x0, 0x0, 0x1, 0xa7, 0xf5,
    0x7e, 0xfe, 0x74, 0x0, 0x0, 0x0, 0x0, 0x0,
    0x25, 0x80, 0x45, 0x0, 0x5a, 0x7d, 0xc, 0x0,
    0x0, 0x0, 0x0, 0x0, 0x0, 0x0, 0x0, 0x0,
    0x0, 0x0, 0x0, 0x0, 0xe0, 0xf4, 0x0, 0x0,
    0x0, 0x0, 0x0, 0x0, 0x20, 0xff, 0xb8, 0xe0,
    0xf4, 0x0, 0x0, 0x0, 0x0, 0x0, 0x0, 0x20,
    0xff, 0xb8, 0xe0, 0xf4, 0x0, 0x0, 0x0, 0x0,
    0x0, 0x0, 0x20, 0xff, 0xb8, 0xe0, 0xf4, 0x0,
    0x0, 0x0, 0x0, 0x0, 0x0, 0x20, 0xff, 0xb8,
    0xe0, 0xf4, 0x0, 0x0, 0x0, 0x0, 0x0, 0x0,
    0x20, 0xff, 0xb8, 0xe0, 0xf4, 0x0, 0x0, 0x0,
    0x0, 0x0, 0x0, 0x20, 0xff, 0xb8, 0xe0, 0xf4,
    0x0, 0x0, 0x0, 0x0, 0x0, 0x0, 0x20, 0xff,
    0xb8, 0xe0, 0xf4, 0x0, 0x0, 0x0, 0x0, 0x0,
    0x0, 0x20, 0xff, 0xb8, 0xde, 0xf6, 0x0, 0x0,
    0x0, 0x0, 0x0, 0x0, 0x22, 0xff, 0xb6, 0xcd,
    0xff, 0x14, 0x0, 0x0, 0x0, 0x0, 0x0, 0x41,
    0xff, 0xa5, 0x95, 0xff, 0x65, 0x0, 0x0, 0x0,
    0x0, 0x0, 0x92, 0xff, 0x71, 0x2b, 0xfb, 0xee,
    0x49, 0x0, 0x0, 0x0, 0x66, 0xfc, 0xf2, 0x14,
    0x0, 0x65, 0xfd, 0xff, 0xe3, 0xc6, 0xea, 0xff,
    0xf8, 0x4e, 0x0, 0x0, 0x0, 0x39, 0xaf, 0xeb,
    0xfb, 0xe6, 0xa4, 0x2c, 0x0, 0x0,

    /* U+00DC "Ü" */
    0x0, 0x0, 0x2d, 0xeb, 0x97, 0x0, 0xbe, 0xde,
    0x12, 0x0, 0x0, 0x0, 0x0, 0x45, 0xff, 0xbf,
    0x2, 0xe6, 0xfb, 0x20, 0x0, 0x0, 0x0, 0x0,
    0x0, 0x2a, 0xd, 0x0, 0x15, 0x23, 0x0, 0x0,
    0x0, 0x0, 0x0, 0x0, 0x0, 0x0, 0x0, 0x0,
    0x0, 0x0, 0x0, 0x0, 0xe0, 0xf4, 0x0, 0x0,
    0x0, 0x0, 0x0, 0x0, 0x20, 0xff, 0xb8, 0xe0,
    0xf4, 0x0, 0x0, 0x0, 0x0, 0x0, 0x0, 0x20,
    0xff, 0xb8, 0xe0, 0xf4, 0x0, 0x0, 0x0, 0x0,
    0x0, 0x0, 0x20, 0xff, 0xb8, 0xe0, 0xf4, 0x0,
    0x0, 0x0, 0x0, 0x0, 0x0, 0x20, 0xff, 0xb8,
    0xe0, 0xf4, 0x0, 0x0, 0x0, 0x0, 0x0, 0x0,
    0x20, 0xff, 0xb8, 0xe0, 0xf4, 0x0, 0x0, 0x0,
    0x0, 0x0, 0x0, 0x20, 0xff, 0xb8, 0xe0, 0xf4,
    0x0, 0x0, 0x0, 0x0, 0x0, 0x0, 0x20, 0xff,
    0xb8, 0xe0, 0xf4, 0x0, 0x0, 0x0, 0x0, 0x0,
    0x0, 0x20, 0xff, 0xb8, 0xde, 0xf6, 0x0, 0x0,
    0x0, 0x0, 0x0, 0x0, 0x22, 0xff, 0xb6, 0xcd,
    0xff, 0x14, 0x0, 0x0, 0x0, 0x0, 0x0, 0x41,
    0xff, 0xa5, 0x95, 0xff, 0x65, 0x0, 0x0, 0x0,
    0x0, 0x0, 0x92, 0xff, 0x71, 0x2b, 0xfb, 0xee,
    0x49, 0x0, 0x0, 0x0, 0x66, 0xfc, 0xf2, 0x14,
    0x0, 0x65, 0xfd, 0xff, 0xe3, 0xc6, 0xea, 0xff,
    0xf8, 0x4e, 0x0, 0x0, 0x0, 0x39, 0xaf, 0xeb,
    0xfb, 0xe6, 0xa4, 0x2c, 0x0, 0x0,

    /* U+00DD "Ý" */
    0x0, 0x0, 0x0, 0x0, 0x0, 0x26, 0xfe, 0xc6,
    0x0, 0x0, 0x0, 0x0, 0x0, 0x0, 0x0, 0x0,
    0x0, 0x8f, 0xfe, 0x36, 0x0, 0x0, 0x0, 0x0,
    0x0, 0x0, 0x0, 0x0, 0x0, 0x77, 0x69, 0x0,
    0x0, 0x0, 0x0, 0x0, 0x0, 0x0, 0x0, 0x0,
    0x0, 0x0, 0x0, 0x0, 0x0, 0x0, 0x0, 0x0,
    0x72, 0xff, 0xb6, 0x0, 0x0, 0x0, 0x0, 0x0,
    0x3, 0xce, 0xff, 0x52, 0x2, 0xc9, 0xff, 0x55,
    0x0, 0x0, 0x0, 0x0, 0x6f, 0xff, 0xb1, 0x0,
    0x0, 0x2d, 0xfa, 0xe6, 0xe, 0x0, 0x0, 0x19,
    0xf1, 0xf2, 0x1c, 0x0, 0x0, 0x0, 0x82, 0xff,
    0x93, 0x0, 0x0, 0xa7, 0xff, 0x6d, 0x0, 0x0,
    0x0, 0x0, 0x6, 0xd6, 0xfd, 0x35, 0x43, 0xff,
    0xc8, 0x2, 0x0, 0x0, 0x0, 0x0, 0x0, 0x3a,
    0xfd, 0xcf, 0xd8, 0xfb, 0x2e, 0x0, 0x0, 0x0,
    0x0, 0x0, 0x0, 0x0, 0x93, 0xff, 0xff, 0x87,
    0x0, 0x0, 0x0, 0x0, 0x0, 0x0, 0x0, 0x0,
    0xc, 0xf7, 0xf1, 0x9, 0x0, 0x0, 0x0, 0x0,
    0x0, 0x0, 0x0, 0x0, 0x0, 0xf0, 0xe8, 0x0,
    0x0, 0x0, 0x0, 0x0, 0x0, 0x0, 0x0, 0x0,
    0x0, 0xf0, 0xe8, 0x0, 0x0, 0x0, 0x0, 0x0,
    0x0, 0x0, 0x0, 0x0, 0x0, 0xf0, 0xe8, 0x0,
    0x0, 0x0, 0x0, 0x0, 0x0, 0x0, 0x0, 0x0,
    0x0, 0xf0, 0xe8, 0x0, 0x0, 0x0, 0x0, 0x0,
    0x0, 0x0, 0x0, 0x0, 0x0, 0xf0, 0xe8, 0x0,
    0x0, 0x0, 0x0, 0x0, 0x0, 0x0, 0x0, 0x0,
    0x0, 0xf0, 0xe8, 0x0, 0x0, 0x0, 0x0, 0x0,

    /* U+00DE "Þ" */
    0x90, 0xff, 0x48, 0x0, 0x0, 0x0, 0x0, 0x0,
    0x0, 0x0, 0x90, 0xff, 0x48, 0x0, 0x0, 0x0,
    0x0, 0x0, 0x0, 0x0, 0x90, 0xff, 0xcf, 0xbc,
    0xbc, 0xb6, 0x92, 0x31, 0x0, 0x0, 0x90, 0xff,
    0xff, 0xff, 0xff, 0xff, 0xff, 0xfd, 0x71, 0x0,
    0x90, 0xff, 0x48, 0x0, 0x0, 0xa, 0x52, 0xec,
    0xff, 0x41, 0x90, 0xff, 0x48, 0x0, 0x0, 0x0,
    0x0, 0x5a, 0xff, 0xa7, 0x90, 0xff, 0x48, 0x0,
    0x0, 0x0, 0x0, 0x20, 0xff, 0xc5, 0x90, 0xff,
    0x48, 0x0, 0x0, 0x0, 0x0, 0x57, 0xff, 0xa8,
    0x90, 0xff, 0x48, 0x0, 0x0, 0x9, 0x4e, 0xea,
    0xff, 0x46, 0x90, 0xff, 0xff, 0xff, 0xff, 0xff,
    0xff, 0xfe, 0x79, 0x0, 0x90, 0xff, 0xd2, 0xc0,
    0xc0, 0xbb, 0x98, 0x37, 0x0, 0x0, 0x90, 0xff,
    0x48, 0x0, 0x0, 0x0, 0x0, 0x0, 0x0, 0x0,
    0x90, 0xff, 0x48, 0x0, 0x0, 0x0, 0x0, 0x0,
    0x0, 0x0, 0x90, 0xff, 0x48, 0x0, 0x0, 0x0,
    0x0, 0x0, 0x0, 0x0,

    /* U+00DF "ß" */
    0x0, 0x4, 0x79, 0xd7, 0xf9, 0xed, 0xac, 0x2a,
    0x0, 0x0, 0x0, 0xad, 0xff, 0xf5, 0xc8, 0xdc,
    0xff, 0xf4, 0x32, 0x0, 0x42, 0xff, 0xda, 0x19,
    0x0, 0x0, 0x65, 0xff, 0xbc, 0x0, 0x82, 0xff,
    0x6c, 0x0, 0x0, 0x0, 0x1, 0xf9, 0xec, 0x0,
    0x8f, 0xff, 0x50, 0x0, 0x0, 0x0, 0x5a, 0xff,
    0xd4, 0x0, 0x90, 0xff, 0x50, 0x0, 0x9f, 0xd4,
    0xff, 0xff, 0x61, 0x0, 0x90, 0xff, 0x50, 0x0,
    0xe0, 0xff, 0xff, 0x96, 0x0, 0x0, 0x90, 0xff,
    0x50, 0x0, 0x0, 0x1d, 0x8c, 0xff, 0x9d, 0x1,
    0x90, 0xff, 0x50, 0x0, 0x0, 0x0, 0x0, 0x9f,
    0xff, 0x4c, 0x90, 0xff, 0x50, 0x0, 0x0, 0x0,
    0x0, 0x56, 0xff, 0x8a, 0x90, 0xff, 0x50, 0x0,
    0x0, 0x0, 0x0, 0x7b, 0xff, 0x85, 0x90, 0xff,
    0x50, 0x0, 0x0, 0x0, 0x39, 0xf1, 0xff, 0x3c,
    0x90, 0xff, 0x50, 0x9, 0xc5, 0xd2, 0xfd, 0xff,
    0x94, 0x0, 0x90, 0xff, 0x50, 0xb, 0xf6, 0xf6,
    0xca, 0x60, 0x0, 0x0,

    /* U+00E0 "à" */
    0x0, 0x0, 0x0, 0xac, 0xff, 0x3f, 0x0, 0x0,
    0x0, 0x0, 0x0, 0x0, 0x0, 0x21, 0xf8, 0xa8,
    0x0, 0x0, 0x0, 0x0, 0x0, 0x0, 0x0, 0x0,
    0x5a, 0x81, 0x1, 0x0, 0x0, 0x0, 0x0, 0x0,
    0x0, 0x0, 0x0, 0x0, 0x0, 0x0, 0x0, 0x0,
    0x0, 0x5, 0x75, 0xd2, 0xf6, 0xf2, 0xc1, 0x4c,
    0x0, 0x0, 0x3, 0xb9, 0xff, 0xf2, 0xaf, 0xbb,
    0xfc, 0xff, 0x66, 0x0, 0x0, 0x57, 0xc3, 0x1a,
    0x0, 0x0, 0x3a, 0xf7, 0xef, 0x6, 0x0, 0x0,
    0x0, 0x2, 0x19, 0x11, 0x0, 0xa0, 0xff, 0x2f,
    0x0, 0x2a, 0xae, 0xfa, 0xff, 0xff, 0xe5, 0xd2,
    0xff, 0x3b, 0x16, 0xee, 0xff, 0xaf, 0x65, 0x5f,
    0x86, 0xe8, 0xff, 0x3c, 0x62, 0xff, 0x9f, 0x0,
    0x0, 0x0, 0x0, 0xab, 0xff, 0x3c, 0x5a, 0xff,
    0xae, 0x0, 0x0, 0x0, 0x5d, 0xfd, 0xff, 0x3c,
    0xc, 0xdc, 0xff, 0xd3, 0xa5, 0xcf, 0xfc, 0xc9,
    0xff, 0x3c, 0x0, 0x16, 0x95, 0xe0, 0xf7, 0xcc,
    0x48, 0x84, 0xff, 0x3c,

    /* U+00E1 "á" */
    0x0, 0x0, 0x0, 0x0, 0x16, 0xf9, 0xd6, 0x4,
    0x0, 0x0, 0x0, 0x0, 0x0, 0x0, 0x7b, 0xff,
    0x49, 0x0, 0x0, 0x0, 0x0, 0x0, 0x0, 0x0,
    0x6c, 0x74, 0x0, 0x0, 0x0, 0x0, 0x0, 0x0,
    0x0, 0x0, 0x0, 0x0, 0x0, 0x0, 0x0, 0x0,
    0x0, 0x5, 0x75, 0xd2, 0xf6, 0xf2, 0xc1, 0x4c,
    0x0, 0x0, 0x3, 0xb9, 0xff, 0xf2, 0xaf, 0xbb,
    0xfc, 0xff, 0x66, 0x0, 0x0, 0x57, 0xc3, 0x1a,
    0x0, 0x0, 0x3a, 0xf7, 0xef, 0x6, 0x0, 0x0,
    0x0, 0x2, 0x19, 0x11, 0x0, 0xa0, 0xff, 0x2f,
    0x0, 0x2a, 0xae, 0xfa, 0xff, 0xff, 0xe5, 0xd2,
    0xff, 0x3b, 0x16, 0xee, 0xff, 0xaf, 0x65, 0x5f,
    0x86, 0xe8, 0xff, 0x3c, 0x62, 0xff, 0x9f, 0x0,
    0x0, 0x0, 0x0, 0xab, 0xff, 0x3c, 0x5a, 0xff,
    0xae, 0x0, 0x0, 0x0, 0x5d, 0xfd, 0xff, 0x3c,
    0xc, 0xdc, 0xff, 0xd3, 0xa5, 0xcf, 0xfc, 0xc9,
    0xff, 0x3c, 0x0, 0x16, 0x95, 0xe0, 0xf7, 0xcc,
    0x48, 0x84, 0xff, 0x3c,

    /* U+00E2 "â" */
    0x0, 0x0, 0x0, 0x51, 0xfc, 0xf7, 0x3c, 0x0,
    0x0, 0x0, 0x0, 0x0, 0x42, 0xf8, 0x9b, 0xac,
    0xed, 0x27, 0x0, 0x0, 0x0, 0x0, 0x45, 0x51,
    0x3, 0x8, 0x53, 0x38, 0x0, 0x0, 0x0, 0x0,
    0x0, 0x0, 0x0, 0x0, 0x0, 0x0, 0x0, 0x0,
    0x0, 0x5, 0x75, 0xd2, 0xf6, 0xf2, 0xc1, 0x4c,
    0x0, 0x0, 0x3, 0xb9, 0xff, 0xf2, 0xaf, 0xbb,
    0xfc, 0xff, 0x66, 0x0, 0x0, 0x57, 0xc3, 0x1a,
    0x0, 0x0, 0x3a, 0xf7, 0xef, 0x6, 0x0, 0x0,
    0x0, 0x2, 0x19, 0x11, 0x0, 0xa0, 0xff, 0x2f,
    0x0, 0x2a, 0xae, 0xfa, 0xff, 0xff, 0xe5, 0xd2,
    0xff, 0x3b, 0x16, 0xee, 0xff, 0xaf, 0x65, 0x5f,
    0x86, 0xe8, 0xff, 0x3c, 0x62, 0xff, 0x9f, 0x0,
    0x0, 0x0, 0x0, 0xab, 0xff, 0x3c, 0x5a, 0xff,
    0xae, 0x0, 0x0, 0x0, 0x5d, 0xfd, 0xff, 0x3c,
    0xc, 0xdc, 0xff, 0xd3, 0xa5, 0xcf, 0xfc, 0xc9,
    0xff, 0x3c, 0x0, 0x16, 0x95, 0xe0, 0xf7, 0xcc,
    0x48, 0x84, 0xff, 0x3c,

    /* U+00E3 "ã" */
    0x0, 0x0, 0x66, 0xe7, 0xf5, 0xcb, 0xb4, 0xff,
    0x6f, 0x0, 0x0, 0x16, 0xfd, 0xd3, 0xba, 0xe9,
    0xf5, 0xaa, 0x9, 0x0, 0x0, 0x0, 0x0, 0x0,
    0x0, 0x0, 0x0, 0x0, 0x0, 0x0, 0x0, 0x0,
    0x0, 0x0, 0x0, 0x0, 0x0, 0x0, 0x0, 0x0,
    0x0, 0x5, 0x75, 0xd2, 0xf6, 0xf2, 0xc1, 0x4c,
    0x0, 0x0, 0x3, 0xb9, 0xff, 0xf2, 0xaf, 0xbb,
    0xfc, 0xff, 0x66, 0x0, 0x0, 0x57, 0xc3, 0x1a,
    0x0, 0x0, 0x3a, 0xf7, 0xef, 0x6, 0x0, 0x0,
    0x0, 0x2, 0x19, 0x11, 0x0, 0xa0, 0xff, 0x2f,
    0x0, 0x2a, 0xae, 0xfa, 0xff, 0xff, 0xe5, 0xd2,
    0xff, 0x3b, 0x16, 0xee, 0xff, 0xaf, 0x65, 0x5f,
    0x86, 0xe8, 0xff, 0x3c, 0x62, 0xff, 0x9f, 0x0,
    0x0, 0x0, 0x0, 0xab, 0xff, 0x3c, 0x5a, 0xff,
    0xae, 0x0, 0x0, 0x0, 0x5d, 0xfd, 0xff, 0x3c,
    0xc, 0xdc, 0xff, 0xd3, 0xa5, 0xcf, 0xfc, 0xc9,
    0xff, 0x3c, 0x0, 0x16, 0x95, 0xe0, 0xf7, 0xcc,
    0x48, 0x84, 0xff, 0x3c,

    /* U+00E4 "ä" */
    0x0, 0x0, 0x6b, 0xf3, 0x51, 0x22, 0xe7, 0xa6,
    0x0, 0x0, 0x0, 0x0, 0x90, 0xff, 0x73, 0x36,
    0xfe, 0xcf, 0x0, 0x0, 0x0, 0x0, 0x4, 0x32,
    0x1, 0x0, 0x27, 0x11, 0x0, 0x0, 0x0, 0x0,
    0x0, 0x0, 0x0, 0x0, 0x0, 0x0, 0x0, 0x0,
    0x0, 0x5, 0x75, 0xd2, 0xf6, 0xf2, 0xc1, 0x4c,
    0x0, 0x0, 0x3, 0xb9, 0xff, 0xf2, 0xaf, 0xbb,
    0xfc, 0xff, 0x66, 0x0, 0x0, 0x57, 0xc3, 0x1a,
    0x0, 0x0, 0x3a, 0xf7, 0xef, 0x6, 0x0, 0x0,
    0x0, 0x2, 0x19, 0x11, 0x0, 0xa0, 0xff, 0x2f,
    0x0, 0x2a, 0xae, 0xfa, 0xff, 0xff, 0xe5, 0xd2,
    0xff, 0x3b, 0x16, 0xee, 0xff, 0xaf, 0x65, 0x5f,
    0x86, 0xe8, 0xff, 0x3c, 0x62, 0xff, 0x9f, 0x0,
    0x0, 0x0, 0x0, 0xab, 0xff, 0x3c, 0x5a, 0xff,
    0xae, 0x0, 0x0, 0x0, 0x5d, 0xfd, 0xff, 0x3c,
    0xc, 0xdc, 0xff, 0xd3, 0xa5, 0xcf, 0xfc, 0xc9,
    0xff, 0x3c, 0x0, 0x16, 0x95, 0xe0, 0xf7, 0xcc,
    0x48, 0x84, 0xff, 0x3c,

    /* U+00E5 "å" */
    0x0, 0x0, 0x0, 0x39, 0xd9, 0xec, 0x69, 0x0,
    0x0, 0x0, 0x0, 0x0, 0x0, 0xce, 0x9a, 0x5d,
    0xfc, 0x18, 0x0, 0x0, 0x0, 0x0, 0x0, 0xda,
    0x77, 0x2b, 0xff, 0x22, 0x0, 0x0, 0x0, 0x0,
    0x0, 0x56, 0xf8, 0xff, 0x93, 0x0, 0x0, 0x0,
    0x0, 0x0, 0x0, 0x0, 0xe, 0x18, 0x0, 0x0,
    0x0, 0x0, 0x0, 0x0, 0x0, 0x0, 0x0, 0x0,
    0x0, 0x0, 0x0, 0x0, 0x0, 0x5, 0x75, 0xd2,
    0xf6, 0xf2, 0xc1, 0x4c, 0x0, 0x0, 0x3, 0xb9,
    0xff, 0xf2, 0xaf, 0xbb, 0xfc, 0xff, 0x66, 0x0,
    0x0, 0x57, 0xc3, 0x1a, 0x0, 0x0, 0x3a, 0xf7,
    0xef, 0x6, 0x0, 0x0, 0x0, 0x2, 0x19, 0x11,
    0x0, 0xa0, 0xff, 0x2f, 0x0, 0x2a, 0xae, 0xfa,
    0xff, 0xff, 0xe5, 0xd2, 0xff, 0x3b, 0x16, 0xee,
    0xff, 0xaf, 0x65, 0x5f, 0x86, 0xe8, 0xff, 0x3c,
    0x62, 0xff, 0x9f, 0x0, 0x0, 0x0, 0x0, 0xab,
    0xff, 0x3c, 0x5a, 0xff, 0xae, 0x0, 0x0, 0x0,
    0x5d, 0xfd, 0xff, 0x3c, 0xc, 0xdc, 0xff, 0xd3,
    0xa5, 0xcf, 0xfc, 0xc9, 0xff, 0x3c, 0x0, 0x16,
    0x95, 0xe0, 0xf7, 0xcc, 0x48, 0x84, 0xff, 0x3c,

    /* U+00E6 "æ" */
    0x0, 0x0, 0x5b, 0xc8, 0xf3, 0xef, 0xb7, 0x3a,
    0x0, 0x10, 0x92, 0xe3, 0xf9, 0xe0, 0x93, 0x15,
    0x0, 0x0, 0x0, 0x7c, 0xff, 0xfb, 0xc0, 0xbd,
    0xf7, 0xfb, 0x57, 0xd7, 0xff, 0xcd, 0xb4, 0xd7,
    0xff, 0xe0, 0x18, 0x0, 0x0, 0x75, 0xe1, 0x30,
    0x0, 0x0, 0x1d, 0xdc, 0xff, 0xf4, 0x41, 0x0,
    0x0, 0x0, 0x5a, 0xff, 0xa3, 0x0, 0x0, 0x0,
    0x2, 0x2, 0x1a, 0x22, 0x1f, 0x89, 0xff, 0xd5,
    0x80, 0x80, 0x80, 0x80, 0x80, 0xf1, 0xf5, 0x5,
    0x0, 0x2a, 0xae, 0xfa, 0xff, 0xff, 0xff, 0xff,
    0xff, 0xff, 0xff, 0xff, 0xff, 0xff, 0xff, 0xff,
    0xff, 0x1e, 0x16, 0xee, 0xf5, 0x64, 0x12, 0x8,
    0x20, 0xa4, 0xff, 0x7f, 0x0, 0x0, 0x0, 0x0,
    0x0, 0x0, 0x0, 0x0, 0x62, 0xff, 0x8a, 0x0,
    0x0, 0x0, 0x0, 0xbe, 0xff, 0xc8, 0x1, 0x0,
    0x0, 0x0, 0x0, 0x4c, 0x7, 0x0, 0x5a, 0xff,
    0xbe, 0x5, 0x0, 0x3, 0x83, 0xff, 0xf4, 0xff,
    0x88, 0x3, 0x0, 0x0, 0x6e, 0xff, 0xbb, 0x0,
    0xc, 0xdc, 0xff, 0xe1, 0xb2, 0xdf, 0xff, 0xd4,
    0x21, 0xd9, 0xff, 0xe2, 0xb3, 0xd5, 0xff, 0xea,
    0x30, 0x0, 0x0, 0x16, 0x95, 0xe0, 0xf8, 0xdd,
    0x89, 0xd, 0x0, 0xf, 0x8b, 0xde, 0xf8, 0xe0,
    0x95, 0x1c, 0x0, 0x0,

    /* U+00E7 "ç" */
    0x0, 0x0, 0x17, 0x92, 0xe0, 0xf9, 0xe1, 0x97,
    0x1b, 0x0, 0x0, 0x25, 0xe5, 0xff, 0xe2, 0xb6,
    0xd9, 0xff, 0xe6, 0x25, 0x1, 0xcc, 0xff, 0x84,
    0x2, 0x0, 0x0, 0x72, 0xff, 0xa7, 0x37, 0xff,
    0xc5, 0x0, 0x0, 0x0, 0x0, 0x0, 0x3f, 0x3,
    0x65, 0xff, 0x7e, 0x0, 0x0, 0x0, 0x0, 0x0,
    0x0, 0x0, 0x66, 0xff, 0x7d, 0x0, 0x0, 0x0,
    0x0, 0x0, 0x0, 0x0, 0x38, 0xff, 0xc2, 0x0,
    0x0, 0x0, 0x0, 0x0, 0x35, 0x3, 0x0, 0xcd,
    0xff, 0x7c, 0x1, 0x0, 0x0, 0x59, 0xfe, 0xb3,
    0x0, 0x28, 0xe9, 0xff, 0xdb, 0xad, 0xce, 0xff,
    0xef, 0x33, 0x0, 0x0, 0x19, 0x96, 0xe8, 0xfe,
    0xe7, 0xa5, 0x26, 0x0, 0x0, 0x0, 0x0, 0x0,
    0xa8, 0xf6, 0xbe, 0x1b, 0x0, 0x0, 0x0, 0x0,
    0x0, 0x0, 0x37, 0x33, 0xc0, 0x94, 0x0, 0x0,
    0x0, 0x0, 0x0, 0xe, 0xa7, 0x38, 0xbf, 0x94,
    0x0, 0x0, 0x0, 0x0, 0x0, 0x0, 0x8d, 0xf4,
    0xc5, 0x1a, 0x0, 0x0,

    /* U+00E8 "è" */
    0x0, 0x0, 0x0, 0x88, 0xff, 0x63, 0x0, 0x0,
    0x0, 0x0, 0x0, 0x0, 0x0, 0x0, 0xd, 0xe8,
    0xcc, 0x0, 0x0, 0x0, 0x0, 0x0, 0x0, 0x0,
    0x0, 0x0, 0x47, 0x88, 0xe, 0x0, 0x0, 0x0,
    0x0, 0x0, 0x0, 0x0, 0x0, 0x0, 0x0, 0x0,
    0x0, 0x0, 0x0, 0x0, 0x0, 0x0, 0x1f, 0x9e,
    0xe7, 0xfa, 0xe2, 0x98, 0x1a, 0x0, 0x0, 0x0,
    0x2b, 0xeb, 0xff, 0xce, 0xb4, 0xd7, 0xff, 0xe7,
    0x20, 0x0, 0x1, 0xd0, 0xf7, 0x46, 0x0, 0x0,
    0x0, 0x5a, 0xff, 0xaf, 0x0, 0x39, 0xff, 0xd9,
    0x80, 0x80, 0x80, 0x80, 0x80, 0xf1, 0xf9, 0x8,
    0x66, 0xff, 0xff, 0xff, 0xff, 0xff, 0xff, 0xff,
    0xff, 0xff, 0x21, 0x66, 0xff, 0x88, 0x0, 0x0,
    0x0, 0x0, 0x0, 0x0, 0x0, 0x0, 0x39, 0xff,
    0xcf, 0x2, 0x0, 0x0, 0x0, 0x0, 0x4c, 0x7,
    0x0, 0x1, 0xd1, 0xff, 0x8e, 0x4, 0x0, 0x0,
    0x6e, 0xff, 0xbb, 0x0, 0x0, 0x2b, 0xeb, 0xff,
    0xe3, 0xb3, 0xd5, 0xff, 0xea, 0x30, 0x0, 0x0,
    0x0, 0x1c, 0x99, 0xe4, 0xf9, 0xe0, 0x95, 0x1c,
    0x0, 0x0,

    /* U+00E9 "é" */
    0x0, 0x0, 0x0, 0x0, 0x0, 0xc5, 0xfc, 0x2a,
    0x0, 0x0, 0x0, 0x0, 0x0, 0x0, 0x0, 0x2c,
    0xff, 0x95, 0x0, 0x0, 0x0, 0x0, 0x0, 0x0,
    0x0, 0x0, 0x42, 0x88, 0x14, 0x0, 0x0, 0x0,
    0x0, 0x0, 0x0, 0x0, 0x0, 0x0, 0x0, 0x0,
    0x0, 0x0, 0x0, 0x0, 0x0, 0x0, 0x1f, 0x9e,
    0xe7, 0xfa, 0xe2, 0x98, 0x1a, 0x0, 0x0, 0x0,
    0x2b, 0xeb, 0xff, 0xce, 0xb4, 0xd7, 0xff, 0xe7,
    0x20, 0x0, 0x1, 0xd0, 0xf7, 0x46, 0x0, 0x0,
    0x0, 0x5a, 0xff, 0xaf, 0x0, 0x39, 0xff, 0xd9,
    0x80, 0x80, 0x80, 0x80, 0x80, 0xf1, 0xf9, 0x8,
    0x66, 0xff, 0xff, 0xff, 0xff, 0xff, 0xff, 0xff,
    0xff, 0xff, 0x21, 0x66, 0xff, 0x88, 0x0, 0x0,
    0x0, 0x0, 0x0, 0x0, 0x0, 0x0, 0x39, 0xff,
    0xcf, 0x2, 0x0, 0x0, 0x0, 0x0, 0x4c, 0x7,
    0x0, 0x1, 0xd1, 0xff, 0x8e, 0x4, 0x0, 0x0,
    0x6e, 0xff, 0xbb, 0x0, 0x0, 0x2b, 0xeb, 0xff,
    0xe3, 0xb3, 0xd5, 0xff, 0xea, 0x30, 0x0, 0x0,
    0x0, 0x1c, 0x99, 0xe4, 0xf9, 0xe0, 0x95, 0x1c,
    0x0, 0x0,

    /* U+00EA "ê" */
    0x0, 0x0, 0x0, 0x9, 0xc7, 0xff, 0xa2, 0x0,
    0x0, 0x0, 0x0, 0x0, 0x0, 0x2, 0xaf, 0xf3,
    0x78, 0xfd, 0x7a, 0x0, 0x0, 0x0, 0x0, 0x0,
    0x25, 0x74, 0x3d, 0x0, 0x4f, 0x72, 0xb, 0x0,
    0x0, 0x0, 0x0, 0x0, 0x0, 0x0, 0x0, 0x0,
    0x0, 0x0, 0x0, 0x0, 0x0, 0x0, 0x1f, 0x9e,
    0xe7, 0xfa, 0xe2, 0x98, 0x1a, 0x0, 0x0, 0x0,
    0x2b, 0xeb, 0xff, 0xce, 0xb4, 0xd7, 0xff, 0xe7,
    0x20, 0x0, 0x1, 0xd0, 0xf7, 0x46, 0x0, 0x0,
    0x0, 0x5a, 0xff, 0xaf, 0x0, 0x39, 0xff, 0xd9,
    0x80, 0x80, 0x80, 0x80, 0x80, 0xf1, 0xf9, 0x8,
    0x66, 0xff, 0xff, 0xff, 0xff, 0xff, 0xff, 0xff,
    0xff, 0xff, 0x21, 0x66, 0xff, 0x88, 0x0, 0x0,
    0x0, 0x0, 0x0, 0x0, 0x0, 0x0, 0x39, 0xff,
    0xcf, 0x2, 0x0, 0x0, 0x0, 0x0, 0x4c, 0x7,
    0x0, 0x1, 0xd1, 0xff, 0x8e, 0x4, 0x0, 0x0,
    0x6e, 0xff, 0xbb, 0x0, 0x0, 0x2b, 0xeb, 0xff,
    0xe3, 0xb3, 0xd5, 0xff, 0xea, 0x30, 0x0, 0x0,
    0x0, 0x1c, 0x99, 0xe4, 0xf9, 0xe0, 0x95, 0x1c,
    0x0, 0x0,

    /* U+00EB "ë" */
    0x0, 0x0, 0x3f, 0xef, 0x80, 0x7, 0xcf, 0xd2,
    0x7, 0x0, 0x0, 0x0, 0x0, 0x5c, 0xff, 0xa7,
    0xf, 0xf1, 0xf4, 0xf, 0x0, 0x0, 0x0, 0x0,
    0x0, 0x2f, 0x9, 0x0, 0x1b, 0x1d, 0x0, 0x0,
    0x0, 0x0, 0x0, 0x0, 0x0, 0x0, 0x0, 0x0,
    0x0, 0x0, 0x0, 0x0, 0x0, 0x0, 0x1f, 0x9e,
    0xe7, 0xfa, 0xe2, 0x98, 0x1a, 0x0, 0x0, 0x0,
    0x2b, 0xeb, 0xff, 0xce, 0xb4, 0xd7, 0xff, 0xe7,
    0x20, 0x0, 0x1, 0xd0, 0xf7, 0x46, 0x0, 0x0,
    0x0, 0x5a, 0xff, 0xaf, 0x0, 0x39, 0xff, 0xd9,
    0x80, 0x80, 0x80, 0x80, 0x80, 0xf1, 0xf9, 0x8,
    0x66, 0xff, 0xff, 0xff, 0xff, 0xff, 0xff, 0xff,
    0xff, 0xff, 0x21, 0x66, 0xff, 0x88, 0x0, 0x0,
    0x0, 0x0, 0x0, 0x0, 0x0, 0x0, 0x39, 0xff,
    0xcf, 0x2, 0x0, 0x0, 0x0, 0x0, 0x4c, 0x7,
    0x0, 0x1, 0xd1, 0xff, 0x8e, 0x4, 0x0, 0x0,
    0x6e, 0xff, 0xbb, 0x0, 0x0, 0x2b, 0xeb, 0xff,
    0xe3, 0xb3, 0xd5, 0xff, 0xea, 0x30, 0x0, 0x0,
    0x0, 0x1c, 0x99, 0xe4, 0xf9, 0xe0, 0x95, 0x1c,
    0x0, 0x0,

    /* U+00EC "ì" */
    0xb7, 0xff, 0x34, 0x0, 0x2a, 0xfb, 0x9e, 0x0,
    0x0, 0x61, 0x7e, 0x0, 0x0, 0x0, 0x0, 0x0,
    0x0, 0xb8, 0xff, 0x20, 0x0, 0xb8, 0xff, 0x20,
    0x0, 0xb8, 0xff, 0x20, 0x0, 0xb8, 0xff, 0x20,
    0x0, 0xb8, 0xff, 0x20, 0x0, 0xb8, 0xff, 0x20,
    0x0, 0xb8, 0xff, 0x20, 0x0, 0xb8, 0xff, 0x20,
    0x0, 0xb8, 0xff, 0x20, 0x0, 0xb8, 0xff, 0x20,

    /* U+00ED "í" */
    0x0, 0xcd, 0xf9, 0x24, 0x37, 0xff, 0x8b, 0x0,
    0x48, 0x87, 0xe, 0x0, 0x0, 0x0, 0x0, 0x0,
    0xb8, 0xff, 0x20, 0x0, 0xb8, 0xff, 0x20, 0x0,
    0xb8, 0xff, 0x20, 0x0, 0xb8, 0xff, 0x20, 0x0,
    0xb8, 0xff, 0x20, 0x0, 0xb8, 0xff, 0x20, 0x0,
    0xb8, 0xff, 0x20, 0x0, 0xb8, 0xff, 0x20, 0x0,
    0xb8, 0xff, 0x20, 0x0, 0xb8, 0xff, 0x20, 0x0,

    /* U+00EE "î" */
    0x0, 0x2c, 0xea, 0xff, 0x7a, 0x0, 0x0, 0x2b,
    0xea, 0xb8, 0x60, 0xfd, 0x6f, 0x0, 0x19, 0x28,
    0x7, 0x0, 0x1f, 0x26, 0x0, 0x0, 0x0, 0x0,
    0x0, 0x0, 0x0, 0x0, 0x0, 0x0, 0xb8, 0xff,
    0x20, 0x0, 0x0, 0x0, 0x0, 0xb8, 0xff, 0x20,
    0x0, 0x0, 0x0, 0x0, 0xb8, 0xff, 0x20, 0x0,
    0x0, 0x0, 0x0, 0xb8, 0xff, 0x20, 0x0, 0x0,
    0x0, 0x0, 0xb8, 0xff, 0x20, 0x0, 0x0, 0x0,
    0x0, 0xb8, 0xff, 0x20, 0x0, 0x0, 0x0, 0x0,
    0xb8, 0xff, 0x20, 0x0, 0x0, 0x0, 0x0, 0xb8,
    0xff, 0x20, 0x0, 0x0, 0x0, 0x0, 0xb8, 0xff,
    0x20, 0x0, 0x0, 0x0, 0x0, 0xb8, 0xff, 0x20,
    0x0, 0x0,

    /* U+00EF "ï" */
    0x1b, 0xe4, 0xb4, 0x51, 0xf3, 0x70, 0x2c, 0xfc,
    0xda, 0x70, 0xff, 0x93, 0x0, 0x24, 0x13, 0x0,
    0x32, 0x5, 0x0, 0x0, 0x0, 0x0, 0x0, 0x0,
    0x0, 0x0, 0xb8, 0xff, 0x20, 0x0, 0x0, 0x0,
    0xb8, 0xff, 0x20, 0x0, 0x0, 0x0, 0xb8, 0xff,
    0x20, 0x0, 0x0, 0x0, 0xb8, 0xff, 0x20, 0x0,
    0x0, 0x0, 0xb8, 0xff, 0x20, 0x0, 0x0, 0x0,
    0xb8, 0xff, 0x20, 0x0, 0x0, 0x0, 0xb8, 0xff,
    0x20, 0x0, 0x0, 0x0, 0xb8, 0xff, 0x20, 0x0,
    0x0, 0x0, 0xb8, 0xff, 0x20, 0x0, 0x0, 0x0,
    0xb8, 0xff, 0x20, 0x0,

    /* U+00F0 "ð" */
    0x0, 0x0, 0x4, 0xc1, 0x81, 0x1c, 0x0, 0x0,
    0x21, 0x0, 0x0, 0x0, 0x0, 0x28, 0xd7, 0xff,
    0xf6, 0x92, 0xc7, 0xf7, 0x14, 0x0, 0x0, 0x0,
    0x0, 0x13, 0xb1, 0xff, 0xff, 0xfe, 0x61, 0x4,
    0x0, 0x0, 0x0, 0x0, 0xb1, 0xfa, 0xa6, 0x9c,
    0xff, 0xab, 0x1, 0x0, 0x0, 0x0, 0x0, 0x28,
    0x1a, 0x0, 0x1, 0xab, 0xff, 0x5b, 0x0, 0x0,
    0x0, 0xa, 0x82, 0xdc, 0xf8, 0xd9, 0x8d, 0xf9,
    0xdc, 0x1, 0x0, 0xc, 0xcb, 0xff, 0xed, 0xbb,
    0xd4, 0xff, 0xff, 0xff, 0x32, 0x0, 0x97, 0xff,
    0xb6, 0xf, 0x0, 0x0, 0x5b, 0xfd, 0xff, 0x71,
    0x8, 0xf6, 0xf3, 0x15, 0x0, 0x0, 0x0, 0x0,
    0x9d, 0xff, 0x8b, 0x2a, 0xff, 0xc3, 0x0, 0x0,
    0x0, 0x0, 0x0, 0x58, 0xff, 0x9a, 0x27, 0xff,
    0xc6, 0x0, 0x0, 0x0, 0x0, 0x0, 0x5c, 0xff,
    0x88, 0x4, 0xf0, 0xf6, 0x19, 0x0, 0x0, 0x0,
    0x0, 0xa6, 0xff, 0x50, 0x0, 0x84, 0xff, 0xbe,
    0x14, 0x0, 0x0, 0x6b, 0xff, 0xdf, 0x5, 0x0,
    0x6, 0xba, 0xff, 0xf5, 0xca, 0xe4, 0xff, 0xf3,
    0x39, 0x0, 0x0, 0x0, 0x4, 0x73, 0xd5, 0xf9,
    0xec, 0xaa, 0x2a, 0x0, 0x0,

    /* U+00F1 "ñ" */
    0x0, 0x25, 0xc7, 0xf8, 0xde, 0xb1, 0xe8, 0xd3,
    0x0, 0x0, 0xac, 0xf4, 0xaf, 0xd8, 0xf9, 0xd6,
    0x3a, 0x0, 0x0, 0x0, 0x0, 0x0, 0x0, 0x0,
    0x0, 0x0, 0x0, 0x0, 0x0, 0x0, 0x0, 0x0,
    0x0, 0x0, 0x0, 0x0, 0xe0, 0xe0, 0x15, 0x9b,
    0xeb, 0xf6, 0xc3, 0x3f, 0x0, 0xe0, 0xea, 0xd8,
    0xea, 0xb8, 0xd8, 0xff, 0xf8, 0x22, 0xe0, 0xff,
    0xc2, 0xf, 0x0, 0x1, 0x8e, 0xff, 0x92, 0xe0,
    0xff, 0x30, 0x0, 0x0, 0x0, 0x23, 0xff, 0xbb,
    0xe0, 0xf9, 0x2, 0x0, 0x0, 0x0, 0xc, 0xff,
    0xcc, 0xe0, 0xf4, 0x0, 0x0, 0x0, 0x0, 0xc,
    0xff, 0xcc, 0xe0, 0xf4, 0x0, 0x0, 0x0, 0x0,
    0xc, 0xff, 0xcc, 0xe0, 0xf4, 0x0, 0x0, 0x0,
    0x0, 0xc, 0xff, 0xcc, 0xe0, 0xf4, 0x0, 0x0,
    0x0, 0x0, 0xc, 0xff, 0xcc, 0xe0, 0xf4, 0x0,
    0x0, 0x0, 0x0, 0xc, 0xff, 0xcc,

    /* U+00F2 "ò" */
    0x0, 0x0, 0x0, 0x74, 0xff, 0x77, 0x0, 0x0,
    0x0, 0x0, 0x0, 0x0, 0x0, 0x0, 0x6, 0xdc,
    0xde, 0x1, 0x0, 0x0, 0x0, 0x0, 0x0, 0x0,
    0x0, 0x0, 0x3d, 0x88, 0x19, 0x0, 0x0, 0x0,
    0x0, 0x0, 0x0, 0x0, 0x0, 0x0, 0x0, 0x0,
    0x0, 0x0, 0x0, 0x0, 0x0, 0x0, 0x17, 0x92,
    0xe0, 0xfa, 0xe8, 0xa6, 0x29, 0x0, 0x0, 0x0,
    0x25, 0xe5, 0xff, 0xe5, 0xb8, 0xd9, 0xff, 0xf5,
    0x45, 0x0, 0x1, 0xcc, 0xff, 0x85, 0x4, 0x0,
    0x0, 0x5d, 0xfc, 0xee, 0x11, 0x38, 0xff, 0xc3,
    0x0, 0x0, 0x0, 0x0, 0x0, 0x92, 0xff, 0x6b,
    0x65, 0xff, 0x7d, 0x0, 0x0, 0x0, 0x0, 0x0,
    0x4a, 0xff, 0x98, 0x66, 0xff, 0x7c, 0x0, 0x0,
    0x0, 0x0, 0x0, 0x4a, 0xff, 0x98, 0x38, 0xff,
    0xc0, 0x0, 0x0, 0x0, 0x0, 0x0, 0x8e, 0xff,
    0x6b, 0x1, 0xce, 0xff, 0x7e, 0x2, 0x0, 0x0,
    0x55, 0xfb, 0xef, 0x12, 0x0, 0x27, 0xe7, 0xff,
    0xe0, 0xb4, 0xd4, 0xff, 0xf6, 0x48, 0x0, 0x0,
    0x0, 0x19, 0x94, 0xe1, 0xfa, 0xe9, 0xa7, 0x2b,
    0x0, 0x0,

    /* U+00F3 "ó" */
    0x0, 0x0, 0x0, 0x0, 0x0, 0x71, 0xff, 0x7a,
    0x0, 0x0, 0x0, 0x0, 0x0, 0x0, 0x0, 0x1,
    0xd9, 0xdf, 0x8, 0x0, 0x0, 0x0, 0x0, 0x0,
    0x0, 0x0, 0x17, 0x88, 0x3f, 0x0, 0x0, 0x0,
    0x0, 0x0, 0x0, 0x0, 0x0, 0x0, 0x0, 0x0,
    0x0, 0x0, 0x0, 0x0, 0x0, 0x0, 0x17, 0x92,
    0xe0, 0xfa, 0xe8, 0xa6, 0x29, 0x0, 0x0, 0x0,
    0x25, 0xe5, 0xff, 0xe5, 0xb8, 0xd9, 0xff, 0xf5,
    0x45, 0x0, 0x1, 0xcc, 0xff, 0x85, 0x4, 0x0,
    0x0, 0x5d, 0xfc, 0xee, 0x11, 0x38, 0xff, 0xc3,
    0x0, 0x0, 0x0, 0x0, 0x0, 0x92, 0xff, 0x6b,
    0x65, 0xff, 0x7d, 0x0, 0x0, 0x0, 0x0, 0x0,
    0x4a, 0xff, 0x98, 0x66, 0xff, 0x7c, 0x0, 0x0,
    0x0, 0x0, 0x0, 0x4a, 0xff, 0x98, 0x38, 0xff,
    0xc0, 0x0, 0x0, 0x0, 0x0, 0x0, 0x8e, 0xff,
    0x6b, 0x1, 0xce, 0xff, 0x7e, 0x2, 0x0, 0x0,
    0x55, 0xfb, 0xef, 0x12, 0x0, 0x27, 0xe7, 0xff,
    0xe0, 0xb4, 0xd4, 0xff, 0xf6, 0x48, 0x0, 0x0,
    0x0, 0x19, 0x94, 0xe1, 0xfa, 0xe9, 0xa7, 0x2b,
    0x0, 0x0,

    /* U+00F4 "ô" */
    0x0, 0x0, 0x0, 0x2, 0xa7, 0xff, 0xcc, 0xb,
    0x0, 0x0, 0x0, 0x0, 0x0, 0x0, 0x96, 0xfa,
    0x65, 0xe8, 0xb5, 0x3, 0x0, 0x0, 0x0, 0x0,
    0xf, 0x54, 0x37, 0x0, 0x26, 0x54, 0x19, 0x0,
    0x0, 0x0, 0x0, 0x0, 0x0, 0x0, 0x0, 0x0,
    0x0, 0x0, 0x0, 0x0, 0x0, 0x0, 0x17, 0x92,
    0xe0, 0xfa, 0xe8, 0xa6, 0x29, 0x0, 0x0, 0x0,
    0x25, 0xe5, 0xff, 0xe5, 0xb8, 0xd9, 0xff, 0xf5,
    0x45, 0x0, 0x1, 0xcc, 0xff, 0x85, 0x4, 0x0,
    0x0, 0x5d, 0xfc, 0xee, 0x11, 0x38, 0xff, 0xc3,
    0x0, 0x0, 0x0, 0x0, 0x0, 0x92, 0xff, 0x6b,
    0x65, 0xff, 0x7d, 0x0, 0x0, 0x0, 0x0, 0x0,
    0x4a, 0xff, 0x98, 0x66, 0xff, 0x7c, 0x0, 0x0,
    0x0, 0x0, 0x0, 0x4a, 0xff, 0x98, 0x38, 0xff,
    0xc0, 0x0, 0x0, 0x0, 0x0, 0x0, 0x8e, 0xff,
    0x6b, 0x1, 0xce, 0xff, 0x7e, 0x2, 0x0, 0x0,
    0x55, 0xfb, 0xef, 0x12, 0x0, 0x27, 0xe7, 0xff,
    0xe0, 0xb4, 0xd4, 0xff, 0xf6, 0x48, 0x0, 0x0,
    0x0, 0x19, 0x94, 0xe1, 0xfa, 0xe9, 0xa7, 0x2b,
    0x0, 0x0,

    /* U+00F5 "õ" */
    0x0, 0x0, 0x21, 0xc4, 0xf8, 0xdf, 0xb2, 0xe6,
    0xd7, 0x0, 0x0, 0x0, 0x0, 0xa7, 0xf5, 0xaf,
    0xd7, 0xf9, 0xd7, 0x3d, 0x0, 0x0, 0x0, 0x0,
    0x0, 0x0, 0x0, 0x0, 0x0, 0x0, 0x0, 0x0,
    0x0, 0x0, 0x0, 0x0, 0x0, 0x0, 0x0, 0x0,
    0x0, 0x0, 0x0, 0x0, 0x0, 0x0, 0x17, 0x92,
    0xe0, 0xfa, 0xe8, 0xa6, 0x29, 0x0, 0x0, 0x0,
    0x25, 0xe5, 0xff, 0xe5, 0xb8, 0xd9, 0xff, 0xf5,
    0x45, 0x0, 0x1, 0xcc, 0xff, 0x85, 0x4, 0x0,
    0x0, 0x5d, 0xfc, 0xee, 0x11, 0x38, 0xff, 0xc3,
    0x0, 0x0, 0x0, 0x0, 0x0, 0x92, 0xff, 0x6b,
    0x65, 0xff, 0x7d, 0x0, 0x0, 0x0, 0x0, 0x0,
    0x4a, 0xff, 0x98, 0x66, 0xff, 0x7c, 0x0, 0x0,
    0x0, 0x0, 0x0, 0x4a, 0xff, 0x98, 0x38, 0xff,
    0xc0, 0x0, 0x0, 0x0, 0x0, 0x0, 0x8e, 0xff,
    0x6b, 0x1, 0xce, 0xff, 0x7e, 0x2, 0x0, 0x0,
    0x55, 0xfb, 0xef, 0x12, 0x0, 0x27, 0xe7, 0xff,
    0xe0, 0xb4, 0xd4, 0xff, 0xf6, 0x48, 0x0, 0x0,
    0x0, 0x19, 0x94, 0xe1, 0xfa, 0xe9, 0xa7, 0x2b,
    0x0, 0x0,

    /* U+00F6 "ö" */
    0x0, 0x0, 0x10, 0xdc, 0xc4, 0x1, 0x92, 0xed,
    0x32, 0x0, 0x0, 0x0, 0x0, 0x1c, 0xf8, 0xeb,
    0x4, 0xb8, 0xff, 0x4c, 0x0, 0x0, 0x0, 0x0,
    0x0, 0x20, 0x18, 0x0, 0xb, 0x2d, 0x0, 0x0,
    0x0, 0x0, 0x0, 0x0, 0x0, 0x0, 0x0, 0x0,
    0x0, 0x0, 0x0, 0x0, 0x0, 0x0, 0x17, 0x92,
    0xe0, 0xfa, 0xe8, 0xa6, 0x29, 0x0, 0x0, 0x0,
    0x25, 0xe5, 0xff, 0xe5, 0xb8, 0xd9, 0xff, 0xf5,
    0x45, 0x0, 0x1, 0xcc, 0xff, 0x85, 0x4, 0x0,
    0x0, 0x5d, 0xfc, 0xee, 0x11, 0x38, 0xff, 0xc3,
    0x0, 0x0, 0x0, 0x0, 0x0, 0x92, 0xff, 0x6b,
    0x65, 0xff, 0x7d, 0x0, 0x0, 0x0, 0x0, 0x0,
    0x4a, 0xff, 0x98, 0x66, 0xff, 0x7c, 0x0, 0x0,
    0x0, 0x0, 0x0, 0x4a, 0xff, 0x98, 0x38, 0xff,
    0xc0, 0x0, 0x0, 0x0, 0x0, 0x0, 0x8e, 0xff,
    0x6b, 0x1, 0xce, 0xff, 0x7e, 0x2, 0x0, 0x0,
    0x55, 0xfb, 0xef, 0x12, 0x0, 0x27, 0xe7, 0xff,
    0xe0, 0xb4, 0xd4, 0xff, 0xf6, 0x48, 0x0, 0x0,
    0x0, 0x19, 0x94, 0xe1, 0xfa, 0xe9, 0xa7, 0x2b,
    0x0, 0x0,

    /* U+00F7 "÷" */
    0x0, 0x0, 0x0, 0x7a, 0xf4, 0x7a, 0x0, 0x0,
    0x0, 0x0, 0x0, 0x0, 0xcd, 0xff, 0xcd, 0x0,
    0x0, 0x0, 0x0, 0x0, 0x0, 0x3d, 0xa4, 0x3d,
    0x0, 0x0, 0x0, 0x0, 0x0, 0x0, 0x0, 0x0,
    0x0, 0x0, 0x0, 0x0, 0x70, 0x80, 0x80, 0x80,
    0x80, 0x80, 0x80, 0x80, 0x70, 0xe0, 0xff, 0xff,
    0xff, 0xff, 0xff, 0xff, 0xff, 0xe0, 0x0, 0x0,
    0x0, 0x0, 0x0, 0x0, 0x0, 0x0, 0x0, 0x0,
    0x0, 0x0, 0x3d, 0xa4, 0x3e, 0x0, 0x0, 0x0,
    0x0, 0x0, 0x0, 0xce, 0xff, 0xcd, 0x0, 0x0,
    0x0, 0x0, 0x0, 0x0, 0x79, 0xf4, 0x79, 0x0,
    0x0, 0x0,

    /* U+00F8 "ø" */
    0x0, 0x0, 0x0, 0x0, 0x0, 0x0, 0x0, 0x0,
    0x24, 0x0, 0x0, 0x0, 0x0, 0x17, 0x92, 0xe0,
    0xf9, 0xe5, 0xa8, 0xfd, 0x3e, 0x0, 0x0, 0x26,
    0xe5, 0xff, 0xe4, 0xb6, 0xd4, 0xff, 0xfd, 0x3f,
    0x0, 0x1, 0xcd, 0xff, 0x85, 0x3, 0x0, 0x80,
    0xf4, 0xfb, 0xe9, 0xf, 0x38, 0xff, 0xc3, 0x0,
    0x0, 0x2e, 0xfa, 0x6a, 0x90, 0xff, 0x66, 0x66,
    0xff, 0x7d, 0x0, 0x4, 0xcd, 0xbf, 0x1, 0x49,
    0xff, 0x96, 0x64, 0xff, 0x7c, 0x0, 0x7d, 0xf4,
    0x22, 0x0, 0x4a, 0xff, 0x99, 0x36, 0xff, 0xc2,
    0x2d, 0xf9, 0x6d, 0x0, 0x0, 0x8f, 0xff, 0x6b,
    0x1, 0xc9, 0xff, 0xea, 0xc2, 0x1, 0x0, 0x55,
    0xfb, 0xef, 0x12, 0x0, 0x22, 0xe8, 0xff, 0xe7,
    0xb5, 0xd4, 0xff, 0xf6, 0x48, 0x0, 0x0, 0xd,
    0xee, 0xbf, 0xdd, 0xf9, 0xe9, 0xa7, 0x2b, 0x0,
    0x0, 0x0, 0x0, 0x1e, 0x6, 0x0, 0x0, 0x0,
    0x0, 0x0, 0x0, 0x0,

    /* U+00F9 "ù" */
    0x0, 0x0, 0x6c, 0xff, 0x80, 0x0, 0x0, 0x0,
    0x0, 0x0, 0x0, 0x4, 0xd6, 0xe5, 0x4, 0x0,
    0x0, 0x0, 0x0, 0x0, 0x0, 0x38, 0x88, 0x1f,
    0x0, 0x0, 0x0, 0x0, 0x0, 0x0, 0x0, 0x0,
    0x0, 0x0, 0x0, 0x0, 0xf4, 0xe0, 0x0, 0x0,
    0x0, 0x0, 0x20, 0xff, 0xb8, 0xf4, 0xe0, 0x0,
    0x0, 0x0, 0x0, 0x20, 0xff, 0xb8, 0xf4, 0xe0,
    0x0, 0x0, 0x0, 0x0, 0x20, 0xff, 0xb8, 0xf4,
    0xe0, 0x0, 0x0, 0x0, 0x0, 0x20, 0xff, 0xb8,
    0xf4, 0xe0, 0x0, 0x0, 0x0, 0x0, 0x20, 0xff,
    0xb8, 0xf4, 0xe0, 0x0, 0x0, 0x0, 0x0, 0x28,
    0xff, 0xb8, 0xe5, 0xf4, 0x1, 0x0, 0x0, 0x0,
    0x5c, 0xff, 0xb8, 0xbc, 0xff, 0x63, 0x0, 0x0,
    0x1c, 0xdd, 0xff, 0xb8, 0x45, 0xff, 0xff, 0xc8,
    0xb6, 0xf0, 0xc5, 0xff, 0xb8, 0x0, 0x5a, 0xd2,
    0xf9, 0xe5, 0x89, 0x16, 0xff, 0xb8,

    /* U+00FA "ú" */
    0x0, 0x0, 0x0, 0x0, 0xb5, 0xfe, 0x38, 0x0,
    0x0, 0x0, 0x0, 0x0, 0x21, 0xfd, 0xa5, 0x0,
    0x0, 0x0, 0x0, 0x0, 0x0, 0x3b, 0x88, 0x1c,
    0x0, 0x0, 0x0, 0x0, 0x0, 0x0, 0x0, 0x0,
    0x0, 0x0, 0x0, 0x0, 0xf4, 0xe0, 0x0, 0x0,
    0x0, 0x0, 0x20, 0xff, 0xb8, 0xf4, 0xe0, 0x0,
    0x0, 0x0, 0x0, 0x20, 0xff, 0xb8, 0xf4, 0xe0,
    0x0, 0x0, 0x0, 0x0, 0x20, 0xff, 0xb8, 0xf4,
    0xe0, 0x0, 0x0, 0x0, 0x0, 0x20, 0xff, 0xb8,
    0xf4, 0xe0, 0x0, 0x0, 0x0, 0x0, 0x20, 0xff,
    0xb8, 0xf4, 0xe0, 0x0, 0x0, 0x0, 0x0, 0x28,
    0xff, 0xb8, 0xe5, 0xf4, 0x1, 0x0, 0x0, 0x0,
    0x5c, 0xff, 0xb8, 0xbc, 0xff, 0x63, 0x0, 0x0,
    0x1c, 0xdd, 0xff, 0xb8, 0x45, 0xff, 0xff, 0xc8,
    0xb6, 0xf0, 0xc5, 0xff, 0xb8, 0x0, 0x5a, 0xd2,
    0xf9, 0xe5, 0x89, 0x16, 0xff, 0xb8,

    /* U+00FB "û" */
    0x0, 0x0, 0xc, 0xca, 0xff, 0xa7, 0x1, 0x0,
    0x0, 0x0, 0x7, 0xbd, 0xea, 0x62, 0xf8, 0x8e,
    0x0, 0x0, 0x0, 0x1d, 0x50, 0x26, 0x0, 0x33,
    0x50, 0xb, 0x0, 0x0, 0x0, 0x0, 0x0, 0x0,
    0x0, 0x0, 0x0, 0x0, 0xf4, 0xe0, 0x0, 0x0,
    0x0, 0x0, 0x20, 0xff, 0xb8, 0xf4, 0xe0, 0x0,
    0x0, 0x0, 0x0, 0x20, 0xff, 0xb8, 0xf4, 0xe0,
    0x0, 0x0, 0x0, 0x0, 0x20, 0xff, 0xb8, 0xf4,
    0xe0, 0x0, 0x0, 0x0, 0x0, 0x20, 0xff, 0xb8,
    0xf4, 0xe0, 0x0, 0x0, 0x0, 0x0, 0x20, 0xff,
    0xb8, 0xf4, 0xe0, 0x0, 0x0, 0x0, 0x0, 0x28,
    0xff, 0xb8, 0xe5, 0xf4, 0x1, 0x0, 0x0, 0x0,
    0x5c, 0xff, 0xb8, 0xbc, 0xff, 0x63, 0x0, 0x0,
    0x1c, 0xdd, 0xff, 0xb8, 0x45, 0xff, 0xff, 0xc8,
    0xb6, 0xf0, 0xc5, 0xff, 0xb8, 0x0, 0x5a, 0xd2,
    0xf9, 0xe5, 0x89, 0x16, 0xff, 0xb8,

    /* U+00FC "ü" */
    0x0, 0x26, 0xe9, 0xa4, 0x0, 0xb3, 0xe4, 0x1a,
    0x0, 0x0, 0x3a, 0xfe, 0xcb, 0x0, 0xdc, 0xfd,
    0x2a, 0x0, 0x0, 0x0, 0x28, 0x10, 0x0, 0x12,
    0x25, 0x0, 0x0, 0x0, 0x0, 0x0, 0x0, 0x0,
    0x0, 0x0, 0x0, 0x0, 0xf4, 0xe0, 0x0, 0x0,
    0x0, 0x0, 0x20, 0xff, 0xb8, 0xf4, 0xe0, 0x0,
    0x0, 0x0, 0x0, 0x20, 0xff, 0xb8, 0xf4, 0xe0,
    0x0, 0x0, 0x0, 0x0, 0x20, 0xff, 0xb8, 0xf4,
    0xe0, 0x0, 0x0, 0x0, 0x0, 0x20, 0xff, 0xb8,
    0xf4, 0xe0, 0x0, 0x0, 0x0, 0x0, 0x20, 0xff,
    0xb8, 0xf4, 0xe0, 0x0, 0x0, 0x0, 0x0, 0x28,
    0xff, 0xb8, 0xe5, 0xf4, 0x1, 0x0, 0x0, 0x0,
    0x5c, 0xff, 0xb8, 0xbc, 0xff, 0x63, 0x0, 0x0,
    0x1c, 0xdd, 0xff, 0xb8, 0x45, 0xff, 0xff, 0xc8,
    0xb6, 0xf0, 0xc5, 0xff, 0xb8, 0x0, 0x5a, 0xd2,
    0xf9, 0xe5, 0x89, 0x16, 0xff, 0xb8,

    /* U+00FD "ý" */
    0x0, 0x0, 0x0, 0x0, 0x9, 0xee, 0xe6, 0xc,
    0x0, 0x0, 0x0, 0x0, 0x0, 0x0, 0x61, 0xff,
    0x61, 0x0, 0x0, 0x0, 0x0, 0x0, 0x0, 0x0,
    0x5d, 0x7e, 0x2, 0x0, 0x0, 0x0, 0x0, 0x0,
    0x0, 0x0, 0x0, 0x0, 0x0, 0x0, 0x0, 0x0,
    0xb4, 0xff, 0x49, 0x0, 0x0, 0x0, 0x0, 0x54,
    0xff, 0xa7, 0x42, 0xff, 0xb4, 0x0, 0x0, 0x0,
    0x0, 0xbc, 0xff, 0x37, 0x0, 0xcf, 0xfd, 0x21,
    0x0, 0x0, 0x24, 0xfe, 0xc7, 0x0, 0x0, 0x5e,
    0xff, 0x8a, 0x0, 0x0, 0x8b, 0xff, 0x56, 0x0,
    0x0, 0x6, 0xe6, 0xec, 0x8, 0x7, 0xeb, 0xe2,
    0x4, 0x0, 0x0, 0x0, 0x7b, 0xff, 0x60, 0x5a,
    0xff, 0x76, 0x0, 0x0, 0x0, 0x0, 0x13, 0xf5,
    0xcb, 0xc1, 0xf4, 0x11, 0x0, 0x0, 0x0, 0x0,
    0x0, 0x97, 0xff, 0xff, 0x95, 0x0, 0x0, 0x0,
    0x0, 0x0, 0x0, 0x27, 0xfe, 0xfe, 0x26, 0x0,
    0x0, 0x0, 0x0, 0x0, 0x0, 0x17, 0xf8, 0xb5,
    0x0, 0x0, 0x0, 0x0, 0x0, 0x0, 0x0, 0x86,
    0xff, 0x44, 0x0, 0x0, 0x0, 0x0, 0x0, 0x0,
    0xd, 0xef, 0xd3, 0x0, 0x0, 0x0, 0x0, 0x0,
    0x0, 0x0, 0x75, 0xff, 0x64, 0x0, 0x0, 0x0,
    0x0, 0x0, 0x0, 0x6, 0xe5, 0xeb, 0x8, 0x0,
    0x0, 0x0, 0x0, 0x0,

    /* U+00FE "þ" */
    0xe0, 0xf4, 0x0, 0x0, 0x0, 0x0, 0x0, 0x0,
    0x0, 0x0, 0xe0, 0xf4, 0x0, 0x0, 0x0, 0x0,
    0x0, 0x0, 0x0, 0x0, 0xe0, 0xf4, 0x0, 0x0,
    0x0, 0x0, 0x0, 0x0, 0x0, 0x0, 0xe0, 0xf4,
    0x0, 0x0, 0x0, 0x0, 0x0, 0x0, 0x0, 0x0,
    0xe0, 0xf0, 0x14, 0x97, 0xe7, 0xf7, 0xd0, 0x63,
    0x0, 0x0, 0xe0, 0xee, 0xd6, 0xf7, 0xc5, 0xc5,
    0xf8, 0xff, 0x93, 0x0, 0xe0, 0xff, 0xd7, 0x24,
    0x0, 0x0, 0x26, 0xd9, 0xff, 0x4e, 0xe0, 0xff,
    0x3b, 0x0, 0x0, 0x0, 0x0, 0x3d, 0xff, 0xb9,
    0xe0, 0xf4, 0x1, 0x0, 0x0, 0x0, 0x0, 0x1,
    0xf4, 0xe8, 0xe0, 0xf3, 0x1, 0x0, 0x0, 0x0,
    0x0, 0x1, 0xf4, 0xe8, 0xe0, 0xff, 0x37, 0x0,
    0x0, 0x0, 0x0, 0x3b, 0xff, 0xba, 0xe0, 0xff,
    0xd3, 0x1f, 0x0, 0x0, 0x23, 0xd7, 0xff, 0x50,
    0xe0, 0xee, 0xd7, 0xf5, 0xbf, 0xc0, 0xf6, 0xff,
    0x94, 0x0, 0xe0, 0xf0, 0x14, 0x97, 0xe7, 0xf8,
    0xd1, 0x64, 0x0, 0x0, 0xe0, 0xf4, 0x0, 0x0,
    0x0, 0x0, 0x0, 0x0, 0x0, 0x0, 0xe0, 0xf4,
    0x0, 0x0, 0x0, 0x0, 0x0, 0x0, 0x0, 0x0,
    0xe0, 0xf4, 0x0, 0x0, 0x0, 0x0, 0x0, 0x0,
    0x0, 0x0, 0xe0, 0xf4, 0x0, 0x0, 0x0, 0x0,
    0x0, 0x0, 0x0, 0x0,

    /* U+00FF "ÿ" */
    0x0, 0x0, 0x83, 0xf1, 0x3f, 0x34, 0xed, 0x91,
    0x0, 0x0, 0x0, 0x0, 0xa8, 0xff, 0x5a, 0x4d,
    0xff, 0xb7, 0x0, 0x0, 0x0, 0x0, 0x8, 0x2f,
    0x0, 0x0, 0x2c, 0xc, 0x0, 0x0, 0x0, 0x0,
    0x0, 0x0, 0x0, 0x0, 0x0, 0x0, 0x0, 0x0,
    0xb4, 0xff, 0x49, 0x0, 0x0, 0x0, 0x0, 0x54,
    0xff, 0xa7, 0x42, 0xff, 0xb4, 0x0, 0x0, 0x0,
    0x0, 0xbc, 0xff, 0x37, 0x0, 0xcf, 0xfd, 0x21,
    0x0, 0x0, 0x24, 0xfe, 0xc7, 0x0, 0x0, 0x5e,
    0xff, 0x8a, 0x0, 0x0, 0x8b, 0xff, 0x56, 0x0,
    0x0, 0x6, 0xe6, 0xec, 0x8, 0x7, 0xeb, 0xe2,
    0x4, 0x0, 0x0, 0x0, 0x7b, 0xff, 0x60, 0x5a,
    0xff, 0x76, 0x0, 0x0, 0x0, 0x0, 0x13, 0xf5,
    0xcb, 0xc1, 0xf4, 0x11, 0x0, 0x0, 0x0, 0x0,
    0x0, 0x97, 0xff, 0xff, 0x95, 0x0, 0x0, 0x0,
    0x0, 0x0, 0x0, 0x27, 0xfe, 0xfe, 0x26, 0x0,
    0x0, 0x0, 0x0, 0x0, 0x0, 0x17, 0xf8, 0xb5,
    0x0, 0x0, 0x0, 0x0, 0x0, 0x0, 0x0, 0x86,
    0xff, 0x44, 0x0, 0x0, 0x0, 0x0, 0x0, 0x0,
    0xd, 0xef, 0xd3, 0x0, 0x0, 0x0, 0x0, 0x0,
    0x0, 0x0, 0x75, 0xff, 0x64, 0x0, 0x0, 0x0,
    0x0, 0x0, 0x0, 0x6, 0xe5, 0xeb, 0x8, 0x0,
    0x0, 0x0, 0x0, 0x0,

    /* U+0100 "Ā" */
    0x0, 0x0, 0x0, 0x3, 0x1c, 0x1c, 0x1c, 0x1c,
    0x1c, 0xd, 0x0, 0x0, 0x0, 0x0, 0x0, 0x0,
    0x0, 0x20, 0xff, 0xff, 0xff, 0xff, 0xff, 0x7c,
    0x0, 0x0, 0x0, 0x0, 0x0, 0x0, 0x0, 0x9,
    0x4c, 0x4c, 0x4c, 0x4c, 0x4c, 0x24, 0x0, 0x0,
    0x0, 0x0, 0x0, 0x0, 0x0, 0x0, 0x0, 0x0,
    0x0, 0x0, 0x0, 0x0, 0x0, 0x0, 0x0, 0x0,
    0x0, 0x0, 0x0, 0x0, 0x0, 0x8e, 0xff, 0xe5,
    0x3, 0x0, 0x0, 0x0, 0x0, 0x0, 0x0, 0x0,
    0x0, 0x0, 0x5, 0xea, 0xfd, 0xff, 0x4b, 0x0,
    0x0, 0x0, 0x0, 0x0, 0x0, 0x0, 0x0, 0x0,
    0x53, 0xff, 0x83, 0xfb, 0xae, 0x0, 0x0, 0x0,
    0x0, 0x0, 0x0, 0x0, 0x0, 0x0, 0xb6, 0xfa,
    0x14, 0xb4, 0xfa, 0x16, 0x0, 0x0, 0x0, 0x0,
    0x0, 0x0, 0x0, 0x1c, 0xfd, 0xb1, 0x0, 0x56,
    0xff, 0x74, 0x0, 0x0, 0x0, 0x0, 0x0, 0x0,
    0x0, 0x7c, 0xff, 0x53, 0x0, 0x7, 0xef, 0xd7,
    0x0, 0x0, 0x0, 0x0, 0x0, 0x0, 0x1, 0xdd,
    0xee, 0x6, 0x0, 0x0, 0x9a, 0xff, 0x3a, 0x0,
    0x0, 0x0, 0x0, 0x0, 0x42, 0xff, 0x96, 0x0,
    0x0, 0x0, 0x3b, 0xff, 0x9c, 0x0, 0x0, 0x0,
    0x0, 0x0, 0xa4, 0xff, 0xce, 0xb4, 0xb4, 0xb4,
    0xb4, 0xfe, 0xf3, 0xc, 0x0, 0x0, 0x0, 0x10,
    0xf6, 0xff, 0xff, 0xff, 0xff, 0xff, 0xff, 0xff,
    0xff, 0x62, 0x0, 0x0, 0x0, 0x6a, 0xff, 0x82,
    0x0, 0x0, 0x0, 0x0, 0x0, 0x21, 0xff, 0xc5,
    0x0, 0x0, 0x0, 0xcd, 0xff, 0x28, 0x0, 0x0,
    0x0, 0x0, 0x0, 0x0, 0xc9, 0xff, 0x28, 0x0,
    0x30, 0xff, 0xce, 0x0, 0x0, 0x0, 0x0, 0x0,
    0x0, 0x0, 0x71, 0xff, 0x8b, 0x0, 0x93, 0xff,
    0x74, 0x0, 0x0, 0x0, 0x0, 0x0, 0x0, 0x0,
    0x1a, 0xfd, 0xe9, 0x5,

    /* U+0101 "ā" */
    0x0, 0x0, 0x94, 0xff, 0xff, 0xff, 0xff, 0xff,
    0x4, 0x0, 0x0, 0x0, 0x3e, 0x6c, 0x6c, 0x6c,
    0x6c, 0x6c, 0x1, 0x0, 0x0, 0x0, 0x0, 0x0,
    0x0, 0x0, 0x0, 0x0, 0x0, 0x0, 0x0, 0x0,
    0x0, 0x0, 0x0, 0x0, 0x0, 0x0, 0x0, 0x0,
    0x0, 0x5, 0x75, 0xd2, 0xf6, 0xf2, 0xc1, 0x4c,
    0x0, 0x0, 0x3, 0xb9, 0xff, 0xf2, 0xaf, 0xbb,
    0xfc, 0xff, 0x66, 0x0, 0x0, 0x57, 0xc3, 0x1a,
    0x0, 0x0, 0x3a, 0xf7, 0xef, 0x6, 0x0, 0x0,
    0x0, 0x2, 0x19, 0x11, 0x0, 0xa0, 0xff, 0x2f,
    0x0, 0x2a, 0xae, 0xfa, 0xff, 0xff, 0xe5, 0xd2,
    0xff, 0x3b, 0x16, 0xee, 0xff, 0xaf, 0x65, 0x5f,
    0x86, 0xe8, 0xff, 0x3c, 0x62, 0xff, 0x9f, 0x0,
    0x0, 0x0, 0x0, 0xab, 0xff, 0x3c, 0x5a, 0xff,
    0xae, 0x0, 0x0, 0x0, 0x5d, 0xfd, 0xff, 0x3c,
    0xc, 0xdc, 0xff, 0xd3, 0xa5, 0xcf, 0xfc, 0xc9,
    0xff, 0x3c, 0x0, 0x16, 0x95, 0xe0, 0xf7, 0xcc,
    0x48, 0x84, 0xff, 0x3c,

    /* U+0102 "Ă" */
    0x0, 0x0, 0x0, 0x0, 0x6a, 0x50, 0x0, 0x20,
    0x80, 0x18, 0x0, 0x0, 0x0, 0x0, 0x0, 0x0,
    0x0, 0x0, 0xa7, 0xe1, 0x2d, 0x9a, 0xf4, 0xd,
    0x0, 0x0, 0x0, 0x0, 0x0, 0x0, 0x0, 0x0,
    0x20, 0xdc, 0xff, 0xfa, 0x5f, 0x0, 0x0, 0x0,
    0x0, 0x0, 0x0, 0x0, 0x0, 0x0, 0x0, 0x8,
    0x38, 0x19, 0x0, 0x0, 0x0, 0x0, 0x0, 0x0,
    0x0, 0x0, 0x0, 0x0, 0x0, 0x8e, 0xff, 0xe5,
    0x3, 0x0, 0x0, 0x0, 0x0, 0x0, 0x0, 0x0,
    0x0, 0x0, 0x5, 0xea, 0xfd, 0xff, 0x4b, 0x0,
    0x0, 0x0, 0x0, 0x0, 0x0, 0x0, 0x0, 0x0,
    0x53, 0xff, 0x83, 0xfb, 0xae, 0x0, 0x0, 0x0,
    0x0, 0x0, 0x0, 0x0, 0x0, 0x0, 0xb6, 0xfa,
    0x14, 0xb4, 0xfa, 0x16, 0x0, 0x0, 0x0, 0x0,
    0x0, 0x0, 0x0, 0x1c, 0xfd, 0xb1, 0x0, 0x56,
    0xff, 0x74, 0x0, 0x0, 0x0, 0x0, 0x0, 0x0,
    0x0, 0x7c, 0xff, 0x53, 0x0, 0x7, 0xef, 0xd7,
    0x0, 0x0, 0x0, 0x0, 0x0, 0x0, 0x1, 0xdd,
    0xee, 0x6, 0x0, 0x0, 0x9a, 0xff, 0x3a, 0x0,
    0x0, 0x0, 0x0, 0x0, 0x42, 0xff, 0x96, 0x0,
    0x0, 0x0, 0x3b, 0xff, 0x9c, 0x0, 0x0, 0x0,
    0x0, 0x0, 0xa4, 0xff, 0xce, 0xb4, 0xb4, 0xb4,
    0xb4, 0xfe, 0xf3, 0xc, 0x0, 0x0, 0x0, 0x10,
    0xf6, 0xff, 0xff, 0xff, 0xff, 0xff, 0xff, 0xff,
    0xff, 0x62, 0x0, 0x0, 0x0, 0x6a, 0xff, 0x82,
    0x0, 0x0, 0x0, 0x0, 0x0, 0x21, 0xff, 0xc5,
    0x0, 0x0, 0x0, 0xcd, 0xff, 0x28, 0x0, 0x0,
    0x0, 0x0, 0x0, 0x0, 0xc9, 0xff, 0x28, 0x0,
    0x30, 0xff, 0xce, 0x0, 0x0, 0x0, 0x0, 0x0,
    0x0, 0x0, 0x71, 0xff, 0x8b, 0x0, 0x93, 0xff,
    0x74, 0x0, 0x0, 0x0, 0x0, 0x0, 0x0, 0x0,
    0x1a, 0xfd, 0xe9, 0x5,

    /* U+0103 "ă" */
    0x0, 0x0, 0x53, 0xff, 0x5c, 0x2e, 0xec, 0x92,
    0x0, 0x0, 0x0, 0x0, 0x3, 0xac, 0xff, 0xff,
    0xd6, 0x19, 0x0, 0x0, 0x0, 0x0, 0x0, 0x0,
    0x27, 0x33, 0x4, 0x0, 0x0, 0x0, 0x0, 0x0,
    0x0, 0x0, 0x0, 0x0, 0x0, 0x0, 0x0, 0x0,
    0x0, 0x5, 0x75, 0xd2, 0xf6, 0xf2, 0xc1, 0x4c,
    0x0, 0x0, 0x3, 0xb9, 0xff, 0xf2, 0xaf, 0xbb,
    0xfc, 0xff, 0x66, 0x0, 0x0, 0x57, 0xc3, 0x1a,
    0x0, 0x0, 0x3a, 0xf7, 0xef, 0x6, 0x0, 0x0,
    0x0, 0x2, 0x19, 0x11, 0x0, 0xa0, 0xff, 0x2f,
    0x0, 0x2a, 0xae, 0xfa, 0xff, 0xff, 0xe5, 0xd2,
    0xff, 0x3b, 0x16, 0xee, 0xff, 0xaf, 0x65, 0x5f,
    0x86, 0xe8, 0xff, 0x3c, 0x62, 0xff, 0x9f, 0x0,
    0x0, 0x0, 0x0, 0xab, 0xff, 0x3c, 0x5a, 0xff,
    0xae, 0x0, 0x0, 0x0, 0x5d, 0xfd, 0xff, 0x3c,
    0xc, 0xdc, 0xff, 0xd3, 0xa5, 0xcf, 0xfc, 0xc9,
    0xff, 0x3c, 0x0, 0x16, 0x95, 0xe0, 0xf7, 0xcc,
    0x48, 0x84, 0xff, 0x3c,

    /* U+0104 "Ą" */
    0x0, 0x0, 0x0, 0x0, 0x0, 0x8e, 0xff, 0xe5,
    0x3, 0x0, 0x0, 0x0, 0x0, 0x0, 0x0, 0x0,
    0x0, 0x0, 0x5, 0xea, 0xeb, 0xff, 0x4b, 0x0,
    0x0, 0x0, 0x0, 0x0, 0x0, 0x0, 0x0, 0x0,
    0x53, 0xff, 0x58, 0xee, 0xae, 0x0, 0x0, 0x0,
    0x0, 0x0, 0x0, 0x0, 0x0, 0x0, 0xb6, 0xed,
    0x6, 0x98, 0xfa, 0x16, 0x0, 0x0, 0x0, 0x0,
    0x0, 0x0, 0x0, 0x1c, 0xfd, 0x95, 0x0, 0x3a,
    0xff, 0x74, 0x0, 0x0, 0x0, 0x0, 0x0, 0x0,
    0x0, 0x7c, 0xff, 0x37, 0x0, 0x0, 0xdb, 0xd7,
    0x0, 0x0, 0x0, 0x0, 0x0, 0x0, 0x1, 0xdd,
    0xd8, 0x0, 0x0, 0x0, 0x7e, 0xff, 0x3a, 0x0,
    0x0, 0x0, 0x0, 0x0, 0x42, 0xff, 0x7b, 0x0,
    0x0, 0x0, 0x20, 0xfe, 0x9c, 0x0, 0x0, 0x0,
    0x0, 0x0, 0xa4, 0xff, 0xff, 0xff, 0xff, 0xff,
    0xff, 0xff, 0xf3, 0xc, 0x0, 0x0, 0x0, 0x10,
    0xf6, 0xe4, 0xb4, 0xb4, 0xb4, 0xb4, 0xb4, 0xc7,
    0xff, 0x62, 0x0, 0x0, 0x0, 0x6a, 0xff, 0x6d,
    0x0, 0x0, 0x0, 0x0, 0x0, 0x10, 0xfa, 0xc5,
    0x0, 0x0, 0x0, 0xcd, 0xfe, 0x1a, 0x0, 0x0,
    0x0, 0x0, 0x0, 0x0, 0xb9, 0xff, 0x28, 0x0,
    0x30, 0xff, 0xc5, 0x0, 0x0, 0x0, 0x0, 0x0,
    0x0, 0x0, 0x67, 0xff, 0x8b, 0x0, 0x93, 0xff,
    0x71, 0x0, 0x0, 0x0, 0x0, 0x0, 0x0, 0x0,
    0x17, 0xfd, 0xe9, 0x5, 0x0, 0x0, 0x0, 0x0,
    0x0, 0x0, 0x0, 0x0, 0x0, 0x0, 0x5d, 0xfd,
    0x77, 0x1, 0x0, 0x0, 0x0, 0x0, 0x0, 0x0,
    0x0, 0x0, 0x0, 0x0, 0xdf, 0xc4, 0x0, 0x0,
    0x0, 0x0, 0x0, 0x0, 0x0, 0x0, 0x0, 0x0,
    0x0, 0x0, 0xd2, 0xf8, 0x93, 0x26, 0x0, 0x0,
    0x0, 0x0, 0x0, 0x0, 0x0, 0x0, 0x0, 0x0,
    0x37, 0xd0, 0xf4, 0x75,

    /* U+0105 "ą" */
    0x0, 0xa, 0x7f, 0xd5, 0xf7, 0xf3, 0xc2, 0x51,
    0x0, 0x0, 0x2, 0xc1, 0xff, 0xdf, 0xaf, 0xb1,
    0xf1, 0xff, 0x6e, 0x0, 0x0, 0xd, 0x43, 0x3,
    0x18, 0x11, 0x10, 0xcf, 0xf3, 0x9, 0x0, 0x16,
    0x99, 0xf5, 0xff, 0xff, 0xe5, 0xd4, 0xff, 0x32,
    0x7, 0xd6, 0xff, 0xc9, 0x6b, 0x63, 0x98, 0xf9,
    0xff, 0x3c, 0x4f, 0xff, 0xc6, 0x4, 0x0, 0x0,
    0x0, 0x99, 0xff, 0x3c, 0x6a, 0xff, 0x81, 0x0,
    0x0, 0x0, 0x5, 0xda, 0xff, 0x3c, 0x42, 0xff,
    0xcc, 0x8, 0x0, 0x4, 0x98, 0xff, 0xff, 0x3c,
    0x1, 0xbe, 0xff, 0xdf, 0xa8, 0xdc, 0xfc, 0xc7,
    0xff, 0x3c, 0x0, 0xb, 0x8e, 0xe6, 0xf8, 0xcc,
    0x47, 0x93, 0xfd, 0x2e, 0x0, 0x0, 0x0, 0x0,
    0x0, 0x0, 0x5b, 0xfe, 0x53, 0x0, 0x0, 0x0,
    0x0, 0x0, 0x0, 0x0, 0xc9, 0xdd, 0x0, 0x0,
    0x0, 0x0, 0x0, 0x0, 0x0, 0x0, 0xb0, 0xff,
    0x96, 0x35, 0x0, 0x0, 0x0, 0x0, 0x0, 0x0,
    0x21, 0xc1, 0xf4, 0x8b,

    /* U+0106 "Ć" */
    0x0, 0x0, 0x0, 0x0, 0x0, 0x0, 0x0, 0x6,
    0xea, 0xea, 0xf, 0x0, 0x0, 0x0, 0x0, 0x0,
    0x0, 0x0, 0x0, 0x0, 0x0, 0x5b, 0xff, 0x67,
    0x0, 0x0, 0x0, 0x0, 0x0, 0x0, 0x0, 0x0,
    0x0, 0x0, 0x0, 0x5b, 0x80, 0x3, 0x0, 0x0,
    0x0, 0x0, 0x0, 0x0, 0x0, 0x0, 0x0, 0x0,
    0x0, 0x0, 0x0, 0x0, 0x0, 0x0, 0x0, 0x0,
    0x0, 0x0, 0x0, 0x0, 0x22, 0x8d, 0xd1, 0xf0,
    0xf7, 0xde, 0x9e, 0x37, 0x0, 0x0, 0x0, 0x0,
    0x1, 0x7b, 0xfb, 0xff, 0xf3, 0xca, 0xc4, 0xe7,
    0xff, 0xfe, 0x90, 0x2, 0x0, 0x0, 0x90, 0xff,
    0xe4, 0x57, 0x4, 0x0, 0x0, 0x1, 0x42, 0xd6,
    0xef, 0x2a, 0x0, 0x4f, 0xff, 0xdc, 0x17, 0x0,
    0x0, 0x0, 0x0, 0x0, 0x0, 0x10, 0x29, 0x0,
    0x0, 0xcd, 0xff, 0x3b, 0x0, 0x0, 0x0, 0x0,
    0x0, 0x0, 0x0, 0x0, 0x0, 0x0, 0x18, 0xff,
    0xd6, 0x0, 0x0, 0x0, 0x0, 0x0, 0x0, 0x0,
    0x0, 0x0, 0x0, 0x0, 0x38, 0xff, 0xab, 0x0,
    0x0, 0x0, 0x0, 0x0, 0x0, 0x0, 0x0, 0x0,
    0x0, 0x0, 0x39, 0xff, 0xaa, 0x0, 0x0, 0x0,
    0x0, 0x0, 0x0, 0x0, 0x0, 0x0, 0x0, 0x0,
    0x18, 0xff, 0xd5, 0x0, 0x0, 0x0, 0x0, 0x0,
    0x0, 0x0, 0x0, 0x0, 0x0, 0x0, 0x0, 0xcd,
    0xff, 0x3a, 0x0, 0x0, 0x0, 0x0, 0x0, 0x0,
    0x0, 0x0, 0x0, 0x0, 0x0, 0x50, 0xff, 0xdb,
    0x17, 0x0, 0x0, 0x0, 0x0, 0x0, 0x0, 0x6,
    0x72, 0x7, 0x0, 0x0, 0x94, 0xff, 0xe4, 0x57,
    0x4, 0x0, 0x0, 0x1, 0x3d, 0xcb, 0xff, 0x95,
    0x0, 0x0, 0x2, 0x7e, 0xfc, 0xff, 0xf2, 0xc9,
    0xc4, 0xe6, 0xff, 0xff, 0xb2, 0xe, 0x0, 0x0,
    0x0, 0x0, 0x24, 0x8e, 0xd2, 0xf2, 0xf7, 0xde,
    0xa1, 0x43, 0x0, 0x0,

    /* U+0107 "ć" */
    0x0, 0x0, 0x0, 0x0, 0x0, 0xc5, 0xfc, 0x2a,
    0x0, 0x0, 0x0, 0x0, 0x0, 0x0, 0x2c, 0xff,
    0x95, 0x0, 0x0, 0x0, 0x0, 0x0, 0x0, 0x0,
    0x42, 0x88, 0x14, 0x0, 0x0, 0x0, 0x0, 0x0,
    0x0, 0x0, 0x0, 0x0, 0x0, 0x0, 0x0, 0x0,
    0x0, 0x0, 0x17, 0x92, 0xe0, 0xf9, 0xe1, 0x97,
    0x1b, 0x0, 0x0, 0x25, 0xe5, 0xff, 0xe2, 0xb6,
    0xd9, 0xff, 0xe6, 0x25, 0x1, 0xcc, 0xff, 0x84,
    0x2, 0x0, 0x0, 0x72, 0xff, 0xa7, 0x38, 0xff,
    0xc4, 0x0, 0x0, 0x0, 0x0, 0x0, 0x3f, 0x3,
    0x65, 0xff, 0x7d, 0x0, 0x0, 0x0, 0x0, 0x0,
    0x0, 0x0, 0x66, 0xff, 0x7d, 0x0, 0x0, 0x0,
    0x0, 0x0, 0x0, 0x0, 0x37, 0xff, 0xc3, 0x0,
    0x0, 0x0, 0x0, 0x0, 0x38, 0x4, 0x1, 0xcc,
    0xff, 0x80, 0x2, 0x0, 0x0, 0x5d, 0xff, 0xb3,
    0x0, 0x27, 0xe7, 0xff, 0xde, 0xb1, 0xd2, 0xff,
    0xed, 0x30, 0x0, 0x0, 0x19, 0x94, 0xe1, 0xf9,
    0xe3, 0x9d, 0x22, 0x0,

    /* U+0108 "Ĉ" */
    0x0, 0x0, 0x0, 0x0, 0x0, 0x0, 0x25, 0xec,
    0xff, 0x5d, 0x0, 0x0, 0x0, 0x0, 0x0, 0x0,
    0x0, 0x0, 0x0, 0x12, 0xda, 0xd5, 0x9d, 0xf8,
    0x38, 0x0, 0x0, 0x0, 0x0, 0x0, 0x0, 0x0,
    0x0, 0x47, 0x80, 0x23, 0x4, 0x77, 0x67, 0x0,
    0x0, 0x0, 0x0, 0x0, 0x0, 0x0, 0x0, 0x0,
    0x0, 0x0, 0x0, 0x0, 0x0, 0x0, 0x0, 0x0,
    0x0, 0x0, 0x0, 0x0, 0x22, 0x8d, 0xd1, 0xf0,
    0xf7, 0xde, 0x9e, 0x37, 0x0, 0x0, 0x0, 0x0,
    0x1, 0x7b, 0xfb, 0xff, 0xf3, 0xca, 0xc4, 0xe7,
    0xff, 0xfe, 0x90, 0x2, 0x0, 0x0, 0x90, 0xff,
    0xe4, 0x57, 0x4, 0x0, 0x0, 0x1, 0x42, 0xd6,
    0xef, 0x2a, 0x0, 0x4f, 0xff, 0xdc, 0x17, 0x0,
    0x0, 0x0, 0x0, 0x0, 0x0, 0x10, 0x29, 0x0,
    0x0, 0xcd, 0xff, 0x3b, 0x0, 0x0, 0x0, 0x0,
    0x0, 0x0, 0x0, 0x0, 0x0, 0x0, 0x18, 0xff,
    0xd6, 0x0, 0x0, 0x0, 0x0, 0x0, 0x0, 0x0,
    0x0, 0x0, 0x0, 0x0, 0x38, 0xff, 0xab, 0x0,
    0x0, 0x0, 0x0, 0x0, 0x0, 0x0, 0x0, 0x0,
    0x0, 0x0, 0x39, 0xff, 0xaa, 0x0, 0x0, 0x0,
    0x0, 0x0, 0x0, 0x0, 0x0, 0x0, 0x0, 0x0,
    0x18, 0xff, 0xd5, 0x0, 0x0, 0x0, 0x0, 0x0,
    0x0, 0x0, 0x0, 0x0, 0x0, 0x0, 0x0, 0xcd,
    0xff, 0x3a, 0x0, 0x0, 0x0, 0x0, 0x0, 0x0,
    0x0, 0x0, 0x0, 0x0, 0x0, 0x50, 0xff, 0xdb,
    0x17, 0x0, 0x0, 0x0, 0x0, 0x0, 0x0, 0x6,
    0x72, 0x7, 0x0, 0x0, 0x94, 0xff, 0xe4, 0x57,
    0x4, 0x0, 0x0, 0x1, 0x3d, 0xcb, 0xff, 0x95,
    0x0, 0x0, 0x2, 0x7e, 0xfc, 0xff, 0xf2, 0xc9,
    0xc4, 0xe6, 0xff, 0xff, 0xb2, 0xe, 0x0, 0x0,
    0x0, 0x0, 0x24, 0x8e, 0xd2, 0xf2, 0xf7, 0xde,
    0xa1, 0x43, 0x0, 0x0,

    /* U+0109 "ĉ" */
    0x0, 0x0, 0x0, 0x9, 0xc4, 0xff, 0xb1, 0x3,
    0x0, 0x0, 0x0, 0x0, 0x4, 0xb5, 0xef, 0x62,
    0xf6, 0x95, 0x0, 0x0, 0x0, 0x0, 0x1b, 0x54,
    0x2b, 0x0, 0x32, 0x54, 0xe, 0x0, 0x0, 0x0,
    0x0, 0x0, 0x0, 0x0, 0x0, 0x0, 0x0, 0x0,
    0x0, 0x0, 0x17, 0x92, 0xe0, 0xf9, 0xe1, 0x97,
    0x1b, 0x0, 0x0, 0x25, 0xe5, 0xff, 0xe2, 0xb6,
    0xd9, 0xff, 0xe6, 0x25, 0x1, 0xcc, 0xff, 0x84,
    0x2, 0x0, 0x0, 0x72, 0xff, 0xa7, 0x38, 0xff,
    0xc4, 0x0, 0x0, 0x0, 0x0, 0x0, 0x3f, 0x3,
    0x65, 0xff, 0x7d, 0x0, 0x0, 0x0, 0x0, 0x0,
    0x0, 0x0, 0x66, 0xff, 0x7d, 0x0, 0x0, 0x0,
    0x0, 0x0, 0x0, 0x0, 0x37, 0xff, 0xc3, 0x0,
    0x0, 0x0, 0x0, 0x0, 0x38, 0x4, 0x1, 0xcc,
    0xff, 0x80, 0x2, 0x0, 0x0, 0x5d, 0xff, 0xb3,
    0x0, 0x27, 0xe7, 0xff, 0xde, 0xb1, 0xd2, 0xff,
    0xed, 0x30, 0x0, 0x0, 0x19, 0x94, 0xe1, 0xf9,
    0xe3, 0x9d, 0x22, 0x0,

    /* U+010A "Ċ" */
    0x0, 0x0, 0x0, 0x0, 0x0, 0x0, 0x0, 0x4,
    0x0, 0x0, 0x0, 0x0, 0x0, 0x0, 0x0, 0x0,
    0x0, 0x0, 0x0, 0x0, 0x12, 0xea, 0xb8, 0x0,
    0x0, 0x0, 0x0, 0x0, 0x0, 0x0, 0x0, 0x0,
    0x0, 0x0, 0xf, 0xdd, 0xa6, 0x0, 0x0, 0x0,
    0x0, 0x0, 0x0, 0x0, 0x0, 0x0, 0x0, 0x0,
    0x0, 0x0, 0x0, 0x0, 0x0, 0x0, 0x0, 0x0,
    0x0, 0x0, 0x0, 0x0, 0x0, 0x0, 0x0, 0x0,
    0x0, 0x0, 0x0, 0x0, 0x0, 0x0, 0x0, 0x0,
    0x0, 0x0, 0x22, 0x8d, 0xd1, 0xf0, 0xf7, 0xde,
    0x9e, 0x37, 0x0, 0x0, 0x0, 0x0, 0x1, 0x7b,
    0xfb, 0xff, 0xf3, 0xca, 0xc4, 0xe7, 0xff, 0xfe,
    0x90, 0x2, 0x0, 0x0, 0x90, 0xff, 0xe4, 0x57,
    0x4, 0x0, 0x0, 0x1, 0x42, 0xd6, 0xef, 0x2a,
    0x0, 0x4f, 0xff, 0xdc, 0x17, 0x0, 0x0, 0x0,
    0x0, 0x0, 0x0, 0x10, 0x29, 0x0, 0x0, 0xcd,
    0xff, 0x3b, 0x0, 0x0, 0x0, 0x0, 0x0, 0x0,
    0x0, 0x0, 0x0, 0x0, 0x18, 0xff, 0xd6, 0x0,
    0x0, 0x0, 0x0, 0x0, 0x0, 0x0, 0x0, 0x0,
    0x0, 0x0, 0x38, 0xff, 0xab, 0x0, 0x0, 0x0,
    0x0, 0x0, 0x0, 0x0, 0x0, 0x0, 0x0, 0x0,
    0x39, 0xff, 0xaa, 0x0, 0x0, 0x0, 0x0, 0x0,
    0x0, 0x0, 0x0, 0x0, 0x0, 0x0, 0x18, 0xff,
    0xd5, 0x0, 0x0, 0x0, 0x0, 0x0, 0x0, 0x0,
    0x0, 0x0, 0x0, 0x0, 0x0, 0xcd, 0xff, 0x3a,
    0x0, 0x0, 0x0, 0x0, 0x0, 0x0, 0x0, 0x0,
    0x0, 0x0, 0x0, 0x50, 0xff, 0xdb, 0x17, 0x0,
    0x0, 0x0, 0x0, 0x0, 0x0, 0x6, 0x72, 0x7,
    0x0, 0x0, 0x94, 0xff, 0xe4, 0x57, 0x4, 0x0,
    0x0, 0x1, 0x3d, 0xcb, 0xff, 0x95, 0x0, 0x0,
    0x2, 0x7e, 0xfc, 0xff, 0xf2, 0xc9, 0xc4, 0xe6,
    0xff, 0xff, 0xb2, 0xe, 0x0, 0x0, 0x0, 0x0,
    0x24, 0x8e, 0xd2, 0xf2, 0xf7, 0xde, 0xa1, 0x43,
    0x0, 0x0,

    /* U+010B "ċ" */
    0x0, 0x0, 0x0, 0x0, 0x67, 0xf3, 0x57, 0x0,
    0x0, 0x0, 0x0, 0x0, 0x0, 0x0, 0x8c, 0xff,
    0x77, 0x0, 0x0, 0x0, 0x0, 0x0, 0x0, 0x0,
    0x3, 0x32, 0x1, 0x0, 0x0, 0x0, 0x0, 0x0,
    0x0, 0x0, 0x0, 0x0, 0x0, 0x0, 0x0, 0x0,
    0x0, 0x0, 0x17, 0x92, 0xe0, 0xf9, 0xe1, 0x97,
    0x1b, 0x0, 0x0, 0x25, 0xe5, 0xff, 0xe2, 0xb6,
    0xd9, 0xff, 0xe6, 0x25, 0x1, 0xcc, 0xff, 0x84,
    0x2, 0x0, 0x0, 0x72, 0xff, 0xa7, 0x38, 0xff,
    0xc4, 0x0, 0x0, 0x0, 0x0, 0x0, 0x3f, 0x3,
    0x65, 0xff, 0x7d, 0x0, 0x0, 0x0, 0x0, 0x0,
    0x0, 0x0, 0x66, 0xff, 0x7d, 0x0, 0x0, 0x0,
    0x0, 0x0, 0x0, 0x0, 0x37, 0xff, 0xc3, 0x0,
    0x0, 0x0, 0x0, 0x0, 0x38, 0x4, 0x1, 0xcc,
    0xff, 0x80, 0x2, 0x0, 0x0, 0x5d, 0xff, 0xb3,
    0x0, 0x27, 0xe7, 0xff, 0xde, 0xb1, 0xd2, 0xff,
    0xed, 0x30, 0x0, 0x0, 0x19, 0x94, 0xe1, 0xf9,
    0xe3, 0x9d, 0x22, 0x0,

    /* U+010C "Č" */
    0x0, 0x0, 0x0, 0x0, 0x0, 0x87, 0xfc, 0x45,
    0x6a, 0xff, 0x70, 0x0, 0x0, 0x0, 0x0, 0x0,
    0x0, 0x0, 0x0, 0x1, 0xb1, 0xf3, 0xfb, 0x94,
    0x0, 0x0, 0x0, 0x0, 0x0, 0x0, 0x0, 0x0,
    0x0, 0x0, 0xd, 0x7d, 0x74, 0x3, 0x0, 0x0,
    0x0, 0x0, 0x0, 0x0, 0x0, 0x0, 0x0, 0x0,
    0x0, 0x0, 0x0, 0x0, 0x0, 0x0, 0x0, 0x0,
    0x0, 0x0, 0x0, 0x0, 0x22, 0x8d, 0xd1, 0xf0,
    0xf7, 0xde, 0x9e, 0x37, 0x0, 0x0, 0x0, 0x0,
    0x1, 0x7b, 0xfb, 0xff, 0xf3, 0xca, 0xc4, 0xe7,
    0xff, 0xfe, 0x90, 0x2, 0x0, 0x0, 0x90, 0xff,
    0xe4, 0x57, 0x4, 0x0, 0x0, 0x1, 0x42, 0xd6,
    0xef, 0x2a, 0x0, 0x4f, 0xff, 0xdc, 0x17, 0x0,
    0x0, 0x0, 0x0, 0x0, 0x0, 0x10, 0x29, 0x0,
    0x0, 0xcd, 0xff, 0x3b, 0x0, 0x0, 0x0, 0x0,
    0x0, 0x0, 0x0, 0x0, 0x0, 0x0, 0x18, 0xff,
    0xd6, 0x0, 0x0, 0x0, 0x0, 0x0, 0x0, 0x0,
    0x0, 0x0, 0x0, 0x0, 0x38, 0xff, 0xab, 0x0,
    0x0, 0x0, 0x0, 0x0, 0x0, 0x0, 0x0, 0x0,
    0x0, 0x0, 0x39, 0xff, 0xaa, 0x0, 0x0, 0x0,
    0x0, 0x0, 0x0, 0x0, 0x0, 0x0, 0x0, 0x0,
    0x18, 0xff, 0xd5, 0x0, 0x0, 0x0, 0x0, 0x0,
    0x0, 0x0, 0x0, 0x0, 0x0, 0x0, 0x0, 0xcd,
    0xff, 0x3a, 0x0, 0x0, 0x0, 0x0, 0x0, 0x0,
    0x0, 0x0, 0x0, 0x0, 0x0, 0x50, 0xff, 0xdb,
    0x17, 0x0, 0x0, 0x0, 0x0, 0x0, 0x0, 0x6,
    0x72, 0x7, 0x0, 0x0, 0x94, 0xff, 0xe4, 0x57,
    0x4, 0x0, 0x0, 0x1, 0x3d, 0xcb, 0xff, 0x95,
    0x0, 0x0, 0x2, 0x7e, 0xfc, 0xff, 0xf2, 0xc9,
    0xc4, 0xe6, 0xff, 0xff, 0xb2, 0xe, 0x0, 0x0,
    0x0, 0x0, 0x24, 0x8e, 0xd2, 0xf2, 0xf7, 0xde,
    0xa1, 0x43, 0x0, 0x0,

    /* U+010D "č" */
    0x0, 0x0, 0xc, 0xcc, 0xda, 0x20, 0xc6, 0xe7,
    0x22, 0x0, 0x0, 0x0, 0x0, 0x16, 0xdc, 0xfa,
    0xee, 0x2c, 0x0, 0x0, 0x0, 0x0, 0x0, 0x0,
    0x1c, 0x4c, 0x25, 0x0, 0x0, 0x0, 0x0, 0x0,
    0x0, 0x0, 0x0, 0x0, 0x0, 0x0, 0x0, 0x0,
    0x0, 0x0, 0x17, 0x92, 0xe0, 0xf9, 0xe1, 0x97,
    0x1b, 0x0, 0x0, 0x25, 0xe5, 0xff, 0xe2, 0xb6,
    0xd9, 0xff, 0xe6, 0x25, 0x1, 0xcc, 0xff, 0x84,
    0x2, 0x0, 0x0, 0x72, 0xff, 0xa7, 0x38, 0xff,
    0xc4, 0x0, 0x0, 0x0, 0x0, 0x0, 0x3f, 0x3,
    0x65, 0xff, 0x7d, 0x0, 0x0, 0x0, 0x0, 0x0,
    0x0, 0x0, 0x66, 0xff, 0x7d, 0x0, 0x0, 0x0,
    0x0, 0x0, 0x0, 0x0, 0x37, 0xff, 0xc3, 0x0,
    0x0, 0x0, 0x0, 0x0, 0x38, 0x4, 0x1, 0xcc,
    0xff, 0x80, 0x2, 0x0, 0x0, 0x5d, 0xff, 0xb3,
    0x0, 0x27, 0xe7, 0xff, 0xde, 0xb1, 0xd2, 0xff,
    0xed, 0x30, 0x0, 0x0, 0x19, 0x94, 0xe1, 0xf9,
    0xe3, 0x9d, 0x22, 0x0,

    /* U+010E "Ď" */
    0x0, 0x0, 0x2b, 0x80, 0x39, 0x4, 0x71, 0x74,
    0x4, 0x0, 0x0, 0x0, 0x0, 0x0, 0x0, 0x0,
    0x91, 0xf5, 0xc0, 0xed, 0x37, 0x0, 0x0, 0x0,
    0x0, 0x0, 0x0, 0x0, 0x0, 0x0, 0x66, 0x80,
    0x2a, 0x0, 0x0, 0x0, 0x0, 0x0, 0x0, 0x0,
    0x0, 0x0, 0x0, 0x0, 0x0, 0x0, 0x0, 0x0,
    0x0, 0x0, 0x0, 0x0, 0x90, 0xff, 0xff, 0xff,
    0xff, 0xf2, 0xd5, 0x94, 0x2a, 0x0, 0x0, 0x0,
    0x0, 0x90, 0xff, 0xcf, 0xbc, 0xbc, 0xc9, 0xf0,
    0xff, 0xfd, 0x84, 0x2, 0x0, 0x0, 0x90, 0xff,
    0x48, 0x0, 0x0, 0x0, 0x3, 0x4d, 0xdf, 0xff,
    0x8c, 0x0, 0x0, 0x90, 0xff, 0x48, 0x0, 0x0,
    0x0, 0x0, 0x0, 0x16, 0xdf, 0xff, 0x39, 0x0,
    0x90, 0xff, 0x48, 0x0, 0x0, 0x0, 0x0, 0x0,
    0x0, 0x52, 0xff, 0xaa, 0x0, 0x90, 0xff, 0x48,
    0x0, 0x0, 0x0, 0x0, 0x0, 0x0, 0x6, 0xf5,
    0xec, 0x0, 0x90, 0xff, 0x48, 0x0, 0x0, 0x0,
    0x0, 0x0, 0x0, 0x0, 0xd6, 0xff, 0x9, 0x90,
    0xff, 0x48, 0x0, 0x0, 0x0, 0x0, 0x0, 0x0,
    0x0, 0xd7, 0xff, 0x8, 0x90, 0xff, 0x48, 0x0,
    0x0, 0x0, 0x0, 0x0, 0x0, 0x5, 0xf5, 0xed,
    0x0, 0x90, 0xff, 0x48, 0x0, 0x0, 0x0, 0x0,
    0x0, 0x0, 0x51, 0xff, 0xab, 0x0, 0x90, 0xff,
    0x48, 0x0, 0x0, 0x0, 0x0, 0x0, 0x14, 0xde,
    0xff, 0x3b, 0x0, 0x90, 0xff, 0x48, 0x0, 0x0,
    0x0, 0x2, 0x4b, 0xdd, 0xff, 0x8f, 0x0, 0x0,
    0x90, 0xff, 0xcf, 0xbc, 0xbc, 0xc8, 0xef, 0xff,
    0xfe, 0x88, 0x2, 0x0, 0x0, 0x90, 0xff, 0xff,
    0xff, 0xff, 0xf3, 0xd6, 0x95, 0x2c, 0x0, 0x0,
    0x0, 0x0,

    /* U+010F "ď" */
    0x0, 0x0, 0x0, 0x0, 0x0, 0x0, 0x0, 0x0,
    0x70, 0xff, 0x68, 0x50, 0xff, 0x98, 0x0, 0x0,
    0x0, 0x0, 0x0, 0x0, 0x0, 0x0, 0x70, 0xff,
    0x68, 0x50, 0xff, 0x6b, 0x0, 0x0, 0x0, 0x0,
    0x0, 0x0, 0x0, 0x0, 0x70, 0xff, 0x68, 0x50,
    0xff, 0x3e, 0x0, 0x0, 0x0, 0x0, 0x0, 0x0,
    0x0, 0x0, 0x70, 0xff, 0x68, 0x50, 0xff, 0x11,
    0x0, 0x0, 0x1e, 0xa1, 0xea, 0xf6, 0xc9, 0x54,
    0x6d, 0xff, 0x68, 0xb, 0x22, 0x0, 0x0, 0x29,
    0xea, 0xff, 0xe1, 0xb8, 0xdf, 0xff, 0xc4, 0xff,
    0x68, 0x0, 0x0, 0x0, 0x0, 0xcc, 0xff, 0x81,
    0x2, 0x0, 0x1, 0x79, 0xff, 0xff, 0x68, 0x0,
    0x0, 0x0, 0x36, 0xff, 0xc2, 0x0, 0x0, 0x0,
    0x0, 0x0, 0xb8, 0xff, 0x68, 0x0, 0x0, 0x0,
    0x65, 0xff, 0x7d, 0x0, 0x0, 0x0, 0x0, 0x0,
    0x72, 0xff, 0x68, 0x0, 0x0, 0x0, 0x66, 0xff,
    0x7c, 0x0, 0x0, 0x0, 0x0, 0x0, 0x72, 0xff,
    0x68, 0x0, 0x0, 0x0, 0x37, 0xff, 0xc0, 0x0,
    0x0, 0x0, 0x0, 0x0, 0xb5, 0xff, 0x68, 0x0,
    0x0, 0x0, 0x1, 0xcd, 0xff, 0x7d, 0x1, 0x0,
    0x0, 0x71, 0xff, 0xff, 0x68, 0x0, 0x0, 0x0,
    0x0, 0x29, 0xea, 0xff, 0xde, 0xb4, 0xda, 0xff,
    0xc3, 0xff, 0x68, 0x0, 0x0, 0x0, 0x0, 0x0,
    0x1f, 0xa2, 0xec, 0xf7, 0xca, 0x55, 0x5c, 0xff,
    0x68, 0x0, 0x0, 0x0,

    /* U+0110 "Đ" */
    0x0, 0x0, 0x90, 0xff, 0xff, 0xff, 0xff, 0xf2,
    0xd5, 0x94, 0x2a, 0x0, 0x0, 0x0, 0x0, 0x0,
    0x0, 0x90, 0xff, 0xcf, 0xbc, 0xbc, 0xc9, 0xf0,
    0xff, 0xfd, 0x84, 0x2, 0x0, 0x0, 0x0, 0x0,
    0x90, 0xff, 0x48, 0x0, 0x0, 0x0, 0x3, 0x4d,
    0xdf, 0xff, 0x8c, 0x0, 0x0, 0x0, 0x0, 0x90,
    0xff, 0x48, 0x0, 0x0, 0x0, 0x0, 0x0, 0x16,
    0xdf, 0xff, 0x39, 0x0, 0x0, 0x0, 0x90, 0xff,
    0x48, 0x0, 0x0, 0x0, 0x0, 0x0, 0x0, 0x52,
    0xff, 0xaa, 0x0, 0x4, 0x1c, 0x9c, 0xff, 0x5c,
    0x1c, 0x1c, 0x18, 0x0, 0x0, 0x0, 0x6, 0xf5,
    0xec, 0x0, 0x28, 0xff, 0xff, 0xff, 0xff, 0xff,
    0xff, 0xe0, 0x0, 0x0, 0x0, 0x0, 0xd6, 0xff,
    0x9, 0xb, 0x4c, 0xb1, 0xff, 0x7e, 0x4c, 0x4c,
    0x42, 0x0, 0x0, 0x0, 0x0, 0xd7, 0xff, 0x8,
    0x0, 0x0, 0x90, 0xff, 0x48, 0x0, 0x0, 0x0,
    0x0, 0x0, 0x0, 0x5, 0xf5, 0xed, 0x0, 0x0,
    0x0, 0x90, 0xff, 0x48, 0x0, 0x0, 0x0, 0x0,
    0x0, 0x0, 0x51, 0xff, 0xab, 0x0, 0x0, 0x0,
    0x90, 0xff, 0x48, 0x0, 0x0, 0x0, 0x0, 0x0,
    0x14, 0xde, 0xff, 0x3b, 0x0, 0x0, 0x0, 0x90,
    0xff, 0x48, 0x0, 0x0, 0x0, 0x2, 0x4b, 0xdd,
    0xff, 0x8f, 0x0, 0x0, 0x0, 0x0, 0x90, 0xff,
    0xcf, 0xbc, 0xbc, 0xc8, 0xef, 0xff, 0xfe, 0x88,
    0x2, 0x0, 0x0, 0x0, 0x0, 0x90, 0xff, 0xff,
    0xff, 0xff, 0xf3, 0xd6, 0x95, 0x2c, 0x0, 0x0,
    0x0, 0x0,

    /* U+0111 "đ" */
    0x0, 0x0, 0x0, 0x0, 0x0, 0x8, 0x1c, 0x1c,
    0x7f, 0xff, 0x78, 0x13, 0x0, 0x0, 0x0, 0x0,
    0x0, 0x50, 0xff, 0xff, 0xff, 0xff, 0xff, 0xb0,
    0x0, 0x0, 0x0, 0x0, 0x0, 0x17, 0x4c, 0x4c,
    0x9a, 0xff, 0x95, 0x34, 0x0, 0x0, 0x0, 0x0,
    0x0, 0x0, 0x0, 0x0, 0x70, 0xff, 0x68, 0x0,
    0x0, 0x0, 0x1e, 0xa1, 0xea, 0xf6, 0xc9, 0x54,
    0x6b, 0xff, 0x68, 0x0, 0x0, 0x29, 0xea, 0xff,
    0xe1, 0xb8, 0xdf, 0xff, 0xc4, 0xff, 0x68, 0x0,
    0x0, 0xcc, 0xff, 0x81, 0x2, 0x0, 0x1, 0x79,
    0xff, 0xff, 0x68, 0x0, 0x36, 0xff, 0xc2, 0x0,
    0x0, 0x0, 0x0, 0x0, 0xb8, 0xff, 0x68, 0x0,
    0x65, 0xff, 0x7d, 0x0, 0x0, 0x0, 0x0, 0x0,
    0x72, 0xff, 0x68, 0x0, 0x66, 0xff, 0x7c, 0x0,
    0x0, 0x0, 0x0, 0x0, 0x72, 0xff, 0x68, 0x0,
    0x37, 0xff, 0xc0, 0x0, 0x0, 0x0, 0x0, 0x0,
    0xb5, 0xff, 0x68, 0x0, 0x1, 0xcd, 0xff, 0x7d,
    0x1, 0x0, 0x0, 0x71, 0xff, 0xff, 0x68, 0x0,
    0x0, 0x29, 0xea, 0xff, 0xde, 0xb4, 0xda, 0xff,
    0xc3, 0xff, 0x68, 0x0, 0x0, 0x0, 0x1f, 0xa2,
    0xec, 0xf7, 0xca, 0x55, 0x5c, 0xff, 0x68, 0x0,

    /* U+0112 "Ē" */
    0x0, 0x8, 0x1c, 0x1c, 0x1c, 0x1c, 0x1c, 0x8,
    0x0, 0x0, 0x4c, 0xff, 0xff, 0xff, 0xff, 0xff,
    0x4c, 0x0, 0x0, 0x16, 0x4c, 0x4c, 0x4c, 0x4c,
    0x4c, 0x16, 0x0, 0x0, 0x0, 0x0, 0x0, 0x0,
    0x0, 0x0, 0x0, 0x0, 0x90, 0xff, 0xff, 0xff,
    0xff, 0xff, 0xff, 0xff, 0xcc, 0x90, 0xff, 0xcf,
    0xbc, 0xbc, 0xbc, 0xbc, 0xbc, 0x95, 0x90, 0xff,
    0x48, 0x0, 0x0, 0x0, 0x0, 0x0, 0x0, 0x90,
    0xff, 0x48, 0x0, 0x0, 0x0, 0x0, 0x0, 0x0,
    0x90, 0xff, 0x48, 0x0, 0x0, 0x0, 0x0, 0x0,
    0x0, 0x90, 0xff, 0x48, 0x0, 0x0, 0x0, 0x0,
    0x0, 0x0, 0x90, 0xff, 0xff, 0xff, 0xff, 0xff,
    0xff, 0xff, 0x28, 0x90, 0xff, 0xc9, 0xb4, 0xb4,
    0xb4, 0xb4, 0xb4, 0x1c, 0x90, 0xff, 0x48, 0x0,
    0x0, 0x0, 0x0, 0x0, 0x0, 0x90, 0xff, 0x48,
    0x0, 0x0, 0x0, 0x0, 0x0, 0x0, 0x90, 0xff,
    0x48, 0x0, 0x0, 0x0, 0x0, 0x0, 0x0, 0x90,
    0xff, 0x48, 0x0, 0x0, 0x0, 0x0, 0x0, 0x0,
    0x90, 0xff, 0xcf, 0xbc, 0xbc, 0xbc, 0xbc, 0xbc,
    0x95, 0x90, 0xff, 0xff, 0xff, 0xff, 0xff, 0xff,
    0xff, 0xcc,

    /* U+0113 "ē" */
    0x0, 0x0, 0x5c, 0xff, 0xff, 0xff, 0xff, 0xff,
    0x3c, 0x0, 0x0, 0x0, 0x0, 0x26, 0x6c, 0x6c,
    0x6c, 0x6c, 0x6c, 0x19, 0x0, 0x0, 0x0, 0x0,
    0x0, 0x0, 0x0, 0x0, 0x0, 0x0, 0x0, 0x0,
    0x0, 0x0, 0x0, 0x0, 0x0, 0x0, 0x0, 0x0,
    0x0, 0x0, 0x0, 0x0, 0x0, 0x0, 0x1f, 0x9e,
    0xe7, 0xfa, 0xe2, 0x98, 0x1a, 0x0, 0x0, 0x0,
    0x2b, 0xeb, 0xff, 0xce, 0xb4, 0xd7, 0xff, 0xe7,
    0x20, 0x0, 0x1, 0xd0, 0xf7, 0x46, 0x0, 0x0,
    0x0, 0x5a, 0xff, 0xaf, 0x0, 0x39, 0xff, 0xd9,
    0x80, 0x80, 0x80, 0x80, 0x80, 0xf1, 0xf9, 0x8,
    0x66, 0xff, 0xff, 0xff, 0xff, 0xff, 0xff, 0xff,
    0xff, 0xff, 0x21, 0x66, 0xff, 0x88, 0x0, 0x0,
    0x0, 0x0, 0x0, 0x0, 0x0, 0x0, 0x39, 0xff,
    0xcf, 0x2, 0x0, 0x0, 0x0, 0x0, 0x4c, 0x7,
    0x0, 0x1, 0xd1, 0xff, 0x8e, 0x4, 0x0, 0x0,
    0x6e, 0xff, 0xbb, 0x0, 0x0, 0x2b, 0xeb, 0xff,
    0xe3, 0xb3, 0xd5, 0xff, 0xea, 0x30, 0x0, 0x0,
    0x0, 0x1c, 0x99, 0xe4, 0xf9, 0xe0, 0x95, 0x1c,
    0x0, 0x0,

    /* U+0114 "Ĕ" */
    0x0, 0x0, 0x72, 0x4a, 0x0, 0x28, 0x80, 0x12,
    0x0, 0x0, 0x0, 0xb7, 0xd8, 0x2a, 0xa7, 0xf0,
    0x6, 0x0, 0x0, 0x0, 0x29, 0xe3, 0xff, 0xf7,
    0x55, 0x0, 0x0, 0x0, 0x0, 0x0, 0xa, 0x39,
    0x16, 0x0, 0x0, 0x0, 0x90, 0xff, 0xff, 0xff,
    0xff, 0xff, 0xff, 0xff, 0xcc, 0x90, 0xff, 0xcf,
    0xbc, 0xbc, 0xbc, 0xbc, 0xbc, 0x95, 0x90, 0xff,
    0x48, 0x0, 0x0, 0x0, 0x0, 0x0, 0x0, 0x90,
    0xff, 0x48, 0x0, 0x0, 0x0, 0x0, 0x0, 0x0,
    0x90, 0xff, 0x48, 0x0, 0x0, 0x0, 0x0, 0x0,
    0x0, 0x90, 0xff, 0x48, 0x0, 0x0, 0x0, 0x0,
    0x0, 0x0, 0x90, 0xff, 0xff, 0xff, 0xff, 0xff,
    0xff, 0xff, 0x28, 0x90, 0xff, 0xc9, 0xb4, 0xb4,
    0xb4, 0xb4, 0xb4, 0x1c, 0x90, 0xff, 0x48, 0x0,
    0x0, 0x0, 0x0, 0x0, 0x0, 0x90, 0xff, 0x48,
    0x0, 0x0, 0x0, 0x0, 0x0, 0x0, 0x90, 0xff,
    0x48, 0x0, 0x0, 0x0, 0x0, 0x0, 0x0, 0x90,
    0xff, 0x48, 0x0, 0x0, 0x0, 0x0, 0x0, 0x0,
    0x90, 0xff, 0xcf, 0xbc, 0xbc, 0xbc, 0xbc, 0xbc,
    0x95, 0x90, 0xff, 0xff, 0xff, 0xff, 0xff, 0xff,
    0xff, 0xcc,

    /* U+0115 "ĕ" */
    0x0, 0x0, 0xe, 0xfc, 0x96, 0x23, 0xbb, 0xd6,
    0x0, 0x0, 0x0, 0x0, 0x0, 0x0, 0x6d, 0xfa,
    0xff, 0xef, 0x44, 0x0, 0x0, 0x0, 0x0, 0x0,
    0x0, 0x0, 0x17, 0x38, 0xe, 0x0, 0x0, 0x0,
    0x0, 0x0, 0x0, 0x0, 0x0, 0x0, 0x0, 0x0,
    0x0, 0x0, 0x0, 0x0, 0x0, 0x0, 0x1f, 0x9e,
    0xe7, 0xfa, 0xe2, 0x98, 0x1a, 0x0, 0x0, 0x0,
    0x2b, 0xeb, 0xff, 0xce, 0xb4, 0xd7, 0xff, 0xe7,
    0x20, 0x0, 0x1, 0xd0, 0xf7, 0x46, 0x0, 0x0,
    0x0, 0x5a, 0xff, 0xaf, 0x0, 0x39, 0xff, 0xd9,
    0x80, 0x80, 0x80, 0x80, 0x80, 0xf1, 0xf9, 0x8,
    0x66, 0xff, 0xff, 0xff, 0xff, 0xff, 0xff, 0xff,
    0xff, 0xff, 0x21, 0x66, 0xff, 0x88, 0x0, 0x0,
    0x0, 0x0, 0x0, 0x0, 0x0, 0x0, 0x39, 0xff,
    0xcf, 0x2, 0x0, 0x0, 0x0, 0x0, 0x4c, 0x7,
    0x0, 0x1, 0xd1, 0xff, 0x8e, 0x4, 0x0, 0x0,
    0x6e, 0xff, 0xbb, 0x0, 0x0, 0x2b, 0xeb, 0xff,
    0xe3, 0xb3, 0xd5, 0xff, 0xea, 0x30, 0x0, 0x0,
    0x0, 0x1c, 0x99, 0xe4, 0xf9, 0xe0, 0x95, 0x1c,
    0x0, 0x0,

    /* U+0116 "Ė" */
    0x0, 0x0, 0x0, 0x30, 0xee, 0x79, 0x0, 0x0,
    0x0, 0x0, 0x0, 0x0, 0x33, 0xf7, 0x7f, 0x0,
    0x0, 0x0, 0x0, 0x0, 0x0, 0x0, 0x4, 0x0,
    0x0, 0x0, 0x0, 0x0, 0x0, 0x0, 0x0, 0x0,
    0x0, 0x0, 0x0, 0x0, 0x90, 0xff, 0xff, 0xff,
    0xff, 0xff, 0xff, 0xff, 0xcc, 0x90, 0xff, 0xcf,
    0xbc, 0xbc, 0xbc, 0xbc, 0xbc, 0x95, 0x90, 0xff,
    0x48, 0x0, 0x0, 0x0, 0x0, 0x0, 0x0, 0x90,
    0xff, 0x48, 0x0, 0x0, 0x0, 0x0, 0x0, 0x0,
    0x90, 0xff, 0x48, 0x0, 0x0, 0x0, 0x0, 0x0,
    0x0, 0x90, 0xff, 0x48, 0x0, 0x0, 0x0, 0x0,
    0x0, 0x0, 0x90, 0xff, 0xff, 0xff, 0xff, 0xff,
    0xff, 0xff, 0x28, 0x90, 0xff, 0xc9, 0xb4, 0xb4,
    0xb4, 0xb4, 0xb4, 0x1c, 0x90, 0xff, 0x48, 0x0,
    0x0, 0x0, 0x0, 0x0, 0x0, 0x90, 0xff, 0x48,
    0x0, 0x0, 0x0, 0x0, 0x0, 0x0, 0x90, 0xff,
    0x48, 0x0, 0x0, 0x0, 0x0, 0x0, 0x0, 0x90,
    0xff, 0x48, 0x0, 0x0, 0x0, 0x0, 0x0, 0x0,
    0x90, 0xff, 0xcf, 0xbc, 0xbc, 0xbc, 0xbc, 0xbc,
    0x95, 0x90, 0xff, 0xff, 0xff, 0xff, 0xff, 0xff,
    0xff, 0xcc,

    /* U+0117 "ė" */
    0x0, 0x0, 0x0, 0x0, 0x6b, 0xf3, 0x53, 0x0,
    0x0, 0x0, 0x0, 0x0, 0x0, 0x0, 0x0, 0x90,
    0xff, 0x73, 0x0, 0x0, 0x0, 0x0, 0x0, 0x0,
    0x0, 0x0, 0x4, 0x32, 0x1, 0x0, 0x0, 0x0,
    0x0, 0x0, 0x0, 0x0, 0x0, 0x0, 0x0, 0x0,
    0x0, 0x0, 0x0, 0x0, 0x0, 0x0, 0x1f, 0x9e,
    0xe7, 0xfa, 0xe2, 0x98, 0x1a, 0x0, 0x0, 0x0,
    0x2b, 0xeb, 0xff, 0xce, 0xb4, 0xd7, 0xff, 0xe7,
    0x20, 0x0, 0x1, 0xd0, 0xf7, 0x46, 0x0, 0x0,
    0x0, 0x5a, 0xff, 0xaf, 0x0, 0x39, 0xff, 0xd9,
    0x80, 0x80, 0x80, 0x80, 0x80, 0xf1, 0xf9, 0x8,
    0x66, 0xff, 0xff, 0xff, 0xff, 0xff, 0xff, 0xff,
    0xff, 0xff, 0x21, 0x66, 0xff, 0x88, 0x0, 0x0,
    0x0, 0x0, 0x0, 0x0, 0x0, 0x0, 0x39, 0xff,
    0xcf, 0x2, 0x0, 0x0, 0x0, 0x0, 0x4c, 0x7,
    0x0, 0x1, 0xd1, 0xff, 0x8e, 0x4, 0x0, 0x0,
    0x6e, 0xff, 0xbb, 0x0, 0x0, 0x2b, 0xeb, 0xff,
    0xe3, 0xb3, 0xd5, 0xff, 0xea, 0x30, 0x0, 0x0,
    0x0, 0x1c, 0x99, 0xe4, 0xf9, 0xe0, 0x95, 0x1c,
    0x0, 0x0,

    /* U+0118 "Ę" */
    0x90, 0xff, 0xff, 0xff, 0xff, 0xff, 0xff, 0xff,
    0xcc, 0x0, 0x90, 0xff, 0xcf, 0xbc, 0xbc, 0xbc,
    0xbc, 0xbc, 0x95, 0x0, 0x90, 0xff, 0x48, 0x0,
    0x0, 0x0, 0x0, 0x0, 0x0, 0x0, 0x90, 0xff,
    0x48, 0x0, 0x0, 0x0, 0x0, 0x0, 0x0, 0x0,
    0x90, 0xff, 0x48, 0x0, 0x0, 0x0, 0x0, 0x0,
    0x0, 0x0, 0x90, 0xff, 0x48, 0x0, 0x0, 0x0,
    0x0, 0x0, 0x0, 0x0, 0x90, 0xff, 0xff, 0xff,
    0xff, 0xff, 0xff, 0xff, 0x28, 0x0, 0x90, 0xff,
    0xc9, 0xb4, 0xb4, 0xb4, 0xb4, 0xb4, 0x1c, 0x0,
    0x90, 0xff, 0x48, 0x0, 0x0, 0x0, 0x0, 0x0,
    0x0, 0x0, 0x90, 0xff, 0x48, 0x0, 0x0, 0x0,
    0x0, 0x0, 0x0, 0x0, 0x90, 0xff, 0x48, 0x0,
    0x0, 0x0, 0x0, 0x0, 0x0, 0x0, 0x90, 0xff,
    0x48, 0x0, 0x0, 0x0, 0x0, 0x0, 0x0, 0x0,
    0x90, 0xff, 0xcf, 0xbc, 0xbc, 0xbc, 0xbc, 0xbc,
    0x95, 0x0, 0x90, 0xff, 0xff, 0xff, 0xff, 0xff,
    0xff, 0xff, 0xcc, 0x0, 0x0, 0x0, 0x0, 0x0,
    0x0, 0x0, 0x96, 0xea, 0x3b, 0x0, 0x0, 0x0,
    0x0, 0x0, 0x0, 0x2f, 0xff, 0x71, 0x0, 0x0,
    0x0, 0x0, 0x0, 0x0, 0x0, 0x29, 0xff, 0xdc,
    0x80, 0x0, 0x0, 0x0, 0x0, 0x0, 0x0, 0x0,
    0x71, 0xe7, 0xec, 0x29,

    /* U+0119 "ę" */
    0x0, 0x0, 0x1f, 0x9e, 0xe7, 0xfa, 0xe2, 0x98,
    0x1a, 0x0, 0x0, 0x0, 0x2b, 0xeb, 0xff, 0xce,
    0xb4, 0xd7, 0xff, 0xe7, 0x20, 0x0, 0x1, 0xd0,
    0xf7, 0x46, 0x0, 0x0, 0x0, 0x5a, 0xff, 0xaf,
    0x0, 0x39, 0xff, 0xd9, 0x80, 0x80, 0x80, 0x80,
    0x80, 0xf1, 0xf9, 0x8, 0x66, 0xff, 0xff, 0xff,
    0xff, 0xff, 0xff, 0xff, 0xff, 0xff, 0x21, 0x66,
    0xff, 0x88, 0x0, 0x0, 0x0, 0x0, 0x0, 0x0,
    0x0, 0x0, 0x39, 0xff, 0xcf, 0x2, 0x0, 0x0,
    0x0, 0x0, 0x4c, 0x7, 0x0, 0x1, 0xd1, 0xff,
    0x8e, 0x4, 0x0, 0x0, 0x6e, 0xff, 0xba, 0x0,
    0x0, 0x2b, 0xea, 0xff, 0xe3, 0xb3, 0xd5, 0xff,
    0xe6, 0x2d, 0x0, 0x0, 0x0, 0x1b, 0x95, 0xdf,
    0xfa, 0xff, 0xd0, 0x1c, 0x0, 0x0, 0x0, 0x0,
    0x0, 0x0, 0x5, 0xc1, 0xd3, 0x10, 0x0, 0x0,
    0x0, 0x0, 0x0, 0x0, 0x0, 0x47, 0xff, 0x61,
    0x0, 0x0, 0x0, 0x0, 0x0, 0x0, 0x0, 0x0,
    0x30, 0xff, 0xd3, 0x77, 0x0, 0x0, 0x0, 0x0,
    0x0, 0x0, 0x0, 0x0, 0x73, 0xe8, 0xe9, 0x1d,
    0x0, 0x0,

    /* U+011A "Ě" */
    0x0, 0x6, 0x76, 0x66, 0x0, 0x47, 0x80, 0x27,
    0x0, 0x0, 0x0, 0x41, 0xf4, 0xba, 0xfb, 0x81,
    0x0, 0x0, 0x0, 0x0, 0x0, 0x39, 0x80, 0x58,
    0x0, 0x0, 0x0, 0x0, 0x0, 0x0, 0x0, 0x0,
    0x0, 0x0, 0x0, 0x0, 0x90, 0xff, 0xff, 0xff,
    0xff, 0xff, 0xff, 0xff, 0xcc, 0x90, 0xff, 0xcf,
    0xbc, 0xbc, 0xbc, 0xbc, 0xbc, 0x95, 0x90, 0xff,
    0x48, 0x0, 0x0, 0x0, 0x0, 0x0, 0x0, 0x90,
    0xff, 0x48, 0x0, 0x0, 0x0, 0x0, 0x0, 0x0,
    0x90, 0xff, 0x48, 0x0, 0x0, 0x0, 0x0, 0x0,
    0x0, 0x90, 0xff, 0x48, 0x0, 0x0, 0x0, 0x0,
    0x0, 0x0, 0x90, 0xff, 0xff, 0xff, 0xff, 0xff,
    0xff, 0xff, 0x28, 0x90, 0xff, 0xc9, 0xb4, 0xb4,
    0xb4, 0xb4, 0xb4, 0x1c, 0x90, 0xff, 0x48, 0x0,
    0x0, 0x0, 0x0, 0x0, 0x0, 0x90, 0xff, 0x48,
    0x0, 0x0, 0x0, 0x0, 0x0, 0x0, 0x90, 0xff,
    0x48, 0x0, 0x0, 0x0, 0x0, 0x0, 0x0, 0x90,
    0xff, 0x48, 0x0, 0x0, 0x0, 0x0, 0x0, 0x0,
    0x90, 0xff, 0xcf, 0xbc, 0xbc, 0xbc, 0xbc, 0xbc,
    0x95, 0x90, 0xff, 0xff, 0xff, 0xff, 0xff, 0xff,
    0xff, 0xcc,

    /* U+011B "ě" */
    0x0, 0x0, 0x24, 0xe9, 0xb7, 0x25, 0xe5, 0xc9,
    0xb, 0x0, 0x0, 0x0, 0x0, 0x0, 0x34, 0xf3,
    0xfa, 0xd4, 0x12, 0x0, 0x0, 0x0, 0x0, 0x0,
    0x0, 0x0, 0x2b, 0x4c, 0x16, 0x0, 0x0, 0x0,
    0x0, 0x0, 0x0, 0x0, 0x0, 0x0, 0x0, 0x0,
    0x0, 0x0, 0x0, 0x0, 0x0, 0x0, 0x1f, 0x9e,
    0xe7, 0xfa, 0xe2, 0x98, 0x1a, 0x0, 0x0, 0x0,
    0x2b, 0xeb, 0xff, 0xce, 0xb4, 0xd7, 0xff, 0xe7,
    0x20, 0x0, 0x1, 0xd0, 0xf7, 0x46, 0x0, 0x0,
    0x0, 0x5a, 0xff, 0xaf, 0x0, 0x39, 0xff, 0xd9,
    0x80, 0x80, 0x80, 0x80, 0x80, 0xf1, 0xf9, 0x8,
    0x66, 0xff, 0xff, 0xff, 0xff, 0xff, 0xff, 0xff,
    0xff, 0xff, 0x21, 0x66, 0xff, 0x88, 0x0, 0x0,
    0x0, 0x0, 0x0, 0x0, 0x0, 0x0, 0x39, 0xff,
    0xcf, 0x2, 0x0, 0x0, 0x0, 0x0, 0x4c, 0x7,
    0x0, 0x1, 0xd1, 0xff, 0x8e, 0x4, 0x0, 0x0,
    0x6e, 0xff, 0xbb, 0x0, 0x0, 0x2b, 0xeb, 0xff,
    0xe3, 0xb3, 0xd5, 0xff, 0xea, 0x30, 0x0, 0x0,
    0x0, 0x1c, 0x99, 0xe4, 0xf9, 0xe0, 0x95, 0x1c,
    0x0, 0x0,

    /* U+011C "Ĝ" */
    0x0, 0x0, 0x0, 0x0, 0x0, 0x0, 0x22, 0xeb,
    0xff, 0x65, 0x0, 0x0, 0x0, 0x0, 0x0, 0x0,
    0x0, 0x0, 0x0, 0x0, 0x0, 0x11, 0xd8, 0xd8,
    0x97, 0xfa, 0x3e, 0x0, 0x0, 0x0, 0x0, 0x0,
    0x0, 0x0, 0x0, 0x0, 0x0, 0x45, 0x80, 0x25,
    0x3, 0x74, 0x6b, 0x0, 0x0, 0x0, 0x0, 0x0,
    0x0, 0x0, 0x0, 0x0, 0x0, 0x0, 0x0, 0x0,
    0x0, 0x0, 0x0, 0x0, 0x0, 0x0, 0x0, 0x0,
    0x0, 0x0, 0x0, 0x0, 0x1d, 0x89, 0xcf, 0xf0,
    0xf7, 0xe0, 0xa6, 0x4a, 0x0, 0x0, 0x0, 0x0,
    0x0, 0x0, 0x0, 0x71, 0xf9, 0xff, 0xf4, 0xca,
    0xc3, 0xe1, 0xff, 0xff, 0xbb, 0x11, 0x0, 0x0,
    0x0, 0x0, 0x86, 0xff, 0xe8, 0x5c, 0x5, 0x0,
    0x0, 0x0, 0x29, 0xa8, 0xcb, 0x1a, 0x0, 0x0,
    0x0, 0x47, 0xff, 0xe0, 0x1b, 0x0, 0x0, 0x0,
    0x0, 0x0, 0x0, 0x0, 0x4, 0x0, 0x0, 0x0,
    0x0, 0xc8, 0xff, 0x41, 0x0, 0x0, 0x0, 0x0,
    0x0, 0x0, 0x0, 0x0, 0x0, 0x0, 0x0, 0x0,
    0x17, 0xff, 0xd8, 0x0, 0x0, 0x0, 0x0, 0x0,
    0x0, 0x0, 0x0, 0x0, 0x0, 0x0, 0x0, 0x0,
    0x38, 0xff, 0xab, 0x0, 0x0, 0x0, 0x0, 0x0,
    0xd0, 0xff, 0xff, 0xff, 0xff, 0xff, 0xff, 0x2a,
    0x39, 0xff, 0xab, 0x0, 0x0, 0x0, 0x0, 0x0,
    0x92, 0xb4, 0xb4, 0xb4, 0xb4, 0xe5, 0xff, 0x2f,
    0x17, 0xff, 0xd8, 0x0, 0x0, 0x0, 0x0, 0x0,
    0x0, 0x0, 0x0, 0x0, 0x0, 0xc8, 0xff, 0x15,
    0x0, 0xc8, 0xff, 0x41, 0x0, 0x0, 0x0, 0x0,
    0x0, 0x0, 0x0, 0x0, 0x22, 0xfd, 0xd7, 0x0,
    0x0, 0x48, 0xff, 0xe0, 0x1b, 0x0, 0x0, 0x0,
    0x0, 0x0, 0x0, 0x6, 0xbe, 0xff, 0x6a, 0x0,
    0x0, 0x0, 0x86, 0xff, 0xe7, 0x5b, 0x5, 0x0,
    0x0, 0x0, 0x34, 0xc6, 0xff, 0xb9, 0x3, 0x0,
    0x0, 0x0, 0x0, 0x72, 0xf9, 0xff, 0xf3, 0xc9,
    0xc2, 0xe2, 0xff, 0xff, 0xa9, 0x9, 0x0, 0x0,
    0x0, 0x0, 0x0, 0x0, 0x1e, 0x8a, 0xd0, 0xf2,
    0xf8, 0xe1, 0xa6, 0x43, 0x0, 0x0, 0x0, 0x0,

    /* U+011D "ĝ" */
    0x0, 0x0, 0x0, 0x5, 0xb8, 0xff, 0xbb, 0x5,
    0x0, 0x0, 0x0, 0x0, 0x0, 0x2, 0xa8, 0xf4,
    0x64, 0xf2, 0xa2, 0x0, 0x0, 0x0, 0x0, 0x0,
    0x16, 0x54, 0x30, 0x0, 0x2e, 0x54, 0x13, 0x0,
    0x0, 0x0, 0x0, 0x0, 0x0, 0x0, 0x0, 0x0,
    0x0, 0x0, 0x0, 0x0, 0x0, 0x0, 0x1e, 0xa1,
    0xea, 0xf6, 0xc7, 0x51, 0x5c, 0xff, 0x68, 0x0,
    0x29, 0xea, 0xff, 0xe1, 0xb8, 0xdf, 0xff, 0xbf,
    0xff, 0x68, 0x1, 0xcd, 0xff, 0x81, 0x2, 0x0,
    0x1, 0x79, 0xff, 0xff, 0x68, 0x37, 0xff, 0xc2,
    0x0, 0x0, 0x0, 0x0, 0x0, 0xb8, 0xff, 0x68,
    0x66, 0xff, 0x7d, 0x0, 0x0, 0x0, 0x0, 0x0,
    0x72, 0xff, 0x68, 0x66, 0xff, 0x7c, 0x0, 0x0,
    0x0, 0x0, 0x0, 0x72, 0xff, 0x68, 0x37, 0xff,
    0xc0, 0x0, 0x0, 0x0, 0x0, 0x0, 0xb5, 0xff,
    0x68, 0x1, 0xcf, 0xff, 0x7d, 0x1, 0x0, 0x0,
    0x71, 0xff, 0xff, 0x68, 0x0, 0x2b, 0xec, 0xff,
    0xde, 0xb4, 0xda, 0xff, 0xc2, 0xff, 0x68, 0x0,
    0x0, 0x20, 0xa3, 0xec, 0xf7, 0xca, 0x54, 0x69,
    0xff, 0x5f, 0x0, 0x2, 0x2f, 0x0, 0x0, 0x0,
    0x0, 0x0, 0x9f, 0xff, 0x3b, 0x0, 0xc7, 0xfd,
    0x55, 0x0, 0x0, 0x0, 0x52, 0xfc, 0xde, 0x4,
    0x0, 0x46, 0xf5, 0xff, 0xd1, 0xb0, 0xd3, 0xff,
    0xf4, 0x3d, 0x0, 0x0, 0x0, 0x2a, 0xa1, 0xe2,
    0xfa, 0xe6, 0xa3, 0x27, 0x0, 0x0,

    /* U+011E "Ğ" */
    0x0, 0x0, 0x0, 0x0, 0x0, 0x53, 0xff, 0x5f,
    0x38, 0xec, 0x92, 0x0, 0x0, 0x0, 0x0, 0x0,
    0x0, 0x0, 0x0, 0x0, 0x0, 0x3, 0xad, 0xff,
    0xff, 0xd6, 0x19, 0x0, 0x0, 0x0, 0x0, 0x0,
    0x0, 0x0, 0x0, 0x0, 0x0, 0x0, 0x0, 0x2a,
    0x37, 0x5, 0x0, 0x0, 0x0, 0x0, 0x0, 0x0,
    0x0, 0x0, 0x0, 0x0, 0x0, 0x0, 0x0, 0x0,
    0x0, 0x0, 0x0, 0x0, 0x0, 0x0, 0x0, 0x0,
    0x0, 0x0, 0x0, 0x0, 0x1d, 0x89, 0xcf, 0xf0,
    0xf7, 0xe0, 0xa6, 0x4a, 0x0, 0x0, 0x0, 0x0,
    0x0, 0x0, 0x0, 0x71, 0xf9, 0xff, 0xf4, 0xca,
    0xc3, 0xe1, 0xff, 0xff, 0xbb, 0x11, 0x0, 0x0,
    0x0, 0x0, 0x86, 0xff, 0xe8, 0x5c, 0x5, 0x0,
    0x0, 0x0, 0x29, 0xa8, 0xcb, 0x1a, 0x0, 0x0,
    0x0, 0x47, 0xff, 0xe0, 0x1b, 0x0, 0x0, 0x0,
    0x0, 0x0, 0x0, 0x0, 0x4, 0x0, 0x0, 0x0,
    0x0, 0xc8, 0xff, 0x41, 0x0, 0x0, 0x0, 0x0,
    0x0, 0x0, 0x0, 0x0, 0x0, 0x0, 0x0, 0x0,
    0x17, 0xff, 0xd8, 0x0, 0x0, 0x0, 0x0, 0x0,
    0x0, 0x0, 0x0, 0x0, 0x0, 0x0, 0x0, 0x0,
    0x38, 0xff, 0xab, 0x0, 0x0, 0x0, 0x0, 0x0,
    0xd0, 0xff, 0xff, 0xff, 0xff, 0xff, 0xff, 0x2a,
    0x39, 0xff, 0xab, 0x0, 0x0, 0x0, 0x0, 0x0,
    0x92, 0xb4, 0xb4, 0xb4, 0xb4, 0xe5, 0xff, 0x2f,
    0x17, 0xff, 0xd8, 0x0, 0x0, 0x0, 0x0, 0x0,
    0x0, 0x0, 0x0, 0x0, 0x0, 0xc8, 0xff, 0x15,
    0x0, 0xc8, 0xff, 0x41, 0x0, 0x0, 0x0, 0x0,
    0x0, 0x0, 0x0, 0x0, 0x22, 0xfd, 0xd7, 0x0,
    0x0, 0x48, 0xff, 0xe0, 0x1b, 0x0, 0x0, 0x0,
    0x0, 0x0, 0x0, 0x6, 0xbe, 0xff, 0x6a, 0x0,
    0x0, 0x0, 0x86, 0xff, 0xe7, 0x5b, 0x5, 0x0,
    0x0, 0x0, 0x34, 0xc6, 0xff, 0xb9, 0x3, 0x0,
    0x0, 0x0, 0x0, 0x72, 0xf9, 0xff, 0xf3, 0xc9,
    0xc2, 0xe2, 0xff, 0xff, 0xa9, 0x9, 0x0, 0x0,
    0x0, 0x0, 0x0, 0x0, 0x1e, 0x8a, 0xd0, 0xf2,
    0xf8, 0xe1, 0xa6, 0x43, 0x0, 0x0, 0x0, 0x0,

    /* U+011F "ğ" */
    0x0, 0x0, 0x0, 0xab, 0xde, 0x2e, 0x6a, 0xff,
    0x3a, 0x0, 0x0, 0x0, 0x0, 0x0, 0x27, 0xe0,
    0xff, 0xff, 0x98, 0x0, 0x0, 0x0, 0x0, 0x0,
    0x0, 0x0, 0x7, 0x35, 0x22, 0x0, 0x0, 0x0,
    0x0, 0x0, 0x0, 0x0, 0x0, 0x0, 0x0, 0x0,
    0x0, 0x0, 0x0, 0x0, 0x0, 0x0, 0x1e, 0xa1,
    0xea, 0xf6, 0xc7, 0x51, 0x5c, 0xff, 0x68, 0x0,
    0x29, 0xea, 0xff, 0xe1, 0xb8, 0xdf, 0xff, 0xbf,
    0xff, 0x68, 0x1, 0xcd, 0xff, 0x81, 0x2, 0x0,
    0x1, 0x79, 0xff, 0xff, 0x68, 0x37, 0xff, 0xc2,
    0x0, 0x0, 0x0, 0x0, 0x0, 0xb8, 0xff, 0x68,
    0x66, 0xff, 0x7d, 0x0, 0x0, 0x0, 0x0, 0x0,
    0x72, 0xff, 0x68, 0x66, 0xff, 0x7c, 0x0, 0x0,
    0x0, 0x0, 0x0, 0x72, 0xff, 0x68, 0x37, 0xff,
    0xc0, 0x0, 0x0, 0x0, 0x0, 0x0, 0xb5, 0xff,
    0x68, 0x1, 0xcf, 0xff, 0x7d, 0x1, 0x0, 0x0,
    0x71, 0xff, 0xff, 0x68, 0x0, 0x2b, 0xec, 0xff,
    0xde, 0xb4, 0xda, 0xff, 0xc2, 0xff, 0x68, 0x0,
    0x0, 0x20, 0xa3, 0xec, 0xf7, 0xca, 0x54, 0x69,
    0xff, 0x5f, 0x0, 0x2, 0x2f, 0x0, 0x0, 0x0,
    0x0, 0x0, 0x9f, 0xff, 0x3b, 0x0, 0xc7, 0xfd,
    0x55, 0x0, 0x0, 0x0, 0x52, 0xfc, 0xde, 0x4,
    0x0, 0x46, 0xf5, 0xff, 0xd1, 0xb0, 0xd3, 0xff,
    0xf4, 0x3d, 0x0, 0x0, 0x0, 0x2a, 0xa1, 0xe2,
    0xfa, 0xe6, 0xa3, 0x27, 0x0, 0x0,

    /* U+0120 "Ġ" */
    0x0, 0x0, 0x0, 0x0, 0x0, 0x0, 0x0, 0x3,
    0x1, 0x0, 0x0, 0x0, 0x0, 0x0, 0x0, 0x0,
    0x0, 0x0, 0x0, 0x0, 0x0, 0x0, 0xa, 0xe3,
    0xc4, 0x0, 0x0, 0x0, 0x0, 0x0, 0x0, 0x0,
    0x0, 0x0, 0x0, 0x0, 0x0, 0x0, 0x7, 0xd5,
    0xb4, 0x0, 0x0, 0x0, 0x0, 0x0, 0x0, 0x0,
    0x0, 0x0, 0x0, 0x0, 0x0, 0x0, 0x0, 0x0,
    0x0, 0x0, 0x0, 0x0, 0x0, 0x0, 0x0, 0x0,
    0x0, 0x0, 0x0, 0x0, 0x0, 0x0, 0x0, 0x0,
    0x0, 0x0, 0x0, 0x0, 0x0, 0x0, 0x0, 0x0,
    0x0, 0x0, 0x0, 0x0, 0x1d, 0x89, 0xcf, 0xf0,
    0xf7, 0xe0, 0xa6, 0x4a, 0x0, 0x0, 0x0, 0x0,
    0x0, 0x0, 0x0, 0x71, 0xf9, 0xff, 0xf4, 0xca,
    0xc3, 0xe1, 0xff, 0xff, 0xbb, 0x11, 0x0, 0x0,
    0x0, 0x0, 0x86, 0xff, 0xe8, 0x5c, 0x5, 0x0,
    0x0, 0x0, 0x29, 0xa8, 0xcb, 0x1a, 0x0, 0x0,
    0x0, 0x47, 0xff, 0xe0, 0x1b, 0x0, 0x0, 0x0,
    0x0, 0x0, 0x0, 0x0, 0x4, 0x0, 0x0, 0x0,
    0x0, 0xc8, 0xff, 0x41, 0x0, 0x0, 0x0, 0x0,
    0x0, 0x0, 0x0, 0x0, 0x0, 0x0, 0x0, 0x0,
    0x17, 0xff, 0xd8, 0x0, 0x0, 0x0, 0x0, 0x0,
    0x0, 0x0, 0x0, 0x0, 0x0, 0x0, 0x0, 0x0,
    0x38, 0xff, 0xab, 0x0, 0x0, 0x0, 0x0, 0x0,
    0xd0, 0xff, 0xff, 0xff, 0xff, 0xff, 0xff, 0x2a,
    0x39, 0xff, 0xab, 0x0, 0x0, 0x0, 0x0, 0x0,
    0x92, 0xb4, 0xb4, 0xb4, 0xb4, 0xe5, 0xff, 0x2f,
    0x17, 0xff, 0xd8, 0x0, 0x0, 0x0, 0x0, 0x0,
    0x0, 0x0, 0x0, 0x0, 0x0, 0xc8, 0xff, 0x15,
    0x0, 0xc8, 0xff, 0x41, 0x0, 0x0, 0x0, 0x0,
    0x0, 0x0, 0x0, 0x0, 0x22, 0xfd, 0xd7, 0x0,
    0x0, 0x48, 0xff, 0xe0, 0x1b, 0x0, 0x0, 0x0,
    0x0, 0x0, 0x0, 0x6, 0xbe, 0xff, 0x6a, 0x0,
    0x0, 0x0, 0x86, 0xff, 0xe7, 0x5b, 0x5, 0x0,
    0x0, 0x0, 0x34, 0xc6, 0xff, 0xb9, 0x3, 0x0,
    0x0, 0x0, 0x0, 0x72, 0xf9, 0xff, 0xf3, 0xc9,
    0xc2, 0xe2, 0xff, 0xff, 0xa9, 0x9, 0x0, 0x0,
    0x0, 0x0, 0x0, 0x0, 0x1e, 0x8a, 0xd0, 0xf2,
    0xf8, 0xe1, 0xa6, 0x43, 0x0, 0x0, 0x0, 0x0,

    /* U+0121 "ġ" */
    0x0, 0x0, 0x0, 0x0, 0x37, 0xee, 0x8c, 0x0,
    0x0, 0x0, 0x0, 0x0, 0x0, 0x0, 0x0, 0x51,
    0xff, 0xaf, 0x0, 0x0, 0x0, 0x0, 0x0, 0x0,
    0x0, 0x0, 0x0, 0x2d, 0xa, 0x0, 0x0, 0x0,
    0x0, 0x0, 0x0, 0x0, 0x0, 0x0, 0x0, 0x0,
    0x0, 0x0, 0x0, 0x0, 0x0, 0x0, 0x1e, 0xa1,
    0xea, 0xf6, 0xc7, 0x51, 0x5c, 0xff, 0x68, 0x0,
    0x29, 0xea, 0xff, 0xe1, 0xb8, 0xdf, 0xff, 0xbf,
    0xff, 0x68, 0x1, 0xcd, 0xff, 0x81, 0x2, 0x0,
    0x1, 0x79, 0xff, 0xff, 0x68, 0x37, 0xff, 0xc2,
    0x0, 0x0, 0x0, 0x0, 0x0, 0xb8, 0xff, 0x68,
    0x66, 0xff, 0x7d, 0x0, 0x0, 0x0, 0x0, 0x0,
    0x72, 0xff, 0x68, 0x66, 0xff, 0x7c, 0x0, 0x0,
    0x0, 0x0, 0x0, 0x72, 0xff, 0x68, 0x37, 0xff,
    0xc0, 0x0, 0x0, 0x0, 0x0, 0x0, 0xb5, 0xff,
    0x68, 0x1, 0xcf, 0xff, 0x7d, 0x1, 0x0, 0x0,
    0x71, 0xff, 0xff, 0x68, 0x0, 0x2b, 0xec, 0xff,
    0xde, 0xb4, 0xda, 0xff, 0xc2, 0xff, 0x68, 0x0,
    0x0, 0x20, 0xa3, 0xec, 0xf7, 0xca, 0x54, 0x69,
    0xff, 0x5f, 0x0, 0x2, 0x2f, 0x0, 0x0, 0x0,
    0x0, 0x0, 0x9f, 0xff, 0x3b, 0x0, 0xc7, 0xfd,
    0x55, 0x0, 0x0, 0x0, 0x52, 0xfc, 0xde, 0x4,
    0x0, 0x46, 0xf5, 0xff, 0xd1, 0xb0, 0xd3, 0xff,
    0xf4, 0x3d, 0x0, 0x0, 0x0, 0x2a, 0xa1, 0xe2,
    0xfa, 0xe6, 0xa3, 0x27, 0x0, 0x0,

    /* U+0122 "Ģ" */
    0x0, 0x0, 0x0, 0x0, 0x1d, 0x89, 0xcf, 0xf0,
    0xf7, 0xe0, 0xa6, 0x4a, 0x0, 0x0, 0x0, 0x0,
    0x0, 0x0, 0x0, 0x71, 0xf9, 0xff, 0xf4, 0xca,
    0xc3, 0xe1, 0xff, 0xff, 0xbb, 0x11, 0x0, 0x0,
    0x0, 0x0, 0x86, 0xff, 0xe8, 0x5c, 0x5, 0x0,
    0x0, 0x0, 0x29, 0xa8, 0xcb, 0x1a, 0x0, 0x0,
    0x0, 0x47, 0xff, 0xe0, 0x1b, 0x0, 0x0, 0x0,
    0x0, 0x0, 0x0, 0x0, 0x4, 0x0, 0x0, 0x0,
    0x0, 0xc8, 0xff, 0x41, 0x0, 0x0, 0x0, 0x0,
    0x0, 0x0, 0x0, 0x0, 0x0, 0x0, 0x0, 0x0,
    0x17, 0xff, 0xd8, 0x0, 0x0, 0x0, 0x0, 0x0,
    0x0, 0x0, 0x0, 0x0, 0x0, 0x0, 0x0, 0x0,
    0x38, 0xff, 0xab, 0x0, 0x0, 0x0, 0x0, 0x0,
    0xd0, 0xff, 0xff, 0xff, 0xff, 0xff, 0xff, 0x2a,
    0x39, 0xff, 0xab, 0x0, 0x0, 0x0, 0x0, 0x0,
    0x92, 0xb4, 0xb4, 0xb4, 0xb4, 0xe5, 0xff, 0x2f,
    0x17, 0xff, 0xd8, 0x0, 0x0, 0x0, 0x0, 0x0,
    0x0, 0x0, 0x0, 0x0, 0x0, 0xc8, 0xff, 0x15,
    0x0, 0xc8, 0xff, 0x41, 0x0, 0x0, 0x0, 0x0,
    0x0, 0x0, 0x0, 0x0, 0x22, 0xfd, 0xd7, 0x0,
    0x0, 0x48, 0xff, 0xe0, 0x1b, 0x0, 0x0, 0x0,
    0x0, 0x0, 0x0, 0x6, 0xbe, 0xff, 0x6a, 0x0,
    0x0, 0x0, 0x86, 0xff, 0xe7, 0x5b, 0x5, 0x0,
    0x0, 0x0, 0x34, 0xc6, 0xff, 0xb9, 0x3, 0x0,
    0x0, 0x0, 0x0, 0x72, 0xf9, 0xff, 0xf3, 0xc9,
    0xc2, 0xe2, 0xff, 0xff, 0xa9, 0x9, 0x0, 0x0,
    0x0, 0x0, 0x0, 0x0, 0x1e, 0x8a, 0xd0, 0xf2,
    0xf8, 0xe1, 0xa6, 0x43, 0x0, 0x0, 0x0, 0x0,
    0x0, 0x0, 0x0, 0x0, 0x0, 0x0, 0x0, 0x22,
    0x73, 0x13, 0x0, 0x0, 0x0, 0x0, 0x0, 0x0,
    0x0, 0x0, 0x0, 0x0, 0x0, 0x0, 0x0, 0xb1,
    0xff, 0x8f, 0x0, 0x0, 0x0, 0x0, 0x0, 0x0,
    0x0, 0x0, 0x0, 0x0, 0x0, 0x0, 0x0, 0x4e,
    0xfc, 0x62, 0x0, 0x0, 0x0, 0x0, 0x0, 0x0,
    0x0, 0x0, 0x0, 0x0, 0x0, 0x0, 0x0, 0x64,
    0xbc, 0x1, 0x0, 0x0, 0x0, 0x0, 0x0, 0x0,
    0x0, 0x0, 0x0, 0x0, 0x0, 0x0, 0x0, 0xd,
    0x16, 0x0, 0x0, 0x0, 0x0, 0x0, 0x0, 0x0,

    /* U+0123 "ģ" */
    0x0, 0x0, 0x0, 0x0, 0x0, 0x58, 0x5c, 0x0,
    0x0, 0x0, 0x0, 0x0, 0x0, 0x0, 0x0, 0x1b,
    0xed, 0x2f, 0x0, 0x0, 0x0, 0x0, 0x0, 0x0,
    0x0, 0x0, 0x83, 0xff, 0xac, 0x0, 0x0, 0x0,
    0x0, 0x0, 0x0, 0x0, 0x0, 0x4e, 0xf2, 0x7c,
    0x0, 0x0, 0x0, 0x0, 0x0, 0x0, 0x0, 0x0,
    0x0, 0x0, 0x0, 0x0, 0x0, 0x0, 0x0, 0x0,
    0x0, 0x0, 0x0, 0x0, 0x0, 0x0, 0x0, 0x0,
    0x0, 0x0, 0x0, 0x0, 0x1e, 0xa1, 0xea, 0xf6,
    0xc7, 0x51, 0x5c, 0xff, 0x68, 0x0, 0x29, 0xea,
    0xff, 0xe1, 0xb8, 0xdf, 0xff, 0xbf, 0xff, 0x68,
    0x1, 0xcd, 0xff, 0x81, 0x2, 0x0, 0x1, 0x79,
    0xff, 0xff, 0x68, 0x37, 0xff, 0xc2, 0x0, 0x0,
    0x0, 0x0, 0x0, 0xb8, 0xff, 0x68, 0x66, 0xff,
    0x7d, 0x0, 0x0, 0x0, 0x0, 0x0, 0x72, 0xff,
    0x68, 0x66, 0xff, 0x7c, 0x0, 0x0, 0x0, 0x0,
    0x0, 0x72, 0xff, 0x68, 0x37, 0xff, 0xc0, 0x0,
    0x0, 0x0, 0x0, 0x0, 0xb5, 0xff, 0x68, 0x1,
    0xcf, 0xff, 0x7d, 0x1, 0x0, 0x0, 0x71, 0xff,
    0xff, 0x68, 0x0, 0x2b, 0xec, 0xff, 0xde, 0xb4,
    0xda, 0xff, 0xc2, 0xff, 0x68, 0x0, 0x0, 0x20,
    0xa3, 0xec, 0xf7, 0xca, 0x54, 0x69, 0xff, 0x5f,
    0x0, 0x2, 0x2f, 0x0, 0x0, 0x0, 0x0, 0x0,
    0x9f, 0xff, 0x3b, 0x0, 0xc7, 0xfd, 0x55, 0x0,
    0x0, 0x0, 0x52, 0xfc, 0xde, 0x4, 0x0, 0x46,
    0xf5, 0xff, 0xd1, 0xb0, 0xd3, 0xff, 0xf4, 0x3d,
    0x0, 0x0, 0x0, 0x2a, 0xa1, 0xe2, 0xfa, 0xe6,
    0xa3, 0x27, 0x0, 0x0,

    /* U+0124 "Ĥ" */
    0x0, 0x0, 0x0, 0x0, 0x5e, 0xff, 0xed, 0x23,
    0x0, 0x0, 0x0, 0x0, 0x0, 0x0, 0x0, 0x3f,
    0xf9, 0x9f, 0xd3, 0xd6, 0xe, 0x0, 0x0, 0x0,
    0x0, 0x0, 0x0, 0x6d, 0x78, 0x5, 0x22, 0x80,
    0x41, 0x0, 0x0, 0x0, 0x0, 0x0, 0x0, 0x0,
    0x0, 0x0, 0x0, 0x0, 0x0, 0x0, 0x0, 0x0,
    0x90, 0xff, 0x48, 0x0, 0x0, 0x0, 0x0, 0x0,
    0x0, 0x90, 0xff, 0x48, 0x90, 0xff, 0x48, 0x0,
    0x0, 0x0, 0x0, 0x0, 0x0, 0x90, 0xff, 0x48,
    0x90, 0xff, 0x48, 0x0, 0x0, 0x0, 0x0, 0x0,
    0x0, 0x90, 0xff, 0x48, 0x90, 0xff, 0x48, 0x0,
    0x0, 0x0, 0x0, 0x0, 0x0, 0x90, 0xff, 0x48,
    0x90, 0xff, 0x48, 0x0, 0x0, 0x0, 0x0, 0x0,
    0x0, 0x90, 0xff, 0x48, 0x90, 0xff, 0x48, 0x0,
    0x0, 0x0, 0x0, 0x0, 0x0, 0x90, 0xff, 0x48,
    0x90, 0xff, 0xff, 0xff, 0xff, 0xff, 0xff, 0xff,
    0xff, 0xff, 0xff, 0x48, 0x90, 0xff, 0xc9, 0xb4,
    0xb4, 0xb4, 0xb4, 0xb4, 0xb4, 0xde, 0xff, 0x48,
    0x90, 0xff, 0x48, 0x0, 0x0, 0x0, 0x0, 0x0,
    0x0, 0x90, 0xff, 0x48, 0x90, 0xff, 0x48, 0x0,
    0x0, 0x0, 0x0, 0x0, 0x0, 0x90, 0xff, 0x48,
    0x90, 0xff, 0x48, 0x0, 0x0, 0x0, 0x0, 0x0,
    0x0, 0x90, 0xff, 0x48, 0x90, 0xff, 0x48, 0x0,
    0x0, 0x0, 0x0, 0x0, 0x0, 0x90, 0xff, 0x48,
    0x90, 0xff, 0x48, 0x0, 0x0, 0x0, 0x0, 0x0,
    0x0, 0x90, 0xff, 0x48, 0x90, 0xff, 0x48, 0x0,
    0x0, 0x0, 0x0, 0x0, 0x0, 0x90, 0xff, 0x48,

    /* U+0125 "ĥ" */
    0x0, 0x0, 0x0, 0x95, 0xff, 0xce, 0xa, 0x0,
    0x0, 0x0, 0x0, 0x71, 0xff, 0x82, 0xf0, 0xab,
    0x1, 0x0, 0x0, 0xc, 0x7d, 0x61, 0x0, 0x3e,
    0x80, 0x25, 0x0, 0x0, 0x0, 0x0, 0x0, 0x0,
    0x0, 0x0, 0x0, 0x0, 0xe0, 0xf4, 0x0, 0x0,
    0x0, 0x0, 0x0, 0x0, 0x0, 0xe0, 0xf4, 0x0,
    0x0, 0x0, 0x0, 0x0, 0x0, 0x0, 0xe0, 0xf4,
    0x0, 0x0, 0x0, 0x0, 0x0, 0x0, 0x0, 0xe0,
    0xf4, 0x0, 0x0, 0x0, 0x0, 0x0, 0x0, 0x0,
    0xe0, 0xf0, 0x15, 0x9b, 0xeb, 0xf6, 0xc3, 0x3f,
    0x0, 0xe0, 0xee, 0xd8, 0xef, 0xba, 0xd7, 0xff,
    0xf8, 0x22, 0xe0, 0xff, 0xce, 0x15, 0x0, 0x1,
    0x94, 0xff, 0x92, 0xe0, 0xff, 0x39, 0x0, 0x0,
    0x0, 0x26, 0xff, 0xbb, 0xe0, 0xfa, 0x3, 0x0,
    0x0, 0x0, 0xd, 0xff, 0xcc, 0xe0, 0xf4, 0x0,
    0x0, 0x0, 0x0, 0xc, 0xff, 0xcc, 0xe0, 0xf4,
    0x0, 0x0, 0x0, 0x0, 0xc, 0xff, 0xcc, 0xe0,
    0xf4, 0x0, 0x0, 0x0, 0x0, 0xc, 0xff, 0xcc,
    0xe0, 0xf4, 0x0, 0x0, 0x0, 0x0, 0xc, 0xff,
    0xcc, 0xe0, 0xf4, 0x0, 0x0, 0x0, 0x0, 0xc,
    0xff, 0xcc,

    /* U+0126 "Ħ" */
    0x0, 0x90, 0xff, 0x48, 0x0, 0x0, 0x0, 0x0,
    0x0, 0x0, 0x90, 0xff, 0x48, 0x0, 0x0, 0x90,
    0xff, 0x48, 0x0, 0x0, 0x0, 0x0, 0x0, 0x0,
    0x90, 0xff, 0x48, 0x0, 0x17, 0x9c, 0xff, 0x5c,
    0x1c, 0x1c, 0x1c, 0x1c, 0x1c, 0x1c, 0x9c, 0xff,
    0x5c, 0xf, 0xd8, 0xff, 0xff, 0xff, 0xff, 0xff,
    0xff, 0xff, 0xff, 0xff, 0xff, 0xff, 0xff, 0x90,
    0x40, 0xb1, 0xff, 0x7e, 0x4c, 0x4c, 0x4c, 0x4c,
    0x4c, 0x4c, 0xb1, 0xff, 0x7e, 0x2a, 0x0, 0x90,
    0xff, 0x48, 0x0, 0x0, 0x0, 0x0, 0x0, 0x0,
    0x90, 0xff, 0x48, 0x0, 0x0, 0x90, 0xff, 0xff,
    0xff, 0xff, 0xff, 0xff, 0xff, 0xff, 0xff, 0xff,
    0x48, 0x0, 0x0, 0x90, 0xff, 0xc9, 0xb4, 0xb4,
    0xb4, 0xb4, 0xb4, 0xb4, 0xde, 0xff, 0x48, 0x0,
    0x0, 0x90, 0xff, 0x48, 0x0, 0x0, 0x0, 0x0,
    0x0, 0x0, 0x90, 0xff, 0x48, 0x0, 0x0, 0x90,
    0xff, 0x48, 0x0, 0x0, 0x0, 0x0, 0x0, 0x0,
    0x90, 0xff, 0x48, 0x0, 0x0, 0x90, 0xff, 0x48,
    0x0, 0x0, 0x0, 0x0, 0x0, 0x0, 0x90, 0xff,
    0x48, 0x0, 0x0, 0x90, 0xff, 0x48, 0x0, 0x0,
    0x0, 0x0, 0x0, 0x0, 0x90, 0xff, 0x48, 0x0,
    0x0, 0x90, 0xff, 0x48, 0x0, 0x0, 0x0, 0x0,
    0x0, 0x0, 0x90, 0xff, 0x48, 0x0, 0x0, 0x90,
    0xff, 0x48, 0x0, 0x0, 0x0, 0x0, 0x0, 0x0,
    0x90, 0xff, 0x48, 0x0,

    /* U+0127 "ħ" */
    0x4, 0x1c, 0xe3, 0xf5, 0x1c, 0x1c, 0x17, 0x0,
    0x0, 0x0, 0x0, 0x28, 0xff, 0xff, 0xff, 0xff,
    0xff, 0xd8, 0x0, 0x0, 0x0, 0x0, 0xb, 0x4c,
    0xe9, 0xf7, 0x4c, 0x4c, 0x40, 0x0, 0x0, 0x0,
    0x0, 0x0, 0x0, 0xe0, 0xf4, 0x0, 0x0, 0x0,
    0x0, 0x0, 0x0, 0x0, 0x0, 0x0, 0xe0, 0xee,
    0x15, 0x9b, 0xeb, 0xf6, 0xc3, 0x3f, 0x0, 0x0,
    0x0, 0xe0, 0xed, 0xd8, 0xef, 0xba, 0xd7, 0xff,
    0xf8, 0x22, 0x0, 0x0, 0xe0, 0xff, 0xce, 0x15,
    0x0, 0x1, 0x94, 0xff, 0x92, 0x0, 0x0, 0xe0,
    0xff, 0x39, 0x0, 0x0, 0x0, 0x26, 0xff, 0xbb,
    0x0, 0x0, 0xe0, 0xfa, 0x3, 0x0, 0x0, 0x0,
    0xd, 0xff, 0xcc, 0x0, 0x0, 0xe0, 0xf4, 0x0,
    0x0, 0x0, 0x0, 0xc, 0xff, 0xcc, 0x0, 0x0,
    0xe0, 0xf4, 0x0, 0x0, 0x0, 0x0, 0xc, 0xff,
    0xcc, 0x0, 0x0, 0xe0, 0xf4, 0x0, 0x0, 0x0,
    0x0, 0xc, 0xff, 0xcc, 0x0, 0x0, 0xe0, 0xf4,
    0x0, 0x0, 0x0, 0x0, 0xc, 0xff, 0xcc, 0x0,
    0x0, 0xe0, 0xf4, 0x0, 0x0, 0x0, 0x0, 0xc,
    0xff, 0xcc,

    /* U+0128 "Ĩ" */
    0x2c, 0xd0, 0xeb, 0x83, 0x1d, 0xeb, 0xa3, 0xc4,
    0xf1, 0xcd, 0xff, 0xff, 0xff, 0x4c, 0x98, 0x5f,
    0x0, 0x4d, 0x92, 0x4c, 0x0, 0x0, 0x0, 0x0,
    0x0, 0x0, 0x0, 0x0, 0x0, 0x0, 0x90, 0xff,
    0x48, 0x0, 0x0, 0x0, 0x0, 0x90, 0xff, 0x48,
    0x0, 0x0, 0x0, 0x0, 0x90, 0xff, 0x48, 0x0,
    0x0, 0x0, 0x0, 0x90, 0xff, 0x48, 0x0, 0x0,
    0x0, 0x0, 0x90, 0xff, 0x48, 0x0, 0x0, 0x0,
    0x0, 0x90, 0xff, 0x48, 0x0, 0x0, 0x0, 0x0,
    0x90, 0xff, 0x48, 0x0, 0x0, 0x0, 0x0, 0x90,
    0xff, 0x48, 0x0, 0x0, 0x0, 0x0, 0x90, 0xff,
    0x48, 0x0, 0x0, 0x0, 0x0, 0x90, 0xff, 0x48,
    0x0, 0x0, 0x0, 0x0, 0x90, 0xff, 0x48, 0x0,
    0x0, 0x0, 0x0, 0x90, 0xff, 0x48, 0x0, 0x0,
    0x0, 0x0, 0x90, 0xff, 0x48, 0x0, 0x0, 0x0,
    0x0, 0x90, 0xff, 0x48, 0x0, 0x0,

    /* U+0129 "ĩ" */
    0x0, 0x62, 0xe6, 0xf5, 0xcc, 0xb3, 0xff, 0x73,
    0xf, 0xfc, 0xd5, 0xba, 0xe8, 0xf6, 0xad, 0xa,
    0x0, 0x0, 0x0, 0x0, 0x0, 0x0, 0x0, 0x0,
    0x0, 0x0, 0x0, 0x0, 0x0, 0x0, 0x0, 0x0,
    0x0, 0x0, 0x0, 0xb8, 0xff, 0x20, 0x0, 0x0,
    0x0, 0x0, 0x0, 0xb8, 0xff, 0x20, 0x0, 0x0,
    0x0, 0x0, 0x0, 0xb8, 0xff, 0x20, 0x0, 0x0,
    0x0, 0x0, 0x0, 0xb8, 0xff, 0x20, 0x0, 0x0,
    0x0, 0x0, 0x0, 0xb8, 0xff, 0x20, 0x0, 0x0,
    0x0, 0x0, 0x0, 0xb8, 0xff, 0x20, 0x0, 0x0,
    0x0, 0x0, 0x0, 0xb8, 0xff, 0x20, 0x0, 0x0,
    0x0, 0x0, 0x0, 0xb8, 0xff, 0x20, 0x0, 0x0,
    0x0, 0x0, 0x0, 0xb8, 0xff, 0x20, 0x0, 0x0,
    0x0, 0x0, 0x0, 0xb8, 0xff, 0x20, 0x0, 0x0,

    /* U+012A "Ī" */
    0x3, 0x1c, 0x1c, 0x1c, 0x1c, 0x17, 0x20, 0xff,
    0xff, 0xff, 0xff, 0xd8, 0x9, 0x4c, 0x4c, 0x4c,
    0x4c, 0x40, 0x0, 0x0, 0x0, 0x0, 0x0, 0x0,
    0x0, 0x0, 0x90, 0xff, 0x48, 0x0, 0x0, 0x0,
    0x90, 0xff, 0x48, 0x0, 0x0, 0x0, 0x90, 0xff,
    0x48, 0x0, 0x0, 0x0, 0x90, 0xff, 0x48, 0x0,
    0x0, 0x0, 0x90, 0xff, 0x48, 0x0, 0x0, 0x0,
    0x90, 0xff, 0x48, 0x0, 0x0, 0x0, 0x90, 0xff,
    0x48, 0x0, 0x0, 0x0, 0x90, 0xff, 0x48, 0x0,
    0x0, 0x0, 0x90, 0xff, 0x48, 0x0, 0x0, 0x0,
    0x90, 0xff, 0x48, 0x0, 0x0, 0x0, 0x90, 0xff,
    0x48, 0x0, 0x0, 0x0, 0x90, 0xff, 0x48, 0x0,
    0x0, 0x0, 0x90, 0xff, 0x48, 0x0, 0x0, 0x0,
    0x90, 0xff, 0x48, 0x0,

    /* U+012B "ī" */
    0x98, 0xff, 0xff, 0xff, 0xff, 0xff, 0x40, 0x6c,
    0x6c, 0x6c, 0x6c, 0x6c, 0x0, 0x0, 0x0, 0x0,
    0x0, 0x0, 0x0, 0x0, 0x0, 0x0, 0x0, 0x0,
    0x0, 0x0, 0xb8, 0xff, 0x20, 0x0, 0x0, 0x0,
    0xb8, 0xff, 0x20, 0x0, 0x0, 0x0, 0xb8, 0xff,
    0x20, 0x0, 0x0, 0x0, 0xb8, 0xff, 0x20, 0x0,
    0x0, 0x0, 0xb8, 0xff, 0x20, 0x0, 0x0, 0x0,
    0xb8, 0xff, 0x20, 0x0, 0x0, 0x0, 0xb8, 0xff,
    0x20, 0x0, 0x0, 0x0, 0xb8, 0xff, 0x20, 0x0,
    0x0, 0x0, 0xb8, 0xff, 0x20, 0x0, 0x0, 0x0,
    0xb8, 0xff, 0x20, 0x0,

    /* U+012C "Ĭ" */
    0x14, 0x80, 0x28, 0x0, 0x4a, 0x70, 0x9, 0xf1,
    0xa7, 0x2a, 0xd9, 0xb2, 0x0, 0x58, 0xf7, 0xff,
    0xe2, 0x26, 0x0, 0x0, 0x16, 0x39, 0xa, 0x0,
    0x0, 0x0, 0x90, 0xff, 0x48, 0x0, 0x0, 0x0,
    0x90, 0xff, 0x48, 0x0, 0x0, 0x0, 0x90, 0xff,
    0x48, 0x0, 0x0, 0x0, 0x90, 0xff, 0x48, 0x0,
    0x0, 0x0, 0x90, 0xff, 0x48, 0x0, 0x0, 0x0,
    0x90, 0xff, 0x48, 0x0, 0x0, 0x0, 0x90, 0xff,
    0x48, 0x0, 0x0, 0x0, 0x90, 0xff, 0x48, 0x0,
    0x0, 0x0, 0x90, 0xff, 0x48, 0x0, 0x0, 0x0,
    0x90, 0xff, 0x48, 0x0, 0x0, 0x0, 0x90, 0xff,
    0x48, 0x0, 0x0, 0x0, 0x90, 0xff, 0x48, 0x0,
    0x0, 0x0, 0x90, 0xff, 0x48, 0x0, 0x0, 0x0,
    0x90, 0xff, 0x48, 0x0,

    /* U+012D "ĭ" */
    0x3f, 0xff, 0x6d, 0x29, 0xe0, 0xa6, 0x0, 0x9b,
    0xff, 0xff, 0xdf, 0x24, 0x0, 0x0, 0x22, 0x35,
    0x7, 0x0, 0x0, 0x0, 0x0, 0x0, 0x0, 0x0,
    0x0, 0x0, 0xb8, 0xff, 0x20, 0x0, 0x0, 0x0,
    0xb8, 0xff, 0x20, 0x0, 0x0, 0x0, 0xb8, 0xff,
    0x20, 0x0, 0x0, 0x0, 0xb8, 0xff, 0x20, 0x0,
    0x0, 0x0, 0xb8, 0xff, 0x20, 0x0, 0x0, 0x0,
    0xb8, 0xff, 0x20, 0x0, 0x0, 0x0, 0xb8, 0xff,
    0x20, 0x0, 0x0, 0x0, 0xb8, 0xff, 0x20, 0x0,
    0x0, 0x0, 0xb8, 0xff, 0x20, 0x0, 0x0, 0x0,
    0xb8, 0xff, 0x20, 0x0,

    /* U+012E "Į" */
    0x0, 0x90, 0xff, 0x48, 0x0, 0x90, 0xff, 0x48,
    0x0, 0x90, 0xff, 0x48, 0x0, 0x90, 0xff, 0x48,
    0x0, 0x90, 0xff, 0x48, 0x0, 0x90, 0xff, 0x48,
    0x0, 0x90, 0xff, 0x48, 0x0, 0x90, 0xff, 0x48,
    0x0, 0x90, 0xff, 0x48, 0x0, 0x90, 0xff, 0x48,
    0x0, 0x90, 0xff, 0x48, 0x0, 0x90, 0xff, 0x48,
    0x0, 0x90, 0xff, 0x48, 0x0, 0x9f, 0xfe, 0x38,
    0x56, 0xff, 0x5e, 0x0, 0xbe, 0xe9, 0x0, 0x0,
    0xa3, 0xff, 0x9b, 0x3d, 0x1b, 0xbb, 0xf4, 0x99,

    /* U+012F "į" */
    0x1, 0xb7, 0xe9, 0x32, 0xa, 0xfb, 0xff, 0x6d,
    0x0, 0x4c, 0x79, 0x9, 0x0, 0x0, 0x0, 0x0,
    0x0, 0xb8, 0xff, 0x20, 0x0, 0xb8, 0xff, 0x20,
    0x0, 0xb8, 0xff, 0x20, 0x0, 0xb8, 0xff, 0x20,
    0x0, 0xb8, 0xff, 0x20, 0x0, 0xb8, 0xff, 0x20,
    0x0, 0xb8, 0xff, 0x20, 0x0, 0xb8, 0xff, 0x20,
    0x0, 0xb8, 0xff, 0x20, 0x3, 0xcb, 0xf2, 0x14,
    0x89, 0xf6, 0x34, 0x0, 0xe7, 0xbf, 0x0, 0x0,
    0xca, 0xf9, 0x8f, 0x25, 0x2f, 0xcc, 0xf4, 0x72,

    /* U+0130 "İ" */
    0x72, 0xf0, 0x36, 0x7b, 0xf9, 0x3a, 0x0, 0x5,
    0x0, 0x0, 0x0, 0x0, 0x90, 0xff, 0x48, 0x90,
    0xff, 0x48, 0x90, 0xff, 0x48, 0x90, 0xff, 0x48,
    0x90, 0xff, 0x48, 0x90, 0xff, 0x48, 0x90, 0xff,
    0x48, 0x90, 0xff, 0x48, 0x90, 0xff, 0x48, 0x90,
    0xff, 0x48, 0x90, 0xff, 0x48, 0x90, 0xff, 0x48,
    0x90, 0xff, 0x48, 0x90, 0xff, 0x48,

    /* U+0131 "ı" */
    0xb8, 0xff, 0x20, 0xb8, 0xff, 0x20, 0xb8, 0xff,
    0x20, 0xb8, 0xff, 0x20, 0xb8, 0xff, 0x20, 0xb8,
    0xff, 0x20, 0xb8, 0xff, 0x20, 0xb8, 0xff, 0x20,
    0xb8, 0xff, 0x20, 0xb8, 0xff, 0x20,

    /* U+0134 "Ĵ" */
    0x0, 0x0, 0x0, 0x0, 0x0, 0x0, 0xc, 0xd0,
    0xff, 0x91, 0x0, 0x0, 0x0, 0x0, 0x0, 0x0,
    0x0, 0x3, 0xb5, 0xf0, 0x82, 0xff, 0x64, 0x0,
    0x0, 0x0, 0x0, 0x0, 0x0, 0x2d, 0x80, 0x3d,
    0x0, 0x62, 0x7a, 0x7, 0x0, 0x0, 0x0, 0x0,
    0x0, 0x0, 0x0, 0x0, 0x0, 0x0, 0x0, 0x0,
    0x0, 0x0, 0x0, 0x0, 0x0, 0x0, 0x0, 0x90,
    0xff, 0x48, 0x0, 0x0, 0x0, 0x0, 0x0, 0x0,
    0x0, 0x0, 0x0, 0x90, 0xff, 0x48, 0x0, 0x0,
    0x0, 0x0, 0x0, 0x0, 0x0, 0x0, 0x0, 0x90,
    0xff, 0x48, 0x0, 0x0, 0x0, 0x0, 0x0, 0x0,
    0x0, 0x0, 0x0, 0x90, 0xff, 0x48, 0x0, 0x0,
    0x0, 0x0, 0x0, 0x0, 0x0, 0x0, 0x0, 0x90,
    0xff, 0x48, 0x0, 0x0, 0x0, 0x0, 0x0, 0x0,
    0x0, 0x0, 0x0, 0x90, 0xff, 0x48, 0x0, 0x0,
    0x0, 0x0, 0x0, 0x0, 0x0, 0x0, 0x0, 0x90,
    0xff, 0x48, 0x0, 0x0, 0x0, 0x0, 0x0, 0x0,
    0x0, 0x0, 0x0, 0x90, 0xff, 0x48, 0x0, 0x0,
    0x0, 0x0, 0x0, 0x0, 0x0, 0x0, 0x0, 0x90,
    0xff, 0x48, 0x0, 0x0, 0x0, 0x0, 0x0, 0x0,
    0x0, 0x0, 0x0, 0x94, 0xff, 0x44, 0x0, 0x0,
    0x27, 0x9e, 0x5e, 0x0, 0x0, 0x0, 0x0, 0xbd,
    0xff, 0x2d, 0x0, 0x0, 0x2d, 0xfe, 0xe9, 0x2b,
    0x0, 0x0, 0x57, 0xff, 0xe4, 0x2, 0x0, 0x0,
    0x0, 0x82, 0xff, 0xfb, 0xcc, 0xd6, 0xff, 0xfe,
    0x55, 0x0, 0x0, 0x0, 0x0, 0x0, 0x56, 0xc5,
    0xf0, 0xf4, 0xc0, 0x45, 0x0, 0x0, 0x0, 0x0,

    /* U+0135 "ĵ" */
    0x0, 0x2c, 0xea, 0xff, 0x7a, 0x0, 0x0, 0x2b,
    0xea, 0xb8, 0x60, 0xfd, 0x6f, 0x0, 0x19, 0x28,
    0x7, 0x0, 0x1f, 0x26, 0x0, 0x0, 0x0, 0x0,
    0x0, 0x0, 0x0, 0x0, 0x0, 0x0, 0xb8, 0xff,
    0x20, 0x0, 0x0, 0x0, 0x0, 0xb8, 0xff, 0x20,
    0x0, 0x0, 0x0, 0x0, 0xb8, 0xff, 0x20, 0x0,
    0x0, 0x0, 0x0, 0xb8, 0xff, 0x20, 0x0, 0x0,
    0x0, 0x0, 0xb8, 0xff, 0x20, 0x0, 0x0, 0x0,
    0x0, 0xb8, 0xff, 0x20, 0x0, 0x0, 0x0, 0x0,
    0xb8, 0xff, 0x20, 0x0, 0x0, 0x0, 0x0, 0xb8,
    0xff, 0x20, 0x0, 0x0, 0x0, 0x0, 0xb8, 0xff,
    0x20, 0x0, 0x0, 0x0, 0x0, 0xb8, 0xff, 0x20,
    0x0, 0x0, 0x0, 0x0, 0xb8, 0xff, 0x1e, 0x0,
    0x0, 0x0, 0x0, 0xd4, 0xfe, 0x8, 0x0, 0x0,
    0x67, 0xc3, 0xff, 0xc0, 0x0, 0x0, 0x0, 0xb4,
    0xf2, 0xb8, 0x21, 0x0, 0x0, 0x0,

    /* U+0136 "Ķ" */
    0x90, 0xff, 0x48, 0x0, 0x0, 0x0, 0x0, 0x6,
    0xc0, 0xff, 0xaa, 0x1, 0x90, 0xff, 0x48, 0x0,
    0x0, 0x0, 0x1, 0xa4, 0xff, 0xc1, 0x7, 0x0,
    0x90, 0xff, 0x48, 0x0, 0x0, 0x0, 0x85, 0xff,
    0xd5, 0x11, 0x0, 0x0, 0x90, 0xff, 0x48, 0x0,
    0x0, 0x64, 0xff, 0xe5, 0x1e, 0x0, 0x0, 0x0,
    0x90, 0xff, 0x48, 0x0, 0x47, 0xfb, 0xf1, 0x2f,
    0x0, 0x0, 0x0, 0x0, 0x90, 0xff, 0x48, 0x2f,
    0xf2, 0xfa, 0x44, 0x0, 0x0, 0x0, 0x0, 0x0,
    0x90, 0xff, 0x64, 0xe4, 0xff, 0xec, 0x18, 0x0,
    0x0, 0x0, 0x0, 0x0, 0x90, 0xff, 0xf5, 0xff,
    0xc9, 0xff, 0xb9, 0x1, 0x0, 0x0, 0x0, 0x0,
    0x90, 0xff, 0xff, 0x96, 0x4, 0xc6, 0xff, 0x73,
    0x0, 0x0, 0x0, 0x0, 0x90, 0xff, 0xb2, 0x3,
    0x0, 0x21, 0xf1, 0xf9, 0x31, 0x0, 0x0, 0x0,
    0x90, 0xff, 0x48, 0x0, 0x0, 0x0, 0x5c, 0xff,
    0xd8, 0xa, 0x0, 0x0, 0x90, 0xff, 0x48, 0x0,
    0x0, 0x0, 0x0, 0xa5, 0xff, 0x9b, 0x0, 0x0,
    0x90, 0xff, 0x48, 0x0, 0x0, 0x0, 0x0, 0xf,
    0xdf, 0xff, 0x53, 0x0, 0x90, 0xff, 0x48, 0x0,
    0x0, 0x0, 0x0, 0x0, 0x3b, 0xfc, 0xee, 0x1d,
    0x0, 0x0, 0x0, 0x0, 0x0, 0x0, 0x0, 0x0,
    0x0, 0x0, 0x0, 0x0, 0x0, 0x0, 0x0, 0x0,
    0x9c, 0xed, 0x33, 0x0, 0x0, 0x0, 0x0, 0x0,
    0x0, 0x0, 0x0, 0x0, 0xcb, 0xff, 0x5c, 0x0,
    0x0, 0x0, 0x0, 0x0, 0x0, 0x0, 0x0, 0x0,
    0x4e, 0xe0, 0xd, 0x0, 0x0, 0x0, 0x0, 0x0,
    0x0, 0x0, 0x0, 0x0, 0x72, 0x3e, 0x0, 0x0,
    0x0, 0x0, 0x0, 0x0,

    /* U+0137 "ķ" */
    0xe0, 0xf4, 0x0, 0x0, 0x0, 0x0, 0x0, 0x0,
    0x0, 0xe0, 0xf4, 0x0, 0x0, 0x0, 0x0, 0x0,
    0x0, 0x0, 0xe0, 0xf4, 0x0, 0x0, 0x0, 0x0,
    0x0, 0x0, 0x0, 0xe0, 0xf4, 0x0, 0x0, 0x0,
    0x0, 0x0, 0x0, 0x0, 0xe0, 0xf4, 0x0, 0x0,
    0x0, 0x4c, 0xfa, 0xf0, 0x34, 0xe0, 0xf4, 0x0,
    0x0, 0x45, 0xf8, 0xf1, 0x37, 0x0, 0xe0, 0xf4,
    0x0, 0x3f, 0xf6, 0xf3, 0x3a, 0x0, 0x0, 0xe0,
    0xf4, 0x38, 0xf3, 0xf4, 0x3d, 0x0, 0x0, 0x0,
    0xe0, 0xfb, 0xf0, 0xff, 0xf4, 0x21, 0x0, 0x0,
    0x0, 0xe0, 0xff, 0xf9, 0xa3, 0xff, 0xbe, 0x1,
    0x0, 0x0, 0xe0, 0xfd, 0x4c, 0x1, 0xc3, 0xff,
    0x69, 0x0, 0x0, 0xe0, 0xf4, 0x0, 0x0, 0x26,
    0xf7, 0xf3, 0x1f, 0x0, 0xe0, 0xf4, 0x0, 0x0,
    0x0, 0x77, 0xff, 0xbc, 0x0, 0xe0, 0xf4, 0x0,
    0x0, 0x0, 0x3, 0xcb, 0xff, 0x67, 0x0, 0x0,
    0x0, 0x0, 0x0, 0x0, 0x0, 0x0, 0x0, 0x0,
    0x0, 0x1c, 0xe2, 0xbd, 0x0, 0x0, 0x0, 0x0,
    0x0, 0x0, 0x31, 0xfe, 0xf9, 0x5, 0x0, 0x0,
    0x0, 0x0, 0x0, 0x0, 0xb3, 0x85, 0x0, 0x0,
    0x0, 0x0, 0x0, 0x0, 0xc, 0x9e, 0x5, 0x0,
    0x0, 0x0, 0x0,

    /* U+0138 "ĸ" */
    0xe0, 0xf4, 0x0, 0x0, 0x0, 0x65, 0xff, 0xde,
    0x19, 0xe0, 0xf4, 0x0, 0x0, 0x4b, 0xfc, 0xe8,
    0x24, 0x0, 0xe0, 0xf4, 0x0, 0x35, 0xf5, 0xf0,
    0x2f, 0x0, 0x0, 0xe0, 0xf4, 0x23, 0xea, 0xf6,
    0x3c, 0x0, 0x0, 0x0, 0xe0, 0xf9, 0xdb, 0xff,
    0x55, 0x0, 0x0, 0x0, 0x0, 0xe0, 0xf4, 0x88,
    0xff, 0xaf, 0x2, 0x0, 0x0, 0x0, 0xe0, 0xf4,
    0x1, 0xac, 0xff, 0x8e, 0x0, 0x0, 0x0, 0xe0,
    0xf4, 0x0, 0x9, 0xca, 0xff, 0x6b, 0x0, 0x0,
    0xe0, 0xf4, 0x0, 0x0, 0x18, 0xe2, 0xfc, 0x4b,
    0x0, 0xe0, 0xf4, 0x0, 0x0, 0x0, 0x2e, 0xf2,
    0xf3, 0x31,

    /* U+0139 "Ĺ" */
    0x0, 0x9d, 0xff, 0x4e, 0x0, 0x0, 0x0, 0x0,
    0x0, 0xf, 0xf5, 0xbd, 0x0, 0x0, 0x0, 0x0,
    0x0, 0x0, 0x2c, 0x88, 0x29, 0x0, 0x0, 0x0,
    0x0, 0x0, 0x0, 0x0, 0x0, 0x0, 0x0, 0x0,
    0x0, 0x0, 0x0, 0x0, 0x90, 0xff, 0x48, 0x0,
    0x0, 0x0, 0x0, 0x0, 0x0, 0x90, 0xff, 0x48,
    0x0, 0x0, 0x0, 0x0, 0x0, 0x0, 0x90, 0xff,
    0x48, 0x0, 0x0, 0x0, 0x0, 0x0, 0x0, 0x90,
    0xff, 0x48, 0x0, 0x0, 0x0, 0x0, 0x0, 0x0,
    0x90, 0xff, 0x48, 0x0, 0x0, 0x0, 0x0, 0x0,
    0x0, 0x90, 0xff, 0x48, 0x0, 0x0, 0x0, 0x0,
    0x0, 0x0, 0x90, 0xff, 0x48, 0x0, 0x0, 0x0,
    0x0, 0x0, 0x0, 0x90, 0xff, 0x48, 0x0, 0x0,
    0x0, 0x0, 0x0, 0x0, 0x90, 0xff, 0x48, 0x0,
    0x0, 0x0, 0x0, 0x0, 0x0, 0x90, 0xff, 0x48,
    0x0, 0x0, 0x0, 0x0, 0x0, 0x0, 0x90, 0xff,
    0x48, 0x0, 0x0, 0x0, 0x0, 0x0, 0x0, 0x90,
    0xff, 0x48, 0x0, 0x0, 0x0, 0x0, 0x0, 0x0,
    0x90, 0xff, 0xcf, 0xbc, 0xbc, 0xbc, 0xbc, 0xbc,
    0x5b, 0x90, 0xff, 0xff, 0xff, 0xff, 0xff, 0xff,
    0xff, 0x7c,

    /* U+013A "ĺ" */
    0x5, 0xe7, 0xed, 0x11, 0x57, 0xff, 0x6d, 0x0,
    0x59, 0x82, 0x4, 0x0, 0x0, 0x0, 0x0, 0x0,
    0xe0, 0xf4, 0x0, 0x0, 0xe0, 0xf4, 0x0, 0x0,
    0xe0, 0xf4, 0x0, 0x0, 0xe0, 0xf4, 0x0, 0x0,
    0xe0, 0xf4, 0x0, 0x0, 0xe0, 0xf4, 0x0, 0x0,
    0xe0, 0xf4, 0x0, 0x0, 0xe0, 0xf4, 0x0, 0x0,
    0xe0, 0xf4, 0x0, 0x0, 0xe0, 0xf4, 0x0, 0x0,
    0xe0, 0xf4, 0x0, 0x0, 0xe0, 0xf4, 0x0, 0x0,
    0xe0, 0xf4, 0x0, 0x0, 0xe0, 0xf4, 0x0, 0x0,

    /* U+013B "Ļ" */
    0x90, 0xff, 0x48, 0x0, 0x0, 0x0, 0x0, 0x0,
    0x0, 0x90, 0xff, 0x48, 0x0, 0x0, 0x0, 0x0,
    0x0, 0x0, 0x90, 0xff, 0x48, 0x0, 0x0, 0x0,
    0x0, 0x0, 0x0, 0x90, 0xff, 0x48, 0x0, 0x0,
    0x0, 0x0, 0x0, 0x0, 0x90, 0xff, 0x48, 0x0,
    0x0, 0x0, 0x0, 0x0, 0x0, 0x90, 0xff, 0x48,
    0x0, 0x0, 0x0, 0x0, 0x0, 0x0, 0x90, 0xff,
    0x48, 0x0, 0x0, 0x0, 0x0, 0x0, 0x0, 0x90,
    0xff, 0x48, 0x0, 0x0, 0x0, 0x0, 0x0, 0x0,
    0x90, 0xff, 0x48, 0x0, 0x0, 0x0, 0x0, 0x0,
    0x0, 0x90, 0xff, 0x48, 0x0, 0x0, 0x0, 0x0,
    0x0, 0x0, 0x90, 0xff, 0x48, 0x0, 0x0, 0x0,
    0x0, 0x0, 0x0, 0x90, 0xff, 0x48, 0x0, 0x0,
    0x0, 0x0, 0x0, 0x0, 0x90, 0xff, 0xcf, 0xbc,
    0xbc, 0xbc, 0xbc, 0xbc, 0x5b, 0x90, 0xff, 0xff,
    0xff, 0xff, 0xff, 0xff, 0xff, 0x7c, 0x0, 0x0,
    0x0, 0x0, 0x0, 0x0, 0x0, 0x0, 0x0, 0x0,
    0x0, 0x0, 0x6c, 0xf3, 0x5d, 0x0, 0x0, 0x0,
    0x0, 0x0, 0x0, 0x97, 0xff, 0x90, 0x0, 0x0,
    0x0, 0x0, 0x0, 0x0, 0x21, 0xf1, 0x2a, 0x0,
    0x0, 0x0, 0x0, 0x0, 0x0, 0x4a, 0x67, 0x0,
    0x0, 0x0, 0x0,

    /* U+013C "ļ" */
    0x0, 0xe0, 0xf4, 0x0, 0x0, 0xe0, 0xf4, 0x0,
    0x0, 0xe0, 0xf4, 0x0, 0x0, 0xe0, 0xf4, 0x0,
    0x0, 0xe0, 0xf4, 0x0, 0x0, 0xe0, 0xf4, 0x0,
    0x0, 0xe0, 0xf4, 0x0, 0x0, 0xe0, 0xf4, 0x0,
    0x0, 0xe0, 0xf4, 0x0, 0x0, 0xe0, 0xf4, 0x0,
    0x0, 0xe0, 0xf4, 0x0, 0x0, 0xe0, 0xf4, 0x0,
    0x0, 0xe0, 0xf4, 0x0, 0x0, 0xe0, 0xf4, 0x0,
    0x0, 0x0, 0x0, 0x0, 0x6, 0xcb, 0xda, 0x10,
    0xd, 0xf6, 0xff, 0x24, 0x0, 0x87, 0xb5, 0x0,
    0x0, 0x9a, 0x18, 0x0,

    /* U+013D "Ľ" */
    0x90, 0xff, 0x48, 0x0, 0x0, 0xe0, 0xfe, 0xb,
    0x0, 0x90, 0xff, 0x48, 0x0, 0x0, 0xe0, 0xdd,
    0x0, 0x0, 0x90, 0xff, 0x48, 0x0, 0x0, 0xe0,
    0xb0, 0x0, 0x0, 0x90, 0xff, 0x48, 0x0, 0x0,
    0xe0, 0x84, 0x0, 0x0, 0x90, 0xff, 0x48, 0x0,
    0x0, 0x1f, 0xf, 0x0, 0x0, 0x90, 0xff, 0x48,
    0x0, 0x0, 0x0, 0x0, 0x0, 0x0, 0x90, 0xff,
    0x48, 0x0, 0x0, 0x0, 0x0, 0x0, 0x0, 0x90,
    0xff, 0x48, 0x0, 0x0, 0x0, 0x0, 0x0, 0x0,
    0x90, 0xff, 0x48, 0x0, 0x0, 0x0, 0x0, 0x0,
    0x0, 0x90, 0xff, 0x48, 0x0, 0x0, 0x0, 0x0,
    0x0, 0x0, 0x90, 0xff, 0x48, 0x0, 0x0, 0x0,
    0x0, 0x0, 0x0, 0x90, 0xff, 0x48, 0x0, 0x0,
    0x0, 0x0, 0x0, 0x0, 0x90, 0xff, 0xcf, 0xbc,
    0xbc, 0xbc, 0xbc, 0xbc, 0x5b, 0x90, 0xff, 0xff,
    0xff, 0xff, 0xff, 0xff, 0xff, 0x7c,

    /* U+013E "ľ" */
    0x7c, 0xff, 0x5c, 0x5c, 0xff, 0x8d, 0x7c, 0xff,
    0x5c, 0x5c, 0xff, 0x61, 0x7c, 0xff, 0x5c, 0x5c,
    0xff, 0x34, 0x7c, 0xff, 0x5c, 0x5c, 0xfd, 0xa,
    0x7c, 0xff, 0x5c, 0xc, 0x21, 0x0, 0x7c, 0xff,
    0x5c, 0x0, 0x0, 0x0, 0x7c, 0xff, 0x5c, 0x0,
    0x0, 0x0, 0x7c, 0xff, 0x5c, 0x0, 0x0, 0x0,
    0x7c, 0xff, 0x5c, 0x0, 0x0, 0x0, 0x7c, 0xff,
    0x5c, 0x0, 0x0, 0x0, 0x7c, 0xff, 0x5c, 0x0,
    0x0, 0x0, 0x7c, 0xff, 0x5c, 0x0, 0x0, 0x0,
    0x7c, 0xff, 0x5c, 0x0, 0x0, 0x0, 0x7c, 0xff,
    0x5c, 0x0, 0x0, 0x0,

    /* U+013F "Ŀ" */
    0x90, 0xff, 0x48, 0x0, 0x0, 0x0, 0x0, 0x0,
    0x0, 0x90, 0xff, 0x48, 0x0, 0x0, 0x0, 0x0,
    0x0, 0x0, 0x90, 0xff, 0x48, 0x0, 0x0, 0x0,
    0x0, 0x0, 0x0, 0x90, 0xff, 0x48, 0x0, 0x0,
    0x0, 0x0, 0x0, 0x0, 0x90, 0xff, 0x48, 0x0,
    0x0, 0x0, 0x0, 0x0, 0x0, 0x90, 0xff, 0x48,
    0x0, 0x0, 0x0, 0x0, 0x0, 0x0, 0x90, 0xff,
    0x48, 0x0, 0x9b, 0xf2, 0x5a, 0x0, 0x0, 0x90,
    0xff, 0x48, 0x0, 0xf1, 0xff, 0xa9, 0x0, 0x0,
    0x90, 0xff, 0x48, 0x0, 0x53, 0xa2, 0x29, 0x0,
    0x0, 0x90, 0xff, 0x48, 0x0, 0x0, 0x0, 0x0,
    0x0, 0x0, 0x90, 0xff, 0x48, 0x0, 0x0, 0x0,
    0x0, 0x0, 0x0, 0x90, 0xff, 0x48, 0x0, 0x0,
    0x0, 0x0, 0x0, 0x0, 0x90, 0xff, 0xcf, 0xbc,
    0xbc, 0xbc, 0xbc, 0xbc, 0x5b, 0x90, 0xff, 0xff,
    0xff, 0xff, 0xff, 0xff, 0xff, 0x7c,

    /* U+0141 "Ł" */
    0x0, 0x0, 0xc, 0xff, 0xcc, 0x0, 0x0, 0x0,
    0x0, 0x0, 0x0, 0x0, 0x0, 0xc, 0xff, 0xcc,
    0x0, 0x0, 0x0, 0x0, 0x0, 0x0, 0x0, 0x0,
    0xc, 0xff, 0xcc, 0x0, 0x0, 0x0, 0x0, 0x0,
    0x0, 0x0, 0x0, 0xc, 0xff, 0xcc, 0x0, 0x0,
    0x0, 0x0, 0x0, 0x0, 0x0, 0x0, 0xc, 0xff,
    0xcc, 0xa, 0x87, 0x99, 0x0, 0x0, 0x0, 0x0,
    0x0, 0xc, 0xff, 0xe9, 0xe1, 0xff, 0xb2, 0x5,
    0x0, 0x0, 0x0, 0x0, 0x19, 0xff, 0xff, 0xe0,
    0x4f, 0x0, 0x0, 0x0, 0x0, 0x0, 0x5a, 0xe8,
    0xff, 0xda, 0xa, 0x0, 0x0, 0x0, 0x0, 0x0,
    0x6, 0xd6, 0xdb, 0xff, 0xcc, 0x0, 0x0, 0x0,
    0x0, 0x0, 0x0, 0x0, 0x1f, 0x11, 0xff, 0xcc,
    0x0, 0x0, 0x0, 0x0, 0x0, 0x0, 0x0, 0x0,
    0xc, 0xff, 0xcc, 0x0, 0x0, 0x0, 0x0, 0x0,
    0x0, 0x0, 0x0, 0xc, 0xff, 0xcc, 0x0, 0x0,
    0x0, 0x0, 0x0, 0x0, 0x0, 0x0, 0xc, 0xff,
    0xf2, 0xbc, 0xbc, 0xbc, 0xbc, 0xbc, 0xbc, 0x0,
    0x0, 0xc, 0xff, 0xff, 0xff, 0xff, 0xff, 0xff,
    0xff, 0xff,

    /* U+0142 "ł" */
    0x0, 0x0, 0x5c, 0xff, 0x7c, 0x0, 0x0, 0x0,
    0x0, 0x5c, 0xff, 0x7c, 0x0, 0x0, 0x0, 0x0,
    0x5c, 0xff, 0x7c, 0x0, 0x0, 0x0, 0x0, 0x5c,
    0xff, 0x7c, 0x0, 0x0, 0x0, 0x0, 0x5c, 0xff,
    0x81, 0x87, 0x30, 0x0, 0x0, 0x5c, 0xff, 0xf9,
    0xff, 0x8e, 0x0, 0x3, 0x97, 0xff, 0xf5, 0x66,
    0x0, 0x1a, 0xc3, 0xff, 0xff, 0x7e, 0x0, 0x0,
    0xf, 0xd3, 0xb9, 0xff, 0x7c, 0x0, 0x0, 0x0,
    0x3, 0x5c, 0xff, 0x7c, 0x0, 0x0, 0x0, 0x0,
    0x5c, 0xff, 0x7c, 0x0, 0x0, 0x0, 0x0, 0x5c,
    0xff, 0x7c, 0x0, 0x0, 0x0, 0x0, 0x5c, 0xff,
    0x7c, 0x0, 0x0, 0x0, 0x0, 0x5c, 0xff, 0x7c,
    0x0, 0x0,

    /* U+0143 "Ń" */
    0x0, 0x0, 0x0, 0x0, 0x0, 0x0, 0xc5, 0xfc,
    0x2a, 0x0, 0x0, 0x0, 0x0, 0x0, 0x0, 0x0,
    0x0, 0x2c, 0xff, 0x95, 0x0, 0x0, 0x0, 0x0,
    0x0, 0x0, 0x0, 0x0, 0x0, 0x42, 0x88, 0x14,
    0x0, 0x0, 0x0, 0x0, 0x0, 0x0, 0x0, 0x0,
    0x0, 0x0, 0x0, 0x0, 0x0, 0x0, 0x0, 0x0,
    0x90, 0xff, 0xec, 0x15, 0x0, 0x0, 0x0, 0x0,
    0x0, 0x5c, 0xff, 0x7c, 0x90, 0xff, 0xff, 0xa4,
    0x0, 0x0, 0x0, 0x0, 0x0, 0x5c, 0xff, 0x7c,
    0x90, 0xff, 0xe9, 0xff, 0x48, 0x0, 0x0, 0x0,
    0x0, 0x5c, 0xff, 0x7c, 0x90, 0xff, 0x63, 0xf8,
    0xe0, 0xb, 0x0, 0x0, 0x0, 0x5c, 0xff, 0x7c,
    0x90, 0xff, 0x42, 0x7e, 0xff, 0x8f, 0x0, 0x0,
    0x0, 0x5c, 0xff, 0x7c, 0x90, 0xff, 0x47, 0x6,
    0xd5, 0xfd, 0x35, 0x0, 0x0, 0x5c, 0xff, 0x7c,
    0x90, 0xff, 0x48, 0x0, 0x3a, 0xfe, 0xd1, 0x4,
    0x0, 0x5c, 0xff, 0x7c, 0x90, 0xff, 0x48, 0x0,
    0x0, 0x95, 0xff, 0x79, 0x0, 0x5c, 0xff, 0x7c,
    0x90, 0xff, 0x48, 0x0, 0x0, 0xe, 0xe3, 0xf7,
    0x25, 0x5a, 0xff, 0x7c, 0x90, 0xff, 0x48, 0x0,
    0x0, 0x0, 0x4e, 0xff, 0xbe, 0x53, 0xff, 0x7c,
    0x90, 0xff, 0x48, 0x0, 0x0, 0x0, 0x0, 0xab,
    0xff, 0xb0, 0xff, 0x7c, 0x90, 0xff, 0x48, 0x0,
    0x0, 0x0, 0x0, 0x18, 0xef, 0xff, 0xff, 0x7c,
    0x90, 0xff, 0x48, 0x0, 0x0, 0x0, 0x0, 0x0,
    0x65, 0xff, 0xff, 0x7c, 0x90, 0xff, 0x48, 0x0,
    0x0, 0x0, 0x0, 0x0, 0x1, 0xc0, 0xff, 0x7c,

    /* U+0144 "ń" */
    0x0, 0x0, 0x0, 0x0, 0x69, 0xff, 0x82, 0x0,
    0x0, 0x0, 0x0, 0x0, 0x0, 0xd0, 0xe6, 0xb,
    0x0, 0x0, 0x0, 0x0, 0x0, 0x11, 0x88, 0x45,
    0x0, 0x0, 0x0, 0x0, 0x0, 0x0, 0x0, 0x0,
    0x0, 0x0, 0x0, 0x0, 0xe0, 0xe0, 0x15, 0x9b,
    0xeb, 0xf6, 0xc3, 0x3f, 0x0, 0xe0, 0xea, 0xd8,
    0xea, 0xb8, 0xd8, 0xff, 0xf8, 0x22, 0xe0, 0xff,
    0xc2, 0xf, 0x0, 0x1, 0x8e, 0xff, 0x92, 0xe0,
    0xff, 0x30, 0x0, 0x0, 0x0, 0x23, 0xff, 0xbb,
    0xe0, 0xf9, 0x2, 0x0, 0x0, 0x0, 0xc, 0xff,
    0xcc, 0xe0, 0xf4, 0x0, 0x0, 0x0, 0x0, 0xc,
    0xff, 0xcc, 0xe0, 0xf4, 0x0, 0x0, 0x0, 0x0,
    0xc, 0xff, 0xcc, 0xe0, 0xf4, 0x0, 0x0, 0x0,
    0x0, 0xc, 0xff, 0xcc, 0xe0, 0xf4, 0x0, 0x0,
    0x0, 0x0, 0xc, 0xff, 0xcc, 0xe0, 0xf4, 0x0,
    0x0, 0x0, 0x0, 0xc, 0xff, 0xcc,

    /* U+0145 "Ņ" */
    0x90, 0xff, 0xec, 0x15, 0x0, 0x0, 0x0, 0x0,
    0x0, 0x5c, 0xff, 0x7c, 0x90, 0xff, 0xff, 0xa4,
    0x0, 0x0, 0x0, 0x0, 0x0, 0x5c, 0xff, 0x7c,
    0x90, 0xff, 0xe9, 0xff, 0x48, 0x0, 0x0, 0x0,
    0x0, 0x5c, 0xff, 0x7c, 0x90, 0xff, 0x63, 0xf8,
    0xe0, 0xb, 0x0, 0x0, 0x0, 0x5c, 0xff, 0x7c,
    0x90, 0xff, 0x42, 0x7e, 0xff, 0x8f, 0x0, 0x0,
    0x0, 0x5c, 0xff, 0x7c, 0x90, 0xff, 0x47, 0x6,
    0xd5, 0xfd, 0x35, 0x0, 0x0, 0x5c, 0xff, 0x7c,
    0x90, 0xff, 0x48, 0x0, 0x3a, 0xfe, 0xd1, 0x4,
    0x0, 0x5c, 0xff, 0x7c, 0x90, 0xff, 0x48, 0x0,
    0x0, 0x95, 0xff, 0x79, 0x0, 0x5c, 0xff, 0x7c,
    0x90, 0xff, 0x48, 0x0, 0x0, 0xe, 0xe3, 0xf7,
    0x25, 0x5a, 0xff, 0x7c, 0x90, 0xff, 0x48, 0x0,
    0x0, 0x0, 0x4e, 0xff, 0xbe, 0x53, 0xff, 0x7c,
    0x90, 0xff, 0x48, 0x0, 0x0, 0x0, 0x0, 0xab,
    0xff, 0xb0, 0xff, 0x7c, 0x90, 0xff, 0x48, 0x0,
    0x0, 0x0, 0x0, 0x18, 0xef, 0xff, 0xff, 0x7c,
    0x90, 0xff, 0x48, 0x0, 0x0, 0x0, 0x0, 0x0,
    0x65, 0xff, 0xff, 0x7c, 0x90, 0xff, 0x48, 0x0,
    0x0, 0x0, 0x0, 0x0, 0x1, 0xc0, 0xff, 0x7c,
    0x0, 0x0, 0x0, 0x0, 0x0, 0x0, 0x0, 0x0,
    0x0, 0x0, 0x0, 0x0, 0x0, 0x0, 0x0, 0x0,
    0xf, 0xd7, 0xce, 0x7, 0x0, 0x0, 0x0, 0x0,
    0x0, 0x0, 0x0, 0x0, 0x1b, 0xfc, 0xfe, 0x12,
    0x0, 0x0, 0x0, 0x0, 0x0, 0x0, 0x0, 0x0,
    0x0, 0x9b, 0xa1, 0x0, 0x0, 0x0, 0x0, 0x0,
    0x0, 0x0, 0x0, 0x0, 0x4, 0x9f, 0xf, 0x0,
    0x0, 0x0, 0x0, 0x0,

    /* U+0146 "ņ" */
    0xe0, 0xe0, 0x15, 0x9b, 0xeb, 0xf6, 0xc3, 0x3f,
    0x0, 0xe0, 0xea, 0xd8, 0xea, 0xb8, 0xd8, 0xff,
    0xf8, 0x22, 0xe0, 0xff, 0xc2, 0xf, 0x0, 0x1,
    0x8e, 0xff, 0x92, 0xe0, 0xff, 0x30, 0x0, 0x0,
    0x0, 0x23, 0xff, 0xbb, 0xe0, 0xf9, 0x2, 0x0,
    0x0, 0x0, 0xc, 0xff, 0xcc, 0xe0, 0xf4, 0x0,
    0x0, 0x0, 0x0, 0xc, 0xff, 0xcc, 0xe0, 0xf4,
    0x0, 0x0, 0x0, 0x0, 0xc, 0xff, 0xcc, 0xe0,
    0xf4, 0x0, 0x0, 0x0, 0x0, 0xc, 0xff, 0xcc,
    0xe0, 0xf4, 0x0, 0x0, 0x0, 0x0, 0xc, 0xff,
    0xcc, 0xe0, 0xf4, 0x0, 0x0, 0x0, 0x0, 0xc,
    0xff, 0xcc, 0x0, 0x0, 0x0, 0x0, 0x0, 0x0,
    0x0, 0x0, 0x0, 0x0, 0x0, 0x0, 0x6c, 0xf3,
    0x5d, 0x0, 0x0, 0x0, 0x0, 0x0, 0x0, 0x97,
    0xff, 0x90, 0x0, 0x0, 0x0, 0x0, 0x0, 0x0,
    0x21, 0xf1, 0x2a, 0x0, 0x0, 0x0, 0x0, 0x0,
    0x0, 0x4a, 0x67, 0x0, 0x0, 0x0, 0x0,

    /* U+0147 "Ň" */
    0x0, 0x0, 0x0, 0x45, 0x7f, 0x1f, 0x11, 0x7d,
    0x5f, 0x0, 0x0, 0x0, 0x0, 0x0, 0x0, 0x9,
    0xba, 0xe2, 0xd4, 0xd5, 0x1b, 0x0, 0x0, 0x0,
    0x0, 0x0, 0x0, 0x0, 0x7, 0x77, 0x7d, 0x12,
    0x0, 0x0, 0x0, 0x0, 0x0, 0x0, 0x0, 0x0,
    0x0, 0x0, 0x0, 0x0, 0x0, 0x0, 0x0, 0x0,
    0x90, 0xff, 0xec, 0x15, 0x0, 0x0, 0x0, 0x0,
    0x0, 0x5c, 0xff, 0x7c, 0x90, 0xff, 0xff, 0xa4,
    0x0, 0x0, 0x0, 0x0, 0x0, 0x5c, 0xff, 0x7c,
    0x90, 0xff, 0xe9, 0xff, 0x48, 0x0, 0x0, 0x0,
    0x0, 0x5c, 0xff, 0x7c, 0x90, 0xff, 0x63, 0xf8,
    0xe0, 0xb, 0x0, 0x0, 0x0, 0x5c, 0xff, 0x7c,
    0x90, 0xff, 0x42, 0x7e, 0xff, 0x8f, 0x0, 0x0,
    0x0, 0x5c, 0xff, 0x7c, 0x90, 0xff, 0x47, 0x6,
    0xd5, 0xfd, 0x35, 0x0, 0x0, 0x5c, 0xff, 0x7c,
    0x90, 0xff, 0x48, 0x0, 0x3a, 0xfe, 0xd1, 0x4,
    0x0, 0x5c, 0xff, 0x7c, 0x90, 0xff, 0x48, 0x0,
    0x0, 0x95, 0xff, 0x79, 0x0, 0x5c, 0xff, 0x7c,
    0x90, 0xff, 0x48, 0x0, 0x0, 0xe, 0xe3, 0xf7,
    0x25, 0x5a, 0xff, 0x7c, 0x90, 0xff, 0x48, 0x0,
    0x0, 0x0, 0x4e, 0xff, 0xbe, 0x53, 0xff, 0x7c,
    0x90, 0xff, 0x48, 0x0, 0x0, 0x0, 0x0, 0xab,
    0xff, 0xb0, 0xff, 0x7c, 0x90, 0xff, 0x48, 0x0,
    0x0, 0x0, 0x0, 0x18, 0xef, 0xff, 0xff, 0x7c,
    0x90, 0xff, 0x48, 0x0, 0x0, 0x0, 0x0, 0x0,
    0x65, 0xff, 0xff, 0x7c, 0x90, 0xff, 0x48, 0x0,
    0x0, 0x0, 0x0, 0x0, 0x1, 0xc0, 0xff, 0x7c,

    /* U+0148 "ň" */
    0x0, 0x12, 0xd7, 0xd0, 0x1f, 0xd1, 0xdf, 0x1a,
    0x0, 0x0, 0x0, 0x1e, 0xe5, 0xfa, 0xe7, 0x23,
    0x0, 0x0, 0x0, 0x0, 0x0, 0x20, 0x4c, 0x21,
    0x0, 0x0, 0x0, 0x0, 0x0, 0x0, 0x0, 0x0,
    0x0, 0x0, 0x0, 0x0, 0xe0, 0xe0, 0x15, 0x9b,
    0xeb, 0xf6, 0xc3, 0x3f, 0x0, 0xe0, 0xea, 0xd8,
    0xea, 0xb8, 0xd8, 0xff, 0xf8, 0x22, 0xe0, 0xff,
    0xc2, 0xf, 0x0, 0x1, 0x8e, 0xff, 0x92, 0xe0,
    0xff, 0x30, 0x0, 0x0, 0x0, 0x23, 0xff, 0xbb,
    0xe0, 0xf9, 0x2, 0x0, 0x0, 0x0, 0xc, 0xff,
    0xcc, 0xe0, 0xf4, 0x0, 0x0, 0x0, 0x0, 0xc,
    0xff, 0xcc, 0xe0, 0xf4, 0x0, 0x0, 0x0, 0x0,
    0xc, 0xff, 0xcc, 0xe0, 0xf4, 0x0, 0x0, 0x0,
    0x0, 0xc, 0xff, 0xcc, 0xe0, 0xf4, 0x0, 0x0,
    0x0, 0x0, 0xc, 0xff, 0xcc, 0xe0, 0xf4, 0x0,
    0x0, 0x0, 0x0, 0xc, 0xff, 0xcc,

    /* U+014A "Ŋ" */
    0x90, 0xff, 0xec, 0x15, 0x0, 0x0, 0x0, 0x0,
    0x0, 0x5c, 0xff, 0x7c, 0x90, 0xff, 0xff, 0xa4,
    0x0, 0x0, 0x0, 0x0, 0x0, 0x5c, 0xff, 0x7c,
    0x90, 0xff, 0xe9, 0xff, 0x48, 0x0, 0x0, 0x0,
    0x0, 0x5c, 0xff, 0x7c, 0x90, 0xff, 0x61, 0xf7,
    0xe0, 0xb, 0x0, 0x0, 0x0, 0x5c, 0xff, 0x7c,
    0x90, 0xff, 0x42, 0x79, 0xff, 0x8f, 0x0, 0x0,
    0x0, 0x5c, 0xff, 0x7c, 0x90, 0xff, 0x47, 0x4,
    0xce, 0xfd, 0x35, 0x0, 0x0, 0x5c, 0xff, 0x7c,
    0x90, 0xff, 0x48, 0x0, 0x31, 0xfb, 0xd1, 0x4,
    0x0, 0x5c, 0xff, 0x7c, 0x90, 0xff, 0x48, 0x0,
    0x0, 0x87, 0xff, 0x79, 0x0, 0x5c, 0xff, 0x7c,
    0x90, 0xff, 0x48, 0x0, 0x0, 0x8, 0xd8, 0xf7,
    0x25, 0x5a, 0xff, 0x7c, 0x90, 0xff, 0x48, 0x0,
    0x0, 0x0, 0x3c, 0xfe, 0xbe, 0x53, 0xff, 0x7c,
    0x90, 0xff, 0x48, 0x0, 0x0, 0x0, 0x0, 0x95,
    0xff, 0xb0, 0xff, 0x7c, 0x90, 0xff, 0x48, 0x0,
    0x0, 0x0, 0x0, 0xd, 0xe1, 0xff, 0xff, 0x7c,
    0x90, 0xff, 0x48, 0x0, 0x0, 0x0, 0x0, 0x0,
    0x49, 0xff, 0xff, 0x7c, 0x90, 0xff, 0x48, 0x0,
    0x0, 0x0, 0x0, 0x0, 0x0, 0xa2, 0xff, 0x7c,
    0x0, 0x0, 0x0, 0x0, 0x0, 0x0, 0x0, 0x0,
    0x0, 0x5c, 0xff, 0x7b, 0x0, 0x0, 0x0, 0x0,
    0x0, 0x0, 0x0, 0x0, 0x0, 0x6e, 0xff, 0x66,
    0x0, 0x0, 0x0, 0x0, 0x0, 0x0, 0x0, 0x22,
    0xb1, 0xf2, 0xfb, 0x26, 0x0, 0x0, 0x0, 0x0,
    0x0, 0x0, 0x0, 0x5d, 0xf5, 0xd7, 0x55, 0x0,

    /* U+014B "ŋ" */
    0xe0, 0xe0, 0x15, 0x9b, 0xeb, 0xee, 0xbe, 0x37,
    0x0, 0xe0, 0xea, 0xd8, 0xea, 0xb8, 0xd5, 0xff,
    0xf9, 0x28, 0xe0, 0xff, 0xc2, 0xf, 0x0, 0x0,
    0x86, 0xff, 0x97, 0xe0, 0xff, 0x30, 0x0, 0x0,
    0x0, 0x20, 0xff, 0xbf, 0xe0, 0xf9, 0x2, 0x0,
    0x0, 0x0, 0xc, 0xff, 0xcc, 0xe0, 0xf4, 0x0,
    0x0, 0x0, 0x0, 0xc, 0xff, 0xcc, 0xe0, 0xf4,
    0x0, 0x0, 0x0, 0x0, 0xc, 0xff, 0xcc, 0xe0,
    0xf4, 0x0, 0x0, 0x0, 0x0, 0xc, 0xff, 0xcc,
    0xe0, 0xf4, 0x0, 0x0, 0x0, 0x0, 0xc, 0xff,
    0xcc, 0xe0, 0xf4, 0x0, 0x0, 0x0, 0x0, 0xc,
    0xff, 0xcc, 0x0, 0x0, 0x0, 0x0, 0x0, 0x0,
    0xc, 0xff, 0xcb, 0x0, 0x0, 0x0, 0x0, 0x0,
    0x0, 0x25, 0xff, 0xb6, 0x0, 0x0, 0x0, 0x0,
    0x0, 0x99, 0xdd, 0xff, 0x71, 0x0, 0x0, 0x0,
    0x0, 0x14, 0xed, 0xe7, 0x8e, 0x5,

    /* U+014C "Ō" */
    0x0, 0x0, 0x0, 0x0, 0x0, 0x13, 0x1c, 0x1c,
    0x1c, 0x1c, 0x19, 0x0, 0x0, 0x0, 0x0, 0x0,
    0x0, 0x0, 0x0, 0x0, 0x0, 0xb4, 0xff, 0xff,
    0xff, 0xff, 0xe8, 0x0, 0x0, 0x0, 0x0, 0x0,
    0x0, 0x0, 0x0, 0x0, 0x0, 0x35, 0x4c, 0x4c,
    0x4c, 0x4c, 0x44, 0x0, 0x0, 0x0, 0x0, 0x0,
    0x0, 0x0, 0x0, 0x0, 0x0, 0x0, 0x0, 0x0,
    0x0, 0x0, 0x0, 0x0, 0x0, 0x0, 0x0, 0x0,
    0x0, 0x0, 0x0, 0x0, 0x0, 0x0, 0x0, 0x0,
    0x0, 0x0, 0x0, 0x0, 0x0, 0x0, 0x0, 0x0,
    0x0, 0x0, 0x0, 0x0, 0x24, 0x90, 0xd4, 0xf2,
    0xf6, 0xdc, 0x9e, 0x38, 0x0, 0x0, 0x0, 0x0,
    0x0, 0x0, 0x1, 0x7c, 0xfb, 0xff, 0xf0, 0xc9,
    0xc5, 0xe8, 0xff, 0xff, 0xa0, 0x9, 0x0, 0x0,
    0x0, 0x0, 0x90, 0xff, 0xe4, 0x55, 0x4, 0x0,
    0x0, 0x0, 0x3e, 0xcd, 0xff, 0xba, 0x4, 0x0,
    0x0, 0x4e, 0xff, 0xdd, 0x17, 0x0, 0x0, 0x0,
    0x0, 0x0, 0x0, 0x8, 0xbc, 0xff, 0x7c, 0x0,
    0x0, 0xcc, 0xff, 0x3e, 0x0, 0x0, 0x0, 0x0,
    0x0, 0x0, 0x0, 0x0, 0x17, 0xf3, 0xf2, 0x8,
    0x18, 0xff, 0xd7, 0x0, 0x0, 0x0, 0x0, 0x0,
    0x0, 0x0, 0x0, 0x0, 0x0, 0xa4, 0xff, 0x46,
    0x38, 0xff, 0xab, 0x0, 0x0, 0x0, 0x0, 0x0,
    0x0, 0x0, 0x0, 0x0, 0x0, 0x78, 0xff, 0x68,
    0x39, 0xff, 0xaa, 0x0, 0x0, 0x0, 0x0, 0x0,
    0x0, 0x0, 0x0, 0x0, 0x0, 0x78, 0xff, 0x67,
    0x18, 0xff, 0xd7, 0x0, 0x0, 0x0, 0x0, 0x0,
    0x0, 0x0, 0x0, 0x0, 0x0, 0xa4, 0xff, 0x47,
    0x0, 0xcc, 0xff, 0x3d, 0x0, 0x0, 0x0, 0x0,
    0x0, 0x0, 0x0, 0x0, 0x17, 0xf3, 0xf3, 0x9,
    0x0, 0x4d, 0xff, 0xdc, 0x17, 0x0, 0x0, 0x0,
    0x0, 0x0, 0x0, 0x7, 0xbc, 0xff, 0x7e, 0x0,
    0x0, 0x0, 0x90, 0xff, 0xe3, 0x54, 0x3, 0x0,
    0x0, 0x0, 0x3d, 0xcc, 0xff, 0xbd, 0x5, 0x0,
    0x0, 0x0, 0x1, 0x7d, 0xfc, 0xff, 0xf0, 0xc7,
    0xc4, 0xe7, 0xff, 0xff, 0xa3, 0xa, 0x0, 0x0,
    0x0, 0x0, 0x0, 0x0, 0x25, 0x90, 0xd5, 0xf3,
    0xf7, 0xdd, 0x9f, 0x39, 0x0, 0x0, 0x0, 0x0,

    /* U+014D "ō" */
    0x0, 0x0, 0x34, 0xff, 0xff, 0xff, 0xff, 0xff,
    0x68, 0x0, 0x0, 0x0, 0x0, 0x15, 0x6c, 0x6c,
    0x6c, 0x6c, 0x6c, 0x2b, 0x0, 0x0, 0x0, 0x0,
    0x0, 0x0, 0x0, 0x0, 0x0, 0x0, 0x0, 0x0,
    0x0, 0x0, 0x0, 0x0, 0x0, 0x0, 0x0, 0x0,
    0x0, 0x0, 0x0, 0x0, 0x0, 0x0, 0x17, 0x92,
    0xe0, 0xfa, 0xe8, 0xa6, 0x29, 0x0, 0x0, 0x0,
    0x25, 0xe5, 0xff, 0xe5, 0xb8, 0xd9, 0xff, 0xf5,
    0x45, 0x0, 0x1, 0xcc, 0xff, 0x85, 0x4, 0x0,
    0x0, 0x5d, 0xfc, 0xee, 0x11, 0x38, 0xff, 0xc3,
    0x0, 0x0, 0x0, 0x0, 0x0, 0x92, 0xff, 0x6b,
    0x65, 0xff, 0x7d, 0x0, 0x0, 0x0, 0x0, 0x0,
    0x4a, 0xff, 0x98, 0x66, 0xff, 0x7c, 0x0, 0x0,
    0x0, 0x0, 0x0, 0x4a, 0xff, 0x98, 0x38, 0xff,
    0xc0, 0x0, 0x0, 0x0, 0x0, 0x0, 0x8e, 0xff,
    0x6b, 0x1, 0xce, 0xff, 0x7e, 0x2, 0x0, 0x0,
    0x55, 0xfb, 0xef, 0x12, 0x0, 0x27, 0xe7, 0xff,
    0xe0, 0xb4, 0xd4, 0xff, 0xf6, 0x48, 0x0, 0x0,
    0x0, 0x19, 0x94, 0xe1, 0xfa, 0xe9, 0xa7, 0x2b,
    0x0, 0x0,

    /* U+014E "Ŏ" */
    0x0, 0x0, 0x0, 0x0, 0x0, 0x57, 0xff, 0x5a,
    0x3a, 0xee, 0x8a, 0x0, 0x0, 0x0, 0x0, 0x0,
    0x0, 0x0, 0x0, 0x0, 0x0, 0x4, 0xb0, 0xff,
    0xff, 0xd3, 0x15, 0x0, 0x0, 0x0, 0x0, 0x0,
    0x0, 0x0, 0x0, 0x0, 0x0, 0x0, 0x0, 0x2b,
    0x36, 0x4, 0x0, 0x0, 0x0, 0x0, 0x0, 0x0,
    0x0, 0x0, 0x0, 0x0, 0x0, 0x0, 0x0, 0x0,
    0x0, 0x0, 0x0, 0x0, 0x0, 0x0, 0x0, 0x0,
    0x0, 0x0, 0x0, 0x0, 0x24, 0x90, 0xd4, 0xf2,
    0xf6, 0xdc, 0x9e, 0x38, 0x0, 0x0, 0x0, 0x0,
    0x0, 0x0, 0x1, 0x7c, 0xfb, 0xff, 0xf0, 0xc9,
    0xc5, 0xe8, 0xff, 0xff, 0xa0, 0x9, 0x0, 0x0,
    0x0, 0x0, 0x90, 0xff, 0xe4, 0x55, 0x4, 0x0,
    0x0, 0x0, 0x3e, 0xcd, 0xff, 0xba, 0x4, 0x0,
    0x0, 0x4e, 0xff, 0xdd, 0x17, 0x0, 0x0, 0x0,
    0x0, 0x0, 0x0, 0x8, 0xbc, 0xff, 0x7c, 0x0,
    0x0, 0xcc, 0xff, 0x3e, 0x0, 0x0, 0x0, 0x0,
    0x0, 0x0, 0x0, 0x0, 0x17, 0xf3, 0xf2, 0x8,
    0x18, 0xff, 0xd7, 0x0, 0x0, 0x0, 0x0, 0x0,
    0x0, 0x0, 0x0, 0x0, 0x0, 0xa4, 0xff, 0x46,
    0x38, 0xff, 0xab, 0x0, 0x0, 0x0, 0x0, 0x0,
    0x0, 0x0, 0x0, 0x0, 0x0, 0x78, 0xff, 0x68,
    0x39, 0xff, 0xaa, 0x0, 0x0, 0x0, 0x0, 0x0,
    0x0, 0x0, 0x0, 0x0, 0x0, 0x78, 0xff, 0x67,
    0x18, 0xff, 0xd7, 0x0, 0x0, 0x0, 0x0, 0x0,
    0x0, 0x0, 0x0, 0x0, 0x0, 0xa4, 0xff, 0x47,
    0x0, 0xcc, 0xff, 0x3d, 0x0, 0x0, 0x0, 0x0,
    0x0, 0x0, 0x0, 0x0, 0x17, 0xf3, 0xf3, 0x9,
    0x0, 0x4d, 0xff, 0xdc, 0x17, 0x0, 0x0, 0x0,
    0x0, 0x0, 0x0, 0x7, 0xbc, 0xff, 0x7e, 0x0,
    0x0, 0x0, 0x90, 0xff, 0xe3, 0x54, 0x3, 0x0,
    0x0, 0x0, 0x3d, 0xcc, 0xff, 0xbd, 0x5, 0x0,
    0x0, 0x0, 0x1, 0x7d, 0xfc, 0xff, 0xf0, 0xc7,
    0xc4, 0xe7, 0xff, 0xff, 0xa3, 0xa, 0x0, 0x0,
    0x0, 0x0, 0x0, 0x0, 0x25, 0x90, 0xd5, 0xf3,
    0xf7, 0xdd, 0x9f, 0x39, 0x0, 0x0, 0x0, 0x0,

    /* U+014F "ŏ" */
    0x0, 0x0, 0x0, 0xd7, 0xbe, 0x26, 0x91, 0xfc,
    0xd, 0x0, 0x0, 0x0, 0x0, 0x0, 0x45, 0xef,
    0xff, 0xfa, 0x6d, 0x0, 0x0, 0x0, 0x0, 0x0,
    0x0, 0x0, 0xe, 0x38, 0x18, 0x0, 0x0, 0x0,
    0x0, 0x0, 0x0, 0x0, 0x0, 0x0, 0x0, 0x0,
    0x0, 0x0, 0x0, 0x0, 0x0, 0x0, 0x17, 0x92,
    0xe0, 0xfa, 0xe8, 0xa6, 0x29, 0x0, 0x0, 0x0,
    0x25, 0xe5, 0xff, 0xe5, 0xb8, 0xd9, 0xff, 0xf5,
    0x45, 0x0, 0x1, 0xcc, 0xff, 0x85, 0x4, 0x0,
    0x0, 0x5d, 0xfc, 0xee, 0x11, 0x38, 0xff, 0xc3,
    0x0, 0x0, 0x0, 0x0, 0x0, 0x92, 0xff, 0x6b,
    0x65, 0xff, 0x7d, 0x0, 0x0, 0x0, 0x0, 0x0,
    0x4a, 0xff, 0x98, 0x66, 0xff, 0x7c, 0x0, 0x0,
    0x0, 0x0, 0x0, 0x4a, 0xff, 0x98, 0x38, 0xff,
    0xc0, 0x0, 0x0, 0x0, 0x0, 0x0, 0x8e, 0xff,
    0x6b, 0x1, 0xce, 0xff, 0x7e, 0x2, 0x0, 0x0,
    0x55, 0xfb, 0xef, 0x12, 0x0, 0x27, 0xe7, 0xff,
    0xe0, 0xb4, 0xd4, 0xff, 0xf6, 0x48, 0x0, 0x0,
    0x0, 0x19, 0x94, 0xe1, 0xfa, 0xe9, 0xa7, 0x2b,
    0x0, 0x0,

    /* U+0150 "Ő" */
    0x0, 0x0, 0x0, 0x0, 0x0, 0x0, 0x85, 0xff,
    0x66, 0x39, 0xff, 0xb2, 0x0, 0x0, 0x0, 0x0,
    0x0, 0x0, 0x0, 0x0, 0x0, 0x6, 0xe8, 0xd0,
    0x2, 0xa3, 0xfa, 0x26, 0x0, 0x0, 0x0, 0x0,
    0x0, 0x0, 0x0, 0x0, 0x0, 0x22, 0x88, 0x34,
    0x1, 0x80, 0x5e, 0x0, 0x0, 0x0, 0x0, 0x0,
    0x0, 0x0, 0x0, 0x0, 0x0, 0x0, 0x0, 0x0,
    0x0, 0x0, 0x0, 0x0, 0x0, 0x0, 0x0, 0x0,
    0x0, 0x0, 0x0, 0x0, 0x24, 0x90, 0xd4, 0xf2,
    0xf6, 0xdc, 0x9e, 0x38, 0x0, 0x0, 0x0, 0x0,
    0x0, 0x0, 0x1, 0x7c, 0xfb, 0xff, 0xf0, 0xc9,
    0xc5, 0xe8, 0xff, 0xff, 0xa0, 0x9, 0x0, 0x0,
    0x0, 0x0, 0x90, 0xff, 0xe4, 0x55, 0x4, 0x0,
    0x0, 0x0, 0x3e, 0xcd, 0xff, 0xba, 0x4, 0x0,
    0x0, 0x4e, 0xff, 0xdd, 0x17, 0x0, 0x0, 0x0,
    0x0, 0x0, 0x0, 0x8, 0xbc, 0xff, 0x7c, 0x0,
    0x0, 0xcc, 0xff, 0x3e, 0x0, 0x0, 0x0, 0x0,
    0x0, 0x0, 0x0, 0x0, 0x17, 0xf3, 0xf2, 0x8,
    0x18, 0xff, 0xd7, 0x0, 0x0, 0x0, 0x0, 0x0,
    0x0, 0x0, 0x0, 0x0, 0x0, 0xa4, 0xff, 0x46,
    0x38, 0xff, 0xab, 0x0, 0x0, 0x0, 0x0, 0x0,
    0x0, 0x0, 0x0, 0x0, 0x0, 0x78, 0xff, 0x68,
    0x39, 0xff, 0xaa, 0x0, 0x0, 0x0, 0x0, 0x0,
    0x0, 0x0, 0x0, 0x0, 0x0, 0x78, 0xff, 0x67,
    0x18, 0xff, 0xd7, 0x0, 0x0, 0x0, 0x0, 0x0,
    0x0, 0x0, 0x0, 0x0, 0x0, 0xa4, 0xff, 0x47,
    0x0, 0xcc, 0xff, 0x3d, 0x0, 0x0, 0x0, 0x0,
    0x0, 0x0, 0x0, 0x0, 0x17, 0xf3, 0xf3, 0x9,
    0x0, 0x4d, 0xff, 0xdc, 0x17, 0x0, 0x0, 0x0,
    0x0, 0x0, 0x0, 0x7, 0xbc, 0xff, 0x7e, 0x0,
    0x0, 0x0, 0x90, 0xff, 0xe3, 0x54, 0x3, 0x0,
    0x0, 0x0, 0x3d, 0xcc, 0xff, 0xbd, 0x5, 0x0,
    0x0, 0x0, 0x1, 0x7d, 0xfc, 0xff, 0xf0, 0xc7,
    0xc4, 0xe7, 0xff, 0xff, 0xa3, 0xa, 0x0, 0x0,
    0x0, 0x0, 0x0, 0x0, 0x25, 0x90, 0xd5, 0xf3,
    0xf7, 0xdd, 0x9f, 0x39, 0x0, 0x0, 0x0, 0x0,

    /* U+0151 "ő" */
    0x0, 0x0, 0x0, 0xd, 0xf3, 0xe1, 0x9, 0xb5,
    0xfe, 0x38, 0x0, 0x0, 0x0, 0x0, 0x6b, 0xff,
    0x59, 0x21, 0xfd, 0xa5, 0x0, 0x0, 0x0, 0x0,
    0x0, 0x63, 0x7b, 0x1, 0x3b, 0x88, 0x1c, 0x0,
    0x0, 0x0, 0x0, 0x0, 0x0, 0x0, 0x0, 0x0,
    0x0, 0x0, 0x0, 0x0, 0x0, 0x0, 0x17, 0x92,
    0xe0, 0xfa, 0xe8, 0xa6, 0x29, 0x0, 0x0, 0x0,
    0x25, 0xe5, 0xff, 0xe5, 0xb8, 0xd9, 0xff, 0xf5,
    0x45, 0x0, 0x1, 0xcc, 0xff, 0x85, 0x4, 0x0,
    0x0, 0x5d, 0xfc, 0xee, 0x11, 0x38, 0xff, 0xc3,
    0x0, 0x0, 0x0, 0x0, 0x0, 0x92, 0xff, 0x6b,
    0x65, 0xff, 0x7d, 0x0, 0x0, 0x0, 0x0, 0x0,
    0x4a, 0xff, 0x98, 0x66, 0xff, 0x7c, 0x0, 0x0,
    0x0, 0x0, 0x0, 0x4a, 0xff, 0x98, 0x38, 0xff,
    0xc0, 0x0, 0x0, 0x0, 0x0, 0x0, 0x8e, 0xff,
    0x6b, 0x1, 0xce, 0xff, 0x7e, 0x2, 0x0, 0x0,
    0x55, 0xfb, 0xef, 0x12, 0x0, 0x27, 0xe7, 0xff,
    0xe0, 0xb4, 0xd4, 0xff, 0xf6, 0x48, 0x0, 0x0,
    0x0, 0x19, 0x94, 0xe1, 0xfa, 0xe9, 0xa7, 0x2b,
    0x0, 0x0,

    /* U+0152 "Œ" */
    0x0, 0x0, 0x0, 0x0, 0x24, 0x90, 0xd4, 0xf2,
    0xf6, 0xdf, 0xa5, 0x49, 0x0, 0x6c, 0xff, 0xff,
    0xff, 0xff, 0xff, 0xff, 0xff, 0xf0, 0x0, 0x0,
    0x1, 0x7c, 0xfb, 0xff, 0xf0, 0xc9, 0xc5, 0xe8,
    0xff, 0xff, 0xb7, 0x7b, 0xff, 0xd8, 0xbc, 0xbc,
    0xbc, 0xbc, 0xbc, 0xb0, 0x0, 0x0, 0x90, 0xff,
    0xe4, 0x55, 0x4, 0x0, 0x0, 0x0, 0x3e, 0xcd,
    0xff, 0xfb, 0xff, 0x6c, 0x0, 0x0, 0x0, 0x0,
    0x0, 0x0, 0x0, 0x4e, 0xff, 0xdd, 0x17, 0x0,
    0x0, 0x0, 0x0, 0x0, 0x0, 0x8, 0xbc, 0xff,
    0xff, 0x6c, 0x0, 0x0, 0x0, 0x0, 0x0, 0x0,
    0x0, 0xcc, 0xff, 0x3e, 0x0, 0x0, 0x0, 0x0,
    0x0, 0x0, 0x0, 0x0, 0x17, 0xf3, 0xff, 0x6c,
    0x0, 0x0, 0x0, 0x0, 0x0, 0x0, 0x18, 0xff,
    0xd7, 0x0, 0x0, 0x0, 0x0, 0x0, 0x0, 0x0,
    0x0, 0x0, 0x0, 0xa4, 0xff, 0x6c, 0x0, 0x0,
    0x0, 0x0, 0x0, 0x0, 0x38, 0xff, 0xab, 0x0,
    0x0, 0x0, 0x0, 0x0, 0x0, 0x0, 0x0, 0x0,
    0x0, 0x78, 0xff, 0xff, 0xff, 0xff, 0xff, 0xff,
    0xff, 0x4c, 0x39, 0xff, 0xaa, 0x0, 0x0, 0x0,
    0x0, 0x0, 0x0, 0x0, 0x0, 0x0, 0x0, 0x78,
    0xff, 0xd4, 0xb4, 0xb4, 0xb4, 0xb4, 0xb4, 0x35,
    0x18, 0xff, 0xd7, 0x0, 0x0, 0x0, 0x0, 0x0,
    0x0, 0x0, 0x0, 0x0, 0x0, 0xa4, 0xff, 0x6c,
    0x0, 0x0, 0x0, 0x0, 0x0, 0x0, 0x0, 0xcc,
    0xff, 0x3d, 0x0, 0x0, 0x0, 0x0, 0x0, 0x0,
    0x0, 0x0, 0x17, 0xf3, 0xff, 0x6c, 0x0, 0x0,
    0x0, 0x0, 0x0, 0x0, 0x0, 0x4d, 0xff, 0xdc,
    0x17, 0x0, 0x0, 0x0, 0x0, 0x0, 0x0, 0x7,
    0xbc, 0xff, 0xff, 0x6c, 0x0, 0x0, 0x0, 0x0,
    0x0, 0x0, 0x0, 0x0, 0x90, 0xff, 0xe3, 0x54,
    0x3, 0x0, 0x0, 0x0, 0x3d, 0xcc, 0xff, 0xfb,
    0xff, 0x6c, 0x0, 0x0, 0x0, 0x0, 0x0, 0x0,
    0x0, 0x0, 0x1, 0x7d, 0xfc, 0xff, 0xf0, 0xc7,
    0xc4, 0xe7, 0xff, 0xff, 0xb8, 0x7c, 0xff, 0xd8,
    0xbc, 0xbc, 0xbc, 0xbc, 0xbc, 0xb0, 0x0, 0x0,
    0x0, 0x0, 0x25, 0x90, 0xd5, 0xf3, 0xf7, 0xe1,
    0xa7, 0x4b, 0x0, 0x6c, 0xff, 0xff, 0xff, 0xff,
    0xff, 0xff, 0xff, 0xf0,

    /* U+0153 "œ" */
    0x0, 0x0, 0x17, 0x92, 0xe0, 0xf9, 0xe5, 0xa1,
    0x26, 0x0, 0x3, 0x71, 0xd2, 0xf7, 0xee, 0xb4,
    0x3d, 0x0, 0x0, 0x0, 0x25, 0xe5, 0xff, 0xe5,
    0xb8, 0xd9, 0xff, 0xf5, 0x3d, 0xaf, 0xff, 0xe3,
    0xb5, 0xc5, 0xfc, 0xfd, 0x5b, 0x0, 0x1, 0xcc,
    0xff, 0x85, 0x4, 0x0, 0x0, 0x5d, 0xfc, 0xf8,
    0xff, 0x84, 0x3, 0x0, 0x0, 0x25, 0xe4, 0xf0,
    0xe, 0x38, 0xff, 0xc3, 0x0, 0x0, 0x0, 0x0,
    0x0, 0x92, 0xff, 0xfa, 0x82, 0x80, 0x80, 0x80,
    0x80, 0xc9, 0xff, 0x54, 0x65, 0xff, 0x7d, 0x0,
    0x0, 0x0, 0x0, 0x0, 0x4a, 0xff, 0xff, 0xff,
    0xff, 0xff, 0xff, 0xff, 0xff, 0xff, 0x74, 0x66,
    0xff, 0x7c, 0x0, 0x0, 0x0, 0x0, 0x0, 0x4a,
    0xff, 0xd0, 0x0, 0x0, 0x0, 0x0, 0x0, 0x0,
    0x0, 0x0, 0x37, 0xff, 0xc0, 0x0, 0x0, 0x0,
    0x0, 0x0, 0x8e, 0xff, 0xfb, 0x20, 0x0, 0x0,
    0x0, 0x0, 0x36, 0x1b, 0x0, 0x1, 0xcc, 0xff,
    0x7e, 0x2, 0x0, 0x0, 0x55, 0xfb, 0xe9, 0xff,
    0xc6, 0x19, 0x0, 0x0, 0x2e, 0xe9, 0xf3, 0x18,
    0x0, 0x27, 0xe7, 0xff, 0xe0, 0xb4, 0xd4, 0xff,
    0xeb, 0x27, 0x9d, 0xff, 0xf3, 0xbc, 0xbe, 0xfc,
    0xfe, 0x70, 0x0, 0x0, 0x0, 0x19, 0x94, 0xe1,
    0xfa, 0xe4, 0x9c, 0x1d, 0x0, 0x1, 0x67, 0xce,
    0xf5, 0xec, 0xb8, 0x44, 0x0, 0x0,

    /* U+0154 "Ŕ" */
    0x0, 0x0, 0x0, 0x0, 0x7d, 0xff, 0x6e, 0x0,
    0x0, 0x0, 0x0, 0x0, 0x0, 0x0, 0x2, 0xe1,
    0xd8, 0x5, 0x0, 0x0, 0x0, 0x0, 0x0, 0x0,
    0x0, 0x1b, 0x88, 0x3a, 0x0, 0x0, 0x0, 0x0,
    0x0, 0x0, 0x0, 0x0, 0x0, 0x0, 0x0, 0x0,
    0x0, 0x0, 0x0, 0x0, 0x90, 0xff, 0xff, 0xff,
    0xff, 0xfa, 0xd8, 0x7c, 0x6, 0x0, 0x0, 0x90,
    0xff, 0xcf, 0xbc, 0xbc, 0xc5, 0xf2, 0xff, 0xc2,
    0x8, 0x0, 0x90, 0xff, 0x48, 0x0, 0x0, 0x0,
    0x13, 0xc1, 0xff, 0x76, 0x0, 0x90, 0xff, 0x48,
    0x0, 0x0, 0x0, 0x0, 0x31, 0xff, 0xbe, 0x0,
    0x90, 0xff, 0x48, 0x0, 0x0, 0x0, 0x0, 0x30,
    0xff, 0xb3, 0x0, 0x90, 0xff, 0x48, 0x0, 0x0,
    0x0, 0xf, 0xbb, 0xff, 0x6a, 0x0, 0x90, 0xff,
    0xc6, 0xb0, 0xb0, 0xbb, 0xef, 0xff, 0xb5, 0x3,
    0x0, 0x90, 0xff, 0xff, 0xff, 0xff, 0xff, 0xd4,
    0x6b, 0x2, 0x0, 0x0, 0x90, 0xff, 0x48, 0x0,
    0x5e, 0xff, 0xba, 0x0, 0x0, 0x0, 0x0, 0x90,
    0xff, 0x48, 0x0, 0x0, 0xb8, 0xff, 0x64, 0x0,
    0x0, 0x0, 0x90, 0xff, 0x48, 0x0, 0x0, 0x1f,
    0xf3, 0xf1, 0x1c, 0x0, 0x0, 0x90, 0xff, 0x48,
    0x0, 0x0, 0x0, 0x6e, 0xff, 0xb5, 0x0, 0x0,
    0x90, 0xff, 0x48, 0x0, 0x0, 0x0, 0x2, 0xc6,
    0xff, 0x5e, 0x0, 0x90, 0xff, 0x48, 0x0, 0x0,
    0x0, 0x0, 0x29, 0xf9, 0xee, 0x18,

    /* U+0155 "ŕ" */
    0x0, 0x0, 0x9, 0xee, 0xe6, 0xc, 0x0, 0x0,
    0x0, 0x61, 0xff, 0x61, 0x0, 0x0, 0x0, 0x0,
    0x5d, 0x7e, 0x2, 0x0, 0x0, 0x0, 0x0, 0x0,
    0x0, 0x0, 0x0, 0x0, 0xe0, 0xe0, 0x14, 0xa2,
    0xf2, 0xfb, 0xf, 0xe0, 0xe4, 0xcf, 0xff, 0xe6,
    0xb8, 0x0, 0xe0, 0xff, 0xdb, 0x2b, 0x0, 0x0,
    0x0, 0xe0, 0xff, 0x3e, 0x0, 0x0, 0x0, 0x0,
    0xe0, 0xfa, 0x3, 0x0, 0x0, 0x0, 0x0, 0xe0,
    0xf4, 0x0, 0x0, 0x0, 0x0, 0x0, 0xe0, 0xf4,
    0x0, 0x0, 0x0, 0x0, 0x0, 0xe0, 0xf4, 0x0,
    0x0, 0x0, 0x0, 0x0, 0xe0, 0xf4, 0x0, 0x0,
    0x0, 0x0, 0x0, 0xe0, 0xf4, 0x0, 0x0, 0x0,
    0x0, 0x0,

    /* U+0156 "Ŗ" */
    0x90, 0xff, 0xff, 0xff, 0xff, 0xfa, 0xd8, 0x7c,
    0x6, 0x0, 0x0, 0x90, 0xff, 0xcf, 0xbc, 0xbc,
    0xc5, 0xf2, 0xff, 0xc2, 0x8, 0x0, 0x90, 0xff,
    0x48, 0x0, 0x0, 0x0, 0x13, 0xc1, 0xff, 0x76,
    0x0, 0x90, 0xff, 0x48, 0x0, 0x0, 0x0, 0x0,
    0x31, 0xff, 0xbe, 0x0, 0x90, 0xff, 0x48, 0x0,
    0x0, 0x0, 0x0, 0x30, 0xff, 0xb3, 0x0, 0x90,
    0xff, 0x48, 0x0, 0x0, 0x0, 0xf, 0xbb, 0xff,
    0x6a, 0x0, 0x90, 0xff, 0xc6, 0xb0, 0xb0, 0xbb,
    0xef, 0xff, 0xb5, 0x3, 0x0, 0x90, 0xff, 0xff,
    0xff, 0xff, 0xff, 0xd4, 0x6b, 0x2, 0x0, 0x0,
    0x90, 0xff, 0x48, 0x0, 0x5e, 0xff, 0xba, 0x0,
    0x0, 0x0, 0x0, 0x90, 0xff, 0x48, 0x0, 0x0,
    0xb8, 0xff, 0x64, 0x0, 0x0, 0x0, 0x90, 0xff,
    0x48, 0x0, 0x0, 0x1f, 0xf3, 0xf1, 0x1c, 0x0,
    0x0, 0x90, 0xff, 0x48, 0x0, 0x0, 0x0, 0x6e,
    0xff, 0xb5, 0x0, 0x0, 0x90, 0xff, 0x48, 0x0,
    0x0, 0x0, 0x2, 0xc6, 0xff, 0x5e, 0x0, 0x90,
    0xff, 0x48, 0x0, 0x0, 0x0, 0x0, 0x29, 0xf9,
    0xee, 0x18, 0x0, 0x0, 0x0, 0x0, 0x0, 0x0,
    0x0, 0x0, 0x0, 0x0, 0x0, 0x0, 0x0, 0x0,
    0xb, 0xd3, 0xd5, 0xc, 0x0, 0x0, 0x0, 0x0,
    0x0, 0x0, 0x0, 0x14, 0xfa, 0xff, 0x22, 0x0,
    0x0, 0x0, 0x0, 0x0, 0x0, 0x0, 0x0, 0x8f,
    0xa9, 0x0, 0x0, 0x0, 0x0, 0x0, 0x0, 0x0,
    0x0, 0x1, 0x9c, 0x12, 0x0, 0x0, 0x0, 0x0,
    0x0,

    /* U+0157 "ŗ" */
    0x0, 0xe0, 0xe0, 0x14, 0xa2, 0xf2, 0xfb, 0xf,
    0x0, 0xe0, 0xe4, 0xcf, 0xff, 0xe6, 0xb8, 0x0,
    0x0, 0xe0, 0xff, 0xdb, 0x2b, 0x0, 0x0, 0x0,
    0x0, 0xe0, 0xff, 0x3e, 0x0, 0x0, 0x0, 0x0,
    0x0, 0xe0, 0xfa, 0x3, 0x0, 0x0, 0x0, 0x0,
    0x0, 0xe0, 0xf4, 0x0, 0x0, 0x0, 0x0, 0x0,
    0x0, 0xe0, 0xf4, 0x0, 0x0, 0x0, 0x0, 0x0,
    0x0, 0xe0, 0xf4, 0x0, 0x0, 0x0, 0x0, 0x0,
    0x0, 0xe0, 0xf4, 0x0, 0x0, 0x0, 0x0, 0x0,
    0x0, 0xe0, 0xf4, 0x0, 0x0, 0x0, 0x0, 0x0,
    0x0, 0x0, 0x0, 0x0, 0x0, 0x0, 0x0, 0x0,
    0x6, 0xcb, 0xda, 0x10, 0x0, 0x0, 0x0, 0x0,
    0xd, 0xf6, 0xff, 0x24, 0x0, 0x0, 0x0, 0x0,
    0x0, 0x87, 0xb5, 0x0, 0x0, 0x0, 0x0, 0x0,
    0x0, 0x9a, 0x18, 0x0, 0x0, 0x0, 0x0, 0x0,

    /* U+0158 "Ř" */
    0x0, 0x8, 0x78, 0x63, 0x0, 0x49, 0x80, 0x23,
    0x0, 0x0, 0x0, 0x0, 0x0, 0x46, 0xf6, 0xb8,
    0xfc, 0x7c, 0x0, 0x0, 0x0, 0x0, 0x0, 0x0,
    0x0, 0x3b, 0x80, 0x56, 0x0, 0x0, 0x0, 0x0,
    0x0, 0x0, 0x0, 0x0, 0x0, 0x0, 0x0, 0x0,
    0x0, 0x0, 0x0, 0x0, 0x90, 0xff, 0xff, 0xff,
    0xff, 0xfa, 0xd8, 0x7c, 0x6, 0x0, 0x0, 0x90,
    0xff, 0xcf, 0xbc, 0xbc, 0xc5, 0xf2, 0xff, 0xc2,
    0x8, 0x0, 0x90, 0xff, 0x48, 0x0, 0x0, 0x0,
    0x13, 0xc1, 0xff, 0x76, 0x0, 0x90, 0xff, 0x48,
    0x0, 0x0, 0x0, 0x0, 0x31, 0xff, 0xbe, 0x0,
    0x90, 0xff, 0x48, 0x0, 0x0, 0x0, 0x0, 0x30,
    0xff, 0xb3, 0x0, 0x90, 0xff, 0x48, 0x0, 0x0,
    0x0, 0xf, 0xbb, 0xff, 0x6a, 0x0, 0x90, 0xff,
    0xc6, 0xb0, 0xb0, 0xbb, 0xef, 0xff, 0xb5, 0x3,
    0x0, 0x90, 0xff, 0xff, 0xff, 0xff, 0xff, 0xd4,
    0x6b, 0x2, 0x0, 0x0, 0x90, 0xff, 0x48, 0x0,
    0x5e, 0xff, 0xba, 0x0, 0x0, 0x0, 0x0, 0x90,
    0xff, 0x48, 0x0, 0x0, 0xb8, 0xff, 0x64, 0x0,
    0x0, 0x0, 0x90, 0xff, 0x48, 0x0, 0x0, 0x1f,
    0xf3, 0xf1, 0x1c, 0x0, 0x0, 0x90, 0xff, 0x48,
    0x0, 0x0, 0x0, 0x6e, 0xff, 0xb5, 0x0, 0x0,
    0x90, 0xff, 0x48, 0x0, 0x0, 0x0, 0x2, 0xc6,
    0xff, 0x5e, 0x0, 0x90, 0xff, 0x48, 0x0, 0x0,
    0x0, 0x0, 0x29, 0xf9, 0xee, 0x18,

    /* U+0159 "ř" */
    0x8b, 0xf9, 0x44, 0x87, 0xfd, 0x56, 0x0, 0x1,
    0xa1, 0xfb, 0xfe, 0x63, 0x0, 0x0, 0x0, 0x4,
    0x43, 0x35, 0x0, 0x0, 0x0, 0x0, 0x0, 0x0,
    0x0, 0x0, 0x0, 0x0, 0xe0, 0xe0, 0x14, 0xa2,
    0xf2, 0xfb, 0xf, 0xe0, 0xe4, 0xcf, 0xff, 0xe6,
    0xb8, 0x0, 0xe0, 0xff, 0xdb, 0x2b, 0x0, 0x0,
    0x0, 0xe0, 0xff, 0x3e, 0x0, 0x0, 0x0, 0x0,
    0xe0, 0xfa, 0x3, 0x0, 0x0, 0x0, 0x0, 0xe0,
    0xf4, 0x0, 0x0, 0x0, 0x0, 0x0, 0xe0, 0xf4,
    0x0, 0x0, 0x0, 0x0, 0x0, 0xe0, 0xf4, 0x0,
    0x0, 0x0, 0x0, 0x0, 0xe0, 0xf4, 0x0, 0x0,
    0x0, 0x0, 0x0, 0xe0, 0xf4, 0x0, 0x0, 0x0,
    0x0, 0x0,

    /* U+015A "Ś" */
    0x0, 0x0, 0x0, 0x0, 0x0, 0xa5, 0xff, 0x46,
    0x0, 0x0, 0x0, 0x0, 0x0, 0x0, 0x0, 0x15,
    0xf9, 0xb5, 0x0, 0x0, 0x0, 0x0, 0x0, 0x0,
    0x0, 0x0, 0x33, 0x88, 0x25, 0x0, 0x0, 0x0,
    0x0, 0x0, 0x0, 0x0, 0x0, 0x0, 0x0, 0x0,
    0x0, 0x0, 0x0, 0x0, 0x0, 0x0, 0x28, 0xa6,
    0xe9, 0xf8, 0xda, 0x88, 0x13, 0x0, 0x0, 0x0,
    0x38, 0xf4, 0xff, 0xe4, 0xc5, 0xeb, 0xff, 0xdd,
    0x1f, 0x0, 0x0, 0xca, 0xff, 0x78, 0x2, 0x0,
    0x6, 0x90, 0xff, 0x9c, 0x0, 0x0, 0xf8, 0xf0,
    0x0, 0x0, 0x0, 0x0, 0x3, 0x4a, 0x4, 0x0,
    0x0, 0xd3, 0xfe, 0x38, 0x0, 0x0, 0x0, 0x0,
    0x0, 0x0, 0x0, 0x0, 0x4c, 0xfc, 0xf9, 0x9a,
    0x38, 0x0, 0x0, 0x0, 0x0, 0x0, 0x0, 0x0,
    0x3f, 0xcd, 0xff, 0xff, 0xde, 0x7b, 0xe, 0x0,
    0x0, 0x0, 0x0, 0x0, 0x0, 0x2f, 0x87, 0xe3,
    0xff, 0xe3, 0x2c, 0x0, 0x0, 0x0, 0x0, 0x0,
    0x0, 0x0, 0x4, 0x7a, 0xff, 0xd1, 0x3, 0x0,
    0x16, 0x18, 0x0, 0x0, 0x0, 0x0, 0x0, 0xbc,
    0xff, 0x2a, 0x4a, 0xfb, 0xa3, 0x0, 0x0, 0x0,
    0x0, 0x0, 0xb1, 0xff, 0x3d, 0x9, 0xe8, 0xff,
    0x81, 0x6, 0x0, 0x0, 0x56, 0xfb, 0xf3, 0xd,
    0x0, 0x34, 0xef, 0xff, 0xec, 0xc5, 0xe0, 0xff,
    0xfd, 0x5d, 0x0, 0x0, 0x0, 0x1b, 0x94, 0xda,
    0xf9, 0xe9, 0xab, 0x35, 0x0, 0x0,

    /* U+015B "ś" */
    0x0, 0x0, 0x0, 0x0, 0x85, 0xff, 0x66, 0x0,
    0x0, 0x0, 0x0, 0x0, 0x6, 0xe8, 0xd0, 0x2,
    0x0, 0x0, 0x0, 0x0, 0x0, 0x22, 0x88, 0x34,
    0x0, 0x0, 0x0, 0x0, 0x0, 0x0, 0x0, 0x0,
    0x0, 0x0, 0x0, 0x0, 0x0, 0x11, 0x86, 0xda,
    0xf7, 0xe3, 0x96, 0x16, 0x0, 0x2, 0xce, 0xff,
    0xd8, 0xa8, 0xcf, 0xff, 0xe2, 0x13, 0x30, 0xff,
    0xc7, 0x3, 0x0, 0x0, 0x76, 0x9c, 0x21, 0x18,
    0xfb, 0xea, 0x4d, 0x7, 0x0, 0x0, 0x0, 0x0,
    0x0, 0x65, 0xf7, 0xff, 0xf6, 0xbb, 0x6a, 0xa,
    0x0, 0x0, 0x0, 0x16, 0x67, 0xa9, 0xe9, 0xff,
    0xdb, 0x15, 0x0, 0x1e, 0x14, 0x0, 0x0, 0x4,
    0x99, 0xff, 0x80, 0x46, 0xfd, 0xb4, 0x7, 0x0,
    0x0, 0x6e, 0xff, 0x90, 0x2, 0xb7, 0xff, 0xe3,
    0xa5, 0xbd, 0xfd, 0xf4, 0x2c, 0x0, 0x5, 0x74,
    0xd4, 0xf6, 0xe5, 0xa7, 0x29, 0x0,

    /* U+015C "Ŝ" */
    0x0, 0x0, 0x0, 0xc, 0xd0, 0xff, 0x91, 0x0,
    0x0, 0x0, 0x0, 0x0, 0x0, 0x3, 0xb5, 0xf0,
    0x82, 0xff, 0x64, 0x0, 0x0, 0x0, 0x0, 0x0,
    0x2d, 0x80, 0x3d, 0x0, 0x62, 0x7a, 0x7, 0x0,
    0x0, 0x0, 0x0, 0x0, 0x0, 0x0, 0x0, 0x0,
    0x0, 0x0, 0x0, 0x0, 0x0, 0x0, 0x28, 0xa6,
    0xe9, 0xf8, 0xda, 0x88, 0x13, 0x0, 0x0, 0x0,
    0x38, 0xf4, 0xff, 0xe4, 0xc5, 0xeb, 0xff, 0xdd,
    0x1f, 0x0, 0x0, 0xca, 0xff, 0x78, 0x2, 0x0,
    0x6, 0x90, 0xff, 0x9c, 0x0, 0x0, 0xf8, 0xf0,
    0x0, 0x0, 0x0, 0x0, 0x3, 0x4a, 0x4, 0x0,
    0x0, 0xd3, 0xfe, 0x38, 0x0, 0x0, 0x0, 0x0,
    0x0, 0x0, 0x0, 0x0, 0x4c, 0xfc, 0xf9, 0x9a,
    0x38, 0x0, 0x0, 0x0, 0x0, 0x0, 0x0, 0x0,
    0x3f, 0xcd, 0xff, 0xff, 0xde, 0x7b, 0xe, 0x0,
    0x0, 0x0, 0x0, 0x0, 0x0, 0x2f, 0x87, 0xe3,
    0xff, 0xe3, 0x2c, 0x0, 0x0, 0x0, 0x0, 0x0,
    0x0, 0x0, 0x4, 0x7a, 0xff, 0xd1, 0x3, 0x0,
    0x16, 0x18, 0x0, 0x0, 0x0, 0x0, 0x0, 0xbc,
    0xff, 0x2a, 0x4a, 0xfb, 0xa3, 0x0, 0x0, 0x0,
    0x0, 0x0, 0xb1, 0xff, 0x3d, 0x9, 0xe8, 0xff,
    0x81, 0x6, 0x0, 0x0, 0x56, 0xfb, 0xf3, 0xd,
    0x0, 0x34, 0xef, 0xff, 0xec, 0xc5, 0xe0, 0xff,
    0xfd, 0x5d, 0x0, 0x0, 0x0, 0x1b, 0x94, 0xda,
    0xf9, 0xe9, 0xab, 0x35, 0x0, 0x0,

    /* U+015D "ŝ" */
    0x0, 0x0, 0x1, 0xa3, 0xff, 0xcf, 0xd, 0x0,
    0x0, 0x0, 0x0, 0x8f, 0xfb, 0x68, 0xe6, 0xba,
    0x5, 0x0, 0x0, 0xd, 0x54, 0x39, 0x0, 0x25,
    0x54, 0x1c, 0x0, 0x0, 0x0, 0x0, 0x0, 0x0,
    0x0, 0x0, 0x0, 0x0, 0x0, 0x11, 0x86, 0xda,
    0xf7, 0xe3, 0x96, 0x16, 0x0, 0x2, 0xce, 0xff,
    0xd8, 0xa8, 0xcf, 0xff, 0xe2, 0x13, 0x30, 0xff,
    0xc7, 0x3, 0x0, 0x0, 0x76, 0x9c, 0x21, 0x18,
    0xfb, 0xea, 0x4d, 0x7, 0x0, 0x0, 0x0, 0x0,
    0x0, 0x65, 0xf7, 0xff, 0xf6, 0xbb, 0x6a, 0xa,
    0x0, 0x0, 0x0, 0x16, 0x67, 0xa9, 0xe9, 0xff,
    0xdb, 0x15, 0x0, 0x1e, 0x14, 0x0, 0x0, 0x4,
    0x99, 0xff, 0x80, 0x46, 0xfd, 0xb4, 0x7, 0x0,
    0x0, 0x6e, 0xff, 0x90, 0x2, 0xb7, 0xff, 0xe3,
    0xa5, 0xbd, 0xfd, 0xf4, 0x2c, 0x0, 0x5, 0x74,
    0xd4, 0xf6, 0xe5, 0xa7, 0x29, 0x0,

    /* U+015E "Ş" */
    0x0, 0x0, 0x28, 0xa6, 0xe9, 0xf8, 0xda, 0x88,
    0x13, 0x0, 0x0, 0x0, 0x37, 0xf4, 0xff, 0xe4,
    0xc5, 0xeb, 0xff, 0xdc, 0x1e, 0x0, 0x0, 0xc9,
    0xff, 0x79, 0x2, 0x0, 0x6, 0x90, 0xff, 0x9c,
    0x0, 0x0, 0xf8, 0xf0, 0x0, 0x0, 0x0, 0x0,
    0x3, 0x4b, 0x4, 0x0, 0x0, 0xd5, 0xfe, 0x33,
    0x0, 0x0, 0x0, 0x0, 0x0, 0x0, 0x0, 0x0,
    0x53, 0xfe, 0xf6, 0x91, 0x2c, 0x0, 0x0, 0x0,
    0x0, 0x0, 0x0, 0x0, 0x49, 0xd8, 0xff, 0xff,
    0xd2, 0x6d, 0x8, 0x0, 0x0, 0x0, 0x0, 0x0,
    0x0, 0x3b, 0x93, 0xeb, 0xff, 0xd9, 0x24, 0x0,
    0x0, 0x0, 0x0, 0x0, 0x0, 0x0, 0x8, 0x86,
    0xff, 0xc9, 0x1, 0x0, 0xe, 0x14, 0x0, 0x0,
    0x0, 0x0, 0x0, 0xc2, 0xff, 0x26, 0x49, 0xf5,
    0x9d, 0x0, 0x0, 0x0, 0x0, 0x0, 0xae, 0xff,
    0x3f, 0x10, 0xef, 0xff, 0x71, 0x1, 0x0, 0x0,
    0x46, 0xf8, 0xf9, 0x13, 0x0, 0x43, 0xf7, 0xff,
    0xdd, 0xb1, 0xcd, 0xff, 0xff, 0x77, 0x0, 0x0,
    0x0, 0x24, 0xa4, 0xeb, 0xff, 0xf4, 0xc2, 0x53,
    0x0, 0x0, 0x0, 0x0, 0x0, 0x0, 0x84, 0xf9,
    0xca, 0x29, 0x0, 0x0, 0x0, 0x0, 0x0, 0x0,
    0x0, 0x29, 0x3b, 0xa8, 0xb0, 0x0, 0x0, 0x0,
    0x0, 0x0, 0x0, 0x2, 0x9e, 0x44, 0xaa, 0xb1,
    0x0, 0x0, 0x0, 0x0, 0x0, 0x0, 0x0, 0x73,
    0xf1, 0xd3, 0x2b, 0x0, 0x0, 0x0,

    /* U+015F "ş" */
    0x0, 0x11, 0x86, 0xda, 0xf7, 0xe3, 0x96, 0x16,
    0x0, 0x2, 0xcd, 0xff, 0xd8, 0xa8, 0xd1, 0xff,
    0xe2, 0x13, 0x2f, 0xff, 0xc8, 0x3, 0x0, 0x0,
    0x79, 0x9e, 0x21, 0x19, 0xfd, 0xe8, 0x45, 0x3,
    0x0, 0x0, 0x0, 0x0, 0x0, 0x6d, 0xfa, 0xff,
    0xf1, 0xb3, 0x61, 0x7, 0x0, 0x0, 0x0, 0x1d,
    0x73, 0xb5, 0xf1, 0xff, 0xd4, 0x10, 0x0, 0x17,
    0x11, 0x0, 0x0, 0x8, 0xa1, 0xff, 0x7c, 0x45,
    0xfa, 0xad, 0x4, 0x0, 0x0, 0x67, 0xff, 0x8a,
    0x4, 0xbe, 0xff, 0xd8, 0x96, 0xad, 0xfa, 0xf7,
    0x30, 0x0, 0x8, 0x7c, 0xdd, 0xff, 0xf0, 0xbd,
    0x3a, 0x0, 0x0, 0x0, 0x0, 0x4b, 0xfe, 0xda,
    0x4c, 0x0, 0x0, 0x0, 0x0, 0x0, 0x16, 0x47,
    0x77, 0xe8, 0x0, 0x0, 0x0, 0x0, 0x0, 0x74,
    0x69, 0x7b, 0xe9, 0x0, 0x0, 0x0, 0x0, 0x0,
    0x48, 0xe4, 0xe5, 0x4f, 0x0, 0x0,

    /* U+0160 "Š" */
    0x0, 0x0, 0x14, 0xde, 0xcb, 0x13, 0xcc, 0xe7,
    0x1d, 0x0, 0x0, 0x0, 0x0, 0x0, 0x2c, 0xf2,
    0xef, 0xf5, 0x33, 0x0, 0x0, 0x0, 0x0, 0x0,
    0x0, 0x0, 0x40, 0x80, 0x41, 0x0, 0x0, 0x0,
    0x0, 0x0, 0x0, 0x0, 0x0, 0x0, 0x0, 0x0,
    0x0, 0x0, 0x0, 0x0, 0x0, 0x0, 0x28, 0xa6,
    0xe9, 0xf8, 0xda, 0x88, 0x13, 0x0, 0x0, 0x0,
    0x38, 0xf4, 0xff, 0xe4, 0xc5, 0xeb, 0xff, 0xdd,
    0x1f, 0x0, 0x0, 0xca, 0xff, 0x78, 0x2, 0x0,
    0x6, 0x90, 0xff, 0x9c, 0x0, 0x0, 0xf8, 0xf0,
    0x0, 0x0, 0x0, 0x0, 0x3, 0x4a, 0x4, 0x0,
    0x0, 0xd3, 0xfe, 0x38, 0x0, 0x0, 0x0, 0x0,
    0x0, 0x0, 0x0, 0x0, 0x4c, 0xfc, 0xf9, 0x9a,
    0x38, 0x0, 0x0, 0x0, 0x0, 0x0, 0x0, 0x0,
    0x3f, 0xcd, 0xff, 0xff, 0xde, 0x7b, 0xe, 0x0,
    0x0, 0x0, 0x0, 0x0, 0x0, 0x2f, 0x87, 0xe3,
    0xff, 0xe3, 0x2c, 0x0, 0x0, 0x0, 0x0, 0x0,
    0x0, 0x0, 0x4, 0x7a, 0xff, 0xd1, 0x3, 0x0,
    0x16, 0x18, 0x0, 0x0, 0x0, 0x0, 0x0, 0xbc,
    0xff, 0x2a, 0x4a, 0xfb, 0xa3, 0x0, 0x0, 0x0,
    0x0, 0x0, 0xb1, 0xff, 0x3d, 0x9, 0xe8, 0xff,
    0x81, 0x6, 0x0, 0x0, 0x56, 0xfb, 0xf3, 0xd,
    0x0, 0x34, 0xef, 0xff, 0xec, 0xc5, 0xe0, 0xff,
    0xfd, 0x5d, 0x0, 0x0, 0x0, 0x1b, 0x94, 0xda,
    0xf9, 0xe9, 0xab, 0x35, 0x0, 0x0,

    /* U+0161 "š" */
    0x0, 0xe, 0xd0, 0xd5, 0x1e, 0xc9, 0xe5, 0x20,
    0x0, 0x0, 0x0, 0x19, 0xe0, 0xf9, 0xec, 0x2a,
    0x0, 0x0, 0x0, 0x0, 0x0, 0x1e, 0x4c, 0x24,
    0x0, 0x0, 0x0, 0x0, 0x0, 0x0, 0x0, 0x0,
    0x0, 0x0, 0x0, 0x0, 0x0, 0x11, 0x86, 0xda,
    0xf7, 0xe3, 0x96, 0x16, 0x0, 0x2, 0xce, 0xff,
    0xd8, 0xa8, 0xcf, 0xff, 0xe2, 0x13, 0x30, 0xff,
    0xc7, 0x3, 0x0, 0x0, 0x76, 0x9c, 0x21, 0x18,
    0xfb, 0xea, 0x4d, 0x7, 0x0, 0x0, 0x0, 0x0,
    0x0, 0x65, 0xf7, 0xff, 0xf6, 0xbb, 0x6a, 0xa,
    0x0, 0x0, 0x0, 0x16, 0x67, 0xa9, 0xe9, 0xff,
    0xdb, 0x15, 0x0, 0x1e, 0x14, 0x0, 0x0, 0x4,
    0x99, 0xff, 0x80, 0x46, 0xfd, 0xb4, 0x7, 0x0,
    0x0, 0x6e, 0xff, 0x90, 0x2, 0xb7, 0xff, 0xe3,
    0xa5, 0xbd, 0xfd, 0xf4, 0x2c, 0x0, 0x5, 0x74,
    0xd4, 0xf6, 0xe5, 0xa7, 0x29, 0x0,

    /* U+0162 "Ţ" */
    0x84, 0xff, 0xff, 0xff, 0xff, 0xff, 0xff, 0xff,
    0xff, 0xff, 0x50, 0x60, 0xbc, 0xbc, 0xbc, 0xdf,
    0xff, 0xd1, 0xbc, 0xbc, 0xbc, 0x3a, 0x0, 0x0,
    0x0, 0x0, 0x84, 0xff, 0x50, 0x0, 0x0, 0x0,
    0x0, 0x0, 0x0, 0x0, 0x0, 0x84, 0xff, 0x50,
    0x0, 0x0, 0x0, 0x0, 0x0, 0x0, 0x0, 0x0,
    0x84, 0xff, 0x50, 0x0, 0x0, 0x0, 0x0, 0x0,
    0x0, 0x0, 0x0, 0x84, 0xff, 0x50, 0x0, 0x0,
    0x0, 0x0, 0x0, 0x0, 0x0, 0x0, 0x84, 0xff,
    0x50, 0x0, 0x0, 0x0, 0x0, 0x0, 0x0, 0x0,
    0x0, 0x84, 0xff, 0x50, 0x0, 0x0, 0x0, 0x0,
    0x0, 0x0, 0x0, 0x0, 0x84, 0xff, 0x50, 0x0,
    0x0, 0x0, 0x0, 0x0, 0x0, 0x0, 0x0, 0x84,
    0xff, 0x50, 0x0, 0x0, 0x0, 0x0, 0x0, 0x0,
    0x0, 0x0, 0x84, 0xff, 0x50, 0x0, 0x0, 0x0,
    0x0, 0x0, 0x0, 0x0, 0x0, 0x84, 0xff, 0x50,
    0x0, 0x0, 0x0, 0x0, 0x0, 0x0, 0x0, 0x0,
    0x84, 0xff, 0x50, 0x0, 0x0, 0x0, 0x0, 0x0,
    0x0, 0x0, 0x0, 0x84, 0xff, 0x50, 0x0, 0x0,
    0x0, 0x0, 0x0, 0x0, 0x0, 0x0, 0x7b, 0xfa,
    0xc4, 0x21, 0x0, 0x0, 0x0, 0x0, 0x0, 0x0,
    0x0, 0x43, 0x38, 0xb2, 0xa0, 0x0, 0x0, 0x0,
    0x0, 0x0, 0x0, 0x7, 0xa4, 0x3e, 0xb3, 0xa1,
    0x0, 0x0, 0x0, 0x0, 0x0, 0x0, 0x0, 0x80,
    0xf3, 0xcc, 0x22, 0x0, 0x0, 0x0,

    /* U+0163 "ţ" */
    0x0, 0x0, 0x66, 0x80, 0x6, 0x0, 0x0, 0x0,
    0x0, 0xcc, 0xff, 0xc, 0x0, 0x0, 0x0, 0x0,
    0xcc, 0xff, 0xc, 0x0, 0x0, 0x0, 0x0, 0xcc,
    0xff, 0xc, 0x0, 0x0, 0x84, 0xff, 0xff, 0xff,
    0xff, 0xff, 0x70, 0x56, 0xa8, 0xee, 0xff, 0xac,
    0xa8, 0x49, 0x0, 0x0, 0xcc, 0xff, 0xc, 0x0,
    0x0, 0x0, 0x0, 0xcc, 0xff, 0xc, 0x0, 0x0,
    0x0, 0x0, 0xcc, 0xff, 0xc, 0x0, 0x0, 0x0,
    0x0, 0xcc, 0xff, 0xc, 0x0, 0x0, 0x0, 0x0,
    0xcc, 0xff, 0xe, 0x0, 0x0, 0x0, 0x0, 0xbc,
    0xff, 0x37, 0x0, 0x0, 0x0, 0x0, 0x74, 0xff,
    0xec, 0xbf, 0x39, 0x0, 0x0, 0x4, 0xa5, 0xff,
    0xf5, 0x77, 0x0, 0x0, 0x1, 0xc1, 0xf2, 0xa9,
    0x7, 0x0, 0x0, 0x0, 0x45, 0x2d, 0xe0, 0x64,
    0x0, 0x0, 0x22, 0xa3, 0x31, 0xde, 0x64, 0x0,
    0x0, 0x7, 0xaa, 0xf4, 0xac, 0x7,

    /* U+0164 "Ť" */
    0x0, 0x0, 0x17, 0x7f, 0x4d, 0x0, 0x61, 0x7d,
    0x10, 0x0, 0x0, 0x0, 0x0, 0x0, 0x6a, 0xfc,
    0xb8, 0xf9, 0x53, 0x0, 0x0, 0x0, 0x0, 0x0,
    0x0, 0x0, 0x51, 0x80, 0x3e, 0x0, 0x0, 0x0,
    0x0, 0x0, 0x0, 0x0, 0x0, 0x0, 0x0, 0x0,
    0x0, 0x0, 0x0, 0x0, 0x84, 0xff, 0xff, 0xff,
    0xff, 0xff, 0xff, 0xff, 0xff, 0xff, 0x50, 0x60,
    0xbc, 0xbc, 0xbc, 0xdf, 0xff, 0xd1, 0xbc, 0xbc,
    0xbc, 0x3a, 0x0, 0x0, 0x0, 0x0, 0x84, 0xff,
    0x50, 0x0, 0x0, 0x0, 0x0, 0x0, 0x0, 0x0,
    0x0, 0x84, 0xff, 0x50, 0x0, 0x0, 0x0, 0x0,
    0x0, 0x0, 0x0, 0x0, 0x84, 0xff, 0x50, 0x0,
    0x0, 0x0, 0x0, 0x0, 0x0, 0x0, 0x0, 0x84,
    0xff, 0x50, 0x0, 0x0, 0x0, 0x0, 0x0, 0x0,
    0x0, 0x0, 0x84, 0xff, 0x50, 0x0, 0x0, 0x0,
    0x0, 0x0, 0x0, 0x0, 0x0, 0x84, 0xff, 0x50,
    0x0, 0x0, 0x0, 0x0, 0x0, 0x0, 0x0, 0x0,
    0x84, 0xff, 0x50, 0x0, 0x0, 0x0, 0x0, 0x0,
    0x0, 0x0, 0x0, 0x84, 0xff, 0x50, 0x0, 0x0,
    0x0, 0x0, 0x0, 0x0, 0x0, 0x0, 0x84, 0xff,
    0x50, 0x0, 0x0, 0x0, 0x0, 0x0, 0x0, 0x0,
    0x0, 0x84, 0xff, 0x50, 0x0, 0x0, 0x0, 0x0,
    0x0, 0x0, 0x0, 0x0, 0x84, 0xff, 0x50, 0x0,
    0x0, 0x0, 0x0, 0x0, 0x0, 0x0, 0x0, 0x84,
    0xff, 0x50, 0x0, 0x0, 0x0, 0x0,

    /* U+0165 "ť" */
    0x0, 0x0, 0x0, 0x0, 0x0, 0xb0, 0xff, 0x11,
    0x0, 0x0, 0x66, 0x80, 0x6, 0xb0, 0xe4, 0x0,
    0x0, 0x0, 0xcc, 0xff, 0xc, 0xb0, 0xb7, 0x0,
    0x0, 0x0, 0xcc, 0xff, 0xc, 0x23, 0x1f, 0x0,
    0x84, 0xff, 0xff, 0xff, 0xff, 0xff, 0x70, 0x0,
    0x56, 0xa8, 0xee, 0xff, 0xac, 0xa8, 0x49, 0x0,
    0x0, 0x0, 0xcc, 0xff, 0xc, 0x0, 0x0, 0x0,
    0x0, 0x0, 0xcc, 0xff, 0xc, 0x0, 0x0, 0x0,
    0x0, 0x0, 0xcc, 0xff, 0xc, 0x0, 0x0, 0x0,
    0x0, 0x0, 0xcc, 0xff, 0xc, 0x0, 0x0, 0x0,
    0x0, 0x0, 0xcc, 0xff, 0xe, 0x0, 0x0, 0x0,
    0x0, 0x0, 0xbd, 0xff, 0x37, 0x0, 0x0, 0x0,
    0x0, 0x0, 0x78, 0xff, 0xec, 0xbf, 0x39, 0x0,
    0x0, 0x0, 0x6, 0x91, 0xeb, 0xed, 0x73, 0x0,

    /* U+0166 "Ŧ" */
    0x84, 0xff, 0xff, 0xff, 0xff, 0xff, 0xff, 0xff,
    0xff, 0xff, 0x50, 0x60, 0xbc, 0xbc, 0xbc, 0xdf,
    0xff, 0xd1, 0xbc, 0xbc, 0xbc, 0x3a, 0x0, 0x0,
    0x0, 0x0, 0x84, 0xff, 0x50, 0x0, 0x0, 0x0,
    0x0, 0x0, 0x0, 0x0, 0x0, 0x84, 0xff, 0x50,
    0x0, 0x0, 0x0, 0x0, 0x0, 0x0, 0x0, 0x0,
    0x84, 0xff, 0x50, 0x0, 0x0, 0x0, 0x0, 0x0,
    0x2, 0x1c, 0x1c, 0x91, 0xff, 0x63, 0x1c, 0x18,
    0x0, 0x0, 0x0, 0x14, 0xff, 0xff, 0xff, 0xff,
    0xff, 0xff, 0xe0, 0x0, 0x0, 0x0, 0x5, 0x4c,
    0x4c, 0xa8, 0xff, 0x84, 0x4c, 0x42, 0x0, 0x0,
    0x0, 0x0, 0x0, 0x0, 0x84, 0xff, 0x50, 0x0,
    0x0, 0x0, 0x0, 0x0, 0x0, 0x0, 0x0, 0x84,
    0xff, 0x50, 0x0, 0x0, 0x0, 0x0, 0x0, 0x0,
    0x0, 0x0, 0x84, 0xff, 0x50, 0x0, 0x0, 0x0,
    0x0, 0x0, 0x0, 0x0, 0x0, 0x84, 0xff, 0x50,
    0x0, 0x0, 0x0, 0x0, 0x0, 0x0, 0x0, 0x0,
    0x84, 0xff, 0x50, 0x0, 0x0, 0x0, 0x0, 0x0,
    0x0, 0x0, 0x0, 0x84, 0xff, 0x50, 0x0, 0x0,
    0x0, 0x0,

    /* U+0167 "ŧ" */
    0x0, 0x0, 0xcc, 0xff, 0xc, 0x0, 0x0, 0x0,
    0x0, 0xcc, 0xff, 0xc, 0x0, 0x0, 0x0, 0x0,
    0xcc, 0xff, 0xc, 0x0, 0x0, 0x84, 0xff, 0xff,
    0xff, 0xff, 0xff, 0x70, 0x56, 0xa8, 0xee, 0xff,
    0xac, 0xa8, 0x49, 0x0, 0x0, 0xcc, 0xff, 0xc,
    0x0, 0x0, 0x0, 0x0, 0xcc, 0xff, 0xc, 0x0,
    0x0, 0x84, 0xff, 0xff, 0xff, 0xff, 0xff, 0x70,
    0x56, 0xa8, 0xee, 0xff, 0xac, 0xa8, 0x49, 0x0,
    0x0, 0xcc, 0xff, 0xc, 0x0, 0x0, 0x0, 0x0,
    0xc3, 0xff, 0x31, 0x0, 0x0, 0x0, 0x0, 0x82,
    0xff, 0xea, 0xbf, 0x38, 0x0, 0x0, 0x7, 0x97,
    0xec, 0xed, 0x72,

    /* U+0168 "Ũ" */
    0x0, 0x0, 0x23, 0xc9, 0xed, 0x8c, 0x1e, 0xdf,
    0xb3, 0x0, 0x0, 0x0, 0x0, 0xb4, 0xf5, 0xc9,
    0xff, 0xff, 0xff, 0x5c, 0x0, 0x0, 0x0, 0x0,
    0x8e, 0x69, 0x0, 0x45, 0x92, 0x55, 0x0, 0x0,
    0x0, 0x0, 0x0, 0x0, 0x0, 0x0, 0x0, 0x0,
    0x0, 0x0, 0x0, 0x0, 0xe0, 0xf4, 0x0, 0x0,
    0x0, 0x0, 0x0, 0x0, 0x20, 0xff, 0xb8, 0xe0,
    0xf4, 0x0, 0x0, 0x0, 0x0, 0x0, 0x0, 0x20,
    0xff, 0xb8, 0xe0, 0xf4, 0x0, 0x0, 0x0, 0x0,
    0x0, 0x0, 0x20, 0xff, 0xb8, 0xe0, 0xf4, 0x0,
    0x0, 0x0, 0x0, 0x0, 0x0, 0x20, 0xff, 0xb8,
    0xe0, 0xf4, 0x0, 0x0, 0x0, 0x0, 0x0, 0x0,
    0x20, 0xff, 0xb8, 0xe0, 0xf4, 0x0, 0x0, 0x0,
    0x0, 0x0, 0x0, 0x20, 0xff, 0xb8, 0xe0, 0xf4,
    0x0, 0x0, 0x0, 0x0, 0x0, 0x0, 0x20, 0xff,
    0xb8, 0xe0, 0xf4, 0x0, 0x0, 0x0, 0x0, 0x0,
    0x0, 0x20, 0xff, 0xb8, 0xde, 0xf6, 0x0, 0x0,
    0x0, 0x0, 0x0, 0x0, 0x22, 0xff, 0xb6, 0xcd,
    0xff, 0x14, 0x0, 0x0, 0x0, 0x0, 0x0, 0x41,
    0xff, 0xa5, 0x95, 0xff, 0x65, 0x0, 0x0, 0x0,
    0x0, 0x0, 0x92, 0xff, 0x71, 0x2b, 0xfb, 0xee,
    0x49, 0x0, 0x0, 0x0, 0x66, 0xfc, 0xf2, 0x14,
    0x0, 0x65, 0xfd, 0xff, 0xe3, 0xc6, 0xea, 0xff,
    0xf8, 0x4e, 0x0, 0x0, 0x0, 0x39, 0xaf, 0xeb,
    0xfb, 0xe6, 0xa4, 0x2c, 0x0, 0x0,

    /* U+0169 "ũ" */
    0x0, 0x30, 0xcf, 0xf8, 0xdb, 0xb0, 0xee, 0xbf,
    0x0, 0x0, 0xc0, 0xee, 0xb0, 0xdc, 0xf9, 0xcf,
    0x2e, 0x0, 0x0, 0x0, 0x0, 0x0, 0x0, 0x0,
    0x0, 0x0, 0x0, 0x0, 0x0, 0x0, 0x0, 0x0,
    0x0, 0x0, 0x0, 0x0, 0xf4, 0xe0, 0x0, 0x0,
    0x0, 0x0, 0x20, 0xff, 0xb8, 0xf4, 0xe0, 0x0,
    0x0, 0x0, 0x0, 0x20, 0xff, 0xb8, 0xf4, 0xe0,
    0x0, 0x0, 0x0, 0x0, 0x20, 0xff, 0xb8, 0xf4,
    0xe0, 0x0, 0x0, 0x0, 0x0, 0x20, 0xff, 0xb8,
    0xf4, 0xe0, 0x0, 0x0, 0x0, 0x0, 0x20, 0xff,
    0xb8, 0xf4, 0xe0, 0x0, 0x0, 0x0, 0x0, 0x28,
    0xff, 0xb8, 0xe5, 0xf4, 0x1, 0x0, 0x0, 0x0,
    0x5c, 0xff, 0xb8, 0xbc, 0xff, 0x63, 0x0, 0x0,
    0x1c, 0xdd, 0xff, 0xb8, 0x45, 0xff, 0xff, 0xc8,
    0xb6, 0xf0, 0xc5, 0xff, 0xb8, 0x0, 0x5a, 0xd2,
    0xf9, 0xe5, 0x89, 0x16, 0xff, 0xb8,

    /* U+016A "Ū" */
    0x0, 0x0, 0xa, 0x1c, 0x1c, 0x1c, 0x1c, 0x1c,
    0x6, 0x0, 0x0, 0x0, 0x0, 0x60, 0xff, 0xff,
    0xff, 0xff, 0xff, 0x38, 0x0, 0x0, 0x0, 0x0,
    0x1c, 0x4c, 0x4c, 0x4c, 0x4c, 0x4c, 0x10, 0x0,
    0x0, 0x0, 0x0, 0x0, 0x0, 0x0, 0x0, 0x0,
    0x0, 0x0, 0x0, 0x0, 0x0, 0x0, 0x0, 0x0,
    0x0, 0x0, 0x0, 0x0, 0x0, 0x0, 0x0, 0xe0,
    0xf4, 0x0, 0x0, 0x0, 0x0, 0x0, 0x0, 0x20,
    0xff, 0xb8, 0xe0, 0xf4, 0x0, 0x0, 0x0, 0x0,
    0x0, 0x0, 0x20, 0xff, 0xb8, 0xe0, 0xf4, 0x0,
    0x0, 0x0, 0x0, 0x0, 0x0, 0x20, 0xff, 0xb8,
    0xe0, 0xf4, 0x0, 0x0, 0x0, 0x0, 0x0, 0x0,
    0x20, 0xff, 0xb8, 0xe0, 0xf4, 0x0, 0x0, 0x0,
    0x0, 0x0, 0x0, 0x20, 0xff, 0xb8, 0xe0, 0xf4,
    0x0, 0x0, 0x0, 0x0, 0x0, 0x0, 0x20, 0xff,
    0xb8, 0xe0, 0xf4, 0x0, 0x0, 0x0, 0x0, 0x0,
    0x0, 0x20, 0xff, 0xb8, 0xe0, 0xf4, 0x0, 0x0,
    0x0, 0x0, 0x0, 0x0, 0x20, 0xff, 0xb8, 0xde,
    0xf6, 0x0, 0x0, 0x0, 0x0, 0x0, 0x0, 0x22,
    0xff, 0xb6, 0xcd, 0xff, 0x14, 0x0, 0x0, 0x0,
    0x0, 0x0, 0x41, 0xff, 0xa5, 0x95, 0xff, 0x65,
    0x0, 0x0, 0x0, 0x0, 0x0, 0x92, 0xff, 0x71,
    0x2b, 0xfb, 0xee, 0x49, 0x0, 0x0, 0x0, 0x66,
    0xfc, 0xf2, 0x14, 0x0, 0x65, 0xfd, 0xff, 0xe3,
    0xc6, 0xea, 0xff, 0xf8, 0x4e, 0x0, 0x0, 0x0,
    0x39, 0xaf, 0xeb, 0xfb, 0xe6, 0xa4, 0x2c, 0x0,
    0x0,

    /* U+016B "ū" */
    0x0, 0x60, 0xff, 0xff, 0xff, 0xff, 0xff, 0x38,
    0x0, 0x0, 0x28, 0x6c, 0x6c, 0x6c, 0x6c, 0x6c,
    0x17, 0x0, 0x0, 0x0, 0x0, 0x0, 0x0, 0x0,
    0x0, 0x0, 0x0, 0x0, 0x0, 0x0, 0x0, 0x0,
    0x0, 0x0, 0x0, 0x0, 0xf4, 0xe0, 0x0, 0x0,
    0x0, 0x0, 0x20, 0xff, 0xb8, 0xf4, 0xe0, 0x0,
    0x0, 0x0, 0x0, 0x20, 0xff, 0xb8, 0xf4, 0xe0,
    0x0, 0x0, 0x0, 0x0, 0x20, 0xff, 0xb8, 0xf4,
    0xe0, 0x0, 0x0, 0x0, 0x0, 0x20, 0xff, 0xb8,
    0xf4, 0xe0, 0x0, 0x0, 0x0, 0x0, 0x20, 0xff,
    0xb8, 0xf4, 0xe0, 0x0, 0x0, 0x0, 0x0, 0x28,
    0xff, 0xb8, 0xe5, 0xf4, 0x1, 0x0, 0x0, 0x0,
    0x5c, 0xff, 0xb8, 0xbc, 0xff, 0x63, 0x0, 0x0,
    0x1c, 0xdd, 0xff, 0xb8, 0x45, 0xff, 0xff, 0xc8,
    0xb6, 0xf0, 0xc5, 0xff, 0xb8, 0x0, 0x5a, 0xd2,
    0xf9, 0xe5, 0x89, 0x16, 0xff, 0xb8,

    /* U+016C "Ŭ" */
    0x0, 0x0, 0xb, 0xfb, 0x9d, 0x2c, 0xba, 0xde,
    0x0, 0x0, 0x0, 0x0, 0x0, 0x0, 0x6a, 0xfa,
    0xff, 0xf2, 0x4a, 0x0, 0x0, 0x0, 0x0, 0x0,
    0x0, 0x0, 0x18, 0x3c, 0x11, 0x0, 0x0, 0x0,
    0x0, 0x0, 0x0, 0x0, 0x0, 0x0, 0x0, 0x0,
    0x0, 0x0, 0x0, 0x0, 0xe0, 0xf4, 0x0, 0x0,
    0x0, 0x0, 0x0, 0x0, 0x20, 0xff, 0xb8, 0xe0,
    0xf4, 0x0, 0x0, 0x0, 0x0, 0x0, 0x0, 0x20,
    0xff, 0xb8, 0xe0, 0xf4, 0x0, 0x0, 0x0, 0x0,
    0x0, 0x0, 0x20, 0xff, 0xb8, 0xe0, 0xf4, 0x0,
    0x0, 0x0, 0x0, 0x0, 0x0, 0x20, 0xff, 0xb8,
    0xe0, 0xf4, 0x0, 0x0, 0x0, 0x0, 0x0, 0x0,
    0x20, 0xff, 0xb8, 0xe0, 0xf4, 0x0, 0x0, 0x0,
    0x0, 0x0, 0x0, 0x20, 0xff, 0xb8, 0xe0, 0xf4,
    0x0, 0x0, 0x0, 0x0, 0x0, 0x0, 0x20, 0xff,
    0xb8, 0xe0, 0xf4, 0x0, 0x0, 0x0, 0x0, 0x0,
    0x0, 0x20, 0xff, 0xb8, 0xde, 0xf6, 0x0, 0x0,
    0x0, 0x0, 0x0, 0x0, 0x22, 0xff, 0xb6, 0xcd,
    0xff, 0x14, 0x0, 0x0, 0x0, 0x0, 0x0, 0x41,
    0xff, 0xa5, 0x95, 0xff, 0x65, 0x0, 0x0, 0x0,
    0x0, 0x0, 0x92, 0xff, 0x71, 0x2b, 0xfb, 0xee,
    0x49, 0x0, 0x0, 0x0, 0x66, 0xfc, 0xf2, 0x14,
    0x0, 0x65, 0xfd, 0xff, 0xe3, 0xc6, 0xea, 0xff,
    0xf8, 0x4e, 0x0, 0x0, 0x0, 0x39, 0xaf, 0xeb,
    0xfb, 0xe6, 0xa4, 0x2c, 0x0, 0x0,

    /* U+016D "ŭ" */
    0x0, 0xb, 0xfb, 0x9b, 0x22, 0xb8, 0xde, 0x0,
    0x0, 0x0, 0x0, 0x6a, 0xf9, 0xff, 0xf1, 0x4a,
    0x0, 0x0, 0x0, 0x0, 0x0, 0x16, 0x39, 0xf,
    0x0, 0x0, 0x0, 0x0, 0x0, 0x0, 0x0, 0x0,
    0x0, 0x0, 0x0, 0x0, 0xf4, 0xe0, 0x0, 0x0,
    0x0, 0x0, 0x20, 0xff, 0xb8, 0xf4, 0xe0, 0x0,
    0x0, 0x0, 0x0, 0x20, 0xff, 0xb8, 0xf4, 0xe0,
    0x0, 0x0, 0x0, 0x0, 0x20, 0xff, 0xb8, 0xf4,
    0xe0, 0x0, 0x0, 0x0, 0x0, 0x20, 0xff, 0xb8,
    0xf4, 0xe0, 0x0, 0x0, 0x0, 0x0, 0x20, 0xff,
    0xb8, 0xf4, 0xe0, 0x0, 0x0, 0x0, 0x0, 0x28,
    0xff, 0xb8, 0xe5, 0xf4, 0x1, 0x0, 0x0, 0x0,
    0x5c, 0xff, 0xb8, 0xbc, 0xff, 0x63, 0x0, 0x0,
    0x1c, 0xdd, 0xff, 0xb8, 0x45, 0xff, 0xff, 0xc8,
    0xb6, 0xf0, 0xc5, 0xff, 0xb8, 0x0, 0x5a, 0xd2,
    0xf9, 0xe5, 0x89, 0x16, 0xff, 0xb8,

    /* U+016E "Ů" */
    0x0, 0x0, 0x0, 0x13, 0xb9, 0xf1, 0x9f, 0x3,
    0x0, 0x0, 0x0, 0x0, 0x0, 0x0, 0x86, 0xd0,
    0x41, 0xe5, 0x5c, 0x0, 0x0, 0x0, 0x0, 0x0,
    0x0, 0x92, 0xba, 0xd, 0xd7, 0x6a, 0x0, 0x0,
    0x0, 0x0, 0x0, 0x0, 0x23, 0xe2, 0xff, 0xcc,
    0xd, 0x0, 0x0, 0x0, 0x0, 0x0, 0x0, 0x0,
    0x5, 0x1f, 0x2, 0x0, 0x0, 0x0, 0x0, 0xe0,
    0xf4, 0x0, 0x0, 0x0, 0x0, 0x0, 0x0, 0x20,
    0xff, 0xb8, 0xe0, 0xf4, 0x0, 0x0, 0x0, 0x0,
    0x0, 0x0, 0x20, 0xff, 0xb8, 0xe0, 0xf4, 0x0,
    0x0, 0x0, 0x0, 0x0, 0x0, 0x20, 0xff, 0xb8,
    0xe0, 0xf4, 0x0, 0x0, 0x0, 0x0, 0x0, 0x0,
    0x20, 0xff, 0xb8, 0xe0, 0xf4, 0x0, 0x0, 0x0,
    0x0, 0x0, 0x0, 0x20, 0xff, 0xb8, 0xe0, 0xf4,
    0x0, 0x0, 0x0, 0x0, 0x0, 0x0, 0x20, 0xff,
    0xb8, 0xe0, 0xf4, 0x0, 0x0, 0x0, 0x0, 0x0,
    0x0, 0x20, 0xff, 0xb8, 0xe0, 0xf4, 0x0, 0x0,
    0x0, 0x0, 0x0, 0x0, 0x20, 0xff, 0xb8, 0xde,
    0xf6, 0x0, 0x0, 0x0, 0x0, 0x0, 0x0, 0x22,
    0xff, 0xb6, 0xcd, 0xff, 0x14, 0x0, 0x0, 0x0,
    0x0, 0x0, 0x41, 0xff, 0xa5, 0x95, 0xff, 0x65,
    0x0, 0x0, 0x0, 0x0, 0x0, 0x92, 0xff, 0x71,
    0x2b, 0xfb, 0xee, 0x49, 0x0, 0x0, 0x0, 0x66,
    0xfc, 0xf2, 0x14, 0x0, 0x65, 0xfd, 0xff, 0xe3,
    0xc6, 0xea, 0xff, 0xf8, 0x4e, 0x0, 0x0, 0x0,
    0x39, 0xaf, 0xeb, 0xfb, 0xe6, 0xa4, 0x2c, 0x0,
    0x0,

    /* U+016F "ů" */
    0x0, 0x0, 0x13, 0xbb, 0xf2, 0xa3, 0x4, 0x0,
    0x0, 0x0, 0x0, 0x86, 0xd0, 0x41, 0xe5, 0x5c,
    0x0, 0x0, 0x0, 0x0, 0x92, 0xbc, 0xe, 0xd8,
    0x6a, 0x0, 0x0, 0x0, 0x0, 0x23, 0xe2, 0xff,
    0xcc, 0xd, 0x0, 0x0, 0x0, 0x0, 0x0, 0x5,
    0x1f, 0x2, 0x0, 0x0, 0x0, 0x0, 0x0, 0x0,
    0x0, 0x0, 0x0, 0x0, 0x0, 0x0, 0xf4, 0xe0,
    0x0, 0x0, 0x0, 0x0, 0x20, 0xff, 0xb8, 0xf4,
    0xe0, 0x0, 0x0, 0x0, 0x0, 0x20, 0xff, 0xb8,
    0xf4, 0xe0, 0x0, 0x0, 0x0, 0x0, 0x20, 0xff,
    0xb8, 0xf4, 0xe0, 0x0, 0x0, 0x0, 0x0, 0x20,
    0xff, 0xb8, 0xf4, 0xe0, 0x0, 0x0, 0x0, 0x0,
    0x20, 0xff, 0xb8, 0xf4, 0xe0, 0x0, 0x0, 0x0,
    0x0, 0x28, 0xff, 0xb8, 0xe5, 0xf4, 0x1, 0x0,
    0x0, 0x0, 0x5c, 0xff, 0xb8, 0xbc, 0xff, 0x63,
    0x0, 0x0, 0x1c, 0xdd, 0xff, 0xb8, 0x45, 0xff,
    0xff, 0xc8, 0xb6, 0xf0, 0xc5, 0xff, 0xb8, 0x0,
    0x5a, 0xd2, 0xf9, 0xe5, 0x89, 0x16, 0xff, 0xb8,

    /* U+0170 "Ű" */
    0x0, 0x0, 0x0, 0x59, 0xff, 0x92, 0x13, 0xf8,
    0xd9, 0x5, 0x0, 0x0, 0x0, 0x0, 0xc3, 0xee,
    0x13, 0x75, 0xff, 0x4d, 0x0, 0x0, 0x0, 0x0,
    0xa, 0x87, 0x4d, 0x0, 0x68, 0x76, 0x0, 0x0,
    0x0, 0x0, 0x0, 0x0, 0x0, 0x0, 0x0, 0x0,
    0x0, 0x0, 0x0, 0x0, 0xe0, 0xf4, 0x0, 0x0,
    0x0, 0x0, 0x0, 0x0, 0x20, 0xff, 0xb8, 0xe0,
    0xf4, 0x0, 0x0, 0x0, 0x0, 0x0, 0x0, 0x20,
    0xff, 0xb8, 0xe0, 0xf4, 0x0, 0x0, 0x0, 0x0,
    0x0, 0x0, 0x20, 0xff, 0xb8, 0xe0, 0xf4, 0x0,
    0x0, 0x0, 0x0, 0x0, 0x0, 0x20, 0xff, 0xb8,
    0xe0, 0xf4, 0x0, 0x0, 0x0, 0x0, 0x0, 0x0,
    0x20, 0xff, 0xb8, 0xe0, 0xf4, 0x0, 0x0, 0x0,
    0x0, 0x0, 0x0, 0x20, 0xff, 0xb8, 0xe0, 0xf4,
    0x0, 0x0, 0x0, 0x0, 0x0, 0x0, 0x20, 0xff,
    0xb8, 0xe0, 0xf4, 0x0, 0x0, 0x0, 0x0, 0x0,
    0x0, 0x20, 0xff, 0xb8, 0xde, 0xf6, 0x0, 0x0,
    0x0, 0x0, 0x0, 0x0, 0x22, 0xff, 0xb6, 0xcd,
    0xff, 0x14, 0x0, 0x0, 0x0, 0x0, 0x0, 0x41,
    0xff, 0xa5, 0x95, 0xff, 0x65, 0x0, 0x0, 0x0,
    0x0, 0x0, 0x92, 0xff, 0x71, 0x2b, 0xfb, 0xee,
    0x49, 0x0, 0x0, 0x0, 0x66, 0xfc, 0xf2, 0x14,
    0x0, 0x65, 0xfd, 0xff, 0xe3, 0xc6, 0xea, 0xff,
    0xf8, 0x4e, 0x0, 0x0, 0x0, 0x39, 0xaf, 0xeb,
    0xfb, 0xe6, 0xa4, 0x2c, 0x0, 0x0,

    /* U+0171 "ű" */
    0x0, 0x0, 0x49, 0xff, 0xa2, 0xb, 0xf1, 0xe4,
    0xa, 0x0, 0x0, 0xb3, 0xf5, 0x1c, 0x65, 0xff,
    0x5d, 0x0, 0x0, 0x4, 0x85, 0x56, 0x0, 0x5f,
    0x7d, 0x1, 0x0, 0x0, 0x0, 0x0, 0x0, 0x0,
    0x0, 0x0, 0x0, 0x0, 0xf4, 0xe0, 0x0, 0x0,
    0x0, 0x0, 0x20, 0xff, 0xb8, 0xf4, 0xe0, 0x0,
    0x0, 0x0, 0x0, 0x20, 0xff, 0xb8, 0xf4, 0xe0,
    0x0, 0x0, 0x0, 0x0, 0x20, 0xff, 0xb8, 0xf4,
    0xe0, 0x0, 0x0, 0x0, 0x0, 0x20, 0xff, 0xb8,
    0xf4, 0xe0, 0x0, 0x0, 0x0, 0x0, 0x20, 0xff,
    0xb8, 0xf4, 0xe0, 0x0, 0x0, 0x0, 0x0, 0x28,
    0xff, 0xb8, 0xe5, 0xf4, 0x1, 0x0, 0x0, 0x0,
    0x5c, 0xff, 0xb8, 0xbc, 0xff, 0x63, 0x0, 0x0,
    0x1c, 0xdd, 0xff, 0xb8, 0x45, 0xff, 0xff, 0xc8,
    0xb6, 0xf0, 0xc5, 0xff, 0xb8, 0x0, 0x5a, 0xd2,
    0xf9, 0xe5, 0x89, 0x16, 0xff, 0xb8,

    /* U+0172 "Ų" */
    0xe0, 0xf4, 0x0, 0x0, 0x0, 0x0, 0x0, 0x0,
    0x20, 0xff, 0xb8, 0xe0, 0xf4, 0x0, 0x0, 0x0,
    0x0, 0x0, 0x0, 0x20, 0xff, 0xb8, 0xe0, 0xf4,
    0x0, 0x0, 0x0, 0x0, 0x0, 0x0, 0x20, 0xff,
    0xb8, 0xe0, 0xf4, 0x0, 0x0, 0x0, 0x0, 0x0,
    0x0, 0x20, 0xff, 0xb8, 0xe0, 0xf4, 0x0, 0x0,
    0x0, 0x0, 0x0, 0x0, 0x20, 0xff, 0xb8, 0xe0,
    0xf4, 0x0, 0x0, 0x0, 0x0, 0x0, 0x0, 0x20,
    0xff, 0xb8, 0xe0, 0xf4, 0x0, 0x0, 0x0, 0x0,
    0x0, 0x0, 0x20, 0xff, 0xb8, 0xe0, 0xf4, 0x0,
    0x0, 0x0, 0x0, 0x0, 0x0, 0x20, 0xff, 0xb8,
    0xde, 0xf6, 0x0, 0x0, 0x0, 0x0, 0x0, 0x0,
    0x22, 0xff, 0xb4, 0xcd, 0xff, 0x14, 0x0, 0x0,
    0x0, 0x0, 0x0, 0x41, 0xff, 0x9f, 0x95, 0xff,
    0x65, 0x0, 0x0, 0x0, 0x0, 0x0, 0x92, 0xff,
    0x69, 0x2b, 0xfb, 0xee, 0x49, 0x0, 0x0, 0x0,
    0x66, 0xfc, 0xed, 0x14, 0x0, 0x65, 0xfd, 0xff,
    0xe3, 0xc6, 0xea, 0xff, 0xf5, 0x49, 0x0, 0x0,
    0x0, 0x39, 0xaf, 0xeb, 0xfe, 0xff, 0xe6, 0x34,
    0x0, 0x0, 0x0, 0x0, 0x0, 0x0, 0x0, 0xad,
    0xe2, 0x1f, 0x0, 0x0, 0x0, 0x0, 0x0, 0x0,
    0x0, 0x2c, 0xff, 0x7c, 0x0, 0x0, 0x0, 0x0,
    0x0, 0x0, 0x0, 0x0, 0x18, 0xfc, 0xdf, 0x85,
    0x2, 0x0, 0x0, 0x0, 0x0, 0x0, 0x0, 0x0,
    0x61, 0xe2, 0xee, 0x34, 0x0, 0x0,

    /* U+0173 "ų" */
    0xf4, 0xe0, 0x0, 0x0, 0x0, 0x0, 0x20, 0xff,
    0xb8, 0x0, 0xf4, 0xe0, 0x0, 0x0, 0x0, 0x0,
    0x20, 0xff, 0xb8, 0x0, 0xf4, 0xe0, 0x0, 0x0,
    0x0, 0x0, 0x20, 0xff, 0xb8, 0x0, 0xf4, 0xe0,
    0x0, 0x0, 0x0, 0x0, 0x20, 0xff, 0xb8, 0x0,
    0xf4, 0xe0, 0x0, 0x0, 0x0, 0x0, 0x20, 0xff,
    0xb8, 0x0, 0xf4, 0xe0, 0x0, 0x0, 0x0, 0x0,
    0x28, 0xff, 0xb8, 0x0, 0xe5, 0xf4, 0x1, 0x0,
    0x0, 0x0, 0x5c, 0xff, 0xb8, 0x0, 0xbc, 0xff,
    0x63, 0x0, 0x0, 0x1c, 0xdd, 0xff, 0xb8, 0x0,
    0x45, 0xff, 0xff, 0xc8, 0xb6, 0xf0, 0xc5, 0xff,
    0xb8, 0x0, 0x0, 0x5a, 0xd2, 0xf9, 0xe5, 0x89,
    0x25, 0xff, 0xa8, 0x0, 0x0, 0x0, 0x0, 0x0,
    0x0, 0x9, 0xd6, 0xc3, 0xb, 0x0, 0x0, 0x0,
    0x0, 0x0, 0x0, 0x4d, 0xff, 0x59, 0x0, 0x0,
    0x0, 0x0, 0x0, 0x0, 0x0, 0x34, 0xff, 0xd1,
    0x75, 0x0, 0x0, 0x0, 0x0, 0x0, 0x0, 0x0,
    0x76, 0xe9, 0xe8, 0x1a,

    /* U+0174 "Ŵ" */
    0x0, 0x0, 0x0, 0x0, 0x0, 0x0, 0x0, 0x13,
    0xda, 0xff, 0x81, 0x0, 0x0, 0x0, 0x0, 0x0,
    0x0, 0x0, 0x0, 0x0, 0x0, 0x0, 0x0, 0x0,
    0x0, 0x6, 0xc2, 0xe9, 0x89, 0xfe, 0x55, 0x0,
    0x0, 0x0, 0x0, 0x0, 0x0, 0x0, 0x0, 0x0,
    0x0, 0x0, 0x0, 0x0, 0x35, 0x80, 0x35, 0x0,
    0x69, 0x75, 0x3, 0x0, 0x0, 0x0, 0x0, 0x0,
    0x0, 0x0, 0x0, 0x0, 0x0, 0x0, 0x0, 0x0,
    0x0, 0x0, 0x0, 0x0, 0x0, 0x0, 0x0, 0x0,
    0x0, 0x0, 0x0, 0x0, 0x8c, 0xff, 0x5e, 0x0,
    0x0, 0x0, 0x0, 0x0, 0x0, 0x0, 0x0, 0x0,
    0x0, 0x0, 0x0, 0x1, 0xeb, 0xf5, 0x7, 0x43,
    0xff, 0xa5, 0x0, 0x0, 0x0, 0x0, 0x0, 0x12,
    0x20, 0x5, 0x0, 0x0, 0x0, 0x0, 0x30, 0xff,
    0xb6, 0x0, 0x6, 0xf3, 0xea, 0x1, 0x0, 0x0,
    0x0, 0x0, 0xc6, 0xff, 0x5d, 0x0, 0x0, 0x0,
    0x0, 0x72, 0xff, 0x70, 0x0, 0x0, 0xb1, 0xff,
    0x32, 0x0, 0x0, 0x0, 0x1e, 0xfe, 0xff, 0xb5,
    0x0, 0x0, 0x0, 0x0, 0xb5, 0xff, 0x2a, 0x0,
    0x0, 0x68, 0xff, 0x78, 0x0, 0x0, 0x0, 0x74,
    0xff, 0xf6, 0xfa, 0x12, 0x0, 0x0, 0x4, 0xf2,
    0xe4, 0x0, 0x0, 0x0, 0x1f, 0xff, 0xbf, 0x0,
    0x0, 0x0, 0xca, 0xf7, 0x77, 0xff, 0x63, 0x0,
    0x0, 0x3a, 0xff, 0x9e, 0x0, 0x0, 0x0, 0x0,
    0xd7, 0xf9, 0xb, 0x0, 0x21, 0xff, 0xaf, 0x17,
    0xfd, 0xba, 0x0, 0x0, 0x7c, 0xff, 0x58, 0x0,
    0x0, 0x0, 0x0, 0x8e, 0xff, 0x4c, 0x0, 0x78,
    0xff, 0x5a, 0x0, 0xbf, 0xfc, 0x15, 0x0, 0xbf,
    0xfe, 0x14, 0x0, 0x0, 0x0, 0x0, 0x45, 0xff,
    0x92, 0x0, 0xce, 0xf7, 0xd, 0x0, 0x6a, 0xff,
    0x68, 0x8, 0xf8, 0xcc, 0x0, 0x0, 0x0, 0x0,
    0x0, 0x7, 0xf4, 0xd9, 0x25, 0xff, 0xaf, 0x0,
    0x0, 0x17, 0xfd, 0xbf, 0x44, 0xff, 0x86, 0x0,
    0x0, 0x0, 0x0, 0x0, 0x0, 0xb3, 0xff, 0x9b,
    0xff, 0x5a, 0x0, 0x0, 0x0, 0xbf, 0xfd, 0x9f,
    0xff, 0x40, 0x0, 0x0, 0x0, 0x0, 0x0, 0x0,
    0x6a, 0xff, 0xff, 0xf7, 0xd, 0x0, 0x0, 0x0,
    0x6a, 0xff, 0xff, 0xf4, 0x6, 0x0, 0x0, 0x0,
    0x0, 0x0, 0x0, 0x21, 0xff, 0xff, 0xaf, 0x0,
    0x0, 0x0, 0x0, 0x17, 0xfd, 0xff, 0xb4, 0x0,
    0x0, 0x0, 0x0, 0x0, 0x0, 0x0, 0x0, 0xd8,
    0xff, 0x5a, 0x0, 0x0, 0x0, 0x0, 0x0, 0xbf,
    0xff, 0x6e, 0x0, 0x0, 0x0, 0x0,

    /* U+0175 "ŵ" */
    0x0, 0x0, 0x0, 0x0, 0x0, 0x9, 0xbd, 0xff,
    0xc0, 0x9, 0x0, 0x0, 0x0, 0x0, 0x0, 0x0,
    0x0, 0x0, 0x0, 0x9, 0xbc, 0xe8, 0x48, 0xe5,
    0xb8, 0x6, 0x0, 0x0, 0x0, 0x0, 0x0, 0x0,
    0x0, 0x0, 0xd, 0x28, 0x14, 0x0, 0x13, 0x28,
    0xb, 0x0, 0x0, 0x0, 0x0, 0x0, 0x0, 0x0,
    0x0, 0x0, 0x0, 0x0, 0x0, 0x0, 0x0, 0x0,
    0x0, 0x0, 0x0, 0x0, 0xc4, 0xff, 0x25, 0x0,
    0x0, 0x0, 0x8a, 0xff, 0xac, 0x0, 0x0, 0x0,
    0xb, 0xf9, 0xd7, 0x73, 0xff, 0x6f, 0x0, 0x0,
    0x0, 0xdb, 0xff, 0xf5, 0x9, 0x0, 0x0, 0x4f,
    0xff, 0x86, 0x22, 0xff, 0xb9, 0x0, 0x0, 0x2e,
    0xff, 0xdb, 0xff, 0x51, 0x0, 0x0, 0x99, 0xff,
    0x35, 0x0, 0xd1, 0xf8, 0xa, 0x0, 0x80, 0xff,
    0x43, 0xff, 0xa3, 0x0, 0x0, 0xe1, 0xe3, 0x1,
    0x0, 0x81, 0xff, 0x4d, 0x0, 0xd2, 0xd4, 0x0,
    0xcc, 0xef, 0x5, 0x2c, 0xff, 0x93, 0x0, 0x0,
    0x30, 0xff, 0x98, 0x23, 0xff, 0x83, 0x0, 0x7a,
    0xff, 0x47, 0x76, 0xff, 0x43, 0x0, 0x0, 0x0,
    0xde, 0xe1, 0x76, 0xff, 0x32, 0x0, 0x29, 0xff,
    0x99, 0xbf, 0xee, 0x4, 0x0, 0x0, 0x0, 0x8e,
    0xff, 0xe6, 0xe1, 0x0, 0x0, 0x0, 0xd7, 0xeb,
    0xfa, 0xa1, 0x0, 0x0, 0x0, 0x0, 0x3d, 0xff,
    0xff, 0x90, 0x0, 0x0, 0x0, 0x86, 0xff, 0xff,
    0x50, 0x0, 0x0, 0x0, 0x0, 0x2, 0xe9, 0xff,
    0x40, 0x0, 0x0, 0x0, 0x35, 0xff, 0xf6, 0xa,
    0x0, 0x0,

    /* U+0176 "Ŷ" */
    0x0, 0x0, 0x0, 0x0, 0x42, 0xfa, 0xf8, 0x38,
    0x0, 0x0, 0x0, 0x0, 0x0, 0x0, 0x0, 0x29,
    0xef, 0xb6, 0xbc, 0xe7, 0x1c, 0x0, 0x0, 0x0,
    0x0, 0x0, 0x0, 0x5d, 0x7e, 0xf, 0x12, 0x7f,
    0x51, 0x0, 0x0, 0x0, 0x0, 0x0, 0x0, 0x0,
    0x0, 0x0, 0x0, 0x0, 0x0, 0x0, 0x0, 0x0,
    0x72, 0xff, 0xb6, 0x0, 0x0, 0x0, 0x0, 0x0,
    0x3, 0xce, 0xff, 0x52, 0x2, 0xc9, 0xff, 0x55,
    0x0, 0x0, 0x0, 0x0, 0x6f, 0xff, 0xb1, 0x0,
    0x0, 0x2d, 0xfa, 0xe6, 0xe, 0x0, 0x0, 0x19,
    0xf1, 0xf2, 0x1c, 0x0, 0x0, 0x0, 0x82, 0xff,
    0x93, 0x0, 0x0, 0xa7, 0xff, 0x6d, 0x0, 0x0,
    0x0, 0x0, 0x6, 0xd6, 0xfd, 0x35, 0x43, 0xff,
    0xc8, 0x2, 0x0, 0x0, 0x0, 0x0, 0x0, 0x3a,
    0xfd, 0xcf, 0xd8, 0xfb, 0x2e, 0x0, 0x0, 0x0,
    0x0, 0x0, 0x0, 0x0, 0x93, 0xff, 0xff, 0x87,
    0x0, 0x0, 0x0, 0x0, 0x0, 0x0, 0x0, 0x0,
    0xc, 0xf7, 0xf1, 0x9, 0x0, 0x0, 0x0, 0x0,
    0x0, 0x0, 0x0, 0x0, 0x0, 0xf0, 0xe8, 0x0,
    0x0, 0x0, 0x0, 0x0, 0x0, 0x0, 0x0, 0x0,
    0x0, 0xf0, 0xe8, 0x0, 0x0, 0x0, 0x0, 0x0,
    0x0, 0x0, 0x0, 0x0, 0x0, 0xf0, 0xe8, 0x0,
    0x0, 0x0, 0x0, 0x0, 0x0, 0x0, 0x0, 0x0,
    0x0, 0xf0, 0xe8, 0x0, 0x0, 0x0, 0x0, 0x0,
    0x0, 0x0, 0x0, 0x0, 0x0, 0xf0, 0xe8, 0x0,
    0x0, 0x0, 0x0, 0x0, 0x0, 0x0, 0x0, 0x0,
    0x0, 0xf0, 0xe8, 0x0, 0x0, 0x0, 0x0, 0x0,

    /* U+0177 "ŷ" */
    0x0, 0x0, 0x0, 0x4d, 0xf9, 0xfb, 0x4e, 0x0,
    0x0, 0x0, 0x0, 0x0, 0x4b, 0xf9, 0x8e, 0x87,
    0xf8, 0x46, 0x0, 0x0, 0x0, 0x0, 0x21, 0x27,
    0x0, 0x0, 0x26, 0x1f, 0x0, 0x0, 0x0, 0x0,
    0x0, 0x0, 0x0, 0x0, 0x0, 0x0, 0x0, 0x0,
    0xb4, 0xff, 0x49, 0x0, 0x0, 0x0, 0x0, 0x54,
    0xff, 0xa7, 0x42, 0xff, 0xb4, 0x0, 0x0, 0x0,
    0x0, 0xbc, 0xff, 0x37, 0x0, 0xcf, 0xfd, 0x21,
    0x0, 0x0, 0x24, 0xfe, 0xc7, 0x0, 0x0, 0x5e,
    0xff, 0x8a, 0x0, 0x0, 0x8b, 0xff, 0x56, 0x0,
    0x0, 0x6, 0xe6, 0xec, 0x8, 0x7, 0xeb, 0xe2,
    0x4, 0x0, 0x0, 0x0, 0x7b, 0xff, 0x60, 0x5a,
    0xff, 0x76, 0x0, 0x0, 0x0, 0x0, 0x13, 0xf5,
    0xcb, 0xc1, 0xf4, 0x11, 0x0, 0x0, 0x0, 0x0,
    0x0, 0x97, 0xff, 0xff, 0x95, 0x0, 0x0, 0x0,
    0x0, 0x0, 0x0, 0x27, 0xfe, 0xfe, 0x26, 0x0,
    0x0, 0x0, 0x0, 0x0, 0x0, 0x17, 0xf8, 0xb5,
    0x0, 0x0, 0x0, 0x0, 0x0, 0x0, 0x0, 0x86,
    0xff, 0x44, 0x0, 0x0, 0x0, 0x0, 0x0, 0x0,
    0xd, 0xef, 0xd3, 0x0, 0x0, 0x0, 0x0, 0x0,
    0x0, 0x0, 0x75, 0xff, 0x64, 0x0, 0x0, 0x0,
    0x0, 0x0, 0x0, 0x6, 0xe5, 0xeb, 0x8, 0x0,
    0x0, 0x0, 0x0, 0x0,

    /* U+0178 "Ÿ" */
    0x0, 0x0, 0x0, 0x8d, 0xee, 0x35, 0x3c, 0xef,
    0x84, 0x0, 0x0, 0x0, 0x0, 0x0, 0x0, 0xb4,
    0xff, 0x4f, 0x58, 0xff, 0xab, 0x0, 0x0, 0x0,
    0x0, 0x0, 0x0, 0xa, 0x2d, 0x0, 0x0, 0x2e,
    0x9, 0x0, 0x0, 0x0, 0x0, 0x0, 0x0, 0x0,
    0x0, 0x0, 0x0, 0x0, 0x0, 0x0, 0x0, 0x0,
    0x72, 0xff, 0xb6, 0x0, 0x0, 0x0, 0x0, 0x0,
    0x3, 0xce, 0xff, 0x52, 0x2, 0xc9, 0xff, 0x55,
    0x0, 0x0, 0x0, 0x0, 0x6f, 0xff, 0xb1, 0x0,
    0x0, 0x2d, 0xfa, 0xe6, 0xe, 0x0, 0x0, 0x19,
    0xf1, 0xf2, 0x1c, 0x0, 0x0, 0x0, 0x82, 0xff,
    0x93, 0x0, 0x0, 0xa7, 0xff, 0x6d, 0x0, 0x0,
    0x0, 0x0, 0x6, 0xd6, 0xfd, 0x35, 0x43, 0xff,
    0xc8, 0x2, 0x0, 0x0, 0x0, 0x0, 0x0, 0x3a,
    0xfd, 0xcf, 0xd8, 0xfb, 0x2e, 0x0, 0x0, 0x0,
    0x0, 0x0, 0x0, 0x0, 0x93, 0xff, 0xff, 0x87,
    0x0, 0x0, 0x0, 0x0, 0x0, 0x0, 0x0, 0x0,
    0xc, 0xf7, 0xf1, 0x9, 0x0, 0x0, 0x0, 0x0,
    0x0, 0x0, 0x0, 0x0, 0x0, 0xf0, 0xe8, 0x0,
    0x0, 0x0, 0x0, 0x0, 0x0, 0x0, 0x0, 0x0,
    0x0, 0xf0, 0xe8, 0x0, 0x0, 0x0, 0x0, 0x0,
    0x0, 0x0, 0x0, 0x0, 0x0, 0xf0, 0xe8, 0x0,
    0x0, 0x0, 0x0, 0x0, 0x0, 0x0, 0x0, 0x0,
    0x0, 0xf0, 0xe8, 0x0, 0x0, 0x0, 0x0, 0x0,
    0x0, 0x0, 0x0, 0x0, 0x0, 0xf0, 0xe8, 0x0,
    0x0, 0x0, 0x0, 0x0, 0x0, 0x0, 0x0, 0x0,
    0x0, 0xf0, 0xe8, 0x0, 0x0, 0x0, 0x0, 0x0,

    /* U+0179 "Ź" */
    0x0, 0x0, 0x0, 0x0, 0x0, 0x71, 0xff, 0x7a,
    0x0, 0x0, 0x0, 0x0, 0x0, 0x0, 0x0, 0x1,
    0xd9, 0xdf, 0x8, 0x0, 0x0, 0x0, 0x0, 0x0,
    0x0, 0x0, 0x17, 0x88, 0x3f, 0x0, 0x0, 0x0,
    0x0, 0x0, 0x0, 0x0, 0x0, 0x0, 0x0, 0x0,
    0x0, 0x0, 0x0, 0x0, 0xc, 0xff, 0xff, 0xff,
    0xff, 0xff, 0xff, 0xff, 0xff, 0xff, 0x68, 0x8,
    0xbc, 0xbc, 0xbc, 0xbc, 0xbc, 0xbc, 0xbc, 0xf4,
    0xff, 0x66, 0x0, 0x0, 0x0, 0x0, 0x0, 0x0,
    0x0, 0x4d, 0xff, 0xe2, 0x12, 0x0, 0x0, 0x0,
    0x0, 0x0, 0x0, 0x1b, 0xec, 0xfc, 0x3c, 0x0,
    0x0, 0x0, 0x0, 0x0, 0x0, 0x3, 0xc1, 0xff,
    0x7c, 0x0, 0x0, 0x0, 0x0, 0x0, 0x0, 0x0,
    0x81, 0xff, 0xbe, 0x2, 0x0, 0x0, 0x0, 0x0,
    0x0, 0x0, 0x3f, 0xfd, 0xea, 0x19, 0x0, 0x0,
    0x0, 0x0, 0x0, 0x0, 0x14, 0xe4, 0xfe, 0x49,
    0x0, 0x0, 0x0, 0x0, 0x0, 0x0, 0x0, 0xb3,
    0xff, 0x8c, 0x0, 0x0, 0x0, 0x0, 0x0, 0x0,
    0x0, 0x71, 0xff, 0xca, 0x5, 0x0, 0x0, 0x0,
    0x0, 0x0, 0x0, 0x33, 0xf9, 0xf1, 0x22, 0x0,
    0x0, 0x0, 0x0, 0x0, 0x0, 0xd, 0xdb, 0xff,
    0x58, 0x0, 0x0, 0x0, 0x0, 0x0, 0x0, 0x0,
    0x5a, 0xff, 0xf7, 0xbc, 0xbc, 0xbc, 0xbc, 0xbc,
    0xbc, 0xbc, 0x5b, 0x5c, 0xff, 0xff, 0xff, 0xff,
    0xff, 0xff, 0xff, 0xff, 0xff, 0x7c,

    /* U+017A "ź" */
    0x0, 0x0, 0x0, 0x0, 0x41, 0xff, 0xaa, 0x0,
    0x0, 0x0, 0x0, 0x0, 0x0, 0xa9, 0xf8, 0x21,
    0x0, 0x0, 0x0, 0x0, 0x0, 0x1, 0x82, 0x5a,
    0x0, 0x0, 0x0, 0x0, 0x0, 0x0, 0x0, 0x0,
    0x0, 0x0, 0x0, 0x0, 0x34, 0xff, 0xff, 0xff,
    0xff, 0xff, 0xff, 0xff, 0x7c, 0x22, 0xa8, 0xa8,
    0xa8, 0xa8, 0xa8, 0xf8, 0xff, 0x69, 0x0, 0x0,
    0x0, 0x0, 0x0, 0x7a, 0xff, 0xb6, 0x2, 0x0,
    0x0, 0x0, 0x0, 0x4e, 0xfe, 0xd7, 0xe, 0x0,
    0x0, 0x0, 0x0, 0x2d, 0xf3, 0xee, 0x24, 0x0,
    0x0, 0x0, 0x0, 0x14, 0xde, 0xfb, 0x43, 0x0,
    0x0, 0x0, 0x0, 0x5, 0xc0, 0xff, 0x6c, 0x0,
    0x0, 0x0, 0x0, 0x0, 0x99, 0xff, 0x9a, 0x0,
    0x0, 0x0, 0x0, 0x0, 0x49, 0xff, 0xfe, 0xad,
    0xa8, 0xa8, 0xa8, 0xa8, 0x5e, 0x5c, 0xff, 0xff,
    0xff, 0xff, 0xff, 0xff, 0xff, 0x90,

    /* U+017B "Ż" */
    0x0, 0x0, 0x0, 0x0, 0x24, 0xeb, 0x88, 0x0,
    0x0, 0x0, 0x0, 0x0, 0x0, 0x0, 0x0, 0x27,
    0xf4, 0x8f, 0x0, 0x0, 0x0, 0x0, 0x0, 0x0,
    0x0, 0x0, 0x0, 0x5, 0x0, 0x0, 0x0, 0x0,
    0x0, 0x0, 0x0, 0x0, 0x0, 0x0, 0x0, 0x0,
    0x0, 0x0, 0x0, 0x0, 0xc, 0xff, 0xff, 0xff,
    0xff, 0xff, 0xff, 0xff, 0xff, 0xff, 0x68, 0x8,
    0xbc, 0xbc, 0xbc, 0xbc, 0xbc, 0xbc, 0xbc, 0xf4,
    0xff, 0x66, 0x0, 0x0, 0x0, 0x0, 0x0, 0x0,
    0x0, 0x4d, 0xff, 0xe2, 0x12, 0x0, 0x0, 0x0,
    0x0, 0x0, 0x0, 0x1b, 0xec, 0xfc, 0x3c, 0x0,
    0x0, 0x0, 0x0, 0x0, 0x0, 0x3, 0xc1, 0xff,
    0x7c, 0x0, 0x0, 0x0, 0x0, 0x0, 0x0, 0x0,
    0x81, 0xff, 0xbe, 0x2, 0x0, 0x0, 0x0, 0x0,
    0x0, 0x0, 0x3f, 0xfd, 0xea, 0x19, 0x0, 0x0,
    0x0, 0x0, 0x0, 0x0, 0x14, 0xe4, 0xfe, 0x49,
    0x0, 0x0, 0x0, 0x0, 0x0, 0x0, 0x0, 0xb3,
    0xff, 0x8c, 0x0, 0x0, 0x0, 0x0, 0x0, 0x0,
    0x0, 0x71, 0xff, 0xca, 0x5, 0x0, 0x0, 0x0,
    0x0, 0x0, 0x0, 0x33, 0xf9, 0xf1, 0x22, 0x0,
    0x0, 0x0, 0x0, 0x0, 0x0, 0xd, 0xdb, 0xff,
    0x58, 0x0, 0x0, 0x0, 0x0, 0x0, 0x0, 0x0,
    0x5a, 0xff, 0xf7, 0xbc, 0xbc, 0xbc, 0xbc, 0xbc,
    0xbc, 0xbc, 0x5b, 0x5c, 0xff, 0xff, 0xff, 0xff,
    0xff, 0xff, 0xff, 0xff, 0xff, 0x7c,

    /* U+017C "ż" */
    0x0, 0x0, 0x0, 0x30, 0xec, 0x95, 0x0, 0x0,
    0x0, 0x0, 0x0, 0x0, 0x49, 0xff, 0xbb, 0x0,
    0x0, 0x0, 0x0, 0x0, 0x0, 0x0, 0x2b, 0xd,
    0x0, 0x0, 0x0, 0x0, 0x0, 0x0, 0x0, 0x0,
    0x0, 0x0, 0x0, 0x0, 0x34, 0xff, 0xff, 0xff,
    0xff, 0xff, 0xff, 0xff, 0x7c, 0x22, 0xa8, 0xa8,
    0xa8, 0xa8, 0xa8, 0xf8, 0xff, 0x69, 0x0, 0x0,
    0x0, 0x0, 0x0, 0x7a, 0xff, 0xb6, 0x2, 0x0,
    0x0, 0x0, 0x0, 0x4e, 0xfe, 0xd7, 0xe, 0x0,
    0x0, 0x0, 0x0, 0x2d, 0xf3, 0xee, 0x24, 0x0,
    0x0, 0x0, 0x0, 0x14, 0xde, 0xfb, 0x43, 0x0,
    0x0, 0x0, 0x0, 0x5, 0xc0, 0xff, 0x6c, 0x0,
    0x0, 0x0, 0x0, 0x0, 0x99, 0xff, 0x9a, 0x0,
    0x0, 0x0, 0x0, 0x0, 0x49, 0xff, 0xfe, 0xad,
    0xa8, 0xa8, 0xa8, 0xa8, 0x5e, 0x5c, 0xff, 0xff,
    0xff, 0xff, 0xff, 0xff, 0xff, 0x90,

    /* U+017D "Ž" */
    0x0, 0x0, 0x1, 0x6a, 0x73, 0x5, 0x35, 0x80,
    0x39, 0x0, 0x0, 0x0, 0x0, 0x0, 0x2a, 0xe7,
    0xc3, 0xf3, 0xa0, 0x4, 0x0, 0x0, 0x0, 0x0,
    0x0, 0x0, 0x27, 0x80, 0x69, 0x1, 0x0, 0x0,
    0x0, 0x0, 0x0, 0x0, 0x0, 0x0, 0x0, 0x0,
    0x0, 0x0, 0x0, 0x0, 0xc, 0xff, 0xff, 0xff,
    0xff, 0xff, 0xff, 0xff, 0xff, 0xff, 0x68, 0x8,
    0xbc, 0xbc, 0xbc, 0xbc, 0xbc, 0xbc, 0xbc, 0xf4,
    0xff, 0x66, 0x0, 0x0, 0x0, 0x0, 0x0, 0x0,
    0x0, 0x4d, 0xff, 0xe2, 0x12, 0x0, 0x0, 0x0,
    0x0, 0x0, 0x0, 0x1b, 0xec, 0xfc, 0x3c, 0x0,
    0x0, 0x0, 0x0, 0x0, 0x0, 0x3, 0xc1, 0xff,
    0x7c, 0x0, 0x0, 0x0, 0x0, 0x0, 0x0, 0x0,
    0x81, 0xff, 0xbe, 0x2, 0x0, 0x0, 0x0, 0x0,
    0x0, 0x0, 0x3f, 0xfd, 0xea, 0x19, 0x0, 0x0,
    0x0, 0x0, 0x0, 0x0, 0x14, 0xe4, 0xfe, 0x49,
    0x0, 0x0, 0x0, 0x0, 0x0, 0x0, 0x0, 0xb3,
    0xff, 0x8c, 0x0, 0x0, 0x0, 0x0, 0x0, 0x0,
    0x0, 0x71, 0xff, 0xca, 0x5, 0x0, 0x0, 0x0,
    0x0, 0x0, 0x0, 0x33, 0xf9, 0xf1, 0x22, 0x0,
    0x0, 0x0, 0x0, 0x0, 0x0, 0xd, 0xdb, 0xff,
    0x58, 0x0, 0x0, 0x0, 0x0, 0x0, 0x0, 0x0,
    0x5a, 0xff, 0xf7, 0xbc, 0xbc, 0xbc, 0xbc, 0xbc,
    0xbc, 0xbc, 0x5b, 0x5c, 0xff, 0xff, 0xff, 0xff,
    0xff, 0xff, 0xff, 0xff, 0xff, 0x7c,

    /* U+017E "ž" */
    0x0, 0x1, 0x9b, 0xf3, 0x3d, 0xa3, 0xf4, 0x3e,
    0x0, 0x0, 0x0, 0x2, 0xa4, 0xff, 0xf3, 0x3d,
    0x0, 0x0, 0x0, 0x0, 0x0, 0x3, 0x20, 0x14,
    0x0, 0x0, 0x0, 0x0, 0x0, 0x0, 0x0, 0x0,
    0x0, 0x0, 0x0, 0x0, 0x34, 0xff, 0xff, 0xff,
    0xff, 0xff, 0xff, 0xff, 0x7c, 0x22, 0xa8, 0xa8,
    0xa8, 0xa8, 0xa8, 0xf8, 0xff, 0x69, 0x0, 0x0,
    0x0, 0x0, 0x0, 0x7a, 0xff, 0xb6, 0x2, 0x0,
    0x0, 0x0, 0x0, 0x4e, 0xfe, 0xd7, 0xe, 0x0,
    0x0, 0x0, 0x0, 0x2d, 0xf3, 0xee, 0x24, 0x0,
    0x0, 0x0, 0x0, 0x14, 0xde, 0xfb, 0x43, 0x0,
    0x0, 0x0, 0x0, 0x5, 0xc0, 0xff, 0x6c, 0x0,
    0x0, 0x0, 0x0, 0x0, 0x99, 0xff, 0x9a, 0x0,
    0x0, 0x0, 0x0, 0x0, 0x49, 0xff, 0xfe, 0xad,
    0xa8, 0xa8, 0xa8, 0xa8, 0x5e, 0x5c, 0xff, 0xff,
    0xff, 0xff, 0xff, 0xff, 0xff, 0x90,

    /* U+2014 "—" */
    0x70, 0x80, 0x80, 0x80, 0x80, 0x80, 0x80, 0x80,
    0x80, 0x80, 0x80, 0x80, 0x80, 0x80, 0x80, 0x5c,
    0xe0, 0xff, 0xff, 0xff, 0xff, 0xff, 0xff, 0xff,
    0xff, 0xff, 0xff, 0xff, 0xff, 0xff, 0xff, 0xb8,

    /* U+2019 "’" */
    0x0, 0xa4, 0xf1, 0x54, 0x3, 0xfa, 0xff, 0xa2,
    0x0, 0x5e, 0xff, 0x45, 0x0, 0xab, 0x97, 0x0,
    0x0, 0x60, 0xa, 0x0
};


/*---------------------
 *  GLYPH DESCRIPTION
 *--------------------*/

static const lv_font_fmt_txt_glyph_dsc_t glyph_dsc[] = {
    {.bitmap_index = 0, .adv_w = 0, .box_w = 0, .box_h = 0, .ofs_x = 0, .ofs_y = 0} /* id = 0 reserved */,
    {.bitmap_index = 0, .adv_w = 70, .box_w = 0, .box_h = 0, .ofs_x = 0, .ofs_y = 0},
    {.bitmap_index = 0, .adv_w = 74, .box_w = 4, .box_h = 14, .ofs_x = 0, .ofs_y = 0},
    {.bitmap_index = 56, .adv_w = 102, .box_w = 6, .box_h = 5, .ofs_x = 0, .ofs_y = 9},
    {.bitmap_index = 86, .adv_w = 202, .box_w = 13, .box_h = 14, .ofs_x = 0, .ofs_y = 0},
    {.bitmap_index = 268, .adv_w = 171, .box_w = 10, .box_h = 18, .ofs_x = 0, .ofs_y = -2},
    {.bitmap_index = 448, .adv_w = 260, .box_w = 16, .box_h = 14, .ofs_x = 0, .ofs_y = 0},
    {.bitmap_index = 672, .adv_w = 198, .box_w = 12, .box_h = 14, .ofs_x = 0, .ofs_y = 0},
    {.bitmap_index = 840, .adv_w = 55, .box_w = 3, .box_h = 5, .ofs_x = 0, .ofs_y = 9},
    {.bitmap_index = 855, .adv_w = 106, .box_w = 6, .box_h = 19, .ofs_x = 1, .ofs_y = -3},
    {.bitmap_index = 969, .adv_w = 106, .box_w = 6, .box_h = 19, .ofs_x = 0, .ofs_y = -3},
    {.bitmap_index = 1083, .adv_w = 140, .box_w = 8, .box_h = 7, .ofs_x = 0, .ofs_y = 7},
    {.bitmap_index = 1139, .adv_w = 176, .box_w = 9, .box_h = 9, .ofs_x = 1, .ofs_y = 1},
    {.bitmap_index = 1220, .adv_w = 74, .box_w = 4, .box_h = 5, .ofs_x = 0, .ofs_y = -2},
    {.bitmap_index = 1240, .adv_w = 138, .box_w = 7, .box_h = 2, .ofs_x = 1, .ofs_y = 5},
    {.bitmap_index = 1254, .adv_w = 74, .box_w = 4, .box_h = 3, .ofs_x = 0, .ofs_y = 0},
    {.bitmap_index = 1266, .adv_w = 140, .box_w = 9, .box_h = 14, .ofs_x = 0, .ofs_y = 0},
    {.bitmap_index = 1392, .adv_w = 204, .box_w = 12, .box_h = 14, .ofs_x = 0, .ofs_y = 0},
    {.bitmap_index = 1560, .adv_w = 123, .box_w = 6, .box_h = 14, .ofs_x = 0, .ofs_y = 0},
    {.bitmap_index = 1644, .adv_w = 166, .box_w = 10, .box_h = 14, .ofs_x = 0, .ofs_y = 0},
    {.bitmap_index = 1784, .adv_w = 170, .box_w = 10, .box_h = 14, .ofs_x = 0, .ofs_y = 0},
    {.bitmap_index = 1924, .adv_w = 188, .box_w = 11, .box_h = 14, .ofs_x = 0, .ofs_y = 0},
    {.bitmap_index = 2078, .adv_w = 178, .box_w = 11, .box_h = 14, .ofs_x = 0, .ofs_y = 0},
    {.bitmap_index = 2232, .adv_w = 176, .box_w = 11, .box_h = 15, .ofs_x = 0, .ofs_y = 0},
    {.bitmap_index = 2397, .adv_w = 167, .box_w = 10, .box_h = 15, .ofs_x = 0, .ofs_y = -1},
    {.bitmap_index = 2547, .adv_w = 174, .box_w = 11, .box_h = 14, .ofs_x = 0, .ofs_y = 0},
    {.bitmap_index = 2701, .adv_w = 176, .box_w = 11, .box_h = 15, .ofs_x = 0, .ofs_y = -1},
    {.bitmap_index = 2866, .adv_w = 74, .box_w = 4, .box_h = 10, .ofs_x = 0, .ofs_y = 0},
    {.bitmap_index = 2906, .adv_w = 74, .box_w = 4, .box_h = 12, .ofs_x = 0, .ofs_y = -2},
    {.bitmap_index = 2954, .adv_w = 162, .box_w = 8, .box_h = 9, .ofs_x = 1, .ofs_y = 1},
    {.bitmap_index = 3026, .adv_w = 180, .box_w = 10, .box_h = 5, .ofs_x = 1, .ofs_y = 4},
    {.bitmap_index = 3076, .adv_w = 162, .box_w = 8, .box_h = 9, .ofs_x = 1, .ofs_y = 1},
    {.bitmap_index = 3148, .adv_w = 158, .box_w = 9, .box_h = 14, .ofs_x = 0, .ofs_y = 0},
    {.bitmap_index = 3274, .adv_w = 278, .box_w = 17, .box_h = 17, .ofs_x = 0, .ofs_y = -2},
    {.bitmap_index = 3563, .adv_w = 214, .box_w = 14, .box_h = 14, .ofs_x = 0, .ofs_y = 0},
    {.bitmap_index = 3759, .adv_w = 190, .box_w = 11, .box_h = 14, .ofs_x = 1, .ofs_y = 0},
    {.bitmap_index = 3913, .adv_w = 233, .box_w = 14, .box_h = 14, .ofs_x = 0, .ofs_y = 0},
    {.bitmap_index = 4109, .adv_w = 221, .box_w = 13, .box_h = 14, .ofs_x = 1, .ofs_y = 0},
    {.bitmap_index = 4291, .adv_w = 173, .box_w = 9, .box_h = 14, .ofs_x = 1, .ofs_y = 0},
    {.bitmap_index = 4417, .adv_w = 167, .box_w = 9, .box_h = 14, .ofs_x = 1, .ofs_y = 0},
    {.bitmap_index = 4543, .adv_w = 256, .box_w = 16, .box_h = 14, .ofs_x = 0, .ofs_y = 0},
    {.bitmap_index = 4767, .adv_w = 220, .box_w = 12, .box_h = 14, .ofs_x = 1, .ofs_y = 0},
    {.bitmap_index = 4935, .adv_w = 76, .box_w = 3, .box_h = 14, .ofs_x = 1, .ofs_y = 0},
    {.bitmap_index = 4977, .adv_w = 168, .box_w = 10, .box_h = 14, .ofs_x = 0, .ofs_y = 0},
    {.bitmap_index = 5117, .adv_w = 199, .box_w = 12, .box_h = 14, .ofs_x = 1, .ofs_y = 0},
    {.bitmap_index = 5285, .adv_w = 159, .box_w = 9, .box_h = 14, .ofs_x = 1, .ofs_y = 0},
    {.bitmap_index = 5411, .adv_w = 266, .box_w = 15, .box_h = 14, .ofs_x = 1, .ofs_y = 0},
    {.bitmap_index = 5621, .adv_w = 223, .box_w = 12, .box_h = 14, .ofs_x = 1, .ofs_y = 0},
    {.bitmap_index = 5789, .adv_w = 259, .box_w = 16, .box_h = 14, .ofs_x = 0, .ofs_y = 0},
    {.bitmap_index = 6013, .adv_w = 180, .box_w = 10, .box_h = 14, .ofs_x = 1, .ofs_y = 0},
    {.bitmap_index = 6153, .adv_w = 259, .box_w = 16, .box_h = 15, .ofs_x = 0, .ofs_y = -1},
    {.bitmap_index = 6393, .adv_w = 185, .box_w = 11, .box_h = 14, .ofs_x = 1, .ofs_y = 0},
    {.bitmap_index = 6547, .adv_w = 177, .box_w = 11, .box_h = 14, .ofs_x = 0, .ofs_y = 0},
    {.bitmap_index = 6701, .adv_w = 173, .box_w = 11, .box_h = 14, .ofs_x = 0, .ofs_y = 0},
    {.bitmap_index = 6855, .adv_w = 205, .box_w = 11, .box_h = 14, .ofs_x = 1, .ofs_y = 0},
    {.bitmap_index = 7009, .adv_w = 202, .box_w = 13, .box_h = 14, .ofs_x = 0, .ofs_y = 0},
    {.bitmap_index = 7191, .adv_w = 295, .box_w = 19, .box_h = 14, .ofs_x = 0, .ofs_y = 0},
    {.bitmap_index = 7457, .adv_w = 202, .box_w = 13, .box_h = 14, .ofs_x = 0, .ofs_y = 0},
    {.bitmap_index = 7639, .adv_w = 190, .box_w = 12, .box_h = 14, .ofs_x = 0, .ofs_y = 0},
    {.bitmap_index = 7807, .adv_w = 180, .box_w = 11, .box_h = 14, .ofs_x = 0, .ofs_y = 0},
    {.bitmap_index = 7961, .adv_w = 99, .box_w = 5, .box_h = 18, .ofs_x = 1, .ofs_y = -2},
    {.bitmap_index = 8051, .adv_w = 140, .box_w = 9, .box_h = 14, .ofs_x = 0, .ofs_y = 0},
    {.bitmap_index = 8177, .adv_w = 99, .box_w = 5, .box_h = 18, .ofs_x = 0, .ofs_y = -2},
    {.bitmap_index = 8267, .adv_w = 150, .box_w = 10, .box_h = 6, .ofs_x = 0, .ofs_y = 8},
    {.bitmap_index = 8327, .adv_w = 154, .box_w = 10, .box_h = 2, .ofs_x = 0, .ofs_y = -4},
    {.bitmap_index = 8347, .adv_w = 128, .box_w = 4, .box_h = 3, .ofs_x = 1, .ofs_y = 12},
    {.bitmap_index = 8359, .adv_w = 163, .box_w = 10, .box_h = 10, .ofs_x = 0, .ofs_y = 0},
    {.bitmap_index = 8459, .adv_w = 184, .box_w = 10, .box_h = 14, .ofs_x = 1, .ofs_y = 0},
    {.bitmap_index = 8599, .adv_w = 167, .box_w = 10, .box_h = 10, .ofs_x = 0, .ofs_y = 0},
    {.bitmap_index = 8699, .adv_w = 184, .box_w = 11, .box_h = 14, .ofs_x = 0, .ofs_y = 0},
    {.bitmap_index = 8853, .adv_w = 172, .box_w = 11, .box_h = 10, .ofs_x = 0, .ofs_y = 0},
    {.bitmap_index = 8963, .adv_w = 118, .box_w = 8, .box_h = 14, .ofs_x = 0, .ofs_y = 0},
    {.bitmap_index = 9075, .adv_w = 184, .box_w = 11, .box_h = 14, .ofs_x = 0, .ofs_y = -4},
    {.bitmap_index = 9229, .adv_w = 173, .box_w = 9, .box_h = 14, .ofs_x = 1, .ofs_y = 0},
    {.bitmap_index = 9355, .adv_w = 70, .box_w = 4, .box_h = 14, .ofs_x = 0, .ofs_y = 0},
    {.bitmap_index = 9411, .adv_w = 70, .box_w = 5, .box_h = 18, .ofs_x = -1, .ofs_y = -4},
    {.bitmap_index = 9501, .adv_w = 155, .box_w = 9, .box_h = 14, .ofs_x = 1, .ofs_y = 0},
    {.bitmap_index = 9627, .adv_w = 65, .box_w = 2, .box_h = 14, .ofs_x = 1, .ofs_y = 0},
    {.bitmap_index = 9655, .adv_w = 273, .box_w = 15, .box_h = 10, .ofs_x = 1, .ofs_y = 0},
    {.bitmap_index = 9805, .adv_w = 173, .box_w = 9, .box_h = 10, .ofs_x = 1, .ofs_y = 0},
    {.bitmap_index = 9895, .adv_w = 179, .box_w = 11, .box_h = 10, .ofs_x = 0, .ofs_y = 0},
    {.bitmap_index = 10005, .adv_w = 183, .box_w = 10, .box_h = 14, .ofs_x = 1, .ofs_y = -4},
    {.bitmap_index = 10145, .adv_w = 183, .box_w = 11, .box_h = 14, .ofs_x = 0, .ofs_y = -4},
    {.bitmap_index = 10299, .adv_w = 116, .box_w = 7, .box_h = 10, .ofs_x = 1, .ofs_y = 0},
    {.bitmap_index = 10369, .adv_w = 146, .box_w = 9, .box_h = 10, .ofs_x = 0, .ofs_y = 0},
    {.bitmap_index = 10459, .adv_w = 113, .box_w = 7, .box_h = 13, .ofs_x = 0, .ofs_y = 0},
    {.bitmap_index = 10550, .adv_w = 173, .box_w = 9, .box_h = 10, .ofs_x = 1, .ofs_y = 0},
    {.bitmap_index = 10640, .adv_w = 159, .box_w = 10, .box_h = 10, .ofs_x = 0, .ofs_y = 0},
    {.bitmap_index = 10740, .adv_w = 241, .box_w = 15, .box_h = 10, .ofs_x = 0, .ofs_y = 0},
    {.bitmap_index = 10890, .adv_w = 151, .box_w = 10, .box_h = 10, .ofs_x = 0, .ofs_y = 0},
    {.bitmap_index = 10990, .adv_w = 159, .box_w = 10, .box_h = 14, .ofs_x = 0, .ofs_y = -4},
    {.bitmap_index = 11130, .adv_w = 147, .box_w = 9, .box_h = 10, .ofs_x = 0, .ofs_y = 0},
    {.bitmap_index = 11220, .adv_w = 102, .box_w = 6, .box_h = 18, .ofs_x = 0, .ofs_y = -2},
    {.bitmap_index = 11328, .adv_w = 73, .box_w = 3, .box_h = 18, .ofs_x = 1, .ofs_y = -2},
    {.bitmap_index = 11382, .adv_w = 102, .box_w = 6, .box_h = 18, .ofs_x = 0, .ofs_y = -2},
    {.bitmap_index = 11490, .adv_w = 170, .box_w = 10, .box_h = 3, .ofs_x = 0, .ofs_y = 5},
    {.bitmap_index = 11520, .adv_w = 70, .box_w = 0, .box_h = 0, .ofs_x = 0, .ofs_y = 0},
    {.bitmap_index = 11520, .adv_w = 74, .box_w = 4, .box_h = 14, .ofs_x = 0, .ofs_y = -4},
    {.bitmap_index = 11576, .adv_w = 167, .box_w = 10, .box_h = 14, .ofs_x = 0, .ofs_y = 0},
    {.bitmap_index = 11716, .adv_w = 166, .box_w = 11, .box_h = 14, .ofs_x = 0, .ofs_y = 0},
    {.bitmap_index = 11870, .adv_w = 191, .box_w = 10, .box_h = 10, .ofs_x = 1, .ofs_y = 1},
    {.bitmap_index = 11970, .adv_w = 183, .box_w = 12, .box_h = 14, .ofs_x = 0, .ofs_y = 0},
    {.bitmap_index = 12138, .adv_w = 73, .box_w = 3, .box_h = 18, .ofs_x = 1, .ofs_y = -2},
    {.bitmap_index = 12192, .adv_w = 171, .box_w = 10, .box_h = 18, .ofs_x = 0, .ofs_y = -4},
    {.bitmap_index = 12372, .adv_w = 128, .box_w = 6, .box_h = 3, .ofs_x = 1, .ofs_y = 12},
    {.bitmap_index = 12390, .adv_w = 170, .box_w = 10, .box_h = 9, .ofs_x = 0, .ofs_y = 5},
    {.bitmap_index = 12480, .adv_w = 153, .box_w = 9, .box_h = 9, .ofs_x = 0, .ofs_y = 5},
    {.bitmap_index = 12561, .adv_w = 178, .box_w = 10, .box_h = 9, .ofs_x = 0, .ofs_y = 1},
    {.bitmap_index = 12651, .adv_w = 180, .box_w = 10, .box_h = 6, .ofs_x = 0, .ofs_y = 2},
    {.bitmap_index = 12711, .adv_w = 138, .box_w = 7, .box_h = 2, .ofs_x = 1, .ofs_y = 5},
    {.bitmap_index = 12725, .adv_w = 170, .box_w = 10, .box_h = 9, .ofs_x = 0, .ofs_y = 5},
    {.bitmap_index = 12815, .adv_w = 128, .box_w = 6, .box_h = 3, .ofs_x = 1, .ofs_y = 12},
    {.bitmap_index = 12833, .adv_w = 104, .box_w = 6, .box_h = 7, .ofs_x = 0, .ofs_y = 8},
    {.bitmap_index = 12875, .adv_w = 176, .box_w = 9, .box_h = 11, .ofs_x = 1, .ofs_y = 0},
    {.bitmap_index = 12974, .adv_w = 97, .box_w = 6, .box_h = 7, .ofs_x = 0, .ofs_y = 7},
    {.bitmap_index = 13016, .adv_w = 103, .box_w = 6, .box_h = 7, .ofs_x = 0, .ofs_y = 7},
    {.bitmap_index = 13058, .adv_w = 128, .box_w = 4, .box_h = 3, .ofs_x = 3, .ofs_y = 12},
    {.bitmap_index = 13070, .adv_w = 173, .box_w = 9, .box_h = 14, .ofs_x = 1, .ofs_y = -4},
    {.bitmap_index = 13196, .adv_w = 200, .box_w = 11, .box_h = 18, .ofs_x = 0, .ofs_y = -4},
    {.bitmap_index = 13394, .adv_w = 56, .box_w = 4, .box_h = 3, .ofs_x = 0, .ofs_y = 5},
    {.bitmap_index = 13406, .adv_w = 128, .box_w = 5, .box_h = 6, .ofs_x = 1, .ofs_y = -6},
    {.bitmap_index = 13436, .adv_w = 77, .box_w = 4, .box_h = 7, .ofs_x = 0, .ofs_y = 7},
    {.bitmap_index = 13464, .adv_w = 165, .box_w = 10, .box_h = 9, .ofs_x = 0, .ofs_y = 5},
    {.bitmap_index = 13554, .adv_w = 178, .box_w = 10, .box_h = 9, .ofs_x = 1, .ofs_y = 1},
    {.bitmap_index = 13644, .adv_w = 236, .box_w = 14, .box_h = 16, .ofs_x = 0, .ofs_y = -1},
    {.bitmap_index = 13868, .adv_w = 248, .box_w = 15, .box_h = 16, .ofs_x = 0, .ofs_y = -1},
    {.bitmap_index = 14108, .adv_w = 265, .box_w = 16, .box_h = 16, .ofs_x = 0, .ofs_y = -1},
    {.bitmap_index = 14364, .adv_w = 154, .box_w = 9, .box_h = 14, .ofs_x = 0, .ofs_y = -4},
    {.bitmap_index = 14490, .adv_w = 214, .box_w = 14, .box_h = 18, .ofs_x = 0, .ofs_y = 0},
    {.bitmap_index = 14742, .adv_w = 214, .box_w = 14, .box_h = 18, .ofs_x = 0, .ofs_y = 0},
    {.bitmap_index = 14994, .adv_w = 214, .box_w = 14, .box_h = 18, .ofs_x = 0, .ofs_y = 0},
    {.bitmap_index = 15246, .adv_w = 214, .box_w = 14, .box_h = 18, .ofs_x = 0, .ofs_y = 0},
    {.bitmap_index = 15498, .adv_w = 214, .box_w = 14, .box_h = 18, .ofs_x = 0, .ofs_y = 0},
    {.bitmap_index = 15750, .adv_w = 214, .box_w = 14, .box_h = 18, .ofs_x = 0, .ofs_y = 0},
    {.bitmap_index = 16002, .adv_w = 307, .box_w = 19, .box_h = 14, .ofs_x = 0, .ofs_y = 0},
    {.bitmap_index = 16268, .adv_w = 233, .box_w = 14, .box_h = 18, .ofs_x = 0, .ofs_y = -4},
    {.bitmap_index = 16520, .adv_w = 173, .box_w = 9, .box_h = 18, .ofs_x = 1, .ofs_y = 0},
    {.bitmap_index = 16682, .adv_w = 173, .box_w = 9, .box_h = 18, .ofs_x = 1, .ofs_y = 0},
    {.bitmap_index = 16844, .adv_w = 173, .box_w = 9, .box_h = 18, .ofs_x = 1, .ofs_y = 0},
    {.bitmap_index = 17006, .adv_w = 173, .box_w = 9, .box_h = 18, .ofs_x = 1, .ofs_y = 0},
    {.bitmap_index = 17168, .adv_w = 76, .box_w = 4, .box_h = 18, .ofs_x = 0, .ofs_y = 0},
    {.bitmap_index = 17240, .adv_w = 76, .box_w = 4, .box_h = 18, .ofs_x = 1, .ofs_y = 0},
    {.bitmap_index = 17312, .adv_w = 76, .box_w = 7, .box_h = 18, .ofs_x = -1, .ofs_y = 0},
    {.bitmap_index = 17438, .adv_w = 76, .box_w = 6, .box_h = 18, .ofs_x = -1, .ofs_y = 0},
    {.bitmap_index = 17546, .adv_w = 240, .box_w = 14, .box_h = 14, .ofs_x = 1, .ofs_y = 0},
    {.bitmap_index = 17742, .adv_w = 223, .box_w = 12, .box_h = 18, .ofs_x = 1, .ofs_y = 0},
    {.bitmap_index = 17958, .adv_w = 259, .box_w = 16, .box_h = 18, .ofs_x = 0, .ofs_y = 0},
    {.bitmap_index = 18246, .adv_w = 259, .box_w = 16, .box_h = 18, .ofs_x = 0, .ofs_y = 0},
    {.bitmap_index = 18534, .adv_w = 259, .box_w = 16, .box_h = 18, .ofs_x = 0, .ofs_y = 0},
    {.bitmap_index = 18822, .adv_w = 259, .box_w = 16, .box_h = 18, .ofs_x = 0, .ofs_y = 0},
    {.bitmap_index = 19110, .adv_w = 259, .box_w = 16, .box_h = 18, .ofs_x = 0, .ofs_y = 0},
    {.bitmap_index = 19398, .adv_w = 173, .box_w = 9, .box_h = 9, .ofs_x = 1, .ofs_y = 1},
    {.bitmap_index = 19479, .adv_w = 259, .box_w = 16, .box_h = 16, .ofs_x = 0, .ofs_y = -1},
    {.bitmap_index = 19735, .adv_w = 205, .box_w = 11, .box_h = 18, .ofs_x = 1, .ofs_y = 0},
    {.bitmap_index = 19933, .adv_w = 205, .box_w = 11, .box_h = 18, .ofs_x = 1, .ofs_y = 0},
    {.bitmap_index = 20131, .adv_w = 205, .box_w = 11, .box_h = 18, .ofs_x = 1, .ofs_y = 0},
    {.bitmap_index = 20329, .adv_w = 205, .box_w = 11, .box_h = 18, .ofs_x = 1, .ofs_y = 0},
    {.bitmap_index = 20527, .adv_w = 190, .box_w = 12, .box_h = 18, .ofs_x = 0, .ofs_y = 0},
    {.bitmap_index = 20743, .adv_w = 180, .box_w = 10, .box_h = 14, .ofs_x = 1, .ofs_y = 0},
    {.bitmap_index = 20883, .adv_w = 180, .box_w = 10, .box_h = 14, .ofs_x = 1, .ofs_y = 0},
    {.bitmap_index = 21023, .adv_w = 163, .box_w = 10, .box_h = 14, .ofs_x = 0, .ofs_y = 0},
    {.bitmap_index = 21163, .adv_w = 163, .box_w = 10, .box_h = 14, .ofs_x = 0, .ofs_y = 0},
    {.bitmap_index = 21303, .adv_w = 163, .box_w = 10, .box_h = 14, .ofs_x = 0, .ofs_y = 0},
    {.bitmap_index = 21443, .adv_w = 163, .box_w = 10, .box_h = 14, .ofs_x = 0, .ofs_y = 0},
    {.bitmap_index = 21583, .adv_w = 163, .box_w = 10, .box_h = 14, .ofs_x = 0, .ofs_y = 0},
    {.bitmap_index = 21723, .adv_w = 163, .box_w = 10, .box_h = 16, .ofs_x = 0, .ofs_y = 0},
    {.bitmap_index = 21883, .adv_w = 284, .box_w = 18, .box_h = 10, .ofs_x = 0, .ofs_y = 0},
    {.bitmap_index = 22063, .adv_w = 167, .box_w = 10, .box_h = 14, .ofs_x = 0, .ofs_y = -4},
    {.bitmap_index = 22203, .adv_w = 172, .box_w = 11, .box_h = 14, .ofs_x = 0, .ofs_y = 0},
    {.bitmap_index = 22357, .adv_w = 172, .box_w = 11, .box_h = 14, .ofs_x = 0, .ofs_y = 0},
    {.bitmap_index = 22511, .adv_w = 172, .box_w = 11, .box_h = 14, .ofs_x = 0, .ofs_y = 0},
    {.bitmap_index = 22665, .adv_w = 172, .box_w = 11, .box_h = 14, .ofs_x = 0, .ofs_y = 0},
    {.bitmap_index = 22819, .adv_w = 70, .box_w = 4, .box_h = 14, .ofs_x = 0, .ofs_y = 0},
    {.bitmap_index = 22875, .adv_w = 70, .box_w = 4, .box_h = 14, .ofs_x = 1, .ofs_y = 0},
    {.bitmap_index = 22931, .adv_w = 70, .box_w = 7, .box_h = 14, .ofs_x = -1, .ofs_y = 0},
    {.bitmap_index = 23029, .adv_w = 70, .box_w = 6, .box_h = 14, .ofs_x = -1, .ofs_y = 0},
    {.bitmap_index = 23113, .adv_w = 183, .box_w = 11, .box_h = 15, .ofs_x = 0, .ofs_y = 0},
    {.bitmap_index = 23278, .adv_w = 173, .box_w = 9, .box_h = 14, .ofs_x = 1, .ofs_y = 0},
    {.bitmap_index = 23404, .adv_w = 179, .box_w = 11, .box_h = 14, .ofs_x = 0, .ofs_y = 0},
    {.bitmap_index = 23558, .adv_w = 179, .box_w = 11, .box_h = 14, .ofs_x = 0, .ofs_y = 0},
    {.bitmap_index = 23712, .adv_w = 179, .box_w = 11, .box_h = 14, .ofs_x = 0, .ofs_y = 0},
    {.bitmap_index = 23866, .adv_w = 179, .box_w = 11, .box_h = 14, .ofs_x = 0, .ofs_y = 0},
    {.bitmap_index = 24020, .adv_w = 179, .box_w = 11, .box_h = 14, .ofs_x = 0, .ofs_y = 0},
    {.bitmap_index = 24174, .adv_w = 176, .box_w = 9, .box_h = 10, .ofs_x = 1, .ofs_y = 0},
    {.bitmap_index = 24264, .adv_w = 179, .box_w = 11, .box_h = 12, .ofs_x = 0, .ofs_y = -1},
    {.bitmap_index = 24396, .adv_w = 173, .box_w = 9, .box_h = 14, .ofs_x = 1, .ofs_y = 0},
    {.bitmap_index = 24522, .adv_w = 173, .box_w = 9, .box_h = 14, .ofs_x = 1, .ofs_y = 0},
    {.bitmap_index = 24648, .adv_w = 173, .box_w = 9, .box_h = 14, .ofs_x = 1, .ofs_y = 0},
    {.bitmap_index = 24774, .adv_w = 173, .box_w = 9, .box_h = 14, .ofs_x = 1, .ofs_y = 0},
    {.bitmap_index = 24900, .adv_w = 159, .box_w = 10, .box_h = 18, .ofs_x = 0, .ofs_y = -4},
    {.bitmap_index = 25080, .adv_w = 184, .box_w = 10, .box_h = 18, .ofs_x = 1, .ofs_y = -4},
    {.bitmap_index = 25260, .adv_w = 159, .box_w = 10, .box_h = 18, .ofs_x = 0, .ofs_y = -4},
    {.bitmap_index = 25440, .adv_w = 214, .box_w = 14, .box_h = 18, .ofs_x = 0, .ofs_y = 0},
    {.bitmap_index = 25692, .adv_w = 163, .box_w = 10, .box_h = 14, .ofs_x = 0, .ofs_y = 0},
    {.bitmap_index = 25832, .adv_w = 214, .box_w = 14, .box_h = 18, .ofs_x = 0, .ofs_y = 0},
    {.bitmap_index = 26084, .adv_w = 163, .box_w = 10, .box_h = 14, .ofs_x = 0, .ofs_y = 0},
    {.bitmap_index = 26224, .adv_w = 214, .box_w = 14, .box_h = 18, .ofs_x = 0, .ofs_y = -4},
    {.bitmap_index = 26476, .adv_w = 163, .box_w = 10, .box_h = 14, .ofs_x = 0, .ofs_y = -4},
    {.bitmap_index = 26616, .adv_w = 233, .box_w = 14, .box_h = 18, .ofs_x = 0, .ofs_y = 0},
    {.bitmap_index = 26868, .adv_w = 167, .box_w = 10, .box_h = 14, .ofs_x = 0, .ofs_y = 0},
    {.bitmap_index = 27008, .adv_w = 233, .box_w = 14, .box_h = 18, .ofs_x = 0, .ofs_y = 0},
    {.bitmap_index = 27260, .adv_w = 167, .box_w = 10, .box_h = 14, .ofs_x = 0, .ofs_y = 0},
    {.bitmap_index = 27400, .adv_w = 233, .box_w = 14, .box_h = 19, .ofs_x = 0, .ofs_y = 0},
    {.bitmap_index = 27666, .adv_w = 167, .box_w = 10, .box_h = 14, .ofs_x = 0, .ofs_y = 0},
    {.bitmap_index = 27806, .adv_w = 233, .box_w = 14, .box_h = 18, .ofs_x = 0, .ofs_y = 0},
    {.bitmap_index = 28058, .adv_w = 167, .box_w = 10, .box_h = 14, .ofs_x = 0, .ofs_y = 0},
    {.bitmap_index = 28198, .adv_w = 221, .box_w = 13, .box_h = 18, .ofs_x = 1, .ofs_y = 0},
    {.bitmap_index = 28432, .adv_w = 211, .box_w = 14, .box_h = 14, .ofs_x = 0, .ofs_y = 0},
    {.bitmap_index = 28628, .adv_w = 221, .box_w = 15, .box_h = 14, .ofs_x = -1, .ofs_y = 0},
    {.bitmap_index = 28838, .adv_w = 184, .box_w = 12, .box_h = 14, .ofs_x = 0, .ofs_y = 0},
    {.bitmap_index = 29006, .adv_w = 173, .box_w = 9, .box_h = 18, .ofs_x = 1, .ofs_y = 0},
    {.bitmap_index = 29168, .adv_w = 172, .box_w = 11, .box_h = 14, .ofs_x = 0, .ofs_y = 0},
    {.bitmap_index = 29322, .adv_w = 173, .box_w = 9, .box_h = 18, .ofs_x = 1, .ofs_y = 0},
    {.bitmap_index = 29484, .adv_w = 172, .box_w = 11, .box_h = 14, .ofs_x = 0, .ofs_y = 0},
    {.bitmap_index = 29638, .adv_w = 173, .box_w = 9, .box_h = 18, .ofs_x = 1, .ofs_y = 0},
    {.bitmap_index = 29800, .adv_w = 172, .box_w = 11, .box_h = 14, .ofs_x = 0, .ofs_y = 0},
    {.bitmap_index = 29954, .adv_w = 173, .box_w = 10, .box_h = 18, .ofs_x = 1, .ofs_y = -4},
    {.bitmap_index = 30134, .adv_w = 172, .box_w = 11, .box_h = 14, .ofs_x = 0, .ofs_y = -4},
    {.bitmap_index = 30288, .adv_w = 173, .box_w = 9, .box_h = 18, .ofs_x = 1, .ofs_y = 0},
    {.bitmap_index = 30450, .adv_w = 172, .box_w = 11, .box_h = 14, .ofs_x = 0, .ofs_y = 0},
    {.bitmap_index = 30604, .adv_w = 256, .box_w = 16, .box_h = 18, .ofs_x = 0, .ofs_y = 0},
    {.bitmap_index = 30892, .adv_w = 184, .box_w = 11, .box_h = 18, .ofs_x = 0, .ofs_y = -4},
    {.bitmap_index = 31090, .adv_w = 256, .box_w = 16, .box_h = 18, .ofs_x = 0, .ofs_y = 0},
    {.bitmap_index = 31378, .adv_w = 184, .box_w = 11, .box_h = 18, .ofs_x = 0, .ofs_y = -4},
    {.bitmap_index = 31576, .adv_w = 256, .box_w = 16, .box_h = 19, .ofs_x = 0, .ofs_y = 0},
    {.bitmap_index = 31880, .adv_w = 184, .box_w = 11, .box_h = 18, .ofs_x = 0, .ofs_y = -4},
    {.bitmap_index = 32078, .adv_w = 256, .box_w = 16, .box_h = 19, .ofs_x = 0, .ofs_y = -5},
    {.bitmap_index = 32382, .adv_w = 184, .box_w = 11, .box_h = 20, .ofs_x = 0, .ofs_y = -4},
    {.bitmap_index = 32602, .adv_w = 220, .box_w = 12, .box_h = 18, .ofs_x = 1, .ofs_y = 0},
    {.bitmap_index = 32818, .adv_w = 173, .box_w = 9, .box_h = 18, .ofs_x = 1, .ofs_y = 0},
    {.bitmap_index = 32980, .adv_w = 220, .box_w = 14, .box_h = 14, .ofs_x = 0, .ofs_y = 0},
    {.bitmap_index = 33176, .adv_w = 173, .box_w = 11, .box_h = 14, .ofs_x = -1, .ofs_y = 0},
    {.bitmap_index = 33330, .adv_w = 76, .box_w = 7, .box_h = 18, .ofs_x = -1, .ofs_y = 0},
    {.bitmap_index = 33456, .adv_w = 70, .box_w = 8, .box_h = 14, .ofs_x = -2, .ofs_y = 0},
    {.bitmap_index = 33568, .adv_w = 76, .box_w = 6, .box_h = 18, .ofs_x = -1, .ofs_y = 0},
    {.bitmap_index = 33676, .adv_w = 70, .box_w = 6, .box_h = 14, .ofs_x = -1, .ofs_y = 0},
    {.bitmap_index = 33760, .adv_w = 76, .box_w = 6, .box_h = 18, .ofs_x = -1, .ofs_y = 0},
    {.bitmap_index = 33868, .adv_w = 70, .box_w = 6, .box_h = 14, .ofs_x = -1, .ofs_y = 0},
    {.bitmap_index = 33952, .adv_w = 76, .box_w = 4, .box_h = 18, .ofs_x = 0, .ofs_y = -4},
    {.bitmap_index = 34024, .adv_w = 70, .box_w = 4, .box_h = 18, .ofs_x = 0, .ofs_y = -4},
    {.bitmap_index = 34096, .adv_w = 76, .box_w = 3, .box_h = 18, .ofs_x = 1, .ofs_y = 0},
    {.bitmap_index = 34150, .adv_w = 70, .box_w = 3, .box_h = 10, .ofs_x = 1, .ofs_y = 0},
    {.bitmap_index = 34180, .adv_w = 168, .box_w = 12, .box_h = 18, .ofs_x = 0, .ofs_y = 0},
    {.bitmap_index = 34396, .adv_w = 70, .box_w = 7, .box_h = 18, .ofs_x = -1, .ofs_y = -4},
    {.bitmap_index = 34522, .adv_w = 195, .box_w = 12, .box_h = 19, .ofs_x = 1, .ofs_y = -5},
    {.bitmap_index = 34750, .adv_w = 152, .box_w = 9, .box_h = 19, .ofs_x = 1, .ofs_y = -5},
    {.bitmap_index = 34921, .adv_w = 152, .box_w = 9, .box_h = 10, .ofs_x = 1, .ofs_y = 0},
    {.bitmap_index = 35011, .adv_w = 159, .box_w = 9, .box_h = 18, .ofs_x = 1, .ofs_y = 0},
    {.bitmap_index = 35173, .adv_w = 65, .box_w = 4, .box_h = 18, .ofs_x = 1, .ofs_y = 0},
    {.bitmap_index = 35245, .adv_w = 159, .box_w = 9, .box_h = 19, .ofs_x = 1, .ofs_y = -5},
    {.bitmap_index = 35416, .adv_w = 65, .box_w = 4, .box_h = 19, .ofs_x = 0, .ofs_y = -5},
    {.bitmap_index = 35492, .adv_w = 159, .box_w = 9, .box_h = 14, .ofs_x = 1, .ofs_y = 0},
    {.bitmap_index = 35618, .adv_w = 99, .box_w = 6, .box_h = 14, .ofs_x = 1, .ofs_y = 0},
    {.bitmap_index = 35702, .adv_w = 159, .box_w = 9, .box_h = 14, .ofs_x = 1, .ofs_y = 0},
    {.bitmap_index = 35828, .adv_w = 184, .box_w = 11, .box_h = 14, .ofs_x = 0, .ofs_y = 0},
    {.bitmap_index = 35982, .adv_w = 116, .box_w = 7, .box_h = 14, .ofs_x = 0, .ofs_y = 0},
    {.bitmap_index = 36080, .adv_w = 223, .box_w = 12, .box_h = 18, .ofs_x = 1, .ofs_y = 0},
    {.bitmap_index = 36296, .adv_w = 173, .box_w = 9, .box_h = 14, .ofs_x = 1, .ofs_y = 0},
    {.bitmap_index = 36422, .adv_w = 223, .box_w = 12, .box_h = 19, .ofs_x = 1, .ofs_y = -5},
    {.bitmap_index = 36650, .adv_w = 173, .box_w = 9, .box_h = 15, .ofs_x = 1, .ofs_y = -5},
    {.bitmap_index = 36785, .adv_w = 223, .box_w = 12, .box_h = 18, .ofs_x = 1, .ofs_y = 0},
    {.bitmap_index = 37001, .adv_w = 173, .box_w = 9, .box_h = 14, .ofs_x = 1, .ofs_y = 0},
    {.bitmap_index = 37127, .adv_w = 223, .box_w = 12, .box_h = 18, .ofs_x = 1, .ofs_y = -4},
    {.bitmap_index = 37343, .adv_w = 173, .box_w = 9, .box_h = 14, .ofs_x = 1, .ofs_y = -4},
    {.bitmap_index = 37469, .adv_w = 259, .box_w = 16, .box_h = 19, .ofs_x = 0, .ofs_y = 0},
    {.bitmap_index = 37773, .adv_w = 179, .box_w = 11, .box_h = 14, .ofs_x = 0, .ofs_y = 0},
    {.bitmap_index = 37927, .adv_w = 259, .box_w = 16, .box_h = 18, .ofs_x = 0, .ofs_y = 0},
    {.bitmap_index = 38215, .adv_w = 179, .box_w = 11, .box_h = 14, .ofs_x = 0, .ofs_y = 0},
    {.bitmap_index = 38369, .adv_w = 259, .box_w = 16, .box_h = 18, .ofs_x = 0, .ofs_y = 0},
    {.bitmap_index = 38657, .adv_w = 179, .box_w = 11, .box_h = 14, .ofs_x = 0, .ofs_y = 0},
    {.bitmap_index = 38811, .adv_w = 368, .box_w = 22, .box_h = 14, .ofs_x = 0, .ofs_y = 0},
    {.bitmap_index = 39119, .adv_w = 305, .box_w = 19, .box_h = 10, .ofs_x = 0, .ofs_y = 0},
    {.bitmap_index = 39309, .adv_w = 185, .box_w = 11, .box_h = 18, .ofs_x = 1, .ofs_y = 0},
    {.bitmap_index = 39507, .adv_w = 116, .box_w = 7, .box_h = 14, .ofs_x = 1, .ofs_y = 0},
    {.bitmap_index = 39605, .adv_w = 180, .box_w = 11, .box_h = 19, .ofs_x = 1, .ofs_y = -5},
    {.bitmap_index = 39814, .adv_w = 116, .box_w = 8, .box_h = 15, .ofs_x = 0, .ofs_y = -5},
    {.bitmap_index = 39934, .adv_w = 185, .box_w = 11, .box_h = 18, .ofs_x = 1, .ofs_y = 0},
    {.bitmap_index = 40132, .adv_w = 116, .box_w = 7, .box_h = 14, .ofs_x = 1, .ofs_y = 0},
    {.bitmap_index = 40230, .adv_w = 177, .box_w = 11, .box_h = 18, .ofs_x = 0, .ofs_y = 0},
    {.bitmap_index = 40428, .adv_w = 146, .box_w = 9, .box_h = 14, .ofs_x = 0, .ofs_y = 0},
    {.bitmap_index = 40554, .adv_w = 177, .box_w = 11, .box_h = 18, .ofs_x = 0, .ofs_y = 0},
    {.bitmap_index = 40752, .adv_w = 146, .box_w = 9, .box_h = 14, .ofs_x = 0, .ofs_y = 0},
    {.bitmap_index = 40878, .adv_w = 177, .box_w = 11, .box_h = 18, .ofs_x = 0, .ofs_y = -4},
    {.bitmap_index = 41076, .adv_w = 146, .box_w = 9, .box_h = 14, .ofs_x = 0, .ofs_y = -4},
    {.bitmap_index = 41202, .adv_w = 177, .box_w = 11, .box_h = 18, .ofs_x = 0, .ofs_y = 0},
    {.bitmap_index = 41400, .adv_w = 146, .box_w = 9, .box_h = 14, .ofs_x = 0, .ofs_y = 0},
    {.bitmap_index = 41526, .adv_w = 173, .box_w = 11, .box_h = 18, .ofs_x = 0, .ofs_y = -4},
    {.bitmap_index = 41724, .adv_w = 113, .box_w = 7, .box_h = 18, .ofs_x = 0, .ofs_y = -4},
    {.bitmap_index = 41850, .adv_w = 173, .box_w = 11, .box_h = 18, .ofs_x = 0, .ofs_y = 0},
    {.bitmap_index = 42048, .adv_w = 113, .box_w = 8, .box_h = 14, .ofs_x = 0, .ofs_y = 0},
    {.bitmap_index = 42160, .adv_w = 173, .box_w = 11, .box_h = 14, .ofs_x = 0, .ofs_y = 0},
    {.bitmap_index = 42314, .adv_w = 113, .box_w = 7, .box_h = 13, .ofs_x = 0, .ofs_y = 0},
    {.bitmap_index = 42405, .adv_w = 205, .box_w = 11, .box_h = 18, .ofs_x = 1, .ofs_y = 0},
    {.bitmap_index = 42603, .adv_w = 173, .box_w = 9, .box_h = 14, .ofs_x = 1, .ofs_y = 0},
    {.bitmap_index = 42729, .adv_w = 205, .box_w = 11, .box_h = 19, .ofs_x = 1, .ofs_y = 0},
    {.bitmap_index = 42938, .adv_w = 173, .box_w = 9, .box_h = 14, .ofs_x = 1, .ofs_y = 0},
    {.bitmap_index = 43064, .adv_w = 205, .box_w = 11, .box_h = 18, .ofs_x = 1, .ofs_y = 0},
    {.bitmap_index = 43262, .adv_w = 173, .box_w = 9, .box_h = 14, .ofs_x = 1, .ofs_y = 0},
    {.bitmap_index = 43388, .adv_w = 205, .box_w = 11, .box_h = 19, .ofs_x = 1, .ofs_y = 0},
    {.bitmap_index = 43597, .adv_w = 173, .box_w = 9, .box_h = 16, .ofs_x = 1, .ofs_y = 0},
    {.bitmap_index = 43741, .adv_w = 205, .box_w = 11, .box_h = 18, .ofs_x = 1, .ofs_y = 0},
    {.bitmap_index = 43939, .adv_w = 173, .box_w = 9, .box_h = 14, .ofs_x = 1, .ofs_y = 0},
    {.bitmap_index = 44065, .adv_w = 205, .box_w = 11, .box_h = 18, .ofs_x = 1, .ofs_y = -4},
    {.bitmap_index = 44263, .adv_w = 173, .box_w = 10, .box_h = 14, .ofs_x = 1, .ofs_y = -4},
    {.bitmap_index = 44403, .adv_w = 295, .box_w = 19, .box_h = 18, .ofs_x = 0, .ofs_y = 0},
    {.bitmap_index = 44745, .adv_w = 241, .box_w = 15, .box_h = 14, .ofs_x = 0, .ofs_y = 0},
    {.bitmap_index = 44955, .adv_w = 190, .box_w = 12, .box_h = 18, .ofs_x = 0, .ofs_y = 0},
    {.bitmap_index = 45171, .adv_w = 159, .box_w = 10, .box_h = 18, .ofs_x = 0, .ofs_y = -4},
    {.bitmap_index = 45351, .adv_w = 190, .box_w = 12, .box_h = 18, .ofs_x = 0, .ofs_y = 0},
    {.bitmap_index = 45567, .adv_w = 180, .box_w = 11, .box_h = 18, .ofs_x = 0, .ofs_y = 0},
    {.bitmap_index = 45765, .adv_w = 147, .box_w = 9, .box_h = 14, .ofs_x = 0, .ofs_y = 0},
    {.bitmap_index = 45891, .adv_w = 180, .box_w = 11, .box_h = 18, .ofs_x = 0, .ofs_y = 0},
    {.bitmap_index = 46089, .adv_w = 147, .box_w = 9, .box_h = 14, .ofs_x = 0, .ofs_y = 0},
    {.bitmap_index = 46215, .adv_w = 180, .box_w = 11, .box_h = 18, .ofs_x = 0, .ofs_y = 0},
    {.bitmap_index = 46413, .adv_w = 147, .box_w = 9, .box_h = 14, .ofs_x = 0, .ofs_y = 0},
    {.bitmap_index = 46539, .adv_w = 285, .box_w = 16, .box_h = 2, .ofs_x = 1, .ofs_y = 5},
    {.bitmap_index = 46571, .adv_w = 74, .box_w = 4, .box_h = 5, .ofs_x = 0, .ofs_y = 9}
};

/*---------------------
 *  CHARACTER MAPPING
 *--------------------*/

static const uint16_t unicode_list_5[] = {
    0x0, 0x5
};

/*Collect the unicode lists and glyph_id offsets*/
static const lv_font_fmt_txt_cmap_t cmaps[] =
{
    {
        .range_start = 32, .range_length = 95, .glyph_id_start = 1,
        .unicode_list = NULL, .glyph_id_ofs_list = NULL, .list_length = 0, .type = LV_FONT_FMT_TXT_CMAP_FORMAT0_TINY
    },
    {
        .range_start = 160, .range_length = 146, .glyph_id_start = 96,
        .unicode_list = NULL, .glyph_id_ofs_list = NULL, .list_length = 0, .type = LV_FONT_FMT_TXT_CMAP_FORMAT0_TINY
    },
    {
        .range_start = 308, .range_length = 12, .glyph_id_start = 242,
        .unicode_list = NULL, .glyph_id_ofs_list = NULL, .list_length = 0, .type = LV_FONT_FMT_TXT_CMAP_FORMAT0_TINY
    },
    {
        .range_start = 321, .range_length = 8, .glyph_id_start = 254,
        .unicode_list = NULL, .glyph_id_ofs_list = NULL, .list_length = 0, .type = LV_FONT_FMT_TXT_CMAP_FORMAT0_TINY
    },
    {
        .range_start = 330, .range_length = 53, .glyph_id_start = 262,
        .unicode_list = NULL, .glyph_id_ofs_list = NULL, .list_length = 0, .type = LV_FONT_FMT_TXT_CMAP_FORMAT0_TINY
    },
    {
        .range_start = 8212, .range_length = 6, .glyph_id_start = 315,
        .unicode_list = unicode_list_5, .glyph_id_ofs_list = NULL, .list_length = 2, .type = LV_FONT_FMT_TXT_CMAP_SPARSE_TINY
    }
};

/*-----------------
 *    KERNING
 *----------------*/


/*Map glyph_ids to kern left classes*/
static const uint8_t kern_left_class_mapping[] =
{
    0, 1, 0, 2, 3, 0, 4, 5,
    2, 6, 0, 7, 8, 9, 10, 9,
    11, 12, 13, 14, 15, 16, 17, 18,
    19, 20, 21, 22, 22, 0, 0, 23,
    24, 25, 26, 27, 28, 29, 30, 31,
    32, 33, 33, 34, 35, 36, 33, 33,
    37, 38, 37, 39, 40, 41, 42, 43,
    44, 45, 46, 47, 6, 48, 0, 0,
    49, 0, 50, 51, 52, 53, 54, 55,
    56, 57, 58, 59, 60, 61, 57, 57,
    62, 63, 64, 65, 66, 67, 68, 69,
    70, 71, 72, 73, 6, 0, 0, 0,
    1, 0, 0, 0, 0, 0, 0, 0,
    0, 74, 0, 75, 0, 10, 74, 0,
    0, 0, 0, 0, 0, 68, 0, 76,
    0, 0, 0, 77, 0, 0, 0, 78,
    26, 26, 26, 26, 26, 26, 30, 28,
    30, 30, 30, 30, 33, 79, 79, 79,
    29, 33, 37, 37, 37, 37, 37, 0,
    37, 42, 42, 42, 42, 46, 80, 81,
    50, 50, 50, 50, 50, 50, 54, 52,
    54, 54, 54, 54, 58, 82, 82, 82,
    83, 57, 62, 62, 62, 62, 62, 0,
    62, 68, 68, 68, 68, 72, 51, 72,
    0, 0, 0, 0, 0, 0, 0, 0,
    0, 0, 0, 0, 0, 0, 0, 0,
    0, 0, 0, 0, 0, 0, 0, 0,
    0, 0, 0, 0, 0, 0, 0, 0,
    0, 0, 0, 0, 0, 0, 0, 0,
    0, 0, 0, 0, 0, 0, 0, 0,
    0, 84, 0, 0, 0, 0, 0, 0,
    0, 0, 0, 0, 85, 0, 0, 86,
    0, 0, 0, 0, 0, 0, 0, 0,
    0, 0, 0, 0, 0, 0, 30, 54,
    0, 0, 0, 0, 0, 0, 0, 0,
    0, 0, 0, 0, 0, 0, 0, 0,
    0, 0, 0, 0, 0, 0, 0, 0,
    0, 0, 0, 0, 0, 0, 0, 0,
    0, 0, 0, 0, 0, 0, 0, 0,
    0, 0, 0, 10, 87
};

/*Map glyph_ids to kern right classes*/
static const uint8_t kern_right_class_mapping[] =
{
    0, 0, 0, 1, 2, 0, 3, 4,
    1, 0, 5, 6, 0, 7, 8, 7,
    9, 10, 11, 12, 13, 14, 15, 16,
    17, 18, 19, 20, 20, 0, 0, 0,
    21, 22, 23, 0, 24, 0, 0, 0,
    24, 0, 0, 25, 0, 0, 0, 0,
    24, 0, 24, 0, 26, 27, 28, 29,
    30, 31, 32, 33, 0, 34, 5, 0,
    35, 0, 36, 37, 38, 38, 38, 39,
    40, 37, 41, 42, 37, 37, 43, 43,
    38, 44, 38, 45, 46, 47, 48, 49,
    50, 51, 52, 53, 0, 0, 5, 0,
    0, 0, 0, 0, 0, 0, 0, 0,
    0, 54, 55, 56, 0, 8, 54, 0,
    0, 0, 57, 58, 0, 44, 0, 59,
    0, 60, 55, 61, 62, 63, 58, 64,
    23, 23, 23, 23, 23, 23, 65, 24,
    0, 0, 0, 0, 66, 0, 66, 66,
    0, 0, 24, 24, 24, 24, 24, 0,
    24, 28, 28, 28, 28, 32, 0, 37,
    36, 36, 36, 36, 36, 36, 36, 38,
    38, 38, 38, 38, 67, 68, 67, 67,
    69, 43, 38, 38, 38, 38, 38, 0,
    38, 48, 48, 48, 48, 52, 37, 52,
    0, 0, 0, 0, 0, 0, 0, 0,
    0, 0, 0, 0, 0, 0, 0, 0,
    0, 0, 0, 0, 0, 0, 0, 0,
    0, 0, 0, 0, 0, 0, 0, 0,
    0, 0, 0, 0, 0, 0, 0, 0,
    0, 0, 0, 0, 0, 0, 0, 0,
    0, 43, 0, 0, 0, 0, 0, 0,
    0, 0, 0, 0, 0, 0, 0, 70,
    0, 0, 0, 0, 0, 0, 0, 0,
    0, 0, 0, 0, 0, 0, 24, 38,
    0, 0, 0, 0, 0, 0, 0, 0,
    0, 0, 0, 0, 0, 0, 0, 0,
    0, 0, 0, 0, 0, 0, 0, 0,
    0, 0, 0, 0, 0, 0, 0, 0,
    0, 0, 0, 0, 0, 0, 0, 0,
    0, 0, 0, 8, 71
};

/*Kern values between classes*/
static const int8_t kern_class_values[] =
{
    0, 0, 0, 0, 0, 0, 0, 0,
    0, 0, 0, 0, 0, 0, 0, 0,
    0, 0, 0, 0, 0, 0, -10, -6,
    -19, -10, -13, -6, -13, -13, -6, -13,
    0, 0, 0, 0, 0, 0, -6, 0,
    0, 0, 0, 0, 0, 0, 0, 0,
    0, 0, 0, 0, 0, 0, 0, 0,
    0, 0, 0, 0, 0, 0, 0, 0,
    -13, 0, 0, 0, 0, 0, 0, 0,
    0, 0, 0, 0, 0, 0, 0, 0,
    0, 0, 0, 0, -13, 0, -10, 0,
    0, 0, 0, 0, 0, -10, 0, 0,
    0, 0, 0, 0, 0, 0, 0, 0,
    0, 0, 0, 0, 0, 0, 0, 0,
    0, 0, 0, 0, 0, 0, 0, 0,
    0, 0, 0, 0, 0, 0, 0, 0,
    0, 0, 0, 0, 0, 0, 0, -22,
    0, 0, 0, 0, 0, 0, 0, 0,
    0, 0, 0, 0, 0, 0, 0, 0,
    0, 0, 0, 0, 0, 0, 0, 0,
    0, 0, 0, 0, 0, 0, 0, 0,
    -3, 0, 0, 0, 0, 0, 0, 0,
    0, 0, 0, 0, 0, 0, 0, 0,
    0, 0, 0, 0, 0, 0, 0, 0,
    0, 0, 0, 0, 0, 0, 0, 0,
    0, 0, 0, 0, 0, 0, -13, 0,
    0, 0, 0, 0, 0, 0, 0, 0,
    0, 0, 0, 0, 0, 0, 0, 0,
    0, 0, 0, 0, 0, 0, 0, 0,
    0, 0, 0, 0, 0, 0, 0, 0,
    0, -6, 0, 0, 0, 0, 0, 0,
    0, 0, 0, 0, 0, 0, 0, 0,
    0, 0, 0, 0, 0, 0, 0, 0,
    0, 0, 0, 0, 0, 0, 0, 0,
    0, 0, 0, 0, 0, 0, 0, 0,
    0, 0, 0, 0, 0, 0, 0, 0,
    0, 0, 0, 0, 0, 0, 0, 0,
    0, 0, 0, 0, 0, 0, 0, 0,
    0, 0, 0, 0, 0, 0, -16, 0,
    -13, -10, 0, -19, 0, 0, 0, 0,
    0, 0, 0, 0, 0, 0, 0, 0,
    0, 0, 0, 0, -3, 0, 0, -3,
    0, 0, 0, 0, 0, 0, 0, 0,
    0, 0, 0, 0, 0, 0, 0, 0,
    0, 0, 0, 0, 0, 0, 0, 0,
    0, 0, 0, 0, 0, 0, 0, 0,
    -6, 0, 0, 0, 0, 0, 0, 0,
    0, 0, 0, 0, 0, 0, 0, 0,
    0, 0, 0, 0, 0, 0, 0, 0,
    0, -3, 0, 0, 6, 0, 0, 0,
    0, 0, 0, 0, 0, 0, 0, 0,
    0, 0, 0, 0, 0, 0, 0, 0,
    0, 0, 0, 0, 0, 0, 0, 0,
    0, 0, 0, 0, 0, 0, 0, 0,
    0, 0, 0, 0, 0, 0, 0, 0,
    0, 0, 0, 0, 0, 0, 0, 0,
    -13, 0, -42, 0, 0, 0, 0, 0,
    -6, 0, 0, 0, 0, 0, 0, 0,
    0, -10, 0, 0, 0, 0, 0, 0,
    0, 0, 0, 0, 0, 0, 0, 0,
    0, 0, 0, 0, 0, 0, 0, 0,
    0, 0, -32, 0, 0, 0, 0, 0,
    0, 0, 0, 0, 0, 0, 0, 0,
    0, 0, 0, -10, 0, -3, 0, 0,
    0, 0, 0, 0, 0, 0, 0, 0,
    0, 0, 0, 0, 0, 0, 0, 0,
    0, 0, 0, 0, 0, 0, 0, 0,
    0, 0, 0, 0, 0, 0, 0, 0,
    0, 0, 0, 0, 0, 0, 0, 0,
    0, 0, 0, 0, 0, 0, 0, 0,
    0, 0, 0, 0, 0, 0, 0, 0,
    0, 0, 0, 0, 0, 0, 0, 0,
    0, 0, -13, 0, 0, 0, 0, 0,
    0, 0, 0, 0, 0, 0, 0, -6,
    0, 0, -19, -3, -26, -19, 0, -26,
    0, 0, 0, 0, 0, 0, -13, 0,
    0, -6, 0, 0, 0, 0, -19, 0,
    -16, -10, 0, -13, 0, 0, 0, 0,
    0, 0, 0, 0, 0, 0, 0, 0,
    0, 0, 0, 0, 0, 0, 0, 0,
    0, 0, 0, 0, 0, 0, -38, 0,
    0, -10, 0, -3, 0, 0, 0, 0,
    0, 0, 0, 0, 0, 0, 0, 0,
    0, -13, 0, -6, -6, 0, -13, 0,
    0, 0, 0, 0, 0, 0, 0, 0,
    0, 0, 0, 0, 0, 0, 0, 0,
    0, 0, 0, 0, 0, 0, 0, 0,
    0, 0, 0, 0, 0, 0, 0, 0,
    0, 0, 0, 0, 0, 0, 0, 0,
    0, 0, 0, 0, 0, 0, -61, -6,
    0, 0, 0, -19, -3, -13, 0, 0,
    0, 0, 0, 0, -22, -6, -35, 0,
    0, 0, 0, 0, 0, 0, 0, 0,
    0, -19, 0, -26, -10, -22, -13, 0,
    -13, -10, 0, -19, 0, -16, -10, -10,
    -10, -6, -16, 0, 0, 0, 0, 0,
    0, 0, 0, 0, 0, 0, -38, 0,
    -3, -13, -16, 0, 0, 0, 0, 0,
    0, 0, 0, 0, 0, 0, 0, -3,
    -3, 0, 0, 0, 0, -3, 0, 0,
    0, 0, 0, 0, 0, 0, 0, -3,
    0, -3, 0, 0, 0, 0, 0, 0,
    0, 0, 0, 0, 0, 0, 0, 0,
    0, 0, 0, 0, 0, 0, 0, 0,
    0, 0, 0, 0, 0, 0, 0, 0,
    0, 0, 0, 0, 0, -6, 0, 0,
    0, 0, 0, 0, 0, 0, 0, 0,
    0, 0, 0, 0, 0, 0, 0, 3,
    0, 0, 3, 2, 0, 0, 0, 0,
    0, 0, 0, 0, 0, 0, 0, 0,
    0, 0, 0, 0, 0, 0, 0, 0,
    0, 0, 0, 0, 0, 0, 0, 0,
    0, 0, 0, 0, 0, 0, 0, 0,
    0, 0, 0, 0, 0, 0, 0, 0,
    0, 0, 0, 0, 0, 0, 0, 0,
    0, 0, 0, 0, 0, 0, 0, 0,
    0, 0, 0, 0, 0, -3, 0, 0,
    0, 0, 0, 0, 0, 0, 0, 0,
    0, 0, 0, 0, 0, 0, 0, 0,
    0, 0, 0, 0, 0, 0, 0, 0,
    0, 0, 0, 0, 0, 0, 0, 0,
    0, 0, 0, 0, 0, 0, 0, 0,
    0, 0, 0, 0, 0, 0, 0, 0,
    0, 0, 0, 0, 0, 0, 0, 0,
    0, 0, 0, 0, 0, 0, 0, 0,
    -3, 0, 0, 0, -3, 0, 0, 0,
    0, 0, 0, 0, 0, 0, 0, 0,
    0, 0, 0, 0, 0, 0, 0, 0,
    0, 0, 0, 0, 0, 0, 0, 0,
    0, 0, 0, 0, 0, 0, 0, 0,
    0, 0, 0, 0, 0, 0, 0, 0,
    0, 0, 0, 0, 0, 0, 0, 0,
    0, 0, 0, 0, 0, 0, 0, 0,
    0, 0, 0, 0, 0, 0, 0, 0,
    0, 0, 0, -3, 0, 0, 0, 0,
    0, 0, 0, 0, 0, 0, 0, 0,
    0, 0, 0, 0, 0, -3, 0, 0,
    0, 0, 0, 0, 0, 0, 0, 0,
    0, 0, 0, 0, 0, 0, 0, 0,
    0, 0, 0, 0, 0, 0, 0, 0,
    0, -3, -3, 0, -6, 0, 0, 0,
    0, 0, 0, 0, 0, 0, 0, 0,
    0, 0, -3, 0, 0, 0, 0, 0,
    0, 0, -6, 0, 0, 0, 0, 0,
    -3, 0, 0, 0, 0, 0, 0, 0,
    0, 0, 0, 0, 0, 0, 0, 0,
    0, 0, 0, 0, 0, 0, 0, 0,
    0, 0, 0, 0, 0, 0, 0, 0,
    0, 0, 0, 0, 0, 0, 0, 0,
    0, -3, 0, 0, 0, -3, -3, 0,
    0, 0, 0, 0, 0, 0, 0, 0,
    0, -6, 0, 0, 0, 0, 0, 0,
    0, -10, 0, 0, 0, 0, 0, -3,
    0, 0, 0, 0, 0, 0, 0, 0,
    0, -3, 0, -6, -3, 0, -10, 0,
    0, 0, 0, 0, 0, 0, 0, 0,
    0, 0, 0, 0, 0, 0, 0, 0,
    0, 0, 0, 0, 0, 0, 0, 0,
    0, 0, -6, 0, -3, 0, 0, 0,
    0, 0, 0, 0, 0, 0, 0, 0,
    0, 0, 0, 0, -35, 0, -22, -3,
    0, 0, 0, -22, -3, -19, 0, -6,
    0, 0, 0, 0, -16, 0, -26, 0,
    0, 0, 0, 0, 0, 0, 0, 0,
    0, -3, 0, -13, 0, -13, 0, 0,
    0, -3, 0, -10, 0, 0, 0, 0,
    0, 0, 0, 0, 0, 0, 0, 0,
    0, 0, 0, 0, 0, 0, -32, 0,
    0, 0, -10, 0, 0, 0, 0, 0,
    0, 0, 0, 0, 0, 0, 0, 0,
    0, 0, 0, 0, 0, 0, 0, 0,
    0, 0, 0, 0, 0, 0, 0, 0,
    0, -3, 0, 0, 0, 0, 0, 0,
    0, 0, 0, 0, 0, 0, 0, 0,
    0, 0, 0, 0, 0, 0, 0, 0,
    0, 0, 0, 0, 0, 0, 0, 0,
    -3, 0, 0, 0, 0, 0, 0, 0,
    0, 0, 0, 0, 0, 0, 0, 0,
    0, 0, -16, 0, -6, 0, 0, 0,
    0, -10, 0, -6, 0, 0, 0, 0,
    0, 0, -10, 0, 0, 0, 0, 0,
    -3, 0, 0, 0, 0, 0, 0, 0,
    0, 0, 0, 0, 0, 0, 0, 0,
    0, 0, 0, 0, 0, 0, 0, 0,
    0, 0, 0, 0, 0, 0, 0, 0,
    0, 0, 0, 0, -16, 0, 0, 0,
    0, 0, 0, 0, 0, 0, 0, 0,
    0, 0, 0, 0, 0, 0, 0, 0,
    0, 0, 0, 0, 0, 0, 0, 0,
    0, 0, 0, 0, 0, 0, 0, 0,
    -3, 0, -6, 0, 0, 0, 0, 0,
    0, 0, 0, 0, 0, 0, 0, 0,
    0, 0, 0, 0, 0, 0, 0, 0,
    0, 0, 0, 0, 0, 0, 0, 0,
    0, 0, 0, 0, 0, 0, 0, 0,
    0, 0, 0, 0, 0, 0, 0, 0,
    0, 0, 0, 0, -6, -3, 0, 0,
    0, 0, 0, 0, 0, 0, 0, 0,
    0, 0, 0, 0, 0, 0, 0, 0,
    0, 0, 0, 0, 0, 0, 0, 0,
    0, 0, 0, 0, 0, 0, 0, 0,
    0, 0, 0, 0, 0, 0, 0, 0,
    0, 0, 0, 0, 0, 0, 0, 0,
    0, 0, 0, 0, 0, 0, 0, 0,
    0, 0, 0, 0, 0, 0, 0, 0,
    0, 0, 0, 0, 0, 0, 0, 0,
    0, 0, 0, 0, 0, 0, 0, -10,
    0, 0, 0, 0, 0, 0, 0, -3,
    0, 0, 0, 0, 0, 0, 0, 0,
    0, 0, 0, 0, 0, 0, 0, 0,
    0, 0, 0, 0, 0, 0, 0, 0,
    0, 0, 0, 0, 0, 0, 0, 0,
    0, -16, 0, 0, 0, 0, 0, 0,
    0, 0, 0, 0, 0, 0, 0, 0,
    0, 0, -10, 0, 0, 0, 0, 0,
    0, 0, 0, 0, 0, 0, -3, 0,
    0, 0, -10, 0, -10, -3, -6, -16,
    0, 0, 0, 0, 0, 0, 0, 0,
    0, 0, 0, 0, 0, 0, 0, 0,
    0, 0, 0, 0, 0, 0, 0, 0,
    0, 0, 0, 0, 0, 0, 0, 0,
    -10, 0, 0, 0, 0, 0, 0, -10,
    0, 0, -3, 0, -16, 0, 0, 0,
    0, -6, 0, 0, 0, 0, 0, 0,
    0, -6, 0, -13, 0, 0, -6, 0,
    0, -21, -3, -22, -16, 0, -24, 0,
    -29, 0, 0, 0, -5, -11, -3, 0,
    0, 0, 2, 0, 0, -11, -8, -16,
    -13, 0, -14, 0, -26, -22, 0, 0,
    0, 0, 0, 0, 0, 0, 0, 0,
    0, 0, 0, -6, 0, -16, 0, 0,
    0, 3, 0, 0, 0, 0, -6, 0,
    0, 0, 0, 0, 0, 0, 0, 0,
    0, 0, -6, 0, -3, 0, 0, 0,
    -3, 0, -3, -3, -5, -10, 0, -19,
    0, 0, 0, 0, -3, 0, 0, 0,
    0, 0, 0, 0, -3, 0, -3, 0,
    -2, -3, 0, -3, 0, 0, 0, 0,
    0, 0, 0, 0, 0, 0, -6, 0,
    0, 0, -2, 0, 0, 0, 0, 0,
    0, 0, 0, 0, 0, 0, 0, 0,
    0, 0, 0, 0, 0, 0, 0, 0,
    0, -3, 0, 0, -3, 0, 0, 0,
    0, 0, 0, 0, 0, 0, 0, 0,
    -6, -3, -6, -10, -5, -3, 0, -3,
    -3, -3, -3, -10, -5, -6, -6, -3,
    -6, -3, 0, 0, 0, 0, 0, 0,
    0, 0, 0, 0, 0, 0, 0, -3,
    -3, -6, 0, 0, 0, 0, 0, 0,
    0, 0, -6, 0, -10, 0, 0, 0,
    0, 0, 0, 0, 0, 0, 0, 0,
    -3, 0, -10, 0, -3, 0, -10, 0,
    -3, -3, -6, -10, 0, -10, 0, 0,
    0, -5, 0, -3, 0, -3, 0, -3,
    -6, -3, -3, 0, -2, 0, -3, -2,
    -3, 0, -3, 0, 0, 0, 0, 0,
    0, 0, 0, -6, -13, 0, 0, 0,
    -6, 0, -3, 0, 0, 0, 0, 0,
    0, 0, 0, 0, 0, 0, 0, 0,
    -3, 0, 0, 0, 0, 0, 0, 0,
    0, 0, -6, -3, 0, 0, 0, 0,
    0, 0, 0, 0, 0, 0, -5, 0,
    -6, -6, -3, 0, -3, -3, 0, -3,
    0, -6, -3, -6, -3, -3, -6, 0,
    0, 0, 0, 0, 0, 0, 0, 0,
    0, 0, 0, 0, 0, 0, 0, -6,
    0, 0, 0, 0, 0, 0, 0, 0,
    -16, 0, -19, 0, 0, 0, 0, -6,
    0, 0, 0, 0, 0, 0, 0, 0,
    -19, -3, -29, 0, 0, 0, 0, 0,
    -3, 0, 0, 0, -19, -6, 0, -10,
    -3, -6, -3, 0, -3, -6, -6, -6,
    -3, -6, -6, -3, -6, -6, -3, 0,
    0, -3, 0, 0, 0, 0, 0, 0,
    0, -13, -22, 0, 2, -3, -8, 0,
    0, 0, 0, 0, 0, 0, 0, -6,
    0, -6, 0, 0, 0, 0, 0, 0,
    0, 0, 0, 0, 0, -6, 0, -3,
    0, -3, 0, -8, 0, -3, -3, -6,
    -6, -3, -13, -10, -5, 0, -2, -3,
    0, 0, 0, 0, -3, -6, 0, -6,
    0, -3, -3, -3, -3, 0, 0, 0,
    0, 0, 0, 0, 0, 0, 0, 0,
    -3, -6, 0, 0, 0, -3, 0, 0,
    0, 0, 0, 0, 0, 0, 0, 0,
    0, 0, 0, 0, 0, 0, 0, 0,
    0, 0, 0, 0, 0, 0, 0, -3,
    0, 0, 0, 0, -5, 0, 0, 0,
    0, 0, 0, -5, 0, 0, -6, 0,
    0, 0, 0, 0, 0, 0, -3, -3,
    -3, -3, 0, -3, 0, 0, 0, 0,
    0, 0, 0, 0, 0, 0, 0, 0,
    0, 0, 0, 0, -3, 0, 0, 0,
    0, 0, 0, 0, 0, 0, 0, 0,
    0, 0, 0, 0, 0, 0, 0, 0,
    0, 0, 0, 0, 0, -3, -3, -6,
    0, 0, 0, 0, 0, 0, 0, 0,
    0, -6, 0, 0, -3, -3, 0, 0,
    0, 0, -3, -3, 0, -5, -3, -3,
    0, -3, -2, -3, 0, 0, 0, 0,
    0, 0, 0, 0, 0, 0, 0, -6,
    0, 0, 0, 0, 0, 0, 0, -3,
    0, 0, 0, 0, 0, 0, 0, 0,
    0, 0, 0, 0, 0, 0, 0, 0,
    0, 0, 0, -6, 0, -10, -3, 0,
    0, 0, 0, 0, 0, 0, 0, 0,
    0, -3, 0, -6, -10, -3, 0, 0,
    0, 0, 0, -3, -13, -6, -14, -10,
    0, -13, 0, -3, -6, -13, 0, 0,
    0, 0, 0, 0, 0, 0, 0, 0,
    0, 0, -6, 0, 0, 0, 0, -6,
    0, 0, 0, 0, 0, 0, 0, -13,
    0, 0, 0, 0, 0, 0, 0, -10,
    0, -19, 0, 0, -5, 0, 0, -24,
    -3, -19, -13, 0, -29, 0, -32, 0,
    0, 0, 0, -13, -3, 0, 0, 0,
    0, 0, -3, -14, -3, -16, -10, 0,
    -13, 0, -22, -19, 0, 0, 0, 0,
    0, 0, 0, 0, 0, 0, 0, 0,
    0, -6, 0, -19, 0, 0, 0, 0,
    0, 0, -6, 0, -13, 0, 0, 0,
    0, 0, 0, 0, 0, 0, 0, 0,
    -3, 0, -6, -3, -3, 0, -10, 0,
    -10, -3, -11, -13, 0, -13, -19, 0,
    0, 0, 0, 0, -2, 0, -2, 0,
    0, 0, -3, 0, -2, 0, -3, -3,
    0, 0, -3, 0, 0, 0, 0, 0,
    0, 0, 0, -6, -13, 0, -3, -2,
    -3, 0, -3, 0, 0, 0, 0, 0,
    0, -26, 0, -29, 0, 0, 0, 0,
    -13, 0, 0, 0, 0, 0, 0, 0,
    0, -22, -3, -42, 0, 0, 0, 0,
    0, -6, -10, 0, -6, -32, -6, 2,
    -11, 0, -8, 0, 0, 0, 0, 0,
    -5, 0, -3, 0, 0, 0, 0, 0,
    0, 0, -10, 0, 0, 0, 0, 0,
    0, 0, -22, -35, 0, 0, 0, -13,
    0, 0, 0, 0, 0, 0, 0, 0,
    0, 0, 0, 0, -3, 0, 0, -6,
    0, 0, 0, 0, 0, 0, 0, 0,
    0, 0, -3, 0, 0, 0, 0, 0,
    0, -6, 0, -6, 0, -2, 0, -3,
    -3, -3, 0, 0, 0, 0, 0, -3,
    -6, -3, 0, 0, 0, 0, 0, 0,
    -3, 0, 0, 0, 0, 0, 0, 0,
    0, 0, 0, 0, 0, 0, -6, 0,
    0, 0, 0, 0, 0, 0, 0, 0,
    0, -3, 0, 0, 0, 0, 0, 0,
    0, 0, 0, 0, 0, 0, 0, -3,
    0, 0, 0, -3, 0, -3, -3, -3,
    -10, 0, 0, 0, 0, 0, 0, -8,
    0, 0, 0, 0, 0, 0, 0, -8,
    -5, -5, -3, 0, -6, 0, 0, 0,
    0, 0, 0, 0, 0, 0, 0, 0,
    0, -3, 0, 0, 0, 0, 0, 0,
    0, -13, 0, -13, 0, 0, -19, -13,
    -35, -3, 0, 0, 0, -16, 0, -13,
    0, 0, 0, 0, 0, -10, -21, -10,
    -35, -3, 0, 0, 0, 0, 0, 0,
    0, 0, -26, -24, 0, -26, -10, -19,
    -10, 0, -19, -26, -19, -26, -13, -19,
    -21, -22, -13, -19, -13, 0, 0, -13,
    0, 0, 0, 0, -10, 0, 0, 0,
    -29, 0, 2, -13, -10, 0, 0, 0,
    0, 0, 0, 0, 0, -3, 0, -3,
    0, 0, 0, 0, -3, 0, 0, 0,
    0, 0, 0, 0, 0, 0, 0, 0,
    0, 0, 0, 0, 0, 0, 0, 0,
    0, -6, 0, 0, 0, 0, 0, 0,
    0, 0, 0, 0, 0, -3, 0, 0,
    0, 0, 0, 0, 0, 0, 0, 0,
    0, 0, 0, 0, 0, 0, -3, 0,
    0, 0, 0, 0, 0, 0, 0, -10,
    0, -10, 0, 0, -26, -6, -29, -3,
    0, 0, -3, -19, 0, -13, 0, -6,
    -3, 0, 0, -10, -22, -10, -32, 0,
    0, 0, 0, 0, 0, 0, 0, 0,
    -26, -16, 0, -16, -6, -16, -6, 0,
    -13, -10, -10, -14, -3, -11, -3, 0,
    -6, -3, -3, 0, 0, -19, 0, 0,
    -6, 0, 0, 0, 0, 0, -26, 0,
    0, -6, -10, 0, 0, 0, -6, 0,
    -3, 0, 0, -19, -10, -22, 0, 0,
    0, 0, -13, 0, -6, 0, 0, 0,
    -3, 0, -3, -14, -3, -22, 0, 0,
    0, 0, 0, 0, 0, 0, 0, -16,
    -13, 0, -18, -10, -16, -6, -3, -13,
    -10, -10, -13, -6, -10, -6, -6, -6,
    -3, -6, 0, 0, -10, 0, 0, 0,
    0, 0, 0, 0, -19, -19, 0, 0,
    -6, -10, 0, 0, 0, 0, 0, -3,
    0, -6, 0, 0, 0, 0, 0, 0,
    0, -6, 0, 0, 0, 0, 0, 0,
    -6, -6, 0, -11, -6, -3, 0, 0,
    0, 0, 0, 0, 0, 0, 0, 0,
    0, -8, -6, -6, 0, 0, -3, -3,
    0, -6, -10, -6, -10, -10, 0, -16,
    0, -10, 0, -13, 0, 0, 0, 0,
    0, 0, 0, 0, 0, 0, 0, 0,
    -6, 0, 0, 0, -16, 0, -16, 0,
    0, -26, -13, -32, 0, 0, 0, 0,
    -26, 0, 0, 0, -3, 0, -6, 0,
    -19, -24, -13, -38, -5, 0, 0, 0,
    0, 0, 0, -3, 0, -19, -27, -10,
    -32, -16, -29, -13, 0, -22, -22, -22,
    -27, -13, -24, -16, -16, -13, -13, -16,
    0, 0, -19, 0, 0, -3, 0, -10,
    0, 0, 0, -32, 0, -13, -16, -13,
    0, 0, 0, 0, 0, 0, 0, 0,
    0, 0, 0, 0, 0, 0, 0, -3,
    0, 0, 0, 0, 0, 0, 0, 0,
    0, -6, 0, 0, 0, 0, 0, 0,
    0, 0, 0, 0, 0, 0, 0, -3,
    -3, 0, 0, 0, 0, 0, 0, 0,
    -6, -3, -6, -10, 0, -10, 0, 0,
    0, 0, 0, 0, 0, 0, 0, 0,
    0, 0, 0, 0, 0, 0, -6, 0,
    0, 0, 0, 0, 0, 0, 0, 0,
    0, 0, 0, 0, 0, 0, 0, 0,
    0, 0, 0, 0, 0, 0, 0, 0,
    -10, 0, 0, -19, -6, -26, -16, 0,
    -19, 0, 0, 0, 0, 0, 0, 0,
    0, 0, 0, 0, 0, 0, 0, -3,
    0, -13, -6, 0, -13, 0, 0, 0,
    0, 0, 0, 0, 0, 0, 0, 0,
    0, 0, 0, 0, 0, 0, 0, 0,
    0, 0, 0, 0, 0, 0, 0, 0,
    0, 0, 0, 0, 0, 0, 0, 0,
    0, 0, 0, 0, 0, 0, 0, -19,
    0, 0, -26, -6, -26, -16, 0, -19,
    0, 0, 0, 0, 0, 0, 0, 0,
    0, 32, 0, 0, 0, 0, -16, -6,
    -16, -10, 0, 0, 0, 0, 0, 0,
    0, 0, 0, 0, 0, 0, 0, 0,
    0, 0, 0, 0, 0, 0, 0, 0,
    0, 0, 0, 0, 0, 0, 0, 0,
    0, 0, 0, 0, 0, 0, 0, 0,
    0, 0, 0, 0, 0, 0, 0, 0,
    0, 0, 0, 0, 0, 0, 0, 0,
    -13, 0, -2, 0, -2, -3, -2, 0,
    0, 0, 0, 0, -2, -3, 0, -3,
    -3, -2, -3, 3, 0, 0, 0, 0,
    0, 0, 0, 0, 0, 0, 0, 0,
    0, 0, 0, 0, 0, 0, 0, 0,
    0, 0, 0, 0, 0, 0, -6, 0,
    0, 0, 0, 0, 0, 0, 0, 0,
    0, 0, -19, 0, 0, 0, 0, 0,
    0, 0, 0, 0, 0, 0, 0, -19,
    -6, 0, -2, 0, -3, 0, -2, -2,
    -2, -2, -3, -2, -5, -2, -5, -3,
    -5, -6, -3, 0, 0, 0, 0, 0,
    0, 0, 0, 0, 0, 0, 0, 0,
    -2, -2, 0, 0, 0, 0, 0, 0,
    0, 0, 0, 0, 0, 0, 0, 0,
    0, 0, 0, 0, 0, 0, 0, 0,
    0, 0, 0, 0, 0, 0, 0, 0,
    0, 0, 0, 0, 0, 0, -16, 0,
    -2, 0, -2, 0, -2, 0, -2, 0,
    -2, -2, 0, -2, 0, 0, 0, 0,
    0, 0, 0, 0, 0, 0, 0, 0,
    0, 0, 0, 0, 0, 0, 0, 0,
    0, 0, 0, 0, 0, 0, 0, 0,
    0, 0, 0, 0, 0, 0, 0, 0,
    0, 0, 0, 0, 0, 0, 0, 0,
    0, 0, 0, 0, 0, 0, 0, 0,
    0, 0, 0, 0, 0, 0, 0, -2,
    0, -2, 2, -2, 0, 0, 0, 0,
    0, -2, 0, 0, 0, 0, 0, 0,
    5, 0, 0, 0, 0, 0, 0, 0,
    0, 0, 0, 0, 0, 0, 0, 0,
    0, 0, 0, 0, 0, 0, 0, 0,
    0, 0, 0, 0, 0, 0, 0, 0,
    0, 0, 0, 0, 0, 0, 0, 0,
    0, 0, 0, 0, 0, 0, 0, 0,
    0, 0, 0, 0, -16, 0, 2, 0,
    2, -3, 2, 0, 0, 0, 0, 0,
    2, -5, 0, -3, -3, -3, -3, -2,
    0, 0, 0, 0, 0, 0, 0, 0,
    0, 0, 0, 0, 0, 0, 0, 0,
    0, 0, 0, 0, 0, -6, 6, 0,
    -22, 0, -19, 0, 0, 0, 0, 0,
    0, 0, 0, 0, 0, 0, 0, 0,
    0, 0, 0, 0, 0, 0, 0, 0,
    0, 0, 0, 0, -16, -6, 0, -10,
    -6, -8, -3, 0, -3, -3, 0, -6,
    -3, -3, 0, 0, 0, 0, -3, 0,
    0, 0, 0, 0, 0, 0, 0, 0,
    0, -6, 0, 0, 6, -3, -6, 0,
    0, 0, 0, 0, 0, 0, 0, 0,
    0, 0, 0, 0, 0, 0, 0, -3,
    0, 0, 0, 0, 0, 0, 0, 0,
    0, 0, 0, 0, 0, 0, 0, 0,
    0, 0, -10, 0, -2, 0, -2, 0,
    -2, 0, 3, 0, 0, 0, -2, -2,
    -2, 0, 0, 0, 0, 3, 0, 0,
    0, 0, 0, 0, 0, 0, 0, 0,
    0, 0, 0, 0, 0, 0, 0, 0,
    0, 0, 0, 0, 0, 0, 0, 0,
    0, 0, 0, 0, 0, 0, 0, 0,
    0, 0, 0, 0, -6, 0, 0, 0,
    0, 0, -10, 0, -10, -3, 0, -13,
    0, -16, 0, -2, 0, 0, -3, -2,
    0, 0, 0, 0, 0, -2, -8, 0,
    -6, -3, -2, -3, 0, 0, 0, 0,
    0, 0, 0, 0, 0, 0, 0, 0,
    0, 0, 0, 0, 0, 0, -6, 0,
    0, 0, 0, 0, 0, 0, 0, 0,
    0, 0, 0, 0, 0, 0, 0, 0,
    0, 0, 0, 0, 0, 0, 0, 0,
    0, 0, 0, 0, 0, 0, 0, 0,
    0, 0, -2, 0, -2, 0, -2, 0,
    0, 0, 0, 0, 0, -2, 0, 0,
    0, 0, 0, 0, 0, 0, 0, 0,
    0, 0, 0, 0, 0, 0, 0, 0,
    0, 0, 0, 0, 0, 0, 0, 0,
    0, 0, 0, 0, 0, 0, 0, 0,
    0, 0, 0, 0, 0, 0, 0, 0,
    0, 0, 0, 0, 0, 0, 0, 0,
    0, 0, 0, 0, 0, 0, 0, 0,
    0, -2, 0, -2, 2, -2, 0, 6,
    0, 0, 0, -2, 0, 0, 0, 0,
    0, 0, 5, 0, 0, 0, 0, 0,
    0, 0, 0, 0, 0, 0, 0, 0,
    0, 0, -3, 0, 0, 0, 0, 0,
    0, 0, 0, 0, 0, 0, 0, 0,
    0, 0, 0, 0, 0, 0, 0, 0,
    0, 0, 0, 0, 0, 0, 0, 0,
    0, 0, 0, 0, 0, 0, -10, 0,
    -3, 0, -5, 0, -3, 0, 0, 0,
    0, 0, -3, 0, 0, 0, 0, 0,
    0, 0, 0, 0, -13, 0, 0, 0,
    0, 0, 0, 0, 0, 0, 0, 0,
    0, -3, 0, 0, 0, 0, 0, 0,
    0, 0, 0, 0, 0, 0, 0, 0,
    0, 0, 0, 0, 0, 0, 0, 0,
    0, 0, 0, 0, 0, 0, 0, 0,
    0, 0, 0, 0, 0, 0, 0, -2,
    0, -2, 0, -2, 0, 0, 0, 0,
    0, -2, 2, 0, 0, 0, 0, 0,
    3, 0, 0, 0, 0, 0, 0, 0,
    0, 0, 0, 0, 0, 0, 0, 0,
    0, 0, 0, 0, 0, 0, 0, 0,
    0, 0, 0, -6, 0, 0, 0, 0,
    0, 0, 0, 0, 0, 0, 0, -13,
    0, 0, 0, 0, 0, 0, 0, 0,
    0, 0, 0, 0, -19, 0, 0, -2,
    0, -5, 0, -3, -2, -3, -2, -3,
    -2, -5, -2, -3, -3, -3, -6, -3,
    0, 0, 0, 0, 0, 0, 0, -6,
    0, 0, 0, 0, 0, -3, -3, 0,
    0, 0, 0, 0, 0, 0, 0, 0,
    0, 0, -6, 0, 0, 0, 0, 0,
    0, 0, 0, 0, 0, 0, -10, 0,
    0, 0, 0, 0, 0, 0, 0, 0,
    0, 0, 0, -19, -6, 0, -3, 0,
    -5, 0, -2, -2, -2, -3, -2, -2,
    -6, -2, -3, -3, -3, -6, -3, 0,
    0, 0, 0, 0, 0, 0, 0, 0,
    0, -10, 0, 0, -2, -2, 0, 0,
    0, 0, 0, 0, 0, 0, 0, 0,
    0, 0, 0, 0, 0, 0, 0, 0,
    0, 0, 0, 0, 0, 0, 0, 0,
    0, 0, 0, 0, 0, 0, 0, 0,
    0, 0, 0, 0, -2, 0, -2, 2,
    -2, 0, 11, 0, 0, 0, -2, 2,
    0, 0, 0, 0, 0, 5, 0, 0,
    0, 0, 0, 0, 0, 0, 0, 0,
    0, 0, 0, 0, 0, 0, 0, 0,
    0, 0, 0, 0, 0, 0, -29, 0,
    -22, 0, 0, 0, 0, 0, 0, 0,
    0, 0, 0, 0, 0, 0, 0, 0,
    0, 0, 0, 0, 0, 0, 0, 0,
    0, 0, -16, -6, 2, -10, 0, -8,
    0, 0, 0, 0, 0, -6, 3, 0,
    3, 3, 3, 3, -3, 0, 0, -3,
    0, 0, 0, 0, 0, 0, 0, -13,
    0, 0, 0, 0, -10, 0, 0, 0,
    0, 0, 0, 0, 0, 0, 0, 0,
    0, 0, 0, 0, 0, 0, 0, 0,
    0, 0, 0, 0, 0, 0, 0, 0,
    0, 0, 0, 0, 0, 0, 0, 0,
    -19, 0, 2, 0, 2, 0, 2, -2,
    -2, -2, -2, -2, 0, -2, 0, 0,
    0, 0, 0, 0, 0, 0, 0, 0,
    0, 0, 0, 0, 0, 0, 0, 0,
    0, -2, -2, 0, 0, 0, 0, 0,
    0, 0, 0, 0, 0, 0, 0, 0,
    0, 0, 0, 0, 0, 0, 0, 0,
    0, 0, 0, 0, 0, 0, 0, 0,
    0, 0, 0, 0, 0, 0, 0, -10,
    0, -3, 2, -2, 3, -2, 2, 0,
    2, 2, 0, 3, -2, 0, 2, 5,
    5, 2, 3, 0, 0, -3, 0, 0,
    0, 0, 0, 0, 0, 0, 0, 0,
    0, 2, -3, 0, 0, 0, 0, 0,
    0, 0, 0, 0, 0, -3, 0, 0,
    0, 0, 0, 0, 0, 0, 0, 0,
    0, 0, 0, 0, 0, 0, 0, 0,
    0, 0, 0, 0, 0, 0, -13, 0,
    -2, 0, -2, 2, -2, 0, 0, 0,
    0, 0, -2, 2, 0, 0, 0, 0,
    0, 5, 0, 0, 0, 0, 0, 0,
    0, 0, 0, 0, 0, 0, 0, 0,
    0, 0, 0, 0, 0, 0, 0, 0,
    0, 0, -16, 0, -16, 0, 0, 0,
    0, 0, 0, 0, 0, 0, 0, 0,
    0, 0, 0, 0, 0, 0, 0, 0,
    0, 0, 0, 0, 0, 0, -16, -3,
    0, -5, 0, -5, 0, 0, 0, 0,
    0, -3, 0, 0, 0, 0, 0, 0,
    0, 0, 0, 0, 0, 0, 0, 0,
    0, 0, 0, -10, 0, 0, 0, 0,
    -6, 0, 0, 0, 0, 0, 0, 0,
    0, -10, 0, -13, 0, 0, 0, 0,
    0, 0, 0, 0, 0, 0, 0, 0,
    0, 0, 0, 0, 0, 0, 0, 0,
    0, 0, 0, 0, 0, -10, -3, 0,
    -3, 0, -3, 0, 0, 0, 0, 0,
    0, 0, 0, 0, 0, 0, 0, 0,
    0, 0, 0, 0, 0, 0, 0, 0,
    0, 0, 0, 0, 0, 0, 0, -3,
    0, 0, 0, 0, 0, 0, 0, 0,
    0, 0, 0, 0, 0, 0, 0, 0,
    0, 0, 0, 0, 0, 0, 0, 0,
    0, 0, 0, 0, 0, 0, 0, 0,
    0, 0, 0, -10, 0, -3, 0, -5,
    0, -5, 0, 0, 0, 0, 0, -5,
    0, 0, 0, 0, 0, 0, 0, 0,
    0, -10, 0, 0, 0, 0, 0, 0,
    0, 0, 0, 0, 0, 0, -3, 0,
    0, 0, 0, 0, -6, 0, 0, -22,
    0, -22, 0, 0, 0, 0, 0, 0,
    0, 0, 0, 0, 0, 0, 0, 0,
    0, 0, 0, 0, 0, 0, 0, 0,
    0, 0, -6, -19, -8, -3, -6, 0,
    -6, 0, 0, 0, 0, 0, -3, 0,
    0, 0, 0, 0, 0, 0, 0, 0,
    0, 0, 0, 0, 0, 0, 0, 0,
    -19, 0, 0, 0, 0, -10, 0, 0,
    0, 0, 0, 0, 0, 0, 0, 0,
    0, 0, 0, 0, 0, 0, 0, 0,
    0, 0, 0, 0, 0, 0, 0, 0,
    0, 0, 0, 0, 0, 0, 0, 0,
    0, -10, 0, -3, 3, -3, 0, -3,
    3, 3, 0, 3, 0, 0, 0, 0,
    0, 0, 0, 0, 0, 0, 0, 0,
    0, 0, 0, 0, 0, 0, 0, 0,
    0, 0, 2, 2, 0, 0, 0, 0,
    0, 0, 0, 0, 0, 0, 0, 0,
    0, 0, 0, 0, 0, 0, 0, 0,
    0, 0, 0, 0, 0, -6, 0, -26,
    0, 0, 0, 0, 0, 0, 0, 0,
    0, 0, 0, 0, 0, 0, 0, 0,
    0, 0, 0, 0, 0, 0, 0, 0,
    0, 0, 0, 0, 0, 0, 0, 0,
    0, 0, 0, 0, 0, 0, 0, 0,
    0, 0, 0, 0, 0, 0, 0, 0,
    0, 0, 0, 0, 0, 0, 0, 0,
    0, 0, 0, 0, 0, 0, 0, 0,
    0, 0, 0, 0, 0, 0, 0, 0,
    -10, 0, 0, 0, 0, -10, 0, 0,
    0, 0, 0, -6, 0, 0, 0, -6,
    0, 0, 0, 0, 0, 0, 0, 0,
    0, 0, 0, 0, 0, 0, 0, 0,
    0, 0, 0, 0, 0, 0, 0, 0,
    0, 0, -10, 0, 0, 0, 0, 0,
    0, 0, 0, 0, 0, 0, 0, 0,
    0, 0, 0, 0, 0, 0, 0, 0,
    0, 0, 0, 0, 0, 0, 0, 0,
    0, -6, 0, 0, -3, 0, 0, 0,
    0, 0, 0, 0, 0, 0, 0, 0,
    0, 0, 0, 0, 0, 0, 0, 0,
    0, 0, 0, 0, 0, 0, 0, 0,
    0, 0, 0, 0, 0, 0, 0, 0,
    0, 0, 0, 0, 0, 0, 0, 0,
    0, 0, 0, 0, 0, 0, 0, 0,
    0, 0, 0, 0, 0, 0, 0, 0,
    0, 0, 0, 0, 0, 0, -13, 0,
    -19, -10, -10, -22, 0, 0, 0, 0,
    0, 0, 0, 0, 0, -3, 0, 0,
    0, 0, 0, 0, 0, 0, -10, -10,
    0, 0, 0, 0, 0, 0, 0, 0,
    0, 0, 0, 0, 0, 0, 0, 0,
    0, 0, 0, 0, 0, 0, 0, 0,
    0, 0, 0, 0, -16, 0, 0, 0,
    0, 0, 0, 0, 0, 0, 0, 0,
    0, 0, -16, -10, 0, -29, -13, -32,
    -29, 0, -35, -6, 0, 0, -10, 0,
    -19, -19, 0, -13, 0, -13, 0, 0,
    -16, -19, -13, -19, -16, -13, -13, 0,
    0, 0, 0, 0, 0, 0, 0, 0,
    0, 0, 0, 0, 0, -13, -13, -16,
    0, 0, 0, 0, 0, 0, 0, 0,
    0, 0, 0, 0, 0, 0, 0, 0,
    0, 0, 0, 0, 0, 0, 0, 0,
    0, -3, 0, 0, 0, 0, -5, 0,
    0, 0, 0, 0, 0, -5, 0, 0,
    -6, 0, 0, 0, 0, 0, 0, 0,
    -3, -3, -3, -3, 0, -3, 0, 0,
    0, 0, 0, 0, 0, 0, 0, 0,
    0, 0, 0, 10, 0, 0, -3, 0,
    0, 0, 0, 0, 0, 0, 0, -13,
    0, -13, 0, 0, 0, 0, 0, 0,
    0, 0, 0, 0, 0, -6, 0, -10,
    0, -6, 0, -6, 0, -3, 0, -6,
    -13, 0, -13, -26, 0, 0, 0, 0,
    0, 0, 0, 0, 0, 0, 0, 0,
    0, 0, 0, 0, 0, 0, 0, 0,
    0, 0, 0, 0, 0, 0, 0, 0,
    -6, -16, 0, 0, 0, 0, 0, 0,
    0, 0, 0, 0, 0, 0, -6, 0,
    0, 0, 0, 0, 0, 0, 0, 0,
    0, 0, 0, 0, 0, 0, 0, 0,
    0, 0, 0, 0, 0, 0, 0, 0,
    0, 0, -6, 0, 0, 0, -3, 0,
    0, 0, 0, 0, 0, 0, -3, 0,
    -3, 0, -3, -3, 0, 0, 0, 0,
    0, 0, 0, 0, 0, 0, 0, 0,
    0, 0, 0, 0, 0, 0, 0, 0,
    0, 0, 0, 0, 0, 0, 0, 0,
    0, 0, 0, 0, 0, 0, 0, 0,
    0, 0, 0, 0, 0, 0, 0, 0,
    0, 0, 0, 0, 0, 0, 0, 0,
    0, 0, -2, 0, -2, 0, -2, 0,
    0, 0, 0, 0, 0, -2, 0, 0,
    0, 0, 0, 0, 0, 0, 0, 0,
    0, 0, 0, 0, 0, 0, 0, 0,
    0, 13, 0, 0, 0, 0, 0, 0,
    0, 0, 0, 0, 0, 0, 0, 0,
    0, 0, 0, 0, 0, 0, 0, 0,
    0, 0, -6, 0, 0, 0, 0, 0,
    0, 0, 0, 0, 0, 0, 0, 0,
    0, 0, 0, 0, 0, 0, 0, 0,
    0, 0, 0, 0, -3, 0, 0, 0,
    0, 0, 0, 0, 0, 0, 0, 0,
    0, 0, 0, 0, 0, 0, 0, 0,
    0, 0, 0, 0, 0, 0, 0, 0,
    0, 0, 0, 0, 0, 0, 0, 0,
    0, 0, 0, 0, 0, 0, 0, 0,
    0, 0, 0, 0, 0, 0, 0, 0,
    0, 0, 0, 0, 0, 0, 0, 0,
    -2, 0, -2, -2, -2, 0, 0, 0,
    0, 0, -2, -3, 0, 0, 0, 0,
    0, 0, 0, 0, 0, 0, 0, 0,
    0, 0, 0, 0, 0, 0, 0, 0,
    0, 0, 0, 0, 0, 0, 0, 0,
    0, 0, 0, 0, 0, 0, 0, 0,
    0, 0, 0, 0, 0, 0, 0, 0,
    0, 0, 0, 0, 0, 0, 0, 0,
    0, 0, 0, 0, 0, 0, 0, 0,
    0, 0, 0, 0, 0, 0, 0, 0,
    0, 0, 0, 0, 0, 0, 0, 0,
    0, 0, 0, 0, 0, 0, 0, 0,
    0, 0, 0, 0, 0, 0, 0, 0,
    0, -6, 0, 0, 0, 0, 0, 0,
    0, 0, 0, 0, 0, 0, 0, 0,
    0, 0, 0, 0, 0, 0, 0, 0,
    0, 0, 0, 0, 0, 0, 0, 0,
    0, 0, 0, 0, 0, 0, 0, 0,
    0, 0, 0, 0, 0, 0, 0, 0,
    0, 0, 0, 0, 0, 0, 0, 0,
    0, 0, 0, 0, 0, 0, 0, 0,
    0, 0, 0, 0, 0, 0, 0, 0,
    -16, 0, 0, 0, 0, 0, 0, 0,
    0, 0, 0, 0, 0, 0, 0, 0,
    0, 0, 0, 0, 0, 0, 0, 0,
    -19, -10, -16, 0, 0, 0, 0, 0,
    0, 0, 0, 0, 0, 0, 0, -16,
    -10, -13, -10, 0, -10, -13, -10, -16,
    -6, -13, -10, -6, 0, -6, 0, 0,
    0, 0, 0, 0, 0, 0, 0, 0,
    0, 0, -38, 0, -10, -10, 0, 0,
    -10
};


/*Collect the kern class' data in one place*/
static const lv_font_fmt_txt_kern_classes_t kern_classes =
{
    .class_pair_values   = kern_class_values,
    .left_class_mapping  = kern_left_class_mapping,
    .right_class_mapping = kern_right_class_mapping,
    .left_class_cnt      = 87,
    .right_class_cnt     = 71,
};

/*--------------------
 *  ALL CUSTOM DATA
 *--------------------*/

#if LVGL_VERSION_MAJOR == 8
/*Store all the custom data of the font*/
static  lv_font_fmt_txt_glyph_cache_t cache;
#endif

#if LVGL_VERSION_MAJOR >= 8
static const lv_font_fmt_txt_dsc_t font_dsc = {
#else
static lv_font_fmt_txt_dsc_t font_dsc = {
#endif
    .glyph_bitmap = glyph_bitmap,
    .glyph_dsc = glyph_dsc,
    .cmaps = cmaps,
    .kern_dsc = &kern_classes,
    .kern_scale = 16,
    .cmap_num = 6,
    .bpp = 8,
    .kern_classes = 1,
    .bitmap_format = 0,
#if LVGL_VERSION_MAJOR == 8
    .cache = &cache
#endif
};



/*-----------------
 *  PUBLIC FONT
 *----------------*/

/*Initialize a public general font descriptor*/
#if LVGL_VERSION_MAJOR >= 8
const lv_font_t ProductSansRegular_20 = {
#else
lv_font_t ProductSansRegular_20 = {
#endif
    .get_glyph_dsc = lv_font_get_glyph_dsc_fmt_txt,    /*Function pointer to get glyph's data*/
    .get_glyph_bitmap = lv_font_get_bitmap_fmt_txt,    /*Function pointer to get glyph's bitmap*/
    .line_height = 25,          /*The maximum line height required by the font*/
    .base_line = 6,             /*Baseline measured from the bottom of the line*/
#if !(LVGL_VERSION_MAJOR == 6 && LVGL_VERSION_MINOR == 0)
    .subpx = LV_FONT_SUBPX_NONE,
#endif
#if LV_VERSION_CHECK(7, 4, 0) || LVGL_VERSION_MAJOR >= 8
    .underline_position = -8,
    .underline_thickness = 2,
#endif
    .dsc = &font_dsc,          /*The custom font data. Will be accessed by `get_glyph_bitmap/dsc` */
#if LV_VERSION_CHECK(8, 2, 0) || LVGL_VERSION_MAJOR >= 9
    .fallback = NULL,
#endif
    .user_data = NULL,
};



#endif /*#if PRODUCTSANSREGULAR_20*/

