/*******************************************************************************
 * Size: 12 px
 * Bpp: 8
 * Opts: --size 12 --bpp 8 --format lvgl --font /Users/garrett/Documents/GWatch-Paris/components/fonts/files/ProductSans-Regular.ttf --output /Users/garrett/Documents/GWatch-Paris/components/fonts/generated/ProductSansRegular_12.c --no-compress --range 0x20-0x7F,0xA0-0x24F,0x2000-0x21FF
 ******************************************************************************/

#ifdef LV_LVGL_H_INCLUDE_SIMPLE
#include "lvgl.h"
#else
#include "lvgl/lvgl.h"
#endif

#ifndef PRODUCTSANSREGULAR_12
#define PRODUCTSANSREGULAR_12 1
#endif

#if PRODUCTSANSREGULAR_12

/*-----------------
 *    BITMAPS
 *----------------*/

/*Store the image of the glyphs*/
static LV_ATTRIBUTE_LARGE_CONST const uint8_t glyph_bitmap[] = {
    /* U+0020 " " */

    /* U+0021 "!" */
    0x28, 0xf0, 0x0, 0x28, 0xf0, 0x0, 0x27, 0xef,
    0x0, 0x21, 0xe8, 0x0, 0x18, 0xdf, 0x0, 0xd,
    0xb9, 0x0, 0x1c, 0x84, 0x5, 0x41, 0xe4, 0x14,

    /* U+0022 "\"" */
    0x78, 0x88, 0xb4, 0x50, 0x78, 0x88, 0xb4, 0x50,
    0x52, 0x5d, 0x7b, 0x37,

    /* U+0023 "#" */
    0x0, 0x0, 0x7b, 0x7d, 0x0, 0xe2, 0x14, 0x0,
    0x0, 0x0, 0xa6, 0x51, 0xe, 0xe5, 0x0, 0x0,
    0x42, 0xe4, 0xfc, 0xe6, 0xeb, 0xf7, 0xe4, 0x33,
    0x0, 0x0, 0xed, 0x7, 0x56, 0x9e, 0x0, 0x0,
    0x0, 0xc, 0xea, 0x0, 0x74, 0x83, 0x0, 0x0,
    0x94, 0xec, 0xfa, 0xe8, 0xf6, 0xf0, 0xcb, 0x0,
    0x0, 0x59, 0x9e, 0x0, 0xc1, 0x32, 0x0, 0x0,
    0x0, 0x86, 0x72, 0x0, 0xea, 0x9, 0x0, 0x0,

    /* U+0024 "$" */
    0x0, 0x0, 0x18, 0x54, 0x0, 0x0, 0x0, 0x11,
    0x7e, 0xd0, 0x26, 0x0, 0x12, 0xe1, 0xd7, 0xea,
    0xef, 0x53, 0x5a, 0xc4, 0x34, 0xb4, 0x3b, 0x39,
    0x32, 0xf0, 0x72, 0xb4, 0x0, 0x0, 0x0, 0x5a,
    0xe7, 0xe3, 0x4b, 0x0, 0x0, 0x0, 0x35, 0xdc,
    0xe4, 0x78, 0x3a, 0x3c, 0x34, 0xb4, 0x44, 0xdf,
    0x65, 0xdf, 0x64, 0xbe, 0x94, 0xb7, 0x0, 0x74,
    0xe6, 0xfa, 0xb5, 0x1e, 0x0, 0x0, 0x34, 0xb4,
    0x0, 0x0,

    /* U+0025 "%" */
    0x11, 0xb7, 0xcc, 0xa6, 0x5, 0x0, 0x21, 0x8c,
    0x0, 0x0, 0x81, 0x6c, 0x0, 0x8d, 0x61, 0x4,
    0xc2, 0x34, 0x0, 0x0, 0x79, 0x7b, 0x0, 0x9b,
    0x58, 0x87, 0x75, 0x0, 0x0, 0x0, 0xa, 0x9f,
    0xc8, 0x8d, 0x44, 0xb9, 0x1, 0x0, 0x0, 0x0,
    0x0, 0x0, 0x0, 0x14, 0xd0, 0x2d, 0xa9, 0xc7,
    0x77, 0x0, 0x0, 0x0, 0x0, 0xb1, 0x4c, 0x95,
    0x5f, 0x2, 0xb1, 0x3f, 0x0, 0x0, 0x6d, 0x93,
    0x0, 0x9d, 0x51, 0x0, 0xa4, 0x48, 0x0, 0x4,
    0xa4, 0x8, 0x0, 0x1f, 0xc0, 0xcd, 0x93, 0x1,

    /* U+0026 "&" */
    0x0, 0x22, 0xc8, 0xf5, 0x9c, 0x2, 0x0, 0x0,
    0x0, 0x9f, 0x9a, 0x23, 0xa5, 0x18, 0x0, 0x0,
    0x0, 0x71, 0xb6, 0x2, 0x0, 0x0, 0x0, 0x0,
    0x2, 0x9c, 0xf1, 0x92, 0x0, 0x0, 0x0, 0x0,
    0x5d, 0xbb, 0x10, 0xc8, 0x76, 0x0, 0x32, 0x0,
    0x81, 0x81, 0x0, 0x15, 0xdb, 0x9c, 0xd1, 0x5,
    0x35, 0xe7, 0x44, 0x9, 0x64, 0xff, 0x5f, 0x0,
    0x0, 0x4c, 0xce, 0xf5, 0xcc, 0x72, 0xa2, 0x0,

    /* U+0027 "'" */
    0x78, 0x88, 0x78, 0x88, 0x52, 0x5d,

    /* U+0028 "(" */
    0x0, 0x0, 0xa, 0x5, 0x0, 0x0, 0xa3, 0x7b,
    0x0, 0x42, 0xe3, 0xa, 0x0, 0xb6, 0x72, 0x0,
    0xa, 0xf8, 0x1f, 0x0, 0x2b, 0xf1, 0x0, 0x0,
    0x33, 0xe8, 0x0, 0x0, 0x17, 0xfd, 0xa, 0x0,
    0x0, 0xd5, 0x4e, 0x0, 0x0, 0x71, 0xbb, 0x0,
    0x0, 0x9, 0xdc, 0x54, 0x0, 0x0, 0x31, 0x36,

    /* U+0029 ")" */
    0x6, 0x8, 0x0, 0x0, 0x87, 0x9a, 0x0, 0x0,
    0xf, 0xeb, 0x35, 0x0, 0x0, 0x7e, 0xa6, 0x0,
    0x0, 0x29, 0xf1, 0x4, 0x0, 0x0, 0xf9, 0x1e,
    0x0, 0x0, 0xf1, 0x27, 0x0, 0x11, 0xfd, 0xc,
    0x0, 0x5a, 0xc6, 0x0, 0x0, 0xc8, 0x62, 0x0,
    0x61, 0xd4, 0x5, 0x0, 0x3c, 0x2b, 0x0, 0x0,

    /* U+002A "*" */
    0x0, 0x0, 0xd8, 0x14, 0x0, 0x5b, 0xc5, 0xef,
    0xbb, 0x91, 0x0, 0x6e, 0xfb, 0xa7, 0x2, 0x1,
    0xc9, 0x37, 0xd0, 0x19, 0x0, 0x4, 0x0, 0x4,
    0x0,

    /* U+002B "+" */
    0x0, 0x0, 0x28, 0xc0, 0x0, 0x0, 0x0, 0x0,
    0x28, 0xc0, 0x0, 0x0, 0x49, 0xe0, 0xe5, 0xf8,
    0xe0, 0xce, 0x0, 0x0, 0x28, 0xc0, 0x0, 0x0,
    0x0, 0x0, 0x28, 0xc0, 0x0, 0x0, 0x0, 0x0,
    0x7, 0x24, 0x0, 0x0,

    /* U+002C "," */
    0x41, 0xe4, 0x15, 0x1e, 0xdf, 0x7, 0x3b, 0x4c,
    0x0,

    /* U+002D "-" */
    0x4c, 0xe8, 0xe8, 0xe8, 0x77,

    /* U+002E "." */
    0x1c, 0x84, 0x5, 0x41, 0xe4, 0x14,

    /* U+002F "/" */
    0x0, 0x0, 0x0, 0x56, 0xb2, 0x0, 0x0, 0x0,
    0xc7, 0x40, 0x0, 0x0, 0x39, 0xce, 0x0, 0x0,
    0x0, 0xac, 0x5c, 0x0, 0x0, 0x20, 0xe1, 0x5,
    0x0, 0x0, 0x90, 0x78, 0x0, 0x0, 0xe, 0xe7,
    0x11, 0x0, 0x0, 0x73, 0x94, 0x0, 0x0, 0x0,

    /* U+0030 "0" */
    0x0, 0x15, 0xac, 0xf5, 0xe6, 0x76, 0x0, 0x0,
    0x0, 0xbc, 0xa8, 0x22, 0x3c, 0xe0, 0x62, 0x0,
    0x37, 0xec, 0xa, 0x0, 0x0, 0x4f, 0xde, 0x0,
    0x65, 0xb8, 0x0, 0x0, 0x0, 0x10, 0xff, 0xd,
    0x66, 0xb7, 0x0, 0x0, 0x0, 0x10, 0xff, 0xd,
    0x37, 0xeb, 0x9, 0x0, 0x0, 0x4e, 0xde, 0x0,
    0x0, 0xbe, 0xa4, 0x20, 0x3a, 0xdf, 0x66, 0x0,
    0x0, 0x16, 0xae, 0xf6, 0xe7, 0x7a, 0x0, 0x0,

    /* U+0031 "1" */
    0x0, 0x0, 0x6, 0x10, 0xf, 0x77, 0xe6, 0x98,
    0x49, 0xad, 0xac, 0x98, 0x0, 0x0, 0x80, 0x98,
    0x0, 0x0, 0x80, 0x98, 0x0, 0x0, 0x80, 0x98,
    0x0, 0x0, 0x80, 0x98, 0x0, 0x0, 0x80, 0x98,
    0x0, 0x0, 0x80, 0x98,

    /* U+0032 "2" */
    0x1, 0x7e, 0xea, 0xeb, 0x8c, 0x2, 0x4a, 0xd4,
    0x28, 0x2a, 0xd6, 0x68, 0x0, 0x6, 0x0, 0x0,
    0x94, 0x8e, 0x0, 0x0, 0x0, 0x22, 0xec, 0x37,
    0x0, 0x0, 0x1e, 0xde, 0x74, 0x0, 0x0, 0x24,
    0xdf, 0x71, 0x0, 0x0, 0x2c, 0xe6, 0x71, 0xc,
    0xc, 0x8, 0x84, 0xff, 0xff, 0xff, 0xff, 0xb8,

    /* U+0033 "3" */
    0x1, 0x7f, 0xea, 0xef, 0xa1, 0xa, 0x29, 0xc2,
    0x31, 0x1e, 0xc2, 0x7b, 0x0, 0x0, 0x0, 0x8,
    0xb9, 0x7c, 0x0, 0x0, 0x94, 0xf7, 0xd6, 0xa,
    0x0, 0x0, 0xf, 0x2e, 0xc1, 0x8c, 0x14, 0x31,
    0x0, 0x0, 0x4a, 0xd8, 0x4e, 0xe3, 0x34, 0x1f,
    0xb5, 0x9f, 0x0, 0x6c, 0xe4, 0xf0, 0xa4, 0x10,

    /* U+0034 "4" */
    0x0, 0x0, 0x0, 0x22, 0xf1, 0x7c, 0x0, 0x0,
    0x0, 0x4, 0xc7, 0xe4, 0x7c, 0x0, 0x0, 0x0,
    0x85, 0x9d, 0xa0, 0x7c, 0x0, 0x0, 0x3f, 0xd5,
    0xb, 0xa0, 0x7c, 0x0, 0x11, 0xdb, 0x30, 0x0,
    0xa0, 0x7c, 0x0, 0x7c, 0xfa, 0xe8, 0xe8, 0xf7,
    0xf3, 0x7e, 0xc, 0x18, 0x18, 0x18, 0xa9, 0x88,
    0xd, 0x0, 0x0, 0x0, 0x0, 0xa0, 0x7c, 0x0,

    /* U+0035 "5" */
    0x0, 0xbb, 0xec, 0xec, 0xec, 0x88, 0x0, 0x0,
    0xea, 0x3c, 0x1c, 0x1c, 0x10, 0x0, 0xa, 0xfd,
    0x6, 0x0, 0x0, 0x0, 0x0, 0x2a, 0xf6, 0xc9,
    0xf4, 0xbd, 0x23, 0x0, 0xf, 0x77, 0x34, 0xd,
    0x87, 0xce, 0x0, 0x13, 0x30, 0x0, 0x0, 0x15,
    0xff, 0x7, 0x40, 0xe6, 0x3b, 0x18, 0x8e, 0xca,
    0x0, 0x0, 0x5e, 0xdd, 0xf3, 0xb5, 0x20, 0x0,

    /* U+0036 "6" */
    0x0, 0x0, 0x0, 0x5, 0x0, 0x0, 0x0, 0x0,
    0x0, 0x3, 0xc3, 0x4d, 0x0, 0x0, 0x0, 0x0,
    0x7c, 0xc9, 0x5, 0x0, 0x0, 0x0, 0x35, 0xeb,
    0x21, 0x0, 0x0, 0x0, 0x2, 0xd4, 0xf0, 0xf2,
    0xbb, 0x22, 0x0, 0x4f, 0xeb, 0x36, 0x9, 0x85,
    0xd2, 0x0, 0x76, 0xa5, 0x0, 0x0, 0x12, 0xff,
    0xd, 0x34, 0xec, 0x43, 0x17, 0x8e, 0xc9, 0x0,
    0x0, 0x57, 0xda, 0xf3, 0xb1, 0x1c, 0x0,

    /* U+0037 "7" */
    0x79, 0xf0, 0xf0, 0xf0, 0xf0, 0xbf, 0xe, 0x1c,
    0x1c, 0x1c, 0xaa, 0x9c, 0x0, 0x0, 0x0, 0x2b,
    0xf2, 0x1b, 0x0, 0x0, 0x0, 0xb8, 0x82, 0x0,
    0x0, 0x0, 0x49, 0xe8, 0xc, 0x0, 0x0, 0x3,
    0xd4, 0x66, 0x0, 0x0, 0x0, 0x69, 0xd4, 0x3,
    0x0, 0x0, 0x8, 0xe9, 0x4a, 0x0, 0x0, 0x0,
    0x0, 0x29, 0x0, 0x0, 0x0, 0x0,

    /* U+0038 "8" */
    0x0, 0x60, 0xe0, 0xf4, 0xb6, 0x19, 0x0, 0x1f,
    0xf8, 0x3f, 0x17, 0xa4, 0xa2, 0x0, 0x20, 0xf3,
    0x20, 0x1, 0x91, 0xa0, 0x0, 0x0, 0x7a, 0xfc,
    0xf2, 0xeb, 0x16, 0x0, 0x31, 0xeb, 0x4d, 0x25,
    0xa2, 0xb3, 0x0, 0x79, 0xa9, 0x0, 0x0, 0x22,
    0xfd, 0x3, 0x42, 0xec, 0x3b, 0x17, 0x94, 0xca,
    0x0, 0x0, 0x66, 0xde, 0xf3, 0xb5, 0x20, 0x0,

    /* U+0039 "9" */
    0x0, 0x51, 0xd7, 0xf2, 0xb1, 0x1c, 0x0, 0x35,
    0xed, 0x45, 0x19, 0x93, 0xc7, 0x0, 0x76, 0xa6,
    0x0, 0x0, 0x12, 0xff, 0xe, 0x3d, 0xea, 0x35,
    0x9, 0x85, 0xe6, 0x0, 0x0, 0x65, 0xe0, 0xe2,
    0xff, 0x6c, 0x0, 0x0, 0x0, 0x0, 0x7b, 0xc2,
    0x2, 0x0, 0x0, 0x0, 0x3a, 0xed, 0x20, 0x0,
    0x0, 0x0, 0x0, 0xb4, 0x5e, 0x0, 0x0, 0x0,
    0x0, 0x0, 0x5, 0x0, 0x0, 0x0, 0x0,

    /* U+003A ":" */
    0x41, 0xe4, 0x14, 0x1b, 0x80, 0x4, 0x0, 0x0,
    0x0, 0x0, 0x0, 0x0, 0x1c, 0x84, 0x5, 0x41,
    0xe4, 0x14,

    /* U+003B ";" */
    0x41, 0xe4, 0x14, 0x1b, 0x80, 0x4, 0x0, 0x0,
    0x0, 0x0, 0x0, 0x0, 0x37, 0xc8, 0x10, 0x26,
    0xe7, 0xb, 0x3d, 0x5e, 0x0,

    /* U+003C "<" */
    0x0, 0x0, 0x0, 0x7, 0x65, 0x41, 0x0, 0xe,
    0x76, 0xda, 0x93, 0x18, 0x39, 0xeb, 0x7a, 0x10,
    0x0, 0x0, 0x16, 0x94, 0xd5, 0x70, 0xd, 0x0,
    0x0, 0x0, 0x15, 0x85, 0xe0, 0x3f, 0x0, 0x0,
    0x0, 0x0, 0xd, 0x1c,

    /* U+003D "=" */
    0x4c, 0xe8, 0xe8, 0xe8, 0xe8, 0xe8, 0x12, 0x0,
    0x0, 0x0, 0x0, 0x0, 0x0, 0x0, 0x4c, 0xe8,
    0xe8, 0xe8, 0xe8, 0xe8, 0x12,

    /* U+003E ">" */
    0x34, 0x6e, 0xa, 0x0, 0x0, 0x0, 0x12, 0x8a,
    0xdb, 0x7f, 0x12, 0x0, 0x0, 0x0, 0xc, 0x70,
    0xea, 0x49, 0x0, 0x9, 0x67, 0xd2, 0x9d, 0x1d,
    0x30, 0xdf, 0x8e, 0x1b, 0x0, 0x0, 0x17, 0x12,
    0x0, 0x0, 0x0, 0x0,

    /* U+003F "?" */
    0x4, 0x91, 0xf1, 0xe7, 0x74, 0x0, 0x50, 0xce,
    0x28, 0x32, 0xef, 0x37, 0x0, 0x0, 0x0, 0x9,
    0xe8, 0x32, 0x0, 0x0, 0x12, 0xc5, 0x85, 0x0,
    0x0, 0x0, 0x93, 0xa4, 0x0, 0x0, 0x0, 0x0,
    0x4e, 0x31, 0x0, 0x0, 0x0, 0x0, 0x68, 0x3f,
    0x0, 0x0, 0x0, 0x0, 0xc0, 0x7e, 0x0, 0x0,

    /* U+0040 "@" */
    0x0, 0x0, 0x20, 0x93, 0xcf, 0xd5, 0xb9, 0x54,
    0x0, 0x0, 0x0, 0x3d, 0xd9, 0x54, 0x6, 0x0,
    0x24, 0xa7, 0x9d, 0x0, 0x8, 0xdd, 0x26, 0x56,
    0xe2, 0xdc, 0xb2, 0x78, 0xa5, 0x5a, 0x53, 0x9a,
    0x15, 0xe7, 0x24, 0x9, 0xbe, 0x78, 0x22, 0xbc,
    0x70, 0x75, 0x39, 0xbd, 0x0, 0x0, 0x73, 0x78,
    0x0, 0xd8, 0x50, 0x99, 0x10, 0xdf, 0x20, 0x7,
    0xbb, 0x8b, 0x24, 0xb7, 0x7, 0xdb, 0x25, 0x40,
    0xbe, 0xba, 0x50, 0xa9, 0xba, 0x2d, 0x0, 0x3e,
    0xd8, 0x52, 0x5, 0x0, 0x18, 0x0, 0x0, 0x0,
    0x0, 0x0, 0x22, 0x97, 0xd0, 0xd7, 0xb4, 0x2,
    0x0, 0x0,

    /* U+0041 "A" */
    0x0, 0x0, 0x0, 0xd0, 0xd3, 0x0, 0x0, 0x0,
    0x0, 0x0, 0x39, 0xe3, 0xe0, 0x3b, 0x0, 0x0,
    0x0, 0x0, 0xa1, 0x87, 0x84, 0xa3, 0x0, 0x0,
    0x0, 0x11, 0xf6, 0x29, 0x26, 0xf7, 0x13, 0x0,
    0x0, 0x71, 0xcb, 0x0, 0x0, 0xc8, 0x73, 0x0,
    0x0, 0xd7, 0xf6, 0xe8, 0xe8, 0xf5, 0xda, 0x1,
    0x41, 0xf5, 0x24, 0x18, 0x18, 0x22, 0xf3, 0x43,
    0xa8, 0x97, 0x0, 0x0, 0x0, 0x0, 0x94, 0xab,

    /* U+0042 "B" */
    0x24, 0xff, 0xff, 0xff, 0xea, 0x83, 0x0, 0x24,
    0xf8, 0xc, 0xc, 0x29, 0xde, 0x52, 0x24, 0xf8,
    0x0, 0x0, 0xe, 0xd2, 0x54, 0x24, 0xff, 0xe8,
    0xe8, 0xf9, 0xb3, 0x0, 0x24, 0xf8, 0x18, 0x18,
    0x2e, 0xd1, 0x68, 0x24, 0xf8, 0x0, 0x0, 0x0,
    0x70, 0xb4, 0x24, 0xf8, 0xc, 0xc, 0x20, 0xc9,
    0x7d, 0x24, 0xff, 0xff, 0xff, 0xef, 0x97, 0x6,

    /* U+0043 "C" */
    0x0, 0x0, 0x60, 0xcc, 0xf7, 0xf0, 0xb3, 0x2e,
    0x0, 0x0, 0x96, 0xdb, 0x56, 0x1d, 0x28, 0x7d,
    0xb5, 0x0, 0x3d, 0xef, 0x1d, 0x0, 0x0, 0x0,
    0x0, 0x0, 0x0, 0x82, 0xad, 0x0, 0x0, 0x0,
    0x0, 0x0, 0x0, 0x0, 0x83, 0xac, 0x0, 0x0,
    0x0, 0x0, 0x0, 0x0, 0x0, 0x3e, 0xef, 0x1d,
    0x0, 0x0, 0x0, 0x0, 0x4, 0x0, 0x0, 0x99,
    0xdb, 0x56, 0x1c, 0x1d, 0x6e, 0xe1, 0x15, 0x0,
    0x0, 0x63, 0xcd, 0xf8, 0xf1, 0xb7, 0x3a, 0x0,

    /* U+0044 "D" */
    0x24, 0xff, 0xff, 0xfd, 0xe4, 0x99, 0x17, 0x0,
    0x24, 0xf8, 0xc, 0x11, 0x34, 0xa6, 0xe0, 0x16,
    0x24, 0xf8, 0x0, 0x0, 0x0, 0x0, 0xb4, 0x8e,
    0x24, 0xf8, 0x0, 0x0, 0x0, 0x0, 0x5f, 0xcb,
    0x24, 0xf8, 0x0, 0x0, 0x0, 0x0, 0x5f, 0xcb,
    0x24, 0xf8, 0x0, 0x0, 0x0, 0x0, 0xb2, 0x8f,
    0x24, 0xf8, 0xc, 0x10, 0x33, 0xa3, 0xe3, 0x18,
    0x24, 0xff, 0xff, 0xfd, 0xe6, 0x9b, 0x19, 0x0,

    /* U+0045 "E" */
    0x24, 0xff, 0xff, 0xff, 0xff, 0xe0, 0x24, 0xf8,
    0xc, 0xc, 0xc, 0xa, 0x24, 0xf8, 0x0, 0x0,
    0x0, 0x0, 0x24, 0xff, 0xe8, 0xe8, 0xe8, 0x74,
    0x24, 0xf8, 0x18, 0x18, 0x18, 0xc, 0x24, 0xf8,
    0x0, 0x0, 0x0, 0x0, 0x24, 0xf8, 0xc, 0xc,
    0xc, 0xa, 0x24, 0xff, 0xff, 0xff, 0xff, 0xe0,

    /* U+0046 "F" */
    0x24, 0xff, 0xff, 0xff, 0xff, 0xe0, 0x24, 0xf8,
    0xc, 0xc, 0xc, 0xa, 0x24, 0xf8, 0x0, 0x0,
    0x0, 0x0, 0x24, 0xff, 0xe8, 0xe8, 0xe8, 0x74,
    0x24, 0xf8, 0x18, 0x18, 0x18, 0xc, 0x24, 0xf8,
    0x0, 0x0, 0x0, 0x0, 0x24, 0xf8, 0x0, 0x0,
    0x0, 0x0, 0x24, 0xf8, 0x0, 0x0, 0x0, 0x0,

    /* U+0047 "G" */
    0x0, 0x0, 0x5d, 0xca, 0xf7, 0xf1, 0xb7, 0x3d,
    0x0, 0x0, 0x0, 0x92, 0xdf, 0x59, 0x1d, 0x22,
    0x5d, 0x85, 0x1, 0x0, 0x3b, 0xf1, 0x20, 0x0,
    0x0, 0x0, 0x0, 0x0, 0x0, 0x0, 0x82, 0xae,
    0x0, 0x0, 0x15, 0xe8, 0xe8, 0xe8, 0xe8, 0x18,
    0x83, 0xad, 0x0, 0x0, 0x2, 0x18, 0x18, 0x2d,
    0xfe, 0xf, 0x3b, 0xf1, 0x20, 0x0, 0x0, 0x0,
    0x0, 0x76, 0xcc, 0x0, 0x0, 0x92, 0xdf, 0x58,
    0x1c, 0x23, 0x7a, 0xf1, 0x3c, 0x0, 0x0, 0x0,
    0x5e, 0xcb, 0xf7, 0xf2, 0xb6, 0x33, 0x0, 0x0,

    /* U+0048 "H" */
    0x24, 0xf8, 0x0, 0x0, 0x0, 0x0, 0xbc, 0x60,
    0x24, 0xf8, 0x0, 0x0, 0x0, 0x0, 0xbc, 0x60,
    0x24, 0xf8, 0x0, 0x0, 0x0, 0x0, 0xbc, 0x60,
    0x24, 0xff, 0xe8, 0xe8, 0xe8, 0xe8, 0xf9, 0x60,
    0x24, 0xf8, 0x18, 0x18, 0x18, 0x18, 0xc2, 0x60,
    0x24, 0xf8, 0x0, 0x0, 0x0, 0x0, 0xbc, 0x60,
    0x24, 0xf8, 0x0, 0x0, 0x0, 0x0, 0xbc, 0x60,
    0x24, 0xf8, 0x0, 0x0, 0x0, 0x0, 0xbc, 0x60,

    /* U+0049 "I" */
    0x24, 0xf8, 0x24, 0xf8, 0x24, 0xf8, 0x24, 0xf8,
    0x24, 0xf8, 0x24, 0xf8, 0x24, 0xf8, 0x24, 0xf8,

    /* U+004A "J" */
    0x0, 0x0, 0x0, 0x0, 0x88, 0x90, 0x0, 0x0,
    0x0, 0x0, 0x88, 0x90, 0x0, 0x0, 0x0, 0x0,
    0x88, 0x90, 0x0, 0x0, 0x0, 0x0, 0x88, 0x90,
    0x0, 0x0, 0x0, 0x0, 0x88, 0x90, 0x8, 0x17,
    0x0, 0x0, 0x8f, 0x88, 0x80, 0xc8, 0x23, 0x2e,
    0xe2, 0x51, 0x6, 0x96, 0xef, 0xea, 0x87, 0x0,

    /* U+004B "K" */
    0x24, 0xf8, 0x0, 0x0, 0x1, 0xa7, 0xc2, 0x9,
    0x24, 0xf8, 0x0, 0x0, 0x92, 0xcf, 0xf, 0x0,
    0x24, 0xf8, 0x0, 0x7d, 0xda, 0x16, 0x0, 0x0,
    0x24, 0xf8, 0x66, 0xff, 0x3d, 0x0, 0x0, 0x0,
    0x24, 0xfe, 0xe9, 0xa5, 0xc6, 0x5, 0x0, 0x0,
    0x24, 0xfd, 0x35, 0x5, 0xc8, 0x8c, 0x0, 0x0,
    0x24, 0xf8, 0x0, 0x0, 0x1f, 0xed, 0x4e, 0x0,
    0x24, 0xf8, 0x0, 0x0, 0x0, 0x4d, 0xed, 0x20,

    /* U+004C "L" */
    0x24, 0xf8, 0x0, 0x0, 0x0, 0x0, 0x24, 0xf8,
    0x0, 0x0, 0x0, 0x0, 0x24, 0xf8, 0x0, 0x0,
    0x0, 0x0, 0x24, 0xf8, 0x0, 0x0, 0x0, 0x0,
    0x24, 0xf8, 0x0, 0x0, 0x0, 0x0, 0x24, 0xf8,
    0x0, 0x0, 0x0, 0x0, 0x24, 0xf8, 0xc, 0xc,
    0xc, 0x8, 0x24, 0xff, 0xff, 0xff, 0xff, 0xb0,

    /* U+004D "M" */
    0x24, 0xff, 0x45, 0x0, 0x0, 0x0, 0x0, 0x53,
    0xff, 0x18, 0x24, 0xfe, 0xda, 0x7, 0x0, 0x0,
    0xc, 0xe1, 0xfe, 0x18, 0x24, 0xf0, 0xac, 0x7f,
    0x0, 0x0, 0x8c, 0x9f, 0xfb, 0x18, 0x24, 0xf7,
    0x1c, 0xeb, 0x24, 0x2d, 0xe9, 0x18, 0xff, 0x18,
    0x24, 0xf8, 0x0, 0x73, 0xb9, 0xc4, 0x66, 0x4,
    0xff, 0x18, 0x24, 0xf8, 0x0, 0x4, 0xd2, 0xc8,
    0x1, 0x4, 0xff, 0x18, 0x24, 0xf8, 0x0, 0x0,
    0x23, 0x1f, 0x0, 0x4, 0xff, 0x18, 0x24, 0xf8,
    0x0, 0x0, 0x0, 0x0, 0x0, 0x4, 0xff, 0x18,

    /* U+004E "N" */
    0x24, 0xff, 0x89, 0x0, 0x0, 0x0, 0x9c, 0x7c,
    0x24, 0xf6, 0xe8, 0x39, 0x0, 0x0, 0x9c, 0x7c,
    0x24, 0xf3, 0x57, 0xd9, 0x9, 0x0, 0x9c, 0x7c,
    0x24, 0xf7, 0x0, 0xab, 0x8f, 0x0, 0x9c, 0x7c,
    0x24, 0xf8, 0x0, 0x15, 0xe8, 0x3d, 0x9b, 0x7c,
    0x24, 0xf8, 0x0, 0x0, 0x55, 0xdc, 0xa1, 0x7c,
    0x24, 0xf8, 0x0, 0x0, 0x0, 0xa9, 0xf9, 0x7c,
    0x24, 0xf8, 0x0, 0x0, 0x0, 0x14, 0xe9, 0x7c,

    /* U+004F "O" */
    0x0, 0x0, 0x61, 0xcd, 0xf7, 0xf1, 0xb5, 0x36,
    0x0, 0x0, 0x0, 0x96, 0xdd, 0x55, 0x1b, 0x26,
    0x77, 0xef, 0x4e, 0x0, 0x3c, 0xf0, 0x1f, 0x0,
    0x0, 0x0, 0x0, 0x58, 0xeb, 0x7, 0x82, 0xad,
    0x0, 0x0, 0x0, 0x0, 0x0, 0x2, 0xf3, 0x39,
    0x83, 0xad, 0x0, 0x0, 0x0, 0x0, 0x0, 0x2,
    0xf3, 0x39, 0x3c, 0xf0, 0x1e, 0x0, 0x0, 0x0,
    0x0, 0x58, 0xec, 0x7, 0x0, 0x96, 0xdd, 0x55,
    0x1b, 0x25, 0x76, 0xf0, 0x51, 0x0, 0x0, 0x0,
    0x62, 0xce, 0xf8, 0xf2, 0xb6, 0x38, 0x0, 0x0,

    /* U+0050 "P" */
    0x24, 0xff, 0xff, 0xff, 0xe4, 0x78, 0x0, 0x24,
    0xf8, 0xc, 0xc, 0x32, 0xe0, 0x51, 0x24, 0xf8,
    0x0, 0x0, 0x13, 0xd4, 0x5e, 0x24, 0xff, 0xec,
    0xec, 0xf8, 0x99, 0x3, 0x24, 0xf8, 0x1c, 0x1b,
    0x6, 0x0, 0x0, 0x24, 0xf8, 0x0, 0x0, 0x0,
    0x0, 0x0, 0x24, 0xf8, 0x0, 0x0, 0x0, 0x0,
    0x0, 0x24, 0xf8, 0x0, 0x0, 0x0, 0x0, 0x0,

    /* U+0051 "Q" */
    0x0, 0x0, 0x61, 0xcd, 0xf7, 0xf1, 0xb5, 0x38,
    0x0, 0x0, 0x0, 0x96, 0xdd, 0x55, 0x1b, 0x26,
    0x77, 0xf0, 0x52, 0x0, 0x3c, 0xf0, 0x1f, 0x0,
    0x0, 0x0, 0x0, 0x57, 0xed, 0x8, 0x82, 0xad,
    0x0, 0x0, 0x0, 0x0, 0x0, 0x2, 0xf3, 0x3b,
    0x83, 0xad, 0x0, 0x0, 0x0, 0x0, 0x5, 0x2,
    0xf3, 0x36, 0x3c, 0xf0, 0x1e, 0x0, 0x0, 0x6e,
    0xa9, 0x5a, 0xe3, 0x4, 0x0, 0x96, 0xdd, 0x55,
    0x1b, 0x26, 0xec, 0xf3, 0x41, 0x0, 0x0, 0x0,
    0x62, 0xce, 0xf8, 0xec, 0xac, 0xed, 0x25, 0x0,
    0x0, 0x0, 0x0, 0x0, 0x0, 0x0, 0x0, 0x28,
    0x0, 0x0,

    /* U+0052 "R" */
    0x24, 0xff, 0xff, 0xff, 0xe4, 0x79, 0x0, 0x24,
    0xf8, 0xc, 0xc, 0x32, 0xe0, 0x53, 0x24, 0xf8,
    0x0, 0x0, 0x13, 0xd4, 0x5c, 0x24, 0xff, 0xe8,
    0xe8, 0xee, 0x8c, 0x2, 0x24, 0xf8, 0x18, 0x95,
    0xb0, 0x0, 0x0, 0x24, 0xf8, 0x0, 0xf, 0xe9,
    0x4b, 0x0, 0x24, 0xf8, 0x0, 0x0, 0x61, 0xde,
    0x8, 0x24, 0xf8, 0x0, 0x0, 0x1, 0xc7, 0x82,

    /* U+0053 "S" */
    0x0, 0x70, 0xe2, 0xf4, 0xb6, 0x1f, 0x0, 0x42,
    0xed, 0x3b, 0x17, 0x8c, 0x9a, 0x0, 0x4c, 0xde,
    0xe, 0x0, 0x0, 0x0, 0x0, 0x1, 0x86, 0xe4,
    0x99, 0x38, 0x0, 0x0, 0x0, 0x0, 0xb, 0x58,
    0xcd, 0x93, 0x0, 0x2f, 0x38, 0x0, 0x0, 0xd,
    0xfd, 0x1a, 0x62, 0xe7, 0x43, 0x15, 0x6d, 0xf3,
    0x8, 0x0, 0x6e, 0xdf, 0xf6, 0xc9, 0x3f, 0x0,

    /* U+0054 "T" */
    0xb8, 0xff, 0xff, 0xff, 0xff, 0xff, 0x30, 0x8,
    0xc, 0x58, 0xce, 0xc, 0xc, 0x2, 0x0, 0x0,
    0x50, 0xcc, 0x0, 0x0, 0x0, 0x0, 0x0, 0x50,
    0xcc, 0x0, 0x0, 0x0, 0x0, 0x0, 0x50, 0xcc,
    0x0, 0x0, 0x0, 0x0, 0x0, 0x50, 0xcc, 0x0,
    0x0, 0x0, 0x0, 0x0, 0x50, 0xcc, 0x0, 0x0,
    0x0, 0x0, 0x0, 0x50, 0xcc, 0x0, 0x0, 0x0,

    /* U+0055 "U" */
    0x54, 0xc8, 0x0, 0x0, 0x0, 0x14, 0xff, 0x8,
    0x54, 0xc8, 0x0, 0x0, 0x0, 0x14, 0xff, 0x8,
    0x54, 0xc8, 0x0, 0x0, 0x0, 0x14, 0xff, 0x8,
    0x54, 0xc8, 0x0, 0x0, 0x0, 0x14, 0xff, 0x8,
    0x53, 0xc8, 0x0, 0x0, 0x0, 0x14, 0xff, 0x7,
    0x3a, 0xe2, 0x0, 0x0, 0x0, 0x30, 0xee, 0x0,
    0x7, 0xda, 0x88, 0x1a, 0x2a, 0xc0, 0x9b, 0x0,
    0x0, 0x24, 0xb5, 0xf0, 0xe6, 0x93, 0xc, 0x0,

    /* U+0056 "V" */
    0xac, 0x8d, 0x0, 0x0, 0x0, 0x8, 0xef, 0x3d,
    0x4b, 0xe7, 0x3, 0x0, 0x0, 0x59, 0xd8, 0x0,
    0x3, 0xe6, 0x47, 0x0, 0x0, 0xba, 0x75, 0x0,
    0x0, 0x89, 0xa3, 0x0, 0x1d, 0xf8, 0x16, 0x0,
    0x0, 0x28, 0xf4, 0xb, 0x7c, 0xad, 0x0, 0x0,
    0x0, 0x0, 0xc7, 0x5d, 0xdc, 0x49, 0x0, 0x0,
    0x0, 0x0, 0x66, 0xe4, 0xe2, 0x2, 0x0, 0x0,
    0x0, 0x0, 0xe, 0xf6, 0x81, 0x0, 0x0, 0x0,

    /* U+0057 "W" */
    0xaa, 0x7c, 0x0, 0x0, 0x0, 0x0, 0x0, 0x0,
    0x0, 0x6b, 0xba, 0x5e, 0xc6, 0x0, 0x0, 0x19,
    0xea, 0x3c, 0x0, 0x0, 0xb1, 0x71, 0x14, 0xfa,
    0x13, 0x0, 0x72, 0xf6, 0x99, 0x0, 0x4, 0xf1,
    0x27, 0x0, 0xc5, 0x59, 0x0, 0xcd, 0x6a, 0xed,
    0x6, 0x3d, 0xde, 0x0, 0x0, 0x78, 0xa3, 0x28,
    0xeb, 0x4, 0xc6, 0x4f, 0x83, 0x94, 0x0, 0x0,
    0x2c, 0xea, 0x85, 0x95, 0x0, 0x6c, 0xaa, 0xc9,
    0x4b, 0x0, 0x0, 0x0, 0xde, 0xf5, 0x3b, 0x0,
    0x16, 0xf4, 0xf4, 0xa, 0x0, 0x0, 0x0, 0x92,
    0xe0, 0x1, 0x0, 0x0, 0xb9, 0xb8, 0x0, 0x0,

    /* U+0058 "X" */
    0x4b, 0xec, 0x19, 0x0, 0x0, 0x70, 0xd5, 0x8,
    0x0, 0x96, 0xb3, 0x0, 0x27, 0xf0, 0x30, 0x0,
    0x0, 0x9, 0xd7, 0x66, 0xc9, 0x77, 0x0, 0x0,
    0x0, 0x0, 0x32, 0xfc, 0xc5, 0x2, 0x0, 0x0,
    0x0, 0x0, 0x5f, 0xee, 0xe4, 0x11, 0x0, 0x0,
    0x0, 0x1f, 0xee, 0x3b, 0xa5, 0xa7, 0x0, 0x0,
    0x2, 0xc1, 0x86, 0x0, 0x10, 0xe2, 0x59, 0x0,
    0x77, 0xcf, 0x5, 0x0, 0x0, 0x42, 0xed, 0x1c,

    /* U+0059 "Y" */
    0x86, 0xc1, 0x1, 0x0, 0x0, 0xa2, 0xa6, 0x6,
    0xd2, 0x6a, 0x0, 0x46, 0xe8, 0x13, 0x0, 0x31,
    0xed, 0x29, 0xde, 0x52, 0x0, 0x0, 0x0, 0x7f,
    0xf2, 0xa8, 0x0, 0x0, 0x0, 0x0, 0x4, 0xfa,
    0x2a, 0x0, 0x0, 0x0, 0x0, 0x0, 0xf8, 0x24,
    0x0, 0x0, 0x0, 0x0, 0x0, 0xf8, 0x24, 0x0,
    0x0, 0x0, 0x0, 0x0, 0xf8, 0x24, 0x0, 0x0,

    /* U+005A "Z" */
    0x6c, 0xff, 0xff, 0xff, 0xff, 0xff, 0x3c, 0x5,
    0xc, 0xc, 0xc, 0x72, 0xe0, 0x11, 0x0, 0x0,
    0x0, 0x37, 0xf0, 0x33, 0x0, 0x0, 0x0, 0x15,
    0xe3, 0x61, 0x0, 0x0, 0x0, 0x3, 0xbe, 0x98,
    0x0, 0x0, 0x0, 0x0, 0x8b, 0xc8, 0x6, 0x0,
    0x0, 0x0, 0x52, 0xed, 0x28, 0xc, 0xc, 0xc,
    0x3, 0x9c, 0xff, 0xff, 0xff, 0xff, 0xff, 0x48,

    /* U+005B "[" */
    0x21, 0xee, 0xe0, 0x46, 0x24, 0xe0, 0x0, 0x0,
    0x24, 0xe0, 0x0, 0x0, 0x24, 0xe0, 0x0, 0x0,
    0x24, 0xe0, 0x0, 0x0, 0x24, 0xe0, 0x0, 0x0,
    0x24, 0xe0, 0x0, 0x0, 0x24, 0xe0, 0x0, 0x0,
    0x24, 0xe0, 0x0, 0x0, 0x24, 0xe0, 0x0, 0x0,
    0x22, 0xf2, 0xe8, 0x48,

    /* U+005C "\\" */
    0x74, 0x94, 0x0, 0x0, 0x0, 0xf, 0xe7, 0x11,
    0x0, 0x0, 0x0, 0x90, 0x78, 0x0, 0x0, 0x0,
    0x20, 0xe1, 0x5, 0x0, 0x0, 0x0, 0xac, 0x5c,
    0x0, 0x0, 0x0, 0x39, 0xce, 0x0, 0x0, 0x0,
    0x0, 0xc7, 0x40, 0x0, 0x0, 0x0, 0x55, 0xb2,

    /* U+005D "]" */
    0x88, 0xe2, 0xc6, 0x0, 0x2c, 0xd4, 0x0, 0x2c,
    0xd4, 0x0, 0x2c, 0xd4, 0x0, 0x2c, 0xd4, 0x0,
    0x2c, 0xd4, 0x0, 0x2c, 0xd4, 0x0, 0x2c, 0xd4,
    0x0, 0x2c, 0xd4, 0x0, 0x2c, 0xd4, 0x8d, 0xea,
    0xca,

    /* U+005E "^" */
    0x0, 0x0, 0x62, 0x34, 0x0, 0x0, 0x0, 0x41,
    0xd7, 0xd6, 0x8, 0x0, 0x9, 0xd9, 0x34, 0x8f,
    0x88, 0x0, 0x8a, 0x98, 0x0, 0xe, 0xe2, 0x31,

    /* U+005F "_" */
    0xe8, 0xe8, 0xe8, 0xe8, 0xe8, 0xb1,

    /* U+0060 "`" */
    0x5c, 0x3d, 0x45, 0xc4,

    /* U+0061 "a" */
    0x12, 0xaa, 0xf4, 0xe8, 0x86, 0x0, 0x1c, 0x7a,
    0x15, 0x1c, 0xd0, 0x55, 0xe, 0xa2, 0xe0, 0xd8,
    0xd8, 0x87, 0x87, 0xba, 0xe, 0x4, 0xab, 0x8c,
    0x8c, 0xaf, 0x7, 0x37, 0xec, 0x8c, 0x14, 0xb7,
    0xf2, 0xbc, 0x9a, 0x8c,

    /* U+0062 "b" */
    0x54, 0xc8, 0x0, 0x0, 0x0, 0x0, 0x0, 0x54,
    0xc8, 0x0, 0x0, 0x0, 0x0, 0x0, 0x54, 0xc9,
    0x97, 0xf5, 0xd8, 0x4d, 0x0, 0x54, 0xff, 0x6c,
    0xc, 0x49, 0xf1, 0x2a, 0x54, 0xd3, 0x0, 0x0,
    0x0, 0xa0, 0x7d, 0x54, 0xd2, 0x0, 0x0, 0x0,
    0x9f, 0x7c, 0x54, 0xff, 0x6a, 0xc, 0x47, 0xf1,
    0x2b, 0x54, 0xc1, 0x9a, 0xf5, 0xd9, 0x50, 0x0,

    /* U+0063 "c" */
    0x0, 0x59, 0xd7, 0xf5, 0xc0, 0x24, 0x3c, 0xee,
    0x40, 0xb, 0x81, 0xa7, 0x91, 0x89, 0x0, 0x0,
    0x0, 0x0, 0x91, 0x88, 0x0, 0x0, 0x0, 0x0,
    0x3b, 0xed, 0x3d, 0xa, 0x79, 0xb0, 0x0, 0x59,
    0xd7, 0xf6, 0xc1, 0x28,

    /* U+0064 "d" */
    0x0, 0x0, 0x0, 0x0, 0x0, 0xdc, 0x3c, 0x0,
    0x0, 0x0, 0x0, 0x0, 0xdc, 0x3c, 0x0, 0x5e,
    0xde, 0xf2, 0x87, 0xda, 0x3c, 0x3c, 0xed, 0x3e,
    0xe, 0x83, 0xff, 0x3c, 0x92, 0x88, 0x0, 0x0,
    0x1, 0xe7, 0x3c, 0x92, 0x87, 0x0, 0x0, 0x1,
    0xe7, 0x3c, 0x3d, 0xec, 0x3c, 0xd, 0x80, 0xff,
    0x3c, 0x0, 0x60, 0xdf, 0xf3, 0x8a, 0xd2, 0x3c,

    /* U+0065 "e" */
    0x0, 0x5f, 0xdc, 0xf2, 0xb7, 0x20, 0x0, 0x3e,
    0xd9, 0x29, 0xa, 0x77, 0xc6, 0x0, 0x92, 0xf0,
    0xe0, 0xe0, 0xe1, 0xee, 0x9, 0x92, 0x93, 0x0,
    0x0, 0x1, 0x5, 0x0, 0x3e, 0xf2, 0x45, 0xb,
    0x83, 0xba, 0x0, 0x0, 0x5d, 0xda, 0xf6, 0xbe,
    0x26, 0x0,

    /* U+0066 "f" */
    0x0, 0x32, 0xd4, 0xf3, 0x33, 0x0, 0x97, 0xa1,
    0xe, 0x1, 0xb5, 0xfe, 0xfe, 0xfc, 0x7, 0x0,
    0x9c, 0x80, 0x0, 0x0, 0x0, 0x9c, 0x80, 0x0,
    0x0, 0x0, 0x9c, 0x80, 0x0, 0x0, 0x0, 0x9c,
    0x80, 0x0, 0x0, 0x0, 0x9c, 0x80, 0x0, 0x0,

    /* U+0067 "g" */
    0x0, 0x5e, 0xde, 0xf1, 0x84, 0xd2, 0x3c, 0x3c,
    0xed, 0x3e, 0xe, 0x83, 0xff, 0x3c, 0x92, 0x88,
    0x0, 0x0, 0x1, 0xe7, 0x3c, 0x92, 0x87, 0x0,
    0x0, 0x1, 0xe7, 0x3c, 0x3d, 0xec, 0x3c, 0xd,
    0x80, 0xff, 0x3c, 0x0, 0x60, 0xdf, 0xf2, 0x87,
    0xd4, 0x3b, 0x3, 0x35, 0x0, 0x0, 0x4, 0xef,
    0x22, 0x38, 0xf5, 0x43, 0xe, 0x89, 0xcf, 0x2,
    0x0, 0x5e, 0xdd, 0xf3, 0xb8, 0x22, 0x0,

    /* U+0068 "h" */
    0x54, 0xc8, 0x0, 0x0, 0x0, 0x0, 0x54, 0xc8,
    0x0, 0x0, 0x0, 0x0, 0x54, 0xcb, 0xa3, 0xf5,
    0xd2, 0x30, 0x54, 0xff, 0x63, 0xc, 0x94, 0xb9,
    0x54, 0xd8, 0x0, 0x0, 0x3d, 0xdd, 0x54, 0xc8,
    0x0, 0x0, 0x38, 0xe0, 0x54, 0xc8, 0x0, 0x0,
    0x38, 0xe0, 0x54, 0xc8, 0x0, 0x0, 0x38, 0xe0,

    /* U+0069 "i" */
    0x4a, 0xdb, 0x5, 0x1c, 0x69, 0x0, 0x3c, 0xe0,
    0x0, 0x3c, 0xe0, 0x0, 0x3c, 0xe0, 0x0, 0x3c,
    0xe0, 0x0, 0x3c, 0xe0, 0x0, 0x3c, 0xe0, 0x0,

    /* U+006A "j" */
    0x0, 0x4a, 0xdb, 0x5, 0x0, 0x1c, 0x69, 0x0,
    0x0, 0x3c, 0xe0, 0x0, 0x0, 0x3c, 0xe0, 0x0,
    0x0, 0x3c, 0xe0, 0x0, 0x0, 0x3c, 0xe0, 0x0,
    0x0, 0x3c, 0xe0, 0x0, 0x0, 0x3c, 0xe0, 0x0,
    0x0, 0x3c, 0xdf, 0x0, 0x2, 0x61, 0xcb, 0x0,
    0x63, 0xed, 0x54, 0x0,

    /* U+006B "k" */
    0x54, 0xc8, 0x0, 0x0, 0x0, 0x0, 0x54, 0xc8,
    0x0, 0x0, 0x0, 0x0, 0x54, 0xc8, 0x0, 0x37,
    0xed, 0x4f, 0x54, 0xc8, 0x30, 0xeb, 0x53, 0x0,
    0x54, 0xe2, 0xeb, 0xa2, 0x0, 0x0, 0x54, 0xfd,
    0x80, 0xf3, 0x31, 0x0, 0x54, 0xc9, 0x0, 0x78,
    0xd1, 0x5, 0x54, 0xc8, 0x0, 0x3, 0xcc, 0x82,

    /* U+006C "l" */
    0x54, 0xc8, 0x54, 0xc8, 0x54, 0xc8, 0x54, 0xc8,
    0x54, 0xc8, 0x54, 0xc8, 0x54, 0xc8, 0x54, 0xc8,

    /* U+006D "m" */
    0x54, 0xc3, 0xa3, 0xf6, 0xc6, 0x37, 0xc4, 0xf6,
    0xb8, 0xe, 0x54, 0xff, 0x56, 0xd, 0xb3, 0xf8,
    0x44, 0x10, 0xc5, 0x72, 0x54, 0xd5, 0x0, 0x0,
    0x70, 0xbd, 0x0, 0x0, 0x84, 0x95, 0x54, 0xc8,
    0x0, 0x0, 0x6c, 0xb0, 0x0, 0x0, 0x80, 0x98,
    0x54, 0xc8, 0x0, 0x0, 0x6c, 0xb0, 0x0, 0x0,
    0x80, 0x98, 0x54, 0xc8, 0x0, 0x0, 0x6c, 0xb0,
    0x0, 0x0, 0x80, 0x98,

    /* U+006E "n" */
    0x54, 0xc3, 0xa3, 0xf5, 0xd2, 0x30, 0x54, 0xff,
    0x5a, 0xb, 0x94, 0xb9, 0x54, 0xd5, 0x0, 0x0,
    0x3c, 0xdd, 0x54, 0xc8, 0x0, 0x0, 0x38, 0xe0,
    0x54, 0xc8, 0x0, 0x0, 0x38, 0xe0, 0x54, 0xc8,
    0x0, 0x0, 0x38, 0xe0,

    /* U+006F "o" */
    0x0, 0x59, 0xd7, 0xf3, 0xc0, 0x2c, 0x0, 0x3c,
    0xec, 0x41, 0xd, 0x70, 0xe4, 0xe, 0x91, 0x88,
    0x0, 0x0, 0x0, 0xd0, 0x4c, 0x92, 0x87, 0x0,
    0x0, 0x0, 0xd0, 0x4c, 0x3d, 0xec, 0x3e, 0xc,
    0x6d, 0xe5, 0xf, 0x0, 0x59, 0xd7, 0xf4, 0xc0,
    0x2d, 0x0,

    /* U+0070 "p" */
    0x60, 0xb7, 0x9f, 0xf5, 0xd5, 0x45, 0x0, 0x60,
    0xff, 0x62, 0xc, 0x51, 0xf1, 0x22, 0x60, 0xc7,
    0x0, 0x0, 0x0, 0xac, 0x71, 0x60, 0xc6, 0x0,
    0x0, 0x0, 0xab, 0x70, 0x60, 0xff, 0x60, 0xb,
    0x4e, 0xf1, 0x23, 0x60, 0xbe, 0xa3, 0xf6, 0xd6,
    0x48, 0x0, 0x60, 0xbc, 0x0, 0x0, 0x0, 0x0,
    0x0, 0x60, 0xbc, 0x0, 0x0, 0x0, 0x0, 0x0,
    0x60, 0xbc, 0x0, 0x0, 0x0, 0x0, 0x0,

    /* U+0071 "q" */
    0x0, 0x5e, 0xde, 0xf2, 0x87, 0xd2, 0x3c, 0x3c,
    0xed, 0x3e, 0xe, 0x83, 0xff, 0x3c, 0x92, 0x88,
    0x0, 0x0, 0x1, 0xe7, 0x3c, 0x92, 0x87, 0x0,
    0x0, 0x1, 0xe7, 0x3c, 0x3d, 0xec, 0x3c, 0xd,
    0x80, 0xff, 0x3c, 0x0, 0x60, 0xdf, 0xf3, 0x8a,
    0xd8, 0x3c, 0x0, 0x0, 0x0, 0x0, 0x0, 0xdc,
    0x3c, 0x0, 0x0, 0x0, 0x0, 0x0, 0xdc, 0x3c,
    0x0, 0x0, 0x0, 0x0, 0x0, 0xdc, 0x3c,

    /* U+0072 "r" */
    0x0, 0x0, 0x0, 0x1, 0x1, 0x54, 0xc9, 0xb4,
    0xf5, 0x24, 0x54, 0xfe, 0x4d, 0x0, 0x0, 0x54,
    0xd1, 0x0, 0x0, 0x0, 0x54, 0xc8, 0x0, 0x0,
    0x0, 0x54, 0xc8, 0x0, 0x0, 0x0, 0x54, 0xc8,
    0x0, 0x0, 0x0,

    /* U+0073 "s" */
    0x13, 0xb5, 0xf4, 0xe1, 0x5f, 0x0, 0x7a, 0xbe,
    0xf, 0x41, 0x8d, 0x1, 0x3c, 0xec, 0xa7, 0x62,
    0xd, 0x0, 0x0, 0x11, 0x58, 0xb0, 0xdb, 0x8,
    0x6f, 0xab, 0xa, 0x2e, 0xfe, 0x18, 0x10, 0xa9,
    0xf3, 0xe5, 0x6c, 0x0,

    /* U+0074 "t" */
    0x0, 0x58, 0x36, 0x0, 0x0, 0x0, 0xb0, 0x6c,
    0x0, 0x0, 0xb5, 0xfe, 0xfd, 0xd8, 0x0, 0x0,
    0xb0, 0x6c, 0x0, 0x0, 0x0, 0xb0, 0x6c, 0x0,
    0x0, 0x0, 0xb0, 0x6c, 0x0, 0x0, 0x0, 0xa5,
    0x96, 0xa, 0x0, 0x0, 0x3b, 0xe4, 0xcd, 0x0,

    /* U+0075 "u" */
    0x60, 0xbc, 0x0, 0x0, 0x44, 0xd4, 0x60, 0xbc,
    0x0, 0x0, 0x44, 0xd4, 0x60, 0xbc, 0x0, 0x0,
    0x44, 0xd4, 0x5d, 0xbf, 0x0, 0x0, 0x51, 0xd4,
    0x3a, 0xf1, 0x2c, 0x15, 0xc3, 0xd4, 0x0, 0x8f,
    0xf0, 0xdf, 0x77, 0xd4,

    /* U+0076 "v" */
    0xc2, 0x6e, 0x0, 0x0, 0x71, 0xb8, 0x5c, 0xcd,
    0x0, 0x0, 0xd0, 0x52, 0x8, 0xee, 0x2b, 0x31,
    0xe7, 0x4, 0x0, 0x92, 0x8a, 0x91, 0x86, 0x0,
    0x0, 0x2c, 0xe5, 0xe9, 0x22, 0x0, 0x0, 0x0,
    0xc7, 0xba, 0x0, 0x0,

    /* U+0077 "w" */
    0xcc, 0x58, 0x0, 0x32, 0xff, 0x44, 0x0, 0x45,
    0xd7, 0x7b, 0xa3, 0x0, 0x84, 0xe1, 0x97, 0x0,
    0x8e, 0x86, 0x2b, 0xea, 0x2, 0xd6, 0x4c, 0xe6,
    0x2, 0xd7, 0x35, 0x0, 0xda, 0x5e, 0xd9, 0x0,
    0xd2, 0x5b, 0xe4, 0x1, 0x0, 0x89, 0xe9, 0x88,
    0x0, 0x81, 0xe8, 0x94, 0x0, 0x0, 0x38, 0xff,
    0x38, 0x0, 0x30, 0xff, 0x44, 0x0,

    /* U+0078 "x" */
    0x84, 0xb9, 0x1, 0x24, 0xf0, 0x30, 0x5, 0xce,
    0x6b, 0xbf, 0x78, 0x0, 0x0, 0x2b, 0xf6, 0xc4,
    0x2, 0x0, 0x0, 0x37, 0xf4, 0xd2, 0x6, 0x0,
    0x9, 0xd8, 0x5a, 0xb7, 0x88, 0x0, 0x91, 0xb5,
    0x0, 0x1d, 0xef, 0x3b,

    /* U+0079 "y" */
    0xbf, 0x71, 0x0, 0x0, 0x75, 0xb7, 0x55, 0xd4,
    0x0, 0x0, 0xd5, 0x4f, 0x4, 0xe6, 0x39, 0x37,
    0xe3, 0x3, 0x0, 0x81, 0x9d, 0x98, 0x7e, 0x0,
    0x0, 0x1b, 0xef, 0xec, 0x1a, 0x0, 0x0, 0x0,
    0xaf, 0xad, 0x0, 0x0, 0x0, 0x0, 0xd0, 0x44,
    0x0, 0x0, 0x0, 0x3f, 0xdb, 0x1, 0x0, 0x0,
    0x0, 0xad, 0x74, 0x0, 0x0, 0x0,

    /* U+007A "z" */
    0x81, 0xfc, 0xfc, 0xfd, 0xff, 0x17, 0x0, 0x0,
    0x1, 0xaf, 0xa0, 0x0, 0x0, 0x0, 0x84, 0xc6,
    0x7, 0x0, 0x0, 0x57, 0xe1, 0x17, 0x0, 0x0,
    0x32, 0xeb, 0x30, 0x0, 0x0, 0x0, 0x9b, 0xff,
    0xff, 0xff, 0xff, 0x24,

    /* U+007B "{" */
    0x0, 0x33, 0xcc, 0x62, 0x0, 0xbb, 0x5f, 0x0,
    0x0, 0xd4, 0x30, 0x0, 0x0, 0xd4, 0x30, 0x0,
    0xc, 0xec, 0x18, 0x0, 0xb4, 0xa7, 0x0, 0x0,
    0xd, 0xec, 0x18, 0x0, 0x0, 0xd4, 0x30, 0x0,
    0x0, 0xd4, 0x30, 0x0, 0x0, 0xbc, 0x61, 0x0,
    0x0, 0x37, 0xd2, 0x66,

    /* U+007C "|" */
    0x24, 0xe0, 0x24, 0xe0, 0x24, 0xe0, 0x24, 0xe0,
    0x24, 0xe0, 0x24, 0xe0, 0x24, 0xe0, 0x24, 0xe0,
    0x24, 0xe0, 0x24, 0xe0, 0x24, 0xe0,

    /* U+007D "}" */
    0x89, 0xbb, 0x18, 0x0, 0x0, 0x90, 0x8a, 0x0,
    0x0, 0x60, 0xa3, 0x0, 0x0, 0x60, 0xa4, 0x0,
    0x0, 0x48, 0xc6, 0x2, 0x0, 0x5, 0xd2, 0x84,
    0x0, 0x48, 0xc6, 0x3, 0x0, 0x60, 0xa4, 0x0,
    0x0, 0x60, 0xa3, 0x0, 0x0, 0x90, 0x8b, 0x0,
    0x8e, 0xc0, 0x1b, 0x0,

    /* U+007E "~" */
    0x23, 0xdd, 0xcc, 0x60, 0x1f, 0xdb, 0x86, 0x67,
    0x35, 0xa5, 0xec, 0x68,

    /* U+00A0 " " */

    /* U+00A1 "¡" */
    0x41, 0xe4, 0x14, 0x1b, 0x80, 0x4, 0x0, 0x0,
    0x0, 0xd, 0xb9, 0x0, 0x18, 0xdf, 0x0, 0x21,
    0xe8, 0x0, 0x27, 0xef, 0x0, 0x28, 0xf0, 0x0,
    0x28, 0xf0, 0x0,

    /* U+00A2 "¢" */
    0x0, 0x0, 0x3, 0x16, 0x0, 0x0, 0x0, 0x0,
    0x23, 0xd0, 0x1, 0x0, 0x0, 0x79, 0xee, 0xfd,
    0xe2, 0x3c, 0x4b, 0xe5, 0x40, 0xcc, 0x67, 0x97,
    0x96, 0x84, 0x20, 0xcc, 0x0, 0x0, 0x92, 0x8a,
    0x20, 0xcc, 0x0, 0x0, 0x3a, 0xec, 0x53, 0xcf,
    0x79, 0xb0, 0x0, 0x5c, 0xdd, 0xfe, 0xcb, 0x2f,
    0x0, 0x0, 0x20, 0xcc, 0x0, 0x0,

    /* U+00A3 "£" */
    0x7, 0x9e, 0xf0, 0xe4, 0x63, 0x0, 0x0, 0x74,
    0xc8, 0x20, 0x43, 0xd2, 0xf, 0x0, 0x85, 0x91,
    0x0, 0x0, 0x0, 0x0, 0x0, 0x25, 0xea, 0x1b,
    0x0, 0x0, 0x0, 0x0, 0x8d, 0xf7, 0xf4, 0xe8,
    0x3, 0x0, 0x0, 0x0, 0x7c, 0x8e, 0x0, 0x0,
    0x0, 0x0, 0x14, 0xd9, 0x40, 0x8, 0x2f, 0x8b,
    0x0, 0x9a, 0xff, 0xff, 0xff, 0xf1, 0x6c, 0x0,

    /* U+00A4 "¤" */
    0x0, 0x7, 0x0, 0x0, 0x0, 0x7, 0x0, 0x13,
    0xd6, 0xb3, 0xec, 0xc4, 0xce, 0x33, 0x0, 0xc0,
    0x78, 0x5, 0x53, 0xe8, 0x6, 0x0, 0xf6, 0xc,
    0x0, 0x0, 0xe1, 0x25, 0x0, 0xbe, 0x79, 0x7,
    0x54, 0xe7, 0x6, 0x13, 0xd4, 0xb0, 0xed, 0xc1,
    0xcb, 0x33, 0x0, 0x5, 0x0, 0x0, 0x0, 0x5,
    0x0,

    /* U+00A5 "¥" */
    0x81, 0xbb, 0x0, 0x0, 0x7, 0xd7, 0x5d, 0x3,
    0xc6, 0x67, 0x0, 0x84, 0xaa, 0x0, 0x0, 0x22,
    0xe4, 0x4e, 0xdf, 0x11, 0x0, 0x20, 0xe8, 0xf1,
    0xff, 0xef, 0xe8, 0x3, 0x0, 0x0, 0x18, 0xff,
    0x4, 0x0, 0x0, 0x1f, 0xe0, 0xe3, 0xff, 0xe0,
    0xe0, 0x3, 0x0, 0x0, 0x18, 0xff, 0x4, 0x0,
    0x0, 0x0, 0x0, 0x18, 0xff, 0x4, 0x0, 0x0,

    /* U+00A6 "¦" */
    0x12, 0x70, 0x24, 0xe0, 0x24, 0xe0, 0x24, 0xe0,
    0x24, 0xe0, 0x0, 0x0, 0x1f, 0xc4, 0x24, 0xe0,
    0x24, 0xe0, 0x24, 0xe0, 0x24, 0xe0,

    /* U+00A7 "§" */
    0x0, 0x61, 0xe0, 0xf3, 0x9f, 0x9, 0x20, 0xf8,
    0x44, 0x1d, 0xbb, 0x6d, 0x26, 0xf8, 0x35, 0x0,
    0x3, 0x0, 0x0, 0x8c, 0xfe, 0xc1, 0x56, 0x0,
    0x15, 0xec, 0x54, 0x53, 0xd9, 0x89, 0x2e, 0xf8,
    0x1b, 0x0, 0x42, 0xe2, 0x0, 0x92, 0xee, 0x98,
    0xa3, 0xac, 0x0, 0x0, 0x21, 0x7e, 0xed, 0x70,
    0x28, 0x59, 0x0, 0x0, 0x4b, 0xdc, 0x32, 0xf3,
    0x4b, 0x17, 0x95, 0xc2, 0x0, 0x55, 0xdb, 0xf4,
    0xba, 0x23,

    /* U+00A8 "¨" */
    0x0, 0x5, 0x0, 0x5, 0x0, 0x2e, 0xf0, 0x2e,
    0xf2, 0x5, 0x2, 0x27, 0x1, 0x27, 0x0,

    /* U+00A9 "©" */
    0x0, 0x2b, 0x90, 0x90, 0x5f, 0x0, 0x1f, 0x98,
    0x6d, 0x8f, 0x61, 0x70, 0x78, 0x36, 0x7f, 0x5,
    0x0, 0x95, 0x78, 0x37, 0x7b, 0xb, 0x6, 0x94,
    0x1f, 0x9e, 0x73, 0x90, 0x6c, 0x71, 0x0, 0x2d,
    0x94, 0x94, 0x63, 0x0,

    /* U+00AA "ª" */
    0x5, 0x9d, 0xf0, 0xe1, 0x5b, 0x0, 0xd, 0x7a,
    0x10, 0x20, 0xe7, 0x15, 0x4, 0x91, 0xd3, 0xc6,
    0xe8, 0x3c, 0x65, 0xc7, 0x9, 0x7, 0xdb, 0x40,
    0x69, 0xbd, 0x5, 0x4c, 0xfd, 0x40, 0x9, 0xa9,
    0xe3, 0x9f, 0x9d, 0x32,

    /* U+00AB "«" */
    0x0, 0x0, 0x5e, 0x3b, 0x1b, 0x7f, 0x0, 0x51,
    0xc9, 0x23, 0xd0, 0x4a, 0x3a, 0xd7, 0x18, 0xcb,
    0x5a, 0x0, 0xe, 0xc9, 0x50, 0x78, 0xaf, 0x4,
    0x0, 0x15, 0xd1, 0x3e, 0x89, 0x9f, 0x0, 0x0,
    0x1a, 0xc, 0x0, 0x27,

    /* U+00AC "¬" */
    0x61, 0xe8, 0xe8, 0xe8, 0xe8, 0xbe, 0x0, 0x0,
    0x0, 0x0, 0x14, 0xc8, 0x0, 0x0, 0x0, 0x0,
    0x14, 0xc8, 0x0, 0x0, 0x0, 0x0, 0x9, 0x5a,

    /* U+00AD "­" */
    0x4c, 0xe8, 0xe8, 0xe8, 0x77,

    /* U+00AE "®" */
    0x0, 0x2b, 0x90, 0x90, 0x5f, 0x0, 0x1f, 0x98,
    0x87, 0x8d, 0x59, 0x70, 0x78, 0x1d, 0x8c, 0x4d,
    0x40, 0x95, 0x78, 0x1d, 0xa2, 0xb0, 0xc, 0x94,
    0x1f, 0x9e, 0x54, 0x3e, 0x65, 0x71, 0x0, 0x2d,
    0x94, 0x94, 0x63, 0x0,

    /* U+00AF "¯" */
    0x3d, 0xdc, 0xdc, 0xdc, 0x11,

    /* U+00B0 "°" */
    0x29, 0xbd, 0xb9, 0x1d, 0x8e, 0x50, 0x6c, 0x75,
    0x2a, 0xbb, 0xb9, 0x1c,

    /* U+00B1 "±" */
    0x0, 0x0, 0x28, 0xc0, 0x0, 0x0, 0x0, 0x0,
    0x28, 0xc0, 0x0, 0x0, 0x4c, 0xe8, 0xeb, 0xfa,
    0xe8, 0xd5, 0x0, 0x0, 0x28, 0xc0, 0x0, 0x0,
    0x0, 0x0, 0x19, 0x78, 0x0, 0x0, 0x4c, 0xe8,
    0xe8, 0xe8, 0xe8, 0xd5,

    /* U+00B2 "²" */
    0x51, 0xd4, 0xbc, 0xa, 0x43, 0x1b, 0xa9, 0x39,
    0x0, 0x35, 0xcf, 0x7, 0x1e, 0xd3, 0x25, 0x0,
    0xa7, 0xe3, 0xc4, 0x3d,

    /* U+00B3 "³" */
    0x3e, 0xd4, 0xc9, 0x14, 0x1b, 0x1e, 0x9b, 0x4a,
    0x0, 0x6e, 0xf1, 0x18, 0x43, 0x1b, 0x7b, 0x6b,
    0x49, 0xd2, 0xcd, 0x23,

    /* U+00B4 "´" */
    0x0, 0x56, 0x41, 0x9, 0xe3, 0x1b,

    /* U+00B5 "µ" */
    0x60, 0xbc, 0x0, 0x0, 0x44, 0xd4, 0x60, 0xbc,
    0x0, 0x0, 0x44, 0xd4, 0x60, 0xbc, 0x0, 0x0,
    0x44, 0xd4, 0x60, 0xc2, 0x0, 0x0, 0x52, 0xd4,
    0x60, 0xf4, 0x31, 0x16, 0xc5, 0xd4, 0x60, 0xe8,
    0xec, 0xdd, 0x7c, 0xd4, 0x60, 0xba, 0x0, 0x0,
    0x0, 0x0, 0x60, 0xbc, 0x0, 0x0, 0x0, 0x0,
    0x60, 0xbc, 0x0, 0x0, 0x0, 0x0,

    /* U+00B6 "¶" */
    0x4, 0x91, 0xeb, 0xff, 0xff, 0xff, 0x88, 0x76,
    0xff, 0xff, 0xff, 0x89, 0x82, 0x88, 0xab, 0xff,
    0xff, 0xff, 0x84, 0x7c, 0x88, 0x72, 0xff, 0xff,
    0xff, 0x84, 0x7c, 0x88, 0x3, 0x89, 0xe4, 0xfc,
    0x84, 0x7c, 0x88, 0x0, 0x0, 0x0, 0x80, 0x84,
    0x7c, 0x88, 0x0, 0x0, 0x0, 0x80, 0x84, 0x7c,
    0x88, 0x0, 0x0, 0x0, 0x80, 0x84, 0x7c, 0x88,
    0x0, 0x0, 0x0, 0x80, 0x84, 0x7c, 0x88, 0x0,
    0x0, 0x0, 0x80, 0x84, 0x7c, 0x88, 0x0, 0x0,
    0x0, 0x80, 0x84, 0x7c, 0x88,

    /* U+00B7 "·" */
    0x48, 0x59, 0x91, 0xad,

    /* U+00B8 "¸" */
    0x0, 0xb8, 0x4f, 0x0, 0x0, 0x53, 0xb3, 0x1f,
    0x4, 0x97, 0xa1, 0x5,

    /* U+00B9 "¹" */
    0x53, 0xe5, 0x30, 0x33, 0xb8, 0x30, 0x0, 0xa8,
    0x30, 0x0, 0xa8, 0x30, 0x0, 0xa8, 0x30,

    /* U+00BA "º" */
    0x0, 0x5e, 0xe0, 0xe7, 0x82, 0x1, 0x32, 0xe8,
    0x29, 0x16, 0xd2, 0x61, 0x7d, 0x90, 0x0, 0x0,
    0x61, 0xb0, 0x7b, 0x91, 0x0, 0x0, 0x62, 0xad,
    0x2e, 0xe9, 0x2d, 0x18, 0xd3, 0x5d, 0x0, 0x5a,
    0xd9, 0xe1, 0x7e, 0x1,

    /* U+00BB "»" */
    0x12, 0x86, 0x1, 0x75, 0x23, 0x0, 0x0, 0x0,
    0x98, 0x95, 0x3c, 0xd3, 0x1a, 0x0, 0x0, 0x1,
    0xac, 0x7a, 0x47, 0xd4, 0x9, 0x0, 0x23, 0xd6,
    0x34, 0x9f, 0x87, 0x0, 0x13, 0xd7, 0x3e, 0x8c,
    0x98, 0x0, 0x0, 0x0, 0x27, 0x0, 0x25, 0x2,
    0x0, 0x0,

    /* U+00BC "¼" */
    0x0, 0x28, 0x29, 0x0, 0x0, 0x0, 0x24, 0x10,
    0x0, 0x36, 0xcf, 0x78, 0x0, 0x0, 0x7, 0xca,
    0x2a, 0x0, 0x0, 0x60, 0x78, 0x0, 0x0, 0x8b,
    0x71, 0x0, 0x0, 0x0, 0x60, 0x78, 0x0, 0x3e,
    0xbc, 0x1, 0x0, 0x0, 0x0, 0x60, 0x78, 0xd,
    0xd0, 0x1e, 0x1d, 0x30, 0x0, 0x0, 0x0, 0x0,
    0x9e, 0x5e, 0xc, 0xd1, 0x94, 0x0, 0x0, 0x0,
    0x4e, 0xae, 0x1, 0x9f, 0x70, 0x94, 0x0, 0x0,
    0x15, 0xd2, 0x14, 0x3a, 0xc9, 0xc4, 0xde, 0x1b,
    0x0, 0x8d, 0x4d, 0x0, 0x0, 0x0, 0x40, 0x94,
    0x0, 0x0, 0x2, 0x0, 0x0, 0x0, 0x0, 0x0,
    0x0, 0x0,

    /* U+00BD "½" */
    0x0, 0x2d, 0x29, 0x0, 0x0, 0x0, 0x2b, 0xb,
    0x0, 0x2f, 0xbd, 0x78, 0x0, 0x0, 0x10, 0xcf,
    0x19, 0x0, 0x0, 0x60, 0x78, 0x0, 0x0, 0xa7,
    0x52, 0x0, 0x0, 0x0, 0x60, 0x78, 0x0, 0x5b,
    0x9e, 0x0, 0x0, 0x0, 0x0, 0x54, 0x69, 0x1e,
    0xce, 0x1d, 0xb2, 0xbf, 0x2b, 0x0, 0x0, 0x2,
    0xbb, 0x3a, 0x21, 0x50, 0x58, 0x8d, 0x0, 0x0,
    0x75, 0x83, 0x0, 0x0, 0xe, 0xcb, 0x35, 0x0,
    0x2e, 0xc4, 0x4, 0x0, 0x6, 0xbb, 0x56, 0x0,
    0x0, 0x95, 0x26, 0x0, 0x0, 0x4d, 0xda, 0xc4,
    0x7d,

    /* U+00BE "¾" */
    0x5, 0xa5, 0xc4, 0x36, 0x0, 0x0, 0x0, 0x75,
    0x2a, 0x0, 0xb, 0x3e, 0x54, 0x95, 0x0, 0x0,
    0x30, 0xc6, 0x3, 0x0, 0x0, 0x34, 0xe4, 0x5c,
    0x0, 0x4, 0xc9, 0x2d, 0x0, 0x0, 0x25, 0x4b,
    0x32, 0xb7, 0x0, 0x7c, 0x7f, 0x0, 0x0, 0x0,
    0x12, 0xb3, 0xc6, 0x47, 0x2a, 0xca, 0x5, 0x15,
    0x38, 0x0, 0x0, 0x0, 0x0, 0x3, 0xc4, 0x33,
    0x5, 0xb8, 0xac, 0x0, 0x0, 0x0, 0x0, 0x74,
    0x87, 0x0, 0x8e, 0x5c, 0xac, 0x0, 0x0, 0x0,
    0x25, 0xce, 0x7, 0x26, 0xcc, 0xbc, 0xe5, 0x2c,
    0x0, 0x0, 0x9e, 0x39, 0x0, 0x0, 0x0, 0x28,
    0xac, 0x0, 0x0, 0x0, 0x2, 0x0, 0x0, 0x0,
    0x0, 0x0, 0x0, 0x0,

    /* U+00BF "¿" */
    0x0, 0x0, 0xb4, 0x89, 0x0, 0x0, 0x0, 0x0,
    0x5e, 0x44, 0x0, 0x0, 0x0, 0x0, 0x29, 0x1f,
    0x0, 0x0, 0x0, 0x0, 0xb8, 0x6e, 0x0, 0x0,
    0x0, 0x53, 0xef, 0x21, 0x0, 0x0, 0x2d, 0xf0,
    0x3a, 0x0, 0x0, 0x0, 0x7f, 0xa6, 0x0, 0x0,
    0x13, 0x0, 0x5e, 0xd8, 0x24, 0x3a, 0xf1, 0x25,
    0x2, 0x91, 0xee, 0xe5, 0x62, 0x0,

    /* U+00C0 "À" */
    0x0, 0x0, 0x1c, 0x7c, 0x0, 0x0, 0x0, 0x0,
    0x0, 0x0, 0x1, 0xc7, 0x43, 0x0, 0x0, 0x0,
    0x0, 0x0, 0x0, 0x0, 0x0, 0x0, 0x0, 0x0,
    0x0, 0x0, 0x0, 0xd0, 0xd3, 0x0, 0x0, 0x0,
    0x0, 0x0, 0x39, 0xe3, 0xe0, 0x3b, 0x0, 0x0,
    0x0, 0x0, 0xa1, 0x87, 0x84, 0xa3, 0x0, 0x0,
    0x0, 0x11, 0xf6, 0x29, 0x26, 0xf7, 0x13, 0x0,
    0x0, 0x71, 0xcb, 0x0, 0x0, 0xc8, 0x73, 0x0,
    0x0, 0xd7, 0xf6, 0xe8, 0xe8, 0xf5, 0xda, 0x1,
    0x41, 0xf5, 0x24, 0x18, 0x18, 0x22, 0xf3, 0x43,
    0xa8, 0x97, 0x0, 0x0, 0x0, 0x0, 0x94, 0xab,

    /* U+00C1 "Á" */
    0x0, 0x0, 0x0, 0x0, 0x7a, 0x1e, 0x0, 0x0,
    0x0, 0x0, 0x0, 0x3f, 0xcb, 0x1, 0x0, 0x0,
    0x0, 0x0, 0x0, 0x0, 0x0, 0x0, 0x0, 0x0,
    0x0, 0x0, 0x0, 0xd0, 0xd3, 0x0, 0x0, 0x0,
    0x0, 0x0, 0x39, 0xe3, 0xe0, 0x3b, 0x0, 0x0,
    0x0, 0x0, 0xa1, 0x87, 0x84, 0xa3, 0x0, 0x0,
    0x0, 0x11, 0xf6, 0x29, 0x26, 0xf7, 0x13, 0x0,
    0x0, 0x71, 0xcb, 0x0, 0x0, 0xc8, 0x73, 0x0,
    0x0, 0xd7, 0xf6, 0xe8, 0xe8, 0xf5, 0xda, 0x1,
    0x41, 0xf5, 0x24, 0x18, 0x18, 0x22, 0xf3, 0x43,
    0xa8, 0x97, 0x0, 0x0, 0x0, 0x0, 0x94, 0xab,

    /* U+00C2 "Â" */
    0x0, 0x0, 0x0, 0x57, 0x58, 0x0, 0x0, 0x0,
    0x0, 0x0, 0x54, 0xbd, 0xba, 0x50, 0x0, 0x0,
    0x0, 0x0, 0x0, 0x0, 0x0, 0x0, 0x0, 0x0,
    0x0, 0x0, 0x0, 0xd0, 0xd3, 0x0, 0x0, 0x0,
    0x0, 0x0, 0x39, 0xe3, 0xe0, 0x3b, 0x0, 0x0,
    0x0, 0x0, 0xa1, 0x87, 0x84, 0xa3, 0x0, 0x0,
    0x0, 0x11, 0xf6, 0x29, 0x26, 0xf7, 0x13, 0x0,
    0x0, 0x71, 0xcb, 0x0, 0x0, 0xc8, 0x73, 0x0,
    0x0, 0xd7, 0xf6, 0xe8, 0xe8, 0xf5, 0xda, 0x1,
    0x41, 0xf5, 0x24, 0x18, 0x18, 0x22, 0xf3, 0x43,
    0xa8, 0x97, 0x0, 0x0, 0x0, 0x0, 0x94, 0xab,

    /* U+00C3 "Ã" */
    0x0, 0x0, 0x73, 0xde, 0x3b, 0xe6, 0x4, 0x0,
    0x0, 0x0, 0xe0, 0x38, 0xd8, 0x8a, 0x0, 0x0,
    0x0, 0x0, 0x0, 0x0, 0x0, 0x0, 0x0, 0x0,
    0x0, 0x0, 0x0, 0xd0, 0xd3, 0x0, 0x0, 0x0,
    0x0, 0x0, 0x39, 0xe3, 0xe0, 0x3b, 0x0, 0x0,
    0x0, 0x0, 0xa1, 0x87, 0x84, 0xa3, 0x0, 0x0,
    0x0, 0x11, 0xf6, 0x29, 0x26, 0xf7, 0x13, 0x0,
    0x0, 0x71, 0xcb, 0x0, 0x0, 0xc8, 0x73, 0x0,
    0x0, 0xd7, 0xf6, 0xe8, 0xe8, 0xf5, 0xda, 0x1,
    0x41, 0xf5, 0x24, 0x18, 0x18, 0x22, 0xf3, 0x43,
    0xa8, 0x97, 0x0, 0x0, 0x0, 0x0, 0x94, 0xab,

    /* U+00C4 "Ä" */
    0x0, 0x0, 0x1, 0x1, 0x1, 0x2, 0x0, 0x0,
    0x0, 0x0, 0x8f, 0x90, 0x8b, 0x94, 0x0, 0x0,
    0x0, 0x0, 0x14, 0x14, 0x13, 0x15, 0x0, 0x0,
    0x0, 0x0, 0x0, 0x0, 0x0, 0x0, 0x0, 0x0,
    0x0, 0x0, 0x0, 0xd0, 0xd3, 0x0, 0x0, 0x0,
    0x0, 0x0, 0x39, 0xe3, 0xe0, 0x3b, 0x0, 0x0,
    0x0, 0x0, 0xa1, 0x87, 0x84, 0xa3, 0x0, 0x0,
    0x0, 0x11, 0xf6, 0x29, 0x26, 0xf7, 0x13, 0x0,
    0x0, 0x71, 0xcb, 0x0, 0x0, 0xc8, 0x73, 0x0,
    0x0, 0xd7, 0xf6, 0xe8, 0xe8, 0xf5, 0xda, 0x1,
    0x41, 0xf5, 0x24, 0x18, 0x18, 0x22, 0xf3, 0x43,
    0xa8, 0x97, 0x0, 0x0, 0x0, 0x0, 0x94, 0xab,

    /* U+00C5 "Å" */
    0x0, 0x0, 0x9, 0xb2, 0xb1, 0xa, 0x0, 0x0,
    0x0, 0x0, 0x2a, 0xa5, 0xa1, 0x2e, 0x0, 0x0,
    0x0, 0x0, 0x2, 0xeb, 0xee, 0x4, 0x0, 0x0,
    0x0, 0x0, 0x4b, 0xe3, 0xe0, 0x4f, 0x0, 0x0,
    0x0, 0x0, 0xb0, 0x87, 0x84, 0xb4, 0x0, 0x0,
    0x0, 0x19, 0xfb, 0x29, 0x26, 0xfc, 0x1c, 0x0,
    0x0, 0x7a, 0xcb, 0x0, 0x0, 0xc8, 0x7e, 0x0,
    0x1, 0xdd, 0xf6, 0xe8, 0xe8, 0xf5, 0xe0, 0x2,
    0x44, 0xf5, 0x24, 0x18, 0x18, 0x22, 0xf3, 0x48,
    0xa9, 0x97, 0x0, 0x0, 0x0, 0x0, 0x94, 0xad,

    /* U+00C6 "Æ" */
    0x0, 0x0, 0x0, 0x0, 0x22, 0xf5, 0xff, 0xff,
    0xff, 0xff, 0xe4, 0x0, 0x0, 0x0, 0x0, 0xbc,
    0xad, 0xfc, 0xc, 0xc, 0xc, 0xa, 0x0, 0x0,
    0x0, 0x64, 0xe4, 0x2c, 0xfc, 0x0, 0x0, 0x0,
    0x0, 0x0, 0x0, 0x19, 0xef, 0x54, 0x20, 0xff,
    0xe8, 0xe8, 0xe8, 0x77, 0x0, 0x0, 0xaf, 0xb8,
    0x0, 0x20, 0xfc, 0x18, 0x18, 0x18, 0xc, 0x0,
    0x56, 0xff, 0xf1, 0xe8, 0xeb, 0xfc, 0x0, 0x0,
    0x0, 0x0, 0x12, 0xe8, 0x79, 0x18, 0x18, 0x35,
    0xfc, 0xc, 0xc, 0xc, 0xa, 0xa1, 0xba, 0x1,
    0x0, 0x0, 0x20, 0xff, 0xff, 0xff, 0xff, 0xe4,

    /* U+00C7 "Ç" */
    0x0, 0x0, 0x60, 0xcc, 0xf7, 0xf0, 0xb3, 0x2e,
    0x0, 0x0, 0x96, 0xdd, 0x58, 0x1d, 0x28, 0x7f,
    0xb7, 0x0, 0x3d, 0xf0, 0x1e, 0x0, 0x0, 0x0,
    0x0, 0x0, 0x0, 0x82, 0xad, 0x0, 0x0, 0x0,
    0x0, 0x0, 0x0, 0x0, 0x83, 0xac, 0x0, 0x0,
    0x0, 0x0, 0x0, 0x0, 0x0, 0x3d, 0xef, 0x1c,
    0x0, 0x0, 0x0, 0x0, 0x4, 0x0, 0x0, 0x94,
    0xdb, 0x53, 0x18, 0x19, 0x6b, 0xe1, 0x16, 0x0,
    0x0, 0x56, 0xbd, 0xf8, 0xf3, 0xb9, 0x3c, 0x0,
    0x0, 0x0, 0x0, 0x0, 0xad, 0x0, 0x0, 0x0,
    0x0, 0x0, 0x0, 0x0, 0x0, 0xbc, 0xa4, 0xa,
    0x0, 0x0, 0x0, 0x0, 0x0, 0x4, 0x9a, 0xbe,
    0x12, 0x0, 0x0,

    /* U+00C8 "È" */
    0x0, 0x0, 0x60, 0x39, 0x0, 0x0, 0x0, 0x0,
    0x4d, 0xbf, 0x0, 0x0, 0x0, 0x0, 0x0, 0x0,
    0x0, 0x0, 0x24, 0xff, 0xff, 0xff, 0xff, 0xe0,
    0x24, 0xf8, 0xc, 0xc, 0xc, 0xa, 0x24, 0xf8,
    0x0, 0x0, 0x0, 0x0, 0x24, 0xff, 0xe8, 0xe8,
    0xe8, 0x74, 0x24, 0xf8, 0x18, 0x18, 0x18, 0xc,
    0x24, 0xf8, 0x0, 0x0, 0x0, 0x0, 0x24, 0xf8,
    0xc, 0xc, 0xc, 0xa, 0x24, 0xff, 0xff, 0xff,
    0xff, 0xe0,

    /* U+00C9 "É" */
    0x0, 0x0, 0x0, 0x58, 0x41, 0x0, 0x0, 0x0,
    0xa, 0xe5, 0x1b, 0x0, 0x0, 0x0, 0x0, 0x0,
    0x0, 0x0, 0x24, 0xff, 0xff, 0xff, 0xff, 0xe0,
    0x24, 0xf8, 0xc, 0xc, 0xc, 0xa, 0x24, 0xf8,
    0x0, 0x0, 0x0, 0x0, 0x24, 0xff, 0xe8, 0xe8,
    0xe8, 0x74, 0x24, 0xf8, 0x18, 0x18, 0x18, 0xc,
    0x24, 0xf8, 0x0, 0x0, 0x0, 0x0, 0x24, 0xf8,
    0xc, 0xc, 0xc, 0xa, 0x24, 0xff, 0xff, 0xff,
    0xff, 0xe0,

    /* U+00CA "Ê" */
    0x0, 0x0, 0x29, 0x7c, 0xb, 0x0, 0x0, 0x17,
    0xd4, 0x89, 0xad, 0x1, 0x0, 0x0, 0x0, 0x0,
    0x0, 0x0, 0x24, 0xff, 0xff, 0xff, 0xff, 0xe0,
    0x24, 0xf8, 0xc, 0xc, 0xc, 0xa, 0x24, 0xf8,
    0x0, 0x0, 0x0, 0x0, 0x24, 0xff, 0xe8, 0xe8,
    0xe8, 0x74, 0x24, 0xf8, 0x18, 0x18, 0x18, 0xc,
    0x24, 0xf8, 0x0, 0x0, 0x0, 0x0, 0x24, 0xf8,
    0xc, 0xc, 0xc, 0xa, 0x24, 0xff, 0xff, 0xff,
    0xff, 0xe0,

    /* U+00CB "Ë" */
    0x0, 0x0, 0x3, 0x0, 0x3, 0x0, 0x0, 0x40,
    0xdf, 0x3c, 0xe3, 0x0, 0x0, 0x4, 0x24, 0x4,
    0x25, 0x0, 0x0, 0x0, 0x0, 0x0, 0x0, 0x0,
    0x24, 0xff, 0xff, 0xff, 0xff, 0xe0, 0x24, 0xf8,
    0xc, 0xc, 0xc, 0xa, 0x24, 0xf8, 0x0, 0x0,
    0x0, 0x0, 0x24, 0xff, 0xe8, 0xe8, 0xe8, 0x74,
    0x24, 0xf8, 0x18, 0x18, 0x18, 0xc, 0x24, 0xf8,
    0x0, 0x0, 0x0, 0x0, 0x24, 0xf8, 0xc, 0xc,
    0xc, 0xa, 0x24, 0xff, 0xff, 0xff, 0xff, 0xe0,

    /* U+00CC "Ì" */
    0x66, 0x30, 0x59, 0xaf, 0x0, 0x0, 0x24, 0xf8,
    0x24, 0xf8, 0x24, 0xf8, 0x24, 0xf8, 0x24, 0xf8,
    0x24, 0xf8, 0x24, 0xf8, 0x24, 0xf8,

    /* U+00CD "Í" */
    0x0, 0x47, 0x51, 0x1, 0xd7, 0x30, 0x0, 0x0,
    0x0, 0x24, 0xf8, 0x0, 0x24, 0xf8, 0x0, 0x24,
    0xf8, 0x0, 0x24, 0xf8, 0x0, 0x24, 0xf8, 0x0,
    0x24, 0xf8, 0x0, 0x24, 0xf8, 0x0, 0x24, 0xf8,
    0x0,

    /* U+00CE "Î" */
    0x0, 0x23, 0x7e, 0xd, 0x0, 0x11, 0xd0, 0x86,
    0xb3, 0x2, 0x0, 0x0, 0x0, 0x0, 0x0, 0x0,
    0x24, 0xf8, 0x0, 0x0, 0x0, 0x24, 0xf8, 0x0,
    0x0, 0x0, 0x24, 0xf8, 0x0, 0x0, 0x0, 0x24,
    0xf8, 0x0, 0x0, 0x0, 0x24, 0xf8, 0x0, 0x0,
    0x0, 0x24, 0xf8, 0x0, 0x0, 0x0, 0x24, 0xf8,
    0x0, 0x0, 0x0, 0x24, 0xf8, 0x0, 0x0,

    /* U+00CF "Ï" */
    0x0, 0x3, 0x0, 0x3, 0x3, 0xee, 0x7f, 0xcc,
    0x0, 0x27, 0x9, 0x22, 0x0, 0x0, 0x0, 0x0,
    0x0, 0x24, 0xf8, 0x0, 0x0, 0x24, 0xf8, 0x0,
    0x0, 0x24, 0xf8, 0x0, 0x0, 0x24, 0xf8, 0x0,
    0x0, 0x24, 0xf8, 0x0, 0x0, 0x24, 0xf8, 0x0,
    0x0, 0x24, 0xf8, 0x0, 0x0, 0x24, 0xf8, 0x0,

    /* U+00D0 "Ð" */
    0x0, 0x6c, 0xff, 0xff, 0xf9, 0xd7, 0x79, 0x4,
    0x0, 0x0, 0x6c, 0xb3, 0xc, 0x17, 0x47, 0xcd,
    0xb2, 0x0, 0x0, 0x6c, 0xb0, 0x0, 0x0, 0x0,
    0x12, 0xe8, 0x48, 0x49, 0xed, 0xf6, 0xe0, 0xe0,
    0x15, 0x0, 0xa6, 0x84, 0x0, 0x6c, 0xb0, 0x0,
    0x0, 0x0, 0x0, 0xa7, 0x84, 0x0, 0x6c, 0xb0,
    0x0, 0x0, 0x0, 0x11, 0xe7, 0x49, 0x0, 0x6c,
    0xb3, 0xc, 0x17, 0x46, 0xcb, 0xb5, 0x1, 0x0,
    0x6c, 0xff, 0xff, 0xfa, 0xd8, 0x7b, 0x5, 0x0,

    /* U+00D1 "Ñ" */
    0x0, 0x0, 0x43, 0xe6, 0x60, 0xb6, 0x36, 0x0,
    0x0, 0x0, 0xac, 0x54, 0xbb, 0xbd, 0x2, 0x0,
    0x0, 0x0, 0x0, 0x0, 0x0, 0x0, 0x0, 0x0,
    0x24, 0xff, 0x89, 0x0, 0x0, 0x0, 0x9c, 0x7c,
    0x24, 0xf6, 0xe8, 0x39, 0x0, 0x0, 0x9c, 0x7c,
    0x24, 0xf3, 0x57, 0xd9, 0x9, 0x0, 0x9c, 0x7c,
    0x24, 0xf7, 0x0, 0xab, 0x8f, 0x0, 0x9c, 0x7c,
    0x24, 0xf8, 0x0, 0x15, 0xe8, 0x3d, 0x9b, 0x7c,
    0x24, 0xf8, 0x0, 0x0, 0x55, 0xdc, 0xa1, 0x7c,
    0x24, 0xf8, 0x0, 0x0, 0x0, 0xa9, 0xf9, 0x7c,
    0x24, 0xf8, 0x0, 0x0, 0x0, 0x14, 0xe9, 0x7c,

    /* U+00D2 "Ò" */
    0x0, 0x0, 0x0, 0x35, 0xe5, 0x5, 0x0, 0x0,
    0x0, 0x0, 0x0, 0x0, 0x0, 0x0, 0x65, 0x1f,
    0x0, 0x0, 0x0, 0x0, 0x0, 0x0, 0x0, 0x0,
    0x0, 0x0, 0x0, 0x0, 0x0, 0x0, 0x0, 0x0,
    0x61, 0xcd, 0xf7, 0xf1, 0xb5, 0x36, 0x0, 0x0,
    0x0, 0x96, 0xdd, 0x55, 0x1b, 0x26, 0x77, 0xef,
    0x4e, 0x0, 0x3c, 0xf0, 0x1f, 0x0, 0x0, 0x0,
    0x0, 0x58, 0xeb, 0x7, 0x82, 0xad, 0x0, 0x0,
    0x0, 0x0, 0x0, 0x2, 0xf3, 0x39, 0x83, 0xad,
    0x0, 0x0, 0x0, 0x0, 0x0, 0x2, 0xf3, 0x39,
    0x3c, 0xf0, 0x1e, 0x0, 0x0, 0x0, 0x0, 0x58,
    0xec, 0x7, 0x0, 0x96, 0xdd, 0x55, 0x1b, 0x25,
    0x76, 0xf0, 0x51, 0x0, 0x0, 0x0, 0x62, 0xce,
    0xf8, 0xf2, 0xb6, 0x38, 0x0, 0x0,

    /* U+00D3 "Ó" */
    0x0, 0x0, 0x0, 0x0, 0x34, 0xe1, 0x9, 0x0,
    0x0, 0x0, 0x0, 0x0, 0x0, 0x0, 0x44, 0x40,
    0x0, 0x0, 0x0, 0x0, 0x0, 0x0, 0x0, 0x0,
    0x0, 0x0, 0x0, 0x0, 0x0, 0x0, 0x0, 0x0,
    0x61, 0xcd, 0xf7, 0xf1, 0xb5, 0x36, 0x0, 0x0,
    0x0, 0x96, 0xdd, 0x55, 0x1b, 0x26, 0x77, 0xef,
    0x4e, 0x0, 0x3c, 0xf0, 0x1f, 0x0, 0x0, 0x0,
    0x0, 0x58, 0xeb, 0x7, 0x82, 0xad, 0x0, 0x0,
    0x0, 0x0, 0x0, 0x2, 0xf3, 0x39, 0x83, 0xad,
    0x0, 0x0, 0x0, 0x0, 0x0, 0x2, 0xf3, 0x39,
    0x3c, 0xf0, 0x1e, 0x0, 0x0, 0x0, 0x0, 0x58,
    0xec, 0x7, 0x0, 0x96, 0xdd, 0x55, 0x1b, 0x25,
    0x76, 0xf0, 0x51, 0x0, 0x0, 0x0, 0x62, 0xce,
    0xf8, 0xf2, 0xb6, 0x38, 0x0, 0x0,

    /* U+00D4 "Ô" */
    0x0, 0x0, 0x0, 0x21, 0xdb, 0xba, 0x4, 0x0,
    0x0, 0x0, 0x0, 0x0, 0x0, 0x57, 0x35, 0x58,
    0x2f, 0x0, 0x0, 0x0, 0x0, 0x0, 0x0, 0x0,
    0x0, 0x0, 0x0, 0x0, 0x0, 0x0, 0x0, 0x0,
    0x61, 0xcd, 0xf7, 0xf1, 0xb5, 0x36, 0x0, 0x0,
    0x0, 0x96, 0xdd, 0x55, 0x1b, 0x26, 0x77, 0xef,
    0x4e, 0x0, 0x3c, 0xf0, 0x1f, 0x0, 0x0, 0x0,
    0x0, 0x58, 0xeb, 0x7, 0x82, 0xad, 0x0, 0x0,
    0x0, 0x0, 0x0, 0x2, 0xf3, 0x39, 0x83, 0xad,
    0x0, 0x0, 0x0, 0x0, 0x0, 0x2, 0xf3, 0x39,
    0x3c, 0xf0, 0x1e, 0x0, 0x0, 0x0, 0x0, 0x58,
    0xec, 0x7, 0x0, 0x96, 0xdd, 0x55, 0x1b, 0x25,
    0x76, 0xf0, 0x51, 0x0, 0x0, 0x0, 0x62, 0xce,
    0xf8, 0xf2, 0xb6, 0x38, 0x0, 0x0,

    /* U+00D5 "Õ" */
    0x0, 0x0, 0x0, 0x9f, 0xcc, 0x3f, 0xcb, 0x0,
    0x0, 0x0, 0x0, 0x0, 0x16, 0xd5, 0x4a, 0xe5,
    0x5f, 0x0, 0x0, 0x0, 0x0, 0x0, 0x0, 0x0,
    0x0, 0x0, 0x0, 0x0, 0x0, 0x0, 0x0, 0x0,
    0x61, 0xcd, 0xf7, 0xf1, 0xb5, 0x36, 0x0, 0x0,
    0x0, 0x96, 0xdd, 0x55, 0x1b, 0x26, 0x77, 0xef,
    0x4e, 0x0, 0x3c, 0xf0, 0x1f, 0x0, 0x0, 0x0,
    0x0, 0x58, 0xeb, 0x7, 0x82, 0xad, 0x0, 0x0,
    0x0, 0x0, 0x0, 0x2, 0xf3, 0x39, 0x83, 0xad,
    0x0, 0x0, 0x0, 0x0, 0x0, 0x2, 0xf3, 0x39,
    0x3c, 0xf0, 0x1e, 0x0, 0x0, 0x0, 0x0, 0x58,
    0xec, 0x7, 0x0, 0x96, 0xdd, 0x55, 0x1b, 0x25,
    0x76, 0xf0, 0x51, 0x0, 0x0, 0x0, 0x62, 0xce,
    0xf8, 0xf2, 0xb6, 0x38, 0x0, 0x0,

    /* U+00D6 "Ö" */
    0x0, 0x0, 0x0, 0x3, 0x0, 0x3, 0x0, 0x0,
    0x0, 0x0, 0x0, 0x0, 0x0, 0xb3, 0x69, 0xaf,
    0x6d, 0x0, 0x0, 0x0, 0x0, 0x0, 0x0, 0x1d,
    0xb, 0x1c, 0xc, 0x0, 0x0, 0x0, 0x0, 0x0,
    0x0, 0x0, 0x0, 0x0, 0x0, 0x0, 0x0, 0x0,
    0x0, 0x0, 0x61, 0xcd, 0xf7, 0xf1, 0xb5, 0x36,
    0x0, 0x0, 0x0, 0x96, 0xdd, 0x55, 0x1b, 0x26,
    0x77, 0xef, 0x4e, 0x0, 0x3c, 0xf0, 0x1f, 0x0,
    0x0, 0x0, 0x0, 0x58, 0xeb, 0x7, 0x82, 0xad,
    0x0, 0x0, 0x0, 0x0, 0x0, 0x2, 0xf3, 0x39,
    0x83, 0xad, 0x0, 0x0, 0x0, 0x0, 0x0, 0x2,
    0xf3, 0x39, 0x3c, 0xf0, 0x1e, 0x0, 0x0, 0x0,
    0x0, 0x58, 0xec, 0x7, 0x0, 0x96, 0xdd, 0x55,
    0x1b, 0x25, 0x76, 0xf0, 0x51, 0x0, 0x0, 0x0,
    0x62, 0xce, 0xf8, 0xf2, 0xb6, 0x38, 0x0, 0x0,

    /* U+00D7 "×" */
    0xd, 0x61, 0x0, 0x0, 0x1f, 0x4f, 0x6, 0xb0,
    0x84, 0x24, 0xd6, 0x42, 0x0, 0x4, 0xb4, 0xf1,
    0x3d, 0x0, 0x0, 0x30, 0xd7, 0xac, 0x99, 0x1,
    0x13, 0xd7, 0x2d, 0x1, 0x95, 0x81, 0x0, 0xe,
    0x0, 0x0, 0x0, 0xd,

    /* U+00D8 "Ø" */
    0x0, 0x0, 0x0, 0x0, 0x0, 0x0, 0x0, 0x13,
    0x0, 0x0, 0x0, 0x1, 0x64, 0xce, 0xf7, 0xec,
    0xae, 0xcc, 0x0, 0x0, 0x0, 0x9c, 0xdf, 0x57,
    0x1c, 0x27, 0xea, 0xe9, 0x40, 0x0, 0x40, 0xf1,
    0x20, 0x0, 0x0, 0x94, 0x79, 0x4d, 0xe2, 0x3,
    0x84, 0xad, 0x0, 0x0, 0x4d, 0xbd, 0x2, 0x0,
    0xec, 0x35, 0x7e, 0xa4, 0x0, 0x19, 0xd7, 0x1a,
    0x0, 0x2, 0xf3, 0x3b, 0x31, 0xed, 0x19, 0xbb,
    0x4d, 0x0, 0x0, 0x58, 0xee, 0x9, 0x0, 0x7d,
    0xef, 0xbc, 0x15, 0x25, 0x76, 0xf1, 0x54, 0x0,
    0x0, 0x1b, 0xdc, 0xc4, 0xf5, 0xf2, 0xb7, 0x3b,
    0x0, 0x0, 0x0, 0x0, 0x11, 0x0, 0x0, 0x0,
    0x0, 0x0, 0x0, 0x0,

    /* U+00D9 "Ù" */
    0x0, 0x0, 0x28, 0xec, 0xb, 0x0, 0x0, 0x0,
    0x0, 0x0, 0x0, 0x5d, 0x27, 0x0, 0x0, 0x0,
    0x0, 0x0, 0x0, 0x0, 0x0, 0x0, 0x0, 0x0,
    0x54, 0xc8, 0x0, 0x0, 0x0, 0x14, 0xff, 0x8,
    0x54, 0xc8, 0x0, 0x0, 0x0, 0x14, 0xff, 0x8,
    0x54, 0xc8, 0x0, 0x0, 0x0, 0x14, 0xff, 0x8,
    0x54, 0xc8, 0x0, 0x0, 0x0, 0x14, 0xff, 0x8,
    0x53, 0xc8, 0x0, 0x0, 0x0, 0x14, 0xff, 0x7,
    0x3a, 0xe2, 0x0, 0x0, 0x0, 0x30, 0xee, 0x0,
    0x7, 0xda, 0x88, 0x1a, 0x2a, 0xc0, 0x9b, 0x0,
    0x0, 0x24, 0xb5, 0xf0, 0xe6, 0x93, 0xc, 0x0,

    /* U+00DA "Ú" */
    0x0, 0x0, 0x0, 0x49, 0xd3, 0x3, 0x0, 0x0,
    0x0, 0x0, 0x0, 0x4e, 0x36, 0x0, 0x0, 0x0,
    0x0, 0x0, 0x0, 0x0, 0x0, 0x0, 0x0, 0x0,
    0x54, 0xc8, 0x0, 0x0, 0x0, 0x14, 0xff, 0x8,
    0x54, 0xc8, 0x0, 0x0, 0x0, 0x14, 0xff, 0x8,
    0x54, 0xc8, 0x0, 0x0, 0x0, 0x14, 0xff, 0x8,
    0x54, 0xc8, 0x0, 0x0, 0x0, 0x14, 0xff, 0x8,
    0x53, 0xc8, 0x0, 0x0, 0x0, 0x14, 0xff, 0x7,
    0x3a, 0xe2, 0x0, 0x0, 0x0, 0x30, 0xee, 0x0,
    0x7, 0xda, 0x88, 0x1a, 0x2a, 0xc0, 0x9b, 0x0,
    0x0, 0x24, 0xb5, 0xf0, 0xe6, 0x93, 0xc, 0x0,

    /* U+00DB "Û" */
    0x0, 0x0, 0x22, 0xda, 0xb7, 0x3, 0x0, 0x0,
    0x0, 0x0, 0x59, 0x33, 0x5a, 0x2d, 0x0, 0x0,
    0x0, 0x0, 0x0, 0x0, 0x0, 0x0, 0x0, 0x0,
    0x54, 0xc8, 0x0, 0x0, 0x0, 0x14, 0xff, 0x8,
    0x54, 0xc8, 0x0, 0x0, 0x0, 0x14, 0xff, 0x8,
    0x54, 0xc8, 0x0, 0x0, 0x0, 0x14, 0xff, 0x8,
    0x54, 0xc8, 0x0, 0x0, 0x0, 0x14, 0xff, 0x8,
    0x53, 0xc8, 0x0, 0x0, 0x0, 0x14, 0xff, 0x7,
    0x3a, 0xe2, 0x0, 0x0, 0x0, 0x30, 0xee, 0x0,
    0x7, 0xda, 0x88, 0x1a, 0x2a, 0xc0, 0x9b, 0x0,
    0x0, 0x24, 0xb5, 0xf0, 0xe6, 0x93, 0xc, 0x0,

    /* U+00DC "Ü" */
    0x0, 0x0, 0x3, 0x0, 0x3, 0x0, 0x0, 0x0,
    0x0, 0x0, 0xb7, 0x68, 0xb3, 0x6c, 0x0, 0x0,
    0x0, 0x0, 0x1d, 0xb, 0x1d, 0xc, 0x0, 0x0,
    0x0, 0x0, 0x0, 0x0, 0x0, 0x0, 0x0, 0x0,
    0x54, 0xc8, 0x0, 0x0, 0x0, 0x14, 0xff, 0x8,
    0x54, 0xc8, 0x0, 0x0, 0x0, 0x14, 0xff, 0x8,
    0x54, 0xc8, 0x0, 0x0, 0x0, 0x14, 0xff, 0x8,
    0x54, 0xc8, 0x0, 0x0, 0x0, 0x14, 0xff, 0x8,
    0x53, 0xc8, 0x0, 0x0, 0x0, 0x14, 0xff, 0x7,
    0x3a, 0xe2, 0x0, 0x0, 0x0, 0x30, 0xee, 0x0,
    0x7, 0xda, 0x88, 0x1a, 0x2a, 0xc0, 0x9b, 0x0,
    0x0, 0x24, 0xb5, 0xf0, 0xe6, 0x93, 0xc, 0x0,

    /* U+00DD "Ý" */
    0x0, 0x0, 0x0, 0x3d, 0x5b, 0x0, 0x0, 0x0,
    0x0, 0x0, 0xc7, 0x41, 0x0, 0x0, 0x0, 0x0,
    0x0, 0x0, 0x0, 0x0, 0x0, 0x86, 0xc1, 0x1,
    0x0, 0x0, 0xa2, 0xa6, 0x6, 0xd2, 0x6a, 0x0,
    0x46, 0xe8, 0x13, 0x0, 0x31, 0xed, 0x29, 0xde,
    0x52, 0x0, 0x0, 0x0, 0x7f, 0xf2, 0xa8, 0x0,
    0x0, 0x0, 0x0, 0x4, 0xfa, 0x2a, 0x0, 0x0,
    0x0, 0x0, 0x0, 0xf8, 0x24, 0x0, 0x0, 0x0,
    0x0, 0x0, 0xf8, 0x24, 0x0, 0x0, 0x0, 0x0,
    0x0, 0xf8, 0x24, 0x0, 0x0,

    /* U+00DE "Þ" */
    0x24, 0xf8, 0x0, 0x0, 0x0, 0x0, 0x0, 0x24,
    0xff, 0xec, 0xea, 0xc9, 0x4a, 0x0, 0x24, 0xf8,
    0x1c, 0x1c, 0x54, 0xf2, 0x2d, 0x24, 0xf8, 0x0,
    0x0, 0x0, 0xb1, 0x6e, 0x24, 0xf8, 0x0, 0x0,
    0x23, 0xea, 0x40, 0x24, 0xff, 0xec, 0xec, 0xf5,
    0x76, 0x0, 0x24, 0xf8, 0x1c, 0x1b, 0x3, 0x0,
    0x0, 0x24, 0xf8, 0x0, 0x0, 0x0, 0x0, 0x0,

    /* U+00DF "ß" */
    0x0, 0x3f, 0xd2, 0xf5, 0xc7, 0x2f, 0x0, 0x4,
    0xed, 0x6a, 0x15, 0x7d, 0xd1, 0x0, 0x21, 0xfd,
    0x2, 0x0, 0x5e, 0xe4, 0x0, 0x24, 0xfc, 0x0,
    0xdb, 0xfe, 0x56, 0x0, 0x24, 0xfc, 0x0, 0x1b,
    0x6b, 0xdb, 0x10, 0x24, 0xfc, 0x0, 0x0, 0x0,
    0xd2, 0x50, 0x24, 0xfc, 0x0, 0x12, 0x54, 0xf6,
    0x24, 0x24, 0xfc, 0x7, 0xf9, 0xd8, 0x53, 0x0,

    /* U+00E0 "à" */
    0x0, 0x6, 0xdc, 0x3a, 0x0, 0x0, 0x0, 0x0,
    0x3c, 0x46, 0x0, 0x0, 0x12, 0xaa, 0xf4, 0xe8,
    0x86, 0x0, 0x1c, 0x7a, 0x15, 0x1c, 0xd0, 0x55,
    0xe, 0xa2, 0xe0, 0xd8, 0xd8, 0x87, 0x87, 0xba,
    0xe, 0x4, 0xab, 0x8c, 0x8c, 0xaf, 0x7, 0x37,
    0xec, 0x8c, 0x14, 0xb7, 0xf2, 0xbc, 0x9a, 0x8c,

    /* U+00E1 "á" */
    0x0, 0x0, 0x22, 0xeb, 0x11, 0x0, 0x0, 0x0,
    0x3a, 0x4a, 0x0, 0x0, 0x12, 0xaa, 0xf4, 0xe8,
    0x86, 0x0, 0x1c, 0x7a, 0x15, 0x1c, 0xd0, 0x55,
    0xe, 0xa2, 0xe0, 0xd8, 0xd8, 0x87, 0x87, 0xba,
    0xe, 0x4, 0xab, 0x8c, 0x8c, 0xaf, 0x7, 0x37,
    0xec, 0x8c, 0x14, 0xb7, 0xf2, 0xbc, 0x9a, 0x8c,

    /* U+00E2 "â" */
    0x0, 0x29, 0xc5, 0xc2, 0x1e, 0x0, 0x0, 0x1e,
    0x12, 0x14, 0x1a, 0x0, 0x12, 0xaa, 0xf4, 0xe8,
    0x86, 0x0, 0x1c, 0x7a, 0x15, 0x1c, 0xd0, 0x55,
    0xe, 0xa2, 0xe0, 0xd8, 0xd8, 0x87, 0x87, 0xba,
    0xe, 0x4, 0xab, 0x8c, 0x8c, 0xaf, 0x7, 0x37,
    0xec, 0x8c, 0x14, 0xb7, 0xf2, 0xbc, 0x9a, 0x8c,

    /* U+00E3 "ã" */
    0x0, 0x9b, 0xf8, 0xf7, 0xca, 0x7, 0x0, 0x0,
    0x0, 0x0, 0x0, 0x0, 0x12, 0xaa, 0xf4, 0xe8,
    0x86, 0x0, 0x1c, 0x7a, 0x15, 0x1c, 0xd0, 0x55,
    0xe, 0xa2, 0xe0, 0xd8, 0xd8, 0x87, 0x87, 0xba,
    0xe, 0x4, 0xab, 0x8c, 0x8c, 0xaf, 0x7, 0x37,
    0xec, 0x8c, 0x14, 0xb7, 0xf2, 0xbc, 0x9a, 0x8c,

    /* U+00E4 "ä" */
    0x0, 0x76, 0x97, 0x72, 0x9b, 0x0, 0x0, 0x1a,
    0x25, 0x18, 0x26, 0x0, 0x12, 0xaa, 0xf4, 0xe8,
    0x86, 0x0, 0x1c, 0x7a, 0x15, 0x1c, 0xd0, 0x55,
    0xe, 0xa2, 0xe0, 0xd8, 0xd8, 0x87, 0x87, 0xba,
    0xe, 0x4, 0xab, 0x8c, 0x8c, 0xaf, 0x7, 0x37,
    0xec, 0x8c, 0x14, 0xb7, 0xf2, 0xbc, 0x9a, 0x8c,

    /* U+00E5 "å" */
    0x0, 0x9, 0xa6, 0xaf, 0x1e, 0x0, 0x0, 0x9,
    0xa8, 0xb0, 0x1e, 0x0, 0x0, 0x0, 0x0, 0x0,
    0x0, 0x0, 0x12, 0xaa, 0xf4, 0xe8, 0x86, 0x0,
    0x1c, 0x7a, 0x15, 0x1c, 0xd0, 0x55, 0xe, 0xa2,
    0xe0, 0xd8, 0xd8, 0x87, 0x87, 0xba, 0xe, 0x4,
    0xab, 0x8c, 0x8c, 0xaf, 0x7, 0x37, 0xec, 0x8c,
    0x14, 0xb7, 0xf2, 0xbc, 0x9a, 0x8c,

    /* U+00E6 "æ" */
    0x8, 0xa0, 0xf2, 0xed, 0x87, 0x3b, 0xd2, 0xf6,
    0xcb, 0x3b, 0x0, 0x1b, 0x7b, 0x1b, 0x18, 0xc0,
    0xec, 0x3f, 0x8, 0x4b, 0xe8, 0xe, 0xe, 0xa2,
    0xc2, 0xbc, 0xe4, 0xf6, 0xe0, 0xe0, 0xe0, 0xee,
    0x38, 0x87, 0xa8, 0x1, 0x0, 0x94, 0xc0, 0x0,
    0x0, 0x0, 0x6, 0x0, 0x8c, 0xb6, 0xe, 0x42,
    0xeb, 0xeb, 0x65, 0xa, 0x57, 0xe0, 0xa, 0x14,
    0xb7, 0xf6, 0xda, 0x50, 0x35, 0xcd, 0xf8, 0xd0,
    0x41, 0x0,

    /* U+00E7 "ç" */
    0x0, 0x59, 0xd7, 0xf5, 0xc0, 0x24, 0x3c, 0xee,
    0x40, 0xb, 0x81, 0xa7, 0x91, 0x89, 0x0, 0x0,
    0x0, 0x0, 0x94, 0x88, 0x0, 0x0, 0x0, 0x0,
    0x3e, 0xed, 0x39, 0x6, 0x75, 0xae, 0x0, 0x5c,
    0xdd, 0xfa, 0xc7, 0x2c, 0x0, 0x0, 0x50, 0x5f,
    0x0, 0x0, 0x0, 0x0, 0x68, 0xbb, 0x48, 0x0,
    0x0, 0x0, 0x58, 0xb9, 0x61, 0x0,

    /* U+00E8 "è" */
    0x0, 0x2, 0xcd, 0x50, 0x0, 0x0, 0x0, 0x0,
    0x0, 0x32, 0x52, 0x0, 0x0, 0x0, 0x0, 0x5f,
    0xdc, 0xf2, 0xb7, 0x20, 0x0, 0x3e, 0xd9, 0x29,
    0xa, 0x77, 0xc6, 0x0, 0x92, 0xf0, 0xe0, 0xe0,
    0xe1, 0xee, 0x9, 0x92, 0x93, 0x0, 0x0, 0x1,
    0x5, 0x0, 0x3e, 0xf2, 0x45, 0xb, 0x83, 0xba,
    0x0, 0x0, 0x5d, 0xda, 0xf6, 0xbe, 0x26, 0x0,

    /* U+00E9 "é" */
    0x0, 0x0, 0x6, 0xe7, 0x30, 0x0, 0x0, 0x0,
    0x0, 0x21, 0x61, 0x0, 0x0, 0x0, 0x0, 0x5f,
    0xdc, 0xf2, 0xb7, 0x20, 0x0, 0x3e, 0xd9, 0x29,
    0xa, 0x77, 0xc6, 0x0, 0x92, 0xf0, 0xe0, 0xe0,
    0xe1, 0xee, 0x9, 0x92, 0x93, 0x0, 0x0, 0x1,
    0x5, 0x0, 0x3e, 0xf2, 0x45, 0xb, 0x83, 0xba,
    0x0, 0x0, 0x5d, 0xda, 0xf6, 0xbe, 0x26, 0x0,

    /* U+00EA "ê" */
    0x0, 0x9, 0xb5, 0xcd, 0x46, 0x0, 0x0, 0x0,
    0x16, 0x28, 0xb, 0x30, 0x0, 0x0, 0x0, 0x5f,
    0xdc, 0xf2, 0xb7, 0x20, 0x0, 0x3e, 0xd9, 0x29,
    0xa, 0x77, 0xc6, 0x0, 0x92, 0xf0, 0xe0, 0xe0,
    0xe1, 0xee, 0x9, 0x92, 0x93, 0x0, 0x0, 0x1,
    0x5, 0x0, 0x3e, 0xf2, 0x45, 0xb, 0x83, 0xba,
    0x0, 0x0, 0x5d, 0xda, 0xf6, 0xbe, 0x26, 0x0,

    /* U+00EB "ë" */
    0x0, 0x58, 0xb6, 0x54, 0xb9, 0x0, 0x0, 0x0,
    0x10, 0x2e, 0xf, 0x2f, 0x0, 0x0, 0x0, 0x5f,
    0xdc, 0xf2, 0xb7, 0x20, 0x0, 0x3e, 0xd9, 0x29,
    0xa, 0x77, 0xc6, 0x0, 0x92, 0xf0, 0xe0, 0xe0,
    0xe1, 0xee, 0x9, 0x92, 0x93, 0x0, 0x0, 0x1,
    0x5, 0x0, 0x3e, 0xf2, 0x45, 0xb, 0x83, 0xba,
    0x0, 0x0, 0x5d, 0xda, 0xf6, 0xbe, 0x26, 0x0,

    /* U+00EC "ì" */
    0xb7, 0x68, 0x25, 0x5f, 0x3c, 0xe0, 0x3c, 0xe0,
    0x3c, 0xe0, 0x3c, 0xe0, 0x3c, 0xe0, 0x3c, 0xe0,

    /* U+00ED "í" */
    0x0, 0xc5, 0x5a, 0xa, 0x79, 0x1, 0x3c, 0xe0,
    0x0, 0x3c, 0xe0, 0x0, 0x3c, 0xe0, 0x0, 0x3c,
    0xe0, 0x0, 0x3c, 0xe0, 0x0, 0x3c, 0xe0, 0x0,

    /* U+00EE "î" */
    0xd, 0xad, 0xba, 0x62, 0x0, 0x7, 0xe, 0x1,
    0x13, 0x0, 0x0, 0x3c, 0xe0, 0x0, 0x0, 0x0,
    0x3c, 0xe0, 0x0, 0x0, 0x0, 0x3c, 0xe0, 0x0,
    0x0, 0x0, 0x3c, 0xe0, 0x0, 0x0, 0x0, 0x3c,
    0xe0, 0x0, 0x0, 0x0, 0x3c, 0xe0, 0x0, 0x0,

    /* U+00EF "ï" */
    0x14, 0xe6, 0x78, 0xa8, 0x0, 0x41, 0x16, 0x2c,
    0x0, 0x3c, 0xe0, 0x0, 0x0, 0x3c, 0xe0, 0x0,
    0x0, 0x3c, 0xe0, 0x0, 0x0, 0x3c, 0xe0, 0x0,
    0x0, 0x3c, 0xe0, 0x0, 0x0, 0x3c, 0xe0, 0x0,

    /* U+00F0 "ð" */
    0x0, 0x3b, 0xc6, 0x57, 0x46, 0x32, 0x0, 0x0,
    0x6, 0xa7, 0xff, 0xf2, 0x2d, 0x0, 0x0, 0x1,
    0x78, 0x24, 0xc0, 0x7c, 0x0, 0x0, 0x46, 0xd2,
    0xf4, 0xcf, 0xf3, 0x9, 0x23, 0xf3, 0x54, 0xd,
    0x72, 0xff, 0x41, 0x6f, 0xb3, 0x0, 0x0, 0x0,
    0xd7, 0x59, 0x6b, 0xb5, 0x0, 0x0, 0x0, 0xda,
    0x3f, 0x1c, 0xef, 0x5e, 0x18, 0x7d, 0xdc, 0x6,
    0x0, 0x3c, 0xcd, 0xf3, 0xc1, 0x29, 0x0,

    /* U+00F1 "ñ" */
    0x0, 0x65, 0xf3, 0xf9, 0xe1, 0x29, 0x0, 0x0,
    0x0, 0x0, 0x0, 0x0, 0x54, 0xc3, 0xa3, 0xf5,
    0xd2, 0x30, 0x54, 0xff, 0x5a, 0xb, 0x94, 0xb9,
    0x54, 0xd5, 0x0, 0x0, 0x3c, 0xdd, 0x54, 0xc8,
    0x0, 0x0, 0x38, 0xe0, 0x54, 0xc8, 0x0, 0x0,
    0x38, 0xe0, 0x54, 0xc8, 0x0, 0x0, 0x38, 0xe0,

    /* U+00F2 "ò" */
    0x0, 0x0, 0xc3, 0x5c, 0x0, 0x0, 0x0, 0x0,
    0x0, 0x2c, 0x58, 0x0, 0x0, 0x0, 0x0, 0x59,
    0xd7, 0xf3, 0xc0, 0x2c, 0x0, 0x3c, 0xec, 0x41,
    0xd, 0x70, 0xe4, 0xe, 0x91, 0x88, 0x0, 0x0,
    0x0, 0xd0, 0x4c, 0x92, 0x87, 0x0, 0x0, 0x0,
    0xd0, 0x4c, 0x3d, 0xec, 0x3e, 0xc, 0x6d, 0xe5,
    0xf, 0x0, 0x59, 0xd7, 0xf4, 0xc0, 0x2d, 0x0,

    /* U+00F3 "ó" */
    0x0, 0x0, 0x0, 0xc1, 0x5e, 0x0, 0x0, 0x0,
    0x0, 0x9, 0x7a, 0x1, 0x0, 0x0, 0x0, 0x59,
    0xd7, 0xf3, 0xc0, 0x2c, 0x0, 0x3c, 0xec, 0x41,
    0xd, 0x70, 0xe4, 0xe, 0x91, 0x88, 0x0, 0x0,
    0x0, 0xd0, 0x4c, 0x92, 0x87, 0x0, 0x0, 0x0,
    0xd0, 0x4c, 0x3d, 0xec, 0x3e, 0xc, 0x6d, 0xe5,
    0xf, 0x0, 0x59, 0xd7, 0xf4, 0xc0, 0x2d, 0x0,

    /* U+00F4 "ô" */
    0x0, 0x5, 0xa5, 0xc8, 0x61, 0x0, 0x0, 0x0,
    0xd, 0x23, 0x3, 0x2a, 0x0, 0x0, 0x0, 0x59,
    0xd7, 0xf3, 0xc0, 0x2c, 0x0, 0x3c, 0xec, 0x41,
    0xd, 0x70, 0xe4, 0xe, 0x91, 0x88, 0x0, 0x0,
    0x0, 0xd0, 0x4c, 0x92, 0x87, 0x0, 0x0, 0x0,
    0xd0, 0x4c, 0x3d, 0xec, 0x3e, 0xc, 0x6d, 0xe5,
    0xf, 0x0, 0x59, 0xd7, 0xf4, 0xc0, 0x2d, 0x0,

    /* U+00F5 "õ" */
    0x0, 0x62, 0xf2, 0xf8, 0xe2, 0x2c, 0x0, 0x0,
    0x0, 0x0, 0x0, 0x0, 0x0, 0x0, 0x0, 0x59,
    0xd7, 0xf3, 0xc0, 0x2c, 0x0, 0x3c, 0xec, 0x41,
    0xd, 0x70, 0xe4, 0xe, 0x91, 0x88, 0x0, 0x0,
    0x0, 0xd0, 0x4c, 0x92, 0x87, 0x0, 0x0, 0x0,
    0xd0, 0x4c, 0x3d, 0xec, 0x3e, 0xc, 0x6d, 0xe5,
    0xf, 0x0, 0x59, 0xd7, 0xf4, 0xc0, 0x2d, 0x0,

    /* U+00F6 "ö" */
    0x0, 0x31, 0xda, 0x2e, 0xdc, 0x1, 0x0, 0x0,
    0x6, 0x38, 0x5, 0x38, 0x0, 0x0, 0x0, 0x59,
    0xd7, 0xf3, 0xc0, 0x2c, 0x0, 0x3c, 0xec, 0x41,
    0xd, 0x70, 0xe4, 0xe, 0x91, 0x88, 0x0, 0x0,
    0x0, 0xd0, 0x4c, 0x92, 0x87, 0x0, 0x0, 0x0,
    0xd0, 0x4c, 0x3d, 0xec, 0x3e, 0xc, 0x6d, 0xe5,
    0xf, 0x0, 0x59, 0xd7, 0xf4, 0xc0, 0x2d, 0x0,

    /* U+00F7 "÷" */
    0x0, 0x0, 0x56, 0xdd, 0x7, 0x0, 0x0, 0x0,
    0x26, 0x79, 0x0, 0x0, 0x0, 0x0, 0x0, 0x0,
    0x0, 0x0, 0x49, 0xe0, 0xe0, 0xe0, 0xe0, 0xce,
    0x0, 0x0, 0x26, 0x79, 0x0, 0x0, 0x0, 0x0,
    0x56, 0xdd, 0x7, 0x0,

    /* U+00F8 "ø" */
    0x0, 0x0, 0x0, 0x0, 0x4, 0x8, 0x0, 0x0,
    0x56, 0xd6, 0xf7, 0xdc, 0x83, 0x0, 0x3c, 0xec,
    0x40, 0x32, 0xe3, 0xe9, 0xf, 0x91, 0x88, 0x1,
    0xbe, 0x34, 0xcf, 0x53, 0x99, 0x87, 0x6f, 0x86,
    0x0, 0xd1, 0x4d, 0x42, 0xee, 0xd6, 0x13, 0x72,
    0xe6, 0xf, 0x0, 0xc2, 0xdd, 0xf5, 0xc1, 0x2e,
    0x0, 0x0, 0xd, 0x0, 0x0, 0x0, 0x0, 0x0,

    /* U+00F9 "ù" */
    0x0, 0x0, 0xbb, 0x62, 0x0, 0x0, 0x0, 0x0,
    0x27, 0x5b, 0x0, 0x0, 0x60, 0xbc, 0x0, 0x0,
    0x44, 0xd4, 0x60, 0xbc, 0x0, 0x0, 0x44, 0xd4,
    0x60, 0xbc, 0x0, 0x0, 0x44, 0xd4, 0x5d, 0xbf,
    0x0, 0x0, 0x51, 0xd4, 0x3a, 0xf1, 0x2c, 0x15,
    0xc3, 0xd4, 0x0, 0x8f, 0xf0, 0xdf, 0x77, 0xd4,

    /* U+00FA "ú" */
    0x0, 0x0, 0x4, 0xe3, 0x38, 0x0, 0x0, 0x0,
    0x1d, 0x67, 0x0, 0x0, 0x60, 0xbc, 0x0, 0x0,
    0x44, 0xd4, 0x60, 0xbc, 0x0, 0x0, 0x44, 0xd4,
    0x60, 0xbc, 0x0, 0x0, 0x44, 0xd4, 0x5d, 0xbf,
    0x0, 0x0, 0x51, 0xd4, 0x3a, 0xf1, 0x2c, 0x15,
    0xc3, 0xd4, 0x0, 0x8f, 0xf0, 0xdf, 0x77, 0xd4,

    /* U+00FB "û" */
    0x0, 0xd, 0xb6, 0xc6, 0x4c, 0x0, 0x0, 0x11,
    0x1b, 0x7, 0x23, 0x0, 0x60, 0xbc, 0x0, 0x0,
    0x44, 0xd4, 0x60, 0xbc, 0x0, 0x0, 0x44, 0xd4,
    0x60, 0xbc, 0x0, 0x0, 0x44, 0xd4, 0x5d, 0xbf,
    0x0, 0x0, 0x51, 0xd4, 0x3a, 0xf1, 0x2c, 0x15,
    0xc3, 0xd4, 0x0, 0x8f, 0xf0, 0xdf, 0x77, 0xd4,

    /* U+00FC "ü" */
    0x0, 0x46, 0xc8, 0x43, 0xcb, 0x0, 0x0, 0xc,
    0x35, 0xb, 0x36, 0x0, 0x60, 0xbc, 0x0, 0x0,
    0x44, 0xd4, 0x60, 0xbc, 0x0, 0x0, 0x44, 0xd4,
    0x60, 0xbc, 0x0, 0x0, 0x44, 0xd4, 0x5d, 0xbf,
    0x0, 0x0, 0x51, 0xd4, 0x3a, 0xf1, 0x2c, 0x15,
    0xc3, 0xd4, 0x0, 0x8f, 0xf0, 0xdf, 0x77, 0xd4,

    /* U+00FD "ý" */
    0x0, 0x0, 0x16, 0xee, 0x1a, 0x0, 0x0, 0x0,
    0x32, 0x53, 0x0, 0x0, 0xbf, 0x71, 0x0, 0x0,
    0x75, 0xb7, 0x55, 0xd4, 0x0, 0x0, 0xd5, 0x4f,
    0x4, 0xe6, 0x39, 0x37, 0xe3, 0x3, 0x0, 0x81,
    0x9d, 0x98, 0x7e, 0x0, 0x0, 0x1b, 0xef, 0xec,
    0x1a, 0x0, 0x0, 0x0, 0xaf, 0xad, 0x0, 0x0,
    0x0, 0x0, 0xd0, 0x44, 0x0, 0x0, 0x0, 0x3f,
    0xdb, 0x1, 0x0, 0x0, 0x0, 0xad, 0x74, 0x0,
    0x0, 0x0,

    /* U+00FE "þ" */
    0x54, 0xc8, 0x0, 0x0, 0x0, 0x0, 0x0, 0x54,
    0xc8, 0x0, 0x0, 0x0, 0x0, 0x0, 0x54, 0xc9,
    0x97, 0xf5, 0xd8, 0x4d, 0x0, 0x54, 0xff, 0x6c,
    0xc, 0x49, 0xf1, 0x2a, 0x54, 0xd3, 0x0, 0x0,
    0x0, 0xa0, 0x7d, 0x54, 0xd2, 0x0, 0x0, 0x0,
    0x9f, 0x7c, 0x54, 0xff, 0x6a, 0xc, 0x47, 0xf1,
    0x2b, 0x54, 0xc7, 0x9a, 0xf5, 0xd9, 0x50, 0x0,
    0x54, 0xc8, 0x0, 0x0, 0x0, 0x0, 0x0, 0x54,
    0xc8, 0x0, 0x0, 0x0, 0x0, 0x0, 0x54, 0xc8,
    0x0, 0x0, 0x0, 0x0, 0x0,

    /* U+00FF "ÿ" */
    0x0, 0x86, 0x88, 0x7f, 0x8c, 0x0, 0x0, 0x21,
    0x21, 0x1f, 0x22, 0x0, 0xbf, 0x71, 0x0, 0x0,
    0x75, 0xb7, 0x55, 0xd4, 0x0, 0x0, 0xd5, 0x4f,
    0x4, 0xe6, 0x39, 0x37, 0xe3, 0x3, 0x0, 0x81,
    0x9d, 0x98, 0x7e, 0x0, 0x0, 0x1b, 0xef, 0xec,
    0x1a, 0x0, 0x0, 0x0, 0xaf, 0xad, 0x0, 0x0,
    0x0, 0x0, 0xd0, 0x44, 0x0, 0x0, 0x0, 0x3f,
    0xdb, 0x1, 0x0, 0x0, 0x0, 0xad, 0x74, 0x0,
    0x0, 0x0,

    /* U+0100 "Ā" */
    0x0, 0x0, 0x91, 0xd8, 0xd8, 0x94, 0x0, 0x0,
    0x0, 0x0, 0x0, 0x0, 0x0, 0x0, 0x0, 0x0,
    0x0, 0x0, 0x0, 0xd0, 0xd3, 0x0, 0x0, 0x0,
    0x0, 0x0, 0x39, 0xe3, 0xe0, 0x3b, 0x0, 0x0,
    0x0, 0x0, 0xa1, 0x87, 0x84, 0xa3, 0x0, 0x0,
    0x0, 0x11, 0xf6, 0x29, 0x26, 0xf7, 0x13, 0x0,
    0x0, 0x71, 0xcb, 0x0, 0x0, 0xc8, 0x73, 0x0,
    0x0, 0xd7, 0xf6, 0xe8, 0xe8, 0xf5, 0xda, 0x1,
    0x41, 0xf5, 0x24, 0x18, 0x18, 0x22, 0xf3, 0x43,
    0xa8, 0x97, 0x0, 0x0, 0x0, 0x0, 0x94, 0xab,

    /* U+0101 "ā" */
    0x0, 0x78, 0xdc, 0xdc, 0xb2, 0x0, 0x0, 0x0,
    0x0, 0x0, 0x0, 0x0, 0x12, 0xaa, 0xf4, 0xe8,
    0x86, 0x0, 0x1c, 0x7a, 0x15, 0x1c, 0xd0, 0x55,
    0xe, 0xa2, 0xe0, 0xd8, 0xd8, 0x87, 0x87, 0xba,
    0xe, 0x4, 0xab, 0x8c, 0x8c, 0xaf, 0x7, 0x37,
    0xec, 0x8c, 0x14, 0xb7, 0xf2, 0xbc, 0x9a, 0x8c,

    /* U+0102 "Ă" */
    0x0, 0x0, 0x3d, 0x3c, 0x3a, 0x3f, 0x0, 0x0,
    0x0, 0x0, 0x22, 0xc4, 0xc4, 0x22, 0x0, 0x0,
    0x0, 0x0, 0x0, 0x0, 0x0, 0x0, 0x0, 0x0,
    0x0, 0x0, 0x0, 0xd0, 0xd3, 0x0, 0x0, 0x0,
    0x0, 0x0, 0x39, 0xe3, 0xe0, 0x3b, 0x0, 0x0,
    0x0, 0x0, 0xa1, 0x87, 0x84, 0xa3, 0x0, 0x0,
    0x0, 0x11, 0xf6, 0x29, 0x26, 0xf7, 0x13, 0x0,
    0x0, 0x71, 0xcb, 0x0, 0x0, 0xc8, 0x73, 0x0,
    0x0, 0xd7, 0xf6, 0xe8, 0xe8, 0xf5, 0xda, 0x1,
    0x41, 0xf5, 0x24, 0x18, 0x18, 0x22, 0xf3, 0x43,
    0xa8, 0x97, 0x0, 0x0, 0x0, 0x0, 0x94, 0xab,

    /* U+0103 "ă" */
    0x0, 0x32, 0xc4, 0xc9, 0x4a, 0x0, 0x0, 0x0,
    0x0, 0x0, 0x0, 0x0, 0x12, 0xaa, 0xf4, 0xe8,
    0x86, 0x0, 0x1c, 0x7a, 0x15, 0x1c, 0xd0, 0x55,
    0xe, 0xa2, 0xe0, 0xd8, 0xd8, 0x87, 0x87, 0xba,
    0xe, 0x4, 0xab, 0x8c, 0x8c, 0xaf, 0x7, 0x37,
    0xec, 0x8c, 0x14, 0xb7, 0xf2, 0xbc, 0x9a, 0x8c,

    /* U+0104 "Ą" */
    0x0, 0x0, 0x0, 0xd0, 0xd3, 0x0, 0x0, 0x0,
    0x0, 0x0, 0x0, 0x39, 0xe3, 0xe0, 0x3b, 0x0,
    0x0, 0x0, 0x0, 0x0, 0xa1, 0x87, 0x84, 0xa3,
    0x0, 0x0, 0x0, 0x0, 0x11, 0xf6, 0x29, 0x26,
    0xf7, 0x13, 0x0, 0x0, 0x0, 0x71, 0xcb, 0x0,
    0x0, 0xc8, 0x73, 0x0, 0x0, 0x0, 0xd7, 0xf6,
    0xe8, 0xe8, 0xf5, 0xda, 0x1, 0x0, 0x41, 0xf5,
    0x24, 0x18, 0x18, 0x22, 0xf3, 0x43, 0x0, 0xa8,
    0x97, 0x0, 0x0, 0x0, 0x0, 0x94, 0xab, 0x0,
    0x0, 0x0, 0x0, 0x0, 0x0, 0x0, 0xab, 0x6d,
    0x0, 0x0, 0x0, 0x0, 0x0, 0x0, 0x0, 0xed,
    0x19, 0x0, 0x0, 0x0, 0x0, 0x0, 0x0, 0x0,
    0x88, 0xe8, 0x10,

    /* U+0105 "ą" */
    0xa, 0x9f, 0xf3, 0xe9, 0x8c, 0x1, 0x35, 0xdd,
    0x23, 0x31, 0xf0, 0x5a, 0x0, 0xd, 0x0, 0x0,
    0x9a, 0x89, 0x23, 0xb4, 0xe3, 0xd5, 0xd6, 0x8c,
    0x96, 0xb1, 0xd, 0x19, 0xca, 0x8c, 0x2c, 0xc9,
    0xf3, 0xbe, 0xa0, 0x87, 0x0, 0x0, 0x0, 0x14,
    0xda, 0x14, 0x0, 0x0, 0x0, 0x40, 0xc4, 0x0,
    0x0, 0x0, 0x0, 0xa, 0xc9, 0xa6,

    /* U+0106 "Ć" */
    0x0, 0x0, 0x0, 0x0, 0x41, 0xd9, 0x5, 0x0,
    0x0, 0x0, 0x0, 0x0, 0x0, 0x4a, 0x3a, 0x0,
    0x0, 0x0, 0x0, 0x0, 0x0, 0x0, 0x0, 0x0,
    0x0, 0x0, 0x0, 0x0, 0x0, 0x60, 0xcc, 0xf7,
    0xf0, 0xb3, 0x2e, 0x0, 0x0, 0x96, 0xdb, 0x56,
    0x1d, 0x28, 0x7d, 0xb5, 0x0, 0x3d, 0xef, 0x1d,
    0x0, 0x0, 0x0, 0x0, 0x0, 0x0, 0x82, 0xad,
    0x0, 0x0, 0x0, 0x0, 0x0, 0x0, 0x0, 0x83,
    0xac, 0x0, 0x0, 0x0, 0x0, 0x0, 0x0, 0x0,
    0x3e, 0xef, 0x1d, 0x0, 0x0, 0x0, 0x0, 0x4,
    0x0, 0x0, 0x99, 0xdb, 0x56, 0x1c, 0x1d, 0x6e,
    0xe1, 0x15, 0x0, 0x0, 0x63, 0xcd, 0xf8, 0xf1,
    0xb7, 0x3a, 0x0,

    /* U+0107 "ć" */
    0x0, 0x0, 0x6, 0xe7, 0x30, 0x0, 0x0, 0x0,
    0x21, 0x61, 0x0, 0x0, 0x0, 0x59, 0xd7, 0xf5,
    0xc0, 0x24, 0x3c, 0xee, 0x40, 0xb, 0x81, 0xa7,
    0x91, 0x89, 0x0, 0x0, 0x0, 0x0, 0x91, 0x88,
    0x0, 0x0, 0x0, 0x0, 0x3b, 0xed, 0x3d, 0xa,
    0x79, 0xb0, 0x0, 0x59, 0xd7, 0xf6, 0xc1, 0x28,

    /* U+0108 "Ĉ" */
    0x0, 0x0, 0x0, 0x1b, 0xd6, 0xc0, 0x5, 0x0,
    0x0, 0x0, 0x0, 0x0, 0x51, 0x39, 0x54, 0x33,
    0x0, 0x0, 0x0, 0x0, 0x0, 0x0, 0x0, 0x0,
    0x0, 0x0, 0x0, 0x0, 0x0, 0x60, 0xcc, 0xf7,
    0xf0, 0xb3, 0x2e, 0x0, 0x0, 0x96, 0xdb, 0x56,
    0x1d, 0x28, 0x7d, 0xb5, 0x0, 0x3d, 0xef, 0x1d,
    0x0, 0x0, 0x0, 0x0, 0x0, 0x0, 0x82, 0xad,
    0x0, 0x0, 0x0, 0x0, 0x0, 0x0, 0x0, 0x83,
    0xac, 0x0, 0x0, 0x0, 0x0, 0x0, 0x0, 0x0,
    0x3e, 0xef, 0x1d, 0x0, 0x0, 0x0, 0x0, 0x4,
    0x0, 0x0, 0x99, 0xdb, 0x56, 0x1c, 0x1d, 0x6e,
    0xe1, 0x15, 0x0, 0x0, 0x63, 0xcd, 0xf8, 0xf1,
    0xb7, 0x3a, 0x0,

    /* U+0109 "ĉ" */
    0x0, 0xa, 0xb1, 0xc7, 0x4e, 0x0, 0x0, 0x11,
    0x1f, 0x7, 0x27, 0x0, 0x0, 0x59, 0xd7, 0xf5,
    0xc0, 0x24, 0x3c, 0xee, 0x40, 0xb, 0x81, 0xa7,
    0x91, 0x89, 0x0, 0x0, 0x0, 0x0, 0x91, 0x88,
    0x0, 0x0, 0x0, 0x0, 0x3b, 0xed, 0x3d, 0xa,
    0x79, 0xb0, 0x0, 0x59, 0xd7, 0xf6, 0xc1, 0x28,

    /* U+010A "Ċ" */
    0x0, 0x0, 0x0, 0x0, 0x0, 0x0, 0x0, 0x0,
    0x0, 0x0, 0x0, 0x0, 0x0, 0xc1, 0x37, 0x0,
    0x0, 0x0, 0x0, 0x0, 0x0, 0x0, 0x16, 0x2,
    0x0, 0x0, 0x0, 0x0, 0x0, 0x0, 0x0, 0x0,
    0x0, 0x0, 0x0, 0x0, 0x0, 0x0, 0x60, 0xcc,
    0xf7, 0xf0, 0xb3, 0x2e, 0x0, 0x0, 0x96, 0xdb,
    0x56, 0x1d, 0x28, 0x7d, 0xb5, 0x0, 0x3d, 0xef,
    0x1d, 0x0, 0x0, 0x0, 0x0, 0x0, 0x0, 0x82,
    0xad, 0x0, 0x0, 0x0, 0x0, 0x0, 0x0, 0x0,
    0x83, 0xac, 0x0, 0x0, 0x0, 0x0, 0x0, 0x0,
    0x0, 0x3e, 0xef, 0x1d, 0x0, 0x0, 0x0, 0x0,
    0x4, 0x0, 0x0, 0x99, 0xdb, 0x56, 0x1c, 0x1d,
    0x6e, 0xe1, 0x15, 0x0, 0x0, 0x63, 0xcd, 0xf8,
    0xf1, 0xb7, 0x3a, 0x0,

    /* U+010B "ċ" */
    0x0, 0x0, 0x43, 0xc9, 0x0, 0x0, 0x0, 0x0,
    0xb, 0x35, 0x0, 0x0, 0x0, 0x59, 0xd7, 0xf5,
    0xc0, 0x24, 0x3c, 0xee, 0x40, 0xb, 0x81, 0xa7,
    0x91, 0x89, 0x0, 0x0, 0x0, 0x0, 0x91, 0x88,
    0x0, 0x0, 0x0, 0x0, 0x3b, 0xed, 0x3d, 0xa,
    0x79, 0xb0, 0x0, 0x59, 0xd7, 0xf6, 0xc1, 0x28,

    /* U+010C "Č" */
    0x0, 0x0, 0x0, 0x8f, 0x98, 0xd5, 0x26, 0x0,
    0x0, 0x0, 0x0, 0x0, 0x3, 0x75, 0x39, 0x0,
    0x0, 0x0, 0x0, 0x0, 0x0, 0x0, 0x0, 0x0,
    0x0, 0x0, 0x0, 0x0, 0x0, 0x60, 0xcc, 0xf7,
    0xf0, 0xb3, 0x2e, 0x0, 0x0, 0x96, 0xdb, 0x56,
    0x1d, 0x28, 0x7d, 0xb5, 0x0, 0x3d, 0xef, 0x1d,
    0x0, 0x0, 0x0, 0x0, 0x0, 0x0, 0x82, 0xad,
    0x0, 0x0, 0x0, 0x0, 0x0, 0x0, 0x0, 0x83,
    0xac, 0x0, 0x0, 0x0, 0x0, 0x0, 0x0, 0x0,
    0x3e, 0xef, 0x1d, 0x0, 0x0, 0x0, 0x0, 0x4,
    0x0, 0x0, 0x99, 0xdb, 0x56, 0x1c, 0x1d, 0x6e,
    0xe1, 0x15, 0x0, 0x0, 0x63, 0xcd, 0xf8, 0xf1,
    0xb7, 0x3a, 0x0,

    /* U+010D "č" */
    0x0, 0x11, 0xba, 0xa9, 0x8a, 0x0, 0x0, 0x0,
    0x8, 0x23, 0x0, 0x0, 0x0, 0x59, 0xd7, 0xf5,
    0xc0, 0x24, 0x3c, 0xee, 0x40, 0xb, 0x81, 0xa7,
    0x91, 0x89, 0x0, 0x0, 0x0, 0x0, 0x91, 0x88,
    0x0, 0x0, 0x0, 0x0, 0x3b, 0xed, 0x3d, 0xa,
    0x79, 0xb0, 0x0, 0x59, 0xd7, 0xf6, 0xc1, 0x28,

    /* U+010E "Ď" */
    0x0, 0x0, 0x5f, 0x28, 0x67, 0x25, 0x0, 0x0,
    0x0, 0x0, 0x2d, 0xe4, 0xa7, 0x1, 0x0, 0x0,
    0x0, 0x0, 0x0, 0x0, 0x0, 0x0, 0x0, 0x0,
    0x24, 0xff, 0xff, 0xfd, 0xe4, 0x99, 0x17, 0x0,
    0x24, 0xf8, 0xc, 0x11, 0x34, 0xa6, 0xe0, 0x16,
    0x24, 0xf8, 0x0, 0x0, 0x0, 0x0, 0xb4, 0x8e,
    0x24, 0xf8, 0x0, 0x0, 0x0, 0x0, 0x5f, 0xcb,
    0x24, 0xf8, 0x0, 0x0, 0x0, 0x0, 0x5f, 0xcb,
    0x24, 0xf8, 0x0, 0x0, 0x0, 0x0, 0xb2, 0x8f,
    0x24, 0xf8, 0xc, 0x10, 0x33, 0xa3, 0xe3, 0x18,
    0x24, 0xff, 0xff, 0xfd, 0xe6, 0x9b, 0x19, 0x0,

    /* U+010F "ď" */
    0x0, 0x0, 0x0, 0x0, 0x0, 0xdc, 0x3c, 0xfc,
    0x1d, 0x0, 0x0, 0x0, 0x0, 0x0, 0xdc, 0x3c,
    0xed, 0x0, 0x0, 0x5e, 0xde, 0xf2, 0x87, 0xda,
    0x3c, 0x64, 0x0, 0x3c, 0xed, 0x3e, 0xe, 0x83,
    0xff, 0x3c, 0x0, 0x0, 0x92, 0x88, 0x0, 0x0,
    0x1, 0xe7, 0x3c, 0x0, 0x0, 0x92, 0x87, 0x0,
    0x0, 0x1, 0xe7, 0x3c, 0x0, 0x0, 0x3d, 0xec,
    0x3c, 0xd, 0x80, 0xff, 0x3c, 0x0, 0x0, 0x0,
    0x60, 0xdf, 0xf3, 0x8a, 0xd2, 0x3c, 0x0, 0x0,

    /* U+0110 "Đ" */
    0x0, 0x24, 0xff, 0xff, 0xfd, 0xe4, 0x99, 0x17,
    0x0, 0x0, 0x24, 0xf8, 0xc, 0x11, 0x34, 0xa6,
    0xe0, 0x16, 0x0, 0x24, 0xf8, 0x0, 0x0, 0x0,
    0x0, 0xb4, 0x8e, 0x14, 0xdd, 0xfe, 0xd8, 0xd8,
    0x1b, 0x0, 0x5f, 0xcb, 0x0, 0x24, 0xf8, 0x0,
    0x0, 0x0, 0x0, 0x5f, 0xcb, 0x0, 0x24, 0xf8,
    0x0, 0x0, 0x0, 0x0, 0xb2, 0x8f, 0x0, 0x24,
    0xf8, 0xc, 0x10, 0x33, 0xa3, 0xe3, 0x18, 0x0,
    0x24, 0xff, 0xff, 0xfd, 0xe6, 0x9b, 0x19, 0x0,

    /* U+0111 "đ" */
    0x0, 0x0, 0x0, 0x80, 0xd8, 0xfa, 0xe1, 0x3,
    0x0, 0x0, 0x0, 0x0, 0x0, 0xdc, 0x3c, 0x0,
    0x0, 0x5e, 0xde, 0xf2, 0x87, 0xd8, 0x3c, 0x0,
    0x3c, 0xed, 0x3e, 0xe, 0x83, 0xff, 0x3c, 0x0,
    0x92, 0x88, 0x0, 0x0, 0x1, 0xe7, 0x3c, 0x0,
    0x92, 0x87, 0x0, 0x0, 0x1, 0xe7, 0x3c, 0x0,
    0x3d, 0xec, 0x3c, 0xd, 0x80, 0xff, 0x3c, 0x0,
    0x0, 0x60, 0xdf, 0xf3, 0x8a, 0xd2, 0x3c, 0x0,

    /* U+0112 "Ē" */
    0x0, 0x51, 0xd8, 0xd8, 0xd4, 0x0, 0x0, 0x0,
    0x0, 0x0, 0x0, 0x0, 0x24, 0xff, 0xff, 0xff,
    0xff, 0xe0, 0x24, 0xf8, 0xc, 0xc, 0xc, 0xa,
    0x24, 0xf8, 0x0, 0x0, 0x0, 0x0, 0x24, 0xff,
    0xe8, 0xe8, 0xe8, 0x74, 0x24, 0xf8, 0x18, 0x18,
    0x18, 0xc, 0x24, 0xf8, 0x0, 0x0, 0x0, 0x0,
    0x24, 0xf8, 0xc, 0xc, 0xc, 0xa, 0x24, 0xff,
    0xff, 0xff, 0xff, 0xe0,

    /* U+0113 "ē" */
    0x0, 0x5c, 0xdc, 0xdc, 0xce, 0x0, 0x0, 0x0,
    0x0, 0x0, 0x0, 0x0, 0x0, 0x0, 0x0, 0x5f,
    0xdc, 0xf2, 0xb7, 0x20, 0x0, 0x3e, 0xd9, 0x29,
    0xa, 0x77, 0xc6, 0x0, 0x92, 0xf0, 0xe0, 0xe0,
    0xe1, 0xee, 0x9, 0x92, 0x93, 0x0, 0x0, 0x1,
    0x5, 0x0, 0x3e, 0xf2, 0x45, 0xb, 0x83, 0xba,
    0x0, 0x0, 0x5d, 0xda, 0xf6, 0xbe, 0x26, 0x0,

    /* U+0114 "Ĕ" */
    0x0, 0xd, 0x6a, 0xc, 0x6c, 0x0, 0x0, 0x0,
    0x94, 0xd5, 0x61, 0x0, 0x0, 0x0, 0x0, 0x0,
    0x0, 0x0, 0x24, 0xff, 0xff, 0xff, 0xff, 0xe0,
    0x24, 0xf8, 0xc, 0xc, 0xc, 0xa, 0x24, 0xf8,
    0x0, 0x0, 0x0, 0x0, 0x24, 0xff, 0xe8, 0xe8,
    0xe8, 0x74, 0x24, 0xf8, 0x18, 0x18, 0x18, 0xc,
    0x24, 0xf8, 0x0, 0x0, 0x0, 0x0, 0x24, 0xf8,
    0xc, 0xc, 0xc, 0xa, 0x24, 0xff, 0xff, 0xff,
    0xff, 0xe0,

    /* U+0115 "ĕ" */
    0x0, 0x19, 0xba, 0xcb, 0x69, 0x0, 0x0, 0x0,
    0x0, 0x0, 0x0, 0x0, 0x0, 0x0, 0x0, 0x5f,
    0xdc, 0xf2, 0xb7, 0x20, 0x0, 0x3e, 0xd9, 0x29,
    0xa, 0x77, 0xc6, 0x0, 0x92, 0xf0, 0xe0, 0xe0,
    0xe1, 0xee, 0x9, 0x92, 0x93, 0x0, 0x0, 0x1,
    0x5, 0x0, 0x3e, 0xf2, 0x45, 0xb, 0x83, 0xba,
    0x0, 0x0, 0x5d, 0xda, 0xf6, 0xbe, 0x26, 0x0,

    /* U+0116 "Ė" */
    0x0, 0x0, 0x0, 0x0, 0x0, 0x0, 0x0, 0x0,
    0x1e, 0xdb, 0x0, 0x0, 0x0, 0x0, 0x0, 0x19,
    0x0, 0x0, 0x0, 0x0, 0x0, 0x0, 0x0, 0x0,
    0x24, 0xff, 0xff, 0xff, 0xff, 0xe0, 0x24, 0xf8,
    0xc, 0xc, 0xc, 0xa, 0x24, 0xf8, 0x0, 0x0,
    0x0, 0x0, 0x24, 0xff, 0xe8, 0xe8, 0xe8, 0x74,
    0x24, 0xf8, 0x18, 0x18, 0x18, 0xc, 0x24, 0xf8,
    0x0, 0x0, 0x0, 0x0, 0x24, 0xf8, 0xc, 0xc,
    0xc, 0xa, 0x24, 0xff, 0xff, 0xff, 0xff, 0xe0,

    /* U+0117 "ė" */
    0x0, 0x0, 0x46, 0xc8, 0x0, 0x0, 0x0, 0x0,
    0x0, 0xc, 0x35, 0x0, 0x0, 0x0, 0x0, 0x5f,
    0xdc, 0xf2, 0xb7, 0x20, 0x0, 0x3e, 0xd9, 0x29,
    0xa, 0x77, 0xc6, 0x0, 0x92, 0xf0, 0xe0, 0xe0,
    0xe1, 0xee, 0x9, 0x92, 0x93, 0x0, 0x0, 0x1,
    0x5, 0x0, 0x3e, 0xf2, 0x45, 0xb, 0x83, 0xba,
    0x0, 0x0, 0x5d, 0xda, 0xf6, 0xbe, 0x26, 0x0,

    /* U+0118 "Ę" */
    0x24, 0xff, 0xff, 0xff, 0xff, 0xe0, 0x0, 0x24,
    0xf8, 0xc, 0xc, 0xc, 0xa, 0x0, 0x24, 0xf8,
    0x0, 0x0, 0x0, 0x0, 0x0, 0x24, 0xf8, 0x0,
    0x0, 0x0, 0x0, 0x0, 0x24, 0xff, 0xe8, 0xe8,
    0xe8, 0x74, 0x0, 0x24, 0xf8, 0x18, 0x18, 0x18,
    0xc, 0x0, 0x24, 0xf8, 0xc, 0xc, 0xc, 0xa,
    0x0, 0x24, 0xff, 0xff, 0xff, 0xff, 0xe0, 0x0,
    0x0, 0x0, 0x0, 0x0, 0x99, 0x6f, 0x0, 0x0,
    0x0, 0x0, 0x0, 0xeb, 0x19, 0x0, 0x0, 0x0,
    0x0, 0x0, 0x88, 0xe7, 0xf,

    /* U+0119 "ę" */
    0x0, 0x5f, 0xdc, 0xf5, 0xa8, 0xb, 0x0, 0x3e,
    0xfc, 0x4e, 0x13, 0xb5, 0x8c, 0x0, 0x92, 0xb3,
    0x0, 0x0, 0x31, 0xec, 0x0, 0x92, 0xf0, 0xe0,
    0xe0, 0xe1, 0xef, 0xb, 0x3e, 0xc4, 0x22, 0x9,
    0x48, 0x69, 0x0, 0x0, 0x5b, 0xd7, 0xfc, 0xfd,
    0x64, 0x0, 0x0, 0x0, 0x8, 0xdf, 0x60, 0x0,
    0x0, 0x0, 0x0, 0x28, 0xdd, 0x0, 0x0, 0x0,
    0x0, 0x0, 0x2, 0xb7, 0xbf, 0x0, 0x0,

    /* U+011A "Ě" */
    0x0, 0x12, 0x73, 0x1b, 0x73, 0x2, 0x0, 0x0,
    0x85, 0xed, 0x4b, 0x0, 0x0, 0x0, 0x0, 0x0,
    0x0, 0x0, 0x24, 0xff, 0xff, 0xff, 0xff, 0xe0,
    0x24, 0xf8, 0xc, 0xc, 0xc, 0xa, 0x24, 0xf8,
    0x0, 0x0, 0x0, 0x0, 0x24, 0xff, 0xe8, 0xe8,
    0xe8, 0x74, 0x24, 0xf8, 0x18, 0x18, 0x18, 0xc,
    0x24, 0xf8, 0x0, 0x0, 0x0, 0x0, 0x24, 0xf8,
    0xc, 0xc, 0xc, 0xa, 0x24, 0xff, 0xff, 0xff,
    0xff, 0xe0,

    /* U+011B "ě" */
    0x0, 0x1e, 0xc3, 0xb3, 0x70, 0x0, 0x0, 0x0,
    0x0, 0xd, 0x1f, 0x0, 0x0, 0x0, 0x0, 0x5f,
    0xdc, 0xf2, 0xb7, 0x20, 0x0, 0x3e, 0xd9, 0x29,
    0xa, 0x77, 0xc6, 0x0, 0x92, 0xf0, 0xe0, 0xe0,
    0xe1, 0xee, 0x9, 0x92, 0x93, 0x0, 0x0, 0x1,
    0x5, 0x0, 0x3e, 0xf2, 0x45, 0xb, 0x83, 0xba,
    0x0, 0x0, 0x5d, 0xda, 0xf6, 0xbe, 0x26, 0x0,

    /* U+011C "Ĝ" */
    0x0, 0x0, 0x0, 0x1b, 0xd7, 0xc2, 0x6, 0x0,
    0x0, 0x0, 0x0, 0x0, 0x0, 0x51, 0x3b, 0x52,
    0x35, 0x0, 0x0, 0x0, 0x0, 0x0, 0x0, 0x0,
    0x0, 0x0, 0x0, 0x0, 0x0, 0x0, 0x0, 0x0,
    0x5d, 0xca, 0xf7, 0xf1, 0xb7, 0x3d, 0x0, 0x0,
    0x0, 0x92, 0xdf, 0x59, 0x1d, 0x22, 0x5d, 0x85,
    0x1, 0x0, 0x3b, 0xf1, 0x20, 0x0, 0x0, 0x0,
    0x0, 0x0, 0x0, 0x0, 0x82, 0xae, 0x0, 0x0,
    0x15, 0xe8, 0xe8, 0xe8, 0xe8, 0x18, 0x83, 0xad,
    0x0, 0x0, 0x2, 0x18, 0x18, 0x2d, 0xfe, 0xf,
    0x3b, 0xf1, 0x20, 0x0, 0x0, 0x0, 0x0, 0x76,
    0xcc, 0x0, 0x0, 0x92, 0xdf, 0x58, 0x1c, 0x23,
    0x7a, 0xf1, 0x3c, 0x0, 0x0, 0x0, 0x5e, 0xcb,
    0xf7, 0xf2, 0xb6, 0x33, 0x0, 0x0,

    /* U+011D "ĝ" */
    0x0, 0x8, 0xac, 0xc8, 0x57, 0x0, 0x0, 0x0,
    0xf, 0x20, 0x6, 0x29, 0x0, 0x0, 0x0, 0x5e,
    0xde, 0xf1, 0x84, 0xd2, 0x3c, 0x3c, 0xed, 0x3e,
    0xe, 0x83, 0xff, 0x3c, 0x92, 0x88, 0x0, 0x0,
    0x1, 0xe7, 0x3c, 0x92, 0x87, 0x0, 0x0, 0x1,
    0xe7, 0x3c, 0x3d, 0xec, 0x3c, 0xd, 0x80, 0xff,
    0x3c, 0x0, 0x60, 0xdf, 0xf2, 0x87, 0xd4, 0x3b,
    0x3, 0x35, 0x0, 0x0, 0x4, 0xef, 0x22, 0x38,
    0xf5, 0x43, 0xe, 0x89, 0xcf, 0x2, 0x0, 0x5e,
    0xdd, 0xf3, 0xb8, 0x22, 0x0,

    /* U+011E "Ğ" */
    0x0, 0x0, 0x0, 0x90, 0x59, 0x9b, 0x4f, 0x0,
    0x0, 0x0, 0x0, 0x0, 0x0, 0x1e, 0xc2, 0xa9,
    0x4, 0x0, 0x0, 0x0, 0x0, 0x0, 0x0, 0x0,
    0x0, 0x0, 0x0, 0x0, 0x0, 0x0, 0x0, 0x0,
    0x5d, 0xca, 0xf7, 0xf1, 0xb7, 0x3d, 0x0, 0x0,
    0x0, 0x92, 0xdf, 0x59, 0x1d, 0x22, 0x5d, 0x85,
    0x1, 0x0, 0x3b, 0xf1, 0x20, 0x0, 0x0, 0x0,
    0x0, 0x0, 0x0, 0x0, 0x82, 0xae, 0x0, 0x0,
    0x15, 0xe8, 0xe8, 0xe8, 0xe8, 0x18, 0x83, 0xad,
    0x0, 0x0, 0x2, 0x18, 0x18, 0x2d, 0xfe, 0xf,
    0x3b, 0xf1, 0x20, 0x0, 0x0, 0x0, 0x0, 0x76,
    0xcc, 0x0, 0x0, 0x92, 0xdf, 0x58, 0x1c, 0x23,
    0x7a, 0xf1, 0x3c, 0x0, 0x0, 0x0, 0x5e, 0xcb,
    0xf7, 0xf2, 0xb6, 0x33, 0x0, 0x0,

    /* U+011F "ğ" */
    0x0, 0x1, 0xa2, 0xcb, 0x98, 0x0, 0x0, 0x0,
    0x0, 0x0, 0x0, 0x0, 0x0, 0x0, 0x0, 0x5e,
    0xde, 0xf1, 0x84, 0xd2, 0x3c, 0x3c, 0xed, 0x3e,
    0xe, 0x83, 0xff, 0x3c, 0x92, 0x88, 0x0, 0x0,
    0x1, 0xe7, 0x3c, 0x92, 0x87, 0x0, 0x0, 0x1,
    0xe7, 0x3c, 0x3d, 0xec, 0x3c, 0xd, 0x80, 0xff,
    0x3c, 0x0, 0x60, 0xdf, 0xf2, 0x87, 0xd4, 0x3b,
    0x3, 0x35, 0x0, 0x0, 0x4, 0xef, 0x22, 0x38,
    0xf5, 0x43, 0xe, 0x89, 0xcf, 0x2, 0x0, 0x5e,
    0xdd, 0xf3, 0xb8, 0x22, 0x0,

    /* U+0120 "Ġ" */
    0x0, 0x0, 0x0, 0x0, 0x0, 0x0, 0x0, 0x0,
    0x0, 0x0, 0x0, 0x0, 0x0, 0x0, 0xba, 0x40,
    0x0, 0x0, 0x0, 0x0, 0x0, 0x0, 0x0, 0x0,
    0x16, 0x3, 0x0, 0x0, 0x0, 0x0, 0x0, 0x0,
    0x0, 0x0, 0x0, 0x0, 0x0, 0x0, 0x0, 0x0,
    0x0, 0x0, 0x5d, 0xca, 0xf7, 0xf1, 0xb7, 0x3d,
    0x0, 0x0, 0x0, 0x92, 0xdf, 0x59, 0x1d, 0x22,
    0x5d, 0x85, 0x1, 0x0, 0x3b, 0xf1, 0x20, 0x0,
    0x0, 0x0, 0x0, 0x0, 0x0, 0x0, 0x82, 0xae,
    0x0, 0x0, 0x15, 0xe8, 0xe8, 0xe8, 0xe8, 0x18,
    0x83, 0xad, 0x0, 0x0, 0x2, 0x18, 0x18, 0x2d,
    0xfe, 0xf, 0x3b, 0xf1, 0x20, 0x0, 0x0, 0x0,
    0x0, 0x76, 0xcc, 0x0, 0x0, 0x92, 0xdf, 0x58,
    0x1c, 0x23, 0x7a, 0xf1, 0x3c, 0x0, 0x0, 0x0,
    0x5e, 0xcb, 0xf7, 0xf2, 0xb6, 0x33, 0x0, 0x0,

    /* U+0121 "ġ" */
    0x0, 0x0, 0x27, 0xe1, 0x5, 0x0, 0x0, 0x0,
    0x0, 0x4, 0x3d, 0x0, 0x0, 0x0, 0x0, 0x5e,
    0xde, 0xf1, 0x84, 0xd2, 0x3c, 0x3c, 0xed, 0x3e,
    0xe, 0x83, 0xff, 0x3c, 0x92, 0x88, 0x0, 0x0,
    0x1, 0xe7, 0x3c, 0x92, 0x87, 0x0, 0x0, 0x1,
    0xe7, 0x3c, 0x3d, 0xec, 0x3c, 0xd, 0x80, 0xff,
    0x3c, 0x0, 0x60, 0xdf, 0xf2, 0x87, 0xd4, 0x3b,
    0x3, 0x35, 0x0, 0x0, 0x4, 0xef, 0x22, 0x38,
    0xf5, 0x43, 0xe, 0x89, 0xcf, 0x2, 0x0, 0x5e,
    0xdd, 0xf3, 0xb8, 0x22, 0x0,

    /* U+0122 "Ģ" */
    0x0, 0x0, 0x5d, 0xca, 0xf7, 0xf1, 0xb7, 0x3d,
    0x0, 0x0, 0x0, 0x92, 0xdf, 0x59, 0x1d, 0x22,
    0x5d, 0x85, 0x1, 0x0, 0x3b, 0xf1, 0x20, 0x0,
    0x0, 0x0, 0x0, 0x0, 0x0, 0x0, 0x82, 0xae,
    0x0, 0x0, 0x15, 0xe8, 0xe8, 0xe8, 0xe8, 0x18,
    0x83, 0xad, 0x0, 0x0, 0x2, 0x18, 0x18, 0x2d,
    0xfe, 0xf, 0x3b, 0xf1, 0x20, 0x0, 0x0, 0x0,
    0x0, 0x76, 0xcc, 0x0, 0x0, 0x92, 0xdf, 0x58,
    0x1c, 0x23, 0x7a, 0xf1, 0x3c, 0x0, 0x0, 0x0,
    0x5e, 0xcb, 0xf7, 0xf2, 0xb6, 0x33, 0x0, 0x0,
    0x0, 0x0, 0x0, 0x0, 0x30, 0x3d, 0x0, 0x0,
    0x0, 0x0, 0x0, 0x0, 0x0, 0x0, 0x79, 0xa9,
    0x0, 0x0, 0x0, 0x0, 0x0, 0x0, 0x0, 0x0,
    0x50, 0x27, 0x0, 0x0, 0x0, 0x0,

    /* U+0123 "ģ" */
    0x0, 0x0, 0x0, 0x73, 0x0, 0x0, 0x0, 0x0,
    0x0, 0x3c, 0xdf, 0x4, 0x0, 0x0, 0x0, 0x0,
    0x10, 0x5f, 0x0, 0x0, 0x0, 0x0, 0x5e, 0xde,
    0xf1, 0x84, 0xd2, 0x3c, 0x3c, 0xed, 0x3e, 0xe,
    0x83, 0xff, 0x3c, 0x92, 0x88, 0x0, 0x0, 0x1,
    0xe7, 0x3c, 0x92, 0x87, 0x0, 0x0, 0x1, 0xe7,
    0x3c, 0x3d, 0xec, 0x3c, 0xd, 0x80, 0xff, 0x3c,
    0x0, 0x60, 0xdf, 0xf2, 0x87, 0xd4, 0x3b, 0x3,
    0x35, 0x0, 0x0, 0x4, 0xef, 0x22, 0x38, 0xf5,
    0x43, 0xe, 0x89, 0xcf, 0x2, 0x0, 0x5e, 0xdd,
    0xf3, 0xb8, 0x22, 0x0,

    /* U+0124 "Ĥ" */
    0x0, 0x0, 0x0, 0x49, 0x66, 0x0, 0x0, 0x0,
    0x0, 0x0, 0x3e, 0xcc, 0xa9, 0x6a, 0x0, 0x0,
    0x0, 0x0, 0x0, 0x0, 0x0, 0x0, 0x0, 0x0,
    0x24, 0xf8, 0x0, 0x0, 0x0, 0x0, 0xbc, 0x60,
    0x24, 0xf8, 0x0, 0x0, 0x0, 0x0, 0xbc, 0x60,
    0x24, 0xf8, 0x0, 0x0, 0x0, 0x0, 0xbc, 0x60,
    0x24, 0xff, 0xe8, 0xe8, 0xe8, 0xe8, 0xf9, 0x60,
    0x24, 0xf8, 0x18, 0x18, 0x18, 0x18, 0xc2, 0x60,
    0x24, 0xf8, 0x0, 0x0, 0x0, 0x0, 0xbc, 0x60,
    0x24, 0xf8, 0x0, 0x0, 0x0, 0x0, 0xbc, 0x60,
    0x24, 0xf8, 0x0, 0x0, 0x0, 0x0, 0xbc, 0x60,

    /* U+0125 "ĥ" */
    0x0, 0x0, 0x27, 0x7c, 0xb, 0x0, 0x0, 0x15,
    0xd3, 0x88, 0xac, 0x1, 0x0, 0x0, 0x0, 0x0,
    0x0, 0x0, 0x54, 0xc8, 0x0, 0x0, 0x0, 0x0,
    0x54, 0xc8, 0x0, 0x0, 0x0, 0x0, 0x54, 0xcb,
    0xa3, 0xf5, 0xd2, 0x30, 0x54, 0xff, 0x63, 0xc,
    0x94, 0xb9, 0x54, 0xd8, 0x0, 0x0, 0x3d, 0xdd,
    0x54, 0xc8, 0x0, 0x0, 0x38, 0xe0, 0x54, 0xc8,
    0x0, 0x0, 0x38, 0xe0, 0x54, 0xc8, 0x0, 0x0,
    0x38, 0xe0,

    /* U+0126 "Ħ" */
    0x24, 0xf8, 0x0, 0x0, 0x0, 0x0, 0xbc, 0x60,
    0x0, 0xc9, 0xfe, 0xd8, 0xd8, 0xd8, 0xd8, 0xf5,
    0xe7, 0x1e, 0x24, 0xf8, 0x0, 0x0, 0x0, 0x0,
    0xbc, 0x60, 0x0, 0x24, 0xff, 0xe8, 0xe8, 0xe8,
    0xe8, 0xf9, 0x60, 0x0, 0x24, 0xf8, 0x18, 0x18,
    0x18, 0x18, 0xc2, 0x60, 0x0, 0x24, 0xf8, 0x0,
    0x0, 0x0, 0x0, 0xbc, 0x60, 0x0, 0x24, 0xf8,
    0x0, 0x0, 0x0, 0x0, 0xbc, 0x60, 0x0, 0x24,
    0xf8, 0x0, 0x0, 0x0, 0x0, 0xbc, 0x60, 0x0,

    /* U+0127 "ħ" */
    0x14, 0xe5, 0xf7, 0xd8, 0x6c, 0x0, 0x0, 0x0,
    0x54, 0xc8, 0x0, 0x0, 0x0, 0x0, 0x0, 0x54,
    0xc9, 0xa3, 0xf5, 0xd2, 0x30, 0x0, 0x54, 0xff,
    0x63, 0xc, 0x94, 0xb9, 0x0, 0x54, 0xd8, 0x0,
    0x0, 0x3d, 0xdd, 0x0, 0x54, 0xc8, 0x0, 0x0,
    0x38, 0xe0, 0x0, 0x54, 0xc8, 0x0, 0x0, 0x38,
    0xe0, 0x0, 0x54, 0xc8, 0x0, 0x0, 0x38, 0xe0,

    /* U+0128 "Ĩ" */
    0x27, 0xe1, 0x7e, 0x93, 0x5d, 0x85, 0x6e, 0xa1,
    0xd4, 0x11, 0x0, 0x0, 0x0, 0x0, 0x0, 0x0,
    0x24, 0xf8, 0x0, 0x0, 0x0, 0x24, 0xf8, 0x0,
    0x0, 0x0, 0x24, 0xf8, 0x0, 0x0, 0x0, 0x24,
    0xf8, 0x0, 0x0, 0x0, 0x24, 0xf8, 0x0, 0x0,
    0x0, 0x24, 0xf8, 0x0, 0x0, 0x0, 0x24, 0xf8,
    0x0, 0x0, 0x0, 0x24, 0xf8, 0x0, 0x0,

    /* U+0129 "ĩ" */
    0x6c, 0xf4, 0xf8, 0xe0, 0x26, 0x0, 0x0, 0x0,
    0x0, 0x0, 0x0, 0x3c, 0xe0, 0x0, 0x0, 0x0,
    0x3c, 0xe0, 0x0, 0x0, 0x0, 0x3c, 0xe0, 0x0,
    0x0, 0x0, 0x3c, 0xe0, 0x0, 0x0, 0x0, 0x3c,
    0xe0, 0x0, 0x0, 0x0, 0x3c, 0xe0, 0x0, 0x0,

    /* U+012A "Ī" */
    0x10, 0xd8, 0xd8, 0xc3, 0x0, 0x0, 0x0, 0x0,
    0x0, 0x24, 0xf8, 0x0, 0x0, 0x24, 0xf8, 0x0,
    0x0, 0x24, 0xf8, 0x0, 0x0, 0x24, 0xf8, 0x0,
    0x0, 0x24, 0xf8, 0x0, 0x0, 0x24, 0xf8, 0x0,
    0x0, 0x24, 0xf8, 0x0, 0x0, 0x24, 0xf8, 0x0,

    /* U+012B "ī" */
    0x4f, 0xdc, 0xdc, 0xdc, 0x0, 0x0, 0x0, 0x0,
    0x0, 0x3c, 0xe0, 0x0, 0x0, 0x3c, 0xe0, 0x0,
    0x0, 0x3c, 0xe0, 0x0, 0x0, 0x3c, 0xe0, 0x0,
    0x0, 0x3c, 0xe0, 0x0, 0x0, 0x3c, 0xe0, 0x0,

    /* U+012C "Ĭ" */
    0x9, 0x70, 0x8, 0x71, 0x0, 0x8e, 0xd6, 0x6b,
    0x0, 0x0, 0x0, 0x0, 0x0, 0x24, 0xf8, 0x0,
    0x0, 0x24, 0xf8, 0x0, 0x0, 0x24, 0xf8, 0x0,
    0x0, 0x24, 0xf8, 0x0, 0x0, 0x24, 0xf8, 0x0,
    0x0, 0x24, 0xf8, 0x0, 0x0, 0x24, 0xf8, 0x0,
    0x0, 0x24, 0xf8, 0x0,

    /* U+012D "ĭ" */
    0xf, 0xb4, 0xcb, 0x79, 0x0, 0x0, 0x0, 0x0,
    0x0, 0x3c, 0xe0, 0x0, 0x0, 0x3c, 0xe0, 0x0,
    0x0, 0x3c, 0xe0, 0x0, 0x0, 0x3c, 0xe0, 0x0,
    0x0, 0x3c, 0xe0, 0x0, 0x0, 0x3c, 0xe0, 0x0,

    /* U+012E "Į" */
    0x24, 0xf8, 0x0, 0x24, 0xf8, 0x0, 0x24, 0xf8,
    0x0, 0x24, 0xf8, 0x0, 0x24, 0xf8, 0x0, 0x24,
    0xf8, 0x0, 0x24, 0xf8, 0x0, 0x24, 0xf8, 0x0,
    0x53, 0xbc, 0x0, 0xce, 0x33, 0x0, 0x7f, 0xec,
    0x21,

    /* U+012F "į" */
    0x4a, 0xdb, 0x5, 0x1c, 0x69, 0x0, 0x3c, 0xe0,
    0x0, 0x3c, 0xe0, 0x0, 0x3c, 0xe0, 0x0, 0x3c,
    0xe0, 0x0, 0x3c, 0xe0, 0x0, 0x3c, 0xe0, 0x0,
    0x7d, 0x8e, 0x0, 0xe9, 0x16, 0x0, 0x91, 0xe6,
    0xe,

    /* U+0130 "İ" */
    0x0, 0x0, 0x0, 0x18, 0xe0, 0x1, 0x0, 0x19,
    0x0, 0x0, 0x0, 0x0, 0x24, 0xf8, 0x0, 0x24,
    0xf8, 0x0, 0x24, 0xf8, 0x0, 0x24, 0xf8, 0x0,
    0x24, 0xf8, 0x0, 0x24, 0xf8, 0x0, 0x24, 0xf8,
    0x0, 0x24, 0xf8, 0x0,

    /* U+0131 "ı" */
    0x3c, 0xe0, 0x3c, 0xe0, 0x3c, 0xe0, 0x3c, 0xe0,
    0x3c, 0xe0, 0x3c, 0xe0,

    /* U+0134 "Ĵ" */
    0x0, 0x0, 0x0, 0xf, 0xce, 0xcf, 0x10, 0x0,
    0x0, 0x0, 0x45, 0x49, 0x46, 0x43, 0x0, 0x0,
    0x0, 0x0, 0x0, 0x0, 0x0, 0x0, 0x0, 0x0,
    0x0, 0x88, 0x90, 0x0, 0x0, 0x0, 0x0, 0x0,
    0x88, 0x90, 0x0, 0x0, 0x0, 0x0, 0x0, 0x88,
    0x90, 0x0, 0x0, 0x0, 0x0, 0x0, 0x88, 0x90,
    0x0, 0x0, 0x0, 0x0, 0x0, 0x88, 0x90, 0x0,
    0x8, 0x17, 0x0, 0x0, 0x8f, 0x88, 0x0, 0x80,
    0xc8, 0x23, 0x2e, 0xe2, 0x51, 0x0, 0x6, 0x96,
    0xef, 0xea, 0x87, 0x0, 0x0,

    /* U+0135 "ĵ" */
    0xd, 0xad, 0xba, 0x62, 0x0, 0x7, 0xe, 0x1,
    0x13, 0x0, 0x0, 0x3c, 0xe0, 0x0, 0x0, 0x0,
    0x3c, 0xe0, 0x0, 0x0, 0x0, 0x3c, 0xe0, 0x0,
    0x0, 0x0, 0x3c, 0xe0, 0x0, 0x0, 0x0, 0x3c,
    0xe0, 0x0, 0x0, 0x0, 0x3c, 0xe0, 0x0, 0x0,
    0x0, 0x3c, 0xdf, 0x0, 0x0, 0x2, 0x61, 0xcb,
    0x0, 0x0, 0x63, 0xed, 0x54, 0x0, 0x0,

    /* U+0136 "Ķ" */
    0x24, 0xf8, 0x0, 0x0, 0x1, 0xa7, 0xc2, 0x9,
    0x24, 0xf8, 0x0, 0x0, 0x92, 0xcf, 0xf, 0x0,
    0x24, 0xf8, 0x0, 0x7d, 0xda, 0x16, 0x0, 0x0,
    0x24, 0xf8, 0x66, 0xff, 0x3d, 0x0, 0x0, 0x0,
    0x24, 0xfe, 0xe9, 0xa5, 0xc6, 0x5, 0x0, 0x0,
    0x24, 0xfd, 0x35, 0x5, 0xc8, 0x8c, 0x0, 0x0,
    0x24, 0xf8, 0x0, 0x0, 0x1f, 0xed, 0x4e, 0x0,
    0x24, 0xf8, 0x0, 0x0, 0x0, 0x4d, 0xed, 0x20,
    0x0, 0x0, 0x0, 0x53, 0x1a, 0x0, 0x0, 0x0,
    0x0, 0x0, 0x0, 0xc5, 0x5d, 0x0, 0x0, 0x0,
    0x0, 0x0, 0x0, 0x73, 0x4, 0x0, 0x0, 0x0,

    /* U+0137 "ķ" */
    0x54, 0xc8, 0x0, 0x0, 0x0, 0x0, 0x54, 0xc8,
    0x0, 0x0, 0x0, 0x0, 0x54, 0xc8, 0x0, 0x37,
    0xed, 0x4f, 0x54, 0xc8, 0x30, 0xeb, 0x53, 0x0,
    0x54, 0xe2, 0xeb, 0xa2, 0x0, 0x0, 0x54, 0xfd,
    0x80, 0xf3, 0x31, 0x0, 0x54, 0xc9, 0x0, 0x78,
    0xd1, 0x5, 0x54, 0xc8, 0x0, 0x3, 0xcc, 0x82,
    0x0, 0x0, 0x41, 0x2d, 0x0, 0x0, 0x0, 0x0,
    0x9d, 0x89, 0x0, 0x0, 0x0, 0x0, 0x65, 0x13,
    0x0, 0x0,

    /* U+0138 "ĸ" */
    0x54, 0xc8, 0x0, 0x40, 0xef, 0x3b, 0x54, 0xc8,
    0x2b, 0xeb, 0x4b, 0x0, 0x54, 0xdc, 0xe2, 0x60,
    0x0, 0x0, 0x54, 0xcc, 0xbb, 0x95, 0x0, 0x0,
    0x54, 0xc8, 0xf, 0xd6, 0x73, 0x0, 0x54, 0xc8,
    0x0, 0x22, 0xe8, 0x52,

    /* U+0139 "Ĺ" */
    0x0, 0x47, 0x51, 0x0, 0x0, 0x0, 0x1, 0xd7,
    0x30, 0x0, 0x0, 0x0, 0x0, 0x0, 0x0, 0x0,
    0x0, 0x0, 0x24, 0xf8, 0x0, 0x0, 0x0, 0x0,
    0x24, 0xf8, 0x0, 0x0, 0x0, 0x0, 0x24, 0xf8,
    0x0, 0x0, 0x0, 0x0, 0x24, 0xf8, 0x0, 0x0,
    0x0, 0x0, 0x24, 0xf8, 0x0, 0x0, 0x0, 0x0,
    0x24, 0xf8, 0x0, 0x0, 0x0, 0x0, 0x24, 0xf8,
    0xc, 0xc, 0xc, 0x8, 0x24, 0xff, 0xff, 0xff,
    0xff, 0xb0,

    /* U+013A "ĺ" */
    0x0, 0x60, 0x36, 0x13, 0xe4, 0x10, 0x0, 0x0,
    0x0, 0x54, 0xc8, 0x0, 0x54, 0xc8, 0x0, 0x54,
    0xc8, 0x0, 0x54, 0xc8, 0x0, 0x54, 0xc8, 0x0,
    0x54, 0xc8, 0x0, 0x54, 0xc8, 0x0, 0x54, 0xc8,
    0x0,

    /* U+013B "Ļ" */
    0x24, 0xf8, 0x0, 0x0, 0x0, 0x0, 0x24, 0xf8,
    0x0, 0x0, 0x0, 0x0, 0x24, 0xf8, 0x0, 0x0,
    0x0, 0x0, 0x24, 0xf8, 0x0, 0x0, 0x0, 0x0,
    0x24, 0xf8, 0x0, 0x0, 0x0, 0x0, 0x24, 0xf8,
    0x0, 0x0, 0x0, 0x0, 0x24, 0xf8, 0xc, 0xc,
    0xc, 0x8, 0x24, 0xff, 0xff, 0xff, 0xff, 0xb0,
    0x0, 0x0, 0x18, 0x57, 0x0, 0x0, 0x0, 0x0,
    0x43, 0xe2, 0x0, 0x0, 0x0, 0x0, 0x25, 0x53,
    0x0, 0x0,

    /* U+013C "ļ" */
    0x54, 0xc8, 0x54, 0xc8, 0x54, 0xc8, 0x54, 0xc8,
    0x54, 0xc8, 0x54, 0xc8, 0x54, 0xc8, 0x54, 0xc8,
    0x1d, 0x50, 0x4d, 0xd4, 0x2e, 0x48,

    /* U+013D "Ľ" */
    0x24, 0xf8, 0x0, 0x54, 0xc8, 0x0, 0x24, 0xf8,
    0x0, 0x54, 0x9b, 0x0, 0x24, 0xf8, 0x0, 0x28,
    0x3b, 0x0, 0x24, 0xf8, 0x0, 0x0, 0x0, 0x0,
    0x24, 0xf8, 0x0, 0x0, 0x0, 0x0, 0x24, 0xf8,
    0x0, 0x0, 0x0, 0x0, 0x24, 0xf8, 0xc, 0xc,
    0xc, 0x8, 0x24, 0xff, 0xff, 0xff, 0xff, 0xb0,

    /* U+013E "ľ" */
    0x18, 0xff, 0x3c, 0xe4, 0x18, 0xff, 0x3c, 0xb7,
    0x18, 0xff, 0x1f, 0x48, 0x18, 0xff, 0x4, 0x0,
    0x18, 0xff, 0x4, 0x0, 0x18, 0xff, 0x4, 0x0,
    0x18, 0xff, 0x4, 0x0, 0x18, 0xff, 0x4, 0x0,

    /* U+013F "Ŀ" */
    0x24, 0xf8, 0x0, 0x0, 0x0, 0x0, 0x24, 0xf8,
    0x0, 0x0, 0x0, 0x0, 0x24, 0xf8, 0x0, 0x0,
    0x0, 0x0, 0x24, 0xf8, 0x0, 0xcb, 0x6f, 0x0,
    0x24, 0xf8, 0x0, 0x6b, 0x34, 0x0, 0x24, 0xf8,
    0x0, 0x0, 0x0, 0x0, 0x24, 0xf8, 0xc, 0xc,
    0xc, 0x8, 0x24, 0xff, 0xff, 0xff, 0xff, 0xb0,

    /* U+0141 "Ł" */
    0x0, 0x38, 0xe0, 0x0, 0x0, 0x0, 0x0, 0x0,
    0x38, 0xe0, 0x0, 0x0, 0x0, 0x0, 0x0, 0x38,
    0xe0, 0x3c, 0x6b, 0x0, 0x0, 0x0, 0x3e, 0xfd,
    0xcb, 0x3d, 0x0, 0x0, 0x39, 0xea, 0xe3, 0x1,
    0x0, 0x0, 0x0, 0x6, 0x4c, 0xe0, 0x0, 0x0,
    0x0, 0x0, 0x0, 0x38, 0xe1, 0xc, 0xc, 0xc,
    0x7, 0x0, 0x38, 0xff, 0xff, 0xff, 0xff, 0x98,

    /* U+0142 "ł" */
    0x0, 0x6c, 0xb0, 0x0, 0x0, 0x0, 0x6c, 0xb0,
    0x0, 0x0, 0x0, 0x6c, 0xbc, 0x64, 0x0, 0x0,
    0x80, 0xfb, 0x83, 0x2, 0x5b, 0xf4, 0xb0, 0x0,
    0x0, 0x7, 0x70, 0xb0, 0x0, 0x0, 0x0, 0x6c,
    0xb0, 0x0, 0x0, 0x0, 0x6c, 0xb0, 0x0, 0x0,

    /* U+0143 "Ń" */
    0x0, 0x0, 0x0, 0x0, 0x54, 0x43, 0x0, 0x0,
    0x0, 0x0, 0x0, 0x7, 0xe2, 0x1d, 0x0, 0x0,
    0x0, 0x0, 0x0, 0x0, 0x0, 0x0, 0x0, 0x0,
    0x24, 0xff, 0x89, 0x0, 0x0, 0x0, 0x9c, 0x7c,
    0x24, 0xf6, 0xe8, 0x39, 0x0, 0x0, 0x9c, 0x7c,
    0x24, 0xf3, 0x57, 0xd9, 0x9, 0x0, 0x9c, 0x7c,
    0x24, 0xf7, 0x0, 0xab, 0x8f, 0x0, 0x9c, 0x7c,
    0x24, 0xf8, 0x0, 0x15, 0xe8, 0x3d, 0x9b, 0x7c,
    0x24, 0xf8, 0x0, 0x0, 0x55, 0xdc, 0xa1, 0x7c,
    0x24, 0xf8, 0x0, 0x0, 0x0, 0xa9, 0xf9, 0x7c,
    0x24, 0xf8, 0x0, 0x0, 0x0, 0x14, 0xe9, 0x7c,

    /* U+0144 "ń" */
    0x0, 0x0, 0x0, 0xb9, 0x65, 0x0, 0x0, 0x0,
    0x6, 0x7a, 0x2, 0x0, 0x54, 0xc3, 0xa3, 0xf5,
    0xd2, 0x30, 0x54, 0xff, 0x5a, 0xb, 0x94, 0xb9,
    0x54, 0xd5, 0x0, 0x0, 0x3c, 0xdd, 0x54, 0xc8,
    0x0, 0x0, 0x38, 0xe0, 0x54, 0xc8, 0x0, 0x0,
    0x38, 0xe0, 0x54, 0xc8, 0x0, 0x0, 0x38, 0xe0,

    /* U+0145 "Ņ" */
    0x24, 0xff, 0x89, 0x0, 0x0, 0x0, 0x9c, 0x7c,
    0x24, 0xf6, 0xe8, 0x39, 0x0, 0x0, 0x9c, 0x7c,
    0x24, 0xf3, 0x57, 0xd9, 0x9, 0x0, 0x9c, 0x7c,
    0x24, 0xf7, 0x0, 0xab, 0x8f, 0x0, 0x9c, 0x7c,
    0x24, 0xf8, 0x0, 0x15, 0xe8, 0x3d, 0x9b, 0x7c,
    0x24, 0xf8, 0x0, 0x0, 0x55, 0xdc, 0xa1, 0x7c,
    0x24, 0xf8, 0x0, 0x0, 0x0, 0xa9, 0xf9, 0x7c,
    0x24, 0xf8, 0x0, 0x0, 0x0, 0x14, 0xe9, 0x7c,
    0x0, 0x0, 0x0, 0x22, 0x4b, 0x0, 0x0, 0x0,
    0x0, 0x0, 0x0, 0x59, 0xc9, 0x0, 0x0, 0x0,
    0x0, 0x0, 0x0, 0x38, 0x3f, 0x0, 0x0, 0x0,

    /* U+0146 "ņ" */
    0x54, 0xc3, 0xa3, 0xf5, 0xd2, 0x30, 0x54, 0xff,
    0x5a, 0xb, 0x94, 0xb9, 0x54, 0xd5, 0x0, 0x0,
    0x3c, 0xdd, 0x54, 0xc8, 0x0, 0x0, 0x38, 0xe0,
    0x54, 0xc8, 0x0, 0x0, 0x38, 0xe0, 0x54, 0xc8,
    0x0, 0x0, 0x38, 0xe0, 0x0, 0x0, 0x18, 0x57,
    0x0, 0x0, 0x0, 0x0, 0x43, 0xe2, 0x0, 0x0,
    0x0, 0x0, 0x25, 0x53, 0x0, 0x0,

    /* U+0147 "Ň" */
    0x0, 0x0, 0x23, 0x66, 0x29, 0x63, 0x0, 0x0,
    0x0, 0x0, 0x0, 0xa8, 0xe4, 0x30, 0x0, 0x0,
    0x0, 0x0, 0x0, 0x0, 0x0, 0x0, 0x0, 0x0,
    0x24, 0xff, 0x89, 0x0, 0x0, 0x0, 0x9c, 0x7c,
    0x24, 0xf6, 0xe8, 0x39, 0x0, 0x0, 0x9c, 0x7c,
    0x24, 0xf3, 0x57, 0xd9, 0x9, 0x0, 0x9c, 0x7c,
    0x24, 0xf7, 0x0, 0xab, 0x8f, 0x0, 0x9c, 0x7c,
    0x24, 0xf8, 0x0, 0x15, 0xe8, 0x3d, 0x9b, 0x7c,
    0x24, 0xf8, 0x0, 0x0, 0x55, 0xdc, 0xa1, 0x7c,
    0x24, 0xf8, 0x0, 0x0, 0x0, 0xa9, 0xf9, 0x7c,
    0x24, 0xf8, 0x0, 0x0, 0x0, 0x14, 0xe9, 0x7c,

    /* U+0148 "ň" */
    0x0, 0x15, 0xc0, 0xac, 0x83, 0x0, 0x0, 0x0,
    0xa, 0x22, 0x0, 0x0, 0x54, 0xc3, 0xa3, 0xf5,
    0xd2, 0x30, 0x54, 0xff, 0x5a, 0xb, 0x94, 0xb9,
    0x54, 0xd5, 0x0, 0x0, 0x3c, 0xdd, 0x54, 0xc8,
    0x0, 0x0, 0x38, 0xe0, 0x54, 0xc8, 0x0, 0x0,
    0x38, 0xe0, 0x54, 0xc8, 0x0, 0x0, 0x38, 0xe0,

    /* U+014A "Ŋ" */
    0x24, 0xff, 0x89, 0x0, 0x0, 0x0, 0x9c, 0x7c,
    0x24, 0xf6, 0xe8, 0x39, 0x0, 0x0, 0x9c, 0x7c,
    0x24, 0xf3, 0x54, 0xd9, 0x9, 0x0, 0x9c, 0x7c,
    0x24, 0xf7, 0x0, 0xa6, 0x8f, 0x0, 0x9c, 0x7c,
    0x24, 0xf8, 0x0, 0x11, 0xe3, 0x3d, 0x9b, 0x7c,
    0x24, 0xf8, 0x0, 0x0, 0x49, 0xdb, 0xa1, 0x7c,
    0x24, 0xf8, 0x0, 0x0, 0x0, 0x9a, 0xf9, 0x7c,
    0x24, 0xf8, 0x0, 0x0, 0x0, 0xc, 0xde, 0x7c,
    0x0, 0x0, 0x0, 0x0, 0x0, 0x0, 0x9c, 0x7c,
    0x0, 0x0, 0x0, 0x0, 0x0, 0x6, 0xc0, 0x6e,
    0x0, 0x0, 0x0, 0x0, 0x0, 0xc2, 0xd0, 0x19,

    /* U+014B "ŋ" */
    0x54, 0xc3, 0xa3, 0xf5, 0xcf, 0x2c, 0x54, 0xff,
    0x5a, 0xb, 0x95, 0xb5, 0x54, 0xd5, 0x0, 0x0,
    0x3d, 0xdc, 0x54, 0xc8, 0x0, 0x0, 0x38, 0xe0,
    0x54, 0xc8, 0x0, 0x0, 0x38, 0xe0, 0x54, 0xc8,
    0x0, 0x0, 0x38, 0xe0, 0x0, 0x0, 0x0, 0x0,
    0x38, 0xe0, 0x0, 0x0, 0x0, 0x2, 0x5e, 0xcf,
    0x0, 0x0, 0x0, 0x60, 0xed, 0x57,

    /* U+014C "Ō" */
    0x0, 0x0, 0x0, 0xaf, 0xd8, 0xd8, 0x76, 0x0,
    0x0, 0x0, 0x0, 0x0, 0x0, 0x0, 0x0, 0x0,
    0x0, 0x0, 0x0, 0x0, 0x0, 0x0, 0x0, 0x0,
    0x0, 0x0, 0x0, 0x0, 0x0, 0x0, 0x0, 0x0,
    0x61, 0xcd, 0xf7, 0xf1, 0xb5, 0x36, 0x0, 0x0,
    0x0, 0x96, 0xdd, 0x55, 0x1b, 0x26, 0x77, 0xef,
    0x4e, 0x0, 0x3c, 0xf0, 0x1f, 0x0, 0x0, 0x0,
    0x0, 0x58, 0xeb, 0x7, 0x82, 0xad, 0x0, 0x0,
    0x0, 0x0, 0x0, 0x2, 0xf3, 0x39, 0x83, 0xad,
    0x0, 0x0, 0x0, 0x0, 0x0, 0x2, 0xf3, 0x39,
    0x3c, 0xf0, 0x1e, 0x0, 0x0, 0x0, 0x0, 0x58,
    0xec, 0x7, 0x0, 0x96, 0xdd, 0x55, 0x1b, 0x25,
    0x76, 0xf0, 0x51, 0x0, 0x0, 0x0, 0x62, 0xce,
    0xf8, 0xf2, 0xb6, 0x38, 0x0, 0x0,

    /* U+014D "ō" */
    0x0, 0x44, 0xdc, 0xdc, 0xdc, 0xa, 0x0, 0x0,
    0x0, 0x0, 0x0, 0x0, 0x0, 0x0, 0x0, 0x59,
    0xd7, 0xf3, 0xc0, 0x2c, 0x0, 0x3c, 0xec, 0x41,
    0xd, 0x70, 0xe4, 0xe, 0x91, 0x88, 0x0, 0x0,
    0x0, 0xd0, 0x4c, 0x92, 0x87, 0x0, 0x0, 0x0,
    0xd0, 0x4c, 0x3d, 0xec, 0x3e, 0xc, 0x6d, 0xe5,
    0xf, 0x0, 0x59, 0xd7, 0xf4, 0xc0, 0x2d, 0x0,

    /* U+014E "Ŏ" */
    0x0, 0x0, 0x0, 0x94, 0x57, 0x9f, 0x4b, 0x0,
    0x0, 0x0, 0x0, 0x0, 0x0, 0x20, 0xc3, 0xa7,
    0x3, 0x0, 0x0, 0x0, 0x0, 0x0, 0x0, 0x0,
    0x0, 0x0, 0x0, 0x0, 0x0, 0x0, 0x0, 0x0,
    0x61, 0xcd, 0xf7, 0xf1, 0xb5, 0x36, 0x0, 0x0,
    0x0, 0x96, 0xdd, 0x55, 0x1b, 0x26, 0x77, 0xef,
    0x4e, 0x0, 0x3c, 0xf0, 0x1f, 0x0, 0x0, 0x0,
    0x0, 0x58, 0xeb, 0x7, 0x82, 0xad, 0x0, 0x0,
    0x0, 0x0, 0x0, 0x2, 0xf3, 0x39, 0x83, 0xad,
    0x0, 0x0, 0x0, 0x0, 0x0, 0x2, 0xf3, 0x39,
    0x3c, 0xf0, 0x1e, 0x0, 0x0, 0x0, 0x0, 0x58,
    0xec, 0x7, 0x0, 0x96, 0xdd, 0x55, 0x1b, 0x25,
    0x76, 0xf0, 0x51, 0x0, 0x0, 0x0, 0x62, 0xce,
    0xf8, 0xf2, 0xb6, 0x38, 0x0, 0x0,

    /* U+014F "ŏ" */
    0x0, 0xa, 0xaf, 0xcb, 0x81, 0x0, 0x0, 0x0,
    0x0, 0x0, 0x0, 0x0, 0x0, 0x0, 0x0, 0x59,
    0xd7, 0xf3, 0xc0, 0x2c, 0x0, 0x3c, 0xec, 0x41,
    0xd, 0x70, 0xe4, 0xe, 0x91, 0x88, 0x0, 0x0,
    0x0, 0xd0, 0x4c, 0x92, 0x87, 0x0, 0x0, 0x0,
    0xd0, 0x4c, 0x3d, 0xec, 0x3e, 0xc, 0x6d, 0xe5,
    0xf, 0x0, 0x59, 0xd7, 0xf4, 0xc0, 0x2d, 0x0,

    /* U+0150 "Ő" */
    0x0, 0x0, 0x0, 0x31, 0xe1, 0x42, 0xdf, 0x7,
    0x0, 0x0, 0x0, 0x0, 0x0, 0x42, 0x40, 0x46,
    0x3e, 0x0, 0x0, 0x0, 0x0, 0x0, 0x0, 0x0,
    0x0, 0x0, 0x0, 0x0, 0x0, 0x0, 0x0, 0x0,
    0x61, 0xcd, 0xf7, 0xf1, 0xb5, 0x36, 0x0, 0x0,
    0x0, 0x96, 0xdd, 0x55, 0x1b, 0x26, 0x77, 0xef,
    0x4e, 0x0, 0x3c, 0xf0, 0x1f, 0x0, 0x0, 0x0,
    0x0, 0x58, 0xeb, 0x7, 0x82, 0xad, 0x0, 0x0,
    0x0, 0x0, 0x0, 0x2, 0xf3, 0x39, 0x83, 0xad,
    0x0, 0x0, 0x0, 0x0, 0x0, 0x2, 0xf3, 0x39,
    0x3c, 0xf0, 0x1e, 0x0, 0x0, 0x0, 0x0, 0x58,
    0xec, 0x7, 0x0, 0x96, 0xdd, 0x55, 0x1b, 0x25,
    0x76, 0xf0, 0x51, 0x0, 0x0, 0x0, 0x62, 0xce,
    0xf8, 0xf2, 0xb6, 0x38, 0x0, 0x0,

    /* U+0151 "ő" */
    0x0, 0x0, 0xb1, 0x6e, 0xb5, 0x6a, 0x0, 0x0,
    0x3, 0x7c, 0x9, 0x7c, 0x4, 0x0, 0x0, 0x59,
    0xd7, 0xf3, 0xc0, 0x2c, 0x0, 0x3c, 0xec, 0x41,
    0xd, 0x70, 0xe4, 0xe, 0x91, 0x88, 0x0, 0x0,
    0x0, 0xd0, 0x4c, 0x92, 0x87, 0x0, 0x0, 0x0,
    0xd0, 0x4c, 0x3d, 0xec, 0x3e, 0xc, 0x6d, 0xe5,
    0xf, 0x0, 0x59, 0xd7, 0xf4, 0xc0, 0x2d, 0x0,

    /* U+0152 "Œ" */
    0x0, 0x0, 0x61, 0xcd, 0xf7, 0xf2, 0xbb, 0x40,
    0xdc, 0xff, 0xff, 0xff, 0xff, 0x2c, 0x0, 0x96,
    0xdd, 0x55, 0x1b, 0x26, 0x77, 0xf2, 0xf9, 0x49,
    0xc, 0xc, 0xc, 0x2, 0x3c, 0xf0, 0x1f, 0x0,
    0x0, 0x0, 0x0, 0x58, 0xff, 0x40, 0x0, 0x0,
    0x0, 0x0, 0x82, 0xad, 0x0, 0x0, 0x0, 0x0,
    0x0, 0x2, 0xf3, 0xee, 0xe8, 0xe8, 0xb5, 0x0,
    0x83, 0xad, 0x0, 0x0, 0x0, 0x0, 0x0, 0x2,
    0xf3, 0x52, 0x18, 0x18, 0x12, 0x0, 0x3c, 0xf0,
    0x1e, 0x0, 0x0, 0x0, 0x0, 0x58, 0xff, 0x40,
    0x0, 0x0, 0x0, 0x0, 0x0, 0x96, 0xdd, 0x55,
    0x1b, 0x25, 0x76, 0xee, 0xf6, 0x49, 0xc, 0xc,
    0xc, 0x2, 0x0, 0x0, 0x62, 0xce, 0xf8, 0xf2,
    0xb8, 0x39, 0xdc, 0xff, 0xff, 0xff, 0xff, 0x2c,

    /* U+0153 "œ" */
    0x0, 0x59, 0xd7, 0xf6, 0xc3, 0x2e, 0x62, 0xe0,
    0xf1, 0xb4, 0x20, 0x0, 0x3c, 0xec, 0x41, 0xd,
    0x70, 0xee, 0xd3, 0x26, 0xa, 0x7a, 0xc4, 0x0,
    0x91, 0x88, 0x0, 0x0, 0x0, 0xd0, 0xef, 0xe0,
    0xe0, 0xe1, 0xee, 0x8, 0x91, 0x87, 0x0, 0x0,
    0x0, 0xd0, 0x8c, 0x0, 0x0, 0x1, 0x5, 0x0,
    0x3b, 0xeb, 0x3e, 0xc, 0x6d, 0xe2, 0xee, 0x43,
    0xb, 0x83, 0xb8, 0x0, 0x0, 0x59, 0xd7, 0xf7,
    0xbf, 0x25, 0x59, 0xdf, 0xf7, 0xbd, 0x25, 0x0,

    /* U+0154 "Ŕ" */
    0x0, 0x0, 0x0, 0x58, 0x3f, 0x0, 0x0, 0x0,
    0x0, 0xa, 0xe4, 0x19, 0x0, 0x0, 0x0, 0x0,
    0x0, 0x0, 0x0, 0x0, 0x0, 0x24, 0xff, 0xff,
    0xff, 0xe4, 0x79, 0x0, 0x24, 0xf8, 0xc, 0xc,
    0x32, 0xe0, 0x53, 0x24, 0xf8, 0x0, 0x0, 0x13,
    0xd4, 0x5c, 0x24, 0xff, 0xe8, 0xe8, 0xee, 0x8c,
    0x2, 0x24, 0xf8, 0x18, 0x95, 0xb0, 0x0, 0x0,
    0x24, 0xf8, 0x0, 0xf, 0xe9, 0x4b, 0x0, 0x24,
    0xf8, 0x0, 0x0, 0x61, 0xde, 0x8, 0x24, 0xf8,
    0x0, 0x0, 0x1, 0xc7, 0x82,

    /* U+0155 "ŕ" */
    0x0, 0x0, 0xa9, 0x75, 0x0, 0x0, 0x1, 0x7a,
    0x7, 0x0, 0x54, 0xc9, 0xb4, 0xf5, 0x24, 0x54,
    0xfe, 0x4d, 0x0, 0x0, 0x54, 0xd1, 0x0, 0x0,
    0x0, 0x54, 0xc8, 0x0, 0x0, 0x0, 0x54, 0xc8,
    0x0, 0x0, 0x0, 0x54, 0xc8, 0x0, 0x0, 0x0,

    /* U+0156 "Ŗ" */
    0x24, 0xff, 0xff, 0xff, 0xe4, 0x79, 0x0, 0x24,
    0xf8, 0xc, 0xc, 0x32, 0xe0, 0x53, 0x24, 0xf8,
    0x0, 0x0, 0x13, 0xd4, 0x5c, 0x24, 0xff, 0xe8,
    0xe8, 0xee, 0x8c, 0x2, 0x24, 0xf8, 0x18, 0x95,
    0xb0, 0x0, 0x0, 0x24, 0xf8, 0x0, 0xf, 0xe9,
    0x4b, 0x0, 0x24, 0xf8, 0x0, 0x0, 0x61, 0xde,
    0x8, 0x24, 0xf8, 0x0, 0x0, 0x1, 0xc7, 0x82,
    0x0, 0x0, 0x0, 0x60, 0xc, 0x0, 0x0, 0x0,
    0x0, 0x8, 0xe4, 0x35, 0x0, 0x0, 0x0, 0x0,
    0x0, 0x77, 0x0, 0x0, 0x0,

    /* U+0157 "ŗ" */
    0x0, 0x0, 0x0, 0x1, 0x1, 0x54, 0xc9, 0xb4,
    0xf5, 0x24, 0x54, 0xfe, 0x4d, 0x0, 0x0, 0x54,
    0xd1, 0x0, 0x0, 0x0, 0x54, 0xc8, 0x0, 0x0,
    0x0, 0x54, 0xc8, 0x0, 0x0, 0x0, 0x54, 0xc8,
    0x0, 0x0, 0x0, 0x1d, 0x50, 0x0, 0x0, 0x0,
    0x4d, 0xd4, 0x0, 0x0, 0x0, 0x2e, 0x48, 0x0,
    0x0, 0x0,

    /* U+0158 "Ř" */
    0x0, 0x14, 0x73, 0x1b, 0x71, 0x1, 0x0, 0x0,
    0x0, 0x89, 0xec, 0x48, 0x0, 0x0, 0x0, 0x0,
    0x0, 0x0, 0x0, 0x0, 0x0, 0x24, 0xff, 0xff,
    0xff, 0xe4, 0x79, 0x0, 0x24, 0xf8, 0xc, 0xc,
    0x32, 0xe0, 0x53, 0x24, 0xf8, 0x0, 0x0, 0x13,
    0xd4, 0x5c, 0x24, 0xff, 0xe8, 0xe8, 0xee, 0x8c,
    0x2, 0x24, 0xf8, 0x18, 0x95, 0xb0, 0x0, 0x0,
    0x24, 0xf8, 0x0, 0xf, 0xe9, 0x4b, 0x0, 0x24,
    0xf8, 0x0, 0x0, 0x61, 0xde, 0x8, 0x24, 0xf8,
    0x0, 0x0, 0x1, 0xc7, 0x82,

    /* U+0159 "ř" */
    0x12, 0xb5, 0xaf, 0x7e, 0x0, 0x0, 0x4, 0x10,
    0x0, 0x0, 0x54, 0xc9, 0xb4, 0xf5, 0x24, 0x54,
    0xfe, 0x4d, 0x0, 0x0, 0x54, 0xd1, 0x0, 0x0,
    0x0, 0x54, 0xc8, 0x0, 0x0, 0x0, 0x54, 0xc8,
    0x0, 0x0, 0x0, 0x54, 0xc8, 0x0, 0x0, 0x0,

    /* U+015A "Ś" */
    0x0, 0x0, 0x1, 0xdb, 0x3f, 0x0, 0x0, 0x0,
    0x0, 0x17, 0x6b, 0x0, 0x0, 0x0, 0x0, 0x0,
    0x0, 0x0, 0x0, 0x0, 0x0, 0x0, 0x70, 0xe2,
    0xf4, 0xb6, 0x1f, 0x0, 0x42, 0xed, 0x3b, 0x17,
    0x8c, 0x9a, 0x0, 0x4c, 0xde, 0xe, 0x0, 0x0,
    0x0, 0x0, 0x1, 0x86, 0xe4, 0x99, 0x38, 0x0,
    0x0, 0x0, 0x0, 0xb, 0x58, 0xcd, 0x93, 0x0,
    0x2f, 0x38, 0x0, 0x0, 0xd, 0xfd, 0x1a, 0x62,
    0xe7, 0x43, 0x15, 0x6d, 0xf3, 0x8, 0x0, 0x6e,
    0xdf, 0xf6, 0xc9, 0x3f, 0x0,

    /* U+015B "ś" */
    0x0, 0x0, 0x65, 0xb9, 0x0, 0x0, 0x0, 0x0,
    0x5d, 0x26, 0x0, 0x0, 0x13, 0xb5, 0xf4, 0xe1,
    0x5f, 0x0, 0x7a, 0xbe, 0xf, 0x41, 0x8d, 0x1,
    0x3c, 0xec, 0xa7, 0x62, 0xd, 0x0, 0x0, 0x11,
    0x58, 0xb0, 0xdb, 0x8, 0x6f, 0xab, 0xa, 0x2e,
    0xfe, 0x18, 0x10, 0xa9, 0xf3, 0xe5, 0x6c, 0x0,

    /* U+015C "Ŝ" */
    0x0, 0x1, 0xae, 0xe1, 0x2a, 0x0, 0x0, 0x0,
    0x29, 0x62, 0x2c, 0x5d, 0x0, 0x0, 0x0, 0x0,
    0x0, 0x0, 0x0, 0x0, 0x0, 0x0, 0x70, 0xe2,
    0xf4, 0xb6, 0x1f, 0x0, 0x42, 0xed, 0x3b, 0x17,
    0x8c, 0x9a, 0x0, 0x4c, 0xde, 0xe, 0x0, 0x0,
    0x0, 0x0, 0x1, 0x86, 0xe4, 0x99, 0x38, 0x0,
    0x0, 0x0, 0x0, 0xb, 0x58, 0xcd, 0x93, 0x0,
    0x2f, 0x38, 0x0, 0x0, 0xd, 0xfd, 0x1a, 0x62,
    0xe7, 0x43, 0x15, 0x6d, 0xf3, 0x8, 0x0, 0x6e,
    0xdf, 0xf6, 0xc9, 0x3f, 0x0,

    /* U+015D "ŝ" */
    0x0, 0x4a, 0xc7, 0xb4, 0xa, 0x0, 0x0, 0x27,
    0x9, 0x1d, 0x11, 0x0, 0x13, 0xb5, 0xf4, 0xe1,
    0x5f, 0x0, 0x7a, 0xbe, 0xf, 0x41, 0x8d, 0x1,
    0x3c, 0xec, 0xa7, 0x62, 0xd, 0x0, 0x0, 0x11,
    0x58, 0xb0, 0xdb, 0x8, 0x6f, 0xab, 0xa, 0x2e,
    0xfe, 0x18, 0x10, 0xa9, 0xf3, 0xe5, 0x6c, 0x0,

    /* U+015E "Ş" */
    0x0, 0x6d, 0xe1, 0xf4, 0xb6, 0x1f, 0x0, 0x41,
    0xee, 0x3d, 0x17, 0x8d, 0x9c, 0x0, 0x4e, 0xdd,
    0xd, 0x0, 0x0, 0x0, 0x0, 0x2, 0x8d, 0xe5,
    0x95, 0x33, 0x0, 0x0, 0x0, 0x0, 0x10, 0x60,
    0xd2, 0x8c, 0x0, 0x2a, 0x33, 0x0, 0x0, 0xf,
    0xfd, 0x19, 0x6b, 0xe2, 0x37, 0x9, 0x62, 0xf6,
    0xb, 0x0, 0x7c, 0xec, 0xfb, 0xd4, 0x49, 0x0,
    0x0, 0x0, 0x3a, 0x71, 0x0, 0x0, 0x0, 0x0,
    0x0, 0x55, 0xbe, 0x57, 0x0, 0x0, 0x0, 0x0,
    0x4a, 0xb2, 0x73, 0x0, 0x0,

    /* U+015F "ş" */
    0x13, 0xb5, 0xf4, 0xe1, 0x5f, 0x0, 0x7a, 0xbe,
    0xf, 0x41, 0x8d, 0x1, 0x3e, 0xed, 0xa3, 0x5d,
    0xb, 0x0, 0x0, 0x15, 0x5f, 0xb5, 0xd7, 0x6,
    0x6f, 0xa5, 0x6, 0x27, 0xfe, 0x1b, 0x14, 0xb6,
    0xf7, 0xed, 0x79, 0x0, 0x0, 0x0, 0xa9, 0x1,
    0x0, 0x0, 0x0, 0x0, 0xb7, 0xa5, 0xd, 0x0,
    0x0, 0x2, 0x9c, 0xbf, 0x16, 0x0,

    /* U+0160 "Š" */
    0x0, 0x1c, 0xd4, 0x92, 0xa0, 0x0, 0x0, 0x0,
    0x0, 0x32, 0x78, 0x6, 0x0, 0x0, 0x0, 0x0,
    0x0, 0x0, 0x0, 0x0, 0x0, 0x0, 0x70, 0xe2,
    0xf4, 0xb6, 0x1f, 0x0, 0x42, 0xed, 0x3b, 0x17,
    0x8c, 0x9a, 0x0, 0x4c, 0xde, 0xe, 0x0, 0x0,
    0x0, 0x0, 0x1, 0x86, 0xe4, 0x99, 0x38, 0x0,
    0x0, 0x0, 0x0, 0xb, 0x58, 0xcd, 0x93, 0x0,
    0x2f, 0x38, 0x0, 0x0, 0xd, 0xfd, 0x1a, 0x62,
    0xe7, 0x43, 0x15, 0x6d, 0xf3, 0x8, 0x0, 0x6e,
    0xdf, 0xf6, 0xc9, 0x3f, 0x0,

    /* U+0161 "š" */
    0x0, 0x75, 0xad, 0xc3, 0x1b, 0x0, 0x0, 0x0,
    0x21, 0xb, 0x0, 0x0, 0x13, 0xb5, 0xf4, 0xe1,
    0x5f, 0x0, 0x7a, 0xbe, 0xf, 0x41, 0x8d, 0x1,
    0x3c, 0xec, 0xa7, 0x62, 0xd, 0x0, 0x0, 0x11,
    0x58, 0xb0, 0xdb, 0x8, 0x6f, 0xab, 0xa, 0x2e,
    0xfe, 0x18, 0x10, 0xa9, 0xf3, 0xe5, 0x6c, 0x0,

    /* U+0162 "Ţ" */
    0xb8, 0xff, 0xff, 0xff, 0xff, 0xff, 0x30, 0x8,
    0xc, 0x58, 0xce, 0xc, 0xc, 0x2, 0x0, 0x0,
    0x50, 0xcc, 0x0, 0x0, 0x0, 0x0, 0x0, 0x50,
    0xcc, 0x0, 0x0, 0x0, 0x0, 0x0, 0x50, 0xcc,
    0x0, 0x0, 0x0, 0x0, 0x0, 0x50, 0xcc, 0x0,
    0x0, 0x0, 0x0, 0x0, 0x50, 0xcc, 0x0, 0x0,
    0x0, 0x0, 0x0, 0x50, 0xcc, 0x0, 0x0, 0x0,
    0x0, 0x0, 0x3f, 0x75, 0x0, 0x0, 0x0, 0x0,
    0x0, 0x58, 0xbd, 0x4f, 0x0, 0x0, 0x0, 0x0,
    0x52, 0xb8, 0x6a, 0x0, 0x0,

    /* U+0163 "ţ" */
    0x0, 0x58, 0x36, 0x0, 0x0, 0x0, 0xb0, 0x6c,
    0x0, 0x0, 0xb5, 0xfe, 0xfd, 0xd8, 0x0, 0x0,
    0xb0, 0x6c, 0x0, 0x0, 0x0, 0xb0, 0x6c, 0x0,
    0x0, 0x0, 0xb0, 0x6c, 0x0, 0x0, 0x0, 0xa4,
    0x96, 0xa, 0x0, 0x0, 0x38, 0xf1, 0xcc, 0x0,
    0x0, 0x2, 0xa2, 0x0, 0x0, 0x0, 0x22, 0xc8,
    0x81, 0x0, 0x0, 0x20, 0xae, 0x9d, 0x0,

    /* U+0164 "Ť" */
    0x0, 0x21, 0x68, 0x27, 0x65, 0x0, 0x0, 0x0,
    0x0, 0xa4, 0xe5, 0x33, 0x0, 0x0, 0x0, 0x0,
    0x0, 0x0, 0x0, 0x0, 0x0, 0xb8, 0xff, 0xff,
    0xff, 0xff, 0xff, 0x30, 0x8, 0xc, 0x58, 0xce,
    0xc, 0xc, 0x2, 0x0, 0x0, 0x50, 0xcc, 0x0,
    0x0, 0x0, 0x0, 0x0, 0x50, 0xcc, 0x0, 0x0,
    0x0, 0x0, 0x0, 0x50, 0xcc, 0x0, 0x0, 0x0,
    0x0, 0x0, 0x50, 0xcc, 0x0, 0x0, 0x0, 0x0,
    0x0, 0x50, 0xcc, 0x0, 0x0, 0x0, 0x0, 0x0,
    0x50, 0xcc, 0x0, 0x0, 0x0,

    /* U+0165 "ť" */
    0x0, 0x10, 0xa, 0xd0, 0x34, 0x0, 0xb0, 0x6c,
    0xbe, 0x9, 0xb5, 0xfe, 0xfd, 0xd8, 0x0, 0x0,
    0xb0, 0x6c, 0x0, 0x0, 0x0, 0xb0, 0x6c, 0x0,
    0x0, 0x0, 0xb0, 0x6c, 0x0, 0x0, 0x0, 0xa5,
    0x96, 0xa, 0x0, 0x0, 0x3b, 0xe4, 0xcd, 0x0,

    /* U+0166 "Ŧ" */
    0xb8, 0xff, 0xff, 0xff, 0xff, 0xff, 0x30, 0x8,
    0xc, 0x58, 0xce, 0xc, 0xc, 0x2, 0x0, 0x0,
    0x50, 0xcc, 0x0, 0x0, 0x0, 0x0, 0xb6, 0xe4,
    0xf7, 0xd8, 0x46, 0x0, 0x0, 0x0, 0x50, 0xcc,
    0x0, 0x0, 0x0, 0x0, 0x0, 0x50, 0xcc, 0x0,
    0x0, 0x0, 0x0, 0x0, 0x50, 0xcc, 0x0, 0x0,
    0x0, 0x0, 0x0, 0x50, 0xcc, 0x0, 0x0, 0x0,

    /* U+0167 "ŧ" */
    0x0, 0x58, 0x36, 0x0, 0x0, 0x0, 0xb0, 0x6c,
    0x0, 0x0, 0xb5, 0xfe, 0xfd, 0xd8, 0x0, 0x0,
    0xb0, 0x6c, 0x0, 0x0, 0xb8, 0xff, 0xff, 0xdc,
    0x0, 0x0, 0xb0, 0x6c, 0x0, 0x0, 0x0, 0xa1,
    0x99, 0xa, 0x0, 0x0, 0x35, 0xe3, 0xce, 0x0,

    /* U+0168 "Ũ" */
    0x0, 0x0, 0xa1, 0xcc, 0x40, 0xcb, 0x0, 0x0,
    0x0, 0x17, 0xd3, 0x4a, 0xe5, 0x5f, 0x0, 0x0,
    0x0, 0x0, 0x0, 0x0, 0x0, 0x0, 0x0, 0x0,
    0x54, 0xc8, 0x0, 0x0, 0x0, 0x14, 0xff, 0x8,
    0x54, 0xc8, 0x0, 0x0, 0x0, 0x14, 0xff, 0x8,
    0x54, 0xc8, 0x0, 0x0, 0x0, 0x14, 0xff, 0x8,
    0x54, 0xc8, 0x0, 0x0, 0x0, 0x14, 0xff, 0x8,
    0x53, 0xc8, 0x0, 0x0, 0x0, 0x14, 0xff, 0x7,
    0x3a, 0xe2, 0x0, 0x0, 0x0, 0x30, 0xee, 0x0,
    0x7, 0xda, 0x88, 0x1a, 0x2a, 0xc0, 0x9b, 0x0,
    0x0, 0x24, 0xb5, 0xf0, 0xe6, 0x93, 0xc, 0x0,

    /* U+0169 "ũ" */
    0x0, 0x6f, 0xf4, 0xf8, 0xde, 0x21, 0x0, 0x0,
    0x0, 0x0, 0x0, 0x0, 0x60, 0xbc, 0x0, 0x0,
    0x44, 0xd4, 0x60, 0xbc, 0x0, 0x0, 0x44, 0xd4,
    0x60, 0xbc, 0x0, 0x0, 0x44, 0xd4, 0x5d, 0xbf,
    0x0, 0x0, 0x51, 0xd4, 0x3a, 0xf1, 0x2c, 0x15,
    0xc3, 0xd4, 0x0, 0x8f, 0xf0, 0xdf, 0x77, 0xd4,

    /* U+016A "Ū" */
    0x0, 0x0, 0xb2, 0xd8, 0xd8, 0x72, 0x0, 0x0,
    0x0, 0x0, 0x0, 0x0, 0x0, 0x0, 0x0, 0x0,
    0x0, 0x0, 0x0, 0x0, 0x0, 0x0, 0x0, 0x0,
    0x54, 0xc8, 0x0, 0x0, 0x0, 0x14, 0xff, 0x8,
    0x54, 0xc8, 0x0, 0x0, 0x0, 0x14, 0xff, 0x8,
    0x54, 0xc8, 0x0, 0x0, 0x0, 0x14, 0xff, 0x8,
    0x54, 0xc8, 0x0, 0x0, 0x0, 0x14, 0xff, 0x8,
    0x53, 0xc8, 0x0, 0x0, 0x0, 0x14, 0xff, 0x7,
    0x3a, 0xe2, 0x0, 0x0, 0x0, 0x30, 0xee, 0x0,
    0x7, 0xda, 0x88, 0x1a, 0x2a, 0xc0, 0x9b, 0x0,
    0x0, 0x24, 0xb5, 0xf0, 0xe6, 0x93, 0xc, 0x0,

    /* U+016B "ū" */
    0x0, 0x5c, 0xdc, 0xdc, 0xce, 0x0, 0x0, 0x0,
    0x0, 0x0, 0x0, 0x0, 0x60, 0xbc, 0x0, 0x0,
    0x44, 0xd4, 0x60, 0xbc, 0x0, 0x0, 0x44, 0xd4,
    0x60, 0xbc, 0x0, 0x0, 0x44, 0xd4, 0x5d, 0xbf,
    0x0, 0x0, 0x51, 0xd4, 0x3a, 0xf1, 0x2c, 0x15,
    0xc3, 0xd4, 0x0, 0x8f, 0xf0, 0xdf, 0x77, 0xd4,

    /* U+016C "Ŭ" */
    0x0, 0x0, 0x98, 0x55, 0x9f, 0x4b, 0x0, 0x0,
    0x0, 0x0, 0x22, 0xc4, 0xa4, 0x3, 0x0, 0x0,
    0x0, 0x0, 0x0, 0x0, 0x0, 0x0, 0x0, 0x0,
    0x54, 0xc8, 0x0, 0x0, 0x0, 0x14, 0xff, 0x8,
    0x54, 0xc8, 0x0, 0x0, 0x0, 0x14, 0xff, 0x8,
    0x54, 0xc8, 0x0, 0x0, 0x0, 0x14, 0xff, 0x8,
    0x54, 0xc8, 0x0, 0x0, 0x0, 0x14, 0xff, 0x8,
    0x53, 0xc8, 0x0, 0x0, 0x0, 0x14, 0xff, 0x7,
    0x3a, 0xe2, 0x0, 0x0, 0x0, 0x30, 0xee, 0x0,
    0x7, 0xda, 0x88, 0x1a, 0x2a, 0xc0, 0x9b, 0x0,
    0x0, 0x24, 0xb5, 0xf0, 0xe6, 0x93, 0xc, 0x0,

    /* U+016D "ŭ" */
    0x0, 0x17, 0xb9, 0xcc, 0x6b, 0x0, 0x0, 0x0,
    0x0, 0x0, 0x0, 0x0, 0x60, 0xbc, 0x0, 0x0,
    0x44, 0xd4, 0x60, 0xbc, 0x0, 0x0, 0x44, 0xd4,
    0x60, 0xbc, 0x0, 0x0, 0x44, 0xd4, 0x5d, 0xbf,
    0x0, 0x0, 0x51, 0xd4, 0x3a, 0xf1, 0x2c, 0x15,
    0xc3, 0xd4, 0x0, 0x8f, 0xf0, 0xdf, 0x77, 0xd4,

    /* U+016E "Ů" */
    0x0, 0x0, 0x14, 0xb5, 0x91, 0x0, 0x0, 0x0,
    0x0, 0x0, 0x58, 0x6a, 0xb6, 0xc, 0x0, 0x0,
    0x0, 0x0, 0x13, 0xb1, 0x8e, 0x0, 0x0, 0x0,
    0x0, 0x0, 0x0, 0x0, 0x0, 0x0, 0x0, 0x0,
    0x54, 0xc8, 0x0, 0x0, 0x0, 0x14, 0xff, 0x8,
    0x54, 0xc8, 0x0, 0x0, 0x0, 0x14, 0xff, 0x8,
    0x54, 0xc8, 0x0, 0x0, 0x0, 0x14, 0xff, 0x8,
    0x54, 0xc8, 0x0, 0x0, 0x0, 0x14, 0xff, 0x8,
    0x53, 0xc8, 0x0, 0x0, 0x0, 0x14, 0xff, 0x7,
    0x3a, 0xe2, 0x0, 0x0, 0x0, 0x30, 0xee, 0x0,
    0x7, 0xda, 0x88, 0x1a, 0x2a, 0xc0, 0x9b, 0x0,
    0x0, 0x24, 0xb5, 0xf0, 0xe6, 0x93, 0xc, 0x0,

    /* U+016F "ů" */
    0x0, 0x0, 0x7a, 0xb5, 0x20, 0x0, 0x0, 0x0,
    0xc3, 0x4e, 0x74, 0x0, 0x0, 0x0, 0x7b, 0xb7,
    0x20, 0x0, 0x0, 0x0, 0x0, 0x0, 0x0, 0x0,
    0x60, 0xbc, 0x0, 0x0, 0x44, 0xd4, 0x60, 0xbc,
    0x0, 0x0, 0x44, 0xd4, 0x60, 0xbc, 0x0, 0x0,
    0x44, 0xd4, 0x5d, 0xbf, 0x0, 0x0, 0x51, 0xd4,
    0x3a, 0xf1, 0x2c, 0x15, 0xc3, 0xd4, 0x0, 0x8f,
    0xf0, 0xdf, 0x77, 0xd4,

    /* U+0170 "Ű" */
    0x0, 0x0, 0x49, 0xd0, 0x54, 0xcd, 0x1, 0x0,
    0x0, 0x0, 0x4e, 0x34, 0x53, 0x32, 0x0, 0x0,
    0x0, 0x0, 0x0, 0x0, 0x0, 0x0, 0x0, 0x0,
    0x54, 0xc8, 0x0, 0x0, 0x0, 0x14, 0xff, 0x8,
    0x54, 0xc8, 0x0, 0x0, 0x0, 0x14, 0xff, 0x8,
    0x54, 0xc8, 0x0, 0x0, 0x0, 0x14, 0xff, 0x8,
    0x54, 0xc8, 0x0, 0x0, 0x0, 0x14, 0xff, 0x8,
    0x53, 0xc8, 0x0, 0x0, 0x0, 0x14, 0xff, 0x7,
    0x3a, 0xe2, 0x0, 0x0, 0x0, 0x30, 0xee, 0x0,
    0x7, 0xda, 0x88, 0x1a, 0x2a, 0xc0, 0x9b, 0x0,
    0x0, 0x24, 0xb5, 0xf0, 0xe6, 0x93, 0xc, 0x0,

    /* U+0171 "ű" */
    0x0, 0x0, 0xd8, 0x45, 0xde, 0x3f, 0x0, 0x15,
    0x6d, 0x19, 0x6b, 0x0, 0x60, 0xbc, 0x0, 0x0,
    0x44, 0xd4, 0x60, 0xbc, 0x0, 0x0, 0x44, 0xd4,
    0x60, 0xbc, 0x0, 0x0, 0x44, 0xd4, 0x5d, 0xbf,
    0x0, 0x0, 0x51, 0xd4, 0x3a, 0xf1, 0x2c, 0x15,
    0xc3, 0xd4, 0x0, 0x8f, 0xf0, 0xdf, 0x77, 0xd4,

    /* U+0172 "Ų" */
    0x54, 0xc8, 0x0, 0x0, 0x0, 0x14, 0xff, 0x8,
    0x54, 0xc8, 0x0, 0x0, 0x0, 0x14, 0xff, 0x8,
    0x54, 0xc8, 0x0, 0x0, 0x0, 0x14, 0xff, 0x8,
    0x54, 0xc8, 0x0, 0x0, 0x0, 0x14, 0xff, 0x8,
    0x53, 0xc8, 0x0, 0x0, 0x0, 0x14, 0xff, 0x8,
    0x3a, 0xe2, 0x0, 0x0, 0x0, 0x30, 0xfd, 0x2,
    0x7, 0xda, 0x88, 0x1a, 0x2a, 0xc0, 0xd1, 0x0,
    0x0, 0x24, 0xb5, 0xf0, 0xff, 0xf9, 0x47, 0x0,
    0x0, 0x0, 0x0, 0x40, 0xf0, 0x3f, 0x0, 0x0,
    0x0, 0x0, 0x0, 0x80, 0x8b, 0x0, 0x0, 0x0,
    0x0, 0x0, 0x0, 0x2b, 0xe1, 0x6b, 0x0, 0x0,

    /* U+0173 "ų" */
    0x60, 0xbc, 0x0, 0x0, 0x44, 0xd4, 0x0, 0x60,
    0xbc, 0x0, 0x0, 0x44, 0xd4, 0x0, 0x60, 0xbc,
    0x0, 0x0, 0x44, 0xd4, 0x0, 0x5d, 0xbf, 0x0,
    0x0, 0x51, 0xd4, 0x0, 0x3a, 0xf1, 0x2c, 0x15,
    0xc3, 0xd4, 0x0, 0x0, 0x8f, 0xf0, 0xdf, 0x7b,
    0xcf, 0x0, 0x0, 0x0, 0x0, 0x0, 0xba, 0x48,
    0x0, 0x0, 0x0, 0x0, 0x0, 0xf6, 0xe, 0x0,
    0x0, 0x0, 0x0, 0x0, 0x8f, 0xe2, 0x9,

    /* U+0174 "Ŵ" */
    0x0, 0x0, 0x0, 0x0, 0x10, 0x7e, 0x22, 0x0,
    0x0, 0x0, 0x0, 0x0, 0x0, 0x0, 0x5, 0xbd,
    0x86, 0xcc, 0xd, 0x0, 0x0, 0x0, 0x0, 0x0,
    0x0, 0x0, 0x0, 0x0, 0x0, 0x0, 0x0, 0x0,
    0x0, 0xaa, 0x7c, 0x0, 0x0, 0x0, 0x0, 0x0,
    0x0, 0x0, 0x6b, 0xba, 0x5e, 0xc6, 0x0, 0x0,
    0x19, 0xea, 0x3c, 0x0, 0x0, 0xb1, 0x71, 0x14,
    0xfa, 0x13, 0x0, 0x72, 0xf6, 0x99, 0x0, 0x4,
    0xf1, 0x27, 0x0, 0xc5, 0x59, 0x0, 0xcd, 0x6a,
    0xed, 0x6, 0x3d, 0xde, 0x0, 0x0, 0x78, 0xa3,
    0x28, 0xeb, 0x4, 0xc6, 0x4f, 0x83, 0x94, 0x0,
    0x0, 0x2c, 0xea, 0x85, 0x95, 0x0, 0x6c, 0xaa,
    0xc9, 0x4b, 0x0, 0x0, 0x0, 0xde, 0xf5, 0x3b,
    0x0, 0x16, 0xf4, 0xf4, 0xa, 0x0, 0x0, 0x0,
    0x92, 0xe0, 0x1, 0x0, 0x0, 0xb9, 0xb8, 0x0,
    0x0,

    /* U+0175 "ŵ" */
    0x0, 0x0, 0x2, 0x8c, 0xba, 0x8d, 0x2, 0x0,
    0x0, 0x0, 0x0, 0x3, 0x12, 0x0, 0x11, 0x3,
    0x0, 0x0, 0xcc, 0x58, 0x0, 0x32, 0xff, 0x44,
    0x0, 0x45, 0xd7, 0x7b, 0xa3, 0x0, 0x84, 0xe1,
    0x97, 0x0, 0x8e, 0x86, 0x2b, 0xea, 0x2, 0xd6,
    0x4c, 0xe6, 0x2, 0xd7, 0x35, 0x0, 0xda, 0x5e,
    0xd9, 0x0, 0xd2, 0x5b, 0xe4, 0x1, 0x0, 0x89,
    0xe9, 0x88, 0x0, 0x81, 0xe8, 0x94, 0x0, 0x0,
    0x38, 0xff, 0x38, 0x0, 0x30, 0xff, 0x44, 0x0,

    /* U+0176 "Ŷ" */
    0x0, 0x0, 0xf, 0x7e, 0x22, 0x0, 0x0, 0x0,
    0x4, 0xba, 0x86, 0xcc, 0xd, 0x0, 0x0, 0x0,
    0x0, 0x0, 0x0, 0x0, 0x0, 0x86, 0xc1, 0x1,
    0x0, 0x0, 0xa2, 0xa6, 0x6, 0xd2, 0x6a, 0x0,
    0x46, 0xe8, 0x13, 0x0, 0x31, 0xed, 0x29, 0xde,
    0x52, 0x0, 0x0, 0x0, 0x7f, 0xf2, 0xa8, 0x0,
    0x0, 0x0, 0x0, 0x4, 0xfa, 0x2a, 0x0, 0x0,
    0x0, 0x0, 0x0, 0xf8, 0x24, 0x0, 0x0, 0x0,
    0x0, 0x0, 0xf8, 0x24, 0x0, 0x0, 0x0, 0x0,
    0x0, 0xf8, 0x24, 0x0, 0x0,

    /* U+0177 "ŷ" */
    0x0, 0x2f, 0xbf, 0xbd, 0x2d, 0x0, 0x0, 0xd,
    0x8, 0x7, 0xd, 0x0, 0xbf, 0x71, 0x0, 0x0,
    0x75, 0xb7, 0x55, 0xd4, 0x0, 0x0, 0xd5, 0x4f,
    0x4, 0xe6, 0x39, 0x37, 0xe3, 0x3, 0x0, 0x81,
    0x9d, 0x98, 0x7e, 0x0, 0x0, 0x1b, 0xef, 0xec,
    0x1a, 0x0, 0x0, 0x0, 0xaf, 0xad, 0x0, 0x0,
    0x0, 0x0, 0xd0, 0x44, 0x0, 0x0, 0x0, 0x3f,
    0xdb, 0x1, 0x0, 0x0, 0x0, 0xad, 0x74, 0x0,
    0x0, 0x0,

    /* U+0178 "Ÿ" */
    0x0, 0x0, 0x3, 0x0, 0x3, 0x0, 0x0, 0x0,
    0x7, 0xf1, 0x2c, 0xf0, 0x2a, 0x0, 0x0, 0x0,
    0x27, 0x1, 0x27, 0x1, 0x0, 0x0, 0x0, 0x0,
    0x0, 0x0, 0x0, 0x0, 0x86, 0xc1, 0x1, 0x0,
    0x0, 0xa2, 0xa6, 0x6, 0xd2, 0x6a, 0x0, 0x46,
    0xe8, 0x13, 0x0, 0x31, 0xed, 0x29, 0xde, 0x52,
    0x0, 0x0, 0x0, 0x7f, 0xf2, 0xa8, 0x0, 0x0,
    0x0, 0x0, 0x4, 0xfa, 0x2a, 0x0, 0x0, 0x0,
    0x0, 0x0, 0xf8, 0x24, 0x0, 0x0, 0x0, 0x0,
    0x0, 0xf8, 0x24, 0x0, 0x0, 0x0, 0x0, 0x0,
    0xf8, 0x24, 0x0, 0x0,

    /* U+0179 "Ź" */
    0x0, 0x0, 0x0, 0x56, 0x43, 0x0, 0x0, 0x0,
    0x0, 0x9, 0xe4, 0x1d, 0x0, 0x0, 0x0, 0x0,
    0x0, 0x0, 0x0, 0x0, 0x0, 0x6c, 0xff, 0xff,
    0xff, 0xff, 0xff, 0x3c, 0x5, 0xc, 0xc, 0xc,
    0x72, 0xe0, 0x11, 0x0, 0x0, 0x0, 0x37, 0xf0,
    0x33, 0x0, 0x0, 0x0, 0x15, 0xe3, 0x61, 0x0,
    0x0, 0x0, 0x3, 0xbe, 0x98, 0x0, 0x0, 0x0,
    0x0, 0x8b, 0xc8, 0x6, 0x0, 0x0, 0x0, 0x52,
    0xed, 0x28, 0xc, 0xc, 0xc, 0x3, 0x9c, 0xff,
    0xff, 0xff, 0xff, 0xff, 0x48,

    /* U+017A "ź" */
    0x0, 0x0, 0x3c, 0xdc, 0x6, 0x0, 0x0, 0x0,
    0x46, 0x3c, 0x0, 0x0, 0x81, 0xfc, 0xfc, 0xfd,
    0xff, 0x17, 0x0, 0x0, 0x1, 0xaf, 0xa0, 0x0,
    0x0, 0x0, 0x84, 0xc6, 0x7, 0x0, 0x0, 0x57,
    0xe1, 0x17, 0x0, 0x0, 0x32, 0xeb, 0x30, 0x0,
    0x0, 0x0, 0x9b, 0xff, 0xff, 0xff, 0xff, 0x24,

    /* U+017B "Ż" */
    0x0, 0x0, 0x0, 0x0, 0x0, 0x0, 0x0, 0x0,
    0x0, 0x14, 0xe2, 0x2, 0x0, 0x0, 0x0, 0x0,
    0x0, 0x19, 0x0, 0x0, 0x0, 0x0, 0x0, 0x0,
    0x0, 0x0, 0x0, 0x0, 0x6c, 0xff, 0xff, 0xff,
    0xff, 0xff, 0x3c, 0x5, 0xc, 0xc, 0xc, 0x72,
    0xe0, 0x11, 0x0, 0x0, 0x0, 0x37, 0xf0, 0x33,
    0x0, 0x0, 0x0, 0x15, 0xe3, 0x61, 0x0, 0x0,
    0x0, 0x3, 0xbe, 0x98, 0x0, 0x0, 0x0, 0x0,
    0x8b, 0xc8, 0x6, 0x0, 0x0, 0x0, 0x52, 0xed,
    0x28, 0xc, 0xc, 0xc, 0x3, 0x9c, 0xff, 0xff,
    0xff, 0xff, 0xff, 0x48,

    /* U+017C "ż" */
    0x0, 0x0, 0xb1, 0x5d, 0x0, 0x0, 0x0, 0x0,
    0x2f, 0x13, 0x0, 0x0, 0x81, 0xfc, 0xfc, 0xfd,
    0xff, 0x17, 0x0, 0x0, 0x1, 0xaf, 0xa0, 0x0,
    0x0, 0x0, 0x84, 0xc6, 0x7, 0x0, 0x0, 0x57,
    0xe1, 0x17, 0x0, 0x0, 0x32, 0xeb, 0x30, 0x0,
    0x0, 0x0, 0x9b, 0xff, 0xff, 0xff, 0xff, 0x24,

    /* U+017D "Ž" */
    0x0, 0xb, 0x77, 0x16, 0x77, 0x6, 0x0, 0x0,
    0x0, 0x71, 0xef, 0x5d, 0x0, 0x0, 0x0, 0x0,
    0x0, 0x0, 0x0, 0x0, 0x0, 0x6c, 0xff, 0xff,
    0xff, 0xff, 0xff, 0x3c, 0x5, 0xc, 0xc, 0xc,
    0x72, 0xe0, 0x11, 0x0, 0x0, 0x0, 0x37, 0xf0,
    0x33, 0x0, 0x0, 0x0, 0x15, 0xe3, 0x61, 0x0,
    0x0, 0x0, 0x3, 0xbe, 0x98, 0x0, 0x0, 0x0,
    0x0, 0x8b, 0xc8, 0x6, 0x0, 0x0, 0x0, 0x52,
    0xed, 0x28, 0xc, 0xc, 0xc, 0x3, 0x9c, 0xff,
    0xff, 0xff, 0xff, 0xff, 0x48,

    /* U+017E "ž" */
    0x0, 0x53, 0xb6, 0xc2, 0x2a, 0x0, 0x0, 0x0,
    0xd, 0x7, 0x0, 0x0, 0x81, 0xfc, 0xfc, 0xfd,
    0xff, 0x17, 0x0, 0x0, 0x1, 0xaf, 0xa0, 0x0,
    0x0, 0x0, 0x84, 0xc6, 0x7, 0x0, 0x0, 0x57,
    0xe1, 0x17, 0x0, 0x0, 0x32, 0xeb, 0x30, 0x0,
    0x0, 0x0, 0x9b, 0xff, 0xff, 0xff, 0xff, 0x24,

    /* U+0192 "ƒ" */
    0x0, 0x0, 0x0, 0x0, 0x88, 0xf3, 0x67, 0x0,
    0x0, 0x0, 0x35, 0xe5, 0x18, 0x5, 0x0, 0x0,
    0x0, 0x70, 0xa1, 0x0, 0x0, 0x0, 0x0, 0x0,
    0xa0, 0x73, 0x0, 0x0, 0x0, 0x28, 0xff, 0xff,
    0xff, 0xe0, 0x0, 0x0, 0x0, 0xb, 0xfa, 0xe,
    0x0, 0x0, 0x0, 0x0, 0x40, 0xd5, 0x0, 0x0,
    0x0, 0x0, 0x0, 0x77, 0x9e, 0x0, 0x0, 0x0,
    0x0, 0x0, 0xaf, 0x67, 0x0, 0x0, 0x0, 0x5,
    0x1c, 0xed, 0x2b, 0x0, 0x0, 0x0, 0x5e, 0xf3,
    0x88, 0x0, 0x0, 0x0, 0x0,

    /* U+01FA "Ǻ" */
    0x0, 0x0, 0x0, 0x3a, 0xd1, 0x2, 0x0, 0x0,
    0x0, 0x0, 0x11, 0xcf, 0xd2, 0x16, 0x0, 0x0,
    0x0, 0x0, 0x1e, 0x9f, 0x9b, 0x22, 0x0, 0x0,
    0x0, 0x0, 0x9, 0xf0, 0xf3, 0xb, 0x0, 0x0,
    0x0, 0x0, 0x5d, 0xe3, 0xe0, 0x61, 0x0, 0x0,
    0x0, 0x0, 0xbf, 0x87, 0x84, 0xc3, 0x0, 0x0,
    0x0, 0x22, 0xfe, 0x29, 0x26, 0xfe, 0x26, 0x0,
    0x0, 0x84, 0xcb, 0x0, 0x0, 0xc8, 0x88, 0x0,
    0x2, 0xe3, 0xf6, 0xe8, 0xe8, 0xf5, 0xe6, 0x3,
    0x49, 0xf5, 0x24, 0x18, 0x18, 0x22, 0xf3, 0x4c,
    0xab, 0x97, 0x0, 0x0, 0x0, 0x0, 0x94, 0xae,

    /* U+01FB "ǻ" */
    0x0, 0x0, 0x0, 0x7, 0x2, 0x0, 0x0, 0x0,
    0x24, 0xe7, 0x10, 0x0, 0x0, 0x1, 0xa8, 0xc4,
    0xc, 0x0, 0x0, 0x1c, 0xa6, 0x7a, 0x48, 0x0,
    0x0, 0x1, 0x9a, 0xad, 0xc, 0x0, 0x0, 0x0,
    0x0, 0x0, 0x0, 0x0, 0x12, 0xaa, 0xf4, 0xe9,
    0x8b, 0x1, 0x1c, 0x7a, 0x15, 0x1a, 0xcf, 0x58,
    0xe, 0xa1, 0xdf, 0xd8, 0xd8, 0x87, 0x87, 0xbb,
    0xe, 0x4, 0xab, 0x8c, 0x8c, 0xaf, 0x7, 0x38,
    0xed, 0x8c, 0x14, 0xb7, 0xf2, 0xbc, 0x9a, 0x8c,

    /* U+01FC "Ǽ" */
    0x0, 0x0, 0x0, 0x0, 0x0, 0x0, 0x0, 0x1,
    0x7d, 0x1a, 0x0, 0x0, 0x0, 0x0, 0x0, 0x0,
    0x0, 0x0, 0x45, 0xc4, 0x0, 0x0, 0x0, 0x0,
    0x0, 0x0, 0x0, 0x0, 0x0, 0x0, 0x0, 0x0,
    0x0, 0x0, 0x0, 0x0, 0x0, 0x22, 0xf5, 0xff,
    0xff, 0xff, 0xff, 0xe4, 0x0, 0x0, 0x0, 0x0,
    0xbc, 0xad, 0xfc, 0xc, 0xc, 0xc, 0xa, 0x0,
    0x0, 0x0, 0x64, 0xe4, 0x2c, 0xfc, 0x0, 0x0,
    0x0, 0x0, 0x0, 0x0, 0x19, 0xef, 0x54, 0x20,
    0xff, 0xe8, 0xe8, 0xe8, 0x77, 0x0, 0x0, 0xaf,
    0xb8, 0x0, 0x20, 0xfc, 0x18, 0x18, 0x18, 0xc,
    0x0, 0x56, 0xff, 0xf1, 0xe8, 0xeb, 0xfc, 0x0,
    0x0, 0x0, 0x0, 0x12, 0xe8, 0x79, 0x18, 0x18,
    0x35, 0xfc, 0xc, 0xc, 0xc, 0xa, 0xa1, 0xba,
    0x1, 0x0, 0x0, 0x20, 0xff, 0xff, 0xff, 0xff,
    0xe4,

    /* U+01FD "ǽ" */
    0x0, 0x0, 0x0, 0x0, 0x1, 0xdb, 0x41, 0x0,
    0x0, 0x0, 0x0, 0x0, 0x0, 0x0, 0x0, 0x17,
    0x6c, 0x0, 0x0, 0x0, 0x0, 0x0, 0x8, 0xa0,
    0xf2, 0xed, 0x87, 0x3b, 0xd2, 0xf6, 0xcb, 0x3b,
    0x0, 0x1b, 0x7b, 0x1b, 0x18, 0xc0, 0xec, 0x3f,
    0x8, 0x4b, 0xe8, 0xe, 0xe, 0xa2, 0xc2, 0xbc,
    0xe4, 0xf6, 0xe0, 0xe0, 0xe0, 0xee, 0x38, 0x87,
    0xa8, 0x1, 0x0, 0x94, 0xc0, 0x0, 0x0, 0x0,
    0x6, 0x0, 0x8c, 0xb6, 0xe, 0x42, 0xeb, 0xeb,
    0x65, 0xa, 0x57, 0xe0, 0xa, 0x14, 0xb7, 0xf6,
    0xda, 0x50, 0x35, 0xcd, 0xf8, 0xd0, 0x41, 0x0,

    /* U+01FE "Ǿ" */
    0x0, 0x0, 0x0, 0x0, 0x34, 0xe1, 0x9, 0x0,
    0x0, 0x0, 0x0, 0x0, 0x0, 0x0, 0x44, 0x40,
    0x0, 0x0, 0x0, 0x0, 0x0, 0x0, 0x0, 0x0,
    0x0, 0x0, 0x0, 0x5a, 0x0, 0x0, 0x0, 0x1,
    0x64, 0xce, 0xf7, 0xec, 0xb1, 0xd5, 0x0, 0x0,
    0x0, 0x9c, 0xdf, 0x57, 0x1c, 0x27, 0xea, 0xe9,
    0x40, 0x0, 0x40, 0xf1, 0x20, 0x0, 0x0, 0x94,
    0x79, 0x4d, 0xe2, 0x3, 0x84, 0xad, 0x0, 0x0,
    0x4d, 0xbd, 0x2, 0x0, 0xec, 0x35, 0x7e, 0xa4,
    0x0, 0x19, 0xd7, 0x1a, 0x0, 0x2, 0xf3, 0x3b,
    0x31, 0xed, 0x19, 0xbb, 0x4d, 0x0, 0x0, 0x58,
    0xee, 0x9, 0x0, 0x7d, 0xef, 0xbc, 0x15, 0x25,
    0x76, 0xf1, 0x54, 0x0, 0x0, 0x1b, 0xdc, 0xc4,
    0xf5, 0xf2, 0xb7, 0x3b, 0x0, 0x0, 0x0, 0x0,
    0x11, 0x0, 0x0, 0x0, 0x0, 0x0, 0x0, 0x0,

    /* U+01FF "ǿ" */
    0x0, 0x0, 0x0, 0xc1, 0x5e, 0x0, 0x0, 0x0,
    0x0, 0x9, 0x7a, 0x3, 0x3, 0x0, 0x0, 0x56,
    0xd6, 0xf7, 0xda, 0x80, 0x0, 0x3c, 0xec, 0x40,
    0x32, 0xe3, 0xe9, 0xf, 0x91, 0x88, 0x1, 0xbe,
    0x34, 0xcf, 0x53, 0x99, 0x87, 0x6f, 0x86, 0x0,
    0xd1, 0x4d, 0x42, 0xee, 0xd6, 0x13, 0x72, 0xe6,
    0xf, 0x0, 0xc2, 0xdd, 0xf5, 0xc1, 0x2e, 0x0,
    0x0, 0xd, 0x0, 0x0, 0x0, 0x0, 0x0,

    /* U+0218 "Ș" */
    0x0, 0x70, 0xe2, 0xf4, 0xb6, 0x1f, 0x0, 0x42,
    0xed, 0x3b, 0x17, 0x8c, 0x9a, 0x0, 0x4c, 0xde,
    0xe, 0x0, 0x0, 0x0, 0x0, 0x1, 0x86, 0xe4,
    0x99, 0x38, 0x0, 0x0, 0x0, 0x0, 0xb, 0x58,
    0xcd, 0x93, 0x0, 0x2f, 0x38, 0x0, 0x0, 0xd,
    0xfd, 0x1a, 0x62, 0xe7, 0x43, 0x15, 0x6d, 0xf3,
    0x8, 0x0, 0x6e, 0xdf, 0xf6, 0xc9, 0x3f, 0x0,
    0x0, 0x0, 0x6, 0x64, 0x3, 0x0, 0x0, 0x0,
    0x0, 0x1c, 0xee, 0x1b, 0x0, 0x0, 0x0, 0x0,
    0x7, 0x70, 0x0, 0x0, 0x0,

    /* U+0219 "ș" */
    0x13, 0xb5, 0xf4, 0xe1, 0x5f, 0x0, 0x7a, 0xbe,
    0xf, 0x41, 0x8d, 0x1, 0x3c, 0xec, 0xa7, 0x62,
    0xd, 0x0, 0x0, 0x11, 0x58, 0xb0, 0xdb, 0x8,
    0x6f, 0xab, 0xa, 0x2e, 0xfe, 0x18, 0x10, 0xa9,
    0xf3, 0xe5, 0x6c, 0x0, 0x0, 0x0, 0x47, 0x28,
    0x0, 0x0, 0x0, 0x0, 0xa9, 0x7d, 0x0, 0x0,
    0x0, 0x0, 0x6a, 0xe, 0x0, 0x0,

    /* U+021A "Ț" */
    0xb8, 0xff, 0xff, 0xff, 0xff, 0xff, 0x30, 0x8,
    0xc, 0x58, 0xce, 0xc, 0xc, 0x2, 0x0, 0x0,
    0x50, 0xcc, 0x0, 0x0, 0x0, 0x0, 0x0, 0x50,
    0xcc, 0x0, 0x0, 0x0, 0x0, 0x0, 0x50, 0xcc,
    0x0, 0x0, 0x0, 0x0, 0x0, 0x50, 0xcc, 0x0,
    0x0, 0x0, 0x0, 0x0, 0x50, 0xcc, 0x0, 0x0,
    0x0, 0x0, 0x0, 0x50, 0xcc, 0x0, 0x0, 0x0,
    0x0, 0x0, 0x1b, 0x52, 0x0, 0x0, 0x0, 0x0,
    0x0, 0x4a, 0xd8, 0x0, 0x0, 0x0, 0x0, 0x0,
    0x2b, 0x4c, 0x0, 0x0, 0x0,

    /* U+021B "ț" */
    0x0, 0x58, 0x36, 0x0, 0x0, 0x0, 0xb0, 0x6c,
    0x0, 0x0, 0xb5, 0xfe, 0xfd, 0xd8, 0x0, 0x0,
    0xb0, 0x6c, 0x0, 0x0, 0x0, 0xb0, 0x6c, 0x0,
    0x0, 0x0, 0xb0, 0x6c, 0x0, 0x0, 0x0, 0xa5,
    0x96, 0xa, 0x0, 0x0, 0x3b, 0xe4, 0xcd, 0x0,
    0x0, 0x0, 0x5d, 0x11, 0x0, 0x0, 0x2, 0xde,
    0x45, 0x0, 0x0, 0x0, 0x78, 0x0, 0x0,

    /* U+0237 "ȷ" */
    0x0, 0x3c, 0xe0, 0x0, 0x3c, 0xe0, 0x0, 0x3c,
    0xe0, 0x0, 0x3c, 0xe0, 0x0, 0x3c, 0xe0, 0x0,
    0x3c, 0xe0, 0x0, 0x3c, 0xdf, 0x2, 0x61, 0xcb,
    0x63, 0xed, 0x54,

    /* U+2013 "–" */
    0x4c, 0xe8, 0xe8, 0xe8, 0xe8, 0xe8, 0x65,

    /* U+2014 "—" */
    0x4c, 0xe8, 0xe8, 0xe8, 0xe8, 0xe8, 0xe8, 0xe8,
    0xe8, 0xe8, 0x7,

    /* U+2018 "‘" */
    0x0, 0x67, 0xb, 0x2c, 0xd2, 0x5, 0x42, 0xe4,
    0x15,

    /* U+2019 "’" */
    0x41, 0xe4, 0x15, 0x1f, 0xdd, 0x6, 0x2d, 0x45,
    0x0,

    /* U+201A "‚" */
    0x41, 0xe4, 0x15, 0x1e, 0xde, 0x6, 0x2e, 0x47,
    0x0,

    /* U+201C "“" */
    0x0, 0x67, 0xb, 0x58, 0x1a, 0x2c, 0xd2, 0x1f,
    0xdd, 0xf, 0x42, 0xe4, 0x40, 0xe6, 0x2a,

    /* U+201D "”" */
    0x41, 0xe4, 0x3f, 0xe6, 0x2a, 0x1f, 0xdd, 0x17,
    0xdd, 0x15, 0x2d, 0x45, 0x1a, 0x58, 0x0,

    /* U+201E "„" */
    0x41, 0xe4, 0x3f, 0xe6, 0x2a, 0x1e, 0xde, 0x17,
    0xde, 0x15, 0x2e, 0x47, 0x1b, 0x5a, 0x0,

    /* U+2022 "•" */
    0x0, 0x73, 0xcb, 0x4c, 0x2, 0xfc, 0xff, 0xcb,
    0x0, 0x9b, 0xf3, 0x6c,

    /* U+2026 "…" */
    0x1c, 0x84, 0x5, 0x32, 0x75, 0x0, 0x4b, 0x5c,
    0x41, 0xe4, 0x14, 0x68, 0xd5, 0x1, 0x91, 0xad,

    /* U+2039 "‹" */
    0x0, 0x0, 0x5e, 0x3b, 0x0, 0x51, 0xc9, 0xf,
    0x3a, 0xd7, 0x13, 0x0, 0xe, 0xc9, 0x50, 0x0,
    0x0, 0x15, 0xd1, 0x3e, 0x0, 0x0, 0x1a, 0xc,

    /* U+203A "›" */
    0x12, 0x86, 0x1, 0x0, 0x0, 0x98, 0x95, 0x0,
    0x0, 0x1, 0xac, 0x7a, 0x0, 0x23, 0xd6, 0x32,
    0x13, 0xd7, 0x3e, 0x0, 0x0, 0x27, 0x0, 0x0,

    /* U+2044 "⁄" */
    0x0, 0x0, 0x0, 0x0, 0x0, 0x0, 0x52, 0x5,
    0x0, 0x0, 0x0, 0x0, 0x0, 0x41, 0xb8, 0x0,
    0x0, 0x0, 0x0, 0x0, 0xd, 0xd0, 0x1d, 0x0,
    0x0, 0x0, 0x0, 0x0, 0x9c, 0x5f, 0x0, 0x0,
    0x0, 0x0, 0x0, 0x49, 0xb1, 0x0, 0x0, 0x0,
    0x0, 0x0, 0x11, 0xd2, 0x17, 0x0, 0x0, 0x0,
    0x0, 0x0, 0xa5, 0x56, 0x0, 0x0, 0x0, 0x0,
    0x0, 0x53, 0xa8, 0x0, 0x0, 0x0, 0x0, 0x0,
    0x3, 0xc3, 0x13, 0x0, 0x0, 0x0, 0x0, 0x0,
    0x0, 0x2, 0x0, 0x0, 0x0, 0x0, 0x0, 0x0,

    /* U+2074 "⁴" */
    0x0, 0x9, 0xdc, 0x3c, 0x0, 0x87, 0xd9, 0x3c,
    0x2e, 0x9b, 0x9c, 0x3c, 0x8a, 0xc1, 0xe3, 0xa3,
    0x0, 0x0, 0x9c, 0x3c,

    /* U+20A3 "₣" */
    0x0, 0xbc, 0xec, 0xec, 0xec, 0xec, 0x28, 0x0,
    0xcc, 0x5f, 0x1c, 0x1c, 0x1c, 0x4, 0x0, 0xcc,
    0x4c, 0x0, 0x0, 0x0, 0x0, 0x0, 0xcc, 0xef,
    0xe8, 0xe8, 0xb5, 0x0, 0x0, 0xcc, 0x5c, 0x18,
    0x18, 0x12, 0x0, 0x0, 0xcc, 0x4c, 0x0, 0x0,
    0x0, 0x0, 0xa6, 0xfb, 0xef, 0xd5, 0x0, 0x0,
    0x0, 0x0, 0xcc, 0x4c, 0x0, 0x0, 0x0, 0x0,

    /* U+20A4 "₤" */
    0x0, 0x7a, 0xe8, 0xf0, 0x8e, 0x3, 0x0, 0x42,
    0xe9, 0x30, 0x27, 0xb7, 0x33, 0x0, 0x45, 0xd4,
    0x0, 0x0, 0x0, 0x0, 0x0, 0x8e, 0xfb, 0xed,
    0xe8, 0x3, 0x0, 0x0, 0x0, 0x7b, 0x89, 0x0,
    0x0, 0x0, 0x0, 0x88, 0xee, 0xf1, 0xe0, 0x3,
    0x0, 0x0, 0x17, 0xda, 0x3a, 0x8, 0x31, 0x90,
    0x0, 0x9a, 0xff, 0xff, 0xff, 0xf1, 0x6a, 0x0,

    /* U+20A9 "₩" */
    0x42, 0xeb, 0x1, 0x0, 0x0, 0xd7, 0x9c, 0x0,
    0x0, 0x3f, 0xed, 0x3, 0x4, 0xef, 0x32, 0x0,
    0x2e, 0xe5, 0xe9, 0x3, 0x0, 0x83, 0xa3, 0x0,
    0x0, 0xa7, 0x76, 0x0, 0x85, 0x8b, 0xc6, 0x42,
    0x0, 0xc7, 0x56, 0x0, 0x8d, 0xf0, 0xf9, 0xe8,
    0xfc, 0xed, 0xf3, 0xf5, 0xe9, 0xfe, 0xea, 0x44,
    0x0, 0x1b, 0xee, 0x26, 0xeb, 0x2, 0x35, 0xda,
    0x41, 0xca, 0x0, 0x0, 0x0, 0x0, 0xd8, 0x9e,
    0xa2, 0x0, 0x1, 0xea, 0x9e, 0x87, 0x0, 0x0,
    0x0, 0x0, 0x95, 0xfd, 0x56, 0x0, 0x0, 0xa5,
    0xfc, 0x44, 0x0, 0x0, 0x0, 0x0, 0x52, 0xfa,
    0xf, 0x0, 0x0, 0x5c, 0xf8, 0x9, 0x0, 0x0,

    /* U+20AB "₫" */
    0x0, 0x0, 0x0, 0x0, 0x0, 0x1a, 0x3, 0x0,
    0x0, 0x0, 0x8a, 0xd8, 0xfe, 0xc9, 0x0, 0x0,
    0x0, 0x0, 0x0, 0xf4, 0x24, 0x0, 0x61, 0xdf,
    0xe9, 0x7f, 0xee, 0x24, 0x3e, 0xea, 0x39, 0xa,
    0x87, 0xff, 0x24, 0x92, 0x86, 0x0, 0x0, 0x4,
    0xf8, 0x24, 0x92, 0x86, 0x0, 0x0, 0x4, 0xf8,
    0x24, 0x3e, 0xea, 0x38, 0xd, 0x88, 0xff, 0x24,
    0x0, 0x64, 0xe0, 0xea, 0x7d, 0xe8, 0x24, 0x0,
    0x0, 0x0, 0x0, 0x0, 0x0, 0x0, 0x23, 0xe0,
    0xe0, 0xe0, 0xe0, 0xe0, 0x1f,

    /* U+20AC "€" */
    0x0, 0x0, 0x2e, 0xaa, 0xe9, 0xf6, 0xb3, 0x1,
    0x0, 0x33, 0xe9, 0x6b, 0x24, 0x19, 0x20, 0x0,
    0xa6, 0xf7, 0xf4, 0xe8, 0xe8, 0x44, 0x0, 0x0,
    0x0, 0xbe, 0x63, 0x0, 0x0, 0x0, 0x0, 0x0,
    0xa1, 0xf4, 0xf0, 0xe0, 0xe0, 0x42, 0x0, 0x0,
    0x0, 0x4d, 0xde, 0x7, 0x0, 0x0, 0x0, 0x0,
    0x0, 0x1, 0xb3, 0xbc, 0x33, 0x15, 0x43, 0x0,
    0x0, 0x0, 0x9, 0x82, 0xdf, 0xf7, 0xcd, 0x14,

    /* U+20AE "₮" */
    0xa9, 0xec, 0xec, 0xec, 0xec, 0xec, 0x7, 0x14,
    0x1c, 0x75, 0xbc, 0x22, 0x2c, 0x0, 0x0, 0x0,
    0x64, 0xd9, 0xd9, 0x35, 0x0, 0x0, 0x25, 0xc1,
    0xe1, 0x38, 0x4, 0x0, 0x0, 0xd2, 0xae, 0xca,
    0xaf, 0x3f, 0x0, 0x0, 0x15, 0xa4, 0xef, 0x67,
    0x2, 0x0, 0x0, 0xd4, 0xcb, 0xb4, 0x0, 0x0,
    0x0, 0x0, 0x23, 0x64, 0xb4, 0x0, 0x0, 0x0,

    /* U+20B1 "₱" */
    0x0, 0xbc, 0xec, 0xeb, 0xd8, 0x77, 0x0, 0x0,
    0x0, 0xcc, 0x5f, 0x1c, 0x41, 0xe4, 0x67, 0x0,
    0xa6, 0xfb, 0xef, 0xe8, 0xe8, 0xf5, 0xf7, 0x5a,
    0x0, 0xcc, 0x4c, 0x0, 0x13, 0xde, 0x6e, 0x0,
    0x0, 0xcc, 0xf1, 0xec, 0xf8, 0x9d, 0x4, 0x0,
    0x0, 0xcc, 0x5f, 0x1c, 0x9, 0x0, 0x0, 0x0,
    0x0, 0xcc, 0x4c, 0x0, 0x0, 0x0, 0x0, 0x0,
    0x0, 0xcc, 0x4c, 0x0, 0x0, 0x0, 0x0, 0x0,

    /* U+20B8 "₸" */
    0xa6, 0xe8, 0xe8, 0xe8, 0xe8, 0xe8, 0x7, 0x0,
    0x0, 0x0, 0x0, 0x0, 0x0, 0x0, 0xa1, 0xe0,
    0xe6, 0xeb, 0xe0, 0xe0, 0x7, 0x0, 0x0, 0x64,
    0xb4, 0x0, 0x0, 0x0, 0x0, 0x0, 0x64, 0xb4,
    0x0, 0x0, 0x0, 0x0, 0x0, 0x64, 0xb4, 0x0,
    0x0, 0x0, 0x0, 0x0, 0x64, 0xb4, 0x0, 0x0,
    0x0, 0x0, 0x0, 0x64, 0xb4, 0x0, 0x0, 0x0,

    /* U+20B9 "₹" */
    0x25, 0x34, 0x34, 0x34, 0x34, 0x34, 0x14, 0x81,
    0xb4, 0xb4, 0xce, 0xff, 0xc1, 0x46, 0x33, 0x48,
    0x48, 0x48, 0xcd, 0xa2, 0x1c, 0x75, 0xa4, 0xa4,
    0xa4, 0xde, 0xd9, 0x40, 0x0, 0x3c, 0x5c, 0x82,
    0xf4, 0x42, 0x0, 0x0, 0xa1, 0xf7, 0x99, 0x3c,
    0x0, 0x0, 0x0, 0x19, 0xdb, 0x8c, 0x0, 0x0,
    0x0, 0x0, 0x0, 0x1e, 0xe1, 0x88, 0x0, 0x0,
    0x0, 0x0, 0x0, 0x24, 0xe6, 0x85, 0x0,

    /* U+20BA "₺" */
    0x0, 0x2c, 0xec, 0x0, 0x0, 0x0, 0x0, 0x0,
    0x2c, 0xee, 0x6f, 0x6a, 0x0, 0x0, 0x0, 0x57,
    0xff, 0xad, 0x1a, 0x0, 0x0, 0x86, 0xe6, 0xec,
    0x35, 0x4e, 0x0, 0x0, 0x45, 0x3b, 0xfd, 0xdb,
    0x36, 0x0, 0x0, 0x5d, 0xeb, 0xf0, 0x8, 0xd,
    0xfa, 0xe, 0x66, 0x46, 0xed, 0x26, 0xb1, 0xa7,
    0x0, 0x0, 0x2c, 0xff, 0xe4, 0x8e, 0xb, 0x0,

    /* U+20BD "₽" */
    0x0, 0xbc, 0xec, 0xeb, 0xd5, 0x71, 0x0, 0x0,
    0xcc, 0x5f, 0x1c, 0x3c, 0xe1, 0x5b, 0x0, 0xcc,
    0x4c, 0x0, 0x0, 0x81, 0x9e, 0x0, 0xcc, 0x4c,
    0x0, 0xf, 0xca, 0x73, 0xa9, 0xfb, 0xf1, 0xec,
    0xf8, 0xa1, 0x5, 0x14, 0xd1, 0x5f, 0x1c, 0x8,
    0x0, 0x0, 0xa6, 0xfb, 0xef, 0xd5, 0x0, 0x0,
    0x0, 0x0, 0xcc, 0x4c, 0x0, 0x0, 0x0, 0x0,

    /* U+2116 "№" */
    0x15, 0x98, 0x37, 0x0, 0x0, 0x0, 0x7d, 0x28,
    0x4, 0x7d, 0xbb, 0x7a, 0x2, 0x24, 0xff, 0xd2,
    0x3, 0x0, 0x0, 0xd4, 0x44, 0x71, 0x92, 0xf,
    0x94, 0x6b, 0x24, 0xef, 0xb9, 0x6f, 0x0, 0x0,
    0xd4, 0x44, 0x98, 0x4d, 0x0, 0x4e, 0x93, 0x24,
    0xf6, 0x27, 0xea, 0x17, 0x0, 0xd4, 0x44, 0x33,
    0xd1, 0x87, 0xd0, 0x2f, 0x24, 0xf8, 0x0, 0x8b,
    0xa0, 0x0, 0xd4, 0x44, 0x0, 0x15, 0x44, 0x14,
    0x0, 0x24, 0xf8, 0x0, 0xd, 0xe4, 0x39, 0xd2,
    0x44, 0x33, 0xb8, 0xb8, 0xb8, 0x33, 0x24, 0xf8,
    0x0, 0x0, 0x5b, 0xce, 0xcf, 0x44, 0xa, 0x24,
    0x24, 0x24, 0xa, 0x24, 0xf8, 0x0, 0x0, 0x0,
    0xc2, 0xfe, 0x44, 0x0, 0x0, 0x0, 0x0, 0x0,
    0x24, 0xf8, 0x0, 0x0, 0x0, 0x2f, 0xfc, 0x44,
    0x0, 0x0, 0x0, 0x0, 0x0
};


/*---------------------
 *  GLYPH DESCRIPTION
 *--------------------*/

static const lv_font_fmt_txt_glyph_dsc_t glyph_dsc[] = {
    {.bitmap_index = 0, .adv_w = 0, .box_w = 0, .box_h = 0, .ofs_x = 0, .ofs_y = 0} /* id = 0 reserved */,
    {.bitmap_index = 0, .adv_w = 42, .box_w = 0, .box_h = 0, .ofs_x = 0, .ofs_y = 0},
    {.bitmap_index = 0, .adv_w = 45, .box_w = 3, .box_h = 8, .ofs_x = 0, .ofs_y = 0},
    {.bitmap_index = 24, .adv_w = 61, .box_w = 4, .box_h = 3, .ofs_x = 0, .ofs_y = 5},
    {.bitmap_index = 36, .adv_w = 121, .box_w = 8, .box_h = 8, .ofs_x = 0, .ofs_y = 0},
    {.bitmap_index = 100, .adv_w = 102, .box_w = 6, .box_h = 11, .ofs_x = 0, .ofs_y = -1},
    {.bitmap_index = 166, .adv_w = 156, .box_w = 10, .box_h = 8, .ofs_x = 0, .ofs_y = 0},
    {.bitmap_index = 246, .adv_w = 119, .box_w = 8, .box_h = 8, .ofs_x = 0, .ofs_y = 0},
    {.bitmap_index = 310, .adv_w = 33, .box_w = 2, .box_h = 3, .ofs_x = 0, .ofs_y = 5},
    {.bitmap_index = 316, .adv_w = 63, .box_w = 4, .box_h = 12, .ofs_x = 0, .ofs_y = -2},
    {.bitmap_index = 364, .adv_w = 63, .box_w = 4, .box_h = 12, .ofs_x = 0, .ofs_y = -2},
    {.bitmap_index = 412, .adv_w = 84, .box_w = 5, .box_h = 5, .ofs_x = 0, .ofs_y = 3},
    {.bitmap_index = 437, .adv_w = 106, .box_w = 6, .box_h = 6, .ofs_x = 0, .ofs_y = 0},
    {.bitmap_index = 473, .adv_w = 45, .box_w = 3, .box_h = 3, .ofs_x = 0, .ofs_y = -1},
    {.bitmap_index = 482, .adv_w = 83, .box_w = 5, .box_h = 1, .ofs_x = 0, .ofs_y = 3},
    {.bitmap_index = 487, .adv_w = 45, .box_w = 3, .box_h = 2, .ofs_x = 0, .ofs_y = 0},
    {.bitmap_index = 493, .adv_w = 84, .box_w = 5, .box_h = 8, .ofs_x = 0, .ofs_y = 0},
    {.bitmap_index = 533, .adv_w = 122, .box_w = 8, .box_h = 8, .ofs_x = 0, .ofs_y = 0},
    {.bitmap_index = 597, .adv_w = 74, .box_w = 4, .box_h = 9, .ofs_x = 0, .ofs_y = 0},
    {.bitmap_index = 633, .adv_w = 100, .box_w = 6, .box_h = 8, .ofs_x = 0, .ofs_y = 0},
    {.bitmap_index = 681, .adv_w = 102, .box_w = 6, .box_h = 8, .ofs_x = 0, .ofs_y = 0},
    {.bitmap_index = 729, .adv_w = 113, .box_w = 7, .box_h = 8, .ofs_x = 0, .ofs_y = 0},
    {.bitmap_index = 785, .adv_w = 107, .box_w = 7, .box_h = 8, .ofs_x = 0, .ofs_y = 0},
    {.bitmap_index = 841, .adv_w = 105, .box_w = 7, .box_h = 9, .ofs_x = 0, .ofs_y = 0},
    {.bitmap_index = 904, .adv_w = 100, .box_w = 6, .box_h = 9, .ofs_x = 0, .ofs_y = -1},
    {.bitmap_index = 958, .adv_w = 104, .box_w = 7, .box_h = 8, .ofs_x = 0, .ofs_y = 0},
    {.bitmap_index = 1014, .adv_w = 105, .box_w = 7, .box_h = 9, .ofs_x = 0, .ofs_y = -1},
    {.bitmap_index = 1077, .adv_w = 45, .box_w = 3, .box_h = 6, .ofs_x = 0, .ofs_y = 0},
    {.bitmap_index = 1095, .adv_w = 45, .box_w = 3, .box_h = 7, .ofs_x = 0, .ofs_y = -1},
    {.bitmap_index = 1116, .adv_w = 97, .box_w = 6, .box_h = 6, .ofs_x = 0, .ofs_y = 0},
    {.bitmap_index = 1152, .adv_w = 108, .box_w = 7, .box_h = 3, .ofs_x = 0, .ofs_y = 2},
    {.bitmap_index = 1173, .adv_w = 97, .box_w = 6, .box_h = 6, .ofs_x = 0, .ofs_y = 0},
    {.bitmap_index = 1209, .adv_w = 95, .box_w = 6, .box_h = 8, .ofs_x = 0, .ofs_y = 0},
    {.bitmap_index = 1257, .adv_w = 167, .box_w = 10, .box_h = 9, .ofs_x = 0, .ofs_y = -1},
    {.bitmap_index = 1347, .adv_w = 128, .box_w = 8, .box_h = 8, .ofs_x = 0, .ofs_y = 0},
    {.bitmap_index = 1411, .adv_w = 114, .box_w = 7, .box_h = 8, .ofs_x = 0, .ofs_y = 0},
    {.bitmap_index = 1467, .adv_w = 140, .box_w = 9, .box_h = 8, .ofs_x = 0, .ofs_y = 0},
    {.bitmap_index = 1539, .adv_w = 133, .box_w = 8, .box_h = 8, .ofs_x = 0, .ofs_y = 0},
    {.bitmap_index = 1603, .adv_w = 104, .box_w = 6, .box_h = 8, .ofs_x = 0, .ofs_y = 0},
    {.bitmap_index = 1651, .adv_w = 100, .box_w = 6, .box_h = 8, .ofs_x = 0, .ofs_y = 0},
    {.bitmap_index = 1699, .adv_w = 154, .box_w = 10, .box_h = 8, .ofs_x = 0, .ofs_y = 0},
    {.bitmap_index = 1779, .adv_w = 132, .box_w = 8, .box_h = 8, .ofs_x = 0, .ofs_y = 0},
    {.bitmap_index = 1843, .adv_w = 45, .box_w = 2, .box_h = 8, .ofs_x = 0, .ofs_y = 0},
    {.bitmap_index = 1859, .adv_w = 101, .box_w = 6, .box_h = 8, .ofs_x = 0, .ofs_y = 0},
    {.bitmap_index = 1907, .adv_w = 119, .box_w = 8, .box_h = 8, .ofs_x = 0, .ofs_y = 0},
    {.bitmap_index = 1971, .adv_w = 96, .box_w = 6, .box_h = 8, .ofs_x = 0, .ofs_y = 0},
    {.bitmap_index = 2019, .adv_w = 159, .box_w = 10, .box_h = 8, .ofs_x = 0, .ofs_y = 0},
    {.bitmap_index = 2099, .adv_w = 134, .box_w = 8, .box_h = 8, .ofs_x = 0, .ofs_y = 0},
    {.bitmap_index = 2163, .adv_w = 156, .box_w = 10, .box_h = 8, .ofs_x = 0, .ofs_y = 0},
    {.bitmap_index = 2243, .adv_w = 108, .box_w = 7, .box_h = 8, .ofs_x = 0, .ofs_y = 0},
    {.bitmap_index = 2299, .adv_w = 156, .box_w = 10, .box_h = 9, .ofs_x = 0, .ofs_y = -1},
    {.bitmap_index = 2389, .adv_w = 111, .box_w = 7, .box_h = 8, .ofs_x = 0, .ofs_y = 0},
    {.bitmap_index = 2445, .adv_w = 106, .box_w = 7, .box_h = 8, .ofs_x = 0, .ofs_y = 0},
    {.bitmap_index = 2501, .adv_w = 104, .box_w = 7, .box_h = 8, .ofs_x = 0, .ofs_y = 0},
    {.bitmap_index = 2557, .adv_w = 123, .box_w = 8, .box_h = 8, .ofs_x = 0, .ofs_y = 0},
    {.bitmap_index = 2621, .adv_w = 121, .box_w = 8, .box_h = 8, .ofs_x = 0, .ofs_y = 0},
    {.bitmap_index = 2685, .adv_w = 177, .box_w = 11, .box_h = 8, .ofs_x = 0, .ofs_y = 0},
    {.bitmap_index = 2773, .adv_w = 121, .box_w = 8, .box_h = 8, .ofs_x = 0, .ofs_y = 0},
    {.bitmap_index = 2837, .adv_w = 114, .box_w = 7, .box_h = 8, .ofs_x = 0, .ofs_y = 0},
    {.bitmap_index = 2893, .adv_w = 108, .box_w = 7, .box_h = 8, .ofs_x = 0, .ofs_y = 0},
    {.bitmap_index = 2949, .adv_w = 59, .box_w = 4, .box_h = 11, .ofs_x = 0, .ofs_y = -2},
    {.bitmap_index = 2993, .adv_w = 84, .box_w = 5, .box_h = 8, .ofs_x = 0, .ofs_y = 0},
    {.bitmap_index = 3033, .adv_w = 59, .box_w = 3, .box_h = 11, .ofs_x = 0, .ofs_y = -2},
    {.bitmap_index = 3066, .adv_w = 90, .box_w = 6, .box_h = 4, .ofs_x = 0, .ofs_y = 5},
    {.bitmap_index = 3090, .adv_w = 92, .box_w = 6, .box_h = 1, .ofs_x = 0, .ofs_y = -3},
    {.bitmap_index = 3096, .adv_w = 77, .box_w = 2, .box_h = 2, .ofs_x = 1, .ofs_y = 7},
    {.bitmap_index = 3100, .adv_w = 98, .box_w = 6, .box_h = 6, .ofs_x = 0, .ofs_y = 0},
    {.bitmap_index = 3136, .adv_w = 111, .box_w = 7, .box_h = 8, .ofs_x = 0, .ofs_y = 0},
    {.bitmap_index = 3192, .adv_w = 100, .box_w = 6, .box_h = 6, .ofs_x = 0, .ofs_y = 0},
    {.bitmap_index = 3228, .adv_w = 111, .box_w = 7, .box_h = 8, .ofs_x = 0, .ofs_y = 0},
    {.bitmap_index = 3284, .adv_w = 103, .box_w = 7, .box_h = 6, .ofs_x = 0, .ofs_y = 0},
    {.bitmap_index = 3326, .adv_w = 71, .box_w = 5, .box_h = 8, .ofs_x = 0, .ofs_y = 0},
    {.bitmap_index = 3366, .adv_w = 111, .box_w = 7, .box_h = 9, .ofs_x = 0, .ofs_y = -3},
    {.bitmap_index = 3429, .adv_w = 104, .box_w = 6, .box_h = 8, .ofs_x = 0, .ofs_y = 0},
    {.bitmap_index = 3477, .adv_w = 42, .box_w = 3, .box_h = 8, .ofs_x = 0, .ofs_y = 0},
    {.bitmap_index = 3501, .adv_w = 42, .box_w = 4, .box_h = 11, .ofs_x = -1, .ofs_y = -3},
    {.bitmap_index = 3545, .adv_w = 93, .box_w = 6, .box_h = 8, .ofs_x = 0, .ofs_y = 0},
    {.bitmap_index = 3593, .adv_w = 39, .box_w = 2, .box_h = 8, .ofs_x = 0, .ofs_y = 0},
    {.bitmap_index = 3609, .adv_w = 164, .box_w = 10, .box_h = 6, .ofs_x = 0, .ofs_y = 0},
    {.bitmap_index = 3669, .adv_w = 104, .box_w = 6, .box_h = 6, .ofs_x = 0, .ofs_y = 0},
    {.bitmap_index = 3705, .adv_w = 108, .box_w = 7, .box_h = 6, .ofs_x = 0, .ofs_y = 0},
    {.bitmap_index = 3747, .adv_w = 110, .box_w = 7, .box_h = 9, .ofs_x = 0, .ofs_y = -3},
    {.bitmap_index = 3810, .adv_w = 110, .box_w = 7, .box_h = 9, .ofs_x = 0, .ofs_y = -3},
    {.bitmap_index = 3873, .adv_w = 70, .box_w = 5, .box_h = 7, .ofs_x = 0, .ofs_y = 0},
    {.bitmap_index = 3908, .adv_w = 87, .box_w = 6, .box_h = 6, .ofs_x = 0, .ofs_y = 0},
    {.bitmap_index = 3944, .adv_w = 68, .box_w = 5, .box_h = 8, .ofs_x = 0, .ofs_y = 0},
    {.bitmap_index = 3984, .adv_w = 104, .box_w = 6, .box_h = 6, .ofs_x = 0, .ofs_y = 0},
    {.bitmap_index = 4020, .adv_w = 96, .box_w = 6, .box_h = 6, .ofs_x = 0, .ofs_y = 0},
    {.bitmap_index = 4056, .adv_w = 145, .box_w = 9, .box_h = 6, .ofs_x = 0, .ofs_y = 0},
    {.bitmap_index = 4110, .adv_w = 91, .box_w = 6, .box_h = 6, .ofs_x = 0, .ofs_y = 0},
    {.bitmap_index = 4146, .adv_w = 96, .box_w = 6, .box_h = 9, .ofs_x = 0, .ofs_y = -3},
    {.bitmap_index = 4200, .adv_w = 88, .box_w = 6, .box_h = 6, .ofs_x = 0, .ofs_y = 0},
    {.bitmap_index = 4236, .adv_w = 61, .box_w = 4, .box_h = 11, .ofs_x = 0, .ofs_y = -2},
    {.bitmap_index = 4280, .adv_w = 44, .box_w = 2, .box_h = 11, .ofs_x = 0, .ofs_y = -1},
    {.bitmap_index = 4302, .adv_w = 61, .box_w = 4, .box_h = 11, .ofs_x = 0, .ofs_y = -2},
    {.bitmap_index = 4346, .adv_w = 102, .box_w = 6, .box_h = 2, .ofs_x = 0, .ofs_y = 3},
    {.bitmap_index = 4358, .adv_w = 42, .box_w = 0, .box_h = 0, .ofs_x = 0, .ofs_y = 0},
    {.bitmap_index = 4358, .adv_w = 45, .box_w = 3, .box_h = 9, .ofs_x = 0, .ofs_y = -3},
    {.bitmap_index = 4385, .adv_w = 100, .box_w = 6, .box_h = 9, .ofs_x = 0, .ofs_y = 0},
    {.bitmap_index = 4439, .adv_w = 100, .box_w = 7, .box_h = 8, .ofs_x = 0, .ofs_y = 0},
    {.bitmap_index = 4495, .adv_w = 115, .box_w = 7, .box_h = 7, .ofs_x = 0, .ofs_y = 0},
    {.bitmap_index = 4544, .adv_w = 110, .box_w = 7, .box_h = 8, .ofs_x = 0, .ofs_y = 0},
    {.bitmap_index = 4600, .adv_w = 44, .box_w = 2, .box_h = 11, .ofs_x = 0, .ofs_y = -1},
    {.bitmap_index = 4622, .adv_w = 103, .box_w = 6, .box_h = 11, .ofs_x = 0, .ofs_y = -3},
    {.bitmap_index = 4688, .adv_w = 77, .box_w = 5, .box_h = 3, .ofs_x = 0, .ofs_y = 6},
    {.bitmap_index = 4703, .adv_w = 102, .box_w = 6, .box_h = 6, .ofs_x = 0, .ofs_y = 3},
    {.bitmap_index = 4739, .adv_w = 92, .box_w = 6, .box_h = 6, .ofs_x = 0, .ofs_y = 3},
    {.bitmap_index = 4775, .adv_w = 107, .box_w = 6, .box_h = 6, .ofs_x = 0, .ofs_y = 0},
    {.bitmap_index = 4811, .adv_w = 108, .box_w = 6, .box_h = 4, .ofs_x = 0, .ofs_y = 1},
    {.bitmap_index = 4835, .adv_w = 83, .box_w = 5, .box_h = 1, .ofs_x = 0, .ofs_y = 3},
    {.bitmap_index = 4840, .adv_w = 102, .box_w = 6, .box_h = 6, .ofs_x = 0, .ofs_y = 3},
    {.bitmap_index = 4876, .adv_w = 77, .box_w = 5, .box_h = 1, .ofs_x = 0, .ofs_y = 7},
    {.bitmap_index = 4881, .adv_w = 62, .box_w = 4, .box_h = 3, .ofs_x = 0, .ofs_y = 5},
    {.bitmap_index = 4893, .adv_w = 106, .box_w = 6, .box_h = 6, .ofs_x = 0, .ofs_y = 0},
    {.bitmap_index = 4929, .adv_w = 58, .box_w = 4, .box_h = 5, .ofs_x = 0, .ofs_y = 4},
    {.bitmap_index = 4949, .adv_w = 62, .box_w = 4, .box_h = 5, .ofs_x = 0, .ofs_y = 4},
    {.bitmap_index = 4969, .adv_w = 77, .box_w = 3, .box_h = 2, .ofs_x = 1, .ofs_y = 7},
    {.bitmap_index = 4975, .adv_w = 104, .box_w = 6, .box_h = 9, .ofs_x = 0, .ofs_y = -3},
    {.bitmap_index = 5029, .adv_w = 120, .box_w = 7, .box_h = 11, .ofs_x = 0, .ofs_y = -3},
    {.bitmap_index = 5106, .adv_w = 34, .box_w = 2, .box_h = 2, .ofs_x = 0, .ofs_y = 3},
    {.bitmap_index = 5110, .adv_w = 77, .box_w = 4, .box_h = 3, .ofs_x = 0, .ofs_y = -3},
    {.bitmap_index = 5122, .adv_w = 46, .box_w = 3, .box_h = 5, .ofs_x = 0, .ofs_y = 4},
    {.bitmap_index = 5137, .adv_w = 99, .box_w = 6, .box_h = 6, .ofs_x = 0, .ofs_y = 3},
    {.bitmap_index = 5173, .adv_w = 107, .box_w = 7, .box_h = 6, .ofs_x = 0, .ofs_y = 0},
    {.bitmap_index = 5215, .adv_w = 141, .box_w = 9, .box_h = 10, .ofs_x = 0, .ofs_y = -1},
    {.bitmap_index = 5305, .adv_w = 149, .box_w = 9, .box_h = 9, .ofs_x = 0, .ofs_y = 0},
    {.bitmap_index = 5386, .adv_w = 159, .box_w = 10, .box_h = 10, .ofs_x = 0, .ofs_y = -1},
    {.bitmap_index = 5486, .adv_w = 93, .box_w = 6, .box_h = 9, .ofs_x = 0, .ofs_y = -3},
    {.bitmap_index = 5540, .adv_w = 128, .box_w = 8, .box_h = 11, .ofs_x = 0, .ofs_y = 0},
    {.bitmap_index = 5628, .adv_w = 128, .box_w = 8, .box_h = 11, .ofs_x = 0, .ofs_y = 0},
    {.bitmap_index = 5716, .adv_w = 128, .box_w = 8, .box_h = 11, .ofs_x = 0, .ofs_y = 0},
    {.bitmap_index = 5804, .adv_w = 128, .box_w = 8, .box_h = 11, .ofs_x = 0, .ofs_y = 0},
    {.bitmap_index = 5892, .adv_w = 128, .box_w = 8, .box_h = 12, .ofs_x = 0, .ofs_y = 0},
    {.bitmap_index = 5988, .adv_w = 128, .box_w = 8, .box_h = 10, .ofs_x = 0, .ofs_y = 0},
    {.bitmap_index = 6068, .adv_w = 184, .box_w = 11, .box_h = 8, .ofs_x = 0, .ofs_y = 0},
    {.bitmap_index = 6156, .adv_w = 140, .box_w = 9, .box_h = 11, .ofs_x = 0, .ofs_y = -3},
    {.bitmap_index = 6255, .adv_w = 104, .box_w = 6, .box_h = 11, .ofs_x = 0, .ofs_y = 0},
    {.bitmap_index = 6321, .adv_w = 104, .box_w = 6, .box_h = 11, .ofs_x = 0, .ofs_y = 0},
    {.bitmap_index = 6387, .adv_w = 104, .box_w = 6, .box_h = 11, .ofs_x = 0, .ofs_y = 0},
    {.bitmap_index = 6453, .adv_w = 104, .box_w = 6, .box_h = 12, .ofs_x = 0, .ofs_y = 0},
    {.bitmap_index = 6525, .adv_w = 45, .box_w = 2, .box_h = 11, .ofs_x = 0, .ofs_y = 0},
    {.bitmap_index = 6547, .adv_w = 45, .box_w = 3, .box_h = 11, .ofs_x = 0, .ofs_y = 0},
    {.bitmap_index = 6580, .adv_w = 45, .box_w = 5, .box_h = 11, .ofs_x = -1, .ofs_y = 0},
    {.bitmap_index = 6635, .adv_w = 45, .box_w = 4, .box_h = 12, .ofs_x = -1, .ofs_y = 0},
    {.bitmap_index = 6683, .adv_w = 144, .box_w = 9, .box_h = 8, .ofs_x = 0, .ofs_y = 0},
    {.bitmap_index = 6755, .adv_w = 134, .box_w = 8, .box_h = 11, .ofs_x = 0, .ofs_y = 0},
    {.bitmap_index = 6843, .adv_w = 156, .box_w = 10, .box_h = 11, .ofs_x = 0, .ofs_y = 0},
    {.bitmap_index = 6953, .adv_w = 156, .box_w = 10, .box_h = 11, .ofs_x = 0, .ofs_y = 0},
    {.bitmap_index = 7063, .adv_w = 156, .box_w = 10, .box_h = 11, .ofs_x = 0, .ofs_y = 0},
    {.bitmap_index = 7173, .adv_w = 156, .box_w = 10, .box_h = 11, .ofs_x = 0, .ofs_y = 0},
    {.bitmap_index = 7283, .adv_w = 156, .box_w = 10, .box_h = 12, .ofs_x = 0, .ofs_y = 0},
    {.bitmap_index = 7403, .adv_w = 104, .box_w = 6, .box_h = 6, .ofs_x = 0, .ofs_y = 0},
    {.bitmap_index = 7439, .adv_w = 156, .box_w = 10, .box_h = 10, .ofs_x = 0, .ofs_y = -1},
    {.bitmap_index = 7539, .adv_w = 123, .box_w = 8, .box_h = 11, .ofs_x = 0, .ofs_y = 0},
    {.bitmap_index = 7627, .adv_w = 123, .box_w = 8, .box_h = 11, .ofs_x = 0, .ofs_y = 0},
    {.bitmap_index = 7715, .adv_w = 123, .box_w = 8, .box_h = 11, .ofs_x = 0, .ofs_y = 0},
    {.bitmap_index = 7803, .adv_w = 123, .box_w = 8, .box_h = 12, .ofs_x = 0, .ofs_y = 0},
    {.bitmap_index = 7899, .adv_w = 114, .box_w = 7, .box_h = 11, .ofs_x = 0, .ofs_y = 0},
    {.bitmap_index = 7976, .adv_w = 108, .box_w = 7, .box_h = 8, .ofs_x = 0, .ofs_y = 0},
    {.bitmap_index = 8032, .adv_w = 108, .box_w = 7, .box_h = 8, .ofs_x = 0, .ofs_y = 0},
    {.bitmap_index = 8088, .adv_w = 98, .box_w = 6, .box_h = 8, .ofs_x = 0, .ofs_y = 0},
    {.bitmap_index = 8136, .adv_w = 98, .box_w = 6, .box_h = 8, .ofs_x = 0, .ofs_y = 0},
    {.bitmap_index = 8184, .adv_w = 98, .box_w = 6, .box_h = 8, .ofs_x = 0, .ofs_y = 0},
    {.bitmap_index = 8232, .adv_w = 98, .box_w = 6, .box_h = 8, .ofs_x = 0, .ofs_y = 0},
    {.bitmap_index = 8280, .adv_w = 98, .box_w = 6, .box_h = 8, .ofs_x = 0, .ofs_y = 0},
    {.bitmap_index = 8328, .adv_w = 98, .box_w = 6, .box_h = 9, .ofs_x = 0, .ofs_y = 0},
    {.bitmap_index = 8382, .adv_w = 170, .box_w = 11, .box_h = 6, .ofs_x = 0, .ofs_y = 0},
    {.bitmap_index = 8448, .adv_w = 100, .box_w = 6, .box_h = 9, .ofs_x = 0, .ofs_y = -3},
    {.bitmap_index = 8502, .adv_w = 103, .box_w = 7, .box_h = 8, .ofs_x = 0, .ofs_y = 0},
    {.bitmap_index = 8558, .adv_w = 103, .box_w = 7, .box_h = 8, .ofs_x = 0, .ofs_y = 0},
    {.bitmap_index = 8614, .adv_w = 103, .box_w = 7, .box_h = 8, .ofs_x = 0, .ofs_y = 0},
    {.bitmap_index = 8670, .adv_w = 103, .box_w = 7, .box_h = 8, .ofs_x = 0, .ofs_y = 0},
    {.bitmap_index = 8726, .adv_w = 42, .box_w = 2, .box_h = 8, .ofs_x = 0, .ofs_y = 0},
    {.bitmap_index = 8742, .adv_w = 42, .box_w = 3, .box_h = 8, .ofs_x = 0, .ofs_y = 0},
    {.bitmap_index = 8766, .adv_w = 42, .box_w = 5, .box_h = 8, .ofs_x = -1, .ofs_y = 0},
    {.bitmap_index = 8806, .adv_w = 42, .box_w = 4, .box_h = 8, .ofs_x = -1, .ofs_y = 0},
    {.bitmap_index = 8838, .adv_w = 110, .box_w = 7, .box_h = 9, .ofs_x = 0, .ofs_y = 0},
    {.bitmap_index = 8901, .adv_w = 104, .box_w = 6, .box_h = 8, .ofs_x = 0, .ofs_y = 0},
    {.bitmap_index = 8949, .adv_w = 108, .box_w = 7, .box_h = 8, .ofs_x = 0, .ofs_y = 0},
    {.bitmap_index = 9005, .adv_w = 108, .box_w = 7, .box_h = 8, .ofs_x = 0, .ofs_y = 0},
    {.bitmap_index = 9061, .adv_w = 108, .box_w = 7, .box_h = 8, .ofs_x = 0, .ofs_y = 0},
    {.bitmap_index = 9117, .adv_w = 108, .box_w = 7, .box_h = 8, .ofs_x = 0, .ofs_y = 0},
    {.bitmap_index = 9173, .adv_w = 108, .box_w = 7, .box_h = 8, .ofs_x = 0, .ofs_y = 0},
    {.bitmap_index = 9229, .adv_w = 106, .box_w = 6, .box_h = 6, .ofs_x = 0, .ofs_y = 0},
    {.bitmap_index = 9265, .adv_w = 108, .box_w = 7, .box_h = 8, .ofs_x = 0, .ofs_y = -1},
    {.bitmap_index = 9321, .adv_w = 104, .box_w = 6, .box_h = 8, .ofs_x = 0, .ofs_y = 0},
    {.bitmap_index = 9369, .adv_w = 104, .box_w = 6, .box_h = 8, .ofs_x = 0, .ofs_y = 0},
    {.bitmap_index = 9417, .adv_w = 104, .box_w = 6, .box_h = 8, .ofs_x = 0, .ofs_y = 0},
    {.bitmap_index = 9465, .adv_w = 104, .box_w = 6, .box_h = 8, .ofs_x = 0, .ofs_y = 0},
    {.bitmap_index = 9513, .adv_w = 96, .box_w = 6, .box_h = 11, .ofs_x = 0, .ofs_y = -3},
    {.bitmap_index = 9579, .adv_w = 111, .box_w = 7, .box_h = 11, .ofs_x = 0, .ofs_y = -3},
    {.bitmap_index = 9656, .adv_w = 96, .box_w = 6, .box_h = 11, .ofs_x = 0, .ofs_y = -3},
    {.bitmap_index = 9722, .adv_w = 128, .box_w = 8, .box_h = 10, .ofs_x = 0, .ofs_y = 0},
    {.bitmap_index = 9802, .adv_w = 98, .box_w = 6, .box_h = 8, .ofs_x = 0, .ofs_y = 0},
    {.bitmap_index = 9850, .adv_w = 128, .box_w = 8, .box_h = 11, .ofs_x = 0, .ofs_y = 0},
    {.bitmap_index = 9938, .adv_w = 98, .box_w = 6, .box_h = 8, .ofs_x = 0, .ofs_y = 0},
    {.bitmap_index = 9986, .adv_w = 128, .box_w = 9, .box_h = 11, .ofs_x = 0, .ofs_y = -3},
    {.bitmap_index = 10085, .adv_w = 98, .box_w = 6, .box_h = 9, .ofs_x = 0, .ofs_y = -3},
    {.bitmap_index = 10139, .adv_w = 140, .box_w = 9, .box_h = 11, .ofs_x = 0, .ofs_y = 0},
    {.bitmap_index = 10238, .adv_w = 100, .box_w = 6, .box_h = 8, .ofs_x = 0, .ofs_y = 0},
    {.bitmap_index = 10286, .adv_w = 140, .box_w = 9, .box_h = 11, .ofs_x = 0, .ofs_y = 0},
    {.bitmap_index = 10385, .adv_w = 100, .box_w = 6, .box_h = 8, .ofs_x = 0, .ofs_y = 0},
    {.bitmap_index = 10433, .adv_w = 140, .box_w = 9, .box_h = 12, .ofs_x = 0, .ofs_y = 0},
    {.bitmap_index = 10541, .adv_w = 100, .box_w = 6, .box_h = 8, .ofs_x = 0, .ofs_y = 0},
    {.bitmap_index = 10589, .adv_w = 140, .box_w = 9, .box_h = 11, .ofs_x = 0, .ofs_y = 0},
    {.bitmap_index = 10688, .adv_w = 100, .box_w = 6, .box_h = 8, .ofs_x = 0, .ofs_y = 0},
    {.bitmap_index = 10736, .adv_w = 133, .box_w = 8, .box_h = 11, .ofs_x = 0, .ofs_y = 0},
    {.bitmap_index = 10824, .adv_w = 127, .box_w = 9, .box_h = 8, .ofs_x = 0, .ofs_y = 0},
    {.bitmap_index = 10896, .adv_w = 133, .box_w = 9, .box_h = 8, .ofs_x = -1, .ofs_y = 0},
    {.bitmap_index = 10968, .adv_w = 111, .box_w = 8, .box_h = 8, .ofs_x = 0, .ofs_y = 0},
    {.bitmap_index = 11032, .adv_w = 104, .box_w = 6, .box_h = 10, .ofs_x = 0, .ofs_y = 0},
    {.bitmap_index = 11092, .adv_w = 103, .box_w = 7, .box_h = 8, .ofs_x = 0, .ofs_y = 0},
    {.bitmap_index = 11148, .adv_w = 104, .box_w = 6, .box_h = 11, .ofs_x = 0, .ofs_y = 0},
    {.bitmap_index = 11214, .adv_w = 103, .box_w = 7, .box_h = 8, .ofs_x = 0, .ofs_y = 0},
    {.bitmap_index = 11270, .adv_w = 104, .box_w = 6, .box_h = 12, .ofs_x = 0, .ofs_y = 0},
    {.bitmap_index = 11342, .adv_w = 103, .box_w = 7, .box_h = 8, .ofs_x = 0, .ofs_y = 0},
    {.bitmap_index = 11398, .adv_w = 104, .box_w = 7, .box_h = 11, .ofs_x = 0, .ofs_y = -3},
    {.bitmap_index = 11475, .adv_w = 103, .box_w = 7, .box_h = 9, .ofs_x = 0, .ofs_y = -3},
    {.bitmap_index = 11538, .adv_w = 104, .box_w = 6, .box_h = 11, .ofs_x = 0, .ofs_y = 0},
    {.bitmap_index = 11604, .adv_w = 103, .box_w = 7, .box_h = 8, .ofs_x = 0, .ofs_y = 0},
    {.bitmap_index = 11660, .adv_w = 154, .box_w = 10, .box_h = 11, .ofs_x = 0, .ofs_y = 0},
    {.bitmap_index = 11770, .adv_w = 111, .box_w = 7, .box_h = 11, .ofs_x = 0, .ofs_y = -3},
    {.bitmap_index = 11847, .adv_w = 154, .box_w = 10, .box_h = 11, .ofs_x = 0, .ofs_y = 0},
    {.bitmap_index = 11957, .adv_w = 111, .box_w = 7, .box_h = 11, .ofs_x = 0, .ofs_y = -3},
    {.bitmap_index = 12034, .adv_w = 154, .box_w = 10, .box_h = 12, .ofs_x = 0, .ofs_y = 0},
    {.bitmap_index = 12154, .adv_w = 111, .box_w = 7, .box_h = 11, .ofs_x = 0, .ofs_y = -3},
    {.bitmap_index = 12231, .adv_w = 154, .box_w = 10, .box_h = 11, .ofs_x = 0, .ofs_y = -3},
    {.bitmap_index = 12341, .adv_w = 111, .box_w = 7, .box_h = 12, .ofs_x = 0, .ofs_y = -3},
    {.bitmap_index = 12425, .adv_w = 132, .box_w = 8, .box_h = 11, .ofs_x = 0, .ofs_y = 0},
    {.bitmap_index = 12513, .adv_w = 104, .box_w = 6, .box_h = 11, .ofs_x = 0, .ofs_y = 0},
    {.bitmap_index = 12579, .adv_w = 132, .box_w = 9, .box_h = 8, .ofs_x = 0, .ofs_y = 0},
    {.bitmap_index = 12651, .adv_w = 104, .box_w = 7, .box_h = 8, .ofs_x = -1, .ofs_y = 0},
    {.bitmap_index = 12707, .adv_w = 45, .box_w = 5, .box_h = 11, .ofs_x = -1, .ofs_y = 0},
    {.bitmap_index = 12762, .adv_w = 42, .box_w = 5, .box_h = 8, .ofs_x = -1, .ofs_y = 0},
    {.bitmap_index = 12802, .adv_w = 45, .box_w = 4, .box_h = 10, .ofs_x = -1, .ofs_y = 0},
    {.bitmap_index = 12842, .adv_w = 42, .box_w = 4, .box_h = 8, .ofs_x = -1, .ofs_y = 0},
    {.bitmap_index = 12874, .adv_w = 45, .box_w = 4, .box_h = 11, .ofs_x = -1, .ofs_y = 0},
    {.bitmap_index = 12918, .adv_w = 42, .box_w = 4, .box_h = 8, .ofs_x = -1, .ofs_y = 0},
    {.bitmap_index = 12950, .adv_w = 45, .box_w = 3, .box_h = 11, .ofs_x = 0, .ofs_y = -3},
    {.bitmap_index = 12983, .adv_w = 42, .box_w = 3, .box_h = 11, .ofs_x = 0, .ofs_y = -3},
    {.bitmap_index = 13016, .adv_w = 45, .box_w = 3, .box_h = 12, .ofs_x = 0, .ofs_y = 0},
    {.bitmap_index = 13052, .adv_w = 42, .box_w = 2, .box_h = 6, .ofs_x = 0, .ofs_y = 0},
    {.bitmap_index = 13064, .adv_w = 101, .box_w = 7, .box_h = 11, .ofs_x = 0, .ofs_y = 0},
    {.bitmap_index = 13141, .adv_w = 42, .box_w = 5, .box_h = 11, .ofs_x = -1, .ofs_y = -3},
    {.bitmap_index = 13196, .adv_w = 117, .box_w = 8, .box_h = 11, .ofs_x = 0, .ofs_y = -3},
    {.bitmap_index = 13284, .adv_w = 91, .box_w = 6, .box_h = 11, .ofs_x = 0, .ofs_y = -3},
    {.bitmap_index = 13350, .adv_w = 91, .box_w = 6, .box_h = 6, .ofs_x = 0, .ofs_y = 0},
    {.bitmap_index = 13386, .adv_w = 96, .box_w = 6, .box_h = 11, .ofs_x = 0, .ofs_y = 0},
    {.bitmap_index = 13452, .adv_w = 39, .box_w = 3, .box_h = 11, .ofs_x = 0, .ofs_y = 0},
    {.bitmap_index = 13485, .adv_w = 96, .box_w = 6, .box_h = 11, .ofs_x = 0, .ofs_y = -3},
    {.bitmap_index = 13551, .adv_w = 39, .box_w = 2, .box_h = 11, .ofs_x = 0, .ofs_y = -3},
    {.bitmap_index = 13573, .adv_w = 96, .box_w = 6, .box_h = 8, .ofs_x = 0, .ofs_y = 0},
    {.bitmap_index = 13621, .adv_w = 59, .box_w = 4, .box_h = 8, .ofs_x = 0, .ofs_y = 0},
    {.bitmap_index = 13653, .adv_w = 96, .box_w = 6, .box_h = 8, .ofs_x = 0, .ofs_y = 0},
    {.bitmap_index = 13701, .adv_w = 110, .box_w = 7, .box_h = 8, .ofs_x = 0, .ofs_y = 0},
    {.bitmap_index = 13757, .adv_w = 70, .box_w = 5, .box_h = 8, .ofs_x = 0, .ofs_y = 0},
    {.bitmap_index = 13797, .adv_w = 134, .box_w = 8, .box_h = 11, .ofs_x = 0, .ofs_y = 0},
    {.bitmap_index = 13885, .adv_w = 104, .box_w = 6, .box_h = 8, .ofs_x = 0, .ofs_y = 0},
    {.bitmap_index = 13933, .adv_w = 134, .box_w = 8, .box_h = 11, .ofs_x = 0, .ofs_y = -3},
    {.bitmap_index = 14021, .adv_w = 104, .box_w = 6, .box_h = 9, .ofs_x = 0, .ofs_y = -3},
    {.bitmap_index = 14075, .adv_w = 134, .box_w = 8, .box_h = 11, .ofs_x = 0, .ofs_y = 0},
    {.bitmap_index = 14163, .adv_w = 104, .box_w = 6, .box_h = 8, .ofs_x = 0, .ofs_y = 0},
    {.bitmap_index = 14211, .adv_w = 134, .box_w = 8, .box_h = 11, .ofs_x = 0, .ofs_y = -3},
    {.bitmap_index = 14299, .adv_w = 104, .box_w = 6, .box_h = 9, .ofs_x = 0, .ofs_y = -3},
    {.bitmap_index = 14353, .adv_w = 156, .box_w = 10, .box_h = 11, .ofs_x = 0, .ofs_y = 0},
    {.bitmap_index = 14463, .adv_w = 108, .box_w = 7, .box_h = 8, .ofs_x = 0, .ofs_y = 0},
    {.bitmap_index = 14519, .adv_w = 156, .box_w = 10, .box_h = 11, .ofs_x = 0, .ofs_y = 0},
    {.bitmap_index = 14629, .adv_w = 108, .box_w = 7, .box_h = 8, .ofs_x = 0, .ofs_y = 0},
    {.bitmap_index = 14685, .adv_w = 156, .box_w = 10, .box_h = 11, .ofs_x = 0, .ofs_y = 0},
    {.bitmap_index = 14795, .adv_w = 108, .box_w = 7, .box_h = 8, .ofs_x = 0, .ofs_y = 0},
    {.bitmap_index = 14851, .adv_w = 221, .box_w = 14, .box_h = 8, .ofs_x = 0, .ofs_y = 0},
    {.bitmap_index = 14963, .adv_w = 183, .box_w = 12, .box_h = 6, .ofs_x = 0, .ofs_y = 0},
    {.bitmap_index = 15035, .adv_w = 111, .box_w = 7, .box_h = 11, .ofs_x = 0, .ofs_y = 0},
    {.bitmap_index = 15112, .adv_w = 70, .box_w = 5, .box_h = 8, .ofs_x = 0, .ofs_y = 0},
    {.bitmap_index = 15152, .adv_w = 108, .box_w = 7, .box_h = 11, .ofs_x = 0, .ofs_y = -3},
    {.bitmap_index = 15229, .adv_w = 70, .box_w = 5, .box_h = 10, .ofs_x = 0, .ofs_y = -3},
    {.bitmap_index = 15279, .adv_w = 111, .box_w = 7, .box_h = 11, .ofs_x = 0, .ofs_y = 0},
    {.bitmap_index = 15356, .adv_w = 70, .box_w = 5, .box_h = 8, .ofs_x = 0, .ofs_y = 0},
    {.bitmap_index = 15396, .adv_w = 106, .box_w = 7, .box_h = 11, .ofs_x = 0, .ofs_y = 0},
    {.bitmap_index = 15473, .adv_w = 87, .box_w = 6, .box_h = 8, .ofs_x = 0, .ofs_y = 0},
    {.bitmap_index = 15521, .adv_w = 106, .box_w = 7, .box_h = 11, .ofs_x = 0, .ofs_y = 0},
    {.bitmap_index = 15598, .adv_w = 87, .box_w = 6, .box_h = 8, .ofs_x = 0, .ofs_y = 0},
    {.bitmap_index = 15646, .adv_w = 106, .box_w = 7, .box_h = 11, .ofs_x = 0, .ofs_y = -3},
    {.bitmap_index = 15723, .adv_w = 87, .box_w = 6, .box_h = 9, .ofs_x = 0, .ofs_y = -3},
    {.bitmap_index = 15777, .adv_w = 106, .box_w = 7, .box_h = 11, .ofs_x = 0, .ofs_y = 0},
    {.bitmap_index = 15854, .adv_w = 87, .box_w = 6, .box_h = 8, .ofs_x = 0, .ofs_y = 0},
    {.bitmap_index = 15902, .adv_w = 104, .box_w = 7, .box_h = 11, .ofs_x = 0, .ofs_y = -3},
    {.bitmap_index = 15979, .adv_w = 68, .box_w = 5, .box_h = 11, .ofs_x = 0, .ofs_y = -3},
    {.bitmap_index = 16034, .adv_w = 104, .box_w = 7, .box_h = 11, .ofs_x = 0, .ofs_y = 0},
    {.bitmap_index = 16111, .adv_w = 68, .box_w = 5, .box_h = 8, .ofs_x = 0, .ofs_y = 0},
    {.bitmap_index = 16151, .adv_w = 104, .box_w = 7, .box_h = 8, .ofs_x = 0, .ofs_y = 0},
    {.bitmap_index = 16207, .adv_w = 68, .box_w = 5, .box_h = 8, .ofs_x = 0, .ofs_y = 0},
    {.bitmap_index = 16247, .adv_w = 123, .box_w = 8, .box_h = 11, .ofs_x = 0, .ofs_y = 0},
    {.bitmap_index = 16335, .adv_w = 104, .box_w = 6, .box_h = 8, .ofs_x = 0, .ofs_y = 0},
    {.bitmap_index = 16383, .adv_w = 123, .box_w = 8, .box_h = 11, .ofs_x = 0, .ofs_y = 0},
    {.bitmap_index = 16471, .adv_w = 104, .box_w = 6, .box_h = 8, .ofs_x = 0, .ofs_y = 0},
    {.bitmap_index = 16519, .adv_w = 123, .box_w = 8, .box_h = 11, .ofs_x = 0, .ofs_y = 0},
    {.bitmap_index = 16607, .adv_w = 104, .box_w = 6, .box_h = 8, .ofs_x = 0, .ofs_y = 0},
    {.bitmap_index = 16655, .adv_w = 123, .box_w = 8, .box_h = 12, .ofs_x = 0, .ofs_y = 0},
    {.bitmap_index = 16751, .adv_w = 104, .box_w = 6, .box_h = 10, .ofs_x = 0, .ofs_y = 0},
    {.bitmap_index = 16811, .adv_w = 123, .box_w = 8, .box_h = 11, .ofs_x = 0, .ofs_y = 0},
    {.bitmap_index = 16899, .adv_w = 104, .box_w = 6, .box_h = 8, .ofs_x = 0, .ofs_y = 0},
    {.bitmap_index = 16947, .adv_w = 123, .box_w = 8, .box_h = 11, .ofs_x = 0, .ofs_y = -3},
    {.bitmap_index = 17035, .adv_w = 104, .box_w = 7, .box_h = 9, .ofs_x = 0, .ofs_y = -3},
    {.bitmap_index = 17098, .adv_w = 177, .box_w = 11, .box_h = 11, .ofs_x = 0, .ofs_y = 0},
    {.bitmap_index = 17219, .adv_w = 145, .box_w = 9, .box_h = 8, .ofs_x = 0, .ofs_y = 0},
    {.bitmap_index = 17291, .adv_w = 114, .box_w = 7, .box_h = 11, .ofs_x = 0, .ofs_y = 0},
    {.bitmap_index = 17368, .adv_w = 96, .box_w = 6, .box_h = 11, .ofs_x = 0, .ofs_y = -3},
    {.bitmap_index = 17434, .adv_w = 114, .box_w = 7, .box_h = 12, .ofs_x = 0, .ofs_y = 0},
    {.bitmap_index = 17518, .adv_w = 108, .box_w = 7, .box_h = 11, .ofs_x = 0, .ofs_y = 0},
    {.bitmap_index = 17595, .adv_w = 88, .box_w = 6, .box_h = 8, .ofs_x = 0, .ofs_y = 0},
    {.bitmap_index = 17643, .adv_w = 108, .box_w = 7, .box_h = 12, .ofs_x = 0, .ofs_y = 0},
    {.bitmap_index = 17727, .adv_w = 88, .box_w = 6, .box_h = 8, .ofs_x = 0, .ofs_y = 0},
    {.bitmap_index = 17775, .adv_w = 108, .box_w = 7, .box_h = 11, .ofs_x = 0, .ofs_y = 0},
    {.bitmap_index = 17852, .adv_w = 88, .box_w = 6, .box_h = 8, .ofs_x = 0, .ofs_y = 0},
    {.bitmap_index = 17900, .adv_w = 108, .box_w = 7, .box_h = 11, .ofs_x = 0, .ofs_y = -3},
    {.bitmap_index = 17977, .adv_w = 128, .box_w = 8, .box_h = 11, .ofs_x = 0, .ofs_y = 0},
    {.bitmap_index = 18065, .adv_w = 98, .box_w = 6, .box_h = 12, .ofs_x = 0, .ofs_y = 0},
    {.bitmap_index = 18137, .adv_w = 184, .box_w = 11, .box_h = 11, .ofs_x = 0, .ofs_y = 0},
    {.bitmap_index = 18258, .adv_w = 170, .box_w = 11, .box_h = 8, .ofs_x = 0, .ofs_y = 0},
    {.bitmap_index = 18346, .adv_w = 156, .box_w = 10, .box_h = 12, .ofs_x = 0, .ofs_y = -1},
    {.bitmap_index = 18466, .adv_w = 108, .box_w = 7, .box_h = 9, .ofs_x = 0, .ofs_y = -1},
    {.bitmap_index = 18529, .adv_w = 106, .box_w = 7, .box_h = 11, .ofs_x = 0, .ofs_y = -3},
    {.bitmap_index = 18606, .adv_w = 87, .box_w = 6, .box_h = 9, .ofs_x = 0, .ofs_y = -3},
    {.bitmap_index = 18660, .adv_w = 104, .box_w = 7, .box_h = 11, .ofs_x = 0, .ofs_y = -3},
    {.bitmap_index = 18737, .adv_w = 68, .box_w = 5, .box_h = 11, .ofs_x = 0, .ofs_y = -3},
    {.bitmap_index = 18792, .adv_w = 42, .box_w = 3, .box_h = 9, .ofs_x = -1, .ofs_y = -3},
    {.bitmap_index = 18819, .adv_w = 114, .box_w = 7, .box_h = 1, .ofs_x = 0, .ofs_y = 3},
    {.bitmap_index = 18826, .adv_w = 171, .box_w = 11, .box_h = 1, .ofs_x = 0, .ofs_y = 3},
    {.bitmap_index = 18837, .adv_w = 45, .box_w = 3, .box_h = 3, .ofs_x = 0, .ofs_y = 6},
    {.bitmap_index = 18846, .adv_w = 45, .box_w = 3, .box_h = 3, .ofs_x = 0, .ofs_y = 5},
    {.bitmap_index = 18855, .adv_w = 45, .box_w = 3, .box_h = 3, .ofs_x = 0, .ofs_y = -1},
    {.bitmap_index = 18864, .adv_w = 78, .box_w = 5, .box_h = 3, .ofs_x = 0, .ofs_y = 6},
    {.bitmap_index = 18879, .adv_w = 78, .box_w = 5, .box_h = 3, .ofs_x = 0, .ofs_y = 5},
    {.bitmap_index = 18894, .adv_w = 78, .box_w = 5, .box_h = 3, .ofs_x = 0, .ofs_y = -1},
    {.bitmap_index = 18909, .adv_w = 77, .box_w = 4, .box_h = 3, .ofs_x = 0, .ofs_y = 2},
    {.bitmap_index = 18921, .adv_w = 135, .box_w = 8, .box_h = 2, .ofs_x = 0, .ofs_y = 0},
    {.bitmap_index = 18937, .adv_w = 68, .box_w = 4, .box_h = 6, .ofs_x = 0, .ofs_y = 0},
    {.bitmap_index = 18961, .adv_w = 68, .box_w = 4, .box_h = 6, .ofs_x = 0, .ofs_y = 0},
    {.bitmap_index = 18985, .adv_w = 33, .box_w = 8, .box_h = 10, .ofs_x = -3, .ofs_y = -1},
    {.bitmap_index = 19065, .adv_w = 66, .box_w = 4, .box_h = 5, .ofs_x = 0, .ofs_y = 4},
    {.bitmap_index = 19085, .adv_w = 106, .box_w = 7, .box_h = 8, .ofs_x = 0, .ofs_y = 0},
    {.bitmap_index = 19141, .adv_w = 100, .box_w = 7, .box_h = 8, .ofs_x = 0, .ofs_y = 0},
    {.bitmap_index = 19197, .adv_w = 187, .box_w = 12, .box_h = 8, .ofs_x = 0, .ofs_y = 0},
    {.bitmap_index = 19293, .adv_w = 109, .box_w = 7, .box_h = 11, .ofs_x = 0, .ofs_y = -2},
    {.bitmap_index = 19370, .adv_w = 121, .box_w = 8, .box_h = 8, .ofs_x = 0, .ofs_y = 0},
    {.bitmap_index = 19434, .adv_w = 101, .box_w = 7, .box_h = 8, .ofs_x = 0, .ofs_y = 0},
    {.bitmap_index = 19490, .adv_w = 121, .box_w = 8, .box_h = 8, .ofs_x = 0, .ofs_y = 0},
    {.bitmap_index = 19554, .adv_w = 101, .box_w = 7, .box_h = 8, .ofs_x = 0, .ofs_y = 0},
    {.bitmap_index = 19610, .adv_w = 107, .box_w = 7, .box_h = 9, .ofs_x = 0, .ofs_y = 0},
    {.bitmap_index = 19673, .adv_w = 103, .box_w = 7, .box_h = 8, .ofs_x = 0, .ofs_y = 0},
    {.bitmap_index = 19729, .adv_w = 111, .box_w = 7, .box_h = 8, .ofs_x = 0, .ofs_y = 0},
    {.bitmap_index = 19785, .adv_w = 207, .box_w = 13, .box_h = 9, .ofs_x = 0, .ofs_y = 0}
};

/*---------------------
 *  CHARACTER MAPPING
 *--------------------*/

static const uint16_t unicode_list_5[] = {
    0x0, 0x68, 0x69, 0x6a, 0x6b, 0x6c, 0x6d, 0x86,
    0x87, 0x88, 0x89, 0xa5, 0x1e81, 0x1e82, 0x1e86, 0x1e87,
    0x1e88, 0x1e8a, 0x1e8b, 0x1e8c, 0x1e90, 0x1e94, 0x1ea7, 0x1ea8,
    0x1eb2, 0x1ee2, 0x1f11, 0x1f12, 0x1f17, 0x1f19, 0x1f1a, 0x1f1c,
    0x1f1f, 0x1f26, 0x1f27, 0x1f28, 0x1f2b, 0x1f84
};

/*Collect the unicode lists and glyph_id offsets*/
static const lv_font_fmt_txt_cmap_t cmaps[] =
{
    {
        .range_start = 32, .range_length = 95, .glyph_id_start = 1,
        .unicode_list = NULL, .glyph_id_ofs_list = NULL, .list_length = 0, .type = LV_FONT_FMT_TXT_CMAP_FORMAT0_TINY
    },
    {
        .range_start = 160, .range_length = 146, .glyph_id_start = 96,
        .unicode_list = NULL, .glyph_id_ofs_list = NULL, .list_length = 0, .type = LV_FONT_FMT_TXT_CMAP_FORMAT0_TINY
    },
    {
        .range_start = 308, .range_length = 12, .glyph_id_start = 242,
        .unicode_list = NULL, .glyph_id_ofs_list = NULL, .list_length = 0, .type = LV_FONT_FMT_TXT_CMAP_FORMAT0_TINY
    },
    {
        .range_start = 321, .range_length = 8, .glyph_id_start = 254,
        .unicode_list = NULL, .glyph_id_ofs_list = NULL, .list_length = 0, .type = LV_FONT_FMT_TXT_CMAP_FORMAT0_TINY
    },
    {
        .range_start = 330, .range_length = 53, .glyph_id_start = 262,
        .unicode_list = NULL, .glyph_id_ofs_list = NULL, .list_length = 0, .type = LV_FONT_FMT_TXT_CMAP_FORMAT0_TINY
    },
    {
        .range_start = 402, .range_length = 8069, .glyph_id_start = 315,
        .unicode_list = unicode_list_5, .glyph_id_ofs_list = NULL, .list_length = 38, .type = LV_FONT_FMT_TXT_CMAP_SPARSE_TINY
    }
};

/*-----------------
 *    KERNING
 *----------------*/


/*Map glyph_ids to kern left classes*/
static const uint8_t kern_left_class_mapping[] =
{
    0, 1, 0, 2, 3, 0, 4, 5,
    2, 6, 0, 7, 8, 9, 10, 9,
    11, 12, 13, 14, 15, 16, 17, 18,
    19, 20, 21, 22, 22, 0, 0, 23,
    24, 25, 26, 27, 28, 29, 30, 31,
    32, 33, 33, 34, 35, 36, 33, 33,
    37, 38, 37, 39, 40, 41, 42, 43,
    44, 45, 46, 47, 6, 48, 0, 0,
    49, 0, 50, 51, 52, 53, 54, 55,
    56, 57, 58, 59, 60, 61, 57, 57,
    62, 63, 64, 65, 66, 67, 68, 69,
    70, 71, 72, 73, 6, 0, 0, 0,
    1, 0, 0, 0, 0, 0, 0, 0,
    0, 74, 0, 75, 0, 10, 74, 0,
    0, 0, 0, 0, 0, 68, 0, 76,
    0, 0, 0, 77, 0, 0, 0, 78,
    26, 26, 26, 26, 26, 26, 30, 28,
    30, 30, 30, 30, 33, 79, 79, 79,
    29, 33, 37, 37, 37, 37, 37, 0,
    37, 42, 42, 42, 42, 46, 80, 81,
    50, 50, 50, 50, 50, 50, 54, 52,
    54, 54, 54, 54, 58, 82, 82, 82,
    83, 57, 62, 62, 62, 62, 62, 0,
    62, 68, 68, 68, 68, 72, 51, 72,
    0, 0, 0, 0, 0, 0, 0, 0,
    0, 0, 0, 0, 0, 0, 0, 0,
    0, 0, 0, 0, 0, 0, 0, 0,
    0, 0, 0, 0, 0, 0, 0, 0,
    0, 0, 0, 0, 0, 0, 0, 0,
    0, 0, 0, 0, 0, 0, 0, 0,
    0, 84, 0, 0, 0, 0, 0, 0,
    0, 0, 0, 0, 85, 0, 0, 86,
    0, 0, 0, 0, 0, 0, 0, 0,
    0, 0, 0, 0, 0, 0, 30, 54,
    0, 0, 0, 0, 0, 0, 0, 0,
    0, 0, 0, 0, 0, 0, 0, 0,
    0, 0, 0, 0, 0, 0, 0, 0,
    0, 0, 0, 0, 0, 0, 0, 0,
    0, 0, 0, 0, 0, 0, 0, 0,
    0, 0, 0, 0, 0, 0, 0, 0,
    0, 0, 0, 0, 0, 0, 0, 10,
    10, 87, 88, 89, 87, 88, 89, 90,
    9, 75, 77, 0, 0, 0, 0, 0,
    0, 0, 0, 0, 0, 0, 0, 0,
    0
};

/*Map glyph_ids to kern right classes*/
static const uint8_t kern_right_class_mapping[] =
{
    0, 0, 0, 1, 2, 0, 3, 4,
    1, 0, 5, 6, 0, 7, 8, 7,
    9, 10, 11, 12, 13, 14, 15, 16,
    17, 18, 19, 20, 20, 0, 0, 0,
    21, 22, 23, 0, 24, 0, 0, 0,
    24, 0, 0, 25, 0, 0, 0, 0,
    24, 0, 24, 0, 26, 27, 28, 29,
    30, 31, 32, 33, 0, 34, 5, 0,
    35, 0, 36, 37, 38, 38, 38, 39,
    40, 37, 41, 42, 37, 37, 43, 43,
    38, 44, 38, 45, 46, 47, 48, 49,
    50, 51, 52, 53, 0, 0, 5, 0,
    0, 0, 0, 0, 0, 0, 0, 0,
    0, 54, 55, 56, 0, 8, 54, 0,
    0, 0, 57, 58, 0, 44, 0, 59,
    0, 60, 55, 61, 62, 63, 58, 64,
    23, 23, 23, 23, 23, 23, 65, 24,
    0, 0, 0, 0, 66, 0, 66, 66,
    0, 0, 24, 24, 24, 24, 24, 0,
    24, 28, 28, 28, 28, 32, 0, 37,
    36, 36, 36, 36, 36, 36, 36, 38,
    38, 38, 38, 38, 67, 68, 67, 67,
    69, 43, 38, 38, 38, 38, 38, 0,
    38, 48, 48, 48, 48, 52, 37, 52,
    0, 0, 0, 0, 0, 0, 0, 0,
    0, 0, 0, 0, 0, 0, 0, 0,
    0, 0, 0, 0, 0, 0, 0, 0,
    0, 0, 0, 0, 0, 0, 0, 0,
    0, 0, 0, 0, 0, 0, 0, 0,
    0, 0, 0, 0, 0, 0, 0, 0,
    0, 43, 0, 0, 0, 0, 0, 0,
    0, 0, 0, 0, 0, 0, 0, 70,
    0, 0, 0, 0, 0, 0, 0, 0,
    0, 0, 0, 0, 0, 0, 24, 38,
    0, 0, 0, 0, 0, 0, 0, 0,
    0, 0, 0, 0, 0, 0, 0, 0,
    0, 0, 0, 0, 0, 0, 0, 0,
    0, 0, 0, 0, 0, 0, 0, 0,
    0, 0, 0, 0, 0, 0, 0, 0,
    0, 0, 0, 0, 0, 0, 0, 0,
    0, 0, 0, 0, 0, 0, 0, 8,
    8, 71, 72, 73, 71, 72, 73, 74,
    7, 56, 61, 0, 75, 0, 0, 0,
    0, 0, 0, 0, 0, 0, 0, 0,
    0
};

/*Kern values between classes*/
static const int8_t kern_class_values[] =
{
    0, 0, 0, 0, 0, 0, 0, 0,
    0, 0, 0, 0, 0, 0, 0, 0,
    0, 0, 0, 0, 0, 0, -6, -4,
    -12, -6, -8, -4, -8, -8, -4, -8,
    0, 0, 0, 0, 0, 0, -4, 0,
    0, 0, 0, 0, 0, 0, 0, 0,
    0, 0, 0, 0, 0, 0, 0, 0,
    0, 0, 0, 0, 0, 0, 0, 0,
    -8, 0, 0, 0, 0, 0, 0, 0,
    0, 0, 0, 0, 0, 0, 0, 0,
    0, 0, 0, 0, 0, 0, 0, 0,
    -8, 0, -6, 0, 0, 0, 0, 0,
    0, -6, 0, 0, 0, 0, 0, 0,
    0, 0, 0, 0, 0, 0, 0, 0,
    0, 0, 0, 0, 0, 0, 0, 0,
    0, 0, 0, 0, 0, 0, 0, 0,
    0, 0, 0, 0, 0, 0, 0, 0,
    0, 0, 0, -13, 0, 0, 0, 0,
    0, 0, 0, 0, 0, 0, 0, 0,
    0, 0, 0, 0, 0, 0, 0, 0,
    0, 0, 0, 0, 0, 0, 0, 0,
    0, 0, 0, 0, 0, 0, 0, 0,
    -2, 0, 0, 0, 0, 0, 0, 0,
    0, 0, 0, 0, 0, 0, 0, 0,
    0, 0, 0, 0, 0, 0, 0, 0,
    0, 0, 0, 0, 0, 0, 0, 0,
    0, 0, 0, 0, 0, 0, -8, 0,
    0, 0, 0, 0, 0, 0, 0, 0,
    0, 0, 0, 0, 0, 0, 0, 0,
    0, 0, 0, 0, 0, 0, 0, 0,
    0, 0, 0, 0, 0, 0, 0, 0,
    0, 0, 0, 0, 0, -4, 0, 0,
    0, 0, 0, 0, 0, 0, 0, 0,
    0, 0, 0, 0, 0, 0, 0, 0,
    0, 0, 0, 0, 0, 0, 0, 0,
    0, 0, 0, 0, 0, 0, 0, 0,
    0, 0, 0, 0, 0, 0, 0, 0,
    0, 0, 0, 0, 0, 0, 0, 0,
    0, 0, 0, 0, 0, 0, 0, 0,
    0, 0, 0, 0, 0, 0, 0, 0,
    0, 0, 0, 0, 0, 0, -10, 0,
    -8, -6, 0, -12, 0, 0, 0, 0,
    0, 0, 0, 0, 0, 0, 0, 0,
    0, 0, 0, 0, -2, 0, 0, -2,
    0, 0, 0, 0, 0, 0, 0, 0,
    0, 0, 0, 0, 0, 0, 0, 0,
    0, 0, 0, 0, 0, 0, 0, 0,
    0, 0, 0, 0, 0, 0, 0, 0,
    0, 0, 0, 0, -4, 0, 0, 0,
    0, 0, 0, 0, 0, 0, 0, 0,
    0, 0, 0, 0, 0, 0, 0, 0,
    0, 0, 0, 0, 0, -2, 0, 0,
    4, 0, 0, 0, 0, 0, 0, 0,
    0, 0, 0, 0, 0, 0, 0, 0,
    0, 0, 0, 0, 0, 0, 0, 0,
    0, 0, 0, 0, 0, 0, 0, 0,
    0, 0, 0, 0, 0, 0, 0, 0,
    0, 0, 0, 0, 0, 0, 0, 0,
    0, 0, 0, 0, 0, 0, 0, 0,
    -8, 0, -25, 0, 0, 0, 0, 0,
    -4, 0, 0, 0, 0, 0, 0, 0,
    0, -6, 0, 0, 0, 0, 0, 0,
    0, 0, 0, 0, 0, 0, 0, 0,
    0, 0, 0, 0, 0, 0, 0, 0,
    0, 0, -19, 0, 0, 0, 0, 0,
    0, 0, 0, 0, 0, 0, 0, 0,
    0, 0, 0, 0, 0, 0, 0, -6,
    0, -2, 0, 0, 0, 0, 0, 0,
    0, 0, 0, 0, 0, 0, 0, 0,
    0, 0, 0, 0, 0, 0, 0, 0,
    0, 0, 0, 0, 0, 0, 0, 0,
    0, 0, 0, 0, 0, 0, 0, 0,
    0, 0, 0, 0, 0, 0, 0, 0,
    0, 0, 0, 0, 0, 0, 0, 0,
    0, 0, 0, 0, 0, 0, 0, 0,
    0, 0, 0, 0, 0, 0, 0, 0,
    0, 0, -8, 0, 0, 0, 0, 0,
    0, 0, 0, 0, 0, 0, 0, -4,
    0, 0, -12, -2, -15, -12, 0, -15,
    0, 0, 0, 0, 0, 0, -8, 0,
    0, -4, 0, 0, 0, 0, -12, 0,
    -10, -6, 0, -8, 0, 0, 0, 0,
    0, 0, 0, 0, 0, 0, 0, 0,
    0, 0, 0, 0, 0, 0, 0, 0,
    0, 0, 0, 0, 0, 0, 0, 0,
    0, 0, -23, 0, 0, -6, 0, -2,
    0, 0, 0, 0, 0, 0, 0, 0,
    0, 0, 0, 0, 0, -8, 0, -4,
    -4, 0, -8, 0, 0, 0, 0, 0,
    0, 0, 0, 0, 0, 0, 0, 0,
    0, 0, 0, 0, 0, 0, 0, 0,
    0, 0, 0, 0, 0, 0, 0, 0,
    0, 0, 0, 0, 0, 0, 0, 0,
    0, 0, 0, 0, 0, 0, 0, 0,
    0, 0, 0, 0, 0, 0, -36, -4,
    0, 0, 0, -12, -2, -8, 0, 0,
    0, 0, 0, 0, -13, -4, -21, 0,
    0, 0, 0, 0, 0, 0, 0, 0,
    0, -12, 0, -15, -6, -13, -8, 0,
    -8, -6, 0, -12, 0, -10, -6, -6,
    -6, -4, -10, 0, 0, 0, 0, 0,
    0, 0, 0, 0, 0, 0, -23, 0,
    -2, -8, -10, 0, 0, 0, 0, 0,
    0, 0, 0, 0, 0, 0, 0, 0,
    0, 0, 0, -2, -2, 0, 0, 0,
    0, -2, 0, 0, 0, 0, 0, 0,
    0, 0, 0, -2, 0, -2, 0, 0,
    0, 0, 0, 0, 0, 0, 0, 0,
    0, 0, 0, 0, 0, 0, 0, 0,
    0, 0, 0, 0, 0, 0, 0, 0,
    0, 0, 0, 0, 0, 0, 0, 0,
    0, -4, 0, 0, 0, 0, 0, 0,
    0, 0, 0, 0, 0, 0, 0, 0,
    0, 0, 0, 0, 0, 0, 0, 2,
    0, 0, 2, 1, 0, 0, 0, 0,
    0, 0, 0, 0, 0, 0, 0, 0,
    0, 0, 0, 0, 0, 0, 0, 0,
    0, 0, 0, 0, 0, 0, 0, 0,
    0, 0, 0, 0, 0, 0, 0, 0,
    0, 0, 0, 0, 0, 0, 0, 0,
    0, 0, 0, 0, 0, 0, 0, 0,
    0, 0, 0, 0, 0, 0, 0, 0,
    0, 0, 0, 0, 0, 0, 0, 0,
    0, -2, 0, 0, 0, 0, 0, 0,
    0, 0, 0, 0, 0, 0, 0, 0,
    0, 0, 0, 0, 0, 0, 0, 0,
    0, 0, 0, 0, 0, 0, 0, 0,
    0, 0, 0, 0, 0, 0, 0, 0,
    0, 0, 0, 0, 0, 0, 0, 0,
    0, 0, 0, 0, 0, 0, 0, 0,
    0, 0, 0, 0, 0, 0, 0, 0,
    0, 0, 0, 0, 0, 0, 0, 0,
    -2, 0, 0, 0, -2, 0, 0, 0,
    0, 0, 0, 0, 0, 0, 0, 0,
    0, 0, 0, 0, 0, 0, 0, 0,
    0, 0, 0, 0, 0, 0, 0, 0,
    0, 0, 0, 0, 0, 0, 0, 0,
    0, 0, 0, 0, 0, 0, 0, 0,
    0, 0, 0, 0, 0, 0, 0, 0,
    0, 0, 0, 0, 0, 0, 0, 0,
    0, 0, 0, 0, 0, 0, 0, 0,
    0, 0, 0, 0, 0, 0, 0, -2,
    0, 0, 0, 0, 0, 0, 0, 0,
    0, 0, 0, 0, 0, 0, 0, 0,
    0, -2, 0, 0, 0, 0, 0, 0,
    0, 0, 0, 0, 0, 0, 0, 0,
    0, 0, 0, 0, 0, 0, 0, 0,
    0, 0, 0, 0, 0, -2, -2, 0,
    -4, 0, 0, 0, 0, 0, 0, 0,
    0, 0, 0, 0, 0, 0, 0, -4,
    0, 0, -2, 0, 0, 0, 0, 0,
    0, 0, -4, 0, 0, 0, 0, 0,
    -2, 0, 0, 0, 0, 0, 0, 0,
    0, 0, 0, 0, 0, 0, 0, 0,
    0, 0, 0, 0, 0, 0, 0, 0,
    0, 0, 0, 0, 0, 0, 0, 0,
    0, 0, 0, 0, 0, 0, 0, 0,
    0, -2, 0, 0, 0, -2, -2, 0,
    0, 0, 0, 0, 0, 0, -4, 0,
    0, 0, 0, 0, 0, -4, 0, 0,
    0, 0, 0, 0, 0, -6, 0, 0,
    0, 0, 0, -2, 0, 0, 0, 0,
    0, 0, 0, 0, 0, -2, 0, -4,
    -2, 0, -6, 0, 0, 0, 0, 0,
    0, 0, 0, 0, 0, 0, 0, 0,
    0, 0, 0, 0, 0, 0, 0, 0,
    0, 0, 0, 0, 0, 0, -4, 0,
    -2, 0, 0, 0, 0, 0, 0, 0,
    0, -8, 0, 0, 0, -2, 0, 0,
    0, 0, 0, 0, -21, 0, -13, -2,
    0, 0, 0, -13, -2, -12, 0, -4,
    0, 0, 0, 0, -10, 0, -15, 0,
    0, 0, 0, 0, 0, 0, 0, 0,
    0, -2, 0, -8, 0, -8, 0, 0,
    0, -2, 0, -6, 0, 0, 0, 0,
    0, 0, 0, 0, 0, 0, 0, 0,
    0, 0, 0, 0, 0, 0, -19, 0,
    0, 0, -6, 0, 0, 0, 0, 0,
    -2, 0, 0, 0, 0, 0, 0, 0,
    0, 0, 0, 0, 0, 0, 0, 0,
    0, 0, 0, 0, 0, 0, 0, 0,
    0, 0, 0, 0, 0, -2, 0, 0,
    0, 0, 0, 0, 0, 0, 0, 0,
    0, 0, 0, 0, 0, 0, 0, 0,
    0, 0, 0, 0, 0, 0, 0, 0,
    0, 0, 0, 0, -2, 0, 0, 0,
    0, 0, 0, 0, 0, 0, 0, 0,
    0, 0, 0, -2, 0, 0, 0, 0,
    0, 0, -10, 0, -4, 0, 0, 0,
    0, -6, 0, -4, 0, 0, 0, 0,
    0, 0, -6, 0, 0, 0, 0, 0,
    -2, 0, 0, 0, 0, 0, 0, 0,
    0, 0, 0, 0, 0, 0, 0, 0,
    0, 0, 0, 0, 0, 0, 0, 0,
    0, 0, 0, 0, 0, 0, 0, 0,
    0, 0, 0, 0, -10, 0, 0, 0,
    0, 0, 0, 0, 0, 0, 0, 0,
    0, 0, 0, 0, 0, 0, 0, 0,
    0, 0, 0, 0, 0, 0, 0, 0,
    0, 0, 0, 0, 0, 0, 0, 0,
    0, 0, 0, 0, -2, 0, -4, 0,
    0, 0, 0, 0, 0, 0, 0, 0,
    0, 0, 0, 0, 0, 0, 0, 0,
    0, 0, 0, 0, 0, 0, 0, 0,
    0, 0, 0, 0, 0, 0, 0, 0,
    0, 0, 0, 0, 0, 0, 0, 0,
    0, 0, 0, 0, 0, 0, 0, 0,
    0, 0, 0, 0, -4, -2, 0, 0,
    0, 0, 0, 0, 0, 0, 0, 0,
    0, 0, 0, 0, 0, 0, 0, 0,
    0, 0, 0, 0, 0, 0, 0, 0,
    0, 0, 0, 0, 0, 0, 0, 0,
    0, 0, 0, 0, 0, 0, 0, 0,
    0, 0, 0, 0, 0, 0, 0, 0,
    0, 0, 0, 0, 0, 0, 0, 0,
    0, 0, 0, 0, 0, 0, 0, 0,
    0, 0, 0, 0, 0, 0, 0, 0,
    0, 0, 0, 0, 0, 0, 0, 0,
    0, 0, 0, -6, 0, 0, 0, 0,
    0, 0, 0, -2, 0, 0, 0, 0,
    0, 0, 0, 0, 0, 0, 0, 0,
    0, 0, 0, 0, 0, 0, 0, 0,
    0, 0, 0, 0, 0, 0, 0, 0,
    0, 0, 0, 0, 0, -10, 0, 0,
    0, 0, 0, 0, 0, 0, 0, 0,
    0, 0, 0, 0, 0, 0, 0, 0,
    0, 0, -6, 0, 0, 0, 0, 0,
    0, 0, 0, 0, 0, 0, -2, 0,
    0, 0, -6, 0, -6, -2, -4, -10,
    0, 0, 0, 0, 0, 0, 0, 0,
    0, 0, 0, 0, 0, 0, 0, 0,
    0, 0, 0, 0, 0, 0, 0, 0,
    0, 0, 0, 0, 0, 0, 0, 0,
    -6, 0, 0, 0, 0, 0, 0, 0,
    0, 0, 0, -6, 0, 0, -2, 0,
    -10, 0, 0, 0, 0, -4, 0, 0,
    0, 0, 0, 0, 0, -4, 0, -8,
    0, 0, -4, 0, 0, -12, -2, -13,
    -10, 0, -14, 0, -17, 0, 0, 0,
    -3, -7, -2, 0, 0, 0, 1, 0,
    0, -7, -5, -10, -8, 0, -9, 0,
    -15, -13, 0, 0, 0, 0, 0, 0,
    0, 0, 0, 0, 0, 0, 0, -4,
    0, -12, -10, 0, -8, 0, 0, 0,
    0, 2, 0, 0, 0, 0, -4, 0,
    0, 0, 0, 0, 0, 0, 0, 0,
    0, 0, -4, 0, -2, 0, 0, 0,
    -2, 0, -2, -2, -3, -6, 0, -12,
    0, 0, 0, 0, -2, 0, 0, 0,
    0, 0, 0, 0, -2, 0, -2, 0,
    -1, -2, 0, -2, 0, 0, 0, 0,
    0, 0, 0, 0, 0, 0, -4, 0,
    0, 0, -1, 0, 0, 0, 0, 0,
    0, 0, 0, 0, 0, 0, 0, 0,
    0, 0, 0, 0, 0, 0, 0, 0,
    0, 0, 0, 0, 0, -2, 0, 0,
    -2, 0, 0, 0, 0, 0, 0, 0,
    0, 0, 0, 0, -4, -2, -4, -6,
    -3, -2, 0, -2, -2, -2, -2, -6,
    -3, -4, -4, -2, -4, -2, 0, 0,
    0, 0, 0, 0, 0, 0, 0, 0,
    0, 0, 0, -2, -2, -4, 0, 0,
    0, 0, 0, 0, 0, 0, 0, 0,
    0, 0, -4, 0, -6, 0, 0, 0,
    0, 0, 0, 0, 0, 0, 0, 0,
    -2, 0, -6, 0, -2, 0, -6, 0,
    -2, -2, -4, -6, 0, -6, 0, 0,
    0, -3, 0, -2, 0, -2, 0, -2,
    -4, -2, -2, 0, -1, 0, -2, -1,
    -2, 0, -2, 0, 0, 0, 0, 0,
    0, 0, 0, -4, -8, 0, 0, 0,
    -4, 0, -2, -2, 0, 0, 0, 0,
    0, 0, 0, 0, 0, 0, 0, 0,
    0, 0, 0, 0, -2, 0, 0, 0,
    0, 0, 0, 0, 0, 0, -4, -2,
    0, 0, 0, 0, 0, 0, 0, 0,
    0, 0, -3, 0, -4, -4, -2, 0,
    -2, -2, 0, -2, 0, -4, -2, -4,
    -2, -2, -4, 0, 0, 0, 0, 0,
    0, 0, 0, 0, 0, 0, 0, 0,
    0, 0, 0, -4, 0, -2, 0, 0,
    0, 0, 0, 0, 0, 0, 0, 0,
    -10, 0, -12, 0, 0, 0, 0, -4,
    0, 0, 0, 0, 0, 0, 0, 0,
    -12, -2, -17, 0, 0, 0, 0, 0,
    -2, 0, 0, 0, -12, -4, 0, -6,
    -2, -4, -2, 0, -2, -4, -4, -4,
    -2, -4, -4, -2, -4, -4, -2, 0,
    0, -2, 0, 0, 0, 0, 0, 0,
    0, -8, -13, 0, 1, -2, -5, 0,
    0, 0, -6, 0, 0, 0, 0, 0,
    0, 0, 0, -4, 0, -4, 0, 0,
    0, 0, 0, 0, 0, 0, 0, 0,
    0, -4, 0, -2, 0, -2, 0, -5,
    0, -2, -2, -4, -4, -2, -8, -6,
    -3, 0, -1, -2, 0, 0, 0, 0,
    -2, -4, 0, -4, 0, -2, -2, -2,
    -2, 0, 0, 0, 0, 0, 0, 0,
    0, 0, 0, 0, -2, -4, 0, 0,
    0, -2, 0, -4, 0, 0, 0, 0,
    0, 0, 0, 0, 0, 0, 0, 0,
    0, 0, 0, 0, 0, 0, 0, 0,
    0, 0, 0, 0, 0, 0, 0, -2,
    0, 0, 0, 0, -3, 0, 0, 0,
    0, 0, 0, -3, 0, 0, -4, 0,
    0, 0, 0, 0, 0, 0, -2, -2,
    -2, -2, 0, -2, 0, 0, 0, 0,
    0, 0, 0, 0, 0, 0, 0, 0,
    0, 0, 0, 0, -2, 0, 0, 0,
    0, 0, 0, 0, 0, 0, 0, 0,
    0, 0, 0, 0, 0, 0, 0, 0,
    0, 0, 0, 0, 0, 0, 0, 0,
    0, -2, -2, -4, 0, 0, 0, 0,
    0, 0, 0, 0, 0, -4, 0, 0,
    -2, -2, 0, 0, 0, 0, -2, -2,
    0, -3, -2, -2, 0, -2, -1, -2,
    0, 0, 0, 0, 0, 0, 0, 0,
    0, 0, 0, -4, 0, 0, 0, 0,
    0, 0, 0, 0, 0, 0, 0, -2,
    0, 0, 0, 0, 0, 0, 0, 0,
    0, 0, 0, 0, 0, 0, 0, 0,
    0, 0, 0, -4, 0, -6, -2, 0,
    0, 0, 0, 0, 0, 0, 0, 0,
    0, -2, 0, -4, -6, -2, 0, 0,
    0, 0, 0, -2, -8, -4, -9, -6,
    0, -8, 0, -2, -4, -8, 0, 0,
    0, 0, 0, 0, 0, 0, 0, 0,
    0, 0, -4, 0, -2, 0, 0, -10,
    0, 0, 0, -4, 0, 0, 0, 0,
    0, 0, 0, -8, 0, 0, 0, 0,
    0, 0, 0, -6, 0, -12, 0, 0,
    -3, 0, 0, -14, -2, -12, -8, 0,
    -17, 0, -19, 0, 0, 0, 0, -8,
    -2, 0, 0, 0, 0, 0, -2, -9,
    -2, -10, -6, 0, -8, 0, -13, -12,
    0, 0, 0, 0, 0, 0, 0, 0,
    0, 0, 0, 0, 0, -4, 0, -15,
    -12, 0, 0, 0, 0, 0, 0, 0,
    0, 0, -4, 0, -8, 0, 0, 0,
    0, 0, 0, 0, 0, 0, 0, 0,
    -2, 0, -4, -2, -2, 0, -6, 0,
    -6, -2, -7, -8, 0, -8, -12, 0,
    0, 0, 0, 0, -1, 0, -1, 0,
    0, 0, -2, 0, -1, 0, -2, -2,
    0, 0, -2, 0, 0, 0, 0, 0,
    0, 0, 0, -4, -8, 0, -2, -1,
    -2, 0, -2, -2, 0, 0, 0, 0,
    0, 0, 0, 0, 0, -15, 0, -17,
    0, 0, 0, 0, -8, 0, 0, 0,
    0, 0, 0, 0, 0, -13, -2, -25,
    0, 0, 0, 0, 0, -4, -6, 0,
    -4, -19, -4, 1, -7, 0, -5, 0,
    0, 0, 0, 0, -3, 0, -2, 0,
    0, 0, 0, 0, 0, 0, -6, 0,
    0, 0, 0, 0, 0, 0, -13, -21,
    0, 0, 0, -8, 0, 0, 0, -12,
    -4, 0, 0, 0, 0, 0, 0, 0,
    0, 0, 0, 0, -2, 0, 0, -4,
    0, 0, 0, 0, 0, 0, 0, 0,
    0, 0, -2, 0, 0, 0, 0, 0,
    0, -4, 0, -4, 0, -1, 0, -2,
    -2, -2, 0, 0, 0, 0, 0, -2,
    -4, -2, 0, 0, 0, 0, 0, 0,
    -2, 0, 0, 0, 0, 0, 0, 0,
    0, 0, 0, 0, 0, 0, -4, 0,
    0, 0, 0, -6, 0, 0, 0, 0,
    0, 0, 0, 0, 0, -2, 0, 0,
    0, 0, 0, 0, 0, 0, 0, 0,
    0, 0, 0, -2, 0, 0, 0, -2,
    0, -2, -2, -2, -6, 0, 0, 0,
    0, 0, 0, -5, 0, 0, 0, 0,
    0, 0, 0, -5, -3, -3, -2, 0,
    -4, 0, 0, 0, 0, 0, 0, 0,
    0, 0, 0, 0, 0, -2, 0, 0,
    0, 0, 0, 0, 0, 0, 0, 0,
    0, -8, 0, -8, 0, 0, -12, -8,
    -21, -2, 0, 0, 0, -10, 0, -8,
    0, 0, 0, 0, 0, -6, -12, -6,
    -21, -2, 0, 0, 0, 0, 0, 0,
    0, 0, -15, -14, 0, -15, -6, -12,
    -6, 0, -12, -15, -12, -15, -8, -12,
    -12, -13, -8, -12, -8, 0, 0, -8,
    0, 0, 0, 0, -6, 0, 0, 0,
    -17, 0, 1, -8, -6, 0, 0, 0,
    -13, -8, 0, 0, 0, 0, 0, 0,
    0, -2, 0, -2, 0, 0, 0, 0,
    -2, 0, 0, 0, 0, 0, 0, 0,
    0, 0, 0, 0, 0, 0, 0, 0,
    0, 0, 0, 0, 0, -4, 0, 0,
    0, 0, 0, 0, 0, 0, 0, 0,
    0, -2, 0, 0, 0, 0, 0, 0,
    0, 0, 0, 0, 0, 0, 0, 0,
    0, 0, -2, 0, 0, 0, 0, 0,
    0, 0, 0, 0, 0, 0, 0, -6,
    0, -6, 0, 0, -15, -4, -17, -2,
    0, 0, -2, -12, 0, -8, 0, -4,
    -2, 0, 0, -6, -13, -6, -19, 0,
    0, 0, 0, 0, 0, 0, 0, 0,
    -15, -10, 0, -10, -4, -10, -4, 0,
    -8, -6, -6, -9, -2, -7, -2, 0,
    -4, -2, -2, 0, 0, -12, 0, 0,
    -4, 0, 0, 0, 0, 0, -15, 0,
    0, -4, -6, 0, 0, 0, -10, -8,
    0, 0, -4, 0, -2, 0, 0, -12,
    -6, -13, 0, 0, 0, 0, -8, 0,
    -4, 0, 0, 0, -2, 0, -2, -9,
    -2, -13, 0, 0, 0, 0, 0, 0,
    0, 0, 0, -10, -8, 0, -11, -6,
    -10, -4, -2, -8, -6, -6, -8, -4,
    -6, -4, -4, -4, -2, -4, 0, 0,
    -6, 0, 0, 0, 0, 0, 0, 0,
    -12, -12, 0, 0, -4, -6, 0, 0,
    0, -8, -4, 0, 0, 0, 0, -2,
    0, -4, 0, 0, 0, 0, 0, 0,
    0, -4, 0, 0, 0, 0, 0, 0,
    -4, -4, 0, -7, -4, -2, 0, 0,
    0, 0, 0, 0, 0, 0, 0, 0,
    0, -5, -4, -4, 0, 0, -2, -2,
    0, -4, -6, -4, -6, -6, 0, -10,
    0, -6, 0, -8, 0, 0, 0, 0,
    0, 0, 0, 0, 0, 0, 0, 0,
    -4, 0, -6, 0, 0, -8, 0, 0,
    -10, 0, -10, 0, 0, -15, -8, -19,
    0, 0, 0, 0, -15, 0, 0, 0,
    -2, 0, -4, 0, -12, -14, -8, -23,
    -3, 0, 0, 0, 0, 0, 0, -2,
    0, -12, -16, -6, -19, -10, -17, -8,
    0, -13, -13, -13, -16, -8, -14, -10,
    -10, -8, -8, -10, 0, 0, -12, 0,
    0, -2, 0, -6, 0, 0, 0, -19,
    0, -8, -10, -8, 0, 0, 0, -12,
    -8, 0, 0, 0, 0, 0, 0, 0,
    0, 0, 0, 0, 0, 0, 0, -2,
    0, 0, 0, 0, 0, 0, 0, 0,
    0, -4, 0, 0, 0, 0, 0, 0,
    0, 0, 0, 0, 0, 0, 0, -2,
    -2, 0, 0, 0, 0, 0, 0, 0,
    -4, -2, -4, -6, 0, -6, 0, 0,
    0, 0, 0, 0, 0, 0, 0, 0,
    0, 0, 0, 0, 0, 0, -4, 0,
    0, 0, 0, 0, 0, 0, 0, 0,
    0, 0, 0, 0, 0, 0, 0, 0,
    0, 0, 0, 0, 0, 0, 0, 0,
    0, 0, 0, 0, -6, 0, 0, -12,
    -4, -15, -10, 0, -12, 0, 0, 0,
    0, 0, 0, 0, 0, 0, 0, 0,
    0, 0, 0, -2, 0, -8, -4, 0,
    -8, 0, 0, 0, 0, 0, 0, 0,
    0, 0, 0, 0, 0, 0, 0, 0,
    0, 0, 0, 0, 0, 0, 0, 0,
    0, 0, 0, 0, 0, 0, 0, 0,
    0, 0, 0, 0, 0, 0, 0, 0,
    0, 0, 0, 0, 0, 0, 0, -12,
    0, 0, -15, -4, -15, -10, 0, -12,
    0, 0, 0, 0, 0, 0, 0, 0,
    0, 19, 0, 0, 0, 0, -10, -4,
    -10, -6, 0, 0, 0, 0, 0, 0,
    0, 0, 0, 0, 0, 0, 0, 0,
    0, 0, 0, 0, 0, 0, 0, 0,
    0, 0, 0, 0, 0, 0, 0, 0,
    0, 0, 0, 0, 0, 0, 0, 0,
    0, 0, 0, 0, 0, 0, 0, 0,
    0, 0, 0, 0, 0, 0, 0, 0,
    0, 0, 0, 0, -8, 0, -1, 0,
    -1, -2, -1, 0, 0, 0, 0, 0,
    -1, -2, 0, -2, -2, -1, -2, 2,
    0, 0, 0, 0, 0, 0, 0, 0,
    0, 0, 0, 0, 0, 0, 0, 0,
    0, 0, 0, 0, 0, 0, 0, 0,
    0, 0, 0, 0, 0, 0, -4, 0,
    0, 0, 0, 0, 0, 0, 0, 0,
    0, 0, -12, 0, 0, 0, 0, 0,
    0, 0, 0, 0, 0, 0, 0, -12,
    -4, 0, -1, 0, -2, 0, -1, -1,
    -1, -1, -2, -1, -3, -1, -3, -2,
    -3, -4, -2, 0, 0, 0, 0, 0,
    0, 0, 0, 0, 0, 0, 0, 0,
    -1, -1, 0, 0, -2, 0, 0, 0,
    0, 0, 0, 0, 0, 0, 0, 0,
    0, 0, 0, 0, 0, 0, 0, 0,
    0, 0, 0, 0, 0, 0, 0, 0,
    0, 0, 0, 0, 0, 0, 0, 0,
    0, 0, -10, 0, -1, 0, -1, 0,
    -1, 0, -1, 0, -1, -1, 0, -1,
    0, 0, 0, 0, 0, 0, 0, 0,
    0, 0, 0, 0, 0, 0, 0, 0,
    0, 0, 0, 0, 0, 0, 0, 0,
    0, 0, 0, 0, 0, 0, 0, 0,
    0, 0, 0, 0, 0, 0, 0, 0,
    0, 0, 0, 0, 0, 0, 0, 0,
    0, 0, 0, 0, 0, 0, 0, 0,
    0, 0, 0, 0, 0, 0, 0, -1,
    0, -1, 1, -1, 0, 0, 0, 0,
    0, -1, 0, 0, 0, 0, 0, 0,
    3, 0, 0, 0, 0, 0, 0, 0,
    0, 0, 0, 0, 0, 0, 0, 0,
    0, 0, 0, 0, 0, 0, 0, 0,
    0, 0, 0, 0, 0, 0, 0, 0,
    0, 0, 0, 0, 0, 0, 0, 0,
    0, 0, 0, 0, 0, 0, 0, 0,
    0, 0, 0, 0, 0, 0, 0, 0,
    -10, 0, 1, 0, 1, -2, 1, 0,
    0, 0, 0, 0, 1, -3, 0, -2,
    -2, -2, -2, -1, 0, 0, 0, 0,
    0, 0, 0, 0, 0, 0, 0, 0,
    0, 0, 0, 0, 0, 0, 0, 0,
    0, 0, 0, 0, 0, -4, 4, 0,
    -13, 0, -12, 0, 0, 0, 0, 0,
    0, 0, 0, 0, 0, 0, 0, 0,
    0, 0, 0, 0, 0, 0, 0, 0,
    0, 0, 0, 0, -10, -4, 0, -6,
    -4, -5, -2, 0, -2, -2, 0, -4,
    -2, -2, 0, 0, 0, 0, -2, 0,
    0, 0, 0, 0, 0, 0, 0, 0,
    0, -4, 0, 0, 4, -2, -4, 0,
    0, 0, -6, 0, 0, 0, 0, 0,
    0, 0, 0, 0, 0, 0, 0, 0,
    0, 0, 0, -2, 0, 0, 0, 0,
    0, 0, 0, 0, 0, 0, 0, 0,
    0, 0, 0, 0, 0, 0, -6, 0,
    -1, 0, -1, 0, -1, 0, 2, 0,
    0, 0, -1, -1, -1, 0, 0, 0,
    0, 2, 0, 0, 0, 0, 0, 0,
    0, 0, 0, 0, 0, 0, 0, 0,
    0, 0, 0, 0, 0, 0, 0, 0,
    0, 0, 0, 0, 0, 0, 0, 0,
    0, 0, 0, 0, 0, 0, 0, 0,
    0, 0, 0, 0, -4, 0, 0, 0,
    0, 0, -6, 0, -6, -2, 0, -8,
    0, -10, 0, -1, 0, 0, -2, -1,
    0, 0, 0, 0, 0, -1, -5, 0,
    -4, -2, -1, -2, 0, 0, 0, 0,
    0, 0, 0, 0, 0, 0, 0, 0,
    0, 0, 0, 0, 0, 0, -6, -4,
    0, 0, 0, 0, 0, 0, 0, 0,
    0, 0, 0, 0, 0, 0, 0, 0,
    0, 0, 0, 0, 0, 0, 0, 0,
    0, 0, 0, 0, 0, 0, 0, 0,
    0, 0, 0, 0, 0, 0, -1, 0,
    -1, 0, -1, 0, 0, 0, 0, 0,
    0, -1, 0, 0, 0, 0, 0, 0,
    0, 0, 0, 0, 0, 0, 0, 0,
    0, 0, 0, 0, 0, 0, 0, 0,
    0, 0, 0, 0, 0, 0, 0, 0,
    0, 0, 0, 0, 0, 0, 0, 0,
    0, 0, 0, 0, 0, 0, 0, 0,
    0, 0, 0, 0, 0, 0, 0, 0,
    0, 0, 0, 0, 0, 0, 0, 0,
    0, -1, 0, -1, 1, -1, 0, 4,
    0, 0, 0, -1, 0, 0, 0, 0,
    0, 0, 3, 0, 0, 0, 0, 0,
    0, 0, 0, 0, 0, 0, 0, 0,
    0, 0, -2, 0, 0, 0, 0, 0,
    0, 0, 0, 0, 0, 0, 0, 0,
    0, 0, 0, 0, 0, 0, 0, 0,
    0, 0, 0, 0, 0, 0, 0, 0,
    0, 0, 0, 0, 0, 0, 0, 0,
    0, 0, -6, 0, -2, 0, -3, 0,
    -2, 0, 0, 0, 0, 0, -2, 0,
    0, 0, 0, 0, 0, 0, 0, 0,
    -8, 0, 0, 0, 0, 0, 0, 0,
    0, 0, 0, 0, 0, -2, 0, 0,
    0, 0, 0, 0, 0, 0, 0, 0,
    0, 0, 0, 0, 0, 0, 0, 0,
    0, 0, 0, 0, 0, 0, 0, 0,
    0, 0, 0, 0, 0, 0, 0, 0,
    0, 0, 0, 0, 0, 0, 0, -1,
    0, -1, 0, -1, 0, 0, 0, 0,
    0, -1, 1, 0, 0, 0, 0, 0,
    2, 0, 0, 0, 0, 0, 0, 0,
    0, 0, 0, 0, 0, 0, 0, 0,
    0, 0, 0, 0, 0, 0, 0, 0,
    0, 0, 0, 0, 0, 0, 0, -4,
    0, 0, 0, 0, 0, 0, 0, 0,
    0, 0, 0, -8, 0, 0, 0, 0,
    0, 0, 0, 0, 0, 0, 0, 0,
    -12, 0, 0, -1, 0, -3, 0, -2,
    -1, -2, -1, -2, -1, -3, -1, -2,
    -2, -2, -4, -2, 0, 0, 0, 0,
    0, 0, 0, -4, 0, 0, 0, 0,
    0, -2, -2, 0, 0, -10, 0, 0,
    0, 0, 0, 0, 0, 0, 0, 0,
    0, 0, -4, 0, 0, 0, 0, 0,
    0, 0, 0, 0, 0, 0, -6, 0,
    0, 0, 0, 0, 0, 0, 0, 0,
    0, 0, 0, -12, -4, 0, -2, 0,
    -3, 0, -1, -1, -1, -2, -1, -1,
    -4, -1, -2, -2, -2, -4, -2, 0,
    0, 0, 0, 0, 0, 0, 0, 0,
    0, -6, 0, 0, -1, -1, 0, 0,
    -4, 0, 0, 0, 0, 0, 0, 0,
    0, 0, 0, 0, 0, 0, 0, 0,
    0, 0, 0, 0, 0, 0, 0, 0,
    0, 0, 0, 0, 0, 0, 0, 0,
    0, 0, 0, 0, 0, 0, 0, 0,
    -1, 0, -1, 1, -1, 0, 7, 0,
    0, 0, -1, 1, 0, 0, 0, 0,
    0, 3, 0, 0, 0, 0, 0, 0,
    0, 0, 0, 0, 0, 0, 0, 0,
    0, 0, 0, 0, 0, 0, 0, 0,
    0, 0, 0, 0, 0, 0, -17, 0,
    -13, 0, 0, 0, 0, 0, 0, 0,
    0, 0, 0, 0, 0, 0, 0, 0,
    0, 0, 0, 0, 0, 0, 0, 0,
    0, 0, -10, -4, 1, -6, 0, -5,
    0, 0, 0, 0, 0, -4, 2, 0,
    2, 2, 2, 2, -2, 0, 0, -2,
    0, 0, 0, 0, 0, 0, 0, -8,
    0, 0, 0, 0, -6, 0, 0, 0,
    -10, 0, 0, 0, 0, 0, 0, 0,
    0, 0, 0, 0, 0, 0, 0, 0,
    0, 0, 0, 0, 0, 0, 0, 0,
    0, 0, 0, 0, 0, 0, 0, 0,
    0, 0, 0, 0, -12, 0, 1, 0,
    1, 0, 1, -1, -1, -1, -1, -1,
    0, -1, 0, 0, 0, 0, 0, 0,
    0, 0, 0, 0, 0, 0, 0, 0,
    0, 0, 0, 0, 0, -1, -1, 0,
    0, 0, 0, 0, 0, 0, 0, 0,
    0, 0, 0, 0, 0, 0, 0, 0,
    0, 0, 0, 0, 0, 0, 0, 0,
    0, 0, 0, 0, 0, 0, 0, 0,
    0, 0, 0, 0, 0, 0, 0, -6,
    0, -2, 1, -1, 2, -1, 1, 0,
    1, 1, 0, 2, -1, 0, 1, 3,
    3, 1, 2, 0, 0, -2, 0, 0,
    0, 0, 0, 0, 0, 0, 0, 0,
    0, 1, -2, 0, 0, 0, 0, 0,
    0, 0, 0, 0, 0, 0, 0, 0,
    0, -2, 0, 0, 0, 0, 0, 0,
    0, 0, 0, 0, 0, 0, 0, 0,
    0, 0, 0, 0, 0, 0, 0, 0,
    0, 0, -8, 0, -1, 0, -1, 1,
    -1, 0, 0, 0, 0, 0, -1, 1,
    0, 0, 0, 0, 0, 3, 0, 0,
    0, 0, 0, 0, 0, 0, 0, 0,
    0, 0, 0, 0, 0, 0, 0, 0,
    0, 0, 0, 0, 0, 0, 0, 0,
    0, 0, -10, 0, -10, 0, 0, 0,
    0, 0, 0, 0, 0, 0, 0, 0,
    0, 0, 0, 0, 0, 0, 0, 0,
    0, 0, 0, 0, 0, 0, -10, -2,
    0, -3, 0, -3, 0, 0, 0, 0,
    0, -2, 0, 0, 0, 0, 0, 0,
    0, 0, 0, 0, 0, 0, 0, 0,
    0, 0, 0, -6, 0, 0, 0, 0,
    -4, 0, 0, 0, -10, 0, 0, 0,
    0, 0, 0, 0, 0, -6, 0, -8,
    0, 0, 0, 0, 0, 0, 0, 0,
    0, 0, 0, 0, 0, 0, 0, 0,
    0, 0, 0, 0, 0, 0, 0, 0,
    0, -6, -2, 0, -2, 0, -2, 0,
    0, 0, 0, 0, 0, 0, 0, 0,
    0, 0, 0, 0, 0, 0, 0, 0,
    0, 0, 0, 0, 0, 0, 0, 0,
    0, 0, 0, -2, 0, 0, 0, -6,
    0, 0, 0, 0, 0, 0, 0, 0,
    0, 0, 0, 0, 0, 0, 0, 0,
    0, 0, 0, 0, 0, 0, 0, 0,
    0, 0, 0, 0, 0, 0, 0, 0,
    0, 0, 0, -6, 0, -2, 0, -3,
    0, -3, 0, 0, 0, 0, 0, -3,
    0, 0, 0, 0, 0, 0, 0, 0,
    0, -6, 0, 0, 0, 0, 0, 0,
    0, 0, 0, 0, 0, 0, -2, 0,
    0, 0, 0, 0, 0, 0, 0, 0,
    -4, 0, 0, -13, 0, -13, 0, 0,
    0, 0, 0, 0, 0, 0, 0, 0,
    0, 0, 0, 0, 0, 0, 0, 0,
    0, 0, 0, 0, 0, 0, -4, -12,
    -5, -2, -4, 0, -4, 0, 0, 0,
    0, 0, -2, 0, 0, 0, 0, 0,
    0, 0, 0, 0, 0, 0, 0, 0,
    0, 0, 0, 0, -12, 0, 0, 0,
    0, -6, 0, 0, 0, -10, 0, 0,
    0, 0, 0, 0, 0, 0, 0, 0,
    0, 0, 0, 0, 0, 0, 0, 0,
    0, 0, 0, 0, 0, 0, 0, 0,
    0, 0, 0, 0, 0, 0, 0, 0,
    0, -6, 0, -2, 2, -2, 0, -2,
    2, 2, 0, 2, 0, 0, 0, 0,
    0, 0, 0, 0, 0, 0, 0, 0,
    0, 0, 0, 0, 0, 0, 0, 0,
    0, 0, 1, 1, 0, 0, 0, 0,
    0, 0, 0, 0, 0, 0, 0, 0,
    0, 0, 0, 0, 0, 0, 0, 0,
    0, 0, 0, 0, 0, 0, 0, 0,
    0, -4, 0, -15, 0, 0, 0, 0,
    0, 0, 0, 0, 0, 0, 0, 0,
    0, 0, 0, 0, 0, 0, 0, 0,
    0, 0, 0, 0, 0, 0, 0, 0,
    0, 0, 0, 0, 0, 0, 0, 0,
    0, 0, 0, 0, 0, 0, 0, 0,
    0, 0, 0, 0, 0, 0, 0, 0,
    0, 0, 0, 0, 0, 0, 0, 0,
    0, 0, 0, 0, 0, 0, 0, 0,
    0, 0, 0, 0, 0, 0, 0, 0,
    -6, 0, 0, 0, 0, -6, 0, 0,
    0, 0, 0, -4, 0, 0, 0, -4,
    0, 0, 0, 0, 0, 0, 0, 0,
    0, 0, 0, 0, 0, 0, 0, 0,
    0, 0, 0, 0, 0, 0, 0, 0,
    0, 0, -6, 0, 0, 0, 0, 0,
    0, 0, 0, 0, 0, 0, 0, 0,
    0, 0, 0, 0, 0, 0, 0, 0,
    0, 0, 0, 0, 0, 0, 0, 0,
    0, 0, 0, 0, 0, -4, 0, 0,
    -2, 0, 0, 0, 0, 0, 0, 0,
    0, 0, 0, 0, 0, 0, 0, 0,
    0, 0, 0, 0, 0, 0, 0, 0,
    0, 0, 0, 0, 0, 0, 0, 0,
    0, 0, 0, 0, 0, 0, 0, 0,
    0, 0, 0, 0, 0, 0, 0, 0,
    0, 0, 0, 0, 0, 0, 0, 0,
    0, 0, 0, 0, 0, 0, 0, 0,
    0, 0, 0, 0, 0, 0, -8, 0,
    -12, -6, -6, -13, 0, 0, 0, 0,
    0, 0, 0, 0, 0, -2, 0, 0,
    0, 0, 0, 0, 0, 0, -6, -6,
    0, 0, 0, 0, 0, 0, 0, 0,
    0, 0, 0, 0, 0, 0, 0, 0,
    0, 0, 0, 0, 0, 0, 0, 0,
    0, 0, 0, 0, 0, 0, 0, 0,
    -10, 0, 0, 0, 0, 0, 0, 0,
    0, 0, 0, 0, 0, 0, -10, -6,
    0, -17, -8, -19, -17, 0, -21, -4,
    0, 0, -6, 0, -12, -12, 0, -8,
    0, -8, 0, 0, -10, -12, -8, -12,
    -10, -8, -8, 0, 0, 0, 0, 0,
    0, 0, 0, 0, 0, 0, 0, 0,
    0, -8, -8, -10, 0, 0, 0, 0,
    0, 0, 0, 0, 0, 0, 0, 0,
    0, 0, 0, 0, 0, 0, 0, 0,
    0, 0, 0, 0, 0, 0, 0, 0,
    0, -2, 0, 0, 0, 0, -3, 0,
    0, 0, 0, 0, 0, -3, 0, 0,
    -4, 0, 0, 0, 0, 0, 0, 0,
    -2, -2, -2, -2, 0, -2, 0, 0,
    0, 0, 0, 0, 0, 0, 0, 0,
    0, 0, 0, 6, 0, 0, -2, 0,
    0, 0, 0, 0, 0, 0, 0, 0,
    0, 0, 0, -8, 0, -8, 0, 0,
    0, 0, 0, 0, 0, 0, 0, 0,
    0, -4, 0, -6, 0, -4, 0, -4,
    0, -2, 0, -4, -8, 0, -8, -15,
    0, 0, 0, 0, 0, 0, 0, 0,
    0, 0, 0, 0, 0, 0, 0, 0,
    0, 0, 0, 0, 0, 0, 0, 0,
    0, 0, 0, 0, -4, -10, 0, 0,
    0, 0, 0, 0, 0, -10, 0, 0,
    0, 0, 0, 0, 0, 0, -4, 0,
    0, 0, 0, 0, 0, 0, 0, 0,
    0, 0, 0, 0, 0, 0, 0, 0,
    0, 0, 0, 0, 0, 0, 0, 0,
    0, 0, -4, 0, 0, 0, -2, 0,
    0, 0, 0, 0, 0, 0, -2, 0,
    -2, 0, -2, -2, 0, 0, 0, 0,
    0, 0, 0, 0, 0, 0, 0, 0,
    0, 0, 0, 0, 0, 0, 0, 0,
    0, 0, 0, 0, 0, 0, 0, 0,
    0, 0, 0, 0, 0, 0, 0, 0,
    0, 0, 0, 0, 0, 0, 0, 0,
    0, 0, 0, 0, 0, 0, 0, 0,
    0, 0, 0, 0, 0, 0, -1, 0,
    -1, 0, -1, 0, 0, 0, 0, 0,
    0, -1, 0, 0, 0, 0, 0, 0,
    0, 0, 0, 0, 0, 0, 0, 0,
    0, 0, 0, 0, 0, 8, 0, 0,
    0, 0, 0, 0, 0, 0, 0, 0,
    0, 0, 0, 0, 0, 0, 0, 0,
    0, 0, 0, 0, 0, 0, 0, 0,
    0, 0, -4, 0, 0, 0, 0, 0,
    0, 0, 0, 0, 0, 0, 0, 0,
    0, 0, 0, 0, 0, 0, 0, 0,
    0, 0, 0, 0, -2, 0, 0, 0,
    0, 0, 0, 0, 0, 0, 0, 0,
    0, 0, 0, 0, 0, 0, 0, 0,
    0, 0, 0, 0, 0, 0, 0, 0,
    0, 0, 0, 0, 0, 0, 0, 0,
    0, 0, 0, 0, 0, 0, 0, 0,
    0, 0, 0, 0, 0, 0, 0, 0,
    0, 0, 0, 0, 0, 0, 0, 0,
    0, 0, 0, 0, -1, 0, -1, -1,
    -1, 0, 0, 0, 0, 0, -1, -2,
    0, 0, 0, 0, 0, 0, 0, 0,
    0, 0, 0, 0, 0, 0, 0, 0,
    0, 0, 0, 0, 0, 0, 0, 0,
    0, 0, 0, 0, 0, 0, 0, 0,
    0, 0, 0, 0, 0, 0, 0, 0,
    0, 0, 0, 0, 0, 0, 0, 0,
    0, 0, 0, 0, 0, 0, 0, 0,
    0, 0, 0, 0, 0, 0, 0, 0,
    0, 0, 0, 0, 0, 0, 0, 0,
    0, 0, 0, 0, 0, 0, 0, 0,
    0, 0, 0, 0, 0, 0, 0, 0,
    0, 0, 0, 0, 0, 0, 0, 0,
    0, -4, 0, 0, 0, 0, 0, 0,
    0, 0, 0, 0, 0, 0, 0, 0,
    0, 0, 0, 0, 0, 0, 0, 0,
    0, 0, 0, 0, 0, 0, 0, 0,
    0, 0, 0, 0, 0, 0, 0, 0,
    0, 0, 0, 0, 0, 0, 0, 0,
    0, 0, 0, 0, 0, 0, 0, 0,
    0, 0, 0, 0, 0, 0, 0, 0,
    0, 0, 0, 0, 0, 0, 0, 0,
    0, 0, 0, 0, -10, 0, 0, 0,
    0, 0, 0, 0, 0, 0, 0, 0,
    0, 0, 0, 0, 0, 0, 0, -13,
    0, -8, 0, 0, 0, 0, 0, 0,
    -12, -2, -15, 0, 0, 0, 0, 0,
    0, 0, 0, 0, 0, 0, 0, -12,
    0, -6, 0, 0, 0, -4, 0, -8,
    0, 0, 0, 0, 0, 0, 0, 0,
    0, 0, 0, 0, 0, 0, 0, 0,
    0, 0, -23, 0, 0, 0, 0, 0,
    -4, 0, 0, 0, 0, 0, 0, 0,
    0, 0, 0, 0, 0, 0, 0, 0,
    0, 0, 0, 0, 0, 0, 0, 0,
    0, 0, 0, -12, -6, -10, 0, 0,
    0, 0, 0, 0, 0, 0, 0, 0,
    0, 0, -10, -6, -8, -6, 0, -6,
    -8, -6, -10, -4, -8, -6, -4, 0,
    -4, 0, 0, 0, 0, 0, 0, 0,
    0, 0, 0, 0, 0, -23, 0, -6,
    -6, 0, 0, 0, -6, 0, 0, 0,
    0, 0, 0, 0, 0, 0, 0, 0,
    0, 0, -13, 0, 0, 0, 0, 0,
    0, 0, 0, 0, 0, 0, 0, 0,
    0, 0, -13, 0, -8, -8, 0, -12,
    0, 0, 0, 0, 0, 0, -6, 0,
    0, 0, 0, 0, 0, 0, -8, 0,
    -8, -8, 0, -10, 0, 0, 0, 0,
    0, 0, 0, 0, 0, 0, 0, 0,
    0, 0, 0, 0, 0, 0, 0, -4,
    -10, 0, 0, 0, 0, 0, 0, 0,
    0, 0, 0, 0, 0, 0, 0, 0,
    0, 0, 0, 0, 0, 0, 0, 0,
    0, -8, 0, 0, 0, -8, 0, -6,
    -4, -6, -8, 0, 0, 0, 0, 0,
    0, 0, 0, 0, 0, 0, 0, 0,
    0, 0, 0, 0, 0, 0, 0, 0,
    0, 0, 0, 0, 0, 0, 0, 0,
    0, 0, 0, 0, 0, 0, 0, 0,
    0, 0, 0, 0, 0, 0
};


/*Collect the kern class' data in one place*/
static const lv_font_fmt_txt_kern_classes_t kern_classes =
{
    .class_pair_values   = kern_class_values,
    .left_class_mapping  = kern_left_class_mapping,
    .right_class_mapping = kern_right_class_mapping,
    .left_class_cnt      = 90,
    .right_class_cnt     = 75,
};

/*--------------------
 *  ALL CUSTOM DATA
 *--------------------*/

#if LVGL_VERSION_MAJOR == 8
/*Store all the custom data of the font*/
static  lv_font_fmt_txt_glyph_cache_t cache;
#endif

#if LVGL_VERSION_MAJOR >= 8
static const lv_font_fmt_txt_dsc_t font_dsc = {
#else
static lv_font_fmt_txt_dsc_t font_dsc = {
#endif
    .glyph_bitmap = glyph_bitmap,
    .glyph_dsc = glyph_dsc,
    .cmaps = cmaps,
    .kern_dsc = &kern_classes,
    .kern_scale = 16,
    .cmap_num = 6,
    .bpp = 8,
    .kern_classes = 1,
    .bitmap_format = 0,
#if LVGL_VERSION_MAJOR == 8
    .cache = &cache
#endif
};



/*-----------------
 *  PUBLIC FONT
 *----------------*/

/*Initialize a public general font descriptor*/
#if LVGL_VERSION_MAJOR >= 8
const lv_font_t ProductSansRegular_12 = {
#else
lv_font_t ProductSansRegular_12 = {
#endif
    .get_glyph_dsc = lv_font_get_glyph_dsc_fmt_txt,    /*Function pointer to get glyph's data*/
    .get_glyph_bitmap = lv_font_get_bitmap_fmt_txt,    /*Function pointer to get glyph's bitmap*/
    .line_height = 15,          /*The maximum line height required by the font*/
    .base_line = 3,             /*Baseline measured from the bottom of the line*/
#if !(LVGL_VERSION_MAJOR == 6 && LVGL_VERSION_MINOR == 0)
    .subpx = LV_FONT_SUBPX_NONE,
#endif
#if LV_VERSION_CHECK(7, 4, 0) || LVGL_VERSION_MAJOR >= 8
    .underline_position = -5,
    .underline_thickness = 1,
#endif
    .dsc = &font_dsc,          /*The custom font data. Will be accessed by `get_glyph_bitmap/dsc` */
#if LV_VERSION_CHECK(8, 2, 0) || LVGL_VERSION_MAJOR >= 9
    .fallback = NULL,
#endif
    .user_data = NULL,
};



#endif /*#if PRODUCTSANSREGULAR_12*/

